t,score,true_label,status,CPU / Load,Memory,Disk,Network
0,0.9939,0,WARNING,13.6,7.9,20.8,6.7
1,0.9983,0,WARNING,13.5,7.4,20.0,5.6
2,0.9938,0,WARNING,13.3,8.3,22.1,8.3
3,0.9936,0,WARNING,13.1,7.5,18.8,6.1
4,0.9938,0,WARNING,12.9,6.8,18.1,7.3
5,0.9983,0,WARNING,13.3,7.9,21.1,6.7
6,0.9938,0,WARNING,13.0,7.3,19.0,8.0
7,0.9938,0,WARNING,13.1,8.2,23.2,7.6
8,0.9932,0,WARNING,13.9,6.9,16.3,6.1
9,0.9993,0,WARNING,17.1,9.5,24.8,11.4
10,1.0,0,ANOMALY,18.1,17.5,28.1,16.4
11,0.9984,0,WARNING,17.4,9.7,27.4,9.9
12,0.9936,0,WARNING,15.8,9.3,27.0,12.1
13,0.9984,0,WARNING,13.0,6.6,18.4,5.7
14,0.9984,0,WARNING,12.7,6.6,18.0,5.2
15,0.9983,0,WARNING,12.4,5.8,17.6,5.7
16,0.9936,0,WARNING,13.4,9.3,21.9,7.3
17,0.9937,0,WARNING,13.5,9.6,24.0,9.1
18,0.9937,0,WARNING,13.2,7.7,21.0,8.0
19,0.9935,0,WARNING,13.2,8.0,21.6,7.5
20,0.9984,0,WARNING,13.4,8.8,23.3,7.6
21,0.9984,0,WARNING,13.0,8.4,23.5,7.5
22,0.9936,0,WARNING,13.4,8.8,22.2,8.5
23,0.9984,0,WARNING,13.3,8.5,23.1,7.8
24,0.9984,0,WARNING,13.4,9.0,23.6,7.3
25,0.9984,0,WARNING,13.1,8.1,21.0,6.9
26,0.9937,0,WARNING,13.2,8.7,23.4,9.3
27,0.9935,0,WARNING,13.1,8.6,22.5,8.0
28,0.9936,0,WARNING,13.2,8.5,22.8,7.9
29,0.9936,0,WARNING,13.2,8.9,23.3,8.1
30,0.9937,0,WARNING,13.3,8.1,21.0,7.3
31,0.9937,0,WARNING,13.6,8.3,23.7,9.0
32,0.9936,0,WARNING,13.3,8.7,21.5,8.1
33,0.9936,0,WARNING,13.3,8.7,21.3,7.2
34,0.9983,0,WARNING,13.0,8.2,23.0,6.7
35,0.9936,0,WARNING,12.8,6.7,18.0,7.1
36,0.9983,0,WARNING,12.9,7.7,21.3,6.7
37,0.9935,0,WARNING,13.1,8.3,21.2,7.3
38,0.9935,0,WARNING,13.3,8.5,23.3,9.4
39,0.9984,0,WARNING,13.8,8.8,22.8,6.8
40,0.9984,0,WARNING,12.7,6.0,14.6,4.4
41,0.9935,0,WARNING,12.7,8.1,23.0,8.4
42,0.9934,0,WARNING,12.9,8.6,21.0,8.1
43,0.9934,0,WARNING,12.7,8.1,21.7,8.4
44,0.9983,0,WARNING,12.9,8.5,22.2,7.0
45,0.9983,0,WARNING,13.0,8.3,21.0,6.0
46,0.9935,0,WARNING,12.9,8.1,22.9,8.9
47,0.9984,0,WARNING,13.0,8.3,22.2,6.5
48,0.9983,0,WARNING,12.9,8.2,21.7,6.7
49,0.9983,0,WARNING,13.1,8.8,23.3,7.1
50,0.9935,0,WARNING,13.1,8.9,22.6,8.5
51,0.9984,0,WARNING,12.9,8.0,20.8,7.0
52,0.9935,0,WARNING,12.7,8.4,22.6,8.2
53,0.9984,0,WARNING,12.9,8.3,21.2,7.2
54,0.9933,0,WARNING,13.3,8.6,22.8,8.5
55,0.9934,0,WARNING,13.6,8.0,22.3,8.1
56,0.9934,0,WARNING,13.6,7.9,20.5,7.1
57,0.9983,0,WARNING,13.1,7.6,20.9,6.4
58,0.9932,0,WARNING,13.1,7.7,21.6,8.4
59,0.9933,0,WARNING,13.2,8.3,21.3,8.7
60,0.9933,0,WARNING,12.8,7.9,22.5,8.5
61,0.9932,0,WARNING,12.9,8.2,22.7,8.7
62,0.9931,0,WARNING,13.2,8.6,21.9,8.2
63,0.9933,0,WARNING,13.5,7.4,19.1,6.7
64,0.9933,0,WARNING,13.3,7.8,22.8,8.0
65,0.9931,0,WARNING,13.5,7.7,20.3,7.0
66,0.9983,0,WARNING,13.6,7.9,22.6,7.3
67,0.9932,0,WARNING,14.1,8.8,23.1,8.1
68,0.9927,0,WARNING,14.3,7.8,22.8,8.7
69,0.9893,0,WARNING,17.0,9.0,22.9,10.8
70,1.0,0,ANOMALY,20.9,19.9,37.8,22.7
71,0.9933,0,WARNING,16.6,8.7,25.8,10.0
72,0.9977,0,WARNING,15.4,9.2,27.3,12.4
73,0.9985,0,WARNING,14.1,8.5,23.0,7.6
74,0.9931,0,WARNING,13.9,8.1,22.2,8.0
75,0.993,0,WARNING,14.0,7.9,22.1,8.4
76,0.993,0,WARNING,13.7,8.0,23.2,8.7
77,0.9928,0,WARNING,12.8,5.1,13.1,5.4
78,0.9983,0,WARNING,13.4,7.6,20.5,6.7
79,0.9931,0,WARNING,13.5,8.3,23.2,8.7
80,0.9931,0,WARNING,13.8,7.9,20.6,7.6
81,0.9931,0,WARNING,13.3,6.0,17.8,6.3
82,0.993,0,WARNING,13.5,8.0,22.9,8.7
83,0.9928,0,WARNING,13.5,7.0,18.1,6.5
84,0.9983,0,WARNING,13.7,7.6,22.3,6.5
85,0.9929,0,WARNING,13.6,7.5,20.9,7.5
86,0.9929,0,WARNING,13.3,6.8,19.7,7.7
87,0.9931,0,WARNING,13.4,7.9,22.4,8.4
88,0.9927,0,WARNING,13.0,6.4,16.4,6.2
89,0.993,0,WARNING,13.2,7.4,21.6,7.6
90,0.993,0,WARNING,13.4,7.8,22.3,8.4
91,0.9931,0,WARNING,13.1,6.5,18.3,5.8
92,0.9983,0,WARNING,14.2,8.1,22.8,7.2
93,0.9929,0,WARNING,13.8,8.6,22.9,7.8
94,0.9929,0,WARNING,13.8,6.8,20.1,7.7
95,0.9929,0,WARNING,13.9,8.2,23.3,8.6
96,0.9984,0,WARNING,14.0,8.0,22.9,7.5
97,0.9984,0,WARNING,13.8,7.7,22.3,7.0
98,0.9928,0,WARNING,13.6,8.2,23.0,8.5
99,0.9929,0,WARNING,14.0,8.0,22.9,8.6
100,0.993,0,WARNING,13.6,7.5,21.0,8.3
101,0.9929,0,WARNING,13.4,8.2,22.7,8.5
102,0.993,0,WARNING,13.6,8.2,21.3,7.4
103,0.9929,0,WARNING,13.5,7.9,23.0,8.6
104,0.9929,0,WARNING,13.3,8.4,23.4,8.7
105,0.9984,0,WARNING,13.6,8.5,23.5,7.8
106,0.9928,0,WARNING,13.5,8.2,23.2,8.7
107,0.9984,0,WARNING,13.3,7.8,21.3,6.2
108,0.9929,0,WARNING,13.1,8.0,23.1,8.8
109,0.9984,0,WARNING,13.1,8.4,24.5,7.8
110,0.9928,0,WARNING,13.3,8.6,24.3,9.1
111,0.9928,0,WARNING,13.5,10.0,25.5,9.5
112,0.9984,0,WARNING,13.2,8.2,23.0,7.1
113,0.9984,0,WARNING,13.1,8.0,23.0,6.6
114,0.9927,0,WARNING,13.2,8.0,23.5,7.6
115,0.9927,0,WARNING,13.4,8.6,24.2,9.1
116,0.9984,0,WARNING,13.8,8.3,22.6,7.1
117,0.9927,0,WARNING,13.8,7.9,23.8,9.1
118,0.9926,0,WARNING,13.5,8.4,23.6,8.8
119,0.9926,0,WARNING,13.8,7.5,23.8,8.3
120,0.9927,0,WARNING,13.6,7.6,23.6,8.9
121,0.9928,0,WARNING,13.4,7.5,22.9,8.6
122,0.9927,0,WARNING,13.9,8.4,24.3,9.0
123,0.9984,0,WARNING,13.5,7.7,24.9,7.9
124,0.9984,0,WARNING,13.5,7.9,23.4,7.2
125,0.9926,1,WARNING,13.2,7.6,24.1,9.0
126,0.9926,1,WARNING,13.1,7.2,20.7,7.1
127,0.9926,1,WARNING,13.0,6.6,20.6,7.7
128,0.992,1,WARNING,14.0,6.8,21.0,7.8
129,0.9916,1,WARNING,16.6,8.8,21.6,9.9
130,1.0,1,ANOMALY,19.0,17.1,32.0,17.7
131,0.9993,1,WARNING,18.1,8.7,33.5,16.4
132,0.9985,1,WARNING,15.0,9.1,21.8,6.7
133,0.9926,1,WARNING,13.4,7.0,20.9,8.0
134,0.9984,1,WARNING,12.7,5.0,14.2,4.3
135,0.9925,1,WARNING,13.4,7.2,22.9,8.4
136,0.9925,1,WARNING,13.6,7.7,23.4,8.6
137,0.9926,1,WARNING,13.0,6.9,21.2,6.7
138,0.9925,1,WARNING,13.3,7.1,20.5,7.7
139,0.9925,1,WARNING,13.2,6.7,20.6,7.9
140,0.9925,1,WARNING,13.0,6.9,19.9,7.5
141,0.9925,1,WARNING,13.1,7.4,21.3,7.6
142,0.9925,1,WARNING,12.9,7.1,20.6,7.2
143,0.9925,1,WARNING,12.7,6.6,21.3,7.4
144,0.9925,1,WARNING,12.6,7.2,21.0,6.6
145,1.0,1,ANOMALY,13.5,20.2,20.7,6.6
146,0.9924,1,WARNING,12.4,7.2,20.6,7.1
147,0.9924,1,WARNING,12.3,6.7,20.7,8.0
148,0.9925,1,WARNING,12.6,7.1,21.6,8.2
149,0.9924,1,WARNING,12.4,6.7,20.8,6.6
150,0.9924,1,WARNING,12.4,6.4,21.1,8.0
151,0.9924,0,WARNING,12.4,7.1,21.0,7.3
152,0.9924,0,WARNING,12.4,7.2,21.3,7.3
153,0.9983,0,WARNING,12.1,6.6,20.6,5.9
154,0.9983,0,WARNING,12.4,7.0,21.1,6.6
155,0.9924,0,WARNING,12.2,7.0,20.3,7.2
156,0.9983,0,WARNING,12.5,6.8,21.5,6.7
157,0.9924,0,WARNING,12.1,6.6,21.2,7.3
158,0.9924,0,WARNING,12.3,6.7,20.6,7.7
159,0.9923,0,WARNING,12.2,7.1,21.4,8.0
160,0.9923,0,WARNING,12.0,6.6,19.6,7.3
161,0.9983,0,WARNING,12.2,7.1,21.4,6.2
162,0.9923,0,WARNING,12.0,7.1,20.6,7.5
163,0.9983,0,WARNING,11.8,6.9,20.8,6.5
164,0.9923,0,WARNING,12.0,6.4,20.7,7.7
165,0.9923,0,WARNING,12.2,6.8,20.6,8.1
166,0.9923,0,WARNING,12.1,6.9,20.3,7.6
167,0.9983,0,WARNING,12.3,7.1,21.4,6.8
168,0.9923,0,WARNING,12.9,6.6,20.4,7.0
169,0.9922,0,WARNING,12.5,6.2,20.8,7.4
170,0.9923,0,WARNING,13.1,6.8,20.5,7.1
171,0.9923,0,WARNING,13.0,7.0,20.8,7.4
172,0.9923,0,WARNING,13.0,6.6,20.5,7.8
173,0.9923,0,WARNING,13.3,6.3,21.5,7.7
174,0.9983,0,WARNING,13.3,7.1,20.8,6.0
175,0.9923,0,WARNING,13.4,6.9,21.0,7.8
176,0.9983,0,WARNING,13.1,6.4,20.8,6.2
177,0.9922,0,WARNING,13.5,6.4,21.1,8.1
178,0.9983,0,WARNING,13.7,7.1,20.7,6.5
179,0.9922,0,WARNING,13.3,6.7,21.1,7.9
180,0.9922,0,WARNING,13.4,6.3,21.0,7.3
181,0.9922,0,WARNING,14.0,6.9,20.6,7.8
182,0.9922,0,WARNING,14.0,7.2,20.5,7.8
183,0.9922,0,WARNING,14.0,6.6,20.7,7.9
184,0.9983,0,WARNING,14.2,6.8,21.2,5.9
185,0.9922,0,WARNING,14.0,7.3,20.8,7.8
186,0.9922,0,WARNING,13.9,6.9,21.5,7.6
187,0.9922,0,WARNING,13.7,6.6,21.1,6.8
188,0.9917,0,WARNING,14.4,7.2,21.0,7.9
189,0.989,0,WARNING,15.8,8.5,21.4,9.1
190,1.0,0,ANOMALY,19.4,14.1,34.3,19.4
191,0.9977,0,WARNING,17.2,11.6,28.6,11.4
192,0.9996,0,WARNING,15.6,9.2,25.1,11.9
193,0.9922,0,WARNING,14.1,7.2,21.0,7.9
194,0.9922,0,WARNING,13.4,5.6,16.4,6.5
195,0.9922,0,WARNING,13.5,6.6,20.3,7.7
196,0.9921,0,WARNING,13.9,8.2,24.8,9.3
197,0.9921,0,WARNING,13.5,7.1,20.9,7.3
198,0.9921,0,WARNING,13.3,6.4,19.8,7.4
199,0.9921,0,WARNING,13.5,7.2,21.7,8.5
200,0.9983,0,WARNING,14.0,7.1,20.9,6.5
201,0.9922,0,WARNING,13.7,7.3,20.8,7.4
202,0.9921,0,WARNING,13.5,6.9,20.9,7.9
203,0.9921,0,WARNING,13.5,7.1,20.9,8.0
204,0.9921,0,WARNING,13.5,7.2,20.9,8.0
205,0.9921,0,WARNING,13.1,7.1,20.8,7.9
206,0.9983,0,WARNING,12.7,6.8,20.3,6.2
207,0.9921,0,WARNING,12.8,6.9,20.4,7.0
208,0.9919,0,WARNING,12.6,6.5,19.2,5.9
209,0.992,0,WARNING,13.0,7.5,22.8,8.6
210,0.9921,0,WARNING,13.3,7.2,21.3,8.0
211,0.9983,0,WARNING,13.1,7.2,19.6,6.0
212,0.992,0,WARNING,13.5,7.2,21.5,8.2
213,0.992,0,WARNING,13.5,6.9,21.1,8.0
214,0.9983,0,WARNING,13.1,6.7,20.8,6.5
215,0.9944,0,WARNING,13.0,4.3,12.5,4.4
216,0.9944,0,WARNING,13.5,8.8,15.9,7.3
217,1.0,0,WARNING,13.6,14.3,19.8,9.0
218,0.9944,0,WARNING,11.7,3.8,10.3,4.6
219,1.0,0,ANOMALY,14.6,16.2,21.2,9.5
220,0.9984,0,WARNING,12.5,6.7,19.3,6.6
221,0.992,0,WARNING,12.6,7.0,21.9,8.3
222,0.992,0,WARNING,12.5,7.4,20.9,8.1
223,0.992,0,WARNING,12.4,7.1,20.1,7.5
224,0.992,0,WARNING,12.7,7.2,21.4,8.0
225,0.992,0,WARNING,12.7,7.2,20.1,7.7
226,0.992,0,WARNING,12.9,7.4,21.1,8.0
227,0.9983,0,WARNING,12.7,7.1,20.1,6.3
228,0.9983,0,WARNING,12.7,4.2,12.8,3.8
229,0.9919,0,WARNING,13.7,11.2,20.4,9.2
230,0.992,0,WARNING,12.8,7.1,21.2,7.4
231,0.992,0,WARNING,12.8,7.3,20.2,7.6
232,0.9983,0,WARNING,13.4,7.6,20.5,6.8
233,0.9983,0,WARNING,13.0,6.7,20.3,6.3
234,0.9919,0,WARNING,12.8,7.3,21.7,7.5
235,0.992,0,WARNING,12.5,7.3,20.8,7.9
236,0.992,0,WARNING,12.1,6.7,20.4,7.9
237,0.9919,0,WARNING,12.0,7.6,20.6,7.9
238,0.9919,0,WARNING,12.1,8.0,20.8,8.0
239,0.9945,0,WARNING,11.5,7.4,20.2,7.5
240,0.9943,0,WARNING,11.3,4.2,10.5,4.6
241,0.9973,0,WARNING,13.6,13.6,20.6,9.1
242,0.9921,0,WARNING,13.2,8.2,21.1,8.4
243,0.9921,0,WARNING,13.1,8.1,21.0,8.1
244,0.9919,0,WARNING,12.7,8.0,21.3,7.4
245,0.9984,0,WARNING,12.1,7.2,18.5,7.2
246,0.9983,0,WARNING,12.5,9.0,23.8,7.4
247,0.9919,0,WARNING,12.7,8.9,22.0,9.3
248,0.9913,0,WARNING,13.3,8.7,22.0,8.7
249,0.9978,0,WARNING,15.4,8.9,22.9,11.1
250,1.0,0,ANOMALY,18.6,19.2,37.4,21.9
251,1.0,0,WARNING,16.2,9.2,28.3,12.3
252,0.9921,0,WARNING,12.7,9.2,21.8,8.1
253,0.9984,0,WARNING,12.5,8.3,21.3,6.6
254,0.992,0,WARNING,12.6,7.4,21.7,7.7
255,0.992,0,WARNING,12.3,6.4,16.3,5.6
256,0.9919,0,WARNING,12.6,8.8,23.8,8.8
257,0.9984,0,WARNING,12.5,8.7,22.5,7.5
258,0.9919,0,WARNING,12.5,8.4,23.4,8.8
259,0.9984,0,WARNING,12.5,8.2,23.5,7.2
260,0.992,0,WARNING,12.5,9.5,22.1,8.7
261,0.9984,0,WARNING,12.1,7.9,21.9,7.4
262,0.9984,0,WARNING,12.2,7.8,20.9,6.8
263,0.9918,0,WARNING,12.5,8.5,23.0,8.2
264,0.9918,0,WARNING,12.4,8.6,21.5,7.9
265,0.9984,0,WARNING,12.2,7.8,21.6,7.3
266,0.9984,0,WARNING,11.7,7.7,20.9,7.1
267,0.9983,0,WARNING,11.6,8.1,21.8,6.8
268,0.9918,0,WARNING,11.6,8.1,22.3,8.4
269,0.9984,0,WARNING,12.0,8.0,21.3,6.6
270,0.9983,0,WARNING,11.8,8.4,21.1,6.5
271,0.9918,0,WARNING,12.1,8.3,21.9,8.2
272,0.9919,0,WARNING,12.5,8.5,21.5,7.7
273,0.9983,0,WARNING,12.7,8.8,21.6,7.1
274,0.9919,0,WARNING,12.5,7.2,20.9,8.0
275,0.9918,0,WARNING,12.6,8.3,21.8,7.9
276,0.9919,0,WARNING,12.8,8.7,22.3,7.9
277,0.9984,0,WARNING,12.7,8.6,22.4,7.0
278,0.9919,0,WARNING,12.9,8.0,21.0,7.9
279,0.9917,0,WARNING,13.5,7.8,22.1,7.5
280,0.9917,0,WARNING,13.6,7.7,21.1,7.3
281,0.9917,0,WARNING,13.7,8.5,22.0,9.4
282,0.9984,0,WARNING,13.8,7.7,21.4,6.8
283,0.9918,0,WARNING,13.8,8.2,21.5,8.1
284,0.9918,0,WARNING,13.9,8.2,21.8,8.2
285,0.9919,0,WARNING,13.6,8.4,21.3,8.4
286,0.9983,0,WARNING,13.4,8.0,21.8,7.0
287,0.9919,0,WARNING,13.1,8.1,21.4,8.3
288,0.9919,0,WARNING,13.3,7.9,21.6,8.1
289,0.9917,0,WARNING,14.3,8.1,21.7,8.1
290,0.9917,0,WARNING,14.1,8.1,21.8,8.8
291,0.9919,0,WARNING,14.1,8.0,21.2,7.9
292,0.9917,0,WARNING,14.4,8.7,22.0,8.8
293,0.9919,0,WARNING,14.0,7.4,21.5,8.5
294,0.9917,0,WARNING,14.1,8.6,22.2,8.4
295,0.9919,0,WARNING,13.6,8.5,21.4,7.8
296,0.9984,0,WARNING,13.2,8.2,22.3,6.7
297,0.9918,0,WARNING,12.9,7.5,21.9,8.8
298,0.9984,0,WARNING,12.9,7.8,20.9,6.4
299,0.9918,0,WARNING,13.0,8.6,22.8,8.2
300,0.9984,0,WARNING,13.3,8.1,23.0,7.2
301,0.9916,0,WARNING,13.4,8.4,21.6,8.0
302,0.9916,0,WARNING,13.3,8.8,22.0,8.4
303,0.9916,0,WARNING,12.9,8.2,21.7,8.9
304,0.9916,0,WARNING,13.3,7.8,21.8,7.9
305,0.9918,0,WARNING,13.1,8.4,21.6,9.1
306,0.9917,0,WARNING,12.8,8.4,22.1,8.2
307,0.9918,0,WARNING,12.9,8.2,21.8,7.4
308,0.9984,0,WARNING,13.7,7.1,21.9,6.8
309,0.9993,0,WARNING,16.6,11.6,24.6,11.8
310,1.0,0,ANOMALY,19.0,20.1,36.1,20.6
311,0.9985,0,WARNING,16.2,9.5,26.4,8.8
312,1.0,0,WARNING,14.8,9.8,27.9,14.3
313,0.9916,0,WARNING,13.0,7.8,22.0,7.5
314,0.9915,0,WARNING,12.7,7.2,18.6,7.0
315,0.9918,0,WARNING,12.6,7.8,20.0,6.8
316,0.9918,0,WARNING,12.3,8.6,24.4,9.0
317,0.9916,0,WARNING,12.1,9.0,25.6,9.1
318,0.9918,0,WARNING,12.3,8.9,23.2,9.0
319,0.9916,0,WARNING,12.0,8.0,23.0,7.7
320,0.9918,0,WARNING,12.1,7.9,22.2,8.1
321,0.9984,0,WARNING,12.1,8.8,23.4,7.2
322,0.9915,0,WARNING,12.0,8.9,23.0,8.5
323,0.9984,0,WARNING,12.0,7.7,22.5,7.0
324,0.9916,0,WARNING,11.8,8.6,23.0,8.6
325,0.9918,0,WARNING,11.4,8.6,22.5,8.2
326,0.9984,0,WARNING,11.0,8.1,23.5,7.4
327,0.9915,0,WARNING,10.9,8.4,23.2,9.5
328,0.9984,0,WARNING,11.2,8.4,22.5,7.4
329,0.9917,0,WARNING,11.4,8.6,22.5,7.6
330,0.9917,0,WARNING,11.4,8.9,23.2,8.5
331,0.9914,0,WARNING,11.4,8.8,23.3,9.1
332,0.9914,0,WARNING,11.9,8.9,23.6,9.2
333,0.9915,0,WARNING,11.8,8.8,22.8,8.0
334,0.9914,0,WARNING,12.3,8.3,24.2,9.8
335,0.9914,0,WARNING,11.6,8.5,23.1,7.8
336,0.9916,0,WARNING,11.7,8.6,23.1,8.7
337,0.9915,0,WARNING,11.2,8.4,22.9,8.4
338,0.9984,0,WARNING,10.6,6.3,17.2,5.2
339,0.9916,0,WARNING,11.2,8.7,23.1,8.6
340,0.9914,0,WARNING,11.0,6.7,17.7,6.6
341,0.9914,0,WARNING,11.4,8.2,24.5,9.6
342,0.9915,0,WARNING,10.6,7.3,20.1,7.1
343,0.9915,0,WARNING,10.9,8.0,20.2,7.3
344,0.9983,0,WARNING,11.0,9.5,24.9,7.6
345,0.9915,0,WARNING,10.5,7.3,17.8,6.7
346,0.9915,0,WARNING,11.0,7.9,24.9,9.6
347,0.9915,0,WARNING,10.4,7.3,19.6,7.5
348,0.9983,0,WARNING,10.7,8.5,21.2,6.4
349,0.9913,0,WARNING,10.8,8.3,21.6,8.1
350,0.9984,0,WARNING,10.7,8.5,24.8,7.8
351,0.9915,0,WARNING,11.0,8.8,22.7,7.8
352,0.9984,0,WARNING,10.8,8.5,25.2,8.2
353,0.9916,0,WARNING,10.8,8.3,22.8,7.8
354,0.9984,0,WARNING,11.1,9.0,24.7,7.7
355,0.9915,0,WARNING,10.9,10.0,23.8,8.6
356,0.9913,0,WARNING,10.3,8.3,24.2,8.9
357,0.9915,0,WARNING,10.3,8.6,24.1,9.2
358,0.9913,0,WARNING,10.2,8.6,23.5,8.6
359,0.9915,0,WARNING,10.5,8.8,24.8,9.4
360,0.9915,0,WARNING,10.3,8.5,22.5,8.3
361,0.9914,0,WARNING,10.9,9.6,23.8,8.8
362,0.9984,0,WARNING,10.4,9.4,25.2,7.8
363,0.9915,0,WARNING,10.4,9.2,23.6,9.7
364,0.9914,0,WARNING,10.2,8.9,23.0,8.6
365,0.9914,0,WARNING,10.0,8.6,22.9,8.9
366,0.9984,0,WARNING,10.1,8.6,23.3,7.7
367,0.9914,0,WARNING,10.4,9.4,23.6,9.0
368,0.9905,0,WARNING,10.9,10.2,26.2,8.6
369,0.9877,0,WARNING,12.1,10.7,24.7,10.2
370,1.0,0,ANOMALY,16.0,13.2,35.5,21.1
371,0.9976,0,WARNING,15.4,16.5,32.7,14.1
372,1.0,0,WARNING,13.8,10.8,28.7,15.5
373,0.9985,0,WARNING,10.4,8.0,20.1,5.6
374,0.9912,0,WARNING,10.1,6.5,17.2,5.9
375,0.9912,0,WARNING,11.1,8.7,25.2,9.1
376,0.9912,0,WARNING,11.4,8.7,22.3,8.1
377,0.9913,0,WARNING,11.6,11.3,24.5,9.9
378,0.9914,0,WARNING,11.4,8.7,23.6,8.7
379,0.9912,0,WARNING,12.0,9.0,24.6,9.0
380,0.9984,0,WARNING,11.4,8.8,21.6,7.0
381,0.9984,0,WARNING,11.4,9.6,24.7,7.9
382,0.9913,0,WARNING,12.1,9.1,22.9,8.3
383,0.9984,0,WARNING,11.6,8.9,25.7,8.0
384,0.9912,0,WARNING,11.9,9.7,23.8,9.2
385,0.9913,0,WARNING,12.2,9.1,23.4,8.5
386,0.9912,0,WARNING,11.9,8.7,25.8,9.9
387,0.9913,0,WARNING,12.1,9.5,24.2,8.8
388,0.9911,0,WARNING,11.9,9.2,24.0,8.2
389,0.9984,0,WARNING,11.8,8.4,23.3,7.1
390,0.9913,0,WARNING,11.7,9.1,23.7,8.8
391,0.9984,0,WARNING,12.0,9.1,23.5,6.4
392,0.9911,0,WARNING,12.2,9.2,23.6,8.5
393,0.9913,0,WARNING,12.1,9.2,23.9,8.1
394,0.9913,0,WARNING,12.2,8.6,24.1,9.4
395,0.9911,0,WARNING,12.1,8.2,24.1,8.9
396,0.9984,0,WARNING,12.3,8.9,23.6,7.2
397,0.9913,0,WARNING,12.0,9.2,23.9,8.8
398,0.9912,0,WARNING,11.9,9.1,23.3,8.5
399,0.9984,0,WARNING,12.3,8.6,23.9,7.1
400,0.9912,0,WARNING,11.8,9.2,23.8,8.5
401,0.9911,0,WARNING,11.3,8.9,24.0,8.9
402,0.9912,0,WARNING,11.8,9.2,23.9,8.7
403,0.991,0,WARNING,12.3,8.5,24.5,8.9
404,0.9911,0,WARNING,11.7,9.0,23.7,9.2
405,0.9984,0,WARNING,11.9,8.7,23.8,7.3
406,0.9984,0,WARNING,11.7,8.8,24.2,8.5
407,0.991,0,WARNING,11.9,8.4,24.1,8.7
408,0.9912,0,WARNING,11.8,8.7,23.6,8.6
409,0.991,0,WARNING,12.1,9.1,24.2,9.5
410,0.9912,0,WARNING,11.7,8.8,24.4,8.9
411,0.991,0,WARNING,12.0,9.1,23.8,8.1
412,0.9912,0,WARNING,11.7,9.5,24.5,9.1
413,0.9912,0,WARNING,11.9,9.3,24.0,8.7
414,0.991,0,WARNING,11.5,8.5,24.6,8.3
415,0.9912,0,WARNING,11.8,9.2,23.7,9.0
416,0.991,0,WARNING,11.6,10.0,24.7,9.9
417,0.991,0,WARNING,11.4,8.6,23.5,7.8
418,0.9909,0,WARNING,11.2,8.4,24.3,8.9
419,0.9984,0,WARNING,11.1,9.3,22.9,7.1
420,0.9908,0,WARNING,11.3,9.8,24.9,9.6
421,0.9911,0,WARNING,11.2,9.1,23.8,8.1
422,0.9984,0,WARNING,11.2,9.3,24.0,7.3
423,0.9911,0,WARNING,11.0,9.0,23.9,8.6
424,0.9912,0,WARNING,10.9,8.7,24.1,9.8
425,0.9911,0,WARNING,10.9,8.7,24.2,8.8
426,0.991,0,WARNING,11.0,9.1,23.6,7.8
427,0.991,0,WARNING,11.5,9.4,24.0,8.8
428,0.9984,0,WARNING,12.2,9.1,24.3,7.5
429,0.9877,0,WARNING,12.6,9.2,24.6,9.6
430,1.0,0,ANOMALY,17.0,18.1,35.0,21.0
431,0.9998,0,WARNING,14.4,13.0,32.2,13.1
432,1.0,0,WARNING,13.6,11.9,30.8,16.2
433,0.9912,0,WARNING,11.8,8.8,24.4,8.5
434,0.9909,0,WARNING,11.1,8.5,24.4,9.0
435,0.991,0,WARNING,10.9,6.1,14.6,5.0
436,0.9909,0,WARNING,11.2,8.9,24.9,10.0
437,0.9908,0,WARNING,11.2,9.3,25.1,9.7
438,0.9984,0,WARNING,11.2,8.6,23.9,7.3
439,0.9908,0,WARNING,11.2,9.5,24.8,8.2
440,0.9908,0,WARNING,11.0,9.7,25.3,9.2
441,0.9984,0,WARNING,10.8,9.0,23.8,7.3
442,0.9984,0,WARNING,10.9,9.5,25.1,7.9
443,0.991,0,WARNING,11.2,9.7,25.0,9.0
444,0.9908,0,WARNING,11.3,9.6,25.0,7.9
445,0.9909,0,WARNING,11.0,8.9,23.8,8.2
446,0.9909,0,WARNING,11.4,9.3,24.6,9.0
447,0.991,0,WARNING,11.6,10.3,24.6,9.4
448,0.991,0,WARNING,11.7,9.2,25.0,9.3
449,0.9984,0,WARNING,11.3,9.5,25.1,8.2
450,0.991,0,WARNING,11.2,9.3,25.2,9.2
451,0.991,0,WARNING,11.5,9.6,25.2,9.2
452,0.991,0,WARNING,11.0,9.4,24.8,8.9
453,0.9909,0,WARNING,11.0,9.4,24.9,9.5
454,0.9984,0,WARNING,10.8,9.2,24.9,7.0
455,0.991,0,WARNING,10.9,9.2,24.9,9.9
456,0.9984,0,WARNING,10.9,9.8,25.5,9.2
457,0.9984,0,WARNING,10.8,9.5,24.4,7.5
458,0.9907,0,WARNING,11.0,9.0,23.9,8.6
459,0.9907,0,WARNING,11.1,9.3,25.1,9.5
460,0.9984,0,WARNING,10.9,9.3,24.9,8.1
461,0.9909,0,WARNING,10.7,8.5,22.6,8.3
462,0.9908,0,WARNING,10.7,9.3,24.8,9.0
463,0.9907,0,WARNING,10.5,9.2,23.3,7.8
464,0.9909,0,WARNING,10.5,9.2,24.0,8.6
465,0.9984,0,WARNING,10.6,9.7,25.3,7.8
466,0.9909,0,WARNING,10.8,8.8,25.1,9.8
467,0.9984,0,WARNING,10.9,8.8,23.3,7.2
468,0.9908,0,WARNING,11.2,9.2,24.8,10.1
469,0.9984,0,WARNING,11.3,9.4,23.2,7.1
470,0.9907,0,WARNING,10.9,9.5,25.6,9.3
471,0.9907,0,WARNING,10.5,7.7,20.6,7.9
472,0.9984,0,WARNING,11.1,9.7,25.1,7.6
473,0.9984,0,WARNING,10.8,9.3,24.4,7.4
474,0.9909,0,WARNING,10.6,9.7,25.6,9.4
475,0.9908,0,WARNING,11.1,9.1,25.3,8.6
476,0.9908,0,WARNING,10.9,9.0,24.8,9.1
477,0.9984,0,WARNING,10.9,9.5,24.9,7.7
478,0.9984,0,WARNING,11.0,9.9,24.8,7.6
479,0.9908,0,WARNING,11.5,9.2,25.4,8.4
480,0.9907,0,WARNING,11.1,8.8,24.8,9.3
481,0.9909,0,WARNING,11.5,9.6,24.9,9.0
482,0.9909,0,WARNING,11.4,10.0,24.7,9.0
483,0.9984,0,WARNING,11.7,9.5,24.4,7.5
484,0.9908,0,WARNING,11.6,9.2,22.2,7.5
485,0.9984,0,WARNING,12.4,10.6,24.5,7.5
486,0.9984,0,WARNING,11.2,8.1,21.5,6.5
487,0.9984,0,WARNING,11.7,9.6,25.1,7.7
488,0.9901,0,WARNING,12.4,9.4,24.6,8.7
489,0.9872,0,WARNING,13.7,11.3,26.2,11.2
490,1.0,0,ANOMALY,17.7,17.4,33.1,20.3
491,0.9992,0,WARNING,14.8,14.6,33.1,12.8
492,1.0,0,ANOMALY,14.0,11.6,31.2,16.9
493,0.9909,0,WARNING,13.2,10.8,24.9,9.7
494,0.9985,0,WARNING,12.5,10.0,24.7,7.7
495,0.9906,0,WARNING,12.0,9.1,24.6,8.7
496,0.9907,0,WARNING,12.3,9.1,24.0,8.5
497,0.9984,0,WARNING,11.7,9.6,24.8,7.8
498,0.9906,0,WARNING,11.9,9.7,22.7,8.3
499,0.9907,0,WARNING,11.8,8.7,24.1,8.9
500,0.9908,0,WARNING,11.9,9.6,25.7,9.4
501,0.9909,0,WARNING,12.1,9.1,24.4,8.5
502,0.9907,0,WARNING,12.4,10.1,24.2,9.3
503,0.9908,0,WARNING,12.4,9.4,24.9,9.1
504,0.9984,0,WARNING,11.8,9.1,23.8,7.0
505,0.9909,0,WARNING,11.5,9.1,22.0,8.6
506,0.9908,0,WARNING,11.9,9.3,24.7,8.9
507,0.9908,0,WARNING,11.8,9.2,24.4,8.2
508,0.9907,0,WARNING,11.6,8.3,22.2,8.7
509,0.9984,0,WARNING,12.1,9.6,23.4,7.1
510,0.9984,0,WARNING,11.8,9.1,23.7,7.5
511,0.9984,0,WARNING,11.7,8.9,23.2,6.9
512,0.9984,0,WARNING,11.7,9.2,22.4,6.6
513,0.9908,0,WARNING,11.7,8.8,20.9,6.5
514,0.9908,0,WARNING,11.5,8.6,23.7,7.5
515,0.9907,0,WARNING,11.5,9.1,21.6,8.5
516,0.9908,0,WARNING,11.7,8.8,24.2,8.8
517,0.9907,0,WARNING,11.8,8.9,21.6,7.9
518,0.9906,0,WARNING,11.3,8.3,21.0,7.9
519,0.9984,0,WARNING,11.4,8.9,22.8,6.3
520,0.9984,0,WARNING,11.3,8.8,22.3,6.0
521,0.9906,0,WARNING,11.2,9.6,23.1,8.5
522,0.9984,0,WARNING,11.4,11.4,22.0,6.7
523,0.9906,0,WARNING,11.4,8.8,22.6,8.3
524,0.9906,0,WARNING,11.5,9.3,23.7,9.1
525,0.9906,0,WARNING,11.5,9.4,23.7,8.5
526,0.9908,0,WARNING,11.8,9.9,23.1,9.0
527,0.9906,0,WARNING,11.3,9.4,24.3,9.2
528,0.9907,0,WARNING,11.5,9.8,24.0,7.8
529,0.9907,0,WARNING,11.6,9.6,24.2,8.3
530,0.9906,0,WARNING,11.6,8.8,24.0,8.8
531,0.9909,0,WARNING,12.4,9.7,20.9,8.2
532,0.9908,0,WARNING,11.9,9.4,24.1,8.9
533,0.9984,0,WARNING,12.0,8.9,21.5,6.6
534,0.9984,0,WARNING,11.9,9.3,23.8,7.4
535,0.9908,0,WARNING,11.9,9.6,24.2,8.3
536,0.9907,0,WARNING,11.7,7.5,17.9,6.6
537,0.9983,0,WARNING,11.8,8.2,20.7,6.3
538,0.9908,0,WARNING,11.7,8.6,21.1,7.8
539,0.9983,0,WARNING,11.9,8.4,20.4,6.4
540,0.9906,0,WARNING,11.8,8.8,21.4,7.2
541,0.9906,0,WARNING,11.0,8.1,18.9,6.4
542,0.9908,0,WARNING,10.7,8.9,22.6,8.5
543,0.9908,0,WARNING,11.0,8.8,20.9,7.7
544,0.9905,0,WARNING,11.7,9.5,22.3,8.1
545,0.9906,0,WARNING,11.4,8.4,20.8,7.6
546,0.9907,0,WARNING,11.5,8.7,23.1,9.0
547,0.9908,0,WARNING,11.6,8.5,20.9,7.0
548,0.9903,0,WARNING,11.7,9.0,23.8,8.7
549,0.9987,0,WARNING,13.4,15.8,22.0,8.5
550,1.0,0,ANOMALY,15.1,9.9,26.3,15.9
551,1.0,0,ANOMALY,16.1,20.5,35.2,17.5
552,0.9905,0,WARNING,13.6,9.5,23.0,8.1
553,1.0,0,ANOMALY,13.1,10.5,30.3,17.5
554,0.9908,0,WARNING,11.2,8.2,21.2,7.4
555,0.9906,0,WARNING,10.9,8.9,21.3,7.1
556,0.9908,0,WARNING,10.8,8.3,23.1,8.5
557,0.9906,0,WARNING,11.2,8.2,21.7,8.4
558,0.9906,0,WARNING,10.9,8.6,22.8,9.1
559,0.9907,0,WARNING,11.1,8.7,21.9,7.9
560,0.9984,0,WARNING,11.1,9.0,23.8,7.1
561,0.9906,0,WARNING,10.8,9.0,22.3,8.5
562,0.9984,0,WARNING,10.7,9.2,23.8,7.9
563,0.9905,0,WARNING,10.8,8.9,21.4,7.2
564,0.9984,0,WARNING,10.7,8.3,24.1,7.5
565,0.9907,0,WARNING,10.8,8.5,21.2,7.5
566,0.9905,0,WARNING,11.2,8.4,22.2,8.2
567,0.9906,0,WARNING,10.6,7.8,21.3,7.4
568,0.9984,0,WARNING,10.7,8.0,21.5,6.4
569,0.9983,0,WARNING,10.4,7.4,20.9,6.2
570,0.9907,0,WARNING,10.4,8.4,21.2,8.0
571,0.9907,0,WARNING,10.0,8.4,23.8,8.8
572,0.9905,0,WARNING,10.5,8.6,20.9,7.0
573,0.9983,0,WARNING,9.8,7.0,20.3,6.4
574,0.9906,0,WARNING,10.5,8.3,20.8,7.6
575,0.9906,0,WARNING,10.3,8.3,23.4,8.6
576,0.9908,0,WARNING,10.1,7.8,20.0,7.8
577,0.9983,0,WARNING,10.1,8.4,21.4,6.3
578,0.9907,0,WARNING,9.9,8.5,23.6,8.8
579,0.9984,0,WARNING,10.2,8.3,20.7,6.2
580,0.9906,0,WARNING,10.4,8.5,23.6,8.7
581,0.9984,0,WARNING,10.4,8.9,21.0,6.8
582,0.9983,0,WARNING,10.2,8.4,23.4,6.6
583,0.9904,0,WARNING,10.6,8.9,23.5,8.6
584,0.9907,0,WARNING,10.9,8.9,23.7,8.6
585,0.9905,0,WARNING,10.9,8.8,22.0,8.0
586,0.9984,0,WARNING,11.1,9.0,24.1,8.1
587,0.9907,0,WARNING,11.2,9.1,23.2,8.7
588,0.9984,0,WARNING,11.0,8.5,23.2,7.2
589,0.9906,0,WARNING,10.9,8.7,23.0,7.8
590,0.9907,0,WARNING,10.9,8.2,22.8,8.3
591,0.9907,0,WARNING,11.4,8.8,23.3,8.5
592,0.9905,0,WARNING,11.1,7.5,19.8,6.8
593,0.9906,0,WARNING,11.3,8.2,23.4,8.7
594,0.9906,0,WARNING,11.2,8.1,22.6,8.0
595,0.9906,0,WARNING,10.8,7.0,20.3,7.6
596,0.9905,0,WARNING,11.1,8.2,21.7,8.0
597,0.9906,0,WARNING,11.1,6.9,18.2,6.9
598,0.9983,0,WARNING,11.1,8.2,22.9,7.1
599,0.9983,0,WARNING,11.2,8.3,22.6,6.4
600,0.9905,0,WARNING,10.6,6.6,17.5,6.4
601,0.9904,0,WARNING,11.0,9.0,24.4,9.0
602,0.9905,0,WARNING,10.9,7.5,20.4,6.5
603,0.9905,0,WARNING,11.4,9.0,23.1,8.6
604,0.9906,0,WARNING,11.2,8.0,22.2,8.2
605,0.9904,0,WARNING,10.9,6.0,17.0,6.3
606,0.9906,0,WARNING,11.5,8.4,23.4,8.1
607,0.9983,0,WARNING,11.1,7.5,20.1,6.4
608,0.9896,0,WARNING,11.8,8.1,23.9,8.6
609,0.9869,0,WARNING,13.2,9.7,22.1,9.3
610,1.0,0,ANOMALY,17.5,14.8,35.1,22.0
611,1.0,0,ANOMALY,16.6,17.2,30.8,12.7
612,1.0,0,ANOMALY,13.5,8.4,24.9,15.4
613,0.9906,0,WARNING,12.0,8.4,23.1,9.0
614,0.9903,0,WARNING,11.0,6.7,19.6,7.3
615,0.9906,0,WARNING,11.7,8.5,22.4,8.1
616,0.9904,0,WARNING,11.4,8.3,23.0,8.4
617,0.9905,0,WARNING,11.4,7.1,20.4,7.6
618,0.9905,0,WARNING,11.2,8.0,21.9,8.0
619,0.9905,0,WARNING,11.3,8.1,22.8,8.6
620,0.9905,0,WARNING,11.8,8.3,24.0,8.8
621,0.9984,0,WARNING,11.3,7.9,22.3,6.4
622,0.9906,0,WARNING,11.1,7.6,21.7,7.5
623,0.9984,0,WARNING,11.4,7.8,22.0,6.1
624,0.9983,0,WARNING,11.1,8.1,23.5,7.1
625,0.9906,0,WARNING,11.2,7.9,22.3,8.4
626,0.9906,0,WARNING,11.3,7.9,21.7,8.0
627,0.9904,0,WARNING,10.9,8.0,24.1,8.9
628,0.9904,0,WARNING,11.2,8.3,24.1,8.7
629,0.9984,0,WARNING,11.1,7.6,21.5,6.5
630,0.9904,0,WARNING,11.0,7.9,23.0,8.4
631,0.9906,0,WARNING,11.0,7.8,22.9,7.6
632,0.9904,0,WARNING,10.7,7.7,21.4,7.7
633,0.9906,0,WARNING,11.0,8.5,24.3,8.3
634,0.9903,0,WARNING,10.6,7.8,22.7,7.3
635,0.9904,0,WARNING,10.8,7.9,22.3,7.6
636,0.9903,0,WARNING,10.8,7.5,22.4,8.4
637,0.9905,0,WARNING,10.7,7.6,22.1,7.7
638,0.9983,0,WARNING,10.4,7.8,23.4,7.2
639,0.9903,0,WARNING,10.4,7.8,22.6,8.4
640,0.9905,0,WARNING,10.6,8.1,22.6,7.6
641,0.9984,0,WARNING,10.6,8.1,23.2,7.3
642,0.9905,0,WARNING,10.6,7.8,23.6,8.1
643,0.9984,0,WARNING,10.7,8.0,23.6,7.8
644,0.9905,0,WARNING,10.4,8.1,23.2,8.5
645,0.9984,0,WARNING,10.6,7.8,22.7,6.6
646,0.9904,0,WARNING,10.6,8.1,22.8,8.4
647,0.9905,0,WARNING,10.3,8.1,22.9,7.5
648,0.9905,0,WARNING,10.5,8.2,22.9,8.3
649,0.9903,0,WARNING,10.3,7.8,22.9,7.7
650,0.9903,0,WARNING,10.2,8.0,22.9,8.0
651,0.9984,0,WARNING,10.3,7.8,22.5,7.0
652,0.9904,0,WARNING,10.2,8.0,22.4,8.2
653,0.9984,0,WARNING,10.3,7.6,22.1,6.7
654,0.9983,0,WARNING,10.2,7.9,22.1,6.7
655,0.9904,0,WARNING,10.1,7.4,21.6,8.0
656,0.9905,0,WARNING,10.3,7.8,24.2,8.9
657,0.9903,0,WARNING,10.3,7.5,23.2,8.5
658,0.9984,0,WARNING,10.2,7.4,23.9,7.0
659,0.9905,0,WARNING,10.3,7.3,22.7,8.0
660,0.9984,0,WARNING,9.9,6.7,21.6,6.6
661,0.9903,0,WARNING,9.4,7.0,21.5,8.0
662,0.9902,0,WARNING,9.5,7.3,22.5,7.6
663,1.0,0,WARNING,9.3,7.7,22.8,6.5
664,0.9902,0,WARNING,9.2,7.2,26.5,9.1
665,0.9984,0,WARNING,9.0,7.1,27.7,8.7
666,0.9903,0,WARNING,9.3,7.7,26.3,9.8
667,0.9903,0,WARNING,9.3,7.6,26.2,9.7
668,0.9898,0,WARNING,10.2,7.6,25.9,8.9
669,0.9975,0,WARNING,11.7,12.9,26.3,10.9
670,1.0,0,ANOMALY,15.2,15.5,34.5,18.3
671,1.0,0,ANOMALY,14.1,16.8,32.4,13.3
672,1.0,0,ANOMALY,12.0,11.5,32.9,17.6
673,0.9905,0,WARNING,9.8,7.7,26.7,9.8
674,0.9903,0,WARNING,9.6,7.6,26.1,8.5
675,0.9902,0,WARNING,9.9,7.6,26.0,9.1
676,0.9984,0,WARNING,9.8,7.8,25.5,7.3
677,0.9904,0,WARNING,9.6,6.7,25.8,9.6
678,0.9903,0,WARNING,9.5,6.7,25.7,9.7
679,0.9903,0,WARNING,9.1,5.5,21.0,7.3
680,0.9984,0,WARNING,9.0,5.0,19.4,6.1
681,0.9983,0,WARNING,9.0,5.1,18.2,5.5
682,0.9903,0,WARNING,8.9,5.8,20.1,7.7
683,0.9903,0,WARNING,8.8,5.0,19.3,7.4
684,0.9983,0,WARNING,8.7,4.9,19.4,5.7
685,0.9983,0,WARNING,8.8,5.2,18.7,5.2
686,0.9983,0,WARNING,8.6,5.1,18.9,5.9
687,0.9902,0,WARNING,8.8,4.9,18.3,7.0
688,0.9903,0,WARNING,8.9,4.9,19.0,6.2
689,0.9902,0,WARNING,9.1,5.4,18.3,5.8
690,0.9983,0,WARNING,10.3,4.9,18.4,5.8
691,0.9903,0,WARNING,10.2,5.1,18.5,7.3
692,0.9902,0,WARNING,10.3,5.4,18.3,5.8
693,0.9902,0,WARNING,10.6,5.2,18.7,6.8
694,0.9902,0,WARNING,10.6,4.7,17.6,6.2
695,0.9902,0,WARNING,10.6,4.9,18.6,6.5
696,0.9983,0,WARNING,9.5,2.6,12.2,3.6
697,0.9904,0,WARNING,8.7,1.1,9.1,3.7
698,0.9904,0,WARNING,8.7,1.6,9.6,3.2
699,0.9901,0,WARNING,10.2,5.8,18.2,6.0
700,0.9903,0,WARNING,10.1,6.5,19.6,7.4
701,0.9902,0,WARNING,10.1,6.3,23.6,8.8
702,0.9983,0,WARNING,9.9,6.4,23.5,7.2
703,0.9983,0,WARNING,10.2,6.3,23.4,7.3
704,0.9903,0,WARNING,10.1,6.3,24.4,8.6
705,0.9902,0,WARNING,9.8,4.7,18.0,6.4
706,0.9983,0,WARNING,9.9,4.8,17.8,5.5
707,0.9983,0,WARNING,10.0,4.7,17.5,5.4
708,0.9983,0,WARNING,10.3,4.4,17.7,5.0
709,0.9983,0,WARNING,10.4,4.6,17.6,4.9
710,0.9903,0,WARNING,10.1,4.8,17.8,6.3
711,0.9903,0,WARNING,10.1,5.0,17.5,6.2
712,0.9983,0,WARNING,10.2,4.8,17.8,5.5
713,0.9903,0,WARNING,10.1,4.8,17.6,6.4
714,0.9902,0,WARNING,10.2,4.6,17.3,6.2
715,0.9903,0,WARNING,10.0,4.5,17.1,6.3
716,0.9903,0,WARNING,10.1,4.6,17.3,6.8
717,0.9983,0,WARNING,9.8,4.5,17.6,5.4
718,0.9983,0,WARNING,9.8,4.5,17.0,5.3
719,0.9904,0,WARNING,9.9,4.5,16.8,5.8
720,0.9903,0,WARNING,9.7,4.4,16.9,5.9
721,0.9903,0,WARNING,9.5,4.7,16.9,6.8
722,0.9904,0,WARNING,9.3,4.1,16.8,6.0
723,0.9903,0,WARNING,9.6,4.2,16.5,6.6
724,0.9903,0,WARNING,9.3,4.5,16.9,6.6
725,0.9903,0,WARNING,9.9,4.5,16.7,5.3
726,0.9903,0,WARNING,9.7,4.1,16.2,5.7
727,0.9903,0,WARNING,9.5,4.5,16.8,6.5
728,0.9893,0,WARNING,10.0,4.1,16.6,5.7
729,0.9897,0,WARNING,11.3,5.3,17.3,7.5
730,1.0,0,ANOMALY,15.6,13.4,28.1,16.8
731,0.9902,0,WARNING,12.5,5.1,21.5,9.3
732,0.9984,0,WARNING,9.6,4.7,16.8,4.8
733,0.9983,0,WARNING,9.3,4.0,15.9,4.3
734,0.9902,0,WARNING,9.2,4.3,16.5,6.4
735,0.9902,0,WARNING,9.0,3.8,16.6,6.5
736,0.9983,0,WARNING,8.9,4.3,15.8,4.8
737,0.9983,0,WARNING,8.9,4.1,16.1,5.0
738,0.9983,0,WARNING,8.8,3.7,15.6,4.4
739,0.9902,0,WARNING,8.7,3.9,16.2,6.6
740,0.9983,0,WARNING,8.6,4.2,16.4,4.6
741,0.9903,0,WARNING,8.6,4.3,16.4,6.3
742,0.9983,0,WARNING,8.5,4.0,16.6,4.5
743,0.9983,0,WARNING,8.4,4.0,16.7,5.1
744,0.9983,0,WARNING,8.4,4.2,16.6,5.2
745,0.9902,0,WARNING,8.4,3.9,16.8,6.1
746,0.9983,0,WARNING,8.3,4.0,16.4,5.2
747,0.9902,0,WARNING,8.3,4.1,16.6,6.0
748,0.9902,0,WARNING,8.2,3.8,16.2,6.4
749,0.9983,0,WARNING,8.2,3.8,16.4,4.5
750,0.9902,0,WARNING,8.3,3.8,16.4,5.7
751,0.9902,0,WARNING,8.2,4.1,16.3,5.2
752,0.9983,0,WARNING,8.2,3.8,16.2,5.1
753,0.9902,0,WARNING,8.1,3.9,16.1,6.3
754,0.9983,0,WARNING,8.1,3.9,16.3,4.4
755,0.9903,0,WARNING,8.1,3.8,16.1,5.2
756,0.9902,0,WARNING,8.1,3.7,16.1,6.2
757,0.9902,0,WARNING,8.1,3.7,15.8,5.5
758,0.9902,0,WARNING,8.0,3.7,16.1,6.2
759,0.9983,0,WARNING,7.9,3.9,15.7,4.7
760,0.9901,0,WARNING,8.0,3.8,15.3,5.3
761,0.9902,0,WARNING,7.9,3.4,15.8,5.6
762,0.9982,0,WARNING,7.9,3.7,15.7,5.0
763,0.9982,0,WARNING,7.9,3.8,15.6,5.0
764,0.9901,0,WARNING,7.9,3.5,15.8,5.5
765,0.9982,0,WARNING,7.8,3.4,15.9,5.0
766,0.9901,0,WARNING,7.8,3.6,15.4,5.5
767,0.9982,0,WARNING,7.9,3.6,15.4,4.6
768,0.9901,0,WARNING,7.9,3.4,15.5,6.3
769,0.9982,0,WARNING,7.9,3.3,15.3,4.2
770,0.9901,0,WARNING,8.4,3.7,15.4,6.4
771,0.9982,0,WARNING,8.2,3.4,15.3,4.3
772,0.9982,0,WARNING,8.2,3.9,15.4,4.3
773,0.9901,0,WARNING,8.1,3.6,15.3,5.6
774,0.9901,0,WARNING,8.0,3.6,15.2,5.4
775,0.9901,0,WARNING,8.0,3.2,15.3,5.6
776,0.9901,0,WARNING,7.9,3.3,15.1,6.2
777,0.9901,0,WARNING,7.9,3.6,15.0,6.0
778,0.9901,0,WARNING,7.9,3.3,15.1,6.1
779,0.9901,0,WARNING,7.9,3.2,14.7,5.4
780,0.9901,0,WARNING,7.9,3.6,14.9,6.1
781,0.9901,0,WARNING,7.8,3.3,14.9,5.8
782,0.9982,0,WARNING,7.8,3.5,14.6,3.9
783,0.9901,0,WARNING,7.8,3.4,14.6,5.3
784,0.9901,0,WARNING,7.8,3.5,14.6,5.4
785,0.9982,0,WARNING,7.7,3.1,14.2,4.5
786,0.9899,0,WARNING,7.7,2.8,14.1,5.1
787,0.9901,0,WARNING,7.4,1.9,9.9,3.7
788,0.99,0,WARNING,7.8,0.7,7.9,3.3
789,0.9901,0,WARNING,8.1,2.5,8.0,3.3
790,0.9982,0,WARNING,8.3,0.6,8.0,1.8
791,0.9981,0,WARNING,8.7,0.7,8.2,1.8
792,0.9981,0,WARNING,9.0,0.9,8.1,1.9
793,0.9981,0,WARNING,9.0,0.8,8.3,2.4
794,0.9903,0,WARNING,9.0,0.7,8.0,3.2
795,0.9903,0,WARNING,9.2,0.8,8.2,3.2
796,0.9981,0,WARNING,9.1,0.7,8.1,1.6
797,0.9903,0,WARNING,9.5,1.9,10.6,3.6
798,0.9925,0,WARNING,12.0,5.7,19.8,8.8
799,1.0,0,WARNING,14.0,12.9,30.6,12.8
800,0.9901,0,WARNING,12.4,7.0,25.6,10.4
801,0.9901,0,WARNING,10.1,8.2,23.0,8.2
802,0.9898,0,WARNING,9.5,4.1,15.8,5.8
803,0.9983,0,WARNING,9.6,5.4,22.3,7.1
804,0.9899,0,WARNING,10.0,5.8,22.4,8.5
805,0.9902,0,WARNING,9.6,5.7,22.2,8.6
806,0.99,0,WARNING,9.7,5.6,22.5,8.6
807,0.9901,0,WARNING,9.9,5.5,22.3,8.6
808,0.9901,0,WARNING,9.4,2.7,13.4,4.8
809,0.9901,0,WARNING,9.4,2.7,13.4,4.9
810,0.9902,0,WARNING,9.7,2.8,13.4,5.7
811,0.9902,0,WARNING,9.2,2.8,13.1,5.6
812,0.99,0,WARNING,9.3,2.8,13.4,4.9
813,0.9982,0,WARNING,9.3,2.7,13.3,3.3
814,0.9901,0,WARNING,9.3,2.7,13.4,4.7
815,0.9901,0,WARNING,9.1,2.8,13.6,5.7
816,0.99,0,WARNING,9.1,2.8,13.5,5.6
817,0.99,0,WARNING,9.1,2.7,13.7,5.2
818,0.9982,0,WARNING,8.9,2.5,13.2,4.0
819,0.9901,0,WARNING,8.7,2.8,13.5,5.5
820,0.9982,0,WARNING,8.8,2.7,13.3,3.5
821,0.99,0,WARNING,8.8,2.6,13.3,5.4
822,0.9982,0,WARNING,8.6,2.9,13.3,3.5
823,0.99,0,WARNING,8.7,2.5,13.1,4.9
824,0.9982,0,WARNING,8.5,2.8,13.5,3.7
825,0.99,0,WARNING,8.4,2.8,13.5,5.6
826,0.99,0,WARNING,8.3,2.6,13.2,4.1
827,0.99,0,WARNING,8.3,2.8,13.5,5.6
828,0.9901,0,WARNING,8.4,2.5,13.1,4.8
829,0.99,0,WARNING,8.3,2.6,13.1,5.2
830,0.9982,0,WARNING,8.3,2.5,13.3,3.5
831,0.99,0,WARNING,8.2,2.6,13.1,5.6
832,0.9982,0,WARNING,8.1,2.7,13.5,4.2
833,0.99,0,WARNING,8.0,2.5,13.1,4.7
834,0.99,0,WARNING,8.0,2.5,13.0,4.7
835,0.99,0,WARNING,8.1,2.5,13.4,5.1
836,0.99,0,WARNING,7.9,2.4,13.5,5.4
837,0.99,0,WARNING,8.0,2.6,13.5,4.1
838,0.99,0,WARNING,7.8,2.4,13.2,5.0
839,0.99,0,WARNING,7.9,2.5,13.3,5.0
840,0.99,0,WARNING,7.8,2.6,13.6,5.1
841,0.99,0,WARNING,7.9,2.6,13.3,4.9
842,0.99,0,WARNING,7.8,2.6,13.6,5.0
843,0.99,0,WARNING,7.9,2.6,13.4,5.0
844,0.99,0,WARNING,7.7,2.5,13.3,5.4
845,0.99,0,WARNING,7.7,2.5,13.7,4.2
846,0.9982,0,WARNING,7.7,2.5,13.3,4.1
847,0.99,0,WARNING,7.7,2.5,13.6,4.9
848,0.9892,0,WARNING,8.6,2.4,13.3,4.7
849,0.9859,0,WARNING,9.8,3.4,13.9,6.8
850,0.9856,0,WARNING,13.2,8.9,26.5,11.2
851,0.9901,0,WARNING,11.1,3.8,17.3,8.3
852,0.9901,0,WARNING,8.3,2.6,13.0,4.8
853,0.9901,0,WARNING,8.3,2.4,12.6,4.7
854,0.99,0,WARNING,8.1,2.5,12.7,5.4
855,0.9982,0,WARNING,8.1,2.5,12.5,3.7
856,1.0,0,ANOMALY,8.1,2.8,12.8,5.0
857,0.9982,0,WARNING,7.9,2.4,12.6,4.0
858,0.9982,0,WARNING,7.9,2.2,12.4,3.6
859,0.9982,0,WARNING,7.9,2.5,12.6,3.4
860,0.99,0,WARNING,7.8,2.3,12.4,4.5
861,0.99,0,WARNING,7.8,2.3,12.4,4.5
862,0.9901,0,WARNING,7.8,2.7,12.5,4.8
863,0.9901,0,WARNING,7.8,2.5,12.3,4.7
864,0.9901,0,WARNING,7.7,2.2,12.6,4.7
865,0.9902,0,WARNING,7.7,2.4,12.4,4.6
866,0.99,0,WARNING,7.7,2.4,12.3,4.4
867,0.99,0,WARNING,7.7,2.4,12.4,5.3
868,0.9901,0,WARNING,7.7,2.3,12.2,4.4
869,0.9982,0,WARNING,7.7,2.5,12.6,3.2
870,0.9902,0,WARNING,7.7,2.4,12.0,4.7
871,0.99,0,WARNING,7.6,2.2,12.1,4.4
872,0.9902,0,WARNING,7.7,2.5,12.2,4.8
873,0.9902,0,WARNING,7.7,2.3,12.1,5.0
874,0.9901,0,WARNING,7.7,2.3,12.2,4.6
875,0.9902,0,WARNING,7.4,1.4,8.3,3.7
876,0.9898,0,WARNING,7.4,1.1,8.4,3.5
877,0.9902,0,WARNING,7.3,1.2,8.8,3.5
878,0.9899,0,WARNING,8.2,3.3,15.1,5.7
879,0.9901,0,WARNING,8.3,3.8,19.9,7.2
880,0.99,0,WARNING,8.0,2.8,15.4,5.9
881,0.99,0,WARNING,7.8,2.2,12.6,4.6
882,0.99,0,WARNING,7.7,2.5,12.8,5.4
883,0.9982,0,WARNING,7.7,2.4,12.3,3.3
884,0.99,0,WARNING,7.6,1.9,10.4,3.1
885,0.9901,0,WARNING,7.6,1.3,8.7,3.2
886,0.9902,0,WARNING,7.6,1.8,10.6,3.8
887,0.9902,0,WARNING,8.2,4.1,20.4,6.9
888,0.9899,0,WARNING,7.7,2.1,11.3,4.8
889,0.99,0,WARNING,7.7,2.3,13.4,5.0
890,0.9982,0,WARNING,7.7,2.1,12.3,3.2
891,0.9982,0,WARNING,7.7,2.2,12.3,3.1
892,0.99,0,WARNING,7.7,2.4,12.6,5.1
893,0.9901,0,WARNING,7.6,2.0,12.2,4.7
894,0.99,0,WARNING,7.6,2.2,12.2,3.7
895,0.99,0,WARNING,7.6,2.1,12.1,5.1
896,0.99,0,WARNING,7.7,2.0,12.1,5.3
897,0.9982,0,WARNING,8.2,2.2,12.4,3.2
898,0.9901,0,WARNING,8.5,1.9,11.2,4.1
899,0.99,0,WARNING,8.6,2.4,13.2,4.7
900,0.99,0,WARNING,8.8,2.1,12.2,3.8
901,0.9898,0,WARNING,9.2,2.2,12.2,5.0
902,0.99,0,WARNING,9.4,2.2,12.3,4.8
903,0.9982,0,WARNING,9.2,1.9,11.3,3.4
904,0.9901,0,WARNING,8.4,1.1,8.7,3.9
905,0.9901,0,WARNING,9.0,2.6,13.7,5.0
906,0.9982,0,WARNING,9.0,2.5,14.3,4.3
907,0.9899,0,WARNING,8.9,2.3,13.3,5.2
908,0.99,0,WARNING,9.9,2.2,12.3,4.4
909,0.9861,0,WARNING,10.6,3.7,13.0,6.5
910,0.9997,0,WARNING,13.2,4.9,24.4,9.7
911,0.9918,0,WARNING,13.3,6.2,20.1,7.4
912,0.9901,0,WARNING,11.7,3.4,16.6,8.7
913,0.9901,0,WARNING,9.4,2.2,12.2,4.6
914,0.9983,0,WARNING,9.2,2.0,12.5,3.3
915,0.99,0,WARNING,9.0,2.1,12.2,4.3
916,0.99,0,WARNING,8.9,2.1,12.2,5.1
917,0.99,0,WARNING,8.7,2.1,12.2,5.2
918,0.9901,0,WARNING,8.6,1.9,12.0,3.9
919,0.9899,0,WARNING,8.5,2.1,12.1,5.0
920,0.9902,0,WARNING,8.5,2.0,12.0,4.5
921,0.9982,0,WARNING,8.5,2.0,11.8,3.5
922,0.9901,0,WARNING,8.5,2.1,12.1,4.4
923,0.9982,0,WARNING,8.4,2.2,11.9,3.1
924,0.9982,0,WARNING,8.2,2.0,11.7,2.8
925,0.9902,0,WARNING,8.2,2.0,11.8,4.5
926,0.9901,0,WARNING,8.1,2.1,11.7,4.3
927,0.9982,0,WARNING,8.1,2.2,12.0,3.7
928,0.9902,0,WARNING,8.1,2.0,11.7,4.6
929,0.9982,0,WARNING,8.1,2.0,11.8,3.1
930,0.9982,0,WARNING,8.1,2.1,11.8,3.0
931,0.9901,0,WARNING,8.0,2.0,11.6,4.2
932,0.9901,0,WARNING,8.0,2.2,12.1,4.4
933,0.9901,0,WARNING,8.0,2.0,11.9,4.5
934,0.9901,0,WARNING,8.0,2.2,12.1,4.6
935,0.9901,0,WARNING,7.9,2.1,12.1,4.6
936,0.9901,0,WARNING,7.9,1.9,11.8,4.2
937,0.9901,0,WARNING,7.9,2.1,12.1,4.5
938,0.9901,0,WARNING,7.9,2.1,12.0,4.5
939,0.9901,0,WARNING,7.9,2.3,12.1,4.5
940,0.9982,0,WARNING,7.9,2.1,12.2,3.1
941,0.9982,0,WARNING,7.9,2.0,12.0,3.0
942,0.9901,0,WARNING,7.9,2.3,12.3,4.6
943,0.9901,0,WARNING,7.8,2.1,12.0,4.6
944,0.9982,0,WARNING,7.9,1.9,12.1,3.1
945,0.9901,0,WARNING,7.8,2.1,11.9,4.5
946,0.9901,0,WARNING,7.8,2.1,11.8,4.2
947,0.9901,0,WARNING,7.8,2.0,11.9,4.4
948,0.9901,0,WARNING,7.8,2.0,11.8,4.5
949,0.9901,0,WARNING,7.9,2.2,12.0,4.5
950,0.9982,0,WARNING,7.8,2.0,11.8,3.7
951,0.9901,0,WARNING,7.8,2.0,11.5,4.2
952,0.9982,0,WARNING,7.9,2.2,12.1,3.7
953,0.9982,0,WARNING,7.8,2.1,11.7,3.1
954,0.9901,0,WARNING,7.9,1.9,11.9,4.2
955,0.9901,0,WARNING,7.8,2.1,12.0,4.4
956,0.9901,0,WARNING,7.7,2.1,12.2,4.6
957,0.9982,0,WARNING,7.7,1.9,12.2,3.2
958,0.9901,0,WARNING,7.7,2.0,12.1,4.4
959,0.9901,0,WARNING,7.7,2.2,12.3,4.5
960,0.9899,0,WARNING,7.7,2.0,12.3,5.0
961,0.9901,0,WARNING,7.5,1.6,8.6,3.2
962,0.9982,0,WARNING,7.9,3.0,16.8,4.7
963,0.99,0,WARNING,7.8,2.1,12.1,4.3
964,0.99,0,WARNING,7.7,2.1,11.9,4.6
965,0.9899,0,WARNING,7.7,2.1,12.2,5.0
966,0.9901,0,WARNING,7.6,1.9,10.2,3.9
967,0.9896,0,WARNING,7.6,2.4,13.7,4.8
968,0.9892,0,WARNING,8.3,2.4,12.8,4.5
969,0.9982,0,WARNING,9.4,3.1,12.9,4.6
970,0.9854,0,WARNING,13.2,7.6,27.6,10.0
971,0.9963,0,WARNING,10.9,3.2,16.5,8.7
972,0.99,0,WARNING,8.2,2.4,12.4,4.6
973,0.9983,0,WARNING,8.0,2.1,12.5,3.5
974,0.9982,0,WARNING,7.9,2.2,12.5,3.3
975,0.99,0,WARNING,7.9,2.2,12.4,3.9
976,0.99,0,WARNING,7.8,2.1,12.3,4.7
977,0.99,0,WARNING,7.8,2.2,12.5,4.5
978,0.99,0,WARNING,7.8,2.1,12.7,4.6
979,0.9899,0,WARNING,7.7,2.3,12.7,4.5
980,0.99,0,WARNING,7.8,2.2,13.1,4.8
981,0.99,0,WARNING,7.8,2.2,12.9,4.8
982,0.9982,0,WARNING,7.7,2.5,13.2,3.5
983,0.99,0,WARNING,7.7,2.2,12.7,4.8
984,0.99,0,WARNING,7.7,2.2,12.6,4.9
985,0.9899,0,WARNING,7.7,2.3,12.7,4.4
986,0.9899,0,WARNING,7.6,2.4,12.7,5.1
987,0.9982,0,WARNING,7.6,2.4,12.8,3.3
988,0.9898,0,WARNING,7.6,2.2,13.0,5.3
989,0.99,0,WARNING,7.6,2.5,12.8,4.8
990,0.99,0,WARNING,7.6,2.3,12.8,4.5
991,0.99,0,WARNING,7.5,2.0,10.8,3.3
992,0.9901,0,WARNING,7.4,1.7,10.3,4.0
993,0.9901,0,WARNING,7.3,1.0,8.1,3.1
994,0.9902,0,WARNING,7.3,0.7,7.6,3.1
995,0.9902,0,WARNING,7.3,0.8,7.7,2.5
996,0.9903,0,WARNING,7.3,0.7,7.7,2.6
997,0.9903,0,WARNING,7.3,0.9,8.0,2.6
998,0.9897,0,WARNING,7.3,1.1,8.3,3.7
999,0.9895,0,WARNING,7.8,2.8,13.2,5.0
1000,0.9902,0,WARNING,8.6,4.2,17.2,5.4
1001,0.99,0,WARNING,7.9,1.7,9.9,2.8
1002,0.9901,0,WARNING,7.8,2.0,11.1,4.0
1003,0.9901,0,WARNING,7.6,0.8,8.0,3.2
1004,0.9982,0,WARNING,7.6,0.9,8.6,2.1
1005,0.9896,0,WARNING,7.7,0.9,8.2,4.2
1006,0.9902,0,WARNING,7.6,0.6,7.4,3.0
1007,0.9896,0,WARNING,8.5,4.9,18.1,6.2
1008,0.9982,0,WARNING,9.0,5.3,18.3,5.1
1009,0.9897,0,WARNING,9.2,5.9,20.8,7.4
1010,0.9895,0,WARNING,8.6,3.5,15.1,5.9
1011,0.9898,0,WARNING,8.3,2.3,11.9,4.4
1012,0.9982,0,WARNING,7.9,0.9,8.2,2.0
1013,0.99,0,WARNING,8.2,2.6,12.1,4.1
1014,0.9898,0,WARNING,8.7,3.7,16.2,6.4
1015,0.9899,0,WARNING,8.7,3.4,15.3,6.2
1016,0.9897,0,WARNING,8.8,3.6,16.2,6.2
1017,0.9896,0,WARNING,9.0,4.7,19.8,7.1
1018,0.9983,0,WARNING,9.2,5.2,21.9,7.0
1019,0.9898,0,WARNING,9.2,5.4,21.8,8.4
1020,0.9898,0,WARNING,9.9,5.3,22.7,8.8
1021,0.9983,0,WARNING,9.5,5.4,22.0,7.1
1022,0.9983,0,WARNING,9.1,3.5,16.2,4.5
1023,0.9898,0,WARNING,9.4,2.8,13.9,5.7
1024,0.9898,0,WARNING,9.5,2.7,14.0,5.3
1025,0.9982,0,WARNING,9.4,2.9,14.0,3.5
1026,0.9982,0,WARNING,9.3,2.7,14.1,3.7
1027,0.9898,0,WARNING,9.1,3.1,14.5,5.3
1028,0.9889,0,WARNING,9.8,3.0,14.3,5.0
1029,0.9983,0,WARNING,11.7,11.2,15.0,7.3
1030,0.9852,0,WARNING,15.1,8.8,26.7,11.3
1031,0.9962,0,WARNING,13.5,4.2,18.9,9.1
1032,0.9898,0,WARNING,10.9,6.0,15.0,6.5
1033,0.9898,0,WARNING,8.9,1.7,10.0,3.0
1034,0.9982,0,WARNING,8.5,0.8,8.4,2.0
1035,0.99,0,WARNING,8.3,1.2,8.8,3.6
1036,0.9896,0,WARNING,9.7,6.4,22.7,7.9
1037,0.9897,0,WARNING,9.1,5.2,23.7,9.2
1038,0.9897,0,WARNING,8.7,3.2,15.3,5.7
1039,0.9897,0,WARNING,8.7,3.0,14.9,6.0
1040,0.9898,0,WARNING,8.6,3.3,15.0,5.6
1041,0.9898,0,WARNING,8.6,3.3,15.0,4.6
1042,0.9982,0,WARNING,8.5,3.5,15.3,4.7
1043,0.9898,0,WARNING,8.6,3.2,15.0,4.9
1044,0.9897,0,WARNING,8.6,3.4,15.1,5.5
1045,0.9897,0,WARNING,8.5,3.3,15.0,5.3
1046,0.9897,0,WARNING,8.4,3.2,14.9,6.1
1047,0.9898,0,WARNING,8.4,3.5,15.3,4.8
1048,0.9897,0,WARNING,8.5,3.6,15.4,6.0
1049,0.9897,0,WARNING,8.4,3.7,15.4,6.0
1050,0.9898,0,WARNING,8.4,3.5,15.4,5.6
1051,0.9983,0,WARNING,8.2,3.6,15.5,4.7
1052,0.9898,0,WARNING,8.4,3.8,15.8,5.7
1053,0.9983,0,WARNING,8.4,3.5,15.5,4.7
1054,0.9898,0,WARNING,8.4,3.7,15.5,5.7
1055,0.9898,0,WARNING,8.3,3.8,14.8,5.2
1056,0.9896,0,WARNING,8.4,3.8,16.7,6.5
1057,0.9983,0,WARNING,8.3,3.7,15.6,4.7
1058,0.9896,0,WARNING,8.2,3.1,12.8,5.3
1059,0.9982,0,WARNING,8.4,4.5,18.6,5.2
1060,0.9983,0,WARNING,8.2,4.0,16.1,5.0
1061,0.9898,0,WARNING,8.3,3.8,16.0,5.9
1062,0.9896,0,WARNING,8.2,4.0,15.6,6.3
1063,0.9898,0,WARNING,8.2,4.0,15.8,5.7
1064,0.9983,0,WARNING,8.3,3.8,15.5,4.6
1065,0.9898,0,WARNING,8.3,3.7,15.5,5.5
1066,0.9896,0,WARNING,8.3,4.1,15.7,6.0
1067,0.9983,0,WARNING,8.3,4.0,15.7,4.3
1068,0.9898,0,WARNING,8.2,3.8,16.2,5.8
1069,0.9983,0,WARNING,8.3,4.2,16.0,4.4
1070,0.9983,0,WARNING,8.3,4.1,16.0,4.9
1071,0.9895,0,WARNING,8.3,3.8,16.1,6.3
1072,0.9898,0,WARNING,8.3,4.1,16.3,5.7
1073,0.9896,0,WARNING,8.3,4.3,16.2,6.2
1074,0.9896,0,WARNING,8.3,4.2,16.1,6.6
1075,0.9896,0,WARNING,8.3,4.1,16.4,6.5
1076,0.9897,0,WARNING,8.3,4.4,16.0,6.3
1077,0.9983,0,WARNING,8.3,4.5,16.4,5.1
1078,0.9983,0,WARNING,8.3,4.0,16.4,4.5
1079,0.9897,0,WARNING,8.4,4.4,16.2,6.2
1080,0.9983,0,WARNING,8.3,4.5,16.8,4.6
1081,0.9896,0,WARNING,8.4,4.6,16.4,6.3
1082,0.9983,0,WARNING,8.4,4.6,16.8,5.2
1083,0.9895,0,WARNING,8.3,4.6,16.8,6.5
1084,0.9895,0,WARNING,8.3,4.4,15.1,5.9
1085,0.9895,0,WARNING,8.6,5.3,18.5,7.1
1086,0.9896,0,WARNING,8.6,5.0,17.1,6.7
1087,0.9983,0,WARNING,8.5,4.8,17.1,4.7
1088,0.988,0,WARNING,9.5,5.1,17.0,5.5
1089,0.9897,0,WARNING,12.0,6.2,18.6,7.7
1090,1.0,0,WARNING,15.2,16.1,32.6,16.6
1091,0.9999,0,WARNING,12.3,7.4,24.1,13.0
1092,0.9895,0,WARNING,9.3,5.8,17.9,6.3
1093,0.9894,0,WARNING,9.3,5.8,17.8,6.3
1094,0.9894,0,WARNING,9.1,5.7,18.0,6.5
1095,0.9895,0,WARNING,9.1,5.2,17.4,5.4
1096,0.9896,0,WARNING,9.2,6.2,18.2,5.8
1097,0.9894,0,WARNING,9.2,6.1,17.5,6.7
1098,0.9983,0,WARNING,9.1,5.9,18.7,5.2
1099,0.9894,0,WARNING,9.1,6.1,18.3,6.9
1100,0.9894,0,WARNING,9.1,6.1,17.9,6.8
1101,0.9983,0,WARNING,9.4,6.5,18.6,5.7
1102,0.9894,0,WARNING,9.5,6.0,17.7,6.7
1103,0.9894,0,WARNING,9.4,6.3,18.3,6.8
1104,0.9896,0,WARNING,9.5,6.6,18.6,6.3
1105,0.9895,0,WARNING,10.0,6.3,18.5,6.3
1106,0.9895,0,WARNING,10.0,6.0,17.9,6.2
1107,0.9895,0,WARNING,10.8,7.0,19.6,6.9
1108,0.9983,0,WARNING,11.0,6.6,17.9,5.4
1109,0.9983,0,WARNING,11.3,6.5,19.3,6.2
1110,0.9894,0,WARNING,11.1,6.7,18.8,6.4
1111,0.9894,0,WARNING,11.4,6.9,19.1,6.6
1112,0.9983,0,WARNING,11.4,7.1,19.5,5.9
1113,0.9983,0,WARNING,11.2,6.6,19.5,5.9
1114,0.9894,0,WARNING,11.4,6.5,20.0,7.7
1115,0.9894,0,WARNING,11.4,7.3,19.8,7.4
1116,0.9893,0,WARNING,12.0,7.3,19.7,7.5
1117,0.9983,0,WARNING,11.6,7.2,19.9,6.3
1118,0.9983,0,WARNING,11.5,6.5,19.2,5.3
1119,0.9894,0,WARNING,11.6,6.8,20.1,7.4
1120,0.9893,0,WARNING,11.5,6.9,19.6,7.0
1121,0.9894,0,WARNING,12.1,7.5,20.0,7.2
1122,0.9895,0,WARNING,11.8,6.6,19.1,7.3
1123,0.9894,0,WARNING,11.7,7.3,20.2,6.3
1124,0.9892,0,WARNING,11.7,7.1,19.9,7.7
1125,0.9894,0,WARNING,12.0,6.9,20.1,7.0
1126,0.9894,0,WARNING,11.9,6.9,20.6,7.6
1127,0.9983,0,WARNING,12.0,7.2,19.6,5.9
1128,0.9894,0,WARNING,11.7,7.1,20.0,6.9
1129,0.9893,0,WARNING,11.6,6.7,19.6,7.2
1130,0.9893,0,WARNING,11.6,7.4,20.4,7.0
1131,0.9894,0,WARNING,11.7,7.2,19.0,7.1
1132,0.9893,0,WARNING,11.8,7.2,20.9,7.8
1133,0.9983,0,WARNING,11.5,6.9,20.1,5.5
1134,0.9983,0,WARNING,11.4,7.3,20.2,5.6
1135,0.9893,0,WARNING,11.3,7.2,19.7,7.2
1136,0.9893,0,WARNING,11.7,7.0,20.0,7.2
1137,0.9892,0,WARNING,11.7,7.0,20.3,7.1
1138,0.9892,0,WARNING,11.7,7.6,20.6,7.6
1139,0.9895,0,WARNING,11.5,7.3,19.2,7.1
1140,0.9895,0,WARNING,11.7,7.4,20.7,7.2
1141,0.9893,0,WARNING,11.6,7.6,20.8,8.1
1142,0.9893,0,WARNING,11.7,7.8,20.2,6.3
1143,0.9983,0,WARNING,11.5,7.4,20.4,5.5
1144,0.9893,0,WARNING,11.7,7.1,20.7,6.5
1145,0.9983,0,WARNING,12.1,7.7,20.5,6.2
1146,0.9983,0,WARNING,11.6,7.4,20.4,6.1
1147,0.9983,0,WARNING,11.5,7.3,20.9,6.5
1148,0.9886,0,WARNING,12.3,7.2,20.0,7.3
1149,0.9854,0,WARNING,13.5,9.2,21.4,8.9
1150,1.0,0,ANOMALY,18.1,16.8,34.9,20.2
1151,0.9881,0,WARNING,15.9,10.5,29.1,11.5
1152,0.9999,0,WARNING,13.6,10.5,27.3,11.5
1153,0.9894,0,WARNING,12.0,7.6,20.9,6.6
1154,0.9892,0,WARNING,11.7,7.7,21.1,7.9
1155,0.9892,0,WARNING,11.5,7.4,20.5,7.7
1156,0.9984,0,WARNING,11.6,7.6,21.5,6.5
1157,0.9893,0,WARNING,11.9,7.9,21.3,7.9
1158,0.9894,0,WARNING,11.6,7.7,20.8,7.8
1159,0.9895,0,WARNING,11.9,7.5,21.2,7.1
1160,0.9894,0,WARNING,11.7,7.7,20.9,7.6
1161,0.9893,0,WARNING,11.8,6.3,18.4,6.4
1162,0.9893,0,WARNING,11.7,8.3,23.9,8.6
1163,0.9895,0,WARNING,12.3,7.7,21.3,8.0
1164,0.9895,0,WARNING,11.8,7.1,21.1,7.8
1165,0.9892,0,WARNING,11.7,8.4,21.9,7.6
1166,0.9892,0,WARNING,11.3,7.2,21.3,8.0
1167,0.9892,0,WARNING,11.6,7.7,20.9,7.6
1168,0.9892,0,WARNING,11.7,7.7,21.0,7.7
1169,0.9983,0,WARNING,11.4,7.4,21.8,6.6
1170,0.9983,0,WARNING,11.3,7.5,20.7,6.2
1171,0.9894,0,WARNING,11.5,7.8,21.1,7.1
1172,0.9893,0,WARNING,11.2,7.4,21.4,7.4
1173,0.9892,0,WARNING,11.2,7.4,22.0,8.3
1174,0.9984,0,WARNING,11.1,7.8,20.9,6.2
1175,0.9916,0,WARNING,11.3,7.7,21.4,8.3
1176,0.9892,0,WARNING,10.9,7.8,21.3,7.8
1177,0.9892,0,WARNING,10.9,7.4,21.4,7.7
1178,0.9894,0,WARNING,10.9,7.2,21.1,8.0
1179,0.9892,0,WARNING,10.9,8.0,22.0,8.0
1180,0.9892,0,WARNING,10.6,7.5,21.0,7.8
1181,0.9984,0,WARNING,10.4,7.1,21.5,6.5
1182,0.9892,0,WARNING,10.8,7.4,21.4,8.1
1183,0.9892,0,WARNING,10.4,7.8,21.3,7.0
1184,0.9892,0,WARNING,10.6,7.9,21.6,8.0
1185,0.9892,0,WARNING,10.5,7.2,21.3,7.9
1186,0.9983,0,WARNING,10.5,7.9,21.2,6.6
1187,0.9983,0,WARNING,10.4,7.6,21.5,6.1
1188,0.9983,0,WARNING,10.3,7.3,21.2,6.4
1189,0.9892,0,WARNING,10.3,7.7,21.7,8.0
1190,0.9894,0,WARNING,10.2,7.9,20.7,6.9
1191,0.9892,0,WARNING,10.5,7.8,21.6,7.0
1192,0.9893,0,WARNING,10.9,7.3,22.1,7.4
1193,0.9893,0,WARNING,10.7,7.6,20.6,7.6
1194,0.9892,0,WARNING,10.8,8.0,21.8,7.9
1195,0.9894,0,WARNING,10.4,7.5,20.8,7.7
1196,0.9892,0,WARNING,10.7,7.5,22.4,8.2
1197,0.9984,0,WARNING,10.3,7.5,21.2,6.6
1198,0.9897,0,WARNING,10.1,7.3,20.1,7.5
1199,0.9983,0,WARNING,10.5,7.8,22.0,6.6
1200,0.9983,0,WARNING,10.3,7.1,20.8,6.2
1201,0.9983,0,WARNING,10.2,7.8,21.8,7.0
1202,0.9892,0,WARNING,10.1,8.1,21.2,7.2
1203,0.9894,0,WARNING,10.1,7.8,20.3,7.4
1204,0.9983,0,WARNING,10.1,7.0,20.8,6.5
1205,0.9891,0,WARNING,10.3,8.1,21.4,7.8
1206,0.9892,0,WARNING,10.1,7.7,21.2,8.4
1207,0.9892,0,WARNING,10.1,7.5,21.0,7.0
1208,0.9885,0,WARNING,11.0,7.5,21.7,7.1
1209,0.9836,0,WARNING,13.5,9.0,22.3,10.4
1210,1.0,0,ANOMALY,17.2,20.9,38.5,21.9
1211,1.0,0,WARNING,14.9,8.8,27.1,13.4
1212,0.9985,0,WARNING,11.9,8.6,21.1,6.4
1213,0.9892,0,WARNING,11.8,7.6,21.4,8.0
1214,0.9892,0,WARNING,12.2,8.1,22.1,7.4
1215,0.9891,0,WARNING,12.1,7.6,20.9,7.6
1216,0.9894,0,WARNING,11.5,7.1,20.3,7.4
1217,0.9892,0,WARNING,11.7,7.6,21.4,6.6
1218,0.9983,0,WARNING,11.8,7.9,21.3,6.5
1219,0.9891,0,WARNING,11.8,7.1,21.1,7.6
1220,0.9983,0,WARNING,12.2,7.2,21.4,6.6
1221,0.9892,0,WARNING,12.1,8.0,21.4,7.9
1222,0.9891,0,WARNING,12.4,7.5,20.4,7.4
1223,0.9983,0,WARNING,12.3,7.2,21.3,5.8
1224,0.9983,0,WARNING,11.7,6.6,18.2,5.3
1225,0.9892,0,WARNING,12.0,7.8,24.0,8.7
1226,0.9893,0,WARNING,11.9,7.0,20.2,6.9
1227,0.9893,0,WARNING,11.6,7.3,21.7,7.9
1228,0.9983,0,WARNING,11.9,7.6,21.7,6.8
1229,0.9892,0,WARNING,11.6,6.4,18.2,6.9
1230,0.9892,0,WARNING,12.0,8.1,23.0,8.4
1231,0.9983,0,WARNING,12.0,8.4,23.0,7.0
1232,0.9983,0,WARNING,12.0,8.2,20.7,6.0
1233,0.9983,0,WARNING,12.1,6.9,21.0,6.9
1234,0.9983,0,WARNING,12.0,8.0,22.3,6.8
1235,0.9892,0,WARNING,12.0,7.7,21.1,7.2
1236,0.9892,0,WARNING,12.0,7.7,21.2,8.1
1237,0.9892,0,WARNING,11.8,7.6,20.9,7.8
1238,0.9892,0,WARNING,12.1,7.3,21.3,7.4
1239,0.9892,0,WARNING,12.0,7.6,21.5,7.2
1240,0.9893,0,WARNING,11.9,7.8,20.6,7.4
1241,0.9892,0,WARNING,11.8,7.4,21.5,7.6
1242,0.9983,0,WARNING,11.8,7.2,21.5,6.5
1243,0.9894,0,WARNING,11.8,7.4,20.2,7.5
1244,0.9983,0,WARNING,11.5,7.4,21.0,6.5
1245,0.9892,0,WARNING,11.4,7.5,21.1,7.9
1246,0.9892,0,WARNING,11.2,7.4,21.4,7.9
1247,0.9893,0,WARNING,11.3,7.6,20.6,6.2
1248,0.9892,0,WARNING,11.1,7.3,20.4,7.5
1249,0.9893,0,WARNING,11.1,6.4,20.5,7.2
1250,0.9892,0,WARNING,11.1,7.5,21.4,8.0
1251,0.9892,0,WARNING,11.1,7.4,20.8,7.0
1252,0.9892,0,WARNING,10.9,7.3,20.4,6.9
1253,0.9891,0,WARNING,11.0,6.9,20.6,7.5
1254,0.9892,0,WARNING,10.9,7.4,20.9,7.6
1255,0.9893,0,WARNING,11.0,7.4,20.3,6.8
1256,0.9983,0,WARNING,10.6,7.0,20.6,6.6
1257,0.9891,0,WARNING,11.1,7.6,21.9,8.1
1258,0.9983,0,WARNING,10.2,6.3,17.3,5.4
1259,0.9923,0,WARNING,9.2,4.0,10.8,4.1
1260,0.9992,0,WARNING,11.9,13.6,21.7,9.5
1261,0.9891,0,WARNING,10.7,7.6,20.7,7.7
1262,0.9984,0,WARNING,10.7,7.3,21.3,6.6
1263,0.9983,0,WARNING,10.4,6.9,19.8,6.4
1264,0.9983,0,WARNING,10.6,5.1,14.6,4.8
1265,1.0,0,ANOMALY,13.2,21.4,21.6,8.9
1266,0.9984,0,WARNING,10.3,5.8,17.6,5.4
1267,0.9984,0,WARNING,9.9,4.1,10.8,2.6
1268,0.9986,0,WARNING,12.6,13.7,21.6,10.7
1269,0.9893,0,WARNING,12.7,6.0,14.5,6.6
1270,1.0,0,ANOMALY,16.4,12.8,24.0,15.7
1271,1.0,0,ANOMALY,17.2,20.6,25.7,12.0
1272,1.0,0,WARNING,12.8,7.4,18.5,12.7
1273,1.0,0,ANOMALY,14.5,22.4,21.3,8.7
1274,0.9924,0,WARNING,11.5,4.8,14.0,5.0
1275,0.9896,0,WARNING,12.9,12.2,21.4,9.5
1276,0.9891,0,WARNING,11.9,7.3,21.1,7.9
1277,0.9891,0,WARNING,11.5,7.2,20.9,7.2
1278,0.9984,0,WARNING,11.1,6.4,19.6,5.5
1279,0.9894,0,WARNING,11.5,7.7,21.5,7.0
1280,0.9891,0,WARNING,11.3,7.7,22.5,8.3
1281,0.9892,0,WARNING,11.2,7.3,21.0,7.2
1282,0.9983,0,WARNING,11.1,7.4,21.2,6.6
1283,0.9891,0,WARNING,11.1,6.9,20.6,7.7
1284,0.9891,0,WARNING,10.9,7.4,20.6,7.0
1285,0.9891,0,WARNING,10.7,7.6,21.4,7.9
1286,0.9983,0,WARNING,10.4,7.1,20.5,6.3
1287,0.9983,0,WARNING,10.6,7.0,21.4,6.4
1288,0.9892,0,WARNING,10.5,7.0,19.8,7.1
1289,0.9891,0,WARNING,10.6,7.2,21.9,8.2
1290,0.9891,0,WARNING,10.8,7.0,21.1,7.9
1291,0.9891,0,WARNING,10.8,7.2,21.2,8.0
1292,0.9983,0,WARNING,10.4,6.7,20.9,6.2
1293,0.9893,0,WARNING,10.4,6.6,20.2,7.8
1294,0.9983,0,WARNING,10.6,8.8,21.7,6.7
1295,0.9892,0,WARNING,10.4,7.0,21.1,7.6
1296,0.9891,0,WARNING,10.6,6.6,21.4,7.8
1297,0.9891,0,WARNING,10.7,7.4,21.2,7.7
1298,0.9983,0,WARNING,10.5,7.1,21.0,6.4
1299,0.9983,0,WARNING,10.3,7.1,22.4,6.9
1300,0.989,0,WARNING,10.1,6.6,21.2,7.9
1301,0.9983,0,WARNING,10.0,7.4,22.0,6.8
1302,0.9983,0,WARNING,10.1,7.3,21.3,6.0
1303,0.9893,0,WARNING,10.1,7.2,22.0,7.8
1304,0.9891,0,WARNING,10.2,6.8,21.5,7.9
1305,0.9983,0,WARNING,9.9,7.4,21.5,6.6
1306,0.9891,0,WARNING,9.8,7.2,21.3,8.1
1307,0.9983,0,WARNING,10.1,7.2,22.0,6.7
1308,0.9983,0,WARNING,10.5,6.5,20.1,6.2
1309,0.9983,0,WARNING,10.5,7.7,23.2,7.1
1310,0.9891,0,WARNING,10.0,6.9,21.4,8.1
1311,0.9983,0,WARNING,10.2,7.4,21.8,6.6
1312,0.9892,0,WARNING,9.9,6.8,21.7,7.2
1313,0.9891,0,WARNING,10.5,6.8,21.6,8.2
1314,0.9983,0,WARNING,10.9,7.3,21.5,6.6
1315,0.9891,0,WARNING,11.3,7.3,21.2,7.1
1316,0.989,0,WARNING,10.9,6.6,21.4,8.5
1317,0.9983,0,WARNING,11.7,6.7,21.0,5.9
1318,0.9891,0,WARNING,11.6,7.3,20.7,7.7
1319,0.9983,0,WARNING,11.9,7.2,22.0,6.7
1320,0.989,0,WARNING,11.6,7.0,21.9,7.3
1321,0.9892,0,WARNING,11.8,7.1,21.0,7.2
1322,0.989,0,WARNING,12.0,7.5,21.0,7.7
1323,0.9983,0,WARNING,12.3,7.6,22.3,6.8
1324,0.9891,0,WARNING,11.7,6.8,20.8,7.6
1325,0.989,0,WARNING,12.1,6.8,20.6,8.1
1326,0.989,0,WARNING,13.5,7.8,22.4,8.3
1327,0.989,0,WARNING,12.8,7.5,21.4,7.7
1328,0.9891,0,WARNING,13.3,6.7,21.0,7.0
1329,0.9847,0,WARNING,14.1,9.6,22.4,9.8
1330,1.0,0,ANOMALY,18.1,17.5,33.4,19.8
1331,1.0,0,ANOMALY,17.6,9.4,33.1,16.8
1332,0.9985,0,WARNING,14.3,11.0,24.2,8.9
1333,0.9985,0,WARNING,12.4,6.8,21.5,6.6
1334,0.9984,0,WARNING,12.1,6.6,20.4,5.6
1335,0.989,0,WARNING,12.3,7.4,21.8,7.8
1336,0.989,0,WARNING,12.1,7.5,21.8,7.9
1337,0.989,0,WARNING,12.2,7.1,21.2,7.9
1338,0.9984,0,WARNING,12.4,7.0,20.9,6.2
1339,0.9983,0,WARNING,11.9,6.9,21.2,6.0
1340,0.9983,0,WARNING,12.3,7.2,20.5,6.2
1341,0.9892,0,WARNING,12.0,7.2,21.3,7.7
1342,0.9889,0,WARNING,12.1,7.0,21.3,7.9
1343,0.9889,0,WARNING,11.8,7.0,20.0,7.3
1344,0.9983,0,WARNING,11.7,7.1,21.1,5.6
1345,0.9893,0,WARNING,11.4,6.9,21.2,7.5
1346,0.989,0,WARNING,11.5,6.6,20.8,7.9
1347,0.9889,0,WARNING,11.3,6.9,20.8,7.6
1348,0.9889,0,WARNING,11.1,6.9,20.4,7.5
1349,0.9889,0,WARNING,11.2,7.0,21.4,8.0
1350,0.9889,0,WARNING,11.0,6.7,21.2,7.9
1351,0.9983,0,WARNING,11.1,6.7,20.4,5.5
1352,0.989,0,WARNING,11.3,6.7,19.8,7.3
1353,0.9893,0,WARNING,10.9,7.5,21.1,7.4
1354,0.9888,0,WARNING,11.0,7.0,22.3,8.3
1355,0.9983,0,WARNING,11.4,7.1,21.1,6.0
1356,0.9888,0,WARNING,11.5,7.1,21.5,8.0
1357,0.9983,0,WARNING,11.1,7.0,20.6,6.2
1358,0.9983,0,WARNING,11.1,7.1,21.3,6.4
1359,0.9983,0,WARNING,11.5,7.1,21.1,6.2
1360,0.9887,0,WARNING,11.6,7.2,21.1,7.6
1361,0.9888,0,WARNING,11.4,7.4,21.4,8.5
1362,0.9892,0,WARNING,11.2,6.9,20.7,6.3
1363,0.9888,0,WARNING,11.1,7.0,20.6,7.8
1364,0.9983,0,WARNING,11.1,7.3,21.5,7.0
1365,0.9888,0,WARNING,11.2,7.2,20.6,8.3
1366,0.9888,0,WARNING,11.5,7.2,20.7,7.6
1367,0.9983,0,WARNING,11.2,6.8,21.1,6.2
1368,0.9893,0,WARNING,10.9,6.9,20.9,7.2
1369,0.9887,0,WARNING,10.9,6.6,20.1,6.8
1370,0.9887,0,WARNING,10.9,7.1,20.7,7.8
1371,0.9983,0,WARNING,10.9,7.1,21.1,6.5
1372,0.9983,0,WARNING,10.5,6.7,21.1,6.5
1373,0.9887,0,WARNING,10.7,7.2,20.5,7.5
1374,0.9983,0,WARNING,10.5,7.5,21.5,6.5
1375,0.9893,0,WARNING,10.6,7.2,21.0,7.2
1376,0.9887,0,WARNING,10.4,6.4,19.9,7.1
1377,0.9887,0,WARNING,10.6,7.6,22.2,8.1
1378,0.9983,0,WARNING,10.6,7.3,20.4,6.0
1379,0.9983,0,WARNING,10.4,7.2,21.1,6.4
1380,0.9983,0,WARNING,10.5,7.1,21.9,6.8
1381,0.9983,0,WARNING,10.3,7.0,20.5,6.2
1382,0.9893,0,WARNING,10.6,7.5,21.7,7.5
1383,0.9887,0,WARNING,10.6,6.8,21.2,7.8
1384,0.9893,0,WARNING,10.8,6.9,21.0,7.3
1385,0.9983,0,WARNING,10.8,7.4,20.9,6.4
1386,0.9983,0,WARNING,11.0,7.3,20.3,6.1
1387,0.9887,0,WARNING,10.9,6.7,21.2,7.9
1388,0.9983,0,WARNING,11.7,7.3,20.7,6.1
1389,0.9845,0,WARNING,12.7,8.3,21.8,9.5
1390,1.0,0,ANOMALY,16.3,16.1,32.4,19.0
1391,0.9967,0,WARNING,14.1,12.0,28.7,11.8
1392,1.0,0,ANOMALY,12.7,9.6,30.6,17.9
1393,0.9888,0,WARNING,10.9,7.1,20.4,7.5
1394,0.9889,0,WARNING,10.8,7.2,21.8,7.6
1395,0.9887,0,WARNING,10.5,7.4,21.3,7.8
1396,0.9889,0,WARNING,10.3,7.4,20.5,7.6
1397,0.9984,0,WARNING,10.5,7.2,21.7,6.6
1398,0.9983,0,WARNING,10.4,7.2,22.8,6.4
1399,0.9886,0,WARNING,10.3,7.4,21.2,7.7
1400,0.9886,0,WARNING,10.3,7.4,21.8,8.0
1401,0.9983,0,WARNING,10.2,8.9,22.1,6.2
1402,0.9887,0,WARNING,10.5,7.0,21.7,8.0
1403,0.9892,0,WARNING,10.2,7.1,21.9,7.5
1404,0.9984,0,WARNING,10.6,7.4,21.9,6.2
1405,0.9886,0,WARNING,10.8,7.6,21.7,8.0
1406,0.9889,0,WARNING,10.7,6.5,21.4,7.7
1407,0.9892,0,WARNING,10.4,7.2,23.0,7.8
1408,0.9984,0,WARNING,10.3,7.5,21.8,6.5
1409,0.9983,0,WARNING,10.3,7.5,22.3,6.8
1410,0.9887,0,WARNING,10.1,7.4,22.2,8.2
1411,0.9983,0,WARNING,10.2,7.4,21.7,6.5
1412,0.9983,0,WARNING,10.1,7.5,21.7,6.2
1413,0.9889,0,WARNING,10.1,7.4,21.4,7.9
1414,0.9886,0,WARNING,9.9,7.2,22.5,7.6
1415,0.9893,0,WARNING,10.2,6.9,20.7,7.0
1416,0.9889,0,WARNING,10.5,8.3,22.4,8.0
1417,0.9886,0,WARNING,10.6,7.4,22.7,8.4
1418,0.9887,0,WARNING,10.2,6.2,20.0,7.4
1419,0.9889,0,WARNING,10.6,8.1,23.0,8.6
1420,0.9886,0,WARNING,10.8,7.7,22.3,8.0
1421,0.9887,0,WARNING,11.0,7.2,22.3,8.2
1422,0.9892,0,WARNING,11.3,7.4,21.4,7.3
1423,0.9892,0,WARNING,11.3,7.7,22.5,7.1
1424,0.9887,0,WARNING,11.1,6.9,21.9,8.2
1425,0.9983,0,WARNING,11.6,7.7,21.5,6.5
1426,0.9887,0,WARNING,12.0,7.3,20.8,7.5
1427,0.9887,0,WARNING,11.6,7.3,22.1,8.2
1428,0.9892,0,WARNING,12.0,7.2,21.5,7.5
1429,0.9887,0,WARNING,12.2,7.3,22.0,8.1
1430,0.9887,0,WARNING,12.6,7.4,21.1,7.6
1431,0.9886,0,WARNING,12.2,7.4,21.9,8.0
1432,0.9892,0,WARNING,12.0,7.0,21.2,7.1
1433,0.9887,0,WARNING,12.0,7.3,22.2,8.2
1434,0.9984,0,WARNING,11.6,7.4,21.6,6.5
1435,0.9887,0,WARNING,11.5,7.0,21.4,7.8
1436,0.9983,0,WARNING,11.7,7.1,21.8,7.2
1437,0.9887,0,WARNING,12.4,7.4,21.6,7.3
1438,0.9892,0,WARNING,12.3,7.3,21.7,7.5
1439,0.9892,0,WARNING,12.3,7.0,22.0,7.4
1440,0.9887,0,WARNING,12.3,7.1,21.4,7.7
1441,0.9983,0,WARNING,12.5,7.5,22.1,6.8
1442,0.9983,0,WARNING,12.0,7.8,21.6,6.4
1443,0.9889,0,WARNING,12.4,7.4,21.4,8.1
1444,0.9892,0,WARNING,11.7,6.3,19.8,6.1
1445,0.9887,0,WARNING,11.8,7.7,25.4,9.1
1446,0.9887,0,WARNING,11.8,7.6,21.5,7.8
1447,0.9886,0,WARNING,11.6,7.1,21.9,8.1
1448,0.9984,0,WARNING,12.4,7.0,21.7,6.4
1449,0.9843,0,WARNING,13.5,8.2,21.9,9.2
1450,1.0,0,ANOMALY,18.2,18.8,38.1,22.6
1451,1.0,0,ANOMALY,16.1,8.1,29.7,14.4
1452,1.0,0,WARNING,14.8,13.0,27.6,13.9
1453,0.9887,0,WARNING,11.7,6.0,18.0,6.3
1454,0.9889,0,WARNING,12.2,8.5,25.6,8.6
1455,0.9887,0,WARNING,11.9,7.1,21.5,7.2
1456,0.9889,0,WARNING,11.9,6.6,21.1,7.6
1457,0.9887,0,WARNING,11.8,6.9,23.1,8.5
1458,0.9892,0,WARNING,11.9,7.3,21.6,7.4
1459,0.9984,0,WARNING,11.7,7.2,21.4,6.5
1460,0.9983,0,WARNING,11.4,6.6,21.7,6.5
1461,0.9887,0,WARNING,11.5,7.0,22.5,8.0
1462,0.9983,0,WARNING,11.3,7.2,21.2,6.3
1463,0.9886,0,WARNING,11.2,7.4,21.7,7.8
1464,0.9886,0,WARNING,11.4,7.1,22.3,8.1
1465,0.9983,0,WARNING,11.3,6.4,20.9,6.2
1466,0.9886,0,WARNING,11.5,7.8,22.2,7.4
1467,0.9983,0,WARNING,11.5,7.5,22.4,6.9
1468,0.9886,0,WARNING,11.3,7.1,21.5,7.8
1469,0.9886,0,WARNING,11.2,7.0,22.3,8.4
1470,0.9886,0,WARNING,11.4,7.3,21.6,7.1
1471,0.9886,0,WARNING,11.2,7.7,22.2,7.9
1472,0.9892,0,WARNING,11.2,6.8,21.5,6.5
1473,0.9885,0,WARNING,11.0,7.3,21.9,8.1
1474,0.9892,0,WARNING,10.9,7.6,22.6,7.8
1475,0.9886,0,WARNING,11.3,6.9,21.5,7.8
1476,0.9984,0,WARNING,11.0,6.6,18.8,5.7
1477,0.9983,0,WARNING,11.3,8.0,24.4,7.5
1478,0.9892,0,WARNING,11.1,7.7,22.7,7.0
1479,0.9884,0,WARNING,11.0,6.5,20.4,7.9
1480,0.9886,0,WARNING,11.4,7.8,23.5,8.4
1481,0.9885,0,WARNING,11.0,7.3,21.6,7.7
1482,0.9984,0,WARNING,11.0,7.4,21.2,5.8
1483,0.9885,0,WARNING,10.8,6.9,21.6,7.9
1484,0.9893,0,WARNING,10.4,6.7,21.8,6.8
1485,0.9983,0,WARNING,10.6,7.2,21.4,6.1
1486,0.9983,0,WARNING,10.3,6.8,20.6,6.1
1487,0.9983,0,WARNING,10.3,6.8,21.1,5.8
1488,0.9983,0,WARNING,10.3,6.8,21.0,6.3
1489,0.9885,0,WARNING,11.0,6.9,21.3,7.9
1490,0.9883,0,WARNING,11.0,7.0,21.0,7.2
1491,0.9938,0,WARNING,11.5,11.3,21.6,7.5
1492,0.9882,0,WARNING,10.7,6.9,20.9,7.6
1493,0.9983,0,WARNING,10.6,6.9,21.4,6.5
1494,0.9893,0,WARNING,10.9,7.0,21.2,6.6
1495,0.9893,0,WARNING,10.7,7.3,21.2,7.4
1496,0.9882,0,WARNING,10.5,6.5,20.8,7.6
1497,0.9882,0,WARNING,10.5,6.9,21.4,7.9
1498,0.9881,0,WARNING,10.5,7.1,21.2,7.2
1499,0.9893,0,WARNING,10.4,7.0,21.5,7.5
1500,0.9983,0,WARNING,10.5,6.4,20.2,6.3
1501,0.9881,0,WARNING,10.4,7.3,21.8,8.2
1502,0.9983,0,WARNING,10.2,7.2,20.6,6.1
1503,0.9882,0,WARNING,10.3,7.1,21.6,7.1
1504,0.9881,0,WARNING,10.6,6.7,20.5,7.5
1505,0.9983,0,WARNING,10.5,7.0,21.6,6.6
1506,0.9983,0,WARNING,10.2,6.8,21.1,6.4
1507,0.9881,0,WARNING,10.4,6.6,20.5,8.0
1508,0.9871,0,WARNING,11.1,6.8,21.2,7.7
1509,0.9993,0,WARNING,14.0,10.2,23.2,11.2
1510,1.0,0,ANOMALY,16.6,19.5,40.3,23.3
1511,0.9883,0,WARNING,14.0,7.0,22.1,7.1
1512,1.0,0,ANOMALY,12.4,9.0,27.2,15.3
1513,0.9882,0,WARNING,10.8,6.9,21.4,8.0
1514,0.989,0,WARNING,10.8,6.8,20.7,6.5
1515,0.9882,0,WARNING,10.4,6.7,20.6,7.8
1516,0.9983,0,WARNING,10.5,7.1,21.0,6.3
1517,0.9881,0,WARNING,10.6,6.6,21.0,8.0
1518,0.9983,0,WARNING,10.5,6.5,20.7,5.5
1519,0.9893,0,WARNING,10.6,7.0,22.1,6.9
1520,0.9983,0,WARNING,10.6,6.8,20.8,6.3
1521,0.9882,0,WARNING,10.5,6.5,20.8,7.7
1522,0.9983,0,WARNING,10.5,6.7,21.6,6.6
1523,0.9882,0,WARNING,11.0,6.5,21.7,8.1
1524,0.9983,0,WARNING,11.0,6.7,19.2,5.2
1525,0.9882,0,WARNING,10.9,6.9,22.2,8.1
1526,0.9882,0,WARNING,10.9,6.6,21.3,7.3
1527,0.9882,0,WARNING,11.6,6.7,21.3,7.7
1528,0.9881,0,WARNING,11.5,6.7,21.5,8.0
1529,0.9983,0,WARNING,11.8,6.8,21.3,6.6
1530,0.9983,0,WARNING,12.0,6.4,21.2,6.3
1531,0.9881,0,WARNING,11.9,6.8,21.5,7.2
1532,0.9881,0,WARNING,12.5,7.2,21.3,7.9
1533,0.9882,0,WARNING,12.3,6.4,21.0,7.7
1534,0.9983,0,WARNING,12.3,6.4,21.3,6.4
1535,0.9983,0,WARNING,12.2,6.9,21.3,6.4
1536,0.9983,0,WARNING,12.0,6.9,21.0,6.1
1537,0.9892,0,WARNING,12.0,6.5,21.1,7.3
1538,0.9892,0,WARNING,12.6,6.8,21.1,7.4
1539,0.9881,0,WARNING,12.3,6.8,21.5,8.0
1540,0.9881,0,WARNING,12.1,6.6,21.6,8.2
1541,0.9882,0,WARNING,11.8,6.8,21.9,7.3
1542,0.9983,0,WARNING,12.5,6.9,21.1,5.8
1543,0.9983,0,WARNING,12.0,6.9,21.8,6.2
1544,0.9892,0,WARNING,12.1,6.5,21.6,7.3
1545,0.9983,0,WARNING,12.1,6.7,20.7,5.9
1546,0.9881,0,WARNING,11.8,6.8,21.7,7.5
1547,0.9881,0,WARNING,11.9,6.0,20.9,7.3
1548,0.9881,0,WARNING,11.9,6.6,21.3,7.9
1549,0.9893,0,WARNING,12.2,6.9,21.4,7.4
1550,0.9882,0,WARNING,12.0,6.7,21.3,7.8
1551,0.9881,0,WARNING,11.8,6.5,21.7,8.1
1552,0.9882,0,WARNING,11.7,6.6,21.1,7.0
1553,0.9881,0,WARNING,11.7,6.7,21.6,8.0
1554,0.9881,0,WARNING,11.9,7.0,21.2,7.9
1555,0.9983,0,WARNING,11.6,6.7,21.4,6.5
1556,0.9983,0,WARNING,11.6,6.4,20.6,6.2
1557,0.9882,0,WARNING,11.5,6.5,20.8,7.0
1558,0.9893,0,WARNING,11.4,6.7,21.0,7.2
1559,0.9881,0,WARNING,11.5,6.5,21.8,7.1
1560,0.9882,0,WARNING,11.4,6.6,21.0,7.8
1561,0.9983,0,WARNING,11.4,7.0,21.3,6.0
1562,0.9881,0,WARNING,11.6,6.9,21.4,7.9
1563,0.9893,0,WARNING,11.3,6.7,21.4,6.7
1564,0.9983,0,WARNING,11.3,6.6,21.1,5.9
1565,0.9893,0,WARNING,11.8,7.0,20.9,7.3
1566,0.9983,0,WARNING,11.4,6.6,21.2,6.4
1567,0.9917,0,WARNING,11.4,6.7,21.4,8.6
1568,0.9871,0,WARNING,11.8,6.7,20.5,7.3
1569,0.9893,0,WARNING,13.9,10.2,23.5,9.2
1570,1.0,0,ANOMALY,17.6,15.9,33.1,20.6
1571,1.0,0,ANOMALY,16.7,12.5,27.9,11.6
1572,1.0,0,ANOMALY,14.1,8.9,27.0,15.3
1573,0.9883,0,WARNING,12.4,6.9,21.2,7.9
1574,0.9882,0,WARNING,12.4,6.3,21.2,7.8
1575,0.989,0,WARNING,11.9,6.9,21.1,7.3
1576,0.9891,0,WARNING,11.6,6.8,20.9,7.0
1577,0.9882,0,WARNING,11.6,6.5,20.4,7.5
1578,0.9881,0,WARNING,11.7,6.5,21.4,8.1
1579,0.9983,0,WARNING,11.5,7.1,21.7,6.2
1580,0.9882,0,WARNING,11.2,6.9,21.8,8.0
1581,0.9983,0,WARNING,11.6,6.4,21.2,6.4
1582,0.9881,0,WARNING,11.5,6.5,21.7,7.9
1583,0.9893,0,WARNING,11.5,6.7,21.5,6.5
1584,0.9883,0,WARNING,11.5,6.8,21.4,7.7
1585,0.9983,0,WARNING,11.7,6.5,21.4,6.5
1586,0.9881,0,WARNING,11.2,6.7,21.4,8.4
1587,0.9882,0,WARNING,11.0,6.8,21.2,7.9
1588,0.9983,0,WARNING,10.9,6.9,21.5,6.5
1589,0.9983,0,WARNING,10.9,6.4,21.1,6.5
1590,0.9881,0,WARNING,11.3,6.7,22.2,8.1
1591,0.9881,0,WARNING,11.3,7.0,21.5,7.9
1592,0.9881,0,WARNING,11.0,6.4,21.5,8.0
1593,0.9983,0,WARNING,11.2,6.6,21.3,6.5
1594,0.9983,0,WARNING,11.1,6.9,21.6,6.7
1595,0.9893,0,WARNING,10.8,6.7,21.2,7.3
1596,0.9983,0,WARNING,10.9,6.6,21.3,6.8
1597,0.9893,0,WARNING,10.7,6.6,21.3,7.4
1598,0.9893,0,WARNING,10.7,6.6,20.8,7.0
1599,0.9893,0,WARNING,10.3,5.7,18.3,6.2
1600,0.988,0,WARNING,10.7,7.2,25.6,9.4
1601,0.9893,0,WARNING,10.7,6.7,21.0,7.3
1602,0.9882,0,WARNING,10.5,6.8,21.0,7.2
1603,0.9893,0,WARNING,10.5,6.6,21.6,7.4
1604,0.9893,0,WARNING,10.7,6.3,20.6,6.9
1605,0.9881,0,WARNING,10.7,6.8,21.3,8.0
1606,0.9881,0,WARNING,10.8,6.8,21.6,7.8
1607,0.9893,0,WARNING,10.9,6.4,21.1,6.3
1608,0.9883,0,WARNING,10.9,6.4,20.3,7.6
1609,0.9983,0,WARNING,10.7,6.6,22.4,6.5
1610,0.9881,0,WARNING,10.8,6.6,21.3,8.1
1611,0.9983,0,WARNING,10.6,6.7,21.5,6.6
1612,0.9893,0,WARNING,10.4,6.4,20.9,6.6
1613,0.988,0,WARNING,10.5,6.9,21.5,8.0
1614,0.9893,0,WARNING,10.5,7.1,20.8,6.9
1615,0.988,0,WARNING,10.6,7.3,21.6,7.9
1616,0.9983,0,WARNING,10.4,7.1,21.1,6.4
1617,0.988,0,WARNING,10.5,7.0,22.3,8.4
1618,0.9893,0,WARNING,10.4,7.3,21.0,6.5
1619,0.9882,0,WARNING,10.5,7.5,21.1,7.1
1620,0.9983,0,WARNING,10.6,7.4,21.7,6.7
1621,0.9879,0,WARNING,10.7,7.5,21.0,7.8
1622,0.9882,0,WARNING,10.9,8.0,21.0,7.6
1623,0.9983,0,WARNING,10.5,7.5,22.0,6.0
1624,0.9983,0,WARNING,10.7,7.9,21.3,6.4
1625,0.9879,0,WARNING,10.6,7.6,21.3,7.9
1626,0.9879,0,WARNING,11.0,8.0,21.7,8.0
1627,0.9882,0,WARNING,10.8,7.5,21.4,8.0
1628,0.9866,0,WARNING,11.9,8.7,23.2,8.3
1629,0.9836,0,WARNING,13.4,9.3,22.0,9.2
1630,1.0,0,ANOMALY,17.4,17.5,33.7,19.8
1631,1.0,0,WARNING,15.8,13.2,29.6,11.4
1632,1.0,0,ANOMALY,14.6,11.7,30.5,17.2
1633,0.9883,0,WARNING,12.7,8.7,22.5,8.2
1634,0.9887,0,WARNING,13.5,8.7,22.3,7.5
1635,0.9889,0,WARNING,13.1,8.0,21.6,7.3
1636,0.9883,0,WARNING,13.4,8.4,22.2,7.6
1637,0.989,0,WARNING,13.5,8.3,22.5,6.9
1638,0.9891,0,WARNING,13.3,7.8,21.7,7.4
1639,0.9883,0,WARNING,13.5,7.8,22.3,8.0
1640,0.9984,0,WARNING,13.1,8.3,22.2,6.6
1641,0.9984,0,WARNING,13.3,8.6,22.2,6.7
1642,0.9983,0,WARNING,13.3,8.6,22.6,6.9
1643,0.988,0,WARNING,13.6,8.1,22.4,8.1
1644,0.9891,0,WARNING,13.5,7.6,21.5,7.4
1645,0.9879,0,WARNING,13.6,8.1,22.1,8.1
1646,0.9881,0,WARNING,13.6,8.3,21.6,7.1
1647,0.9983,0,WARNING,13.1,8.0,22.0,6.5
1648,0.9879,0,WARNING,13.0,7.3,20.0,7.6
1649,0.9983,0,WARNING,13.2,8.2,23.5,7.1
1650,0.9879,0,WARNING,13.8,8.7,22.3,8.1
1651,0.9881,0,WARNING,13.2,7.6,22.2,8.1
1652,0.9984,0,WARNING,13.4,8.2,22.7,7.4
1653,0.9984,0,WARNING,13.3,7.8,21.7,6.0
1654,0.9879,0,WARNING,13.7,8.7,22.6,7.4
1655,0.9879,0,WARNING,13.4,7.9,22.5,8.1
1656,0.9882,0,WARNING,13.6,8.1,22.5,8.4
1657,0.9879,0,WARNING,13.6,8.4,22.4,8.2
1658,0.9984,0,WARNING,13.5,7.9,22.5,6.8
1659,0.9883,0,WARNING,13.3,8.1,22.0,8.0
1660,0.9879,0,WARNING,13.3,8.6,23.1,8.4
1661,0.9885,0,WARNING,12.7,7.6,20.9,7.9
1662,0.9984,0,WARNING,12.8,8.4,23.2,7.0
1663,0.9984,0,WARNING,12.5,7.8,22.1,6.6
1664,0.9882,0,WARNING,12.8,8.2,22.4,8.2
1665,0.9892,0,WARNING,12.3,7.9,22.4,7.9
1666,0.9882,0,WARNING,12.5,8.0,22.0,8.0
1667,0.9984,0,WARNING,12.4,8.4,22.5,6.9
1668,0.9892,0,WARNING,12.2,7.6,21.7,6.7
1669,0.9879,0,WARNING,12.3,7.8,22.7,8.3
1670,0.9984,0,WARNING,12.7,8.0,22.2,6.6
1671,0.9879,0,WARNING,12.4,7.9,22.4,7.9
1672,0.9882,0,WARNING,12.8,8.2,21.5,8.1
1673,0.9984,0,WARNING,12.9,7.7,22.0,6.7
1674,0.9983,0,WARNING,12.5,8.0,22.8,6.9
1675,0.9879,0,WARNING,12.4,8.1,22.1,8.2
1676,0.9879,0,WARNING,12.6,7.9,21.8,7.9
1677,0.9879,0,WARNING,12.9,7.6,22.1,8.1
1678,0.9984,0,WARNING,12.5,7.6,21.6,6.6
1679,0.9879,0,WARNING,12.5,8.1,22.2,8.0
1680,0.9879,0,WARNING,12.5,8.0,22.0,8.1
1681,0.9879,0,WARNING,12.4,7.9,22.2,8.2
1682,0.9879,0,WARNING,12.5,8.3,22.3,7.4
1683,0.9984,0,WARNING,12.4,8.1,21.6,6.5
1684,0.9983,0,WARNING,12.5,7.5,23.1,7.0
1685,0.9892,0,WARNING,12.3,7.4,21.2,7.3
1686,0.9882,0,WARNING,12.3,8.3,22.7,7.4
1687,0.9879,0,WARNING,12.1,8.1,22.7,8.2
1688,0.9869,0,WARNING,12.9,7.6,22.6,8.2
1689,0.9831,0,WARNING,13.9,9.2,23.5,9.8
1690,1.0,0,ANOMALY,18.7,17.6,35.8,19.8
1691,1.0,0,WARNING,16.0,14.4,31.6,12.5
1692,1.0,0,ANOMALY,14.5,10.6,32.9,20.8
1693,0.988,0,WARNING,12.5,7.6,21.6,8.3
1694,0.9984,0,WARNING,12.2,8.0,22.3,6.9
1695,0.9984,0,WARNING,12.0,8.0,21.8,6.5
1696,0.9882,0,WARNING,12.0,8.0,21.7,8.0
1697,0.9882,0,WARNING,11.9,7.3,21.7,8.0
1698,0.9984,0,WARNING,11.8,7.3,22.0,6.6
1699,0.9879,0,WARNING,11.8,8.0,22.6,8.2
1700,0.9984,0,WARNING,11.8,8.0,21.7,6.5
1701,0.9879,0,WARNING,11.6,7.8,22.0,8.0
1702,0.9879,0,WARNING,11.5,7.2,20.4,7.2
1703,0.9983,0,WARNING,11.8,8.7,23.8,7.2
1704,0.9879,0,WARNING,11.3,7.6,21.9,8.1
1705,0.9879,0,WARNING,11.5,7.8,21.4,8.0
1706,0.9879,0,WARNING,11.9,7.6,21.4,7.9
1707,0.9879,0,WARNING,11.7,7.6,22.5,8.2
1708,0.9879,0,WARNING,11.4,7.9,21.6,7.9
1709,0.9984,0,WARNING,11.3,7.4,21.2,6.5
1710,0.9983,0,WARNING,11.5,7.3,22.3,6.1
1711,0.9892,0,WARNING,11.1,7.3,21.8,7.4
1712,0.9983,0,WARNING,11.4,7.9,21.2,6.3
1713,0.9983,0,WARNING,11.2,7.6,22.7,6.9
1714,0.988,0,WARNING,11.5,7.5,21.7,7.9
1715,0.9892,0,WARNING,11.6,8.0,23.0,7.7
1716,0.9984,0,WARNING,11.2,7.7,21.7,6.6
1717,0.9983,0,WARNING,11.8,7.4,21.1,6.3
1718,0.9881,0,WARNING,11.9,7.3,21.5,7.6
1719,0.9983,0,WARNING,11.5,8.0,22.5,6.8
1720,0.9892,0,WARNING,11.1,7.4,20.8,6.6
1721,0.9881,0,WARNING,11.2,8.0,22.4,8.2
1722,0.9879,0,WARNING,11.3,8.4,22.7,8.9
1723,0.9984,0,WARNING,11.3,7.9,21.6,6.0
1724,0.9879,0,WARNING,11.3,7.7,22.8,8.4
1725,0.9984,0,WARNING,11.3,7.8,21.8,5.9
1726,0.9983,0,WARNING,11.2,8.0,22.0,7.1
1727,0.9879,0,WARNING,11.0,7.6,22.7,8.2
1728,0.9984,0,WARNING,11.0,8.0,22.3,6.9
1729,0.9879,0,WARNING,10.8,7.8,21.9,8.1
1730,0.9879,0,WARNING,11.0,7.8,22.7,8.4
1731,0.9879,0,WARNING,11.8,8.3,22.5,7.5
1732,0.9984,0,WARNING,11.3,7.5,21.7,6.0
1733,0.9879,0,WARNING,11.6,7.6,23.2,8.5
1734,0.9879,0,WARNING,12.1,8.0,22.3,8.0
1735,0.988,0,WARNING,12.3,8.1,22.7,8.7
1736,0.9879,0,WARNING,12.4,7.3,21.6,8.2
1737,0.9984,0,WARNING,12.4,7.7,22.1,6.5
1738,0.9883,0,WARNING,12.5,7.9,21.2,7.8
1739,0.9983,0,WARNING,13.2,7.7,23.0,6.9
1740,0.988,0,WARNING,13.3,7.4,22.0,8.3
1741,0.9984,0,WARNING,13.4,7.9,22.2,7.1
1742,0.9879,0,WARNING,13.1,8.2,22.6,8.2
1743,0.988,0,WARNING,13.3,7.9,22.0,8.0
1744,0.988,0,WARNING,13.6,7.6,23.0,8.3
1745,0.9881,0,WARNING,13.4,7.8,21.7,7.9
1746,0.9882,0,WARNING,13.9,7.7,22.8,7.6
1747,0.988,0,WARNING,13.4,7.3,22.9,8.4
1748,0.9869,0,WARNING,14.4,8.1,23.2,8.9
1749,0.9993,0,WARNING,17.3,10.1,23.9,11.5
1750,1.0,0,ANOMALY,21.4,23.9,42.2,25.5
1751,0.9878,0,WARNING,15.9,8.4,25.5,8.8
1752,1.0,0,ANOMALY,15.4,10.2,30.0,16.7
1753,0.988,0,WARNING,13.9,8.2,22.9,7.8
1754,0.9887,0,WARNING,13.4,7.7,22.6,7.7
1755,0.9879,0,WARNING,13.2,8.0,22.9,8.5
1756,0.9879,0,WARNING,13.2,8.3,23.2,8.6
1757,0.9984,0,WARNING,13.3,7.6,22.1,6.7
1758,0.9879,0,WARNING,13.2,8.0,23.4,8.5
1759,0.9879,0,WARNING,13.5,8.4,23.7,9.0
1760,0.9879,0,WARNING,13.5,8.2,22.6,8.3
1761,0.9984,0,WARNING,13.9,8.1,22.9,7.0
1762,0.9984,0,WARNING,13.4,7.7,23.2,7.0
1763,0.9984,0,WARNING,13.3,8.0,23.5,7.0
1764,0.9879,0,WARNING,13.0,8.1,23.8,8.7
1765,0.989,0,WARNING,13.0,8.0,22.8,7.8
1766,0.9878,0,WARNING,13.0,7.4,22.7,8.3
1767,0.9878,0,WARNING,12.6,8.0,23.1,8.2
1768,0.9878,0,WARNING,12.8,8.3,23.7,8.6
1769,0.9984,0,WARNING,12.4,7.9,23.5,7.2
1770,0.9878,0,WARNING,12.8,7.6,22.6,8.1
1771,0.988,0,WARNING,12.7,7.9,23.0,7.9
1772,0.9984,0,WARNING,12.7,8.9,23.1,6.9
1773,0.9984,0,WARNING,12.4,7.9,23.6,7.2
1774,0.9878,0,WARNING,12.3,8.3,23.6,8.6
1775,0.9878,0,WARNING,12.6,8.6,23.8,9.0
1776,0.9984,0,WARNING,12.3,8.2,23.8,7.7
1777,0.9878,0,WARNING,12.2,7.8,23.2,8.6
1778,0.9881,0,WARNING,12.1,7.0,19.5,6.5
1779,0.9878,0,WARNING,12.3,8.4,24.9,9.4
1780,0.988,0,WARNING,12.2,8.6,24.1,8.1
1781,0.9878,0,WARNING,12.2,7.8,23.5,8.6
1782,0.988,0,WARNING,12.3,8.3,22.8,8.3
1783,0.9891,0,WARNING,11.2,6.1,19.7,6.8
1784,0.9878,0,WARNING,12.4,9.6,25.0,8.2
1785,0.9878,0,WARNING,12.7,9.3,25.3,9.2
1786,0.9878,0,WARNING,11.9,7.6,21.5,7.6
1787,0.9878,0,WARNING,12.8,9.3,25.3,9.7
1788,0.989,0,WARNING,11.6,5.9,18.9,6.7
1789,0.9881,0,WARNING,12.6,9.1,26.2,9.4
1790,0.9881,0,WARNING,12.3,8.9,23.3,8.3
1791,0.988,0,WARNING,11.9,7.9,22.8,8.0
1792,0.9984,0,WARNING,12.3,8.4,23.6,6.6
1793,0.9984,0,WARNING,12.2,7.7,23.8,7.2
1794,0.9879,0,WARNING,12.0,8.7,22.9,8.3
1795,0.9984,0,WARNING,12.1,8.7,23.6,6.7
1796,0.9984,0,WARNING,12.0,7.7,22.6,6.9
1797,0.9878,0,WARNING,12.3,8.1,23.8,8.8
1798,0.9879,0,WARNING,12.0,8.5,22.8,8.3
1799,0.9984,0,WARNING,12.1,8.3,22.9,6.2
1800,0.9881,0,WARNING,11.9,7.8,23.3,8.5
1801,0.9878,0,WARNING,12.2,8.1,22.9,8.4
1802,0.9984,0,WARNING,12.1,8.7,23.5,7.0
1803,0.9984,0,WARNING,12.1,8.6,23.6,7.4
1804,0.9882,0,WARNING,11.7,7.0,20.6,7.5
1805,0.9882,0,WARNING,12.4,8.7,23.8,8.6
1806,0.9882,0,WARNING,11.9,8.8,25.9,8.6
1807,0.9879,0,WARNING,12.2,8.6,23.8,9.0
1808,0.9871,0,WARNING,13.2,8.3,23.3,8.3
1809,0.9854,0,WARNING,14.7,12.7,24.9,9.5
1810,1.0,0,ANOMALY,19.0,17.5,37.1,23.2
1811,0.9999,0,WARNING,16.7,15.9,32.0,13.2
1812,1.0,0,ANOMALY,15.0,12.7,35.3,22.0
1813,0.9883,0,WARNING,12.3,7.6,20.5,7.1
1814,0.9985,0,WARNING,12.5,9.5,25.5,7.6
1815,0.9883,0,WARNING,12.2,8.9,24.2,8.8
1816,0.9984,0,WARNING,11.9,8.8,24.0,7.6
1817,0.9879,0,WARNING,12.0,9.2,23.9,8.6
1818,0.9984,0,WARNING,11.9,8.7,23.8,7.7
1819,0.9879,0,WARNING,11.7,9.0,24.4,8.8
1820,0.9879,0,WARNING,11.9,8.9,23.7,8.6
1821,0.9882,0,WARNING,12.1,8.7,23.4,8.5
1822,0.988,0,WARNING,12.1,8.2,23.7,8.4
1823,0.989,0,WARNING,11.9,8.6,24.4,8.2
1824,0.9881,0,WARNING,12.0,8.8,23.8,8.6
1825,0.988,0,WARNING,12.0,9.3,24.4,8.7
1826,0.9984,0,WARNING,11.6,8.5,24.4,7.4
1827,0.9881,0,WARNING,11.7,8.2,23.3,7.9
1828,0.988,0,WARNING,11.5,8.9,24.1,8.6
1829,0.9881,0,WARNING,11.8,8.7,24.2,8.0
1830,0.9984,0,WARNING,11.4,7.9,24.0,7.2
1831,0.9877,0,WARNING,12.1,8.3,23.8,8.4
1832,0.9984,0,WARNING,12.0,9.6,24.8,7.9
1833,0.9881,0,WARNING,11.7,8.9,24.1,8.8
1834,0.9984,0,WARNING,11.5,8.1,23.9,7.1
1835,0.988,0,WARNING,12.1,8.5,24.4,8.9
1836,0.9881,0,WARNING,11.9,8.6,24.2,8.9
1837,0.9881,0,WARNING,12.7,9.1,23.9,9.1
1838,0.9984,0,WARNING,12.7,8.5,24.4,7.1
1839,0.9882,0,WARNING,13.4,8.7,24.0,9.0
1840,0.9984,0,WARNING,13.4,9.6,25.1,8.0
1841,0.9984,0,WARNING,12.8,7.9,24.2,7.4
1842,0.9881,0,WARNING,12.8,8.4,25.2,9.1
1843,0.9881,0,WARNING,13.3,9.9,25.1,9.9
1844,0.9881,0,WARNING,13.4,9.2,24.3,8.6
1845,0.9881,0,WARNING,13.2,8.7,24.6,9.1
1846,0.9881,0,WARNING,13.1,8.7,24.2,8.6
1847,0.9881,0,WARNING,13.5,9.6,24.3,8.7
1848,0.9879,0,WARNING,13.4,8.1,24.6,8.6
1849,0.9984,0,WARNING,13.7,8.9,23.9,8.3
1850,0.9882,0,WARNING,13.6,8.7,24.1,8.1
1851,0.9889,0,WARNING,13.4,8.5,24.0,8.3
1852,0.9984,0,WARNING,13.5,7.7,21.1,6.3
1853,0.9881,0,WARNING,13.4,8.6,24.5,8.9
1854,0.9881,0,WARNING,13.5,8.7,24.5,8.0
1855,0.9879,0,WARNING,14.0,8.7,24.1,8.7
1856,0.9879,0,WARNING,14.2,9.5,25.2,9.0
1857,0.988,0,WARNING,13.9,8.9,26.4,8.9
1858,0.9984,0,WARNING,13.8,8.3,24.0,7.2
1859,0.9882,0,WARNING,13.5,9.5,25.1,9.1
1860,0.9882,0,WARNING,13.6,9.3,24.1,8.7
1861,0.9984,0,WARNING,13.1,8.2,23.8,7.2
1862,0.988,0,WARNING,13.0,9.0,24.4,8.2
1863,0.9881,0,WARNING,13.3,9.2,24.5,8.6
1864,0.9984,0,WARNING,13.6,9.2,24.9,7.5
1865,0.9984,0,WARNING,13.8,8.4,23.7,6.6
1866,0.9878,0,WARNING,13.5,9.3,25.7,9.4
1867,0.9984,0,WARNING,13.5,9.1,23.7,7.1
1868,0.987,0,WARNING,14.3,9.4,24.5,8.7
1869,0.9819,0,WARNING,16.4,12.1,26.5,11.0
1870,1.0,0,ANOMALY,19.3,22.2,37.0,21.7
1871,0.9992,0,WARNING,16.6,10.1,32.6,13.2
1872,1.0,0,ANOMALY,16.2,13.1,34.7,20.3
1873,0.9883,0,WARNING,14.1,8.3,24.3,8.7
1874,0.9885,0,WARNING,14.0,8.6,24.9,8.5
1875,0.9882,0,WARNING,13.8,9.0,24.5,8.8
1876,0.9881,0,WARNING,13.7,9.3,25.4,9.1
1877,0.9881,0,WARNING,13.3,8.7,25.0,9.0
1878,0.9881,0,WARNING,13.2,9.3,25.5,9.1
1879,0.9881,0,WARNING,13.3,8.3,25.0,9.3
1880,0.9881,0,WARNING,13.2,9.2,25.1,9.0
1881,0.9878,0,WARNING,13.0,9.3,25.4,9.1
1882,0.9881,0,WARNING,13.0,8.9,24.2,8.8
1883,0.9881,0,WARNING,13.0,9.2,25.0,8.9
1884,0.9889,0,WARNING,12.7,8.7,25.6,8.7
1885,0.9879,0,WARNING,13.0,8.9,25.2,8.4
1886,0.9881,0,WARNING,13.0,9.1,25.6,8.5
1887,0.9984,0,WARNING,13.1,8.6,25.0,7.5
1888,0.9889,0,WARNING,13.5,8.7,25.2,7.7
1889,0.9984,0,WARNING,13.1,9.0,24.8,7.6
1890,0.9881,0,WARNING,12.9,9.3,25.2,8.9
1891,0.9879,0,WARNING,13.1,8.6,25.3,9.2
1892,0.9879,0,WARNING,12.7,8.9,25.0,8.2
1893,0.9879,0,WARNING,12.6,9.4,24.9,9.0
1894,0.9984,0,WARNING,12.7,9.8,26.3,8.1
1895,0.9889,0,WARNING,12.8,8.7,25.5,8.6
1896,0.9879,0,WARNING,12.9,9.0,25.5,9.1
1897,0.9984,0,WARNING,12.7,9.1,25.4,7.7
1898,0.9879,0,WARNING,12.6,8.7,24.5,8.8
1899,0.9889,0,WARNING,12.5,8.6,22.4,7.7
1900,0.9984,0,WARNING,12.5,8.9,25.4,7.7
1901,0.9984,0,WARNING,12.5,9.2,25.0,7.7
1902,0.9984,0,WARNING,12.3,9.4,25.7,7.8
1903,0.9889,0,WARNING,13.0,9.1,25.8,8.6
1904,0.9889,0,WARNING,12.5,8.9,25.1,7.8
1905,0.9984,0,WARNING,12.5,9.1,24.7,7.3
1906,0.988,0,WARNING,12.9,9.7,25.8,10.0
1907,0.9878,0,WARNING,12.6,9.0,23.1,9.3
1908,0.988,0,WARNING,12.0,8.4,23.7,8.5
1909,0.9984,0,WARNING,12.6,9.7,25.1,7.7
1910,0.9878,0,WARNING,12.6,8.9,25.4,8.3
1911,0.988,0,WARNING,12.5,9.4,24.9,8.8
1912,0.9881,0,WARNING,12.4,9.5,25.3,8.3
1913,0.9881,0,WARNING,12.3,9.3,24.7,8.8
1914,0.988,0,WARNING,12.3,8.8,25.2,9.1
1915,0.9879,0,WARNING,12.1,8.5,22.1,8.1
1916,0.9877,0,WARNING,12.4,9.0,25.4,9.1
1917,0.9878,0,WARNING,12.6,8.8,25.1,8.9
1918,0.988,0,WARNING,12.9,9.0,24.6,8.8
1919,0.9984,0,WARNING,12.9,9.0,24.8,7.5
1920,0.9879,0,WARNING,12.6,9.8,25.1,8.8
1921,0.9984,0,WARNING,12.4,8.8,24.8,7.6
1922,0.9984,0,WARNING,12.5,9.2,24.9,7.6
1923,0.988,0,WARNING,12.4,9.1,24.9,9.0
1924,0.988,0,WARNING,12.3,8.9,24.3,8.7
1925,0.9877,0,WARNING,12.7,8.9,24.4,9.2
1926,0.988,0,WARNING,12.1,8.8,24.8,9.4
1927,0.9878,0,WARNING,12.2,9.1,23.0,8.2
1928,0.9984,0,WARNING,13.3,9.2,23.8,7.0
1929,0.9879,0,WARNING,15.2,13.4,25.7,10.4
1930,1.0,0,ANOMALY,19.2,17.5,37.1,23.3
1931,0.9998,0,WARNING,16.3,16.8,32.5,13.5
1932,1.0,0,ANOMALY,15.9,13.3,32.1,18.8
1933,0.9985,0,WARNING,14.3,10.2,24.6,7.6
1934,0.9985,0,WARNING,12.9,9.2,25.2,7.5
1935,0.988,0,WARNING,12.7,9.8,24.5,8.8
1936,0.988,0,WARNING,12.5,10.2,24.5,8.7
1937,0.988,0,WARNING,12.6,9.9,24.7,8.8
1938,0.9879,0,WARNING,12.5,9.3,24.9,9.0
1939,0.9889,0,WARNING,12.7,9.9,25.1,7.7
1940,0.9877,0,WARNING,12.7,9.0,25.0,8.9
1941,0.9877,0,WARNING,13.0,8.4,24.3,8.1
1942,0.9877,0,WARNING,12.9,9.8,24.6,8.3
1943,0.9877,0,WARNING,13.2,11.0,25.2,9.0
1944,0.9984,0,WARNING,13.3,9.7,25.0,7.5
1945,0.9877,0,WARNING,13.3,9.4,24.9,8.9
1946,0.9984,0,WARNING,13.7,11.4,24.7,7.6
1947,0.9889,0,WARNING,13.8,9.9,24.6,8.4
1948,0.9879,0,WARNING,14.4,10.3,24.9,9.4
1949,0.9879,0,WARNING,13.6,8.8,24.4,8.8
1950,0.9876,0,WARNING,13.7,9.2,22.5,7.4
1951,0.989,0,WARNING,14.1,8.8,23.4,8.0
1952,0.9984,0,WARNING,13.9,9.1,23.5,6.8
1953,0.9984,0,WARNING,13.9,9.6,23.1,7.4
1954,0.9984,0,WARNING,13.7,9.1,23.7,7.2
1955,0.9879,0,WARNING,13.6,9.1,24.4,8.9
1956,0.9879,0,WARNING,14.2,9.4,24.3,8.9
1957,0.9879,0,WARNING,13.8,8.8,24.2,9.3
1958,0.988,0,WARNING,13.5,9.2,24.4,8.8
1959,0.9879,0,WARNING,13.6,9.3,24.6,8.8
1960,0.9879,0,WARNING,13.4,9.4,24.2,8.6
1961,0.9879,0,WARNING,13.4,8.3,21.6,7.8
1962,0.9877,0,WARNING,13.7,10.1,24.2,8.8
1963,0.9984,0,WARNING,13.4,9.3,24.3,7.4
1964,0.989,0,WARNING,13.4,9.8,24.5,8.4
1965,0.9984,0,WARNING,13.6,10.1,24.8,7.5
1966,0.9879,0,WARNING,13.7,9.4,24.3,8.9
1967,0.9877,0,WARNING,13.3,9.5,24.3,8.5
1968,0.9889,0,WARNING,13.8,9.7,24.5,8.1
1969,0.9878,0,WARNING,13.5,9.0,24.7,8.9
1970,0.9879,0,WARNING,14.0,8.4,24.0,8.7
1971,0.9984,0,WARNING,14.2,8.9,24.7,7.0
1972,0.9984,0,WARNING,13.8,9.0,24.1,6.6
1973,0.9984,0,WARNING,13.7,9.1,24.2,6.8
1974,0.9878,0,WARNING,13.3,8.5,24.3,8.6
1975,0.989,0,WARNING,13.7,8.3,24.0,7.9
1976,0.9874,0,WARNING,13.2,8.5,20.9,8.0
1977,0.9878,0,WARNING,13.7,8.7,24.3,8.7
1978,0.9984,0,WARNING,13.5,8.9,23.9,7.3
1979,0.9878,0,WARNING,13.3,8.7,21.6,7.9
1980,0.9984,0,WARNING,13.2,8.7,23.1,6.9
1981,0.9878,0,WARNING,12.9,8.9,22.8,8.1
1982,0.9876,0,WARNING,12.8,8.9,23.0,8.2
1983,0.9878,0,WARNING,13.1,7.8,19.7,7.1
1984,0.9984,0,WARNING,12.9,8.7,21.6,6.3
1985,0.9983,0,WARNING,13.3,8.2,21.6,6.5
1986,0.9876,0,WARNING,13.2,8.6,22.2,8.7
1987,0.9875,0,WARNING,13.5,9.4,24.8,9.0
1988,0.9869,0,WARNING,14.1,9.4,23.2,8.3
1989,0.998,0,WARNING,16.6,14.7,25.4,9.6
1990,1.0,0,ANOMALY,20.4,22.7,38.1,25.1
1991,0.9866,0,WARNING,17.7,9.4,29.7,11.9
1992,1.0,0,ANOMALY,15.8,12.3,32.5,18.5
1993,0.9883,0,WARNING,13.5,8.4,22.3,7.5
1994,0.9984,0,WARNING,13.9,8.9,24.1,7.1
1995,0.9878,0,WARNING,13.5,8.7,24.4,8.8
1996,0.9878,0,WARNING,13.4,9.3,24.5,9.3
1997,0.9877,0,WARNING,13.2,8.8,24.2,7.9
1998,0.9875,0,WARNING,13.0,8.5,21.8,8.3
1999,0.9878,0,WARNING,12.9,8.6,23.5,8.4
2000,0.9877,0,WARNING,12.5,8.3,22.1,7.9
2001,0.9891,0,WARNING,12.6,8.7,24.6,8.3
2002,0.9876,0,WARNING,12.5,8.9,24.2,8.2
2003,0.9878,0,WARNING,12.7,8.7,24.0,8.8
2004,0.9878,0,WARNING,12.8,9.0,23.9,8.0
2005,0.9875,0,WARNING,12.6,8.7,22.5,7.9
2006,0.9984,0,WARNING,12.2,8.1,22.7,7.3
2007,0.9877,0,WARNING,12.5,8.0,21.4,7.7
2008,0.9877,0,WARNING,11.9,7.2,20.9,7.5
2009,0.9983,0,WARNING,12.3,8.8,23.8,7.3
2010,0.9875,0,WARNING,11.9,7.6,21.1,7.7
2011,0.9983,0,WARNING,12.3,8.4,23.8,7.3
2012,0.9876,0,WARNING,12.2,9.0,23.8,8.8
2013,0.9984,0,WARNING,12.0,7.5,20.7,6.2
2014,0.9892,0,WARNING,12.2,8.0,21.1,7.3
2015,0.9892,0,WARNING,12.1,8.2,23.2,7.8
2016,0.9984,0,WARNING,12.4,8.0,21.5,6.2
2017,0.9874,0,WARNING,12.1,8.3,22.5,8.1
2018,0.9892,0,WARNING,11.9,7.0,18.7,6.4
2019,0.9983,0,WARNING,11.9,8.3,23.6,7.2
2020,0.9876,0,WARNING,11.9,7.8,23.0,8.5
2021,0.9876,0,WARNING,12.1,8.0,20.7,6.9
2022,0.9876,0,WARNING,11.9,8.1,22.9,8.6
2023,0.9984,0,WARNING,12.0,8.1,20.8,6.0
2024,0.9983,0,WARNING,11.7,8.2,23.7,6.6
2025,0.9892,0,WARNING,11.5,7.9,23.1,7.9
2026,0.9874,0,WARNING,11.4,8.2,23.9,8.7
2027,0.9984,0,WARNING,11.5,8.5,23.2,6.8
2028,0.9984,0,WARNING,11.4,8.7,25.4,7.9
2029,0.9984,0,WARNING,11.4,8.8,24.0,7.2
2030,0.9875,0,WARNING,11.4,8.5,23.3,8.4
2031,0.9984,0,WARNING,11.3,8.2,23.3,7.0
2032,0.9891,0,WARNING,11.2,8.8,24.6,8.3
2033,0.9984,0,WARNING,11.4,9.1,24.0,7.2
2034,0.9873,0,WARNING,11.6,8.5,23.9,8.7
2035,0.9875,0,WARNING,11.8,8.4,24.7,9.0
2036,0.9876,0,WARNING,11.3,7.7,22.4,8.3
2037,0.9877,0,WARNING,11.4,8.3,23.2,7.9
2038,0.9877,0,WARNING,11.5,8.4,23.4,7.7
2039,0.9984,0,WARNING,11.5,8.0,22.8,6.7
2040,0.9891,0,WARNING,11.4,7.6,23.0,7.7
2041,0.9892,0,WARNING,11.7,8.2,24.4,8.3
2042,0.9891,0,WARNING,11.6,8.4,23.7,7.4
2043,0.9875,0,WARNING,11.9,8.6,24.6,8.8
2044,0.9876,0,WARNING,11.8,8.3,23.2,8.4
2045,0.9876,0,WARNING,11.6,7.3,22.5,8.2
2046,0.9876,0,WARNING,12.1,7.6,22.6,8.3
2047,0.9984,0,WARNING,11.9,8.0,24.7,7.3
2048,0.9984,0,WARNING,13.1,8.3,23.6,7.1
2049,0.9987,0,WARNING,15.7,9.0,25.5,9.9
2050,1.0,0,ANOMALY,21.2,24.8,42.4,24.8
2051,1.0,0,WARNING,17.1,10.1,28.0,10.9
2052,1.0,0,ANOMALY,15.9,11.4,32.8,18.8
2053,0.9985,0,WARNING,13.9,8.3,24.6,7.5
2054,0.9877,0,WARNING,13.6,8.6,25.3,9.2
2055,0.9876,0,WARNING,13.1,8.2,23.8,8.6
2056,0.9873,0,WARNING,12.9,7.9,23.8,8.4
2057,0.9984,0,WARNING,12.7,8.1,24.4,7.5
2058,0.9874,0,WARNING,13.0,8.0,23.2,8.5
2059,0.9876,0,WARNING,12.6,8.4,25.6,9.3
2060,0.9984,0,WARNING,12.5,8.2,24.1,7.3
2061,0.9876,0,WARNING,12.4,8.1,23.6,7.8
2062,0.989,0,WARNING,12.4,7.4,21.5,7.4
2063,0.9984,0,WARNING,12.3,8.6,25.4,7.7
2064,0.9876,0,WARNING,12.3,7.8,24.6,8.7
2065,0.9891,0,WARNING,12.1,7.9,24.0,8.1
2066,0.9873,0,WARNING,12.2,7.3,24.0,8.8
2067,0.9876,0,WARNING,12.3,7.6,24.7,9.1
2068,0.9876,0,WARNING,12.1,7.7,25.3,9.3
2069,0.9876,0,WARNING,12.0,8.0,25.8,9.3
2070,0.9874,0,WARNING,12.1,7.4,23.6,8.6
2071,0.9984,0,WARNING,12.0,6.4,21.1,6.4
2072,0.9874,0,WARNING,11.8,6.5,20.8,7.6
2073,0.9892,0,WARNING,12.0,6.6,20.5,6.4
2074,0.9874,0,WARNING,11.8,6.5,20.4,6.9
2075,0.9893,0,WARNING,11.6,6.0,20.4,7.1
2076,0.9874,0,WARNING,12.1,6.4,20.0,7.6
2077,0.9983,0,WARNING,12.2,6.5,20.0,6.1
2078,0.9893,0,WARNING,12.0,6.2,20.0,6.2
2079,0.9894,0,WARNING,12.2,6.0,20.0,6.1
2080,0.9894,0,WARNING,12.0,6.4,19.5,6.6
2081,0.9894,0,WARNING,12.2,6.3,20.1,6.9
2082,0.9894,0,WARNING,11.7,5.8,19.6,6.9
2083,0.9874,0,WARNING,11.6,6.2,20.0,7.6
2084,0.9894,0,WARNING,11.4,6.1,19.8,6.2
2085,0.9874,0,WARNING,11.9,6.3,19.6,7.3
2086,0.9873,0,WARNING,11.7,5.9,19.5,7.2
2087,0.9874,0,WARNING,11.6,5.9,19.5,7.2
2088,0.9894,0,WARNING,11.7,5.7,19.7,6.1
2089,0.9983,0,WARNING,11.5,6.1,19.2,5.3
2090,0.9983,0,WARNING,11.3,6.2,18.8,5.0
2091,0.9873,0,WARNING,11.2,6.0,19.6,7.4
2092,0.9873,0,WARNING,11.6,5.7,18.7,6.9
2093,0.9873,0,WARNING,11.4,5.5,19.2,7.2
2094,0.9983,0,WARNING,11.1,5.9,19.1,5.2
2095,0.9895,0,WARNING,11.2,6.0,18.8,6.2
2096,0.9983,0,WARNING,11.0,6.8,28.2,8.7
2097,0.9875,0,WARNING,11.1,6.0,22.6,8.3
2098,0.9873,0,WARNING,11.4,6.4,24.1,8.7
2099,0.9873,0,WARNING,11.3,6.4,23.2,8.4
2100,0.9892,0,WARNING,11.2,5.7,21.0,7.3
2101,0.9873,0,WARNING,11.0,6.2,22.2,8.3
2102,0.9893,0,WARNING,10.8,6.4,20.8,7.3
2103,0.9893,0,WARNING,11.0,5.4,21.6,7.2
2104,0.9893,0,WARNING,11.1,5.6,21.1,7.3
2105,0.9983,0,WARNING,10.7,5.9,20.6,6.3
2106,0.9983,0,WARNING,10.7,5.9,20.9,6.5
2107,0.9873,0,WARNING,10.7,5.4,20.7,7.8
2108,0.9863,0,WARNING,11.5,5.4,20.3,7.6
2109,0.9824,0,WARNING,12.7,6.8,21.9,8.5
2110,1.0,0,ANOMALY,16.5,16.5,30.6,17.6
2111,0.9984,0,WARNING,13.9,7.2,28.6,10.1
2112,1.0,0,ANOMALY,14.4,9.6,31.1,23.1
2113,0.9874,0,WARNING,12.1,6.0,21.3,8.0
2114,0.9984,0,WARNING,10.9,5.4,20.4,5.7
2115,0.9875,0,WARNING,10.7,5.6,19.7,6.7
2116,0.9983,0,WARNING,10.7,5.2,20.0,5.5
2117,0.9983,0,WARNING,10.5,5.4,19.6,6.1
2118,0.9873,0,WARNING,10.3,5.7,19.5,7.2
2119,0.9895,0,WARNING,10.2,5.5,19.7,6.8
2120,0.9983,0,WARNING,10.1,5.0,19.3,5.9
2121,0.9983,0,WARNING,9.9,5.3,19.1,5.7
2122,0.9983,0,WARNING,10.0,5.7,19.4,5.4
2123,0.9895,0,WARNING,9.8,5.2,19.7,7.0
2124,0.9895,0,WARNING,9.8,5.2,19.0,6.6
2125,0.9874,0,WARNING,9.7,5.2,19.1,7.3
2126,0.9873,0,WARNING,9.7,5.1,18.6,6.8
2127,0.9872,0,WARNING,9.6,4.8,19.7,7.2
2128,0.9895,0,WARNING,9.6,5.1,19.5,6.8
2129,0.9983,0,WARNING,9.6,5.1,18.8,5.6
2130,0.9983,0,WARNING,9.6,5.0,19.2,5.9
2131,0.9983,0,WARNING,9.5,5.0,19.0,5.8
2132,0.9873,0,WARNING,9.5,5.3,19.1,6.6
2133,0.9874,0,WARNING,9.5,5.3,19.1,6.7
2134,0.9895,0,WARNING,8.8,2.6,12.8,4.4
2135,0.9897,0,WARNING,9.0,2.9,11.8,3.9
2136,0.9875,0,WARNING,8.9,2.2,10.9,4.4
2137,0.9982,0,WARNING,8.7,2.3,10.9,3.0
2138,0.9982,0,WARNING,9.6,4.8,17.5,5.2
2139,0.9874,0,WARNING,9.7,6.1,24.2,8.2
2140,0.9874,0,WARNING,9.7,6.1,23.4,8.0
2141,0.9983,0,WARNING,9.6,5.9,21.8,6.8
2142,0.9983,0,WARNING,9.7,6.1,22.4,6.3
2143,0.9875,0,WARNING,9.9,6.5,24.6,9.1
2144,0.9893,0,WARNING,9.6,5.2,21.0,6.7
2145,0.9983,0,WARNING,9.8,4.6,17.9,5.5
2146,0.9894,0,WARNING,9.5,4.5,17.9,5.6
2147,0.9875,0,WARNING,10.0,4.3,17.7,6.2
2148,0.9983,0,WARNING,10.1,4.5,17.5,5.4
2149,0.9876,0,WARNING,10.1,4.4,17.4,6.1
2150,0.9896,0,WARNING,10.6,4.5,17.3,6.0
2151,0.9896,0,WARNING,10.6,4.1,17.5,6.0
2152,0.9983,0,WARNING,10.3,4.7,17.3,4.6
2153,0.9896,0,WARNING,10.7,4.4,17.2,5.4
2154,0.9876,0,WARNING,11.0,4.2,17.1,6.8
2155,0.9875,0,WARNING,11.3,4.0,16.9,6.5
2156,0.9875,0,WARNING,11.1,4.2,17.1,6.7
2157,0.9896,0,WARNING,11.3,4.3,17.0,6.1
2158,0.9983,0,WARNING,11.3,4.3,17.3,5.1
2159,0.9896,0,WARNING,11.1,4.0,16.8,5.1
2160,0.9896,0,WARNING,11.1,4.1,16.5,5.9
2161,0.9897,0,WARNING,11.3,4.3,17.0,6.0
2162,0.9896,0,WARNING,11.1,4.0,16.9,5.4
2163,0.9875,0,WARNING,11.4,3.8,16.9,6.4
2164,0.9875,0,WARNING,11.4,4.1,17.0,6.7
2165,0.9875,0,WARNING,11.2,3.9,17.0,5.8
2166,0.9983,0,WARNING,11.0,3.8,17.3,5.1
2167,0.9875,0,WARNING,11.0,3.7,16.8,5.6
2168,0.986,0,WARNING,11.6,4.1,17.3,5.9
2169,0.9897,0,WARNING,13.4,5.0,17.7,7.6
2170,1.0,0,WARNING,16.7,12.3,28.9,16.5
2171,0.9876,0,WARNING,13.5,6.6,23.5,10.3
2172,0.9984,0,WARNING,12.0,5.0,19.0,7.2
2173,0.9876,0,WARNING,11.1,3.8,17.0,6.4
2174,0.9894,0,WARNING,11.0,3.6,16.8,5.8
2175,0.9875,0,WARNING,10.9,4.0,16.9,6.5
2176,0.9875,0,WARNING,10.8,3.5,16.6,6.4
2177,0.9983,0,WARNING,11.0,3.6,16.4,4.9
2178,0.9874,0,WARNING,10.7,3.6,16.4,6.4
2179,0.9875,0,WARNING,10.8,3.7,16.5,5.8
2180,0.9874,0,WARNING,10.6,3.8,16.7,6.6
2181,0.9983,0,WARNING,10.5,3.5,16.3,4.9
2182,0.9983,0,WARNING,10.4,3.6,16.2,4.9
2183,0.9897,0,WARNING,10.6,3.7,16.2,5.8
2184,0.9897,0,WARNING,10.4,3.5,15.9,5.7
2185,0.9874,0,WARNING,10.5,3.6,16.3,6.5
2186,0.9983,0,WARNING,10.4,3.5,16.1,4.8
2187,0.9874,0,WARNING,10.4,3.6,16.2,6.4
2188,0.9874,0,WARNING,10.2,3.6,16.0,5.5
2189,0.9898,0,WARNING,10.1,3.3,15.8,5.6
2190,0.9983,0,WARNING,9.8,3.3,16.1,4.8
2191,0.9982,0,WARNING,9.8,3.7,16.0,4.3
2192,0.9898,0,WARNING,10.0,3.5,16.0,5.8
2193,0.9898,0,WARNING,9.8,3.2,15.7,5.6
2194,0.9983,0,WARNING,9.6,3.3,15.9,4.8
2195,0.9898,0,WARNING,9.6,3.5,15.5,5.6
2196,0.9874,0,WARNING,9.5,3.1,15.8,6.3
2197,0.9874,0,WARNING,9.5,3.2,15.6,6.0
2198,0.9898,0,WARNING,9.3,3.4,15.6,5.5
2199,0.9874,0,WARNING,9.3,3.2,15.6,6.0
2200,0.9983,0,WARNING,9.3,3.0,15.3,4.5
2201,0.9982,0,WARNING,9.3,3.1,15.8,4.9
2202,0.9898,0,WARNING,9.2,3.3,15.0,5.3
2203,0.9982,0,WARNING,9.2,3.1,15.2,4.1
2204,0.9982,0,WARNING,9.2,3.1,15.1,4.8
2205,0.9899,0,WARNING,9.1,3.0,14.7,5.2
2206,0.9874,0,WARNING,9.1,2.9,14.7,5.0
2207,0.9874,0,WARNING,9.1,3.0,14.4,5.7
2208,0.9874,0,WARNING,9.1,2.9,14.4,5.7
2209,0.9874,0,WARNING,9.1,3.0,14.7,5.1
2210,0.9982,0,WARNING,9.1,2.8,14.4,3.8
2211,0.9874,0,WARNING,9.2,2.9,14.5,5.9
2212,0.9982,0,WARNING,9.1,3.0,14.4,3.8
2213,0.9982,0,WARNING,9.1,3.1,14.4,3.7
2214,0.9899,0,WARNING,9.2,2.8,14.5,5.1
2215,0.9899,0,WARNING,9.3,2.9,14.3,5.1
2216,0.9874,0,WARNING,9.1,2.7,14.1,5.8
2217,0.9875,0,WARNING,9.2,3.0,14.0,5.6
2218,0.9899,0,WARNING,9.1,2.8,13.9,5.1
2219,0.9982,0,WARNING,9.4,2.8,14.2,4.6
2220,0.9874,0,WARNING,9.1,2.6,14.0,5.6
2221,0.9899,0,WARNING,9.3,2.9,14.1,4.2
2222,0.9899,0,WARNING,9.1,2.9,14.0,4.2
2223,0.9899,0,WARNING,9.0,2.7,13.8,5.0
2224,0.9982,0,WARNING,8.9,2.8,13.7,4.3
2225,0.9875,0,WARNING,9.0,2.7,13.5,5.5
2226,0.9982,0,WARNING,8.9,2.6,13.7,4.1
2227,0.9875,0,WARNING,8.5,1.0,7.9,3.8
2228,0.9901,0,WARNING,8.8,0.7,8.0,3.2
2229,0.9982,0,WARNING,9.2,2.7,8.3,2.2
2230,0.9902,0,WARNING,9.1,0.8,8.0,2.3
2231,0.9902,0,WARNING,9.2,0.8,8.1,3.2
2232,0.9903,0,WARNING,9.6,1.4,8.9,3.3
2233,0.9981,0,WARNING,9.8,1.6,9.8,1.9
2234,0.9903,0,WARNING,9.8,1.4,9.7,2.9
2235,0.9903,0,WARNING,10.0,1.1,9.0,3.5
2236,0.9903,0,WARNING,10.2,1.0,8.8,3.1
2237,0.9981,0,WARNING,10.1,1.0,8.5,1.7
2238,0.9903,0,WARNING,11.0,1.2,9.3,3.3
2239,0.9997,0,WARNING,14.8,9.4,25.1,9.7
2240,0.9873,0,WARNING,13.4,11.4,30.3,11.8
2241,0.9871,0,WARNING,11.0,5.6,17.9,7.6
2242,0.9984,0,WARNING,10.5,6.3,21.7,6.4
2243,0.9874,0,WARNING,10.2,5.6,22.4,8.5
2244,0.9873,0,WARNING,9.8,4.8,20.1,7.7
2245,0.9876,0,WARNING,10.4,5.2,21.9,8.4
2246,0.9874,0,WARNING,10.2,5.3,22.6,8.4
2247,0.9874,0,WARNING,10.0,5.5,22.6,8.7
2248,0.9894,0,WARNING,9.4,2.5,13.2,4.9
2249,0.9983,0,WARNING,9.3,2.7,13.3,3.3
2250,0.9873,0,WARNING,9.2,2.4,13.4,5.6
2251,0.9873,0,WARNING,9.2,2.5,13.3,5.6
2252,0.9899,0,WARNING,9.4,2.9,13.4,4.8
2253,0.9899,0,WARNING,10.1,2.7,13.4,4.1
2254,0.9873,0,WARNING,10.4,2.5,13.5,5.4
2255,0.9899,0,WARNING,10.5,2.5,13.6,4.9
2256,0.9873,0,WARNING,11.0,2.8,13.6,4.8
2257,0.9873,0,WARNING,11.5,2.6,13.7,5.5
2258,0.9873,0,WARNING,11.1,2.5,13.5,5.7
2259,0.9899,0,WARNING,11.0,2.6,13.7,5.0
2260,0.9899,0,WARNING,11.1,2.6,13.7,4.9
2261,0.9873,0,WARNING,10.9,2.5,13.7,5.4
2262,0.9982,0,WARNING,10.8,2.8,14.2,4.3
2263,0.9899,0,WARNING,11.0,2.6,13.6,5.0
2264,0.9982,0,WARNING,11.2,2.7,14.1,3.7
2265,0.9982,0,WARNING,10.9,2.7,13.7,3.6
2266,0.9982,0,WARNING,11.1,2.5,13.6,3.7
2267,0.9982,0,WARNING,11.0,2.3,13.7,3.3
2268,0.9899,0,WARNING,10.8,2.4,13.5,4.8
2269,0.9982,0,WARNING,10.6,2.5,13.4,3.4
2270,0.9873,0,WARNING,10.2,2.4,13.1,5.4
2271,0.9873,0,WARNING,10.2,2.3,13.1,5.4
2272,0.99,0,WARNING,10.3,2.8,13.2,4.8
2273,0.9982,0,WARNING,10.2,2.3,12.8,3.4
2274,0.99,0,WARNING,10.2,2.3,13.0,4.6
2275,0.99,0,WARNING,10.4,2.2,12.9,4.0
2276,0.9873,0,WARNING,10.3,2.3,13.0,4.5
2277,0.99,0,WARNING,10.0,2.4,13.1,4.4
2278,0.9873,0,WARNING,9.7,2.4,13.0,5.6
2279,0.9873,0,WARNING,9.7,2.3,13.1,5.4
2280,0.9982,0,WARNING,9.5,2.2,12.8,3.2
2281,0.99,0,WARNING,9.6,2.5,12.9,4.8
2282,0.99,0,WARNING,9.4,2.3,12.9,4.8
2283,0.99,0,WARNING,9.5,2.4,12.8,4.0
2284,0.9982,0,WARNING,9.4,2.4,12.8,3.1
2285,0.99,0,WARNING,9.3,2.2,12.6,4.6
2286,0.9873,0,WARNING,9.4,2.2,12.8,5.2
2287,0.9982,0,WARNING,9.3,2.5,13.0,3.3
2288,0.9862,0,WARNING,10.3,2.8,12.9,5.2
2289,0.9982,0,WARNING,11.3,3.1,13.8,4.8
2290,0.9997,0,WARNING,15.2,9.6,30.3,12.5
2291,0.9894,0,WARNING,12.2,3.6,15.8,7.3
2292,0.9877,0,WARNING,9.5,2.3,12.5,5.1
2293,0.9983,0,WARNING,9.4,2.1,12.5,2.9
2294,0.9982,0,WARNING,9.4,2.1,12.8,4.0
2295,0.9874,0,WARNING,9.3,2.2,12.7,5.2
2296,0.9873,0,WARNING,9.2,2.1,13.1,5.4
2297,0.9874,0,WARNING,9.2,2.3,13.2,5.3
2298,0.99,0,WARNING,9.2,2.3,13.2,4.8
2299,0.9982,0,WARNING,9.3,2.2,13.3,3.8
2300,0.99,0,WARNING,9.1,2.0,13.1,4.7
2301,0.99,0,WARNING,9.1,2.2,13.6,4.9
2302,0.99,0,WARNING,9.0,2.4,13.2,4.2
2303,0.99,0,WARNING,9.0,2.1,13.3,4.8
2304,0.99,0,WARNING,9.0,2.1,13.1,4.7
2305,0.9982,0,WARNING,9.0,2.2,13.4,3.5
2306,0.9982,0,WARNING,9.1,2.2,13.2,4.0
2307,0.9873,0,WARNING,9.0,2.2,13.1,5.4
2308,0.9982,0,WARNING,9.1,2.0,13.2,3.3
2309,0.99,0,WARNING,9.0,2.2,13.3,4.8
2310,0.99,0,WARNING,8.9,2.2,13.0,4.7
2311,0.9874,0,WARNING,8.9,2.1,13.0,5.3
2312,0.99,0,WARNING,8.9,2.3,13.0,4.8
2313,0.99,0,WARNING,8.9,2.2,13.1,4.8
2314,0.9873,0,WARNING,8.9,2.0,13.2,5.4
2315,0.9922,0,WARNING,8.9,2.1,12.9,5.4
2316,0.99,0,WARNING,8.6,1.2,8.9,3.2
2317,0.9982,0,WARNING,8.6,0.9,8.4,1.9
2318,0.9982,0,WARNING,8.5,0.7,8.5,1.9
2319,0.9874,0,WARNING,9.0,2.2,10.8,3.2
2320,0.9982,0,WARNING,8.6,0.9,8.6,2.0
2321,0.9902,0,WARNING,8.7,1.5,9.9,3.4
2322,0.9902,0,WARNING,8.6,1.3,8.8,3.3
2323,0.9982,0,WARNING,8.6,1.3,9.3,1.9
2324,0.9903,0,WARNING,8.7,1.2,9.4,3.2
2325,0.9903,0,WARNING,8.7,1.6,10.0,3.7
2326,0.9982,0,WARNING,8.6,1.2,8.9,1.9
2327,0.9872,0,WARNING,8.4,0.8,8.2,3.8
2328,0.9874,0,WARNING,9.3,3.5,18.1,6.9
2329,0.9982,0,WARNING,9.4,4.8,23.3,7.5
2330,0.9874,0,WARNING,9.7,4.9,23.4,9.2
2331,0.9983,0,WARNING,9.7,4.6,22.5,7.1
2332,0.9874,0,WARNING,9.6,4.5,21.4,8.0
2333,0.9895,0,WARNING,9.2,2.6,14.7,5.4
2334,0.9897,0,WARNING,9.0,2.0,12.6,4.6
2335,0.9874,0,WARNING,9.0,2.1,12.7,4.4
2336,0.9874,0,WARNING,9.0,2.0,12.6,5.1
2337,0.99,0,WARNING,8.9,2.2,12.1,4.5
2338,0.9873,0,WARNING,8.9,1.8,10.9,4.4
2339,0.9901,0,WARNING,9.0,2.3,13.5,4.8
2340,0.9901,0,WARNING,9.0,2.3,13.2,4.8
2341,0.9982,0,WARNING,8.9,1.9,11.3,3.4
2342,0.9901,0,WARNING,9.1,2.3,13.0,4.7
2343,0.9901,0,WARNING,9.0,2.1,12.2,4.6
2344,0.9982,0,WARNING,8.8,1.9,11.1,2.6
2345,0.9982,0,WARNING,8.9,2.1,12.1,3.0
2346,0.9875,0,WARNING,8.9,2.2,12.9,5.2
2347,0.9901,0,WARNING,8.9,2.0,12.0,4.3
2348,0.9982,0,WARNING,9.5,2.1,12.3,3.2
2349,0.9924,0,WARNING,11.2,8.4,12.9,6.5
2350,0.9997,0,WARNING,13.7,7.8,24.6,9.9
2351,0.9865,0,WARNING,12.0,4.4,18.6,6.8
2352,0.9983,0,WARNING,10.3,4.3,17.2,7.5
2353,0.9897,0,WARNING,9.1,2.1,12.3,4.5
2354,0.9983,0,WARNING,9.7,2.1,12.1,3.0
2355,0.9899,0,WARNING,9.4,2.1,12.1,4.1
2356,0.9876,0,WARNING,9.5,2.0,12.2,5.1
2357,0.9875,0,WARNING,9.9,2.1,12.2,5.2
2358,0.99,0,WARNING,10.1,2.0,12.3,4.5
2359,0.99,0,WARNING,10.1,2.1,12.1,4.5
2360,0.99,0,WARNING,10.3,2.0,11.6,4.2
2361,0.99,0,WARNING,10.6,2.1,13.0,4.8
2362,0.99,0,WARNING,10.3,2.2,12.1,4.5
2363,0.99,0,WARNING,10.6,2.0,12.3,4.5
2364,0.99,0,WARNING,10.4,2.0,12.2,4.5
2365,0.99,0,WARNING,10.7,1.9,12.2,4.5
2366,0.9876,0,WARNING,11.1,2.1,12.2,5.2
2367,0.9874,0,WARNING,10.6,2.1,12.2,4.1
2368,0.9874,0,WARNING,10.6,1.9,12.6,5.4
2369,0.99,0,WARNING,10.3,2.0,12.5,4.8
2370,0.9982,0,WARNING,10.2,2.1,12.6,3.1
2371,0.99,0,WARNING,10.3,2.1,12.6,4.6
2372,0.9982,0,WARNING,10.3,2.1,12.5,3.3
2373,0.99,0,WARNING,10.1,2.1,12.6,4.7
2374,0.99,0,WARNING,10.1,2.1,12.3,4.6
2375,0.9874,0,WARNING,10.0,2.1,12.5,5.3
2376,0.99,0,WARNING,10.2,2.0,12.3,3.9
2377,0.9874,0,WARNING,10.1,2.1,12.3,5.1
2378,0.99,0,WARNING,10.0,2.1,12.4,4.5
2379,0.99,0,WARNING,9.8,2.0,12.3,4.3
2380,0.9874,0,WARNING,9.8,2.4,12.6,4.5
2381,0.99,0,WARNING,9.7,2.3,12.5,4.6
2382,0.9982,0,WARNING,9.6,2.2,12.6,3.2
2383,0.9874,0,WARNING,9.5,2.2,12.5,5.4
2384,0.9873,0,WARNING,9.4,2.2,12.6,5.1
2385,0.99,0,WARNING,9.4,2.1,12.5,4.6
2386,0.9874,0,WARNING,9.4,2.1,12.7,4.4
2387,0.9982,0,WARNING,9.3,2.2,12.9,3.2
2388,0.9982,0,WARNING,9.3,2.2,12.7,3.8
2389,0.99,0,WARNING,9.2,1.9,12.6,4.6
2390,0.99,0,WARNING,9.4,2.2,12.8,4.0
2391,0.99,0,WARNING,9.3,2.2,12.4,4.5
2392,0.99,0,WARNING,9.3,2.3,13.0,4.8
2393,0.9874,0,WARNING,9.2,2.1,12.9,5.3
2394,0.99,0,WARNING,9.2,2.1,13.0,4.6
2395,0.99,0,WARNING,9.3,2.2,13.1,4.6
2396,0.99,0,WARNING,9.2,2.3,12.9,4.2
2397,0.9982,0,WARNING,9.1,2.1,13.2,3.4
2398,0.9982,0,WARNING,9.1,2.2,13.4,3.9
2399,0.9982,0,WARNING,9.2,2.4,13.0,4.0
2400,0.9873,0,WARNING,9.1,2.2,13.1,5.2
2401,0.99,0,WARNING,9.0,2.0,12.6,4.7
2402,0.9873,0,WARNING,9.1,2.4,12.5,4.8
2403,0.99,0,WARNING,9.0,2.1,12.5,4.7
2404,0.99,0,WARNING,9.0,2.1,12.9,4.8
2405,0.99,0,WARNING,9.0,2.1,12.9,4.6
2406,0.9982,0,WARNING,9.1,2.3,12.9,3.9
2407,0.99,0,WARNING,9.0,2.2,13.1,4.1
2408,0.99,0,WARNING,9.8,2.2,13.4,4.8
2409,0.9982,0,WARNING,11.0,3.2,13.8,5.4
2410,0.9982,0,WARNING,13.9,5.2,23.6,6.8
2411,0.9993,0,WARNING,12.7,5.9,19.5,6.8
2412,0.9963,0,WARNING,11.0,8.3,16.3,8.1
2413,0.9873,0,WARNING,9.2,1.4,9.4,3.3
2414,0.9982,0,WARNING,9.0,0.7,8.1,2.0
2415,0.99,0,WARNING,8.9,0.8,7.8,3.0
2416,0.9902,0,WARNING,8.9,0.6,7.5,3.0
2417,0.9902,0,WARNING,8.8,0.8,9.1,3.7
2418,0.9981,0,WARNING,8.8,0.6,7.4,1.4
2419,0.9903,0,WARNING,8.7,0.8,9.0,2.8
2420,0.9903,0,WARNING,8.7,0.7,8.3,3.2
2421,0.9903,0,WARNING,8.7,0.9,8.6,3.4
2422,0.9903,0,WARNING,8.7,1.1,8.1,3.2
2423,0.9903,0,WARNING,8.7,1.0,9.2,3.5
2424,0.9903,0,WARNING,8.7,0.7,8.2,3.3
2425,0.9981,0,WARNING,8.6,0.6,8.0,1.6
2426,0.9903,0,WARNING,8.6,0.7,8.5,3.2
2427,0.9903,0,WARNING,8.7,1.2,8.8,3.3
2428,0.9903,0,WARNING,8.6,0.8,8.6,2.7
2429,0.9867,0,WARNING,9.4,2.9,12.3,4.3
2430,0.9902,0,WARNING,9.4,3.3,12.5,3.7
2431,0.9872,0,WARNING,9.0,1.8,10.4,6.8
2432,0.9982,0,WARNING,10.2,4.8,15.7,3.2
2433,1.0,0,WARNING,10.1,5.3,13.6,3.7
2434,0.9871,0,WARNING,9.7,3.9,18.1,6.7
2435,0.99,0,WARNING,9.9,4.4,21.3,7.8
2436,0.9983,0,WARNING,9.9,4.8,21.3,6.7
2437,0.9871,0,WARNING,9.8,5.1,22.7,8.7
2438,0.9895,0,WARNING,9.7,4.9,22.4,8.2
2439,0.9873,0,WARNING,9.7,4.5,20.4,7.9
2440,0.987,0,WARNING,9.9,4.7,22.1,8.5
2441,0.9873,0,WARNING,9.9,5.0,21.9,7.4
2442,0.9871,0,WARNING,10.1,5.4,22.6,8.6
2443,0.9983,0,WARNING,10.2,5.2,22.8,7.2
2444,0.9873,0,WARNING,10.1,3.7,16.6,6.7
2445,0.9874,0,WARNING,10.1,4.5,20.6,7.3
2446,0.9874,0,WARNING,9.5,2.7,14.1,5.7
2447,0.9897,0,WARNING,9.4,2.9,14.1,4.5
2448,0.9982,0,WARNING,9.3,2.7,14.3,3.8
2449,0.9982,0,WARNING,9.2,2.8,14.6,3.7
2450,0.9899,0,WARNING,9.2,2.6,14.1,5.2
2451,0.9873,0,WARNING,9.2,3.0,14.3,5.0
2452,0.9982,0,WARNING,9.2,3.2,14.4,3.6
2453,0.9899,0,WARNING,9.2,2.9,14.2,5.1
2454,0.9873,0,WARNING,9.2,2.9,14.1,5.7
2455,0.9873,0,WARNING,9.1,3.1,14.7,5.7
2456,0.9873,0,WARNING,9.2,2.9,14.6,5.7
2457,0.9899,0,WARNING,9.2,2.8,15.0,4.7
2458,0.9982,0,WARNING,9.2,3.0,14.5,4.2
2459,0.9982,0,WARNING,9.2,2.9,14.7,3.8
2460,0.9873,0,WARNING,9.4,2.8,14.5,5.6
2461,0.9982,0,WARNING,10.0,2.8,14.6,3.8
2462,0.9982,0,WARNING,10.3,3.3,14.9,4.5
2463,0.9982,0,WARNING,10.9,2.9,14.4,4.4
2464,0.9982,0,WARNING,10.8,2.5,13.3,4.0
2465,0.9899,0,WARNING,11.3,3.7,16.3,5.0
2466,0.9873,0,WARNING,11.5,2.7,13.4,5.3
2467,0.9982,0,WARNING,10.1,1.0,8.6,1.9
2468,0.99,0,WARNING,10.6,0.8,8.5,3.4
2469,0.9901,0,WARNING,10.9,2.9,8.9,3.5
2470,0.9982,0,WARNING,13.9,6.7,22.0,7.3
2471,0.9997,0,WARNING,16.5,8.8,32.9,13.4
2472,1.0,0,WARNING,15.6,10.3,28.5,10.8
2473,0.9987,0,WARNING,12.8,4.5,21.6,10.8
2474,0.9874,0,WARNING,11.6,3.2,15.2,5.9
2475,0.9894,0,WARNING,11.4,3.3,14.9,5.5
2476,0.9983,0,WARNING,11.3,3.3,15.0,4.5
2477,0.9983,0,WARNING,11.2,3.1,14.3,4.2
2478,0.9898,0,WARNING,11.4,3.3,15.8,5.6
2479,0.9982,0,WARNING,11.3,3.4,15.0,4.1
2480,0.9873,0,WARNING,11.3,3.3,15.1,5.9
2481,0.9982,0,WARNING,11.6,3.5,15.3,4.1
2482,0.9898,0,WARNING,11.3,3.6,15.5,5.4
2483,0.9898,0,WARNING,11.4,3.6,15.7,5.6
2484,0.9898,0,WARNING,11.5,3.4,15.8,5.7
2485,0.9898,0,WARNING,11.3,3.4,15.4,5.5
2486,0.9873,0,WARNING,11.2,3.5,15.1,6.1
2487,0.9873,0,WARNING,11.2,3.5,15.6,6.1
2488,0.9898,0,WARNING,11.1,3.6,15.7,5.4
2489,0.9983,0,WARNING,11.1,3.6,15.7,4.6
2490,0.9898,0,WARNING,11.4,3.7,15.9,5.6
2491,0.9872,0,WARNING,11.0,3.9,15.5,6.3
2492,0.9898,0,WARNING,11.2,3.8,15.9,4.8
2493,0.9872,0,WARNING,11.2,3.8,16.2,6.3
2494,0.9983,0,WARNING,11.3,4.0,16.0,4.4
2495,0.9983,0,WARNING,11.0,3.7,16.2,4.5
2496,0.9982,0,WARNING,10.8,3.8,16.0,4.9
2497,0.9982,0,WARNING,10.8,4.0,16.2,4.8
2498,0.9982,0,WARNING,10.7,3.9,16.1,4.8
2499,0.9873,0,WARNING,10.7,4.1,16.5,6.4
2500,0.9983,0,WARNING,10.6,4.0,16.4,5.0
2501,0.9898,0,WARNING,10.6,4.2,16.3,5.9
2502,0.9873,0,WARNING,10.6,4.1,16.6,5.7
2503,0.9873,0,WARNING,10.4,4.0,16.8,6.5
2504,0.9897,0,WARNING,10.3,4.2,16.4,5.8
2505,0.9983,0,WARNING,10.3,4.2,16.5,4.9
2506,0.9872,0,WARNING,10.6,4.1,16.6,6.3
2507,0.9897,0,WARNING,10.5,4.1,16.3,5.0
2508,0.9897,0,WARNING,10.7,4.1,16.6,6.0
2509,0.9872,0,WARNING,10.6,4.3,16.7,6.5
2510,0.9873,0,WARNING,10.4,4.2,17.0,5.8
2511,0.9897,0,WARNING,10.6,4.4,17.0,5.3
2512,0.9983,0,WARNING,10.3,4.2,17.0,4.9
2513,0.9873,0,WARNING,10.3,4.2,16.6,6.4
2514,0.9897,0,WARNING,10.3,4.3,16.9,5.9
2515,0.9897,0,WARNING,10.5,4.6,17.3,6.0
2516,0.9872,0,WARNING,10.3,4.3,17.2,6.6
2517,0.9897,0,WARNING,10.4,4.5,17.3,5.9
2518,0.9873,0,WARNING,10.3,4.3,16.9,5.8
2519,0.9872,0,WARNING,10.4,4.6,17.3,5.7
2520,0.9873,0,WARNING,10.3,4.2,17.2,6.6
2521,0.9873,0,WARNING,10.5,4.7,17.5,6.6
2522,0.9872,0,WARNING,10.4,4.7,18.0,6.8
2523,0.9983,0,WARNING,10.2,4.4,17.2,5.1
2524,0.987,0,WARNING,10.2,4.6,16.8,6.4
2525,0.9897,0,WARNING,10.3,4.7,18.9,6.6
2526,0.9983,0,WARNING,10.1,4.8,18.0,5.5
2527,0.9873,0,WARNING,10.0,4.6,17.8,6.8
2528,0.9896,0,WARNING,11.0,4.9,18.1,6.2
2529,0.9896,0,WARNING,12.1,6.0,19.1,7.9
2530,1.0,0,ANOMALY,15.6,12.1,30.1,16.9
2531,0.9998,0,WARNING,14.8,7.6,26.0,11.7
2532,0.989,0,WARNING,11.6,4.5,18.4,7.7
2533,0.9871,0,WARNING,11.0,6.2,21.9,8.2
2534,0.9893,0,WARNING,10.5,5.1,18.4,6.5
2535,0.987,0,WARNING,10.4,4.9,17.9,6.8
2536,0.9873,0,WARNING,10.3,5.3,18.6,6.8
2537,0.9867,0,WARNING,10.1,4.5,16.3,6.2
2538,0.9871,0,WARNING,10.3,5.5,20.5,7.9
2539,0.9983,0,WARNING,10.2,5.1,18.4,5.1
2540,0.9983,0,WARNING,10.5,5.4,18.7,5.1
2541,0.9896,0,WARNING,10.4,5.0,17.9,6.1
2542,0.9896,0,WARNING,10.4,5.4,17.8,6.3
2543,0.9896,0,WARNING,10.2,5.4,17.8,5.5
2544,0.9869,0,WARNING,10.3,5.6,18.2,6.0
2545,0.9869,0,WARNING,10.3,5.4,17.8,6.7
2546,0.9868,0,WARNING,10.4,5.5,17.8,6.9
2547,0.9983,0,WARNING,10.3,5.7,17.9,5.4
2548,0.9867,0,WARNING,10.4,5.6,17.7,6.7
2549,0.9983,0,WARNING,10.6,5.7,18.0,5.5
2550,0.9868,0,WARNING,10.4,5.8,18.3,6.2
2551,0.9983,0,WARNING,10.5,6.0,18.3,5.5
2552,0.9896,0,WARNING,10.4,5.7,17.6,5.9
2553,0.9896,0,WARNING,10.6,6.2,18.2,6.2
2554,0.9896,0,WARNING,10.5,6.0,18.0,6.3
2555,0.9868,0,WARNING,10.6,6.1,19.0,6.4
2556,0.9867,0,WARNING,10.6,6.5,18.6,7.0
2557,0.9983,0,WARNING,10.5,6.5,18.6,5.7
2558,0.9896,0,WARNING,10.4,6.1,18.3,6.4
2559,0.9983,0,WARNING,10.6,6.0,18.7,5.0
2560,0.9896,0,WARNING,10.7,6.6,18.9,6.4
2561,0.9983,0,WARNING,10.7,6.7,18.4,5.3
2562,0.9983,0,WARNING,10.7,6.6,18.9,5.9
2563,0.9983,0,WARNING,10.7,6.4,19.1,5.7
2564,0.9983,0,WARNING,11.1,6.9,18.9,5.1
2565,0.9983,0,WARNING,11.2,6.8,18.1,4.7
2566,0.9983,0,WARNING,11.4,7.0,19.8,5.9
2567,0.9895,0,WARNING,11.4,6.4,19.4,6.8
2568,0.9867,0,WARNING,11.9,6.6,18.6,6.8
2569,0.9983,0,WARNING,12.3,6.9,19.2,5.2
2570,0.9895,0,WARNING,12.6,6.7,19.1,6.6
2571,0.9868,0,WARNING,12.5,6.6,19.1,7.1
2572,0.9983,0,WARNING,12.4,6.3,18.8,5.6
2573,0.9868,0,WARNING,13.2,7.1,19.5,7.3
2574,0.9983,0,WARNING,13.0,6.8,19.1,5.2
2575,0.9868,0,WARNING,13.1,6.7,19.2,7.2
2576,0.9868,0,WARNING,12.9,6.4,19.2,7.0
2577,0.9868,0,WARNING,13.1,6.8,19.2,7.1
2578,0.9868,0,WARNING,13.1,6.9,19.2,7.2
2579,0.9868,0,WARNING,13.2,6.7,19.0,7.1
2580,0.9983,0,WARNING,12.7,6.7,19.1,5.8
2581,0.9895,0,WARNING,13.4,7.0,18.6,6.4
2582,0.9894,0,WARNING,13.4,6.8,19.8,6.8
2583,0.9868,0,WARNING,13.5,6.4,19.5,7.2
2584,0.9894,0,WARNING,13.3,6.8,18.8,6.2
2585,0.9868,0,WARNING,13.5,7.1,19.5,7.1
2586,0.9983,0,WARNING,13.2,7.0,19.9,6.0
2587,0.9868,0,WARNING,13.3,6.2,19.2,7.3
2588,0.9983,0,WARNING,14.4,7.0,18.8,5.4
2589,0.982,0,WARNING,15.1,9.0,19.9,8.5
2590,1.0,0,ANOMALY,19.4,12.3,33.3,18.5
2591,1.0,0,WARNING,18.4,15.0,28.2,10.7
2592,1.0,0,WARNING,17.2,8.2,26.5,12.1
2593,0.9869,0,WARNING,14.8,7.8,20.1,7.5
2594,0.9984,0,WARNING,13.4,6.6,19.5,5.9
2595,0.9892,0,WARNING,13.2,7.0,19.5,6.7
2596,0.9868,0,WARNING,13.3,6.8,19.6,7.5
2597,0.9983,0,WARNING,13.3,6.5,19.5,5.8
2598,0.9983,0,WARNING,13.0,6.6,19.2,5.1
2599,0.9894,0,WARNING,13.1,6.6,19.4,6.5
2600,0.9983,0,WARNING,13.0,7.0,19.6,5.8
2601,0.9894,0,WARNING,13.0,6.6,19.4,6.5
2602,0.9894,0,WARNING,12.8,6.4,19.7,6.9
2603,0.987,0,WARNING,12.8,6.1,18.3,7.0
2604,0.9868,0,WARNING,12.7,6.8,20.2,6.8
2605,0.9983,0,WARNING,12.5,6.6,19.3,5.1
2606,0.9983,0,WARNING,12.5,6.3,19.2,5.7
2607,0.9895,0,WARNING,12.3,6.2,19.2,6.6
2608,0.9895,0,WARNING,12.4,6.6,19.2,6.7
2609,0.9868,0,WARNING,12.3,6.6,18.9,7.1
2610,0.9895,0,WARNING,12.2,5.9,18.6,6.3
2611,0.9983,0,WARNING,12.3,6.4,20.6,5.6
2612,0.9895,0,WARNING,12.4,7.1,18.8,6.4
2613,0.9895,0,WARNING,12.5,6.6,19.8,6.1
2614,0.9868,0,WARNING,12.8,6.4,19.4,7.4
2615,0.9894,0,WARNING,12.5,6.4,17.9,5.4
2616,0.9868,0,WARNING,12.4,6.7,19.6,7.2
2617,0.9868,0,WARNING,12.4,6.4,18.9,7.0
2618,0.9868,0,WARNING,12.2,6.2,18.6,7.1
2619,0.9868,0,WARNING,12.3,6.7,19.2,7.0
2620,0.9895,0,WARNING,12.3,6.5,19.5,6.0
2621,0.9868,0,WARNING,12.2,6.6,18.7,7.0
2622,0.9868,0,WARNING,12.1,6.7,19.7,7.3
2623,0.9895,0,WARNING,11.9,6.4,19.1,6.5
2624,0.9983,0,WARNING,12.2,6.5,19.4,5.2
2625,0.9895,0,WARNING,12.2,6.6,19.3,6.6
2626,0.9868,0,WARNING,11.8,6.6,18.9,7.1
2627,0.9983,0,WARNING,11.8,6.1,18.7,5.4
2628,0.9868,0,WARNING,11.6,6.3,19.4,7.2
2629,0.9868,0,WARNING,11.6,6.4,19.0,7.1
2630,0.9983,0,WARNING,11.5,6.7,19.5,5.4
2631,0.9983,0,WARNING,11.6,6.2,18.4,4.7
2632,0.9868,0,WARNING,12.1,7.0,19.8,7.4
2633,0.9983,0,WARNING,11.7,6.4,18.6,5.3
2634,0.9868,0,WARNING,11.6,6.5,19.6,7.3
2635,0.9983,0,WARNING,11.7,5.9,17.6,4.6
2636,0.9868,0,WARNING,11.6,6.5,20.6,7.7
2637,0.9868,0,WARNING,11.8,6.2,18.6,7.0
2638,0.9869,0,WARNING,11.8,6.3,18.5,7.0
2639,0.9983,0,WARNING,11.6,6.4,20.1,5.5
2640,0.9895,0,WARNING,11.8,5.9,18.6,5.7
2641,0.9895,0,WARNING,11.6,6.2,19.1,6.5
2642,0.9895,0,WARNING,11.4,6.5,18.5,6.3
2643,0.9983,0,WARNING,11.4,6.0,19.4,5.3
2644,0.9895,0,WARNING,11.4,6.3,19.2,5.9
2645,0.9983,0,WARNING,11.1,6.0,18.6,5.0
2646,0.9983,0,WARNING,11.2,6.2,19.2,5.9
2647,0.9869,0,WARNING,11.2,6.1,19.0,7.0
2648,0.9895,0,WARNING,11.8,6.5,19.2,6.5
2649,0.9895,0,WARNING,14.3,7.3,19.2,7.7
2650,1.0,0,ANOMALY,17.7,19.3,33.6,21.0
2651,1.0,0,ANOMALY,16.2,7.8,31.3,18.6
2652,0.9887,0,WARNING,13.0,7.3,20.5,7.1
2653,0.989,0,WARNING,12.0,6.5,19.5,6.8
2654,0.9984,0,WARNING,12.1,6.2,19.2,5.3
2655,0.9893,0,WARNING,11.5,6.5,19.2,6.7
2656,0.9868,0,WARNING,11.5,6.2,19.0,7.0
2657,0.9894,0,WARNING,11.8,6.0,19.0,6.5
2658,0.9895,0,WARNING,11.7,6.5,19.1,6.7
2659,0.9868,0,WARNING,11.4,6.2,19.0,7.0
2660,0.9871,0,WARNING,11.2,5.8,18.5,6.9
2661,0.9868,0,WARNING,11.4,6.5,20.4,7.5
2662,0.9983,0,WARNING,11.3,6.4,19.0,5.8
2663,0.9983,0,WARNING,11.2,5.8,18.6,5.0
2664,0.9895,0,WARNING,11.2,5.9,19.0,6.4
2665,0.9869,0,WARNING,11.1,6.4,19.8,7.6
2666,0.987,0,WARNING,11.0,6.0,18.7,6.4
2667,0.9869,0,WARNING,10.9,5.8,19.5,7.5
2668,0.9983,0,WARNING,10.9,6.1,18.9,5.1
2669,0.9895,0,WARNING,10.9,6.3,19.9,6.9
2670,0.9895,0,WARNING,11.1,6.0,19.4,6.5
2671,0.9983,0,WARNING,11.4,6.0,19.1,5.7
2672,0.9869,0,WARNING,12.1,6.2,19.2,7.0
2673,0.9983,0,WARNING,11.8,5.9,18.5,4.9
2674,0.9895,0,WARNING,12.5,6.0,20.1,6.9
2675,0.9872,0,WARNING,12.7,6.1,18.6,7.2
2676,0.9983,0,WARNING,12.7,6.4,20.9,6.2
2677,0.9983,0,WARNING,12.8,6.0,19.4,5.9
2678,0.9983,0,WARNING,12.7,6.0,19.7,5.5
2679,0.9983,0,WARNING,13.3,6.1,18.9,5.6
2680,0.9894,0,WARNING,13.2,6.2,19.3,6.6
2681,0.9983,0,WARNING,12.8,6.0,19.6,5.9
2682,0.9983,0,WARNING,13.3,6.0,18.6,5.1
2683,0.9869,0,WARNING,13.2,6.5,19.3,6.5
2684,0.9869,0,WARNING,13.6,5.9,19.0,6.5
2685,0.9894,0,WARNING,13.5,6.3,19.1,6.6
2686,0.987,0,WARNING,13.2,5.9,17.9,6.0
2687,0.9869,0,WARNING,13.5,6.0,20.3,7.3
2688,0.9983,0,WARNING,13.2,6.0,18.5,5.4
2689,0.9895,0,WARNING,12.9,6.2,19.3,6.1
2690,0.9895,0,WARNING,13.0,6.1,19.2,6.6
2691,0.9895,0,WARNING,13.2,6.1,19.1,6.7
2692,0.9895,0,WARNING,13.0,5.9,19.7,7.0
2693,0.9894,0,WARNING,13.1,5.8,18.7,6.4
2694,0.9869,0,WARNING,13.2,5.9,18.7,6.8
2695,0.9869,0,WARNING,12.9,6.3,18.9,6.9
2696,0.9983,0,WARNING,12.7,5.9,19.1,5.6
2697,0.987,0,WARNING,12.8,5.9,19.3,7.2
2698,0.9869,0,WARNING,12.8,6.2,19.2,7.1
2699,0.9869,0,WARNING,12.8,6.1,19.4,7.2
2700,0.9895,0,WARNING,12.5,5.7,19.1,6.7
2701,0.987,0,WARNING,12.4,6.0,19.1,7.1
2702,0.9895,0,WARNING,12.5,6.4,19.2,6.7
2703,0.9983,0,WARNING,12.6,5.5,17.5,4.4
2704,0.9869,0,WARNING,12.5,6.3,20.8,7.6
2705,0.9869,0,WARNING,12.5,6.4,19.4,7.5
2706,0.9983,0,WARNING,12.2,6.1,18.7,5.6
2707,0.9895,0,WARNING,12.3,6.0,19.0,6.5
2708,0.9855,0,WARNING,13.2,6.4,19.3,7.1
2709,0.9983,0,WARNING,14.2,7.4,20.4,7.3
2710,1.0,0,ANOMALY,16.7,8.9,22.8,14.0
2711,1.0,0,ANOMALY,18.5,16.5,37.7,17.4
2712,1.0,0,WARNING,17.0,7.5,24.2,12.2
2713,0.9984,0,WARNING,14.0,6.7,20.9,6.3
2714,0.987,0,WARNING,12.8,6.2,20.6,7.6
2715,0.9892,0,WARNING,12.7,6.0,19.7,6.8
2716,0.9983,0,WARNING,12.8,6.1,19.8,6.0
2717,0.9983,0,WARNING,12.9,5.9,19.9,6.1
2718,0.9894,0,WARNING,12.6,6.1,19.3,6.6
2719,0.9894,0,WARNING,12.4,6.3,20.6,7.0
2720,0.9894,0,WARNING,12.2,6.3,20.2,6.3
2721,0.9872,0,WARNING,12.2,5.5,18.5,7.0
2722,0.9895,0,WARNING,12.0,5.9,18.4,5.6
2723,0.9895,0,WARNING,12.5,7.1,22.3,7.5
2724,0.9983,0,WARNING,12.3,6.2,20.0,5.4
2725,0.9983,0,WARNING,12.3,6.3,21.1,5.9
2726,0.987,0,WARNING,12.0,6.4,20.1,7.4
2727,0.9983,0,WARNING,12.0,6.2,19.4,5.1
2728,0.9983,0,WARNING,11.8,5.4,17.1,4.4
2729,0.9983,0,WARNING,12.0,6.7,22.0,6.2
2730,0.9894,0,WARNING,12.3,6.4,20.7,7.2
2731,0.9894,0,WARNING,12.1,6.4,19.8,6.6
2732,0.987,0,WARNING,12.2,6.5,21.3,7.3
2733,0.9869,0,WARNING,11.8,6.0,19.6,7.3
2734,0.9983,0,WARNING,11.5,6.1,20.1,5.3
2735,0.987,0,WARNING,11.8,6.3,19.8,7.2
2736,0.9894,0,WARNING,11.7,6.1,20.4,6.9
2737,0.987,0,WARNING,11.8,6.1,19.9,7.5
2738,0.9894,0,WARNING,11.7,6.5,19.4,6.6
2739,0.9869,0,WARNING,11.5,6.2,20.7,7.8
2740,0.9869,0,WARNING,11.4,5.8,19.7,7.3
2741,0.987,0,WARNING,11.5,6.1,19.8,6.7
2742,0.9895,0,WARNING,11.5,5.9,19.8,6.8
2743,0.9983,0,WARNING,11.5,5.8,20.0,5.4
2744,0.9983,0,WARNING,11.4,5.9,19.7,5.2
2745,0.9983,0,WARNING,11.6,6.0,19.5,5.8
2746,0.9869,0,WARNING,11.4,6.2,20.0,7.4
2747,0.9983,0,WARNING,11.3,5.8,20.0,6.0
2748,0.987,0,WARNING,11.1,6.1,19.9,7.5
2749,0.9895,0,WARNING,11.4,6.5,19.7,6.0
2750,0.9869,0,WARNING,11.4,6.2,20.0,6.6
2751,0.9894,0,WARNING,11.8,6.1,19.2,6.5
2752,0.9895,0,WARNING,11.8,6.1,18.7,6.4
2753,0.9869,0,WARNING,11.5,6.3,20.6,7.7
2754,0.9869,0,WARNING,11.2,6.4,19.5,7.4
2755,0.9895,0,WARNING,11.1,6.0,20.0,6.9
2756,0.987,0,WARNING,11.2,5.7,19.3,7.2
2757,0.9869,0,WARNING,11.1,6.4,19.6,7.3
2758,0.9895,0,WARNING,10.9,6.2,18.7,6.3
2759,0.9983,0,WARNING,10.9,5.5,19.7,5.8
2760,0.9983,0,WARNING,10.9,6.2,19.3,5.6
2761,0.9895,0,WARNING,10.8,5.9,19.3,6.9
2762,0.9983,0,WARNING,10.8,5.8,19.2,5.3
2763,0.9869,0,WARNING,10.7,5.7,19.2,6.4
2764,0.9895,0,WARNING,10.8,6.2,18.9,5.9
2765,0.9983,0,WARNING,10.7,6.4,20.0,5.5
2766,0.9983,0,WARNING,10.6,5.6,18.1,4.7
2767,0.9895,0,WARNING,10.9,6.6,20.6,7.0
2768,0.9856,0,WARNING,11.5,6.2,20.0,7.5
2769,0.9999,0,WARNING,14.4,10.0,21.2,9.7
2770,1.0,0,ANOMALY,16.1,18.3,30.9,18.1
2771,0.9929,0,WARNING,14.3,7.9,27.6,10.7
2772,1.0,0,WARNING,13.0,7.8,26.3,14.6
2773,0.9984,0,WARNING,11.5,5.8,18.8,5.4
2774,0.987,0,WARNING,11.5,5.6,20.2,7.3
2775,0.9893,0,WARNING,11.8,6.2,19.4,6.7
2776,0.9893,0,WARNING,12.0,6.0,18.9,5.8
2777,0.9983,0,WARNING,12.4,5.7,19.4,5.4
2778,0.9894,0,WARNING,12.3,5.9,19.0,6.7
2779,0.9894,0,WARNING,12.4,6.2,19.4,6.1
2780,0.9983,0,WARNING,12.8,5.6,19.4,5.4
2781,0.987,0,WARNING,12.7,5.7,19.3,7.1
2782,0.9894,0,WARNING,12.7,5.8,17.8,6.0
2783,0.9895,0,WARNING,12.8,6.0,20.6,7.0
2784,0.9894,0,WARNING,12.2,5.5,18.4,6.2
2785,0.9869,0,WARNING,12.6,6.7,21.6,8.2
2786,0.9863,0,WARNING,11.7,5.0,15.6,5.2
2787,0.9868,0,WARNING,12.3,6.9,23.2,7.7
2788,0.9869,0,WARNING,12.5,5.6,19.1,7.1
2789,0.9983,0,WARNING,12.6,6.2,20.1,5.5
2790,0.9869,0,WARNING,12.5,5.9,19.1,6.9
2791,0.9871,0,WARNING,12.4,5.2,17.8,6.5
2792,0.9895,0,WARNING,12.2,6.4,21.0,7.1
2793,0.9983,0,WARNING,12.4,6.3,19.5,5.2
2794,0.9869,0,WARNING,13.0,5.9,19.7,7.3
2795,0.9983,0,WARNING,12.6,5.9,20.0,6.0
2796,0.9983,0,WARNING,12.4,6.3,19.7,6.0
2797,0.9869,0,WARNING,12.3,5.9,19.5,7.2
2798,0.9894,0,WARNING,12.5,5.9,19.4,6.5
2799,0.9894,0,WARNING,12.5,6.2,19.6,6.5
2800,0.9894,0,WARNING,12.4,6.1,19.2,5.7
2801,0.9869,0,WARNING,12.6,6.5,19.8,6.7
2802,0.9894,0,WARNING,12.5,6.5,20.1,6.8
2803,0.9894,0,WARNING,12.5,6.7,20.1,7.0
2804,0.9869,0,WARNING,12.4,6.1,19.8,7.5
2805,0.9894,0,WARNING,12.3,6.5,19.9,6.0
2806,0.9868,0,WARNING,12.5,6.4,20.0,7.1
2807,0.9983,0,WARNING,12.6,6.2,20.4,6.0
2808,0.9894,0,WARNING,12.7,6.3,20.3,7.0
2809,0.9983,0,WARNING,12.7,6.7,20.3,6.2
2810,0.9869,0,WARNING,12.5,6.6,20.2,7.5
2811,0.9983,0,WARNING,12.4,6.4,20.3,6.2
2812,0.9894,0,WARNING,12.3,6.5,20.5,7.3
2813,0.9983,0,WARNING,12.4,6.5,20.2,5.5
2814,0.9894,0,WARNING,12.6,6.4,20.4,7.0
2815,0.9894,0,WARNING,12.5,6.5,20.1,6.8
2816,0.9868,0,WARNING,12.2,5.9,20.0,7.5
2817,0.9983,0,WARNING,12.5,6.3,20.1,6.1
2818,0.9983,0,WARNING,12.3,6.3,19.9,5.4
2819,0.9869,0,WARNING,12.4,6.3,20.1,7.4
2820,0.9869,0,WARNING,12.3,6.5,20.2,7.4
2821,0.9869,0,WARNING,12.3,6.8,20.0,7.4
2822,0.9983,0,WARNING,12.4,6.7,20.0,5.9
2823,0.9868,0,WARNING,12.3,6.4,19.9,7.4
2824,0.9869,0,WARNING,12.5,6.4,19.9,7.4
2825,0.9983,0,WARNING,12.4,6.7,20.2,5.6
2826,0.9869,0,WARNING,12.7,6.6,19.9,7.2
2827,0.9869,0,WARNING,12.5,6.7,20.2,7.5
2828,0.9894,0,WARNING,13.1,7.1,20.7,7.1
2829,0.9894,0,WARNING,14.9,10.0,20.5,8.0
2830,1.0,0,ANOMALY,19.2,18.4,34.5,19.7
2831,0.9985,0,WARNING,16.6,8.7,29.1,9.8
2832,1.0,0,ANOMALY,15.4,8.9,22.6,11.8
2833,0.9984,0,WARNING,14.6,7.5,26.5,9.3
2834,0.9889,0,WARNING,13.1,6.4,20.7,6.5
2835,0.9869,0,WARNING,13.1,7.0,20.6,7.4
2836,0.9984,0,WARNING,13.0,7.0,22.1,6.7
2837,0.9892,0,WARNING,12.5,6.7,21.1,7.2
2838,0.9893,0,WARNING,12.4,6.7,21.0,7.0
2839,0.9868,0,WARNING,12.4,7.3,21.4,7.8
2840,0.9893,0,WARNING,12.7,7.3,21.5,7.3
2841,0.9983,0,WARNING,12.3,7.1,21.3,5.9
2842,0.9893,0,WARNING,12.4,6.8,21.3,7.4
2843,0.9868,0,WARNING,12.5,6.8,22.5,8.2
2844,0.9868,0,WARNING,12.5,7.4,21.2,7.0
2845,0.9893,0,WARNING,12.6,7.2,21.2,7.3
2846,0.9868,0,WARNING,12.4,6.7,21.0,6.7
2847,0.9868,0,WARNING,12.3,6.7,21.1,6.9
2848,0.9983,0,WARNING,12.3,7.6,22.2,6.7
2849,0.9983,0,WARNING,12.1,7.8,22.0,6.6
2850,0.9867,0,WARNING,12.1,7.0,21.8,8.0
2851,0.9868,0,WARNING,12.0,7.0,21.4,7.0
2852,0.9893,0,WARNING,12.1,7.4,21.7,7.3
2853,0.9893,0,WARNING,12.4,7.1,21.9,6.8
2854,0.9983,0,WARNING,12.2,6.9,22.1,6.0
2855,0.9893,0,WARNING,12.1,7.4,21.0,6.9
2856,0.9867,0,WARNING,12.1,7.4,22.4,8.4
2857,0.9983,0,WARNING,12.1,7.3,22.0,6.5
2858,0.9867,0,WARNING,12.3,7.6,22.3,8.2
2859,0.9893,0,WARNING,12.4,7.5,22.1,7.5
2860,0.9867,0,WARNING,12.0,7.1,21.7,7.3
2861,0.9867,0,WARNING,12.1,7.2,22.2,8.3
2862,0.9867,0,WARNING,12.0,7.7,22.1,7.9
2863,0.9892,0,WARNING,12.1,6.9,21.2,7.0
2864,0.9868,0,WARNING,11.9,7.2,22.9,7.7
2865,0.9893,0,WARNING,11.9,7.6,21.8,7.3
2866,0.9868,0,WARNING,11.9,7.3,21.9,8.0
2867,0.9893,0,WARNING,11.7,6.9,21.8,6.8
2868,0.987,0,WARNING,11.8,6.7,20.7,7.5
2869,0.9867,0,WARNING,11.9,7.6,22.2,7.2
2870,0.9893,0,WARNING,11.7,7.5,22.3,7.4
2871,0.987,0,WARNING,11.5,6.8,20.4,7.4
2872,0.9868,0,WARNING,11.6,7.1,22.8,8.3
2873,0.9983,0,WARNING,11.8,6.7,21.7,6.6
2874,0.9983,0,WARNING,11.5,6.8,21.5,6.6
2875,0.9867,0,WARNING,11.5,7.4,21.7,8.0
2876,0.9867,0,WARNING,11.9,7.0,21.9,8.2
2877,0.9867,0,WARNING,12.3,6.9,21.6,7.0
2878,0.9893,0,WARNING,12.2,7.5,21.5,7.1
2879,0.9867,0,WARNING,12.6,7.6,22.1,7.1
2880,0.9867,0,WARNING,12.8,7.2,21.5,7.8
2881,0.9983,0,WARNING,12.4,7.0,22.3,6.3
2882,0.9892,0,WARNING,13.0,7.4,21.4,7.3
2883,0.9867,0,WARNING,13.2,7.4,21.2,7.7
2884,0.9983,0,WARNING,13.0,6.6,20.6,6.1
2885,0.9893,0,WARNING,13.5,7.7,23.1,7.8
2886,0.9868,0,WARNING,13.9,7.1,21.3,7.0
2887,0.9983,0,WARNING,13.7,7.2,22.1,6.0
2888,0.986,0,WARNING,14.5,7.8,21.7,7.2
2889,0.982,0,WARNING,15.9,9.1,21.9,9.3
2890,1.0,0,ANOMALY,20.8,19.8,38.3,23.3
2891,0.9958,0,WARNING,17.6,9.2,28.0,11.5
2892,1.0,0,ANOMALY,16.8,10.5,27.6,15.0
2893,0.9868,0,WARNING,14.2,7.2,21.4,7.7
2894,0.9869,0,WARNING,14.0,6.8,22.0,8.0
2895,0.9984,0,WARNING,14.1,7.4,20.6,6.1
2896,0.9984,0,WARNING,14.0,7.3,22.2,6.6
2897,0.9867,0,WARNING,13.8,7.1,22.1,8.2
2898,0.9983,0,WARNING,13.7,6.6,20.8,5.7
2899,0.9868,0,WARNING,13.7,7.3,20.9,7.6
2900,0.9893,0,WARNING,13.6,7.0,20.5,6.9
2901,0.9983,0,WARNING,13.4,6.9,21.2,6.4
2902,0.9893,0,WARNING,13.0,6.5,21.4,7.3
2903,0.9893,0,WARNING,13.2,6.7,20.8,7.1
2904,0.9893,0,WARNING,13.2,6.9,20.9,7.2
2905,0.9868,0,WARNING,13.1,6.9,21.0,7.0
2906,0.9867,0,WARNING,13.0,6.3,19.7,7.2
2907,0.9867,0,WARNING,12.8,6.8,20.8,7.6
2908,0.9983,0,WARNING,13.0,6.8,21.4,5.9
2909,0.9983,0,WARNING,13.0,6.6,20.1,5.5
2910,0.9983,0,WARNING,13.0,6.1,20.1,5.4
2911,0.9894,0,WARNING,12.8,6.7,19.4,6.3
2912,0.9865,0,WARNING,12.5,6.4,19.0,7.1
2913,0.9983,0,WARNING,12.9,7.2,22.4,6.7
2914,0.9894,0,WARNING,12.8,6.3,21.3,7.2
2915,0.9894,0,WARNING,12.7,6.6,20.2,7.2
2916,0.9867,0,WARNING,12.6,6.3,19.6,7.2
2917,0.9983,0,WARNING,12.5,6.3,20.5,6.0
2918,0.9867,0,WARNING,12.8,6.1,19.5,7.0
2919,0.9983,0,WARNING,13.0,6.8,20.8,6.2
2920,0.9983,0,WARNING,12.9,6.3,19.8,5.5
2921,0.9894,0,WARNING,13.2,6.0,20.5,7.0
2922,0.9867,0,WARNING,13.0,6.6,19.7,6.6
2923,0.9867,0,WARNING,13.2,6.8,19.8,7.5
2924,0.9894,0,WARNING,12.9,6.1,19.7,6.8
2925,0.9894,0,WARNING,12.7,6.8,19.8,6.8
2926,0.9867,0,WARNING,12.7,6.5,19.7,7.2
2927,0.9867,0,WARNING,12.7,6.3,19.1,6.9
2928,0.9983,0,WARNING,12.5,5.8,19.6,5.4
2929,0.9894,0,WARNING,12.6,6.6,19.9,6.9
2930,0.9983,0,WARNING,12.4,6.4,19.6,5.9
2931,0.9894,0,WARNING,12.9,6.4,19.3,5.9
2932,0.9867,0,WARNING,12.5,6.0,19.4,6.5
2933,0.9983,0,WARNING,12.5,6.0,19.6,5.3
2934,0.9983,0,WARNING,12.5,6.5,19.7,5.2
2935,0.9894,0,WARNING,12.3,6.5,18.4,6.2
2936,0.9866,0,WARNING,12.3,6.0,20.0,7.4
2937,0.987,0,WARNING,11.9,6.0,18.4,6.9
2938,0.9895,0,WARNING,12.2,6.8,20.7,7.0
2939,0.9894,0,WARNING,12.1,6.0,19.2,6.0
2940,0.9895,0,WARNING,12.1,5.9,18.6,6.3
2941,0.9867,0,WARNING,12.1,6.5,19.8,7.4
2942,0.9867,0,WARNING,12.2,6.4,19.2,7.3
2943,0.9867,0,WARNING,12.1,5.7,18.8,6.8
2944,0.9867,0,WARNING,11.8,5.8,19.6,6.6
2945,0.9983,0,WARNING,12.1,6.1,19.5,5.8
2946,0.9867,0,WARNING,12.1,5.8,19.1,7.2
2947,0.9867,0,WARNING,12.1,5.8,19.1,7.1
2948,0.9855,0,WARNING,12.9,6.3,19.8,6.5
2949,0.9999,0,WARNING,15.6,8.1,21.8,11.0
2950,1.0,0,ANOMALY,19.2,20.4,38.2,22.7
2951,0.986,0,WARNING,15.4,6.3,21.7,8.2
2952,1.0,0,ANOMALY,15.0,9.3,27.0,14.3
2953,0.9888,0,WARNING,13.1,6.2,20.9,7.2
2954,0.9891,0,WARNING,11.9,5.7,18.7,6.4
2955,0.9867,0,WARNING,11.8,6.3,20.0,7.4
2956,0.9983,0,WARNING,12.0,6.0,19.5,5.9
2957,0.9866,0,WARNING,11.7,5.5,19.4,7.3
2958,0.9895,0,WARNING,11.6,6.2,19.3,6.7
2959,0.9895,0,WARNING,11.4,6.1,19.9,6.9
2960,0.9866,0,WARNING,11.4,6.5,19.9,7.3
2961,0.9866,0,WARNING,11.3,5.6,19.2,7.3
2962,0.9866,0,WARNING,11.2,5.9,19.4,6.6
2963,0.9895,0,WARNING,11.2,6.1,19.7,6.8
2964,0.9866,0,WARNING,11.2,6.1,19.6,6.7
2965,0.9983,0,WARNING,11.1,5.6,19.6,5.4
2966,0.9866,0,WARNING,11.1,5.7,19.3,7.1
2967,0.9866,0,WARNING,11.1,6.1,19.5,7.2
2968,0.9866,0,WARNING,11.0,6.0,19.5,7.2
2969,0.9866,0,WARNING,10.8,5.6,19.9,7.5
2970,0.9983,0,WARNING,11.0,6.0,19.0,5.6
2971,0.9866,0,WARNING,10.9,6.1,19.6,7.6
2972,0.9983,0,WARNING,10.9,5.8,19.7,5.4
2973,0.9895,0,WARNING,11.0,5.6,18.9,6.4
2974,0.9895,0,WARNING,10.9,5.9,19.6,6.8
2975,0.9895,0,WARNING,10.9,6.1,20.3,6.2
2976,0.9866,0,WARNING,10.9,5.7,18.8,6.3
2977,0.9895,0,WARNING,10.9,6.1,20.2,7.1
2978,0.9983,0,WARNING,10.8,6.3,19.1,5.0
2979,0.9983,0,WARNING,10.9,5.7,19.9,5.4
2980,0.9983,0,WARNING,10.8,5.6,19.4,5.4
2981,0.9983,0,WARNING,11.0,6.1,19.7,5.9
2982,0.9895,0,WARNING,11.2,6.0,18.7,6.3
2983,0.9895,0,WARNING,11.4,5.6,20.6,7.0
2984,0.9866,0,WARNING,11.7,6.0,19.4,7.2
2985,0.9866,0,WARNING,11.8,6.1,19.4,7.3
2986,0.9867,0,WARNING,12.1,5.8,19.6,7.4
2987,0.9894,0,WARNING,12.3,5.6,19.6,6.8
2988,0.9894,0,WARNING,12.2,5.9,19.6,6.9
2989,0.9983,0,WARNING,12.4,5.8,18.9,4.9
2990,0.9894,0,WARNING,12.6,5.2,19.6,6.0
2991,0.9983,0,WARNING,12.8,5.5,19.2,5.2
2992,0.9866,0,WARNING,13.0,6.1,19.7,7.4
2993,0.9867,0,WARNING,12.8,5.7,19.1,7.0
2994,0.9894,0,WARNING,12.8,5.8,20.6,7.2
2995,0.9867,0,WARNING,13.1,5.8,18.9,7.1
2996,0.9867,0,WARNING,13.0,6.0,20.0,7.6
2997,0.9983,0,WARNING,13.0,5.7,19.8,5.3
2998,0.9983,0,WARNING,13.6,5.4,19.7,5.8
2999,0.9867,0,WARNING,13.3,6.1,19.7,7.3
3000,0.9867,0,WARNING,13.4,5.6,19.0,6.9
3001,0.9983,0,WARNING,13.3,5.7,19.6,5.5
3002,0.9867,0,WARNING,13.1,5.9,19.4,7.3
3003,0.9983,0,WARNING,13.1,6.0,19.2,5.1
3004,0.9867,0,WARNING,13.2,5.8,18.8,6.9
3005,0.9895,0,WARNING,13.1,5.7,20.1,6.8
3006,0.9983,0,WARNING,13.1,6.1,19.3,5.7
3007,0.9867,0,WARNING,13.2,6.0,19.6,7.4
3008,0.9983,0,WARNING,14.2,5.5,19.7,5.4
3009,0.9894,0,WARNING,16.1,7.8,20.6,9.4
3010,1.0,0,ANOMALY,19.1,17.7,36.9,21.3
3011,1.0,0,ANOMALY,17.2,7.0,26.1,13.4
3012,0.9869,0,WARNING,14.9,8.4,24.5,10.6
3013,0.9984,0,WARNING,13.4,5.9,19.3,5.1
3014,0.9891,0,WARNING,12.8,5.9,19.3,5.9
3015,0.9893,0,WARNING,12.9,6.1,19.2,6.6
3016,0.9867,0,WARNING,12.8,6.1,19.4,7.2
3017,0.9983,0,WARNING,13.0,5.6,19.1,5.8
3018,0.9867,0,WARNING,13.0,5.8,19.0,7.1
3019,0.9895,0,WARNING,13.2,5.9,19.5,6.8
3020,0.9983,0,WARNING,13.1,6.1,19.2,6.0
3021,0.9895,0,WARNING,13.2,6.1,19.2,5.8
3022,0.9895,0,WARNING,12.7,5.9,18.8,6.3
3023,0.9983,0,WARNING,12.6,5.7,19.7,5.8
3024,0.9983,0,WARNING,12.5,5.8,19.8,5.4
3025,0.9895,0,WARNING,12.8,5.9,19.3,6.7
3026,0.9867,0,WARNING,12.6,5.7,18.9,7.1
3027,0.9868,0,WARNING,12.7,5.9,20.0,7.6
3028,0.9983,0,WARNING,12.5,6.0,19.3,5.7
3029,0.9983,0,WARNING,12.5,5.6,18.8,5.5
3030,0.9895,0,WARNING,12.4,5.8,19.7,6.1
3031,0.9895,0,WARNING,12.4,5.7,17.7,6.0
3032,0.9895,0,WARNING,12.3,5.9,20.7,7.3
3033,0.9895,0,WARNING,12.3,5.7,18.4,5.6
3034,0.9895,0,WARNING,12.2,5.7,19.8,6.9
3035,0.9867,0,WARNING,12.8,5.8,18.8,6.9
3036,0.9867,0,WARNING,12.4,5.4,19.2,7.1
3037,0.9895,0,WARNING,12.5,5.7,18.9,6.3
3038,0.9895,0,WARNING,12.4,5.9,20.1,6.2
3039,0.9868,0,WARNING,12.6,5.8,19.1,6.4
3040,0.9867,0,WARNING,12.8,5.5,18.9,7.2
3041,0.9895,0,WARNING,12.6,5.8,19.3,6.7
3042,0.9895,0,WARNING,12.5,6.3,20.0,7.0
3043,0.9868,0,WARNING,12.6,5.6,19.2,7.5
3044,0.9868,0,WARNING,12.3,5.6,19.7,7.3
3045,0.9895,0,WARNING,12.0,5.9,19.3,6.6
3046,0.9983,0,WARNING,11.9,5.8,19.5,5.8
3047,0.9868,0,WARNING,12.2,5.8,19.7,6.8
3048,0.9895,0,WARNING,11.9,5.9,19.7,6.8
3049,0.9867,0,WARNING,12.0,6.0,19.5,7.2
3050,0.9868,0,WARNING,11.9,5.8,19.4,7.3
3051,0.9868,0,WARNING,11.8,5.9,20.0,7.6
3052,0.9867,0,WARNING,11.8,6.3,19.7,7.2
3053,0.9867,0,WARNING,11.6,6.0,19.6,7.4
3054,0.9983,0,WARNING,11.8,6.4,19.6,5.1
3055,0.9867,0,WARNING,12.0,5.9,19.6,7.3
3056,0.9867,0,WARNING,11.9,6.2,19.6,6.6
3057,0.9983,0,WARNING,11.7,6.2,19.1,5.0
3058,0.9867,0,WARNING,12.0,6.4,20.0,7.5
3059,0.9867,0,WARNING,12.0,6.5,19.9,7.4
3060,0.9866,0,WARNING,12.1,6.9,19.9,7.3
3061,0.9894,0,WARNING,12.1,7.2,19.9,6.6
3062,0.9983,0,WARNING,12.3,6.9,20.6,5.6
3063,0.9894,0,WARNING,12.2,6.8,19.9,6.0
3064,0.9983,0,WARNING,12.5,7.2,20.3,6.1
3065,0.9983,0,WARNING,12.9,7.4,19.8,5.8
3066,0.9867,0,WARNING,12.7,6.6,20.8,8.1
3067,0.9868,0,WARNING,13.0,7.2,20.3,7.4
3068,0.9851,0,WARNING,14.0,6.9,19.9,7.3
3069,0.9894,0,WARNING,15.7,9.9,21.5,9.3
3070,1.0,1,ANOMALY,18.5,18.1,31.1,18.4
3071,0.9987,1,WARNING,16.2,10.0,30.3,12.7
3072,1.0,1,ANOMALY,15.2,12.8,30.5,18.1
3073,0.9886,1,WARNING,12.7,6.9,21.0,7.1
3074,0.9984,1,WARNING,12.8,7.0,20.7,5.7
3075,0.9891,1,WARNING,12.7,7.2,20.2,6.8
3076,0.9869,1,WARNING,12.6,7.2,20.3,7.5
3077,0.9868,1,WARNING,12.3,7.4,20.8,7.6
3078,0.9867,1,WARNING,12.6,7.1,21.1,7.6
3079,0.9893,1,WARNING,12.5,6.9,21.1,7.3
3080,0.9893,1,WARNING,12.3,7.0,20.6,6.9
3081,0.9867,1,WARNING,12.3,7.3,20.4,7.6
3082,0.9867,1,WARNING,12.4,7.0,21.7,8.1
3083,0.9983,1,WARNING,12.0,7.0,20.9,5.7
3084,0.9983,1,WARNING,11.9,7.1,20.0,5.5
3085,0.9894,1,WARNING,12.0,7.6,21.7,7.6
3086,0.9983,1,WARNING,12.9,6.6,20.4,5.7
3087,0.9983,1,WARNING,12.7,6.6,20.2,5.7
3088,0.987,1,WARNING,13.3,7.5,20.8,7.6
3089,0.9867,1,WARNING,13.1,7.0,20.9,7.7
3090,0.9893,1,WARNING,13.8,6.6,20.2,6.9
3091,0.9867,1,WARNING,13.7,7.0,20.9,7.7
3092,0.9983,1,WARNING,13.5,7.2,20.2,6.1
3093,0.9893,1,WARNING,13.6,6.1,19.6,6.5
3094,0.9867,1,WARNING,14.2,7.5,21.5,7.1
3095,0.9867,1,WARNING,14.1,6.9,19.8,7.4
3096,0.9983,1,WARNING,13.7,7.1,21.0,6.3
3097,0.9867,1,WARNING,14.4,6.8,20.4,7.5
3098,0.9983,1,WARNING,15.1,7.1,20.4,6.0
3099,0.9867,1,WARNING,14.6,7.1,20.8,7.6
3100,0.9893,1,WARNING,14.1,6.8,20.4,7.0
3101,0.9893,1,WARNING,14.1,6.6,19.8,5.8
3102,0.9893,1,WARNING,13.9,7.3,20.2,6.6
3103,0.9983,1,WARNING,14.0,6.8,20.8,6.3
3104,0.9867,1,WARNING,14.2,6.5,20.0,7.5
3105,0.9983,1,WARNING,14.2,7.2,20.7,5.7
3106,0.9867,1,WARNING,13.9,7.2,19.9,7.2
3107,0.9868,1,WARNING,14.1,7.5,20.9,7.7
3108,0.9867,1,WARNING,13.8,6.8,20.2,7.4
3109,0.9893,1,WARNING,13.7,6.5,20.7,7.0
3110,0.9893,1,WARNING,13.6,7.0,20.4,6.2
3111,0.9867,1,WARNING,14.1,7.5,20.6,7.6
3112,0.9893,1,WARNING,13.6,7.0,20.2,6.2
3113,0.9983,1,WARNING,14.1,6.7,20.2,5.5
3114,0.9893,1,WARNING,13.8,6.9,21.4,7.5
3115,0.987,1,WARNING,13.6,6.5,19.6,7.2
3116,0.9894,1,WARNING,13.7,7.7,21.4,7.3
3117,0.9867,1,WARNING,13.7,6.8,20.8,7.5
3118,0.9983,1,WARNING,13.5,7.0,20.0,5.8
3119,0.9893,1,WARNING,13.5,7.0,20.8,7.3
3120,0.9893,1,WARNING,13.4,6.8,20.5,7.0
3121,0.9867,1,WARNING,13.2,6.8,19.8,7.1
3122,0.9868,1,WARNING,13.2,7.2,21.3,7.0
3123,0.9893,1,WARNING,13.3,7.3,20.7,7.2
3124,0.9983,1,WARNING,13.1,6.7,20.7,6.3
3125,0.9893,1,WARNING,12.8,6.4,19.7,6.0
3126,0.9867,1,WARNING,13.3,7.5,21.6,7.7
3127,0.9867,1,WARNING,13.0,7.7,20.8,7.6
3128,0.9856,1,WARNING,13.9,7.6,21.3,7.8
3129,0.9816,1,WARNING,15.3,8.3,21.8,8.4
3130,1.0,1,ANOMALY,17.7,7.9,24.3,13.9
3131,1.0,1,ANOMALY,20.2,20.0,38.7,18.2
3132,1.0,1,ANOMALY,17.8,7.9,23.7,13.3
3133,0.9869,1,WARNING,15.3,8.8,25.9,10.5
3134,0.9984,1,WARNING,13.7,7.2,20.7,5.7
3135,0.989,1,WARNING,13.8,7.2,20.9,7.1
3136,0.9868,1,WARNING,14.2,7.2,21.1,7.7
3137,0.9867,1,WARNING,13.7,6.7,20.9,7.2
3138,0.9868,1,WARNING,14.1,7.0,20.9,7.0
3139,0.9867,1,WARNING,13.6,7.0,20.9,7.6
3140,0.9867,1,WARNING,14.2,7.3,21.4,7.8
3141,0.9867,1,WARNING,13.8,7.0,21.3,7.6
3142,0.9983,1,WARNING,13.2,6.9,20.1,5.4
3143,0.9867,1,WARNING,13.3,6.8,21.6,7.8
3144,0.9867,1,WARNING,13.2,6.9,20.7,8.0
3145,0.9893,1,WARNING,13.0,7.1,21.4,7.3
3146,0.9867,1,WARNING,13.0,6.4,20.3,7.6
3147,0.9867,1,WARNING,12.8,6.8,21.0,7.8
3148,0.9893,1,WARNING,13.3,6.8,20.0,6.7
3149,0.9983,1,WARNING,13.4,7.1,21.4,6.4
3150,0.9867,1,WARNING,12.9,6.5,20.4,7.3
3151,0.9983,1,WARNING,12.9,7.1,21.2,6.3
3152,0.9893,1,WARNING,12.8,6.8,19.9,6.9
3153,0.9868,1,WARNING,12.8,7.0,21.2,7.7
3154,0.9983,1,WARNING,12.9,7.1,21.8,6.5
3155,0.9893,1,WARNING,12.6,6.5,19.7,6.8
3156,0.9983,1,WARNING,13.0,7.3,22.3,6.6
3157,0.9893,1,WARNING,12.6,6.4,20.4,7.0
3158,0.9866,1,WARNING,12.5,7.7,22.6,7.9
3159,0.9983,1,WARNING,12.4,6.6,19.5,5.3
3160,0.9983,1,WARNING,12.8,7.2,22.6,7.0
3161,0.9893,1,WARNING,12.5,6.8,21.3,7.2
3162,0.9983,1,WARNING,12.5,7.4,21.5,6.6
3163,0.9983,1,WARNING,12.6,7.3,21.3,6.5
3164,0.9983,1,WARNING,12.8,6.9,21.7,6.5
3165,0.9866,1,WARNING,12.6,7.6,21.3,8.1
3166,0.9983,1,WARNING,12.4,7.6,21.7,6.4
3167,0.9869,1,WARNING,12.7,6.9,20.4,7.5
3168,0.9867,1,WARNING,12.5,6.7,22.2,8.1
3169,0.9893,1,WARNING,13.1,6.9,20.8,6.9
3170,0.9983,1,WARNING,12.9,7.7,22.5,6.9
3171,0.9867,1,WARNING,12.8,7.6,22.2,8.1
3172,0.9867,1,WARNING,12.6,7.1,21.8,7.8
3173,0.9867,1,WARNING,12.7,6.9,21.4,7.0
3174,0.9867,1,WARNING,12.3,7.4,22.3,8.0
3175,0.9867,1,WARNING,12.3,7.2,22.1,8.2
3176,0.9867,1,WARNING,12.2,6.7,21.5,7.8
3177,0.9866,1,WARNING,12.5,7.2,21.7,8.0
3178,0.9866,1,WARNING,12.8,7.4,21.9,8.0
3179,0.9866,1,WARNING,12.4,6.9,21.2,7.0
3180,0.9983,1,WARNING,12.2,6.8,21.7,6.5
3181,0.9983,1,WARNING,12.2,7.6,21.3,6.1
3182,0.9893,1,WARNING,12.1,7.3,21.0,6.9
3183,0.9866,1,WARNING,12.1,6.9,21.2,7.8
3184,0.9866,1,WARNING,12.0,7.5,22.2,8.0
3185,0.9866,1,WARNING,11.9,7.6,21.6,7.9
3186,0.9983,1,WARNING,11.8,6.9,21.5,6.6
3187,0.9867,1,WARNING,12.0,7.0,21.5,7.1
3188,0.9856,1,WARNING,12.7,7.4,22.0,7.3
3189,0.9893,1,WARNING,14.1,10.1,22.4,8.6
3190,1.0,1,ANOMALY,18.1,17.2,33.2,19.8
3191,0.9927,1,WARNING,16.3,12.0,30.9,12.9
3192,1.0,1,ANOMALY,15.9,12.3,30.5,18.8
3193,0.9868,1,WARNING,13.7,6.9,21.9,7.2
3194,0.9867,1,WARNING,14.4,7.4,21.5,7.4
3195,0.9889,1,WARNING,13.9,7.6,21.7,7.4
3196,0.9867,1,WARNING,13.9,7.9,22.0,8.5
3197,0.9866,1,WARNING,14.3,7.3,21.5,7.6
3198,0.9867,1,WARNING,14.5,7.3,22.1,7.9
3199,0.9867,1,WARNING,14.5,7.7,22.2,8.3
3200,0.9984,1,WARNING,15.0,7.6,22.5,6.2
3201,0.9983,1,WARNING,15.3,7.4,22.1,6.8
3202,0.9867,1,WARNING,15.5,7.7,22.4,8.1
3203,0.9983,1,WARNING,14.9,7.0,22.6,6.9
3204,0.9868,1,WARNING,16.0,7.3,21.4,7.5
3205,0.9867,1,WARNING,15.6,8.1,23.1,7.5
3206,0.9867,1,WARNING,15.4,7.4,22.3,9.0
3207,0.9866,1,WARNING,15.2,7.0,21.8,8.0
3208,0.9867,1,WARNING,15.5,7.9,22.6,8.2
3209,0.9891,1,WARNING,15.5,7.7,22.0,7.5
3210,0.9866,1,WARNING,15.2,7.2,23.0,7.5
3211,0.9983,1,WARNING,15.2,7.3,22.5,6.8
3212,0.9983,1,WARNING,15.0,8.0,22.7,6.7
3213,0.9891,1,WARNING,14.6,7.6,22.1,7.3
3214,0.9891,1,WARNING,14.3,7.2,22.9,7.7
3215,0.9866,1,WARNING,14.5,7.9,23.0,8.4
3216,0.9984,1,WARNING,14.4,8.2,22.6,6.8
3217,0.9984,1,WARNING,14.5,7.4,22.7,6.9
3218,0.9867,1,WARNING,15.0,7.4,21.9,7.9
3219,0.987,1,WARNING,15.2,8.3,23.9,8.7
3220,0.987,1,WARNING,15.5,8.4,23.6,8.5
3221,0.989,1,WARNING,14.7,7.1,20.8,6.8
3222,0.987,1,WARNING,14.6,8.7,23.7,7.8
3223,0.987,1,WARNING,14.7,8.9,25.4,9.7
3224,0.987,1,WARNING,14.3,8.0,23.2,7.6
3225,0.9984,1,WARNING,14.5,8.9,23.7,7.1
3226,0.9984,1,WARNING,14.4,8.2,23.6,7.0
3227,0.9984,1,WARNING,14.1,7.7,23.0,6.9
3228,0.9891,1,WARNING,13.9,8.2,24.0,8.1
3229,0.9866,1,WARNING,13.7,8.1,23.1,8.1
3230,0.9866,1,WARNING,14.0,8.2,23.4,8.4
3231,0.9891,1,WARNING,14.1,7.4,23.6,8.0
3232,0.9866,1,WARNING,13.9,8.4,23.5,8.4
3233,0.9891,1,WARNING,14.0,8.2,23.8,8.1
3234,0.9891,1,WARNING,13.7,8.2,23.4,7.9
3235,0.9867,1,WARNING,13.8,7.5,23.3,8.3
3236,0.9984,1,WARNING,13.8,8.1,24.1,7.7
3237,0.9984,1,WARNING,13.3,7.7,22.4,6.8
3238,0.9984,1,WARNING,13.7,8.8,23.8,7.9
3239,0.9866,1,WARNING,13.7,8.0,24.4,8.0
3240,0.9866,1,WARNING,13.7,8.0,23.4,8.4
3241,0.9866,1,WARNING,13.4,8.2,23.5,8.3
3242,0.9984,1,WARNING,13.3,8.7,23.4,7.2
3243,0.9984,1,WARNING,13.5,8.3,23.8,6.5
3244,0.9984,1,WARNING,13.5,8.3,23.6,7.1
3245,0.9866,1,WARNING,13.9,8.7,23.9,8.2
3246,0.9984,1,WARNING,13.4,6.8,20.5,6.0
3247,0.9867,1,WARNING,14.2,9.1,26.4,8.7
3248,0.9984,1,WARNING,14.6,9.3,24.5,7.3
3249,0.9815,1,WARNING,15.9,9.5,25.0,10.1
3250,1.0,1,ANOMALY,20.0,19.5,36.5,22.1
3251,0.9958,1,WARNING,17.8,11.9,31.0,11.4
3252,1.0,1,ANOMALY,17.1,13.2,36.7,23.2
3253,0.9869,1,WARNING,14.3,7.6,21.0,7.7
3254,0.9985,1,WARNING,14.4,8.4,25.5,8.1
3255,0.9866,1,WARNING,14.4,9.7,25.0,8.9
3256,0.9866,1,WARNING,14.9,9.2,25.3,9.0
3257,0.9865,1,WARNING,14.5,7.9,23.7,7.8
3258,0.9866,1,WARNING,14.3,8.1,24.4,8.7
3259,0.9868,1,WARNING,14.2,8.6,24.4,8.1
3260,0.9984,1,WARNING,14.0,9.2,24.2,6.6
3261,0.9868,1,WARNING,13.9,8.0,24.4,8.8
3262,0.9865,1,WARNING,14.0,8.8,24.9,8.7
3263,0.9984,1,WARNING,13.9,8.2,23.3,7.0
3264,0.989,1,WARNING,14.1,8.8,24.2,8.2
3265,0.9868,1,WARNING,14.1,8.3,24.2,8.0
3266,0.9984,1,WARNING,13.7,8.1,24.2,7.2
3267,0.9867,1,WARNING,13.5,8.7,24.4,8.8
3268,0.9984,1,WARNING,13.3,9.0,24.7,7.3
3269,0.9984,1,WARNING,13.9,8.1,24.2,7.1
3270,0.9866,1,WARNING,13.3,8.4,24.7,8.7
3271,0.9866,1,WARNING,13.2,8.2,23.5,8.6
3272,0.9984,1,WARNING,13.4,8.7,24.2,7.5
3273,0.9869,1,WARNING,13.4,8.2,23.8,8.5
3274,0.9984,1,WARNING,13.2,9.1,24.7,7.5
3275,0.9869,1,WARNING,13.6,9.1,23.8,8.7
3276,0.9867,1,WARNING,13.5,8.3,24.7,8.8
3277,0.9868,1,WARNING,13.7,8.2,24.6,8.8
3278,0.9867,1,WARNING,13.3,8.9,24.5,9.1
3279,0.9866,1,WARNING,13.3,9.0,24.5,8.7
3280,0.9984,1,WARNING,13.6,8.4,24.5,7.3
3281,0.9866,1,WARNING,13.2,7.9,23.0,8.2
3282,0.9869,1,WARNING,13.1,8.7,22.0,8.0
3283,0.9984,1,WARNING,13.4,9.5,25.0,7.6
3284,0.9868,1,WARNING,13.3,7.0,20.4,6.7
3285,0.9867,1,WARNING,13.8,8.9,24.6,8.7
3286,0.9869,1,WARNING,13.5,7.7,24.2,9.2
3287,0.9867,1,WARNING,13.0,7.6,20.5,7.5
3288,0.9984,1,WARNING,13.0,8.7,23.2,6.9
3289,0.9984,1,WARNING,13.5,8.9,21.7,6.5
3290,0.9892,1,WARNING,13.6,9.3,25.3,8.5
3291,0.9984,1,WARNING,13.5,8.3,24.6,7.3
3292,0.9984,1,WARNING,13.2,9.4,24.9,7.6
3293,0.9984,1,WARNING,13.6,9.6,24.3,7.2
3294,0.989,1,WARNING,13.6,8.8,25.1,7.6
3295,0.9869,1,WARNING,13.6,8.2,23.4,8.4
3296,0.9867,1,WARNING,13.8,8.7,25.5,9.2
3297,0.9868,1,WARNING,14.0,8.3,22.9,8.2
3298,0.9869,1,WARNING,14.3,10.1,24.2,8.8
3299,0.987,1,WARNING,13.9,8.2,24.1,8.6
3300,0.9984,1,WARNING,14.6,9.3,24.8,7.5
3301,0.9984,1,WARNING,14.6,9.3,25.1,7.3
3302,0.9866,1,WARNING,14.9,9.4,24.8,8.8
3303,0.9984,1,WARNING,14.5,8.4,22.6,6.8
3304,0.987,1,WARNING,14.5,9.3,24.8,8.9
3305,0.9984,1,WARNING,14.6,9.9,24.8,7.5
3306,0.9869,1,WARNING,14.4,9.6,25.0,9.0
3307,0.9984,1,WARNING,15.4,8.5,24.4,7.3
3308,0.9867,1,WARNING,15.9,9.9,24.8,9.3
3309,0.986,1,WARNING,16.6,10.5,23.3,9.5
3310,1.0,1,ANOMALY,22.4,21.2,38.5,23.7
3311,0.9986,1,WARNING,18.4,12.5,32.8,13.8
3312,1.0,1,ANOMALY,18.0,11.1,32.4,17.9
3313,0.987,1,WARNING,16.8,9.3,24.5,8.7
3314,0.9868,1,WARNING,15.0,8.4,24.3,9.1
3315,0.9868,1,WARNING,14.5,7.6,20.4,7.3
3316,0.9984,1,WARNING,14.5,8.8,22.1,6.5
3317,0.9984,1,WARNING,15.2,8.9,24.3,6.7
3318,0.9866,1,WARNING,15.0,8.3,22.1,7.8
3319,0.9867,1,WARNING,15.2,8.3,19.7,7.1
3320,0.9868,1,WARNING,15.2,9.0,24.7,8.2
3321,0.9869,1,WARNING,15.1,8.7,25.2,9.1
3322,0.9868,1,WARNING,15.0,8.9,21.9,8.2
3323,0.9869,1,WARNING,14.8,9.0,24.6,8.1
3324,0.9866,1,WARNING,15.3,9.6,24.4,8.9
3325,0.9866,1,WARNING,14.9,9.4,23.4,8.3
3326,0.9867,1,WARNING,14.5,8.5,24.1,7.9
3327,0.9984,1,WARNING,14.5,9.0,24.7,7.3
3328,0.9866,1,WARNING,14.3,9.4,23.4,8.2
3329,0.9984,1,WARNING,14.1,8.7,24.2,7.4
3330,0.9869,1,WARNING,14.4,9.4,24.8,9.2
3331,0.9866,1,WARNING,14.4,8.9,24.1,8.6
3332,0.9868,1,WARNING,14.6,8.8,22.4,8.5
3333,0.9868,1,WARNING,14.9,9.2,24.7,8.7
3334,0.9984,1,WARNING,15.2,10.0,22.1,6.4
3335,0.9866,1,WARNING,14.3,8.2,24.4,8.7
3336,0.9867,1,WARNING,14.3,8.9,22.2,8.5
3337,0.9984,1,WARNING,14.4,9.1,23.4,7.0
3338,0.9984,1,WARNING,14.4,8.9,23.9,7.0
3339,0.9984,1,WARNING,14.2,9.4,24.8,7.3
3340,0.9984,1,WARNING,14.1,9.7,25.3,7.7
3341,0.9865,1,WARNING,14.5,9.4,23.7,9.4
3342,0.9984,1,WARNING,14.7,9.1,23.6,7.0
3343,0.9984,1,WARNING,14.6,9.0,24.6,7.6
3344,0.9867,1,WARNING,14.3,8.9,24.6,9.0
3345,0.9984,1,WARNING,14.2,8.8,22.7,6.7
3346,0.9868,1,WARNING,14.5,9.1,25.5,9.1
3347,0.9984,1,WARNING,14.4,8.6,22.6,6.9
3348,0.9984,1,WARNING,14.4,9.0,24.9,7.6
3349,0.9865,1,WARNING,14.3,9.6,25.0,8.0
3350,0.9865,1,WARNING,13.8,7.7,21.4,7.5
3351,0.9867,1,WARNING,14.1,10.0,25.8,9.3
3352,0.9869,1,WARNING,14.3,8.8,22.3,7.9
3353,0.9984,1,WARNING,14.0,8.1,23.1,6.8
3354,0.9867,1,WARNING,14.0,8.7,23.3,8.5
3355,0.9865,1,WARNING,14.0,8.6,24.7,8.8
3356,0.9869,1,WARNING,14.1,8.8,22.8,8.9
3357,0.9865,1,WARNING,14.5,9.1,25.1,8.8
3358,0.9984,1,WARNING,14.2,8.7,23.5,6.4
3359,0.9865,1,WARNING,14.5,9.3,24.3,7.8
3360,0.9984,1,WARNING,13.9,8.3,23.8,6.5
3361,0.9984,1,WARNING,14.6,10.7,22.9,6.6
3362,0.9865,1,WARNING,13.9,8.6,23.1,8.4
3363,0.9984,1,WARNING,14.1,9.5,25.2,7.5
3364,0.9865,1,WARNING,14.8,10.7,24.0,8.7
3365,0.9984,1,WARNING,13.9,8.8,23.9,6.5
3366,0.9868,1,WARNING,14.8,9.6,22.9,8.6
3367,0.9868,1,WARNING,14.1,9.4,25.4,9.2
3368,0.9984,1,WARNING,14.7,7.9,21.6,5.9
3369,0.9816,1,WARNING,16.7,10.3,23.8,9.7
3370,1.0,1,ANOMALY,20.4,14.3,36.4,24.3
3371,0.9996,1,WARNING,18.5,18.7,36.2,15.0
3372,1.0,1,ANOMALY,17.5,12.8,26.9,15.8
3373,0.987,1,WARNING,15.7,9.9,29.1,12.1
3374,0.9866,1,WARNING,15.0,11.3,24.4,8.4
3375,0.9867,1,WARNING,13.9,8.9,23.1,8.2
3376,0.9868,1,WARNING,14.1,9.3,22.9,8.2
3377,0.9866,1,WARNING,13.9,9.2,25.0,9.0
3378,0.9984,1,WARNING,14.2,9.5,23.7,7.1
3379,0.9869,1,WARNING,13.7,8.7,24.0,8.6
3380,0.9984,1,WARNING,14.2,8.9,22.2,6.6
3381,0.9891,1,WARNING,13.7,8.9,23.1,7.7
3382,0.9865,1,WARNING,14.1,9.4,24.7,8.0
3383,0.9865,1,WARNING,14.2,9.3,23.2,8.2
3384,0.9984,1,WARNING,14.1,9.2,24.8,7.5
3385,0.9864,1,WARNING,14.0,9.8,23.1,8.2
3386,0.9865,1,WARNING,14.0,9.0,23.9,7.8
3387,0.9868,1,WARNING,13.8,9.0,22.2,8.1
3388,0.9984,1,WARNING,13.7,8.9,24.4,7.4
3389,0.9869,1,WARNING,13.8,9.1,22.7,8.1
3390,0.9864,1,WARNING,13.8,8.4,19.8,6.1
3391,0.9892,1,WARNING,13.7,8.1,22.2,7.4
3392,0.9892,1,WARNING,13.3,8.4,22.2,7.6
3393,0.9984,1,WARNING,13.5,8.2,21.8,6.5
3394,0.9864,1,WARNING,14.0,8.0,19.8,7.0
3395,0.9893,1,WARNING,14.1,9.1,24.3,8.3
3396,0.9869,1,WARNING,13.6,8.8,21.6,7.8
3397,0.9868,1,WARNING,13.6,8.2,19.3,7.0
3398,0.9983,1,WARNING,13.9,8.1,22.1,6.5
3399,0.9983,1,WARNING,13.7,8.2,20.1,5.7
3400,0.987,1,WARNING,13.9,8.5,21.6,7.2
3401,0.9864,1,WARNING,14.3,8.8,23.3,8.3
3402,0.9868,1,WARNING,13.7,8.4,22.2,7.9
3403,0.987,1,WARNING,13.5,6.9,18.7,6.2
3404,0.987,1,WARNING,13.9,7.9,19.7,7.0
3405,0.9868,1,WARNING,13.5,8.1,23.0,8.0
3406,0.9983,1,WARNING,13.8,8.4,21.1,6.2
3407,0.9983,1,WARNING,13.9,8.7,22.9,6.3
3408,0.9866,1,WARNING,13.8,8.9,23.8,8.3
3409,0.9869,1,WARNING,13.8,8.4,22.3,8.0
3410,0.9984,1,WARNING,14.6,8.3,22.8,6.8
3411,0.9865,1,WARNING,14.0,7.6,19.9,7.6
3412,0.9866,1,WARNING,13.7,8.9,20.8,7.6
3413,0.9983,1,WARNING,12.7,6.3,18.5,5.4
3414,0.9866,1,WARNING,14.3,9.3,22.3,7.7
3415,0.9865,1,WARNING,13.4,8.0,21.1,6.8
3416,0.9866,1,WARNING,13.1,8.7,22.6,8.1
3417,0.9869,1,WARNING,14.0,8.6,22.8,8.2
3418,0.9866,1,WARNING,13.3,6.7,19.5,7.1
3419,0.9983,1,WARNING,13.9,7.7,20.7,6.1
3420,0.9869,1,WARNING,14.3,8.3,21.1,7.6
3421,0.9983,1,WARNING,13.8,8.7,23.4,6.8
3422,0.9983,1,WARNING,14.0,8.3,20.7,6.3
3423,0.9983,1,WARNING,14.1,8.7,23.4,6.9
3424,0.9866,1,WARNING,14.5,8.9,23.4,8.6
3425,0.9984,1,WARNING,14.1,9.0,20.4,5.5
3426,0.9983,1,WARNING,14.3,8.7,23.1,6.8
3427,0.9868,1,WARNING,14.3,10.0,22.0,7.9
3428,0.9966,1,WARNING,15.2,9.5,24.7,9.0
3429,0.9984,1,WARNING,16.3,10.0,23.5,7.4
3430,1.0,1,ANOMALY,19.6,13.8,31.3,19.3
3431,1.0,1,ANOMALY,20.3,20.8,39.2,18.4
3432,1.0,1,ANOMALY,18.7,10.0,25.2,13.6
3433,0.9998,1,WARNING,16.8,10.8,29.3,13.6
3434,0.987,1,WARNING,15.3,8.5,22.1,8.0
3435,0.9867,1,WARNING,14.5,9.2,23.8,8.6
3436,0.9868,1,WARNING,14.3,8.8,24.1,9.1
3437,0.9869,1,WARNING,14.6,9.2,23.4,8.7
3438,0.9984,1,WARNING,14.5,9.5,25.3,7.7
3439,0.9869,1,WARNING,14.1,9.1,22.9,8.2
3440,0.987,1,WARNING,14.1,8.9,25.0,9.1
3441,0.9868,1,WARNING,14.0,8.6,22.3,8.0
3442,0.9984,1,WARNING,14.4,9.5,22.7,6.8
3443,0.9891,1,WARNING,14.3,9.0,25.2,8.6
3444,0.9868,1,WARNING,14.0,8.4,22.1,7.2
3445,0.9869,1,WARNING,14.0,9.1,24.8,9.3
3446,0.9866,1,WARNING,14.2,9.1,22.5,8.3
3447,0.9868,1,WARNING,14.5,8.7,22.3,7.9
3448,0.9869,1,WARNING,13.8,7.8,21.7,7.8
3449,0.9866,1,WARNING,14.5,8.7,22.8,8.2
3450,0.9867,1,WARNING,14.3,8.8,23.7,8.4
3451,0.9867,1,WARNING,14.3,8.8,24.3,9.2
3452,0.9869,1,WARNING,14.3,8.1,22.3,7.3
3453,0.9891,1,WARNING,14.0,7.5,20.7,7.0
3454,0.9892,1,WARNING,14.6,8.4,22.1,7.3
3455,0.9892,1,WARNING,14.2,8.9,25.2,8.5
3456,0.9869,1,WARNING,14.4,8.7,21.5,7.2
3457,0.9984,1,WARNING,14.0,8.3,21.2,6.2
3458,0.9867,1,WARNING,13.8,8.8,23.0,8.2
3459,0.9867,1,WARNING,14.0,8.6,23.0,8.2
3460,0.9869,1,WARNING,13.6,8.4,21.3,7.6
3461,0.9892,1,WARNING,14.1,8.3,24.2,8.2
3462,0.9869,1,WARNING,13.7,8.8,21.5,7.6
3463,0.9866,1,WARNING,13.9,8.3,21.6,7.8
3464,0.9867,1,WARNING,14.0,8.8,24.5,8.7
3465,0.9866,1,WARNING,13.1,8.7,24.3,8.7
3466,0.9984,1,WARNING,13.3,8.1,21.3,6.3
3467,0.9869,1,WARNING,13.1,8.5,23.7,8.7
3468,0.9984,1,WARNING,13.3,8.7,22.6,6.7
3469,0.9868,1,WARNING,13.4,8.7,22.8,8.1
3470,0.9984,1,WARNING,13.2,8.6,23.4,7.0
3471,0.9984,1,WARNING,13.5,9.0,23.2,6.9
3472,0.9984,1,WARNING,14.1,9.0,22.2,6.7
3473,0.9867,1,WARNING,13.6,9.2,23.8,8.5
3474,0.9891,1,WARNING,13.3,8.7,23.7,7.4
3475,0.9866,1,WARNING,13.4,8.3,22.2,7.9
3476,0.9869,1,WARNING,13.3,8.6,22.5,9.0
3477,0.9869,1,WARNING,13.5,8.5,24.2,8.6
3478,0.9869,1,WARNING,13.2,8.7,23.7,9.0
3479,0.9984,1,WARNING,13.2,8.5,23.5,7.1
3480,0.9984,1,WARNING,12.9,8.5,22.8,6.9
3481,0.9869,1,WARNING,13.2,8.2,21.0,7.5
3482,0.9868,1,WARNING,13.0,8.4,23.3,8.6
3483,0.9867,1,WARNING,13.3,9.2,23.7,8.7
3484,0.9984,1,WARNING,13.2,8.6,23.2,6.3
3485,0.9984,1,WARNING,13.3,8.2,23.5,6.4
3486,0.9869,1,WARNING,13.0,7.8,20.3,7.1
3487,0.9865,1,WARNING,13.1,8.8,24.2,8.7
3488,0.9855,1,WARNING,14.3,8.7,24.2,8.5
3489,0.9996,1,WARNING,17.8,15.4,25.8,11.9
3490,1.0,1,ANOMALY,24.8,34.1,41.7,27.0
3491,1.0,1,WARNING,18.4,8.9,26.6,12.7
3492,1.0,1,ANOMALY,16.7,11.6,33.5,19.0
3493,0.9883,1,WARNING,14.3,8.9,24.0,7.3
3494,0.9869,1,WARNING,13.5,8.3,22.8,8.1
3495,0.9866,1,WARNING,13.1,7.9,22.7,8.2
3496,0.989,1,WARNING,13.1,8.3,22.4,7.5
3497,0.9984,1,WARNING,12.9,8.2,24.1,7.2
3498,0.9869,1,WARNING,12.9,8.1,23.1,7.8
3499,0.9868,1,WARNING,13.2,8.6,22.8,8.4
3500,0.9891,1,WARNING,13.4,8.3,23.9,8.0
3501,0.9984,1,WARNING,12.8,8.0,23.3,7.0
3502,0.9984,1,WARNING,12.7,7.6,19.8,5.8
3503,0.9892,1,WARNING,13.1,7.9,24.4,8.3
3504,0.9868,1,WARNING,13.8,8.1,23.0,8.3
3505,0.9869,1,WARNING,13.5,8.1,24.2,8.8
3506,0.9984,1,WARNING,13.5,7.7,21.8,6.6
3507,0.9866,1,WARNING,13.6,8.5,23.3,8.4
3508,0.9869,1,WARNING,13.1,7.9,23.4,8.5
3509,0.9865,1,WARNING,13.7,8.2,22.7,8.3
3510,0.9869,1,WARNING,13.6,8.0,23.3,8.2
3511,0.9984,1,WARNING,13.7,7.7,22.0,6.6
3512,0.9983,1,WARNING,14.0,8.1,22.1,6.5
3513,0.987,1,WARNING,13.9,7.8,23.9,8.8
3514,0.9866,1,WARNING,13.9,7.8,22.0,7.9
3515,0.9866,1,WARNING,13.7,7.9,24.2,8.8
3516,0.9866,1,WARNING,14.1,8.5,24.7,8.9
3517,0.9869,1,WARNING,14.2,8.1,22.8,8.0
3518,0.9866,1,WARNING,13.9,7.8,23.6,8.4
3519,0.9866,1,WARNING,14.1,7.9,22.3,8.2
3520,0.9866,1,WARNING,13.9,7.5,23.6,9.2
3521,0.9867,1,WARNING,13.9,7.8,23.4,8.1
3522,0.9891,1,WARNING,14.0,7.9,22.4,7.6
3523,0.9869,1,WARNING,14.1,7.3,22.6,8.3
3524,0.9891,1,WARNING,13.9,7.6,23.3,7.9
3525,0.9865,1,WARNING,13.6,7.7,22.2,8.1
3526,0.9868,1,WARNING,13.5,7.6,22.9,8.2
3527,0.9984,1,WARNING,13.3,7.6,23.1,6.5
3528,0.9868,1,WARNING,12.9,7.3,22.9,8.4
3529,0.9984,1,WARNING,13.6,8.2,23.2,7.0
3530,0.9891,1,WARNING,13.3,7.6,22.8,7.7
3531,0.9865,1,WARNING,13.7,7.4,21.4,7.9
3532,0.9865,1,WARNING,13.9,7.7,23.6,8.8
3533,0.9984,1,WARNING,13.6,7.7,22.8,6.3
3534,0.9891,1,WARNING,13.5,7.7,23.8,8.0
3535,0.9891,1,WARNING,13.6,7.4,22.5,7.8
3536,0.9868,1,WARNING,13.9,7.4,25.0,9.1
3537,0.9984,1,WARNING,13.3,6.4,20.1,6.1
3538,0.9865,1,WARNING,13.3,7.5,24.2,7.9
3539,0.9865,1,WARNING,13.0,7.4,24.5,8.1
3540,0.9891,1,WARNING,13.2,8.2,24.5,8.2
3541,0.9984,1,WARNING,13.5,7.1,23.8,6.7
3542,0.9868,1,WARNING,13.7,8.1,26.0,9.3
3543,0.989,1,WARNING,13.4,7.5,23.4,7.9
3544,0.9865,1,WARNING,13.3,7.5,23.7,8.6
3545,0.9891,1,WARNING,13.4,7.4,24.1,8.3
3546,0.9984,1,WARNING,13.7,7.4,23.1,7.1
3547,0.9868,1,WARNING,13.7,7.2,22.8,8.3
3548,0.9891,1,WARNING,14.2,8.0,24.5,8.2
3549,0.9816,1,WARNING,15.3,8.9,23.9,9.5
3550,1.0,1,ANOMALY,19.5,12.1,36.5,21.7
3551,1.0,1,ANOMALY,19.9,23.8,30.5,11.5
3552,1.0,1,ANOMALY,17.2,12.5,31.0,19.6
3553,0.987,1,WARNING,14.8,8.0,26.5,10.2
3554,0.9885,1,WARNING,13.5,7.1,22.8,7.1
3555,0.9868,1,WARNING,12.8,6.8,25.0,9.2
3556,0.9889,1,WARNING,13.3,7.1,28.2,9.5
3557,0.9866,1,WARNING,13.2,7.4,26.7,9.6
3558,0.9865,1,WARNING,13.0,7.5,26.7,9.7
3559,0.9984,1,WARNING,13.2,7.3,25.2,7.6
3560,0.9868,1,WARNING,12.9,7.2,26.0,9.5
3561,0.9868,1,WARNING,12.8,7.2,25.8,9.4
3562,0.989,1,WARNING,12.9,7.6,25.7,8.8
3563,0.9867,1,WARNING,12.7,7.1,24.7,8.4
3564,0.9865,1,WARNING,12.5,7.0,24.9,9.1
3565,0.989,1,WARNING,12.7,7.0,24.8,7.6
3566,0.9865,1,WARNING,12.5,7.0,24.0,8.7
3567,0.9984,1,WARNING,12.6,7.0,24.5,7.6
3568,0.9868,1,WARNING,12.7,6.9,24.1,8.8
3569,0.9868,1,WARNING,12.8,6.9,24.0,8.7
3570,0.9864,1,WARNING,12.6,7.0,24.9,9.2
3571,0.9868,1,WARNING,12.4,7.1,24.6,8.9
3572,0.9891,1,WARNING,12.5,7.4,24.8,8.4
3573,0.9891,1,WARNING,12.3,7.1,23.6,8.0
3574,0.9864,1,WARNING,12.1,6.8,23.3,8.4
3575,0.9867,1,WARNING,12.0,6.7,24.4,9.0
3576,0.9868,1,WARNING,11.1,2.8,12.3,5.0
3577,0.9895,1,WARNING,10.8,1.5,10.3,3.8
3578,0.9898,1,WARNING,10.5,1.0,9.6,3.7
3579,0.99,1,WARNING,10.8,1.4,9.5,3.3
3580,0.9866,1,WARNING,11.3,2.3,12.6,5.1
3581,0.9901,1,WARNING,11.1,2.6,13.4,4.5
3582,0.9982,1,WARNING,13.3,10.4,27.0,7.5
3583,0.9868,1,WARNING,12.3,7.5,25.2,8.4
3584,0.9894,1,WARNING,11.8,6.5,24.1,8.3
3585,0.9868,1,WARNING,11.4,6.4,23.2,7.7
3586,0.9983,1,WARNING,11.4,6.7,25.2,7.9
3587,0.9867,1,WARNING,11.5,7.1,24.4,8.2
3588,0.9868,1,WARNING,11.4,6.8,25.2,9.1
3589,0.9868,1,WARNING,11.6,7.3,25.8,9.3
3590,0.9868,1,WARNING,11.2,4.9,18.5,7.1
3591,0.9868,1,WARNING,11.8,7.0,26.3,9.7
3592,0.9864,1,WARNING,11.6,6.9,25.2,9.2
3593,0.9867,1,WARNING,11.6,6.8,24.7,9.0
3594,0.9891,1,WARNING,11.5,7.1,26.9,9.3
3595,0.9891,1,WARNING,11.7,7.1,26.0,8.9
3596,0.9864,1,WARNING,11.5,6.7,25.0,8.4
3597,0.9867,1,WARNING,11.7,6.8,25.0,9.2
3598,0.9868,1,WARNING,11.8,6.5,25.6,8.6
3599,0.9868,1,WARNING,11.2,4.0,17.3,5.9
3600,0.9893,1,WARNING,11.2,4.0,17.8,6.3
3601,0.9867,1,WARNING,11.1,4.1,17.8,6.9
3602,0.9896,1,WARNING,10.9,4.0,16.9,5.3
3603,0.9896,1,WARNING,11.0,3.9,17.0,6.0
3604,0.9897,1,WARNING,10.9,4.1,16.9,5.9
3605,0.9897,1,WARNING,10.8,4.0,16.8,5.0
3606,0.9897,1,WARNING,10.9,3.5,16.9,5.3
3607,0.9983,1,WARNING,11.2,3.6,16.6,5.0
3608,0.9982,1,WARNING,12.5,4.0,16.8,4.5
3609,0.9816,1,WARNING,14.1,5.9,17.5,8.1
3610,1.0,1,WARNING,16.5,10.6,26.6,15.3
3611,0.9978,1,WARNING,16.5,7.3,25.9,12.2
3612,0.9984,1,WARNING,13.5,5.2,17.0,4.5
3613,0.9893,1,WARNING,12.3,3.8,16.7,5.7
3614,0.9983,1,WARNING,12.9,3.8,16.5,4.9
3615,0.9868,1,WARNING,12.7,3.7,16.3,6.4
3616,0.9867,1,WARNING,12.5,3.5,16.2,6.1
3617,0.9896,1,WARNING,12.4,3.7,16.5,5.9
3618,0.9867,1,WARNING,12.4,3.6,16.1,6.4
3619,0.9867,1,WARNING,12.6,3.6,16.2,5.5
3620,0.9983,1,WARNING,12.4,3.4,15.7,4.1
3621,0.9897,1,WARNING,12.9,3.4,15.9,4.9
3622,0.9867,1,WARNING,12.6,3.6,16.1,6.3
3623,0.9982,1,WARNING,12.3,3.7,15.9,4.8
3624,0.9982,1,WARNING,12.2,3.6,15.8,4.7
3625,0.9982,1,WARNING,12.1,3.6,16.1,4.8
3626,0.9982,1,WARNING,12.0,3.2,16.0,4.8
3627,0.9982,1,WARNING,12.0,3.5,15.8,4.8
3628,0.9898,1,WARNING,12.2,3.5,15.3,5.4
3629,0.9898,1,WARNING,12.2,3.3,15.2,5.3
3630,0.9867,1,WARNING,12.4,3.2,15.4,6.0
3631,0.9982,1,WARNING,12.0,3.4,15.4,4.5
3632,0.9982,1,WARNING,12.1,3.4,15.1,4.1
3633,0.9898,1,WARNING,12.2,3.1,15.3,5.4
3634,0.9982,1,WARNING,12.0,3.4,15.0,4.0
3635,0.9898,1,WARNING,11.8,3.4,15.5,5.5
3636,0.9867,1,WARNING,11.9,3.1,15.3,5.7
3637,0.9867,1,WARNING,12.0,3.3,14.9,5.8
3638,0.9867,1,WARNING,11.8,3.3,15.1,6.2
3639,0.9982,1,WARNING,11.8,3.2,14.7,3.8
3640,0.9867,1,WARNING,11.6,3.0,14.8,5.8
3641,0.9867,1,WARNING,11.4,3.3,15.1,6.0
3642,0.9982,1,WARNING,11.3,3.4,15.0,4.4
3643,0.9982,1,WARNING,11.3,2.8,14.9,3.9
3644,0.9982,1,WARNING,11.2,3.1,15.1,4.4
3645,0.9899,1,WARNING,11.2,2.8,14.6,5.1
3646,0.9867,1,WARNING,11.1,2.8,14.6,5.6
3647,0.9867,1,WARNING,11.3,3.2,14.5,5.8
3648,0.9867,1,WARNING,11.1,3.1,14.4,5.8
3649,0.9899,1,WARNING,11.0,3.0,14.7,5.2
3650,0.9899,1,WARNING,10.9,2.8,14.6,5.2
3651,0.9867,1,WARNING,10.9,2.8,14.2,5.7
3652,0.9982,1,WARNING,10.8,3.3,14.2,3.6
3653,0.9982,1,WARNING,10.7,2.9,14.0,3.6
3654,0.9899,1,WARNING,10.8,2.6,14.0,4.3
3655,0.9899,1,WARNING,10.6,2.8,14.1,5.1
3656,0.9866,1,WARNING,10.7,2.9,14.1,5.8
3657,0.9982,1,WARNING,10.6,2.8,14.4,3.8
3658,0.9982,1,WARNING,10.6,2.8,14.5,4.4
3659,0.9982,1,WARNING,10.5,2.8,14.2,3.6
3660,0.9982,1,WARNING,10.5,2.7,13.0,3.1
3661,0.9867,1,WARNING,10.6,3.1,15.5,6.0
3662,0.9899,1,WARNING,10.5,2.9,14.3,5.1
3663,0.9868,1,WARNING,10.5,2.8,13.9,5.4
3664,0.9899,1,WARNING,10.4,2.6,13.7,5.0
3665,0.9899,1,WARNING,10.3,2.2,12.6,4.6
3666,0.9982,1,WARNING,10.6,3.4,16.1,4.7
3667,0.9982,1,WARNING,10.5,2.7,14.1,3.5
3668,0.9982,1,WARNING,11.4,3.1,14.2,3.6
3669,0.9899,1,WARNING,12.3,5.0,10.4,4.8
3670,0.99,1,WARNING,12.5,1.3,9.5,3.6
3671,0.9901,1,WARNING,12.2,1.5,9.9,2.8
3672,0.9901,1,WARNING,12.1,1.3,9.9,3.5
3673,0.9902,1,WARNING,12.2,1.2,9.9,3.5
3674,0.9902,1,WARNING,12.2,1.2,10.1,3.6
3675,0.9902,1,WARNING,12.2,1.5,9.9,3.2
3676,0.9902,1,WARNING,12.2,1.3,10.1,3.3
3677,0.9902,1,WARNING,12.5,2.3,12.7,3.7
3678,0.9902,1,WARNING,12.2,1.2,10.3,3.4
3679,0.9902,1,WARNING,12.3,1.6,11.7,3.3
3680,0.9982,1,WARNING,12.2,1.5,10.9,2.1
3681,0.9982,1,WARNING,12.5,2.5,11.6,2.9
3682,0.9902,1,WARNING,12.5,2.1,11.7,3.6
3683,0.9982,1,WARNING,12.3,1.5,10.7,2.0
3684,1.0,1,WARNING,14.6,7.7,26.0,10.2
3685,0.9983,1,WARNING,13.9,8.1,29.1,9.7
3686,0.9916,1,WARNING,12.8,9.0,27.3,10.9
3687,0.9866,1,WARNING,11.3,5.4,21.7,7.4
3688,0.987,1,WARNING,11.0,4.6,20.7,7.4
3689,0.9894,1,WARNING,11.7,3.3,13.7,6.0
3690,0.9896,1,WARNING,10.6,6.9,13.8,5.2
3691,0.9896,1,WARNING,9.4,2.5,13.1,4.6
3692,0.9898,1,WARNING,9.5,1.8,10.1,3.9
3693,1.0,1,WARNING,11.1,11.3,13.5,5.5
3694,0.9999,1,WARNING,9.3,2.4,13.0,7.8
3695,0.9899,1,WARNING,9.2,2.4,12.8,4.6
3696,0.9982,1,WARNING,9.2,2.4,12.9,4.0
3697,0.9908,1,WARNING,8.6,2.3,12.1,5.1
3698,0.99,1,WARNING,9.0,1.9,9.6,4.8
3699,0.997,1,WARNING,10.6,10.4,11.2,3.8
3700,0.9899,1,WARNING,10.1,4.6,9.5,3.9
3701,0.9952,1,WARNING,10.7,4.9,10.8,5.1
3702,0.9959,1,WARNING,11.0,7.6,13.5,5.0
3703,0.9983,1,WARNING,9.7,2.3,13.0,3.4
3704,0.9982,1,WARNING,9.5,2.2,12.7,3.3
3705,0.9982,1,WARNING,9.4,2.3,13.3,3.4
3706,0.99,1,WARNING,9.4,2.1,12.9,4.0
3707,0.9867,1,WARNING,9.4,2.1,12.4,4.9
3708,0.9867,1,WARNING,9.4,2.2,13.2,5.3
3709,0.9982,1,WARNING,9.4,2.2,12.9,3.4
3710,0.9867,1,WARNING,9.4,2.1,12.9,5.2
3711,0.9867,1,WARNING,9.7,2.3,13.0,5.4
3712,0.9904,1,WARNING,10.0,1.7,9.5,3.4
3713,0.9904,1,WARNING,9.9,4.7,8.8,3.4
3714,0.9982,1,WARNING,10.2,4.1,9.6,3.3
3715,0.9901,1,WARNING,12.2,6.8,13.1,4.8
3716,0.9982,1,WARNING,11.4,1.9,11.0,4.2
3717,0.9979,1,WARNING,13.3,8.2,12.9,4.8
3718,0.9867,1,WARNING,11.6,2.1,12.8,5.3
3719,0.9982,1,WARNING,11.8,2.1,12.3,3.8
3720,0.9982,1,WARNING,12.6,2.1,11.7,4.1
3721,0.9982,1,WARNING,12.8,3.2,9.6,2.9
3722,0.99,1,WARNING,12.7,3.5,9.4,4.5
3723,0.9972,1,WARNING,13.8,8.0,13.3,5.0
3724,0.9983,1,WARNING,12.6,2.1,12.3,3.1
3725,0.9868,1,WARNING,12.6,2.2,12.5,5.2
3726,0.9899,1,WARNING,12.5,2.1,12.3,4.6
3727,0.9867,1,WARNING,12.2,2.1,12.0,4.9
3728,0.9982,1,WARNING,12.9,2.1,12.7,3.2
3729,0.9816,1,WARNING,14.8,5.5,13.2,6.7
3730,0.9809,1,WARNING,18.3,9.1,27.3,10.9
3731,0.9869,1,WARNING,15.0,3.2,16.0,8.0
3732,0.9869,1,WARNING,12.6,2.3,12.1,5.1
3733,0.9983,1,WARNING,12.5,2.0,12.1,3.1
3734,0.987,1,WARNING,12.5,1.9,11.9,5.1
3735,0.9869,1,WARNING,12.2,1.9,12.0,5.0
3736,0.9868,1,WARNING,12.1,2.2,12.0,5.1
3737,0.99,1,WARNING,11.9,2.0,12.1,4.5
3738,0.9982,1,WARNING,11.9,1.8,12.1,2.9
3739,0.99,1,WARNING,11.7,2.0,12.0,4.4
3740,0.9866,1,WARNING,11.4,2.0,12.3,5.0
3741,0.99,1,WARNING,11.3,1.9,12.2,4.5
3742,0.9982,1,WARNING,11.3,2.2,12.2,3.8
3743,0.9982,1,WARNING,11.1,2.0,12.2,3.2
3744,0.99,1,WARNING,11.0,1.9,12.0,4.5
3745,0.9901,1,WARNING,11.2,2.0,12.2,4.6
3746,0.9982,1,WARNING,11.4,1.9,11.8,2.9
3747,0.9901,1,WARNING,11.6,2.1,12.3,4.4
3748,0.99,1,WARNING,11.3,2.0,12.5,4.5
3749,0.9982,1,WARNING,11.2,2.0,12.2,3.1
3750,0.9867,1,WARNING,11.0,2.0,12.8,5.3
3751,0.99,1,WARNING,11.1,1.9,12.5,4.6
3752,0.9982,1,WARNING,10.8,2.1,12.5,3.4
3753,0.99,1,WARNING,10.9,2.1,12.6,4.4
3754,0.99,1,WARNING,10.7,2.0,13.2,4.7
3755,0.99,1,WARNING,11.1,2.0,12.8,3.8
3756,0.99,1,WARNING,11.1,2.2,12.6,4.8
3757,0.99,1,WARNING,10.4,1.1,8.9,3.4
3758,0.9982,1,WARNING,10.0,0.6,8.4,1.9
3759,0.9902,1,WARNING,9.8,0.5,6.0,2.4
3760,0.9981,1,WARNING,9.8,1.0,10.8,2.7
3761,0.9902,1,WARNING,9.7,0.7,8.8,3.3
3762,0.9902,1,WARNING,9.7,0.9,8.9,2.6
3763,0.9902,1,WARNING,9.6,0.7,8.2,3.2
3764,0.9903,1,WARNING,9.6,0.6,8.0,3.1
3765,0.9903,1,WARNING,9.5,0.7,7.8,3.1
3766,0.9903,1,WARNING,9.5,0.9,9.0,3.5
3767,0.9868,1,WARNING,9.5,0.9,7.8,2.8
3768,0.9903,1,WARNING,10.0,1.0,8.4,3.2
3769,0.9862,1,WARNING,12.9,5.9,23.6,8.1
3770,0.9862,1,WARNING,12.3,4.5,19.3,6.5
3771,0.9867,1,WARNING,13.1,5.7,22.7,8.1
3772,0.9983,1,WARNING,12.1,4.9,20.8,6.8
3773,0.9868,1,WARNING,11.2,4.0,19.1,7.5
3774,0.9983,1,WARNING,11.1,4.8,21.2,6.9
3775,0.9895,1,WARNING,10.9,2.1,12.1,4.5
3776,0.9897,1,WARNING,10.5,1.7,11.2,4.1
3777,0.9899,1,WARNING,10.3,1.8,11.3,4.0
3778,0.99,1,WARNING,10.4,1.9,11.6,4.2
3779,0.9868,1,WARNING,10.4,2.7,15.0,5.4
3780,0.9982,1,WARNING,10.4,2.0,12.2,3.5
3781,0.9982,1,WARNING,10.7,2.1,12.2,3.6
3782,0.9868,1,WARNING,10.4,2.2,12.2,5.1
3783,0.9867,1,WARNING,10.3,2.1,12.2,5.2
3784,0.9867,1,WARNING,10.1,2.0,12.1,5.1
3785,0.9901,1,WARNING,10.2,1.9,12.1,4.5
3786,0.9982,1,WARNING,10.0,1.9,11.9,3.4
3787,0.9867,1,WARNING,10.0,2.1,12.1,4.8
3788,0.9901,1,WARNING,10.8,2.1,12.6,3.9
3789,0.9813,1,WARNING,12.1,4.0,13.0,6.7
3790,0.9997,1,WARNING,15.3,8.3,28.0,10.8
3791,0.9869,1,WARNING,13.2,2.9,18.7,8.8
3792,0.9869,1,WARNING,10.8,4.4,12.4,5.2
3793,0.9983,1,WARNING,10.3,1.9,12.3,3.0
3794,0.9868,1,WARNING,10.2,2.0,12.0,5.1
3795,0.9899,1,WARNING,10.2,2.0,12.4,3.8
3796,0.99,1,WARNING,10.0,1.2,9.5,3.7
3797,0.9982,1,WARNING,11.0,2.1,12.6,3.2
3798,0.9982,1,WARNING,10.4,2.5,14.9,4.7
3799,0.9982,1,WARNING,10.2,1.9,12.0,3.2
3800,0.9868,1,WARNING,10.1,1.8,11.5,4.9
3801,0.9901,1,WARNING,10.1,2.0,13.1,4.6
3802,0.9982,1,WARNING,10.1,2.1,12.0,3.1
3803,0.9982,1,WARNING,10.2,1.9,12.1,3.1
3804,0.9982,1,WARNING,10.0,1.9,11.9,3.3
3805,0.9901,1,WARNING,10.0,2.1,12.0,4.3
3806,0.987,1,WARNING,10.0,1.7,11.7,5.2
3807,0.9901,1,WARNING,9.9,1.9,12.0,4.3
3808,0.9901,1,WARNING,9.9,2.0,12.2,4.5
3809,0.9901,1,WARNING,9.9,2.1,12.1,4.3
3810,0.9867,1,WARNING,9.8,1.7,12.1,5.0
3811,0.9901,1,WARNING,9.9,1.9,12.1,3.8
3812,0.9901,1,WARNING,9.9,2.1,12.1,3.7
3813,0.9982,1,WARNING,9.9,2.0,12.4,3.2
3814,0.9901,1,WARNING,9.9,1.9,12.0,3.8
3815,0.9901,1,WARNING,10.0,2.1,12.3,4.7
3816,0.9901,1,WARNING,10.3,2.1,12.5,4.6
3817,0.9867,1,WARNING,10.6,1.9,12.3,5.0
3818,0.99,1,WARNING,11.5,1.9,12.6,3.9
3819,0.99,1,WARNING,11.9,2.0,12.2,4.3
3820,0.9867,1,WARNING,11.8,2.1,12.5,5.3
3821,0.9868,1,WARNING,12.0,1.9,11.5,4.7
3822,0.99,1,WARNING,12.4,2.3,13.9,4.3
3823,0.9899,1,WARNING,12.4,2.0,12.4,3.9
3824,0.9899,1,WARNING,12.3,2.0,11.7,4.1
3825,0.9869,1,WARNING,12.2,2.0,13.0,5.2
3826,0.9982,1,WARNING,12.4,1.8,11.7,2.9
3827,0.9868,1,WARNING,12.5,2.1,11.9,4.9
3828,0.99,1,WARNING,12.6,2.0,11.9,4.4
3829,0.9982,1,WARNING,12.6,1.9,11.9,3.5
3830,0.9869,1,WARNING,12.2,1.9,12.1,5.1
3831,0.99,1,WARNING,12.0,2.0,11.9,4.4
3832,0.99,1,WARNING,12.1,2.0,12.1,4.4
3833,0.99,1,WARNING,12.3,2.0,11.7,4.1
3834,0.99,1,WARNING,12.4,2.1,12.2,4.3
3835,0.99,1,WARNING,12.3,2.1,12.2,4.6
3836,0.9868,1,WARNING,12.3,1.8,11.9,4.9
3837,0.9868,1,WARNING,12.2,2.2,12.3,5.1
3838,0.9982,1,WARNING,11.8,2.0,12.2,3.1
3839,0.99,1,WARNING,12.0,2.0,12.2,4.4
3840,0.99,1,WARNING,12.0,2.0,12.1,4.4
3841,0.99,1,WARNING,12.2,2.1,12.0,4.4
3842,0.99,1,WARNING,11.8,2.1,12.4,4.5
3843,0.9982,1,WARNING,11.7,2.1,12.0,3.6
3844,0.9868,1,WARNING,11.6,1.9,12.4,5.2
3845,0.9982,1,WARNING,12.0,2.2,12.3,3.1
3846,0.9866,1,WARNING,11.7,2.2,12.3,5.3
3847,0.9868,1,WARNING,11.6,1.9,12.1,5.0
3848,0.9982,1,WARNING,12.2,2.1,12.5,3.7
3849,0.99,1,WARNING,13.8,3.5,13.7,5.9
3850,0.979,1,WARNING,16.7,7.7,26.1,9.4
3851,0.9853,1,WARNING,14.6,3.1,18.4,7.3
3852,0.9996,1,WARNING,13.4,3.6,16.6,9.2
3853,0.9869,1,WARNING,12.0,2.0,12.3,5.0
3854,0.9868,1,WARNING,11.6,2.2,12.4,5.2
3855,0.9869,1,WARNING,11.6,2.2,12.4,5.0
3856,0.9982,1,WARNING,11.3,2.0,12.6,3.5
3857,0.9982,1,WARNING,11.2,2.2,12.5,3.1
3858,0.99,1,WARNING,11.1,2.1,12.8,4.6
3859,0.9867,1,WARNING,11.2,2.2,12.9,5.2
3860,0.9982,1,WARNING,11.0,2.0,12.6,3.0
3861,0.99,1,WARNING,10.2,0.8,8.1,3.2
3862,0.9901,1,WARNING,10.1,0.9,8.1,3.2
3863,0.9902,1,WARNING,10.1,1.1,8.4,2.5
3864,0.9902,1,WARNING,9.9,0.8,8.3,2.4
3865,0.9981,1,WARNING,9.8,0.8,8.1,1.7
3866,0.9903,1,WARNING,9.8,1.1,9.1,3.4
3867,0.9903,1,WARNING,9.7,0.8,8.6,2.7
3868,0.9981,1,WARNING,9.9,1.0,8.9,1.9
3869,0.9981,1,WARNING,9.7,0.8,8.1,1.8
3870,0.9981,1,WARNING,9.7,1.1,8.3,1.9
3871,0.9903,1,WARNING,9.7,0.8,8.6,3.4
3872,0.9903,1,WARNING,10.0,2.1,11.5,3.6
3873,0.9902,1,WARNING,14.0,4.8,14.6,3.6
3874,0.9864,1,WARNING,13.7,4.6,18.2,6.3
3875,0.9864,1,WARNING,12.1,4.6,20.4,7.8
3876,0.9983,1,WARNING,11.4,4.5,21.0,6.7
3877,0.9983,1,WARNING,11.1,2.3,9.2,2.6
3878,0.9864,1,WARNING,11.3,4.6,23.8,9.1
3879,0.9864,1,WARNING,11.2,4.2,18.4,7.3
3880,0.9983,1,WARNING,11.4,5.0,22.8,7.2
3881,0.9983,1,WARNING,11.2,5.1,21.9,6.8
3882,0.9983,1,WARNING,11.1,4.8,20.6,6.5
3883,0.9983,1,WARNING,10.6,2.6,14.6,4.4
3884,0.9983,1,WARNING,10.5,2.4,13.4,4.2
3885,0.9898,1,WARNING,10.7,2.4,13.2,4.8
3886,0.9868,1,WARNING,11.0,2.6,13.5,5.4
3887,0.9867,1,WARNING,10.7,2.6,13.0,4.4
3888,0.9982,1,WARNING,10.6,2.4,13.4,3.3
3889,0.9982,1,WARNING,10.6,2.7,13.4,3.3
3890,0.9866,1,WARNING,10.4,2.4,13.4,5.2
3891,0.9982,1,WARNING,10.5,2.5,13.6,4.1
3892,0.9867,1,WARNING,10.4,2.8,13.7,4.9
3893,0.9866,1,WARNING,10.8,2.8,13.8,5.3
3894,0.99,1,WARNING,10.6,2.6,13.8,5.1
3895,0.9866,1,WARNING,10.4,2.9,13.9,5.6
3896,0.9866,1,WARNING,10.4,2.8,13.8,5.3
3897,0.9982,1,WARNING,10.6,2.6,13.9,3.5
3898,0.99,1,WARNING,10.0,1.6,10.3,3.9
3899,0.9982,1,WARNING,9.6,0.8,8.6,1.9
3900,0.9982,1,WARNING,12.2,3.8,16.0,3.9
3901,0.9982,1,WARNING,11.4,4.8,21.5,6.8
3902,0.9983,1,WARNING,10.8,3.2,15.4,4.5
3903,0.9866,1,WARNING,10.6,3.0,14.5,5.7
3904,0.9866,1,WARNING,10.6,3.0,14.5,4.9
3905,0.9898,1,WARNING,10.9,4.0,14.3,4.7
3906,0.9866,1,WARNING,10.5,2.9,14.3,5.6
3907,0.9866,0,WARNING,10.5,3.1,14.3,5.6
3908,0.9852,0,WARNING,11.4,3.2,14.9,6.0
3909,0.9813,0,WARNING,12.6,4.1,15.1,7.0
3910,0.9794,0,WARNING,15.4,9.5,25.1,10.2
3911,0.9854,0,WARNING,14.2,4.2,21.0,8.4
3912,0.9867,0,WARNING,12.1,4.1,19.5,10.2
3913,0.9895,0,WARNING,10.7,2.9,15.1,4.7
3914,0.9867,0,WARNING,10.6,2.9,14.6,5.7
3915,0.9867,0,WARNING,11.0,3.1,14.7,5.7
3916,0.9983,0,WARNING,10.8,3.2,15.0,4.4
3917,0.9983,0,WARNING,10.4,2.6,13.4,3.4
3918,0.9866,0,WARNING,11.4,3.8,17.1,6.5
3919,0.9866,0,WARNING,11.1,3.4,15.2,5.8
3920,0.9898,0,WARNING,11.8,3.4,15.6,5.3
3921,0.9983,0,WARNING,11.9,3.2,15.5,4.5
3922,0.9983,0,WARNING,11.9,3.3,14.3,4.1
3923,0.9898,0,WARNING,12.6,3.5,16.9,6.0
3924,0.9983,0,WARNING,12.6,3.3,15.4,4.6
3925,0.9867,0,WARNING,12.7,3.3,15.4,6.0
3926,0.9867,0,WARNING,13.0,3.5,15.8,6.3
3927,0.9983,0,WARNING,13.5,3.4,15.8,4.7
3928,0.9866,0,WARNING,13.4,3.3,16.3,5.5
3929,0.9983,0,WARNING,13.4,3.5,16.1,4.3
3930,0.9897,0,WARNING,13.4,3.4,16.3,5.7
3931,0.9867,0,WARNING,13.3,3.7,16.9,6.5
3932,0.9867,0,WARNING,13.9,3.8,16.4,5.7
3933,0.9897,0,WARNING,13.8,3.9,16.5,5.9
3934,0.9868,0,WARNING,13.6,3.6,15.9,6.2
3935,0.9919,0,WARNING,13.6,3.5,16.4,7.0
3936,0.9897,0,WARNING,13.8,3.7,16.3,5.6
3937,0.9868,0,WARNING,13.3,4.1,16.4,6.4
3938,0.9983,0,WARNING,13.2,3.6,15.4,3.9
3939,0.9983,0,WARNING,13.6,4.1,17.8,5.5
3940,0.9866,0,WARNING,13.9,3.6,16.5,6.4
3941,0.9897,0,WARNING,13.8,4.0,16.7,5.1
3942,0.9868,0,WARNING,13.2,4.1,16.3,6.5
3943,0.9897,0,WARNING,14.0,3.8,16.8,5.9
3944,0.9897,0,WARNING,14.1,3.8,16.4,5.6
3945,0.9897,0,WARNING,14.6,4.0,16.7,5.2
3946,0.9868,0,WARNING,14.7,3.8,16.4,6.3
3947,0.9866,0,WARNING,14.4,4.0,16.7,6.3
3948,0.9896,0,WARNING,14.3,4.0,16.9,6.1
3949,0.9896,0,WARNING,14.9,4.2,17.1,5.9
3950,0.9868,0,WARNING,14.4,3.9,17.0,5.8
3951,0.9983,0,WARNING,14.6,4.5,17.6,4.8
3952,0.9983,0,WARNING,14.5,4.4,17.3,4.5
3953,0.9896,0,WARNING,14.6,4.1,17.4,5.5
3954,0.9896,0,WARNING,14.1,4.1,16.9,5.9
3955,0.9983,0,WARNING,14.1,4.3,16.8,5.1
3956,0.9867,0,WARNING,14.8,4.1,16.7,6.4
3957,0.9867,0,WARNING,14.5,4.4,17.5,6.0
3958,0.9868,0,WARNING,14.3,4.4,16.8,6.5
3959,0.9983,0,WARNING,14.5,4.9,17.0,4.9
3960,0.9867,0,WARNING,14.6,4.4,17.3,6.5
3961,0.9866,0,WARNING,14.9,4.6,17.3,6.5
3962,0.9864,0,WARNING,14.5,4.9,17.2,6.5
3963,0.9896,0,WARNING,14.3,5.0,17.8,6.3
3964,0.9896,0,WARNING,14.5,4.7,16.3,5.7
3965,0.9865,0,WARNING,14.6,5.1,19.3,7.3
3966,0.9868,0,WARNING,14.4,4.6,17.8,6.1
3967,0.9868,0,WARNING,15.3,5.1,17.8,6.0
3968,0.9853,0,WARNING,15.9,5.5,18.0,6.4
3969,0.9817,0,WARNING,17.0,6.5,18.7,7.5
3970,1.0,0,WARNING,22.4,13.3,30.5,16.5
3971,0.9854,0,WARNING,19.5,5.7,23.8,9.3
3972,0.996,0,WARNING,17.3,7.1,23.2,11.2
3973,0.9891,0,WARNING,16.2,5.5,17.8,6.1
3974,0.9893,0,WARNING,15.5,5.5,17.7,6.2
3975,0.9894,0,WARNING,15.3,5.4,17.1,5.9
3976,0.9866,0,WARNING,16.2,4.9,15.1,4.8
3977,0.9865,0,WARNING,16.1,6.2,20.6,7.5
3978,0.9983,0,WARNING,15.5,5.1,17.7,4.8
3979,0.9865,0,WARNING,15.8,5.7,17.2,6.6
3980,0.9865,0,WARNING,16.1,5.5,18.6,6.9
3981,0.9864,0,WARNING,16.2,5.6,18.6,6.4
3982,0.9863,0,WARNING,16.6,5.8,17.5,6.4
3983,0.9863,0,WARNING,16.2,5.6,17.8,6.0
3984,0.9864,0,WARNING,15.5,5.4,18.1,6.2
3985,0.9983,0,WARNING,15.3,4.8,16.0,4.0
3986,0.9864,0,WARNING,15.9,6.1,19.1,7.2
3987,0.9864,0,WARNING,16.1,5.7,18.5,6.9
3988,0.9983,0,WARNING,15.0,5.4,17.9,5.3
3989,0.9983,0,WARNING,15.7,5.7,18.3,4.9
3990,0.9895,0,WARNING,15.0,5.5,17.6,6.1
3991,0.9895,0,WARNING,16.2,5.8,18.9,6.5
3992,0.9983,0,WARNING,15.6,5.8,17.8,5.2
3993,0.9983,0,WARNING,15.0,5.7,17.5,4.9
3994,0.9864,0,WARNING,15.1,5.7,18.5,7.1
3995,0.9864,0,WARNING,15.7,5.5,17.7,6.6
3996,0.9895,0,WARNING,15.0,5.7,19.1,6.7
3997,0.9864,0,WARNING,15.6,5.9,18.7,7.1
3998,0.9864,0,WARNING,15.5,6.0,18.1,6.4
3999,0.9864,0,WARNING,15.5,5.6,18.2,6.9
4000,0.9864,0,WARNING,15.9,5.6,18.7,6.9
4001,0.9983,0,WARNING,15.3,5.6,18.5,5.6
4002,0.9983,0,WARNING,14.7,5.9,18.4,5.0
4003,0.9983,0,WARNING,15.2,6.3,18.9,5.6
4004,0.9983,0,WARNING,14.8,5.8,18.1,5.4
4005,0.9864,0,WARNING,15.6,6.0,19.4,7.2
4006,0.9983,0,WARNING,15.3,6.0,18.2,5.3
4007,0.9863,0,WARNING,15.9,5.8,18.4,6.9
4008,0.9863,0,WARNING,15.9,5.9,18.4,6.8
4009,0.9983,0,WARNING,14.7,6.1,18.4,5.0
4010,0.9864,0,WARNING,15.9,6.1,18.0,6.8
4011,0.9983,0,WARNING,16.1,6.1,18.0,4.9
4012,0.9895,0,WARNING,15.8,6.4,17.5,5.9
4013,0.9864,0,WARNING,14.5,5.9,18.5,6.9
4014,0.9895,0,WARNING,15.0,5.7,18.2,6.3
4015,0.9895,0,WARNING,15.0,5.7,18.0,6.1
4016,0.9864,0,WARNING,14.6,6.0,17.6,6.4
4017,0.9896,0,WARNING,15.3,6.0,18.2,5.3
4018,0.9895,0,WARNING,15.2,5.5,18.0,6.0
4019,0.9983,0,WARNING,15.3,6.3,19.4,5.4
4020,0.9864,0,WARNING,15.3,6.2,18.3,7.0
4021,0.9895,0,WARNING,14.6,5.8,18.5,6.3
4022,0.9895,0,WARNING,14.9,6.1,17.7,6.1
4023,0.9895,0,WARNING,15.2,6.0,17.9,5.5
4024,0.9895,0,WARNING,14.7,6.2,18.7,6.3
4025,0.9863,0,WARNING,14.7,5.9,18.5,6.8
4026,0.9983,0,WARNING,15.9,5.6,17.0,4.8
4027,0.9983,0,WARNING,14.9,6.0,18.3,5.6
4028,0.9854,0,WARNING,15.6,5.9,18.4,7.0
4029,0.9811,0,WARNING,18.1,6.9,18.6,8.0
4030,1.0,0,ANOMALY,20.4,8.1,22.7,14.2
4031,1.0,0,ANOMALY,22.6,16.8,35.9,17.4
4032,0.9999,0,WARNING,21.4,7.9,25.6,13.2
4033,0.9886,0,WARNING,17.8,5.6,18.3,6.3
4034,0.9889,0,WARNING,16.9,6.0,18.7,6.3
4035,0.9865,0,WARNING,16.5,5.9,18.0,6.0
4036,0.9983,0,WARNING,17.5,6.0,19.3,5.8
4037,0.9893,0,WARNING,17.7,5.7,18.5,6.4
4038,0.9865,0,WARNING,17.3,5.8,18.4,6.9
4039,0.9983,0,WARNING,17.1,5.9,18.5,4.9
4040,0.9864,0,WARNING,17.8,5.7,18.5,6.8
4041,0.9864,0,WARNING,17.4,6.2,19.2,6.3
4042,0.9864,0,WARNING,17.9,6.2,18.6,6.3
4043,0.9864,0,WARNING,17.5,5.4,17.8,6.6
4044,0.9983,0,WARNING,16.4,5.3,19.1,5.2
4045,0.9894,0,WARNING,16.5,5.8,19.0,6.6
4046,0.9983,0,WARNING,17.4,5.8,18.1,5.5
4047,0.9866,0,WARNING,17.5,5.2,18.1,6.4
4048,0.9894,0,WARNING,16.5,5.3,17.7,5.9
4049,0.9862,0,WARNING,17.1,6.4,21.0,8.0
4050,0.9894,0,WARNING,17.8,5.4,17.9,6.1
4051,0.9894,0,WARNING,17.7,6.1,19.6,6.0
4052,0.9983,0,WARNING,17.5,6.1,19.6,5.4
4053,0.9983,0,WARNING,17.3,5.9,18.9,5.7
4054,0.9862,0,WARNING,17.1,5.9,18.9,7.1
4055,0.9862,0,WARNING,16.7,5.4,18.5,6.8
4056,0.9862,0,WARNING,16.8,5.4,18.8,7.1
4057,0.9894,0,WARNING,16.4,5.8,18.4,6.1
4058,0.9862,0,WARNING,17.0,5.6,18.2,6.1
4059,0.9895,0,WARNING,17.0,5.5,18.2,6.2
4060,0.9863,0,WARNING,16.3,5.6,19.8,7.5
4061,0.9894,0,WARNING,16.4,5.7,18.4,5.8
4062,0.9983,0,WARNING,17.1,6.2,17.6,4.6
4063,0.9862,0,WARNING,16.6,5.9,19.7,7.3
4064,0.9983,0,WARNING,16.5,5.2,18.5,5.5
4065,0.9894,0,WARNING,17.2,5.6,18.5,6.2
4066,0.9894,0,WARNING,15.9,5.7,18.9,5.8
4067,0.9983,0,WARNING,16.1,5.5,18.8,5.1
4068,0.9895,0,WARNING,16.5,5.5,18.6,6.4
4069,0.9895,0,WARNING,17.1,5.8,18.5,6.2
4070,0.9862,0,WARNING,17.1,5.6,18.2,6.7
4071,0.9863,0,WARNING,16.1,5.5,18.7,6.3
4072,0.9895,0,WARNING,16.2,5.6,18.1,6.2
4073,0.9983,0,WARNING,16.7,5.7,18.6,5.4
4074,0.9863,0,WARNING,16.2,5.7,18.9,7.0
4075,0.9895,0,WARNING,16.1,5.7,18.4,6.4
4076,0.9983,0,WARNING,15.8,5.9,18.2,5.3
4077,0.9862,0,WARNING,16.0,5.6,18.9,7.1
4078,0.9862,0,WARNING,15.7,5.4,18.0,6.7
4079,0.9895,0,WARNING,15.9,5.9,18.7,6.6
4080,0.9895,0,WARNING,15.5,5.6,19.0,6.6
4081,0.9895,0,WARNING,14.9,5.3,18.5,5.5
4082,0.9862,0,WARNING,15.8,5.8,18.5,7.0
4083,0.9983,0,WARNING,15.5,5.7,18.0,4.7
4084,0.9862,0,WARNING,15.2,5.7,18.8,7.0
4085,0.9983,0,WARNING,15.1,5.5,18.9,5.7
4086,0.9983,0,WARNING,15.2,5.5,18.8,5.6
4087,0.9862,0,WARNING,16.0,5.7,18.6,6.3
4088,0.9851,0,WARNING,17.1,6.1,19.0,7.1
4089,0.9983,0,WARNING,18.1,7.2,19.5,6.7
4090,1.0,0,ANOMALY,21.0,12.3,31.7,20.3
4091,0.9977,0,WARNING,19.8,12.5,29.1,12.5
4092,0.9999,0,WARNING,17.8,7.7,27.5,12.5
4093,0.9985,0,WARNING,15.6,5.5,18.0,5.3
4094,0.989,0,WARNING,15.8,5.0,16.9,5.8
4095,0.9862,0,WARNING,15.9,6.1,21.1,7.9
4096,0.9893,0,WARNING,14.9,5.5,18.4,6.5
4097,0.9894,0,WARNING,14.8,5.1,18.6,6.2
4098,0.9906,0,WARNING,14.3,4.8,15.6,5.2
4099,0.9903,0,WARNING,14.6,3.4,11.1,4.0
4100,0.9895,0,WARNING,17.7,10.1,19.1,8.7
4101,0.9984,0,WARNING,15.4,5.5,18.3,5.6
4102,0.9863,0,WARNING,15.5,5.7,18.7,7.3
4103,0.9983,0,WARNING,14.8,5.2,18.2,5.1
4104,0.9863,0,WARNING,14.9,5.0,18.0,6.8
4105,0.9906,0,WARNING,14.5,3.2,11.3,3.9
4106,0.9903,0,WARNING,15.8,3.1,10.3,3.6
4107,0.9964,0,WARNING,17.7,11.4,19.3,8.5
4108,0.9862,0,WARNING,17.0,5.4,17.8,6.8
4109,0.9862,0,WARNING,16.6,5.6,19.1,7.3
4110,0.9862,0,WARNING,16.4,5.3,18.7,6.3
4111,0.9862,0,WARNING,16.0,4.8,16.7,5.7
4112,0.9861,0,WARNING,16.8,5.8,19.7,7.5
4113,0.9862,0,WARNING,16.7,5.7,18.3,6.3
4114,0.9861,0,WARNING,16.5,5.3,18.8,6.9
4115,0.9863,0,WARNING,16.0,5.2,17.8,6.7
4116,0.9983,0,WARNING,16.6,5.2,18.1,5.5
4117,0.9861,0,WARNING,17.0,5.4,18.0,6.9
4118,0.9862,0,WARNING,18.0,5.5,18.1,6.7
4119,0.9862,0,WARNING,16.6,5.6,18.1,6.9
4120,0.9984,0,WARNING,15.7,5.1,18.5,5.7
4121,0.9983,0,WARNING,15.7,5.2,18.0,5.2
4122,0.9983,0,WARNING,16.5,5.4,17.4,5.2
4123,0.9862,0,WARNING,16.5,5.6,18.3,6.6
4124,0.9862,0,WARNING,16.2,5.1,17.8,6.7
4125,0.9862,0,WARNING,16.4,5.2,18.1,6.8
4126,0.9862,0,WARNING,17.0,5.3,18.0,6.8
4127,0.9862,0,WARNING,15.5,5.1,17.6,6.7
4128,0.9983,0,WARNING,17.0,5.6,17.9,4.7
4129,0.9862,0,WARNING,17.1,5.6,18.4,6.9
4130,0.9863,0,WARNING,16.9,5.3,18.1,6.8
4131,0.9983,0,WARNING,17.0,5.3,17.9,5.2
4132,0.9983,0,WARNING,17.2,5.2,17.6,5.3
4133,0.9983,0,WARNING,17.6,5.6,18.0,5.4
4134,0.9983,0,WARNING,18.5,5.3,17.6,5.2
4135,0.9863,0,WARNING,17.8,4.9,18.1,6.9
4136,0.9862,0,WARNING,19.3,5.2,18.4,7.0
4137,0.9862,0,WARNING,18.3,5.5,18.2,6.8
4138,0.9983,0,WARNING,18.5,5.5,18.4,5.3
4139,0.9862,0,WARNING,19.2,5.4,18.3,6.8
4140,0.9862,0,WARNING,20.1,5.1,17.7,6.0
4141,0.9983,0,WARNING,19.0,5.4,18.5,5.7
4142,0.9894,0,WARNING,18.3,5.7,18.5,6.4
4143,0.9862,0,WARNING,18.4,5.5,18.6,7.0
4144,0.9983,0,WARNING,18.2,5.3,18.5,5.6
4145,0.9894,0,WARNING,19.2,5.5,18.1,6.2
4146,0.9983,0,WARNING,18.4,5.3,18.0,5.2
4147,0.9863,0,WARNING,17.4,5.2,18.2,6.1
4148,0.9983,0,WARNING,18.6,5.2,18.0,5.4
4149,0.9983,0,WARNING,21.0,7.0,18.5,7.4
4150,1.0,0,WARNING,18.9,7.0,19.0,10.4
4151,0.9807,0,WARNING,19.1,8.1,17.2,9.1
4152,0.9983,0,WARNING,24.2,9.7,32.0,12.2
4153,1.0,0,WARNING,23.3,7.9,27.6,14.4
4154,0.9985,0,WARNING,19.3,6.0,20.0,5.9
4155,0.9984,0,WARNING,18.8,5.1,17.8,4.6
4156,0.9866,0,WARNING,16.6,3.3,13.2,4.4
4157,0.9983,0,WARNING,18.1,4.2,15.8,4.7
4158,0.9895,0,WARNING,20.2,6.6,22.3,7.7
4159,0.9863,0,WARNING,18.8,6.2,21.1,7.7
4160,0.9862,0,WARNING,18.4,5.5,18.7,6.4
4161,0.9862,0,WARNING,18.6,5.3,17.0,6.4
4162,0.9894,0,WARNING,18.7,5.6,19.0,6.1
4163,0.9983,0,WARNING,18.1,5.2,17.7,4.7
4164,0.9894,0,WARNING,17.7,5.4,18.3,5.6
4165,0.9894,0,WARNING,17.8,5.6,18.1,6.3
4166,0.9983,0,WARNING,17.9,5.5,18.5,5.1
4167,0.9983,0,WARNING,17.7,5.6,17.7,5.2
4168,0.986,0,WARNING,16.8,5.1,16.4,6.3
4169,0.9862,0,WARNING,16.9,5.7,20.6,7.6
4170,0.9983,0,WARNING,17.0,5.0,18.1,5.3
4171,0.9862,0,WARNING,17.2,5.3,17.6,6.5
4172,0.9862,0,WARNING,17.9,5.8,19.0,7.0
4173,0.9894,0,WARNING,18.9,5.3,16.9,5.9
4174,0.9983,0,WARNING,18.8,5.6,19.8,5.5
4175,0.9863,0,WARNING,17.4,5.1,17.5,6.5
4176,0.9862,0,WARNING,17.5,5.3,18.5,7.6
4177,0.9861,0,WARNING,17.3,5.8,17.8,5.9
4178,0.9862,0,WARNING,17.3,5.1,18.1,6.9
4179,0.9862,0,WARNING,17.3,5.0,18.6,7.0
4180,0.9863,0,WARNING,17.0,5.1,18.2,6.2
4181,0.9862,0,WARNING,18.6,5.6,17.5,6.6
4182,0.9863,0,WARNING,17.7,5.4,17.6,6.7
4183,0.9862,0,WARNING,17.3,5.3,19.0,7.2
4184,0.9862,0,WARNING,18.0,5.4,17.8,6.9
4185,0.9983,0,WARNING,18.1,5.3,18.1,5.2
4186,0.9983,0,WARNING,17.6,5.2,18.6,5.7
4187,0.9894,0,WARNING,17.6,5.5,17.7,6.0
4188,0.9863,0,WARNING,17.1,5.6,18.1,5.9
4189,0.9983,0,WARNING,16.8,5.2,19.4,5.8
4190,0.9862,0,WARNING,18.0,5.3,18.1,6.8
4191,0.9894,0,WARNING,17.6,5.6,17.8,6.1
4192,0.9983,0,WARNING,17.9,5.7,19.0,5.8
4193,0.9862,0,WARNING,18.3,5.1,18.5,6.0
4194,0.9862,0,WARNING,17.4,5.2,18.1,7.0
4195,0.9862,0,WARNING,16.8,5.6,18.8,7.1
4196,0.9983,0,WARNING,17.9,5.3,18.4,5.4
4197,0.9983,0,WARNING,18.2,5.6,17.8,4.6
4198,0.9983,0,WARNING,18.3,5.6,18.6,5.6
4199,0.9863,0,WARNING,17.6,5.2,18.6,7.1
4200,0.9983,0,WARNING,17.9,5.1,18.4,5.5
4201,0.9894,0,WARNING,17.8,5.6,18.3,6.5
4202,0.9894,0,WARNING,17.0,5.6,18.7,6.6
4203,0.9862,0,WARNING,16.2,5.1,18.7,7.0
4204,0.9862,0,WARNING,16.9,5.1,18.1,6.6
4205,0.9864,0,WARNING,17.6,4.8,17.6,6.5
4206,0.9862,0,WARNING,16.8,5.8,19.7,6.7
4207,0.9862,0,WARNING,16.8,5.5,18.5,6.8
4208,0.9852,0,WARNING,18.1,5.5,19.2,6.4
4209,0.9811,0,WARNING,19.6,6.8,18.8,8.1
4210,1.0,0,ANOMALY,23.2,12.9,30.9,18.7
4211,0.9901,0,WARNING,20.8,11.2,27.0,10.7
4212,1.0,0,WARNING,19.5,9.6,26.3,14.3
4213,0.9887,0,WARNING,17.7,5.7,17.9,6.0
4214,0.9984,0,WARNING,18.2,5.6,18.4,5.1
4215,0.9863,0,WARNING,18.1,5.2,18.7,7.0
4216,0.9863,0,WARNING,17.0,5.4,18.0,6.7
4217,0.9863,0,WARNING,17.0,5.6,18.3,6.2
4218,0.9894,0,WARNING,15.8,5.4,17.9,6.2
4219,0.9862,0,WARNING,16.6,5.6,18.5,6.9
4220,0.9862,0,WARNING,16.5,5.6,18.6,6.8
4221,0.9984,0,WARNING,16.6,5.5,18.9,5.5
4222,0.9862,0,WARNING,17.2,5.8,18.1,6.8
4223,0.9983,0,WARNING,16.6,5.4,18.6,5.6
4224,0.9894,0,WARNING,16.6,5.3,18.2,5.6
4225,0.9895,0,WARNING,16.3,5.5,18.1,6.3
4226,0.9983,0,WARNING,16.8,5.2,17.8,5.2
4227,0.9862,0,WARNING,15.5,5.6,18.7,7.1
4228,0.9862,0,WARNING,16.2,5.7,18.9,7.2
4229,0.9983,0,WARNING,16.2,5.3,18.2,5.3
4230,0.9895,0,WARNING,15.4,5.3,19.2,6.7
4231,0.9862,0,WARNING,15.9,5.6,18.5,6.8
4232,0.9983,0,WARNING,15.7,5.7,18.1,4.8
4233,0.9895,0,WARNING,16.1,5.6,19.4,6.8
4234,0.9862,0,WARNING,16.7,5.3,19.3,7.3
4235,0.9894,0,WARNING,16.7,5.5,18.5,6.3
4236,0.9983,0,WARNING,16.5,5.6,19.4,5.8
4237,0.9983,0,WARNING,18.2,5.7,18.2,4.7
4238,0.9863,0,WARNING,17.0,5.1,19.4,7.3
4239,0.9862,0,WARNING,17.9,5.5,18.7,6.3
4240,0.9894,0,WARNING,17.6,5.8,19.0,5.9
4241,0.9983,0,WARNING,18.0,5.8,18.3,5.5
4242,0.9862,0,WARNING,19.2,5.8,18.5,6.9
4243,0.9894,0,WARNING,18.6,5.8,19.2,6.7
4244,0.9863,0,WARNING,19.2,5.8,19.0,6.8
4245,0.9863,0,WARNING,18.7,5.3,18.6,6.9
4246,0.9863,0,WARNING,18.8,5.5,18.7,6.8
4247,0.9863,0,WARNING,18.7,5.6,18.8,7.1
4248,0.9863,0,WARNING,18.9,5.8,19.0,7.2
4249,0.9984,0,WARNING,19.2,5.9,19.0,5.8
4250,0.9863,0,WARNING,19.3,5.6,19.0,6.9
4251,0.9984,0,WARNING,20.2,5.9,19.5,6.0
4252,0.9863,0,WARNING,19.5,6.1,19.2,7.0
4253,0.9893,0,WARNING,19.2,5.7,18.8,6.2
4254,0.9984,0,WARNING,18.5,5.4,19.1,5.2
4255,0.9862,0,WARNING,19.6,5.6,19.2,7.2
4256,0.9863,0,WARNING,19.2,5.8,19.3,7.2
4257,0.9862,0,WARNING,18.8,6.0,19.2,7.1
4258,0.9863,0,WARNING,19.4,5.8,18.4,6.8
4259,0.9863,0,WARNING,19.1,5.6,18.8,7.1
4260,0.9863,0,WARNING,18.6,5.8,20.1,7.5
4261,0.9862,0,WARNING,19.6,6.1,19.3,7.0
4262,0.9984,0,WARNING,18.9,6.1,19.1,5.5
4263,0.9893,0,WARNING,18.8,6.2,20.2,7.0
4264,0.9863,0,WARNING,18.9,5.6,19.9,7.6
4265,0.9864,0,WARNING,19.8,6.0,19.9,7.4
4266,0.9863,0,WARNING,20.0,6.3,19.0,6.9
4267,0.9984,0,WARNING,19.4,5.8,19.5,5.9
4268,0.985,0,WARNING,20.8,6.0,19.8,7.3
4269,0.981,0,WARNING,21.7,7.1,20.1,8.4
4270,1.0,0,ANOMALY,25.7,16.9,31.0,20.4
4271,0.9863,0,WARNING,22.2,9.2,29.5,11.2
4272,1.0,0,WARNING,21.1,12.0,26.8,14.3
4273,0.9985,0,WARNING,18.8,6.1,19.4,6.0
4274,0.9861,0,WARNING,19.6,5.5,17.3,6.6
4275,0.9866,0,WARNING,19.1,7.1,22.7,8.2
4276,0.9862,0,WARNING,18.5,6.0,21.4,7.8
4277,0.9863,0,WARNING,20.0,6.6,20.2,7.5
4278,0.9863,0,WARNING,20.4,6.5,20.4,6.7
4279,0.9863,0,WARNING,19.3,6.2,20.9,7.6
4280,0.9863,0,WARNING,19.5,6.6,20.2,8.4
4281,0.9984,0,WARNING,18.5,6.5,20.5,6.1
4282,0.9862,0,WARNING,19.0,6.4,20.6,7.7
4283,0.9984,0,WARNING,18.8,6.1,20.2,5.5
4284,0.9984,0,WARNING,19.5,6.4,20.2,6.1
4285,0.9862,0,WARNING,19.9,6.5,20.7,8.2
4286,0.9863,0,WARNING,18.7,6.1,19.9,6.5
4287,0.9892,0,WARNING,20.0,6.6,20.2,6.8
4288,0.9984,0,WARNING,20.3,6.9,21.6,6.5
4289,0.9863,0,WARNING,20.8,6.6,20.7,7.6
4290,0.9984,0,WARNING,19.7,6.3,20.6,6.8
4291,0.9892,0,WARNING,19.5,6.7,21.1,7.4
4292,0.9863,0,WARNING,19.0,6.6,20.5,7.6
4293,0.9862,0,WARNING,20.1,6.9,20.4,7.4
4294,0.9862,0,WARNING,19.1,6.4,21.7,7.9
4295,0.9863,0,WARNING,19.6,6.3,20.2,6.6
4296,0.9984,0,WARNING,20.0,6.3,20.4,6.0
4297,0.9984,0,WARNING,19.7,6.7,21.3,6.6
4298,0.9861,0,WARNING,19.0,6.1,20.5,7.6
4299,0.9862,0,WARNING,18.5,6.5,20.7,7.6
4300,0.9862,0,WARNING,19.2,7.1,21.3,7.8
4301,0.9865,0,WARNING,19.6,6.6,20.1,7.5
4302,0.9862,0,WARNING,19.7,6.5,22.1,8.1
4303,0.9892,0,WARNING,18.9,6.7,20.3,6.8
4304,0.9984,0,WARNING,19.5,6.9,20.1,5.9
4305,0.9984,0,WARNING,19.8,6.2,21.2,6.4
4306,0.9984,0,WARNING,19.6,6.4,20.1,6.0
4307,0.9862,0,WARNING,18.6,6.6,20.5,8.1
4308,0.9863,0,WARNING,19.1,6.4,20.4,6.7
4309,0.9892,0,WARNING,19.1,6.3,20.6,6.2
4310,0.9862,0,WARNING,18.8,6.6,20.5,7.4
4311,0.9862,0,WARNING,18.6,6.6,21.1,7.7
4312,0.9863,0,WARNING,18.5,6.3,20.3,7.3
4313,0.9984,0,WARNING,19.0,6.5,20.8,5.7
4314,0.9862,0,WARNING,18.2,6.3,20.5,7.5
4315,0.9865,0,WARNING,18.9,6.3,19.4,7.2
4316,0.9862,0,WARNING,16.3,4.7,16.7,6.2
4317,0.9894,0,WARNING,19.7,7.3,23.0,7.8
4318,0.9863,0,WARNING,18.9,6.7,23.4,8.3
4319,0.9984,0,WARNING,18.5,6.4,20.3,5.3
4320,0.9984,0,WARNING,18.8,5.9,19.6,5.6
4321,0.9862,0,WARNING,18.7,6.3,21.2,8.0
4322,0.9862,0,WARNING,18.6,6.7,19.6,7.2
4323,0.9863,0,WARNING,17.6,6.4,21.1,7.7
4324,0.9863,0,WARNING,17.5,6.1,20.5,7.6
4325,0.9984,0,WARNING,17.5,6.3,20.8,6.3
4326,0.9862,0,WARNING,18.0,6.0,20.2,7.5
4327,0.9984,0,WARNING,17.1,6.3,19.9,6.0
4328,0.9858,0,WARNING,18.5,5.6,19.8,7.0
4329,0.9808,0,WARNING,19.8,9.1,22.4,9.4
4330,1.0,0,ANOMALY,22.0,6.6,22.8,12.5
4331,1.0,0,ANOMALY,22.8,18.0,34.6,16.7
4332,0.9992,0,WARNING,22.6,7.3,26.8,12.2
4333,0.9998,0,WARNING,18.1,7.2,15.9,8.2
4334,0.9987,0,WARNING,20.5,6.1,24.0,11.2
4335,0.9984,0,WARNING,21.3,7.8,23.1,7.0
4336,0.9864,0,WARNING,19.1,6.8,24.0,8.8
4337,0.989,0,WARNING,19.0,6.8,21.8,7.5
4338,0.9863,0,WARNING,18.9,5.9,19.5,6.5
4339,0.9891,0,WARNING,19.1,5.4,20.1,6.9
4340,0.9862,0,WARNING,20.0,5.6,19.7,7.4
4341,0.9863,0,WARNING,19.2,6.4,19.7,7.1
4342,0.9984,0,WARNING,19.7,6.4,20.4,6.3
4343,0.9862,0,WARNING,19.4,5.7,19.5,7.3
4344,0.9862,0,WARNING,19.6,5.7,20.2,7.3
4345,0.9862,0,WARNING,18.3,6.1,18.6,6.8
4346,0.9862,0,WARNING,19.1,5.9,20.2,7.5
4347,0.9861,0,WARNING,19.6,5.8,19.7,7.4
4348,0.9893,0,WARNING,19.9,6.1,18.8,6.4
4349,0.9862,0,WARNING,20.3,5.9,20.6,7.5
4350,0.9862,0,WARNING,19.9,6.0,19.9,6.7
4351,0.9892,0,WARNING,19.5,6.1,19.2,5.9
4352,0.9863,0,WARNING,20.6,6.1,19.6,7.1
4353,0.9863,0,WARNING,19.6,6.1,20.5,7.5
4354,0.9984,0,WARNING,19.3,6.1,20.5,6.6
4355,0.9984,0,WARNING,19.8,5.8,19.1,5.1
4356,0.9862,0,WARNING,20.5,6.1,19.9,7.4
4357,0.9892,0,WARNING,20.6,5.8,19.1,5.9
4358,0.9863,0,WARNING,20.2,6.0,19.7,7.4
4359,0.9893,0,WARNING,20.4,6.0,20.1,6.8
4360,0.9892,0,WARNING,19.7,6.0,19.8,6.1
4361,0.9893,0,WARNING,18.9,5.5,19.3,6.5
4362,0.9862,0,WARNING,19.7,5.7,19.3,6.4
4363,0.9984,0,WARNING,20.3,5.6,19.2,5.4
4364,0.9984,0,WARNING,20.1,6.2,19.2,5.7
4365,0.9984,0,WARNING,20.0,5.5,19.6,5.3
4366,0.9864,0,WARNING,18.6,5.5,18.5,6.8
4367,0.9984,0,WARNING,19.2,6.1,20.0,5.6
4368,0.9862,0,WARNING,19.4,5.8,18.6,6.8
4369,0.9893,0,WARNING,18.6,5.6,19.2,6.6
4370,0.9984,0,WARNING,17.9,5.4,19.1,5.6
4371,0.9863,0,WARNING,18.2,6.0,19.0,6.5
4372,0.9894,0,WARNING,18.1,5.6,19.1,6.7
4373,0.9983,0,WARNING,18.2,5.7,19.2,5.8
4374,0.9983,0,WARNING,18.7,5.8,18.4,5.4
4375,0.9862,0,WARNING,19.5,5.5,18.2,6.7
4376,0.9862,0,WARNING,19.4,5.6,18.2,6.9
4377,0.9862,0,WARNING,19.2,5.8,19.5,7.2
4378,0.9984,0,WARNING,19.4,5.8,19.2,5.5
4379,0.9863,0,WARNING,19.3,5.3,18.7,6.9
4380,0.9863,0,WARNING,17.6,5.4,19.2,7.2
4381,0.9862,0,WARNING,18.7,5.7,18.8,6.9
4382,0.9863,0,WARNING,18.4,5.7,19.1,7.2
4383,0.9984,0,WARNING,17.9,5.4,18.7,5.6
4384,0.9864,0,WARNING,18.0,5.3,18.4,6.9
4385,0.9863,0,WARNING,18.8,5.5,18.1,6.6
4386,0.9983,0,WARNING,18.8,5.8,18.8,5.5
4387,0.9983,0,WARNING,17.7,5.6,18.7,5.6
4388,0.9894,0,WARNING,18.2,5.5,18.8,6.4
4389,0.987,0,WARNING,20.5,10.3,18.7,8.1
4390,1.0,0,ANOMALY,24.6,14.4,30.5,18.3
4391,0.9977,0,WARNING,22.2,11.3,26.3,10.6
4392,1.0,0,ANOMALY,20.7,10.4,24.1,14.2
4393,0.9985,0,WARNING,17.6,5.6,19.0,5.2
4394,0.9864,0,WARNING,17.4,5.2,18.3,6.8
4395,0.9892,0,WARNING,17.4,4.1,13.9,4.8
4396,0.9861,0,WARNING,17.9,6.4,23.4,8.5
4397,0.9984,0,WARNING,18.2,5.3,17.7,5.3
4398,0.9863,0,WARNING,17.4,4.9,18.8,7.2
4399,0.9894,0,WARNING,17.9,5.4,18.5,6.4
4400,0.9984,0,WARNING,18.0,5.5,18.9,5.7
4401,0.9894,0,WARNING,17.3,5.5,18.8,6.5
4402,0.9894,0,WARNING,17.2,5.1,18.3,6.3
4403,0.9894,0,WARNING,17.8,5.6,18.6,5.7
4404,0.9894,0,WARNING,17.1,5.3,18.5,6.3
4405,0.9983,0,WARNING,17.4,5.1,17.8,4.8
4406,0.9863,0,WARNING,17.8,5.3,18.8,7.1
4407,0.9983,0,WARNING,16.5,5.6,18.1,5.3
4408,0.9863,0,WARNING,16.0,5.5,18.7,7.1
4409,0.9863,0,WARNING,16.2,4.8,18.5,7.1
4410,0.9862,0,WARNING,16.1,5.1,18.6,7.0
4411,0.9983,0,WARNING,16.3,5.2,18.3,5.2
4412,0.9862,0,WARNING,15.7,5.5,18.8,7.2
4413,0.9895,0,WARNING,15.7,4.9,18.5,6.4
4414,0.9983,0,WARNING,15.7,4.9,17.8,4.6
4415,0.9895,0,WARNING,15.6,5.3,19.1,6.6
4416,0.9863,0,WARNING,15.9,5.6,18.7,6.3
4417,0.9862,0,WARNING,16.7,5.3,18.6,6.9
4418,0.9862,0,WARNING,15.7,5.3,18.9,7.0
4419,0.9863,0,WARNING,15.7,5.4,18.5,6.7
4420,0.9895,0,WARNING,16.5,5.2,17.9,6.2
4421,0.9983,0,WARNING,15.9,5.0,19.2,5.7
4422,0.9895,0,WARNING,15.7,5.3,18.2,6.2
4423,0.9895,0,WARNING,15.1,5.3,18.6,6.4
4424,0.9863,0,WARNING,15.6,5.2,18.6,7.0
4425,0.9895,0,WARNING,15.6,5.5,18.1,5.6
4426,0.9863,0,WARNING,15.4,5.4,18.5,6.8
4427,0.9895,0,WARNING,15.4,5.3,18.9,6.4
4428,0.9863,0,WARNING,15.8,5.1,18.7,7.1
4429,0.9983,0,WARNING,15.0,5.4,18.4,5.5
4430,0.9862,0,WARNING,15.2,5.3,18.7,7.0
4431,0.9863,0,WARNING,15.4,5.1,19.0,7.2
4432,0.9863,0,WARNING,16.3,5.2,18.4,6.1
4433,0.9895,0,WARNING,15.8,5.4,18.7,5.8
4434,0.9863,0,WARNING,15.5,5.3,18.2,6.7
4435,0.9895,0,WARNING,15.5,4.9,18.6,6.3
4436,0.9862,0,WARNING,14.9,5.4,18.4,6.7
4437,0.9895,0,WARNING,15.4,5.4,18.6,5.7
4438,0.9983,0,WARNING,15.3,5.5,18.9,5.3
4439,0.9895,0,WARNING,14.7,5.0,18.7,6.6
4440,0.9863,0,WARNING,15.3,4.8,18.3,6.9
4441,0.9983,0,WARNING,15.5,5.5,18.3,5.0
4442,0.9983,0,WARNING,16.6,5.7,18.5,5.5
4443,0.9894,0,WARNING,16.1,5.3,17.9,6.0
4444,0.9862,0,WARNING,16.4,5.0,18.4,7.1
4445,0.9983,0,WARNING,17.5,5.3,18.7,5.6
4446,0.9863,0,WARNING,18.5,5.3,18.4,6.1
4447,0.9863,0,WARNING,18.1,5.5,18.8,6.4
4448,0.9893,0,WARNING,19.4,5.2,19.0,6.4
4449,0.9814,0,WARNING,20.2,6.9,19.1,8.4
4450,1.0,0,ANOMALY,25.0,11.9,30.6,18.9
4451,0.9959,0,WARNING,23.3,11.2,27.5,11.3
4452,1.0,0,ANOMALY,22.7,6.8,25.0,15.5
4453,0.9865,0,WARNING,19.9,6.5,20.4,7.5
4454,0.9862,0,WARNING,19.4,5.2,17.2,6.6
4455,0.9865,0,WARNING,18.4,5.4,18.6,6.8
4456,0.9863,0,WARNING,19.0,5.6,19.9,7.5
4457,0.9984,0,WARNING,18.2,5.6,18.1,5.4
4458,0.9864,0,WARNING,18.1,5.4,19.0,6.4
4459,0.9893,0,WARNING,18.5,4.4,17.3,6.0
4460,0.9894,0,WARNING,18.8,5.1,18.6,5.4
4461,0.9864,0,WARNING,18.8,5.6,20.2,6.9
4462,0.9864,0,WARNING,18.7,5.1,18.5,6.1
4463,0.9863,0,WARNING,18.9,5.2,18.4,6.7
4464,0.9863,0,WARNING,18.5,5.6,18.7,7.1
4465,0.9864,0,WARNING,18.6,5.4,18.2,6.9
4466,0.9864,0,WARNING,18.6,5.0,18.4,6.9
4467,0.9894,0,WARNING,18.0,5.4,18.1,6.0
4468,0.9863,0,WARNING,18.0,5.3,18.6,6.2
4469,0.9863,0,WARNING,18.5,5.0,18.7,7.0
4470,0.9894,0,WARNING,18.5,5.0,18.4,6.4
4471,0.9894,0,WARNING,19.2,5.3,18.1,6.1
4472,0.9863,0,WARNING,18.1,5.5,19.2,7.3
4473,0.9983,0,WARNING,18.1,5.2,17.9,5.5
4474,0.9862,0,WARNING,18.2,5.1,19.5,7.5
4475,0.9894,0,WARNING,17.6,5.2,19.0,6.6
4476,0.9863,0,WARNING,17.6,5.5,18.3,6.6
4477,0.9983,0,WARNING,18.0,5.5,19.1,5.8
4478,0.9863,0,WARNING,18.2,4.9,17.9,6.6
4479,0.9983,0,WARNING,17.8,5.0,18.0,4.8
4480,0.9983,0,WARNING,17.5,5.2,18.2,5.6
4481,0.9905,0,WARNING,17.8,4.9,17.1,5.9
4482,0.9902,0,WARNING,17.8,3.1,10.4,3.9
4483,0.9998,0,WARNING,20.0,12.4,19.0,8.1
4484,0.9894,0,WARNING,18.6,5.3,18.0,6.2
4485,0.9894,0,WARNING,18.4,5.5,18.3,6.5
4486,0.9863,0,WARNING,18.4,5.2,17.5,6.7
4487,0.9894,0,WARNING,18.0,5.4,18.3,5.7
4488,0.9983,0,WARNING,18.9,5.5,18.6,5.7
4489,0.9983,0,WARNING,18.2,5.5,18.1,5.3
4490,0.9894,0,WARNING,18.2,5.4,18.0,6.4
4491,0.9983,0,WARNING,18.2,5.1,18.3,5.4
4492,0.9894,0,WARNING,17.8,5.5,17.9,6.0
4493,0.9894,0,WARNING,18.9,5.6,18.9,6.6
4494,0.9863,0,WARNING,17.3,5.3,18.2,7.1
4495,0.9863,0,WARNING,17.5,5.2,18.0,6.8
4496,0.9984,0,WARNING,17.6,5.3,18.6,5.7
4497,0.9894,0,WARNING,17.3,5.4,18.1,6.4
4498,0.9903,0,WARNING,18.2,4.0,14.3,5.0
4499,1.0,0,ANOMALY,20.5,14.4,19.9,8.3
4500,0.9984,0,WARNING,20.7,5.4,18.6,5.5
4501,0.9863,0,WARNING,20.9,5.4,18.8,7.1
4502,0.9863,0,WARNING,20.9,5.4,18.4,6.8
4503,0.9984,0,WARNING,19.8,5.6,18.8,5.7
4504,0.9984,0,WARNING,19.5,5.4,18.8,5.3
4505,0.9893,0,WARNING,19.9,5.4,18.4,6.3
4506,0.9863,0,WARNING,19.5,5.6,19.2,7.4
4507,0.9984,0,WARNING,19.3,5.5,18.9,5.9
4508,0.9856,0,WARNING,20.4,5.4,18.7,6.8
4509,0.9894,0,WARNING,19.2,7.1,19.4,7.9
4510,1.0,0,ANOMALY,26.5,8.9,27.0,14.7
4511,0.997,0,WARNING,25.8,14.2,32.0,13.5
4512,1.0,0,ANOMALY,25.6,8.6,25.6,15.8
4513,0.9863,0,WARNING,18.6,4.1,17.0,6.5
4514,0.9867,0,WARNING,19.2,5.1,18.9,7.1
4515,0.9892,0,WARNING,22.1,6.9,22.6,7.1
4516,0.9863,0,WARNING,20.2,5.2,18.9,7.3
4517,0.9984,0,WARNING,19.9,5.8,19.2,5.5
4518,0.9893,0,WARNING,19.4,5.6,18.4,6.2
4519,0.9984,0,WARNING,19.8,5.5,19.7,6.0
4520,0.9863,0,WARNING,19.1,5.7,18.7,6.9
4521,0.9984,0,WARNING,20.4,6.0,19.6,5.5
4522,0.9984,0,WARNING,20.7,6.2,19.0,5.7
4523,0.9984,0,WARNING,20.5,5.6,18.7,5.7
4524,0.9984,0,WARNING,22.0,6.1,18.9,5.7
4525,0.9893,0,WARNING,20.9,6.3,19.7,6.8
4526,0.9862,0,WARNING,20.8,6.1,18.9,7.0
4527,0.9984,0,WARNING,21.8,6.6,19.5,5.9
4528,0.9863,0,WARNING,20.3,6.0,19.3,7.2
4529,0.9862,0,WARNING,19.9,5.8,18.9,7.1
4530,0.9865,0,WARNING,19.4,7.0,19.9,7.5
4531,0.9893,0,WARNING,23.7,6.6,19.5,6.7
4532,0.9984,0,WARNING,24.5,6.5,19.9,6.0
4533,0.9984,0,WARNING,21.8,5.5,17.6,4.6
4534,0.9893,0,WARNING,24.9,7.0,21.7,6.7
4535,0.9865,0,WARNING,21.5,7.0,20.5,7.6
4536,0.9863,0,WARNING,21.6,6.8,20.7,7.7
4537,0.9865,0,WARNING,22.2,6.6,19.8,7.5
4538,0.9862,0,WARNING,21.7,6.3,20.0,8.0
4539,0.9865,0,WARNING,22.4,7.0,19.7,7.2
4540,0.9862,0,WARNING,22.5,7.3,20.9,7.8
4541,0.9892,0,WARNING,20.4,7.1,20.4,7.0
4542,0.9864,0,WARNING,21.5,7.2,20.5,7.5
4543,0.9866,0,WARNING,16.4,5.8,19.8,7.4
4544,0.9984,0,WARNING,20.6,7.0,20.3,6.1
4545,0.9862,0,WARNING,21.9,7.3,20.2,7.5
4546,0.9865,0,WARNING,24.4,7.2,20.0,7.5
4547,0.9984,0,WARNING,22.5,7.0,20.0,5.9
4548,0.9984,0,WARNING,23.0,7.3,20.2,6.0
4549,0.9864,0,WARNING,24.4,7.3,20.3,7.5
4550,0.9891,0,WARNING,21.8,6.5,20.1,7.0
4551,0.9865,0,WARNING,22.5,6.4,20.3,7.6
4552,0.9984,0,WARNING,21.9,7.0,21.2,6.3
4553,0.9864,0,WARNING,25.1,7.2,20.2,7.6
4554,0.9866,0,WARNING,24.1,7.0,20.8,7.7
4555,0.9984,0,WARNING,25.6,6.3,19.7,5.8
4556,0.9862,0,WARNING,24.6,6.3,19.9,8.0
4557,0.9984,0,WARNING,23.5,7.0,20.4,6.0
4558,0.9891,0,WARNING,24.6,6.8,20.5,7.1
4559,0.9984,0,WARNING,21.0,7.3,21.1,6.3
4560,0.9865,0,WARNING,25.4,7.2,20.2,6.5
4561,0.9861,0,WARNING,23.2,7.3,21.1,7.1
4562,0.9891,0,WARNING,19.1,6.8,20.5,7.2
4563,0.9984,0,WARNING,19.4,5.8,20.0,5.6
4564,0.9984,0,WARNING,22.8,6.6,20.3,5.7
4565,0.9861,0,WARNING,25.9,7.1,20.4,7.5
4566,0.9863,0,WARNING,26.0,7.1,20.6,6.8
4567,0.9864,0,WARNING,25.7,7.6,21.2,7.7
4568,0.9852,0,WARNING,24.8,5.9,20.3,7.2
4569,0.9811,0,WARNING,25.7,9.5,21.4,9.1
4570,1.0,0,ANOMALY,30.4,18.3,30.6,18.8
4571,0.9999,0,WARNING,31.5,8.0,29.3,12.7
4572,1.0,0,WARNING,25.8,8.7,26.9,15.0
4573,0.9884,0,WARNING,21.2,5.5,17.5,6.1
4574,0.9866,0,WARNING,21.1,5.7,17.9,6.8
4575,0.9864,0,WARNING,24.8,7.2,20.9,7.7
4576,0.9865,0,WARNING,24.4,6.4,22.6,7.4
4577,0.9984,0,WARNING,25.7,7.3,22.2,6.6
4578,0.9985,0,WARNING,23.9,7.1,21.5,6.6
4579,0.9863,0,WARNING,22.2,6.3,20.7,7.6
4580,0.9862,0,WARNING,24.8,7.0,20.9,7.8
4581,0.9862,0,WARNING,22.3,6.9,20.4,7.5
4582,0.9864,0,WARNING,23.0,5.7,18.2,6.9
4583,0.9862,0,WARNING,21.1,7.3,23.7,8.5
4584,0.9864,0,WARNING,22.7,7.6,21.1,6.9
4585,0.9862,0,WARNING,21.2,6.8,21.2,7.7
4586,0.9862,0,WARNING,22.4,7.0,21.1,7.7
4587,0.9862,0,WARNING,20.5,6.4,20.4,7.4
4588,0.9862,0,WARNING,21.7,6.9,20.7,6.8
4589,0.9863,0,WARNING,22.7,6.7,20.1,8.0
4590,0.9984,0,WARNING,21.8,6.9,20.8,6.3
4591,0.9892,0,WARNING,24.0,7.0,20.7,7.0
4592,0.9984,0,WARNING,23.3,6.5,20.4,6.0
4593,0.9865,0,WARNING,22.7,7.0,20.7,7.5
4594,0.9863,0,WARNING,16.9,6.0,20.9,7.6
4595,0.9864,0,WARNING,19.6,6.9,21.1,7.9
4596,0.9865,0,WARNING,22.5,7.1,20.2,7.6
4597,0.9863,0,WARNING,24.3,6.4,21.3,7.3
4598,0.9984,0,WARNING,25.5,6.6,20.4,5.6
4599,0.9863,0,WARNING,25.0,5.8,18.3,6.8
4600,0.9867,0,WARNING,25.1,7.5,22.6,8.3
4601,0.9985,0,WARNING,24.5,7.1,21.2,6.2
4602,0.989,0,WARNING,22.5,6.4,20.9,7.2
4603,0.9863,0,WARNING,25.0,7.6,21.2,7.7
4604,0.9864,0,WARNING,24.7,8.1,21.0,7.7
4605,0.9865,0,WARNING,24.3,7.1,21.7,8.0
4606,0.9985,0,WARNING,24.7,7.2,21.3,7.0
4607,0.9985,0,WARNING,23.5,7.5,20.9,6.5
4608,0.9866,0,WARNING,24.6,7.5,21.1,7.8
4609,0.9866,0,WARNING,23.1,7.1,20.8,7.8
4610,0.9984,0,WARNING,25.1,7.2,21.5,6.4
4611,0.9985,0,WARNING,24.6,6.9,20.9,6.1
4612,0.9984,0,WARNING,25.8,7.2,21.3,6.5
4613,0.9863,0,WARNING,22.3,6.6,20.8,8.2
4614,0.9984,0,WARNING,25.2,7.6,21.2,6.4
4615,0.9863,0,WARNING,23.4,7.0,21.2,7.8
4616,0.9863,0,WARNING,24.3,6.9,20.9,7.7
4617,0.9985,0,WARNING,24.6,7.0,21.1,6.3
4618,0.9863,0,WARNING,23.7,7.4,21.6,7.8
4619,0.9862,0,WARNING,24.7,7.0,20.9,7.5
4620,0.9985,0,WARNING,26.5,7.1,20.9,5.6
4621,0.989,0,WARNING,25.5,7.1,21.4,7.4
4622,0.989,0,WARNING,24.7,6.8,21.0,7.1
4623,0.9862,0,WARNING,23.6,6.7,20.9,7.7
4624,0.9864,0,WARNING,24.5,7.5,21.7,8.0
4625,0.9985,0,WARNING,26.3,7.5,21.1,6.7
4626,0.9985,0,WARNING,25.9,6.6,20.7,6.3
4627,0.9985,0,WARNING,24.4,6.7,20.8,6.1
4628,0.989,0,WARNING,26.2,7.3,21.4,7.2
4629,0.9788,0,WARNING,25.5,9.6,22.4,9.3
4630,1.0,0,WARNING,24.3,9.5,24.4,11.1
4631,1.0,0,ANOMALY,26.5,17.1,31.7,15.3
4632,0.9858,0,WARNING,26.3,8.5,27.8,10.5
4633,1.0,0,ANOMALY,26.2,12.1,31.2,18.1
4634,0.9883,0,WARNING,24.3,7.6,22.1,7.6
4635,0.9985,0,WARNING,22.0,5.6,18.8,5.4
4636,0.9985,0,WARNING,20.4,4.2,13.8,3.7
4637,0.9984,0,WARNING,23.1,6.9,23.0,6.9
4638,0.9984,0,WARNING,24.1,7.4,20.6,6.1
4639,0.9984,0,WARNING,24.1,7.3,21.5,6.4
4640,0.9891,0,WARNING,24.9,6.8,21.5,7.3
4641,0.9861,0,WARNING,23.9,7.6,23.6,7.8
4642,0.9861,0,WARNING,26.8,8.1,21.9,8.0
4643,0.9861,0,WARNING,24.6,7.6,23.1,8.2
4644,0.9861,0,WARNING,24.7,7.6,20.8,7.3
4645,0.989,0,WARNING,25.6,7.5,22.1,6.5
4646,0.9985,0,WARNING,25.3,7.7,22.7,6.9
4647,0.9863,0,WARNING,25.4,7.1,21.9,8.0
4648,0.986,0,WARNING,24.2,6.8,21.8,7.8
4649,0.9861,0,WARNING,24.1,7.9,22.0,8.0
4650,0.986,0,WARNING,25.8,9.9,22.0,8.3
4651,0.9985,0,WARNING,23.6,7.8,22.5,6.7
4652,0.9985,0,WARNING,25.1,7.8,23.6,6.5
4653,0.9889,0,WARNING,24.1,7.1,21.8,7.4
4654,0.9985,0,WARNING,25.9,6.9,21.8,6.4
4655,0.9858,0,WARNING,25.6,7.6,21.9,7.8
4656,0.9985,0,WARNING,26.0,7.5,21.6,6.5
4657,0.9985,0,WARNING,25.0,7.4,21.8,6.5
4658,0.9859,0,WARNING,22.4,6.8,19.5,7.1
4659,0.9984,0,WARNING,24.3,8.7,22.0,7.0
4660,0.9984,0,WARNING,25.6,8.1,22.2,6.5
4661,0.986,0,WARNING,25.4,7.7,22.8,8.0
4662,0.9985,0,WARNING,26.5,6.2,18.3,5.1
4663,0.989,0,WARNING,26.7,7.1,21.8,7.4
4664,0.9985,0,WARNING,26.2,7.8,21.1,6.2
4665,0.9985,0,WARNING,25.2,6.3,20.1,6.0
4666,0.9864,0,WARNING,24.3,6.9,21.6,7.9
4667,0.9862,0,WARNING,23.5,7.3,22.1,8.1
4668,0.9984,0,WARNING,24.9,7.6,22.0,6.7
4669,0.9859,0,WARNING,25.2,7.9,22.8,8.1
4670,0.9985,0,WARNING,26.9,7.2,22.0,6.5
4671,0.986,0,WARNING,26.0,7.0,22.4,7.9
4672,0.9856,0,WARNING,24.9,7.7,22.8,8.2
4673,0.9858,0,WARNING,26.0,8.0,22.0,8.4
4674,0.986,0,WARNING,25.6,7.2,23.6,8.5
4675,0.9859,0,WARNING,26.5,7.2,21.8,7.8
4676,0.9859,0,WARNING,24.0,7.1,22.4,8.1
4677,0.9985,0,WARNING,23.8,6.8,23.4,7.0
4678,0.9985,0,WARNING,24.2,8.4,21.8,6.4
4679,0.9875,0,WARNING,22.1,8.8,23.0,8.5
4680,0.9984,0,WARNING,22.4,8.3,22.3,6.6
4681,0.9873,0,WARNING,21.5,7.4,20.6,7.4
4682,0.9984,0,WARNING,20.8,8.2,23.0,7.4
4683,0.9871,0,WARNING,20.9,8.2,22.9,8.3
4684,0.987,0,WARNING,22.0,7.9,21.3,7.7
4685,0.9984,0,WARNING,20.9,7.8,20.8,6.1
4686,0.9868,0,WARNING,22.0,7.7,22.1,8.3
4687,0.987,0,WARNING,21.6,8.5,21.8,7.5
4688,0.9857,0,WARNING,21.2,7.5,22.7,8.1
4689,0.9818,0,WARNING,23.5,10.5,23.7,9.6
4690,1.0,0,ANOMALY,28.8,17.7,33.6,22.3
4691,0.9985,0,WARNING,24.1,11.0,32.0,11.9
4692,1.0,0,ANOMALY,24.2,11.1,30.8,17.4
4693,0.9869,0,WARNING,20.6,8.7,24.0,10.6
4694,0.9985,0,WARNING,19.6,6.5,19.3,5.1
4695,0.9984,0,WARNING,17.5,3.5,10.8,2.7
4696,0.9983,0,WARNING,19.3,8.1,23.0,6.9
4697,0.9984,0,WARNING,18.4,8.0,23.1,6.8
4698,0.9984,0,WARNING,20.5,7.4,22.6,6.9
4699,0.9867,0,WARNING,21.2,8.5,23.3,8.4
4700,0.9864,0,WARNING,21.8,8.6,22.4,7.9
4701,0.9984,0,WARNING,22.1,8.1,22.0,6.4
4702,0.9866,0,WARNING,18.6,7.3,21.9,7.8
4703,0.989,0,WARNING,20.6,7.8,21.8,6.5
4704,0.9865,0,WARNING,21.0,7.5,20.4,7.2
4705,0.9891,0,WARNING,20.6,7.9,21.5,7.1
4706,0.9984,0,WARNING,22.7,8.2,23.2,7.6
4707,0.9984,0,WARNING,22.2,7.9,20.4,6.0
4708,0.9984,0,WARNING,22.5,8.4,23.9,7.1
4709,0.9865,0,WARNING,21.2,7.6,20.9,7.6
4710,0.9984,0,WARNING,22.0,8.5,21.7,6.2
4711,0.9864,0,WARNING,20.7,7.7,22.5,8.0
4712,0.9866,0,WARNING,19.6,8.0,21.5,7.6
4713,0.9984,0,WARNING,18.5,7.5,20.7,5.6
4714,0.9865,0,WARNING,20.4,7.7,22.4,8.0
4715,0.9864,0,WARNING,22.7,9.7,19.8,7.1
4716,0.9984,0,WARNING,19.5,9.2,22.3,6.5
4717,0.9864,0,WARNING,21.4,8.4,20.9,7.5
4718,0.9867,0,WARNING,18.0,7.4,22.6,8.6
4719,0.9984,0,WARNING,20.7,8.2,21.5,6.1
4720,0.9866,0,WARNING,21.2,8.5,20.6,7.3
4721,0.9863,0,WARNING,19.2,7.3,21.2,7.6
4722,0.9984,0,WARNING,18.3,7.0,19.9,5.4
4723,0.9867,0,WARNING,19.3,7.9,23.4,8.5
4724,0.9984,0,WARNING,19.9,8.1,20.4,5.5
4725,0.9984,0,WARNING,16.7,6.1,20.5,5.6
4726,0.9984,0,WARNING,20.8,7.7,20.9,6.1
4727,0.9984,0,WARNING,20.4,8.0,23.0,6.7
4728,0.9863,0,WARNING,17.1,5.7,16.7,6.0
4729,0.9865,0,WARNING,19.7,8.3,21.8,7.7
4730,0.9859,0,WARNING,16.3,5.5,17.2,6.4
4731,0.9862,0,WARNING,21.5,8.2,20.5,7.3
4732,0.9863,0,WARNING,20.9,8.6,23.7,8.3
4733,0.9864,0,WARNING,18.4,5.4,16.5,6.1
4734,0.9984,0,WARNING,20.0,7.7,21.1,6.2
4735,0.9892,0,WARNING,20.2,6.0,17.7,5.9
4736,0.9984,0,WARNING,20.6,8.9,23.2,7.2
4737,0.9867,0,WARNING,20.7,8.1,21.5,7.8
4738,0.9863,0,WARNING,18.0,5.5,15.4,5.7
4739,0.9984,0,WARNING,18.4,8.0,23.4,7.0
4740,0.9984,0,WARNING,15.6,4.7,16.4,4.3
4741,0.9862,0,WARNING,19.9,8.8,22.5,7.9
4742,0.9864,0,WARNING,20.4,8.8,21.6,7.7
4743,0.9864,0,WARNING,20.1,8.0,20.9,7.9
4744,0.9864,0,WARNING,18.3,6.9,20.8,7.3
4745,0.9984,0,WARNING,19.3,8.0,19.1,5.4
4746,0.9984,0,WARNING,19.4,7.8,22.2,6.7
4747,0.986,0,WARNING,19.8,7.9,21.0,7.6
4748,0.9984,0,WARNING,20.0,7.4,23.6,7.0
4749,1.0,0,ANOMALY,23.8,15.3,22.4,7.8
4750,1.0,0,ANOMALY,26.4,21.3,37.2,23.3
4751,0.9986,0,WARNING,23.0,9.6,29.1,10.0
4752,1.0,0,ANOMALY,24.1,11.4,29.0,15.6
4753,0.9866,0,WARNING,21.0,8.2,27.2,11.2
4754,0.9985,0,WARNING,20.1,7.7,20.8,5.6
4755,0.9861,0,WARNING,20.8,9.0,21.9,7.2
4756,0.9862,0,WARNING,19.6,7.5,20.7,8.0
4757,0.9984,0,WARNING,19.0,7.5,21.1,6.2
4758,0.986,0,WARNING,19.2,7.6,21.6,7.7
4759,0.986,0,WARNING,18.6,8.0,22.0,7.9
4760,0.9861,0,WARNING,20.7,8.1,23.6,8.2
4761,0.986,0,WARNING,22.0,8.1,21.5,7.6
4762,0.9862,0,WARNING,20.6,7.9,22.5,8.2
4763,0.9862,0,WARNING,16.4,3.7,11.7,3.8
4764,0.9983,0,WARNING,19.9,8.3,24.4,7.4
4765,0.9984,0,WARNING,20.3,8.2,22.0,6.5
4766,0.9859,0,WARNING,21.1,8.7,23.0,8.7
4767,0.9862,0,WARNING,21.0,8.3,21.7,7.7
4768,0.9862,0,WARNING,19.9,8.1,24.1,8.5
4769,0.9863,0,WARNING,20.4,8.6,21.4,7.6
4770,0.989,0,WARNING,18.3,7.8,21.6,7.1
4771,0.9984,0,WARNING,20.0,8.7,23.5,7.5
4772,0.9865,0,WARNING,22.6,8.6,21.6,7.7
4773,0.9861,0,WARNING,21.0,9.0,21.7,7.0
4774,0.989,0,WARNING,23.3,7.7,23.2,7.8
4775,0.9859,0,WARNING,22.1,9.6,22.7,7.3
4776,0.9862,0,WARNING,22.1,7.5,21.2,7.6
4777,0.9864,0,WARNING,23.6,8.4,20.7,7.9
4778,0.9984,0,WARNING,22.2,8.9,23.1,6.7
4779,0.9863,0,WARNING,20.9,9.6,22.7,8.1
4780,0.9889,0,WARNING,21.5,7.8,21.4,7.1
4781,0.9984,0,WARNING,19.5,7.5,23.3,7.0
4782,0.9984,0,WARNING,22.0,9.4,22.2,7.5
4783,0.9859,0,WARNING,21.6,10.0,21.6,8.1
4784,0.989,0,WARNING,21.3,8.3,24.3,8.2
4785,0.9984,0,WARNING,21.5,10.2,21.7,6.2
4786,0.9859,0,WARNING,21.7,8.1,22.4,7.9
4787,0.9984,0,WARNING,23.1,7.4,21.9,6.6
4788,0.9862,0,WARNING,21.7,8.3,23.7,8.4
4789,0.9862,0,WARNING,19.3,8.0,23.8,9.0
4790,0.9984,0,WARNING,22.4,9.6,22.0,6.4
4791,0.9984,0,WARNING,20.6,8.1,21.8,6.4
4792,0.9861,0,WARNING,19.8,8.2,22.0,7.8
4793,0.989,0,WARNING,20.4,8.2,23.6,7.0
4794,0.9984,0,WARNING,19.8,7.1,21.3,5.6
4795,0.986,0,WARNING,19.2,7.8,21.3,6.9
4796,0.9864,0,WARNING,21.8,8.2,21.5,8.2
4797,0.9984,0,WARNING,21.7,7.2,20.6,6.2
4798,0.9857,0,WARNING,20.4,8.9,23.9,9.0
4799,0.9861,0,WARNING,19.4,8.1,21.9,8.2
4800,0.9984,0,WARNING,18.6,7.7,23.5,7.0
4801,0.9984,0,WARNING,21.8,7.7,22.1,6.4
4802,0.9984,0,WARNING,22.9,8.4,20.8,5.8
4803,0.9861,0,WARNING,18.8,6.3,19.8,7.3
4804,0.9891,0,WARNING,20.0,7.0,19.1,6.3
4805,0.9856,0,WARNING,20.6,7.5,22.3,7.9
4806,0.9859,0,WARNING,21.2,6.7,19.8,7.2
4807,0.9857,0,WARNING,21.4,7.8,22.1,7.9
4808,0.9853,0,WARNING,20.4,7.7,22.0,7.2
4809,0.9984,0,WARNING,19.5,8.1,21.1,7.4
4810,1.0,0,ANOMALY,26.1,14.5,33.7,19.9
4811,0.9992,0,WARNING,24.3,15.0,30.6,11.6
4812,0.9976,0,WARNING,23.2,9.0,24.4,9.8
4813,1.0,0,ANOMALY,24.1,12.9,31.9,18.1
4814,0.9985,0,WARNING,22.4,8.5,23.2,6.7
4815,0.9859,0,WARNING,20.9,8.4,21.9,8.3
4816,0.9861,0,WARNING,19.9,8.0,22.0,8.4
4817,0.986,0,WARNING,20.4,6.8,18.4,6.5
4818,0.9856,0,WARNING,21.0,7.7,22.5,7.9
4819,0.9858,0,WARNING,20.2,8.2,21.7,7.4
4820,0.9984,0,WARNING,20.8,8.6,22.3,6.6
4821,0.9856,0,WARNING,21.8,8.1,23.4,8.3
4822,0.9984,0,WARNING,20.9,7.9,20.8,5.4
4823,0.9857,0,WARNING,20.7,8.6,23.1,7.6
4824,0.9984,0,WARNING,19.7,8.9,20.4,5.8
4825,0.9984,0,WARNING,21.7,7.7,22.2,6.5
4826,0.9864,0,WARNING,21.9,7.1,18.4,6.5
4827,0.986,0,WARNING,21.1,8.7,21.7,7.6
4828,0.9984,0,WARNING,21.0,8.1,23.4,6.8
4829,0.9857,0,WARNING,20.3,7.3,20.8,7.5
4830,0.9891,0,WARNING,20.0,6.6,19.7,6.5
4831,0.9858,0,WARNING,20.3,7.6,21.6,7.8
4832,0.9859,0,WARNING,21.0,9.9,19.5,7.3
4833,0.9856,0,WARNING,19.0,6.9,21.6,8.3
4834,0.9984,0,WARNING,19.3,7.1,18.6,4.7
4835,0.9856,0,WARNING,20.9,7.3,21.9,7.7
4836,0.9856,0,WARNING,21.5,7.9,21.4,7.6
4837,0.9856,0,WARNING,21.7,7.8,22.3,8.0
4838,0.9984,0,WARNING,22.2,7.9,20.5,5.8
4839,0.9984,0,WARNING,20.1,7.3,20.4,6.1
4840,0.9984,0,WARNING,19.9,8.0,22.9,6.2
4841,0.9984,0,WARNING,20.2,8.2,22.6,6.1
4842,0.9984,0,WARNING,18.9,7.7,21.2,6.1
4843,0.9856,0,WARNING,19.5,7.9,22.3,7.8
4844,0.9984,0,WARNING,19.3,7.6,22.3,6.6
4845,0.9891,0,WARNING,21.3,7.0,18.7,6.1
4846,0.9984,0,WARNING,21.0,7.8,18.2,5.2
4847,0.9857,0,WARNING,18.9,7.8,22.9,8.1
4848,0.9862,0,WARNING,19.1,7.5,22.8,8.1
4849,0.9857,0,WARNING,20.6,6.8,19.3,6.9
4850,0.9861,0,WARNING,21.0,8.0,22.5,8.0
4851,0.9984,0,WARNING,21.7,7.9,23.1,6.2
4852,0.9891,0,WARNING,20.5,7.2,18.4,6.0
4853,0.9855,0,WARNING,22.0,8.0,22.0,7.8
4854,0.9984,0,WARNING,18.6,7.1,20.2,5.3
4855,0.9861,0,WARNING,18.0,6.6,19.4,7.0
4856,0.9984,0,WARNING,20.2,7.7,19.3,5.5
4857,0.9984,0,WARNING,20.2,7.3,20.0,6.2
4858,0.9984,0,WARNING,20.7,6.8,20.7,6.0
4859,0.9892,0,WARNING,18.9,6.9,18.2,6.0
4860,0.9893,0,WARNING,17.0,7.3,21.6,7.2
4861,0.9984,0,WARNING,19.2,6.5,18.1,4.7
4862,0.9984,0,WARNING,19.2,7.3,21.5,6.4
4863,0.9892,0,WARNING,18.2,6.6,19.2,6.3
4864,0.9893,0,WARNING,18.5,7.5,20.8,7.0
4865,0.9984,0,WARNING,19.1,7.6,18.3,5.3
4866,0.9856,0,WARNING,19.2,7.9,22.5,7.9
4867,0.9984,0,WARNING,19.6,7.8,22.3,6.0
4868,0.9984,0,WARNING,21.2,8.1,22.0,6.8
4869,0.9938,0,WARNING,20.4,11.9,22.5,9.2
4870,1.0,0,ANOMALY,24.1,8.5,24.7,11.3
4871,1.0,0,ANOMALY,25.5,21.8,35.5,19.2
4872,0.9841,0,WARNING,22.8,8.3,21.1,8.2
4873,1.0,0,ANOMALY,23.0,8.2,26.9,17.6
4874,0.9857,0,WARNING,21.5,9.2,26.2,11.8
4875,0.9854,0,WARNING,22.1,8.3,24.0,8.4
4876,0.9985,0,WARNING,19.0,6.5,19.5,5.6
4877,0.9857,0,WARNING,19.3,7.6,21.0,7.5
4878,0.9854,0,WARNING,21.9,7.8,21.8,7.9
4879,0.9984,0,WARNING,19.1,7.2,20.7,6.1
4880,0.9856,0,WARNING,20.9,6.9,19.1,6.8
4881,0.9892,0,WARNING,21.0,7.0,19.9,6.6
4882,0.9984,0,WARNING,18.9,7.6,22.9,6.9
4883,0.9984,0,WARNING,21.2,6.7,18.2,5.0
4884,0.9984,0,WARNING,19.8,7.9,21.2,5.9
4885,0.9854,0,WARNING,20.2,8.2,22.6,7.9
4886,0.9856,0,WARNING,19.1,8.3,21.3,7.7
4887,0.9853,0,WARNING,20.4,8.2,21.5,7.7
4888,0.9852,0,WARNING,21.3,7.6,18.3,7.6
4889,0.9984,0,WARNING,19.4,7.6,21.0,6.3
4890,0.9984,0,WARNING,20.3,7.5,21.0,6.1
4891,0.9891,0,WARNING,19.4,6.3,18.2,6.0
4892,0.9984,0,WARNING,21.0,9.0,24.7,8.3
4893,0.9984,0,WARNING,19.0,7.0,16.0,4.3
4894,0.9892,0,WARNING,20.0,7.2,21.3,7.1
4895,0.9853,0,WARNING,20.1,7.8,20.3,7.3
4896,0.9984,0,WARNING,20.1,8.9,22.0,6.5
4897,0.9984,0,WARNING,21.4,7.8,20.2,5.4
4898,0.9984,0,WARNING,20.8,8.6,21.7,6.4
4899,0.9891,0,WARNING,20.8,8.6,21.1,7.0
4900,0.9984,0,WARNING,18.6,7.5,20.9,5.9
4901,0.9854,0,WARNING,21.5,8.4,21.4,7.5
4902,0.9984,0,WARNING,21.4,8.3,21.7,6.3
4903,0.9984,0,WARNING,19.3,7.2,21.0,5.6
4904,0.9984,0,WARNING,20.0,7.7,22.9,6.3
4905,0.9984,0,WARNING,18.2,7.2,22.3,6.5
4906,0.9852,0,WARNING,19.4,8.0,20.7,7.5
4907,0.9984,0,WARNING,22.1,8.1,24.1,6.7
4908,0.9984,0,WARNING,20.1,8.0,22.1,6.4
4909,0.9984,0,WARNING,22.0,8.7,23.9,6.4
4910,0.9984,0,WARNING,21.7,7.7,21.2,6.2
4911,0.989,0,WARNING,22.7,7.4,21.4,7.1
4912,0.9984,0,WARNING,22.5,8.7,24.4,7.8
4913,0.9889,0,WARNING,21.4,7.4,21.7,7.2
4914,0.9984,0,WARNING,20.4,8.4,21.4,6.2
4915,0.985,0,WARNING,21.3,8.7,22.9,8.1
4916,0.9852,0,WARNING,21.6,8.2,22.2,7.7
4917,0.9984,0,WARNING,21.2,7.8,21.4,6.1
4918,0.9855,0,WARNING,22.2,7.9,21.1,7.5
4919,0.9984,0,WARNING,21.8,7.5,23.1,7.0
4920,0.9984,0,WARNING,19.1,7.6,22.0,6.5
4921,0.9984,0,WARNING,22.4,8.2,23.9,7.2
4922,0.9984,0,WARNING,22.6,8.0,20.9,6.1
4923,0.989,0,WARNING,20.5,6.0,18.0,5.9
4924,0.9984,0,WARNING,21.0,8.2,23.8,6.5
4925,0.9984,0,WARNING,20.6,7.5,21.1,6.0
4926,0.9984,0,WARNING,18.6,9.1,21.0,6.1
4927,0.9984,0,WARNING,19.7,7.8,22.2,6.5
4928,0.9984,0,WARNING,22.2,8.2,22.5,6.5
4929,0.9984,0,WARNING,23.0,9.3,23.2,7.9
4930,1.0,0,ANOMALY,25.1,20.2,34.0,22.2
4931,0.9999,0,WARNING,23.5,11.7,29.4,11.5
4932,1.0,0,ANOMALY,21.4,9.3,23.8,16.5
4933,1.0,0,ANOMALY,22.4,10.2,36.6,18.1
4934,0.9854,0,WARNING,20.0,7.9,22.4,7.1
4935,0.9856,0,WARNING,21.9,7.9,21.7,8.2
4936,0.9854,0,WARNING,21.6,7.8,23.5,8.4
4937,0.9889,0,WARNING,21.4,8.3,23.1,7.7
4938,0.9889,0,WARNING,20.1,7.7,21.4,7.1
4939,0.9854,0,WARNING,21.5,7.4,22.7,8.2
4940,0.9984,0,WARNING,20.4,7.5,19.9,5.3
4941,0.9984,0,WARNING,20.0,7.7,21.1,6.0
4942,0.9851,0,WARNING,19.8,6.3,17.8,6.3
4943,0.9853,0,WARNING,21.4,7.8,23.1,8.3
4944,0.9984,0,WARNING,22.9,7.8,21.5,6.3
4945,0.985,0,WARNING,19.7,7.7,23.3,8.4
4946,0.9856,0,WARNING,19.4,7.6,21.0,7.6
4947,0.9855,0,WARNING,21.0,7.7,22.9,8.2
4948,0.9853,0,WARNING,22.4,8.3,23.3,8.3
4949,0.9985,0,WARNING,21.4,8.0,22.7,6.6
4950,0.9853,0,WARNING,21.3,8.2,22.3,7.8
4951,0.9852,0,WARNING,22.3,8.0,21.4,7.6
4952,0.989,0,WARNING,20.6,8.1,23.8,7.9
4953,0.9985,0,WARNING,21.1,8.5,22.9,6.7
4954,0.9984,0,WARNING,22.3,7.7,22.1,6.0
4955,0.989,0,WARNING,20.2,7.3,22.4,7.6
4956,0.9984,0,WARNING,20.8,7.7,22.6,6.6
4957,0.9984,0,WARNING,22.5,8.1,22.9,6.2
4958,0.9984,0,WARNING,20.6,7.4,22.8,6.2
4959,0.9851,0,WARNING,19.8,8.3,23.1,8.2
4960,0.9851,0,WARNING,19.8,8.1,23.1,8.3
4961,0.9852,0,WARNING,19.7,7.8,22.6,8.1
4962,0.9984,0,WARNING,20.5,8.1,22.6,6.0
4963,0.989,0,WARNING,21.2,7.6,22.7,7.6
4964,0.985,0,WARNING,21.3,7.5,23.0,7.6
4965,0.9851,0,WARNING,22.1,7.9,22.7,7.9
4966,0.9853,0,WARNING,21.1,7.8,22.5,7.9
4967,0.9984,0,WARNING,19.5,7.2,22.2,6.6
4968,0.9984,0,WARNING,23.0,8.0,23.4,6.5
4969,0.9984,0,WARNING,20.9,8.1,23.1,6.8
4970,0.9852,0,WARNING,20.6,7.4,22.3,8.0
4971,0.9853,0,WARNING,22.7,8.0,22.6,8.1
4972,0.9984,0,WARNING,22.6,8.0,21.9,6.4
4973,0.9984,0,WARNING,21.9,8.4,24.4,7.2
4974,0.9984,0,WARNING,23.8,7.9,22.2,6.3
4975,0.9889,0,WARNING,21.6,8.0,24.2,8.0
4976,0.9984,0,WARNING,23.1,7.9,22.1,6.4
4977,0.9984,0,WARNING,23.3,7.7,25.5,7.7
4978,0.9889,0,WARNING,22.1,7.5,23.8,8.0
4979,0.9984,0,WARNING,21.7,7.7,22.3,6.0
4980,0.9984,0,WARNING,20.3,6.5,21.9,6.6
4981,0.9984,0,WARNING,23.3,7.1,21.4,5.6
4982,0.9851,0,WARNING,22.8,7.8,23.1,8.1
4983,0.9984,0,WARNING,22.6,8.3,24.9,6.8
4984,0.9984,0,WARNING,22.6,7.6,22.5,6.2
4985,0.9984,0,WARNING,21.2,8.0,22.7,6.2
4986,0.9984,0,WARNING,20.4,7.8,25.4,7.7
4987,0.9984,0,WARNING,21.0,8.1,23.7,7.0
4988,0.9984,0,WARNING,21.5,7.6,23.5,6.4
4989,0.989,0,WARNING,24.5,9.9,25.0,9.6
4990,1.0,0,ANOMALY,27.1,19.8,38.6,22.6
4991,0.986,0,WARNING,25.5,8.5,27.8,10.5
4992,1.0,0,ANOMALY,26.2,12.3,33.4,20.0
4993,0.9986,0,WARNING,24.2,7.8,24.5,6.8
4994,0.9851,0,WARNING,22.3,7.6,24.7,8.8
4995,0.9852,0,WARNING,24.3,8.3,23.8,8.5
4996,0.9851,0,WARNING,22.7,8.0,23.9,8.9
4997,0.9985,0,WARNING,22.2,7.6,23.9,7.2
4998,0.9888,0,WARNING,22.4,7.5,22.3,7.3
4999,0.9984,0,WARNING,22.0,8.2,24.5,7.1
5000,0.9984,0,WARNING,21.6,7.4,24.3,6.6
5001,0.9851,0,WARNING,21.6,7.4,23.0,8.1
5002,0.989,0,WARNING,21.4,7.6,22.8,7.6
5003,0.9984,0,WARNING,22.3,7.9,24.3,6.9
5004,0.9854,0,WARNING,20.1,7.8,23.1,7.5
5005,0.9851,0,WARNING,21.0,7.8,23.7,8.4
5006,0.9984,0,WARNING,21.5,7.4,23.6,6.9
5007,0.985,0,WARNING,20.9,7.6,23.3,8.1
5008,0.989,0,WARNING,21.4,7.4,23.2,7.7
5009,0.9851,0,WARNING,20.4,7.6,23.9,8.4
5010,0.989,0,WARNING,20.7,7.8,23.1,7.7
5011,0.9984,0,WARNING,19.8,7.2,23.2,6.5
5012,0.9984,0,WARNING,20.0,7.5,22.9,6.7
5013,0.9891,0,WARNING,20.7,7.5,23.3,7.7
5014,0.989,0,WARNING,21.3,7.5,23.0,7.6
5015,0.989,0,WARNING,21.2,7.7,22.5,7.4
5016,0.9984,0,WARNING,20.5,7.0,22.1,6.4
5017,0.9984,0,WARNING,19.1,6.0,19.3,5.5
5018,0.9984,0,WARNING,16.7,4.8,17.4,5.1
5019,0.9894,0,WARNING,18.5,7.0,21.0,7.0
5020,0.9893,0,WARNING,18.3,6.9,21.4,7.1
5021,0.9854,0,WARNING,17.7,5.4,19.0,7.1
5022,0.9984,0,WARNING,20.4,7.2,22.1,5.9
5023,0.9892,0,WARNING,19.6,7.5,22.5,7.4
5024,0.9892,0,WARNING,19.2,7.6,23.0,7.5
5025,0.9984,0,WARNING,18.0,6.4,21.9,5.9
5026,0.9984,0,WARNING,19.2,6.8,21.1,6.1
5027,0.9892,0,WARNING,18.8,7.0,22.1,7.3
5028,0.9852,0,WARNING,20.6,7.6,22.9,8.2
5029,0.9891,0,WARNING,17.5,5.0,16.9,5.8
5030,0.9849,0,WARNING,18.9,7.3,22.3,7.1
5031,0.9893,0,WARNING,17.9,7.1,26.2,8.6
5032,0.9984,0,WARNING,19.0,7.7,25.3,7.4
5033,0.985,0,WARNING,18.9,7.2,25.5,8.9
5034,0.989,0,WARNING,20.2,7.5,26.7,8.9
5035,0.9851,0,WARNING,20.5,7.4,24.2,8.4
5036,0.9985,0,WARNING,19.0,7.1,23.1,6.8
5037,0.9849,0,WARNING,18.7,7.4,24.3,8.7
5038,0.985,0,WARNING,17.2,7.2,25.6,9.1
5039,0.9984,0,WARNING,15.8,6.6,24.1,6.7
5040,0.9984,0,WARNING,14.8,5.2,19.9,5.3
5041,0.9892,0,WARNING,15.9,6.1,22.7,7.5
5042,0.9892,0,WARNING,15.0,6.4,23.6,8.0
5043,0.9984,0,WARNING,14.6,5.5,21.1,5.8
5044,0.9984,0,WARNING,14.4,5.0,19.0,5.1
5045,0.9983,0,WARNING,14.6,5.2,20.9,5.7
5046,0.9983,0,WARNING,14.3,6.2,22.6,6.8
5047,0.9983,0,WARNING,14.2,6.3,23.6,7.0
5048,0.9892,0,WARNING,15.4,6.1,23.4,7.8
5049,0.9792,0,WARNING,15.9,7.5,24.3,9.9
5050,1.0,0,WARNING,19.9,15.4,33.2,16.7
5051,0.9999,0,WARNING,17.8,10.3,30.6,12.0
5052,0.9886,0,WARNING,15.8,7.1,25.6,10.1
5053,0.9985,0,WARNING,14.3,4.8,19.0,5.1
5054,0.989,0,WARNING,14.2,6.7,25.0,8.6
5055,0.9853,0,WARNING,13.8,6.5,24.1,7.9
5056,0.9984,0,WARNING,14.1,6.3,23.7,7.1
5057,0.9984,0,WARNING,13.7,6.7,25.2,7.9
5058,0.9984,0,WARNING,13.8,6.4,24.1,6.8
5059,0.9853,0,WARNING,13.9,6.5,24.3,8.8
5060,0.985,0,WARNING,14.1,6.4,24.6,9.1
5061,0.9984,0,WARNING,13.9,6.5,24.8,7.2
5062,0.9891,0,WARNING,14.0,6.9,25.7,8.8
5063,0.9984,0,WARNING,13.5,6.7,24.3,6.7
5064,0.9984,0,WARNING,13.8,6.4,23.9,6.8
5065,0.9891,0,WARNING,13.3,6.2,23.9,8.3
5066,0.9852,0,WARNING,13.2,6.1,25.0,9.1
5067,0.9853,0,WARNING,13.8,6.2,23.4,8.7
5068,0.9984,0,WARNING,13.4,6.1,24.9,7.7
5069,0.9849,0,WARNING,13.6,6.2,23.5,8.5
5070,0.9851,0,WARNING,13.8,6.0,24.5,8.9
5071,0.9854,0,WARNING,13.8,6.3,24.2,8.7
5072,0.9984,0,WARNING,14.1,6.2,24.4,7.5
5073,0.9854,0,WARNING,14.9,5.8,22.8,8.5
5074,0.9854,0,WARNING,14.4,5.9,22.6,8.4
5075,0.9854,0,WARNING,13.9,5.5,22.6,8.3
5076,0.9854,0,WARNING,14.5,4.8,20.6,7.7
5077,0.9892,0,WARNING,13.9,3.6,15.8,5.5
5078,0.9983,0,WARNING,11.9,0.8,9.0,2.0
5079,0.9982,0,WARNING,11.6,0.8,8.7,1.7
5080,0.99,0,WARNING,11.3,0.6,9.0,3.2
5081,0.9982,0,WARNING,11.0,0.8,9.1,1.9
5082,0.9981,0,WARNING,10.9,1.1,8.8,1.9
5083,0.9902,0,WARNING,10.7,0.8,8.6,3.3
5084,0.9981,0,WARNING,10.7,1.3,10.5,2.4
5085,0.9981,0,WARNING,10.9,1.1,9.1,1.9
5086,0.9902,0,WARNING,10.7,0.7,8.5,3.1
5087,0.9981,0,WARNING,10.5,0.9,8.7,1.7
5088,0.9981,0,WARNING,10.4,0.8,9.0,2.4
5089,0.9903,0,WARNING,14.7,4.0,13.2,4.2
5090,0.9982,0,WARNING,15.9,6.3,21.4,5.7
5091,0.9848,0,WARNING,16.8,7.2,23.8,8.1
5092,0.9846,0,WARNING,16.7,6.4,22.9,8.2
5093,0.9851,0,WARNING,15.8,4.5,17.8,6.6
5094,0.9984,0,WARNING,14.4,5.3,22.7,6.9
5095,0.9894,0,WARNING,13.7,5.7,23.1,7.8
5096,0.9984,0,WARNING,13.4,4.3,18.1,4.8
5097,0.9983,0,WARNING,13.6,4.9,20.9,6.4
5098,0.9854,0,WARNING,13.8,5.5,23.7,8.8
5099,0.9854,0,WARNING,13.3,4.7,20.7,7.7
5100,0.9983,0,WARNING,13.7,5.4,22.7,7.1
5101,0.9983,0,WARNING,13.3,4.1,17.4,5.2
5102,0.9853,0,WARNING,12.9,4.4,19.5,7.2
5103,0.9895,0,WARNING,13.3,4.4,18.8,6.4
5104,0.9983,0,WARNING,12.4,1.9,10.4,2.1
5105,0.9898,0,WARNING,12.8,3.1,15.9,5.5
5106,0.9983,0,WARNING,13.1,4.6,19.8,6.0
5107,0.9852,0,WARNING,13.2,4.9,22.2,8.3
5108,0.9983,0,WARNING,13.9,5.3,22.6,6.9
5109,0.9796,0,WARNING,15.2,6.4,24.2,10.2
5110,1.0,0,ANOMALY,18.2,11.8,32.6,15.5
5111,0.9849,0,WARNING,15.8,5.4,24.8,9.6
5112,0.9873,0,WARNING,14.1,5.1,21.5,10.0
5113,0.9852,0,WARNING,13.5,5.0,22.2,8.2
5114,0.985,0,WARNING,13.2,4.6,20.4,7.6
5115,0.9893,0,WARNING,12.0,1.8,11.0,3.9
5116,0.9983,0,WARNING,11.2,0.8,8.5,1.8
5117,0.9982,0,WARNING,11.1,0.9,8.9,1.9
5118,0.9982,0,WARNING,10.8,0.7,8.3,1.6
5119,0.9902,0,WARNING,10.7,0.8,8.4,2.9
5120,0.9902,0,WARNING,10.7,0.9,8.9,3.2
5121,0.9902,0,WARNING,10.6,0.9,8.8,3.1
5122,0.9981,0,WARNING,10.5,1.0,8.4,1.8
5123,0.9981,0,WARNING,10.5,1.0,8.7,1.8
5124,0.9981,0,WARNING,10.5,1.1,9.8,2.1
5125,0.9902,0,WARNING,10.3,0.8,8.5,3.2
5126,0.9981,0,WARNING,10.4,1.1,9.7,1.7
5127,0.9853,0,WARNING,10.9,2.5,12.2,3.8
5128,0.9902,0,WARNING,10.5,0.9,8.7,3.1
5129,0.9982,0,WARNING,12.9,3.6,16.0,4.0
5130,0.9848,0,WARNING,15.3,6.2,23.7,8.6
5131,0.9848,0,WARNING,15.4,6.3,24.2,8.7
5132,0.9984,0,WARNING,15.7,6.5,23.5,7.0
5133,0.9984,0,WARNING,14.1,5.7,23.8,7.3
5134,0.9984,0,WARNING,12.8,5.7,25.0,7.1
5135,0.9893,0,WARNING,12.4,5.5,24.3,8.4
5136,0.9854,0,WARNING,12.3,5.7,25.0,9.3
5137,0.9892,0,WARNING,12.5,5.2,22.6,8.0
5138,0.9893,0,WARNING,12.2,5.0,22.6,8.0
5139,0.9852,0,WARNING,12.2,5.3,23.3,8.6
5140,0.9854,0,WARNING,12.9,5.8,25.7,9.7
5141,0.9854,0,WARNING,12.4,5.4,23.2,8.8
5142,0.9892,0,WARNING,11.6,2.4,12.8,4.3
5143,0.9983,0,WARNING,11.4,2.6,13.7,3.4
5144,0.9983,0,WARNING,11.2,2.3,13.3,3.3
5145,0.9899,0,WARNING,11.3,2.2,13.0,4.7
5146,0.9899,0,WARNING,11.1,2.1,13.4,4.8
5147,0.99,0,WARNING,11.0,2.4,13.2,4.7
5148,0.9982,0,WARNING,11.2,2.2,13.3,3.9
5149,0.99,0,WARNING,11.1,2.2,12.9,4.6
5150,0.9982,0,WARNING,11.0,2.2,13.2,3.2
5151,0.9982,0,WARNING,11.0,2.2,12.8,3.5
5152,0.9982,0,WARNING,11.0,2.3,13.2,3.2
5153,0.9982,0,WARNING,10.8,2.2,13.3,3.3
5154,0.9982,0,WARNING,10.8,2.1,13.3,3.4
5155,0.99,0,WARNING,10.8,2.2,13.1,4.6
5156,0.9851,0,WARNING,10.8,1.9,12.3,4.8
5157,0.9982,0,WARNING,11.1,2.5,14.3,3.7
5158,0.99,0,WARNING,11.0,2.2,13.0,4.4
5159,0.99,0,WARNING,11.0,2.3,13.2,4.5
5160,0.9853,0,WARNING,10.7,2.0,12.5,4.9
5161,0.99,0,WARNING,10.5,2.0,12.9,4.6
5162,0.99,0,WARNING,10.6,2.3,12.8,4.5
5163,0.9982,0,WARNING,10.6,2.2,13.3,3.3
5164,0.99,0,WARNING,10.6,2.0,13.0,4.7
5165,0.99,0,WARNING,10.5,2.2,13.2,4.6
5166,0.99,0,WARNING,10.5,2.0,13.1,4.4
5167,0.9982,0,WARNING,10.5,2.2,13.2,3.2
5168,0.9982,0,WARNING,11.4,2.2,13.3,3.2
5169,0.9908,0,WARNING,14.7,8.4,16.5,6.9
5170,1.0,0,WARNING,16.1,10.0,27.1,11.9
5171,0.9896,0,WARNING,14.6,5.7,17.2,8.6
5172,0.9984,0,WARNING,12.0,2.2,12.9,3.2
5173,0.9897,0,WARNING,12.3,2.2,12.8,4.5
5174,0.9983,0,WARNING,12.3,2.1,12.6,3.0
5175,0.9855,0,WARNING,13.0,2.2,12.6,4.9
5176,0.9899,0,WARNING,12.9,2.0,12.9,4.6
5177,0.9855,0,WARNING,12.6,2.1,13.0,5.1
5178,0.9899,0,WARNING,12.6,2.2,12.8,4.6
5179,0.99,0,WARNING,12.6,2.1,13.0,4.7
5180,0.99,0,WARNING,12.8,2.0,12.7,4.6
5181,0.9982,0,WARNING,13.1,2.0,12.8,3.1
5182,0.99,0,WARNING,13.1,2.2,13.0,4.5
5183,0.9899,0,WARNING,13.1,2.2,13.0,4.5
5184,0.9982,0,WARNING,12.5,2.0,13.0,3.3
5185,0.99,0,WARNING,12.7,2.2,12.5,4.6
5186,0.99,0,WARNING,12.7,2.0,12.5,4.3
5187,0.9982,0,WARNING,12.6,2.1,13.2,3.8
5188,0.9853,0,WARNING,12.8,2.1,13.1,5.2
5189,0.99,0,WARNING,12.8,2.1,13.3,4.6
5190,0.9982,0,WARNING,12.8,2.0,13.0,3.2
5191,0.9982,0,WARNING,12.7,2.0,12.6,2.9
5192,0.99,0,WARNING,12.9,2.3,12.8,4.6
5193,0.99,0,WARNING,12.8,1.9,12.3,4.5
5194,0.9982,0,WARNING,12.5,2.0,12.5,3.1
5195,0.99,0,WARNING,12.3,2.1,12.4,4.5
5196,0.9982,0,WARNING,12.2,2.0,12.6,3.5
5197,0.9982,0,WARNING,12.4,2.2,13.0,3.1
5198,0.9982,0,WARNING,12.8,2.1,12.5,2.9
5199,0.9982,0,WARNING,12.2,2.0,13.0,3.2
5200,0.9982,0,WARNING,12.0,2.1,13.0,3.2
5201,0.9982,0,WARNING,11.9,2.0,12.9,3.2
5202,0.9982,0,WARNING,12.4,2.1,13.1,3.3
5203,0.9982,0,WARNING,12.5,2.1,12.5,3.1
5204,0.9982,0,WARNING,12.0,2.1,12.5,3.0
5205,0.9982,0,WARNING,11.9,1.9,12.5,2.9
5206,0.99,0,WARNING,11.9,1.9,12.7,4.4
5207,0.9982,0,WARNING,11.8,1.9,12.3,3.0
5208,0.9982,0,WARNING,11.7,2.1,12.6,3.1
5209,0.9982,0,WARNING,11.6,1.8,12.3,3.0
5210,0.99,0,WARNING,11.7,1.9,12.4,4.4
5211,0.9982,0,WARNING,11.6,2.0,12.2,3.0
5212,0.9856,0,WARNING,11.3,2.0,12.2,4.9
5213,0.9982,0,WARNING,11.5,1.9,12.3,2.8
5214,0.9982,0,WARNING,11.2,1.9,12.4,2.9
5215,0.9982,0,WARNING,11.1,2.0,12.5,3.0
5216,0.9901,0,WARNING,11.3,1.8,12.1,4.4
5217,0.9982,0,WARNING,11.4,1.9,12.6,3.6
5218,0.9901,0,WARNING,11.5,2.2,12.8,4.6
5219,0.9982,0,WARNING,11.4,2.1,12.9,3.2
5220,0.99,0,WARNING,11.2,1.8,12.4,4.4
5221,0.99,0,WARNING,11.5,1.9,12.3,4.3
5222,0.9982,0,WARNING,11.1,2.0,12.2,2.9
5223,0.9982,0,WARNING,11.4,2.1,12.4,3.5
5224,0.9901,0,WARNING,11.5,1.9,12.2,4.3
5225,0.9982,0,WARNING,11.1,2.0,12.8,3.2
5226,0.9982,0,WARNING,11.1,1.9,12.3,3.0
5227,0.9982,0,WARNING,10.9,2.0,12.8,3.2
5228,0.9901,0,WARNING,11.6,2.1,13.5,4.7
5229,0.99,0,WARNING,12.8,3.1,13.6,6.0
5230,1.0,0,WARNING,15.8,5.0,25.7,9.0
5231,0.998,0,WARNING,15.2,5.1,12.5,4.2
5232,0.9789,0,WARNING,15.0,3.2,19.0,6.6
5233,0.9963,0,WARNING,13.9,3.1,18.6,9.1
5234,0.9897,0,WARNING,11.2,2.1,13.2,4.7
5235,0.9898,0,WARNING,11.1,2.2,13.5,4.8
5236,0.9899,0,WARNING,11.0,2.0,12.7,4.4
5237,0.9982,0,WARNING,10.8,1.9,12.8,3.1
5238,0.99,0,WARNING,10.8,2.0,12.9,4.4
5239,0.99,0,WARNING,10.7,2.0,13.2,4.7
5240,0.99,0,WARNING,10.7,1.9,13.4,4.7
5241,0.99,0,WARNING,10.7,1.9,12.7,4.4
5242,0.99,0,WARNING,10.5,2.1,13.0,4.6
5243,0.9982,0,WARNING,10.6,2.1,12.8,3.2
5244,0.99,0,WARNING,10.5,2.0,13.1,4.6
5245,0.9982,0,WARNING,10.5,1.9,13.1,3.2
5246,0.9982,0,WARNING,10.5,2.0,13.2,3.1
5247,0.9982,0,WARNING,10.4,1.9,13.2,3.4
5248,0.9982,0,WARNING,10.4,1.9,13.3,3.3
5249,0.9982,0,WARNING,10.5,2.0,13.5,3.9
5250,0.9852,0,WARNING,10.4,1.9,13.2,5.3
5251,0.99,0,WARNING,10.4,1.9,13.2,4.6
5252,0.99,0,WARNING,10.3,2.2,13.8,4.8
5253,0.99,0,WARNING,10.4,1.9,13.0,4.5
5254,0.9982,0,WARNING,10.4,1.9,12.7,3.0
5255,0.99,0,WARNING,10.3,1.9,12.4,4.5
5256,0.9982,0,WARNING,10.4,2.0,12.8,3.1
5257,0.9982,0,WARNING,10.4,2.0,12.5,3.2
5258,0.9852,0,WARNING,10.4,1.9,12.7,5.0
5259,0.9982,0,WARNING,10.4,1.9,12.5,3.1
5260,0.9982,0,WARNING,10.2,1.8,12.2,2.8
5261,0.9901,0,WARNING,10.3,1.9,12.7,4.4
5262,0.9901,0,WARNING,10.3,2.0,12.3,4.4
5263,0.9982,0,WARNING,10.3,1.9,12.4,3.1
5264,0.9901,0,WARNING,10.4,2.0,12.4,4.3
5265,0.9982,0,WARNING,10.4,2.0,12.3,3.0
5266,0.9901,0,WARNING,10.3,1.9,12.4,4.4
5267,0.9901,0,WARNING,10.3,2.0,12.4,4.4
5268,0.9982,0,WARNING,10.3,1.9,12.4,2.9
5269,0.9982,0,WARNING,10.2,1.9,12.4,2.9
5270,0.9982,0,WARNING,10.3,2.0,12.1,3.4
5271,0.9901,0,WARNING,10.4,2.0,12.4,4.5
5272,0.9901,0,WARNING,10.4,2.2,12.4,4.4
5273,0.9901,0,WARNING,10.3,1.9,12.5,4.3
5274,0.9901,0,WARNING,10.5,2.0,11.8,4.2
5275,0.9901,0,WARNING,10.6,2.1,13.2,4.7
5276,0.9982,0,WARNING,11.0,1.9,12.5,3.0
5277,0.99,0,WARNING,10.8,1.5,10.6,3.6
5278,0.9901,0,WARNING,11.9,2.5,14.5,5.1
5279,0.9982,0,WARNING,12.2,2.3,12.9,3.2
5280,0.99,0,WARNING,12.4,1.9,12.7,4.5
5281,0.99,0,WARNING,12.2,2.0,12.7,4.4
5282,0.99,0,WARNING,12.3,2.3,12.8,4.3
5283,0.9982,0,WARNING,12.3,2.2,12.8,3.6
5284,0.9982,0,WARNING,12.2,2.1,12.8,3.1
5285,0.9982,0,WARNING,12.2,2.2,12.8,3.0
5286,0.99,0,WARNING,12.8,2.1,13.2,4.7
5287,0.99,0,WARNING,13.4,2.3,12.8,4.5
5288,0.9982,0,WARNING,14.4,2.4,13.3,3.2
5289,0.9899,0,WARNING,15.0,4.0,13.8,6.1
5290,0.9787,0,WARNING,17.0,5.0,22.9,7.7
5291,0.984,0,WARNING,16.3,5.6,18.7,7.1
5292,0.9983,0,WARNING,14.4,3.2,17.8,7.4
5293,0.9896,0,WARNING,13.1,2.1,13.1,4.5
5294,0.9897,0,WARNING,13.1,2.1,12.8,4.4
5295,0.9898,0,WARNING,13.0,2.2,12.9,4.6
5296,0.9982,0,WARNING,12.9,2.1,13.3,3.8
5297,0.9852,0,WARNING,13.3,2.2,12.9,5.2
5298,0.9899,0,WARNING,13.4,2.2,13.2,4.7
5299,0.9982,0,WARNING,12.5,1.8,11.1,2.5
5300,0.9982,0,WARNING,11.5,0.8,8.5,1.6
5301,0.9982,0,WARNING,11.4,0.8,8.6,1.6
5302,0.9981,0,WARNING,11.2,1.4,9.6,1.8
5303,0.9981,0,WARNING,12.7,1.4,9.6,1.8
5304,0.9981,0,WARNING,14.1,1.8,10.1,2.0
5305,0.9982,0,WARNING,12.4,1.1,9.2,1.8
5306,0.9982,0,WARNING,12.4,1.1,9.1,1.8
5307,0.9902,0,WARNING,12.5,1.2,9.1,3.2
5308,0.9982,0,WARNING,11.2,0.3,4.9,0.4
5309,0.9903,0,WARNING,13.0,2.5,12.4,3.9
5310,0.9902,0,WARNING,12.0,1.9,11.4,3.8
5311,0.9902,0,WARNING,11.1,1.0,8.9,3.2
5312,0.9982,0,WARNING,13.2,4.6,20.9,6.0
5313,0.9982,0,WARNING,12.9,5.1,23.1,7.3
5314,0.9983,0,WARNING,12.6,4.2,19.0,5.3
5315,0.9896,0,WARNING,13.2,5.2,23.6,7.8
5316,0.9848,0,WARNING,13.4,5.6,23.5,8.7
5317,0.9983,0,WARNING,12.9,3.3,14.5,3.7
5318,0.9896,0,WARNING,12.9,4.1,20.4,7.2
5319,0.9895,0,WARNING,12.7,3.3,17.0,6.0
5320,0.9852,0,WARNING,12.6,2.5,13.8,5.4
5321,0.9897,0,WARNING,12.4,2.5,14.1,5.0
5322,0.9852,0,WARNING,12.7,2.7,13.9,5.4
5323,0.9982,0,WARNING,12.6,2.7,13.9,3.5
5324,0.9982,0,WARNING,12.5,2.7,13.5,3.1
5325,0.9982,0,WARNING,12.2,2.6,13.7,3.4
5326,0.9852,0,WARNING,12.0,2.6,14.2,5.5
5327,0.9982,0,WARNING,12.8,2.8,14.2,3.6
5328,0.9851,0,WARNING,12.5,2.7,14.3,5.6
5329,0.9982,0,WARNING,12.3,2.8,14.6,3.8
5330,0.9899,0,WARNING,12.0,2.7,14.3,5.0
5331,0.9851,0,WARNING,12.1,2.7,13.9,5.4
5332,0.9899,0,WARNING,12.0,2.8,13.9,4.8
5333,0.9899,0,WARNING,12.2,2.6,14.3,4.9
5334,0.9982,0,WARNING,12.1,2.8,14.1,3.4
5335,0.9899,0,WARNING,12.4,2.9,14.3,5.0
5336,0.9851,0,WARNING,12.6,2.6,13.8,5.3
5337,0.9982,0,WARNING,12.5,2.9,14.2,3.6
5338,0.9851,0,WARNING,12.2,2.8,14.1,5.5
5339,0.9899,0,WARNING,11.8,2.2,12.0,4.1
5340,0.9982,0,WARNING,10.8,0.7,8.6,1.7
5341,0.9901,0,WARNING,12.4,2.9,14.1,4.5
5342,0.9851,0,WARNING,13.7,5.3,23.1,8.7
5343,0.9983,0,WARNING,12.5,3.2,14.1,4.0
5344,0.9898,0,WARNING,12.4,3.1,14.7,5.2
5345,0.9983,0,WARNING,12.2,2.9,14.3,3.7
5346,0.9983,0,WARNING,12.4,3.0,14.5,4.3
5347,0.9899,0,WARNING,12.7,3.2,14.6,5.0
5348,0.9899,0,WARNING,12.8,3.2,14.7,5.0
5349,0.9983,0,WARNING,13.3,3.7,12.5,3.2
5350,0.9793,0,WARNING,14.6,3.9,18.3,6.7
5351,0.9787,0,WARNING,17.4,6.5,24.7,10.3
5352,0.9983,0,WARNING,15.5,7.2,20.9,6.8
5353,0.9996,0,WARNING,14.6,4.6,20.5,10.7
5354,0.9854,0,WARNING,13.4,2.8,13.6,5.3
5355,0.9896,0,WARNING,12.9,3.7,16.3,5.6
5356,0.9852,0,WARNING,12.9,3.3,15.1,5.7
5357,0.9983,0,WARNING,12.8,3.0,15.1,3.9
5358,0.9852,0,WARNING,12.7,3.2,14.8,5.6
5359,0.9983,0,WARNING,12.9,3.3,15.0,3.9
5360,0.9898,0,WARNING,12.6,3.2,15.2,5.3
5361,0.9983,0,WARNING,12.8,3.4,15.3,4.0
5362,0.9898,0,WARNING,12.7,3.6,15.0,5.2
5363,0.9983,0,WARNING,13.0,3.5,15.4,4.0
5364,0.9898,0,WARNING,13.1,3.2,15.1,5.2
5365,0.9898,0,WARNING,12.9,3.6,15.5,5.3
5366,0.9983,0,WARNING,12.9,3.6,15.2,4.0
5367,0.9898,0,WARNING,12.6,3.5,15.4,5.4
5368,0.9983,0,WARNING,12.6,3.4,15.2,4.5
5369,0.9983,0,WARNING,12.9,3.7,15.7,4.0
5370,0.9851,0,WARNING,12.7,3.4,15.5,5.9
5371,0.9983,0,WARNING,12.9,3.7,15.8,4.0
5372,0.9851,0,WARNING,12.7,3.9,15.5,5.9
5373,0.9983,0,WARNING,12.9,3.8,15.9,4.1
5374,0.9983,0,WARNING,12.9,3.8,15.5,4.5
5375,0.9983,0,WARNING,12.5,3.6,16.0,4.2
5376,0.9983,0,WARNING,12.7,3.9,16.1,4.8
5377,0.9851,0,WARNING,12.6,4.0,16.2,6.1
5378,0.9983,0,WARNING,12.4,3.8,16.1,4.7
5379,0.9983,0,WARNING,13.0,3.9,16.0,4.2
5380,0.9898,0,WARNING,13.3,3.8,16.2,5.5
5381,0.9897,0,WARNING,13.8,4.0,16.2,4.9
5382,0.9897,0,WARNING,14.3,4.1,16.0,5.6
5383,0.9897,0,WARNING,15.6,3.8,16.7,5.8
5384,0.9896,0,WARNING,16.2,4.0,16.3,5.7
5385,0.9983,0,WARNING,15.5,4.2,16.6,4.4
5386,0.9851,0,WARNING,15.1,4.1,17.3,6.4
5387,0.9896,0,WARNING,15.3,4.0,16.6,5.8
5388,0.9896,0,WARNING,15.6,4.3,17.3,5.9
5389,0.9983,0,WARNING,15.8,4.5,17.1,4.5
5390,0.9896,0,WARNING,16.0,3.9,16.5,5.8
5391,0.9896,0,WARNING,15.2,4.2,17.3,6.0
5392,0.9983,0,WARNING,15.9,4.4,16.6,4.5
5393,0.9896,0,WARNING,15.8,4.0,16.5,5.7
5394,0.9852,0,WARNING,16.1,4.0,16.8,6.3
5395,0.9896,0,WARNING,15.7,4.2,16.4,5.7
5396,0.9983,0,WARNING,15.4,4.3,17.1,4.4
5397,0.9896,0,WARNING,16.1,4.3,16.8,5.8
5398,0.9983,0,WARNING,16.2,4.3,16.8,5.0
5399,0.9896,0,WARNING,16.3,4.5,16.6,5.8
5400,0.9896,0,WARNING,16.4,4.6,17.3,5.9
5401,0.9896,0,WARNING,16.2,4.1,17.1,5.9
5402,0.9983,0,WARNING,15.8,4.3,16.8,4.4
5403,0.9983,0,WARNING,15.6,3.9,14.1,3.3
5404,0.9897,0,WARNING,16.2,5.0,19.8,6.7
5405,0.9983,0,WARNING,15.8,4.2,16.9,4.5
5406,0.9983,0,WARNING,16.1,4.5,16.9,5.0
5407,0.9983,0,WARNING,16.0,4.9,17.3,4.6
5408,0.9983,0,WARNING,17.2,4.8,17.4,4.6
5409,0.9794,0,WARNING,17.7,5.9,18.6,8.1
5410,1.0,0,WARNING,21.8,11.2,26.7,13.2
5411,0.9931,0,WARNING,20.9,8.7,24.7,9.4
5412,1.0,0,WARNING,20.2,6.4,22.4,9.4
5413,0.9984,0,WARNING,16.8,5.2,17.9,4.7
5414,0.9893,0,WARNING,16.4,5.2,17.8,6.2
5415,0.9894,0,WARNING,15.3,4.0,13.9,4.7
5416,0.985,0,WARNING,17.9,6.0,20.3,7.5
5417,0.9983,0,WARNING,16.8,4.8,18.6,5.5
5418,0.9848,0,WARNING,16.6,5.4,17.4,6.4
5419,0.9895,0,WARNING,17.9,5.6,18.3,6.2
5420,0.9895,0,WARNING,17.6,5.4,18.2,6.1
5421,0.9848,0,WARNING,18.3,5.5,17.6,6.3
5422,0.9895,0,WARNING,17.2,5.8,18.3,6.2
5423,0.9895,0,WARNING,18.3,6.0,18.2,6.3
5424,0.9895,0,WARNING,17.8,5.3,18.4,6.4
5425,0.9895,0,WARNING,18.0,5.8,18.6,5.7
5426,0.9894,0,WARNING,18.1,5.9,18.1,6.1
5427,0.9983,0,WARNING,17.4,5.5,18.2,4.8
5428,0.9983,0,WARNING,18.5,5.4,17.3,4.3
5429,0.9848,0,WARNING,17.3,6.2,19.1,6.9
5430,0.9983,0,WARNING,18.0,6.2,18.8,5.0
5431,0.9894,0,WARNING,18.9,5.7,18.3,6.4
5432,0.9984,0,WARNING,18.5,5.9,18.9,5.0
5433,0.9984,0,WARNING,19.2,6.1,18.8,5.6
5434,0.9984,0,WARNING,17.4,6.1,18.6,5.0
5435,0.9894,0,WARNING,18.1,6.1,19.1,6.5
5436,0.9983,0,WARNING,17.8,5.3,18.3,5.3
5437,0.9983,0,WARNING,18.0,6.1,18.5,4.8
5438,0.9895,0,WARNING,18.2,6.1,17.9,6.0
5439,0.9894,0,WARNING,18.6,6.3,19.0,6.5
5440,0.9984,0,WARNING,18.3,5.9,18.5,4.9
5441,0.9984,0,WARNING,18.5,6.0,18.4,4.7
5442,0.9983,0,WARNING,19.2,6.1,18.6,5.5
5443,0.9894,0,WARNING,18.2,6.2,18.9,6.4
5444,0.9894,0,WARNING,18.8,5.6,17.9,5.9
5445,0.9895,0,WARNING,17.5,6.1,18.9,6.4
5446,0.9895,0,WARNING,19.4,6.2,18.0,6.0
5447,0.9984,0,WARNING,18.5,6.1,18.1,5.2
5448,0.9984,0,WARNING,19.0,5.7,18.2,4.7
5449,0.9894,0,WARNING,17.9,6.1,19.0,6.5
5450,0.9894,0,WARNING,18.6,6.3,19.1,6.5
5451,0.9984,0,WARNING,18.9,6.4,18.0,4.6
5452,0.9894,0,WARNING,18.5,6.1,18.8,6.3
5453,0.9894,0,WARNING,18.9,6.2,19.3,6.5
5454,0.9984,0,WARNING,19.2,6.5,18.4,5.2
5455,0.9894,0,WARNING,18.1,6.5,19.3,6.6
5456,0.9847,0,WARNING,17.5,5.8,18.4,6.7
5457,0.9984,0,WARNING,19.7,6.1,18.2,5.3
5458,0.9851,0,WARNING,17.8,6.5,19.4,7.1
5459,0.9851,0,WARNING,16.7,6.1,18.9,6.9
5460,0.9984,0,WARNING,17.3,6.8,19.2,4.9
5461,0.9894,0,WARNING,17.6,6.6,20.4,6.8
5462,0.9894,0,WARNING,18.5,6.1,18.4,6.1
5463,0.9894,0,WARNING,18.6,6.0,18.6,6.3
5464,0.9894,0,WARNING,18.5,6.7,19.3,6.6
5465,0.9894,0,WARNING,17.1,6.6,19.9,6.9
5466,0.9984,0,WARNING,17.1,6.2,19.5,5.8
5467,0.9847,0,WARNING,17.7,5.9,18.8,6.9
5468,0.9984,0,WARNING,18.9,6.5,19.3,5.1
5469,0.9984,0,WARNING,20.4,8.1,20.8,6.7
5470,1.0,0,ANOMALY,22.3,6.9,23.1,13.0
5471,1.0,0,ANOMALY,22.5,17.6,32.8,16.1
5472,1.0,0,WARNING,21.3,7.8,23.0,9.6
5473,0.9848,0,WARNING,19.2,8.3,19.4,8.6
5474,0.9852,0,WARNING,19.6,6.2,19.3,7.1
5475,0.9848,0,WARNING,18.6,7.2,21.9,7.8
5476,0.9892,0,WARNING,17.9,6.3,19.4,6.5
5477,0.9984,0,WARNING,17.3,6.3,19.0,4.8
5478,0.9984,0,WARNING,17.9,6.1,19.1,5.1
5479,0.9984,0,WARNING,18.2,6.5,19.3,5.7
5480,0.9894,0,WARNING,17.5,6.5,19.2,6.5
5481,0.9894,0,WARNING,17.0,6.0,18.5,6.3
5482,0.9984,0,WARNING,17.2,6.4,18.7,5.0
5483,0.9984,0,WARNING,17.1,6.5,19.0,5.1
5484,0.9984,0,WARNING,17.0,6.2,19.1,5.1
5485,0.9983,0,WARNING,18.7,6.6,19.5,5.1
5486,0.9984,0,WARNING,19.0,6.2,18.6,4.7
5487,0.9983,0,WARNING,18.4,6.7,18.8,5.1
5488,0.9983,0,WARNING,17.9,6.1,19.6,5.4
5489,0.9847,0,WARNING,18.2,6.4,18.7,6.8
5490,0.9984,0,WARNING,18.8,6.3,19.6,5.2
5491,0.9894,0,WARNING,18.8,6.4,19.1,6.5
5492,0.9893,0,WARNING,18.6,5.7,18.4,6.1
5493,0.9894,0,WARNING,18.9,6.2,19.6,6.5
5494,0.9894,0,WARNING,19.4,6.2,19.7,6.6
5495,0.9893,0,WARNING,20.2,6.2,19.4,6.6
5496,0.9984,0,WARNING,19.3,6.4,19.4,5.7
5497,0.9893,0,WARNING,20.1,6.0,18.8,6.4
5498,0.9893,0,WARNING,18.9,6.2,19.2,6.5
5499,0.9984,0,WARNING,18.5,6.5,19.9,5.9
5500,0.9893,0,WARNING,18.4,6.0,19.4,6.6
5501,0.9984,0,WARNING,18.8,5.6,19.4,5.0
5502,0.9984,0,WARNING,19.6,6.0,18.9,5.0
5503,0.9984,0,WARNING,19.5,6.2,18.8,5.5
5504,0.9983,0,WARNING,19.1,6.2,19.7,5.3
5505,0.9893,0,WARNING,19.3,6.1,19.3,6.6
5506,0.9893,0,WARNING,18.6,6.2,19.1,6.3
5507,0.9984,0,WARNING,18.3,6.0,18.4,5.3
5508,0.9983,0,WARNING,20.5,5.8,19.1,5.6
5509,0.9984,0,WARNING,19.2,6.3,18.7,4.8
5510,0.9894,0,WARNING,19.0,6.3,18.2,6.0
5511,0.9848,0,WARNING,19.0,5.8,19.5,7.1
5512,0.9984,0,WARNING,18.8,6.0,18.3,4.8
5513,0.9894,0,WARNING,18.5,6.2,20.2,6.9
5514,0.9984,0,WARNING,18.8,6.0,18.9,5.4
5515,0.9894,0,WARNING,19.1,5.4,18.4,6.4
5516,0.9984,0,WARNING,19.8,6.4,20.1,5.9
5517,0.9984,0,WARNING,19.0,6.1,19.1,5.0
5518,0.9893,0,WARNING,19.3,6.0,19.5,6.5
5519,0.9893,0,WARNING,18.9,6.2,19.1,6.4
5520,0.9984,0,WARNING,19.4,6.0,19.0,5.5
5521,0.9852,0,WARNING,19.2,6.1,18.7,6.7
5522,0.9848,0,WARNING,18.7,5.9,20.5,7.5
5523,0.9893,0,WARNING,18.4,5.9,18.0,6.1
5524,0.9984,0,WARNING,18.3,5.5,18.9,5.1
5525,0.9983,0,WARNING,17.2,6.3,20.3,5.4
5526,0.9983,0,WARNING,17.5,5.6,19.5,5.2
5527,0.9983,0,WARNING,19.0,5.7,18.6,4.8
5528,0.9983,0,WARNING,18.8,5.4,18.5,5.4
5529,0.9983,0,WARNING,21.4,7.2,19.9,6.5
5530,1.0,0,ANOMALY,22.6,7.0,23.7,10.6
5531,1.0,0,WARNING,24.9,19.6,34.3,16.1
5532,1.0,0,WARNING,23.6,7.4,25.3,13.2
5533,0.9985,0,WARNING,19.9,5.3,17.3,4.2
5534,0.9984,0,WARNING,19.4,5.9,19.6,5.1
5535,0.9984,0,WARNING,19.3,6.8,22.7,6.2
5536,0.9849,0,WARNING,18.8,5.7,19.2,7.1
5537,0.9893,0,WARNING,19.8,5.6,18.7,6.3
5538,0.9984,0,WARNING,18.8,5.9,19.3,5.8
5539,0.9894,0,WARNING,18.2,5.8,19.1,5.8
5540,0.9984,0,WARNING,18.5,6.4,20.1,5.4
5541,0.9984,0,WARNING,17.8,5.6,19.0,5.5
5542,0.9983,0,WARNING,18.8,6.1,19.4,5.1
5543,0.9894,0,WARNING,18.2,5.9,19.0,6.3
5544,0.9983,0,WARNING,18.2,5.7,19.6,5.3
5545,0.9894,0,WARNING,18.0,5.7,18.9,6.4
5546,0.9894,0,WARNING,18.0,5.7,18.9,6.3
5547,0.9984,0,WARNING,17.5,5.7,18.1,5.3
5548,0.9894,0,WARNING,17.5,5.9,19.8,6.7
5549,0.9983,0,WARNING,18.3,5.9,19.0,5.1
5550,0.9983,0,WARNING,17.9,6.0,18.9,4.9
5551,0.9894,0,WARNING,17.0,6.0,19.6,6.6
5552,0.9894,0,WARNING,17.1,5.8,18.9,6.5
5553,0.9983,0,WARNING,18.1,5.9,19.4,5.1
5554,0.9894,0,WARNING,17.1,5.9,19.6,6.7
5555,0.9894,0,WARNING,18.5,6.3,19.3,6.6
5556,0.9848,0,WARNING,17.6,5.7,19.8,7.2
5557,0.9894,0,WARNING,17.5,5.7,19.0,6.3
5558,0.9894,0,WARNING,16.0,5.7,19.3,6.4
5559,0.9894,0,WARNING,17.8,6.1,19.6,6.6
5560,0.9894,0,WARNING,16.6,5.3,19.1,6.5
5561,0.9984,0,WARNING,17.3,5.6,19.1,5.0
5562,0.9894,0,WARNING,17.1,6.1,19.4,6.7
5563,0.9894,0,WARNING,17.4,5.7,18.9,6.4
5564,0.9984,0,WARNING,16.7,5.5,19.5,5.3
5565,0.9983,0,WARNING,16.9,5.7,19.0,5.5
5566,0.9894,0,WARNING,17.4,5.7,18.9,6.4
5567,0.9916,0,WARNING,18.2,4.4,14.6,6.7
5568,1.0,0,ANOMALY,18.2,19.6,19.7,8.6
5569,0.9891,0,WARNING,20.7,5.8,18.6,6.4
5570,0.9984,0,WARNING,19.3,5.6,19.2,5.7
5571,0.9984,0,WARNING,19.0,5.8,18.3,5.4
5572,0.9984,0,WARNING,19.5,5.8,18.3,5.4
5573,0.9847,0,WARNING,19.5,5.9,19.3,7.1
5574,0.9984,0,WARNING,19.2,6.1,18.6,4.9
5575,0.9848,0,WARNING,18.5,5.7,18.8,6.9
5576,0.9984,0,WARNING,19.1,5.1,17.7,5.1
5577,0.9848,0,WARNING,18.9,5.9,19.7,7.3
5578,0.9847,0,WARNING,19.8,5.9,19.3,7.1
5579,0.9984,0,WARNING,19.1,6.1,18.7,5.4
5580,0.9984,0,WARNING,18.8,5.6,18.7,5.6
5581,0.9846,0,WARNING,18.8,5.6,18.4,6.7
5582,0.9846,0,WARNING,19.8,5.7,18.3,6.7
5583,0.9848,0,WARNING,18.5,5.9,19.9,7.2
5584,0.9894,0,WARNING,19.7,5.7,18.5,6.2
5585,0.9847,0,WARNING,18.8,5.5,18.3,6.8
5586,0.9848,0,WARNING,18.2,6.0,19.1,7.1
5587,0.9984,0,WARNING,18.1,5.6,18.9,5.6
5588,0.9839,0,WARNING,17.6,4.4,15.3,5.6
5589,0.9785,0,WARNING,21.8,8.6,23.4,9.6
5590,1.0,0,ANOMALY,24.5,11.9,28.9,17.9
5591,0.9819,0,WARNING,24.4,11.0,28.3,11.4
5592,1.0,0,WARNING,25.4,7.6,26.9,12.7
5593,0.9887,0,WARNING,22.5,9.2,20.9,7.2
5594,0.9888,0,WARNING,18.8,4.9,17.8,6.0
5595,0.9891,0,WARNING,20.2,3.8,13.1,4.4
5596,0.9984,0,WARNING,22.0,6.6,22.0,6.7
5597,0.9893,0,WARNING,21.9,6.5,22.4,7.6
5598,0.9984,0,WARNING,20.6,5.9,19.4,5.7
5599,0.9892,0,WARNING,20.4,5.9,18.7,6.3
5600,0.9984,0,WARNING,20.6,6.0,18.9,4.8
5601,0.9893,0,WARNING,20.8,5.1,17.9,6.1
5602,0.9893,0,WARNING,20.4,5.6,19.9,6.8
5603,0.9984,0,WARNING,20.2,5.6,17.9,5.7
5604,0.9893,0,WARNING,20.5,5.8,20.0,6.8
5605,0.9984,0,WARNING,20.2,5.5,18.6,5.0
5606,0.9846,0,WARNING,19.8,5.1,18.9,7.0
5607,0.9894,0,WARNING,20.5,5.9,18.7,5.5
5608,0.9894,0,WARNING,18.9,5.7,18.5,6.3
5609,0.9846,0,WARNING,20.1,5.8,19.8,7.3
5610,0.9893,0,WARNING,19.7,5.2,18.8,6.3
5611,0.9984,0,WARNING,19.2,5.5,18.8,5.0
5612,0.9894,0,WARNING,20.1,5.9,18.9,6.4
5613,0.9984,0,WARNING,19.8,5.0,18.1,4.7
5614,0.9846,0,WARNING,19.8,6.0,20.6,7.6
5615,0.9846,0,WARNING,18.9,5.6,18.5,6.6
5616,0.9894,0,WARNING,20.5,5.6,20.1,6.8
5617,0.9984,0,WARNING,20.4,5.6,19.2,5.6
5618,0.9984,0,WARNING,21.4,5.5,19.5,5.2
5619,0.9984,0,WARNING,20.8,6.0,18.8,5.5
5620,0.9984,0,WARNING,20.5,5.7,19.4,5.7
5621,0.9984,0,WARNING,19.0,5.3,18.9,5.7
5622,0.9893,0,WARNING,21.5,5.2,18.8,6.4
5623,0.9846,0,WARNING,21.7,5.7,18.8,6.8
5624,0.9984,0,WARNING,19.6,5.4,19.5,5.2
5625,0.9893,0,WARNING,20.5,5.4,19.3,6.5
5626,0.9984,0,WARNING,19.7,5.8,19.4,5.3
5627,0.9984,0,WARNING,20.6,5.8,18.9,5.5
5628,0.9893,0,WARNING,19.9,6.0,19.3,6.6
5629,0.9893,0,WARNING,20.2,6.1,19.6,6.7
5630,0.9984,0,WARNING,20.9,5.9,18.9,5.0
5631,0.9846,0,WARNING,19.4,5.4,19.0,6.9
5632,0.9984,0,WARNING,19.6,5.9,19.4,5.1
5633,0.9984,0,WARNING,18.5,5.6,19.1,5.6
5634,0.9847,0,WARNING,19.4,5.9,18.9,6.8
5635,0.9894,0,WARNING,20.5,5.6,20.0,6.8
5636,0.9846,0,WARNING,21.5,5.6,19.9,7.3
5637,0.9984,0,WARNING,19.9,5.9,19.2,5.6
5638,0.9984,0,WARNING,20.1,5.7,17.8,4.6
5639,0.9893,0,WARNING,19.2,5.8,20.5,7.0
5640,0.9893,0,WARNING,19.6,5.3,19.0,6.4
5641,0.9984,0,WARNING,19.4,5.5,18.3,5.1
5642,0.9984,0,WARNING,19.3,5.9,19.6,5.3
5643,0.9984,0,WARNING,19.2,5.4,17.6,5.2
5644,0.9983,0,WARNING,19.9,6.0,20.2,5.5
5645,0.9984,0,WARNING,19.3,5.3,17.8,4.7
5646,0.9984,0,WARNING,18.8,6.0,20.0,5.9
5647,0.9847,0,WARNING,19.4,5.7,19.1,7.0
5648,0.9835,0,WARNING,21.4,5.9,19.2,6.7
5649,0.9984,0,WARNING,21.0,7.1,20.2,7.1
5650,1.0,0,WARNING,23.3,5.9,21.9,10.3
5651,1.0,0,ANOMALY,25.5,17.9,34.5,19.4
5652,1.0,0,WARNING,23.4,7.4,23.9,11.7
5653,0.9848,0,WARNING,21.2,6.9,23.4,9.7
5654,0.9888,0,WARNING,21.1,5.8,20.1,6.8
5655,0.9848,0,WARNING,20.0,6.0,19.3,7.0
5656,0.9848,0,WARNING,20.1,5.7,19.0,6.8
5657,0.9984,0,WARNING,20.7,5.8,19.6,5.1
5658,0.9847,0,WARNING,20.2,5.8,19.7,7.2
5659,0.9984,0,WARNING,19.8,5.9,19.4,5.7
5660,0.9893,0,WARNING,19.7,5.5,18.7,6.3
5661,0.9984,0,WARNING,18.5,5.5,19.6,5.8
5662,0.9848,0,WARNING,19.8,6.1,19.2,7.0
5663,0.9984,0,WARNING,19.2,5.8,19.2,5.1
5664,0.9984,0,WARNING,16.7,5.3,18.3,4.8
5665,0.9894,0,WARNING,17.3,3.8,15.1,5.0
5666,0.9983,0,WARNING,20.3,6.6,23.0,6.9
5667,0.9984,0,WARNING,20.7,6.8,21.3,5.7
5668,0.9848,0,WARNING,18.9,6.0,19.3,7.1
5669,0.9848,0,WARNING,19.3,5.9,20.1,7.4
5670,0.9984,0,WARNING,18.3,5.6,19.6,5.8
5671,0.9984,0,WARNING,19.3,6.0,19.3,5.1
5672,0.9984,0,WARNING,19.1,6.0,19.3,5.2
5673,0.9893,0,WARNING,19.6,5.6,19.2,6.3
5674,0.9984,0,WARNING,19.1,5.7,18.1,4.6
5675,0.9894,0,WARNING,19.4,5.9,19.9,6.1
5676,0.9984,0,WARNING,19.9,5.8,19.6,5.8
5677,0.9984,0,WARNING,17.6,5.4,19.1,5.5
5678,0.9847,0,WARNING,18.2,6.0,20.0,7.3
5679,0.9984,0,WARNING,18.3,5.9,19.5,5.3
5680,0.9984,0,WARNING,17.4,5.5,20.2,5.4
5681,0.9984,0,WARNING,17.2,5.7,19.9,5.3
5682,0.9894,0,WARNING,18.5,5.9,18.6,6.2
5683,0.9894,0,WARNING,17.1,5.7,19.8,6.7
5684,0.9894,0,WARNING,17.6,5.3,19.6,6.6
5685,0.9984,0,WARNING,18.6,6.0,19.7,5.3
5686,0.9848,0,WARNING,17.6,6.0,19.6,7.2
5687,0.9984,0,WARNING,17.2,5.9,19.6,5.7
5688,0.9848,0,WARNING,18.0,6.2,19.5,7.2
5689,0.9984,0,WARNING,18.6,6.1,19.8,5.3
5690,0.9984,0,WARNING,17.5,5.6,19.6,5.0
5691,0.9894,0,WARNING,18.6,5.9,20.1,6.8
5692,0.9984,0,WARNING,18.0,6.5,20.2,5.5
5693,0.9984,0,WARNING,17.6,6.2,19.9,5.4
5694,0.9984,0,WARNING,18.7,5.8,20.3,5.6
5695,0.9847,0,WARNING,18.5,5.8,20.2,7.4
5696,0.9984,0,WARNING,18.2,6.1,19.7,5.7
5697,0.9984,0,WARNING,18.8,6.2,20.4,5.5
5698,0.9848,0,WARNING,20.2,6.0,19.5,6.9
5699,0.9847,0,WARNING,20.6,6.0,20.3,7.4
5700,0.9847,0,WARNING,22.7,6.0,19.0,6.9
5701,0.9984,0,WARNING,23.7,6.0,20.4,5.6
5702,0.9892,0,WARNING,22.1,5.7,19.6,6.6
5703,0.9984,0,WARNING,21.7,6.5,21.0,6.2
5704,0.9984,0,WARNING,21.0,6.4,19.8,5.8
5705,0.9984,0,WARNING,22.7,5.6,20.3,6.0
5706,0.9984,0,WARNING,20.9,6.1,20.4,5.9
5707,0.9984,0,WARNING,18.2,6.2,20.3,5.5
5708,0.9836,0,WARNING,21.8,6.5,19.9,7.1
5709,0.979,0,WARNING,21.5,7.4,21.4,8.2
5710,1.0,0,ANOMALY,25.1,7.5,24.5,12.3
5711,1.0,0,WARNING,25.1,18.1,36.4,18.5
5712,1.0,0,WARNING,26.6,7.7,24.4,11.7
5713,0.9985,0,WARNING,25.1,8.7,28.0,10.3
5714,0.9985,0,WARNING,22.7,6.8,20.7,5.3
5715,0.9849,0,WARNING,23.5,6.4,21.0,7.4
5716,0.9985,0,WARNING,23.5,6.2,21.7,6.5
5717,0.9984,0,WARNING,23.1,6.7,21.1,6.1
5718,0.989,0,WARNING,23.2,7.5,21.3,7.2
5719,0.9984,0,WARNING,21.1,6.7,20.7,5.6
5720,0.9848,0,WARNING,22.4,6.7,21.3,7.6
5721,0.9847,0,WARNING,23.1,6.1,21.2,7.7
5722,0.9984,0,WARNING,22.4,6.6,21.5,5.8
5723,0.9847,0,WARNING,22.6,6.9,21.5,7.6
5724,0.9984,0,WARNING,23.5,7.3,21.8,6.4
5725,0.9848,0,WARNING,21.0,6.9,21.8,7.2
5726,0.9848,0,WARNING,21.6,6.1,21.0,7.6
5727,0.9851,0,WARNING,22.1,6.9,21.0,7.6
5728,0.9847,0,WARNING,21.5,7.1,22.4,8.0
5729,0.9984,0,WARNING,22.0,6.7,21.0,6.2
5730,0.9984,0,WARNING,23.1,6.7,21.7,6.4
5731,0.9848,0,WARNING,21.6,7.3,22.3,8.0
5732,0.9984,0,WARNING,20.9,6.9,21.0,6.0
5733,0.9846,0,WARNING,20.8,6.6,22.1,7.9
5734,0.9984,0,WARNING,22.4,6.8,22.1,6.1
5735,0.9845,0,WARNING,19.4,6.8,22.5,8.0
5736,0.9984,0,WARNING,22.5,7.5,22.2,6.6
5737,0.9984,0,WARNING,20.3,6.4,21.1,5.8
5738,0.9984,0,WARNING,17.6,3.9,14.5,3.6
5739,0.9894,0,WARNING,19.9,7.0,21.4,7.0
5740,0.9984,0,WARNING,18.9,7.6,23.5,6.4
5741,0.985,0,WARNING,23.0,6.8,23.3,8.3
5742,0.9984,0,WARNING,22.2,7.6,23.9,6.8
5743,0.9984,0,WARNING,22.6,7.6,22.0,5.9
5744,0.9849,0,WARNING,22.5,7.4,23.6,8.4
5745,0.989,0,WARNING,20.6,6.9,22.4,7.5
5746,0.989,0,WARNING,23.3,7.1,21.4,7.3
5747,0.9984,0,WARNING,21.0,6.8,22.2,6.5
5748,0.9984,0,WARNING,22.5,7.3,21.3,6.0
5749,0.9984,0,WARNING,21.5,7.3,22.5,6.6
5750,0.9847,0,WARNING,21.7,7.2,21.6,7.6
5751,0.9847,0,WARNING,21.9,6.7,22.2,8.0
5752,0.9891,0,WARNING,19.9,6.6,21.5,7.3
5753,0.9984,0,WARNING,18.1,6.6,21.5,5.8
5754,0.9984,0,WARNING,18.2,6.7,21.0,6.2
5755,0.9892,0,WARNING,20.6,6.8,21.9,6.6
5756,0.9848,0,WARNING,16.5,6.0,21.6,7.7
5757,0.9984,0,WARNING,19.5,5.7,19.3,5.1
5758,0.9848,0,WARNING,19.0,6.7,24.0,8.7
5759,0.9984,0,WARNING,20.4,7.0,20.3,5.9
5760,0.9984,0,WARNING,22.2,7.1,22.4,6.2
5761,0.9984,0,WARNING,20.1,7.4,21.4,6.2
5762,0.9984,0,WARNING,21.8,7.1,22.5,6.7
5763,0.9891,0,WARNING,22.8,6.9,20.5,6.7
5764,0.9849,0,WARNING,23.8,6.6,21.7,7.7
5765,0.9848,0,WARNING,21.9,6.6,21.3,7.4
5766,0.9843,0,WARNING,23.5,7.5,22.6,8.1
5767,0.9843,0,WARNING,22.7,7.2,21.1,7.6
5768,0.9837,0,WARNING,23.6,6.5,20.9,7.5
5769,0.9984,0,WARNING,24.8,8.6,22.1,7.2
5770,1.0,0,ANOMALY,28.5,19.4,32.9,19.9
5771,0.9986,0,WARNING,27.8,8.2,29.6,11.6
5772,1.0,0,WARNING,25.0,8.8,28.1,14.7
5773,0.9884,0,WARNING,23.1,6.4,20.4,6.8
5774,0.9887,0,WARNING,19.4,3.8,13.9,4.6
5775,0.9984,0,WARNING,20.9,6.3,19.0,5.4
5776,0.9843,0,WARNING,22.4,7.1,23.5,8.4
5777,0.9984,0,WARNING,21.5,7.1,23.5,6.6
5778,0.9841,0,WARNING,22.1,6.6,19.9,7.1
5779,0.9892,0,WARNING,22.1,7.6,24.4,8.3
5780,0.9845,0,WARNING,20.2,6.8,22.9,8.1
5781,0.9984,0,WARNING,19.6,6.3,21.8,5.6
5782,0.9984,0,WARNING,20.4,6.7,21.4,5.8
5783,0.9984,0,WARNING,19.2,6.4,19.9,5.7
5784,0.9984,0,WARNING,20.7,5.8,21.0,5.7
5785,0.9841,0,WARNING,19.2,6.0,20.1,7.2
5786,0.9984,0,WARNING,19.4,6.6,21.3,6.3
5787,0.9984,0,WARNING,18.0,6.1,20.5,5.6
5788,0.9984,0,WARNING,18.8,6.1,20.2,5.9
5789,0.9984,0,WARNING,18.6,6.0,19.7,5.0
5790,0.9984,0,WARNING,19.6,6.5,20.6,6.0
5791,0.9984,0,WARNING,20.7,6.7,19.9,5.7
5792,0.9893,0,WARNING,19.9,6.2,19.6,6.5
5793,0.984,0,WARNING,19.8,6.5,20.8,7.5
5794,0.9984,0,WARNING,18.5,6.4,20.6,5.6
5795,0.9984,0,WARNING,18.5,6.4,20.1,6.0
5796,0.9984,0,WARNING,19.9,5.6,20.0,5.4
5797,0.984,0,WARNING,18.9,6.4,20.5,7.2
5798,0.9984,0,WARNING,18.9,6.2,20.7,5.5
5799,0.9893,0,WARNING,18.7,5.9,19.6,6.6
5800,0.9984,0,WARNING,20.5,5.7,20.2,5.5
5801,0.9893,0,WARNING,21.2,6.3,20.5,7.0
5802,0.9892,0,WARNING,20.8,6.2,20.1,6.6
5803,0.9984,0,WARNING,21.7,5.8,19.7,5.3
5804,0.9892,0,WARNING,21.9,6.2,20.0,6.8
5805,0.9839,0,WARNING,21.4,6.3,19.9,7.1
5806,0.9892,0,WARNING,22.5,6.0,19.5,6.3
5807,0.9838,0,WARNING,22.1,6.3,19.6,6.9
5808,0.9984,0,WARNING,21.6,6.2,20.3,5.6
5809,0.9892,0,WARNING,22.4,6.2,20.4,6.9
5810,0.984,0,WARNING,21.7,6.2,19.1,6.9
5811,0.9984,0,WARNING,21.2,6.0,20.0,5.4
5812,0.9984,0,WARNING,21.2,6.1,19.9,5.3
5813,0.9984,0,WARNING,21.2,6.1,18.8,4.8
5814,0.9984,0,WARNING,22.8,5.8,20.3,5.4
5815,0.9892,0,WARNING,21.9,5.8,19.8,6.6
5816,0.9984,0,WARNING,20.3,5.6,19.6,5.8
5817,0.9839,0,WARNING,19.9,5.9,19.1,6.9
5818,0.9838,0,WARNING,21.2,5.9,19.4,7.1
5819,0.9984,0,WARNING,20.4,5.8,19.1,5.7
5820,0.9893,0,WARNING,21.8,6.0,19.7,6.7
5821,0.9984,0,WARNING,21.3,6.1,19.0,5.5
5822,0.9984,0,WARNING,20.4,5.4,19.4,5.1
5823,0.9984,0,WARNING,20.5,5.7,18.8,4.8
5824,0.9984,0,WARNING,22.1,6.1,19.9,5.4
5825,0.9893,0,WARNING,20.8,5.9,19.3,6.6
5826,0.9984,0,WARNING,20.3,5.8,18.8,5.4
5827,0.9837,0,WARNING,21.4,6.3,19.8,7.2
5828,0.9984,0,WARNING,22.6,6.1,19.2,5.5
5829,0.9984,0,WARNING,23.1,7.0,20.4,7.2
5830,1.0,0,ANOMALY,24.8,6.2,22.6,11.8
5831,1.0,0,ANOMALY,27.9,18.0,38.4,16.9
5832,1.0,0,ANOMALY,26.5,9.4,26.6,15.3
5833,0.9985,0,WARNING,22.4,6.1,21.5,6.4
5834,0.9887,0,WARNING,18.6,3.6,13.7,4.6
5835,0.9834,0,WARNING,21.6,6.1,20.2,7.3
5836,0.9984,0,WARNING,21.1,6.5,23.8,7.1
5837,0.9892,0,WARNING,22.0,6.0,19.0,6.4
5838,0.9984,0,WARNING,20.5,5.8,18.8,4.9
5839,0.9984,0,WARNING,19.9,6.1,20.2,5.3
5840,0.9836,0,WARNING,19.5,5.2,19.1,7.0
5841,0.9893,0,WARNING,19.3,4.7,17.2,5.7
5842,0.9984,0,WARNING,19.7,6.5,21.2,5.7
5843,0.9836,0,WARNING,20.3,5.9,18.8,6.8
5844,0.9894,0,WARNING,19.5,5.2,19.1,6.4
5845,0.9837,0,WARNING,18.7,5.4,19.2,6.2
5846,0.9894,0,WARNING,20.3,5.6,19.0,6.3
5847,0.9984,0,WARNING,19.0,5.8,19.4,5.6
5848,0.9984,0,WARNING,19.4,5.4,18.5,4.8
5849,0.9894,0,WARNING,18.9,5.4,20.0,6.8
5850,0.9984,0,WARNING,19.0,5.8,18.9,5.5
5851,0.9894,0,WARNING,18.7,5.6,19.4,6.6
5852,0.9984,0,WARNING,17.5,5.3,18.5,4.8
5853,0.9983,0,WARNING,18.7,5.7,19.6,5.9
5854,0.9983,0,WARNING,18.4,5.8,19.4,5.1
5855,0.9894,0,WARNING,19.6,5.3,19.4,6.4
5856,0.9894,0,WARNING,18.2,5.3,19.5,6.6
5857,0.9835,0,WARNING,17.9,5.9,18.9,6.8
5858,0.9984,0,WARNING,16.8,5.9,19.6,5.8
5859,0.9894,0,WARNING,17.2,5.4,19.1,6.4
5860,0.9984,0,WARNING,17.9,5.5,18.7,4.9
5861,0.9894,0,WARNING,17.7,5.9,19.3,6.4
5862,0.9984,0,WARNING,17.6,5.4,18.8,5.3
5863,0.9835,0,WARNING,17.7,5.7,19.1,6.7
5864,0.9835,0,WARNING,18.1,5.7,19.5,6.4
5865,0.9984,0,WARNING,18.8,5.6,19.2,5.2
5866,0.9984,0,WARNING,18.3,5.2,19.4,5.7
5867,0.9836,0,WARNING,17.7,5.6,19.3,7.0
5868,0.9984,0,WARNING,18.1,5.8,19.7,5.8
5869,0.9894,0,WARNING,17.1,5.8,19.3,6.5
5870,0.9894,0,WARNING,17.7,5.1,18.6,6.1
5871,0.9984,0,WARNING,17.4,5.2,20.0,5.3
5872,0.9984,0,WARNING,18.3,5.9,19.0,4.8
5873,0.9894,0,WARNING,17.7,5.5,19.1,6.5
5874,0.9835,0,WARNING,17.5,5.4,19.5,7.1
5875,0.9894,0,WARNING,18.3,5.5,18.8,6.2
5876,0.9835,0,WARNING,17.7,5.5,18.5,6.7
5877,0.9984,0,WARNING,19.3,5.6,20.4,6.0
5878,0.9835,0,WARNING,18.4,5.5,18.8,6.7
5879,0.9836,0,WARNING,18.3,5.4,19.6,6.3
5880,0.9894,0,WARNING,18.6,5.6,19.2,6.3
5881,0.9984,0,WARNING,18.0,5.9,19.2,5.5
5882,0.9835,0,WARNING,17.3,5.6,19.6,7.1
5883,0.9984,0,WARNING,18.2,5.6,19.0,4.9
5884,0.9984,0,WARNING,18.7,5.9,19.7,5.1
5885,0.9984,0,WARNING,18.4,5.5,19.0,5.5
5886,0.9984,0,WARNING,17.9,5.2,19.0,5.5
5887,0.9983,0,WARNING,17.4,5.6,18.8,4.8
5888,0.9895,0,WARNING,20.3,5.9,19.8,6.5
5889,0.9894,0,WARNING,21.2,6.7,20.5,8.2
5890,1.0,0,ANOMALY,21.7,7.5,21.9,12.4
5891,1.0,0,WARNING,24.7,15.5,34.5,15.5
5892,1.0,0,WARNING,22.4,7.0,21.5,8.7
5893,0.9996,0,WARNING,20.9,6.9,27.8,12.8
5894,0.9888,0,WARNING,18.9,5.6,19.0,6.4
5895,0.9984,0,WARNING,18.4,5.3,17.7,4.5
5896,0.9892,0,WARNING,15.5,3.0,12.6,4.1
5897,0.9983,0,WARNING,20.0,7.1,24.1,7.1
5898,0.9984,0,WARNING,17.8,6.7,22.4,6.6
5899,0.9837,0,WARNING,17.0,5.3,17.9,6.5
5900,0.9894,0,WARNING,18.0,5.4,20.8,7.0
5901,0.9984,0,WARNING,18.1,5.7,19.2,5.0
5902,0.9984,0,WARNING,17.6,5.7,19.4,5.7
5903,0.9834,0,WARNING,18.8,5.9,19.8,7.1
5904,0.9893,0,WARNING,18.8,5.5,19.1,6.2
5905,0.9984,0,WARNING,18.9,5.6,19.4,5.6
5906,0.9984,0,WARNING,19.6,5.4,18.6,5.3
5907,0.9984,0,WARNING,19.5,5.7,20.4,6.0
5908,0.9834,0,WARNING,19.6,5.5,19.6,7.1
5909,0.9834,0,WARNING,20.4,5.3,18.5,6.7
5910,0.9984,0,WARNING,19.9,5.7,19.5,5.3
5911,0.9835,0,WARNING,21.0,5.6,19.7,7.1
5912,0.9984,0,WARNING,19.8,5.2,19.0,4.9
5913,0.9984,0,WARNING,19.3,5.6,19.6,5.0
5914,0.9835,0,WARNING,19.6,5.6,19.4,7.0
5915,0.9893,0,WARNING,20.8,5.4,18.8,6.3
5916,0.9984,0,WARNING,20.9,5.7,20.5,5.6
5917,0.9984,0,WARNING,20.0,5.6,19.1,5.5
5918,0.9835,0,WARNING,19.9,5.4,18.8,6.8
5919,0.9893,0,WARNING,19.8,5.7,19.1,6.3
5920,0.9984,0,WARNING,20.5,5.5,19.4,5.1
5921,0.9893,0,WARNING,21.2,5.6,19.4,6.3
5922,0.9893,0,WARNING,20.8,5.4,18.8,6.3
5923,0.9893,0,WARNING,20.4,5.6,19.5,6.6
5924,0.9984,0,WARNING,19.7,5.4,18.8,4.9
5925,0.9893,0,WARNING,20.1,5.7,18.4,6.1
5926,0.9836,0,WARNING,19.6,5.3,19.9,7.3
5927,0.9984,0,WARNING,20.0,5.6,19.3,5.6
5928,0.9984,0,WARNING,20.7,5.5,18.7,4.7
5929,0.9833,0,WARNING,19.4,5.5,19.1,6.9
5930,0.9984,0,WARNING,19.9,5.1,19.4,5.1
5931,0.9834,0,WARNING,19.4,5.4,19.4,7.1
5932,0.9984,0,WARNING,19.3,6.0,19.2,5.5
5933,0.9983,0,WARNING,19.7,5.9,19.7,5.3
5934,0.9893,0,WARNING,19.6,5.4,19.0,6.4
5935,0.9893,0,WARNING,20.2,5.3,19.3,6.5
5936,0.9984,0,WARNING,20.0,5.6,20.1,5.8
5937,0.9984,0,WARNING,19.7,5.6,19.3,5.5
5938,0.9983,0,WARNING,19.8,5.7,19.2,5.0
5939,0.9893,0,WARNING,19.4,5.4,19.9,6.8
5940,0.9984,0,WARNING,19.2,5.7,19.7,5.2
5941,0.9983,0,WARNING,21.2,5.9,19.3,5.2
5942,0.9984,0,WARNING,19.7,5.8,20.1,5.5
5943,0.9834,0,WARNING,20.6,5.7,19.5,7.1
5944,0.9893,0,WARNING,20.1,5.8,19.2,6.3
5945,0.9984,0,WARNING,19.3,5.7,19.7,5.1
5946,0.9984,0,WARNING,19.2,5.3,19.3,5.0
5947,0.9983,0,WARNING,19.0,5.9,19.5,5.3
5948,0.9983,0,WARNING,19.8,6.0,19.7,5.2
5949,0.977,0,WARNING,21.9,6.5,19.4,8.2
5950,1.0,0,ANOMALY,24.6,6.4,24.4,13.1
5951,1.0,0,ANOMALY,24.9,17.4,38.0,19.0
5952,1.0,0,ANOMALY,23.7,7.0,22.2,10.8
5953,0.9996,0,WARNING,22.0,9.1,27.9,11.5
5954,0.9985,0,WARNING,19.6,5.3,19.7,5.2
5955,0.9889,0,WARNING,19.6,5.8,19.5,5.9
5956,0.9984,0,WARNING,19.1,5.8,20.2,6.0
5957,0.9833,0,WARNING,19.1,5.3,19.6,7.7
5958,0.9984,0,WARNING,19.8,5.9,19.9,5.3
5959,0.9984,0,WARNING,19.0,6.0,20.3,5.9
5960,0.9893,0,WARNING,19.9,5.2,18.2,6.1
5961,0.9984,0,WARNING,18.6,4.7,16.4,3.9
5962,0.9983,0,WARNING,19.7,6.8,25.1,7.0
5963,0.9984,0,WARNING,19.0,5.7,19.9,5.3
5964,0.9893,0,WARNING,18.8,5.3,19.5,6.5
5965,0.9984,0,WARNING,17.0,4.3,15.9,4.1
5966,0.9828,0,WARNING,19.2,6.5,23.4,8.3
5967,0.9984,0,WARNING,19.1,5.5,18.6,5.3
5968,0.9894,0,WARNING,18.2,5.6,19.9,6.7
5969,0.9894,0,WARNING,18.0,5.5,19.8,6.4
5970,0.9894,0,WARNING,18.3,6.1,20.8,6.8
5971,0.9984,0,WARNING,18.5,5.9,19.8,5.9
5972,0.9984,0,WARNING,18.4,5.5,19.5,5.2
5973,0.9984,0,WARNING,18.1,5.0,18.4,4.8
5974,0.9894,0,WARNING,18.3,6.4,21.3,7.1
5975,0.9894,0,WARNING,18.2,5.9,20.3,6.9
5976,0.9893,0,WARNING,18.5,5.6,19.9,6.6
5977,0.9893,0,WARNING,19.3,6.0,20.4,6.8
5978,0.9893,0,WARNING,18.7,6.0,20.3,6.6
5979,0.9984,0,WARNING,19.7,5.6,19.5,5.1
5980,0.9829,0,WARNING,18.1,5.8,20.3,7.4
5981,0.9984,0,WARNING,19.0,6.2,21.0,5.7
5982,0.9893,0,WARNING,20.4,6.3,20.2,6.9
5983,0.9984,0,WARNING,20.0,6.3,20.0,5.7
5984,0.9893,0,WARNING,19.5,6.9,20.9,6.9
5985,0.9984,0,WARNING,19.4,6.3,20.8,6.0
5986,0.9829,0,WARNING,20.3,6.0,19.4,6.9
5987,0.9893,0,WARNING,19.5,6.5,21.1,7.1
5988,0.9893,0,WARNING,20.0,6.7,20.0,6.6
5989,0.9984,0,WARNING,19.7,7.0,20.9,5.7
5990,0.9892,0,WARNING,21.8,6.6,21.0,7.1
5991,0.9984,0,WARNING,20.8,6.7,20.8,6.0
5992,0.9984,0,WARNING,21.3,7.1,20.6,5.9
5993,0.9833,0,WARNING,21.8,7.0,20.9,7.4
5994,0.9892,0,WARNING,22.0,6.9,20.9,6.8
5995,0.9831,0,WARNING,20.7,6.8,21.1,7.5
5996,0.9984,0,WARNING,21.8,6.9,21.2,6.2
5997,0.9892,0,WARNING,21.5,7.0,21.1,7.1
5998,0.9984,0,WARNING,21.4,6.9,21.6,6.2
5999,0.9984,0,WARNING,21.3,6.7,20.7,5.4
6000,0.9984,0,WARNING,22.2,7.4,21.9,5.9
6001,0.9984,0,WARNING,21.0,7.1,20.9,6.0
6002,0.9892,0,WARNING,22.3,7.0,21.8,7.1
6003,0.9984,0,WARNING,22.7,7.7,21.7,5.9
6004,0.9984,0,WARNING,23.0,7.5,21.7,5.9
6005,0.9984,0,WARNING,21.8,6.8,20.9,6.0
6006,0.9984,0,WARNING,23.1,6.8,21.7,6.3
6007,0.9984,0,WARNING,24.3,7.0,21.1,6.1
6008,0.9992,0,WARNING,27.8,13.4,22.9,8.8
6009,1.0,0,ANOMALY,29.1,6.9,24.8,10.9
6010,1.0,0,ANOMALY,29.7,18.1,34.9,15.4
6011,1.0,0,WARNING,29.5,8.4,24.8,10.4
6012,1.0,0,ANOMALY,26.9,9.5,32.1,18.5
6013,0.9835,0,WARNING,21.1,4.5,15.6,5.7
6014,0.9888,0,WARNING,24.6,6.8,19.0,6.2
6015,0.9831,0,WARNING,25.0,7.7,23.9,8.5
6016,0.989,0,WARNING,25.1,9.4,23.5,7.8
6017,0.9985,0,WARNING,23.2,8.1,22.5,6.4
6018,0.9985,0,WARNING,24.5,8.3,23.9,6.9
6019,0.9829,0,WARNING,23.0,7.1,22.3,7.7
6020,0.9832,0,WARNING,22.3,7.3,21.0,7.5
6021,0.9984,0,WARNING,22.4,7.4,21.8,6.4
6022,0.9984,0,WARNING,22.2,6.8,19.3,4.9
6023,0.9984,0,WARNING,22.8,7.2,24.1,7.2
6024,0.9829,0,WARNING,23.3,6.5,21.4,7.6
6025,0.9984,0,WARNING,23.7,7.2,21.0,6.1
6026,0.983,0,WARNING,24.1,7.3,21.4,7.4
6027,0.983,0,WARNING,22.2,6.5,21.6,7.8
6028,0.9831,0,WARNING,24.7,6.6,21.3,7.7
6029,0.9984,0,WARNING,25.4,6.9,21.3,5.7
6030,0.9984,0,WARNING,24.6,7.3,22.1,6.5
6031,0.9829,0,WARNING,25.1,6.8,21.6,7.6
6032,0.9833,0,WARNING,24.4,6.9,21.6,7.6
6033,0.9984,0,WARNING,24.2,7.6,23.2,6.8
6034,0.9829,0,WARNING,23.9,7.1,21.9,6.9
6035,0.9984,0,WARNING,25.0,6.6,21.3,6.1
6036,0.9984,0,WARNING,24.6,7.3,22.4,6.5
6037,0.989,0,WARNING,24.7,7.3,21.5,7.1
6038,0.9833,0,WARNING,23.7,7.1,22.0,8.3
6039,0.983,0,WARNING,22.6,7.0,22.3,8.4
6040,0.989,0,WARNING,23.1,7.5,22.3,7.3
6041,0.9833,0,WARNING,23.2,6.9,20.6,7.4
6042,0.9891,0,WARNING,23.5,6.8,21.8,7.2
6043,0.9984,0,WARNING,23.1,7.7,22.1,6.2
6044,0.9829,0,WARNING,22.4,7.5,21.7,6.9
6045,0.9984,0,WARNING,23.8,6.6,21.6,6.9
6046,0.9984,0,WARNING,23.0,6.9,21.8,6.3
6047,0.9984,0,WARNING,23.9,7.0,21.2,6.3
6048,0.9984,0,WARNING,23.2,7.6,22.0,6.4
6049,0.9828,0,WARNING,22.7,7.5,22.4,8.0
6050,0.9984,0,WARNING,22.5,6.7,21.8,6.3
6051,0.9891,0,WARNING,22.2,6.8,21.5,6.9
6052,0.9832,0,WARNING,23.8,7.5,21.9,7.7
6053,0.9984,0,WARNING,21.4,7.1,22.4,6.5
6054,0.9829,0,WARNING,22.7,6.6,21.1,7.7
6055,0.9827,0,WARNING,24.3,7.1,22.4,8.0
6056,0.9828,0,WARNING,23.7,6.6,21.6,7.7
6057,0.9827,0,WARNING,22.3,7.2,22.0,7.8
6058,0.983,0,WARNING,24.3,7.6,21.9,7.7
6059,0.9984,0,WARNING,22.6,6.9,22.0,6.7
6060,0.9984,0,WARNING,22.9,7.1,21.6,6.2
6061,0.9827,0,WARNING,22.3,7.6,22.8,8.0
6062,0.9984,0,WARNING,23.4,6.4,21.4,5.8
6063,0.9984,0,WARNING,23.1,7.2,21.7,5.9
6064,0.983,0,WARNING,23.5,7.5,21.6,7.8
6065,0.9831,0,WARNING,22.8,6.8,21.9,7.7
6066,0.9984,0,WARNING,21.0,6.9,22.1,5.9
6067,0.9821,0,WARNING,23.7,7.9,22.2,8.2
6068,0.9984,0,WARNING,24.9,9.6,22.7,7.7
6069,1.0,0,ANOMALY,29.2,18.5,35.3,20.6
6070,0.9985,0,WARNING,28.2,9.5,30.0,10.6
6071,1.0,0,ANOMALY,27.5,8.5,26.1,14.3
6072,0.9827,0,WARNING,25.5,10.0,25.4,10.8
6073,0.9985,0,WARNING,19.5,4.0,14.0,3.9
6074,0.9829,0,WARNING,22.2,7.1,22.0,7.7
6075,0.9828,0,WARNING,22.9,8.0,24.6,9.2
6076,0.9984,0,WARNING,23.6,8.1,23.3,7.2
6077,0.989,0,WARNING,24.5,8.4,23.6,7.7
6078,0.9985,0,WARNING,24.2,7.6,24.0,7.1
6079,0.9985,0,WARNING,23.3,7.7,23.9,7.1
6080,0.9985,0,WARNING,24.6,7.9,23.7,7.0
6081,0.983,0,WARNING,23.8,7.5,22.5,7.9
6082,0.983,0,WARNING,23.8,7.7,22.7,8.5
6083,0.983,0,WARNING,23.4,7.8,22.9,8.1
6084,0.9889,0,WARNING,23.3,7.5,23.0,7.5
6085,0.9984,0,WARNING,23.7,6.6,22.0,6.3
6086,0.989,0,WARNING,22.9,7.2,22.3,7.4
6087,0.989,0,WARNING,22.6,7.5,22.5,7.4
6088,0.9984,0,WARNING,23.3,7.8,23.2,6.8
6089,0.9984,0,WARNING,23.7,6.5,22.5,6.2
6090,0.9984,0,WARNING,19.6,5.0,18.9,5.0
6091,0.9832,0,WARNING,23.3,8.1,22.9,8.1
6092,0.9984,0,WARNING,23.5,8.2,24.8,6.7
6093,0.9984,0,WARNING,20.0,5.7,17.7,4.9
6094,0.983,0,WARNING,23.1,6.9,24.4,8.6
6095,0.983,0,WARNING,19.5,5.5,19.0,7.4
6096,0.9828,0,WARNING,22.0,7.7,21.2,6.7
6097,0.9984,0,WARNING,19.6,6.7,19.9,5.7
6098,0.9892,0,WARNING,20.7,7.1,22.6,7.5
6099,0.9827,0,WARNING,22.7,8.0,22.9,8.0
6100,0.983,0,WARNING,22.9,7.8,23.1,8.1
6101,0.9984,0,WARNING,22.9,8.3,23.5,6.8
6102,0.9984,0,WARNING,24.1,8.0,22.9,6.5
6103,0.9826,0,WARNING,25.6,8.1,23.1,8.1
6104,0.9825,0,WARNING,24.5,8.3,23.8,8.4
6105,0.9824,0,WARNING,23.9,7.7,23.5,8.8
6106,0.9889,0,WARNING,24.2,7.8,22.0,7.2
6107,0.9832,0,WARNING,24.3,7.3,22.4,8.1
6108,0.9985,0,WARNING,25.0,8.2,22.9,6.7
6109,0.9985,0,WARNING,24.4,8.0,23.6,6.8
6110,0.9825,0,WARNING,25.0,7.7,23.4,8.0
6111,0.9889,0,WARNING,26.1,7.7,23.5,7.8
6112,0.9985,0,WARNING,26.9,8.6,23.3,7.3
6113,0.9826,0,WARNING,25.5,8.8,26.0,9.0
6114,0.9832,0,WARNING,22.8,7.9,23.9,8.5
6115,0.9825,0,WARNING,24.3,8.3,23.5,8.2
6116,0.9985,0,WARNING,24.7,8.0,23.7,7.0
6117,0.9825,0,WARNING,24.3,7.8,22.6,8.4
6118,0.9984,0,WARNING,24.5,8.6,24.9,6.7
6119,0.9826,0,WARNING,23.8,8.0,23.8,8.2
6120,0.9889,0,WARNING,24.8,7.8,22.0,7.3
6121,0.9889,0,WARNING,27.3,8.6,24.1,7.9
6122,0.9831,0,WARNING,25.9,8.1,24.4,9.1
6123,0.9827,0,WARNING,24.7,7.4,22.9,8.1
6124,0.9829,0,WARNING,26.3,8.5,23.2,8.1
6125,0.9985,0,WARNING,23.9,7.8,23.7,7.1
6126,0.9828,0,WARNING,24.2,6.9,22.3,7.8
6127,0.9838,0,WARNING,24.2,7.3,23.7,7.6
6128,0.9991,0,WARNING,25.5,14.0,23.4,9.4
6129,1.0,0,ANOMALY,27.5,15.3,36.4,20.1
6130,0.9985,0,WARNING,25.1,15.2,32.4,11.1
6131,1.0,0,ANOMALY,25.4,14.2,34.3,19.9
6132,0.988,0,WARNING,21.5,6.8,20.0,6.6
6133,0.9985,0,WARNING,17.8,3.7,11.9,2.6
6134,0.9891,0,WARNING,21.1,8.6,24.4,7.2
6135,0.9984,0,WARNING,21.5,8.3,24.3,7.6
6136,0.9841,0,WARNING,22.4,8.9,24.6,8.6
6137,0.9984,0,WARNING,22.0,8.9,24.7,7.8
6138,0.9984,0,WARNING,22.0,9.5,24.8,7.3
6139,0.9984,0,WARNING,22.0,9.7,24.3,7.2
6140,0.9838,0,WARNING,22.7,9.1,24.3,8.6
6141,0.9984,0,WARNING,23.0,9.0,23.8,6.9
6142,0.984,0,WARNING,21.2,8.4,24.6,9.1
6143,0.9984,0,WARNING,20.7,8.5,24.0,7.4
6144,0.9889,0,WARNING,20.4,9.2,24.0,7.9
6145,0.9834,0,WARNING,19.7,8.7,21.4,7.6
6146,0.9984,0,WARNING,19.1,9.2,24.3,7.2
6147,0.9836,0,WARNING,20.1,8.9,24.5,8.6
6148,0.9984,0,WARNING,19.2,9.1,24.6,7.3
6149,0.9838,0,WARNING,19.8,8.4,24.2,8.6
6150,0.9836,0,WARNING,19.9,9.0,24.0,8.3
6151,0.9984,0,WARNING,21.1,8.7,21.8,6.6
6152,0.9984,0,WARNING,19.8,9.4,24.2,6.4
6153,0.9837,0,WARNING,19.4,8.8,24.6,8.7
6154,0.9837,0,WARNING,19.9,9.2,24.2,8.5
6155,0.9837,0,WARNING,20.0,8.7,24.2,8.5
6156,0.9984,0,WARNING,20.3,8.3,22.7,6.6
6157,0.9984,0,WARNING,20.2,8.3,23.6,6.8
6158,0.9984,0,WARNING,19.8,9.7,24.5,7.7
6159,0.9836,0,WARNING,19.3,9.0,24.6,8.5
6160,0.9984,0,WARNING,19.2,9.8,24.2,6.9
6161,0.9832,0,WARNING,20.3,9.1,22.7,8.0
6162,0.9836,0,WARNING,19.6,8.5,23.1,8.1
6163,0.9831,0,WARNING,19.8,8.1,25.0,8.8
6164,0.9835,0,WARNING,20.5,8.6,24.1,8.6
6165,0.9984,0,WARNING,19.5,8.9,24.6,7.3
6166,0.9984,0,WARNING,19.3,8.4,21.3,6.1
6167,0.9984,0,WARNING,19.9,8.1,24.3,7.6
6168,0.989,0,WARNING,20.1,9.1,24.2,7.9
6169,0.9984,0,WARNING,18.9,8.4,22.7,6.1
6170,0.9984,0,WARNING,20.3,8.1,22.9,6.2
6171,0.9833,0,WARNING,20.4,8.8,23.7,8.8
6172,0.9984,0,WARNING,19.5,9.2,23.3,7.8
6173,0.9984,0,WARNING,19.2,8.5,23.1,6.6
6174,0.9832,0,WARNING,19.4,8.8,24.2,8.3
6175,0.9824,0,WARNING,18.9,7.0,17.9,6.8
6176,0.9822,0,WARNING,19.1,6.0,15.7,6.0
6177,0.9984,0,WARNING,20.0,8.1,23.7,7.0
6178,0.9984,0,WARNING,20.1,8.8,22.3,6.4
6179,0.9891,0,WARNING,18.8,8.6,24.9,8.3
6180,0.9828,0,WARNING,19.7,8.6,22.0,7.7
6181,0.9891,0,WARNING,20.4,9.1,24.8,8.2
6182,0.9824,0,WARNING,22.0,8.9,21.5,7.5
6183,0.9984,0,WARNING,19.1,8.6,24.0,6.3
6184,0.989,0,WARNING,19.8,8.3,22.8,7.4
6185,0.9984,0,WARNING,18.8,8.4,24.9,7.4
6186,0.9828,0,WARNING,20.1,8.5,21.9,7.6
6187,0.981,0,WARNING,18.1,7.9,23.1,8.1
6188,0.9984,0,WARNING,21.1,9.5,21.6,7.4
6189,1.0,0,ANOMALY,25.8,21.5,34.9,20.6
6190,0.9986,0,WARNING,22.9,10.4,33.7,12.1
6191,1.0,0,ANOMALY,24.5,16.9,30.6,18.8
6192,0.9986,0,WARNING,20.3,8.8,24.1,7.4
6193,0.9985,0,WARNING,16.8,6.8,19.7,5.2
6194,0.9984,0,WARNING,18.8,5.5,15.6,3.6
6195,0.9822,0,WARNING,20.7,8.8,25.2,9.4
6196,0.9825,0,WARNING,21.1,8.6,22.2,7.7
6197,0.9891,0,WARNING,19.6,8.1,25.0,8.4
6198,0.9822,0,WARNING,21.4,8.6,22.2,7.7
6199,0.989,0,WARNING,20.8,7.4,21.6,7.0
6200,0.9891,0,WARNING,21.1,8.5,22.4,7.2
6201,0.9984,0,WARNING,20.5,8.3,24.4,7.1
6202,0.9823,0,WARNING,20.1,8.2,23.1,8.0
6203,0.9984,0,WARNING,20.1,8.8,23.8,6.9
6204,0.9823,0,WARNING,21.1,8.8,23.8,8.3
6205,0.9821,0,WARNING,20.4,8.8,24.7,8.6
6206,0.9984,0,WARNING,19.6,9.1,22.3,6.4
6207,0.9984,0,WARNING,17.6,9.8,25.0,7.2
6208,0.9984,0,WARNING,18.1,8.4,21.9,5.7
6209,0.9984,0,WARNING,18.6,9.8,22.5,6.4
6210,0.9984,0,WARNING,18.9,9.5,23.0,7.1
6211,0.9984,0,WARNING,18.8,9.5,25.4,7.5
6212,0.9984,0,WARNING,19.3,9.3,21.8,6.2
6213,0.9984,0,WARNING,19.3,8.9,25.9,7.7
6214,0.9816,0,WARNING,20.5,9.2,23.2,8.1
6215,0.9984,0,WARNING,19.5,9.5,24.5,7.5
6216,0.9889,0,WARNING,20.1,8.8,22.7,7.3
6217,0.989,0,WARNING,19.1,9.2,25.0,8.2
6218,0.9984,0,WARNING,18.1,7.7,22.5,6.0
6219,0.9817,0,WARNING,17.2,7.1,18.8,6.7
6220,0.9984,0,WARNING,19.6,9.0,24.2,6.5
6221,0.9984,0,WARNING,19.1,9.0,23.4,7.0
6222,0.9984,0,WARNING,19.6,7.7,19.8,4.9
6223,0.9891,0,WARNING,19.5,8.6,24.8,8.1
6224,0.9816,0,WARNING,19.6,8.2,22.6,7.8
6225,0.9814,0,WARNING,18.7,8.7,20.8,7.5
6226,0.9984,0,WARNING,19.5,8.4,22.2,6.4
6227,0.9891,0,WARNING,18.7,7.9,23.9,7.8
6228,0.9984,0,WARNING,19.6,9.4,23.9,7.3
6229,0.9815,0,WARNING,20.1,9.3,25.3,9.3
6230,0.9984,0,WARNING,19.4,9.0,22.9,6.5
6231,0.9984,0,WARNING,18.7,8.9,25.1,7.4
6232,0.9984,0,WARNING,18.1,8.0,22.0,6.2
6233,0.9984,0,WARNING,20.0,10.0,22.9,6.9
6234,0.9818,0,WARNING,19.6,8.8,25.5,8.9
6235,0.9984,0,WARNING,19.5,8.9,22.4,6.9
6236,0.9819,0,WARNING,20.3,9.9,25.2,8.9
6237,0.9816,0,WARNING,20.0,9.3,22.7,7.9
6238,0.9984,0,WARNING,20.5,9.0,25.0,7.4
6239,0.9984,0,WARNING,19.2,8.5,22.7,6.0
6240,0.9984,0,WARNING,20.8,8.6,22.2,6.2
6241,0.9984,0,WARNING,20.5,9.0,22.6,6.4
6242,0.989,0,WARNING,20.5,8.5,24.6,8.2
6243,0.9817,0,WARNING,20.5,8.6,22.5,7.8
6244,0.9984,0,WARNING,20.7,8.4,24.9,6.9
6245,0.9984,0,WARNING,20.3,9.5,23.2,7.2
6246,0.9984,0,WARNING,19.9,8.0,22.8,6.5
6247,0.9804,0,WARNING,22.2,8.0,22.2,7.7
6248,0.9747,0,WARNING,23.2,10.0,26.4,10.2
6249,1.0,0,ANOMALY,25.1,17.3,35.9,22.5
6250,1.0,0,ANOMALY,28.2,20.7,31.7,12.0
6251,1.0,0,ANOMALY,25.2,12.4,34.5,21.4
6252,0.9815,0,WARNING,23.7,9.5,24.5,8.7
6253,0.9985,0,WARNING,21.0,8.9,24.1,7.4
6254,0.9813,0,WARNING,21.3,8.1,21.9,7.7
6255,0.9984,0,WARNING,21.1,7.8,22.7,6.6
6256,0.9813,0,WARNING,20.5,8.7,23.7,8.0
6257,0.9814,0,WARNING,21.0,8.4,22.3,7.6
6258,0.9809,0,WARNING,20.5,9.2,24.0,8.2
6259,0.9984,0,WARNING,21.4,8.6,24.7,6.8
6260,0.9984,0,WARNING,19.8,8.1,22.7,6.6
6261,0.9813,0,WARNING,18.5,8.2,23.7,8.2
6262,0.9817,0,WARNING,20.2,8.4,24.1,8.5
6263,0.989,0,WARNING,21.2,8.0,22.0,7.3
6264,0.9812,0,WARNING,18.5,8.0,23.1,7.7
6265,0.9808,0,WARNING,20.3,8.4,24.5,9.4
6266,0.9984,0,WARNING,19.4,8.9,24.1,6.9
6267,0.9808,0,WARNING,19.5,8.3,19.6,6.8
6268,0.9984,0,WARNING,17.9,7.5,22.7,6.5
6269,0.9812,0,WARNING,18.5,7.6,20.9,7.4
6270,0.9984,0,WARNING,18.8,8.2,23.7,6.4
6271,0.9812,0,WARNING,19.5,8.8,23.2,8.0
6272,0.981,0,WARNING,20.2,7.7,22.3,7.6
6273,0.9817,0,WARNING,18.7,7.1,19.3,6.6
6274,0.9984,0,WARNING,19.9,7.7,22.4,6.4
6275,0.981,0,WARNING,18.9,7.1,19.4,6.2
6276,0.9816,0,WARNING,20.2,8.2,22.5,7.8
6277,0.9813,0,WARNING,19.0,7.5,20.1,7.0
6278,0.9984,0,WARNING,18.9,7.5,22.5,6.0
6279,0.9984,0,WARNING,18.4,7.5,22.7,6.5
6280,0.9814,0,WARNING,17.6,6.9,19.3,6.7
6281,0.9807,0,WARNING,19.7,8.0,22.7,7.8
6282,0.9892,0,WARNING,20.1,7.8,21.1,6.7
6283,0.9809,0,WARNING,20.0,6.8,19.0,6.7
6284,0.9984,0,WARNING,20.6,8.0,23.8,6.9
6285,0.9807,0,WARNING,18.3,6.5,17.9,6.3
6286,0.9893,0,WARNING,19.5,7.3,21.1,6.9
6287,0.9984,0,WARNING,18.9,6.1,19.4,5.5
6288,0.9805,0,WARNING,20.7,7.9,22.6,7.7
6289,0.9892,0,WARNING,21.9,7.7,23.9,7.7
6290,0.9891,0,WARNING,19.6,7.5,21.3,6.8
6291,0.9809,0,WARNING,20.3,8.4,22.2,7.8
6292,0.9984,0,WARNING,20.2,8.5,22.4,6.5
6293,0.9891,0,WARNING,19.5,8.5,22.6,7.4
6294,0.981,0,WARNING,19.8,8.8,22.5,7.9
6295,0.981,0,WARNING,17.6,6.7,19.3,6.7
6296,0.9807,0,WARNING,19.8,8.9,21.9,7.6
6297,0.9984,0,WARNING,19.2,7.1,19.7,5.3
6298,0.9803,0,WARNING,18.0,7.3,20.9,7.1
6299,0.9984,0,WARNING,18.5,8.3,20.7,6.0
6300,0.981,0,WARNING,19.8,6.7,16.9,5.9
6301,0.9803,0,WARNING,19.6,8.2,22.6,7.9
6302,0.9984,0,WARNING,19.9,8.7,19.8,5.5
6303,0.9806,0,WARNING,18.1,8.0,24.6,8.6
6304,0.9807,0,WARNING,20.4,8.0,22.1,7.6
6305,0.9805,0,WARNING,18.4,9.6,24.4,8.2
6306,0.9984,0,WARNING,19.5,7.6,21.3,6.0
6307,0.9792,0,WARNING,21.4,8.2,23.1,8.5
6308,0.9907,0,WARNING,24.3,13.0,23.1,9.2
6309,1.0,0,ANOMALY,27.2,22.7,35.0,22.2
6310,0.9996,0,WARNING,22.8,10.2,31.4,11.3
6311,1.0,0,ANOMALY,23.7,10.0,27.2,17.4
6312,0.9806,0,WARNING,21.7,9.7,31.6,12.7
6313,0.9884,0,WARNING,20.2,7.5,22.3,7.1
6314,0.9802,0,WARNING,21.1,8.0,23.1,7.9
6315,0.9809,0,WARNING,20.3,7.9,22.8,8.0
6316,0.9804,0,WARNING,21.4,8.0,22.3,7.7
6317,0.9804,0,WARNING,19.8,7.6,21.6,8.1
6318,0.9808,0,WARNING,20.0,7.5,21.6,7.6
6319,0.9984,0,WARNING,19.3,7.6,22.4,6.0
6320,0.9891,0,WARNING,19.9,7.5,21.6,7.1
6321,0.9984,0,WARNING,20.1,8.3,23.2,6.5
6322,0.9984,0,WARNING,19.6,8.6,22.8,5.9
6323,0.9984,0,WARNING,19.2,7.5,22.3,6.5
6324,0.9984,0,WARNING,20.8,7.9,20.2,5.6
6325,0.9808,0,WARNING,20.6,7.3,21.1,7.4
6326,0.9984,0,WARNING,19.1,7.1,22.1,5.8
6327,0.9892,0,WARNING,18.5,5.8,15.9,5.1
6328,0.9802,0,WARNING,20.2,7.9,22.5,8.3
6329,0.9805,0,WARNING,20.1,8.4,22.4,7.7
6330,0.9984,0,WARNING,20.3,8.3,22.9,6.4
6331,0.9984,0,WARNING,20.2,8.1,22.4,6.3
6332,0.9804,0,WARNING,19.2,7.5,19.5,6.8
6333,0.9984,0,WARNING,19.7,8.0,22.8,6.6
6334,0.9892,0,WARNING,20.5,8.7,24.8,8.2
6335,0.9984,0,WARNING,20.6,8.6,21.8,6.2
6336,0.9984,0,WARNING,20.1,8.0,22.7,6.5
6337,0.9891,0,WARNING,19.1,8.1,21.4,6.9
6338,0.9802,0,WARNING,20.6,8.1,21.7,7.5
6339,0.9891,0,WARNING,20.1,7.8,23.0,7.4
6340,0.9801,0,WARNING,19.6,8.8,21.6,7.5
6341,0.9799,0,WARNING,18.5,7.5,22.4,7.8
6342,0.9802,0,WARNING,20.5,8.0,20.8,7.2
6343,0.9984,0,WARNING,19.2,7.9,22.3,5.8
6344,0.9984,0,WARNING,20.5,8.4,22.1,6.2
6345,0.98,0,WARNING,20.6,8.5,23.1,7.9
6346,0.9805,0,WARNING,20.6,7.9,21.5,7.4
6347,0.9984,0,WARNING,20.3,8.7,25.0,6.7
6348,0.9984,0,WARNING,20.2,9.0,22.7,6.6
6349,0.9803,0,WARNING,19.7,8.3,24.3,8.5
6350,0.9801,0,WARNING,20.1,8.6,24.1,8.3
6351,0.989,0,WARNING,21.0,8.6,22.4,7.3
6352,0.989,0,WARNING,20.1,7.9,23.4,7.7
6353,0.9984,0,WARNING,20.5,8.5,22.2,6.3
6354,0.9802,0,WARNING,19.5,7.7,24.6,7.8
6355,0.9984,0,WARNING,19.5,7.8,23.7,6.8
6356,0.9984,0,WARNING,18.8,8.2,22.9,6.6
6357,0.9804,0,WARNING,20.2,8.4,22.7,7.9
6358,0.9984,0,WARNING,20.0,8.4,24.3,7.1
6359,0.9984,0,WARNING,21.7,8.0,24.1,6.5
6360,0.9984,0,WARNING,19.2,7.8,23.1,6.2
6361,0.9802,0,WARNING,18.6,7.8,22.0,7.6
6362,0.9984,0,WARNING,19.3,7.8,23.8,6.8
6363,0.9984,0,WARNING,19.3,7.4,21.6,5.5
6364,0.9984,0,WARNING,19.0,7.5,23.7,7.0
6365,0.9984,0,WARNING,19.4,7.4,21.5,6.1
6366,0.9802,0,WARNING,19.8,8.2,23.9,8.2
6367,0.9783,0,WARNING,20.2,8.4,24.0,8.4
6368,0.9731,0,WARNING,21.2,9.6,25.3,10.0
6369,1.0,0,ANOMALY,25.6,23.1,37.2,22.3
6370,0.9999,0,WARNING,23.0,9.6,31.9,11.3
6371,1.0,0,ANOMALY,23.6,13.2,28.8,16.3
6372,0.9985,0,WARNING,20.5,9.2,28.4,10.0
6373,0.9801,0,WARNING,19.2,7.6,23.4,8.1
6374,0.9985,0,WARNING,18.5,8.0,22.0,6.3
6375,0.9801,0,WARNING,18.9,7.8,22.8,8.1
6376,0.9799,0,WARNING,16.9,7.5,23.6,8.2
6377,0.98,0,WARNING,18.0,7.8,23.0,8.1
6378,0.9984,0,WARNING,19.1,7.4,22.2,5.7
6379,0.9984,0,WARNING,19.7,8.0,24.6,7.1
6380,0.9799,0,WARNING,18.6,7.9,23.7,8.4
6381,0.9796,0,WARNING,19.9,6.9,19.7,6.9
6382,0.9984,0,WARNING,18.7,8.0,24.0,7.0
6383,0.9984,0,WARNING,20.1,7.5,23.4,6.8
6384,0.9891,0,WARNING,19.7,7.5,23.1,7.7
6385,0.9795,0,WARNING,20.3,7.8,23.5,8.2
6386,0.9796,0,WARNING,20.8,7.7,22.9,8.4
6387,0.9795,0,WARNING,20.8,7.9,22.8,7.9
6388,0.9984,0,WARNING,22.2,8.2,23.8,6.9
6389,0.9796,0,WARNING,20.1,7.4,22.9,8.0
6390,0.9793,0,WARNING,22.2,7.6,24.0,8.5
6391,0.9984,0,WARNING,20.2,6.6,20.7,5.9
6392,0.9984,0,WARNING,19.7,7.5,22.4,6.4
6393,0.9794,0,WARNING,20.5,8.3,25.4,8.8
6394,0.989,0,WARNING,21.0,7.3,22.9,7.4
6395,0.9984,0,WARNING,20.7,7.4,22.9,6.5
6396,0.9795,0,WARNING,21.4,7.6,22.3,7.6
6397,0.9984,0,WARNING,22.6,7.6,24.1,7.1
6398,0.9984,0,WARNING,22.2,7.1,21.6,5.7
6399,0.9984,0,WARNING,22.4,7.2,23.8,6.5
6400,0.9797,0,WARNING,21.1,7.6,23.0,8.0
6401,0.9795,0,WARNING,20.8,7.8,23.0,8.0
6402,0.9984,0,WARNING,22.0,7.5,22.6,5.9
6403,0.9984,0,WARNING,22.4,7.1,22.5,6.0
6404,0.9798,0,WARNING,19.6,7.4,24.5,8.5
6405,0.9984,0,WARNING,22.0,7.8,22.3,6.4
6406,0.9984,0,WARNING,20.5,7.0,22.4,6.5
6407,0.9794,0,WARNING,19.6,7.4,23.9,8.3
6408,0.9984,0,WARNING,19.4,7.6,22.4,6.0
6409,0.9984,0,WARNING,19.8,7.4,22.5,6.0
6410,0.9799,0,WARNING,19.8,6.9,23.4,8.2
6411,0.9984,0,WARNING,19.5,7.3,22.2,5.8
6412,0.9793,0,WARNING,19.5,7.1,21.8,7.6
6413,0.9984,0,WARNING,20.0,7.2,24.5,7.2
6414,0.9794,0,WARNING,18.8,7.6,23.4,7.5
6415,0.9793,0,WARNING,19.6,8.0,26.3,9.1
6416,0.9984,0,WARNING,19.3,8.0,24.4,7.1
6417,0.989,0,WARNING,19.8,7.7,24.9,8.3
6418,0.9889,0,WARNING,19.2,7.4,24.9,8.1
6419,0.9889,0,WARNING,19.6,3.9,12.3,4.0
6420,0.9893,0,WARNING,18.6,9.0,26.1,10.1
6421,0.9891,0,WARNING,18.8,6.8,25.7,8.5
6422,0.9984,0,WARNING,18.6,5.7,22.1,6.0
6423,0.9984,0,WARNING,19.3,5.8,22.0,5.9
6424,0.9984,0,WARNING,18.7,5.9,22.1,6.5
6425,0.9984,0,WARNING,18.4,5.7,21.4,6.2
6426,0.9984,0,WARNING,19.1,5.5,21.3,5.7
6427,0.9892,0,WARNING,20.9,5.4,20.8,6.8
6428,0.9892,0,WARNING,22.6,6.5,22.1,8.5
6429,1.0,0,ANOMALY,27.1,17.1,34.5,21.1
6430,0.9985,0,WARNING,22.7,6.4,27.5,10.0
6431,1.0,0,ANOMALY,23.1,10.5,29.7,20.9
6432,0.9985,0,WARNING,21.0,5.6,21.9,6.7
6433,0.9888,0,WARNING,19.1,4.8,19.6,6.5
6434,0.989,0,WARNING,19.1,5.0,20.4,6.1
6435,0.9984,0,WARNING,19.6,5.0,19.6,5.6
6436,0.9892,0,WARNING,19.3,5.1,19.8,6.5
6437,0.9983,0,WARNING,19.4,4.7,19.6,5.2
6438,0.9983,0,WARNING,18.9,4.8,19.5,5.0
6439,0.9894,0,WARNING,18.5,4.9,19.3,6.5
6440,0.9983,0,WARNING,18.5,5.0,19.2,5.2
6441,0.9894,0,WARNING,18.5,4.9,19.7,6.6
6442,0.9983,0,WARNING,18.8,4.6,18.9,4.9
6443,0.9894,0,WARNING,18.5,4.9,19.5,6.4
6444,0.9894,0,WARNING,18.0,4.4,18.8,5.5
6445,0.9795,0,WARNING,19.4,4.4,19.0,6.9
6446,0.9983,0,WARNING,17.9,4.5,18.1,5.1
6447,0.9983,0,WARNING,19.4,4.9,18.7,4.9
6448,0.9983,0,WARNING,18.2,4.5,18.8,5.4
6449,0.9983,0,WARNING,17.2,4.3,18.6,5.4
6450,0.9983,0,WARNING,17.5,4.6,18.4,5.2
6451,0.9983,0,WARNING,17.4,4.8,18.8,4.8
6452,0.9895,0,WARNING,16.2,4.3,18.3,5.9
6453,0.9895,0,WARNING,17.8,4.4,18.7,6.3
6454,0.9895,0,WARNING,15.2,2.3,12.4,4.2
6455,0.9983,0,WARNING,14.9,5.4,23.3,7.0
6456,0.979,0,WARNING,14.7,3.5,16.2,5.9
6457,0.9896,0,WARNING,16.9,4.3,18.3,6.0
6458,0.9896,0,WARNING,18.4,5.0,19.5,6.4
6459,0.9983,0,WARNING,18.5,5.0,17.9,4.3
6460,0.9983,0,WARNING,16.3,4.5,18.2,4.6
6461,0.9983,0,WARNING,17.8,4.6,18.2,4.7
6462,0.9983,0,WARNING,16.7,4.1,17.5,4.4
6463,0.9983,0,WARNING,16.1,4.3,17.5,4.4
6464,0.9896,0,WARNING,16.3,4.2,17.5,5.8
6465,0.9896,0,WARNING,16.6,3.8,17.4,5.9
6466,0.9797,0,WARNING,16.1,4.0,17.3,6.2
6467,0.9793,0,WARNING,16.9,4.2,17.5,6.2
6468,0.9983,0,WARNING,16.1,3.8,17.3,4.4
6469,0.9983,0,WARNING,16.1,3.7,17.0,4.3
6470,0.9983,0,WARNING,15.8,4.0,17.1,4.8
6471,0.9983,0,WARNING,15.4,3.6,15.3,3.7
6472,0.9983,0,WARNING,15.4,4.1,18.7,4.9
6473,0.9897,0,WARNING,15.6,3.7,16.9,5.7
6474,0.9983,0,WARNING,15.3,3.8,16.6,4.2
6475,0.9983,0,WARNING,15.7,3.9,16.9,4.2
6476,0.9897,0,WARNING,15.0,3.8,17.0,5.7
6477,0.9983,0,WARNING,14.6,3.5,16.5,4.2
6478,0.9796,0,WARNING,15.5,3.8,17.0,6.2
6479,0.9795,0,WARNING,15.5,3.6,16.8,6.2
6480,0.9897,0,WARNING,14.7,3.9,17.0,5.7
6481,0.9983,0,WARNING,15.2,3.9,17.0,4.3
6482,0.9897,0,WARNING,14.3,3.7,16.8,5.5
6483,0.9897,0,WARNING,14.7,3.4,16.9,5.6
6484,0.9983,0,WARNING,15.9,3.7,16.7,4.1
6485,0.9983,0,WARNING,15.2,3.5,17.1,4.9
6486,0.9983,0,WARNING,14.8,3.6,16.6,4.7
6487,0.9983,0,WARNING,15.9,3.6,16.9,4.6
6488,0.9897,0,WARNING,16.7,4.5,17.2,7.1
6489,1.0,0,ANOMALY,20.1,13.4,29.3,17.1
6490,0.996,0,WARNING,17.5,4.7,26.7,11.9
6491,0.9891,0,WARNING,14.9,4.5,16.6,5.5
6492,0.9893,0,WARNING,14.6,3.4,16.2,5.4
6493,0.9983,0,WARNING,14.4,3.5,16.1,3.9
6494,0.9896,0,WARNING,14.2,3.3,16.5,5.6
6495,0.9983,0,WARNING,14.0,3.4,16.0,4.4
6496,0.9983,0,WARNING,14.1,3.6,16.2,4.0
6497,0.9898,0,WARNING,13.7,3.2,16.4,5.6
6498,0.9898,0,WARNING,13.8,3.3,16.4,5.3
6499,0.9983,0,WARNING,14.8,3.5,16.2,4.0
6500,0.9983,0,WARNING,14.2,3.3,15.9,3.8
6501,0.9983,0,WARNING,13.9,3.3,16.0,4.1
6502,0.9983,0,WARNING,13.5,3.5,16.1,4.0
6503,0.9898,0,WARNING,13.5,3.4,15.9,5.4
6504,0.9898,0,WARNING,13.7,3.2,16.1,5.5
6505,0.9983,0,WARNING,13.5,3.1,15.9,3.9
6506,0.9983,0,WARNING,13.4,3.4,15.9,3.9
6507,0.9898,0,WARNING,13.8,3.1,16.0,5.3
6508,0.9983,0,WARNING,13.5,3.1,15.4,3.7
6509,0.9794,0,WARNING,13.0,3.2,15.8,5.7
6510,0.9794,0,WARNING,13.2,3.3,15.8,5.9
6511,0.9983,0,WARNING,13.6,3.2,15.7,3.7
6512,0.9983,0,WARNING,13.1,2.9,15.6,3.8
6513,0.9983,0,WARNING,12.8,3.1,15.6,3.9
6514,0.9898,0,WARNING,12.7,3.4,15.8,5.3
6515,0.9983,0,WARNING,12.7,3.0,15.5,4.3
6516,0.9793,0,WARNING,12.7,3.1,15.9,5.7
6517,0.9899,0,WARNING,13.2,2.8,15.6,5.2
6518,0.9793,0,WARNING,13.2,3.1,15.6,5.8
6519,0.9983,0,WARNING,13.2,3.0,15.4,4.4
6520,0.9983,0,WARNING,13.0,3.0,15.4,4.3
6521,0.9793,0,WARNING,12.7,3.1,15.3,5.7
6522,0.9899,0,WARNING,12.5,2.9,15.1,5.0
6523,0.9899,0,WARNING,12.2,2.9,15.2,4.9
6524,0.9983,0,WARNING,12.4,2.7,15.1,3.7
6525,0.9793,0,WARNING,13.2,2.9,15.1,5.6
6526,0.9899,0,WARNING,13.7,3.0,14.8,4.9
6527,0.9899,0,WARNING,14.2,2.7,14.9,5.1
6528,0.9983,0,WARNING,13.6,2.6,14.9,4.1
6529,0.9982,0,WARNING,14.2,2.8,14.7,4.1
6530,0.9898,0,WARNING,13.9,2.6,14.5,4.9
6531,0.9982,0,WARNING,14.5,2.8,14.7,3.5
6532,0.9982,0,WARNING,14.2,2.9,14.5,3.5
6533,0.9898,0,WARNING,14.5,2.8,14.8,5.0
6534,0.9898,0,WARNING,14.5,2.7,14.7,4.9
6535,0.9899,0,WARNING,13.5,2.4,14.4,4.8
6536,0.9899,0,WARNING,14.3,2.9,14.6,5.0
6537,0.9982,0,WARNING,14.0,2.7,14.1,3.8
6538,0.9899,0,WARNING,14.3,2.6,14.7,4.9
6539,0.9899,0,WARNING,14.2,2.7,14.4,4.7
6540,0.9982,0,WARNING,14.5,2.6,14.4,3.6
6541,0.9982,0,WARNING,14.5,2.7,14.6,3.5
6542,0.9982,0,WARNING,14.6,2.6,14.3,3.5
6543,0.9796,0,WARNING,14.3,2.7,14.1,5.3
6544,0.9982,0,WARNING,14.1,2.6,13.9,3.4
6545,0.9899,0,WARNING,14.0,2.3,14.2,4.8
6546,0.9982,0,WARNING,13.0,1.8,11.5,2.3
6547,0.9982,0,WARNING,12.7,1.0,9.2,1.5
6548,0.9775,0,WARNING,12.8,2.5,9.4,3.6
6549,0.9901,0,WARNING,12.7,0.9,9.3,3.2
6550,0.9902,0,WARNING,12.6,1.0,9.5,3.2
6551,0.9982,0,WARNING,12.6,1.3,9.4,1.7
6552,0.9903,0,WARNING,12.7,1.0,9.2,2.9
6553,0.9981,0,WARNING,12.7,0.9,9.4,1.7
6554,0.9903,0,WARNING,12.7,1.0,9.2,2.9
6555,0.9757,0,WARNING,12.7,0.9,9.4,3.5
6556,0.9903,0,WARNING,12.7,1.0,9.3,3.0
6557,0.9981,0,WARNING,16.1,3.4,16.3,3.8
6558,1.0,0,WARNING,20.9,11.6,30.8,11.9
6559,0.9932,0,WARNING,20.9,6.0,28.8,12.6
6560,0.9892,0,WARNING,17.5,9.2,22.2,7.4
6561,0.9793,0,WARNING,16.5,5.3,21.1,7.7
6562,0.9984,0,WARNING,14.4,4.5,20.9,5.7
6563,0.9984,0,WARNING,14.7,4.5,20.5,5.5
6564,0.9798,0,WARNING,14.1,4.5,21.1,7.3
6565,0.9983,0,WARNING,14.0,2.9,15.4,4.4
6566,0.9896,0,WARNING,13.7,2.3,13.7,4.7
6567,0.9897,0,WARNING,13.5,2.4,13.6,4.7
6568,0.9982,0,WARNING,13.1,2.4,13.6,3.1
6569,0.9797,0,WARNING,13.6,2.1,13.5,5.1
6570,0.9795,0,WARNING,13.2,2.4,13.5,4.9
6571,0.9982,0,WARNING,13.4,2.5,13.5,3.0
6572,0.99,0,WARNING,13.2,2.3,13.5,4.6
6573,0.9982,0,WARNING,13.2,2.2,13.6,3.2
6574,0.99,0,WARNING,13.0,2.2,13.4,4.7
6575,0.9982,0,WARNING,12.9,2.2,13.3,3.1
6576,0.9792,0,WARNING,13.1,2.2,13.6,5.0
6577,0.99,0,WARNING,13.4,2.1,13.4,4.5
6578,0.9982,0,WARNING,13.2,2.2,13.3,3.0
6579,0.99,0,WARNING,13.4,2.3,13.7,4.6
6580,0.9982,0,WARNING,12.9,2.2,13.5,3.2
6581,0.99,0,WARNING,12.8,2.4,13.5,4.5
6582,0.9982,0,WARNING,12.8,2.2,13.5,3.8
6583,0.9982,0,WARNING,12.8,2.4,13.5,3.3
6584,0.99,0,WARNING,12.8,2.2,13.6,4.7
6585,0.9982,0,WARNING,12.8,2.3,13.2,3.1
6586,0.9982,0,WARNING,12.2,2.2,13.3,2.9
6587,0.99,0,WARNING,12.8,2.2,13.3,4.4
6588,0.9982,0,WARNING,12.6,2.2,13.3,3.1
6589,0.9982,0,WARNING,12.8,2.2,13.5,3.2
6590,0.99,0,WARNING,12.7,2.2,13.1,4.4
6591,0.99,0,WARNING,12.9,2.3,13.5,4.5
6592,0.9982,0,WARNING,12.4,2.2,13.3,3.2
6593,0.9982,0,WARNING,12.4,2.2,13.5,3.0
6594,0.99,0,WARNING,12.1,2.1,13.5,4.5
6595,0.9796,0,WARNING,12.1,2.1,13.2,5.0
6596,0.9796,0,WARNING,12.5,2.2,13.3,5.1
6597,0.99,0,WARNING,12.2,2.0,12.1,4.0
6598,0.9982,0,WARNING,12.8,2.5,13.9,3.4
6599,0.99,0,WARNING,12.3,2.1,13.0,4.4
6600,0.9982,0,WARNING,12.2,2.1,12.9,2.9
6601,0.99,0,WARNING,11.9,2.3,13.0,4.4
6602,0.9982,0,WARNING,12.2,2.0,12.9,2.8
6603,0.99,0,WARNING,11.8,2.0,13.0,4.3
6604,0.9901,0,WARNING,11.9,2.1,13.2,4.5
6605,0.9982,0,WARNING,11.7,2.0,12.9,3.1
6606,0.9982,0,WARNING,11.6,2.1,12.9,3.0
6607,0.9901,0,WARNING,12.9,2.1,13.3,4.5
6608,0.99,0,WARNING,15.5,3.7,16.2,6.3
6609,1.0,0,ANOMALY,17.2,10.7,27.7,12.2
6610,0.9799,0,WARNING,14.4,3.5,16.8,8.0
6611,0.9896,0,WARNING,11.8,2.3,13.1,4.3
6612,0.9898,0,WARNING,12.1,2.2,13.2,4.5
6613,0.9983,0,WARNING,11.6,2.0,12.8,3.0
6614,0.99,0,WARNING,11.7,2.1,12.9,4.3
6615,0.9797,0,WARNING,11.6,2.2,12.7,4.8
6616,0.9982,0,WARNING,12.0,2.1,12.6,2.8
6617,0.9901,0,WARNING,12.0,1.9,12.8,4.1
6618,0.9796,0,WARNING,11.5,2.1,12.9,4.8
6619,0.9901,0,WARNING,11.6,2.1,13.1,4.4
6620,0.9982,0,WARNING,11.8,2.1,12.7,3.0
6621,0.9901,0,WARNING,11.5,2.3,12.9,4.3
6622,0.9901,0,WARNING,11.5,2.1,12.9,4.4
6623,0.9982,0,WARNING,11.3,1.8,12.8,3.0
6624,0.9901,0,WARNING,11.5,1.9,13.1,3.6
6625,0.9982,0,WARNING,11.4,2.1,12.9,2.9
6626,0.9901,0,WARNING,11.4,2.0,12.5,3.5
6627,0.9982,0,WARNING,11.3,1.9,13.2,3.1
6628,0.9901,0,WARNING,11.4,1.9,12.6,4.4
6629,0.9982,0,WARNING,11.6,2.0,12.6,2.9
6630,0.9901,0,WARNING,11.8,1.9,12.9,4.4
6631,0.9901,0,WARNING,12.5,2.1,12.6,4.3
6632,0.99,0,WARNING,13.2,1.9,12.9,4.3
6633,0.9982,0,WARNING,13.5,2.0,12.6,2.6
6634,0.99,0,WARNING,13.5,1.9,12.8,4.3
6635,0.9982,0,WARNING,12.8,1.5,10.8,2.2
6636,0.9982,0,WARNING,11.8,0.9,9.1,1.9
6637,0.9901,0,WARNING,11.6,1.1,10.3,3.6
6638,0.9982,0,WARNING,12.1,2.8,18.7,5.3
6639,0.99,0,WARNING,11.7,1.4,12.1,4.2
6640,0.9982,0,WARNING,11.7,1.3,12.0,2.9
6641,0.99,0,WARNING,11.7,1.5,11.9,4.0
6642,0.9901,0,WARNING,11.7,1.6,12.1,4.3
6643,0.9982,0,WARNING,12.0,1.6,12.5,2.8
6644,0.9901,0,WARNING,11.5,1.5,12.3,4.4
6645,0.9982,0,WARNING,11.3,1.2,10.1,2.2
6646,0.9982,0,WARNING,11.8,2.6,13.2,3.5
6647,0.9901,0,WARNING,11.7,2.0,13.9,4.9
6648,0.9982,0,WARNING,11.9,2.0,12.9,2.7
6649,0.9901,0,WARNING,15.0,3.3,16.2,4.4
6650,0.99,0,WARNING,13.0,2.0,12.3,3.6
6651,0.9982,0,WARNING,14.5,3.2,15.7,4.1
6652,0.99,0,WARNING,14.4,2.5,13.6,4.4
6653,0.9983,0,WARNING,14.1,2.2,12.9,2.8
6654,0.99,0,WARNING,14.2,2.5,13.6,4.3
6655,0.99,0,WARNING,12.9,1.7,11.7,4.1
6656,0.99,0,WARNING,12.5,1.9,12.9,4.3
6657,0.9901,0,WARNING,12.3,1.7,12.1,4.0
6658,0.9901,0,WARNING,12.5,2.2,13.7,4.5
6659,0.9982,0,WARNING,12.5,2.1,14.0,3.3
6660,0.99,0,WARNING,12.7,1.9,11.8,4.0
6661,0.99,0,WARNING,12.9,2.2,13.4,4.6
6662,0.9982,0,WARNING,12.7,2.1,12.6,2.9
6663,0.99,0,WARNING,12.5,1.8,12.3,4.1
6664,0.9982,0,WARNING,12.7,1.8,12.5,2.8
6665,0.9798,0,WARNING,13.0,1.7,12.5,4.7
6666,0.9901,0,WARNING,12.5,1.9,12.4,4.2
6667,0.9982,0,WARNING,13.3,2.1,12.9,2.9
6668,0.9901,0,WARNING,15.0,5.0,13.4,5.8
6669,0.99,0,WARNING,15.6,1.9,13.7,4.1
6670,0.9982,0,WARNING,16.8,6.7,22.1,6.6
6671,0.9709,0,WARNING,16.6,3.3,19.3,6.4
6672,0.9963,0,WARNING,16.4,3.4,19.4,8.6
6673,0.9983,0,WARNING,13.4,2.1,13.6,3.1
6674,0.9898,0,WARNING,13.2,1.8,12.7,4.2
6675,0.9899,0,WARNING,13.1,1.9,12.6,3.6
6676,0.9795,0,WARNING,12.6,1.8,12.8,4.1
6677,0.99,0,WARNING,12.9,1.8,12.6,4.3
6678,0.99,0,WARNING,13.0,1.9,12.5,4.4
6679,0.99,0,WARNING,12.5,2.0,12.7,4.4
6680,0.9798,0,WARNING,12.3,1.8,12.6,4.7
6681,0.9982,0,WARNING,12.2,2.1,12.8,2.9
6682,0.9982,0,WARNING,12.3,1.8,12.6,2.9
6683,0.9982,0,WARNING,12.1,1.8,12.5,2.9
6684,0.9982,0,WARNING,12.0,1.9,12.7,3.0
6685,0.9982,0,WARNING,12.5,1.9,12.5,2.9
6686,0.9982,0,WARNING,12.6,1.8,12.8,3.0
6687,0.9982,0,WARNING,12.4,1.8,12.6,2.9
6688,0.9901,0,WARNING,12.3,2.1,12.7,4.1
6689,0.9982,0,WARNING,12.4,1.9,13.0,2.9
6690,0.9982,0,WARNING,12.1,2.0,12.7,3.3
6691,0.9982,0,WARNING,12.4,2.1,13.0,3.1
6692,0.9982,0,WARNING,12.0,1.9,12.8,3.0
6693,0.9982,0,WARNING,12.0,1.9,13.0,2.9
6694,0.9982,0,WARNING,11.9,1.8,12.9,3.1
6695,0.9901,0,WARNING,12.1,1.8,12.5,4.2
6696,0.9901,0,WARNING,12.1,2.0,12.9,4.2
6697,0.9794,0,WARNING,11.7,1.8,13.0,4.7
6698,0.9982,0,WARNING,11.8,2.0,13.1,3.1
6699,0.9901,0,WARNING,11.8,1.8,12.8,4.5
6700,0.9901,0,WARNING,11.8,1.9,13.0,4.3
6701,0.9901,0,WARNING,11.8,2.1,13.3,3.8
6702,0.9982,0,WARNING,11.9,2.0,13.0,3.1
6703,0.9982,0,WARNING,11.8,1.9,12.9,2.8
6704,0.9982,0,WARNING,12.0,2.0,13.3,2.9
6705,0.9982,0,WARNING,11.8,2.0,13.3,3.5
6706,0.9901,0,WARNING,11.6,1.9,13.4,3.9
6707,0.9901,0,WARNING,11.6,2.0,13.2,4.5
6708,0.9982,0,WARNING,11.5,1.9,13.2,3.0
6709,0.9901,0,WARNING,11.6,2.1,13.5,4.7
6710,0.9901,0,WARNING,11.5,2.1,13.5,4.6
6711,0.9982,0,WARNING,11.8,2.1,13.3,3.1
6712,0.9982,0,WARNING,11.7,2.0,13.0,3.5
6713,0.9982,0,WARNING,11.6,1.9,13.1,3.0
6714,0.9901,0,WARNING,11.4,1.9,13.3,4.4
6715,0.9982,0,WARNING,11.6,1.9,13.2,3.7
6716,0.9901,0,WARNING,11.5,2.0,13.1,3.8
6717,0.9793,0,WARNING,11.6,2.1,13.4,5.1
6718,0.9982,0,WARNING,11.8,2.1,13.1,3.0
6719,0.9982,0,WARNING,11.5,2.0,13.6,3.1
6720,0.99,0,WARNING,11.5,2.0,13.3,4.4
6721,0.99,0,WARNING,11.9,2.1,13.2,4.3
6722,0.99,0,WARNING,11.9,2.0,13.0,4.4
6723,0.9982,0,WARNING,11.8,2.1,13.2,3.7
6724,0.9982,0,WARNING,11.8,2.2,13.6,3.2
6725,0.9789,0,WARNING,11.6,2.0,13.4,5.0
6726,0.9982,0,WARNING,11.8,2.1,13.3,3.1
6727,0.99,0,WARNING,12.4,2.2,14.5,4.7
6728,0.99,0,WARNING,14.7,3.3,15.5,5.9
6729,0.9945,0,WARNING,17.2,7.9,24.5,9.1
6730,0.9883,0,WARNING,16.7,3.8,24.6,11.6
6731,0.9793,0,WARNING,13.7,3.2,15.4,5.6
6732,0.9983,0,WARNING,12.2,2.4,14.0,3.3
6733,0.9898,0,WARNING,12.5,2.2,13.6,4.7
6734,0.9899,0,WARNING,12.4,2.5,13.8,4.6
6735,0.9982,0,WARNING,12.8,2.3,13.5,3.0
6736,0.9982,0,WARNING,13.2,2.2,13.8,3.1
6737,0.99,0,WARNING,13.6,2.3,13.9,4.6
6738,0.9982,0,WARNING,13.9,2.3,13.3,3.1
6739,0.9982,0,WARNING,13.9,2.3,13.7,3.2
6740,0.9982,0,WARNING,13.8,2.3,13.7,3.8
6741,0.9982,0,WARNING,13.9,2.3,12.8,2.9
6742,0.9982,0,WARNING,14.4,2.6,14.7,3.5
6743,0.9982,0,WARNING,14.2,2.2,14.0,3.3
6744,0.9982,0,WARNING,14.4,2.3,13.5,3.0
6745,0.9899,0,WARNING,14.2,2.4,13.8,4.5
6746,0.9899,0,WARNING,13.8,2.4,14.1,4.8
6747,0.9899,0,WARNING,13.6,2.4,14.0,4.8
6748,0.9899,0,WARNING,14.3,2.4,13.8,4.6
6749,0.9982,0,WARNING,14.5,2.5,14.0,3.9
6750,0.9899,0,WARNING,14.2,2.3,14.3,4.8
6751,0.9899,0,WARNING,14.2,2.5,14.1,4.5
6752,0.9982,0,WARNING,13.8,2.5,14.1,3.2
6753,0.9899,0,WARNING,14.2,2.6,14.4,4.8
6754,0.9899,0,WARNING,14.1,2.5,14.1,4.0
6755,0.9982,0,WARNING,14.6,2.4,14.4,4.0
6756,0.9982,0,WARNING,14.1,2.3,13.2,3.6
6757,0.9899,0,WARNING,13.8,1.6,10.9,3.6
6758,0.9982,0,WARNING,12.4,0.7,9.1,1.8
6759,0.9901,0,WARNING,12.1,0.9,10.2,3.3
6760,0.9982,0,WARNING,11.9,0.8,9.3,1.7
6761,0.9902,0,WARNING,11.9,1.2,9.5,3.2
6762,0.9981,0,WARNING,11.6,1.0,9.3,1.8
6763,0.9981,0,WARNING,11.6,1.2,10.7,2.1
6764,0.9981,0,WARNING,12.1,1.1,9.0,1.7
6765,0.9981,0,WARNING,11.5,0.9,10.0,2.0
6766,0.9981,0,WARNING,11.4,1.0,9.4,1.8
6767,0.9791,0,WARNING,11.3,0.8,9.0,3.5
6768,0.9903,0,WARNING,11.9,3.2,18.6,6.1
6769,0.9982,0,WARNING,15.7,6.2,25.2,6.8
6770,0.9983,0,WARNING,16.0,5.6,21.2,5.9
6771,0.9787,0,WARNING,15.8,5.9,23.6,8.4
6772,0.9789,0,WARNING,16.6,6.3,25.3,9.0
6773,0.9984,0,WARNING,16.4,5.3,20.2,5.7
6774,0.9894,0,WARNING,15.5,4.4,21.2,7.2
6775,0.9793,0,WARNING,14.2,2.9,14.2,5.1
6776,0.9896,0,WARNING,14.5,2.8,14.2,4.7
6777,0.9983,0,WARNING,14.8,2.8,14.4,3.4
6778,0.9898,0,WARNING,14.3,3.0,14.5,4.9
6779,0.9983,0,WARNING,13.9,3.1,14.7,4.1
6780,0.9982,0,WARNING,13.8,3.1,14.7,3.6
6781,0.9982,0,WARNING,13.7,2.9,14.6,3.4
6782,0.9982,0,WARNING,13.5,2.7,14.8,4.2
6783,0.9982,0,WARNING,13.5,3.1,14.9,3.4
6784,0.9899,0,WARNING,12.5,1.2,9.2,3.0
6785,0.9982,0,WARNING,11.9,0.6,9.1,1.8
6786,0.9901,0,WARNING,14.1,3.5,15.0,4.8
6787,0.9901,0,WARNING,17.3,5.0,22.0,7.3
6788,0.9983,0,WARNING,16.8,5.1,20.8,7.3
6789,0.9983,0,WARNING,18.9,8.6,24.5,8.0
6790,0.9983,0,WARNING,17.4,4.9,22.0,6.3
6791,0.9999,0,WARNING,15.5,6.2,19.5,10.0
6792,0.9894,0,WARNING,14.1,3.2,15.8,5.1
6793,0.9983,0,WARNING,14.3,3.4,15.8,4.5
6794,0.9897,0,WARNING,14.8,3.2,15.6,5.2
6795,0.9897,0,WARNING,14.3,3.3,15.9,5.3
6796,0.9898,0,WARNING,14.2,3.6,15.5,5.1
6797,0.9898,0,WARNING,14.6,3.2,15.7,5.2
6798,0.9983,0,WARNING,14.4,3.2,15.7,3.9
6799,0.9983,0,WARNING,14.4,2.7,13.2,2.8
6800,0.9982,0,WARNING,14.9,4.1,18.6,4.8
6801,0.9898,0,WARNING,14.3,3.5,16.0,5.4
6802,0.9898,0,WARNING,14.1,3.4,16.0,5.3
6803,0.9898,0,WARNING,13.9,3.5,16.0,5.4
6804,0.9898,0,WARNING,14.5,3.6,16.3,5.5
6805,0.9789,0,WARNING,14.2,3.4,16.2,5.9
6806,0.9983,0,WARNING,14.0,3.6,16.0,4.5
6807,0.9983,0,WARNING,14.2,3.5,16.0,3.9
6808,0.9898,0,WARNING,14.8,3.4,16.6,5.5
6809,0.9983,0,WARNING,14.5,3.5,16.5,4.6
6810,0.9898,0,WARNING,14.1,3.7,16.7,5.5
6811,0.9983,0,WARNING,14.6,3.7,16.5,4.2
6812,0.9983,0,WARNING,14.7,3.5,16.7,4.2
6813,0.9983,0,WARNING,14.0,3.8,16.8,4.8
6814,0.9789,0,WARNING,14.5,3.9,16.6,6.1
6815,0.9897,0,WARNING,14.1,3.6,16.3,5.3
6816,0.9983,0,WARNING,14.5,3.7,16.7,4.2
6817,0.9898,0,WARNING,14.2,3.8,16.7,5.6
6818,0.9983,0,WARNING,14.5,3.9,16.7,4.6
6819,0.9983,0,WARNING,14.4,4.0,17.0,4.9
6820,0.9983,0,WARNING,14.4,3.8,16.9,4.2
6821,0.9897,0,WARNING,14.6,3.9,17.1,5.1
6822,0.9897,0,WARNING,14.5,4.0,16.9,5.6
6823,0.9983,0,WARNING,14.9,4.0,16.9,4.1
6824,0.9983,0,WARNING,14.6,3.8,16.9,4.2
6825,0.9897,0,WARNING,14.5,4.1,17.3,5.7
6826,0.9983,0,WARNING,14.6,4.4,17.4,5.0
6827,0.9983,0,WARNING,14.6,4.1,17.4,4.5
6828,0.9897,0,WARNING,15.9,4.2,16.8,5.5
6829,0.9897,0,WARNING,15.2,4.3,17.4,5.8
6830,0.9983,0,WARNING,15.4,4.4,17.1,4.8
6831,0.9897,0,WARNING,14.6,4.2,17.6,5.7
6832,0.9897,0,WARNING,14.7,4.2,17.3,5.6
6833,0.9983,0,WARNING,14.9,4.2,17.3,4.4
6834,0.9787,0,WARNING,15.1,4.2,17.7,6.4
6835,0.9983,0,WARNING,14.6,3.9,17.1,4.9
6836,0.9983,0,WARNING,15.7,4.4,17.5,4.4
6837,0.9897,0,WARNING,15.8,4.2,17.0,5.6
6838,0.9785,0,WARNING,15.6,4.2,17.6,6.3
6839,0.9788,0,WARNING,15.4,4.4,17.9,6.4
6840,0.9896,0,WARNING,16.5,4.6,17.6,5.6
6841,0.9983,0,WARNING,17.6,4.7,17.7,5.1
6842,0.9983,0,WARNING,17.7,4.4,17.8,4.5
6843,0.9983,0,WARNING,18.3,4.0,16.1,4.5
6844,0.9983,0,WARNING,18.6,5.2,19.7,5.1
6845,0.9895,0,WARNING,18.5,4.8,18.0,6.0
6846,0.9895,0,WARNING,18.2,4.5,18.1,5.9
6847,0.9983,0,WARNING,18.6,4.5,18.1,4.9
6848,0.9983,0,WARNING,20.1,6.4,19.0,6.6
6849,1.0,0,WARNING,24.7,10.0,28.7,13.8
6850,0.9784,0,WARNING,22.3,8.4,25.4,10.2
6851,0.9998,0,WARNING,19.8,8.0,22.3,9.5
6852,0.989,0,WARNING,19.8,5.2,20.1,6.6
6853,0.9984,0,WARNING,21.3,5.1,18.1,4.5
6854,0.9893,0,WARNING,18.0,3.9,16.4,4.7
6855,0.9983,0,WARNING,21.6,5.7,20.1,5.5
6856,0.9789,0,WARNING,20.2,5.3,17.9,6.2
6857,0.9894,0,WARNING,19.1,5.1,18.0,6.0
6858,0.9983,0,WARNING,16.0,4.4,17.4,4.4
6859,0.9895,0,WARNING,18.0,4.7,17.9,5.9
6860,0.9895,0,WARNING,20.5,6.0,19.3,6.4
6861,0.9895,0,WARNING,19.7,5.4,18.0,5.9
6862,0.9895,0,WARNING,20.7,5.6,19.6,6.4
6863,0.9984,0,WARNING,20.6,5.7,18.2,4.4
6864,0.9895,0,WARNING,21.7,6.2,18.9,5.4
6865,0.9984,0,WARNING,21.3,5.4,19.2,5.5
6866,0.9984,0,WARNING,19.0,5.3,19.2,5.0
6867,0.9789,0,WARNING,21.0,6.1,18.9,6.8
6868,0.9894,0,WARNING,20.5,5.3,17.9,5.8
6869,0.9894,0,WARNING,21.6,5.7,19.9,6.6
6870,0.9894,0,WARNING,19.8,6.0,19.4,6.3
6871,0.9984,0,WARNING,19.0,5.6,17.7,4.2
6872,0.9895,0,WARNING,20.1,6.0,19.9,6.4
6873,0.9984,0,WARNING,21.1,5.9,20.1,5.2
6874,0.9894,0,WARNING,18.4,5.4,18.8,6.3
6875,1.0,0,ANOMALY,22.2,16.1,19.7,4.9
6876,0.9984,0,WARNING,20.8,6.5,20.5,5.8
6877,0.9892,0,WARNING,21.7,6.5,19.4,6.2
6878,0.9893,0,WARNING,23.1,5.7,19.5,6.4
6879,0.9776,0,WARNING,22.5,6.6,20.6,7.1
6880,0.9893,0,WARNING,22.4,6.6,19.9,6.2
6881,0.9893,0,WARNING,23.2,7.1,19.9,6.3
6882,0.9984,0,WARNING,22.9,6.4,19.9,5.2
6883,0.9984,0,WARNING,21.1,6.2,20.1,5.2
6884,0.9984,0,WARNING,22.5,6.6,19.9,5.1
6885,0.9784,0,WARNING,22.3,6.9,19.2,6.7
6886,0.9894,0,WARNING,21.0,6.6,20.3,6.6
6887,0.9984,0,WARNING,21.4,6.4,19.2,4.8
6888,0.9984,0,WARNING,21.5,6.2,20.4,5.1
6889,0.9894,0,WARNING,21.7,5.9,18.6,6.0
6890,0.9894,0,WARNING,22.1,6.2,19.5,6.4
6891,0.9894,0,WARNING,21.7,6.4,19.9,6.5
6892,0.9984,0,WARNING,22.7,5.9,19.6,5.6
6893,0.9894,0,WARNING,22.2,6.4,19.9,6.4
6894,0.9894,0,WARNING,22.6,6.5,19.9,6.5
6895,0.9774,0,WARNING,22.6,6.0,19.0,6.5
6896,0.9984,0,WARNING,21.9,6.4,20.3,5.6
6897,0.9984,0,WARNING,21.7,6.3,19.3,5.3
6898,0.9894,0,WARNING,21.7,6.5,20.0,6.6
6899,0.9984,0,WARNING,22.6,5.9,19.8,5.1
6900,0.9984,0,WARNING,22.0,6.5,19.2,4.8
6901,0.9984,0,WARNING,21.1,6.6,20.2,5.2
6902,0.9984,0,WARNING,22.6,6.0,19.2,4.8
6903,0.9984,0,WARNING,22.0,6.0,19.5,4.9
6904,0.9984,0,WARNING,22.6,6.5,20.6,5.2
6905,0.9984,0,WARNING,22.1,6.4,20.3,5.7
6906,0.9984,0,WARNING,21.2,6.4,19.7,5.4
6907,0.9893,0,WARNING,21.6,5.7,19.1,6.2
6908,0.9687,0,WARNING,23.2,10.5,21.4,8.7
6909,1.0,0,ANOMALY,25.1,10.9,27.9,14.8
6910,0.9923,0,WARNING,24.9,13.6,31.4,12.9
6911,0.9999,0,WARNING,22.6,7.7,26.6,13.3
6912,0.9888,0,WARNING,19.1,4.5,14.9,4.7
6913,0.9984,0,WARNING,23.2,7.7,22.3,5.7
6914,0.9767,0,WARNING,22.5,7.2,22.8,7.9
6915,0.9765,0,WARNING,22.0,6.0,19.7,6.9
6916,0.9984,0,WARNING,22.5,6.1,20.0,5.7
6917,0.9984,0,WARNING,22.8,6.4,19.5,5.4
6918,0.9764,0,WARNING,21.2,6.1,20.2,7.1
6919,0.9984,0,WARNING,20.4,5.8,20.0,5.1
6920,0.9984,0,WARNING,19.8,5.6,19.0,4.6
6921,0.9984,0,WARNING,23.0,7.0,20.7,5.3
6922,0.9984,0,WARNING,20.2,6.1,20.3,5.2
6923,0.9984,0,WARNING,20.3,5.8,19.3,4.9
6924,0.9894,0,WARNING,20.6,6.6,20.5,6.1
6925,0.9984,0,WARNING,20.1,6.4,19.4,5.5
6926,0.9984,0,WARNING,21.4,5.9,18.8,5.2
6927,0.9984,0,WARNING,20.2,6.6,20.8,5.3
6928,0.9984,0,WARNING,20.0,7.8,19.9,5.1
6929,0.9984,0,WARNING,20.7,6.0,19.8,5.3
6930,0.9984,0,WARNING,20.8,6.6,20.5,5.9
6931,0.9984,0,WARNING,19.2,6.7,20.5,5.3
6932,0.9984,0,WARNING,19.7,6.2,19.5,4.9
6933,0.9984,0,WARNING,19.3,6.0,21.3,6.1
6934,0.9984,0,WARNING,19.7,6.1,20.0,5.1
6935,0.976,0,WARNING,19.5,6.3,20.1,6.9
6936,0.9894,0,WARNING,19.7,6.4,21.0,6.7
6937,0.9984,0,WARNING,19.6,5.9,20.9,5.3
6938,0.9984,0,WARNING,19.2,6.2,20.2,5.6
6939,0.9759,0,WARNING,18.5,6.2,20.6,7.3
6940,0.9984,0,WARNING,19.8,6.7,20.5,5.3
6941,0.9894,0,WARNING,20.0,5.9,19.9,6.4
6942,0.9894,0,WARNING,20.4,6.0,20.5,6.7
6943,0.9758,0,WARNING,20.2,6.6,20.7,7.3
6944,0.9984,0,WARNING,19.2,6.2,20.4,5.1
6945,0.9984,0,WARNING,19.8,5.9,20.5,5.7
6946,0.9894,0,WARNING,21.6,6.2,20.4,6.6
6947,0.9984,0,WARNING,21.3,6.3,20.3,5.8
6948,0.9984,0,WARNING,21.3,6.0,20.4,5.3
6949,0.9893,0,WARNING,21.4,6.2,20.5,6.7
6950,0.9984,0,WARNING,21.6,6.3,20.6,5.3
6951,0.9984,0,WARNING,20.5,6.4,19.8,5.0
6952,0.9984,0,WARNING,20.4,5.6,19.6,4.8
6953,0.9893,0,WARNING,21.8,6.0,20.9,6.6
6954,0.9893,0,WARNING,22.8,6.3,20.3,5.9
6955,0.9984,0,WARNING,21.6,6.0,20.4,5.8
6956,0.9756,0,WARNING,21.2,5.8,20.3,7.2
6957,0.9893,0,WARNING,22.5,6.2,20.5,6.7
6958,0.9757,0,WARNING,21.6,6.1,19.8,6.8
6959,0.9984,0,WARNING,21.2,6.0,20.4,5.3
6960,0.9893,0,WARNING,21.4,6.1,20.5,6.6
6961,0.9893,0,WARNING,21.1,6.4,19.6,6.1
6962,0.9893,0,WARNING,22.4,6.0,21.4,6.9
6963,0.9893,0,WARNING,23.3,5.6,20.2,6.6
6964,0.9984,0,WARNING,23.5,6.2,20.1,5.7
6965,0.9984,0,WARNING,22.9,6.1,19.2,5.3
6966,0.9984,0,WARNING,22.6,6.1,21.7,6.2
6967,0.9739,0,WARNING,23.3,5.8,20.0,6.2
6968,0.9984,0,WARNING,24.0,6.8,20.4,6.2
6969,1.0,0,ANOMALY,27.5,17.4,34.8,21.5
6970,0.9976,0,WARNING,24.5,9.1,27.7,11.2
6971,1.0,0,WARNING,24.5,9.2,28.1,15.4
6972,0.9985,0,WARNING,22.5,6.3,20.1,5.2
6973,0.9763,0,WARNING,22.0,5.0,17.2,6.0
6974,0.9758,0,WARNING,21.8,4.3,14.4,4.2
6975,0.9758,0,WARNING,21.1,6.9,24.5,8.5
6976,0.9984,0,WARNING,23.2,6.9,24.7,6.5
6977,0.9984,0,WARNING,21.7,6.1,20.5,5.2
6978,0.9984,0,WARNING,20.0,5.8,20.1,5.7
6979,0.9893,0,WARNING,20.1,5.7,20.6,6.7
6980,0.9893,0,WARNING,20.7,4.9,15.4,4.9
6981,1.0,0,ANOMALY,25.4,18.5,20.2,8.0
6982,0.9985,0,WARNING,22.5,5.9,20.2,5.8
6983,0.9984,0,WARNING,20.6,5.5,19.6,5.5
6984,0.9893,0,WARNING,23.5,5.7,20.2,6.5
6985,0.9984,0,WARNING,23.2,5.8,19.0,5.2
6986,0.9751,0,WARNING,23.1,6.4,20.7,7.1
6987,0.9984,0,WARNING,23.1,6.6,20.2,5.2
6988,0.9893,0,WARNING,22.3,6.3,20.5,6.7
6989,0.9984,0,WARNING,22.7,5.8,20.6,5.3
6990,0.9893,0,WARNING,22.9,5.8,20.4,6.7
6991,0.9751,0,WARNING,22.6,5.9,19.2,6.8
6992,0.9984,0,WARNING,22.2,6.1,20.3,5.2
6993,0.9893,0,WARNING,20.4,5.7,18.9,6.2
6994,0.9894,0,WARNING,20.7,3.5,12.0,3.8
6995,0.9947,0,WARNING,24.5,11.6,20.8,8.7
6996,0.9753,0,WARNING,22.5,6.0,19.0,6.6
6997,0.9984,0,WARNING,24.4,5.1,20.2,5.9
6998,0.9893,0,WARNING,22.3,6.1,19.7,6.5
6999,0.9984,0,WARNING,21.6,5.9,20.1,5.7
7000,0.9893,0,WARNING,21.0,5.2,20.4,6.7
7001,0.9748,0,WARNING,24.0,6.0,20.3,7.0
7002,0.9748,0,WARNING,22.2,6.2,20.4,7.0
7003,0.9984,0,WARNING,20.7,5.6,18.3,5.1
7004,0.9984,0,WARNING,23.5,6.1,19.4,5.5
7005,0.9984,0,WARNING,22.9,5.6,20.0,5.7
7006,0.9984,0,WARNING,21.9,5.8,20.0,5.7
7007,0.9984,0,WARNING,22.5,6.1,19.6,4.8
7008,0.9744,0,WARNING,22.8,6.2,20.3,7.1
7009,0.9743,0,WARNING,22.9,5.3,19.5,6.7
7010,0.9743,0,WARNING,22.7,5.7,20.0,6.8
7011,0.9745,0,WARNING,22.5,6.0,20.8,7.3
7012,0.9984,0,WARNING,20.7,6.3,19.9,5.1
7013,0.9984,0,WARNING,22.1,5.4,19.3,5.2
7014,0.9751,0,WARNING,21.8,5.7,19.8,7.0
7015,0.9984,0,WARNING,19.7,5.4,19.7,5.6
7016,0.9984,0,WARNING,22.9,6.3,19.9,5.6
7017,0.9984,0,WARNING,21.3,5.5,19.0,4.7
7018,0.9984,0,WARNING,21.6,6.2,20.3,5.0
7019,0.9894,0,WARNING,21.3,6.3,20.6,6.1
7020,0.9984,0,WARNING,21.2,5.7,19.7,4.9
7021,0.9984,0,WARNING,22.6,5.5,18.9,5.2
7022,0.9894,0,WARNING,21.7,5.8,20.6,6.8
7023,0.9894,0,WARNING,20.3,6.2,19.3,6.1
7024,0.9741,0,WARNING,21.1,5.0,19.8,7.0
7025,0.9984,0,WARNING,20.5,6.1,19.6,5.2
7026,0.9739,0,WARNING,22.5,6.0,19.5,6.7
7027,0.9718,0,WARNING,21.1,5.6,19.2,6.7
7028,0.9643,0,WARNING,23.3,10.0,21.9,8.8
7029,1.0,0,ANOMALY,25.9,11.5,30.3,17.6
7030,0.9931,0,WARNING,28.1,13.1,28.0,11.2
7031,1.0,0,WARNING,24.9,10.8,25.9,13.2
7032,0.9985,0,WARNING,22.8,6.1,20.2,5.4
7033,0.989,0,WARNING,19.3,4.5,17.3,5.5
7034,0.9984,0,WARNING,18.7,4.9,19.3,4.7
7035,0.9736,0,WARNING,21.7,6.9,23.2,8.1
7036,0.9742,0,WARNING,21.8,5.5,19.4,6.7
7037,0.9984,0,WARNING,17.8,5.5,20.8,6.0
7038,0.9984,0,WARNING,16.5,5.3,19.5,5.6
7039,0.9894,0,WARNING,22.2,8.7,19.0,6.0
7040,0.9743,0,WARNING,16.4,4.8,20.2,7.1
7041,0.9749,0,WARNING,15.5,5.4,18.6,6.4
7042,0.9983,0,WARNING,16.2,5.3,19.3,4.7
7043,0.9745,0,WARNING,20.1,7.5,20.8,7.3
7044,0.9894,0,WARNING,19.8,6.2,19.6,6.1
7045,0.9984,0,WARNING,19.2,6.6,21.3,6.0
7046,0.9984,0,WARNING,20.7,6.0,19.1,5.1
7047,0.9894,0,WARNING,21.0,5.9,20.3,6.6
7048,0.9984,0,WARNING,20.2,5.5,19.4,5.0
7049,0.9984,0,WARNING,19.8,5.5,20.2,5.5
7050,0.9894,0,WARNING,22.4,7.1,22.4,7.0
7051,0.9893,0,WARNING,21.1,5.8,17.7,5.4
7052,0.9734,0,WARNING,22.6,6.1,20.8,7.2
7053,0.9734,0,WARNING,22.3,7.2,23.0,7.9
7054,0.9893,0,WARNING,22.4,6.0,21.5,6.9
7055,0.9984,0,WARNING,24.1,6.4,19.6,5.4
7056,0.9719,0,WARNING,24.8,6.2,20.8,7.3
7057,0.9721,0,WARNING,24.7,5.8,20.5,7.0
7058,0.9892,0,WARNING,24.9,6.3,20.7,6.4
7059,0.9984,0,WARNING,24.6,5.9,20.2,5.6
7060,0.9984,0,WARNING,24.5,6.1,21.2,6.0
7061,0.9984,0,WARNING,24.7,6.9,20.2,5.4
7062,0.9893,0,WARNING,25.0,5.8,21.0,6.8
7063,0.9984,0,WARNING,23.0,5.8,21.1,5.9
7064,0.9892,0,WARNING,24.8,6.7,20.5,6.4
7065,0.9984,0,WARNING,24.1,6.1,20.0,5.3
7066,0.9984,0,WARNING,24.7,5.8,21.2,5.3
7067,0.9706,0,WARNING,24.5,5.8,20.2,6.9
7068,0.9984,0,WARNING,22.1,6.3,21.5,6.0
7069,0.9702,0,WARNING,22.9,6.6,20.8,7.0
7070,0.9984,0,WARNING,23.2,5.8,21.6,6.0
7071,0.9984,0,WARNING,24.6,6.2,19.2,4.7
7072,0.9893,0,WARNING,23.3,6.5,21.9,7.0
7073,0.9893,0,WARNING,24.3,6.3,20.9,6.6
7074,0.9697,0,WARNING,24.9,6.2,21.3,7.1
7075,0.9984,0,WARNING,24.0,6.6,20.6,5.5
7076,0.9694,0,WARNING,24.1,6.7,21.6,7.4
7077,0.97,0,WARNING,24.5,6.4,20.6,7.0
7078,0.9984,0,WARNING,24.5,6.5,20.9,5.2
7079,0.9695,0,WARNING,24.5,6.2,20.6,7.2
7080,0.9893,0,WARNING,23.7,6.5,20.8,6.5
7081,0.9893,0,WARNING,23.9,6.1,20.8,6.6
7082,0.9984,0,WARNING,23.4,6.7,21.0,5.6
7083,0.9984,0,WARNING,25.6,6.4,21.8,5.5
7084,0.9984,0,WARNING,22.1,5.3,19.4,4.7
7085,0.9685,0,WARNING,23.3,6.7,21.6,7.3
7086,0.9984,0,WARNING,23.8,6.8,21.9,6.1
7087,0.9663,0,WARNING,23.0,5.6,21.0,7.2
7088,0.9532,0,WARNING,26.5,8.1,21.6,8.6
7089,1.0,0,ANOMALY,29.9,18.1,34.0,18.4
7090,0.9999,0,WARNING,29.2,8.0,29.9,12.6
7091,1.0,0,WARNING,24.8,7.7,27.1,11.1
7092,0.9686,0,WARNING,25.3,6.7,21.1,7.1
7093,0.9889,0,WARNING,20.1,3.7,15.4,4.8
7094,0.9688,0,WARNING,25.3,7.2,25.2,8.7
7095,0.9686,0,WARNING,24.3,6.9,22.0,7.4
7096,0.9984,0,WARNING,25.0,6.5,22.2,6.1
7097,0.9681,0,WARNING,25.0,7.0,20.9,6.9
7098,0.9984,0,WARNING,25.2,6.5,22.0,5.5
7099,0.9667,0,WARNING,23.8,6.5,21.5,7.1
7100,0.967,0,WARNING,23.6,6.5,21.5,7.2
7101,0.9665,0,WARNING,23.0,5.7,19.7,6.6
7102,0.9671,0,WARNING,23.4,7.0,23.4,7.8
7103,0.9675,0,WARNING,25.3,6.4,21.3,7.3
7104,0.9892,0,WARNING,25.1,6.2,20.7,6.4
7105,0.9984,0,WARNING,24.0,6.4,20.7,5.6
7106,0.967,0,WARNING,22.1,6.0,20.3,6.6
7107,0.9893,0,WARNING,23.5,6.3,20.7,6.4
7108,0.9666,0,WARNING,24.0,6.3,20.8,7.0
7109,0.967,0,WARNING,24.1,6.3,21.7,7.4
7110,0.9984,0,WARNING,23.0,6.8,20.4,5.4
7111,0.9984,0,WARNING,23.2,6.3,21.2,5.8
7112,0.9663,0,WARNING,21.5,5.3,19.6,6.7
7113,0.9671,0,WARNING,22.3,6.0,22.4,7.7
7114,0.9669,0,WARNING,24.1,6.4,20.7,6.8
7115,0.9658,0,WARNING,24.4,6.5,20.7,6.9
7116,0.9984,0,WARNING,23.4,6.7,21.9,6.0
7117,0.9984,0,WARNING,20.9,5.6,20.4,5.5
7118,0.9664,0,WARNING,20.6,6.4,21.8,7.5
7119,0.9663,0,WARNING,23.6,6.7,20.4,6.8
7120,0.9984,0,WARNING,22.3,7.0,21.9,5.5
7121,0.9984,0,WARNING,21.9,6.5,21.5,5.8
7122,0.9984,0,WARNING,22.5,6.4,21.8,5.4
7123,0.9654,0,WARNING,21.9,6.9,23.0,7.6
7124,0.9653,0,WARNING,22.7,6.5,21.4,7.2
7125,0.9654,0,WARNING,21.4,6.0,21.0,7.2
7126,0.9654,0,WARNING,21.3,6.4,21.6,7.4
7127,0.9893,0,WARNING,21.6,4.5,15.7,4.8
7128,0.9984,0,WARNING,23.9,10.8,20.7,7.1
7129,0.9711,0,WARNING,22.0,9.5,22.0,7.4
7130,0.9984,0,WARNING,18.6,6.7,22.3,6.2
7131,0.9892,0,WARNING,18.2,6.5,20.7,6.6
7132,0.9984,0,WARNING,17.8,6.8,21.6,6.0
7133,0.9703,0,WARNING,18.8,6.9,21.2,7.3
7134,0.9698,0,WARNING,17.8,6.6,22.7,7.8
7135,0.9984,0,WARNING,17.5,6.7,20.5,5.6
7136,0.9983,0,WARNING,17.1,6.5,21.9,6.2
7137,0.9695,0,WARNING,17.2,6.5,21.8,8.0
7138,0.9695,0,WARNING,17.2,7.0,22.0,7.5
7139,0.9694,0,WARNING,17.3,6.8,21.2,7.1
7140,0.9983,0,WARNING,17.5,7.0,23.1,6.4
7141,0.9983,0,WARNING,17.3,6.5,21.2,5.9
7142,0.9983,0,WARNING,17.3,7.2,21.5,5.9
7143,0.9983,0,WARNING,16.9,7.1,21.8,6.1
7144,0.9688,0,WARNING,17.3,6.6,22.4,7.7
7145,0.9984,0,WARNING,16.7,7.0,22.5,6.3
7146,0.9684,0,WARNING,16.9,6.8,22.2,7.5
7147,0.9983,0,WARNING,17.7,7.2,22.5,6.1
7148,0.9559,0,WARNING,19.2,7.8,23.1,9.3
7149,1.0,0,ANOMALY,21.8,11.5,31.5,18.4
7150,0.9998,0,WARNING,22.3,16.8,34.8,13.5
7151,1.0,0,ANOMALY,21.9,7.9,28.5,14.8
7152,0.9985,0,WARNING,17.4,5.1,18.5,4.5
7153,0.9984,0,WARNING,18.5,5.8,18.9,4.4
7154,0.9672,0,WARNING,18.1,7.5,26.5,8.9
7155,0.9984,0,WARNING,19.0,8.8,26.1,7.7
7156,0.9677,0,WARNING,18.0,7.7,23.3,7.6
7157,0.9678,0,WARNING,16.8,6.7,25.0,8.5
7158,0.9891,0,WARNING,19.0,8.3,23.2,7.3
7159,0.9675,0,WARNING,17.9,6.8,22.8,7.8
7160,0.9984,0,WARNING,17.5,6.7,22.8,5.9
7161,0.9983,0,WARNING,18.6,7.2,22.9,6.4
7162,0.9685,0,WARNING,19.4,8.4,23.4,7.7
7163,0.9984,0,WARNING,19.6,8.3,24.1,6.5
7164,0.9675,0,WARNING,18.6,7.8,24.1,8.1
7165,0.9673,0,WARNING,19.3,7.4,22.7,7.5
7166,0.9984,0,WARNING,19.9,7.5,23.4,6.5
7167,0.9984,0,WARNING,20.0,8.5,24.5,6.7
7168,0.9664,0,WARNING,19.6,8.0,24.1,8.1
7169,0.9891,0,WARNING,19.4,8.1,23.7,7.4
7170,0.9891,0,WARNING,19.2,8.1,24.2,7.5
7171,0.9984,0,WARNING,19.3,8.1,23.8,6.3
7172,0.9984,0,WARNING,19.2,8.2,24.4,6.7
7173,0.9984,0,WARNING,19.1,7.9,24.2,6.7
7174,0.9984,0,WARNING,19.2,8.8,24.2,6.7
7175,0.9659,0,WARNING,18.4,7.2,23.6,8.0
7176,0.9984,0,WARNING,16.8,5.9,22.5,6.3
7177,0.9673,0,WARNING,18.5,9.2,23.1,7.6
7178,0.9651,0,WARNING,19.4,8.6,24.5,8.4
7179,0.9984,0,WARNING,20.3,8.2,24.5,6.6
7180,0.9984,0,WARNING,19.5,8.0,24.0,6.6
7181,0.9984,0,WARNING,19.6,8.0,23.2,5.7
7182,0.9646,0,WARNING,19.6,8.6,24.7,8.1
7183,0.9984,0,WARNING,19.8,8.3,24.4,6.7
7184,0.9646,0,WARNING,19.0,7.6,24.6,8.2
7185,0.9984,0,WARNING,20.0,8.6,23.6,7.0
7186,0.9637,0,WARNING,19.9,8.4,24.5,8.6
7187,0.9643,0,WARNING,20.6,8.8,23.8,8.2
7188,0.9641,0,WARNING,19.3,7.7,24.2,8.0
7189,0.9649,0,WARNING,19.0,7.7,22.8,7.5
7190,0.9984,0,WARNING,19.4,8.0,24.4,6.8
7191,0.9984,0,WARNING,18.9,7.2,23.1,6.4
7192,0.9892,0,WARNING,18.7,7.9,24.6,7.7
7193,0.9984,0,WARNING,18.1,7.9,24.1,7.2
7194,0.9892,0,WARNING,18.4,7.9,24.2,7.5
7195,0.9621,0,WARNING,18.7,6.9,23.4,7.6
7196,0.9984,0,WARNING,18.1,7.3,23.8,6.5
7197,0.9984,0,WARNING,18.1,7.8,23.9,6.6
7198,0.9984,0,WARNING,18.7,7.9,23.5,6.8
7199,0.9622,0,WARNING,18.9,6.8,23.9,8.0
7200,0.9617,0,WARNING,18.5,7.4,23.6,7.9
7201,0.9984,0,WARNING,18.6,8.0,23.6,6.5
7202,0.9984,0,WARNING,18.0,7.4,23.4,6.3
7203,0.9983,0,WARNING,18.3,6.8,20.8,4.9
7204,0.9983,0,WARNING,18.6,8.1,26.5,7.3
7205,0.9617,0,WARNING,18.3,7.5,23.9,8.0
7206,0.9984,0,WARNING,18.5,7.4,23.5,6.5
7207,0.9892,0,WARNING,18.9,6.7,22.4,7.0
7208,0.9462,0,WARNING,20.7,9.6,25.5,9.6
7209,0.9467,0,WARNING,19.8,7.4,23.7,7.8
7210,1.0,0,ANOMALY,25.0,19.2,39.7,24.5
7211,0.9924,0,WARNING,22.5,9.4,29.6,11.2
7212,1.0,0,ANOMALY,20.4,6.9,22.4,11.7
7213,0.9984,0,WARNING,20.7,6.3,25.2,8.1
7214,0.9612,0,WARNING,19.1,6.6,24.1,8.2
7215,0.9595,0,WARNING,18.6,7.5,25.9,8.5
7216,0.9601,0,WARNING,19.3,8.4,26.0,8.5
7217,0.9984,0,WARNING,20.2,9.0,26.5,7.2
7218,0.9984,0,WARNING,18.8,7.4,23.0,5.7
7219,0.9891,0,WARNING,18.2,6.7,23.1,7.1
7220,0.9984,0,WARNING,18.3,7.0,23.2,6.2
7221,0.9892,0,WARNING,17.9,7.5,23.6,7.3
7222,0.9984,0,WARNING,17.9,7.0,23.4,5.9
7223,0.9893,0,WARNING,17.3,6.7,22.8,7.0
7224,0.9583,0,WARNING,17.2,7.0,22.8,7.5
7225,0.9584,0,WARNING,17.2,7.2,23.3,7.7
7226,0.9893,0,WARNING,17.0,7.2,22.7,7.0
7227,0.9984,0,WARNING,17.4,7.1,23.6,6.3
7228,0.9581,0,WARNING,17.9,7.4,22.7,7.4
7229,0.9984,0,WARNING,17.8,7.5,23.3,5.8
7230,0.958,0,WARNING,17.4,7.2,22.2,7.3
7231,0.9581,0,WARNING,17.2,7.3,23.0,7.6
7232,0.9984,0,WARNING,17.1,7.4,23.4,5.9
7233,0.9983,0,WARNING,17.2,7.3,21.9,5.3
7234,0.9893,0,WARNING,16.9,6.8,23.2,7.1
7235,0.9983,0,WARNING,18.0,6.5,22.0,5.8
7236,0.9983,0,WARNING,17.2,7.6,23.4,5.7
7237,0.9575,0,WARNING,17.5,7.3,23.6,7.8
7238,0.9893,0,WARNING,17.4,6.9,22.8,7.1
7239,0.9984,0,WARNING,17.6,7.2,23.0,5.7
7240,0.9983,0,WARNING,17.8,7.2,23.0,5.7
7241,0.9893,0,WARNING,17.3,7.0,22.9,7.1
7242,0.9984,0,WARNING,17.6,7.0,23.1,5.7
7243,0.9893,0,WARNING,17.3,7.3,23.0,6.9
7244,0.9565,0,WARNING,17.3,7.1,22.6,7.2
7245,0.9566,0,WARNING,17.5,6.7,22.9,7.6
7246,0.9984,0,WARNING,17.0,7.0,22.8,6.2
7247,0.9893,0,WARNING,17.8,7.0,21.5,6.5
7248,0.9893,0,WARNING,17.4,7.5,23.9,7.4
7249,0.9893,0,WARNING,16.7,7.1,22.5,6.9
7250,0.9893,0,WARNING,16.8,6.8,22.5,6.9
7251,0.9893,0,WARNING,17.1,6.9,22.6,6.8
7252,0.9984,0,WARNING,16.7,6.7,22.0,5.2
7253,0.9894,0,WARNING,16.7,7.0,22.1,6.8
7254,0.9894,0,WARNING,17.0,7.2,23.6,6.6
7255,0.956,0,WARNING,16.9,6.3,22.5,7.5
7256,0.9983,0,WARNING,16.6,6.7,22.4,6.0
7257,0.9983,0,WARNING,17.9,6.9,22.4,5.5
7258,0.9983,0,WARNING,18.0,6.8,22.0,5.3
7259,0.9983,0,WARNING,18.3,6.3,23.0,5.6
7260,0.9983,0,WARNING,18.6,6.5,22.0,5.7
7261,0.9549,0,WARNING,18.3,7.1,23.0,7.6
7262,0.9983,0,WARNING,19.0,6.6,22.5,5.5
7263,0.9548,0,WARNING,19.1,6.7,22.3,7.4
7264,0.9983,0,WARNING,18.1,6.6,21.8,5.7
7265,0.9983,0,WARNING,18.2,6.8,22.8,6.1
7266,0.9893,0,WARNING,19.0,6.2,21.9,6.7
7267,0.9983,0,WARNING,19.7,6.8,21.8,5.0
7268,0.9983,0,WARNING,20.8,9.1,23.4,7.0
7269,1.0,0,ANOMALY,24.7,14.8,34.4,21.2
7270,1.0,0,ANOMALY,22.5,14.6,30.2,10.5
7271,1.0,0,ANOMALY,21.5,9.3,28.7,15.2
7272,0.9985,0,WARNING,19.9,6.8,22.4,5.6
7273,0.9889,0,WARNING,16.8,2.1,13.0,3.9
7274,0.9893,0,WARNING,19.2,8.5,25.5,7.1
7275,0.9983,0,WARNING,19.3,8.0,27.1,7.3
7276,0.9533,0,WARNING,19.2,7.3,24.1,7.8
7277,0.9984,0,WARNING,19.0,6.6,22.3,5.5
7278,0.9535,0,WARNING,19.0,6.7,22.3,7.3
7279,0.9533,0,WARNING,18.6,6.8,22.4,7.5
7280,0.9532,0,WARNING,18.4,6.4,22.5,7.4
7281,0.9893,0,WARNING,18.5,6.5,22.3,6.8
7282,0.9983,0,WARNING,18.7,6.6,22.2,5.4
7283,0.9983,0,WARNING,18.8,6.5,22.2,5.8
7284,0.9893,0,WARNING,18.4,6.3,22.2,6.8
7285,0.9983,0,WARNING,18.7,6.4,22.2,5.4
7286,0.9983,0,WARNING,18.8,6.8,22.1,5.3
7287,0.9983,0,WARNING,18.4,6.5,21.9,5.4
7288,0.9894,0,WARNING,18.0,6.2,22.2,6.8
7289,0.9983,0,WARNING,18.7,6.5,22.0,5.3
7290,0.9894,0,WARNING,17.9,6.5,22.0,6.7
7291,0.9894,0,WARNING,17.5,6.8,22.2,6.6
7292,0.9983,0,WARNING,17.6,6.3,22.2,5.3
7293,0.9983,0,WARNING,17.6,6.3,22.0,5.4
7294,0.9894,0,WARNING,18.2,6.6,22.1,6.8
7295,0.9983,0,WARNING,18.6,6.3,22.1,6.0
7296,0.9983,0,WARNING,17.9,5.3,18.5,4.4
7297,0.9895,0,WARNING,17.8,6.8,24.7,7.7
7298,0.9535,0,WARNING,17.6,6.2,20.7,6.7
7299,0.9532,0,WARNING,17.3,6.5,22.0,6.9
7300,0.9521,0,WARNING,17.7,6.5,23.5,7.7
7301,0.9983,0,WARNING,17.0,5.5,18.5,4.1
7302,0.9983,0,WARNING,17.5,7.1,25.4,6.5
7303,0.9894,0,WARNING,17.1,6.4,21.7,6.6
7304,0.9983,0,WARNING,17.7,6.4,21.7,5.2
7305,0.9983,0,WARNING,17.7,6.4,22.4,6.0
7306,0.9983,0,WARNING,17.1,5.9,21.8,5.2
7307,0.9983,0,WARNING,17.2,6.3,22.0,5.2
7308,0.9983,0,WARNING,17.2,6.3,22.3,5.4
7309,0.9983,0,WARNING,17.7,6.4,21.0,4.9
7310,0.9514,0,WARNING,17.2,6.1,23.0,7.6
7311,0.9983,0,WARNING,16.5,6.6,22.0,5.4
7312,0.9894,0,WARNING,16.7,6.4,22.2,6.8
7313,0.9894,0,WARNING,16.6,6.3,22.3,6.8
7314,0.9894,0,WARNING,16.8,6.0,21.6,6.6
7315,0.9894,0,WARNING,17.3,6.1,21.8,6.5
7316,0.9515,0,WARNING,17.6,6.4,22.1,7.2
7317,0.9983,0,WARNING,17.4,6.8,23.0,6.1
7318,0.9983,0,WARNING,17.0,6.4,22.4,5.5
7319,0.9983,0,WARNING,16.6,6.3,22.0,5.9
7320,0.9983,0,WARNING,16.4,6.8,21.9,5.3
7321,0.9983,0,WARNING,16.6,6.6,22.0,5.4
7322,0.9894,0,WARNING,17.0,6.2,22.6,6.8
7323,0.9983,0,WARNING,17.2,6.5,21.8,5.0
7324,0.9894,0,WARNING,17.1,6.5,22.6,6.9
7325,0.9983,0,WARNING,17.0,6.2,21.6,5.6
7326,0.9983,0,WARNING,16.9,6.7,22.6,5.5
7327,0.9736,0,WARNING,17.6,6.5,22.1,6.5
7328,0.9983,0,WARNING,19.1,7.5,23.0,6.9
7329,1.0,0,ANOMALY,23.3,18.2,35.9,19.8
7330,0.9926,0,WARNING,19.4,7.5,31.0,12.0
7331,1.0,0,ANOMALY,19.6,11.4,33.2,17.2
7332,0.9487,0,WARNING,17.4,6.5,22.0,7.0
7333,0.9984,0,WARNING,17.1,5.9,22.4,5.4
7334,0.9891,0,WARNING,16.9,6.3,22.1,6.8
7335,0.9483,0,WARNING,17.0,6.4,21.1,6.8
7336,0.9983,0,WARNING,17.4,6.0,22.9,5.6
7337,0.9478,0,WARNING,16.8,6.4,22.9,7.5
7338,0.9894,0,WARNING,15.6,3.6,15.6,4.7
7339,0.9481,0,WARNING,18.2,8.1,25.1,7.8
7340,0.9983,0,WARNING,17.0,7.1,25.3,6.3
7341,0.9983,0,WARNING,16.7,5.8,21.1,5.4
7342,0.9983,0,WARNING,17.1,7.1,23.8,5.9
7343,0.9983,0,WARNING,16.4,6.4,22.4,5.9
7344,0.9983,0,WARNING,16.4,6.3,22.3,5.4
7345,0.9474,0,WARNING,16.4,6.0,21.9,7.0
7346,0.9983,0,WARNING,17.0,6.2,22.8,5.5
7347,0.9894,0,WARNING,16.6,6.4,22.1,6.6
7348,0.9983,0,WARNING,16.7,6.4,22.0,5.7
7349,0.9983,0,WARNING,16.7,6.1,22.0,5.8
7350,0.9983,0,WARNING,16.1,6.3,22.5,6.1
7351,0.9983,0,WARNING,16.7,6.5,22.3,5.3
7352,0.9894,0,WARNING,16.8,6.0,22.2,6.8
7353,0.9894,0,WARNING,16.4,6.3,22.6,6.9
7354,0.9894,0,WARNING,16.0,6.3,22.4,6.7
7355,0.9983,0,WARNING,16.0,6.4,22.2,5.7
7356,0.9894,0,WARNING,16.2,6.3,22.3,6.7
7357,0.9983,0,WARNING,15.8,6.2,22.2,5.4
7358,0.9983,0,WARNING,16.0,6.4,21.9,5.7
7359,0.9895,0,WARNING,16.7,6.0,22.1,6.7
7360,0.946,0,WARNING,16.8,6.1,22.4,7.3
7361,0.9894,0,WARNING,16.7,6.0,20.7,6.2
7362,0.9895,0,WARNING,16.7,4.4,17.6,5.1
7363,0.9983,0,WARNING,17.7,7.7,26.7,7.2
7364,0.9894,0,WARNING,17.6,6.9,23.8,7.1
7365,0.9983,0,WARNING,17.9,5.9,20.6,5.3
7366,0.9894,0,WARNING,18.6,6.9,23.6,7.2
7367,0.9983,0,WARNING,18.2,4.9,18.5,4.1
7368,0.9983,0,WARNING,18.2,6.4,22.1,5.6
7369,0.9983,0,WARNING,18.5,6.2,21.9,5.2
7370,0.9983,0,WARNING,18.5,7.2,26.0,7.0
7371,0.9983,0,WARNING,19.5,6.5,22.0,5.1
7372,0.9983,0,WARNING,18.8,6.1,23.0,5.5
7373,0.9445,0,WARNING,18.5,6.3,22.2,7.3
7374,0.9441,0,WARNING,18.3,6.1,22.3,7.3
7375,0.9983,0,WARNING,18.1,6.5,22.8,6.1
7376,0.9983,0,WARNING,19.0,6.1,22.0,5.6
7377,0.9983,0,WARNING,18.5,6.5,22.6,6.0
7378,0.9983,0,WARNING,17.8,6.5,22.2,5.8
7379,0.9894,0,WARNING,17.6,6.3,22.2,6.6
7380,0.9983,0,WARNING,18.2,6.3,22.6,5.4
7381,0.9442,0,WARNING,17.9,6.5,22.6,7.4
7382,0.9894,0,WARNING,17.6,6.5,23.2,7.0
7383,0.9893,0,WARNING,17.7,6.2,22.6,6.9
7384,0.9983,0,WARNING,17.6,6.3,22.5,5.3
7385,0.9435,0,WARNING,17.9,6.3,22.4,7.3
7386,0.9983,0,WARNING,17.5,6.2,22.3,5.3
7387,0.9388,0,WARNING,18.6,6.3,23.0,7.2
7388,0.9983,0,WARNING,20.2,7.5,24.0,7.5
7389,0.9173,0,WARNING,20.5,6.6,23.6,7.5
7390,1.0,0,ANOMALY,24.0,18.7,36.5,20.1
7391,0.9373,0,WARNING,21.8,7.6,30.4,10.0
7392,1.0,0,ANOMALY,20.8,9.7,31.9,17.3
7393,0.9985,0,WARNING,17.6,3.4,15.5,3.1
7394,0.9984,0,WARNING,20.2,8.7,27.9,7.0
7395,0.9423,0,WARNING,19.1,7.5,27.0,8.6
7396,0.9984,0,WARNING,18.7,6.9,23.0,6.0
7397,0.9984,0,WARNING,18.5,6.8,23.7,6.2
7398,0.9892,0,WARNING,17.9,7.0,23.1,6.9
7399,0.9418,0,WARNING,17.7,7.1,24.2,7.9
7400,0.9417,0,WARNING,18.4,6.9,24.1,7.8
7401,0.9893,0,WARNING,18.3,7.0,23.3,6.9
7402,0.9893,0,WARNING,18.2,7.5,23.3,6.9
7403,0.9893,0,WARNING,18.1,7.6,24.0,7.1
7404,0.9984,0,WARNING,18.4,7.3,23.8,5.7
7405,0.9984,0,WARNING,17.9,7.0,23.0,5.9
7406,0.9893,0,WARNING,17.9,7.3,23.3,7.1
7407,0.9893,0,WARNING,18.4,6.7,22.4,6.8
7408,0.9417,0,WARNING,18.1,8.2,25.0,8.0
7409,0.9739,0,WARNING,18.5,7.1,24.1,7.1
7410,0.9893,0,WARNING,18.2,7.8,23.6,7.0
7411,0.9984,0,WARNING,19.0,8.4,24.2,5.8
7412,0.9418,0,WARNING,19.0,7.1,23.4,7.5
7413,0.9984,0,WARNING,19.1,7.3,23.7,5.6
7414,0.9984,0,WARNING,20.2,8.2,24.9,6.1
7415,0.9403,0,WARNING,19.4,7.8,24.1,7.8
7416,0.9984,0,WARNING,18.3,7.2,23.7,6.2
7417,0.9984,0,WARNING,18.1,7.6,24.0,5.9
7418,0.9983,0,WARNING,18.4,8.0,24.6,6.0
7419,0.9984,0,WARNING,18.6,7.8,24.0,6.2
7420,0.9984,0,WARNING,18.1,7.5,23.8,6.0
7421,0.939,0,WARNING,19.1,8.3,24.5,7.9
7422,0.9391,0,WARNING,19.3,8.2,24.7,8.0
7423,0.9391,0,WARNING,19.6,7.8,23.9,8.1
7424,0.9389,0,WARNING,18.7,7.9,24.8,8.0
7425,0.9388,0,WARNING,19.2,7.9,24.7,7.9
7426,0.9984,0,WARNING,19.0,7.9,23.9,6.2
7427,0.9892,0,WARNING,18.7,7.5,24.1,7.1
7428,0.9984,0,WARNING,18.3,7.9,23.4,6.1
7429,0.9385,0,WARNING,18.7,7.9,24.1,7.7
7430,0.9385,0,WARNING,19.2,8.2,24.7,8.0
7431,0.9382,0,WARNING,18.9,7.5,24.0,7.8
7432,0.9984,0,WARNING,18.7,7.8,24.6,6.1
7433,0.9892,0,WARNING,18.7,7.9,23.6,7.1
7434,0.9984,0,WARNING,17.8,7.8,24.7,6.5
7435,0.9984,0,WARNING,17.3,7.3,24.0,6.7
7436,0.9984,0,WARNING,17.3,7.3,24.0,6.2
7437,0.9386,0,WARNING,17.5,7.3,23.1,7.3
7438,0.9984,0,WARNING,18.4,8.1,24.6,6.5
7439,0.9394,0,WARNING,18.5,7.4,23.8,7.6
7440,0.9984,0,WARNING,17.5,7.6,24.8,6.1
7441,0.9984,0,WARNING,18.5,8.1,24.4,6.0
7442,0.9984,0,WARNING,18.2,7.5,24.0,6.2
7443,0.9892,0,WARNING,18.5,7.0,24.7,7.3
7444,0.9892,0,WARNING,17.9,7.1,23.3,6.7
7445,0.9984,0,WARNING,17.9,7.9,24.9,6.1
7446,0.9367,0,WARNING,18.4,7.9,24.6,8.4
7447,0.9984,0,WARNING,19.8,7.3,23.9,6.3
7448,0.9984,0,WARNING,19.4,9.3,22.6,7.1
7449,1.0,0,ANOMALY,23.7,13.2,38.4,21.2
7450,0.9998,0,WARNING,24.1,17.8,34.1,12.7
7451,1.0,0,ANOMALY,23.5,12.2,38.6,23.0
7452,0.9883,0,WARNING,19.1,7.8,25.8,7.6
7453,0.9985,0,WARNING,16.5,4.1,16.6,3.3
7454,0.9351,0,WARNING,17.7,8.8,27.5,8.7
7455,0.9362,0,WARNING,18.0,7.9,27.0,8.6
7456,0.9336,0,WARNING,18.9,9.6,27.3,8.7
7457,0.936,0,WARNING,18.1,7.9,25.3,8.5
7458,0.9335,0,WARNING,18.7,7.5,24.8,7.9
7459,0.9353,0,WARNING,17.8,8.6,25.6,8.5
7460,0.9341,0,WARNING,17.6,8.0,24.9,7.9
7461,0.9984,0,WARNING,18.1,7.9,25.2,6.8
7462,0.9892,0,WARNING,17.7,7.6,24.7,7.4
7463,0.9984,0,WARNING,17.7,7.7,24.7,6.5
7464,0.9984,0,WARNING,18.2,7.9,25.1,6.2
7465,0.9338,0,WARNING,18.6,7.8,25.0,8.1
7466,0.9984,0,WARNING,18.8,7.4,24.5,6.3
7467,0.9984,0,WARNING,19.0,7.5,24.3,5.8
7468,0.9984,0,WARNING,19.5,8.2,25.3,6.6
7469,0.9984,0,WARNING,19.7,8.0,24.2,6.2
7470,0.9332,0,WARNING,20.4,7.3,25.2,8.1
7471,0.9984,0,WARNING,19.5,7.6,25.2,6.2
7472,0.9335,0,WARNING,19.9,7.8,24.4,7.7
7473,0.9984,0,WARNING,19.7,7.7,24.8,7.0
7474,0.933,0,WARNING,19.7,7.4,24.9,7.9
7475,0.9329,0,WARNING,19.3,7.4,24.5,7.7
7476,0.9328,0,WARNING,19.9,8.0,25.0,7.9
7477,0.9984,0,WARNING,20.0,7.4,25.0,6.6
7478,0.9984,0,WARNING,19.7,8.1,25.0,6.5
7479,0.9984,0,WARNING,19.4,8.3,25.6,6.8
7480,0.9984,0,WARNING,20.4,7.9,25.1,6.6
7481,0.9984,0,WARNING,20.0,7.7,24.4,6.3
7482,0.9321,0,WARNING,20.0,8.2,25.3,8.1
7483,0.9321,0,WARNING,20.3,8.3,25.5,8.0
7484,0.9321,0,WARNING,20.2,7.6,24.7,7.6
7485,0.9984,0,WARNING,20.7,8.2,25.5,7.3
7486,0.9891,0,WARNING,19.6,7.7,23.7,7.0
7487,0.9329,0,WARNING,19.7,8.5,25.4,8.2
7488,0.9984,0,WARNING,21.0,8.2,25.0,6.6
7489,0.9984,0,WARNING,20.6,8.1,25.2,6.6
7490,0.9315,0,WARNING,20.8,8.5,25.4,8.1
7491,0.9984,0,WARNING,20.1,7.7,25.1,6.5
7492,0.9984,0,WARNING,20.0,8.0,25.7,7.2
7493,0.9314,0,WARNING,20.5,7.9,25.1,8.1
7494,0.9891,0,WARNING,20.5,8.3,25.3,7.5
7495,0.9984,0,WARNING,20.3,7.6,24.9,6.6
7496,0.9331,0,WARNING,20.6,8.0,25.6,8.1
7497,0.9316,0,WARNING,19.6,7.6,25.2,8.0
7498,0.9984,0,WARNING,19.7,8.0,25.4,6.7
7499,0.9984,0,WARNING,19.1,7.3,25.1,6.5
7500,0.9308,0,WARNING,19.4,7.6,25.2,7.8
7501,0.9319,0,WARNING,19.3,8.3,25.6,8.1
7502,0.9313,0,WARNING,18.9,8.2,25.9,8.2
7503,0.9984,0,WARNING,19.2,7.3,25.3,6.9
7504,0.9328,0,WARNING,19.5,8.1,25.0,8.0
7505,0.9984,0,WARNING,19.3,8.0,26.0,6.9
7506,0.9306,0,WARNING,19.9,7.6,25.1,7.9
7507,0.9278,0,WARNING,20.1,8.4,25.0,8.2
7508,0.9126,0,WARNING,18.8,6.3,21.2,8.0
7509,1.0,0,ANOMALY,23.0,8.1,27.4,11.7
7510,1.0,0,ANOMALY,26.3,22.1,43.5,20.6
7511,1.0,0,ANOMALY,25.1,9.8,29.2,14.2
7512,1.0,0,WARNING,21.9,10.9,33.1,14.7
7513,0.9985,0,WARNING,19.5,8.6,27.4,7.3
7514,0.9322,0,WARNING,16.8,3.3,15.8,5.0
7515,0.9983,0,WARNING,19.0,8.0,25.3,6.4
7516,0.93,0,WARNING,19.0,8.0,26.7,8.3
7517,0.9301,0,WARNING,19.8,9.6,26.2,8.2
7518,0.9305,0,WARNING,19.8,8.9,28.3,9.0
7519,0.9292,0,WARNING,21.8,9.8,27.0,8.9
7520,0.9984,0,WARNING,19.6,8.8,26.4,6.8
7521,0.9984,0,WARNING,18.8,8.2,28.4,7.8
7522,0.9984,0,WARNING,19.1,8.8,26.4,7.0
7523,0.9308,0,WARNING,18.5,8.7,28.6,9.0
7524,0.9303,0,WARNING,19.1,8.8,25.8,8.0
7525,0.9984,0,WARNING,19.1,8.6,26.8,8.0
7526,0.9984,0,WARNING,18.7,8.0,27.2,7.3
7527,0.9984,0,WARNING,20.5,9.3,26.4,6.9
7528,0.989,0,WARNING,20.2,8.0,25.4,7.5
7529,0.9276,0,WARNING,18.6,8.5,26.6,8.5
7530,0.9984,0,WARNING,20.5,9.3,26.6,7.0
7531,0.9281,0,WARNING,19.6,8.4,26.1,8.2
7532,0.9984,0,WARNING,19.3,7.8,26.4,6.8
7533,0.9984,0,WARNING,19.2,9.1,26.7,6.9
7534,0.9285,0,WARNING,19.2,8.9,26.2,8.3
7535,0.9984,0,WARNING,19.4,8.1,26.5,7.5
7536,0.9984,0,WARNING,18.7,9.0,26.6,7.1
7537,0.9276,0,WARNING,19.1,8.1,24.2,8.2
7538,0.9984,0,WARNING,19.1,8.7,26.6,7.1
7539,0.9287,0,WARNING,19.5,8.2,27.3,8.6
7540,0.989,0,WARNING,18.6,8.1,24.5,7.1
7541,0.928,0,WARNING,18.3,9.0,27.5,9.2
7542,0.9984,0,WARNING,18.8,8.3,26.8,7.6
7543,0.9984,0,WARNING,19.4,8.8,26.4,6.7
7544,0.9479,0,WARNING,18.8,9.4,25.7,8.2
7545,0.9984,0,WARNING,19.1,7.7,25.0,6.5
7546,0.9984,0,WARNING,19.1,8.9,28.0,8.5
7547,0.9273,0,WARNING,18.8,8.7,26.9,8.9
7548,0.9263,0,WARNING,19.5,8.9,26.4,8.0
7549,0.9257,0,WARNING,19.9,9.1,26.5,8.3
7550,0.9258,0,WARNING,17.4,7.6,25.9,8.9
7551,0.9258,0,WARNING,19.9,9.2,26.7,8.4
7552,0.9256,0,WARNING,18.8,8.5,26.9,9.0
7553,0.9984,0,WARNING,19.2,9.2,26.8,7.1
7554,0.989,0,WARNING,19.2,8.7,26.1,7.7
7555,0.9246,0,WARNING,18.8,8.4,26.6,8.4
7556,0.9984,0,WARNING,19.4,9.1,26.9,6.9
7557,0.9255,0,WARNING,18.8,9.5,27.1,8.5
7558,0.9984,0,WARNING,19.3,8.7,26.9,8.2
7559,0.9256,0,WARNING,18.2,7.5,26.1,8.3
7560,0.9984,0,WARNING,18.6,8.5,26.8,6.6
7561,0.9242,0,WARNING,18.7,9.2,26.9,8.5
7562,0.9984,0,WARNING,17.7,8.1,25.7,6.8
7563,0.9984,0,WARNING,19.5,9.2,27.5,7.2
7564,0.9249,0,WARNING,21.4,9.6,27.0,8.2
7565,0.989,0,WARNING,18.7,8.3,24.7,7.2
7566,0.9984,0,WARNING,19.0,9.3,27.1,7.2
7567,0.9984,0,WARNING,18.7,6.5,23.3,5.5
7568,0.9891,0,WARNING,21.6,9.6,27.6,9.5
7569,1.0,0,WARNING,24.9,9.0,27.3,11.0
7570,1.0,0,ANOMALY,25.8,20.3,43.6,24.1
7571,0.9151,0,WARNING,23.9,9.8,30.5,9.3
7572,0.9975,0,WARNING,20.8,7.9,22.3,8.4
7573,1.0,0,WARNING,20.6,5.1,19.4,8.8
7574,1.0,0,WARNING,22.3,10.2,35.1,15.6
7575,0.9972,0,WARNING,19.9,9.3,26.6,9.5
7576,0.9984,0,WARNING,20.2,9.0,25.3,6.5
7577,0.9248,0,WARNING,20.1,8.7,26.2,8.3
7578,0.9984,0,WARNING,20.8,9.5,27.4,6.7
7579,0.9222,0,WARNING,20.4,9.5,27.7,8.6
7580,0.9232,0,WARNING,21.4,10.1,27.7,8.6
7581,0.9984,0,WARNING,19.6,8.5,26.9,7.1
7582,0.9239,0,WARNING,20.9,9.1,27.3,9.1
7583,0.9245,0,WARNING,21.0,9.6,26.6,8.9
7584,0.9889,0,WARNING,20.0,9.1,25.8,6.8
7585,0.922,0,WARNING,19.8,9.7,27.9,9.3
7586,0.9889,0,WARNING,19.8,8.5,26.0,7.6
7587,0.9984,0,WARNING,19.6,8.0,25.5,7.5
7588,0.9984,0,WARNING,22.1,9.4,26.9,7.1
7589,0.9984,0,WARNING,21.2,9.5,27.1,7.7
7590,0.9984,0,WARNING,19.4,8.2,26.3,7.5
7591,0.9198,0,WARNING,21.3,9.7,25.6,8.4
7592,0.9984,0,WARNING,19.5,8.4,26.7,7.0
7593,0.9201,0,WARNING,20.5,10.9,28.1,9.3
7594,0.9226,0,WARNING,20.2,9.2,27.6,9.2
7595,0.9181,0,WARNING,20.0,7.6,25.3,7.8
7596,0.9984,0,WARNING,20.0,8.8,26.1,6.3
7597,0.9215,0,WARNING,20.0,8.8,27.1,8.4
7598,0.9226,0,WARNING,19.1,8.4,26.9,8.6
7599,0.9211,0,WARNING,20.6,8.6,26.2,8.2
7600,0.9224,0,WARNING,20.8,8.7,26.3,8.2
7601,0.9213,0,WARNING,19.8,9.2,26.3,8.3
7602,0.9984,0,WARNING,20.2,9.5,26.4,6.8
7603,0.989,0,WARNING,20.7,9.4,27.9,8.2
7604,0.9984,0,WARNING,19.5,8.4,27.5,7.2
7605,0.9188,0,WARNING,20.9,10.2,27.9,8.7
7606,0.9197,0,WARNING,20.1,8.1,24.8,7.8
7607,0.9202,0,WARNING,19.2,7.6,25.8,8.1
7608,0.989,0,WARNING,18.4,6.1,20.6,5.9
7609,0.9211,0,WARNING,19.5,8.9,26.9,9.1
7610,0.9207,0,WARNING,19.5,8.7,24.7,8.2
7611,0.9194,0,WARNING,19.6,8.0,24.7,7.6
7612,0.9984,0,WARNING,19.1,8.6,25.1,5.8
7613,0.9984,0,WARNING,19.3,9.4,28.1,7.4
7614,0.9181,0,WARNING,19.1,8.8,27.3,8.6
7615,0.9984,0,WARNING,18.4,8.3,24.7,7.4
7616,0.9193,0,WARNING,20.2,9.3,27.5,8.5
7617,0.9984,0,WARNING,19.6,9.6,27.7,7.3
7618,0.9743,0,WARNING,19.0,7.9,24.3,7.5
7619,0.989,0,WARNING,18.3,6.7,22.2,6.2
7620,0.9983,0,WARNING,21.0,9.2,25.5,6.4
7621,0.9984,0,WARNING,18.7,8.0,27.2,7.2
7622,0.9891,0,WARNING,20.0,8.7,25.6,7.3
7623,0.9161,0,WARNING,20.2,9.6,26.8,8.4
7624,0.9984,0,WARNING,20.7,9.0,26.2,6.9
7625,0.9199,0,WARNING,20.5,9.3,27.9,8.8
7626,0.9889,0,WARNING,19.6,8.6,24.8,7.3
7627,0.9984,0,WARNING,19.4,6.9,21.6,5.1
7628,0.9993,0,WARNING,22.7,12.5,28.7,9.5
7629,1.0,0,ANOMALY,26.0,21.5,36.2,17.8
7630,0.9986,0,WARNING,24.0,9.8,34.0,11.8
7631,1.0,0,ANOMALY,26.8,14.3,38.5,22.8
7632,0.9986,0,WARNING,22.6,8.4,26.6,6.7
7633,0.9179,0,WARNING,21.2,9.7,28.0,8.8
7634,0.9191,0,WARNING,21.2,8.0,25.8,9.2
7635,0.9746,0,WARNING,20.3,8.2,25.5,7.8
7636,0.9194,0,WARNING,19.9,8.3,27.0,8.4
7637,0.9984,0,WARNING,20.6,10.6,26.0,6.5
7638,0.9984,0,WARNING,18.3,8.8,28.2,7.6
7639,0.9984,0,WARNING,19.7,9.4,25.8,6.6
7640,0.9179,0,WARNING,19.0,8.7,27.8,8.9
7641,0.9984,0,WARNING,18.6,9.2,26.2,6.2
7642,0.9984,0,WARNING,19.3,8.9,27.1,6.5
7643,0.9984,0,WARNING,19.4,9.2,26.2,6.7
7644,0.9195,0,WARNING,19.5,9.0,27.2,8.3
7645,0.9195,0,WARNING,17.8,7.1,23.8,7.5
7646,0.9984,0,WARNING,17.8,6.3,21.6,5.3
7647,0.9893,0,WARNING,18.5,8.2,25.0,7.2
7648,0.9983,0,WARNING,19.8,9.2,27.0,7.7
7649,0.9984,0,WARNING,19.5,9.3,26.3,6.8
7650,0.9194,0,WARNING,19.5,8.2,24.8,7.7
7651,0.9984,0,WARNING,19.4,9.0,25.4,6.6
7652,0.917,0,WARNING,19.7,9.5,27.1,8.3
7653,0.9984,0,WARNING,19.6,7.9,23.5,5.4
7654,0.9984,0,WARNING,19.2,8.5,28.5,7.7
7655,0.9161,0,WARNING,19.8,8.1,24.6,7.6
7656,0.9189,0,WARNING,19.8,9.3,26.5,8.4
7657,0.9984,0,WARNING,18.8,7.9,26.9,7.2
7658,0.9193,0,WARNING,19.7,9.0,25.5,8.0
7659,0.9984,0,WARNING,18.8,7.8,24.8,6.9
7660,0.9984,0,WARNING,19.2,9.5,27.7,6.6
7661,0.9984,0,WARNING,19.7,9.0,25.5,6.5
7662,0.917,0,WARNING,18.5,8.2,25.9,8.1
7663,0.9185,0,WARNING,18.7,8.8,25.7,8.0
7664,0.9984,0,WARNING,19.8,8.8,25.1,7.0
7665,0.9984,0,WARNING,18.3,7.7,25.0,6.4
7666,0.9984,0,WARNING,18.6,7.6,24.4,6.3
7667,0.9892,0,WARNING,18.0,7.7,24.7,7.2
7668,0.9162,0,WARNING,19.1,8.3,24.6,8.0
7669,0.9984,0,WARNING,18.7,8.9,25.6,6.5
7670,0.9984,0,WARNING,19.1,9.0,25.4,7.0
7671,0.9984,0,WARNING,21.1,8.8,25.2,6.5
7672,0.9179,0,WARNING,20.3,9.0,26.8,8.4
7673,0.9984,0,WARNING,20.3,9.7,27.3,6.6
7674,0.9195,0,WARNING,20.4,9.7,27.6,9.2
7675,0.9179,0,WARNING,19.3,9.0,25.5,7.9
7676,0.9984,0,WARNING,20.1,8.1,24.7,6.2
7677,0.9984,0,WARNING,19.0,8.0,23.9,6.0
7678,0.9168,0,WARNING,19.4,7.8,22.8,6.9
7679,0.9984,0,WARNING,18.9,8.5,24.6,6.3
7680,0.9151,0,WARNING,19.3,8.4,25.6,7.9
7681,0.92,0,WARNING,18.9,8.6,28.0,9.5
7682,0.9984,0,WARNING,19.2,7.9,24.4,6.3
7683,0.9984,0,WARNING,20.2,8.4,24.3,6.1
7684,0.9984,0,WARNING,20.7,8.9,26.4,6.7
7685,0.9984,0,WARNING,19.2,7.9,26.5,7.0
7686,0.9984,0,WARNING,20.8,10.1,26.1,7.1
7687,0.9111,0,WARNING,22.7,10.1,29.1,9.1
7688,0.8851,0,WARNING,22.5,10.5,29.5,11.1
7689,1.0,0,ANOMALY,28.7,25.2,37.8,21.0
7690,1.0,0,WARNING,23.9,12.3,36.3,13.9
7691,1.0,0,ANOMALY,25.4,12.3,34.2,19.7
7692,0.9882,0,WARNING,22.2,8.5,28.7,8.2
7693,0.9985,0,WARNING,20.5,9.4,26.7,7.2
7694,0.919,0,WARNING,21.6,9.8,28.6,9.1
7695,0.9984,0,WARNING,20.3,9.4,28.7,7.7
7696,0.9189,0,WARNING,20.5,9.5,25.2,7.8
7697,0.9889,0,WARNING,19.8,9.0,28.2,8.5
7698,0.9164,0,WARNING,20.0,9.4,25.9,8.1
7699,0.989,0,WARNING,19.4,8.8,28.3,8.4
7700,0.9984,0,WARNING,20.0,9.1,27.0,6.6
7701,0.9984,0,WARNING,18.8,8.5,25.0,6.3
7702,0.9179,0,WARNING,19.3,8.9,27.9,8.9
7703,0.9984,0,WARNING,20.9,8.9,25.8,6.2
7704,0.9187,0,WARNING,19.9,8.3,25.0,7.8
7705,0.9182,0,WARNING,21.0,9.0,27.7,8.8
7706,0.9169,0,WARNING,21.1,9.7,25.4,8.4
7707,0.9984,0,WARNING,20.5,9.2,28.0,7.4
7708,0.9162,0,WARNING,20.2,9.4,25.4,7.7
7709,0.989,0,WARNING,19.4,9.0,28.2,8.2
7710,0.9984,0,WARNING,19.6,9.5,25.1,6.4
7711,0.9984,0,WARNING,20.9,9.1,27.7,7.3
7712,0.9984,0,WARNING,20.4,10.2,26.9,7.5
7713,0.9166,0,WARNING,19.7,9.0,26.2,8.2
7714,0.9186,0,WARNING,18.5,8.2,22.1,6.8
7715,0.9149,0,WARNING,18.2,7.2,23.9,8.0
7716,0.9892,0,WARNING,20.1,8.6,25.2,7.2
7717,0.9151,0,WARNING,20.7,9.4,25.4,7.7
7718,0.9137,0,WARNING,21.3,9.7,28.8,9.1
7719,0.989,0,WARNING,20.4,9.8,27.9,8.3
7720,0.9159,0,WARNING,20.2,9.3,26.3,8.1
7721,0.989,0,WARNING,20.9,9.6,28.2,8.4
7722,0.9984,0,WARNING,19.1,8.1,25.0,6.4
7723,0.9984,0,WARNING,20.1,9.2,27.6,7.4
7724,0.9984,0,WARNING,19.1,9.1,25.0,6.8
7725,0.9984,0,WARNING,19.1,8.2,24.9,6.8
7726,0.9157,0,WARNING,18.1,7.1,26.5,9.0
7727,0.9984,0,WARNING,17.3,4.8,20.1,5.1
7728,0.9893,0,WARNING,20.5,9.3,25.8,7.4
7729,0.9892,0,WARNING,19.6,7.8,25.0,7.4
7730,0.9163,0,WARNING,18.6,7.1,22.4,6.9
7731,0.9983,0,WARNING,20.2,9.0,24.8,6.3
7732,0.9984,0,WARNING,19.1,8.7,27.5,6.7
7733,0.9984,0,WARNING,19.8,8.2,25.1,6.3
7734,0.9137,0,WARNING,19.3,8.8,25.6,8.0
7735,0.9159,0,WARNING,18.2,7.7,25.8,8.1
7736,0.9984,0,WARNING,17.9,7.4,22.7,5.8
7737,0.9166,0,WARNING,19.2,8.5,25.0,7.8
7738,0.9984,0,WARNING,18.9,9.4,25.7,6.6
7739,0.917,0,WARNING,17.6,8.0,25.0,8.4
7740,0.9984,0,WARNING,19.4,8.6,25.3,6.4
7741,0.9984,0,WARNING,17.5,7.2,24.7,6.3
7742,0.9983,0,WARNING,20.9,8.8,25.6,6.6
7743,0.9179,0,WARNING,20.3,8.0,25.2,7.9
7744,0.9984,0,WARNING,19.9,8.2,23.6,5.9
7745,0.9164,0,WARNING,19.4,8.4,27.0,8.6
7746,0.9163,0,WARNING,19.9,9.2,25.7,7.9
7747,0.9891,0,WARNING,20.7,8.4,25.7,7.5
7748,0.9998,0,WARNING,21.5,13.3,27.0,9.0
7749,1.0,0,ANOMALY,24.3,18.7,36.0,21.0
7750,1.0,0,WARNING,23.5,13.4,36.5,15.5
7751,1.0,0,ANOMALY,21.9,9.5,29.2,17.4
7752,0.9181,0,WARNING,20.5,8.6,29.8,11.1
7753,0.9985,0,WARNING,19.7,8.6,25.8,7.1
7754,0.9179,0,WARNING,19.6,8.7,24.5,7.6
7755,0.9743,0,WARNING,19.7,8.4,25.8,7.4
7756,0.9167,0,WARNING,19.4,8.0,27.1,8.5
7757,0.9984,0,WARNING,19.0,8.1,23.8,5.9
7758,0.9984,0,WARNING,19.9,9.4,26.7,7.5
7759,0.9984,0,WARNING,20.3,9.1,25.5,6.0
7760,0.9984,0,WARNING,19.0,8.2,25.3,6.5
7761,0.9984,0,WARNING,18.5,8.9,25.8,6.8
7762,0.9984,0,WARNING,19.1,8.9,27.3,7.8
7763,0.9984,0,WARNING,18.7,9.1,25.0,6.9
7764,0.9984,0,WARNING,19.5,9.0,25.1,6.4
7765,0.9984,0,WARNING,19.2,8.8,25.5,6.5
7766,0.9984,0,WARNING,18.8,8.7,26.2,6.7
7767,0.9152,0,WARNING,18.9,8.4,23.7,7.4
7768,0.9158,0,WARNING,17.8,6.6,22.6,7.2
7769,0.9893,0,WARNING,19.5,8.7,24.9,7.2
7770,0.9984,0,WARNING,19.1,8.5,24.8,5.8
7771,0.9984,0,WARNING,19.7,8.8,27.1,7.2
7772,0.9984,0,WARNING,18.5,7.8,24.5,6.1
7773,0.9984,0,WARNING,19.2,8.4,24.5,6.1
7774,0.9892,0,WARNING,18.8,8.3,25.8,6.8
7775,0.9984,0,WARNING,19.4,9.1,26.2,7.3
7776,0.9984,0,WARNING,20.7,9.1,28.1,7.5
7777,0.9984,0,WARNING,20.1,9.0,26.4,6.8
7778,0.9136,0,WARNING,20.2,8.6,26.2,8.1
7779,0.989,0,WARNING,20.7,9.4,26.1,7.6
7780,0.9984,0,WARNING,19.8,8.0,25.7,6.7
7781,0.989,0,WARNING,20.5,8.8,24.1,6.9
7782,0.9155,0,WARNING,20.9,8.9,27.7,8.7
7783,0.9984,0,WARNING,19.8,8.0,23.8,6.1
7784,0.9891,0,WARNING,21.4,8.6,26.9,8.0
7785,0.9145,0,WARNING,21.0,8.8,24.6,8.1
7786,0.9128,0,WARNING,19.6,7.9,26.8,9.1
7787,0.9104,0,WARNING,21.1,9.2,24.9,7.6
7788,0.9984,0,WARNING,20.7,8.2,24.8,6.2
7789,0.9742,0,WARNING,20.9,8.5,26.8,7.7
7790,0.989,0,WARNING,20.9,8.8,24.9,7.1
7791,0.9984,0,WARNING,20.6,8.4,24.1,5.6
7792,0.9112,0,WARNING,21.1,8.2,26.8,8.4
7793,0.9984,0,WARNING,19.9,8.4,24.7,6.3
7794,0.9138,0,WARNING,20.4,8.3,27.1,8.6
7795,0.9984,0,WARNING,21.0,9.6,27.1,7.6
7796,0.9984,0,WARNING,21.3,9.0,25.9,6.5
7797,0.9148,0,WARNING,20.5,9.1,25.8,7.9
7798,0.989,0,WARNING,21.6,9.0,27.1,8.0
7799,0.914,0,WARNING,21.1,8.9,27.3,8.6
7800,0.9984,0,WARNING,20.5,8.7,25.7,6.5
7801,0.9984,0,WARNING,19.4,8.1,25.1,6.5
7802,0.9984,0,WARNING,20.1,8.7,27.0,7.0
7803,0.989,0,WARNING,21.2,8.6,26.8,7.9
7804,0.989,0,WARNING,20.3,8.1,27.1,7.3
7805,0.9104,0,WARNING,20.5,7.6,22.2,6.5
7806,0.9984,0,WARNING,20.4,8.2,26.4,6.9
7807,0.9051,0,WARNING,20.1,8.4,27.0,8.4
7808,0.8756,0,WARNING,22.9,10.4,28.2,10.0
7809,1.0,0,WARNING,24.7,10.0,27.4,9.8
7810,1.0,0,ANOMALY,27.2,22.7,43.5,22.7
7811,0.9036,0,WARNING,24.9,9.7,29.3,9.0
7812,1.0,0,ANOMALY,22.5,9.6,30.9,16.2
7813,0.9139,0,WARNING,22.5,9.5,31.5,11.5
7814,0.9127,0,WARNING,20.7,9.0,26.6,8.3
7815,0.9748,0,WARNING,20.2,8.5,26.3,7.7
7816,0.9984,0,WARNING,21.1,9.3,27.2,7.1
7817,0.9984,0,WARNING,21.1,8.7,26.4,6.8
7818,0.9984,0,WARNING,20.6,8.8,26.6,7.0
7819,0.9984,0,WARNING,19.8,8.4,26.1,6.4
7820,0.9115,0,WARNING,20.6,9.2,26.9,8.3
7821,0.9984,0,WARNING,19.0,7.2,24.5,6.2
7822,0.9984,0,WARNING,19.6,8.9,25.4,6.4
7823,0.9984,0,WARNING,20.6,8.4,26.9,6.6
7824,0.9984,0,WARNING,20.4,9.0,26.5,6.9
7825,0.9984,0,WARNING,18.6,7.7,25.3,6.6
7826,0.9891,0,WARNING,19.8,9.1,26.1,7.7
7827,0.9984,0,WARNING,19.6,8.7,26.3,6.4
7828,0.9984,0,WARNING,19.6,9.2,26.1,6.5
7829,0.9984,0,WARNING,19.2,9.0,28.2,7.3
7830,0.9984,0,WARNING,19.5,8.5,25.9,6.6
7831,0.9891,0,WARNING,19.4,8.8,25.8,7.5
7832,0.9125,0,WARNING,19.1,8.5,26.2,8.2
7833,0.9072,0,WARNING,19.9,9.5,26.9,8.3
7834,0.911,0,WARNING,18.9,8.7,27.7,8.6
7835,0.9984,0,WARNING,20.2,8.6,26.0,6.8
7836,0.9107,0,WARNING,19.6,8.0,25.4,7.8
7837,0.9099,0,WARNING,19.4,8.8,26.6,8.1
7838,0.9891,0,WARNING,19.1,8.2,24.9,7.1
7839,0.9891,0,WARNING,20.3,9.0,28.0,8.3
7840,0.9116,0,WARNING,20.2,8.7,25.7,8.0
7841,0.9984,0,WARNING,19.9,9.0,25.9,6.2
7842,0.9984,0,WARNING,20.5,8.8,25.6,6.5
7843,0.9891,0,WARNING,19.4,8.4,27.4,8.1
7844,0.9984,0,WARNING,20.0,8.7,25.7,6.8
7845,0.9984,0,WARNING,19.7,9.1,27.0,6.9
7846,0.9093,0,WARNING,20.2,9.1,27.0,8.4
7847,0.9125,0,WARNING,19.2,8.4,25.9,8.1
7848,0.9891,0,WARNING,18.7,9.0,25.5,7.4
7849,0.9984,0,WARNING,18.2,7.9,26.0,6.8
7850,0.9891,0,WARNING,18.9,8.7,26.2,7.6
7851,0.9891,0,WARNING,17.9,7.9,24.6,7.3
7852,0.9984,0,WARNING,18.3,8.1,24.7,6.2
7853,0.9104,0,WARNING,20.0,9.0,27.1,8.3
7854,0.9891,0,WARNING,19.1,8.3,26.5,7.8
7855,0.9093,0,WARNING,19.6,9.3,28.9,9.0
7856,0.9085,0,WARNING,19.6,8.7,28.0,8.8
7857,0.989,0,WARNING,19.3,8.5,28.2,8.4
7858,0.9984,0,WARNING,19.1,9.1,26.1,6.2
7859,0.9984,0,WARNING,18.4,8.1,27.4,7.2
7860,0.9984,0,WARNING,18.5,7.8,26.8,6.4
7861,0.9089,0,WARNING,19.7,9.3,26.5,8.1
7862,0.9984,0,WARNING,19.7,8.9,27.4,6.6
7863,0.9984,0,WARNING,19.1,8.2,27.4,7.3
7864,0.9984,0,WARNING,19.9,8.9,27.6,6.7
7865,0.9984,0,WARNING,19.9,8.6,27.9,7.2
7866,0.9126,0,WARNING,18.8,8.3,27.5,8.7
7867,0.9984,0,WARNING,20.0,9.0,28.4,6.9
7868,0.9785,0,WARNING,21.1,10.3,28.8,9.4
7869,1.0,0,ANOMALY,25.0,19.5,40.3,19.5
7870,0.9986,0,WARNING,22.6,10.6,36.2,12.3
7871,1.0,0,ANOMALY,23.4,12.7,42.3,25.7
7872,0.9099,0,WARNING,20.9,10.2,31.9,10.0
7873,0.9985,0,WARNING,20.1,8.9,27.8,6.8
7874,0.9886,0,WARNING,19.9,9.0,28.8,8.5
7875,0.9984,0,WARNING,18.6,8.5,28.4,7.7
7876,0.9112,0,WARNING,18.8,8.6,26.7,8.2
7877,0.9086,0,WARNING,21.0,8.6,27.9,8.6
7878,0.9119,0,WARNING,20.3,8.9,28.0,8.6
7879,0.9089,0,WARNING,19.9,8.8,28.7,9.0
7880,0.9079,0,WARNING,20.2,9.2,28.4,8.9
7881,0.9082,0,WARNING,20.0,9.2,27.6,8.6
7882,0.9984,0,WARNING,20.9,9.1,28.1,7.3
7883,0.9984,0,WARNING,19.2,5.2,17.6,3.3
7884,1.0,0,ANOMALY,22.0,21.4,27.6,9.5
7885,0.9985,0,WARNING,19.3,6.8,26.5,6.4
7886,0.9889,0,WARNING,18.6,5.7,24.7,7.3
7887,0.909,0,WARNING,18.8,5.8,23.0,7.4
7888,0.9984,0,WARNING,18.3,5.3,23.4,5.6
7889,0.9983,0,WARNING,19.3,6.1,23.1,5.7
7890,0.9069,0,WARNING,19.2,6.1,22.9,7.2
7891,0.9893,0,WARNING,19.2,6.3,23.1,6.7
7892,0.9983,0,WARNING,18.6,6.2,22.6,4.9
7893,0.9084,0,WARNING,18.5,5.7,23.1,7.1
7894,0.9894,0,WARNING,18.6,5.2,22.4,6.5
7895,0.9983,0,WARNING,18.5,4.9,21.6,5.5
7896,0.9895,0,WARNING,16.5,3.5,19.0,5.5
7897,0.9077,0,WARNING,17.2,2.7,14.0,4.1
7898,0.9898,0,WARNING,15.4,1.0,12.4,3.5
7899,0.9982,0,WARNING,15.0,0.8,12.5,2.1
7900,0.9901,0,WARNING,14.8,1.5,14.0,3.8
7901,0.9901,0,WARNING,16.7,5.0,19.1,4.9
7902,0.9982,0,WARNING,17.7,7.6,26.5,6.9
7903,0.9983,0,WARNING,17.0,6.5,26.7,6.7
7904,0.9895,0,WARNING,18.2,7.3,27.0,8.1
7905,0.9984,0,WARNING,17.4,6.9,25.4,6.7
7906,0.9984,0,WARNING,17.3,6.7,26.8,7.2
7907,0.9984,0,WARNING,17.1,6.5,26.7,7.1
7908,0.91,0,WARNING,17.3,5.4,24.1,7.6
7909,0.9893,0,WARNING,16.8,5.5,21.2,5.8
7910,0.9894,0,WARNING,17.1,5.7,21.7,6.2
7911,0.9895,0,WARNING,17.1,4.8,19.6,5.5
7912,0.9896,0,WARNING,16.7,4.9,22.2,6.5
7913,0.9096,0,WARNING,17.5,5.4,21.4,6.6
7914,0.9983,0,WARNING,18.3,5.1,21.0,4.7
7915,0.9082,0,WARNING,17.5,5.2,21.0,6.5
7916,0.9983,0,WARNING,17.1,4.8,20.6,4.4
7917,0.9896,0,WARNING,17.6,5.4,20.6,5.6
7918,0.9983,0,WARNING,17.4,5.2,21.3,5.2
7919,0.9896,0,WARNING,18.1,5.5,20.9,6.0
7920,0.9896,0,WARNING,17.8,4.8,20.1,5.7
7921,0.9983,0,WARNING,16.5,4.7,20.6,4.6
7922,0.9896,0,WARNING,16.9,5.0,20.3,5.8
7923,0.9983,0,WARNING,17.1,5.2,20.5,4.2
7924,0.9897,0,WARNING,16.1,4.3,19.6,5.6
7925,0.9081,0,WARNING,16.9,4.8,20.1,6.1
7926,0.9983,0,WARNING,16.4,4.5,19.7,4.4
7927,0.9897,0,WARNING,17.6,5.1,20.6,5.1
7928,0.9897,0,WARNING,18.4,6.1,20.8,7.1
7929,1.0,0,ANOMALY,21.8,10.2,32.0,16.2
7930,0.9984,0,WARNING,19.4,8.8,26.1,7.7
7931,0.9087,0,WARNING,17.6,5.2,22.8,8.6
7932,0.9893,0,WARNING,15.9,3.9,19.6,5.5
7933,0.9895,0,WARNING,16.5,4.7,19.7,5.4
7934,0.9896,0,WARNING,15.7,3.9,19.2,5.6
7935,0.9983,0,WARNING,16.7,4.6,20.0,4.8
7936,0.9067,0,WARNING,17.0,5.0,20.6,6.3
7937,0.9897,0,WARNING,16.3,4.2,19.7,5.7
7938,0.9897,0,WARNING,16.4,4.6,19.9,5.6
7939,0.9897,0,WARNING,16.4,4.6,20.0,5.4
7940,0.9897,0,WARNING,16.2,4.9,20.0,5.6
7941,0.9897,0,WARNING,16.0,4.8,19.8,5.5
7942,0.9983,0,WARNING,16.1,4.8,20.3,4.4
7943,0.9897,0,WARNING,15.9,4.4,19.8,5.5
7944,0.9072,0,WARNING,16.3,5.0,20.4,6.2
7945,0.9897,0,WARNING,16.5,4.7,19.9,5.6
7946,0.9897,0,WARNING,16.2,4.1,19.5,5.6
7947,0.9897,0,WARNING,15.5,3.4,18.5,5.3
7948,0.9983,0,WARNING,15.1,3.6,18.7,3.9
7949,0.9898,0,WARNING,15.2,3.3,18.5,5.2
7950,0.9072,0,WARNING,14.8,3.4,18.8,6.0
7951,0.9898,0,WARNING,15.1,3.5,18.6,5.4
7952,0.9983,0,WARNING,14.9,3.5,18.6,4.0
7953,0.9982,0,WARNING,14.7,3.3,18.5,4.6
7954,0.9898,0,WARNING,14.8,3.3,18.6,5.4
7955,0.908,0,WARNING,14.9,3.4,18.2,5.7
7956,0.9983,0,WARNING,14.6,3.5,18.4,3.8
7957,0.9898,0,WARNING,14.9,3.2,18.1,5.3
7958,0.9983,0,WARNING,14.5,3.0,18.1,3.9
7959,0.9982,0,WARNING,14.3,3.3,18.6,4.0
7960,0.9899,0,WARNING,14.3,3.3,18.1,5.2
7961,0.9982,0,WARNING,14.5,3.3,18.2,3.8
7962,0.9982,0,WARNING,14.4,3.2,18.2,3.9
7963,0.9982,0,WARNING,14.2,3.2,18.1,3.8
7964,0.9982,0,WARNING,14.2,3.1,18.2,3.8
7965,0.9078,0,WARNING,14.2,3.1,18.2,5.7
7966,0.9076,0,WARNING,13.9,3.4,18.0,5.7
7967,0.9982,0,WARNING,14.0,3.1,18.1,4.4
7968,0.9982,0,WARNING,14.3,3.1,18.1,3.9
7969,0.9899,0,WARNING,14.3,3.1,17.8,5.2
7970,0.9982,0,WARNING,14.0,3.3,17.7,3.8
7971,0.9982,0,WARNING,14.0,3.1,18.0,3.7
7972,0.9982,0,WARNING,13.9,2.8,17.8,3.6
7973,0.9982,0,WARNING,13.9,2.9,17.7,3.7
7974,0.9727,0,WARNING,13.9,3.2,18.0,5.0
7975,0.9052,0,WARNING,13.9,3.0,17.7,5.6
7976,0.905,0,WARNING,13.7,3.0,17.8,5.6
7977,0.9051,0,WARNING,13.7,2.8,17.7,5.6
7978,0.9899,0,WARNING,13.7,3.1,17.8,5.2
7979,0.9899,0,WARNING,13.7,2.7,17.8,5.0
7980,0.9899,0,WARNING,13.8,2.9,17.7,4.9
7981,0.9899,0,WARNING,13.7,2.9,17.7,5.1
7982,0.9982,0,WARNING,13.6,3.0,17.7,3.7
7983,0.9982,0,WARNING,13.7,2.7,17.5,3.7
7984,0.9899,0,WARNING,14.0,2.9,17.7,5.1
7985,0.9047,0,WARNING,14.1,2.7,17.7,5.6
7986,0.9028,0,WARNING,14.4,3.0,17.6,5.4
7987,0.9899,0,WARNING,14.0,1.1,12.3,3.2
7988,0.9982,0,WARNING,14.2,2.4,11.7,1.7
7989,0.9982,0,WARNING,14.4,1.5,12.0,1.8
7990,0.9982,0,WARNING,14.9,0.8,12.4,1.8
7991,0.9902,0,WARNING,15.0,0.9,12.0,3.2
7992,0.9981,0,WARNING,15.0,0.8,12.0,1.8
7993,0.9981,0,WARNING,15.1,0.7,11.9,1.7
7994,0.9903,0,WARNING,15.0,1.1,13.1,3.4
7995,0.9981,0,WARNING,15.0,0.7,11.9,1.6
7996,0.8734,0,WARNING,15.3,2.2,13.5,3.8
7997,0.9981,0,WARNING,15.0,0.9,12.4,1.9
7998,0.9981,0,WARNING,15.6,1.5,13.3,1.9
7999,0.9981,0,WARNING,17.9,6.0,26.1,5.5
8000,1.0,0,WARNING,21.0,12.6,35.5,13.8
8001,0.9781,0,WARNING,20.4,7.7,35.5,13.1
8002,0.9985,0,WARNING,16.4,5.7,22.0,5.4
8003,0.9892,0,WARNING,14.4,1.1,11.6,3.0
8004,0.9896,0,WARNING,14.0,0.8,11.5,3.0
8005,0.9982,0,WARNING,13.8,0.8,11.7,2.3
8006,0.9901,0,WARNING,13.7,0.9,11.5,3.1
8007,0.9982,0,WARNING,13.6,0.8,11.3,1.7
8008,0.9981,0,WARNING,13.5,0.9,11.7,1.7
8009,0.9981,0,WARNING,13.4,0.8,11.5,1.8
8010,0.9903,0,WARNING,13.4,0.8,11.4,3.0
8011,0.9981,0,WARNING,13.7,2.4,14.9,1.8
8012,0.9981,0,WARNING,13.4,1.0,11.8,1.7
8013,0.9981,0,WARNING,13.3,0.9,11.8,1.8
8014,0.9903,0,WARNING,13.3,1.3,13.0,3.6
8015,0.9981,0,WARNING,13.2,0.9,11.6,1.7
8016,0.9069,0,WARNING,14.7,2.9,14.1,3.9
8017,0.9982,0,WARNING,15.0,2.6,13.8,1.8
8018,0.9902,0,WARNING,14.4,2.5,14.1,3.3
8019,0.9902,0,WARNING,15.5,5.7,25.9,7.4
8020,0.9046,0,WARNING,16.4,6.9,27.9,8.7
8021,0.9033,0,WARNING,15.8,7.1,28.7,9.0
8022,0.9984,0,WARNING,16.1,6.8,27.7,7.3
8023,0.9984,0,WARNING,16.0,7.6,28.1,7.7
8024,0.9893,0,WARNING,15.4,5.5,26.1,8.1
8025,0.9097,0,WARNING,15.5,5.7,27.0,9.0
8026,0.9059,0,WARNING,15.2,5.5,26.0,8.5
8027,0.9984,0,WARNING,15.0,5.1,24.9,6.2
8028,0.9983,0,WARNING,15.3,5.5,26.5,7.5
8029,0.9075,0,WARNING,15.0,5.1,25.1,8.1
8030,0.9983,0,WARNING,14.5,2.6,16.5,3.4
8031,0.9983,0,WARNING,14.3,2.8,16.5,3.4
8032,0.9898,0,WARNING,14.2,2.5,16.3,4.6
8033,0.9899,0,WARNING,14.3,2.4,16.4,4.6
8034,0.9899,0,WARNING,14.0,2.5,16.4,4.5
8035,0.9982,0,WARNING,14.0,2.3,15.2,3.3
8036,0.9726,0,WARNING,14.1,2.6,17.5,4.7
8037,0.9982,0,WARNING,14.2,2.2,16.4,3.8
8038,0.99,0,WARNING,14.0,2.4,16.3,4.7
8039,0.99,0,WARNING,14.0,2.4,16.4,4.7
8040,0.99,0,WARNING,14.1,2.3,16.3,4.7
8041,0.9982,0,WARNING,14.0,2.5,16.3,3.3
8042,0.9982,0,WARNING,13.9,2.6,15.9,3.0
8043,0.9982,0,WARNING,13.8,2.4,15.7,3.0
8044,0.99,0,WARNING,13.8,2.3,15.6,4.5
8045,0.99,0,WARNING,13.7,2.2,15.5,4.3
8046,0.9082,0,WARNING,13.7,2.5,15.5,5.0
8047,0.9982,0,WARNING,14.4,2.5,15.9,3.1
8048,0.9982,0,WARNING,15.9,3.7,16.4,4.5
8049,1.0,0,WARNING,19.1,8.7,28.6,11.4
8050,0.8817,0,WARNING,17.7,3.6,22.7,7.2
8051,0.9896,0,WARNING,15.2,3.3,17.8,6.3
8052,0.9983,0,WARNING,14.0,2.2,15.4,3.0
8053,0.9982,0,WARNING,13.9,2.3,15.4,3.1
8054,0.9899,0,WARNING,13.8,2.4,15.6,4.4
8055,0.9088,0,WARNING,13.8,2.2,15.7,4.9
8056,0.99,0,WARNING,13.8,2.1,15.6,4.5
8057,0.9901,0,WARNING,13.7,2.3,15.4,4.2
8058,0.9901,0,WARNING,13.6,2.1,15.4,4.2
8059,0.9901,0,WARNING,13.7,2.1,15.5,4.3
8060,0.9901,0,WARNING,13.7,2.2,15.4,4.4
8061,0.9901,0,WARNING,13.7,2.4,15.5,4.4
8062,0.9982,0,WARNING,13.7,2.1,15.4,3.1
8063,0.9901,0,WARNING,13.6,2.1,15.8,4.5
8064,0.9901,0,WARNING,13.6,2.2,15.8,4.5
8065,0.9982,0,WARNING,13.5,2.1,15.6,3.0
8066,0.9982,0,WARNING,13.6,2.2,15.4,3.4
8067,0.9982,0,WARNING,13.6,2.4,15.6,2.9
8068,0.9901,0,WARNING,13.6,2.2,15.3,4.3
8069,0.9982,0,WARNING,13.5,2.0,15.2,2.9
8070,0.9901,0,WARNING,13.6,2.0,15.3,4.3
8071,0.9982,0,WARNING,13.5,2.4,15.5,3.5
8072,0.9901,0,WARNING,13.6,2.1,15.3,4.4
8073,0.9982,0,WARNING,13.6,2.0,15.3,2.7
8074,0.9901,0,WARNING,13.5,2.2,15.4,4.3
8075,0.9982,0,WARNING,13.6,2.3,15.4,3.4
8076,0.9901,0,WARNING,13.6,2.1,15.7,4.5
8077,0.9901,0,WARNING,13.5,2.0,15.5,4.4
8078,0.9982,0,WARNING,13.4,2.1,15.4,3.0
8079,0.9901,0,WARNING,13.5,2.1,15.6,4.5
8080,0.9901,0,WARNING,13.6,2.1,15.5,4.4
8081,0.9901,0,WARNING,13.6,2.2,15.4,4.3
8082,0.9982,0,WARNING,13.6,2.3,15.3,2.9
8083,0.9901,0,WARNING,13.2,1.5,13.1,3.5
8084,0.9982,0,WARNING,13.0,0.7,10.7,1.4
8085,0.9902,0,WARNING,14.4,3.7,20.5,5.9
8086,0.9982,0,WARNING,13.6,2.5,17.3,3.6
8087,0.99,0,WARNING,13.8,2.2,15.2,4.3
8088,0.9982,0,WARNING,13.7,2.1,15.3,3.5
8089,0.9901,0,WARNING,13.9,2.1,15.1,4.1
8090,0.9901,0,WARNING,14.7,2.0,15.3,4.2
8091,0.9901,0,WARNING,14.7,2.1,15.1,4.2
8092,0.99,0,WARNING,15.5,2.2,15.2,4.3
8093,0.9982,0,WARNING,15.6,2.0,15.3,2.9
8094,0.99,0,WARNING,15.4,2.1,15.3,4.3
8095,0.9982,0,WARNING,15.5,1.9,15.2,3.5
8096,0.99,0,WARNING,15.4,1.9,14.1,3.2
8097,0.9901,0,WARNING,15.5,2.2,15.8,4.3
8098,0.9982,0,WARNING,15.3,2.1,15.1,2.8
8099,0.9982,0,WARNING,15.1,1.8,15.0,2.7
8100,0.9901,0,WARNING,15.2,2.0,15.3,4.3
8101,0.9982,0,WARNING,15.3,2.2,15.2,2.8
8102,0.9982,0,WARNING,15.4,2.0,14.4,2.6
8103,0.9901,0,WARNING,15.0,2.2,16.0,4.5
8104,0.9901,0,WARNING,15.2,1.9,14.7,3.9
8105,0.9982,0,WARNING,15.4,2.1,15.8,3.0
8106,0.9982,0,WARNING,15.2,2.0,15.1,2.8
8107,0.99,0,WARNING,15.7,2.1,15.5,4.3
8108,0.9982,0,WARNING,16.7,3.3,16.3,4.4
8109,0.9982,0,WARNING,18.4,2.6,18.8,3.6
8110,1.0,0,WARNING,20.0,7.3,29.1,10.8
8111,0.9983,0,WARNING,18.4,2.4,15.5,2.6
8112,0.9935,0,WARNING,18.1,3.8,22.1,8.5
8113,0.9897,0,WARNING,15.4,2.1,16.3,4.5
8114,0.9898,0,WARNING,15.4,2.1,15.3,4.1
8115,0.9899,0,WARNING,15.0,2.0,15.5,3.6
8116,0.99,0,WARNING,15.0,2.1,15.9,4.5
8117,0.99,0,WARNING,14.9,2.1,15.9,4.4
8118,0.9982,0,WARNING,14.8,2.2,15.6,3.5
8119,0.9982,0,WARNING,15.0,2.1,15.7,3.0
8120,0.99,0,WARNING,15.0,2.0,15.8,4.4
8121,0.9982,0,WARNING,15.0,2.2,15.9,3.0
8122,0.9982,0,WARNING,15.0,2.1,15.7,3.0
8123,0.99,0,WARNING,15.2,2.2,15.9,4.5
8124,0.9982,0,WARNING,14.7,2.1,15.6,2.9
8125,0.99,0,WARNING,14.5,2.0,15.7,4.5
8126,0.9982,0,WARNING,14.7,2.1,15.3,3.0
8127,0.9901,0,WARNING,14.4,2.0,15.4,4.4
8128,0.9982,0,WARNING,14.6,2.2,15.7,3.0
8129,0.9901,0,WARNING,14.5,1.9,15.4,4.2
8130,0.9982,0,WARNING,14.4,2.1,15.4,3.3
8131,0.9901,0,WARNING,14.5,2.3,15.7,4.4
8132,0.9982,0,WARNING,14.8,2.2,15.9,3.1
8133,0.9982,0,WARNING,14.6,2.0,15.6,3.0
8134,0.99,0,WARNING,14.7,2.1,15.6,4.3
8135,0.9982,0,WARNING,14.3,2.1,15.7,3.5
8136,0.9982,0,WARNING,14.3,2.1,15.7,2.8
8137,0.9901,0,WARNING,14.2,2.1,15.8,4.2
8138,0.9901,0,WARNING,14.0,2.1,15.9,4.4
8139,0.9982,0,WARNING,14.0,2.1,15.7,3.1
8140,0.9901,0,WARNING,14.1,2.0,15.7,4.5
8141,0.9901,0,WARNING,13.9,2.1,15.6,4.5
8142,0.9982,0,WARNING,14.0,2.1,15.5,2.9
8143,0.9982,0,WARNING,14.2,2.1,15.9,3.1
8144,0.9982,0,WARNING,14.0,2.0,15.5,2.9
8145,0.9901,0,WARNING,14.2,2.0,15.6,4.3
8146,0.9901,0,WARNING,14.1,2.2,15.7,4.4
8147,0.9901,0,WARNING,14.1,2.1,15.5,4.3
8148,0.9982,0,WARNING,13.9,2.1,15.6,3.6
8149,0.9982,0,WARNING,14.0,2.1,15.5,3.0
8150,0.9982,0,WARNING,14.0,2.2,14.5,2.4
8151,0.9982,0,WARNING,14.0,2.3,16.8,3.5
8152,0.9923,0,WARNING,14.1,2.1,15.7,5.6
8153,0.9901,0,WARNING,13.9,2.1,15.7,4.4
8154,0.9901,0,WARNING,13.9,2.2,16.0,4.3
8155,0.9065,0,WARNING,13.9,2.1,15.9,5.1
8156,0.9901,0,WARNING,13.9,2.0,15.9,4.4
8157,0.9982,0,WARNING,13.8,2.2,15.8,3.1
8158,0.9982,0,WARNING,13.7,2.2,16.0,3.2
8159,0.9901,0,WARNING,13.9,2.1,14.9,4.1
8160,0.9901,0,WARNING,14.0,2.3,16.5,4.5
8161,0.9901,0,WARNING,13.8,2.3,15.7,4.3
8162,0.9982,0,WARNING,13.8,2.1,15.5,2.9
8163,0.9982,0,WARNING,14.0,2.3,15.8,3.1
8164,0.907,0,WARNING,13.8,2.1,15.6,4.9
8165,0.9982,0,WARNING,13.8,2.2,15.8,3.1
8166,0.9982,0,WARNING,13.8,2.3,15.6,3.5
8167,0.9901,0,WARNING,14.4,2.2,16.1,4.4
8168,0.9982,0,WARNING,15.6,3.9,16.8,4.5
8169,1.0,0,WARNING,20.0,7.6,33.0,11.6
8170,0.9978,0,WARNING,18.2,3.7,25.3,10.1
8171,0.9895,0,WARNING,15.4,4.4,16.2,4.2
8172,0.9983,0,WARNING,14.3,2.6,17.1,3.4
8173,0.9898,0,WARNING,14.1,2.4,16.1,4.4
8174,0.9899,0,WARNING,14.0,2.2,15.1,4.2
8175,0.99,0,WARNING,14.1,2.5,17.3,4.8
8176,0.99,0,WARNING,14.1,2.5,16.3,4.5
8177,0.905,0,WARNING,14.0,2.2,16.4,5.0
8178,0.99,0,WARNING,13.9,2.2,16.3,4.7
8179,0.9982,0,WARNING,14.0,2.4,16.3,3.3
8180,0.99,0,WARNING,13.8,2.4,16.5,4.6
8181,0.9982,0,WARNING,13.9,2.6,16.3,3.8
8182,0.9982,0,WARNING,13.8,2.5,16.4,3.2
8183,0.99,0,WARNING,13.9,2.4,16.5,4.6
8184,0.99,0,WARNING,13.9,2.6,16.4,4.4
8185,0.9982,0,WARNING,13.8,2.5,16.8,3.8
8186,0.99,0,WARNING,13.7,2.6,16.7,4.8
8187,0.9053,0,WARNING,13.7,2.5,16.7,5.3
8188,0.99,0,WARNING,13.7,2.6,16.6,4.7
8189,0.9982,0,WARNING,13.8,2.6,16.7,3.3
8190,0.9982,0,WARNING,13.8,2.6,16.5,3.3
8191,0.99,0,WARNING,13.7,2.8,16.8,4.7
8192,0.99,0,WARNING,13.8,2.7,16.9,4.6
8193,0.9982,0,WARNING,14.2,2.6,16.9,3.3
8194,0.99,0,WARNING,14.7,2.6,15.8,4.4
8195,0.9047,0,WARNING,14.9,2.9,18.0,5.6
8196,0.9899,0,WARNING,15.5,2.7,16.8,4.8
8197,0.9899,0,WARNING,15.9,2.7,16.9,4.9
8198,0.9044,0,WARNING,15.8,2.8,16.9,5.3
8199,0.9899,0,WARNING,15.4,2.7,17.1,4.8
8200,0.9899,0,WARNING,15.4,2.7,17.2,4.8
8201,0.9982,0,WARNING,15.7,2.9,17.3,3.5
8202,0.9982,0,WARNING,16.0,2.8,17.0,3.5
8203,0.9982,0,WARNING,15.8,2.8,16.9,3.4
8204,0.9982,0,WARNING,15.9,2.9,17.1,3.6
8205,0.9982,0,WARNING,15.5,2.8,16.9,3.5
8206,0.9982,0,WARNING,15.9,2.9,16.9,3.3
8207,0.9982,0,WARNING,16.1,2.8,17.4,3.5
8208,0.9899,0,WARNING,16.1,2.8,17.5,4.8
8209,0.9899,0,WARNING,16.4,2.9,17.1,4.9
8210,0.9982,0,WARNING,16.3,3.0,17.2,3.5
8211,0.9899,0,WARNING,16.4,3.0,17.3,4.9
8212,0.9899,0,WARNING,16.0,3.1,17.2,5.0
8213,0.9047,0,WARNING,15.9,3.0,17.4,5.5
8214,0.973,0,WARNING,16.1,3.0,17.5,4.8
8215,0.9982,0,WARNING,16.0,3.1,17.5,4.0
8216,0.9899,0,WARNING,16.2,3.1,17.6,4.9
8217,0.9982,0,WARNING,16.1,3.2,17.6,3.6
8218,0.9047,0,WARNING,15.9,3.2,17.6,5.6
8219,0.9899,0,WARNING,15.7,3.1,17.7,5.1
8220,0.9899,0,WARNING,15.6,3.2,18.1,5.1
8221,0.9021,0,WARNING,15.7,3.3,17.8,5.6
8222,0.9899,0,WARNING,15.9,3.2,17.8,5.0
8223,0.9982,0,WARNING,16.0,3.2,18.1,3.7
8224,0.9982,0,WARNING,15.9,3.3,18.0,3.6
8225,0.9021,0,WARNING,16.1,3.4,18.2,5.7
8226,0.9982,0,WARNING,16.0,3.3,18.3,4.3
8227,0.9898,0,WARNING,17.4,3.4,18.5,4.5
8228,0.9904,0,WARNING,18.5,7.5,19.1,6.5
8229,0.9997,0,WARNING,22.0,11.2,34.0,12.8
8230,0.9993,0,WARNING,20.9,4.4,24.7,10.4
8231,0.9893,0,WARNING,17.8,4.1,19.7,5.3
8232,0.9983,0,WARNING,16.5,3.8,18.7,3.8
8233,0.9983,0,WARNING,16.6,3.5,18.5,4.0
8234,0.9897,0,WARNING,16.2,2.8,16.1,4.3
8235,0.9982,0,WARNING,16.2,4.1,21.2,5.4
8236,0.9897,0,WARNING,16.4,3.7,18.8,5.4
8237,0.9983,0,WARNING,16.1,3.4,19.0,4.5
8238,0.9983,0,WARNING,16.1,3.6,18.7,3.9
8239,0.9982,0,WARNING,15.9,3.8,18.9,3.9
8240,0.9022,0,WARNING,16.0,3.5,19.0,5.8
8241,0.9983,0,WARNING,16.2,3.7,19.0,4.6
8242,0.9982,0,WARNING,16.1,3.9,19.1,4.1
8243,0.9982,0,WARNING,16.1,4.1,19.1,4.1
8244,0.9022,0,WARNING,15.9,3.9,19.1,6.0
8245,0.9022,0,WARNING,15.7,3.7,19.1,6.0
8246,0.9898,0,WARNING,15.8,3.9,19.2,5.5
8247,0.9983,0,WARNING,15.6,3.9,19.3,4.0
8248,0.9898,0,WARNING,15.5,4.1,19.3,5.4
8249,0.9983,0,WARNING,15.2,4.0,19.3,4.2
8250,0.9983,0,WARNING,15.4,4.1,19.4,4.2
8251,0.9983,0,WARNING,15.4,4.0,19.4,4.2
8252,0.9983,0,WARNING,15.4,4.4,19.9,4.4
8253,0.9983,0,WARNING,15.3,4.2,20.0,4.3
8254,0.9898,0,WARNING,15.3,3.8,19.6,4.9
8255,0.9983,0,WARNING,15.5,4.0,19.7,4.2
8256,0.9898,0,WARNING,15.8,4.3,19.6,5.5
8257,0.9897,0,WARNING,15.8,4.2,20.0,5.8
8258,0.9983,0,WARNING,15.7,4.1,19.6,4.2
8259,0.9897,0,WARNING,15.8,4.3,19.7,5.6
8260,0.9897,0,WARNING,15.6,4.4,19.7,5.6
8261,0.9897,0,WARNING,15.9,4.1,19.6,5.7
8262,0.9983,0,WARNING,15.7,4.1,19.8,4.8
8263,0.9983,0,WARNING,15.6,4.6,19.9,4.2
8264,0.9983,0,WARNING,15.8,4.6,20.1,4.9
8265,0.9023,0,WARNING,15.6,4.1,19.9,6.3
8266,0.9983,0,WARNING,15.5,4.4,19.6,4.7
8267,0.9983,0,WARNING,15.3,4.5,19.9,4.9
8268,0.9983,0,WARNING,15.6,4.3,19.8,4.3
8269,0.9983,0,WARNING,15.5,4.2,20.0,4.9
8270,0.9983,0,WARNING,15.7,4.9,20.3,4.4
8271,0.9897,0,WARNING,15.6,4.8,20.2,5.7
8272,0.9897,0,WARNING,15.5,4.5,20.1,5.6
8273,0.9897,0,WARNING,15.4,4.7,20.2,5.8
8274,0.9897,0,WARNING,15.5,5.1,20.5,5.9
8275,0.9983,0,WARNING,14.7,3.1,16.6,3.2
8276,0.9898,0,WARNING,13.9,1.2,12.2,3.4
8277,0.99,0,WARNING,13.9,1.2,12.6,3.4
8278,0.9901,0,WARNING,13.8,1.2,12.5,3.3
8279,0.9982,0,WARNING,13.8,1.0,12.4,1.8
8280,0.9982,0,WARNING,13.7,1.1,12.4,2.0
8281,0.9902,0,WARNING,13.7,1.3,12.5,3.4
8282,0.9902,0,WARNING,13.7,1.3,12.5,3.4
8283,0.9982,0,WARNING,13.7,1.3,12.7,2.1
8284,0.9981,0,WARNING,13.6,1.0,12.5,2.0
8285,0.9902,0,WARNING,13.6,1.1,12.4,3.4
8286,0.9902,0,WARNING,14.3,3.2,19.2,5.4
8287,0.99,0,WARNING,15.6,4.3,23.2,6.2
8288,0.9982,0,WARNING,15.8,5.4,23.0,5.8
8289,0.8599,0,WARNING,18.5,8.2,26.5,9.1
8290,1.0,0,WARNING,21.9,13.3,34.2,15.7
8291,0.9872,0,WARNING,20.0,11.1,29.3,9.8
8292,0.9999,0,WARNING,19.8,13.2,26.3,11.3
8293,0.9985,0,WARNING,19.2,7.7,26.2,6.1
8294,0.8999,0,WARNING,18.3,7.5,25.2,7.7
8295,0.8997,0,WARNING,18.2,7.4,23.5,7.1
8296,0.9892,0,WARNING,18.7,7.9,25.0,7.2
8297,0.9741,0,WARNING,17.8,7.0,24.0,6.9
8298,0.9893,0,WARNING,16.5,3.2,14.7,4.0
8299,0.9983,0,WARNING,18.2,6.5,22.5,5.0
8300,0.9983,0,WARNING,18.4,7.5,24.0,5.4
8301,0.9983,0,WARNING,18.5,7.6,23.8,5.5
8302,0.9983,0,WARNING,18.4,7.6,24.2,5.4
8303,0.8992,0,WARNING,19.3,7.7,25.5,7.8
8304,0.9893,0,WARNING,18.1,7.3,23.4,6.7
8305,0.9984,0,WARNING,18.4,8.0,25.0,6.5
8306,0.8991,0,WARNING,18.7,7.7,24.6,7.7
8307,0.9984,0,WARNING,19.0,7.0,22.2,5.4
8308,0.9983,0,WARNING,18.6,7.4,24.0,5.6
8309,0.9005,0,WARNING,18.6,7.3,24.2,7.5
8310,0.9983,0,WARNING,19.5,7.7,24.0,5.9
8311,0.9983,0,WARNING,17.9,6.3,21.5,4.7
8312,0.9983,0,WARNING,15.7,1.3,12.8,2.1
8313,0.9897,0,WARNING,15.5,1.6,12.8,3.5
8314,0.9,0,WARNING,17.6,5.4,18.7,5.5
8315,0.9982,0,WARNING,19.6,8.1,24.7,6.2
8316,0.9983,0,WARNING,19.9,8.4,24.3,6.1
8317,0.9983,0,WARNING,19.6,8.3,24.6,5.7
8318,0.9983,0,WARNING,18.6,7.2,23.9,5.4
8319,0.9983,0,WARNING,19.1,7.4,23.8,5.4
8320,0.9983,0,WARNING,18.2,7.3,24.3,5.6
8321,0.9983,0,WARNING,18.4,7.8,24.5,6.2
8322,0.9893,0,WARNING,18.3,7.4,24.1,7.0
8323,0.899,0,WARNING,19.5,8.0,25.3,7.9
8324,0.9984,0,WARNING,19.6,7.1,23.9,6.0
8325,0.8993,0,WARNING,19.4,8.1,24.3,7.4
8326,0.9018,0,WARNING,18.7,7.5,24.6,7.6
8327,0.9892,0,WARNING,18.8,8.0,24.1,6.9
8328,0.9984,0,WARNING,19.9,8.3,24.7,6.2
8329,0.9984,0,WARNING,18.6,7.8,24.6,6.2
8330,0.8989,0,WARNING,18.9,7.7,24.6,7.6
8331,0.9984,0,WARNING,19.2,7.4,24.4,5.7
8332,0.9012,0,WARNING,19.3,6.9,24.7,7.8
8333,0.9893,0,WARNING,19.2,7.9,24.6,7.1
8334,0.8978,0,WARNING,17.7,7.4,25.4,7.9
8335,0.9984,0,WARNING,18.8,7.8,24.3,6.1
8336,0.9984,0,WARNING,19.2,7.8,24.8,6.2
8337,0.9984,0,WARNING,18.1,7.5,24.8,6.5
8338,0.9983,0,WARNING,18.6,7.3,24.7,5.8
8339,0.8994,0,WARNING,18.9,7.4,24.8,7.7
8340,0.9017,0,WARNING,18.7,7.4,23.4,7.3
8341,0.9984,0,WARNING,19.5,7.5,23.3,5.3
8342,0.9983,0,WARNING,17.7,6.1,22.6,5.1
8343,0.9983,0,WARNING,17.4,4.6,18.9,3.9
8344,0.9983,0,WARNING,18.9,7.9,25.2,5.8
8345,0.8993,0,WARNING,18.3,7.2,23.2,7.2
8346,0.9983,0,WARNING,17.7,5.1,19.6,4.3
8347,0.9983,0,WARNING,19.7,7.4,24.8,6.4
8348,0.9983,0,WARNING,20.2,8.1,23.7,7.2
8349,1.0,0,ANOMALY,24.0,11.7,27.9,14.8
8350,1.0,0,ANOMALY,23.1,15.3,35.4,14.8
8351,1.0,0,WARNING,23.4,8.8,31.0,12.8
8352,0.9764,0,WARNING,21.0,9.0,27.6,10.8
8353,0.9985,0,WARNING,18.5,6.6,23.5,5.5
8354,0.9891,0,WARNING,19.6,7.4,22.9,6.5
8355,0.9053,0,WARNING,16.5,2.7,15.5,4.8
8356,0.9983,0,WARNING,18.2,6.6,23.5,5.4
8357,0.9983,0,WARNING,17.1,6.1,25.7,6.8
8358,0.9026,0,WARNING,17.0,6.5,24.9,7.7
8359,0.9983,0,WARNING,17.2,6.2,22.3,4.8
8360,0.9983,0,WARNING,17.9,6.0,22.5,5.7
8361,0.9983,0,WARNING,19.3,7.5,23.3,5.3
8362,0.9983,0,WARNING,19.0,7.5,22.6,5.5
8363,0.9028,0,WARNING,18.3,6.3,23.3,7.3
8364,0.9983,0,WARNING,18.4,6.9,22.4,5.6
8365,0.9025,0,WARNING,18.4,6.7,22.9,7.2
8366,0.9983,0,WARNING,17.8,6.7,22.9,5.2
8367,0.9894,0,WARNING,19.1,6.8,22.6,6.4
8368,0.9983,0,WARNING,18.7,7.6,23.5,5.9
8369,0.9013,0,WARNING,18.5,7.3,23.3,7.2
8370,0.9983,0,WARNING,18.3,7.4,23.4,5.9
8371,0.9894,0,WARNING,18.6,6.7,22.6,6.6
8372,0.9894,0,WARNING,19.0,6.6,23.2,6.6
8373,0.9983,0,WARNING,17.8,6.3,22.8,5.7
8374,0.9894,0,WARNING,17.6,6.6,22.9,5.9
8375,0.9028,0,WARNING,18.6,5.9,23.0,7.1
8376,0.9983,0,WARNING,19.0,7.1,22.6,5.1
8377,0.9894,0,WARNING,18.5,6.6,22.1,6.3
8378,0.9031,0,WARNING,18.1,7.0,23.4,7.4
8379,0.9894,0,WARNING,18.6,6.5,22.7,6.4
8380,0.9894,0,WARNING,18.6,6.6,23.1,6.7
8381,0.9983,0,WARNING,18.8,7.2,22.4,5.5
8382,0.9894,0,WARNING,18.4,6.3,22.8,6.6
8383,0.9738,0,WARNING,18.1,5.8,22.6,6.2
8384,0.9894,0,WARNING,19.3,6.6,22.9,6.6
8385,0.9983,0,WARNING,18.5,6.8,23.7,6.1
8386,0.9983,0,WARNING,18.3,6.5,22.0,4.8
8387,0.9983,0,WARNING,17.7,6.2,22.8,5.3
8388,0.9895,0,WARNING,17.6,6.1,22.6,6.6
8389,0.9895,0,WARNING,18.4,7.2,23.0,6.6
8390,0.9983,0,WARNING,17.9,7.0,23.6,5.3
8391,0.9983,0,WARNING,17.5,6.2,22.3,5.5
8392,0.9983,0,WARNING,17.8,7.2,22.3,4.9
8393,0.9895,0,WARNING,16.9,6.2,22.9,6.0
8394,0.902,0,WARNING,18.8,7.2,23.7,7.4
8395,0.9016,0,WARNING,18.2,7.3,23.2,7.2
8396,0.9032,0,WARNING,16.9,6.3,22.3,7.0
8397,0.9983,0,WARNING,17.4,6.3,22.9,5.2
8398,0.9983,0,WARNING,17.0,6.4,23.4,5.2
8399,0.9983,0,WARNING,18.5,6.8,22.6,5.0
8400,0.9006,0,WARNING,18.5,6.3,22.8,7.1
8401,0.9022,0,WARNING,17.6,6.5,23.0,7.2
8402,0.9983,0,WARNING,18.0,5.9,22.3,5.1
8403,0.9894,0,WARNING,18.8,7.1,23.7,6.9
8404,0.9983,0,WARNING,18.5,7.3,24.1,5.7
8405,0.9983,0,WARNING,19.5,7.2,22.6,5.5
8406,0.9894,0,WARNING,20.1,7.0,23.4,6.6
8407,0.9893,0,WARNING,19.3,6.4,22.9,6.5
8408,0.9894,0,WARNING,21.5,10.3,24.0,8.2
8409,1.0,0,ANOMALY,27.3,19.3,40.8,22.0
8410,0.9985,0,WARNING,22.8,9.2,31.0,10.2
8411,1.0,0,WARNING,20.9,9.3,29.9,13.2
8412,0.9886,0,WARNING,20.4,7.1,23.0,6.6
8413,0.9889,0,WARNING,18.7,5.4,21.5,6.2
8414,0.9892,0,WARNING,19.6,6.7,22.9,6.5
8415,0.9031,0,WARNING,18.6,6.6,24.0,7.4
8416,0.9983,0,WARNING,19.3,6.3,22.2,5.4
8417,0.9983,0,WARNING,18.5,6.1,22.6,5.3
8418,0.9983,0,WARNING,18.5,6.5,22.7,5.2
8419,0.9894,0,WARNING,17.9,5.4,22.2,6.5
8420,0.9983,0,WARNING,17.9,5.4,22.4,5.2
8421,0.9983,0,WARNING,18.3,6.2,22.8,5.2
8422,0.9983,0,WARNING,18.9,6.6,22.0,4.6
8423,0.9895,0,WARNING,18.2,5.7,23.4,6.7
8424,0.9894,0,WARNING,18.0,6.3,22.5,6.6
8425,0.9983,0,WARNING,18.6,6.6,22.1,5.4
8426,0.9983,0,WARNING,18.7,5.9,23.4,6.0
8427,0.9983,0,WARNING,18.9,6.5,22.7,5.6
8428,0.9018,0,WARNING,19.0,7.2,23.5,7.4
8429,0.8987,0,WARNING,18.2,6.6,22.6,6.9
8430,0.9983,0,WARNING,19.6,7.1,23.0,5.0
8431,0.9983,0,WARNING,19.1,6.7,23.6,5.3
8432,0.9983,0,WARNING,18.3,6.3,22.6,5.7
8433,0.9894,0,WARNING,18.8,6.6,24.0,7.0
8434,0.9026,0,WARNING,19.4,6.8,22.2,6.8
8435,0.9983,0,WARNING,19.3,6.7,24.0,6.1
8436,0.9983,0,WARNING,19.0,6.7,22.5,5.0
8437,0.9983,0,WARNING,19.4,6.9,23.3,5.3
8438,0.9008,0,WARNING,18.6,6.3,23.1,7.0
8439,0.9894,0,WARNING,17.7,5.9,23.3,6.7
8440,0.9983,0,WARNING,19.2,7.3,22.8,5.0
8441,0.9894,0,WARNING,17.7,5.7,22.1,6.5
8442,0.9983,0,WARNING,18.3,6.5,23.3,5.2
8443,0.9894,0,WARNING,18.6,6.7,24.2,7.1
8444,0.9894,0,WARNING,18.7,6.8,23.0,6.7
8445,0.9983,0,WARNING,19.7,6.9,22.5,5.3
8446,0.902,0,WARNING,19.3,7.0,23.4,7.2
8447,0.9983,0,WARNING,17.8,6.0,23.2,5.8
8448,0.9012,0,WARNING,19.3,6.8,22.2,6.7
8449,0.9029,0,WARNING,18.8,6.3,23.7,7.4
8450,0.9894,0,WARNING,18.1,6.7,22.4,6.3
8451,0.9983,0,WARNING,18.2,6.4,23.9,6.1
8452,0.9983,0,WARNING,18.9,5.9,21.9,4.8
8453,0.9983,0,WARNING,19.0,6.5,23.6,5.9
8454,0.9894,0,WARNING,19.4,6.8,22.9,6.5
8455,0.9983,0,WARNING,18.6,6.5,22.5,5.5
8456,0.9011,0,WARNING,19.8,7.1,23.6,7.3
8457,0.9894,0,WARNING,19.5,6.2,22.6,6.5
8458,0.9894,0,WARNING,19.7,6.5,23.0,6.6
8459,0.9983,0,WARNING,19.3,6.2,23.6,5.6
8460,0.9983,0,WARNING,18.5,7.0,23.2,5.6
8461,0.9894,0,WARNING,19.6,8.2,22.0,6.2
8462,0.9984,0,WARNING,19.4,6.9,24.6,5.7
8463,0.9984,0,WARNING,18.2,6.0,22.0,4.8
8464,0.9983,0,WARNING,18.9,6.3,22.1,4.9
8465,0.9983,0,WARNING,20.0,6.9,23.6,5.9
8466,0.9983,0,WARNING,19.0,5.7,23.3,6.0
8467,0.9894,0,WARNING,20.1,7.1,23.6,6.8
8468,0.9894,0,WARNING,20.3,7.9,24.6,8.2
8469,1.0,0,ANOMALY,26.5,20.0,37.4,19.6
8470,0.9992,0,WARNING,23.3,8.0,33.4,12.8
8471,1.0,0,WARNING,22.1,10.4,31.2,14.4
8472,0.9985,0,WARNING,19.4,6.7,23.8,6.0
8473,0.9055,0,WARNING,17.7,4.6,19.3,6.1
8474,0.9892,0,WARNING,20.1,7.7,26.1,7.5
8475,0.9984,0,WARNING,19.9,7.6,24.4,6.2
8476,0.9893,0,WARNING,19.2,6.9,23.9,6.9
8477,0.9893,0,WARNING,19.2,6.9,23.0,6.5
8478,0.9007,0,WARNING,18.2,6.6,22.9,6.9
8479,0.9739,0,WARNING,18.9,6.5,23.9,6.7
8480,0.9983,0,WARNING,17.8,6.1,22.6,5.1
8481,0.9894,0,WARNING,17.7,6.5,22.8,6.6
8482,0.9894,0,WARNING,18.5,7.0,23.7,6.9
8483,0.9983,0,WARNING,18.9,6.7,23.8,5.5
8484,0.9894,0,WARNING,18.4,6.7,23.1,6.7
8485,0.9983,0,WARNING,18.8,6.6,23.5,5.9
8486,0.9004,0,WARNING,18.0,6.2,22.4,6.7
8487,0.9894,0,WARNING,17.3,5.8,23.1,6.6
8488,0.8997,0,WARNING,18.3,6.2,22.9,7.1
8489,0.9983,0,WARNING,17.8,6.8,23.3,5.3
8490,0.9983,0,WARNING,18.3,6.4,23.1,5.9
8491,0.9983,0,WARNING,17.6,5.9,23.9,6.2
8492,0.9894,0,WARNING,17.6,6.0,21.9,6.2
8493,0.9983,0,WARNING,18.8,7.1,24.3,5.6
8494,0.9022,0,WARNING,18.0,6.4,22.7,6.8
8495,0.9025,0,WARNING,17.6,5.7,23.1,7.2
8496,0.9983,0,WARNING,18.4,7.1,22.8,5.0
8497,0.899,0,WARNING,17.2,6.5,23.5,7.3
8498,0.9983,0,WARNING,18.1,6.7,23.9,6.1
8499,0.9983,0,WARNING,17.7,6.6,23.6,5.4
8500,0.9983,0,WARNING,17.2,5.8,20.3,4.9
8501,0.9983,0,WARNING,15.6,2.9,13.2,2.2
8502,0.9898,0,WARNING,17.3,6.4,24.7,7.1
8503,0.9734,0,WARNING,16.5,6.2,23.9,6.7
8504,0.9018,0,WARNING,17.9,7.8,25.0,7.7
8505,0.9983,0,WARNING,17.7,7.3,27.5,7.3
8506,0.9984,0,WARNING,18.3,6.8,23.2,5.9
8507,0.9984,0,WARNING,18.1,7.1,25.1,6.4
8508,0.9983,0,WARNING,17.8,6.7,23.6,5.5
8509,0.9021,0,WARNING,18.1,6.5,23.5,7.2
8510,0.9893,0,WARNING,18.2,6.0,21.9,6.0
8511,0.9894,0,WARNING,17.8,7.0,25.1,7.2
8512,0.9893,0,WARNING,18.7,6.2,22.3,6.3
8513,0.9983,0,WARNING,19.6,7.7,25.1,6.3
8514,0.9893,0,WARNING,18.6,6.8,23.3,6.8
8515,0.9016,0,WARNING,19.2,6.9,24.0,7.5
8516,0.9005,0,WARNING,18.9,6.6,22.6,6.9
8517,0.9983,0,WARNING,18.4,6.0,23.1,5.2
8518,0.9894,0,WARNING,19.4,6.5,23.7,6.7
8519,0.9022,0,WARNING,18.5,6.4,22.7,7.0
8520,0.9894,0,WARNING,18.2,6.1,23.1,6.7
8521,0.9983,0,WARNING,19.5,7.1,22.8,5.1
8522,0.9983,0,WARNING,19.9,6.8,23.9,5.5
8523,0.9983,0,WARNING,19.6,6.3,23.7,5.9
8524,0.9983,0,WARNING,19.3,6.9,24.0,5.6
8525,0.9983,0,WARNING,20.8,7.4,23.2,5.6
8526,0.9893,0,WARNING,19.6,6.6,23.5,6.6
8527,0.9983,0,WARNING,19.4,5.3,21.9,4.8
8528,0.9983,0,WARNING,21.3,8.0,24.4,7.4
8529,1.0,0,ANOMALY,25.3,15.1,40.6,24.6
8530,0.9986,0,WARNING,22.3,11.6,31.7,12.5
8531,1.0,0,ANOMALY,22.0,8.8,31.0,14.8
8532,0.9985,0,WARNING,20.2,7.1,23.3,5.9
8533,0.9889,0,WARNING,20.3,6.5,23.8,6.8
8534,0.9891,0,WARNING,19.6,6.5,21.9,6.1
8535,0.9984,0,WARNING,18.3,5.9,24.1,5.6
8536,0.8983,0,WARNING,19.1,6.8,23.5,7.2
8537,0.9983,0,WARNING,19.3,6.3,23.0,5.9
8538,0.9983,0,WARNING,16.9,3.7,16.8,3.3
8539,0.9896,0,WARNING,19.8,8.3,28.4,8.2
8540,0.9983,0,WARNING,19.1,7.6,24.3,6.1
8541,0.9894,0,WARNING,18.6,6.3,23.7,6.8
8542,0.9894,0,WARNING,18.6,6.7,23.2,6.6
8543,0.9017,0,WARNING,18.9,6.4,23.7,7.3
8544,0.9032,0,WARNING,18.1,6.2,20.7,6.3
8545,0.9983,0,WARNING,19.4,6.9,25.9,6.7
8546,0.902,0,WARNING,18.4,6.8,23.6,7.3
8547,0.9983,0,WARNING,18.4,6.5,23.6,6.1
8548,0.9008,0,WARNING,17.8,6.6,23.3,7.2
8549,0.9983,0,WARNING,17.9,6.8,23.6,5.3
8550,0.9041,0,WARNING,18.3,7.0,23.1,7.0
8551,0.9894,0,WARNING,18.4,6.7,24.5,7.0
8552,0.9894,0,WARNING,18.7,5.2,17.3,4.5
8553,1.0,0,ANOMALY,20.8,16.5,24.9,8.6
8554,0.901,0,WARNING,18.9,7.0,22.9,7.1
8555,0.9739,0,WARNING,18.9,7.4,23.9,6.8
8556,0.9984,0,WARNING,18.4,6.8,22.9,5.7
8557,0.9983,0,WARNING,19.0,5.6,19.4,3.9
8558,1.0,0,ANOMALY,20.5,18.2,23.4,8.5
8559,0.9007,0,WARNING,19.2,6.8,23.1,7.1
8560,0.9738,0,WARNING,19.7,7.0,24.0,6.9
8561,0.9306,0,WARNING,18.7,7.3,22.5,7.0
8562,0.9984,0,WARNING,17.7,3.4,13.8,2.3
8563,0.9936,0,WARNING,20.6,11.7,23.8,8.4
8564,0.9893,0,WARNING,19.4,5.3,18.6,5.1
8565,0.9987,0,WARNING,20.1,12.5,23.6,8.7
8566,0.9984,0,WARNING,17.8,5.8,20.8,4.9
8567,0.9894,0,WARNING,18.3,4.3,14.5,3.7
8568,0.9493,0,WARNING,20.4,11.1,24.4,9.0
8569,0.9984,0,WARNING,18.4,6.4,23.8,6.2
8570,0.9737,0,WARNING,19.2,7.6,23.5,6.5
8571,0.9,0,WARNING,19.3,7.1,24.0,7.6
8572,0.9893,0,WARNING,18.8,6.5,24.4,7.1
8573,0.9984,0,WARNING,18.5,6.4,24.0,6.1
8574,0.9916,0,WARNING,18.6,6.8,23.1,7.7
8575,0.9009,0,WARNING,18.5,6.6,23.6,7.3
8576,0.9012,0,WARNING,18.4,7.1,24.3,7.7
8577,0.9984,0,WARNING,18.5,7.7,23.3,5.7
8578,0.9983,0,WARNING,17.5,6.7,24.5,5.8
8579,0.9983,0,WARNING,18.4,6.8,23.8,6.2
8580,0.9012,0,WARNING,18.3,7.0,22.9,7.1
8581,0.9013,0,WARNING,18.6,7.7,24.9,7.8
8582,0.9984,0,WARNING,19.9,8.1,23.9,5.8
8583,0.9984,0,WARNING,19.0,7.2,24.5,5.7
8584,0.9984,0,WARNING,19.5,7.7,24.3,6.1
8585,0.974,0,WARNING,19.2,7.1,24.0,7.2
8586,0.8999,0,WARNING,18.5,7.2,24.9,7.7
8587,0.9984,0,WARNING,18.9,6.4,24.9,6.4
8588,0.9983,0,WARNING,21.1,8.1,24.2,6.9
8589,1.0,0,WARNING,23.0,7.7,26.9,10.2
8590,1.0,0,ANOMALY,25.7,20.3,41.1,20.8
8591,1.0,0,ANOMALY,24.3,9.0,31.8,14.6
8592,0.9,0,WARNING,20.2,8.9,27.9,8.7
8593,0.8994,0,WARNING,18.8,7.4,24.9,7.7
8594,0.9745,0,WARNING,17.8,6.5,24.7,7.1
8595,0.9005,0,WARNING,18.3,6.5,22.7,7.0
8596,0.8978,0,WARNING,18.6,7.5,27.2,8.4
8597,0.8959,0,WARNING,19.3,8.3,25.9,7.9
8598,0.9984,0,WARNING,19.0,7.9,25.8,6.5
8599,0.9984,0,WARNING,19.2,8.2,24.7,6.2
8600,0.9984,0,WARNING,19.2,8.1,25.6,6.6
8601,0.9984,0,WARNING,19.5,7.5,25.6,6.5
8602,0.9984,0,WARNING,18.8,7.5,24.9,6.4
8603,0.9984,0,WARNING,19.6,8.1,25.2,5.8
8604,0.8959,0,WARNING,19.4,8.4,26.3,8.1
8605,0.9015,0,WARNING,19.1,7.5,24.4,7.6
8606,0.9984,0,WARNING,19.7,9.2,25.4,6.8
8607,0.9,0,WARNING,19.2,8.0,25.7,8.0
8608,0.9984,0,WARNING,18.6,8.1,25.1,6.4
8609,0.9984,0,WARNING,20.1,9.1,26.2,6.7
8610,0.9892,0,WARNING,20.6,7.3,25.0,7.4
8611,0.9984,0,WARNING,19.1,7.6,26.0,7.3
8612,0.9014,0,WARNING,19.4,7.0,24.3,7.7
8613,0.9984,0,WARNING,20.1,7.9,25.5,6.5
8614,0.9002,0,WARNING,20.2,7.7,24.5,7.4
8615,0.9984,0,WARNING,20.7,7.5,25.4,7.0
8616,0.9984,0,WARNING,21.9,8.0,24.5,6.2
8617,0.9984,0,WARNING,22.5,6.7,22.4,5.1
8618,0.9984,0,WARNING,22.5,7.4,27.7,7.4
8619,0.9891,0,WARNING,22.7,8.0,25.1,7.3
8620,0.9984,0,WARNING,23.1,7.6,25.4,6.7
8621,0.9984,0,WARNING,24.5,7.1,24.7,6.3
8622,0.9984,0,WARNING,24.3,6.7,24.4,5.5
8623,0.9984,0,WARNING,24.8,7.8,24.8,6.2
8624,0.9034,0,WARNING,23.6,7.6,26.0,8.1
8625,0.9891,0,WARNING,24.5,6.9,23.9,6.9
8626,0.9984,0,WARNING,25.9,7.4,25.0,6.0
8627,0.9984,0,WARNING,25.2,6.9,25.0,6.5
8628,0.9003,0,WARNING,21.9,6.8,24.8,8.9
8629,0.9984,0,WARNING,25.2,6.6,24.7,5.8
8630,0.9984,0,WARNING,25.6,7.7,24.7,5.7
8631,0.9984,0,WARNING,24.8,6.6,24.5,6.3
8632,0.9984,0,WARNING,25.3,6.6,25.2,6.0
8633,0.9984,0,WARNING,26.5,6.2,24.4,6.0
8634,0.9891,0,WARNING,26.8,6.4,23.9,7.1
8635,0.9984,0,WARNING,26.6,6.4,24.3,6.3
8636,0.9003,0,WARNING,26.2,7.0,24.0,7.4
8637,0.9984,0,WARNING,26.3,6.9,24.7,5.7
8638,0.9984,0,WARNING,25.2,6.6,24.9,5.8
8639,0.9891,0,WARNING,25.4,7.5,24.0,6.9
8640,0.8991,0,WARNING,24.9,6.1,23.9,7.3
8641,0.9984,0,WARNING,25.7,7.8,25.2,6.5
8642,0.9984,0,WARNING,25.8,6.4,23.5,6.1
8643,0.8965,0,WARNING,25.8,7.3,25.1,7.8
8644,0.9984,0,WARNING,25.8,5.3,23.5,5.6
8645,0.9984,0,WARNING,23.3,7.0,22.8,5.5
8646,0.9892,0,WARNING,26.0,7.1,27.5,8.2
8647,0.9891,0,WARNING,26.0,6.6,24.0,6.8
8648,0.9984,0,WARNING,27.2,8.1,25.8,7.9
8649,1.0,0,ANOMALY,31.1,17.6,36.8,19.1
8650,0.9985,0,WARNING,28.4,10.7,31.8,10.4
8651,1.0,0,ANOMALY,27.5,9.3,32.5,17.6
8652,0.9884,0,WARNING,25.7,5.7,23.3,6.8
8653,0.9888,0,WARNING,23.1,5.1,19.3,5.3
8654,0.9891,0,WARNING,26.0,7.9,27.1,8.0
8655,0.9747,0,WARNING,25.7,6.8,26.8,7.7
8656,0.989,0,WARNING,26.0,6.5,24.4,7.1
8657,0.8953,0,WARNING,26.3,6.7,22.8,7.0
8658,0.9892,0,WARNING,26.4,6.4,25.2,7.4
8659,0.8921,0,WARNING,25.9,6.9,24.1,7.5
8660,0.9984,0,WARNING,26.9,7.0,24.6,6.3
8661,0.9984,0,WARNING,26.0,6.0,23.5,5.5
8662,0.9984,0,WARNING,26.7,6.4,23.8,5.5
8663,0.8908,0,WARNING,26.3,7.3,23.9,7.1
8664,0.8925,0,WARNING,23.6,7.0,24.4,7.6
8665,0.9984,0,WARNING,24.5,5.9,24.8,6.5
8666,0.9892,0,WARNING,24.9,7.1,24.8,7.2
8667,0.8896,0,WARNING,24.5,7.0,23.9,7.5
8668,0.9984,0,WARNING,25.6,6.1,23.8,6.0
8669,0.9892,0,WARNING,24.2,6.6,24.3,7.0
8670,0.9984,0,WARNING,26.3,5.4,23.6,5.5
8671,0.9984,0,WARNING,25.0,7.4,24.5,5.5
8672,0.9892,0,WARNING,24.3,6.2,23.6,7.0
8673,0.9984,0,WARNING,23.4,6.8,23.9,5.9
8674,0.9893,0,WARNING,22.6,6.5,22.6,6.4
8675,0.8916,0,WARNING,22.0,6.8,26.5,8.8
8676,0.9892,0,WARNING,21.8,5.7,23.0,6.8
8677,0.8948,0,WARNING,22.8,5.9,23.5,7.4
8678,0.9984,0,WARNING,23.7,6.4,24.7,6.2
8679,0.9984,0,WARNING,25.1,5.7,21.7,4.7
8680,0.9984,0,WARNING,24.8,7.3,25.7,6.7
8681,0.9984,0,WARNING,23.0,5.8,23.6,5.5
8682,0.9892,0,WARNING,23.2,5.5,22.3,6.4
8683,0.9984,0,WARNING,24.4,6.7,24.0,5.6
8684,0.8894,0,WARNING,25.1,6.6,24.3,7.6
8685,0.9984,0,WARNING,22.3,6.0,23.5,5.5
8686,0.8889,0,WARNING,25.0,6.9,23.8,7.2
8687,0.9984,0,WARNING,25.1,5.8,22.4,4.9
8688,0.9984,0,WARNING,24.0,6.7,23.7,5.6
8689,0.9984,0,WARNING,21.3,6.4,24.7,6.3
8690,0.9893,0,WARNING,24.6,6.7,23.8,6.9
8691,0.9984,0,WARNING,24.1,7.0,24.1,6.1
8692,0.9984,0,WARNING,24.6,5.8,22.6,5.0
8693,0.9893,0,WARNING,24.9,5.7,22.3,6.4
8694,0.9984,0,WARNING,22.6,6.5,24.8,5.8
8695,0.9984,0,WARNING,23.1,5.7,22.9,5.5
8696,0.8869,0,WARNING,22.1,5.9,23.9,7.5
8697,0.9893,0,WARNING,24.3,7.0,23.4,6.6
8698,0.8841,0,WARNING,25.2,6.0,22.5,7.0
8699,0.9984,0,WARNING,24.4,5.8,23.4,6.1
8700,0.9984,0,WARNING,22.9,6.1,23.9,5.6
8701,0.9984,0,WARNING,22.4,7.5,24.2,6.0
8702,0.9984,0,WARNING,24.1,6.7,23.9,5.4
8703,0.9893,0,WARNING,24.7,6.2,23.4,6.5
8704,0.8841,0,WARNING,24.7,6.7,23.2,7.2
8705,0.8845,0,WARNING,24.1,6.2,24.0,7.5
8706,0.9893,0,WARNING,23.0,6.4,23.1,6.7
8707,0.8744,0,WARNING,24.8,5.6,24.0,7.5
8708,0.9893,0,WARNING,24.0,7.3,24.2,8.5
8709,1.0,0,ANOMALY,28.9,18.6,36.6,21.1
8710,0.9986,0,WARNING,28.2,8.1,31.9,10.2
8711,1.0,0,WARNING,24.2,8.6,31.9,12.8
8712,0.9886,0,WARNING,22.1,6.2,23.8,7.0
8713,0.9889,0,WARNING,21.5,6.1,23.7,6.9
8714,0.8846,0,WARNING,18.2,4.7,21.8,6.8
8715,0.974,0,WARNING,22.8,7.4,25.1,7.0
8716,0.9984,0,WARNING,23.0,6.2,23.9,5.7
8717,0.9984,0,WARNING,25.0,6.3,22.9,5.1
8718,0.9892,0,WARNING,25.3,5.9,23.7,6.8
8719,0.9984,0,WARNING,23.6,6.8,23.5,5.6
8720,0.9892,0,WARNING,22.4,5.7,22.8,6.5
8721,0.9984,0,WARNING,25.1,7.1,24.9,5.8
8722,0.9892,0,WARNING,22.4,5.7,22.9,6.6
8723,0.9893,0,WARNING,22.1,6.1,23.6,6.8
8724,0.9893,0,WARNING,24.8,6.5,24.1,7.1
8725,0.8806,0,WARNING,24.6,6.2,23.6,7.4
8726,0.9984,0,WARNING,25.3,5.5,22.8,5.2
8727,0.9893,0,WARNING,24.2,5.6,22.8,6.5
8728,0.9984,0,WARNING,24.7,6.7,23.7,5.9
8729,0.9984,0,WARNING,24.8,5.7,23.4,5.5
8730,0.9984,0,WARNING,23.3,5.4,22.2,4.9
8731,0.9984,0,WARNING,23.4,6.9,24.3,5.6
8732,0.8796,0,WARNING,25.1,5.8,23.2,7.3
8733,0.9984,0,WARNING,24.0,6.5,23.2,5.6
8734,0.9893,0,WARNING,25.6,5.3,22.4,6.3
8735,0.879,0,WARNING,24.4,6.2,24.6,7.5
8736,0.9984,0,WARNING,25.9,6.5,22.3,4.8
8737,0.9984,0,WARNING,25.7,5.3,23.0,5.8
8738,0.9984,0,WARNING,24.4,6.5,24.2,5.6
8739,0.9984,0,WARNING,24.9,6.4,23.3,5.8
8740,0.9984,0,WARNING,26.1,6.6,23.5,5.9
8741,0.9892,0,WARNING,25.3,5.9,23.7,6.2
8742,0.9892,0,WARNING,23.3,6.5,22.6,6.2
8743,0.8745,0,WARNING,25.6,6.0,23.3,7.1
8744,0.9984,0,WARNING,25.6,5.9,24.3,6.2
8745,0.8769,0,WARNING,24.6,5.5,22.7,7.0
8746,0.9984,0,WARNING,24.4,6.5,23.4,5.7
8747,0.9984,0,WARNING,23.4,6.2,24.6,6.2
8748,0.9984,0,WARNING,25.0,6.4,23.1,5.8
8749,0.9893,0,WARNING,25.0,6.6,23.6,6.6
8750,0.9984,0,WARNING,24.9,5.9,24.0,5.4
8751,0.9984,0,WARNING,25.5,6.8,23.6,5.3
8752,0.9893,0,WARNING,24.2,5.9,23.7,6.8
8753,0.9984,0,WARNING,24.8,6.3,23.0,5.1
8754,0.9984,0,WARNING,24.4,6.0,23.8,5.5
8755,0.9984,0,WARNING,23.9,6.5,23.5,5.7
8756,0.9984,0,WARNING,24.1,5.9,23.8,5.9
8757,0.8745,0,WARNING,23.2,6.2,24.6,7.6
8758,0.9984,0,WARNING,23.9,6.6,24.0,5.4
8759,0.9893,0,WARNING,22.9,6.0,23.8,6.7
8760,0.9893,0,WARNING,23.6,6.5,22.8,6.3
8761,0.8738,0,WARNING,23.6,6.8,24.9,7.8
8762,0.9893,0,WARNING,24.6,6.5,23.3,6.5
8763,0.9893,0,WARNING,23.6,6.1,23.7,6.8
8764,0.9984,0,WARNING,24.5,6.8,24.0,6.0
8765,0.8733,0,WARNING,24.3,5.8,24.3,7.6
8766,0.9893,0,WARNING,23.5,6.6,23.8,6.7
8767,0.9893,0,WARNING,24.4,6.2,23.3,6.3
8768,0.9893,0,WARNING,24.2,8.8,24.3,8.2
8769,1.0,0,ANOMALY,30.4,12.2,33.2,15.3
8770,0.9985,0,WARNING,26.3,12.1,33.0,11.0
8771,1.0,0,ANOMALY,27.4,8.4,29.2,14.6
8772,0.9985,0,WARNING,25.6,6.1,26.2,6.4
8773,0.9985,0,WARNING,22.5,4.1,17.9,3.5
8774,0.8696,0,WARNING,22.7,6.5,24.2,7.3
8775,0.9984,0,WARNING,24.4,6.5,28.1,7.3
8776,0.8709,0,WARNING,24.9,6.6,24.7,7.6
8777,0.9892,0,WARNING,23.7,6.7,23.9,6.8
8778,0.9984,0,WARNING,23.6,6.4,24.2,5.6
8779,0.8696,0,WARNING,23.9,6.3,24.1,7.3
8780,0.9984,0,WARNING,19.8,4.9,23.6,5.9
8781,0.9984,0,WARNING,21.0,6.1,23.0,5.1
8782,0.9983,0,WARNING,23.0,6.8,25.0,6.1
8783,0.9984,0,WARNING,24.3,5.6,22.9,5.0
8784,0.9984,0,WARNING,24.2,5.9,22.5,5.4
8785,0.9984,0,WARNING,23.6,5.4,24.3,6.2
8786,0.9984,0,WARNING,23.9,5.3,23.2,5.3
8787,0.9893,0,WARNING,23.6,6.8,23.5,6.5
8788,0.9893,0,WARNING,22.1,6.8,24.9,7.1
8789,0.9893,0,WARNING,24.0,5.1,23.2,6.7
8790,0.9984,0,WARNING,23.2,5.9,24.0,5.4
8791,0.9984,0,WARNING,24.3,5.5,22.0,4.6
8792,0.9984,0,WARNING,22.9,6.2,24.7,5.7
8793,0.9893,0,WARNING,23.7,5.1,22.9,6.6
8794,0.9893,0,WARNING,23.6,5.5,23.3,6.7
8795,0.8698,0,WARNING,24.6,6.4,23.6,7.1
8796,0.9984,0,WARNING,24.2,6.4,23.8,5.4
8797,0.9893,0,WARNING,24.0,6.2,24.4,7.0
8798,0.9893,0,WARNING,24.0,6.7,24.2,6.1
8799,0.9984,0,WARNING,24.4,5.7,23.6,5.3
8800,0.8695,0,WARNING,24.3,6.1,23.7,7.2
8801,0.9893,0,WARNING,24.4,6.3,23.0,6.4
8802,0.9893,0,WARNING,21.5,6.0,23.9,6.9
8803,0.9743,0,WARNING,23.7,5.4,23.3,6.5
8804,0.9984,0,WARNING,22.8,6.1,25.0,6.2
8805,0.8656,0,WARNING,24.1,6.5,24.1,7.4
8806,0.9893,0,WARNING,22.9,6.8,24.7,6.9
8807,0.9984,0,WARNING,24.4,5.4,23.6,5.3
8808,0.9984,0,WARNING,23.5,6.5,23.8,5.3
8809,0.9984,0,WARNING,23.8,6.3,23.8,5.9
8810,0.9984,0,WARNING,21.9,5.6,23.9,6.0
8811,0.8602,0,WARNING,22.1,6.3,24.3,7.4
8812,0.9893,0,WARNING,21.4,6.1,24.3,6.9
8813,0.9984,0,WARNING,21.6,6.8,24.6,6.1
8814,0.8589,0,WARNING,20.6,6.5,24.4,7.3
8815,0.8591,0,WARNING,21.8,6.1,23.9,7.2
8816,0.9893,0,WARNING,23.0,5.5,23.2,6.7
8817,0.8548,0,WARNING,23.6,6.1,23.1,6.9
8818,0.9893,0,WARNING,22.4,6.8,24.1,6.9
8819,0.9984,0,WARNING,23.1,6.2,24.7,6.1
8820,0.9893,0,WARNING,24.2,5.6,24.0,7.0
8821,0.9984,0,WARNING,24.4,6.8,24.2,6.1
8822,0.9984,0,WARNING,24.0,6.6,24.6,5.9
8823,0.9892,0,WARNING,24.6,6.5,24.5,6.8
8824,0.9984,0,WARNING,21.1,5.7,24.5,5.7
8825,0.861,0,WARNING,22.3,6.5,23.9,7.2
8826,0.9893,0,WARNING,25.0,6.4,24.7,7.1
8827,0.9892,0,WARNING,26.3,5.3,23.1,6.4
8828,0.9086,0,WARNING,28.2,9.3,25.6,9.0
8829,1.0,0,ANOMALY,30.4,16.1,35.7,17.6
8830,0.9863,0,WARNING,30.1,9.5,33.8,11.5
8831,1.0,0,ANOMALY,29.5,7.9,31.1,16.2
8832,0.9985,0,WARNING,26.3,6.7,25.6,6.5
8833,0.9985,0,WARNING,25.3,4.2,16.9,3.0
8834,0.9892,0,WARNING,23.8,10.2,23.4,8.0
8835,0.8573,0,WARNING,25.0,6.7,25.6,7.9
8836,0.9891,0,WARNING,24.9,4.5,23.1,6.8
8837,0.9984,0,WARNING,25.2,6.8,24.1,5.4
8838,0.9892,0,WARNING,23.5,5.9,25.2,7.2
8839,0.9984,0,WARNING,24.1,5.8,24.3,5.5
8840,0.9892,0,WARNING,24.5,7.0,24.4,6.8
8841,0.9892,0,WARNING,21.7,5.5,24.2,7.1
8842,0.9984,0,WARNING,23.9,6.7,23.8,5.3
8843,0.8625,0,WARNING,25.1,6.2,24.0,7.5
8844,0.9046,0,WARNING,24.9,5.1,22.0,6.7
8845,0.9893,0,WARNING,23.9,3.0,14.8,3.9
8846,0.9999,0,WARNING,27.3,13.5,24.6,7.5
8847,0.8608,0,WARNING,26.4,6.1,24.4,7.4
8848,0.9984,0,WARNING,25.8,5.1,19.8,3.9
8849,1.0,0,ANOMALY,28.3,16.0,24.6,7.1
8850,0.8586,0,WARNING,26.9,6.6,25.1,7.8
8851,0.8579,0,WARNING,26.9,6.2,24.7,7.6
8852,0.8607,0,WARNING,26.5,6.1,22.8,7.5
8853,0.9892,0,WARNING,26.3,5.4,23.8,7.0
8854,0.9984,0,WARNING,24.3,5.0,18.6,3.4
8855,0.9991,0,WARNING,27.6,12.0,24.7,8.9
8856,0.9985,0,WARNING,26.4,5.9,24.8,6.3
8857,0.8558,0,WARNING,25.4,6.7,24.0,7.8
8858,0.9984,0,WARNING,24.1,6.8,25.7,6.5
8859,0.9984,0,WARNING,24.4,6.6,24.6,6.2
8860,0.9892,0,WARNING,24.5,4.5,17.9,4.6
8861,1.0,0,ANOMALY,27.3,14.6,24.1,8.2
8862,0.9891,0,WARNING,25.5,6.6,25.8,7.4
8863,0.854,0,WARNING,25.1,6.4,24.2,7.2
8864,0.9984,0,WARNING,25.0,3.6,17.5,3.1
8865,0.9984,0,WARNING,27.0,11.8,24.2,7.3
8866,0.8507,0,WARNING,25.5,6.3,24.7,8.2
8867,0.8472,0,WARNING,25.9,7.1,25.3,7.8
8868,0.9984,0,WARNING,25.5,6.7,24.6,6.2
8869,0.9984,0,WARNING,24.8,7.1,25.0,6.2
8870,0.8961,0,WARNING,25.2,6.4,24.1,7.5
8871,0.9984,0,WARNING,25.1,4.2,15.3,2.4
8872,0.9967,0,WARNING,27.2,12.2,25.0,8.3
8873,0.9984,0,WARNING,26.4,6.4,24.6,6.3
8874,0.8476,0,WARNING,26.4,7.2,25.2,7.7
8875,0.9984,0,WARNING,25.7,6.7,24.5,6.2
8876,0.8463,0,WARNING,25.6,8.0,26.0,7.9
8877,0.8477,0,WARNING,25.5,6.9,25.5,7.8
8878,0.9892,0,WARNING,24.8,6.6,24.9,7.0
8879,0.9984,0,WARNING,24.8,7.4,26.1,6.4
8880,0.9984,0,WARNING,25.4,7.1,25.4,5.9
8881,0.9984,0,WARNING,25.1,8.3,26.2,7.6
8882,0.9891,0,WARNING,24.0,7.5,25.9,7.4
8883,0.8443,0,WARNING,26.0,6.9,24.6,7.5
8884,0.9984,0,WARNING,26.0,7.3,25.6,6.4
8885,0.9984,0,WARNING,25.5,7.8,25.8,6.3
8886,0.9984,0,WARNING,26.2,7.8,25.8,6.4
8887,0.9984,0,WARNING,25.6,5.4,22.0,5.2
8888,0.9984,0,WARNING,26.2,7.7,25.9,7.6
8889,1.0,0,ANOMALY,30.2,12.7,34.4,17.6
8890,0.9928,0,WARNING,29.0,14.4,35.1,12.8
8891,1.0,0,ANOMALY,28.7,9.5,32.5,16.7
8892,0.9986,0,WARNING,26.3,7.7,28.8,6.8
8893,0.9887,0,WARNING,26.1,8.1,27.0,7.7
8894,0.9888,0,WARNING,22.0,5.0,20.2,5.4
8895,0.9984,0,WARNING,24.4,6.4,23.5,5.5
8896,0.9984,0,WARNING,25.4,7.7,27.2,6.9
8897,0.834,0,WARNING,25.0,6.8,26.7,8.2
8898,0.9984,0,WARNING,24.6,8.7,27.9,6.7
8899,0.8335,0,WARNING,25.9,7.8,26.9,8.2
8900,0.989,0,WARNING,25.0,7.4,27.7,7.9
8901,0.9985,0,WARNING,24.9,8.2,26.2,6.6
8902,0.9984,0,WARNING,24.4,7.1,25.4,5.7
8903,0.9891,0,WARNING,25.1,6.7,23.1,6.3
8904,0.9892,0,WARNING,25.7,7.6,28.0,8.0
8905,0.9984,0,WARNING,23.6,7.3,26.3,6.5
8906,0.9984,0,WARNING,24.4,7.5,26.1,6.5
8907,0.9984,0,WARNING,25.1,7.4,25.6,6.3
8908,0.8346,0,WARNING,24.8,6.9,25.4,7.8
8909,0.9984,0,WARNING,24.1,7.4,25.9,6.4
8910,0.8315,0,WARNING,25.3,7.4,26.5,8.0
8911,0.9984,0,WARNING,24.9,7.5,26.1,5.9
8912,0.9984,0,WARNING,24.7,8.2,26.7,6.1
8913,0.8329,0,WARNING,25.2,7.8,26.1,7.9
8914,0.9891,0,WARNING,24.9,6.6,26.3,7.5
8915,0.9984,0,WARNING,24.5,7.8,26.6,7.0
8916,0.8319,0,WARNING,25.4,8.0,26.8,8.1
8917,0.9984,0,WARNING,25.2,7.5,26.7,6.7
8918,0.9984,0,WARNING,25.0,6.8,25.8,6.4
8919,0.9984,0,WARNING,24.0,7.4,26.5,5.9
8920,0.825,0,WARNING,25.5,7.6,26.2,7.7
8921,0.9984,0,WARNING,25.9,7.7,25.8,6.3
8922,0.9984,0,WARNING,24.9,6.9,26.8,6.2
8923,0.8285,0,WARNING,24.6,8.2,26.8,7.9
8924,0.9984,0,WARNING,23.4,6.5,23.5,5.7
8925,0.9984,0,WARNING,26.2,7.5,28.9,7.5
8926,0.8335,0,WARNING,26.4,6.8,26.0,7.8
8927,0.9984,0,WARNING,26.3,7.2,24.5,5.8
8928,0.8353,0,WARNING,27.5,8.1,28.7,8.7
8929,0.9984,0,WARNING,26.3,5.3,20.5,4.6
8930,0.8256,0,WARNING,26.8,7.9,26.8,8.1
8931,0.9984,0,WARNING,26.7,8.1,26.7,6.5
8932,0.9984,0,WARNING,25.8,7.2,26.2,6.6
8933,0.8295,0,WARNING,26.9,8.1,26.7,8.2
8934,0.8274,0,WARNING,27.2,8.2,28.6,8.6
8935,0.8326,0,WARNING,27.1,7.4,27.0,8.1
8936,0.8349,0,WARNING,27.5,7.4,28.2,8.5
8937,0.8279,0,WARNING,26.8,8.5,27.3,8.2
8938,0.9985,0,WARNING,26.8,7.2,26.4,6.7
8939,0.8326,0,WARNING,26.6,6.7,26.2,7.8
8940,0.9984,0,WARNING,26.9,6.3,25.6,6.0
8941,0.9984,0,WARNING,26.5,7.3,25.6,6.3
8942,0.9984,0,WARNING,26.6,7.1,26.6,6.7
8943,0.8245,0,WARNING,26.4,7.2,26.7,8.0
8944,0.9984,0,WARNING,27.0,8.8,27.2,6.5
8945,0.9984,0,WARNING,27.6,7.2,26.5,6.8
8946,0.9984,0,WARNING,24.9,7.8,27.3,6.7
8947,0.8595,0,WARNING,22.8,8.8,27.2,8.3
8948,0.9984,0,WARNING,23.2,9.5,27.3,7.7
8949,1.0,0,ANOMALY,26.2,18.6,38.3,17.3
8950,0.9976,0,WARNING,23.5,11.5,35.3,11.6
8951,1.0,0,ANOMALY,23.5,13.3,41.1,21.1
8952,0.9985,0,WARNING,20.2,8.1,27.0,6.2
8953,0.8677,0,WARNING,19.8,6.9,24.1,7.8
8954,0.9984,0,WARNING,19.6,6.9,23.6,5.7
8955,0.8595,0,WARNING,19.9,9.2,28.4,9.0
8956,0.9984,0,WARNING,19.7,9.2,28.2,7.2
8957,0.8601,0,WARNING,19.2,8.8,28.6,8.7
8958,0.9984,0,WARNING,19.2,7.9,26.4,6.0
8959,0.9891,0,WARNING,19.6,8.8,29.6,7.7
8960,0.8705,0,WARNING,19.9,9.5,27.8,8.4
8961,0.9984,0,WARNING,20.3,10.2,27.1,6.3
8962,0.8641,0,WARNING,19.7,9.5,28.1,8.5
8963,0.8587,0,WARNING,19.3,8.4,29.1,8.9
8964,0.8629,0,WARNING,19.3,8.6,28.9,8.8
8965,0.9984,0,WARNING,19.2,7.8,26.8,7.3
8966,0.9984,0,WARNING,19.2,8.9,27.4,6.5
8967,0.8674,0,WARNING,18.8,7.3,27.3,8.3
8968,0.9984,0,WARNING,18.8,8.4,27.8,6.9
8969,0.8649,0,WARNING,18.4,8.1,26.9,8.2
8970,0.8644,0,WARNING,18.3,7.3,26.5,8.2
8971,0.9984,0,WARNING,19.0,9.7,28.0,8.6
8972,0.9891,0,WARNING,19.1,9.5,28.1,7.9
8973,0.9984,0,WARNING,18.5,8.8,27.8,7.6
8974,0.9984,0,WARNING,19.3,9.6,28.1,7.1
8975,0.9984,0,WARNING,18.8,7.8,27.2,6.3
8976,0.9984,0,WARNING,18.8,8.6,27.7,7.4
8977,0.8644,0,WARNING,18.0,7.4,23.9,7.2
8978,0.8628,0,WARNING,18.4,8.8,27.9,9.0
8979,0.8579,0,WARNING,19.4,10.6,29.0,8.6
8980,0.8628,0,WARNING,18.8,8.9,27.8,8.4
8981,0.8558,0,WARNING,19.1,10.1,28.1,8.9
8982,0.9984,0,WARNING,19.0,9.2,29.5,7.7
8983,0.9984,0,WARNING,19.0,8.2,27.5,6.4
8984,0.8592,0,WARNING,18.8,8.5,23.4,6.7
8985,0.9983,0,WARNING,18.6,8.9,29.7,8.8
8986,0.8551,0,WARNING,18.7,9.1,28.0,8.9
8987,0.9984,0,WARNING,18.4,8.3,27.9,7.1
8988,0.8547,0,WARNING,18.4,9.0,28.4,8.7
8989,0.8569,0,WARNING,18.2,8.9,30.0,9.2
8990,0.855,0,WARNING,18.9,9.2,28.4,8.6
8991,0.989,0,WARNING,18.4,9.1,28.2,7.7
8992,0.9984,0,WARNING,17.3,6.8,24.3,5.9
8993,0.8469,0,WARNING,18.5,8.5,25.7,7.5
8994,0.8428,0,WARNING,18.1,8.8,28.9,8.8
8995,0.9984,0,WARNING,17.4,6.7,23.1,6.1
8996,0.9983,0,WARNING,18.0,8.1,27.9,6.5
8997,0.9983,0,WARNING,17.7,6.7,23.9,5.8
8998,0.9983,0,WARNING,17.7,7.4,25.6,6.3
8999,0.9893,0,WARNING,17.7,8.3,27.4,7.7
9000,0.9983,0,WARNING,17.6,8.1,25.8,6.1
9001,0.9892,0,WARNING,17.8,8.3,28.0,8.0
9002,0.829,0,WARNING,18.1,10.3,29.3,8.8
9003,0.8349,0,WARNING,18.2,8.2,28.4,8.6
9004,0.8339,0,WARNING,16.9,5.7,23.6,7.2
9005,0.8313,0,WARNING,18.4,9.4,28.1,8.4
9006,0.9984,0,WARNING,18.7,9.8,26.6,6.3
9007,0.9891,0,WARNING,19.4,7.7,28.3,7.8
9008,0.9984,0,WARNING,20.8,10.8,28.7,8.3
9009,1.0,0,ANOMALY,22.7,9.6,33.3,16.1
9010,1.0,0,ANOMALY,23.8,22.1,45.3,20.2
9011,1.0,0,ANOMALY,22.5,10.3,34.0,16.0
9012,0.9985,0,WARNING,20.3,10.2,31.9,9.6
9013,0.9985,0,WARNING,19.0,8.2,24.3,5.7
9014,0.8192,0,WARNING,17.8,5.9,21.9,6.3
9015,0.9983,0,WARNING,18.2,8.9,28.4,7.4
9016,0.9984,0,WARNING,18.4,8.8,29.3,6.8
9017,0.9984,0,WARNING,17.9,7.2,27.5,7.0
9018,0.8167,0,WARNING,18.3,9.6,28.2,9.3
9019,0.9984,0,WARNING,18.2,9.1,26.4,6.4
9020,0.9891,0,WARNING,18.4,9.5,29.7,8.3
9021,0.9891,0,WARNING,18.4,9.9,29.2,8.2
9022,0.9984,0,WARNING,18.0,8.3,26.1,5.8
9023,0.9984,0,WARNING,18.0,9.1,27.5,6.5
9024,0.7956,0,WARNING,17.6,7.7,27.7,8.1
9025,0.9984,0,WARNING,18.1,8.8,29.0,7.3
9026,0.7889,0,WARNING,18.0,8.5,28.7,8.6
9027,0.9984,0,WARNING,17.9,8.1,27.9,7.4
9028,0.9984,0,WARNING,18.6,8.6,26.7,6.4
9029,0.7963,0,WARNING,18.1,8.0,28.3,8.6
9030,0.788,0,WARNING,18.9,10.2,28.8,8.4
9031,0.8689,0,WARNING,19.5,10.6,27.4,8.7
9032,0.989,0,WARNING,19.0,9.2,29.1,8.0
9033,0.989,0,WARNING,19.4,9.4,29.2,8.2
9034,0.7866,0,WARNING,19.4,9.1,29.1,8.8
9035,0.9745,0,WARNING,19.4,9.1,27.5,7.3
9036,0.9984,0,WARNING,19.6,10.7,29.7,7.4
9037,0.7834,0,WARNING,20.0,10.2,28.5,8.3
9038,0.7801,0,WARNING,19.3,9.6,29.3,9.1
9039,0.9984,0,WARNING,19.5,8.8,26.4,6.1
9040,0.7843,0,WARNING,18.8,8.9,28.9,8.4
9041,0.7824,0,WARNING,19.2,8.7,26.4,7.7
9042,0.9984,0,WARNING,19.1,9.5,27.3,7.2
9043,0.7672,0,WARNING,19.4,9.2,27.9,8.0
9044,0.9891,0,WARNING,19.4,8.9,29.6,8.3
9045,0.9984,0,WARNING,19.6,9.7,26.2,6.3
9046,0.9984,0,WARNING,18.9,7.9,28.3,6.9
9047,0.7662,0,WARNING,19.5,9.1,27.6,8.3
9048,0.9984,0,WARNING,20.3,9.3,28.5,6.7
9049,0.9984,0,WARNING,19.7,8.3,27.1,6.5
9050,0.9983,0,WARNING,20.4,9.4,28.2,6.8
9051,0.7602,0,WARNING,19.5,8.6,29.4,8.7
9052,0.9984,0,WARNING,20.0,9.5,27.3,6.9
9053,0.9984,0,WARNING,18.9,7.8,29.0,7.3
9054,0.7634,0,WARNING,19.9,9.1,26.6,8.1
9055,0.9984,0,WARNING,20.1,11.2,31.3,8.1
9056,0.9984,0,WARNING,20.5,10.7,27.9,6.3
9057,0.9984,0,WARNING,19.9,10.2,28.1,6.6
9058,0.7487,0,WARNING,20.2,11.1,31.0,9.5
9059,0.9984,0,WARNING,20.0,11.3,28.6,6.6
9060,0.7457,0,WARNING,21.1,10.9,28.3,9.0
9061,0.7352,0,WARNING,20.2,8.3,25.1,7.0
9062,0.7283,0,WARNING,20.7,10.8,31.3,9.5
9063,0.989,0,WARNING,19.4,7.7,23.7,6.0
9064,0.7325,0,WARNING,21.4,10.7,28.8,8.5
9065,0.7514,0,WARNING,21.3,11.8,29.2,8.2
9066,0.9984,0,WARNING,19.8,8.0,23.8,4.8
9067,0.9743,0,WARNING,20.8,10.0,30.0,7.9
9068,0.9984,0,WARNING,22.4,14.1,30.3,8.5
9069,1.0,0,ANOMALY,26.1,17.9,38.5,19.4
9070,1.0,0,ANOMALY,25.4,19.6,36.4,13.5
9071,1.0,0,ANOMALY,24.0,15.1,42.7,24.6
9072,0.9986,0,WARNING,22.5,11.5,29.8,7.7
9073,0.9985,0,WARNING,20.9,11.5,30.8,7.3
9074,0.7178,0,WARNING,20.2,8.3,24.9,7.4
9075,0.9329,0,WARNING,19.1,5.7,18.6,5.5
9076,0.9983,0,WARNING,20.5,10.5,29.3,6.4
9077,0.9983,0,WARNING,20.5,10.2,29.7,7.0
9078,0.9984,0,WARNING,20.6,10.4,28.3,6.6
9079,0.6953,0,WARNING,20.9,10.7,28.3,8.3
9080,0.6991,0,WARNING,20.9,11.3,31.6,9.1
9081,0.6998,0,WARNING,20.6,11.4,29.1,8.6
9082,0.6946,0,WARNING,20.0,10.1,28.1,7.8
9083,0.9984,0,WARNING,20.1,11.2,29.5,7.0
9084,0.6802,0,WARNING,20.0,11.4,30.4,8.5
9085,0.6914,0,WARNING,20.0,10.8,29.5,9.3
9086,0.6851,0,WARNING,20.2,11.1,29.1,9.2
9087,0.9984,0,WARNING,20.0,10.5,28.8,6.1
9088,0.9984,0,WARNING,20.9,11.5,30.1,6.9
9089,0.989,0,WARNING,20.2,10.1,28.6,7.5
9090,0.6687,0,WARNING,20.1,11.1,30.5,9.0
9091,0.6703,0,WARNING,20.5,11.5,30.8,9.2
9092,0.9984,0,WARNING,20.5,11.9,30.0,6.9
9093,0.6611,0,WARNING,20.3,11.7,29.6,8.3
9094,0.7723,0,WARNING,20.1,11.5,29.0,8.2
9095,0.6728,0,WARNING,20.2,11.3,28.4,8.2
9096,0.9984,0,WARNING,20.1,10.4,29.6,7.3
9097,0.9984,0,WARNING,19.8,10.1,29.8,7.0
9098,0.9984,0,WARNING,19.5,10.6,28.9,7.2
9099,0.9984,0,WARNING,19.8,10.3,28.7,7.2
9100,0.9891,0,WARNING,19.7,10.5,29.3,7.6
9101,0.6566,0,WARNING,19.7,11.0,28.9,8.0
9102,1.0,0,ANOMALY,19.7,10.6,29.4,9.8
9103,0.9984,0,WARNING,20.1,10.9,28.6,6.5
9104,0.9744,0,WARNING,19.5,9.7,27.9,7.0
9105,0.6468,0,WARNING,19.6,10.5,28.9,9.0
9106,0.6468,0,WARNING,19.8,10.2,28.5,7.9
9107,0.6367,0,WARNING,20.2,11.3,31.0,8.7
9108,0.9984,0,WARNING,20.1,11.3,30.2,7.0
9109,0.9984,0,WARNING,20.6,11.0,29.2,6.8
9110,0.989,0,WARNING,20.4,11.0,28.6,7.4
9111,0.9984,0,WARNING,19.7,10.6,28.4,6.4
9112,0.6307,0,WARNING,19.7,10.6,28.7,7.9
9113,0.6253,0,WARNING,20.1,11.0,29.7,8.2
9114,0.9745,0,WARNING,19.8,11.1,30.3,7.7
9115,0.6295,0,WARNING,20.0,11.0,29.4,8.7
9116,0.9984,0,WARNING,19.8,10.4,28.5,6.5
9117,0.9984,0,WARNING,19.9,10.2,28.6,6.5
9118,0.9984,0,WARNING,19.4,9.1,25.0,5.3
9119,0.9983,0,WARNING,19.9,11.0,29.7,6.8
9120,0.6042,0,WARNING,19.7,10.8,29.2,8.0
9121,0.9744,0,WARNING,19.2,10.0,28.4,7.2
9122,0.9984,0,WARNING,19.7,10.3,28.5,6.5
9123,0.6798,0,WARNING,19.6,9.9,25.3,6.7
9124,0.9984,0,WARNING,19.8,11.4,31.6,7.1
9125,0.6063,0,WARNING,19.3,10.2,27.9,8.3
9126,0.6074,0,WARNING,19.6,11.2,29.9,8.7
9127,0.9984,0,WARNING,20.1,11.9,29.0,6.0
9128,0.9984,0,WARNING,22.5,14.0,30.6,8.3
9129,1.0,1,ANOMALY,29.9,33.8,43.3,21.7
9130,1.0,1,ANOMALY,22.7,21.3,38.5,11.5
9131,1.0,1,ANOMALY,23.0,14.0,38.7,20.1
9132,0.9986,1,WARNING,21.2,10.7,29.3,6.6
9133,0.9985,1,WARNING,20.0,10.9,29.9,7.0
9134,0.5936,0,NORMAL,20.0,11.1,29.5,8.6
9135,0.5901,0,NORMAL,20.7,11.5,29.7,8.1
9136,0.696,0,WARNING,20.2,12.7,32.5,9.6
9137,0.6895,0,WARNING,20.4,10.5,27.2,8.2
9138,0.9889,0,WARNING,20.6,11.3,28.5,7.4
9139,0.9984,0,WARNING,20.2,10.4,31.0,7.4
9140,0.9984,0,WARNING,20.6,11.6,28.0,6.2
9141,0.989,0,WARNING,20.3,10.9,31.0,8.2
9142,0.9984,0,WARNING,20.3,11.1,29.4,6.8
9143,0.9984,0,WARNING,20.3,10.7,31.2,7.3
9144,0.9745,0,WARNING,20.2,12.1,31.2,8.3
9145,0.9984,0,WARNING,20.1,11.6,29.7,7.2
9146,0.9984,0,WARNING,20.7,11.2,29.3,6.8
9147,0.9984,0,WARNING,20.7,11.6,32.1,7.7
9148,0.5795,0,NORMAL,20.2,10.7,29.1,8.1
9149,0.9984,0,WARNING,19.7,9.2,27.2,6.0
9150,0.9984,0,WARNING,19.7,10.0,28.9,6.0
9151,0.9984,0,WARNING,20.3,10.1,28.8,6.5
9152,0.9984,0,WARNING,19.8,10.1,28.9,6.0
9153,0.9891,0,WARNING,20.3,11.1,30.3,7.8
9154,0.5578,0,NORMAL,19.8,10.4,29.5,8.2
9155,0.5679,0,NORMAL,21.3,11.3,31.3,9.3
9156,0.9984,0,WARNING,20.8,11.5,30.5,7.1
9157,0.5568,0,NORMAL,20.7,11.3,29.7,8.1
9158,0.9984,0,WARNING,20.5,11.2,30.3,7.1
9159,0.9984,0,WARNING,19.9,9.8,29.9,7.0
9160,0.9889,0,WARNING,19.5,8.9,28.1,7.3
9161,0.5666,0,NORMAL,19.4,9.1,28.8,8.0
9162,0.9984,0,WARNING,19.4,8.8,28.3,6.6
9163,0.9984,0,WARNING,19.7,11.5,28.5,6.7
9164,0.5717,0,NORMAL,20.1,9.3,31.1,8.9
9165,0.5599,0,NORMAL,19.6,9.2,29.8,8.3
9166,0.5633,0,NORMAL,19.8,9.4,30.0,9.1
9167,0.9984,0,WARNING,19.7,9.3,29.6,6.9
9168,0.9984,0,WARNING,19.8,9.3,28.7,6.5
9169,0.9984,0,WARNING,20.2,10.0,32.1,7.8
9170,0.9984,0,WARNING,20.2,9.8,29.3,6.8
9171,0.9984,0,WARNING,19.4,9.4,31.0,7.6
9172,0.9984,0,WARNING,19.2,9.0,28.7,6.7
9173,0.9984,0,WARNING,19.5,9.2,31.0,7.5
9174,0.5604,0,NORMAL,19.8,9.6,28.5,8.1
9175,0.9984,0,WARNING,19.8,9.5,31.7,8.2
9176,0.5638,0,NORMAL,19.6,8.7,27.7,7.7
9177,0.9206,0,WARNING,19.7,10.3,31.2,9.0
9178,0.5493,0,NORMAL,18.9,8.7,28.8,8.1
9179,0.7077,0,WARNING,19.5,10.4,29.3,8.4
9180,0.5581,0,NORMAL,19.4,9.1,28.5,8.0
9181,0.9984,0,WARNING,19.5,9.2,28.0,6.4
9182,0.9984,0,WARNING,19.4,8.8,27.4,6.8
9183,0.553,0,NORMAL,19.1,8.5,28.9,8.1
9184,0.5592,0,NORMAL,18.7,8.7,28.6,8.5
9185,0.5598,0,NORMAL,18.9,8.8,28.5,8.5
9186,0.9991,0,WARNING,18.9,9.2,26.7,5.9
9187,0.9892,0,WARNING,19.5,9.0,27.7,6.5
9188,0.9974,0,WARNING,21.7,14.7,32.3,10.5
9189,1.0,1,ANOMALY,24.2,11.0,33.4,15.3
9190,1.0,1,ANOMALY,27.7,32.3,44.6,20.2
9191,0.635,1,WARNING,22.6,9.8,31.1,8.7
9192,1.0,1,ANOMALY,22.3,11.9,36.1,18.7
9193,0.9985,1,WARNING,20.4,8.4,30.0,7.2
9194,0.9887,0,WARNING,19.1,8.6,28.6,7.5
9195,0.9746,0,WARNING,19.2,8.8,28.4,7.8
9196,0.5466,0,NORMAL,18.8,8.6,29.9,9.0
9197,0.9984,0,WARNING,18.7,9.1,29.7,7.0
9198,0.553,0,NORMAL,19.0,8.7,28.7,8.1
9199,0.9891,0,WARNING,18.3,7.8,28.3,7.4
9200,0.9984,0,WARNING,18.7,9.2,28.5,6.5
9201,0.5566,0,NORMAL,18.6,9.5,31.9,9.2
9202,0.9744,0,WARNING,18.7,9.6,28.8,7.4
9203,0.9984,0,WARNING,18.1,8.8,31.0,8.1
9204,0.5594,0,NORMAL,18.2,9.1,28.4,8.0
9205,0.9984,0,WARNING,18.5,8.9,28.7,7.3
9206,0.5464,0,NORMAL,18.0,8.4,30.1,8.8
9207,0.6824,0,WARNING,18.1,7.7,25.7,6.9
9208,0.5425,0,NORMAL,18.1,8.4,28.8,8.0
9209,0.9984,0,WARNING,17.8,8.5,30.6,7.3
9210,0.6814,0,WARNING,17.7,7.4,25.5,7.0
9211,0.9983,0,WARNING,17.9,8.4,28.3,6.7
9212,0.6769,0,WARNING,17.4,7.0,24.8,6.7
9213,0.9983,0,WARNING,17.6,8.4,28.3,6.6
9214,0.6938,0,WARNING,17.8,9.5,28.6,8.0
9215,0.9984,0,WARNING,17.8,8.4,27.8,5.8
9216,0.9983,0,WARNING,18.6,11.2,31.5,8.0
9217,0.989,0,WARNING,18.1,8.7,28.1,7.3
9218,0.9984,0,WARNING,18.0,8.9,31.2,7.7
9219,0.9984,0,WARNING,18.3,8.7,28.2,7.0
9220,0.5351,0,NORMAL,18.3,9.7,28.5,7.9
9221,0.5307,0,NORMAL,18.3,8.8,30.6,8.8
9222,0.9984,0,WARNING,18.1,9.2,28.4,6.6
9223,0.9984,0,WARNING,18.5,10.2,30.5,7.8
9224,0.9984,0,WARNING,18.9,14.7,28.2,6.3
9225,0.9984,0,WARNING,18.2,8.8,30.4,7.3
9226,0.9984,0,WARNING,18.4,9.7,28.4,6.5
9227,0.989,0,WARNING,17.9,8.5,30.1,8.2
9228,0.5312,0,NORMAL,18.0,9.2,28.5,8.0
9229,0.5396,0,NORMAL,18.3,9.3,30.5,8.6
9230,0.5333,0,NORMAL,18.0,8.7,30.7,8.9
9231,0.9984,0,WARNING,17.9,9.1,30.2,7.7
9232,0.9984,0,WARNING,17.4,9.0,28.6,7.0
9233,0.9984,0,WARNING,17.6,9.0,29.2,6.7
9234,0.9984,0,WARNING,17.4,8.6,30.0,7.2
9235,0.5939,0,NORMAL,17.5,9.3,28.7,8.0
9236,0.5405,0,NORMAL,17.9,8.5,29.3,8.3
9237,0.5377,0,NORMAL,18.0,9.0,30.9,8.9
9238,0.9984,0,WARNING,18.1,9.2,27.2,6.2
9239,0.5363,0,NORMAL,18.2,8.7,30.1,8.5
9240,0.53,0,NORMAL,18.1,8.8,30.3,8.5
9241,0.5359,0,NORMAL,18.6,9.5,29.9,8.5
9242,0.9984,0,WARNING,19.6,9.2,29.9,7.2
9243,0.5305,0,NORMAL,18.9,9.6,30.1,9.0
9244,0.9984,0,WARNING,18.4,8.2,27.1,6.2
9245,0.9984,0,WARNING,18.4,8.4,27.4,6.4
9246,0.5265,0,NORMAL,18.4,9.0,30.0,8.4
9247,0.9984,0,WARNING,19.4,9.2,30.7,7.3
9248,1.0,0,WARNING,22.0,10.4,32.4,12.6
9249,1.0,0,ANOMALY,25.2,22.7,46.1,21.4
9250,1.0,0,ANOMALY,23.2,11.3,36.5,17.0
9251,0.9975,0,WARNING,21.5,11.9,40.4,14.9
9252,0.9985,0,WARNING,19.3,8.4,30.0,6.7
9253,0.9985,0,WARNING,19.6,8.9,30.0,7.1
9254,0.5179,0,NORMAL,19.3,8.5,29.7,8.6
9255,0.5165,0,NORMAL,19.5,10.2,30.1,8.6
9256,0.9889,0,WARNING,19.1,8.6,29.8,7.9
9257,0.5278,0,NORMAL,19.5,8.6,29.8,8.4
9258,0.9984,0,WARNING,19.4,8.4,28.8,6.8
9259,0.5126,0,NORMAL,19.4,8.6,30.4,8.7
9260,0.5261,0,NORMAL,19.2,8.3,29.6,8.5
9261,0.5179,0,NORMAL,18.8,8.3,29.0,8.7
9262,0.989,0,WARNING,18.2,7.5,26.5,6.9
9263,0.5162,0,NORMAL,18.9,8.7,29.1,8.1
9264,0.9742,0,WARNING,19.0,8.6,29.8,7.6
9265,0.5171,0,NORMAL,18.7,8.2,29.3,8.3
9266,0.9891,0,WARNING,18.5,8.8,29.8,8.0
9267,0.9984,0,WARNING,18.4,8.7,30.9,7.5
9268,0.9984,0,WARNING,18.4,8.4,29.5,7.0
9269,0.9984,0,WARNING,18.5,8.8,29.9,7.6
9270,0.5149,0,NORMAL,18.4,8.3,29.1,8.1
9271,0.9984,0,WARNING,18.5,10.9,29.0,6.3
9272,0.9984,0,WARNING,18.5,8.4,29.4,6.8
9273,0.9984,0,WARNING,18.5,8.8,29.4,7.4
9274,0.505,0,NORMAL,18.7,8.5,30.5,8.7
9275,0.5165,0,NORMAL,18.4,8.2,29.6,8.5
9276,0.9984,0,WARNING,18.7,9.2,29.1,6.7
9277,0.9984,0,WARNING,18.8,8.4,29.3,6.9
9278,0.989,0,WARNING,18.8,8.2,28.9,7.6
9279,0.9984,0,WARNING,18.5,8.3,30.5,7.2
9280,0.9984,0,WARNING,18.6,8.5,29.7,7.4
9281,0.9984,0,WARNING,18.5,8.9,29.0,6.8
9282,0.9984,0,WARNING,18.5,8.5,30.9,7.4
9283,0.5107,0,NORMAL,18.1,8.1,29.0,8.3
9284,0.5052,0,NORMAL,18.1,8.4,29.3,8.3
9285,0.9984,0,WARNING,18.3,8.5,31.2,7.5
9286,0.9984,0,WARNING,18.4,8.4,29.2,6.8
9287,0.4944,0,NORMAL,18.1,8.1,30.2,8.5
9288,0.9984,0,WARNING,17.8,7.8,28.7,6.1
9289,0.9984,0,WARNING,18.0,8.5,28.8,6.7
9290,0.9983,0,WARNING,18.1,8.0,30.4,6.8
9291,0.4959,0,NORMAL,17.9,7.7,28.0,8.0
9292,0.9984,0,WARNING,17.4,8.1,30.1,7.2
9293,0.4835,0,NORMAL,17.3,8.2,29.7,8.4
9294,0.4984,0,NORMAL,17.1,7.6,29.5,8.4
9295,0.9984,0,WARNING,17.6,8.3,30.8,7.2
9296,0.9984,0,WARNING,17.7,8.4,31.6,7.2
9297,0.9984,0,WARNING,17.6,8.1,31.1,7.5
9298,0.4946,0,NORMAL,17.5,7.9,29.4,8.3
9299,0.989,0,WARNING,17.4,7.6,30.6,8.2
9300,0.4945,0,NORMAL,17.5,7.3,28.7,8.1
9301,0.9984,0,WARNING,17.8,8.6,31.1,7.5
9302,0.4923,0,NORMAL,17.3,7.8,30.9,8.9
9303,0.4682,0,NORMAL,17.2,7.0,26.3,7.1
9304,0.9983,0,WARNING,17.4,7.5,31.0,6.9
9305,0.9984,0,WARNING,17.4,7.9,31.2,7.0
9306,0.9984,0,WARNING,17.5,8.1,30.5,7.4
9307,0.9984,0,WARNING,18.5,7.3,28.7,6.7
9308,0.9993,0,WARNING,21.9,9.5,32.5,12.1
9309,1.0,0,ANOMALY,24.7,19.6,48.8,23.0
9310,0.992,0,WARNING,21.8,8.9,34.4,10.2
9311,1.0,0,ANOMALY,21.0,10.8,42.8,20.4
9312,0.9985,0,WARNING,18.3,8.1,30.5,6.7
9313,0.4912,0,NORMAL,18.1,7.9,31.6,9.1
9314,0.9887,0,WARNING,18.0,8.3,30.0,8.0
9315,0.4836,0,NORMAL,17.6,7.7,31.7,9.2
9316,0.4873,0,NORMAL,17.6,8.1,30.3,8.5
9317,0.9984,0,WARNING,17.4,7.6,29.9,7.1
9318,0.9984,0,WARNING,17.6,7.6,29.7,7.0
9319,0.9984,0,WARNING,17.8,7.9,30.4,7.2
9320,0.476,0,NORMAL,17.4,7.3,29.4,8.2
9321,0.9891,0,WARNING,17.4,7.6,30.1,8.1
9322,0.9984,0,WARNING,17.4,7.9,29.6,6.5
9323,0.9891,0,WARNING,17.2,7.6,30.8,8.4
9324,0.4831,0,NORMAL,17.1,7.5,29.9,8.6
9325,0.4709,0,NORMAL,17.3,7.8,29.6,8.4
9326,0.9984,0,WARNING,17.1,7.5,30.3,7.3
9327,0.9891,0,WARNING,17.2,7.8,30.9,8.3
9328,0.9891,0,WARNING,17.2,7.8,30.2,8.0
9329,0.9891,0,WARNING,17.4,7.4,29.3,7.8
9330,0.9891,0,WARNING,17.0,6.8,32.5,8.9
9331,0.9984,0,WARNING,16.8,6.9,30.2,7.2
9332,0.9891,0,WARNING,16.8,7.1,30.7,8.3
9333,0.9984,0,WARNING,16.0,3.1,20.9,3.8
9334,0.9894,0,WARNING,15.5,1.0,15.5,3.5
9335,0.9982,0,WARNING,15.4,0.8,15.4,2.0
9336,0.9982,0,WARNING,15.3,0.9,15.3,2.0
9337,0.9982,0,WARNING,15.3,0.8,15.3,2.1
9338,0.9981,0,WARNING,15.3,1.0,15.6,2.2
9339,0.9981,0,WARNING,18.2,1.9,18.8,3.0
9340,0.8097,0,WARNING,20.6,15.2,37.3,9.5
9341,0.9983,0,WARNING,18.6,9.9,33.0,7.8
9342,0.9984,0,WARNING,18.1,7.3,31.5,7.6
9343,0.9891,0,WARNING,17.7,6.9,29.7,7.2
9344,0.9891,0,WARNING,17.6,7.0,32.0,8.6
9345,0.4579,0,NORMAL,17.6,7.3,30.3,8.8
9346,0.9984,0,WARNING,17.8,6.9,31.0,7.1
9347,0.989,0,WARNING,17.5,7.0,30.6,8.3
9348,0.9984,0,WARNING,17.4,7.2,29.8,7.2
9349,0.9891,0,WARNING,17.6,7.0,30.8,8.4
9350,0.989,0,WARNING,17.4,7.0,30.9,8.3
9351,0.989,0,WARNING,17.7,7.0,30.3,8.1
9352,0.9984,0,WARNING,17.3,6.9,29.9,6.6
9353,0.9984,0,WARNING,17.2,6.9,29.5,6.5
9354,0.4565,0,NORMAL,17.1,6.8,30.6,8.8
9355,0.9984,0,WARNING,17.4,6.6,29.9,6.7
9356,0.9983,0,WARNING,17.8,7.0,30.0,6.7
9357,0.9983,0,WARNING,17.5,6.7,29.6,7.0
9358,0.4633,0,NORMAL,17.4,6.6,29.6,8.4
9359,0.9891,0,WARNING,17.1,6.4,28.9,7.6
9360,0.9983,0,WARNING,17.4,6.5,29.1,6.2
9361,0.4639,0,NORMAL,17.4,6.8,29.2,8.3
9362,0.9983,0,WARNING,17.2,6.7,29.6,6.6
9363,0.9983,0,WARNING,17.5,6.8,30.1,6.8
9364,0.9983,0,WARNING,17.5,6.7,30.3,6.9
9365,0.9983,0,WARNING,17.0,5.5,25.2,5.1
9366,0.4585,0,NORMAL,17.1,6.6,29.3,8.4
9367,0.9983,0,WARNING,17.7,6.2,28.5,6.1
9368,0.9983,0,WARNING,19.1,8.2,32.2,9.2
9369,1.0,0,ANOMALY,21.3,7.4,33.2,13.6
9370,1.0,0,ANOMALY,22.2,15.5,43.4,15.5
9371,0.9307,0,WARNING,20.4,8.9,33.8,11.2
9372,0.9985,0,WARNING,17.6,6.2,27.5,6.0
9373,0.9888,0,WARNING,17.5,6.0,27.5,7.2
9374,0.989,0,WARNING,17.4,6.4,29.0,7.8
9375,0.9891,0,WARNING,17.1,6.0,28.5,7.6
9376,0.9983,0,WARNING,17.7,6.4,28.9,6.3
9377,0.9892,0,WARNING,17.8,6.3,28.9,7.8
9378,0.4526,0,NORMAL,17.4,6.5,29.8,8.5
9379,0.4509,0,NORMAL,17.4,6.3,28.5,8.2
9380,0.9983,0,WARNING,17.2,6.3,29.2,6.5
9381,0.9892,0,WARNING,17.0,6.3,28.8,7.7
9382,0.9892,0,WARNING,16.6,6.1,29.0,7.8
9383,0.9892,0,WARNING,16.5,6.2,28.4,7.4
9384,0.9983,0,WARNING,16.4,5.9,28.6,6.8
9385,0.4342,0,NORMAL,16.6,6.1,28.5,8.2
9386,0.435,0,NORMAL,16.5,6.2,28.7,8.4
9387,0.453,0,NORMAL,16.4,6.0,27.4,7.8
9388,0.9983,0,WARNING,16.4,5.6,27.7,6.6
9389,0.4443,0,NORMAL,16.5,6.2,28.7,8.3
9390,0.9983,0,WARNING,16.4,5.6,27.9,6.5
9391,0.9983,0,WARNING,16.3,5.9,27.8,5.9
9392,0.9983,0,WARNING,16.2,5.2,26.7,6.2
9393,0.4424,0,NORMAL,16.1,5.6,28.0,8.2
9394,0.9983,0,WARNING,15.7,3.6,20.7,3.6
9395,0.9983,0,WARNING,15.1,1.2,15.2,1.9
9396,0.9899,0,WARNING,15.1,1.0,13.1,2.5
9397,0.9982,0,WARNING,15.0,1.3,17.3,2.7
9398,0.9901,0,WARNING,14.9,1.2,15.4,3.2
9399,0.9902,0,WARNING,14.9,1.1,15.4,3.2
9400,0.9902,0,WARNING,14.9,1.2,15.1,3.3
9401,0.9925,0,WARNING,15.0,1.7,16.0,4.8
9402,0.9902,0,WARNING,15.0,1.5,16.7,3.7
9403,0.9902,0,WARNING,14.9,1.2,15.2,3.3
9404,0.9982,0,WARNING,14.8,1.1,15.2,1.9
9405,0.9981,0,WARNING,14.8,0.9,15.2,2.4
9406,0.9902,0,WARNING,14.7,1.2,15.4,3.2
9407,0.9902,0,WARNING,14.7,1.0,15.3,3.1
9408,0.9902,0,WARNING,14.7,1.1,15.1,3.3
9409,0.7902,0,WARNING,15.3,3.5,17.8,4.1
9410,0.9982,0,WARNING,15.7,4.8,19.8,2.7
9411,0.9901,0,WARNING,15.5,3.9,18.3,3.6
9412,0.9982,0,WARNING,15.6,4.9,22.7,4.3
9413,0.9982,0,WARNING,15.6,6.5,30.4,6.7
9414,0.9897,0,WARNING,15.9,6.5,30.8,8.4
9415,0.9983,0,WARNING,16.4,6.3,31.0,7.6
9416,0.9983,0,WARNING,16.1,6.3,31.1,7.8
9417,0.9983,0,WARNING,15.9,5.7,28.8,6.9
9418,0.4155,0,NORMAL,16.3,6.1,30.5,9.0
9419,0.9983,0,WARNING,16.2,6.3,31.0,7.8
9420,0.5993,0,NORMAL,16.0,6.2,31.3,9.2
9421,0.9984,0,WARNING,15.9,5.8,28.1,6.8
9422,0.9983,0,WARNING,15.9,5.4,27.8,6.5
9423,0.9983,0,WARNING,15.9,4.6,25.8,5.3
9424,0.9983,0,WARNING,16.1,6.2,30.9,7.8
9425,0.9983,0,WARNING,16.0,5.9,30.1,7.5
9426,0.9983,0,WARNING,15.8,5.4,28.8,7.0
9427,0.9983,0,WARNING,16.8,5.6,28.6,7.0
9428,0.9983,0,WARNING,17.3,6.0,17.2,3.7
9429,0.9896,0,WARNING,17.6,1.0,15.7,3.3
9430,0.9982,0,WARNING,17.2,1.1,16.1,1.9
9431,0.99,0,WARNING,17.2,1.4,16.2,3.4
9432,0.9982,0,WARNING,17.1,1.1,16.1,2.0
9433,0.9981,0,WARNING,17.1,1.1,16.1,2.0
9434,0.9902,0,WARNING,18.0,1.9,17.7,4.3
9435,1.0,0,ANOMALY,20.5,17.0,21.3,5.4
9436,0.9997,0,WARNING,20.1,10.3,34.8,12.3
9437,0.6221,0,WARNING,19.7,8.4,31.9,8.7
9438,0.7787,0,WARNING,16.6,3.9,23.0,7.9
9439,0.9895,0,WARNING,15.3,2.7,20.3,5.0
9440,0.9983,0,WARNING,15.1,2.7,20.5,4.2
9441,0.9983,0,WARNING,15.1,2.8,20.0,3.4
9442,0.973,0,WARNING,15.0,2.9,20.1,4.9
9443,0.9982,0,WARNING,15.0,2.7,20.2,3.6
9444,0.9899,0,WARNING,15.1,2.6,20.1,5.0
9445,0.9982,0,WARNING,15.6,2.5,19.9,4.0
9446,0.9899,0,WARNING,16.5,2.6,20.0,4.8
9447,0.9982,0,WARNING,16.6,2.7,19.7,3.8
9448,0.9982,0,WARNING,16.5,2.5,19.9,3.5
9449,0.4111,0,NORMAL,16.5,2.5,19.9,5.4
9450,0.4112,0,NORMAL,16.7,2.6,20.0,5.4
9451,0.9982,0,WARNING,16.9,2.8,20.0,4.0
9452,0.4106,0,NORMAL,16.6,2.5,20.1,5.5
9453,0.9982,0,WARNING,16.6,2.5,19.7,3.4
9454,0.9899,0,WARNING,16.5,2.7,19.9,4.0
9455,0.4097,0,NORMAL,16.4,2.6,20.1,5.5
9456,0.4087,0,NORMAL,16.4,2.6,19.9,5.4
9457,0.4068,0,NORMAL,16.2,2.5,19.9,5.4
9458,0.9899,0,WARNING,16.2,2.7,19.9,4.9
9459,0.9899,0,WARNING,16.4,2.4,19.8,4.8
9460,0.9899,0,WARNING,16.2,2.6,19.9,4.9
9461,0.9982,0,WARNING,16.5,2.8,19.9,3.8
9462,0.9982,0,WARNING,16.3,2.5,19.6,3.3
9463,0.4039,0,NORMAL,16.1,2.4,19.5,5.3
9464,0.9982,0,WARNING,16.1,2.5,19.9,3.9
9465,0.9982,0,WARNING,16.1,2.6,19.6,4.0
9466,0.4029,0,NORMAL,16.0,2.5,19.6,5.3
9467,0.9982,0,WARNING,16.1,2.5,19.7,3.9
9468,0.9982,0,WARNING,16.1,2.4,19.8,4.0
9469,0.9982,0,WARNING,16.1,2.5,19.4,3.2
9470,0.99,0,WARNING,15.9,2.4,19.2,4.5
9471,0.9982,0,WARNING,15.8,2.6,19.4,3.2
9472,0.99,0,WARNING,15.7,2.6,19.4,4.7
9473,0.9982,0,WARNING,15.6,2.4,19.3,3.2
9474,0.9982,0,WARNING,15.5,2.4,19.4,3.8
9475,0.3959,0,NORMAL,15.4,2.4,19.4,5.2
9476,0.3912,0,NORMAL,15.2,2.4,19.4,5.1
9477,0.9982,0,WARNING,15.3,2.6,19.4,3.6
9478,0.9982,0,WARNING,15.1,2.5,19.5,3.8
9479,0.9982,0,WARNING,15.1,2.3,19.1,3.8
9480,0.9982,0,WARNING,15.2,2.4,19.0,3.7
9481,0.99,0,WARNING,15.1,2.5,19.0,4.5
9482,0.99,0,WARNING,15.0,2.3,19.0,4.5
9483,0.9982,0,WARNING,15.0,2.2,18.9,3.7
9484,0.4019,0,NORMAL,15.1,2.4,18.9,5.0
9485,0.9982,0,WARNING,15.0,2.3,18.8,3.0
9486,0.9982,0,WARNING,14.9,2.3,18.8,3.1
9487,0.9982,0,WARNING,15.7,2.3,19.2,3.1
9488,0.9982,0,WARNING,17.2,6.4,20.0,4.7
9489,0.9982,0,WARNING,19.5,5.3,27.9,7.4
9490,0.9977,0,WARNING,19.8,5.9,28.2,10.2
9491,0.9983,0,WARNING,16.5,3.7,19.5,3.0
9492,0.9983,0,WARNING,15.5,2.2,18.8,3.0
9493,0.9982,0,WARNING,15.3,2.2,18.7,2.9
9494,0.9899,0,WARNING,15.1,2.5,18.7,4.4
9495,0.99,0,WARNING,15.1,2.3,18.8,4.5
9496,0.99,0,WARNING,15.0,2.1,18.9,4.6
9497,0.99,0,WARNING,15.1,2.2,19.0,4.6
9498,0.99,0,WARNING,15.1,2.4,18.7,4.3
9499,0.99,0,WARNING,15.1,2.4,18.9,4.5
9500,0.9982,0,WARNING,15.2,2.2,18.8,3.0
9501,0.9982,0,WARNING,15.1,2.3,18.9,3.0
9502,0.9982,0,WARNING,14.9,2.2,18.8,3.1
9503,0.99,0,WARNING,14.9,2.3,18.7,4.5
9504,0.99,0,WARNING,14.9,2.2,18.9,3.8
9505,0.9728,0,WARNING,14.9,2.2,19.1,4.4
9506,0.3907,0,NORMAL,14.8,2.3,19.1,5.1
9507,0.9982,0,WARNING,14.8,2.3,19.0,3.7
9508,0.99,0,WARNING,14.8,2.2,18.7,4.3
9509,0.9982,0,WARNING,14.7,2.0,18.5,2.9
9510,0.9982,0,WARNING,14.7,2.3,18.7,3.6
9511,0.9901,0,WARNING,14.7,2.4,19.0,4.5
9512,0.99,0,WARNING,14.7,2.2,18.9,4.4
9513,0.9901,0,WARNING,14.7,2.2,19.0,4.6
9514,0.99,0,WARNING,14.6,2.3,19.0,4.4
9515,0.9728,0,WARNING,14.6,2.1,19.3,4.5
9516,0.9982,0,WARNING,14.6,2.1,18.8,3.0
9517,0.9982,0,WARNING,14.6,2.3,18.8,3.0
9518,0.99,0,WARNING,14.6,2.1,18.5,4.5
9519,0.9982,0,WARNING,14.6,2.0,18.5,3.0
9520,0.3884,0,NORMAL,14.6,2.2,18.6,5.0
9521,0.9982,0,WARNING,14.6,2.3,18.4,2.8
9522,0.9982,0,WARNING,14.6,2.1,18.5,3.1
9523,0.9901,0,WARNING,14.6,2.1,18.7,4.3
9524,0.9901,0,WARNING,14.6,2.3,18.6,4.3
9525,0.9982,0,WARNING,14.6,2.1,18.6,3.4
9526,0.9901,0,WARNING,14.6,2.1,18.7,4.5
9527,0.9982,0,WARNING,14.6,2.1,18.5,2.9
9528,0.9982,0,WARNING,14.6,2.3,18.7,3.5
9529,0.9982,0,WARNING,14.6,2.3,18.7,3.1
9530,0.9901,0,WARNING,14.5,1.6,16.1,3.4
9531,0.9982,0,WARNING,14.3,0.9,14.0,1.5
9532,0.9981,0,WARNING,14.2,0.8,13.8,1.4
9533,0.9981,0,WARNING,14.2,0.5,13.6,1.3
9534,0.9903,0,WARNING,14.2,0.7,14.1,2.3
9535,0.9903,0,WARNING,14.3,0.7,14.4,3.0
9536,0.9981,0,WARNING,14.2,0.7,14.1,1.6
9537,0.9903,0,WARNING,14.2,0.7,14.2,3.0
9538,0.9981,0,WARNING,14.2,0.7,14.0,1.6
9539,0.9903,0,WARNING,14.2,0.6,14.0,2.8
9540,0.9903,0,WARNING,14.2,0.7,13.8,2.8
9541,0.9903,0,WARNING,14.6,2.0,17.3,3.3
9542,0.9903,0,WARNING,14.5,1.5,15.6,3.1
9543,0.9982,0,WARNING,14.2,0.8,14.4,1.6
9544,0.383,0,NORMAL,15.1,3.7,21.6,5.1
9545,0.3546,0,NORMAL,15.0,3.4,22.0,5.8
9546,0.9982,0,WARNING,15.2,3.7,23.2,4.8
9547,0.3073,0,NORMAL,16.2,4.0,22.3,5.6
9548,0.9899,0,WARNING,17.5,4.7,21.6,6.2
9549,0.9899,0,WARNING,18.5,2.7,21.2,4.0
9550,0.9997,0,WARNING,20.3,9.1,36.3,10.0
9551,0.9894,0,WARNING,17.4,3.0,20.5,4.6
9552,0.9988,0,WARNING,17.3,4.2,26.3,9.9
9553,0.9983,0,WARNING,16.2,2.8,20.5,3.7
9554,0.9897,0,WARNING,16.4,2.9,20.9,5.2
9555,0.9983,0,WARNING,16.4,4.1,25.5,5.9
9556,0.9983,0,WARNING,16.4,4.7,27.9,6.8
9557,0.8795,0,WARNING,16.8,4.6,27.4,8.1
9558,0.9983,0,WARNING,16.3,2.5,18.8,3.1
9559,0.9982,0,WARNING,16.4,3.7,24.5,5.6
9560,0.3737,0,NORMAL,16.5,2.7,21.3,5.9
9561,0.9982,0,WARNING,16.3,2.2,18.6,3.1
9562,0.9982,0,WARNING,16.1,2.1,18.8,3.1
9563,0.9899,0,WARNING,16.1,2.2,18.8,4.3
9564,0.99,0,WARNING,15.9,2.1,18.7,3.5
9565,0.9982,0,WARNING,15.8,2.1,18.5,3.5
9566,0.9982,0,WARNING,15.6,2.2,18.9,3.6
9567,0.9982,0,WARNING,15.6,2.1,18.5,3.1
9568,0.9982,0,WARNING,15.7,2.1,18.6,3.6
9569,0.99,0,WARNING,15.6,2.1,19.0,4.3
9570,0.9982,0,WARNING,15.5,2.2,19.1,3.6
9571,0.9982,0,WARNING,15.4,2.4,19.2,3.1
9572,0.9982,0,WARNING,15.4,2.2,19.2,3.1
9573,0.99,0,WARNING,15.4,2.0,19.0,4.5
9574,0.9728,0,WARNING,15.3,2.1,18.8,4.2
9575,0.9982,0,WARNING,15.5,2.2,19.0,3.5
9576,0.99,0,WARNING,15.3,2.1,19.2,4.5
9577,0.9982,0,WARNING,15.2,2.1,18.9,3.0
9578,0.99,0,WARNING,15.1,2.3,19.1,4.5
9579,0.99,0,WARNING,15.2,2.0,19.1,4.4
9580,0.99,0,WARNING,15.1,2.2,19.1,4.5
9581,0.99,0,WARNING,15.0,2.3,18.2,4.2
9582,0.9901,0,WARNING,15.0,2.4,20.0,4.8
9583,0.99,0,WARNING,15.1,2.1,19.1,4.6
9584,0.99,0,WARNING,15.1,2.2,19.2,4.6
9585,0.9982,0,WARNING,14.9,2.2,19.2,3.7
9586,0.9982,0,WARNING,14.9,2.1,18.9,3.0
9587,0.3387,0,NORMAL,14.9,2.1,19.0,4.9
9588,0.9982,0,WARNING,14.9,2.3,19.0,3.0
9589,0.9982,0,WARNING,14.9,2.1,18.9,3.6
9590,0.9901,0,WARNING,14.8,2.1,19.1,4.6
9591,0.9901,0,WARNING,14.8,2.2,19.2,4.5
9592,0.99,0,WARNING,14.8,2.2,19.3,4.6
9593,0.99,0,WARNING,14.8,2.1,19.2,4.6
9594,0.99,0,WARNING,14.7,2.2,19.4,4.6
9595,0.9982,0,WARNING,14.5,1.8,17.4,2.3
9596,0.9901,0,WARNING,14.3,1.0,14.9,3.0
9597,0.3768,0,NORMAL,15.1,3.7,25.4,7.1
9598,0.9982,0,WARNING,14.7,2.0,18.6,3.5
9599,0.99,0,WARNING,14.8,2.1,18.8,4.4
9600,0.9982,0,WARNING,14.7,2.2,19.0,3.1
9601,0.99,0,WARNING,14.6,2.3,18.7,4.4
9602,0.9982,0,WARNING,14.6,2.1,18.8,2.9
9603,0.9901,0,WARNING,14.6,2.0,18.7,4.2
9604,0.9982,0,WARNING,14.6,2.2,18.9,2.9
9605,0.3299,0,NORMAL,14.6,2.1,19.3,5.2
9606,0.9901,0,WARNING,14.6,2.2,19.3,4.7
9607,0.9982,0,WARNING,15.2,2.2,19.1,3.1
9608,0.4009,0,NORMAL,17.0,3.8,20.3,6.5
9609,0.9997,0,WARNING,19.5,7.8,35.9,11.2
9610,0.9978,0,WARNING,17.3,3.4,24.5,8.9
9611,0.9983,0,WARNING,14.8,2.4,19.2,3.0
9612,0.3236,0,NORMAL,14.7,2.5,19.2,5.0
9613,0.9982,0,WARNING,14.8,2.3,19.2,3.2
9614,0.9982,0,WARNING,14.8,2.5,19.4,3.1
9615,0.3663,0,NORMAL,14.7,2.4,19.7,5.0
9616,0.99,0,WARNING,14.7,2.4,19.5,4.7
9617,0.99,0,WARNING,14.6,2.5,19.1,4.4
9618,0.99,0,WARNING,14.6,2.4,19.2,4.5
9619,0.99,0,WARNING,14.7,2.4,19.4,4.5
9620,0.99,0,WARNING,14.6,2.4,19.1,4.5
9621,0.99,0,WARNING,14.6,2.6,19.4,4.6
9622,0.9982,0,WARNING,14.5,2.5,19.2,3.2
9623,0.9982,0,WARNING,14.5,2.3,19.2,3.2
9624,0.99,0,WARNING,14.5,2.3,19.4,4.5
9625,0.3217,0,NORMAL,14.5,2.5,19.7,5.2
9626,0.99,0,WARNING,14.6,2.5,19.7,4.6
9627,0.99,0,WARNING,14.6,2.6,19.4,4.5
9628,0.9982,0,WARNING,14.6,2.5,20.1,3.4
9629,0.9982,0,WARNING,14.5,2.4,19.6,3.3
9630,0.9982,0,WARNING,14.5,2.5,19.9,3.7
9631,0.99,0,WARNING,14.6,2.6,20.0,4.8
9632,0.9982,0,WARNING,14.6,2.6,20.1,3.4
9633,0.9982,0,WARNING,14.6,2.9,19.8,3.3
9634,0.99,0,WARNING,14.6,2.7,19.8,4.6
9635,0.3095,0,NORMAL,14.6,2.7,20.4,5.3
9636,0.9982,0,WARNING,14.6,2.7,20.5,3.5
9637,0.99,0,WARNING,14.6,2.7,20.0,4.8
9638,0.9982,0,WARNING,14.6,2.6,20.1,4.0
9639,0.99,0,WARNING,14.6,2.7,20.1,4.7
9640,0.99,0,WARNING,14.6,2.7,20.2,4.9
9641,0.3679,0,NORMAL,14.6,2.7,19.3,4.9
9642,0.9982,0,WARNING,14.5,2.4,19.3,2.9
9643,0.99,0,WARNING,14.7,3.1,22.7,5.5
9644,0.2987,0,NORMAL,14.6,2.8,20.5,5.5
9645,0.2938,0,NORMAL,14.6,2.8,21.0,5.6
9646,0.9982,0,WARNING,14.6,2.8,20.5,3.5
9647,0.9982,0,WARNING,14.6,2.8,20.4,3.5
9648,0.9982,0,WARNING,14.6,2.7,20.3,3.6
9649,0.9982,0,WARNING,14.6,2.8,20.5,3.9
9650,0.2938,0,NORMAL,14.6,2.7,20.4,5.3
9651,0.9982,0,WARNING,14.6,3.0,20.5,3.5
9652,0.9982,0,WARNING,14.9,2.8,20.7,3.7
9653,0.2949,0,NORMAL,15.2,2.7,20.7,5.5
9654,0.2908,0,NORMAL,15.7,2.7,20.8,5.6
9655,0.288,0,NORMAL,16.0,3.0,21.4,5.7
9656,0.2786,0,NORMAL,16.0,3.0,21.3,5.6
9657,0.2778,0,NORMAL,16.3,3.1,21.4,5.6
9658,0.9982,0,WARNING,16.1,2.9,21.0,4.1
9659,0.9899,0,WARNING,16.3,3.0,21.0,5.0
9660,0.2748,0,NORMAL,16.3,3.2,20.9,5.6
9661,0.9982,0,WARNING,16.4,3.1,20.9,4.2
9662,0.2727,0,NORMAL,16.4,3.1,21.4,5.6
9663,0.9899,0,WARNING,16.5,3.2,21.4,5.2
9664,0.9982,0,WARNING,16.7,3.2,21.4,4.4
9665,0.2719,0,NORMAL,16.7,3.0,21.7,5.7
9666,0.9982,0,WARNING,16.6,3.3,21.7,4.3
9667,0.9898,0,WARNING,17.3,3.5,22.1,5.2
9668,0.6283,0,WARNING,18.4,4.7,22.4,7.2
9669,1.0,0,WARNING,22.4,9.8,36.0,12.8
9670,0.9987,0,WARNING,19.6,6.0,28.2,10.2
9671,0.9984,0,WARNING,17.3,4.0,22.0,4.0
9672,0.9895,0,WARNING,17.6,3.2,22.1,5.4
9673,0.9896,0,WARNING,17.3,3.3,22.2,5.3
9674,0.9983,0,WARNING,16.6,2.9,19.2,2.8
9675,0.2638,0,NORMAL,16.9,4.1,25.3,7.0
9676,0.9983,0,WARNING,16.8,3.2,22.0,4.0
9677,0.9898,0,WARNING,16.8,3.6,22.1,5.4
9678,0.9982,0,WARNING,16.7,3.3,22.1,4.1
9679,0.2819,0,NORMAL,16.8,3.4,22.6,6.0
9680,0.3826,0,NORMAL,16.5,3.4,22.3,5.8
9681,0.9983,0,WARNING,16.5,3.8,22.5,4.0
9682,0.9898,0,WARNING,16.3,3.6,22.2,5.3
9683,0.262,0,NORMAL,16.6,3.4,22.6,6.1
9684,0.9733,0,WARNING,16.3,3.4,22.4,5.4
9685,0.9982,0,WARNING,16.4,3.8,22.8,4.7
9686,0.9982,0,WARNING,16.4,3.7,22.8,4.7
9687,0.2551,0,NORMAL,16.4,3.5,22.6,6.1
9688,0.9982,0,WARNING,16.5,3.8,22.7,4.2
9689,0.9982,0,WARNING,16.4,4.0,23.1,4.2
9690,0.9897,0,WARNING,16.3,3.5,22.9,5.5
9691,0.9983,0,WARNING,16.3,3.9,22.9,4.4
9692,0.9982,0,WARNING,16.3,4.0,23.2,4.4
9693,0.9982,0,WARNING,16.2,4.1,23.1,4.8
9694,0.9897,0,WARNING,16.2,3.7,23.2,5.9
9695,0.2597,0,NORMAL,16.0,4.3,23.6,6.3
9696,0.9983,0,WARNING,16.1,4.1,23.4,4.4
9697,0.9897,0,WARNING,16.0,3.9,23.7,5.8
9698,0.9897,0,WARNING,15.9,4.2,23.7,5.7
9699,0.2505,0,NORMAL,15.9,4.2,23.3,6.3
9700,0.2457,0,NORMAL,15.7,4.0,23.6,6.4
9701,0.9897,0,WARNING,15.8,4.0,23.9,5.2
9702,0.9897,0,WARNING,15.7,4.3,23.6,5.9
9703,0.9983,0,WARNING,16.0,4.2,23.6,4.5
9704,0.9897,0,WARNING,15.9,4.4,24.1,6.0
9705,0.2799,0,NORMAL,15.8,4.6,24.2,6.4
9706,0.9983,0,WARNING,15.7,4.4,23.8,4.5
9707,0.9983,0,WARNING,15.7,4.3,24.1,4.6
9708,0.9897,0,WARNING,15.6,4.4,24.1,6.1
9709,0.9983,0,WARNING,15.7,4.6,24.5,5.2
9710,0.9897,0,WARNING,15.6,4.5,24.1,6.1
9711,0.248,0,NORMAL,15.6,4.5,24.2,6.6
9712,0.9983,0,WARNING,15.5,4.3,24.3,4.6
9713,0.9983,0,WARNING,15.6,4.6,23.8,4.8
9714,0.9897,0,WARNING,15.6,4.6,23.7,5.8
9715,0.9983,0,WARNING,15.7,4.2,24.0,5.2
9716,0.3945,0,NORMAL,15.7,4.4,23.8,6.2
9717,0.241,0,NORMAL,15.6,4.9,24.2,6.6
9718,0.9983,0,WARNING,15.7,4.7,24.0,4.6
9719,0.9983,0,WARNING,15.7,4.5,24.1,4.6
9720,0.9983,0,WARNING,15.3,3.4,20.5,3.2
9721,0.9898,0,WARNING,16.1,6.5,28.4,7.1
9722,0.9983,0,WARNING,15.7,4.5,24.3,4.6
9723,0.9896,0,WARNING,15.8,4.8,24.6,6.0
9724,0.9896,0,WARNING,15.8,5.1,24.9,6.1
9725,0.188,0,NORMAL,16.0,5.0,24.9,6.7
9726,0.1867,0,NORMAL,15.9,4.8,24.5,6.6
9727,0.9983,0,WARNING,16.6,5.3,25.3,5.4
9728,0.9896,0,WARNING,17.7,6.3,25.7,7.5
9729,1.0,0,WARNING,22.0,11.8,37.9,15.1
9730,0.9987,0,WARNING,20.3,8.2,32.2,10.2
9731,0.9984,0,WARNING,17.9,7.0,30.0,9.7
9732,0.9891,0,WARNING,16.3,5.2,24.7,6.0
9733,0.1872,0,NORMAL,16.3,5.5,25.4,6.9
9734,0.4155,0,NORMAL,16.6,5.5,25.3,6.7
9735,0.9737,0,WARNING,16.3,5.1,23.9,5.6
9736,0.2882,0,NORMAL,16.6,6.4,26.9,7.2
9737,0.9895,0,WARNING,16.5,5.7,26.3,5.7
9738,0.1828,0,NORMAL,16.4,6.1,25.7,6.9
9739,0.18,0,NORMAL,16.3,6.2,26.0,7.6
9740,0.1787,0,NORMAL,16.3,5.9,26.0,7.0
9741,0.1774,0,NORMAL,16.4,6.3,26.1,7.0
9742,0.9983,0,WARNING,16.4,6.4,26.1,5.6
9743,0.1761,0,NORMAL,16.4,6.5,25.9,7.0
9744,0.2937,0,NORMAL,16.6,6.1,26.6,7.0
9745,0.4109,0,NORMAL,16.8,7.0,26.5,6.8
9746,0.9983,0,WARNING,16.4,6.8,25.9,5.4
9747,0.1736,0,NORMAL,16.6,6.5,27.1,7.8
9748,0.9983,0,WARNING,16.5,6.3,26.4,5.7
9749,0.4133,0,NORMAL,16.5,6.9,25.8,7.3
9750,0.9983,0,WARNING,16.8,6.8,27.1,5.5
9751,0.1687,0,NORMAL,16.8,6.9,26.8,7.7
9752,0.4149,0,NORMAL,16.6,7.1,26.3,7.3
9753,0.9983,0,WARNING,17.0,7.3,27.0,6.2
9754,0.1728,0,NORMAL,17.0,6.9,27.5,7.4
9755,0.9983,0,WARNING,17.0,7.3,26.9,5.9
9756,0.9894,0,WARNING,17.4,7.1,26.7,6.7
9757,0.9983,0,WARNING,17.5,7.0,27.5,6.1
9758,0.9983,0,WARNING,17.7,7.1,27.1,5.9
9759,0.4184,0,NORMAL,17.6,7.4,27.1,7.3
9760,0.9983,0,WARNING,18.1,7.3,27.4,6.2
9761,0.9983,0,WARNING,18.1,7.2,27.4,5.4
9762,0.9983,0,WARNING,18.4,6.8,26.5,5.7
9763,0.9983,0,WARNING,18.3,7.6,27.6,6.1
9764,0.9983,0,WARNING,18.4,7.1,27.1,5.9
9765,0.9983,0,WARNING,18.8,7.3,27.7,6.1
9766,0.1756,0,NORMAL,19.0,7.9,28.0,7.6
9767,0.9983,0,WARNING,18.6,7.5,27.1,5.9
9768,0.383,0,NORMAL,18.6,7.2,27.9,7.4
9769,0.3149,0,NORMAL,19.3,7.2,27.3,7.3
9770,0.9983,0,WARNING,19.1,7.5,27.9,6.2
9771,0.9983,0,WARNING,19.1,7.7,27.4,5.5
9772,0.1648,0,NORMAL,19.1,7.2,26.8,7.3
9773,0.9983,0,WARNING,18.8,7.2,28.3,6.8
9774,0.9893,0,WARNING,18.9,7.3,27.6,6.4
9775,0.9983,0,WARNING,19.1,7.5,28.2,6.8
9776,0.9983,0,WARNING,19.2,7.2,27.9,6.0
9777,0.3013,0,NORMAL,18.9,7.2,27.7,7.4
9778,0.334,0,NORMAL,19.0,7.9,28.2,7.7
9779,0.2268,0,NORMAL,18.9,7.4,28.0,7.6
9780,0.2431,0,NORMAL,18.9,7.3,27.6,7.5
9781,0.9983,0,WARNING,19.0,7.8,28.0,6.2
9782,0.1609,0,NORMAL,19.2,7.7,28.0,7.7
9783,0.4244,0,NORMAL,19.4,7.8,28.2,7.6
9784,0.9983,0,WARNING,19.1,7.5,28.7,5.8
9785,0.3039,0,NORMAL,19.5,8.0,28.1,8.0
9786,0.9892,0,WARNING,19.2,7.6,28.2,7.1
9787,0.2207,0,NORMAL,19.8,7.5,27.9,7.5
9788,0.4096,0,NORMAL,22.4,8.8,29.2,9.8
9789,1.0,0,ANOMALY,26.2,15.3,41.2,18.3
9790,0.9985,0,WARNING,23.3,13.2,37.7,10.9
9791,0.9998,0,WARNING,21.7,9.3,33.7,12.3
9792,0.9886,0,WARNING,20.3,7.8,28.3,7.1
9793,0.9984,0,WARNING,19.9,8.5,28.0,6.6
9794,0.2219,0,NORMAL,19.6,6.8,27.1,7.3
9795,0.9984,0,WARNING,19.2,7.0,25.9,6.1
9796,0.2468,0,NORMAL,19.5,8.4,30.8,8.9
9797,0.9984,0,WARNING,19.2,8.5,29.6,6.6
9798,0.9983,0,WARNING,18.9,7.3,28.3,6.9
9799,0.9983,0,WARNING,19.0,8.2,28.8,6.4
9800,0.4287,0,NORMAL,18.7,8.0,27.9,7.3
9801,0.9983,0,WARNING,18.4,7.9,28.4,5.7
9802,0.9983,0,WARNING,18.7,7.4,28.7,6.4
9803,0.9983,0,WARNING,18.7,7.7,28.2,5.8
9804,0.3723,0,NORMAL,18.5,8.3,29.2,8.4
9805,0.9983,0,WARNING,18.5,7.9,28.4,6.4
9806,0.1779,0,NORMAL,18.5,7.7,28.5,8.8
9807,0.2536,0,NORMAL,18.8,8.3,28.9,8.4
9808,0.3781,0,NORMAL,18.4,8.2,29.0,8.3
9809,0.3062,0,NORMAL,19.0,8.3,28.6,8.7
9810,0.9984,0,WARNING,18.4,7.3,28.1,6.2
9811,0.3417,0,NORMAL,18.5,8.9,29.8,8.2
9812,0.9984,0,WARNING,18.5,8.7,28.9,6.3
9813,0.9983,0,WARNING,18.7,8.1,29.4,7.1
9814,0.4312,0,NORMAL,18.7,7.8,28.7,8.3
9815,0.2823,0,NORMAL,18.5,8.0,28.8,7.9
9816,0.9984,0,WARNING,18.7,8.3,29.1,6.9
9817,0.3067,0,NORMAL,18.7,7.7,29.2,7.9
9818,0.9984,0,WARNING,18.8,8.3,29.6,7.2
9819,0.191,0,NORMAL,18.6,8.4,29.1,8.0
9820,0.9984,0,WARNING,18.9,8.1,30.1,6.8
9821,0.9984,0,WARNING,18.5,7.9,29.0,6.6
9822,0.9983,0,WARNING,18.3,8.3,28.9,6.4
9823,0.9741,0,WARNING,18.3,8.2,29.3,7.3
9824,0.9983,0,WARNING,18.3,7.6,29.2,6.5
9825,0.9983,0,WARNING,18.5,7.9,29.0,6.9
9826,0.2575,0,NORMAL,18.6,8.0,28.9,7.9
9827,0.4309,0,NORMAL,18.4,8.2,28.5,7.7
9828,0.1697,0,NORMAL,17.9,7.1,28.2,7.6
9829,0.9893,0,WARNING,16.4,2.6,17.2,3.8
9830,0.9983,0,WARNING,15.6,1.1,16.5,2.2
9831,0.9982,0,WARNING,15.5,1.1,16.3,2.1
9832,0.99,0,WARNING,15.5,1.2,16.4,3.5
9833,0.9901,0,WARNING,15.2,1.0,16.7,2.9
9834,0.9901,0,WARNING,15.1,0.9,16.5,3.7
9835,0.884,0,WARNING,15.2,1.0,15.1,3.5
9836,0.9982,0,WARNING,16.8,6.8,23.7,4.7
9837,0.9982,0,WARNING,16.8,5.7,19.9,2.8
9838,0.9982,0,WARNING,17.2,6.9,20.4,3.3
9839,0.8009,0,WARNING,17.6,7.9,23.2,5.5
9840,0.9983,0,WARNING,18.3,9.4,22.3,3.0
9841,0.9898,0,WARNING,17.9,8.1,21.2,4.2
9842,0.9983,0,WARNING,17.2,5.5,19.5,2.7
9843,0.9899,0,WARNING,17.0,4.8,21.1,4.9
9844,0.9899,0,WARNING,16.5,4.0,18.4,3.9
9845,0.9982,0,WARNING,16.4,3.8,18.3,3.0
9846,0.6441,0,WARNING,16.7,5.5,22.1,5.6
9847,0.6488,0,WARNING,17.4,5.6,22.7,5.8
9848,0.9983,0,WARNING,19.3,8.6,27.1,7.0
9849,0.9999,0,WARNING,19.9,6.2,26.9,7.7
9850,1.0,0,ANOMALY,24.2,26.5,41.8,20.3
9851,0.9999,0,WARNING,21.5,10.5,38.6,13.6
9852,0.9998,0,WARNING,19.4,9.0,29.9,9.9
9853,0.9749,0,WARNING,17.7,7.8,28.3,7.0
9854,0.989,0,WARNING,16.7,4.1,19.9,4.4
9855,0.9983,0,WARNING,18.0,8.8,29.1,6.4
9856,0.3024,0,NORMAL,17.9,8.8,28.8,7.8
9857,0.9983,0,WARNING,17.7,6.5,24.4,4.8
9858,0.9983,0,WARNING,18.1,8.6,29.0,6.6
9859,0.9983,0,WARNING,17.9,8.4,29.0,7.1
9860,0.4254,0,NORMAL,17.7,7.9,26.8,7.6
9861,0.9983,0,WARNING,18.0,8.8,30.0,6.9
9862,0.4272,0,NORMAL,17.8,8.2,28.3,7.6
9863,0.9892,0,WARNING,17.9,8.1,28.6,6.6
9864,0.9892,0,WARNING,18.5,8.2,28.9,6.5
9865,0.9983,0,WARNING,18.2,8.3,30.2,6.9
9866,0.2341,0,NORMAL,18.6,8.6,29.1,8.4
9867,0.9984,0,WARNING,17.6,5.5,22.9,4.0
9868,0.9894,0,WARNING,16.1,1.0,16.2,3.5
9869,0.9897,0,WARNING,16.0,1.1,16.0,3.5
9870,0.9982,0,WARNING,16.6,3.2,18.0,2.4
9871,0.7515,0,WARNING,21.0,14.0,33.1,9.1
9872,0.379,0,NORMAL,19.5,9.0,29.7,7.9
9873,0.3048,0,NORMAL,19.1,8.7,30.4,8.3
9874,0.2798,0,NORMAL,19.0,8.3,30.0,8.4
9875,0.9984,0,WARNING,19.0,8.6,29.0,6.5
9876,0.9984,0,WARNING,19.2,8.0,29.1,7.2
9877,0.2405,0,NORMAL,18.9,8.5,29.9,8.2
9878,0.2862,0,NORMAL,18.9,8.2,29.8,8.3
9879,0.9984,0,WARNING,19.1,8.1,28.6,6.3
9880,0.9983,0,WARNING,19.5,8.4,29.3,7.5
9881,0.9891,0,WARNING,19.2,7.9,30.0,7.7
9882,0.1824,0,NORMAL,19.1,8.0,29.4,8.2
9883,0.9891,0,WARNING,19.1,8.1,28.6,7.4
9884,0.9984,0,WARNING,19.0,8.4,30.6,7.1
9885,0.9984,0,WARNING,18.7,8.1,29.1,7.1
9886,0.5674,0,NORMAL,19.2,8.4,29.2,8.1
9887,0.9984,0,WARNING,18.9,8.3,30.6,6.6
9888,0.3876,0,NORMAL,18.9,8.7,29.0,8.8
9889,0.9984,0,WARNING,18.6,8.3,30.7,7.1
9890,0.186,0,NORMAL,18.5,8.4,29.6,8.1
9891,0.9984,0,WARNING,18.4,8.5,29.9,6.9
9892,0.2309,0,NORMAL,18.5,8.2,29.9,8.3
9893,0.9984,0,WARNING,18.4,8.2,29.3,6.6
9894,0.3611,0,NORMAL,18.6,8.4,28.7,8.3
9895,0.3241,0,NORMAL,18.9,8.2,29.8,8.7
9896,0.9984,0,WARNING,18.7,8.6,29.9,7.8
9897,0.4327,0,NORMAL,18.9,8.1,28.4,7.5
9898,0.3244,0,NORMAL,18.6,8.5,30.8,8.5
9899,0.4338,0,NORMAL,18.6,8.2,28.7,7.7
9900,0.9984,0,WARNING,18.6,8.5,30.5,7.1
9901,0.9984,0,WARNING,18.9,9.6,30.0,6.8
9902,0.2788,0,NORMAL,18.9,8.4,29.2,8.6
9903,0.9984,0,WARNING,18.7,8.1,30.4,7.0
9904,0.9984,0,WARNING,18.7,8.1,29.1,6.3
9905,0.9983,0,WARNING,18.7,8.2,30.9,7.1
9906,0.9984,0,WARNING,18.9,8.3,30.5,7.0
9907,0.9984,0,WARNING,19.9,8.5,29.0,7.0
9908,0.9984,0,WARNING,21.1,9.9,32.0,9.3
9909,1.0,0,ANOMALY,25.4,20.8,44.2,23.7
9910,1.0,0,WARNING,23.9,9.4,38.9,15.0
9911,0.7155,0,WARNING,20.5,9.5,35.0,12.5
9912,0.4321,0,NORMAL,19.1,8.3,28.9,7.8
9913,0.9984,0,WARNING,18.2,5.2,22.9,3.9
9914,0.1587,0,NORMAL,18.5,7.4,28.3,7.7
9915,0.9983,0,WARNING,18.4,8.6,30.6,7.1
9916,0.9983,0,WARNING,18.9,8.6,29.5,6.1
9917,0.9983,0,WARNING,18.2,7.5,30.3,7.0
9918,0.2307,0,NORMAL,18.3,8.4,29.7,8.2
9919,0.9984,0,WARNING,18.6,8.4,29.7,6.7
9920,0.9891,0,WARNING,18.3,7.4,28.3,7.1
9921,0.9983,0,WARNING,18.2,7.9,29.2,6.6
9922,0.9983,0,WARNING,18.3,8.0,29.9,7.3
9923,0.9983,0,WARNING,18.4,7.9,28.8,6.6
9924,0.3341,0,NORMAL,18.6,8.7,30.9,9.0
9925,0.4341,0,NORMAL,18.7,8.0,28.3,7.6
9926,0.411,0,NORMAL,18.4,8.7,30.9,8.5
9927,0.4341,0,NORMAL,18.0,6.9,25.8,6.8
9928,0.9892,0,WARNING,18.2,8.1,28.8,7.2
9929,0.3034,0,NORMAL,18.1,8.2,31.0,8.6
9930,0.1878,0,NORMAL,18.0,8.3,30.1,8.3
9931,0.4092,0,NORMAL,18.0,8.3,29.6,8.2
9932,0.9984,0,WARNING,17.7,6.7,26.0,5.1
9933,0.1711,0,NORMAL,17.9,7.5,28.8,7.9
9934,0.9893,0,WARNING,18.5,8.0,30.2,7.9
9935,0.9984,0,WARNING,18.0,8.1,29.9,7.3
9936,0.3051,0,NORMAL,18.2,7.8,30.6,8.4
9937,0.9984,0,WARNING,18.5,8.7,29.7,7.1
9938,0.9984,0,WARNING,18.4,8.1,30.7,7.2
9939,0.9891,0,WARNING,18.0,8.1,30.0,7.8
9940,0.9984,0,WARNING,18.3,8.4,29.2,7.2
9941,0.9984,0,WARNING,18.2,8.3,29.9,6.8
9942,0.1745,0,NORMAL,17.8,7.7,30.4,8.4
9943,0.2151,0,NORMAL,18.1,8.3,29.6,8.0
9944,0.3869,0,NORMAL,17.8,8.6,30.6,8.3
9945,1.0,0,ANOMALY,18.5,18.2,30.2,7.3
9946,0.4384,0,NORMAL,17.8,9.6,29.1,7.9
9947,0.9984,0,WARNING,17.8,11.0,29.8,6.8
9948,0.7964,0,WARNING,17.7,10.6,31.1,9.1
9949,0.989,0,WARNING,17.6,8.3,28.5,7.3
9950,0.9984,0,WARNING,17.4,11.9,30.4,7.0
9951,1.0,0,ANOMALY,17.9,16.6,27.6,6.0
9952,0.9984,0,WARNING,17.7,12.4,30.8,7.0
9953,1.0,0,ANOMALY,18.6,14.4,29.7,6.7
9954,0.3215,0,NORMAL,17.8,8.6,29.8,8.3
9955,0.2936,0,NORMAL,17.4,8.2,29.9,8.2
9956,0.2523,0,NORMAL,17.7,7.8,28.7,7.9
9957,0.1618,0,NORMAL,17.6,8.4,28.8,8.4
9958,0.9984,0,WARNING,17.6,8.5,30.3,7.4
9959,0.9913,0,WARNING,17.9,12.8,26.9,8.1
9960,0.9984,0,WARNING,17.6,9.3,29.5,6.6
9961,0.9984,0,WARNING,17.6,8.7,28.7,6.9
9962,0.9984,0,WARNING,17.6,8.5,29.6,6.8
9963,0.9321,0,WARNING,18.3,10.1,28.7,7.9
9964,0.9984,0,WARNING,18.1,11.1,30.7,7.6
9965,0.9984,0,WARNING,18.7,8.6,30.7,7.2
9966,0.4358,0,NORMAL,18.4,7.3,25.9,6.8
9967,0.9983,0,WARNING,19.7,9.3,30.9,7.0
9968,1.0,0,ANOMALY,22.0,12.7,30.7,11.0
9969,1.0,0,ANOMALY,24.7,22.0,46.8,22.5
9970,1.0,0,WARNING,23.5,9.6,38.6,16.2
9971,0.7305,0,WARNING,20.6,9.2,30.6,8.4
9972,0.9985,0,WARNING,19.3,9.5,29.6,6.3
9973,0.9984,0,WARNING,19.0,8.7,25.8,6.0
9974,0.1986,0,NORMAL,19.3,7.9,29.8,8.2
9975,0.3135,0,NORMAL,18.8,8.9,29.9,8.1
9976,0.3876,0,NORMAL,18.4,8.2,31.1,8.6
9977,0.3443,0,NORMAL,18.4,8.1,28.8,8.2
9978,0.9984,0,WARNING,18.8,8.5,31.5,7.4
9979,0.9984,0,WARNING,18.5,8.1,31.0,7.2
9980,0.9984,0,WARNING,19.0,8.0,30.0,6.9
9981,0.9984,0,WARNING,18.9,8.6,31.0,7.2
9982,0.989,0,WARNING,18.8,7.9,28.9,7.4
9983,0.9984,0,WARNING,18.6,8.4,31.1,7.1
9984,0.4368,0,NORMAL,18.6,7.1,26.1,6.7
9985,0.2121,0,NORMAL,18.4,7.4,29.4,8.0
9986,0.9983,0,WARNING,19.0,7.8,28.7,6.5
9987,0.9983,0,WARNING,18.9,8.3,30.4,7.0
9988,0.9983,0,WARNING,18.9,8.4,30.5,7.0
9989,0.9983,0,WARNING,18.9,8.3,30.8,7.1
9990,0.9984,0,WARNING,19.2,8.5,30.9,7.1
9991,0.9984,0,WARNING,19.1,8.4,28.6,6.4
9992,0.9891,0,WARNING,19.3,7.9,30.4,7.7
9993,0.9984,0,WARNING,19.2,8.1,28.1,6.3
9994,0.9983,0,WARNING,19.1,7.6,30.1,6.9
9995,0.9983,0,WARNING,19.7,8.1,28.7,6.9
9996,0.3734,0,NORMAL,19.2,8.1,30.9,8.5
9997,0.9984,0,WARNING,18.9,7.9,28.5,6.4
9998,0.2593,0,NORMAL,19.4,8.3,30.1,8.3
9999,0.9891,0,WARNING,19.1,7.7,30.4,7.8
10000,0.9984,0,WARNING,19.3,8.7,30.9,7.0
10001,0.4359,0,NORMAL,18.9,7.9,28.3,7.6
10002,0.9984,0,WARNING,18.9,8.3,30.9,7.0
10003,0.3152,0,NORMAL,19.1,8.3,30.6,8.4
10004,0.2048,0,NORMAL,19.0,8.2,29.3,8.0
10005,0.9984,0,WARNING,18.6,8.2,30.6,7.0
10006,0.9984,0,WARNING,18.4,8.4,30.6,7.6
10007,0.9984,0,WARNING,18.8,8.3,30.4,6.9
10008,0.9984,0,WARNING,18.6,8.0,28.3,6.2
10009,0.9983,0,WARNING,19.1,7.7,29.4,6.6
10010,0.9983,0,WARNING,18.4,8.2,30.0,6.8
10011,0.3872,0,NORMAL,19.0,8.5,31.1,8.6
10012,0.274,0,NORMAL,18.6,8.2,30.7,8.5
10013,0.9984,0,WARNING,18.4,8.6,30.6,7.6
10014,0.1614,0,NORMAL,18.2,8.0,28.8,8.3
10015,0.9916,0,WARNING,18.4,8.0,30.7,9.8
10016,0.9984,0,WARNING,18.6,9.7,30.0,6.8
10017,0.2561,0,NORMAL,18.4,7.9,29.9,8.7
10018,0.3507,0,NORMAL,18.3,8.5,29.6,8.1
10019,0.9984,0,WARNING,18.7,8.5,29.7,7.8
10020,0.3274,0,NORMAL,18.4,8.2,30.7,8.5
10021,0.9984,0,WARNING,18.4,8.6,30.6,7.1
10022,0.9984,0,WARNING,18.5,8.9,30.8,7.6
10023,0.9984,0,WARNING,18.4,8.4,29.9,6.1
10024,0.3304,0,NORMAL,18.5,9.2,33.2,10.2
10025,0.9984,0,WARNING,18.6,9.1,31.3,7.8
10026,0.9984,0,WARNING,17.9,5.8,22.1,4.3
10027,0.9983,0,WARNING,19.0,6.7,26.5,5.7
10028,0.9961,0,WARNING,21.0,12.4,27.2,8.9
10029,1.0,0,ANOMALY,25.0,18.3,41.2,20.6
10030,0.9957,0,WARNING,21.6,9.1,33.6,11.6
10031,1.0,0,ANOMALY,20.9,10.5,36.9,16.7
10032,0.9985,0,WARNING,18.9,6.4,24.9,5.0
10033,0.989,0,WARNING,19.4,6.6,26.7,6.5
10034,0.9984,0,WARNING,18.6,7.7,28.1,5.7
10035,0.9983,0,WARNING,18.4,9.4,30.1,7.5
10036,0.3045,0,NORMAL,18.0,8.1,28.9,7.9
10037,0.2747,0,NORMAL,18.6,9.0,31.5,8.7
10038,0.9984,0,WARNING,17.9,7.6,28.7,6.6
10039,0.3867,0,NORMAL,18.0,8.6,30.6,8.8
10040,0.3303,0,NORMAL,18.1,8.8,30.2,8.2
10041,0.4694,0,NORMAL,18.0,8.5,29.5,8.0
10042,0.9984,0,WARNING,18.0,9.0,31.6,8.4
10043,0.9984,0,WARNING,17.8,8.2,30.8,6.7
10044,0.9891,0,WARNING,17.7,7.3,24.8,5.9
10045,0.9983,0,WARNING,18.0,8.4,31.4,7.3
10046,0.9983,0,WARNING,17.9,8.7,30.6,7.5
10047,0.9891,0,WARNING,17.8,7.4,28.2,6.9
10048,0.9983,0,WARNING,17.9,8.9,32.0,6.9
10049,0.3197,0,NORMAL,18.1,8.8,32.0,8.8
10050,0.9984,0,WARNING,18.6,8.3,30.6,7.0
10051,0.9984,0,WARNING,18.4,8.5,30.7,7.1
10052,0.9984,0,WARNING,18.6,9.2,30.9,7.5
10053,0.9984,0,WARNING,18.3,9.0,32.0,7.4
10054,0.2648,0,NORMAL,18.5,8.4,30.9,8.5
10055,0.9984,0,WARNING,18.8,8.8,30.8,7.5
10056,0.4242,0,NORMAL,18.4,9.3,32.7,9.9
10057,0.3554,0,NORMAL,18.2,8.7,30.8,8.9
10058,0.9984,0,WARNING,17.9,7.6,28.8,6.5
10059,0.9891,0,WARNING,18.6,8.7,31.4,8.2
10060,0.2277,0,NORMAL,18.6,8.3,30.5,8.4
10061,0.9984,0,WARNING,18.7,8.6,31.2,7.2
10062,0.171,0,NORMAL,18.5,7.9,30.2,8.3
10063,0.9984,0,WARNING,18.5,9.2,30.3,7.3
10064,0.9984,0,WARNING,19.2,8.5,32.0,7.3
10065,0.9984,0,WARNING,18.4,8.5,30.1,7.3
10066,0.9984,0,WARNING,17.8,8.1,31.0,7.2
10067,0.9984,0,WARNING,17.9,8.9,32.1,7.4
10068,0.2613,0,NORMAL,18.4,7.8,32.3,9.9
10069,0.279,0,NORMAL,18.4,8.3,31.7,8.7
10070,0.9984,0,WARNING,18.9,8.2,31.5,7.3
10071,0.9984,0,WARNING,18.8,8.7,31.5,7.2
10072,0.9984,0,WARNING,19.0,8.2,32.2,7.3
10073,0.2045,0,NORMAL,18.7,7.7,30.2,8.2
10074,0.2616,0,NORMAL,18.3,8.7,31.5,9.3
10075,0.2894,0,NORMAL,18.4,8.1,32.8,9.6
10076,0.9984,0,WARNING,19.6,8.1,33.3,8.0
10077,0.3345,0,NORMAL,19.4,8.3,32.7,9.7
10078,0.9984,0,WARNING,19.7,7.6,30.3,6.4
10079,0.3086,0,NORMAL,19.3,8.1,29.6,8.0
10080,0.9984,0,WARNING,19.1,7.9,29.7,6.6
10081,0.989,0,WARNING,18.9,6.9,28.7,7.3
10082,0.9984,0,WARNING,18.8,7.3,29.7,6.3
10083,0.9891,0,WARNING,19.1,7.1,28.0,7.0
10084,0.9983,0,WARNING,18.9,7.2,29.0,6.1
10085,0.2115,0,NORMAL,18.9,8.2,30.2,8.3
10086,0.9984,0,WARNING,19.2,7.8,28.5,6.3
10087,0.3034,0,NORMAL,20.0,8.0,29.7,7.9
10088,0.9999,0,WARNING,23.0,11.6,31.4,10.2
10089,1.0,0,ANOMALY,24.9,18.8,42.7,20.6
10090,0.9754,0,WARNING,23.5,9.4,37.6,12.0
10091,1.0,0,WARNING,21.8,10.3,34.6,13.3
10092,0.4714,0,NORMAL,19.6,6.9,28.0,7.5
10093,0.9888,0,WARNING,19.2,5.1,23.1,5.4
10094,0.2519,0,NORMAL,20.0,8.0,31.6,8.9
10095,0.9743,0,WARNING,19.8,8.3,31.6,8.4
10096,0.9984,0,WARNING,19.2,7.5,29.4,6.5
10097,0.1492,0,NORMAL,19.5,7.7,28.8,7.8
10098,0.9984,0,WARNING,19.6,8.5,29.6,6.7
10099,0.9983,0,WARNING,19.4,7.3,29.1,6.1
10100,0.9983,0,WARNING,19.1,7.7,28.0,5.6
10101,0.2611,0,NORMAL,19.2,8.0,29.4,8.0
10102,0.4346,0,NORMAL,19.3,8.3,29.1,8.0
10103,0.9984,0,WARNING,18.9,7.5,29.4,7.0
10104,0.9892,0,WARNING,18.9,7.3,29.0,7.3
10105,0.4297,0,NORMAL,18.2,6.0,24.7,6.5
10106,0.9983,0,WARNING,19.1,8.4,31.5,7.4
10107,0.9983,0,WARNING,18.8,7.0,28.8,6.5
10108,0.9983,0,WARNING,18.8,8.0,29.9,6.8
10109,0.9983,0,WARNING,18.7,4.9,20.0,3.0
10110,0.9895,0,WARNING,19.6,11.9,29.2,9.0
10111,0.9984,0,WARNING,18.4,7.5,28.6,6.4
10112,0.3187,0,NORMAL,18.3,7.2,28.4,7.7
10113,0.9984,0,WARNING,18.2,7.4,28.7,5.9
10114,0.2422,0,NORMAL,17.9,7.0,29.0,8.0
10115,0.2422,0,NORMAL,18.1,7.3,29.1,8.0
10116,0.9984,0,WARNING,17.9,7.1,28.6,6.5
10117,0.9983,0,WARNING,17.7,6.7,29.3,6.7
10118,0.9983,0,WARNING,17.6,7.1,29.0,6.7
10119,0.9983,0,WARNING,17.8,7.8,28.2,5.6
10120,0.9983,0,WARNING,17.5,7.3,29.7,6.2
10121,0.9983,0,WARNING,17.6,7.3,29.6,6.3
10122,0.9892,0,WARNING,17.5,6.7,28.5,7.3
10123,0.9983,0,WARNING,17.6,7.2,28.5,5.9
10124,0.3204,0,NORMAL,17.6,7.4,28.9,8.0
10125,0.148,0,NORMAL,17.7,7.0,28.5,8.3
10126,0.9983,0,WARNING,17.6,7.1,28.9,6.6
10127,0.4285,0,NORMAL,17.9,7.4,27.8,7.3
10128,0.9892,0,WARNING,17.9,7.6,29.2,7.4
10129,0.2195,0,NORMAL,17.6,7.1,29.0,8.0
10130,0.9983,0,WARNING,17.7,6.7,28.7,6.4
10131,0.9983,0,WARNING,17.8,7.5,28.0,5.7
10132,0.9983,0,WARNING,17.6,7.3,28.1,6.4
10133,0.1273,0,NORMAL,17.3,7.0,29.3,8.1
10134,0.1377,0,NORMAL,17.4,7.5,28.9,8.0
10135,0.9983,0,WARNING,17.2,7.4,28.9,6.9
10136,0.3014,0,NORMAL,17.3,7.3,28.3,7.7
10137,0.9983,0,WARNING,17.1,6.9,28.8,6.5
10138,0.9893,0,WARNING,17.0,7.1,29.0,7.4
10139,0.9893,0,WARNING,16.9,7.1,28.6,7.4
10140,0.9983,0,WARNING,17.0,7.1,28.1,6.2
10141,0.9893,0,WARNING,16.8,7.4,28.9,7.5
10142,0.9983,0,WARNING,17.2,7.2,28.7,6.5
10143,0.9983,0,WARNING,17.4,6.8,28.6,5.8
10144,0.9983,0,WARNING,17.3,6.8,28.4,5.7
10145,0.9983,0,WARNING,17.4,6.7,27.3,5.9
10146,0.9983,0,WARNING,17.3,7.5,29.8,7.3
10147,0.0975,0,NORMAL,17.8,7.2,28.6,7.8
10148,0.9983,0,WARNING,19.2,8.3,29.8,8.0
10149,1.0,0,ANOMALY,25.2,26.5,43.6,23.4
10150,0.9996,0,WARNING,21.8,9.1,37.1,11.8
10151,1.0,0,ANOMALY,20.4,15.1,38.3,15.4
10152,0.9884,0,WARNING,17.3,6.5,28.5,7.2
10153,0.9984,0,WARNING,17.2,7.4,28.3,6.2
10154,0.4455,0,NORMAL,17.1,6.1,24.6,6.5
10155,0.2404,0,NORMAL,17.5,8.3,31.1,8.6
10156,0.9984,0,WARNING,17.0,7.2,29.7,6.8
10157,0.1328,0,NORMAL,17.0,7.2,28.6,7.8
10158,0.9892,0,WARNING,16.7,7.3,28.2,7.1
10159,0.301,0,NORMAL,16.7,7.4,29.1,7.9
10160,0.9983,0,WARNING,17.0,6.7,28.2,5.7
10161,0.2621,0,NORMAL,17.0,7.6,29.1,8.0
10162,0.4278,0,NORMAL,17.0,7.2,27.8,7.5
10163,0.121,0,NORMAL,17.3,7.3,29.0,7.9
10164,0.2337,0,NORMAL,16.8,6.3,28.3,7.8
10165,0.1531,0,NORMAL,17.3,7.5,29.2,8.0
10166,0.9892,0,WARNING,17.3,7.3,28.6,7.3
10167,0.9983,0,WARNING,17.7,6.9,27.8,5.5
10168,0.4248,0,NORMAL,17.0,5.4,24.6,6.4
10169,0.9738,0,WARNING,17.6,7.5,31.1,7.9
10170,0.2571,0,NORMAL,17.3,8.1,29.8,8.2
10171,0.4286,0,NORMAL,16.9,7.2,27.7,7.4
10172,0.1701,0,NORMAL,16.9,6.5,29.2,8.0
10173,0.9983,0,WARNING,17.2,7.1,28.3,5.9
10174,0.4258,0,NORMAL,17.7,7.5,27.5,7.3
10175,0.2994,0,NORMAL,17.6,7.0,28.6,8.2
10176,0.3806,0,NORMAL,17.8,6.5,29.8,8.1
10177,0.3918,0,NORMAL,17.4,6.1,28.5,7.8
10178,0.9983,0,WARNING,17.8,7.0,28.0,6.3
10179,0.4248,0,NORMAL,17.8,7.0,28.3,7.7
10180,0.9983,0,WARNING,17.9,6.3,28.8,6.0
10181,0.974,0,WARNING,18.1,7.0,28.2,6.9
10182,0.9983,0,WARNING,18.7,7.1,28.7,6.5
10183,0.9983,0,WARNING,18.3,7.4,28.7,6.4
10184,0.9983,0,WARNING,18.3,6.5,27.6,5.5
10185,0.9983,0,WARNING,18.6,6.7,29.1,6.1
10186,0.9983,0,WARNING,18.5,7.1,28.5,6.4
10187,0.0934,0,NORMAL,18.4,6.8,28.2,7.8
10188,0.9983,0,WARNING,18.5,6.6,28.2,6.4
10189,0.974,0,WARNING,18.2,6.7,28.3,7.1
10190,0.9983,0,WARNING,18.0,6.6,27.9,5.6
10191,0.9893,0,WARNING,18.1,6.5,28.1,7.0
10192,0.9983,0,WARNING,18.2,6.5,28.1,5.6
10193,0.9893,0,WARNING,18.6,6.9,28.1,7.2
10194,0.4229,0,NORMAL,18.4,6.8,27.6,7.5
10195,0.9983,0,WARNING,18.2,6.3,27.9,6.1
10196,0.9893,0,WARNING,18.5,6.7,28.3,7.3
10197,0.2192,0,NORMAL,18.3,6.9,28.4,7.8
10198,0.9983,0,WARNING,18.2,7.0,28.1,6.3
10199,0.9893,0,WARNING,18.3,6.7,28.5,7.2
10200,0.3798,0,NORMAL,18.3,7.1,28.7,7.7
10201,0.9983,0,WARNING,18.2,7.6,28.1,6.2
10202,0.9892,0,WARNING,18.2,7.3,28.3,7.3
10203,0.9983,0,WARNING,18.1,6.8,28.6,5.9
10204,0.9983,0,WARNING,18.0,7.1,28.4,5.9
10205,0.1415,0,NORMAL,17.9,7.3,28.3,7.8
10206,0.425,0,NORMAL,18.0,7.1,27.9,7.4
10207,0.9893,0,WARNING,18.7,6.7,28.6,6.4
10208,0.9893,0,WARNING,20.2,8.8,29.0,8.3
10209,1.0,0,ANOMALY,24.0,18.0,41.2,20.5
10210,0.9985,0,WARNING,21.3,9.1,35.8,10.0
10211,1.0,0,ANOMALY,20.4,9.5,39.6,19.5
10212,0.4768,0,NORMAL,18.6,7.2,27.9,7.5
10213,0.9888,0,WARNING,18.2,7.1,29.3,7.6
10214,0.9984,0,WARNING,17.9,6.0,24.9,4.7
10215,0.9892,0,WARNING,18.1,8.0,31.1,8.0
10216,0.9984,0,WARNING,17.9,7.0,29.4,6.1
10217,0.9892,0,WARNING,17.7,6.9,28.3,7.2
10218,0.9892,0,WARNING,17.7,7.0,28.5,7.3
10219,0.9983,0,WARNING,17.9,6.8,28.7,6.5
10220,0.4268,0,NORMAL,17.8,7.0,27.5,7.3
10221,0.9983,0,WARNING,17.7,7.4,29.1,6.6
10222,0.9983,0,WARNING,17.7,6.6,28.7,5.9
10223,0.4256,0,NORMAL,17.9,7.4,28.2,7.4
10224,0.9983,0,WARNING,17.7,7.1,29.1,6.1
10225,0.9983,0,WARNING,17.7,7.1,28.3,6.4
10226,0.104,0,NORMAL,17.6,6.7,27.5,7.4
10227,0.9893,0,WARNING,17.6,7.2,29.4,7.6
10228,0.1286,0,NORMAL,17.4,7.3,28.6,7.8
10229,0.1321,0,NORMAL,17.4,7.0,29.1,8.0
10230,0.9983,0,WARNING,17.3,7.4,28.7,6.4
10231,0.3816,0,NORMAL,17.5,7.3,28.3,7.6
10232,0.9983,0,WARNING,17.4,6.3,28.5,6.3
10233,0.9983,0,WARNING,17.8,7.0,28.4,6.4
10234,0.9893,0,WARNING,17.8,7.2,28.9,7.4
10235,0.1461,0,NORMAL,17.7,7.3,28.9,7.9
10236,0.9983,0,WARNING,17.5,7.0,28.7,6.5
10237,0.9983,0,WARNING,17.1,6.4,28.4,6.4
10238,0.9983,0,WARNING,17.2,6.8,28.4,6.3
10239,0.4252,0,NORMAL,17.3,7.0,28.3,7.5
10240,0.9983,0,WARNING,17.3,7.1,29.2,6.5
10241,0.9893,0,WARNING,17.1,6.6,28.5,7.2
10242,0.426,0,NORMAL,17.0,7.1,28.1,7.6
10243,0.9983,0,WARNING,17.2,6.7,28.5,6.0
10244,0.9983,0,WARNING,17.3,7.1,29.5,6.7
10245,0.9892,0,WARNING,17.0,6.5,28.7,7.4
10246,0.9983,0,WARNING,17.5,7.4,28.4,6.2
10247,0.3807,0,NORMAL,17.1,7.4,29.3,7.9
10248,0.9983,0,WARNING,17.4,6.5,28.1,6.1
10249,0.9893,0,WARNING,17.1,7.1,29.0,7.4
10250,0.4267,0,NORMAL,17.0,7.4,28.2,7.6
10251,0.9983,0,WARNING,16.9,7.1,28.8,6.6
10252,0.9983,0,WARNING,17.2,6.6,28.5,6.3
10253,0.9983,0,WARNING,17.0,7.1,28.8,6.0
10254,0.2075,0,NORMAL,17.0,7.2,28.5,7.7
10255,0.3078,0,NORMAL,16.9,6.6,28.6,8.2
10256,0.9983,0,WARNING,17.0,6.8,28.9,6.5
10257,0.9983,0,WARNING,16.9,7.2,28.7,6.4
10258,0.9983,0,WARNING,17.2,7.3,28.3,6.3
10259,0.9983,0,WARNING,17.0,7.1,29.3,6.2
10260,0.9983,0,WARNING,16.9,7.5,28.5,6.2
10261,0.9983,0,WARNING,16.9,7.5,28.6,6.4
10262,0.9983,0,WARNING,16.9,7.3,28.8,5.9
10263,0.9893,0,WARNING,16.9,6.8,28.6,7.2
10264,0.9983,0,WARNING,16.9,6.8,28.5,5.7
10265,0.9983,0,WARNING,16.8,7.5,29.0,6.5
10266,0.1456,0,NORMAL,16.8,7.4,28.5,7.8
10267,0.9893,0,WARNING,17.9,7.9,29.4,7.4
10268,0.7297,0,WARNING,19.1,9.3,30.4,9.5
10269,1.0,0,ANOMALY,22.9,19.9,41.4,20.6
10270,0.9985,0,WARNING,19.7,10.1,37.2,11.2
10271,1.0,0,ANOMALY,20.0,10.6,34.2,15.2
10272,0.9985,0,WARNING,18.7,10.1,34.1,10.3
10273,0.9985,0,WARNING,17.0,7.7,28.7,6.4
10274,0.6902,0,WARNING,17.3,6.9,25.3,6.6
10275,0.2338,0,NORMAL,17.4,8.0,30.5,8.3
10276,0.2421,0,NORMAL,17.8,8.1,31.9,8.8
10277,0.9984,0,WARNING,17.4,8.2,29.7,6.7
10278,0.2162,0,NORMAL,18.0,7.8,29.3,7.9
10279,0.9892,0,WARNING,17.7,7.6,28.4,7.0
10280,0.9984,0,WARNING,18.4,8.4,30.4,6.8
10281,0.2951,0,NORMAL,18.7,8.5,29.3,8.0
10282,0.9984,0,WARNING,18.5,7.7,29.8,6.8
10283,0.9984,0,WARNING,19.1,8.1,29.2,6.5
10284,0.9983,0,WARNING,19.0,8.4,29.1,6.4
10285,0.9891,0,WARNING,19.4,8.3,29.0,7.4
10286,0.9984,0,WARNING,19.6,8.2,29.0,6.5
10287,0.9983,0,WARNING,18.9,8.3,28.8,5.9
10288,0.9983,0,WARNING,19.1,8.8,28.3,6.0
10289,0.9983,0,WARNING,19.0,8.5,29.4,6.5
10290,0.9983,0,WARNING,19.4,9.0,30.4,7.0
10291,0.9983,0,WARNING,19.1,9.6,30.0,6.8
10292,0.2595,0,NORMAL,19.6,8.8,30.1,8.7
10293,0.9984,0,WARNING,18.9,7.5,26.9,5.7
10294,0.9892,0,WARNING,19.4,8.9,32.3,7.7
10295,0.9984,0,WARNING,19.2,8.5,29.4,6.3
10296,0.9983,0,WARNING,19.3,8.0,29.8,6.7
10297,0.9983,0,WARNING,19.7,8.3,30.1,6.8
10298,0.9984,0,WARNING,19.7,8.8,30.2,7.3
10299,0.9891,0,WARNING,19.7,8.4,30.2,7.8
10300,0.19,0,NORMAL,19.7,8.0,29.9,8.2
10301,0.9891,0,WARNING,19.4,7.9,29.9,7.5
10302,0.9984,0,WARNING,19.5,8.8,29.9,7.3
10303,0.9891,0,WARNING,19.8,8.6,29.7,7.5
10304,0.9984,0,WARNING,19.4,8.1,30.5,6.9
10305,0.9984,0,WARNING,19.2,8.1,30.0,6.8
10306,0.9984,0,WARNING,19.3,8.8,30.4,6.4
10307,0.9984,0,WARNING,19.4,8.5,29.7,6.8
10308,0.9984,0,WARNING,19.0,7.7,30.0,6.8
10309,0.1936,0,NORMAL,19.0,8.3,29.8,8.1
10310,0.2497,0,NORMAL,19.1,9.0,29.9,8.1
10311,0.4364,0,NORMAL,19.4,8.5,29.9,7.9
10312,0.9984,0,WARNING,19.4,7.9,30.0,6.5
10313,0.2099,0,NORMAL,19.2,8.3,29.4,8.0
10314,0.5756,0,NORMAL,19.5,9.1,30.2,8.2
10315,0.1974,0,NORMAL,19.7,8.0,30.0,8.2
10316,0.9984,0,WARNING,19.1,8.1,29.5,7.1
10317,0.284,0,NORMAL,18.8,8.6,30.0,8.2
10318,0.9984,0,WARNING,19.4,8.1,29.6,6.7
10319,0.9984,0,WARNING,19.1,7.9,30.5,6.3
10320,0.9984,0,WARNING,19.2,8.1,29.9,6.8
10321,0.9891,0,WARNING,18.9,7.8,29.0,7.3
10322,0.9984,0,WARNING,18.9,8.9,30.6,6.9
10323,0.9984,0,WARNING,18.9,8.2,29.5,6.7
10324,0.2749,0,NORMAL,18.8,7.9,30.3,8.7
10325,0.2145,0,NORMAL,18.4,8.2,29.6,9.1
10326,0.9984,0,WARNING,18.6,8.4,29.8,6.7
10327,0.3879,0,NORMAL,19.2,8.5,30.3,8.0
10328,0.5494,0,NORMAL,20.7,9.2,30.2,9.2
10329,1.0,0,ANOMALY,24.4,14.9,42.0,21.7
10330,1.0,0,ANOMALY,22.4,16.3,37.2,10.8
10331,1.0,0,ANOMALY,20.7,11.5,39.2,19.0
10332,0.9985,0,WARNING,19.0,8.3,30.0,6.7
10333,0.3618,0,NORMAL,18.5,7.7,29.0,7.9
10334,0.6905,0,WARNING,18.1,6.8,25.4,6.5
10335,0.3868,0,NORMAL,18.2,8.2,30.6,8.3
10336,0.2637,0,NORMAL,18.8,8.5,30.2,8.1
10337,0.9891,0,WARNING,18.5,8.2,31.5,8.1
10338,0.3153,0,NORMAL,18.8,8.3,29.4,7.9
10339,0.9984,0,WARNING,18.6,7.7,30.1,6.9
10340,0.1294,0,NORMAL,18.1,7.4,29.2,7.9
10341,0.9984,0,WARNING,18.0,7.8,27.7,5.5
10342,0.9983,0,WARNING,18.5,8.5,30.9,7.0
10343,0.9983,0,WARNING,17.8,7.1,27.9,5.4
10344,0.2568,0,NORMAL,18.1,8.3,30.5,8.2
10345,0.4331,0,NORMAL,18.0,8.0,29.0,7.7
10346,0.9984,0,WARNING,17.7,7.4,29.3,6.2
10347,0.1693,0,NORMAL,18.0,7.2,28.4,7.7
10348,0.9892,0,WARNING,18.0,8.1,29.8,7.7
10349,0.9984,0,WARNING,18.0,8.1,29.0,6.5
10350,0.2027,0,NORMAL,17.9,8.5,29.7,8.0
10351,0.9984,0,WARNING,17.8,8.5,28.8,6.2
10352,0.9983,0,WARNING,17.8,8.0,29.1,5.8
10353,0.9892,0,WARNING,17.5,7.3,29.7,7.6
10354,0.1495,0,NORMAL,17.5,7.8,28.5,7.7
10355,0.1981,0,NORMAL,17.4,8.1,30.1,8.2
10356,0.9984,0,WARNING,17.4,8.3,29.3,6.6
10357,0.9892,0,WARNING,17.6,8.1,29.6,7.6
10358,0.9984,0,WARNING,17.4,7.4,29.3,5.9
10359,0.3043,0,NORMAL,17.4,7.8,29.0,7.7
10360,0.9892,0,WARNING,17.5,8.3,29.7,7.5
10361,0.2292,0,NORMAL,17.6,8.2,29.3,8.0
10362,0.9984,0,WARNING,17.4,7.5,29.4,6.1
10363,0.9892,0,WARNING,17.3,7.8,28.9,7.4
10364,0.2612,0,NORMAL,17.7,8.8,30.4,8.3
10365,0.9984,0,WARNING,17.5,8.2,30.3,6.9
10366,0.2157,0,NORMAL,18.0,7.4,28.8,7.7
10367,0.9984,0,WARNING,17.7,7.9,30.3,6.8
10368,0.9984,0,WARNING,17.8,8.6,29.4,6.4
10369,0.1681,0,NORMAL,17.8,8.0,29.1,7.9
10370,0.4326,0,NORMAL,17.6,7.5,29.7,8.0
10371,0.1521,0,NORMAL,17.7,7.8,29.7,8.1
10372,0.2187,0,NORMAL,18.0,8.1,29.3,8.1
10373,0.9892,0,WARNING,17.7,7.6,30.0,7.8
10374,0.2137,0,NORMAL,17.6,7.8,29.6,8.0
10375,0.9984,0,WARNING,17.8,8.0,30.3,6.8
10376,0.6402,0,WARNING,17.7,9.3,29.7,8.0
10377,0.9891,0,WARNING,17.4,7.5,29.9,7.6
10378,0.9984,0,WARNING,17.3,7.6,29.9,6.8
10379,0.9984,0,WARNING,17.3,8.0,29.0,6.5
10380,0.1809,0,NORMAL,17.3,8.0,30.0,8.2
10381,0.9892,0,WARNING,17.3,7.8,30.6,7.9
10382,0.2145,0,NORMAL,17.6,7.6,29.4,7.9
10383,0.9984,0,WARNING,17.7,8.3,29.7,6.6
10384,0.9984,0,WARNING,18.1,7.8,29.6,6.6
10385,0.4336,0,NORMAL,18.1,7.4,29.4,7.9
10386,0.9984,0,WARNING,18.2,7.5,29.2,6.1
10387,0.9983,0,WARNING,19.2,8.0,29.9,6.7
10388,0.9983,0,WARNING,20.2,9.1,30.3,8.1
10389,1.0,0,ANOMALY,24.2,16.0,40.5,19.5
10390,0.9984,0,WARNING,22.9,14.6,42.8,13.4
10391,1.0,0,ANOMALY,21.6,11.3,42.6,20.5
10392,0.9882,0,WARNING,19.7,8.3,29.9,7.5
10393,0.9985,0,WARNING,19.1,6.7,26.9,5.3
10394,0.9889,0,WARNING,18.9,7.1,27.4,6.1
10395,0.2479,0,NORMAL,18.8,8.4,31.9,8.7
10396,0.989,0,WARNING,18.6,8.3,31.4,8.1
10397,0.9984,0,WARNING,19.2,8.8,33.3,7.2
10398,0.4467,0,NORMAL,19.4,8.3,30.9,8.3
10399,0.9984,0,WARNING,19.6,8.3,29.7,5.9
10400,0.3089,0,NORMAL,19.5,8.4,31.1,8.4
10401,0.9984,0,WARNING,19.7,7.9,30.0,6.3
10402,0.9984,0,WARNING,19.4,8.5,30.2,7.3
10403,0.989,0,WARNING,20.0,8.3,31.2,8.0
10404,0.989,0,WARNING,19.8,7.8,30.4,7.2
10405,0.2131,0,NORMAL,19.5,8.2,30.4,8.2
10406,0.9984,0,WARNING,19.4,8.5,29.9,6.8
10407,0.3076,0,NORMAL,19.4,8.1,30.5,8.3
10408,0.4383,0,NORMAL,19.7,7.7,30.4,8.1
10409,0.2065,0,NORMAL,19.5,7.9,31.0,8.5
10410,0.4399,0,NORMAL,19.8,8.2,30.3,8.1
10411,0.9984,0,WARNING,19.5,8.3,29.9,6.8
10412,0.2652,0,NORMAL,19.7,8.8,31.9,8.8
10413,0.1741,0,NORMAL,19.7,7.7,30.1,8.2
10414,0.1897,0,NORMAL,19.3,7.7,30.8,8.4
10415,0.3073,0,NORMAL,19.4,8.7,31.8,8.6
10416,0.4425,0,NORMAL,19.1,8.5,30.3,8.0
10417,0.4404,0,NORMAL,19.0,8.1,27.8,7.5
10418,0.9984,0,WARNING,19.1,8.1,32.7,7.7
10419,0.2348,0,NORMAL,18.6,7.9,31.6,8.7
10420,0.9984,0,WARNING,19.1,9.1,31.7,7.4
10421,0.4438,0,NORMAL,18.9,8.5,30.0,8.0
10422,0.989,0,WARNING,19.0,8.1,30.8,7.8
10423,0.9984,0,WARNING,19.4,8.0,31.2,7.0
10424,0.3085,0,NORMAL,18.7,8.7,31.1,8.9
10425,0.9984,0,WARNING,19.0,8.6,31.1,7.2
10426,0.9984,0,WARNING,18.9,7.8,31.0,7.1
10427,0.2077,0,NORMAL,18.9,8.4,30.7,8.4
10428,0.9984,0,WARNING,18.5,8.3,30.4,7.3
10429,0.9984,0,WARNING,18.7,8.1,30.6,6.9
10430,0.9984,0,WARNING,19.2,9.0,31.7,7.2
10431,0.9984,0,WARNING,19.2,9.1,31.5,7.0
10432,0.3436,0,NORMAL,19.1,8.8,31.1,8.4
10433,0.9984,0,WARNING,19.1,7.8,30.3,7.0
10434,0.3077,0,NORMAL,19.0,8.9,31.9,8.7
10435,0.9984,0,WARNING,19.1,8.5,30.4,6.9
10436,0.2595,0,NORMAL,19.0,8.9,31.4,9.1
10437,0.9984,0,WARNING,18.9,8.2,31.3,7.2
10438,0.531,0,NORMAL,18.7,8.9,30.9,8.3
10439,0.3901,0,NORMAL,18.5,9.0,31.2,8.4
10440,0.4429,0,NORMAL,18.4,9.0,31.0,8.2
10441,0.3523,0,NORMAL,18.4,9.2,31.2,8.6
10442,0.9984,0,WARNING,18.3,8.7,30.4,6.3
10443,0.2679,0,NORMAL,18.2,8.5,31.6,8.7
10444,0.9984,0,WARNING,18.9,8.8,28.6,6.2
10445,0.9984,0,WARNING,18.7,8.9,33.1,7.8
10446,0.2747,0,NORMAL,18.4,9.1,32.3,8.9
10447,0.9984,0,WARNING,19.2,9.5,31.5,6.8
10448,0.9984,0,WARNING,21.6,10.0,33.2,9.3
10449,1.0,0,ANOMALY,25.1,20.7,46.5,23.5
10450,0.9986,0,WARNING,22.0,11.0,39.4,12.1
10451,1.0,0,ANOMALY,21.5,13.6,39.9,18.6
10452,0.9985,0,WARNING,18.7,7.3,27.4,5.9
10453,0.9984,0,WARNING,18.6,6.2,22.6,4.2
10454,0.2565,0,NORMAL,18.9,8.5,31.7,8.7
10455,0.9984,0,WARNING,18.9,9.2,31.7,7.1
10456,0.4343,0,NORMAL,19.1,9.8,33.4,9.2
10457,0.2893,0,NORMAL,18.9,8.2,31.8,8.7
10458,0.9984,0,WARNING,18.8,8.8,31.7,7.4
10459,0.9984,0,WARNING,19.2,9.2,31.5,7.3
10460,0.9984,0,WARNING,18.8,8.7,31.4,7.1
10461,0.9984,0,WARNING,18.9,8.8,31.8,7.4
10462,0.9984,0,WARNING,18.3,8.5,31.4,7.1
10463,0.989,0,WARNING,18.4,9.3,31.6,8.0
10464,0.2568,0,NORMAL,18.1,9.1,31.7,8.7
10465,0.9984,0,WARNING,18.5,9.1,31.8,7.6
10466,0.9984,0,WARNING,18.2,9.3,33.4,7.9
10467,0.9984,0,WARNING,18.5,9.4,32.4,7.6
10468,0.3127,0,NORMAL,18.8,8.7,31.9,8.7
10469,0.9984,0,WARNING,18.3,8.3,31.5,6.8
10470,0.2891,0,NORMAL,18.2,9.0,31.7,9.2
10471,0.9744,0,WARNING,18.3,8.6,28.8,6.9
10472,0.313,0,NORMAL,18.7,9.3,31.8,9.1
10473,0.4428,0,NORMAL,18.3,9.6,31.4,9.0
10474,0.989,0,WARNING,18.0,8.9,28.6,7.2
10475,0.9984,0,WARNING,18.2,9.2,32.0,7.9
10476,0.9984,0,WARNING,18.6,8.6,32.0,7.4
10477,0.9984,0,WARNING,18.2,7.8,27.2,6.3
10478,0.9891,0,WARNING,18.4,8.9,30.4,7.7
10479,0.3092,0,NORMAL,18.7,9.2,31.4,8.6
10480,0.9984,0,WARNING,18.1,8.7,30.8,7.0
10481,0.9984,0,WARNING,18.6,9.0,28.7,6.2
10482,0.2751,0,NORMAL,18.4,8.6,31.8,9.3
10483,0.3122,0,NORMAL,18.8,9.2,31.5,8.6
10484,0.7077,0,WARNING,18.9,10.5,32.6,9.5
10485,0.51,0,NORMAL,18.5,9.3,31.5,8.7
10486,0.9984,0,WARNING,19.0,9.8,31.9,7.4
10487,0.9984,0,WARNING,19.1,9.0,31.5,6.6
10488,0.5464,0,NORMAL,19.1,9.9,32.2,9.2
10489,0.6026,0,WARNING,19.1,9.3,32.4,9.0
10490,0.3533,0,NORMAL,19.0,9.1,33.8,9.4
10491,0.9984,0,WARNING,19.5,9.5,32.6,8.6
10492,0.9984,0,WARNING,19.5,9.1,29.7,6.6
10493,0.4452,0,NORMAL,19.5,8.9,30.7,8.4
10494,0.2379,0,NORMAL,19.0,8.5,31.3,8.5
10495,0.9984,0,WARNING,19.3,9.3,31.4,7.0
10496,0.9984,0,WARNING,18.9,9.5,32.7,7.5
10497,0.9984,0,WARNING,18.7,8.2,30.5,6.9
10498,0.2649,0,NORMAL,18.6,8.8,32.1,9.0
10499,0.4463,0,NORMAL,18.9,9.1,29.4,8.3
10500,0.2716,0,NORMAL,18.9,8.9,31.8,8.8
10501,0.9984,0,WARNING,19.2,9.8,32.2,8.1
10502,0.2998,0,NORMAL,18.8,9.5,31.9,8.8
10503,0.9984,0,WARNING,19.0,8.9,31.7,6.6
10504,0.9984,0,WARNING,19.0,9.3,32.1,7.3
10505,0.9984,0,WARNING,19.3,9.1,31.7,7.4
10506,0.9984,0,WARNING,19.5,9.4,32.3,7.7
10507,0.9984,0,WARNING,19.9,9.7,31.6,7.6
10508,0.4483,0,NORMAL,21.9,9.7,30.5,9.4
10509,1.0,0,ANOMALY,26.8,21.5,46.8,23.6
10510,0.9955,0,WARNING,24.1,11.8,38.5,12.4
10511,1.0,0,ANOMALY,23.7,12.5,41.6,21.2
10512,0.5515,0,NORMAL,21.2,8.7,29.3,8.1
10513,0.9985,0,WARNING,19.7,6.9,25.1,5.1
10514,0.9889,0,WARNING,19.9,9.0,31.6,8.1
10515,0.9984,0,WARNING,19.8,8.4,29.1,7.4
10516,0.3286,0,NORMAL,20.3,9.6,32.2,9.0
10517,0.444,0,NORMAL,19.7,8.9,28.9,8.2
10518,0.9984,0,WARNING,19.9,9.1,31.7,8.2
10519,0.989,0,WARNING,19.6,8.9,31.8,8.2
10520,0.9984,0,WARNING,19.6,9.2,29.2,5.7
10521,0.5207,0,NORMAL,19.7,9.9,32.1,9.4
10522,0.9984,0,WARNING,19.9,10.7,29.5,6.5
10523,0.9984,0,WARNING,19.6,9.1,31.9,7.5
10524,0.5509,0,NORMAL,19.6,9.9,31.8,8.7
10525,0.9984,0,WARNING,19.3,9.4,30.2,6.7
10526,0.9984,0,WARNING,20.1,9.4,31.2,7.7
10527,0.9984,0,WARNING,20.4,10.5,30.5,6.7
10528,0.4426,0,NORMAL,19.8,9.4,30.9,8.3
10529,0.9719,0,WARNING,19.9,12.4,30.3,8.2
10530,0.9984,0,WARNING,19.2,9.4,31.3,7.3
10531,0.6896,0,WARNING,19.2,9.8,30.7,8.3
10532,0.9984,0,WARNING,18.9,8.9,29.7,6.1
10533,0.776,0,WARNING,19.3,10.0,29.5,7.8
10534,0.9984,0,WARNING,19.1,9.7,32.1,7.5
10535,0.4429,0,NORMAL,19.2,9.8,32.6,9.3
10536,0.9984,0,WARNING,19.0,9.1,29.5,6.5
10537,0.9984,0,WARNING,19.5,9.2,30.2,6.8
10538,0.9984,0,WARNING,18.9,9.4,30.7,6.6
10539,0.5113,0,NORMAL,19.0,10.0,30.5,8.7
10540,0.9984,0,WARNING,18.8,8.4,29.1,6.5
10541,0.9984,0,WARNING,19.0,7.6,25.9,4.8
10542,0.9983,0,WARNING,19.2,9.2,31.6,7.4
10543,0.9891,0,WARNING,18.9,7.6,25.2,5.8
10544,0.4667,0,NORMAL,19.0,10.4,30.6,8.2
10545,0.2733,0,NORMAL,19.1,9.0,32.0,8.9
10546,0.4383,0,NORMAL,19.0,8.7,29.0,7.8
10547,0.9984,0,WARNING,18.9,7.8,29.0,6.4
10548,0.9984,0,WARNING,19.1,9.2,29.7,6.6
10549,0.9455,0,WARNING,20.0,11.4,29.0,7.8
10550,0.9984,0,WARNING,19.6,9.0,31.9,7.3
10551,0.44,0,NORMAL,19.2,8.7,29.2,7.7
10552,0.9984,0,WARNING,19.7,8.7,28.9,5.7
10553,0.9984,0,WARNING,19.2,9.1,32.1,7.5
10554,0.9757,0,WARNING,19.4,9.4,30.1,9.0
10555,0.9984,0,WARNING,19.4,10.5,32.8,7.7
10556,0.9984,0,WARNING,19.1,9.5,30.2,6.7
10557,0.9984,0,WARNING,19.2,9.0,33.0,7.8
10558,0.9984,0,WARNING,19.5,9.1,29.7,6.6
10559,0.4429,0,NORMAL,18.6,8.8,31.6,8.5
10560,0.9984,0,WARNING,18.4,9.1,29.8,6.5
10561,0.9984,0,WARNING,18.8,9.8,32.0,7.4
10562,0.9984,0,WARNING,18.8,9.4,29.8,6.7
10563,0.9984,0,WARNING,18.5,9.2,31.5,7.2
10564,0.4429,0,NORMAL,18.9,9.2,30.4,8.6
10565,0.4415,0,NORMAL,18.9,9.7,31.1,8.5
10566,0.443,0,NORMAL,18.8,9.6,31.1,8.4
10567,0.9984,0,WARNING,19.7,9.7,31.1,6.8
10568,0.7134,0,WARNING,22.3,10.8,32.7,10.8
10569,1.0,0,ANOMALY,26.1,23.5,44.7,23.6
10570,0.5216,0,NORMAL,21.7,9.8,35.4,10.0
10571,1.0,0,ANOMALY,21.6,11.7,36.8,16.6
10572,0.9985,0,WARNING,19.9,9.3,31.3,7.4
10573,0.9984,0,WARNING,18.9,9.4,32.1,7.5
10574,0.9746,0,WARNING,18.8,10.3,29.4,7.1
10575,0.9984,0,WARNING,18.6,9.4,32.8,7.6
10576,0.4502,0,NORMAL,18.6,10.9,30.6,8.2
10577,0.2572,0,NORMAL,18.9,9.3,31.9,8.8
10578,0.9984,0,WARNING,18.6,8.4,29.0,6.0
10579,0.4404,0,NORMAL,18.8,9.1,30.2,8.1
10580,0.9984,0,WARNING,18.5,8.4,28.9,6.4
10581,0.9984,0,WARNING,18.5,9.2,30.2,6.8
10582,0.9984,0,WARNING,18.6,8.6,29.7,6.6
10583,0.4363,0,NORMAL,18.5,9.4,32.2,8.7
10584,0.9984,0,WARNING,18.7,10.1,31.0,6.9
10585,0.9984,0,WARNING,19.0,9.7,31.9,7.8
10586,0.9984,0,WARNING,18.9,8.8,29.0,6.4
10587,0.9984,0,WARNING,18.9,9.5,32.4,7.2
10588,0.4449,0,NORMAL,19.0,8.8,29.2,7.9
10589,0.9984,0,WARNING,18.3,9.3,30.6,6.9
10590,0.511,0,NORMAL,18.1,9.1,29.5,7.9
10591,0.9984,0,WARNING,18.1,9.6,32.4,7.4
10592,0.7518,0,WARNING,18.5,9.3,29.9,8.0
10593,0.6888,0,WARNING,18.6,9.1,29.8,8.0
10594,0.5766,0,NORMAL,18.7,8.9,29.4,8.4
10595,0.4374,0,NORMAL,18.9,9.6,31.4,8.6
10596,0.989,0,WARNING,18.7,9.3,29.4,7.4
10597,0.9984,0,WARNING,18.7,9.5,30.7,7.0
10598,0.9984,0,WARNING,18.9,8.9,29.4,6.5
10599,0.4377,0,NORMAL,19.1,8.9,30.4,8.1
10600,0.9984,0,WARNING,19.1,9.0,27.7,5.6
10601,0.9983,0,WARNING,18.9,8.8,31.9,7.0
10602,0.4386,0,NORMAL,18.8,9.1,29.5,7.9
10603,0.7189,0,WARNING,18.9,10.1,30.6,8.2
10604,0.4386,0,NORMAL,18.8,8.8,29.0,7.8
10605,0.9984,0,WARNING,18.8,9.5,32.5,7.7
10606,0.9984,0,WARNING,18.6,7.2,23.1,4.3
10607,0.3054,0,NORMAL,19.4,8.5,32.4,8.9
10608,0.4348,0,NORMAL,19.5,9.3,29.5,8.2
10609,0.9984,0,WARNING,18.9,7.9,29.4,6.6
10610,0.4341,0,NORMAL,19.3,9.4,30.1,8.6
10611,0.9984,0,WARNING,18.7,8.0,28.4,5.9
10612,0.6803,0,WARNING,19.9,9.2,28.3,7.9
10613,0.2691,0,NORMAL,19.5,9.2,32.1,8.9
10614,0.4386,0,NORMAL,19.6,9.1,29.9,8.6
10615,0.9984,0,WARNING,19.6,11.0,30.5,6.8
10616,0.9984,0,WARNING,19.1,8.2,29.3,6.9
10617,0.9984,0,WARNING,20.0,9.4,29.5,6.5
10618,0.282,0,NORMAL,20.0,9.1,32.6,9.0
10619,0.9984,0,WARNING,19.7,8.6,30.1,6.8
10620,0.6848,0,WARNING,19.4,8.3,26.4,7.3
10621,0.4302,0,NORMAL,19.7,9.2,31.2,8.4
10622,0.9984,0,WARNING,19.5,8.5,29.7,7.1
10623,0.9984,0,WARNING,19.2,8.1,27.5,5.7
10624,0.9983,0,WARNING,19.9,9.3,32.0,7.3
10625,0.9984,0,WARNING,19.6,9.7,30.6,7.4
10626,0.9984,0,WARNING,19.5,9.2,31.0,7.1
10627,0.3075,0,NORMAL,20.0,9.1,31.0,8.5
10628,0.989,0,WARNING,21.4,12.1,26.6,7.7
10629,1.0,0,ANOMALY,23.8,10.8,38.0,16.8
10630,1.0,0,ANOMALY,26.2,22.2,43.0,18.6
10631,1.0,0,WARNING,23.7,10.2,33.1,11.6
10632,1.0,0,ANOMALY,22.1,12.9,37.3,15.0
10633,0.9985,0,WARNING,19.4,8.3,29.5,6.1
10634,0.4583,0,NORMAL,19.5,8.8,29.4,8.4
10635,0.4479,0,NORMAL,19.5,8.6,29.1,7.9
10636,0.9984,0,WARNING,19.1,7.8,28.3,6.1
10637,0.4349,0,NORMAL,19.3,9.6,30.9,8.3
10638,0.4384,0,NORMAL,19.4,8.6,29.1,7.9
10639,0.9984,0,WARNING,19.5,9.3,30.1,6.5
10640,0.9984,0,WARNING,18.9,8.0,29.0,5.8
10641,0.9891,0,WARNING,19.3,9.3,29.3,7.4
10642,0.9984,0,WARNING,19.6,9.3,31.5,7.4
10643,0.4902,0,NORMAL,20.0,9.1,30.5,8.2
10644,0.6178,0,WARNING,20.0,10.5,30.7,8.8
10645,0.4408,0,NORMAL,19.5,9.6,30.6,8.9
10646,0.9984,0,WARNING,20.1,8.9,26.3,5.5
10647,0.9891,0,WARNING,19.3,7.8,28.8,7.1
10648,0.9984,0,WARNING,19.5,11.2,32.8,7.1
10649,0.9984,0,WARNING,18.7,7.3,25.4,5.2
10650,0.6778,0,WARNING,18.6,8.3,27.8,7.3
10651,0.4268,0,NORMAL,19.0,8.6,28.0,7.5
10652,0.9892,0,WARNING,18.6,7.5,29.0,7.3
10653,0.9983,0,WARNING,18.8,8.5,29.6,6.6
10654,0.9983,0,WARNING,19.3,8.9,29.4,7.1
10655,0.7065,0,WARNING,19.0,9.5,32.4,8.9
10656,0.9984,0,WARNING,18.9,8.9,29.0,6.3
10657,0.4368,0,NORMAL,18.5,8.2,29.0,8.3
10658,0.4341,0,NORMAL,18.6,9.0,31.8,8.8
10659,0.4394,0,NORMAL,18.5,8.6,29.7,8.0
10660,0.9984,0,WARNING,18.8,8.5,29.1,6.4
10661,0.682,0,WARNING,18.6,8.9,29.1,7.9
10662,0.9891,0,WARNING,18.5,8.4,30.3,7.7
10663,0.5581,0,NORMAL,18.7,9.9,31.2,8.3
10664,0.3107,0,NORMAL,18.8,9.3,32.3,8.8
10665,0.9984,0,WARNING,18.3,9.1,31.3,7.1
10666,0.9984,0,WARNING,18.6,8.6,30.6,6.5
10667,0.9984,0,WARNING,18.5,8.5,30.8,6.9
10668,0.989,0,WARNING,18.5,9.2,31.3,8.0
10669,0.4425,0,NORMAL,18.2,8.4,29.3,7.9
10670,0.9891,0,WARNING,18.5,8.9,31.5,8.1
10671,0.441,0,NORMAL,18.5,8.9,30.4,8.1
10672,0.9744,0,WARNING,18.5,9.1,30.9,7.5
10673,0.9984,0,WARNING,18.4,8.7,32.2,7.5
10674,0.4442,0,NORMAL,18.2,8.9,31.2,8.5
10675,0.4433,0,NORMAL,18.3,8.6,28.3,8.1
10676,0.9984,0,WARNING,18.4,9.4,31.9,7.4
10677,0.9984,0,WARNING,18.3,9.3,31.6,7.4
10678,0.9984,0,WARNING,18.4,9.2,31.1,7.0
10679,0.4428,0,NORMAL,18.8,8.5,29.2,7.7
10680,0.9984,0,WARNING,18.1,8.8,31.3,7.0
10681,0.9984,0,WARNING,17.9,7.8,28.3,6.2
10682,0.6294,0,WARNING,18.2,8.6,30.8,8.9
10683,0.9984,0,WARNING,18.7,8.0,28.8,6.3
10684,0.9983,0,WARNING,18.7,8.5,30.2,6.8
10685,0.5931,0,NORMAL,18.1,8.5,26.9,7.7
10686,0.9983,0,WARNING,18.0,8.7,31.4,7.2
10687,0.3073,0,NORMAL,18.8,8.4,30.6,8.3
10688,0.9891,0,WARNING,20.2,12.3,29.8,7.9
10689,1.0,0,ANOMALY,24.6,20.6,43.4,22.0
10690,0.9992,0,WARNING,23.0,12.0,39.9,12.3
10691,1.0,0,ANOMALY,21.9,9.8,34.0,14.2
10692,1.0,0,ANOMALY,21.5,14.7,38.9,13.5
10693,0.9985,0,WARNING,18.6,8.6,30.5,7.0
10694,0.9886,0,WARNING,18.3,8.2,29.5,7.4
10695,0.6214,0,WARNING,18.6,9.4,30.5,8.2
10696,0.9984,0,WARNING,18.6,9.0,31.3,7.1
10697,0.9743,0,WARNING,18.9,8.4,29.8,7.3
10698,0.4398,0,NORMAL,19.4,8.0,28.6,7.6
10699,0.9984,0,WARNING,18.9,7.8,30.0,6.8
10700,0.9983,0,WARNING,18.8,8.2,29.9,6.1
10701,0.9983,0,WARNING,18.8,8.3,29.7,6.7
10702,0.9891,0,WARNING,18.6,7.8,27.5,6.7
10703,0.9983,0,WARNING,18.9,8.5,29.9,6.7
10704,0.9892,0,WARNING,18.6,7.9,29.7,7.4
10705,0.9983,0,WARNING,18.7,8.5,30.8,7.1
10706,0.9983,0,WARNING,18.7,8.4,29.9,6.2
10707,0.1572,0,NORMAL,18.7,8.3,30.0,8.1
10708,0.9984,0,WARNING,18.9,8.5,30.1,7.4
10709,0.9983,0,WARNING,18.7,8.1,29.5,6.6
10710,0.2561,0,NORMAL,18.5,8.5,29.7,8.1
10711,0.9984,0,WARNING,19.1,8.1,29.5,5.9
10712,0.9983,0,WARNING,18.7,8.2,29.6,6.5
10713,0.235,0,NORMAL,19.0,8.6,30.1,8.7
10714,0.9984,0,WARNING,19.4,8.2,30.2,6.9
10715,0.9983,0,WARNING,19.0,8.3,30.0,6.8
10716,0.9983,0,WARNING,18.9,8.1,29.3,6.6
10717,0.4323,0,NORMAL,18.7,7.7,28.6,7.6
10718,0.2146,0,NORMAL,19.4,8.0,29.9,8.1
10719,0.9984,0,WARNING,19.4,8.3,31.0,7.0
10720,0.3063,0,NORMAL,19.7,8.3,29.6,7.9
10721,0.4595,0,NORMAL,19.2,8.7,29.7,8.5
10722,0.2554,0,NORMAL,18.8,8.0,30.6,8.4
10723,0.1729,0,NORMAL,18.9,8.4,30.3,8.3
10724,0.9984,0,WARNING,18.8,8.2,29.5,6.1
10725,0.1783,0,NORMAL,18.7,7.9,30.8,8.9
10726,0.1992,0,NORMAL,18.6,7.9,29.0,7.9
10727,0.3062,0,NORMAL,18.9,8.6,31.0,8.4
10728,0.307,0,NORMAL,19.0,8.2,29.8,7.9
10729,0.9984,0,WARNING,18.8,8.4,31.5,7.3
10730,0.9891,0,WARNING,18.8,7.9,28.8,7.3
10731,0.9984,0,WARNING,18.7,7.9,31.1,6.7
10732,0.9891,0,WARNING,18.9,8.2,30.0,7.7
10733,0.9984,0,WARNING,19.0,8.1,30.4,6.9
10734,0.9891,0,WARNING,18.7,7.8,30.8,7.9
10735,0.9984,0,WARNING,17.9,6.1,27.6,6.0
10736,0.9983,0,WARNING,18.5,8.2,30.6,6.8
10737,0.9983,0,WARNING,18.3,8.0,32.1,7.5
10738,0.9984,0,WARNING,18.4,6.4,26.8,5.4
10739,0.9983,0,WARNING,18.4,7.6,31.4,7.3
10740,0.9891,0,WARNING,17.4,5.6,25.5,6.3
10741,0.9983,0,WARNING,18.4,8.4,30.4,6.3
10742,0.9892,0,WARNING,18.4,8.0,31.2,7.4
10743,0.9983,0,WARNING,17.7,5.9,24.2,4.6
10744,0.9893,0,WARNING,18.1,7.9,30.7,7.8
10745,0.2736,0,NORMAL,17.5,6.3,27.4,7.5
10746,0.9983,0,WARNING,18.2,7.9,29.5,6.5
10747,0.9983,0,WARNING,19.0,7.8,31.2,7.2
10748,0.9983,0,WARNING,20.7,10.1,31.6,8.5
10749,1.0,0,ANOMALY,24.0,16.3,40.3,21.3
10750,0.9984,0,WARNING,21.5,11.9,39.4,11.4
10751,1.0,0,ANOMALY,20.5,9.0,32.5,15.8
10752,1.0,0,ANOMALY,20.4,9.9,45.9,18.3
10753,0.9985,0,WARNING,18.4,7.3,30.7,6.5
10754,0.9984,0,WARNING,18.2,7.8,30.9,6.6
10755,0.9984,0,WARNING,18.2,7.9,31.7,7.5
10756,0.9984,0,WARNING,18.3,7.7,32.1,7.5
10757,0.2321,0,NORMAL,18.1,7.5,30.5,8.4
10758,0.3316,0,NORMAL,18.4,8.0,30.8,8.3
10759,0.989,0,WARNING,18.0,7.6,31.5,8.1
10760,0.9984,0,WARNING,18.0,7.5,31.5,6.8
10761,0.9984,0,WARNING,18.1,7.8,31.0,6.7
10762,0.1898,0,NORMAL,17.8,7.4,30.2,8.3
10763,0.1639,0,NORMAL,17.7,7.2,30.1,8.2
10764,0.9742,0,WARNING,17.4,7.2,35.8,9.4
10765,0.2874,0,NORMAL,17.6,7.2,32.9,9.2
10766,0.9984,0,WARNING,17.6,7.6,32.9,7.7
10767,0.9984,0,WARNING,18.0,7.1,32.7,7.2
10768,0.2972,0,NORMAL,18.1,7.3,33.4,9.4
10769,0.9984,0,WARNING,17.6,7.0,31.0,6.6
10770,0.989,0,WARNING,17.1,7.2,31.6,8.2
10771,0.989,0,WARNING,17.0,7.3,31.4,8.3
10772,0.9891,0,WARNING,16.8,7.3,30.5,7.8
10773,0.9891,0,WARNING,16.8,7.0,30.8,7.9
10774,0.9891,0,WARNING,16.9,6.7,30.1,7.0
10775,0.2093,0,NORMAL,17.1,6.8,30.0,8.1
10776,0.9983,0,WARNING,16.7,5.7,25.2,4.7
10777,0.9893,0,WARNING,15.6,1.0,16.0,3.3
10778,0.9982,0,WARNING,15.4,1.0,16.1,2.0
10779,0.9899,0,WARNING,15.4,0.8,15.9,3.4
10780,0.9901,0,WARNING,15.3,0.8,16.2,3.4
10781,0.9901,0,WARNING,15.2,1.0,15.9,3.3
10782,0.9902,0,WARNING,15.1,0.9,15.9,3.2
10783,0.9982,0,WARNING,15.1,0.7,16.0,1.9
10784,0.792,0,WARNING,15.1,0.9,15.8,3.8
10785,0.9981,0,WARNING,15.0,0.8,15.9,1.9
10786,0.9981,0,WARNING,18.3,10.7,30.4,5.9
10787,0.9982,0,WARNING,18.4,12.5,35.3,7.4
10788,0.9983,0,WARNING,17.7,10.5,32.8,7.2
10789,0.1904,0,NORMAL,16.8,6.9,31.2,8.7
10790,0.9984,0,WARNING,16.8,7.2,30.8,6.5
10791,0.9984,0,WARNING,17.0,7.7,31.9,6.8
10792,0.9984,0,WARNING,16.9,7.2,31.4,7.3
10793,0.9983,0,WARNING,16.4,5.4,25.8,4.9
10794,0.9893,0,WARNING,16.5,5.6,26.6,6.7
10795,0.9983,0,WARNING,17.2,7.4,31.0,7.2
10796,0.9892,0,WARNING,17.0,6.7,30.3,7.9
10797,0.9892,0,WARNING,17.1,7.2,31.3,8.2
10798,0.9984,0,WARNING,17.1,7.1,32.2,7.1
10799,0.9984,0,WARNING,17.2,6.2,28.5,5.9
10800,0.9892,0,WARNING,16.9,6.4,30.5,7.9
10801,0.9983,0,WARNING,17.1,6.9,30.4,7.1
10802,0.9892,0,WARNING,17.0,6.9,31.1,8.1
10803,0.9891,0,WARNING,17.2,7.2,32.2,8.6
10804,0.9984,0,WARNING,17.6,6.9,31.0,7.4
10805,0.9984,0,WARNING,17.5,6.7,31.2,6.9
10806,0.9983,0,WARNING,17.3,5.2,25.6,4.7
10807,0.9893,0,WARNING,18.4,6.6,30.4,7.7
10808,0.6342,0,WARNING,19.9,8.7,31.8,10.2
10809,1.0,0,ANOMALY,21.9,5.5,28.4,11.9
10810,1.0,0,ANOMALY,23.4,15.7,45.4,16.5
10811,0.9984,0,WARNING,20.3,7.8,32.8,8.8
10812,0.9887,0,WARNING,18.1,6.6,30.0,7.9
10813,0.9984,0,WARNING,17.7,4.8,25.1,4.8
10814,0.9983,0,WARNING,17.9,6.8,30.3,6.5
10815,0.9983,0,WARNING,18.0,6.4,29.8,6.8
10816,0.9892,0,WARNING,18.3,6.4,30.1,8.0
10817,0.9983,0,WARNING,18.0,6.4,29.9,6.5
10818,0.2464,0,NORMAL,17.9,6.5,30.1,8.4
10819,0.2174,0,NORMAL,17.8,6.7,30.6,8.5
10820,0.9892,0,WARNING,18.4,6.2,28.6,7.3
10821,0.9892,0,WARNING,18.2,6.5,30.8,8.2
10822,0.9892,0,WARNING,18.1,6.4,30.1,7.7
10823,0.9984,0,WARNING,18.1,6.6,30.5,6.5
10824,0.2883,0,NORMAL,18.5,6.4,30.7,8.7
10825,0.2375,0,NORMAL,18.2,6.1,29.1,8.1
10826,0.9983,0,WARNING,18.1,6.3,30.5,7.2
10827,0.2554,0,NORMAL,18.1,6.0,28.9,8.0
10828,0.9983,0,WARNING,17.8,6.1,29.7,7.1
10829,0.9892,0,WARNING,18.0,6.4,30.2,7.8
10830,0.9892,0,WARNING,17.3,6.4,30.6,8.1
10831,0.9892,0,WARNING,17.2,6.4,30.2,7.9
10832,0.9983,0,WARNING,17.2,6.1,30.2,7.1
10833,0.9983,0,WARNING,17.6,6.0,29.4,6.4
10834,0.9892,0,WARNING,17.3,5.8,29.3,7.7
10835,0.2329,0,NORMAL,17.6,6.2,29.9,8.5
10836,0.9983,0,WARNING,17.4,6.0,29.7,7.1
10837,0.9892,0,WARNING,17.3,5.9,29.3,7.6
10838,0.2934,0,NORMAL,17.2,5.6,29.8,8.3
10839,0.2152,0,NORMAL,16.9,5.0,29.0,8.0
10840,0.9983,0,WARNING,16.6,3.6,22.3,4.0
10841,0.9895,0,WARNING,16.4,3.8,22.2,5.3
10842,0.9896,0,WARNING,16.3,3.5,22.3,5.3
10843,0.9983,0,WARNING,16.3,3.2,22.1,4.4
10844,0.2244,0,NORMAL,16.2,3.6,22.2,5.8
10845,0.9982,0,WARNING,16.2,3.7,22.3,3.9
10846,0.9982,0,WARNING,16.1,3.3,22.0,3.7
10847,0.9982,0,WARNING,16.0,3.4,22.3,4.4
10848,0.9982,0,WARNING,16.0,3.5,22.2,4.4
10849,0.9982,0,WARNING,15.9,3.4,22.1,4.0
10850,0.9982,0,WARNING,15.8,3.2,21.9,4.3
10851,0.9899,0,WARNING,15.9,3.6,22.0,5.3
10852,0.9899,0,WARNING,15.9,3.4,21.7,5.1
10853,0.9982,0,WARNING,15.9,2.9,21.6,3.6
10854,0.9899,0,WARNING,15.8,3.1,21.7,5.1
10855,0.9982,0,WARNING,15.8,3.3,22.0,4.3
10856,0.265,0,NORMAL,15.8,3.3,21.9,5.8
10857,0.2621,0,NORMAL,15.7,3.0,21.7,5.7
10858,0.9982,0,WARNING,15.7,3.4,21.7,3.8
10859,0.9982,0,WARNING,15.6,3.4,21.8,3.7
10860,0.9899,0,WARNING,15.5,3.3,21.8,5.2
10861,0.9899,0,WARNING,15.5,3.5,21.9,5.1
10862,0.9899,0,WARNING,15.5,3.0,21.7,5.1
10863,0.9899,0,WARNING,15.3,2.4,19.0,4.1
10864,0.9982,0,WARNING,14.9,0.8,15.1,1.7
10865,0.9901,0,WARNING,14.9,0.6,15.1,3.1
10866,0.9982,0,WARNING,14.8,0.7,15.0,1.7
10867,0.7917,0,WARNING,15.4,0.8,15.3,3.6
10868,0.9903,0,WARNING,16.0,6.8,15.3,3.0
10869,0.9982,0,WARNING,15.7,0.7,15.2,1.6
10870,0.9981,0,WARNING,15.7,0.7,15.2,1.6
10871,0.9981,0,WARNING,15.9,1.0,15.3,2.2
10872,0.9903,0,WARNING,16.1,0.9,15.3,3.1
10873,0.9981,0,WARNING,16.3,0.8,15.5,1.6
10874,0.9903,0,WARNING,16.4,0.8,15.5,3.0
10875,0.9981,0,WARNING,16.6,0.7,15.9,1.8
10876,0.9903,0,WARNING,16.5,0.8,15.4,2.8
10877,0.9981,0,WARNING,16.7,0.9,16.1,1.7
10878,0.9981,0,WARNING,17.3,2.0,17.3,2.2
10879,0.9981,0,WARNING,19.0,5.2,25.1,5.0
10880,1.0,0,ANOMALY,21.3,13.3,41.0,13.8
10881,0.9983,0,WARNING,19.0,4.6,25.7,4.8
10882,0.9983,0,WARNING,17.8,4.5,19.0,4.5
10883,0.9983,0,WARNING,15.2,0.5,14.9,1.7
10884,0.9982,0,WARNING,15.1,0.7,14.9,1.5
10885,0.3573,0,NORMAL,15.8,2.6,20.2,5.0
10886,0.9901,0,WARNING,16.9,5.9,26.7,5.9
10887,0.9982,0,WARNING,16.6,5.7,29.3,6.3
10888,0.2139,0,NORMAL,16.6,6.4,29.7,7.9
10889,0.9896,0,WARNING,16.2,5.0,25.5,6.0
10890,0.3231,0,NORMAL,17.4,7.4,32.0,8.7
10891,0.3355,0,NORMAL,16.5,5.2,28.8,8.2
10892,0.6089,0,WARNING,16.4,5.6,30.1,8.6
10893,0.9983,0,WARNING,16.2,5.5,30.7,7.4
10894,0.9983,0,WARNING,16.3,5.5,30.0,7.2
10895,0.3222,0,NORMAL,16.2,5.3,29.4,8.4
10896,0.9983,0,WARNING,16.3,5.4,30.4,7.5
10897,0.6028,0,WARNING,16.5,5.3,29.5,8.5
10898,0.9983,0,WARNING,16.3,5.0,29.1,6.9
10899,0.9983,0,WARNING,15.8,2.5,20.8,3.4
10900,0.9983,0,WARNING,15.7,2.6,20.8,3.4
10901,0.9898,0,WARNING,15.6,2.6,20.5,4.7
10902,0.9982,0,WARNING,15.6,2.7,20.6,3.4
10903,0.9899,0,WARNING,15.7,2.6,20.7,4.8
10904,0.9982,0,WARNING,16.0,2.6,20.5,3.9
10905,0.9982,0,WARNING,16.5,2.5,20.4,3.3
10906,0.9982,0,WARNING,16.6,2.7,20.6,3.5
10907,0.3007,0,NORMAL,16.9,2.4,20.7,5.3
10908,0.9982,0,WARNING,17.0,2.5,20.7,3.8
10909,0.9982,0,WARNING,17.2,2.4,20.5,3.3
10910,0.9899,0,WARNING,17.3,2.4,20.5,4.7
10911,0.9982,0,WARNING,17.2,2.6,20.3,3.3
10912,0.9899,0,WARNING,17.4,2.4,20.5,4.7
10913,0.9982,0,WARNING,17.0,2.5,20.4,3.4
10914,0.3005,0,NORMAL,17.3,2.5,20.6,5.3
10915,0.9899,0,WARNING,17.0,2.6,20.6,4.8
10916,0.9982,0,WARNING,16.9,2.5,20.5,3.8
10917,0.9899,0,WARNING,16.6,2.5,20.3,4.6
10918,0.2957,0,NORMAL,16.4,2.4,20.5,5.3
10919,0.99,0,WARNING,16.5,2.4,20.4,4.7
10920,0.9982,0,WARNING,16.4,2.5,20.3,3.8
10921,0.9982,0,WARNING,17.1,2.7,20.1,3.3
10922,0.99,0,WARNING,16.9,2.4,20.3,4.8
10923,0.9982,0,WARNING,16.9,2.5,20.3,3.3
10924,0.9982,0,WARNING,16.8,2.6,20.1,3.2
10925,0.9982,0,WARNING,16.6,2.3,19.9,3.6
10926,0.9982,0,WARNING,16.5,2.5,19.9,3.6
10927,0.99,0,WARNING,17.3,2.4,20.1,4.6
10928,0.99,0,WARNING,18.8,3.3,20.9,6.0
10929,1.0,0,WARNING,22.7,10.0,37.5,13.3
10930,1.0,0,WARNING,19.8,3.0,21.7,8.9
10931,0.9966,0,WARNING,17.7,7.9,20.4,4.8
10932,0.9896,0,WARNING,16.2,2.3,19.8,4.5
10933,0.9983,0,WARNING,16.0,1.6,16.6,2.9
10934,0.9963,0,WARNING,17.2,7.6,20.4,4.9
10935,0.9898,0,WARNING,16.0,2.0,19.5,4.6
10936,0.9899,0,WARNING,15.7,2.2,19.6,4.4
10937,0.9982,0,WARNING,15.7,2.2,19.7,3.7
10938,0.99,0,WARNING,15.4,2.0,19.4,4.4
10939,0.99,0,WARNING,15.3,2.2,19.5,4.5
10940,0.9982,0,WARNING,15.3,2.2,19.6,3.0
10941,0.9982,0,WARNING,15.3,2.4,19.6,2.9
10942,0.99,0,WARNING,15.2,2.3,19.4,4.4
10943,0.9982,0,WARNING,15.3,2.1,19.3,3.0
10944,0.9901,0,WARNING,15.2,2.2,19.2,3.6
10945,0.6406,0,WARNING,15.3,1.9,18.1,4.3
10946,0.9982,0,WARNING,15.8,8.6,16.5,3.6
10947,1.0,0,WARNING,17.1,10.9,20.3,4.8
10948,0.9983,0,WARNING,15.2,2.1,19.4,3.0
10949,0.2662,0,NORMAL,15.1,2.1,19.7,5.0
10950,0.9982,0,WARNING,15.1,2.2,19.7,3.2
10951,0.9982,0,WARNING,15.1,2.5,19.4,3.6
10952,0.9982,0,WARNING,15.1,2.4,19.6,3.7
10953,0.9982,0,WARNING,15.0,2.5,19.7,3.2
10954,0.99,0,WARNING,15.1,2.3,19.7,3.8
10955,0.3587,0,NORMAL,15.2,2.0,19.5,4.9
10956,0.99,0,WARNING,15.1,2.2,19.6,4.3
10957,0.3203,0,NORMAL,15.0,2.1,19.5,4.9
10958,0.9982,0,WARNING,15.0,2.3,19.6,3.1
10959,0.9901,0,WARNING,15.1,2.1,19.4,4.4
10960,0.3223,0,NORMAL,15.1,2.0,19.5,5.0
10961,0.9901,0,WARNING,15.3,2.3,19.4,4.5
10962,0.3235,0,NORMAL,15.1,2.3,19.2,4.9
10963,0.9901,0,WARNING,15.1,2.0,19.5,4.4
10964,0.9901,0,WARNING,15.0,2.1,19.5,4.3
10965,0.9982,0,WARNING,15.0,2.2,19.5,3.6
10966,0.9982,0,WARNING,15.0,2.2,19.5,3.6
10967,0.9982,0,WARNING,15.0,2.2,19.6,3.6
10968,0.9982,0,WARNING,15.0,2.1,19.5,3.1
10969,0.9982,0,WARNING,15.0,2.2,19.6,2.9
10970,0.9901,0,WARNING,15.0,2.1,19.6,4.5
10971,0.9982,0,WARNING,15.0,2.1,19.2,2.8
10972,0.9982,0,WARNING,14.9,2.2,19.3,2.9
10973,0.9901,0,WARNING,14.9,2.1,19.2,4.4
10974,0.3608,0,NORMAL,14.9,1.9,19.2,4.7
10975,0.331,0,NORMAL,14.9,2.1,19.2,4.9
10976,0.9901,0,WARNING,14.9,1.9,19.2,4.3
10977,0.3327,0,NORMAL,14.9,2.0,19.3,4.9
10978,0.9901,0,WARNING,14.9,2.1,19.1,4.3
10979,0.9901,0,WARNING,14.9,2.0,19.2,4.2
10980,0.9982,0,WARNING,15.0,2.1,19.1,2.8
10981,0.9901,0,WARNING,15.0,2.2,19.3,4.4
10982,0.9901,0,WARNING,15.0,2.1,19.0,4.3
10983,0.9901,0,WARNING,14.9,1.9,19.0,4.3
10984,0.9982,0,WARNING,14.9,2.1,19.0,3.0
10985,0.9901,0,WARNING,14.8,1.9,18.3,3.9
10986,0.9982,0,WARNING,15.0,2.2,19.9,3.1
10987,0.9982,0,WARNING,15.6,2.1,19.3,2.8
10988,0.9901,0,WARNING,16.8,3.1,19.9,5.0
10989,0.9732,0,WARNING,19.4,7.3,29.5,8.8
10990,0.6359,0,WARNING,17.4,3.2,25.5,7.0
10991,0.9785,0,WARNING,16.4,3.6,22.9,8.2
10992,0.9983,0,WARNING,15.3,2.1,19.2,3.4
10993,0.2718,0,NORMAL,15.2,2.1,19.1,4.8
10994,0.99,0,WARNING,15.1,1.9,19.0,4.2
10995,0.99,0,WARNING,15.1,1.9,19.0,3.5
10996,0.9982,0,WARNING,15.0,2.0,19.1,2.9
10997,0.3307,0,NORMAL,15.0,1.8,19.1,4.9
10998,0.9901,0,WARNING,15.0,2.0,19.1,4.3
10999,0.3374,0,NORMAL,15.0,2.0,19.1,4.8
11000,0.9901,0,WARNING,15.0,2.2,19.1,4.3
11001,0.3335,0,NORMAL,15.0,2.1,19.0,4.8
11002,0.9901,0,WARNING,15.0,2.0,19.0,4.2
11003,0.9901,0,WARNING,14.9,1.9,19.0,4.2
11004,0.9901,0,WARNING,14.9,2.1,19.0,4.1
11005,0.9901,0,WARNING,14.9,1.9,19.0,4.3
11006,0.9982,0,WARNING,14.9,2.0,19.0,3.4
11007,0.9982,0,WARNING,15.1,2.0,18.9,3.4
11008,0.9982,0,WARNING,15.4,1.9,19.2,3.4
11009,0.9982,0,WARNING,15.9,1.9,19.1,3.0
11010,0.9901,0,WARNING,16.2,2.1,19.1,4.3
11011,0.9982,0,WARNING,16.4,2.1,19.1,2.8
11012,0.99,0,WARNING,16.6,2.1,19.1,4.3
11013,0.9982,0,WARNING,16.5,1.7,18.2,2.5
11014,0.9901,0,WARNING,16.0,1.5,17.0,3.6
11015,0.9982,0,WARNING,15.7,1.4,16.5,1.9
11016,0.9982,0,WARNING,16.4,3.5,25.2,5.6
11017,0.3675,0,NORMAL,16.2,1.9,18.9,4.7
11018,0.9982,0,WARNING,16.6,2.1,19.2,2.9
11019,0.9982,0,WARNING,16.4,2.1,19.2,2.8
11020,0.9982,0,WARNING,16.3,2.0,19.0,2.8
11021,0.99,0,WARNING,16.2,2.1,19.3,4.4
11022,0.99,0,WARNING,16.2,2.1,19.1,4.2
11023,0.99,0,WARNING,16.2,2.0,19.2,4.4
11024,0.9901,0,WARNING,16.2,2.2,19.1,4.3
11025,0.9982,0,WARNING,16.1,1.8,18.9,3.3
11026,0.3238,0,NORMAL,16.0,2.1,19.2,4.7
11027,0.9901,0,WARNING,15.9,1.9,19.2,4.2
11028,0.9982,0,WARNING,15.9,2.0,19.2,3.0
11029,0.9901,0,WARNING,15.7,2.0,19.4,4.4
11030,0.9982,0,WARNING,15.7,2.0,19.7,3.6
11031,0.9901,0,WARNING,15.6,2.1,19.5,4.4
11032,0.9901,0,WARNING,15.6,2.0,19.5,4.5
11033,0.9901,0,WARNING,15.7,2.1,19.7,4.4
11034,0.3618,0,NORMAL,15.7,2.0,19.4,4.6
11035,0.9982,0,WARNING,15.7,2.0,19.7,3.0
11036,0.9982,0,WARNING,15.6,2.1,19.8,3.7
11037,0.9982,0,WARNING,15.6,2.1,19.7,3.1
11038,0.9982,0,WARNING,15.5,2.1,19.5,3.6
11039,0.9901,0,WARNING,15.5,1.9,19.3,3.6
11040,0.9901,0,WARNING,15.5,2.2,19.5,4.4
11041,0.9982,0,WARNING,15.4,2.1,19.6,3.5
11042,0.9982,0,WARNING,15.4,2.0,19.3,2.8
11043,0.9901,0,WARNING,15.3,1.9,19.4,4.2
11044,0.9901,0,WARNING,15.2,2.1,19.5,3.8
11045,0.329,0,NORMAL,15.2,2.2,19.5,5.0
11046,0.3228,0,NORMAL,15.2,2.2,19.6,5.0
11047,0.9901,0,WARNING,15.9,2.2,19.9,4.5
11048,0.3217,0,NORMAL,17.3,3.4,20.6,6.5
11049,0.9733,0,WARNING,20.0,4.8,30.8,8.2
11050,0.9983,0,WARNING,18.1,5.5,25.7,5.3
11051,0.9879,0,WARNING,16.8,3.7,23.6,8.4
11052,0.9983,0,WARNING,15.6,2.1,19.5,3.1
11053,0.9982,0,WARNING,15.5,1.9,18.6,2.6
11054,0.99,0,WARNING,15.6,2.4,20.9,4.8
11055,0.2956,0,NORMAL,15.5,2.1,20.1,5.1
11056,0.973,0,WARNING,15.5,2.2,19.8,4.3
11057,0.9982,0,WARNING,15.4,2.2,19.6,3.0
11058,0.99,0,WARNING,15.3,2.2,19.6,4.3
11059,0.9901,0,WARNING,15.4,2.2,19.6,4.5
11060,0.9901,0,WARNING,15.2,2.2,19.5,4.4
11061,0.3255,0,NORMAL,15.6,2.5,19.7,5.0
11062,0.9982,0,WARNING,15.4,2.2,19.6,3.6
11063,0.3488,0,NORMAL,15.3,2.2,19.5,4.9
11064,0.9901,0,WARNING,15.4,2.1,19.5,4.5
11065,0.3188,0,NORMAL,15.3,2.1,19.5,4.8
11066,0.9901,0,WARNING,15.2,2.2,19.7,4.3
11067,0.9982,0,WARNING,15.2,2.3,19.6,3.1
11068,0.9982,0,WARNING,15.4,2.2,19.8,3.2
11069,0.3231,0,NORMAL,15.2,2.3,19.7,5.0
11070,0.9901,0,WARNING,15.2,2.2,19.8,4.5
11071,0.3209,0,NORMAL,15.3,2.5,20.0,5.1
11072,0.9982,0,WARNING,15.2,2.3,19.6,3.1
11073,0.9982,0,WARNING,15.3,2.2,19.9,3.0
11074,0.99,0,WARNING,15.2,2.3,20.1,4.5
11075,0.9982,0,WARNING,15.2,2.3,20.3,3.3
11076,0.99,0,WARNING,15.2,2.4,20.2,4.6
11077,0.9982,0,WARNING,15.3,2.3,20.0,3.7
11078,0.9982,0,WARNING,15.2,2.4,20.1,3.8
11079,0.9982,0,WARNING,15.2,2.5,20.3,3.8
11080,0.9982,0,WARNING,15.1,2.3,20.2,3.2
11081,0.9982,0,WARNING,15.2,2.5,20.2,3.1
11082,0.9982,0,WARNING,15.0,2.0,19.7,3.1
11083,0.9982,0,WARNING,14.9,1.8,19.2,3.2
11084,0.9982,0,WARNING,14.9,1.9,19.5,3.2
11085,0.9982,0,WARNING,14.9,1.9,19.3,3.2
11086,0.99,0,WARNING,14.9,2.0,19.3,4.5
11087,0.3633,0,NORMAL,14.9,1.9,19.3,5.0
11088,0.3453,0,NORMAL,14.9,1.8,19.2,5.0
11089,0.9982,0,WARNING,14.8,1.8,19.2,3.5
11090,0.9901,0,WARNING,14.9,2.1,19.5,4.5
11091,0.3323,0,NORMAL,15.7,4.5,23.1,5.5
11092,0.9982,0,WARNING,15.7,4.9,23.7,3.5
11093,0.2613,0,NORMAL,15.7,4.2,23.9,5.5
11094,0.3753,0,NORMAL,15.2,2.8,20.7,5.2
11095,0.2622,0,NORMAL,15.2,2.7,20.9,5.4
11096,0.2681,0,NORMAL,15.2,2.7,20.9,5.4
11097,0.9982,0,WARNING,15.1,2.7,20.9,3.3
11098,0.99,0,WARNING,15.2,2.8,20.7,4.8
11099,0.2936,0,NORMAL,15.1,2.5,20.8,5.3
11100,0.99,0,WARNING,15.1,2.8,21.1,5.0
11101,0.9982,0,WARNING,15.1,3.0,21.1,3.6
11102,0.9982,0,WARNING,15.1,2.9,21.0,4.0
11103,0.9982,0,WARNING,15.2,2.8,20.9,4.0
11104,0.99,0,WARNING,15.2,2.8,20.9,4.7
11105,0.9982,0,WARNING,15.2,2.9,21.1,3.4
11106,0.2946,0,NORMAL,15.2,2.8,21.0,5.4
11107,0.291,0,NORMAL,16.0,3.0,21.7,5.6
11108,0.9982,0,WARNING,17.1,3.9,22.0,5.6
11109,0.8368,0,WARNING,19.5,7.4,31.3,9.6
11110,0.9996,0,WARNING,19.4,5.8,32.9,13.4
11111,0.9894,0,WARNING,16.5,3.9,22.3,5.6
11112,0.9896,0,WARNING,15.7,3.2,21.6,5.0
11113,0.9983,0,WARNING,15.8,2.4,19.0,3.1
11114,0.9982,0,WARNING,16.5,3.7,24.3,4.6
11115,0.9982,0,WARNING,16.9,3.3,21.8,4.3
11116,0.9982,0,WARNING,16.6,3.2,21.9,4.3
11117,0.9982,0,WARNING,16.6,3.1,22.0,4.4
11118,0.9982,0,WARNING,16.8,3.3,21.7,4.3
11119,0.9898,0,WARNING,17.0,3.3,22.0,5.3
11120,0.9982,0,WARNING,17.1,2.9,21.6,3.6
11121,0.9898,0,WARNING,17.3,3.5,22.1,5.2
11122,0.9898,0,WARNING,17.4,3.5,22.4,5.3
11123,0.2562,0,NORMAL,17.2,3.3,22.2,5.8
11124,0.9982,0,WARNING,17.1,3.2,22.3,4.5
11125,0.9898,0,WARNING,17.3,3.5,22.3,5.3
11126,0.9982,0,WARNING,17.1,3.4,22.2,4.0
11127,0.9982,0,WARNING,17.2,3.5,22.3,4.0
11128,0.3575,0,NORMAL,17.0,3.4,22.6,5.8
11129,0.2732,0,NORMAL,17.0,3.5,22.3,5.8
11130,0.239,0,NORMAL,17.0,3.7,22.8,6.0
11131,0.9983,0,WARNING,17.2,3.8,22.4,3.9
11132,0.9898,0,WARNING,17.5,3.4,22.7,5.5
11133,0.9982,0,WARNING,17.5,3.4,22.8,4.6
11134,0.9898,0,WARNING,17.2,3.6,22.8,5.4
11135,0.2331,0,NORMAL,17.6,3.7,22.9,6.0
11136,0.9897,0,WARNING,17.8,3.5,23.0,5.4
11137,0.9983,0,WARNING,17.5,3.4,21.8,3.5
11138,0.9898,0,WARNING,17.5,4.0,24.1,5.9
11139,0.2253,0,NORMAL,17.3,3.9,23.3,6.2
11140,0.9983,0,WARNING,17.0,3.7,23.1,4.6
11141,0.9983,0,WARNING,17.0,4.0,23.0,4.1
11142,0.9982,0,WARNING,16.9,4.0,23.2,4.3
11143,0.9982,0,WARNING,17.0,3.8,23.5,4.8
11144,0.9897,0,WARNING,16.9,3.9,23.6,5.6
11145,0.9983,0,WARNING,17.0,4.2,23.6,4.7
11146,0.3899,0,NORMAL,16.7,4.0,23.2,6.0
11147,0.9983,0,WARNING,16.6,3.9,23.8,4.9
11148,0.9983,0,WARNING,16.7,4.1,23.5,4.8
11149,0.9897,0,WARNING,17.0,4.3,24.1,5.9
11150,0.9983,0,WARNING,16.9,4.0,24.2,5.0
11151,0.9983,0,WARNING,16.9,4.3,23.5,4.1
11152,0.9983,0,WARNING,16.9,4.3,23.9,4.3
11153,0.9897,0,WARNING,17.0,4.3,23.8,5.6
11154,0.9897,0,WARNING,16.8,4.1,24.0,5.9
11155,0.2044,0,NORMAL,17.0,4.5,24.1,6.4
11156,0.9983,0,WARNING,17.4,4.4,24.0,5.0
11157,0.1874,0,NORMAL,17.2,4.7,24.7,6.6
11158,0.3954,0,NORMAL,16.9,4.3,24.1,6.3
11159,0.9897,0,WARNING,17.0,4.3,24.5,5.9
11160,0.9897,0,WARNING,16.9,4.8,24.6,5.9
11161,0.9897,0,WARNING,16.9,4.9,24.7,6.0
11162,0.9983,0,WARNING,16.8,4.7,24.3,4.5
11163,0.9897,0,WARNING,16.9,4.3,24.7,6.2
11164,0.1938,0,NORMAL,16.8,4.6,24.5,6.5
11165,0.9983,0,WARNING,16.8,4.8,24.3,5.0
11166,0.9983,0,WARNING,16.9,5.4,24.9,5.3
11167,0.2845,0,NORMAL,17.6,4.9,25.3,6.6
11168,0.9983,0,WARNING,19.2,6.3,25.7,6.5
11169,1.0,0,WARNING,22.2,8.6,35.5,14.6
11170,0.9874,0,WARNING,22.1,11.0,33.6,10.5
11171,0.9996,0,WARNING,20.9,6.2,31.7,12.7
11172,0.9984,0,WARNING,18.3,10.4,24.1,4.8
11173,0.9984,0,WARNING,17.9,5.7,26.2,5.1
11174,0.4196,0,NORMAL,17.6,5.5,24.9,6.5
11175,0.4122,0,NORMAL,17.8,5.0,24.6,6.3
11176,0.9895,0,WARNING,17.1,3.9,20.0,4.2
11177,0.9983,0,WARNING,17.8,6.9,29.6,6.6
11178,0.9983,0,WARNING,17.5,6.6,29.0,6.6
11179,0.4154,0,NORMAL,17.4,5.7,25.3,6.6
11180,0.9983,0,WARNING,17.5,6.2,25.9,5.4
11181,0.9983,0,WARNING,17.4,6.4,25.8,5.0
11182,0.9983,0,WARNING,17.9,5.8,25.4,4.7
11183,0.9895,0,WARNING,17.7,6.3,26.0,6.4
11184,0.2929,0,NORMAL,17.8,6.2,25.8,6.7
11185,0.9983,0,WARNING,17.6,6.1,26.0,5.3
11186,0.9983,0,WARNING,18.0,6.3,25.5,5.3
11187,0.9983,0,WARNING,17.6,6.5,26.6,5.7
11188,0.9983,0,WARNING,17.7,6.4,26.2,5.6
11189,0.9895,0,WARNING,17.7,6.1,25.9,6.3
11190,0.9983,0,WARNING,17.6,6.5,25.9,5.9
11191,0.9895,0,WARNING,17.8,6.9,26.9,6.7
11192,0.4135,0,NORMAL,17.7,6.9,26.4,6.8
11193,0.9895,0,WARNING,17.5,7.0,27.5,6.8
11194,0.9894,0,WARNING,17.4,6.3,25.5,5.4
11195,0.9738,0,WARNING,17.8,7.1,28.0,6.9
11196,0.9983,0,WARNING,17.7,7.0,26.6,5.8
11197,0.9983,0,WARNING,17.7,7.1,26.7,5.8
11198,0.9983,0,WARNING,17.7,6.4,26.0,5.4
11199,0.9983,0,WARNING,17.6,6.9,27.7,6.0
11200,0.9738,0,WARNING,17.5,7.2,27.4,6.5
11201,0.9894,0,WARNING,17.5,7.3,26.9,6.5
11202,0.9983,0,WARNING,17.4,6.4,26.8,5.8
11203,0.9983,0,WARNING,17.5,6.9,27.3,5.5
11204,0.9983,0,WARNING,17.4,7.1,27.1,5.9
11205,0.9983,0,WARNING,17.3,7.4,27.2,6.0
11206,0.9983,0,WARNING,17.4,7.0,27.2,5.8
11207,0.2126,0,NORMAL,17.4,6.7,26.8,7.1
11208,0.3798,0,NORMAL,17.3,7.2,28.0,7.4
11209,0.9983,0,WARNING,17.3,7.0,27.0,5.8
11210,0.1619,0,NORMAL,17.4,6.8,27.7,7.5
11211,0.1024,0,NORMAL,17.8,7.2,27.8,7.4
11212,0.1278,0,NORMAL,17.5,7.5,27.5,7.9
11213,0.9983,0,WARNING,17.5,7.3,26.5,5.6
11214,0.2114,0,NORMAL,17.2,7.0,28.5,7.6
11215,0.2083,0,NORMAL,17.4,7.4,28.0,7.5
11216,0.3821,0,NORMAL,17.6,7.5,27.7,7.3
11217,0.9983,0,WARNING,17.8,7.5,27.4,5.9
11218,0.9894,0,WARNING,18.3,8.1,28.3,7.2
11219,0.9983,0,WARNING,18.7,7.6,27.4,5.9
11220,0.6747,0,WARNING,17.6,5.0,22.3,5.7
11221,0.9895,0,WARNING,16.2,1.2,16.4,3.4
11222,0.9898,0,WARNING,15.9,1.0,16.4,3.5
11223,0.9982,0,WARNING,15.7,0.9,16.0,1.9
11224,0.9901,0,WARNING,15.6,1.1,16.3,3.3
11225,0.9901,0,WARNING,15.6,1.0,16.1,3.3
11226,0.9902,0,WARNING,15.5,1.0,16.1,3.5
11227,0.9982,0,WARNING,15.9,1.0,16.2,1.9
11228,0.9981,0,WARNING,16.2,2.9,16.2,2.0
11229,0.9981,0,WARNING,16.1,0.8,16.1,2.5
11230,0.9902,0,WARNING,16.2,1.0,16.2,3.4
11231,0.9902,0,WARNING,16.3,1.3,16.1,3.2
11232,0.631,0,WARNING,16.7,2.5,19.0,4.6
11233,0.9902,0,WARNING,16.2,0.9,16.4,3.4
11234,0.9345,0,WARNING,17.1,3.0,16.0,3.2
11235,0.6323,0,WARNING,18.6,5.0,21.0,5.1
11236,0.9982,0,WARNING,17.3,1.3,16.7,2.1
11237,0.9982,0,WARNING,17.0,0.8,16.3,1.9
11238,0.9902,0,WARNING,16.9,1.0,16.4,3.4
11239,0.9902,0,WARNING,16.8,0.9,16.1,3.2
11240,0.9902,0,WARNING,16.9,1.3,16.5,3.2
11241,0.9982,0,WARNING,16.9,1.2,16.6,2.0
11242,0.9902,0,WARNING,17.9,2.2,17.4,3.5
11243,0.9902,0,WARNING,18.1,3.1,18.2,3.6
11244,0.9982,0,WARNING,20.3,6.7,22.5,3.2
11245,1.0,0,ANOMALY,22.4,11.5,32.1,12.3
11246,1.0,0,ANOMALY,23.9,20.0,43.6,17.4
11247,0.9984,0,WARNING,22.5,11.1,30.0,6.4
11248,0.9987,0,WARNING,21.2,11.2,31.9,11.3
11249,0.989,0,WARNING,18.3,6.8,24.0,5.6
11250,0.9892,0,WARNING,17.7,5.1,20.5,4.4
11251,0.5741,0,NORMAL,19.4,11.0,29.6,7.6
11252,0.9894,0,WARNING,19.8,11.9,29.5,6.9
11253,0.9984,0,WARNING,20.2,11.7,29.2,5.8
11254,0.9893,0,WARNING,19.3,9.7,27.4,6.5
11255,0.5489,0,NORMAL,20.4,10.7,30.1,7.9
11256,0.5175,0,NORMAL,19.8,10.5,29.8,8.2
11257,0.9984,0,WARNING,19.5,9.8,27.3,5.6
11258,0.9893,0,WARNING,17.2,2.7,16.9,3.6
11259,0.9956,0,WARNING,17.4,7.5,18.1,5.4
11260,0.9896,0,WARNING,16.0,1.1,16.2,3.4
11261,0.9899,0,WARNING,15.7,1.3,16.2,3.5
11262,0.9982,0,WARNING,16.2,2.7,19.3,2.8
11263,0.9982,0,WARNING,19.8,11.9,29.5,5.3
11264,0.5731,0,NORMAL,19.7,11.1,29.3,7.4
11265,0.9983,0,WARNING,18.7,9.0,29.3,7.1
11266,0.9983,0,WARNING,19.5,11.1,30.8,8.2
11267,0.9984,0,WARNING,19.4,11.3,30.3,6.2
11268,0.4855,0,NORMAL,19.2,9.5,28.2,7.3
11269,0.9892,0,WARNING,19.3,11.1,30.8,7.8
11270,0.524,0,NORMAL,19.2,10.3,29.4,7.7
11271,0.9984,0,WARNING,19.3,10.4,29.0,6.0
11272,0.9892,0,WARNING,19.2,10.0,28.1,6.0
11273,0.9984,0,WARNING,19.4,10.8,30.7,6.8
11274,0.9892,0,WARNING,19.7,11.0,30.8,7.8
11275,0.9984,0,WARNING,19.5,9.4,30.0,6.7
11276,0.2121,0,NORMAL,19.0,8.4,29.8,8.1
11277,0.2698,0,NORMAL,18.9,8.9,29.1,8.0
11278,0.2141,0,NORMAL,18.7,8.4,28.9,8.4
11279,0.9984,0,WARNING,18.8,8.8,29.5,6.5
11280,0.9984,0,WARNING,19.0,8.5,29.1,6.4
11281,0.9892,0,WARNING,19.4,9.2,31.6,8.2
11282,0.2625,0,NORMAL,19.3,8.9,29.2,8.0
11283,0.9984,0,WARNING,19.0,8.4,29.0,6.5
11284,0.2855,0,NORMAL,19.0,9.0,29.8,8.6
11285,0.9984,0,WARNING,18.8,8.4,29.2,6.6
11286,0.9984,0,WARNING,18.9,8.7,30.0,7.2
11287,0.9984,0,WARNING,19.7,8.3,29.4,6.4
11288,0.9983,0,WARNING,21.0,9.6,30.4,8.0
11289,1.0,0,ANOMALY,22.1,8.6,28.1,11.5
11290,1.0,0,ANOMALY,24.3,20.6,46.1,20.5
11291,1.0,0,WARNING,22.8,10.3,36.6,12.3
11292,0.6059,0,WARNING,20.2,10.0,32.2,10.1
11293,0.9985,0,WARNING,18.6,8.1,28.1,6.2
11294,0.449,0,NORMAL,18.0,5.8,24.7,7.0
11295,0.8191,0,WARNING,17.6,3.8,20.2,4.9
11296,0.9983,0,WARNING,17.0,2.6,17.9,2.2
11297,0.9982,0,WARNING,19.8,10.1,29.1,6.1
11298,0.9983,0,WARNING,18.8,8.6,29.6,7.1
11299,0.9983,0,WARNING,18.9,8.3,29.6,6.1
11300,0.9983,0,WARNING,18.8,8.9,30.5,6.9
11301,0.9983,0,WARNING,18.9,9.0,30.2,7.4
11302,0.2183,0,NORMAL,18.4,8.0,29.4,8.0
11303,0.9984,0,WARNING,18.8,8.5,29.3,6.9
11304,0.3083,0,NORMAL,18.9,8.5,29.3,7.8
11305,0.4314,0,NORMAL,18.5,7.9,26.4,7.5
11306,0.9983,0,WARNING,18.7,8.0,29.8,6.7
11307,0.9983,0,WARNING,18.5,8.2,30.4,6.4
11308,0.9983,0,WARNING,18.8,8.6,29.5,6.7
11309,0.9983,0,WARNING,18.6,8.4,29.3,6.6
11310,0.217,0,NORMAL,18.4,8.4,29.2,7.9
11311,0.3858,0,NORMAL,18.5,9.0,29.3,7.9
11312,0.4327,0,NORMAL,18.6,8.4,29.1,7.6
11313,0.9984,0,WARNING,18.4,8.0,28.9,6.5
11314,0.9983,0,WARNING,18.4,8.4,28.8,5.8
11315,0.2755,0,NORMAL,18.7,8.6,29.6,8.0
11316,0.2143,0,NORMAL,18.7,8.6,30.5,8.9
11317,0.1935,0,NORMAL,18.7,8.8,29.6,8.6
11318,0.2178,0,NORMAL,19.3,8.3,29.5,8.0
11319,0.3608,0,NORMAL,18.5,8.5,29.5,8.0
11320,0.9891,0,WARNING,18.3,8.7,30.1,7.6
11321,0.9984,0,WARNING,18.7,8.2,28.2,6.2
11322,0.6089,0,WARNING,18.4,8.3,29.4,8.0
11323,0.9984,0,WARNING,18.5,8.8,29.6,6.7
11324,0.9983,0,WARNING,18.7,8.7,29.3,6.6
11325,0.3861,0,NORMAL,18.4,8.2,29.2,7.8
11326,0.9983,0,WARNING,18.5,8.4,31.4,7.2
11327,0.9984,0,WARNING,19.2,9.0,29.4,6.5
11328,0.4762,0,NORMAL,18.7,8.4,29.4,7.9
11329,0.9984,0,WARNING,19.0,8.0,29.0,5.9
11330,0.9983,0,WARNING,18.8,8.3,29.4,7.1
11331,0.9983,0,WARNING,18.9,8.7,29.6,6.7
11332,0.9983,0,WARNING,18.7,7.9,29.2,6.4
11333,0.9983,0,WARNING,19.0,8.2,30.3,6.3
11334,0.504,0,NORMAL,18.9,7.7,29.1,7.8
11335,0.9983,0,WARNING,19.0,8.0,28.1,5.5
11336,0.5014,0,NORMAL,18.9,8.1,28.0,7.3
11337,0.9983,0,WARNING,18.8,7.8,29.2,6.5
11338,0.9983,0,WARNING,19.0,8.1,30.2,6.3
11339,0.9983,0,WARNING,19.8,8.4,30.5,7.0
11340,0.6526,0,WARNING,19.7,8.6,29.6,8.1
11341,0.4248,0,NORMAL,20.2,8.3,29.5,8.0
11342,0.9984,0,WARNING,20.1,8.3,29.3,7.1
11343,0.3471,0,NORMAL,19.7,8.7,29.8,8.0
11344,0.3697,0,NORMAL,19.5,8.1,29.6,7.9
11345,0.9984,0,WARNING,19.5,8.0,29.2,7.1
11346,0.3716,0,NORMAL,19.3,8.0,29.8,8.1
11347,0.4774,0,NORMAL,20.9,8.6,29.8,8.3
11348,0.9984,0,WARNING,21.4,8.8,30.3,8.1
11349,1.0,0,ANOMALY,26.8,26.4,41.8,19.1
11350,0.9996,0,WARNING,23.0,11.8,37.5,12.3
11351,1.0,0,WARNING,21.9,9.7,36.6,15.3
11352,0.4808,0,NORMAL,19.9,8.4,29.9,8.0
11353,0.9984,0,WARNING,19.9,8.0,29.3,6.0
11354,0.9984,0,WARNING,19.3,7.0,26.9,5.2
11355,0.9983,0,WARNING,18.6,5.3,24.0,4.8
11356,0.4845,0,NORMAL,19.1,8.4,30.9,8.9
11357,0.9983,0,WARNING,19.0,8.1,30.3,6.9
11358,0.5051,0,NORMAL,19.6,8.2,29.6,8.0
11359,0.9892,0,WARNING,19.2,8.1,28.7,7.0
11360,0.9983,0,WARNING,19.6,9.0,30.7,6.9
11361,0.9983,0,WARNING,19.2,9.0,30.4,7.0
11362,0.9984,0,WARNING,19.3,8.5,29.6,6.2
11363,0.9983,0,WARNING,19.2,7.7,29.1,6.5
11364,0.9742,0,WARNING,19.5,8.5,30.1,7.4
11365,0.9983,0,WARNING,19.2,8.1,29.5,7.2
11366,0.9983,0,WARNING,19.0,7.7,29.9,6.7
11367,0.9983,0,WARNING,18.9,8.1,29.2,7.0
11368,0.432,0,NORMAL,18.6,7.2,25.7,6.7
11369,0.9983,0,WARNING,18.8,8.4,30.7,7.1
11370,0.9983,0,WARNING,19.1,8.4,29.4,6.7
11371,0.5756,0,NORMAL,19.5,8.9,29.8,8.6
11372,0.9891,0,WARNING,19.1,8.1,29.6,7.5
11373,0.4321,0,NORMAL,18.9,7.9,29.0,7.8
11374,0.9984,0,WARNING,18.7,7.1,27.2,5.2
11375,0.499,0,NORMAL,18.6,7.7,29.2,7.8
11376,0.9983,0,WARNING,19.0,8.3,30.8,7.0
11377,0.6818,0,WARNING,19.0,8.4,29.0,7.8
11378,0.9984,0,WARNING,18.9,8.4,31.0,7.1
11379,0.1992,0,NORMAL,18.4,8.2,29.5,8.0
11380,0.4341,0,NORMAL,18.2,8.4,29.1,8.3
11381,0.5393,0,NORMAL,18.4,8.8,30.2,8.2
11382,0.9891,0,WARNING,18.6,7.8,29.7,7.5
11383,0.9984,0,WARNING,18.4,8.1,29.7,6.4
11384,0.9892,0,WARNING,18.4,8.4,30.7,7.8
11385,0.5265,0,NORMAL,18.3,8.1,30.2,8.8
11386,0.8862,0,WARNING,18.8,10.1,30.0,8.2
11387,0.6563,0,WARNING,18.4,8.7,30.4,8.3
11388,0.9984,0,WARNING,18.6,8.6,30.8,7.5
11389,0.8546,0,WARNING,18.7,8.9,30.1,8.7
11390,0.9984,0,WARNING,18.4,9.0,31.7,7.2
11391,0.512,0,NORMAL,18.6,8.8,29.6,8.0
11392,0.7666,0,WARNING,19.1,9.1,31.1,8.4
11393,0.9984,0,WARNING,18.6,9.3,30.2,6.3
11394,0.5405,0,NORMAL,18.4,8.8,31.9,8.8
11395,0.5614,0,NORMAL,18.5,8.3,29.6,8.0
11396,0.9984,0,WARNING,18.5,8.6,31.3,7.2
11397,0.9984,0,WARNING,18.4,8.2,29.0,6.5
11398,0.6886,0,WARNING,18.6,8.6,30.8,8.4
11399,0.9984,0,WARNING,18.6,8.2,29.9,6.7
11400,0.9984,0,WARNING,18.6,8.6,29.7,6.6
11401,0.6885,0,WARNING,18.6,8.8,30.3,8.3
11402,0.6887,0,WARNING,18.5,8.5,30.4,8.3
11403,0.9984,0,WARNING,18.8,8.4,29.1,6.0
11404,0.9983,0,WARNING,19.1,8.7,30.5,7.0
11405,0.9983,0,WARNING,18.3,7.2,26.1,6.0
11406,0.9983,0,WARNING,18.6,8.1,30.4,6.3
11407,0.9983,0,WARNING,19.6,8.4,29.6,6.5
11408,0.8928,0,WARNING,20.7,9.9,30.4,9.4
11409,1.0,0,ANOMALY,23.6,14.5,42.3,21.4
11410,0.9985,0,WARNING,21.4,15.1,39.0,12.6
11411,1.0,0,WARNING,20.4,10.7,35.0,14.1
11412,0.9985,0,WARNING,18.6,8.3,30.8,6.6
11413,0.9984,0,WARNING,17.4,4.9,21.5,3.5
11414,0.9892,0,WARNING,18.2,6.6,24.4,4.8
11415,0.9983,0,WARNING,18.1,7.5,29.5,6.1
11416,0.3544,0,NORMAL,18.2,8.5,31.8,8.6
11417,0.9983,0,WARNING,18.6,8.6,29.2,7.1
11418,0.2531,0,NORMAL,18.3,8.2,29.5,8.0
11419,0.6796,0,WARNING,17.6,5.4,23.0,5.9
11420,0.1614,0,NORMAL,18.3,8.1,29.6,7.9
11421,0.9983,0,WARNING,18.4,8.6,30.8,7.0
11422,0.9892,0,WARNING,18.3,7.6,26.7,6.4
11423,0.9983,0,WARNING,18.7,8.6,30.7,6.8
11424,0.9983,0,WARNING,18.5,8.5,29.9,6.7
11425,0.277,0,NORMAL,18.6,8.7,31.1,8.5
11426,0.323,0,NORMAL,18.7,8.8,29.0,7.8
11427,0.2936,0,NORMAL,18.7,8.6,31.5,8.6
11428,0.9984,0,WARNING,18.5,8.8,31.0,7.1
11429,0.9984,0,WARNING,18.4,8.2,29.6,6.6
11430,0.9891,0,WARNING,18.9,8.7,30.8,7.8
11431,0.9891,0,WARNING,18.7,8.0,29.4,7.3
11432,0.2162,0,NORMAL,19.7,8.1,30.1,8.1
11433,0.9984,0,WARNING,19.4,8.7,30.4,6.9
11434,0.3049,0,NORMAL,19.3,8.7,31.3,8.6
11435,0.9984,0,WARNING,19.8,8.6,29.4,6.5
11436,0.9984,0,WARNING,19.6,8.7,31.8,7.3
11437,0.3619,0,NORMAL,19.4,8.9,31.1,8.5
11438,0.989,0,WARNING,19.1,8.3,29.3,7.3
11439,0.3217,0,NORMAL,18.7,8.3,30.9,8.3
11440,0.9984,0,WARNING,18.6,8.5,31.5,7.1
11441,0.9984,0,WARNING,19.0,8.9,29.9,6.7
11442,0.9984,0,WARNING,18.7,8.4,31.0,6.6
11443,0.9891,0,WARNING,18.6,8.2,29.4,7.3
11444,0.2624,0,NORMAL,18.9,8.5,31.0,8.4
11445,0.9984,0,WARNING,19.3,8.4,31.8,7.8
11446,0.3095,0,NORMAL,18.8,7.7,31.3,8.4
11447,0.9744,0,WARNING,19.3,8.0,31.6,7.8
11448,0.9984,0,WARNING,19.3,8.4,31.6,7.2
11449,0.9984,0,WARNING,19.1,8.1,31.4,7.2
11450,0.989,0,WARNING,19.3,7.9,31.3,8.1
11451,0.9984,0,WARNING,19.0,8.6,31.6,7.3
11452,0.989,0,WARNING,19.1,7.8,31.1,8.1
11453,0.2425,0,NORMAL,19.0,8.0,32.0,8.8
11454,0.3086,0,NORMAL,19.1,8.4,29.2,7.8
11455,0.4376,0,NORMAL,18.7,7.1,28.1,7.3
11456,0.9984,0,WARNING,18.5,7.5,30.4,6.8
11457,0.2421,0,NORMAL,19.4,8.4,31.5,8.6
11458,0.9891,0,WARNING,19.2,8.2,31.5,8.2
11459,0.1782,0,NORMAL,19.3,7.7,28.9,7.8
11460,0.9984,0,WARNING,19.4,7.6,28.3,6.3
11461,0.3026,0,NORMAL,19.4,8.4,29.5,8.0
11462,0.3054,0,NORMAL,19.4,7.3,28.9,7.6
11463,0.9892,0,WARNING,19.0,7.5,29.8,7.5
11464,0.9892,0,WARNING,18.8,7.6,28.2,7.0
11465,0.1739,0,NORMAL,18.7,7.9,28.2,8.1
11466,0.1457,0,NORMAL,18.7,7.6,28.9,7.8
11467,0.9892,0,WARNING,19.5,7.7,29.8,7.5
11468,0.9928,0,WARNING,22.2,9.2,30.3,10.5
11469,1.0,0,ANOMALY,25.0,19.5,48.0,22.7
11470,0.9213,0,WARNING,22.7,9.1,33.8,9.6
11471,1.0,0,WARNING,21.4,11.0,35.9,13.6
11472,0.9985,0,WARNING,19.5,7.1,28.9,6.3
11473,0.2863,0,NORMAL,19.0,7.0,29.0,7.9
11474,0.4435,0,NORMAL,18.8,6.4,25.8,6.7
11475,0.3175,0,NORMAL,19.2,8.6,32.1,8.9
11476,0.9984,0,WARNING,19.1,7.8,29.9,6.8
11477,0.9984,0,WARNING,19.0,7.0,28.4,6.7
11478,0.9983,0,WARNING,18.6,6.6,28.7,6.4
11479,0.3825,0,NORMAL,18.8,8.2,29.7,7.8
11480,0.9983,0,WARNING,18.6,8.2,30.7,6.9
11481,0.4335,0,NORMAL,18.0,6.4,25.6,6.7
11482,0.267,0,NORMAL,18.5,8.3,32.2,8.9
11483,0.433,0,NORMAL,18.1,7.3,28.3,7.6
11484,0.9983,0,WARNING,18.2,7.3,27.6,5.9
11485,0.2496,0,NORMAL,18.3,7.9,32.1,9.4
11486,0.9984,0,WARNING,18.7,8.3,30.0,7.0
11487,0.3867,0,NORMAL,18.5,7.8,29.4,7.8
11488,0.9984,0,WARNING,18.3,7.5,29.6,6.6
11489,0.9983,0,WARNING,17.9,7.6,29.1,6.6
11490,0.2261,0,NORMAL,17.9,8.2,30.2,9.2
11491,0.9984,0,WARNING,17.9,7.6,29.7,6.7
11492,0.9983,0,WARNING,18.1,7.3,29.4,6.5
11493,0.1693,0,NORMAL,18.0,8.0,30.7,8.4
11494,0.9892,0,WARNING,18.1,7.6,29.7,7.4
11495,0.3046,0,NORMAL,17.8,7.4,29.8,8.0
11496,0.4335,0,NORMAL,17.9,7.4,29.0,7.7
11497,0.4313,0,NORMAL,17.3,6.2,25.6,6.7
11498,0.9893,0,WARNING,18.0,8.0,32.0,8.3
11499,0.9984,0,WARNING,18.1,8.4,29.5,6.6
11500,0.9983,0,WARNING,16.8,3.9,18.7,4.1
11501,0.6639,0,WARNING,17.2,6.1,23.8,6.0
11502,0.9983,0,WARNING,16.2,2.2,15.5,3.8
11503,0.9372,0,WARNING,18.5,8.1,20.0,6.4
11504,0.9992,0,WARNING,19.1,13.7,29.0,8.8
11505,0.9983,0,WARNING,17.8,6.3,24.1,4.5
11506,0.9983,0,WARNING,17.4,4.8,18.6,2.5
11507,0.8061,0,WARNING,17.9,6.4,23.7,8.0
11508,0.3912,0,NORMAL,18.2,7.3,26.3,7.6
11509,0.9983,0,WARNING,16.8,2.7,16.3,3.7
11510,0.9982,0,WARNING,16.6,2.1,12.7,1.6
11511,0.9901,0,WARNING,19.1,8.2,24.2,5.5
11512,0.9899,0,WARNING,19.6,12.5,30.1,8.4
11513,0.9983,0,WARNING,18.4,8.2,30.6,7.1
11514,0.9893,0,WARNING,17.0,5.9,22.4,5.2
11515,0.8125,0,WARNING,17.1,4.1,18.6,4.5
11516,0.9992,0,WARNING,19.1,13.4,28.9,9.3
11517,0.9984,0,WARNING,18.1,8.2,29.5,7.2
11518,0.9984,0,WARNING,17.8,7.5,30.3,7.3
11519,0.9984,0,WARNING,18.0,5.2,21.5,4.6
11520,1.0,0,ANOMALY,20.1,20.4,22.2,6.3
11521,0.6713,0,WARNING,17.6,6.4,22.0,6.5
11522,0.9983,0,WARNING,17.3,4.9,21.5,4.1
11523,0.6591,0,WARNING,17.8,5.0,23.2,5.9
11524,0.9983,0,WARNING,18.3,7.5,25.3,5.2
11525,0.3999,0,NORMAL,18.5,7.3,27.1,7.2
11526,0.9983,0,WARNING,16.8,2.2,14.8,1.4
11527,0.4778,0,NORMAL,19.6,10.9,36.1,10.0
11528,0.9859,0,WARNING,20.6,12.7,31.3,9.8
11529,1.0,0,ANOMALY,23.0,9.6,34.3,14.9
11530,1.0,0,ANOMALY,23.6,18.1,41.6,15.1
11531,1.0,0,ANOMALY,23.2,11.6,38.4,17.2
11532,0.9985,0,WARNING,19.8,7.2,29.3,6.7
11533,0.9887,0,WARNING,19.2,7.2,28.6,7.1
11534,0.3124,0,NORMAL,19.6,8.5,30.5,8.2
11535,0.3106,0,NORMAL,19.0,7.1,29.8,8.1
11536,0.9984,0,WARNING,19.1,7.8,30.5,7.0
11537,0.2146,0,NORMAL,19.2,8.1,31.2,8.7
11538,0.2199,0,NORMAL,19.0,8.2,30.0,8.2
11539,0.9984,0,WARNING,19.2,7.5,31.6,7.3
11540,0.2219,0,NORMAL,19.4,7.6,31.4,8.8
11541,0.2322,0,NORMAL,19.6,8.3,31.8,8.7
11542,0.9984,0,WARNING,19.5,7.9,32.1,7.4
11543,0.3085,0,NORMAL,19.4,8.8,32.0,8.7
11544,0.2059,0,NORMAL,18.5,6.6,28.2,7.7
11545,0.9984,0,WARNING,19.0,8.1,29.8,7.2
11546,0.9984,0,WARNING,19.1,8.0,31.2,7.1
11547,0.9984,0,WARNING,19.5,8.6,31.0,7.2
11548,0.2819,0,NORMAL,19.1,8.3,32.2,9.0
11549,0.9984,0,WARNING,19.4,8.5,32.5,8.2
11550,0.9984,0,WARNING,19.4,8.5,31.5,7.2
11551,0.9984,0,WARNING,19.5,8.1,27.9,5.9
11552,0.9891,0,WARNING,19.5,7.9,29.2,7.5
11553,0.2299,0,NORMAL,19.3,7.3,29.9,8.2
11554,0.9891,0,WARNING,19.1,7.3,28.0,6.9
11555,0.9983,0,WARNING,19.0,7.6,29.4,6.7
11556,0.1063,0,NORMAL,18.9,7.4,28.2,7.7
11557,0.9983,0,WARNING,19.3,7.6,29.5,6.7
11558,0.3029,0,NORMAL,19.3,7.3,29.2,7.8
11559,0.9983,0,WARNING,18.9,7.2,28.4,6.0
11560,0.1261,0,NORMAL,19.2,7.8,29.3,8.0
11561,0.9892,0,WARNING,18.8,7.2,28.8,7.3
11562,0.9983,0,WARNING,18.9,7.1,28.7,6.3
11563,0.1663,0,NORMAL,19.0,7.6,28.9,8.0
11564,0.9983,0,WARNING,19.0,7.5,28.7,6.4
11565,0.2233,0,NORMAL,18.9,6.7,28.7,7.8
11566,0.9983,0,WARNING,18.8,7.4,28.2,6.0
11567,0.382,0,NORMAL,18.5,7.6,28.8,7.7
11568,0.9983,0,WARNING,18.9,6.9,28.7,6.5
11569,0.9983,0,WARNING,18.5,7.3,27.1,5.8
11570,0.9983,0,WARNING,18.5,8.0,30.1,6.8
11571,0.9892,0,WARNING,18.5,7.6,28.4,7.1
11572,0.9892,0,WARNING,18.6,7.1,29.3,7.4
11573,0.9892,0,WARNING,18.4,7.6,29.0,7.4
11574,0.9892,0,WARNING,19.0,7.2,29.0,6.6
11575,0.9892,0,WARNING,18.9,6.9,28.9,7.2
11576,0.4283,0,NORMAL,18.7,7.2,28.6,7.7
11577,0.9892,0,WARNING,18.4,7.4,28.7,7.3
11578,0.4276,0,NORMAL,18.5,7.3,28.5,7.5
11579,0.9983,0,WARNING,18.6,6.9,28.8,6.0
11580,0.9892,0,WARNING,18.7,7.2,28.9,7.3
11581,0.3361,0,NORMAL,18.7,7.8,28.8,7.9
11582,0.9892,0,WARNING,18.3,6.9,28.9,7.2
11583,0.9892,0,WARNING,18.4,6.6,28.2,6.9
11584,0.9983,0,WARNING,18.9,6.9,28.1,6.1
11585,0.1351,0,NORMAL,19.0,7.6,28.9,7.8
11586,0.1163,0,NORMAL,18.4,7.1,29.5,8.1
11587,0.9983,0,WARNING,19.0,6.6,28.7,5.9
11588,0.9983,0,WARNING,21.2,8.2,30.0,7.6
11589,1.0,0,ANOMALY,23.9,14.3,39.3,19.4
11590,0.9984,0,WARNING,22.2,13.4,40.1,12.0
11591,1.0,0,ANOMALY,20.9,11.2,36.1,16.0
11592,0.4609,0,NORMAL,18.9,7.4,28.7,7.8
11593,0.9888,0,WARNING,18.9,7.2,28.7,7.3
11594,0.989,0,WARNING,18.7,6.4,27.1,6.7
11595,0.9742,0,WARNING,17.9,4.6,23.0,5.3
11596,0.3092,0,NORMAL,18.9,8.9,32.2,8.7
11597,0.2432,0,NORMAL,18.9,8.5,32.1,8.8
11598,0.9984,0,WARNING,18.4,7.3,29.1,5.8
11599,0.9984,0,WARNING,18.2,7.0,28.0,6.0
11600,0.9892,0,WARNING,18.5,7.5,29.3,7.5
11601,0.9983,0,WARNING,18.2,7.6,29.3,6.0
11602,0.9983,0,WARNING,18.0,6.9,29.5,6.7
11603,0.1158,0,NORMAL,18.2,7.2,28.6,7.7
11604,0.9741,0,WARNING,18.0,7.5,28.7,6.9
11605,0.9983,0,WARNING,18.2,7.2,28.4,6.3
11606,0.9983,0,WARNING,18.3,6.7,29.3,6.0
11607,0.9983,0,WARNING,18.1,7.2,28.8,5.8
11608,0.9983,0,WARNING,17.9,7.1,28.4,6.4
11609,0.9983,0,WARNING,17.6,6.9,28.4,5.7
11610,0.9893,0,WARNING,17.7,7.6,29.3,7.5
11611,0.3024,0,NORMAL,17.8,7.9,29.1,7.9
11612,0.9983,0,WARNING,17.9,6.8,28.8,6.4
11613,0.9983,0,WARNING,17.8,6.9,29.1,6.5
11614,0.974,0,WARNING,18.0,7.3,28.6,6.8
11615,0.9983,0,WARNING,17.7,7.3,27.9,5.9
11616,0.9983,0,WARNING,17.7,7.0,29.6,6.7
11617,0.9893,0,WARNING,17.7,6.9,28.5,7.1
11618,0.1109,0,NORMAL,17.6,7.1,28.8,7.9
11619,0.1098,0,NORMAL,17.7,7.3,28.7,7.7
11620,0.4263,0,NORMAL,17.5,7.6,28.7,7.7
11621,0.4973,0,NORMAL,17.5,7.0,28.5,7.6
11622,0.9983,0,WARNING,17.5,7.2,27.9,5.9
11623,0.9983,0,WARNING,17.4,7.4,29.5,6.1
11624,0.9983,0,WARNING,17.3,7.0,28.9,6.0
11625,0.4273,0,NORMAL,17.2,6.9,28.3,7.6
11626,0.9983,0,WARNING,17.2,7.3,28.6,6.5
11627,0.9983,0,WARNING,17.0,7.3,28.6,5.7
11628,0.2474,0,NORMAL,17.2,6.5,28.6,7.8
11629,0.1307,0,NORMAL,17.4,7.3,29.0,7.9
11630,0.9983,0,WARNING,17.3,7.0,28.7,6.1
11631,0.9983,0,WARNING,17.3,7.6,29.3,6.0
11632,0.9893,0,WARNING,17.3,6.7,28.5,7.2
11633,0.9983,0,WARNING,17.4,7.4,28.6,6.4
11634,0.1162,0,NORMAL,17.4,7.2,28.7,7.8
11635,0.3059,0,NORMAL,17.7,6.3,29.1,7.9
11636,0.4267,0,NORMAL,18.3,7.1,28.6,7.7
11637,0.9893,0,WARNING,18.5,7.2,28.8,7.3
11638,0.9892,0,WARNING,19.2,6.6,28.8,7.2
11639,0.427,0,NORMAL,18.8,7.0,27.8,7.3
11640,0.1029,0,NORMAL,18.7,7.1,29.0,7.9
11641,0.9983,0,WARNING,18.6,7.5,28.7,6.5
11642,0.9983,0,WARNING,19.1,6.3,28.1,5.6
11643,0.9983,0,WARNING,18.8,6.6,28.9,6.5
11644,0.9983,0,WARNING,18.8,7.2,28.1,6.1
11645,0.9983,0,WARNING,18.8,7.3,29.3,6.5
11646,0.9983,0,WARNING,19.2,7.0,28.7,6.2
11647,0.2999,0,NORMAL,20.0,7.3,28.5,7.5
11648,0.9983,0,WARNING,20.9,8.5,30.2,8.1
11649,1.0,0,ANOMALY,27.3,24.7,41.4,18.8
11650,0.9985,0,WARNING,22.3,7.6,35.0,10.2
11651,1.0,0,ANOMALY,21.8,9.9,37.4,16.2
11652,0.9985,0,WARNING,20.3,7.1,28.8,5.9
11653,0.9984,0,WARNING,18.5,4.0,21.4,4.1
11654,0.9892,0,WARNING,19.5,6.8,26.7,6.4
11655,0.9983,0,WARNING,20.0,7.5,31.1,7.0
11656,0.9892,0,WARNING,19.8,7.8,31.9,8.2
11657,0.9984,0,WARNING,19.3,8.0,32.5,7.7
11658,0.4405,0,NORMAL,18.9,6.4,28.0,7.5
11659,0.1764,0,NORMAL,19.1,6.9,28.5,7.8
11660,0.9983,0,WARNING,19.1,7.0,28.8,6.0
11661,0.428,0,NORMAL,19.1,6.5,27.8,7.3
11662,0.9983,0,WARNING,19.1,7.5,29.6,6.5
11663,0.9892,0,WARNING,18.7,6.8,27.7,6.8
11664,0.9983,0,WARNING,18.8,7.1,28.5,6.3
11665,0.9983,0,WARNING,18.5,6.9,29.0,6.6
11666,0.9983,0,WARNING,18.4,6.8,27.9,5.5
11667,0.1021,0,NORMAL,18.4,7.2,28.3,8.2
11668,0.9983,0,WARNING,18.4,6.5,28.5,6.4
11669,0.9983,0,WARNING,18.1,6.0,27.1,5.9
11670,0.2963,0,NORMAL,18.3,6.9,28.2,7.5
11671,0.3785,0,NORMAL,18.5,7.7,29.4,7.8
11672,0.9983,0,WARNING,18.6,6.4,28.1,6.1
11673,0.0915,0,NORMAL,18.4,6.9,29.0,7.9
11674,0.9983,0,WARNING,19.0,6.8,28.1,6.2
11675,0.9983,0,WARNING,18.7,7.3,27.9,6.1
11676,0.9893,0,WARNING,18.4,6.6,28.3,7.0
11677,0.9893,0,WARNING,18.3,6.2,27.9,6.9
11678,0.4229,0,NORMAL,18.3,7.0,27.6,7.2
11679,0.9983,0,WARNING,18.2,7.3,28.6,6.3
11680,0.9983,0,WARNING,18.0,6.3,27.5,5.5
11681,0.9983,0,WARNING,18.6,6.7,29.4,6.6
11682,0.9983,0,WARNING,18.4,7.3,28.3,6.1
11683,0.9893,0,WARNING,18.3,6.8,27.7,7.1
11684,0.1705,0,NORMAL,18.6,6.7,29.7,8.1
11685,0.9983,0,WARNING,18.4,7.1,28.6,6.4
11686,0.4265,0,NORMAL,18.2,7.1,28.0,7.3
11687,0.9983,0,WARNING,18.0,6.5,29.2,5.9
11688,0.4264,0,NORMAL,18.1,6.3,28.1,7.5
11689,0.9983,0,WARNING,18.0,7.1,28.5,5.8
11690,0.9893,0,WARNING,18.3,6.9,28.5,7.2
11691,0.1965,0,NORMAL,18.0,6.7,28.5,7.8
11692,0.9893,0,WARNING,17.9,7.1,28.7,7.2
11693,0.9983,0,WARNING,17.7,6.8,28.3,5.7
11694,0.2988,0,NORMAL,17.9,6.4,28.3,8.0
11695,0.4241,0,NORMAL,17.7,6.4,27.9,7.3
11696,0.1314,0,NORMAL,18.0,7.1,28.4,7.7
11697,0.9983,0,WARNING,18.1,7.0,28.4,6.3
11698,0.9983,0,WARNING,17.9,6.5,28.3,5.9
11699,0.0675,0,NORMAL,17.9,6.4,28.7,7.8
11700,0.4239,0,NORMAL,18.1,7.0,28.1,7.5
11701,0.4234,0,NORMAL,17.9,7.3,28.1,8.0
11702,0.3801,0,NORMAL,18.1,6.6,28.3,7.5
11703,0.9893,0,WARNING,17.8,6.3,29.1,7.4
11704,0.9893,0,WARNING,17.6,6.9,28.4,7.2
11705,0.425,0,NORMAL,18.1,7.2,28.2,7.5
11706,0.1133,0,NORMAL,17.9,7.0,28.7,7.8
11707,0.4251,0,NORMAL,18.8,6.7,27.9,7.3
11708,0.9925,0,WARNING,20.8,11.1,30.4,8.3
11709,1.0,0,ANOMALY,25.0,25.4,42.1,20.1
11710,0.9975,0,WARNING,21.3,7.7,37.1,11.9
11711,1.0,0,ANOMALY,20.4,13.2,36.4,14.7
11712,0.5085,0,NORMAL,18.0,7.2,28.8,7.8
11713,0.9888,0,WARNING,16.9,3.8,20.8,4.8
11714,0.9893,0,WARNING,18.3,7.3,27.7,6.7
11715,0.2435,0,NORMAL,18.2,6.8,31.6,8.8
11716,0.22,0,NORMAL,18.2,7.4,31.7,8.8
11717,0.1808,0,NORMAL,18.0,7.8,30.3,8.2
11718,0.9984,0,WARNING,17.7,7.5,28.3,6.1
11719,0.2104,0,NORMAL,17.5,6.8,28.1,7.6
11720,0.9983,0,WARNING,17.8,6.9,28.7,6.4
11721,0.2429,0,NORMAL,17.5,6.6,28.6,7.8
11722,0.9983,0,WARNING,17.5,6.9,27.3,5.8
11723,0.1766,0,NORMAL,17.3,7.4,29.5,8.0
11724,0.2404,0,NORMAL,17.3,6.7,28.4,7.7
11725,0.4253,0,NORMAL,17.2,7.0,27.9,7.3
11726,0.9893,0,WARNING,17.1,6.1,25.4,6.0
11727,0.9983,0,WARNING,17.6,8.2,31.9,7.2
11728,0.9983,0,WARNING,17.3,7.2,28.9,6.4
11729,0.9983,0,WARNING,17.5,6.1,24.4,4.3
11730,0.1815,0,NORMAL,17.6,7.9,29.8,8.1
11731,0.9983,0,WARNING,17.1,6.4,27.8,6.2
11732,0.9893,0,WARNING,18.2,8.8,30.2,7.6
11733,0.9893,0,WARNING,18.2,7.4,26.8,6.4
11734,0.9893,0,WARNING,18.2,7.4,28.4,6.9
11735,0.9983,0,WARNING,18.2,7.5,29.3,6.5
11736,0.9983,0,WARNING,18.6,8.4,31.7,6.8
11737,0.9984,0,WARNING,18.9,7.7,26.9,5.2
11738,0.23,0,NORMAL,19.1,8.3,29.8,8.1
11739,0.2579,0,NORMAL,19.0,8.5,29.6,7.9
11740,0.9984,0,WARNING,18.9,8.3,30.8,7.1
11741,0.9984,0,WARNING,18.9,8.7,29.4,6.0
11742,0.4345,0,NORMAL,19.4,8.5,29.4,7.7
11743,0.9984,0,WARNING,20.0,8.5,31.6,7.8
11744,0.9984,0,WARNING,20.0,9.1,29.6,6.1
11745,0.9984,0,WARNING,19.9,8.2,29.3,7.1
11746,0.2201,0,NORMAL,19.9,8.2,29.4,8.0
11747,0.9984,0,WARNING,19.9,8.3,29.1,6.0
11748,0.4342,0,NORMAL,19.6,8.2,29.4,7.9
11749,0.3081,0,NORMAL,19.5,7.5,29.0,7.7
11750,0.9984,0,WARNING,19.4,8.2,28.6,6.2
11751,0.9983,0,WARNING,20.2,10.2,29.7,6.6
11752,0.2487,0,NORMAL,19.7,8.4,29.5,8.0
11753,0.2166,0,NORMAL,20.3,8.0,29.4,8.0
11754,0.9891,0,WARNING,20.3,8.4,29.3,6.7
11755,0.1992,0,NORMAL,20.2,8.2,28.5,7.8
11756,0.9984,0,WARNING,20.1,7.8,29.5,6.6
11757,0.9983,0,WARNING,20.1,8.4,29.2,6.4
11758,0.9892,0,WARNING,20.2,8.5,30.0,7.5
11759,0.9984,0,WARNING,20.1,8.0,29.1,7.0
11760,0.9984,0,WARNING,19.9,8.0,29.2,6.5
11761,0.9983,0,WARNING,20.1,8.9,30.2,6.9
11762,0.9983,0,WARNING,19.7,8.4,29.3,6.5
11763,0.9983,0,WARNING,19.9,7.8,29.3,6.1
11764,0.9983,0,WARNING,20.0,7.5,29.0,6.5
11765,0.9983,0,WARNING,20.1,7.8,27.9,5.9
11766,0.9983,0,WARNING,20.2,7.4,27.1,5.7
11767,0.9983,0,WARNING,20.7,8.3,29.9,6.5
11768,0.9983,0,WARNING,22.1,10.2,30.6,8.2
11769,1.0,0,ANOMALY,26.5,19.8,36.5,18.8
11770,1.0,0,ANOMALY,27.9,21.0,48.4,20.3
11771,1.0,0,ANOMALY,25.5,10.7,34.6,14.0
11772,0.9985,0,WARNING,22.2,9.9,37.0,10.4
11773,0.4829,0,NORMAL,19.7,6.2,25.8,6.7
11774,0.9888,0,WARNING,20.0,7.6,26.0,6.0
11775,0.9984,0,WARNING,19.9,8.7,30.7,7.4
11776,0.9984,0,WARNING,19.7,8.6,31.3,7.2
11777,0.9984,0,WARNING,19.7,8.4,30.4,6.9
11778,0.2779,0,NORMAL,19.4,9.2,32.5,8.8
11779,0.2993,0,NORMAL,19.7,8.6,30.6,8.4
11780,0.9984,0,WARNING,19.8,8.4,31.5,7.2
11781,0.9984,0,WARNING,19.4,8.5,29.0,6.4
11782,0.9891,0,WARNING,19.6,7.7,28.8,7.2
11783,0.9984,0,WARNING,19.7,8.6,30.1,6.6
11784,0.9891,0,WARNING,19.7,8.0,29.4,7.5
11785,0.162,0,NORMAL,19.2,8.0,29.5,8.1
11786,0.9984,0,WARNING,19.1,7.8,29.2,6.5
11787,0.9983,0,WARNING,19.2,8.3,29.1,6.5
11788,0.1667,0,NORMAL,19.2,8.3,29.4,8.0
11789,0.9984,0,WARNING,19.0,7.1,28.6,5.8
11790,0.3048,0,NORMAL,19.1,8.4,29.5,7.9
11791,0.9984,0,WARNING,19.2,8.4,29.4,5.9
11792,0.9983,0,WARNING,19.4,8.0,29.0,6.0
11793,0.9892,0,WARNING,19.2,7.5,29.5,7.4
11794,0.9892,0,WARNING,18.8,7.7,28.6,7.2
11795,0.1743,0,NORMAL,18.8,8.1,29.5,8.0
11796,0.9984,0,WARNING,18.6,7.8,28.9,6.0
11797,0.9983,0,WARNING,18.2,6.3,26.5,5.1
11798,0.9983,0,WARNING,19.2,8.9,30.4,6.6
11799,0.9892,0,WARNING,18.8,8.3,30.5,7.7
11800,0.142,0,NORMAL,18.8,7.8,28.9,7.8
11801,0.9984,0,WARNING,18.5,8.1,28.2,6.1
11802,0.9983,0,WARNING,19.0,8.7,32.4,7.0
11803,0.1983,0,NORMAL,18.8,8.3,30.2,8.2
11804,0.9984,0,WARNING,18.4,7.7,29.0,6.0
11805,0.9984,0,WARNING,18.3,7.5,29.0,7.0
11806,0.9983,0,WARNING,18.2,7.8,28.2,6.1
11807,0.2446,0,NORMAL,18.9,8.8,31.1,8.4
11808,0.4356,0,NORMAL,18.3,7.5,29.7,8.0
11809,0.9892,0,WARNING,18.1,8.2,29.8,7.6
11810,0.9984,0,WARNING,18.2,8.5,28.9,6.5
11811,0.9983,0,WARNING,17.9,7.9,29.7,6.7
11812,0.1888,0,NORMAL,18.3,8.1,29.4,7.9
11813,0.2157,0,NORMAL,18.3,8.2,29.3,7.8
11814,0.4327,0,NORMAL,18.4,8.1,29.0,7.6
11815,0.2149,0,NORMAL,18.0,8.2,29.3,7.9
11816,0.9984,0,WARNING,18.3,8.3,29.9,6.8
11817,0.1574,0,NORMAL,18.1,8.3,29.8,8.2
11818,0.182,0,NORMAL,18.2,8.3,29.9,8.1
11819,0.187,0,NORMAL,18.0,7.8,29.6,8.0
11820,0.9984,0,WARNING,18.0,8.6,29.4,7.0
11821,0.3823,0,NORMAL,18.0,8.7,29.8,8.0
11822,0.9984,0,WARNING,17.9,8.0,29.2,5.9
11823,0.2318,0,NORMAL,18.1,7.4,29.6,8.0
11824,0.9984,0,WARNING,17.9,7.5,29.3,6.0
11825,0.433,0,NORMAL,18.2,8.1,29.0,7.8
11826,0.1453,0,NORMAL,18.0,7.7,29.5,8.5
11827,0.1853,0,NORMAL,18.7,8.3,29.6,7.9
11828,0.9984,0,WARNING,20.8,11.0,31.1,8.3
11829,1.0,0,ANOMALY,22.1,9.1,33.3,15.8
11830,1.0,0,ANOMALY,25.7,28.0,46.4,18.0
11831,0.9999,0,WARNING,22.3,10.0,32.1,10.7
11832,1.0,0,WARNING,20.4,9.9,39.0,16.3
11833,0.4921,0,NORMAL,18.6,8.1,29.8,7.9
11834,0.9749,0,WARNING,18.4,8.4,29.7,7.5
11835,0.6907,0,WARNING,17.6,4.6,22.2,5.7
11836,0.9892,0,WARNING,18.3,6.3,24.4,5.7
11837,0.9983,0,WARNING,18.3,8.4,31.1,7.1
11838,0.3831,0,NORMAL,18.2,8.5,32.2,8.7
11839,0.9984,0,WARNING,18.5,8.9,30.3,6.7
11840,0.2902,0,NORMAL,18.3,8.0,32.2,8.8
11841,0.9984,0,WARNING,18.0,8.1,29.9,6.7
11842,0.9984,0,WARNING,18.9,9.3,31.2,7.2
11843,0.9984,0,WARNING,18.9,8.3,32.2,7.0
11844,0.2268,0,NORMAL,18.4,8.0,31.1,8.6
11845,0.3004,0,NORMAL,19.7,9.1,33.0,9.0
11846,0.9984,0,WARNING,19.0,8.3,30.8,7.4
11847,0.9984,0,WARNING,19.6,8.2,30.4,6.8
11848,0.9984,0,WARNING,19.7,8.8,30.8,7.0
11849,0.4419,0,NORMAL,19.5,8.2,29.7,8.0
11850,0.1724,0,NORMAL,18.7,7.9,30.8,8.4
11851,0.9984,0,WARNING,19.6,8.6,30.8,6.5
11852,0.9984,0,WARNING,19.5,8.3,30.7,7.0
11853,0.9984,0,WARNING,19.7,8.7,30.6,6.8
11854,0.3095,0,NORMAL,19.3,7.4,30.1,8.1
11855,0.4381,0,NORMAL,19.5,8.6,30.6,8.6
11856,0.2173,0,NORMAL,19.4,8.5,30.6,8.3
11857,0.9984,0,WARNING,20.2,8.8,31.3,7.2
11858,0.9984,0,WARNING,19.2,6.8,26.7,5.7
11859,0.9892,0,WARNING,19.5,8.2,31.0,8.0
11860,0.4353,0,NORMAL,18.9,7.4,27.8,7.4
11861,0.9983,0,WARNING,19.3,9.5,31.9,7.7
11862,0.9984,0,WARNING,19.5,8.5,29.6,6.4
11863,0.9983,0,WARNING,19.4,8.7,31.6,7.2
11864,0.4395,0,NORMAL,19.2,7.6,27.6,7.2
11865,0.9983,0,WARNING,20.2,9.0,30.6,7.3
11866,0.9984,0,WARNING,20.2,9.1,33.2,8.2
11867,0.989,0,WARNING,19.7,8.5,31.1,8.0
11868,0.2892,0,NORMAL,19.5,9.3,33.1,9.1
11869,0.9984,0,WARNING,20.4,9.4,32.6,7.4
11870,0.3199,0,NORMAL,20.1,8.9,33.6,9.2
11871,0.9984,0,WARNING,20.1,8.9,31.9,6.7
11872,0.9984,0,WARNING,20.0,9.0,31.1,8.1
11873,0.9984,0,WARNING,19.8,8.5,31.0,6.4
11874,0.989,0,WARNING,19.7,8.7,31.4,8.1
11875,0.9984,0,WARNING,19.9,8.8,31.0,7.1
11876,0.4433,0,NORMAL,19.7,8.2,30.8,8.3
11877,0.2533,0,NORMAL,19.6,8.7,31.7,8.6
11878,0.9984,0,WARNING,19.5,8.8,31.4,6.6
11879,0.9984,0,WARNING,19.7,9.0,31.4,7.6
11880,0.444,0,NORMAL,19.8,9.6,31.5,8.4
11881,0.2658,0,NORMAL,19.5,8.8,31.4,8.6
11882,0.4442,0,NORMAL,19.4,8.9,30.9,8.8
11883,0.9984,0,WARNING,19.3,8.3,31.7,7.3
11884,0.9984,0,WARNING,18.7,7.3,27.9,6.0
11885,0.2678,0,NORMAL,18.8,8.7,31.8,9.2
11886,0.9984,0,WARNING,18.7,9.0,32.9,7.5
11887,0.9984,0,WARNING,19.6,9.5,32.0,7.1
11888,0.6105,0,WARNING,21.1,10.5,33.0,10.2
11889,1.0,0,ANOMALY,25.2,13.7,45.3,23.2
11890,1.0,1,ANOMALY,28.8,27.9,41.3,13.0
11891,1.0,1,ANOMALY,24.5,10.8,34.3,15.9
11892,0.5984,1,NORMAL,22.2,10.2,37.7,12.8
11893,0.9883,1,WARNING,19.6,8.1,28.8,7.2
11894,0.9887,1,WARNING,18.4,5.1,22.3,4.8
11895,0.3056,1,NORMAL,19.9,9.2,31.4,8.5
11896,0.9891,1,WARNING,19.6,9.4,31.8,8.1
11897,0.2289,1,NORMAL,19.2,8.6,31.8,8.7
11898,0.4437,1,NORMAL,19.2,9.1,31.5,8.6
11899,0.2752,1,NORMAL,19.8,9.0,31.7,8.7
11900,0.2704,1,NORMAL,20.1,9.1,32.0,8.7
11901,0.9984,1,WARNING,19.8,8.5,31.1,7.1
11902,0.9984,1,WARNING,19.7,8.2,31.4,6.6
11903,0.3108,1,NORMAL,19.2,9.2,31.7,8.6
11904,0.9984,1,WARNING,19.4,9.4,32.0,7.4
11905,0.9984,1,WARNING,19.2,8.7,31.5,7.2
11906,0.9744,1,WARNING,19.4,8.7,31.2,7.7
11907,0.9984,1,WARNING,19.3,9.0,31.6,7.3
11908,0.9984,1,WARNING,19.3,8.9,31.3,7.0
11909,0.2632,1,NORMAL,19.1,8.6,31.5,8.6
11910,0.9984,1,WARNING,18.7,9.1,31.5,7.0
11911,0.4445,1,NORMAL,18.7,9.0,31.1,8.3
11912,0.9984,1,WARNING,18.9,9.5,31.4,7.2
11913,0.9984,1,WARNING,18.7,9.0,31.9,6.8
11914,0.2666,1,NORMAL,18.8,9.0,31.6,8.7
11915,0.2714,1,NORMAL,18.6,9.2,31.6,9.1
11916,0.9984,1,WARNING,18.5,8.8,31.3,7.1
11917,0.9984,1,WARNING,18.4,8.8,30.8,7.5
11918,0.443,1,NORMAL,18.5,8.9,30.9,8.1
11919,0.9984,1,WARNING,18.4,8.7,29.8,6.0
11920,0.2698,1,NORMAL,18.5,9.0,32.4,8.9
11921,0.9984,1,WARNING,18.5,9.2,31.4,7.6
11922,0.559,1,NORMAL,18.3,8.7,31.3,8.6
11923,0.9984,1,WARNING,18.5,7.9,31.6,6.7
11924,0.9984,1,WARNING,18.1,8.3,31.4,7.2
11925,0.9984,1,WARNING,18.7,9.3,31.4,7.6
11926,0.9984,1,WARNING,18.8,9.0,31.3,7.0
11927,0.264,1,NORMAL,18.4,8.5,32.0,8.7
11928,0.9984,1,WARNING,18.3,9.1,32.1,6.9
11929,0.9984,1,WARNING,18.2,8.9,32.0,7.4
11930,0.3112,1,NORMAL,18.1,8.8,32.3,9.4
11931,0.9984,1,WARNING,18.2,8.4,31.8,7.3
11932,0.9984,1,WARNING,18.3,9.0,32.9,7.7
11933,0.9984,1,WARNING,18.1,8.6,32.6,8.0
11934,0.9984,1,WARNING,18.6,8.0,31.2,7.0
11935,0.7214,1,WARNING,18.5,9.5,31.7,8.6
11936,0.9984,1,WARNING,18.2,9.0,33.9,8.0
11937,0.2388,1,NORMAL,18.6,8.2,31.7,9.1
11938,0.9984,1,WARNING,18.5,9.4,32.0,7.9
11939,0.6506,1,WARNING,18.3,8.4,31.0,8.3
11940,0.9984,1,WARNING,18.1,8.5,30.2,6.7
11941,0.989,1,WARNING,18.2,8.7,32.3,8.3
11942,0.9984,1,WARNING,19.0,8.9,31.8,7.6
11943,0.2896,1,NORMAL,18.4,8.6,32.9,9.0
11944,0.9984,1,WARNING,18.3,9.0,31.6,7.2
11945,0.257,1,NORMAL,18.3,8.2,32.3,8.9
11946,0.9984,1,WARNING,18.4,8.1,30.9,7.0
11947,0.4441,1,NORMAL,19.4,8.7,30.3,8.0
11948,0.9744,1,WARNING,21.1,10.7,33.5,9.7
11949,1.0,1,ANOMALY,27.9,31.2,42.7,21.3
11950,0.9975,1,WARNING,23.2,9.7,40.5,13.6
11951,1.0,1,ANOMALY,21.6,11.2,41.4,19.9
11952,0.9985,1,WARNING,19.7,9.3,32.1,6.8
11953,0.4316,1,NORMAL,19.5,8.8,32.5,8.9
11954,0.3505,1,NORMAL,19.8,9.0,32.8,9.1
11955,0.9984,1,WARNING,19.3,9.2,33.1,7.7
11956,0.3028,1,NORMAL,19.5,9.2,31.6,8.7
11957,0.9984,1,WARNING,18.2,5.3,21.8,3.4
11958,0.3157,1,NORMAL,19.5,9.1,32.4,8.7
11959,0.9984,1,WARNING,19.5,8.8,31.4,7.0
11960,0.4386,1,NORMAL,19.3,8.8,30.9,8.8
11961,0.9984,1,WARNING,19.1,8.3,29.2,5.9
11962,0.4355,1,NORMAL,19.8,9.0,31.7,8.5
11963,0.9984,1,WARNING,19.7,8.9,32.2,7.4
11964,0.9745,1,WARNING,20.0,9.9,32.6,8.2
11965,0.9984,1,WARNING,19.2,8.3,31.2,7.1
11966,0.989,1,WARNING,20.1,8.9,31.3,8.0
11967,0.9984,1,WARNING,20.5,9.4,31.5,7.2
11968,0.9984,1,WARNING,19.8,8.9,31.9,6.8
11969,0.9984,1,WARNING,19.6,8.9,32.3,7.5
11970,0.3996,1,NORMAL,19.7,9.1,31.8,8.8
11971,0.4475,1,NORMAL,19.9,9.4,31.3,8.4
11972,0.989,1,WARNING,20.0,8.9,29.4,7.3
11973,0.4407,1,NORMAL,19.9,9.1,32.1,8.6
11974,0.3186,1,NORMAL,19.9,9.2,32.1,8.7
11975,0.4463,1,NORMAL,19.5,8.3,28.4,7.4
11976,0.5125,1,NORMAL,20.6,9.1,31.3,8.4
11977,0.6509,1,WARNING,20.1,9.0,30.4,8.1
11978,0.9984,1,WARNING,20.0,9.2,31.8,7.8
11979,0.9984,1,WARNING,19.8,9.0,32.0,7.4
11980,0.9984,1,WARNING,19.6,8.3,30.8,6.4
11981,0.9984,1,WARNING,19.7,9.3,31.7,7.1
11982,0.6553,1,WARNING,19.8,9.5,31.3,8.3
11983,0.989,1,WARNING,19.9,8.6,29.4,7.2
11984,0.9984,1,WARNING,19.9,8.4,31.2,7.1
11985,0.9984,1,WARNING,19.6,9.0,29.2,6.4
11986,0.4379,1,NORMAL,19.3,9.0,31.9,8.7
11987,0.9984,1,WARNING,19.4,8.9,32.0,7.3
11988,0.9984,1,WARNING,19.4,8.7,30.6,6.8
11989,0.4429,1,NORMAL,19.2,8.7,30.5,8.6
11990,0.9984,1,WARNING,19.2,9.1,32.3,7.4
11991,0.9984,1,WARNING,19.4,9.3,32.1,7.3
11992,0.9984,1,WARNING,19.3,9.3,32.0,7.4
11993,0.4145,1,NORMAL,19.6,9.4,32.0,8.8
11994,0.4481,1,NORMAL,19.0,8.9,31.3,8.5
11995,0.5133,1,NORMAL,19.7,9.2,29.7,7.9
11996,0.4425,1,NORMAL,19.4,8.8,31.0,8.3
11997,0.353,1,NORMAL,19.2,9.3,32.1,8.8
11998,0.989,1,WARNING,19.5,9.2,30.8,7.6
11999,0.9984,1,WARNING,19.7,8.8,30.3,7.0
12000,0.4414,1,NORMAL,19.3,8.7,31.7,8.6
12001,0.5937,1,NORMAL,19.6,9.7,30.5,8.1
12002,0.9984,1,WARNING,19.7,9.0,31.4,7.2
12003,0.9984,1,WARNING,20.2,9.5,31.9,7.9
12004,0.9984,1,WARNING,19.7,9.1,31.7,7.3
12005,0.4459,1,NORMAL,19.4,9.0,31.3,8.4
12006,0.4811,1,NORMAL,19.4,9.1,30.0,7.9
12007,0.4422,1,NORMAL,19.9,9.4,32.1,8.5
12008,0.9976,1,WARNING,22.8,11.3,30.8,10.4
12009,1.0,1,ANOMALY,28.9,33.1,44.2,22.2
12010,0.9557,1,WARNING,23.5,10.5,37.6,11.8
12011,1.0,1,ANOMALY,22.2,14.2,43.6,19.8
12012,0.6065,1,WARNING,19.9,9.6,32.8,8.9
12013,0.6309,0,WARNING,19.7,9.8,32.0,9.3
12014,0.5297,0,NORMAL,19.6,9.2,29.6,7.7
12015,0.3774,0,NORMAL,19.5,9.6,32.0,9.1
12016,0.9984,0,WARNING,19.5,10.3,31.8,7.8
12017,0.5143,0,NORMAL,19.8,9.6,29.4,8.8
12018,0.9984,0,WARNING,19.8,9.3,32.3,7.5
12019,0.4468,0,NORMAL,19.6,9.2,31.9,8.7
12020,0.798,0,WARNING,19.7,9.7,28.8,7.6
12021,0.989,0,WARNING,19.7,9.1,31.8,8.0
12022,0.989,0,WARNING,19.4,8.8,29.6,7.2
12023,0.439,0,NORMAL,19.5,8.7,29.1,7.6
12024,0.4355,0,NORMAL,19.7,8.4,29.7,8.0
12025,0.6817,0,WARNING,19.9,8.5,28.0,7.3
12026,0.9984,0,WARNING,19.4,9.2,30.6,6.3
12027,0.9984,0,WARNING,18.9,7.9,29.2,6.4
12028,0.9892,0,WARNING,18.8,8.1,27.0,6.4
12029,0.9983,0,WARNING,19.3,8.8,28.8,6.7
12030,0.4288,0,NORMAL,19.2,8.3,29.2,7.6
12031,0.9892,0,WARNING,18.7,7.3,25.2,5.8
12032,0.9983,0,WARNING,19.0,7.6,26.8,6.1
12033,0.9893,0,WARNING,19.0,7.9,26.3,6.2
12034,0.9894,0,WARNING,19.1,8.3,29.7,7.5
12035,0.6763,0,WARNING,19.1,7.5,26.8,6.9
12036,0.9983,0,WARNING,19.1,8.2,28.7,6.5
12037,0.9741,0,WARNING,18.7,7.6,25.7,5.9
12038,0.9983,0,WARNING,19.0,7.4,26.4,4.7
12039,0.6719,0,WARNING,18.5,6.7,25.8,6.6
12040,0.6702,0,WARNING,18.6,7.9,26.3,6.7
12041,0.9894,0,WARNING,18.5,8.1,28.8,7.2
12042,0.4216,0,NORMAL,18.5,8.4,29.2,8.3
12043,0.9983,0,WARNING,19.3,8.7,27.3,6.1
12044,0.9893,0,WARNING,18.9,7.8,28.1,7.0
12045,0.6758,0,WARNING,18.5,6.9,25.2,6.4
12046,0.9983,0,WARNING,18.9,7.9,27.8,5.7
12047,0.9893,0,WARNING,18.9,8.0,27.2,5.8
12048,0.9983,0,WARNING,18.6,8.0,29.0,6.3
12049,0.425,0,NORMAL,19.1,8.5,28.7,8.2
12050,0.677,0,WARNING,18.8,8.2,26.9,6.9
12051,0.4235,0,NORMAL,18.9,7.8,28.0,7.5
12052,0.9983,0,WARNING,18.8,7.8,26.0,4.8
12053,0.9983,0,WARNING,19.1,8.8,28.4,6.1
12054,0.6752,0,WARNING,19.0,7.6,26.0,6.6
12055,0.9983,0,WARNING,19.0,8.6,29.1,6.9
12056,0.4246,0,NORMAL,18.7,7.6,28.5,7.6
12057,0.9983,0,WARNING,19.1,8.5,28.2,6.0
12058,0.6769,0,WARNING,18.7,7.3,23.8,6.1
12059,0.9894,0,WARNING,18.6,8.1,28.8,7.2
12060,0.6742,0,WARNING,18.3,7.6,25.4,7.0
12061,0.4169,0,NORMAL,18.5,7.7,28.3,7.5
12062,0.9983,0,WARNING,18.7,8.4,26.9,5.6
12063,0.4201,0,NORMAL,18.4,7.9,28.3,7.5
12064,0.9983,0,WARNING,18.9,8.5,29.0,5.8
12065,0.9258,0,WARNING,19.5,10.1,29.4,8.4
12066,0.9984,0,WARNING,19.0,8.5,28.9,6.3
12067,0.4305,0,NORMAL,20.0,8.7,29.3,8.3
12068,0.9984,0,WARNING,21.3,9.2,29.7,7.8
12069,1.0,0,ANOMALY,26.6,20.4,39.7,22.3
12070,1.0,0,ANOMALY,25.3,17.7,33.1,10.9
12071,0.9984,0,WARNING,21.8,9.3,31.7,8.0
12072,1.0,0,ANOMALY,21.7,9.5,30.5,15.1
12073,0.9984,0,WARNING,21.2,9.0,33.9,9.6
12074,0.457,0,NORMAL,19.5,7.7,28.8,7.7
12075,0.9746,0,WARNING,19.9,8.3,28.4,7.4
12076,0.9984,0,WARNING,20.0,8.3,28.5,7.2
12077,0.9983,0,WARNING,19.8,8.3,28.8,6.2
12078,0.9983,0,WARNING,19.8,7.9,28.4,5.6
12079,0.4297,0,NORMAL,19.8,8.4,29.2,8.2
12080,0.9983,0,WARNING,19.8,8.3,28.4,6.2
12081,0.4291,0,NORMAL,19.7,8.4,30.1,8.2
12082,0.9983,0,WARNING,19.4,8.1,27.1,5.3
12083,0.9983,0,WARNING,20.0,8.6,30.9,7.2
12084,0.4342,0,NORMAL,20.1,8.8,28.1,7.5
12085,0.9983,0,WARNING,19.9,7.7,28.5,6.2
12086,0.4298,0,NORMAL,19.8,8.7,29.5,7.9
12087,0.9983,0,WARNING,19.8,8.3,30.1,6.7
12088,0.9891,0,WARNING,19.3,7.6,26.8,6.5
12089,0.9983,0,WARNING,19.6,8.5,30.2,6.8
12090,0.4314,0,NORMAL,19.4,8.5,28.8,7.7
12091,0.9892,0,WARNING,19.4,8.2,31.1,8.1
12092,0.9891,0,WARNING,18.9,6.6,24.5,5.7
12093,0.9983,0,WARNING,19.2,7.9,30.1,6.7
12094,0.428,0,NORMAL,19.6,8.8,30.1,8.0
12095,0.9984,0,WARNING,18.9,8.0,30.0,6.6
12096,0.4336,0,NORMAL,18.8,8.2,29.1,7.8
12097,0.9983,0,WARNING,19.3,8.5,26.1,5.4
12098,0.207,0,NORMAL,19.5,8.3,31.1,8.6
12099,0.9984,0,WARNING,19.0,8.4,28.8,6.4
12100,0.9983,0,WARNING,18.8,7.5,28.2,6.2
12101,0.9983,0,WARNING,18.8,7.8,28.3,5.6
12102,0.9983,0,WARNING,19.0,8.4,30.2,6.7
12103,0.9983,0,WARNING,19.3,8.5,29.3,5.8
12104,0.9983,0,WARNING,19.2,9.3,31.8,7.4
12105,0.8176,0,WARNING,19.1,9.6,30.0,8.1
12106,0.9984,0,WARNING,19.0,8.7,29.5,6.6
12107,0.4355,0,NORMAL,19.1,8.6,29.9,8.0
12108,0.9891,0,WARNING,19.0,8.3,31.1,8.1
12109,0.4383,0,NORMAL,19.2,8.9,31.0,8.4
12110,0.9891,0,WARNING,19.0,8.4,28.5,6.9
12111,0.9984,0,WARNING,19.1,9.0,32.0,7.4
12112,0.9984,0,WARNING,19.2,8.9,29.9,6.7
12113,0.2491,0,NORMAL,19.3,8.6,32.1,8.8
12114,0.9984,0,WARNING,19.6,8.8,30.1,6.7
12115,0.9984,0,WARNING,19.1,8.6,31.1,7.2
12116,0.9984,0,WARNING,19.0,8.3,30.9,7.1
12117,0.2134,0,NORMAL,18.9,8.3,31.0,8.5
12118,0.9984,0,WARNING,19.1,8.7,31.2,7.0
12119,0.9984,0,WARNING,18.7,8.3,30.9,7.1
12120,0.2976,0,NORMAL,18.9,8.3,30.8,8.4
12121,0.4408,0,NORMAL,18.6,8.8,30.7,8.2
12122,0.9891,0,WARNING,18.6,8.5,30.9,7.9
12123,0.9984,0,WARNING,18.5,8.4,32.0,7.5
12124,0.9984,0,WARNING,18.9,8.5,31.0,7.1
12125,0.9984,0,WARNING,18.6,6.5,25.6,5.2
12126,0.9983,0,WARNING,18.7,9.0,30.5,6.7
12127,0.9983,0,WARNING,19.5,8.1,31.2,6.5
12128,1.0,0,WARNING,22.1,10.0,33.4,12.4
12129,1.0,1,ANOMALY,26.8,30.4,42.7,19.5
12130,0.9995,1,WARNING,21.8,10.3,38.6,11.6
12131,1.0,1,ANOMALY,22.1,13.2,38.4,19.3
12132,0.9985,1,WARNING,20.5,8.5,33.1,7.9
12133,0.9886,0,WARNING,19.8,7.8,30.0,7.6
12134,0.9888,0,WARNING,19.1,8.2,31.0,7.8
12135,0.9746,0,WARNING,19.0,7.8,30.1,7.5
12136,0.9984,0,WARNING,18.7,8.4,30.6,7.0
12137,0.9984,0,WARNING,18.8,8.5,30.4,6.9
12138,0.3083,0,NORMAL,18.6,8.3,31.6,8.7
12139,0.2434,0,NORMAL,18.7,8.5,31.0,8.4
12140,0.2077,0,NORMAL,19.1,8.1,30.2,8.3
12141,0.9984,0,WARNING,18.7,9.7,30.8,7.0
12142,0.9891,0,WARNING,18.1,6.2,25.5,6.0
12143,0.9983,0,WARNING,18.6,7.7,30.1,6.2
12144,0.9892,0,WARNING,18.8,8.1,30.2,7.6
12145,0.1694,0,NORMAL,18.3,7.7,29.7,8.1
12146,0.9984,0,WARNING,18.2,7.9,31.6,7.4
12147,0.2329,0,NORMAL,18.2,8.4,31.8,8.9
12148,0.9891,0,WARNING,18.2,7.8,29.5,7.6
12149,0.9984,0,WARNING,18.2,8.3,30.8,7.0
12150,0.9984,0,WARNING,17.3,5.9,24.8,4.4
12151,0.3777,0,NORMAL,17.5,8.2,30.5,8.2
12152,0.9983,0,WARNING,17.5,7.6,29.2,6.1
12153,0.9983,0,WARNING,17.6,7.8,29.0,6.5
12154,0.9892,0,WARNING,17.7,8.5,30.9,7.3
12155,0.1931,0,NORMAL,18.0,7.7,28.9,8.3
12156,0.2301,0,NORMAL,18.3,8.1,30.2,8.2
12157,0.3055,0,NORMAL,18.0,7.2,28.6,7.6
12158,0.9892,0,WARNING,18.2,7.6,29.7,7.5
12159,0.9892,0,WARNING,18.4,8.1,30.6,7.8
12160,0.9984,0,WARNING,18.8,7.5,29.8,6.2
12161,0.3033,0,NORMAL,18.9,7.9,30.6,8.3
12162,0.9891,0,WARNING,18.5,7.6,30.3,7.8
12163,0.4338,0,NORMAL,18.7,7.6,28.6,7.6
12164,0.9984,0,WARNING,18.3,7.8,29.9,6.3
12165,0.9983,0,WARNING,18.5,7.4,29.8,6.6
12166,0.3036,0,NORMAL,19.2,7.4,29.4,7.9
12167,0.9983,0,WARNING,18.8,7.5,29.3,6.5
12168,0.2609,0,NORMAL,18.8,7.6,30.1,8.2
12169,0.9891,0,WARNING,18.5,7.9,29.9,7.6
12170,0.9984,0,WARNING,18.7,7.6,29.7,6.7
12171,0.2487,0,NORMAL,18.8,7.6,28.6,7.7
12172,0.9892,0,WARNING,18.7,7.4,30.4,7.9
12173,0.9984,0,WARNING,18.8,7.5,29.5,5.9
12174,0.3033,0,NORMAL,18.7,7.5,30.5,8.2
12175,0.9984,0,WARNING,18.8,7.7,31.7,7.4
12176,0.9984,0,WARNING,18.9,7.5,30.8,7.1
12177,0.2065,0,NORMAL,18.8,7.8,31.5,8.8
12178,0.9984,0,WARNING,18.7,7.6,32.0,7.0
12179,0.2101,0,NORMAL,18.6,7.5,30.5,8.4
12180,0.9984,0,WARNING,18.2,7.5,29.8,6.8
12181,0.9983,0,WARNING,18.6,7.8,32.3,7.0
12182,0.989,0,WARNING,18.4,7.6,30.9,7.9
12183,0.9984,0,WARNING,18.5,7.6,31.3,7.2
12184,0.9891,0,WARNING,18.3,7.4,31.9,8.4
12185,0.9984,0,WARNING,18.7,8.0,32.1,7.5
12186,0.989,0,WARNING,19.2,7.6,31.0,7.9
12187,0.9984,0,WARNING,19.6,7.7,30.7,7.1
12188,0.8953,0,WARNING,20.5,9.7,32.4,10.2
12189,1.0,0,ANOMALY,25.0,14.8,44.1,20.3
12190,0.9995,0,WARNING,24.2,13.8,37.3,10.9
12191,1.0,0,ANOMALY,24.0,11.7,37.2,17.3
12192,0.9884,0,WARNING,20.4,8.1,34.3,10.7
12193,0.9985,0,WARNING,18.9,7.4,30.2,6.9
12194,0.9888,0,WARNING,18.7,6.8,34.2,9.1
12195,0.3133,0,NORMAL,18.6,6.9,32.8,9.2
12196,0.2891,0,NORMAL,18.4,7.5,32.2,8.8
12197,0.9889,0,WARNING,18.8,6.8,31.4,8.0
12198,0.9984,0,WARNING,18.5,7.1,33.2,7.3
12199,0.9984,0,WARNING,18.5,7.1,32.2,7.1
12200,0.989,0,WARNING,18.4,7.2,30.5,7.8
12201,0.9984,0,WARNING,18.1,6.9,31.6,7.0
12202,0.9891,0,WARNING,17.9,6.6,31.2,8.2
12203,0.9891,0,WARNING,18.3,6.9,30.9,8.1
12204,0.2253,0,NORMAL,18.2,7.6,31.9,8.8
12205,0.9984,0,WARNING,18.2,7.0,31.1,6.6
12206,0.9984,0,WARNING,18.2,6.8,31.3,6.6
12207,0.9891,0,WARNING,18.0,6.8,30.8,8.0
12208,0.1938,0,NORMAL,18.2,7.0,30.7,8.5
12209,0.9891,0,WARNING,17.9,6.7,30.6,8.0
12210,0.9891,0,WARNING,17.3,6.4,30.2,7.8
12211,0.9984,0,WARNING,17.2,6.9,29.8,6.8
12212,0.9983,0,WARNING,17.3,6.3,29.7,6.2
12213,0.9983,0,WARNING,17.2,5.6,26.3,5.0
12214,0.9983,0,WARNING,17.4,6.0,29.1,6.0
12215,0.9983,0,WARNING,17.5,6.7,30.0,6.9
12216,0.9983,0,WARNING,17.2,6.4,29.4,6.2
12217,0.1462,0,NORMAL,16.9,5.3,27.0,7.2
12218,0.9983,0,WARNING,17.1,5.9,27.5,5.5
12219,0.9983,0,WARNING,16.9,5.7,27.5,5.6
12220,0.9894,0,WARNING,17.5,7.1,32.3,8.5
12221,0.9983,0,WARNING,17.6,7.1,31.1,7.2
12222,0.9892,0,WARNING,17.4,6.8,30.8,7.9
12223,0.9983,0,WARNING,17.3,7.0,32.0,7.6
12224,0.272,0,NORMAL,17.4,7.0,32.1,9.2
12225,0.9984,0,WARNING,17.0,5.7,27.2,5.9
12226,0.9983,0,WARNING,17.5,7.3,32.8,8.1
12227,0.2618,0,NORMAL,17.6,6.9,32.6,9.2
12228,0.9984,0,WARNING,17.5,7.0,33.2,7.5
12229,0.9984,0,WARNING,17.1,4.9,25.4,4.8
12230,0.9893,0,WARNING,17.0,5.3,28.9,7.4
12231,0.9893,0,WARNING,16.8,4.3,24.2,5.9
12232,0.9895,0,WARNING,16.7,4.5,24.7,6.0
12233,0.9896,0,WARNING,16.6,4.3,24.3,5.9
12234,0.9896,0,WARNING,16.5,4.0,24.1,5.0
12235,0.9983,0,WARNING,16.4,4.1,24.1,4.9
12236,0.2035,0,NORMAL,16.2,3.9,23.8,6.2
12237,0.9983,0,WARNING,16.3,4.0,23.7,4.3
12238,0.9983,0,WARNING,16.4,4.1,23.8,4.2
12239,0.9983,0,WARNING,16.1,3.8,23.6,4.3
12240,0.9982,0,WARNING,15.9,4.1,24.0,5.0
12241,0.9982,0,WARNING,15.8,4.2,23.8,4.3
12242,0.9982,0,WARNING,16.0,4.1,23.6,4.3
12243,0.9982,0,WARNING,15.8,3.8,23.6,4.3
12244,0.9982,0,WARNING,15.8,3.9,23.4,4.2
12245,0.2776,0,NORMAL,15.8,3.7,23.5,6.1
12246,0.9983,0,WARNING,15.8,3.9,23.4,4.1
12247,0.2348,0,NORMAL,16.7,3.8,23.5,6.2
12248,0.9989,0,WARNING,20.1,12.0,25.9,9.0
12249,1.0,0,ANOMALY,22.1,14.8,40.1,17.0
12250,0.9889,0,WARNING,19.3,7.8,26.0,7.7
12251,0.2406,0,NORMAL,16.4,3.7,22.8,5.9
12252,0.4123,0,NORMAL,16.2,3.5,21.9,5.4
12253,0.9983,0,WARNING,16.1,4.0,24.2,4.4
12254,0.9897,0,WARNING,16.3,3.9,23.1,5.5
12255,0.9734,0,WARNING,16.2,3.4,23.0,5.3
12256,0.9983,0,WARNING,16.2,3.6,22.7,4.5
12257,0.9898,0,WARNING,15.9,3.7,23.0,5.5
12258,0.9898,0,WARNING,16.1,3.4,22.9,5.5
12259,0.9983,0,WARNING,16.4,3.3,22.7,4.0
12260,0.9898,0,WARNING,16.8,3.4,22.5,5.2
12261,0.9898,0,WARNING,16.9,3.8,23.1,5.4
12262,0.9983,0,WARNING,17.5,3.3,22.6,4.4
12263,0.9982,0,WARNING,17.4,3.4,22.8,4.1
12264,0.9898,0,WARNING,17.0,3.5,22.6,5.2
12265,0.2783,0,NORMAL,17.2,3.2,22.6,5.9
12266,0.9982,0,WARNING,17.3,3.3,22.7,4.1
12267,0.9982,0,WARNING,17.6,3.5,22.3,3.9
12268,0.9898,0,WARNING,17.4,3.1,22.4,4.5
12269,0.9982,0,WARNING,17.4,3.2,22.3,3.6
12270,0.9898,0,WARNING,17.4,3.3,22.6,5.4
12271,0.9982,0,WARNING,17.2,3.3,22.5,4.4
12272,0.9898,0,WARNING,17.2,3.1,22.2,5.2
12273,0.9982,0,WARNING,17.2,3.4,22.6,4.0
12274,0.9898,0,WARNING,17.1,3.2,22.3,5.2
12275,0.9898,0,WARNING,17.1,3.0,22.4,5.3
12276,0.9898,0,WARNING,17.0,3.1,22.5,5.2
12277,0.9982,0,WARNING,17.1,3.3,22.3,4.2
12278,0.2552,0,NORMAL,17.1,3.3,22.4,5.8
12279,0.9982,0,WARNING,16.3,2.5,19.7,2.9
12280,0.9899,0,WARNING,15.8,2.0,17.4,4.8
12281,0.9998,0,WARNING,18.2,10.0,22.9,5.5
12282,0.9983,0,WARNING,16.5,3.1,21.6,3.8
12283,0.9983,0,WARNING,16.3,3.2,21.9,3.8
12284,0.9982,0,WARNING,16.5,3.1,21.6,3.5
12285,0.3788,0,NORMAL,16.5,3.1,21.3,5.3
12286,0.9982,0,WARNING,16.4,3.2,21.6,4.3
12287,0.9982,0,WARNING,16.6,3.0,21.4,3.5
12288,0.9899,0,WARNING,16.7,3.2,21.7,5.2
12289,0.2624,0,NORMAL,16.4,3.1,21.5,5.7
12290,0.9899,0,WARNING,16.2,2.9,21.6,4.9
12291,0.2685,0,NORMAL,16.1,3.2,21.9,5.7
12292,0.9982,0,WARNING,16.1,3.1,21.5,3.6
12293,0.9982,0,WARNING,16.0,3.0,21.4,3.6
12294,0.9899,0,WARNING,15.8,2.8,21.5,5.1
12295,0.9982,0,WARNING,15.8,3.0,21.5,4.2
12296,0.9982,0,WARNING,15.9,3.1,21.6,4.3
12297,0.9982,0,WARNING,15.8,3.0,21.4,3.6
12298,0.9982,0,WARNING,15.7,2.8,21.5,3.6
12299,0.9982,0,WARNING,15.6,2.9,21.4,3.6
12300,0.9982,0,WARNING,15.6,2.8,21.1,3.2
12301,0.2854,0,NORMAL,15.7,3.0,21.2,5.4
12302,0.9982,0,WARNING,15.6,2.8,21.1,3.4
12303,0.9982,0,WARNING,15.2,1.2,16.2,1.8
12304,0.9901,0,WARNING,15.0,0.6,15.1,3.1
12305,0.9982,0,WARNING,15.0,0.9,16.3,2.0
12306,0.9981,0,WARNING,14.9,0.8,15.1,1.6
12307,0.9981,0,WARNING,15.2,0.7,15.2,1.5
12308,0.9903,0,WARNING,15.5,1.1,15.3,2.9
12309,0.9981,0,WARNING,15.7,2.8,14.9,1.5
12310,0.9981,0,WARNING,15.8,0.8,15.7,1.7
12311,0.9903,0,WARNING,16.2,0.9,15.5,3.0
12312,0.9903,0,WARNING,16.4,0.7,15.5,3.1
12313,0.9903,0,WARNING,16.7,1.5,17.1,3.4
12314,0.7915,0,WARNING,17.1,2.0,16.6,3.7
12315,0.9903,0,WARNING,16.7,0.9,15.6,2.9
12316,0.9903,0,WARNING,17.0,2.1,18.9,3.1
12317,0.9982,0,WARNING,16.8,1.2,17.0,1.7
12318,0.9903,0,WARNING,16.8,1.2,16.9,3.2
12319,0.9903,0,WARNING,16.9,0.8,16.0,3.0
12320,0.9903,0,WARNING,17.3,0.9,15.9,3.1
12321,0.9903,0,WARNING,17.0,1.1,16.2,3.0
12322,1.0,0,WARNING,21.4,11.3,38.0,13.3
12323,0.9617,0,WARNING,19.5,9.6,37.0,10.8
12324,0.9774,0,WARNING,18.8,11.3,35.3,11.0
12325,0.5922,0,NORMAL,17.5,8.2,32.8,8.7
12326,0.5944,0,NORMAL,16.8,5.4,28.7,8.2
12327,0.9984,0,WARNING,16.5,5.6,30.4,7.4
12328,0.9984,0,WARNING,16.4,5.4,30.6,7.5
12329,0.9983,0,WARNING,16.5,6.1,31.5,7.6
12330,0.8729,0,WARNING,16.4,5.7,30.6,9.0
12331,0.9984,0,WARNING,16.3,5.4,29.4,6.4
12332,0.9983,0,WARNING,15.8,2.6,20.5,3.2
12333,0.9896,0,WARNING,15.7,2.7,20.5,4.8
12334,0.9898,0,WARNING,15.5,2.4,20.5,4.7
12335,0.2653,0,NORMAL,15.6,2.5,20.7,5.4
12336,0.9899,0,WARNING,15.6,2.6,20.7,4.8
12337,0.9982,0,WARNING,15.5,2.5,20.3,3.3
12338,0.99,0,WARNING,15.4,2.4,20.4,4.5
12339,0.99,0,WARNING,15.4,2.6,20.4,4.6
12340,0.9982,0,WARNING,15.5,2.7,20.5,3.1
12341,0.9982,0,WARNING,15.2,2.6,20.4,3.9
12342,0.9982,0,WARNING,15.3,2.5,20.3,3.3
12343,0.9982,0,WARNING,15.2,2.3,20.3,3.7
12344,0.9982,0,WARNING,15.3,2.4,20.3,3.4
12345,0.9982,0,WARNING,15.1,2.3,20.1,3.7
12346,0.3668,0,NORMAL,15.1,2.5,20.3,5.1
12347,0.9982,0,WARNING,15.1,2.3,20.1,3.1
12348,0.99,0,WARNING,15.1,2.2,20.2,4.6
12349,0.99,0,WARNING,15.1,2.2,20.1,4.5
12350,0.99,0,WARNING,15.1,2.4,20.1,4.6
12351,0.99,0,WARNING,15.2,2.7,20.0,4.6
12352,0.9982,0,WARNING,15.1,2.2,20.3,3.3
12353,0.9982,0,WARNING,15.1,2.3,20.1,3.3
12354,0.99,0,WARNING,15.1,2.5,20.4,4.6
12355,0.9982,0,WARNING,15.0,2.2,20.4,3.6
12356,0.99,0,WARNING,15.0,2.2,20.4,4.6
12357,0.9982,0,WARNING,15.0,2.4,20.2,3.3
12358,0.99,0,WARNING,15.0,2.2,20.0,4.6
12359,0.99,0,WARNING,15.0,2.2,20.0,3.9
12360,0.9982,0,WARNING,15.0,2.2,20.2,3.3
12361,0.9982,0,WARNING,15.0,2.5,19.8,3.2
12362,0.99,0,WARNING,15.2,2.2,20.0,4.5
12363,0.9982,0,WARNING,15.2,2.2,20.3,3.1
12364,0.99,0,WARNING,15.6,2.4,20.0,4.6
12365,0.99,0,WARNING,16.0,2.2,20.0,4.5
12366,0.99,0,WARNING,15.8,2.2,19.9,4.6
12367,0.9982,0,WARNING,17.0,2.4,20.3,3.1
12368,0.3734,0,NORMAL,20.0,4.1,24.0,7.3
12369,1.0,0,WARNING,20.3,6.7,35.6,12.1
12370,0.9894,0,WARNING,18.6,3.5,24.1,7.6
12371,0.9895,0,WARNING,17.4,2.4,20.3,4.5
12372,0.9897,0,WARNING,17.3,2.1,20.1,4.6
12373,0.9982,0,WARNING,17.3,2.1,20.4,3.8
12374,0.9899,0,WARNING,17.0,2.2,20.1,4.7
12375,0.2928,0,NORMAL,17.2,2.1,20.2,5.1
12376,0.9982,0,WARNING,16.9,2.2,20.2,3.3
12377,0.9982,0,WARNING,16.6,2.0,20.1,3.2
12378,0.9982,0,WARNING,16.4,2.1,19.9,3.0
12379,0.9982,0,WARNING,16.3,2.4,20.3,3.2
12380,0.99,0,WARNING,16.3,2.1,19.8,4.5
12381,0.99,0,WARNING,16.4,2.3,20.0,4.4
12382,0.9982,0,WARNING,16.2,2.1,20.1,3.2
12383,0.99,0,WARNING,16.2,2.2,20.2,4.6
12384,0.99,0,WARNING,16.0,2.1,20.0,4.6
12385,0.99,0,WARNING,16.0,2.0,19.6,4.5
12386,0.3639,0,NORMAL,15.9,2.1,19.8,4.7
12387,0.9982,0,WARNING,15.8,2.1,19.8,2.9
12388,0.9982,0,WARNING,15.7,2.1,20.0,3.2
12389,0.9982,0,WARNING,15.7,2.0,19.8,3.1
12390,0.99,0,WARNING,15.7,2.1,20.1,4.6
12391,0.99,0,WARNING,15.6,2.3,20.2,4.6
12392,0.3649,0,NORMAL,15.6,2.1,19.9,4.9
12393,0.9982,0,WARNING,15.6,2.2,20.0,3.2
12394,0.99,0,WARNING,15.5,2.1,20.1,4.5
12395,0.99,0,WARNING,15.2,1.1,15.8,2.9
12396,0.9982,0,WARNING,15.1,0.7,15.2,1.7
12397,0.8832,0,WARNING,15.2,1.0,15.9,3.4
12398,0.9981,0,WARNING,15.0,0.9,15.4,1.6
12399,0.9981,0,WARNING,15.0,0.8,15.3,1.6
12400,0.9981,0,WARNING,15.0,0.7,15.3,1.6
12401,0.9903,0,WARNING,14.9,1.0,15.6,3.0
12402,0.9981,0,WARNING,14.9,0.8,15.2,1.4
12403,0.9903,0,WARNING,15.1,1.1,16.1,3.1
12404,0.9903,0,WARNING,14.9,0.8,15.3,2.8
12405,0.9981,0,WARNING,14.9,0.8,15.1,2.7
12406,0.9981,0,WARNING,14.9,0.7,15.2,1.6
12407,0.9903,0,WARNING,14.9,0.7,15.1,2.9
12408,0.9981,0,WARNING,14.9,0.8,15.0,1.6
12409,0.3869,0,NORMAL,15.9,4.2,26.0,6.7
12410,0.3482,0,NORMAL,15.6,4.2,24.4,6.1
12411,0.6362,0,WARNING,16.4,6.3,30.3,7.7
12412,0.9898,0,WARNING,15.2,1.6,16.6,3.2
12413,0.9982,0,WARNING,16.0,3.7,24.0,4.2
12414,0.9899,0,WARNING,15.6,2.9,21.1,5.0
12415,0.9982,0,WARNING,15.5,2.4,20.8,3.5
12416,0.2881,0,NORMAL,15.4,2.4,20.2,5.1
12417,0.99,0,WARNING,15.6,2.9,22.1,5.2
12418,0.9982,0,WARNING,15.5,2.7,21.2,3.5
12419,0.9982,0,WARNING,15.2,1.5,16.9,2.0
12420,0.3284,0,NORMAL,15.5,2.5,20.8,5.3
12421,0.9982,0,WARNING,15.5,2.8,20.4,3.8
12422,0.9982,0,WARNING,15.4,2.3,20.1,3.2
12423,0.9982,0,WARNING,15.7,3.2,23.6,4.5
12424,0.9982,0,WARNING,15.2,1.7,16.9,2.1
12425,0.3492,0,NORMAL,15.5,2.8,22.1,5.7
12426,0.9982,0,WARNING,15.5,2.6,20.2,3.6
12427,0.9982,0,WARNING,15.9,1.9,18.7,2.6
12428,0.9901,0,WARNING,17.4,3.6,21.1,6.1
12429,0.99,0,WARNING,18.4,2.9,23.9,4.1
12430,1.0,0,WARNING,20.1,7.2,36.1,11.6
12431,0.9978,0,WARNING,19.0,4.2,30.2,10.3
12432,0.9895,0,WARNING,16.0,3.4,21.0,4.6
12433,0.9983,0,WARNING,15.8,3.0,23.0,4.1
12434,0.9898,0,WARNING,16.3,4.2,27.7,6.5
12435,0.2292,0,NORMAL,15.9,3.4,24.0,6.5
12436,0.9897,0,WARNING,15.6,2.0,18.9,4.2
12437,0.9982,0,WARNING,15.5,2.0,19.1,3.0
12438,0.9982,0,WARNING,15.4,2.2,19.0,3.3
12439,0.99,0,WARNING,15.4,2.1,19.0,4.3
12440,0.9901,0,WARNING,15.4,1.9,18.9,3.5
12441,0.9982,0,WARNING,15.2,1.9,17.9,2.3
12442,0.9901,0,WARNING,15.2,1.9,18.4,3.8
12443,0.9901,0,WARNING,15.3,2.4,20.9,4.9
12444,0.9901,0,WARNING,15.3,2.0,18.9,3.7
12445,0.9901,0,WARNING,15.3,2.0,19.0,3.6
12446,0.9901,0,WARNING,15.2,2.2,18.9,4.3
12447,0.9901,0,WARNING,15.2,2.0,19.1,4.3
12448,0.9982,0,WARNING,15.2,2.0,18.9,2.8
12449,0.9982,0,WARNING,15.2,2.1,19.1,2.7
12450,0.3382,0,NORMAL,15.2,2.1,19.1,4.7
12451,0.9901,0,WARNING,15.2,2.1,18.9,4.2
12452,0.9901,0,WARNING,15.2,2.1,19.2,4.3
12453,0.9982,0,WARNING,15.2,2.0,19.2,3.0
12454,0.9901,0,WARNING,15.2,2.0,19.2,4.2
12455,0.9982,0,WARNING,15.2,2.0,19.1,2.9
12456,0.9901,0,WARNING,15.2,2.1,19.2,4.2
12457,0.9901,0,WARNING,15.2,2.0,19.3,4.1
12458,0.9901,0,WARNING,15.2,2.0,19.0,4.2
12459,0.9982,0,WARNING,15.2,2.0,19.3,2.9
12460,0.9982,0,WARNING,15.1,2.1,19.2,3.5
12461,0.9901,0,WARNING,15.1,2.2,19.1,4.4
12462,0.3336,0,NORMAL,15.1,1.9,19.4,4.9
12463,0.9982,0,WARNING,15.1,2.0,19.1,3.0
12464,0.9901,0,WARNING,15.1,2.0,19.0,4.2
12465,0.9982,0,WARNING,15.1,2.2,19.3,2.9
12466,0.9982,0,WARNING,15.1,1.9,19.1,3.4
12467,0.9982,0,WARNING,15.4,2.1,19.3,2.9
12468,0.9901,0,WARNING,16.0,2.2,19.4,4.4
12469,0.9982,0,WARNING,16.3,2.1,19.0,2.8
12470,0.99,0,WARNING,16.3,2.1,19.4,4.4
12471,0.99,0,WARNING,16.4,2.3,19.3,4.4
12472,0.99,0,WARNING,16.5,2.1,19.1,4.2
12473,0.99,0,WARNING,16.8,2.1,19.3,4.2
12474,0.99,0,WARNING,17.0,2.0,19.4,4.3
12475,0.9982,0,WARNING,16.8,2.1,19.3,3.5
12476,0.9982,0,WARNING,16.9,2.2,19.3,3.5
12477,0.9982,0,WARNING,17.2,2.1,19.3,3.0
12478,0.3194,0,NORMAL,16.8,2.0,19.6,5.0
12479,0.99,0,WARNING,17.0,2.1,19.3,4.4
12480,0.9982,0,WARNING,16.8,2.1,19.5,2.8
12481,0.9982,0,WARNING,16.7,2.1,19.2,2.9
12482,0.9982,0,WARNING,16.6,2.1,19.1,2.9
12483,0.9982,0,WARNING,16.4,2.2,19.4,2.9
12484,0.9982,0,WARNING,16.4,2.1,19.3,3.0
12485,0.9982,0,WARNING,16.2,2.1,19.6,3.5
12486,0.9982,0,WARNING,16.3,2.3,19.2,3.0
12487,0.9901,0,WARNING,17.3,2.2,19.6,4.4
12488,0.9982,0,WARNING,18.3,3.3,20.2,4.8
12489,0.9997,0,WARNING,21.9,6.7,36.0,11.0
12490,0.9961,0,WARNING,19.2,3.2,25.1,9.4
12491,0.9983,0,WARNING,16.5,2.2,19.2,2.8
12492,0.9983,0,WARNING,16.2,2.0,19.4,3.0
12493,0.9982,0,WARNING,16.1,2.3,19.5,3.0
12494,0.99,0,WARNING,16.1,2.3,19.6,4.5
12495,0.99,0,WARNING,16.2,2.1,20.1,4.5
12496,0.9982,0,WARNING,16.0,2.2,19.9,3.6
12497,0.9982,0,WARNING,15.9,2.3,19.7,2.8
12498,0.9982,0,WARNING,15.9,2.4,19.9,3.0
12499,0.9982,0,WARNING,15.8,2.4,19.9,3.1
12500,0.9982,0,WARNING,15.7,2.2,19.9,3.0
12501,0.99,0,WARNING,15.8,2.5,19.9,4.5
12502,0.99,0,WARNING,15.7,2.4,19.9,4.5
12503,0.99,0,WARNING,15.7,2.0,19.9,4.4
12504,0.99,0,WARNING,15.7,2.2,19.8,4.4
12505,0.9982,0,WARNING,15.6,2.4,20.2,3.2
12506,0.99,0,WARNING,15.5,2.4,19.9,4.5
12507,0.99,0,WARNING,15.6,2.2,20.2,4.6
12508,0.9982,0,WARNING,15.7,2.4,20.1,3.2
12509,0.99,0,WARNING,15.5,2.5,20.2,4.5
12510,0.99,0,WARNING,15.6,2.3,20.5,4.7
12511,0.99,0,WARNING,15.5,2.6,20.3,4.5
12512,0.9982,0,WARNING,15.7,2.6,20.5,3.0
12513,0.9982,0,WARNING,15.6,2.5,20.4,3.3
12514,0.99,0,WARNING,15.6,2.4,20.3,4.7
12515,0.3119,0,NORMAL,15.6,2.6,20.7,5.3
12516,0.9982,0,WARNING,15.6,2.6,20.8,3.4
12517,0.99,0,WARNING,15.5,2.3,20.4,4.6
12518,0.9982,0,WARNING,15.5,2.4,20.4,3.3
12519,0.99,0,WARNING,15.5,2.6,20.5,4.5
12520,0.99,0,WARNING,15.5,2.3,20.3,4.5
12521,0.9982,0,WARNING,15.5,2.6,20.2,3.0
12522,0.99,0,WARNING,15.6,2.4,20.2,4.5
12523,0.9982,0,WARNING,15.5,2.7,20.6,3.4
12524,0.9982,0,WARNING,15.6,2.6,20.4,3.3
12525,0.9982,0,WARNING,15.6,2.5,20.8,3.3
12526,0.99,0,WARNING,15.5,2.5,20.5,4.8
12527,0.3513,0,NORMAL,15.5,2.7,20.8,5.1
12528,0.9982,0,WARNING,15.4,2.8,20.5,3.2
12529,0.99,0,WARNING,15.5,2.6,20.9,4.7
12530,0.9982,0,WARNING,15.5,2.6,20.8,3.5
12531,0.9982,0,WARNING,15.4,2.8,20.5,3.4
12532,0.99,0,WARNING,15.4,2.7,20.6,4.6
12533,0.9982,0,WARNING,15.4,2.6,21.0,3.5
12534,0.99,0,WARNING,15.4,2.7,20.8,4.7
12535,0.9982,0,WARNING,15.7,2.8,21.3,3.9
12536,0.99,0,WARNING,15.6,2.8,21.2,4.8
12537,0.2992,0,NORMAL,15.5,2.6,21.1,5.4
12538,0.9982,0,WARNING,15.5,2.9,20.9,3.5
12539,0.9982,0,WARNING,15.5,2.9,21.2,3.6
12540,0.9982,0,WARNING,15.4,2.6,20.8,3.4
12541,0.99,0,WARNING,15.5,2.8,20.9,4.7
12542,0.9982,0,WARNING,15.6,3.0,21.2,3.5
12543,0.9982,0,WARNING,15.4,2.6,20.9,3.2
12544,0.9982,0,WARNING,15.5,2.8,21.4,3.4
12545,0.9982,0,WARNING,15.5,3.1,21.6,4.1
12546,0.9899,0,WARNING,15.4,3.0,21.5,5.1
12547,0.9899,0,WARNING,16.3,3.0,22.0,5.1
12548,0.9982,0,WARNING,18.7,6.5,22.5,5.1
12549,0.9997,0,WARNING,21.4,9.9,36.7,12.4
12550,0.9993,0,WARNING,19.2,4.1,28.4,10.3
12551,0.9894,0,WARNING,16.3,3.7,21.8,4.9
12552,0.9896,0,WARNING,16.0,2.9,21.6,4.9
12553,0.9983,0,WARNING,15.9,3.1,22.0,4.3
12554,0.2372,0,NORMAL,15.8,3.2,21.7,5.6
12555,0.9982,0,WARNING,15.8,3.2,21.6,3.6
12556,0.2618,0,NORMAL,15.7,3.1,21.9,5.7
12557,0.9982,0,WARNING,15.7,3.0,21.7,3.6
12558,0.9899,0,WARNING,15.7,3.2,21.9,5.1
12559,0.9899,0,WARNING,15.6,3.5,22.3,5.1
12560,0.2725,0,NORMAL,15.7,3.3,22.3,5.6
12561,0.9899,0,WARNING,15.6,3.3,22.4,5.3
12562,0.9982,0,WARNING,15.5,3.2,22.3,3.8
12563,0.2704,0,NORMAL,15.6,3.4,22.1,5.7
12564,0.9899,0,WARNING,15.9,3.2,22.4,4.6
12565,0.9982,0,WARNING,15.7,3.4,22.8,4.6
12566,0.9982,0,WARNING,15.7,3.6,22.7,4.4
12567,0.9982,0,WARNING,15.6,3.6,23.0,4.0
12568,0.9982,0,WARNING,15.6,3.4,22.7,3.9
12569,0.9899,0,WARNING,15.6,3.3,22.8,5.4
12570,0.9899,0,WARNING,15.6,3.6,22.7,5.5
12571,0.9982,0,WARNING,15.7,3.6,22.6,4.3
12572,0.254,0,NORMAL,16.0,3.4,23.2,6.1
12573,0.9982,0,WARNING,16.5,3.7,22.9,4.6
12574,0.9898,0,WARNING,16.8,3.7,23.0,5.3
12575,0.2753,0,NORMAL,17.3,3.4,22.9,5.9
12576,0.9983,0,WARNING,17.0,3.6,23.1,4.5
12577,0.24,0,NORMAL,17.2,3.8,23.1,6.1
12578,0.232,0,NORMAL,17.3,3.9,23.0,6.0
12579,0.9983,0,WARNING,17.4,3.7,23.3,4.7
12580,0.9982,0,WARNING,17.5,4.0,23.5,4.2
12581,0.9982,0,WARNING,17.6,4.2,23.3,4.1
12582,0.9982,0,WARNING,17.6,3.7,23.3,4.1
12583,0.9897,0,WARNING,18.1,3.7,23.4,5.5
12584,0.9983,0,WARNING,17.8,4.0,23.3,4.1
12585,0.9982,0,WARNING,17.8,4.0,23.3,4.2
12586,0.9897,0,WARNING,17.9,3.8,23.8,5.7
12587,0.9897,0,WARNING,18.3,3.7,23.6,5.7
12588,0.9983,0,WARNING,18.0,4.0,23.5,4.1
12589,0.2179,0,NORMAL,17.8,4.2,23.8,6.2
12590,0.9897,0,WARNING,17.6,4.1,23.6,5.5
12591,0.9983,0,WARNING,17.5,4.2,23.8,4.3
12592,0.2072,0,NORMAL,17.4,4.0,23.8,6.1
12593,0.9897,0,WARNING,17.7,4.4,23.8,5.8
12594,0.1992,0,NORMAL,17.8,4.3,23.9,6.3
12595,0.9983,0,WARNING,17.7,4.1,24.1,5.0
12596,0.1919,0,NORMAL,17.5,4.2,24.3,6.4
12597,0.9897,0,WARNING,18.4,4.6,24.2,5.8
12598,0.9983,0,WARNING,18.3,4.5,24.0,4.8
12599,0.9896,0,WARNING,18.3,4.2,24.3,5.7
12600,0.9983,0,WARNING,18.3,4.4,24.1,4.5
12601,0.9896,0,WARNING,18.3,4.8,24.2,5.9
12602,0.9983,0,WARNING,18.1,4.3,24.2,5.0
12603,0.3949,0,NORMAL,17.8,3.9,22.6,5.8
12604,0.9983,0,WARNING,18.2,5.2,25.8,5.0
12605,0.9896,0,WARNING,18.3,5.0,24.7,6.0
12606,0.3974,0,NORMAL,18.5,4.4,24.3,6.1
12607,0.9896,0,WARNING,19.1,4.8,25.2,5.9
12608,0.9983,0,WARNING,20.1,6.1,25.4,6.6
12609,0.6074,0,WARNING,20.5,4.1,21.8,5.6
12610,0.9983,0,WARNING,19.0,1.4,17.7,2.1
12611,0.9982,0,WARNING,18.8,1.2,17.5,2.4
12612,0.99,0,WARNING,18.6,1.4,17.8,3.6
12613,0.9901,0,WARNING,18.3,1.3,17.7,3.7
12614,0.9901,0,WARNING,18.2,1.3,17.5,3.5
12615,0.9902,0,WARNING,18.1,1.1,17.8,3.5
12616,0.9902,0,WARNING,18.2,1.5,17.4,4.4
12617,0.9982,0,WARNING,18.0,1.3,17.8,2.4
12618,0.9902,0,WARNING,18.1,1.7,19.3,4.1
12619,0.9902,0,WARNING,17.9,1.0,17.5,3.9
12620,0.9902,0,WARNING,18.0,1.6,17.8,3.8
12621,0.9982,0,WARNING,17.9,1.3,17.6,1.9
12622,1.0,0,ANOMALY,19.2,4.8,25.3,8.7
12623,0.9982,0,WARNING,18.4,1.1,17.4,2.0
12624,0.99,0,WARNING,18.2,0.8,17.0,3.4
12625,0.9901,0,WARNING,18.1,0.9,17.1,3.5
12626,0.9982,0,WARNING,18.1,1.1,16.6,2.0
12627,0.9981,0,WARNING,18.2,1.0,16.9,2.1
12628,0.9981,0,WARNING,18.2,1.2,17.2,2.1
12629,0.9981,0,WARNING,18.1,1.3,17.6,2.1
12630,0.9981,0,WARNING,20.1,5.4,29.4,6.6
12631,0.9982,0,WARNING,18.1,5.2,21.8,3.1
12632,1.0,0,WARNING,20.6,13.8,35.3,13.0
12633,0.9984,0,WARNING,18.7,9.7,27.9,5.0
12634,0.9984,0,WARNING,18.8,9.5,27.8,5.1
12635,0.6499,0,WARNING,19.5,11.2,28.8,7.2
12636,0.5998,0,NORMAL,19.7,10.8,29.1,7.2
12637,0.9984,0,WARNING,20.3,11.7,29.8,5.5
12638,0.9984,0,WARNING,20.2,11.8,31.0,5.7
12639,0.9984,0,WARNING,19.6,10.9,30.3,5.6
12640,0.9984,0,WARNING,19.3,10.0,29.2,6.1
12641,0.9984,0,WARNING,19.9,11.1,31.2,6.3
12642,0.9984,0,WARNING,19.2,9.2,29.0,5.6
12643,0.9892,0,WARNING,18.8,7.6,28.9,7.3
12644,0.9984,0,WARNING,18.4,7.2,28.8,5.9
12645,0.2169,0,NORMAL,18.4,7.7,28.9,7.8
12646,0.9983,0,WARNING,18.6,7.7,29.2,6.3
12647,0.9983,0,WARNING,18.3,7.9,29.0,5.9
12648,0.9983,0,WARNING,18.4,7.9,29.2,6.0
12649,0.9893,0,WARNING,18.2,7.8,29.0,7.3
12650,0.9893,0,WARNING,18.5,7.9,28.9,7.3
12651,0.9983,0,WARNING,18.2,7.5,28.5,5.8
12652,0.2385,0,NORMAL,18.5,8.0,29.0,7.8
12653,0.9983,0,WARNING,18.1,7.6,28.8,5.8
12654,0.9893,0,WARNING,18.2,7.4,27.5,6.7
12655,0.9983,0,WARNING,17.9,7.0,29.4,6.1
12656,0.2371,0,NORMAL,18.5,8.3,28.2,7.5
12657,0.9893,0,WARNING,18.4,7.2,27.2,6.7
12658,0.9983,0,WARNING,18.6,7.5,29.2,6.0
12659,0.9983,0,WARNING,18.4,7.9,27.6,5.4
12660,0.1495,0,NORMAL,18.2,7.7,28.6,7.8
12661,0.9893,0,WARNING,18.1,7.8,29.2,7.4
12662,0.9983,0,WARNING,18.2,8.0,27.5,5.2
12663,0.9893,0,WARNING,18.2,7.4,28.9,7.3
12664,0.9893,0,WARNING,18.5,8.0,29.7,7.5
12665,0.9983,0,WARNING,18.2,7.7,28.9,6.4
12666,0.9983,0,WARNING,18.1,8.0,29.4,6.2
12667,0.2444,0,NORMAL,19.3,7.2,28.3,7.5
12668,0.9999,0,WARNING,21.9,9.4,30.1,9.9
12669,1.0,0,ANOMALY,26.9,21.0,47.8,21.1
12670,1.0,0,WARNING,23.1,8.8,33.8,13.0
12671,0.9985,0,WARNING,19.3,8.4,29.1,5.9
12672,0.9984,0,WARNING,18.5,7.9,27.8,6.0
12673,0.2125,0,NORMAL,18.3,7.4,27.5,7.3
12674,0.9892,0,WARNING,18.0,7.4,27.8,6.9
12675,0.1351,0,NORMAL,18.1,7.6,29.2,8.0
12676,0.9983,0,WARNING,18.2,8.0,29.5,6.2
12677,0.3048,0,NORMAL,18.6,7.5,27.7,7.4
12678,0.9983,0,WARNING,18.8,7.8,28.4,5.5
12679,0.9983,0,WARNING,18.8,7.7,29.1,6.0
12680,0.9893,0,WARNING,18.4,7.1,28.2,6.9
12681,0.9983,0,WARNING,18.8,8.2,29.4,6.1
12682,0.9983,0,WARNING,18.7,7.4,28.2,5.8
12683,0.9983,0,WARNING,18.9,8.0,29.5,6.6
12684,0.9893,0,WARNING,18.8,7.8,29.1,7.4
12685,0.3046,0,NORMAL,19.5,7.5,29.5,7.8
12686,0.9984,0,WARNING,19.2,7.3,28.4,6.1
12687,0.9983,0,WARNING,19.1,7.5,29.6,6.6
12688,0.9893,0,WARNING,19.0,7.3,29.7,7.6
12689,0.9983,0,WARNING,19.3,7.1,28.7,6.4
12690,0.9893,0,WARNING,18.9,6.3,25.6,6.2
12691,0.9894,0,WARNING,19.0,6.3,25.3,6.0
12692,0.9894,0,WARNING,19.2,6.4,25.9,6.3
12693,0.9983,0,WARNING,19.0,6.4,25.8,4.8
12694,0.9895,0,WARNING,19.3,6.3,25.2,5.9
12695,0.9983,0,WARNING,18.9,6.3,26.7,5.2
12696,0.9983,0,WARNING,18.9,6.2,25.3,5.1
12697,0.9983,0,WARNING,18.9,6.4,25.6,5.5
12698,0.9895,0,WARNING,19.0,6.2,25.4,6.0
12699,0.9983,0,WARNING,19.1,6.3,25.8,5.4
12700,0.9983,0,WARNING,19.5,6.2,24.8,4.6
12701,0.9895,0,WARNING,18.9,6.6,26.5,6.4
12702,0.9895,0,WARNING,18.8,6.3,25.7,6.2
12703,0.9983,0,WARNING,19.0,6.3,25.8,4.9
12704,0.9895,0,WARNING,18.6,5.9,26.0,6.4
12705,0.9983,0,WARNING,18.6,6.0,25.5,5.4
12706,0.9895,0,WARNING,19.1,6.3,26.1,6.3
12707,0.9983,0,WARNING,19.0,6.0,25.5,4.8
12708,0.9983,0,WARNING,18.8,6.1,25.6,4.8
12709,0.9983,0,WARNING,18.7,5.7,25.4,4.7
12710,0.9983,0,WARNING,18.7,6.2,26.1,4.9
12711,0.9983,0,WARNING,18.6,6.1,25.1,4.5
12712,0.9895,0,WARNING,18.6,5.7,24.9,6.1
12713,0.9983,0,WARNING,18.6,5.9,26.1,5.0
12714,0.9895,0,WARNING,18.4,6.0,25.3,6.0
12715,0.0982,0,NORMAL,18.2,6.0,25.6,6.8
12716,0.0933,0,NORMAL,18.4,6.0,26.4,7.0
12717,0.9895,0,WARNING,18.0,5.7,25.2,5.9
12718,0.2913,0,NORMAL,18.5,5.9,25.8,6.7
12719,0.9983,0,WARNING,18.3,5.7,25.7,4.9
12720,0.9983,0,WARNING,18.3,5.7,25.2,4.6
12721,0.4059,0,NORMAL,17.9,5.9,24.6,6.3
12722,0.9896,0,WARNING,18.4,6.2,26.6,6.5
12723,0.9983,0,WARNING,18.5,6.3,26.5,5.1
12724,0.9895,0,WARNING,18.4,5.8,26.2,6.4
12725,0.4096,0,NORMAL,18.3,6.2,25.5,6.5
12726,0.2926,0,NORMAL,18.2,6.0,26.1,6.8
12727,0.9983,0,WARNING,18.9,6.2,26.2,5.4
12728,0.9895,0,WARNING,20.2,7.4,26.8,7.8
12729,1.0,0,ANOMALY,24.1,15.4,38.0,18.5
12730,0.9984,0,WARNING,22.3,10.3,33.6,9.0
12731,1.0,0,WARNING,21.2,8.0,31.8,12.4
12732,0.9889,0,WARNING,18.9,5.9,25.8,6.3
12733,0.9891,0,WARNING,18.7,6.0,25.8,6.1
12734,0.9893,0,WARNING,18.6,5.7,26.8,6.5
12735,0.11,0,NORMAL,18.7,5.9,26.2,6.9
12736,0.122,0,NORMAL,18.2,6.2,26.2,6.9
12737,0.9895,0,WARNING,18.4,5.9,26.0,5.7
12738,0.9983,0,WARNING,18.2,5.4,26.0,5.1
12739,0.9983,0,WARNING,18.2,5.5,26.1,5.6
12740,0.9895,0,WARNING,18.1,5.9,26.1,6.4
12741,0.9895,0,WARNING,18.1,6.3,26.4,6.4
12742,0.9895,0,WARNING,17.9,5.7,26.6,6.4
12743,0.9983,0,WARNING,18.2,5.7,25.7,4.8
12744,0.9895,0,WARNING,18.0,6.0,26.2,5.8
12745,0.0987,0,NORMAL,17.8,6.1,26.1,7.0
12746,0.9983,0,WARNING,17.6,5.7,25.6,4.8
12747,0.9983,0,WARNING,18.0,6.0,27.0,5.3
12748,0.9895,0,WARNING,17.8,6.2,27.0,6.6
12749,0.9983,0,WARNING,17.6,5.9,26.3,5.0
12750,0.9895,0,WARNING,17.6,5.7,26.4,6.4
12751,0.9895,0,WARNING,17.3,6.1,26.0,6.4
12752,0.9983,0,WARNING,17.4,6.7,26.5,5.7
12753,0.9983,0,WARNING,17.3,5.7,26.1,5.5
12754,0.9895,0,WARNING,17.1,5.8,26.4,6.5
12755,0.9983,0,WARNING,17.2,6.1,26.2,5.6
12756,0.1341,0,NORMAL,17.2,5.9,26.1,6.9
12757,0.9983,0,WARNING,17.2,5.8,26.5,5.0
12758,0.9983,0,WARNING,17.1,6.0,25.8,5.2
12759,0.9983,0,WARNING,17.0,5.9,26.3,5.1
12760,0.9895,0,WARNING,16.9,5.5,25.8,6.2
12761,0.9896,0,WARNING,17.0,6.4,26.5,6.5
12762,0.9983,0,WARNING,16.8,5.8,25.6,4.8
12763,0.9983,0,WARNING,16.7,5.6,25.6,4.8
12764,0.9983,0,WARNING,16.7,5.8,26.2,5.1
12765,0.9983,0,WARNING,16.7,5.9,26.1,5.4
12766,0.9983,0,WARNING,16.7,5.8,25.8,5.2
12767,0.1764,0,NORMAL,16.6,5.5,26.2,7.0
12768,0.9983,0,WARNING,16.6,5.8,25.6,4.7
12769,0.9983,0,WARNING,16.6,5.6,25.8,5.0
12770,0.9983,0,WARNING,16.7,5.6,26.4,5.7
12771,0.9983,0,WARNING,16.6,5.9,25.8,4.9
12772,0.9983,0,WARNING,16.6,5.9,26.1,5.0
12773,0.9983,0,WARNING,16.5,5.7,25.8,4.7
12774,0.9896,0,WARNING,16.5,5.6,25.7,6.1
12775,0.1873,0,NORMAL,16.5,5.8,25.8,6.8
12776,0.9983,0,WARNING,16.5,6.0,25.8,5.4
12777,0.9983,0,WARNING,16.4,5.7,25.9,5.0
12778,0.9896,0,WARNING,16.5,5.8,26.4,6.5
12779,0.9983,0,WARNING,16.3,5.8,25.3,5.1
12780,0.1495,0,NORMAL,17.1,5.8,26.5,7.0
12781,0.9983,0,WARNING,16.9,5.9,26.3,4.9
12782,0.9983,0,WARNING,17.6,5.9,25.8,4.9
12783,0.1237,0,NORMAL,17.4,6.0,26.2,6.9
12784,0.4081,0,NORMAL,17.8,5.6,25.5,6.6
12785,0.9983,0,WARNING,18.2,5.7,25.5,5.3
12786,0.9983,0,WARNING,18.0,5.6,25.8,5.5
12787,0.9895,0,WARNING,18.8,5.7,25.8,6.4
12788,0.9983,0,WARNING,20.2,6.8,26.8,6.9
12789,1.0,0,ANOMALY,24.4,16.5,36.7,17.8
12790,1.0,0,ANOMALY,22.7,13.0,33.7,8.8
12791,1.0,0,WARNING,20.3,8.3,30.3,12.1
12792,0.9889,0,WARNING,18.6,6.0,26.0,6.4
12793,0.9984,0,WARNING,18.6,5.6,25.6,4.7
12794,0.9893,0,WARNING,18.6,5.5,26.7,6.6
12795,0.1063,0,NORMAL,18.5,6.1,26.1,7.0
12796,0.2007,0,NORMAL,19.0,6.2,26.3,7.0
12797,0.9894,0,WARNING,18.6,5.6,25.8,6.1
12798,0.9983,0,WARNING,18.5,5.7,26.2,5.5
12799,0.9983,0,WARNING,18.5,5.8,26.2,5.2
12800,0.9983,0,WARNING,18.6,6.0,26.2,5.6
12801,0.9895,0,WARNING,18.6,5.9,25.8,6.4
12802,0.9983,0,WARNING,18.4,5.8,26.4,5.1
12803,0.4091,0,NORMAL,18.6,5.6,25.3,6.6
12804,0.9983,0,WARNING,18.8,6.0,26.2,5.1
12805,0.9983,0,WARNING,18.6,6.0,26.4,5.5
12806,0.9895,0,WARNING,18.4,5.9,26.0,6.4
12807,0.9983,0,WARNING,18.4,5.8,26.4,5.7
12808,0.9983,0,WARNING,18.3,5.5,24.4,5.0
12809,0.1178,0,NORMAL,18.7,6.3,27.9,7.5
12810,0.9895,0,WARNING,18.4,5.9,26.4,6.6
12811,0.9983,0,WARNING,18.3,6.0,25.9,5.4
12812,0.9895,0,WARNING,18.3,5.2,25.0,6.0
12813,0.9895,0,WARNING,18.4,6.4,27.6,6.7
12814,0.9895,0,WARNING,18.6,5.7,25.6,6.2
12815,0.1038,0,NORMAL,18.5,6.3,27.3,7.3
12816,0.9983,0,WARNING,18.6,5.9,26.7,5.8
12817,0.9894,0,WARNING,18.5,5.8,25.5,6.2
12818,0.1045,0,NORMAL,18.6,6.0,26.7,7.1
12819,0.9983,0,WARNING,18.5,5.8,25.7,5.3
12820,0.9983,0,WARNING,18.0,4.8,21.8,3.4
12821,0.9983,0,WARNING,18.6,7.5,31.4,7.3
12822,0.9983,0,WARNING,18.3,5.6,26.1,5.0
12823,0.9983,0,WARNING,18.4,5.5,24.8,4.5
12824,0.9895,0,WARNING,18.7,5.9,27.2,6.8
12825,0.9983,0,WARNING,18.8,5.6,26.7,5.8
12826,0.9983,0,WARNING,18.4,5.8,25.6,4.8
12827,0.9983,0,WARNING,18.1,5.7,25.6,5.0
12828,0.9983,0,WARNING,18.1,6.1,26.8,5.7
12829,0.9895,0,WARNING,18.0,5.8,25.8,6.3
12830,0.9895,0,WARNING,18.0,5.5,25.7,6.3
12831,0.9983,0,WARNING,18.1,5.7,25.9,5.0
12832,0.9895,0,WARNING,18.4,5.8,26.4,6.6
12833,0.9895,0,WARNING,18.4,5.3,26.0,6.4
12834,0.9895,0,WARNING,18.2,5.7,25.7,6.2
12835,0.2534,0,NORMAL,18.0,6.0,26.3,7.1
12836,0.9983,0,WARNING,18.0,5.8,26.2,5.4
12837,0.9895,0,WARNING,17.8,5.8,26.5,6.5
12838,0.9983,0,WARNING,18.1,5.7,25.7,4.8
12839,0.9983,0,WARNING,18.0,5.8,26.1,5.6
12840,0.9983,0,WARNING,18.0,5.4,26.2,5.2
12841,0.9895,0,WARNING,17.9,5.8,25.7,6.2
12842,0.9895,0,WARNING,18.0,5.9,26.1,6.5
12843,0.9895,0,WARNING,17.8,5.8,25.8,6.3
12844,0.9983,0,WARNING,17.9,5.6,26.6,5.1
12845,0.41,0,NORMAL,17.9,5.5,24.9,6.3
12846,0.9895,0,WARNING,18.0,6.4,27.7,6.9
12847,0.9895,0,WARNING,18.6,5.6,26.3,5.8
12848,0.4973,0,NORMAL,19.8,7.1,26.1,8.0
12849,1.0,0,ANOMALY,23.4,8.4,34.9,14.8
12850,1.0,0,WARNING,23.1,15.9,40.7,15.2
12851,1.0,0,ANOMALY,22.8,8.2,32.1,13.5
12852,0.9984,0,WARNING,19.3,6.3,27.0,5.2
12853,0.9984,0,WARNING,17.1,3.1,19.7,3.0
12854,0.9894,0,WARNING,17.8,5.8,24.9,5.8
12855,0.9983,0,WARNING,17.9,6.8,30.4,7.0
12856,0.9983,0,WARNING,17.9,6.4,30.0,6.8
12857,0.9983,0,WARNING,17.5,5.4,24.4,4.4
12858,0.9895,0,WARNING,17.6,6.1,27.9,7.0
12859,0.9895,0,WARNING,17.4,5.7,26.1,6.4
12860,0.9983,0,WARNING,17.2,6.0,26.1,4.9
12861,0.9895,0,WARNING,17.0,6.0,26.1,6.2
12862,0.9983,0,WARNING,17.2,5.9,25.9,4.8
12863,0.9895,0,WARNING,17.3,6.2,26.0,6.4
12864,0.9983,0,WARNING,17.2,4.8,23.0,4.5
12865,0.9983,0,WARNING,18.0,6.9,29.3,6.7
12866,0.9983,0,WARNING,17.4,5.8,25.9,5.5
12867,0.9983,0,WARNING,17.4,5.9,25.1,5.1
12868,0.9895,0,WARNING,17.2,5.6,26.0,6.3
12869,0.9983,0,WARNING,16.8,4.6,23.7,4.8
12870,0.9896,0,WARNING,17.3,7.1,27.9,6.8
12871,0.9895,0,WARNING,17.1,5.9,26.1,6.5
12872,0.9983,0,WARNING,17.0,6.3,26.0,5.5
12873,0.9983,0,WARNING,17.2,5.9,25.8,5.5
12874,0.9895,0,WARNING,17.0,5.8,26.3,6.5
12875,0.1608,0,NORMAL,16.9,6.0,26.5,7.1
12876,0.2923,0,NORMAL,16.9,6.4,26.7,7.0
12877,0.9895,0,WARNING,16.7,5.6,26.0,6.2
12878,0.9895,0,WARNING,16.7,5.9,26.2,6.4
12879,0.9983,0,WARNING,16.6,6.2,26.0,5.0
12880,0.9895,0,WARNING,16.6,5.8,26.4,6.5
12881,0.9895,0,WARNING,16.6,6.3,25.8,6.4
12882,0.4087,0,NORMAL,16.7,6.2,26.3,7.0
12883,0.9983,0,WARNING,16.7,5.9,26.4,5.6
12884,0.9895,0,WARNING,16.8,5.8,26.5,5.8
12885,0.3748,0,NORMAL,17.2,6.2,26.2,6.9
12886,0.9895,0,WARNING,17.5,6.6,26.4,6.5
12887,0.9983,0,WARNING,17.9,5.9,26.7,5.9
12888,0.9895,0,WARNING,18.0,6.0,26.3,6.5
12889,0.9983,0,WARNING,18.1,6.0,27.0,5.9
12890,0.9983,0,WARNING,18.0,6.4,26.9,5.4
12891,0.9983,0,WARNING,18.0,6.3,26.2,5.0
12892,0.9983,0,WARNING,18.8,6.1,26.5,5.1
12893,0.9894,0,WARNING,18.9,6.4,27.0,5.9
12894,0.9894,0,WARNING,18.9,6.6,26.3,6.5
12895,0.9894,0,WARNING,18.5,5.9,27.0,6.0
12896,0.9894,0,WARNING,18.7,6.0,26.6,6.4
12897,0.4131,0,NORMAL,18.7,6.2,25.8,6.8
12898,0.9894,0,WARNING,18.7,6.5,27.3,6.8
12899,0.4141,0,NORMAL,18.9,6.0,26.1,6.8
12900,0.9894,0,WARNING,18.7,6.2,27.3,6.7
12901,0.9983,0,WARNING,18.8,6.8,26.6,5.1
12902,0.1113,0,NORMAL,19.0,6.4,26.9,7.2
12903,0.9983,0,WARNING,18.9,6.4,27.0,5.8
12904,0.9894,0,WARNING,19.1,6.5,27.0,6.7
12905,0.9894,0,WARNING,19.5,6.3,26.9,6.7
12906,0.9983,0,WARNING,19.3,6.2,26.7,5.8
12907,0.9894,0,WARNING,19.9,6.1,26.8,6.6
12908,0.7922,0,WARNING,21.6,8.3,28.1,8.6
12909,1.0,0,ANOMALY,24.5,14.0,38.7,18.9
12910,0.9958,0,WARNING,22.6,11.2,36.2,11.8
12911,1.0,0,WARNING,21.4,9.9,34.2,14.6
12912,0.9985,0,WARNING,19.2,6.5,27.3,6.0
12913,0.9984,0,WARNING,19.3,6.5,27.2,5.9
12914,0.9891,0,WARNING,19.3,6.2,28.0,6.3
12915,0.9983,0,WARNING,19.1,6.5,27.9,5.6
12916,0.9983,0,WARNING,19.0,6.7,27.1,5.7
12917,0.9983,0,WARNING,19.7,7.2,28.7,5.7
12918,0.4237,0,NORMAL,19.4,7.0,27.4,7.2
12919,0.9983,0,WARNING,19.0,6.6,28.4,6.2
12920,0.9983,0,WARNING,19.1,6.8,27.4,5.4
12921,0.9893,0,WARNING,19.2,7.3,28.6,7.3
12922,0.4234,0,NORMAL,19.0,6.6,27.6,7.2
12923,0.9893,0,WARNING,19.1,6.3,28.5,7.1
12924,0.9893,0,WARNING,19.1,7.1,28.5,7.0
12925,0.9983,0,WARNING,18.9,6.9,28.3,6.2
12926,0.4233,0,NORMAL,18.8,7.1,27.1,7.2
12927,0.1056,0,NORMAL,18.8,6.7,28.5,7.6
12928,0.9983,0,WARNING,18.7,7.2,28.0,5.7
12929,0.9983,0,WARNING,18.8,7.1,28.6,5.9
12930,0.9983,0,WARNING,18.7,6.6,28.8,5.9
12931,0.9983,0,WARNING,19.0,7.2,27.8,5.6
12932,0.3813,0,NORMAL,19.1,7.5,28.3,7.4
12933,0.9893,0,WARNING,18.9,6.1,25.3,6.0
12934,0.9894,0,WARNING,17.7,3.2,20.1,4.5
12935,0.9896,0,WARNING,16.7,0.8,16.8,3.6
12936,0.9898,0,WARNING,16.5,1.1,16.8,3.6
12937,0.99,0,WARNING,16.9,2.1,18.8,4.0
12938,0.4843,0,NORMAL,19.1,9.7,28.7,7.3
12939,0.6768,0,WARNING,19.8,12.3,34.1,8.8
12940,0.9916,0,WARNING,18.7,8.0,29.3,8.6
12941,0.9984,0,WARNING,18.2,6.8,26.6,5.1
12942,0.9983,0,WARNING,18.4,8.3,31.8,7.4
12943,0.2211,0,NORMAL,18.6,8.3,30.4,8.2
12944,0.9984,0,WARNING,18.6,8.3,30.2,6.3
12945,0.9984,0,WARNING,18.6,8.1,30.4,6.8
12946,0.9983,0,WARNING,18.6,7.6,30.0,6.9
12947,0.9983,0,WARNING,18.7,7.6,31.0,7.0
12948,0.9983,0,WARNING,18.5,7.6,31.9,7.3
12949,0.2324,0,NORMAL,19.1,8.2,30.9,8.3
12950,0.2293,0,NORMAL,18.6,7.6,31.8,8.9
12951,0.9891,0,WARNING,18.9,7.7,30.1,7.7
12952,0.9984,0,WARNING,18.7,8.3,30.9,7.0
12953,0.2637,0,NORMAL,18.4,7.6,32.8,9.1
12954,0.9984,0,WARNING,18.2,7.8,29.7,6.1
12955,0.9984,0,WARNING,18.1,6.5,27.0,5.7
12956,0.3838,0,NORMAL,18.5,6.4,28.2,7.5
12957,0.9983,0,WARNING,18.4,7.1,28.1,6.1
12958,0.9893,0,WARNING,18.1,6.6,27.4,6.9
12959,0.9983,0,WARNING,18.3,6.5,27.5,5.4
12960,0.1087,0,NORMAL,17.9,6.4,28.2,7.5
12961,0.1879,0,NORMAL,18.1,7.1,28.0,7.5
12962,0.9983,0,WARNING,17.8,6.8,27.5,5.8
12963,0.9983,0,WARNING,18.1,6.4,29.0,5.8
12964,0.9894,0,WARNING,18.2,6.2,26.5,6.3
12965,0.1085,0,NORMAL,18.5,7.3,29.2,7.7
12966,0.9893,0,WARNING,18.1,6.3,26.9,6.5
12967,0.9983,0,WARNING,19.0,6.3,28.5,6.2
12968,0.9894,0,WARNING,21.1,9.2,29.2,8.9
12969,1.0,0,ANOMALY,24.2,19.6,44.6,23.7
12970,1.0,0,WARNING,21.8,7.8,33.4,11.4
12971,0.9992,0,WARNING,19.8,9.9,33.3,10.6
12972,0.9984,0,WARNING,17.9,6.3,26.8,5.0
12973,0.2271,0,NORMAL,18.0,7.2,29.4,7.8
12974,0.4351,0,NORMAL,17.7,6.1,26.7,6.9
12975,0.11,0,NORMAL,17.7,6.7,29.0,7.8
12976,0.4255,0,NORMAL,17.7,6.8,27.1,7.2
12977,0.265,0,NORMAL,17.5,6.5,27.2,7.3
12978,0.9983,0,WARNING,17.4,6.2,27.7,6.0
12979,0.9983,0,WARNING,17.1,6.0,27.5,5.9
12980,0.9983,0,WARNING,17.2,6.6,27.6,5.9
12981,0.9983,0,WARNING,17.1,6.6,27.6,5.5
12982,0.9983,0,WARNING,17.0,6.1,27.7,5.5
12983,0.9983,0,WARNING,17.2,6.3,27.7,6.1
12984,0.9894,0,WARNING,17.0,6.4,27.3,6.7
12985,0.1681,0,NORMAL,17.0,6.3,27.2,7.2
12986,0.9983,0,WARNING,16.9,5.8,27.4,6.0
12987,0.9983,0,WARNING,16.9,6.5,27.1,5.1
12988,0.9983,0,WARNING,16.9,6.3,27.0,5.2
12989,0.9983,0,WARNING,17.2,5.9,27.5,5.3
12990,0.9983,0,WARNING,18.0,6.3,27.7,6.0
12991,0.9983,0,WARNING,18.2,6.8,26.5,5.5
12992,0.9983,0,WARNING,18.1,6.6,27.9,5.5
12993,0.9983,0,WARNING,18.6,6.0,26.9,5.7
12994,0.9894,0,WARNING,18.4,6.3,27.0,6.8
12995,0.9983,0,WARNING,18.3,6.5,27.1,5.7
12996,0.9894,0,WARNING,18.5,6.2,27.1,6.6
12997,0.4149,0,NORMAL,18.2,6.0,26.8,6.9
12998,0.9894,0,WARNING,17.8,5.2,23.8,5.7
12999,0.9983,0,WARNING,17.4,4.0,20.8,3.2
13000,0.9983,0,WARNING,17.9,6.1,27.1,5.3
13001,0.9983,0,WARNING,17.9,6.4,26.8,5.8
13002,0.1835,0,NORMAL,18.0,7.6,31.1,8.5
13003,0.9983,0,WARNING,17.9,6.9,29.5,5.9
13004,0.2992,0,NORMAL,18.5,6.4,29.5,8.0
13005,0.4259,0,NORMAL,18.6,6.3,26.5,6.9
13006,0.9893,0,WARNING,18.4,6.2,26.8,6.7
13007,0.4171,0,NORMAL,18.3,5.9,26.1,6.8
13008,0.9983,0,WARNING,18.4,5.5,25.5,4.8
13009,0.9983,0,WARNING,18.9,6.5,27.9,5.6
13010,0.9983,0,WARNING,18.5,6.3,26.7,5.3
13011,0.9894,0,WARNING,18.8,5.9,26.1,6.4
13012,0.9894,0,WARNING,18.7,5.4,25.2,6.0
13013,0.9983,0,WARNING,18.9,6.5,27.9,6.1
13014,0.9983,0,WARNING,18.8,6.1,26.2,5.1
13015,0.9983,0,WARNING,18.7,5.6,26.6,5.7
13016,0.9894,0,WARNING,18.7,5.7,25.9,6.3
13017,0.9983,0,WARNING,18.8,6.0,26.8,5.8
13018,0.9983,0,WARNING,18.7,5.8,26.0,5.4
13019,0.9895,0,WARNING,18.4,5.4,26.1,6.3
13020,0.9895,0,WARNING,18.7,5.9,26.1,6.3
13021,0.9983,0,WARNING,18.5,6.1,25.7,4.8
13022,0.9983,0,WARNING,18.2,5.7,26.7,5.8
13023,0.9895,0,WARNING,18.8,5.2,26.3,6.5
13024,0.9895,0,WARNING,19.1,6.2,26.1,6.3
13025,0.9983,0,WARNING,19.0,5.9,24.9,5.1
13026,0.9983,0,WARNING,18.8,5.7,26.1,5.5
13027,0.9895,0,WARNING,18.5,3.7,20.3,4.3
13028,0.9786,0,WARNING,22.0,8.7,31.4,9.9
13029,1.0,0,ANOMALY,24.9,19.3,45.7,23.1
13030,1.0,0,WARNING,22.2,6.6,29.5,10.9
13031,0.9984,0,WARNING,20.3,8.2,34.7,12.5
13032,0.9888,0,WARNING,18.7,5.9,25.9,6.4
13033,0.9891,0,WARNING,18.5,5.6,25.5,6.2
13034,0.9893,0,WARNING,18.2,5.6,26.4,6.6
13035,0.2945,0,NORMAL,18.1,6.0,26.2,6.9
13036,0.4145,0,NORMAL,18.3,5.9,26.0,6.7
13037,0.9983,0,WARNING,17.2,3.0,18.0,2.4
13038,0.187,0,NORMAL,18.4,7.3,29.3,8.0
13039,0.9983,0,WARNING,17.1,3.3,19.4,3.7
13040,0.9982,0,WARNING,18.4,6.9,28.4,6.9
13041,0.9983,0,WARNING,17.8,6.8,31.6,7.4
13042,0.9983,0,WARNING,17.7,5.9,28.1,6.3
13043,0.9894,0,WARNING,17.7,5.9,26.0,6.2
13044,0.9895,0,WARNING,18.0,5.8,25.8,6.1
13045,0.1238,0,NORMAL,17.9,5.8,26.3,7.1
13046,0.9895,0,WARNING,18.0,5.6,26.0,6.3
13047,0.9983,0,WARNING,18.1,5.7,26.0,5.4
13048,0.9983,0,WARNING,18.2,5.7,25.7,5.1
13049,0.9895,0,WARNING,17.8,5.6,26.3,6.5
13050,0.9983,0,WARNING,18.1,5.6,25.7,4.8
13051,0.9983,0,WARNING,18.0,5.8,26.2,5.0
13052,0.9895,0,WARNING,17.7,5.7,26.1,6.4
13053,0.9895,0,WARNING,17.6,5.1,25.8,6.4
13054,0.9895,0,WARNING,17.7,5.8,25.9,6.2
13055,0.9983,0,WARNING,18.1,5.9,26.5,5.8
13056,0.9983,0,WARNING,17.9,5.4,26.1,5.6
13057,0.9983,0,WARNING,17.7,5.6,26.3,5.6
13058,0.9895,0,WARNING,17.5,6.0,26.1,6.4
13059,0.9983,0,WARNING,17.4,5.7,25.9,4.9
13060,0.9983,0,WARNING,17.2,5.4,26.2,5.0
13061,0.9895,0,WARNING,17.2,5.9,26.1,5.8
13062,0.9983,0,WARNING,17.2,5.9,26.3,5.1
13063,0.9983,0,WARNING,17.2,5.3,26.2,5.2
13064,0.9895,0,WARNING,17.2,5.7,26.0,6.5
13065,0.2163,0,NORMAL,17.2,5.5,26.3,7.0
13066,0.9895,0,WARNING,17.1,6.0,25.9,6.2
13067,0.4087,0,NORMAL,16.8,5.2,24.8,6.2
13068,0.9983,0,WARNING,17.2,5.5,27.6,5.5
13069,0.9983,0,WARNING,17.0,5.5,25.9,5.0
13070,0.9983,0,WARNING,17.0,5.8,26.0,4.9
13071,0.9895,0,WARNING,16.8,5.6,26.4,6.6
13072,0.9983,0,WARNING,16.8,5.2,25.9,4.9
13073,0.9895,0,WARNING,16.7,5.6,25.7,6.4
13074,0.9896,0,WARNING,16.8,5.8,26.1,6.4
13075,0.9983,0,WARNING,16.7,5.5,25.9,5.4
13076,0.9895,0,WARNING,16.8,5.3,26.2,6.4
13077,0.9983,0,WARNING,16.6,5.7,26.6,5.3
13078,0.1803,0,NORMAL,16.7,5.8,26.2,7.0
13079,0.9983,0,WARNING,16.5,5.2,25.7,5.4
13080,0.9896,0,WARNING,16.6,5.7,26.5,6.6
13081,0.2817,0,NORMAL,16.7,6.1,26.5,7.2
13082,0.9983,0,WARNING,16.7,5.9,26.4,5.1
13083,0.9895,0,WARNING,16.6,5.4,25.9,6.1
13084,0.9983,0,WARNING,16.6,5.9,26.6,5.1
13085,0.9983,0,WARNING,16.7,5.8,26.7,5.8
13086,0.9983,0,WARNING,16.6,5.6,26.0,4.9
13087,0.9895,0,WARNING,17.4,5.3,26.6,6.5
13088,0.9998,0,WARNING,20.0,6.9,28.0,10.0
13089,1.0,0,ANOMALY,22.6,16.5,44.9,21.0
13090,0.4721,0,NORMAL,19.9,6.1,30.7,8.4
13091,1.0,0,ANOMALY,18.5,7.7,32.9,12.0
13092,0.989,0,WARNING,17.4,3.7,19.3,4.0
13093,0.9978,0,WARNING,18.2,11.4,27.0,9.5
13094,0.9893,0,WARNING,17.6,5.6,26.6,6.7
13095,0.1977,0,NORMAL,17.7,5.6,26.2,7.0
13096,0.9983,0,WARNING,17.2,4.6,22.3,3.8
13097,0.22,0,NORMAL,17.5,6.4,28.5,7.9
13098,0.9983,0,WARNING,18.0,6.1,27.4,5.5
13099,0.9983,0,WARNING,18.0,5.8,26.2,5.0
13100,0.9983,0,WARNING,18.4,5.8,26.4,5.2
13101,0.9894,0,WARNING,18.6,5.8,25.9,6.3
13102,0.9983,0,WARNING,18.4,5.5,25.3,4.8
13103,0.9895,0,WARNING,18.2,5.5,27.0,6.9
13104,0.9983,0,WARNING,18.3,5.7,25.9,5.5
13105,0.9894,0,WARNING,18.1,5.3,26.2,6.5
13106,0.9983,0,WARNING,18.5,5.5,26.4,5.6
13107,0.4103,0,NORMAL,18.4,5.5,25.3,6.5
13108,0.9895,0,WARNING,18.9,5.7,26.3,6.6
13109,0.9983,0,WARNING,18.5,4.9,24.5,4.5
13110,0.9983,0,WARNING,18.4,5.8,27.2,5.5
13111,0.9983,0,WARNING,18.0,5.2,24.8,4.7
13112,0.9983,0,WARNING,18.4,5.9,27.4,5.5
13113,0.9983,0,WARNING,18.2,5.5,26.0,5.2
13114,0.9895,0,WARNING,18.1,5.7,26.0,6.2
13115,0.9738,0,WARNING,18.1,5.8,26.3,6.2
13116,0.9895,0,WARNING,18.1,5.2,24.9,6.0
13117,0.9983,0,WARNING,18.2,5.6,26.4,5.2
13118,0.9895,0,WARNING,18.5,5.8,26.2,6.5
13119,0.9983,0,WARNING,18.1,4.6,22.9,4.3
13120,0.9983,0,WARNING,18.3,6.3,29.6,6.3
13121,0.9895,0,WARNING,18.0,5.7,26.2,6.6
13122,0.9983,0,WARNING,18.4,5.9,26.4,5.1
13123,0.9894,0,WARNING,17.9,5.6,25.4,6.1
13124,0.9895,0,WARNING,18.1,5.6,25.8,6.3
13125,0.1425,0,NORMAL,18.3,5.5,26.0,7.0
13126,0.9983,0,WARNING,17.9,5.8,25.7,4.9
13127,0.4076,0,NORMAL,18.0,5.1,25.1,6.6
13128,0.9895,0,WARNING,18.4,6.3,27.2,6.8
13129,0.9983,0,WARNING,18.1,5.3,24.9,4.6
13130,0.9895,0,WARNING,18.0,6.0,27.9,6.2
13131,0.9983,0,WARNING,17.9,5.8,25.5,4.8
13132,0.9983,0,WARNING,18.1,5.6,25.8,4.9
13133,0.9983,0,WARNING,17.7,5.6,26.2,5.1
13134,0.9895,0,WARNING,17.4,5.1,25.4,6.2
13135,0.2038,0,NORMAL,17.5,5.4,25.6,6.8
13136,0.9983,0,WARNING,17.8,5.5,25.7,5.0
13137,0.9983,0,WARNING,17.7,5.4,25.6,4.8
13138,0.9895,0,WARNING,17.9,5.7,26.0,6.3
13139,0.9983,0,WARNING,18.0,5.5,25.7,4.9
13140,0.9983,0,WARNING,17.7,5.5,25.5,4.8
13141,0.9983,0,WARNING,17.9,5.7,26.3,5.2
13142,0.9983,0,WARNING,18.1,5.7,26.1,5.1
13143,0.9895,0,WARNING,17.7,5.7,26.1,6.3
13144,0.9983,0,WARNING,17.7,5.5,26.2,5.0
13145,0.2988,0,NORMAL,17.6,5.5,26.1,7.0
13146,0.9983,0,WARNING,17.5,5.9,25.9,4.9
13147,0.9895,0,WARNING,18.5,5.7,26.4,6.2
13148,0.3303,0,NORMAL,20.2,6.5,27.3,8.5
13149,1.0,0,ANOMALY,24.2,16.9,38.9,18.3
13150,1.0,0,WARNING,22.3,12.3,33.6,10.7
13151,1.0,0,ANOMALY,20.1,9.5,32.4,15.1
13152,0.9985,0,WARNING,18.4,6.3,26.1,5.2
13153,0.9891,0,WARNING,18.3,6.1,26.6,6.6
13154,0.9892,0,WARNING,18.6,6.2,25.8,6.3
13155,0.2962,0,NORMAL,18.3,5.7,26.5,7.0
13156,0.9983,0,WARNING,18.0,6.3,26.8,5.3
13157,0.0993,0,NORMAL,18.0,6.7,26.6,7.1
13158,0.9983,0,WARNING,16.9,3.7,20.4,3.2
13159,0.9896,0,WARNING,18.1,7.1,27.5,6.8
13160,0.9983,0,WARNING,18.0,7.5,31.0,7.2
13161,0.9894,0,WARNING,17.8,7.0,28.2,7.0
13162,0.9983,0,WARNING,17.6,6.5,26.8,5.7
13163,0.9983,0,WARNING,17.8,6.7,26.4,5.0
13164,0.9894,0,WARNING,17.9,6.1,25.9,6.3
13165,0.9895,0,WARNING,17.8,6.7,26.4,6.6
13166,0.9895,0,WARNING,17.8,7.3,27.3,6.8
13167,0.9983,0,WARNING,17.9,7.0,26.9,5.8
13168,0.0876,0,NORMAL,17.9,7.0,26.5,7.1
13169,0.9983,0,WARNING,18.1,7.1,27.4,5.4
13170,0.4178,0,NORMAL,17.8,6.2,24.6,6.3
13171,0.3778,0,NORMAL,17.9,7.7,29.3,7.8
13172,0.9894,0,WARNING,18.0,6.5,26.1,6.4
13173,0.9894,0,WARNING,18.0,7.3,27.3,6.8
13174,0.9894,0,WARNING,18.3,7.2,27.9,7.0
13175,0.1653,0,NORMAL,18.2,7.1,27.3,7.4
13176,0.9983,0,WARNING,18.0,7.2,26.8,5.7
13177,0.2076,0,NORMAL,18.2,7.4,27.7,7.4
13178,0.9894,0,WARNING,18.3,7.0,27.8,6.8
13179,0.9983,0,WARNING,18.1,6.9,27.0,5.1
13180,0.1826,0,NORMAL,18.5,7.6,28.0,7.6
13181,0.9983,0,WARNING,17.9,6.8,27.3,5.8
13182,0.9983,0,WARNING,18.2,7.3,27.1,5.3
13183,0.9983,0,WARNING,17.9,7.3,27.8,6.1
13184,0.9983,0,WARNING,18.6,7.5,27.7,5.5
13185,0.9983,0,WARNING,18.0,6.3,26.3,5.5
13186,0.2988,0,NORMAL,18.0,7.1,27.5,7.3
13187,0.9894,0,WARNING,18.1,7.3,27.4,6.7
13188,0.9894,0,WARNING,17.6,7.1,26.8,6.5
13189,0.9983,0,WARNING,18.1,7.0,26.8,5.3
13190,0.9983,0,WARNING,17.8,7.2,27.6,5.6
13191,0.134,0,NORMAL,18.0,7.6,27.2,7.3
13192,0.9983,0,WARNING,17.5,7.1,27.1,5.4
13193,0.9894,0,WARNING,17.5,7.1,28.3,7.1
13194,0.9894,0,WARNING,17.5,6.5,26.8,6.4
13195,0.2987,0,NORMAL,17.7,7.0,27.6,7.3
13196,0.1729,0,NORMAL,17.7,7.4,27.6,7.5
13197,0.9983,0,WARNING,17.8,6.4,27.0,5.8
13198,0.9983,0,WARNING,18.3,7.1,27.3,5.5
13199,0.9894,0,WARNING,18.1,7.1,26.6,6.5
13200,0.1026,0,NORMAL,18.8,7.0,27.9,7.5
13201,0.4201,0,NORMAL,18.9,7.0,27.2,7.2
13202,0.2991,0,NORMAL,18.7,7.3,27.5,7.3
13203,0.9983,0,WARNING,18.8,7.2,27.7,5.4
13204,0.4202,0,NORMAL,18.6,6.4,26.4,7.0
13205,0.1014,0,NORMAL,18.9,7.1,27.5,7.4
13206,0.4192,0,NORMAL,18.3,6.3,24.6,6.4
13207,0.9894,0,WARNING,19.6,7.8,29.9,7.5
13208,0.9929,0,WARNING,22.4,10.5,29.7,10.4
13209,1.0,0,ANOMALY,26.0,21.0,45.9,21.7
13210,1.0,0,ANOMALY,24.0,8.5,32.0,12.2
13211,0.9986,0,WARNING,21.6,8.8,36.2,11.5
13212,0.4095,0,NORMAL,19.6,6.9,26.9,7.2
13213,0.9889,0,WARNING,18.1,3.8,20.0,4.3
13214,0.9739,0,WARNING,19.2,8.2,29.9,7.4
13215,0.2317,0,NORMAL,19.1,7.9,30.5,8.3
13216,0.1685,0,NORMAL,19.6,7.5,30.6,8.3
13217,0.1489,0,NORMAL,19.5,7.7,28.7,7.7
13218,0.4308,0,NORMAL,19.1,7.1,26.5,6.8
13219,0.9893,0,WARNING,18.9,6.7,28.5,7.2
13220,0.9983,0,WARNING,19.1,6.7,27.9,5.7
13221,0.9983,0,WARNING,19.0,7.3,27.6,5.4
13222,0.4227,0,NORMAL,19.0,7.1,27.5,7.4
13223,0.9983,0,WARNING,18.7,6.6,26.8,5.2
13224,0.9983,0,WARNING,18.8,7.3,28.7,6.4
13225,0.9983,0,WARNING,19.0,7.2,28.3,6.3
13226,0.9983,0,WARNING,19.1,7.3,27.6,5.8
13227,0.2084,0,NORMAL,19.3,7.1,27.9,7.4
13228,0.1167,0,NORMAL,19.2,7.2,28.0,7.5
13229,0.9983,0,WARNING,19.3,7.1,27.7,6.0
13230,0.9983,0,WARNING,19.3,7.1,28.1,6.2
13231,0.1515,0,NORMAL,19.4,7.1,28.1,7.6
13232,0.9983,0,WARNING,19.6,7.4,28.8,6.4
13233,0.9983,0,WARNING,19.1,6.9,27.8,5.8
13234,0.9983,0,WARNING,19.2,7.4,28.8,6.4
13235,0.9983,0,WARNING,18.9,7.4,27.9,6.0
13236,0.0853,0,NORMAL,18.8,7.2,28.4,7.7
13237,0.9983,0,WARNING,18.7,7.3,28.5,6.3
13238,0.9983,0,WARNING,18.4,7.2,27.3,5.3
13239,0.9983,0,WARNING,18.5,7.2,28.8,6.4
13240,0.4251,0,NORMAL,18.7,7.3,27.3,7.1
13241,0.9893,0,WARNING,18.5,7.3,29.1,7.3
13242,0.2094,0,NORMAL,18.4,7.5,28.5,7.7
13243,0.9983,0,WARNING,18.5,7.3,28.1,6.2
13244,0.9983,0,WARNING,18.4,6.8,28.5,6.4
13245,0.425,0,NORMAL,18.7,7.2,27.6,7.3
13246,0.9983,0,WARNING,18.7,7.5,28.0,5.5
13247,0.9893,0,WARNING,18.7,7.3,28.8,7.4
13248,0.4255,0,NORMAL,18.6,7.4,27.8,7.2
13249,0.3013,0,NORMAL,18.4,7.1,28.7,7.7
13250,0.209,0,NORMAL,18.6,7.6,28.9,7.7
13251,0.9893,0,WARNING,18.5,7.6,28.1,6.9
13252,0.1025,0,NORMAL,18.4,7.3,28.2,7.6
13253,0.9741,0,WARNING,18.2,6.8,29.2,7.2
13254,0.9983,0,WARNING,18.5,7.7,28.9,6.9
13255,0.4278,0,NORMAL,18.5,7.4,28.1,7.5
13256,0.9983,0,WARNING,18.2,7.4,28.9,6.3
13257,0.9983,0,WARNING,18.3,7.4,28.4,6.2
13258,0.2105,0,NORMAL,18.3,7.4,28.7,7.7
13259,0.0818,0,NORMAL,18.4,7.0,27.9,7.5
13260,0.9893,0,WARNING,18.1,7.1,28.8,6.6
13261,0.9983,0,WARNING,18.1,7.5,27.8,5.6
13262,0.9983,0,WARNING,18.0,7.6,28.1,6.1
13263,0.9983,0,WARNING,18.4,7.3,28.8,6.4
13264,0.9983,0,WARNING,18.2,6.9,28.5,6.2
13265,0.9983,0,WARNING,17.9,7.5,28.7,6.3
13266,0.9983,0,WARNING,18.9,7.6,28.2,5.6
13267,0.4993,0,NORMAL,20.1,8.7,30.3,9.4
13268,1.0,0,ANOMALY,23.8,14.0,39.2,19.3
13269,0.9986,0,WARNING,22.8,14.3,35.4,12.0
13270,1.0,0,ANOMALY,22.9,10.2,37.4,18.3
13271,0.4763,0,NORMAL,19.5,7.7,29.8,8.3
13272,0.9984,0,WARNING,18.2,7.3,28.4,5.7
13273,0.6871,0,WARNING,17.5,5.1,22.1,5.4
13274,0.9739,0,WARNING,18.9,9.4,32.1,8.5
13275,0.9742,0,WARNING,18.5,8.3,31.3,8.0
13276,0.2263,0,NORMAL,18.3,7.9,30.8,8.4
13277,0.9984,0,WARNING,18.4,7.8,28.7,6.3
13278,0.9983,0,WARNING,18.8,7.7,29.7,6.7
13279,0.9983,0,WARNING,18.8,7.2,28.6,6.4
13280,0.9983,0,WARNING,18.5,7.5,29.3,6.0
13281,0.9983,0,WARNING,18.3,7.8,29.3,6.4
13282,0.304,0,NORMAL,18.1,7.7,29.1,7.8
13283,0.9983,0,WARNING,18.2,7.7,29.5,6.7
13284,0.1324,0,NORMAL,18.1,7.6,29.4,8.1
13285,0.9983,0,WARNING,17.9,7.9,29.6,6.7
13286,0.9983,0,WARNING,18.2,7.0,28.7,5.9
13287,0.9983,0,WARNING,18.0,7.4,30.2,6.8
13288,0.9892,0,WARNING,18.1,7.6,29.1,7.5
13289,0.9892,0,WARNING,17.8,7.7,30.2,7.6
13290,0.9984,0,WARNING,17.8,7.5,29.1,6.3
13291,0.9983,0,WARNING,18.0,7.5,29.9,6.3
13292,0.2161,0,NORMAL,17.8,7.9,30.4,8.4
13293,0.9892,0,WARNING,18.0,7.6,30.3,7.8
13294,0.9984,0,WARNING,17.6,7.6,29.4,7.0
13295,0.9984,0,WARNING,18.0,8.0,29.2,6.4
13296,0.9892,0,WARNING,17.9,7.0,27.4,6.7
13297,0.3029,0,NORMAL,18.8,8.4,31.9,8.6
13298,0.9984,0,WARNING,18.7,7.8,29.1,6.3
13299,0.9892,0,WARNING,18.6,7.5,28.9,7.5
13300,0.9742,0,WARNING,18.5,8.1,30.7,7.6
13301,0.183,0,NORMAL,18.9,7.8,30.1,8.7
13302,0.9891,0,WARNING,19.2,8.3,29.4,7.4
13303,0.4343,0,NORMAL,19.8,8.3,29.7,7.9
13304,0.9984,0,WARNING,19.3,7.3,30.1,6.7
13305,0.3058,0,NORMAL,19.5,8.2,30.7,8.2
13306,0.9891,0,WARNING,19.8,8.1,29.6,7.3
13307,0.9984,0,WARNING,19.7,8.0,29.8,7.2
13308,0.1783,0,NORMAL,19.5,7.9,30.4,8.3
13309,0.9984,0,WARNING,20.2,7.4,29.1,6.4
13310,0.9983,0,WARNING,19.9,8.4,30.6,7.0
13311,0.9984,0,WARNING,19.8,8.1,29.8,6.7
13312,0.4357,0,NORMAL,20.0,8.2,29.6,8.4
13313,0.9743,0,WARNING,20.2,8.3,30.4,7.9
13314,0.9984,0,WARNING,19.8,8.3,29.6,6.5
13315,0.237,0,NORMAL,19.6,8.9,31.1,8.5
13316,0.9984,0,WARNING,19.4,7.5,29.6,6.7
13317,0.2263,0,NORMAL,19.7,8.4,30.6,8.4
13318,0.2733,0,NORMAL,19.8,8.6,30.5,8.4
13319,0.9984,0,WARNING,20.1,8.5,30.5,6.9
13320,0.9891,0,WARNING,20.0,7.9,30.2,7.7
13321,0.9891,0,WARNING,20.0,8.5,30.4,7.6
13322,0.9984,0,WARNING,20.2,8.4,30.3,6.8
13323,0.9984,0,WARNING,19.7,8.1,30.1,6.9
13324,0.1965,0,NORMAL,19.8,8.0,30.8,8.4
13325,0.2472,0,NORMAL,20.1,8.4,30.2,8.2
13326,0.9744,0,WARNING,20.5,8.6,30.4,8.0
13327,0.8513,0,WARNING,21.8,10.8,31.7,9.8
13328,1.0,0,ANOMALY,26.1,18.4,41.8,19.1
13329,0.9985,0,WARNING,24.0,13.8,38.8,11.5
13330,1.0,0,ANOMALY,24.1,10.1,37.7,16.0
13331,0.9991,0,WARNING,23.3,14.3,33.0,9.1
13332,0.9985,0,WARNING,18.8,3.3,20.2,3.2
13333,0.4331,0,NORMAL,21.1,9.5,29.2,8.6
13334,0.9984,0,WARNING,20.9,9.2,31.1,7.6
13335,0.2957,0,NORMAL,21.1,8.8,33.0,9.2
13336,0.9984,0,WARNING,20.6,8.6,33.0,7.7
13337,0.9984,0,WARNING,20.4,8.8,31.1,7.0
13338,0.9984,0,WARNING,20.4,9.2,32.1,7.3
13339,0.2668,0,NORMAL,20.0,9.0,31.9,8.7
13340,0.9984,0,WARNING,20.0,8.8,30.6,6.5
13341,0.9984,0,WARNING,20.1,8.9,30.9,7.1
13342,0.4025,0,NORMAL,19.7,9.7,33.2,9.1
13343,0.2931,0,NORMAL,19.7,9.0,32.2,8.9
13344,0.243,0,NORMAL,19.3,8.2,30.7,8.3
13345,0.9984,0,WARNING,19.2,8.6,30.5,6.8
13346,0.9984,0,WARNING,19.2,9.1,31.6,6.6
13347,0.9984,0,WARNING,18.9,7.6,30.8,7.1
13348,0.4419,0,NORMAL,19.0,9.1,30.9,8.4
13349,0.3508,0,NORMAL,19.1,9.0,31.5,9.1
13350,0.9984,0,WARNING,19.1,8.7,30.6,7.0
13351,0.2751,0,NORMAL,19.6,9.0,31.6,8.7
13352,0.9984,0,WARNING,19.8,8.3,30.4,6.2
13353,0.989,0,WARNING,19.3,8.4,31.1,8.0
13354,0.4426,0,NORMAL,19.7,8.5,30.9,8.3
13355,0.2403,0,NORMAL,19.2,8.4,30.8,9.4
13356,0.9984,0,WARNING,19.6,8.8,31.3,7.2
13357,0.9984,0,WARNING,19.3,8.9,30.8,7.6
13358,0.9984,0,WARNING,19.4,8.3,30.5,6.9
13359,0.9984,0,WARNING,19.4,8.6,31.5,7.3
13360,0.3816,0,NORMAL,19.7,8.8,31.2,8.5
13361,0.9984,0,WARNING,20.2,8.4,31.4,7.1
13362,0.9984,0,WARNING,19.7,8.9,31.3,7.1
13363,0.257,0,NORMAL,19.4,8.8,30.7,8.3
13364,0.2784,0,NORMAL,19.5,8.7,30.9,8.5
13365,0.9984,0,WARNING,19.1,8.2,31.5,6.7
13366,0.989,0,WARNING,18.8,8.4,30.4,7.7
13367,0.9984,0,WARNING,19.1,9.1,31.3,7.7
13368,0.9984,0,WARNING,19.4,8.6,29.8,6.5
13369,0.3106,0,NORMAL,19.4,9.0,31.9,8.7
13370,0.2364,0,NORMAL,19.4,8.0,31.0,8.4
13371,0.2536,0,NORMAL,19.2,8.8,30.8,8.4
13372,0.4423,0,NORMAL,19.1,8.9,30.9,8.4
13373,0.9984,0,WARNING,19.0,8.7,31.3,7.1
13374,0.9984,0,WARNING,19.2,8.1,30.6,7.4
13375,0.9984,0,WARNING,18.8,9.2,30.7,7.1
13376,0.9984,0,WARNING,18.9,9.3,31.1,7.0
13377,0.3129,0,NORMAL,18.9,8.4,31.7,9.0
13378,0.9984,0,WARNING,18.7,8.0,30.9,7.0
13379,0.9984,0,WARNING,18.8,8.7,30.4,6.9
13380,0.9984,0,WARNING,18.6,8.8,30.8,7.1
13381,0.9743,0,WARNING,18.5,8.4,31.5,7.9
13382,0.9984,0,WARNING,18.4,8.7,31.1,7.1
13383,0.9984,0,WARNING,18.6,8.9,31.9,7.5
13384,0.9984,0,WARNING,18.4,8.4,30.5,7.3
13385,0.9984,0,WARNING,18.4,8.1,31.5,7.0
13386,0.4954,0,NORMAL,19.3,8.7,31.0,8.3
13387,1.0,0,WARNING,22.4,12.1,33.4,12.7
13388,1.0,0,ANOMALY,25.6,23.1,50.0,24.3
13389,1.0,0,ANOMALY,22.8,10.4,35.6,13.8
13390,1.0,0,WARNING,20.5,10.4,37.1,13.5
13391,0.9985,0,WARNING,19.1,8.8,31.7,7.2
13392,0.9984,0,WARNING,18.0,6.2,24.6,4.4
13393,0.989,0,WARNING,18.6,8.1,28.6,7.0
13394,0.9742,0,WARNING,19.0,9.6,32.1,8.0
13395,0.9984,0,WARNING,18.8,8.9,34.4,8.7
13396,0.989,0,WARNING,18.8,9.4,33.2,8.7
13397,0.9984,0,WARNING,18.9,9.4,32.4,7.5
13398,0.3298,0,NORMAL,18.9,9.0,32.7,8.9
13399,0.9984,0,WARNING,18.9,9.6,33.9,7.9
13400,0.9984,0,WARNING,18.5,9.8,32.4,7.9
13401,0.9984,0,WARNING,18.6,9.0,31.7,6.7
13402,0.9984,0,WARNING,18.4,8.9,31.3,7.1
13403,0.2945,0,NORMAL,18.6,9.0,31.4,8.6
13404,0.9984,0,WARNING,18.6,9.2,31.8,7.8
13405,0.9984,0,WARNING,18.9,8.7,31.0,7.2
13406,0.2375,0,NORMAL,19.0,8.8,31.2,8.6
13407,0.2565,0,NORMAL,19.2,9.1,31.4,8.6
13408,0.2728,0,NORMAL,19.5,9.2,31.5,8.6
13409,0.3139,0,NORMAL,19.6,8.5,31.8,8.5
13410,0.9984,0,WARNING,19.6,9.3,31.6,7.6
13411,0.9984,0,WARNING,19.4,8.9,31.5,7.8
13412,0.2246,0,NORMAL,19.9,8.3,31.3,8.5
13413,0.9745,0,WARNING,19.9,9.1,31.6,8.0
13414,0.9984,0,WARNING,19.6,9.4,32.0,7.4
13415,0.2595,0,NORMAL,20.1,9.3,31.5,8.6
13416,0.2583,0,NORMAL,20.0,8.4,31.3,8.6
13417,0.3931,0,NORMAL,19.9,8.8,31.2,8.4
13418,0.9984,0,WARNING,20.4,9.4,31.5,7.1
13419,0.2637,0,NORMAL,20.1,8.9,31.4,8.6
13420,0.9984,0,WARNING,19.6,8.9,30.9,6.9
13421,0.2565,0,NORMAL,19.5,8.9,31.2,8.6
13422,0.9984,0,WARNING,19.9,9.1,31.9,7.2
13423,0.989,0,WARNING,19.7,8.6,31.5,8.1
13424,0.9984,0,WARNING,20.0,9.4,32.0,7.3
13425,0.9984,0,WARNING,19.5,8.3,31.2,7.0
13426,0.9984,0,WARNING,20.2,8.7,31.6,7.0
13427,0.9984,0,WARNING,20.1,8.7,31.1,7.2
13428,0.4678,0,NORMAL,20.2,9.2,31.6,8.6
13429,0.989,0,WARNING,20.2,9.4,31.8,8.3
13430,0.9984,0,WARNING,20.6,9.1,32.1,7.4
13431,0.2882,0,NORMAL,20.9,8.9,31.6,8.7
13432,0.3291,0,NORMAL,20.8,9.1,31.7,8.6
13433,0.9746,0,WARNING,20.3,8.7,30.5,7.9
13434,0.9984,0,WARNING,20.4,8.8,32.5,7.5
13435,0.9984,0,WARNING,20.3,8.8,31.2,7.7
13436,0.9984,0,WARNING,20.1,9.4,31.4,7.7
13437,0.9984,0,WARNING,20.0,9.4,31.1,7.1
13438,0.989,0,WARNING,19.9,9.2,32.2,8.4
13439,0.989,0,WARNING,19.9,8.9,31.8,8.2
13440,0.9984,0,WARNING,19.6,8.8,30.8,7.0
13441,0.9984,0,WARNING,19.7,9.0,32.0,6.7
13442,0.9984,0,WARNING,19.8,8.6,30.0,6.6
13443,0.3678,0,NORMAL,19.8,10.0,31.9,8.7
13444,0.9984,0,WARNING,20.0,9.5,32.4,7.5
13445,0.2419,0,NORMAL,19.6,8.4,31.0,8.5
13446,0.9745,0,WARNING,20.4,9.0,32.0,8.0
13447,0.9999,0,WARNING,22.4,15.9,32.7,10.0
13448,1.0,0,ANOMALY,26.0,18.6,45.1,21.7
13449,0.9992,0,WARNING,23.1,13.6,39.8,13.5
13450,1.0,0,ANOMALY,23.4,15.0,39.6,19.1
13451,0.5841,0,NORMAL,21.3,9.7,32.3,8.9
13452,0.9985,0,WARNING,19.9,9.5,31.9,7.2
13453,0.3488,0,NORMAL,19.6,8.2,31.5,8.7
13454,0.9747,0,WARNING,20.0,9.6,31.9,8.4
13455,0.9984,0,WARNING,19.8,9.7,31.7,7.3
13456,0.9984,0,WARNING,19.8,9.5,32.0,7.3
13457,0.9984,0,WARNING,19.5,8.7,32.0,7.3
13458,0.4495,0,NORMAL,19.5,8.5,31.4,8.5
13459,0.9984,0,WARNING,19.5,9.2,32.0,7.4
13460,0.4478,0,NORMAL,19.6,9.7,31.8,8.6
13461,0.3681,0,NORMAL,19.7,9.1,32.2,8.9
13462,0.2988,0,NORMAL,19.4,8.9,32.1,8.8
13463,0.9746,0,WARNING,19.8,9.3,31.6,7.9
13464,0.9984,0,WARNING,19.5,9.6,31.8,7.3
13465,0.9984,0,WARNING,19.6,8.8,32.3,6.8
13466,0.9984,0,WARNING,19.2,8.5,31.9,7.3
13467,0.5272,0,NORMAL,19.4,9.8,32.5,8.9
13468,0.9984,0,WARNING,19.0,9.1,31.9,7.5
13469,0.989,0,WARNING,19.1,8.6,32.4,8.3
13470,0.9984,0,WARNING,18.9,8.8,31.8,7.4
13471,0.6915,0,WARNING,19.2,9.7,32.0,8.9
13472,0.3165,0,NORMAL,19.4,9.2,32.3,8.8
13473,0.9746,0,WARNING,19.4,8.8,29.0,6.9
13474,0.5625,0,NORMAL,19.5,9.8,32.3,8.8
13475,0.413,0,NORMAL,19.4,9.5,32.5,8.9
13476,0.9984,0,WARNING,19.1,8.6,31.8,7.4
13477,0.9984,0,WARNING,19.3,9.3,32.3,7.5
13478,0.3036,0,NORMAL,19.1,9.1,32.2,8.9
13479,0.5231,0,NORMAL,19.5,9.6,32.6,8.9
13480,0.9889,0,WARNING,19.2,8.8,32.3,8.3
13481,0.3475,0,NORMAL,19.4,9.6,31.6,8.6
13482,0.989,0,WARNING,19.1,9.4,32.1,8.1
13483,0.9984,0,WARNING,19.3,9.4,31.9,7.4
13484,0.9984,0,WARNING,19.5,9.5,32.3,7.6
13485,0.3526,0,NORMAL,19.1,9.0,34.3,9.5
13486,0.9984,0,WARNING,19.3,9.8,32.7,7.6
13487,0.9984,0,WARNING,18.9,9.3,31.8,7.4
13488,0.4514,0,NORMAL,19.2,9.3,31.8,8.5
13489,0.3167,0,NORMAL,18.7,8.2,31.3,8.4
13490,0.989,0,WARNING,19.0,9.1,32.1,8.1
13491,0.2707,0,NORMAL,19.1,8.7,31.6,8.7
13492,0.3081,0,NORMAL,19.0,9.4,31.8,9.2
13493,0.9745,0,WARNING,18.9,8.5,31.9,8.0
13494,0.2162,0,NORMAL,18.7,8.4,31.5,8.7
13495,0.9984,0,WARNING,19.2,9.3,31.2,7.0
13496,0.9984,0,WARNING,18.5,6.8,25.5,5.2
13497,0.4307,0,NORMAL,18.8,9.4,31.2,8.3
13498,0.9984,0,WARNING,18.6,8.2,30.0,6.0
13499,0.9892,0,WARNING,18.7,8.5,28.9,7.2
13500,0.3462,0,NORMAL,19.1,9.3,31.2,8.6
13501,0.9984,0,WARNING,18.8,8.1,27.1,5.6
13502,0.9983,0,WARNING,18.7,8.5,29.8,7.1
13503,0.9983,0,WARNING,18.3,8.7,31.4,7.2
13504,0.9984,0,WARNING,18.8,9.5,31.4,7.3
13505,0.9984,0,WARNING,19.1,9.3,31.0,6.9
13506,0.3936,0,NORMAL,19.8,9.0,32.2,9.1
13507,0.9766,0,WARNING,21.5,12.2,32.0,9.3
13508,1.0,0,ANOMALY,25.0,19.1,41.4,21.0
13509,0.9999,0,WARNING,23.8,14.0,36.6,12.6
13510,1.0,0,ANOMALY,23.0,9.6,30.7,13.4
13511,0.9865,0,WARNING,21.3,11.1,37.7,13.2
13512,0.9753,0,WARNING,20.1,8.8,29.9,7.3
13513,0.4579,0,NORMAL,19.7,9.0,30.8,8.1
13514,0.9984,0,WARNING,19.9,8.7,31.2,6.5
13515,0.448,0,NORMAL,19.2,8.2,28.3,7.6
13516,0.9984,0,WARNING,19.3,8.1,28.0,6.0
13517,0.9983,0,WARNING,19.3,9.0,31.0,7.2
13518,0.3499,0,NORMAL,19.5,9.3,30.7,8.4
13519,0.9984,0,WARNING,19.4,8.5,30.8,7.0
13520,0.9891,0,WARNING,19.6,8.2,30.3,7.8
13521,0.3903,0,NORMAL,19.3,8.8,30.3,8.1
13522,0.9891,0,WARNING,19.6,8.1,28.1,6.8
13523,0.9984,0,WARNING,19.7,8.4,30.2,6.7
13524,0.209,0,NORMAL,19.4,8.4,30.3,8.2
13525,0.4357,0,NORMAL,19.5,8.0,27.6,7.4
13526,0.9892,0,WARNING,19.5,7.6,27.5,6.8
13527,0.9892,0,WARNING,19.1,7.0,26.7,5.8
13528,0.422,0,NORMAL,19.0,7.7,28.2,7.5
13529,0.9983,0,WARNING,19.1,8.1,29.7,6.4
13530,0.9983,0,WARNING,19.2,8.2,28.2,5.5
13531,0.9983,0,WARNING,19.1,8.7,30.3,6.8
13532,0.388,0,NORMAL,18.9,8.8,30.1,8.1
13533,0.4327,0,NORMAL,18.9,7.9,28.0,7.3
13534,0.4288,0,NORMAL,18.9,7.9,29.4,7.8
13535,0.9983,0,WARNING,19.0,8.1,28.6,6.3
13536,0.4287,0,NORMAL,18.6,6.9,27.8,7.4
13537,0.425,0,NORMAL,19.1,7.6,27.7,7.3
13538,0.9983,0,WARNING,19.2,8.6,30.6,7.4
13539,0.9983,0,WARNING,19.3,8.3,29.8,6.6
13540,0.9742,0,WARNING,19.1,8.6,29.6,7.1
13541,0.9892,0,WARNING,19.1,8.1,28.7,7.0
13542,0.9892,0,WARNING,18.7,8.5,30.4,7.0
13543,0.3237,0,NORMAL,18.9,7.9,30.2,8.3
13544,0.9984,0,WARNING,19.3,7.9,27.9,6.0
13545,0.1164,0,NORMAL,19.0,7.6,29.5,8.0
13546,0.2354,0,NORMAL,19.3,8.6,31.2,8.6
13547,0.9984,0,WARNING,19.3,9.0,31.7,6.8
13548,0.9984,0,WARNING,19.3,9.2,32.4,6.9
13549,0.9984,0,WARNING,19.8,9.0,30.3,6.7
13550,0.9984,0,WARNING,19.7,9.1,32.3,7.5
13551,0.9984,0,WARNING,19.4,8.5,30.7,7.0
13552,0.9984,0,WARNING,19.4,8.4,31.4,6.7
13553,0.2389,0,NORMAL,19.5,8.8,32.1,8.8
13554,0.9984,0,WARNING,19.7,8.7,31.4,7.2
13555,0.9984,0,WARNING,19.2,8.2,29.9,6.7
13556,0.9984,0,WARNING,19.5,9.0,31.9,7.2
13557,0.9984,0,WARNING,19.2,9.0,31.3,7.1
13558,0.2296,0,NORMAL,19.7,8.9,31.4,8.5
13559,0.9984,0,WARNING,19.1,8.5,31.1,7.1
13560,0.989,0,WARNING,18.9,8.2,29.4,7.5
13561,0.2916,0,NORMAL,19.4,8.9,31.7,8.7
13562,0.9984,0,WARNING,19.0,8.6,31.9,6.9
13563,0.9984,0,WARNING,19.1,8.7,31.6,6.7
13564,0.9984,0,WARNING,19.4,8.6,31.4,7.1
13565,0.9984,0,WARNING,19.2,7.4,29.0,6.3
13566,0.2421,0,NORMAL,20.1,8.0,31.9,8.6
13567,1.0,0,WARNING,22.5,9.5,34.1,13.0
13568,1.0,0,ANOMALY,25.6,21.8,43.3,20.7
13569,0.4986,0,NORMAL,22.5,9.3,36.4,9.9
13570,1.0,0,ANOMALY,21.7,11.4,41.6,21.0
13571,0.9985,0,WARNING,19.5,8.3,32.0,7.3
13572,0.9984,0,WARNING,18.9,8.5,31.3,7.2
13573,0.9888,0,WARNING,18.8,8.4,30.8,7.7
13574,0.9984,0,WARNING,18.9,8.0,31.8,7.5
13575,0.2351,0,NORMAL,18.5,7.9,31.9,8.9
13576,0.9984,0,WARNING,18.4,7.6,29.5,6.6
13577,0.9984,0,WARNING,18.4,6.9,28.5,5.9
13578,0.9983,0,WARNING,18.3,7.4,28.5,5.9
13579,0.9892,0,WARNING,18.0,6.5,27.5,6.9
13580,0.9983,0,WARNING,17.9,6.8,28.0,5.6
13581,0.4242,0,NORMAL,18.0,7.1,27.4,7.1
13582,0.9983,0,WARNING,17.5,6.6,25.1,5.2
13583,0.9983,0,WARNING,18.2,7.5,30.6,6.9
13584,0.9983,0,WARNING,17.9,6.6,27.7,6.1
13585,0.1678,0,NORMAL,18.4,7.2,28.0,7.6
13586,0.9983,0,WARNING,18.0,6.7,27.0,5.8
13587,0.1137,0,NORMAL,17.9,6.2,28.1,7.6
13588,0.9983,0,WARNING,17.8,6.5,27.3,5.8
13589,0.9983,0,WARNING,18.2,6.9,27.9,5.4
13590,0.9894,0,WARNING,18.1,6.5,27.6,6.9
13591,0.9983,0,WARNING,17.7,6.2,26.7,5.6
13592,0.4478,0,NORMAL,17.6,6.5,26.7,7.0
13593,0.9894,0,WARNING,17.5,6.7,27.4,6.2
13594,0.9983,0,WARNING,17.2,6.2,27.1,5.9
13595,0.9983,0,WARNING,17.2,6.6,26.8,5.7
13596,0.9983,0,WARNING,17.2,6.4,26.4,4.9
13597,0.9983,0,WARNING,17.1,6.3,28.2,6.1
13598,0.9983,0,WARNING,17.1,6.1,27.0,5.8
13599,0.9983,0,WARNING,17.0,6.5,26.5,5.1
13600,0.9895,0,WARNING,16.9,6.1,27.1,6.8
13601,0.9983,0,WARNING,16.7,6.2,27.1,5.4
13602,0.9983,0,WARNING,16.6,6.5,26.8,5.3
13603,0.9983,0,WARNING,16.7,6.3,27.4,5.4
13604,0.9983,0,WARNING,16.9,5.9,26.2,5.4
13605,0.9895,0,WARNING,16.7,6.0,26.0,6.1
13606,0.9895,0,WARNING,16.6,6.1,25.8,6.3
13607,0.9983,0,WARNING,16.5,6.1,26.2,5.1
13608,0.9983,0,WARNING,16.5,5.7,26.5,5.7
13609,0.1794,0,NORMAL,16.5,6.0,26.0,7.0
13610,0.9895,0,WARNING,16.5,6.1,25.8,6.2
13611,0.9983,0,WARNING,16.4,6.0,26.0,5.0
13612,0.9983,0,WARNING,16.3,5.2,25.7,4.8
13613,0.407,0,NORMAL,16.4,5.6,25.4,6.7
13614,0.3653,0,NORMAL,17.2,6.9,34.8,9.8
13615,0.1822,0,NORMAL,17.1,6.2,30.5,8.4
13616,0.1347,0,NORMAL,17.6,6.1,29.4,8.0
13617,0.9892,0,WARNING,17.8,6.0,28.3,7.2
13618,0.9983,0,WARNING,17.6,5.9,28.1,5.7
13619,0.9983,0,WARNING,17.6,5.4,27.9,5.6
13620,0.9983,0,WARNING,17.8,5.9,27.3,5.4
13621,0.9983,0,WARNING,17.7,5.7,27.8,5.6
13622,0.9983,0,WARNING,17.9,5.6,27.5,5.5
13623,0.9983,0,WARNING,18.1,5.2,26.9,5.3
13624,0.1166,0,NORMAL,18.0,5.5,27.1,7.4
13625,0.1086,0,NORMAL,18.1,5.5,26.3,7.0
13626,0.412,0,NORMAL,18.9,5.1,26.8,7.0
13627,0.9996,0,WARNING,22.2,9.1,28.3,10.0
13628,1.0,0,ANOMALY,24.2,16.5,43.3,21.3
13629,0.9886,0,WARNING,20.8,6.0,28.3,6.7
13630,1.0,0,ANOMALY,21.8,8.3,35.0,19.4
13631,0.9984,0,WARNING,19.8,5.6,28.2,6.0
13632,0.989,0,WARNING,18.4,5.3,26.1,6.4
13633,0.9892,0,WARNING,18.2,5.0,26.1,6.4
13634,0.9983,0,WARNING,18.4,5.2,26.3,5.1
13635,0.9894,0,WARNING,18.1,5.1,25.8,6.3
13636,0.3713,0,NORMAL,18.1,5.1,26.0,6.8
13637,0.9983,0,WARNING,18.0,5.0,25.5,4.7
13638,0.9983,0,WARNING,18.0,4.5,25.7,5.0
13639,0.9983,0,WARNING,18.0,4.7,25.5,5.0
13640,0.9983,0,WARNING,18.3,5.2,25.6,5.0
13641,0.9983,0,WARNING,18.8,5.0,25.1,4.8
13642,0.9895,0,WARNING,18.4,4.5,25.6,6.4
13643,0.2321,0,NORMAL,18.5,4.5,25.4,6.7
13644,0.9983,0,WARNING,18.1,4.9,25.1,4.7
13645,0.9983,0,WARNING,17.9,4.7,25.1,4.6
13646,0.9983,0,WARNING,17.8,4.3,24.9,4.7
13647,0.1669,0,NORMAL,17.7,4.5,24.8,6.6
13648,0.1625,0,NORMAL,17.9,4.7,24.8,6.6
13649,0.9896,0,WARNING,17.7,4.3,24.6,6.0
13650,0.9896,0,WARNING,17.5,4.6,24.6,5.9
13651,0.9896,0,WARNING,17.4,4.8,24.5,5.9
13652,0.9896,0,WARNING,17.4,4.5,24.6,5.9
13653,0.9896,0,WARNING,17.5,4.5,24.9,6.1
13654,0.6609,0,WARNING,16.9,3.4,20.5,5.1
13655,0.2025,0,NORMAL,17.1,5.0,26.5,7.2
13656,0.9897,0,WARNING,16.6,3.7,25.1,6.4
13657,0.9897,0,WARNING,16.8,3.4,23.5,5.8
13658,0.2235,0,NORMAL,16.6,3.5,23.8,6.5
13659,0.9983,0,WARNING,16.3,3.4,23.3,4.1
13660,0.9982,0,WARNING,16.2,3.2,23.2,4.3
13661,0.9897,0,WARNING,16.1,3.0,23.2,5.7
13662,0.9898,0,WARNING,16.0,3.3,23.3,5.8
13663,0.9733,0,WARNING,18.1,9.9,29.1,6.5
13664,0.9983,0,WARNING,17.0,6.1,25.9,5.2
13665,0.9896,0,WARNING,16.3,4.1,24.1,5.9
13666,0.9897,0,WARNING,16.4,4.2,24.0,5.7
13667,0.9983,0,WARNING,16.4,3.9,23.7,4.7
13668,0.9983,0,WARNING,16.4,3.8,23.8,4.3
13669,0.9983,0,WARNING,16.3,3.7,23.4,4.2
13670,0.9897,0,WARNING,16.2,4.3,23.4,5.6
13671,0.9897,0,WARNING,16.1,3.9,23.5,5.7
13672,0.9898,0,WARNING,16.1,3.7,23.4,5.6
13673,0.9898,0,WARNING,16.0,3.9,23.3,5.5
13674,0.9983,0,WARNING,16.0,3.8,23.2,4.7
13675,0.9982,0,WARNING,16.0,3.8,23.1,4.5
13676,0.9982,0,WARNING,15.9,3.7,23.3,4.1
13677,0.9982,0,WARNING,15.9,3.8,22.9,4.0
13678,0.9982,0,WARNING,15.9,3.8,22.6,4.0
13679,0.9898,0,WARNING,15.9,3.6,23.1,5.6
13680,0.9982,0,WARNING,15.8,3.4,21.3,3.5
13681,0.9899,0,WARNING,15.9,4.4,24.2,5.9
13682,0.9898,0,WARNING,15.9,3.5,22.7,4.6
13683,0.9898,0,WARNING,15.8,3.5,22.9,4.6
13684,0.9982,0,WARNING,15.7,3.4,22.6,3.9
13685,0.9898,0,WARNING,15.8,3.7,22.8,5.5
13686,0.9982,0,WARNING,16.5,3.4,22.6,4.5
13687,0.9996,0,WARNING,18.7,4.9,25.3,9.4
13688,1.0,0,ANOMALY,22.0,14.8,40.3,15.7
13689,0.5842,0,NORMAL,18.4,4.1,25.2,7.8
13690,0.9893,0,WARNING,16.2,4.5,22.4,5.2
13691,0.9983,0,WARNING,15.8,3.5,22.4,3.8
13692,0.2814,0,NORMAL,15.8,3.6,22.3,5.6
13693,0.9897,0,WARNING,15.7,3.3,22.0,5.3
13694,0.9898,0,WARNING,15.7,3.2,22.2,5.3
13695,0.9982,0,WARNING,15.7,3.7,22.3,3.9
13696,0.2555,0,NORMAL,15.7,3.8,22.5,5.9
13697,0.9982,0,WARNING,15.6,3.3,22.2,3.9
13698,0.9899,0,WARNING,15.7,3.1,22.0,5.1
13699,0.9982,0,WARNING,15.6,3.3,22.0,4.2
13700,0.9982,0,WARNING,15.6,3.7,22.0,3.7
13701,0.9982,0,WARNING,15.6,3.3,21.9,4.3
13702,0.9899,0,WARNING,15.6,3.1,22.0,5.3
13703,0.9982,0,WARNING,15.6,3.6,21.8,3.7
13704,0.3785,0,NORMAL,15.5,3.3,21.8,5.6
13705,0.9982,0,WARNING,15.5,3.2,21.7,4.3
13706,0.9982,0,WARNING,15.5,3.2,21.5,3.6
13707,0.9982,0,WARNING,15.5,3.3,21.7,3.6
13708,0.9982,0,WARNING,15.6,3.3,21.8,3.6
13709,0.9899,0,WARNING,15.6,3.1,22.2,5.3
13710,0.9899,0,WARNING,15.5,3.3,21.8,5.2
13711,0.276,0,NORMAL,15.5,3.2,21.8,5.6
13712,0.9899,0,WARNING,15.5,2.9,21.9,5.2
13713,0.2781,0,NORMAL,15.5,3.1,21.8,5.6
13714,0.9899,0,WARNING,15.5,3.3,21.8,5.0
13715,0.9899,0,WARNING,15.4,2.8,21.7,5.0
13716,0.9899,0,WARNING,15.5,3.0,22.2,5.2
13717,0.9899,0,WARNING,15.8,3.1,21.6,5.0
13718,0.9899,0,WARNING,16.4,3.1,21.9,5.2
13719,0.9982,0,WARNING,16.9,3.1,22.0,3.8
13720,0.9898,0,WARNING,17.1,3.1,21.8,5.1
13721,0.2789,0,NORMAL,16.9,3.0,21.7,5.7
13722,0.9898,0,WARNING,16.9,2.9,21.5,4.9
13723,0.9982,0,WARNING,17.1,3.0,21.6,3.5
13724,0.9982,0,WARNING,17.2,2.9,21.2,3.5
13725,0.3749,0,NORMAL,17.3,3.1,21.2,5.4
13726,0.2723,0,NORMAL,17.2,3.0,21.6,5.6
13727,0.9982,0,WARNING,17.1,2.8,21.2,3.5
13728,0.9982,0,WARNING,17.1,2.8,21.1,4.1
13729,0.9899,0,WARNING,17.2,2.6,20.9,4.9
13730,0.9982,0,WARNING,17.1,3.2,20.8,3.3
13731,0.9982,0,WARNING,17.1,2.7,21.0,3.9
13732,0.9899,0,WARNING,17.1,2.7,21.1,4.9
13733,0.9899,0,WARNING,17.3,2.8,21.0,4.9
13734,0.9982,0,WARNING,17.0,2.9,21.1,3.6
13735,0.2801,0,NORMAL,17.2,2.9,21.1,5.5
13736,0.9982,0,WARNING,17.4,2.6,21.1,3.6
13737,0.9899,0,WARNING,17.1,2.9,21.1,4.9
13738,0.9899,0,WARNING,17.0,2.7,21.2,4.8
13739,0.9982,0,WARNING,17.2,2.5,21.1,3.4
13740,0.9982,0,WARNING,17.0,2.8,20.9,3.4
13741,0.9899,0,WARNING,16.9,2.7,20.9,4.9
13742,0.2877,0,NORMAL,16.8,2.5,20.8,5.3
13743,0.9899,0,WARNING,16.8,2.5,20.8,4.7
13744,0.9982,0,WARNING,16.5,2.7,20.8,4.0
13745,0.9982,0,WARNING,16.3,2.2,18.4,2.9
13746,0.99,0,WARNING,16.3,0.8,15.7,2.9
13747,0.9982,0,WARNING,16.7,3.1,16.6,1.7
13748,0.9901,0,WARNING,16.8,2.3,17.5,3.2
13749,0.9902,0,WARNING,16.7,1.5,16.3,3.2
13750,0.9982,0,WARNING,16.7,1.6,16.1,1.7
13751,0.9981,0,WARNING,16.7,1.4,16.1,1.8
13752,0.9903,0,WARNING,16.7,1.4,16.0,3.1
13753,0.9981,0,WARNING,16.8,1.4,16.2,1.5
13754,0.7912,0,WARNING,16.9,1.2,16.3,3.5
13755,0.9981,0,WARNING,17.0,1.4,16.2,1.6
13756,0.9981,0,WARNING,17.0,1.3,16.4,2.3
13757,0.9903,0,WARNING,17.2,1.5,16.6,3.1
13758,0.9728,0,WARNING,17.6,2.2,20.3,4.2
13759,0.9997,0,WARNING,21.2,9.1,39.5,13.9
13760,1.0,0,WARNING,19.6,10.8,35.6,10.0
13761,0.9927,0,WARNING,17.8,6.8,33.1,11.2
13762,0.591,0,NORMAL,16.7,5.3,29.2,8.1
13763,0.7737,0,WARNING,16.7,5.7,30.7,8.7
13764,0.9984,0,WARNING,16.5,5.5,30.4,7.4
13765,0.9983,0,WARNING,16.1,3.0,21.3,4.2
13766,0.9895,0,WARNING,15.9,2.3,20.0,4.5
13767,0.9897,0,WARNING,15.9,2.5,20.2,4.7
13768,0.9982,0,WARNING,15.9,2.3,20.0,3.1
13769,0.9899,0,WARNING,15.8,2.4,20.2,4.5
13770,0.99,0,WARNING,15.7,2.5,20.1,4.4
13771,0.99,0,WARNING,15.7,2.4,20.1,4.5
13772,0.99,0,WARNING,15.7,2.4,20.2,4.6
13773,0.9982,0,WARNING,15.8,2.4,19.9,3.5
13774,0.99,0,WARNING,15.7,2.4,20.2,4.5
13775,0.99,0,WARNING,15.8,2.4,20.6,4.7
13776,0.9982,0,WARNING,15.8,2.5,20.1,3.2
13777,0.9982,0,WARNING,15.7,2.5,20.2,3.6
13778,0.3096,0,NORMAL,15.7,2.4,20.4,5.1
13779,0.99,0,WARNING,15.6,2.5,20.1,4.5
13780,0.99,0,WARNING,15.6,2.6,20.2,4.0
13781,0.99,0,WARNING,15.6,2.4,19.9,4.4
13782,0.9982,0,WARNING,15.5,2.5,20.3,3.3
13783,0.99,0,WARNING,15.5,2.3,20.0,4.5
13784,0.9982,0,WARNING,15.6,2.3,20.1,3.2
13785,0.9982,0,WARNING,15.5,2.5,20.0,3.1
13786,0.99,0,WARNING,15.5,2.4,20.2,4.5
13787,0.99,0,WARNING,15.7,2.4,20.1,4.6
13788,0.9982,0,WARNING,15.5,2.2,19.9,3.2
13789,0.99,0,WARNING,15.5,2.4,20.2,4.6
13790,0.9982,0,WARNING,15.5,2.6,20.0,3.2
13791,0.3649,0,NORMAL,15.4,2.3,20.0,5.0
13792,0.9982,0,WARNING,15.4,2.1,19.9,3.0
13793,0.9982,0,WARNING,15.4,2.3,20.0,2.9
13794,0.99,0,WARNING,15.4,2.3,20.4,4.6
13795,0.99,0,WARNING,15.4,2.2,20.2,4.6
13796,0.3237,0,NORMAL,15.4,2.3,19.9,5.1
13797,0.99,0,WARNING,15.4,2.3,20.2,4.6
13798,0.99,0,WARNING,15.4,2.2,19.9,4.5
13799,0.99,0,WARNING,15.3,2.1,19.8,4.4
13800,0.9982,0,WARNING,15.3,2.4,19.8,2.9
13801,0.9982,0,WARNING,15.4,2.2,19.8,3.0
13802,0.99,0,WARNING,15.4,2.1,19.8,4.2
13803,0.9901,0,WARNING,15.4,2.2,19.7,4.6
13804,0.3296,0,NORMAL,15.4,2.3,19.7,5.0
13805,0.9982,0,WARNING,15.4,2.3,19.8,3.1
13806,0.9729,0,WARNING,16.2,2.1,20.0,4.3
13807,0.9901,0,WARNING,17.4,3.2,20.6,5.8
13808,1.0,0,WARNING,21.2,10.3,35.5,9.8
13809,0.9983,0,WARNING,18.1,3.1,23.6,6.4
13810,0.9983,0,WARNING,15.7,2.3,20.0,3.4
13811,0.9898,0,WARNING,15.6,2.1,19.8,4.5
13812,0.9899,0,WARNING,15.5,2.1,19.9,4.6
13813,0.99,0,WARNING,15.5,2.1,19.8,4.3
13814,0.9982,0,WARNING,15.5,2.0,20.0,3.2
13815,0.99,0,WARNING,15.5,2.3,19.8,4.5
13816,0.99,0,WARNING,15.4,2.2,20.1,4.5
13817,0.99,0,WARNING,15.4,2.1,19.7,4.2
13818,0.334,0,NORMAL,15.4,1.9,19.9,4.9
13819,0.9901,0,WARNING,15.4,2.3,20.1,4.6
13820,0.9982,0,WARNING,15.4,2.2,19.7,3.6
13821,0.9901,0,WARNING,15.6,2.1,19.9,4.5
13822,0.99,0,WARNING,15.9,2.0,19.7,4.5
13823,0.99,0,WARNING,16.3,2.2,19.6,4.4
13824,0.9982,0,WARNING,16.4,2.0,19.7,2.9
13825,0.9982,0,WARNING,16.7,2.0,19.6,2.9
13826,0.9982,0,WARNING,16.9,2.0,19.6,2.8
13827,0.9982,0,WARNING,17.1,2.1,19.7,3.5
13828,0.99,0,WARNING,16.7,2.0,19.8,4.5
13829,0.9982,0,WARNING,16.6,2.1,19.8,3.1
13830,0.3625,0,NORMAL,16.6,2.3,19.5,4.8
13831,0.9982,0,WARNING,16.5,1.9,19.7,2.9
13832,0.99,0,WARNING,16.7,2.0,20.0,4.4
13833,0.99,0,WARNING,16.8,2.3,19.9,4.4
13834,0.9982,0,WARNING,16.2,1.5,17.7,2.3
13835,0.9982,0,WARNING,15.8,0.8,14.8,1.6
13836,0.9902,0,WARNING,15.7,0.7,14.1,2.5
13837,0.9981,0,WARNING,15.6,1.0,16.8,2.1
13838,0.9981,0,WARNING,15.5,0.8,15.2,1.7
13839,0.9903,0,WARNING,15.5,0.8,15.1,3.0
13840,0.9903,0,WARNING,15.4,1.0,15.1,2.8
13841,0.9903,0,WARNING,15.4,0.8,15.1,2.8
13842,0.9981,0,WARNING,15.3,0.7,14.9,1.5
13843,0.9981,0,WARNING,15.3,0.7,15.0,1.4
13844,0.9903,0,WARNING,15.3,0.7,15.0,3.0
13845,0.9903,0,WARNING,15.2,0.8,14.8,2.9
13846,0.9981,0,WARNING,15.2,0.7,14.9,1.5
13847,0.9903,0,WARNING,15.9,1.9,18.2,3.0
13848,0.9981,0,WARNING,15.8,3.0,21.9,3.0
13849,0.9902,0,WARNING,16.4,4.6,25.5,5.6
13850,0.9982,0,WARNING,17.0,7.2,32.1,6.8
13851,0.7892,0,WARNING,16.5,4.2,27.4,7.8
13852,0.6218,0,WARNING,16.4,4.0,25.7,7.1
13853,0.9897,0,WARNING,16.2,4.1,26.5,6.9
13854,0.9896,0,WARNING,15.9,2.4,19.3,4.3
13855,0.9983,0,WARNING,15.7,2.1,19.4,2.9
13856,0.2787,0,NORMAL,15.8,2.4,20.3,5.0
13857,0.99,0,WARNING,16.1,3.2,23.4,5.6
13858,0.9982,0,WARNING,15.9,2.8,21.2,3.5
13859,0.9899,0,WARNING,15.9,2.6,21.2,4.9
13860,0.99,0,WARNING,15.8,2.6,20.2,4.8
13861,0.9982,0,WARNING,15.9,2.6,20.9,3.5
13862,0.99,0,WARNING,16.0,2.9,23.7,5.8
13863,0.9899,0,WARNING,15.9,2.3,20.0,4.4
13864,0.3695,0,NORMAL,15.7,1.9,18.5,4.4
13865,0.99,0,WARNING,15.8,2.3,20.2,4.6
13866,0.3635,0,NORMAL,16.4,2.0,18.5,4.4
13867,0.9982,0,WARNING,17.5,3.2,20.1,4.9
13868,0.9982,0,WARNING,18.0,2.3,20.4,3.1
13869,1.0,0,WARNING,21.0,7.0,31.8,9.6
13870,0.9983,0,WARNING,19.1,1.4,16.7,1.7
13871,0.4086,0,NORMAL,19.5,4.2,29.6,8.3
13872,0.9962,0,WARNING,17.4,3.1,23.1,8.0
13873,0.9897,0,WARNING,16.3,1.9,18.9,4.2
13874,0.9982,0,WARNING,16.1,1.9,18.9,3.4
13875,0.9982,0,WARNING,16.1,1.9,19.1,2.9
13876,0.9982,0,WARNING,15.9,1.9,19.1,3.0
13877,0.9901,0,WARNING,15.9,2.0,19.1,4.4
13878,0.9901,0,WARNING,15.8,1.9,18.9,4.1
13879,0.9982,0,WARNING,15.7,1.9,19.1,2.7
13880,0.9982,0,WARNING,15.7,2.1,18.9,2.7
13881,0.9901,0,WARNING,15.7,2.0,19.0,4.2
13882,0.9901,0,WARNING,15.6,1.8,18.9,4.3
13883,0.9901,0,WARNING,15.6,1.8,18.9,4.3
13884,0.3401,0,NORMAL,15.6,1.8,19.1,4.8
13885,0.9982,0,WARNING,15.6,2.0,18.9,2.8
13886,0.9982,0,WARNING,15.6,1.8,18.8,2.9
13887,0.9901,0,WARNING,15.6,2.0,19.1,4.2
13888,0.9901,0,WARNING,15.6,1.8,19.0,4.1
13889,0.9901,0,WARNING,15.5,1.9,19.0,4.2
13890,0.9901,0,WARNING,15.4,2.1,19.0,4.3
13891,0.9901,0,WARNING,15.5,1.9,19.2,4.3
13892,0.3391,0,NORMAL,15.5,2.0,19.4,4.9
13893,0.9901,0,WARNING,15.4,1.8,19.1,4.2
13894,0.3591,0,NORMAL,15.5,2.0,19.2,4.8
13895,0.9901,0,WARNING,15.5,2.1,19.3,4.3
13896,0.9901,0,WARNING,15.5,1.9,19.0,4.1
13897,0.9982,0,WARNING,15.5,1.9,19.1,2.9
13898,0.9982,0,WARNING,15.4,1.8,18.7,2.7
13899,0.9982,0,WARNING,15.4,1.9,19.0,3.4
13900,0.9982,0,WARNING,15.4,2.0,19.1,3.0
13901,0.9901,0,WARNING,15.4,2.0,19.1,4.3
13902,0.9901,0,WARNING,15.4,1.9,19.1,4.3
13903,0.9982,0,WARNING,15.4,2.0,18.9,2.8
13904,0.9901,0,WARNING,15.4,2.0,19.2,4.1
13905,0.9901,0,WARNING,15.4,2.1,19.2,4.4
13906,0.9901,0,WARNING,15.4,2.0,19.1,4.3
13907,0.3414,0,NORMAL,15.4,1.9,19.0,4.8
13908,0.9901,0,WARNING,15.6,2.0,19.5,4.4
13909,0.9901,0,WARNING,15.5,1.9,19.1,4.3
13910,0.9901,0,WARNING,15.5,2.1,19.1,4.3
13911,0.9982,0,WARNING,15.5,2.1,19.0,2.7
13912,0.3397,0,NORMAL,15.4,1.8,18.9,4.7
13913,0.9901,0,WARNING,15.4,2.0,18.9,3.6
13914,0.9901,0,WARNING,15.4,1.9,19.4,4.3
13915,0.3396,0,NORMAL,15.4,2.0,19.3,4.9
13916,0.9982,0,WARNING,15.4,1.9,19.0,2.9
13917,0.9982,0,WARNING,15.4,2.0,18.9,2.9
13918,0.9901,0,WARNING,15.4,1.9,19.1,4.2
13919,0.9982,0,WARNING,15.4,2.0,19.0,2.7
13920,0.9901,0,WARNING,15.4,2.3,19.2,4.2
13921,0.9982,0,WARNING,15.4,2.0,18.8,2.8
13922,0.9901,0,WARNING,15.4,1.9,19.1,4.3
13923,0.9901,0,WARNING,15.4,2.0,18.9,4.3
13924,0.3584,0,NORMAL,15.4,2.0,19.0,4.8
13925,0.9901,0,WARNING,15.6,2.0,19.2,4.3
13926,0.9901,0,WARNING,16.6,2.0,19.5,4.3
13927,0.9982,0,WARNING,18.8,3.5,20.1,4.3
13928,0.7311,0,WARNING,21.5,6.4,29.5,8.1
13929,0.8047,0,WARNING,19.9,3.7,25.7,6.4
13930,0.9983,0,WARNING,18.2,3.2,23.5,7.4
13931,0.9983,0,WARNING,17.0,2.1,19.0,2.8
13932,0.9898,0,WARNING,16.9,2.1,19.2,4.3
13933,0.9899,0,WARNING,17.1,2.2,19.4,4.5
13934,0.3667,0,NORMAL,17.0,2.2,19.5,4.7
13935,0.9982,0,WARNING,17.0,2.3,19.5,2.9
13936,0.9982,0,WARNING,16.9,2.0,19.3,3.0
13937,0.9982,0,WARNING,16.8,2.1,19.1,2.9
13938,0.99,0,WARNING,16.8,2.3,19.6,4.4
13939,0.361,0,NORMAL,17.1,2.3,19.2,4.7
13940,0.99,0,WARNING,17.1,2.4,19.3,4.3
13941,0.3129,0,NORMAL,16.8,2.2,19.6,5.0
13942,0.99,0,WARNING,16.9,2.3,19.6,4.3
13943,0.9982,0,WARNING,16.9,2.3,19.7,2.9
13944,0.3134,0,NORMAL,16.9,2.2,19.6,5.0
13945,0.9982,0,WARNING,16.8,2.4,19.6,2.9
13946,0.3098,0,NORMAL,16.9,2.4,19.9,5.1
13947,0.99,0,WARNING,16.8,2.3,19.8,4.5
13948,0.99,0,WARNING,16.6,2.1,20.0,4.6
13949,0.99,0,WARNING,16.6,2.4,19.7,4.5
13950,0.9982,0,WARNING,16.5,2.6,19.9,3.0
13951,0.9982,0,WARNING,16.4,2.3,20.0,3.1
13952,0.9982,0,WARNING,16.4,2.3,20.0,3.2
13953,0.99,0,WARNING,16.3,2.4,20.2,4.6
13954,0.99,0,WARNING,16.3,2.5,21.2,4.9
13955,0.9982,0,WARNING,16.2,2.5,20.4,3.9
13956,0.9982,0,WARNING,16.2,2.6,20.6,3.4
13957,0.9982,0,WARNING,16.3,2.6,20.2,3.2
13958,0.99,0,WARNING,16.2,2.3,20.3,4.6
13959,0.9982,0,WARNING,16.1,2.6,20.6,3.3
13960,0.9982,0,WARNING,16.1,2.3,18.3,2.5
13961,0.9982,0,WARNING,15.9,1.8,17.2,2.0
13962,0.9901,0,WARNING,15.6,0.8,15.1,3.0
13963,0.9902,0,WARNING,15.5,1.0,15.6,3.1
13964,0.9902,0,WARNING,15.5,0.7,15.0,3.0
13965,0.9981,0,WARNING,15.6,1.5,16.0,1.7
13966,0.9903,0,WARNING,15.5,1.5,17.3,3.3
13967,0.9982,0,WARNING,15.4,1.0,15.3,1.6
13968,0.9903,0,WARNING,16.1,3.0,19.8,4.0
13969,0.9982,0,WARNING,15.4,0.9,15.1,1.7
13970,0.9902,0,WARNING,15.4,0.8,15.1,3.0
13971,0.9981,0,WARNING,15.4,0.8,15.0,1.6
13972,0.9903,0,WARNING,15.3,0.7,15.4,3.2
13973,0.9903,0,WARNING,15.3,0.7,15.2,3.0
13974,0.9903,0,WARNING,15.3,1.0,15.9,3.1
13975,0.9903,0,WARNING,15.3,0.8,15.7,3.1
13976,0.9981,0,WARNING,15.5,1.0,15.0,1.3
13977,0.9981,0,WARNING,15.3,0.5,13.9,1.1
13978,0.8908,0,WARNING,17.4,7.7,34.3,9.3
13979,0.9983,0,WARNING,17.5,7.9,33.1,6.9
13980,0.9983,0,WARNING,17.7,7.1,32.1,7.1
13981,0.6111,0,WARNING,17.1,5.9,29.7,8.2
13982,0.9894,0,WARNING,16.9,5.7,30.2,7.9
13983,0.9894,0,WARNING,16.7,5.1,28.1,7.3
13984,0.9983,0,WARNING,17.1,5.5,29.4,6.9
13985,0.6068,0,WARNING,16.9,5.7,30.3,8.7
13986,0.9983,0,WARNING,17.5,5.8,29.6,6.9
13987,0.5685,0,NORMAL,18.5,5.4,25.8,8.2
13988,0.8606,0,WARNING,21.0,7.0,30.3,9.3
13989,0.9984,0,WARNING,20.4,5.4,29.2,7.4
13990,0.9977,0,WARNING,20.0,4.4,26.3,9.4
13991,0.9895,0,WARNING,17.6,5.3,22.5,5.4
13992,0.9983,0,WARNING,16.3,3.3,21.7,3.6
13993,0.9736,0,WARNING,16.2,3.3,21.7,5.0
13994,0.2256,0,NORMAL,16.2,3.1,22.0,5.7
13995,0.2827,0,NORMAL,16.1,3.1,22.0,5.7
13996,0.2506,0,NORMAL,16.1,3.4,21.7,5.6
13997,0.9982,0,WARNING,16.0,3.5,21.9,4.0
13998,0.9899,0,WARNING,16.0,3.1,22.0,5.1
13999,0.9982,0,WARNING,16.1,2.9,21.7,3.6
14000,0.9899,0,WARNING,16.3,3.4,22.2,5.2
14001,0.9982,0,WARNING,16.1,3.5,22.0,4.3
14002,0.9982,0,WARNING,16.0,3.1,22.3,3.9
14003,0.9982,0,WARNING,16.1,3.3,22.2,4.4
14004,0.2609,0,NORMAL,16.0,3.5,22.3,5.8
14005,0.9982,0,WARNING,15.5,1.4,16.3,2.3
14006,0.99,0,WARNING,15.5,1.3,17.2,3.7
14007,0.9901,0,WARNING,15.4,0.9,15.9,3.3
14008,0.9982,0,WARNING,16.9,7.0,30.1,6.3
14009,0.9899,0,WARNING,16.5,5.6,30.4,8.2
14010,0.9983,0,WARNING,16.6,4.4,26.0,5.1
14011,0.9983,0,WARNING,16.4,3.7,22.8,4.2
14012,0.9983,0,WARNING,16.2,3.8,23.1,4.2
14013,0.9897,0,WARNING,16.3,3.6,23.0,5.3
14014,0.9983,0,WARNING,16.2,3.6,23.0,3.9
14015,0.9898,0,WARNING,16.1,3.9,23.4,5.7
14016,0.9983,0,WARNING,16.1,3.7,23.5,4.8
14017,0.9982,0,WARNING,16.1,3.8,22.9,4.6
14018,0.2356,0,NORMAL,16.2,4.0,23.4,6.1
14019,0.3881,0,NORMAL,16.1,3.9,22.9,5.9
14020,0.9983,0,WARNING,16.2,3.8,23.2,4.2
14021,0.9982,0,WARNING,16.3,3.9,23.5,4.1
14022,0.9982,0,WARNING,16.2,4.1,23.6,4.2
14023,0.2497,0,NORMAL,16.1,3.9,23.7,6.2
14024,0.9898,0,WARNING,16.1,3.8,23.5,5.7
14025,0.9983,0,WARNING,16.1,4.3,23.6,4.9
14026,0.9983,0,WARNING,16.1,4.2,23.4,4.8
14027,0.9982,0,WARNING,16.1,3.8,23.7,4.9
14028,0.9898,0,WARNING,16.0,4.0,23.7,5.7
14029,0.9983,0,WARNING,16.1,4.3,23.6,4.6
14030,0.9983,0,WARNING,16.6,4.3,23.3,4.2
14031,0.9897,0,WARNING,17.0,4.3,23.8,5.8
14032,0.9983,0,WARNING,17.5,4.0,23.6,4.9
14033,0.9897,0,WARNING,17.3,4.6,24.2,5.9
14034,0.3921,0,NORMAL,17.6,4.3,24.0,6.2
14035,0.9897,0,WARNING,17.7,4.2,23.9,5.8
14036,0.9983,0,WARNING,17.9,4.3,24.2,4.9
14037,0.9983,0,WARNING,18.1,4.5,23.9,4.3
14038,0.2005,0,NORMAL,18.1,4.2,23.7,6.2
14039,0.9983,0,WARNING,17.8,4.0,23.9,4.8
14040,0.9897,0,WARNING,18.0,4.7,24.1,5.9
14041,0.9983,0,WARNING,18.6,4.5,23.9,4.4
14042,0.9896,0,WARNING,18.2,4.3,24.3,5.9
14043,0.9896,0,WARNING,18.0,4.5,24.2,5.9
14044,0.2824,0,NORMAL,18.1,4.7,24.4,6.4
14045,0.2832,0,NORMAL,18.2,4.4,24.3,6.3
14046,0.9983,0,WARNING,19.0,4.2,23.1,4.4
14047,0.9897,0,WARNING,20.2,5.7,26.7,7.9
14048,1.0,0,ANOMALY,23.7,13.1,39.1,16.3
14049,0.9993,0,WARNING,21.9,5.7,29.9,11.0
14050,0.9891,0,WARNING,19.6,5.4,25.9,6.4
14051,0.9984,0,WARNING,18.3,4.3,22.7,4.0
14052,0.9895,0,WARNING,18.5,5.0,26.2,6.3
14053,0.9895,0,WARNING,18.7,4.6,24.3,5.8
14054,0.1925,0,NORMAL,18.4,4.5,24.9,6.5
14055,0.9983,0,WARNING,18.6,4.8,24.9,5.2
14056,0.9983,0,WARNING,18.4,4.6,24.4,5.1
14057,0.9896,0,WARNING,18.4,4.8,24.4,5.8
14058,0.9983,0,WARNING,18.2,4.2,24.5,4.7
14059,0.9896,0,WARNING,18.0,4.4,24.4,5.8
14060,0.9897,0,WARNING,18.1,4.9,24.7,5.9
14061,0.9896,0,WARNING,18.0,4.6,22.9,5.3
14062,0.9983,0,WARNING,18.0,5.1,26.3,5.0
14063,0.9983,0,WARNING,18.0,4.6,24.6,4.7
14064,0.9983,0,WARNING,17.8,4.7,24.3,5.0
14065,0.9896,0,WARNING,17.9,5.1,25.0,6.1
14066,0.3987,0,NORMAL,18.2,4.6,24.4,6.3
14067,0.9983,0,WARNING,18.0,4.8,24.7,5.1
14068,0.9983,0,WARNING,18.0,5.1,24.2,4.2
14069,0.9983,0,WARNING,18.4,5.0,24.8,4.5
14070,0.9983,0,WARNING,18.1,5.1,25.2,5.2
14071,0.9896,0,WARNING,18.2,5.2,24.3,5.8
14072,0.9983,0,WARNING,18.1,5.2,25.0,4.8
14073,0.9896,0,WARNING,18.4,5.1,24.2,5.7
14074,0.1784,0,NORMAL,18.2,5.4,25.3,6.7
14075,0.9983,0,WARNING,18.4,5.6,24.7,5.0
14076,0.9983,0,WARNING,18.1,5.5,25.0,4.6
14077,0.9983,0,WARNING,18.2,5.3,25.0,4.6
14078,0.9896,0,WARNING,18.0,5.7,25.3,6.2
14079,0.9896,0,WARNING,18.0,5.8,25.1,6.1
14080,0.9983,0,WARNING,18.0,5.6,25.1,5.3
14081,0.1792,0,NORMAL,18.1,5.7,25.3,6.7
14082,0.9896,0,WARNING,18.0,5.9,25.0,6.1
14083,0.9983,0,WARNING,18.4,6.1,25.6,4.8
14084,0.9983,0,WARNING,18.2,5.6,25.1,4.6
14085,0.4045,0,NORMAL,18.3,5.8,24.8,6.3
14086,0.9983,0,WARNING,18.0,5.9,25.4,4.6
14087,0.1796,0,NORMAL,18.4,6.3,25.1,6.7
14088,0.9983,0,WARNING,18.4,6.4,26.0,5.0
14089,0.9983,0,WARNING,18.0,5.7,24.8,5.0
14090,0.9896,0,WARNING,18.2,6.3,25.9,6.4
14091,0.9983,0,WARNING,18.2,6.4,25.7,4.8
14092,0.9983,0,WARNING,18.3,6.5,25.5,4.7
14093,0.9896,0,WARNING,18.3,6.0,25.7,6.1
14094,0.9983,0,WARNING,18.2,6.1,25.1,4.6
14095,0.9983,0,WARNING,18.5,6.7,26.3,5.1
14096,0.4095,0,NORMAL,18.7,6.7,25.8,6.7
14097,0.9983,0,WARNING,18.5,6.2,25.4,4.8
14098,0.1753,0,NORMAL,18.7,7.0,26.5,7.1
14099,0.9895,0,WARNING,18.5,6.6,26.2,6.4
14100,0.9983,0,WARNING,18.5,6.3,24.9,4.4
14101,0.9983,0,WARNING,18.3,6.6,26.3,4.9
14102,0.9895,0,WARNING,18.3,6.7,26.1,6.4
14103,0.9895,0,WARNING,18.2,6.6,26.1,6.3
14104,0.9983,0,WARNING,18.0,6.3,25.8,5.4
14105,0.9983,0,WARNING,18.1,6.7,26.2,5.6
14106,0.9895,0,WARNING,19.3,6.9,25.8,6.2
14107,0.9983,0,WARNING,21.1,7.4,26.9,6.9
14108,1.0,0,ANOMALY,24.3,17.4,40.5,17.9
14109,0.9984,0,WARNING,22.7,8.2,32.7,8.8
14110,0.9252,0,WARNING,20.0,7.8,30.1,10.2
14111,0.9984,0,WARNING,18.6,6.4,25.8,4.7
14112,0.9984,0,WARNING,18.6,6.2,25.0,4.7
14113,0.1766,0,NORMAL,18.6,7.0,26.9,7.2
14114,0.9894,0,WARNING,18.3,6.3,25.3,6.2
14115,0.9983,0,WARNING,18.3,6.7,26.8,5.7
14116,0.9895,0,WARNING,18.6,7.0,26.0,6.3
14117,0.4132,0,NORMAL,18.2,6.7,25.2,6.4
14118,0.9895,0,WARNING,17.9,6.1,25.3,6.1
14119,0.9896,0,WARNING,18.1,6.9,26.9,6.6
14120,0.9983,0,WARNING,18.1,6.8,25.7,5.0
14121,0.1789,0,NORMAL,18.0,6.8,25.9,6.9
14122,0.9983,0,WARNING,17.8,6.1,25.9,4.9
14123,0.9983,0,WARNING,17.7,6.0,25.9,5.0
14124,0.9983,0,WARNING,17.6,6.7,25.8,5.3
14125,0.9983,0,WARNING,17.6,6.4,25.4,4.6
14126,0.9983,0,WARNING,17.6,6.2,26.0,5.0
14127,0.9983,0,WARNING,17.5,6.3,25.3,4.7
14128,0.9896,0,WARNING,17.5,6.5,25.2,6.1
14129,0.9896,0,WARNING,17.5,6.1,26.2,6.5
14130,0.9983,0,WARNING,17.3,6.5,25.4,4.8
14131,0.9983,0,WARNING,17.2,6.5,25.1,5.1
14132,0.9896,0,WARNING,17.4,6.2,26.3,6.3
14133,0.9896,0,WARNING,17.3,6.2,25.8,6.3
14134,0.1825,0,NORMAL,17.6,6.3,26.1,6.9
14135,0.9983,0,WARNING,18.3,6.5,25.4,4.8
14136,0.9895,0,WARNING,18.7,5.8,25.8,6.4
14137,0.9983,0,WARNING,18.6,6.3,25.7,4.8
14138,0.9895,0,WARNING,18.8,6.5,25.0,6.0
14139,0.9895,0,WARNING,18.5,6.6,27.1,6.7
14140,0.411,0,NORMAL,18.6,6.2,25.5,6.5
14141,0.9895,0,WARNING,18.9,6.6,25.7,6.3
14142,0.9983,0,WARNING,18.8,6.4,25.8,5.0
14143,0.9983,0,WARNING,18.6,6.5,25.6,5.3
14144,0.9895,0,WARNING,18.9,6.1,26.3,6.5
14145,0.9983,0,WARNING,18.7,5.9,25.1,5.1
14146,0.4077,0,NORMAL,19.2,6.3,24.5,6.4
14147,0.9895,0,WARNING,19.1,7.0,27.0,6.6
14148,0.9895,0,WARNING,18.9,6.0,25.5,6.1
14149,0.9983,0,WARNING,19.2,5.9,26.3,5.0
14150,0.9895,0,WARNING,19.2,6.5,25.1,6.1
14151,0.9895,0,WARNING,19.6,6.2,25.1,6.0
14152,0.9983,0,WARNING,18.9,5.9,25.4,4.8
14153,0.9983,0,WARNING,18.9,6.1,26.1,5.1
14154,0.9983,0,WARNING,18.9,6.1,25.6,5.9
14155,0.9983,0,WARNING,19.1,6.4,25.9,4.9
14156,0.376,0,NORMAL,19.1,5.6,25.6,6.6
14157,0.9895,0,WARNING,19.3,6.2,25.9,6.3
14158,0.1861,0,NORMAL,19.6,6.3,25.5,6.8
14159,0.9983,0,WARNING,19.2,5.7,25.5,4.9
14160,0.9895,0,WARNING,19.2,6.3,25.6,6.3
14161,0.9983,0,WARNING,19.4,6.1,25.5,4.9
14162,0.9895,0,WARNING,19.3,6.1,25.9,6.4
14163,0.9895,0,WARNING,19.1,5.7,25.7,6.2
14164,0.9895,0,WARNING,19.0,6.3,25.9,6.2
14165,0.9895,0,WARNING,19.1,6.3,25.6,6.3
14166,0.9983,0,WARNING,19.9,5.8,25.3,4.6
14167,0.9895,0,WARNING,21.2,7.2,26.6,7.8
14168,1.0,0,ANOMALY,25.0,18.7,37.2,18.0
14169,1.0,0,WARNING,23.7,7.3,34.7,12.9
14170,0.9889,0,WARNING,20.8,8.0,29.2,8.8
14171,0.989,0,WARNING,19.1,5.8,25.3,6.0
14172,0.9744,0,WARNING,19.1,6.5,25.9,6.1
14173,0.9893,0,WARNING,19.1,5.9,25.6,5.5
14174,0.1887,0,NORMAL,18.9,5.5,25.7,6.8
14175,0.9983,0,WARNING,18.8,6.0,25.9,5.0
14176,0.19,0,NORMAL,18.8,6.3,26.0,7.0
14177,0.9983,0,WARNING,18.7,5.8,25.5,4.7
14178,0.1903,0,NORMAL,19.0,5.9,26.7,7.2
14179,0.9983,0,WARNING,18.9,5.9,25.5,5.2
14180,0.9983,0,WARNING,19.0,6.2,25.7,4.7
14181,0.9983,0,WARNING,18.6,5.7,25.9,5.0
14182,0.9895,0,WARNING,18.7,6.2,26.1,6.3
14183,0.9983,0,WARNING,18.6,6.1,26.0,5.2
14184,0.409,0,NORMAL,18.6,5.7,25.4,6.6
14185,0.9983,0,WARNING,18.5,5.9,26.3,5.2
14186,0.1912,0,NORMAL,18.7,6.1,26.0,7.0
14187,0.9895,0,WARNING,18.6,5.9,25.8,6.2
14188,0.9983,0,WARNING,18.6,5.9,26.1,4.9
14189,0.1919,0,NORMAL,18.3,5.9,26.2,7.0
14190,0.9895,0,WARNING,18.7,6.2,25.2,6.1
14191,0.9895,0,WARNING,19.1,5.9,27.4,6.9
14192,0.9983,0,WARNING,18.7,6.0,25.9,4.8
14193,0.9983,0,WARNING,18.6,6.3,26.3,5.1
14194,0.1927,0,NORMAL,18.7,6.1,26.8,7.3
14195,0.9895,0,WARNING,18.6,5.8,25.9,6.2
14196,0.9983,0,WARNING,18.4,6.0,25.8,4.9
14197,0.9895,0,WARNING,18.4,5.9,26.4,6.4
14198,0.1934,0,NORMAL,18.1,5.8,25.9,7.0
14199,0.9983,0,WARNING,18.1,5.8,26.1,5.1
14200,0.9983,0,WARNING,18.0,6.1,25.4,4.7
14201,0.9983,0,WARNING,18.1,5.7,26.0,5.1
14202,0.9983,0,WARNING,17.9,6.0,25.7,4.9
14203,0.9983,0,WARNING,18.0,6.1,25.5,4.7
14204,0.2926,0,NORMAL,17.9,6.0,26.1,6.9
14205,0.9983,0,WARNING,17.8,5.8,25.1,4.6
14206,0.9896,0,WARNING,17.8,6.2,26.7,6.7
14207,0.9983,0,WARNING,18.2,5.7,25.8,5.5
14208,0.9983,0,WARNING,18.2,5.6,25.4,5.2
14209,0.9983,0,WARNING,18.3,5.9,25.7,4.8
14210,0.9983,0,WARNING,17.9,5.8,26.2,5.1
14211,0.9983,0,WARNING,17.8,6.0,25.4,4.6
14212,0.9895,0,WARNING,18.2,5.8,26.6,6.5
14213,0.9895,0,WARNING,17.8,6.3,25.9,6.2
14214,0.9983,0,WARNING,17.8,5.7,25.8,5.5
14215,0.1973,0,NORMAL,17.7,5.9,26.5,7.1
14216,0.9895,0,WARNING,17.6,5.7,26.0,6.4
14217,0.9983,0,WARNING,17.9,6.0,25.8,5.0
14218,0.9895,0,WARNING,17.6,5.8,25.8,6.2
14219,0.9983,0,WARNING,17.5,5.6,25.4,4.8
14220,0.9983,0,WARNING,17.6,6.2,25.9,4.9
14221,0.9983,0,WARNING,17.6,6.0,26.5,5.2
14222,0.9895,0,WARNING,17.7,6.0,26.1,6.3
14223,0.9983,0,WARNING,17.5,5.8,26.0,5.5
14224,0.9983,0,WARNING,17.5,6.2,26.1,5.6
14225,0.9983,0,WARNING,17.5,6.1,25.8,5.5
14226,0.9895,0,WARNING,18.1,5.4,25.0,5.9
14227,0.666,0,WARNING,19.7,7.8,28.2,8.7
14228,1.0,0,ANOMALY,23.2,16.8,37.5,16.4
14229,1.0,0,ANOMALY,21.8,7.3,34.6,13.9
14230,0.4084,0,NORMAL,19.5,7.3,31.5,11.0
14231,0.9984,0,WARNING,17.4,4.3,20.7,3.2
14232,0.1988,0,NORMAL,17.8,6.3,26.7,7.1
14233,0.9894,0,WARNING,18.0,7.1,30.6,7.9
14234,0.9983,0,WARNING,17.6,5.9,25.8,5.4
14235,0.9983,0,WARNING,17.4,5.9,25.8,4.7
14236,0.9983,0,WARNING,17.3,5.6,26.4,5.0
14237,0.9895,0,WARNING,17.2,5.6,25.2,6.2
14238,0.9983,0,WARNING,17.2,5.9,25.9,5.6
14239,0.9896,0,WARNING,17.9,6.0,26.3,6.5
14240,0.9983,0,WARNING,18.0,5.7,25.3,5.2
14241,0.2013,0,NORMAL,17.9,6.0,27.5,7.4
14242,0.9983,0,WARNING,18.1,5.4,24.4,4.4
14243,0.9896,0,WARNING,18.3,6.1,27.8,6.8
14244,0.9983,0,WARNING,18.3,5.1,24.4,4.8
14245,0.9983,0,WARNING,19.0,6.1,27.7,6.2
14246,0.9983,0,WARNING,18.8,6.0,25.7,4.9
14247,0.4092,0,NORMAL,18.9,5.8,25.3,6.6
14248,0.9983,0,WARNING,18.8,5.6,27.1,5.5
14249,0.9895,0,WARNING,18.9,5.8,26.3,6.3
14250,0.9983,0,WARNING,19.1,5.9,25.8,5.4
14251,0.9983,0,WARNING,19.0,5.8,25.9,5.3
14252,0.9895,0,WARNING,18.8,6.2,27.3,6.7
14253,0.9895,0,WARNING,18.8,6.0,25.7,6.3
14254,0.9983,0,WARNING,19.2,5.7,26.2,5.6
14255,0.9895,0,WARNING,18.8,5.6,26.7,6.7
14256,0.9983,0,WARNING,19.1,6.1,25.3,4.7
14257,0.4085,0,NORMAL,18.9,6.1,26.8,7.1
14258,0.9983,0,WARNING,19.1,5.6,26.3,5.2
14259,0.9983,0,WARNING,19.3,6.2,26.6,5.5
14260,0.9894,0,WARNING,19.5,6.4,26.7,6.5
14261,0.9983,0,WARNING,19.2,5.8,26.2,5.2
14262,0.9894,0,WARNING,19.5,6.3,26.2,6.4
14263,0.9983,0,WARNING,19.3,6.2,26.8,5.4
14264,0.9983,0,WARNING,19.2,5.7,26.1,5.5
14265,0.9983,0,WARNING,18.9,5.7,27.0,5.3
14266,0.9895,0,WARNING,18.9,6.2,26.5,6.6
14267,0.9983,0,WARNING,18.6,5.8,26.0,4.8
14268,0.9983,0,WARNING,18.7,5.5,26.3,5.4
14269,0.9983,0,WARNING,19.1,5.7,26.4,5.2
14270,0.9895,0,WARNING,18.9,6.3,26.2,6.5
14271,0.9983,0,WARNING,19.1,6.1,26.4,5.7
14272,0.9895,0,WARNING,19.0,5.6,26.3,6.6
14273,0.9739,0,WARNING,19.0,5.9,26.5,6.4
14274,0.2001,0,NORMAL,18.8,6.0,26.5,7.0
14275,0.9895,0,WARNING,19.2,6.2,26.5,6.3
14276,0.304,0,NORMAL,19.0,5.3,26.4,7.0
14277,0.9895,0,WARNING,18.8,5.9,26.8,6.0
14278,0.1976,0,NORMAL,18.9,6.3,27.0,7.2
14279,0.9894,0,WARNING,18.9,6.2,26.5,6.5
14280,0.2119,0,NORMAL,18.7,5.7,27.0,7.3
14281,0.9983,0,WARNING,18.7,6.0,26.1,5.0
14282,0.9895,0,WARNING,19.0,6.1,26.7,6.6
14283,0.9983,0,WARNING,18.9,5.8,26.4,5.0
14284,0.4124,0,NORMAL,18.5,5.7,25.6,6.6
14285,0.9983,0,WARNING,18.6,6.1,27.1,5.9
14286,0.9895,0,WARNING,19.3,6.3,26.6,6.4
14287,0.9983,0,WARNING,21.6,6.8,27.2,7.3
14288,1.0,0,ANOMALY,25.8,19.4,47.3,24.4
14289,1.0,0,WARNING,23.6,8.4,33.8,12.1
14290,0.9985,0,WARNING,20.5,6.8,29.0,7.4
14291,0.9984,0,WARNING,19.1,6.0,26.8,5.6
14292,0.9984,0,WARNING,18.8,6.1,26.0,4.8
14293,0.9893,0,WARNING,18.9,6.0,26.4,6.6
14294,0.9983,0,WARNING,18.6,5.9,26.6,5.7
14295,0.9983,0,WARNING,18.6,5.8,27.0,5.4
14296,0.4155,0,NORMAL,18.7,6.2,26.2,6.9
14297,0.9895,0,WARNING,18.4,6.2,25.6,6.2
14298,0.9983,0,WARNING,18.2,5.7,26.1,5.5
14299,0.9983,0,WARNING,18.4,6.3,27.9,6.0
14300,0.9983,0,WARNING,18.8,6.4,26.1,5.4
14301,0.1889,0,NORMAL,18.3,6.0,26.4,7.0
14302,0.9983,0,WARNING,19.0,6.0,26.7,5.3
14303,0.9983,0,WARNING,18.7,6.3,26.8,5.4
14304,0.4126,0,NORMAL,18.4,6.2,25.9,6.7
14305,0.4106,0,NORMAL,18.3,6.0,26.6,7.0
14306,0.9895,0,WARNING,18.3,5.8,26.7,6.6
14307,0.9895,0,WARNING,18.2,6.2,25.8,6.1
14308,0.9983,0,WARNING,18.4,6.0,26.5,5.2
14309,0.9983,0,WARNING,18.3,6.3,26.7,5.2
14310,0.9983,0,WARNING,18.1,6.3,26.6,5.3
14311,0.9983,0,WARNING,18.0,6.3,26.8,5.8
14312,0.9983,0,WARNING,18.4,6.0,26.7,5.2
14313,0.4127,0,NORMAL,18.2,5.8,26.2,6.9
14314,0.9983,0,WARNING,18.3,6.4,26.5,5.1
14315,0.9895,0,WARNING,18.6,6.4,26.2,6.2
14316,0.9983,0,WARNING,18.5,6.1,26.7,5.2
14317,0.1891,0,NORMAL,18.1,6.2,26.0,6.9
14318,0.1893,0,NORMAL,18.0,6.6,26.7,7.2
14319,0.9895,0,WARNING,17.9,6.1,26.5,6.6
14320,0.9983,0,WARNING,18.1,6.0,26.1,4.9
14321,0.9983,0,WARNING,17.9,6.5,26.3,5.7
14322,0.9895,0,WARNING,17.6,6.1,26.2,6.2
14323,0.9983,0,WARNING,17.8,6.4,26.5,5.6
14324,0.9983,0,WARNING,18.2,6.1,26.4,5.6
14325,0.9895,0,WARNING,18.6,6.8,26.9,6.6
14326,0.9983,0,WARNING,18.2,6.2,26.4,5.2
14327,0.9983,0,WARNING,17.9,6.6,26.6,5.7
14328,0.9983,0,WARNING,17.8,6.0,26.9,5.3
14329,0.189,0,NORMAL,17.7,6.3,26.9,7.3
14330,0.9983,0,WARNING,17.7,6.7,26.5,5.0
14331,0.9983,0,WARNING,17.5,6.4,26.3,5.0
14332,0.9983,0,WARNING,17.5,5.9,26.5,5.7
14333,0.1902,0,NORMAL,17.6,6.4,26.5,7.1
14334,0.4123,0,NORMAL,17.5,6.5,26.7,7.0
14335,0.9983,0,WARNING,17.5,6.5,27.1,5.4
14336,0.1895,0,NORMAL,17.4,6.0,27.0,7.3
14337,0.9983,0,WARNING,17.6,6.8,26.3,5.5
14338,0.3778,0,NORMAL,17.3,7.0,27.2,7.1
14339,0.9983,0,WARNING,17.2,6.4,26.8,5.1
14340,0.9895,0,WARNING,17.1,6.4,26.8,6.6
14341,0.9983,0,WARNING,17.2,7.2,27.3,5.4
14342,0.9894,0,WARNING,17.1,6.6,26.6,6.6
14343,0.9983,0,WARNING,17.5,6.0,27.1,5.4
14344,0.4148,0,NORMAL,17.9,6.9,26.4,7.0
14345,0.9895,0,WARNING,18.6,6.9,26.9,6.7
14346,0.9983,0,WARNING,19.5,6.2,27.7,5.9
14347,0.9741,0,WARNING,20.3,8.0,27.2,7.5
14348,1.0,0,ANOMALY,22.9,7.5,31.8,12.7
14349,1.0,0,ANOMALY,24.9,18.5,43.0,15.1
14350,1.0,0,ANOMALY,23.9,10.5,36.3,15.3
14351,0.4399,0,NORMAL,20.4,6.7,27.8,7.5
14352,0.9984,0,WARNING,19.7,6.8,26.3,5.5
14353,0.9745,0,WARNING,19.5,7.6,28.5,6.9
14354,0.9983,0,WARNING,19.5,6.7,29.0,6.3
14355,0.3035,0,NORMAL,19.2,6.9,27.3,7.2
14356,0.4245,0,NORMAL,19.2,7.1,27.9,7.3
14357,0.9983,0,WARNING,19.6,6.8,27.9,5.6
14358,0.9983,0,WARNING,19.4,6.6,27.9,6.1
14359,0.9893,0,WARNING,19.4,7.0,27.7,6.8
14360,0.9893,0,WARNING,19.0,7.1,28.5,7.2
14361,0.9983,0,WARNING,18.9,6.7,28.2,5.7
14362,0.9893,0,WARNING,19.0,7.0,27.7,6.7
14363,0.9893,0,WARNING,19.4,7.2,28.3,6.9
14364,0.9983,0,WARNING,19.9,6.8,28.1,6.2
14365,0.9983,0,WARNING,19.6,6.6,28.1,6.2
14366,0.9893,0,WARNING,19.4,7.3,28.0,7.0
14367,0.9983,0,WARNING,19.3,6.7,28.7,5.9
14368,0.9983,0,WARNING,19.3,6.4,26.7,5.7
14369,0.9983,0,WARNING,19.5,7.1,28.0,5.5
14370,0.2997,0,NORMAL,19.6,7.8,30.3,8.1
14371,0.4271,0,NORMAL,19.2,6.6,27.9,7.3
14372,0.1734,0,NORMAL,19.2,7.0,28.1,7.5
14373,0.9893,0,WARNING,19.0,7.0,28.5,6.5
14374,0.4242,0,NORMAL,19.6,6.9,27.8,7.4
14375,0.9983,0,WARNING,19.2,7.0,28.2,5.7
14376,0.9893,0,WARNING,19.1,6.3,27.1,6.8
14377,0.2105,0,NORMAL,19.9,7.9,29.1,7.7
14378,0.9983,0,WARNING,19.4,7.2,29.3,5.9
14379,0.9893,0,WARNING,19.2,7.0,27.9,6.7
14380,0.9983,0,WARNING,19.2,7.4,28.3,6.3
14381,0.9983,0,WARNING,18.9,6.9,28.4,6.3
14382,0.1745,0,NORMAL,18.8,7.4,28.1,7.5
14383,0.9983,0,WARNING,18.8,7.2,27.8,5.5
14384,0.1747,0,NORMAL,18.9,7.1,28.9,7.8
14385,0.9983,0,WARNING,18.9,7.2,27.9,6.0
14386,0.3017,0,NORMAL,18.8,7.3,28.6,7.6
14387,0.9983,0,WARNING,18.9,7.1,28.3,6.2
14388,0.9983,0,WARNING,18.9,6.8,28.3,6.3
14389,0.9893,0,WARNING,19.0,7.0,28.6,7.3
14390,0.9983,0,WARNING,19.0,7.0,27.4,5.4
14391,0.9983,0,WARNING,19.0,7.3,29.3,6.6
14392,0.9983,0,WARNING,19.0,7.2,27.7,5.4
14393,0.1749,0,NORMAL,18.8,6.4,27.2,7.4
14394,0.9983,0,WARNING,19.0,7.4,29.3,6.5
14395,0.9983,0,WARNING,19.2,7.2,28.2,6.1
14396,0.9983,0,WARNING,18.9,6.7,27.8,6.1
14397,0.9893,0,WARNING,18.7,6.7,27.8,7.1
14398,0.9983,0,WARNING,19.0,7.3,28.1,5.7
14399,0.9983,0,WARNING,19.0,6.8,27.3,5.8
14400,0.9893,0,WARNING,18.9,7.0,27.4,6.7
14401,0.9983,0,WARNING,18.8,7.1,28.2,5.6
14402,0.9893,0,WARNING,18.6,7.2,28.2,7.0
14403,0.9893,0,WARNING,18.4,5.9,26.1,6.2
14404,0.9983,0,WARNING,18.8,7.3,29.1,6.4
14405,0.4213,0,NORMAL,18.7,7.0,27.2,7.2
14406,0.9983,0,WARNING,19.4,6.7,27.5,5.9
14407,0.9983,0,WARNING,22.0,11.0,28.8,8.2
14408,1.0,0,ANOMALY,24.7,19.1,45.0,21.1
14409,0.9985,0,WARNING,22.9,8.7,35.5,10.2
14410,1.0,0,WARNING,21.0,8.1,33.0,12.8
14411,0.9887,0,WARNING,18.8,6.2,27.7,6.8
14412,0.989,0,WARNING,18.2,5.1,23.3,5.5
14413,0.9741,0,WARNING,18.7,8.1,31.7,8.1
14414,0.4319,0,NORMAL,18.2,6.6,26.8,7.0
14415,0.1751,0,NORMAL,18.2,6.1,27.2,7.3
14416,0.9983,0,WARNING,18.3,6.7,27.9,5.6
14417,0.9894,0,WARNING,18.5,6.9,27.5,6.7
14418,0.38,0,NORMAL,18.2,6.6,27.6,7.3
14419,0.9983,0,WARNING,17.9,6.3,27.5,5.4
14420,0.9983,0,WARNING,17.9,6.3,27.4,5.6
14421,0.9983,0,WARNING,18.0,7.0,27.5,5.9
14422,0.9894,0,WARNING,18.0,6.9,27.6,6.9
14423,0.4187,0,NORMAL,17.9,6.1,26.3,7.0
14424,0.9983,0,WARNING,17.8,6.7,28.5,6.3
14425,0.9894,0,WARNING,17.8,6.6,26.4,6.4
14426,0.9983,0,WARNING,17.7,6.6,27.3,5.8
14427,0.9983,0,WARNING,17.7,6.5,27.8,5.5
14428,0.1781,0,NORMAL,17.6,6.5,27.2,7.2
14429,0.9894,0,WARNING,17.8,7.0,27.6,6.9
14430,0.9983,0,WARNING,17.7,6.4,26.7,5.2
14431,0.9894,0,WARNING,17.7,6.2,27.1,6.7
14432,0.9895,0,WARNING,17.5,6.6,26.7,6.5
14433,0.9895,0,WARNING,17.5,6.3,27.6,6.9
14434,0.3782,0,NORMAL,17.4,6.1,27.2,7.2
14435,0.2036,0,NORMAL,17.4,6.4,27.2,7.2
14436,0.9983,0,WARNING,17.3,6.5,26.4,5.6
14437,0.9895,0,WARNING,17.3,6.3,26.6,6.6
14438,0.9983,0,WARNING,17.6,6.4,27.3,6.0
14439,0.9983,0,WARNING,17.8,6.5,27.8,6.1
14440,0.9983,0,WARNING,17.6,6.5,26.9,5.4
14441,0.9894,0,WARNING,17.3,6.1,26.4,6.4
14442,0.9983,0,WARNING,17.2,6.6,27.3,5.3
14443,0.9895,0,WARNING,17.2,6.5,27.2,6.7
14444,0.9895,0,WARNING,17.1,6.3,26.3,6.4
14445,0.4138,0,NORMAL,17.0,6.2,26.5,7.0
14446,0.2039,0,NORMAL,17.2,6.3,27.2,7.3
14447,0.9983,0,WARNING,17.3,6.1,26.0,4.9
14448,0.9983,0,WARNING,17.4,5.9,27.3,5.5
14449,0.9983,0,WARNING,17.8,6.1,26.4,5.0
14450,0.9983,0,WARNING,18.0,6.2,26.8,5.2
14451,0.9895,0,WARNING,18.6,6.0,26.5,6.4
14452,0.1807,0,NORMAL,18.8,5.9,26.6,7.1
14453,0.9894,0,WARNING,18.9,6.1,26.2,6.4
14454,0.9983,0,WARNING,19.0,6.1,27.3,5.5
14455,0.1803,0,NORMAL,18.8,6.1,26.4,7.0
14456,0.9983,0,WARNING,19.1,5.9,26.3,5.2
14457,0.9983,0,WARNING,18.8,6.1,26.4,5.4
14458,0.9983,0,WARNING,19.0,6.3,26.9,5.2
14459,0.9894,0,WARNING,18.7,5.9,26.1,6.4
14460,0.1816,0,NORMAL,18.7,6.0,26.5,7.1
14461,0.9983,0,WARNING,18.6,6.0,26.0,5.0
14462,0.9895,0,WARNING,18.9,6.3,26.8,6.6
14463,0.9983,0,WARNING,18.8,6.0,26.4,5.2
14464,0.9894,0,WARNING,19.3,6.0,26.3,6.5
14465,0.9983,0,WARNING,19.3,6.2,26.0,5.3
14466,0.9894,0,WARNING,20.1,5.8,26.7,5.8
14467,0.974,0,WARNING,21.2,7.3,27.0,7.7
14468,1.0,0,ANOMALY,25.6,18.4,40.6,20.8
14469,0.9987,0,WARNING,23.5,8.9,31.9,8.8
14470,1.0,0,ANOMALY,21.7,8.7,32.8,14.3
14471,0.9984,0,WARNING,19.7,5.9,26.2,5.1
14472,0.9891,0,WARNING,19.4,5.5,23.2,5.4
14473,0.9893,0,WARNING,19.4,6.5,29.4,7.5
14474,0.2977,0,NORMAL,19.3,5.6,26.2,6.8
14475,0.2026,0,NORMAL,19.0,5.8,26.2,6.9
14476,0.9894,0,WARNING,19.0,6.3,26.1,6.5
14477,0.9983,0,WARNING,19.1,5.8,25.3,4.7
14478,0.9895,0,WARNING,18.9,5.9,26.9,6.7
14479,0.9983,0,WARNING,18.8,5.6,26.4,5.2
14480,0.9895,0,WARNING,19.2,6.1,26.0,6.5
14481,0.9895,0,WARNING,19.9,6.2,26.1,6.3
14482,0.2931,0,NORMAL,19.6,5.7,26.1,6.8
14483,0.9895,0,WARNING,19.2,5.6,25.6,6.2
14484,0.211,0,NORMAL,19.3,6.0,25.8,6.8
14485,0.9895,0,WARNING,19.2,5.8,26.0,6.4
14486,0.9983,0,WARNING,19.7,5.3,25.4,5.3
14487,0.9983,0,WARNING,19.3,5.6,25.7,4.9
14488,0.9895,0,WARNING,19.0,5.8,25.8,6.4
14489,0.9983,0,WARNING,19.0,5.6,25.9,4.9
14490,0.9983,0,WARNING,18.9,5.5,25.3,5.1
14491,0.9895,0,WARNING,18.9,5.8,25.9,6.4
14492,0.9895,0,WARNING,18.9,5.9,25.9,6.3
14493,0.2906,0,NORMAL,18.7,5.4,26.1,7.0
14494,0.9983,0,WARNING,18.5,5.6,26.1,5.4
14495,0.9983,0,WARNING,18.9,6.2,26.8,5.8
14496,0.4107,0,NORMAL,18.6,5.7,25.8,6.8
14497,0.9983,0,WARNING,18.4,5.5,26.2,5.0
14498,0.9983,0,WARNING,18.3,5.7,26.3,5.0
14499,0.1987,0,NORMAL,18.7,5.9,26.0,6.9
14500,0.9895,0,WARNING,18.6,5.4,26.2,6.5
14501,0.9983,0,WARNING,18.5,5.5,25.9,5.1
14502,0.9983,0,WARNING,18.6,6.0,26.1,5.0
14503,0.1897,0,NORMAL,18.4,6.0,26.1,6.9
14504,0.2347,0,NORMAL,18.3,5.5,26.0,6.9
14505,0.9895,0,WARNING,18.2,5.3,26.3,6.4
14506,0.9895,0,WARNING,18.2,5.7,25.9,6.2
14507,0.9983,0,WARNING,18.3,6.0,26.1,5.5
14508,0.9983,0,WARNING,18.4,5.5,25.7,5.4
14509,0.9983,0,WARNING,18.1,5.8,26.7,5.7
14510,0.1903,0,NORMAL,18.5,6.0,25.8,6.9
14511,0.9983,0,WARNING,18.1,5.9,26.2,5.2
14512,0.9983,0,WARNING,18.0,5.4,26.1,5.1
14513,0.2916,0,NORMAL,17.9,5.4,25.9,6.8
14514,0.9983,0,WARNING,17.9,5.9,26.2,5.5
14515,0.9895,0,WARNING,17.7,6.0,26.5,6.6
14516,0.9983,0,WARNING,17.7,5.3,25.9,5.4
14517,0.9895,0,WARNING,17.9,5.7,26.6,6.6
14518,0.4111,0,NORMAL,17.6,6.2,26.1,6.9
14519,0.205,0,NORMAL,17.5,5.6,25.9,7.0
14520,0.9895,0,WARNING,17.5,5.8,26.1,6.4
14521,0.9983,0,WARNING,17.4,5.8,26.1,5.0
14522,0.9983,0,WARNING,17.4,6.2,26.5,5.0
14523,0.9983,0,WARNING,17.5,5.7,26.2,5.5
14524,0.2022,0,NORMAL,17.4,5.5,26.1,7.0
14525,0.1929,0,NORMAL,17.5,6.0,26.7,7.1
14526,0.9895,0,WARNING,18.4,5.7,25.8,6.3
14527,0.9895,0,WARNING,19.5,6.9,27.5,8.1
14528,1.0,0,ANOMALY,23.2,15.3,39.4,19.9
14529,0.9984,0,WARNING,20.8,9.0,35.4,9.6
14530,1.0,0,ANOMALY,19.6,7.9,32.9,14.6
14531,0.9889,0,WARNING,17.8,4.6,23.3,5.5
14532,0.2241,0,NORMAL,17.9,7.2,30.1,8.3
14533,0.9984,0,WARNING,17.6,6.1,26.4,5.2
14534,0.9893,0,WARNING,17.4,5.6,25.6,6.2
14535,0.194,0,NORMAL,17.5,6.4,28.1,7.5
14536,0.9983,0,WARNING,16.8,3.6,20.6,3.8
14537,0.2869,0,NORMAL,17.8,7.5,31.0,8.4
14538,0.9983,0,WARNING,17.5,6.2,28.5,5.7
14539,0.9894,0,WARNING,17.4,5.9,26.4,6.5
14540,0.9895,0,WARNING,17.3,6.0,26.3,6.6
14541,0.9983,0,WARNING,17.2,5.7,26.7,5.8
14542,0.9983,0,WARNING,17.2,5.8,26.4,5.7
14543,0.9895,0,WARNING,17.1,5.8,26.6,6.6
14544,0.196,0,NORMAL,17.0,5.8,26.4,7.1
14545,0.4114,0,NORMAL,16.9,5.3,26.4,6.8
14546,0.9983,0,WARNING,17.0,5.9,26.4,5.5
14547,0.9983,0,WARNING,17.0,6.0,26.6,5.3
14548,0.9983,0,WARNING,16.9,5.3,25.8,5.4
14549,0.9983,0,WARNING,16.9,5.9,26.7,5.2
14550,0.9895,0,WARNING,16.8,5.8,26.3,6.5
14551,0.9895,0,WARNING,17.1,5.8,26.1,6.4
14552,0.9983,0,WARNING,17.8,5.5,26.7,5.3
14553,0.9895,0,WARNING,17.9,5.7,26.7,6.6
14554,0.9983,0,WARNING,17.9,5.9,26.6,5.6
14555,0.4117,0,NORMAL,18.1,5.5,26.1,6.9
14556,0.9895,0,WARNING,18.1,5.5,25.0,6.0
14557,0.9895,0,WARNING,18.5,6.1,27.9,7.0
14558,0.9983,0,WARNING,18.6,5.7,26.5,5.8
14559,0.9894,0,WARNING,18.5,5.3,26.8,6.6
14560,0.9983,0,WARNING,18.8,6.0,26.8,5.3
14561,0.9894,0,WARNING,18.8,5.9,26.6,6.5
14562,0.9983,0,WARNING,18.5,5.9,26.2,4.9
14563,0.9983,0,WARNING,18.9,5.5,26.5,5.3
14564,0.9983,0,WARNING,18.8,5.5,26.3,5.2
14565,0.9895,0,WARNING,19.0,5.9,26.0,6.5
14566,0.2078,0,NORMAL,19.0,5.7,26.0,6.9
14567,0.9983,0,WARNING,19.0,5.8,26.2,5.6
14568,0.9895,0,WARNING,18.8,5.2,25.5,6.1
14569,0.9895,0,WARNING,19.1,5.6,26.8,6.6
14570,0.9895,0,WARNING,19.1,6.3,26.2,6.4
14571,0.9983,0,WARNING,19.4,6.1,26.1,5.6
14572,0.9983,0,WARNING,19.2,5.4,26.3,5.1
14573,0.9895,0,WARNING,19.1,5.7,26.0,6.4
14574,0.1986,0,NORMAL,18.8,5.8,26.3,7.0
14575,0.9983,0,WARNING,18.9,5.8,26.0,5.6
14576,0.9895,0,WARNING,18.9,5.6,26.8,6.6
14577,0.9983,0,WARNING,19.4,6.0,26.4,5.5
14578,0.9983,0,WARNING,19.0,5.8,26.1,5.1
14579,0.9983,0,WARNING,18.7,5.5,26.0,4.9
14580,0.9983,0,WARNING,19.0,5.7,26.4,5.7
14581,0.9895,0,WARNING,18.7,5.7,26.0,6.3
14582,0.9983,0,WARNING,18.7,5.8,26.4,5.2
14583,0.9983,0,WARNING,18.7,5.5,26.5,5.2
14584,0.2009,0,NORMAL,18.8,5.8,26.4,7.0
14585,0.9895,0,WARNING,19.5,6.0,26.1,6.2
14586,0.2949,0,NORMAL,20.0,5.5,26.9,7.0
14587,0.9895,0,WARNING,20.9,6.7,27.2,8.0
14588,1.0,0,ANOMALY,25.4,15.5,40.3,18.8
14589,0.9976,0,WARNING,23.0,9.9,36.8,12.0
14590,1.0,0,ANOMALY,21.9,9.3,36.6,20.6
14591,0.9985,0,WARNING,19.8,5.6,26.5,5.8
14592,0.9984,0,WARNING,18.9,4.8,22.9,3.8
14593,0.9893,0,WARNING,19.1,6.1,26.9,5.8
14594,0.9983,0,WARNING,19.1,6.7,29.9,6.8
14595,0.187,0,NORMAL,18.8,5.5,26.8,7.2
14596,0.9983,0,WARNING,19.0,6.1,27.0,5.3
14597,0.9983,0,WARNING,18.8,6.0,26.1,5.0
14598,0.9966,0,WARNING,18.7,5.9,26.6,6.6
14599,0.9895,0,WARNING,19.2,4.1,19.4,4.1
14600,0.9983,0,WARNING,19.9,11.5,27.4,8.2
14601,0.9894,0,WARNING,18.1,5.7,26.5,6.6
14602,0.9983,0,WARNING,18.0,6.0,25.9,5.4
14603,0.9895,0,WARNING,16.8,3.3,19.1,3.3
14604,0.9734,0,WARNING,16.9,3.2,18.0,3.6
14605,0.9986,0,WARNING,18.2,11.0,23.7,5.7
14606,0.9983,0,WARNING,16.9,3.1,17.9,2.9
14607,0.9988,0,WARNING,19.3,11.8,27.3,8.8
14608,0.9895,0,WARNING,18.1,3.6,19.3,4.0
14609,0.9982,0,WARNING,19.1,11.5,25.9,8.2
14610,0.9894,0,WARNING,17.5,3.5,17.9,3.8
14611,1.0,0,ANOMALY,20.0,15.6,27.3,8.3
14612,0.27,0,NORMAL,18.2,5.7,27.0,7.3
14613,0.2625,0,NORMAL,18.0,5.8,26.2,7.1
14614,0.9894,0,WARNING,17.8,5.9,26.0,6.4
14615,0.412,0,NORMAL,17.1,5.7,25.1,6.7
14616,0.9895,0,WARNING,17.3,3.2,17.8,3.7
14617,0.9897,0,WARNING,18.1,8.1,22.1,6.3
14618,0.9999,0,WARNING,20.0,13.5,28.1,9.0
14619,0.4199,0,NORMAL,18.0,6.0,26.4,7.0
14620,0.4174,0,NORMAL,18.1,6.3,26.0,6.9
14621,0.9894,0,WARNING,18.1,6.5,27.3,6.9
14622,0.9983,0,WARNING,18.2,6.3,26.9,5.9
14623,0.215,0,NORMAL,18.3,6.2,27.3,7.4
14624,0.9983,0,WARNING,18.1,6.6,27.1,6.9
14625,0.2963,0,NORMAL,18.0,6.3,27.0,7.2
14626,0.9983,0,WARNING,18.1,6.7,27.1,5.7
14627,0.4186,0,NORMAL,18.4,7.0,26.5,7.0
14628,0.9983,0,WARNING,18.1,7.3,28.2,6.3
14629,0.2885,0,NORMAL,18.4,6.8,27.6,7.4
14630,0.1955,0,NORMAL,18.3,6.9,27.5,7.4
14631,0.1381,0,NORMAL,18.3,7.4,27.6,7.5
14632,0.9894,0,WARNING,18.3,7.4,28.0,7.0
14633,0.9741,0,WARNING,18.2,7.1,27.4,7.0
14634,0.2259,0,NORMAL,18.3,7.1,27.9,8.5
14635,0.9983,0,WARNING,18.2,7.6,27.4,6.5
14636,0.9983,0,WARNING,17.1,6.1,24.3,5.0
14637,0.9983,0,WARNING,17.2,4.5,18.5,2.5
14638,0.999,0,WARNING,19.6,12.8,28.0,8.4
14639,0.9983,0,WARNING,18.4,7.7,27.2,6.0
14640,0.9894,0,WARNING,18.2,7.2,27.4,6.7
14641,0.3469,0,NORMAL,18.5,7.4,27.9,7.5
14642,0.9983,0,WARNING,18.3,7.0,26.1,5.0
14643,0.9983,0,WARNING,18.5,7.8,28.6,5.9
14644,0.4234,0,NORMAL,18.4,6.5,25.1,6.7
14645,0.2689,0,NORMAL,18.5,8.1,30.7,8.4
14646,0.427,0,NORMAL,19.1,7.7,27.6,7.3
14647,0.9598,0,WARNING,21.7,10.0,29.0,9.8
14648,1.0,0,ANOMALY,25.0,16.5,39.3,20.2
14649,1.0,0,ANOMALY,24.5,14.7,32.3,12.5
14650,1.0,0,ANOMALY,21.1,10.7,38.2,16.4
14651,0.9985,0,WARNING,18.8,7.1,27.0,6.0
14652,0.9984,0,WARNING,17.8,4.6,20.9,3.2
14653,0.9893,0,WARNING,18.4,5.2,21.6,4.8
14654,0.9892,0,WARNING,19.6,11.8,27.8,8.9
14655,0.9984,0,WARNING,18.7,7.6,28.7,6.9
14656,0.9984,0,WARNING,18.1,7.1,27.7,6.1
14657,0.9893,0,WARNING,17.6,4.1,18.4,3.8
14658,0.9896,0,WARNING,19.7,10.4,28.4,8.5
14659,0.9984,0,WARNING,19.6,7.9,28.6,6.4
14660,0.2967,0,NORMAL,19.8,7.3,28.0,7.6
14661,0.9983,0,WARNING,19.5,7.4,27.5,5.6
14662,0.9983,0,WARNING,19.0,7.2,28.1,6.2
14663,0.2731,0,NORMAL,19.8,7.1,29.0,7.9
14664,0.9983,0,WARNING,19.8,7.1,27.3,5.8
14665,0.9983,0,WARNING,19.6,7.6,28.1,6.1
14666,0.26,0,NORMAL,20.0,7.4,27.6,7.4
14667,0.4241,0,NORMAL,20.2,7.4,27.3,7.3
14668,0.9983,0,WARNING,20.3,6.6,27.8,6.2
14669,0.9983,0,WARNING,20.6,6.6,27.9,5.7
14670,0.1769,0,NORMAL,20.4,7.2,27.7,7.5
14671,0.9983,0,WARNING,20.4,7.2,27.7,6.0
14672,0.4233,0,NORMAL,19.8,7.2,27.6,7.2
14673,0.9893,0,WARNING,19.9,7.5,27.7,6.7
14674,0.1259,0,NORMAL,20.1,7.7,28.7,7.8
14675,0.1254,0,NORMAL,20.0,7.9,28.6,7.7
14676,0.4258,0,NORMAL,19.7,6.7,27.9,7.5
14677,0.1215,0,NORMAL,20.1,7.3,28.3,7.7
14678,0.9983,0,WARNING,20.1,7.5,28.2,6.7
14679,0.9983,0,WARNING,19.8,7.0,28.0,6.2
14680,0.3013,0,NORMAL,19.7,6.9,28.1,7.5
14681,0.3816,0,NORMAL,19.9,7.7,28.8,7.6
14682,0.1271,0,NORMAL,19.8,7.8,29.2,7.9
14683,0.9983,0,WARNING,19.8,7.2,28.0,6.1
14684,0.1898,0,NORMAL,19.7,7.7,29.0,7.9
14685,0.9983,0,WARNING,19.6,7.9,28.4,6.3
14686,0.1265,0,NORMAL,20.4,7.4,28.2,7.6
14687,0.9983,0,WARNING,19.7,6.8,27.6,6.2
14688,0.9893,0,WARNING,19.7,8.2,30.1,7.5
14689,0.9892,0,WARNING,19.9,7.7,28.9,7.2
14690,0.9984,0,WARNING,20.0,8.1,29.1,6.5
14691,0.9983,0,WARNING,20.2,7.0,28.8,6.4
14692,0.5573,0,NORMAL,19.8,8.4,29.0,7.9
14693,0.9983,0,WARNING,19.7,7.7,28.7,6.4
14694,0.9983,0,WARNING,20.6,8.0,29.3,6.6
14695,0.9983,0,WARNING,20.0,7.1,28.7,6.4
14696,0.9983,0,WARNING,19.7,7.5,29.4,5.9
14697,0.9983,0,WARNING,19.5,7.3,28.4,5.5
14698,0.9892,0,WARNING,19.3,7.1,28.0,6.9
14699,0.1747,0,NORMAL,19.5,7.1,28.7,8.2
14700,0.1242,0,NORMAL,19.3,7.4,29.2,7.9
14701,0.1632,0,NORMAL,19.1,7.5,28.8,7.8
14702,0.9983,0,WARNING,18.8,7.4,28.9,5.9
14703,0.9983,0,WARNING,18.8,7.1,28.5,6.4
14704,0.9983,0,WARNING,19.3,8.0,28.7,6.2
14705,0.9983,0,WARNING,18.9,7.9,28.7,6.1
14706,0.6776,0,WARNING,18.4,4.4,22.2,5.6
14707,0.9895,0,WARNING,18.4,2.9,17.6,3.7
14708,0.9982,0,WARNING,20.8,6.8,25.8,5.0
14709,1.0,0,ANOMALY,23.8,13.0,36.4,17.8
14710,0.9998,0,WARNING,24.7,18.9,42.3,13.9
14711,1.0,0,ANOMALY,23.7,8.9,34.9,15.7
14712,0.9998,0,WARNING,21.4,9.9,36.8,13.8
14713,0.9886,0,WARNING,18.4,4.1,22.1,5.0
14714,0.8212,0,WARNING,17.6,2.5,18.1,4.2
14715,0.9983,0,WARNING,19.8,9.7,30.9,6.8
14716,0.9983,0,WARNING,19.1,8.4,31.7,7.9
14717,0.5094,0,NORMAL,19.1,7.9,27.2,7.1
14718,0.9983,0,WARNING,18.9,9.9,32.0,7.4
14719,0.9984,0,WARNING,19.1,8.7,31.8,6.8
14720,0.4389,0,NORMAL,18.9,8.2,29.3,7.7
14721,0.3085,0,NORMAL,19.1,8.6,31.4,8.5
14722,0.2007,0,NORMAL,19.1,7.9,30.0,8.1
14723,0.2436,0,NORMAL,19.1,8.2,31.9,8.7
14724,0.9984,0,WARNING,19.2,8.8,31.5,8.2
14725,0.2685,0,NORMAL,19.1,8.6,31.5,9.1
14726,0.9984,0,WARNING,19.2,8.5,30.8,7.6
14727,0.2352,0,NORMAL,19.4,8.0,31.6,8.6
14728,0.9984,0,WARNING,19.3,8.5,32.5,7.3
14729,0.9984,0,WARNING,18.9,8.1,32.4,7.4
14730,0.989,0,WARNING,19.0,8.6,31.7,8.1
14731,0.9984,0,WARNING,19.0,8.3,31.5,6.8
14732,0.989,0,WARNING,18.9,8.1,32.0,8.3
14733,0.2522,0,NORMAL,19.0,8.6,32.1,8.8
14734,0.3116,0,NORMAL,19.2,8.8,32.8,9.6
14735,0.9984,0,WARNING,18.8,8.0,32.4,7.1
14736,0.9984,0,WARNING,18.8,8.6,30.1,6.6
14737,0.989,0,WARNING,18.3,6.5,26.8,6.4
14738,0.9983,0,WARNING,18.5,8.0,32.3,7.0
14739,0.9984,0,WARNING,19.1,8.5,29.8,6.7
14740,0.9984,0,WARNING,18.8,7.7,29.6,6.5
14741,0.9983,0,WARNING,18.5,7.4,29.5,6.6
14742,0.1892,0,NORMAL,18.7,8.4,30.9,8.5
14743,0.9891,0,WARNING,18.6,8.0,29.5,7.5
14744,0.9984,0,WARNING,18.3,7.4,29.7,6.6
14745,0.306,0,NORMAL,18.6,7.9,29.3,7.8
14746,0.9984,0,WARNING,18.4,7.0,27.0,5.7
14747,0.9983,0,WARNING,16.5,1.5,16.8,2.3
14748,0.9896,0,WARNING,16.3,1.1,16.5,3.5
14749,0.9899,0,WARNING,16.1,1.1,17.2,3.7
14750,0.99,0,WARNING,15.9,1.2,17.1,3.7
14751,0.9901,0,WARNING,15.9,1.0,17.0,3.6
14752,0.9982,0,WARNING,15.8,0.9,17.0,2.2
14753,0.9902,0,WARNING,15.7,1.2,16.9,2.8
14754,0.7942,0,WARNING,15.7,1.0,17.0,4.1
14755,0.9902,0,WARNING,15.6,1.0,17.1,3.7
14756,0.9902,0,WARNING,15.6,1.0,17.0,3.7
14757,0.9902,0,WARNING,15.7,1.4,17.3,3.7
14758,0.9982,0,WARNING,16.4,3.2,17.7,2.8
14759,0.9982,0,WARNING,19.7,12.1,32.8,6.6
14760,0.9983,0,WARNING,20.8,13.0,33.9,7.4
14761,0.6337,0,WARNING,20.6,12.1,31.0,7.7
14762,0.9984,0,WARNING,21.6,14.7,34.1,7.3
14763,0.4829,0,NORMAL,20.2,10.6,28.6,7.5
14764,0.5171,0,NORMAL,20.4,10.7,31.6,8.3
14765,0.5057,0,NORMAL,20.5,11.4,30.8,8.0
14766,0.5006,0,NORMAL,21.0,11.8,33.8,9.0
14767,0.6197,0,WARNING,22.6,12.1,32.5,9.8
14768,1.0,0,ANOMALY,25.8,17.3,39.4,20.9
14769,0.9986,0,WARNING,23.1,14.7,36.4,11.9
14770,1.0,0,ANOMALY,23.7,12.3,38.5,18.0
14771,0.51,0,NORMAL,21.5,9.0,32.1,9.3
14772,0.9886,0,WARNING,20.4,6.9,26.2,6.3
14773,0.9984,0,WARNING,20.4,8.7,31.6,7.4
14774,0.9984,0,WARNING,20.7,8.2,29.8,6.8
14775,0.989,0,WARNING,20.7,8.8,30.6,7.9
14776,0.9984,0,WARNING,20.7,8.6,30.4,6.3
14777,0.39,0,NORMAL,20.6,8.9,30.8,8.8
14778,0.9984,0,WARNING,20.6,8.6,30.4,7.0
14779,0.3067,0,NORMAL,20.4,8.8,30.7,8.4
14780,0.9984,0,WARNING,20.3,9.2,31.1,7.1
14781,0.9984,0,WARNING,20.2,8.5,32.3,7.6
14782,0.2814,0,NORMAL,20.0,8.9,30.6,8.8
14783,0.9984,0,WARNING,19.7,8.0,27.8,6.0
14784,0.9983,0,WARNING,19.1,5.5,22.2,3.9
14785,0.6065,0,WARNING,19.7,10.9,31.0,8.3
14786,0.9984,0,WARNING,19.6,8.8,30.9,7.1
14787,0.4328,0,NORMAL,19.5,9.2,31.3,8.4
14788,0.9984,0,WARNING,20.5,9.4,32.0,7.4
14789,0.4416,0,NORMAL,19.8,8.2,29.9,8.0
14790,0.4386,0,NORMAL,20.2,9.6,31.1,8.3
14791,0.2796,0,NORMAL,20.4,9.2,31.7,8.7
14792,0.313,0,NORMAL,19.9,8.9,31.6,9.0
14793,0.3927,0,NORMAL,20.1,8.8,30.9,8.3
14794,0.2355,0,NORMAL,20.4,8.9,31.3,8.6
14795,0.9984,0,WARNING,20.3,9.4,33.2,7.8
14796,0.2533,0,NORMAL,20.7,9.2,31.9,8.9
14797,0.9984,0,WARNING,20.1,8.3,28.8,6.3
14798,0.9984,0,WARNING,20.4,8.8,31.0,7.0
14799,0.648,0,WARNING,20.3,9.5,31.1,8.5
14800,0.989,0,WARNING,20.6,8.8,31.3,7.9
14801,0.9984,0,WARNING,20.3,8.7,30.8,6.9
14802,0.9984,0,WARNING,19.9,8.8,30.7,6.9
14803,0.989,0,WARNING,20.0,9.0,29.9,7.5
14804,0.4394,0,NORMAL,20.0,8.9,30.7,8.9
14805,0.9984,0,WARNING,20.4,8.6,31.1,7.6
14806,0.6622,0,WARNING,20.8,9.8,31.0,8.3
14807,0.3753,0,NORMAL,20.3,9.0,31.2,8.5
14808,0.3916,0,NORMAL,20.3,9.2,30.9,8.2
14809,0.9984,0,WARNING,20.8,10.5,32.1,7.3
14810,0.6872,0,WARNING,20.3,7.1,24.5,6.2
14811,1.0,0,ANOMALY,22.8,19.1,31.7,10.1
14812,0.9984,0,WARNING,20.1,8.9,30.3,6.9
14813,0.3431,0,NORMAL,20.1,8.6,31.6,9.2
14814,0.9984,0,WARNING,20.0,8.6,31.4,7.3
14815,0.9984,0,WARNING,19.5,8.1,30.6,7.1
14816,0.9984,0,WARNING,20.0,7.9,31.8,7.3
14817,0.9984,0,WARNING,20.1,8.7,30.5,6.9
14818,0.4707,0,NORMAL,20.0,8.6,31.1,8.6
14819,0.3051,0,NORMAL,19.6,9.2,31.8,8.7
14820,0.9984,0,WARNING,19.8,9.0,31.0,7.2
14821,0.233,0,NORMAL,19.6,8.2,31.7,8.7
14822,0.9984,0,WARNING,19.2,7.9,30.8,7.1
14823,0.989,0,WARNING,19.3,8.6,30.7,7.8
14824,0.4428,0,NORMAL,19.3,8.7,30.4,8.6
14825,0.3103,0,NORMAL,19.3,8.1,31.7,8.6
14826,0.9745,0,WARNING,20.3,8.1,30.9,7.7
14827,0.989,0,WARNING,22.1,9.8,31.5,9.3
14828,1.0,0,ANOMALY,25.8,18.1,42.7,19.8
14829,0.9985,0,WARNING,23.5,14.1,39.5,11.9
14830,1.0,0,ANOMALY,23.1,11.1,39.5,20.8
14831,0.9985,0,WARNING,21.9,8.9,32.4,7.8
14832,0.9984,0,WARNING,19.3,5.4,22.1,3.3
14833,0.3102,0,NORMAL,20.5,9.4,31.1,8.4
14834,0.9984,0,WARNING,19.8,8.2,32.0,7.5
14835,0.3357,0,NORMAL,19.8,9.3,32.4,9.4
14836,0.4818,0,NORMAL,20.2,9.3,31.2,8.6
14837,0.9984,0,WARNING,19.9,9.2,32.7,7.6
14838,0.4489,0,NORMAL,19.7,9.2,30.9,8.3
14839,0.9984,0,WARNING,20.0,9.3,32.7,7.6
14840,0.9984,0,WARNING,19.8,8.7,31.2,7.0
14841,0.9984,0,WARNING,19.6,8.3,28.6,6.2
14842,0.9984,0,WARNING,19.8,9.0,31.1,7.1
14843,0.332,0,NORMAL,19.4,9.3,33.8,9.4
14844,0.9984,0,WARNING,19.4,9.7,31.7,7.3
14845,0.9984,0,WARNING,19.4,8.5,31.8,7.3
14846,0.9984,0,WARNING,19.1,8.5,33.4,7.4
14847,0.3292,0,NORMAL,20.3,9.6,31.6,8.6
14848,0.9984,0,WARNING,19.6,9.3,31.5,7.1
14849,0.315,0,NORMAL,19.4,8.2,30.9,8.3
14850,0.8214,0,WARNING,19.1,9.2,31.1,8.6
14851,0.3442,0,NORMAL,19.5,9.2,31.0,8.5
14852,0.9984,0,WARNING,19.7,10.1,32.1,6.9
14853,0.2669,0,NORMAL,19.3,8.4,31.6,8.7
14854,0.2591,0,NORMAL,19.5,8.9,31.2,8.5
14855,0.2075,0,NORMAL,19.2,8.5,31.2,8.5
14856,0.9984,0,WARNING,19.2,9.2,31.3,7.1
14857,0.3133,0,NORMAL,19.2,8.7,31.7,8.6
14858,0.989,0,WARNING,19.2,9.0,31.6,8.1
14859,0.9984,0,WARNING,19.0,9.1,31.2,7.2
14860,0.9984,0,WARNING,19.1,8.3,31.1,7.2
14861,0.2965,0,NORMAL,19.3,9.1,31.9,8.8
14862,0.9984,0,WARNING,19.3,8.6,30.3,6.8
14863,0.9984,0,WARNING,19.2,8.5,30.3,6.4
14864,0.442,0,NORMAL,19.4,9.2,31.5,8.8
14865,0.9984,0,WARNING,20.0,9.3,31.0,6.9
14866,0.3515,0,NORMAL,19.5,9.4,31.4,8.6
14867,0.9984,0,WARNING,19.6,9.4,31.3,7.2
14868,0.2371,0,NORMAL,19.8,8.7,31.7,8.7
14869,0.9984,0,WARNING,19.3,9.2,31.9,7.5
14870,0.9984,0,WARNING,19.5,9.1,31.4,7.7
14871,0.9984,0,WARNING,19.7,9.6,32.6,7.5
14872,0.4486,0,NORMAL,20.5,9.0,30.9,8.2
14873,0.9889,0,WARNING,19.9,9.2,31.4,7.8
14874,0.9984,0,WARNING,20.0,9.3,31.8,8.4
14875,0.9984,0,WARNING,20.4,8.7,31.9,7.4
14876,0.9984,0,WARNING,20.8,9.2,31.0,6.6
14877,0.9984,0,WARNING,20.5,9.0,31.3,7.2
14878,0.9889,0,WARNING,21.0,9.6,31.9,8.3
14879,0.2831,0,NORMAL,21.2,8.6,31.3,9.1
14880,0.9984,0,WARNING,21.4,9.1,31.4,7.1
14881,0.9984,0,WARNING,21.5,8.9,31.1,6.4
14882,0.9984,0,WARNING,21.0,9.5,31.4,7.2
14883,0.9984,0,WARNING,21.5,9.2,31.9,7.5
14884,0.9984,0,WARNING,21.1,8.7,30.8,6.9
14885,0.9984,0,WARNING,21.6,9.2,31.7,7.3
14886,0.9984,0,WARNING,22.3,9.0,31.6,7.2
14887,0.9967,0,WARNING,25.4,14.4,33.5,10.4
14888,1.0,0,ANOMALY,28.6,23.5,46.0,23.0
14889,0.9992,0,WARNING,24.4,11.2,40.2,11.8
14890,1.0,0,ANOMALY,26.0,16.6,42.0,20.1
14891,0.9986,0,WARNING,23.0,9.3,33.6,8.2
14892,0.9985,0,WARNING,21.6,8.7,31.8,7.4
14893,0.975,0,WARNING,21.7,9.2,31.7,8.1
14894,0.9984,0,WARNING,21.3,9.9,32.0,7.7
14895,0.2779,0,NORMAL,21.3,8.9,31.9,8.8
14896,0.9747,0,WARNING,20.9,8.9,31.3,7.6
14897,0.9984,0,WARNING,21.0,9.5,32.3,7.4
14898,0.9889,0,WARNING,21.0,9.4,32.1,8.3
14899,0.9984,0,WARNING,21.0,8.9,31.8,7.2
14900,0.9889,0,WARNING,20.9,9.6,32.3,8.4
14901,0.9746,0,WARNING,20.2,9.0,31.9,8.1
14902,0.4485,0,NORMAL,20.3,10.0,31.9,8.6
14903,0.9984,0,WARNING,20.6,9.7,32.1,8.0
14904,0.3965,0,NORMAL,20.1,8.7,31.8,8.5
14905,0.989,0,WARNING,20.0,9.1,31.9,8.1
14906,0.989,0,WARNING,20.1,9.1,32.3,8.3
14907,0.449,0,NORMAL,19.5,8.6,30.9,8.4
14908,0.9984,0,WARNING,19.9,9.7,32.8,7.7
14909,0.2668,0,NORMAL,19.9,8.7,32.1,8.8
14910,0.9984,0,WARNING,19.9,9.4,31.5,7.2
14911,0.989,0,WARNING,19.7,9.0,31.5,7.3
14912,0.9984,0,WARNING,20.1,9.1,31.7,7.2
14913,0.9984,0,WARNING,20.0,8.4,32.2,7.3
14914,0.9984,0,WARNING,20.0,9.1,32.2,6.9
14915,0.9984,0,WARNING,19.7,9.6,31.8,7.3
14916,0.9984,0,WARNING,19.5,9.1,31.6,7.3
14917,0.4478,0,NORMAL,19.3,8.5,31.1,8.4
14918,0.9984,0,WARNING,19.6,9.5,32.0,7.4
14919,0.4329,0,NORMAL,19.5,9.4,31.8,8.8
14920,0.9984,0,WARNING,19.3,8.8,31.3,7.0
14921,0.3146,0,NORMAL,19.3,8.8,31.6,8.6
14922,0.9984,0,WARNING,19.7,9.5,32.5,7.5
14923,0.9984,0,WARNING,19.5,9.4,31.6,7.3
14924,0.9984,0,WARNING,19.2,8.6,31.4,7.8
14925,0.9984,0,WARNING,19.6,8.8,31.0,7.0
14926,0.9984,0,WARNING,19.6,9.0,29.6,6.5
14927,0.9984,0,WARNING,19.8,9.9,33.3,8.3
14928,0.9984,0,WARNING,19.5,8.9,31.7,7.2
14929,0.4474,0,NORMAL,19.2,9.0,31.8,8.5
14930,0.4786,0,NORMAL,19.2,9.5,31.7,8.6
14931,0.9984,0,WARNING,19.8,10.0,32.2,7.5
14932,0.9984,0,WARNING,19.2,8.6,31.1,7.2
14933,0.9984,0,WARNING,19.4,9.3,29.6,6.6
14934,0.9744,0,WARNING,19.2,8.5,31.0,7.8
14935,0.989,0,WARNING,19.6,9.4,31.8,8.3
14936,0.989,0,WARNING,19.5,9.0,31.7,8.1
14937,0.9984,0,WARNING,19.6,9.1,32.3,7.9
14938,0.4481,0,NORMAL,19.4,8.1,28.9,8.1
14939,0.9984,0,WARNING,19.7,8.3,30.9,6.5
14940,0.4408,0,NORMAL,19.4,8.6,29.7,7.9
14941,0.2746,0,NORMAL,19.4,9.2,31.9,8.8
14942,0.9984,0,WARNING,19.6,9.0,31.6,7.2
14943,0.9984,0,WARNING,19.2,9.2,31.3,6.6
14944,0.9984,0,WARNING,19.6,9.2,32.0,7.3
14945,0.3148,0,NORMAL,19.5,8.9,31.7,9.1
14946,0.2495,0,NORMAL,20.2,8.5,32.3,8.8
14947,0.9998,0,WARNING,22.3,15.5,32.8,10.3
14948,1.0,0,ANOMALY,26.2,21.9,43.0,22.7
14949,0.9997,0,WARNING,22.4,10.9,38.9,11.6
14950,1.0,0,ANOMALY,21.7,10.6,34.1,16.5
14951,0.5581,0,NORMAL,21.0,10.4,41.0,13.4
14952,0.9985,0,WARNING,19.6,8.7,30.9,6.8
14953,0.9749,0,WARNING,19.1,8.5,30.8,7.6
14954,0.9747,0,WARNING,19.4,8.7,31.2,7.8
14955,0.2719,0,NORMAL,19.3,9.2,31.3,8.6
14956,0.9984,0,WARNING,19.4,9.4,30.4,6.3
14957,0.4455,0,NORMAL,19.2,8.4,30.2,8.2
14958,0.9984,0,WARNING,19.0,8.5,32.7,7.6
14959,0.9984,0,WARNING,19.4,8.9,30.7,7.0
14960,0.9984,0,WARNING,19.1,8.9,29.4,6.4
14961,0.9891,0,WARNING,18.7,7.8,29.3,7.3
14962,0.9984,0,WARNING,19.0,8.7,30.5,6.8
14963,0.5395,0,NORMAL,18.7,8.0,27.9,7.4
14964,0.9983,0,WARNING,18.7,8.3,30.8,7.0
14965,0.436,0,NORMAL,19.0,8.3,28.2,7.5
14966,0.9983,0,WARNING,18.7,8.6,30.5,6.9
14967,0.9984,0,WARNING,18.7,7.0,25.0,4.5
14968,0.9983,0,WARNING,18.8,8.9,31.5,7.2
14969,0.4316,0,NORMAL,18.9,8.3,29.0,7.6
14970,0.2385,0,NORMAL,18.7,8.8,31.1,8.5
14971,0.4356,0,NORMAL,19.8,9.2,31.1,8.4
14972,0.9984,0,WARNING,19.4,7.2,27.4,5.9
14973,0.2154,0,NORMAL,19.9,8.4,30.4,8.3
14974,0.2214,0,NORMAL,19.4,8.1,30.9,8.4
14975,0.4367,0,NORMAL,19.5,8.0,27.6,7.3
14976,0.9984,0,WARNING,19.2,8.3,30.4,6.4
14977,0.3882,0,NORMAL,19.7,8.8,30.8,8.3
14978,0.9891,0,WARNING,19.6,8.3,32.2,8.3
14979,0.9984,0,WARNING,19.5,8.1,30.0,6.7
14980,0.9984,0,WARNING,19.8,8.7,30.0,6.8
14981,0.2124,0,NORMAL,19.8,8.5,30.0,8.2
14982,0.9984,0,WARNING,20.1,7.5,30.8,6.5
14983,0.9984,0,WARNING,19.9,8.1,31.3,7.3
14984,0.2628,0,NORMAL,19.8,8.9,30.2,8.6
14985,0.989,0,WARNING,19.4,7.1,27.0,6.5
14986,0.9983,0,WARNING,20.2,8.6,30.3,6.9
14987,0.9891,0,WARNING,19.8,8.2,32.3,8.5
14988,0.9984,0,WARNING,20.6,9.1,31.4,6.6
14989,0.9984,0,WARNING,20.5,8.2,31.9,6.9
14990,0.2074,0,NORMAL,20.5,8.3,31.4,8.6
14991,0.989,0,WARNING,20.0,8.6,32.6,8.5
14992,0.3884,0,NORMAL,19.8,8.8,30.7,8.3
14993,0.989,0,WARNING,20.0,8.2,32.2,8.2
14994,0.9984,0,WARNING,20.1,8.4,32.4,7.6
14995,0.9984,0,WARNING,19.7,8.5,31.9,7.4
14996,0.9984,0,WARNING,20.0,8.8,32.6,7.8
14997,0.218,0,NORMAL,19.9,7.9,31.3,8.6
14998,0.989,0,WARNING,19.5,7.8,32.1,8.3
14999,0.9984,0,WARNING,19.2,8.4,31.5,7.3
15000,0.9984,0,WARNING,19.3,7.8,30.9,6.4
15001,0.9891,0,WARNING,19.2,7.3,28.4,7.0
15002,0.1655,0,NORMAL,19.1,7.6,30.6,8.3
15003,0.9984,0,WARNING,19.1,6.9,28.8,6.3
15004,0.9983,0,WARNING,19.1,7.4,28.8,5.9
15005,0.9983,0,WARNING,18.9,7.6,29.8,6.8
15006,0.9892,0,WARNING,20.0,6.9,29.1,7.2
15007,0.9999,0,WARNING,22.7,8.9,31.1,11.2
15008,1.0,0,ANOMALY,26.2,23.1,43.4,20.7
15009,0.9992,0,WARNING,23.0,8.4,36.0,11.9
15010,1.0,0,ANOMALY,21.6,10.5,40.0,17.3
15011,0.9985,0,WARNING,19.3,6.9,29.0,6.5
15012,0.9984,0,WARNING,19.6,7.2,28.8,6.0
15013,0.2556,0,NORMAL,19.5,7.3,29.1,7.9
15014,0.1944,0,NORMAL,19.2,7.0,28.9,7.8
15015,0.1515,0,NORMAL,19.2,7.4,29.1,7.9
15016,0.3839,0,NORMAL,19.1,7.0,28.6,7.6
15017,0.9892,0,WARNING,19.0,6.8,28.2,7.0
15018,0.9983,0,WARNING,19.0,7.0,28.1,5.6
15019,0.9893,0,WARNING,19.1,7.5,29.3,7.5
15020,0.9983,0,WARNING,18.8,6.8,27.7,6.0
15021,0.9983,0,WARNING,18.3,6.6,26.7,5.1
15022,0.2167,0,NORMAL,18.6,7.4,30.8,8.5
15023,0.1281,0,NORMAL,18.3,6.5,28.1,7.6
15024,0.381,0,NORMAL,18.2,6.3,28.2,7.5
15025,0.9983,0,WARNING,18.2,6.7,28.0,5.5
15026,0.1014,0,NORMAL,18.3,6.5,27.7,7.4
15027,0.9893,0,WARNING,18.6,6.8,28.6,7.2
15028,0.9893,0,WARNING,18.2,6.5,28.1,7.1
15029,0.9983,0,WARNING,18.2,6.7,28.2,6.2
15030,0.9983,0,WARNING,18.0,7.0,27.7,5.7
15031,0.9983,0,WARNING,18.1,6.5,27.2,5.3
15032,0.9983,0,WARNING,18.3,6.6,28.2,5.6
15033,0.9894,0,WARNING,18.1,6.5,28.1,7.0
15034,0.4213,0,NORMAL,17.9,6.6,27.4,7.2
15035,0.9983,0,WARNING,17.6,6.3,28.4,5.8
15036,0.0989,0,NORMAL,17.8,6.6,27.9,7.5
15037,0.974,0,WARNING,17.7,6.5,27.4,6.7
15038,0.9983,0,WARNING,17.8,6.5,27.6,5.6
15039,0.9983,0,WARNING,17.5,6.5,27.8,6.1
15040,0.9983,0,WARNING,18.0,6.5,27.4,5.8
15041,0.2962,0,NORMAL,17.7,6.1,27.3,7.2
15042,0.3354,0,NORMAL,17.6,6.1,27.2,7.3
15043,0.9894,0,WARNING,17.7,5.7,27.2,6.1
15044,0.9983,0,WARNING,17.7,6.2,27.2,6.0
15045,0.9983,0,WARNING,17.8,6.3,27.1,5.9
15046,0.9894,0,WARNING,17.5,5.8,26.9,6.8
15047,0.9983,0,WARNING,17.9,6.1,27.1,5.3
15048,0.9983,0,WARNING,17.6,5.9,26.9,5.2
15049,0.9894,0,WARNING,17.4,6.0,26.0,6.2
15050,0.9983,0,WARNING,17.2,6.0,27.3,5.4
15051,0.9983,0,WARNING,17.1,5.9,26.4,5.1
15052,0.9983,0,WARNING,17.1,6.0,26.6,5.3
15053,0.9895,0,WARNING,17.0,5.3,26.2,6.4
15054,0.9983,0,WARNING,17.0,6.7,35.9,8.3
15055,0.2402,0,NORMAL,16.8,6.6,31.9,8.8
15056,0.9892,0,WARNING,16.9,6.3,30.2,7.7
15057,0.2986,0,NORMAL,16.7,5.8,29.8,8.1
15058,0.9892,0,WARNING,16.7,5.3,28.7,7.2
15059,0.9983,0,WARNING,16.7,6.1,29.2,6.6
15060,0.9983,0,WARNING,16.7,6.1,28.9,6.5
15061,0.9893,0,WARNING,16.6,5.8,28.3,7.1
15062,0.9893,0,WARNING,16.5,5.5,29.0,7.5
15063,0.9983,0,WARNING,16.5,5.8,28.1,6.3
15064,0.9894,0,WARNING,16.5,5.6,28.1,7.0
15065,0.9983,0,WARNING,16.6,5.3,28.2,6.2
15066,0.1771,0,NORMAL,17.2,5.4,27.7,7.4
15067,0.9983,0,WARNING,18.7,8.8,28.1,7.3
15068,1.0,0,ANOMALY,21.7,9.9,36.7,17.2
15069,0.9993,0,WARNING,20.6,13.1,39.4,14.1
15070,1.0,0,ANOMALY,20.5,10.8,34.7,19.1
15071,0.9985,0,WARNING,18.4,6.1,29.5,6.3
15072,0.9889,0,WARNING,17.2,5.2,26.8,5.9
15073,0.9891,0,WARNING,17.5,5.2,26.5,6.4
15074,0.2051,0,NORMAL,17.5,5.1,26.4,7.2
15075,0.9983,0,WARNING,17.8,5.3,26.3,5.2
15076,0.9983,0,WARNING,17.9,4.9,26.1,5.6
15077,0.9983,0,WARNING,18.3,5.0,26.2,5.7
15078,0.9983,0,WARNING,18.6,4.9,26.0,5.1
15079,0.9983,0,WARNING,18.5,4.8,25.3,4.7
15080,0.9895,0,WARNING,18.4,5.3,26.2,6.4
15081,0.9983,0,WARNING,18.6,5.1,25.8,4.9
15082,0.9895,0,WARNING,18.8,5.2,25.3,5.6
15083,0.9895,0,WARNING,18.6,4.5,25.3,6.3
15084,0.9895,0,WARNING,18.4,4.7,25.3,6.2
15085,0.9983,0,WARNING,18.4,4.8,24.9,4.8
15086,0.9983,0,WARNING,18.6,4.9,25.1,4.7
15087,0.9983,0,WARNING,18.6,4.5,25.1,4.8
15088,0.9896,0,WARNING,18.7,4.8,25.2,6.1
15089,0.9983,0,WARNING,18.5,4.6,25.2,4.7
15090,0.9983,0,WARNING,18.3,4.8,24.9,4.8
15091,0.9896,0,WARNING,18.4,4.4,24.9,6.2
15092,0.9896,0,WARNING,18.3,4.5,24.6,6.0
15093,0.9983,0,WARNING,18.3,4.1,23.1,4.1
15094,0.1842,0,NORMAL,17.8,4.1,25.6,7.0
15095,0.9896,0,WARNING,17.4,3.3,22.6,5.2
15096,0.9983,0,WARNING,16.7,1.9,17.3,2.0
15097,0.9982,0,WARNING,18.5,8.2,33.6,7.8
15098,0.1936,0,NORMAL,17.8,4.4,25.9,7.0
15099,0.9983,0,WARNING,17.8,3.9,22.5,3.9
15100,0.9896,0,WARNING,17.9,5.0,26.1,6.5
15101,0.1667,0,NORMAL,17.7,4.3,24.1,6.5
15102,0.9896,0,WARNING,17.6,4.1,24.2,5.8
15103,0.9983,0,WARNING,17.8,4.3,24.2,4.3
15104,0.9983,0,WARNING,17.7,4.3,24.4,5.0
15105,0.9983,0,WARNING,17.3,3.6,22.4,3.8
15106,0.9982,0,WARNING,17.5,4.4,26.0,5.5
15107,0.9983,0,WARNING,17.7,4.1,24.0,4.9
15108,0.9897,0,WARNING,17.2,3.4,20.7,4.6
15109,0.2176,0,NORMAL,17.5,4.7,26.9,7.4
15110,0.9897,0,WARNING,17.3,3.7,22.2,5.1
15111,0.2088,0,NORMAL,17.5,4.3,25.4,7.2
15112,0.9983,0,WARNING,17.3,3.9,23.4,4.0
15113,0.9897,0,WARNING,17.0,3.7,22.3,5.1
15114,0.2159,0,NORMAL,17.1,4.0,24.7,6.6
15115,0.9983,0,WARNING,16.9,4.0,23.2,4.7
15116,0.9897,0,WARNING,17.1,3.9,23.6,5.6
15117,0.9983,0,WARNING,16.9,3.6,23.1,4.7
15118,0.2148,0,NORMAL,16.7,3.8,23.5,6.2
15119,0.9983,0,WARNING,16.6,4.1,23.5,4.2
15120,0.9898,0,WARNING,16.7,4.0,23.5,5.5
15121,0.9983,0,WARNING,16.6,3.6,23.1,4.2
15122,0.2283,0,NORMAL,16.5,3.6,22.9,6.0
15123,0.9898,0,WARNING,16.3,3.4,21.5,4.9
15124,0.2419,0,NORMAL,16.4,4.0,24.3,6.5
15125,0.9983,0,WARNING,16.3,3.6,23.2,4.7
15126,0.9898,0,WARNING,17.0,3.9,23.1,5.5
15127,0.9898,0,WARNING,18.3,6.8,23.8,6.8
15128,1.0,0,WARNING,21.5,11.4,32.4,12.7
15129,0.9929,0,WARNING,21.1,5.9,32.0,12.0
15130,0.9984,0,WARNING,17.7,4.4,23.6,4.1
15131,0.9983,0,WARNING,16.6,3.7,22.7,4.0
15132,0.9896,0,WARNING,16.4,3.1,22.4,5.4
15133,0.9983,0,WARNING,16.4,3.3,22.1,4.2
15134,0.9898,0,WARNING,16.2,3.5,22.6,4.8
15135,0.2751,0,NORMAL,16.2,3.3,22.5,5.8
15136,0.9982,0,WARNING,16.1,3.2,20.9,3.3
15137,0.9899,0,WARNING,16.2,3.7,23.8,5.9
15138,0.9982,0,WARNING,16.1,3.2,22.4,4.0
15139,0.9982,0,WARNING,16.0,3.1,22.4,4.5
15140,0.9898,0,WARNING,16.0,3.4,22.5,5.4
15141,0.9982,0,WARNING,16.0,3.4,22.4,4.0
15142,0.9982,0,WARNING,15.9,3.2,22.6,4.0
15143,0.9898,0,WARNING,15.9,3.1,22.6,5.2
15144,0.9982,0,WARNING,15.9,3.1,22.2,4.2
15145,0.2678,0,NORMAL,16.0,3.4,22.2,5.8
15146,0.9982,0,WARNING,15.9,3.0,22.0,4.3
15147,0.9982,0,WARNING,15.9,3.1,22.1,3.8
15148,0.9982,0,WARNING,15.9,3.0,22.2,3.9
15149,0.9899,0,WARNING,15.8,3.1,22.1,5.0
15150,0.9982,0,WARNING,15.9,3.3,22.2,3.8
15151,0.3563,0,NORMAL,15.9,3.0,22.1,5.6
15152,0.9899,0,WARNING,15.9,2.9,21.9,5.0
15153,0.9899,0,WARNING,15.9,3.4,22.7,5.4
15154,0.9899,0,WARNING,15.8,2.9,21.9,5.2
15155,0.379,0,NORMAL,15.7,2.7,21.8,5.6
15156,0.9982,0,WARNING,15.7,2.7,21.2,3.5
15157,0.9899,0,WARNING,15.7,2.8,21.8,5.2
15158,0.9899,0,WARNING,15.6,2.6,21.4,5.0
15159,0.9899,0,WARNING,16.0,3.9,23.5,5.0
15160,0.9899,0,WARNING,15.7,3.1,21.6,5.0
15161,0.9982,0,WARNING,15.6,2.9,21.5,4.3
15162,0.9899,0,WARNING,15.6,2.8,21.7,5.0
15163,0.9899,0,WARNING,15.6,3.2,21.6,5.4
15164,0.9982,0,WARNING,15.6,2.8,21.4,3.7
15165,0.9899,0,WARNING,15.6,2.8,21.5,5.1
15166,0.9982,0,WARNING,15.6,2.9,21.5,3.6
15167,0.9982,0,WARNING,15.6,2.9,21.2,3.3
15168,0.9899,0,WARNING,15.6,2.8,21.6,5.0
15169,0.9899,0,WARNING,15.7,2.9,21.6,5.1
15170,0.9899,0,WARNING,15.5,2.9,21.5,5.0
15171,0.9982,0,WARNING,15.5,2.8,21.6,4.2
15172,0.9982,0,WARNING,15.5,2.8,21.7,4.1
15173,0.9899,0,WARNING,15.5,2.8,21.6,5.1
15174,0.9982,0,WARNING,15.5,2.7,21.4,4.0
15175,0.9982,0,WARNING,15.5,2.9,21.7,3.6
15176,0.2916,0,NORMAL,15.7,2.7,21.7,5.5
15177,0.9982,0,WARNING,15.9,2.6,21.5,4.1
15178,0.9899,0,WARNING,15.8,2.5,19.9,3.8
15179,0.2994,0,NORMAL,16.9,3.0,22.7,6.0
15180,0.9899,0,WARNING,17.3,2.9,21.4,5.0
15181,0.9982,0,WARNING,16.8,2.5,19.9,3.1
15182,0.9899,0,WARNING,17.3,2.7,22.3,5.1
15183,0.9899,0,WARNING,17.2,2.6,21.3,4.8
15184,0.9982,0,WARNING,17.5,2.6,21.2,4.0
15185,0.9982,0,WARNING,17.2,2.2,19.1,2.7
15186,0.9899,0,WARNING,16.6,0.9,15.8,3.1
15187,0.9901,0,WARNING,17.6,2.3,19.5,4.1
15188,0.9901,0,WARNING,19.6,4.2,26.6,7.5
15189,0.9983,0,WARNING,18.5,1.5,17.3,1.9
15190,0.9982,0,WARNING,18.1,1.3,17.0,1.8
15191,0.9982,0,WARNING,18.2,1.9,18.8,1.8
15192,0.9982,0,WARNING,18.1,1.3,17.2,1.9
15193,0.9902,0,WARNING,18.0,1.4,17.0,3.2
15194,0.7933,0,WARNING,18.0,1.2,17.2,3.8
15195,0.9902,0,WARNING,17.9,1.6,18.2,3.6
15196,0.9902,0,WARNING,17.9,1.4,17.2,3.2
15197,0.9982,0,WARNING,17.8,1.3,17.1,1.9
15198,0.9902,0,WARNING,18.1,2.1,17.0,3.2
15199,0.9982,0,WARNING,17.9,1.2,16.5,1.6
15200,0.9981,0,WARNING,17.8,1.4,16.6,1.8
15201,0.9727,0,WARNING,19.6,4.4,24.7,7.9
15202,0.9982,0,WARNING,19.5,4.3,22.1,2.7
15203,0.6438,0,WARNING,19.8,4.8,27.1,6.6
15204,0.979,0,WARNING,19.5,7.1,34.1,10.8
15205,0.9983,0,WARNING,17.0,5.3,28.5,6.6
15206,0.9983,0,WARNING,16.7,5.0,28.8,6.6
15207,0.9895,0,WARNING,16.8,5.0,29.4,8.0
15208,0.9894,0,WARNING,16.8,5.2,29.3,7.2
15209,0.7785,0,WARNING,16.7,5.2,29.7,8.6
15210,0.9983,0,WARNING,16.7,5.5,29.4,7.0
15211,0.778,0,WARNING,16.7,5.2,30.1,8.6
15212,0.9983,0,WARNING,16.4,2.8,21.6,3.7
15213,0.9983,0,WARNING,16.2,2.5,20.4,3.3
15214,0.9982,0,WARNING,16.2,2.6,20.9,3.4
15215,0.9988,0,WARNING,16.2,2.6,20.7,5.7
15216,0.9982,0,WARNING,16.1,2.5,20.4,3.8
15217,0.9899,0,WARNING,16.0,2.3,20.0,4.6
15218,0.99,0,WARNING,16.0,2.5,19.7,4.5
15219,0.99,0,WARNING,15.9,2.4,19.7,4.5
15220,0.99,0,WARNING,15.9,2.4,19.6,4.4
15221,0.99,0,WARNING,15.9,2.3,19.8,4.4
15222,0.9982,0,WARNING,15.8,2.5,20.0,3.0
15223,0.9982,0,WARNING,15.8,2.4,19.8,3.1
15224,0.9982,0,WARNING,15.8,2.2,19.8,3.6
15225,0.99,0,WARNING,15.8,2.4,19.9,4.6
15226,0.99,0,WARNING,15.8,2.4,19.9,4.6
15227,0.99,0,WARNING,15.8,2.2,19.6,4.5
15228,0.9982,0,WARNING,15.8,2.4,19.9,3.2
15229,0.99,0,WARNING,15.8,2.4,19.7,4.3
15230,0.9982,0,WARNING,15.9,2.6,19.6,2.9
15231,0.99,0,WARNING,16.1,2.4,19.6,4.5
15232,0.99,0,WARNING,15.9,2.2,19.7,4.5
15233,0.99,0,WARNING,15.8,2.2,19.7,4.5
15234,0.99,0,WARNING,15.8,2.2,19.9,4.6
15235,0.99,0,WARNING,15.8,2.4,19.9,4.6
15236,0.9982,0,WARNING,15.9,2.2,19.5,3.1
15237,0.99,0,WARNING,15.8,2.2,19.7,4.3
15238,0.9982,0,WARNING,15.7,2.2,19.8,3.0
15239,0.99,0,WARNING,15.7,2.3,19.6,4.5
15240,0.99,0,WARNING,15.7,2.4,19.9,4.5
15241,0.9982,0,WARNING,15.7,2.2,19.9,3.2
15242,0.9982,0,WARNING,15.9,2.1,19.9,3.2
15243,0.9982,0,WARNING,15.8,2.3,19.6,3.0
15244,0.99,0,WARNING,15.7,2.1,19.7,4.5
15245,0.9982,0,WARNING,15.7,2.1,20.0,3.0
15246,0.99,0,WARNING,16.4,2.3,20.1,4.5
15247,0.9881,0,WARNING,17.9,6.8,20.7,5.8
15248,0.9997,0,WARNING,21.0,8.9,31.6,7.7
15249,0.9314,0,WARNING,18.6,5.0,27.9,9.2
15250,0.9896,0,WARNING,16.0,3.1,20.1,4.5
15251,0.9983,0,WARNING,15.8,2.1,20.0,3.2
15252,0.9899,0,WARNING,15.8,2.1,20.1,4.6
15253,0.9899,0,WARNING,15.7,2.1,19.9,4.4
15254,0.99,0,WARNING,15.7,2.3,20.2,4.5
15255,0.9982,0,WARNING,15.7,2.1,20.2,3.3
15256,0.99,0,WARNING,15.6,1.9,20.0,4.6
15257,0.99,0,WARNING,15.6,2.2,20.0,4.6
15258,0.99,0,WARNING,15.6,2.0,20.0,4.6
15259,0.9982,0,WARNING,15.6,2.0,20.2,3.3
15260,0.9982,0,WARNING,15.6,2.2,19.9,3.2
15261,0.9982,0,WARNING,15.6,2.2,19.8,3.0
15262,0.9982,0,WARNING,15.6,2.0,20.0,3.1
15263,0.9982,0,WARNING,15.6,2.1,20.2,3.2
15264,0.9982,0,WARNING,15.5,2.0,19.8,3.7
15265,0.99,0,WARNING,15.5,2.1,19.9,4.6
15266,0.9982,0,WARNING,15.5,2.1,20.0,3.2
15267,0.99,0,WARNING,15.5,2.0,20.1,4.6
15268,0.9982,0,WARNING,15.5,2.0,20.1,3.1
15269,0.3649,0,NORMAL,15.5,2.2,19.9,4.8
15270,0.99,0,WARNING,15.5,2.2,20.0,4.5
15271,0.9982,0,WARNING,15.5,2.1,20.0,3.2
15272,0.9982,0,WARNING,15.5,2.1,20.1,3.8
15273,0.99,0,WARNING,15.5,2.2,20.1,4.0
15274,0.9982,0,WARNING,15.5,2.1,20.0,3.2
15275,0.99,0,WARNING,15.5,2.3,20.0,4.6
15276,0.9982,0,WARNING,15.5,2.1,20.0,3.1
15277,0.9982,0,WARNING,15.5,2.1,19.9,3.1
15278,0.99,0,WARNING,15.5,2.0,19.9,4.5
15279,0.9982,0,WARNING,15.5,2.2,19.8,3.1
15280,0.9982,0,WARNING,15.6,2.2,19.9,3.7
15281,0.9982,0,WARNING,16.0,1.9,19.7,3.1
15282,0.9982,0,WARNING,16.3,1.9,19.8,3.2
15283,0.99,0,WARNING,16.7,2.1,19.8,4.6
15284,0.9982,0,WARNING,16.6,2.0,19.8,3.0
15285,0.99,0,WARNING,16.9,1.9,19.5,4.3
15286,0.99,0,WARNING,16.9,2.0,19.6,4.5
15287,0.3313,0,NORMAL,16.9,1.9,19.7,5.0
15288,0.9982,0,WARNING,16.7,1.9,19.8,3.6
15289,0.9982,0,WARNING,16.7,1.9,19.8,3.1
15290,0.9982,0,WARNING,16.9,2.2,19.8,3.1
15291,0.99,0,WARNING,17.1,1.9,19.7,4.5
15292,0.9982,0,WARNING,17.4,1.9,19.5,2.9
15293,0.99,0,WARNING,17.2,2.0,19.7,4.3
15294,0.3275,0,NORMAL,17.2,2.0,19.6,4.9
15295,0.99,0,WARNING,17.0,2.2,19.6,4.5
15296,0.9982,0,WARNING,16.9,2.1,20.0,3.2
15297,0.99,0,WARNING,16.9,2.1,19.9,4.5
15298,0.9982,0,WARNING,16.7,2.0,19.7,3.4
15299,0.9982,0,WARNING,16.6,2.2,19.6,3.1
15300,0.9982,0,WARNING,16.4,2.1,19.4,2.7
15301,0.3203,0,NORMAL,16.4,2.1,20.0,4.9
15302,0.9982,0,WARNING,16.2,2.1,19.8,3.1
15303,0.9982,0,WARNING,16.2,2.2,19.7,3.1
15304,0.3188,0,NORMAL,16.0,2.0,19.5,4.9
15305,0.9901,0,WARNING,16.2,2.0,19.6,4.4
15306,0.3217,0,NORMAL,17.0,2.0,19.9,5.0
15307,0.9901,0,WARNING,18.4,3.4,20.5,5.8
15308,0.9982,0,WARNING,19.4,2.3,23.0,2.8
15309,0.9982,0,WARNING,20.2,7.1,28.7,7.4
15310,0.9983,0,WARNING,18.9,1.4,18.9,3.7
15311,0.9898,0,WARNING,19.0,2.1,20.3,4.1
15312,0.9793,0,WARNING,19.7,2.8,23.7,8.1
15313,0.9899,0,WARNING,17.8,4.5,27.2,7.2
15314,0.9983,0,WARNING,16.4,2.0,19.4,2.9
15315,0.9899,0,WARNING,16.2,2.0,19.5,4.4
15316,0.9982,0,WARNING,16.2,1.9,19.5,2.9
15317,0.9982,0,WARNING,16.0,2.0,19.2,2.8
15318,0.9982,0,WARNING,16.0,1.9,19.4,3.0
15319,0.9901,0,WARNING,16.0,1.9,19.0,4.4
15320,0.9982,0,WARNING,15.8,2.1,18.9,2.9
15321,0.332,0,NORMAL,15.9,2.0,18.9,4.8
15322,0.9982,0,WARNING,15.9,1.9,18.9,2.9
15323,0.9901,0,WARNING,15.8,1.9,19.1,4.2
15324,0.9982,0,WARNING,15.7,2.0,18.9,3.1
15325,0.9901,0,WARNING,15.9,2.0,18.9,4.2
15326,0.9982,0,WARNING,15.7,1.9,18.8,2.9
15327,0.9982,0,WARNING,15.8,1.9,18.9,3.4
15328,0.9901,0,WARNING,15.7,1.9,19.0,4.5
15329,0.9901,0,WARNING,15.7,2.0,18.8,4.2
15330,0.9901,0,WARNING,15.7,2.1,18.8,4.2
15331,0.9901,0,WARNING,15.6,1.9,18.9,4.0
15332,0.9901,0,WARNING,15.6,2.0,19.2,4.2
15333,0.9901,0,WARNING,15.6,2.1,19.1,4.2
15334,0.3378,0,NORMAL,15.5,2.0,19.3,4.9
15335,0.9982,0,WARNING,15.6,2.0,19.3,2.9
15336,0.9901,0,WARNING,15.6,1.9,19.3,4.4
15337,0.9901,0,WARNING,15.6,2.0,19.1,4.4
15338,0.9901,0,WARNING,15.5,2.0,19.4,4.5
15339,0.9901,0,WARNING,15.6,2.0,19.3,4.2
15340,0.9982,0,WARNING,15.6,2.2,19.4,2.9
15341,0.9901,0,WARNING,15.5,2.1,19.3,4.3
15342,0.9901,0,WARNING,15.5,2.0,19.2,4.4
15343,0.9982,0,WARNING,15.5,1.9,19.0,2.8
15344,0.9982,0,WARNING,15.5,2.0,19.2,3.0
15345,0.9982,0,WARNING,15.5,2.1,19.2,3.5
15346,0.9901,0,WARNING,15.5,2.0,19.3,4.5
15347,0.9901,0,WARNING,15.5,2.0,19.1,4.1
15348,0.9982,0,WARNING,15.5,2.0,19.1,2.8
15349,0.9982,0,WARNING,15.5,2.1,19.3,2.9
15350,0.9901,0,WARNING,15.5,2.2,19.2,4.4
15351,0.9982,0,WARNING,15.5,2.1,19.1,3.0
15352,0.9901,0,WARNING,15.5,2.1,19.5,4.4
15353,0.9982,0,WARNING,15.4,2.1,19.3,2.9
15354,0.9982,0,WARNING,15.3,2.2,19.5,3.0
15355,0.3338,0,NORMAL,15.3,2.3,19.6,4.8
15356,0.9982,0,WARNING,15.3,2.1,19.6,2.9
15357,0.9901,0,WARNING,15.3,2.0,19.5,4.4
15358,0.9901,0,WARNING,15.3,2.1,19.4,4.4
15359,0.9901,0,WARNING,15.3,2.1,19.3,4.4
15360,0.9901,0,WARNING,15.3,2.3,19.8,4.6
15361,0.9901,0,WARNING,15.3,2.1,19.4,4.4
15362,0.9901,0,WARNING,15.3,2.2,19.5,4.4
15363,0.9982,0,WARNING,15.3,2.2,19.5,2.8
15364,0.9901,0,WARNING,15.3,2.1,19.6,4.4
15365,0.9982,0,WARNING,15.3,2.1,18.6,2.6
15366,0.9901,0,WARNING,16.3,2.5,20.9,4.0
15367,0.9982,0,WARNING,17.3,3.1,20.4,5.1
15368,1.0,0,WARNING,20.6,7.8,34.0,10.6
15369,0.9877,0,WARNING,19.5,3.5,27.6,8.1
15370,0.2846,0,NORMAL,17.0,3.2,23.0,7.3
15371,0.9897,0,WARNING,15.7,2.2,19.7,4.4
15372,0.9983,0,WARNING,15.6,2.2,19.7,3.0
15373,0.9899,0,WARNING,15.6,2.2,19.6,4.4
15374,0.9982,0,WARNING,15.5,2.1,19.8,3.2
15375,0.99,0,WARNING,15.5,2.4,20.1,4.5
15376,0.99,0,WARNING,15.5,2.3,19.9,4.6
15377,0.9982,0,WARNING,15.4,2.1,19.8,3.1
15378,0.9982,0,WARNING,15.4,2.1,19.9,3.1
15379,0.9901,0,WARNING,15.4,2.3,19.7,4.4
15380,0.9982,0,WARNING,15.5,2.4,19.2,2.7
15381,0.9982,0,WARNING,15.4,2.2,20.4,3.4
15382,0.9982,0,WARNING,15.4,2.1,19.8,3.1
15383,0.9729,0,WARNING,15.4,2.1,17.9,3.5
15384,0.9901,0,WARNING,15.5,2.5,21.4,4.4
15385,0.9982,0,WARNING,15.6,2.3,19.8,3.6
15386,0.9982,0,WARNING,15.9,2.1,19.7,3.0
15387,0.99,0,WARNING,16.4,2.3,19.7,4.4
15388,0.9982,0,WARNING,16.9,2.5,19.8,3.1
15389,0.99,0,WARNING,16.9,2.4,19.6,4.4
15390,0.3189,0,NORMAL,16.9,2.7,20.2,5.1
15391,0.9982,0,WARNING,16.9,2.1,18.3,2.4
15392,0.99,0,WARNING,16.3,1.6,17.1,3.7
15393,0.9901,0,WARNING,15.9,0.7,14.9,2.8
15394,0.9902,0,WARNING,15.7,0.6,14.8,2.0
15395,0.9981,0,WARNING,15.6,0.8,15.6,1.7
15396,0.9981,0,WARNING,15.5,0.5,14.9,1.6
15397,0.9981,0,WARNING,15.4,0.6,15.0,1.6
15398,0.9981,0,WARNING,15.3,0.6,14.9,1.6
15399,0.9903,0,WARNING,15.3,0.7,14.9,2.3
15400,0.9981,0,WARNING,15.2,0.9,14.9,1.6
15401,0.9981,0,WARNING,15.2,0.6,14.9,1.6
15402,0.9903,0,WARNING,15.2,0.8,15.8,3.1
15403,0.9981,0,WARNING,15.6,2.0,19.1,2.7
15404,0.9981,0,WARNING,16.8,4.9,27.5,5.7
15405,0.3005,0,NORMAL,16.8,5.5,27.0,6.7
15406,0.9983,0,WARNING,17.0,5.6,26.7,4.8
15407,0.9983,0,WARNING,17.3,6.9,30.2,6.0
15408,0.9983,0,WARNING,16.8,4.4,26.1,5.8
15409,0.9896,0,WARNING,16.4,3.3,21.8,5.2
15410,0.9983,0,WARNING,16.7,5.2,29.3,6.8
15411,0.9983,0,WARNING,16.7,5.1,29.3,6.8
15412,0.1995,0,NORMAL,16.3,3.3,21.3,5.5
15413,0.3285,0,NORMAL,16.6,4.2,27.9,7.8
15414,0.9896,0,WARNING,16.2,3.0,21.2,4.2
15415,0.2277,0,NORMAL,16.4,2.7,21.2,5.5
15416,0.9982,0,WARNING,16.6,2.8,21.2,4.1
15417,0.9982,0,WARNING,16.4,3.1,21.2,3.5
15418,0.9899,0,WARNING,16.2,2.9,21.2,4.9
15419,0.9899,0,WARNING,16.3,2.8,21.2,4.7
15420,0.9899,0,WARNING,16.3,3.2,21.4,4.9
15421,0.2812,0,NORMAL,16.1,3.1,21.5,5.5
15422,0.9899,0,WARNING,16.1,2.8,21.5,5.0
15423,0.9982,0,WARNING,15.7,1.6,17.2,2.2
15424,0.99,0,WARNING,15.4,0.8,15.5,2.5
15425,0.7951,0,WARNING,15.4,0.8,14.9,3.4
15426,0.3508,0,NORMAL,17.6,6.8,30.6,7.8
15427,0.9983,0,WARNING,19.1,6.2,31.6,8.8
15428,1.0,0,ANOMALY,22.3,9.9,38.1,14.1
15429,0.9984,0,WARNING,20.4,4.1,27.9,9.1
15430,0.9893,0,WARNING,17.8,5.3,22.8,5.7
15431,0.9983,0,WARNING,16.3,2.8,19.7,3.0
15432,0.9897,0,WARNING,16.0,2.1,18.5,3.8
15433,0.2449,0,NORMAL,16.4,4.5,28.5,7.9
15434,0.9983,0,WARNING,16.1,3.1,22.2,3.8
15435,0.2755,0,NORMAL,16.1,3.5,22.4,5.7
15436,0.9983,0,WARNING,16.0,3.1,22.4,4.5
15437,0.2515,0,NORMAL,16.1,3.3,22.2,5.8
15438,0.9899,0,WARNING,16.1,3.5,22.3,5.4
15439,0.9982,0,WARNING,16.1,3.5,22.7,4.6
15440,0.9898,0,WARNING,16.0,3.4,22.2,5.1
15441,0.9899,0,WARNING,16.2,3.6,22.4,5.2
15442,0.9982,0,WARNING,16.0,3.3,22.6,3.9
15443,0.9982,0,WARNING,15.9,3.3,22.5,3.9
15444,0.261,0,NORMAL,15.9,3.6,22.7,6.0
15445,0.9982,0,WARNING,15.9,3.8,22.7,4.6
15446,0.245,0,NORMAL,15.9,3.6,22.7,5.9
15447,0.9982,0,WARNING,15.9,3.3,22.5,3.9
15448,0.9982,0,WARNING,15.9,3.3,22.9,4.1
15449,0.9898,0,WARNING,15.9,3.8,22.9,5.4
15450,0.9898,0,WARNING,16.1,4.1,23.2,5.4
15451,0.9983,0,WARNING,16.0,3.6,23.4,4.2
15452,0.9898,0,WARNING,15.9,3.6,23.5,5.8
15453,0.9898,0,WARNING,15.9,3.9,23.3,5.6
15454,0.9983,0,WARNING,15.8,3.8,23.5,4.8
15455,0.9982,0,WARNING,15.9,3.5,23.3,4.3
15456,0.9982,0,WARNING,15.8,3.9,23.2,4.7
15457,0.9982,0,WARNING,15.9,3.8,23.5,4.2
15458,0.361,0,NORMAL,15.8,3.6,23.4,6.0
15459,0.9898,0,WARNING,15.9,3.7,23.5,5.7
15460,0.9898,0,WARNING,15.9,4.2,23.5,5.7
15461,0.9983,0,WARNING,15.9,4.0,23.6,4.8
15462,0.9898,0,WARNING,16.0,3.9,23.4,5.7
15463,0.9898,0,WARNING,15.9,4.2,23.5,5.6
15464,0.9983,0,WARNING,15.9,4.2,23.7,4.8
15465,0.2793,0,NORMAL,15.9,3.8,23.7,6.1
15466,0.9898,0,WARNING,15.9,3.9,23.3,5.5
15467,0.9983,0,WARNING,15.8,3.8,21.5,3.9
15468,0.9898,0,WARNING,16.0,4.4,25.9,6.5
15469,0.9734,0,WARNING,15.9,4.1,23.8,5.6
15470,0.9898,0,WARNING,15.9,4.5,23.7,5.7
15471,0.9983,0,WARNING,15.9,4.3,23.9,4.4
15472,0.9983,0,WARNING,15.9,4.1,23.6,4.9
15473,0.9983,0,WARNING,16.0,4.2,23.9,4.2
15474,0.9983,0,WARNING,16.0,4.3,24.1,4.9
15475,0.9897,0,WARNING,16.0,4.4,24.0,5.9
15476,0.9983,0,WARNING,16.0,4.4,24.4,5.1
15477,0.9897,0,WARNING,15.9,4.2,24.1,5.9
15478,0.9983,0,WARNING,15.8,4.2,24.1,4.6
15479,0.9983,0,WARNING,16.0,4.7,24.4,4.4
15480,0.9983,0,WARNING,16.0,4.7,24.4,4.6
15481,0.9983,0,WARNING,16.0,4.4,24.6,4.5
15482,0.9983,0,WARNING,16.1,4.4,24.3,4.3
15483,0.9897,0,WARNING,16.0,4.9,24.6,6.1
15484,0.2017,0,NORMAL,16.1,4.8,24.5,6.5
15485,0.2036,0,NORMAL,16.0,4.7,24.6,6.6
15486,0.9897,0,WARNING,16.8,4.9,24.8,6.0
15487,0.9897,0,WARNING,18.2,7.9,25.6,7.5
15488,1.0,0,WARNING,21.3,12.6,35.4,14.8
15489,0.9984,0,WARNING,19.7,6.9,33.0,8.7
15490,1.0,0,WARNING,18.8,10.3,30.0,12.2
15491,0.9891,0,WARNING,17.5,4.8,23.4,5.5
15492,0.9893,0,WARNING,17.8,5.6,26.3,6.5
15493,0.9894,0,WARNING,18.3,5.7,25.5,6.4
15494,0.9983,0,WARNING,18.0,5.6,25.1,5.3
15495,0.9895,0,WARNING,17.7,5.5,25.5,6.2
15496,0.9983,0,WARNING,17.8,5.3,25.0,4.7
15497,0.9983,0,WARNING,18.0,5.7,25.2,5.2
15498,0.9983,0,WARNING,18.3,5.6,25.5,4.8
15499,0.9896,0,WARNING,18.4,5.3,25.1,6.2
15500,0.9896,0,WARNING,18.5,5.8,25.3,6.1
15501,0.9896,0,WARNING,18.4,6.1,25.4,6.2
15502,0.9983,0,WARNING,18.5,5.9,25.5,4.9
15503,0.9895,0,WARNING,18.8,5.5,25.4,6.3
15504,0.4056,0,NORMAL,19.0,5.5,25.1,6.4
15505,0.9895,0,WARNING,18.7,6.0,26.0,6.3
15506,0.9983,0,WARNING,18.6,6.0,25.4,4.8
15507,0.1359,0,NORMAL,18.5,5.8,25.8,6.9
15508,0.9983,0,WARNING,18.7,5.7,25.6,4.8
15509,0.9895,0,WARNING,18.6,6.2,26.2,6.5
15510,0.9895,0,WARNING,18.6,6.5,25.6,6.2
15511,0.9983,0,WARNING,19.1,5.8,25.9,5.1
15512,0.9983,0,WARNING,18.9,5.9,24.9,5.0
15513,0.9895,0,WARNING,18.7,6.5,26.7,6.5
15514,0.9895,0,WARNING,19.2,6.4,25.7,6.1
15515,0.9983,0,WARNING,18.8,6.1,26.5,5.7
15516,0.9895,0,WARNING,18.7,6.0,25.4,6.1
15517,0.9983,0,WARNING,18.9,6.5,26.4,5.7
15518,0.9983,0,WARNING,18.8,6.1,26.0,5.5
15519,0.9983,0,WARNING,19.0,6.0,25.0,4.6
15520,0.9983,0,WARNING,19.0,6.8,26.7,5.7
15521,0.9983,0,WARNING,19.0,6.4,26.0,5.4
15522,0.9983,0,WARNING,19.0,6.1,26.1,5.0
15523,0.9983,0,WARNING,19.0,6.3,25.9,5.0
15524,0.9983,0,WARNING,18.8,6.4,26.4,5.7
15525,0.9983,0,WARNING,18.6,6.2,25.9,5.5
15526,0.9983,0,WARNING,18.7,5.8,25.7,4.8
15527,0.9983,0,WARNING,18.6,6.3,26.1,5.6
15528,0.9983,0,WARNING,18.6,6.6,26.4,5.1
15529,0.9983,0,WARNING,18.4,6.0,25.7,4.7
15530,0.9895,0,WARNING,18.6,6.3,25.5,6.1
15531,0.9983,0,WARNING,18.6,6.9,26.9,5.8
15532,0.1367,0,NORMAL,18.4,6.6,26.2,7.0
15533,0.9895,0,WARNING,18.4,6.4,25.8,5.7
15534,0.411,0,NORMAL,18.5,6.0,26.1,6.8
15535,0.9895,0,WARNING,19.1,6.4,26.6,6.6
15536,0.9895,0,WARNING,19.1,6.8,26.0,6.3
15537,0.9895,0,WARNING,19.0,6.6,26.4,6.4
15538,0.9983,0,WARNING,18.9,6.4,26.1,5.4
15539,0.9983,0,WARNING,18.6,6.5,26.5,5.2
15540,0.9895,0,WARNING,18.8,6.6,26.3,6.5
15541,0.4123,0,NORMAL,18.9,6.3,24.4,6.3
15542,0.9983,0,WARNING,18.6,6.1,26.5,5.2
15543,0.9983,0,WARNING,18.6,7.1,26.9,5.3
15544,0.3784,0,NORMAL,18.6,7.0,27.0,7.0
15545,0.9895,0,WARNING,18.7,6.6,25.8,6.2
15546,0.9895,0,WARNING,19.6,6.3,25.9,6.2
15547,0.878,0,WARNING,21.0,9.0,27.0,8.5
15548,1.0,0,ANOMALY,26.5,15.2,38.0,17.3
15549,0.9984,0,WARNING,22.9,11.9,34.4,9.4
15550,1.0,0,WARNING,20.5,8.0,30.7,11.4
15551,0.4504,0,NORMAL,19.0,6.5,25.7,6.8
15552,0.9891,0,WARNING,19.4,6.6,26.3,6.4
15553,0.9893,0,WARNING,19.0,6.3,26.3,6.4
15554,0.9983,0,WARNING,18.9,6.8,26.5,5.6
15555,0.9983,0,WARNING,18.5,6.4,25.8,5.0
15556,0.4142,0,NORMAL,18.3,6.1,25.9,6.8
15557,0.9983,0,WARNING,18.7,7.0,26.5,5.2
15558,0.9983,0,WARNING,18.3,6.3,25.5,4.9
15559,0.1408,0,NORMAL,18.2,6.3,26.5,7.1
15560,0.9983,0,WARNING,18.2,6.4,25.9,5.4
15561,0.9895,0,WARNING,18.2,6.4,25.6,6.1
15562,0.9983,0,WARNING,18.2,6.5,26.5,5.1
15563,0.9983,0,WARNING,18.0,6.0,25.6,4.8
15564,0.9895,0,WARNING,18.2,6.4,26.4,6.6
15565,0.9983,0,WARNING,18.2,6.5,26.0,5.5
15566,0.9983,0,WARNING,17.9,6.6,25.6,5.0
15567,0.2292,1,NORMAL,18.0,6.1,26.2,6.9
15568,0.202,1,NORMAL,18.1,5.9,26.0,6.8
15569,0.9895,1,WARNING,18.1,6.5,25.9,6.3
15570,0.9983,1,WARNING,17.9,6.5,25.5,5.3
15571,0.9895,1,WARNING,17.9,6.1,26.2,6.5
15572,0.9983,0,WARNING,17.7,6.0,25.9,5.0
15573,0.9895,0,WARNING,17.7,6.5,25.7,6.3
15574,0.9983,0,WARNING,17.6,6.1,26.3,5.7
15575,0.9983,0,WARNING,17.5,5.7,25.9,5.4
15576,0.9895,0,WARNING,18.1,6.4,25.8,6.2
15577,0.9895,0,WARNING,17.8,6.3,26.5,6.5
15578,0.2069,0,NORMAL,17.5,6.0,25.9,6.8
15579,0.1443,0,NORMAL,17.6,6.2,26.3,7.0
15580,0.9983,0,WARNING,17.4,6.5,25.7,4.9
15581,0.9895,0,WARNING,18.0,6.5,25.9,6.5
15582,0.9895,0,WARNING,17.7,5.7,25.7,6.3
15583,0.9983,0,WARNING,17.5,6.2,26.2,5.1
15584,0.2936,0,NORMAL,17.5,6.2,25.5,6.7
15585,0.9738,0,WARNING,17.3,5.8,26.3,6.2
15586,0.4094,0,NORMAL,17.2,5.9,25.5,6.6
15587,0.9896,0,WARNING,17.4,6.7,26.2,6.5
15588,0.9983,0,WARNING,17.1,6.4,25.7,4.9
15589,0.1776,0,NORMAL,17.1,6.1,26.5,7.2
15590,0.9983,0,WARNING,17.1,6.1,25.7,4.9
15591,0.9896,0,WARNING,17.0,6.3,26.4,6.5
15592,0.2942,0,NORMAL,16.9,6.1,25.8,6.8
15593,0.9895,0,WARNING,16.9,5.8,25.7,6.0
15594,0.9983,0,WARNING,17.5,5.7,26.8,5.8
15595,0.4113,0,NORMAL,17.9,5.9,25.7,6.7
15596,0.9983,0,WARNING,18.3,6.5,26.4,5.2
15597,0.9983,0,WARNING,18.6,6.3,26.3,5.6
15598,0.9983,0,WARNING,18.3,5.9,26.1,5.6
15599,0.9983,0,WARNING,18.6,6.2,26.3,5.6
15600,0.9895,0,WARNING,18.1,6.5,26.3,6.4
15601,0.9983,0,WARNING,18.4,5.9,26.1,4.9
15602,0.9895,0,WARNING,18.9,5.7,26.3,6.5
15603,0.9895,0,WARNING,18.8,6.0,26.4,6.6
15604,0.1434,0,NORMAL,18.8,6.2,26.1,6.9
15605,0.4103,0,NORMAL,18.8,5.9,25.7,6.8
15606,0.9983,0,WARNING,19.4,5.9,25.6,4.7
15607,0.9983,0,WARNING,21.1,7.4,27.8,7.3
15608,1.0,0,ANOMALY,22.3,6.4,29.8,11.8
15609,1.0,0,ANOMALY,23.8,17.5,37.0,13.9
15610,1.0,0,WARNING,23.3,7.7,35.3,12.3
15611,0.9999,0,WARNING,20.9,8.4,32.3,12.4
15612,0.9984,0,WARNING,19.2,6.0,26.3,5.5
15613,0.9984,0,WARNING,19.1,6.1,26.3,5.2
15614,0.9983,0,WARNING,18.9,6.1,25.2,5.2
15615,0.9894,0,WARNING,19.0,5.9,27.3,6.8
15616,0.9983,0,WARNING,18.9,6.3,26.7,5.2
15617,0.9894,0,WARNING,18.9,6.0,26.2,6.4
15618,0.9894,0,WARNING,19.6,6.3,26.0,6.3
15619,0.9983,0,WARNING,18.9,5.9,25.6,4.8
15620,0.9983,0,WARNING,19.2,6.3,26.4,5.7
15621,0.9983,0,WARNING,19.0,6.2,25.9,5.0
15622,0.9983,0,WARNING,18.8,5.9,26.6,5.2
15623,0.9983,0,WARNING,19.0,5.7,26.3,5.1
15624,0.9983,0,WARNING,18.7,6.0,25.8,5.4
15625,0.9983,0,WARNING,18.7,6.2,26.3,5.0
15626,0.147,0,NORMAL,18.9,6.5,26.5,7.1
15627,0.9983,0,WARNING,18.7,5.8,26.3,5.1
15628,0.9895,0,WARNING,18.6,5.9,26.3,6.5
15629,0.9983,0,WARNING,18.7,6.2,26.9,5.4
15630,0.4124,0,NORMAL,18.8,6.3,25.9,6.8
15631,0.1471,0,NORMAL,19.1,6.3,26.8,7.2
15632,0.9894,0,WARNING,18.8,6.0,26.0,6.1
15633,0.9895,0,WARNING,18.7,4.1,19.9,4.1
15634,1.0,1,ANOMALY,21.4,21.5,26.8,8.7
15635,0.2514,1,NORMAL,18.9,6.3,26.7,7.1
15636,0.2343,1,NORMAL,19.1,6.1,26.1,7.0
15637,0.2654,1,NORMAL,18.8,5.9,26.5,7.2
15638,0.9983,1,WARNING,18.9,6.0,26.2,5.6
15639,0.9983,1,WARNING,18.7,6.1,25.6,4.8
15640,0.9983,1,WARNING,18.6,6.3,25.9,5.3
15641,0.9983,1,WARNING,18.6,6.4,26.6,5.7
15642,0.4123,1,NORMAL,18.5,6.1,25.8,6.8
15643,0.9983,1,WARNING,18.7,5.8,25.9,5.5
15644,0.9983,1,WARNING,18.3,5.9,25.9,5.1
15645,0.9983,1,WARNING,18.5,6.1,25.7,5.5
15646,0.9983,1,WARNING,18.1,6.1,26.4,5.7
15647,0.1886,1,NORMAL,18.0,5.8,26.5,7.1
15648,0.9983,1,WARNING,18.0,5.9,25.1,4.5
15649,0.2299,1,NORMAL,18.0,6.5,26.9,7.2
15650,0.9895,1,WARNING,18.0,6.0,25.8,6.3
15651,0.9895,1,WARNING,18.1,5.5,26.2,6.5
15652,0.9983,1,WARNING,18.2,6.0,26.6,5.9
15653,0.9895,1,WARNING,17.9,5.8,26.0,6.4
15654,0.9983,1,WARNING,17.8,5.7,26.3,5.7
15655,0.2071,1,NORMAL,18.1,5.7,26.4,7.1
15656,0.2922,1,NORMAL,17.9,5.9,26.2,6.9
15657,0.9983,1,WARNING,18.1,6.2,26.5,5.7
15658,0.9983,1,WARNING,17.6,5.6,26.4,5.7
15659,0.9983,1,WARNING,17.6,6.0,26.4,5.6
15660,0.4118,1,NORMAL,17.5,6.2,26.8,7.1
15661,0.9895,1,WARNING,17.6,6.0,26.4,6.5
15662,0.9983,1,WARNING,17.9,6.1,27.0,6.0
15663,0.9895,1,WARNING,17.5,5.8,26.2,6.4
15664,0.9983,1,WARNING,17.5,6.1,26.2,5.4
15665,0.9983,1,WARNING,17.4,6.2,27.3,5.9
15666,0.9983,1,WARNING,17.3,5.2,24.9,4.5
15667,0.555,1,NORMAL,18.7,7.6,27.7,8.7
15668,1.0,1,ANOMALY,21.4,7.0,31.0,12.5
15669,1.0,1,ANOMALY,25.1,25.8,41.6,17.4
15670,1.0,1,WARNING,22.6,7.1,34.9,13.7
15671,0.9985,1,WARNING,19.1,5.7,26.2,5.0
15672,0.9984,1,WARNING,18.0,6.3,27.7,6.0
15673,0.2106,1,NORMAL,17.6,6.2,27.1,7.2
15674,0.9741,1,WARNING,17.4,5.7,26.8,7.0
15675,0.9983,1,WARNING,17.5,5.8,26.4,5.7
15676,0.147,1,NORMAL,17.2,6.3,26.8,7.2
15677,0.9983,1,WARNING,17.1,6.1,26.6,5.7
15678,0.9983,1,WARNING,17.0,5.5,26.6,5.8
15679,0.9983,1,WARNING,17.0,6.0,26.2,4.9
15680,0.9983,1,WARNING,16.9,6.1,26.3,5.6
15681,0.9895,1,WARNING,17.3,6.0,26.6,6.6
15682,0.9983,1,WARNING,17.2,5.6,26.6,5.3
15683,0.4124,1,NORMAL,17.0,6.2,26.4,7.0
15684,0.9895,1,WARNING,17.0,6.1,26.7,6.6
15685,0.9983,1,WARNING,16.9,5.4,26.1,5.6
15686,0.9983,1,WARNING,16.8,6.0,26.5,5.3
15687,0.4122,1,NORMAL,16.7,5.4,24.6,6.3
15688,0.9983,1,WARNING,16.9,6.1,28.2,5.6
15689,0.9983,1,WARNING,16.8,5.9,26.7,5.3
15690,0.9895,1,WARNING,16.7,6.2,26.3,6.6
15691,0.9983,1,WARNING,16.5,5.6,25.6,5.4
15692,0.9895,1,WARNING,16.6,5.8,27.6,7.0
15693,0.9895,1,WARNING,16.6,6.0,27.2,6.2
15694,0.1828,1,NORMAL,16.6,6.2,27.1,7.3
15695,0.4153,1,NORMAL,16.8,6.1,26.4,6.8
15696,0.9983,1,WARNING,16.5,5.5,26.9,5.7
15697,0.9983,1,WARNING,16.7,6.1,26.9,5.7
15698,0.9983,1,WARNING,16.7,6.0,26.9,5.9
15699,0.9895,1,WARNING,17.4,6.0,26.8,6.8
15700,0.9895,1,WARNING,17.7,5.6,26.3,5.8
15701,0.227,1,NORMAL,18.3,5.7,27.1,7.3
15702,0.9983,1,WARNING,18.1,6.3,26.6,5.2
15703,0.9983,1,WARNING,18.4,6.1,26.4,5.5
15704,0.9983,1,WARNING,18.5,5.7,27.1,5.8
15705,0.9983,1,WARNING,18.7,5.8,26.8,5.3
15706,0.4149,1,NORMAL,18.3,6.2,26.4,7.1
15707,0.9894,1,WARNING,18.3,6.0,26.9,6.8
15708,0.9983,1,WARNING,18.2,5.4,26.7,5.2
15709,0.9983,1,WARNING,18.0,5.6,26.5,5.2
15710,0.9895,1,WARNING,18.1,6.3,27.2,6.8
15711,0.9983,1,WARNING,18.3,6.1,26.8,5.6
15712,0.9983,1,WARNING,18.2,5.6,27.1,5.3
15713,0.9894,1,WARNING,18.3,5.2,24.8,5.8
15714,1.0,1,ANOMALY,23.2,19.9,28.9,12.1
15715,0.4445,1,NORMAL,18.9,5.9,26.5,7.0
15716,0.1853,1,NORMAL,18.9,6.2,27.7,7.5
15717,0.2824,1,NORMAL,18.8,6.1,26.2,7.1
15718,0.2253,1,NORMAL,18.6,5.9,27.1,7.3
15719,0.9983,1,WARNING,18.8,5.6,26.7,5.8
15720,0.4174,1,NORMAL,18.8,5.8,26.3,6.9
15721,0.2642,1,NORMAL,18.6,6.2,27.1,7.3
15722,0.4163,1,NORMAL,18.6,6.2,26.6,7.1
15723,0.9983,1,WARNING,18.5,6.1,26.5,5.7
15724,0.4143,1,NORMAL,18.8,6.0,25.8,6.8
15725,0.9894,1,WARNING,18.9,5.9,27.5,7.0
15726,0.9894,1,WARNING,19.6,6.2,26.9,6.5
15727,0.9983,1,WARNING,22.4,9.7,27.8,8.0
15728,1.0,1,ANOMALY,25.6,19.5,48.2,24.4
15729,1.0,0,WARNING,23.3,7.5,32.5,12.9
15730,0.9985,0,WARNING,20.4,7.4,26.7,6.0
15731,0.2888,0,NORMAL,19.4,6.2,27.2,7.4
15732,0.9984,0,WARNING,19.0,6.0,27.2,6.0
15733,0.1421,0,NORMAL,18.8,5.8,26.8,7.7
15734,0.2419,0,NORMAL,18.7,6.2,26.8,7.2
15735,0.2956,0,NORMAL,18.6,5.9,27.0,7.2
15736,0.9739,0,WARNING,18.6,6.1,27.0,6.4
15737,0.9983,0,WARNING,18.8,6.0,26.2,5.0
15738,0.9894,0,WARNING,18.6,6.1,26.5,6.5
15739,0.1033,0,NORMAL,18.5,6.0,27.7,7.5
15740,0.4153,0,NORMAL,18.5,6.4,26.6,7.0
15741,0.9983,0,WARNING,18.4,5.8,26.1,5.4
15742,0.9983,0,WARNING,18.5,6.0,27.7,6.1
15743,0.2931,0,NORMAL,18.4,6.0,27.1,7.2
15744,0.9983,0,WARNING,18.2,6.2,26.9,5.7
15745,0.4153,0,NORMAL,18.4,6.0,26.5,7.0
15746,0.9983,0,WARNING,18.3,6.1,26.6,5.8
15747,0.9983,0,WARNING,18.1,6.2,27.1,5.9
15748,0.9983,0,WARNING,18.2,6.2,27.2,5.4
15749,0.9983,0,WARNING,18.1,5.9,27.1,5.4
15750,0.4158,0,NORMAL,18.1,6.5,26.9,7.1
15751,0.2948,0,NORMAL,17.7,6.3,26.9,7.1
15752,0.9983,0,WARNING,18.0,6.2,26.8,5.7
15753,0.2092,0,NORMAL,17.8,5.7,27.1,7.3
15754,0.4155,0,NORMAL,17.5,6.0,26.6,7.1
15755,0.9895,0,WARNING,17.7,6.5,27.6,6.9
15756,0.4161,0,NORMAL,17.9,6.0,26.2,6.9
15757,0.9894,0,WARNING,17.8,5.9,27.8,7.0
15758,0.9983,0,WARNING,18.2,6.4,27.3,6.0
15759,0.4171,0,NORMAL,18.3,6.3,26.6,6.9
15760,0.3762,0,NORMAL,18.0,6.3,27.8,7.3
15761,0.9983,0,WARNING,18.4,6.2,26.4,5.6
15762,0.1541,0,NORMAL,18.2,6.2,27.6,7.5
15763,0.9894,0,WARNING,18.2,6.3,27.4,6.9
15764,0.9983,0,WARNING,18.1,6.0,27.4,6.0
15765,0.9983,0,WARNING,18.0,6.5,27.2,5.9
15766,0.9983,0,WARNING,17.8,6.6,27.5,6.0
15767,0.418,0,NORMAL,17.7,5.9,27.4,7.1
15768,0.9894,0,WARNING,18.0,6.2,27.2,6.6
15769,0.9894,0,WARNING,17.9,6.6,27.8,7.0
15770,0.9983,0,WARNING,17.9,6.8,27.8,6.1
15771,0.9983,0,WARNING,17.8,5.9,26.8,5.7
15772,0.1895,0,NORMAL,17.7,6.4,27.6,7.5
15773,0.2002,0,NORMAL,17.8,6.9,27.6,7.4
15774,0.0999,0,NORMAL,17.6,6.5,27.7,8.0
15775,0.9983,0,WARNING,17.6,6.0,26.8,5.7
15776,0.2955,0,NORMAL,17.5,6.8,28.0,7.4
15777,0.1284,0,NORMAL,17.5,6.7,26.7,7.7
15778,0.1625,0,NORMAL,17.3,6.3,26.8,7.2
15779,0.2082,0,NORMAL,17.4,5.8,27.1,7.3
15780,0.416,0,NORMAL,17.4,6.5,26.8,7.1
15781,0.1188,0,NORMAL,17.5,6.6,27.9,7.5
15782,0.9894,0,WARNING,17.3,6.6,27.4,6.8
15783,0.9983,0,WARNING,17.2,6.0,26.9,5.1
15784,0.2071,0,NORMAL,17.6,6.2,27.5,7.8
15785,0.9983,0,WARNING,18.1,7.1,27.8,6.1
15786,0.9983,0,WARNING,18.5,6.6,26.8,5.6
15787,0.9874,0,WARNING,20.9,7.9,28.9,10.1
15788,1.0,0,ANOMALY,24.3,19.9,42.3,20.3
15789,1.0,0,WARNING,22.8,8.5,35.1,12.5
15790,1.0,0,WARNING,20.1,8.3,34.1,13.7
15791,0.4629,0,NORMAL,17.8,6.0,26.0,6.7
15792,0.9984,0,WARNING,18.0,7.4,29.6,6.6
15793,0.9984,0,WARNING,18.0,7.2,27.5,5.9
15794,0.1442,0,NORMAL,17.7,6.7,28.3,8.1
15795,0.9983,0,WARNING,17.5,6.3,27.7,6.1
15796,0.9983,0,WARNING,17.6,7.2,29.0,6.5
15797,0.9983,0,WARNING,17.7,6.9,28.4,6.3
15798,0.9983,0,WARNING,17.6,6.9,28.0,6.2
15799,0.9983,0,WARNING,17.7,7.1,28.3,6.1
15800,0.9983,0,WARNING,17.6,7.3,28.2,5.5
15801,0.974,0,WARNING,17.6,6.9,28.7,7.0
15802,0.4251,0,NORMAL,17.9,7.0,28.3,7.5
15803,0.4246,0,NORMAL,18.1,7.3,27.2,7.7
15804,0.9983,0,WARNING,18.6,7.2,29.4,6.6
15805,0.9983,0,WARNING,18.7,6.8,28.2,5.8
15806,0.1044,0,NORMAL,19.2,7.0,28.0,7.5
15807,0.9983,0,WARNING,19.0,7.3,28.5,6.2
15808,0.4251,0,NORMAL,19.4,7.0,27.7,7.3
15809,0.9983,0,WARNING,19.9,7.3,29.4,6.5
15810,0.1593,0,NORMAL,19.7,6.8,28.0,7.6
15811,0.9983,0,WARNING,19.8,6.8,28.4,6.4
15812,0.9983,0,WARNING,19.7,7.3,27.7,5.9
15813,0.1742,0,NORMAL,20.0,7.4,29.5,8.0
15814,0.4272,0,NORMAL,19.6,6.8,28.0,7.3
15815,0.3005,0,NORMAL,19.5,7.0,28.5,7.6
15816,0.4252,0,NORMAL,19.1,6.0,25.6,6.6
15817,0.9983,0,WARNING,19.2,7.9,30.7,7.0
15818,0.9983,0,WARNING,19.6,7.4,29.6,6.7
15819,0.1042,0,NORMAL,19.4,7.1,28.8,7.8
15820,0.9983,0,WARNING,19.7,7.5,28.2,5.6
15821,0.9892,0,WARNING,19.8,7.4,28.4,7.1
15822,0.9983,0,WARNING,19.5,7.3,29.1,6.9
15823,0.3025,0,NORMAL,19.5,7.5,28.5,7.6
15824,0.9983,0,WARNING,19.2,7.3,28.1,6.0
15825,0.1219,0,NORMAL,19.1,7.0,28.6,7.7
15826,0.1002,0,NORMAL,19.6,7.3,28.8,7.9
15827,0.9983,0,WARNING,19.6,7.4,28.3,6.6
15828,0.2243,0,NORMAL,19.3,7.1,29.1,7.9
15829,0.9983,0,WARNING,19.6,6.9,28.5,5.9
15830,0.3013,0,NORMAL,19.5,7.5,28.7,8.1
15831,0.9983,0,WARNING,19.2,6.8,27.5,5.2
15832,0.2087,0,NORMAL,19.5,7.4,29.6,8.0
15833,0.4275,0,NORMAL,19.2,7.0,28.3,7.5
15834,0.0997,0,NORMAL,19.2,6.9,28.6,8.3
15835,0.9893,0,WARNING,19.5,6.7,28.7,7.2
15836,0.4262,0,NORMAL,19.2,6.7,27.6,7.3
15837,0.0961,0,NORMAL,18.9,6.9,28.1,8.1
15838,0.2988,0,NORMAL,19.3,7.1,28.9,7.7
15839,0.9983,0,WARNING,18.9,6.4,27.7,5.3
15840,0.9983,0,WARNING,18.9,6.7,28.5,6.2
15841,0.9893,0,WARNING,18.7,6.9,27.8,7.0
15842,0.9983,0,WARNING,18.9,7.0,28.3,6.3
15843,0.9983,0,WARNING,19.0,6.1,26.4,5.1
15844,0.1372,0,NORMAL,18.8,7.3,29.4,8.0
15845,0.9983,0,WARNING,18.9,6.9,28.0,5.7
15846,0.9983,0,WARNING,19.7,7.2,28.5,6.1
15847,0.6002,0,WARNING,21.0,8.0,28.9,8.9
15848,1.0,0,ANOMALY,25.4,18.3,41.1,20.6
15849,0.9985,0,WARNING,22.1,9.6,37.3,11.1
15850,1.0,0,ANOMALY,20.9,10.3,35.7,15.4
15851,0.4378,0,NORMAL,18.8,7.0,27.9,7.5
15852,0.9984,0,WARNING,18.2,5.8,24.8,5.2
15853,0.9892,0,WARNING,18.5,7.1,30.7,7.8
15854,0.9984,0,WARNING,18.6,6.6,26.8,5.8
15855,0.3001,0,NORMAL,19.0,7.1,29.1,7.8
15856,0.9983,0,WARNING,18.6,6.2,27.3,6.2
15857,0.1073,0,NORMAL,18.6,6.5,27.7,7.5
15858,0.4249,0,NORMAL,18.5,6.7,27.2,7.2
15859,0.9894,0,WARNING,18.6,6.4,27.9,7.0
15860,0.9983,0,WARNING,18.7,6.4,27.8,5.7
15861,0.1003,0,NORMAL,18.5,6.9,27.7,7.4
15862,0.9983,0,WARNING,18.5,6.5,27.0,5.7
15863,0.9894,0,WARNING,18.4,6.4,27.7,6.8
15864,0.2968,0,NORMAL,18.1,6.8,27.7,7.4
15865,0.9983,0,WARNING,18.2,6.3,27.4,5.5
15866,0.1087,0,NORMAL,18.7,6.6,27.6,7.4
15867,0.1538,0,NORMAL,18.2,6.7,27.3,7.3
15868,0.1317,0,NORMAL,18.1,6.7,27.5,7.4
15869,0.9983,0,WARNING,18.0,6.4,27.5,6.0
15870,0.9983,0,WARNING,18.0,6.8,27.3,5.4
15871,0.9983,0,WARNING,17.9,6.8,27.7,5.5
15872,0.9983,0,WARNING,17.9,6.7,26.4,5.4
15873,0.1643,0,NORMAL,17.9,6.1,28.0,7.6
15874,0.1062,0,NORMAL,17.8,6.3,27.3,7.3
15875,0.9983,0,WARNING,18.0,6.6,27.5,5.6
15876,0.1052,0,NORMAL,18.0,6.4,27.4,7.4
15877,0.9894,0,WARNING,18.0,6.4,27.6,6.3
15878,0.9983,0,WARNING,17.7,6.6,26.9,5.1
15879,0.9983,0,WARNING,17.5,6.4,27.7,5.5
15880,0.9894,0,WARNING,17.6,6.6,27.0,6.6
15881,0.1199,0,NORMAL,17.6,6.3,27.2,7.3
15882,0.9894,0,WARNING,17.8,6.3,27.7,6.9
15883,0.9983,0,WARNING,17.5,6.1,26.0,5.0
15884,0.9983,0,WARNING,17.4,6.1,27.8,6.2
15885,0.9983,0,WARNING,17.5,6.3,26.3,5.5
15886,0.9895,0,WARNING,17.8,6.4,28.4,7.1
15887,0.9983,0,WARNING,17.5,6.4,27.4,5.3
15888,0.9983,0,WARNING,17.4,5.9,27.0,5.4
15889,0.9983,0,WARNING,17.7,6.5,26.9,5.4
15890,0.9894,0,WARNING,17.3,6.3,27.3,6.9
15891,0.417,0,NORMAL,17.3,6.0,26.2,6.9
15892,0.9983,0,WARNING,17.2,6.1,27.4,5.5
15893,0.9894,0,WARNING,17.3,6.0,26.6,6.6
15894,0.6704,0,WARNING,16.6,4.1,22.1,5.4
15895,0.9983,0,WARNING,16.6,5.0,22.9,4.2
15896,0.9897,0,WARNING,16.7,4.5,22.3,5.0
15897,0.9897,0,WARNING,16.4,3.5,21.5,4.3
15898,0.9982,0,WARNING,16.5,4.2,22.6,4.3
15899,0.9898,0,WARNING,15.9,2.3,18.3,3.9
15900,0.9982,0,WARNING,17.1,6.7,24.9,4.3
15901,0.9982,0,WARNING,17.2,7.0,27.9,6.1
15902,0.9983,0,WARNING,17.1,7.2,30.6,6.9
15903,0.9983,0,WARNING,17.5,7.6,31.1,7.0
15904,0.9983,0,WARNING,17.7,7.8,31.2,7.2
15905,0.9892,0,WARNING,17.8,7.7,31.1,8.0
15906,0.9984,0,WARNING,19.1,7.7,31.1,7.2
15907,0.8485,0,WARNING,20.2,9.5,29.7,9.3
15908,1.0,0,ANOMALY,25.2,19.3,45.6,22.3
15909,0.9975,0,WARNING,22.1,8.5,39.4,13.3
15910,1.0,0,ANOMALY,21.5,10.9,39.6,16.9
15911,0.5286,0,NORMAL,19.4,6.4,27.3,7.1
15912,0.9984,0,WARNING,19.4,6.1,28.1,5.7
15913,0.989,0,WARNING,19.2,5.8,26.3,6.4
15914,0.9892,0,WARNING,19.4,6.0,27.1,6.8
15915,0.9893,0,WARNING,19.3,5.9,25.9,6.3
15916,0.2151,0,NORMAL,19.4,5.6,26.9,7.2
15917,0.9983,0,WARNING,19.1,5.5,26.4,5.7
15918,0.9983,0,WARNING,19.3,5.9,26.4,5.5
15919,0.2919,0,NORMAL,19.1,5.9,26.7,7.0
15920,0.9983,0,WARNING,19.3,5.7,26.3,5.7
15921,0.9894,0,WARNING,19.0,5.7,26.2,6.5
15922,0.9894,0,WARNING,18.8,6.2,26.7,6.7
15923,0.1902,0,NORMAL,18.8,5.6,26.5,7.1
15924,0.4119,0,NORMAL,18.7,6.1,26.1,6.8
15925,0.9983,0,WARNING,18.8,6.0,26.6,5.6
15926,0.9895,0,WARNING,18.7,5.4,26.3,6.4
15927,0.9895,0,WARNING,19.2,5.9,26.3,6.4
15928,0.9983,0,WARNING,19.0,5.9,26.6,5.3
15929,0.1892,0,NORMAL,19.3,5.7,26.7,7.1
15930,0.9983,0,WARNING,19.2,5.9,26.1,5.1
15931,0.9983,0,WARNING,18.9,5.6,26.0,5.0
15932,0.9983,0,WARNING,18.8,5.8,26.5,5.2
15933,0.1053,0,NORMAL,18.7,5.7,26.2,7.0
15934,0.9983,0,WARNING,18.6,5.7,26.7,5.6
15935,0.9895,0,WARNING,18.6,5.6,26.5,6.5
15936,0.9983,0,WARNING,18.5,6.0,26.3,5.7
15937,0.9983,0,WARNING,18.7,5.8,26.4,5.7
15938,0.1712,0,NORMAL,18.6,5.5,26.0,7.0
15939,0.9983,0,WARNING,18.5,5.8,26.4,5.1
15940,0.9895,0,WARNING,18.8,6.1,26.4,6.6
15941,0.1047,0,NORMAL,18.5,5.6,26.3,7.0
15942,0.9895,0,WARNING,18.5,5.3,25.8,6.1
15943,0.9895,0,WARNING,18.6,5.9,26.5,6.5
15944,0.9983,0,WARNING,18.5,5.3,26.0,5.6
15945,0.9983,0,WARNING,18.4,5.6,25.9,5.5
15946,0.9983,0,WARNING,18.4,5.7,26.5,5.2
15947,0.9983,0,WARNING,18.3,5.6,25.9,5.5
15948,0.9983,0,WARNING,18.2,5.4,25.8,5.0
15949,0.1082,0,NORMAL,18.1,5.7,26.4,7.0
15950,0.3728,0,NORMAL,18.0,6.0,26.2,6.9
15951,0.9895,0,WARNING,18.2,5.8,25.9,6.1
15952,0.9895,0,WARNING,18.1,5.6,25.8,6.3
15953,0.9895,0,WARNING,17.8,5.4,26.2,6.5
15954,0.9983,0,WARNING,17.7,5.7,26.7,5.8
15955,0.9983,0,WARNING,17.9,5.7,26.2,5.5
15956,0.9983,0,WARNING,17.6,5.9,26.7,5.2
15957,0.9983,0,WARNING,18.1,6.0,26.3,5.1
15958,0.9895,0,WARNING,17.9,5.6,27.2,6.7
15959,0.9895,0,WARNING,17.8,5.8,26.6,6.6
15960,0.9895,0,WARNING,18.2,6.0,26.6,6.6
15961,0.1055,0,NORMAL,17.8,5.9,26.8,7.2
15962,0.9983,0,WARNING,17.9,5.9,25.9,5.0
15963,0.1061,0,NORMAL,17.9,5.7,26.7,7.1
15964,0.9983,0,WARNING,17.9,5.9,26.3,6.1
15965,0.1989,0,NORMAL,18.0,6.1,26.5,7.0
15966,0.9895,0,WARNING,18.7,5.9,27.0,6.6
15967,0.9895,0,WARNING,20.0,7.0,27.4,8.0
15968,1.0,0,ANOMALY,22.9,10.8,36.3,18.4
15969,0.9994,0,WARNING,23.2,14.1,36.7,12.5
15970,1.0,0,ANOMALY,23.1,9.9,37.1,20.8
15971,0.4461,0,NORMAL,19.7,6.2,28.3,7.8
15972,0.9889,0,WARNING,18.1,6.0,26.5,6.5
15973,0.9892,0,WARNING,18.0,5.9,27.7,6.9
15974,0.4274,0,NORMAL,18.0,5.6,26.4,6.8
15975,0.9894,0,WARNING,17.8,6.2,27.1,6.7
15976,0.9894,0,WARNING,17.5,5.5,25.0,6.0
15977,0.9983,0,WARNING,17.6,6.2,28.3,6.3
15978,0.1556,0,NORMAL,17.3,5.8,27.0,7.2
15979,0.9983,0,WARNING,17.3,5.8,27.1,5.4
15980,0.9895,0,WARNING,17.4,5.7,26.7,6.7
15981,0.9983,0,WARNING,17.6,5.5,27.0,5.3
15982,0.9983,0,WARNING,17.4,6.0,26.5,5.5
15983,0.292,0,NORMAL,17.3,6.1,27.3,7.2
15984,0.2048,0,NORMAL,17.3,5.5,26.9,7.3
15985,0.9983,0,WARNING,17.3,5.7,27.3,6.0
15986,0.2048,0,NORMAL,17.1,5.6,27.0,7.2
15987,0.1567,0,NORMAL,17.0,6.0,27.4,7.4
15988,0.9983,0,WARNING,16.1,2.8,19.0,3.3
15989,0.9983,0,WARNING,15.7,1.4,17.7,2.3
15990,0.9899,0,WARNING,15.7,1.6,17.7,3.7
15991,0.9982,0,WARNING,15.6,1.5,17.8,2.4
15992,0.9901,0,WARNING,15.5,1.4,17.7,3.8
15993,0.9901,0,WARNING,15.5,1.5,17.5,3.8
15994,0.7959,0,WARNING,15.5,1.4,17.7,4.3
15995,0.9982,0,WARNING,15.5,1.4,17.6,2.4
15996,0.9901,0,WARNING,15.5,2.1,19.7,4.4
15997,0.9901,0,WARNING,15.4,1.5,17.7,3.7
15998,0.9982,0,WARNING,16.1,3.4,19.8,2.5
15999,0.9982,0,WARNING,16.4,4.6,21.0,2.7
16000,0.9982,0,WARNING,15.9,3.0,18.8,2.6
16001,0.9901,0,WARNING,16.2,4.0,22.8,5.3
16002,0.9982,0,WARNING,18.7,11.1,34.0,7.1
16003,0.5773,0,NORMAL,18.8,11.4,33.6,9.0
16004,0.5595,0,NORMAL,19.1,11.0,33.8,9.0
16005,0.9892,0,WARNING,19.0,11.7,34.0,8.3
16006,0.9984,0,WARNING,18.1,7.7,30.7,6.9
16007,0.9984,0,WARNING,17.9,7.6,30.6,7.0
16008,0.1703,0,NORMAL,17.8,7.6,31.1,8.6
16009,0.1947,0,NORMAL,17.8,7.7,31.2,8.5
16010,0.9891,0,WARNING,18.0,8.0,30.7,7.9
16011,0.9891,0,WARNING,17.8,7.3,31.4,8.2
16012,0.9984,0,WARNING,18.0,7.6,30.8,7.1
16013,0.9891,0,WARNING,18.1,7.4,30.8,7.9
16014,0.3045,0,NORMAL,18.0,7.5,31.4,8.6
16015,0.9984,0,WARNING,18.6,7.9,31.8,7.0
16016,0.9984,0,WARNING,18.7,7.7,31.3,6.7
16017,0.218,0,NORMAL,18.4,7.7,30.9,8.5
16018,0.9984,0,WARNING,18.5,7.9,32.8,7.9
16019,0.989,0,WARNING,18.5,8.0,31.1,8.0
16020,0.3875,0,NORMAL,18.6,7.9,32.5,9.1
16021,0.989,0,WARNING,18.6,7.4,31.1,7.9
16022,0.3867,0,NORMAL,18.5,7.8,31.9,8.7
16023,0.989,0,WARNING,18.4,7.2,32.3,8.6
16024,0.318,0,NORMAL,18.4,7.3,32.7,9.7
16025,0.9984,0,WARNING,18.7,7.1,30.8,7.1
16026,0.9984,0,WARNING,19.2,5.9,26.9,5.8
16027,0.9983,0,WARNING,20.6,7.3,27.9,6.9
16028,1.0,0,ANOMALY,24.3,15.1,39.9,19.2
16029,0.9984,0,WARNING,21.8,10.2,35.5,10.2
16030,1.0,0,ANOMALY,21.4,8.2,33.7,16.5
16031,0.4398,0,NORMAL,20.1,6.1,26.5,7.1
16032,0.9984,0,WARNING,18.8,5.1,23.4,4.7
16033,0.9893,0,WARNING,18.0,3.3,20.1,3.8
16034,0.9896,0,WARNING,17.2,1.4,17.5,3.7
16035,0.9982,0,WARNING,17.1,2.7,21.2,4.0
16036,0.9982,0,WARNING,17.6,5.9,31.3,7.4
16037,0.9983,0,WARNING,17.6,5.6,30.4,6.5
16038,0.9983,0,WARNING,17.2,4.5,27.3,5.5
16039,0.9983,0,WARNING,17.3,5.3,27.9,6.3
16040,0.9983,0,WARNING,17.3,5.7,31.2,7.6
16041,0.9893,0,WARNING,17.2,4.9,27.2,6.9
16042,0.9983,0,WARNING,17.2,4.2,25.2,4.8
16043,0.9983,0,WARNING,17.1,4.6,25.8,5.2
16044,0.9983,0,WARNING,16.8,4.6,25.2,5.4
16045,0.3498,0,NORMAL,16.7,4.1,25.7,6.9
16046,0.9983,0,WARNING,16.6,4.0,25.4,4.9
16047,0.2525,0,NORMAL,16.7,4.7,25.8,7.0
16048,0.9983,0,WARNING,18.2,7.6,27.5,5.0
16049,0.9983,0,WARNING,17.4,4.5,23.0,4.4
16050,0.9983,0,WARNING,19.2,10.9,31.0,6.3
16051,0.9983,0,WARNING,19.6,11.3,33.5,7.1
16052,0.9984,0,WARNING,20.1,11.7,33.9,7.3
16053,0.483,0,NORMAL,19.2,9.9,30.3,7.7
16054,0.4523,0,NORMAL,19.0,9.2,29.3,8.1
16055,0.9984,0,WARNING,18.1,7.0,26.7,5.5
16056,0.9983,0,WARNING,20.2,11.6,32.5,7.1
16057,0.2446,0,NORMAL,19.0,8.1,28.7,7.6
16058,0.4326,0,NORMAL,18.8,7.2,27.5,7.2
16059,0.9893,0,WARNING,18.8,7.5,28.8,7.3
16060,0.9983,0,WARNING,18.8,7.6,27.2,6.4
16061,0.9893,0,WARNING,18.6,7.8,28.7,7.0
16062,0.9983,0,WARNING,18.6,7.4,27.6,5.9
16063,0.9893,0,WARNING,18.7,7.7,28.1,7.1
16064,0.1734,0,NORMAL,18.7,7.6,28.3,7.6
16065,0.9983,0,WARNING,18.8,7.6,28.3,6.2
16066,0.1063,0,NORMAL,18.6,7.3,27.9,7.5
16067,0.9983,0,WARNING,18.9,8.2,28.9,5.9
16068,0.9741,0,WARNING,18.6,7.1,27.6,6.7
16069,0.9983,0,WARNING,19.1,8.2,28.4,6.1
16070,0.9983,0,WARNING,19.3,8.4,29.1,5.9
16071,0.9983,0,WARNING,19.3,7.5,27.9,6.1
16072,0.1465,0,NORMAL,19.2,7.4,28.3,7.6
16073,0.2472,0,NORMAL,19.2,8.1,28.9,7.8
16074,0.9983,0,WARNING,18.9,7.5,28.1,6.2
16075,0.168,0,NORMAL,18.9,7.6,28.7,7.7
16076,0.1719,0,NORMAL,19.0,7.7,28.0,7.4
16077,0.9983,0,WARNING,19.0,7.7,27.3,5.6
16078,0.9983,0,WARNING,19.1,8.3,28.9,5.8
16079,0.9983,0,WARNING,18.9,7.8,28.7,6.4
16080,0.9983,0,WARNING,18.8,7.4,28.2,5.5
16081,0.9983,0,WARNING,18.8,7.5,27.9,5.7
16082,0.2171,0,NORMAL,18.7,8.0,29.0,7.8
16083,0.2302,0,NORMAL,18.7,7.8,27.9,8.0
16084,0.9983,0,WARNING,18.0,6.2,26.0,4.9
16085,0.9983,0,WARNING,18.9,8.6,31.1,7.4
16086,0.9983,0,WARNING,19.0,7.9,28.9,6.2
16087,0.7844,0,WARNING,21.9,9.3,30.4,9.5
16088,1.0,0,ANOMALY,26.9,20.5,47.4,24.0
16089,1.0,0,ANOMALY,23.7,9.2,35.7,13.8
16090,1.0,0,WARNING,21.4,10.4,34.7,13.7
16091,0.9985,0,WARNING,19.5,7.9,28.7,6.4
16092,0.9984,0,WARNING,19.0,7.9,28.7,6.3
16093,0.4437,0,NORMAL,19.3,7.7,29.2,7.6
16094,0.3094,0,NORMAL,18.8,7.9,28.9,7.7
16095,0.435,0,NORMAL,18.6,7.5,27.9,7.4
16096,0.9984,0,WARNING,18.8,7.3,29.0,6.0
16097,0.9983,0,WARNING,18.7,7.6,28.5,6.2
16098,0.2242,0,NORMAL,18.7,7.9,28.9,7.8
16099,0.9983,0,WARNING,18.4,7.4,28.1,5.5
16100,0.9983,0,WARNING,18.7,7.3,28.9,6.3
16101,0.4276,0,NORMAL,18.4,6.8,26.6,6.8
16102,0.3009,0,NORMAL,18.9,8.3,30.4,8.1
16103,0.1871,0,NORMAL,18.6,7.9,30.0,8.1
16104,0.1455,0,NORMAL,18.8,7.7,28.8,7.8
16105,0.43,0,NORMAL,18.7,7.4,28.5,7.5
16106,0.9984,0,WARNING,18.3,7.1,28.6,6.3
16107,0.9983,0,WARNING,18.3,7.3,27.4,5.8
16108,0.9983,0,WARNING,18.6,8.7,29.1,6.4
16109,0.3042,0,NORMAL,18.4,7.0,28.3,7.5
16110,0.3029,0,NORMAL,18.3,7.5,28.7,7.6
16111,0.1158,0,NORMAL,18.2,7.4,28.0,7.5
16112,0.9983,0,WARNING,18.1,7.6,28.9,6.4
16113,0.9983,0,WARNING,17.9,7.7,29.2,6.0
16114,0.9983,0,WARNING,18.0,7.3,29.1,6.5
16115,0.1314,0,NORMAL,18.5,7.3,28.9,7.8
16116,0.9983,0,WARNING,18.5,7.7,28.7,6.3
16117,0.9983,0,WARNING,18.7,7.7,28.9,6.3
16118,0.9983,0,WARNING,18.8,7.2,28.1,5.5
16119,0.1474,0,NORMAL,19.8,8.0,29.7,8.0
16120,0.9983,0,WARNING,19.4,7.9,28.3,6.2
16121,0.9983,0,WARNING,19.5,7.2,29.2,5.9
16122,0.9983,0,WARNING,19.6,7.5,28.8,6.4
16123,0.2751,0,NORMAL,19.7,7.8,28.7,7.7
16124,0.2127,0,NORMAL,19.7,7.2,28.9,7.7
16125,0.3035,0,NORMAL,20.3,7.6,28.8,7.6
16126,0.9983,0,WARNING,20.0,7.6,28.9,6.2
16127,0.9983,0,WARNING,20.5,7.5,29.0,6.5
16128,0.4289,0,NORMAL,20.4,7.3,28.3,7.5
16129,0.9983,0,WARNING,20.3,7.5,29.2,6.4
16130,0.9983,0,WARNING,20.0,8.2,29.3,6.5
16131,0.1228,0,NORMAL,20.0,7.4,29.1,7.8
16132,0.4297,0,NORMAL,20.0,7.8,29.0,8.2
16133,0.9892,0,WARNING,20.0,8.3,29.0,7.2
16134,0.9984,0,WARNING,20.2,8.0,29.4,6.8
16135,0.1665,0,NORMAL,20.4,7.1,29.3,8.0
16136,0.1279,0,NORMAL,19.9,7.5,29.0,7.8
16137,0.9984,0,WARNING,20.4,7.8,28.8,6.3
16138,0.9983,0,WARNING,20.2,8.1,29.3,7.1
16139,0.9983,0,WARNING,20.1,7.2,28.8,6.2
16140,0.9983,0,WARNING,19.9,8.1,29.7,6.6
16141,0.9892,0,WARNING,19.9,7.4,29.1,7.2
16142,0.385,0,NORMAL,19.6,7.9,29.5,7.8
16143,0.9984,0,WARNING,19.6,7.7,29.3,6.6
16144,0.1561,0,NORMAL,20.0,7.7,29.8,8.1
16145,0.4326,0,NORMAL,19.8,7.7,28.7,7.6
16146,0.5448,0,NORMAL,20.7,8.0,29.8,8.1
16147,0.9993,0,WARNING,23.3,10.2,31.9,11.4
16148,1.0,0,ANOMALY,26.9,22.6,48.0,22.5
16149,1.0,0,ANOMALY,24.2,8.9,34.3,14.5
16150,0.9347,0,WARNING,22.0,11.0,38.1,12.2
16151,0.481,0,NORMAL,19.5,7.0,26.3,7.0
16152,0.9984,0,WARNING,20.0,8.2,31.1,7.0
16153,0.9984,0,WARNING,19.9,8.2,30.7,7.0
16154,0.204,0,NORMAL,19.8,8.0,30.3,8.3
16155,0.4411,0,NORMAL,19.8,8.0,29.6,7.8
16156,0.2332,0,NORMAL,20.0,8.0,30.5,8.2
16157,0.9984,0,WARNING,19.7,8.3,30.1,6.6
16158,0.9984,0,WARNING,19.8,8.4,30.1,6.6
16159,0.9984,0,WARNING,19.5,7.9,30.0,7.8
16160,0.9983,0,WARNING,19.4,8.3,29.7,6.6
16161,0.2119,0,NORMAL,19.4,8.6,30.6,9.3
16162,0.9984,0,WARNING,19.0,8.1,30.0,6.8
16163,0.9984,0,WARNING,19.1,8.0,29.4,6.6
16164,0.9983,0,WARNING,19.1,8.1,30.0,6.7
16165,0.9983,0,WARNING,19.3,7.9,29.5,6.4
16166,0.9983,0,WARNING,19.2,7.6,29.2,6.4
16167,0.9983,0,WARNING,19.3,8.5,30.2,7.4
16168,0.4348,0,NORMAL,19.2,8.6,29.6,7.8
16169,0.9984,0,WARNING,19.2,8.4,30.4,6.8
16170,0.1322,0,NORMAL,19.2,7.8,29.3,8.0
16171,0.9984,0,WARNING,19.3,8.1,29.9,6.6
16172,0.9984,0,WARNING,19.3,8.4,30.0,6.7
16173,0.9891,0,WARNING,19.9,8.6,29.9,6.8
16174,0.309,0,NORMAL,19.8,7.5,29.8,8.0
16175,0.9984,0,WARNING,19.3,7.9,29.8,6.8
16176,0.9983,0,WARNING,19.6,8.1,30.0,7.2
16177,0.9983,0,WARNING,19.2,7.8,29.8,6.8
16178,0.2176,0,NORMAL,19.7,8.4,30.5,8.7
16179,0.9984,0,WARNING,19.2,6.9,27.2,5.9
16180,0.5586,0,NORMAL,19.2,9.0,32.0,9.2
16181,0.4035,0,NORMAL,19.2,9.1,31.3,8.9
16182,0.9984,0,WARNING,19.3,7.4,29.9,6.5
16183,0.9984,0,WARNING,19.5,8.7,31.0,8.1
16184,0.439,0,NORMAL,19.1,8.3,30.5,8.2
16185,0.9984,0,WARNING,19.2,7.8,30.3,6.3
16186,0.1825,0,NORMAL,18.9,7.9,29.5,8.0
16187,0.1993,0,NORMAL,18.6,8.3,31.0,8.4
16188,0.9984,0,WARNING,18.6,8.2,30.0,6.7
16189,0.437,0,NORMAL,19.1,8.2,30.6,8.1
16190,0.9984,0,WARNING,18.9,8.3,29.7,6.5
16191,0.9984,0,WARNING,19.4,8.8,30.4,6.9
16192,0.9984,0,WARNING,19.0,8.4,30.5,6.9
16193,0.4379,0,NORMAL,18.7,8.3,29.9,8.0
16194,0.9984,0,WARNING,18.6,8.4,30.2,7.3
16195,0.1857,0,NORMAL,18.6,8.0,29.9,8.2
16196,0.9984,0,WARNING,18.7,7.7,30.1,6.6
16197,0.388,0,NORMAL,18.7,8.8,30.7,8.2
16198,0.4377,0,NORMAL,18.5,8.7,30.2,8.0
16199,0.2847,0,NORMAL,18.5,7.9,29.9,8.1
16200,0.9984,0,WARNING,18.6,8.6,31.6,7.2
16201,0.9984,0,WARNING,18.5,8.3,30.1,6.7
16202,0.2578,0,NORMAL,18.5,9.0,31.5,8.6
16203,0.9891,0,WARNING,18.4,8.5,30.8,7.9
16204,0.2278,0,NORMAL,18.2,7.8,30.4,8.2
16205,0.4396,0,NORMAL,18.6,7.4,28.1,7.3
16206,0.3066,0,NORMAL,19.3,8.5,32.5,8.7
16207,0.8573,0,WARNING,21.6,10.9,33.4,11.3
16208,1.0,0,ANOMALY,24.4,19.7,43.6,23.0
16209,0.9975,0,WARNING,22.1,11.1,39.8,13.1
16210,1.0,0,ANOMALY,21.2,12.6,42.3,23.3
16211,0.9985,0,WARNING,19.3,7.9,30.8,6.6
16212,0.9886,0,WARNING,18.6,4.6,19.3,4.0
16213,0.9978,0,WARNING,20.1,14.0,30.8,9.2
16214,0.5233,0,NORMAL,19.0,9.0,30.4,8.3
16215,0.9984,0,WARNING,19.3,8.8,31.7,7.3
16216,0.9984,0,WARNING,18.9,9.0,30.7,7.5
16217,0.9984,0,WARNING,18.7,8.4,31.7,7.4
16218,0.9984,0,WARNING,18.5,8.0,30.0,6.8
16219,0.9984,0,WARNING,18.4,8.2,31.0,7.0
16220,0.9984,0,WARNING,19.4,8.9,31.1,7.1
16221,0.9984,0,WARNING,18.4,7.3,27.3,5.9
16222,0.9983,0,WARNING,17.6,4.5,19.3,2.7
16223,0.9992,0,WARNING,21.0,13.2,29.9,10.1
16224,0.9984,0,WARNING,20.3,9.9,31.8,7.3
16225,0.9984,0,WARNING,19.9,8.7,31.2,7.2
16226,0.4417,0,NORMAL,19.9,9.1,30.6,8.3
16227,0.2556,0,NORMAL,20.7,8.4,31.0,8.5
16228,0.2195,0,NORMAL,20.1,8.2,31.3,8.6
16229,0.989,0,WARNING,19.9,8.0,31.1,7.9
16230,0.4441,0,NORMAL,20.2,8.9,31.0,8.2
16231,0.9984,0,WARNING,20.2,8.5,31.1,7.2
16232,0.4444,0,NORMAL,19.9,8.9,30.8,8.9
16233,0.9984,0,WARNING,18.4,4.4,19.3,2.8
16234,0.6707,0,WARNING,20.3,7.2,22.9,7.1
16235,0.9995,0,WARNING,21.4,15.1,31.4,9.9
16236,0.9755,0,WARNING,21.1,8.7,31.1,9.9
16237,0.9997,0,WARNING,20.4,8.1,31.5,9.2
16238,0.9984,0,WARNING,20.5,8.8,31.5,7.1
16239,0.2539,0,NORMAL,20.8,8.4,31.2,9.1
16240,0.2572,0,NORMAL,20.7,9.0,31.3,8.6
16241,0.4449,0,NORMAL,21.1,8.2,30.8,8.8
16242,0.9984,0,WARNING,21.1,8.3,31.2,7.7
16243,0.2963,0,NORMAL,20.8,8.2,31.5,8.7
16244,0.3455,0,NORMAL,21.4,10.0,31.8,9.7
16245,0.9984,0,WARNING,21.0,9.4,32.1,8.3
16246,0.448,0,NORMAL,20.6,8.6,30.9,8.2
16247,0.9984,0,WARNING,20.7,8.4,31.3,7.2
16248,0.9984,0,WARNING,20.6,8.8,30.9,8.0
16249,0.9984,0,WARNING,20.5,8.7,31.2,7.7
16250,0.2579,0,NORMAL,20.5,8.7,31.7,9.7
16251,0.4449,0,NORMAL,20.5,8.7,31.5,8.5
16252,0.7977,0,WARNING,20.6,10.5,31.0,8.5
16253,0.3131,0,NORMAL,20.7,8.7,31.4,9.4
16254,0.9759,0,WARNING,20.6,8.4,32.1,10.1
16255,0.9984,0,WARNING,20.7,8.8,30.9,7.1
16256,0.307,0,NORMAL,20.8,9.7,31.6,9.7
16257,0.5404,0,NORMAL,20.5,10.5,32.3,9.9
16258,0.4485,0,NORMAL,20.5,9.0,31.4,8.9
16259,0.2536,0,NORMAL,20.5,9.0,31.2,9.5
16260,0.2947,0,NORMAL,20.4,9.1,31.8,8.7
16261,0.9984,0,WARNING,20.2,8.2,31.6,7.2
16262,0.3925,0,NORMAL,19.8,8.5,31.2,8.4
16263,0.9984,0,WARNING,20.2,9.5,32.0,7.4
16264,0.2582,0,NORMAL,20.1,8.9,31.6,8.6
16265,0.9984,0,WARNING,19.9,9.2,31.5,8.6
16266,0.2788,0,NORMAL,20.5,8.8,31.6,9.7
16267,0.9746,0,WARNING,22.0,11.8,32.6,9.9
16268,1.0,0,ANOMALY,26.3,17.4,47.1,23.3
16269,1.0,0,ANOMALY,24.7,17.8,40.5,12.4
16270,1.0,0,ANOMALY,22.3,12.1,41.0,20.0
16271,0.9985,0,WARNING,20.8,8.3,28.8,6.3
16272,0.4704,0,NORMAL,21.2,10.1,32.7,8.8
16273,0.3624,0,NORMAL,20.5,9.0,34.4,10.5
16274,0.322,0,NORMAL,20.5,8.8,32.4,9.4
16275,0.9984,0,WARNING,20.1,9.0,31.5,7.5
16276,0.9984,0,WARNING,20.1,9.7,32.1,7.9
16277,0.4512,0,NORMAL,19.6,9.1,31.8,8.9
16278,0.9984,0,WARNING,20.0,8.4,32.1,7.3
16279,0.254,0,NORMAL,20.0,9.1,32.0,8.8
16280,0.3015,0,NORMAL,20.2,9.4,32.2,9.3
16281,0.9984,0,WARNING,19.7,8.2,31.4,7.1
16282,0.9984,0,WARNING,20.1,9.2,32.5,8.0
16283,0.449,0,NORMAL,19.8,9.2,32.0,8.7
16284,0.9984,0,WARNING,19.6,9.4,32.3,8.5
16285,0.3951,0,NORMAL,20.2,8.9,32.0,8.6
16286,0.9984,0,WARNING,20.2,9.9,32.2,8.3
16287,0.9984,0,WARNING,20.0,9.3,32.2,7.4
16288,0.9984,0,WARNING,19.9,8.0,30.3,6.8
16289,0.4452,0,NORMAL,20.1,8.5,30.0,8.0
16290,0.9984,0,WARNING,19.6,9.0,31.8,7.3
16291,0.9984,0,WARNING,19.6,9.6,32.4,8.5
16292,0.9984,0,WARNING,19.7,8.9,31.9,7.9
16293,0.3942,0,NORMAL,19.4,9.1,32.8,9.4
16294,0.9984,0,WARNING,19.6,9.7,31.9,7.6
16295,0.449,0,NORMAL,19.6,9.4,31.9,9.0
16296,0.3051,0,NORMAL,19.2,9.3,32.1,9.4
16297,0.9984,0,WARNING,19.8,9.2,32.6,7.6
16298,0.3568,0,NORMAL,20.2,9.1,34.2,9.4
16299,0.9984,0,WARNING,19.7,9.1,32.1,7.4
16300,0.9984,0,WARNING,19.6,8.8,29.0,6.9
16301,0.9984,0,WARNING,19.3,8.5,28.8,6.6
16302,0.4374,0,NORMAL,19.7,9.0,30.5,8.0
16303,0.9984,0,WARNING,19.4,9.1,30.7,6.9
16304,0.9984,0,WARNING,19.2,9.7,32.8,8.6
16305,0.4443,0,NORMAL,19.4,9.4,32.0,8.6
16306,0.4457,0,NORMAL,19.1,8.5,30.1,8.0
16307,0.9984,0,WARNING,19.1,9.0,30.5,6.8
16308,0.9984,0,WARNING,19.6,9.8,32.4,9.0
16309,0.9984,0,WARNING,19.6,9.0,31.5,7.1
16310,0.4457,0,NORMAL,19.1,8.6,30.9,8.3
16311,0.9984,0,WARNING,19.3,9.2,32.1,7.4
16312,0.9984,0,WARNING,19.3,8.9,32.5,8.1
16313,0.3518,0,NORMAL,19.5,9.7,32.7,9.0
16314,0.45,0,NORMAL,19.1,9.6,31.9,8.6
16315,0.9984,0,WARNING,19.4,8.7,29.7,6.5
16316,0.9984,0,WARNING,19.2,9.1,31.6,7.1
16317,0.9984,0,WARNING,19.3,9.5,32.0,8.2
16318,0.9984,0,WARNING,19.1,9.6,32.0,7.8
16319,0.4476,0,NORMAL,18.8,9.2,29.5,7.8
16320,0.4415,0,NORMAL,18.9,9.0,32.0,8.6
16321,0.9984,0,WARNING,19.0,8.9,29.0,7.3
16322,0.9891,0,WARNING,19.2,9.2,31.4,8.0
16323,0.9984,0,WARNING,18.9,9.3,31.1,7.0
16324,0.9984,0,WARNING,19.0,9.0,31.5,7.6
16325,0.9984,0,WARNING,19.4,9.9,32.2,7.3
16326,0.9984,0,WARNING,20.4,9.4,32.2,7.2
16327,0.9984,0,WARNING,22.2,11.7,32.5,8.6
16328,1.0,0,ANOMALY,24.1,9.6,32.8,12.9
16329,1.0,0,ANOMALY,26.7,24.5,48.2,22.1
16330,1.0,0,ANOMALY,24.5,11.2,36.2,15.3
16331,0.9985,0,WARNING,23.0,12.1,37.0,10.5
16332,0.4727,0,NORMAL,20.8,9.0,32.2,8.8
16333,0.9752,0,WARNING,20.6,9.6,31.8,7.9
16334,0.9887,0,WARNING,20.6,11.9,32.3,8.0
16335,0.305,0,NORMAL,20.7,9.3,32.0,9.2
16336,0.9984,0,WARNING,21.2,9.4,32.7,8.0
16337,0.9984,0,WARNING,20.7,9.3,32.2,7.9
16338,0.9984,0,WARNING,20.6,9.3,31.9,7.2
16339,0.9984,0,WARNING,21.0,9.6,31.5,7.6
16340,0.9984,0,WARNING,20.7,9.6,32.3,7.5
16341,0.3459,0,NORMAL,20.9,9.6,32.5,9.3
16342,0.3967,0,NORMAL,20.5,10.0,32.3,9.2
16343,0.9984,0,WARNING,20.7,10.0,32.5,8.9
16344,0.2828,0,NORMAL,20.6,9.1,31.7,8.7
16345,0.9889,0,WARNING,19.9,7.6,27.0,6.5
16346,0.3294,0,NORMAL,20.7,9.3,31.4,8.5
16347,0.3024,0,NORMAL,20.4,9.7,32.1,8.8
16348,0.9984,0,WARNING,20.2,8.9,29.2,6.5
16349,0.3166,0,NORMAL,20.5,9.4,31.7,8.6
16350,0.394,0,NORMAL,20.8,10.4,32.0,8.6
16351,0.4454,0,NORMAL,21.0,9.3,29.7,8.9
16352,0.9984,0,WARNING,20.9,9.6,32.5,7.6
16353,0.9984,0,WARNING,20.4,9.8,31.3,7.1
16354,0.9984,0,WARNING,20.4,9.1,28.9,7.4
16355,0.9984,0,WARNING,20.3,9.5,31.9,6.9
16356,0.9984,0,WARNING,20.3,9.3,29.7,6.6
16357,0.9984,0,WARNING,20.0,8.1,29.0,6.2
16358,0.436,0,NORMAL,19.8,8.7,29.5,8.2
16359,0.2275,0,NORMAL,20.1,8.7,31.2,8.5
16360,0.4386,0,NORMAL,20.0,9.6,29.7,8.4
16361,0.9984,0,WARNING,20.4,9.1,31.0,7.0
16362,0.9984,0,WARNING,20.2,9.4,32.0,7.4
16363,0.9984,0,WARNING,20.2,13.1,28.8,6.8
16364,0.9984,0,WARNING,19.5,8.4,29.4,6.6
16365,0.9984,0,WARNING,19.7,9.4,31.6,6.6
16366,0.9984,0,WARNING,19.5,9.1,29.7,6.4
16367,0.9984,0,WARNING,19.0,8.1,29.0,6.4
16368,0.6819,0,WARNING,19.3,8.1,27.7,7.2
16369,0.9983,0,WARNING,19.9,8.6,30.5,6.8
16370,0.4339,0,NORMAL,20.0,9.3,30.3,8.6
16371,0.9984,0,WARNING,19.7,9.1,29.8,6.6
16372,0.9984,0,WARNING,19.6,8.0,27.6,5.9
16373,0.9983,0,WARNING,19.8,9.0,31.6,7.2
16374,0.9983,0,WARNING,19.6,8.5,28.1,5.9
16375,0.9983,0,WARNING,19.4,8.5,29.7,6.6
16376,0.9983,0,WARNING,19.2,7.9,26.7,5.5
16377,0.9983,0,WARNING,20.0,8.2,28.7,6.4
16378,0.4283,0,NORMAL,19.6,8.8,31.0,8.9
16379,0.4344,0,NORMAL,19.7,8.6,30.0,8.0
16380,0.9984,0,WARNING,19.5,8.9,29.1,6.9
16381,0.9983,0,WARNING,19.5,9.2,31.9,7.3
16382,0.4396,0,NORMAL,19.6,9.0,29.8,7.8
16383,0.9891,0,WARNING,19.7,8.4,28.4,7.1
16384,0.9984,0,WARNING,19.7,9.2,30.8,7.5
16385,0.9984,0,WARNING,19.4,9.3,30.9,7.0
16386,0.9984,0,WARNING,20.5,8.8,29.6,6.9
16387,0.9744,0,WARNING,21.8,11.1,32.4,9.5
16388,1.0,0,ANOMALY,25.1,18.0,39.0,21.8
16389,1.0,0,ANOMALY,24.7,16.7,38.8,12.5
16390,1.0,0,ANOMALY,24.7,14.3,36.6,15.3
16391,0.9985,0,WARNING,21.8,9.9,35.0,11.3
16392,0.9985,0,WARNING,20.1,9.1,29.7,6.0
16393,0.9748,0,WARNING,20.1,9.2,30.6,7.6
16394,0.2477,0,NORMAL,19.6,8.6,31.4,8.6
16395,0.7942,0,WARNING,19.7,10.3,28.4,8.6
16396,0.989,0,WARNING,19.2,9.0,31.1,8.1
16397,0.9984,0,WARNING,19.5,8.6,30.3,6.1
16398,0.9984,0,WARNING,19.9,10.5,30.3,6.6
16399,0.9984,0,WARNING,19.9,9.2,30.9,6.9
16400,0.9984,0,WARNING,19.5,8.5,29.1,5.9
16401,0.9891,0,WARNING,19.5,8.9,30.2,7.6
16402,0.4371,0,NORMAL,19.3,8.9,30.2,8.1
16403,0.9891,0,WARNING,19.9,8.2,28.9,7.3
16404,0.9984,0,WARNING,19.5,9.0,30.5,6.9
16405,0.9984,0,WARNING,19.8,9.5,29.9,6.5
16406,0.4898,0,NORMAL,19.2,9.0,29.6,7.8
16407,0.4356,0,NORMAL,18.9,7.7,28.5,7.5
16408,0.4319,0,NORMAL,18.6,6.4,27.0,7.3
16409,0.9983,0,WARNING,19.5,8.8,29.0,6.2
16410,0.9983,0,WARNING,19.0,8.8,30.5,6.3
16411,0.4316,0,NORMAL,19.4,8.3,28.1,7.5
16412,0.9983,0,WARNING,19.0,7.4,27.9,6.0
16413,0.9742,0,WARNING,18.9,7.7,27.8,6.6
16414,0.9983,0,WARNING,18.7,7.9,28.3,5.5
16415,0.9983,0,WARNING,18.5,8.8,28.9,6.2
16416,0.4281,0,NORMAL,18.5,8.5,30.4,8.7
16417,0.9984,0,WARNING,18.6,8.6,27.3,6.4
16418,0.9892,0,WARNING,18.6,8.6,30.6,7.8
16419,0.4326,0,NORMAL,18.3,7.6,28.0,7.4
16420,0.429,0,NORMAL,18.2,7.8,27.9,7.4
16421,0.4265,0,NORMAL,18.5,8.0,27.9,7.3
16422,0.9983,0,WARNING,18.6,8.5,29.9,6.2
16423,0.9983,0,WARNING,18.4,7.9,27.7,5.9
16424,0.4269,0,NORMAL,18.3,7.6,27.7,7.3
16425,0.9983,0,WARNING,18.7,8.5,30.9,7.1
16426,0.1744,0,NORMAL,18.5,8.3,30.7,8.4
16427,0.9984,0,WARNING,18.7,9.5,30.1,6.7
16428,0.2874,0,NORMAL,18.8,8.8,30.4,8.3
16429,0.9984,0,WARNING,19.2,8.5,30.6,6.3
16430,0.3877,0,NORMAL,19.7,8.9,30.6,8.2
16431,0.9984,0,WARNING,19.6,8.4,29.9,6.5
16432,0.9984,0,WARNING,19.4,8.5,31.1,7.1
16433,0.2447,0,NORMAL,19.7,8.8,31.3,8.6
16434,0.9984,0,WARNING,19.3,8.7,30.3,7.4
16435,0.3171,0,NORMAL,19.2,8.8,31.3,9.1
16436,0.9984,0,WARNING,19.6,8.8,30.2,7.4
16437,0.9984,0,WARNING,19.7,8.0,30.8,6.9
16438,0.3896,0,NORMAL,19.7,8.8,30.5,8.7
16439,0.9984,0,WARNING,19.5,9.1,31.6,7.2
16440,0.9984,0,WARNING,19.7,8.9,30.4,6.8
16441,0.9984,0,WARNING,19.8,8.8,32.1,7.5
16442,0.3833,0,NORMAL,19.7,9.1,30.8,8.4
16443,0.9984,0,WARNING,19.5,8.4,31.3,7.1
16444,0.2453,0,NORMAL,19.6,8.7,31.1,8.5
16445,0.9984,0,WARNING,18.9,8.4,30.5,6.3
16446,0.4393,0,NORMAL,19.2,7.2,26.9,6.9
16447,0.9706,0,WARNING,21.2,12.0,30.8,9.5
16448,1.0,0,ANOMALY,25.2,15.6,42.7,22.0
16449,1.0,0,ANOMALY,23.4,18.4,38.8,13.6
16450,1.0,0,ANOMALY,22.9,12.1,40.8,21.4
16451,0.9985,0,WARNING,21.0,8.8,31.9,8.9
16452,0.9985,0,WARNING,19.9,8.6,31.4,6.7
16453,0.9887,0,WARNING,19.5,9.0,31.0,7.8
16454,0.3964,0,NORMAL,19.5,8.5,31.4,8.9
16455,0.3294,0,NORMAL,20.4,8.8,31.9,8.7
16456,0.9984,0,WARNING,19.6,7.7,29.3,6.6
16457,0.9984,0,WARNING,19.4,8.7,31.7,7.2
16458,0.2884,0,NORMAL,19.2,8.1,31.3,8.6
16459,0.989,0,WARNING,19.6,8.3,31.1,7.9
16460,0.9984,0,WARNING,19.4,8.9,31.1,6.6
16461,0.989,0,WARNING,19.4,7.7,28.6,7.1
16462,0.9891,0,WARNING,19.0,6.3,26.7,6.4
16463,0.297,0,NORMAL,19.6,8.8,31.1,8.4
16464,0.2808,0,NORMAL,19.3,8.2,30.8,8.4
16465,0.9984,0,WARNING,19.2,8.4,30.7,7.0
16466,0.9984,0,WARNING,19.0,8.1,30.5,6.4
16467,0.2161,0,NORMAL,19.4,8.2,30.6,8.4
16468,0.9891,0,WARNING,19.2,8.0,30.9,7.9
16469,0.3077,0,NORMAL,19.3,8.7,31.0,8.3
16470,0.9984,0,WARNING,19.0,8.5,32.6,7.0
16471,0.9984,0,WARNING,19.2,8.0,30.1,6.3
16472,0.9984,0,WARNING,18.6,6.0,25.8,4.8
16473,0.2298,0,NORMAL,19.0,8.2,30.4,8.3
16474,0.4294,0,NORMAL,18.3,6.6,26.7,7.1
16475,0.1732,0,NORMAL,18.2,7.3,30.8,8.5
16476,0.9983,0,WARNING,18.3,7.9,30.6,6.4
16477,0.9983,0,WARNING,18.5,7.6,28.3,6.0
16478,0.9983,0,WARNING,18.8,7.0,29.1,6.3
16479,0.9983,0,WARNING,18.6,8.2,32.0,7.5
16480,0.9983,0,WARNING,18.4,7.9,29.9,6.8
16481,0.9983,0,WARNING,18.5,7.8,30.0,6.2
16482,0.2009,0,NORMAL,18.5,8.0,29.9,8.1
16483,0.9983,0,WARNING,18.5,8.1,30.4,6.9
16484,0.9983,0,WARNING,18.7,7.9,30.9,7.1
16485,0.9891,0,WARNING,18.5,8.0,31.6,8.0
16486,0.9984,0,WARNING,18.7,8.2,31.4,6.6
16487,0.9984,0,WARNING,18.5,8.2,31.1,7.2
16488,0.2308,0,NORMAL,18.6,8.0,31.3,8.6
16489,0.9984,0,WARNING,18.3,8.0,31.0,7.2
16490,0.9984,0,WARNING,18.6,8.4,31.5,7.2
16491,0.9891,0,WARNING,18.6,8.0,31.0,7.9
16492,0.2165,0,NORMAL,18.4,7.6,30.7,8.5
16493,0.9744,0,WARNING,18.6,7.6,31.0,7.8
16494,0.9984,0,WARNING,18.3,7.8,33.3,7.8
16495,0.9984,0,WARNING,18.3,7.1,34.0,8.1
16496,0.4901,0,NORMAL,18.4,7.7,37.9,10.9
16497,0.9888,0,WARNING,18.6,7.4,35.8,9.6
16498,0.9984,0,WARNING,18.4,7.3,35.2,8.5
16499,0.9984,0,WARNING,18.2,7.2,33.7,8.1
16500,0.9889,0,WARNING,17.7,6.0,29.0,7.4
16501,0.9984,0,WARNING,17.6,5.9,28.3,5.6
16502,0.9892,0,WARNING,17.5,6.2,28.8,7.2
16503,0.9983,0,WARNING,17.4,5.4,28.3,6.1
16504,0.9893,0,WARNING,17.3,6.0,28.4,7.3
16505,0.9983,0,WARNING,17.0,5.9,27.8,6.1
16506,0.1903,0,NORMAL,17.5,5.9,28.6,7.6
16507,0.9983,0,WARNING,18.7,6.8,28.8,7.7
16508,1.0,0,ANOMALY,23.3,16.8,42.2,19.2
16509,0.9996,0,WARNING,21.0,8.2,35.1,11.2
16510,1.0,0,ANOMALY,20.9,8.6,36.6,19.5
16511,0.9985,0,WARNING,18.8,5.7,28.1,5.5
16512,0.989,0,WARNING,17.2,5.6,27.4,6.9
16513,0.9892,0,WARNING,17.0,5.0,27.2,6.8
16514,0.9893,0,WARNING,16.8,5.2,27.2,6.1
16515,0.9894,0,WARNING,16.8,5.5,26.2,6.3
16516,0.9983,0,WARNING,16.8,5.4,28.1,5.7
16517,0.9894,0,WARNING,16.7,4.9,26.9,6.6
16518,0.9983,0,WARNING,16.6,4.9,26.6,5.0
16519,0.9895,0,WARNING,16.6,5.4,27.0,6.8
16520,0.9983,0,WARNING,16.6,5.1,26.5,5.3
16521,0.9983,0,WARNING,16.5,4.9,26.3,5.7
16522,0.9983,0,WARNING,16.5,5.0,26.5,5.7
16523,0.9895,0,WARNING,16.3,5.2,26.1,6.3
16524,0.4077,0,NORMAL,16.4,4.7,25.9,6.7
16525,0.2866,0,NORMAL,16.3,4.6,26.1,6.8
16526,0.9896,0,WARNING,16.3,5.0,25.8,6.3
16527,0.9896,0,WARNING,16.3,5.0,26.0,6.4
16528,0.9983,0,WARNING,16.2,4.5,25.6,5.0
16529,0.9983,0,WARNING,16.2,4.8,25.5,5.4
16530,0.9896,0,WARNING,16.2,5.0,25.3,6.1
16531,0.9896,0,WARNING,16.2,4.6,25.3,6.3
16532,0.9896,0,WARNING,16.3,4.5,25.2,6.1
16533,0.9919,0,WARNING,16.2,3.4,20.3,5.0
16534,0.9898,0,WARNING,15.7,1.2,17.0,3.5
16535,0.9982,0,WARNING,15.7,2.0,19.1,2.8
16536,0.3298,0,NORMAL,17.7,8.6,32.2,8.4
16537,0.9897,0,WARNING,17.8,6.1,30.0,7.8
16538,0.9895,0,WARNING,17.5,5.8,29.5,7.6
16539,0.148,0,NORMAL,17.7,5.0,27.9,7.6
16540,0.9983,0,WARNING,17.9,5.3,26.6,5.1
16541,0.9983,0,WARNING,17.7,4.6,24.9,4.6
16542,0.9983,0,WARNING,17.4,4.2,24.4,5.0
16543,0.9983,0,WARNING,17.9,4.3,24.7,4.7
16544,0.1767,0,NORMAL,17.7,4.4,24.1,6.4
16545,0.1939,0,NORMAL,17.7,4.3,24.4,6.4
16546,0.2042,0,NORMAL,17.7,4.0,24.2,6.4
16547,0.9896,0,WARNING,17.5,4.1,24.4,5.9
16548,0.9897,0,WARNING,17.6,4.2,24.1,5.6
16549,0.2803,0,NORMAL,17.6,4.3,24.5,6.4
16550,0.9897,0,WARNING,17.6,4.1,23.7,5.8
16551,0.2008,0,NORMAL,17.5,4.0,24.3,6.4
16552,0.394,0,NORMAL,17.7,4.3,23.8,6.2
16553,0.9897,0,WARNING,17.5,4.0,23.9,5.7
16554,0.9983,0,WARNING,17.9,3.9,24.1,5.0
16555,0.9983,0,WARNING,18.1,3.8,23.6,4.9
16556,0.9897,0,WARNING,17.8,4.1,23.7,5.6
16557,0.9897,0,WARNING,17.7,3.9,23.8,5.6
16558,0.9897,0,WARNING,18.0,4.0,23.5,5.6
16559,0.9983,0,WARNING,17.7,4.1,23.8,4.4
16560,0.9897,0,WARNING,17.4,3.9,23.6,5.7
16561,0.9983,0,WARNING,17.4,3.7,23.5,4.7
16562,0.9897,0,WARNING,17.3,3.8,23.6,5.7
16563,0.9983,0,WARNING,17.5,3.9,23.4,4.8
16564,0.9982,0,WARNING,17.4,3.7,23.1,4.1
16565,0.9982,0,WARNING,17.3,3.8,22.2,3.7
16566,0.9982,0,WARNING,18.0,4.0,24.8,5.1
16567,0.3676,0,NORMAL,19.0,4.5,24.2,7.5
16568,1.0,0,ANOMALY,23.8,17.4,37.0,17.5
16569,0.9984,0,WARNING,20.6,5.2,32.1,10.5
16570,0.9984,0,WARNING,17.4,4.4,23.2,4.2
16571,0.9983,0,WARNING,17.2,3.4,23.1,4.2
16572,0.9983,0,WARNING,17.1,3.7,23.3,4.6
16573,0.9896,0,WARNING,17.0,3.2,22.7,5.2
16574,0.9983,0,WARNING,16.8,3.8,23.0,4.1
16575,0.2189,0,NORMAL,16.6,3.5,23.2,6.1
16576,0.9982,0,WARNING,16.8,3.2,22.6,4.4
16577,0.9982,0,WARNING,16.7,3.4,22.6,4.1
16578,0.9898,0,WARNING,16.5,3.3,22.6,5.4
16579,0.9982,0,WARNING,16.5,3.3,22.8,4.0
16580,0.9982,0,WARNING,16.4,3.5,22.7,4.4
16581,0.9898,0,WARNING,16.3,3.4,22.3,5.1
16582,0.9898,0,WARNING,16.4,3.1,22.7,5.4
16583,0.9733,0,WARNING,16.3,3.3,22.4,5.2
16584,0.9899,0,WARNING,16.2,3.3,22.2,5.3
16585,0.3814,0,NORMAL,16.1,3.4,22.2,5.7
16586,0.9899,0,WARNING,16.1,2.9,21.9,5.2
16587,0.9899,0,WARNING,16.1,3.1,22.2,5.2
16588,0.2724,0,NORMAL,16.1,3.3,22.0,5.6
16589,0.9982,0,WARNING,16.0,3.2,22.0,3.7
16590,0.9899,0,WARNING,16.0,3.1,22.1,5.2
16591,0.9982,0,WARNING,16.0,3.1,22.1,3.8
16592,0.2728,0,NORMAL,16.0,3.2,21.9,5.7
16593,0.9899,0,WARNING,15.9,2.9,22.1,5.3
16594,0.9982,0,WARNING,16.0,3.2,22.1,3.8
16595,0.3795,0,NORMAL,15.9,3.3,21.9,5.5
16596,0.9982,0,WARNING,15.9,3.0,22.1,3.7
16597,0.9899,0,WARNING,15.9,2.9,21.7,4.9
16598,0.9982,0,WARNING,15.9,3.1,22.3,4.4
16599,0.9982,0,WARNING,15.9,3.2,22.1,4.4
16600,0.3793,0,NORMAL,16.0,3.1,22.0,5.5
16601,0.2676,0,NORMAL,15.9,3.1,21.9,5.7
16602,0.9982,0,WARNING,15.9,3.0,22.0,3.8
16603,0.9899,0,WARNING,15.7,2.9,22.0,5.1
16604,0.9982,0,WARNING,16.2,3.2,22.4,3.8
16605,0.9899,0,WARNING,16.3,3.0,21.8,4.9
16606,0.2816,0,NORMAL,16.1,3.0,21.9,5.7
16607,0.9899,0,WARNING,16.0,3.1,21.4,4.9
16608,0.3557,0,NORMAL,15.8,2.7,21.4,5.6
16609,0.9982,0,WARNING,15.8,2.9,21.6,4.2
16610,0.9899,0,WARNING,15.8,3.0,21.5,5.0
16611,0.9899,0,WARNING,15.9,2.8,21.4,4.9
16612,0.9982,0,WARNING,15.8,2.7,21.3,4.0
16613,0.9899,0,WARNING,15.7,2.7,21.6,5.0
16614,0.2919,0,NORMAL,15.7,2.7,21.1,5.5
16615,0.9899,0,WARNING,15.7,2.8,21.6,5.1
16616,0.9899,0,WARNING,15.7,2.7,21.2,5.0
16617,0.9982,0,WARNING,15.7,2.8,21.2,3.6
16618,0.9982,0,WARNING,15.7,2.7,21.3,4.1
16619,0.9899,0,WARNING,15.7,2.7,21.2,4.9
16620,0.9899,0,WARNING,15.7,2.7,21.1,4.8
16621,0.9982,0,WARNING,15.7,2.9,21.3,3.6
16622,0.9982,0,WARNING,15.7,2.7,21.3,3.5
16623,0.9899,0,WARNING,15.7,2.5,21.0,4.9
16624,0.9982,0,WARNING,15.6,2.7,21.3,3.6
16625,0.9982,0,WARNING,15.3,1.6,17.2,2.7
16626,0.9982,0,WARNING,16.1,1.7,17.7,2.3
16627,0.9901,0,WARNING,17.0,2.5,16.5,4.6
16628,0.9901,0,WARNING,17.2,1.0,16.5,3.1
16629,0.9982,0,WARNING,17.2,1.1,16.4,1.9
16630,0.9982,0,WARNING,17.1,1.1,16.6,1.9
16631,0.9902,0,WARNING,17.2,0.9,16.3,3.2
16632,0.9981,0,WARNING,17.2,1.4,17.8,2.0
16633,0.9902,0,WARNING,17.4,1.9,18.6,3.4
16634,0.9982,0,WARNING,17.3,1.0,16.9,1.9
16635,0.9902,0,WARNING,17.7,1.4,17.4,3.4
16636,0.9902,0,WARNING,17.7,1.3,17.7,3.3
16637,0.6332,0,WARNING,17.8,1.5,18.0,4.1
16638,0.4876,0,NORMAL,19.4,3.5,23.7,5.7
16639,1.0,0,WARNING,23.5,15.1,45.5,14.8
16640,0.9959,0,WARNING,20.8,9.1,37.1,11.8
16641,0.5894,0,NORMAL,17.6,5.5,30.5,8.5
16642,0.9984,0,WARNING,17.5,5.0,27.9,6.6
16643,0.9983,0,WARNING,17.8,5.5,31.0,6.9
16644,0.9983,0,WARNING,17.8,5.7,31.4,7.6
16645,0.9983,0,WARNING,17.5,4.3,26.1,5.8
16646,0.9894,0,WARNING,17.3,2.7,20.3,4.6
16647,0.9983,0,WARNING,17.6,2.5,20.3,3.4
16648,0.9897,0,WARNING,17.7,2.4,20.4,4.6
16649,0.9982,0,WARNING,17.5,2.7,20.3,3.3
16650,0.3733,0,NORMAL,17.3,2.7,20.2,5.0
16651,0.9982,0,WARNING,17.1,2.4,20.4,3.2
16652,0.9982,0,WARNING,17.5,2.5,20.3,3.2
16653,0.9899,0,WARNING,17.3,2.6,20.0,3.8
16654,0.99,0,WARNING,17.1,2.7,20.6,4.8
16655,0.2984,0,NORMAL,17.0,2.6,20.2,5.2
16656,0.9982,0,WARNING,17.0,2.4,20.1,3.6
16657,0.9982,0,WARNING,17.1,1.8,17.4,3.3
16658,0.9975,0,WARNING,18.0,7.9,20.6,5.2
16659,0.9982,0,WARNING,16.5,2.3,20.0,3.6
16660,0.9899,0,WARNING,16.6,1.8,17.6,4.6
16661,0.9982,0,WARNING,17.4,4.4,18.6,3.8
16662,0.9905,0,WARNING,17.7,7.2,19.0,5.2
16663,0.9998,0,WARNING,18.1,9.5,20.3,3.4
16664,0.9898,0,WARNING,16.7,1.7,17.2,4.6
16665,1.0,0,ANOMALY,18.6,13.0,20.8,5.3
16666,0.3617,0,NORMAL,16.4,2.1,19.9,5.0
16667,0.9898,0,WARNING,16.3,2.2,19.8,4.3
16668,0.9899,0,WARNING,16.4,1.5,17.1,4.6
16669,0.9989,0,WARNING,17.6,8.3,20.5,4.8
16670,0.9983,0,WARNING,16.2,2.5,20.0,3.1
16671,0.9982,0,WARNING,16.2,2.2,20.0,3.7
16672,0.99,0,WARNING,16.1,2.4,20.0,4.6
16673,0.99,0,WARNING,16.1,2.3,20.0,4.7
16674,0.3009,0,NORMAL,16.0,2.4,20.2,5.1
16675,0.9982,0,WARNING,15.9,2.4,20.4,3.1
16676,0.99,0,WARNING,16.1,1.6,17.3,4.6
16677,0.9901,0,WARNING,17.0,6.1,20.1,4.9
16678,0.9982,0,WARNING,15.9,2.2,19.7,3.0
16679,0.9982,0,WARNING,15.8,2.2,19.8,3.2
16680,0.9982,0,WARNING,15.8,2.4,19.5,3.1
16681,0.99,0,WARNING,16.0,1.6,17.0,4.6
16682,0.9982,0,WARNING,17.2,6.6,20.3,3.3
16683,0.9899,0,WARNING,15.5,2.0,18.8,4.0
16684,0.99,0,WARNING,16.0,1.5,16.7,4.6
16685,0.9956,0,WARNING,17.4,7.6,20.0,5.1
16686,0.2646,0,NORMAL,16.8,2.3,20.2,5.1
16687,0.9982,0,WARNING,18.0,3.3,20.8,5.2
16688,1.0,0,WARNING,20.7,7.5,29.4,10.3
16689,0.9616,0,WARNING,19.4,4.0,29.3,9.7
16690,0.9896,0,WARNING,16.4,3.1,19.9,4.5
16691,0.9897,0,WARNING,16.2,2.1,19.8,4.4
16692,0.9899,0,WARNING,16.8,2.0,18.6,5.1
16693,0.9974,0,WARNING,17.3,7.6,19.5,4.3
16694,0.9983,0,WARNING,16.3,1.5,17.0,3.3
16695,0.9982,0,WARNING,17.5,6.7,20.5,4.0
16696,0.9982,0,WARNING,16.5,2.2,20.0,3.7
16697,0.9982,0,WARNING,16.1,2.2,19.8,3.7
16698,0.9982,0,WARNING,16.1,2.3,20.1,3.1
16699,0.99,0,WARNING,16.7,1.9,18.7,4.8
16700,0.9921,0,WARNING,17.7,6.9,20.5,5.3
16701,0.9982,0,WARNING,16.3,2.1,19.9,3.1
16702,0.9982,0,WARNING,16.1,2.2,20.2,3.3
16703,0.3687,0,NORMAL,16.0,2.2,19.7,4.9
16704,0.99,0,WARNING,15.9,2.1,19.7,4.5
16705,0.9982,0,WARNING,15.9,2.1,19.9,3.1
16706,0.99,0,WARNING,16.5,1.6,18.4,4.8
16707,0.9982,0,WARNING,17.3,7.8,20.2,3.7
16708,0.9982,0,WARNING,15.9,1.9,19.7,3.7
16709,0.99,0,WARNING,15.8,2.1,19.9,4.6
16710,0.99,0,WARNING,15.8,2.4,19.9,4.6
16711,0.306,0,NORMAL,15.9,2.1,19.8,5.0
16712,0.9982,0,WARNING,15.8,2.0,19.8,3.7
16713,0.99,0,WARNING,15.6,1.8,18.3,3.8
16714,0.9901,0,WARNING,15.5,1.2,16.4,3.0
16715,0.7946,0,WARNING,15.4,1.0,15.8,3.6
16716,0.9982,0,WARNING,16.5,2.4,19.9,4.0
16717,0.9998,0,WARNING,17.1,9.0,19.1,4.5
16718,0.9899,0,WARNING,16.0,1.4,17.0,4.7
16719,0.9982,0,WARNING,17.3,8.1,19.9,3.3
16720,0.9982,0,WARNING,16.0,2.2,19.5,3.1
16721,0.9982,0,WARNING,15.8,1.9,18.6,2.6
16722,0.9982,0,WARNING,15.6,1.1,16.4,1.7
16723,0.9901,0,WARNING,15.5,0.8,15.3,3.0
16724,0.3543,0,NORMAL,16.6,3.9,24.9,6.4
16725,0.99,0,WARNING,15.7,1.0,15.6,3.1
16726,0.9982,0,WARNING,15.6,0.8,15.4,1.7
16727,0.3608,0,NORMAL,16.4,4.2,25.3,6.6
16728,0.99,0,WARNING,15.8,1.3,17.1,3.7
16729,0.9982,0,WARNING,15.6,1.0,15.3,1.5
16730,0.9982,0,WARNING,16.0,3.0,20.8,2.9
16731,0.9901,0,WARNING,15.7,1.0,16.5,3.3
16732,0.9982,0,WARNING,15.5,0.6,15.0,1.6
16733,0.3682,0,NORMAL,15.9,2.2,20.2,5.1
16734,0.9982,0,WARNING,16.6,3.3,23.2,4.4
16735,0.315,0,NORMAL,16.4,3.5,24.8,6.7
16736,0.9982,0,WARNING,16.1,2.9,21.1,4.2
16737,0.9982,0,WARNING,16.2,2.0,18.8,2.5
16738,0.99,0,WARNING,16.2,2.2,19.5,4.2
16739,0.99,0,WARNING,16.0,2.2,19.5,4.3
16740,0.99,0,WARNING,16.2,2.3,19.2,4.2
16741,0.9982,0,WARNING,16.4,2.1,18.6,3.2
16742,0.9901,0,WARNING,16.3,1.7,17.9,3.8
16743,0.9982,0,WARNING,16.5,1.8,17.9,2.2
16744,0.3424,0,NORMAL,16.7,2.4,21.6,5.6
16745,0.6401,0,WARNING,16.6,1.8,18.4,4.2
16746,0.9982,0,WARNING,17.6,2.5,20.3,3.6
16747,0.99,0,WARNING,17.9,2.3,17.2,3.4
16748,0.9901,0,WARNING,18.4,1.6,18.2,3.7
16749,0.9901,0,WARNING,20.3,3.1,24.5,5.2
16750,1.0,0,ANOMALY,21.8,8.6,33.3,10.7
16751,0.9895,0,WARNING,18.5,2.5,20.6,4.4
16752,0.9996,0,WARNING,18.0,4.4,28.7,10.0
16753,0.9896,0,WARNING,17.5,3.9,25.6,5.7
16754,0.6188,0,WARNING,17.7,3.8,25.8,7.1
16755,0.9896,0,WARNING,17.4,1.9,19.1,4.3
16756,0.9983,0,WARNING,17.3,1.9,19.2,2.9
16757,0.9899,0,WARNING,17.3,2.1,19.1,4.3
16758,0.9982,0,WARNING,17.1,2.0,19.0,3.4
16759,0.99,0,WARNING,17.0,1.7,17.4,3.6
16760,0.9982,0,WARNING,17.1,2.5,20.9,4.0
16761,0.99,0,WARNING,17.0,2.2,19.2,4.2
16762,0.9982,0,WARNING,16.8,1.9,19.0,2.8
16763,0.9901,0,WARNING,17.0,2.0,19.0,4.2
16764,0.9982,0,WARNING,16.8,1.9,18.8,3.4
16765,0.9982,0,WARNING,16.7,2.0,19.0,2.9
16766,0.3284,0,NORMAL,16.8,2.0,18.9,4.8
16767,0.9982,0,WARNING,16.6,2.0,19.1,2.9
16768,0.9982,0,WARNING,16.5,2.1,19.2,2.9
16769,0.9901,0,WARNING,16.5,1.9,18.9,4.0
16770,0.9982,0,WARNING,16.5,2.1,19.1,3.3
16771,0.9901,0,WARNING,16.4,1.9,19.0,4.3
16772,0.3318,0,NORMAL,16.5,2.1,18.8,4.7
16773,0.9901,0,WARNING,16.4,2.0,19.4,4.2
16774,0.9982,0,WARNING,16.4,2.0,19.7,3.6
16775,0.9901,0,WARNING,16.3,2.0,19.2,4.4
16776,0.9982,0,WARNING,16.3,2.2,19.3,2.8
16777,0.9901,0,WARNING,16.3,1.9,19.1,4.2
16778,0.9901,0,WARNING,16.3,2.0,19.2,4.1
16779,0.3359,0,NORMAL,16.2,2.0,19.6,5.0
16780,0.9901,0,WARNING,16.2,2.1,19.2,4.4
16781,0.3308,0,NORMAL,16.2,1.9,19.2,4.8
16782,0.9982,0,WARNING,16.2,2.0,19.3,2.9
16783,0.9982,0,WARNING,16.2,2.0,19.0,2.9
16784,0.9982,0,WARNING,16.2,2.0,19.2,2.8
16785,0.9982,0,WARNING,16.1,2.0,19.0,2.8
16786,0.3593,0,NORMAL,16.2,1.9,19.1,4.6
16787,0.9982,0,WARNING,16.4,1.8,17.3,2.1
16788,0.9982,0,WARNING,16.4,2.4,21.2,4.1
16789,0.9901,0,WARNING,16.4,1.9,18.9,4.1
16790,0.9982,0,WARNING,16.2,2.1,19.4,3.0
16791,0.9901,0,WARNING,16.2,2.1,19.3,4.2
16792,0.9982,0,WARNING,16.3,1.9,19.2,2.7
16793,0.9901,0,WARNING,16.2,2.0,19.1,4.2
16794,0.9982,0,WARNING,16.1,2.1,19.4,2.9
16795,0.3358,0,NORMAL,16.2,2.1,19.5,4.9
16796,0.9901,0,WARNING,16.2,2.2,19.6,4.5
16797,0.9982,0,WARNING,16.1,2.0,19.1,2.9
16798,0.9982,0,WARNING,16.1,2.1,19.2,3.0
16799,0.9901,0,WARNING,16.1,2.0,19.4,4.3
16800,0.9982,0,WARNING,16.1,2.2,19.4,2.8
16801,0.9901,0,WARNING,16.1,2.0,19.2,4.2
16802,0.9982,0,WARNING,16.1,2.1,19.5,2.9
16803,0.9901,0,WARNING,16.1,2.1,19.4,4.5
16804,0.9982,0,WARNING,16.0,2.0,19.5,3.1
16805,0.9982,0,WARNING,16.0,2.2,19.4,3.5
16806,0.9982,0,WARNING,16.4,1.9,18.7,2.8
16807,0.5768,0,NORMAL,18.1,4.2,21.2,6.6
16808,0.9784,0,WARNING,20.8,7.7,29.2,8.1
16809,0.9978,0,WARNING,20.2,3.2,28.8,10.7
16810,0.9983,0,WARNING,17.3,2.9,20.9,3.9
16811,0.9898,0,WARNING,16.2,2.2,20.1,4.7
16812,0.9982,0,WARNING,16.1,2.2,19.7,3.2
16813,0.9899,0,WARNING,16.0,2.2,20.0,4.4
16814,0.9982,0,WARNING,16.0,2.2,19.8,3.6
16815,0.9982,0,WARNING,16.0,2.2,19.8,3.5
16816,0.9982,0,WARNING,16.0,2.2,20.1,3.2
16817,0.9982,0,WARNING,16.0,2.4,20.0,3.1
16818,0.99,0,WARNING,16.0,2.2,20.3,4.6
16819,0.9995,0,WARNING,16.0,2.8,20.2,5.3
16820,0.3668,0,NORMAL,16.0,2.5,20.3,5.0
16821,0.3072,0,NORMAL,16.0,2.3,20.0,5.1
16822,0.9982,0,WARNING,15.9,2.1,20.2,3.3
16823,0.9982,0,WARNING,15.9,2.3,20.1,3.6
16824,0.99,0,WARNING,16.0,2.3,20.4,4.6
16825,0.9982,0,WARNING,16.0,2.4,20.1,3.2
16826,0.9982,0,WARNING,16.0,2.2,20.2,3.8
16827,0.99,0,WARNING,16.0,2.2,20.8,4.8
16828,0.99,0,WARNING,15.9,2.3,20.5,4.7
16829,0.9982,0,WARNING,16.0,2.4,20.5,3.8
16830,0.99,0,WARNING,16.0,2.5,20.9,4.8
16831,0.99,0,WARNING,16.0,2.5,20.8,4.7
16832,0.9982,0,WARNING,16.0,2.3,21.0,3.4
16833,0.99,0,WARNING,16.0,2.5,21.0,4.9
16834,0.3504,0,NORMAL,16.0,2.3,20.8,5.3
16835,0.9982,0,WARNING,16.0,2.7,20.8,4.0
16836,0.99,0,WARNING,16.0,2.3,20.6,4.8
16837,0.9982,0,WARNING,15.9,2.4,20.4,3.3
16838,0.9982,0,WARNING,15.9,2.5,20.6,3.4
16839,0.9982,0,WARNING,15.9,2.6,20.2,3.1
16840,0.3153,0,NORMAL,15.9,2.5,20.1,5.0
16841,0.99,0,WARNING,15.9,2.5,20.3,4.6
16842,0.9982,0,WARNING,15.9,2.5,20.1,3.8
16843,0.9982,0,WARNING,15.9,2.6,20.3,3.2
16844,0.9982,0,WARNING,15.6,1.1,14.2,1.1
16845,0.9982,0,WARNING,15.4,0.6,11.4,0.4
16846,0.9981,0,WARNING,15.9,1.5,12.4,0.5
16847,0.9997,0,WARNING,16.5,4.2,24.0,9.7
16848,0.2963,0,NORMAL,15.9,2.4,19.4,5.4
16849,0.9901,0,WARNING,16.4,3.2,24.4,6.3
16850,0.2909,0,NORMAL,16.7,3.8,25.8,7.0
16851,0.2595,0,NORMAL,16.7,3.3,24.1,6.5
16852,0.2528,0,NORMAL,17.3,3.3,23.6,6.2
16853,0.9898,0,WARNING,17.3,2.7,20.8,4.8
16854,0.9982,0,WARNING,17.2,2.7,21.2,4.0
16855,0.2704,0,NORMAL,17.4,2.8,21.2,5.3
16856,0.9982,0,WARNING,17.0,2.3,19.3,2.6
16857,0.99,0,WARNING,17.5,3.4,23.6,5.7
16858,0.2778,0,NORMAL,17.8,2.9,21.0,5.5
16859,0.2769,0,NORMAL,18.3,2.7,21.2,5.5
16860,0.9982,0,WARNING,17.9,3.2,21.5,3.7
16861,0.9899,0,WARNING,17.8,2.9,21.4,5.1
16862,0.9982,0,WARNING,17.7,2.8,21.3,3.6
16863,0.3752,0,NORMAL,17.9,2.9,21.5,5.3
16864,0.9899,0,WARNING,17.9,3.0,21.6,4.9
16865,0.2746,0,NORMAL,18.0,3.0,21.7,5.6
16866,0.2875,0,NORMAL,18.7,3.3,21.8,5.6
16867,0.9997,0,WARNING,20.1,5.2,22.4,6.5
16868,0.9983,0,WARNING,22.5,5.3,30.0,8.3
16869,0.9983,0,WARNING,21.2,8.1,30.0,7.4
16870,0.9987,0,WARNING,20.1,8.8,26.3,9.9
16871,0.2893,0,NORMAL,18.1,3.1,21.8,5.5
16872,0.9983,0,WARNING,18.1,3.2,21.6,3.6
16873,0.9897,0,WARNING,18.0,3.4,22.0,5.2
16874,0.3859,0,NORMAL,17.8,3.0,21.8,5.6
16875,0.9982,0,WARNING,17.9,3.2,21.8,4.3
16876,0.9982,0,WARNING,17.9,3.4,21.9,4.2
16877,0.9982,0,WARNING,18.0,3.4,22.1,3.9
16878,0.2459,0,NORMAL,17.6,3.5,22.1,5.6
16879,0.9898,0,WARNING,17.5,3.1,22.0,5.1
16880,0.9982,0,WARNING,17.7,3.2,21.7,3.6
16881,0.2548,0,NORMAL,17.6,3.6,21.9,5.7
16882,0.9982,0,WARNING,17.4,3.3,22.0,3.7
16883,0.9982,0,WARNING,17.4,3.2,21.1,3.3
16884,0.9982,0,WARNING,16.6,1.0,16.0,2.4
16885,0.7977,0,WARNING,16.5,1.2,17.1,4.2
16886,0.9901,0,WARNING,16.3,0.8,15.6,3.1
16887,0.9902,0,WARNING,16.3,1.4,17.2,3.5
16888,0.9902,0,WARNING,16.1,0.9,15.8,3.2
16889,0.9902,0,WARNING,16.1,0.7,15.6,3.2
16890,0.9982,0,WARNING,16.0,1.1,15.9,1.9
16891,0.9902,0,WARNING,16.0,0.9,16.0,3.3
16892,0.9903,0,WARNING,16.1,1.4,17.2,3.6
16893,0.9902,0,WARNING,15.9,1.0,16.2,3.3
16894,0.9902,0,WARNING,15.9,0.9,16.5,2.6
16895,0.9902,0,WARNING,15.9,0.9,16.1,3.2
16896,0.9902,0,WARNING,15.9,1.3,17.6,3.7
16897,0.9902,0,WARNING,15.8,1.0,16.2,3.4
16898,0.9982,0,WARNING,15.8,0.7,15.9,1.9
16899,0.792,0,WARNING,16.2,2.8,18.6,4.1
16900,0.9982,0,WARNING,16.6,3.8,21.2,3.6
16901,0.3099,0,NORMAL,17.9,8.1,29.0,7.1
16902,0.9899,0,WARNING,17.8,6.9,26.7,6.0
16903,0.9983,0,WARNING,18.1,7.8,28.7,5.7
16904,0.4022,0,NORMAL,17.7,5.8,24.8,6.0
16905,0.9983,0,WARNING,17.5,6.1,25.9,4.7
16906,0.218,0,NORMAL,17.8,7.2,28.9,7.6
16907,0.9983,0,WARNING,18.2,7.6,28.1,5.9
16908,0.9983,0,WARNING,17.6,5.6,27.9,5.9
16909,0.974,0,WARNING,17.4,5.4,26.4,6.4
16910,0.293,0,NORMAL,17.3,5.9,28.2,7.8
16911,0.9895,0,WARNING,17.3,6.1,28.8,7.5
16912,0.9894,0,WARNING,17.4,5.5,26.1,6.5
16913,0.9895,0,WARNING,17.4,5.9,28.0,7.1
16914,0.9983,0,WARNING,17.6,6.3,29.4,6.7
16915,0.258,0,NORMAL,17.6,6.2,29.4,8.3
16916,0.2498,0,NORMAL,17.7,6.6,29.9,8.4
16917,0.9983,0,WARNING,17.6,6.8,29.9,7.0
16918,0.9893,0,WARNING,17.6,6.5,29.1,7.3
16919,0.9983,0,WARNING,17.4,6.0,27.9,5.7
16920,0.9983,0,WARNING,17.8,6.3,27.9,6.1
16921,0.2648,0,NORMAL,17.9,6.4,30.3,8.6
16922,0.9983,0,WARNING,18.0,6.2,30.0,6.4
16923,0.9893,0,WARNING,17.6,5.3,25.9,6.5
16924,0.2654,0,NORMAL,17.3,5.0,24.2,6.4
16925,0.9983,0,WARNING,17.3,5.0,24.4,4.5
16926,0.3347,0,NORMAL,18.0,4.8,24.9,6.4
16927,0.9738,0,WARNING,19.8,7.4,25.3,7.0
16928,1.0,0,WARNING,22.7,10.6,34.8,14.1
16929,0.9278,0,WARNING,20.3,8.8,32.2,10.8
16930,0.9993,0,WARNING,18.8,6.4,28.7,10.6
16931,0.3023,0,NORMAL,17.4,4.8,24.6,6.6
16932,0.9894,0,WARNING,17.2,4.9,24.6,6.0
16933,0.2136,0,NORMAL,17.3,5.4,25.1,6.7
16934,0.9896,0,WARNING,17.1,5.3,24.8,5.8
16935,0.9983,0,WARNING,17.3,5.1,25.1,5.2
16936,0.4044,0,NORMAL,17.1,5.2,24.7,6.4
16937,0.9983,0,WARNING,17.1,5.5,25.6,4.9
16938,0.197,0,NORMAL,17.1,5.3,25.0,6.6
16939,0.1748,0,NORMAL,17.0,5.4,25.4,6.8
16940,0.1748,0,NORMAL,17.1,5.6,25.6,6.8
16941,0.9896,0,WARNING,17.1,5.5,24.2,5.8
16942,0.9983,0,WARNING,17.0,5.8,25.4,5.2
16943,0.2896,0,NORMAL,16.9,5.4,25.3,6.6
16944,0.1959,0,NORMAL,16.9,5.3,24.9,6.6
16945,0.9896,0,WARNING,17.0,5.7,25.0,6.1
16946,0.9983,0,WARNING,16.8,5.6,25.1,5.3
16947,0.9896,0,WARNING,17.3,5.3,23.8,5.6
16948,0.9897,0,WARNING,17.2,6.2,25.6,6.2
16949,0.2929,0,NORMAL,17.3,6.0,25.5,6.7
16950,0.9983,0,WARNING,17.2,5.8,24.7,4.4
16951,0.9896,0,WARNING,17.8,5.9,25.8,6.3
16952,0.9896,0,WARNING,18.7,6.0,24.9,6.0
16953,0.9896,0,WARNING,18.4,6.0,25.2,5.5
16954,0.4051,0,NORMAL,19.0,5.6,25.4,6.6
16955,0.1537,0,NORMAL,18.8,6.0,25.3,6.7
16956,0.9983,0,WARNING,18.9,6.3,25.8,5.5
16957,0.9983,0,WARNING,18.9,6.0,25.2,4.7
16958,0.3745,0,NORMAL,18.7,5.9,25.3,6.5
16959,0.9983,0,WARNING,19.0,6.1,25.4,4.7
16960,0.9983,0,WARNING,19.0,6.1,24.9,4.6
16961,0.9895,0,WARNING,18.9,6.0,25.2,6.1
16962,0.207,0,NORMAL,18.7,5.5,24.9,6.6
16963,0.9983,0,WARNING,19.1,5.9,25.5,4.9
16964,0.9983,0,WARNING,19.1,6.0,25.2,5.2
16965,0.9983,0,WARNING,19.4,5.9,24.2,4.8
16966,0.3729,0,NORMAL,19.3,6.3,26.2,6.9
16967,0.9895,0,WARNING,19.3,5.6,25.1,6.0
16968,0.2121,0,NORMAL,19.3,5.7,25.4,6.8
16969,0.4598,0,NORMAL,19.3,6.3,25.4,6.7
16970,0.9895,0,WARNING,19.3,6.1,25.3,6.2
16971,0.1557,0,NORMAL,19.5,5.7,25.6,6.8
16972,0.9895,0,WARNING,19.3,6.1,24.6,5.9
16973,0.9895,0,WARNING,19.2,6.2,26.2,6.4
16974,0.9983,0,WARNING,19.2,5.8,25.1,4.5
16975,0.9983,0,WARNING,19.1,6.0,25.5,5.4
16976,0.9983,0,WARNING,19.2,6.2,25.7,5.0
16977,0.9983,0,WARNING,19.4,5.9,25.2,4.7
16978,0.9895,0,WARNING,19.5,5.9,25.6,6.3
16979,0.9983,0,WARNING,19.4,6.1,25.6,4.9
16980,0.5307,0,NORMAL,19.4,6.4,25.6,6.8
16981,0.9983,0,WARNING,19.2,5.5,24.1,4.2
16982,0.9983,0,WARNING,19.5,5.8,25.2,4.6
16983,0.9896,0,WARNING,19.5,6.3,26.0,6.3
16984,0.3058,0,NORMAL,19.4,5.9,25.3,6.7
16985,0.9983,0,WARNING,19.2,6.1,25.7,5.0
16986,0.2103,0,NORMAL,19.4,6.3,25.8,6.8
16987,0.9983,0,WARNING,21.1,10.2,26.4,6.8
16988,1.0,0,ANOMALY,22.4,7.6,29.3,11.7
16989,1.0,0,ANOMALY,24.3,16.0,41.3,16.7
16990,1.0,0,WARNING,22.0,8.6,29.9,11.1
16991,0.9889,0,WARNING,19.3,5.8,25.8,6.3
16992,0.4321,0,NORMAL,19.2,6.2,25.1,6.4
16993,0.9983,0,WARNING,19.1,5.9,25.0,5.3
16994,0.9894,0,WARNING,19.3,6.0,25.6,6.3
16995,0.9983,0,WARNING,19.1,6.0,25.1,4.7
16996,0.9983,0,WARNING,18.8,5.5,25.0,5.3
16997,0.9983,0,WARNING,18.6,6.0,25.3,5.2
16998,0.9983,0,WARNING,18.9,6.2,25.0,4.6
16999,0.3031,0,NORMAL,18.8,6.1,25.3,6.6
17000,0.9983,0,WARNING,18.6,5.8,25.4,4.8
17001,0.9983,0,WARNING,18.6,6.3,25.1,4.8
17002,0.9983,0,WARNING,18.6,6.1,25.0,5.2
17003,0.9896,0,WARNING,18.5,5.7,24.6,5.8
17004,0.9896,0,WARNING,18.9,5.6,25.2,6.2
17005,0.9896,0,WARNING,18.5,5.9,25.2,5.3
17006,0.9983,0,WARNING,18.4,5.9,23.7,4.6
17007,0.2047,0,NORMAL,18.4,5.7,26.0,6.8
17008,0.9983,0,WARNING,18.4,5.8,24.7,5.0
17009,0.9896,0,WARNING,18.4,6.0,24.4,5.8
17010,0.9896,0,WARNING,18.7,5.9,25.0,6.0
17011,0.1819,0,NORMAL,18.3,5.5,24.8,6.6
17012,0.9983,0,WARNING,18.7,6.0,25.0,4.7
17013,0.9896,0,WARNING,18.7,6.2,24.7,5.2
17014,0.2909,0,NORMAL,18.8,5.7,25.0,6.5
17015,0.9983,0,WARNING,18.3,5.4,24.9,4.7
17016,0.9983,0,WARNING,18.3,5.8,24.8,4.6
17017,0.2042,0,NORMAL,18.1,5.7,25.4,6.7
17018,0.9983,0,WARNING,17.9,5.5,25.5,4.9
17019,0.9983,0,WARNING,17.8,5.7,24.6,5.0
17020,0.9983,0,WARNING,17.8,6.2,25.6,5.4
17021,0.9983,0,WARNING,18.1,5.8,25.2,4.6
17022,0.9896,0,WARNING,17.9,5.4,25.4,6.1
17023,0.3653,0,NORMAL,17.8,6.2,25.5,6.7
17024,0.8658,0,WARNING,17.8,6.1,24.8,6.4
17025,0.9983,0,WARNING,17.7,5.7,25.4,4.8
17026,0.9983,0,WARNING,17.7,5.4,25.0,5.1
17027,0.9896,0,WARNING,18.0,5.8,25.4,6.2
17028,0.9983,0,WARNING,17.8,6.0,25.3,5.3
17029,0.9896,0,WARNING,17.6,5.4,24.8,5.9
17030,0.9896,0,WARNING,17.4,5.6,24.6,5.9
17031,0.402,0,NORMAL,17.5,5.7,24.3,6.3
17032,0.9983,0,WARNING,17.6,6.1,26.3,5.6
17033,0.9983,0,WARNING,17.7,5.7,25.3,5.4
17034,0.9983,0,WARNING,17.5,5.6,25.5,5.4
17035,0.4059,0,NORMAL,17.4,5.9,25.3,6.6
17036,0.9983,0,WARNING,17.3,5.7,25.2,4.7
17037,0.9983,0,WARNING,17.1,5.5,25.4,4.7
17038,0.9983,0,WARNING,17.1,5.5,24.9,4.6
17039,0.9896,0,WARNING,17.0,5.8,25.2,6.2
17040,0.9896,0,WARNING,16.9,6.0,25.4,5.6
17041,0.9983,0,WARNING,17.0,5.5,25.3,4.8
17042,0.9896,0,WARNING,17.1,5.6,24.3,5.7
17043,0.9896,0,WARNING,17.1,5.9,25.5,6.3
17044,0.9983,0,WARNING,16.9,5.4,25.6,5.4
17045,0.9983,0,WARNING,16.8,5.6,25.7,5.4
17046,0.9983,0,WARNING,17.6,6.4,24.9,4.4
17047,0.5819,0,NORMAL,18.9,6.7,26.4,8.2
17048,1.0,0,ANOMALY,22.7,16.7,38.4,20.1
17049,0.7682,0,WARNING,20.0,7.1,31.5,9.6
17050,1.0,0,WARNING,19.0,7.3,31.7,12.7
17051,0.9984,0,WARNING,17.3,5.5,25.1,4.9
17052,0.9893,0,WARNING,17.2,5.3,25.6,6.2
17053,0.4193,0,NORMAL,17.3,5.4,24.5,6.2
17054,0.9895,0,WARNING,17.5,5.6,25.1,6.1
17055,0.2048,0,NORMAL,17.8,5.5,25.6,6.8
17056,0.9895,0,WARNING,17.7,5.3,25.3,6.2
17057,0.4053,0,NORMAL,17.9,5.7,24.5,6.3
17058,0.9983,0,WARNING,18.2,6.0,25.2,4.8
17059,0.9983,0,WARNING,18.3,5.5,24.9,5.2
17060,0.9896,0,WARNING,18.3,4.4,20.2,4.3
17061,1.0,0,ANOMALY,21.0,15.7,25.8,6.3
17062,0.9893,0,WARNING,18.7,5.5,24.9,6.0
17063,0.9894,0,WARNING,18.8,5.4,24.8,6.2
17064,0.301,0,NORMAL,18.7,5.5,25.1,6.7
17065,0.9895,0,WARNING,18.5,5.3,24.8,6.1
17066,0.9895,0,WARNING,18.4,5.3,24.2,5.8
17067,0.2201,0,NORMAL,18.5,5.7,24.7,6.6
17068,0.9983,0,WARNING,18.5,3.5,18.1,2.2
17069,0.9958,0,WARNING,19.9,10.9,26.0,7.7
17070,0.9895,0,WARNING,18.9,5.5,24.8,6.0
17071,0.9983,0,WARNING,18.4,5.3,23.4,4.2
17072,0.9896,0,WARNING,17.7,3.1,17.4,3.7
17073,0.9986,0,WARNING,20.4,11.4,25.8,7.8
17074,0.2837,0,NORMAL,19.0,5.3,25.1,6.7
17075,0.9983,0,WARNING,18.8,5.4,24.9,4.8
17076,0.4042,0,NORMAL,18.9,5.3,24.5,6.4
17077,0.9983,0,WARNING,19.7,5.8,24.8,4.6
17078,0.9895,0,WARNING,19.4,5.9,25.1,6.1
17079,0.2855,0,NORMAL,19.1,5.8,25.1,6.7
17080,0.9983,0,WARNING,19.2,6.0,24.7,5.2
17081,0.9969,0,WARNING,18.9,5.9,24.8,6.1
17082,0.9895,0,WARNING,18.7,5.2,24.8,6.1
17083,0.9983,0,WARNING,19.1,5.4,24.8,4.8
17084,0.9983,0,WARNING,18.7,5.6,25.2,4.7
17085,0.9896,0,WARNING,18.6,5.4,24.5,5.8
17086,0.9896,0,WARNING,18.6,5.3,25.1,6.1
17087,0.1688,0,NORMAL,18.9,5.4,25.0,6.7
17088,0.9983,0,WARNING,18.8,5.5,24.7,4.7
17089,0.9983,0,WARNING,18.7,5.5,24.9,5.2
17090,0.4026,0,NORMAL,19.0,5.1,24.5,6.4
17091,0.9896,0,WARNING,19.0,5.6,25.9,6.4
17092,0.9983,0,WARNING,18.8,5.6,25.2,4.8
17093,0.9895,0,WARNING,19.0,5.3,25.1,6.0
17094,0.9983,0,WARNING,18.7,5.5,25.8,5.4
17095,0.4054,0,NORMAL,18.8,5.7,25.1,6.6
17096,0.9983,0,WARNING,18.6,5.8,25.8,5.0
17097,0.9895,0,WARNING,18.6,3.5,18.8,3.9
17098,0.9983,0,WARNING,20.0,11.2,26.4,8.5
17099,0.9983,0,WARNING,18.7,5.8,26.1,5.1
17100,0.2211,0,NORMAL,18.7,5.6,25.6,6.8
17101,0.9983,0,WARNING,18.4,5.6,25.6,4.7
17102,0.9895,0,WARNING,18.5,5.6,25.5,6.3
17103,0.9983,0,WARNING,18.5,5.8,25.5,5.4
17104,0.9983,0,WARNING,18.1,5.8,25.6,5.5
17105,0.4083,0,NORMAL,18.1,5.8,25.2,6.7
17106,0.9895,0,WARNING,18.7,5.7,25.7,6.3
17107,0.9983,0,WARNING,20.1,7.1,25.4,6.4
17108,1.0,0,ANOMALY,24.1,15.7,40.0,19.0
17109,0.9984,0,WARNING,21.2,8.1,34.7,9.7
17110,1.0,0,WARNING,20.2,9.1,34.1,16.2
17111,0.3761,0,NORMAL,18.5,5.4,25.9,7.0
17112,0.9984,0,WARNING,18.4,5.9,25.6,4.8
17113,0.9893,0,WARNING,18.6,5.7,25.9,6.5
17114,0.4187,0,NORMAL,18.4,5.8,25.5,6.6
17115,0.4132,0,NORMAL,17.9,5.3,25.0,6.5
17116,0.9895,0,WARNING,17.7,3.3,18.7,4.0
17117,0.9992,0,WARNING,20.4,12.0,27.5,8.2
17118,0.4134,0,NORMAL,18.5,5.6,25.1,6.6
17119,0.3148,0,NORMAL,18.3,5.9,26.2,7.1
17120,0.9983,0,WARNING,18.3,6.1,26.2,5.6
17121,0.9983,0,WARNING,18.4,6.0,25.3,5.3
17122,0.9983,0,WARNING,18.0,5.9,26.0,5.6
17123,0.9983,0,WARNING,18.0,5.9,25.6,4.9
17124,0.9983,0,WARNING,18.0,5.7,25.7,5.5
17125,0.9895,0,WARNING,17.8,5.6,25.4,6.0
17126,0.9983,0,WARNING,17.3,4.4,22.7,4.0
17127,0.2265,0,NORMAL,17.8,6.3,28.6,7.9
17128,0.9895,0,WARNING,17.6,5.9,26.2,6.6
17129,0.2287,0,NORMAL,17.4,5.8,26.0,7.0
17130,0.9983,0,WARNING,17.3,5.5,26.0,5.5
17131,0.9895,0,WARNING,17.3,5.4,24.7,6.0
17132,0.9983,0,WARNING,17.6,6.0,26.9,5.8
17133,0.9983,0,WARNING,17.3,5.5,25.4,4.6
17134,0.9983,0,WARNING,17.4,5.5,26.7,5.8
17135,0.9895,0,WARNING,17.2,5.5,26.3,6.5
17136,0.6679,0,WARNING,17.6,4.3,21.5,5.6
17137,0.9989,0,WARNING,18.6,11.8,27.2,6.9
17138,0.9983,0,WARNING,17.3,5.4,25.8,5.4
17139,0.9895,0,WARNING,17.2,4.9,25.0,6.2
17140,0.9895,0,WARNING,16.0,1.4,17.0,3.5
17141,0.9982,0,WARNING,15.9,1.0,16.8,2.1
17142,0.9982,0,WARNING,18.1,7.8,27.0,5.2
17143,0.2458,0,NORMAL,18.0,7.8,31.2,8.6
17144,0.9983,0,WARNING,17.5,6.5,29.8,6.9
17145,0.9983,0,WARNING,17.5,7.0,29.9,6.9
17146,0.9983,0,WARNING,17.3,6.4,30.4,7.1
17147,0.9893,0,WARNING,17.1,5.5,25.6,6.3
17148,0.3771,0,NORMAL,16.9,5.5,26.3,6.9
17149,0.293,0,NORMAL,17.0,5.4,26.2,6.9
17150,0.4138,0,NORMAL,17.0,5.8,25.6,6.8
17151,0.9983,0,WARNING,16.9,5.8,26.8,5.3
17152,0.9983,0,WARNING,16.9,5.4,25.7,5.0
17153,0.9983,0,WARNING,16.9,5.8,26.3,5.2
17154,0.9983,0,WARNING,16.2,3.2,20.3,3.8
17155,0.9897,0,WARNING,15.8,1.0,17.2,3.7
17156,0.9982,0,WARNING,15.7,1.0,17.5,2.3
17157,0.3831,0,NORMAL,18.6,8.5,27.2,6.5
17158,0.9983,0,WARNING,18.8,9.3,32.6,7.5
17159,0.9983,0,WARNING,18.3,7.4,30.2,6.4
17160,0.2066,0,NORMAL,18.1,7.3,31.6,8.9
17161,0.9893,0,WARNING,18.1,7.0,30.6,7.9
17162,0.9892,0,WARNING,18.6,6.3,29.6,7.7
17163,0.9892,0,WARNING,18.3,5.8,26.4,6.6
17164,0.9983,0,WARNING,18.6,5.7,26.1,4.9
17165,0.9983,0,WARNING,18.3,5.8,25.1,5.1
17166,0.2389,0,NORMAL,19.3,5.7,27.5,7.3
17167,0.9983,0,WARNING,20.7,7.5,27.6,6.8
17168,1.0,0,ANOMALY,24.7,16.5,40.1,19.9
17169,1.0,0,ANOMALY,24.3,16.1,34.2,9.0
17170,1.0,0,WARNING,21.0,8.2,34.6,15.6
17171,0.9887,0,WARNING,19.0,5.7,26.5,6.6
17172,0.4425,0,NORMAL,18.9,5.6,26.2,6.8
17173,0.9892,0,WARNING,18.4,5.6,26.0,6.2
17174,0.9983,0,WARNING,18.6,6.0,27.3,5.4
17175,0.9983,0,WARNING,19.3,6.0,26.7,5.3
17176,0.9894,0,WARNING,19.0,5.8,26.4,5.8
17177,0.1077,0,NORMAL,19.0,5.7,26.6,7.2
17178,0.9983,0,WARNING,18.7,5.9,26.4,5.7
17179,0.9983,0,WARNING,18.8,5.8,26.5,5.3
17180,0.4124,0,NORMAL,18.6,5.5,24.6,6.3
17181,0.9895,0,WARNING,18.9,6.0,27.6,6.8
17182,0.4115,0,NORMAL,19.0,5.8,25.7,6.7
17183,0.9739,0,WARNING,19.0,5.9,26.3,6.4
17184,0.2104,0,NORMAL,19.0,5.6,26.6,7.1
17185,0.9895,0,WARNING,18.9,5.8,26.2,6.5
17186,0.9895,0,WARNING,18.9,5.8,26.1,6.5
17187,0.1021,0,NORMAL,18.9,6.0,26.5,7.1
17188,0.9983,0,WARNING,18.9,5.3,26.3,4.9
17189,0.9983,0,WARNING,18.9,5.9,25.7,4.7
17190,0.9983,0,WARNING,19.1,6.2,27.1,5.3
17191,0.9894,0,WARNING,19.2,6.0,26.7,6.0
17192,0.9983,0,WARNING,19.0,6.1,26.5,5.2
17193,0.1031,0,NORMAL,19.0,6.1,27.0,7.3
17194,0.9894,0,WARNING,19.0,6.0,26.6,6.5
17195,0.4135,0,NORMAL,19.0,6.0,26.6,6.9
17196,0.2927,0,NORMAL,19.3,6.2,26.9,7.1
17197,0.9983,0,WARNING,19.2,6.4,27.0,5.2
17198,0.1175,0,NORMAL,18.8,6.3,26.5,7.1
17199,0.9983,0,WARNING,18.6,6.2,25.8,4.9
17200,0.9983,0,WARNING,18.7,6.2,28.0,6.2
17201,0.9983,0,WARNING,18.6,6.2,26.6,5.7
17202,0.4148,0,NORMAL,18.5,6.0,25.7,6.7
17203,0.0958,0,NORMAL,18.7,6.9,28.1,7.5
17204,0.9983,0,WARNING,18.4,6.2,27.2,5.8
17205,0.9894,0,WARNING,18.1,5.9,27.0,6.6
17206,0.9983,0,WARNING,18.1,6.5,27.2,5.9
17207,0.2218,0,NORMAL,18.1,6.6,27.2,7.3
17208,0.9983,0,WARNING,18.0,6.0,27.1,5.4
17209,0.2117,0,NORMAL,17.9,5.9,27.1,7.3
17210,0.9983,0,WARNING,18.0,6.6,26.7,5.7
17211,0.0971,0,NORMAL,18.2,6.4,27.5,7.3
17212,0.9983,0,WARNING,18.0,5.7,26.6,5.5
17213,0.9739,0,WARNING,17.8,6.4,27.5,6.5
17214,0.9983,0,WARNING,18.2,6.4,26.8,5.8
17215,0.1031,0,NORMAL,17.9,6.1,27.8,7.5
17216,0.1259,0,NORMAL,18.0,6.1,27.2,7.3
17217,0.4169,0,NORMAL,18.1,6.5,26.6,7.0
17218,0.9983,0,WARNING,18.3,6.4,27.4,5.4
17219,0.9894,0,WARNING,18.1,5.8,27.5,6.9
17220,0.9983,0,WARNING,17.9,6.9,26.8,5.2
17221,0.9983,0,WARNING,17.7,6.4,26.9,5.1
17222,0.9983,0,WARNING,17.8,6.0,27.1,5.9
17223,0.4156,0,NORMAL,18.0,6.2,26.9,7.1
17224,0.9983,0,WARNING,18.1,6.7,26.8,5.6
17225,0.0949,0,NORMAL,18.2,6.6,27.9,7.5
17226,0.9894,0,WARNING,18.9,6.3,26.9,6.5
17227,0.974,0,WARNING,20.4,7.9,28.5,8.2
17228,1.0,0,ANOMALY,24.6,16.0,40.9,20.4
17229,0.9957,0,WARNING,22.7,9.7,34.1,11.0
17230,1.0,0,ANOMALY,23.6,8.6,34.5,15.9
17231,0.9985,0,WARNING,19.7,6.5,27.6,5.5
17232,0.9984,0,WARNING,18.7,6.7,28.2,5.8
17233,0.2401,0,NORMAL,18.9,7.0,27.9,7.5
17234,0.9983,0,WARNING,18.4,6.4,27.6,6.0
17235,0.1537,0,NORMAL,18.4,6.2,28.0,7.5
17236,0.9983,0,WARNING,18.4,7.1,28.0,6.1
17237,0.9983,0,WARNING,18.3,7.0,27.8,5.9
17238,0.9983,0,WARNING,18.2,6.4,28.1,6.2
17239,0.1684,0,NORMAL,18.3,6.6,27.7,7.4
17240,0.9983,0,WARNING,18.0,6.7,27.7,5.4
17241,0.9894,0,WARNING,18.4,6.6,27.3,6.8
17242,0.9983,0,WARNING,18.0,6.3,28.3,6.1
17243,0.974,0,WARNING,17.9,6.7,28.1,6.9
17244,0.9983,0,WARNING,17.9,7.2,28.0,6.0
17245,0.2983,0,NORMAL,17.6,6.8,28.2,7.5
17246,0.1476,0,NORMAL,17.6,6.5,27.8,7.4
17247,0.9894,0,WARNING,17.9,6.9,27.4,6.7
17248,0.32,0,NORMAL,17.6,7.1,28.0,8.0
17249,0.9983,0,WARNING,17.4,6.7,28.7,5.9
17250,0.9983,0,WARNING,17.3,6.9,27.9,6.2
17251,0.9983,0,WARNING,17.5,6.8,27.2,5.7
17252,0.9983,0,WARNING,17.7,7.5,28.5,6.1
17253,0.9983,0,WARNING,17.7,6.8,27.3,5.6
17254,0.9983,0,WARNING,17.9,6.9,28.6,6.4
17255,0.9983,0,WARNING,17.6,7.1,28.5,6.3
17256,0.1471,0,NORMAL,17.2,6.3,27.2,7.3
17257,0.9894,0,WARNING,17.6,7.2,28.9,7.3
17258,0.9983,0,WARNING,17.4,6.9,28.4,6.3
17259,0.9983,0,WARNING,17.6,7.0,28.4,5.7
17260,0.9983,0,WARNING,17.3,7.0,28.1,5.5
17261,0.9983,0,WARNING,17.5,6.7,27.5,5.7
17262,0.9983,0,WARNING,17.8,6.9,28.5,5.8
17263,0.9983,0,WARNING,18.0,7.1,28.4,5.8
17264,0.4236,0,NORMAL,18.7,6.5,27.0,7.1
17265,0.1017,0,NORMAL,18.9,6.8,27.9,7.4
17266,0.9893,0,WARNING,18.9,7.0,28.2,7.2
17267,0.3914,0,NORMAL,19.1,7.2,28.4,7.6
17268,0.3804,0,NORMAL,19.3,6.9,27.9,7.3
17269,0.9893,0,WARNING,19.3,6.6,27.7,6.8
17270,0.9893,0,WARNING,19.2,7.0,27.1,6.6
17271,0.9983,0,WARNING,19.5,6.6,28.8,5.9
17272,0.9983,0,WARNING,19.1,6.4,27.5,5.8
17273,0.9741,0,WARNING,19.5,7.0,28.4,6.9
17274,0.2087,0,NORMAL,19.1,7.1,28.0,7.6
17275,0.9983,0,WARNING,19.6,6.7,27.9,6.1
17276,0.9893,0,WARNING,19.3,6.2,27.2,6.6
17277,0.9983,0,WARNING,19.2,6.5,27.7,5.9
17278,0.1127,0,NORMAL,19.0,6.5,27.4,7.3
17279,0.1996,0,NORMAL,19.3,6.0,27.6,7.4
17280,0.9983,0,WARNING,19.7,6.6,27.9,5.6
17281,0.2226,0,NORMAL,19.3,6.6,27.8,7.4
17282,0.9983,0,WARNING,19.0,6.8,27.6,6.0
17283,0.9983,0,WARNING,19.4,6.3,27.4,5.9
17284,0.2957,0,NORMAL,19.1,6.4,27.8,7.3
17285,0.2956,0,NORMAL,19.4,6.6,27.5,7.3
17286,0.9893,0,WARNING,20.1,6.4,27.8,6.9
17287,0.5283,0,NORMAL,20.9,7.5,28.3,8.8
17288,1.0,0,ANOMALY,24.9,19.0,42.1,22.2
17289,0.9864,0,WARNING,22.3,8.0,34.9,11.3
17290,1.0,0,ANOMALY,22.0,7.9,32.4,13.2
17291,0.9984,0,WARNING,20.7,6.6,29.6,6.1
17292,0.9984,0,WARNING,19.1,6.0,27.3,5.4
17293,0.9892,0,WARNING,19.3,6.3,27.2,6.6
17294,0.9983,0,WARNING,18.9,5.3,24.8,5.1
17295,0.9983,0,WARNING,19.1,7.2,31.1,7.7
17296,0.9983,0,WARNING,19.1,6.5,27.3,5.9
17297,0.9893,0,WARNING,19.0,6.3,27.1,6.8
17298,0.1002,0,NORMAL,19.1,6.1,27.8,7.5
17299,0.9983,0,WARNING,19.1,6.0,27.4,5.4
17300,0.9894,0,WARNING,19.1,6.6,27.2,6.7
17301,0.9983,0,WARNING,19.0,6.2,26.5,5.5
17302,0.9894,0,WARNING,19.0,5.9,27.3,6.8
17303,0.9983,0,WARNING,18.8,6.1,26.5,5.7
17304,0.2438,0,NORMAL,19.1,6.4,26.9,7.2
17305,0.9894,0,WARNING,18.7,5.9,27.1,6.8
17306,0.9983,0,WARNING,19.0,6.2,27.2,5.9
17307,0.9739,0,WARNING,19.0,6.2,26.7,6.3
17308,0.9894,0,WARNING,18.7,6.1,26.2,6.2
17309,0.9894,0,WARNING,18.6,6.1,27.3,6.7
17310,0.9894,0,WARNING,18.5,6.5,27.0,6.7
17311,0.9983,0,WARNING,18.4,6.4,26.9,5.8
17312,0.4143,0,NORMAL,18.6,6.0,26.6,6.9
17313,0.9894,0,WARNING,18.6,5.7,26.6,6.5
17314,0.106,0,NORMAL,18.7,6.0,27.4,7.3
17315,0.9983,0,WARNING,18.5,6.1,26.2,4.9
17316,0.9983,0,WARNING,18.2,6.1,27.1,5.2
17317,0.2931,0,NORMAL,18.2,6.2,27.2,7.2
17318,0.9983,0,WARNING,18.1,6.2,26.0,4.8
17319,0.209,0,NORMAL,18.2,5.6,27.1,7.3
17320,0.9983,0,WARNING,18.2,5.9,26.4,5.1
17321,0.9895,0,WARNING,18.3,5.9,26.2,6.3
17322,0.9895,0,WARNING,18.2,6.5,26.8,6.6
17323,0.9895,0,WARNING,18.1,6.4,26.4,6.5
17324,0.2936,0,NORMAL,18.1,5.8,26.5,6.9
17325,0.9983,0,WARNING,17.8,6.0,27.1,5.7
17326,0.9983,0,WARNING,17.8,6.1,26.5,5.7
17327,0.1312,0,NORMAL,17.9,6.0,26.2,7.0
17328,0.9983,0,WARNING,17.7,5.9,26.7,5.7
17329,0.9983,0,WARNING,17.8,6.1,26.1,4.9
17330,0.9895,0,WARNING,17.7,6.3,26.6,6.6
17331,0.9983,0,WARNING,17.4,5.5,26.1,4.8
17332,0.9895,0,WARNING,17.4,6.1,27.1,6.7
17333,0.9983,0,WARNING,17.4,6.1,26.6,5.2
17334,0.2102,0,NORMAL,17.8,6.0,26.6,7.2
17335,0.1057,0,NORMAL,17.6,5.9,27.4,7.3
17336,0.9895,0,WARNING,17.3,5.8,26.3,6.5
17337,0.1137,0,NORMAL,17.5,6.2,26.8,7.2
17338,0.9983,0,WARNING,17.3,5.8,26.8,5.3
17339,0.9983,0,WARNING,17.2,6.0,26.3,4.9
17340,0.9983,0,WARNING,17.2,6.3,26.9,5.2
17341,0.9895,0,WARNING,17.2,5.8,25.9,6.2
17342,0.9983,0,WARNING,17.1,6.0,26.9,5.8
17343,0.9983,0,WARNING,17.1,6.1,26.4,5.1
17344,0.4118,0,NORMAL,17.2,5.8,26.0,6.9
17345,0.9983,0,WARNING,17.1,6.1,27.5,5.5
17346,0.9895,0,WARNING,18.3,6.3,27.1,6.6
17347,0.9983,0,WARNING,20.1,7.4,27.3,7.0
17348,1.0,0,ANOMALY,24.6,19.5,39.5,20.9
17349,0.9984,0,WARNING,20.9,7.5,34.1,9.6
17350,1.0,0,ANOMALY,19.6,9.3,33.6,14.8
17351,0.9889,0,WARNING,17.6,5.5,26.0,6.2
17352,0.9984,0,WARNING,18.1,5.5,25.0,4.6
17353,0.9893,0,WARNING,17.5,6.2,27.9,7.0
17354,0.9739,0,WARNING,17.4,5.6,26.9,6.4
17355,0.9983,0,WARNING,17.2,5.8,26.8,5.2
17356,0.9895,0,WARNING,17.2,5.5,26.2,6.3
17357,0.9983,0,WARNING,17.2,5.7,26.0,4.9
17358,0.9895,0,WARNING,17.1,5.5,26.6,6.6
17359,0.2403,0,NORMAL,16.9,5.5,26.4,7.0
17360,0.9983,0,WARNING,16.9,5.9,26.5,5.2
17361,0.9895,0,WARNING,16.8,5.6,25.8,6.2
17362,0.1726,0,NORMAL,16.8,5.6,26.3,7.0
17363,0.9896,0,WARNING,16.7,5.5,26.3,6.4
17364,0.9983,0,WARNING,16.7,6.1,25.9,4.7
17365,0.9983,0,WARNING,16.7,5.7,26.6,5.7
17366,0.1551,0,NORMAL,17.1,5.6,26.6,7.0
17367,0.9983,0,WARNING,17.8,5.8,25.6,4.8
17368,0.9983,0,WARNING,17.7,5.8,26.4,5.6
17369,0.9983,0,WARNING,17.8,5.7,26.5,5.6
17370,0.9983,0,WARNING,17.7,5.7,26.0,5.5
17371,0.9895,0,WARNING,18.0,5.7,26.0,6.2
17372,0.9983,0,WARNING,18.0,5.4,26.8,5.1
17373,0.9895,0,WARNING,18.2,5.8,26.4,6.5
17374,0.1196,0,NORMAL,18.2,5.8,26.4,7.1
17375,0.41,0,NORMAL,18.4,5.5,24.7,6.4
17376,0.9895,0,WARNING,18.5,6.1,28.4,7.1
17377,0.9983,0,WARNING,18.5,5.6,26.1,5.1
17378,0.9983,0,WARNING,18.9,5.8,26.3,5.7
17379,0.9894,0,WARNING,18.4,5.5,26.1,6.3
17380,0.9895,0,WARNING,18.6,5.5,26.3,6.3
17381,0.9983,0,WARNING,18.4,5.4,26.1,5.1
17382,0.9895,0,WARNING,18.6,5.7,25.9,6.2
17383,0.9895,0,WARNING,18.5,5.4,25.5,6.1
17384,0.125,0,NORMAL,18.4,5.4,26.0,6.9
17385,0.1181,0,NORMAL,18.3,5.7,26.3,6.9
17386,0.9895,0,WARNING,18.4,5.8,26.0,6.4
17387,0.9895,0,WARNING,18.3,5.7,26.2,6.3
17388,0.9895,0,WARNING,18.3,5.3,26.1,6.3
17389,0.4084,0,NORMAL,18.7,5.6,25.8,6.7
17390,0.9983,0,WARNING,18.7,5.8,26.4,5.1
17391,0.1104,0,NORMAL,18.8,5.9,26.3,7.0
17392,0.409,0,NORMAL,18.7,5.5,26.1,6.8
17393,0.1009,0,NORMAL,18.4,5.7,26.9,7.1
17394,0.9983,0,WARNING,18.2,5.9,26.5,5.0
17395,0.9983,0,WARNING,18.1,5.2,26.6,5.1
17396,0.2899,0,NORMAL,18.5,5.8,26.6,6.9
17397,0.9983,0,WARNING,18.3,5.7,26.1,5.1
17398,0.9895,0,WARNING,18.5,5.6,26.7,6.6
17399,0.9895,0,WARNING,18.3,5.7,26.5,6.4
17400,0.9983,0,WARNING,18.5,5.8,26.4,5.1
17401,0.9983,0,WARNING,18.6,5.8,26.0,4.9
17402,0.9895,0,WARNING,18.3,5.7,27.1,6.8
17403,0.9895,0,WARNING,18.3,5.6,26.5,6.4
17404,0.9983,0,WARNING,18.5,5.6,26.4,5.5
17405,0.9895,0,WARNING,18.3,5.7,26.5,6.5
17406,0.9983,0,WARNING,18.7,5.5,27.3,5.3
17407,0.9086,0,WARNING,20.6,7.9,27.0,8.3
17408,1.0,0,ANOMALY,23.9,12.4,37.1,18.2
17409,0.9976,0,WARNING,21.4,10.8,37.9,12.2
17410,1.0,0,ANOMALY,20.7,9.0,34.1,15.6
17411,0.9888,0,WARNING,18.5,5.1,25.3,6.0
17412,0.9984,0,WARNING,18.3,5.8,28.6,5.7
17413,0.3109,0,NORMAL,18.2,5.6,27.2,7.2
17414,0.9983,0,WARNING,17.9,5.3,26.3,5.7
17415,0.9983,0,WARNING,17.9,5.3,25.8,5.4
17416,0.9895,0,WARNING,18.5,5.1,27.3,6.8
17417,0.9983,0,WARNING,18.2,5.7,26.4,5.6
17418,0.9983,0,WARNING,18.1,5.5,26.6,5.2
17419,0.9983,0,WARNING,18.1,4.9,25.0,4.5
17420,0.9983,0,WARNING,18.1,6.4,28.4,5.6
17421,0.9895,0,WARNING,18.2,5.8,26.6,6.6
17422,0.9983,0,WARNING,18.1,5.4,27.2,5.4
17423,0.9895,0,WARNING,18.1,5.5,26.7,6.6
17424,0.9983,0,WARNING,17.8,5.2,25.0,5.1
17425,0.9895,0,WARNING,17.5,5.0,24.5,5.8
17426,0.9896,0,WARNING,17.9,6.6,30.5,7.8
17427,0.2925,0,NORMAL,17.6,5.4,27.1,7.1
17428,0.9983,0,WARNING,17.6,5.6,26.8,5.2
17429,0.9983,0,WARNING,17.5,6.0,27.0,5.8
17430,0.9983,0,WARNING,17.3,5.6,26.6,5.3
17431,0.9983,0,WARNING,17.4,5.2,27.1,5.3
17432,0.9983,0,WARNING,17.2,5.9,27.0,5.2
17433,0.9895,0,WARNING,17.2,5.5,26.1,6.3
17434,0.9895,0,WARNING,17.0,5.4,27.5,6.8
17435,0.9895,0,WARNING,17.4,5.9,26.9,6.6
17436,0.9895,0,WARNING,17.2,5.5,26.5,6.4
17437,0.9983,0,WARNING,17.0,6.0,27.6,5.5
17438,0.9895,0,WARNING,16.8,5.7,26.9,6.7
17439,0.9983,0,WARNING,16.9,5.8,26.6,5.6
17440,0.9895,0,WARNING,17.4,5.7,25.7,6.1
17441,0.9983,0,WARNING,17.0,5.5,27.8,5.5
17442,0.9895,0,WARNING,16.8,5.9,26.3,6.4
17443,0.203,0,NORMAL,16.7,5.7,27.0,7.2
17444,0.9983,0,WARNING,16.8,5.4,26.5,5.7
17445,0.202,0,NORMAL,16.7,5.3,26.3,7.0
17446,0.9983,0,WARNING,16.8,5.5,26.5,5.6
17447,0.9983,0,WARNING,16.6,5.7,26.4,5.0
17448,0.2899,0,NORMAL,16.6,5.2,26.8,7.0
17449,0.9983,0,WARNING,16.6,5.5,26.7,5.3
17450,0.9983,0,WARNING,16.5,5.7,26.7,5.7
17451,0.9895,0,WARNING,16.5,5.9,27.0,6.7
17452,0.2009,0,NORMAL,16.7,5.4,26.8,7.1
17453,0.9895,0,WARNING,16.5,5.5,26.4,6.4
17454,0.9983,0,WARNING,16.2,5.4,26.4,5.2
17455,0.9983,0,WARNING,16.3,5.4,26.5,5.1
17456,0.9895,0,WARNING,16.3,5.5,27.1,6.6
17457,0.9895,0,WARNING,16.3,5.6,26.5,6.6
17458,0.9983,0,WARNING,16.2,5.7,26.7,5.2
17459,0.9983,0,WARNING,16.2,5.5,27.0,5.8
17460,0.9983,0,WARNING,16.2,5.9,26.4,5.5
17461,0.9983,0,WARNING,16.1,5.7,26.3,5.5
17462,0.9895,0,WARNING,16.2,5.5,26.8,6.7
17463,0.9895,0,WARNING,16.1,5.6,26.4,6.3
17464,0.9983,0,WARNING,16.1,5.6,26.2,5.5
17465,0.1927,0,NORMAL,16.1,5.7,26.3,7.0
17466,0.9983,0,WARNING,16.9,5.7,27.4,5.9
17467,0.998,0,WARNING,20.0,10.3,28.0,9.8
17468,1.0,0,ANOMALY,22.3,17.7,42.7,21.3
17469,0.9985,0,WARNING,20.4,6.6,30.6,7.9
17470,1.0,0,ANOMALY,18.7,7.7,33.3,14.6
17471,0.9889,0,WARNING,17.1,5.8,27.1,6.5
17472,0.4354,0,NORMAL,17.5,5.4,26.4,6.8
17473,0.9893,0,WARNING,17.5,5.4,26.3,6.3
17474,0.9894,0,WARNING,17.5,5.9,26.9,6.0
17475,0.9894,0,WARNING,18.0,5.4,26.7,6.6
17476,0.9983,0,WARNING,17.8,5.4,26.7,5.1
17477,0.9894,0,WARNING,17.9,5.8,26.1,6.4
17478,0.9983,0,WARNING,17.9,5.7,26.4,4.9
17479,0.9895,0,WARNING,17.8,5.5,26.5,6.4
17480,0.9983,0,WARNING,17.9,5.7,26.2,5.3
17481,0.9895,0,WARNING,18.1,5.7,27.6,6.9
17482,0.2071,0,NORMAL,18.1,5.6,26.3,7.1
17483,0.9894,0,WARNING,18.1,5.3,26.5,6.6
17484,0.9895,0,WARNING,18.6,5.6,26.5,6.4
17485,0.9983,0,WARNING,18.6,5.9,26.7,5.8
17486,0.9983,0,WARNING,18.5,5.3,26.8,5.7
17487,0.9983,0,WARNING,18.1,4.9,23.6,4.5
17488,0.9983,0,WARNING,18.3,6.3,29.6,6.7
17489,0.9894,0,WARNING,18.3,5.9,26.3,6.4
17490,0.9894,0,WARNING,18.8,5.6,27.2,6.7
17491,0.9894,0,WARNING,18.4,5.9,26.4,6.5
17492,0.9983,0,WARNING,18.0,5.9,26.8,5.8
17493,0.1053,0,NORMAL,18.4,5.9,27.2,7.3
17494,0.3049,0,NORMAL,18.1,5.5,27.2,7.2
17495,0.4139,0,NORMAL,18.1,6.1,26.6,6.8
17496,0.9983,0,WARNING,18.2,6.2,27.5,5.3
17497,0.9983,0,WARNING,18.3,6.2,27.2,5.9
17498,0.4154,0,NORMAL,18.4,6.1,26.7,7.0
17499,0.9983,0,WARNING,18.2,6.0,27.5,5.4
17500,0.9894,0,WARNING,18.2,6.4,27.8,6.9
17501,0.9983,0,WARNING,18.6,6.5,27.2,5.3
17502,0.9983,0,WARNING,18.5,6.2,27.7,5.5
17503,0.9894,0,WARNING,18.5,6.2,27.5,6.7
17504,0.9983,0,WARNING,18.5,6.7,28.0,6.0
17505,0.9983,0,WARNING,18.5,6.5,27.2,5.7
17506,0.9983,0,WARNING,18.2,6.6,27.5,5.5
17507,0.9983,0,WARNING,18.4,6.3,27.9,6.0
17508,0.9983,0,WARNING,18.1,6.5,27.5,5.5
17509,0.9983,0,WARNING,18.5,7.0,27.7,5.4
17510,0.9894,0,WARNING,18.3,7.4,28.3,6.9
17511,0.9983,0,WARNING,18.6,6.7,27.8,5.4
17512,0.2989,0,NORMAL,18.3,6.6,27.7,7.2
17513,0.9894,0,WARNING,18.3,7.2,27.8,6.9
17514,0.9983,0,WARNING,18.0,7.3,27.5,5.8
17515,0.9983,0,WARNING,18.1,6.5,27.5,5.9
17516,0.9983,0,WARNING,18.1,6.6,28.1,5.6
17517,0.2662,0,NORMAL,18.4,7.1,28.0,7.5
17518,0.3099,0,NORMAL,18.4,7.0,28.3,7.5
17519,0.2994,0,NORMAL,18.5,7.2,28.2,7.4
17520,0.4235,0,NORMAL,18.5,7.2,27.9,7.2
17521,0.9983,0,WARNING,18.5,7.0,28.2,5.6
17522,0.4227,0,NORMAL,18.8,7.1,27.7,7.3
17523,0.9893,0,WARNING,18.8,6.7,27.7,6.0
17524,0.2979,0,NORMAL,18.3,7.1,28.0,7.5
17525,0.4213,0,NORMAL,18.2,7.3,27.8,7.3
17526,0.9983,0,WARNING,19.1,6.9,28.8,6.2
17527,0.9983,0,WARNING,20.8,8.2,29.2,7.0
17528,1.0,0,ANOMALY,25.1,17.7,41.1,18.8
17529,0.9923,0,WARNING,22.8,10.3,37.4,11.8
17530,1.0,0,ANOMALY,23.5,9.9,35.6,16.6
17531,0.9985,0,WARNING,20.0,8.0,27.0,7.2
17532,0.9984,0,WARNING,18.4,5.7,27.4,5.9
17533,0.9891,0,WARNING,19.1,9.5,31.9,8.1
17534,0.9984,0,WARNING,18.5,7.0,28.7,6.3
17535,0.4347,0,NORMAL,18.4,7.1,27.8,7.2
17536,0.9983,0,WARNING,18.7,7.3,28.1,5.4
17537,0.9983,0,WARNING,18.8,7.5,28.5,6.3
17538,0.9983,0,WARNING,18.5,6.7,27.8,5.4
17539,0.9893,0,WARNING,17.9,6.6,27.0,6.7
17540,0.2975,0,NORMAL,17.9,7.7,29.0,7.8
17541,0.9983,0,WARNING,18.0,6.7,26.7,5.5
17542,0.9894,0,WARNING,18.3,7.1,28.4,7.0
17543,0.9983,0,WARNING,18.2,7.2,28.9,6.2
17544,0.9983,0,WARNING,18.1,7.4,28.1,6.1
17545,0.4235,0,NORMAL,18.1,6.8,26.6,6.9
17546,0.9894,0,WARNING,18.2,7.1,28.3,7.1
17547,0.2456,0,NORMAL,18.2,7.5,29.0,7.8
17548,0.9983,0,WARNING,18.1,7.2,27.6,6.3
17549,0.2174,0,NORMAL,17.9,6.4,28.4,7.6
17550,0.9983,0,WARNING,17.8,7.3,28.1,5.5
17551,0.4227,0,NORMAL,17.7,7.1,27.3,6.9
17552,0.9894,0,WARNING,17.5,6.9,28.6,7.1
17553,0.4227,0,NORMAL,18.0,6.6,26.9,7.0
17554,0.2443,0,NORMAL,18.0,7.6,29.5,8.0
17555,0.4249,0,NORMAL,18.0,6.9,28.0,7.4
17556,0.9983,0,WARNING,18.2,6.8,27.3,5.7
17557,0.9983,0,WARNING,17.9,7.6,29.3,7.0
17558,0.9983,0,WARNING,18.0,7.2,27.8,5.8
17559,0.9983,0,WARNING,18.1,7.4,28.7,6.1
17560,0.9983,0,WARNING,17.8,7.0,28.6,5.7
17561,0.9983,0,WARNING,17.6,6.8,28.0,5.6
17562,0.9894,0,WARNING,17.5,7.1,27.9,6.8
17563,0.9983,0,WARNING,17.6,7.3,29.2,6.0
17564,0.3042,0,NORMAL,17.5,7.5,28.6,8.1
17565,0.4261,0,NORMAL,17.3,6.7,28.4,7.5
17566,0.9893,0,WARNING,17.3,7.0,27.9,6.8
17567,0.9983,0,WARNING,17.2,7.2,28.9,6.2
17568,0.9983,0,WARNING,17.2,7.2,28.6,6.2
17569,0.9983,0,WARNING,17.1,6.7,28.5,5.6
17570,0.1679,0,NORMAL,17.2,7.4,28.7,7.7
17571,0.4258,0,NORMAL,17.3,7.7,28.1,7.4
17572,0.9983,0,WARNING,17.3,7.7,29.5,6.5
17573,0.9983,0,WARNING,17.2,7.1,29.0,6.5
17574,0.974,0,WARNING,17.6,7.2,28.3,6.7
17575,0.9983,0,WARNING,18.1,7.6,28.7,5.6
17576,0.9983,0,WARNING,18.3,7.3,29.9,6.6
17577,0.2181,0,NORMAL,18.4,6.9,29.2,7.9
17578,0.9983,0,WARNING,19.3,7.1,28.6,6.3
17579,0.9983,0,WARNING,19.0,7.2,28.4,6.2
17580,0.1578,0,NORMAL,19.4,7.6,30.0,8.1
17581,0.9983,0,WARNING,19.4,7.1,28.7,5.7
17582,0.9983,0,WARNING,19.9,7.9,30.2,7.1
17583,0.9983,0,WARNING,19.5,7.3,28.7,6.1
17584,0.2112,0,NORMAL,19.4,7.1,29.1,8.3
17585,0.9983,0,WARNING,20.0,6.8,27.6,5.9
17586,0.9983,0,WARNING,21.1,7.8,30.1,7.1
17587,0.9508,0,WARNING,22.2,11.1,30.7,9.5
17588,1.0,0,ANOMALY,25.2,14.2,40.2,18.9
17589,0.9998,0,WARNING,23.9,14.4,40.4,14.5
17590,1.0,0,ANOMALY,23.7,11.2,37.7,18.9
17591,0.9985,0,WARNING,20.8,6.8,27.8,5.8
17592,0.3528,0,NORMAL,20.0,7.7,30.5,8.1
17593,0.9746,0,WARNING,20.6,7.9,28.9,8.0
17594,0.2353,0,NORMAL,20.6,7.6,30.1,8.2
17595,0.2577,0,NORMAL,20.1,7.0,29.3,7.9
17596,0.9984,0,WARNING,20.2,7.7,29.6,6.6
17597,0.4369,0,NORMAL,20.5,7.2,27.9,7.4
17598,0.4016,0,NORMAL,20.4,8.0,30.9,8.3
17599,0.9984,0,WARNING,20.4,7.3,29.0,5.7
17600,0.5241,0,NORMAL,19.8,7.8,29.6,7.9
17601,0.3055,0,NORMAL,19.7,7.8,29.6,8.0
17602,0.4315,0,NORMAL,19.9,7.7,29.6,8.3
17603,0.1308,0,NORMAL,19.8,7.2,30.1,8.1
17604,0.433,0,NORMAL,19.7,7.8,29.6,7.8
17605,0.1549,0,NORMAL,19.5,7.6,29.7,8.5
17606,0.9984,0,WARNING,19.3,7.1,29.0,6.8
17607,0.3031,0,NORMAL,19.3,7.5,29.4,8.3
17608,0.9984,0,WARNING,19.5,8.0,29.6,6.5
17609,0.4316,0,NORMAL,19.7,7.8,29.2,7.8
17610,0.9984,0,WARNING,19.2,6.9,28.1,6.7
17611,0.3884,0,NORMAL,19.1,7.9,29.7,8.0
17612,0.9983,0,WARNING,18.9,7.6,29.7,6.7
17613,0.4312,0,NORMAL,19.0,7.2,29.3,8.3
17614,0.303,0,NORMAL,18.8,7.3,29.8,8.5
17615,0.9984,0,WARNING,18.9,7.8,29.4,7.3
17616,0.9892,0,WARNING,18.3,6.5,25.9,6.2
17617,0.2824,0,NORMAL,18.9,8.8,32.5,9.5
17618,0.9984,0,WARNING,18.8,7.6,30.4,6.8
17619,0.9742,0,WARNING,18.7,7.5,29.6,8.3
17620,0.9983,0,WARNING,18.7,8.0,29.5,6.6
17621,0.9892,0,WARNING,18.5,8.0,30.6,7.8
17622,0.2141,0,NORMAL,18.7,7.3,29.5,7.9
17623,0.9892,0,WARNING,18.7,7.8,30.2,7.6
17624,0.9984,0,WARNING,18.5,7.9,29.5,6.5
17625,0.9984,0,WARNING,18.3,7.8,29.6,6.6
17626,0.2111,0,NORMAL,19.1,7.5,30.9,8.4
17627,0.436,0,NORMAL,18.5,7.1,29.2,7.7
17628,0.9984,0,WARNING,19.0,8.2,29.8,6.0
17629,0.9892,0,WARNING,18.5,7.9,29.8,7.5
17630,0.214,0,NORMAL,18.4,7.6,29.5,7.9
17631,0.3047,0,NORMAL,18.4,7.2,29.7,7.9
17632,0.3063,0,NORMAL,18.3,8.1,29.7,7.9
17633,0.4057,0,NORMAL,18.4,7.8,29.8,8.1
17634,0.9984,0,WARNING,18.3,7.7,30.3,7.9
17635,0.9984,0,WARNING,18.3,7.9,30.0,6.7
17636,0.9984,0,WARNING,18.3,8.0,29.9,6.6
17637,0.9983,0,WARNING,18.3,7.8,30.6,6.4
17638,0.4366,0,NORMAL,18.6,7.9,30.1,7.9
17639,0.5523,0,NORMAL,18.3,8.1,29.9,7.9
17640,0.9984,0,WARNING,18.8,8.4,30.9,6.9
17641,0.1762,0,NORMAL,18.5,7.7,29.8,8.1
17642,0.3208,0,NORMAL,19.0,8.5,30.8,8.3
17643,0.4376,0,NORMAL,18.2,6.9,26.9,7.0
17644,0.9741,0,WARNING,18.5,8.6,33.0,8.4
17645,0.9984,0,WARNING,18.4,8.1,30.5,6.7
17646,0.9984,0,WARNING,19.1,8.0,30.5,6.3
17647,0.9984,0,WARNING,20.3,8.9,31.0,8.0
17648,1.0,0,ANOMALY,24.9,12.2,41.6,18.8
17649,1.0,0,ANOMALY,24.7,25.9,43.3,16.0
17650,1.0,0,ANOMALY,22.3,11.9,38.7,20.5
17651,0.9985,0,WARNING,19.5,7.3,28.7,6.4
17652,0.9984,0,WARNING,18.7,8.0,31.0,6.5
17653,0.9889,0,WARNING,18.5,8.8,32.9,8.5
17654,0.4256,0,NORMAL,18.8,8.4,31.3,8.5
17655,0.9984,0,WARNING,18.4,7.5,30.9,6.4
17656,0.9984,0,WARNING,18.4,8.2,29.9,6.5
17657,0.2467,0,NORMAL,18.0,7.6,30.3,8.3
17658,0.9984,0,WARNING,18.5,8.8,31.1,7.1
17659,0.9743,0,WARNING,18.1,7.6,30.4,7.9
17660,0.9891,0,WARNING,17.9,8.2,30.4,7.8
17661,0.2675,0,NORMAL,18.3,8.9,31.4,8.6
17662,0.3224,0,NORMAL,18.2,8.3,30.7,8.3
17663,0.9891,0,WARNING,18.0,7.6,30.3,6.9
17664,0.4391,0,NORMAL,18.1,8.6,31.0,8.2
17665,0.9984,0,WARNING,17.9,8.1,30.0,6.7
17666,0.1951,0,NORMAL,18.1,8.0,30.7,8.4
17667,0.2415,0,NORMAL,18.2,8.2,31.5,9.1
17668,0.4791,0,NORMAL,18.4,8.7,30.3,8.5
17669,0.9984,0,WARNING,18.1,8.6,31.6,7.2
17670,0.9984,0,WARNING,18.0,7.9,30.4,6.3
17671,0.9891,0,WARNING,18.1,8.5,31.1,7.8
17672,0.9984,0,WARNING,18.5,8.4,31.1,7.0
17673,0.9743,0,WARNING,18.4,8.2,30.9,7.7
17674,0.9984,0,WARNING,18.0,7.7,31.0,7.7
17675,0.3055,0,NORMAL,18.0,8.4,30.8,8.4
17676,0.9984,0,WARNING,17.8,8.3,30.7,6.9
17677,0.9984,0,WARNING,18.0,8.6,30.8,7.0
17678,0.9891,0,WARNING,18.0,8.4,30.9,7.9
17679,0.3893,0,NORMAL,18.2,8.2,31.1,8.3
17680,0.9984,0,WARNING,18.4,7.7,30.2,7.1
17681,0.9984,0,WARNING,19.1,8.8,30.6,6.9
17682,0.9984,0,WARNING,19.4,8.8,30.8,7.0
17683,0.2313,0,NORMAL,19.8,8.0,31.8,8.8
17684,0.2055,0,NORMAL,19.3,8.0,30.7,8.3
17685,0.3562,0,NORMAL,19.7,8.5,30.9,8.4
17686,0.2257,0,NORMAL,19.9,7.9,31.2,8.5
17687,0.9984,0,WARNING,19.9,7.9,31.3,6.6
17688,0.9984,0,WARNING,20.2,8.3,30.9,7.0
17689,0.9984,0,WARNING,20.1,8.2,31.4,7.2
17690,0.9984,0,WARNING,19.8,7.9,31.2,7.1
17691,0.2487,0,NORMAL,19.7,8.2,31.2,8.5
17692,0.9984,0,WARNING,20.6,8.7,30.8,7.0
17693,0.231,0,NORMAL,20.7,8.6,31.0,9.0
17694,0.9984,0,WARNING,20.2,8.0,31.2,7.0
17695,0.9984,0,WARNING,20.7,8.5,30.6,6.8
17696,0.9984,0,WARNING,20.3,8.6,31.8,7.2
17697,0.2226,0,NORMAL,20.3,8.0,31.0,8.4
17698,0.9984,0,WARNING,20.0,8.2,31.7,7.8
17699,0.5147,0,NORMAL,19.9,8.8,31.3,8.5
17700,0.4431,0,NORMAL,19.9,8.4,30.6,8.2
17701,0.9984,0,WARNING,20.3,8.3,32.3,7.5
17702,0.9984,0,WARNING,20.3,8.4,31.0,8.0
17703,0.9984,0,WARNING,19.7,8.3,30.1,6.6
17704,0.9984,0,WARNING,19.9,9.0,31.7,8.7
17705,0.2136,0,NORMAL,20.4,8.2,31.4,8.5
17706,0.2325,0,NORMAL,21.2,8.7,31.7,8.6
17707,0.9933,0,WARNING,23.2,11.1,31.3,9.1
17708,1.0,0,ANOMALY,26.7,20.6,46.1,24.6
17709,0.9986,0,WARNING,23.1,12.7,40.5,13.8
17710,1.0,0,ANOMALY,23.8,13.0,38.3,18.5
17711,0.5642,0,NORMAL,21.8,9.0,36.5,12.1
17712,0.9884,0,WARNING,19.9,6.8,25.9,6.1
17713,0.33,0,NORMAL,19.7,9.1,33.5,9.3
17714,0.5988,0,NORMAL,20.4,9.7,32.5,8.9
17715,0.3353,0,NORMAL,20.3,8.7,33.3,9.2
17716,0.4542,0,NORMAL,20.1,8.7,32.5,8.8
17717,0.9984,0,WARNING,19.9,8.8,30.6,7.3
17718,0.2558,0,NORMAL,20.0,9.0,31.1,8.4
17719,0.9984,0,WARNING,19.8,8.3,31.6,6.7
17720,0.312,0,NORMAL,19.7,8.8,32.0,8.6
17721,0.446,0,NORMAL,19.7,8.5,30.7,8.2
17722,0.9984,0,WARNING,19.9,8.5,31.4,7.3
17723,0.9744,0,WARNING,20.0,8.2,31.6,8.0
17724,0.9984,0,WARNING,19.7,8.7,31.2,7.7
17725,0.4371,0,NORMAL,19.9,8.7,31.5,8.6
17726,0.9984,0,WARNING,20.1,8.3,31.2,7.0
17727,0.989,0,WARNING,19.6,8.5,32.1,8.2
17728,0.9984,0,WARNING,19.4,8.9,31.2,7.0
17729,0.9984,0,WARNING,19.4,8.8,31.1,7.0
17730,0.281,0,NORMAL,19.5,8.9,31.9,9.2
17731,0.9984,0,WARNING,19.4,8.8,31.1,6.5
17732,0.2264,0,NORMAL,19.2,8.6,31.2,8.6
17733,0.4438,0,NORMAL,19.0,8.7,31.6,8.5
17734,0.9984,0,WARNING,19.1,8.7,31.7,8.3
17735,0.9984,0,WARNING,19.3,9.9,31.9,7.3
17736,0.5341,0,NORMAL,19.4,9.7,31.7,8.4
17737,0.2502,0,NORMAL,19.2,8.9,31.6,8.7
17738,0.989,0,WARNING,19.0,9.2,31.7,8.1
17739,0.989,0,WARNING,19.1,9.3,32.1,8.3
17740,0.9984,0,WARNING,19.2,8.2,31.2,7.1
17741,0.3802,0,NORMAL,19.1,9.1,32.2,9.3
17742,0.9984,0,WARNING,19.1,9.0,31.1,7.1
17743,0.5513,0,NORMAL,19.5,9.3,31.6,8.5
17744,0.9984,0,WARNING,19.2,8.8,31.8,7.2
17745,0.2219,0,NORMAL,19.0,8.3,31.2,8.6
17746,0.4155,0,NORMAL,18.9,8.8,32.0,8.8
17747,0.6092,0,WARNING,18.9,9.4,31.7,8.7
17748,0.9984,0,WARNING,19.4,8.5,31.3,7.2
17749,0.9984,0,WARNING,19.2,8.9,31.8,7.3
17750,0.5277,0,NORMAL,18.8,8.6,31.0,8.3
17751,0.9984,0,WARNING,18.7,8.8,31.7,7.2
17752,0.3123,0,NORMAL,18.8,8.2,31.8,8.6
17753,0.9984,0,WARNING,18.7,8.7,31.1,7.0
17754,0.4882,0,NORMAL,18.5,9.0,32.3,8.8
17755,0.9984,0,WARNING,18.8,8.6,30.8,7.4
17756,0.9984,0,WARNING,19.0,8.5,32.1,7.4
17757,0.5074,0,NORMAL,18.6,8.7,31.0,8.5
17758,0.2534,0,NORMAL,18.7,8.8,31.8,8.7
17759,0.9984,0,WARNING,18.5,8.5,31.2,6.9
17760,0.9744,0,WARNING,18.5,9.3,31.7,7.9
17761,0.9984,0,WARNING,18.7,9.3,31.9,7.3
17762,0.2285,0,NORMAL,18.1,8.5,31.0,8.5
17763,0.2513,0,NORMAL,18.4,8.4,31.8,8.8
17764,0.4466,0,NORMAL,18.4,8.7,30.8,8.2
17765,0.5056,0,NORMAL,19.2,9.2,31.7,9.3
17766,0.9984,0,WARNING,19.4,8.2,31.9,7.2
17767,0.4586,0,NORMAL,20.9,9.5,32.7,10.1
17768,1.0,0,ANOMALY,25.6,17.3,45.5,21.2
17769,0.9992,0,WARNING,22.5,16.7,42.1,13.5
17770,1.0,0,ANOMALY,22.5,12.0,40.1,18.3
17771,0.569,0,NORMAL,20.9,9.5,38.2,12.3
17772,0.9985,0,WARNING,19.2,8.8,32.0,7.8
17773,0.975,0,WARNING,19.2,9.9,31.7,7.9
17774,0.9984,0,WARNING,19.2,9.1,32.1,7.9
17775,0.9984,0,WARNING,18.9,8.3,31.6,7.1
17776,0.3154,0,NORMAL,18.8,8.3,31.9,8.6
17777,0.6107,0,WARNING,18.7,9.2,31.5,8.5
17778,0.9984,0,WARNING,18.5,9.4,32.0,6.9
17779,0.9984,0,WARNING,18.6,9.2,32.4,7.5
17780,0.9984,0,WARNING,18.4,8.8,31.7,7.2
17781,0.9984,0,WARNING,18.3,8.2,28.9,6.3
17782,0.9984,0,WARNING,18.6,9.9,32.6,7.1
17783,0.989,0,WARNING,17.6,5.6,26.0,5.5
17784,0.9983,0,WARNING,19.0,10.4,32.9,7.5
17785,0.3178,0,NORMAL,19.4,9.1,32.2,9.3
17786,0.9984,0,WARNING,18.8,7.9,27.1,5.7
17787,0.4343,0,NORMAL,18.8,8.5,30.2,8.1
17788,0.4353,0,NORMAL,18.6,8.4,31.1,8.4
17789,0.8217,0,WARNING,17.5,4.9,22.2,5.6
17790,0.9894,0,WARNING,16.3,1.7,17.9,3.0
17791,0.9897,0,WARNING,17.0,4.3,24.9,5.9
17792,0.9983,0,WARNING,17.7,7.6,30.3,6.8
17793,0.9894,0,WARNING,17.3,6.3,29.8,7.9
17794,0.5636,0,NORMAL,17.4,6.4,29.9,8.4
17795,0.9983,0,WARNING,17.3,6.7,30.0,6.9
17796,0.2534,0,NORMAL,17.6,6.5,30.2,8.4
17797,0.5004,0,NORMAL,17.5,7.1,30.0,9.2
17798,0.567,0,NORMAL,17.4,6.0,29.5,8.6
17799,0.5796,0,NORMAL,17.7,7.4,28.0,7.9
17800,0.9983,0,WARNING,17.9,8.4,30.6,6.3
17801,0.9983,0,WARNING,18.7,9.0,30.3,6.7
17802,0.9983,0,WARNING,18.7,9.3,30.7,7.0
17803,0.9891,0,WARNING,18.3,6.9,26.9,6.6
17804,0.9983,0,WARNING,17.0,2.3,18.4,2.5
17805,0.9983,0,WARNING,16.3,2.0,20.3,3.4
17806,0.9982,0,WARNING,18.8,8.0,27.0,5.3
17807,0.6051,0,WARNING,19.5,10.5,30.1,8.3
17808,0.5173,0,NORMAL,19.5,11.4,32.9,8.7
17809,0.5467,0,NORMAL,19.9,10.8,29.9,7.8
17810,0.9984,0,WARNING,19.8,9.6,30.4,6.7
17811,0.9891,0,WARNING,17.2,2.4,19.1,4.2
17812,0.9983,0,WARNING,16.4,1.1,17.8,2.5
17813,0.9982,0,WARNING,16.9,2.4,18.4,2.6
17814,0.3758,0,NORMAL,18.2,7.8,28.8,8.1
17815,0.3983,0,NORMAL,18.0,7.2,28.4,8.0
17816,0.9895,0,WARNING,17.2,4.9,23.8,5.6
17817,0.9896,0,WARNING,16.0,1.4,17.7,3.9
17818,0.9982,0,WARNING,16.0,1.4,18.3,2.7
17819,0.9982,0,WARNING,17.6,5.3,20.6,3.5
17820,0.9982,0,WARNING,16.9,3.4,19.5,3.4
17821,0.9982,0,WARNING,16.2,2.8,21.0,3.5
17822,0.9899,0,WARNING,16.4,2.4,18.8,3.9
17823,0.9982,0,WARNING,17.7,5.5,23.1,3.8
17824,0.6506,0,WARNING,17.9,7.0,25.6,6.5
17825,0.6578,0,WARNING,17.8,6.7,25.6,6.6
17826,0.9983,0,WARNING,19.3,9.0,30.0,6.0
17827,0.9983,0,WARNING,20.8,10.8,30.3,7.8
17828,1.0,0,ANOMALY,24.7,14.2,38.9,17.5
17829,1.0,0,ANOMALY,25.7,22.6,44.2,17.2
17830,0.7305,0,WARNING,21.8,8.8,28.1,7.5
17831,1.0,0,ANOMALY,20.8,9.2,29.3,13.1
17832,0.5126,0,NORMAL,21.6,11.6,39.5,12.6
17833,0.4695,0,NORMAL,19.6,10.2,30.5,8.1
17834,0.458,0,NORMAL,19.3,9.5,29.5,7.8
17835,0.9984,0,WARNING,19.4,9.4,32.0,7.2
17836,0.9984,0,WARNING,20.3,11.4,30.1,6.4
17837,0.9984,0,WARNING,19.6,10.1,32.6,7.4
17838,0.9984,0,WARNING,18.7,7.8,24.3,5.0
17839,0.678,0,WARNING,19.4,8.6,28.1,7.1
17840,0.9983,0,WARNING,19.5,9.0,29.2,6.2
17841,0.9983,0,WARNING,19.6,8.7,26.5,5.3
17842,0.6753,0,WARNING,19.3,7.2,25.6,6.5
17843,0.9894,0,WARNING,19.5,8.6,26.4,5.5
17844,0.9983,0,WARNING,19.0,8.6,28.2,6.1
17845,0.4834,0,NORMAL,19.4,10.1,29.7,7.8
17846,0.5299,0,NORMAL,19.8,10.8,29.9,7.7
17847,0.9892,0,WARNING,19.8,10.2,30.4,7.4
17848,0.9892,0,WARNING,19.6,9.5,29.6,7.2
17849,0.9984,0,WARNING,18.1,6.4,27.4,5.5
17850,0.5094,0,NORMAL,19.6,10.5,29.9,7.8
17851,0.9984,0,WARNING,18.6,8.4,28.4,5.6
17852,0.9983,0,WARNING,18.3,5.5,22.6,3.6
17853,0.4774,0,NORMAL,19.4,10.4,29.9,8.3
17854,0.9983,0,WARNING,19.1,10.0,31.8,7.1
17855,0.6804,0,WARNING,18.7,7.6,26.2,6.5
17856,0.9893,0,WARNING,19.6,10.4,29.8,7.2
17857,0.9984,0,WARNING,18.9,9.9,30.2,7.0
17858,0.4324,0,NORMAL,18.4,8.8,27.2,7.2
17859,0.9893,0,WARNING,16.7,3.0,17.7,3.7
17860,0.9735,0,WARNING,18.9,8.4,28.3,6.7
17861,0.9983,0,WARNING,18.1,6.6,25.5,6.2
17862,0.9895,0,WARNING,18.0,6.8,25.8,6.0
17863,0.6662,0,WARNING,18.4,8.0,25.5,6.3
17864,0.6665,0,WARNING,17.9,5.9,23.9,6.1
17865,0.9983,0,WARNING,18.2,6.7,25.3,5.1
17866,0.9983,0,WARNING,18.4,7.5,29.5,6.6
17867,0.9983,0,WARNING,16.4,1.4,12.8,0.7
17868,0.9898,0,WARNING,18.1,6.3,21.1,4.4
17869,0.9982,0,WARNING,17.2,4.3,17.7,2.2
17870,0.9982,0,WARNING,18.2,8.7,29.4,5.8
17871,0.9983,0,WARNING,17.2,5.3,24.0,4.7
17872,0.3955,0,NORMAL,18.0,8.4,29.3,8.0
17873,0.1955,0,NORMAL,18.0,8.3,30.8,8.4
17874,0.9983,0,WARNING,17.6,8.1,29.1,6.5
17875,0.5203,0,NORMAL,17.8,8.7,28.8,7.7
17876,0.4274,0,NORMAL,17.9,7.6,28.5,7.6
17877,0.1816,0,NORMAL,17.8,8.1,29.1,7.8
17878,0.9983,0,WARNING,17.4,7.9,28.6,5.7
17879,0.4268,0,NORMAL,17.7,8.3,29.2,7.6
17880,0.9983,0,WARNING,17.9,8.5,28.9,6.4
17881,0.4895,0,NORMAL,18.0,8.3,29.0,7.6
17882,0.9983,0,WARNING,18.1,8.1,30.7,6.5
17883,0.9983,0,WARNING,17.7,7.9,31.3,7.3
17884,0.9983,0,WARNING,17.9,7.5,27.6,5.9
17885,0.4289,0,NORMAL,18.4,8.4,29.7,7.9
17886,0.9983,0,WARNING,18.7,8.5,32.5,7.5
17887,0.6404,0,WARNING,20.1,9.5,31.7,9.7
17888,1.0,0,ANOMALY,25.3,20.0,45.4,22.9
17889,0.9996,0,WARNING,22.1,13.6,35.7,11.7
17890,1.0,0,ANOMALY,21.8,11.6,37.1,18.0
17891,0.9985,0,WARNING,20.7,8.9,33.3,8.9
17892,0.4223,0,NORMAL,19.2,8.6,32.3,8.8
17893,0.9887,0,WARNING,19.1,8.3,29.8,7.6
17894,0.4491,0,NORMAL,18.9,8.1,29.3,7.8
17895,0.9984,0,WARNING,18.8,9.7,31.1,7.1
17896,0.9984,0,WARNING,18.7,8.7,30.0,7.1
17897,0.9891,0,WARNING,18.8,8.6,32.3,8.5
17898,0.9984,0,WARNING,18.8,7.8,29.3,6.5
17899,0.9891,0,WARNING,18.6,8.2,30.3,7.8
17900,0.9984,0,WARNING,18.8,7.6,30.2,6.3
17901,0.4354,0,NORMAL,19.2,7.1,27.2,7.2
17902,0.4922,0,NORMAL,19.3,9.0,29.7,8.3
17903,0.9984,0,WARNING,19.2,7.8,31.4,7.4
17904,0.2331,0,NORMAL,19.2,8.4,29.6,7.9
17905,0.9984,0,WARNING,19.1,8.9,28.6,6.2
17906,0.9892,0,WARNING,18.6,6.7,26.0,6.3
17907,0.1796,0,NORMAL,19.2,7.8,30.9,8.4
17908,0.9983,0,WARNING,19.4,7.8,29.6,6.7
17909,0.9983,0,WARNING,19.2,8.3,31.5,7.2
17910,0.9984,0,WARNING,19.1,7.9,29.4,6.4
17911,0.3058,0,NORMAL,18.9,7.8,31.3,8.4
17912,0.2919,0,NORMAL,19.1,8.2,31.8,8.8
17913,0.9984,0,WARNING,19.0,8.1,30.8,7.0
17914,0.2197,0,NORMAL,18.9,8.0,31.1,9.1
17915,0.9891,0,WARNING,19.0,7.1,29.2,7.4
17916,0.1981,0,NORMAL,19.1,7.7,31.3,8.7
17917,0.9984,0,WARNING,18.6,7.8,30.0,6.9
17918,0.9984,0,WARNING,19.3,7.7,31.2,7.0
17919,0.3053,0,NORMAL,18.6,8.1,31.2,8.4
17920,0.3685,0,NORMAL,18.7,8.1,31.4,8.7
17921,0.9984,0,WARNING,18.5,7.9,30.4,6.4
17922,0.2166,0,NORMAL,18.3,8.0,31.0,8.6
17923,0.9984,0,WARNING,18.5,8.2,31.0,7.0
17924,0.1958,0,NORMAL,18.8,7.7,30.9,9.1
17925,0.9984,0,WARNING,18.8,7.7,31.9,7.5
17926,0.9984,0,WARNING,18.7,8.5,31.1,7.0
17927,0.9984,0,WARNING,18.6,7.9,32.8,7.1
17928,0.989,0,WARNING,18.6,8.0,31.2,8.0
17929,0.2016,0,NORMAL,18.4,7.4,30.3,8.3
17930,0.9984,0,WARNING,18.3,7.7,30.6,6.6
17931,0.9891,0,WARNING,18.2,7.7,31.6,8.3
17932,0.9984,0,WARNING,18.2,7.5,30.2,6.9
17933,0.1733,0,NORMAL,18.4,7.6,30.8,8.5
17934,0.9984,0,WARNING,18.3,8.0,34.0,8.0
17935,0.3066,0,NORMAL,19.1,7.8,32.0,8.6
17936,0.989,0,WARNING,18.4,7.6,32.4,8.5
17937,0.9984,0,WARNING,18.1,7.3,31.7,6.9
17938,0.9984,0,WARNING,18.0,7.3,30.5,6.5
17939,0.1953,0,NORMAL,18.9,7.4,31.3,8.6
17940,0.9984,0,WARNING,18.6,7.7,32.3,7.6
17941,0.9984,0,WARNING,18.4,7.9,32.7,7.6
17942,0.989,0,WARNING,18.2,7.4,32.7,8.5
17943,0.9984,0,WARNING,18.3,7.4,32.4,7.5
17944,0.9984,0,WARNING,18.6,7.8,32.4,7.6
17945,0.2386,0,NORMAL,18.5,7.8,32.3,9.0
17946,0.9984,0,WARNING,19.1,7.7,33.3,7.8
17947,1.0,0,WARNING,21.7,10.7,35.2,12.9
17948,1.0,0,ANOMALY,25.9,26.2,49.5,21.7
17949,0.988,0,WARNING,21.5,8.5,34.2,9.8
17950,1.0,0,ANOMALY,20.5,10.5,41.4,20.8
17951,0.5751,0,NORMAL,18.1,7.7,32.1,8.8
17952,0.9985,0,WARNING,17.8,7.7,35.1,8.1
17953,0.3902,0,NORMAL,17.6,7.0,33.6,9.4
17954,0.9984,0,WARNING,17.4,7.0,34.4,8.4
17955,0.3248,0,NORMAL,17.4,7.0,32.0,9.0
17956,0.2841,0,NORMAL,17.3,6.8,31.7,8.8
17957,0.9984,0,WARNING,17.2,6.5,31.6,7.3
17958,0.9891,0,WARNING,17.5,7.1,32.4,8.4
17959,0.9984,0,WARNING,17.4,6.8,32.1,6.9
17960,0.9984,0,WARNING,17.1,6.9,31.4,7.4
17961,0.1999,0,NORMAL,17.1,7.0,31.5,8.8
17962,0.9984,0,WARNING,16.9,6.7,31.0,6.6
17963,0.9984,0,WARNING,17.1,7.0,30.9,7.2
17964,0.9983,0,WARNING,16.9,6.8,32.3,7.3
17965,0.2096,0,NORMAL,16.8,6.8,30.9,8.5
17966,0.9984,0,WARNING,17.0,6.9,31.4,6.6
17967,0.9983,0,WARNING,16.8,6.6,31.1,7.2
17968,0.1655,0,NORMAL,16.9,6.4,30.2,8.4
17969,0.9892,0,WARNING,17.0,7.0,32.0,8.4
17970,0.9984,0,WARNING,16.8,6.4,29.1,6.5
17971,0.9983,0,WARNING,16.8,5.1,25.9,5.6
17972,0.9893,0,WARNING,16.8,5.4,27.9,6.9
17973,0.9894,0,WARNING,16.2,3.3,21.1,4.9
17974,0.9983,0,WARNING,15.6,0.9,16.8,2.1
17975,0.9982,0,WARNING,15.5,1.0,16.4,2.0
17976,0.9982,0,WARNING,16.4,1.0,16.4,2.1
17977,0.9901,0,WARNING,15.6,1.0,16.9,3.6
17978,0.9982,0,WARNING,15.3,1.0,17.0,2.2
17979,0.9982,0,WARNING,15.2,1.1,16.7,2.7
17980,0.9981,0,WARNING,17.7,9.3,30.5,6.0
17981,0.9982,0,WARNING,17.6,9.6,32.5,6.8
17982,0.9983,0,WARNING,16.9,7.4,31.8,7.2
17983,0.9894,0,WARNING,16.6,6.5,30.3,7.8
17984,0.9983,0,WARNING,16.5,6.2,29.9,7.0
17985,0.9983,0,WARNING,16.6,6.5,30.4,7.0
17986,0.1864,0,NORMAL,16.7,6.7,31.4,8.8
17987,0.9983,0,WARNING,16.6,6.4,29.6,6.8
17988,0.9983,0,WARNING,16.5,6.5,31.5,7.0
17989,0.9892,0,WARNING,16.6,6.2,29.4,7.6
17990,0.3786,0,NORMAL,16.6,6.8,31.2,8.6
17991,0.9984,0,WARNING,16.8,6.3,30.7,7.1
17992,0.9983,0,WARNING,17.0,6.4,30.6,6.8
17993,0.9892,0,WARNING,17.1,6.1,30.6,8.1
17994,0.1546,0,NORMAL,17.2,6.2,30.3,8.4
17995,0.9983,0,WARNING,17.4,6.5,30.5,7.2
17996,0.2782,0,NORMAL,17.5,6.3,31.3,8.8
17997,0.9983,0,WARNING,17.6,6.3,30.4,7.0
17998,0.9892,0,WARNING,18.0,5.6,31.1,8.1
17999,0.9983,0,WARNING,17.6,3.8,23.3,4.3
18000,0.1592,0,NORMAL,17.8,3.9,23.5,6.2
18001,0.9895,0,WARNING,17.7,3.6,23.3,5.5
18002,0.9983,0,WARNING,17.7,3.6,23.3,4.8
18003,0.9896,0,WARNING,17.9,3.7,22.4,5.2
18004,0.2189,0,NORMAL,17.8,4.0,24.6,6.5
18005,0.2771,0,NORMAL,17.8,3.6,23.2,6.0
18006,0.9897,0,WARNING,18.4,3.9,23.6,5.5
18007,0.7685,0,WARNING,19.6,5.3,23.8,7.5
18008,1.0,0,WARNING,22.1,8.2,31.9,12.5
18009,1.0,0,ANOMALY,21.6,12.8,30.8,8.5
18010,0.7747,0,WARNING,18.6,5.2,25.7,8.7
18011,0.9984,0,WARNING,17.8,3.5,22.8,4.0
18012,0.9983,0,WARNING,17.9,3.6,22.9,4.1
18013,0.9896,0,WARNING,17.5,3.5,22.3,5.2
18014,0.9734,0,WARNING,17.3,3.4,22.7,5.1
18015,0.9982,0,WARNING,17.4,3.4,22.5,4.0
18016,0.227,0,NORMAL,17.3,3.5,22.6,5.9
18017,0.9898,0,WARNING,17.2,3.5,22.5,5.4
18018,0.2364,0,NORMAL,17.2,3.1,22.5,5.9
18019,0.2376,0,NORMAL,17.0,3.5,22.5,5.8
18020,0.9898,0,WARNING,16.8,3.6,22.8,5.5
18021,0.9982,0,WARNING,16.8,3.3,22.4,3.9
18022,0.9982,0,WARNING,17.1,3.1,22.3,3.8
18023,0.2474,0,NORMAL,16.9,3.4,22.5,5.9
18024,0.2403,0,NORMAL,16.7,3.3,22.1,5.7
18025,0.9982,0,WARNING,16.6,3.0,22.1,4.4
18026,0.9982,0,WARNING,16.4,3.4,22.1,3.9
18027,0.2473,0,NORMAL,16.3,3.3,22.2,5.8
18028,0.9982,0,WARNING,16.3,3.3,22.4,4.5
18029,0.9982,0,WARNING,16.1,3.1,22.1,3.6
18030,0.9899,0,WARNING,16.0,3.3,22.2,5.2
18031,0.9899,0,WARNING,16.5,3.3,22.1,5.3
18032,0.9982,0,WARNING,16.3,2.9,22.2,3.8
18033,0.9899,0,WARNING,15.6,1.4,16.3,2.6
18034,0.99,0,WARNING,15.4,0.8,16.1,3.4
18035,0.9901,0,WARNING,15.3,1.3,17.4,3.7
18036,0.9982,0,WARNING,15.3,0.8,16.1,1.9
18037,0.9981,0,WARNING,15.2,0.9,15.8,1.7
18038,0.9902,0,WARNING,15.2,0.7,15.6,3.1
18039,0.9902,0,WARNING,15.1,0.8,15.8,3.2
18040,0.9981,0,WARNING,15.1,0.9,15.7,1.8
18041,0.9981,0,WARNING,15.0,0.9,15.7,1.9
18042,0.9981,0,WARNING,15.0,1.1,17.1,2.3
18043,0.9981,0,WARNING,15.7,3.2,19.4,2.7
18044,0.9982,0,WARNING,15.6,2.5,18.2,1.9
18045,0.9902,0,WARNING,15.2,1.1,16.2,3.1
18046,0.9902,0,WARNING,15.1,0.9,16.1,3.1
18047,0.9982,0,WARNING,15.1,1.0,16.1,1.9
18048,0.9903,0,WARNING,15.0,1.0,16.2,3.2
18049,0.9981,0,WARNING,15.7,4.4,24.7,4.8
18050,0.9901,0,WARNING,15.3,2.7,19.1,4.1
18051,0.9982,0,WARNING,16.0,4.6,23.8,4.0
18052,0.9982,0,WARNING,16.6,3.2,18.4,2.1
18053,0.9965,0,WARNING,18.1,10.7,25.4,6.9
18054,0.9983,0,WARNING,16.9,3.9,22.0,4.4
18055,1.0,0,ANOMALY,18.4,16.2,22.0,5.9
18056,0.2899,0,NORMAL,15.6,2.7,21.2,5.6
18057,0.9983,0,WARNING,15.5,2.8,21.0,4.1
18058,0.9898,0,WARNING,15.8,1.9,18.0,4.8
18059,0.9929,0,WARNING,16.6,7.6,21.7,5.3
18060,0.9983,0,WARNING,15.7,2.3,18.1,3.4
18061,0.9972,0,WARNING,16.9,8.2,21.8,5.1
18062,0.9898,0,WARNING,15.7,2.7,21.2,5.0
18063,0.9983,0,WARNING,15.5,2.5,21.1,4.1
18064,0.2894,0,NORMAL,15.5,2.6,21.0,5.6
18065,0.9899,0,WARNING,15.5,2.7,21.5,5.1
18066,0.2784,0,NORMAL,16.2,2.8,21.6,5.6
18067,0.9899,0,WARNING,16.8,4.4,21.6,5.0
18068,0.3553,0,NORMAL,17.5,2.7,22.1,5.5
18069,1.0,0,WARNING,21.3,9.7,34.0,12.4
18070,0.9959,0,WARNING,20.3,6.2,28.6,8.4
18071,0.2977,0,NORMAL,17.3,3.8,24.3,7.8
18072,0.4109,0,NORMAL,15.9,2.6,20.8,5.3
18073,0.9736,0,WARNING,15.8,2.7,20.7,4.7
18074,0.253,0,NORMAL,15.6,2.7,20.9,5.4
18075,0.9982,0,WARNING,15.6,2.7,20.8,4.0
18076,0.9982,0,WARNING,15.5,2.4,20.7,3.3
18077,0.9982,0,WARNING,15.4,2.6,20.5,3.3
18078,0.99,0,WARNING,15.4,2.6,20.5,4.8
18079,0.99,0,WARNING,15.4,2.6,20.9,4.9
18080,0.3713,0,NORMAL,15.3,2.5,20.4,5.2
18081,0.99,0,WARNING,15.2,2.7,20.5,4.6
18082,0.9982,0,WARNING,15.3,2.6,20.7,3.9
18083,0.99,0,WARNING,15.1,1.8,17.4,3.7
18084,0.9982,0,WARNING,15.4,3.0,23.1,4.2
18085,0.99,0,WARNING,15.1,2.5,20.1,4.5
18086,0.3089,0,NORMAL,15.1,2.3,20.0,5.1
18087,0.3085,0,NORMAL,15.1,2.2,19.9,5.2
18088,0.9982,0,WARNING,15.1,2.4,19.6,3.1
18089,0.3651,0,NORMAL,15.1,2.3,19.4,4.9
18090,0.9982,0,WARNING,15.1,2.4,19.5,3.1
18091,0.99,0,WARNING,15.0,2.2,19.7,4.4
18092,0.9982,0,WARNING,15.0,2.2,19.9,3.0
18093,0.99,0,WARNING,15.0,2.2,19.4,4.3
18094,0.9982,0,WARNING,15.0,2.4,20.1,3.2
18095,0.99,0,WARNING,15.3,2.4,20.2,4.7
18096,0.3654,0,NORMAL,15.7,2.1,19.7,5.0
18097,0.99,0,WARNING,16.0,2.2,19.8,4.6
18098,0.3203,0,NORMAL,16.0,2.3,20.2,5.2
18099,0.9982,0,WARNING,16.6,2.4,20.0,3.2
18100,0.99,0,WARNING,16.9,2.5,19.8,4.4
18101,0.9982,0,WARNING,16.6,2.1,19.6,3.4
18102,0.99,0,WARNING,16.8,2.3,19.4,4.4
18103,0.99,0,WARNING,16.8,2.4,19.9,4.6
18104,0.99,0,WARNING,16.6,2.1,19.7,4.5
18105,0.99,0,WARNING,16.3,2.0,18.8,4.1
18106,0.9982,0,WARNING,16.6,2.4,20.8,3.9
18107,0.3098,0,NORMAL,16.8,2.2,19.4,4.8
18108,0.99,0,WARNING,16.7,2.2,19.7,4.2
18109,0.9982,0,WARNING,16.7,2.2,19.5,3.0
18110,0.9982,0,WARNING,16.5,2.3,19.3,2.9
18111,0.9982,0,WARNING,16.4,2.1,19.5,2.9
18112,0.99,0,WARNING,16.3,2.0,19.5,4.5
18113,0.3615,0,NORMAL,16.4,2.2,19.5,4.8
18114,0.9982,0,WARNING,16.3,2.0,19.9,3.0
18115,0.9982,0,WARNING,16.2,2.0,19.6,3.0
18116,0.99,0,WARNING,16.1,2.2,19.8,4.4
18117,0.9982,0,WARNING,16.0,2.3,19.8,3.1
18118,0.9982,0,WARNING,15.9,2.1,19.7,3.1
18119,0.9982,0,WARNING,15.9,2.1,20.0,3.3
18120,0.99,0,WARNING,15.8,2.4,20.0,4.5
18121,0.99,0,WARNING,15.7,2.1,19.8,4.5
18122,0.9982,0,WARNING,15.7,2.0,19.8,3.1
18123,0.9982,0,WARNING,15.6,2.2,19.7,2.9
18124,0.323,0,NORMAL,15.6,2.3,19.8,4.9
18125,0.99,0,WARNING,15.6,2.1,19.9,4.5
18126,0.9982,0,WARNING,16.2,2.1,20.3,3.1
18127,0.99,0,WARNING,17.5,3.2,20.8,6.0
18128,1.0,0,WARNING,21.3,10.6,29.6,7.1
18129,0.9617,0,WARNING,19.5,3.0,28.0,9.4
18130,0.226,0,NORMAL,16.3,2.6,19.6,5.0
18131,0.9983,0,WARNING,16.0,1.9,19.6,2.9
18132,0.9982,0,WARNING,15.8,1.9,19.7,2.9
18133,0.973,0,WARNING,15.7,2.1,19.8,4.3
18134,0.9982,0,WARNING,15.6,2.1,19.9,3.1
18135,0.9982,0,WARNING,15.7,2.0,19.9,3.7
18136,0.99,0,WARNING,15.6,2.0,19.9,4.5
18137,0.9982,0,WARNING,15.6,2.0,19.6,3.1
18138,0.9901,0,WARNING,15.5,2.0,19.6,4.5
18139,0.9982,0,WARNING,15.5,2.0,19.9,3.0
18140,0.9982,0,WARNING,15.6,2.1,19.7,2.9
18141,0.9901,0,WARNING,15.5,2.0,19.9,4.5
18142,0.9982,0,WARNING,15.5,2.0,19.9,3.6
18143,0.9982,0,WARNING,15.4,2.1,19.7,3.6
18144,0.9901,0,WARNING,15.4,2.0,19.8,4.5
18145,0.9901,0,WARNING,15.3,1.9,19.6,4.5
18146,0.9982,0,WARNING,15.3,1.9,19.6,2.8
18147,0.9901,0,WARNING,15.5,2.1,19.9,4.4
18148,0.9982,0,WARNING,15.3,1.8,19.5,3.0
18149,0.9901,0,WARNING,15.4,2.0,19.4,4.4
18150,0.9982,0,WARNING,15.3,2.1,19.6,3.1
18151,0.9901,0,WARNING,15.3,2.0,19.6,4.5
18152,0.9982,0,WARNING,15.1,1.8,19.4,2.9
18153,0.9901,0,WARNING,15.3,2.1,19.8,4.6
18154,0.9982,0,WARNING,15.3,2.0,19.8,2.9
18155,0.9982,0,WARNING,15.2,2.0,19.8,3.0
18156,0.9982,0,WARNING,15.1,1.9,19.7,3.0
18157,0.9901,0,WARNING,15.2,2.1,19.7,4.5
18158,0.9901,0,WARNING,15.2,2.0,19.9,4.5
18159,0.9982,0,WARNING,15.1,2.0,19.8,3.0
18160,0.3622,0,NORMAL,15.2,2.1,19.7,4.9
18161,0.9901,0,WARNING,15.2,2.0,19.8,4.5
18162,0.9901,0,WARNING,15.2,2.0,19.7,4.3
18163,0.9901,0,WARNING,15.2,2.1,19.7,4.3
18164,0.9901,0,WARNING,15.1,2.0,19.7,4.4
18165,0.9982,0,WARNING,15.1,2.0,19.3,3.4
18166,0.9982,0,WARNING,15.2,2.0,19.5,3.0
18167,0.3345,0,NORMAL,15.1,2.0,19.6,5.0
18168,0.9982,0,WARNING,15.0,1.8,19.5,3.0
18169,0.9982,0,WARNING,15.1,1.9,19.4,3.5
18170,0.9982,0,WARNING,15.1,2.1,19.3,2.8
18171,0.9982,0,WARNING,15.0,1.9,19.4,2.9
18172,0.9982,0,WARNING,15.0,1.9,19.5,2.8
18173,0.9901,0,WARNING,15.1,2.1,19.7,4.6
18174,0.9982,0,WARNING,15.1,1.9,19.7,3.0
18175,0.9982,0,WARNING,15.0,1.9,19.7,3.4
18176,0.9901,0,WARNING,15.0,2.0,19.4,4.4
18177,0.9901,0,WARNING,15.1,2.0,19.3,4.3
18178,0.9982,0,WARNING,15.0,1.9,19.4,2.9
18179,0.3396,0,NORMAL,15.1,1.9,19.4,4.7
18180,0.9982,0,WARNING,15.0,2.1,19.2,2.7
18181,0.9901,0,WARNING,15.1,1.9,19.5,4.4
18182,0.3388,0,NORMAL,15.1,1.9,19.3,4.9
18183,0.3355,0,NORMAL,15.1,1.8,19.2,4.8
18184,0.9982,0,WARNING,15.0,1.9,19.3,2.9
18185,0.3379,0,NORMAL,15.1,1.9,19.3,4.8
18186,0.9982,0,WARNING,15.9,1.8,19.6,2.8
18187,0.9901,0,WARNING,17.9,4.2,20.7,5.7
18188,1.0,0,WARNING,20.5,9.6,35.5,8.9
18189,0.9876,0,WARNING,17.8,3.2,23.8,8.3
18190,0.9897,0,WARNING,15.3,2.0,19.0,4.3
18191,0.9898,0,WARNING,15.1,1.6,17.4,3.5
18192,0.9982,0,WARNING,15.2,2.3,21.1,3.6
18193,0.99,0,WARNING,15.1,2.0,19.1,4.2
18194,0.99,0,WARNING,15.1,1.8,19.3,4.1
18195,0.9901,0,WARNING,15.1,1.9,19.3,4.2
18196,0.9901,0,WARNING,15.2,2.0,19.2,4.3
18197,0.9982,0,WARNING,15.1,1.8,19.1,3.3
18198,0.9901,0,WARNING,15.1,1.8,19.3,4.3
18199,0.9982,0,WARNING,15.1,2.0,18.8,2.9
18200,0.9982,0,WARNING,15.4,2.1,19.1,2.7
18201,0.9901,0,WARNING,15.8,1.9,19.1,4.2
18202,0.9982,0,WARNING,16.2,1.8,19.1,2.8
18203,0.9901,0,WARNING,16.6,2.0,19.2,4.2
18204,0.3578,0,NORMAL,16.5,1.9,19.0,4.6
18205,0.99,0,WARNING,16.6,1.9,19.1,4.3
18206,0.9982,0,WARNING,16.5,1.9,18.9,2.8
18207,0.9901,0,WARNING,16.5,1.9,19.1,4.3
18208,0.9982,0,WARNING,16.3,1.7,18.3,3.1
18209,0.9982,0,WARNING,16.6,2.0,19.8,3.1
18210,0.9982,0,WARNING,16.4,2.2,19.3,2.8
18211,0.9982,0,WARNING,16.4,1.8,19.0,2.7
18212,0.9901,0,WARNING,16.2,1.8,18.8,4.0
18213,0.9728,0,WARNING,16.3,2.0,19.9,4.3
18214,0.9982,0,WARNING,16.2,2.0,19.4,3.5
18215,0.9982,0,WARNING,16.4,1.8,19.5,3.1
18216,0.9901,0,WARNING,16.3,1.7,19.1,4.3
18217,0.3602,0,NORMAL,16.1,1.7,19.1,4.6
18218,0.9901,0,WARNING,15.9,1.9,19.4,4.1
18219,0.9901,0,WARNING,15.9,1.9,19.4,4.3
18220,0.9901,0,WARNING,15.9,2.1,19.4,4.4
18221,0.9982,0,WARNING,15.8,1.7,19.6,3.1
18222,0.9982,0,WARNING,15.9,1.8,19.0,2.8
18223,0.9901,0,WARNING,15.8,2.1,19.6,4.3
18224,0.9982,0,WARNING,15.7,1.8,19.4,3.5
18225,0.9982,0,WARNING,15.7,2.0,19.1,2.6
18226,0.9982,0,WARNING,15.6,2.0,19.5,2.9
18227,0.9982,0,WARNING,15.7,1.9,19.4,2.9
18228,0.9901,0,WARNING,15.6,1.8,19.5,4.4
18229,0.9982,0,WARNING,15.6,2.0,19.3,2.8
18230,0.9982,0,WARNING,15.6,2.2,19.4,3.0
18231,0.9901,0,WARNING,15.4,1.9,19.3,4.2
18232,0.9982,0,WARNING,15.4,1.9,19.6,3.0
18233,0.9901,0,WARNING,15.4,2.0,18.8,3.9
18234,0.9901,0,WARNING,15.4,2.0,19.6,4.3
18235,0.3353,0,NORMAL,15.5,2.3,20.8,5.2
18236,0.99,0,WARNING,15.4,2.0,19.4,4.3
18237,0.9982,0,WARNING,15.4,2.1,19.8,3.1
18238,0.9982,0,WARNING,15.4,1.9,19.8,3.1
18239,0.9982,0,WARNING,15.4,2.0,19.7,3.0
18240,0.9901,0,WARNING,15.3,2.2,19.5,4.4
18241,0.9901,0,WARNING,15.5,2.1,19.6,4.3
18242,0.9901,0,WARNING,15.7,1.9,19.3,4.2
18243,0.9901,0,WARNING,15.5,1.9,19.2,4.2
18244,0.3602,0,NORMAL,15.4,2.0,19.1,4.7
18245,0.9982,0,WARNING,15.5,2.1,19.1,3.2
18246,0.9901,0,WARNING,16.1,2.0,19.5,4.4
18247,0.9901,0,WARNING,17.8,3.2,20.3,5.8
18248,0.9997,0,WARNING,20.8,7.9,35.4,9.1
18249,0.9961,0,WARNING,18.3,2.9,25.4,8.8
18250,0.9983,0,WARNING,15.8,4.1,19.7,2.9
18251,0.2683,0,NORMAL,15.6,2.0,19.5,4.9
18252,0.9982,0,WARNING,15.5,2.0,19.8,3.0
18253,0.99,0,WARNING,15.6,2.1,19.5,4.4
18254,0.99,0,WARNING,15.6,1.9,19.5,4.4
18255,0.99,0,WARNING,15.5,2.0,19.8,4.4
18256,0.9901,0,WARNING,15.4,2.1,19.6,4.4
18257,0.9982,0,WARNING,15.4,2.0,19.7,3.0
18258,0.9982,0,WARNING,15.4,2.0,19.7,3.5
18259,0.9901,0,WARNING,15.3,2.1,19.7,4.5
18260,0.9901,0,WARNING,15.4,2.4,19.2,4.2
18261,0.9982,0,WARNING,15.3,2.3,20.3,3.2
18262,0.9982,0,WARNING,15.3,2.1,19.7,3.1
18263,0.3286,0,NORMAL,15.3,2.2,20.1,5.1
18264,0.9982,0,WARNING,15.3,2.1,19.6,3.5
18265,0.9982,0,WARNING,15.3,2.3,19.9,2.9
18266,0.9901,0,WARNING,15.2,2.1,19.9,4.4
18267,0.3262,0,NORMAL,15.2,2.3,20.0,5.0
18268,0.3635,0,NORMAL,15.2,2.1,20.0,4.9
18269,0.9901,0,WARNING,15.1,1.8,18.1,3.8
18270,0.9901,0,WARNING,15.4,2.9,22.3,5.3
18271,0.99,0,WARNING,15.2,2.3,20.3,4.6
18272,0.99,0,WARNING,15.3,2.3,20.2,4.5
18273,0.99,0,WARNING,15.2,2.1,19.6,4.2
18274,0.9901,0,WARNING,14.9,0.7,15.5,3.1
18275,0.9982,0,WARNING,14.9,0.9,15.1,1.7
18276,0.9902,0,WARNING,14.9,0.5,15.2,3.1
18277,0.9903,0,WARNING,14.9,0.9,16.3,3.5
18278,0.9903,0,WARNING,14.8,0.8,15.4,3.0
18279,0.9903,0,WARNING,14.9,0.9,16.0,3.2
18280,0.9903,0,WARNING,14.8,1.0,16.0,3.2
18281,0.9981,0,WARNING,14.9,1.1,15.5,1.5
18282,0.9981,0,WARNING,15.0,1.3,16.6,1.9
18283,0.9981,0,WARNING,14.9,0.8,15.3,1.7
18284,0.9903,0,WARNING,14.8,0.7,15.3,3.0
18285,0.9981,0,WARNING,14.8,1.2,16.3,2.0
18286,0.9903,0,WARNING,14.8,0.7,15.6,3.1
18287,0.9903,0,WARNING,14.8,0.8,15.7,3.1
18288,0.9903,0,WARNING,14.8,1.0,15.8,3.1
18289,0.9903,0,WARNING,15.2,2.4,20.5,4.5
18290,0.9982,0,WARNING,15.8,3.7,22.8,4.2
18291,0.3239,0,NORMAL,15.7,3.6,22.6,5.7
18292,0.9982,0,WARNING,15.0,0.8,15.3,1.7
18293,0.9901,0,WARNING,15.0,0.8,15.7,3.2
18294,0.9902,0,WARNING,14.9,0.6,13.7,2.4
18295,0.9903,0,WARNING,14.9,1.0,17.2,3.7
18296,0.631,0,WARNING,15.4,2.7,20.2,4.5
18297,0.3468,0,NORMAL,17.1,6.9,29.7,7.3
18298,0.9983,0,WARNING,17.6,8.6,33.4,7.1
18299,0.9983,0,WARNING,17.0,6.8,30.3,6.0
18300,0.9983,0,WARNING,17.4,7.5,32.7,7.2
18301,0.9983,0,WARNING,16.7,5.8,30.3,7.2
18302,0.7774,0,WARNING,16.4,5.6,30.9,8.9
18303,0.9984,0,WARNING,16.7,5.1,28.6,6.2
18304,0.9983,0,WARNING,17.1,5.8,31.0,7.4
18305,0.9983,0,WARNING,17.3,5.7,30.8,7.2
18306,0.9983,0,WARNING,18.5,5.6,30.9,7.3
18307,0.8067,0,WARNING,20.0,5.2,22.3,6.9
18308,1.0,0,ANOMALY,23.0,9.2,33.7,11.8
18309,0.9984,0,WARNING,21.3,3.6,28.1,7.3
18310,0.9993,0,WARNING,19.4,5.1,29.1,10.6
18311,0.2006,0,NORMAL,18.0,2.9,21.8,5.6
18312,0.9983,0,WARNING,17.9,3.1,21.7,3.6
18313,0.9983,0,WARNING,18.0,3.0,21.9,3.6
18314,0.2301,0,NORMAL,17.7,3.1,21.9,5.7
18315,0.2384,0,NORMAL,17.6,2.9,21.9,5.6
18316,0.9898,0,WARNING,17.6,3.0,22.2,5.3
18317,0.9898,0,WARNING,17.8,3.3,22.0,5.2
18318,0.9898,0,WARNING,17.5,2.7,20.9,4.8
18319,0.9899,0,WARNING,16.5,0.9,16.0,3.2
18320,0.9982,0,WARNING,16.2,0.9,15.6,1.7
18321,0.9982,0,WARNING,17.8,6.8,30.9,6.6
18322,0.9982,0,WARNING,17.5,4.5,27.0,6.0
18323,0.2083,0,NORMAL,17.8,3.2,22.1,5.6
18324,0.2839,0,NORMAL,17.7,3.2,22.3,5.8
18325,0.9983,0,WARNING,17.6,3.5,22.2,3.9
18326,0.9982,0,WARNING,17.2,3.2,22.2,4.3
18327,0.9982,0,WARNING,17.5,3.4,22.3,3.9
18328,0.9982,0,WARNING,17.7,3.6,22.1,3.5
18329,0.9898,0,WARNING,18.0,3.4,22.9,5.4
18330,0.9898,0,WARNING,18.1,3.7,22.4,5.2
18331,0.2412,0,NORMAL,17.6,3.6,22.7,5.9
18332,0.9983,0,WARNING,17.4,3.5,22.3,3.9
18333,0.9982,0,WARNING,17.4,3.5,22.8,3.9
18334,0.9982,0,WARNING,17.2,3.5,22.8,4.6
18335,0.9982,0,WARNING,17.5,3.7,23.1,4.5
18336,0.9898,0,WARNING,17.5,3.7,22.9,5.3
18337,0.2291,0,NORMAL,17.2,3.7,22.9,6.0
18338,0.2234,0,NORMAL,17.3,3.7,23.4,6.1
18339,0.2184,0,NORMAL,17.3,3.6,23.3,6.0
18340,0.9898,0,WARNING,17.1,3.8,23.0,5.4
18341,0.9898,0,WARNING,17.3,3.9,23.5,5.6
18342,0.9983,0,WARNING,17.0,3.7,23.4,4.2
18343,0.9983,0,WARNING,17.4,3.7,23.4,4.1
18344,0.9982,0,WARNING,17.1,4.1,23.5,4.6
18345,0.2649,0,NORMAL,17.0,3.8,23.6,6.2
18346,0.9983,0,WARNING,17.0,3.8,23.5,4.3
18347,0.9983,0,WARNING,16.9,4.0,23.1,4.5
18348,0.9982,0,WARNING,16.9,3.7,23.1,4.6
18349,0.9982,0,WARNING,16.9,3.9,23.5,4.2
18350,0.9982,0,WARNING,16.9,3.9,23.3,4.2
18351,0.9898,0,WARNING,16.8,4.0,23.4,5.5
18352,0.9898,0,WARNING,16.7,4.1,23.8,5.6
18353,0.3898,0,NORMAL,16.2,2.8,21.5,5.6
18354,0.2788,0,NORMAL,17.1,5.4,26.2,6.8
18355,0.9983,0,WARNING,16.7,4.3,23.9,5.0
18356,0.9983,0,WARNING,16.8,4.4,24.0,5.0
18357,0.9983,0,WARNING,16.7,4.1,23.9,4.9
18358,0.9983,0,WARNING,16.8,4.3,23.8,4.4
18359,0.2804,0,NORMAL,16.7,4.1,24.0,6.2
18360,0.9983,0,WARNING,16.6,4.4,23.9,4.3
18361,0.9983,0,WARNING,16.5,4.5,24.3,4.5
18362,0.9983,0,WARNING,16.7,4.5,24.2,5.0
18363,0.9983,0,WARNING,16.6,4.4,24.1,4.5
18364,0.9983,0,WARNING,16.7,4.6,24.5,4.6
18365,0.9897,0,WARNING,16.6,4.6,24.2,5.9
18366,0.9983,0,WARNING,17.7,4.8,24.8,4.6
18367,0.9897,0,WARNING,19.6,7.1,25.7,7.4
18368,0.9999,0,WARNING,20.5,7.9,28.6,9.9
18369,0.9983,0,WARNING,21.4,9.7,35.2,10.7
18370,0.9999,0,WARNING,20.4,8.2,31.7,11.9
18371,0.9891,0,WARNING,17.3,5.0,24.4,5.9
18372,0.9984,0,WARNING,17.2,5.1,24.9,5.3
18373,0.9894,0,WARNING,17.0,5.2,24.7,6.0
18374,0.1132,0,NORMAL,17.2,5.4,24.6,6.5
18375,0.9983,0,WARNING,17.0,5.0,24.7,4.6
18376,0.9983,0,WARNING,17.0,5.0,24.4,4.4
18377,0.9983,0,WARNING,17.1,5.4,24.6,4.6
18378,0.9983,0,WARNING,17.0,5.4,24.7,5.1
18379,0.9896,0,WARNING,17.0,5.4,25.3,6.3
18380,0.9983,0,WARNING,16.9,5.6,24.4,4.4
18381,0.9983,0,WARNING,17.4,5.9,24.9,5.2
18382,0.9983,0,WARNING,17.1,5.2,23.7,4.7
18383,0.9897,0,WARNING,17.2,5.8,26.3,6.4
18384,0.9983,0,WARNING,17.1,5.8,24.8,5.1
18385,0.9983,0,WARNING,17.1,5.8,24.8,5.1
18386,0.1987,0,NORMAL,17.2,5.4,24.9,6.6
18387,0.9983,0,WARNING,17.2,6.0,25.5,5.4
18388,0.9896,0,WARNING,17.0,6.1,25.4,6.2
18389,0.9983,0,WARNING,17.2,5.6,24.6,5.0
18390,0.9983,0,WARNING,17.1,6.0,25.4,4.8
18391,0.9983,0,WARNING,16.8,5.9,24.2,4.2
18392,0.9983,0,WARNING,16.9,6.2,25.5,4.8
18393,0.9983,0,WARNING,17.3,5.7,24.9,4.5
18394,0.9983,0,WARNING,17.1,6.1,25.6,5.5
18395,0.9983,0,WARNING,17.0,6.0,25.4,5.4
18396,0.9983,0,WARNING,17.0,6.1,25.3,4.8
18397,0.9896,0,WARNING,16.9,5.5,24.4,5.8
18398,0.9983,0,WARNING,16.9,5.6,25.3,5.2
18399,0.9983,0,WARNING,16.8,6.1,25.4,4.8
18400,0.4055,0,NORMAL,16.9,6.5,25.2,6.4
18401,0.9896,0,WARNING,17.0,6.0,25.6,6.3
18402,0.9983,0,WARNING,16.7,5.9,25.2,4.8
18403,0.4063,0,NORMAL,16.7,6.0,24.3,6.3
18404,0.9896,0,WARNING,16.7,6.2,25.5,6.3
18405,0.9983,0,WARNING,16.7,5.6,25.0,5.2
18406,0.9983,0,WARNING,16.9,5.9,24.6,4.9
18407,0.9983,0,WARNING,16.8,6.2,25.8,4.9
18408,0.9896,0,WARNING,16.8,5.8,24.7,5.8
18409,0.1988,0,NORMAL,17.1,5.9,25.6,6.8
18410,0.9983,0,WARNING,17.5,6.0,24.9,4.6
18411,0.9896,0,WARNING,17.3,6.0,25.0,6.0
18412,0.9983,0,WARNING,18.1,5.7,26.1,5.6
18413,0.9738,0,WARNING,17.9,5.9,25.2,6.0
18414,0.4062,0,NORMAL,18.1,6.5,25.3,6.5
18415,0.9983,0,WARNING,18.1,6.0,25.2,4.6
18416,0.9895,0,WARNING,18.2,6.0,25.4,6.2
18417,0.368,0,NORMAL,18.5,6.4,26.1,6.9
18418,0.9983,0,WARNING,18.4,6.1,25.5,4.8
18419,0.1391,0,NORMAL,18.4,5.8,25.6,6.8
18420,0.9983,0,WARNING,18.4,5.9,24.5,4.5
18421,0.9895,0,WARNING,18.5,6.3,25.8,6.4
18422,0.9983,0,WARNING,18.1,6.1,25.2,4.6
18423,0.2923,0,NORMAL,18.6,6.0,25.1,6.5
18424,0.3011,0,NORMAL,18.5,5.6,25.6,6.8
18425,0.9895,0,WARNING,18.6,6.4,25.5,6.2
18426,0.9983,0,WARNING,19.4,6.3,25.9,5.5
18427,0.9739,0,WARNING,21.3,9.1,26.4,7.5
18428,1.0,0,ANOMALY,24.9,13.7,37.1,18.1
18429,0.9926,0,WARNING,22.3,11.4,35.4,11.4
18430,1.0,0,WARNING,21.1,7.8,32.1,11.0
18431,0.9889,0,WARNING,18.5,3.4,18.8,3.9
18432,0.2185,0,NORMAL,19.3,6.9,27.7,7.2
18433,0.1948,0,NORMAL,19.1,7.5,29.8,8.0
18434,0.9893,0,WARNING,18.9,6.2,26.3,6.6
18435,0.2813,0,NORMAL,19.0,6.4,25.5,6.8
18436,0.9983,0,WARNING,18.9,5.9,25.4,4.9
18437,0.9983,0,WARNING,18.9,5.9,25.3,5.4
18438,0.9895,0,WARNING,18.6,6.1,25.6,6.1
18439,0.9983,0,WARNING,18.6,6.0,25.3,4.7
18440,0.9895,0,WARNING,18.6,6.0,25.3,6.1
18441,0.9983,0,WARNING,18.8,6.3,25.7,5.4
18442,0.9983,0,WARNING,18.6,5.9,25.4,4.7
18443,0.9983,0,WARNING,18.4,5.7,25.1,5.2
18444,0.9983,0,WARNING,18.5,5.9,24.7,5.1
18445,0.9983,0,WARNING,18.4,6.1,25.0,5.2
18446,0.4035,0,NORMAL,18.8,5.8,24.6,6.2
18447,0.9983,0,WARNING,18.6,6.1,25.8,4.8
18448,0.9983,0,WARNING,18.6,6.1,24.7,4.9
18449,0.9896,0,WARNING,18.5,5.8,25.0,6.1
18450,0.9896,0,WARNING,18.2,5.8,24.3,5.8
18451,0.9983,0,WARNING,18.4,6.2,25.8,4.9
18452,0.4042,0,NORMAL,18.3,5.4,24.4,6.4
18453,0.9896,0,WARNING,18.5,5.8,24.5,5.8
18454,0.9983,0,WARNING,18.5,5.9,25.8,5.4
18455,0.2906,0,NORMAL,18.2,5.8,25.4,6.6
18456,0.4045,0,NORMAL,18.4,5.8,25.1,6.5
18457,0.9983,0,WARNING,18.5,5.8,25.1,5.3
18458,0.9896,0,WARNING,18.5,5.8,25.3,6.2
18459,0.9983,0,WARNING,18.2,5.6,25.3,5.2
18460,0.9983,0,WARNING,18.2,6.2,25.1,5.2
18461,0.4044,0,NORMAL,18.4,5.7,24.1,6.2
18462,0.9896,0,WARNING,17.9,3.2,17.3,3.6
18463,1.0,0,ANOMALY,20.5,16.9,26.1,7.7
18464,0.6675,0,WARNING,18.3,4.5,20.6,5.1
18465,0.9988,0,WARNING,19.5,11.4,25.5,8.2
18466,0.3229,0,NORMAL,18.1,5.8,25.0,6.6
18467,0.9983,0,WARNING,18.2,5.5,24.9,5.2
18468,0.9983,0,WARNING,17.9,6.1,25.0,5.3
18469,0.9983,0,WARNING,17.8,5.6,24.5,4.5
18470,0.9896,0,WARNING,17.8,6.2,25.2,6.2
18471,0.9983,0,WARNING,17.8,5.8,24.4,4.8
18472,0.9983,0,WARNING,17.8,5.9,25.1,5.3
18473,0.253,0,NORMAL,17.8,6.0,25.1,6.7
18474,0.261,0,NORMAL,17.5,5.1,25.0,6.7
18475,0.2283,0,NORMAL,17.5,6.0,25.9,6.9
18476,0.9983,0,WARNING,17.6,5.9,24.9,5.3
18477,0.9896,0,WARNING,17.9,4.2,20.2,4.4
18478,1.0,0,WARNING,19.5,13.4,26.2,7.8
18479,0.9984,0,WARNING,17.7,5.5,24.8,4.6
18480,0.9895,0,WARNING,17.7,5.5,24.9,6.2
18481,0.9983,0,WARNING,17.7,5.5,24.9,4.8
18482,0.9896,0,WARNING,17.5,5.3,25.1,6.2
18483,0.9896,0,WARNING,17.3,5.3,25.0,6.2
18484,0.9983,0,WARNING,17.4,5.5,25.2,5.3
18485,0.9983,0,WARNING,17.3,5.0,24.9,4.8
18486,0.9896,0,WARNING,18.1,5.7,25.1,6.0
18487,0.9983,0,WARNING,19.2,7.1,26.0,6.2
18488,1.0,0,ANOMALY,23.7,17.6,40.3,21.7
18489,0.9763,0,WARNING,20.7,5.6,27.0,8.3
18490,1.0,0,WARNING,19.7,10.3,24.8,10.3
18491,0.997,0,WARNING,18.8,10.2,23.0,6.8
18492,0.9892,0,WARNING,18.1,6.6,28.2,7.2
18493,0.9893,0,WARNING,17.7,5.7,24.9,5.5
18494,0.9738,0,WARNING,17.5,5.7,25.2,5.9
18495,0.9895,0,WARNING,17.3,5.7,25.4,6.2
18496,0.9895,0,WARNING,17.4,3.5,18.3,3.8
18497,0.9983,0,WARNING,17.6,10.3,22.7,5.9
18498,0.9896,0,WARNING,16.7,3.3,17.7,3.7
18499,0.9989,0,WARNING,18.7,11.9,26.2,8.4
18500,0.9983,0,WARNING,17.5,3.7,18.6,2.5
18501,0.9898,0,WARNING,18.6,9.9,25.8,7.8
18502,0.9895,0,WARNING,17.3,5.4,25.3,6.1
18503,0.9896,0,WARNING,17.4,5.6,24.5,5.2
18504,0.9896,0,WARNING,17.1,5.6,24.6,5.9
18505,0.6637,0,WARNING,17.5,4.2,20.5,5.0
18506,0.9973,0,WARNING,18.3,11.2,26.4,8.4
18507,0.9983,0,WARNING,17.1,5.5,24.5,5.2
18508,0.9983,0,WARNING,17.1,5.3,25.2,5.3
18509,0.4062,0,NORMAL,16.9,5.6,24.7,6.4
18510,0.9983,0,WARNING,16.9,5.8,25.3,4.7
18511,0.9896,0,WARNING,16.8,5.6,24.6,5.3
18512,0.9983,0,WARNING,17.0,5.9,25.0,5.2
18513,0.9896,0,WARNING,17.2,5.8,25.1,6.2
18514,0.9983,0,WARNING,17.7,5.5,25.2,5.4
18515,0.9983,0,WARNING,18.2,5.5,25.1,5.2
18516,0.9896,0,WARNING,18.2,5.2,25.0,6.1
18517,0.2124,0,NORMAL,18.6,6.0,25.6,6.8
18518,0.9895,0,WARNING,18.3,5.7,25.1,6.0
18519,0.9895,0,WARNING,18.4,5.4,25.1,6.1
18520,0.405,0,NORMAL,18.7,5.8,24.8,6.5
18521,0.9983,0,WARNING,18.8,6.0,25.8,5.5
18522,0.3228,0,NORMAL,18.8,5.5,24.9,6.7
18523,0.9983,0,WARNING,18.5,5.2,24.9,5.1
18524,0.9983,0,WARNING,18.9,5.6,24.9,5.2
18525,0.9895,0,WARNING,18.6,5.8,25.3,6.2
18526,0.9983,0,WARNING,19.0,5.4,24.7,4.4
18527,0.9983,0,WARNING,18.9,5.3,24.6,5.1
18528,0.9983,0,WARNING,18.6,5.8,25.0,5.2
18529,0.1242,0,NORMAL,18.7,5.7,25.3,6.7
18530,0.9983,0,WARNING,18.5,5.3,25.0,5.3
18531,0.9983,0,WARNING,18.6,5.4,25.3,4.8
18532,0.9983,0,WARNING,19.0,5.7,24.9,4.6
18533,0.9895,0,WARNING,19.0,5.7,25.7,6.3
18534,0.9983,0,WARNING,18.7,5.6,25.7,5.3
18535,0.4059,0,NORMAL,18.6,5.3,25.1,6.5
18536,0.9983,0,WARNING,18.2,4.6,22.0,3.6
18537,0.9736,0,WARNING,18.7,6.4,29.2,7.3
18538,0.9895,0,WARNING,18.8,5.5,25.5,6.3
18539,0.4078,0,NORMAL,18.8,5.3,25.8,6.7
18540,0.9895,0,WARNING,18.9,5.8,26.2,6.5
18541,0.9739,0,WARNING,19.1,5.9,25.9,6.2
18542,0.9983,0,WARNING,18.6,5.5,26.2,4.9
18543,0.9983,0,WARNING,18.6,5.2,25.7,5.4
18544,0.9983,0,WARNING,18.7,5.1,26.0,6.1
18545,0.9983,0,WARNING,18.8,5.9,26.3,5.7
18546,0.9983,0,WARNING,19.7,5.6,25.8,5.3
18547,0.9983,0,WARNING,20.5,7.0,27.0,7.0
18548,1.0,0,ANOMALY,24.4,14.8,37.5,18.4
18549,0.9868,0,WARNING,21.9,7.6,32.6,10.0
18550,1.0,0,WARNING,20.6,7.7,31.6,11.5
18551,0.9984,0,WARNING,19.2,5.5,26.1,5.0
18552,0.4308,0,NORMAL,19.0,5.4,25.8,6.7
18553,0.9893,0,WARNING,19.1,5.9,26.4,6.5
18554,0.4164,0,NORMAL,18.7,5.2,25.6,6.7
18555,0.9983,0,WARNING,19.1,5.3,25.5,5.3
18556,0.9895,0,WARNING,19.0,5.6,25.3,5.4
18557,0.9895,0,WARNING,18.7,6.0,26.2,6.4
18558,0.9983,0,WARNING,18.4,5.4,25.4,4.7
18559,0.1962,0,NORMAL,18.6,5.3,26.0,6.8
18560,0.1422,0,NORMAL,18.3,5.9,26.5,7.1
18561,0.1514,0,NORMAL,18.2,5.8,26.0,7.0
18562,0.9983,0,WARNING,18.1,5.1,25.6,4.8
18563,0.9895,0,WARNING,17.9,5.5,25.9,6.5
18564,0.9983,0,WARNING,17.9,5.6,25.7,5.5
18565,0.4076,0,NORMAL,17.9,5.2,25.4,6.5
18566,0.9983,0,WARNING,17.8,5.6,26.1,5.0
18567,0.9983,0,WARNING,17.8,5.3,25.7,5.0
18568,0.9896,0,WARNING,17.5,4.9,24.0,5.7
18569,0.1425,0,NORMAL,17.9,5.9,28.0,7.5
18570,0.9983,0,WARNING,18.1,5.7,26.1,5.1
18571,0.9983,0,WARNING,17.9,5.0,25.0,4.7
18572,0.9983,0,WARNING,18.2,6.1,27.3,5.9
18573,0.9895,0,WARNING,18.0,5.6,26.5,6.5
18574,0.2904,0,NORMAL,18.1,5.7,26.1,6.9
18575,0.9983,0,WARNING,18.3,5.5,25.8,4.7
18576,0.9895,0,WARNING,18.1,5.4,26.7,6.6
18577,0.4103,0,NORMAL,18.0,5.7,25.2,6.5
18578,0.9895,0,WARNING,17.1,3.0,19.6,4.2
18579,0.1833,0,NORMAL,17.8,6.2,27.7,7.4
18580,0.9896,0,WARNING,17.9,6.2,27.9,6.3
18581,0.3725,0,NORMAL,17.6,6.6,29.6,8.0
18582,0.9983,0,WARNING,17.6,5.4,25.9,5.2
18583,0.9983,0,WARNING,17.5,5.4,24.6,4.5
18584,0.125,0,NORMAL,17.5,6.2,28.4,7.8
18585,0.9983,0,WARNING,17.4,5.6,26.1,5.6
18586,0.9983,0,WARNING,17.4,5.2,25.9,5.0
18587,0.9983,0,WARNING,17.4,5.5,25.9,5.5
18588,0.9983,0,WARNING,17.3,5.6,26.2,5.7
18589,0.9983,0,WARNING,17.1,5.3,25.3,4.6
18590,0.9983,0,WARNING,17.1,5.7,26.3,5.0
18591,0.9983,0,WARNING,17.1,5.3,25.8,4.8
18592,0.1535,0,NORMAL,16.9,5.6,26.3,7.1
18593,0.4089,0,NORMAL,17.0,5.3,26.2,6.9
18594,0.9983,0,WARNING,16.9,5.2,26.4,5.6
18595,0.159,0,NORMAL,17.0,5.6,26.1,7.0
18596,0.1622,0,NORMAL,16.9,5.7,26.3,7.0
18597,0.9895,0,WARNING,16.9,5.3,26.0,6.3
18598,0.9983,0,WARNING,17.2,5.3,26.5,5.6
18599,0.9895,0,WARNING,17.1,5.4,26.4,6.5
18600,0.9895,0,WARNING,16.9,5.7,26.1,6.5
18601,0.9983,0,WARNING,16.8,5.6,26.4,5.1
18602,0.9983,0,WARNING,16.8,5.6,26.4,5.2
18603,0.9983,0,WARNING,16.7,5.6,26.0,5.4
18604,0.2931,0,NORMAL,16.9,5.3,26.6,7.1
18605,0.9983,0,WARNING,16.7,5.4,24.8,5.0
18606,0.9983,0,WARNING,17.7,6.3,28.5,5.6
18607,0.9738,0,WARNING,18.8,6.7,27.1,7.7
18608,1.0,0,ANOMALY,21.4,7.7,32.4,13.5
18609,1.0,0,ANOMALY,22.6,16.5,41.4,14.5
18610,1.0,0,WARNING,20.6,7.9,33.9,14.3
18611,0.9888,0,WARNING,17.3,5.5,26.0,6.3
18612,0.9891,0,WARNING,16.9,4.9,23.4,5.4
18613,0.2967,0,NORMAL,17.1,6.2,29.7,8.1
18614,0.9893,0,WARNING,16.9,5.8,26.1,6.2
18615,0.9983,0,WARNING,16.8,5.3,26.1,5.0
18616,0.9983,0,WARNING,16.9,5.6,26.6,5.3
18617,0.1404,0,NORMAL,17.3,5.6,26.3,7.0
18618,0.9983,0,WARNING,17.5,5.5,26.6,5.7
18619,0.9983,0,WARNING,17.4,5.3,26.0,4.9
18620,0.4102,0,NORMAL,17.7,6.1,26.1,6.8
18621,0.9895,0,WARNING,17.9,5.5,25.6,6.1
18622,0.9895,0,WARNING,18.3,6.1,27.9,6.8
18623,0.974,0,WARNING,18.3,5.6,26.5,6.4
18624,0.1113,0,NORMAL,18.6,5.7,26.4,7.1
18625,0.9894,0,WARNING,18.6,3.8,19.8,4.2
18626,1.0,0,ANOMALY,20.8,14.9,27.6,8.9
18627,0.2724,0,NORMAL,19.0,6.2,26.3,7.1
18628,0.2796,0,NORMAL,19.4,5.4,26.3,7.1
18629,0.9894,0,WARNING,19.1,5.7,26.3,6.3
18630,0.9894,0,WARNING,19.2,5.9,26.2,6.3
18631,0.3237,0,NORMAL,19.4,5.8,26.1,7.0
18632,0.9983,0,WARNING,19.3,5.9,26.4,5.6
18633,0.9894,0,WARNING,19.3,5.9,26.3,6.6
18634,0.2555,0,NORMAL,19.6,5.5,26.9,7.3
18635,0.9983,0,WARNING,19.8,5.8,26.8,5.7
18636,0.9983,0,WARNING,19.5,5.9,26.9,5.4
18637,0.9983,0,WARNING,19.5,6.1,26.9,5.2
18638,0.9983,0,WARNING,19.5,5.6,26.1,5.0
18639,0.9983,0,WARNING,19.4,5.6,26.9,5.4
18640,0.9894,0,WARNING,19.2,5.9,26.5,6.5
18641,0.9983,0,WARNING,18.8,5.6,25.1,4.7
18642,0.9895,0,WARNING,18.0,3.4,18.6,4.0
18643,1.0,0,ANOMALY,22.0,18.3,27.7,8.9
18644,0.6726,0,WARNING,19.5,4.6,22.2,5.5
18645,0.9994,0,WARNING,21.3,12.3,27.2,8.1
18646,0.9984,0,WARNING,20.1,5.8,26.7,5.0
18647,0.303,0,NORMAL,19.9,5.7,27.1,7.4
18648,0.9983,0,WARNING,19.8,5.7,26.3,5.2
18649,0.9894,0,WARNING,19.3,5.8,25.6,6.2
18650,0.9983,0,WARNING,18.9,3.4,18.5,2.7
18651,0.9985,0,WARNING,21.8,11.6,27.6,8.3
18652,0.9984,0,WARNING,20.4,5.9,26.5,5.1
18653,0.9894,0,WARNING,20.3,5.9,26.4,6.3
18654,0.3017,0,NORMAL,20.2,5.9,26.8,7.1
18655,0.9983,0,WARNING,20.3,5.6,26.4,5.2
18656,0.9894,0,WARNING,20.8,5.6,25.8,6.3
18657,0.9983,0,WARNING,20.2,6.0,27.2,6.0
18658,0.4155,0,NORMAL,20.7,5.9,26.0,6.9
18659,0.9983,0,WARNING,20.1,6.1,27.1,5.9
18660,0.9983,0,WARNING,19.8,6.2,25.5,5.2
18661,0.9983,0,WARNING,19.9,6.2,27.9,5.5
18662,0.9983,0,WARNING,19.8,5.8,26.6,5.5
18663,0.2717,0,NORMAL,19.4,6.0,26.7,7.2
18664,0.9983,0,WARNING,19.6,6.3,26.6,5.8
18665,0.9983,0,WARNING,19.4,6.2,26.9,5.7
18666,0.4165,0,NORMAL,20.1,6.1,26.7,7.0
18667,0.5364,0,NORMAL,21.4,6.8,27.6,8.6
18668,1.0,0,ANOMALY,24.4,10.5,35.2,15.7
18669,1.0,0,ANOMALY,25.1,15.6,37.4,11.2
18670,1.0,0,ANOMALY,24.0,14.0,33.1,13.8
18671,0.4388,0,NORMAL,19.8,6.7,27.9,7.6
18672,0.9984,0,WARNING,19.3,5.9,25.8,5.4
18673,0.1943,0,NORMAL,19.5,6.8,28.4,7.7
18674,0.9742,0,WARNING,19.3,6.6,27.2,6.5
18675,0.1341,0,NORMAL,19.0,6.5,27.6,7.5
18676,0.9983,0,WARNING,19.2,6.3,27.3,5.4
18677,0.9983,0,WARNING,19.4,6.2,27.4,5.8
18678,0.2958,0,NORMAL,19.7,6.8,27.7,7.3
18679,0.9983,0,WARNING,19.5,6.6,27.7,6.1
18680,0.9983,0,WARNING,19.6,6.9,28.0,6.2
18681,0.9983,0,WARNING,19.1,6.7,27.5,5.5
18682,0.9893,0,WARNING,19.1,6.6,27.6,6.8
18683,0.176,0,NORMAL,19.4,6.6,28.1,7.6
18684,0.1297,0,NORMAL,19.0,6.7,27.8,7.4
18685,0.9983,0,WARNING,19.0,7.0,28.1,6.1
18686,0.9983,0,WARNING,18.8,7.0,27.2,5.2
18687,0.9983,0,WARNING,19.0,6.4,27.4,5.3
18688,0.9983,0,WARNING,18.9,6.5,29.2,6.1
18689,0.9983,0,WARNING,18.6,6.7,27.8,6.1
18690,0.9983,0,WARNING,18.8,6.8,26.7,5.1
18691,0.9983,0,WARNING,18.8,7.0,28.9,6.5
18692,0.2061,0,NORMAL,18.5,6.1,27.6,7.3
18693,0.2967,0,NORMAL,18.9,6.9,28.3,7.5
18694,0.9983,0,WARNING,19.3,7.0,28.2,6.1
18695,0.1733,0,NORMAL,19.2,6.6,27.5,7.4
18696,0.4237,0,NORMAL,19.0,6.1,26.4,7.1
18697,0.9983,0,WARNING,18.7,6.7,28.4,6.3
18698,0.9894,0,WARNING,19.1,7.4,29.4,7.4
18699,0.1328,0,NORMAL,18.6,6.8,28.2,7.7
18700,0.9983,0,WARNING,18.7,6.4,27.5,5.8
18701,0.9894,0,WARNING,18.4,6.9,27.6,6.7
18702,0.9983,0,WARNING,18.5,7.0,28.5,5.7
18703,0.9983,0,WARNING,18.3,6.6,26.9,5.2
18704,0.3064,0,NORMAL,18.7,6.3,28.7,7.8
18705,0.9983,0,WARNING,19.0,6.6,28.1,6.2
18706,0.9983,0,WARNING,18.8,7.0,27.0,5.7
18707,0.9894,0,WARNING,18.3,6.8,28.2,7.2
18708,0.4237,0,NORMAL,18.2,6.1,27.4,7.1
18709,0.9983,0,WARNING,18.4,6.7,28.4,5.6
18710,0.4234,0,NORMAL,18.8,6.8,27.1,7.0
18711,0.9983,0,WARNING,18.2,6.6,27.1,5.4
18712,0.9983,0,WARNING,18.2,6.8,27.6,5.6
18713,0.9894,0,WARNING,18.6,6.2,28.1,7.0
18714,0.9983,0,WARNING,18.2,6.0,27.8,6.1
18715,0.9894,0,WARNING,18.3,6.8,28.0,7.1
18716,0.9894,0,WARNING,18.1,6.7,27.1,6.6
18717,0.2966,0,NORMAL,18.0,6.8,27.7,7.3
18718,0.9983,0,WARNING,18.1,6.1,27.8,5.5
18719,0.9983,0,WARNING,18.3,6.1,27.4,5.5
18720,0.9983,0,WARNING,18.0,6.7,27.9,5.7
18721,0.9894,0,WARNING,18.4,6.7,27.5,6.7
18722,0.2098,0,NORMAL,18.1,6.4,27.8,7.5
18723,0.9983,0,WARNING,18.2,6.2,27.4,6.0
18724,0.2031,0,NORMAL,18.6,6.4,27.4,7.3
18725,0.2954,0,NORMAL,19.5,6.5,27.5,7.3
18726,0.9983,0,WARNING,20.0,6.0,27.5,5.3
18727,0.9983,0,WARNING,21.9,7.4,28.5,7.5
18728,1.0,0,ANOMALY,26.1,20.2,41.0,23.3
18729,0.9999,0,WARNING,24.3,7.8,33.5,11.6
18730,0.9996,0,WARNING,22.3,10.5,36.0,13.2
18731,0.9985,0,WARNING,19.7,5.9,25.7,4.8
18732,0.9984,0,WARNING,19.7,6.2,27.1,5.7
18733,0.3013,0,NORMAL,20.2,6.9,28.6,7.6
18734,0.9983,0,WARNING,20.0,6.6,27.7,5.9
18735,0.9983,0,WARNING,20.0,6.3,27.1,5.4
18736,0.9893,0,WARNING,20.2,6.0,26.5,6.5
18737,0.9983,0,WARNING,19.5,6.1,27.3,5.9
18738,0.9983,0,WARNING,19.8,6.1,27.1,5.4
18739,0.9894,0,WARNING,19.5,6.2,26.6,6.6
18740,0.9894,0,WARNING,20.1,6.0,26.6,6.4
18741,0.9983,0,WARNING,20.1,6.4,27.4,5.4
18742,0.9894,0,WARNING,20.1,6.0,25.9,6.1
18743,0.9983,0,WARNING,19.9,5.9,27.2,5.4
18744,0.9983,0,WARNING,20.0,6.1,26.5,5.7
18745,0.9983,0,WARNING,20.1,6.4,27.4,6.0
18746,0.9983,0,WARNING,20.7,6.3,26.1,5.4
18747,0.9983,0,WARNING,20.2,6.3,27.0,5.3
18748,0.9894,0,WARNING,19.8,5.7,26.1,6.3
18749,0.9894,0,WARNING,20.0,6.1,26.6,6.5
18750,0.9894,0,WARNING,20.4,6.4,26.4,6.3
18751,0.9894,0,WARNING,20.3,5.9,26.4,6.5
18752,0.9983,0,WARNING,20.1,5.6,25.7,4.8
18753,0.9894,0,WARNING,20.0,6.3,27.2,6.7
18754,0.9983,0,WARNING,19.7,6.2,27.2,5.9
18755,0.9894,0,WARNING,19.9,5.7,26.7,6.6
18756,0.9983,0,WARNING,19.8,5.9,26.3,5.5
18757,0.3741,0,NORMAL,19.5,6.3,26.5,6.9
18758,0.9983,0,WARNING,19.3,5.9,26.1,4.8
18759,0.9983,0,WARNING,19.5,5.8,27.1,5.4
18760,0.4156,0,NORMAL,19.4,6.6,26.2,6.9
18761,0.1335,0,NORMAL,19.6,6.1,26.8,7.2
18762,0.2144,0,NORMAL,19.3,5.6,26.9,7.2
18763,0.9983,0,WARNING,19.3,5.8,26.2,5.0
18764,0.134,0,NORMAL,19.2,6.3,26.8,7.1
18765,0.9983,0,WARNING,19.0,6.1,26.7,5.1
18766,0.9983,0,WARNING,18.9,5.6,26.8,5.2
18767,0.9983,0,WARNING,19.0,6.0,25.8,4.9
18768,0.9983,0,WARNING,19.2,6.1,26.9,5.8
18769,0.9983,0,WARNING,19.1,5.5,26.4,5.5
18770,0.9895,0,WARNING,19.0,6.1,26.3,6.5
18771,0.9895,0,WARNING,18.9,6.3,26.8,6.6
18772,0.9895,0,WARNING,19.2,5.9,26.4,6.5
18773,0.3745,0,NORMAL,18.7,5.7,26.7,7.0
18774,0.9983,0,WARNING,18.9,5.9,27.0,5.7
18775,0.1184,0,NORMAL,18.7,5.7,26.7,7.2
18776,0.9983,0,WARNING,18.4,5.8,25.9,4.9
18777,0.9895,0,WARNING,18.8,5.8,26.7,6.7
18778,0.2134,0,NORMAL,18.6,5.6,26.2,7.1
18779,0.9895,0,WARNING,18.5,5.6,26.9,6.8
18780,0.9983,0,WARNING,18.8,6.2,26.3,5.1
18781,0.9895,0,WARNING,18.4,5.9,26.5,6.4
18782,0.9983,0,WARNING,18.9,5.3,25.9,4.7
18783,0.9983,0,WARNING,18.9,6.1,26.9,5.3
18784,0.9983,0,WARNING,18.7,5.8,26.3,5.6
18785,0.9983,0,WARNING,18.7,5.5,26.7,5.3
18786,0.9983,0,WARNING,19.3,5.4,26.7,5.7
18787,0.6733,0,WARNING,21.6,7.2,26.9,8.7
18788,1.0,0,ANOMALY,24.1,17.1,38.4,18.1
18789,0.9984,0,WARNING,21.8,8.2,38.8,10.9
18790,1.0,0,ANOMALY,20.6,8.0,33.5,14.3
18791,0.9985,0,WARNING,18.6,5.8,26.2,5.1
18792,0.9891,0,WARNING,18.3,5.2,26.4,6.6
18793,0.9893,0,WARNING,18.3,5.0,24.6,5.9
18794,0.9983,0,WARNING,18.3,5.8,28.0,6.2
18795,0.9983,0,WARNING,18.1,5.5,26.3,5.2
18796,0.9983,0,WARNING,17.8,5.2,25.8,4.8
18797,0.9983,0,WARNING,17.9,5.7,26.3,5.0
18798,0.2898,0,NORMAL,17.5,5.9,26.4,6.9
18799,0.9895,0,WARNING,17.5,5.1,25.7,6.2
18800,0.9983,0,WARNING,17.6,5.8,26.6,5.7
18801,0.9983,0,WARNING,17.5,5.4,25.9,5.0
18802,0.9983,0,WARNING,17.3,5.1,26.3,5.1
18803,0.9895,0,WARNING,17.2,5.5,26.2,6.5
18804,0.2009,0,NORMAL,17.4,5.5,26.1,6.9
18805,0.2889,0,NORMAL,17.1,5.7,25.8,6.8
18806,0.9895,0,WARNING,17.7,5.5,26.1,6.3
18807,0.9983,0,WARNING,17.3,5.6,25.7,5.0
18808,0.9983,0,WARNING,17.5,5.7,25.9,5.0
18809,0.9895,0,WARNING,17.1,5.6,26.2,6.4
18810,0.9983,0,WARNING,17.1,5.6,25.6,4.9
18811,0.3801,0,NORMAL,17.1,5.8,26.2,7.0
18812,0.9983,0,WARNING,17.2,5.4,25.7,4.8
18813,0.9737,0,WARNING,17.1,5.2,26.1,6.1
18814,0.9983,0,WARNING,17.2,5.6,26.2,5.4
18815,0.9983,0,WARNING,17.4,5.7,26.2,5.1
18816,0.9983,0,WARNING,17.3,5.2,26.0,5.0
18817,0.9895,0,WARNING,17.1,5.3,25.2,6.1
18818,0.9896,0,WARNING,17.2,5.8,26.5,6.6
18819,0.9895,0,WARNING,16.9,5.6,25.9,6.4
18820,0.9737,0,WARNING,16.7,5.1,25.3,5.8
18821,0.9983,0,WARNING,16.7,5.5,25.9,4.9
18822,0.9983,0,WARNING,16.9,5.8,26.0,4.9
18823,0.9896,0,WARNING,16.6,5.0,25.4,6.2
18824,0.9983,0,WARNING,16.5,5.1,25.9,5.5
18825,0.9983,0,WARNING,17.3,5.5,26.3,5.2
18826,0.9896,0,WARNING,17.4,5.5,25.7,6.2
18827,0.9983,0,WARNING,17.5,5.0,25.8,4.9
18828,0.9895,0,WARNING,17.7,5.5,26.7,6.6
18829,0.9983,0,WARNING,18.2,5.5,25.9,4.8
18830,0.9895,0,WARNING,18.5,5.6,26.4,6.4
18831,0.9983,0,WARNING,19.0,5.5,26.2,5.5
18832,0.9894,0,WARNING,18.9,5.6,26.3,6.6
18833,0.9983,0,WARNING,19.5,5.2,25.7,4.9
18834,0.9983,0,WARNING,18.9,5.1,26.4,5.7
18835,0.2894,0,NORMAL,19.0,6.0,26.6,7.1
18836,0.9983,0,WARNING,19.1,5.6,26.1,5.1
18837,0.9894,0,WARNING,19.1,5.5,26.3,6.4
18838,0.9983,0,WARNING,18.9,5.3,26.1,4.9
18839,0.9895,0,WARNING,18.9,5.5,26.3,6.5
18840,0.1183,0,NORMAL,19.1,5.9,26.5,7.1
18841,0.9983,0,WARNING,19.2,5.5,25.6,4.8
18842,0.9983,0,WARNING,19.2,5.2,26.3,5.7
18843,0.9983,0,WARNING,19.1,5.6,26.1,4.9
18844,0.9983,0,WARNING,19.4,5.8,26.6,5.2
18845,0.9894,0,WARNING,19.2,5.3,26.2,6.3
18846,0.9983,0,WARNING,20.8,5.5,26.6,5.5
18847,0.9894,0,WARNING,21.4,7.0,27.3,8.0
18848,1.0,0,ANOMALY,26.8,18.1,43.6,21.5
18849,1.0,0,ANOMALY,24.5,6.6,33.1,14.0
18850,0.9998,0,WARNING,22.5,7.4,34.1,11.4
18851,0.9888,0,WARNING,20.9,5.8,26.6,6.6
18852,0.989,0,WARNING,20.3,5.8,26.7,6.4
18853,0.9892,0,WARNING,20.1,5.5,26.6,6.5
18854,0.4225,0,NORMAL,21.1,5.5,26.3,6.8
18855,0.9983,0,WARNING,20.3,5.2,25.1,5.2
18856,0.9983,0,WARNING,20.3,5.9,28.1,5.6
18857,0.9983,0,WARNING,19.7,5.5,26.6,5.8
18858,0.9983,0,WARNING,19.8,5.5,26.7,5.3
18859,0.9983,0,WARNING,19.6,5.9,26.3,4.9
18860,0.9894,0,WARNING,19.5,5.6,26.7,6.6
18861,0.4134,0,NORMAL,19.4,4.7,23.7,5.9
18862,0.9895,0,WARNING,19.9,6.3,30.1,7.7
18863,0.9983,0,WARNING,19.8,5.6,26.4,5.6
18864,0.9983,0,WARNING,19.4,5.6,26.1,5.5
18865,0.0837,0,NORMAL,19.3,6.0,26.1,6.9
18866,0.9894,0,WARNING,19.2,5.3,26.6,6.6
18867,0.9983,0,WARNING,19.3,5.6,26.6,5.2
18868,0.9895,0,WARNING,19.4,5.5,26.9,6.7
18869,0.9894,0,WARNING,19.3,5.6,26.8,6.4
18870,0.9894,0,WARNING,19.0,5.5,26.4,6.3
18871,0.9983,0,WARNING,18.8,5.7,27.0,5.4
18872,0.9983,0,WARNING,19.0,5.6,27.0,5.4
18873,0.9894,0,WARNING,18.7,5.3,26.9,6.7
18874,0.4149,0,NORMAL,19.2,5.8,26.9,7.1
18875,0.1934,0,NORMAL,19.0,5.8,27.0,7.3
18876,0.9983,0,WARNING,18.5,5.7,26.5,5.1
18877,0.9894,0,WARNING,18.4,5.4,26.2,6.2
18878,0.9983,0,WARNING,18.4,5.7,27.0,5.8
18879,0.9983,0,WARNING,18.5,5.7,26.8,5.8
18880,0.9983,0,WARNING,18.5,5.3,26.3,5.1
18881,0.9895,0,WARNING,18.2,5.6,26.4,6.5
18882,0.9983,0,WARNING,18.6,5.9,27.1,5.4
18883,0.9983,0,WARNING,18.4,5.4,25.3,4.7
18884,0.9983,0,WARNING,18.4,5.5,28.0,6.2
18885,0.3727,0,NORMAL,18.9,5.6,26.4,6.9
18886,0.9894,0,WARNING,18.3,5.5,26.8,6.6
18887,0.9983,0,WARNING,18.5,5.2,26.5,5.2
18888,0.9895,0,WARNING,18.5,5.4,26.6,6.6
18889,0.9895,0,WARNING,18.6,5.7,26.3,6.4
18890,0.9983,0,WARNING,18.7,5.6,26.5,5.2
18891,0.9895,0,WARNING,18.4,5.8,26.5,6.5
18892,0.9983,0,WARNING,18.6,5.5,26.7,5.2
18893,0.9894,0,WARNING,18.6,5.1,26.6,6.5
18894,0.9895,0,WARNING,18.2,5.2,26.5,6.4
18895,0.9895,0,WARNING,18.5,5.7,26.7,6.7
18896,0.9983,0,WARNING,18.3,5.7,27.0,5.4
18897,0.4145,0,NORMAL,18.2,5.5,26.0,6.8
18898,0.9983,0,WARNING,17.8,5.2,27.2,5.5
18899,0.9983,0,WARNING,17.7,5.8,26.9,5.4
18900,0.9983,0,WARNING,17.8,5.9,25.9,4.8
18901,0.9895,0,WARNING,17.7,5.5,26.5,6.5
18902,0.9983,0,WARNING,17.5,5.1,26.0,4.9
18903,0.9895,0,WARNING,17.1,4.7,24.5,6.0
18904,0.2937,0,NORMAL,18.1,6.4,27.5,7.3
18905,0.2062,0,NORMAL,17.3,5.4,27.4,7.4
18906,0.9895,0,WARNING,18.5,5.1,25.0,6.0
18907,0.9895,0,WARNING,19.8,7.3,28.9,8.6
18908,1.0,0,ANOMALY,22.0,7.5,32.5,14.2
18909,1.0,0,ANOMALY,23.7,16.4,39.7,13.4
18910,1.0,0,ANOMALY,22.4,6.8,31.3,11.7
18911,0.9984,0,WARNING,19.7,7.5,30.5,7.8
18912,0.3128,0,NORMAL,18.0,5.3,26.4,7.1
18913,0.9892,0,WARNING,17.6,5.4,26.6,6.6
18914,0.209,0,NORMAL,17.6,5.7,26.9,7.3
18915,0.9983,0,WARNING,17.6,5.7,26.4,5.7
18916,0.9983,0,WARNING,17.3,5.4,26.4,4.9
18917,0.9983,0,WARNING,17.2,5.3,26.5,5.1
18918,0.9983,0,WARNING,17.2,5.8,26.2,5.0
18919,0.9983,0,WARNING,17.4,5.5,27.0,5.3
18920,0.9983,0,WARNING,17.4,5.7,27.0,5.4
18921,0.9895,0,WARNING,17.3,5.6,26.2,6.5
18922,0.9895,0,WARNING,17.2,5.7,26.7,6.6
18923,0.9895,0,WARNING,17.2,5.7,26.3,6.5
18924,0.2903,0,NORMAL,16.9,5.8,26.9,7.1
18925,0.4142,0,NORMAL,17.3,5.6,25.8,6.6
18926,0.9983,0,WARNING,17.1,5.9,28.0,5.6
18927,0.9895,0,WARNING,17.2,5.6,26.7,6.7
18928,0.9895,0,WARNING,17.2,5.8,26.6,6.5
18929,0.9983,0,WARNING,17.3,5.7,26.8,5.3
18930,0.9983,0,WARNING,17.8,5.9,26.5,5.1
18931,0.9983,0,WARNING,17.8,6.1,26.6,5.1
18932,0.9895,0,WARNING,18.1,5.8,27.1,6.6
18933,0.9894,0,WARNING,18.5,5.7,26.7,6.5
18934,0.9983,0,WARNING,18.8,5.6,25.5,4.7
18935,0.9983,0,WARNING,19.3,6.3,27.9,6.1
18936,0.161,0,NORMAL,19.0,5.8,28.0,7.6
18937,0.9983,0,WARNING,19.7,5.8,26.7,5.7
18938,0.9894,0,WARNING,18.9,6.0,26.7,6.7
18939,0.9983,0,WARNING,19.1,5.9,26.6,5.2
18940,0.9983,0,WARNING,19.5,6.0,26.3,5.5
18941,0.9983,0,WARNING,19.4,6.4,27.5,5.4
18942,0.9983,0,WARNING,19.3,6.0,26.8,5.2
18943,0.9894,0,WARNING,19.7,5.5,26.9,6.7
18944,0.9983,0,WARNING,19.7,5.8,26.9,5.8
18945,0.4513,0,NORMAL,19.8,6.3,27.1,7.3
18946,0.1088,0,NORMAL,19.7,5.6,26.6,7.1
18947,0.9983,0,WARNING,19.8,5.9,27.0,5.2
18948,0.5379,0,NORMAL,19.7,6.3,28.1,7.5
18949,0.9893,0,WARNING,19.6,6.2,27.7,6.8
18950,0.9983,0,WARNING,19.4,5.7,26.6,5.6
18951,0.9894,0,WARNING,19.6,5.9,26.5,6.5
18952,0.2136,0,NORMAL,20.4,5.6,26.9,7.2
18953,0.1895,0,NORMAL,20.3,5.8,27.0,7.3
18954,0.2472,0,NORMAL,19.7,6.1,27.1,7.2
18955,0.9983,0,WARNING,19.7,5.8,26.5,5.7
18956,0.9983,0,WARNING,19.7,5.5,27.2,5.3
18957,0.9894,0,WARNING,19.7,6.1,26.9,6.5
18958,0.9894,0,WARNING,19.6,6.3,27.3,6.8
18959,0.9983,0,WARNING,19.7,6.0,27.2,5.9
18960,0.6722,0,WARNING,19.3,4.5,22.5,5.6
18961,1.0,0,ANOMALY,22.2,18.4,27.8,8.5
18962,0.9984,0,WARNING,19.8,6.2,26.5,5.2
18963,0.2496,0,NORMAL,19.7,6.1,28.0,7.6
18964,0.2806,0,NORMAL,19.3,6.1,27.6,7.5
18965,0.4228,0,NORMAL,19.5,5.8,25.7,6.6
18966,0.9983,0,WARNING,19.9,6.3,28.8,6.4
18967,0.9893,0,WARNING,21.9,7.0,28.4,8.5
18968,1.0,0,ANOMALY,24.9,15.1,37.2,19.2
18969,0.9984,0,WARNING,22.9,7.5,30.9,8.5
18970,1.0,0,ANOMALY,24.0,13.7,34.8,19.3
18971,0.9985,0,WARNING,20.4,3.6,19.3,3.0
18972,0.9892,0,WARNING,19.3,5.8,18.1,3.8
18973,0.9933,0,WARNING,21.6,10.0,24.5,7.1
18974,0.9894,0,WARNING,20.3,7.0,31.0,8.0
18975,0.9893,0,WARNING,19.8,5.7,24.5,5.8
18976,0.9983,0,WARNING,20.0,6.5,28.7,6.4
18977,0.9983,0,WARNING,19.4,2.9,17.9,3.1
18978,0.9974,0,WARNING,21.6,11.9,28.1,8.9
18979,0.9893,0,WARNING,20.8,6.2,27.8,7.1
18980,0.9984,0,WARNING,20.6,5.4,24.4,4.4
18981,0.9983,0,WARNING,20.8,6.6,29.5,6.1
18982,0.9983,0,WARNING,19.7,5.5,26.8,5.9
18983,0.3315,0,NORMAL,21.0,6.3,28.5,7.9
18984,0.3109,0,NORMAL,20.1,5.5,27.1,7.9
18985,0.9893,0,WARNING,20.2,4.9,23.6,5.6
18986,0.4134,0,NORMAL,20.4,5.9,25.9,6.8
18987,0.2544,0,NORMAL,20.6,6.6,29.3,8.0
18988,0.201,0,NORMAL,20.8,7.6,30.8,9.0
18989,0.9984,0,WARNING,20.6,6.0,27.4,5.8
18990,0.9983,0,WARNING,19.9,6.4,27.3,5.9
18991,0.9983,0,WARNING,20.0,6.4,27.0,5.9
18992,0.2564,0,NORMAL,20.1,6.3,27.5,7.4
18993,0.9893,0,WARNING,19.8,5.8,27.4,6.9
18994,0.1451,0,NORMAL,19.9,6.3,27.6,7.5
18995,0.9983,0,WARNING,19.7,6.6,27.8,6.1
18996,0.9983,0,WARNING,19.9,6.5,27.7,6.0
18997,0.4249,0,NORMAL,19.9,6.1,27.4,7.6
18998,0.9983,0,WARNING,19.4,6.8,27.2,6.2
18999,0.1942,0,NORMAL,19.5,7.2,28.6,8.2
19000,0.4259,0,NORMAL,19.5,7.0,27.6,7.4
19001,0.3028,0,NORMAL,20.1,7.2,28.3,7.7
19002,0.1271,0,NORMAL,20.2,7.1,28.4,7.6
19003,0.9984,0,WARNING,20.0,7.1,27.9,6.0
19004,0.4555,0,NORMAL,20.9,7.7,28.0,7.4
19005,0.2993,0,NORMAL,21.0,7.1,28.3,7.5
19006,0.9984,0,WARNING,21.2,7.6,28.5,6.3
19007,0.9984,0,WARNING,21.1,7.2,28.0,6.0
19008,0.1226,0,NORMAL,20.3,7.1,28.3,7.6
19009,0.9743,0,WARNING,20.3,8.3,28.4,6.9
19010,0.2873,0,NORMAL,20.5,7.7,29.0,7.8
19011,0.9892,0,WARNING,19.1,4.7,22.4,5.2
19012,0.9983,0,WARNING,21.2,8.0,30.3,7.3
19013,0.2993,0,NORMAL,20.6,7.8,29.7,8.4
19014,0.9744,0,WARNING,20.2,8.1,32.1,8.5
19015,0.9984,0,WARNING,19.6,7.9,28.9,6.4
19016,0.9984,0,WARNING,19.9,7.1,28.7,6.3
19017,0.9984,0,WARNING,19.5,7.6,28.9,6.9
19018,0.1848,0,NORMAL,19.7,8.2,29.1,7.9
19019,0.9984,0,WARNING,20.2,7.3,28.0,5.7
19020,0.9984,0,WARNING,20.0,7.5,28.7,6.2
19021,0.3028,0,NORMAL,19.7,8.1,29.9,8.0
19022,0.9984,0,WARNING,19.9,7.7,28.4,6.2
19023,0.9984,0,WARNING,20.5,5.2,21.4,3.4
19024,0.316,0,NORMAL,21.3,8.3,31.4,9.1
19025,0.2352,0,NORMAL,20.3,8.1,31.6,9.1
19026,0.253,0,NORMAL,21.3,8.5,32.0,9.2
19027,0.9918,0,WARNING,23.6,13.6,30.1,9.5
19028,1.0,0,ANOMALY,26.4,19.2,43.8,19.9
19029,1.0,0,WARNING,23.7,10.3,37.7,12.0
19030,1.0,0,ANOMALY,22.8,10.6,38.8,18.6
19031,0.9985,0,WARNING,21.0,7.8,28.8,6.3
19032,0.3747,0,NORMAL,20.5,7.3,29.4,8.0
19033,0.2713,0,NORMAL,20.9,7.3,28.9,7.8
19034,0.6106,0,WARNING,20.5,8.2,30.7,8.4
19035,0.9984,0,WARNING,21.0,7.5,29.1,6.0
19036,0.1811,0,NORMAL,21.1,8.2,29.5,7.9
19037,0.3053,0,NORMAL,22.0,7.6,29.0,7.7
19038,0.4386,0,NORMAL,22.2,6.7,26.4,6.8
19039,0.9984,0,WARNING,21.2,8.2,29.0,6.8
19040,0.9984,0,WARNING,21.6,8.8,32.6,7.7
19041,0.2061,0,NORMAL,21.9,7.8,28.9,7.8
19042,0.9984,0,WARNING,23.0,7.8,29.7,6.2
19043,0.9984,0,WARNING,22.6,7.5,29.1,6.5
19044,0.9984,0,WARNING,23.0,8.1,29.4,7.2
19045,0.9984,0,WARNING,23.5,8.0,29.3,6.5
19046,0.386,0,NORMAL,23.7,7.2,28.9,7.6
19047,0.9984,0,WARNING,23.2,7.8,29.2,6.5
19048,0.4364,0,NORMAL,23.6,7.4,28.6,7.7
19049,0.9891,0,WARNING,23.5,6.9,26.7,6.5
19050,0.9984,0,WARNING,23.8,8.6,31.8,8.9
19051,0.9984,0,WARNING,23.6,7.7,29.6,6.6
19052,0.9984,0,WARNING,22.7,7.4,29.0,6.4
19053,0.2304,0,NORMAL,23.3,8.4,30.6,8.2
19054,0.9984,0,WARNING,22.7,7.8,29.7,6.6
19055,0.9984,0,WARNING,22.7,8.1,29.6,6.1
19056,0.9984,0,WARNING,22.6,8.2,29.0,6.0
19057,0.1725,0,NORMAL,22.5,7.5,29.2,8.0
19058,0.4374,0,NORMAL,22.4,7.7,30.0,8.5
19059,0.1879,0,NORMAL,22.5,7.5,28.6,7.8
19060,0.9831,0,WARNING,22.2,8.4,29.7,8.1
19061,0.9984,0,WARNING,22.8,7.9,30.2,7.8
19062,0.3863,0,NORMAL,22.7,7.9,30.0,8.0
19063,0.2147,0,NORMAL,22.5,8.2,28.8,7.7
19064,0.439,0,NORMAL,22.8,8.1,29.6,7.9
19065,0.9984,0,WARNING,22.7,7.6,29.7,6.8
19066,0.18,0,NORMAL,23.0,7.9,29.1,8.0
19067,0.9984,0,WARNING,23.5,8.1,30.1,6.8
19068,0.9984,0,WARNING,23.1,8.0,29.5,6.7
19069,0.9984,0,WARNING,22.7,8.4,29.9,7.7
19070,0.3472,0,NORMAL,22.9,8.4,29.4,7.9
19071,0.3072,0,NORMAL,22.2,7.5,29.9,8.5
19072,0.9984,0,WARNING,22.4,7.9,29.0,6.5
19073,0.9984,0,WARNING,22.0,8.3,30.3,6.9
19074,0.4399,0,NORMAL,21.8,8.2,29.7,8.0
19075,0.9984,0,WARNING,22.6,8.1,29.1,6.5
19076,0.9984,0,WARNING,22.0,8.1,30.0,7.3
19077,0.9984,0,WARNING,22.1,7.7,30.0,6.2
19078,0.3061,0,NORMAL,22.9,8.2,29.9,8.0
19079,0.9984,0,WARNING,22.5,8.0,29.7,7.0
19080,0.989,0,WARNING,22.1,7.7,30.5,7.8
19081,0.9891,0,WARNING,21.9,7.8,30.4,7.8
19082,0.2313,0,NORMAL,21.5,8.4,30.4,8.3
19083,0.9984,0,WARNING,22.3,8.3,29.8,6.6
19084,0.4421,0,NORMAL,22.6,7.9,30.0,8.1
19085,0.4419,0,NORMAL,22.6,7.7,28.7,7.6
19086,0.9984,0,WARNING,23.5,8.6,30.9,6.4
19087,0.9912,0,WARNING,24.9,12.3,31.9,9.9
19088,1.0,0,ANOMALY,25.7,9.4,30.1,13.8
19089,1.0,0,ANOMALY,27.6,19.5,44.3,17.4
19090,1.0,0,WARNING,25.4,9.8,35.9,12.6
19091,1.0,0,ANOMALY,23.6,10.1,32.1,11.3
19092,0.9886,0,WARNING,22.0,4.5,21.4,4.9
19093,0.9984,0,WARNING,22.8,9.1,31.1,7.0
19094,0.3083,0,NORMAL,21.6,7.9,31.4,8.5
19095,0.9984,0,WARNING,21.9,8.9,31.5,7.1
19096,0.2546,0,NORMAL,21.5,8.5,31.5,8.6
19097,0.9984,0,WARNING,21.7,8.3,32.4,8.7
19098,0.9984,0,WARNING,21.7,9.3,33.1,8.2
19099,0.318,0,NORMAL,22.3,8.9,31.0,8.4
19100,0.3253,0,NORMAL,21.7,8.7,32.9,9.1
19101,0.9984,0,WARNING,21.5,9.0,30.4,6.9
19102,0.2757,0,NORMAL,21.0,8.4,32.6,9.0
19103,0.9747,0,WARNING,21.7,8.7,31.7,8.3
19104,0.9984,0,WARNING,21.0,8.6,32.2,7.4
19105,0.9984,0,WARNING,21.7,10.1,30.5,7.0
19106,0.2451,0,NORMAL,21.2,7.5,30.5,8.3
19107,0.9984,0,WARNING,21.0,8.4,30.4,7.0
19108,0.989,0,WARNING,20.7,8.4,30.2,7.7
19109,0.4444,0,NORMAL,21.4,8.6,30.9,8.3
19110,0.4454,0,NORMAL,21.1,7.9,29.8,7.9
19111,0.9984,0,WARNING,21.9,10.5,31.0,6.9
19112,0.9984,0,WARNING,22.0,8.7,30.4,7.4
19113,0.5237,0,NORMAL,21.3,8.4,30.5,8.4
19114,0.2556,0,NORMAL,21.3,8.2,31.1,8.5
19115,0.989,0,WARNING,21.0,8.5,30.4,7.7
19116,0.4281,0,NORMAL,21.0,8.6,30.7,8.4
19117,0.9984,0,WARNING,20.3,7.8,30.5,6.9
19118,0.6948,0,WARNING,21.0,9.1,30.6,8.3
19119,0.9984,0,WARNING,20.8,8.6,31.3,8.0
19120,0.9984,0,WARNING,21.2,8.6,29.9,6.6
19121,0.9984,0,WARNING,20.9,8.3,31.6,7.7
19122,0.9984,0,WARNING,20.9,8.4,30.7,7.1
19123,0.4473,0,NORMAL,20.3,8.3,30.5,8.3
19124,0.989,0,WARNING,20.5,7.6,30.4,7.8
19125,0.2707,0,NORMAL,20.0,8.2,31.2,9.1
19126,0.9984,0,WARNING,19.7,8.3,30.4,6.8
19127,0.9984,0,WARNING,20.0,8.7,30.5,6.8
19128,0.3143,0,NORMAL,20.1,8.3,30.5,8.3
19129,0.9984,0,WARNING,20.0,8.6,30.6,7.0
19130,0.9984,0,WARNING,19.5,8.5,30.5,6.9
19131,0.4458,0,NORMAL,19.4,8.2,30.3,8.2
19132,0.9984,0,WARNING,20.1,8.2,30.9,7.0
19133,0.2319,0,NORMAL,21.3,8.1,31.1,8.6
19134,0.3871,0,NORMAL,20.3,8.8,31.2,8.5
19135,0.3091,0,NORMAL,20.2,8.4,30.5,8.7
19136,0.309,0,NORMAL,19.6,8.6,31.6,8.6
19137,0.2485,0,NORMAL,19.7,8.1,31.1,8.5
19138,0.9984,0,WARNING,21.0,8.3,30.5,7.0
19139,0.4483,0,NORMAL,21.2,8.5,30.6,8.3
19140,0.2782,0,NORMAL,21.4,8.2,31.3,8.6
19141,0.6405,0,WARNING,21.4,9.8,30.9,8.5
19142,0.2618,0,NORMAL,22.4,8.6,30.9,8.4
19143,0.2596,0,NORMAL,22.5,8.8,30.9,8.4
19144,0.9984,0,WARNING,22.4,8.5,30.8,7.0
19145,0.9984,0,WARNING,22.8,8.4,31.6,7.3
19146,0.3102,0,NORMAL,22.9,8.7,31.4,8.6
19147,0.9984,0,WARNING,24.6,11.2,31.9,8.6
19148,1.0,0,ANOMALY,30.2,21.6,45.0,21.7
19149,0.9985,0,WARNING,25.5,9.7,39.7,11.7
19150,1.0,0,ANOMALY,27.1,11.2,41.1,21.0
19151,0.9985,0,WARNING,24.5,8.5,33.4,7.9
19152,0.9985,0,WARNING,24.6,8.8,31.9,7.8
19153,0.9752,0,WARNING,21.8,5.5,24.6,5.7
19154,0.9984,0,WARNING,23.8,9.8,32.1,7.4
19155,0.9984,0,WARNING,23.6,8.6,31.4,7.6
19156,0.9984,0,WARNING,22.4,8.4,33.5,7.9
19157,0.2751,0,NORMAL,23.5,8.8,31.6,8.8
19158,0.9984,0,WARNING,22.7,9.5,31.4,8.1
19159,0.9984,0,WARNING,22.8,9.1,34.0,8.1
19160,0.4583,0,NORMAL,23.6,8.9,31.3,8.3
19161,0.9984,0,WARNING,22.9,8.9,31.3,6.5
19162,0.3242,0,NORMAL,23.5,9.2,31.8,9.2
19163,0.9888,0,WARNING,22.9,8.6,31.6,7.5
19164,0.9984,0,WARNING,23.5,8.6,31.7,7.3
19165,0.2571,0,NORMAL,23.9,8.1,31.1,8.6
19166,0.9984,0,WARNING,24.8,8.6,31.2,7.1
19167,0.9984,0,WARNING,23.9,8.6,31.1,7.1
19168,0.3904,0,NORMAL,23.9,8.4,32.1,8.6
19169,0.9984,0,WARNING,23.2,8.7,31.4,7.2
19170,0.555,0,NORMAL,23.2,9.0,31.0,8.9
19171,0.2878,0,NORMAL,22.6,8.9,31.8,8.7
19172,0.3168,0,NORMAL,23.0,8.9,32.3,8.9
19173,0.2313,0,NORMAL,23.2,8.2,30.5,8.4
19174,0.9984,0,WARNING,22.8,9.2,31.4,7.3
19175,0.45,0,NORMAL,23.3,9.0,31.5,8.4
19176,0.3925,0,NORMAL,23.2,8.2,31.3,8.4
19177,0.9984,0,WARNING,23.5,8.2,31.7,7.2
19178,0.9984,0,WARNING,23.2,8.5,31.5,7.1
19179,0.9984,0,WARNING,22.7,8.0,31.4,7.3
19180,0.9984,0,WARNING,22.7,9.1,31.6,7.3
19181,0.3323,0,NORMAL,23.0,9.4,31.7,8.7
19182,0.9984,0,WARNING,22.9,8.7,31.6,7.4
19183,0.2472,0,NORMAL,22.3,8.4,31.8,8.7
19184,0.3917,0,NORMAL,21.9,8.6,31.6,8.5
19185,0.9984,0,WARNING,23.0,9.1,31.6,7.7
19186,0.9984,0,WARNING,22.9,9.1,31.9,7.4
19187,0.2509,0,NORMAL,23.1,8.6,31.7,8.7
19188,0.4519,0,NORMAL,22.9,8.9,31.1,8.4
19189,0.491,0,NORMAL,23.2,9.7,31.9,8.8
19190,0.4912,0,NORMAL,23.3,9.7,32.1,8.7
19191,0.9984,0,WARNING,22.6,8.5,31.5,6.8
19192,0.9889,0,WARNING,23.4,8.5,31.4,7.8
19193,0.9984,0,WARNING,23.2,8.5,31.7,7.1
19194,0.9984,0,WARNING,22.6,9.3,31.7,7.1
19195,0.9984,0,WARNING,22.8,8.9,31.6,7.4
19196,0.2427,0,NORMAL,22.3,8.8,31.2,8.6
19197,0.2548,0,NORMAL,21.9,8.3,31.7,8.7
19198,0.4515,0,NORMAL,22.5,9.2,30.3,8.2
19199,0.9984,0,WARNING,22.0,9.0,31.6,6.7
19200,0.9984,0,WARNING,23.3,9.9,32.7,8.5
19201,0.455,0,NORMAL,22.4,8.9,32.1,8.5
19202,0.9984,0,WARNING,22.2,8.7,31.7,7.3
19203,0.9984,0,WARNING,22.4,9.3,31.4,7.2
19204,0.2429,0,NORMAL,22.0,8.5,31.0,8.5
19205,0.9984,0,WARNING,21.7,8.5,31.2,7.6
19206,0.3227,0,NORMAL,22.9,9.0,32.4,9.3
19207,0.9198,0,WARNING,24.3,12.0,33.3,10.8
19208,1.0,0,ANOMALY,28.6,17.9,44.1,21.3
19209,0.9992,0,WARNING,26.0,15.4,38.8,11.9
19210,1.0,0,ANOMALY,24.6,10.3,35.6,16.1
19211,0.9982,0,WARNING,25.1,15.0,41.9,14.4
19212,0.542,0,NORMAL,22.8,9.1,32.2,8.8
19213,0.4226,0,NORMAL,23.1,9.2,32.7,9.0
19214,0.9985,0,WARNING,22.1,9.9,32.4,7.5
19215,0.9984,0,WARNING,22.3,9.5,32.2,7.5
19216,0.9984,0,WARNING,22.1,8.4,32.2,7.4
19217,0.9984,0,WARNING,22.7,9.5,32.0,7.2
19218,0.9984,0,WARNING,23.0,8.7,30.4,7.2
19219,0.4469,0,NORMAL,22.7,9.4,33.1,9.7
19220,0.9984,0,WARNING,22.4,10.0,32.2,7.4
19221,0.4566,0,NORMAL,22.3,9.5,31.6,8.6
19222,0.3138,0,NORMAL,22.4,8.6,32.4,9.4
19223,0.9984,0,WARNING,22.3,9.6,31.8,7.3
19224,0.4558,0,NORMAL,21.8,8.8,31.3,8.5
19225,0.9889,0,WARNING,21.1,9.5,31.8,8.1
19226,0.9984,0,WARNING,21.4,9.2,32.6,7.4
19227,0.9984,0,WARNING,21.6,8.7,31.6,7.3
19228,0.3275,0,NORMAL,22.0,9.3,31.6,8.7
19229,0.9984,0,WARNING,22.0,9.1,29.6,6.5
19230,0.989,0,WARNING,21.8,8.4,29.1,7.3
19231,0.9984,0,WARNING,21.9,8.9,30.7,6.9
19232,0.4469,0,NORMAL,21.2,8.5,28.9,8.2
19233,0.9984,0,WARNING,20.5,8.3,29.5,6.4
19234,0.3089,0,NORMAL,21.7,9.3,31.1,8.4
19235,0.4459,0,NORMAL,20.6,8.4,29.6,8.4
19236,0.9984,0,WARNING,20.9,8.0,28.1,6.1
19237,0.4397,0,NORMAL,21.0,7.7,28.8,7.7
19238,0.438,0,NORMAL,21.6,8.2,29.1,8.3
19239,0.9984,0,WARNING,21.2,8.6,28.7,6.2
19240,0.9892,0,WARNING,21.0,8.5,29.3,7.3
19241,0.9984,0,WARNING,21.2,8.7,31.7,7.6
19242,0.4451,0,NORMAL,21.3,8.5,29.0,7.7
19243,0.9984,0,WARNING,21.4,8.9,31.4,7.1
19244,0.2773,0,NORMAL,22.2,9.0,31.6,8.6
19245,0.9984,0,WARNING,22.6,8.9,29.5,6.5
19246,0.2736,0,NORMAL,22.3,8.6,30.7,8.4
19247,0.3034,0,NORMAL,22.8,9.1,32.3,8.9
19248,0.9984,0,WARNING,23.0,9.6,31.3,7.1
19249,0.9984,0,WARNING,22.2,9.6,31.8,7.2
19250,0.3253,0,NORMAL,22.8,9.3,31.8,8.6
19251,0.9984,0,WARNING,23.0,9.7,31.9,7.8
19252,0.9984,0,WARNING,23.2,9.3,32.0,7.4
19253,0.2718,0,NORMAL,22.1,8.6,31.3,9.2
19254,0.9984,0,WARNING,21.5,8.2,28.4,6.0
19255,0.9984,0,WARNING,21.5,8.6,28.9,6.4
19256,0.9984,0,WARNING,22.5,8.8,31.4,7.3
19257,0.989,0,WARNING,21.6,9.0,29.0,7.2
19258,0.9984,0,WARNING,22.1,8.2,29.1,6.3
19259,0.4407,0,NORMAL,23.2,8.2,29.9,8.0
19260,0.989,0,WARNING,22.6,8.6,30.1,7.6
19261,0.989,0,WARNING,22.4,9.4,30.5,7.8
19262,0.9984,0,WARNING,23.3,8.1,29.5,6.5
19263,0.989,0,WARNING,23.0,8.4,29.0,7.3
19264,0.4406,0,NORMAL,22.7,8.6,28.7,8.7
19265,0.9984,0,WARNING,22.4,8.5,31.1,6.4
19266,0.4446,0,NORMAL,22.6,8.6,29.2,7.6
19267,0.8172,0,WARNING,24.7,10.6,32.3,10.5
19268,1.0,0,ANOMALY,29.9,23.4,40.7,20.9
19269,1.0,0,ANOMALY,29.2,18.3,36.4,12.3
19270,1.0,0,ANOMALY,26.8,11.4,31.0,13.8
19271,1.0,0,WARNING,24.4,9.5,38.6,15.7
19272,0.7086,0,WARNING,23.3,6.8,25.6,6.6
19273,0.9984,0,WARNING,23.7,8.0,28.8,6.3
19274,0.6896,0,WARNING,23.5,7.6,26.1,7.2
19275,0.4379,0,NORMAL,22.5,8.7,29.0,7.6
19276,0.2212,0,NORMAL,22.6,8.3,31.4,8.7
19277,0.6864,0,WARNING,23.0,8.2,27.7,7.2
19278,0.6163,0,WARNING,22.1,8.7,30.1,8.1
19279,0.51,0,NORMAL,23.3,9.4,30.7,8.3
19280,0.9984,0,WARNING,21.9,7.8,26.2,5.3
19281,0.9984,0,WARNING,22.7,9.1,32.1,7.4
19282,0.9984,0,WARNING,23.0,9.7,29.5,6.6
19283,0.6621,0,WARNING,22.7,9.4,31.2,8.4
19284,0.6883,0,WARNING,22.2,7.5,25.6,7.1
19285,0.9984,0,WARNING,22.3,8.1,29.6,7.1
19286,0.4385,0,NORMAL,21.1,6.6,26.8,7.1
19287,0.9984,0,WARNING,22.0,7.2,25.5,5.2
19288,0.2874,0,NORMAL,22.6,9.3,31.1,8.5
19289,0.6829,0,WARNING,20.9,7.0,24.9,6.3
19290,0.9983,0,WARNING,21.6,8.4,28.1,5.9
19291,0.9983,0,WARNING,21.6,8.1,30.4,7.3
19292,0.9984,0,WARNING,21.7,7.9,27.9,6.0
19293,0.9892,0,WARNING,21.8,8.4,28.6,7.1
19294,0.9984,0,WARNING,21.5,8.1,29.9,6.7
19295,0.9984,0,WARNING,21.3,8.7,31.1,7.7
19296,0.9984,0,WARNING,21.3,9.1,30.9,7.6
19297,0.9984,0,WARNING,22.1,9.6,27.7,6.0
19298,0.9891,0,WARNING,22.0,8.2,30.3,7.6
19299,0.9984,0,WARNING,21.3,7.8,27.9,5.9
19300,0.9744,0,WARNING,21.6,8.5,30.9,7.7
19301,0.9891,0,WARNING,21.3,8.3,28.8,7.2
19302,0.9984,0,WARNING,21.3,8.2,30.2,6.8
19303,0.4395,0,NORMAL,21.2,8.5,30.0,8.1
19304,0.4404,0,NORMAL,21.5,7.4,27.6,7.3
19305,0.9984,0,WARNING,21.3,8.5,30.5,7.0
19306,0.4398,0,NORMAL,21.6,8.1,28.3,7.4
19307,0.9984,0,WARNING,21.5,8.9,31.8,7.3
19308,0.9984,0,WARNING,21.0,8.3,30.4,6.5
19309,0.9984,0,WARNING,21.4,8.6,29.4,6.4
19310,0.9984,0,WARNING,21.3,9.1,31.7,7.3
19311,0.9984,0,WARNING,20.9,8.4,30.1,6.8
19312,0.9984,0,WARNING,20.9,8.9,30.0,6.7
19313,0.989,0,WARNING,21.3,8.9,30.1,7.7
19314,0.989,0,WARNING,21.1,7.9,29.9,7.5
19315,0.4429,0,NORMAL,20.4,8.7,30.6,8.2
19316,0.9984,0,WARNING,20.5,8.2,30.0,6.7
19317,0.9891,0,WARNING,21.0,8.4,31.4,8.2
19318,0.9984,0,WARNING,21.0,8.5,29.8,6.8
19319,0.9984,0,WARNING,20.8,8.7,30.8,7.0
19320,0.9984,0,WARNING,21.0,8.7,30.0,6.8
19321,0.9984,0,WARNING,20.8,8.7,31.8,7.4
19322,0.9984,0,WARNING,20.6,8.2,29.7,6.1
19323,0.3092,0,NORMAL,20.4,8.5,30.5,8.2
19324,0.2182,0,NORMAL,20.1,7.3,28.6,7.7
19325,0.3235,0,NORMAL,20.5,10.1,31.4,8.6
19326,0.9984,0,WARNING,21.2,8.1,30.5,6.9
19327,0.6442,0,WARNING,22.0,9.6,32.5,10.1
19328,1.0,0,ANOMALY,27.0,19.8,40.7,21.1
19329,1.0,0,ANOMALY,28.2,24.0,40.9,13.5
19330,1.0,0,ANOMALY,24.3,11.3,37.1,17.2
19331,0.6681,0,WARNING,22.8,9.8,41.4,13.1
19332,0.9985,0,WARNING,20.9,8.1,29.2,6.4
19333,0.3931,0,NORMAL,21.0,8.6,31.9,9.4
19334,0.9748,0,WARNING,21.2,8.5,31.3,8.0
19335,0.2538,0,NORMAL,21.4,8.3,31.0,8.4
19336,0.2965,0,NORMAL,21.1,8.3,31.2,8.6
19337,0.9889,0,WARNING,21.3,7.8,29.4,7.5
19338,0.9984,0,WARNING,20.1,8.2,29.5,6.7
19339,0.9984,0,WARNING,19.8,8.5,31.5,6.8
19340,0.9891,0,WARNING,19.7,8.4,31.2,8.0
19341,0.9984,0,WARNING,19.4,7.3,27.2,5.9
19342,0.1924,0,NORMAL,19.1,7.7,31.1,8.7
19343,0.2431,0,NORMAL,19.1,8.3,31.1,8.5
19344,0.9984,0,WARNING,19.7,8.1,29.8,6.8
19345,0.9984,0,WARNING,19.5,7.9,29.8,6.8
19346,0.9984,0,WARNING,19.3,8.3,31.2,7.1
19347,0.4118,0,NORMAL,19.7,8.4,30.7,8.3
19348,0.9984,0,WARNING,19.9,8.3,30.8,6.9
19349,0.989,0,WARNING,20.3,7.8,29.4,7.5
19350,0.9984,0,WARNING,19.9,8.3,30.3,6.9
19351,0.9984,0,WARNING,20.3,8.4,31.1,7.1
19352,0.989,0,WARNING,20.0,7.6,29.8,7.7
19353,0.4407,0,NORMAL,20.1,6.6,27.4,7.2
19354,0.9984,0,WARNING,20.7,7.9,31.4,7.4
19355,0.9984,0,WARNING,20.8,7.8,29.4,6.5
19356,0.9891,0,WARNING,20.8,7.7,29.7,7.5
19357,0.9984,0,WARNING,21.3,7.7,30.5,7.1
19358,0.9984,0,WARNING,20.7,7.7,30.1,6.3
19359,0.9891,0,WARNING,20.9,7.7,31.5,8.3
19360,0.9984,0,WARNING,21.4,8.1,30.6,6.5
19361,0.9984,0,WARNING,21.9,7.6,29.8,6.2
19362,0.9984,0,WARNING,21.0,7.7,31.4,7.3
19363,0.386,0,NORMAL,20.9,8.0,30.1,8.0
19364,0.9984,0,WARNING,21.7,7.9,30.1,6.7
19365,0.9984,0,WARNING,21.1,8.3,31.3,7.3
19366,0.9984,0,WARNING,20.9,7.9,31.7,7.4
19367,0.9984,0,WARNING,21.9,7.6,30.7,7.2
19368,0.989,0,WARNING,20.7,7.1,30.4,7.9
19369,0.2164,0,NORMAL,20.5,7.7,29.8,8.1
19370,0.3025,0,NORMAL,20.6,7.6,30.6,8.4
19371,0.9984,0,WARNING,20.3,7.9,31.5,6.7
19372,0.9984,0,WARNING,20.6,7.5,30.7,7.0
19373,0.9891,0,WARNING,19.9,7.0,30.9,8.1
19374,0.4297,0,NORMAL,19.9,7.3,35.7,10.1
19375,0.4047,0,NORMAL,20.1,7.5,35.4,10.0
19376,0.4568,0,NORMAL,20.3,7.5,36.9,10.6
19377,0.5858,0,NORMAL,20.3,7.1,34.1,9.6
19378,0.463,0,NORMAL,20.0,6.0,29.5,8.0
19379,0.989,0,WARNING,20.6,5.9,29.2,7.4
19380,0.989,0,WARNING,20.2,6.4,28.9,7.3
19381,0.1436,0,NORMAL,19.6,6.1,29.2,8.0
19382,0.9892,0,WARNING,19.4,5.8,28.8,7.4
19383,0.1282,0,NORMAL,20.1,6.0,28.6,7.8
19384,0.9984,0,WARNING,19.9,6.2,28.7,6.4
19385,0.9983,0,WARNING,20.2,5.4,27.8,6.1
19386,0.9893,0,WARNING,20.8,5.6,28.5,7.2
19387,0.9983,0,WARNING,23.1,9.2,28.6,7.9
19388,1.0,0,ANOMALY,28.1,25.4,44.9,20.2
19389,0.9985,0,WARNING,22.4,7.1,31.7,6.6
19390,1.0,0,ANOMALY,23.2,9.4,38.5,22.1
19391,0.9886,0,WARNING,20.7,5.9,29.7,7.6
19392,0.9984,0,WARNING,19.4,5.6,28.0,5.7
19393,0.989,0,WARNING,19.3,5.1,27.5,7.0
19394,0.9984,0,WARNING,18.9,5.5,27.8,6.1
19395,0.9983,0,WARNING,19.1,5.8,27.4,5.4
19396,0.9983,0,WARNING,18.5,5.0,27.4,5.4
19397,0.9983,0,WARNING,19.1,5.1,27.3,5.5
19398,0.9983,0,WARNING,18.9,5.4,26.8,5.4
19399,0.9983,0,WARNING,19.3,5.1,26.6,5.3
19400,0.2029,0,NORMAL,18.6,5.2,27.3,7.4
19401,0.417,0,NORMAL,19.1,5.3,26.0,6.8
19402,0.9894,0,WARNING,19.0,5.3,26.3,6.6
19403,0.9894,0,WARNING,18.6,4.9,26.2,6.5
19404,0.9895,0,WARNING,18.4,4.8,26.5,6.5
19405,0.9983,0,WARNING,18.4,5.3,26.3,5.7
19406,0.9983,0,WARNING,18.0,4.7,25.2,5.2
19407,0.1267,0,NORMAL,17.8,4.7,26.9,7.2
19408,0.9895,0,WARNING,17.6,4.9,26.1,6.6
19409,0.9895,0,WARNING,18.0,5.2,25.8,6.4
19410,0.9983,0,WARNING,18.3,4.9,25.9,4.9
19411,0.9983,0,WARNING,18.2,4.9,26.0,5.0
19412,0.9983,0,WARNING,18.4,4.8,25.4,4.8
19413,0.9895,0,WARNING,17.2,2.8,19.7,4.3
19414,0.9983,0,WARNING,16.3,1.2,17.1,2.8
19415,0.9899,0,WARNING,16.0,1.3,16.9,3.5
19416,0.9982,0,WARNING,15.9,1.2,17.1,2.3
19417,0.9982,0,WARNING,15.8,1.3,16.9,2.2
19418,0.9901,0,WARNING,15.7,1.2,17.0,3.5
19419,0.9982,0,WARNING,15.6,1.2,16.9,2.1
19420,0.9982,0,WARNING,15.5,1.4,16.8,2.0
19421,0.7938,0,WARNING,15.4,1.1,16.8,4.1
19422,0.9982,0,WARNING,16.9,2.3,19.2,3.3
19423,0.9982,0,WARNING,21.4,9.6,33.5,7.2
19424,0.4241,0,NORMAL,22.0,9.1,33.8,9.0
19425,0.9984,0,WARNING,20.9,8.2,32.0,7.1
19426,0.9984,0,WARNING,20.4,7.1,29.7,6.5
19427,0.3028,0,NORMAL,18.8,6.5,31.3,8.6
19428,0.9984,0,WARNING,18.4,6.4,30.7,6.5
19429,0.9984,0,WARNING,17.9,5.7,28.0,5.8
19430,0.2788,0,NORMAL,18.1,7.0,31.4,8.8
19431,0.9892,0,WARNING,17.8,6.8,32.4,8.7
19432,0.2648,0,NORMAL,17.7,6.8,31.2,8.7
19433,0.9891,0,WARNING,17.8,6.3,31.2,8.2
19434,0.9984,0,WARNING,17.3,4.7,27.0,5.5
19435,0.9983,0,WARNING,17.0,4.3,24.6,5.0
19436,0.9895,0,WARNING,16.8,4.1,23.9,5.7
19437,0.9983,0,WARNING,16.9,3.2,19.5,2.9
19438,0.9898,0,WARNING,16.4,4.1,17.8,5.1
19439,0.9973,0,WARNING,17.9,9.8,24.2,6.0
19440,0.9896,0,WARNING,16.5,4.1,23.6,5.9
19441,0.9897,0,WARNING,16.4,4.1,23.5,5.7
19442,0.9897,0,WARNING,16.4,4.6,23.8,5.8
19443,0.9897,0,WARNING,16.5,4.1,23.9,5.8
19444,0.9897,0,WARNING,16.3,4.0,23.8,5.7
19445,0.3304,0,NORMAL,16.1,3.7,23.4,6.2
19446,0.9983,0,WARNING,16.9,3.9,23.6,4.4
19447,0.9897,0,WARNING,18.2,5.2,24.0,7.0
19448,1.0,0,ANOMALY,22.4,13.3,34.4,16.6
19449,1.0,0,WARNING,20.8,4.3,30.5,12.5
19450,1.0,0,ANOMALY,18.7,12.2,24.1,5.9
19451,0.3166,0,NORMAL,16.9,3.8,22.9,6.0
19452,0.9983,0,WARNING,17.3,3.7,23.0,4.1
19453,0.9895,0,WARNING,17.7,3.8,22.9,4.9
19454,0.3991,0,NORMAL,18.0,3.5,22.8,5.9
19455,0.9983,0,WARNING,18.4,3.5,22.9,4.2
19456,0.9983,0,WARNING,18.5,3.6,22.5,4.5
19457,0.3245,0,NORMAL,18.8,3.7,22.6,6.0
19458,0.9983,0,WARNING,19.0,3.6,22.7,3.9
19459,0.9982,0,WARNING,19.0,3.9,22.7,4.0
19460,0.3031,0,NORMAL,18.9,3.5,22.5,5.9
19461,0.9983,0,WARNING,19.2,3.5,22.7,4.7
19462,0.9982,0,WARNING,19.0,3.5,22.7,4.1
19463,0.9982,0,WARNING,19.7,3.4,22.2,4.0
19464,0.9982,0,WARNING,19.9,3.4,22.5,4.6
19465,0.2956,0,NORMAL,19.1,3.5,22.3,5.9
19466,0.9982,0,WARNING,20.1,3.6,22.2,3.8
19467,0.9982,0,WARNING,19.4,3.5,22.2,3.8
19468,0.9982,0,WARNING,19.0,3.2,22.1,3.9
19469,0.9982,0,WARNING,19.4,3.5,22.4,4.0
19470,0.9982,0,WARNING,19.0,3.5,22.1,3.9
19471,0.9982,0,WARNING,19.1,3.4,21.9,3.9
19472,0.9898,0,WARNING,19.2,3.4,22.1,5.3
19473,0.9898,0,WARNING,19.2,3.7,22.0,5.3
19474,0.9983,0,WARNING,18.7,3.4,22.0,4.3
19475,0.9982,0,WARNING,18.6,3.4,22.2,3.7
19476,0.9898,0,WARNING,18.2,3.3,22.1,5.2
19477,0.9982,0,WARNING,18.4,3.5,22.0,3.8
19478,0.9898,0,WARNING,18.4,3.1,21.8,5.1
19479,0.9982,0,WARNING,18.5,3.4,21.9,3.9
19480,0.9982,0,WARNING,18.6,3.3,21.8,3.8
19481,0.9898,0,WARNING,18.1,3.0,22.0,5.1
19482,0.2414,0,NORMAL,18.6,3.1,21.6,5.6
19483,0.9898,0,WARNING,18.6,3.3,21.9,5.0
19484,0.2407,0,NORMAL,18.0,3.1,21.6,5.6
19485,0.9898,0,WARNING,18.2,3.0,21.4,5.0
19486,0.9982,0,WARNING,18.2,3.2,21.5,4.2
19487,0.9982,0,WARNING,18.0,3.1,21.5,3.7
19488,0.9982,0,WARNING,18.1,3.1,21.2,3.5
19489,0.9982,0,WARNING,17.7,2.8,21.4,4.3
19490,0.9982,0,WARNING,17.6,3.0,21.0,3.4
19491,0.9899,0,WARNING,17.3,3.1,21.3,4.8
19492,0.9982,0,WARNING,17.0,2.9,21.4,3.6
19493,0.9899,0,WARNING,17.1,2.8,21.2,4.9
19494,0.2641,0,NORMAL,17.5,2.8,21.3,5.6
19495,0.9982,0,WARNING,17.0,3.1,21.1,4.1
19496,0.9982,0,WARNING,16.7,2.8,21.4,3.7
19497,0.9899,0,WARNING,16.5,2.8,21.2,5.0
19498,0.9899,0,WARNING,16.8,3.1,21.4,4.9
19499,0.9982,0,WARNING,16.5,3.0,21.2,3.5
19500,0.3765,0,NORMAL,16.6,2.9,21.3,5.4
19501,0.9982,0,WARNING,16.2,2.8,21.3,4.1
19502,0.9899,0,WARNING,16.1,2.8,21.0,5.0
19503,0.9899,0,WARNING,16.1,2.8,21.4,5.0
19504,0.2737,0,NORMAL,16.3,2.8,21.3,5.5
19505,0.9899,0,WARNING,16.1,3.0,21.3,5.0
19506,0.9982,0,WARNING,16.1,1.4,17.3,2.2
19507,0.9982,0,WARNING,16.1,1.7,15.9,1.8
19508,0.9901,0,WARNING,16.1,0.7,15.9,3.2
19509,0.9982,0,WARNING,16.2,0.7,16.1,1.9
19510,0.9981,0,WARNING,16.6,1.1,16.6,1.9
19511,0.9981,0,WARNING,16.6,0.7,16.1,1.8
19512,0.9902,0,WARNING,16.6,0.6,16.4,3.3
19513,0.9903,0,WARNING,16.6,0.8,16.3,3.3
19514,0.7919,0,WARNING,16.9,1.3,16.9,3.7
19515,0.9982,0,WARNING,17.3,3.5,21.2,2.2
19516,0.9982,0,WARNING,16.7,1.5,17.3,2.1
19517,0.9902,0,WARNING,16.7,1.2,17.1,3.4
19518,0.9902,0,WARNING,16.7,1.2,17.5,3.5
19519,0.6477,0,WARNING,21.5,8.6,35.4,9.4
19520,1.0,0,WARNING,24.9,12.8,43.2,15.2
19521,0.9999,0,WARNING,21.5,10.4,36.0,10.3
19522,0.9989,0,WARNING,19.7,10.4,34.4,11.6
19523,0.9985,0,WARNING,17.4,5.8,31.4,7.6
19524,0.9984,0,WARNING,17.2,5.8,30.8,7.7
19525,0.9984,0,WARNING,16.6,3.3,22.3,4.0
19526,0.9983,0,WARNING,16.3,2.5,20.4,3.4
19527,0.9983,0,WARNING,16.1,2.5,20.4,3.9
19528,0.9982,0,WARNING,16.0,2.6,20.1,3.3
19529,0.9982,0,WARNING,15.9,2.6,20.1,3.2
19530,0.9899,0,WARNING,15.7,2.5,19.7,4.4
19531,0.99,0,WARNING,15.8,2.4,19.8,4.4
19532,0.99,0,WARNING,15.7,2.5,20.0,4.6
19533,0.9982,0,WARNING,15.7,2.4,19.6,3.0
19534,0.9982,0,WARNING,15.6,2.5,20.1,3.3
19535,0.9982,0,WARNING,15.7,2.6,20.3,3.7
19536,0.9982,0,WARNING,15.6,2.4,19.6,3.6
19537,0.9982,0,WARNING,15.5,2.3,19.6,3.6
19538,0.9982,0,WARNING,15.4,2.5,19.8,3.0
19539,0.9982,0,WARNING,15.5,2.5,19.6,3.0
19540,0.3134,0,NORMAL,15.4,2.5,19.6,5.0
19541,0.9982,0,WARNING,15.4,2.2,19.4,3.1
19542,0.9982,0,WARNING,15.4,2.3,19.9,3.2
19543,0.99,0,WARNING,15.4,2.4,19.6,4.5
19544,0.9982,0,WARNING,15.4,2.5,19.4,3.1
19545,0.9982,0,WARNING,15.2,2.2,19.6,3.5
19546,0.9901,0,WARNING,15.2,2.2,19.7,4.4
19547,0.9901,0,WARNING,15.2,2.3,19.7,4.3
19548,0.9901,0,WARNING,15.2,2.3,19.7,4.5
19549,0.9982,0,WARNING,15.3,2.4,19.5,3.1
19550,0.9982,0,WARNING,15.3,2.3,19.6,3.1
19551,0.9982,0,WARNING,15.3,2.3,19.4,3.0
19552,0.9901,0,WARNING,15.2,2.4,19.8,4.4
19553,0.9901,0,WARNING,15.1,2.2,20.0,3.7
19554,0.9901,0,WARNING,15.3,2.2,20.0,4.5
19555,0.9982,0,WARNING,15.4,2.4,19.7,3.1
19556,0.9982,0,WARNING,16.0,2.2,19.7,3.1
19557,0.3269,0,NORMAL,16.6,2.1,19.5,5.0
19558,0.9982,0,WARNING,16.7,2.2,19.6,3.5
19559,0.99,0,WARNING,16.5,2.2,19.5,4.4
19560,0.99,0,WARNING,17.0,2.4,19.4,4.4
19561,0.99,0,WARNING,17.1,2.0,19.3,4.3
19562,0.99,0,WARNING,17.6,2.3,19.3,4.3
19563,0.99,0,WARNING,17.9,2.2,19.4,4.3
19564,0.3201,0,NORMAL,17.4,2.0,19.5,5.0
19565,0.9982,0,WARNING,17.6,2.1,19.6,3.0
19566,0.9982,0,WARNING,18.5,2.3,19.9,3.1
19567,0.99,0,WARNING,19.5,3.7,20.7,5.9
19568,0.9997,0,WARNING,23.9,9.3,34.6,11.4
19569,0.9302,0,WARNING,21.0,3.1,25.7,8.3
19570,0.9983,0,WARNING,18.5,4.0,20.0,3.0
19571,0.9983,0,WARNING,18.2,2.1,19.6,2.9
19572,0.9982,0,WARNING,17.6,2.0,19.8,3.2
19573,0.9899,0,WARNING,17.8,2.4,19.9,4.6
19574,0.9899,0,WARNING,17.8,2.3,20.2,4.7
19575,0.9982,0,WARNING,17.8,2.1,19.7,3.6
19576,0.9982,0,WARNING,18.1,2.0,19.8,3.1
19577,0.9982,0,WARNING,17.4,2.2,20.0,3.1
19578,0.3033,0,NORMAL,17.3,2.2,19.7,4.9
19579,0.2991,0,NORMAL,17.4,2.0,19.7,5.0
19580,0.99,0,WARNING,17.3,2.1,19.4,4.3
19581,0.9982,0,WARNING,16.9,1.9,19.5,3.1
19582,0.9982,0,WARNING,16.8,2.2,19.8,3.1
19583,0.99,0,WARNING,16.9,1.9,19.5,4.4
19584,0.9982,0,WARNING,16.6,1.9,19.6,3.0
19585,0.3633,0,NORMAL,16.4,2.1,19.5,4.7
19586,0.9982,0,WARNING,16.2,1.9,19.3,2.9
19587,0.9901,0,WARNING,16.0,1.9,19.5,4.4
19588,0.9901,0,WARNING,16.0,2.0,19.5,4.5
19589,0.9901,0,WARNING,16.0,2.2,19.5,4.4
19590,0.9901,0,WARNING,16.1,2.1,19.6,4.5
19591,0.9982,0,WARNING,16.2,2.0,19.4,3.1
19592,0.9982,0,WARNING,16.0,1.9,19.4,2.9
19593,0.9901,0,WARNING,15.9,2.0,19.4,4.2
19594,0.9982,0,WARNING,15.8,2.0,19.8,3.0
19595,0.9901,0,WARNING,15.7,1.9,19.4,4.4
19596,0.3631,0,NORMAL,15.8,2.1,19.2,4.8
19597,0.9982,0,WARNING,15.7,1.9,19.4,3.3
19598,0.9901,0,WARNING,15.9,1.9,19.4,4.3
19599,0.9982,0,WARNING,15.7,2.0,19.5,3.1
19600,0.9982,0,WARNING,15.5,2.1,19.3,2.8
19601,0.9982,0,WARNING,15.7,2.0,19.2,2.8
19602,0.9901,0,WARNING,15.6,1.9,19.5,4.3
19603,0.9901,0,WARNING,15.6,2.0,19.3,4.4
19604,0.9901,0,WARNING,15.5,1.9,19.4,4.3
19605,0.9901,0,WARNING,15.7,2.0,19.3,4.3
19606,0.9901,0,WARNING,15.6,1.9,19.5,4.4
19607,0.9901,0,WARNING,15.6,1.9,19.3,4.3
19608,0.9982,0,WARNING,15.6,2.1,19.4,3.0
19609,0.9901,0,WARNING,15.4,1.9,19.4,4.1
19610,0.9982,0,WARNING,15.3,2.1,19.5,2.9
19611,0.9982,0,WARNING,15.4,2.1,19.4,3.0
19612,0.9982,0,WARNING,15.5,1.9,19.2,3.5
19613,0.9901,0,WARNING,15.5,2.0,19.4,4.2
19614,0.3322,0,NORMAL,15.3,1.9,19.6,5.0
19615,0.9901,0,WARNING,15.6,2.2,19.7,4.4
19616,0.9901,0,WARNING,15.3,2.0,19.6,4.3
19617,0.9901,0,WARNING,15.3,1.9,19.7,4.4
19618,0.9982,0,WARNING,15.4,2.0,19.4,2.8
19619,0.9901,0,WARNING,15.3,2.0,19.3,4.4
19620,0.9982,0,WARNING,15.3,2.0,19.1,3.4
19621,0.9901,0,WARNING,15.3,2.0,19.8,4.5
19622,0.9901,0,WARNING,15.3,1.9,19.2,4.4
19623,0.9982,0,WARNING,15.3,1.9,19.4,3.0
19624,0.9982,0,WARNING,15.3,1.8,18.5,2.5
19625,0.9982,0,WARNING,15.3,2.2,20.3,3.7
19626,0.9901,0,WARNING,16.2,2.0,19.2,4.1
19627,0.9982,0,WARNING,17.3,3.0,19.8,4.3
19628,0.9736,0,WARNING,20.3,7.6,32.7,9.3
19629,0.5038,0,NORMAL,19.0,3.0,24.5,6.2
19630,0.9961,0,WARNING,18.0,3.0,23.3,8.4
19631,0.9983,0,WARNING,15.6,1.8,18.9,2.8
19632,0.9982,0,WARNING,15.5,1.9,19.1,2.8
19633,0.9982,0,WARNING,15.5,1.9,18.7,2.6
19634,0.99,0,WARNING,15.4,2.0,19.3,4.3
19635,0.9901,0,WARNING,15.4,1.9,19.0,3.6
19636,0.9901,0,WARNING,15.4,1.7,18.8,4.1
19637,0.9901,0,WARNING,15.3,1.8,18.9,4.2
19638,0.9901,0,WARNING,15.3,1.8,18.8,4.2
19639,0.9901,0,WARNING,15.3,1.8,18.8,4.1
19640,0.9982,0,WARNING,15.3,1.9,18.7,2.7
19641,0.9982,0,WARNING,15.2,1.6,16.9,1.9
19642,0.9982,0,WARNING,15.5,2.0,20.3,3.3
19643,0.9901,0,WARNING,15.3,1.9,19.1,4.3
19644,0.9982,0,WARNING,15.3,1.8,18.6,2.6
19645,0.9982,0,WARNING,15.3,1.9,18.7,3.3
19646,0.9901,0,WARNING,15.2,1.8,18.8,4.2
19647,0.9901,0,WARNING,15.2,1.9,18.9,4.2
19648,0.9901,0,WARNING,15.2,1.7,18.3,3.9
19649,0.9901,0,WARNING,15.2,2.0,19.6,4.3
19650,0.9901,0,WARNING,15.2,1.9,18.9,4.3
19651,0.9982,0,WARNING,15.2,1.8,19.0,2.9
19652,0.9901,0,WARNING,15.2,1.9,18.8,4.0
19653,0.9901,0,WARNING,15.2,1.9,18.9,4.1
19654,0.9901,0,WARNING,15.2,1.9,19.4,4.4
19655,0.9982,0,WARNING,15.2,1.9,18.9,2.7
19656,0.9901,0,WARNING,15.2,1.9,18.8,4.1
19657,0.9982,0,WARNING,15.1,1.8,18.6,2.5
19658,0.9901,0,WARNING,15.2,1.9,19.1,4.2
19659,0.9982,0,WARNING,15.5,1.9,19.0,2.9
19660,0.9901,0,WARNING,15.8,2.2,19.2,4.3
19661,0.9901,0,WARNING,16.2,1.9,19.1,4.3
19662,0.9901,0,WARNING,16.6,1.8,19.0,4.1
19663,0.9982,0,WARNING,16.8,2.0,19.3,2.9
19664,0.99,0,WARNING,17.0,2.0,19.3,4.1
19665,0.99,0,WARNING,17.1,1.9,19.2,4.2
19666,0.9982,0,WARNING,17.1,1.8,18.9,2.9
19667,0.99,0,WARNING,17.2,1.8,18.9,4.2
19668,0.9982,0,WARNING,17.6,1.9,19.1,2.9
19669,0.99,0,WARNING,17.8,1.9,19.2,4.3
19670,0.9982,0,WARNING,17.4,2.0,18.9,2.8
19671,0.99,0,WARNING,17.9,1.8,19.1,4.3
19672,0.9982,0,WARNING,17.6,1.8,18.9,2.6
19673,0.99,0,WARNING,18.5,1.8,19.2,4.0
19674,0.99,0,WARNING,18.2,2.0,19.6,4.5
19675,0.9982,0,WARNING,18.0,1.9,19.2,2.9
19676,0.9982,0,WARNING,17.9,1.9,19.0,2.9
19677,0.322,0,NORMAL,18.2,1.9,19.3,4.8
19678,0.3141,0,NORMAL,18.0,1.9,18.8,4.7
19679,0.9982,0,WARNING,18.2,2.1,19.0,2.8
19680,0.99,0,WARNING,18.0,2.3,19.1,4.2
19681,0.99,0,WARNING,18.3,2.0,18.9,4.2
19682,0.99,0,WARNING,17.8,1.9,18.8,4.2
19683,0.9982,0,WARNING,17.8,2.0,19.3,2.9
19684,0.99,0,WARNING,17.6,1.9,19.0,4.3
19685,0.99,0,WARNING,17.3,2.0,19.2,4.2
19686,0.9901,0,WARNING,17.9,2.0,19.7,4.3
19687,0.9982,0,WARNING,18.9,3.0,20.1,4.3
19688,0.9997,0,WARNING,21.7,5.1,31.3,8.1
19689,0.9944,0,WARNING,21.8,5.5,30.2,10.7
19690,0.9983,0,WARNING,18.6,3.7,20.9,3.5
19691,0.9983,0,WARNING,17.0,2.2,19.4,2.9
19692,0.9898,0,WARNING,16.7,2.2,19.5,4.4
19693,0.9899,0,WARNING,16.4,2.2,19.6,4.3
19694,0.99,0,WARNING,16.3,2.0,20.0,4.6
19695,0.99,0,WARNING,16.4,2.3,20.0,4.4
19696,0.9982,0,WARNING,16.2,2.3,19.9,3.0
19697,0.9982,0,WARNING,16.4,2.3,20.0,3.1
19698,0.9982,0,WARNING,16.1,2.2,20.0,3.2
19699,0.9982,0,WARNING,16.2,2.2,20.3,3.2
19700,0.99,0,WARNING,16.1,2.5,20.3,4.7
19701,0.9982,0,WARNING,16.0,2.2,19.8,3.1
19702,0.99,0,WARNING,15.9,2.2,19.8,4.4
19703,0.99,0,WARNING,15.9,2.3,19.7,3.6
19704,0.3493,0,NORMAL,15.6,2.5,20.2,5.0
19705,0.9982,0,WARNING,15.6,2.3,20.1,3.2
19706,0.3108,0,NORMAL,15.6,2.2,20.0,5.0
19707,0.99,0,WARNING,15.8,2.3,19.7,4.5
19708,0.99,0,WARNING,15.7,2.4,20.2,4.6
19709,0.9982,0,WARNING,15.7,2.4,20.2,3.2
19710,0.99,0,WARNING,15.6,2.4,20.2,4.5
19711,0.9982,0,WARNING,15.6,2.4,20.5,3.7
19712,0.99,0,WARNING,15.6,2.5,20.2,4.5
19713,0.99,0,WARNING,15.5,2.2,20.1,3.9
19714,0.3677,0,NORMAL,15.6,2.3,20.2,5.0
19715,0.3098,0,NORMAL,15.5,2.5,20.2,5.2
19716,0.99,0,WARNING,15.5,2.2,20.3,4.7
19717,0.99,0,WARNING,15.5,2.4,20.4,4.7
19718,0.99,0,WARNING,15.3,2.5,20.5,4.7
19719,0.99,0,WARNING,15.4,2.4,20.2,4.4
19720,0.9982,0,WARNING,15.6,2.5,20.6,3.2
19721,0.9982,0,WARNING,15.5,2.2,20.2,3.3
19722,0.9982,0,WARNING,15.4,2.5,20.3,3.2
19723,0.99,0,WARNING,15.5,2.6,20.5,4.6
19724,0.9982,0,WARNING,15.4,2.5,20.4,3.7
19725,0.9982,0,WARNING,15.4,2.4,20.5,3.4
19726,0.99,0,WARNING,15.5,2.5,21.0,4.9
19727,0.9982,0,WARNING,15.5,2.7,20.5,3.2
19728,0.99,0,WARNING,15.5,2.7,21.0,4.8
19729,0.9982,0,WARNING,15.5,2.6,20.9,3.5
19730,0.99,0,WARNING,15.6,2.7,21.3,4.9
19731,0.3028,0,NORMAL,15.5,2.8,21.1,5.4
19732,0.9982,0,WARNING,15.6,2.7,20.8,3.9
19733,0.99,0,WARNING,15.6,2.6,20.9,4.2
19734,0.9982,0,WARNING,15.7,2.8,21.4,3.6
19735,0.99,0,WARNING,15.6,2.9,20.9,4.6
19736,0.99,0,WARNING,15.5,2.7,21.3,4.9
19737,0.9982,0,WARNING,15.6,2.7,21.3,3.6
19738,0.9982,0,WARNING,15.4,2.8,21.1,4.0
19739,0.9982,0,WARNING,15.3,2.9,21.4,3.7
19740,0.99,0,WARNING,15.6,2.8,21.2,4.9
19741,0.2946,0,NORMAL,15.8,2.8,21.3,5.4
19742,0.9899,0,WARNING,15.6,2.9,21.6,5.0
19743,0.9982,0,WARNING,15.6,2.7,21.5,3.5
19744,0.9899,0,WARNING,15.6,2.7,21.5,4.8
19745,0.9982,0,WARNING,15.6,3.1,21.8,4.2
19746,0.9899,0,WARNING,16.3,3.0,22.0,5.2
19747,0.9982,0,WARNING,19.0,7.2,23.6,5.8
19748,0.9946,0,WARNING,21.0,9.7,36.4,12.0
19749,0.9993,0,WARNING,18.9,5.0,27.6,10.3
19750,0.9894,0,WARNING,16.2,3.2,22.2,5.2
19751,0.9896,0,WARNING,15.9,3.1,22.0,5.0
19752,0.9983,0,WARNING,15.3,1.4,16.6,1.9
19753,0.9899,0,WARNING,15.0,1.0,16.1,3.3
19754,0.9982,0,WARNING,15.0,0.7,15.8,1.9
19755,0.9902,0,WARNING,15.0,1.4,17.0,3.5
19756,0.9902,0,WARNING,14.9,0.8,16.3,2.7
19757,0.9902,0,WARNING,14.9,0.9,15.9,3.2
19758,0.9981,0,WARNING,15.1,1.4,17.2,2.1
19759,0.9902,0,WARNING,14.9,0.8,15.6,3.1
19760,0.9981,0,WARNING,15.3,1.5,16.4,1.9
19761,0.9902,0,WARNING,15.0,0.8,15.8,3.2
19762,0.9981,0,WARNING,14.9,0.7,15.6,1.8
19763,0.9903,0,WARNING,15.0,0.8,15.8,2.6
19764,0.9981,0,WARNING,16.0,2.8,19.0,3.0
19765,0.3508,0,NORMAL,18.1,6.1,27.8,7.2
19766,0.9983,0,WARNING,18.5,4.5,24.1,4.6
19767,0.9898,0,WARNING,17.9,5.6,26.3,6.1
19768,0.9983,0,WARNING,19.2,7.5,29.2,5.9
19769,0.9896,0,WARNING,19.2,6.2,27.6,6.8
19770,0.1159,0,NORMAL,20.0,5.4,25.7,6.7
19771,0.9895,0,WARNING,18.7,5.4,28.6,7.5
19772,0.3046,0,NORMAL,19.4,6.3,30.4,8.6
19773,0.1559,0,NORMAL,18.7,6.1,29.6,8.3
19774,0.9984,0,WARNING,18.7,5.6,28.5,6.3
19775,0.9983,0,WARNING,18.3,5.6,27.3,6.0
19776,0.9983,0,WARNING,18.6,4.8,25.7,5.5
19777,0.9983,0,WARNING,18.5,5.2,27.2,5.6
19778,0.9894,0,WARNING,18.2,3.8,23.2,5.6
19779,0.9895,0,WARNING,18.8,2.9,18.4,3.8
19780,0.9983,0,WARNING,18.9,5.0,26.0,5.6
19781,0.9896,0,WARNING,19.3,5.6,27.6,7.1
19782,0.9895,0,WARNING,17.6,2.7,19.6,4.2
19783,0.9983,0,WARNING,16.6,0.9,16.0,1.8
19784,0.9899,0,WARNING,16.3,0.9,15.8,3.2
19785,0.9982,0,WARNING,16.0,1.0,16.2,2.0
19786,0.6351,0,WARNING,18.6,5.4,23.7,5.6
19787,0.9982,0,WARNING,19.9,6.7,27.6,5.7
19788,0.9983,0,WARNING,19.7,5.7,28.5,6.5
19789,0.9896,0,WARNING,19.2,5.2,26.5,6.7
19790,0.9895,0,WARNING,19.3,6.0,27.6,6.8
19791,0.9983,0,WARNING,18.9,6.2,29.6,6.2
19792,0.9983,0,WARNING,19.5,6.1,29.0,6.1
19793,0.9893,0,WARNING,19.1,5.4,28.5,7.4
19794,0.3075,0,NORMAL,19.1,4.9,25.8,6.9
19795,0.9983,0,WARNING,19.5,5.5,28.4,6.5
19796,0.9894,0,WARNING,19.1,4.4,24.6,6.1
19797,0.9983,0,WARNING,19.0,4.4,24.7,4.6
19798,0.9895,0,WARNING,19.4,4.8,24.4,6.0
19799,0.9983,0,WARNING,19.5,5.0,24.5,5.0
19800,0.1455,0,NORMAL,19.4,4.6,24.6,6.5
19801,0.9983,0,WARNING,19.5,4.7,24.9,4.8
19802,0.4033,0,NORMAL,19.5,4.9,24.6,6.4
19803,0.9896,0,WARNING,19.3,5.2,25.1,6.2
19804,0.9983,0,WARNING,19.4,4.2,23.2,4.7
19805,0.9983,0,WARNING,19.6,5.2,25.1,5.2
19806,0.9896,0,WARNING,20.1,5.5,27.1,5.9
19807,0.9983,0,WARNING,23.2,6.9,27.2,8.3
19808,1.0,0,WARNING,25.0,14.2,41.9,16.3
19809,1.0,0,WARNING,22.9,6.9,29.6,11.0
19810,0.9984,0,WARNING,20.0,5.8,25.4,4.7
19811,0.9892,0,WARNING,20.4,5.8,25.7,6.2
19812,0.9983,0,WARNING,20.3,5.7,25.7,5.0
19813,0.9894,0,WARNING,20.1,5.6,25.5,6.1
19814,0.9983,0,WARNING,20.7,6.0,26.2,5.5
19815,0.9894,0,WARNING,20.8,5.9,26.1,6.3
19816,0.9983,0,WARNING,20.3,6.0,25.7,5.3
19817,0.4142,0,NORMAL,20.4,5.9,25.7,6.8
19818,0.9895,0,WARNING,19.8,5.8,25.7,6.2
19819,0.9895,0,WARNING,19.6,5.6,25.1,6.0
19820,0.9983,0,WARNING,19.4,5.0,22.6,3.8
19821,0.9983,0,WARNING,20.2,7.6,30.0,6.8
19822,0.9894,0,WARNING,20.4,6.1,26.6,6.5
19823,0.9894,0,WARNING,20.4,6.2,26.5,6.5
19824,0.9983,0,WARNING,20.1,6.3,26.2,5.5
19825,0.9983,0,WARNING,20.1,5.9,25.9,5.5
19826,0.1119,0,NORMAL,19.7,6.3,26.9,7.2
19827,0.9894,0,WARNING,20.0,6.4,26.5,6.6
19828,0.9983,0,WARNING,20.4,6.5,26.5,5.0
19829,0.9983,0,WARNING,20.2,6.2,26.4,5.7
19830,0.9983,0,WARNING,20.1,6.6,26.6,5.1
19831,0.9894,0,WARNING,19.6,6.9,26.9,6.5
19832,0.9894,0,WARNING,19.6,6.2,25.7,6.1
19833,0.1049,0,NORMAL,19.5,6.2,26.8,7.2
19834,0.1105,0,NORMAL,19.9,6.6,27.4,7.3
19835,0.9894,0,WARNING,19.9,6.4,26.6,6.6
19836,0.9983,0,WARNING,20.3,6.2,26.6,5.7
19837,0.9894,0,WARNING,20.4,6.6,26.9,6.6
19838,0.9983,0,WARNING,20.0,6.8,26.6,5.0
19839,0.9983,0,WARNING,19.6,6.6,27.2,5.3
19840,0.9983,0,WARNING,19.6,7.5,27.7,5.5
19841,0.9894,0,WARNING,19.1,6.9,26.4,6.5
19842,0.1767,0,NORMAL,19.4,6.4,26.9,7.1
19843,0.9983,0,WARNING,18.9,6.8,26.7,5.6
19844,0.9983,0,WARNING,19.4,7.0,27.4,5.9
19845,0.9983,0,WARNING,19.0,7.0,26.1,5.5
19846,0.9894,0,WARNING,19.1,6.8,28.0,7.0
19847,0.9983,0,WARNING,19.2,6.2,26.7,5.0
19848,0.9983,0,WARNING,19.5,6.7,26.6,5.5
19849,0.9894,0,WARNING,19.4,7.0,27.3,6.8
19850,0.9983,0,WARNING,19.4,7.1,26.8,5.2
19851,0.9983,0,WARNING,19.1,6.7,27.6,5.5
19852,0.9983,0,WARNING,19.2,6.9,27.1,5.7
19853,0.9894,0,WARNING,19.1,7.2,27.5,6.9
19854,0.4254,0,NORMAL,19.2,6.7,26.8,7.0
19855,0.9983,0,WARNING,19.0,7.1,28.8,5.7
19856,0.9983,0,WARNING,19.4,6.8,27.0,5.7
19857,0.9983,0,WARNING,19.2,7.2,27.7,6.0
19858,0.1637,0,NORMAL,19.6,6.7,27.5,7.4
19859,0.9894,0,WARNING,19.4,7.0,27.6,6.9
19860,0.9984,0,WARNING,19.2,7.3,27.4,5.5
19861,0.9983,0,WARNING,19.5,7.3,27.8,5.6
19862,0.9894,0,WARNING,19.4,6.9,27.1,6.6
19863,0.9983,0,WARNING,19.4,7.3,28.4,5.6
19864,0.9983,0,WARNING,19.2,7.1,27.7,5.9
19865,0.4266,0,NORMAL,19.3,6.9,26.6,7.0
19866,0.9741,0,WARNING,20.0,7.0,28.5,6.9
19867,0.9742,0,WARNING,21.3,9.4,28.0,8.0
19868,1.0,0,ANOMALY,25.4,15.5,38.7,18.1
19869,0.9924,0,WARNING,23.1,11.3,34.9,10.9
19870,1.0,0,WARNING,22.3,10.2,34.1,13.3
19871,0.9887,0,WARNING,21.7,7.1,27.4,6.7
19872,0.9984,0,WARNING,21.7,6.9,27.5,5.8
19873,0.2002,0,NORMAL,22.1,6.9,27.8,7.4
19874,0.9984,0,WARNING,21.3,7.1,27.3,5.9
19875,0.9892,0,WARNING,22.4,7.5,27.8,6.9
19876,0.9984,0,WARNING,22.4,7.1,27.1,5.4
19877,0.9892,0,WARNING,21.7,6.7,26.6,6.5
19878,0.6762,0,WARNING,21.6,5.8,24.1,6.1
19879,0.9983,0,WARNING,23.8,8.1,31.0,7.0
19880,0.9892,0,WARNING,22.6,7.3,27.8,6.8
19881,0.9984,0,WARNING,23.0,6.8,27.8,5.5
19882,0.9892,0,WARNING,22.1,6.5,26.5,6.6
19883,0.9893,0,WARNING,22.0,7.1,27.9,7.0
19884,0.1387,0,NORMAL,22.0,6.8,27.5,7.4
19885,0.9983,0,WARNING,22.2,6.9,27.5,6.0
19886,0.1632,0,NORMAL,21.9,7.0,27.5,7.3
19887,0.2988,0,NORMAL,22.4,6.9,27.5,7.2
19888,0.9983,0,WARNING,22.2,7.3,26.4,4.8
19889,0.9893,0,WARNING,23.3,6.8,28.0,7.0
19890,0.9983,0,WARNING,23.2,7.0,27.2,5.3
19891,0.9983,0,WARNING,23.0,7.2,27.4,5.9
19892,0.9983,0,WARNING,22.3,7.2,28.6,5.8
19893,0.429,0,NORMAL,22.1,7.2,27.6,7.3
19894,0.9983,0,WARNING,22.8,7.4,27.7,6.0
19895,0.9892,0,WARNING,22.9,7.1,27.5,6.8
19896,0.9892,0,WARNING,23.6,7.1,27.6,6.7
19897,0.9984,0,WARNING,22.6,7.1,28.4,6.2
19898,0.9983,0,WARNING,23.2,7.8,27.9,6.1
19899,0.1974,0,NORMAL,22.5,7.1,28.4,7.6
19900,0.9983,0,WARNING,22.4,7.4,27.3,5.3
19901,0.9983,0,WARNING,22.3,7.1,27.7,6.0
19902,0.4273,0,NORMAL,21.6,6.6,27.2,7.2
19903,0.9893,0,WARNING,21.1,7.0,28.0,6.9
19904,0.9983,0,WARNING,21.8,7.0,27.0,5.5
19905,0.9983,0,WARNING,21.7,7.5,28.0,5.5
19906,0.9983,0,WARNING,20.9,7.3,28.5,6.3
19907,0.9983,0,WARNING,21.4,6.7,27.3,5.3
19908,0.258,0,NORMAL,21.6,6.9,27.8,7.4
19909,0.9983,0,WARNING,21.0,6.9,27.0,5.2
19910,0.9983,0,WARNING,21.7,7.2,27.9,6.1
19911,0.9893,0,WARNING,21.1,6.3,27.1,6.5
19912,0.9983,0,WARNING,22.0,6.7,26.9,5.1
19913,0.9893,0,WARNING,21.4,6.9,28.2,7.0
19914,0.2925,0,NORMAL,21.4,7.0,27.8,7.4
19915,0.4256,0,NORMAL,21.2,7.1,27.9,7.3
19916,0.9983,0,WARNING,21.3,7.2,27.5,6.0
19917,0.3067,0,NORMAL,21.1,7.4,27.5,7.3
19918,0.9893,0,WARNING,21.4,7.1,28.2,7.1
19919,0.9984,0,WARNING,21.5,6.8,27.4,5.9
19920,0.426,0,NORMAL,21.4,7.1,27.0,7.0
19921,0.9983,0,WARNING,20.9,6.8,27.5,5.4
19922,0.9983,0,WARNING,21.1,6.6,27.4,5.4
19923,0.2178,0,NORMAL,20.7,7.1,27.5,7.3
19924,0.9983,0,WARNING,20.7,7.2,27.7,6.1
19925,0.4243,0,NORMAL,21.2,6.9,27.4,7.2
19926,0.1847,0,NORMAL,21.8,6.9,28.0,7.5
19927,0.8566,0,WARNING,22.3,8.1,25.2,7.7
19928,1.0,0,ANOMALY,26.8,16.2,34.2,18.8
19929,1.0,0,ANOMALY,27.8,15.9,35.6,12.4
19930,0.9998,0,WARNING,23.8,9.9,33.7,11.1
19931,0.4023,0,NORMAL,21.8,6.9,28.0,7.6
19932,0.2837,0,NORMAL,21.1,6.9,27.3,7.4
19933,0.3162,0,NORMAL,21.3,7.2,27.1,7.3
19934,0.4339,0,NORMAL,21.1,6.7,27.0,7.2
19935,0.9984,0,WARNING,20.9,6.4,26.4,5.7
19936,0.9983,0,WARNING,20.9,7.0,27.9,6.1
19937,0.3048,0,NORMAL,20.7,7.1,27.1,7.2
19938,0.4254,0,NORMAL,20.5,6.6,26.6,7.0
19939,0.4225,0,NORMAL,20.9,6.7,27.2,7.2
19940,0.9983,0,WARNING,20.3,7.1,26.7,5.6
19941,0.2167,0,NORMAL,20.3,6.9,27.6,7.5
19942,0.4243,0,NORMAL,20.5,7.3,27.0,7.7
19943,0.2239,0,NORMAL,19.7,6.1,27.2,7.2
19944,0.4235,0,NORMAL,19.5,6.8,26.4,6.9
19945,0.9983,0,WARNING,19.6,6.8,26.8,5.7
19946,0.9983,0,WARNING,20.2,6.7,27.5,6.1
19947,0.9983,0,WARNING,19.6,6.6,27.1,5.4
19948,0.9983,0,WARNING,19.5,6.8,27.5,6.0
19949,0.9983,0,WARNING,20.0,6.8,26.9,5.4
19950,0.9983,0,WARNING,19.9,6.1,25.8,5.0
19951,0.9983,0,WARNING,19.6,6.7,27.4,5.9
19952,0.9894,0,WARNING,19.9,6.9,28.0,7.0
19953,0.9983,0,WARNING,20.0,6.8,27.3,5.8
19954,0.9983,0,WARNING,19.9,7.0,27.8,6.1
19955,0.9983,0,WARNING,20.1,7.0,27.1,5.4
19956,0.4246,0,NORMAL,19.9,7.1,27.2,7.1
19957,0.245,0,NORMAL,19.9,6.5,27.1,7.8
19958,0.9983,0,WARNING,19.6,7.0,27.3,6.0
19959,0.9894,0,WARNING,18.8,7.0,27.1,6.7
19960,0.9983,0,WARNING,19.3,7.3,27.1,5.8
19961,0.9983,0,WARNING,19.6,6.5,27.0,5.7
19962,0.9983,0,WARNING,19.0,6.6,27.3,5.5
19963,0.9983,0,WARNING,18.9,6.8,26.8,5.7
19964,0.4225,0,NORMAL,18.6,6.9,26.8,7.0
19965,0.9983,0,WARNING,18.9,6.7,26.8,5.7
19966,0.1,0,NORMAL,18.6,6.7,27.0,7.2
19967,0.9983,0,WARNING,18.7,7.1,28.0,6.2
19968,0.2978,0,NORMAL,18.7,6.9,27.3,7.2
19969,0.9894,0,WARNING,18.7,6.7,27.1,6.6
19970,0.9894,0,WARNING,18.4,6.4,27.0,6.7
19971,0.421,0,NORMAL,18.7,6.9,26.5,7.0
19972,0.0995,0,NORMAL,18.9,6.9,27.9,7.5
19973,0.1337,0,NORMAL,18.7,6.4,27.2,7.3
19974,0.0658,0,NORMAL,19.2,6.8,27.8,7.5
19975,0.1264,0,NORMAL,19.0,6.7,27.6,7.5
19976,0.9983,0,WARNING,19.7,6.7,26.8,5.6
19977,0.9893,0,WARNING,20.0,6.3,28.1,6.9
19978,0.1195,0,NORMAL,20.5,7.0,27.6,7.4
19979,0.9983,0,WARNING,20.4,7.0,28.1,6.2
19980,0.9983,0,WARNING,21.8,6.4,27.0,5.8
19981,0.0925,0,NORMAL,21.9,6.5,28.1,7.6
19982,0.9983,0,WARNING,22.1,6.9,27.5,5.9
19983,0.9892,0,WARNING,22.0,6.8,27.8,6.3
19984,0.9983,0,WARNING,21.6,6.3,27.9,5.9
19985,0.3782,0,NORMAL,21.6,6.8,28.1,7.5
19986,0.146,0,NORMAL,22.3,6.9,27.6,7.3
19987,0.9905,0,WARNING,23.8,11.3,29.1,9.0
19988,1.0,0,ANOMALY,30.8,26.2,47.8,26.1
19989,0.9974,0,WARNING,25.9,7.9,32.6,10.4
19990,0.9996,0,WARNING,23.3,8.2,32.1,9.9
19991,0.9985,0,WARNING,21.5,6.1,26.5,5.6
19992,0.9984,0,WARNING,21.4,6.2,27.3,5.9
19993,0.9891,0,WARNING,21.0,6.7,28.4,7.0
19994,0.1759,0,NORMAL,20.8,6.7,28.2,7.6
19995,0.9984,0,WARNING,20.9,6.2,27.5,6.0
19996,0.9983,0,WARNING,21.3,6.3,27.8,6.2
19997,0.9983,0,WARNING,21.1,6.5,28.1,6.2
19998,0.9741,0,WARNING,21.3,6.6,27.6,6.7
19999,0.9983,0,WARNING,20.8,4.2,20.2,2.9
20000,1.0,0,ANOMALY,23.1,16.1,28.9,8.7
20001,0.9891,0,WARNING,20.7,5.9,25.7,6.2
20002,0.9893,0,WARNING,21.2,5.1,23.5,5.4
20003,0.9974,0,WARNING,22.5,11.9,27.8,8.9
20004,0.9984,0,WARNING,21.6,6.5,27.5,6.2
20005,0.9984,0,WARNING,21.6,6.7,27.8,6.2
20006,0.9892,0,WARNING,21.7,5.1,22.6,5.2
20007,0.9992,0,WARNING,23.1,12.3,27.1,6.9
20008,0.4287,0,NORMAL,22.3,6.4,25.8,6.7
20009,0.9984,0,WARNING,20.8,3.6,19.9,2.8
20010,0.9997,0,WARNING,24.3,12.7,22.8,6.5
20011,0.9893,0,WARNING,22.1,6.8,28.0,7.2
20012,0.9984,0,WARNING,22.4,6.5,26.1,5.5
20013,0.9983,0,WARNING,22.5,7.3,31.8,7.6
20014,0.6812,0,WARNING,20.6,4.4,22.7,5.8
20015,0.1732,0,NORMAL,22.6,6.7,27.1,7.3
20016,0.2408,0,NORMAL,21.7,6.6,30.1,8.3
20017,0.9984,0,WARNING,21.6,6.7,28.0,6.1
20018,0.9984,0,WARNING,21.6,7.3,30.5,6.9
20019,0.9984,0,WARNING,21.3,7.3,31.0,7.3
20020,0.9891,0,WARNING,21.3,4.6,20.4,4.5
20021,0.9994,0,WARNING,23.6,12.7,28.4,8.6
20022,0.2598,0,NORMAL,22.0,6.6,27.9,7.7
20023,0.9998,0,WARNING,21.4,9.4,22.7,5.2
20024,0.9997,0,WARNING,23.8,14.1,28.6,8.2
20025,0.9984,0,WARNING,22.0,7.5,28.0,6.1
20026,0.4352,0,NORMAL,21.9,6.9,27.1,7.1
20027,0.9485,0,WARNING,22.5,10.4,27.5,8.0
20028,0.4326,0,NORMAL,22.6,6.6,27.2,7.8
20029,0.9984,0,WARNING,22.4,6.7,27.4,6.1
20030,0.9892,0,WARNING,22.2,6.2,18.4,4.0
20031,0.9999,0,WARNING,24.6,14.1,28.2,9.1
20032,0.2748,0,NORMAL,23.1,7.9,28.0,7.7
20033,0.9892,0,WARNING,23.2,6.4,28.2,7.1
20034,0.4355,0,NORMAL,23.6,6.3,27.7,7.3
20035,0.4348,0,NORMAL,23.5,6.3,27.9,7.5
20036,0.9931,0,WARNING,23.5,10.0,27.9,7.4
20037,0.9984,0,WARNING,22.5,6.3,28.8,6.0
20038,0.9892,0,WARNING,22.3,6.3,28.4,7.3
20039,0.6582,0,WARNING,22.4,8.6,27.8,7.5
20040,0.9984,0,WARNING,22.6,7.0,27.7,6.1
20041,0.9984,0,WARNING,22.5,7.9,28.6,5.9
20042,0.3795,0,NORMAL,21.8,7.1,27.9,7.5
20043,0.267,0,NORMAL,22.0,6.4,28.3,7.7
20044,0.9984,0,WARNING,21.7,7.0,26.8,5.7
20045,0.9893,0,WARNING,21.8,7.2,29.0,7.4
20046,0.9984,0,WARNING,22.2,7.4,28.0,5.7
20047,0.4998,0,NORMAL,24.9,7.9,28.9,9.1
20048,1.0,0,ANOMALY,29.0,14.9,42.0,22.3
20049,0.9985,0,WARNING,25.8,12.6,36.9,11.2
20050,1.0,0,WARNING,26.3,11.6,33.4,13.5
20051,0.4769,0,NORMAL,23.6,6.8,27.1,7.2
20052,0.3313,0,NORMAL,22.8,7.3,29.4,8.1
20053,0.4508,0,NORMAL,23.1,6.9,27.5,7.3
20054,0.2371,0,NORMAL,22.6,6.3,28.6,7.8
20055,0.9891,0,WARNING,22.6,6.4,27.5,6.8
20056,0.2259,0,NORMAL,22.0,6.6,28.8,7.9
20057,0.9984,0,WARNING,21.7,6.7,27.7,6.0
20058,0.9892,0,WARNING,21.5,6.3,27.8,6.8
20059,0.9984,0,WARNING,21.6,6.6,28.5,6.2
20060,0.9893,0,WARNING,20.8,6.7,28.1,7.0
20061,0.4321,0,NORMAL,21.2,6.7,27.3,7.2
20062,0.1127,0,NORMAL,21.5,6.7,29.0,7.9
20063,0.1962,0,NORMAL,21.4,7.0,28.6,7.8
20064,0.9984,0,WARNING,21.2,6.8,27.6,6.1
20065,0.1934,0,NORMAL,20.5,6.1,27.8,7.5
20066,0.9984,0,WARNING,20.9,6.3,27.6,5.4
20067,0.9893,0,WARNING,21.0,6.6,27.7,6.7
20068,0.9984,0,WARNING,20.8,6.8,28.6,5.8
20069,0.9984,0,WARNING,21.1,6.2,28.3,6.3
20070,0.9984,0,WARNING,20.8,6.7,27.8,6.1
20071,0.9983,0,WARNING,21.0,6.6,27.9,6.0
20072,0.9983,0,WARNING,21.1,7.1,28.8,6.0
20073,0.9984,0,WARNING,20.2,6.3,28.1,5.7
20074,0.4331,0,NORMAL,20.4,6.4,28.3,7.5
20075,0.3783,0,NORMAL,20.0,7.1,28.7,7.7
20076,0.9984,0,WARNING,19.8,6.8,26.9,5.1
20077,0.9983,0,WARNING,19.3,4.3,24.8,5.3
20078,0.9983,0,WARNING,22.3,8.4,32.2,7.4
20079,0.9984,0,WARNING,22.0,6.5,28.7,6.5
20080,0.1736,0,NORMAL,22.0,7.0,28.2,7.6
20081,0.9984,0,WARNING,22.3,6.5,27.6,5.4
20082,0.1116,0,NORMAL,22.8,6.8,28.6,7.7
20083,0.3791,0,NORMAL,21.8,7.3,29.0,7.7
20084,0.9892,0,WARNING,22.4,6.8,28.5,7.1
20085,0.9892,0,WARNING,22.9,6.6,27.9,7.0
20086,0.9984,0,WARNING,23.6,6.7,27.9,5.7
20087,0.9984,0,WARNING,23.2,6.9,28.8,6.4
20088,0.1407,0,NORMAL,23.2,6.5,28.3,7.7
20089,0.9891,0,WARNING,22.5,6.6,27.7,6.9
20090,0.1628,0,NORMAL,23.5,7.0,28.6,7.8
20091,0.9984,0,WARNING,23.9,7.1,28.2,6.0
20092,0.9984,0,WARNING,24.4,7.1,28.1,6.1
20093,0.4348,0,NORMAL,25.2,6.9,27.9,7.4
20094,0.9984,0,WARNING,24.1,6.2,28.5,6.3
20095,0.4351,0,NORMAL,23.6,6.9,28.3,7.5
20096,0.9984,0,WARNING,23.4,7.1,28.5,5.9
20097,0.4346,0,NORMAL,23.2,7.1,28.0,7.5
20098,0.9892,0,WARNING,24.3,7.1,29.1,7.4
20099,0.9891,0,WARNING,24.0,6.4,27.8,6.8
20100,0.2979,0,NORMAL,24.1,7.1,28.3,7.6
20101,0.9915,0,WARNING,24.2,6.8,27.8,8.1
20102,0.9984,0,WARNING,25.0,7.0,28.9,6.5
20103,0.9984,0,WARNING,24.3,6.7,27.6,5.5
20104,0.2906,0,NORMAL,24.0,6.8,29.2,7.9
20105,0.4061,0,NORMAL,25.2,7.0,28.2,7.6
20106,0.9984,0,WARNING,25.4,6.6,27.8,6.0
20107,0.3536,0,NORMAL,27.3,7.8,29.4,9.1
20108,1.0,0,ANOMALY,31.4,19.0,42.8,19.8
20109,0.9985,0,WARNING,28.2,8.5,35.6,9.0
20110,1.0,0,ANOMALY,26.6,8.9,34.4,14.4
20111,0.9985,0,WARNING,24.9,6.7,28.6,5.9
20112,0.9984,0,WARNING,25.0,6.7,26.8,5.7
20113,0.374,0,NORMAL,24.6,7.1,28.3,7.7
20114,0.9984,0,WARNING,25.1,6.6,29.0,6.4
20115,0.9984,0,WARNING,25.0,7.0,28.6,6.4
20116,0.9984,0,WARNING,25.0,7.5,28.7,6.3
20117,0.438,0,NORMAL,24.2,7.2,28.2,7.3
20118,0.9984,0,WARNING,25.2,6.4,28.4,6.3
20119,0.9984,0,WARNING,25.0,7.2,28.2,6.1
20120,0.9984,0,WARNING,25.3,7.3,28.7,6.3
20121,0.9984,0,WARNING,25.9,7.2,28.3,6.3
20122,0.9984,0,WARNING,24.1,7.0,28.7,6.4
20123,0.9984,0,WARNING,24.6,7.4,28.1,6.1
20124,0.3811,0,NORMAL,25.0,6.6,28.0,7.4
20125,0.3802,0,NORMAL,24.0,7.2,28.6,7.6
20126,0.9984,0,WARNING,24.1,6.9,28.9,6.5
20127,0.9984,0,WARNING,24.2,7.3,28.7,5.9
20128,0.9984,0,WARNING,24.1,7.1,28.0,5.6
20129,0.3589,0,NORMAL,24.7,6.6,28.7,7.8
20130,0.9984,0,WARNING,23.7,6.6,27.8,5.5
20131,0.3479,0,NORMAL,24.6,7.2,28.4,7.7
20132,0.3685,0,NORMAL,25.2,7.4,28.5,7.6
20133,0.9984,0,WARNING,24.5,6.8,28.6,6.2
20134,0.9984,0,WARNING,24.1,7.2,27.8,5.9
20135,0.9984,0,WARNING,24.6,7.8,30.0,6.8
20136,0.9984,0,WARNING,24.2,6.6,27.3,5.9
20137,0.9891,0,WARNING,24.1,7.5,29.0,7.2
20138,0.3196,0,NORMAL,23.2,7.2,28.3,7.6
20139,0.9984,0,WARNING,23.6,7.4,28.8,6.4
20140,0.9892,0,WARNING,22.7,6.0,27.1,6.9
20141,0.9984,0,WARNING,24.9,8.0,29.0,6.2
20142,0.9892,0,WARNING,23.7,7.4,29.3,7.3
20143,0.9984,0,WARNING,23.0,6.3,25.1,4.6
20144,0.9983,0,WARNING,22.7,7.1,30.6,7.0
20145,0.4368,0,NORMAL,22.8,6.6,27.8,7.5
20146,0.9892,0,WARNING,23.7,6.4,26.1,6.3
20147,0.267,0,NORMAL,23.7,8.3,31.9,8.9
20148,0.9984,0,WARNING,22.4,6.7,28.6,5.8
20149,0.9892,0,WARNING,23.0,7.1,27.4,6.7
20150,0.9984,0,WARNING,23.4,7.0,28.6,6.2
20151,0.9984,0,WARNING,23.2,7.3,27.8,5.9
20152,0.2263,0,NORMAL,22.7,7.1,28.6,7.8
20153,0.4358,0,NORMAL,23.2,7.1,27.9,7.4
20154,0.2344,0,NORMAL,22.2,7.0,29.0,7.9
20155,0.2156,0,NORMAL,22.4,6.7,28.2,7.6
20156,0.9892,0,WARNING,22.1,7.0,28.6,7.2
20157,0.4344,0,NORMAL,22.3,6.9,27.9,7.3
20158,0.9984,0,WARNING,21.9,6.8,28.1,5.6
20159,0.9984,0,WARNING,22.0,6.3,27.9,5.5
20160,0.1598,0,NORMAL,21.8,6.8,28.4,7.7
20161,0.4334,0,NORMAL,22.3,7.2,28.6,7.6
20162,0.9984,0,WARNING,21.4,7.2,28.8,6.4
20163,0.4349,0,NORMAL,21.8,6.1,26.8,7.1
20164,0.9984,0,WARNING,21.5,6.4,28.2,6.1
20165,0.204,0,NORMAL,21.5,7.4,29.7,8.0
20166,0.9892,0,WARNING,22.1,6.8,27.8,6.8
20167,0.3215,0,NORMAL,23.0,8.0,30.7,9.5
20168,1.0,0,ANOMALY,27.2,18.6,39.7,20.1
20169,1.0,0,WARNING,25.3,8.4,36.8,13.5
20170,1.0,0,WARNING,23.4,8.7,35.0,13.1
20171,0.9985,0,WARNING,20.7,6.1,26.9,5.8
20172,0.9889,0,WARNING,21.7,6.9,29.0,7.4
20173,0.9891,0,WARNING,22.3,7.0,28.7,7.3
20174,0.9984,0,WARNING,22.7,6.6,29.2,6.4
20175,0.9984,0,WARNING,21.4,7.1,28.3,6.2
20176,0.9984,0,WARNING,21.5,7.1,28.3,6.3
20177,0.9984,0,WARNING,21.6,6.6,27.9,5.6
20178,0.9984,0,WARNING,21.2,6.8,28.3,6.3
20179,0.4343,0,NORMAL,21.2,6.9,27.7,7.3
20180,0.2668,0,NORMAL,21.4,6.9,28.8,7.9
20181,0.4338,0,NORMAL,21.2,6.9,27.5,7.3
20182,0.9984,0,WARNING,21.6,7.0,28.2,5.6
20183,0.9892,0,WARNING,21.2,6.8,27.8,6.9
20184,0.9984,0,WARNING,22.0,6.5,27.8,6.1
20185,0.9984,0,WARNING,22.4,6.3,27.4,5.3
20186,0.9983,0,WARNING,22.3,7.2,28.8,6.0
20187,0.1104,0,NORMAL,22.8,6.8,28.1,7.6
20188,0.9984,0,WARNING,22.7,7.0,28.0,5.5
20189,0.9984,0,WARNING,22.9,6.6,28.3,5.8
20190,0.9984,0,WARNING,24.0,6.9,27.8,5.4
20191,0.3563,0,NORMAL,24.7,7.2,28.4,7.6
20192,0.9984,0,WARNING,23.8,7.0,28.1,5.6
20193,0.9984,0,WARNING,24.6,6.3,28.1,6.3
20194,0.9745,0,WARNING,24.9,6.5,27.0,6.5
20195,0.2739,0,NORMAL,25.0,6.8,28.2,7.6
20196,0.9984,0,WARNING,23.9,7.1,28.5,6.3
20197,0.9891,0,WARNING,24.6,6.6,28.7,7.3
20198,0.9984,0,WARNING,24.6,6.8,28.0,5.6
20199,0.9984,0,WARNING,24.1,7.2,28.0,5.6
20200,0.9891,0,WARNING,24.2,6.9,27.7,6.8
20201,0.4326,0,NORMAL,24.9,6.5,28.0,8.0
20202,0.9892,0,WARNING,23.8,6.9,28.0,7.1
20203,0.3622,0,NORMAL,24.1,7.4,28.1,8.0
20204,0.3005,0,NORMAL,23.8,6.7,28.0,7.5
20205,0.9984,0,WARNING,23.2,6.4,28.4,6.3
20206,0.9984,0,WARNING,23.7,6.5,26.3,5.5
20207,0.9983,0,WARNING,23.1,6.8,28.1,6.1
20208,0.9892,0,WARNING,23.8,6.8,28.7,7.1
20209,0.2853,0,NORMAL,23.5,6.7,27.9,7.5
20210,0.2945,0,NORMAL,23.9,7.0,27.7,7.5
20211,0.9984,0,WARNING,23.5,6.9,28.6,5.9
20212,0.9984,0,WARNING,23.6,6.8,28.5,5.9
20213,0.3456,0,NORMAL,25.0,7.6,28.1,7.6
20214,0.3103,0,NORMAL,24.2,6.5,28.1,7.6
20215,0.9891,0,WARNING,23.3,6.6,28.6,7.1
20216,0.9984,0,WARNING,23.4,6.7,28.1,5.5
20217,0.9984,0,WARNING,23.7,6.7,27.5,5.4
20218,0.9984,0,WARNING,24.2,7.0,28.7,6.3
20219,0.9892,0,WARNING,24.5,6.5,28.1,7.0
20220,0.9892,0,WARNING,24.2,6.6,28.9,7.4
20221,0.3152,0,NORMAL,24.0,6.7,28.4,7.7
20222,0.9984,0,WARNING,23.7,6.8,28.8,5.9
20223,0.9984,0,WARNING,23.4,6.4,28.5,5.8
20224,0.3792,0,NORMAL,23.4,6.3,28.1,7.5
20225,0.9984,0,WARNING,24.4,6.8,28.2,5.5
20226,0.4324,0,NORMAL,24.2,6.8,27.4,7.1
20227,0.9286,0,WARNING,25.9,9.3,29.6,9.4
20228,1.0,0,ANOMALY,28.6,17.8,39.6,17.6
20229,1.0,0,WARNING,27.5,8.1,35.4,12.6
20230,1.0,0,ANOMALY,24.6,8.5,33.5,14.3
20231,0.9985,0,WARNING,23.0,6.2,27.0,5.2
20232,0.3121,0,NORMAL,23.2,7.1,29.8,7.9
20233,0.3043,0,NORMAL,23.0,6.9,28.0,7.4
20234,0.2735,0,NORMAL,22.7,6.1,28.2,7.7
20235,0.9984,0,WARNING,23.3,6.6,27.8,6.0
20236,0.9984,0,WARNING,22.9,6.6,28.4,5.8
20237,0.9983,0,WARNING,22.5,6.8,28.2,5.6
20238,0.9983,0,WARNING,23.2,6.1,27.5,5.4
20239,0.9892,0,WARNING,23.3,7.0,28.2,7.1
20240,0.4312,0,NORMAL,23.6,6.6,27.8,7.2
20241,0.9892,0,WARNING,22.8,6.7,27.9,6.9
20242,0.9984,0,WARNING,22.2,6.6,28.5,6.3
20243,0.6347,0,WARNING,22.5,6.8,27.6,7.4
20244,0.9892,0,WARNING,22.3,6.0,27.7,6.2
20245,0.9983,0,WARNING,22.7,6.2,27.8,6.0
20246,0.2143,0,NORMAL,22.0,6.2,27.7,7.6
20247,0.9983,0,WARNING,21.8,6.6,27.5,5.5
20248,0.9983,0,WARNING,21.2,6.6,28.0,5.5
20249,0.2958,0,NORMAL,21.3,5.9,27.5,7.3
20250,0.9893,0,WARNING,21.3,6.7,28.3,7.0
20251,0.2072,0,NORMAL,20.9,6.6,27.6,7.5
20252,0.9893,0,WARNING,21.7,6.4,27.7,6.9
20253,0.1161,0,NORMAL,21.3,6.3,28.2,7.6
20254,0.9984,0,WARNING,20.7,6.5,28.5,6.3
20255,0.9893,0,WARNING,20.7,6.7,28.3,7.1
20256,0.9984,0,WARNING,20.2,6.9,28.0,5.6
20257,0.4308,0,NORMAL,20.6,6.0,27.5,7.1
20258,0.9984,0,WARNING,21.1,6.5,28.0,5.6
20259,0.9983,0,WARNING,20.7,6.7,28.1,5.7
20260,0.9893,0,WARNING,20.0,5.8,27.6,6.2
20261,0.9983,0,WARNING,20.9,6.4,27.9,6.0
20262,0.9983,0,WARNING,20.7,6.5,28.3,5.8
20263,0.9983,0,WARNING,20.4,6.4,27.6,5.5
20264,0.4283,0,NORMAL,20.7,5.9,27.4,7.2
20265,0.9983,0,WARNING,20.3,6.4,28.2,5.5
20266,0.9893,0,WARNING,20.7,6.3,27.3,6.6
20267,0.9983,0,WARNING,20.5,6.5,27.9,6.2
20268,0.9893,0,WARNING,20.2,6.1,27.2,6.6
20269,0.0856,0,NORMAL,20.3,6.5,28.4,7.7
20270,0.9984,0,WARNING,20.5,6.2,26.5,5.1
20271,0.2103,0,NORMAL,20.9,7.0,28.5,7.7
20272,0.9984,0,WARNING,20.2,6.5,27.8,5.6
20273,0.9893,0,WARNING,20.5,6.2,28.0,6.9
20274,0.9984,0,WARNING,20.0,6.4,28.5,6.3
20275,0.1833,0,NORMAL,20.2,6.5,28.1,7.6
20276,0.9984,0,WARNING,19.9,6.6,28.2,5.8
20277,0.9983,0,WARNING,20.2,6.3,27.9,6.1
20278,0.9983,0,WARNING,19.7,6.5,28.3,5.7
20279,0.9983,0,WARNING,20.6,6.6,28.0,5.6
20280,0.9893,0,WARNING,19.8,7.1,28.3,7.2
20281,0.9984,0,WARNING,20.0,6.0,27.4,5.2
20282,0.9893,0,WARNING,20.3,6.3,28.3,7.0
20283,0.9984,0,WARNING,20.0,6.7,28.4,6.3
20284,0.9983,0,WARNING,20.4,6.5,28.0,6.2
20285,0.9983,0,WARNING,20.5,5.7,28.5,6.4
20286,0.3391,0,NORMAL,21.1,6.7,28.4,7.6
20287,0.9984,0,WARNING,23.1,8.4,29.4,7.2
20288,1.0,0,ANOMALY,25.9,8.2,33.7,13.5
20289,1.0,0,ANOMALY,27.3,17.0,45.8,16.2
20290,1.0,0,ANOMALY,28.1,8.7,34.4,14.4
20291,0.9985,0,WARNING,24.3,5.9,27.4,7.2
20292,0.9984,0,WARNING,23.2,7.3,32.0,6.9
20293,0.2827,0,NORMAL,23.5,6.4,28.7,7.9
20294,0.4481,0,NORMAL,23.2,6.6,27.2,7.1
20295,0.9984,0,WARNING,22.2,6.7,29.0,6.6
20296,0.9984,0,WARNING,22.8,4.7,22.4,3.7
20297,0.2067,0,NORMAL,23.0,6.7,29.0,7.8
20298,0.3195,0,NORMAL,23.9,7.3,33.0,9.1
20299,0.9984,0,WARNING,23.5,6.2,28.0,6.1
20300,0.9984,0,WARNING,22.3,4.8,23.5,4.7
20301,0.9983,0,WARNING,24.3,7.0,28.6,6.4
20302,0.9983,0,WARNING,23.6,7.0,30.6,6.5
20303,0.2252,0,NORMAL,24.2,6.4,28.3,7.7
20304,0.2291,0,NORMAL,23.6,7.3,31.9,9.4
20305,0.9984,0,WARNING,24.1,6.6,28.5,6.3
20306,0.9984,0,WARNING,24.0,6.2,28.3,6.0
20307,0.3794,0,NORMAL,24.3,6.3,28.9,7.7
20308,0.9984,0,WARNING,24.4,6.7,28.7,6.4
20309,0.9984,0,WARNING,24.2,6.9,28.1,6.1
20310,0.9983,0,WARNING,24.4,6.5,28.9,6.0
20311,0.9983,0,WARNING,24.3,6.1,28.3,5.8
20312,0.9983,0,WARNING,23.7,6.7,28.3,6.1
20313,0.4281,0,NORMAL,23.7,6.8,28.6,7.8
20314,0.9984,0,WARNING,23.4,6.4,28.3,6.0
20315,0.9983,0,WARNING,23.7,5.9,28.1,5.6
20316,0.4431,0,NORMAL,23.7,6.9,28.7,7.8
20317,0.9984,0,WARNING,23.4,6.8,29.2,6.5
20318,0.9891,0,WARNING,23.6,6.2,28.9,7.3
20319,0.9984,0,WARNING,22.6,6.3,28.3,6.2
20320,0.9892,0,WARNING,23.3,6.9,28.3,7.2
20321,0.9892,0,WARNING,23.7,6.2,27.7,7.0
20322,0.9892,0,WARNING,24.1,6.5,28.1,6.8
20323,0.9892,0,WARNING,25.5,6.8,28.3,7.1
20324,0.4326,0,NORMAL,24.0,6.3,27.4,7.7
20325,0.9984,0,WARNING,23.6,6.4,28.8,6.4
20326,0.4393,0,NORMAL,23.7,6.4,28.1,7.6
20327,0.9984,0,WARNING,23.8,6.7,28.3,5.8
20328,0.9892,0,WARNING,23.9,6.3,28.0,7.0
20329,0.3118,0,NORMAL,23.8,6.2,28.7,7.8
20330,0.9984,0,WARNING,23.4,6.6,28.5,5.8
20331,0.9892,0,WARNING,22.8,6.5,27.9,6.8
20332,0.9984,0,WARNING,23.2,6.7,28.2,5.7
20333,0.9983,0,WARNING,22.8,5.9,26.6,5.7
20334,0.3072,0,NORMAL,23.4,7.1,29.7,8.1
20335,0.9892,0,WARNING,23.6,6.4,28.3,7.0
20336,0.9984,0,WARNING,22.6,4.8,24.0,4.4
20337,0.2776,0,NORMAL,24.0,7.6,31.1,8.6
20338,0.4333,0,NORMAL,23.0,6.9,28.8,7.6
20339,0.9984,0,WARNING,22.9,5.9,28.9,5.9
20340,0.9892,0,WARNING,22.5,6.6,28.5,7.1
20341,0.9892,0,WARNING,22.2,6.2,27.8,7.0
20342,0.9984,0,WARNING,22.5,6.6,28.3,5.8
20343,0.9892,0,WARNING,22.0,6.1,28.4,7.1
20344,0.4316,0,NORMAL,22.5,6.2,27.7,7.4
20345,0.9984,0,WARNING,22.7,6.4,28.2,6.2
20346,0.9983,0,WARNING,23.8,6.3,26.9,5.6
20347,0.9983,0,WARNING,25.4,7.8,30.4,7.5
20348,1.0,0,ANOMALY,29.4,16.9,41.6,20.2
20349,0.9922,0,WARNING,26.3,9.2,34.9,10.9
20350,1.0,0,ANOMALY,25.1,9.9,34.7,15.6
20351,0.9886,0,WARNING,23.8,6.8,28.2,7.1
20352,0.454,0,NORMAL,23.8,5.8,24.6,6.5
20353,0.9891,0,WARNING,23.3,7.1,31.7,8.3
20354,0.267,0,NORMAL,22.6,6.1,28.4,7.6
20355,0.3041,0,NORMAL,22.4,6.8,28.5,7.6
20356,0.9984,0,WARNING,22.3,6.6,28.4,6.1
20357,0.2196,0,NORMAL,22.4,6.3,28.1,7.5
20358,0.9984,0,WARNING,22.1,6.4,28.3,5.8
20359,0.9984,0,WARNING,22.1,7.0,28.4,5.7
20360,0.9892,0,WARNING,22.0,6.9,28.4,7.1
20361,0.9892,0,WARNING,21.7,6.4,27.3,6.7
20362,0.9983,0,WARNING,21.8,7.1,29.3,6.1
20363,0.9892,0,WARNING,22.1,6.5,27.7,6.8
20364,0.3786,0,NORMAL,21.5,6.9,28.4,7.5
20365,0.9984,0,WARNING,21.6,6.2,28.1,6.2
20366,0.9983,0,WARNING,21.7,6.7,28.5,6.3
20367,0.9984,0,WARNING,21.9,5.8,24.7,4.5
20368,0.2154,0,NORMAL,23.1,7.8,31.7,8.8
20369,0.9984,0,WARNING,22.2,6.8,28.1,5.5
20370,0.9892,0,WARNING,23.2,6.6,28.4,7.2
20371,0.9892,0,WARNING,22.3,6.3,27.4,6.7
20372,0.9984,0,WARNING,23.7,7.5,29.0,5.7
20373,0.9892,0,WARNING,22.8,7.7,29.4,7.4
20374,0.9984,0,WARNING,22.5,7.2,28.2,6.0
20375,0.9745,0,WARNING,22.5,7.4,29.5,7.3
20376,0.9984,0,WARNING,23.6,7.4,27.7,5.5
20377,0.9892,0,WARNING,23.0,7.5,28.9,7.2
20378,0.9984,0,WARNING,23.0,7.4,29.2,6.5
20379,0.9984,0,WARNING,22.2,7.4,28.9,6.4
20380,0.9892,0,WARNING,22.1,7.6,28.2,6.8
20381,0.3027,0,NORMAL,22.6,7.6,29.6,7.9
20382,0.9984,0,WARNING,22.3,8.0,29.9,6.2
20383,0.4439,0,NORMAL,21.8,7.7,28.3,7.5
20384,0.9984,0,WARNING,22.5,7.8,29.5,6.6
20385,0.9984,0,WARNING,22.6,7.6,29.2,6.5
20386,0.9984,0,WARNING,22.5,7.7,28.7,5.9
20387,0.9984,0,WARNING,22.7,7.9,29.1,5.8
20388,0.3049,0,NORMAL,22.8,7.4,29.2,7.8
20389,0.9892,0,WARNING,22.7,7.4,28.8,7.2
20390,0.3412,0,NORMAL,23.6,7.9,29.6,7.9
20391,0.9891,0,WARNING,23.6,7.7,28.7,7.3
20392,0.9891,0,WARNING,24.5,7.8,29.1,7.4
20393,0.9891,0,WARNING,24.4,7.7,29.8,7.5
20394,0.9984,0,WARNING,24.6,7.3,29.1,6.5
20395,0.9984,0,WARNING,23.9,7.1,28.7,6.3
20396,0.9984,0,WARNING,25.2,7.6,29.0,5.9
20397,0.9984,0,WARNING,24.4,7.6,29.4,6.0
20398,0.9984,0,WARNING,25.8,7.6,29.4,6.5
20399,0.2862,0,NORMAL,24.9,7.0,28.4,7.7
20400,0.9984,0,WARNING,25.8,7.4,29.0,6.4
20401,0.9984,0,WARNING,25.8,7.9,29.3,6.5
20402,0.9984,0,WARNING,25.7,7.4,28.4,5.9
20403,0.989,0,WARNING,26.1,7.7,29.1,7.4
20404,0.9984,0,WARNING,25.3,5.8,25.7,4.9
20405,0.3635,0,NORMAL,26.5,8.2,31.4,8.4
20406,0.9984,0,WARNING,26.3,7.5,29.1,6.3
20407,0.9984,0,WARNING,27.4,11.8,30.9,7.7
20408,1.0,0,ANOMALY,32.9,19.2,41.0,20.1
20409,0.9985,0,WARNING,28.9,9.6,37.1,10.3
20410,0.9955,0,WARNING,28.2,10.3,30.1,9.0
20411,1.0,0,ANOMALY,27.1,7.6,32.6,12.6
20412,0.9985,0,WARNING,26.9,8.8,33.7,9.4
20413,0.9752,0,WARNING,25.5,7.6,28.7,6.9
20414,0.9749,0,WARNING,24.4,4.8,21.8,4.7
20415,1.0,0,ANOMALY,28.0,16.1,28.9,9.8
20416,0.4307,0,NORMAL,26.8,7.5,28.1,8.1
20417,0.4442,0,NORMAL,26.9,7.3,28.7,7.8
20418,0.4469,0,NORMAL,27.2,7.4,28.4,7.7
20419,0.9984,0,WARNING,27.6,6.8,28.9,7.0
20420,0.4637,0,NORMAL,26.6,6.9,28.0,7.6
20421,0.4716,0,NORMAL,27.1,7.0,28.0,8.1
20422,0.4765,0,NORMAL,26.1,6.4,26.2,7.3
20423,0.9984,0,WARNING,25.1,4.0,18.5,2.5
20424,1.0,0,ANOMALY,28.9,19.1,28.8,9.2
20425,0.9984,0,WARNING,26.9,7.2,28.2,6.9
20426,0.4768,0,NORMAL,26.8,7.2,27.7,7.5
20427,0.9984,0,WARNING,26.4,7.1,28.2,6.3
20428,0.9984,0,WARNING,26.3,7.4,28.5,6.4
20429,0.9984,0,WARNING,26.8,7.4,27.0,6.3
20430,0.4639,0,NORMAL,26.4,7.7,28.5,7.6
20431,0.9984,0,WARNING,25.2,4.7,20.7,3.1
20432,0.9988,0,WARNING,27.2,13.3,28.4,9.0
20433,0.9744,0,WARNING,25.7,7.9,28.9,7.2
20434,0.9984,0,WARNING,25.7,7.4,28.1,6.8
20435,0.4478,0,NORMAL,25.5,7.2,27.9,7.7
20436,0.9984,0,WARNING,24.6,3.9,18.3,2.6
20437,0.9894,0,WARNING,27.0,9.8,23.6,6.9
20438,0.9984,0,WARNING,28.1,5.8,18.3,2.5
20439,0.9586,0,WARNING,30.0,10.6,28.1,8.8
20440,0.9984,0,WARNING,29.6,7.8,29.0,5.9
20441,0.9984,0,WARNING,29.3,7.5,28.3,6.7
20442,0.9984,0,WARNING,29.0,7.6,28.8,6.6
20443,0.9984,0,WARNING,28.7,7.4,29.3,6.6
20444,0.5538,0,NORMAL,30.5,7.3,27.9,8.1
20445,0.5696,0,NORMAL,30.6,7.7,29.2,7.9
20446,0.9889,0,WARNING,29.5,7.3,27.9,7.2
20447,0.9984,0,WARNING,30.4,7.6,28.4,6.1
20448,0.5758,0,NORMAL,29.5,7.2,28.6,7.7
20449,0.989,0,WARNING,29.8,7.2,28.7,7.3
20450,0.9984,0,WARNING,29.6,7.7,28.6,5.9
20451,0.5859,0,NORMAL,30.3,8.2,29.8,8.2
20452,0.5735,0,NORMAL,29.1,7.2,28.0,7.5
20453,0.5941,0,NORMAL,30.1,7.5,29.0,7.9
20454,0.9984,0,WARNING,29.5,8.2,29.8,6.8
20455,0.5876,0,NORMAL,29.3,7.8,29.1,8.4
20456,0.5882,0,NORMAL,29.4,7.2,29.2,7.8
20457,0.5793,0,NORMAL,28.7,7.6,29.1,8.3
20458,0.5877,0,NORMAL,29.8,7.6,28.6,7.6
20459,0.9889,0,WARNING,29.3,7.4,29.3,7.5
20460,0.9984,0,WARNING,30.6,7.4,29.6,6.7
20461,0.5991,0,NORMAL,30.1,7.1,28.5,7.7
20462,0.6024,0,WARNING,29.9,7.8,29.7,8.1
20463,0.6009,0,WARNING,29.1,6.2,26.3,7.0
20464,0.9984,0,WARNING,30.1,7.2,29.7,6.7
20465,0.989,0,WARNING,29.5,7.9,31.5,8.1
20466,0.9984,0,WARNING,29.2,6.3,25.2,4.9
20467,0.9748,0,WARNING,30.1,8.8,29.8,8.7
20468,1.0,0,ANOMALY,35.1,18.9,42.8,21.0
20469,0.9857,0,WARNING,34.9,9.7,37.6,11.6
20470,1.0,0,ANOMALY,34.7,9.7,33.0,13.5
20471,0.6087,0,WARNING,30.8,9.3,37.8,12.3
20472,0.6077,0,WARNING,30.0,7.7,29.5,8.0
20473,0.6177,0,WARNING,31.7,6.5,26.4,6.9
20474,0.6129,0,WARNING,29.5,8.2,30.9,8.4
20475,0.9984,0,WARNING,29.5,7.9,30.3,6.8
20476,0.9984,0,WARNING,30.2,7.4,29.3,6.1
20477,0.6106,0,WARNING,29.8,7.8,28.9,7.8
20478,0.9984,0,WARNING,28.9,7.5,29.2,6.6
20479,0.9984,0,WARNING,29.7,7.6,29.9,6.3
20480,0.5865,0,NORMAL,28.7,7.9,29.4,8.0
20481,0.9984,0,WARNING,29.0,8.2,29.5,6.6
20482,0.9984,0,WARNING,27.1,7.7,29.3,6.0
20483,0.9984,0,WARNING,27.0,7.7,29.7,7.1
20484,0.5459,0,NORMAL,28.0,7.6,28.9,7.7
20485,0.9984,0,WARNING,28.1,8.6,30.3,6.9
20486,0.9984,0,WARNING,27.8,7.8,29.6,7.2
20487,0.5363,0,NORMAL,28.0,7.7,29.8,8.2
20488,0.5374,0,NORMAL,28.6,8.2,29.9,8.1
20489,0.9984,0,WARNING,29.6,8.2,29.7,6.5
20490,0.9984,0,WARNING,28.1,7.4,30.1,6.9
20491,0.9984,0,WARNING,29.3,8.3,29.9,6.1
20492,0.5654,0,NORMAL,29.9,8.3,29.9,7.9
20493,0.9984,0,WARNING,29.8,8.2,30.4,6.9
20494,0.5728,0,NORMAL,29.7,7.7,30.1,8.2
20495,0.9984,0,WARNING,29.2,8.2,30.8,7.0
20496,0.9888,0,WARNING,28.1,6.1,24.7,5.8
20497,0.9984,0,WARNING,29.8,8.1,31.8,7.4
20498,0.9984,0,WARNING,31.1,8.0,30.1,6.4
20499,0.9984,0,WARNING,30.6,8.2,29.9,6.7
20500,0.9984,0,WARNING,32.4,8.3,29.6,6.5
20501,0.9984,0,WARNING,31.2,8.1,30.4,6.8
20502,0.6277,0,WARNING,32.1,8.7,29.8,7.9
20503,0.9984,0,WARNING,32.9,7.7,29.6,6.2
20504,0.9984,0,WARNING,34.4,8.0,30.0,7.1
20505,0.6851,0,WARNING,34.1,7.8,30.1,8.2
20506,0.9984,0,WARNING,34.4,7.8,31.5,7.4
20507,0.9984,0,WARNING,34.2,8.5,30.5,6.9
20508,0.9984,0,WARNING,34.9,7.9,29.3,6.5
20509,0.7217,0,WARNING,34.0,8.1,30.6,8.2
20510,0.9984,0,WARNING,34.5,8.0,30.1,6.8
20511,0.9984,0,WARNING,35.5,8.3,29.8,6.6
20512,0.9984,0,WARNING,36.6,8.3,29.7,6.1
20513,0.9886,0,WARNING,35.1,7.7,30.0,7.1
20514,0.7782,0,WARNING,36.9,8.1,30.5,8.3
20515,0.9984,0,WARNING,32.9,8.7,30.4,6.9
20516,0.7567,0,WARNING,32.9,8.7,30.8,8.9
20517,0.9887,0,WARNING,34.3,7.9,30.4,7.7
20518,0.9984,0,WARNING,35.4,8.0,30.2,6.2
20519,0.9984,0,WARNING,34.0,8.7,30.8,6.5
20520,0.7695,0,WARNING,34.9,8.4,30.6,8.4
20521,0.7704,0,WARNING,34.4,8.2,30.8,8.8
20522,0.9984,0,WARNING,34.5,8.3,30.3,6.8
20523,0.9984,0,WARNING,32.5,6.7,24.5,4.9
20524,0.9984,0,WARNING,34.0,8.2,30.5,6.5
20525,0.7605,0,WARNING,33.2,8.0,30.9,9.0
20526,0.9984,0,WARNING,34.1,8.7,31.0,6.9
20527,0.9984,0,WARNING,37.0,9.5,31.1,8.7
20528,1.0,0,ANOMALY,40.1,20.2,41.4,19.3
20529,0.9745,0,WARNING,38.1,9.6,36.7,11.3
20530,1.0,0,ANOMALY,37.4,9.5,32.3,12.2
20531,0.9985,0,WARNING,35.0,9.4,32.7,9.7
20532,0.9985,0,WARNING,31.7,6.6,25.0,5.1
20533,0.9887,0,WARNING,32.9,6.6,27.1,6.0
20534,0.9751,0,WARNING,33.9,8.4,30.7,8.8
20535,0.9984,0,WARNING,33.3,8.1,30.0,6.5
20536,0.9984,0,WARNING,31.7,8.1,28.6,5.7
20537,0.7439,0,WARNING,32.7,8.5,30.8,8.4
20538,0.9984,0,WARNING,33.2,8.5,31.2,8.1
20539,0.7508,0,WARNING,33.7,8.1,30.8,8.4
20540,0.9984,0,WARNING,32.7,8.7,30.8,7.1
20541,0.7457,0,WARNING,33.3,9.1,31.4,8.6
20542,0.7409,0,WARNING,32.4,8.2,30.5,8.9
20543,0.9754,0,WARNING,33.8,8.1,30.5,7.5
20544,0.7418,0,WARNING,32.4,8.4,31.3,9.0
20545,0.9984,0,WARNING,32.1,8.7,29.9,6.6
20546,0.7291,0,WARNING,32.3,8.5,28.6,7.6
20547,0.7243,0,WARNING,32.0,7.8,30.4,8.4
20548,0.7312,0,WARNING,33.1,8.8,30.6,8.3
20549,0.9984,0,WARNING,31.5,8.6,30.8,7.1
20550,0.9984,0,WARNING,32.4,7.8,27.8,5.5
20551,0.9984,0,WARNING,32.8,8.6,31.0,7.2
20552,0.9887,0,WARNING,33.4,9.1,30.8,7.9
20553,0.7203,0,WARNING,31.7,8.3,30.8,8.4
20554,0.7071,0,WARNING,31.0,9.1,31.5,9.1
20555,0.7,0,WARNING,31.0,8.3,30.7,8.4
20556,0.9984,0,WARNING,31.1,8.2,31.5,7.3
20557,0.9984,0,WARNING,30.0,9.0,30.8,7.0
20558,0.9984,0,WARNING,32.3,8.7,30.5,6.9
20559,0.9984,0,WARNING,31.3,8.6,31.0,6.7
20560,0.9984,0,WARNING,29.8,8.6,30.0,6.7
20561,0.6745,0,WARNING,30.4,8.2,29.8,7.9
20562,0.6595,0,WARNING,29.4,8.5,31.0,8.2
20563,0.6439,0,WARNING,28.4,8.6,31.0,8.5
20564,0.6434,0,WARNING,29.9,8.7,30.5,8.7
20565,0.6359,0,WARNING,29.4,8.8,30.9,8.5
20566,0.9984,0,WARNING,29.7,8.6,30.6,6.9
20567,0.9984,0,WARNING,28.2,9.0,30.8,7.1
20568,0.9984,0,WARNING,29.5,10.0,31.0,7.2
20569,0.9984,0,WARNING,29.4,8.5,30.5,7.4
20570,0.6056,0,WARNING,29.4,9.5,30.9,8.4
20571,0.9984,0,WARNING,28.4,9.2,29.5,6.9
20572,0.9984,0,WARNING,28.9,8.5,32.1,7.4
20573,0.588,0,NORMAL,29.5,9.9,30.7,8.4
20574,0.6186,0,WARNING,30.3,9.2,30.1,8.1
20575,0.9985,0,WARNING,30.5,7.7,30.6,6.5
20576,0.9984,0,WARNING,30.5,8.4,30.4,6.3
20577,0.9984,0,WARNING,28.7,8.8,30.0,6.6
20578,0.6023,0,WARNING,30.2,8.0,30.8,8.4
20579,0.5923,0,NORMAL,29.4,8.8,29.7,8.5
20580,0.9984,0,WARNING,28.4,9.0,32.0,7.8
20581,0.9984,0,WARNING,29.6,8.7,30.5,6.9
20582,0.5845,0,NORMAL,29.4,8.7,30.8,8.4
20583,0.5772,0,NORMAL,28.9,8.3,30.5,8.3
20584,0.5715,0,NORMAL,29.3,8.6,30.9,8.4
20585,0.5868,0,NORMAL,30.7,8.5,29.1,7.7
20586,0.9984,0,WARNING,30.1,8.8,31.2,7.0
20587,0.625,0,WARNING,31.4,9.2,29.1,8.9
20588,1.0,0,ANOMALY,34.9,9.0,32.7,13.3
20589,1.0,0,ANOMALY,38.3,20.3,43.8,15.8
20590,0.9854,0,WARNING,36.1,9.2,32.3,9.6
20591,1.0,0,WARNING,31.3,7.6,26.9,10.3
20592,0.9986,0,WARNING,33.8,8.2,36.6,13.3
20593,0.9985,0,WARNING,31.6,9.3,31.6,7.3
20594,0.9757,0,WARNING,31.8,8.6,30.7,8.2
20595,0.642,0,WARNING,31.3,8.8,29.7,8.0
20596,0.9985,0,WARNING,31.0,8.2,30.3,6.8
20597,0.6355,0,WARNING,30.5,9.3,31.4,9.0
20598,0.9433,0,WARNING,34.0,11.5,30.1,8.0
20599,0.9985,0,WARNING,32.5,9.5,30.2,6.7
20600,0.9985,0,WARNING,31.2,8.0,30.1,6.7
20601,0.9984,0,WARNING,31.0,9.2,29.0,6.4
20602,0.9984,0,WARNING,32.4,8.6,30.8,6.9
20603,0.6545,0,WARNING,32.2,8.8,30.6,8.4
20604,0.9984,0,WARNING,32.1,8.6,29.1,6.9
20605,0.9984,0,WARNING,32.6,9.1,28.4,6.1
20606,0.9984,0,WARNING,33.5,9.0,30.5,6.3
20607,0.9984,0,WARNING,31.2,8.5,28.7,6.7
20608,0.9984,0,WARNING,31.6,8.5,28.7,5.9
20609,0.6759,0,WARNING,33.2,8.1,30.4,8.3
20610,0.9984,0,WARNING,34.8,8.4,29.1,6.3
20611,0.7799,0,WARNING,33.6,9.6,28.6,7.7
20612,0.9984,0,WARNING,33.7,8.4,29.7,6.6
20613,0.7109,0,WARNING,33.0,7.3,26.9,7.0
20614,0.9888,0,WARNING,34.1,8.1,29.0,7.2
20615,0.7185,0,WARNING,33.7,8.2,30.8,8.4
20616,0.9984,0,WARNING,34.2,8.8,29.2,5.9
20617,0.7175,0,WARNING,32.7,9.1,31.0,8.5
20618,0.9984,0,WARNING,34.1,9.8,29.8,6.6
20619,0.9984,0,WARNING,33.4,8.1,30.6,6.4
20620,0.7196,0,WARNING,32.5,8.3,29.8,8.7
20621,0.7297,0,WARNING,34.0,8.7,30.4,8.2
20622,0.9984,0,WARNING,33.5,8.5,29.0,5.8
20623,0.7293,0,WARNING,32.7,8.8,29.6,7.9
20624,0.7288,0,WARNING,33.1,8.1,30.3,8.1
20625,0.7277,0,WARNING,33.1,9.0,28.8,7.7
20626,0.74,0,WARNING,34.6,8.9,31.1,8.4
20627,0.7404,0,WARNING,34.2,9.5,28.8,8.2
20628,0.9887,0,WARNING,33.4,8.5,31.2,8.2
20629,0.9984,0,WARNING,33.1,8.5,28.7,6.3
20630,0.9984,0,WARNING,34.9,9.0,31.2,7.3
20631,0.9984,0,WARNING,34.3,8.5,28.6,6.2
20632,0.9984,0,WARNING,34.4,8.1,28.3,6.1
20633,0.9753,0,WARNING,34.6,8.7,31.0,7.7
20634,0.9984,0,WARNING,35.3,8.2,29.0,6.4
20635,0.9984,0,WARNING,34.3,8.7,28.8,6.3
20636,0.9984,0,WARNING,34.6,8.2,31.0,7.2
20637,0.9984,0,WARNING,34.4,8.6,28.6,6.2
20638,0.9887,0,WARNING,35.1,9.1,30.9,7.9
20639,0.9887,0,WARNING,35.0,8.5,28.9,7.2
20640,0.9984,0,WARNING,35.5,8.9,29.9,6.6
20641,0.9984,0,WARNING,34.1,8.4,30.3,6.7
20642,0.7559,0,WARNING,32.7,9.6,30.8,8.3
20643,0.7654,0,WARNING,35.5,9.0,29.3,8.4
20644,0.9984,0,WARNING,35.5,8.7,29.7,6.7
20645,0.7653,0,WARNING,34.4,9.2,30.2,8.1
20646,0.7664,0,WARNING,35.7,8.9,29.1,7.7
20647,0.9887,0,WARNING,37.3,10.9,29.7,8.6
20648,1.0,0,ANOMALY,42.3,26.7,43.2,23.4
20649,1.0,0,ANOMALY,35.7,10.7,36.9,12.6
20650,1.0,0,ANOMALY,35.7,11.3,37.9,17.5
20651,0.9986,0,WARNING,30.7,7.2,29.2,7.9
20652,0.9756,0,WARNING,31.2,8.4,28.5,6.9
20653,0.8529,0,WARNING,34.3,9.2,30.7,8.9
20654,0.9976,0,WARNING,32.5,13.1,26.5,6.8
20655,0.9985,0,WARNING,31.3,8.6,31.1,6.7
20656,0.9985,0,WARNING,32.0,11.1,28.9,7.3
20657,0.726,0,WARNING,31.9,8.8,29.8,8.1
20658,0.9888,0,WARNING,31.0,8.1,30.1,7.5
20659,0.7314,0,WARNING,34.0,9.1,28.9,7.6
20660,0.7192,0,WARNING,31.3,9.1,28.9,7.6
20661,0.7251,0,WARNING,33.4,8.8,31.0,8.4
20662,0.9985,0,WARNING,33.6,8.7,28.9,6.8
20663,0.9984,0,WARNING,33.6,9.7,29.2,6.4
20664,0.7314,0,WARNING,32.6,9.2,30.6,8.4
20665,0.9984,0,WARNING,32.3,8.4,27.1,5.2
20666,0.9888,0,WARNING,33.1,9.0,28.2,7.1
20667,1.0,0,ANOMALY,33.4,8.9,28.5,6.8
20668,0.7305,0,WARNING,33.5,8.4,30.0,7.9
20669,0.9888,0,WARNING,33.0,7.8,27.9,6.9
20670,0.9984,0,WARNING,34.9,8.5,28.9,5.8
20671,0.9984,0,WARNING,33.0,8.1,28.5,6.2
20672,0.7328,0,WARNING,33.1,10.2,28.8,7.8
20673,0.7356,0,WARNING,33.6,8.5,28.6,7.6
20674,0.7306,0,WARNING,32.4,8.8,30.9,9.0
20675,0.9984,0,WARNING,33.0,8.7,28.9,6.4
20676,0.9984,0,WARNING,32.3,8.4,28.4,6.1
20677,0.9984,0,WARNING,30.9,8.5,28.6,6.2
20678,0.7071,0,WARNING,31.2,8.6,30.9,8.3
20679,0.7053,0,WARNING,31.2,9.0,29.5,7.9
20680,0.71,0,WARNING,32.2,8.4,28.9,7.7
20681,0.7061,0,WARNING,31.9,9.2,28.7,7.7
20682,1.0,0,ANOMALY,31.7,10.5,28.7,7.7
20683,0.9221,0,WARNING,32.1,8.9,28.9,7.8
20684,0.9984,0,WARNING,32.2,8.4,28.7,6.2
20685,0.9984,0,WARNING,30.5,8.1,28.1,5.5
20686,0.9984,0,WARNING,31.4,9.7,28.9,6.2
20687,0.9984,0,WARNING,31.0,9.3,28.3,6.2
20688,0.6868,0,WARNING,31.5,8.5,28.3,7.5
20689,0.9984,0,WARNING,30.7,8.4,28.9,5.9
20690,0.9984,0,WARNING,30.3,9.6,28.8,6.3
20691,0.9972,0,WARNING,31.2,9.3,28.7,7.2
20692,0.6551,0,WARNING,29.4,8.4,28.8,7.8
20693,0.9889,0,WARNING,30.2,8.8,28.0,7.0
20694,0.9984,0,WARNING,29.8,7.6,27.4,5.3
20695,0.9984,0,WARNING,29.6,8.5,28.6,5.7
20696,0.6346,0,WARNING,30.6,8.0,29.0,7.8
20697,0.6391,0,WARNING,30.6,7.8,28.1,7.5
20698,0.9984,0,WARNING,32.5,8.5,28.8,5.9
20699,0.9984,0,WARNING,30.0,7.4,25.3,5.2
20700,0.9891,0,WARNING,30.2,7.4,28.1,7.0
20701,0.6394,0,WARNING,30.8,8.5,28.8,7.7
20702,0.6412,0,WARNING,30.7,9.3,28.3,7.5
20703,0.9984,0,WARNING,31.1,8.6,26.0,5.7
20704,0.6551,0,WARNING,33.4,9.1,30.9,8.4
20705,0.9985,0,WARNING,31.0,8.3,28.7,6.3
20706,0.9889,0,WARNING,31.2,7.9,28.0,7.0
20707,1.0,1,ANOMALY,33.8,17.7,29.7,7.8
20708,1.0,1,ANOMALY,37.6,15.1,37.3,19.5
20709,1.0,1,ANOMALY,37.8,18.7,38.8,14.2
20710,0.7,1,WARNING,36.0,8.2,27.3,7.4
20711,1.0,1,ANOMALY,35.7,10.6,38.8,19.4
20712,0.9985,1,WARNING,34.0,8.4,29.9,6.7
20713,0.9884,0,WARNING,32.0,8.8,29.0,7.2
20714,0.6958,0,WARNING,30.2,8.2,28.4,8.7
20715,0.9984,0,WARNING,33.8,8.7,28.3,5.5
20716,0.9984,0,WARNING,33.0,7.6,26.5,5.6
20717,0.9984,0,WARNING,32.6,8.4,28.9,6.4
20718,0.9984,0,WARNING,33.8,8.7,29.5,6.6
20719,0.7356,0,WARNING,35.2,7.7,28.4,7.6
20720,0.9984,0,WARNING,34.7,8.3,28.6,6.2
20721,0.9984,0,WARNING,34.0,8.5,29.5,6.4
20722,0.9887,0,WARNING,34.1,7.4,27.7,6.8
20723,0.7383,0,WARNING,32.5,8.0,29.4,8.0
20724,0.7326,0,WARNING,32.1,9.9,27.3,7.1
20725,0.7468,0,WARNING,34.7,8.4,29.5,7.9
20726,0.9888,0,WARNING,33.3,7.6,28.2,7.1
20727,0.9888,0,WARNING,32.7,7.8,27.8,7.0
20728,0.9889,0,WARNING,32.4,7.5,25.9,6.1
20729,0.9984,0,WARNING,33.6,8.2,28.0,5.5
20730,0.7374,0,WARNING,33.1,9.2,28.0,7.3
20731,0.734,0,WARNING,31.5,8.0,28.2,7.5
20732,0.9984,0,WARNING,33.3,6.9,24.6,4.5
20733,0.9749,0,WARNING,31.7,8.6,26.8,6.2
20734,0.9984,0,WARNING,32.6,7.6,27.4,5.9
20735,0.9984,0,WARNING,31.6,7.6,28.3,6.2
20736,0.9984,0,WARNING,32.6,8.2,29.1,6.4
20737,0.7166,0,WARNING,31.5,7.9,28.6,7.7
20738,0.9889,0,WARNING,32.3,7.4,26.6,6.3
20739,0.9889,0,WARNING,33.4,7.6,27.9,6.8
20740,0.9984,0,WARNING,32.4,8.1,28.8,6.3
20741,0.7275,0,WARNING,31.8,8.0,29.6,7.9
20742,0.9984,0,WARNING,32.0,8.1,28.0,5.6
20743,0.9984,0,WARNING,31.0,8.3,29.0,6.3
20744,0.9984,0,WARNING,31.4,7.5,27.0,6.3
20745,0.7029,0,WARNING,30.4,7.8,27.3,7.3
20746,0.9984,0,WARNING,31.5,7.8,28.9,6.3
20747,0.9984,0,WARNING,30.9,8.5,29.4,6.4
20748,0.9984,0,WARNING,30.9,8.2,29.9,6.7
20749,0.9984,0,WARNING,30.7,7.9,27.8,5.5
20750,0.9984,0,WARNING,29.0,7.9,30.1,6.4
20751,0.6846,0,WARNING,31.0,8.8,28.4,7.6
20752,0.6914,0,WARNING,31.7,8.6,29.7,8.1
20753,0.9984,0,WARNING,31.5,8.4,30.4,7.0
20754,0.6933,0,WARNING,31.1,8.0,28.7,7.7
20755,0.9984,0,WARNING,30.5,8.5,29.4,6.5
20756,0.9984,0,WARNING,30.4,7.9,30.4,6.8
20757,0.6813,0,WARNING,31.2,8.5,29.2,7.8
20758,0.9984,0,WARNING,29.9,7.5,28.2,5.6
20759,0.9984,0,WARNING,29.4,8.1,28.5,6.2
20760,0.9984,0,WARNING,31.3,9.6,29.2,6.4
20761,0.9889,0,WARNING,31.3,8.6,29.8,7.6
20762,0.9984,0,WARNING,30.9,8.3,29.8,6.8
20763,0.6772,0,WARNING,30.3,8.3,28.6,7.7
20764,0.9984,0,WARNING,30.0,7.3,27.9,6.0
20765,0.6705,0,WARNING,30.7,8.2,28.3,8.4
20766,0.9984,0,WARNING,32.5,8.2,29.1,6.4
20767,0.9984,0,WARNING,32.4,11.2,30.8,8.8
20768,1.0,0,WARNING,34.0,8.7,32.3,12.3
20769,1.0,0,ANOMALY,36.6,20.5,44.6,21.5
20770,0.8559,0,WARNING,32.9,8.8,31.3,9.1
20771,1.0,0,ANOMALY,31.8,10.2,38.0,18.6
20772,0.9985,0,WARNING,29.5,9.0,30.3,6.4
20773,0.9885,0,WARNING,28.6,7.8,29.4,6.8
20774,0.6292,0,WARNING,27.6,8.5,30.5,8.3
20775,0.9888,0,WARNING,28.4,6.0,24.4,5.7
20776,0.9984,0,WARNING,29.4,8.0,29.6,6.7
20777,0.9984,0,WARNING,28.1,8.4,27.9,6.0
20778,0.6892,0,WARNING,29.8,5.9,24.8,6.4
20779,0.9891,0,WARNING,30.1,8.6,31.0,8.0
20780,0.9984,0,WARNING,28.1,8.1,29.0,6.4
20781,0.9984,0,WARNING,27.3,5.9,25.2,5.1
20782,0.602,0,WARNING,28.6,8.1,29.5,7.9
20783,0.599,0,NORMAL,27.8,8.0,29.8,8.0
20784,0.6005,0,WARNING,28.7,8.0,29.6,8.5
20785,0.989,0,WARNING,27.7,8.0,30.1,7.7
20786,0.9984,0,WARNING,27.3,7.6,29.8,6.8
20787,0.9984,0,WARNING,26.9,7.6,30.3,6.4
20788,0.989,0,WARNING,26.9,8.5,30.0,7.7
20789,0.5538,0,NORMAL,27.8,8.2,29.7,8.1
20790,0.9889,0,WARNING,27.5,8.2,29.6,7.3
20791,0.9984,0,WARNING,26.9,7.8,29.7,6.6
20792,0.9889,0,WARNING,27.1,7.9,28.8,7.1
20793,0.9748,0,WARNING,27.4,7.9,29.8,7.4
20794,0.5229,0,NORMAL,26.7,7.3,29.5,8.0
20795,0.51,0,NORMAL,26.2,7.9,30.2,8.2
20796,0.9984,0,WARNING,25.5,7.2,28.6,6.3
20797,0.9984,0,WARNING,26.0,7.7,29.8,6.8
20798,0.4748,0,NORMAL,25.6,7.9,31.2,8.6
20799,0.4715,0,NORMAL,25.8,8.1,30.0,8.1
20800,0.9984,0,WARNING,25.3,7.7,29.5,6.6
20801,0.989,0,WARNING,25.4,7.5,29.1,7.2
20802,0.9984,0,WARNING,24.9,7.5,29.4,6.6
20803,0.4298,0,NORMAL,24.6,7.9,30.7,8.5
20804,0.4245,0,NORMAL,24.7,7.9,29.9,8.1
20805,0.9984,0,WARNING,26.0,7.3,28.8,6.3
20806,0.9984,0,WARNING,25.7,7.6,29.1,6.5
20807,0.9984,0,WARNING,25.9,7.4,30.9,6.6
20808,0.9984,0,WARNING,26.3,7.6,29.8,6.0
20809,0.9984,0,WARNING,26.8,7.2,28.8,5.8
20810,0.47,0,NORMAL,27.8,7.8,30.9,8.5
20811,0.9984,0,WARNING,26.9,8.0,29.3,6.5
20812,0.9984,0,WARNING,28.4,7.6,30.6,7.0
20813,0.5196,0,NORMAL,28.4,7.5,31.0,8.5
20814,0.5114,0,NORMAL,27.7,8.0,31.2,8.5
20815,0.9984,0,WARNING,28.0,7.9,32.9,7.7
20816,0.9984,0,WARNING,27.9,7.7,30.5,6.4
20817,0.9984,0,WARNING,27.0,7.9,31.9,6.8
20818,0.9984,0,WARNING,28.3,7.5,30.6,6.9
20819,0.9984,0,WARNING,29.1,7.5,31.7,7.4
20820,0.9984,0,WARNING,29.2,7.8,30.3,6.4
20821,0.9984,0,WARNING,30.1,7.6,31.7,7.4
20822,0.9887,0,WARNING,28.3,7.2,29.3,7.4
20823,0.9984,0,WARNING,29.3,7.5,31.6,7.3
20824,0.9984,0,WARNING,29.1,7.5,31.5,6.7
20825,0.5797,0,NORMAL,27.8,7.9,31.2,8.5
20826,0.9984,0,WARNING,29.2,7.6,30.2,6.7
20827,0.9888,0,WARNING,30.2,9.8,30.9,9.1
20828,1.0,0,ANOMALY,34.5,20.3,44.5,22.4
20829,1.0,0,WARNING,30.6,12.9,36.1,11.2
20830,1.0,0,ANOMALY,29.3,10.4,37.2,18.3
20831,0.9985,0,WARNING,29.2,8.3,33.8,9.6
20832,0.9985,0,WARNING,27.5,7.7,31.1,7.3
20833,0.5829,0,NORMAL,27.6,7.7,30.5,8.2
20834,0.5769,0,NORMAL,27.3,7.3,30.1,8.1
20835,0.9888,0,WARNING,26.7,7.6,31.0,7.9
20836,0.9984,0,WARNING,27.1,7.5,29.7,7.2
20837,0.5677,0,NORMAL,27.0,7.6,32.8,9.1
20838,0.9984,0,WARNING,27.1,7.5,30.6,7.0
20839,0.9984,0,WARNING,26.3,7.5,31.4,6.9
20840,0.9984,0,WARNING,26.1,7.3,30.8,7.1
20841,0.9984,0,WARNING,26.8,5.3,24.5,4.4
20842,0.9984,0,WARNING,27.1,7.0,31.3,6.7
20843,0.5378,0,NORMAL,26.2,7.4,30.2,8.1
20844,0.9984,0,WARNING,26.7,7.0,31.7,7.5
20845,0.5348,0,NORMAL,26.4,6.6,27.9,7.5
20846,0.5257,0,NORMAL,25.6,7.2,33.5,9.4
20847,0.9889,0,WARNING,24.9,6.8,32.2,8.4
20848,0.9984,0,WARNING,26.2,6.8,32.3,7.6
20849,0.9984,0,WARNING,25.7,7.4,32.1,7.5
20850,0.9888,0,WARNING,25.6,7.4,31.4,8.0
20851,0.4851,0,NORMAL,25.2,7.0,30.6,8.3
20852,0.4696,0,NORMAL,24.6,7.1,31.6,8.7
20853,0.9889,0,WARNING,24.9,7.1,31.8,8.4
20854,0.4666,0,NORMAL,25.4,6.7,29.7,8.2
20855,0.4563,0,NORMAL,24.5,6.2,28.2,7.6
20856,0.9984,0,WARNING,24.0,4.7,24.7,5.1
20857,0.9983,0,WARNING,20.2,1.0,16.3,1.9
20858,0.9982,0,WARNING,19.3,1.1,17.3,2.2
20859,0.9982,0,WARNING,19.9,1.5,17.1,2.1
20860,0.9982,0,WARNING,20.4,3.4,21.2,3.2
20861,0.388,0,NORMAL,27.3,9.1,30.5,8.0
20862,0.9896,0,WARNING,26.1,7.4,31.4,8.2
20863,0.3572,0,NORMAL,23.5,6.6,29.9,8.3
20864,0.9984,0,WARNING,24.3,6.7,30.9,7.2
20865,0.9984,0,WARNING,23.5,7.1,31.0,7.2
20866,0.9984,0,WARNING,24.0,7.1,30.9,7.1
20867,0.9984,0,WARNING,24.3,7.0,30.2,6.3
20868,0.3683,0,NORMAL,23.9,6.6,29.8,8.1
20869,0.9984,0,WARNING,23.6,6.8,30.2,6.9
20870,0.9984,0,WARNING,23.8,7.5,31.4,6.9
20871,0.3453,0,NORMAL,23.2,6.6,29.0,8.0
20872,0.989,0,WARNING,23.6,6.6,30.8,8.1
20873,0.989,0,WARNING,24.0,6.7,29.7,7.6
20874,0.9984,0,WARNING,23.5,7.1,31.7,7.5
20875,0.9984,0,WARNING,22.9,6.8,30.2,6.3
20876,0.989,0,WARNING,22.9,6.5,28.6,7.1
20877,0.3038,0,NORMAL,22.7,6.6,30.8,8.7
20878,0.9984,0,WARNING,22.6,6.7,29.4,6.7
20879,0.2722,0,NORMAL,22.0,6.5,30.7,8.5
20880,0.9984,0,WARNING,23.1,6.7,29.6,6.3
20881,0.9984,0,WARNING,21.7,7.3,31.9,7.0
20882,0.282,0,NORMAL,22.7,6.6,30.5,8.5
20883,0.2991,0,NORMAL,22.2,6.9,30.9,8.5
20884,0.3807,0,NORMAL,21.7,4.8,25.8,6.8
20885,0.9984,0,WARNING,21.6,6.1,29.8,6.4
20886,0.2157,0,NORMAL,22.9,6.6,30.0,8.2
20887,0.9984,0,WARNING,22.8,7.8,30.5,7.8
20888,1.0,0,ANOMALY,26.6,8.0,35.8,15.3
20889,1.0,0,ANOMALY,27.2,17.8,40.7,14.4
20890,0.9985,0,WARNING,23.7,8.7,32.4,9.1
20891,0.9985,0,WARNING,21.5,6.4,29.8,6.3
20892,0.9984,0,WARNING,20.6,4.8,24.5,4.4
20893,0.9984,0,WARNING,20.5,6.6,30.5,6.5
20894,0.9984,0,WARNING,20.5,6.8,30.6,7.1
20895,0.1697,0,NORMAL,20.5,6.7,30.5,8.5
20896,0.2609,0,NORMAL,20.0,6.4,30.2,8.4
20897,0.9892,0,WARNING,19.7,6.3,30.4,8.1
20898,0.9984,0,WARNING,19.3,6.3,30.2,7.1
20899,0.9892,0,WARNING,19.5,6.6,30.2,7.9
20900,0.9984,0,WARNING,19.7,6.4,30.7,7.2
20901,0.9984,0,WARNING,19.3,6.3,29.8,6.7
20902,0.9984,0,WARNING,19.0,6.0,30.3,7.1
20903,0.2745,0,NORMAL,19.0,6.5,30.5,8.6
20904,0.9984,0,WARNING,18.4,5.0,26.0,5.1
20905,0.1147,0,NORMAL,18.8,5.5,27.6,7.6
20906,0.9983,0,WARNING,18.8,6.3,30.6,7.2
20907,0.1188,0,NORMAL,19.2,5.6,28.6,7.9
20908,0.2916,0,NORMAL,18.4,5.0,27.9,7.6
20909,0.9894,0,WARNING,18.4,4.1,24.8,6.0
20910,0.9983,0,WARNING,18.0,3.7,22.2,3.8
20911,0.9983,0,WARNING,17.9,3.6,22.5,3.9
20912,0.9897,0,WARNING,18.5,3.3,22.3,5.2
20913,0.9897,0,WARNING,18.5,3.6,22.5,5.4
20914,0.9898,0,WARNING,19.1,3.6,22.2,5.2
20915,0.9983,0,WARNING,19.5,3.5,22.3,3.9
20916,0.9983,0,WARNING,20.5,3.4,22.2,3.8
20917,0.2732,0,NORMAL,21.3,3.6,22.6,5.8
20918,0.9983,0,WARNING,21.4,3.5,22.3,4.4
20919,0.2143,0,NORMAL,20.7,3.4,22.6,5.9
20920,0.9983,0,WARNING,21.7,3.5,22.2,4.3
20921,0.9896,0,WARNING,21.8,3.4,22.2,5.3
20922,0.9983,0,WARNING,22.0,3.5,22.2,4.4
20923,0.9983,0,WARNING,22.8,3.1,22.2,4.4
20924,0.9983,0,WARNING,22.8,3.1,22.1,4.3
20925,0.9896,0,WARNING,23.2,3.3,22.2,5.1
20926,0.9983,0,WARNING,22.3,3.2,22.0,3.8
20927,0.3873,0,NORMAL,22.5,3.2,21.8,5.6
20928,0.9897,0,WARNING,21.4,3.2,22.3,5.4
20929,0.9897,0,WARNING,21.5,3.3,21.8,5.2
20930,0.2062,0,NORMAL,21.2,3.3,21.9,5.7
20931,0.1975,0,NORMAL,21.1,3.1,21.7,5.6
20932,0.9983,0,WARNING,22.3,3.0,21.7,3.7
20933,0.9897,0,WARNING,23.2,3.3,21.9,5.0
20934,0.9983,0,WARNING,22.1,3.2,21.9,4.3
20935,0.9982,0,WARNING,21.7,3.0,21.9,4.3
20936,0.9982,0,WARNING,21.4,3.2,22.0,3.8
20937,0.9982,0,WARNING,21.6,3.2,21.7,3.8
20938,0.9982,0,WARNING,21.6,2.9,21.6,3.7
20939,0.9897,0,WARNING,22.4,3.2,21.9,5.2
20940,0.9982,0,WARNING,22.3,3.2,21.7,3.7
20941,0.9982,0,WARNING,21.3,3.2,21.3,3.5
20942,0.9897,0,WARNING,21.5,2.8,21.6,5.0
20943,0.3836,0,NORMAL,21.1,2.9,21.3,5.5
20944,0.3831,0,NORMAL,20.7,3.0,21.6,5.4
20945,0.9898,0,WARNING,20.1,2.7,21.5,5.1
20946,0.9983,0,WARNING,19.7,1.4,16.5,1.9
20947,0.9982,0,WARNING,18.6,2.1,15.6,1.8
20948,0.9982,0,WARNING,18.1,0.6,15.8,1.8
20949,0.9901,0,WARNING,17.9,0.9,15.7,3.0
20950,0.9981,0,WARNING,17.8,0.9,15.8,1.8
20951,0.9902,0,WARNING,17.7,0.7,15.9,3.2
20952,0.9903,0,WARNING,17.6,0.7,15.8,3.2
20953,0.9903,0,WARNING,17.5,0.7,15.7,3.2
20954,0.9903,0,WARNING,17.4,0.9,16.3,3.2
20955,0.9903,0,WARNING,17.4,0.9,16.3,2.6
20956,0.9903,0,WARNING,17.3,0.7,16.1,3.1
20957,0.9981,0,WARNING,17.3,1.2,17.3,2.0
20958,0.9902,0,WARNING,17.1,0.8,16.0,3.1
20959,0.9903,0,WARNING,17.4,1.0,16.6,3.2
20960,0.9981,0,WARNING,22.2,2.3,17.0,1.7
20961,0.9982,0,WARNING,24.7,3.5,20.1,2.4
20962,0.369,0,NORMAL,24.3,5.4,26.5,6.4
20963,0.9997,0,WARNING,29.9,14.2,40.9,13.7
20964,0.8695,0,WARNING,25.8,6.9,33.2,9.6
20965,0.9985,0,WARNING,24.6,6.7,32.1,8.9
20966,0.9984,0,WARNING,21.4,4.7,27.3,6.1
20967,0.5944,0,NORMAL,20.9,5.4,29.8,8.9
20968,0.2839,0,NORMAL,20.0,4.7,27.5,7.8
20969,0.9984,0,WARNING,19.8,4.8,27.8,6.4
20970,0.9983,0,WARNING,19.7,5.8,30.1,7.2
20971,0.2931,0,NORMAL,19.2,5.3,28.7,8.0
20972,0.9893,0,WARNING,19.0,5.3,29.1,7.7
20973,0.9983,0,WARNING,18.8,3.6,23.5,4.3
20974,0.9983,0,WARNING,18.0,2.4,20.1,3.6
20975,0.9983,0,WARNING,17.7,2.6,20.0,3.6
20976,0.9982,0,WARNING,18.1,2.6,19.8,3.6
20977,0.9982,0,WARNING,17.7,2.4,19.6,3.5
20978,0.99,0,WARNING,17.3,2.4,19.8,4.5
20979,0.3736,0,NORMAL,16.8,2.4,19.5,4.9
20980,0.99,0,WARNING,16.6,2.7,20.0,4.5
20981,0.3703,0,NORMAL,16.7,2.2,19.5,4.7
20982,0.99,0,WARNING,16.5,3.0,19.7,4.3
20983,0.99,0,WARNING,16.4,2.5,19.9,4.5
20984,0.9982,0,WARNING,16.3,2.5,19.8,3.1
20985,0.9982,0,WARNING,16.2,2.3,19.6,3.0
20986,0.9982,0,WARNING,16.1,2.3,19.7,3.7
20987,0.9982,0,WARNING,16.0,2.2,19.9,3.1
20988,0.9982,0,WARNING,16.2,2.4,19.6,3.0
20989,0.9982,0,WARNING,15.9,2.2,19.9,3.0
20990,0.9901,0,WARNING,15.9,2.3,19.7,4.4
20991,0.99,0,WARNING,15.9,2.2,19.5,4.4
20992,0.9901,0,WARNING,15.8,2.3,19.7,4.5
20993,0.9901,0,WARNING,15.8,2.1,19.6,4.4
20994,0.9982,0,WARNING,15.7,2.2,19.9,3.7
20995,0.9729,0,WARNING,15.7,2.3,19.8,4.4
20996,0.9982,0,WARNING,15.6,2.2,19.5,3.0
20997,0.3132,0,NORMAL,15.6,2.1,19.6,4.8
20998,0.9982,0,WARNING,15.6,2.2,19.4,2.9
20999,0.9982,0,WARNING,15.6,2.3,19.4,3.0
21000,0.9901,0,WARNING,15.5,2.3,19.5,3.7
21001,0.9901,0,WARNING,15.5,2.1,19.3,4.4
21002,0.9901,0,WARNING,15.5,2.3,19.5,4.3
21003,0.9982,0,WARNING,15.5,2.1,19.5,2.9
21004,0.9982,0,WARNING,15.3,2.0,19.3,3.0
21005,0.9901,0,WARNING,15.4,2.3,19.5,4.3
21006,0.9982,0,WARNING,16.3,2.2,19.6,2.8
21007,0.9901,0,WARNING,17.6,4.4,20.1,5.7
21008,1.0,0,ANOMALY,21.1,8.7,34.4,12.6
21009,0.9983,0,WARNING,18.6,3.7,25.7,7.6
21010,0.9896,0,WARNING,16.0,3.3,19.4,4.4
21011,0.9898,0,WARNING,15.7,2.3,19.5,4.4
21012,0.3822,0,NORMAL,15.7,2.1,19.2,4.7
21013,0.9982,0,WARNING,15.5,2.3,19.4,2.9
21014,0.99,0,WARNING,15.7,2.2,19.7,4.2
21015,0.99,0,WARNING,15.8,2.1,19.8,4.6
21016,0.99,0,WARNING,16.7,1.9,19.0,4.3
21017,0.9982,0,WARNING,16.6,2.2,19.4,2.9
21018,0.99,0,WARNING,17.3,2.0,19.0,4.2
21019,0.99,0,WARNING,18.0,2.2,19.0,4.3
21020,0.9982,0,WARNING,17.6,2.3,19.0,2.8
21021,0.99,0,WARNING,18.6,2.1,19.0,4.1
21022,0.9982,0,WARNING,19.3,2.1,19.3,2.7
21023,0.9899,0,WARNING,20.3,2.1,19.0,4.2
21024,0.9982,0,WARNING,19.7,2.1,19.1,2.9
21025,0.9982,0,WARNING,20.1,2.2,19.4,3.1
21026,0.9982,0,WARNING,20.2,2.0,19.5,3.1
21027,0.304,0,NORMAL,20.5,2.0,19.3,4.9
21028,0.9899,0,WARNING,20.2,1.9,19.4,4.3
21029,0.9982,0,WARNING,20.5,2.0,19.3,2.7
21030,0.3653,0,NORMAL,20.8,2.1,19.2,4.7
21031,0.9982,0,WARNING,20.8,2.0,19.4,3.0
21032,0.9982,0,WARNING,20.6,1.9,19.4,3.0
21033,0.9899,0,WARNING,19.8,2.0,19.3,4.4
21034,0.9982,0,WARNING,20.8,2.1,19.8,3.2
21035,0.9982,0,WARNING,20.3,2.1,19.4,3.6
21036,0.9899,0,WARNING,20.5,1.9,19.4,4.4
21037,0.9899,0,WARNING,20.5,2.0,19.3,4.3
21038,0.9982,0,WARNING,20.5,2.0,19.3,3.0
21039,0.9982,0,WARNING,20.0,2.1,19.3,2.9
21040,0.9899,0,WARNING,20.4,2.2,19.4,4.4
21041,0.9899,0,WARNING,20.4,2.0,19.3,4.3
21042,0.9982,0,WARNING,19.9,2.1,19.3,3.0
21043,0.9982,0,WARNING,19.7,2.0,19.4,3.0
21044,0.9982,0,WARNING,19.8,2.1,19.2,3.0
21045,0.3477,0,NORMAL,19.5,2.2,19.4,4.8
21046,0.9982,0,WARNING,19.7,3.2,19.3,3.0
21047,0.9982,0,WARNING,19.1,2.0,19.2,3.0
21048,0.9982,0,WARNING,19.0,1.9,19.4,2.9
21049,0.9982,0,WARNING,19.0,2.0,19.2,2.9
21050,0.99,0,WARNING,18.9,2.2,19.4,4.4
21051,0.99,0,WARNING,18.6,2.0,19.4,4.4
21052,0.9982,0,WARNING,18.8,2.0,19.2,2.9
21053,0.99,0,WARNING,18.9,2.1,19.4,4.1
21054,0.99,0,WARNING,18.7,2.1,19.4,4.3
21055,0.9982,0,WARNING,18.3,2.1,19.5,3.0
21056,0.9982,0,WARNING,17.9,2.0,19.4,3.0
21057,0.99,0,WARNING,17.8,2.2,19.2,4.4
21058,0.9982,0,WARNING,18.3,1.8,19.1,2.8
21059,0.9982,0,WARNING,17.7,2.0,19.1,3.0
21060,0.99,0,WARNING,18.2,2.1,19.1,4.3
21061,0.9982,0,WARNING,17.7,2.1,19.0,2.7
21062,0.9982,0,WARNING,17.5,1.9,19.2,2.9
21063,0.9982,0,WARNING,17.7,1.7,18.2,2.6
21064,0.9982,0,WARNING,17.1,2.2,20.2,3.8
21065,0.99,0,WARNING,17.1,1.8,18.2,4.0
21066,0.3083,0,NORMAL,17.5,2.0,19.5,4.9
21067,0.4698,0,NORMAL,18.3,3.8,21.2,6.6
21068,0.4318,0,NORMAL,20.7,4.7,29.4,7.4
21069,0.9454,0,WARNING,20.5,5.6,26.9,6.5
21070,0.9783,0,WARNING,19.2,3.3,22.7,8.1
21071,0.9983,0,WARNING,16.7,1.9,18.4,2.5
21072,0.9899,0,WARNING,16.6,2.2,20.1,4.7
21073,0.9899,0,WARNING,16.3,2.0,19.4,3.6
21074,0.99,0,WARNING,16.3,2.0,19.5,4.5
21075,0.9982,0,WARNING,16.1,2.0,19.5,3.0
21076,0.99,0,WARNING,16.0,2.1,19.5,4.3
21077,0.99,0,WARNING,16.1,2.0,19.3,4.3
21078,0.9982,0,WARNING,16.1,1.7,17.6,2.2
21079,0.9901,0,WARNING,16.4,1.7,18.1,3.7
21080,0.9982,0,WARNING,16.2,2.7,22.5,4.2
21081,0.9982,0,WARNING,16.0,2.1,19.2,2.8
21082,0.9982,0,WARNING,16.0,2.1,19.3,3.1
21083,0.9982,0,WARNING,15.9,2.0,19.2,2.9
21084,0.9901,0,WARNING,15.7,2.0,19.6,4.4
21085,0.9901,0,WARNING,15.7,2.0,19.6,4.4
21086,0.9901,0,WARNING,15.6,1.9,19.3,4.4
21087,0.9982,0,WARNING,15.6,2.1,19.7,3.2
21088,0.9982,0,WARNING,15.6,2.1,19.5,3.1
21089,0.9982,0,WARNING,15.6,2.0,19.4,2.9
21090,0.9901,0,WARNING,15.6,2.3,19.4,4.5
21091,0.9901,0,WARNING,15.5,2.1,19.2,4.3
21092,0.9901,0,WARNING,15.3,1.6,17.5,3.5
21093,0.9901,0,WARNING,15.5,2.4,21.0,4.8
21094,0.3653,0,NORMAL,15.5,1.9,19.3,4.7
21095,0.9901,0,WARNING,15.9,2.0,19.5,4.5
21096,0.9982,0,WARNING,15.5,1.8,18.6,2.7
21097,0.9901,0,WARNING,15.5,1.8,18.5,4.1
21098,0.9901,0,WARNING,16.1,2.1,18.8,4.1
21099,0.9901,0,WARNING,15.7,2.0,18.7,4.2
21100,0.9982,0,WARNING,15.6,2.0,19.1,2.8
21101,0.9901,0,WARNING,15.4,2.0,18.8,4.1
21102,0.9982,0,WARNING,15.4,2.0,18.6,2.6
21103,0.9901,0,WARNING,15.3,2.0,18.8,4.1
21104,0.9901,0,WARNING,15.4,1.8,18.8,4.1
21105,0.9982,0,WARNING,15.4,2.1,18.8,2.9
21106,0.9982,0,WARNING,15.3,2.0,19.0,2.8
21107,0.9901,0,WARNING,15.4,2.0,18.7,4.0
21108,0.9982,0,WARNING,15.3,1.8,18.9,2.6
21109,0.9901,0,WARNING,15.4,1.9,18.9,4.1
21110,0.9901,0,WARNING,15.2,2.2,18.6,4.0
21111,0.9982,0,WARNING,15.3,1.9,18.7,3.3
21112,0.9982,0,WARNING,15.3,1.9,18.8,2.8
21113,0.9901,0,WARNING,15.2,2.0,18.9,4.2
21114,0.9982,0,WARNING,15.2,2.0,19.2,2.9
21115,0.9901,0,WARNING,15.3,2.0,19.2,4.3
21116,0.9982,0,WARNING,15.3,2.0,18.9,2.8
21117,0.9982,0,WARNING,15.3,2.0,18.9,2.8
21118,0.9982,0,WARNING,15.4,1.9,19.1,2.7
21119,0.3421,0,NORMAL,15.8,2.0,18.9,4.8
21120,0.9982,0,WARNING,16.2,2.2,18.8,2.7
21121,0.3343,0,NORMAL,16.8,2.1,18.9,4.8
21122,0.3628,0,NORMAL,16.6,2.0,18.9,4.6
21123,0.9901,0,WARNING,17.2,2.0,18.8,4.1
21124,0.99,0,WARNING,18.0,2.2,19.3,4.3
21125,0.9982,0,WARNING,18.5,2.0,18.9,2.8
21126,0.3632,0,NORMAL,20.0,2.0,19.3,4.6
21127,0.9899,0,WARNING,22.4,5.2,20.9,5.8
21128,0.9983,0,WARNING,25.0,8.2,30.8,8.1
21129,0.9931,0,WARNING,25.1,3.3,26.6,10.5
21130,0.9983,0,WARNING,21.9,2.7,21.1,4.0
21131,0.9896,0,WARNING,19.8,2.1,19.2,4.2
21132,0.9983,0,WARNING,21.6,2.2,19.4,3.5
21133,0.9898,0,WARNING,21.0,2.3,19.3,4.2
21134,0.9733,0,WARNING,21.1,2.0,19.2,4.0
21135,0.9982,0,WARNING,21.6,2.1,19.1,3.5
21136,0.9982,0,WARNING,21.8,2.0,19.2,3.0
21137,0.9982,0,WARNING,21.4,2.3,19.4,3.1
21138,0.9982,0,WARNING,21.1,2.0,19.3,2.9
21139,0.9899,0,WARNING,21.0,2.0,19.3,4.2
21140,0.9982,0,WARNING,20.6,2.3,19.4,3.0
21141,0.3657,0,NORMAL,20.4,2.3,19.2,4.6
21142,0.9899,0,WARNING,20.3,2.1,19.4,4.4
21143,0.9899,0,WARNING,20.1,2.1,19.3,4.3
21144,0.9982,0,WARNING,20.1,2.3,19.3,3.0
21145,0.9982,0,WARNING,19.9,2.3,19.6,3.6
21146,0.9982,0,WARNING,20.1,2.0,19.6,3.1
21147,0.9899,0,WARNING,20.0,2.4,19.6,4.5
21148,0.9899,0,WARNING,20.5,2.4,19.6,4.4
21149,0.9982,0,WARNING,20.4,2.2,19.4,2.9
21150,0.9982,0,WARNING,20.2,2.3,19.4,2.9
21151,0.9982,0,WARNING,20.5,2.5,19.5,3.6
21152,0.9899,0,WARNING,20.6,2.1,19.4,4.4
21153,0.9899,0,WARNING,20.5,2.2,19.5,4.4
21154,0.9982,0,WARNING,20.8,2.3,19.7,3.6
21155,0.2605,0,NORMAL,20.7,2.3,19.7,5.0
21156,0.9899,0,WARNING,20.4,2.2,19.7,4.5
21157,0.9899,0,WARNING,19.9,2.4,19.6,4.3
21158,0.9982,0,WARNING,19.7,2.4,19.9,3.1
21159,0.9982,0,WARNING,19.4,2.5,20.0,3.1
21160,0.9899,0,WARNING,19.4,2.2,18.7,4.1
21161,0.9982,0,WARNING,18.7,2.6,20.8,3.5
21162,0.9982,0,WARNING,18.4,2.3,20.0,3.1
21163,0.99,0,WARNING,19.5,2.5,20.0,4.6
21164,0.9982,0,WARNING,19.1,2.3,19.9,3.0
21165,0.9982,0,WARNING,18.8,2.4,20.1,3.1
21166,0.2735,0,NORMAL,18.9,2.3,19.9,5.1
21167,0.9982,0,WARNING,18.6,2.5,19.8,3.0
21168,0.99,0,WARNING,18.4,2.4,20.4,4.6
21169,0.99,0,WARNING,18.6,2.5,20.2,4.6
21170,0.9982,0,WARNING,18.5,2.7,20.4,3.4
21171,0.9899,0,WARNING,18.4,2.5,20.3,4.7
21172,0.9982,0,WARNING,18.6,2.5,20.1,3.2
21173,0.9899,0,WARNING,18.3,2.5,20.3,4.5
21174,0.9982,0,WARNING,18.4,2.7,20.8,3.4
21175,0.9982,0,WARNING,18.3,2.7,20.4,3.9
21176,0.9982,0,WARNING,18.2,2.6,20.4,3.8
21177,0.9899,0,WARNING,18.2,2.7,20.6,4.8
21178,0.9982,0,WARNING,18.0,2.9,20.6,3.3
21179,0.2636,0,NORMAL,17.9,2.6,20.8,5.4
21180,0.9982,0,WARNING,18.0,2.7,20.6,3.3
21181,0.9899,0,WARNING,18.5,2.8,20.7,4.6
21182,0.9899,0,WARNING,17.9,2.6,20.9,4.8
21183,0.9899,0,WARNING,17.6,2.5,20.5,4.7
21184,0.3767,0,NORMAL,18.7,2.8,20.9,5.3
21185,0.9982,0,WARNING,19.4,3.0,20.8,3.8
21186,0.9899,0,WARNING,19.7,2.8,21.2,4.9
21187,0.9899,0,WARNING,20.5,4.6,22.1,6.5
21188,0.9983,0,WARNING,23.0,8.4,30.8,7.7
21189,0.9987,0,WARNING,22.5,4.4,29.8,9.7
21190,0.9984,0,WARNING,20.0,4.9,22.7,5.3
21191,0.9895,0,WARNING,18.8,3.0,21.7,5.0
21192,0.9983,0,WARNING,18.4,2.9,21.4,3.6
21193,0.9898,0,WARNING,18.1,3.0,21.3,4.3
21194,0.9898,0,WARNING,17.6,3.1,21.7,5.1
21195,0.9983,0,WARNING,18.1,3.1,21.7,4.3
21196,0.9899,0,WARNING,17.6,3.0,21.8,5.1
21197,0.9983,0,WARNING,18.3,3.1,21.7,3.5
21198,0.9899,0,WARNING,17.8,3.1,21.6,4.9
21199,0.9983,0,WARNING,17.8,3.1,21.4,4.1
21200,0.9982,0,WARNING,18.1,3.2,21.6,3.7
21201,0.9982,0,WARNING,18.1,3.2,21.6,3.6
21202,0.9982,0,WARNING,18.1,3.3,21.7,3.7
21203,0.9982,0,WARNING,17.8,3.2,21.7,3.6
21204,0.9982,0,WARNING,17.9,3.0,22.0,4.2
21205,0.9899,0,WARNING,18.0,3.4,21.8,5.0
21206,0.9983,0,WARNING,18.0,3.2,22.1,3.7
21207,0.9983,0,WARNING,18.0,3.2,22.1,3.9
21208,0.9899,0,WARNING,17.6,3.3,22.0,5.1
21209,0.2494,0,NORMAL,17.3,3.3,22.2,5.8
21210,0.9983,0,WARNING,17.8,3.5,22.0,3.8
21211,0.9983,0,WARNING,17.3,3.4,22.2,4.4
21212,0.389,0,NORMAL,17.8,3.6,22.1,5.6
21213,0.9898,0,WARNING,17.6,3.4,22.3,5.2
21214,0.9983,0,WARNING,17.6,3.4,22.2,3.6
21215,0.9898,0,WARNING,17.5,3.8,22.5,5.3
21216,0.9983,0,WARNING,17.7,3.5,22.0,3.7
21217,0.9983,0,WARNING,17.5,3.1,20.2,3.0
21218,0.9899,0,WARNING,17.1,4.0,24.6,6.1
21219,0.9898,0,WARNING,17.1,3.7,22.6,5.3
21220,0.9898,0,WARNING,17.4,3.7,22.4,4.6
21221,0.9898,0,WARNING,17.3,3.8,22.6,5.3
21222,0.9983,0,WARNING,17.5,3.8,22.5,3.8
21223,0.9983,0,WARNING,18.0,3.9,22.9,4.1
21224,0.9983,0,WARNING,18.6,3.5,22.7,4.5
21225,0.3949,0,NORMAL,18.6,3.8,22.4,5.7
21226,0.9983,0,WARNING,19.2,3.8,22.8,4.1
21227,0.9983,0,WARNING,19.2,3.8,22.9,4.1
21228,0.9897,0,WARNING,20.4,3.8,23.1,5.6
21229,0.9983,0,WARNING,21.8,4.1,23.0,4.0
21230,0.9983,0,WARNING,22.4,4.2,23.1,3.9
21231,0.9896,0,WARNING,21.5,4.0,22.9,5.4
21232,0.9983,0,WARNING,22.8,4.1,23.2,4.7
21233,0.9895,0,WARNING,23.2,4.4,23.5,5.7
21234,0.1776,0,NORMAL,24.6,4.2,23.5,6.2
21235,0.9983,0,WARNING,25.3,4.2,23.3,4.1
21236,0.9983,0,WARNING,24.8,4.5,23.6,4.2
21237,0.9983,0,WARNING,25.7,4.3,23.6,4.6
21238,0.9983,0,WARNING,24.9,4.3,23.9,4.3
21239,0.9894,0,WARNING,25.0,4.6,23.8,5.7
21240,0.9895,0,WARNING,25.5,4.8,23.9,5.8
21241,0.9983,0,WARNING,25.1,4.6,23.9,4.4
21242,0.9983,0,WARNING,24.7,4.5,23.9,4.4
21243,0.9895,0,WARNING,24.4,4.8,23.9,5.8
21244,0.4058,0,NORMAL,24.7,4.2,22.3,5.8
21245,0.9983,0,WARNING,20.4,1.2,16.2,1.9
21246,0.9898,0,WARNING,19.7,0.9,16.1,3.2
21247,0.9982,0,WARNING,19.5,2.2,16.1,1.8
21248,0.9982,0,WARNING,19.0,1.0,16.6,2.0
21249,0.9901,0,WARNING,18.6,0.8,16.2,3.3
21250,0.9981,0,WARNING,18.6,1.5,17.7,2.3
21251,0.9902,0,WARNING,18.5,1.1,16.8,3.5
21252,0.9902,0,WARNING,18.3,0.8,16.6,3.4
21253,0.9902,0,WARNING,18.0,0.9,16.6,3.3
21254,0.9902,0,WARNING,18.0,1.5,18.2,3.1
21255,0.794,0,WARNING,18.2,2.0,17.2,3.9
21256,0.7942,0,WARNING,18.8,3.2,18.0,4.1
21257,0.9982,0,WARNING,18.6,2.6,18.8,2.5
21258,0.9982,0,WARNING,19.1,1.8,17.2,2.1
21259,0.401,0,NORMAL,27.2,7.6,26.6,6.4
21260,0.9999,0,WARNING,31.1,14.9,36.5,11.8
21261,0.9984,0,WARNING,30.3,8.0,33.4,9.0
21262,0.9987,0,WARNING,32.2,10.5,32.3,11.2
21263,0.9985,0,WARNING,30.1,8.9,28.8,5.5
21264,0.9985,0,WARNING,31.0,7.3,26.4,5.4
21265,0.9889,0,WARNING,28.9,6.1,24.9,6.1
21266,0.989,0,WARNING,30.6,7.1,26.2,6.4
21267,0.9891,0,WARNING,30.7,7.9,29.4,7.5
21268,0.9984,0,WARNING,30.8,8.0,27.5,5.4
21269,0.4666,0,NORMAL,30.7,7.2,27.9,7.5
21270,0.989,0,WARNING,29.6,7.0,26.3,6.5
21271,0.9891,0,WARNING,29.5,7.1,26.6,6.4
21272,0.9984,0,WARNING,29.1,7.6,26.7,5.6
21273,0.5202,0,NORMAL,32.8,7.9,27.9,7.5
21274,0.9984,0,WARNING,30.4,7.9,27.8,6.0
21275,0.9984,0,WARNING,34.0,8.2,26.8,5.1
21276,0.9984,0,WARNING,32.5,8.1,28.6,5.7
21277,0.5787,0,NORMAL,30.4,8.1,28.4,8.2
21278,0.9984,0,WARNING,29.2,7.2,28.1,5.8
21279,0.5848,0,NORMAL,29.2,7.3,28.1,7.6
21280,0.9984,0,WARNING,28.1,7.4,27.8,5.5
21281,0.9984,0,WARNING,28.3,7.6,28.1,5.5
21282,0.9891,0,WARNING,27.8,5.7,24.3,5.8
21283,0.5858,0,NORMAL,31.0,7.9,28.7,7.8
21284,0.9984,0,WARNING,27.7,6.1,26.7,5.4
21285,0.9984,0,WARNING,30.8,7.2,26.6,5.6
21286,0.9891,0,WARNING,29.8,7.1,27.2,6.8
21287,0.5916,0,NORMAL,28.9,7.4,29.1,7.9
21288,0.9984,0,WARNING,28.7,7.5,27.6,5.9
21289,0.9891,0,WARNING,29.3,7.4,28.6,7.1
21290,0.989,0,WARNING,29.2,7.7,28.6,7.2
21291,0.5803,0,NORMAL,28.5,7.8,28.9,7.9
21292,0.9984,0,WARNING,27.7,7.8,28.8,5.9
21293,0.989,0,WARNING,27.2,7.3,27.2,6.9
21294,0.5411,0,NORMAL,27.2,7.6,29.0,7.9
21295,0.9984,0,WARNING,27.4,7.7,27.8,6.1
21296,0.5272,0,NORMAL,27.1,7.8,29.2,8.0
21297,0.9891,0,WARNING,28.4,7.9,27.6,6.6
21298,0.9891,0,WARNING,28.9,7.7,29.0,7.3
21299,0.9891,0,WARNING,29.9,7.8,27.6,6.9
21300,0.9984,0,WARNING,28.7,6.9,24.8,5.1
21301,0.9891,0,WARNING,28.4,4.4,18.4,4.0
21302,0.991,0,WARNING,29.9,11.8,27.1,8.0
21303,0.576,0,NORMAL,29.9,7.2,27.3,7.5
21304,0.9984,0,WARNING,28.9,7.0,27.7,6.2
21305,0.9891,0,WARNING,29.4,7.4,27.7,7.0
21306,0.9891,0,WARNING,30.3,7.3,28.1,7.0
21307,0.9984,0,WARNING,31.0,9.1,28.6,7.3
21308,1.0,0,ANOMALY,35.4,15.0,39.7,18.7
21309,0.9955,0,WARNING,34.8,13.3,37.0,12.6
21310,0.9986,0,WARNING,33.0,9.5,31.9,10.1
21311,0.9884,0,WARNING,29.2,7.3,28.1,7.1
21312,0.9887,0,WARNING,28.4,6.6,27.6,7.0
21313,0.9889,0,WARNING,29.7,7.1,25.8,6.2
21314,0.9984,0,WARNING,29.4,8.0,30.0,6.9
21315,0.9984,0,WARNING,30.2,7.8,28.5,6.2
21316,0.6178,0,WARNING,30.4,7.5,28.1,7.5
21317,0.9984,0,WARNING,29.7,7.6,27.8,6.0
21318,0.9984,0,WARNING,30.3,7.0,27.3,5.9
21319,0.9984,0,WARNING,29.5,7.2,28.0,6.2
21320,0.989,0,WARNING,29.0,7.8,28.6,7.3
21321,0.989,0,WARNING,29.2,7.1,27.1,6.9
21322,0.9984,0,WARNING,28.8,7.7,28.2,5.7
21323,0.9984,0,WARNING,29.0,7.4,27.6,5.5
21324,0.6021,0,WARNING,28.7,7.6,27.5,7.4
21325,0.5899,0,NORMAL,28.1,7.4,27.5,7.4
21326,0.9984,0,WARNING,28.5,7.7,28.1,6.1
21327,0.9984,0,WARNING,30.3,7.6,28.0,6.2
21328,0.9984,0,WARNING,30.2,7.4,27.3,5.9
21329,0.9984,0,WARNING,30.5,7.8,28.0,6.1
21330,0.9749,0,WARNING,29.0,7.3,27.5,6.7
21331,0.9984,0,WARNING,29.4,7.2,27.7,6.1
21332,0.9891,0,WARNING,31.1,7.3,27.8,7.0
21333,0.632,0,WARNING,31.4,7.9,28.1,7.3
21334,0.6658,0,WARNING,33.7,7.3,27.5,7.4
21335,0.9984,0,WARNING,31.9,7.6,28.3,5.7
21336,0.9984,0,WARNING,31.6,7.1,27.8,5.6
21337,0.9984,0,WARNING,32.0,7.9,27.3,5.9
21338,0.693,0,WARNING,32.8,7.4,27.7,7.5
21339,0.9984,0,WARNING,32.9,8.0,27.7,5.5
21340,0.9889,0,WARNING,32.7,7.2,27.4,6.9
21341,0.9984,0,WARNING,33.1,7.2,27.6,5.5
21342,0.7246,0,WARNING,33.4,7.7,27.7,7.4
21343,0.9889,0,WARNING,33.3,7.5,27.4,6.6
21344,0.7323,0,WARNING,32.6,5.9,25.0,6.5
21345,0.989,0,WARNING,25.6,1.3,16.5,3.5
21346,0.9983,0,WARNING,23.0,0.9,16.1,1.9
21347,0.9898,0,WARNING,22.3,1.2,16.5,3.4
21348,0.99,0,WARNING,22.6,1.5,16.6,3.5
21349,0.9901,0,WARNING,24.3,1.7,16.7,3.4
21350,0.9901,0,WARNING,23.5,2.1,17.0,3.4
21351,0.9982,0,WARNING,25.6,2.7,17.5,2.2
21352,0.99,0,WARNING,27.4,2.9,17.1,3.4
21353,0.8887,0,WARNING,28.5,5.2,18.4,4.2
21354,0.9983,0,WARNING,22.4,1.4,17.1,2.7
21355,0.9982,0,WARNING,22.5,2.3,17.0,2.2
21356,0.9982,0,WARNING,23.6,4.1,19.0,2.9
21357,0.9982,0,WARNING,31.4,7.3,20.6,2.7
21358,0.8073,0,WARNING,32.1,7.9,21.0,4.6
21359,0.8934,0,WARNING,30.1,6.5,20.1,4.2
21360,0.6633,0,WARNING,26.4,5.4,22.8,5.7
21361,0.9896,0,WARNING,21.6,1.3,16.8,3.5
21362,0.9898,0,WARNING,31.5,7.6,24.6,5.5
21363,0.9983,0,WARNING,32.5,7.2,25.4,4.7
21364,0.9984,0,WARNING,32.8,7.5,26.3,5.5
21365,0.9984,0,WARNING,34.4,8.3,28.4,6.2
21366,0.6668,0,WARNING,36.9,8.1,28.0,7.3
21367,0.9984,0,WARNING,36.5,8.9,29.1,7.0
21368,1.0,0,ANOMALY,39.0,15.4,30.8,13.6
21369,1.0,0,WARNING,37.9,15.6,32.6,10.3
21370,0.9985,0,WARNING,38.5,10.0,36.6,10.5
21371,0.9999,0,WARNING,36.2,9.8,33.4,13.1
21372,0.9985,0,WARNING,34.6,8.7,27.5,5.8
21373,0.9985,0,WARNING,34.6,8.1,26.8,5.6
21374,0.9754,0,WARNING,31.7,6.0,23.1,5.2
21375,0.9984,0,WARNING,32.1,7.8,28.1,6.0
21376,0.9984,0,WARNING,35.1,8.7,28.1,5.5
21377,0.9984,0,WARNING,29.1,5.5,22.4,3.7
21378,0.9892,0,WARNING,28.3,4.1,20.3,4.4
21379,0.9894,0,WARNING,34.3,8.3,25.9,6.3
21380,0.9984,0,WARNING,29.9,7.4,27.5,5.6
21381,0.6823,0,WARNING,30.3,7.5,27.6,7.5
21382,0.6793,0,WARNING,30.4,7.6,27.7,7.4
21383,0.6686,0,WARNING,29.6,7.4,27.7,7.5
21384,0.9984,0,WARNING,30.9,7.5,28.0,6.2
21385,0.9984,0,WARNING,30.7,7.5,27.3,5.2
21386,0.989,0,WARNING,30.1,7.6,28.8,7.2
21387,0.9984,0,WARNING,28.8,8.0,28.9,5.9
21388,0.9984,0,WARNING,30.5,7.7,27.8,5.6
21389,0.9984,0,WARNING,29.6,7.3,26.7,5.2
21390,0.6438,0,WARNING,29.5,8.2,28.1,7.7
21391,0.9984,0,WARNING,24.7,2.5,16.5,1.8
21392,0.9983,0,WARNING,22.5,1.0,15.8,1.9
21393,0.9898,0,WARNING,20.6,0.9,16.4,3.4
21394,0.7999,0,WARNING,22.5,4.1,18.8,4.1
21395,0.5321,0,NORMAL,29.1,9.6,29.3,7.4
21396,0.9983,0,WARNING,29.9,8.0,27.3,5.8
21397,0.9894,0,WARNING,29.6,8.6,28.6,7.2
21398,0.5542,0,NORMAL,30.7,8.2,28.1,7.4
21399,0.9984,0,WARNING,33.3,8.4,28.2,5.7
21400,0.9985,0,WARNING,30.0,7.6,27.1,5.3
21401,0.5794,0,NORMAL,29.1,7.6,27.2,7.2
21402,0.989,0,WARNING,27.8,7.3,27.4,6.9
21403,0.9984,0,WARNING,27.6,7.7,27.7,5.4
21404,0.9984,0,WARNING,28.0,7.6,27.6,6.0
21405,0.5513,0,NORMAL,27.7,7.9,28.4,7.7
21406,0.5348,0,NORMAL,26.6,7.7,27.8,7.5
21407,0.9984,0,WARNING,26.5,7.4,27.4,5.6
21408,0.9984,0,WARNING,28.2,6.7,25.7,5.3
21409,0.9745,0,WARNING,27.5,7.6,27.5,6.7
21410,0.9984,0,WARNING,28.3,8.3,28.6,5.9
21411,0.9984,0,WARNING,28.3,7.2,27.1,5.2
21412,0.9984,0,WARNING,27.7,7.1,27.2,5.7
21413,0.9891,0,WARNING,28.7,7.3,27.7,7.0
21414,0.9984,0,WARNING,29.0,6.6,25.1,5.7
21415,0.9984,0,WARNING,28.7,7.8,28.0,6.1
21416,0.9984,0,WARNING,28.7,8.2,29.2,6.1
21417,0.989,0,WARNING,28.0,7.8,28.3,7.1
21418,0.9984,0,WARNING,28.0,7.9,27.8,6.1
21419,0.5343,0,NORMAL,27.5,7.8,29.1,7.9
21420,0.9984,0,WARNING,28.5,8.1,29.4,6.5
21421,0.5311,0,NORMAL,27.6,7.3,27.9,7.4
21422,0.5275,0,NORMAL,27.7,7.7,28.6,7.5
21423,0.527,0,NORMAL,27.1,7.9,30.0,8.2
21424,0.989,0,WARNING,26.5,7.6,28.5,7.2
21425,0.5053,0,NORMAL,26.6,7.5,28.0,7.5
21426,0.9984,0,WARNING,27.4,7.8,28.4,6.3
21427,0.706,0,WARNING,29.0,9.4,29.0,8.8
21428,1.0,0,ANOMALY,32.7,19.4,40.0,19.9
21429,0.9985,0,WARNING,29.8,8.6,35.4,9.3
21430,1.0,0,WARNING,28.4,12.3,33.7,12.4
21431,0.9885,0,WARNING,28.4,7.0,28.1,7.1
21432,0.9985,0,WARNING,25.2,5.0,23.2,4.5
21433,0.9984,0,WARNING,30.0,7.0,26.8,5.1
21434,0.5393,0,NORMAL,28.6,7.4,28.3,7.7
21435,0.9984,0,WARNING,28.0,8.0,30.3,6.4
21436,0.9984,0,WARNING,28.3,6.5,26.0,5.0
21437,0.9984,0,WARNING,28.7,6.5,25.9,4.8
21438,0.9891,0,WARNING,28.6,7.5,28.3,7.0
21439,0.5679,0,NORMAL,29.0,7.9,29.0,7.8
21440,0.5721,0,NORMAL,29.5,7.9,29.7,8.1
21441,0.9889,0,WARNING,31.5,7.6,29.4,7.5
21442,0.9984,0,WARNING,32.2,7.6,28.9,6.0
21443,0.9984,0,WARNING,31.6,7.5,29.8,6.3
21444,0.6503,0,WARNING,31.2,7.7,28.6,7.8
21445,0.9984,0,WARNING,31.1,7.8,29.5,6.1
21446,0.6776,0,WARNING,33.0,7.5,29.4,8.0
21447,0.9984,0,WARNING,33.0,7.6,28.6,5.7
21448,0.9984,0,WARNING,32.2,7.7,30.6,6.5
21449,0.9984,0,WARNING,31.4,7.7,29.0,6.0
21450,0.9888,0,WARNING,32.3,6.3,25.8,6.3
21451,0.9984,0,WARNING,30.9,7.5,29.0,6.5
21452,0.9984,0,WARNING,30.8,6.2,24.0,4.2
21453,0.9984,0,WARNING,29.8,7.5,30.7,6.6
21454,0.6798,0,WARNING,30.4,7.7,28.7,7.7
21455,0.9984,0,WARNING,28.5,6.3,26.4,5.5
21456,0.6548,0,WARNING,28.3,5.9,26.3,6.8
21457,0.6671,0,WARNING,30.7,7.8,29.2,7.8
21458,0.9984,0,WARNING,30.1,7.5,30.4,6.9
21459,0.9984,0,WARNING,30.4,7.1,28.2,5.8
21460,0.9749,0,WARNING,30.1,7.4,28.3,7.0
21461,0.6701,0,WARNING,31.0,8.1,30.4,8.3
21462,0.9984,0,WARNING,29.5,7.3,28.3,6.2
21463,0.9984,0,WARNING,29.9,7.7,30.4,6.4
21464,0.9984,0,WARNING,30.1,7.6,28.5,6.3
21465,0.6614,0,WARNING,29.9,7.3,28.3,7.6
21466,0.6736,0,WARNING,30.7,7.8,29.6,8.0
21467,0.9889,0,WARNING,29.7,7.2,29.0,7.4
21468,0.9984,0,WARNING,29.0,6.9,27.9,5.6
21469,0.989,0,WARNING,29.7,7.2,28.4,7.2
21470,0.9984,0,WARNING,29.2,8.1,30.2,7.3
21471,0.9984,0,WARNING,30.2,7.8,29.2,6.0
21472,0.9984,0,WARNING,28.8,7.5,29.7,6.2
21473,0.9889,0,WARNING,29.6,7.2,28.0,6.9
21474,0.9984,0,WARNING,29.6,7.3,28.0,5.4
21475,0.9984,0,WARNING,28.6,7.7,30.8,7.2
21476,0.9984,0,WARNING,29.0,7.8,29.7,6.7
21477,0.6303,0,WARNING,28.7,7.9,29.1,8.0
21478,0.9984,0,WARNING,27.7,7.7,29.5,6.6
21479,0.6082,0,WARNING,27.8,7.8,29.1,7.9
21480,0.9984,0,WARNING,28.8,7.9,29.9,6.8
21481,0.6062,0,WARNING,28.5,7.8,28.8,7.7
21482,0.9984,0,WARNING,28.6,7.7,29.7,6.1
21483,0.597,0,NORMAL,28.2,7.8,28.5,7.6
21484,0.5941,0,NORMAL,28.3,7.9,30.0,8.3
21485,0.9984,0,WARNING,28.2,8.1,30.0,6.8
21486,0.5841,0,NORMAL,28.5,8.1,30.2,8.2
21487,0.9984,0,WARNING,29.9,9.3,29.2,7.7
21488,1.0,0,ANOMALY,34.7,15.2,37.4,16.9
21489,0.9985,0,WARNING,32.0,11.8,37.4,11.0
21490,1.0,0,WARNING,29.8,8.8,33.0,12.7
21491,0.9985,0,WARNING,29.0,7.5,29.5,6.0
21492,0.9985,0,WARNING,28.7,7.3,28.5,6.4
21493,0.6062,0,WARNING,28.9,7.8,30.7,8.4
21494,0.5954,0,NORMAL,28.2,7.3,28.0,7.5
21495,0.6048,0,WARNING,29.4,7.5,30.8,8.4
21496,0.9984,0,WARNING,27.4,6.0,24.9,5.0
21497,0.9984,0,WARNING,29.2,5.8,24.5,4.8
21498,0.9984,0,WARNING,30.4,6.7,26.6,5.6
21499,0.9984,0,WARNING,28.5,6.4,24.0,4.1
21500,0.9984,0,WARNING,29.4,7.4,28.8,6.3
21501,0.6843,0,WARNING,28.0,5.0,23.5,6.1
21502,0.9984,0,WARNING,22.0,1.2,12.7,1.7
21503,0.8058,0,WARNING,27.5,5.6,20.8,5.5
21504,0.6603,0,WARNING,29.8,6.3,20.5,5.1
21505,0.998,0,WARNING,32.4,12.0,26.3,8.3
21506,0.9984,0,WARNING,29.4,5.7,25.4,6.4
21507,0.9892,0,WARNING,32.0,5.0,22.3,4.9
21508,0.9993,0,WARNING,29.5,11.7,26.2,7.6
21509,0.9891,0,WARNING,31.7,6.9,26.4,6.6
21510,0.9891,0,WARNING,29.1,3.5,18.3,3.8
21511,1.0,0,ANOMALY,36.6,19.3,27.5,8.8
21512,0.9888,0,WARNING,34.3,7.2,29.6,7.6
21513,0.6772,0,WARNING,33.7,7.1,28.7,7.7
21514,0.6623,0,WARNING,28.9,5.5,27.6,7.7
21515,0.9984,0,WARNING,31.0,5.0,23.1,4.5
21516,0.9984,0,WARNING,32.2,4.0,19.0,3.1
21517,0.9968,0,WARNING,29.7,11.5,27.8,8.8
21518,0.6726,0,WARNING,32.0,6.3,28.7,7.8
21519,0.677,0,WARNING,33.2,7.2,28.8,7.9
21520,0.7011,0,WARNING,37.1,7.6,28.4,7.6
21521,0.9985,0,WARNING,26.6,6.3,28.7,6.5
21522,0.6619,0,WARNING,27.9,5.6,24.8,6.6
21523,0.9891,0,WARNING,23.3,2.5,17.8,3.8
21524,1.0,0,ANOMALY,36.7,19.2,27.9,7.4
21525,0.6497,0,WARNING,27.5,6.9,29.1,8.4
21526,0.6183,0,WARNING,23.9,5.6,26.9,7.6
21527,0.9984,0,WARNING,22.4,6.0,27.6,7.3
21528,0.818,0,WARNING,29.7,4.3,20.8,5.0
21529,0.9894,0,WARNING,23.8,9.2,27.7,8.5
21530,0.9984,0,WARNING,30.8,7.2,27.8,6.1
21531,0.9891,0,WARNING,24.6,6.1,28.3,7.2
21532,0.5553,0,NORMAL,26.8,6.4,27.9,7.6
21533,0.9891,0,WARNING,29.1,7.0,28.5,7.2
21534,0.5678,0,NORMAL,28.4,6.8,28.9,7.8
21535,0.5609,0,NORMAL,27.5,6.1,27.0,7.2
21536,0.9984,0,WARNING,23.4,6.4,28.5,6.5
21537,0.9984,0,WARNING,31.0,6.8,27.6,6.1
21538,0.9984,0,WARNING,35.6,6.8,28.6,5.9
21539,0.9984,0,WARNING,33.0,7.0,28.5,6.3
21540,0.9984,0,WARNING,35.0,7.2,28.3,5.9
21541,0.9984,0,WARNING,30.2,7.0,28.8,6.5
21542,0.9984,0,WARNING,33.7,6.4,27.1,5.5
21543,0.6516,0,WARNING,30.3,6.9,28.4,7.7
21544,0.9984,0,WARNING,34.9,7.0,28.5,6.5
21545,0.6933,0,WARNING,32.7,6.5,28.7,8.0
21546,0.694,0,WARNING,32.7,6.0,27.0,7.2
21547,0.9984,0,WARNING,35.8,10.1,30.3,8.2
21548,1.0,0,ANOMALY,30.1,9.4,30.8,12.8
21549,1.0,0,ANOMALY,34.3,16.2,40.7,17.0
21550,0.9921,0,WARNING,36.2,8.1,35.2,10.9
21551,1.0,0,WARNING,35.3,9.0,35.7,16.2
21552,0.9882,0,WARNING,36.3,6.6,28.0,7.0
21553,0.9985,0,WARNING,32.5,5.8,25.8,5.5
21554,0.9984,0,WARNING,36.3,6.4,27.3,5.9
21555,0.9984,0,WARNING,35.8,7.0,29.8,7.3
21556,0.9984,0,WARNING,38.7,7.2,30.3,7.0
21557,0.7904,0,WARNING,38.2,7.7,28.9,7.9
21558,0.7944,0,WARNING,37.5,7.0,28.5,7.7
21559,0.7923,0,WARNING,35.0,9.1,30.0,8.2
21560,0.9985,0,WARNING,33.1,6.8,27.9,6.0
21561,0.9984,0,WARNING,36.1,7.8,28.6,5.7
21562,0.8171,0,WARNING,40.3,7.1,28.7,7.9
21563,0.9755,0,WARNING,40.5,7.1,28.6,7.1
21564,0.9985,0,WARNING,37.0,7.2,29.3,6.6
21565,0.8259,0,WARNING,37.0,7.2,28.6,7.8
21566,0.8173,0,WARNING,34.4,7.3,29.8,8.2
21567,0.8379,0,WARNING,41.3,7.0,27.6,7.3
21568,0.8442,0,WARNING,40.0,7.1,28.4,7.7
21569,0.8504,0,WARNING,40.7,7.4,28.5,7.5
21570,0.9758,0,WARNING,34.2,7.2,28.9,7.1
21571,0.9984,0,WARNING,38.0,7.3,29.0,6.4
21572,0.9887,0,WARNING,38.2,7.3,28.9,7.4
21573,0.9887,0,WARNING,39.1,7.6,28.8,7.3
21574,0.9984,0,WARNING,37.6,7.2,28.9,6.5
21575,0.9887,0,WARNING,39.4,6.8,28.2,7.0
21576,0.9985,0,WARNING,31.8,5.5,25.8,5.5
21577,0.9984,0,WARNING,37.5,7.4,28.9,6.6
21578,0.9984,0,WARNING,39.2,7.9,29.3,6.5
21579,0.8531,0,WARNING,39.1,6.8,29.3,7.9
21580,0.8504,0,WARNING,38.5,7.5,29.4,8.0
21581,0.9985,0,WARNING,39.3,7.4,28.4,5.8
21582,0.8459,0,WARNING,36.1,7.4,29.5,8.1
21583,0.9985,0,WARNING,36.9,6.9,27.2,5.8
21584,0.9984,0,WARNING,35.1,7.1,28.2,6.3
21585,0.9984,0,WARNING,32.6,5.6,25.4,5.4
21586,0.9984,0,WARNING,37.7,6.6,28.3,6.3
21587,0.9984,0,WARNING,34.4,7.0,30.1,6.8
21588,0.9984,0,WARNING,33.7,7.0,28.8,6.3
21589,0.8345,0,WARNING,37.5,6.9,27.7,7.5
21590,0.9984,0,WARNING,35.1,7.5,28.7,6.5
21591,0.9984,0,WARNING,39.6,6.9,27.0,5.3
21592,0.9984,0,WARNING,34.0,6.6,29.0,6.5
21593,0.9984,0,WARNING,36.8,7.2,27.6,6.1
21594,0.9984,0,WARNING,40.2,7.4,28.5,6.4
21595,0.9755,0,WARNING,39.7,7.0,28.3,7.0
21596,0.9984,0,WARNING,36.0,6.7,28.2,5.6
21597,0.8464,0,WARNING,36.2,6.0,27.9,7.4
21598,0.9984,0,WARNING,34.1,7.0,28.2,6.3
21599,0.9984,0,WARNING,38.2,7.5,28.6,6.4
21600,0.9888,0,WARNING,37.0,7.5,28.3,6.6
21601,0.9984,0,WARNING,40.1,7.4,29.1,6.1
21602,0.8516,0,WARNING,39.3,6.7,26.9,7.3
21603,0.9985,0,WARNING,36.0,5.3,25.3,4.9
21604,0.8394,0,WARNING,34.7,7.1,28.3,7.7
21605,0.9984,0,WARNING,31.9,6.8,30.5,6.9
21606,0.9889,0,WARNING,37.1,7.3,28.1,6.8
21607,0.8759,0,WARNING,38.1,8.8,28.5,8.9
21608,1.0,0,ANOMALY,41.0,8.5,26.4,8.6
21609,1.0,0,ANOMALY,38.9,15.4,36.1,14.6
21610,0.9975,0,WARNING,36.4,8.5,36.6,11.7
21611,1.0,0,WARNING,33.8,8.9,27.5,10.5
21612,0.9985,0,WARNING,34.7,7.1,31.6,8.8
21613,0.9754,0,WARNING,35.9,5.4,23.1,5.3
21614,0.9984,0,WARNING,34.9,5.9,24.5,4.8
21615,0.8058,0,WARNING,32.1,7.2,29.5,8.0
21616,0.8161,0,WARNING,36.4,7.2,27.9,7.5
21617,0.9984,0,WARNING,36.0,7.0,29.8,6.2
21618,0.9984,0,WARNING,35.6,6.9,29.0,6.0
21619,0.9984,0,WARNING,35.9,7.6,29.0,6.0
21620,0.9984,0,WARNING,37.9,7.8,29.2,6.2
21621,0.9985,0,WARNING,32.9,6.8,28.1,6.3
21622,0.9984,0,WARNING,35.0,7.0,28.2,6.2
21623,0.9889,0,WARNING,35.8,6.9,27.7,7.0
21624,0.824,0,WARNING,38.9,7.5,28.2,7.6
21625,0.9985,0,WARNING,37.2,6.8,29.3,6.5
21626,0.9984,0,WARNING,35.9,7.0,29.2,6.1
21627,0.9888,0,WARNING,39.5,7.7,29.5,7.5
21628,0.9984,0,WARNING,36.0,6.7,28.8,6.1
21629,0.83,0,WARNING,36.8,6.8,28.3,7.7
21630,0.9984,0,WARNING,34.9,7.3,30.0,6.3
21631,0.9984,0,WARNING,35.7,7.5,28.0,6.1
21632,0.9984,0,WARNING,34.2,6.6,29.5,6.1
21633,0.8147,0,WARNING,36.0,7.4,29.0,7.8
21634,0.8159,0,WARNING,36.0,7.4,27.9,7.3
21635,0.9888,0,WARNING,33.2,6.2,28.7,7.3
21636,0.9984,0,WARNING,37.3,6.9,27.2,5.4
21637,0.9984,0,WARNING,38.5,7.1,27.4,5.5
21638,0.9888,0,WARNING,38.0,6.7,28.3,7.2
21639,0.9984,0,WARNING,33.8,6.1,27.2,6.1
21640,0.9984,0,WARNING,35.2,7.2,27.9,6.1
21641,0.9984,0,WARNING,31.5,6.6,27.3,5.9
21642,0.989,0,WARNING,30.9,6.5,28.2,6.9
21643,0.9984,0,WARNING,32.1,6.9,27.4,5.2
21644,0.8043,0,WARNING,38.3,7.2,28.6,7.8
21645,0.9984,0,WARNING,37.9,7.3,28.1,6.3
21646,0.8759,0,WARNING,38.0,8.6,27.5,7.3
21647,0.8164,0,WARNING,37.3,7.1,28.5,7.7
21648,0.9985,0,WARNING,37.8,6.9,28.0,5.7
21649,0.8235,0,WARNING,35.8,8.6,28.9,7.9
21650,0.8242,0,WARNING,37.2,7.5,27.5,7.3
21651,0.9888,0,WARNING,37.8,6.6,27.0,6.7
21652,0.9984,0,WARNING,37.5,6.7,28.3,6.2
21653,0.8419,0,WARNING,39.7,6.7,27.5,7.5
21654,0.8349,0,WARNING,36.3,6.9,27.8,7.5
21655,0.8383,0,WARNING,36.6,6.9,28.2,7.7
21656,0.9753,0,WARNING,34.5,6.4,28.7,7.1
21657,0.8248,0,WARNING,35.5,6.4,27.2,7.3
21658,0.9984,0,WARNING,36.5,6.9,27.7,6.1
21659,0.9984,0,WARNING,37.4,7.2,28.1,5.7
21660,0.9888,0,WARNING,37.7,6.2,27.3,6.7
21661,0.9889,0,WARNING,34.0,6.0,27.9,7.0
21662,0.9984,0,WARNING,35.4,6.7,27.5,6.1
21663,0.9984,0,WARNING,34.6,6.9,27.5,5.9
21664,0.9984,0,WARNING,37.4,6.5,28.1,6.2
21665,0.8219,0,WARNING,34.8,7.4,29.4,8.1
21666,0.9984,0,WARNING,34.3,6.3,26.3,5.5
21667,0.8311,0,WARNING,41.4,8.2,29.2,9.1
21668,1.0,0,ANOMALY,40.1,8.4,34.4,13.6
21669,1.0,0,WARNING,37.2,16.1,42.2,15.6
21670,1.0,0,ANOMALY,41.3,9.0,29.5,11.6
21671,0.9996,0,WARNING,42.7,15.8,33.9,11.9
21672,0.9881,0,WARNING,29.0,3.6,22.1,5.2
21673,0.8221,0,WARNING,36.1,6.3,27.5,7.5
21674,0.9984,0,WARNING,35.4,7.2,28.3,6.3
21675,0.9888,0,WARNING,35.0,6.7,28.5,7.1
21676,0.807,0,WARNING,34.2,6.6,29.8,8.2
21677,0.9888,0,WARNING,34.6,7.3,30.4,7.8
21678,0.7931,0,WARNING,31.3,6.9,29.0,7.8
21679,0.9889,0,WARNING,30.4,6.1,27.6,6.9
21680,0.9984,0,WARNING,33.7,7.2,27.5,5.4
21681,0.8088,0,WARNING,40.3,7.6,27.6,7.4
21682,0.8082,0,WARNING,36.8,6.9,28.3,7.6
21683,0.9888,0,WARNING,37.4,6.7,28.4,7.2
21684,0.9985,0,WARNING,36.3,6.8,26.8,5.7
21685,0.9984,0,WARNING,35.5,6.6,27.5,6.0
21686,0.9984,0,WARNING,34.3,6.5,28.0,6.2
21687,0.9889,0,WARNING,37.1,6.2,28.0,7.0
21688,0.8005,0,WARNING,33.8,6.2,27.8,7.4
21689,0.9889,0,WARNING,35.9,6.8,28.0,7.0
21690,0.7964,0,WARNING,35.2,7.1,28.2,7.5
21691,0.9984,0,WARNING,36.9,6.5,28.2,6.3
21692,0.7974,0,WARNING,33.8,6.7,28.8,7.8
21693,0.9889,0,WARNING,33.6,6.2,26.9,6.7
21694,0.9984,0,WARNING,34.9,6.6,29.0,6.6
21695,0.9984,0,WARNING,35.6,6.5,28.0,6.2
21696,0.9984,0,WARNING,36.1,6.2,27.1,5.3
21697,0.9889,0,WARNING,34.6,7.0,29.2,7.3
21698,0.8075,0,WARNING,37.1,6.5,26.6,7.0
21699,0.8049,0,WARNING,34.8,6.1,28.1,7.5
21700,0.7963,0,WARNING,33.9,7.2,28.7,7.7
21701,0.7981,0,WARNING,36.7,7.3,28.2,7.6
21702,0.9985,0,WARNING,36.1,6.8,28.4,6.4
21703,0.9888,0,WARNING,34.5,6.3,28.6,7.2
21704,0.9984,0,WARNING,34.6,6.5,27.8,6.1
21705,0.8044,0,WARNING,36.3,6.9,28.1,7.6
21706,0.9888,0,WARNING,34.4,6.6,28.2,7.1
21707,0.9984,0,WARNING,34.1,6.0,27.6,5.4
21708,0.9984,0,WARNING,32.9,6.4,28.7,5.9
21709,0.9984,0,WARNING,33.5,7.0,27.8,6.2
21710,0.9984,0,WARNING,32.2,6.4,27.4,5.3
21711,0.9984,0,WARNING,29.7,6.5,28.2,5.8
21712,0.7551,0,WARNING,32.5,6.0,27.3,7.5
21713,0.9891,0,WARNING,29.4,6.4,28.9,7.4
21714,0.9984,0,WARNING,32.9,6.6,27.7,6.1
21715,0.989,0,WARNING,30.6,6.1,27.5,6.9
21716,0.989,0,WARNING,32.3,6.9,29.2,7.3
21717,0.7483,0,WARNING,35.2,6.9,26.7,7.1
21718,0.7485,0,WARNING,34.3,7.5,28.5,7.7
21719,0.7638,0,WARNING,35.6,6.8,27.6,7.3
21720,0.9985,0,WARNING,33.5,7.0,28.7,6.5
21721,0.7662,0,WARNING,35.1,6.6,27.5,7.5
21722,0.9984,0,WARNING,37.6,7.1,27.5,5.5
21723,0.7793,0,WARNING,35.6,6.8,28.1,7.5
21724,0.7707,0,WARNING,35.0,6.5,27.8,7.4
21725,0.9889,0,WARNING,33.3,6.7,28.4,7.1
21726,0.9889,0,WARNING,34.3,7.2,29.0,6.6
21727,0.7712,0,WARNING,36.8,7.9,27.7,8.7
21728,1.0,0,ANOMALY,41.3,15.8,41.6,19.6
21729,0.9857,0,WARNING,35.9,9.7,36.5,11.2
21730,1.0,0,ANOMALY,33.7,13.8,34.7,14.5
21731,0.7704,0,WARNING,33.0,6.5,28.0,7.6
21732,0.9885,0,WARNING,27.9,2.0,17.0,3.4
21733,0.7548,0,WARNING,33.4,7.5,30.6,8.2
21734,0.7501,0,WARNING,32.0,6.8,30.1,8.1
21735,0.9984,0,WARNING,32.9,6.8,26.9,5.7
21736,0.975,0,WARNING,32.8,6.5,28.1,7.0
21737,0.9984,0,WARNING,29.5,2.7,18.0,2.9
21738,0.9983,0,WARNING,24.8,2.8,20.4,3.7
21739,0.9896,0,WARNING,31.7,5.6,24.0,5.5
21740,0.9983,0,WARNING,32.0,7.6,30.5,7.0
21741,0.9892,0,WARNING,32.8,7.5,30.1,7.8
21742,0.9984,0,WARNING,34.5,6.2,26.0,4.9
21743,0.989,0,WARNING,24.8,1.5,17.1,3.5
21744,0.7057,0,WARNING,32.2,6.5,26.0,6.6
21745,0.9984,0,WARNING,34.8,7.0,28.4,5.9
21746,0.9891,0,WARNING,30.1,4.7,23.1,5.5
21747,0.9892,0,WARNING,30.4,6.3,25.9,6.4
21748,0.9892,0,WARNING,29.9,5.0,25.3,6.2
21749,0.7041,0,WARNING,30.8,5.5,25.9,6.8
21750,0.9984,0,WARNING,33.1,7.4,28.8,6.4
21751,0.9891,0,WARNING,33.6,7.5,29.6,7.5
21752,0.9984,0,WARNING,33.4,7.4,29.2,6.5
21753,0.9889,0,WARNING,33.2,7.1,29.3,7.5
21754,0.7495,0,WARNING,36.0,7.4,29.8,8.2
21755,0.7628,0,WARNING,36.2,7.1,28.6,7.7
21756,0.9984,0,WARNING,35.0,6.8,29.6,6.7
21757,0.7822,0,WARNING,39.0,7.6,29.7,8.1
21758,0.7984,0,WARNING,40.4,8.0,29.9,8.1
21759,0.7876,0,WARNING,33.8,7.0,29.4,8.0
21760,0.9886,0,WARNING,38.5,7.8,28.7,7.2
21761,0.9985,0,WARNING,36.1,7.4,30.0,6.7
21762,0.9985,0,WARNING,41.3,8.2,28.2,6.0
21763,0.8075,0,WARNING,36.8,7.2,30.4,8.4
21764,0.7939,0,WARNING,32.4,7.1,30.5,8.4
21765,0.7926,0,WARNING,35.7,7.9,28.5,7.6
21766,0.9985,0,WARNING,34.1,7.2,30.2,6.9
21767,0.9984,0,WARNING,35.0,8.1,30.7,7.0
21768,0.7844,0,WARNING,34.4,7.3,29.6,8.0
21769,0.9888,0,WARNING,33.5,7.9,31.3,8.2
21770,0.7763,0,WARNING,33.1,7.8,29.3,7.8
21771,0.9888,0,WARNING,33.1,6.6,28.3,7.1
21772,0.9984,0,WARNING,36.6,7.6,29.8,6.3
21773,0.9888,0,WARNING,34.2,6.8,28.8,6.6
21774,0.7864,0,WARNING,35.4,7.2,29.8,8.2
21775,0.7853,0,WARNING,34.5,6.5,28.8,7.8
21776,0.7949,0,WARNING,37.8,7.8,29.3,7.9
21777,0.7899,0,WARNING,34.4,7.3,30.5,8.5
21778,0.9985,0,WARNING,32.8,6.7,28.4,5.6
21779,0.7807,0,WARNING,33.0,6.7,30.7,8.4
21780,0.7803,0,WARNING,34.6,7.5,28.5,7.5
21781,0.7751,0,WARNING,32.8,7.2,30.6,8.4
21782,0.7833,0,WARNING,35.2,7.1,30.2,8.3
21783,0.9985,0,WARNING,38.0,7.1,28.1,6.1
21784,0.8035,0,WARNING,37.6,7.1,29.1,8.0
21785,0.8137,0,WARNING,38.1,7.2,31.0,8.6
21786,0.9886,0,WARNING,33.3,7.0,30.9,7.3
21787,0.9984,0,WARNING,38.0,9.2,29.4,8.4
21788,1.0,0,ANOMALY,36.7,7.3,34.2,13.6
21789,1.0,0,ANOMALY,38.0,21.2,48.3,17.8
21790,0.9878,0,WARNING,35.3,7.0,29.1,7.1
21791,1.0,0,ANOMALY,36.5,12.5,34.8,15.3
21792,0.9986,0,WARNING,26.4,2.7,19.2,3.0
21793,0.9889,0,WARNING,33.0,5.6,23.9,5.5
21794,0.7787,0,WARNING,36.1,7.4,31.0,8.5
21795,0.779,0,WARNING,36.0,6.9,29.0,7.9
21796,0.7755,0,WARNING,34.7,7.3,30.8,8.4
21797,0.9985,0,WARNING,37.1,7.7,30.4,6.3
21798,0.9887,0,WARNING,40.2,7.5,28.7,7.2
21799,0.9886,0,WARNING,32.0,6.9,29.7,7.6
21800,0.9984,0,WARNING,34.8,6.9,29.4,6.2
21801,0.9984,0,WARNING,38.2,7.1,29.4,6.1
21802,0.8125,0,WARNING,38.7,7.4,30.5,8.3
21803,0.9886,0,WARNING,37.1,6.9,28.5,6.4
21804,0.8043,0,WARNING,33.1,6.1,29.4,8.1
21805,0.9984,0,WARNING,35.1,6.5,27.5,6.0
21806,0.9888,0,WARNING,35.4,7.2,29.2,7.2
21807,0.9984,0,WARNING,34.9,6.9,28.6,6.3
21808,0.9984,0,WARNING,34.1,6.5,28.2,6.3
21809,0.9984,0,WARNING,30.2,6.4,28.9,6.4
21810,0.9984,0,WARNING,32.1,5.5,25.1,4.7
21811,0.9984,0,WARNING,34.4,7.4,29.5,6.6
21812,0.9984,0,WARNING,33.8,7.0,31.4,7.3
21813,0.9984,0,WARNING,31.3,5.1,25.3,5.3
21814,0.9984,0,WARNING,31.1,6.9,29.1,6.5
21815,0.9984,0,WARNING,31.3,7.4,30.6,6.9
21816,0.9889,0,WARNING,36.6,7.3,28.9,7.1
21817,0.9985,0,WARNING,34.6,6.7,28.2,6.2
21818,0.9984,0,WARNING,33.6,7.1,28.4,6.3
21819,0.9984,0,WARNING,33.7,6.9,28.6,6.4
21820,0.9984,0,WARNING,34.1,7.4,28.7,6.2
21821,0.7591,0,WARNING,34.0,7.4,29.3,8.0
21822,0.9888,0,WARNING,30.2,7.0,28.8,7.3
21823,0.9889,0,WARNING,33.0,6.8,28.3,7.2
21824,0.9984,0,WARNING,33.7,7.2,29.4,6.5
21825,0.9984,0,WARNING,34.8,7.9,28.8,6.7
21826,0.9984,0,WARNING,35.2,7.7,29.0,6.5
21827,0.9984,0,WARNING,34.6,6.9,28.4,6.2
21828,0.7649,0,WARNING,33.7,7.2,28.7,7.8
21829,0.9984,0,WARNING,35.8,7.6,28.8,5.9
21830,0.9888,0,WARNING,35.3,7.5,29.1,7.4
21831,0.9888,0,WARNING,32.2,7.5,29.0,7.4
21832,0.9888,0,WARNING,33.5,7.3,28.3,7.0
21833,0.7696,0,WARNING,35.3,7.4,29.5,7.9
21834,0.9984,0,WARNING,34.6,7.8,29.2,6.5
21835,0.9984,0,WARNING,35.3,7.2,27.5,5.4
21836,0.9984,0,WARNING,37.5,6.8,25.2,5.1
21837,0.9984,0,WARNING,39.4,7.6,29.0,6.0
21838,0.9887,0,WARNING,36.9,7.3,28.5,7.1
21839,0.9984,0,WARNING,39.0,7.7,27.0,5.7
21840,0.8114,0,WARNING,37.4,7.9,29.5,8.1
21841,0.9985,0,WARNING,37.2,7.5,26.8,5.2
21842,0.8099,0,WARNING,35.4,7.1,26.6,6.9
21843,0.9984,0,WARNING,34.4,7.0,28.5,5.7
21844,0.9984,0,WARNING,38.3,7.7,26.4,5.5
21845,0.9889,0,WARNING,34.0,5.7,24.2,5.7
21846,0.975,0,WARNING,32.3,7.1,28.6,7.1
21847,0.9984,0,WARNING,35.4,8.3,27.4,6.6
21848,1.0,0,ANOMALY,39.6,9.7,33.7,16.0
21849,1.0,0,ANOMALY,40.7,25.5,38.6,13.7
21850,1.0,0,ANOMALY,38.5,8.1,31.7,12.6
21851,0.9985,0,WARNING,29.6,6.3,25.8,6.9
21852,0.9886,0,WARNING,29.5,4.9,22.1,4.9
21853,0.9891,0,WARNING,32.8,7.2,28.4,7.1
21854,0.9748,0,WARNING,31.8,7.1,28.6,7.1
21855,0.9984,0,WARNING,34.4,7.4,26.6,5.7
21856,0.9984,0,WARNING,33.4,7.3,29.0,6.5
21857,0.7795,0,WARNING,35.1,7.8,28.4,7.7
21858,0.9984,0,WARNING,34.4,8.2,27.0,5.6
21859,0.9984,0,WARNING,34.3,7.1,28.4,5.9
21860,0.9984,0,WARNING,34.0,7.4,26.4,5.0
21861,0.9984,0,WARNING,30.3,7.6,29.1,6.4
21862,0.763,0,WARNING,33.3,8.3,29.0,7.9
21863,0.9984,0,WARNING,34.4,7.4,28.5,6.4
21864,0.7788,0,WARNING,35.7,6.3,23.9,6.1
21865,0.7914,0,WARNING,38.1,7.9,28.7,7.7
21866,0.7871,0,WARNING,35.6,7.2,26.7,7.0
21867,0.9984,0,WARNING,37.6,7.9,27.6,6.0
21868,0.9985,0,WARNING,37.7,7.5,28.5,5.8
21869,0.9984,0,WARNING,37.7,7.3,26.3,5.5
21870,0.814,0,WARNING,39.7,8.1,28.2,7.4
21871,0.8145,0,WARNING,37.6,7.2,26.4,6.9
21872,0.8259,0,WARNING,40.5,7.4,26.0,6.9
21873,0.9888,0,WARNING,42.7,7.7,27.3,6.8
21874,0.9985,0,WARNING,40.7,7.4,27.5,6.1
21875,0.9985,0,WARNING,40.8,8.0,27.6,6.0
21876,0.9985,0,WARNING,40.7,7.4,26.6,5.2
21877,0.9985,0,WARNING,41.0,8.0,26.4,5.5
21878,0.8626,0,WARNING,43.1,7.2,27.0,7.1
21879,0.9985,0,WARNING,41.8,7.8,28.4,5.7
21880,0.9985,0,WARNING,43.2,8.1,26.4,5.5
21881,0.878,0,WARNING,43.2,7.9,28.2,7.5
21882,0.9886,0,WARNING,40.3,6.9,23.5,5.6
21883,0.9984,0,WARNING,40.3,4.1,18.1,2.3
21884,0.9981,0,WARNING,44.8,12.0,25.3,8.0
21885,0.9985,0,WARNING,44.5,8.0,26.3,5.6
21886,0.9985,0,WARNING,40.4,8.0,28.4,6.4
21887,0.8941,0,WARNING,44.6,7.6,28.0,7.5
21888,0.8887,0,WARNING,40.4,7.9,28.7,8.9
21889,0.8965,0,WARNING,44.2,7.6,26.1,6.8
21890,0.9985,0,WARNING,40.3,7.5,28.3,6.1
21891,0.9985,0,WARNING,40.2,7.9,29.1,6.5
21892,0.8893,0,WARNING,39.7,7.0,23.1,6.4
21893,0.9984,0,WARNING,40.6,7.9,28.8,6.5
21894,0.8899,0,WARNING,42.0,7.3,27.3,7.3
21895,0.8904,0,WARNING,42.1,6.9,26.6,7.1
21896,0.9757,0,WARNING,45.0,7.8,27.7,7.3
21897,0.8983,0,WARNING,41.9,7.4,28.7,7.9
21898,0.8946,0,WARNING,41.8,7.4,27.6,7.4
21899,0.9985,0,WARNING,41.4,7.4,26.5,5.6
21900,0.9985,0,WARNING,42.6,7.6,27.7,5.9
21901,0.8895,0,WARNING,38.7,7.6,27.7,7.4
21902,0.9984,0,WARNING,41.0,7.5,28.3,5.9
21903,0.9985,0,WARNING,41.5,7.4,27.5,5.9
21904,0.9985,0,WARNING,38.6,6.8,27.1,6.9
21905,0.8857,0,WARNING,40.2,7.4,28.0,7.6
21906,0.9985,0,WARNING,41.2,7.4,26.3,5.6
21907,0.8804,0,WARNING,40.3,8.4,26.7,8.4
21908,1.0,0,ANOMALY,43.0,8.5,30.6,11.7
21909,1.0,0,ANOMALY,48.8,19.9,40.2,14.2
21910,0.9741,0,WARNING,44.2,8.1,30.3,9.4
21911,0.9985,0,WARNING,34.0,6.1,21.1,5.2
21912,0.9998,0,WARNING,36.2,6.1,30.2,11.9
21913,0.8787,0,WARNING,42.0,8.2,28.4,7.7
21914,0.8854,0,WARNING,42.4,7.5,28.5,7.7
21915,0.8886,0,WARNING,42.7,8.2,27.7,7.4
21916,0.8907,0,WARNING,42.8,7.8,28.3,7.6
21917,0.8827,0,WARNING,37.9,8.2,27.8,7.4
21918,0.8909,0,WARNING,42.7,7.2,26.1,6.8
21919,0.9985,0,WARNING,41.4,7.5,26.9,5.2
21920,0.9887,0,WARNING,42.4,8.7,26.5,6.5
21921,0.9985,0,WARNING,41.8,7.7,28.6,5.8
21922,0.9985,0,WARNING,41.2,10.2,26.8,6.3
21923,0.9756,0,WARNING,39.1,7.5,28.7,8.2
21924,0.8888,0,WARNING,41.7,7.2,26.3,7.1
21925,0.9888,0,WARNING,43.4,7.3,26.7,6.6
21926,0.897,0,WARNING,43.2,8.0,28.7,7.8
21927,0.9985,0,WARNING,43.3,7.4,26.9,5.8
21928,0.9985,0,WARNING,40.8,7.7,26.9,5.7
21929,0.9985,0,WARNING,40.6,8.5,29.5,6.0
21930,0.8974,0,WARNING,45.1,8.1,26.6,7.5
21931,0.9985,0,WARNING,39.0,7.6,27.4,5.9
21932,0.9985,0,WARNING,42.3,7.7,28.4,6.4
21933,0.9985,0,WARNING,42.2,7.3,26.7,5.7
21934,0.8931,0,WARNING,40.7,7.3,27.1,7.7
21935,0.8953,0,WARNING,42.7,7.9,26.5,7.1
21936,0.9985,0,WARNING,38.0,6.4,26.6,5.2
21937,0.9888,0,WARNING,41.2,6.7,24.1,4.9
21938,0.8873,0,WARNING,38.4,6.8,28.7,7.8
21939,0.8886,0,WARNING,41.4,7.0,26.8,7.0
21940,0.9984,0,WARNING,40.8,8.9,27.5,6.5
21941,0.9985,0,WARNING,42.5,7.3,26.3,5.6
21942,0.9985,0,WARNING,44.0,7.5,27.9,7.2
21943,0.8869,0,WARNING,38.6,7.3,27.7,7.9
21944,0.9985,0,WARNING,43.8,7.4,26.9,5.8
21945,0.9015,0,WARNING,44.5,7.6,26.8,7.2
21946,0.9886,0,WARNING,44.9,8.1,29.1,7.4
21947,0.9886,0,WARNING,40.5,7.1,25.1,5.9
21948,0.9985,0,WARNING,43.0,7.7,28.7,7.3
21949,0.9985,0,WARNING,41.8,7.8,27.2,5.8
21950,0.9984,0,WARNING,41.8,7.7,27.1,5.9
21951,0.9984,0,WARNING,43.2,7.6,27.6,6.1
21952,0.9887,0,WARNING,38.8,5.7,24.4,5.8
21953,0.9984,0,WARNING,36.8,7.7,28.1,6.2
21954,0.8894,0,WARNING,40.7,6.5,27.0,7.4
21955,0.9984,0,WARNING,38.4,6.6,24.9,4.5
21956,0.9984,0,WARNING,40.9,7.6,27.3,5.9
21957,0.9984,0,WARNING,36.8,5.8,25.1,4.5
21958,0.9984,0,WARNING,35.8,6.8,27.7,5.9
21959,0.989,0,WARNING,40.8,7.0,26.0,6.5
21960,0.9984,0,WARNING,39.2,6.9,27.0,5.9
21961,0.9984,0,WARNING,39.8,7.4,27.2,6.0
21962,0.9984,0,WARNING,37.4,6.9,26.6,5.6
21963,0.9984,0,WARNING,37.9,8.0,26.9,5.8
21964,0.8483,0,WARNING,32.3,6.0,24.3,6.3
21965,0.9984,0,WARNING,36.1,8.4,29.3,7.7
21966,0.9984,0,WARNING,40.5,7.7,27.5,5.8
21967,0.9984,0,WARNING,43.8,8.7,28.0,7.2
21968,1.0,0,ANOMALY,43.8,7.2,28.3,11.2
21969,1.0,0,ANOMALY,44.4,18.7,43.9,17.5
21970,1.0,0,WARNING,47.5,7.7,28.2,9.8
21971,0.9997,0,WARNING,41.6,10.3,31.6,11.8
21972,0.9882,0,WARNING,39.9,6.9,27.2,6.1
21973,0.9884,0,WARNING,31.5,3.0,17.2,3.4
21974,0.9984,0,WARNING,40.5,8.2,28.6,6.8
21975,0.8729,0,WARNING,39.5,6.4,24.3,6.2
21976,0.8705,0,WARNING,40.3,7.5,29.0,7.7
21977,0.8726,0,WARNING,41.1,7.4,25.5,6.6
21978,0.9888,0,WARNING,37.1,7.5,29.5,7.6
21979,0.9888,0,WARNING,43.4,7.8,25.6,6.2
21980,0.9985,0,WARNING,41.3,7.4,25.0,5.1
21981,0.9888,0,WARNING,40.6,8.1,27.6,6.8
21982,0.9985,0,WARNING,44.3,7.5,26.6,5.7
21983,0.8939,0,WARNING,44.5,7.3,26.9,7.2
21984,0.9985,0,WARNING,41.3,6.9,27.1,5.9
21985,0.9985,0,WARNING,38.3,7.5,29.5,7.6
21986,0.8891,0,WARNING,41.3,7.4,27.4,7.7
21987,0.9984,0,WARNING,41.0,8.6,26.5,5.7
21988,0.9985,0,WARNING,40.7,7.4,27.3,6.4
21989,0.901,0,WARNING,45.9,7.1,25.7,6.7
21990,0.9985,0,WARNING,38.3,7.4,28.4,6.4
21991,0.8987,0,WARNING,42.7,7.4,26.7,7.1
21992,0.9985,0,WARNING,41.2,7.2,27.2,5.8
21993,0.9755,0,WARNING,41.9,7.6,27.0,6.6
21994,0.9985,0,WARNING,38.5,7.0,27.5,5.9
21995,0.8993,0,WARNING,44.4,7.9,27.0,7.2
21996,0.898,0,WARNING,42.3,7.4,27.1,7.1
21997,0.9887,0,WARNING,46.4,7.7,26.9,6.8
21998,0.9886,0,WARNING,44.9,7.3,26.9,6.7
21999,0.9985,0,WARNING,44.1,7.4,25.9,4.8
22000,0.9985,0,WARNING,38.7,7.5,29.0,6.6
22001,0.9984,0,WARNING,43.7,7.1,25.1,4.6
22002,0.9021,0,WARNING,39.2,6.7,26.8,7.2
22003,0.906,0,WARNING,43.9,8.0,27.5,7.4
22004,0.9985,0,WARNING,41.7,8.0,27.1,5.6
22005,0.9985,0,WARNING,43.5,7.9,29.1,5.9
22006,0.9985,0,WARNING,43.4,7.7,27.3,5.9
22007,0.9985,0,WARNING,44.3,7.4,26.7,5.7
22008,0.9985,0,WARNING,46.7,7.3,26.9,5.8
22009,0.9153,0,WARNING,43.6,8.2,29.2,8.5
22010,0.9985,0,WARNING,42.3,7.1,25.5,5.7
22011,0.9984,0,WARNING,44.3,7.4,27.2,6.4
22012,0.9984,0,WARNING,41.6,7.5,27.2,5.8
22013,0.9178,0,WARNING,45.5,8.0,27.2,7.8
22014,0.9985,0,WARNING,47.9,7.6,27.2,5.3
22015,0.9885,0,WARNING,41.3,7.2,27.7,6.8
22016,0.9886,0,WARNING,43.6,7.6,27.0,6.7
22017,0.9201,0,WARNING,44.1,8.0,27.2,7.7
22018,0.9985,0,WARNING,41.6,7.5,28.0,6.7
22019,0.9141,0,WARNING,40.9,8.0,28.3,7.7
22020,0.9984,0,WARNING,43.1,7.6,26.8,5.2
22021,0.9984,0,WARNING,42.7,8.1,27.5,6.0
22022,0.9985,0,WARNING,43.8,7.1,26.5,5.7
22023,0.9985,0,WARNING,37.5,8.1,28.7,6.3
22024,0.9984,0,WARNING,43.3,7.6,27.1,5.3
22025,0.9076,0,WARNING,42.6,8.5,28.1,7.4
22026,0.9025,0,WARNING,39.4,7.8,28.3,7.7
22027,0.9606,0,WARNING,44.1,11.9,27.4,8.4
22028,1.0,0,ANOMALY,48.4,10.1,33.1,16.2
22029,1.0,0,ANOMALY,46.4,19.5,41.0,15.8
22030,1.0,0,WARNING,46.5,9.2,30.7,10.2
22031,0.9985,0,WARNING,45.9,11.8,35.3,12.2
22032,0.9986,0,WARNING,35.4,2.6,18.5,2.6
22033,0.9886,0,WARNING,37.2,8.9,28.7,7.0
22034,0.9752,0,WARNING,40.0,7.5,28.6,7.4
22035,0.9984,0,WARNING,35.1,7.0,27.8,5.5
22036,0.9984,0,WARNING,35.3,7.6,28.3,6.8
22037,0.8872,0,WARNING,41.9,8.3,28.1,7.6
22038,0.8859,0,WARNING,40.1,7.7,28.6,8.2
22039,0.9985,0,WARNING,42.9,7.7,27.4,5.5
22040,0.9887,0,WARNING,36.8,6.9,26.3,6.4
22041,0.9888,0,WARNING,40.2,7.4,26.6,6.7
22042,0.9985,0,WARNING,32.3,6.1,27.3,6.5
22043,0.989,0,WARNING,36.1,7.1,26.0,6.1
22044,0.9984,0,WARNING,36.9,7.8,27.6,6.0
22045,0.8593,0,WARNING,39.3,6.5,24.6,6.4
22046,0.8638,0,WARNING,39.5,6.4,25.8,6.8
22047,0.8697,0,WARNING,42.3,7.1,25.5,6.7
22048,0.9985,0,WARNING,38.9,7.1,25.9,5.4
22049,0.9984,0,WARNING,35.9,6.1,24.6,5.0
22050,0.9984,0,WARNING,41.8,7.5,27.4,5.4
22051,0.9984,0,WARNING,40.4,7.0,25.5,4.6
22052,0.8767,0,WARNING,42.0,7.3,27.9,7.4
22053,0.9757,0,WARNING,41.7,8.3,29.1,7.1
22054,0.9985,0,WARNING,42.2,7.3,25.7,5.4
22055,0.9985,0,WARNING,39.4,6.8,27.9,6.7
22056,0.9887,0,WARNING,42.8,6.4,25.0,6.0
22057,0.9985,0,WARNING,42.4,7.4,28.7,5.9
22058,0.9985,0,WARNING,44.3,6.7,25.2,5.1
22059,0.9985,0,WARNING,40.1,7.8,28.6,6.3
22060,0.9887,0,WARNING,46.7,7.5,25.8,6.3
22061,0.9985,0,WARNING,42.7,8.9,29.8,7.0
22062,0.9985,0,WARNING,43.2,7.4,27.9,6.1
22063,0.9985,0,WARNING,39.1,8.0,29.1,6.4
22064,0.9984,0,WARNING,42.8,9.1,27.9,6.1
22065,0.9886,0,WARNING,40.0,7.4,28.0,7.1
22066,0.9985,0,WARNING,38.0,7.4,26.6,5.6
22067,0.9887,0,WARNING,39.5,7.5,26.8,6.7
22068,0.9984,0,WARNING,36.9,7.3,29.8,6.3
22069,0.8868,0,WARNING,42.1,7.8,27.5,7.8
22070,0.9985,0,WARNING,39.1,8.9,27.2,6.7
22071,0.8806,0,WARNING,41.2,8.0,28.5,7.6
22072,0.9985,0,WARNING,44.6,7.2,27.5,5.5
22073,0.8887,0,WARNING,41.1,8.2,28.7,7.8
22074,0.9985,0,WARNING,40.1,6.9,27.1,5.9
22075,0.8955,0,WARNING,44.8,7.4,25.3,6.6
22076,0.9985,0,WARNING,38.7,7.9,28.9,7.0
22077,0.9887,0,WARNING,45.6,8.7,26.6,6.4
22078,0.9985,0,WARNING,39.0,6.7,27.3,5.5
22079,0.9984,0,WARNING,41.9,6.9,25.2,5.6
22080,0.9984,0,WARNING,40.1,6.5,24.8,4.5
22081,0.9984,0,WARNING,40.1,6.8,26.1,4.9
22082,0.9889,0,WARNING,42.4,7.0,26.0,6.2
22083,0.8872,0,WARNING,39.1,7.5,29.3,8.0
22084,0.9985,0,WARNING,45.2,7.5,26.5,5.7
22085,0.9985,0,WARNING,41.7,8.9,28.5,6.3
22086,0.9985,0,WARNING,44.7,7.9,27.8,6.1
22087,0.9985,0,WARNING,48.2,11.6,28.0,7.2
22088,1.0,0,ANOMALY,46.7,7.7,30.2,11.5
22089,1.0,0,ANOMALY,53.0,23.9,43.8,20.3
22090,0.9874,0,WARNING,47.2,8.3,30.6,7.7
22091,1.0,0,ANOMALY,48.4,14.4,32.1,14.6
22092,0.9878,0,WARNING,48.4,8.0,28.7,7.4
22093,0.9175,0,WARNING,39.6,7.2,27.7,7.5
22094,0.9759,0,WARNING,42.0,7.5,28.1,6.9
22095,0.9128,0,WARNING,43.1,7.7,25.5,6.7
22096,0.9072,0,WARNING,39.9,7.4,27.6,7.4
22097,0.9985,0,WARNING,43.9,7.9,28.0,7.7
22098,0.9132,0,WARNING,43.0,7.3,25.7,6.6
22099,0.9985,0,WARNING,38.9,7.2,28.4,6.2
22100,0.9984,0,WARNING,40.9,7.4,26.0,4.7
22101,0.9888,0,WARNING,41.5,6.7,27.0,6.7
22102,0.9984,0,WARNING,43.2,7.7,26.1,5.5
22103,0.9888,0,WARNING,40.0,7.7,27.7,6.9
22104,0.9984,0,WARNING,39.1,7.7,25.1,5.1
22105,0.9984,0,WARNING,40.1,9.0,25.0,4.6
22106,0.9984,0,WARNING,34.5,6.4,24.8,5.0
22107,0.8734,0,WARNING,37.4,6.8,27.6,7.5
22108,0.8673,0,WARNING,37.4,7.4,24.8,6.3
22109,0.8703,0,WARNING,38.4,8.3,26.2,7.2
22110,0.8639,0,WARNING,36.5,7.4,27.0,7.1
22111,0.989,0,WARNING,34.6,7.7,28.0,7.0
22112,0.8471,0,WARNING,35.2,7.0,25.6,7.2
22113,0.8445,0,WARNING,35.8,6.8,26.1,6.8
22114,0.852,0,WARNING,41.2,6.8,26.2,7.0
22115,0.9985,0,WARNING,37.7,6.0,24.3,4.9
22116,0.9984,0,WARNING,37.6,6.7,25.4,4.6
22117,0.9984,0,WARNING,41.3,7.2,25.3,5.2
22118,0.9984,0,WARNING,35.3,6.8,27.6,5.4
22119,0.8491,0,WARNING,38.0,7.4,26.7,6.9
22120,0.9889,0,WARNING,39.9,6.3,25.3,6.0
22121,0.846,0,WARNING,36.2,6.8,26.1,6.9
22122,0.9889,0,WARNING,35.3,5.9,25.0,6.0
22123,0.9984,0,WARNING,37.5,6.4,24.3,4.3
22124,0.9984,0,WARNING,40.5,6.9,25.8,5.3
22125,0.8545,0,WARNING,40.3,7.5,25.1,6.5
22126,0.9984,0,WARNING,35.1,7.0,28.1,6.1
22127,0.8405,0,WARNING,36.1,6.9,26.1,6.7
22128,0.989,0,WARNING,33.3,5.9,24.3,5.7
22129,0.9984,0,WARNING,37.9,6.3,24.3,4.3
22130,0.9984,0,WARNING,30.4,6.7,28.1,6.2
22131,0.9984,0,WARNING,38.6,6.3,22.6,3.7
22132,0.9892,0,WARNING,34.4,6.3,26.9,6.6
22133,0.8189,0,WARNING,37.0,7.5,26.6,6.9
22134,0.9984,0,WARNING,34.2,5.7,24.5,4.4
22135,0.9984,0,WARNING,41.0,6.7,24.7,5.0
22136,0.8274,0,WARNING,37.3,6.4,25.3,6.5
22137,0.989,0,WARNING,39.6,7.3,27.5,6.8
22138,0.8457,0,WARNING,41.8,6.8,25.1,6.5
22139,0.9985,0,WARNING,37.2,6.5,24.6,4.4
22140,0.9984,0,WARNING,38.8,6.8,27.9,5.7
22141,0.9984,0,WARNING,36.2,6.4,25.3,5.8
22142,0.9984,0,WARNING,34.2,5.5,24.6,4.5
22143,0.9891,0,WARNING,39.1,7.0,25.4,6.0
22144,0.9984,0,WARNING,34.8,6.5,24.8,5.0
22145,0.9984,0,WARNING,35.9,7.2,24.6,4.9
22146,0.9984,0,WARNING,38.9,6.6,25.6,5.2
22147,0.9984,0,WARNING,39.3,7.5,27.9,7.2
22148,1.0,0,WARNING,38.4,6.6,26.9,9.6
22149,1.0,0,ANOMALY,45.0,20.9,41.9,19.7
22150,0.9985,0,WARNING,42.4,7.8,32.0,7.8
22151,1.0,0,ANOMALY,45.8,13.0,28.7,11.5
22152,0.8627,0,WARNING,43.9,7.4,30.9,11.0
22153,0.8598,0,WARNING,40.1,6.7,25.5,6.7
22154,0.9985,0,WARNING,38.5,6.5,25.2,5.2
22155,0.9985,0,WARNING,36.6,6.7,27.6,5.4
22156,0.9984,0,WARNING,36.2,7.1,27.5,5.4
22157,0.9984,0,WARNING,39.6,6.6,25.0,4.6
22158,0.8616,0,WARNING,40.6,7.3,24.6,6.4
22159,0.9889,0,WARNING,36.5,6.5,28.2,7.2
22160,0.9984,0,WARNING,35.8,7.2,28.3,7.3
22161,0.8386,0,WARNING,34.5,7.6,27.3,8.4
22162,0.9984,0,WARNING,38.1,6.8,24.8,4.4
22163,0.9984,0,WARNING,37.7,6.6,24.9,4.6
22164,0.9984,0,WARNING,40.9,8.5,27.0,5.8
22165,0.8492,0,WARNING,37.8,7.4,27.6,7.3
22166,0.8473,0,WARNING,36.6,7.2,27.3,7.7
22167,0.8612,0,WARNING,42.6,6.9,24.9,6.5
22168,0.9985,0,WARNING,36.8,6.7,27.2,5.4
22169,0.86,0,WARNING,41.2,7.5,26.5,7.0
22170,0.9984,0,WARNING,39.5,7.1,25.9,5.5
22171,0.8664,0,WARNING,41.9,6.8,26.2,6.9
22172,0.9985,0,WARNING,37.6,4.9,22.4,3.8
22173,0.8595,0,WARNING,38.4,6.0,24.1,6.2
22174,0.9984,0,WARNING,37.5,6.3,25.5,5.2
22175,0.8583,0,WARNING,38.5,7.0,27.9,7.3
22176,0.9889,0,WARNING,40.1,6.8,25.0,6.0
22177,0.9984,0,WARNING,41.0,7.0,27.2,5.5
22178,0.8591,0,WARNING,37.3,7.2,27.4,7.3
22179,0.9984,0,WARNING,42.6,7.7,27.3,5.5
22180,0.9985,0,WARNING,38.9,7.5,27.2,5.9
22181,0.9984,0,WARNING,41.3,7.9,24.8,4.5
22182,0.8684,0,WARNING,39.0,7.5,26.4,7.0
22183,0.9984,0,WARNING,39.6,6.5,25.7,4.7
22184,0.9984,0,WARNING,38.9,7.1,27.3,5.9
22185,0.8649,0,WARNING,37.9,7.1,26.5,7.5
22186,0.8768,0,WARNING,42.9,7.4,26.2,6.8
22187,0.876,0,WARNING,40.6,7.5,28.7,7.9
22188,0.9985,0,WARNING,40.2,7.5,27.5,5.9
22189,0.9756,0,WARNING,43.3,7.7,27.3,6.6
22190,0.9985,0,WARNING,40.2,7.4,26.9,5.3
22191,0.9984,0,WARNING,43.7,7.3,27.6,6.1
22192,0.9985,0,WARNING,42.4,7.9,27.6,5.9
22193,0.8877,0,WARNING,40.4,7.3,27.3,7.2
22194,0.9985,0,WARNING,40.9,7.1,27.7,6.0
22195,0.9984,0,WARNING,40.8,7.0,26.7,5.2
22196,0.8792,0,WARNING,36.5,7.6,27.7,7.4
22197,0.9984,0,WARNING,39.8,7.4,27.2,5.4
22198,0.8902,0,WARNING,43.9,7.3,26.6,6.9
22199,0.8866,0,WARNING,41.6,6.8,26.2,6.9
22200,0.884,0,WARNING,38.9,7.5,28.6,7.7
22201,0.884,0,WARNING,40.9,7.7,26.9,7.6
22202,0.8809,0,WARNING,39.2,7.8,29.4,8.0
22203,0.9985,0,WARNING,38.9,7.1,27.3,5.8
22204,0.9984,0,WARNING,36.5,6.9,27.1,5.8
22205,0.9984,0,WARNING,39.9,6.2,24.4,4.9
22206,0.9984,0,WARNING,42.2,6.6,25.6,5.3
22207,0.9984,0,WARNING,40.6,8.0,29.4,8.3
22208,1.0,0,ANOMALY,47.8,17.9,38.4,20.1
22209,0.9995,0,WARNING,41.4,10.8,36.5,11.7
22210,0.988,0,WARNING,38.4,10.1,27.6,8.1
22211,1.0,0,ANOMALY,39.4,10.0,39.2,19.3
22212,0.9881,0,WARNING,39.6,7.2,27.9,6.9
22213,0.8806,0,WARNING,43.5,7.4,26.7,7.6
22214,0.8784,0,WARNING,40.7,7.0,27.4,8.3
22215,0.9985,0,WARNING,41.3,7.4,27.1,5.4
22216,0.8838,0,WARNING,42.5,7.1,27.3,7.4
22217,0.9887,0,WARNING,42.3,6.5,26.8,6.6
22218,0.9985,0,WARNING,40.7,7.1,27.3,5.4
22219,0.9985,0,WARNING,42.8,7.2,27.0,5.9
22220,0.9985,0,WARNING,40.3,9.0,28.0,6.0
22221,0.9984,0,WARNING,45.0,7.5,28.0,5.7
22222,0.9985,0,WARNING,40.1,6.1,25.0,4.9
22223,0.8924,0,WARNING,41.6,6.4,26.2,6.9
22224,0.888,0,WARNING,39.6,7.2,28.3,8.1
22225,0.8856,0,WARNING,40.7,8.6,26.4,7.0
22226,0.9984,0,WARNING,39.7,7.3,27.6,6.0
22227,0.88,0,WARNING,38.3,7.5,27.0,7.2
22228,0.8801,0,WARNING,38.3,7.1,29.1,7.9
22229,0.8731,0,WARNING,36.3,6.5,26.4,7.1
22230,0.9889,0,WARNING,35.2,6.5,26.9,6.7
22231,0.9984,0,WARNING,42.0,7.4,26.5,5.1
22232,0.9984,0,WARNING,40.5,6.7,26.9,5.2
22233,0.9984,0,WARNING,45.8,7.5,26.6,5.7
22234,0.9887,0,WARNING,39.6,6.3,26.7,6.6
22235,0.8744,0,WARNING,34.9,7.0,29.7,8.1
22236,0.9984,0,WARNING,41.7,7.4,27.0,5.3
22237,0.8858,0,WARNING,41.8,6.6,25.6,6.7
22238,0.8776,0,WARNING,37.4,6.9,28.4,7.6
22239,0.9984,0,WARNING,42.4,7.3,26.8,6.4
22240,0.9985,0,WARNING,43.5,7.1,26.7,5.7
22241,0.9888,0,WARNING,40.6,6.9,26.7,6.5
22242,0.9985,0,WARNING,44.1,7.0,26.2,4.9
22243,0.9985,0,WARNING,39.9,6.6,26.3,5.1
22244,0.9984,0,WARNING,37.4,7.5,28.1,6.3
22245,0.8751,0,WARNING,37.4,6.8,27.6,7.5
22246,0.9984,0,WARNING,44.5,7.7,26.7,5.7
22247,0.9887,0,WARNING,42.8,7.3,26.8,6.6
22248,0.9985,0,WARNING,42.8,6.5,26.4,5.2
22249,0.9887,0,WARNING,38.2,7.1,27.6,6.2
22250,0.88,0,WARNING,36.2,7.6,27.7,7.3
22251,0.8889,0,WARNING,42.4,7.2,26.6,7.0
22252,0.9985,0,WARNING,37.6,6.9,28.7,6.0
22253,0.8804,0,WARNING,40.3,7.0,28.2,7.6
22254,0.8941,0,WARNING,45.4,7.5,29.1,8.4
22255,0.9985,0,WARNING,40.8,7.7,29.4,6.5
22256,0.9985,0,WARNING,43.1,7.1,27.8,6.1
22257,0.9885,0,WARNING,40.8,7.0,30.3,7.9
22258,0.9985,0,WARNING,45.2,7.1,27.0,5.8
22259,0.8954,0,WARNING,40.1,7.2,29.2,7.8
22260,0.9886,0,WARNING,43.5,7.9,28.5,7.1
22261,0.9985,0,WARNING,43.3,7.3,28.7,6.2
22262,0.9885,0,WARNING,48.2,7.3,26.8,6.7
22263,0.9885,0,WARNING,41.2,7.7,30.4,7.9
22264,0.9985,0,WARNING,41.2,7.2,28.1,6.2
22265,0.9985,0,WARNING,44.5,6.8,26.1,5.6
22266,0.9985,0,WARNING,42.8,6.8,27.9,6.1
22267,0.9606,0,WARNING,41.1,9.9,31.0,10.3
22268,1.0,0,ANOMALY,44.8,14.4,37.6,15.2
22269,0.9985,0,WARNING,37.3,8.8,32.0,8.9
22270,1.0,0,ANOMALY,45.8,8.0,31.3,12.4
22271,0.9997,0,WARNING,43.5,9.0,34.4,12.7
22272,0.9882,0,WARNING,38.9,4.9,24.3,5.7
22273,0.9985,0,WARNING,42.3,7.4,27.5,5.5
22274,0.8955,0,WARNING,38.8,5.2,26.4,7.1
22275,0.9984,0,WARNING,44.1,7.0,27.2,5.9
22276,0.896,0,WARNING,39.3,7.1,30.0,8.2
22277,0.9985,0,WARNING,39.7,5.8,25.0,4.7
22278,0.9984,0,WARNING,43.3,7.4,29.6,6.7
22279,0.9985,0,WARNING,40.1,5.9,27.4,5.4
22280,0.9887,0,WARNING,39.5,6.3,27.4,6.8
22281,0.8855,0,WARNING,37.4,7.1,30.1,8.3
22282,0.9887,0,WARNING,41.5,5.3,22.3,5.0
22283,0.9889,0,WARNING,40.1,7.1,30.1,7.2
22284,0.9984,0,WARNING,38.9,6.7,29.6,6.9
22285,0.882,0,WARNING,38.1,6.2,27.4,7.3
22286,0.9984,0,WARNING,43.2,7.3,27.2,6.0
22287,0.9887,0,WARNING,37.1,6.7,29.3,7.5
22288,0.9887,0,WARNING,42.6,6.6,26.8,6.7
22289,0.9887,0,WARNING,44.1,6.7,27.4,6.7
22290,0.9059,0,WARNING,46.8,7.1,29.4,8.0
22291,0.9087,0,WARNING,46.0,7.1,26.8,7.2
22292,0.9137,0,WARNING,45.1,7.1,29.2,7.9
22293,0.9884,0,WARNING,38.8,2.9,19.0,4.2
22294,0.9889,0,WARNING,31.4,1.2,18.2,4.0
22295,0.9893,0,WARNING,27.6,1.1,17.9,3.9
22296,0.9896,0,WARNING,25.7,1.0,17.8,3.9
22297,0.9982,0,WARNING,24.4,1.0,17.9,2.5
22298,0.9982,0,WARNING,23.3,1.0,17.8,2.4
22299,0.99,0,WARNING,22.5,1.1,17.9,3.9
22300,0.9982,0,WARNING,30.0,3.4,21.0,3.3
22301,0.7652,0,WARNING,33.2,6.8,25.7,6.5
22302,0.9983,0,WARNING,40.4,8.2,28.6,5.6
22303,0.9984,0,WARNING,38.8,7.1,29.5,6.2
22304,0.9984,0,WARNING,41.8,6.7,27.2,6.0
22305,0.9887,0,WARNING,41.5,6.8,27.7,7.0
22306,0.9985,0,WARNING,42.9,6.9,28.5,5.8
22307,0.9885,0,WARNING,41.2,7.1,29.3,7.5
22308,0.9985,0,WARNING,45.6,7.0,28.9,5.9
22309,0.9761,0,WARNING,41.5,7.3,29.0,7.3
22310,0.868,0,WARNING,39.3,7.2,28.6,7.7
22311,0.9985,0,WARNING,31.9,3.4,20.7,3.4
22312,0.9984,0,WARNING,37.3,6.1,26.5,5.6
22313,0.8612,0,WARNING,40.3,7.3,29.0,8.0
22314,0.9984,0,WARNING,39.1,6.9,28.4,6.9
22315,0.8712,0,WARNING,42.5,7.0,28.3,7.8
22316,0.8906,0,WARNING,46.7,6.8,26.2,6.8
22317,0.9985,0,WARNING,41.6,6.8,29.2,6.0
22318,0.9985,0,WARNING,43.1,6.4,28.0,5.7
22319,0.9985,0,WARNING,40.6,6.8,28.7,6.0
22320,0.9001,0,WARNING,46.9,7.3,28.2,7.7
22321,0.9985,0,WARNING,41.6,7.0,28.8,6.5
22322,0.9885,0,WARNING,38.6,7.2,30.3,7.8
22323,0.9886,0,WARNING,43.3,7.3,27.0,6.7
22324,0.9985,0,WARNING,40.1,6.8,30.3,7.0
22325,0.9985,0,WARNING,40.1,5.8,25.4,5.4
22326,0.9754,0,WARNING,39.4,6.3,28.3,6.8
22327,0.9984,0,WARNING,39.4,8.1,29.1,7.2
22328,0.9996,0,WARNING,44.0,8.2,33.2,10.8
22329,0.9985,0,WARNING,42.8,12.8,39.7,11.8
22330,0.8821,0,WARNING,39.9,7.5,31.7,9.9
22331,0.9985,0,WARNING,34.6,5.7,26.2,5.0
22332,0.9984,0,WARNING,41.5,6.1,25.9,5.5
22333,0.9888,0,WARNING,39.5,6.8,29.2,7.6
22334,0.8775,0,WARNING,40.1,6.2,27.0,7.3
22335,0.9985,0,WARNING,40.9,6.8,28.8,6.4
22336,0.8842,0,WARNING,41.1,6.6,28.1,7.6
22337,0.8904,0,WARNING,42.4,6.8,28.4,7.6
22338,0.9886,0,WARNING,43.4,7.1,28.7,7.4
22339,0.9886,0,WARNING,42.1,6.8,28.0,7.1
22340,0.9985,0,WARNING,38.0,6.8,28.8,6.5
22341,0.8924,0,WARNING,42.7,6.6,27.6,7.5
22342,0.9887,0,WARNING,42.2,6.9,27.9,7.0
22343,0.902,0,WARNING,45.4,7.0,27.8,7.6
22344,0.9034,0,WARNING,42.9,6.8,27.7,7.5
22345,0.9985,0,WARNING,44.1,6.9,27.2,5.8
22346,0.9886,0,WARNING,41.9,6.4,27.4,6.8
22347,0.9985,0,WARNING,39.7,6.5,28.4,5.7
22348,0.9887,0,WARNING,37.3,4.2,22.6,5.5
22349,0.989,0,WARNING,41.7,6.4,25.5,5.5
22350,0.8897,0,WARNING,37.9,5.5,24.2,6.3
22351,0.9984,0,WARNING,43.5,6.4,26.1,5.6
22352,0.9984,0,WARNING,44.7,6.5,26.9,5.9
22353,0.9888,0,WARNING,40.1,4.5,21.7,4.9
22354,0.9003,0,WARNING,41.7,6.5,27.7,7.4
22355,0.9888,0,WARNING,45.3,6.7,27.4,6.9
22356,0.9985,0,WARNING,38.6,6.1,25.7,5.4
22357,0.9984,0,WARNING,45.5,6.3,26.5,5.7
22358,0.9887,0,WARNING,42.2,6.4,27.5,7.0
22359,0.9984,0,WARNING,42.3,6.9,26.8,5.9
22360,0.9086,0,WARNING,43.5,6.8,27.4,7.5
22361,0.9887,0,WARNING,41.2,6.4,27.5,7.0
22362,0.9091,0,WARNING,44.2,6.6,25.8,6.9
22363,0.9985,0,WARNING,43.4,6.3,27.5,5.6
22364,0.9985,0,WARNING,44.9,6.2,26.5,5.7
22365,0.9887,0,WARNING,41.6,6.6,27.1,6.7
22366,0.9984,0,WARNING,45.8,6.4,25.9,5.0
22367,0.9887,0,WARNING,43.8,6.7,26.9,6.7
22368,0.9154,0,WARNING,42.3,7.0,27.9,7.7
22369,0.9887,0,WARNING,41.8,6.4,27.0,6.8
22370,0.9887,0,WARNING,43.9,6.6,26.6,6.6
22371,0.9985,0,WARNING,43.6,6.9,27.7,6.1
22372,0.9985,0,WARNING,44.3,6.6,26.8,5.3
22373,0.9757,0,WARNING,44.7,6.6,26.3,6.4
22374,0.9985,0,WARNING,46.1,6.4,26.5,5.8
22375,0.9274,0,WARNING,45.1,6.4,30.1,8.2
22376,0.9985,0,WARNING,44.3,6.2,30.6,6.5
22377,0.9265,0,WARNING,44.3,6.0,27.3,7.4
22378,0.9885,0,WARNING,46.3,6.4,28.9,7.4
22379,0.9985,0,WARNING,46.1,6.2,28.8,6.5
22380,0.9885,0,WARNING,44.5,6.4,28.2,7.2
22381,0.9885,0,WARNING,43.7,6.2,26.2,6.6
22382,0.9887,0,WARNING,42.4,6.2,29.1,7.6
22383,0.9887,0,WARNING,44.4,5.8,25.0,6.0
22384,0.9887,0,WARNING,37.0,2.1,17.8,3.7
22385,0.9029,0,WARNING,29.8,0.8,15.6,3.6
22386,0.9896,0,WARNING,28.0,0.7,15.5,3.1
22387,0.9899,0,WARNING,26.6,1.8,15.7,3.2
22388,0.99,0,WARNING,25.4,0.8,15.3,3.2
22389,0.9901,0,WARNING,24.4,0.8,15.3,3.1
22390,0.9982,0,WARNING,23.6,1.0,15.7,1.8
22391,0.9902,0,WARNING,23.2,1.1,16.6,3.1
22392,0.9903,0,WARNING,22.8,1.0,16.1,3.0
22393,0.9981,0,WARNING,22.4,1.0,15.9,1.7
22394,0.9903,0,WARNING,21.8,1.6,18.1,3.0
22395,0.9981,0,WARNING,27.1,1.5,16.4,1.8
22396,0.7963,0,WARNING,29.2,4.5,20.7,4.1
22397,0.9983,0,WARNING,33.9,2.9,17.5,2.0
22398,0.9899,0,WARNING,38.2,2.8,17.5,3.4
22399,0.9898,0,WARNING,38.4,2.6,17.4,3.3
22400,0.9983,0,WARNING,43.6,5.3,26.2,5.1
22401,0.9997,0,WARNING,39.6,12.8,39.7,13.7
22402,0.9985,0,WARNING,40.0,6.7,29.5,7.8
22403,0.9985,0,WARNING,41.9,7.1,28.5,5.9
22404,0.8314,0,WARNING,43.2,6.1,26.7,7.2
22405,0.8449,0,WARNING,42.8,5.9,26.0,7.0
22406,0.9985,0,WARNING,40.6,6.1,27.8,6.3
22407,0.9985,0,WARNING,44.5,6.2,26.1,5.6
22408,0.9887,0,WARNING,43.3,6.1,27.0,6.9
22409,0.9985,0,WARNING,43.8,6.4,26.1,5.1
22410,0.9887,0,WARNING,44.3,6.2,27.4,6.4
22411,0.9985,0,WARNING,43.7,6.6,28.0,5.6
22412,0.9985,0,WARNING,46.5,6.7,27.7,5.6
22413,0.8964,0,WARNING,43.4,6.3,27.4,7.5
22414,0.9886,0,WARNING,45.3,6.2,27.5,7.0
22415,0.9022,0,WARNING,45.1,6.0,26.4,7.1
22416,0.9985,0,WARNING,39.0,4.5,22.0,3.8
22417,0.9984,0,WARNING,45.5,6.2,26.5,5.8
22418,0.9888,0,WARNING,43.9,5.8,26.4,6.6
22419,0.9984,0,WARNING,38.9,3.8,21.0,3.5
22420,0.9984,0,WARNING,41.5,6.0,26.3,5.7
22421,0.8956,0,WARNING,41.3,5.2,24.0,6.3
22422,0.9984,0,WARNING,41.9,5.5,24.6,4.5
22423,0.9051,0,WARNING,45.1,5.7,25.7,6.9
22424,0.9985,0,WARNING,42.4,5.6,25.1,5.3
22425,0.9984,0,WARNING,43.4,5.6,25.0,5.3
22426,0.9984,0,WARNING,42.5,5.9,25.9,5.6
22427,0.8992,0,WARNING,39.6,5.6,25.7,6.7
22428,0.9984,0,WARNING,43.0,5.8,26.2,5.9
22429,0.9984,0,WARNING,40.9,5.8,25.7,5.5
22430,0.9889,0,WARNING,43.0,6.0,25.4,6.3
22431,0.9984,0,WARNING,43.4,5.9,26.6,5.3
22432,0.9888,0,WARNING,44.3,5.6,25.0,6.1
22433,0.9093,0,WARNING,42.9,5.6,25.6,6.8
22434,0.9984,0,WARNING,41.3,5.9,26.8,6.1
22435,0.9984,0,WARNING,45.9,5.8,25.0,5.3
22436,0.9154,0,WARNING,43.3,5.6,25.6,6.8
22437,0.9984,0,WARNING,42.2,5.6,26.1,5.3
22438,0.9984,0,WARNING,41.5,5.9,26.5,5.4
22439,0.9984,0,WARNING,46.5,5.7,24.9,5.2
22440,0.9888,0,WARNING,41.9,5.5,25.8,6.5
22441,0.9984,0,WARNING,40.7,5.6,25.5,5.0
22442,0.912,0,WARNING,43.3,5.9,26.0,7.0
22443,0.9068,0,WARNING,39.7,5.3,25.4,6.9
22444,0.9984,0,WARNING,46.1,5.9,26.1,5.3
22445,0.9985,0,WARNING,41.8,5.3,25.6,5.2
22446,0.9984,0,WARNING,45.8,5.6,25.5,5.4
22447,0.9888,0,WARNING,45.1,6.7,25.9,6.9
22448,0.9999,0,WARNING,47.9,11.3,36.1,9.5
22449,0.9221,0,WARNING,46.7,6.8,32.6,10.8
22450,0.9206,0,WARNING,43.3,6.0,25.9,7.0
22451,0.9886,0,WARNING,42.9,6.0,26.4,6.6
22452,0.9887,0,WARNING,42.5,5.4,25.5,6.4
22453,0.9888,0,WARNING,42.1,5.3,26.1,6.5
22454,0.919,0,WARNING,43.8,5.7,26.4,7.2
22455,0.9985,0,WARNING,43.0,5.7,26.2,5.8
22456,0.9201,0,WARNING,43.0,5.4,26.1,7.1
22457,0.9984,0,WARNING,42.7,5.6,25.8,5.2
22458,0.9189,0,WARNING,42.9,5.8,26.1,7.1
22459,0.9984,0,WARNING,44.7,5.4,25.2,5.5
22460,0.9755,0,WARNING,42.6,5.6,25.9,6.4
22461,0.9984,0,WARNING,42.8,5.5,25.8,5.4
22462,0.9889,0,WARNING,41.1,5.7,27.1,7.0
22463,0.9984,0,WARNING,40.8,5.4,25.6,5.7
22464,0.9984,0,WARNING,39.9,5.4,25.6,5.5
22465,0.9984,0,WARNING,41.4,5.4,25.3,5.5
22466,0.989,0,WARNING,42.1,5.5,25.5,6.4
22467,0.9984,0,WARNING,42.7,5.6,25.5,5.5
22468,0.9101,0,WARNING,42.8,5.3,25.8,7.2
22469,0.9984,0,WARNING,41.6,5.4,25.8,5.2
22470,0.9889,0,WARNING,41.9,5.3,25.0,6.1
22471,0.989,0,WARNING,42.5,5.2,24.8,5.4
22472,0.9023,0,WARNING,38.1,5.2,26.2,7.1
22473,0.9752,0,WARNING,40.6,5.2,25.8,6.4
22474,0.9984,0,WARNING,41.1,5.3,25.3,5.5
22475,0.989,0,WARNING,42.5,5.4,26.0,6.6
22476,0.989,0,WARNING,41.1,5.2,25.2,6.5
22477,0.9984,0,WARNING,42.0,5.4,25.3,5.6
22478,0.9984,0,WARNING,41.8,5.1,25.5,5.6
22479,0.9984,0,WARNING,44.8,5.3,25.0,4.8
22480,0.9145,0,WARNING,43.3,5.1,24.0,6.3
22481,0.9984,0,WARNING,43.7,5.3,26.2,5.3
22482,0.9889,0,WARNING,38.6,3.8,21.2,4.8
22483,0.9891,0,WARNING,41.7,5.2,26.5,6.9
22484,0.9984,0,WARNING,43.1,5.5,26.8,6.0
22485,0.9984,0,WARNING,40.4,5.3,25.2,4.9
22486,0.9984,0,WARNING,41.9,5.4,26.3,5.4
22487,0.9984,0,WARNING,43.3,5.5,26.2,5.4
22488,0.9984,0,WARNING,41.2,5.4,26.4,5.4
22489,0.9984,0,WARNING,41.4,5.5,26.0,5.8
22490,0.989,0,WARNING,42.6,5.4,26.5,6.7
22491,0.9984,0,WARNING,41.3,5.6,27.1,6.2
22492,0.9984,0,WARNING,40.0,5.3,25.6,5.6
22493,0.989,0,WARNING,42.3,5.0,24.6,6.2
22494,0.9086,0,WARNING,40.7,4.2,23.5,6.3
22495,0.9984,0,WARNING,38.2,3.2,20.0,3.1
22496,0.8974,0,WARNING,38.3,3.9,22.0,5.6
22497,0.8916,0,WARNING,37.4,3.4,20.4,5.2
22498,0.9984,0,WARNING,35.5,3.1,19.6,3.0
22499,0.9895,0,WARNING,37.1,3.6,20.9,4.7
22500,0.9983,0,WARNING,34.8,3.3,20.5,3.2
22501,0.9896,0,WARNING,35.6,3.6,20.6,4.6
22502,0.9983,0,WARNING,33.3,3.2,20.7,3.5
22503,0.9983,0,WARNING,35.1,4.0,21.8,3.7
22504,0.9983,0,WARNING,31.4,2.6,19.4,3.0
22505,0.9983,0,WARNING,31.9,3.5,21.6,3.7
22506,0.9983,0,WARNING,34.5,3.3,20.7,3.5
22507,0.9896,0,WARNING,33.3,4.7,20.6,5.2
22508,0.9983,0,WARNING,33.1,2.5,19.0,2.4
22509,0.8763,0,WARNING,33.4,6.9,30.9,8.3
22510,0.7769,0,WARNING,32.9,4.4,25.6,6.2
22511,0.9984,0,WARNING,29.3,2.2,17.8,2.2
22512,0.9318,0,WARNING,30.3,2.9,22.8,7.8
22513,0.7618,0,WARNING,35.1,4.7,24.9,6.5
22514,0.9984,0,WARNING,34.0,4.9,25.5,5.0
22515,0.7718,0,WARNING,35.5,5.1,26.4,7.2
22516,0.9984,0,WARNING,35.3,5.4,26.3,5.8
22517,0.9892,0,WARNING,32.7,3.8,21.5,4.9
22518,0.778,0,WARNING,36.1,4.7,24.7,6.5
22519,0.9893,0,WARNING,37.3,5.1,25.9,6.5
22520,0.9984,0,WARNING,35.1,5.0,25.8,5.7
22521,0.9892,0,WARNING,36.9,4.4,23.8,5.6
22522,0.9892,0,WARNING,28.9,1.9,17.6,3.8
22523,0.9895,0,WARNING,35.7,4.8,26.3,6.6
22524,0.9984,0,WARNING,36.6,5.0,25.4,5.5
22525,0.7975,0,WARNING,37.6,5.2,26.4,7.2
22526,0.7943,0,WARNING,36.0,4.8,25.6,6.8
22527,0.7941,0,WARNING,35.9,5.1,26.3,7.0
22528,0.9984,0,WARNING,34.6,4.5,24.1,4.3
22529,0.9984,0,WARNING,30.4,2.4,18.9,2.7
22530,0.9895,0,WARNING,34.7,5.0,25.5,6.4
22531,0.9984,0,WARNING,34.4,5.4,27.3,6.1
22532,0.9893,0,WARNING,33.9,4.3,24.0,5.8
22533,0.7682,0,WARNING,32.4,3.5,21.5,5.5
22534,0.7715,0,WARNING,33.9,4.7,24.9,6.6
22535,0.9894,0,WARNING,30.9,3.2,21.6,5.0
22536,0.9983,0,WARNING,34.0,4.6,25.9,5.1
22537,0.9984,0,WARNING,34.3,4.8,25.9,5.6
22538,0.9893,0,WARNING,32.6,3.8,23.6,5.8
22539,0.7624,0,WARNING,33.0,4.8,26.5,7.3
22540,0.9984,0,WARNING,32.3,4.9,26.1,5.8
22541,0.7557,0,WARNING,33.5,5.2,27.4,7.5
22542,0.9984,0,WARNING,33.1,4.3,24.4,4.5
22543,0.9893,0,WARNING,31.0,3.7,23.9,5.9
22544,0.9984,0,WARNING,32.6,5.1,27.0,5.4
22545,0.9893,0,WARNING,33.0,5.2,27.1,6.8
22546,0.7481,0,WARNING,33.2,4.9,27.2,7.5
22547,0.7718,0,WARNING,34.2,5.1,27.7,7.7
22548,0.9984,0,WARNING,33.2,5.3,27.7,6.3
22549,0.9984,0,WARNING,33.0,5.5,28.7,6.8
22550,0.7464,0,WARNING,32.7,5.2,27.2,7.3
22551,0.9984,0,WARNING,33.7,4.8,27.2,6.1
22552,0.7581,0,WARNING,34.2,5.0,27.6,7.5
22553,0.9891,0,WARNING,31.8,3.6,22.7,5.3
22554,0.9984,0,WARNING,30.9,2.9,20.4,3.6
22555,0.9983,0,WARNING,33.6,3.1,20.4,3.5
22556,0.9983,0,WARNING,31.8,3.0,20.7,3.6
22557,0.9983,0,WARNING,30.4,3.2,20.4,3.0
22558,0.9897,0,WARNING,32.6,3.1,20.5,4.5
22559,0.9983,0,WARNING,31.0,2.9,20.3,2.9
22560,0.9897,0,WARNING,32.5,3.3,20.8,4.5
22561,0.9983,0,WARNING,32.0,3.0,20.4,3.1
22562,0.9983,0,WARNING,33.8,2.9,20.2,2.8
22563,0.9983,0,WARNING,30.8,3.0,20.5,3.1
22564,0.9983,0,WARNING,28.5,2.7,20.1,3.5
22565,0.9897,0,WARNING,31.3,3.1,20.4,4.4
22566,0.9897,0,WARNING,31.7,3.0,20.7,3.9
22567,0.9983,0,WARNING,33.9,9.2,21.0,4.4
22568,0.9493,0,WARNING,38.2,8.1,30.6,8.0
22569,0.9984,0,WARNING,36.4,4.2,28.0,6.6
22570,0.9984,0,WARNING,35.9,4.2,24.1,6.3
22571,0.9892,0,WARNING,30.1,2.8,20.4,4.5
22572,0.9894,0,WARNING,32.2,3.1,20.8,4.4
22573,0.9895,0,WARNING,34.6,3.2,21.0,4.5
22574,0.9895,0,WARNING,33.9,3.3,21.2,4.0
22575,0.9983,0,WARNING,32.7,3.3,21.2,3.4
22576,0.9983,0,WARNING,32.7,3.2,20.9,3.6
22577,0.9896,0,WARNING,31.9,3.2,21.2,4.6
22578,0.9983,0,WARNING,33.9,3.0,20.8,3.2
22579,0.9896,0,WARNING,34.9,3.4,21.0,4.5
22580,0.9983,0,WARNING,30.7,2.9,20.4,3.1
22581,0.9983,0,WARNING,33.7,3.3,21.0,3.1
22582,0.9896,0,WARNING,34.3,3.0,20.8,4.5
22583,0.9896,0,WARNING,34.0,3.2,20.7,4.6
22584,0.7694,0,WARNING,35.2,3.5,21.0,5.0
22585,0.7865,0,WARNING,34.9,2.9,20.5,5.2
22586,0.9983,0,WARNING,31.6,2.2,19.5,3.1
22587,0.9895,0,WARNING,30.7,2.1,18.7,4.2
22588,0.9983,0,WARNING,29.3,2.6,20.6,3.8
22589,0.9982,0,WARNING,30.1,2.5,19.7,2.9
22590,0.9897,0,WARNING,29.8,2.5,20.0,4.6
22591,0.9982,0,WARNING,29.7,2.4,19.9,3.1
22592,0.9982,0,WARNING,29.1,2.5,20.3,3.4
22593,0.7371,0,WARNING,28.6,2.5,20.3,5.1
22594,0.732,0,WARNING,28.4,2.7,20.5,5.3
22595,0.9983,0,WARNING,27.1,2.1,18.3,2.6
22596,0.9898,0,WARNING,24.9,1.3,16.2,3.1
22597,0.9982,0,WARNING,22.5,1.0,15.5,1.6
22598,0.9901,0,WARNING,21.4,1.1,15.6,3.0
22599,0.9902,0,WARNING,20.7,1.0,15.4,3.0
22600,0.9982,0,WARNING,20.0,1.1,15.6,1.6
22601,0.9981,0,WARNING,19.6,1.1,15.4,1.7
22602,0.9903,0,WARNING,19.1,1.0,15.3,3.0
22603,0.9981,0,WARNING,18.7,1.1,15.5,1.7
22604,0.9981,0,WARNING,18.4,1.0,15.4,1.5
22605,0.9981,0,WARNING,18.1,1.2,15.4,1.5
22606,0.9981,0,WARNING,17.9,1.1,15.7,1.7
22607,0.9903,0,WARNING,17.6,1.0,15.6,3.1
22608,0.9903,0,WARNING,17.4,1.0,15.4,3.0
22609,0.9903,0,WARNING,21.0,2.5,19.4,4.2
22610,0.9982,0,WARNING,25.9,4.7,24.2,5.0
22611,0.3538,0,NORMAL,30.0,5.0,26.4,7.2
22612,0.4138,0,NORMAL,31.5,5.9,27.8,7.6
22613,0.9893,0,WARNING,33.2,5.9,27.9,7.3
22614,0.499,0,NORMAL,32.8,5.7,27.3,7.3
22615,0.9984,0,WARNING,31.8,4.3,23.3,4.1
22616,0.9892,0,WARNING,27.0,3.4,22.4,5.5
22617,0.9984,0,WARNING,27.6,5.0,27.5,6.4
22618,0.5166,0,NORMAL,26.6,4.5,25.4,7.0
22619,0.5086,0,NORMAL,26.2,3.9,22.8,6.1
22620,0.9983,0,WARNING,25.9,4.6,26.1,5.8
22621,0.9894,0,WARNING,26.2,4.7,27.6,7.3
22622,0.9983,0,WARNING,26.2,3.0,20.6,3.1
22623,0.9983,0,WARNING,25.5,3.1,20.9,4.0
22624,0.4861,0,NORMAL,25.3,3.0,21.0,5.4
22625,0.9983,0,WARNING,24.9,3.1,20.9,3.8
22626,0.4713,0,NORMAL,25.3,3.2,21.4,5.5
22627,0.9996,0,WARNING,27.7,12.5,22.0,6.8
22628,0.9746,0,WARNING,28.9,6.7,31.3,9.8
22629,0.9029,0,WARNING,29.5,6.7,27.8,7.5
22630,0.9984,0,WARNING,28.1,6.3,25.4,7.8
22631,0.9892,0,WARNING,26.0,3.0,20.1,4.4
22632,0.9894,0,WARNING,25.9,3.6,22.5,5.4
22633,0.9741,0,WARNING,25.7,3.4,21.3,4.8
22634,0.974,0,WARNING,25.3,3.3,21.6,4.9
22635,0.9983,0,WARNING,25.3,3.3,21.6,4.2
22636,0.9983,0,WARNING,26.6,3.4,21.6,3.8
22637,0.9983,0,WARNING,26.5,3.2,21.5,4.2
22638,0.9983,0,WARNING,27.3,3.3,21.3,3.4
22639,0.9896,0,WARNING,27.4,3.3,21.7,5.0
22640,0.9983,0,WARNING,27.1,3.5,21.5,3.5
22641,0.5317,0,NORMAL,27.8,3.4,21.4,5.5
22642,0.9983,0,WARNING,26.5,3.2,21.5,3.6
22643,0.9896,0,WARNING,26.4,3.4,21.3,4.2
22644,0.9983,0,WARNING,26.1,3.6,21.8,3.8
22645,0.9897,0,WARNING,26.5,3.9,22.3,5.3
22646,0.9896,0,WARNING,25.9,3.2,21.8,5.1
22647,0.9983,0,WARNING,26.0,3.5,21.8,3.7
22648,0.9983,0,WARNING,26.2,3.5,22.2,3.8
22649,0.9896,0,WARNING,26.2,3.5,22.1,5.1
22650,0.9983,0,WARNING,25.9,3.8,22.1,4.4
22651,0.9983,0,WARNING,25.9,3.6,21.8,4.2
22652,0.9983,0,WARNING,25.7,3.5,21.9,3.9
22653,0.9897,0,WARNING,25.6,3.6,22.1,5.3
22654,0.4867,0,NORMAL,26.6,3.8,22.5,5.8
22655,0.9896,0,WARNING,26.1,3.8,22.1,5.3
22656,0.9896,0,WARNING,27.2,3.6,22.4,5.2
22657,0.9983,0,WARNING,26.2,3.7,22.3,3.8
22658,0.9983,0,WARNING,26.3,3.6,21.2,3.5
22659,0.9983,0,WARNING,26.9,4.0,23.6,4.9
22660,0.9896,0,WARNING,26.5,4.0,22.0,4.6
22661,0.9983,0,WARNING,27.2,4.2,22.9,4.1
22662,0.9983,0,WARNING,26.6,4.2,22.7,4.6
22663,0.9983,0,WARNING,27.7,3.9,22.1,3.9
22664,0.9983,0,WARNING,26.4,4.2,23.1,4.6
22665,0.9896,0,WARNING,27.4,4.4,23.1,5.5
22666,0.9983,0,WARNING,26.3,4.1,22.9,4.0
22667,0.9895,0,WARNING,27.4,4.1,23.4,5.6
22668,0.4938,0,NORMAL,26.6,4.0,22.7,5.9
22669,0.9983,0,WARNING,27.3,4.3,22.9,4.1
22670,0.9895,0,WARNING,26.7,4.2,22.9,5.5
22671,0.9983,0,WARNING,27.3,4.2,23.4,4.8
22672,0.9983,0,WARNING,28.3,4.3,23.1,4.7
22673,0.9895,0,WARNING,27.9,4.5,22.9,5.3
22674,0.9983,0,WARNING,29.5,4.4,23.4,4.7
22675,0.9983,0,WARNING,30.0,4.5,23.4,4.3
22676,0.9983,0,WARNING,29.2,4.4,23.4,4.8
22677,0.9983,0,WARNING,29.5,4.5,23.1,4.1
22678,0.9894,0,WARNING,28.3,4.3,23.5,5.7
22679,0.9983,0,WARNING,28.4,4.5,23.4,4.8
22680,0.9983,0,WARNING,29.2,4.9,23.4,4.2
22681,0.9983,0,WARNING,28.9,4.6,23.3,4.3
22682,0.9895,0,WARNING,28.0,4.5,23.8,5.6
22683,0.9895,0,WARNING,29.8,4.4,22.3,5.1
22684,0.9983,0,WARNING,29.8,5.1,25.4,5.4
22685,0.9984,0,WARNING,31.7,4.7,23.7,4.3
22686,0.9983,0,WARNING,32.0,4.8,23.7,4.7
22687,0.9002,0,WARNING,35.9,8.3,25.1,7.9
22688,1.0,0,ANOMALY,39.6,10.7,35.9,16.4
22689,0.9985,0,WARNING,38.2,7.7,31.4,7.7
22690,0.9976,0,WARNING,38.3,7.4,28.9,10.5
22691,0.9985,0,WARNING,36.1,4.3,21.1,3.2
22692,0.9888,0,WARNING,37.4,5.0,25.6,5.5
22693,0.7691,0,WARNING,35.6,4.3,22.8,5.7
22694,0.9984,0,WARNING,36.4,6.0,27.2,6.1
22695,0.7724,0,WARNING,34.8,5.1,24.5,6.5
22696,0.7813,0,WARNING,35.6,5.0,24.1,6.3
22697,0.9984,0,WARNING,37.2,5.1,24.3,4.6
22698,0.9891,0,WARNING,35.2,5.0,24.4,6.0
22699,0.9984,0,WARNING,35.8,5.0,24.0,5.0
22700,0.9984,0,WARNING,37.5,5.1,23.7,4.1
22701,0.9891,0,WARNING,39.6,5.1,23.2,5.4
22702,0.9984,0,WARNING,39.1,5.2,24.5,4.6
22703,0.9751,0,WARNING,37.8,5.1,24.0,5.7
22704,0.9984,0,WARNING,40.2,4.9,23.7,4.7
22705,0.989,0,WARNING,39.2,5.6,24.6,6.1
22706,0.9984,0,WARNING,39.1,5.2,23.4,4.2
22707,0.9984,0,WARNING,40.8,5.5,25.4,5.4
22708,0.9984,0,WARNING,41.9,5.5,23.8,4.8
22709,0.8755,0,WARNING,41.3,5.5,23.6,6.1
22710,0.9984,0,WARNING,41.8,5.7,24.2,4.3
22711,0.8815,0,WARNING,41.4,5.2,24.6,6.4
22712,0.9984,0,WARNING,43.2,5.7,23.9,4.8
22713,0.9889,0,WARNING,43.3,5.7,24.1,5.7
22714,0.9009,0,WARNING,44.7,5.9,24.7,6.6
22715,0.9984,0,WARNING,44.2,6.2,25.0,4.7
22716,0.911,0,WARNING,45.8,5.8,24.4,6.4
22717,0.9133,0,WARNING,45.1,6.0,24.2,6.4
22718,0.9191,0,WARNING,46.7,5.9,24.8,6.6
22719,0.9888,0,WARNING,46.6,5.9,24.2,5.8
22720,0.9888,0,WARNING,47.3,6.5,24.5,5.8
22721,0.9984,0,WARNING,44.5,6.0,24.7,4.6
22722,0.9984,0,WARNING,45.3,6.3,24.8,4.7
22723,0.9984,0,WARNING,39.0,4.4,22.4,4.5
22724,0.9984,0,WARNING,30.6,0.9,15.8,1.9
22725,0.9895,0,WARNING,28.1,0.9,16.0,3.3
22726,0.9898,0,WARNING,26.3,0.8,16.2,3.4
22727,0.9982,0,WARNING,24.9,0.8,16.0,1.9
22728,0.9982,0,WARNING,23.8,0.7,16.0,1.8
22729,0.9902,0,WARNING,22.9,0.8,15.7,3.1
22730,0.9902,0,WARNING,22.1,1.1,16.3,3.4
22731,0.9902,0,WARNING,21.4,0.9,16.1,3.4
22732,0.9982,0,WARNING,20.8,0.9,16.2,2.0
22733,0.9902,0,WARNING,20.3,0.9,15.9,3.3
22734,0.9981,0,WARNING,19.9,0.9,16.6,2.1
22735,0.9902,0,WARNING,19.6,1.0,16.8,3.5
22736,0.9902,0,WARNING,19.2,1.0,16.1,3.2
22737,0.9902,0,WARNING,18.7,1.0,16.3,3.3
22738,0.7924,0,WARNING,18.6,1.0,16.1,3.9
22739,0.9902,0,WARNING,18.3,1.1,16.7,3.4
22740,0.9982,0,WARNING,30.0,5.2,20.1,3.4
22741,0.9983,0,WARNING,28.2,5.8,23.9,4.2
22742,0.9983,0,WARNING,35.8,7.5,24.3,4.7
22743,0.6261,0,WARNING,36.8,8.5,25.1,6.3
22744,0.9984,0,WARNING,36.4,8.0,26.5,5.4
22745,0.989,0,WARNING,37.3,9.3,26.9,6.2
22746,0.9984,0,WARNING,40.3,8.9,26.8,4.8
22747,0.9888,0,WARNING,37.5,9.1,25.7,7.3
22748,1.0,0,ANOMALY,42.2,10.8,32.1,13.9
22749,0.9998,0,WARNING,44.1,16.5,37.0,11.8
22750,0.9986,0,WARNING,41.9,11.9,30.3,10.7
22751,0.9985,0,WARNING,41.1,9.5,25.2,5.2
22752,0.9885,0,WARNING,38.1,6.4,23.4,5.4
22753,0.8065,0,WARNING,39.7,7.2,25.5,6.7
22754,0.8101,0,WARNING,37.8,6.9,25.9,6.7
22755,0.9889,0,WARNING,40.4,6.9,25.4,6.0
22756,0.9985,0,WARNING,32.9,4.0,21.0,3.9
22757,0.9892,0,WARNING,26.5,0.9,16.5,3.5
22758,0.9983,0,WARNING,24.6,0.9,16.2,2.0
22759,0.9982,0,WARNING,23.5,1.4,16.7,2.1
22760,0.7466,0,WARNING,35.9,9.6,27.2,6.9
22761,0.7453,0,WARNING,34.2,7.4,26.0,6.9
22762,0.9894,0,WARNING,37.8,7.0,25.5,6.3
22763,0.9892,0,WARNING,38.2,7.1,26.7,6.6
22764,0.7765,0,WARNING,36.0,6.6,25.4,6.6
22765,0.9984,0,WARNING,39.6,6.2,24.8,4.6
22766,0.9984,0,WARNING,40.6,6.4,24.6,4.5
22767,0.9984,0,WARNING,43.3,6.7,25.0,5.3
22768,0.8444,0,WARNING,42.5,6.5,25.5,6.7
22769,0.9888,0,WARNING,44.7,6.9,25.6,6.2
22770,0.9888,0,WARNING,39.4,7.2,27.2,6.8
22771,0.9985,0,WARNING,39.9,6.6,25.1,5.1
22772,0.9984,0,WARNING,42.5,7.0,25.5,4.9
22773,0.9889,0,WARNING,43.2,6.9,25.3,5.9
22774,0.9985,0,WARNING,42.7,5.8,22.2,4.1
22775,1.0,0,ANOMALY,44.4,15.6,25.6,6.8
22776,0.9985,0,WARNING,44.4,6.7,25.8,5.5
22777,0.8911,0,WARNING,42.8,6.2,26.3,7.1
22778,0.9985,0,WARNING,45.2,6.7,25.2,5.2
22779,0.8993,0,WARNING,42.8,5.9,25.0,6.7
22780,0.9984,0,WARNING,43.0,4.6,20.2,2.9
22781,0.9999,0,WARNING,47.6,13.7,23.2,6.9
22782,0.9887,0,WARNING,46.6,6.8,26.7,6.7
22783,0.9985,0,WARNING,46.2,6.2,25.4,4.7
22784,0.9985,0,WARNING,43.4,6.1,25.7,5.4
22785,0.9888,0,WARNING,45.4,6.1,25.0,6.2
22786,0.9186,0,WARNING,45.0,6.4,25.2,6.6
22787,0.9984,0,WARNING,46.7,3.9,18.0,2.5
22788,1.0,0,WARNING,41.3,11.7,21.1,6.2
22789,0.9136,0,WARNING,40.1,6.9,27.2,7.4
22790,0.9984,0,WARNING,43.6,6.5,25.6,4.9
22791,0.9142,0,WARNING,41.6,5.1,22.9,5.9
22792,0.923,0,WARNING,47.0,6.7,26.5,7.1
22793,0.9888,0,WARNING,41.4,4.2,23.1,5.5
22794,0.9319,0,WARNING,49.9,6.5,25.2,6.5
22795,0.9314,0,WARNING,45.5,4.6,22.4,5.6
22796,0.9995,0,WARNING,43.8,10.8,21.5,6.3
22797,0.9256,0,WARNING,42.8,6.4,26.8,7.2
22798,0.9984,0,WARNING,43.9,5.7,25.4,5.5
22799,0.9984,0,WARNING,47.9,6.5,25.4,4.8
22800,0.9334,0,WARNING,46.2,6.8,25.4,6.7
22801,0.9258,0,WARNING,39.5,4.9,22.9,6.0
22802,0.9984,0,WARNING,42.7,6.2,26.3,5.6
22803,0.9237,0,WARNING,41.2,7.3,28.9,8.0
22804,0.9984,0,WARNING,42.0,5.9,25.2,5.2
22805,0.9889,0,WARNING,41.3,3.4,17.7,3.7
22806,0.9978,0,WARNING,46.5,11.0,25.1,7.6
22807,0.923,0,WARNING,43.0,7.3,27.2,8.6
22808,1.0,0,ANOMALY,44.4,8.7,31.8,16.1
22809,0.9998,0,WARNING,43.9,17.1,39.3,12.7
22810,0.9881,0,WARNING,48.1,7.2,27.2,7.7
22811,0.9985,0,WARNING,43.6,9.0,30.2,9.1
22812,0.9883,0,WARNING,40.6,4.9,23.3,5.4
22813,0.9756,0,WARNING,45.7,6.2,25.7,6.1
22814,0.9279,0,WARNING,46.2,6.3,26.5,7.2
22815,0.924,0,WARNING,42.1,5.6,25.5,6.9
22816,0.9984,0,WARNING,34.7,5.5,25.7,5.6
22817,0.9984,0,WARNING,37.5,6.0,25.3,4.9
22818,0.9037,0,WARNING,38.4,5.4,24.4,6.5
22819,0.8929,0,WARNING,34.6,5.3,25.0,6.7
22820,0.9984,0,WARNING,33.0,5.8,25.3,5.4
22821,0.8717,0,WARNING,33.8,5.7,25.4,6.7
22822,0.9892,0,WARNING,33.6,5.5,24.4,5.8
22823,0.9984,0,WARNING,35.6,5.5,25.2,5.4
22824,0.8402,0,WARNING,28.0,5.3,25.2,6.8
22825,0.9983,0,WARNING,37.8,5.9,23.9,4.8
22826,0.9892,0,WARNING,36.6,5.5,24.7,6.0
22827,0.9984,0,WARNING,31.0,5.9,25.4,5.5
22828,0.9984,0,WARNING,33.6,5.8,25.5,5.5
22829,0.9984,0,WARNING,33.5,5.7,24.9,5.2
22830,0.9984,0,WARNING,40.1,5.6,23.3,4.0
22831,0.846,0,WARNING,37.7,5.7,24.8,6.5
22832,0.9984,0,WARNING,33.6,5.5,25.2,5.4
22833,0.8378,0,WARNING,36.5,5.3,24.8,6.6
22834,0.9984,0,WARNING,37.0,5.4,25.2,5.4
22835,0.9984,0,WARNING,36.0,5.1,23.8,4.9
22836,0.8317,0,WARNING,33.1,5.5,25.4,6.9
22837,0.9891,0,WARNING,36.2,5.5,24.5,6.1
22838,0.9984,0,WARNING,34.8,5.1,23.9,4.7
22839,0.9892,0,WARNING,38.4,5.1,24.3,5.8
22840,0.9984,0,WARNING,35.8,5.8,24.9,5.2
22841,0.9984,0,WARNING,43.8,5.8,24.3,5.2
22842,0.989,0,WARNING,31.9,5.2,25.6,6.5
22843,0.9984,0,WARNING,28.2,4.6,23.9,5.1
22844,0.9983,0,WARNING,26.4,4.5,23.7,4.9
22845,0.7976,0,WARNING,32.8,5.7,24.8,6.7
22846,0.9983,0,WARNING,26.3,5.3,24.7,5.3
22847,0.9983,0,WARNING,24.6,4.7,24.3,4.6
22848,0.9895,0,WARNING,23.8,5.2,24.1,5.9
22849,0.9895,0,WARNING,22.7,4.9,24.2,6.0
22850,0.9896,0,WARNING,29.2,5.3,24.3,6.0
22851,0.9983,0,WARNING,32.8,5.1,23.4,4.8
22852,0.9893,0,WARNING,31.6,5.4,24.4,6.0
22853,0.9893,0,WARNING,33.0,5.6,24.9,6.2
22854,0.7319,0,WARNING,34.3,5.5,25.4,6.9
22855,0.9984,0,WARNING,35.7,5.3,24.6,5.3
22856,0.9984,0,WARNING,35.7,5.1,24.3,5.0
22857,0.9984,0,WARNING,40.3,5.1,24.3,4.6
22858,0.9984,0,WARNING,38.8,4.9,24.4,5.1
22859,0.9984,0,WARNING,35.1,5.4,25.1,5.4
22860,0.9984,0,WARNING,32.9,5.6,26.3,5.3
22861,0.9984,0,WARNING,35.7,5.4,24.7,4.8
22862,0.9891,0,WARNING,36.8,5.6,25.1,6.4
22863,0.9891,0,WARNING,36.8,5.6,25.2,6.4
22864,0.9984,0,WARNING,35.8,4.9,23.8,4.8
22865,0.8187,0,WARNING,41.3,5.2,25.0,6.7
22866,0.9889,0,WARNING,40.3,5.8,25.4,6.2
22867,0.9889,0,WARNING,40.9,9.7,26.1,7.8
22868,1.0,0,ANOMALY,43.1,16.4,38.5,18.8
22869,0.9559,0,WARNING,35.2,7.1,32.7,9.9
22870,1.0,0,WARNING,39.7,9.3,30.5,11.4
22871,0.9884,0,WARNING,29.0,4.3,23.3,5.7
22872,0.9889,0,WARNING,38.1,6.1,27.0,6.9
22873,0.9888,0,WARNING,37.5,5.6,25.2,5.7
22874,0.9984,0,WARNING,30.1,4.8,26.2,5.6
22875,0.989,0,WARNING,39.0,5.4,24.2,5.9
22876,0.989,0,WARNING,40.1,5.3,25.2,6.3
22877,0.9984,0,WARNING,47.0,5.5,25.1,5.0
22878,0.9985,0,WARNING,36.9,4.6,25.6,5.7
22879,0.9889,0,WARNING,37.0,5.0,24.3,6.1
22880,0.9984,0,WARNING,43.6,5.1,24.4,4.7
22881,0.9984,0,WARNING,36.6,5.2,26.7,6.0
22882,0.8668,0,WARNING,44.2,5.1,23.5,6.3
22883,0.884,0,WARNING,47.9,5.6,24.6,6.7
22884,0.885,0,WARNING,43.6,5.0,25.0,6.8
22885,0.892,0,WARNING,45.4,5.1,25.1,6.8
22886,0.9887,0,WARNING,42.8,5.4,25.1,6.4
22887,0.9984,0,WARNING,36.3,4.5,24.3,4.9
22888,0.9984,0,WARNING,29.3,5.2,26.2,5.9
22889,0.8296,0,WARNING,27.0,4.9,24.2,6.5
22890,0.9983,0,WARNING,25.6,5.3,25.6,5.2
22891,0.9983,0,WARNING,24.5,5.0,24.6,4.8
22892,0.9895,0,WARNING,24.5,4.6,24.1,5.9
22893,0.9895,0,WARNING,32.3,5.2,25.5,6.5
22894,0.9984,0,WARNING,36.6,5.3,25.4,5.2
22895,0.9984,0,WARNING,42.7,5.3,23.6,5.0
22896,0.9984,0,WARNING,32.8,5.3,26.2,6.0
22897,0.9984,0,WARNING,35.5,5.0,24.1,4.6
22898,0.9984,0,WARNING,40.5,5.0,24.7,4.9
22899,0.989,0,WARNING,39.6,5.1,25.9,6.7
22900,0.8326,0,WARNING,38.2,5.2,24.2,6.6
22901,0.9984,0,WARNING,40.6,5.0,25.2,5.1
22902,0.989,0,WARNING,40.5,5.1,24.5,6.1
22903,0.989,0,WARNING,39.7,5.1,24.6,6.2
22904,0.8584,0,WARNING,39.2,5.0,23.5,6.3
22905,0.9984,0,WARNING,46.4,5.5,25.2,5.7
22906,0.9985,0,WARNING,45.2,5.1,24.9,5.5
22907,0.9888,0,WARNING,41.2,5.2,25.2,6.5
22908,0.9888,0,WARNING,41.3,4.9,24.9,5.6
22909,0.9984,0,WARNING,38.5,5.2,24.6,5.3
22910,0.9889,0,WARNING,39.9,5.4,24.4,6.1
22911,0.9984,0,WARNING,38.5,5.0,25.4,5.1
22912,0.9984,0,WARNING,38.1,5.3,24.9,5.2
22913,0.9984,0,WARNING,41.1,5.2,24.0,4.6
22914,0.9984,0,WARNING,43.9,4.9,23.9,5.1
22915,0.9042,0,WARNING,48.4,5.5,24.7,6.8
22916,0.9985,0,WARNING,44.7,4.8,24.2,4.7
22917,0.9985,0,WARNING,44.0,5.6,24.9,5.1
22918,0.9984,0,WARNING,36.4,4.9,25.2,5.1
22919,0.9984,0,WARNING,47.7,5.3,24.8,4.8
22920,0.9888,0,WARNING,47.8,5.5,25.4,6.6
22921,0.9122,0,WARNING,43.3,5.1,24.6,6.7
22922,0.9984,0,WARNING,47.1,4.8,24.0,4.6
22923,0.9887,0,WARNING,46.2,5.4,25.1,6.4
22924,0.9985,0,WARNING,43.7,4.2,21.5,4.2
22925,0.9888,0,WARNING,46.6,5.5,26.3,6.8
22926,0.9984,0,WARNING,39.7,4.8,25.0,5.3
22927,0.9889,0,WARNING,50.9,7.2,25.1,6.9
22928,1.0,0,ANOMALY,44.4,11.7,38.6,19.0
22929,0.9925,0,WARNING,53.0,11.4,31.1,10.0
22930,0.9999,0,WARNING,53.9,7.5,30.8,12.7
22931,0.988,0,WARNING,48.0,5.0,24.7,6.3
22932,0.9985,0,WARNING,45.7,5.3,24.5,5.1
22933,0.9884,0,WARNING,37.7,5.0,25.8,6.7
22934,0.9984,0,WARNING,43.9,4.9,24.1,4.6
22935,0.9984,0,WARNING,44.9,5.3,24.1,5.2
22936,0.9293,0,WARNING,44.5,5.7,25.9,7.2
22937,0.9984,0,WARNING,42.3,5.3,24.9,5.5
22938,0.9888,0,WARNING,41.8,4.8,25.3,6.5
22939,0.9889,0,WARNING,42.2,5.1,24.7,6.3
22940,0.9984,0,WARNING,43.9,5.0,23.3,4.3
22941,0.989,0,WARNING,48.6,5.8,25.4,6.3
22942,0.9985,0,WARNING,44.0,5.1,25.2,5.5
22943,0.9257,0,WARNING,43.4,5.2,25.5,7.1
22944,0.9985,0,WARNING,41.5,5.3,24.6,4.8
22945,0.9984,0,WARNING,46.2,5.2,23.6,4.5
22946,0.9275,0,WARNING,44.9,5.8,25.8,7.2
22947,0.9985,0,WARNING,43.2,5.4,25.4,5.2
22948,0.9888,0,WARNING,42.5,4.9,24.2,5.4
22949,0.9174,0,WARNING,40.8,5.2,24.8,6.8
22950,0.9984,0,WARNING,41.6,5.5,24.7,4.7
22951,0.9143,0,WARNING,40.6,5.2,25.1,6.9
22952,0.989,0,WARNING,41.8,4.9,24.1,5.9
22953,0.989,0,WARNING,45.8,5.0,23.4,5.8
22954,0.9985,0,WARNING,41.3,5.4,25.0,5.5
22955,0.9984,0,WARNING,44.3,5.5,25.3,5.6
22956,0.9984,0,WARNING,39.9,5.2,24.2,5.2
22957,0.91,0,WARNING,42.5,5.5,25.3,7.0
22958,0.9889,0,WARNING,41.5,5.2,24.4,6.1
22959,0.989,0,WARNING,45.6,4.7,23.3,5.8
22960,0.9889,0,WARNING,44.5,5.2,24.6,6.0
22961,0.914,0,WARNING,41.1,5.6,24.9,6.7
22962,0.9984,0,WARNING,44.0,5.7,24.8,5.0
22963,0.9756,0,WARNING,38.5,5.5,26.0,6.5
22964,0.9099,0,WARNING,42.8,4.8,23.2,6.3
22965,0.9984,0,WARNING,45.2,5.8,26.0,5.9
22966,0.9985,0,WARNING,44.0,5.4,24.4,5.2
22967,0.9984,0,WARNING,47.1,5.9,25.2,5.0
22968,0.9985,0,WARNING,42.1,5.5,25.9,5.8
22969,0.9234,0,WARNING,46.2,5.8,24.2,6.5
22970,0.9296,0,WARNING,48.9,5.6,25.6,7.1
22971,0.9312,0,WARNING,46.3,5.0,24.9,6.6
22972,0.9985,0,WARNING,48.4,5.5,24.4,4.7
22973,0.9342,0,WARNING,45.6,6.0,26.6,7.4
22974,0.9298,0,WARNING,42.0,5.9,25.1,7.0
22975,0.9984,0,WARNING,41.6,5.7,25.6,5.2
22976,0.9984,0,WARNING,45.5,5.6,24.7,5.2
22977,0.9984,0,WARNING,43.9,6.0,25.4,5.1
22978,0.9984,0,WARNING,39.8,5.7,25.6,5.2
22979,0.9236,0,WARNING,44.3,5.8,25.0,6.7
22980,0.9984,0,WARNING,46.1,5.8,25.2,5.0
22981,0.9984,0,WARNING,42.7,6.1,26.1,5.8
22982,0.9888,0,WARNING,45.9,5.2,24.6,6.1
22983,0.9319,0,WARNING,48.2,5.8,25.6,7.1
22984,0.9242,0,WARNING,39.4,5.9,26.8,7.4
22985,0.9188,0,WARNING,38.2,5.0,24.5,6.6
22986,0.914,0,WARNING,38.8,5.7,25.8,6.9
22987,0.9889,0,WARNING,39.7,6.6,26.3,8.1
22988,1.0,0,ANOMALY,49.4,7.5,30.6,12.3
22989,1.0,0,WARNING,48.2,14.3,39.2,12.5
22990,0.9999,0,WARNING,45.7,7.8,32.5,12.5
22991,0.9986,0,WARNING,46.3,5.8,26.4,5.4
22992,0.9985,0,WARNING,42.7,5.3,23.3,4.4
22993,0.9886,0,WARNING,45.3,6.1,26.1,6.1
22994,0.9179,0,WARNING,41.7,6.3,28.7,8.0
22995,0.9119,0,WARNING,40.0,6.0,26.8,7.4
22996,0.9887,0,WARNING,44.1,6.3,26.4,6.7
22997,0.9887,0,WARNING,45.7,5.7,26.1,6.8
22998,0.9985,0,WARNING,48.3,5.8,25.3,5.5
22999,0.9985,0,WARNING,44.2,6.4,27.4,5.6
23000,0.9886,0,WARNING,48.3,5.6,23.3,5.7
23001,0.9985,0,WARNING,46.5,6.4,28.5,6.5
23002,0.9985,0,WARNING,47.1,6.4,26.8,5.4
23003,0.9885,0,WARNING,43.2,5.9,25.8,6.6
23004,0.9317,0,WARNING,45.0,5.7,26.2,7.1
23005,0.9277,0,WARNING,42.3,6.0,27.1,8.0
23006,0.9985,0,WARNING,49.0,6.2,26.3,5.9
23007,0.9985,0,WARNING,46.4,6.9,27.3,6.2
23008,0.9886,0,WARNING,51.4,6.2,26.7,6.8
23009,0.9985,0,WARNING,48.5,5.9,26.6,5.4
23010,0.9985,0,WARNING,47.0,6.5,26.5,5.7
23011,0.9396,0,WARNING,43.3,6.4,27.2,7.5
23012,0.9417,0,WARNING,47.2,6.5,26.3,7.1
23013,0.9886,0,WARNING,48.4,6.5,27.0,6.3
23014,0.946,0,WARNING,48.3,6.5,26.7,7.5
23015,0.9458,0,WARNING,47.3,6.1,26.6,7.3
23016,0.9886,0,WARNING,43.2,5.2,24.3,6.2
23017,0.9984,0,WARNING,47.0,6.0,25.2,5.3
23018,0.9888,0,WARNING,46.2,6.3,28.3,7.4
23019,0.9985,0,WARNING,46.6,7.1,27.3,6.0
23020,0.9447,0,WARNING,47.4,6.4,28.3,7.8
23021,0.9985,0,WARNING,47.1,5.8,26.8,5.5
23022,0.9985,0,WARNING,44.9,5.7,26.3,5.3
23023,0.9887,0,WARNING,45.0,6.1,26.4,6.7
23024,0.9985,0,WARNING,47.2,6.5,26.4,5.4
23025,0.9985,0,WARNING,45.2,6.2,26.9,5.6
23026,0.9887,0,WARNING,48.2,6.3,26.3,6.8
23027,0.9886,0,WARNING,46.1,6.3,27.1,7.1
23028,0.9985,0,WARNING,49.2,6.3,25.9,5.6
23029,0.9985,0,WARNING,48.1,6.1,26.5,5.3
23030,0.9985,0,WARNING,44.9,5.7,25.3,4.8
23031,0.9985,0,WARNING,48.4,6.3,26.4,5.3
23032,0.9985,0,WARNING,45.5,5.6,26.4,5.3
23033,0.9887,0,WARNING,49.3,6.3,26.0,6.6
23034,0.9985,0,WARNING,45.6,6.3,27.6,6.3
23035,0.9985,0,WARNING,43.9,6.1,26.1,5.7
23036,0.9411,0,WARNING,45.3,6.0,26.7,7.2
23037,0.9405,0,WARNING,45.1,5.6,24.0,6.5
23038,0.9985,0,WARNING,46.6,3.4,17.5,2.5
23039,0.9987,0,WARNING,44.7,11.6,26.3,7.9
23040,0.9887,0,WARNING,42.5,6.4,26.8,6.8
23041,0.9985,0,WARNING,45.5,5.5,25.8,5.8
23042,0.9985,0,WARNING,44.6,6.2,26.8,6.0
23043,0.9887,0,WARNING,39.9,5.6,25.2,6.4
23044,0.9984,0,WARNING,41.2,6.3,27.5,6.3
23045,0.9984,0,WARNING,45.0,6.5,26.8,6.1
23046,0.9984,0,WARNING,42.7,6.6,27.5,6.2
23047,0.9242,0,WARNING,43.0,6.9,26.6,8.5
23048,1.0,0,ANOMALY,48.1,5.3,25.7,10.9
23049,1.0,1,ANOMALY,51.9,27.7,42.6,19.4
23050,0.9876,1,WARNING,47.7,7.2,27.3,7.7
23051,0.9995,1,WARNING,47.4,6.4,25.8,8.9
23052,0.9985,0,WARNING,46.9,5.8,28.1,6.6
23053,0.9253,0,WARNING,41.5,6.6,29.0,8.1
23054,0.9885,0,WARNING,40.6,5.5,24.5,6.1
23055,0.9135,0,WARNING,38.4,6.6,28.8,8.2
23056,0.9205,0,WARNING,47.1,6.4,25.8,6.9
23057,0.9247,0,WARNING,46.3,6.7,28.0,7.8
23058,0.9985,0,WARNING,49.0,4.7,21.8,3.8
23059,0.9886,0,WARNING,48.1,9.6,25.5,7.8
23060,0.9985,0,WARNING,47.3,5.0,21.5,3.7
23061,0.9985,0,WARNING,45.3,4.7,17.2,2.5
23062,0.9889,0,WARNING,47.6,9.4,24.6,7.6
23063,0.9985,0,WARNING,42.4,5.9,25.8,5.1
23064,0.9344,0,WARNING,46.8,5.7,25.2,7.0
23065,0.9275,0,WARNING,41.5,3.2,17.1,4.1
23066,0.9891,0,WARNING,45.3,7.2,19.6,5.8
23067,0.9882,0,WARNING,46.7,10.1,25.1,8.3
23068,0.9985,0,WARNING,47.9,6.2,25.6,5.4
23069,0.9985,0,WARNING,44.4,6.3,26.0,5.6
23070,0.9985,0,WARNING,49.6,6.0,25.0,5.4
23071,0.9985,0,WARNING,42.9,5.8,25.2,5.0
23072,0.9887,0,WARNING,45.1,5.8,25.0,6.4
23073,0.9887,0,WARNING,40.2,2.8,16.9,3.1
23074,0.9757,0,WARNING,45.1,9.2,24.8,8.1
23075,0.9984,0,WARNING,47.3,5.6,24.7,5.3
23076,0.9985,0,WARNING,45.9,5.3,25.0,5.4
23077,0.9985,0,WARNING,40.8,5.7,25.6,5.6
23078,0.9984,0,WARNING,48.1,5.3,24.2,4.6
23079,0.9985,0,WARNING,45.1,5.3,25.1,5.3
23080,0.9984,0,WARNING,47.6,5.5,24.3,5.1
23081,0.9984,0,WARNING,42.9,5.1,24.9,5.5
23082,0.9984,0,WARNING,42.7,5.7,26.1,5.9
23083,0.9287,0,WARNING,45.2,5.3,23.4,6.2
23084,0.9277,0,WARNING,45.1,5.6,25.4,7.1
23085,0.9272,0,WARNING,44.3,5.5,23.9,6.4
23086,0.9985,0,WARNING,46.7,5.3,24.5,5.2
23087,0.9985,0,WARNING,43.2,6.1,25.2,5.0
23088,0.9984,0,WARNING,44.4,5.3,24.6,4.6
23089,0.9984,0,WARNING,46.4,5.5,25.1,4.8
23090,0.9318,0,WARNING,47.8,5.4,24.3,6.5
23091,0.925,0,WARNING,41.5,5.3,25.2,6.9
23092,0.9889,0,WARNING,38.7,5.3,25.5,6.5
23093,0.989,0,WARNING,43.3,4.9,23.6,5.8
23094,0.9217,0,WARNING,42.0,5.4,25.2,6.8
23095,0.9984,0,WARNING,32.3,1.3,16.3,2.1
23096,0.9893,0,WARNING,28.5,0.9,15.7,3.3
23097,0.9897,0,WARNING,27.9,1.0,15.9,3.3
23098,0.9982,0,WARNING,25.7,2.3,16.9,2.0
23099,0.99,0,WARNING,24.7,1.3,16.1,3.5
23100,0.9901,0,WARNING,24.3,2.3,18.3,4.1
23101,0.9982,0,WARNING,23.0,1.3,16.0,2.1
23102,0.9901,0,WARNING,22.5,2.0,17.8,4.0
23103,0.9982,0,WARNING,21.7,1.2,16.1,2.1
23104,0.9982,0,WARNING,21.4,1.4,16.1,2.5
23105,0.7932,0,WARNING,20.9,2.1,18.1,4.4
23106,0.9901,0,WARNING,20.8,1.4,16.3,3.3
23107,0.9901,0,WARNING,20.5,2.2,16.0,3.5
23108,0.9901,0,WARNING,20.3,1.8,18.0,3.9
23109,0.9982,0,WARNING,27.3,2.7,17.1,2.2
23110,0.99,0,WARNING,37.3,5.3,23.3,6.9
23111,1.0,0,WARNING,36.4,4.9,24.9,8.7
23112,1.0,0,WARNING,40.0,17.0,34.8,13.8
23113,0.7,0,WARNING,38.1,7.5,31.2,9.1
23114,1.0,0,WARNING,44.6,8.1,29.7,13.1
23115,0.7364,0,WARNING,32.8,5.7,26.7,7.3
23116,0.9887,0,WARNING,37.1,5.5,22.2,5.1
23117,0.9984,0,WARNING,40.4,7.3,27.2,5.9
23118,0.7664,0,WARNING,35.8,5.1,24.3,6.7
23119,0.9889,0,WARNING,31.8,1.9,16.5,3.5
23120,0.9893,0,WARNING,25.5,1.3,15.4,3.2
23121,0.9983,0,WARNING,33.3,4.2,19.8,2.9
23122,0.9897,0,WARNING,32.4,4.3,21.3,4.8
23123,0.7555,0,WARNING,38.5,5.3,24.5,6.4
23124,0.9894,0,WARNING,37.8,3.7,20.5,4.7
23125,0.9984,0,WARNING,40.4,5.7,26.1,5.9
23126,0.8286,0,WARNING,47.2,6.0,24.7,6.8
23127,0.9985,0,WARNING,43.5,5.8,27.3,5.8
23128,0.8415,0,WARNING,40.1,5.0,23.1,6.2
23129,0.9984,0,WARNING,41.3,6.1,26.6,5.4
23130,0.8553,0,WARNING,43.3,6.1,26.4,7.3
23131,0.9888,0,WARNING,42.2,6.3,26.9,6.9
23132,0.9985,0,WARNING,44.6,6.2,25.6,5.5
23133,0.8645,0,WARNING,38.5,6.4,28.2,7.8
23134,0.9985,0,WARNING,41.7,5.8,25.4,5.3
23135,0.9984,0,WARNING,39.4,6.6,27.9,6.0
23136,0.9984,0,WARNING,42.8,6.3,25.9,5.7
23137,0.9984,0,WARNING,43.0,6.1,26.1,5.7
23138,0.9984,0,WARNING,41.2,5.8,26.3,5.9
23139,0.8845,0,WARNING,43.5,5.9,26.1,7.2
23140,0.9888,0,WARNING,40.6,6.2,26.5,6.8
23141,0.9984,0,WARNING,45.0,5.9,24.5,5.1
23142,0.898,0,WARNING,44.8,6.0,27.1,7.5
23143,0.9985,0,WARNING,44.3,6.1,26.0,5.1
23144,0.9984,0,WARNING,43.3,6.2,26.9,6.2
23145,0.9984,0,WARNING,44.8,5.8,25.7,5.6
23146,0.9984,0,WARNING,46.5,6.1,25.6,5.7
23147,0.9887,0,WARNING,45.9,5.7,25.3,6.3
23148,0.9985,0,WARNING,42.8,6.1,27.7,6.4
23149,0.9985,0,WARNING,44.1,5.8,27.4,6.4
23150,0.9985,0,WARNING,44.6,6.1,26.0,5.3
23151,0.9173,0,WARNING,47.7,5.9,26.0,7.1
23152,0.9887,0,WARNING,45.2,6.1,27.2,7.0
23153,0.9215,0,WARNING,46.0,6.7,26.5,7.2
23154,0.9216,0,WARNING,45.8,5.8,25.6,7.1
23155,0.9985,0,WARNING,46.9,6.1,26.4,5.4
23156,0.9239,0,WARNING,46.3,6.1,26.2,7.3
23157,0.9985,0,WARNING,43.6,6.4,27.2,5.6
23158,0.9231,0,WARNING,43.3,5.8,27.0,7.6
23159,0.9985,0,WARNING,42.1,6.1,26.4,5.9
23160,0.9179,0,WARNING,42.1,6.4,26.1,7.1
23161,0.9985,0,WARNING,43.1,5.9,26.8,6.0
23162,0.9156,0,WARNING,41.4,6.1,26.7,7.3
23163,0.9984,0,WARNING,46.0,6.1,26.1,5.2
23164,0.9249,0,WARNING,46.8,6.1,26.1,7.3
23165,0.9985,0,WARNING,39.3,6.3,28.1,6.6
23166,0.9984,0,WARNING,44.1,6.4,26.8,6.0
23167,0.9984,0,WARNING,45.2,10.1,27.3,7.4
23168,1.0,0,ANOMALY,45.9,6.1,26.6,10.2
23169,0.9985,0,WARNING,46.8,12.4,31.7,9.1
23170,0.9257,0,WARNING,48.2,6.8,32.1,9.4
23171,1.0,0,WARNING,46.8,5.4,23.3,8.2
23172,0.9236,0,WARNING,45.4,5.6,30.0,10.7
23173,0.9885,0,WARNING,42.1,4.3,23.1,5.7
23174,0.9758,0,WARNING,41.8,4.5,22.6,5.3
23175,0.9095,0,WARNING,39.0,6.1,28.0,8.0
23176,0.9006,0,WARNING,36.0,4.8,22.0,5.8
23177,0.9984,0,WARNING,38.2,5.9,26.8,5.5
23178,0.9001,0,WARNING,39.9,6.2,28.1,8.0
23179,0.9889,0,WARNING,36.9,4.7,23.3,5.6
23180,0.9984,0,WARNING,39.9,6.8,27.0,5.4
23181,0.9984,0,WARNING,39.8,5.7,26.7,5.4
23182,0.9889,0,WARNING,39.8,5.8,25.4,6.4
23183,0.9984,0,WARNING,40.4,6.2,28.1,6.6
23184,0.9984,0,WARNING,41.9,6.2,26.4,5.8
23185,0.8877,0,WARNING,39.1,5.6,27.3,7.8
23186,0.9889,0,WARNING,44.1,5.4,24.4,6.0
23187,0.9985,0,WARNING,39.1,5.9,26.8,6.0
23188,0.9889,0,WARNING,42.7,6.3,27.8,7.2
23189,0.9888,0,WARNING,39.9,5.8,26.8,6.8
23190,0.9888,0,WARNING,46.3,5.2,23.3,5.7
23191,0.9985,0,WARNING,44.4,5.3,25.3,4.9
23192,0.9985,0,WARNING,44.9,6.4,28.9,6.8
23193,0.9886,0,WARNING,46.5,6.2,26.7,6.9
23194,0.906,0,WARNING,41.7,5.6,25.2,6.9
23195,0.9011,0,WARNING,40.1,5.1,25.2,6.9
23196,0.9984,0,WARNING,42.6,6.7,27.3,6.1
23197,0.9888,0,WARNING,43.4,4.7,23.6,5.8
23198,0.892,0,WARNING,35.2,6.2,29.2,8.3
23199,0.9889,0,WARNING,37.4,4.7,23.5,5.7
23200,0.9984,0,WARNING,40.0,5.9,26.7,5.9
23201,0.9984,0,WARNING,42.1,6.0,27.5,6.3
23202,0.9984,0,WARNING,49.0,5.9,26.0,5.8
23203,0.9985,0,WARNING,48.0,5.6,26.7,5.6
23204,0.9211,0,WARNING,47.7,5.9,28.4,8.0
23205,0.9985,0,WARNING,46.0,6.2,27.6,6.3
23206,0.9885,0,WARNING,44.3,6.5,27.9,7.2
23207,0.9985,0,WARNING,42.1,6.4,28.7,6.7
23208,0.926,0,WARNING,47.8,6.2,26.4,7.2
23209,0.9985,0,WARNING,46.6,6.1,27.5,6.3
23210,0.9985,0,WARNING,46.8,6.1,27.8,5.8
23211,0.9985,0,WARNING,41.0,6.3,27.5,6.2
23212,0.922,0,WARNING,40.9,5.7,28.7,8.1
23213,0.9887,0,WARNING,43.6,5.3,27.2,7.0
23214,0.9984,0,WARNING,45.1,5.4,27.1,6.3
23215,0.9247,0,WARNING,44.9,5.2,24.8,6.7
23216,0.9985,0,WARNING,43.9,5.6,28.2,6.6
23217,0.9135,0,WARNING,38.1,6.0,28.9,8.0
23218,0.9228,0,WARNING,47.1,5.3,24.9,6.6
23219,0.9985,0,WARNING,47.1,4.7,25.1,4.8
23220,0.9985,0,WARNING,45.8,5.3,24.2,4.6
23221,0.9326,0,WARNING,49.4,5.3,25.1,6.8
23222,0.9985,0,WARNING,40.1,4.6,25.0,5.5
23223,0.9984,0,WARNING,38.6,5.1,24.7,4.8
23224,0.9984,0,WARNING,40.8,4.7,25.2,5.1
23225,0.989,0,WARNING,43.9,5.0,22.8,5.6
23226,0.9984,0,WARNING,47.2,5.2,24.7,5.3
23227,0.9984,0,WARNING,41.9,7.8,27.2,6.8
23228,1.0,0,WARNING,49.8,9.5,35.1,14.7
23229,1.0,0,ANOMALY,54.7,16.2,31.8,8.0
23230,1.0,0,WARNING,52.0,6.9,33.0,15.2
23231,0.9986,0,WARNING,51.3,5.1,26.0,5.8
23232,0.9985,0,WARNING,48.3,5.2,26.2,5.9
23233,0.9884,0,WARNING,45.5,4.9,23.9,5.2
23234,0.9402,0,WARNING,46.5,5.2,25.8,7.1
23235,0.9984,0,WARNING,50.0,5.2,25.0,5.4
23236,0.9985,0,WARNING,46.9,4.9,24.5,5.1
23237,0.9428,0,WARNING,48.6,5.2,25.0,6.8
23238,0.9985,0,WARNING,53.1,5.0,24.0,4.9
23239,0.9985,0,WARNING,50.4,5.3,25.3,5.0
23240,0.9509,0,WARNING,47.7,4.8,25.7,7.1
23241,0.9886,0,WARNING,46.9,5.0,25.6,6.6
23242,0.9985,0,WARNING,44.9,4.0,21.9,4.3
23243,0.9984,0,WARNING,49.0,5.9,26.8,6.0
23244,0.9984,0,WARNING,50.3,4.8,25.3,5.1
23245,0.9985,0,WARNING,47.5,4.6,24.3,5.1
23246,0.9984,0,WARNING,41.9,4.5,24.7,5.4
23247,0.9889,0,WARNING,42.4,5.6,27.6,7.0
23248,0.9984,0,WARNING,43.1,5.1,25.9,5.1
23249,0.9379,0,WARNING,42.4,6.0,27.0,7.3
23250,0.9387,0,WARNING,45.4,5.7,24.5,6.5
23251,0.9889,0,WARNING,50.2,5.7,26.4,6.8
23252,0.9445,0,WARNING,46.0,5.0,24.5,6.6
23253,0.9888,0,WARNING,45.9,4.1,21.7,5.2
23254,0.9984,0,WARNING,46.6,5.8,26.2,5.7
23255,0.9984,0,WARNING,50.3,6.3,25.8,5.7
23256,0.9887,0,WARNING,48.6,6.0,27.6,7.1
23257,0.9886,0,WARNING,46.8,6.3,26.3,6.6
23258,0.9985,0,WARNING,46.9,5.8,26.7,5.4
23259,0.9985,0,WARNING,45.0,6.3,26.3,5.7
23260,0.9887,0,WARNING,51.8,6.0,25.3,6.3
23261,0.9985,0,WARNING,49.2,5.7,26.1,5.3
23262,0.9886,0,WARNING,48.3,6.1,25.9,6.6
23263,0.9985,0,WARNING,49.7,6.0,25.4,5.0
23264,0.9556,0,WARNING,52.7,5.6,26.1,7.0
23265,0.9985,0,WARNING,49.0,5.8,23.7,5.0
23266,0.9985,0,WARNING,36.4,3.1,16.0,2.5
23267,0.9371,0,WARNING,39.9,4.4,20.1,6.1
23268,0.9997,0,WARNING,41.7,4.7,14.7,6.2
23269,0.9983,0,WARNING,39.3,2.5,14.0,3.9
23270,0.9983,0,WARNING,36.6,1.5,12.0,5.4
23271,0.9202,0,WARNING,40.8,3.2,15.9,4.4
23272,0.9101,0,WARNING,35.7,2.9,15.5,5.6
23273,0.9975,0,WARNING,38.5,10.0,19.5,4.5
23274,0.9994,0,WARNING,37.0,12.6,24.1,7.8
23275,0.9984,0,WARNING,44.1,6.3,25.4,5.4
23276,0.9984,0,WARNING,42.7,5.4,21.5,3.7
23277,0.9891,0,WARNING,38.8,7.6,17.7,5.3
23278,0.9984,0,WARNING,40.8,3.7,20.6,4.1
23279,0.9984,0,WARNING,45.0,4.0,17.4,3.4
23280,0.9943,0,WARNING,40.6,8.6,20.4,6.0
23281,0.9984,0,WARNING,40.6,9.0,25.1,5.5
23282,0.9143,0,WARNING,46.6,3.4,15.6,5.3
23283,0.9986,0,WARNING,44.2,9.1,18.6,4.7
23284,0.9985,0,WARNING,37.9,4.6,20.3,4.4
23285,0.8916,0,WARNING,34.3,7.0,23.0,6.6
23286,0.9984,0,WARNING,35.3,3.6,17.7,2.4
23287,0.9983,0,WARNING,41.4,7.1,25.7,6.4
23288,1.0,0,WARNING,48.6,11.3,32.9,14.1
23289,0.9758,0,WARNING,46.5,9.0,30.7,10.0
23290,1.0,0,ANOMALY,45.5,9.0,30.9,14.9
23291,0.8913,0,WARNING,33.1,6.0,25.6,7.2
23292,0.9999,0,WARNING,31.0,14.6,26.3,8.4
23293,0.9748,0,WARNING,28.0,7.1,29.9,8.0
23294,0.9984,0,WARNING,26.3,6.2,28.7,7.0
23295,0.9984,0,WARNING,25.2,4.5,22.1,4.2
23296,0.9983,0,WARNING,24.4,5.7,25.0,5.0
23297,0.9983,0,WARNING,23.7,6.4,28.3,6.2
23298,0.7161,0,WARNING,23.2,6.3,27.8,8.0
23299,0.9983,0,WARNING,22.6,6.9,29.5,6.8
23300,0.9983,0,WARNING,21.9,6.2,26.6,6.3
23301,0.9983,0,WARNING,21.1,5.2,24.8,5.1
23302,0.5832,0,NORMAL,21.5,6.4,26.9,7.7
23303,0.9983,0,WARNING,20.8,6.0,26.2,5.5
23304,0.5084,0,NORMAL,20.3,6.2,26.9,7.6
23305,0.9983,0,WARNING,20.1,5.6,25.4,5.8
23306,0.9983,0,WARNING,19.9,5.7,26.3,6.1
23307,0.9894,0,WARNING,19.5,6.1,26.8,6.5
23308,0.9894,0,WARNING,18.8,4.1,22.6,5.8
23309,0.9895,0,WARNING,20.1,6.8,29.0,7.8
23310,0.9983,0,WARNING,20.2,6.4,26.6,6.2
23311,0.9893,0,WARNING,19.7,6.3,26.5,6.9
23312,0.4619,0,NORMAL,19.4,6.2,26.7,7.5
23313,0.4404,0,NORMAL,19.5,5.6,25.8,7.2
23314,0.9983,0,WARNING,19.3,6.1,26.5,6.2
23315,0.9893,0,WARNING,19.5,5.9,26.4,7.0
23316,0.9983,0,WARNING,19.5,5.8,26.2,6.0
23317,0.9983,0,WARNING,19.2,5.9,26.1,6.1
23318,0.4413,0,NORMAL,19.4,6.1,26.2,7.4
23319,0.9893,0,WARNING,19.3,6.2,25.9,6.7
23320,0.9983,0,WARNING,19.0,5.8,25.9,5.4
23321,0.443,0,NORMAL,19.1,5.9,26.3,7.4
23322,0.9894,0,WARNING,27.9,6.1,25.8,6.1
23323,0.9984,0,WARNING,30.0,6.7,26.6,5.7
23324,0.9984,0,WARNING,34.2,6.3,25.6,5.9
23325,0.4435,0,NORMAL,27.8,6.2,26.3,7.3
23326,0.9984,0,WARNING,34.6,5.7,26.2,6.1
23327,0.9984,0,WARNING,37.1,6.3,25.8,5.4
23328,0.6052,0,WARNING,37.9,6.6,26.4,7.4
23329,0.9985,0,WARNING,36.6,6.6,25.8,5.2
23330,0.9984,0,WARNING,36.8,6.0,26.3,6.0
23331,0.9984,0,WARNING,34.0,6.1,26.4,6.1
23332,0.9984,0,WARNING,37.5,6.9,26.5,5.9
23333,0.7266,0,WARNING,42.5,6.9,26.2,7.4
23334,0.7534,0,WARNING,42.6,5.7,25.7,7.1
23335,0.9985,0,WARNING,44.0,6.5,26.4,6.1
23336,0.9985,0,WARNING,45.3,6.5,25.8,5.8
23337,0.9985,0,WARNING,37.5,6.5,26.4,5.5
23338,0.9984,0,WARNING,46.0,6.4,26.4,6.1
23339,0.9985,0,WARNING,43.4,6.4,25.8,5.8
23340,0.9984,0,WARNING,46.2,6.2,25.6,5.2
23341,0.836,0,WARNING,34.4,6.4,27.2,8.2
23342,0.9984,0,WARNING,41.1,6.1,25.9,5.8
23343,0.9984,0,WARNING,40.0,6.4,26.5,6.2
23344,0.9887,0,WARNING,38.2,5.9,26.5,7.0
23345,0.9888,0,WARNING,43.8,5.7,24.6,6.3
23346,0.9985,0,WARNING,40.1,6.0,25.9,5.9
23347,0.9888,0,WARNING,45.5,8.4,27.3,7.7
23348,0.9999,0,WARNING,40.9,6.3,28.0,7.7
23349,1.0,0,ANOMALY,49.6,20.8,43.8,23.3
23350,0.9986,0,WARNING,51.3,6.7,28.9,6.5
23351,1.0,0,WARNING,47.4,9.9,31.4,13.1
23352,0.8936,0,WARNING,43.5,5.9,26.1,7.3
23353,0.9882,0,WARNING,44.3,5.9,25.4,6.6
23354,0.9985,0,WARNING,43.0,6.4,26.1,5.9
23355,0.9019,0,WARNING,46.9,6.0,26.5,7.3
23356,0.9985,0,WARNING,37.6,5.9,26.0,6.2
23357,0.9984,0,WARNING,43.2,9.2,25.8,6.0
23358,0.9985,0,WARNING,37.9,6.2,25.6,6.0
23359,0.877,0,WARNING,38.5,6.1,25.4,7.2
23360,0.9985,0,WARNING,43.2,6.7,22.1,4.8
23361,0.8838,0,WARNING,38.2,6.7,26.3,7.8
23362,0.8836,0,WARNING,39.3,6.7,26.3,7.8
23363,0.9985,0,WARNING,38.3,6.7,26.5,6.4
23364,0.9984,0,WARNING,37.4,6.7,25.8,6.3
23365,0.9984,0,WARNING,29.8,6.9,26.5,6.3
23366,0.989,0,WARNING,40.9,6.7,25.7,7.0
23367,0.8742,0,WARNING,41.9,6.7,25.6,7.5
23368,0.9985,0,WARNING,35.7,5.4,25.2,5.4
23369,0.9984,0,WARNING,38.9,6.4,26.4,7.0
23370,0.9984,0,WARNING,40.4,6.6,24.8,5.8
23371,0.9984,0,WARNING,41.9,7.0,25.7,5.7
23372,0.9985,0,WARNING,38.7,4.6,18.4,3.2
23373,0.8738,0,WARNING,40.6,6.4,26.7,7.9
23374,0.8791,0,WARNING,43.5,6.4,24.1,7.5
23375,0.9985,0,WARNING,40.4,5.5,22.8,5.3
23376,0.9985,0,WARNING,41.4,6.8,25.8,5.6
23377,0.9984,0,WARNING,35.8,5.2,23.1,4.8
23378,0.9984,0,WARNING,36.5,6.5,26.4,6.5
23379,0.9984,0,WARNING,29.2,6.8,27.6,6.8
23380,0.8402,0,WARNING,33.8,7.5,27.0,8.4
23381,0.9984,0,WARNING,37.5,6.7,26.4,6.5
23382,0.9984,0,WARNING,41.1,7.0,24.7,5.3
23383,0.9888,0,WARNING,33.9,6.2,25.7,7.1
23384,0.9984,0,WARNING,27.7,6.8,27.9,6.8
23385,0.9984,0,WARNING,26.2,6.7,27.9,6.8
23386,0.9984,0,WARNING,35.1,6.6,26.0,6.2
23387,0.8277,0,WARNING,41.4,6.3,24.1,7.0
23388,0.9755,0,WARNING,38.5,7.4,25.3,7.1
23389,0.9984,0,WARNING,34.0,7.1,27.3,6.5
23390,0.8289,0,WARNING,35.6,6.8,25.8,7.9
23391,0.9984,0,WARNING,40.8,6.0,23.9,5.5
23392,0.9985,0,WARNING,43.9,6.6,24.5,5.7
23393,0.835,0,WARNING,38.5,6.3,24.4,7.3
23394,0.9985,0,WARNING,38.3,7.0,25.5,6.3
23395,0.9985,0,WARNING,35.2,6.9,25.7,6.5
23396,0.9984,0,WARNING,34.5,7.1,25.9,6.7
23397,0.9888,0,WARNING,39.3,6.4,24.7,7.1
23398,0.9985,0,WARNING,36.5,7.0,25.4,5.8
23399,0.9984,0,WARNING,31.8,6.8,25.4,6.5
23400,0.9984,0,WARNING,33.4,7.1,24.6,6.1
23401,0.9984,0,WARNING,35.6,6.8,26.2,6.6
23402,0.9984,0,WARNING,32.1,7.0,26.1,6.0
23403,0.9889,0,WARNING,39.9,6.9,23.2,6.3
23404,0.9985,0,WARNING,40.0,5.5,21.4,5.1
23405,0.9985,0,WARNING,32.9,7.5,25.6,7.0
23406,0.9984,0,WARNING,28.2,7.1,26.5,6.6
23407,0.9748,0,WARNING,27.3,7.9,27.4,8.9
23408,1.0,0,ANOMALY,33.5,16.3,36.0,20.8
23409,0.9985,0,WARNING,44.7,10.1,29.9,8.2
23410,1.0,0,WARNING,48.2,9.1,27.9,12.0
23411,0.884,0,WARNING,42.1,8.0,26.9,10.4
23412,0.9986,0,WARNING,40.7,5.3,20.0,4.1
23413,0.8822,0,WARNING,38.4,6.8,24.8,7.6
23414,0.9758,0,WARNING,36.8,4.5,18.3,5.5
23415,0.8798,0,WARNING,35.9,6.7,26.2,8.2
23416,0.9984,0,WARNING,36.7,6.5,25.4,6.6
23417,0.9071,0,WARNING,34.0,5.0,18.8,6.7
23418,0.9891,0,WARNING,38.1,10.3,27.2,7.7
23419,0.9066,0,WARNING,34.9,5.3,24.3,8.3
23420,0.9985,0,WARNING,34.1,5.4,25.8,7.4
23421,0.9985,0,WARNING,33.6,5.2,26.2,6.6
23422,0.9889,0,WARNING,32.8,4.7,25.5,8.0
23423,0.989,0,WARNING,34.9,5.1,23.8,7.0
23424,0.9985,0,WARNING,36.0,5.7,21.7,5.7
23425,0.9271,0,WARNING,37.3,5.6,22.0,7.2
23426,0.9985,0,WARNING,33.3,4.1,21.8,5.3
23427,0.989,0,WARNING,33.9,4.8,19.9,5.9
23428,0.9984,0,WARNING,34.1,5.9,22.8,5.4
23429,0.9984,0,WARNING,35.0,5.2,21.7,5.0
23430,0.9891,0,WARNING,34.9,5.4,22.7,6.9
23431,0.989,0,WARNING,33.0,5.1,21.7,6.5
23432,0.9984,0,WARNING,36.1,4.6,19.9,4.6
23433,0.9891,0,WARNING,33.0,4.1,22.7,6.9
23434,0.9221,0,WARNING,34.6,4.8,21.5,7.0
23435,0.9891,0,WARNING,32.5,4.9,21.0,6.2
23436,0.9984,0,WARNING,35.6,5.6,22.7,5.4
23437,0.9891,0,WARNING,36.6,4.6,20.6,6.0
23438,0.9891,0,WARNING,35.6,4.5,21.1,6.1
23439,0.9984,0,WARNING,35.1,5.1,22.4,5.9
23440,0.9984,0,WARNING,33.4,5.6,22.0,5.1
23441,0.9984,0,WARNING,34.7,5.4,20.6,5.1
23442,0.9891,0,WARNING,37.4,4.7,20.5,6.0
23443,0.9173,0,WARNING,32.1,4.5,22.9,7.4
23444,0.9984,0,WARNING,37.8,5.2,21.6,5.4
23445,0.9984,0,WARNING,35.8,5.0,21.1,4.8
23446,0.9984,0,WARNING,37.9,5.2,22.2,5.6
23447,0.9984,0,WARNING,34.6,4.1,20.4,4.6
23448,0.9891,0,WARNING,36.6,4.8,21.2,6.3
23449,0.9891,0,WARNING,35.2,4.7,22.1,6.7
23450,0.9891,0,WARNING,36.5,5.5,21.2,6.3
23451,0.9146,0,WARNING,37.3,5.1,21.9,7.1
23452,0.9984,0,WARNING,35.9,4.5,20.9,4.8
23453,0.9891,0,WARNING,36.4,4.7,20.9,6.2
23454,0.9984,0,WARNING,32.9,4.2,22.4,5.3
23455,0.9984,0,WARNING,35.9,5.2,22.1,5.0
23456,0.9984,0,WARNING,31.8,4.0,18.5,4.4
23457,0.9893,0,WARNING,35.5,5.4,24.0,7.3
23458,0.9892,0,WARNING,36.3,5.1,21.9,5.8
23459,0.9891,0,WARNING,38.5,4.7,23.1,6.9
23460,0.9985,0,WARNING,37.8,5.1,22.0,5.7
23461,0.989,0,WARNING,34.3,4.4,20.2,5.9
23462,0.9891,0,WARNING,34.5,4.4,22.2,6.5
23463,0.9892,0,WARNING,34.9,4.6,21.9,5.7
23464,0.9984,0,WARNING,31.6,5.0,21.4,4.7
23465,0.905,0,WARNING,34.4,5.3,23.5,7.6
23466,0.8983,0,WARNING,34.4,4.6,20.7,6.5
23467,0.9892,0,WARNING,34.8,7.0,22.0,7.8
23468,1.0,0,ANOMALY,38.7,5.8,24.1,10.1
23469,1.0,0,ANOMALY,39.6,15.7,33.6,14.4
23470,0.9985,0,WARNING,36.2,6.2,30.6,9.9
23471,1.0,0,ANOMALY,36.3,9.2,32.0,17.9
23472,0.9986,0,WARNING,34.9,4.3,19.9,4.7
23473,0.9888,0,WARNING,31.3,3.7,19.4,5.5
23474,0.9984,0,WARNING,35.0,6.7,26.4,7.0
23475,0.896,0,WARNING,34.1,6.0,25.3,8.0
23476,0.8964,0,WARNING,31.6,5.1,21.7,6.8
23477,0.9984,0,WARNING,34.5,4.9,22.8,5.9
23478,0.9984,0,WARNING,35.3,5.2,21.3,4.8
23479,0.9984,0,WARNING,35.6,5.2,23.0,5.3
23480,0.9891,0,WARNING,35.2,5.1,23.1,6.8
23481,0.9891,0,WARNING,35.4,4.8,21.1,6.0
23482,0.8936,0,WARNING,32.6,4.6,22.3,7.1
23483,0.8924,0,WARNING,35.8,4.5,21.3,6.7
23484,0.9892,0,WARNING,35.2,5.0,22.7,6.7
23485,0.9985,0,WARNING,36.0,5.5,22.0,5.0
23486,0.9891,0,WARNING,34.1,4.4,21.6,6.2
23487,0.9984,0,WARNING,34.9,4.6,22.5,5.8
23488,0.9984,0,WARNING,30.9,4.1,21.2,4.7
23489,0.9984,0,WARNING,33.5,5.0,22.0,4.8
23490,0.9984,0,WARNING,34.5,5.4,23.6,5.4
23491,0.9892,0,WARNING,34.8,5.2,22.9,6.8
23492,0.9984,0,WARNING,32.2,4.8,22.9,5.4
23493,0.9891,0,WARNING,32.3,4.7,22.6,5.8
23494,0.9984,0,WARNING,32.9,4.8,22.9,5.8
23495,0.9984,0,WARNING,28.9,4.8,23.3,5.6
23496,0.9892,0,WARNING,31.4,4.8,22.2,6.5
23497,0.8822,0,WARNING,31.9,4.7,22.2,6.9
23498,0.8836,0,WARNING,32.0,4.7,21.6,6.6
23499,0.8759,0,WARNING,32.2,5.8,25.0,7.7
23500,0.9984,0,WARNING,35.0,5.3,22.6,5.1
23501,0.9985,0,WARNING,30.9,4.4,22.9,5.4
23502,0.882,0,WARNING,32.0,4.8,22.2,7.0
23503,0.8785,0,WARNING,32.9,5.0,22.1,6.9
23504,0.9984,0,WARNING,31.4,4.7,23.1,5.9
23505,0.8711,0,WARNING,32.1,5.2,23.2,7.1
23506,0.9984,0,WARNING,34.0,5.6,22.1,4.8
23507,0.9892,0,WARNING,31.7,4.4,22.6,6.6
23508,0.8705,0,WARNING,29.1,4.9,22.4,6.9
23509,0.9892,0,WARNING,34.4,5.1,23.9,7.0
23510,0.9984,0,WARNING,32.5,5.1,22.0,4.9
23511,0.9984,0,WARNING,35.5,5.1,22.9,5.3
23512,0.9891,0,WARNING,33.6,4.7,23.2,6.8
23513,0.9891,0,WARNING,34.4,4.9,21.7,6.1
23514,0.9891,0,WARNING,32.1,5.4,25.4,7.4
23515,0.864,0,WARNING,30.1,5.4,23.2,7.0
23516,0.9984,0,WARNING,34.5,5.1,22.3,4.8
23517,0.9891,0,WARNING,33.8,4.6,22.1,6.3
23518,0.9984,0,WARNING,34.4,5.2,22.7,5.2
23519,0.9891,0,WARNING,28.5,5.3,24.0,7.0
23520,0.9984,0,WARNING,32.7,4.8,23.8,5.6
23521,0.9984,0,WARNING,33.1,5.0,23.4,5.5
23522,0.9891,0,WARNING,35.4,4.7,22.3,6.4
23523,0.9984,0,WARNING,36.1,4.9,22.1,5.3
23524,0.8667,0,WARNING,34.3,4.8,23.8,7.3
23525,0.9891,0,WARNING,35.2,5.4,22.5,6.4
23526,0.9891,0,WARNING,27.9,5.3,23.4,6.5
23527,0.9892,0,WARNING,37.3,8.1,24.1,8.2
23528,1.0,0,ANOMALY,41.6,18.5,35.1,20.7
23529,0.9975,0,WARNING,37.9,6.4,32.1,11.3
23530,1.0,0,ANOMALY,39.3,7.9,30.6,16.2
23531,0.9883,0,WARNING,36.5,5.5,24.4,7.2
23532,0.9886,0,WARNING,30.7,4.8,22.3,6.1
23533,0.9888,0,WARNING,35.1,5.3,23.5,6.6
23534,0.9889,0,WARNING,32.2,4.8,24.4,7.1
23535,0.9984,0,WARNING,32.0,5.2,22.7,5.0
23536,0.9984,0,WARNING,33.6,4.3,24.0,6.2
23537,0.9891,0,WARNING,34.0,5.2,22.7,6.6
23538,0.8571,0,WARNING,34.9,4.8,21.7,6.7
23539,0.8584,0,WARNING,33.6,5.5,24.3,7.6
23540,0.9985,0,WARNING,36.7,5.1,22.2,4.8
23541,0.9891,0,WARNING,35.2,5.6,24.5,7.0
23542,0.9985,0,WARNING,33.5,4.9,22.2,4.8
23543,0.9891,0,WARNING,35.4,4.6,22.2,6.4
23544,0.9891,0,WARNING,33.9,5.4,25.1,7.3
23545,0.9985,0,WARNING,36.5,5.5,22.8,5.6
23546,0.9985,0,WARNING,35.4,5.1,22.5,5.0
23547,0.9984,0,WARNING,33.4,4.7,23.9,5.6
23548,0.9984,0,WARNING,35.3,5.1,22.0,4.7
23549,0.9891,0,WARNING,36.4,5.8,24.2,6.8
23550,0.9985,0,WARNING,35.1,5.4,23.4,5.1
23551,0.989,0,WARNING,34.5,5.3,24.3,7.0
23552,0.9985,0,WARNING,33.9,4.9,22.9,5.3
23553,0.9891,0,WARNING,34.1,4.9,22.2,5.6
23554,0.9891,0,WARNING,31.6,5.3,23.9,6.7
23555,0.9984,0,WARNING,32.7,4.5,23.7,5.5
23556,0.9984,0,WARNING,34.4,5.3,23.6,5.4
23557,0.9984,0,WARNING,36.6,5.3,21.9,4.7
23558,0.9984,0,WARNING,33.1,4.6,23.0,5.0
23559,0.9984,0,WARNING,34.2,5.4,24.7,5.7
23560,0.8442,0,WARNING,34.0,5.2,22.5,6.9
23561,0.9891,0,WARNING,33.0,5.5,24.3,6.9
23562,0.8405,0,WARNING,34.2,5.6,22.4,6.7
23563,0.9984,0,WARNING,33.1,4.6,23.6,5.5
23564,0.9984,0,WARNING,33.8,5.2,24.2,5.6
23565,0.9891,0,WARNING,35.2,5.5,22.9,6.5
23566,0.9984,0,WARNING,33.4,4.8,22.9,5.0
23567,0.9984,0,WARNING,33.1,5.0,23.8,5.4
23568,0.9891,0,WARNING,34.0,5.2,21.7,5.9
23569,0.9892,0,WARNING,34.4,5.0,24.5,7.1
23570,0.9984,0,WARNING,34.2,5.7,24.5,6.1
23571,0.9891,0,WARNING,34.5,5.9,22.7,6.3
23572,0.9984,0,WARNING,34.4,5.2,22.7,5.1
23573,0.9891,0,WARNING,33.7,4.6,23.6,6.8
23574,0.9984,0,WARNING,31.8,4.1,22.4,5.4
23575,0.9984,0,WARNING,32.2,5.3,24.2,6.0
23576,0.9984,0,WARNING,35.8,6.0,23.6,5.2
23577,0.9984,0,WARNING,32.4,5.0,23.1,5.2
23578,0.9984,0,WARNING,31.0,4.0,22.2,4.9
23579,0.9984,0,WARNING,32.9,5.7,23.2,5.1
23580,0.9892,0,WARNING,32.7,5.5,24.7,7.1
23581,0.9984,0,WARNING,32.9,5.5,22.8,4.9
23582,0.8341,0,WARNING,33.0,4.6,23.1,7.2
23583,0.9984,0,WARNING,32.8,4.5,22.0,5.3
23584,0.9984,0,WARNING,34.3,4.9,22.7,5.4
23585,0.9984,0,WARNING,34.2,5.3,23.7,5.3
23586,0.9984,0,WARNING,33.7,5.9,24.1,5.3
23587,0.7693,0,WARNING,34.9,5.9,24.0,8.6
23588,1.0,0,ANOMALY,38.4,10.7,30.3,17.3
23589,0.9998,0,WARNING,37.5,13.1,34.8,13.5
23590,1.0,0,ANOMALY,38.1,6.1,25.9,9.5
23591,0.9992,0,WARNING,36.7,7.5,31.9,12.6
23592,0.9885,0,WARNING,33.5,4.6,23.4,6.7
23593,0.9985,0,WARNING,30.4,5.0,22.3,4.7
23594,0.9984,0,WARNING,30.9,4.7,23.3,5.5
23595,0.9749,0,WARNING,31.8,5.5,23.5,6.5
23596,0.9892,0,WARNING,31.8,5.5,24.5,7.1
23597,0.9892,0,WARNING,33.1,5.3,22.9,6.5
23598,0.9984,0,WARNING,32.4,4.7,21.9,5.1
23599,0.9892,0,WARNING,31.0,4.6,23.3,6.0
23600,0.9984,0,WARNING,34.3,5.6,23.3,5.1
23601,0.9984,0,WARNING,36.0,6.2,24.4,5.5
23602,0.9891,0,WARNING,30.9,4.7,22.7,6.3
23603,0.9891,0,WARNING,31.7,3.7,22.4,6.2
23604,0.8242,0,WARNING,31.5,4.1,21.8,6.7
23605,0.8238,0,WARNING,34.2,4.6,22.4,6.7
23606,0.823,0,WARNING,33.4,4.1,23.8,7.4
23607,0.9985,0,WARNING,34.2,4.5,21.7,4.6
23608,0.9984,0,WARNING,34.9,6.2,22.1,5.3
23609,0.9984,0,WARNING,35.8,5.2,23.3,5.6
23610,0.9891,0,WARNING,37.8,5.0,23.3,6.5
23611,0.9891,0,WARNING,36.0,5.2,24.4,6.9
23612,0.989,0,WARNING,34.7,4.0,19.2,5.1
23613,0.9892,0,WARNING,35.5,4.5,25.0,7.3
23614,0.8574,0,WARNING,33.0,4.7,23.4,6.9
23615,0.9892,0,WARNING,30.1,5.6,24.0,6.9
23616,0.8553,0,WARNING,30.6,5.9,23.0,7.0
23617,0.8598,0,WARNING,30.1,5.5,23.1,7.2
23618,0.9984,0,WARNING,32.2,5.8,22.8,5.1
23619,0.9892,0,WARNING,30.0,5.4,22.9,5.7
23620,0.9984,0,WARNING,32.0,5.1,22.9,5.1
23621,0.9892,0,WARNING,28.6,5.5,23.4,6.8
23622,0.9984,0,WARNING,31.9,5.9,23.8,5.4
23623,0.9984,0,WARNING,28.6,4.8,22.3,5.0
23624,0.9984,0,WARNING,24.0,4.5,22.4,5.6
23625,0.9983,0,WARNING,29.9,5.2,21.6,5.2
23626,0.9984,0,WARNING,29.9,5.7,24.1,6.0
23627,0.9984,0,WARNING,29.4,5.4,23.7,5.3
23628,0.9892,0,WARNING,31.5,5.1,20.7,5.5
23629,0.9892,0,WARNING,29.7,5.0,23.7,6.9
23630,0.9984,0,WARNING,32.1,5.1,21.3,4.6
23631,0.9892,0,WARNING,31.7,6.2,24.1,6.9
23632,0.9984,0,WARNING,31.6,5.6,23.7,6.0
23633,0.9891,0,WARNING,33.3,4.7,20.9,5.0
23634,0.9892,0,WARNING,27.9,4.0,23.2,6.1
23635,0.9892,0,WARNING,31.5,5.9,23.2,6.5
23636,0.9984,0,WARNING,32.3,5.3,21.8,4.6
23637,0.8472,0,WARNING,31.3,5.3,22.6,6.9
23638,0.9984,0,WARNING,28.7,4.5,22.6,5.0
23639,0.9984,0,WARNING,29.7,4.8,23.4,5.3
23640,0.9984,0,WARNING,31.0,4.9,21.2,4.6
23641,0.9893,0,WARNING,32.6,5.7,23.9,6.8
23642,0.9984,0,WARNING,35.1,5.8,22.9,5.6
23643,0.9984,0,WARNING,30.9,4.8,22.5,5.0
23644,0.8403,0,WARNING,31.6,4.4,20.1,5.9
23645,0.9984,0,WARNING,29.7,5.2,23.1,5.0
23646,0.9984,0,WARNING,28.2,6.1,24.4,5.9
23647,0.9984,0,WARNING,28.9,6.2,23.8,6.6
23648,1.0,0,ANOMALY,33.2,17.8,38.4,22.2
23649,0.9992,0,WARNING,29.4,6.4,29.8,10.7
23650,1.0,0,ANOMALY,35.8,11.6,26.8,14.8
23651,0.9887,0,WARNING,31.8,5.7,25.0,7.2
23652,0.9985,0,WARNING,29.3,5.3,23.3,5.1
23653,0.989,0,WARNING,31.6,5.7,22.6,6.1
23654,0.989,0,WARNING,28.5,4.4,23.1,6.5
23655,0.9984,0,WARNING,30.4,5.2,22.3,4.8
23656,0.9984,0,WARNING,29.2,5.5,22.5,4.9
23657,0.9984,0,WARNING,30.6,5.7,23.3,5.7
23658,0.9892,0,WARNING,29.1,4.7,22.0,6.2
23659,0.9893,0,WARNING,30.3,5.1,22.2,6.2
23660,0.9984,0,WARNING,30.2,5.6,22.5,5.4
23661,0.9984,0,WARNING,28.4,5.3,22.0,4.5
23662,0.9893,0,WARNING,30.5,5.2,23.4,6.5
23663,0.9893,0,WARNING,28.9,5.3,22.3,5.5
23664,0.9984,0,WARNING,32.4,4.8,21.5,5.0
23665,0.9893,0,WARNING,27.0,4.9,22.2,6.2
23666,0.8292,0,WARNING,31.3,4.9,21.3,6.3
23667,0.9893,0,WARNING,27.4,5.2,23.6,6.6
23668,0.9893,0,WARNING,28.9,5.2,22.5,6.3
23669,0.9984,0,WARNING,27.0,4.7,21.4,4.3
23670,0.9894,0,WARNING,27.5,4.6,23.1,6.4
23671,0.9984,0,WARNING,27.3,4.9,22.1,5.3
23672,0.9984,0,WARNING,29.0,5.6,22.7,5.4
23673,0.9894,0,WARNING,27.1,4.8,22.3,6.2
23674,0.9984,0,WARNING,26.2,4.2,21.8,4.8
23675,0.9984,0,WARNING,30.3,4.6,20.4,4.2
23676,0.9894,0,WARNING,24.2,4.7,23.5,6.7
23677,0.9984,0,WARNING,28.5,4.8,20.7,4.2
23678,0.9983,0,WARNING,30.2,4.7,22.5,4.8
23679,0.9984,0,WARNING,27.5,4.5,20.7,4.1
23680,0.9984,0,WARNING,28.0,4.6,22.7,5.0
23681,0.9894,0,WARNING,29.8,4.4,19.3,5.1
23682,0.8124,0,WARNING,28.6,5.4,24.0,7.3
23683,0.9894,0,WARNING,29.0,5.0,21.7,6.0
23684,0.9984,0,WARNING,27.6,4.8,21.0,4.9
23685,0.9984,0,WARNING,29.3,4.3,22.3,5.4
23686,0.9984,0,WARNING,27.9,4.5,21.2,5.0
23687,0.9984,0,WARNING,28.0,4.6,20.9,4.2
23688,0.9984,0,WARNING,28.5,4.8,21.0,4.2
23689,0.9894,0,WARNING,29.4,4.2,21.9,6.1
23690,0.9984,0,WARNING,28.6,4.4,20.4,4.1
23691,0.9984,0,WARNING,27.5,4.9,22.4,4.9
23692,0.9984,0,WARNING,30.0,5.3,21.7,4.7
