t,score,true_label,status,CPU / Load,Memory,Disk,Network
0,0.1996,0,NORMAL,6.8,1.7,1.9,6.0
1,0.1441,0,NORMAL,6.8,1.7,2.4,6.2
2,0.1827,0,NORMAL,6.8,1.6,3.0,6.8
3,0.4694,0,NORMAL,6.9,2.8,10.3,10.8
4,1.0,0,ANOMALY,10.1,17.9,5.4,7.4
5,0.4025,0,NORMAL,6.9,2.3,2.4,6.3
6,0.1148,0,NORMAL,6.7,1.7,1.9,6.0
7,0.3865,0,NORMAL,6.8,1.9,1.9,6.2
8,0.2448,0,NORMAL,6.9,2.1,6.4,8.8
9,0.2831,0,NORMAL,7.1,2.3,7.6,9.1
10,0.9947,0,WARNING,7.1,1.9,2.4,8.9
11,0.3286,0,NORMAL,7.1,1.9,2.1,6.2
12,0.3532,0,NORMAL,7.1,2.4,2.3,6.2
13,0.1701,0,NORMAL,7.1,2.0,2.7,6.6
14,1.0,0,ANOMALY,12.7,22.4,10.0,11.0
15,0.6054,0,WARNING,7.0,1.8,2.2,6.2
16,0.2169,0,NORMAL,7.0,2.1,1.8,5.9
17,0.1113,0,NORMAL,7.0,1.6,1.8,6.2
18,0.1327,0,NORMAL,7.0,1.9,1.7,6.4
19,0.4805,0,NORMAL,7.1,3.1,10.6,11.7
20,0.2289,0,NORMAL,7.0,2.2,1.8,6.1
21,0.1309,0,NORMAL,7.0,1.7,1.8,6.5
22,0.1573,0,NORMAL,7.1,2.1,2.0,6.2
23,0.1847,0,NORMAL,7.2,1.8,2.2,6.1
24,1.0,0,ANOMALY,10.8,19.3,11.1,11.7
25,0.558,0,NORMAL,7.4,2.4,2.2,6.0
26,0.3546,0,NORMAL,7.3,2.5,2.0,6.4
27,0.1531,0,NORMAL,7.3,1.4,1.8,6.2
28,0.1285,0,NORMAL,7.3,1.7,2.0,6.2
29,0.4804,0,NORMAL,7.3,2.8,10.7,11.8
30,0.2849,0,NORMAL,7.3,1.9,2.2,6.2
31,0.2056,0,NORMAL,7.3,1.8,1.8,6.0
32,0.2218,0,NORMAL,7.3,1.9,2.3,6.1
33,0.2352,0,NORMAL,7.3,1.8,1.8,6.1
34,1.0,0,ANOMALY,12.0,21.2,10.6,11.8
35,0.6058,0,WARNING,7.2,1.8,1.9,6.3
36,0.1863,0,NORMAL,7.1,1.7,2.3,6.1
37,0.1364,0,NORMAL,7.1,2.2,2.0,6.2
38,0.3064,0,NORMAL,7.1,1.9,1.9,6.2
39,0.4805,0,NORMAL,7.2,2.8,10.7,11.6
40,0.9991,0,WARNING,7.0,2.0,2.1,9.5
41,0.3516,0,NORMAL,7.0,1.9,1.9,6.0
42,0.1587,0,NORMAL,6.9,1.8,1.7,6.2
43,0.1807,0,NORMAL,6.9,1.8,1.8,6.6
44,1.0,0,ANOMALY,10.6,19.3,10.9,12.0
45,0.5166,0,NORMAL,7.0,2.0,3.0,6.3
46,0.3074,0,NORMAL,7.0,1.8,1.8,6.1
47,0.2162,0,NORMAL,7.0,1.8,2.0,5.9
48,0.1384,0,NORMAL,6.9,1.7,2.2,6.3
49,0.4805,0,NORMAL,6.9,2.5,10.7,12.0
50,0.2494,0,NORMAL,6.9,1.9,3.0,6.2
51,0.1188,0,NORMAL,6.9,1.8,1.8,6.2
52,0.1432,0,NORMAL,6.9,1.8,1.8,6.1
53,0.1719,0,NORMAL,6.9,1.7,1.8,6.3
54,1.0,0,ANOMALY,10.1,19.4,9.1,10.7
55,0.4899,0,NORMAL,6.9,2.3,4.1,7.4
56,0.1344,0,NORMAL,6.9,1.9,2.0,6.1
57,0.1163,0,NORMAL,6.9,1.9,2.0,6.4
58,0.1297,0,NORMAL,6.9,2.2,1.8,6.4
59,0.2207,0,NORMAL,6.9,2.3,6.0,8.7
60,0.2525,0,NORMAL,6.9,2.8,7.2,9.0
61,0.1653,0,NORMAL,6.9,1.5,2.1,6.1
62,0.3869,0,NORMAL,6.8,2.4,1.7,6.0
63,0.3066,0,NORMAL,6.8,2.2,1.9,6.3
64,1.0,0,ANOMALY,10.5,18.7,2.9,6.6
65,0.4417,0,NORMAL,7.1,4.4,9.7,11.0
66,0.3266,0,NORMAL,6.8,2.2,1.8,6.2
67,0.2132,0,NORMAL,6.8,2.5,1.8,6.3
68,0.2075,0,NORMAL,6.8,1.7,2.2,6.3
69,0.2163,0,NORMAL,6.8,1.8,2.0,6.1
70,0.998,0,WARNING,7.0,3.5,10.7,14.8
71,0.5248,0,NORMAL,6.9,1.7,1.8,6.0
72,0.1752,0,NORMAL,6.9,1.7,1.8,6.4
73,0.169,0,NORMAL,6.9,2.1,1.7,6.1
74,1.0,0,ANOMALY,12.1,20.8,2.1,6.2
75,0.4809,0,NORMAL,6.9,3.2,10.6,11.6
76,0.2932,0,NORMAL,6.9,1.8,2.1,6.4
77,0.1969,0,NORMAL,6.9,1.8,1.9,6.4
78,0.3069,0,NORMAL,6.9,2.0,1.8,6.0
79,0.2007,0,NORMAL,6.9,2.0,1.8,6.4
80,0.5016,0,NORMAL,7.0,2.6,10.9,11.7
81,0.2588,0,NORMAL,6.9,1.4,1.9,6.4
82,0.1757,0,NORMAL,6.9,1.7,1.9,6.3
83,0.1606,0,NORMAL,7.0,1.8,2.2,6.4
84,1.0,0,ANOMALY,11.5,19.5,2.0,6.4
85,0.502,0,NORMAL,7.3,3.4,11.0,11.5
86,0.3443,0,NORMAL,7.2,1.4,2.1,6.1
87,0.4878,0,NORMAL,7.2,2.3,2.1,6.3
88,0.2129,0,NORMAL,7.1,2.1,2.1,6.3
89,0.1663,0,NORMAL,7.1,2.2,1.9,6.4
90,0.4858,0,NORMAL,7.2,2.8,10.7,11.7
91,0.2739,0,NORMAL,7.1,1.5,1.9,6.2
92,0.128,0,NORMAL,7.1,2.3,1.8,6.3
93,0.1527,0,NORMAL,7.1,1.4,1.9,6.9
94,1.0,0,ANOMALY,12.2,20.7,2.0,6.6
95,0.5123,0,NORMAL,7.2,3.3,11.2,11.9
96,0.3439,0,NORMAL,7.1,1.5,2.9,6.4
97,0.1552,0,NORMAL,7.1,1.7,2.2,6.4
98,0.1708,0,NORMAL,7.1,3.0,2.3,6.4
99,0.1713,0,NORMAL,7.1,2.0,1.9,6.5
100,0.9913,0,WARNING,7.2,3.1,11.2,14.8
101,0.4976,0,NORMAL,7.1,2.7,2.6,6.9
102,0.2182,0,NORMAL,7.1,2.0,2.5,6.4
103,0.1786,0,NORMAL,7.1,1.9,2.4,6.4
104,1.0,0,ANOMALY,10.4,18.4,1.9,6.5
105,0.418,0,NORMAL,7.1,3.5,9.4,11.2
106,0.2523,0,NORMAL,7.1,2.5,4.1,7.5
107,0.0928,0,NORMAL,7.1,1.5,2.4,6.6
108,0.1072,0,NORMAL,7.1,2.5,2.0,6.5
109,0.1242,0,NORMAL,7.1,2.1,1.9,6.5
110,0.2206,0,NORMAL,7.1,2.2,6.0,9.2
111,0.2524,0,NORMAL,7.1,2.9,7.2,9.2
112,0.1617,0,NORMAL,7.1,1.7,2.2,6.8
113,0.1381,0,NORMAL,7.1,2.2,2.8,6.7
114,1.0,0,ANOMALY,11.9,20.3,1.9,6.3
115,0.4109,0,NORMAL,7.1,3.0,3.2,7.1
116,0.4358,0,NORMAL,7.2,2.9,9.9,11.1
117,0.1881,0,NORMAL,7.1,2.1,1.9,6.5
118,0.2174,0,NORMAL,7.1,2.0,1.9,6.8
119,0.16,0,NORMAL,7.1,2.6,2.0,6.7
120,0.1479,0,NORMAL,7.2,1.6,2.5,6.6
121,0.5118,0,NORMAL,7.3,3.6,11.2,12.1
122,0.2983,0,NORMAL,7.2,2.0,2.2,6.4
123,0.1583,0,NORMAL,7.2,1.7,2.2,6.8
124,1.0,0,ANOMALY,11.5,19.9,2.6,7.4
125,0.405,0,NORMAL,7.2,2.0,2.3,7.1
126,0.513,0,NORMAL,7.5,4.7,11.0,12.5
127,0.2623,0,NORMAL,7.2,1.9,2.2,7.2
128,0.1501,0,NORMAL,7.2,2.9,2.3,7.1
129,0.1653,0,NORMAL,7.3,2.0,2.6,7.7
130,0.9875,0,WARNING,7.4,2.5,3.0,10.2
131,0.4964,0,NORMAL,7.6,3.9,11.3,12.5
132,0.3366,0,NORMAL,7.5,1.5,2.1,6.7
133,0.1514,0,NORMAL,7.5,1.9,1.9,6.3
134,1.0,0,ANOMALY,11.9,19.5,1.9,6.3
135,0.3114,0,NORMAL,7.5,2.1,1.8,6.5
136,0.4861,0,NORMAL,7.6,3.1,10.8,12.0
137,0.1937,0,NORMAL,7.5,1.9,2.1,6.7
138,0.104,0,NORMAL,7.5,2.0,1.9,6.5
139,0.2205,0,NORMAL,7.5,1.8,2.0,6.4
140,0.1697,0,NORMAL,7.5,1.9,2.0,6.4
141,0.4804,0,NORMAL,7.6,3.0,10.8,11.9
142,0.2767,0,NORMAL,7.4,1.6,1.9,6.4
143,0.1401,0,NORMAL,7.5,1.7,1.9,6.5
144,1.0,0,ANOMALY,11.6,19.4,1.9,6.7
145,0.3615,0,NORMAL,7.5,2.4,2.2,6.7
146,0.5019,0,NORMAL,7.6,3.1,11.2,12.3
147,0.2499,0,NORMAL,7.5,1.9,2.5,7.0
148,0.1707,0,NORMAL,7.5,2.3,1.9,6.6
149,0.2799,0,NORMAL,7.5,1.3,1.7,6.3
150,0.1801,0,NORMAL,7.5,2.1,1.9,6.9
151,0.4749,0,NORMAL,7.6,3.4,10.6,12.0
152,0.2871,0,NORMAL,7.4,1.8,2.7,6.7
153,0.1301,0,NORMAL,7.4,1.7,2.2,6.5
154,1.0,0,ANOMALY,11.1,18.3,2.2,6.7
155,0.3284,0,NORMAL,7.4,2.5,2.0,6.6
156,0.4117,0,NORMAL,7.5,2.7,9.3,10.9
157,0.2196,0,NORMAL,7.4,2.1,4.7,7.5
158,0.2206,0,NORMAL,7.4,2.7,2.2,6.6
159,0.1703,0,NORMAL,7.4,2.1,2.2,6.6
160,0.9923,0,WARNING,7.4,1.5,2.1,9.4
161,0.2627,0,NORMAL,7.4,2.8,6.1,9.2
162,0.2524,0,NORMAL,7.4,2.6,7.3,9.7
163,0.1347,0,NORMAL,7.4,1.6,2.2,6.6
164,1.0,0,ANOMALY,11.8,20.1,2.1,6.6
165,0.3427,0,NORMAL,7.4,2.5,1.8,6.7
166,0.2163,0,NORMAL,7.4,1.7,2.8,7.2
167,0.4472,0,NORMAL,7.6,2.8,10.0,12.2
168,0.1863,0,NORMAL,7.5,1.5,2.0,6.6
169,0.2061,0,NORMAL,7.6,1.5,2.8,6.9
170,0.1409,0,NORMAL,7.6,1.5,2.1,7.1
171,0.1671,0,NORMAL,7.6,1.4,2.2,7.1
172,0.4963,0,NORMAL,7.7,3.0,11.2,11.9
173,0.3073,0,NORMAL,7.6,1.7,2.7,6.8
174,1.0,0,ANOMALY,10.3,17.4,2.0,6.7
175,0.2518,0,NORMAL,7.5,2.0,2.0,6.7
176,0.4778,0,NORMAL,7.6,2.7,2.1,6.8
177,0.5069,0,NORMAL,7.6,2.9,11.4,12.6
178,0.5344,0,NORMAL,7.6,2.3,2.5,7.4
179,0.0935,0,NORMAL,7.5,1.8,2.3,7.4
180,0.3062,0,NORMAL,7.5,1.2,2.0,7.2
181,0.2168,0,NORMAL,7.5,1.6,2.0,6.9
182,0.4857,0,NORMAL,7.6,3.1,11.0,12.3
183,0.2977,0,NORMAL,7.5,1.7,2.1,6.6
184,1.0,0,ANOMALY,11.5,19.3,2.2,6.8
185,0.354,0,NORMAL,7.5,1.8,1.9,6.8
186,0.1118,0,NORMAL,7.6,2.2,1.9,6.8
187,0.4806,0,NORMAL,7.6,2.2,10.9,12.3
188,0.2295,0,NORMAL,7.5,1.8,2.5,6.9
189,0.1297,0,NORMAL,7.5,2.1,2.0,6.8
190,0.9913,0,WARNING,7.5,2.0,2.1,9.4
191,0.2746,0,NORMAL,7.5,1.7,2.4,6.9
192,0.5118,0,NORMAL,7.6,3.5,11.3,12.6
193,0.2694,0,NORMAL,7.5,1.5,2.9,6.9
194,1.0,0,ANOMALY,11.1,18.4,2.3,7.4
195,0.2763,0,NORMAL,7.5,2.0,2.5,7.0
196,0.3069,0,NORMAL,7.5,1.2,2.4,6.5
197,0.486,0,NORMAL,7.6,2.9,11.0,12.8
198,0.211,0,NORMAL,7.5,2.4,3.6,7.1
199,0.1715,0,NORMAL,7.5,2.0,2.2,6.6
200,0.1086,0,NORMAL,7.5,1.5,2.3,6.8
201,0.1521,0,NORMAL,7.5,2.0,2.0,6.8
202,0.4639,0,NORMAL,7.6,2.8,10.5,12.0
203,0.2907,0,NORMAL,7.5,1.9,3.0,7.0
204,1.0,0,ANOMALY,9.4,16.7,2.0,6.8
205,0.239,0,NORMAL,7.5,1.6,2.0,6.8
206,0.2773,0,NORMAL,7.5,2.6,2.1,6.9
207,0.3264,0,NORMAL,7.5,2.8,8.0,10.5
208,0.1782,0,NORMAL,7.5,2.3,5.4,8.4
209,0.1701,0,NORMAL,7.5,2.3,1.9,6.9
210,0.1203,0,NORMAL,7.5,1.7,2.0,6.9
211,0.1629,0,NORMAL,7.5,1.7,1.9,6.6
212,0.1932,0,NORMAL,7.5,2.5,5.6,8.7
213,0.3048,0,NORMAL,7.5,2.8,8.1,10.2
214,1.0,0,ANOMALY,10.7,17.7,2.0,6.8
215,0.3333,0,NORMAL,7.5,1.8,1.9,6.6
216,0.1135,0,NORMAL,7.5,2.0,2.0,6.7
217,0.1286,0,NORMAL,7.5,1.6,2.7,7.4
218,0.4528,0,NORMAL,7.6,3.1,10.1,11.9
219,0.2475,0,NORMAL,7.5,2.0,1.9,6.7
220,0.9988,0,WARNING,7.5,2.0,2.4,9.9
221,0.3059,0,NORMAL,7.5,1.8,2.0,6.9
222,0.3612,0,NORMAL,7.5,2.2,1.9,6.9
223,0.4749,0,NORMAL,7.6,3.2,10.6,12.2
224,1.0,0,ANOMALY,13.4,22.3,2.1,6.9
225,0.4889,0,NORMAL,7.5,1.9,2.2,6.7
226,0.1137,0,NORMAL,7.5,2.0,1.8,6.7
227,0.2615,0,NORMAL,7.5,1.4,2.3,6.7
228,0.4859,0,NORMAL,7.6,3.2,11.0,12.6
229,0.1791,0,NORMAL,7.5,1.9,1.9,6.8
230,0.1123,0,NORMAL,7.5,2.1,1.9,6.7
231,0.1992,0,NORMAL,7.5,1.8,1.9,6.6
232,0.177,0,NORMAL,7.5,1.7,1.9,6.6
233,0.5066,0,NORMAL,7.6,3.0,11.2,12.1
234,1.0,0,WARNING,9.3,15.1,2.0,6.6
235,0.2348,0,NORMAL,7.5,1.8,2.1,7.0
236,0.1149,0,NORMAL,7.5,2.1,1.9,6.8
237,0.3291,0,NORMAL,7.5,2.3,2.4,7.3
238,0.5013,0,NORMAL,7.6,3.1,11.2,12.5
239,0.3096,0,NORMAL,7.5,2.5,2.9,7.3
240,0.2211,0,NORMAL,7.5,1.9,2.3,6.9
241,0.1309,0,NORMAL,7.5,1.8,2.4,7.1
242,0.1611,0,NORMAL,7.6,1.5,2.4,7.1
243,0.5002,0,NORMAL,7.7,2.6,11.3,12.6
244,1.0,0,ANOMALY,11.3,19.3,3.1,7.3
245,0.3899,0,NORMAL,7.6,2.3,3.3,7.9
246,0.3044,0,NORMAL,7.7,2.1,3.7,7.8
247,0.4246,0,NORMAL,7.7,3.4,4.1,7.8
248,0.5826,0,NORMAL,7.7,2.9,13.2,13.1
249,0.2662,0,NORMAL,7.6,2.6,5.0,6.9
250,0.9982,0,WARNING,7.6,1.8,2.3,9.8
251,0.2516,0,NORMAL,7.6,2.3,1.9,6.5
252,0.118,0,NORMAL,7.6,2.4,2.3,6.7
253,0.475,0,NORMAL,7.7,3.2,10.7,12.1
254,0.9969,0,WARNING,8.4,13.3,2.5,6.7
255,0.3124,0,NORMAL,7.6,2.9,1.9,6.6
256,0.1802,0,NORMAL,7.6,2.2,1.8,6.6
257,0.1268,0,NORMAL,7.6,2.0,1.9,6.6
258,0.3192,0,NORMAL,7.6,3.1,7.7,10.2
259,0.2191,0,NORMAL,7.6,2.3,5.4,8.1
260,0.1164,0,NORMAL,7.6,1.7,1.7,6.5
261,0.1375,0,NORMAL,7.6,2.1,1.8,7.1
262,0.1831,0,NORMAL,7.6,1.9,2.2,7.1
263,0.1925,0,NORMAL,7.6,1.9,5.3,8.2
264,1.0,0,ANOMALY,11.1,19.2,9.2,10.3
265,0.519,0,NORMAL,7.6,2.0,2.1,6.6
266,0.1511,0,NORMAL,7.6,2.4,1.8,6.5
267,0.1385,0,NORMAL,7.6,2.0,2.1,6.4
268,0.2162,0,NORMAL,7.6,2.5,2.7,6.9
269,0.447,0,NORMAL,7.7,2.8,10.2,12.0
270,0.251,0,NORMAL,7.6,2.2,2.0,6.8
271,0.4964,0,NORMAL,7.6,2.8,1.8,6.3
272,0.155,0,NORMAL,7.6,1.7,1.7,6.6
273,0.1875,0,NORMAL,7.6,1.9,1.8,6.9
274,0.9997,0,WARNING,9.5,16.4,10.7,12.2
275,0.4358,0,NORMAL,7.6,1.7,1.9,6.3
276,0.2173,0,NORMAL,7.7,2.0,1.7,6.3
277,0.1915,0,NORMAL,7.7,2.2,1.8,6.5
278,0.5978,0,NORMAL,7.8,3.1,1.8,6.6
279,0.4858,0,NORMAL,7.8,3.1,10.9,12.6
280,0.9958,0,WARNING,7.7,2.0,2.0,9.0
281,0.3461,0,NORMAL,7.7,2.4,2.6,6.7
282,0.1488,0,NORMAL,7.7,2.3,2.3,6.7
283,0.1707,0,NORMAL,7.7,1.6,2.0,6.4
284,1.0,0,ANOMALY,10.9,19.3,10.7,12.2
285,0.4828,0,NORMAL,7.7,1.8,2.1,6.7
286,0.2019,0,NORMAL,7.7,1.9,2.6,6.8
287,0.1981,0,NORMAL,7.7,2.4,1.9,6.4
288,0.192,0,NORMAL,7.7,2.2,2.0,6.6
289,0.475,0,NORMAL,7.8,2.9,10.7,12.0
290,0.2633,0,NORMAL,7.7,1.6,2.2,6.3
291,0.3075,0,NORMAL,7.7,2.3,1.8,6.1
292,0.2162,0,NORMAL,7.7,1.8,1.8,6.2
293,0.1827,0,NORMAL,7.7,2.0,1.7,6.1
294,0.9973,0,WARNING,8.9,14.9,10.6,11.7
295,0.5239,0,NORMAL,7.8,2.1,2.0,6.3
296,0.4447,0,NORMAL,7.8,2.6,2.7,6.8
297,0.4015,0,NORMAL,7.8,2.7,2.9,7.0
298,0.4078,0,NORMAL,7.7,2.6,2.3,6.4
299,0.5414,0,NORMAL,7.9,3.4,11.9,12.3
300,0.3092,0,NORMAL,7.7,2.2,3.6,6.2
301,0.143,0,NORMAL,7.7,2.1,1.9,6.3
302,0.1705,0,NORMAL,7.7,2.1,1.8,6.3
303,0.2016,0,NORMAL,7.7,2.3,1.7,6.1
304,1.0,0,ANOMALY,10.7,18.3,10.4,11.5
305,0.5004,0,NORMAL,7.7,2.1,3.1,6.5
306,0.3075,0,NORMAL,7.7,1.5,2.1,6.0
307,0.3865,0,NORMAL,7.9,3.1,1.8,6.2
308,0.1408,0,NORMAL,7.7,1.7,1.8,6.2
309,0.3262,0,NORMAL,7.7,3.1,7.8,10.1
310,0.9971,0,WARNING,7.7,2.3,5.3,11.2
311,0.4121,0,NORMAL,7.7,1.9,1.7,6.1
312,0.5353,0,NORMAL,7.8,3.0,1.7,6.2
313,0.2486,0,NORMAL,7.8,2.4,1.7,6.3
314,0.9967,0,WARNING,8.6,13.9,5.0,8.7
315,0.3267,0,NORMAL,7.8,2.3,8.2,10.1
316,0.1948,0,NORMAL,7.8,1.8,2.5,6.3
317,0.0969,0,NORMAL,7.8,2.0,1.8,6.3
318,0.1508,0,NORMAL,7.7,1.5,1.8,6.3
319,0.1896,0,NORMAL,7.7,2.0,2.4,6.8
320,0.4469,0,NORMAL,7.7,2.4,9.9,11.2
321,0.2741,0,NORMAL,7.7,1.7,2.0,6.5
322,0.2174,0,NORMAL,7.8,1.9,2.0,6.2
323,0.2165,0,NORMAL,7.8,1.6,1.8,6.1
324,1.0,0,ANOMALY,11.6,19.0,1.7,6.5
325,0.4808,0,NORMAL,7.9,3.2,10.8,12.3
326,0.3419,0,NORMAL,7.8,2.1,1.8,6.4
327,0.1146,0,NORMAL,7.8,2.0,1.8,6.1
328,0.1809,0,NORMAL,7.8,1.9,1.6,6.0
329,0.1708,0,NORMAL,7.8,2.1,1.6,6.2
330,0.4804,0,NORMAL,7.9,2.8,10.7,12.1
331,0.263,0,NORMAL,7.8,2.0,1.8,6.3
332,0.1721,0,NORMAL,7.8,2.2,1.8,6.2
333,0.1583,0,NORMAL,7.8,1.3,1.7,5.9
334,0.9971,0,WARNING,8.5,13.0,2.0,6.1
335,0.5018,0,NORMAL,7.9,3.2,11.1,12.0
336,0.3232,0,NORMAL,7.8,1.8,1.8,6.4
337,0.1158,0,NORMAL,7.9,1.9,1.7,6.0
338,0.3067,0,NORMAL,7.9,2.1,2.0,6.2
339,0.2163,0,NORMAL,7.9,2.8,2.1,6.2
340,0.9958,0,WARNING,8.0,2.7,10.7,15.2
341,0.5361,0,NORMAL,7.9,2.0,2.5,6.4
342,0.177,0,NORMAL,7.9,2.4,2.6,6.3
343,0.169,0,NORMAL,7.9,2.5,2.3,6.0
344,1.0,0,ANOMALY,11.0,17.8,1.8,6.4
345,0.502,0,NORMAL,8.1,3.3,11.1,11.8
346,0.31,0,NORMAL,8.0,2.1,2.1,5.8
347,0.0861,0,NORMAL,8.0,1.8,2.2,6.2
348,0.131,0,NORMAL,7.9,1.9,1.8,6.3
349,0.1335,0,NORMAL,8.0,2.6,1.7,6.0
350,0.475,0,NORMAL,8.1,3.1,10.5,11.9
351,0.2932,0,NORMAL,8.0,2.1,2.4,6.1
352,0.1101,0,NORMAL,8.0,2.0,1.9,6.3
353,0.3286,0,NORMAL,8.0,1.4,1.9,6.1
354,0.9963,0,WARNING,9.3,14.5,1.8,6.1
355,0.4753,0,NORMAL,8.0,3.1,10.7,11.7
356,0.3117,0,NORMAL,8.0,1.7,2.3,6.7
357,0.1058,0,NORMAL,8.0,2.2,1.9,6.7
358,0.1132,0,NORMAL,8.0,1.6,2.0,6.5
359,0.15,0,NORMAL,8.0,2.0,2.4,6.3
360,0.3536,0,NORMAL,8.0,2.0,8.1,9.9
361,0.2296,0,NORMAL,8.0,2.3,6.2,8.1
362,0.3084,0,NORMAL,8.0,1.5,2.3,6.1
363,0.2371,0,NORMAL,8.0,1.3,1.8,6.4
364,1.0,0,ANOMALY,10.0,15.6,1.7,6.1
365,0.1881,0,NORMAL,8.0,2.6,5.4,8.1
366,0.3266,0,NORMAL,8.0,2.7,8.1,9.5
367,0.2995,0,NORMAL,8.1,1.3,1.7,6.2
368,0.1178,0,NORMAL,8.0,2.5,1.7,6.2
369,0.2059,0,NORMAL,8.0,1.7,2.0,6.1
370,0.9971,0,WARNING,8.0,1.4,2.4,9.5
371,0.4469,0,NORMAL,8.0,2.7,9.8,11.1
372,0.2935,0,NORMAL,8.0,1.9,1.8,6.7
373,0.152,0,NORMAL,8.0,1.5,1.7,6.3
374,1.0,0,ANOMALY,11.3,17.8,1.7,6.2
375,0.2563,0,NORMAL,8.0,1.8,1.7,6.1
376,0.4752,0,NORMAL,8.1,2.6,10.7,12.3
377,0.5931,0,NORMAL,8.0,2.9,1.9,6.3
378,0.2176,0,NORMAL,8.0,2.0,1.7,6.0
379,0.1662,0,NORMAL,8.0,1.6,1.7,6.4
380,0.1794,0,NORMAL,8.0,1.8,1.7,6.5
381,0.4803,0,NORMAL,8.1,2.4,10.6,11.6
382,0.2991,0,NORMAL,8.0,2.0,2.0,6.1
383,0.1508,0,NORMAL,8.0,1.6,2.0,6.2
384,1.0,0,ANOMALY,11.8,18.6,1.7,5.9
385,0.3177,0,NORMAL,8.0,1.8,2.0,6.4
386,0.5018,0,NORMAL,8.2,2.8,11.2,11.7
387,0.2463,0,NORMAL,8.1,1.9,1.9,6.4
388,0.2765,0,NORMAL,8.0,1.6,1.7,6.3
389,0.1335,0,NORMAL,8.1,1.8,1.8,6.6
390,0.2003,0,NORMAL,8.1,2.1,1.8,6.4
391,0.4803,0,NORMAL,8.1,3.0,10.6,11.9
392,0.2776,0,NORMAL,8.1,1.9,2.4,6.6
393,0.1396,0,NORMAL,8.1,1.8,2.0,6.7
394,1.0,0,ANOMALY,11.2,17.6,1.9,6.1
395,0.2649,0,NORMAL,8.1,1.7,2.0,6.3
396,0.4753,0,NORMAL,8.2,2.9,10.6,11.8
397,0.2616,0,NORMAL,8.1,2.4,1.9,6.3
398,0.2076,0,NORMAL,8.1,1.6,2.0,6.6
399,0.1846,0,NORMAL,8.1,2.2,2.1,6.7
400,0.9971,0,WARNING,8.1,1.9,1.9,9.8
401,0.4749,0,NORMAL,8.1,2.7,10.6,12.0
402,0.2937,0,NORMAL,8.1,1.8,2.5,6.4
403,0.1884,0,NORMAL,8.1,1.2,1.7,6.2
404,1.0,0,ANOMALY,11.0,17.9,1.8,6.3
405,0.2843,0,NORMAL,8.0,1.3,2.0,6.3
406,0.4586,0,NORMAL,8.1,3.0,10.3,11.8
407,0.2037,0,NORMAL,8.1,2.1,2.8,7.0
408,0.2763,0,NORMAL,8.1,1.2,1.8,6.3
409,0.2164,0,NORMAL,8.1,1.7,2.4,6.3
410,0.1567,0,NORMAL,8.1,2.0,2.1,6.2
411,0.3191,0,NORMAL,8.1,1.9,7.7,10.1
412,0.1973,0,NORMAL,8.1,2.4,5.8,8.2
413,0.1495,0,NORMAL,8.1,1.7,2.0,6.4
414,1.0,0,ANOMALY,11.1,17.6,2.2,6.6
415,0.2832,0,NORMAL,8.1,1.6,1.9,6.6
416,0.1535,0,NORMAL,8.2,2.3,5.2,8.3
417,0.3404,0,NORMAL,8.2,2.6,8.4,9.9
418,0.2458,0,NORMAL,8.2,1.5,1.9,6.5
419,0.1016,0,NORMAL,8.2,1.8,2.0,7.2
420,0.1441,0,NORMAL,8.2,2.1,2.0,6.5
421,0.2708,0,NORMAL,8.2,1.3,3.3,7.0
422,0.4804,0,NORMAL,8.3,3.3,10.7,11.6
423,0.2987,0,NORMAL,8.2,2.1,2.0,6.7
424,1.0,0,ANOMALY,12.8,20.2,1.8,6.4
425,0.3895,0,NORMAL,8.1,1.5,1.9,6.9
426,0.1212,0,NORMAL,8.4,1.7,2.2,6.5
427,0.512,0,NORMAL,8.9,3.1,11.4,12.2
428,0.4931,0,NORMAL,9.0,2.3,2.2,6.5
429,0.4767,0,NORMAL,8.9,1.7,1.8,6.5
430,0.9923,0,WARNING,8.9,1.7,2.0,9.1
431,0.4598,0,NORMAL,8.9,1.7,1.9,6.6
432,0.4749,0,NORMAL,9.0,3.1,10.6,11.7
433,0.4465,0,NORMAL,8.9,2.1,1.8,6.5
434,0.9981,0,WARNING,10.4,14.9,1.8,6.5
435,0.4176,0,NORMAL,8.8,2.0,1.9,6.7
436,0.3936,0,NORMAL,8.8,1.7,2.2,6.2
437,0.5232,0,NORMAL,9.0,3.9,11.1,12.2
438,0.3673,0,NORMAL,8.8,1.7,2.0,6.7
439,0.3344,0,NORMAL,8.7,2.7,1.9,6.6
440,0.2868,0,NORMAL,8.7,2.4,2.0,6.4
441,0.3865,0,NORMAL,8.6,1.5,2.3,6.3
442,0.4857,0,NORMAL,8.8,2.9,10.7,12.0
443,0.2933,0,NORMAL,8.7,1.9,2.4,6.3
444,1.0,0,ANOMALY,11.5,18.1,1.9,6.6
445,0.2666,0,NORMAL,8.6,1.5,2.0,6.5
446,0.1905,0,NORMAL,8.6,1.9,2.2,6.8
447,0.4752,0,NORMAL,8.7,3.2,10.8,12.4
448,0.3106,0,NORMAL,8.5,1.6,3.1,6.6
449,0.1157,0,NORMAL,8.5,2.1,1.9,6.4
450,0.1159,0,NORMAL,8.5,1.9,1.8,6.5
451,0.1748,0,NORMAL,8.5,1.4,1.7,6.2
452,0.4803,0,NORMAL,8.5,3.4,10.6,11.4
453,0.2702,0,NORMAL,8.4,2.1,2.3,5.9
454,0.9968,0,WARNING,9.8,14.1,1.7,5.8
455,0.1197,0,NORMAL,8.4,2.0,1.7,5.9
456,0.1653,0,NORMAL,8.4,1.4,1.6,5.7
457,0.4584,0,NORMAL,8.5,2.9,10.2,11.1
458,0.2702,0,NORMAL,8.4,1.7,2.7,6.2
459,0.278,0,NORMAL,8.4,2.7,1.7,5.9
460,0.999,0,WARNING,8.4,2.0,1.7,9.0
461,0.3153,0,NORMAL,8.4,1.9,1.7,6.0
462,0.333,0,NORMAL,8.4,2.3,7.8,9.8
463,0.1596,0,NORMAL,8.4,2.2,5.1,7.7
464,1.0,0,ANOMALY,12.6,19.6,1.7,5.9
465,0.3315,0,NORMAL,8.4,1.3,1.7,5.9
466,0.1435,0,NORMAL,8.4,1.6,1.7,6.1
467,0.1712,0,NORMAL,8.4,2.2,5.1,8.1
468,0.2978,0,NORMAL,8.4,2.5,7.7,9.6
469,0.129,0,NORMAL,8.4,1.6,1.7,5.9
470,0.1321,0,NORMAL,8.3,2.2,1.7,5.9
471,0.1663,0,NORMAL,8.3,1.7,1.6,5.8
472,0.2857,0,NORMAL,8.3,1.4,2.4,6.2
473,0.441,0,NORMAL,8.4,2.8,9.7,10.9
474,0.9968,0,WARNING,9.2,13.3,1.7,6.1
475,0.1739,0,NORMAL,8.3,2.0,1.8,6.0
476,0.1303,0,NORMAL,8.3,1.7,1.7,5.8
477,0.225,0,NORMAL,8.3,2.2,1.7,6.0
478,0.4804,0,NORMAL,8.4,3.4,10.7,11.7
479,0.3069,0,NORMAL,8.3,1.7,1.8,6.0
480,0.2172,0,NORMAL,8.3,1.8,1.7,5.9
481,0.1662,0,NORMAL,8.3,1.7,1.7,5.9
482,0.1938,0,NORMAL,8.3,1.9,1.6,5.9
483,0.4748,0,NORMAL,8.4,3.2,10.6,11.6
484,1.0,0,ANOMALY,11.1,18.0,1.7,5.9
485,0.33,0,NORMAL,8.3,1.7,1.7,5.9
486,0.1318,0,NORMAL,8.3,1.6,1.7,5.9
487,0.3064,0,NORMAL,8.3,1.7,1.7,5.9
488,0.4804,0,NORMAL,8.4,2.6,10.8,11.9
489,0.2696,0,NORMAL,8.2,2.6,1.9,6.1
490,0.9986,0,WARNING,8.2,2.6,4.0,10.8
491,0.3691,0,NORMAL,8.2,2.1,5.0,8.0
492,0.1163,0,NORMAL,8.2,2.1,2.8,6.4
493,0.475,0,NORMAL,8.3,2.8,10.6,11.6
494,0.9969,0,WARNING,9.3,14.1,2.0,5.9
495,0.1797,0,NORMAL,8.1,1.4,1.7,5.9
496,0.3861,0,NORMAL,8.1,1.8,1.9,5.8
497,0.3276,0,NORMAL,8.1,2.3,4.4,8.0
498,0.4912,0,NORMAL,8.2,2.7,11.2,11.7
499,0.2802,0,NORMAL,8.1,2.1,3.6,5.9
500,0.2489,0,NORMAL,8.1,2.3,1.7,5.8
501,0.2021,0,NORMAL,8.1,1.8,3.0,7.1
502,0.1473,0,NORMAL,8.2,1.5,1.8,5.9
503,0.4804,0,NORMAL,8.3,2.3,10.6,11.5
504,1.0,0,ANOMALY,11.8,18.7,2.5,5.9
505,0.6257,0,WARNING,8.2,2.6,1.7,5.8
506,0.2136,0,NORMAL,8.1,1.8,1.8,5.9
507,0.2254,0,NORMAL,8.1,2.1,1.8,6.0
508,0.4751,0,NORMAL,8.3,3.1,10.5,11.5
509,0.2508,0,NORMAL,8.1,1.9,2.5,6.0
510,0.1677,0,NORMAL,8.1,2.0,1.7,5.9
511,0.1852,0,NORMAL,8.1,1.6,1.7,5.8
512,0.3064,0,NORMAL,8.1,2.0,1.7,5.8
513,0.326,0,NORMAL,8.1,2.3,7.7,9.7
514,0.997,0,WARNING,9.0,13.8,5.2,8.0
515,0.2422,0,NORMAL,8.1,2.2,1.8,6.0
516,0.2079,0,NORMAL,8.1,1.5,1.6,5.7
517,0.239,0,NORMAL,8.1,1.8,1.7,5.8
518,0.2473,0,NORMAL,8.1,2.4,5.1,8.2
519,0.3049,0,NORMAL,8.1,2.4,7.8,9.5
520,0.9986,0,WARNING,8.1,1.7,1.8,9.2
521,0.355,0,NORMAL,8.1,1.9,1.7,5.8
522,0.2529,0,NORMAL,8.1,1.8,1.7,5.8
523,0.254,0,NORMAL,8.1,1.7,2.3,6.2
524,1.0,0,ANOMALY,11.9,20.0,9.8,11.3
525,0.5231,0,NORMAL,8.1,2.2,1.7,6.0
526,0.2638,0,NORMAL,8.0,1.3,1.6,5.8
527,0.3064,0,NORMAL,8.0,2.1,1.7,5.8
528,0.3015,0,NORMAL,8.0,1.6,1.7,5.8
529,0.4695,0,NORMAL,8.1,3.4,10.4,11.5
530,0.2982,0,NORMAL,8.0,1.9,1.7,5.9
531,0.3067,0,NORMAL,8.0,1.6,1.7,5.9
532,0.2879,0,NORMAL,8.0,2.4,1.7,6.0
533,0.2752,0,NORMAL,8.0,1.6,1.8,6.0
534,1.0,0,WARNING,9.9,16.7,10.6,11.6
535,0.4482,0,NORMAL,8.0,2.5,1.7,5.8
536,0.2962,0,NORMAL,8.1,1.7,1.7,5.8
537,0.2665,0,NORMAL,8.1,2.5,1.7,6.0
538,0.2817,0,NORMAL,8.0,1.7,1.7,6.0
539,0.4749,0,NORMAL,8.1,3.2,10.6,11.6
540,0.3117,0,NORMAL,8.0,2.2,1.7,5.9
541,0.3265,0,NORMAL,8.0,2.0,2.7,6.9
542,0.3207,0,NORMAL,8.0,1.7,4.8,8.1
543,0.3138,0,NORMAL,8.0,2.0,3.4,6.7
544,1.0,0,WARNING,9.9,16.9,11.0,11.7
545,0.4307,0,NORMAL,8.0,1.8,3.2,6.0
546,0.3181,0,NORMAL,8.1,1.7,1.7,5.9
547,0.3134,0,NORMAL,8.1,2.0,1.8,6.0
548,0.2947,0,NORMAL,8.1,1.8,1.7,6.0
549,0.5385,0,NORMAL,8.3,4.4,10.6,11.7
550,0.9984,0,WARNING,8.1,1.9,1.9,9.2
551,0.3884,0,NORMAL,8.1,2.0,1.7,5.8
552,0.294,0,NORMAL,8.1,1.9,1.6,5.9
553,0.2953,0,NORMAL,8.1,1.8,1.7,6.0
554,1.0,0,ANOMALY,10.5,17.5,11.6,12.4
555,0.4624,0,NORMAL,8.3,2.1,3.6,6.8
556,0.0913,0,NORMAL,8.3,1.7,3.0,6.7
557,0.0834,0,NORMAL,8.3,2.1,2.2,6.4
558,0.2163,0,NORMAL,8.3,1.5,1.8,6.3
559,0.5068,0,NORMAL,8.4,2.9,11.7,13.2
560,0.3272,0,NORMAL,8.4,2.8,6.2,9.7
561,0.4312,0,NORMAL,8.3,2.7,5.8,8.7
562,0.1643,0,NORMAL,8.3,1.9,3.6,7.1
563,0.1457,0,NORMAL,8.3,2.1,2.5,6.6
564,1.0,0,ANOMALY,10.6,17.2,7.6,9.4
565,0.3303,0,NORMAL,8.3,1.9,5.7,7.8
566,0.2174,0,NORMAL,8.3,1.5,1.8,7.2
567,0.1592,0,NORMAL,8.3,1.7,1.8,6.8
568,0.3617,0,NORMAL,8.3,2.2,1.9,6.7
569,0.2108,0,NORMAL,8.3,1.6,5.1,8.1
570,0.3049,0,NORMAL,8.3,2.3,7.7,9.2
571,0.1842,0,NORMAL,8.3,1.5,1.5,5.6
572,0.3001,0,NORMAL,8.3,1.2,1.6,5.6
573,0.1914,0,NORMAL,8.3,1.5,1.6,5.6
574,1.0,0,ANOMALY,11.0,17.1,2.4,6.1
575,0.4357,0,NORMAL,8.3,2.9,9.6,10.7
576,0.2918,0,NORMAL,8.3,2.0,1.6,5.7
577,0.1611,0,NORMAL,8.3,1.9,1.6,5.7
578,0.1381,0,NORMAL,8.3,1.8,1.7,5.7
579,0.1727,0,NORMAL,8.3,1.7,1.6,5.6
580,0.9963,0,WARNING,8.4,3.1,10.5,13.9
581,0.7874,0,WARNING,8.5,2.8,1.7,6.2
582,0.2674,0,NORMAL,8.4,1.6,1.8,6.7
583,0.1836,0,NORMAL,8.4,1.8,1.7,6.9
584,0.9963,0,WARNING,10.0,15.1,1.7,6.0
585,0.4698,0,NORMAL,8.5,3.0,10.4,11.1
586,0.2769,0,NORMAL,8.4,1.8,1.6,5.7
587,0.2213,0,NORMAL,8.4,1.4,1.6,5.7
588,1.0,0,ANOMALY,8.4,1.9,4.0,9.7
589,0.22,0,NORMAL,8.4,1.4,2.3,6.1
590,0.5366,0,NORMAL,8.5,3.0,12.1,12.6
591,0.3901,0,NORMAL,8.4,1.9,2.9,6.6
592,0.2967,0,NORMAL,8.4,1.4,1.8,5.6
593,0.1677,0,NORMAL,8.4,1.4,1.6,5.6
594,0.9963,0,WARNING,9.6,14.6,1.6,5.7
595,0.4753,0,NORMAL,8.5,2.8,10.4,11.2
596,0.2885,0,NORMAL,8.4,2.1,1.9,5.6
597,0.1521,0,NORMAL,8.3,2.1,1.7,5.6
598,0.2458,0,NORMAL,8.3,1.6,1.6,5.5
599,0.3062,0,NORMAL,8.3,1.7,1.6,5.4
600,0.4749,0,NORMAL,8.4,3.4,10.6,12.0
601,0.7416,0,WARNING,8.4,2.3,2.1,6.8
602,0.4363,0,NORMAL,8.4,2.6,1.8,6.3
603,0.1822,0,NORMAL,8.4,1.4,1.6,5.5
604,0.9966,0,WARNING,10.0,15.4,1.6,5.5
605,0.4753,0,NORMAL,8.4,2.4,10.4,11.0
606,0.2873,0,NORMAL,8.3,1.5,2.3,5.5
607,0.1762,0,NORMAL,8.3,1.5,1.6,5.5
608,0.2852,0,NORMAL,8.3,1.2,1.5,5.5
609,0.2102,0,NORMAL,8.4,2.3,1.6,5.4
610,0.9947,0,WARNING,8.4,2.7,10.3,13.6
611,0.5115,0,NORMAL,8.3,1.6,2.2,5.5
612,0.2074,0,NORMAL,8.3,1.3,1.6,5.4
613,0.1948,0,NORMAL,8.3,1.4,1.6,5.7
614,1.0,0,ANOMALY,11.2,17.0,1.8,6.5
615,0.3196,0,NORMAL,8.4,2.1,7.8,10.5
616,0.2424,0,NORMAL,8.4,2.5,5.3,8.5
617,0.1819,0,NORMAL,8.3,1.8,1.9,6.9
618,0.1991,0,NORMAL,8.3,2.3,1.9,6.8
619,0.2155,0,NORMAL,8.3,1.8,1.9,6.8
620,0.2165,0,NORMAL,8.3,2.3,5.1,8.4
621,0.3048,0,NORMAL,8.3,2.3,7.6,8.7
622,0.2183,0,NORMAL,8.3,1.4,1.5,5.2
623,0.2171,0,NORMAL,8.3,1.6,1.5,5.3
624,0.9967,0,WARNING,9.9,15.3,1.5,5.4
625,0.4388,0,NORMAL,8.3,1.7,4.1,7.2
626,0.5825,0,NORMAL,8.5,2.8,13.0,12.3
627,0.413,0,NORMAL,8.4,1.8,5.4,7.7
628,0.3096,0,NORMAL,8.5,2.1,5.4,7.4
629,0.1818,0,NORMAL,8.4,1.9,2.1,5.1
630,0.2155,0,NORMAL,8.4,1.6,1.5,5.1
631,0.4804,0,NORMAL,8.4,2.4,10.4,10.8
632,0.2062,0,NORMAL,8.4,1.6,1.5,5.2
633,0.1765,0,NORMAL,8.4,1.3,1.5,5.3
634,1.0,0,ANOMALY,10.4,16.1,1.5,5.3
635,0.2385,0,NORMAL,8.4,1.3,1.5,5.3
636,0.4752,0,NORMAL,8.5,3.0,10.4,11.1
637,0.2778,0,NORMAL,8.5,2.0,1.9,6.6
638,0.1439,0,NORMAL,8.5,1.8,1.7,6.7
639,0.1462,0,NORMAL,8.5,1.8,1.4,5.1
640,0.9796,0,WARNING,8.5,1.8,1.6,7.7
641,0.4803,0,NORMAL,8.5,2.5,10.4,10.8
642,0.2862,0,NORMAL,8.5,1.7,1.5,5.1
643,0.348,0,NORMAL,8.4,2.1,1.4,5.0
644,1.0,0,ANOMALY,12.0,19.5,4.6,7.4
645,0.3579,0,NORMAL,8.5,2.7,5.4,7.2
646,0.6277,0,WARNING,8.6,3.2,14.6,13.0
647,0.3134,0,NORMAL,8.5,2.3,7.2,7.3
648,0.3519,0,NORMAL,8.5,1.9,5.6,7.7
649,0.3105,0,NORMAL,8.5,1.9,5.2,7.2
650,0.3233,0,NORMAL,8.5,2.3,5.4,7.5
651,0.6277,0,WARNING,8.6,3.3,14.6,12.6
652,0.3394,0,NORMAL,8.5,2.4,7.3,7.5
653,0.325,0,NORMAL,8.5,1.8,5.7,7.3
654,0.9966,0,WARNING,10.0,14.7,3.3,6.0
655,0.238,0,NORMAL,8.5,1.4,1.8,5.2
656,0.4754,0,NORMAL,8.5,2.9,10.3,10.8
657,0.1757,0,NORMAL,5.9,2.4,2.2,5.7
658,0.2107,0,NORMAL,3.2,1.8,1.4,5.3
659,0.1553,0,NORMAL,3.2,1.8,1.5,5.0
660,0.2039,0,NORMAL,3.2,1.8,1.5,5.1
661,0.4749,0,NORMAL,3.2,2.6,10.3,10.5
662,0.2595,0,NORMAL,3.2,1.3,1.7,4.9
663,0.257,0,NORMAL,3.2,1.4,1.4,4.9
664,1.0,0,ANOMALY,6.5,18.1,1.4,4.8
665,0.2649,0,NORMAL,3.2,1.3,1.3,4.8
666,0.3802,0,NORMAL,3.3,2.2,8.3,9.2
667,0.2634,0,NORMAL,3.3,2.1,3.8,6.1
668,0.2647,0,NORMAL,3.3,2.0,1.5,5.1
669,0.2731,0,NORMAL,3.3,1.4,1.4,4.9
670,0.9953,0,WARNING,3.3,2.8,1.4,7.6
671,0.265,0,NORMAL,3.2,2.3,5.2,7.2
672,0.3079,0,NORMAL,3.3,2.3,6.9,7.8
673,0.2588,0,NORMAL,3.2,1.5,1.4,4.9
674,1.0,0,ANOMALY,5.4,16.0,1.4,4.9
675,0.43,0,NORMAL,3.2,2.2,1.3,4.8
676,0.2724,0,NORMAL,3.2,1.6,2.2,5.2
677,0.4295,0,NORMAL,3.2,2.8,9.2,9.9
678,0.2675,0,NORMAL,3.2,1.2,1.3,4.7
679,0.3868,0,NORMAL,3.2,1.5,1.4,4.6
680,0.2852,0,NORMAL,3.2,2.4,1.3,4.6
681,0.2922,0,NORMAL,3.2,1.4,1.3,4.6
682,0.4748,0,NORMAL,3.2,2.8,10.2,10.3
683,0.2907,0,NORMAL,3.2,1.5,1.3,4.6
684,1.0,0,ANOMALY,7.1,18.9,1.5,4.8
685,0.3487,0,NORMAL,3.2,1.4,2.1,5.3
686,0.2653,0,NORMAL,3.2,1.6,2.1,5.1
687,0.522,0,NORMAL,3.3,2.8,11.1,10.9
688,0.2567,0,NORMAL,3.2,1.3,2.3,5.5
689,0.264,0,NORMAL,3.3,2.1,2.2,5.3
690,0.2712,0,NORMAL,3.3,1.8,1.8,4.9
691,0.2788,0,NORMAL,3.2,1.9,2.2,5.3
692,0.4749,0,NORMAL,3.3,2.8,10.2,10.0
693,0.2685,0,NORMAL,3.2,1.9,1.3,4.6
694,0.9965,0,WARNING,4.6,14.7,1.3,4.5
695,0.3059,0,NORMAL,3.2,1.3,1.3,4.4
696,0.2837,0,NORMAL,3.2,1.6,1.3,4.4
697,0.475,0,NORMAL,3.2,2.7,10.1,10.0
698,0.2736,0,NORMAL,3.2,1.5,1.5,4.5
699,0.2806,0,NORMAL,3.2,1.8,1.2,4.4
700,0.9975,0,WARNING,3.2,1.6,1.4,7.5
701,0.2855,0,NORMAL,3.2,1.3,1.3,4.4
702,0.4693,0,NORMAL,3.2,2.8,10.0,9.8
703,0.3888,0,NORMAL,3.2,1.8,1.2,4.2
704,1.0,0,ANOMALY,6.6,18.2,1.2,4.4
705,0.2587,0,NORMAL,3.2,1.5,1.2,4.3
706,0.2705,0,NORMAL,3.2,1.4,1.2,4.3
707,0.475,0,NORMAL,3.3,2.6,10.1,9.7
708,0.2681,0,NORMAL,3.2,1.5,1.7,4.3
709,0.2745,0,NORMAL,3.2,1.6,1.2,4.3
710,0.283,0,NORMAL,3.2,1.6,1.1,4.2
711,0.2916,0,NORMAL,3.2,1.4,1.2,4.1
712,0.4693,0,NORMAL,3.3,2.9,10.0,9.7
713,0.4515,0,NORMAL,3.3,2.4,1.5,4.3
714,1.0,0,ANOMALY,5.6,16.7,1.2,4.3
715,0.2725,0,NORMAL,3.3,1.7,1.2,4.3
716,0.321,0,NORMAL,3.3,2.5,1.2,4.3
717,0.367,0,NORMAL,3.3,2.8,8.0,8.4
718,0.2776,0,NORMAL,3.3,1.9,3.9,5.5
719,0.2769,0,NORMAL,3.3,1.7,1.2,4.1
720,0.2852,0,NORMAL,3.3,1.7,1.1,4.2
721,0.6449,0,WARNING,3.4,2.4,1.2,4.1
722,0.9227,0,WARNING,3.5,3.5,5.1,6.6
723,0.8982,0,WARNING,3.5,4.2,6.7,7.2
724,0.9964,0,WARNING,4.8,15.0,1.2,4.2
725,0.9313,0,WARNING,3.6,3.0,1.2,4.1
726,0.9999,0,WARNING,3.2,1.5,1.1,3.9
727,0.2882,0,NORMAL,3.3,2.0,1.9,4.5
728,0.4353,0,NORMAL,3.3,2.8,9.1,9.3
729,0.7818,0,WARNING,3.5,2.4,1.1,4.0
730,0.9902,0,WARNING,3.6,3.6,1.4,6.9
731,0.4865,0,NORMAL,3.4,2.1,1.3,4.3
732,0.736,0,WARNING,3.5,3.1,1.6,4.6
733,0.4748,0,NORMAL,3.4,3.6,10.1,9.6
734,1.0,0,ANOMALY,5.9,16.4,1.2,4.0
735,0.2581,0,NORMAL,3.3,1.9,1.1,4.0
736,0.2705,0,NORMAL,3.3,1.8,1.2,4.1
737,0.9999,0,WARNING,3.4,3.0,1.2,4.1
738,0.802,0,WARNING,3.4,4.8,10.3,10.1
739,0.7186,0,WARNING,3.5,2.8,3.7,6.0
740,0.2696,0,NORMAL,3.4,2.1,3.8,5.9
741,0.5719,0,NORMAL,3.4,2.8,4.4,5.9
742,0.2686,0,NORMAL,3.4,2.1,3.9,5.6
743,0.5119,0,NORMAL,3.4,3.1,11.2,10.0
744,0.9961,0,WARNING,4.8,14.6,3.0,4.0
745,0.2754,0,NORMAL,3.3,1.9,1.2,4.0
746,0.2758,0,NORMAL,3.3,1.5,1.1,4.0
747,0.9999,0,WARNING,3.2,1.9,1.2,3.9
748,0.475,0,NORMAL,3.4,2.6,10.0,9.3
749,0.306,0,NORMAL,3.4,1.9,1.2,3.9
750,0.9999,0,WARNING,3.3,1.6,1.1,3.8
751,0.9999,0,WARNING,3.3,1.2,1.0,3.7
752,0.308,0,NORMAL,3.4,1.6,1.2,3.8
753,0.4856,0,NORMAL,3.4,2.6,10.2,9.5
754,1.0,0,ANOMALY,6.1,16.7,1.9,4.4
755,0.3338,0,NORMAL,3.4,2.3,2.0,4.5
756,0.3035,0,NORMAL,3.4,2.1,2.0,4.3
757,0.3045,0,NORMAL,3.4,1.8,1.7,4.2
758,0.4804,0,NORMAL,3.4,2.3,10.1,9.3
759,0.3055,0,NORMAL,3.4,2.2,1.2,3.7
760,0.9975,0,WARNING,3.4,1.7,1.3,7.1
761,0.3327,0,NORMAL,3.4,1.7,1.3,4.9
762,0.9999,0,WARNING,3.3,1.8,1.1,3.7
763,0.5116,0,NORMAL,3.4,2.8,10.7,9.8
764,0.9971,0,WARNING,5.1,15.8,4.1,5.7
765,0.3074,0,NORMAL,3.5,1.8,3.1,5.2
766,0.276,0,NORMAL,3.5,1.9,1.6,4.8
767,0.2683,0,NORMAL,3.5,2.0,1.3,4.7
768,0.38,0,NORMAL,3.5,2.9,8.4,9.4
769,0.2776,0,NORMAL,3.5,2.1,3.5,5.0
770,0.9999,0,WARNING,3.4,1.4,1.2,3.8
771,0.9999,0,WARNING,3.4,1.7,1.1,3.9
772,0.9999,0,WARNING,3.4,1.4,1.1,3.7
773,0.2941,0,NORMAL,3.5,2.1,5.1,6.1
774,1.0,0,ANOMALY,6.4,17.8,6.5,6.6
775,0.9999,0,WARNING,3.4,1.1,1.1,3.7
776,0.9999,0,WARNING,3.5,2.8,1.1,3.6
777,0.9999,0,WARNING,3.4,2.6,1.1,3.7
778,0.9999,0,WARNING,3.4,1.9,1.8,4.1
779,0.4411,0,NORMAL,3.5,2.1,9.0,8.7
780,0.3334,0,NORMAL,3.5,1.8,3.5,5.4
781,0.3333,0,NORMAL,3.5,1.7,3.6,5.3
782,0.9999,0,WARNING,3.4,1.4,1.5,3.6
783,0.3344,0,NORMAL,3.5,1.6,1.3,4.9
784,1.0,0,WARNING,5.4,16.7,10.1,10.0
785,0.9999,0,WARNING,3.4,1.9,1.0,3.6
786,0.4155,0,NORMAL,3.5,1.9,1.1,3.6
787,0.5767,0,NORMAL,3.7,2.8,1.1,3.6
788,1.0,0,ANOMALY,6.5,12.4,1.1,3.7
789,0.4751,0,NORMAL,3.6,2.7,9.9,8.9
790,0.9932,0,WARNING,3.5,1.7,1.1,6.3
791,0.3005,0,NORMAL,3.5,2.0,1.1,3.5
792,0.3295,0,NORMAL,3.5,1.5,1.0,3.5
793,0.9999,0,WARNING,3.5,0.9,1.0,3.4
794,1.0,0,ANOMALY,7.2,19.3,9.8,8.9
795,0.9999,0,WARNING,3.5,1.7,1.1,4.0
796,0.3013,0,NORMAL,3.6,1.4,1.0,3.5
797,0.9999,0,WARNING,3.4,1.6,1.0,3.5
798,0.9999,0,WARNING,3.5,1.7,1.1,3.4
799,0.3285,0,NORMAL,3.6,1.3,2.9,4.8
800,0.3076,0,NORMAL,3.6,2.0,3.0,4.8
801,0.308,0,NORMAL,3.6,1.7,2.7,4.6
802,0.4962,0,NORMAL,3.6,2.7,10.7,10.2
803,0.3345,0,NORMAL,3.6,2.0,1.2,4.3
804,1.0,0,ANOMALY,6.6,17.2,1.0,3.4
805,0.9999,0,WARNING,3.5,1.3,1.0,3.3
806,0.9999,0,WARNING,3.5,1.2,1.0,3.3
807,0.4695,0,NORMAL,3.6,2.6,9.8,8.8
808,0.9999,0,WARNING,3.5,1.2,1.0,3.4
809,0.9999,0,WARNING,3.5,1.6,1.0,3.3
810,0.9999,0,WARNING,3.5,2.1,1.0,3.4
811,0.9999,0,WARNING,3.5,1.1,0.9,3.3
812,0.4747,0,NORMAL,3.7,2.9,9.8,8.8
813,0.9999,0,WARNING,3.5,1.2,1.0,3.3
814,1.0,0,ANOMALY,7.4,18.8,1.0,3.3
815,0.9999,0,WARNING,3.5,1.5,0.9,3.4
816,0.9999,0,WARNING,3.5,1.8,1.0,3.3
817,0.475,0,NORMAL,3.6,2.9,10.0,9.5
818,0.3052,0,NORMAL,3.6,1.3,1.3,4.6
819,0.2772,0,NORMAL,3.6,1.7,1.2,4.4
820,0.9999,0,WARNING,3.5,1.3,1.1,6.5
821,0.9999,0,WARNING,3.6,3.1,1.0,3.3
822,0.4693,0,NORMAL,3.6,2.3,9.8,8.7
823,0.9999,0,WARNING,3.5,1.3,1.0,3.3
824,0.9961,0,WARNING,5.1,14.7,1.0,3.3
825,0.9999,0,WARNING,3.5,1.1,0.9,3.3
826,0.9999,0,WARNING,3.5,1.5,0.9,3.2
827,0.5268,0,NORMAL,3.6,2.3,10.8,9.6
828,0.2796,0,NORMAL,3.6,1.8,2.9,4.4
829,0.2782,0,NORMAL,3.6,1.2,3.4,4.8
830,0.2786,0,NORMAL,3.6,2.2,3.7,5.0
831,0.3393,0,NORMAL,3.6,2.2,3.0,4.4
832,0.4695,0,NORMAL,3.6,2.3,10.1,8.7
833,0.9999,0,WARNING,3.5,1.6,2.3,3.4
834,1.0,0,ANOMALY,5.9,16.7,1.1,4.3
835,0.9999,0,WARNING,3.5,1.6,0.9,3.4
836,0.9999,0,WARNING,3.5,1.6,1.1,4.2
837,0.4696,0,NORMAL,3.6,3.0,10.1,10.1
838,0.9999,0,WARNING,3.5,1.7,1.6,3.5
839,0.27,0,NORMAL,3.6,1.1,0.9,3.3
840,0.9999,0,WARNING,3.5,1.2,0.9,3.2
841,0.9999,0,WARNING,3.5,1.6,0.9,3.2
842,0.3189,0,NORMAL,3.6,1.8,6.9,6.8
843,0.2898,0,NORMAL,3.7,1.9,4.3,5.0
844,0.9999,0,WARNING,5.0,14.4,0.9,3.1
845,0.9999,0,WARNING,3.6,1.4,0.9,3.1
846,0.9999,0,WARNING,3.6,1.3,0.9,3.2
847,0.2962,0,NORMAL,3.7,2.2,3.8,4.9
848,0.3191,0,NORMAL,3.7,2.5,6.6,6.7
849,0.3309,0,NORMAL,3.7,0.9,0.9,3.1
850,0.9999,0,WARNING,3.6,2.0,1.0,6.1
851,0.2759,0,NORMAL,3.8,3.1,0.9,3.2
852,0.284,0,NORMAL,3.7,1.1,1.0,3.7
853,0.4747,0,NORMAL,3.7,2.7,9.8,9.6
854,1.0,0,ANOMALY,5.8,16.7,1.2,3.4
855,0.9999,0,WARNING,3.6,1.3,1.5,3.8
856,0.2741,0,NORMAL,3.7,2.2,3.2,5.9
857,0.2742,0,NORMAL,3.7,2.0,2.8,4.7
858,0.5269,0,NORMAL,3.7,2.6,11.0,9.7
859,0.9999,0,WARNING,3.6,1.7,1.7,3.2
860,0.9999,0,WARNING,3.6,1.8,0.9,3.0
861,0.9999,0,WARNING,3.6,1.8,0.9,3.0
862,0.9999,0,WARNING,3.6,1.0,0.9,3.1
863,0.4637,0,NORMAL,3.7,2.5,9.6,8.6
864,0.9999,0,WARNING,4.8,14.3,0.9,3.1
865,0.9999,0,WARNING,3.6,0.9,0.9,3.1
866,0.9999,0,WARNING,3.6,1.5,0.9,3.0
867,0.9999,0,WARNING,3.6,1.4,0.9,3.1
868,0.4694,0,NORMAL,3.7,2.8,9.8,8.4
869,0.9999,0,WARNING,3.6,1.2,0.9,3.1
870,0.9999,0,WARNING,3.6,1.4,0.9,3.1
871,0.9999,0,WARNING,3.6,1.4,0.9,3.0
872,0.9999,0,WARNING,3.6,0.9,0.9,3.1
873,0.4692,0,NORMAL,3.7,2.3,9.6,8.5
874,1.0,0,ANOMALY,7.8,18.9,1.0,3.6
875,0.4269,0,NORMAL,3.7,1.9,1.2,4.2
876,0.3658,0,NORMAL,3.7,2.1,1.2,4.3
877,0.9999,0,WARNING,3.6,1.6,1.1,4.1
878,0.4639,0,NORMAL,3.8,2.8,9.6,8.4
879,0.9999,0,WARNING,3.6,2.1,0.9,3.1
880,0.9999,0,WARNING,3.6,1.5,0.9,6.1
881,0.9999,0,WARNING,3.6,1.7,0.9,3.0
882,0.9999,0,WARNING,3.6,1.5,0.9,3.0
883,0.4692,0,NORMAL,3.7,2.3,9.7,8.4
884,0.9999,0,WARNING,5.2,14.8,1.5,2.9
885,0.9999,0,WARNING,3.6,1.3,0.8,2.9
886,0.9999,0,WARNING,3.6,1.6,0.8,2.9
887,0.9999,0,WARNING,3.6,1.5,0.8,3.0
888,0.4694,0,NORMAL,3.7,2.0,9.6,8.4
889,0.285,0,NORMAL,3.8,1.8,2.6,3.9
890,0.2831,0,NORMAL,3.7,1.6,3.0,4.4
891,0.2836,0,NORMAL,3.8,2.1,2.6,5.0
892,0.2818,0,NORMAL,3.7,1.2,1.4,4.2
893,0.333,0,NORMAL,3.7,2.3,7.3,7.9
894,1.0,0,ANOMALY,8.3,20.2,4.5,6.0
895,0.9999,0,WARNING,3.6,1.5,1.2,4.3
896,0.2455,0,NORMAL,3.7,2.0,1.1,4.1
897,0.9999,0,WARNING,3.6,1.7,1.2,4.3
898,0.2706,0,NORMAL,3.7,1.6,3.5,5.6
899,0.3536,0,NORMAL,3.7,2.6,7.5,8.1
900,0.9999,0,WARNING,3.6,1.6,1.1,3.9
901,0.9999,0,WARNING,3.6,1.4,0.9,3.2
902,0.9999,0,WARNING,3.6,1.6,0.9,3.1
903,0.9999,0,WARNING,3.6,1.6,0.9,3.0
904,0.9966,0,WARNING,4.9,15.4,9.5,8.4
905,0.9999,0,WARNING,3.7,1.9,0.8,2.9
906,0.9999,0,WARNING,3.6,1.2,0.8,2.9
907,0.9999,0,WARNING,3.6,1.7,0.8,2.8
908,0.3854,0,NORMAL,3.7,1.6,3.2,5.3
909,0.5779,0,NORMAL,3.8,2.9,12.4,11.1
910,0.9977,0,WARNING,3.8,2.3,5.6,9.1
911,0.4513,0,NORMAL,3.9,1.9,3.4,5.8
912,0.2395,0,NORMAL,3.8,2.1,3.2,5.1
913,0.234,0,NORMAL,3.8,1.6,2.5,3.8
914,1.0,0,ANOMALY,6.9,18.5,11.0,9.1
915,0.4266,0,NORMAL,3.8,1.9,4.4,4.7
916,0.2266,0,NORMAL,3.8,2.0,4.1,4.9
917,0.3933,0,NORMAL,3.8,2.4,4.3,5.5
918,0.2678,0,NORMAL,3.8,2.0,4.2,4.9
919,0.6118,0,WARNING,3.9,3.1,13.1,10.5
920,0.2593,0,NORMAL,3.8,2.4,4.6,4.0
921,0.9999,0,WARNING,3.6,2.0,1.0,2.8
922,0.9999,0,WARNING,3.6,1.5,0.8,2.9
923,0.9999,0,WARNING,3.6,1.2,0.8,2.8
924,0.9965,0,WARNING,4.8,14.8,9.9,9.6
925,0.9999,0,WARNING,3.6,2.1,1.0,3.8
926,0.9999,0,WARNING,3.6,1.6,0.8,2.8
927,0.9999,0,WARNING,3.6,1.7,0.7,3.0
928,0.9999,0,WARNING,3.6,1.5,0.7,2.8
929,0.4748,0,NORMAL,3.7,2.6,9.8,8.4
930,0.9999,0,WARNING,3.7,3.0,1.2,2.9
931,0.9999,0,WARNING,3.7,2.0,0.8,2.8
932,0.3073,0,NORMAL,3.7,1.5,0.7,2.7
933,0.9999,0,WARNING,3.6,1.2,0.8,2.9
934,1.0,0,ANOMALY,7.8,19.9,9.7,8.3
935,0.9999,0,WARNING,3.6,1.7,1.6,2.8
936,0.9999,0,WARNING,3.6,1.6,0.8,2.9
937,0.9999,0,WARNING,3.6,1.4,0.8,2.8
938,0.9999,0,WARNING,3.6,1.3,0.9,2.8
939,0.491,0,NORMAL,3.7,3.2,9.8,8.4
940,0.9967,0,WARNING,3.7,1.2,3.9,6.7
941,0.9999,0,WARNING,3.6,1.8,1.0,3.5
942,0.3331,0,NORMAL,3.7,2.1,1.1,4.4
943,0.9999,0,WARNING,3.6,1.4,0.9,3.1
944,0.9961,0,WARNING,4.7,14.1,5.8,5.8
945,0.3332,0,NORMAL,3.7,2.4,5.1,5.1
946,0.9999,0,WARNING,3.6,1.1,0.8,2.8
947,0.9999,0,WARNING,3.6,1.3,0.8,2.7
948,0.9999,0,WARNING,3.6,1.5,0.8,2.7
949,0.3354,0,NORMAL,3.7,1.6,3.1,4.2
950,0.3467,0,NORMAL,3.7,2.6,7.1,6.8
951,0.9999,0,WARNING,3.6,1.5,0.8,2.8
952,0.9999,0,WARNING,3.6,2.0,0.8,2.8
953,0.9999,0,WARNING,3.6,1.4,0.8,2.9
954,1.0,0,ANOMALY,7.6,18.9,0.7,2.7
955,0.4642,0,NORMAL,3.7,2.9,9.3,8.1
956,0.9999,0,WARNING,3.7,1.5,0.8,2.8
957,0.9999,0,WARNING,3.6,2.0,0.8,2.9
958,0.9999,0,WARNING,3.6,1.2,0.8,2.8
959,0.9999,0,WARNING,3.6,1.9,0.8,2.7
960,0.4693,0,NORMAL,3.8,2.3,9.8,8.8
961,0.9999,0,WARNING,3.7,1.8,1.1,4.0
962,0.9999,0,WARNING,3.7,1.9,1.1,4.1
963,0.9999,0,WARNING,3.6,1.5,0.9,3.3
964,0.9999,0,WARNING,4.8,13.7,0.8,2.8
965,0.4696,0,NORMAL,3.7,3.3,9.7,8.2
966,0.9999,0,WARNING,3.6,1.2,0.8,2.8
967,0.9999,0,WARNING,3.6,2.1,0.8,2.8
968,0.9999,0,WARNING,3.6,1.7,0.8,2.8
969,0.9999,0,WARNING,3.6,1.4,0.7,2.8
970,0.9902,0,WARNING,3.7,3.1,9.7,11.0
971,0.9999,0,WARNING,3.6,1.7,0.8,2.7
972,0.2781,0,NORMAL,3.7,1.9,0.8,2.8
973,0.9999,0,WARNING,3.7,2.2,0.7,2.8
974,1.0,0,ANOMALY,7.6,18.7,0.7,2.8
975,0.4698,0,NORMAL,3.7,3.0,9.6,8.2
976,0.9999,0,WARNING,3.7,1.1,0.7,2.7
977,0.9999,0,WARNING,3.8,2.2,0.8,2.8
978,0.9999,0,WARNING,3.6,1.8,0.8,2.8
979,0.9999,0,WARNING,3.7,2.0,0.8,2.8
980,0.4693,0,NORMAL,3.7,2.4,9.8,9.0
981,0.9999,0,WARNING,3.6,2.0,1.2,3.1
982,0.9999,0,WARNING,3.6,1.6,1.0,3.6
983,0.9999,0,WARNING,3.6,1.5,1.1,4.0
984,0.9999,0,WARNING,5.0,14.0,0.9,3.2
985,0.4751,0,NORMAL,3.7,2.8,9.8,8.2
986,0.9999,0,WARNING,3.6,1.2,1.6,2.7
987,0.9999,0,WARNING,3.6,1.8,0.8,2.8
988,0.9999,0,WARNING,3.6,1.1,0.8,2.8
989,0.9999,0,WARNING,3.7,1.5,0.7,2.8
990,0.405,0,NORMAL,3.8,2.1,8.4,7.5
991,0.9999,0,WARNING,3.7,1.6,2.5,3.6
992,0.2867,0,NORMAL,3.8,2.0,0.9,2.8
993,0.9999,0,WARNING,3.7,1.4,0.8,2.7
994,1.0,0,ANOMALY,8.3,19.6,0.7,2.6
995,0.3649,0,NORMAL,3.8,2.7,5.9,5.9
996,0.3306,0,NORMAL,3.8,1.4,4.9,5.0
997,0.9999,0,WARNING,3.7,2.1,0.8,2.8
998,0.9999,0,WARNING,3.7,1.8,0.7,2.8
999,0.3597,0,NORMAL,3.8,2.3,0.8,2.8
1000,0.9968,0,WARNING,3.8,2.4,3.3,7.2
1001,0.3483,0,NORMAL,3.8,2.8,7.1,6.8
1002,0.9999,0,WARNING,3.7,1.9,0.8,2.7
1003,0.306,0,NORMAL,3.8,1.6,0.9,3.4
1004,0.9963,0,WARNING,4.8,13.7,1.1,4.0
1005,0.9999,0,WARNING,3.7,2.3,0.8,2.9
1006,0.4695,0,NORMAL,3.8,2.6,9.5,8.3
1007,0.9999,0,WARNING,3.7,2.1,0.8,2.8
1008,0.9999,0,WARNING,3.7,1.9,0.8,2.8
1009,0.9999,0,WARNING,3.7,1.7,0.7,2.8
1010,0.9999,0,WARNING,3.7,1.1,0.8,2.7
1011,0.4637,0,NORMAL,3.8,2.6,9.6,8.1
1012,0.9999,0,WARNING,3.7,1.0,0.8,2.9
1013,0.9999,0,WARNING,3.7,2.2,0.8,2.8
1014,1.0,0,ANOMALY,8.3,19.5,0.8,2.8
1015,0.9999,0,WARNING,3.7,1.3,0.8,2.8
1016,0.4641,0,NORMAL,3.8,2.2,9.6,8.2
1017,0.9999,0,WARNING,3.7,1.8,0.8,3.0
1018,0.9999,0,WARNING,3.7,1.1,0.8,2.8
1019,0.9999,0,WARNING,3.7,1.1,0.8,2.9
1020,0.9999,0,WARNING,3.6,1.5,0.8,2.8
1021,0.4693,0,NORMAL,3.8,2.6,9.6,8.3
1022,0.9999,0,WARNING,3.7,1.5,0.8,2.8
1023,0.9999,0,WARNING,3.7,2.0,0.7,2.8
1024,0.9999,0,WARNING,5.0,13.6,0.8,2.8
1025,0.9999,0,WARNING,3.6,1.5,0.7,2.8
1026,0.4695,0,NORMAL,3.8,2.5,9.8,8.8
1027,0.9999,0,WARNING,3.7,1.6,1.1,4.0
1028,0.9999,0,WARNING,3.7,2.2,1.1,4.1
1029,0.2854,0,NORMAL,3.7,1.6,1.1,4.0
1030,0.9999,0,WARNING,3.6,1.5,1.2,6.6
1031,0.4693,0,NORMAL,3.7,2.8,9.8,8.8
1032,0.3057,0,NORMAL,3.8,1.7,1.5,4.2
1033,0.2628,0,NORMAL,3.8,1.9,1.2,4.0
1034,1.0,0,ANOMALY,7.2,17.9,1.2,4.1
1035,0.9999,0,WARNING,3.7,1.8,1.1,4.0
1036,0.4697,0,NORMAL,3.8,2.3,9.9,9.6
1037,0.9999,0,WARNING,3.7,1.7,2.0,4.2
1038,0.9999,0,WARNING,3.7,1.4,0.9,3.1
1039,0.9999,0,WARNING,3.7,1.6,0.8,2.9
1040,0.9999,0,WARNING,3.7,1.3,0.8,2.8
1041,0.4172,0,NORMAL,3.8,1.7,8.6,7.6
1042,0.9999,0,WARNING,3.7,2.2,2.3,3.4
1043,0.9999,0,WARNING,3.7,1.7,0.8,2.8
1044,0.9999,0,WARNING,4.8,13.4,0.8,2.9
1045,0.9999,0,WARNING,3.7,1.9,0.8,2.9
1046,0.294,0,NORMAL,3.8,1.9,5.7,5.9
1047,0.2875,0,NORMAL,3.8,2.6,5.0,5.5
1048,0.9999,0,WARNING,3.7,2.0,0.8,2.9
1049,0.2873,0,NORMAL,3.8,1.5,0.8,3.3
1050,0.9999,0,WARNING,3.7,1.2,0.8,2.8
1051,0.2978,0,NORMAL,3.8,1.8,3.2,4.3
1052,0.3466,0,NORMAL,3.8,2.6,7.1,6.9
1053,0.9999,0,WARNING,3.7,1.5,0.8,2.9
1054,1.0,0,ANOMALY,7.2,17.9,0.9,2.9
1055,0.2886,0,NORMAL,3.8,1.9,0.9,2.9
1056,0.9999,0,WARNING,3.7,1.8,0.7,2.8
1057,0.4695,0,NORMAL,3.8,2.6,9.6,8.3
1058,0.9999,0,WARNING,3.7,0.9,0.8,2.7
1059,0.2844,0,NORMAL,3.8,2.0,0.8,2.8
1060,0.9999,0,WARNING,3.7,2.0,0.9,5.6
1061,0.9999,0,WARNING,3.7,1.6,0.8,2.9
1062,0.4692,0,NORMAL,3.8,2.7,9.7,8.3
1063,0.9999,0,WARNING,3.7,1.3,0.8,2.9
1064,0.9999,0,WARNING,4.7,13.3,0.8,2.9
1065,0.9999,0,WARNING,3.7,1.8,0.8,2.9
1066,0.9999,0,WARNING,3.7,0.9,0.8,2.9
1067,0.4694,0,NORMAL,3.8,2.9,9.7,8.4
1068,0.9999,0,WARNING,3.7,1.2,0.9,3.0
1069,0.9999,0,WARNING,3.7,1.2,0.8,3.0
1070,0.9999,0,WARNING,3.7,1.5,0.8,2.9
1071,0.9999,0,WARNING,3.7,1.2,0.8,2.9
1072,0.4747,0,NORMAL,3.8,2.1,9.8,8.5
1073,0.9999,0,WARNING,3.7,1.6,0.8,2.9
1074,1.0,0,ANOMALY,6.9,17.8,0.8,3.0
1075,0.9999,0,WARNING,3.7,1.4,0.8,2.9
1076,0.9999,0,WARNING,3.7,1.0,0.8,2.9
1077,0.4639,0,NORMAL,3.8,2.8,9.7,8.5
1078,0.9999,0,WARNING,3.7,1.5,0.9,3.1
1079,0.9999,0,WARNING,3.7,1.1,0.8,3.0
1080,0.9999,0,WARNING,3.7,1.6,0.9,3.0
1081,0.9999,0,WARNING,3.7,1.5,0.8,2.9
1082,0.4692,0,NORMAL,3.9,2.0,9.7,8.5
1083,0.9999,0,WARNING,3.7,2.0,1.2,3.1
1084,0.9999,0,WARNING,5.3,14.5,0.8,3.0
1085,0.9999,0,WARNING,3.8,1.4,0.8,3.2
1086,0.9999,0,WARNING,3.7,0.9,0.8,3.0
1087,0.4694,0,NORMAL,3.9,2.8,9.8,8.6
1088,0.9999,0,WARNING,3.7,1.0,1.7,3.1
1089,0.9999,0,WARNING,3.8,1.8,0.8,3.0
1090,0.9999,0,WARNING,3.8,2.2,0.9,6.2
1091,0.9999,0,WARNING,3.8,1.9,0.9,3.2
1092,0.4111,0,NORMAL,3.9,2.0,8.6,7.9
1093,0.2763,0,NORMAL,3.9,2.2,2.6,4.1
1094,1.0,0,ANOMALY,9.4,21.5,0.9,3.5
1095,0.9999,0,WARNING,3.8,1.6,0.8,3.2
1096,0.9999,0,WARNING,3.8,1.3,0.9,3.2
1097,0.2679,0,NORMAL,3.9,2.7,6.1,6.3
1098,0.2646,0,NORMAL,3.9,2.1,5.1,5.6
1099,0.9999,0,WARNING,3.8,1.2,0.9,3.2
1100,0.9999,0,WARNING,3.8,1.7,0.9,3.2
1101,0.9999,0,WARNING,3.8,1.7,0.9,3.2
1102,0.2913,0,NORMAL,3.9,1.7,3.4,4.7
1103,0.3534,0,NORMAL,3.9,2.5,7.3,7.3
1104,0.9999,0,WARNING,5.3,14.3,0.9,3.2
1105,0.9999,0,WARNING,3.8,2.1,0.9,3.2
1106,0.9999,0,WARNING,3.8,1.2,1.0,3.2
1107,0.9999,0,WARNING,3.8,2.0,1.0,3.3
1108,0.4694,0,NORMAL,3.9,2.7,9.6,8.7
1109,0.9999,0,WARNING,3.8,1.4,1.0,3.4
1110,0.9999,0,WARNING,3.8,1.3,1.0,3.6
1111,0.9999,0,WARNING,3.8,1.5,0.9,3.3
1112,0.9999,0,WARNING,3.8,2.6,1.0,3.3
1113,0.4692,0,NORMAL,3.9,2.8,9.9,9.0
1114,1.0,0,ANOMALY,9.4,20.8,1.0,3.4
1115,0.9999,0,WARNING,3.8,1.4,1.0,3.4
1116,0.3292,0,NORMAL,3.9,0.9,0.9,3.4
1117,0.9999,0,WARNING,3.8,2.0,1.0,3.4
1118,0.475,0,NORMAL,3.9,2.4,9.9,8.9
1119,0.3585,0,NORMAL,3.9,1.7,1.1,3.5
1120,0.9999,0,WARNING,3.8,2.0,1.1,6.5
1121,0.9999,0,WARNING,3.8,1.4,1.0,3.3
1122,0.9999,0,WARNING,3.8,1.0,1.0,3.5
1123,0.4693,0,NORMAL,3.9,2.7,9.9,8.9
1124,0.996,0,WARNING,5.3,14.1,1.1,3.5
1125,0.9999,0,WARNING,3.8,1.9,1.1,3.5
1126,0.9999,0,WARNING,3.8,0.8,1.0,3.5
1127,0.9999,0,WARNING,3.8,1.7,1.0,3.5
1128,0.4694,0,NORMAL,3.9,2.6,9.8,8.9
1129,0.9999,0,WARNING,3.8,1.4,1.4,3.5
1130,0.9999,0,WARNING,3.8,1.7,1.1,3.7
1131,0.9999,0,WARNING,3.8,1.7,1.0,3.5
1132,0.9999,0,WARNING,3.8,1.1,1.1,3.6
1133,0.4747,0,NORMAL,4.0,2.8,10.0,9.1
1134,1.0,0,ANOMALY,8.9,20.9,1.3,3.5
1135,0.9999,0,WARNING,3.8,2.0,1.1,3.6
1136,0.9999,0,WARNING,3.8,1.1,1.0,3.5
1137,0.9999,0,WARNING,3.8,2.0,1.0,3.5
1138,0.9999,0,WARNING,3.8,1.3,1.1,3.6
1139,0.9999,0,WARNING,3.8,1.4,1.1,3.6
1140,0.9999,0,WARNING,3.8,1.1,1.1,3.6
1141,0.9999,0,WARNING,3.8,1.4,1.0,3.4
1142,0.2953,0,NORMAL,3.9,1.6,2.5,4.4
1143,0.4482,0,NORMAL,4.0,3.2,8.2,8.1
1144,1.0,0,ANOMALY,7.3,18.0,1.0,3.5
1145,0.3633,0,NORMAL,3.9,1.7,1.1,3.5
1146,0.9999,0,WARNING,3.8,1.1,1.1,3.6
1147,0.9999,0,WARNING,3.8,2.0,1.0,3.6
1148,0.4749,0,NORMAL,3.9,2.8,10.1,9.1
1149,0.9999,0,WARNING,3.8,1.9,1.0,3.6
1150,0.9999,0,WARNING,3.8,1.1,1.1,6.5
1151,0.9999,0,WARNING,3.8,1.9,1.1,3.6
1152,0.9999,0,WARNING,3.8,1.3,1.0,3.5
1153,0.4747,0,NORMAL,4.1,3.1,10.0,9.0
1154,1.0,0,ANOMALY,6.7,16.9,1.1,3.6
1155,0.9999,0,WARNING,3.8,1.9,1.0,3.6
1156,0.9999,0,WARNING,3.8,1.8,1.0,3.7
1157,0.9999,0,WARNING,3.8,2.0,1.1,3.6
1158,0.4694,0,NORMAL,3.9,2.7,9.9,9.2
1159,0.9999,0,WARNING,3.8,1.6,1.0,3.5
1160,0.9999,0,WARNING,3.8,1.0,1.1,3.7
1161,0.9999,0,WARNING,3.8,3.3,1.1,3.6
1162,0.9999,0,WARNING,3.8,2.4,1.1,3.7
1163,0.4748,0,NORMAL,3.9,3.4,10.0,9.2
1164,1.0,0,ANOMALY,6.8,17.6,1.2,3.7
1165,0.9999,0,WARNING,3.8,1.9,1.1,3.7
1166,0.9999,0,WARNING,3.8,1.2,1.1,3.8
1167,0.2707,0,NORMAL,4.0,1.6,1.2,3.8
1168,0.4694,0,NORMAL,4.0,3.1,10.0,9.2
1169,0.9999,0,WARNING,3.9,1.9,1.1,3.8
1170,0.9999,0,WARNING,3.9,1.3,1.2,3.8
1171,0.2772,0,NORMAL,4.0,2.4,1.2,3.9
1172,0.9999,0,WARNING,3.9,1.9,1.0,3.8
1173,0.4693,0,NORMAL,4.0,2.3,9.9,9.4
1174,1.0,0,ANOMALY,7.5,18.5,1.6,3.8
1175,0.9999,0,WARNING,3.9,2.2,1.2,3.8
1176,0.2537,0,NORMAL,3.9,1.3,1.2,3.8
1177,0.9999,0,WARNING,3.9,2.1,1.2,3.8
1178,0.475,0,NORMAL,4.0,3.0,10.1,9.4
1179,0.2593,0,NORMAL,4.0,2.1,2.1,3.9
1180,0.9999,0,WARNING,3.9,1.2,1.3,6.8
1181,0.9999,0,WARNING,3.9,1.8,1.1,3.8
1182,0.3062,0,NORMAL,4.0,1.7,1.2,3.9
1183,0.3667,0,NORMAL,4.0,2.9,7.9,8.0
1184,1.0,0,ANOMALY,6.3,16.8,3.7,5.2
1185,0.2758,0,NORMAL,4.0,2.3,1.2,4.0
1186,0.9999,0,WARNING,3.8,1.2,1.1,3.9
1187,0.2646,0,NORMAL,3.9,2.2,1.1,3.9
1188,0.2733,0,NORMAL,3.9,2.0,5.2,6.4
1189,0.2785,0,NORMAL,3.9,2.3,6.5,7.1
1190,0.9999,0,WARNING,3.8,2.0,1.2,4.1
1191,0.3337,0,NORMAL,3.9,2.1,1.2,3.9
1192,0.2791,0,NORMAL,3.9,1.6,1.3,3.9
1193,0.2813,0,NORMAL,4.0,2.3,2.6,4.9
1194,1.0,0,ANOMALY,7.9,19.9,8.3,8.6
1195,0.537,0,NORMAL,3.9,1.5,1.3,4.1
1196,0.3027,0,NORMAL,3.9,1.3,1.2,4.1
1197,0.3039,0,NORMAL,3.9,2.5,1.2,4.0
1198,0.9999,0,WARNING,3.8,1.5,1.2,4.1
1199,0.8844,0,WARNING,4.1,4.4,10.1,9.6
1200,0.9999,0,WARNING,3.8,1.8,1.2,4.0
1201,0.3326,0,NORMAL,3.9,2.0,1.3,4.2
1202,0.9999,0,WARNING,3.8,1.8,1.2,4.1
1203,0.3343,0,NORMAL,3.9,1.9,1.2,4.0
1204,1.0,0,ANOMALY,7.1,19.5,10.1,9.6
1205,0.9999,0,WARNING,3.8,2.6,1.2,4.1
1206,0.2502,0,NORMAL,3.9,1.7,1.2,4.2
1207,0.306,0,NORMAL,3.9,2.6,1.3,4.1
1208,0.2938,0,NORMAL,3.9,1.2,1.3,4.3
1209,0.4749,0,NORMAL,3.9,2.8,10.1,9.7
1210,0.9982,0,WARNING,3.9,2.1,1.4,7.4
1211,0.3541,0,NORMAL,3.9,1.7,1.3,4.2
1212,0.3051,0,NORMAL,3.9,1.4,1.3,4.4
1213,0.3059,0,NORMAL,3.9,1.8,1.3,4.3
1214,1.0,0,ANOMALY,10.0,23.5,10.2,9.8
1215,0.6207,0,WARNING,3.9,1.9,1.5,4.4
1216,0.3268,0,NORMAL,3.9,1.6,1.4,4.6
1217,0.3286,0,NORMAL,3.9,2.2,1.2,4.2
1218,0.9999,0,WARNING,3.8,1.3,1.3,4.3
1219,0.4749,0,NORMAL,3.9,2.8,10.1,9.8
1220,0.3052,0,NORMAL,3.9,1.7,1.3,4.3
1221,0.3057,0,NORMAL,3.9,1.3,1.2,4.3
1222,0.2783,0,NORMAL,3.9,1.6,1.3,4.3
1223,0.3059,0,NORMAL,3.9,2.1,1.3,4.2
1224,1.0,0,ANOMALY,7.6,19.1,10.3,9.8
1225,0.543,0,NORMAL,4.0,2.7,1.7,4.4
1226,0.2441,0,NORMAL,3.9,1.8,1.3,4.4
1227,0.275,0,NORMAL,3.9,2.2,1.4,4.4
1228,0.2614,0,NORMAL,3.9,0.9,1.4,4.5
1229,0.4749,0,NORMAL,4.0,2.8,10.2,10.0
1230,0.2518,0,NORMAL,4.0,2.0,2.4,4.3
1231,0.3069,0,NORMAL,3.9,1.7,1.3,4.3
1232,0.2785,0,NORMAL,3.9,1.8,1.4,4.4
1233,0.2694,0,NORMAL,4.0,1.8,1.3,4.4
1234,1.0,0,ANOMALY,7.3,19.1,8.4,9.3
1235,0.4998,0,NORMAL,4.0,2.4,3.7,5.6
1236,0.2351,0,NORMAL,4.0,1.6,1.4,4.4
1237,0.4874,0,NORMAL,4.1,2.3,1.3,4.5
1238,0.4062,0,NORMAL,4.0,1.3,1.3,4.4
1239,0.3412,0,NORMAL,4.0,2.7,5.5,7.0
1240,0.9947,0,WARNING,4.0,2.4,6.7,10.3
1241,0.4319,0,NORMAL,4.0,1.9,1.5,4.5
1242,0.2542,0,NORMAL,4.0,1.6,1.4,4.6
1243,0.2662,0,NORMAL,4.0,1.8,1.4,4.6
1244,1.0,0,ANOMALY,9.4,21.5,3.0,5.5
1245,0.4548,0,NORMAL,4.0,2.6,8.6,9.1
1246,0.2518,0,NORMAL,4.0,1.3,1.4,4.5
1247,0.3867,0,NORMAL,4.0,2.4,1.3,4.4
1248,0.2477,0,NORMAL,4.0,1.4,1.5,4.7
1249,0.5445,0,NORMAL,4.1,2.0,1.4,4.6
1250,0.4803,0,NORMAL,4.0,2.5,10.3,10.1
1251,0.3479,0,NORMAL,4.1,1.8,1.5,4.7
1252,0.3169,0,NORMAL,4.1,1.4,1.5,4.7
1253,0.2961,0,NORMAL,4.1,1.2,1.3,4.6
1254,0.9965,0,WARNING,5.6,15.1,1.5,4.7
1255,0.4806,0,NORMAL,4.1,2.7,10.4,10.2
1256,0.2943,0,NORMAL,4.0,1.6,1.5,4.7
1257,0.2506,0,NORMAL,4.0,2.0,1.5,4.7
1258,0.264,0,NORMAL,4.0,1.2,1.5,4.8
1259,0.264,0,NORMAL,4.0,1.9,1.5,4.9
1260,0.4748,0,NORMAL,4.0,2.5,10.3,10.3
1261,0.278,0,NORMAL,4.0,2.0,1.5,4.8
1262,0.2734,0,NORMAL,4.0,1.2,1.5,4.6
1263,0.2621,0,NORMAL,4.0,1.7,1.4,4.7
1264,1.0,0,ANOMALY,8.4,19.6,1.4,4.8
1265,0.4808,0,NORMAL,4.0,2.2,10.4,10.3
1266,0.3215,0,NORMAL,4.0,1.5,1.7,4.9
1267,0.4008,0,NORMAL,4.0,2.6,1.5,4.9
1268,0.2461,0,NORMAL,4.0,1.8,1.5,5.0
1269,0.2544,0,NORMAL,4.0,1.5,1.5,4.9
1270,0.9984,0,WARNING,4.0,2.5,10.4,13.6
1271,0.5144,0,NORMAL,4.0,1.8,1.5,4.8
1272,0.2308,0,NORMAL,4.0,1.5,1.5,4.9
1273,0.2422,0,NORMAL,4.0,1.8,1.4,4.9
1274,1.0,0,ANOMALY,6.2,16.2,1.5,4.9
1275,0.4807,0,NORMAL,4.1,2.9,10.5,10.6
1276,0.2872,0,NORMAL,4.0,1.4,1.9,4.9
1277,0.2377,0,NORMAL,4.0,1.6,1.5,5.0
1278,0.2477,0,NORMAL,4.0,1.0,1.5,5.0
1279,0.2715,0,NORMAL,4.0,1.6,1.5,5.0
1280,0.4749,0,NORMAL,4.0,2.4,10.3,10.6
1281,0.3285,0,NORMAL,4.0,2.6,2.5,5.0
1282,0.245,0,NORMAL,4.0,1.8,1.5,5.0
1283,0.2522,0,NORMAL,4.0,1.3,1.5,5.1
1284,1.0,0,ANOMALY,7.6,18.3,1.5,5.1
1285,0.3804,0,NORMAL,4.0,2.7,8.4,9.3
1286,0.3088,0,NORMAL,4.0,1.7,3.9,6.1
1287,0.2307,0,NORMAL,4.0,2.1,1.6,5.0
1288,0.2424,0,NORMAL,4.0,1.5,1.6,6.1
1289,0.2471,0,NORMAL,4.0,2.2,1.9,6.4
1290,0.2752,0,NORMAL,4.0,1.5,6.8,9.5
1291,0.239,0,NORMAL,4.0,2.2,5.9,7.7
1292,0.2585,0,NORMAL,4.0,1.5,1.6,5.1
1293,0.2603,0,NORMAL,4.0,1.3,1.4,5.0
1294,0.9963,0,WARNING,5.5,15.1,1.5,5.1
1295,0.2824,0,NORMAL,4.0,2.1,3.4,6.2
1296,0.3802,0,NORMAL,4.0,2.3,8.1,9.4
1297,0.2929,0,NORMAL,4.0,1.4,1.5,5.0
1298,0.2947,0,NORMAL,4.0,1.4,1.5,5.1
1299,0.2892,0,NORMAL,4.0,2.0,1.5,5.1
1300,0.9988,0,WARNING,4.0,0.9,1.5,8.1
1301,0.6289,0,WARNING,4.1,3.7,10.3,10.6
1302,0.3223,0,NORMAL,4.0,1.8,1.5,5.0
1303,0.3078,0,NORMAL,4.0,1.4,1.6,5.1
1304,1.0,0,ANOMALY,10.6,22.9,1.6,5.5
1305,0.4832,0,NORMAL,4.0,2.4,1.7,6.2
1306,0.4808,0,NORMAL,4.1,3.0,10.7,11.9
1307,0.2823,0,NORMAL,4.0,1.6,1.7,5.8
1308,1.0,0,ANOMALY,4.0,1.7,1.6,7.8
1309,0.3072,0,NORMAL,4.0,1.9,1.5,5.2
1310,0.3154,0,NORMAL,4.0,1.3,1.6,5.1
1311,0.4749,0,NORMAL,4.0,2.5,10.3,10.7
1312,0.3255,0,NORMAL,4.0,1.7,1.6,5.4
1313,0.3337,0,NORMAL,3.9,1.2,1.5,5.2
1314,1.0,0,ANOMALY,9.1,20.6,1.5,5.3
1315,0.42,0,NORMAL,4.0,2.0,1.5,5.2
1316,0.4807,0,NORMAL,4.0,2.1,10.4,10.9
1317,0.277,0,NORMAL,4.1,2.0,1.6,5.3
1318,0.2863,0,NORMAL,4.0,2.0,1.5,5.1
1319,0.3082,0,NORMAL,4.0,1.6,1.5,5.2
1320,0.3161,0,NORMAL,4.0,1.4,1.5,5.2
1321,0.4749,0,NORMAL,4.1,2.8,10.3,10.7
1322,0.2859,0,NORMAL,4.0,1.3,1.6,5.2
1323,0.2808,0,NORMAL,4.0,1.5,1.7,5.3
1324,1.0,0,ANOMALY,7.7,18.7,1.6,5.2
1325,0.3217,0,NORMAL,4.0,1.9,1.5,5.0
1326,0.4752,0,NORMAL,4.0,2.5,10.3,10.5
1327,0.2982,0,NORMAL,4.0,2.2,1.8,5.3
1328,0.2935,0,NORMAL,4.0,1.9,2.1,5.7
1329,0.3015,0,NORMAL,4.0,2.5,2.1,5.6
1330,0.9984,0,WARNING,4.0,1.7,2.1,9.0
1331,0.4963,0,NORMAL,4.1,3.4,11.0,12.4
1332,0.3727,0,NORMAL,4.0,2.7,3.4,6.5
1333,0.3258,0,NORMAL,4.0,1.5,1.5,5.1
1334,1.0,0,ANOMALY,9.1,20.6,1.6,5.2
1335,0.3355,0,NORMAL,4.0,2.2,1.5,5.3
1336,0.4587,0,NORMAL,4.0,2.6,9.9,10.4
1337,0.2906,0,NORMAL,4.0,2.1,2.8,5.7
1338,0.2926,0,NORMAL,4.0,2.3,1.6,5.2
1339,0.8601,0,WARNING,4.3,3.3,1.6,5.3
1340,0.3024,0,NORMAL,4.0,1.2,1.5,5.2
1341,0.3035,0,NORMAL,4.1,2.6,6.7,8.3
1342,0.2878,0,NORMAL,4.1,2.2,5.7,7.4
1343,0.2801,0,NORMAL,4.1,2.1,1.5,5.2
1344,1.0,0,ANOMALY,8.0,18.7,1.5,5.2
1345,0.3439,0,NORMAL,4.1,2.1,1.6,5.3
1346,0.3084,0,NORMAL,4.0,2.0,3.3,6.3
1347,0.3929,0,NORMAL,4.0,2.4,8.4,9.8
1348,0.3507,0,NORMAL,4.0,1.4,1.6,5.2
1349,0.3648,0,NORMAL,4.0,1.8,1.5,5.2
1350,0.3721,0,NORMAL,4.0,1.8,1.5,5.1
1351,0.3731,0,NORMAL,4.0,2.0,1.6,5.4
1352,0.4748,0,NORMAL,4.0,3.0,10.3,10.8
1353,0.3512,0,NORMAL,4.0,1.9,1.5,5.2
1354,1.0,0,ANOMALY,9.6,21.1,1.5,5.2
1355,0.4576,0,NORMAL,4.0,2.2,1.5,5.1
1356,0.3643,0,NORMAL,4.0,1.4,1.5,5.2
1357,0.4806,0,NORMAL,4.0,3.1,10.5,10.7
1358,0.392,0,NORMAL,4.0,1.4,1.5,5.2
1359,0.4112,0,NORMAL,4.0,2.4,1.5,5.2
1360,0.9977,0,WARNING,3.9,2.0,1.6,8.2
1361,0.4241,0,NORMAL,4.0,2.0,1.6,5.2
1362,0.4748,0,NORMAL,4.0,2.8,10.3,10.9
1363,0.3752,0,NORMAL,4.0,1.7,1.6,5.2
1364,1.0,0,ANOMALY,6.5,16.9,1.5,5.2
1365,0.3396,0,NORMAL,4.0,1.9,1.5,5.3
1366,0.3473,0,NORMAL,4.0,1.5,1.5,5.1
1367,0.4751,0,NORMAL,4.1,2.9,10.5,11.5
1368,0.3314,0,NORMAL,4.1,1.8,1.8,6.7
1369,0.3393,0,NORMAL,4.1,1.9,1.8,6.8
1370,0.3402,0,NORMAL,4.1,1.6,1.7,5.7
1371,0.3476,0,NORMAL,4.1,1.8,1.7,5.6
1372,0.4749,0,NORMAL,4.1,3.2,10.3,10.6
1373,0.3444,0,NORMAL,4.1,1.5,1.5,5.1
1374,1.0,0,ANOMALY,9.1,20.8,1.6,5.2
1375,0.3888,0,NORMAL,4.1,2.4,1.5,5.2
1376,0.3333,0,NORMAL,4.1,1.4,1.5,5.2
1377,0.4751,0,NORMAL,4.1,3.3,10.4,11.0
1378,0.3114,0,NORMAL,4.1,2.3,1.8,5.6
1379,0.3265,0,NORMAL,4.1,2.3,1.5,5.2
1380,0.3408,0,NORMAL,4.1,1.7,1.5,5.2
1381,0.3356,0,NORMAL,4.1,1.9,1.5,5.1
1382,0.4748,0,NORMAL,4.1,2.0,10.4,10.7
1383,0.3193,0,NORMAL,4.1,1.9,2.3,5.2
1384,0.9967,0,WARNING,5.7,15.2,1.5,5.2
1385,0.3212,0,NORMAL,4.1,2.1,1.5,5.3
1386,0.3353,0,NORMAL,4.1,1.2,1.5,5.2
1387,0.464,0,NORMAL,4.3,3.4,10.0,10.6
1388,0.2858,0,NORMAL,4.2,2.3,2.4,5.4
1389,0.2805,0,NORMAL,4.2,1.7,1.6,5.3
1390,0.9977,0,WARNING,4.2,2.2,1.6,8.2
1391,0.2902,0,NORMAL,4.2,1.9,1.4,5.1
1392,0.2675,0,NORMAL,4.2,1.8,6.5,8.3
1393,0.23,0,NORMAL,4.2,2.5,6.0,8.4
1394,1.0,0,ANOMALY,8.2,19.1,1.8,6.6
1395,0.3731,0,NORMAL,4.4,3.1,1.8,6.1
1396,0.3068,0,NORMAL,4.3,0.9,1.4,5.0
1397,0.2234,0,NORMAL,4.3,2.1,3.3,6.3
1398,0.3865,0,NORMAL,4.3,2.8,8.2,9.7
1399,0.2542,0,NORMAL,4.3,1.9,1.5,5.1
1400,0.8949,0,WARNING,4.5,3.0,1.5,5.2
1401,0.2433,0,NORMAL,4.3,1.7,1.5,5.3
1402,0.25,0,NORMAL,4.3,1.9,1.6,5.6
1403,0.4748,0,NORMAL,4.4,3.0,10.5,11.6
1404,1.0,0,ANOMALY,6.7,16.6,1.6,5.5
1405,0.3073,0,NORMAL,4.3,2.2,1.6,5.3
1406,0.229,0,NORMAL,4.3,1.3,1.8,5.8
1407,0.2365,0,NORMAL,4.3,2.1,1.9,6.7
1408,0.4804,0,NORMAL,4.4,3.1,10.8,12.1
1409,0.3147,0,NORMAL,4.3,2.2,2.1,6.7
1410,0.2218,0,NORMAL,4.3,1.6,1.9,6.3
1411,0.229,0,NORMAL,4.3,1.8,1.7,5.3
1412,0.2385,0,NORMAL,4.3,1.7,1.4,5.0
1413,0.4748,0,NORMAL,4.3,2.8,10.3,10.7
1414,1.0,0,ANOMALY,9.7,20.8,1.6,5.2
1415,0.4658,0,NORMAL,4.3,2.5,1.5,5.1
1416,0.209,0,NORMAL,4.3,1.7,1.4,5.0
1417,0.2246,0,NORMAL,4.3,1.8,1.5,5.2
1418,0.475,0,NORMAL,4.3,2.2,10.3,10.8
1419,0.2218,0,NORMAL,4.4,2.2,1.6,5.2
1420,0.9932,0,WARNING,4.4,1.7,1.6,8.0
1421,0.2403,0,NORMAL,4.4,2.1,1.5,5.1
1422,0.229,0,NORMAL,4.3,1.9,1.5,5.2
1423,0.4748,0,NORMAL,4.3,3.4,10.2,10.6
1424,1.0,0,ANOMALY,7.0,17.0,1.5,5.1
1425,0.8685,0,WARNING,4.6,3.4,1.4,5.1
1426,0.2229,0,NORMAL,4.3,2.1,1.5,5.2
1427,0.234,0,NORMAL,4.3,2.2,1.5,5.1
1428,0.475,0,NORMAL,4.3,2.8,10.3,10.6
1429,0.2274,0,NORMAL,4.3,2.4,1.6,5.1
1430,0.2936,0,NORMAL,4.3,1.4,1.5,5.2
1431,0.2433,0,NORMAL,4.3,1.7,1.5,5.2
1432,0.2493,0,NORMAL,4.3,1.6,1.5,5.3
1433,0.4748,0,NORMAL,4.3,2.7,10.4,11.0
1434,1.0,0,ANOMALY,9.4,20.6,2.3,5.5
1435,0.4825,0,NORMAL,4.3,2.8,1.8,6.4
1436,0.3869,0,NORMAL,4.3,1.6,1.9,6.4
1437,0.2119,0,NORMAL,4.4,2.6,1.7,5.9
1438,0.4413,0,NORMAL,4.4,2.9,9.7,10.6
1439,0.2122,0,NORMAL,4.4,2.1,2.9,6.4
1440,0.2172,0,NORMAL,4.4,2.0,1.5,5.3
1441,0.2286,0,NORMAL,4.4,2.1,1.6,5.3
1442,0.2382,0,NORMAL,4.4,1.4,1.6,5.4
1443,0.3062,0,NORMAL,4.4,3.1,6.7,8.2
1444,1.0,0,ANOMALY,6.4,16.7,5.8,7.7
1445,0.347,0,NORMAL,4.4,2.2,1.5,5.1
1446,0.2263,0,NORMAL,4.4,1.6,1.8,5.9
1447,0.233,0,NORMAL,4.4,2.6,2.1,6.4
1448,0.2364,0,NORMAL,4.5,2.1,3.9,7.5
1449,0.5856,0,NORMAL,4.6,3.9,8.7,10.7
1450,0.9977,0,WARNING,4.7,3.0,2.2,9.3
1451,0.3818,0,NORMAL,4.5,2.3,1.9,6.0
1452,0.2165,0,NORMAL,4.6,1.8,1.7,5.4
1453,0.2216,0,NORMAL,4.5,1.7,1.5,5.1
1454,1.0,0,ANOMALY,9.1,21.2,10.3,10.8
1455,0.5373,0,NORMAL,4.6,1.8,1.6,5.3
1456,0.354,0,NORMAL,4.6,1.3,1.9,5.5
1457,0.2121,0,NORMAL,4.6,1.9,2.3,6.0
1458,0.2228,0,NORMAL,4.6,1.4,2.4,5.9
1459,0.5219,0,NORMAL,4.7,2.6,11.2,11.4
1460,0.3101,0,NORMAL,4.6,1.6,2.5,5.7
1461,0.2229,0,NORMAL,4.6,1.9,1.8,5.7
1462,0.5384,0,NORMAL,4.6,2.2,1.5,5.4
1463,0.2362,0,NORMAL,4.5,1.9,1.6,5.3
1464,1.0,0,ANOMALY,8.7,20.3,10.4,10.9
1465,0.558,0,NORMAL,4.6,1.9,1.5,5.2
1466,0.205,0,NORMAL,4.6,1.8,1.4,5.3
1467,0.2179,0,NORMAL,4.5,2.0,1.5,5.2
1468,0.2307,0,NORMAL,4.5,1.5,1.6,5.4
1469,0.4749,0,NORMAL,4.7,2.9,10.3,10.9
1470,0.257,0,NORMAL,4.6,2.0,1.5,5.3
1471,0.2306,0,NORMAL,4.5,1.5,1.5,5.1
1472,0.239,0,NORMAL,4.5,1.1,1.5,5.3
1473,0.245,0,NORMAL,4.5,1.7,1.5,5.3
1474,1.0,0,ANOMALY,9.2,20.9,10.3,10.8
1475,0.5893,0,NORMAL,4.5,1.9,1.6,5.3
1476,0.217,0,NORMAL,4.5,1.4,1.6,5.2
1477,0.2444,0,NORMAL,4.5,1.5,1.6,5.4
1478,0.2759,0,NORMAL,4.5,1.8,1.5,5.2
1479,0.4749,0,NORMAL,4.6,2.8,10.3,10.9
1480,0.9982,0,WARNING,4.5,2.0,1.6,8.4
1481,0.3427,0,NORMAL,4.5,1.8,1.6,5.5
1482,0.276,0,NORMAL,4.5,1.2,1.5,5.4
1483,0.2771,0,NORMAL,4.5,1.8,1.6,5.4
1484,1.0,0,ANOMALY,9.5,21.2,10.4,11.1
1485,0.5826,0,NORMAL,4.5,2.2,2.3,5.5
1486,0.2417,0,NORMAL,4.5,1.4,1.7,5.6
1487,0.2731,0,NORMAL,4.5,1.8,1.5,5.3
1488,0.2752,0,NORMAL,4.5,1.3,1.6,5.6
1489,0.4807,0,NORMAL,4.6,3.2,10.1,10.9
1490,0.3045,0,NORMAL,4.5,1.6,2.4,5.7
1491,0.3874,0,NORMAL,4.5,1.8,1.5,5.3
1492,0.3055,0,NORMAL,4.5,1.5,1.6,5.4
1493,0.3335,0,NORMAL,4.5,1.6,1.6,5.4
1494,1.0,0,ANOMALY,9.2,20.6,6.9,8.7
1495,0.5375,0,NORMAL,4.5,2.1,5.8,7.8
1496,0.3012,0,NORMAL,4.5,1.5,1.6,5.3
1497,0.3023,0,NORMAL,4.5,2.1,1.7,5.6
1498,0.3039,0,NORMAL,4.5,1.5,1.6,5.4
1499,0.3053,0,NORMAL,4.5,1.9,3.5,6.5
1500,0.3799,0,NORMAL,4.5,2.4,8.2,9.9
1501,0.2773,0,NORMAL,4.5,1.4,1.6,5.3
1502,0.248,0,NORMAL,4.5,1.3,1.6,5.5
1503,0.2398,0,NORMAL,4.5,1.6,1.6,5.4
1504,1.0,0,ANOMALY,9.8,20.6,1.5,5.5
1505,0.4754,0,NORMAL,4.6,2.6,10.3,11.2
1506,0.3456,0,NORMAL,4.5,1.5,1.6,5.5
1507,0.3871,0,NORMAL,4.5,1.7,1.6,5.4
1508,0.2265,0,NORMAL,4.6,1.4,1.6,5.6
1509,0.2292,0,NORMAL,4.6,1.9,1.6,5.5
1510,0.9975,0,WARNING,4.7,2.9,10.6,14.1
1511,0.5141,0,NORMAL,4.6,1.7,1.7,5.8
1512,0.2038,0,NORMAL,4.6,1.9,1.7,5.5
1513,0.2159,0,NORMAL,4.6,1.7,1.6,5.5
1514,1.0,0,ANOMALY,10.3,21.8,1.5,5.4
1515,0.4809,0,NORMAL,4.7,3.0,10.5,11.1
1516,0.2842,0,NORMAL,4.7,2.2,1.6,5.5
1517,0.1959,0,NORMAL,4.6,1.8,1.6,5.5
1518,0.2218,0,NORMAL,4.6,1.8,1.7,5.6
1519,0.2245,0,NORMAL,4.6,1.9,1.5,5.6
1520,0.4749,0,NORMAL,4.6,3.0,10.3,11.0
1521,0.2349,0,NORMAL,4.6,2.2,1.6,5.5
1522,0.2328,0,NORMAL,4.6,1.4,1.5,5.4
1523,0.2332,0,NORMAL,4.6,2.1,1.6,5.6
1524,1.0,0,ANOMALY,9.1,19.8,1.6,5.7
1525,0.4699,0,NORMAL,4.7,3.6,10.3,11.1
1526,0.3291,0,NORMAL,4.6,1.4,1.6,5.5
1527,0.205,0,NORMAL,4.6,1.7,1.6,5.5
1528,0.2176,0,NORMAL,4.6,1.4,1.6,5.5
1529,0.2362,0,NORMAL,4.6,1.6,1.6,5.4
1530,0.4749,0,NORMAL,4.7,2.7,10.3,11.1
1531,0.2651,0,NORMAL,4.6,1.6,1.6,5.4
1532,0.267,0,NORMAL,4.5,1.3,1.6,5.5
1533,0.2333,0,NORMAL,4.6,2.4,1.6,5.6
1534,1.0,0,ANOMALY,10.5,21.4,1.7,5.6
1535,0.4831,0,NORMAL,4.6,2.8,10.4,11.1
1536,0.3244,0,NORMAL,4.6,1.5,2.3,5.5
1537,0.2129,0,NORMAL,4.5,2.4,1.6,5.5
1538,0.2227,0,NORMAL,4.6,1.6,1.6,5.6
1539,0.2243,0,NORMAL,4.6,1.8,1.6,5.5
1540,0.9984,0,WARNING,4.6,2.6,10.1,14.0
1541,0.4992,0,NORMAL,4.6,2.4,2.4,5.8
1542,0.197,0,NORMAL,4.6,1.4,1.6,5.7
1543,0.2094,0,NORMAL,4.6,1.7,1.5,5.6
1544,1.0,0,ANOMALY,11.5,23.4,1.7,5.5
1545,0.4944,0,NORMAL,4.6,2.6,6.7,8.9
1546,0.232,0,NORMAL,4.6,1.8,5.8,7.8
1547,0.2181,0,NORMAL,4.6,1.7,1.7,5.5
1548,0.207,0,NORMAL,4.6,1.6,1.6,5.7
1549,0.2139,0,NORMAL,4.6,1.8,1.7,5.6
1550,0.2255,0,NORMAL,4.6,1.7,3.5,6.9
1551,0.3799,0,NORMAL,4.6,2.3,8.2,9.9
1552,0.2185,0,NORMAL,4.6,1.6,1.7,5.7
1553,0.225,0,NORMAL,4.7,1.4,1.5,5.4
1554,1.0,0,ANOMALY,7.3,17.0,1.6,5.5
1555,0.2351,0,NORMAL,4.7,1.9,1.7,5.6
1556,0.4697,0,NORMAL,4.7,2.9,10.3,11.1
1557,0.2607,0,NORMAL,4.7,2.0,1.7,5.7
1558,0.4081,0,NORMAL,4.7,2.3,1.6,5.6
1559,0.2252,0,NORMAL,4.7,2.1,1.5,5.6
1560,0.2877,0,NORMAL,4.7,1.0,1.6,5.5
1561,0.4749,0,NORMAL,4.7,3.0,10.4,11.2
1562,0.2827,0,NORMAL,4.7,1.8,1.7,5.5
1563,0.3115,0,NORMAL,4.7,2.1,1.6,5.6
1564,1.0,0,ANOMALY,10.4,21.9,1.5,5.5
1565,0.4496,0,NORMAL,4.7,2.3,1.6,5.6
1566,0.4753,0,NORMAL,4.8,2.2,10.4,11.3
1567,0.2071,0,NORMAL,4.7,1.9,1.6,5.6
1568,0.286,0,NORMAL,4.7,2.2,1.7,5.7
1569,0.2152,0,NORMAL,4.7,1.8,1.7,5.7
1570,0.9982,0,WARNING,4.7,1.5,1.6,8.6
1571,0.4749,0,NORMAL,4.8,3.2,10.4,11.1
1572,0.2912,0,NORMAL,4.7,1.7,1.6,5.5
1573,0.2056,0,NORMAL,4.7,1.9,1.5,5.5
1574,1.0,0,ANOMALY,7.6,17.0,1.6,5.6
1575,0.209,0,NORMAL,4.7,2.1,1.6,5.5
1576,0.4806,0,NORMAL,4.8,3.2,10.5,11.1
1577,0.3098,0,NORMAL,4.7,2.4,1.7,5.5
1578,0.226,0,NORMAL,4.7,1.7,1.6,5.5
1579,0.2239,0,NORMAL,4.7,1.8,1.6,5.5
1580,0.2329,0,NORMAL,4.7,1.7,1.6,5.6
1581,0.4803,0,NORMAL,4.7,3.1,10.5,11.2
1582,0.2841,0,NORMAL,4.7,1.3,1.6,5.4
1583,0.2261,0,NORMAL,4.7,1.8,1.6,5.6
1584,1.0,0,ANOMALY,12.4,24.4,1.7,5.6
1585,0.5709,0,NORMAL,4.7,1.9,1.7,5.7
1586,0.4754,0,NORMAL,4.7,2.7,10.3,11.0
1587,0.1787,0,NORMAL,4.7,2.1,2.3,5.6
1588,0.1919,0,NORMAL,4.7,1.9,1.6,5.5
1589,0.2083,0,NORMAL,4.7,1.9,1.6,5.6
1590,0.2212,0,NORMAL,4.7,1.4,1.7,5.5
1591,0.4469,0,NORMAL,4.7,2.5,9.8,10.6
1592,0.2375,0,NORMAL,4.7,1.4,2.7,5.9
1593,0.2197,0,NORMAL,4.7,1.8,1.7,5.6
1594,1.0,0,ANOMALY,9.0,19.6,1.6,5.4
1595,0.3609,0,NORMAL,4.6,1.4,1.7,5.6
1596,0.2832,0,NORMAL,4.7,2.2,6.9,9.0
1597,0.2591,0,NORMAL,4.7,2.9,6.0,8.1
1598,0.2453,0,NORMAL,4.7,2.0,1.7,5.7
1599,0.2463,0,NORMAL,4.7,2.0,1.7,5.8
1600,0.994,0,WARNING,4.7,2.0,1.7,8.5
1601,0.3077,0,NORMAL,4.7,2.3,3.6,6.8
1602,0.3799,0,NORMAL,4.7,2.7,8.2,9.9
1603,0.4835,0,NORMAL,4.7,3.1,1.7,5.6
1604,1.0,0,ANOMALY,11.3,22.2,1.6,5.6
1605,0.4835,0,NORMAL,4.7,2.2,1.6,5.7
1606,0.2709,0,NORMAL,4.7,1.6,1.6,5.6
1607,0.8535,0,WARNING,4.9,4.1,10.5,11.4
1608,0.1894,0,NORMAL,4.7,1.5,1.7,5.7
1609,0.2171,0,NORMAL,4.7,2.2,1.7,5.6
1610,0.3065,0,NORMAL,4.7,1.7,1.6,5.6
1611,0.2284,0,NORMAL,4.7,1.9,1.6,5.7
1612,0.4749,0,NORMAL,4.8,3.0,10.5,11.3
1613,0.2865,0,NORMAL,4.7,2.2,1.7,5.8
1614,1.0,0,ANOMALY,9.4,20.8,1.7,5.8
1615,0.4112,0,NORMAL,4.8,1.6,1.6,5.8
1616,0.2727,0,NORMAL,4.7,1.4,1.6,5.6
1617,0.4806,0,NORMAL,4.9,3.2,10.7,11.6
1618,0.2267,0,NORMAL,4.8,1.6,1.8,6.2
1619,0.2145,0,NORMAL,4.8,1.9,1.7,6.0
1620,0.2165,0,NORMAL,4.8,1.6,1.8,6.1
1621,0.2478,0,NORMAL,4.8,1.8,1.7,6.0
1622,0.4749,0,NORMAL,4.8,3.3,10.6,11.6
1623,0.2839,0,NORMAL,4.8,1.9,1.8,5.8
1624,1.0,0,ANOMALY,10.3,21.9,1.6,5.7
1625,0.4421,0,NORMAL,4.8,1.7,1.8,6.0
1626,0.2162,0,NORMAL,4.8,2.0,1.6,5.7
1627,0.4752,0,NORMAL,4.9,2.6,10.6,11.5
1628,0.1914,0,NORMAL,4.8,1.8,1.8,5.9
1629,0.2047,0,NORMAL,4.8,1.9,1.9,6.0
1630,0.994,0,WARNING,5.3,5.1,1.8,8.6
1631,0.2871,0,NORMAL,4.8,1.8,1.7,6.0
1632,0.4803,0,NORMAL,5.0,2.8,10.7,11.5
1633,0.2268,0,NORMAL,4.9,2.1,2.1,5.9
1634,1.0,0,ANOMALY,11.7,23.1,1.8,5.9
1635,0.4859,0,NORMAL,4.8,2.0,1.6,5.9
1636,0.1715,0,NORMAL,4.8,1.7,1.7,5.9
1637,0.4752,0,NORMAL,4.9,3.2,10.6,11.5
1638,0.1803,0,NORMAL,4.8,1.8,2.6,5.8
1639,0.1903,0,NORMAL,4.8,1.9,1.7,5.8
1640,0.2049,0,NORMAL,4.8,1.7,1.7,5.7
1641,0.3863,0,NORMAL,4.8,1.7,1.7,5.7
1642,0.3734,0,NORMAL,4.8,2.2,8.5,10.0
1643,0.2147,0,NORMAL,4.8,2.4,4.1,7.1
1644,1.0,0,ANOMALY,8.4,18.6,1.7,5.7
1645,0.3373,0,NORMAL,4.8,2.2,1.6,5.7
1646,0.2037,0,NORMAL,4.8,1.8,1.6,5.8
1647,0.2208,0,NORMAL,4.8,2.5,5.9,8.6
1648,0.2448,0,NORMAL,4.8,2.4,6.8,8.8
1649,0.3087,0,NORMAL,4.8,2.4,1.7,5.7
1650,0.2167,0,NORMAL,4.8,2.1,1.7,5.8
1651,0.222,0,NORMAL,4.8,1.8,1.6,5.8
1652,0.2284,0,NORMAL,4.8,1.9,3.3,6.8
1653,0.4051,0,NORMAL,4.9,3.4,8.7,10.5
1654,1.0,0,ANOMALY,10.3,21.1,1.7,5.8
1655,0.4947,0,NORMAL,4.8,2.6,1.7,5.9
1656,0.1871,0,NORMAL,4.9,1.8,1.6,5.7
1657,0.2016,0,NORMAL,4.9,2.1,1.7,5.7
1658,0.4751,0,NORMAL,5.0,2.9,10.5,11.4
1659,0.2083,0,NORMAL,4.9,2.3,1.7,5.8
1660,0.998,0,WARNING,4.9,1.6,1.7,8.7
1661,0.266,0,NORMAL,4.9,2.5,1.7,5.6
1662,0.204,0,NORMAL,4.9,1.8,1.7,5.8
1663,0.4748,0,NORMAL,5.0,3.1,10.5,11.2
1664,1.0,0,ANOMALY,8.6,19.2,1.7,5.9
1665,0.3514,0,NORMAL,4.8,2.0,1.7,5.7
1666,0.1916,0,NORMAL,4.9,1.5,1.6,5.6
1667,0.206,0,NORMAL,4.9,2.0,1.7,5.7
1668,0.475,0,NORMAL,4.9,3.1,10.5,11.5
1669,0.2281,0,NORMAL,4.9,1.9,1.7,5.9
1670,0.2088,0,NORMAL,4.9,1.6,1.7,5.8
1671,0.3753,0,NORMAL,5.0,2.5,1.7,5.8
1672,0.2424,0,NORMAL,4.9,1.2,1.6,5.6
1673,0.4803,0,NORMAL,5.1,3.6,10.5,11.2
1674,1.0,0,ANOMALY,9.7,20.2,1.7,5.7
1675,0.455,0,NORMAL,4.9,2.6,1.8,5.9
1676,0.1912,0,NORMAL,4.9,1.8,1.9,6.0
1677,0.2008,0,NORMAL,4.9,2.6,2.2,6.3
1678,0.4912,0,NORMAL,5.0,3.0,11.0,11.7
1679,0.238,0,NORMAL,4.9,2.4,2.3,6.2
1680,0.2174,0,NORMAL,4.9,1.6,2.3,6.1
1681,0.3067,0,NORMAL,4.9,1.7,2.1,6.0
1682,0.2728,0,NORMAL,4.9,1.5,2.4,6.2
1683,0.4857,0,NORMAL,5.0,3.0,10.9,11.7
1684,1.0,0,ANOMALY,10.6,22.0,2.1,5.7
1685,0.5026,0,NORMAL,4.9,1.4,1.7,5.7
1686,0.1775,0,NORMAL,4.9,1.5,1.7,5.7
1687,0.1941,0,NORMAL,4.9,1.8,1.6,5.7
1688,0.4805,0,NORMAL,5.0,2.6,10.6,11.3
1689,0.3099,0,NORMAL,4.9,2.1,2.5,5.6
1690,0.9971,0,WARNING,4.9,1.6,1.7,8.6
1691,0.2481,0,NORMAL,4.9,1.7,1.7,5.7
1692,0.2638,0,NORMAL,4.9,1.7,1.7,5.7
1693,0.3862,0,NORMAL,4.9,2.5,8.7,10.2
1694,1.0,0,ANOMALY,10.1,21.1,3.9,6.7
1695,0.4685,0,NORMAL,4.9,1.0,1.7,5.5
1696,0.3065,0,NORMAL,4.9,1.6,2.1,5.8
1697,0.1937,0,NORMAL,5.0,2.5,2.5,6.2
1698,0.283,0,NORMAL,4.9,2.6,6.7,8.9
1699,0.3122,0,NORMAL,4.9,2.4,7.5,8.9
1700,0.1953,0,NORMAL,4.9,1.7,1.9,5.7
1701,0.2063,0,NORMAL,4.9,1.7,1.6,5.4
1702,0.2265,0,NORMAL,4.9,1.4,1.6,5.5
1703,0.2247,0,NORMAL,4.9,2.1,3.2,6.5
1704,1.0,0,ANOMALY,10.2,21.7,8.6,10.2
1705,0.5972,0,NORMAL,4.9,2.1,1.6,5.4
1706,0.1838,0,NORMAL,4.9,2.0,1.6,5.5
1707,0.1987,0,NORMAL,4.9,1.9,1.5,5.7
1708,0.2949,0,NORMAL,4.9,1.7,1.6,5.7
1709,0.4804,0,NORMAL,5.1,3.2,10.5,11.2
1710,0.2643,0,NORMAL,5.0,2.2,1.6,5.5
1711,0.2119,0,NORMAL,5.0,1.7,1.6,5.4
1712,0.3064,0,NORMAL,4.9,1.0,1.5,5.3
1713,0.2281,0,NORMAL,5.0,1.6,1.6,5.4
1714,1.0,0,ANOMALY,9.8,22.1,10.4,11.0
1715,0.6037,0,WARNING,5.0,1.8,1.7,5.6
1716,0.1852,0,NORMAL,4.9,1.7,1.5,5.5
1717,0.1986,0,NORMAL,4.9,1.9,1.6,5.5
1718,0.2501,0,NORMAL,4.9,1.7,1.5,5.5
1719,0.475,0,NORMAL,5.0,3.1,10.5,11.2
1720,0.9974,0,WARNING,4.9,1.8,1.7,8.5
1721,0.3315,0,NORMAL,4.9,1.8,1.6,5.4
1722,0.2728,0,NORMAL,4.9,1.0,1.6,5.6
1723,0.2099,0,NORMAL,5.0,1.8,1.6,5.5
1724,1.0,0,ANOMALY,9.9,22.1,10.5,11.2
1725,0.5805,0,NORMAL,5.0,2.0,1.6,5.5
1726,0.178,0,NORMAL,5.0,1.2,1.6,5.6
1727,0.2864,0,NORMAL,5.0,2.5,1.6,5.5
1728,0.2158,0,NORMAL,5.0,1.5,1.5,5.5
1729,0.475,0,NORMAL,5.1,2.7,10.4,11.1
1730,0.2273,0,NORMAL,5.0,1.6,1.7,5.5
1731,0.2119,0,NORMAL,5.0,1.8,1.6,5.6
1732,0.2934,0,NORMAL,5.1,0.9,1.6,5.5
1733,0.2258,0,NORMAL,5.1,1.7,1.6,5.6
1734,1.0,0,ANOMALY,10.4,21.9,10.4,11.1
1735,0.6228,0,WARNING,5.0,1.4,1.9,5.5
1736,0.3871,0,NORMAL,5.1,1.5,1.6,5.4
1737,0.1924,0,NORMAL,5.1,2.2,1.6,5.5
1738,0.2059,0,NORMAL,5.1,1.8,1.6,5.4
1739,0.475,0,NORMAL,5.2,2.5,10.4,11.1
1740,0.2622,0,NORMAL,5.1,1.7,2.5,5.5
1741,0.2037,0,NORMAL,5.1,1.2,1.6,5.3
1742,0.2423,0,NORMAL,5.0,1.6,1.6,5.5
1743,0.2664,0,NORMAL,5.0,1.6,1.6,5.3
1744,1.0,0,ANOMALY,9.5,20.3,8.2,9.4
1745,0.5388,0,NORMAL,5.1,2.6,4.1,6.7
1746,0.3292,0,NORMAL,5.1,1.4,1.6,5.4
1747,0.1961,0,NORMAL,5.1,1.9,1.6,5.4
1748,0.2087,0,NORMAL,5.1,1.5,1.6,5.4
1749,0.2283,0,NORMAL,5.1,2.2,5.8,8.0
1750,0.9982,0,WARNING,5.1,2.2,6.6,11.3
1751,0.4398,0,NORMAL,5.1,2.1,1.6,5.3
1752,0.1938,0,NORMAL,5.1,1.7,1.7,5.4
1753,0.2059,0,NORMAL,5.1,1.9,1.5,5.4
1754,1.0,0,ANOMALY,8.5,18.8,3.3,6.5
1755,0.3994,0,NORMAL,5.1,2.8,8.6,9.9
1756,0.3154,0,NORMAL,5.2,1.9,1.5,5.3
1757,0.6166,0,WARNING,5.3,1.9,1.5,5.3
1758,0.525,0,NORMAL,5.2,2.1,1.6,5.4
1759,0.3997,0,NORMAL,5.2,1.7,1.5,5.4
1760,0.4749,0,NORMAL,5.3,2.5,10.4,10.7
1761,0.2703,0,NORMAL,5.2,1.5,1.6,5.3
1762,0.2204,0,NORMAL,5.2,1.3,1.6,5.3
1763,0.2319,0,NORMAL,5.2,2.2,1.5,5.4
1764,1.0,0,ANOMALY,10.3,20.9,1.5,5.4
1765,0.47,0,NORMAL,5.2,3.1,10.4,11.0
1766,0.3293,0,NORMAL,5.2,1.6,1.5,5.3
1767,0.2169,0,NORMAL,5.2,2.2,1.6,5.3
1768,0.2209,0,NORMAL,5.2,2.2,1.6,5.3
1769,0.3373,0,NORMAL,5.2,2.3,1.5,5.4
1770,0.4749,0,NORMAL,5.2,2.6,10.5,11.0
1771,0.2637,0,NORMAL,5.2,1.5,1.6,5.4
1772,0.2113,0,NORMAL,5.2,1.4,1.5,5.3
1773,0.2185,0,NORMAL,5.2,1.5,1.4,5.3
1774,1.0,0,ANOMALY,8.1,17.2,1.5,5.3
1775,0.4698,0,NORMAL,5.2,2.8,10.3,10.8
1776,0.3043,0,NORMAL,5.2,1.7,1.6,5.1
1777,0.201,0,NORMAL,5.2,1.9,1.6,5.4
1778,0.2105,0,NORMAL,5.2,1.7,1.5,5.3
1779,0.2194,0,NORMAL,5.2,1.7,1.6,5.4
1780,0.9982,0,WARNING,5.2,3.0,10.5,14.1
1781,0.5288,0,NORMAL,5.2,1.7,1.5,5.3
1782,0.2324,0,NORMAL,5.1,1.6,1.5,5.3
1783,0.2158,0,NORMAL,5.2,1.6,1.5,5.2
1784,1.0,0,ANOMALY,13.8,25.0,1.5,5.4
1785,0.5789,0,NORMAL,5.3,2.8,10.4,10.9
1786,0.2922,0,NORMAL,5.2,1.7,1.9,5.3
1787,0.1611,0,NORMAL,5.2,2.0,1.6,5.4
1788,0.1824,0,NORMAL,5.2,1.4,1.6,5.4
1789,0.1997,0,NORMAL,5.2,1.9,1.6,5.5
1790,0.475,0,NORMAL,5.2,2.8,10.4,11.1
1791,0.2226,0,NORMAL,5.2,1.9,2.4,5.3
1792,0.2013,0,NORMAL,5.2,2.1,1.7,5.5
1793,0.3451,0,NORMAL,5.2,2.3,1.5,5.3
1794,1.0,0,ANOMALY,8.1,17.3,1.6,5.6
1795,0.3608,0,NORMAL,5.2,2.2,8.2,9.5
1796,0.2559,0,NORMAL,5.2,2.1,4.1,6.8
1797,0.1932,0,NORMAL,5.1,2.0,1.6,5.5
1798,0.3291,0,NORMAL,5.1,1.9,1.6,5.4
1799,0.216,0,NORMAL,5.1,2.4,1.5,5.3
1800,0.2222,0,NORMAL,5.1,2.1,5.7,8.2
1801,0.2523,0,NORMAL,5.1,2.7,6.7,8.4
1802,0.2061,0,NORMAL,5.1,1.8,1.5,5.4
1803,0.2135,0,NORMAL,5.1,2.0,1.6,5.5
1804,1.0,0,ANOMALY,11.6,23.0,1.8,5.9
1805,0.5219,0,NORMAL,5.2,1.9,4.5,8.3
1806,0.4588,0,NORMAL,5.4,2.8,10.7,11.2
1807,0.2206,0,NORMAL,5.3,2.2,2.4,5.4
1808,0.2415,0,NORMAL,5.2,1.2,1.6,5.5
1809,0.1862,0,NORMAL,5.2,2.2,1.6,5.6
1810,0.9967,0,WARNING,5.2,1.8,1.7,8.5
1811,0.4749,0,NORMAL,5.2,2.6,10.4,11.1
1812,0.2795,0,NORMAL,5.2,1.6,1.7,5.7
1813,0.2569,0,NORMAL,5.2,2.5,3.8,6.9
1814,1.0,0,ANOMALY,9.0,18.6,2.2,6.5
1815,0.3072,0,NORMAL,5.3,2.1,2.5,6.8
1816,0.4698,0,NORMAL,5.2,3.1,10.4,10.9
1817,0.1737,0,NORMAL,5.2,2.1,2.0,5.6
1818,0.1774,0,NORMAL,5.3,1.7,1.7,5.5
1819,0.1936,0,NORMAL,5.2,2.1,1.6,5.4
1820,0.2065,0,NORMAL,5.2,1.6,1.5,5.5
1821,0.4694,0,NORMAL,5.3,2.6,10.3,11.0
1822,0.2766,0,NORMAL,5.2,1.6,1.6,5.4
1823,0.3071,0,NORMAL,5.2,2.1,1.6,5.4
1824,1.0,0,ANOMALY,9.6,19.7,1.7,5.5
1825,0.3737,0,NORMAL,5.2,2.4,1.6,5.7
1826,0.4807,0,NORMAL,5.3,3.0,10.5,11.1
1827,0.2164,0,NORMAL,5.3,2.3,1.7,5.7
1828,0.221,0,NORMAL,5.2,1.8,1.7,5.5
1829,0.2205,0,NORMAL,5.2,2.3,1.7,5.5
1830,0.2475,0,NORMAL,5.2,1.5,1.7,5.6
1831,0.4749,0,NORMAL,5.3,2.7,10.5,11.2
1832,0.2818,0,NORMAL,5.2,1.7,1.7,5.6
1833,0.2064,0,NORMAL,5.3,1.5,1.6,5.7
1834,1.0,0,ANOMALY,8.5,17.9,1.8,6.3
1835,0.3038,0,NORMAL,5.3,2.3,2.2,7.3
1836,0.4807,0,NORMAL,5.4,2.8,10.7,11.6
1837,0.2647,0,NORMAL,5.3,2.0,1.9,5.5
1838,0.2321,0,NORMAL,5.4,1.1,1.7,5.7
1839,0.3062,0,NORMAL,5.3,2.1,1.6,5.5
1840,0.9977,0,WARNING,5.3,2.5,1.6,8.7
1841,0.4749,0,NORMAL,5.4,3.1,10.5,11.2
1842,0.3158,0,NORMAL,5.3,2.0,2.5,5.6
1843,0.1791,0,NORMAL,5.3,1.7,1.6,5.6
1844,1.0,0,ANOMALY,11.5,22.0,1.7,5.7
1845,0.4507,0,NORMAL,5.3,2.0,1.6,5.7
1846,0.3804,0,NORMAL,5.3,2.5,8.5,9.9
1847,0.1654,0,NORMAL,5.3,2.4,4.1,6.9
1848,0.5827,0,NORMAL,5.4,2.9,1.7,5.7
1849,0.1894,0,NORMAL,5.3,2.3,1.7,5.8
1850,0.201,0,NORMAL,5.3,2.0,1.8,6.5
1851,0.2445,0,NORMAL,5.3,2.6,6.4,9.5
1852,0.2524,0,NORMAL,5.4,2.6,6.9,9.2
1853,0.1918,0,NORMAL,5.4,2.1,1.6,5.8
1854,1.0,0,ANOMALY,9.0,18.8,1.6,5.7
1855,0.3162,0,NORMAL,5.3,1.9,1.6,5.8
1856,0.2046,0,NORMAL,5.3,1.7,3.2,6.7
1857,0.4414,0,NORMAL,5.4,3.2,9.6,11.1
1858,0.2147,0,NORMAL,5.4,1.5,2.4,6.4
1859,0.1871,0,NORMAL,5.4,2.8,3.2,8.0
1860,0.1829,0,NORMAL,5.4,2.1,2.3,6.7
1861,0.3073,0,NORMAL,5.4,1.9,1.7,5.6
1862,0.6566,0,WARNING,5.6,3.9,10.5,11.1
1863,0.2679,0,NORMAL,5.4,2.0,1.9,6.2
1864,1.0,0,ANOMALY,10.3,20.7,2.0,7.4
1865,0.4278,0,NORMAL,5.4,2.7,3.1,7.6
1866,0.2669,0,NORMAL,5.5,2.6,3.8,7.3
1867,0.4753,0,NORMAL,5.5,3.9,10.8,11.3
1868,0.2954,0,NORMAL,5.4,2.0,3.2,5.9
1869,0.1607,0,NORMAL,5.4,2.0,2.2,6.4
1870,0.9986,0,WARNING,5.4,2.4,3.1,10.1
1871,0.3106,0,NORMAL,5.5,1.9,3.2,6.8
1872,0.562,0,NORMAL,5.7,3.2,10.6,11.5
1873,0.4909,0,NORMAL,5.5,2.1,2.8,7.3
1874,1.0,0,ANOMALY,9.2,19.1,2.3,6.5
1875,0.3614,0,NORMAL,5.6,2.4,4.7,7.7
1876,0.4358,0,NORMAL,5.6,2.6,5.7,8.1
1877,0.6939,0,WARNING,5.7,4.5,15.4,13.7
1878,0.4805,0,NORMAL,5.7,2.0,8.0,8.2
1879,0.456,0,NORMAL,5.7,3.4,6.1,8.0
1880,0.2616,0,NORMAL,5.4,2.4,4.0,6.7
1881,0.4597,0,NORMAL,5.5,3.4,5.9,8.1
1882,0.6917,0,WARNING,5.6,4.1,15.0,13.8
1883,0.4908,0,NORMAL,5.6,3.5,7.9,8.1
1884,1.0,0,ANOMALY,9.1,20.2,6.3,8.4
1885,0.4693,0,NORMAL,5.6,3.0,6.2,8.2
1886,0.1494,0,NORMAL,5.4,2.0,3.5,6.5
1887,0.6095,0,WARNING,5.6,4.4,13.4,13.5
1888,0.2239,0,NORMAL,5.4,2.0,4.4,6.7
1889,0.1371,0,NORMAL,5.4,1.9,1.8,6.0
1890,0.1572,0,NORMAL,5.4,2.0,1.7,5.9
1891,0.1838,0,NORMAL,5.4,2.7,1.7,6.0
1892,0.8846,0,WARNING,5.6,4.1,10.7,11.6
1893,0.2705,0,NORMAL,5.4,2.7,2.6,5.9
1894,1.0,0,ANOMALY,8.2,17.7,1.7,5.9
1895,0.2288,0,NORMAL,5.3,2.5,1.7,5.9
1896,0.2229,0,NORMAL,5.3,1.6,1.7,5.9
1897,0.3671,0,NORMAL,5.3,3.1,8.4,10.2
1898,0.1983,0,NORMAL,5.3,2.2,4.2,7.4
1899,0.214,0,NORMAL,5.4,1.7,1.8,6.1
1900,0.9977,0,WARNING,5.4,1.9,1.8,9.0
1901,0.2873,0,NORMAL,5.4,2.4,1.9,5.9
1902,0.2041,0,NORMAL,5.4,2.4,5.7,8.4
1903,0.26,0,NORMAL,5.4,2.6,6.9,8.9
1904,1.0,0,ANOMALY,9.3,19.4,1.7,5.9
1905,0.7503,0,WARNING,5.5,3.3,1.7,5.8
1906,0.2775,0,NORMAL,5.3,1.6,1.8,6.0
1907,0.2596,0,NORMAL,5.3,2.5,3.3,7.0
1908,0.3991,0,NORMAL,5.4,3.3,8.7,10.5
1909,0.3293,0,NORMAL,5.3,2.0,1.6,5.9
1910,0.3072,0,NORMAL,5.4,2.3,1.9,5.9
1911,0.2309,0,NORMAL,5.4,2.3,1.7,6.0
1912,0.4433,0,NORMAL,5.4,2.1,1.8,6.0
1913,0.4748,0,NORMAL,5.5,2.6,10.4,11.6
1914,1.0,0,ANOMALY,10.7,20.9,1.8,6.0
1915,0.4927,0,NORMAL,5.3,1.5,1.7,6.0
1916,0.2352,0,NORMAL,5.4,1.5,1.7,5.9
1917,0.2298,0,NORMAL,5.4,1.8,1.8,6.1
1918,0.4805,0,NORMAL,5.5,2.5,10.7,11.7
1919,0.2177,0,NORMAL,5.4,1.6,1.7,6.0
1920,0.2064,0,NORMAL,5.4,1.7,1.8,6.1
1921,0.3029,0,NORMAL,5.4,2.0,1.8,6.1
1922,0.2168,0,NORMAL,5.4,1.7,1.7,6.1
1923,0.4803,0,NORMAL,5.5,3.0,10.6,11.8
1924,1.0,0,ANOMALY,9.3,19.0,1.7,6.1
1925,0.4048,0,NORMAL,5.4,1.5,1.8,6.1
1926,0.2284,0,NORMAL,5.4,1.5,1.8,6.0
1927,0.2153,0,NORMAL,5.4,1.8,1.8,6.1
1928,0.4805,0,NORMAL,5.5,2.6,10.7,11.7
1929,0.2483,0,NORMAL,5.4,2.3,1.9,6.1
1930,0.9982,0,WARNING,5.4,1.4,1.8,9.0
1931,0.2773,0,NORMAL,5.4,1.8,1.6,6.0
1932,0.2164,0,NORMAL,5.4,1.7,1.8,6.0
1933,0.4748,0,NORMAL,5.6,3.1,10.6,11.4
1934,1.0,0,ANOMALY,10.7,21.4,1.8,6.0
1935,0.438,0,NORMAL,5.4,1.9,1.8,6.1
1936,0.1974,0,NORMAL,5.4,1.6,1.7,6.0
1937,0.184,0,NORMAL,5.4,2.3,1.7,6.1
1938,0.4751,0,NORMAL,5.5,3.3,10.6,11.7
1939,0.2039,0,NORMAL,5.5,2.4,2.1,6.0
1940,0.3033,0,NORMAL,5.4,2.5,1.8,6.0
1941,0.2162,0,NORMAL,5.4,1.9,1.8,6.0
1942,0.2014,0,NORMAL,5.4,1.8,1.7,5.9
1943,0.4749,0,NORMAL,5.5,3.3,10.6,11.6
1944,1.0,0,ANOMALY,10.3,20.3,2.6,6.1
1945,0.4691,0,NORMAL,5.4,2.1,1.8,6.1
1946,0.228,0,NORMAL,5.4,2.0,1.7,6.0
1947,0.215,0,NORMAL,5.4,2.4,1.8,6.0
1948,0.3801,0,NORMAL,5.5,2.5,8.6,10.3
1949,0.1978,0,NORMAL,5.4,2.3,4.2,7.4
1950,0.1907,0,NORMAL,5.4,1.8,1.9,6.0
1951,0.3371,0,NORMAL,5.4,2.4,1.7,6.2
1952,0.1993,0,NORMAL,5.4,1.5,1.8,6.0
1953,0.2123,0,NORMAL,5.4,2.2,5.9,8.6
1954,1.0,0,ANOMALY,11.3,22.7,6.8,9.2
1955,0.6021,0,WARNING,5.4,1.6,1.8,6.2
1956,0.2169,0,NORMAL,5.4,1.5,1.8,6.0
1957,0.1679,0,NORMAL,5.4,2.3,1.8,6.0
1958,0.2046,0,NORMAL,5.4,2.0,3.3,7.1
1959,0.4053,0,NORMAL,5.6,3.0,8.8,10.8
1960,0.994,0,WARNING,5.4,2.3,1.9,8.9
1961,0.3018,0,NORMAL,5.4,1.9,1.8,6.0
1962,0.2418,0,NORMAL,5.4,1.4,1.8,6.1
1963,0.2017,0,NORMAL,5.4,2.0,2.5,6.7
1964,1.0,0,ANOMALY,11.6,23.5,11.3,12.2
1965,0.6439,0,WARNING,5.5,2.2,2.7,6.6
1966,0.1865,0,NORMAL,5.4,1.7,2.5,6.4
1967,0.1813,0,NORMAL,5.4,2.1,1.8,6.0
1968,0.1915,0,NORMAL,5.4,1.7,1.9,6.1
1969,0.475,0,NORMAL,5.5,2.6,10.6,11.6
1970,0.2115,0,NORMAL,5.4,1.7,1.9,6.1
1971,0.2288,0,NORMAL,5.4,1.9,1.7,5.9
1972,0.4293,0,NORMAL,5.4,1.9,1.7,5.9
1973,0.217,0,NORMAL,5.4,2.0,1.7,5.9
1974,1.0,0,ANOMALY,10.2,21.2,10.7,11.6
1975,0.6041,0,WARNING,5.4,2.1,1.9,6.2
1976,0.2193,0,NORMAL,5.4,1.6,1.7,6.1
1977,0.5907,0,NORMAL,5.6,2.2,1.7,6.1
1978,0.4816,0,NORMAL,5.5,1.9,1.7,6.0
1979,0.475,0,NORMAL,5.6,2.6,10.5,11.5
1980,0.31,0,NORMAL,5.5,1.8,1.6,5.7
1981,0.2602,0,NORMAL,5.5,2.2,1.7,5.9
1982,0.2931,0,NORMAL,5.5,1.6,1.6,6.0
1983,0.2539,0,NORMAL,5.5,1.9,1.6,5.8
1984,1.0,0,ANOMALY,14.1,26.3,10.7,11.6
1985,0.7389,0,WARNING,5.5,1.7,1.6,5.9
1986,0.2391,0,NORMAL,5.5,1.6,1.7,6.0
1987,0.3861,0,NORMAL,5.5,2.2,1.7,5.9
1988,0.2864,0,NORMAL,5.4,2.1,1.8,6.0
1989,0.4805,0,NORMAL,5.6,2.5,10.7,11.4
1990,0.998,0,WARNING,5.5,2.1,2.1,8.9
1991,0.3036,0,NORMAL,5.5,2.2,1.7,6.1
1992,0.2301,0,NORMAL,5.5,1.6,1.7,5.9
1993,0.2315,0,NORMAL,5.5,2.1,1.8,6.0
1994,1.0,0,ANOMALY,9.8,20.9,10.7,11.5
1995,0.5502,0,NORMAL,5.5,1.9,2.6,5.8
1996,0.3072,0,NORMAL,5.5,1.8,1.6,5.7
1997,0.2439,0,NORMAL,5.5,1.8,1.6,5.9
1998,0.2456,0,NORMAL,5.5,2.1,1.7,5.9
1999,0.3735,0,NORMAL,5.6,2.4,8.5,10.1
2000,0.4266,0,NORMAL,5.5,3.6,4.2,7.3
2001,0.2509,0,NORMAL,5.5,2.1,1.7,5.9
2002,0.2943,0,NORMAL,5.5,2.2,1.7,5.8
2003,0.3064,0,NORMAL,5.5,2.3,1.8,5.9
2004,1.0,0,ANOMALY,13.7,25.4,7.1,9.2
2005,0.672,0,WARNING,5.5,2.9,7.7,8.9
2006,0.2299,0,NORMAL,5.5,1.7,1.7,5.8
2007,0.2189,0,NORMAL,5.5,1.7,1.6,5.8
2008,0.214,0,NORMAL,5.5,1.6,1.6,5.9
2009,0.2234,0,NORMAL,5.5,1.9,3.2,6.7
2010,0.399,0,NORMAL,5.5,2.9,8.6,10.4
2011,0.3094,0,NORMAL,5.5,2.3,1.6,5.6
2012,0.1999,0,NORMAL,5.5,1.7,1.6,5.6
2013,0.2014,0,NORMAL,5.5,1.8,1.6,5.7
2014,1.0,0,ANOMALY,10.5,20.6,1.7,5.8
2015,0.4809,0,NORMAL,5.6,3.3,10.5,11.4
2016,0.3403,0,NORMAL,5.5,1.7,1.6,5.6
2017,0.1823,0,NORMAL,5.6,1.9,1.6,5.8
2018,0.1922,0,NORMAL,5.6,1.9,1.6,5.8
2019,0.2016,0,NORMAL,5.5,1.6,1.6,5.6
2020,0.9958,0,WARNING,5.7,3.3,10.6,14.1
2021,0.5018,0,NORMAL,5.6,1.7,1.7,5.8
2022,0.1837,0,NORMAL,5.6,1.5,1.6,5.7
2023,0.1932,0,NORMAL,5.6,1.6,1.6,5.8
2024,1.0,0,ANOMALY,13.4,24.2,1.7,5.8
2025,0.5483,0,NORMAL,5.7,3.2,10.5,11.3
2026,0.2909,0,NORMAL,5.6,1.8,1.9,6.1
2027,0.2172,0,NORMAL,5.6,2.1,4.2,7.7
2028,1.0,0,ANOMALY,5.6,1.5,2.6,8.4
2029,0.1925,0,NORMAL,5.6,1.5,2.2,6.0
2030,0.5367,0,NORMAL,5.7,3.3,11.7,12.1
2031,0.2491,0,NORMAL,5.6,2.0,4.4,7.6
2032,0.2583,0,NORMAL,5.6,2.1,4.5,7.3
2033,0.1675,0,NORMAL,5.6,2.1,4.7,7.6
2034,1.0,0,ANOMALY,9.8,19.9,4.7,7.6
2035,0.4971,0,NORMAL,5.7,3.4,11.3,11.2
2036,0.2862,0,NORMAL,5.6,2.1,3.3,5.5
2037,0.1483,0,NORMAL,5.6,2.1,1.6,5.5
2038,0.1658,0,NORMAL,5.6,1.3,1.6,5.6
2039,0.2338,0,NORMAL,5.6,1.6,1.5,5.5
2040,0.4804,0,NORMAL,5.6,2.8,10.5,11.2
2041,0.2494,0,NORMAL,5.7,1.8,1.8,5.4
2042,0.3071,0,NORMAL,5.7,1.8,1.6,5.4
2043,0.1942,0,NORMAL,5.7,2.0,1.6,5.5
2044,1.0,0,ANOMALY,13.7,24.4,1.6,5.5
2045,0.5859,0,NORMAL,5.7,3.7,10.3,11.0
2046,0.3231,0,NORMAL,5.7,2.0,2.3,5.3
2047,0.1994,0,NORMAL,5.7,2.1,1.5,5.4
2048,0.1762,0,NORMAL,5.7,1.4,1.6,5.5
2049,0.1808,0,NORMAL,5.7,2.0,1.5,5.4
2050,0.998,0,WARNING,5.7,2.4,8.6,12.8
2051,0.4474,0,NORMAL,5.7,1.4,3.6,6.4
2052,0.1626,0,NORMAL,5.7,2.0,1.6,5.3
2053,0.1767,0,NORMAL,5.7,2.1,1.6,5.3
2054,1.0,0,ANOMALY,10.6,21.1,1.5,5.3
2055,0.3657,0,NORMAL,5.7,2.3,5.6,7.7
2056,0.2451,0,NORMAL,5.8,2.3,6.5,8.1
2057,0.1624,0,NORMAL,5.7,1.6,1.5,5.3
2058,0.1771,0,NORMAL,5.7,1.9,1.4,5.2
2059,0.3062,0,NORMAL,5.7,1.7,1.5,5.1
2060,0.2356,0,NORMAL,5.9,3.8,3.0,6.1
2061,0.4051,0,NORMAL,5.7,2.4,8.6,9.6
2062,0.2318,0,NORMAL,5.7,1.5,1.4,5.0
2063,0.2014,0,NORMAL,5.7,2.0,1.4,5.1
2064,1.0,0,ANOMALY,12.8,23.5,1.5,5.1
2065,0.5374,0,NORMAL,5.7,2.0,1.5,5.0
2066,0.4699,0,NORMAL,5.7,2.7,10.1,10.4
2067,0.2196,0,NORMAL,5.7,1.5,3.0,6.2
2068,0.1691,0,NORMAL,5.7,1.9,2.7,6.0
2069,0.1792,0,NORMAL,5.7,2.3,3.2,6.3
2070,0.1852,0,NORMAL,5.7,1.8,2.3,5.3
2071,0.4804,0,NORMAL,5.7,2.9,10.4,10.5
2072,0.2313,0,NORMAL,5.7,1.6,1.5,5.0
2073,0.1889,0,NORMAL,5.7,2.1,1.4,4.9
2074,1.0,0,ANOMALY,13.3,23.9,1.4,4.9
2075,0.5444,0,NORMAL,5.7,2.9,1.3,4.7
2076,0.4754,0,NORMAL,5.7,2.8,10.2,10.2
2077,0.1565,0,NORMAL,5.7,2.1,1.4,4.7
2078,0.1725,0,NORMAL,5.8,1.7,1.3,4.8
2079,0.1882,0,NORMAL,5.8,2.4,1.3,4.8
2080,0.9953,0,WARNING,5.8,2.5,1.4,7.6
2081,0.4749,0,NORMAL,5.8,2.7,10.2,10.3
2082,0.2709,0,NORMAL,5.8,2.0,4.1,6.6
2083,0.2177,0,NORMAL,5.8,2.1,4.2,6.6
2084,1.0,0,ANOMALY,11.9,22.7,1.9,4.8
2085,0.4358,0,NORMAL,5.8,2.4,1.4,4.7
2086,0.4699,0,NORMAL,5.8,2.6,10.1,10.1
2087,0.1518,0,NORMAL,5.8,2.1,1.3,4.8
2088,0.1689,0,NORMAL,5.8,2.0,1.4,4.7
2089,0.2073,0,NORMAL,5.8,2.3,1.4,4.6
2090,0.1996,0,NORMAL,5.8,1.7,1.3,4.5
2091,0.4749,0,NORMAL,5.8,2.3,10.2,10.0
2092,0.25,0,NORMAL,5.8,1.5,1.4,4.5
2093,0.3848,0,NORMAL,5.8,2.2,1.3,4.6
2094,1.0,0,ANOMALY,12.3,22.9,1.3,4.6
2095,0.5067,0,NORMAL,5.8,2.1,1.3,4.6
2096,0.4807,0,NORMAL,5.8,2.9,10.3,10.4
2097,0.7777,0,WARNING,3.2,2.7,3.6,5.7
2098,0.1889,0,NORMAL,0.5,1.7,1.6,4.9
2099,0.2441,0,NORMAL,0.5,1.7,1.3,4.6
2100,0.2887,0,NORMAL,0.5,2.0,1.4,4.6
2101,0.4411,0,NORMAL,0.5,2.5,9.5,9.6
2102,0.3253,0,NORMAL,0.5,1.5,3.1,5.5
2103,0.3378,0,NORMAL,0.5,1.6,3.8,6.2
2104,1.0,0,ANOMALY,7.4,24.0,4.4,6.5
2105,0.5644,0,NORMAL,0.5,2.5,4.4,6.3
2106,0.3069,0,NORMAL,0.5,2.0,6.7,7.3
2107,0.3149,0,NORMAL,0.5,2.3,6.3,6.9
2108,0.3194,0,NORMAL,0.5,1.7,1.3,4.4
2109,0.3371,0,NORMAL,0.5,1.6,1.2,4.3
2110,0.9999,0,WARNING,0.4,1.8,1.3,6.8
2111,0.3437,0,NORMAL,0.5,1.7,3.0,5.3
2112,0.3798,0,NORMAL,0.5,2.4,7.8,8.6
2113,0.3478,0,NORMAL,0.5,1.8,1.2,4.1
2114,1.0,0,ANOMALY,4.7,19.3,1.2,4.1
2115,0.3387,0,NORMAL,0.5,2.2,1.2,4.2
2116,0.3504,0,NORMAL,0.5,0.9,1.3,4.6
2117,0.475,0,NORMAL,0.5,2.6,10.0,9.9
2118,0.3479,0,NORMAL,0.5,1.8,1.6,5.6
2119,0.3501,0,NORMAL,0.5,1.6,2.0,5.3
2120,0.3547,0,NORMAL,0.5,2.4,1.5,5.0
2121,0.3583,0,NORMAL,0.5,1.9,1.3,4.4
2122,0.4803,0,NORMAL,0.5,2.8,10.2,9.9
2123,0.351,0,NORMAL,0.5,1.3,1.2,4.4
2124,1.0,0,ANOMALY,8.7,24.6,1.3,4.4
2125,0.5788,0,NORMAL,0.5,1.5,2.2,4.8
2126,0.3188,0,NORMAL,0.5,1.6,2.6,5.0
2127,0.5121,0,NORMAL,0.6,2.9,10.9,10.5
2128,0.3239,0,NORMAL,0.6,1.8,2.6,5.5
2129,0.3349,0,NORMAL,0.5,1.2,2.4,5.2
2130,0.9999,0,WARNING,0.4,1.7,1.3,3.9
2131,0.377,0,NORMAL,0.5,2.2,1.2,4.1
2132,0.4749,0,NORMAL,0.5,2.1,10.0,9.5
2133,0.3544,0,NORMAL,0.5,1.1,1.3,4.0
2134,1.0,0,ANOMALY,4.4,18.8,1.1,4.0
2135,0.3441,0,NORMAL,0.6,1.6,1.2,4.0
2136,0.3538,0,NORMAL,0.6,1.4,1.0,3.9
2137,0.4696,0,NORMAL,0.6,2.5,9.9,9.3
2138,0.3527,0,NORMAL,0.6,1.5,1.1,3.9
2139,0.3621,0,NORMAL,0.6,1.6,1.1,4.0
2140,0.9975,0,WARNING,0.5,2.0,1.2,6.9
2141,0.9999,0,WARNING,0.5,1.5,1.1,3.9
2142,0.4748,0,NORMAL,0.6,3.0,10.0,9.4
2143,0.3495,0,NORMAL,0.6,1.2,1.1,3.8
2144,1.0,0,ANOMALY,7.2,22.5,1.0,3.8
2145,0.9999,0,WARNING,0.5,1.5,1.1,3.7
2146,0.9999,0,WARNING,0.5,1.1,1.0,3.6
2147,0.5647,0,NORMAL,0.7,2.9,11.7,10.5
2148,0.3392,0,NORMAL,0.6,2.5,4.2,5.0
2149,0.3376,0,NORMAL,0.6,1.2,2.2,4.4
2150,0.3465,0,NORMAL,0.6,1.6,1.3,3.8
2151,0.358,0,NORMAL,0.6,2.0,1.1,3.9
2152,0.4293,0,NORMAL,0.6,2.3,9.1,8.6
2153,0.3578,0,NORMAL,0.6,2.0,2.2,4.1
2154,1.0,0,ANOMALY,5.1,19.8,1.0,3.6
2155,0.9999,0,WARNING,0.5,1.0,1.0,3.6
2156,0.9999,0,WARNING,0.5,1.4,1.0,3.7
2157,0.3617,0,NORMAL,0.6,2.0,5.7,6.7
2158,0.3602,0,NORMAL,0.6,2.1,5.6,6.3
2159,0.3576,0,NORMAL,0.6,1.0,1.0,3.6
2160,0.9999,0,WARNING,0.5,1.6,1.0,3.6
2161,0.9999,0,WARNING,0.5,1.4,1.1,3.6
2162,0.3788,0,NORMAL,0.6,1.4,2.9,4.7
2163,0.3797,0,NORMAL,0.6,2.3,7.6,7.9
2164,1.0,0,ANOMALY,8.9,24.8,1.9,4.3
2165,0.6397,0,WARNING,0.6,2.2,3.0,5.1
2166,0.3224,0,NORMAL,0.6,1.5,3.5,5.1
2167,0.3324,0,NORMAL,0.6,1.7,3.6,5.3
2168,0.5953,0,NORMAL,0.7,3.0,12.7,10.9
2169,0.3241,0,NORMAL,0.6,1.5,3.8,5.0
2170,0.9932,0,WARNING,0.6,1.9,4.3,8.4
2171,0.3163,0,NORMAL,0.6,1.9,4.3,5.6
2172,0.3236,0,NORMAL,0.6,2.1,4.9,6.4
2173,0.6197,0,WARNING,0.7,3.2,13.4,11.5
2174,1.0,0,ANOMALY,4.3,18.5,4.5,5.2
2175,0.32,0,NORMAL,0.6,2.2,3.0,4.7
2176,0.309,0,NORMAL,0.6,1.8,1.9,4.0
2177,0.9999,0,WARNING,0.5,1.5,1.0,3.5
2178,0.4751,0,NORMAL,0.6,2.9,9.9,9.0
2179,0.9999,0,WARNING,0.5,1.8,1.1,3.6
2180,0.3562,0,NORMAL,0.6,1.9,1.1,3.6
2181,0.3666,0,NORMAL,0.7,2.8,1.1,3.6
2182,0.9999,0,WARNING,0.5,2.0,1.1,3.5
2183,0.4693,0,NORMAL,0.6,2.9,9.8,9.0
2184,1.0,0,ANOMALY,7.3,22.9,1.0,3.5
2185,0.9999,0,WARNING,0.5,2.0,1.0,3.5
2186,0.3382,0,NORMAL,0.6,1.7,1.0,3.5
2187,0.3519,0,NORMAL,0.6,1.3,1.1,3.6
2188,0.4695,0,NORMAL,0.6,3.0,9.8,9.0
2189,0.9999,0,WARNING,0.5,1.9,1.0,3.5
2190,0.9999,0,WARNING,0.5,1.6,1.1,3.6
2191,0.9999,0,WARNING,0.5,1.9,1.0,3.5
2192,0.9999,0,WARNING,0.5,1.8,1.1,3.5
2193,0.4693,0,NORMAL,0.6,2.8,9.8,8.8
2194,1.0,0,ANOMALY,5.9,21.3,1.5,3.7
2195,0.4911,0,NORMAL,0.6,1.8,3.8,5.5
2196,0.3379,0,NORMAL,0.6,2.0,4.2,5.5
2197,0.3408,0,NORMAL,0.6,1.8,4.3,5.5
2198,0.5171,0,NORMAL,0.6,2.6,11.1,9.5
2199,0.9999,0,WARNING,0.5,1.8,2.7,3.5
2200,0.9996,0,WARNING,0.6,1.7,1.1,6.8
2201,0.9999,0,WARNING,0.5,1.2,1.1,3.4
2202,0.9999,0,WARNING,0.5,1.6,0.9,3.4
2203,0.4293,0,NORMAL,0.7,2.5,9.0,8.3
2204,1.0,0,ANOMALY,8.6,24.3,2.2,3.9
2205,0.9999,0,WARNING,0.5,1.3,1.0,3.3
2206,0.9999,0,WARNING,0.6,1.7,1.0,3.4
2207,0.9999,0,WARNING,0.6,0.9,1.0,3.4
2208,0.3549,0,NORMAL,0.7,2.0,5.8,6.3
2209,0.3874,0,NORMAL,0.7,2.3,5.3,5.6
2210,0.9999,0,WARNING,0.6,1.8,1.1,3.4
2211,0.9999,0,WARNING,0.6,1.0,1.1,3.4
2212,0.9999,0,WARNING,0.6,1.9,1.0,3.3
2213,0.3793,0,NORMAL,0.7,1.7,2.8,4.5
2214,1.0,0,ANOMALY,5.7,21.0,7.7,7.7
2215,0.9999,0,WARNING,0.6,1.7,0.9,3.3
2216,0.3472,0,NORMAL,0.7,1.6,1.0,3.4
2217,0.9999,0,WARNING,0.6,1.7,1.1,3.7
2218,0.9999,0,WARNING,0.6,1.7,1.2,3.7
2219,0.491,0,NORMAL,0.7,3.0,10.2,10.0
2220,0.353,0,NORMAL,0.7,2.1,1.8,5.1
2221,0.3512,0,NORMAL,0.7,1.4,1.2,3.9
2222,0.3572,0,NORMAL,0.7,1.8,1.5,4.5
2223,0.3607,0,NORMAL,0.7,1.6,1.9,5.3
2224,1.0,0,ANOMALY,7.8,24.2,9.9,8.8
2225,0.9999,0,WARNING,0.6,2.3,1.4,4.1
2226,0.9999,0,WARNING,0.6,2.0,1.0,3.2
2227,0.9999,0,WARNING,0.6,1.8,1.0,3.2
2228,0.9999,0,WARNING,0.6,1.7,1.0,3.2
2229,0.5413,0,NORMAL,0.8,2.9,11.6,10.7
2230,0.994,0,WARNING,0.8,2.2,2.8,7.5
2231,0.3539,0,NORMAL,0.7,1.4,3.1,5.1
2232,0.3365,0,NORMAL,0.7,2.1,3.0,4.9
2233,0.342,0,NORMAL,0.7,1.3,2.6,4.5
2234,1.0,0,ANOMALY,6.7,22.7,11.7,10.2
2235,0.6264,0,WARNING,0.8,1.9,3.2,4.2
2236,0.9999,0,WARNING,0.7,1.7,1.2,3.3
2237,0.9999,0,WARNING,0.7,1.6,1.0,3.4
2238,0.3415,0,NORMAL,0.7,1.3,1.8,4.2
2239,0.5118,0,NORMAL,0.8,2.6,10.8,10.0
2240,0.3406,0,NORMAL,0.8,2.0,3.2,4.8
2241,0.4743,0,NORMAL,1.0,3.0,1.3,3.7
2242,0.3526,0,NORMAL,0.8,1.5,1.3,3.4
2243,0.3626,0,NORMAL,0.8,1.4,1.6,3.8
2244,1.0,0,ANOMALY,4.0,18.6,10.5,9.1
2245,0.7544,0,WARNING,1.0,2.3,1.9,3.8
2246,0.3418,0,NORMAL,0.8,1.9,1.5,3.5
2247,0.9999,0,WARNING,0.7,1.3,1.0,3.2
2248,0.9999,0,WARNING,0.7,1.4,0.9,3.1
2249,0.4749,0,NORMAL,0.8,2.5,9.8,8.6
2250,0.9999,0,WARNING,0.7,1.7,1.6,3.2
2251,0.9999,0,WARNING,0.7,1.0,0.8,3.1
2252,0.9999,0,WARNING,0.7,1.5,0.9,3.1
2253,0.9999,0,WARNING,0.7,1.4,1.0,3.0
2254,1.0,0,ANOMALY,5.4,20.6,9.0,8.1
2255,0.9999,0,WARNING,0.7,1.8,2.1,3.5
2256,0.9999,0,WARNING,0.7,1.2,0.9,3.0
2257,0.9999,0,WARNING,0.7,1.5,0.9,3.0
2258,0.9999,0,WARNING,0.8,1.1,0.9,3.1
2259,0.3741,0,NORMAL,0.9,1.8,5.8,6.2
2260,0.9958,0,WARNING,0.9,4.1,5.2,8.3
2261,0.9999,0,WARNING,0.7,1.8,0.9,3.2
2262,0.9999,0,WARNING,0.7,1.6,1.0,3.1
2263,0.9999,0,WARNING,0.7,1.2,0.9,3.0
2264,1.0,0,ANOMALY,4.0,17.8,2.8,4.1
2265,0.3867,0,NORMAL,0.8,2.3,7.6,7.4
2266,0.9999,0,WARNING,0.7,2.0,0.9,3.1
2267,0.9999,0,WARNING,0.7,1.5,0.9,3.1
2268,0.9999,0,WARNING,0.7,1.5,0.9,3.0
2269,0.9999,0,WARNING,0.7,2.0,0.9,3.0
2270,0.4748,0,NORMAL,0.9,2.9,9.6,8.4
2271,0.9999,0,WARNING,0.7,2.3,0.8,2.8
2272,0.9999,0,WARNING,0.7,1.9,0.9,2.9
2273,0.9999,0,WARNING,0.8,1.7,0.9,3.1
2274,1.0,0,ANOMALY,4.3,21.0,0.9,3.0
2275,0.4698,0,NORMAL,0.9,2.2,9.6,8.4
2276,0.9999,0,WARNING,1.0,2.8,0.9,3.1
2277,0.9999,0,WARNING,0.8,1.5,0.9,3.0
2278,0.9999,0,WARNING,0.8,1.6,0.8,3.0
2279,0.9999,0,WARNING,0.8,1.4,0.8,2.9
2280,0.4693,0,NORMAL,0.9,2.6,9.7,8.3
2281,0.9999,0,WARNING,0.8,1.4,0.8,2.9
2282,0.9999,0,WARNING,0.8,2.0,0.9,3.0
2283,0.9999,0,WARNING,0.8,1.5,0.8,3.0
2284,1.0,0,ANOMALY,3.7,16.7,0.8,2.9
2285,0.4697,0,NORMAL,0.9,2.7,9.6,8.3
2286,0.9999,0,WARNING,0.7,1.7,0.8,2.9
2287,0.9999,0,WARNING,0.7,1.7,0.8,2.8
2288,0.9999,0,WARNING,0.8,1.4,0.8,2.9
2289,0.9999,0,WARNING,0.8,1.1,0.9,2.9
2290,0.9968,0,WARNING,0.9,2.6,9.7,11.3
2291,0.9999,0,WARNING,0.8,1.7,0.8,2.9
2292,0.9999,0,WARNING,0.8,2.1,0.8,3.0
2293,0.9999,0,WARNING,0.7,1.2,0.8,2.8
2294,1.0,0,ANOMALY,6.4,21.6,0.8,2.9
2295,0.4699,0,NORMAL,0.9,2.6,9.6,8.2
2296,0.9999,0,WARNING,0.8,1.9,0.8,2.9
2297,0.9999,0,WARNING,0.8,1.0,0.8,2.9
2298,0.9999,0,WARNING,0.8,1.6,0.9,2.9
2299,0.9999,0,WARNING,0.8,1.5,0.8,3.0
2300,0.4693,0,NORMAL,0.9,2.2,9.6,8.3
2301,0.3642,0,NORMAL,0.9,2.0,1.4,2.8
2302,0.3673,0,NORMAL,0.9,3.0,0.9,2.8
2303,0.3737,0,NORMAL,0.9,1.1,0.8,2.7
2304,0.9999,0,WARNING,2.2,13.9,0.8,2.8
2305,0.4414,0,NORMAL,0.9,2.5,9.0,8.0
2306,0.9999,0,WARNING,0.8,1.9,1.8,3.3
2307,0.9999,0,WARNING,0.8,1.3,0.8,2.8
2308,0.9999,0,WARNING,0.8,1.5,0.9,2.9
2309,0.9999,0,WARNING,0.8,1.7,0.8,2.8
2310,0.3819,0,NORMAL,0.9,1.9,5.7,5.7
2311,0.3763,0,NORMAL,0.9,2.1,5.1,5.1
2312,0.9999,0,WARNING,0.8,1.4,0.8,2.8
2313,0.9999,0,WARNING,0.8,2.1,0.8,2.8
2314,1.0,0,ANOMALY,6.0,21.0,0.8,2.8
2315,0.9999,0,WARNING,0.8,2.0,2.6,3.8
2316,0.3802,0,NORMAL,0.9,2.7,7.4,7.1
2317,0.9999,0,WARNING,0.8,1.9,0.8,2.7
2318,0.9999,0,WARNING,0.8,1.5,0.7,2.7
2319,0.3709,0,NORMAL,0.9,1.5,0.8,2.7
2320,0.9999,0,WARNING,0.8,2.0,0.9,5.7
2321,0.4747,0,NORMAL,0.9,2.4,9.5,8.2
2322,0.9999,0,WARNING,0.8,1.5,0.8,2.8
2323,0.9999,0,WARNING,0.8,2.1,0.7,2.7
2324,0.9999,0,WARNING,1.4,12.5,0.7,2.7
2325,0.3735,0,NORMAL,1.1,1.4,1.4,3.4
2326,0.4964,0,NORMAL,1.6,3.3,10.0,8.6
2327,0.3598,0,NORMAL,1.6,1.6,1.5,3.3
2328,0.9999,0,WARNING,1.5,1.1,0.9,2.7
2329,0.9999,0,WARNING,1.5,1.2,0.8,2.7
2330,0.9999,0,WARNING,1.5,1.7,0.7,2.6
2331,0.4693,0,NORMAL,1.6,2.6,9.6,8.2
2332,0.9999,0,WARNING,1.4,1.8,0.8,2.7
2333,0.9999,0,WARNING,1.4,0.9,0.8,2.8
2334,1.0,0,ANOMALY,5.7,19.6,0.7,2.6
2335,0.9999,0,WARNING,1.4,1.2,0.8,2.6
2336,0.4696,0,NORMAL,1.5,2.9,9.6,8.1
2337,0.9999,0,WARNING,1.4,1.7,0.8,2.9
2338,0.9999,0,WARNING,1.4,1.4,0.8,2.8
2339,0.9999,0,WARNING,1.4,1.7,0.8,2.7
2340,0.9999,0,WARNING,1.4,1.5,0.8,2.8
2341,0.4693,0,NORMAL,1.5,2.4,9.6,8.1
2342,0.9999,0,WARNING,1.3,1.5,0.8,2.6
2343,0.9999,0,WARNING,1.3,1.1,0.8,2.6
2344,0.9999,0,WARNING,2.7,13.7,0.8,2.8
2345,0.9999,0,WARNING,1.4,1.9,0.7,2.7
2346,0.4695,0,NORMAL,1.4,2.6,9.6,8.2
2347,0.9999,0,WARNING,1.3,1.2,1.1,2.7
2348,0.9999,0,WARNING,1.3,1.7,0.7,2.7
2349,0.9999,0,WARNING,1.3,1.1,0.8,2.7
2350,0.9999,0,WARNING,1.3,1.4,0.8,5.7
2351,0.4692,0,NORMAL,1.4,2.2,9.7,8.1
2352,0.9999,0,WARNING,1.3,1.9,1.6,2.7
2353,0.9999,0,WARNING,1.3,1.5,0.8,2.9
2354,1.0,0,ANOMALY,6.1,19.9,0.7,2.7
2355,0.9999,0,WARNING,1.3,1.6,0.7,2.7
2356,0.3538,0,NORMAL,1.3,2.1,7.4,6.8
2357,0.9999,0,WARNING,1.3,2.2,3.3,4.0
2358,0.9999,0,WARNING,1.3,1.6,0.8,2.7
2359,0.9999,0,WARNING,1.3,1.6,0.7,2.6
2360,0.9999,0,WARNING,1.2,1.6,1.0,3.5
2361,0.3746,0,NORMAL,1.3,1.4,4.9,5.3
2362,0.3712,0,NORMAL,1.4,2.6,5.9,5.8
2363,0.9999,0,WARNING,1.2,1.3,0.8,2.7
2364,0.9999,0,WARNING,2.1,13.1,0.7,2.8
2365,0.9999,0,WARNING,1.2,1.0,0.7,2.7
2366,0.3749,0,NORMAL,1.3,1.6,2.2,3.5
2367,0.3989,0,NORMAL,1.3,2.6,7.9,7.3
2368,0.9999,0,WARNING,1.2,0.7,0.7,2.7
2369,0.9999,0,WARNING,1.2,1.1,0.8,2.7
2370,0.9999,0,WARNING,1.2,1.3,0.8,2.7
2371,0.9999,0,WARNING,1.1,1.3,0.7,2.7
2372,0.4692,0,NORMAL,1.2,1.9,9.4,8.1
2373,0.9999,0,WARNING,1.1,1.0,0.7,2.7
2374,1.0,0,ANOMALY,6.1,20.7,0.7,2.7
2375,0.9999,0,WARNING,1.1,1.3,0.8,2.6
2376,0.9999,0,WARNING,1.1,1.7,0.7,2.6
2377,0.464,0,NORMAL,1.2,2.4,9.5,8.1
2378,0.3537,0,NORMAL,1.3,2.0,0.7,2.7
2379,0.3623,0,NORMAL,1.3,1.2,0.8,2.8
2380,0.9999,0,WARNING,1.2,2.2,0.8,5.7
2381,0.9999,0,WARNING,1.2,1.7,0.7,2.6
2382,0.4692,0,NORMAL,1.3,2.3,9.6,8.1
2383,0.9999,0,WARNING,1.2,1.4,0.7,2.6
2384,1.0,0,ANOMALY,3.1,15.7,0.7,2.7
2385,0.9999,0,WARNING,1.2,0.7,0.7,2.7
2386,0.9999,0,WARNING,1.2,1.1,0.7,2.7
2387,0.4694,0,NORMAL,1.3,2.4,9.6,8.2
2388,0.9999,0,WARNING,1.2,1.2,0.8,2.7
2389,0.9999,0,WARNING,1.2,1.7,0.7,2.6
2390,0.9999,0,WARNING,1.1,1.5,0.8,2.8
2391,0.9999,0,WARNING,1.1,1.1,0.7,2.7
2392,0.4692,0,NORMAL,1.2,2.6,9.7,8.1
2393,0.9999,0,WARNING,1.1,1.5,0.8,2.7
2394,1.0,0,ANOMALY,6.1,20.0,0.8,2.7
2395,0.9999,0,WARNING,1.1,0.9,0.7,2.8
2396,0.9999,0,WARNING,1.1,1.6,0.7,2.7
2397,0.475,0,NORMAL,1.2,2.5,9.7,8.3
2398,0.9999,0,WARNING,1.1,1.3,1.1,2.5
2399,0.9999,0,WARNING,1.1,1.0,0.7,2.7
2400,0.9999,0,WARNING,1.1,1.3,0.7,2.7
2401,0.9999,0,WARNING,1.1,1.5,0.7,2.6
2402,0.4747,0,NORMAL,1.2,2.2,9.7,8.1
2403,0.9999,0,WARNING,1.1,1.3,1.5,2.6
2404,1.0,0,ANOMALY,5.6,19.6,0.8,2.9
2405,0.9999,0,WARNING,1.0,0.9,0.7,2.6
2406,0.9999,0,WARNING,1.0,1.6,0.7,2.6
2407,0.367,0,NORMAL,1.1,1.9,7.6,7.0
2408,0.3583,0,NORMAL,1.1,1.4,3.2,4.7
2409,0.9999,0,WARNING,1.0,1.1,0.8,3.1
2410,0.9999,0,WARNING,1.0,2.0,0.9,6.0
2411,0.9999,0,WARNING,1.0,2.1,0.8,3.1
2412,0.3596,0,NORMAL,1.1,1.9,4.6,5.4
2413,0.3597,0,NORMAL,1.1,1.9,6.0,5.8
2414,1.0,0,WARNING,2.8,15.3,0.7,2.5
2415,0.9999,0,WARNING,1.0,1.0,0.8,2.8
2416,0.9999,0,WARNING,1.0,1.5,0.7,2.7
2417,0.9999,0,WARNING,0.9,1.4,2.3,3.7
2418,0.3989,0,NORMAL,1.0,2.2,7.8,7.2
2419,0.3673,0,NORMAL,1.1,1.0,0.8,2.7
2420,0.9999,0,WARNING,1.0,1.6,0.8,2.7
2421,0.9999,0,WARNING,0.9,1.6,0.7,2.6
2422,0.3831,0,NORMAL,1.0,1.2,0.8,2.8
2423,0.4636,0,NORMAL,1.1,3.0,9.4,8.2
2424,1.0,0,ANOMALY,6.4,20.7,0.8,2.8
2425,0.9999,0,WARNING,0.9,1.1,0.8,2.6
2426,0.9999,0,WARNING,0.9,1.5,0.8,2.8
2427,0.9999,0,WARNING,0.9,1.4,0.8,2.8
2428,0.4694,0,NORMAL,1.0,2.9,9.5,8.3
2429,0.9999,0,WARNING,0.9,0.8,0.7,2.6
2430,0.9999,0,WARNING,0.9,1.8,0.7,2.6
2431,0.9999,0,WARNING,0.9,1.5,0.7,2.7
2432,0.9999,0,WARNING,0.9,1.1,0.7,2.8
2433,0.5381,0,NORMAL,1.0,3.6,9.6,8.3
2434,0.9997,0,WARNING,2.7,15.1,0.8,2.8
2435,0.9999,0,WARNING,0.9,1.8,0.7,2.7
2436,0.9999,0,WARNING,0.9,1.1,0.7,2.7
2437,0.9999,0,WARNING,0.9,1.2,0.8,2.7
2438,0.4694,0,NORMAL,1.0,2.9,9.6,8.2
2439,0.9999,0,WARNING,0.9,0.9,0.7,2.8
2440,0.9967,0,WARNING,1.0,2.1,0.9,5.7
2441,0.9999,0,WARNING,0.9,1.7,0.8,2.8
2442,0.9999,0,WARNING,0.9,1.3,0.8,2.8
2443,0.4692,0,NORMAL,1.0,2.2,9.6,8.2
2444,1.0,0,ANOMALY,5.9,20.4,0.8,2.7
2445,0.9999,0,WARNING,0.9,0.8,0.7,2.7
2446,0.9999,0,WARNING,0.9,1.9,0.8,2.8
2447,0.9999,0,WARNING,0.9,1.8,0.8,2.8
2448,0.4694,0,NORMAL,1.0,2.4,9.7,8.3
2449,0.9999,0,WARNING,0.9,1.1,1.2,2.8
2450,0.9999,0,WARNING,0.9,1.5,0.8,2.8
2451,0.9999,0,WARNING,0.9,1.8,0.8,2.8
2452,0.3772,0,NORMAL,1.0,1.4,0.8,2.8
2453,0.4692,0,NORMAL,1.0,2.3,9.7,8.3
2454,1.0,0,ANOMALY,4.3,18.0,1.6,2.7
2455,0.9999,0,WARNING,0.9,1.2,0.8,2.8
2456,0.9999,0,WARNING,0.9,2.0,0.8,2.8
2457,0.9999,0,WARNING,0.9,1.7,0.8,3.0
2458,0.3713,0,NORMAL,1.0,2.2,7.4,7.0
2459,0.3639,0,NORMAL,1.0,1.7,3.4,4.4
2460,0.9999,0,WARNING,0.9,1.3,0.8,2.8
2461,0.9999,0,WARNING,0.9,1.3,0.8,2.8
2462,0.9999,0,WARNING,0.9,1.4,0.9,2.8
2463,0.3814,0,NORMAL,1.0,1.5,4.9,5.3
2464,1.0,0,ANOMALY,3.8,18.1,5.9,5.9
2465,0.9999,0,WARNING,0.9,1.4,0.7,2.8
2466,0.9999,0,WARNING,0.9,1.5,0.8,2.8
2467,0.9999,0,WARNING,0.9,1.5,0.8,2.8
2468,0.3725,0,NORMAL,1.0,1.5,2.3,3.7
2469,0.3988,0,NORMAL,1.0,2.5,7.8,7.3
2470,0.9999,0,WARNING,0.9,1.8,0.9,5.5
2471,0.9999,0,WARNING,0.9,1.1,0.7,2.9
2472,0.9999,0,WARNING,0.9,1.9,0.8,2.8
2473,0.3686,0,NORMAL,1.0,2.1,0.8,2.8
2474,1.0,0,ANOMALY,3.1,17.3,9.6,8.3
2475,0.4145,0,NORMAL,1.0,1.5,0.8,2.9
2476,0.3578,0,NORMAL,1.0,1.4,0.8,2.8
2477,0.3664,0,NORMAL,1.0,2.3,0.8,2.7
2478,0.3738,0,NORMAL,1.0,1.0,0.8,2.9
2479,0.4693,0,NORMAL,1.1,2.5,9.6,8.3
2480,0.3644,0,NORMAL,1.0,1.7,0.8,2.8
2481,0.3704,0,NORMAL,1.0,1.1,0.8,2.9
2482,0.3748,0,NORMAL,1.0,1.7,0.8,2.8
2483,0.379,0,NORMAL,1.1,1.7,0.8,2.8
2484,1.0,0,ANOMALY,5.7,20.2,9.6,8.2
2485,0.5833,0,NORMAL,1.0,1.5,0.8,2.9
2486,0.3454,0,NORMAL,1.0,1.8,0.8,2.8
2487,0.3561,0,NORMAL,1.0,1.9,0.8,2.9
2488,0.3655,0,NORMAL,1.0,1.6,0.8,2.8
2489,0.4694,0,NORMAL,1.1,2.3,9.7,8.3
2490,0.3605,0,NORMAL,1.1,1.4,0.8,2.9
2491,0.3668,0,NORMAL,1.1,1.5,0.8,2.8
2492,0.3726,0,NORMAL,1.1,1.8,0.8,2.8
2493,0.9999,0,WARNING,0.9,1.3,0.8,2.9
2494,1.0,0,ANOMALY,4.2,18.2,9.7,8.4
2495,0.9999,0,WARNING,0.9,1.4,1.2,3.3
2496,0.3523,0,NORMAL,1.0,2.3,1.6,3.5
2497,0.9999,0,WARNING,0.9,1.5,1.3,3.3
2498,0.9999,0,WARNING,0.9,1.7,1.6,3.6
2499,0.4694,0,NORMAL,1.0,2.5,9.7,8.3
2500,0.9967,0,WARNING,1.0,2.1,1.1,5.9
2501,0.9999,0,WARNING,0.9,1.4,0.8,2.8
2502,0.9999,0,WARNING,0.9,2.1,0.8,2.9
2503,0.9999,0,WARNING,0.9,1.5,0.9,2.9
2504,1.0,0,ANOMALY,6.1,21.1,9.6,8.3
2505,0.9999,0,WARNING,0.9,1.6,1.7,3.0
2506,0.9999,0,WARNING,0.9,1.5,0.8,3.0
2507,0.9999,0,WARNING,0.9,1.6,0.9,2.9
2508,0.9999,0,WARNING,0.9,1.6,0.9,2.9
2509,0.3681,0,NORMAL,1.0,2.2,7.7,7.1
2510,0.3612,0,NORMAL,1.0,2.1,3.2,4.3
2511,0.9999,0,WARNING,0.9,1.8,0.8,2.9
2512,0.9999,0,WARNING,0.9,1.5,0.9,2.9
2513,0.9999,0,WARNING,0.9,1.3,0.8,3.1
2514,1.0,0,ANOMALY,5.4,20.1,4.9,5.5
2515,0.5005,0,NORMAL,1.0,2.3,6.0,5.9
2516,0.9999,0,WARNING,0.9,2.3,0.9,2.8
2517,0.9999,0,WARNING,0.9,1.2,1.0,3.1
2518,0.9999,0,WARNING,0.9,1.8,0.9,3.1
2519,0.3691,0,NORMAL,1.0,1.6,2.3,3.9
2520,0.4112,0,NORMAL,1.0,2.4,8.2,7.8
2521,0.9999,0,WARNING,0.9,1.9,0.9,3.0
2522,0.9999,0,WARNING,0.9,1.8,0.9,3.1
2523,0.9999,0,WARNING,0.9,1.5,0.9,3.1
2524,0.9999,0,WARNING,2.4,14.2,0.9,2.9
2525,0.4751,0,NORMAL,1.0,2.7,9.7,8.5
2526,0.9999,0,WARNING,0.9,1.8,1.0,3.0
2527,0.9999,0,WARNING,0.9,1.4,1.0,3.1
2528,0.9999,0,WARNING,0.9,1.8,1.0,3.1
2529,0.9999,0,WARNING,0.9,1.5,0.9,3.0
2530,0.9993,0,WARNING,1.0,2.7,9.8,11.8
2531,0.9999,0,WARNING,0.9,1.1,0.9,3.1
2532,0.9999,0,WARNING,0.9,2.2,1.0,3.1
2533,0.3575,0,NORMAL,1.0,1.5,1.0,3.0
2534,1.0,0,ANOMALY,5.9,20.3,1.0,3.1
2535,0.4699,0,NORMAL,0.9,2.4,9.7,8.6
2536,0.9999,0,WARNING,0.8,1.8,1.0,3.2
2537,0.9999,0,WARNING,0.8,1.5,1.0,3.2
2538,0.9999,0,WARNING,0.8,2.2,1.0,3.2
2539,0.9999,0,WARNING,0.9,1.4,0.9,3.1
2540,0.4693,0,NORMAL,0.9,3.1,9.8,8.5
2541,0.9999,0,WARNING,0.8,1.2,1.0,3.3
2542,0.9999,0,WARNING,0.8,1.9,0.9,3.2
2543,0.3702,0,NORMAL,0.9,1.8,1.0,3.2
2544,0.9972,0,WARNING,1.8,13.5,1.0,3.4
2545,0.4751,0,NORMAL,1.0,2.7,10.0,8.8
2546,0.9999,0,WARNING,0.9,2.0,1.0,3.2
2547,0.9999,0,WARNING,0.9,1.2,1.0,3.3
2548,0.9999,0,WARNING,0.9,1.7,1.0,3.1
2549,0.9999,0,WARNING,0.9,1.9,0.9,3.2
2550,0.4962,0,NORMAL,1.0,2.5,10.5,9.4
2551,0.3579,0,NORMAL,0.9,2.2,2.2,4.1
2552,0.3577,0,NORMAL,0.9,2.0,1.4,3.6
2553,0.3619,0,NORMAL,0.9,1.8,1.9,4.1
2554,1.0,0,ANOMALY,7.3,22.7,1.4,3.6
2555,0.5039,0,NORMAL,0.9,2.5,9.8,8.6
2556,0.9999,0,WARNING,0.8,2.3,1.2,3.1
2557,0.3325,0,NORMAL,0.9,1.6,1.1,3.4
2558,0.9999,0,WARNING,0.8,1.9,1.0,3.3
2559,0.9999,0,WARNING,0.8,1.6,1.0,3.3
2560,0.9889,0,WARNING,0.9,2.8,8.0,10.3
2561,0.4253,0,NORMAL,0.9,1.8,3.5,4.6
2562,0.9999,0,WARNING,0.9,2.5,1.0,3.4
2563,0.9999,0,WARNING,0.8,1.0,1.0,3.3
2564,1.0,0,ANOMALY,2.9,15.6,1.1,3.4
2565,0.3555,0,NORMAL,1.0,1.9,5.2,6.1
2566,0.3534,0,NORMAL,0.9,2.1,6.2,6.5
2567,0.9999,0,WARNING,0.9,2.0,1.1,3.5
2568,0.9999,0,WARNING,0.8,1.6,1.1,3.5
2569,0.9999,0,WARNING,0.9,1.3,1.1,3.6
2570,0.3677,0,NORMAL,0.9,1.4,2.7,4.5
2571,0.3988,0,NORMAL,0.9,2.3,8.7,8.1
2572,0.9999,0,WARNING,0.8,1.5,1.3,3.6
2573,0.9999,0,WARNING,0.9,1.7,1.2,3.7
2574,1.0,0,ANOMALY,6.8,21.0,1.2,3.7
2575,0.9999,0,WARNING,0.9,1.4,1.2,3.7
2576,0.4807,0,NORMAL,1.0,2.3,9.9,9.2
2577,0.9999,0,WARNING,0.9,2.0,1.3,3.8
2578,0.3418,0,NORMAL,0.9,1.7,1.2,3.8
2579,0.352,0,NORMAL,1.0,0.9,1.2,3.7
2580,0.3608,0,NORMAL,1.0,1.8,1.3,3.9
2581,0.9999,0,WARNING,0.9,1.5,1.2,3.8
2582,0.3706,0,NORMAL,1.0,2.2,6.4,7.0
2583,0.3622,0,NORMAL,1.0,2.2,5.3,6.2
2584,1.0,0,ANOMALY,5.7,19.8,1.3,3.8
2585,0.4332,0,NORMAL,1.0,1.5,1.3,3.9
2586,0.3372,0,NORMAL,1.0,1.0,1.3,3.9
2587,0.3476,0,NORMAL,1.0,2.1,4.6,5.8
2588,0.3494,0,NORMAL,1.0,2.7,7.3,7.3
2589,0.3435,0,NORMAL,1.0,0.9,1.4,4.0
2590,0.9999,0,WARNING,0.9,1.4,1.4,6.4
2591,0.9999,0,WARNING,0.9,1.4,1.3,4.0
2592,0.3474,0,NORMAL,1.0,1.9,2.1,4.5
2593,0.4748,0,NORMAL,1.0,2.6,9.6,9.5
2594,1.0,0,ANOMALY,6.0,20.3,2.0,4.5
2595,0.445,0,NORMAL,1.0,1.7,1.9,4.4
2596,0.3243,0,NORMAL,1.0,1.6,2.1,4.6
2597,0.9999,0,WARNING,0.9,2.0,1.8,4.4
2598,0.4858,0,NORMAL,1.0,2.9,10.3,9.8
2599,0.3331,0,NORMAL,1.0,1.3,1.5,4.1
2600,0.3429,0,NORMAL,1.0,1.2,1.5,4.2
2601,0.3512,0,NORMAL,1.0,1.6,1.5,4.2
2602,0.3576,0,NORMAL,1.0,1.7,1.6,4.2
2603,0.5014,0,NORMAL,1.1,2.1,10.6,9.8
2604,1.0,0,ANOMALY,6.1,20.6,1.9,4.5
2605,0.4829,0,NORMAL,1.0,2.3,1.8,4.6
2606,0.3251,0,NORMAL,1.0,1.3,1.8,4.4
2607,0.3357,0,NORMAL,1.1,1.6,2.0,4.7
2608,0.5016,0,NORMAL,1.1,2.6,10.7,10.2
2609,0.3296,0,NORMAL,1.1,1.6,1.9,4.6
2610,0.3379,0,NORMAL,1.1,0.9,1.8,4.5
2611,0.3455,0,NORMAL,1.0,1.2,1.8,4.6
2612,0.3518,0,NORMAL,1.0,1.9,1.9,4.7
2613,0.5066,0,NORMAL,1.1,2.4,10.9,10.3
2614,1.0,0,ANOMALY,7.6,22.6,2.1,4.8
2615,0.5547,0,NORMAL,1.1,1.8,2.2,4.9
2616,0.3087,0,NORMAL,1.1,2.1,2.1,4.9
2617,0.3218,0,NORMAL,1.1,1.3,2.1,5.0
2618,0.5068,0,NORMAL,1.2,2.8,11.1,10.5
2619,0.3214,0,NORMAL,1.1,1.9,3.8,4.9
2620,0.9971,0,WARNING,1.0,1.6,2.4,8.0
2621,0.3074,0,NORMAL,1.1,1.6,2.3,5.1
2622,0.319,0,NORMAL,1.0,1.9,2.3,5.1
2623,0.5168,0,NORMAL,1.0,2.4,11.3,10.7
2624,1.0,0,ANOMALY,5.6,20.0,4.1,5.2
2625,0.4074,0,NORMAL,1.0,2.0,2.4,5.3
2626,0.2975,0,NORMAL,1.0,2.0,2.4,5.1
2627,0.313,0,NORMAL,1.0,1.5,2.4,5.2
2628,0.4913,0,NORMAL,1.0,2.7,10.8,10.6
2629,0.3149,0,NORMAL,1.0,1.6,4.8,5.8
2630,0.3128,0,NORMAL,1.0,1.6,2.9,5.7
2631,0.3214,0,NORMAL,1.0,2.3,2.9,5.7
2632,0.3285,0,NORMAL,1.0,1.9,2.8,5.7
2633,0.3864,0,NORMAL,1.0,2.1,8.7,9.4
2634,1.0,0,ANOMALY,7.0,22.0,6.9,7.5
2635,0.5673,0,NORMAL,1.0,1.7,3.0,5.9
2636,0.2855,0,NORMAL,1.0,1.8,3.1,6.0
2637,0.3001,0,NORMAL,1.0,2.1,3.6,6.6
2638,0.3096,0,NORMAL,1.1,2.7,7.3,8.7
2639,0.4297,0,NORMAL,1.2,3.0,10.3,10.2
2640,0.297,0,NORMAL,1.1,2.1,4.3,6.9
2641,0.303,0,NORMAL,1.2,1.6,4.0,6.8
2642,0.3088,0,NORMAL,1.2,2.4,4.2,6.9
2643,0.3872,0,NORMAL,1.2,1.8,5.3,7.4
2644,1.0,0,ANOMALY,4.5,19.9,13.5,12.7
2645,0.5598,0,NORMAL,1.2,2.1,5.0,7.6
2646,0.3469,0,NORMAL,1.2,2.3,5.1,7.6
2647,0.3905,0,NORMAL,1.2,1.9,5.5,8.1
2648,0.3959,0,NORMAL,1.2,2.3,5.8,8.0
2649,0.6315,0,WARNING,1.3,3.2,14.9,13.8
2650,0.9967,0,WARNING,1.3,2.2,7.1,11.6
2651,0.5643,0,NORMAL,1.3,2.3,7.2,9.3
2652,0.7061,0,WARNING,1.3,2.8,10.0,11.4
2653,0.7209,0,WARNING,1.4,2.2,10.8,11.8
2654,1.0,0,ANOMALY,7.6,24.2,20.0,17.5
2655,0.7388,0,WARNING,1.4,2.6,12.3,12.2
2656,0.7462,0,WARNING,1.4,3.0,11.8,12.4
2657,0.7353,0,WARNING,1.3,3.1,12.3,13.0
2658,0.7677,0,WARNING,1.3,2.7,12.8,13.1
2659,0.8002,0,WARNING,1.4,4.1,22.0,18.8
2660,0.7687,0,WARNING,1.2,3.1,14.5,13.4
2661,0.7969,0,WARNING,1.2,2.6,13.6,13.8
2662,0.8217,0,WARNING,1.3,3.3,15.1,15.0
2663,0.8125,0,WARNING,1.3,2.6,15.1,15.1
2664,1.0,0,ANOMALY,6.3,22.8,24.3,20.8
2665,0.8028,0,WARNING,1.3,3.2,17.1,15.2
2666,0.8616,0,WARNING,1.3,3.4,16.6,16.1
2667,0.9418,0,WARNING,1.8,4.8,23.4,21.2
2668,0.9437,0,WARNING,1.8,4.5,25.8,22.2
2669,0.9432,0,WARNING,1.9,5.6,33.2,26.9
2670,0.8776,0,WARNING,1.8,4.8,24.1,20.2
2671,0.8962,0,WARNING,1.7,4.4,23.2,20.9
2672,0.8777,0,WARNING,1.6,5.2,22.9,20.6
2673,0.8752,0,WARNING,1.4,4.8,22.7,20.7
2674,1.0,0,ANOMALY,7.3,25.4,31.3,26.0
2675,0.874,0,WARNING,1.6,4.7,23.5,20.1
2676,0.8675,0,WARNING,1.6,4.4,21.2,19.1
2677,0.8606,0,WARNING,1.6,4.5,20.8,19.4
2678,0.8562,0,WARNING,1.6,4.8,20.5,18.9
2679,0.947,0,WARNING,1.7,5.1,29.2,24.5
2680,0.9967,0,WARNING,1.7,5.0,22.0,21.8
2681,0.8605,0,WARNING,1.6,3.7,20.0,18.6
2682,0.8292,0,WARNING,1.6,4.9,20.1,18.9
2683,0.859,0,WARNING,1.7,3.9,19.8,18.6
2684,1.0,0,ANOMALY,6.5,23.1,25.6,22.3
2685,0.9555,0,WARNING,2.0,4.9,23.6,20.4
2686,0.8726,0,WARNING,1.8,3.1,19.1,18.2
2687,0.8562,0,WARNING,1.8,4.2,19.1,18.2
2688,0.8487,0,WARNING,1.9,4.2,19.4,18.6
2689,0.8659,0,WARNING,1.9,4.3,22.4,20.2
2690,0.8517,0,WARNING,1.9,5.2,25.9,21.9
2691,0.8532,0,WARNING,1.9,4.6,18.7,18.1
2692,0.8686,0,WARNING,1.9,4.6,19.3,20.0
2693,0.8659,0,WARNING,1.9,3.6,19.0,19.5
2694,1.0,0,ANOMALY,6.9,22.8,19.2,18.6
2695,0.853,0,WARNING,2.1,5.7,27.2,23.3
2696,0.8456,0,WARNING,1.9,4.9,18.9,18.1
2697,0.844,0,WARNING,2.0,4.6,19.0,20.0
2698,0.8359,0,WARNING,2.0,4.3,18.6,18.1
2699,0.8325,0,WARNING,2.0,4.2,18.3,17.8
2700,0.8528,0,WARNING,2.0,5.0,27.0,23.2
2701,0.8342,0,WARNING,2.1,4.1,18.3,17.9
2702,0.8202,0,WARNING,2.1,4.5,17.8,18.0
2703,0.859,0,WARNING,2.1,3.6,18.3,18.0
2704,1.0,0,ANOMALY,8.4,23.9,18.8,18.5
2705,0.8502,0,WARNING,2.1,4.8,26.9,23.5
2706,0.8257,0,WARNING,2.1,4.4,19.3,18.2
2707,0.8393,0,WARNING,2.2,4.0,18.8,18.6
2708,0.8343,0,WARNING,2.3,3.7,18.7,18.6
2709,0.8576,0,WARNING,2.3,4.3,19.1,18.6
2710,0.9923,0,WARNING,2.4,5.2,27.3,26.5
2711,0.9402,0,WARNING,2.7,5.5,19.5,18.0
2712,0.8308,0,WARNING,2.4,4.3,17.8,17.9
2713,0.8408,0,WARNING,2.5,3.7,18.1,18.1
2714,1.0,0,ANOMALY,8.8,24.5,17.7,17.8
2715,0.8604,0,WARNING,2.6,5.5,26.7,23.3
2716,0.8487,0,WARNING,2.5,4.7,19.2,17.6
2717,0.8129,0,WARNING,2.4,3.6,17.5,17.8
2718,0.8129,0,WARNING,2.4,3.9,17.2,17.7
2719,0.8256,0,WARNING,2.3,4.0,17.1,17.5
2720,0.8516,0,WARNING,2.5,4.8,25.7,22.9
2721,0.807,0,WARNING,2.4,3.6,18.6,17.3
2722,0.8424,0,WARNING,2.5,4.3,17.4,17.8
2723,0.8516,0,WARNING,2.5,4.0,18.2,18.2
2724,1.0,0,ANOMALY,6.7,22.3,17.7,18.0
2725,0.9537,0,WARNING,2.9,6.3,25.9,23.2
2726,0.8291,0,WARNING,2.7,5.3,19.0,17.8
2727,0.8392,0,WARNING,2.6,3.8,17.1,19.1
2728,0.8487,0,WARNING,2.6,4.6,16.9,17.4
2729,0.8273,0,WARNING,2.5,3.8,16.8,17.3
2730,0.8439,0,WARNING,2.6,4.5,25.7,23.1
2731,0.8256,0,WARNING,2.6,4.4,19.2,17.6
2732,0.8359,0,WARNING,2.5,4.3,17.4,17.8
2733,0.8089,0,WARNING,2.5,4.2,16.6,17.1
2734,1.0,0,ANOMALY,9.4,25.0,16.4,17.2
2735,0.8308,0,WARNING,2.6,4.9,23.6,21.7
2736,0.8203,0,WARNING,2.5,4.1,19.1,17.7
2737,0.8239,0,WARNING,2.4,4.1,16.2,17.2
2738,0.8109,0,WARNING,2.6,3.8,16.1,17.0
2739,0.8165,0,WARNING,2.5,3.6,15.9,16.9
2740,0.9986,0,WARNING,2.6,4.4,19.9,22.4
2741,0.7864,0,WARNING,2.7,4.2,21.2,19.7
2742,0.8255,0,WARNING,2.6,3.8,16.0,17.0
2743,0.8341,0,WARNING,2.8,4.0,16.4,17.3
2744,1.0,0,ANOMALY,6.5,19.9,16.9,17.6
2745,0.829,0,WARNING,2.7,4.3,17.3,17.9
2746,0.8183,0,WARNING,2.9,5.7,24.7,22.4
2747,0.8256,0,WARNING,2.7,4.4,16.2,17.3
2748,1.0,0,ANOMALY,2.7,3.9,16.4,19.5
2749,0.805,0,WARNING,2.8,4.0,16.8,17.6
2750,0.8391,0,WARNING,2.9,4.9,16.9,17.5
2751,0.8243,0,WARNING,3.1,5.3,25.0,22.6
2752,0.8439,0,WARNING,2.8,4.0,17.1,17.4
2753,0.8342,0,WARNING,2.8,4.1,16.7,17.2
2754,1.0,0,ANOMALY,8.3,23.1,16.3,17.4
2755,0.8128,0,WARNING,2.7,3.4,15.9,17.1
2756,0.8274,0,WARNING,3.0,5.6,24.6,22.4
2757,0.8128,0,WARNING,2.8,3.7,16.4,17.2
2758,0.809,0,WARNING,2.8,3.9,15.9,17.3
2759,0.8128,0,WARNING,2.8,4.4,15.6,16.9
2760,0.8108,0,WARNING,2.7,4.0,15.9,17.0
2761,0.813,0,WARNING,2.9,4.5,24.3,22.3
2762,0.803,0,WARNING,2.8,4.1,17.2,17.8
2763,0.8183,0,WARNING,2.9,3.8,16.4,17.6
2764,1.0,0,ANOMALY,8.0,22.7,16.8,17.9
2765,0.8273,0,WARNING,2.9,3.8,17.7,18.4
2766,0.8333,0,WARNING,2.9,5.0,25.8,23.3
2767,0.7908,0,WARNING,2.8,3.7,17.8,17.6
2768,0.811,0,WARNING,2.8,3.8,16.0,17.3
2769,0.8031,0,WARNING,2.9,3.8,16.1,17.3
2770,0.9977,0,WARNING,3.0,4.1,17.4,21.0
2771,0.8375,0,WARNING,3.0,5.0,25.3,22.8
2772,0.8031,0,WARNING,2.8,4.3,17.9,17.8
2773,0.7708,0,WARNING,2.8,4.5,16.0,17.4
2774,1.0,0,ANOMALY,7.0,21.0,16.0,17.6
2775,0.8423,0,WARNING,2.7,3.7,15.8,17.1
2776,0.8969,0,WARNING,3.1,6.1,24.9,22.8
2777,0.8128,0,WARNING,2.7,2.8,17.4,17.4
2778,0.926,0,WARNING,3.1,5.0,16.1,17.5
2779,0.8273,0,WARNING,2.9,3.8,16.2,17.3
2780,0.8307,0,WARNING,2.9,3.8,15.8,17.0
2781,0.834,0,WARNING,2.9,4.2,24.5,22.5
2782,0.7969,0,WARNING,2.8,3.8,16.8,17.0
2783,0.8108,0,WARNING,2.9,3.2,14.7,16.4
2784,1.0,0,ANOMALY,6.9,20.3,14.4,16.4
2785,0.7864,0,WARNING,3.0,4.4,14.4,16.5
2786,0.829,0,WARNING,3.0,4.7,21.4,20.6
2787,0.773,0,WARNING,2.8,3.6,17.2,17.6
2788,0.7707,0,WARNING,2.8,3.5,13.4,15.8
2789,0.7355,0,WARNING,2.8,3.2,12.8,15.2
2790,0.7182,0,WARNING,2.9,3.9,11.9,14.6
2791,0.7287,0,WARNING,2.8,2.8,16.1,17.2
2792,0.6614,0,WARNING,2.8,4.1,16.6,17.1
2793,0.6816,0,WARNING,2.8,3.4,11.1,13.9
2794,1.0,0,ANOMALY,7.4,21.2,10.7,13.9
2795,0.6445,0,WARNING,2.7,3.0,10.3,13.5
2796,0.7367,0,WARNING,2.5,3.1,10.8,13.4
2797,0.6816,0,WARNING,2.6,4.4,17.7,18.0
2798,0.6324,0,WARNING,2.6,3.2,9.6,13.1
2799,0.5666,0,NORMAL,2.7,3.0,9.1,12.7
2800,0.9947,0,WARNING,2.6,3.2,9.2,15.6
2801,0.5777,0,NORMAL,2.5,2.9,9.2,12.7
2802,0.676,0,WARNING,2.6,4.2,17.3,17.9
2803,0.5703,0,NORMAL,2.4,3.0,8.9,12.4
2804,1.0,0,ANOMALY,6.9,20.4,8.9,12.4
2805,0.5531,0,NORMAL,2.4,3.0,8.3,12.1
2806,0.5428,0,NORMAL,2.4,2.7,8.2,11.9
2807,0.6674,0,WARNING,2.5,4.3,17.1,17.4
2808,0.4998,0,NORMAL,2.4,2.9,8.8,11.8
2809,0.4563,0,NORMAL,2.4,2.1,7.7,11.5
2810,0.5457,0,NORMAL,2.5,2.8,8.1,11.7
2811,0.4541,0,NORMAL,2.4,2.3,7.6,11.2
2812,0.6538,0,WARNING,2.5,3.9,16.4,16.7
2813,0.4666,0,NORMAL,2.3,2.7,8.7,11.1
2814,1.0,0,ANOMALY,6.8,20.6,7.3,11.2
2815,0.5087,0,NORMAL,2.5,3.9,7.3,11.0
2816,0.4606,0,NORMAL,2.4,2.4,7.1,10.7
2817,0.6411,0,WARNING,2.5,3.8,15.9,16.5
2818,0.422,0,NORMAL,2.4,2.4,7.8,10.2
2819,0.3114,0,NORMAL,2.4,2.0,5.6,9.9
2820,0.3759,0,NORMAL,2.4,2.8,5.7,10.0
2821,0.4232,0,NORMAL,2.5,2.5,6.0,9.9
2822,0.583,0,NORMAL,2.6,3.4,14.2,15.1
2823,0.37,0,NORMAL,2.6,2.4,6.8,9.3
2824,1.0,0,ANOMALY,6.9,20.4,5.2,9.4
2825,0.3806,0,NORMAL,2.5,2.2,5.1,9.3
2826,0.273,0,NORMAL,2.5,2.4,5.1,9.1
2827,0.5827,0,NORMAL,2.5,3.3,14.0,15.1
2828,0.2889,0,NORMAL,2.5,2.2,6.8,9.1
2829,0.2871,0,NORMAL,2.6,2.1,4.6,9.0
2830,0.9958,0,WARNING,2.5,2.3,4.6,11.7
2831,0.3195,0,NORMAL,2.5,2.0,4.5,8.7
2832,0.5602,0,NORMAL,2.6,3.4,13.4,14.4
2833,0.2947,0,NORMAL,2.5,2.7,6.0,8.6
2834,1.0,0,ANOMALY,7.9,21.3,4.2,8.7
2835,0.4039,0,NORMAL,2.5,2.1,4.2,8.6
2836,0.335,0,NORMAL,2.4,2.2,4.3,8.6
2837,0.4863,0,NORMAL,2.5,3.5,11.6,13.3
2838,0.2646,0,NORMAL,2.4,1.8,7.5,9.8
2839,0.3885,0,NORMAL,2.4,2.0,4.2,8.4
2840,0.2546,0,NORMAL,2.5,2.3,4.2,8.4
2841,0.3043,0,NORMAL,2.5,1.7,4.2,8.5
2842,0.351,0,NORMAL,2.6,2.9,8.4,10.9
2843,0.3803,0,NORMAL,2.7,2.7,10.1,11.5
2844,1.0,0,ANOMALY,5.5,18.0,4.2,8.5
2845,0.3251,0,NORMAL,2.6,2.2,4.2,8.5
2846,0.2626,0,NORMAL,2.7,2.7,4.3,8.3
2847,0.2688,0,NORMAL,2.6,2.8,4.7,8.7
2848,0.5222,0,NORMAL,2.7,3.2,12.2,13.5
2849,0.2437,0,NORMAL,2.6,1.9,4.1,8.3
2850,0.2375,0,NORMAL,2.6,1.9,4.1,8.4
2851,0.2609,0,NORMAL,2.5,2.2,4.4,8.5
2852,0.2509,0,NORMAL,2.5,2.1,4.1,8.4
2853,0.5462,0,NORMAL,2.6,3.1,12.9,13.9
2854,1.0,0,ANOMALY,8.5,22.3,4.4,8.3
2855,0.5352,0,NORMAL,2.4,2.1,3.9,8.2
2856,0.2346,0,NORMAL,2.5,1.9,3.9,8.3
2857,0.2921,0,NORMAL,2.5,2.3,4.2,8.4
2858,0.5511,0,NORMAL,2.6,3.7,13.0,13.8
2859,0.2716,0,NORMAL,2.6,2.2,4.9,8.2
2860,0.9989,0,WARNING,2.7,2.5,4.3,11.5
2861,0.3092,0,NORMAL,2.6,2.6,4.2,8.2
2862,0.4966,0,NORMAL,2.6,3.5,4.2,8.3
2863,0.5462,0,NORMAL,2.7,3.3,12.9,13.8
2864,1.0,0,ANOMALY,5.6,18.5,5.6,8.4
2865,0.3069,0,NORMAL,2.5,2.1,4.4,8.4
2866,0.2554,0,NORMAL,2.5,2.2,4.4,8.3
2867,0.305,0,NORMAL,2.5,2.3,4.4,8.4
2868,0.5557,0,NORMAL,2.7,3.3,13.0,13.9
2869,0.314,0,NORMAL,2.6,2.1,5.9,8.2
2870,0.9621,0,WARNING,3.0,4.9,4.0,8.0
2871,0.6731,0,WARNING,2.8,4.6,4.2,8.2
2872,0.2823,0,NORMAL,2.7,1.8,4.2,8.4
2873,0.5648,0,NORMAL,2.8,3.4,13.4,14.2
2874,1.0,0,ANOMALY,8.5,21.9,6.5,8.7
2875,0.5525,0,NORMAL,2.8,2.2,5.4,9.2
2876,0.4847,0,NORMAL,2.8,3.1,6.0,9.4
2877,0.652,0,WARNING,2.8,2.3,8.8,12.0
2878,0.7508,0,WARNING,3.0,4.1,18.8,17.9
2879,0.7179,0,WARNING,2.9,3.4,11.9,12.9
2880,0.6876,0,WARNING,2.8,3.1,10.4,12.9
2881,0.668,0,WARNING,2.8,2.5,10.7,13.1
2882,0.6779,0,WARNING,2.9,3.0,10.9,13.2
2883,0.7548,0,WARNING,3.0,4.6,19.9,18.5
2884,1.0,0,ANOMALY,7.7,21.3,13.0,13.7
2885,0.6613,0,WARNING,2.9,3.5,11.0,13.4
2886,0.6838,0,WARNING,3.0,2.9,11.4,13.4
2887,0.7278,0,WARNING,3.0,2.7,11.3,13.6
2888,0.7161,0,WARNING,3.1,4.5,18.2,17.8
2889,0.69,0,WARNING,3.1,4.1,14.4,14.7
2890,0.9994,0,WARNING,2.9,2.7,10.7,16.4
2891,0.6664,0,WARNING,2.9,2.4,10.6,13.2
2892,0.6449,0,WARNING,3.0,3.7,11.0,13.6
2893,0.6851,0,WARNING,3.0,3.6,15.1,16.0
2894,1.0,0,ANOMALY,9.1,24.3,16.7,16.4
2895,0.6758,0,WARNING,3.1,4.1,11.2,13.6
2896,0.715,0,WARNING,3.0,3.1,11.0,13.3
2897,0.6773,0,WARNING,3.0,2.5,11.0,13.6
2898,0.6732,0,WARNING,3.1,3.7,11.7,14.1
2899,0.7278,0,WARNING,3.1,4.4,19.6,18.7
2900,0.6903,0,WARNING,3.1,2.9,11.5,13.7
2901,0.6833,0,WARNING,3.1,3.0,11.6,13.6
2902,0.7075,0,WARNING,3.2,3.9,12.2,14.4
2903,0.7434,0,WARNING,3.2,3.6,12.5,14.4
2904,1.0,0,ANOMALY,6.6,21.0,21.7,20.1
2905,0.7431,0,WARNING,3.2,3.0,13.4,14.8
2906,0.7898,0,WARNING,3.3,4.0,13.1,14.7
2907,0.7647,0,WARNING,3.2,3.1,13.2,15.3
2908,0.7445,0,WARNING,3.2,3.5,12.9,15.0
2909,0.779,0,WARNING,3.2,4.6,22.1,20.6
2910,0.7722,0,WARNING,3.1,3.7,14.0,14.8
2911,0.7978,0,WARNING,3.2,3.1,14.2,15.7
2912,0.8017,0,WARNING,3.3,3.6,13.8,15.5
2913,0.8151,0,WARNING,3.2,3.2,13.8,15.6
2914,1.0,0,ANOMALY,9.8,25.4,22.7,21.0
2915,0.7969,0,WARNING,3.3,4.2,15.4,15.7
2916,0.7684,0,WARNING,3.3,4.1,13.8,15.6
2917,0.7774,0,WARNING,3.4,4.0,13.1,15.4
2918,0.7652,0,WARNING,3.4,4.2,13.7,15.5
2919,0.8059,0,WARNING,3.6,5.3,22.6,21.0
2920,0.9923,0,WARNING,3.5,4.7,15.2,18.1
2921,0.7858,0,WARNING,3.4,3.1,13.8,15.6
2922,0.7673,0,WARNING,3.4,3.9,14.2,15.8
2923,0.7958,0,WARNING,3.4,3.2,13.6,15.5
2924,1.0,0,ANOMALY,8.2,23.3,23.1,21.6
2925,0.7538,0,WARNING,3.5,3.7,15.3,15.4
2926,0.7707,0,WARNING,3.5,3.7,13.7,15.5
2927,0.7727,0,WARNING,3.6,3.9,13.6,15.5
2928,0.779,0,WARNING,3.7,4.2,13.6,15.8
2929,0.7959,0,WARNING,3.6,4.4,22.6,21.3
2930,0.7729,0,WARNING,3.6,3.6,15.1,15.6
2931,0.7836,0,WARNING,3.6,3.3,13.8,15.8
2932,0.7833,0,WARNING,3.6,3.0,13.6,15.7
2933,0.774,0,WARNING,3.6,3.3,14.0,15.9
2934,1.0,0,ANOMALY,9.7,25.2,23.0,21.4
2935,0.8653,0,WARNING,3.7,4.4,15.5,16.0
2936,0.801,0,WARNING,3.5,3.8,13.9,16.0
2937,0.801,0,WARNING,3.5,3.4,13.8,16.5
2938,0.7632,0,WARNING,3.6,4.1,13.7,16.3
2939,0.8464,0,WARNING,3.7,4.7,21.3,20.8
2940,0.8126,0,WARNING,3.6,4.0,17.7,17.6
2941,0.8048,0,WARNING,3.6,3.7,15.1,16.7
2942,0.7859,0,WARNING,3.7,4.4,15.6,17.3
2943,0.8103,0,WARNING,3.6,3.7,15.2,16.8
2944,1.0,0,ANOMALY,8.9,22.9,19.2,19.8
2945,0.8146,0,WARNING,3.8,4.4,20.9,19.9
2946,0.8031,0,WARNING,3.7,3.9,14.8,16.9
2947,0.8238,0,WARNING,3.8,3.3,15.1,17.5
2948,0.8202,0,WARNING,3.8,4.6,15.6,17.7
2949,0.8254,0,WARNING,3.8,4.3,16.7,20.2
2950,0.9857,0,WARNING,4.0,6.2,24.1,26.2
2951,0.8127,0,WARNING,3.8,4.2,16.0,18.3
2952,0.8165,0,WARNING,3.8,4.2,15.4,18.2
2953,0.8183,0,WARNING,3.8,4.1,15.2,17.3
2954,1.0,0,ANOMALY,10.0,24.1,15.1,17.4
2955,0.8146,0,WARNING,3.9,4.8,24.4,22.8
2956,0.7991,0,WARNING,3.8,4.0,15.3,17.0
2957,0.8011,0,WARNING,3.8,3.5,14.9,17.2
2958,0.809,0,WARNING,3.9,3.9,15.1,17.5
2959,0.807,0,WARNING,3.8,3.9,15.2,17.3
2960,0.8306,0,WARNING,4.0,5.9,24.0,23.1
2961,0.8089,0,WARNING,3.8,4.7,16.2,17.4
2962,0.8183,0,WARNING,3.9,4.4,15.3,17.7
2963,0.8374,0,WARNING,3.7,4.7,16.0,17.8
2964,1.0,0,ANOMALY,7.9,20.9,15.7,18.0
2965,0.8201,0,WARNING,3.8,5.5,24.3,23.1
2966,0.8375,0,WARNING,4.0,4.6,17.6,17.9
2967,0.8238,0,WARNING,3.9,4.7,16.3,18.1
2968,0.8202,0,WARNING,4.0,4.8,16.0,18.1
2969,0.8308,0,WARNING,3.8,4.2,16.1,18.0
2970,0.8086,0,WARNING,3.9,5.5,24.2,23.0
2971,0.807,0,WARNING,3.8,3.8,16.8,17.5
2972,0.807,0,WARNING,3.8,3.8,15.1,17.4
2973,0.8273,0,WARNING,3.9,4.4,15.4,17.8
2974,1.0,0,ANOMALY,10.2,24.7,15.6,18.0
2975,0.9546,0,WARNING,4.1,4.9,25.3,24.0
2976,0.8308,0,WARNING,3.8,3.8,18.0,18.2
2977,0.809,0,WARNING,3.8,3.9,15.8,18.1
2978,0.8342,0,WARNING,3.9,4.4,16.3,18.6
2979,0.8546,0,WARNING,3.9,3.6,16.2,18.3
2980,0.9768,0,WARNING,3.9,5.6,24.4,25.8
2981,0.8238,0,WARNING,4.0,3.6,17.7,18.2
2982,0.8604,0,WARNING,4.0,4.4,15.6,18.0
2983,0.8501,0,WARNING,4.1,3.9,15.9,19.7
2984,1.0,0,ANOMALY,8.3,22.3,16.4,20.2
2985,0.856,0,WARNING,4.0,4.9,25.1,24.0
2986,0.8238,0,WARNING,4.0,4.8,17.7,18.3
2987,0.8239,0,WARNING,3.9,4.1,16.3,18.6
2988,0.8424,0,WARNING,3.9,4.4,16.4,18.6
2989,0.8202,0,WARNING,3.8,4.3,15.6,18.1
2990,0.8358,0,WARNING,4.1,5.6,23.2,22.6
2991,0.8631,0,WARNING,3.9,4.3,19.4,19.4
2992,0.8273,0,WARNING,3.9,4.4,16.5,18.5
2993,0.8238,0,WARNING,3.8,4.0,16.1,18.3
2994,1.0,0,ANOMALY,9.1,22.6,16.9,19.1
2995,0.9306,0,WARNING,4.1,5.4,21.1,21.6
2996,0.8202,0,WARNING,3.9,5.1,22.3,21.7
2997,0.8776,0,WARNING,3.8,4.0,18.0,19.7
2998,0.809,0,WARNING,4.0,4.9,16.5,18.5
2999,0.8128,0,WARNING,3.9,3.5,16.1,18.2
3000,0.8031,0,WARNING,3.8,3.9,15.5,17.5
3001,0.7744,0,WARNING,3.9,4.7,22.3,21.8
3002,0.7661,0,WARNING,3.8,3.8,13.9,16.7
3003,0.7385,0,WARNING,3.9,3.7,12.5,15.8
3004,1.0,0,ANOMALY,8.3,21.2,12.0,15.3
3005,0.7331,0,WARNING,3.9,3.2,11.1,14.9
3006,0.7283,0,WARNING,3.9,3.8,19.6,20.3
3007,0.6797,0,WARNING,3.9,3.0,11.4,15.1
3008,0.7096,0,WARNING,3.8,2.6,10.9,14.8
3009,0.6967,0,WARNING,3.9,3.3,10.3,14.5
3010,0.9963,0,WARNING,3.9,3.0,10.7,17.6
3011,0.7155,0,WARNING,3.9,4.1,19.0,19.4
3012,0.6398,0,WARNING,4.0,3.2,10.8,14.0
3013,0.6427,0,WARNING,4.0,2.9,9.8,13.9
3014,1.0,0,ANOMALY,8.9,21.7,9.3,13.8
3015,0.9768,0,WARNING,4.3,5.5,10.0,14.1
3016,0.6919,0,WARNING,4.0,4.4,18.1,19.1
3017,0.618,0,WARNING,3.9,2.7,10.6,13.8
3018,0.613,0,WARNING,3.9,3.1,9.1,13.5
3019,0.5706,0,NORMAL,4.0,3.2,9.2,13.6
3020,0.6072,0,WARNING,3.9,2.7,8.7,13.1
3021,0.6858,0,WARNING,3.9,3.5,17.7,18.6
3022,0.6002,0,WARNING,3.8,2.7,10.7,13.3
3023,0.5953,0,NORMAL,3.8,2.8,9.0,13.4
3024,1.0,0,ANOMALY,8.2,21.7,9.2,13.4
3025,0.5666,0,NORMAL,3.8,3.0,8.8,13.3
3026,0.6794,0,WARNING,4.0,3.8,17.4,18.4
3027,0.5449,0,NORMAL,4.1,3.4,10.6,13.4
3028,0.5664,0,NORMAL,4.0,3.3,9.0,13.4
3029,0.587,0,NORMAL,3.9,3.0,8.8,13.2
3030,0.5468,0,NORMAL,3.9,2.6,8.8,13.3
3031,0.682,0,WARNING,4.0,4.4,17.4,18.7
3032,0.5392,0,NORMAL,3.9,3.0,10.1,13.2
3033,0.5336,0,NORMAL,3.9,2.5,8.5,13.1
3034,1.0,0,ANOMALY,9.8,22.7,8.2,12.9
3035,0.5307,0,NORMAL,4.1,3.6,8.6,13.0
3036,0.6773,0,WARNING,4.1,3.9,17.4,18.2
3037,0.55,0,NORMAL,4.1,3.4,9.9,12.9
3038,0.4956,0,NORMAL,4.0,2.7,8.3,13.1
3039,0.4682,0,NORMAL,4.0,2.9,8.2,13.1
3040,0.9963,0,WARNING,4.2,3.6,8.4,15.9
3041,0.6092,0,WARNING,4.2,4.2,15.1,16.9
3042,0.5145,0,NORMAL,4.2,3.4,11.4,13.9
3043,0.524,0,NORMAL,4.1,3.0,8.6,12.9
3044,1.0,0,ANOMALY,9.1,21.6,8.5,13.1
3045,0.5304,0,NORMAL,4.1,2.9,8.9,13.3
3046,0.6039,0,WARNING,4.2,3.1,12.5,15.1
3047,0.5326,0,NORMAL,4.3,3.7,13.7,15.9
3048,0.5397,0,NORMAL,4.2,3.0,8.6,13.1
3049,0.4897,0,NORMAL,4.2,3.0,8.1,12.8
3050,0.8208,0,WARNING,4.3,4.2,8.5,12.9
3051,0.4722,0,NORMAL,4.1,2.7,9.0,13.2
3052,0.6615,0,WARNING,4.3,4.1,16.6,18.0
3053,0.4932,0,NORMAL,4.3,3.5,8.0,13.3
3054,1.0,0,ANOMALY,10.0,23.4,8.8,13.3
3055,0.5312,0,NORMAL,4.2,2.8,9.0,13.2
3056,0.5012,0,NORMAL,4.2,3.1,8.7,13.2
3057,0.7156,0,WARNING,4.3,4.6,18.3,19.5
3058,0.5025,0,NORMAL,4.2,3.9,10.0,13.8
3059,0.4594,0,NORMAL,4.1,3.0,8.4,13.4
3060,0.4415,0,NORMAL,4.1,3.0,8.0,13.2
3061,0.489,0,NORMAL,4.1,3.1,8.1,13.1
3062,0.657,0,WARNING,4.3,4.0,16.3,18.1
3063,0.4953,0,NORMAL,4.2,2.3,8.1,12.3
3064,1.0,0,ANOMALY,9.1,21.6,7.0,12.3
3065,0.4476,0,NORMAL,4.2,2.8,7.3,12.7
3066,0.4789,0,NORMAL,4.2,3.1,7.7,12.5
3067,0.6689,0,WARNING,4.4,4.2,16.8,18.1
3068,0.4585,0,NORMAL,4.3,2.5,8.2,12.2
3069,0.4732,0,NORMAL,4.3,2.5,6.6,12.2
3070,0.9953,0,WARNING,4.2,2.5,6.9,15.1
3071,0.4546,0,NORMAL,4.2,2.8,6.4,12.0
3072,0.612,0,WARNING,4.3,3.5,14.9,17.1
3073,0.41,0,NORMAL,4.2,2.4,7.8,11.9
3074,1.0,0,ANOMALY,9.8,22.6,6.0,11.9
3075,0.4343,0,NORMAL,4.2,2.2,6.1,11.9
3076,0.392,0,NORMAL,4.1,2.3,5.6,11.4
3077,0.6129,0,WARNING,4.2,3.3,14.9,17.2
3078,0.4987,0,NORMAL,4.2,2.7,7.8,11.9
3079,0.4152,0,NORMAL,4.3,2.6,6.0,11.9
3080,0.4484,0,NORMAL,4.3,3.0,5.9,11.5
3081,0.4304,0,NORMAL,4.3,2.0,5.8,11.7
3082,0.608,0,WARNING,4.4,3.5,14.6,16.9
3083,0.3101,0,NORMAL,4.3,2.7,7.2,11.3
3084,1.0,0,ANOMALY,10.1,22.8,5.3,11.4
3085,0.4792,0,NORMAL,4.3,2.0,5.3,11.5
3086,0.3331,0,NORMAL,4.3,2.7,5.4,11.2
3087,0.5788,0,NORMAL,4.4,3.1,13.8,16.5
3088,0.4217,0,NORMAL,4.3,3.4,7.8,12.0
3089,0.3967,0,NORMAL,4.3,3.0,5.4,11.4
3090,0.4075,0,NORMAL,4.4,3.3,5.5,11.4
3091,0.4064,0,NORMAL,4.4,2.9,5.2,11.2
3092,0.5044,0,NORMAL,4.4,3.3,11.2,14.9
3093,0.4131,0,NORMAL,4.4,3.0,9.8,13.5
3094,1.0,0,ANOMALY,9.0,21.0,5.5,11.4
3095,0.4538,0,NORMAL,4.4,2.2,5.1,11.2
3096,0.3457,0,NORMAL,4.4,2.6,5.3,11.1
3097,0.4803,0,NORMAL,4.4,2.8,8.4,13.1
3098,0.4656,0,NORMAL,4.4,3.2,11.7,14.9
3099,0.3716,0,NORMAL,4.4,2.7,5.3,11.2
3100,0.9967,0,WARNING,4.4,2.5,5.0,13.7
3101,0.4469,0,NORMAL,4.4,2.8,5.1,11.1
3102,0.5241,0,NORMAL,4.4,2.9,6.5,12.1
3103,0.8536,0,WARNING,4.7,4.5,14.1,16.6
3104,1.0,0,ANOMALY,9.8,22.4,6.4,11.9
3105,0.5047,0,NORMAL,4.4,3.0,5.5,11.4
3106,0.658,0,WARNING,4.5,3.2,4.7,10.6
3107,0.297,0,NORMAL,4.4,2.5,5.0,11.2
3108,0.5901,0,NORMAL,4.5,3.3,14.0,16.6
3109,0.4895,0,NORMAL,4.5,2.8,5.2,11.0
3110,0.2822,0,NORMAL,4.5,2.2,4.8,10.9
3111,0.3299,0,NORMAL,4.5,2.4,4.8,10.8
3112,0.3354,0,NORMAL,4.5,2.8,4.8,10.8
3113,0.7728,0,WARNING,4.5,4.6,13.4,16.2
3114,1.0,0,ANOMALY,10.0,21.8,5.6,10.9
3115,0.5202,0,NORMAL,4.4,2.6,4.6,10.5
3116,0.4761,0,NORMAL,4.6,4.5,4.5,10.5
3117,0.5335,0,NORMAL,4.6,3.9,4.9,11.1
3118,0.5873,0,NORMAL,4.6,3.8,13.7,16.4
3119,0.2904,0,NORMAL,4.5,2.4,6.3,11.1
3120,0.3102,0,NORMAL,4.5,2.4,4.9,11.1
3121,0.343,0,NORMAL,4.5,2.3,5.0,10.7
3122,0.368,0,NORMAL,4.5,2.7,5.3,11.1
3123,0.588,0,NORMAL,4.6,3.5,13.8,16.1
3124,1.0,0,ANOMALY,6.9,17.5,6.2,10.8
3125,0.345,0,NORMAL,4.5,2.7,4.3,10.3
3126,0.3156,0,NORMAL,4.5,2.4,4.3,10.2
3127,0.2892,0,NORMAL,4.5,2.4,4.4,10.8
3128,0.5629,0,NORMAL,4.6,3.6,13.2,15.9
3129,0.2749,0,NORMAL,4.6,2.3,5.8,10.3
3130,0.9932,0,WARNING,4.7,2.2,4.0,12.9
3131,0.2741,0,NORMAL,4.7,2.0,4.1,10.0
3132,0.2481,0,NORMAL,4.7,2.7,4.4,10.3
3133,0.558,0,NORMAL,4.7,3.2,13.2,15.8
3134,1.0,0,ANOMALY,9.4,20.9,6.1,10.4
3135,0.4437,0,NORMAL,4.7,2.2,4.1,10.1
3136,0.3303,0,NORMAL,4.7,2.5,4.2,10.1
3137,0.2582,0,NORMAL,4.7,2.8,4.2,10.4
3138,0.5394,0,NORMAL,4.7,3.9,12.6,15.6
3139,0.3033,0,NORMAL,4.7,2.4,6.3,10.6
3140,0.302,0,NORMAL,4.6,2.8,4.3,10.1
3141,0.2263,0,NORMAL,4.6,1.9,4.0,9.8
3142,0.2091,0,NORMAL,4.6,2.5,3.9,10.1
3143,0.4064,0,NORMAL,4.7,2.7,9.9,13.7
3144,1.0,0,ANOMALY,9.8,22.4,8.1,11.8
3145,0.6232,0,WARNING,4.7,3.3,3.9,10.0
3146,0.2673,0,NORMAL,4.6,2.3,3.9,9.7
3147,0.2095,0,NORMAL,4.7,2.7,3.7,9.7
3148,0.2263,0,NORMAL,4.8,2.9,6.8,11.8
3149,0.3847,0,NORMAL,4.7,3.8,9.9,13.3
3150,0.2185,0,NORMAL,4.5,2.4,3.6,9.5
3151,0.212,0,NORMAL,4.5,2.2,3.6,9.5
3152,0.2243,0,NORMAL,4.5,2.5,3.6,9.5
3153,0.2584,0,NORMAL,4.5,2.5,4.0,9.7
3154,1.0,0,ANOMALY,8.9,21.3,12.2,14.8
3155,0.5858,0,NORMAL,4.7,2.3,3.5,9.3
3156,0.3451,0,NORMAL,4.7,2.0,3.5,9.3
3157,0.3483,0,NORMAL,4.7,2.4,3.6,9.4
3158,0.3067,0,NORMAL,4.7,2.3,3.6,9.4
3159,0.5371,0,NORMAL,4.8,3.5,12.4,14.9
3160,0.9967,0,WARNING,4.7,2.0,3.9,12.1
3161,0.3468,0,NORMAL,4.6,2.6,3.4,9.0
3162,0.1499,0,NORMAL,4.7,2.7,3.4,9.3
3163,0.1659,0,NORMAL,4.5,1.9,3.4,9.3
3164,1.0,0,ANOMALY,11.4,24.6,12.4,14.8
3165,0.6647,0,WARNING,4.5,2.3,4.4,9.3
3166,0.2299,0,NORMAL,4.5,2.3,3.5,9.1
3167,0.1378,0,NORMAL,4.5,1.9,3.4,9.2
3168,0.1501,0,NORMAL,4.5,2.4,3.3,9.2
3169,0.5325,0,NORMAL,4.7,3.7,12.4,14.5
3170,0.3109,0,NORMAL,4.6,2.0,4.7,9.0
3171,0.1558,0,NORMAL,4.6,2.4,3.4,9.2
3172,0.167,0,NORMAL,4.5,2.4,3.1,9.1
3173,0.1762,0,NORMAL,4.5,1.9,3.2,9.1
3174,1.0,0,ANOMALY,7.3,18.5,12.1,14.5
3175,0.5077,0,NORMAL,4.5,2.2,5.1,9.2
3176,0.1561,0,NORMAL,4.5,2.4,3.2,8.8
3177,0.1813,0,NORMAL,4.5,2.3,3.4,9.0
3178,0.3075,0,NORMAL,4.5,2.7,3.3,8.9
3179,0.522,0,NORMAL,4.6,4.0,12.1,14.3
3180,0.2803,0,NORMAL,4.5,2.2,4.9,8.8
3181,0.1592,0,NORMAL,4.5,2.3,3.1,8.7
3182,0.1844,0,NORMAL,4.5,2.2,3.2,8.8
3183,0.1813,0,NORMAL,4.4,1.7,3.0,8.7
3184,1.0,0,ANOMALY,10.4,23.8,11.9,14.3
3185,0.6611,0,WARNING,4.4,2.5,4.7,8.4
3186,0.2181,0,NORMAL,4.4,2.5,3.0,8.5
3187,0.1935,0,NORMAL,4.5,2.1,3.0,8.6
3188,0.2032,0,NORMAL,4.5,2.7,2.9,8.5
3189,0.5049,0,NORMAL,4.5,3.2,11.6,13.8
3190,0.9953,0,WARNING,4.5,2.5,5.1,11.4
3191,0.3309,0,NORMAL,4.4,2.5,2.9,8.3
3192,0.2551,0,NORMAL,4.4,2.8,2.9,8.3
3193,0.9918,0,WARNING,4.8,5.2,2.9,8.1
3194,1.0,0,ANOMALY,7.2,18.5,8.9,11.8
3195,0.3933,0,NORMAL,4.4,2.9,6.9,10.1
3196,0.2943,0,NORMAL,4.4,2.8,2.9,8.1
3197,0.2963,0,NORMAL,4.4,2.1,3.0,8.2
3198,0.3044,0,NORMAL,4.4,2.8,2.9,8.2
3199,0.3055,0,NORMAL,4.5,2.8,6.1,10.2
3200,0.3403,0,NORMAL,4.5,3.3,9.1,11.5
3201,0.2888,0,NORMAL,4.4,2.0,2.9,7.9
3202,0.2767,0,NORMAL,4.4,2.7,2.8,7.9
3203,0.278,0,NORMAL,4.4,2.1,2.8,8.0
3204,1.0,0,ANOMALY,8.3,19.6,3.4,8.3
3205,0.4941,0,NORMAL,4.5,3.1,11.5,13.4
3206,0.3511,0,NORMAL,4.4,2.7,3.0,8.1
3207,0.2748,0,NORMAL,4.4,2.0,3.7,8.6
3208,0.2692,0,NORMAL,4.5,3.0,3.9,8.8
3209,0.3874,0,NORMAL,4.5,2.8,3.8,8.4
3210,0.5462,0,NORMAL,4.5,3.3,12.7,13.7
3211,0.3005,0,NORMAL,4.4,1.8,3.5,8.0
3212,0.9722,0,WARNING,4.8,4.9,2.7,7.8
3213,0.3172,0,NORMAL,4.4,2.5,2.8,7.8
3214,1.0,0,ANOMALY,8.4,19.5,2.6,7.6
3215,0.5021,0,NORMAL,4.5,4.1,11.5,13.2
3216,0.3198,0,NORMAL,4.4,2.4,2.5,7.6
3217,0.2957,0,NORMAL,4.4,1.8,2.7,7.7
3218,0.3042,0,NORMAL,4.5,2.4,2.5,7.6
3219,0.3122,0,NORMAL,4.4,2.1,2.6,7.8
3220,0.9986,0,WARNING,4.5,3.1,11.4,16.1
3221,0.5324,0,NORMAL,4.4,2.4,2.6,7.5
3222,0.3102,0,NORMAL,4.5,2.9,2.5,7.6
3223,0.3248,0,NORMAL,4.5,2.5,2.4,7.4
3224,1.0,0,ANOMALY,9.0,20.2,2.5,7.6
3225,0.5021,0,NORMAL,4.5,3.2,11.4,12.9
3226,0.3,0,NORMAL,4.5,2.6,2.5,7.4
3227,0.2891,0,NORMAL,4.5,1.8,2.7,7.5
3228,0.2489,0,NORMAL,4.5,2.2,2.6,7.6
3229,0.2285,0,NORMAL,4.5,2.0,2.5,7.5
3230,0.4911,0,NORMAL,4.7,3.6,11.2,12.8
3231,0.3207,0,NORMAL,4.6,2.3,3.0,7.4
3232,0.2044,0,NORMAL,4.6,2.7,2.5,7.4
3233,0.6436,0,WARNING,4.7,3.4,2.4,7.3
3234,1.0,0,ANOMALY,7.9,18.4,2.5,7.4
3235,0.502,0,NORMAL,4.7,3.3,11.5,12.9
3236,0.3442,0,NORMAL,4.6,2.5,2.8,7.4
3237,0.2476,0,NORMAL,4.6,2.1,2.6,7.6
3238,0.2862,0,NORMAL,4.6,2.6,2.5,7.3
3239,0.2363,0,NORMAL,4.6,2.4,2.3,7.4
3240,0.4695,0,NORMAL,4.7,3.1,10.8,12.4
3241,0.2614,0,NORMAL,4.5,2.1,3.6,7.4
3242,0.2491,0,NORMAL,4.5,1.7,2.5,7.4
3243,0.2727,0,NORMAL,4.6,1.3,2.5,7.4
3244,1.0,0,ANOMALY,8.1,19.1,2.4,7.4
3245,0.3542,0,NORMAL,4.6,3.0,8.4,11.0
3246,0.2685,0,NORMAL,4.5,2.5,5.2,9.1
3247,0.2617,0,NORMAL,4.6,1.6,2.5,7.5
3248,0.2775,0,NORMAL,4.5,2.3,2.6,7.4
3249,0.2718,0,NORMAL,4.6,2.1,2.4,7.3
3250,0.9967,0,WARNING,4.6,2.4,6.1,12.4
3251,0.4337,0,NORMAL,4.7,2.9,7.9,10.7
3252,0.2547,0,NORMAL,4.6,1.9,2.5,7.4
3253,0.2421,0,NORMAL,4.6,1.5,2.4,7.2
3254,1.0,0,ANOMALY,9.0,19.9,2.3,7.4
3255,0.3491,0,NORMAL,4.6,2.0,2.9,7.6
3256,0.4643,0,NORMAL,4.7,2.7,10.0,12.3
3257,0.3214,0,NORMAL,4.6,2.7,2.4,7.3
3258,0.2189,0,NORMAL,4.7,2.1,2.3,7.4
3259,0.2207,0,NORMAL,4.6,1.9,2.4,7.2
3260,0.2263,0,NORMAL,4.7,1.6,2.3,7.2
3261,0.4963,0,NORMAL,4.8,2.8,11.2,12.7
3262,0.2969,0,NORMAL,4.7,1.8,2.5,7.3
3263,0.4778,0,NORMAL,4.7,2.3,2.3,7.2
3264,1.0,0,ANOMALY,10.2,22.1,2.4,7.2
3265,0.4534,0,NORMAL,4.6,2.0,2.4,7.3
3266,0.4968,0,NORMAL,4.8,2.5,11.3,12.7
3267,0.2378,0,NORMAL,4.7,1.8,2.5,7.2
3268,0.2477,0,NORMAL,4.6,2.0,2.4,7.4
3269,0.3639,0,NORMAL,4.7,2.5,2.5,7.4
3270,0.2792,0,NORMAL,4.6,2.6,2.3,7.1
3271,0.4911,0,NORMAL,4.7,2.3,11.2,12.7
3272,0.4964,0,NORMAL,4.6,2.8,2.4,7.2
3273,0.2913,0,NORMAL,4.6,1.9,2.4,7.2
3274,1.0,0,ANOMALY,8.5,19.4,2.4,7.2
3275,0.336,0,NORMAL,4.7,2.2,2.3,7.0
3276,0.4914,0,NORMAL,4.8,2.9,11.1,12.6
3277,0.2443,0,NORMAL,4.7,2.0,2.3,7.1
3278,0.2718,0,NORMAL,4.7,2.2,2.2,7.0
3279,0.1983,0,NORMAL,4.7,1.7,2.3,7.1
3280,0.9923,0,WARNING,4.7,2.1,2.3,10.0
3281,0.4963,0,NORMAL,4.9,3.4,11.2,12.6
3282,0.3206,0,NORMAL,4.8,2.2,2.3,7.2
3283,0.2167,0,NORMAL,4.8,1.5,2.5,7.4
3284,1.0,0,ANOMALY,10.3,22.1,2.3,7.0
3285,0.415,0,NORMAL,4.8,1.9,2.4,7.2
3286,0.4968,0,NORMAL,4.9,3.0,11.3,12.7
3287,0.4782,0,NORMAL,4.8,3.0,2.9,7.3
3288,0.2177,0,NORMAL,4.8,2.2,2.5,7.2
3289,0.2168,0,NORMAL,4.8,1.8,2.5,7.2
3290,0.199,0,NORMAL,4.8,2.4,2.4,7.1
3291,0.4858,0,NORMAL,4.9,2.8,11.0,12.5
3292,0.2686,0,NORMAL,4.8,1.9,3.4,7.5
3293,0.1972,0,NORMAL,4.8,2.0,2.7,7.4
3294,1.0,0,ANOMALY,7.6,18.1,2.5,7.3
3295,0.2659,0,NORMAL,4.8,2.0,2.3,7.0
3296,0.3473,0,NORMAL,4.8,2.3,8.3,10.7
3297,0.1961,0,NORMAL,4.8,2.1,5.5,9.1
3298,0.196,0,NORMAL,4.8,1.5,2.8,7.5
3299,0.2166,0,NORMAL,4.8,1.7,2.5,7.2
3300,0.199,0,NORMAL,4.8,2.5,2.4,7.3
3301,0.2035,0,NORMAL,4.8,1.8,5.7,9.4
3302,0.3201,0,NORMAL,4.9,3.2,8.0,10.7
3303,0.8514,0,WARNING,5.0,3.7,2.5,7.3
3304,1.0,0,ANOMALY,10.5,22.3,2.5,7.4
3305,0.4703,0,NORMAL,4.9,2.2,2.5,7.2
3306,0.2864,0,NORMAL,4.9,1.6,3.0,7.6
3307,0.4753,0,NORMAL,5.0,3.3,10.3,12.4
3308,0.1819,0,NORMAL,4.9,2.3,2.5,7.1
3309,0.2258,0,NORMAL,4.9,1.5,2.4,7.3
3310,0.994,0,WARNING,4.9,1.9,2.5,10.0
3311,0.2436,0,NORMAL,4.9,1.5,2.4,7.3
3312,0.4911,0,NORMAL,5.0,3.0,11.0,12.7
3313,0.2357,0,NORMAL,4.9,1.3,2.5,7.3
3314,1.0,0,ANOMALY,7.8,17.8,2.3,7.1
3315,0.2198,0,NORMAL,4.9,2.1,2.3,7.1
3316,0.2222,0,NORMAL,4.9,1.2,2.4,7.3
3317,0.4913,0,NORMAL,5.0,3.0,11.2,12.6
3318,0.2298,0,NORMAL,4.9,2.4,2.4,7.3
3319,0.3291,0,NORMAL,4.9,2.1,2.3,7.2
3320,0.1933,0,NORMAL,4.9,2.0,2.3,7.2
3321,0.2011,0,NORMAL,4.9,1.3,2.4,7.3
3322,0.491,0,NORMAL,5.0,3.1,11.1,12.6
3323,0.2991,0,NORMAL,4.9,1.7,2.3,7.0
3324,1.0,0,ANOMALY,11.4,23.2,3.4,7.9
3325,0.5346,0,NORMAL,4.9,2.4,3.8,7.9
3326,0.1497,0,NORMAL,4.9,1.9,3.2,7.5
3327,0.5604,0,NORMAL,5.1,3.5,12.9,13.4
3328,0.3108,0,NORMAL,5.0,2.0,5.0,7.4
3329,0.1489,0,NORMAL,5.1,2.1,2.6,7.3
3330,0.1642,0,NORMAL,5.0,2.6,2.5,7.3
3331,0.1777,0,NORMAL,4.9,1.9,2.3,7.1
3332,0.4964,0,NORMAL,5.0,3.0,11.2,12.8
3333,0.2908,0,NORMAL,4.9,2.4,2.4,7.2
3334,1.0,0,ANOMALY,8.9,19.3,2.3,7.2
3335,0.3428,0,NORMAL,5.0,1.8,2.5,7.2
3336,0.4146,0,NORMAL,5.1,1.5,2.3,6.9
3337,0.4966,0,NORMAL,5.2,3.2,11.3,12.6
3338,0.5013,0,NORMAL,5.2,3.2,3.4,7.3
3339,0.3345,0,NORMAL,5.1,2.0,1.9,7.3
3340,0.9967,0,WARNING,5.1,2.3,2.0,10.0
3341,0.2496,0,NORMAL,5.1,2.4,2.0,7.0
3342,0.4858,0,NORMAL,5.2,3.3,10.8,12.5
3343,0.2374,0,NORMAL,5.1,2.2,3.5,7.4
3344,1.0,0,ANOMALY,10.0,21.3,2.4,7.3
3345,0.3915,0,NORMAL,5.2,1.9,2.5,7.2
3346,0.3709,0,NORMAL,5.2,2.4,2.4,7.2
3347,0.354,0,NORMAL,5.3,2.5,8.4,11.0
3348,0.254,0,NORMAL,5.2,2.6,6.0,9.0
3349,0.1625,0,NORMAL,5.2,1.9,2.3,7.3
3350,0.1744,0,NORMAL,5.2,2.3,2.3,7.1
3351,0.6582,0,WARNING,5.3,2.7,2.3,7.1
3352,0.821,0,WARNING,5.3,3.4,5.5,9.0
3353,0.3401,0,NORMAL,5.3,2.4,8.5,10.8
3354,1.0,0,ANOMALY,9.2,19.6,2.3,7.3
3355,0.4084,0,NORMAL,5.2,1.8,2.3,7.3
3356,0.1603,0,NORMAL,5.1,2.6,2.5,7.2
3357,0.1733,0,NORMAL,5.2,2.1,3.1,7.6
3358,0.4696,0,NORMAL,5.3,3.1,10.7,12.4
3359,0.2375,0,NORMAL,5.2,2.2,2.3,7.1
3360,0.1785,0,NORMAL,5.2,2.2,2.4,7.2
3361,0.1876,0,NORMAL,5.2,2.0,2.4,7.1
3362,0.1953,0,NORMAL,5.2,2.4,2.4,7.3
3363,0.4963,0,NORMAL,5.3,2.9,11.1,12.7
3364,1.0,0,ANOMALY,10.0,20.4,2.4,7.3
3365,0.4798,0,NORMAL,5.2,1.6,2.4,7.1
3366,0.2003,0,NORMAL,5.2,1.9,2.3,7.0
3367,0.2381,0,NORMAL,5.1,1.9,2.5,7.2
3368,0.4965,0,NORMAL,5.3,3.5,11.2,12.7
3369,0.2257,0,NORMAL,5.2,2.3,2.5,7.3
3370,0.998,0,WARNING,5.2,2.4,2.5,10.1
3371,0.2792,0,NORMAL,5.2,1.9,2.4,7.2
3372,0.1705,0,NORMAL,5.2,2.1,2.3,7.1
3373,0.4963,0,NORMAL,5.3,3.4,11.2,12.7
3374,1.0,0,ANOMALY,9.0,19.4,2.4,7.1
3375,0.3509,0,NORMAL,5.2,2.2,2.3,7.0
3376,0.1598,0,NORMAL,5.2,1.6,2.4,7.1
3377,0.1741,0,NORMAL,5.2,2.4,2.4,7.1
3378,0.4912,0,NORMAL,5.3,3.8,11.2,12.8
3379,0.2609,0,NORMAL,5.2,2.0,2.3,7.0
3380,0.1802,0,NORMAL,5.1,2.4,2.4,7.0
3381,0.2007,0,NORMAL,5.2,2.4,2.3,6.9
3382,0.1984,0,NORMAL,5.1,2.4,2.1,6.8
3383,0.4857,0,NORMAL,5.3,2.8,11.0,12.5
3384,1.0,0,ANOMALY,10.0,20.5,2.2,7.0
3385,0.4734,0,NORMAL,5.2,2.3,2.3,7.0
3386,0.1908,0,NORMAL,5.2,2.0,2.4,7.1
3387,0.1777,0,NORMAL,5.2,2.2,2.3,7.1
3388,0.4965,0,NORMAL,5.3,3.5,11.2,12.6
3389,0.2284,0,NORMAL,5.4,2.3,2.7,7.1
3390,0.3079,0,NORMAL,5.4,2.7,2.5,7.0
3391,0.1866,0,NORMAL,5.2,2.0,2.3,7.1
3392,0.2871,0,NORMAL,5.2,2.5,2.4,7.2
3393,0.4804,0,NORMAL,5.4,2.5,10.9,12.4
3394,1.0,0,ANOMALY,9.9,20.6,3.5,7.4
3395,0.468,0,NORMAL,5.3,2.4,2.5,7.2
3396,0.1509,0,NORMAL,5.3,2.0,2.4,7.0
3397,0.2214,0,NORMAL,5.2,2.2,2.4,7.1
3398,0.3671,0,NORMAL,5.4,2.9,8.6,11.0
3399,0.3854,0,NORMAL,5.4,3.2,6.1,9.0
3400,0.9977,0,WARNING,5.3,2.8,2.6,10.3
3401,0.3121,0,NORMAL,5.3,1.8,2.4,7.2
3402,0.1611,0,NORMAL,5.3,2.7,2.5,7.1
3403,0.7475,0,WARNING,5.4,3.5,5.8,9.2
3404,1.0,0,WARNING,7.3,17.4,7.2,10.5
3405,0.3407,0,NORMAL,5.3,2.0,2.3,6.9
3406,0.1697,0,NORMAL,5.3,2.1,2.4,7.0
3407,0.1802,0,NORMAL,5.3,2.0,2.4,7.0
3408,0.1891,0,NORMAL,5.3,2.0,2.8,7.1
3409,0.4695,0,NORMAL,5.3,2.8,10.7,12.0
3410,0.2636,0,NORMAL,5.3,2.2,2.3,6.8
3411,0.1865,0,NORMAL,5.3,2.1,2.2,6.6
3412,0.1963,0,NORMAL,5.2,2.4,2.5,7.0
3413,0.205,0,NORMAL,5.2,2.0,2.2,6.7
3414,1.0,0,ANOMALY,10.1,21.8,10.9,12.3
3415,0.6035,0,WARNING,5.2,1.5,2.3,6.6
3416,0.2413,0,NORMAL,5.2,3.0,2.4,7.0
3417,0.1697,0,NORMAL,5.3,2.1,2.5,7.1
3418,0.1799,0,NORMAL,5.3,2.4,2.2,6.6
3419,0.4912,0,NORMAL,5.4,2.9,11.1,12.2
3420,0.248,0,NORMAL,5.3,2.1,2.3,6.7
3421,0.2666,0,NORMAL,5.3,2.0,2.5,6.8
3422,0.2932,0,NORMAL,5.4,2.1,2.4,6.6
3423,0.1987,0,NORMAL,5.4,2.2,2.3,6.8
3424,1.0,0,ANOMALY,8.6,19.4,11.2,12.3
3425,0.5435,0,NORMAL,5.4,2.4,2.4,6.7
3426,0.4746,0,NORMAL,5.5,2.6,2.5,6.8
3427,0.4454,0,NORMAL,5.5,2.8,2.3,6.7
3428,0.1849,0,NORMAL,5.4,2.2,2.4,6.9
3429,0.4964,0,NORMAL,5.5,3.0,11.2,12.2
3430,0.9977,0,WARNING,5.4,2.4,2.3,9.7
3431,0.3392,0,NORMAL,5.3,2.1,2.5,6.9
3432,0.1666,0,NORMAL,5.4,2.1,2.7,7.1
3433,0.176,0,NORMAL,5.4,1.7,2.4,6.8
3434,1.0,0,ANOMALY,10.9,22.3,11.2,12.2
3435,0.607,0,WARNING,5.4,1.9,2.8,7.0
3436,0.1341,0,NORMAL,5.4,1.7,2.5,6.9
3437,0.3255,0,NORMAL,5.5,1.9,2.5,6.7
3438,0.4834,0,NORMAL,5.5,2.1,2.3,6.7
3439,0.6468,0,WARNING,5.7,2.9,11.2,12.3
3440,0.6826,0,WARNING,5.6,2.1,2.6,6.9
3441,0.593,0,NORMAL,5.5,2.3,2.3,6.6
3442,0.5124,0,NORMAL,5.6,2.8,2.4,6.8
3443,0.442,0,NORMAL,5.4,1.5,2.4,6.7
3444,1.0,0,ANOMALY,7.9,18.0,11.0,12.3
3445,0.4913,0,NORMAL,5.4,2.2,2.8,6.9
3446,0.2383,0,NORMAL,5.4,1.9,2.3,6.7
3447,0.1927,0,NORMAL,5.4,2.2,2.8,7.0
3448,0.2322,0,NORMAL,5.4,2.3,2.6,6.9
3449,0.367,0,NORMAL,5.5,2.0,7.7,10.4
3450,0.202,0,NORMAL,5.5,2.7,5.5,8.4
3451,0.1726,0,NORMAL,5.4,2.1,2.6,6.9
3452,0.1797,0,NORMAL,5.4,2.6,2.7,7.0
3453,0.2201,0,NORMAL,5.4,1.9,2.5,6.6
3454,1.0,0,ANOMALY,10.2,20.8,5.5,8.7
3455,0.4895,0,NORMAL,5.5,2.9,7.7,9.8
3456,0.2282,0,NORMAL,5.4,1.8,2.5,6.5
3457,0.7594,0,WARNING,5.4,3.4,2.6,6.8
3458,0.2033,0,NORMAL,5.4,1.8,2.6,6.7
3459,0.2256,0,NORMAL,5.4,1.5,3.2,7.1
3460,0.9982,0,WARNING,5.5,2.6,9.8,14.5
3461,0.4876,0,NORMAL,5.5,2.7,2.4,6.5
3462,0.2175,0,NORMAL,5.5,2.3,2.6,6.8
3463,0.2393,0,NORMAL,5.5,1.9,2.5,6.8
3464,1.0,0,ANOMALY,9.0,18.5,2.6,6.8
3465,0.5173,0,NORMAL,5.6,2.7,10.0,11.8
3466,0.2448,0,NORMAL,5.5,1.8,2.4,6.5
3467,0.1645,0,NORMAL,5.5,2.0,2.5,6.7
3468,1.0,0,ANOMALY,5.5,1.9,2.5,8.7
3469,0.3865,0,NORMAL,5.5,1.5,2.4,6.4
3470,0.5016,0,NORMAL,5.6,2.6,9.6,11.4
3471,0.2133,0,NORMAL,5.5,2.0,2.4,6.5
3472,0.1837,0,NORMAL,5.6,2.4,2.4,6.5
3473,0.1933,0,NORMAL,5.6,1.5,2.2,6.5
3474,1.0,0,ANOMALY,10.5,20.6,2.3,6.5
3475,0.5021,0,NORMAL,5.7,2.2,9.5,11.4
3476,0.2766,0,NORMAL,5.7,2.2,2.2,6.3
3477,0.1589,0,NORMAL,5.6,1.8,2.3,6.5
3478,0.2164,0,NORMAL,5.6,1.9,2.4,6.3
3479,0.2367,0,NORMAL,5.6,2.0,2.1,6.3
3480,0.5016,0,NORMAL,5.7,2.3,9.5,11.4
3481,0.2047,0,NORMAL,5.7,2.0,2.4,6.2
3482,0.1857,0,NORMAL,5.7,1.5,2.2,6.1
3483,0.1937,0,NORMAL,5.7,1.6,2.2,6.1
3484,1.0,0,ANOMALY,9.8,19.4,2.1,6.1
3485,0.502,0,NORMAL,5.8,1.8,9.7,11.3
3486,0.2907,0,NORMAL,5.7,2.0,2.6,6.0
3487,0.1658,0,NORMAL,5.7,1.9,2.3,6.0
3488,0.2257,0,NORMAL,5.6,1.5,2.2,6.1
3489,0.3275,0,NORMAL,5.7,2.1,2.2,6.1
3490,0.9992,0,WARNING,5.8,2.7,9.6,14.5
3491,0.5014,0,NORMAL,5.7,1.8,2.3,5.8
3492,0.3452,0,NORMAL,5.6,2.4,2.2,6.0
3493,0.1834,0,NORMAL,5.6,1.4,2.1,6.0
3494,1.0,0,ANOMALY,9.9,19.6,2.2,6.0
3495,0.4915,0,NORMAL,5.7,1.6,9.5,11.2
3496,0.234,0,NORMAL,5.6,2.2,3.0,5.9
3497,0.1601,0,NORMAL,5.6,1.7,2.2,6.0
3498,0.1749,0,NORMAL,5.6,1.8,2.2,5.9
3499,0.2479,0,NORMAL,5.6,1.5,2.2,5.9
3500,0.3669,0,NORMAL,5.6,1.8,7.3,9.4
3501,0.1894,0,NORMAL,5.6,1.9,5.1,7.4
3502,0.1827,0,NORMAL,5.6,1.6,2.1,5.7
3503,0.1924,0,NORMAL,5.6,1.6,2.1,5.7
3504,1.0,0,ANOMALY,9.3,18.9,1.9,5.8
3505,0.3651,0,NORMAL,5.6,1.8,4.8,7.6
3506,0.3266,0,NORMAL,5.6,1.9,6.8,9.1
3507,0.17,0,NORMAL,5.7,2.0,2.2,5.8
3508,0.3072,0,NORMAL,5.7,1.9,1.9,5.5
3509,0.193,0,NORMAL,5.7,1.8,1.9,5.5
3510,0.203,0,NORMAL,5.7,1.8,2.6,6.0
3511,0.4582,0,NORMAL,5.8,2.7,8.8,10.3
3512,0.2179,0,NORMAL,5.7,1.8,1.9,5.7
3513,0.2387,0,NORMAL,5.7,1.4,1.9,5.6
3514,1.0,0,ANOMALY,8.8,18.3,2.0,5.6
3515,0.3071,0,NORMAL,5.6,1.9,1.9,5.5
3516,0.4913,0,NORMAL,5.6,2.3,9.2,10.5
3517,0.1782,0,NORMAL,5.6,1.9,2.0,5.4
3518,0.1929,0,NORMAL,5.7,1.9,1.9,5.5
3519,0.1983,0,NORMAL,5.7,1.9,2.5,5.9
3520,0.9958,0,WARNING,5.7,2.3,2.8,8.8
3521,0.5365,0,NORMAL,5.8,2.4,10.4,11.2
3522,0.2936,0,NORMAL,5.7,2.1,3.7,5.9
3523,0.2853,0,NORMAL,5.7,1.7,2.3,5.4
3524,1.0,0,ANOMALY,8.7,17.8,1.9,5.1
3525,0.1966,0,NORMAL,5.7,1.8,1.9,5.1
3526,0.4914,0,NORMAL,5.7,1.9,9.3,10.4
3527,0.1725,0,NORMAL,5.7,1.5,1.8,5.1
3528,0.1829,0,NORMAL,5.7,1.7,1.8,5.2
3529,0.1948,0,NORMAL,5.6,1.6,1.9,5.2
3530,0.2046,0,NORMAL,5.6,2.2,1.8,5.1
3531,0.4857,0,NORMAL,5.6,1.9,9.3,10.2
3532,0.2061,0,NORMAL,5.6,1.7,1.8,5.0
3533,0.2026,0,NORMAL,5.6,1.5,1.8,4.9
3534,1.0,0,ANOMALY,11.9,22.5,1.8,5.0
3535,0.5043,0,NORMAL,5.7,1.6,1.7,5.0
3536,0.4914,0,NORMAL,5.7,2.9,9.4,10.5
3537,0.6801,0,WARNING,3.2,1.8,3.0,6.2
3538,0.2319,0,NORMAL,0.7,1.8,2.0,5.2
3539,0.3388,0,NORMAL,0.7,2.1,1.8,5.0
3540,0.2885,0,NORMAL,0.7,1.5,1.7,4.8
3541,0.4857,0,NORMAL,0.7,1.6,9.4,10.1
3542,0.3199,0,NORMAL,0.7,1.6,1.7,4.8
3543,0.3376,0,NORMAL,0.7,1.5,1.5,4.7
3544,1.0,0,ANOMALY,2.8,16.1,1.6,4.7
3545,0.3472,0,NORMAL,0.7,2.1,1.6,4.7
3546,0.4859,0,NORMAL,0.7,2.2,9.3,9.8
3547,0.3453,0,NORMAL,0.7,1.4,2.2,4.7
3548,0.35,0,NORMAL,0.7,1.6,1.8,4.7
3549,0.3575,0,NORMAL,0.7,1.4,1.5,4.5
3550,0.9975,0,WARNING,0.7,1.9,1.6,7.6
3551,0.4112,0,NORMAL,0.7,2.0,7.9,9.0
3552,0.3388,0,NORMAL,0.7,2.4,3.3,5.7
3553,0.3434,0,NORMAL,0.7,1.3,1.7,4.6
3554,1.0,0,ANOMALY,5.3,20.1,1.8,4.7
3555,0.3631,0,NORMAL,0.7,1.8,1.5,4.4
3556,0.3404,0,NORMAL,0.7,2.0,4.8,6.6
3557,0.3441,0,NORMAL,0.7,1.9,6.1,7.5
3558,0.3425,0,NORMAL,0.7,1.9,1.6,4.6
3559,0.3519,0,NORMAL,0.7,2.1,1.7,4.6
3560,0.3598,0,NORMAL,0.8,2.0,1.6,4.4
3561,0.3672,0,NORMAL,0.8,1.3,2.0,4.8
3562,0.4468,0,NORMAL,0.7,2.2,8.6,9.1
3563,0.3565,0,NORMAL,0.7,1.5,1.7,4.4
3564,1.0,0,ANOMALY,4.1,18.1,1.5,4.3
3565,0.3449,0,NORMAL,0.7,1.9,1.6,4.5
3566,0.3523,0,NORMAL,0.7,2.0,1.5,4.3
3567,0.4912,0,NORMAL,0.7,2.1,9.0,9.7
3568,0.3475,0,NORMAL,0.8,1.8,1.7,4.5
3569,0.3547,0,NORMAL,0.8,1.9,1.5,4.4
3570,0.3615,0,NORMAL,0.7,2.0,1.5,4.2
3571,0.3677,0,NORMAL,0.9,1.9,1.5,4.5
3572,0.4802,0,NORMAL,0.8,2.5,9.1,9.6
3573,0.3557,0,NORMAL,0.7,1.8,1.5,4.6
3574,1.0,0,ANOMALY,5.7,20.3,1.5,4.9
3575,0.4341,0,NORMAL,0.8,1.9,1.5,4.9
3576,0.3369,0,NORMAL,0.8,1.8,1.7,5.3
3577,0.4859,0,NORMAL,0.8,2.5,9.3,10.2
3578,0.3315,0,NORMAL,0.8,2.2,1.7,5.6
3579,0.3373,0,NORMAL,0.7,2.3,1.4,4.1
3580,0.9977,0,WARNING,0.8,2.7,1.6,7.9
3581,0.3341,0,NORMAL,0.7,1.9,1.4,4.5
3582,0.4856,0,NORMAL,0.8,2.1,9.3,10.5
3583,0.3294,0,NORMAL,0.8,1.9,1.6,5.2
3584,1.0,0,ANOMALY,4.1,17.8,1.3,4.0
3585,0.3269,0,NORMAL,0.8,2.3,1.4,4.0
3586,0.4611,0,NORMAL,0.8,2.3,1.3,4.1
3587,0.4858,0,NORMAL,0.8,1.5,9.3,9.2
3588,0.3884,0,NORMAL,0.7,2.0,1.5,3.8
3589,0.3551,0,NORMAL,0.7,1.3,1.3,3.9
3590,0.3637,0,NORMAL,0.7,2.1,1.3,3.8
3591,0.3715,0,NORMAL,0.7,1.6,1.3,4.1
3592,0.4856,0,NORMAL,0.8,2.1,9.4,9.3
3593,0.359,0,NORMAL,0.8,1.6,1.4,3.8
3594,1.0,0,ANOMALY,6.4,21.8,1.3,3.8
3595,0.4619,0,NORMAL,0.8,2.2,1.3,3.7
3596,0.9999,0,WARNING,0.7,1.3,1.2,3.7
3597,0.4805,0,NORMAL,0.8,2.0,9.3,9.3
3598,0.3445,0,NORMAL,0.8,2.0,1.9,3.9
3599,0.3507,0,NORMAL,0.8,1.8,1.3,3.7
3600,0.3608,0,NORMAL,0.7,1.6,1.2,3.7
3601,0.369,0,NORMAL,0.7,1.5,1.2,3.7
3602,0.3925,0,NORMAL,0.7,2.3,7.8,8.1
3603,0.3643,0,NORMAL,0.7,2.1,2.8,4.6
3604,1.0,0,ANOMALY,2.7,15.8,1.3,3.7
3605,0.3598,0,NORMAL,0.7,1.6,1.2,3.7
3606,0.3664,0,NORMAL,0.7,1.8,1.2,3.7
3607,0.3724,0,NORMAL,0.7,1.6,4.8,6.1
3608,0.3694,0,NORMAL,0.7,2.6,5.8,6.7
3609,0.363,0,NORMAL,0.7,1.5,1.3,3.7
3610,0.9977,0,WARNING,0.7,2.1,1.8,7.5
3611,0.9999,0,WARNING,0.6,1.9,1.3,3.7
3612,0.3586,0,NORMAL,0.7,2.1,1.8,4.1
3613,0.4525,0,NORMAL,0.8,2.4,8.9,8.7
3614,1.0,0,ANOMALY,6.6,21.8,1.3,3.8
3615,0.4716,0,NORMAL,0.8,2.0,1.2,3.8
3616,0.334,0,NORMAL,0.8,2.0,1.3,3.7
3617,0.9999,0,WARNING,0.7,1.4,1.4,3.7
3618,0.4804,0,NORMAL,0.8,2.8,9.1,9.1
3619,0.3514,0,NORMAL,0.7,1.5,1.6,3.7
3620,0.9999,0,WARNING,0.6,1.8,1.2,3.6
3621,0.3697,0,NORMAL,0.7,1.5,1.3,3.6
3622,0.3757,0,NORMAL,0.7,2.3,1.3,3.8
3623,0.4802,0,NORMAL,0.7,2.3,9.3,9.0
3624,1.0,0,WARNING,2.5,15.8,1.3,3.6
3625,0.9999,0,WARNING,0.6,1.8,1.2,3.8
3626,0.9999,0,WARNING,0.6,1.7,1.2,3.5
3627,0.3697,0,NORMAL,0.7,1.4,1.2,3.5
3628,0.4857,0,NORMAL,0.7,2.6,9.3,8.8
3629,0.9999,0,WARNING,0.6,1.7,1.3,3.7
3630,0.9999,0,WARNING,0.7,1.9,1.2,3.5
3631,0.3731,0,NORMAL,0.8,2.0,1.4,3.7
3632,0.3771,0,NORMAL,0.7,2.2,1.3,3.6
3633,0.4856,0,NORMAL,0.7,1.9,9.3,9.0
3634,1.0,0,ANOMALY,6.2,21.7,1.3,3.5
3635,0.4873,0,NORMAL,0.7,2.2,1.2,3.5
3636,0.3437,0,NORMAL,0.7,2.0,1.3,3.6
3637,0.9999,0,WARNING,0.6,1.8,1.2,3.6
3638,0.4804,0,NORMAL,0.7,2.1,9.3,8.8
3639,0.9999,0,WARNING,0.6,1.5,1.3,3.5
3640,0.9989,0,WARNING,0.7,1.9,1.2,6.6
3641,0.3474,0,NORMAL,0.7,1.7,1.2,3.5
3642,0.3569,0,NORMAL,0.7,1.7,1.1,3.4
3643,0.4802,0,NORMAL,0.7,2.5,9.2,8.7
3644,1.0,0,ANOMALY,3.3,16.7,1.1,3.5
3645,0.9999,0,WARNING,0.6,2.9,1.1,3.5
3646,0.8391,0,WARNING,1.0,5.1,1.1,3.4
3647,0.9999,0,WARNING,0.6,1.8,1.1,3.4
3648,0.475,0,NORMAL,0.7,2.0,9.2,8.7
3649,0.3588,0,NORMAL,0.7,2.1,1.7,3.4
3650,0.9999,0,WARNING,0.6,1.7,1.0,3.4
3651,0.37,0,NORMAL,0.7,1.6,1.1,3.3
3652,0.9999,0,WARNING,0.6,1.8,1.2,3.4
3653,0.3925,0,NORMAL,0.7,2.3,7.7,7.7
3654,1.0,0,ANOMALY,6.3,21.1,2.9,4.6
3655,0.9999,0,WARNING,0.6,2.0,1.1,3.4
3656,0.342,0,NORMAL,0.7,1.6,1.1,3.2
3657,0.9999,0,WARNING,0.6,1.6,1.2,3.5
3658,0.365,0,NORMAL,0.7,2.3,4.8,5.7
3659,0.3657,0,NORMAL,0.7,2.5,5.8,6.3
3660,0.9999,0,WARNING,0.5,2.3,1.1,3.3
3661,0.9999,0,WARNING,0.5,1.6,1.2,3.3
3662,0.9999,0,WARNING,0.5,1.9,1.2,3.5
3663,0.9999,0,WARNING,0.6,1.5,1.8,3.7
3664,0.9966,0,WARNING,2.0,15.7,8.8,8.3
3665,0.9999,0,WARNING,0.7,2.3,1.1,3.4
3666,0.9999,0,WARNING,0.6,1.3,1.1,3.2
3667,0.9999,0,WARNING,0.6,1.6,1.2,3.3
3668,0.9999,0,WARNING,0.6,1.2,1.2,3.4
3669,0.4803,0,NORMAL,0.7,1.8,9.1,8.7
3670,0.9999,0,WARNING,0.6,1.7,1.1,6.3
3671,0.9999,0,WARNING,0.6,1.5,1.1,3.3
3672,0.359,0,NORMAL,0.7,2.0,1.4,3.7
3673,0.3659,0,NORMAL,0.7,1.4,2.0,4.0
3674,1.0,0,ANOMALY,5.8,21.1,9.8,8.9
3675,0.5599,0,NORMAL,0.7,1.6,1.7,4.0
3676,0.3332,0,NORMAL,0.7,1.5,1.6,3.8
3677,0.9999,0,WARNING,0.7,1.6,1.2,3.3
3678,0.9999,0,WARNING,0.7,0.9,1.1,3.3
3679,0.4749,0,NORMAL,0.7,2.4,9.3,9.2
3680,0.9999,0,WARNING,0.6,1.4,1.1,3.3
3681,0.9999,0,WARNING,0.6,1.2,1.2,4.0
3682,0.3674,0,NORMAL,0.7,1.8,1.3,4.5
3683,0.3687,0,NORMAL,0.7,1.2,1.3,4.6
3684,1.0,0,WARNING,2.6,16.6,9.7,10.1
3685,0.9999,0,WARNING,0.6,1.7,1.4,4.8
3686,0.3423,0,NORMAL,0.6,1.3,1.3,4.6
3687,0.9999,0,WARNING,0.5,1.6,1.3,4.5
3688,0.9999,0,WARNING,0.5,1.7,1.4,4.5
3689,0.4749,0,NORMAL,0.7,2.2,9.6,9.8
3690,0.3497,0,NORMAL,0.6,2.2,1.4,4.4
3691,0.3557,0,NORMAL,0.6,1.8,1.3,4.5
3692,0.3614,0,NORMAL,0.7,2.4,1.2,3.8
3693,0.9999,0,WARNING,0.5,1.0,1.0,3.3
3694,1.0,0,ANOMALY,5.6,21.0,9.4,9.0
3695,0.9999,0,WARNING,0.5,1.7,1.1,3.3
3696,0.9999,0,WARNING,0.6,1.0,1.1,3.5
3697,0.9999,0,WARNING,0.6,1.8,1.1,4.0
3698,0.9999,0,WARNING,0.5,1.5,1.2,4.2
3699,0.4803,0,NORMAL,0.7,2.5,9.7,9.5
3700,0.9999,0,WARNING,0.5,1.3,1.7,6.0
3701,0.3382,0,NORMAL,0.7,1.9,1.0,3.2
3702,0.3501,0,NORMAL,0.7,1.4,1.1,3.2
3703,0.9999,0,WARNING,0.7,3.1,1.0,3.1
3704,1.0,0,ANOMALY,2.7,16.2,7.6,7.3
3705,0.4253,0,NORMAL,0.7,2.7,3.0,4.2
3706,0.9999,0,WARNING,0.5,1.3,1.0,3.1
3707,0.9999,0,WARNING,0.5,1.2,1.0,3.0
3708,0.9999,0,WARNING,0.5,1.9,1.0,3.1
3709,0.3787,0,NORMAL,0.6,1.6,4.8,5.5
3710,0.3756,0,NORMAL,0.6,2.2,5.7,6.0
3711,0.9999,0,WARNING,0.5,1.7,1.0,3.0
3712,0.9999,0,WARNING,0.5,0.8,1.0,3.0
3713,0.9999,0,WARNING,0.5,1.3,1.0,3.0
3714,1.0,0,ANOMALY,5.9,21.2,1.7,3.5
3715,0.4605,0,NORMAL,0.7,2.2,8.7,8.0
3716,0.9999,0,WARNING,0.6,1.4,1.1,3.5
3717,0.9999,0,WARNING,0.7,3.3,1.0,3.3
3718,0.9999,0,WARNING,0.6,1.7,1.0,3.0
3719,0.9999,0,WARNING,0.6,0.5,1.0,3.1
3720,0.4803,0,NORMAL,0.7,2.0,9.2,8.4
3721,0.9999,0,WARNING,0.6,1.3,1.0,3.0
3722,0.9999,0,WARNING,0.6,2.3,1.0,2.9
3723,0.9999,0,WARNING,0.6,1.2,0.9,3.0
3724,0.9963,0,WARNING,2.2,14.8,0.9,3.0
3725,0.4696,0,NORMAL,0.7,2.3,9.2,8.3
3726,0.9999,0,WARNING,0.6,2.2,1.0,3.1
3727,0.9999,0,WARNING,0.5,1.3,1.0,3.0
3728,0.9999,0,WARNING,0.6,1.3,0.9,3.0
3729,0.9999,0,WARNING,0.6,1.1,0.9,2.9
3730,0.9913,0,WARNING,0.7,2.4,9.3,11.0
3731,0.9999,0,WARNING,0.6,1.1,1.0,3.0
3732,0.9999,0,WARNING,0.6,2.2,1.0,3.0
3733,0.9999,0,WARNING,0.6,1.2,0.9,2.9
3734,1.0,0,ANOMALY,6.4,21.9,0.9,2.9
3735,0.4754,0,NORMAL,0.7,2.4,9.4,8.4
3736,0.9999,0,WARNING,0.6,1.1,1.0,2.9
3737,0.9999,0,WARNING,0.6,1.2,0.9,2.8
3738,0.9999,0,WARNING,0.6,1.7,0.9,2.8
3739,0.9999,0,WARNING,0.6,1.2,0.9,2.9
3740,0.4693,0,NORMAL,0.7,1.9,9.3,8.2
3741,0.9999,0,WARNING,0.6,1.2,1.0,2.8
3742,0.9999,0,WARNING,0.6,1.4,0.9,2.9
3743,0.9999,0,WARNING,0.6,1.1,1.0,3.0
3744,1.0,0,ANOMALY,4.1,17.8,0.9,2.9
3745,0.4697,0,NORMAL,0.6,2.6,9.3,8.2
3746,0.9999,0,WARNING,0.5,1.4,0.9,2.9
3747,0.9999,0,WARNING,0.5,1.6,0.9,3.0
3748,0.9999,0,WARNING,0.5,1.8,0.9,3.0
3749,0.9999,0,WARNING,0.5,1.3,0.9,2.9
3750,0.4748,0,NORMAL,0.6,2.6,9.5,8.3
3751,0.9999,0,WARNING,0.5,1.5,1.5,2.9
3752,0.3716,0,NORMAL,0.6,1.8,0.9,2.9
3753,0.3856,0,NORMAL,0.6,1.5,0.9,2.8
3754,1.0,0,ANOMALY,4.4,18.7,0.8,2.8
3755,0.3803,0,NORMAL,0.6,1.9,7.7,7.1
3756,0.3555,0,NORMAL,0.6,1.9,2.6,3.9
3757,0.9999,0,WARNING,0.5,1.1,0.9,3.0
3758,0.9999,0,WARNING,0.5,1.9,0.9,2.8
3759,0.9999,0,WARNING,0.5,1.4,0.9,3.0
3760,0.994,0,WARNING,0.6,1.5,4.5,7.8
3761,0.3642,0,NORMAL,0.6,2.4,5.9,5.9
3762,0.9999,0,WARNING,0.5,1.3,0.8,2.7
3763,0.9999,0,WARNING,0.5,1.7,0.9,2.9
3764,1.0,0,ANOMALY,4.4,18.9,0.9,2.8
3765,0.9999,0,WARNING,0.5,1.3,1.6,3.3
3766,0.4355,0,NORMAL,0.6,2.6,8.8,7.9
3767,0.9999,0,WARNING,0.5,1.6,1.0,2.8
3768,0.9999,0,WARNING,0.5,1.2,0.9,2.8
3769,0.9999,0,WARNING,0.5,1.4,0.8,2.7
3770,0.9999,0,WARNING,0.5,1.5,0.9,2.8
3771,0.4747,0,NORMAL,0.6,2.6,9.3,8.2
3772,0.9999,0,WARNING,0.5,1.2,1.0,2.9
3773,0.9999,0,WARNING,0.5,0.9,0.9,2.8
3774,1.0,0,ANOMALY,5.1,19.7,0.9,2.9
3775,0.9999,0,WARNING,0.5,1.2,0.9,2.9
3776,0.4806,0,NORMAL,0.7,2.7,9.5,8.4
3777,0.9999,0,WARNING,0.6,1.4,1.0,2.9
3778,0.9999,0,WARNING,0.5,1.6,0.9,2.8
3779,0.9999,0,WARNING,0.5,1.4,0.9,2.8
3780,0.9999,0,WARNING,0.6,1.2,0.9,2.8
3781,0.4693,0,NORMAL,0.7,2.3,9.4,8.2
3782,0.9999,0,WARNING,0.6,2.0,1.0,2.9
3783,0.9999,0,WARNING,0.6,1.6,1.0,2.8
3784,0.9999,0,WARNING,2.1,14.6,0.9,2.8
3785,0.9999,0,WARNING,0.6,1.9,1.0,2.8
3786,0.475,0,NORMAL,0.6,2.9,9.6,8.2
3787,0.9999,0,WARNING,0.5,1.7,0.9,2.9
3788,0.9999,0,WARNING,0.6,1.6,0.9,2.8
3789,0.9999,0,WARNING,0.5,0.9,0.9,2.7
3790,0.999,0,WARNING,0.7,1.7,0.9,6.0
3791,0.4747,0,NORMAL,0.7,2.4,9.6,8.4
3792,0.9999,0,WARNING,0.6,1.5,1.2,2.8
3793,0.9999,0,WARNING,0.6,1.2,0.8,2.8
3794,1.0,0,ANOMALY,6.3,21.8,1.1,3.3
3795,0.9999,0,WARNING,0.6,2.0,0.8,3.4
3796,0.4697,0,NORMAL,0.7,2.6,9.5,8.9
3797,0.9999,0,WARNING,0.6,2.0,1.4,3.5
3798,0.9999,0,WARNING,0.6,2.3,0.9,3.5
3799,0.3549,0,NORMAL,0.7,0.9,1.3,3.6
3800,0.9999,0,WARNING,0.6,2.4,1.2,3.2
3801,0.4638,0,NORMAL,0.7,2.6,9.4,8.5
3802,0.9999,0,WARNING,0.6,2.4,2.0,3.8
3803,0.9999,0,WARNING,0.6,1.5,0.9,3.5
3804,1.0,0,ANOMALY,3.1,16.3,1.0,4.0
3805,0.9999,0,WARNING,0.6,1.1,1.0,3.7
3806,0.3546,0,NORMAL,0.7,2.1,6.6,6.8
3807,0.3512,0,NORMAL,0.7,2.3,3.9,5.3
3808,0.9999,0,WARNING,0.6,1.4,0.9,3.6
3809,0.9999,0,WARNING,0.6,1.2,1.1,3.3
3810,0.9999,0,WARNING,0.6,1.8,1.1,3.6
3811,0.3704,0,NORMAL,0.7,1.9,4.3,5.7
3812,0.3658,0,NORMAL,0.7,2.6,6.6,6.8
3813,0.3584,0,NORMAL,0.7,2.5,1.4,3.6
3814,1.0,0,ANOMALY,5.8,21.2,1.2,3.8
3815,0.9999,0,WARNING,0.6,0.9,1.2,3.9
3816,0.3372,0,NORMAL,0.8,1.8,2.3,4.2
3817,0.4859,0,NORMAL,0.8,2.8,10.0,8.6
3818,0.9999,0,WARNING,0.7,1.6,1.0,3.4
3819,0.3477,0,NORMAL,0.8,1.7,1.1,3.5
3820,0.994,0,WARNING,0.8,2.6,1.1,6.3
3821,0.3442,0,NORMAL,0.8,1.8,1.1,3.5
3822,0.4748,0,NORMAL,0.7,3.0,9.6,9.5
3823,0.3421,0,NORMAL,0.7,1.5,1.3,3.7
3824,0.9997,0,WARNING,2.5,15.0,1.6,3.7
3825,0.3431,0,NORMAL,0.8,1.6,2.0,3.5
3826,0.9999,0,WARNING,0.7,2.3,1.2,3.4
3827,0.4695,0,NORMAL,0.7,3.4,9.9,9.0
3828,0.3478,0,NORMAL,0.7,1.8,1.3,3.4
3829,0.9999,0,WARNING,0.6,1.8,1.0,3.5
3830,0.9999,0,WARNING,0.6,1.9,1.1,3.4
3831,0.9999,0,WARNING,0.6,1.6,1.1,3.4
3832,0.4748,0,NORMAL,0.8,3.1,9.8,8.9
3833,0.3575,0,NORMAL,0.7,2.1,1.0,3.5
3834,1.0,0,ANOMALY,6.5,21.2,0.9,3.3
3835,0.9999,0,WARNING,0.6,1.8,1.0,3.4
3836,0.9999,0,WARNING,0.6,2.0,1.0,3.5
3837,0.4965,0,NORMAL,0.7,2.2,10.2,9.3
3838,0.9999,0,WARNING,0.6,1.9,1.1,3.5
3839,0.9999,0,WARNING,0.7,1.2,1.1,3.6
3840,0.9999,0,WARNING,0.7,2.0,1.2,3.5
3841,0.9999,0,WARNING,0.6,1.5,0.9,3.7
3842,0.4748,0,NORMAL,0.8,3.2,9.9,9.4
3843,0.9999,0,WARNING,0.7,1.7,1.6,3.6
3844,1.0,0,ANOMALY,3.2,16.6,1.5,5.0
3845,0.343,0,NORMAL,0.7,2.1,2.0,6.6
3846,0.3425,0,NORMAL,0.8,2.0,2.2,6.7
3847,0.4965,0,NORMAL,0.8,2.8,10.9,10.4
3848,0.9999,0,WARNING,0.7,1.9,1.5,3.9
3849,0.9999,0,WARNING,0.7,1.4,1.0,3.7
3850,0.9999,0,WARNING,0.7,1.8,1.1,6.9
3851,0.9999,0,WARNING,0.7,2.4,0.7,3.3
3852,0.441,0,NORMAL,0.8,2.3,9.3,9.0
3853,0.9999,0,WARNING,0.7,1.2,2.2,4.0
3854,1.0,0,ANOMALY,5.6,20.1,1.0,3.4
3855,0.9999,0,WARNING,0.7,1.6,0.8,3.2
3856,0.9999,0,WARNING,0.7,2.0,0.8,3.2
3857,0.3464,0,NORMAL,0.8,2.6,6.5,7.1
3858,0.3429,0,NORMAL,0.8,1.9,4.2,6.0
3859,0.9999,0,WARNING,0.7,1.3,1.1,3.5
3860,0.9999,0,WARNING,0.7,2.3,0.8,3.3
3861,0.9999,0,WARNING,0.7,1.6,0.8,3.2
3862,0.368,0,NORMAL,0.8,2.4,4.1,5.4
3863,0.3661,0,NORMAL,0.8,2.2,7.0,7.0
3864,0.9999,0,WARNING,2.3,15.0,1.1,3.6
3865,0.9999,0,WARNING,0.7,2.0,1.3,3.4
3866,0.9999,0,WARNING,0.7,1.9,1.0,3.4
3867,0.3639,0,NORMAL,0.8,1.4,1.8,3.9
3868,0.4526,0,NORMAL,0.8,3.0,9.4,8.6
3869,0.9999,0,WARNING,0.7,1.9,1.1,3.5
3870,0.9999,0,WARNING,0.7,1.8,0.8,3.7
3871,0.9999,0,WARNING,0.7,1.6,0.9,3.9
3872,0.9999,0,WARNING,0.7,1.4,0.8,3.7
3873,0.4693,0,NORMAL,0.9,2.6,9.6,8.8
3874,1.0,0,ANOMALY,6.2,21.6,0.9,3.4
3875,0.9999,0,WARNING,0.8,1.5,1.0,4.0
3876,0.3276,0,NORMAL,1.0,1.9,1.1,3.4
3877,0.3405,0,NORMAL,1.2,1.2,1.5,3.7
3878,0.4964,0,NORMAL,1.6,3.0,10.1,9.1
3879,0.9999,0,WARNING,1.4,1.2,1.1,3.3
3880,0.9971,0,WARNING,1.5,2.1,1.3,6.2
3881,0.3353,0,NORMAL,1.5,2.1,1.1,3.3
3882,0.346,0,NORMAL,1.5,2.0,1.8,4.0
3883,0.5316,0,NORMAL,1.5,2.4,10.8,9.5
3884,1.0,0,ANOMALY,4.1,17.2,2.1,4.1
3885,0.3253,0,NORMAL,1.4,1.8,1.9,4.2
3886,0.9999,0,WARNING,1.3,1.8,1.3,3.9
3887,0.9999,0,WARNING,1.3,1.7,1.2,3.6
3888,0.5169,0,NORMAL,1.4,3.0,10.7,9.0
3889,0.9999,0,WARNING,1.3,1.7,2.1,3.4
3890,0.9999,0,WARNING,1.3,1.6,1.1,3.5
3891,0.9999,0,WARNING,1.3,1.8,0.9,3.5
3892,0.9999,0,WARNING,1.2,2.1,0.9,3.7
3893,0.4748,0,NORMAL,1.3,2.7,9.8,9.2
3894,1.0,0,ANOMALY,4.3,17.8,1.4,3.6
3895,0.9999,0,WARNING,1.2,1.8,1.1,3.3
3896,0.9999,0,WARNING,1.2,1.6,0.9,3.3
3897,0.9999,0,WARNING,1.2,1.2,1.3,3.8
3898,0.5015,0,NORMAL,1.3,2.3,10.4,9.1
3899,0.9999,0,WARNING,1.2,1.8,1.5,3.6
3900,0.9999,0,WARNING,1.2,1.5,0.9,3.7
3901,0.9999,0,WARNING,1.1,1.7,1.1,3.6
3902,0.9999,0,WARNING,1.1,1.7,1.1,3.5
3903,0.4232,0,NORMAL,1.2,1.7,8.9,8.5
3904,1.0,0,ANOMALY,4.0,17.1,2.7,4.7
3905,0.9999,0,WARNING,1.1,1.8,1.4,3.6
3906,0.9999,0,WARNING,1.1,1.3,1.2,3.7
3907,0.9999,0,WARNING,1.1,1.1,1.0,4.1
3908,0.3485,0,NORMAL,1.3,2.2,6.2,6.9
3909,0.3438,0,NORMAL,1.2,1.4,4.8,5.8
3910,0.9999,0,WARNING,1.1,1.9,1.1,6.1
3911,0.9999,0,WARNING,1.2,1.3,1.0,3.4
3912,0.9999,0,WARNING,1.1,1.3,1.0,3.7
3913,0.3511,0,NORMAL,1.2,1.6,4.0,5.4
3914,1.0,0,ANOMALY,5.5,20.0,7.0,7.2
3915,0.5018,0,NORMAL,1.2,2.3,1.6,3.6
3916,0.3274,0,NORMAL,1.2,1.6,1.3,3.4
3917,0.3402,0,NORMAL,1.2,1.5,1.0,3.5
3918,0.3503,0,NORMAL,1.2,1.8,1.5,4.0
3919,0.4694,0,NORMAL,1.3,2.0,9.7,8.7
3920,0.3449,0,NORMAL,1.2,1.5,1.4,3.4
3921,0.3612,0,NORMAL,1.2,2.1,1.2,3.6
3922,0.359,0,NORMAL,1.2,1.7,1.2,3.5
3923,0.3645,0,NORMAL,1.2,1.4,1.2,3.6
3924,1.0,0,ANOMALY,4.3,18.6,10.1,9.1
3925,0.5187,0,NORMAL,1.2,1.4,1.3,3.4
3926,0.3407,0,NORMAL,1.2,1.7,0.9,3.5
3927,0.349,0,NORMAL,1.2,1.7,1.2,3.6
3928,0.3559,0,NORMAL,1.2,1.7,1.6,3.7
3929,0.4857,0,NORMAL,1.3,2.6,10.1,9.2
3930,0.3456,0,NORMAL,1.2,1.6,1.6,3.8
3931,0.351,0,NORMAL,1.3,1.4,1.6,3.8
3932,0.3561,0,NORMAL,1.2,2.2,1.9,4.2
3933,0.3578,0,NORMAL,1.3,1.7,2.0,4.2
3934,1.0,0,ANOMALY,7.5,23.9,10.8,9.7
3935,0.7792,0,WARNING,1.3,2.2,3.0,3.6
3936,0.303,0,NORMAL,1.2,2.0,1.3,3.5
3937,0.9999,0,WARNING,1.0,1.4,1.2,3.8
3938,0.9999,0,WARNING,1.0,1.3,1.0,3.5
3939,0.4804,0,NORMAL,1.1,2.5,10.1,9.3
3940,0.9953,0,WARNING,1.1,1.7,1.2,6.4
3941,0.327,0,NORMAL,1.1,1.5,1.4,3.7
3942,0.3384,0,NORMAL,1.1,1.8,1.2,3.5
3943,0.9999,0,WARNING,1.0,1.8,1.4,3.5
3944,1.0,0,ANOMALY,5.4,20.3,10.1,9.0
3945,0.9999,0,WARNING,1.0,1.8,1.5,3.5
3946,0.3278,0,NORMAL,1.1,1.5,1.3,3.6
3947,0.9999,0,WARNING,1.0,1.5,1.3,3.8
3948,0.3852,0,NORMAL,1.1,2.2,1.2,3.7
3949,0.4804,0,NORMAL,1.1,2.6,10.1,9.2
3950,0.3438,0,NORMAL,1.1,1.7,1.5,3.6
3951,0.9999,0,WARNING,1.0,1.1,1.0,3.4
3952,0.9999,0,WARNING,0.9,1.7,1.1,3.5
3953,0.9999,0,WARNING,0.9,1.9,1.2,3.9
3954,1.0,0,ANOMALY,6.0,21.1,9.4,8.9
3955,0.607,0,WARNING,1.1,1.8,3.2,4.3
3956,0.9999,0,WARNING,0.9,1.9,1.4,3.9
3957,0.9999,0,WARNING,0.9,2.0,1.6,4.6
3958,0.3374,0,NORMAL,1.0,1.5,1.6,4.1
3959,0.3799,0,NORMAL,1.0,2.1,7.9,7.7
3960,0.3396,0,NORMAL,1.0,2.6,5.4,5.5
3961,0.9999,0,WARNING,0.9,1.4,1.2,3.7
3962,0.3446,0,NORMAL,1.1,1.7,1.2,3.9
3963,0.9999,0,WARNING,0.9,1.4,1.1,4.0
3964,1.0,0,ANOMALY,5.0,19.0,4.4,6.0
3965,0.4507,0,NORMAL,1.1,2.4,6.8,7.3
3966,0.3241,0,NORMAL,1.1,1.8,1.2,3.9
3967,0.3343,0,NORMAL,1.1,1.6,1.4,4.0
3968,0.9999,0,WARNING,1.0,1.3,1.3,4.0
3969,0.3517,0,NORMAL,1.1,1.8,1.8,4.2
3970,0.9982,0,WARNING,1.1,2.7,10.0,12.4
3971,0.5124,0,NORMAL,1.1,1.4,2.1,4.4
3972,0.3285,0,NORMAL,1.1,1.7,2.3,4.4
3973,0.3364,0,NORMAL,1.1,1.7,2.7,4.6
3974,1.0,0,ANOMALY,7.6,23.0,1.8,4.1
3975,0.4864,0,NORMAL,1.1,2.5,10.2,9.3
3976,0.9999,0,WARNING,1.0,1.9,1.5,3.9
3977,0.9999,0,WARNING,1.0,1.5,1.2,4.1
3978,0.9999,0,WARNING,1.0,2.2,1.5,4.2
3979,0.341,0,NORMAL,1.1,1.7,1.5,4.0
3980,0.491,0,NORMAL,1.1,3.0,10.3,9.4
3981,0.9999,0,WARNING,0.9,1.5,1.6,3.9
3982,0.9999,0,WARNING,0.9,1.7,1.4,4.1
3983,0.9999,0,WARNING,0.9,1.5,1.4,4.0
3984,1.0,0,ANOMALY,3.4,16.8,1.3,4.2
3985,0.4861,0,NORMAL,1.0,2.3,10.2,9.8
3986,0.3296,0,NORMAL,1.0,1.7,1.5,4.6
3987,0.3334,0,NORMAL,1.0,1.9,1.9,4.7
3988,0.3382,0,NORMAL,1.0,1.5,1.9,4.2
3989,0.346,0,NORMAL,1.0,1.5,1.5,4.0
3990,0.491,0,NORMAL,1.0,2.9,10.3,9.7
3991,0.3387,0,NORMAL,1.1,1.5,1.4,3.9
3992,0.3464,0,NORMAL,1.1,1.6,1.4,4.5
3993,0.3493,0,NORMAL,1.1,1.5,2.2,5.0
3994,1.0,0,ANOMALY,6.3,21.5,2.9,5.2
3995,0.5512,0,NORMAL,1.2,3.2,11.9,10.4
3996,0.3619,0,NORMAL,1.1,2.3,4.6,5.0
3997,0.2986,0,NORMAL,1.1,1.6,2.8,4.8
3998,0.9999,0,WARNING,1.0,1.6,1.9,4.4
3999,0.3245,0,NORMAL,1.1,1.6,1.9,4.6
4000,0.9977,0,WARNING,1.1,2.2,10.6,12.8
4001,0.4958,0,NORMAL,1.2,2.4,3.3,4.4
4002,0.3029,0,NORMAL,1.1,2.3,1.7,4.7
4003,0.3149,0,NORMAL,1.1,1.6,1.7,4.9
4004,1.0,0,ANOMALY,3.9,17.0,1.8,4.8
4005,0.5122,0,NORMAL,1.2,2.4,10.8,9.8
4006,0.3159,0,NORMAL,1.1,1.9,4.0,4.9
4007,0.3079,0,NORMAL,1.1,1.4,1.8,4.9
4008,0.3187,0,NORMAL,1.1,1.7,1.8,4.7
4009,0.3291,0,NORMAL,1.1,1.5,1.8,4.6
4010,0.3376,0,NORMAL,1.1,2.6,7.4,8.1
4011,0.3326,0,NORMAL,1.1,1.8,5.7,6.4
4012,0.3301,0,NORMAL,1.1,2.0,1.8,4.5
4013,0.3382,0,NORMAL,1.1,1.7,1.7,4.9
4014,1.0,0,ANOMALY,7.7,23.0,1.6,4.8
4015,0.5045,0,NORMAL,1.1,2.0,4.9,6.5
4016,0.3406,0,NORMAL,1.1,3.1,8.1,8.3
4017,0.3001,0,NORMAL,1.1,1.6,1.9,5.3
4018,0.3115,0,NORMAL,1.1,2.0,1.8,5.1
4019,0.322,0,NORMAL,1.2,2.2,1.8,4.9
4020,0.3325,0,NORMAL,1.1,1.3,2.1,5.3
4021,0.3372,0,NORMAL,1.1,1.8,2.3,5.1
4022,0.5365,0,NORMAL,1.3,3.4,11.8,10.8
4023,0.3272,0,NORMAL,1.2,1.6,4.3,4.9
4024,1.0,0,ANOMALY,3.7,17.1,2.6,5.0
4025,0.3097,0,NORMAL,1.2,1.7,2.2,4.9
4026,0.3198,0,NORMAL,1.2,2.3,2.0,5.1
4027,0.4472,0,NORMAL,1.2,2.6,9.7,10.1
4028,0.3139,0,NORMAL,1.2,2.9,5.2,5.9
4029,0.3114,0,NORMAL,1.2,2.0,2.4,5.0
4030,0.9958,0,WARNING,1.2,1.7,2.2,8.0
4031,0.3075,0,NORMAL,1.2,2.0,2.5,5.8
4032,0.3127,0,NORMAL,1.2,2.5,7.2,8.4
4033,0.3092,0,NORMAL,1.2,2.3,7.6,8.0
4034,1.0,0,ANOMALY,8.1,23.4,2.8,5.3
4035,0.5224,0,NORMAL,1.2,2.0,2.6,5.3
4036,0.2779,0,NORMAL,1.2,1.8,2.5,5.1
4037,0.3861,0,NORMAL,1.2,1.7,5.1,6.6
4038,0.4178,0,NORMAL,1.3,2.5,9.5,9.3
4039,0.3031,0,NORMAL,1.2,1.9,2.6,5.6
4040,0.3123,0,NORMAL,1.2,1.9,2.3,5.4
4041,0.3226,0,NORMAL,1.2,1.9,2.6,5.5
4042,0.3289,0,NORMAL,1.2,2.0,2.6,5.4
4043,0.5168,0,NORMAL,1.3,3.5,11.4,11.0
4044,1.0,0,ANOMALY,3.7,16.9,2.6,5.8
4045,0.3068,0,NORMAL,1.3,2.0,2.6,5.7
4046,0.3115,0,NORMAL,1.3,2.0,2.6,5.5
4047,0.32,0,NORMAL,1.3,1.7,2.6,5.6
4048,0.5367,0,NORMAL,1.4,3.5,11.9,11.3
4049,0.3101,0,NORMAL,1.3,1.8,3.1,5.8
4050,0.3132,0,NORMAL,1.4,2.4,3.0,6.0
4051,0.3184,0,NORMAL,1.4,1.9,2.6,5.9
4052,0.3227,0,NORMAL,1.4,2.5,2.7,5.9
4053,0.5169,0,NORMAL,1.5,3.2,11.5,11.1
4054,1.0,0,ANOMALY,7.9,23.0,3.8,6.1
4055,0.5654,0,NORMAL,1.5,3.0,3.0,6.0
4056,0.2744,0,NORMAL,1.4,2.6,3.1,5.9
4057,0.29,0,NORMAL,1.4,1.5,3.0,6.2
4058,0.5368,0,NORMAL,1.6,3.2,12.0,11.9
4059,0.2878,0,NORMAL,1.5,2.4,4.4,6.2
4060,0.9958,0,WARNING,1.4,2.5,3.5,9.2
4061,0.3082,0,NORMAL,1.4,1.7,3.4,6.3
4062,0.3577,0,NORMAL,1.5,3.3,3.5,6.3
4063,0.5462,0,NORMAL,1.6,3.6,12.3,11.8
4064,1.0,0,ANOMALY,4.1,17.1,4.9,6.1
4065,0.3507,0,NORMAL,1.5,1.8,3.1,6.2
4066,0.2821,0,NORMAL,1.5,2.1,3.1,6.1
4067,0.2958,0,NORMAL,1.4,2.1,3.2,6.2
4068,0.5415,0,NORMAL,1.5,3.1,12.3,11.8
4069,0.2933,0,NORMAL,1.4,2.1,5.1,6.4
4070,0.2905,0,NORMAL,1.4,2.3,3.7,6.8
4071,0.2977,0,NORMAL,1.4,2.2,3.8,6.6
4072,0.3046,0,NORMAL,1.4,2.2,3.9,6.9
4073,0.5555,0,NORMAL,1.6,2.7,12.8,12.8
4074,1.0,0,ANOMALY,8.7,23.7,5.7,7.4
4075,0.6105,0,WARNING,1.4,2.4,3.7,7.1
4076,0.2638,0,NORMAL,1.4,2.4,4.2,7.3
4077,0.2575,0,NORMAL,1.4,2.8,4.7,7.7
4078,0.5369,0,NORMAL,1.5,3.2,12.4,12.8
4079,0.2628,0,NORMAL,1.5,2.6,7.4,8.8
4080,0.2621,0,NORMAL,1.5,2.4,4.9,8.5
4081,0.3715,0,NORMAL,1.6,1.9,5.4,8.4
4082,0.4539,0,NORMAL,1.7,3.1,5.8,8.5
4083,0.4753,0,NORMAL,1.8,3.0,10.9,11.5
4084,1.0,0,ANOMALY,4.2,17.7,11.1,11.4
4085,0.4455,0,NORMAL,1.8,3.2,6.6,9.1
4086,0.4462,0,NORMAL,1.6,2.9,6.4,9.1
4087,0.732,0,WARNING,1.8,3.1,6.8,9.5
4088,0.5511,0,NORMAL,1.6,2.5,9.6,11.2
4089,0.5871,0,NORMAL,1.7,3.4,14.4,14.0
4090,0.9974,0,WARNING,1.7,2.7,7.9,12.9
4091,0.6271,0,WARNING,1.7,2.3,8.9,10.8
4092,0.9172,0,WARNING,2.1,4.8,12.0,12.9
4093,0.8766,0,WARNING,2.0,4.4,13.1,13.8
4094,1.0,0,ANOMALY,8.5,25.4,22.1,19.4
4095,0.7607,0,WARNING,1.9,2.5,13.1,13.9
4096,0.7124,0,WARNING,1.8,3.0,12.8,14.2
4097,0.7936,0,WARNING,1.9,3.5,13.8,14.9
4098,0.7975,0,WARNING,2.0,3.1,14.4,15.0
4099,0.8224,0,WARNING,2.2,4.6,24.0,20.8
4100,0.7902,0,WARNING,2.2,3.8,15.7,15.4
4101,0.8249,0,WARNING,2.1,3.6,15.6,15.9
4102,0.8248,0,WARNING,2.2,4.1,16.8,17.1
4103,0.8626,0,WARNING,2.1,4.5,17.9,17.4
4104,0.9988,0,WARNING,3.8,18.7,27.7,23.7
4105,0.8631,0,WARNING,2.2,3.8,19.4,17.8
4106,0.899,0,WARNING,2.3,4.4,19.3,18.7
4107,0.9457,0,WARNING,2.6,5.5,25.9,23.6
4108,0.9454,0,WARNING,2.6,4.8,29.3,25.4
4109,1.0,0,WARNING,2.9,7.9,35.6,29.3
4110,0.9498,0,WARNING,2.4,5.2,27.3,23.3
4111,0.9496,0,WARNING,2.4,5.1,25.1,23.0
4112,0.8675,0,WARNING,2.3,5.4,24.2,22.2
4113,0.8714,0,WARNING,2.3,4.8,23.4,21.7
4114,1.0,0,ANOMALY,10.7,28.5,32.3,27.5
4115,0.9631,0,WARNING,2.7,5.9,24.6,21.3
4116,0.9614,0,WARNING,2.4,5.0,22.9,21.2
4117,0.8728,0,WARNING,2.3,4.1,22.7,21.4
4118,0.9539,0,WARNING,2.4,5.4,24.2,22.4
4119,0.9512,0,WARNING,2.5,6.2,32.6,27.3
4120,0.998,0,WARNING,2.4,5.5,24.3,24.5
4121,0.8778,0,WARNING,2.3,4.5,22.1,21.2
4122,0.874,0,WARNING,2.3,5.4,21.9,21.1
4123,0.8591,0,WARNING,2.3,4.2,21.2,20.4
4124,1.0,0,ANOMALY,4.5,19.8,30.6,26.4
4125,0.954,0,WARNING,2.6,3.9,23.1,20.5
4126,0.8861,0,WARNING,2.5,4.4,21.1,20.2
4127,0.8577,0,WARNING,2.5,5.0,21.3,20.7
4128,0.8872,0,WARNING,2.4,4.1,21.3,20.6
4129,0.9464,0,WARNING,2.6,5.9,28.5,24.8
4130,0.8605,0,WARNING,2.5,4.9,24.3,21.6
4131,0.8533,0,WARNING,2.4,4.1,20.9,20.3
4132,0.8343,0,WARNING,2.4,4.0,21.2,21.0
4133,0.8518,0,WARNING,2.5,4.4,21.0,20.7
4134,1.0,0,ANOMALY,8.6,25.5,26.0,23.4
4135,0.8687,0,WARNING,2.3,4.5,24.8,22.0
4136,0.831,0,WARNING,2.4,3.9,19.7,19.5
4137,0.862,0,WARNING,2.4,3.4,19.8,20.0
4138,0.8457,0,WARNING,2.4,4.2,19.9,19.8
4139,0.8472,0,WARNING,2.5,4.4,21.6,20.7
4140,0.8418,0,WARNING,2.5,5.2,26.5,23.5
4141,0.844,0,WARNING,2.5,4.2,19.3,19.4
4142,0.8185,0,WARNING,2.5,4.9,19.2,19.7
4143,0.8487,0,WARNING,2.6,4.7,20.4,20.1
4144,0.9987,0,WARNING,4.1,17.7,20.8,20.3
4145,0.9497,0,WARNING,2.6,5.5,29.5,25.4
4146,0.8605,0,WARNING,2.6,4.1,23.3,20.6
4147,0.8591,0,WARNING,2.6,4.8,21.8,20.7
4148,0.8376,0,WARNING,2.5,4.4,21.0,20.1
4149,0.8502,0,WARNING,2.4,3.9,20.7,19.7
4150,0.9958,0,WARNING,2.5,5.4,29.4,28.2
4151,0.8292,0,WARNING,2.5,4.5,21.6,19.8
4152,0.8275,0,WARNING,2.4,4.0,20.0,19.4
4153,0.8091,0,WARNING,2.4,4.3,20.3,20.3
4154,1.0,0,ANOMALY,8.9,25.2,20.3,20.2
4155,0.8591,0,WARNING,2.5,4.5,28.4,24.9
4156,0.8533,0,WARNING,2.5,3.5,21.4,19.3
4157,0.8409,0,WARNING,2.4,4.4,19.2,19.7
4158,0.8487,0,WARNING,2.5,4.0,19.6,19.8
4159,0.8257,0,WARNING,2.5,4.2,20.4,20.0
4160,0.944,0,WARNING,2.7,5.5,28.9,25.0
4161,0.8309,0,WARNING,2.5,3.7,20.6,18.7
4162,0.8292,0,WARNING,2.5,4.5,18.7,19.1
4163,0.8392,0,WARNING,2.5,3.9,18.5,18.7
4164,1.0,0,WARNING,4.5,17.0,18.5,19.0
4165,0.8922,0,WARNING,2.9,6.2,27.4,24.1
4166,0.8408,0,WARNING,2.6,3.6,20.0,18.6
4167,0.8274,0,WARNING,2.6,4.1,18.7,19.0
4168,0.859,0,WARNING,2.6,3.7,18.8,19.0
4169,0.9428,0,WARNING,2.7,4.7,18.8,18.9
4170,0.9421,0,WARNING,2.9,6.2,28.0,24.5
4171,0.8486,0,WARNING,2.7,3.8,20.5,18.8
4172,0.8184,0,WARNING,2.7,4.5,19.6,19.8
4173,0.8238,0,WARNING,2.7,4.3,19.3,19.4
4174,1.0,0,ANOMALY,8.9,24.7,18.7,18.9
4175,0.9557,0,WARNING,2.8,5.2,27.9,24.5
4176,0.8275,0,WARNING,2.8,5.9,20.6,18.9
4177,0.8457,0,WARNING,2.8,4.6,18.8,19.0
4178,0.8275,0,WARNING,2.7,5.2,19.5,19.6
4179,0.809,0,WARNING,2.8,4.3,19.3,19.9
4180,0.9992,0,WARNING,2.8,5.0,27.8,27.9
4181,0.8071,0,WARNING,2.8,3.6,20.8,19.2
4182,0.8274,0,WARNING,2.8,4.1,18.1,18.8
4183,0.8308,0,WARNING,2.7,4.2,18.3,19.0
4184,0.9976,0,WARNING,3.8,15.2,17.7,18.5
4185,0.8342,0,WARNING,2.9,5.3,24.0,22.4
4186,1.0,0,ANOMALY,2.8,4.4,20.9,32.7
4187,0.797,0,WARNING,2.8,4.3,17.8,19.2
4188,1.0,0,ANOMALY,2.8,3.5,17.6,21.0
4189,0.8273,0,WARNING,2.8,3.5,17.9,18.6
4190,0.8146,0,WARNING,2.9,4.1,20.9,20.3
4191,0.7928,0,WARNING,2.9,4.3,23.6,22.0
4192,0.8238,0,WARNING,2.7,4.0,17.4,18.2
4193,0.8291,0,WARNING,2.8,3.7,17.5,18.4
4194,1.0,0,ANOMALY,6.7,20.5,17.1,18.1
4195,0.7864,0,WARNING,2.8,4.3,16.8,18.0
4196,0.8302,0,WARNING,2.8,5.3,26.2,23.6
4197,0.7887,0,WARNING,2.9,3.6,18.0,18.4
4198,0.8147,0,WARNING,3.1,4.4,17.6,18.5
4199,0.8051,0,WARNING,3.1,4.5,17.3,18.5
4200,0.8089,0,WARNING,3.0,4.7,16.9,18.2
4201,0.815,0,WARNING,3.1,4.4,24.9,23.3
4202,0.7821,0,WARNING,3.1,4.2,17.8,17.9
4203,0.9264,0,WARNING,3.3,4.7,15.9,17.6
4204,1.0,0,ANOMALY,6.0,19.2,16.8,18.1
4205,0.7798,0,WARNING,3.1,4.4,16.8,18.0
4206,0.828,0,WARNING,3.1,5.5,25.6,23.2
4207,0.809,0,WARNING,3.1,3.6,18.3,18.2
4208,0.7799,0,WARNING,3.1,3.7,16.4,18.2
4209,0.807,0,WARNING,3.1,3.4,16.2,17.9
4210,0.994,0,WARNING,3.1,3.7,16.3,20.0
4211,0.813,0,WARNING,3.3,5.2,24.7,22.7
4212,0.803,0,WARNING,3.1,4.1,18.1,17.8
4213,0.8127,0,WARNING,3.2,2.8,16.1,17.4
4214,1.0,0,ANOMALY,5.1,18.1,16.4,17.8
4215,0.7842,0,WARNING,3.2,4.0,16.5,17.7
4216,0.829,0,WARNING,3.2,5.7,25.0,22.9
4217,0.799,0,WARNING,3.2,4.2,17.9,17.9
4218,0.7776,0,WARNING,3.2,4.1,16.3,17.9
4219,0.805,0,WARNING,3.2,4.0,16.5,17.7
4220,0.7969,0,WARNING,3.2,4.0,16.3,17.3
4221,0.8485,0,WARNING,3.3,4.8,25.3,23.1
4222,0.7969,0,WARNING,3.2,4.6,18.7,18.1
4223,0.803,0,WARNING,3.3,3.8,17.0,18.1
4224,1.0,0,ANOMALY,6.3,20.2,17.0,18.1
4225,0.8146,0,WARNING,3.3,4.7,16.9,18.0
4226,0.8085,0,WARNING,3.4,4.0,24.7,23.1
4227,0.8031,0,WARNING,3.5,5.0,18.0,18.2
4228,0.7754,0,WARNING,3.4,4.1,15.9,17.2
4229,0.749,0,WARNING,3.5,4.2,15.9,17.2
4230,0.7661,0,WARNING,3.4,3.9,15.1,16.3
4231,0.7734,0,WARNING,3.5,4.6,22.6,20.9
4232,0.6766,0,WARNING,3.4,3.2,14.3,15.2
4233,0.6527,0,WARNING,3.4,2.9,12.2,14.7
4234,1.0,0,ANOMALY,6.8,20.0,11.8,14.7
4235,0.8791,0,WARNING,3.7,4.4,11.2,14.0
4236,0.7093,0,WARNING,3.6,5.3,17.0,17.5
4237,0.7036,0,WARNING,3.5,4.8,13.7,14.7
4238,0.6287,0,WARNING,3.4,3.9,9.7,13.4
4239,0.7317,0,WARNING,3.5,3.9,9.9,15.1
4240,1.0,0,ANOMALY,3.5,3.2,9.7,20.5
4241,0.6483,0,WARNING,3.5,3.9,12.2,14.6
4242,0.5959,0,NORMAL,3.5,4.8,15.7,16.6
4243,0.5838,0,NORMAL,3.3,3.0,9.6,12.7
4244,1.0,0,ANOMALY,5.8,18.2,9.1,12.7
4245,0.4636,0,NORMAL,3.3,3.4,8.9,12.8
4246,0.4114,0,NORMAL,3.3,3.7,8.6,12.8
4247,0.6893,0,WARNING,3.4,4.3,17.6,18.5
4248,0.4802,0,NORMAL,3.3,3.4,10.4,13.3
4249,0.5341,0,NORMAL,3.3,2.6,9.3,12.9
4250,0.4889,0,NORMAL,3.2,3.1,9.7,12.9
4251,0.5086,0,NORMAL,3.2,3.2,10.0,12.9
4252,0.709,0,WARNING,3.3,5.1,18.8,18.2
4253,0.5058,0,NORMAL,3.2,3.1,11.6,13.6
4254,1.0,0,ANOMALY,6.6,19.6,9.0,12.2
4255,0.4481,0,NORMAL,3.3,3.3,8.3,12.1
4256,0.4295,0,NORMAL,3.6,3.2,8.3,11.7
4257,0.6578,0,WARNING,3.4,4.2,16.6,16.9
4258,0.3884,0,NORMAL,3.3,2.5,8.5,10.9
4259,0.3925,0,NORMAL,3.3,2.3,6.5,10.6
4260,0.3375,0,NORMAL,3.3,3.0,6.3,10.6
4261,0.3172,0,NORMAL,3.3,2.9,6.1,10.4
4262,0.6042,0,WARNING,3.3,4.2,14.8,15.5
4263,0.3966,0,NORMAL,3.3,2.2,7.5,10.0
4264,1.0,0,ANOMALY,6.7,19.1,5.5,10.0
4265,0.3115,0,NORMAL,3.3,2.9,5.3,9.6
4266,0.3097,0,NORMAL,3.3,2.7,5.4,9.7
4267,0.5726,0,NORMAL,3.4,3.9,13.9,14.9
4268,0.3382,0,NORMAL,3.4,2.8,6.9,9.7
4269,0.3094,0,NORMAL,3.4,3.1,5.2,10.0
4270,0.9986,0,WARNING,3.3,2.1,5.0,12.9
4271,0.2888,0,NORMAL,3.3,2.3,5.1,9.8
4272,0.5954,0,NORMAL,3.4,3.7,14.4,15.0
4273,0.3904,0,NORMAL,3.3,2.3,6.8,9.2
4274,1.0,0,ANOMALY,7.4,19.8,5.0,9.6
4275,0.3448,0,NORMAL,3.4,2.6,5.1,9.8
4276,0.3131,0,NORMAL,3.4,2.8,4.8,9.5
4277,0.5776,0,NORMAL,3.5,3.5,13.9,15.0
4278,0.2674,0,NORMAL,3.3,2.4,6.6,9.6
4279,0.8762,0,WARNING,3.6,3.7,4.7,9.4
4280,0.2791,0,NORMAL,3.3,2.4,4.6,8.9
4281,0.2703,0,NORMAL,3.3,2.4,4.6,8.9
4282,0.5604,0,NORMAL,3.5,4.1,13.4,14.4
4283,0.2987,0,NORMAL,3.4,1.9,6.0,8.9
4284,1.0,0,ANOMALY,6.0,18.0,4.5,9.1
4285,0.2869,0,NORMAL,3.4,3.1,4.6,9.0
4286,0.663,0,WARNING,3.4,3.7,4.3,8.8
4287,0.4475,0,NORMAL,3.4,4.2,10.9,12.9
4288,0.2568,0,NORMAL,3.5,2.6,8.5,10.6
4289,0.3093,0,NORMAL,3.3,2.2,4.7,8.9
4290,0.3341,0,NORMAL,3.3,2.7,4.8,8.7
4291,0.349,0,NORMAL,3.3,3.0,4.8,8.7
4292,0.7513,0,WARNING,3.5,3.9,7.7,10.9
4293,0.4473,0,NORMAL,3.4,3.5,11.3,12.6
4294,1.0,0,ANOMALY,6.3,18.3,5.1,9.0
4295,0.3376,0,NORMAL,3.3,2.9,4.4,8.9
4296,0.2338,0,NORMAL,3.5,2.6,4.4,8.7
4297,0.3074,0,NORMAL,3.5,2.3,4.7,8.8
4298,0.5558,0,NORMAL,3.5,3.9,13.2,14.1
4299,0.2738,0,NORMAL,3.4,2.1,5.4,9.0
4300,0.9989,0,WARNING,3.6,2.7,4.6,11.9
4301,0.3356,0,NORMAL,3.4,2.6,4.4,8.6
4302,0.2688,0,NORMAL,3.4,3.2,4.3,8.3
4303,0.5463,0,NORMAL,3.5,3.3,12.9,14.1
4304,1.0,0,ANOMALY,7.2,19.7,5.9,8.8
4305,0.359,0,NORMAL,3.4,3.0,4.5,8.8
4306,0.242,0,NORMAL,3.5,2.0,4.5,8.7
4307,0.2633,0,NORMAL,3.5,2.4,4.4,8.8
4308,0.5604,0,NORMAL,3.6,3.5,13.2,14.4
4309,0.2727,0,NORMAL,3.5,2.3,6.2,8.9
4310,0.2639,0,NORMAL,3.5,2.3,4.6,8.9
4311,0.2775,0,NORMAL,3.5,2.1,4.9,8.8
4312,0.2543,0,NORMAL,3.5,2.5,4.7,8.9
4313,0.5781,0,NORMAL,3.6,4.3,13.8,14.5
4314,1.0,0,ANOMALY,6.0,17.4,7.5,9.7
4315,0.3546,0,NORMAL,3.6,3.1,6.0,9.6
4316,0.4575,0,NORMAL,3.7,2.8,6.5,10.3
4317,0.634,0,WARNING,3.7,2.9,9.2,12.6
4318,0.7633,0,WARNING,3.7,4.6,20.4,19.1
4319,0.6754,0,WARNING,3.7,3.3,13.5,14.2
4320,0.7241,0,WARNING,3.8,4.2,12.0,14.3
4321,0.6855,0,WARNING,3.7,3.8,12.1,14.3
4322,0.7215,0,WARNING,3.6,3.5,12.8,14.9
4323,0.7703,0,WARNING,3.6,5.0,21.6,19.8
4324,1.0,0,ANOMALY,6.4,19.6,14.4,14.6
4325,0.6974,0,WARNING,3.6,2.6,12.9,14.7
4326,0.6535,0,WARNING,3.6,4.3,12.3,14.5
4327,0.6467,0,WARNING,3.5,4.2,12.4,14.9
4328,0.7497,0,WARNING,3.5,4.7,21.1,19.7
4329,0.7003,0,WARNING,3.5,3.4,14.2,14.8
4330,0.9989,0,WARNING,3.7,4.1,12.3,17.8
4331,0.6962,0,WARNING,3.6,2.8,12.6,15.1
4332,0.6959,0,WARNING,3.6,3.4,12.6,15.0
4333,0.7623,0,WARNING,3.6,4.0,21.6,20.2
4334,1.0,0,ANOMALY,7.1,20.2,14.2,14.8
4335,0.7009,0,WARNING,3.6,3.7,12.8,14.8
4336,0.6582,0,WARNING,3.6,3.5,12.9,15.0
4337,0.6644,0,WARNING,3.6,3.5,13.5,15.7
4338,0.7642,0,WARNING,3.6,4.4,19.8,19.7
4339,0.6548,0,WARNING,3.6,4.2,17.5,16.9
4340,0.7721,0,WARNING,3.6,3.8,15.1,15.9
4341,0.7476,0,WARNING,3.7,3.3,14.5,15.5
4342,0.703,0,WARNING,3.7,3.8,14.6,16.0
4343,0.7738,0,WARNING,3.6,4.5,17.7,17.5
4344,1.0,0,ANOMALY,6.9,20.6,21.7,20.1
4345,0.7192,0,WARNING,3.6,4.2,15.6,16.4
4346,0.782,0,WARNING,3.7,3.9,15.4,16.6
4347,0.7409,0,WARNING,3.7,4.3,15.5,17.0
4348,0.8485,0,WARNING,3.8,4.2,16.1,17.0
4349,0.8149,0,WARNING,3.8,5.3,24.9,22.5
4350,0.782,0,WARNING,3.6,4.1,16.9,16.9
4351,0.7969,0,WARNING,3.6,3.9,15.9,16.7
4352,0.8106,0,WARNING,3.7,4.3,16.4,17.2
4353,0.7923,0,WARNING,3.7,3.7,15.8,16.7
4354,1.0,0,ANOMALY,6.3,19.4,24.3,22.5
4355,0.782,0,WARNING,3.7,3.3,17.0,16.8
4356,0.773,0,WARNING,3.7,3.4,15.3,16.8
4357,0.799,0,WARNING,3.9,4.6,16.4,17.6
4358,0.8181,0,WARNING,4.0,4.3,16.2,17.4
4359,0.8091,0,WARNING,3.9,5.3,24.4,22.8
4360,0.9946,0,WARNING,3.8,3.9,17.5,20.2
4361,0.8255,0,WARNING,3.9,3.9,17.5,18.3
4362,0.8146,0,WARNING,3.9,4.2,17.9,18.7
4363,0.8391,0,WARNING,3.9,4.1,17.8,18.4
4364,1.0,0,ANOMALY,8.4,22.9,27.1,24.1
4365,0.8165,0,WARNING,4.1,4.4,19.6,18.4
4366,0.8166,0,WARNING,3.9,4.2,16.6,17.9
4367,0.8071,0,WARNING,4.0,4.1,16.9,18.7
4368,0.8815,0,WARNING,4.2,5.2,16.2,17.7
4369,0.8186,0,WARNING,4.2,5.5,25.2,23.6
4370,0.805,0,WARNING,4.2,4.4,18.2,17.9
4371,0.797,0,WARNING,4.0,3.0,16.4,17.9
4372,0.7928,0,WARNING,4.1,4.1,16.8,18.5
4373,0.8324,0,WARNING,4.2,4.2,17.2,18.1
4374,1.0,0,ANOMALY,6.5,18.8,26.6,25.8
4375,0.8273,0,WARNING,4.3,4.2,19.6,18.7
4376,0.822,0,WARNING,4.4,4.4,18.2,19.1
4377,0.8109,0,WARNING,4.3,4.2,18.3,19.8
4378,0.8291,0,WARNING,4.3,3.8,18.4,19.9
4379,0.9432,0,WARNING,4.4,5.3,27.3,25.1
4380,0.9048,0,WARNING,4.6,5.3,20.0,19.3
4381,0.856,0,WARNING,4.5,5.5,18.4,19.5
4382,0.8424,0,WARNING,4.3,4.3,18.9,20.2
4383,0.8424,0,WARNING,4.3,3.6,19.5,20.3
4384,1.0,0,ANOMALY,10.5,24.6,28.0,25.5
4385,0.8343,0,WARNING,4.3,4.3,20.9,20.1
4386,0.8409,0,WARNING,4.3,4.4,19.6,20.1
4387,0.824,0,WARNING,4.4,4.6,18.8,20.0
4388,0.8309,0,WARNING,4.4,4.2,18.4,19.5
4389,0.8392,0,WARNING,4.5,4.7,24.0,23.1
4390,0.9974,0,WARNING,4.5,4.1,22.3,24.3
4391,0.8376,0,WARNING,4.5,4.6,17.8,18.8
4392,0.8256,0,WARNING,4.5,3.8,17.3,19.0
4393,0.844,0,WARNING,4.7,4.8,17.6,18.7
4394,1.0,0,ANOMALY,7.2,19.0,20.1,20.7
4395,0.8165,0,WARNING,4.6,4.9,24.1,22.8
4396,0.8184,0,WARNING,4.5,4.0,17.9,18.8
4397,0.8256,0,WARNING,4.5,4.4,17.8,20.4
4398,0.8274,0,WARNING,4.5,3.2,17.7,18.9
4399,0.8147,0,WARNING,4.5,4.3,17.2,18.7
4400,0.8308,0,WARNING,4.6,5.1,26.0,24.4
4401,0.8392,0,WARNING,4.7,4.4,18.3,18.8
4402,0.8471,0,WARNING,4.5,4.2,17.6,19.0
4403,0.7886,0,WARNING,4.6,4.4,17.5,18.9
4404,1.0,0,ANOMALY,10.2,24.0,17.7,19.0
4405,0.8369,0,WARNING,4.7,5.1,26.6,24.6
4406,0.8425,0,WARNING,4.7,3.4,19.4,19.1
4407,0.8239,0,WARNING,4.7,4.2,17.8,19.6
4408,0.8052,0,WARNING,4.8,3.8,17.4,19.2
4409,0.8308,0,WARNING,4.8,4.1,17.4,19.0
4410,0.8561,0,WARNING,4.8,5.4,26.0,24.0
4411,0.8221,0,WARNING,4.8,4.3,18.6,18.6
4412,0.8375,0,WARNING,4.7,4.1,17.0,18.5
4413,0.795,0,WARNING,4.6,4.3,16.8,18.5
4414,1.0,0,ANOMALY,7.0,18.2,17.7,19.1
4415,0.8269,0,WARNING,4.9,5.9,26.0,24.3
4416,0.7991,0,WARNING,4.8,3.7,18.7,19.0
4417,0.7971,0,WARNING,4.9,4.8,16.5,18.9
4418,0.8455,0,WARNING,5.0,4.5,17.3,19.3
4419,0.8308,0,WARNING,4.9,3.9,17.3,19.1
4420,1.0,0,ANOMALY,4.9,5.2,26.4,29.2
4421,0.7929,0,WARNING,4.9,4.2,18.7,19.2
4422,0.7991,0,WARNING,5.0,4.1,17.2,19.4
4423,0.807,0,WARNING,4.9,3.9,17.1,18.7
4424,1.0,0,ANOMALY,7.4,18.7,16.8,18.9
4425,0.8291,0,WARNING,4.9,4.5,25.6,24.1
4426,0.8071,0,WARNING,4.9,4.0,18.3,20.1
4427,0.8424,0,WARNING,4.8,4.2,17.2,19.0
4428,0.8274,0,WARNING,4.8,4.0,17.0,18.7
4429,0.8147,0,WARNING,4.7,4.5,16.4,18.5
4430,0.8341,0,WARNING,4.9,5.3,25.4,23.9
4431,0.8109,0,WARNING,4.9,4.4,18.6,18.6
4432,0.8342,0,WARNING,4.8,3.9,16.7,18.5
4433,0.797,0,WARNING,5.0,4.1,16.2,18.4
4434,1.0,0,ANOMALY,7.6,18.8,17.9,19.7
4435,0.9493,0,WARNING,5.2,5.0,26.8,25.1
4436,0.8166,0,WARNING,5.1,4.6,18.8,18.8
4437,0.8561,0,WARNING,5.2,4.8,18.2,19.7
4438,0.8221,0,WARNING,5.2,5.0,18.0,19.1
4439,0.9721,0,WARNING,5.5,6.3,16.4,18.0
4440,0.7731,0,WARNING,5.2,4.4,21.3,21.3
4441,0.7306,0,WARNING,5.1,4.3,19.0,19.0
4442,0.736,0,WARNING,5.1,3.0,14.2,16.8
4443,0.754,0,WARNING,5.0,3.3,13.0,15.8
4444,1.0,0,ANOMALY,10.8,22.9,12.3,15.6
4445,0.725,0,WARNING,5.0,4.3,15.2,17.0
4446,0.6583,0,WARNING,5.0,4.1,18.0,18.3
4447,0.6957,0,WARNING,5.0,3.4,11.5,14.9
4448,0.623,0,WARNING,5.0,4.0,11.4,14.9
4449,0.6627,0,WARNING,5.2,4.3,10.4,14.3
4450,0.9967,0,WARNING,5.1,2.9,10.0,17.2
4451,0.7146,0,WARNING,5.1,4.7,19.1,19.8
4452,0.5598,0,NORMAL,5.1,3.5,11.1,14.3
4453,0.621,0,WARNING,5.0,3.5,9.7,13.9
4454,0.998,0,WARNING,6.3,15.1,9.5,13.5
4455,0.5347,0,NORMAL,4.8,3.4,9.3,13.7
4456,0.7098,0,WARNING,5.0,4.8,18.8,19.2
4457,0.6434,0,WARNING,5.3,3.5,12.6,14.6
4458,0.6607,0,WARNING,5.4,3.6,10.7,14.2
4459,0.6279,0,WARNING,5.5,4.1,11.0,14.3
4460,0.5254,0,NORMAL,5.4,3.3,9.5,13.6
4461,0.6918,0,WARNING,5.3,4.5,17.9,18.9
4462,0.5268,0,NORMAL,5.0,3.4,10.5,13.2
4463,0.5398,0,NORMAL,4.9,3.3,8.6,13.2
4464,1.0,0,ANOMALY,9.6,21.4,8.5,13.1
4465,0.5497,0,NORMAL,4.9,3.1,8.5,13.0
4466,0.6962,0,WARNING,5.0,4.6,18.1,18.9
4467,0.5223,0,NORMAL,4.8,3.1,10.4,13.2
4468,0.5012,0,NORMAL,4.8,3.4,8.8,13.2
4469,0.4847,0,NORMAL,5.0,3.6,9.1,13.7
4470,0.5192,0,NORMAL,4.9,3.5,9.1,13.4
4471,0.6814,0,WARNING,4.9,4.4,17.6,18.5
4472,0.4959,0,NORMAL,4.8,3.4,10.1,13.1
4473,0.5149,0,NORMAL,4.8,3.3,8.7,12.9
4474,0.998,0,WARNING,6.5,16.8,9.0,13.1
4475,0.4681,0,NORMAL,4.8,3.3,9.0,13.2
4476,0.6779,0,WARNING,4.9,4.5,17.5,18.4
4477,0.4857,0,NORMAL,4.8,3.9,10.3,13.0
4478,0.4634,0,NORMAL,4.8,4.3,8.6,12.9
4479,0.5335,0,NORMAL,4.8,4.0,8.8,13.4
4480,0.9984,0,WARNING,4.7,3.0,8.3,16.3
4481,0.6688,0,WARNING,4.9,4.5,17.0,18.4
4482,0.4849,0,NORMAL,4.8,4.3,10.5,13.6
4483,0.4894,0,NORMAL,4.7,3.0,8.7,13.1
4484,1.0,0,ANOMALY,8.1,19.7,8.9,13.1
4485,0.4848,0,NORMAL,4.7,3.1,8.6,13.0
4486,0.6711,0,WARNING,4.8,3.7,17.2,18.1
4487,0.4593,0,NORMAL,4.7,3.9,10.3,12.8
4488,0.4064,0,NORMAL,4.6,3.5,8.3,12.9
4489,0.4288,0,NORMAL,4.6,3.2,8.5,13.2
4490,0.4102,0,NORMAL,4.6,3.5,9.3,14.0
4491,0.6185,0,WARNING,4.7,3.7,15.5,17.7
4492,0.4614,0,NORMAL,4.8,3.7,12.9,15.2
4493,0.4688,0,NORMAL,4.7,3.1,9.3,13.3
4494,1.0,0,WARNING,6.5,16.9,9.3,13.7
4495,0.4845,0,NORMAL,4.7,4.1,9.5,13.8
4496,0.5142,0,NORMAL,4.7,3.2,12.5,15.5
4497,0.6373,0,WARNING,4.8,4.0,16.5,17.9
4498,0.4965,0,NORMAL,4.8,3.5,9.9,13.9
4499,0.5156,0,NORMAL,4.6,2.8,8.4,13.4
4500,0.4349,0,NORMAL,4.7,3.1,8.2,13.3
4501,0.4986,0,NORMAL,4.7,3.3,8.2,13.1
4502,0.6684,0,WARNING,4.8,4.2,16.8,18.2
4503,0.4003,0,NORMAL,4.7,2.9,8.6,12.5
4504,1.0,0,ANOMALY,8.3,19.5,7.5,12.5
4505,0.4356,0,NORMAL,4.6,3.6,8.0,12.8
4506,0.4111,0,NORMAL,4.7,3.2,7.6,12.5
4507,0.6478,0,WARNING,4.8,4.5,15.9,17.8
4508,0.3878,0,NORMAL,4.7,3.4,8.5,12.4
4509,0.3351,0,NORMAL,4.7,3.4,7.0,12.3
4510,0.9902,0,WARNING,4.7,3.1,7.1,15.0
4511,0.3252,0,NORMAL,4.7,3.2,6.5,12.0
4512,0.6111,0,WARNING,4.8,4.5,14.8,17.1
4513,0.3781,0,NORMAL,4.7,3.5,7.9,12.1
4514,0.9978,0,WARNING,6.0,15.5,6.3,12.1
4515,0.3964,0,NORMAL,4.7,2.8,6.0,11.8
4516,0.6221,0,WARNING,4.8,3.8,6.3,11.9
4517,0.6165,0,WARNING,4.8,4.3,14.8,17.4
4518,0.3851,0,NORMAL,4.8,3.1,7.5,11.9
4519,0.3585,0,NORMAL,4.7,2.9,6.0,12.0
4520,0.4645,0,NORMAL,4.7,4.0,6.1,11.7
4521,0.4005,0,NORMAL,4.7,2.8,5.8,11.5
4522,0.6027,0,WARNING,4.8,3.8,14.5,17.1
4523,0.4145,0,NORMAL,4.8,3.1,7.5,11.8
4524,1.0,0,ANOMALY,8.9,20.3,5.8,11.8
4525,0.3914,0,NORMAL,4.8,3.3,5.8,11.6
4526,0.3387,0,NORMAL,4.8,2.5,5.5,11.3
4527,0.6051,0,WARNING,4.9,4.2,14.5,17.2
4528,0.2413,0,NORMAL,4.8,3.1,7.0,11.3
4529,0.3451,0,NORMAL,4.8,2.8,5.6,11.4
4530,0.3305,0,NORMAL,4.8,2.1,5.4,11.5
4531,0.2946,0,NORMAL,4.8,2.6,5.4,11.4
4532,0.6122,0,WARNING,5.0,4.2,14.7,17.6
4533,0.846,0,WARNING,5.0,4.5,7.7,11.8
4534,0.9977,0,WARNING,5.9,14.7,5.7,11.8
4535,0.3034,0,NORMAL,4.8,2.7,6.1,11.7
4536,0.3165,0,NORMAL,4.7,2.2,5.7,11.3
4537,0.5548,0,NORMAL,4.8,4.1,13.3,16.2
4538,0.401,0,NORMAL,5.0,3.4,7.8,12.2
4539,0.3893,0,NORMAL,4.8,3.0,5.2,11.4
4540,0.9913,0,WARNING,4.8,2.2,5.4,14.0
4541,0.3094,0,NORMAL,4.9,2.8,5.2,11.4
4542,0.422,0,NORMAL,4.9,3.4,10.3,14.9
4543,0.3629,0,NORMAL,4.9,3.4,10.1,13.9
4544,1.0,0,ANOMALY,9.3,20.5,5.4,11.5
4545,0.4095,0,NORMAL,4.9,2.7,5.9,11.5
4546,0.2756,0,NORMAL,4.9,2.6,5.5,11.2
4547,0.401,0,NORMAL,5.0,2.9,7.9,12.7
4548,0.4879,0,NORMAL,5.0,3.7,12.0,15.1
4549,0.3107,0,NORMAL,5.0,2.6,5.5,11.3
4550,0.2889,0,NORMAL,5.0,2.4,4.7,11.4
4551,0.2945,0,NORMAL,5.0,2.6,4.8,11.1
4552,0.3214,0,NORMAL,4.9,2.9,5.0,11.0
4553,0.5853,0,NORMAL,5.0,4.3,13.8,16.6
4554,0.997,0,WARNING,5.8,13.7,5.9,11.1
4555,0.3823,0,NORMAL,5.0,3.4,5.0,11.1
4556,0.2324,0,NORMAL,5.0,2.4,4.5,10.5
4557,0.249,0,NORMAL,5.0,2.3,5.2,11.5
4558,0.5925,0,NORMAL,5.1,3.3,13.9,16.6
4559,0.3357,0,NORMAL,5.0,2.2,6.7,11.4
4560,0.3233,0,NORMAL,5.0,2.1,5.4,11.4
4561,0.3688,0,NORMAL,5.0,2.0,5.4,11.1
4562,0.3616,0,NORMAL,5.0,2.3,5.3,11.1
4563,0.5943,0,NORMAL,5.2,3.6,13.8,16.6
4564,1.0,0,ANOMALY,8.5,19.2,6.4,10.9
4565,0.3781,0,NORMAL,5.1,2.8,4.5,10.8
4566,0.2528,0,NORMAL,5.1,1.8,4.3,10.7
4567,0.3371,0,NORMAL,5.2,3.7,4.5,11.0
4568,0.5742,0,NORMAL,5.4,5.9,13.4,16.6
4569,0.4256,0,NORMAL,5.2,2.6,6.3,10.9
4570,0.9984,0,WARNING,5.3,2.1,4.3,13.6
4571,0.318,0,NORMAL,5.3,2.7,4.6,10.7
4572,0.4167,0,NORMAL,5.3,2.8,4.8,10.5
4573,0.5723,0,NORMAL,5.3,3.2,13.6,16.1
4574,0.9977,0,WARNING,6.2,14.0,6.3,10.8
4575,0.4179,0,NORMAL,5.4,3.3,4.7,10.8
4576,0.2349,0,NORMAL,5.3,2.2,4.6,10.8
4577,0.2643,0,NORMAL,5.3,2.9,4.8,10.9
4578,0.5517,0,NORMAL,5.4,3.1,12.9,16.0
4579,0.3209,0,NORMAL,5.3,2.9,5.9,10.4
4580,0.3087,0,NORMAL,5.3,2.5,4.2,10.2
4581,0.2491,0,NORMAL,5.3,2.7,4.3,10.3
4582,0.2781,0,NORMAL,5.3,2.2,4.2,10.4
4583,0.5531,0,NORMAL,5.4,3.0,13.0,15.6
4584,1.0,0,ANOMALY,9.5,19.8,5.7,10.4
4585,0.4317,0,NORMAL,5.4,2.5,4.2,10.5
4586,0.3427,0,NORMAL,5.4,2.5,3.9,10.1
4587,0.3184,0,NORMAL,5.4,2.2,3.8,10.3
4588,0.4831,0,NORMAL,5.4,3.1,11.3,14.6
4589,0.221,0,NORMAL,5.4,2.3,6.5,10.7
4590,0.2785,0,NORMAL,5.3,2.1,3.8,10.1
4591,0.2556,0,NORMAL,5.4,1.9,3.7,10.1
4592,0.2655,0,NORMAL,5.2,1.4,3.9,9.7
4593,0.3512,0,NORMAL,5.4,2.4,9.0,13.0
4594,0.9976,0,WARNING,6.7,15.3,8.7,12.8
4595,0.3367,0,NORMAL,5.4,2.1,4.0,10.3
4596,0.2186,0,NORMAL,5.3,2.0,3.9,10.1
4597,0.2097,0,NORMAL,5.4,2.3,4.2,9.9
4598,0.2624,0,NORMAL,5.5,2.6,6.4,11.3
4599,0.4902,0,NORMAL,5.6,4.4,10.5,13.6
4600,0.9974,0,WARNING,5.5,2.6,4.3,12.7
4601,0.3715,0,NORMAL,5.4,2.8,3.7,9.5
4602,0.176,0,NORMAL,5.6,2.3,3.5,9.5
4603,0.3855,0,NORMAL,5.5,2.9,3.6,9.4
4604,1.0,0,ANOMALY,9.9,21.3,12.2,14.9
4605,0.5603,0,NORMAL,5.5,2.7,4.5,9.6
4606,0.2051,0,NORMAL,5.5,1.5,3.4,9.6
4607,0.2346,0,NORMAL,5.5,2.6,3.5,9.5
4608,0.1227,0,NORMAL,5.5,2.2,3.4,9.5
4609,0.532,0,NORMAL,5.6,3.2,12.3,15.0
4610,0.2784,0,NORMAL,5.5,2.6,5.0,9.4
4611,0.169,0,NORMAL,5.5,2.3,3.6,9.5
4612,0.3078,0,NORMAL,5.5,2.0,3.5,9.1
4613,0.1415,0,NORMAL,5.5,2.4,3.5,9.2
4614,1.0,0,ANOMALY,8.1,18.1,12.4,15.1
4615,0.5071,0,NORMAL,5.5,2.2,5.3,9.7
4616,0.2485,0,NORMAL,5.4,2.3,3.4,9.3
4617,0.2872,0,NORMAL,5.4,2.9,3.3,9.4
4618,0.2632,0,NORMAL,5.4,2.5,3.4,9.3
4619,0.6428,0,WARNING,5.6,3.9,12.1,14.6
4620,0.2808,0,NORMAL,5.5,1.7,4.8,9.3
4621,0.118,0,NORMAL,5.5,1.9,3.2,9.1
4622,0.1733,0,NORMAL,5.4,1.6,3.1,9.1
4623,0.4148,0,NORMAL,5.4,3.0,3.1,8.9
4624,0.9975,0,WARNING,7.0,16.5,11.9,14.3
4625,0.5502,0,NORMAL,5.5,2.3,5.0,8.8
4626,0.1793,0,NORMAL,5.5,2.4,3.3,8.8
4627,0.2173,0,NORMAL,5.4,2.1,3.0,8.5
4628,0.2169,0,NORMAL,5.4,2.3,3.0,8.4
4629,0.5157,0,NORMAL,5.5,3.1,11.9,14.1
4630,0.9901,0,WARNING,5.4,1.8,5.1,11.7
4631,0.3446,0,NORMAL,5.4,1.8,3.2,8.9
4632,0.1182,0,NORMAL,5.5,2.0,3.6,8.9
4633,0.1314,0,NORMAL,5.5,2.1,3.1,8.4
4634,1.0,0,ANOMALY,8.9,19.3,11.6,13.9
4635,0.5053,0,NORMAL,5.5,2.7,4.7,8.7
4636,0.2216,0,NORMAL,5.5,1.8,3.1,8.5
4637,0.1213,0,NORMAL,5.5,2.2,3.0,8.5
4638,0.1372,0,NORMAL,5.6,2.2,2.9,8.8
4639,0.4736,0,NORMAL,5.7,2.5,11.2,13.6
4640,0.2622,0,NORMAL,5.6,2.6,5.8,9.3
4641,0.2319,0,NORMAL,5.5,1.9,3.8,8.9
4642,0.1489,0,NORMAL,5.6,1.9,3.7,8.4
4643,0.3072,0,NORMAL,5.6,2.0,3.0,8.2
4644,1.0,0,ANOMALY,8.2,17.2,7.9,11.4
4645,0.4037,0,NORMAL,5.6,3.0,7.9,10.9
4646,0.2202,0,NORMAL,5.6,1.7,3.0,8.2
4647,0.2113,0,NORMAL,5.6,2.6,3.1,8.2
4648,0.1458,0,NORMAL,5.6,2.1,3.0,8.1
4649,0.1576,0,NORMAL,5.6,2.5,5.5,9.4
4650,0.6662,0,WARNING,5.8,4.3,9.8,11.9
4651,0.2393,0,NORMAL,5.6,2.5,3.3,8.2
4652,0.149,0,NORMAL,5.5,2.0,2.7,8.0
4653,0.1574,0,NORMAL,5.6,2.2,2.8,8.5
4654,1.0,0,ANOMALY,10.2,20.2,3.0,8.2
4655,0.5008,0,NORMAL,5.7,3.5,11.6,13.5
4656,0.3535,0,NORMAL,5.6,2.2,3.6,7.8
4657,0.3449,0,NORMAL,5.6,2.5,2.9,7.7
4658,0.2729,0,NORMAL,5.6,2.4,2.7,7.6
4659,0.286,0,NORMAL,5.7,3.1,2.8,7.9
4660,0.9958,0,WARNING,5.7,3.1,11.6,16.2
4661,0.5179,0,NORMAL,5.6,2.0,3.4,7.6
4662,0.1288,0,NORMAL,5.6,2.0,2.6,7.7
4663,0.1439,0,NORMAL,5.6,2.1,2.7,8.0
4664,1.0,0,ANOMALY,9.2,18.9,2.9,8.3
4665,0.5206,0,NORMAL,5.7,2.9,11.9,13.2
4666,0.3056,0,NORMAL,5.6,1.6,2.7,7.7
4667,0.3079,0,NORMAL,5.6,2.1,2.7,7.7
4668,0.18,0,NORMAL,5.6,2.0,2.8,7.8
4669,0.1626,0,NORMAL,5.6,1.7,2.7,8.0
4670,0.5182,0,NORMAL,5.7,3.0,11.9,13.6
4671,0.3107,0,NORMAL,5.6,2.6,3.4,7.9
4672,0.2631,0,NORMAL,5.6,1.8,2.7,7.7
4673,0.2103,0,NORMAL,5.7,2.5,2.7,7.8
4674,1.0,0,ANOMALY,7.9,16.3,2.8,7.6
4675,0.5072,0,NORMAL,5.9,3.1,11.6,13.0
4676,0.4868,0,NORMAL,5.8,2.0,2.9,7.6
4677,0.3944,0,NORMAL,5.7,2.3,2.7,7.9
4678,0.3141,0,NORMAL,5.7,2.1,2.5,7.8
4679,0.2408,0,NORMAL,5.7,1.8,2.7,7.9
4680,0.5113,0,NORMAL,5.8,3.2,11.7,13.4
4681,0.3043,0,NORMAL,5.7,1.8,4.4,8.2
4682,0.3084,0,NORMAL,5.7,1.5,2.9,7.6
4683,0.3072,0,NORMAL,5.7,2.1,2.7,7.6
4684,1.0,0,ANOMALY,9.8,19.5,2.6,7.7
4685,0.5051,0,NORMAL,5.9,3.6,11.5,13.2
4686,0.4517,0,NORMAL,5.8,2.6,4.4,7.5
4687,0.1231,0,NORMAL,5.9,2.0,3.4,8.3
4688,0.1367,0,NORMAL,5.9,2.0,3.7,8.5
4689,0.1462,0,NORMAL,5.9,2.4,3.6,8.4
4690,0.9932,0,WARNING,5.9,3.2,11.4,15.9
4691,0.5028,0,NORMAL,5.8,2.1,5.2,8.3
4692,0.1701,0,NORMAL,5.8,2.4,2.6,7.7
4693,0.2488,0,NORMAL,5.8,2.7,2.7,7.8
4694,1.0,0,WARNING,7.7,16.1,2.8,8.1
4695,0.3055,0,NORMAL,5.9,3.0,7.9,11.3
4696,0.222,0,NORMAL,5.8,2.5,7.2,10.0
4697,0.1794,0,NORMAL,5.8,2.2,2.8,7.9
4698,0.2174,0,NORMAL,5.8,2.0,2.6,8.0
4699,0.3073,0,NORMAL,5.8,2.0,2.6,7.8
4700,0.1591,0,NORMAL,5.8,2.1,4.9,9.1
4701,0.3855,0,NORMAL,5.9,3.0,9.6,11.8
4702,0.256,0,NORMAL,5.8,2.0,2.6,7.8
4703,0.156,0,NORMAL,5.8,2.0,2.5,7.6
4704,1.0,0,ANOMALY,9.7,19.7,2.7,7.7
4705,0.3681,0,NORMAL,5.8,2.7,2.6,7.7
4706,0.4968,0,NORMAL,5.9,2.7,11.2,13.0
4707,0.2357,0,NORMAL,5.8,2.7,2.6,7.8
4708,0.1429,0,NORMAL,5.8,2.5,2.6,7.8
4709,0.1537,0,NORMAL,5.9,1.9,2.4,7.7
4710,0.1628,0,NORMAL,5.9,2.2,2.6,7.6
4711,0.4938,0,NORMAL,6.0,3.6,11.2,13.1
4712,0.2945,0,NORMAL,5.8,2.0,2.9,7.8
4713,0.1544,0,NORMAL,5.8,2.3,2.5,7.6
4714,1.0,0,ANOMALY,9.5,19.2,2.5,7.4
4715,0.4378,0,NORMAL,5.8,3.1,2.6,7.7
4716,0.5039,0,NORMAL,5.9,3.1,11.5,13.0
4717,0.2472,0,NORMAL,5.8,2.2,3.9,7.6
4718,0.1333,0,NORMAL,5.8,2.2,2.8,7.8
4719,0.1448,0,NORMAL,5.9,2.2,3.5,8.5
4720,0.9932,0,WARNING,5.8,3.0,3.5,10.7
4721,0.5379,0,NORMAL,5.9,3.6,12.5,13.6
4722,0.9771,0,WARNING,6.2,5.0,5.0,7.8
4723,0.4868,0,NORMAL,5.9,2.3,2.7,7.2
4724,1.0,0,ANOMALY,7.8,16.6,2.6,7.3
4725,0.1318,0,NORMAL,5.8,2.3,2.5,7.5
4726,0.4967,0,NORMAL,5.9,2.8,11.4,12.9
4727,0.2775,0,NORMAL,5.8,2.4,3.9,7.5
4728,0.136,0,NORMAL,5.8,2.0,2.8,7.4
4729,0.307,0,NORMAL,5.8,1.9,2.6,7.3
4730,0.1616,0,NORMAL,5.8,2.0,2.6,7.2
4731,0.4954,0,NORMAL,5.9,3.3,11.4,12.8
4732,0.296,0,NORMAL,5.8,1.8,4.3,7.3
4733,0.1485,0,NORMAL,5.8,2.1,2.6,7.9
4734,1.0,0,ANOMALY,8.6,17.6,3.0,7.7
4735,0.2732,0,NORMAL,5.8,2.2,3.2,7.9
4736,0.4984,0,NORMAL,6.0,2.8,11.6,13.0
4737,0.2736,0,NORMAL,5.8,2.1,4.3,7.6
4738,0.3878,0,NORMAL,5.8,2.1,2.5,7.5
4739,0.1407,0,NORMAL,5.8,2.2,2.5,7.8
4740,0.15,0,NORMAL,5.8,2.4,3.2,8.0
4741,0.4413,0,NORMAL,5.9,3.8,10.4,12.3
4742,0.2792,0,NORMAL,5.8,2.4,5.5,8.5
4743,0.1436,0,NORMAL,5.8,2.2,2.7,7.6
4744,1.0,0,ANOMALY,8.8,17.9,2.8,7.6
4745,0.2859,0,NORMAL,5.8,2.6,2.7,7.5
4746,0.3069,0,NORMAL,5.8,2.7,7.7,10.6
4747,0.2293,0,NORMAL,5.8,3.1,7.4,10.0
4748,0.2013,0,NORMAL,5.8,2.7,2.9,7.6
4749,0.7592,0,WARNING,6.0,3.4,2.5,7.4
4750,0.9996,0,WARNING,5.9,2.4,2.6,10.6
4751,0.3357,0,NORMAL,5.9,2.4,4.9,8.7
4752,0.367,0,NORMAL,6.0,2.6,9.1,11.1
4753,0.3094,0,NORMAL,5.8,2.1,2.3,7.0
4754,1.0,0,ANOMALY,9.4,19.3,2.4,7.0
4755,0.2414,0,NORMAL,5.8,1.9,2.2,6.9
4756,0.1477,0,NORMAL,5.8,1.9,2.3,7.0
4757,0.4913,0,NORMAL,5.9,3.0,11.0,12.6
4758,0.224,0,NORMAL,5.9,1.6,2.6,7.3
4759,0.158,0,NORMAL,5.8,2.4,2.6,7.3
4760,0.1668,0,NORMAL,5.8,2.2,2.5,7.0
4761,0.2166,0,NORMAL,5.9,1.7,2.3,6.7
4762,0.4963,0,NORMAL,6.0,2.6,11.3,12.4
4763,0.2887,0,NORMAL,5.9,2.6,2.3,6.9
4764,1.0,0,ANOMALY,8.2,17.1,2.9,7.6
4765,0.249,0,NORMAL,5.9,2.0,3.8,7.9
4766,0.181,0,NORMAL,5.9,2.1,4.0,7.8
4767,0.551,0,NORMAL,6.0,3.8,12.9,13.5
4768,0.3057,0,NORMAL,5.8,2.5,5.2,7.5
4769,0.308,0,NORMAL,5.8,2.0,2.6,6.8
4770,0.2163,0,NORMAL,5.8,2.2,2.6,6.9
4771,0.1595,0,NORMAL,5.8,2.0,2.4,7.0
4772,0.5016,0,NORMAL,5.8,2.8,11.5,12.7
4773,0.3004,0,NORMAL,5.7,1.9,2.3,6.8
4774,1.0,0,ANOMALY,9.6,19.3,2.3,7.1
4775,0.3339,0,NORMAL,5.8,2.0,2.3,6.9
4776,0.2248,0,NORMAL,5.8,1.3,2.2,6.7
4777,0.4913,0,NORMAL,5.9,2.5,11.1,12.3
4778,0.3102,0,NORMAL,5.8,2.2,2.4,6.9
4779,0.1634,0,NORMAL,5.8,1.6,2.3,7.0
4780,0.9963,0,WARNING,5.9,2.4,2.3,9.9
4781,0.2868,0,NORMAL,5.8,2.3,2.2,6.9
4782,0.51,0,NORMAL,6.1,3.1,11.3,12.5
4783,0.4315,0,NORMAL,6.0,1.8,2.5,6.7
4784,1.0,0,ANOMALY,9.8,18.9,2.3,7.0
4785,0.3453,0,NORMAL,5.9,2.1,2.2,6.9
4786,0.3438,0,NORMAL,5.9,1.7,2.2,7.0
4787,0.4913,0,NORMAL,6.0,3.0,11.1,12.4
4788,0.2669,0,NORMAL,5.9,1.9,3.3,7.0
4789,0.1717,0,NORMAL,5.9,2.1,2.5,7.1
4790,0.1603,0,NORMAL,5.9,1.8,2.2,7.0
4791,0.1701,0,NORMAL,5.9,1.4,2.2,6.8
4792,0.4469,0,NORMAL,6.0,2.6,10.3,11.8
4793,0.279,0,NORMAL,5.9,2.2,3.9,7.5
4794,1.0,0,ANOMALY,8.7,17.3,2.4,7.0
4795,0.2692,0,NORMAL,5.9,2.3,2.3,6.9
4796,0.2247,0,NORMAL,5.9,1.6,2.4,6.8
4797,0.2978,0,NORMAL,5.9,2.6,7.5,10.3
4798,0.2046,0,NORMAL,5.9,2.3,6.5,9.3
4799,0.1541,0,NORMAL,5.9,2.5,2.4,7.0
4800,0.4294,0,NORMAL,5.9,2.1,2.3,6.8
4801,0.2297,0,NORMAL,5.9,2.3,2.3,6.9
4802,0.2166,0,NORMAL,5.9,2.1,4.7,8.6
4803,0.3735,0,NORMAL,6.0,2.5,8.5,11.1
4804,1.0,0,ANOMALY,9.7,19.0,2.4,7.0
4805,0.5099,0,NORMAL,5.9,3.0,2.3,6.9
4806,0.4087,0,NORMAL,5.9,2.3,2.3,6.9
4807,0.1607,0,NORMAL,5.9,1.7,2.2,7.1
4808,0.4859,0,NORMAL,6.0,2.9,11.0,12.5
4809,0.3104,0,NORMAL,6.0,1.8,2.4,7.0
4810,0.9977,0,WARNING,6.0,1.7,2.4,10.1
4811,0.2918,0,NORMAL,5.9,1.8,2.3,7.0
4812,0.1866,0,NORMAL,5.9,1.5,2.3,7.0
4813,0.491,0,NORMAL,6.0,3.0,11.1,12.4
4814,1.0,0,ANOMALY,9.6,18.2,2.4,7.1
4815,0.3473,0,NORMAL,5.9,1.7,2.3,7.2
4816,0.1376,0,NORMAL,5.9,1.9,2.3,6.9
4817,0.3866,0,NORMAL,5.9,2.0,2.3,7.1
4818,0.4912,0,NORMAL,6.0,3.0,11.2,12.6
4819,0.2429,0,NORMAL,5.9,1.5,2.2,6.9
4820,0.1593,0,NORMAL,6.0,1.8,2.2,6.9
4821,0.3117,0,NORMAL,5.9,2.5,2.3,7.0
4822,0.2096,0,NORMAL,5.9,1.7,2.2,6.8
4823,0.491,0,NORMAL,6.0,2.6,11.1,12.5
4824,1.0,0,ANOMALY,9.3,18.5,2.2,7.0
4825,0.3655,0,NORMAL,5.9,2.0,2.2,7.0
4826,0.1488,0,NORMAL,5.9,1.6,2.4,7.1
4827,0.2039,0,NORMAL,5.9,2.1,2.3,7.2
4828,0.5017,0,NORMAL,6.0,2.4,11.3,12.7
4829,0.3041,0,NORMAL,6.0,2.4,2.5,7.2
4830,0.1564,0,NORMAL,5.9,1.8,2.4,7.1
4831,0.1649,0,NORMAL,5.8,1.8,2.4,7.2
4832,0.2226,0,NORMAL,5.8,1.7,2.4,7.2
4833,0.4963,0,NORMAL,5.9,3.1,11.3,12.5
4834,1.0,0,ANOMALY,8.8,17.7,2.8,7.2
4835,0.3504,0,NORMAL,5.8,2.2,2.4,7.0
4836,0.2311,0,NORMAL,5.8,1.9,2.5,7.0
4837,0.2724,0,NORMAL,5.9,2.5,2.2,7.0
4838,0.4965,0,NORMAL,6.0,3.3,11.3,12.6
4839,0.3531,0,NORMAL,5.9,2.4,3.2,7.0
4840,0.994,0,WARNING,6.0,2.4,2.5,9.9
4841,0.3082,0,NORMAL,5.8,2.7,2.3,6.9
4842,0.1511,0,NORMAL,5.8,2.6,2.4,7.0
4843,0.4583,0,NORMAL,5.9,3.2,10.5,12.0
4844,1.0,0,ANOMALY,9.3,19.1,3.7,7.5
4845,0.3528,0,NORMAL,5.8,2.2,2.3,7.0
4846,0.2558,0,NORMAL,5.8,1.2,2.4,7.0
4847,0.151,0,NORMAL,5.9,2.1,2.3,6.9
4848,0.3867,0,NORMAL,6.0,2.6,7.6,10.2
4849,0.219,0,NORMAL,5.9,2.6,6.6,9.2
4850,0.1896,0,NORMAL,5.9,1.3,2.3,7.0
4851,0.1634,0,NORMAL,5.9,1.8,2.4,7.0
4852,0.1709,0,NORMAL,5.9,2.2,2.2,6.8
4853,0.1807,0,NORMAL,6.0,2.3,4.9,8.6
4854,1.0,0,ANOMALY,9.1,18.3,8.5,11.0
4855,0.4933,0,NORMAL,5.9,2.6,2.3,6.8
4856,0.3074,0,NORMAL,5.9,1.5,2.3,6.9
4857,0.1596,0,NORMAL,5.9,2.0,2.4,7.2
4858,0.1949,0,NORMAL,5.9,1.8,2.8,7.4
4859,0.5016,0,NORMAL,6.0,3.5,11.4,12.6
4860,0.2898,0,NORMAL,6.0,1.7,2.6,7.1
4861,0.1602,0,NORMAL,5.9,1.6,2.4,7.0
4862,0.1674,0,NORMAL,6.0,1.7,2.4,7.0
4863,0.1734,0,NORMAL,6.0,1.5,2.4,6.8
4864,1.0,0,ANOMALY,12.2,23.7,11.3,12.6
4865,0.6658,0,WARNING,6.0,2.1,2.4,6.8
4866,0.2558,0,NORMAL,6.0,1.7,2.5,6.9
4867,0.1523,0,NORMAL,6.0,2.0,2.4,7.1
4868,0.1626,0,NORMAL,6.0,1.7,2.4,7.0
4869,0.5017,0,NORMAL,6.1,2.9,11.4,12.5
4870,0.9901,0,WARNING,6.0,1.8,2.6,9.5
4871,0.3,0,NORMAL,6.0,2.0,2.5,7.0
4872,0.3072,0,NORMAL,6.0,2.0,2.3,6.7
4873,0.2189,0,NORMAL,5.9,1.5,2.4,6.9
4874,1.0,0,ANOMALY,8.4,17.6,11.3,12.4
4875,0.4508,0,NORMAL,6.0,2.7,2.4,6.7
4876,0.2308,0,NORMAL,6.0,1.1,2.5,6.8
4877,0.157,0,NORMAL,6.0,2.0,2.3,6.8
4878,0.167,0,NORMAL,6.0,1.5,2.3,6.7
4879,0.4964,0,NORMAL,6.2,3.3,11.2,12.1
4880,0.2665,0,NORMAL,6.1,1.8,2.7,6.5
4881,0.2173,0,NORMAL,6.0,1.7,2.3,6.4
4882,0.1736,0,NORMAL,6.1,1.9,2.4,6.7
4883,0.1799,0,NORMAL,6.1,1.6,2.7,6.9
4884,1.0,0,ANOMALY,11.1,21.6,11.5,12.4
4885,0.6262,0,WARNING,6.1,2.1,3.3,6.9
4886,0.2692,0,NORMAL,6.1,2.2,2.5,6.9
4887,0.2167,0,NORMAL,6.1,2.4,2.8,7.1
4888,0.8555,0,WARNING,6.3,3.6,2.8,7.1
4889,0.517,0,NORMAL,6.2,3.0,10.5,12.2
4890,0.2229,0,NORMAL,6.1,2.1,4.4,6.9
4891,0.1376,0,NORMAL,6.1,2.1,2.7,7.0
4892,0.1542,0,NORMAL,6.1,1.7,2.8,7.1
4893,0.2103,0,NORMAL,6.1,2.3,2.7,7.0
4894,0.9997,0,WARNING,8.0,16.2,10.1,11.8
4895,0.4036,0,NORMAL,6.2,2.4,4.6,7.0
4896,0.3078,0,NORMAL,6.2,1.6,2.7,6.7
4897,0.1446,0,NORMAL,6.2,2.3,2.8,7.0
4898,0.1624,0,NORMAL,6.2,1.8,2.7,6.7
4899,0.347,0,NORMAL,6.3,2.2,7.4,10.1
4900,0.998,0,WARNING,6.3,2.4,6.6,11.8
4901,0.4309,0,NORMAL,6.3,2.8,2.5,6.4
4902,0.2763,0,NORMAL,6.3,2.2,2.6,6.6
4903,0.3865,0,NORMAL,6.3,2.1,2.4,6.5
4904,1.0,0,ANOMALY,11.1,21.1,4.5,8.1
4905,0.4368,0,NORMAL,6.3,2.5,8.4,10.3
4906,0.2245,0,NORMAL,6.3,1.8,2.7,6.6
4907,0.1409,0,NORMAL,6.3,2.1,2.5,6.6
4908,1.0,0,ANOMALY,6.2,2.3,2.4,8.6
4909,0.1582,0,NORMAL,6.2,1.7,2.5,6.6
4910,0.5016,0,NORMAL,6.3,3.3,9.8,11.5
4911,0.3097,0,NORMAL,6.2,2.0,2.5,6.5
4912,0.3874,0,NORMAL,6.2,2.1,2.5,6.3
4913,0.1691,0,NORMAL,6.2,1.7,2.3,6.4
4914,1.0,0,WARNING,8.0,15.6,2.4,6.6
4915,0.5071,0,NORMAL,6.3,3.2,9.7,11.5
4916,0.2734,0,NORMAL,6.2,1.5,2.4,6.2
4917,0.1568,0,NORMAL,6.2,2.1,2.3,6.4
4918,0.1664,0,NORMAL,6.2,2.1,2.3,6.2
4919,0.3066,0,NORMAL,6.2,1.8,2.3,6.2
4920,0.4963,0,NORMAL,6.3,2.7,9.5,11.2
4921,0.2287,0,NORMAL,6.2,2.0,2.4,6.2
4922,0.1691,0,NORMAL,6.2,1.6,2.4,6.4
4923,0.1741,0,NORMAL,6.2,2.3,2.3,6.2
4924,1.0,0,ANOMALY,10.9,20.5,2.3,6.2
4925,0.4969,0,NORMAL,6.3,2.0,9.5,11.2
4926,0.2752,0,NORMAL,6.2,1.7,2.2,6.1
4927,0.3074,0,NORMAL,6.2,2.0,2.2,6.1
4928,0.2165,0,NORMAL,6.2,1.9,2.4,6.3
4929,0.1758,0,NORMAL,6.2,1.9,2.1,5.9
4930,0.9993,0,WARNING,6.4,2.1,9.7,14.6
4931,0.5035,0,NORMAL,6.3,1.8,2.1,5.9
4932,0.1436,0,NORMAL,6.3,2.0,2.1,5.9
4933,0.1576,0,NORMAL,6.2,2.2,2.2,6.1
4934,1.0,0,ANOMALY,8.5,16.6,2.0,5.8
4935,0.4967,0,NORMAL,6.4,2.5,9.6,11.1
4936,0.3094,0,NORMAL,6.3,2.0,2.4,5.7
4937,0.1567,0,NORMAL,6.3,2.2,2.2,6.1
4938,0.1665,0,NORMAL,6.2,1.5,2.3,6.0
4939,0.1757,0,NORMAL,6.2,1.8,2.1,5.7
4940,0.4911,0,NORMAL,6.3,2.2,9.5,11.0
4941,0.2325,0,NORMAL,6.3,2.0,2.9,5.6
4942,0.2169,0,NORMAL,6.3,2.0,1.9,5.6
4943,0.3864,0,NORMAL,6.3,2.1,2.1,5.7
4944,1.0,0,ANOMALY,11.4,20.7,2.1,5.7
4945,0.4755,0,NORMAL,6.3,2.0,9.1,10.6
4946,0.3995,0,NORMAL,6.4,2.6,2.9,5.7
4947,0.5567,0,NORMAL,6.4,2.7,2.1,5.6
4948,0.1913,0,NORMAL,6.3,2.0,2.1,5.7
4949,0.1712,0,NORMAL,6.3,2.0,2.1,5.5
4950,0.3735,0,NORMAL,6.3,3.0,7.4,9.3
4951,0.3087,0,NORMAL,6.3,2.2,4.6,6.8
4952,0.1698,0,NORMAL,6.3,2.0,2.0,5.4
4953,0.1782,0,NORMAL,6.3,2.4,1.9,5.5
4954,0.9966,0,WARNING,7.5,14.4,2.0,5.4
4955,0.1827,0,NORMAL,6.3,2.1,4.5,7.2
4956,0.3539,0,NORMAL,6.3,2.2,6.8,9.0
4957,0.5502,0,NORMAL,6.4,2.9,2.0,5.4
4958,0.3868,0,NORMAL,6.3,1.5,2.0,5.2
4959,0.216,0,NORMAL,6.4,2.0,1.9,5.2
4960,0.994,0,WARNING,6.4,1.5,2.0,8.1
4961,0.491,0,NORMAL,6.6,2.7,9.3,10.5
4962,0.3016,0,NORMAL,6.4,2.4,2.1,5.2
4963,0.2085,0,NORMAL,6.4,2.3,1.9,5.1
4964,1.0,0,ANOMALY,11.7,21.4,1.9,5.1
4965,0.4016,0,NORMAL,6.4,1.8,1.9,5.1
4966,0.4861,0,NORMAL,6.4,2.2,9.3,10.3
4967,0.3889,0,NORMAL,6.4,1.8,1.9,5.0
4968,0.161,0,NORMAL,6.4,1.6,1.9,5.2
4969,0.1929,0,NORMAL,6.4,2.2,1.9,5.1
4970,0.2184,0,NORMAL,6.4,2.2,1.7,5.0
4971,0.4857,0,NORMAL,6.5,2.2,9.3,10.4
4972,0.2204,0,NORMAL,6.5,1.3,1.8,5.0
4973,0.1817,0,NORMAL,6.5,1.8,1.8,5.0
4974,1.0,0,ANOMALY,9.0,16.5,1.8,4.9
4975,0.2368,0,NORMAL,6.5,1.9,1.8,5.1
4976,0.4913,0,NORMAL,6.5,1.8,9.5,10.5
4977,0.7246,0,WARNING,4.9,2.2,3.2,6.3
4978,0.1799,0,NORMAL,3.3,1.5,1.9,5.3
4979,0.214,0,NORMAL,3.3,1.8,1.9,5.1
4980,0.4016,0,NORMAL,3.4,1.9,1.7,4.9
4981,0.8294,0,WARNING,3.6,3.7,9.4,10.2
4982,0.4636,0,NORMAL,3.4,2.4,1.6,4.6
4983,0.3067,0,NORMAL,3.3,1.4,1.6,4.6
4984,1.0,0,ANOMALY,7.3,19.1,1.7,4.8
4985,0.3438,0,NORMAL,3.3,2.1,1.7,4.7
4986,0.4806,0,NORMAL,3.3,1.7,9.2,9.7
4987,0.2631,0,NORMAL,3.3,1.6,1.7,4.7
4988,0.2741,0,NORMAL,3.3,1.3,1.8,4.8
4989,0.2833,0,NORMAL,3.3,1.4,1.8,4.7
4990,0.9986,0,WARNING,3.3,1.7,2.1,9.3
4991,0.491,0,NORMAL,3.4,2.2,9.9,11.7
4992,0.3469,0,NORMAL,3.4,2.1,2.8,6.7
4993,0.3118,0,NORMAL,3.4,1.3,2.0,5.8
4994,1.0,0,ANOMALY,6.3,17.4,1.7,5.6
4995,0.247,0,NORMAL,3.3,1.9,1.5,4.5
4996,0.486,0,NORMAL,3.3,1.5,9.3,9.8
4997,0.2544,0,NORMAL,3.4,2.0,2.1,4.5
4998,0.3064,0,NORMAL,3.4,1.5,1.5,4.3
4999,0.2794,0,NORMAL,3.4,1.5,1.7,4.5
5000,0.2892,0,NORMAL,3.4,1.1,1.4,4.3
5001,0.3534,0,NORMAL,3.4,1.5,7.0,8.2
5002,0.2869,0,NORMAL,3.4,1.7,4.5,6.0
5003,0.2829,0,NORMAL,3.5,1.3,1.5,4.4
5004,1.0,0,ANOMALY,7.5,19.2,1.6,4.4
5005,0.3643,0,NORMAL,3.4,1.7,1.6,4.3
5006,0.3061,0,NORMAL,3.5,1.7,3.9,5.9
5007,0.3264,0,NORMAL,3.4,1.8,6.4,7.7
5008,0.2763,0,NORMAL,3.4,0.9,1.4,4.3
5009,0.2854,0,NORMAL,3.4,1.5,1.4,4.3
5010,0.2935,0,NORMAL,3.4,1.1,1.5,4.4
5011,0.299,0,NORMAL,3.4,1.4,1.5,4.3
5012,0.4802,0,NORMAL,3.4,2.0,9.0,9.7
5013,0.3092,0,NORMAL,3.4,1.3,1.5,4.1
5014,1.0,0,ANOMALY,5.5,15.8,1.4,4.2
5015,0.2829,0,NORMAL,3.4,1.4,1.4,4.2
5016,0.2902,0,NORMAL,3.4,1.0,1.4,4.1
5017,0.4804,0,NORMAL,3.5,2.4,9.1,9.4
5018,0.2805,0,NORMAL,3.4,1.2,1.3,4.0
5019,0.2884,0,NORMAL,3.4,1.8,1.3,4.1
5020,0.9958,0,WARNING,3.4,1.9,1.4,7.0
5021,0.2792,0,NORMAL,3.4,1.5,1.3,3.9
5022,0.4748,0,NORMAL,3.5,3.1,9.0,9.2
5023,0.2815,0,NORMAL,3.4,1.6,1.4,4.0
5024,1.0,0,ANOMALY,7.5,19.1,1.3,4.0
5025,0.3076,0,NORMAL,3.4,2.0,1.3,4.0
5026,0.9999,0,WARNING,3.3,1.5,1.2,3.9
5027,0.4805,0,NORMAL,3.5,1.9,9.1,9.3
5028,0.2727,0,NORMAL,3.5,1.4,1.4,3.9
5029,0.3067,0,NORMAL,3.5,1.2,1.2,3.8
5030,0.3059,0,NORMAL,3.5,1.2,1.3,3.8
5031,0.3015,0,NORMAL,3.5,1.6,1.3,4.0
5032,0.4748,0,NORMAL,3.6,2.1,9.2,9.3
5033,0.2891,0,NORMAL,3.5,1.9,1.5,4.0
5034,1.0,0,ANOMALY,5.6,16.0,1.3,3.9
5035,0.2831,0,NORMAL,3.5,1.5,1.2,3.8
5036,0.2911,0,NORMAL,3.5,1.2,1.4,3.9
5037,0.4804,0,NORMAL,3.5,2.2,9.4,9.4
5038,0.9999,0,WARNING,3.4,1.2,1.3,3.7
5039,0.2896,0,NORMAL,3.5,1.0,1.2,3.8
5040,0.2969,0,NORMAL,3.5,1.4,1.2,3.9
5041,0.3022,0,NORMAL,3.4,1.7,1.2,3.8
5042,0.4748,0,NORMAL,3.4,1.7,9.2,9.2
5043,0.2905,0,NORMAL,3.4,1.5,1.9,3.8
5044,1.0,0,ANOMALY,8.3,20.0,1.3,3.8
5045,0.4175,0,NORMAL,3.5,1.4,1.2,3.7
5046,0.3858,0,NORMAL,3.5,0.8,1.2,3.6
5047,0.4751,0,NORMAL,3.5,2.2,9.3,9.2
5048,0.9999,0,WARNING,3.4,1.3,1.8,3.8
5049,0.2809,0,NORMAL,3.5,1.4,1.2,3.6
5050,0.9999,0,WARNING,3.4,1.5,1.2,6.3
5051,0.8774,0,WARNING,3.7,3.0,1.3,3.9
5052,0.3466,0,NORMAL,3.5,2.6,7.2,8.2
5053,0.3882,0,NORMAL,3.5,1.9,4.6,5.5
5054,1.0,0,ANOMALY,5.4,15.8,1.4,3.8
5055,0.273,0,NORMAL,3.5,1.5,1.2,3.7
5056,0.2842,0,NORMAL,3.5,1.4,1.2,3.7
5057,0.2938,0,NORMAL,3.5,1.7,3.9,5.5
5058,0.3331,0,NORMAL,3.4,1.7,6.5,7.4
5059,0.2887,0,NORMAL,3.4,1.5,1.3,3.7
5060,0.2959,0,NORMAL,3.5,1.7,1.2,3.5
5061,0.3058,0,NORMAL,3.5,1.6,1.3,3.6
5062,0.9999,0,WARNING,3.4,0.9,1.2,3.6
5063,0.4802,0,NORMAL,3.5,2.1,9.2,9.0
5064,1.0,0,ANOMALY,6.9,18.2,1.3,3.6
5065,0.3649,0,NORMAL,3.6,1.8,1.2,3.6
5066,0.2835,0,NORMAL,3.6,1.2,1.2,3.5
5067,0.3208,0,NORMAL,3.6,2.4,1.2,3.7
5068,0.4749,0,NORMAL,3.6,3.0,9.2,8.8
5069,0.309,0,NORMAL,3.6,1.2,1.2,3.5
5070,0.9999,0,WARNING,3.5,2.1,1.2,3.5
5071,0.9999,0,WARNING,3.5,1.8,1.1,3.6
5072,0.9999,0,WARNING,3.5,1.2,1.2,3.6
5073,0.4747,0,NORMAL,3.6,2.2,9.2,8.8
5074,1.0,0,ANOMALY,6.4,16.8,1.2,3.6
5075,0.3238,0,NORMAL,3.6,1.5,1.1,3.5
5076,0.9999,0,WARNING,3.5,1.5,1.1,3.4
5077,0.9999,0,WARNING,3.4,1.3,1.2,3.5
5078,0.4749,0,NORMAL,3.6,1.9,9.2,8.7
5079,0.2881,0,NORMAL,3.6,1.1,1.1,3.5
5080,0.998,0,WARNING,3.6,1.7,1.2,6.5
5081,0.9999,0,WARNING,3.5,1.5,1.2,3.6
5082,0.2867,0,NORMAL,3.7,2.2,1.2,3.6
5083,0.4748,0,NORMAL,3.6,2.4,9.2,8.8
5084,1.0,0,ANOMALY,7.3,18.7,1.2,3.4
5085,0.3216,0,NORMAL,3.6,1.8,1.2,3.5
5086,0.2967,0,NORMAL,3.6,0.9,1.2,3.5
5087,0.2876,0,NORMAL,3.6,1.8,1.3,3.6
5088,0.4749,0,NORMAL,3.6,2.0,9.4,8.9
5089,0.283,0,NORMAL,3.6,1.5,1.2,3.6
5090,0.9999,0,WARNING,3.5,1.4,1.3,3.7
5091,0.9999,0,WARNING,3.5,1.8,1.3,3.8
5092,0.9999,0,WARNING,3.5,1.3,1.3,3.6
5093,0.8957,0,WARNING,3.8,3.7,9.2,8.7
5094,1.0,0,ANOMALY,6.4,17.0,1.8,3.4
5095,0.9999,0,WARNING,3.5,1.6,1.0,3.3
5096,0.9999,0,WARNING,3.5,1.3,1.1,3.3
5097,0.9999,0,WARNING,3.5,1.6,1.2,3.5
5098,0.4694,0,NORMAL,3.6,1.4,9.1,8.6
5099,0.2855,0,NORMAL,3.6,2.6,1.7,3.4
5100,0.9999,0,WARNING,3.7,4.2,1.1,3.2
5101,0.9999,0,WARNING,3.5,1.2,1.1,3.2
5102,0.9999,0,WARNING,3.5,1.3,1.1,3.4
5103,0.3189,0,NORMAL,3.6,2.0,6.5,6.9
5104,1.0,0,ANOMALY,6.5,17.5,4.3,5.1
5105,0.9999,0,WARNING,3.5,1.4,1.1,3.3
5106,0.9999,0,WARNING,3.5,2.1,1.1,3.3
5107,0.9999,0,WARNING,3.5,1.6,1.2,3.4
5108,0.3858,0,NORMAL,3.7,1.2,3.8,5.0
5109,0.3261,0,NORMAL,3.7,2.1,6.4,6.9
5110,0.9932,0,WARNING,3.7,1.3,1.2,6.1
5111,0.9999,0,WARNING,3.6,2.0,1.2,3.4
5112,0.2857,0,NORMAL,3.7,1.3,1.2,3.4
5113,0.2941,0,NORMAL,3.7,1.4,1.2,3.3
5114,1.0,0,ANOMALY,6.6,17.8,9.1,8.7
5115,0.9999,0,WARNING,3.6,1.2,1.1,3.2
5116,0.9999,0,WARNING,3.6,1.2,1.1,3.2
5117,0.9999,0,WARNING,3.6,1.7,1.2,3.2
5118,0.9999,0,WARNING,3.6,1.6,1.1,3.5
5119,0.4803,0,NORMAL,3.7,2.1,9.4,8.6
5120,0.9999,0,WARNING,3.6,1.8,1.1,3.2
5121,0.9999,0,WARNING,3.6,1.1,1.0,3.2
5122,0.9999,0,WARNING,3.6,1.5,1.1,3.2
5123,0.9999,0,WARNING,3.6,1.4,1.1,3.2
5124,1.0,0,ANOMALY,7.3,19.2,9.3,8.5
5125,0.9999,0,WARNING,3.6,1.8,1.2,3.3
5126,0.9999,0,WARNING,3.5,1.2,1.1,3.3
5127,0.9999,0,WARNING,3.6,2.0,1.2,3.4
5128,0.9999,0,WARNING,3.6,1.1,1.2,3.3
5129,0.4749,0,NORMAL,3.7,2.3,9.3,8.6
5130,0.9999,0,WARNING,3.6,1.5,1.1,3.1
5131,0.296,0,NORMAL,3.7,1.2,1.0,3.3
5132,0.9999,0,WARNING,3.6,1.4,1.0,3.2
5133,0.9999,0,WARNING,3.6,2.4,1.1,3.2
5134,1.0,0,ANOMALY,6.8,17.7,9.4,8.6
5135,0.9999,0,WARNING,3.6,2.1,1.0,3.2
5136,0.9999,0,WARNING,3.6,1.2,1.0,3.2
5137,0.9999,0,WARNING,3.6,1.6,1.0,3.2
5138,0.9999,0,WARNING,3.6,1.0,1.1,3.3
5139,0.4748,0,NORMAL,3.7,2.3,9.4,8.5
5140,0.9999,0,WARNING,3.6,1.8,1.2,6.0
5141,0.3153,0,NORMAL,3.7,1.8,1.1,3.1
5142,0.2843,0,NORMAL,3.7,1.4,1.0,3.2
5143,0.2932,0,NORMAL,3.7,2.3,1.1,3.2
5144,1.0,0,ANOMALY,6.4,19.0,9.3,8.5
5145,0.7166,0,WARNING,3.9,4.3,1.6,3.2
5146,0.9999,0,WARNING,3.6,1.2,1.0,3.2
5147,0.9999,0,WARNING,3.6,1.5,1.1,3.1
5148,0.9999,0,WARNING,3.6,1.5,1.1,3.1
5149,0.4749,0,NORMAL,3.7,2.2,9.4,8.5
5150,0.9999,0,WARNING,3.6,1.7,1.5,3.1
5151,0.9999,0,WARNING,3.6,1.3,1.1,3.4
5152,0.299,0,NORMAL,3.7,1.6,1.2,4.2
5153,0.9999,0,WARNING,3.6,1.8,1.3,5.1
5154,1.0,0,ANOMALY,5.7,15.4,6.6,6.8
5155,0.3624,0,NORMAL,3.7,2.4,4.3,4.8
5156,0.9999,0,WARNING,3.9,4.6,0.9,2.9
5157,0.9999,0,WARNING,3.6,1.5,1.1,3.1
5158,0.9999,0,WARNING,3.6,1.4,0.9,3.1
5159,0.9999,0,WARNING,3.6,1.6,0.9,3.1
5160,0.9999,0,WARNING,3.6,1.5,1.0,3.1
5161,0.9999,0,WARNING,3.6,1.7,1.0,3.1
5162,0.4692,0,NORMAL,3.7,2.2,9.3,8.4
5163,0.9999,0,WARNING,3.7,1.7,1.0,3.0
5164,1.0,0,ANOMALY,6.9,17.8,1.0,3.1
5165,0.9999,0,WARNING,3.7,1.9,1.0,3.0
5166,0.9999,0,WARNING,3.6,1.4,1.0,3.1
5167,0.4804,0,NORMAL,3.8,2.1,9.5,8.5
5168,0.9999,0,WARNING,3.7,2.0,1.4,3.1
5169,0.29,0,NORMAL,3.8,1.6,1.1,4.6
5170,0.9975,0,WARNING,3.8,1.7,1.3,7.6
5171,0.3271,0,NORMAL,3.8,1.8,1.2,4.2
5172,0.4693,0,NORMAL,3.8,2.6,9.6,9.5
5173,0.9999,0,WARNING,3.7,1.7,1.2,3.0
5174,0.9999,0,WARNING,4.5,12.4,1.0,3.0
5175,0.9999,0,WARNING,3.7,1.7,1.0,3.1
5176,0.9999,0,WARNING,3.7,2.3,1.0,3.0
5177,0.4052,0,NORMAL,3.8,2.1,8.1,7.6
5178,0.9999,0,WARNING,3.7,1.6,2.6,3.8
5179,0.9999,0,WARNING,3.7,1.3,1.0,3.0
5180,0.9999,0,WARNING,3.7,1.3,0.9,2.9
5181,0.9999,0,WARNING,3.7,1.9,1.0,3.0
5182,0.3109,0,NORMAL,3.8,1.7,5.3,5.7
5183,0.3043,0,NORMAL,3.8,1.7,5.7,5.7
5184,1.0,0,ANOMALY,6.3,16.8,1.0,2.9
5185,0.9999,0,WARNING,3.7,1.7,0.9,2.9
5186,0.9999,0,WARNING,3.7,2.2,0.9,2.9
5187,0.3063,0,NORMAL,3.8,1.9,2.3,3.7
5188,0.4051,0,NORMAL,3.8,2.2,7.9,7.4
5189,0.9999,0,WARNING,3.7,1.6,0.9,2.9
5190,0.9999,0,WARNING,3.7,1.0,0.9,2.9
5191,0.9999,0,WARNING,3.7,1.3,0.9,2.9
5192,0.9999,0,WARNING,3.7,1.6,0.9,3.0
5193,0.4692,0,NORMAL,3.8,2.2,9.4,8.3
5194,0.9999,0,WARNING,4.6,13.2,0.9,2.9
5195,0.9999,0,WARNING,3.7,1.8,0.8,2.8
5196,0.9999,0,WARNING,3.6,0.9,0.9,2.9
5197,0.9999,0,WARNING,3.7,1.6,0.9,3.0
5198,0.4694,0,NORMAL,3.8,2.6,9.5,8.3
5199,0.9999,0,WARNING,3.7,1.2,0.9,3.0
5200,0.9999,0,WARNING,3.7,1.5,1.0,5.9
5201,0.9999,0,WARNING,3.7,2.0,0.8,2.8
5202,0.9999,0,WARNING,3.7,1.6,0.9,2.9
5203,0.4692,0,NORMAL,3.9,3.2,9.5,8.3
5204,1.0,0,ANOMALY,6.8,17.4,0.9,2.9
5205,0.9999,0,WARNING,3.7,1.5,0.9,2.9
5206,0.9999,0,WARNING,3.7,1.1,0.9,3.0
5207,0.2925,0,NORMAL,3.7,1.3,0.9,2.9
5208,0.4694,0,NORMAL,3.8,2.0,9.4,8.3
5209,0.9999,0,WARNING,3.7,1.3,0.9,2.8
5210,0.9999,0,WARNING,3.7,1.2,0.8,2.9
5211,0.9999,0,WARNING,3.6,1.1,0.9,2.8
5212,0.9999,0,WARNING,3.7,1.3,1.0,2.9
5213,0.4692,0,NORMAL,3.8,2.2,9.4,8.3
5214,0.9999,0,WARNING,5.4,14.9,0.9,2.8
5215,0.9999,0,WARNING,3.7,1.5,0.9,2.9
5216,0.9999,0,WARNING,3.7,1.1,0.9,2.8
5217,0.9999,0,WARNING,3.7,1.1,1.0,2.9
5218,0.4694,0,NORMAL,3.8,1.9,9.5,8.2
5219,0.3073,0,NORMAL,3.8,1.3,1.4,2.8
5220,0.9999,0,WARNING,3.7,1.3,0.9,2.8
5221,0.9999,0,WARNING,3.7,1.4,0.8,2.8
5222,0.9999,0,WARNING,3.7,1.1,0.9,2.9
5223,0.4524,0,NORMAL,3.8,2.3,9.2,8.1
5224,1.0,0,ANOMALY,6.2,16.2,1.6,3.0
5225,0.9999,0,WARNING,3.7,2.0,0.8,2.8
5226,0.9999,0,WARNING,3.7,1.1,0.8,2.7
5227,0.9999,0,WARNING,3.7,1.4,1.0,2.8
5228,0.3261,0,NORMAL,3.8,1.8,6.9,6.5
5229,0.297,0,NORMAL,3.8,1.6,4.0,4.5
5230,0.9999,0,WARNING,3.7,1.4,1.0,6.0
5231,0.9999,0,WARNING,3.6,1.2,0.8,2.8
5232,0.9999,0,WARNING,3.7,1.4,0.9,2.9
5233,0.3074,0,NORMAL,3.7,1.6,4.3,5.0
5234,0.9963,0,WARNING,5.3,15.5,6.4,6.0
5235,0.9999,0,WARNING,3.7,1.4,0.9,2.7
5236,0.9999,0,WARNING,3.7,1.2,0.9,2.8
5237,0.9999,0,WARNING,3.6,0.9,0.9,2.8
5238,0.9999,0,WARNING,3.7,1.2,1.9,3.4
5239,0.4173,0,NORMAL,3.8,2.4,8.4,7.7
5240,0.9999,0,WARNING,3.7,1.4,0.9,2.8
5241,0.9999,0,WARNING,3.6,1.1,0.8,2.8
5242,0.9999,0,WARNING,3.7,1.3,0.9,2.7
5243,0.9999,0,WARNING,3.6,1.2,0.9,2.7
5244,1.0,0,WARNING,5.6,16.0,9.6,8.2
5245,0.9999,0,WARNING,3.6,1.8,0.9,2.9
5246,0.9999,0,WARNING,3.6,0.6,0.8,2.8
5247,0.3332,0,NORMAL,3.7,1.4,1.0,2.9
5248,0.9999,0,WARNING,3.7,1.5,0.9,3.1
5249,0.6745,0,WARNING,3.8,3.6,9.6,8.2
5250,0.9999,0,WARNING,3.7,1.7,0.9,2.8
5251,0.9999,0,WARNING,3.7,1.7,0.8,2.7
5252,0.9999,0,WARNING,3.6,1.6,0.9,2.9
5253,0.9999,0,WARNING,3.6,1.3,0.9,2.9
5254,0.9963,0,WARNING,5.3,15.9,9.7,8.3
5255,0.9999,0,WARNING,3.7,1.6,0.8,2.8
5256,0.9999,0,WARNING,3.6,0.8,0.8,2.8
5257,0.2988,0,NORMAL,3.7,1.5,0.9,2.8
5258,0.9999,0,WARNING,3.6,1.4,0.8,2.7
5259,0.4693,0,NORMAL,3.7,2.6,9.6,8.2
5260,0.9932,0,WARNING,3.7,2.0,1.2,5.7
5261,0.337,0,NORMAL,3.7,1.5,1.0,2.8
5262,0.9999,0,WARNING,3.6,1.2,0.9,2.9
5263,0.3528,0,NORMAL,3.7,1.7,0.8,2.8
5264,1.0,0,ANOMALY,6.7,18.3,9.8,8.3
5265,0.9999,0,WARNING,3.6,2.2,1.1,2.8
5266,0.9999,0,WARNING,3.6,0.7,0.8,2.7
5267,0.9999,0,WARNING,3.6,1.4,1.0,2.8
5268,0.9999,0,WARNING,3.6,1.4,0.9,2.8
5269,0.4693,0,NORMAL,3.7,2.9,9.7,8.3
5270,0.9999,0,WARNING,3.6,1.1,1.4,2.8
5271,0.9999,0,WARNING,3.6,1.5,0.9,3.0
5272,0.9999,0,WARNING,3.6,1.0,0.9,2.9
5273,0.9999,0,WARNING,3.6,1.1,0.9,2.8
5274,0.9957,0,WARNING,5.1,15.0,9.6,8.2
5275,0.9999,0,WARNING,3.6,1.4,2.0,2.8
5276,0.9999,0,WARNING,3.6,1.1,1.0,3.9
5277,0.3066,0,NORMAL,3.7,1.4,1.9,4.0
5278,0.3071,0,NORMAL,3.7,1.1,1.6,3.9
5279,0.3535,0,NORMAL,3.7,2.1,7.7,7.4
5280,0.3068,0,NORMAL,3.7,1.6,4.3,4.8
5281,0.9999,0,WARNING,3.6,1.8,1.0,3.6
5282,0.9999,0,WARNING,3.6,0.8,1.0,3.6
5283,0.9999,0,WARNING,3.6,1.1,1.1,3.6
5284,1.0,0,ANOMALY,5.9,16.6,4.7,5.6
5285,0.3372,0,NORMAL,3.7,2.1,6.9,6.6
5286,0.9999,0,WARNING,3.6,1.4,1.4,3.6
5287,0.9999,0,WARNING,3.6,1.5,1.0,3.5
5288,0.9999,0,WARNING,3.6,1.3,1.1,3.3
5289,0.3342,0,NORMAL,3.7,1.7,2.5,4.1
5290,0.9982,0,WARNING,3.7,2.6,8.9,11.5
5291,0.9999,0,WARNING,3.5,1.7,1.1,3.6
5292,0.9999,0,WARNING,3.5,1.7,1.0,3.4
5293,0.9999,0,WARNING,3.5,1.9,0.9,3.3
5294,1.0,0,ANOMALY,5.8,15.6,1.1,3.4
5295,0.512,0,NORMAL,3.6,3.3,10.5,9.0
5296,0.9999,0,WARNING,3.5,1.4,1.6,3.4
5297,0.3865,0,NORMAL,3.6,1.1,1.8,3.8
5298,0.3052,0,NORMAL,3.6,1.5,2.5,4.5
5299,0.3062,0,NORMAL,3.6,2.0,4.1,5.2
5300,0.6351,0,WARNING,3.8,2.6,13.8,11.1
5301,0.3583,0,NORMAL,3.7,2.2,5.9,5.3
5302,0.2537,0,NORMAL,3.7,1.5,3.9,4.7
5303,0.2474,0,NORMAL,3.7,1.8,5.1,5.6
5304,1.0,0,ANOMALY,7.3,18.1,2.3,4.4
5305,0.5914,0,NORMAL,3.8,3.0,12.5,10.2
5306,0.9999,0,WARNING,3.6,1.6,3.6,3.4
5307,0.9999,0,WARNING,3.7,1.4,1.2,3.9
5308,0.2409,0,NORMAL,3.8,1.5,1.3,5.3
5309,0.3958,0,NORMAL,3.8,2.0,1.4,5.7
5310,0.475,0,NORMAL,3.8,2.8,10.5,11.1
5311,0.2761,0,NORMAL,3.8,1.5,2.5,5.1
5312,0.9999,0,WARNING,3.7,1.3,1.4,3.5
5313,0.9999,0,WARNING,3.6,1.9,1.0,3.6
5314,0.9999,0,WARNING,4.9,13.8,0.9,3.5
5315,0.4752,0,NORMAL,3.8,3.4,10.0,9.0
5316,0.9999,0,WARNING,3.7,1.6,2.0,3.5
5317,0.5497,0,NORMAL,3.9,2.2,1.0,3.5
5318,0.9999,0,WARNING,3.7,0.9,1.0,3.4
5319,0.9999,0,WARNING,3.6,1.6,1.0,3.4
5320,0.9968,0,WARNING,3.7,2.8,10.0,12.0
5321,0.5239,0,NORMAL,3.8,1.7,1.9,3.4
5322,0.9999,0,WARNING,3.7,1.6,1.2,3.3
5323,0.2708,0,NORMAL,3.8,1.7,1.5,4.0
5324,1.0,0,ANOMALY,6.2,17.2,1.4,5.8
5325,0.5954,0,NORMAL,3.9,3.6,13.3,12.7
5326,0.3916,0,NORMAL,3.9,2.4,7.3,7.4
5327,0.9999,0,WARNING,3.7,1.6,2.1,5.4
5328,0.3388,0,NORMAL,3.8,1.2,1.4,5.7
5329,0.2279,0,NORMAL,3.8,1.4,2.0,5.3
5330,0.3957,0,NORMAL,3.8,2.5,7.8,9.4
5331,0.2766,0,NORMAL,3.8,1.8,5.8,6.9
5332,0.9999,0,WARNING,3.7,1.3,1.3,3.6
5333,0.9999,0,WARNING,3.7,2.1,1.4,3.5
5334,0.9999,0,WARNING,5.5,15.4,1.0,3.5
5335,0.2606,0,NORMAL,3.9,1.7,4.4,5.7
5336,0.2979,0,NORMAL,3.9,2.4,7.0,7.1
5337,0.9999,0,WARNING,3.8,2.3,1.3,3.7
5338,0.9999,0,WARNING,3.7,1.3,1.1,4.1
5339,0.9999,0,WARNING,3.7,2.0,1.2,4.1
5340,0.2796,0,NORMAL,3.9,2.0,5.8,6.9
5341,0.569,0,NORMAL,4.0,3.3,12.3,10.0
5342,0.347,0,NORMAL,3.9,1.3,2.7,5.7
5343,0.2512,0,NORMAL,3.9,1.9,1.6,5.1
5344,1.0,0,ANOMALY,6.5,17.2,1.9,5.1
5345,0.3062,0,NORMAL,3.9,1.8,1.7,4.8
5346,0.4698,0,NORMAL,4.0,3.1,10.2,10.3
5347,0.303,0,NORMAL,3.9,1.9,1.5,5.3
5348,0.3308,0,NORMAL,3.9,1.7,1.3,5.2
5349,0.3957,0,NORMAL,3.9,1.7,1.6,6.0
5350,0.9923,0,WARNING,3.9,1.8,1.7,8.6
5351,0.4803,0,NORMAL,3.9,2.8,10.5,10.4
5352,0.3205,0,NORMAL,3.9,1.6,2.5,5.1
5353,0.3068,0,NORMAL,3.9,2.0,1.8,4.9
5354,0.9997,0,WARNING,5.5,15.3,1.4,4.7
5355,0.3312,0,NORMAL,3.9,2.8,1.4,5.5
5356,0.4806,0,NORMAL,3.9,2.8,10.0,9.6
5357,0.2517,0,NORMAL,3.8,1.6,1.6,3.9
5358,0.4579,0,NORMAL,3.9,1.8,1.2,3.8
5359,0.3614,0,NORMAL,3.8,2.3,1.1,3.5
5360,0.3368,0,NORMAL,3.9,2.0,1.1,3.5
5361,0.4748,0,NORMAL,4.0,3.1,10.0,8.9
5362,0.2784,0,NORMAL,3.9,2.0,1.7,3.6
5363,0.2778,0,NORMAL,3.9,1.3,1.2,3.7
5364,1.0,0,ANOMALY,6.3,16.3,1.0,3.5
5365,0.2714,0,NORMAL,3.9,2.2,1.1,3.9
5366,0.4696,0,NORMAL,4.0,2.3,9.6,9.1
5367,0.2712,0,NORMAL,3.9,1.3,1.4,3.9
5368,0.307,0,NORMAL,3.8,1.8,1.4,3.7
5369,0.3061,0,NORMAL,3.8,1.8,1.3,3.5
5370,0.2831,0,NORMAL,3.8,1.2,1.7,3.5
5371,0.4748,0,NORMAL,3.9,2.9,9.9,9.2
5372,0.2844,0,NORMAL,3.8,1.4,1.3,4.1
5373,0.2747,0,NORMAL,3.8,1.8,1.2,3.6
5374,0.9967,0,WARNING,5.5,14.9,1.1,3.7
5375,0.2752,0,NORMAL,3.8,2.4,4.7,5.9
5376,0.5319,0,NORMAL,4.0,3.1,11.6,10.0
5377,0.3101,0,NORMAL,3.8,2.1,5.4,5.0
5378,0.9999,0,WARNING,3.7,1.9,1.7,3.9
5379,0.9999,0,WARNING,3.7,1.4,1.2,4.2
5380,0.9999,0,WARNING,3.7,1.4,1.3,6.9
5381,0.3048,0,NORMAL,3.8,2.6,6.9,7.4
5382,0.2676,0,NORMAL,3.8,2.4,4.6,5.7
5383,0.2587,0,NORMAL,3.8,1.8,1.2,3.6
5384,1.0,0,ANOMALY,6.5,16.9,1.1,3.8
5385,0.3856,0,NORMAL,3.8,2.6,1.2,3.6
5386,0.2655,0,NORMAL,3.8,2.0,4.5,6.2
5387,0.3193,0,NORMAL,3.8,2.3,7.3,7.3
5388,0.9999,0,WARNING,3.7,1.3,1.3,4.3
5389,0.2632,0,NORMAL,3.8,1.8,1.5,4.1
5390,0.2698,0,NORMAL,3.8,1.3,1.9,4.0
5391,0.2779,0,NORMAL,3.8,1.9,2.2,4.3
5392,0.4352,0,NORMAL,3.8,2.6,9.3,8.7
5393,0.9999,0,WARNING,3.7,1.9,1.4,3.8
5394,0.9965,0,WARNING,4.9,14.2,1.4,3.9
5395,0.2713,0,NORMAL,3.8,2.1,1.3,3.8
5396,0.2785,0,NORMAL,3.8,1.9,1.4,4.0
5397,0.4804,0,NORMAL,3.8,2.8,10.2,10.1
5398,0.2867,0,NORMAL,3.8,1.9,1.6,4.3
5399,0.2641,0,NORMAL,3.8,2.3,1.9,4.0
5400,0.3061,0,NORMAL,3.8,1.3,1.6,3.9
5401,0.2784,0,NORMAL,3.8,1.8,1.3,4.2
5402,0.4748,0,NORMAL,3.8,2.7,9.8,9.4
5403,0.3982,0,NORMAL,3.9,1.5,1.3,4.1
5404,1.0,0,ANOMALY,7.6,18.2,2.1,4.4
5405,0.3635,0,NORMAL,4.4,2.3,2.7,4.8
5406,0.4935,0,NORMAL,4.6,1.8,2.7,4.7
5407,0.5367,0,NORMAL,4.7,3.1,11.7,10.2
5408,0.5105,0,NORMAL,4.6,1.6,3.3,4.0
5409,0.4896,0,NORMAL,4.6,1.7,1.9,3.9
5410,0.9975,0,WARNING,4.5,1.7,1.8,7.1
5411,0.4628,0,NORMAL,4.5,1.8,1.6,4.0
5412,0.5067,0,NORMAL,4.5,3.2,10.7,9.6
5413,0.4443,0,NORMAL,4.5,1.5,1.7,4.3
5414,1.0,0,ANOMALY,6.8,16.3,1.3,4.1
5415,0.4211,0,NORMAL,4.5,2.0,1.5,4.0
5416,0.3795,0,NORMAL,4.4,1.7,1.8,4.5
5417,0.6643,0,WARNING,4.5,3.4,14.6,12.2
5418,0.3312,0,NORMAL,4.3,2.6,7.9,6.9
5419,0.254,0,NORMAL,4.3,1.5,2.4,4.5
5420,0.226,0,NORMAL,4.2,1.8,1.6,4.2
5421,0.2411,0,NORMAL,4.3,1.8,1.6,4.1
5422,0.4858,0,NORMAL,4.2,2.8,10.9,10.0
5423,0.282,0,NORMAL,3.9,2.2,3.5,4.2
5424,1.0,0,ANOMALY,6.1,16.6,1.6,4.2
5425,0.9999,0,WARNING,3.7,2.1,1.4,4.3
5426,0.2507,0,NORMAL,3.8,1.6,1.6,4.3
5427,0.4585,0,NORMAL,3.9,3.0,9.9,9.5
5428,0.2594,0,NORMAL,3.9,2.3,2.8,4.3
5429,0.2529,0,NORMAL,3.9,1.9,1.5,4.2
5430,0.262,0,NORMAL,3.9,1.6,1.4,4.2
5431,0.306,0,NORMAL,3.9,2.1,1.7,4.2
5432,0.3535,0,NORMAL,3.9,2.6,7.8,8.2
5433,0.3115,0,NORMAL,3.9,2.3,4.5,5.7
5434,1.0,0,ANOMALY,5.9,15.7,1.6,4.2
5435,0.2539,0,NORMAL,3.9,2.0,1.7,4.4
5436,0.2606,0,NORMAL,3.9,2.1,5.0,6.3
5437,0.4913,0,NORMAL,4.0,2.6,10.2,9.1
5438,0.6035,0,WARNING,4.1,4.2,12.5,10.1
5439,0.2832,0,NORMAL,3.9,1.7,2.7,4.6
5440,0.9963,0,WARNING,3.9,1.7,2.0,7.5
5441,0.2259,0,NORMAL,3.9,2.3,1.7,4.4
5442,0.2298,0,NORMAL,3.9,2.2,3.0,5.3
5443,0.4354,0,NORMAL,3.9,3.1,9.6,9.1
5444,1.0,0,ANOMALY,6.3,16.8,1.8,4.6
5445,0.2387,0,NORMAL,4.0,2.1,1.9,5.0
5446,0.9999,0,WARNING,3.9,2.3,1.6,4.5
5447,0.3859,0,NORMAL,3.9,1.8,2.0,4.6
5448,0.4912,0,NORMAL,3.9,2.7,10.5,10.0
5449,0.256,0,NORMAL,3.9,1.7,1.8,4.4
5450,0.256,0,NORMAL,3.9,1.5,1.6,4.6
5451,0.2646,0,NORMAL,3.9,1.9,1.5,4.7
5452,0.2698,0,NORMAL,3.9,1.8,1.9,5.2
5453,0.6864,0,WARNING,3.9,4.2,10.8,10.5
5454,1.0,0,WARNING,5.8,15.9,2.5,5.1
5455,0.4229,0,NORMAL,3.9,2.3,2.6,5.2
5456,0.3865,0,NORMAL,3.9,1.6,3.3,5.7
5457,0.2831,0,NORMAL,4.0,2.1,6.2,8.2
5458,0.2604,0,NORMAL,4.0,1.9,6.6,7.7
5459,0.238,0,NORMAL,4.0,2.4,5.3,6.9
5460,0.3771,0,NORMAL,4.0,2.6,2.2,4.8
5461,0.2401,0,NORMAL,4.0,1.7,2.0,5.4
5462,0.3332,0,NORMAL,4.0,2.1,7.7,8.8
5463,0.3089,0,NORMAL,4.0,1.9,6.5,7.2
5464,1.0,0,ANOMALY,7.2,17.9,2.4,4.9
5465,0.3064,0,NORMAL,4.0,1.4,2.3,5.1
5466,0.2262,0,NORMAL,3.9,1.5,2.3,5.4
5467,0.292,0,NORMAL,3.9,2.1,6.4,7.3
5468,0.3606,0,NORMAL,4.0,2.1,8.7,8.4
5469,0.2386,0,NORMAL,4.0,2.0,3.0,5.1
5470,0.9989,0,WARNING,3.9,1.6,2.3,8.7
5471,0.2956,0,NORMAL,3.9,1.8,2.2,5.0
5472,0.2285,0,NORMAL,4.0,1.6,3.3,5.7
5473,0.4583,0,NORMAL,4.0,3.0,10.3,10.2
5474,1.0,0,ANOMALY,6.1,16.3,6.9,7.7
5475,0.3018,0,NORMAL,4.0,2.4,5.2,6.5
5476,0.2112,0,NORMAL,4.0,1.7,2.6,5.3
5477,0.2196,0,NORMAL,4.0,2.0,2.3,5.4
5478,0.527,0,NORMAL,4.1,2.3,11.5,10.9
5479,0.2362,0,NORMAL,4.0,1.7,2.6,5.6
5480,0.3074,0,NORMAL,4.0,1.6,2.4,5.4
5481,0.2391,0,NORMAL,4.0,1.4,2.4,5.3
5482,0.248,0,NORMAL,4.0,1.9,2.2,5.4
5483,0.5218,0,NORMAL,4.1,3.2,11.4,11.2
5484,1.0,0,ANOMALY,7.5,18.0,3.7,5.8
5485,0.3751,0,NORMAL,4.0,1.4,2.7,5.5
5486,0.2162,0,NORMAL,4.0,1.4,2.7,5.4
5487,0.2271,0,NORMAL,4.0,2.0,2.4,5.6
5488,0.512,0,NORMAL,4.2,2.6,11.3,10.9
5489,0.2451,0,NORMAL,4.1,1.6,4.2,5.7
5490,0.2209,0,NORMAL,4.1,1.8,4.4,6.7
5491,0.2756,0,NORMAL,4.2,2.3,6.6,7.9
5492,0.2979,0,NORMAL,4.2,2.2,7.1,8.1
5493,0.6609,0,WARNING,4.2,3.4,15.8,13.4
5494,1.0,0,WARNING,6.0,15.9,9.3,8.5
5495,0.3345,0,NORMAL,4.1,2.2,7.6,8.4
5496,0.1846,0,NORMAL,4.0,1.7,5.2,7.6
5497,0.1758,0,NORMAL,4.1,1.8,3.7,6.6
5498,0.5512,0,NORMAL,4.2,3.6,12.4,11.9
5499,0.2299,0,NORMAL,4.0,2.1,4.8,6.3
5500,0.994,0,WARNING,4.1,2.0,3.4,8.9
5501,0.4222,0,NORMAL,4.1,3.3,3.4,6.2
5502,0.233,0,NORMAL,4.1,1.9,3.1,6.3
5503,0.5318,0,NORMAL,4.2,2.8,12.1,11.9
5504,1.0,0,ANOMALY,6.6,17.2,4.7,6.2
5505,0.2371,0,NORMAL,4.2,1.7,3.1,6.4
5506,0.1927,0,NORMAL,4.1,2.9,3.6,6.5
5507,0.2058,0,NORMAL,4.1,2.0,3.4,6.6
5508,0.5368,0,NORMAL,4.3,3.1,12.2,12.0
5509,0.2763,0,NORMAL,4.2,1.7,5.2,6.6
5510,0.3078,0,NORMAL,4.2,1.5,3.6,6.6
5511,0.307,0,NORMAL,4.1,1.9,3.6,6.6
5512,0.2186,0,NORMAL,4.1,1.7,4.1,6.8
5513,0.4471,0,NORMAL,4.2,2.9,10.4,10.9
5514,1.0,0,ANOMALY,6.9,17.7,7.6,8.4
5515,0.3957,0,NORMAL,4.1,2.2,3.8,6.8
5516,0.1888,0,NORMAL,4.1,1.9,3.8,7.3
5517,0.2958,0,NORMAL,4.1,2.1,4.7,7.9
5518,0.4689,0,NORMAL,4.1,2.6,9.0,9.8
5519,0.4699,0,NORMAL,4.2,2.5,11.2,10.9
5520,0.2909,0,NORMAL,4.2,2.0,5.7,8.1
5521,0.2227,0,NORMAL,4.2,2.4,5.3,8.2
5522,0.2376,0,NORMAL,4.3,1.4,5.4,8.6
5523,0.3511,0,NORMAL,4.4,2.2,7.1,9.3
5524,1.0,0,ANOMALY,7.1,18.1,15.0,13.9
5525,0.5432,0,NORMAL,4.4,2.6,6.8,8.9
5526,0.3882,0,NORMAL,4.4,1.8,6.2,8.7
5527,0.3613,0,NORMAL,4.6,2.4,6.5,9.2
5528,0.5134,0,NORMAL,4.6,2.7,7.5,9.8
5529,0.6782,0,WARNING,4.7,3.4,16.8,15.4
5530,0.9986,0,WARNING,4.6,2.4,8.8,13.5
5531,0.5621,0,NORMAL,4.7,3.0,8.8,11.0
5532,0.782,0,WARNING,4.7,2.2,12.2,13.4
5533,0.7616,0,WARNING,4.6,2.6,13.3,13.8
5534,1.0,0,ANOMALY,10.3,24.3,22.8,19.6
5535,0.7156,0,WARNING,4.8,3.2,15.0,14.8
5536,0.7856,0,WARNING,4.8,3.4,14.4,14.7
5537,0.7787,0,WARNING,4.8,3.1,14.7,15.1
5538,0.8077,0,WARNING,4.8,2.9,17.8,17.1
5539,0.8645,0,WARNING,5.0,5.0,27.5,22.8
5540,0.8406,0,WARNING,4.9,3.8,18.8,16.3
5541,0.8201,0,WARNING,5.0,3.7,20.0,18.2
5542,0.8391,0,WARNING,4.9,4.6,19.1,17.8
5543,0.8631,0,WARNING,5.2,4.6,22.0,19.7
5544,0.999,0,WARNING,6.8,17.9,32.3,25.6
5545,0.8325,0,WARNING,5.1,3.6,22.1,19.0
5546,0.8487,0,WARNING,5.1,3.4,21.0,19.6
5547,1.0,0,WARNING,5.4,5.3,30.6,26.4
5548,1.0,0,WARNING,5.4,6.4,34.7,28.1
5549,1.0,0,WARNING,5.6,7.4,40.1,31.2
5550,1.0,0,WARNING,5.4,6.1,31.7,25.1
5551,0.9501,0,WARNING,5.2,5.2,27.3,23.7
5552,0.9493,0,WARNING,5.2,5.8,25.2,22.6
5553,0.8951,0,WARNING,5.2,5.4,24.6,22.0
5554,1.0,0,ANOMALY,9.6,23.4,33.1,27.3
5555,0.8851,0,WARNING,5.2,5.1,25.2,21.6
5556,0.8839,0,WARNING,5.2,4.7,23.5,21.5
5557,0.8874,0,WARNING,5.3,5.0,23.4,21.5
5558,0.8727,0,WARNING,5.3,5.1,23.4,21.6
5559,0.9493,0,WARNING,5.3,6.0,31.7,26.6
5560,0.9982,0,WARNING,5.2,5.3,25.6,25.0
5561,0.8563,0,WARNING,5.2,3.7,22.4,21.1
5562,0.8814,0,WARNING,5.3,5.0,22.0,21.7
5563,0.8473,0,WARNING,5.3,4.6,22.3,21.5
5564,0.999,0,WARNING,6.2,16.8,28.7,24.8
5565,0.8789,0,WARNING,5.1,5.0,25.6,22.3
5566,0.9503,0,WARNING,5.4,5.2,21.3,20.4
5567,0.8739,0,WARNING,5.2,4.9,21.1,20.2
5568,0.8393,0,WARNING,5.2,3.4,21.1,20.6
5569,0.8576,0,WARNING,5.3,5.1,24.4,23.0
5570,0.8502,0,WARNING,5.3,4.8,26.9,24.6
5571,0.8894,0,WARNING,5.4,4.8,22.0,20.5
5572,0.8343,0,WARNING,5.4,4.6,21.0,20.1
5573,0.8292,0,WARNING,5.4,4.2,20.5,20.0
5574,1.0,0,ANOMALY,10.3,22.7,22.2,21.5
5575,0.8703,0,WARNING,5.5,5.9,29.0,24.8
5576,0.8714,0,WARNING,5.4,4.5,21.2,20.0
5577,0.8647,0,WARNING,5.5,4.7,20.9,20.3
5578,0.8409,0,WARNING,5.5,4.3,20.0,20.0
5579,0.8713,0,WARNING,5.4,4.5,19.8,19.3
5580,0.9455,0,WARNING,5.5,5.4,28.4,25.6
5581,0.8321,0,WARNING,5.7,5.2,20.1,19.8
5582,0.8376,0,WARNING,5.5,4.4,19.7,20.1
5583,0.8673,0,WARNING,5.7,4.5,20.7,19.9
5584,0.9988,0,WARNING,6.5,15.6,20.5,20.3
5585,0.9476,0,WARNING,6.0,6.9,29.7,26.2
5586,0.8713,0,WARNING,5.6,4.2,22.3,21.0
5587,0.8814,0,WARNING,5.7,5.5,21.5,21.0
5588,0.8292,0,WARNING,5.7,4.5,20.2,20.2
5589,0.8647,0,WARNING,5.7,4.2,19.9,20.2
5590,0.9963,0,WARNING,5.8,5.1,28.4,28.4
5591,0.8487,0,WARNING,5.7,4.0,20.9,20.0
5592,0.8409,0,WARNING,5.7,4.2,19.6,20.2
5593,0.8221,0,WARNING,5.7,4.1,19.0,19.9
5594,1.0,0,ANOMALY,10.7,22.5,19.8,20.3
5595,0.9559,0,WARNING,5.9,5.5,29.7,25.8
5596,0.8377,0,WARNING,5.8,4.3,21.1,19.9
5597,0.8377,0,WARNING,5.8,4.1,19.4,20.5
5598,0.8488,0,WARNING,5.8,4.5,18.9,19.9
5599,1.0,0,ANOMALY,5.8,4.3,18.6,33.0
5600,1.0,0,ANOMALY,5.8,4.2,27.7,30.6
5601,0.8619,0,WARNING,5.9,4.7,20.7,20.6
5602,0.8185,0,WARNING,5.8,4.6,18.7,19.6
5603,0.8071,0,WARNING,5.8,3.8,18.3,19.3
5604,0.9978,0,WARNING,6.8,14.9,17.8,19.2
5605,0.8499,0,WARNING,5.9,4.9,26.9,24.7
5606,0.8147,0,WARNING,5.9,4.0,19.3,18.6
5607,0.8471,0,WARNING,6.0,4.7,17.9,19.1
5608,0.8221,0,WARNING,5.9,3.9,18.1,19.1
5609,0.8424,0,WARNING,5.9,4.0,18.2,19.3
5610,0.8486,0,WARNING,5.9,4.9,26.3,24.9
5611,0.8184,0,WARNING,5.9,4.9,19.3,19.1
5612,0.7929,0,WARNING,6.0,3.9,18.0,19.5
5613,0.8109,0,WARNING,5.9,4.0,17.5,18.5
5614,1.0,0,ANOMALY,9.6,20.9,18.3,19.2
5615,0.9526,0,WARNING,6.1,6.0,27.7,25.2
5616,0.8633,0,WARNING,6.0,5.1,22.4,20.7
5617,0.8487,0,WARNING,6.0,4.8,17.6,18.8
5618,0.7866,0,WARNING,6.0,4.0,16.6,18.6
5619,0.8148,0,WARNING,6.0,4.2,17.2,18.8
5620,0.9963,0,WARNING,6.1,5.3,24.7,26.5
5621,0.946,0,WARNING,6.1,4.8,25.8,23.3
5622,0.8562,0,WARNING,6.0,4.7,20.1,20.4
5623,0.8409,0,WARNING,6.1,4.2,20.4,20.5
5624,0.999,0,WARNING,7.4,16.9,20.6,20.9
5625,0.9212,0,WARNING,6.2,5.7,20.1,20.4
5626,0.9496,0,WARNING,6.0,5.5,27.0,24.7
5627,0.8032,0,WARNING,5.9,5.4,18.9,20.0
5628,0.8167,0,WARNING,5.9,4.3,18.1,19.2
5629,0.8071,0,WARNING,6.0,4.1,17.7,19.4
5630,0.8185,0,WARNING,6.1,5.3,17.5,18.9
5631,0.8517,0,WARNING,5.9,4.8,25.7,23.7
5632,0.8239,0,WARNING,5.9,4.9,17.2,18.8
5633,0.8109,0,WARNING,6.0,4.3,17.3,18.9
5634,1.0,0,ANOMALY,10.8,22.3,16.8,18.8
5635,0.8221,0,WARNING,6.0,3.7,17.0,18.5
5636,0.8281,0,WARNING,5.9,5.3,25.5,23.5
5637,0.8051,0,WARNING,6.0,5.1,17.8,18.7
5638,0.8221,0,WARNING,5.9,4.0,16.8,18.5
5639,0.7887,0,WARNING,5.7,4.2,16.2,18.2
5640,0.8375,0,WARNING,5.7,3.9,16.7,18.2
5641,0.8273,0,WARNING,5.9,5.3,25.1,23.5
5642,0.8202,0,WARNING,5.9,4.6,18.5,18.6
5643,0.8031,0,WARNING,5.6,3.7,16.2,18.1
5644,1.0,0,WARNING,7.4,17.5,16.3,18.1
5645,0.7824,0,WARNING,5.8,4.5,16.1,18.5
5646,0.9466,0,WARNING,6.0,5.5,27.6,25.8
5647,0.822,0,WARNING,5.9,4.5,19.8,19.5
5648,0.7709,0,WARNING,5.8,4.4,16.9,18.4
5649,0.7865,0,WARNING,5.6,3.8,16.1,18.3
5650,0.9958,0,WARNING,5.6,4.1,15.8,20.5
5651,0.829,0,WARNING,5.7,4.9,24.5,23.1
5652,0.7637,0,WARNING,5.6,3.7,17.0,17.9
5653,0.7637,0,WARNING,5.6,4.0,15.2,17.9
5654,1.0,0,ANOMALY,10.1,22.1,16.0,18.3
5655,0.8255,0,WARNING,5.7,3.8,16.2,18.0
5656,0.8358,0,WARNING,5.9,3.9,24.9,23.0
5657,0.8109,0,WARNING,5.7,4.0,17.5,18.0
5658,0.807,0,WARNING,5.7,4.0,15.2,17.5
5659,0.8128,0,WARNING,5.9,3.9,16.6,18.3
5660,0.6987,0,WARNING,5.7,3.9,16.1,18.3
5661,0.8325,0,WARNING,5.8,5.1,25.8,24.4
5662,0.7589,0,WARNING,5.8,4.2,17.5,18.6
5663,0.8202,0,WARNING,5.9,3.6,15.8,17.8
5664,0.9986,0,WARNING,7.3,16.7,17.8,19.1
5665,0.801,0,WARNING,6.0,4.0,17.8,19.3
5666,0.835,0,WARNING,6.0,5.0,25.7,24.3
5667,0.7638,0,WARNING,6.1,4.8,21.1,20.8
5668,0.759,0,WARNING,5.9,2.7,15.2,16.8
5669,0.8051,0,WARNING,5.9,3.4,14.7,16.5
5670,0.6988,0,WARNING,5.9,3.5,13.4,15.9
5671,0.7159,0,WARNING,5.9,4.4,16.8,18.6
5672,0.7584,0,WARNING,6.0,4.1,17.6,18.5
5673,0.7407,0,WARNING,6.0,3.7,12.6,15.0
5674,1.0,0,ANOMALY,10.7,21.4,11.5,14.4
5675,0.6455,0,WARNING,5.8,3.1,11.2,14.5
5676,0.6444,0,WARNING,5.9,3.4,11.9,14.6
5677,0.681,0,WARNING,5.9,4.3,18.0,18.5
5678,0.6183,0,WARNING,5.9,3.5,10.3,13.7
5679,0.6505,0,WARNING,6.0,4.0,10.0,13.7
5680,0.9986,0,WARNING,5.9,3.1,9.5,16.7
5681,0.5829,0,NORMAL,5.9,3.1,9.4,13.1
5682,0.7435,0,WARNING,6.1,4.2,19.7,20.3
5683,0.5309,0,NORMAL,6.0,3.3,11.4,15.0
5684,0.9981,0,WARNING,7.3,15.7,10.3,14.4
5685,0.5756,0,NORMAL,6.1,3.7,10.4,14.1
5686,0.4851,0,NORMAL,5.9,2.6,8.6,12.6
5687,0.7004,0,WARNING,6.2,4.6,17.8,18.4
5688,0.5354,0,NORMAL,5.9,3.5,9.2,12.4
5689,0.5246,0,NORMAL,5.9,3.2,8.1,12.2
5690,0.3925,0,NORMAL,5.9,3.1,8.0,12.3
5691,0.4155,0,NORMAL,5.9,2.3,7.8,12.1
5692,0.6695,0,WARNING,6.1,3.9,16.8,17.9
5693,0.4289,0,NORMAL,6.1,2.4,9.6,12.5
5694,1.0,0,ANOMALY,10.0,19.9,8.8,12.3
5695,0.458,0,NORMAL,6.1,2.8,8.1,12.0
5696,0.4676,0,NORMAL,6.0,2.7,7.4,11.4
5697,0.6532,0,WARNING,6.1,3.6,16.2,17.3
5698,0.3371,0,NORMAL,6.0,2.6,7.9,11.3
5699,0.2971,0,NORMAL,6.0,2.6,5.8,10.3
5700,0.5404,0,NORMAL,6.0,2.3,6.5,10.5
5701,0.337,0,NORMAL,6.0,2.3,6.0,10.3
5702,0.5918,0,NORMAL,6.1,3.9,14.2,15.7
5703,0.2835,0,NORMAL,6.0,2.5,6.9,10.3
5704,1.0,0,ANOMALY,8.2,16.1,7.2,11.5
5705,0.3835,0,NORMAL,6.0,3.0,7.6,11.4
5706,0.2671,0,NORMAL,6.0,2.5,5.6,9.9
5707,0.5993,0,NORMAL,6.1,3.8,14.5,15.4
5708,0.3521,0,NORMAL,6.1,2.7,6.6,9.6
5709,0.2362,0,NORMAL,6.0,2.4,4.5,9.5
5710,0.9902,0,WARNING,5.9,1.9,5.0,12.2
5711,0.2319,0,NORMAL,6.0,2.4,4.9,9.4
5712,0.5662,0,NORMAL,6.0,3.6,13.5,15.0
5713,0.273,0,NORMAL,5.9,2.6,6.4,9.2
5714,1.0,0,ANOMALY,9.2,18.7,4.7,9.4
5715,0.3365,0,NORMAL,6.0,2.0,5.0,9.3
5716,0.3075,0,NORMAL,6.1,2.7,4.7,9.1
5717,0.5332,0,NORMAL,6.1,3.2,12.6,14.6
5718,0.4815,0,NORMAL,6.2,2.5,7.3,10.3
5719,0.4144,0,NORMAL,6.1,2.6,4.9,9.0
5720,0.3924,0,NORMAL,6.1,2.1,5.0,8.9
5721,0.2563,0,NORMAL,6.0,1.9,4.8,9.0
5722,0.3803,0,NORMAL,6.1,3.1,9.3,11.8
5723,0.4298,0,NORMAL,6.1,3.0,11.2,12.5
5724,0.9971,0,WARNING,7.5,15.2,7.3,10.9
5725,0.269,0,NORMAL,6.1,3.0,7.3,10.9
5726,0.2764,0,NORMAL,6.1,2.7,7.5,10.7
5727,0.406,0,NORMAL,6.2,2.9,9.7,11.9
5728,0.6356,0,WARNING,6.3,4.0,15.5,15.9
5729,0.3238,0,NORMAL,6.2,2.2,7.4,11.0
5730,0.3315,0,NORMAL,6.2,2.6,7.5,10.6
5731,0.334,0,NORMAL,6.2,2.4,8.2,11.1
5732,0.3408,0,NORMAL,6.2,3.0,8.4,11.0
5733,0.6355,0,WARNING,6.3,3.7,15.5,15.8
5734,1.0,0,ANOMALY,9.8,18.9,4.9,9.0
5735,0.3397,0,NORMAL,6.6,2.5,5.6,9.1
5736,0.3667,0,NORMAL,6.5,2.2,4.5,8.9
5737,0.28,0,NORMAL,6.4,2.4,4.4,8.8
5738,0.5558,0,NORMAL,6.5,3.7,13.1,14.3
5739,0.2557,0,NORMAL,6.3,2.0,4.9,8.7
5740,0.9932,0,WARNING,6.3,2.0,4.6,11.5
5741,0.2602,0,NORMAL,6.3,2.1,4.4,8.9
5742,0.3054,0,NORMAL,6.4,2.4,5.2,9.1
5743,0.5982,0,NORMAL,6.4,3.1,14.3,15.0
5744,1.0,0,ANOMALY,8.7,17.3,6.1,8.9
5745,0.2952,0,NORMAL,6.3,2.1,4.3,9.0
5746,0.257,0,NORMAL,6.2,2.5,4.6,8.7
5747,0.3135,0,NORMAL,6.4,2.4,4.7,9.0
5748,0.5783,0,NORMAL,6.4,4.9,13.7,14.3
5749,0.3294,0,NORMAL,6.2,2.3,6.5,9.0
5750,0.2415,0,NORMAL,6.2,2.5,4.5,8.9
5751,0.2992,0,NORMAL,6.2,2.0,4.7,8.9
5752,0.3328,0,NORMAL,6.3,2.9,5.0,9.1
5753,0.5911,0,NORMAL,6.6,3.2,14.0,14.6
5754,1.0,0,ANOMALY,11.7,22.2,7.3,10.0
5755,0.532,0,NORMAL,6.4,2.6,5.7,9.9
5756,0.448,0,NORMAL,6.4,2.2,6.4,10.4
5757,0.722,0,WARNING,6.4,2.7,9.7,12.9
5758,0.7467,0,WARNING,6.6,4.3,20.3,19.5
5759,0.7187,0,WARNING,6.5,3.3,12.9,13.7
5760,0.6625,0,WARNING,6.6,3.0,11.6,13.9
5761,0.6625,0,WARNING,6.6,3.1,11.6,14.1
5762,0.6949,0,WARNING,6.6,3.6,11.6,13.9
5763,0.7572,0,WARNING,6.6,3.9,20.9,19.8
5764,1.0,0,ANOMALY,8.6,18.0,13.5,14.3
5765,0.6715,0,WARNING,6.5,3.4,11.2,14.2
5766,0.6839,0,WARNING,6.5,3.2,11.1,13.9
5767,0.6239,0,WARNING,6.6,4.2,11.3,14.3
5768,0.9223,0,WARNING,6.8,5.9,19.5,18.9
5769,0.6906,0,WARNING,6.7,4.4,14.1,14.9
5770,0.9738,0,WARNING,6.6,4.1,13.0,17.7
5771,0.6933,0,WARNING,6.7,4.5,15.1,16.2
5772,0.7056,0,WARNING,6.6,4.4,15.7,17.1
5773,0.7259,0,WARNING,6.6,3.9,19.0,18.7
5774,1.0,0,ANOMALY,10.6,21.7,18.4,17.8
5775,0.6492,0,WARNING,6.7,3.1,11.6,14.3
5776,0.7014,0,WARNING,6.7,3.6,12.3,14.5
5777,0.6753,0,WARNING,6.7,3.8,12.6,15.1
5778,0.7205,0,WARNING,6.6,3.7,13.8,15.7
5779,0.7203,0,WARNING,6.6,4.3,19.7,19.2
5780,0.7067,0,WARNING,6.6,3.7,12.1,14.8
5781,0.5854,0,NORMAL,6.7,3.2,12.2,14.9
5782,0.6775,0,WARNING,6.7,3.1,11.9,15.1
5783,0.7225,0,WARNING,6.7,3.0,12.3,15.0
5784,0.9985,0,WARNING,8.4,18.0,21.2,20.5
5785,0.6264,0,WARNING,6.8,2.8,12.5,15.4
5786,0.765,0,WARNING,6.9,3.8,12.8,15.0
5787,0.7915,0,WARNING,6.8,4.0,13.5,15.3
5788,0.7805,0,WARNING,6.7,3.5,13.6,15.7
5789,0.779,0,WARNING,6.8,4.5,22.2,21.0
5790,0.7069,0,WARNING,6.7,3.7,14.7,15.7
5791,0.7675,0,WARNING,6.7,3.3,14.1,15.9
5792,0.7649,0,WARNING,6.8,4.4,13.8,15.8
5793,0.7821,0,WARNING,6.8,4.2,13.8,15.7
5794,1.0,0,ANOMALY,11.6,23.8,22.5,21.6
5795,0.7106,0,WARNING,6.8,4.3,15.1,16.1
5796,0.7588,0,WARNING,6.6,2.9,14.0,16.2
5797,0.7562,0,WARNING,6.6,4.0,14.1,16.4
5798,0.7724,0,WARNING,6.7,4.2,14.3,16.5
5799,0.7881,0,WARNING,6.7,4.7,22.9,21.4
5800,0.9989,0,WARNING,6.6,3.6,16.1,19.6
5801,0.8086,0,WARNING,6.6,3.5,14.6,17.9
5802,0.7701,0,WARNING,6.7,4.1,14.5,16.6
5803,0.8743,0,WARNING,7.0,5.0,14.8,16.8
5804,0.9986,0,WARNING,8.5,18.3,23.8,22.5
5805,0.7707,0,WARNING,6.8,4.0,16.8,17.0
5806,0.7928,0,WARNING,6.8,3.5,14.2,16.6
5807,0.7682,0,WARNING,6.8,4.3,14.4,17.1
5808,0.9428,0,WARNING,7.1,4.3,14.9,17.2
5809,0.9411,0,WARNING,7.3,6.0,24.7,22.7
5810,0.766,0,WARNING,6.9,3.9,16.8,17.1
5811,0.7928,0,WARNING,6.8,3.1,15.0,16.7
5812,0.7796,0,WARNING,6.8,3.8,15.3,17.3
5813,0.8026,0,WARNING,6.9,3.8,15.6,17.5
5814,1.0,0,ANOMALY,12.0,24.1,25.2,23.2
5815,0.8127,0,WARNING,6.8,3.6,17.4,17.5
5816,0.7843,0,WARNING,6.8,3.8,15.5,17.3
5817,0.7865,0,WARNING,7.0,3.8,15.4,17.6
5818,0.8238,0,WARNING,6.9,3.6,16.2,17.8
5819,0.801,0,WARNING,7.1,5.0,23.7,22.4
5820,0.7776,0,WARNING,6.9,5.0,18.1,18.7
5821,0.822,0,WARNING,6.8,3.7,15.2,17.7
5822,0.8273,0,WARNING,6.9,4.3,15.5,17.8
5823,0.8607,0,WARNING,7.0,4.8,15.7,17.8
5824,0.9999,0,WARNING,8.7,17.6,20.1,20.7
5825,0.766,0,WARNING,7.0,4.5,20.5,20.3
5826,0.8534,0,WARNING,7.1,5.2,15.6,17.6
5827,0.7864,0,WARNING,6.8,4.0,15.2,18.1
5828,0.7907,0,WARNING,6.8,4.0,16.0,18.3
5829,0.834,0,WARNING,6.8,3.5,17.5,18.8
5830,0.9982,0,WARNING,7.0,5.5,23.8,26.2
5831,0.8455,0,WARNING,7.1,4.0,16.8,18.6
5832,0.7949,0,WARNING,6.9,4.3,16.5,18.4
5833,0.7864,0,WARNING,6.9,4.0,16.6,18.6
5834,1.0,0,ANOMALY,12.4,23.8,16.0,18.0
5835,0.8211,0,WARNING,6.9,4.7,24.7,23.8
5836,0.8203,0,WARNING,6.9,3.9,16.0,17.8
5837,0.8147,0,WARNING,7.0,5.1,16.0,18.2
5838,0.8031,0,WARNING,6.9,3.9,15.6,18.2
5839,0.8871,0,WARNING,7.2,4.8,16.0,18.3
5840,0.8186,0,WARNING,7.1,5.8,24.7,23.6
5841,0.8202,0,WARNING,6.9,4.5,16.7,18.0
5842,0.7222,0,WARNING,6.9,3.9,15.2,18.1
5843,0.8307,0,WARNING,7.0,3.8,15.5,18.1
5844,1.0,0,ANOMALY,9.6,19.2,15.5,18.0
5845,0.8168,0,WARNING,7.2,5.9,24.7,24.0
5846,0.8202,0,WARNING,7.0,4.3,17.3,17.8
5847,0.8128,0,WARNING,7.2,5.1,16.3,18.9
5848,0.7949,0,WARNING,6.9,4.1,16.6,18.5
5849,0.7776,0,WARNING,7.0,4.5,16.2,18.6
5850,0.8048,0,WARNING,7.3,6.1,24.0,23.3
5851,0.7754,0,WARNING,7.0,3.6,16.9,18.1
5852,0.7684,0,WARNING,7.2,4.3,15.7,18.9
5853,0.8273,0,WARNING,7.1,3.7,16.6,19.9
5854,1.0,0,ANOMALY,12.1,23.0,17.1,19.9
5855,0.8248,0,WARNING,7.3,6.1,25.0,25.3
5856,0.8129,0,WARNING,7.2,4.8,18.0,19.8
5857,0.8012,0,WARNING,7.3,4.4,15.5,18.6
5858,0.8342,0,WARNING,7.3,4.3,15.7,18.3
5859,0.7708,0,WARNING,7.2,4.0,15.4,18.2
5860,0.9984,0,WARNING,7.3,5.0,24.6,26.4
5861,0.8184,0,WARNING,7.3,3.9,17.6,18.3
5862,0.8471,0,WARNING,7.2,4.1,15.9,18.6
5863,0.797,0,WARNING,7.2,3.7,15.5,18.1
5864,1.0,0,ANOMALY,9.5,18.3,15.9,18.0
5865,0.8324,0,WARNING,7.4,5.5,24.8,24.1
5866,0.7637,0,WARNING,7.3,4.4,17.2,18.4
5867,0.8165,0,WARNING,7.4,4.3,15.9,18.7
5868,0.9447,0,WARNING,7.5,4.7,16.3,18.9
5869,1.0,0,ANOMALY,7.4,4.5,16.5,30.5
5870,0.8146,0,WARNING,7.5,5.0,23.2,23.1
5871,0.7886,0,WARNING,7.3,3.6,18.1,19.3
5872,0.7754,0,WARNING,7.4,4.2,15.7,18.1
5873,0.8238,0,WARNING,7.5,3.4,16.4,18.4
5874,1.0,0,ANOMALY,12.9,23.1,16.8,19.1
5875,0.859,0,WARNING,7.4,3.8,21.5,21.9
5876,0.8031,0,WARNING,7.5,4.5,21.6,21.1
5877,0.8487,0,WARNING,7.5,4.1,17.9,19.6
5878,0.8032,0,WARNING,7.5,3.8,17.6,19.4
5879,0.7638,0,WARNING,7.5,3.7,15.5,17.7
5880,0.754,0,WARNING,7.5,3.7,14.3,16.9
5881,0.7309,0,WARNING,7.4,4.5,20.1,20.7
5882,0.7514,0,WARNING,7.5,3.7,11.8,15.6
5883,0.6345,0,WARNING,7.5,3.3,12.0,15.6
5884,1.0,0,ANOMALY,11.9,21.1,11.8,15.4
5885,0.6596,0,WARNING,7.6,3.5,11.1,14.8
5886,0.7319,0,WARNING,7.6,4.0,19.7,20.1
5887,0.5749,0,NORMAL,7.6,3.7,10.6,14.6
5888,0.7007,0,WARNING,7.5,3.3,10.1,14.4
5889,0.6644,0,WARNING,7.5,3.3,10.1,14.5
5890,0.9986,0,WARNING,7.5,3.2,9.7,17.3
5891,0.7161,0,WARNING,7.5,4.3,18.9,20.0
5892,0.5935,0,NORMAL,7.5,3.7,10.8,14.3
5893,0.6394,0,WARNING,7.5,3.4,9.8,13.9
5894,1.0,0,ANOMALY,12.5,22.3,9.3,13.9
5895,0.5414,0,NORMAL,7.4,3.6,9.6,13.6
5896,0.6909,0,WARNING,7.4,4.0,17.8,18.9
5897,0.5644,0,NORMAL,7.3,3.1,10.6,13.6
5898,0.5358,0,NORMAL,7.4,3.0,8.5,13.4
5899,0.4744,0,NORMAL,7.4,2.7,8.6,13.3
5900,0.5043,0,NORMAL,7.5,3.4,8.9,13.2
5901,0.682,0,WARNING,7.7,3.8,17.4,18.5
5902,0.5534,0,NORMAL,7.5,2.7,10.5,13.2
5903,0.505,0,NORMAL,7.6,3.1,8.8,13.2
5904,1.0,0,ANOMALY,11.1,19.6,8.8,13.2
5905,0.4585,0,NORMAL,7.6,3.0,8.3,13.0
5906,0.6829,0,WARNING,7.6,4.0,17.2,18.6
5907,0.4759,0,NORMAL,7.6,3.2,10.0,13.3
5908,0.5156,0,NORMAL,7.7,3.4,8.6,13.3
5909,0.5098,0,NORMAL,7.6,3.0,8.4,12.8
5910,0.4108,0,NORMAL,7.5,3.6,8.7,13.3
5911,0.6855,0,WARNING,7.7,3.5,17.7,18.4
5912,0.5205,0,NORMAL,7.7,2.7,10.9,13.1
5913,0.424,0,NORMAL,7.6,3.2,8.0,13.1
5914,1.0,0,ANOMALY,14.7,24.8,8.5,13.2
5915,0.5641,0,NORMAL,7.7,2.9,8.9,13.0
5916,0.6966,0,WARNING,7.7,4.1,18.0,18.5
5917,0.5083,0,NORMAL,7.6,3.2,11.0,13.3
5918,0.3714,0,NORMAL,7.6,2.9,7.9,13.2
5919,0.5438,0,NORMAL,7.5,2.9,8.5,13.1
5920,0.9974,0,WARNING,7.7,3.2,9.5,16.3
5921,0.6739,0,WARNING,7.7,3.8,17.2,18.2
5922,0.4309,0,NORMAL,7.6,3.2,11.0,13.6
5923,0.5005,0,NORMAL,7.6,3.3,8.5,12.9
5924,1.0,0,ANOMALY,11.7,20.4,8.9,13.2
5925,0.4017,0,NORMAL,7.6,2.8,8.9,13.2
5926,0.5105,0,NORMAL,7.6,3.5,11.8,15.1
5927,1.0,0,ANOMALY,7.7,3.8,14.0,20.4
5928,0.491,0,NORMAL,7.6,3.5,8.4,13.1
5929,0.7172,0,WARNING,7.9,4.7,8.2,13.0
5930,0.3618,0,NORMAL,7.6,3.1,8.2,13.1
5931,0.4165,0,NORMAL,7.6,3.8,9.4,13.7
5932,0.6276,0,WARNING,7.7,4.7,15.5,17.1
5933,0.4953,0,NORMAL,7.6,3.1,8.6,12.8
5934,1.0,0,ANOMALY,14.9,25.0,8.4,12.8
5935,0.5739,0,NORMAL,7.6,3.2,8.5,12.7
5936,1.0,0,ANOMALY,7.6,3.7,8.6,10.4
5937,0.7002,0,WARNING,7.7,4.6,17.9,18.9
5938,0.4822,0,NORMAL,7.5,3.5,9.1,13.2
5939,0.4755,0,NORMAL,7.7,3.8,8.8,13.4
5940,0.4527,0,NORMAL,7.6,3.1,7.8,12.7
5941,0.4346,0,NORMAL,7.6,2.9,7.6,12.7
5942,0.6652,0,WARNING,7.7,4.9,16.5,17.8
5943,0.4361,0,NORMAL,7.6,2.9,8.1,12.0
5944,1.0,0,ANOMALY,13.0,21.9,6.8,11.8
5945,0.4285,0,NORMAL,7.6,1.9,6.9,12.2
5946,0.4353,0,NORMAL,7.6,2.8,6.7,11.7
5947,0.6468,0,WARNING,7.7,4.3,15.8,17.6
5948,0.3696,0,NORMAL,7.6,2.6,7.9,11.7
5949,0.4343,0,NORMAL,7.6,2.0,6.1,11.6
5950,0.9923,0,WARNING,7.7,2.6,6.0,14.0
5951,0.4595,0,NORMAL,7.6,2.4,5.8,11.3
5952,0.6141,0,WARNING,7.7,3.8,14.9,16.8
5953,0.4037,0,NORMAL,7.6,2.3,7.2,11.2
5954,1.0,0,ANOMALY,14.3,23.6,5.9,11.5
5955,0.5048,0,NORMAL,7.6,2.5,5.7,11.4
5956,0.3985,0,NORMAL,7.6,3.0,5.6,11.1
5957,0.7629,0,WARNING,7.7,3.9,14.2,18.4
5958,0.3802,0,NORMAL,7.7,2.4,7.2,11.3
5959,0.4383,0,NORMAL,7.7,2.3,5.5,11.1
5960,0.3771,0,NORMAL,7.7,3.0,5.2,10.8
5961,0.6135,0,WARNING,7.7,3.2,5.4,11.0
5962,0.5944,0,NORMAL,7.8,3.6,14.3,16.5
5963,0.4026,0,NORMAL,7.7,2.6,7.0,11.2
5964,1.0,0,ANOMALY,12.6,20.8,5.7,11.4
5965,0.5033,0,NORMAL,7.6,2.4,5.5,13.0
5966,0.4379,0,NORMAL,7.6,2.1,4.8,12.2
5967,0.5824,0,NORMAL,7.8,3.4,13.9,16.3
5968,0.4386,0,NORMAL,7.7,3.5,7.1,11.2
5969,0.325,0,NORMAL,7.7,1.9,4.9,10.8
5970,0.4246,0,NORMAL,7.7,2.5,5.6,11.3
5971,0.3878,0,NORMAL,7.7,2.9,5.8,11.2
5972,0.5124,0,NORMAL,7.8,3.1,12.2,15.5
5973,0.3094,0,NORMAL,7.7,2.8,9.5,12.9
5974,1.0,0,ANOMALY,14.0,22.6,5.3,11.4
5975,0.5194,0,NORMAL,7.6,2.2,5.0,10.7
5976,0.3727,0,NORMAL,7.6,2.0,4.8,10.6
5977,0.437,0,NORMAL,7.6,2.7,8.4,13.0
5978,0.4122,0,NORMAL,7.7,3.1,10.7,14.1
5979,0.3454,0,NORMAL,7.6,2.1,4.7,10.8
5980,0.9874,0,WARNING,7.6,2.2,4.8,13.2
5981,0.3876,0,NORMAL,7.6,2.4,5.3,11.0
5982,0.3485,0,NORMAL,7.7,2.6,6.0,11.5
5983,0.5439,0,NORMAL,7.7,3.2,13.0,15.6
5984,1.0,0,ANOMALY,12.2,20.5,4.7,10.7
5985,0.4165,0,NORMAL,7.7,2.4,4.8,10.6
5986,0.3385,0,NORMAL,7.7,2.0,4.6,10.5
5987,0.3568,0,NORMAL,7.7,2.1,5.0,10.7
5988,0.5716,0,NORMAL,7.8,3.8,13.5,16.2
5989,0.4875,0,NORMAL,7.8,3.6,5.1,10.5
5990,0.357,0,NORMAL,7.6,2.5,4.6,10.5
5991,0.3878,0,NORMAL,7.6,2.5,4.7,10.5
5992,0.3213,0,NORMAL,7.6,2.3,4.7,10.7
5993,0.5691,0,NORMAL,7.7,3.6,13.4,16.0
5994,1.0,0,ANOMALY,12.8,21.2,5.4,10.4
5995,0.5008,0,NORMAL,7.6,2.8,4.3,10.5
5996,0.253,0,NORMAL,7.6,2.1,4.4,10.2
5997,0.363,0,NORMAL,7.6,2.1,5.1,11.1
5998,0.5975,0,NORMAL,7.7,3.7,14.0,16.3
5999,0.2607,0,NORMAL,7.5,2.4,6.2,10.5
6000,0.2515,0,NORMAL,7.6,2.4,4.6,10.3
6001,0.3083,0,NORMAL,7.6,1.7,4.6,10.5
6002,0.2178,0,NORMAL,7.6,2.3,4.4,10.3
6003,0.5751,0,NORMAL,7.6,3.4,13.4,15.9
6004,1.0,0,ANOMALY,12.1,20.1,5.9,10.5
6005,0.4551,0,NORMAL,7.6,2.1,4.4,10.2
6006,0.308,0,NORMAL,7.6,2.2,4.4,10.2
6007,0.2728,0,NORMAL,7.6,2.0,4.7,10.6
6008,0.5757,0,NORMAL,7.6,3.5,13.6,16.0
6009,0.2568,0,NORMAL,7.6,2.7,6.0,10.1
6010,0.9992,0,WARNING,7.6,2.4,4.1,13.0
6011,0.3207,0,NORMAL,7.5,2.2,4.0,9.7
6012,0.2477,0,NORMAL,7.6,2.6,4.0,9.8
6013,0.5501,0,NORMAL,7.6,3.2,12.9,15.4
6014,1.0,0,ANOMALY,13.9,22.3,5.5,9.6
6015,0.5037,0,NORMAL,7.6,2.4,4.1,9.9
6016,0.2338,0,NORMAL,7.6,2.5,3.9,9.8
6017,0.3219,0,NORMAL,7.7,2.2,4.2,10.0
6018,0.5488,0,NORMAL,7.7,3.0,12.9,15.4
6019,0.2213,0,NORMAL,7.6,2.8,5.5,9.6
6020,0.3401,0,NORMAL,7.7,2.3,3.8,9.7
6021,0.2571,0,NORMAL,7.6,2.4,3.8,9.6
6022,0.3075,0,NORMAL,7.6,2.3,3.8,9.6
6023,0.4242,0,NORMAL,7.7,3.3,10.2,13.7
6024,1.0,0,ANOMALY,13.3,21.6,7.6,11.3
6025,0.5734,0,NORMAL,7.8,2.5,4.0,9.7
6026,0.1469,0,NORMAL,7.7,2.3,3.5,9.3
6027,0.1866,0,NORMAL,7.7,2.1,3.7,9.5
6028,0.2422,0,NORMAL,7.8,2.6,7.1,11.6
6029,0.3571,0,NORMAL,7.8,2.3,9.4,12.7
6030,0.1783,0,NORMAL,7.8,2.6,3.5,9.4
6031,0.3081,0,NORMAL,7.7,1.6,3.4,8.9
6032,0.1582,0,NORMAL,7.7,2.0,3.2,9.1
6033,0.1302,0,NORMAL,7.8,2.0,4.4,9.5
6034,1.0,0,ANOMALY,12.7,21.5,11.6,14.1
6035,0.6091,0,WARNING,7.8,2.3,3.3,8.9
6036,0.406,0,NORMAL,7.8,3.1,3.4,8.9
6037,0.1261,0,NORMAL,7.8,2.1,3.4,9.0
6038,0.3075,0,NORMAL,7.7,2.1,3.4,8.9
6039,0.5335,0,NORMAL,7.8,3.6,12.4,14.4
6040,0.9839,0,WARNING,7.7,2.0,3.9,11.5
6041,0.3064,0,NORMAL,7.9,2.0,3.3,8.9
6042,0.1496,0,NORMAL,7.9,2.9,3.4,8.9
6043,0.2768,0,NORMAL,7.8,1.8,3.3,8.9
6044,1.0,0,ANOMALY,11.2,20.1,12.0,14.3
6045,0.5096,0,NORMAL,7.9,2.8,4.2,8.8
6046,0.218,0,NORMAL,7.8,1.7,3.2,8.6
6047,0.2171,0,NORMAL,7.7,2.5,3.1,8.7
6048,0.117,0,NORMAL,7.8,2.6,3.3,9.3
6049,0.5304,0,NORMAL,7.9,3.3,12.2,14.6
6050,0.3013,0,NORMAL,8.0,3.8,4.7,8.8
6051,0.1927,0,NORMAL,7.8,1.8,3.2,8.8
6052,0.1913,0,NORMAL,7.8,2.1,3.3,8.8
6053,0.1622,0,NORMAL,7.8,1.9,3.3,8.8
6054,1.0,0,ANOMALY,11.8,20.4,12.0,14.1
6055,0.5676,0,NORMAL,7.8,2.0,4.9,8.7
6056,0.1271,0,NORMAL,7.8,2.0,3.0,8.5
6057,0.1424,0,NORMAL,7.8,2.2,3.0,8.5
6058,0.2402,0,NORMAL,7.8,3.0,2.9,8.5
6059,0.5162,0,NORMAL,7.9,3.5,11.8,13.9
6060,0.277,0,NORMAL,7.8,2.6,3.4,8.2
6061,0.308,0,NORMAL,7.8,1.8,2.9,8.1
6062,0.3072,0,NORMAL,7.9,2.9,3.0,8.1
6063,0.1884,0,NORMAL,7.9,2.0,2.8,8.1
6064,1.0,0,ANOMALY,12.8,21.2,11.7,13.7
6065,0.619,0,WARNING,7.9,2.7,3.7,8.2
6066,0.1298,0,NORMAL,7.9,2.3,2.7,7.9
6067,0.1155,0,NORMAL,7.9,2.2,2.8,8.1
6068,0.3119,0,NORMAL,8.0,3.2,2.7,8.0
6069,0.5,0,NORMAL,8.0,3.0,11.6,13.3
6070,0.9818,0,WARNING,8.0,2.7,4.2,10.3
6071,0.2911,0,NORMAL,8.0,1.8,2.7,7.9
6072,0.1302,0,NORMAL,8.0,2.4,2.6,7.8
6073,0.1332,0,NORMAL,8.0,2.1,2.7,7.8
6074,1.0,0,ANOMALY,13.0,21.3,8.9,11.6
6075,0.8513,0,WARNING,8.2,3.1,6.0,9.2
6076,0.1481,0,NORMAL,8.0,2.0,2.6,7.7
6077,0.3872,0,NORMAL,8.0,1.8,2.5,7.6
6078,0.1424,0,NORMAL,8.0,2.1,2.6,7.7
6079,0.2044,0,NORMAL,8.0,2.8,6.2,9.9
6080,0.2978,0,NORMAL,7.9,2.3,7.8,10.7
6081,0.1589,0,NORMAL,7.9,1.8,2.6,7.5
6082,0.8711,0,WARNING,8.2,3.6,2.7,7.6
6083,0.1508,0,NORMAL,7.9,2.0,2.7,7.6
6084,1.0,0,ANOMALY,12.8,20.7,3.6,8.1
6085,0.4621,0,NORMAL,8.0,3.0,10.6,12.4
6086,0.3897,0,NORMAL,7.9,2.1,2.7,7.4
6087,0.2109,0,NORMAL,7.9,1.9,2.5,7.7
6088,0.2437,0,NORMAL,7.9,2.2,2.7,7.6
6089,0.1147,0,NORMAL,7.9,1.9,2.6,7.6
6090,0.5091,0,NORMAL,8.0,3.8,11.7,13.1
6091,0.2888,0,NORMAL,7.9,1.8,2.9,7.7
6092,0.1567,0,NORMAL,7.9,2.6,2.8,7.6
6093,0.3072,0,NORMAL,7.9,1.8,2.6,7.3
6094,1.0,0,ANOMALY,12.8,20.0,2.9,7.7
6095,0.5124,0,NORMAL,8.1,3.1,11.7,13.0
6096,0.3446,0,NORMAL,8.0,2.0,2.6,7.4
6097,0.0838,0,NORMAL,8.0,1.7,2.6,7.5
6098,0.1224,0,NORMAL,8.0,2.2,2.6,7.5
6099,0.24,0,NORMAL,8.0,1.8,2.4,7.2
6100,0.9977,0,WARNING,8.1,3.3,11.6,15.9
6101,0.526,0,NORMAL,8.0,1.9,2.5,7.1
6102,0.1916,0,NORMAL,8.0,1.5,2.5,7.3
6103,0.1545,0,NORMAL,8.0,2.0,2.3,7.3
6104,1.0,0,ANOMALY,12.3,19.8,2.5,7.2
6105,0.5021,0,NORMAL,8.1,3.2,11.5,12.9
6106,0.3131,0,NORMAL,8.0,1.9,2.6,7.3
6107,0.1881,0,NORMAL,8.0,2.3,2.6,7.3
6108,0.307,0,NORMAL,8.0,2.2,2.4,7.2
6109,0.2166,0,NORMAL,8.1,1.8,2.5,7.3
6110,0.4911,0,NORMAL,8.3,3.7,11.3,12.6
6111,0.2898,0,NORMAL,8.1,1.5,3.0,7.2
6112,0.1103,0,NORMAL,8.1,1.9,2.4,7.2
6113,0.1412,0,NORMAL,8.1,1.8,2.4,7.2
6114,0.997,0,WARNING,9.6,15.9,2.4,7.2
6115,0.4915,0,NORMAL,8.2,2.5,11.2,12.5
6116,0.7653,0,WARNING,8.3,3.1,2.9,7.0
6117,0.4769,0,NORMAL,8.2,2.7,2.5,7.1
6118,0.268,0,NORMAL,8.1,2.2,2.3,7.2
6119,0.3205,0,NORMAL,8.1,2.4,2.5,7.1
6120,0.4911,0,NORMAL,8.2,3.2,11.3,12.5
6121,0.3053,0,NORMAL,8.1,1.5,3.3,7.1
6122,0.1097,0,NORMAL,8.1,1.9,2.4,7.1
6123,0.1405,0,NORMAL,8.1,1.8,2.5,7.2
6124,1.0,0,ANOMALY,12.0,19.2,2.4,7.0
6125,0.3806,0,NORMAL,8.2,2.8,9.0,11.0
6126,0.2656,0,NORMAL,8.1,2.4,5.5,8.3
6127,0.1463,0,NORMAL,8.1,1.2,2.3,7.1
6128,0.1037,0,NORMAL,8.1,1.9,2.4,7.1
6129,0.1277,0,NORMAL,8.1,2.1,2.4,7.1
6130,0.9986,0,WARNING,8.2,3.1,6.4,12.5
6131,0.4382,0,NORMAL,8.1,2.4,7.5,10.1
6132,0.3094,0,NORMAL,8.1,1.7,2.3,6.6
6133,0.307,0,NORMAL,8.1,1.3,2.5,6.9
6134,1.0,0,ANOMALY,13.0,20.3,2.4,7.1
6135,0.3727,0,NORMAL,8.1,1.4,3.4,7.6
6136,0.4358,0,NORMAL,8.2,2.7,9.6,11.7
6137,0.2117,0,NORMAL,8.1,2.3,2.4,7.1
6138,0.2058,0,NORMAL,8.1,1.9,2.5,7.2
6139,0.1248,0,NORMAL,8.1,1.8,2.3,7.0
6140,0.2166,0,NORMAL,8.1,1.7,2.3,6.8
6141,0.4963,0,NORMAL,8.2,2.4,11.2,12.4
6142,0.2811,0,NORMAL,8.2,1.8,2.4,6.8
6143,0.1418,0,NORMAL,8.2,1.6,2.5,7.0
6144,1.0,0,ANOMALY,11.4,18.1,2.5,7.1
6145,0.3088,0,NORMAL,8.2,1.3,2.7,7.3
6146,0.4967,0,NORMAL,8.3,2.9,11.3,12.5
6147,0.2689,0,NORMAL,8.2,1.6,2.9,7.0
6148,0.3077,0,NORMAL,8.2,1.7,2.6,7.1
6149,0.3069,0,NORMAL,8.2,1.6,2.4,6.9
6150,0.1505,0,NORMAL,8.2,1.9,2.3,7.0
6151,0.4964,0,NORMAL,8.2,2.6,11.4,12.6
6152,0.5876,0,NORMAL,8.2,3.3,2.3,6.9
6153,0.2861,0,NORMAL,8.2,2.4,2.1,6.9
6154,1.0,0,ANOMALY,12.0,18.9,2.2,6.9
6155,0.3414,0,NORMAL,8.2,2.3,2.4,6.9
6156,0.4914,0,NORMAL,8.3,3.0,11.1,12.2
6157,0.2286,0,NORMAL,8.2,1.8,3.3,7.2
6158,0.0951,0,NORMAL,8.2,1.9,2.5,6.9
6159,1.0,0,ANOMALY,8.2,1.9,2.5,4.8
6160,0.9975,0,WARNING,8.2,1.9,2.5,9.9
6161,0.491,0,NORMAL,8.3,2.5,11.2,12.4
6162,0.3229,0,NORMAL,8.2,2.0,2.4,7.0
6163,0.2174,0,NORMAL,8.2,2.0,2.5,6.7
6164,1.0,0,ANOMALY,11.5,18.1,2.4,6.9
6165,0.3067,0,NORMAL,8.2,1.5,2.4,6.9
6166,0.5019,0,NORMAL,8.3,2.9,11.3,12.5
6167,0.2383,0,NORMAL,8.2,1.9,2.6,7.0
6168,0.1281,0,NORMAL,8.2,2.3,2.2,7.0
6169,0.1074,0,NORMAL,8.2,1.9,2.3,6.8
6170,0.1511,0,NORMAL,8.2,2.2,2.3,6.8
6171,0.4963,0,NORMAL,8.4,3.7,11.2,12.4
6172,0.3898,0,NORMAL,8.3,2.0,3.0,6.7
6173,0.157,0,NORMAL,8.3,2.1,2.3,7.0
6174,1.0,0,ANOMALY,12.4,19.2,2.3,6.8
6175,0.3643,0,NORMAL,8.3,1.9,2.2,6.8
6176,0.3607,0,NORMAL,8.4,2.9,8.6,10.7
6177,0.5672,0,NORMAL,8.3,3.3,5.1,8.6
6178,0.2028,0,NORMAL,8.3,2.1,2.3,6.9
6179,0.217,0,NORMAL,8.3,1.7,2.5,7.0
6180,0.307,0,NORMAL,8.3,2.0,2.4,6.9
6181,0.5593,0,NORMAL,8.4,2.6,6.1,9.1
6182,0.2976,0,NORMAL,8.3,2.2,7.6,10.0
6183,0.2943,0,NORMAL,8.3,2.8,2.4,7.0
6184,1.0,0,ANOMALY,11.4,17.7,2.6,7.0
6185,0.3166,0,NORMAL,8.3,1.9,2.4,6.8
6186,0.1826,0,NORMAL,8.3,2.2,3.2,7.5
6187,0.4472,0,NORMAL,8.4,2.6,10.4,11.8
6188,0.3101,0,NORMAL,8.3,2.2,2.4,6.9
6189,0.1807,0,NORMAL,8.3,1.9,2.3,7.0
6190,0.999,0,WARNING,8.3,1.8,2.5,10.2
6191,0.3132,0,NORMAL,8.3,1.9,2.5,7.1
6192,0.4963,0,NORMAL,8.4,2.9,11.3,12.6
6193,0.2628,0,NORMAL,8.4,2.0,2.4,7.0
6194,1.0,0,ANOMALY,11.8,18.1,2.3,6.8
6195,0.2493,0,NORMAL,8.4,1.9,2.4,7.0
6196,0.3866,0,NORMAL,8.4,2.1,2.2,6.6
6197,0.4913,0,NORMAL,8.5,2.6,11.1,12.4
6198,0.2232,0,NORMAL,8.4,2.4,2.3,6.9
6199,0.1022,0,NORMAL,8.4,2.0,2.4,7.1
6200,0.1268,0,NORMAL,8.3,2.3,2.1,6.7
6201,0.2943,0,NORMAL,8.3,2.4,2.4,6.9
6202,0.491,0,NORMAL,8.5,3.8,11.1,12.4
6203,0.6066,0,WARNING,8.5,2.8,2.3,6.8
6204,1.0,0,ANOMALY,11.5,17.8,2.3,6.9
6205,0.2822,0,NORMAL,8.4,2.3,2.1,6.7
6206,0.1951,0,NORMAL,8.4,2.7,2.2,6.8
6207,0.4913,0,NORMAL,8.6,2.8,11.1,12.4
6208,0.2576,0,NORMAL,8.5,2.4,2.4,6.9
6209,0.1156,0,NORMAL,8.5,1.9,2.4,7.0
6210,0.123,0,NORMAL,8.4,2.3,2.3,6.9
6211,0.3069,0,NORMAL,8.4,1.3,2.2,6.8
6212,0.491,0,NORMAL,8.6,3.4,11.2,12.5
6213,0.3128,0,NORMAL,8.5,1.6,2.1,6.7
6214,1.0,0,ANOMALY,13.6,20.5,2.5,7.1
6215,0.447,0,NORMAL,8.5,2.0,2.2,6.8
6216,0.1143,0,NORMAL,8.5,2.1,2.3,6.9
6217,0.486,0,NORMAL,8.6,2.6,11.0,12.4
6218,0.2204,0,NORMAL,8.5,2.4,2.6,6.9
6219,0.819,0,WARNING,8.7,3.3,2.4,6.9
6220,0.9858,0,WARNING,8.5,2.2,2.3,9.4
6221,0.2255,0,NORMAL,8.5,1.7,2.2,6.9
6222,0.4911,0,NORMAL,8.6,2.9,11.1,12.3
6223,0.2455,0,NORMAL,8.4,1.9,3.2,6.9
6224,0.9968,0,WARNING,9.7,15.0,2.4,6.8
6225,0.1072,0,NORMAL,8.4,2.2,2.2,6.9
6226,0.2496,0,NORMAL,8.4,2.7,2.2,6.9
6227,0.3867,0,NORMAL,8.6,2.3,8.9,10.9
6228,0.1915,0,NORMAL,8.5,2.2,4.8,8.1
6229,0.1181,0,NORMAL,8.4,2.2,2.4,6.9
6230,0.1992,0,NORMAL,8.4,2.5,2.3,6.8
6231,0.1509,0,NORMAL,8.5,2.3,2.3,6.9
6232,0.1875,0,NORMAL,8.5,2.9,5.7,9.0
6233,0.312,0,NORMAL,8.5,3.1,7.9,10.4
6234,1.0,0,ANOMALY,11.2,17.7,2.4,7.0
6235,0.3092,0,NORMAL,8.4,1.4,2.3,6.8
6236,0.2165,0,NORMAL,8.4,2.1,2.5,7.0
6237,0.2104,0,NORMAL,8.4,1.9,3.5,7.7
6238,0.4413,0,NORMAL,8.6,2.8,9.7,11.8
6239,0.2503,0,NORMAL,8.5,2.2,2.3,7.0
6240,0.2837,0,NORMAL,8.6,2.3,2.2,6.9
6241,0.4922,0,NORMAL,8.6,1.9,2.4,7.0
6242,0.4773,0,NORMAL,8.7,2.0,2.6,7.1
6243,0.4963,0,NORMAL,8.8,3.1,11.3,12.5
6244,1.0,0,ANOMALY,11.5,17.5,2.7,7.1
6245,0.3515,0,NORMAL,8.7,1.6,2.3,6.9
6246,0.2347,0,NORMAL,8.7,2.3,2.2,6.9
6247,0.2072,0,NORMAL,8.7,1.8,2.3,6.9
6248,0.4859,0,NORMAL,8.8,3.1,11.0,12.4
6249,0.2752,0,NORMAL,8.7,2.1,2.4,6.8
6250,0.9953,0,WARNING,8.7,2.3,2.3,9.7
6251,0.3082,0,NORMAL,8.7,2.1,2.3,6.8
6252,0.1718,0,NORMAL,8.7,2.0,2.2,6.9
6253,0.491,0,NORMAL,8.8,3.2,11.2,12.4
6254,1.0,0,ANOMALY,10.9,16.7,2.4,6.9
6255,0.2326,0,NORMAL,8.7,1.6,2.3,7.1
6256,0.146,0,NORMAL,8.8,2.3,2.2,6.8
6257,0.1342,0,NORMAL,8.8,1.6,2.3,7.0
6258,0.4965,0,NORMAL,8.9,2.7,11.2,12.5
6259,0.2768,0,NORMAL,8.7,1.8,2.4,7.0
6260,0.2176,0,NORMAL,8.7,2.2,2.2,6.7
6261,0.3826,0,NORMAL,8.7,2.1,2.2,6.9
6262,0.1747,0,NORMAL,8.7,1.9,2.2,6.8
6263,0.4857,0,NORMAL,8.8,2.6,11.0,12.3
6264,1.0,0,ANOMALY,12.8,19.6,2.2,6.8
6265,0.4273,0,NORMAL,8.7,1.3,2.2,6.9
6266,0.3069,0,NORMAL,8.7,2.1,2.2,6.8
6267,0.2165,0,NORMAL,8.7,2.0,2.3,6.9
6268,0.4912,0,NORMAL,8.8,3.3,11.2,12.4
6269,0.2497,0,NORMAL,8.7,2.1,2.6,6.7
6270,0.1801,0,NORMAL,8.7,2.0,2.3,6.8
6271,0.1313,0,NORMAL,8.7,1.8,2.2,6.8
6272,0.167,0,NORMAL,8.7,1.7,2.2,6.9
6273,0.5218,0,NORMAL,8.7,2.8,11.9,13.0
6274,1.0,0,ANOMALY,12.4,19.1,4.6,7.3
6275,0.41,0,NORMAL,8.6,1.5,3.2,7.4
6276,0.1462,0,NORMAL,8.6,1.9,2.8,7.1
6277,0.1357,0,NORMAL,8.7,1.5,2.6,7.1
6278,0.6573,0,WARNING,8.9,3.7,8.9,11.0
6279,0.3634,0,NORMAL,8.7,3.1,6.1,8.6
6280,0.9982,0,WARNING,8.7,2.3,2.4,10.0
6281,0.3124,0,NORMAL,8.6,1.8,2.4,6.9
6282,0.307,0,NORMAL,8.7,2.3,2.3,6.8
6283,0.2164,0,NORMAL,8.7,2.2,6.0,9.2
6284,0.9976,0,WARNING,10.0,15.8,7.9,10.3
6285,0.2859,0,NORMAL,8.7,1.5,2.4,7.0
6286,0.1471,0,NORMAL,8.7,1.7,2.5,6.9
6287,0.1705,0,NORMAL,8.7,2.4,2.4,7.0
6288,0.1118,0,NORMAL,8.7,2.1,3.6,7.6
6289,0.447,0,NORMAL,8.8,3.2,9.8,11.7
6290,0.31,0,NORMAL,8.7,1.8,2.4,6.9
6291,0.3875,0,NORMAL,8.7,1.4,2.4,6.5
6292,0.202,0,NORMAL,8.8,3.0,2.5,7.1
6293,0.155,0,NORMAL,8.7,1.5,2.2,6.8
6294,1.0,0,ANOMALY,13.2,20.8,11.2,12.4
6295,0.5985,0,NORMAL,8.7,1.8,2.8,7.1
6296,0.1294,0,NORMAL,8.7,2.2,2.6,7.0
6297,0.2201,0,NORMAL,8.7,1.7,2.5,7.1
6298,0.3069,0,NORMAL,8.8,2.2,2.5,6.9
6299,0.5016,0,NORMAL,8.8,3.7,11.4,12.4
6300,0.2597,0,NORMAL,8.8,1.8,2.5,7.1
6301,0.2821,0,NORMAL,8.7,1.7,2.4,6.7
6302,0.1465,0,NORMAL,8.7,1.8,2.4,6.8
6303,0.1767,0,NORMAL,8.7,1.7,2.4,6.9
6304,1.0,0,ANOMALY,11.1,17.5,11.4,12.5
6305,0.4951,0,NORMAL,8.7,2.3,2.4,6.7
6306,0.4891,0,NORMAL,8.8,2.5,2.4,6.8
6307,0.2992,0,NORMAL,8.7,1.6,2.4,6.8
6308,0.1214,0,NORMAL,8.6,2.0,2.4,6.9
6309,0.7775,0,WARNING,8.9,3.7,11.2,12.3
6310,0.9991,0,WARNING,8.6,1.5,2.7,10.2
6311,0.3853,0,NORMAL,8.6,1.4,2.5,6.8
6312,0.168,0,NORMAL,8.6,2.2,2.3,6.9
6313,0.3066,0,NORMAL,8.6,1.7,2.2,6.5
6314,1.0,0,ANOMALY,13.4,21.2,11.3,12.1
6315,0.564,0,NORMAL,8.7,2.2,2.8,6.7
6316,0.1455,0,NORMAL,8.7,1.7,2.2,6.6
6317,0.1142,0,NORMAL,8.6,1.9,2.1,6.6
6318,0.1458,0,NORMAL,8.6,2.1,2.3,6.8
6319,0.4964,0,NORMAL,8.7,3.0,11.2,12.2
6320,0.2535,0,NORMAL,8.6,1.4,2.8,6.7
6321,0.2175,0,NORMAL,8.6,1.5,2.3,6.5
6322,0.3067,0,NORMAL,8.7,2.0,2.3,6.5
6323,0.2391,0,NORMAL,8.7,2.0,2.3,6.5
6324,0.9971,0,WARNING,10.3,16.5,11.2,12.1
6325,0.9555,0,WARNING,8.9,3.9,3.1,6.8
6326,0.3162,0,NORMAL,8.7,2.2,2.4,6.4
6327,0.1603,0,NORMAL,8.7,2.0,2.5,6.8
6328,0.1084,0,NORMAL,8.7,1.9,2.6,6.7
6329,0.4053,0,NORMAL,8.8,1.7,8.3,10.5
6330,0.3092,0,NORMAL,8.7,2.0,5.7,7.9
6331,0.1458,0,NORMAL,8.7,1.8,2.8,6.8
6332,0.297,0,NORMAL,8.7,1.8,2.6,6.6
6333,0.1605,0,NORMAL,8.6,1.5,2.5,6.4
6334,0.9968,0,WARNING,10.3,15.8,6.0,9.0
6335,0.2982,0,NORMAL,8.7,2.7,7.5,9.5
6336,0.2033,0,NORMAL,8.6,1.5,2.6,6.5
6337,0.3871,0,NORMAL,8.7,1.8,2.6,6.5
6338,1.0,0,ANOMALY,8.7,2.1,2.5,4.2
6339,0.1752,0,NORMAL,8.7,1.6,3.3,7.2
6340,0.9971,0,WARNING,8.7,2.4,9.2,14.0
6341,0.494,0,NORMAL,8.6,1.7,2.4,6.3
6342,0.2487,0,NORMAL,8.6,2.1,2.4,6.4
6343,0.1674,0,NORMAL,8.6,2.0,2.3,6.4
6344,1.0,0,ANOMALY,10.7,16.0,2.4,6.4
6345,0.5019,0,NORMAL,8.7,2.7,9.6,11.4
6346,0.3095,0,NORMAL,8.6,2.2,2.4,6.3
6347,0.1684,0,NORMAL,8.6,2.1,2.3,6.5
6348,1.0,0,ANOMALY,8.7,2.2,2.4,8.6
6349,0.1712,0,NORMAL,8.7,2.2,2.4,6.5
6350,0.4964,0,NORMAL,8.8,2.3,9.5,11.3
6351,0.3117,0,NORMAL,8.7,2.1,2.2,6.1
6352,0.193,0,NORMAL,8.7,2.7,2.3,6.4
6353,0.2083,0,NORMAL,8.6,2.0,2.3,6.4
6354,1.0,0,ANOMALY,12.6,19.2,2.2,6.2
6355,0.502,0,NORMAL,8.7,1.6,9.6,11.4
6356,0.2863,0,NORMAL,8.6,2.1,2.3,6.1
6357,0.1358,0,NORMAL,8.6,1.7,2.3,6.4
6358,0.1883,0,NORMAL,8.6,1.7,2.3,6.2
6359,0.24,0,NORMAL,8.6,1.9,2.4,6.2
6360,0.4963,0,NORMAL,8.8,2.8,9.5,11.1
6361,0.3891,0,NORMAL,8.7,1.7,2.2,5.9
6362,0.3073,0,NORMAL,8.7,1.8,2.2,6.1
6363,0.5445,0,NORMAL,8.7,2.4,2.1,6.2
6364,0.9967,0,WARNING,10.1,15.0,2.0,5.9
6365,0.4914,0,NORMAL,8.7,2.1,9.3,11.1
6366,0.2623,0,NORMAL,8.6,1.7,2.1,5.9
6367,0.2303,0,NORMAL,8.6,2.1,2.0,6.1
6368,0.2204,0,NORMAL,8.6,1.5,2.1,5.9
6369,0.2162,0,NORMAL,8.6,1.8,2.0,5.7
6370,0.9958,0,WARNING,8.7,2.6,9.6,14.1
6371,0.4928,0,NORMAL,8.6,1.5,2.4,5.9
6372,0.4183,0,NORMAL,8.7,2.3,2.3,6.0
6373,0.9115,0,WARNING,8.9,3.2,2.3,6.0
6374,1.0,0,ANOMALY,12.5,19.6,2.2,5.8
6375,0.4968,0,NORMAL,8.8,1.4,9.6,11.2
6376,0.2429,0,NORMAL,8.7,2.0,3.7,5.7
6377,0.3072,0,NORMAL,8.7,1.9,2.2,5.8
6378,0.1148,0,NORMAL,8.7,1.9,2.1,5.7
6379,0.1383,0,NORMAL,8.7,2.0,1.9,5.8
6380,0.399,0,NORMAL,8.7,2.1,7.8,9.8
6381,0.1578,0,NORMAL,8.7,1.6,4.0,7.0
6382,0.1586,0,NORMAL,8.7,1.7,2.0,5.6
6383,0.1682,0,NORMAL,8.7,1.6,2.0,5.5
6384,0.9967,0,WARNING,10.1,14.7,1.9,5.5
6385,0.216,0,NORMAL,8.7,2.0,4.9,7.8
6386,0.3051,0,NORMAL,8.7,2.3,6.7,8.7
6387,0.1429,0,NORMAL,8.7,1.6,2.1,5.5
6388,0.1093,0,NORMAL,8.7,2.0,1.9,5.6
6389,0.1397,0,NORMAL,8.7,1.6,2.0,5.5
6390,0.1684,0,NORMAL,8.7,1.7,2.9,6.1
6391,0.4293,0,NORMAL,8.7,2.3,7.9,10.1
6392,0.3092,0,NORMAL,8.7,1.8,1.9,5.3
6393,0.2168,0,NORMAL,8.7,1.7,1.9,5.5
6394,1.0,0,ANOMALY,12.5,18.8,1.8,5.3
6395,0.3454,0,NORMAL,8.7,2.4,1.9,5.3
6396,0.4913,0,NORMAL,8.8,2.6,9.3,10.7
6397,0.1861,0,NORMAL,8.7,1.7,2.1,5.5
6398,0.416,0,NORMAL,8.8,2.4,2.1,5.5
6399,0.1469,0,NORMAL,8.7,2.1,2.0,5.5
6400,0.994,0,WARNING,8.7,2.8,1.9,8.1
6401,0.4857,0,NORMAL,8.7,2.5,9.4,10.5
6402,0.2322,0,NORMAL,8.7,2.3,2.0,5.4
6403,0.164,0,NORMAL,8.7,1.9,1.8,5.3
6404,1.0,0,ANOMALY,11.7,17.7,1.7,5.2
6405,0.8459,0,WARNING,8.9,2.5,1.8,5.1
6406,0.486,0,NORMAL,8.8,2.3,9.4,10.3
6407,0.1603,0,NORMAL,8.8,1.4,1.7,5.0
6408,0.3069,0,NORMAL,8.8,1.7,1.8,5.1
6409,0.3063,0,NORMAL,8.8,1.8,1.8,5.1
6410,0.1695,0,NORMAL,8.8,2.2,1.7,5.0
6411,0.4857,0,NORMAL,8.8,2.1,9.3,10.4
6412,0.7809,0,WARNING,9.0,3.1,1.8,5.0
6413,0.1502,0,NORMAL,8.8,2.3,1.8,5.2
6414,1.0,0,ANOMALY,11.3,16.4,1.7,5.0
6415,0.232,0,NORMAL,8.8,1.9,1.7,5.0
6416,0.4806,0,NORMAL,8.8,2.5,9.3,10.4
6417,0.6627,0,WARNING,7.6,2.0,2.9,6.2
6418,0.191,0,NORMAL,6.4,1.9,2.0,5.7
6419,0.151,0,NORMAL,6.4,1.9,1.8,5.6
6420,0.1651,0,NORMAL,6.4,1.8,1.8,5.2
6421,0.4803,0,NORMAL,6.5,1.6,9.3,10.1
6422,0.4962,0,NORMAL,6.6,2.5,1.7,5.0
6423,0.2165,0,NORMAL,6.5,1.3,1.6,4.9
6424,1.0,0,ANOMALY,9.1,17.1,1.7,4.9
6425,0.3861,0,NORMAL,6.4,1.4,1.7,4.9
6426,0.4806,0,NORMAL,6.5,2.3,9.3,10.2
6427,0.1921,0,NORMAL,6.5,1.8,2.4,4.9
6428,0.1676,0,NORMAL,6.5,1.6,1.7,4.9
6429,0.1777,0,NORMAL,6.5,1.5,1.7,4.8
6430,0.994,0,WARNING,6.4,2.1,1.8,7.7
6431,0.4233,0,NORMAL,6.5,1.8,8.2,9.4
6432,0.3091,0,NORMAL,6.5,2.1,3.0,5.5
6433,0.1651,0,NORMAL,6.5,1.5,1.6,4.6
6434,1.0,0,ANOMALY,8.4,15.9,1.5,4.6
6435,0.19,0,NORMAL,6.4,1.6,1.5,4.7
6436,0.2448,0,NORMAL,6.4,1.7,5.5,7.3
6437,0.2447,0,NORMAL,6.5,2.3,5.7,7.4
6438,0.1733,0,NORMAL,6.5,1.5,1.5,4.6
6439,0.1802,0,NORMAL,6.5,1.4,1.6,4.6
6440,0.3061,0,NORMAL,6.5,1.9,1.4,4.5
6441,0.2859,0,NORMAL,6.4,1.2,2.1,5.3
6442,0.4233,0,NORMAL,6.4,2.1,7.3,9.1
6443,0.1895,0,NORMAL,6.5,1.6,1.3,4.7
6444,1.0,0,ANOMALY,9.3,17.7,1.3,4.7
6445,0.6815,0,WARNING,6.5,3.2,1.3,4.5
6446,0.1773,0,NORMAL,6.5,2.3,1.5,4.7
6447,0.4858,0,NORMAL,6.5,2.5,9.0,9.8
6448,0.3092,0,NORMAL,6.5,1.6,1.4,4.5
6449,0.2166,0,NORMAL,6.4,2.0,1.4,4.5
6450,0.1866,0,NORMAL,6.4,1.9,1.5,4.6
6451,0.1932,0,NORMAL,6.4,1.3,1.3,4.3
6452,0.4856,0,NORMAL,6.4,2.8,9.2,9.8
6453,0.2479,0,NORMAL,6.5,1.4,1.4,4.4
6454,1.0,0,ANOMALY,8.4,15.6,1.5,4.5
6455,0.7096,0,WARNING,6.6,2.8,1.4,4.3
6456,0.386,0,NORMAL,6.5,1.7,1.4,4.2
6457,0.475,0,NORMAL,6.5,2.3,9.0,9.6
6458,0.1951,0,NORMAL,6.5,1.5,1.5,4.3
6459,0.1844,0,NORMAL,6.5,1.5,1.5,4.3
6460,0.994,0,WARNING,6.5,2.2,1.4,7.0
6461,0.2738,0,NORMAL,6.5,1.1,1.4,4.1
6462,0.4802,0,NORMAL,6.5,2.3,9.2,9.6
6463,0.309,0,NORMAL,6.5,1.4,1.6,4.9
6464,1.0,0,ANOMALY,10.0,18.6,1.8,5.6
6465,0.3174,0,NORMAL,6.5,2.0,1.7,4.9
6466,0.1713,0,NORMAL,6.5,1.8,1.4,4.2
6467,0.4751,0,NORMAL,6.5,1.8,9.1,9.4
6468,0.1623,0,NORMAL,6.5,1.9,1.5,4.4
6469,0.2164,0,NORMAL,6.5,2.0,1.6,5.6
6470,0.2012,0,NORMAL,6.5,1.8,1.7,5.6
6471,0.3069,0,NORMAL,6.5,1.5,1.4,4.1
6472,0.4748,0,NORMAL,6.5,2.9,9.2,9.1
6473,0.1901,0,NORMAL,6.6,2.1,1.5,4.1
6474,0.9968,0,WARNING,8.1,14.7,1.3,3.9
6475,0.182,0,NORMAL,6.5,1.9,1.3,3.9
6476,0.1914,0,NORMAL,6.5,1.5,1.4,3.9
6477,0.475,0,NORMAL,6.6,2.2,9.3,9.5
6478,0.232,0,NORMAL,6.5,2.1,2.0,4.0
6479,0.2164,0,NORMAL,6.5,1.6,1.3,3.8
6480,0.3859,0,NORMAL,6.4,1.8,1.2,3.7
6481,0.2056,0,NORMAL,6.5,1.7,1.3,3.9
6482,0.4292,0,NORMAL,6.5,2.4,8.3,8.5
6483,0.2164,0,NORMAL,6.5,1.9,2.6,5.1
6484,1.0,0,ANOMALY,10.7,19.3,1.7,5.5
6485,0.4325,0,NORMAL,6.5,1.8,1.5,4.4
6486,0.1698,0,NORMAL,6.5,1.9,1.4,3.9
6487,0.3059,0,NORMAL,6.5,1.6,5.4,6.4
6488,0.2288,0,NORMAL,6.5,2.1,5.5,6.4
6489,0.9999,0,WARNING,6.4,1.2,1.2,3.7
6490,0.9986,0,WARNING,6.5,1.9,1.3,6.8
6491,0.2744,0,NORMAL,6.5,1.1,1.3,3.9
6492,0.2153,0,NORMAL,6.6,1.7,2.7,5.2
6493,0.441,0,NORMAL,6.6,2.7,8.1,8.9
6494,1.0,0,WARNING,8.5,15.7,1.3,3.8
6495,0.9999,0,WARNING,6.5,2.0,1.2,3.7
6496,0.9999,0,WARNING,6.5,1.6,1.2,3.7
6497,0.9999,0,WARNING,6.5,1.5,1.3,3.8
6498,0.4803,0,NORMAL,6.6,3.2,9.3,9.5
6499,0.2243,0,NORMAL,6.6,1.8,1.7,5.3
6500,0.1847,0,NORMAL,6.6,1.6,1.5,4.5
6501,0.19,0,NORMAL,6.6,1.5,1.3,3.7
6502,0.2153,0,NORMAL,6.6,1.6,1.4,3.8
6503,0.4748,0,NORMAL,6.6,1.7,9.3,8.9
6504,1.0,0,ANOMALY,10.5,18.6,1.3,3.7
6505,0.3798,0,NORMAL,6.6,2.1,1.4,3.8
6506,0.2116,0,NORMAL,6.6,1.8,1.4,3.7
6507,0.9999,0,WARNING,6.5,1.5,1.3,3.8
6508,0.4965,0,NORMAL,6.5,3.3,9.3,9.2
6509,0.2584,0,NORMAL,6.5,1.9,1.3,3.7
6510,0.9999,0,WARNING,6.4,1.8,1.2,3.6
6511,0.9999,0,WARNING,6.4,1.3,1.3,3.6
6512,0.214,0,NORMAL,6.5,2.1,1.4,4.2
6513,0.4748,0,NORMAL,6.5,2.4,9.5,10.3
6514,0.9965,0,WARNING,7.9,14.8,1.5,5.0
6515,0.295,0,NORMAL,6.5,2.0,1.5,4.8
6516,0.2546,0,NORMAL,6.5,1.7,1.2,3.6
6517,0.9999,0,WARNING,6.4,1.7,1.2,3.6
6518,0.4803,0,NORMAL,6.5,2.4,9.3,8.9
6519,0.3116,0,NORMAL,6.5,2.1,1.2,3.5
6520,0.9902,0,WARNING,6.5,1.7,1.3,6.3
6521,0.2782,0,NORMAL,6.5,1.7,1.2,3.5
6522,0.2785,0,NORMAL,6.6,2.1,1.1,3.5
6523,0.4748,0,NORMAL,6.6,1.9,9.2,8.9
6524,1.0,0,ANOMALY,11.7,20.2,1.2,3.5
6525,0.9999,0,WARNING,6.5,2.1,1.2,3.5
6526,0.9999,0,WARNING,6.6,3.9,1.1,3.5
6527,0.9999,0,WARNING,6.5,2.2,1.2,3.4
6528,0.683,0,WARNING,6.7,2.8,9.2,8.7
6529,0.2466,0,NORMAL,6.6,2.0,1.9,3.5
6530,0.9999,0,WARNING,6.5,1.8,1.2,3.4
6531,0.9999,0,WARNING,6.5,1.5,1.2,3.7
6532,0.3367,0,NORMAL,6.6,1.9,1.4,4.8
6533,0.4111,0,NORMAL,6.7,2.3,8.4,9.4
6534,1.0,0,ANOMALY,8.5,16.5,2.6,4.4
6535,0.9999,0,WARNING,6.5,1.4,1.1,3.3
6536,0.9999,0,WARNING,6.5,1.7,1.1,3.4
6537,0.9999,0,WARNING,6.5,1.2,1.2,3.6
6538,0.2349,0,NORMAL,6.6,1.4,5.1,6.0
6539,0.2366,0,NORMAL,6.6,1.6,5.6,6.1
6540,0.9999,0,WARNING,6.5,2.0,1.2,3.4
6541,0.9999,0,WARNING,6.4,1.2,1.1,3.3
6542,0.3857,0,NORMAL,6.6,1.6,1.1,3.2
6543,0.2349,0,NORMAL,6.6,1.3,2.2,4.0
6544,1.0,0,ANOMALY,9.9,18.2,7.7,7.9
6545,0.9999,0,WARNING,6.5,1.2,1.1,3.3
6546,0.182,0,NORMAL,6.6,1.5,1.1,3.3
6547,0.9999,0,WARNING,6.5,1.6,1.1,3.5
6548,0.2395,0,NORMAL,6.6,1.8,1.4,4.6
6549,0.4748,0,NORMAL,6.6,1.8,9.4,10.0
6550,0.9839,0,WARNING,6.6,1.9,1.5,7.2
6551,0.9999,0,WARNING,6.5,1.2,1.1,3.5
6552,0.2577,0,NORMAL,6.6,2.0,1.1,3.3
6553,0.9999,0,WARNING,6.5,1.5,1.1,3.2
6554,0.9967,0,WARNING,8.2,15.9,9.3,8.7
6555,0.9999,0,WARNING,6.5,1.5,1.1,3.2
6556,0.9999,0,WARNING,6.5,1.2,1.2,3.4
6557,0.9999,0,WARNING,6.5,1.5,1.1,3.4
6558,0.9999,0,WARNING,6.5,1.5,1.1,3.3
6559,0.4803,0,NORMAL,6.6,2.3,9.4,8.6
6560,0.9999,0,WARNING,6.5,1.6,1.1,3.2
6561,0.272,0,NORMAL,6.6,1.1,1.3,4.5
6562,0.2504,0,NORMAL,6.6,1.8,1.3,4.6
6563,0.2801,0,NORMAL,6.6,1.9,1.4,4.6
6564,1.0,0,ANOMALY,10.0,18.5,9.5,10.0
6565,0.5339,0,NORMAL,6.7,1.8,1.4,4.6
6566,0.387,0,NORMAL,6.7,1.8,1.4,4.5
6567,0.275,0,NORMAL,6.6,1.3,1.4,4.7
6568,0.247,0,NORMAL,6.7,1.4,1.4,4.5
6569,0.4694,0,NORMAL,6.7,2.1,9.6,9.9
6570,0.9999,0,WARNING,6.6,1.7,1.1,3.3
6571,0.9999,0,WARNING,6.6,1.8,1.0,3.2
6572,0.2413,0,NORMAL,6.7,1.3,1.0,3.3
6573,0.9999,0,WARNING,6.6,1.5,1.0,3.1
6574,1.0,0,ANOMALY,11.0,20.0,9.2,8.4
6575,0.9999,0,WARNING,6.6,2.5,1.1,3.1
6576,0.9999,0,WARNING,6.6,1.5,1.1,3.1
6577,0.9999,0,WARNING,6.6,1.8,1.0,3.2
6578,0.9999,0,WARNING,6.6,1.6,1.1,3.2
6579,0.4749,0,NORMAL,6.7,2.5,9.4,8.7
6580,0.9999,0,WARNING,6.6,2.0,1.8,6.0
6581,0.9999,0,WARNING,6.6,1.5,1.1,3.1
6582,0.3027,0,NORMAL,6.7,1.7,1.0,3.1
6583,0.7581,0,WARNING,7.0,6.6,1.1,3.1
6584,0.9963,0,WARNING,7.7,13.7,7.9,7.5
6585,0.2769,0,NORMAL,6.7,2.3,2.7,4.1
6586,0.9999,0,WARNING,6.6,0.8,1.0,3.1
6587,0.9999,0,WARNING,6.6,1.5,1.0,3.2
6588,0.9999,0,WARNING,6.6,2.4,1.0,3.0
6589,0.2412,0,NORMAL,6.7,1.4,5.1,5.8
6590,0.3871,0,NORMAL,6.7,2.5,5.4,5.6
6591,0.9999,0,WARNING,6.6,1.6,1.0,3.0
6592,0.9999,0,WARNING,6.6,1.2,1.0,3.1
6593,0.9999,0,WARNING,6.6,1.4,1.0,3.1
6594,1.0,0,ANOMALY,10.8,19.3,2.1,3.9
6595,0.8583,0,WARNING,7.2,6.5,7.6,7.7
6596,0.9999,0,WARNING,6.6,1.0,1.0,3.1
6597,0.9999,0,WARNING,6.6,1.6,1.1,3.1
6598,0.9999,0,WARNING,6.6,1.3,1.0,3.0
6599,0.9999,0,WARNING,6.6,1.6,1.0,3.0
6600,0.4693,0,NORMAL,6.7,2.5,9.2,8.8
6601,0.2535,0,NORMAL,6.8,1.1,1.4,4.5
6602,0.1913,0,NORMAL,6.7,1.9,1.4,4.3
6603,0.9999,0,WARNING,6.6,1.8,1.0,3.1
6604,1.0,0,ANOMALY,9.0,15.8,1.0,3.1
6605,0.4697,0,NORMAL,6.8,2.8,9.3,8.2
6606,0.3085,0,NORMAL,6.8,1.3,1.1,3.7
6607,0.1989,0,NORMAL,6.7,1.5,1.3,4.4
6608,0.1878,0,NORMAL,6.7,1.7,1.3,4.5
6609,0.2627,0,NORMAL,6.7,1.0,1.3,4.4
6610,0.9902,0,WARNING,6.7,2.3,9.7,12.5
6611,0.5017,0,NORMAL,6.8,1.2,1.3,4.5
6612,0.1842,0,NORMAL,6.8,1.4,1.3,4.4
6613,0.9999,0,WARNING,6.7,2.0,1.2,4.3
6614,1.0,0,ANOMALY,9.9,17.3,1.2,4.2
6615,0.4753,0,NORMAL,6.8,2.8,9.7,9.7
6616,0.2592,0,NORMAL,6.8,1.6,1.3,4.4
6617,0.9999,0,WARNING,6.7,1.6,1.3,4.5
6618,0.1684,0,NORMAL,6.8,1.4,1.2,4.5
6619,0.2474,0,NORMAL,6.8,1.1,1.3,4.1
6620,0.4693,0,NORMAL,6.8,2.7,9.6,9.6
6621,0.9999,0,WARNING,6.7,1.4,1.3,4.2
6622,0.2164,0,NORMAL,6.8,1.7,1.3,4.3
6623,0.2939,0,NORMAL,6.8,1.7,1.3,4.3
6624,1.0,0,ANOMALY,9.0,16.1,1.4,4.4
6625,0.4752,0,NORMAL,6.8,2.8,9.8,9.9
6626,0.3106,0,NORMAL,6.8,1.5,1.4,4.4
6627,0.1674,0,NORMAL,6.8,2.0,1.3,4.4
6628,0.185,0,NORMAL,6.8,1.5,1.3,4.3
6629,0.3059,0,NORMAL,6.8,1.2,1.3,4.2
6630,0.4693,0,NORMAL,6.8,2.7,9.8,9.7
6631,0.9999,0,WARNING,6.7,1.9,1.9,4.3
6632,0.1867,0,NORMAL,6.8,1.5,1.2,4.2
6633,0.9999,0,WARNING,6.7,1.6,1.3,4.3
6634,1.0,0,ANOMALY,9.7,17.0,0.9,3.0
6635,0.4748,0,NORMAL,7.0,2.1,8.2,7.5
6636,0.2526,0,NORMAL,6.9,1.9,2.4,3.7
6637,0.9999,0,WARNING,6.8,1.5,1.0,2.9
6638,0.9999,0,WARNING,6.8,1.4,0.8,2.8
6639,0.9999,0,WARNING,6.8,1.1,0.9,2.9
6640,0.999,0,WARNING,6.9,2.0,5.2,8.8
6641,0.4262,0,NORMAL,6.9,2.0,5.5,5.6
6642,0.9999,0,WARNING,6.9,2.7,1.0,2.9
6643,0.9999,0,WARNING,6.8,2.2,0.9,2.8
6644,0.9963,0,WARNING,8.4,15.0,1.0,2.9
6645,0.3855,0,NORMAL,6.9,1.1,2.1,3.5
6646,0.4114,0,NORMAL,6.9,2.4,7.8,7.6
6647,0.9999,0,WARNING,6.8,1.3,0.9,2.9
6648,0.9999,0,WARNING,6.8,1.3,0.9,2.9
6649,0.9999,0,WARNING,6.7,1.2,1.0,3.1
6650,0.9999,0,WARNING,6.8,1.7,0.9,2.9
6651,0.4692,0,NORMAL,6.9,2.1,9.3,8.3
6652,0.9999,0,WARNING,6.8,1.3,1.0,2.8
6653,0.9999,0,WARNING,6.8,1.1,1.0,2.9
6654,1.0,0,ANOMALY,9.3,16.2,1.0,2.8
6655,0.2346,0,NORMAL,6.9,2.0,0.9,3.0
6656,0.4751,0,NORMAL,6.9,2.5,9.5,8.2
6657,0.9999,0,WARNING,6.8,1.2,1.0,3.0
6658,0.9999,0,WARNING,6.8,1.9,0.9,2.9
6659,0.9999,0,WARNING,6.8,0.9,1.0,2.9
6660,0.9999,0,WARNING,6.8,1.6,0.9,2.9
6661,0.4748,0,NORMAL,6.9,2.4,9.6,8.3
6662,0.9999,0,WARNING,6.8,1.7,1.0,2.9
6663,0.9999,0,WARNING,6.8,0.9,0.8,2.9
6664,0.9959,0,WARNING,8.1,14.2,0.9,3.0
6665,0.9999,0,WARNING,6.8,2.0,1.0,2.9
6666,0.4804,0,NORMAL,6.9,2.7,9.7,8.5
6667,0.2649,0,NORMAL,6.9,1.2,1.3,3.6
6668,0.9999,0,WARNING,6.8,1.4,1.2,3.5
6669,0.9999,0,WARNING,6.7,1.3,1.5,3.4
6670,0.9859,0,WARNING,6.8,1.4,1.5,6.2
6671,0.4802,0,NORMAL,6.9,2.3,9.8,8.9
6672,0.3166,0,NORMAL,6.9,1.7,1.8,4.4
6673,0.9999,0,WARNING,6.8,1.6,1.4,3.5
6674,1.0,0,ANOMALY,11.0,19.0,1.4,3.6
6675,0.9999,0,WARNING,6.8,2.1,1.2,4.2
6676,0.4806,0,NORMAL,6.9,2.3,9.7,8.8
6677,0.9999,0,WARNING,6.8,1.5,2.2,3.8
6678,0.9999,0,WARNING,6.8,1.7,1.2,3.8
6679,0.9999,0,WARNING,6.8,1.3,1.1,4.0
6680,0.9999,0,WARNING,6.8,1.8,1.1,3.9
6681,0.5146,0,NORMAL,6.9,3.6,9.8,9.0
6682,0.3602,0,NORMAL,6.9,2.7,1.2,3.3
6683,0.9999,0,WARNING,6.8,1.2,1.3,3.5
6684,0.9962,0,WARNING,7.8,12.8,1.1,3.4
6685,0.9999,0,WARNING,6.8,2.1,1.4,3.6
6686,0.3401,0,NORMAL,6.9,2.0,7.3,7.9
6687,0.6503,0,WARNING,7.1,2.5,3.9,5.3
6688,0.2906,0,NORMAL,7.3,2.1,1.6,3.7
6689,0.4462,0,NORMAL,7.5,1.4,1.6,3.6
6690,0.9999,0,WARNING,7.4,1.6,1.3,4.0
6691,0.4286,0,NORMAL,7.5,1.6,4.9,6.0
6692,0.4297,0,NORMAL,7.5,2.6,7.3,7.1
6693,0.4151,0,NORMAL,7.4,1.4,1.4,3.4
6694,1.0,0,ANOMALY,10.0,16.3,1.4,3.5
6695,0.9999,0,WARNING,7.4,2.0,1.1,3.6
6696,0.4018,0,NORMAL,7.4,1.7,2.3,4.3
6697,0.4175,0,NORMAL,7.4,2.1,8.3,8.3
6698,0.9999,0,WARNING,7.3,1.9,1.1,3.5
6699,0.3426,0,NORMAL,7.4,1.3,1.3,3.6
6700,0.9977,0,WARNING,7.4,2.6,1.0,6.5
6701,0.3347,0,NORMAL,7.4,1.6,1.0,3.2
6702,0.4748,0,NORMAL,7.4,2.7,9.7,9.0
6703,0.9999,0,WARNING,7.3,1.4,1.1,3.5
6704,0.9968,0,WARNING,8.4,13.9,1.2,3.4
6705,0.303,0,NORMAL,7.3,2.2,1.2,3.8
6706,0.3019,0,NORMAL,7.4,1.5,1.4,3.6
6707,1.0,0,ANOMALY,7.4,2.2,10.4,6.6
6708,0.9999,0,WARNING,7.3,2.0,1.1,3.4
6709,0.9999,0,WARNING,7.3,2.0,0.8,3.4
6710,0.9999,0,WARNING,7.2,1.2,1.0,3.9
6711,0.2877,0,NORMAL,7.3,1.3,1.1,3.8
6712,0.4961,0,NORMAL,7.3,2.9,10.3,9.3
6713,0.3036,0,NORMAL,7.3,0.7,1.8,3.5
6714,1.0,0,WARNING,9.2,15.7,1.4,3.6
6715,0.2555,0,NORMAL,7.4,2.2,1.2,3.5
6716,0.9999,0,WARNING,7.2,2.2,1.1,3.4
6717,0.4804,0,NORMAL,7.3,2.4,10.0,9.0
6718,0.9999,0,WARNING,7.2,1.9,1.4,3.6
6719,0.9999,0,WARNING,7.2,1.5,0.9,3.3
6720,0.9999,0,WARNING,7.2,1.8,0.9,3.5
6721,0.9999,0,WARNING,7.2,1.6,0.9,3.5
6722,0.4693,0,NORMAL,7.3,2.8,9.8,9.1
6723,0.9999,0,WARNING,7.2,0.8,1.0,3.6
6724,1.0,0,ANOMALY,9.9,16.2,1.0,3.3
6725,0.9999,0,WARNING,7.2,2.0,1.3,3.5
6726,0.9999,0,WARNING,7.2,2.0,0.9,3.4
6727,0.7021,0,WARNING,7.3,4.3,9.8,8.9
6728,0.2388,0,NORMAL,7.2,1.7,1.7,3.5
6729,0.1704,0,NORMAL,7.2,1.9,1.6,3.5
6730,0.9999,0,WARNING,7.1,1.4,1.3,6.5
6731,0.9999,0,WARNING,7.1,1.5,1.0,3.5
6732,0.4468,0,NORMAL,7.2,3.2,9.4,8.5
6733,0.9999,0,WARNING,7.1,1.3,2.2,3.6
6734,0.9999,0,WARNING,8.6,15.0,1.0,3.4
6735,0.9999,0,WARNING,7.1,1.9,1.0,3.5
6736,0.2477,0,NORMAL,7.2,1.4,1.3,3.4
6737,0.367,0,NORMAL,7.2,2.0,7.7,7.6
6738,0.1821,0,NORMAL,7.2,2.2,4.1,5.2
6739,0.2172,0,NORMAL,7.2,1.4,1.3,3.5
6740,0.9999,0,WARNING,7.1,1.2,1.1,3.4
6741,0.9999,0,WARNING,7.0,1.1,0.9,3.4
6742,0.2374,0,NORMAL,7.1,2.1,4.5,5.4
6743,0.3118,0,NORMAL,7.1,2.0,7.0,6.9
6744,0.9997,0,WARNING,8.9,15.4,1.0,3.6
6745,0.9999,0,WARNING,7.0,1.6,0.9,3.6
6746,0.9999,0,WARNING,7.0,1.7,0.9,3.5
6747,0.2313,0,NORMAL,7.1,1.0,2.1,4.2
6748,0.4294,0,NORMAL,7.1,2.4,8.6,8.3
6749,0.9999,0,WARNING,7.0,1.8,1.2,3.4
6750,0.9999,0,WARNING,7.0,1.9,1.2,4.3
6751,0.9999,0,WARNING,7.0,1.3,1.0,3.7
6752,0.9999,0,WARNING,7.0,1.6,1.1,3.8
6753,0.4747,0,NORMAL,7.1,2.8,10.0,10.1
6754,1.0,0,ANOMALY,9.5,16.7,1.5,5.0
6755,0.3264,0,NORMAL,7.1,1.6,1.2,4.1
6756,0.3064,0,NORMAL,7.2,1.6,1.2,4.4
6757,0.9999,0,WARNING,7.1,1.5,1.2,4.6
6758,0.4695,0,NORMAL,7.2,2.9,10.0,10.2
6759,0.2606,0,NORMAL,7.2,1.5,1.1,4.1
6760,0.9999,0,WARNING,7.1,1.6,1.3,6.5
6761,0.2004,0,NORMAL,7.1,1.2,1.8,3.5
6762,0.1974,0,NORMAL,7.1,1.5,1.4,3.9
6763,0.4802,0,NORMAL,7.1,2.6,10.0,8.9
6764,0.9963,0,WARNING,7.9,12.5,1.5,3.4
6765,0.9999,0,WARNING,7.0,1.9,1.0,3.4
6766,0.9999,0,WARNING,7.0,1.6,1.0,4.0
6767,0.211,0,NORMAL,7.1,1.7,1.2,4.5
6768,0.4694,0,NORMAL,7.1,2.5,10.1,10.0
6769,0.329,0,NORMAL,7.2,1.3,1.7,4.1
6770,0.9999,0,WARNING,7.0,1.6,1.0,3.6
6771,0.9999,0,WARNING,7.1,1.4,1.0,3.6
6772,0.2936,0,NORMAL,7.2,2.1,1.3,3.5
6773,0.5065,0,NORMAL,7.2,2.7,10.5,9.1
6774,1.0,0,ANOMALY,9.4,16.1,1.3,3.7
6775,0.2679,0,NORMAL,7.2,1.0,1.4,3.6
6776,0.19,0,NORMAL,7.2,2.1,1.5,3.6
6777,0.9999,0,WARNING,7.1,1.7,1.6,3.8
6778,0.475,0,NORMAL,7.2,2.2,10.0,9.1
6779,0.9999,0,WARNING,7.1,1.2,1.5,3.6
6780,0.9999,0,WARNING,7.1,1.5,1.1,3.6
6781,0.9999,0,WARNING,7.1,1.3,1.1,3.5
6782,0.9999,0,WARNING,7.1,1.1,1.1,4.2
6783,0.4292,0,NORMAL,7.2,2.2,9.1,8.5
6784,0.9961,0,WARNING,8.1,13.2,3.2,4.3
6785,0.9999,0,WARNING,7.1,1.3,1.2,3.7
6786,0.3059,0,NORMAL,7.2,1.4,1.6,3.6
6787,0.3057,0,NORMAL,7.2,1.3,1.4,3.6
6788,0.6075,0,WARNING,7.2,3.0,7.4,7.7
6789,0.1957,0,NORMAL,7.2,2.3,5.6,6.9
6790,0.9819,0,WARNING,7.2,2.2,1.4,6.9
6791,0.9999,0,WARNING,7.1,1.5,1.1,3.7
6792,0.9999,0,WARNING,7.1,1.7,1.1,3.7
6793,0.2179,0,NORMAL,7.2,1.8,4.8,5.7
6794,1.0,0,ANOMALY,9.7,17.4,6.5,6.9
6795,0.3878,0,NORMAL,7.3,1.1,1.3,3.5
6796,0.1764,0,NORMAL,7.3,1.6,1.0,3.6
6797,0.1955,0,NORMAL,7.2,2.0,1.5,3.7
6798,0.2105,0,NORMAL,7.2,1.5,2.1,4.3
6799,0.4294,0,NORMAL,7.4,2.5,8.7,8.6
6800,0.2519,0,NORMAL,7.3,1.7,1.2,4.1
6801,0.1713,0,NORMAL,7.3,1.6,1.5,4.2
6802,0.3064,0,NORMAL,7.3,1.5,1.8,4.1
6803,0.3063,0,NORMAL,7.3,1.1,1.6,4.2
6804,0.9969,0,WARNING,8.2,14.7,9.9,9.1
6805,0.3535,0,NORMAL,7.3,1.4,2.4,4.2
6806,0.1593,0,NORMAL,7.2,1.9,1.6,3.9
6807,0.1803,0,NORMAL,7.2,1.6,1.3,3.9
6808,0.2006,0,NORMAL,7.2,1.7,1.1,3.7
6809,0.4749,0,NORMAL,7.3,2.8,10.1,9.9
6810,0.315,0,NORMAL,7.2,1.8,1.5,5.2
6811,0.3078,0,NORMAL,7.2,1.6,1.9,4.9
6812,0.1666,0,NORMAL,7.2,1.8,1.5,3.7
6813,0.1959,0,NORMAL,7.2,1.3,1.0,3.6
6814,1.0,0,ANOMALY,9.9,17.9,10.0,9.2
6815,0.4629,0,NORMAL,7.2,1.6,1.7,3.7
6816,0.1492,0,NORMAL,7.2,1.7,1.2,3.6
6817,0.9999,0,WARNING,7.1,1.8,1.2,3.6
6818,0.9999,0,WARNING,7.1,1.1,1.3,3.7
6819,0.491,0,NORMAL,7.2,2.7,10.3,9.5
6820,0.994,0,WARNING,7.2,1.6,1.9,6.7
6821,0.348,0,NORMAL,7.2,1.2,1.4,4.0
6822,0.1951,0,NORMAL,7.2,1.5,1.2,4.4
6823,0.2114,0,NORMAL,7.2,1.5,1.2,4.2
6824,0.9967,0,WARNING,8.2,14.1,10.1,9.3
6825,0.3214,0,NORMAL,7.2,1.3,1.9,3.6
6826,0.2159,0,NORMAL,7.2,2.0,2.0,4.1
6827,0.2154,0,NORMAL,7.2,1.7,2.1,4.3
6828,0.1931,0,NORMAL,7.2,1.8,2.4,4.5
6829,0.5218,0,NORMAL,7.2,2.2,11.0,10.2
6830,0.2905,0,NORMAL,7.2,1.7,3.6,4.1
6831,0.9999,0,WARNING,7.1,1.0,1.4,4.4
6832,0.2112,0,NORMAL,7.2,1.3,1.6,4.0
6833,0.2038,0,NORMAL,7.2,1.2,2.1,5.2
6834,0.9972,0,WARNING,8.6,15.8,10.1,10.1
6835,0.4258,0,NORMAL,7.2,2.0,2.6,5.1
6836,0.1381,0,NORMAL,7.3,2.1,1.4,5.2
6837,0.1557,0,NORMAL,7.2,2.0,1.3,4.0
6838,0.2243,0,NORMAL,7.2,1.7,2.0,4.3
6839,0.3734,0,NORMAL,7.2,2.1,8.0,7.8
6840,0.1726,0,NORMAL,7.2,1.8,4.9,5.7
6841,0.2172,0,NORMAL,7.2,1.4,1.6,4.9
6842,0.3068,0,NORMAL,7.2,1.7,1.5,4.2
6843,0.9999,0,WARNING,7.1,1.3,1.2,3.7
6844,1.0,0,ANOMALY,9.5,16.4,4.9,6.2
6845,0.3269,0,NORMAL,7.2,2.3,6.5,7.2
6846,0.556,0,NORMAL,7.2,3.0,1.3,4.2
6847,0.156,0,NORMAL,7.2,1.5,1.6,4.0
6848,0.1822,0,NORMAL,7.2,1.4,1.3,4.5
6849,0.1988,0,NORMAL,7.2,1.8,2.4,5.1
6850,0.9923,0,WARNING,7.2,3.0,10.1,12.1
6851,0.9999,0,WARNING,7.1,1.2,1.5,4.2
6852,0.162,0,NORMAL,7.2,1.9,1.3,4.4
6853,0.198,0,NORMAL,7.2,1.1,1.3,4.3
6854,0.9974,0,WARNING,8.8,14.5,1.4,4.0
6855,0.4913,0,NORMAL,7.2,2.6,10.3,9.6
6856,0.2693,0,NORMAL,7.2,1.7,1.6,4.8
6857,0.2167,0,NORMAL,7.2,1.8,1.7,5.4
6858,0.2191,0,NORMAL,7.2,1.8,1.6,5.1
6859,0.2162,0,NORMAL,7.2,1.2,1.4,4.1
6860,0.4803,0,NORMAL,7.2,2.6,10.2,9.8
6861,0.2507,0,NORMAL,7.2,1.3,1.4,4.7
6862,0.168,0,NORMAL,7.2,1.6,1.6,4.1
6863,0.1863,0,NORMAL,7.2,1.6,2.2,4.3
6864,1.0,0,ANOMALY,9.2,16.3,1.6,4.3
6865,0.5018,0,NORMAL,7.2,2.8,10.6,9.6
6866,0.3093,0,NORMAL,7.3,1.9,1.4,4.2
6867,0.6053,0,WARNING,7.4,1.3,1.5,4.4
6868,0.4888,0,NORMAL,7.3,1.3,1.5,4.3
6869,0.3807,0,NORMAL,7.3,1.7,1.4,4.3
6870,0.4803,0,NORMAL,7.3,3.1,10.3,10.0
6871,0.2716,0,NORMAL,7.3,1.4,1.4,4.5
6872,0.181,0,NORMAL,7.3,1.6,1.5,4.6
6873,0.2402,0,NORMAL,7.2,1.3,1.6,4.4
6874,1.0,0,ANOMALY,10.5,18.1,1.5,4.4
6875,0.4753,0,NORMAL,7.3,2.3,10.1,9.6
6876,0.3054,0,NORMAL,7.3,2.1,1.4,4.6
6877,0.3138,0,NORMAL,7.3,1.9,1.8,4.9
6878,0.2665,0,NORMAL,7.3,2.0,2.0,4.7
6879,0.1698,0,NORMAL,7.3,1.5,2.5,4.9
6880,0.9963,0,WARNING,7.4,3.3,11.0,13.8
6881,0.5497,0,NORMAL,7.3,1.6,3.3,4.8
6882,0.1975,0,NORMAL,7.3,2.1,2.0,4.7
6883,0.1519,0,NORMAL,7.3,1.3,1.7,4.7
6884,0.9964,0,WARNING,8.3,13.6,1.6,4.6
6885,0.4753,0,NORMAL,7.3,2.9,10.2,9.6
6886,0.237,0,NORMAL,7.3,2.0,2.7,4.5
6887,0.1682,0,NORMAL,7.3,1.4,1.7,4.7
6888,0.1541,0,NORMAL,7.3,1.6,1.6,4.4
6889,0.306,0,NORMAL,7.3,1.7,1.4,4.5
6890,0.3668,0,NORMAL,7.3,2.3,8.0,8.2
6891,0.1982,0,NORMAL,7.3,2.2,4.5,6.2
6892,0.1515,0,NORMAL,7.3,1.5,2.0,4.6
6893,0.1716,0,NORMAL,7.3,1.8,1.8,4.6
6894,1.0,0,ANOMALY,10.5,17.7,1.8,4.6
6895,0.2938,0,NORMAL,7.4,2.5,5.6,7.4
6896,0.3473,0,NORMAL,7.7,3.1,8.0,8.4
6897,0.3834,0,NORMAL,7.8,2.9,2.3,4.9
6898,0.3453,0,NORMAL,7.7,1.7,1.9,4.9
6899,0.3116,0,NORMAL,7.7,2.3,2.2,5.4
6900,0.2769,0,NORMAL,7.7,1.5,1.9,4.9
6901,0.2548,0,NORMAL,7.7,1.8,1.9,5.2
6902,0.5117,0,NORMAL,7.8,3.0,11.5,11.9
6903,0.3774,0,NORMAL,7.7,2.0,4.7,6.4
6904,0.9973,0,WARNING,8.8,14.1,2.6,6.4
6905,0.3871,0,NORMAL,7.6,2.0,2.4,6.2
6906,0.1595,0,NORMAL,7.6,2.3,2.4,6.4
6907,0.4642,0,NORMAL,7.7,3.0,10.5,11.4
6908,0.2778,0,NORMAL,7.6,2.4,4.8,7.0
6909,0.1705,0,NORMAL,7.6,2.1,2.4,6.3
6910,0.9988,0,WARNING,7.6,2.0,2.5,9.7
6911,0.3288,0,NORMAL,7.6,2.1,2.5,6.4
6912,0.3469,0,NORMAL,7.6,2.8,8.2,9.9
6913,0.3088,0,NORMAL,7.6,3.0,7.3,8.6
6914,1.0,0,ANOMALY,10.6,17.8,2.6,6.4
6915,0.2297,0,NORMAL,7.5,1.7,2.3,5.4
6916,0.1268,0,NORMAL,7.5,2.2,2.2,5.2
6917,0.5273,0,NORMAL,7.5,2.9,5.0,7.1
6918,0.3866,0,NORMAL,7.6,3.5,9.1,9.2
6919,0.1703,0,NORMAL,7.5,1.8,2.5,5.7
6920,0.2169,0,NORMAL,7.5,2.1,2.4,5.4
6921,0.3064,0,NORMAL,7.6,1.8,2.4,5.4
6922,0.2161,0,NORMAL,7.6,2.0,3.0,5.6
6923,0.5168,0,NORMAL,7.7,2.9,11.4,10.9
6924,0.9969,0,WARNING,9.0,14.3,3.1,5.7
6925,0.2196,0,NORMAL,7.6,1.9,2.7,5.8
6926,0.1223,0,NORMAL,7.6,2.2,2.4,5.7
6927,0.1749,0,NORMAL,7.6,1.8,2.8,6.1
6928,0.5269,0,NORMAL,7.7,3.3,11.8,12.1
6929,0.3902,0,NORMAL,7.6,2.0,3.4,6.1
6930,0.212,0,NORMAL,7.6,1.8,3.0,6.2
6931,0.1356,0,NORMAL,7.6,1.6,2.7,5.8
6932,0.1498,0,NORMAL,7.6,2.4,2.6,6.0
6933,0.5317,0,NORMAL,7.7,2.8,11.9,11.7
6934,1.0,0,ANOMALY,11.4,19.2,3.9,6.2
6935,0.4013,0,NORMAL,7.6,2.7,2.9,6.0
6936,0.3865,0,NORMAL,7.6,2.3,2.7,6.4
6937,0.2167,0,NORMAL,7.6,2.0,2.8,6.3
6938,0.5221,0,NORMAL,7.7,2.9,11.7,11.4
6939,0.2538,0,NORMAL,7.6,2.6,4.8,6.1
6940,0.9963,0,WARNING,7.6,1.6,3.3,9.0
6941,0.2796,0,NORMAL,7.6,2.2,3.3,6.3
6942,0.1233,0,NORMAL,7.6,2.0,3.1,6.7
6943,0.5366,0,NORMAL,7.7,2.9,12.1,12.0
6944,0.997,0,WARNING,8.7,14.1,4.7,6.1
6945,0.3872,0,NORMAL,7.6,2.3,3.3,6.3
6946,0.1221,0,NORMAL,7.6,2.2,3.1,6.3
6947,0.2867,0,NORMAL,7.6,1.7,3.2,6.2
6948,0.5602,0,NORMAL,7.7,3.1,12.6,12.1
6949,0.3119,0,NORMAL,7.5,2.0,5.3,6.5
6950,0.1834,0,NORMAL,7.5,2.3,3.4,6.8
6951,0.1594,0,NORMAL,7.5,2.3,3.6,6.8
6952,0.3071,0,NORMAL,7.5,2.7,3.5,6.7
6953,0.5414,0,NORMAL,7.6,3.4,12.6,12.4
6954,1.0,0,ANOMALY,11.1,18.8,5.3,6.8
6955,0.3996,0,NORMAL,7.5,1.8,3.7,6.9
6956,0.1639,0,NORMAL,7.5,2.6,3.6,6.9
6957,0.2212,0,NORMAL,7.6,2.9,4.6,7.9
6958,0.5417,0,NORMAL,7.7,3.4,12.6,12.5
6959,0.2914,0,NORMAL,7.7,2.3,7.3,8.6
6960,0.3885,0,NORMAL,7.8,2.1,5.2,8.2
6961,0.3081,0,NORMAL,7.8,2.3,5.0,8.0
6962,0.3384,0,NORMAL,7.8,1.9,5.8,8.2
6963,0.4966,0,NORMAL,7.8,2.9,11.5,11.8
6964,0.9975,0,WARNING,9.1,15.2,10.7,11.2
6965,0.4429,0,NORMAL,7.8,2.5,6.4,9.2
6966,0.5157,0,NORMAL,7.7,3.8,6.9,9.5
6967,0.4223,0,NORMAL,7.7,2.5,6.7,9.5
6968,0.5464,0,NORMAL,7.8,3.2,9.8,11.4
6969,0.5559,0,NORMAL,7.7,3.2,13.8,13.3
6970,0.9953,0,WARNING,7.7,3.1,7.7,13.1
6971,0.5874,0,NORMAL,7.8,2.6,9.2,11.3
6972,0.7537,0,WARNING,7.8,3.1,12.2,13.6
6973,0.7686,0,WARNING,8.0,3.0,13.8,14.7
6974,1.0,0,ANOMALY,11.4,20.7,23.0,20.5
6975,0.7552,0,WARNING,8.0,3.8,13.4,14.8
6976,0.7937,0,WARNING,8.1,3.6,14.0,15.0
6977,0.7669,0,WARNING,8.0,3.5,15.0,16.1
6978,0.7473,0,WARNING,8.2,3.4,14.2,15.8
6979,0.807,0,WARNING,8.2,5.2,23.4,21.5
6980,0.7926,0,WARNING,8.1,3.2,16.2,16.7
6981,0.8483,0,WARNING,8.3,4.2,16.3,16.9
6982,0.8572,0,WARNING,8.2,4.4,17.8,18.6
6983,0.8558,0,WARNING,8.2,3.9,18.0,18.4
6984,0.9981,0,WARNING,9.4,16.6,26.5,24.1
6985,0.8202,0,WARNING,8.3,4.4,19.2,19.1
6986,0.9,0,WARNING,8.5,4.3,19.9,20.0
6987,0.9446,0,WARNING,8.7,5.8,27.0,25.6
6988,1.0,0,WARNING,8.7,5.7,29.5,26.4
6989,1.0,0,WARNING,8.8,7.1,36.1,30.2
6990,0.9489,0,WARNING,8.6,5.3,27.8,24.1
6991,0.9487,0,WARNING,8.7,6.2,25.3,23.7
6992,0.9488,0,WARNING,8.2,4.9,24.4,23.5
6993,0.9478,0,WARNING,8.1,4.8,23.9,22.9
6994,1.0,0,ANOMALY,11.9,21.8,32.3,28.1
6995,0.9573,0,WARNING,8.2,5.5,25.7,22.9
6996,0.8896,0,WARNING,8.2,5.0,23.6,22.8
6997,0.8489,0,WARNING,8.3,5.7,22.6,22.3
6998,0.951,0,WARNING,8.3,5.4,22.9,22.5
6999,0.9491,0,WARNING,8.3,6.2,31.6,27.7
7000,0.9922,0,WARNING,8.6,6.1,24.3,24.9
7001,0.9497,0,WARNING,8.6,5.5,22.7,22.0
7002,0.949,0,WARNING,8.5,4.7,22.2,21.8
7003,0.8661,0,WARNING,8.4,4.9,22.2,22.1
7004,0.999,0,WARNING,9.9,18.3,31.0,27.7
7005,0.9215,0,WARNING,8.6,4.8,23.6,22.0
7006,0.8895,0,WARNING,8.4,4.6,21.8,21.6
7007,1.0,0,WARNING,8.6,5.1,21.7,21.7
7008,0.8911,0,WARNING,8.7,5.5,21.5,21.9
7009,0.9468,0,WARNING,8.6,5.6,29.6,27.0
7010,0.8928,0,WARNING,8.5,5.0,23.5,21.6
7011,0.8633,0,WARNING,8.5,4.3,20.9,20.9
7012,0.8802,0,WARNING,8.7,5.7,21.2,22.8
7013,0.8605,0,WARNING,8.5,4.4,21.0,21.1
7014,1.0,0,ANOMALY,11.9,21.2,25.8,24.8
7015,0.8714,0,WARNING,8.6,5.3,25.3,23.8
7016,0.8634,0,WARNING,8.6,4.0,21.0,21.5
7017,0.9511,0,WARNING,8.9,5.1,21.1,21.3
7018,0.9491,0,WARNING,8.9,5.5,19.9,20.9
7019,0.8488,0,WARNING,8.8,5.9,22.0,22.4
7020,0.9465,0,WARNING,8.7,6.4,26.4,24.5
7021,0.8292,0,WARNING,8.8,5.0,19.8,20.4
7022,0.8393,0,WARNING,8.7,4.4,19.1,20.6
7023,0.8674,0,WARNING,8.8,4.1,19.7,20.7
7024,0.9981,0,WARNING,10.4,16.4,19.9,20.6
7025,0.9657,0,WARNING,9.2,7.3,28.4,25.8
7026,0.9269,0,WARNING,9.0,5.9,19.4,20.6
7027,0.8457,0,WARNING,8.7,4.6,19.9,21.2
7028,0.8533,0,WARNING,8.7,4.4,19.1,20.6
7029,0.8619,0,WARNING,8.7,4.7,19.8,20.8
7030,0.998,0,WARNING,8.9,5.9,28.6,29.2
7031,0.8472,0,WARNING,8.7,4.2,20.0,20.4
7032,0.8441,0,WARNING,8.9,5.4,19.2,20.7
7033,0.8532,0,WARNING,8.8,5.0,19.0,20.3
7034,1.0,0,ANOMALY,12.3,20.7,19.3,20.6
7035,0.9535,0,WARNING,9.0,6.1,27.7,25.8
7036,0.8647,0,WARNING,9.0,4.9,19.9,20.5
7037,0.8765,0,WARNING,8.9,4.9,19.0,20.7
7038,0.8548,0,WARNING,9.1,5.7,19.3,20.9
7039,0.8409,0,WARNING,9.0,3.6,18.9,20.6
7040,0.9452,0,WARNING,9.5,6.9,27.8,25.8
7041,0.8487,0,WARNING,9.2,5.2,20.2,19.4
7042,0.8425,0,WARNING,9.1,4.8,18.3,19.1
7043,0.8275,0,WARNING,9.0,3.5,17.8,18.7
7044,0.9985,0,WARNING,10.6,16.9,17.7,18.8
7045,0.8837,0,WARNING,9.3,5.9,27.3,24.6
7046,0.7992,0,WARNING,9.2,4.7,20.2,19.5
7047,0.8012,0,WARNING,9.1,4.5,19.3,20.2
7048,0.8239,0,WARNING,9.1,4.2,19.7,20.2
7049,0.8751,0,WARNING,9.2,4.2,20.0,19.8
7050,0.9543,0,WARNING,9.4,6.6,27.6,24.7
7051,0.8502,0,WARNING,9.3,4.6,20.1,19.4
7052,0.836,0,WARNING,9.4,5.1,18.5,18.9
7053,0.8309,0,WARNING,9.3,3.9,18.8,19.1
7054,1.0,0,ANOMALY,11.4,18.6,17.9,19.0
7055,0.9513,0,WARNING,9.4,6.0,28.1,25.0
7056,0.8221,0,WARNING,9.3,3.8,20.5,19.8
7057,0.8129,0,WARNING,9.4,4.5,18.6,19.6
7058,0.8326,0,WARNING,9.4,4.2,18.7,19.6
7059,0.8576,0,WARNING,9.4,3.3,18.8,19.2
7060,0.998,0,WARNING,9.5,5.2,26.8,27.8
7061,0.793,0,WARNING,9.5,4.4,19.0,19.0
7062,1.0,0,ANOMALY,9.4,3.8,17.7,16.6
7063,0.8309,0,WARNING,9.4,3.9,17.9,18.3
7064,0.9987,0,WARNING,11.0,17.3,17.4,18.8
7065,0.8359,0,WARNING,9.4,4.7,23.6,22.4
7066,0.809,0,WARNING,9.4,4.5,20.4,19.9
7067,0.8576,0,WARNING,9.3,3.6,17.1,18.5
7068,1.0,0,ANOMALY,9.4,4.1,17.3,20.8
7069,0.7908,0,WARNING,9.5,3.9,17.3,18.8
7070,0.8391,0,WARNING,9.6,4.3,20.6,20.3
7071,0.8147,0,WARNING,9.7,4.6,23.0,21.6
7072,0.8291,0,WARNING,9.8,4.2,17.3,18.5
7073,0.8202,0,WARNING,9.7,4.5,16.8,17.8
7074,1.0,0,ANOMALY,11.7,18.9,16.8,18.3
7075,0.8455,0,WARNING,9.6,3.5,17.5,18.6
7076,0.8325,0,WARNING,9.6,5.7,25.2,23.1
7077,0.7777,0,WARNING,9.6,3.7,16.8,18.5
7078,0.9478,0,WARNING,9.7,4.6,16.6,18.3
7079,0.8031,0,WARNING,9.5,3.9,16.7,18.0
7080,0.749,0,WARNING,9.5,4.6,16.3,18.2
7081,0.8375,0,WARNING,9.6,4.5,25.1,23.4
7082,0.8147,0,WARNING,9.5,3.9,17.0,18.2
7083,0.795,0,WARNING,9.5,4.0,16.4,18.1
7084,0.9984,0,WARNING,10.8,15.9,16.6,18.0
7085,0.7731,0,WARNING,9.6,4.2,16.0,17.8
7086,0.8213,0,WARNING,9.8,5.1,24.8,23.4
7087,0.7799,0,WARNING,9.6,4.1,17.4,18.4
7088,0.8128,0,WARNING,9.6,4.0,15.4,17.4
7089,0.7991,0,WARNING,9.6,4.0,15.1,17.5
7090,0.9913,0,WARNING,9.5,3.4,15.7,20.5
7091,0.829,0,WARNING,9.7,4.9,24.7,23.6
7092,0.801,0,WARNING,9.6,4.1,17.1,17.7
7093,0.801,0,WARNING,9.6,3.2,15.8,17.5
7094,1.0,0,ANOMALY,13.2,20.2,15.7,17.4
7095,0.7731,0,WARNING,9.5,3.9,15.2,17.3
7096,0.8291,0,WARNING,9.6,5.3,24.0,22.7
7097,0.7777,0,WARNING,9.5,4.0,17.1,17.9
7098,0.7843,0,WARNING,9.5,3.8,15.8,18.3
7099,0.749,0,WARNING,9.6,3.5,15.3,17.5
7100,0.8165,0,WARNING,9.6,4.2,16.1,17.4
7101,0.8054,0,WARNING,9.6,4.7,23.9,23.0
7102,0.797,0,WARNING,9.5,3.9,17.0,17.6
7103,0.829,0,WARNING,9.5,3.4,15.6,17.2
7104,0.9985,0,WARNING,10.9,16.6,15.1,17.3
7105,0.773,0,WARNING,9.5,4.3,14.8,17.3
7106,0.8201,0,WARNING,9.6,4.9,23.1,22.4
7107,0.7564,0,WARNING,9.5,4.0,16.3,17.3
7108,0.7776,0,WARNING,9.5,4.2,13.6,16.4
7109,0.6733,0,WARNING,9.4,3.6,13.5,16.8
7110,0.6919,0,WARNING,9.5,3.4,12.6,15.9
7111,0.7525,0,WARNING,9.4,3.5,20.7,20.5
7112,0.7612,0,WARNING,9.4,3.9,14.0,15.2
7113,0.6447,0,WARNING,9.3,3.0,11.5,14.8
7114,1.0,0,ANOMALY,12.5,19.7,11.1,14.5
7115,0.7036,0,WARNING,9.4,3.3,10.5,14.1
7116,0.6503,0,WARNING,9.3,3.6,16.6,17.9
7117,0.5858,0,NORMAL,9.4,3.7,13.5,14.9
7118,0.5637,0,NORMAL,9.2,3.4,9.3,13.5
7119,0.6462,0,WARNING,9.3,3.0,9.6,13.5
7120,0.9923,0,WARNING,9.3,3.2,9.7,16.2
7121,0.5564,0,NORMAL,9.3,3.7,12.6,14.9
7122,0.5806,0,NORMAL,9.3,3.8,15.1,16.3
7123,0.5752,0,NORMAL,9.2,2.9,9.1,12.8
7124,0.9979,0,WARNING,10.6,16.1,9.0,12.8
7125,0.57,0,NORMAL,9.2,3.3,8.9,12.5
7126,0.5692,0,NORMAL,9.0,3.3,9.4,12.8
7127,0.6946,0,WARNING,9.2,4.7,17.8,18.3
7128,0.938,0,WARNING,9.1,3.8,8.2,14.6
7129,0.9572,0,WARNING,9.0,3.0,8.8,15.1
7130,0.5233,0,NORMAL,9.0,3.5,8.2,12.3
7131,0.4442,0,NORMAL,8.9,3.0,7.9,12.2
7132,0.6654,0,WARNING,9.0,4.2,16.7,17.5
7133,0.3744,0,NORMAL,9.0,2.4,7.5,12.0
7134,1.0,0,ANOMALY,12.5,19.8,7.8,12.1
7135,0.4734,0,NORMAL,9.1,2.9,7.8,11.9
7136,0.3734,0,NORMAL,9.0,2.9,7.4,11.8
7137,0.6396,0,WARNING,9.2,4.4,15.7,17.1
7138,0.3992,0,NORMAL,9.1,3.5,8.1,11.1
7139,0.4157,0,NORMAL,9.0,3.3,6.7,10.9
7140,0.3043,0,NORMAL,9.0,2.6,6.2,10.8
7141,0.3875,0,NORMAL,9.0,2.8,6.0,10.7
7142,0.6041,0,WARNING,9.1,4.3,14.4,16.0
7143,0.3713,0,NORMAL,9.0,2.5,7.0,10.5
7144,0.9969,0,WARNING,10.5,15.1,6.0,10.4
7145,0.2046,0,NORMAL,9.0,2.4,5.1,9.9
7146,0.3129,0,NORMAL,9.0,3.3,5.3,10.6
7147,0.5862,0,NORMAL,9.0,4.1,14.0,15.7
7148,0.2685,0,NORMAL,9.0,2.5,6.6,10.0
7149,0.336,0,NORMAL,9.0,2.6,5.9,9.6
7150,0.994,0,WARNING,9.1,2.3,5.6,12.4
7151,0.2852,0,NORMAL,8.9,2.4,4.7,9.5
7152,0.5723,0,NORMAL,9.0,4.1,13.6,15.0
7153,0.2946,0,NORMAL,9.0,2.6,6.3,9.3
7154,1.0,0,ANOMALY,11.9,18.0,4.9,9.5
7155,0.2427,0,NORMAL,9.2,2.3,5.1,9.5
7156,0.2159,0,NORMAL,9.1,2.2,4.5,9.0
7157,0.5657,0,NORMAL,9.2,3.6,13.3,14.7
7158,0.2879,0,NORMAL,9.0,2.8,6.3,9.3
7159,0.2418,0,NORMAL,9.2,2.3,4.9,9.7
7160,0.278,0,NORMAL,9.0,2.7,5.2,9.1
7161,0.3057,0,NORMAL,9.0,2.0,4.9,9.4
7162,0.6003,0,WARNING,9.2,3.8,14.4,15.4
7163,0.3344,0,NORMAL,9.2,2.4,7.6,9.9
7164,1.0,0,ANOMALY,12.3,17.9,5.8,10.0
7165,0.3464,0,NORMAL,9.1,2.7,4.5,9.1
7166,0.3133,0,NORMAL,9.1,2.9,4.8,9.0
7167,0.481,0,NORMAL,9.2,3.1,11.5,13.4
7168,0.3152,0,NORMAL,9.2,2.9,8.3,10.7
7169,0.2495,0,NORMAL,9.1,2.1,4.5,8.9
7170,0.2778,0,NORMAL,9.1,2.4,4.4,8.9
7171,0.2766,0,NORMAL,9.1,2.2,4.8,8.9
7172,0.2832,0,NORMAL,9.2,2.6,7.9,11.2
7173,0.393,0,NORMAL,9.2,2.7,10.3,12.2
7174,1.0,0,ANOMALY,11.6,17.1,4.3,8.7
7175,0.3302,0,NORMAL,9.2,3.3,4.3,8.8
7176,0.2606,0,NORMAL,9.2,2.2,4.4,8.9
7177,0.5377,0,NORMAL,9.3,2.2,4.5,8.9
7178,0.5584,0,NORMAL,9.4,3.8,13.1,14.4
7179,0.4507,0,NORMAL,9.4,2.8,4.5,8.9
7180,0.998,0,WARNING,9.3,2.2,4.8,11.8
7181,0.3207,0,NORMAL,9.3,1.9,4.8,8.7
7182,0.2761,0,NORMAL,9.3,2.6,4.5,8.8
7183,0.5825,0,NORMAL,9.4,3.3,13.8,14.3
7184,0.9976,0,WARNING,10.8,15.9,4.8,9.1
7185,0.4146,0,NORMAL,9.4,3.0,4.6,8.7
7186,0.2171,0,NORMAL,9.2,2.3,4.3,8.8
7187,0.3193,0,NORMAL,9.2,2.2,4.7,8.8
7188,0.5557,0,NORMAL,9.4,3.9,13.2,14.0
7189,0.3108,0,NORMAL,9.3,2.3,5.8,8.9
7190,0.2329,0,NORMAL,9.2,2.8,4.9,9.2
7191,0.2916,0,NORMAL,9.2,2.3,4.6,9.1
7192,0.3458,0,NORMAL,9.2,3.3,4.9,9.3
7193,0.567,0,NORMAL,9.4,3.7,13.4,14.9
7194,1.0,0,ANOMALY,12.1,17.3,6.4,9.6
7195,0.3681,0,NORMAL,9.3,2.4,5.2,9.5
7196,0.4625,0,NORMAL,9.4,1.8,5.9,10.0
7197,0.5863,0,NORMAL,9.4,3.2,8.5,12.4
7198,0.7172,0,WARNING,9.5,4.5,19.1,18.8
7199,0.712,0,WARNING,9.6,3.7,13.1,13.7
7200,0.7004,0,WARNING,9.4,3.6,11.4,13.4
7201,0.6652,0,WARNING,9.5,3.2,11.3,13.8
7202,0.7496,0,WARNING,9.8,3.7,11.7,14.3
7203,0.7469,0,WARNING,9.7,4.7,20.4,19.3
7204,0.9982,0,WARNING,11.3,17.0,13.3,14.2
7205,0.7173,0,WARNING,9.6,3.6,11.6,14.2
7206,0.8544,0,WARNING,9.6,3.3,11.1,16.1
7207,0.6863,0,WARNING,9.7,3.2,11.3,14.5
7208,0.7705,0,WARNING,9.7,4.1,20.6,19.4
7209,0.6968,0,WARNING,9.7,2.9,13.7,14.1
7210,0.9953,0,WARNING,9.7,3.0,11.7,16.9
7211,0.6532,0,WARNING,9.7,3.3,12.0,14.1
7212,0.6765,0,WARNING,9.7,3.7,12.2,14.4
7213,0.7751,0,WARNING,9.7,4.8,20.9,19.8
7214,1.0,0,ANOMALY,13.0,19.6,13.7,14.7
7215,0.6755,0,WARNING,9.7,4.3,11.8,14.5
7216,0.6545,0,WARNING,9.7,4.0,12.6,14.7
7217,0.6678,0,WARNING,9.7,4.0,12.1,14.6
7218,0.7074,0,WARNING,9.7,4.9,18.8,18.7
7219,0.6749,0,WARNING,9.8,3.6,15.5,16.1
7220,0.6749,0,WARNING,9.8,3.8,12.1,14.6
7221,0.6677,0,WARNING,9.8,3.4,12.2,14.7
7222,0.657,0,WARNING,9.7,3.9,12.1,15.2
7223,0.749,0,WARNING,9.8,3.3,15.4,16.6
7224,1.0,0,ANOMALY,12.0,18.6,18.9,18.6
7225,0.6917,0,WARNING,9.9,3.7,12.7,15.4
7226,0.732,0,WARNING,9.9,3.8,13.4,15.9
7227,0.745,0,WARNING,9.8,2.8,14.2,16.1
7228,0.7808,0,WARNING,9.8,3.7,14.0,16.1
7229,0.7848,0,WARNING,10.0,4.6,22.7,21.5
7230,0.7486,0,WARNING,9.9,4.3,13.8,16.0
7231,0.7923,0,WARNING,9.9,3.2,14.2,16.2
7232,0.7037,0,WARNING,10.0,4.2,14.1,16.7
7233,0.732,0,WARNING,9.9,3.2,14.1,16.7
7234,1.0,0,ANOMALY,13.4,20.8,23.1,22.3
7235,0.8146,0,WARNING,9.9,4.0,16.0,16.8
7236,0.7707,0,WARNING,10.0,3.1,15.7,17.1
7237,0.7928,0,WARNING,10.0,4.0,15.0,16.9
7238,0.7612,0,WARNING,10.0,3.8,15.1,17.2
7239,0.8196,0,WARNING,10.2,5.1,24.7,23.0
7240,0.9939,0,WARNING,10.1,4.2,16.6,20.0
7241,0.7637,0,WARNING,10.1,4.6,14.9,17.0
7242,0.7864,0,WARNING,10.0,4.2,15.2,17.1
7243,0.7988,0,WARNING,10.2,3.9,14.9,17.2
7244,1.0,0,ANOMALY,17.9,30.9,23.6,22.5
7245,0.797,0,WARNING,10.1,4.3,16.4,17.0
7246,0.7709,0,WARNING,10.1,3.8,14.5,16.7
7247,0.7279,0,WARNING,10.1,3.2,14.1,17.0
7248,0.7166,0,WARNING,10.2,3.8,13.9,16.7
7249,0.7926,0,WARNING,10.4,5.4,22.9,22.3
7250,0.7907,0,WARNING,10.2,3.6,15.9,17.0
7251,0.803,0,WARNING,10.2,3.3,14.2,16.2
7252,0.768,0,WARNING,10.2,4.1,14.9,17.1
7253,0.7858,0,WARNING,10.2,4.0,14.8,17.0
7254,1.0,0,ANOMALY,14.0,20.7,24.6,22.9
7255,0.7798,0,WARNING,10.2,4.8,16.8,17.4
7256,0.801,0,WARNING,10.3,4.1,14.6,16.7
7257,0.7708,0,WARNING,10.3,4.2,15.5,17.7
7258,0.7564,0,WARNING,10.3,4.5,15.1,17.5
7259,0.943,0,WARNING,10.5,4.6,23.9,22.8
7260,0.7886,0,WARNING,10.4,4.5,17.0,17.3
7261,0.803,0,WARNING,10.3,4.1,15.6,17.7
7262,0.7864,0,WARNING,10.2,4.1,15.0,17.6
7263,0.8088,0,WARNING,10.2,4.1,15.8,17.9
7264,1.0,0,ANOMALY,15.3,22.5,24.8,23.3
7265,0.7843,0,WARNING,10.6,6.5,17.6,18.5
7266,0.7541,0,WARNING,10.6,4.9,15.9,18.4
7267,0.8147,0,WARNING,10.5,3.7,16.0,18.1
7268,0.7886,0,WARNING,10.4,4.4,16.3,17.9
7269,0.8455,0,WARNING,10.5,5.4,22.7,22.1
7270,0.9986,0,WARNING,10.5,4.7,19.7,22.8
7271,0.7821,0,WARNING,10.4,4.4,16.2,18.1
7272,0.7708,0,WARNING,10.6,4.9,15.9,18.4
7273,0.7799,0,WARNING,10.3,3.8,15.5,18.5
7274,1.0,0,ANOMALY,13.3,19.3,19.2,20.2
7275,0.8202,0,WARNING,10.5,4.7,22.7,21.6
7276,0.7886,0,WARNING,10.5,3.5,16.5,18.7
7277,0.797,0,WARNING,10.6,4.6,16.5,18.8
7278,0.8308,0,WARNING,10.6,4.6,16.8,18.8
7279,0.805,0,WARNING,10.6,4.1,16.3,19.0
7280,0.8296,0,WARNING,10.6,5.1,24.9,24.2
7281,0.809,0,WARNING,10.6,3.9,16.6,18.5
7282,0.8128,0,WARNING,10.8,4.8,16.5,19.0
7283,0.813,0,WARNING,10.7,4.1,15.8,17.7
7284,1.0,0,ANOMALY,13.0,18.3,16.2,18.2
7285,0.8263,0,WARNING,10.6,4.5,25.3,23.9
7286,0.8274,0,WARNING,10.8,4.3,17.1,18.4
7287,0.8184,0,WARNING,10.8,4.4,17.2,18.6
7288,0.8375,0,WARNING,10.7,4.1,17.4,19.0
7289,0.8165,0,WARNING,10.7,3.8,16.8,18.4
7290,0.8337,0,WARNING,10.8,5.7,25.9,24.0
7291,0.8486,0,WARNING,10.8,4.0,17.9,18.2
7292,0.8308,0,WARNING,10.6,4.0,16.3,18.1
7293,0.844,0,WARNING,10.7,3.7,17.3,18.7
7294,1.0,0,ANOMALY,14.4,20.8,17.1,18.6
7295,0.8178,0,WARNING,10.7,4.4,24.8,23.5
7296,0.8424,0,WARNING,10.6,4.5,18.2,18.2
7297,0.8471,0,WARNING,10.6,4.5,17.0,18.7
7298,0.8342,0,WARNING,10.7,4.5,16.7,18.4
7299,0.8501,0,WARNING,10.7,3.6,16.3,18.3
7300,0.9988,0,WARNING,10.7,5.4,24.8,26.6
7301,0.8359,0,WARNING,10.8,4.4,18.7,18.8
7302,0.8308,0,WARNING,10.7,4.4,16.5,18.7
7303,0.8128,0,WARNING,10.6,4.5,16.3,18.4
7304,1.0,0,ANOMALY,13.6,19.2,16.8,18.8
7305,0.9516,0,WARNING,10.8,6.7,26.1,24.3
7306,0.8051,0,WARNING,10.5,4.3,18.1,18.5
7307,0.844,0,WARNING,10.6,4.3,16.7,18.6
7308,0.8308,0,WARNING,10.6,5.2,17.3,19.1
7309,0.8308,0,WARNING,10.5,4.0,16.5,18.4
7310,0.844,0,WARNING,10.6,5.5,26.5,25.1
7311,0.8359,0,WARNING,10.6,4.4,19.6,19.9
7312,0.8203,0,WARNING,10.8,5.3,17.2,19.9
7313,0.8291,0,WARNING,10.7,4.8,17.3,20.0
7314,0.9988,0,WARNING,12.4,17.7,18.3,20.8
7315,0.9493,0,WARNING,10.9,5.2,26.7,24.9
7316,0.8424,0,WARNING,10.8,4.6,19.7,19.3
7317,0.8646,0,WARNING,10.8,3.8,17.9,21.4
7318,0.8408,0,WARNING,10.8,3.9,16.9,18.7
7319,0.7991,0,WARNING,10.8,4.6,15.6,17.6
7320,0.8308,0,WARNING,10.8,5.1,21.8,21.1
7321,1.0,0,ANOMALY,10.8,4.3,18.0,29.1
7322,0.6895,0,WARNING,10.7,3.6,12.4,15.7
7323,0.7331,0,WARNING,10.7,4.0,12.1,15.2
7324,1.0,0,ANOMALY,13.4,18.3,12.0,15.2
7325,0.7431,0,WARNING,10.7,3.6,15.3,17.2
7326,0.7128,0,WARNING,10.9,5.1,18.0,18.2
7327,0.6697,0,WARNING,10.7,4.6,11.4,14.9
7328,0.6298,0,WARNING,10.7,3.5,10.5,14.2
7329,0.6506,0,WARNING,10.7,3.0,10.4,14.2
7330,0.9953,0,WARNING,10.8,3.1,10.4,16.7
7331,0.7226,0,WARNING,10.8,4.5,19.2,19.7
7332,0.6018,0,WARNING,10.8,3.4,10.3,14.1
7333,0.643,0,WARNING,10.7,2.8,9.8,13.7
7334,1.0,0,ANOMALY,12.9,17.1,9.7,13.6
7335,0.6005,0,WARNING,10.8,3.2,9.7,14.1
7336,0.7054,0,WARNING,10.8,4.3,18.4,18.8
7337,0.5593,0,NORMAL,10.7,3.1,9.0,13.1
7338,0.6006,0,WARNING,10.8,3.5,9.7,13.5
7339,0.6,0,WARNING,10.8,2.4,9.1,13.0
7340,0.5785,0,NORMAL,10.8,3.3,9.4,13.3
7341,0.7052,0,WARNING,10.8,4.5,18.3,18.7
7342,0.5968,0,NORMAL,10.7,3.6,10.2,13.2
7343,0.5486,0,NORMAL,10.8,3.1,9.0,13.1
7344,1.0,0,ANOMALY,14.9,20.4,9.4,13.3
7345,0.5927,0,NORMAL,11.0,2.9,9.6,13.3
7346,0.7012,0,WARNING,11.0,4.5,18.3,18.5
7347,0.532,0,NORMAL,10.9,3.5,10.4,13.1
7348,0.5356,0,NORMAL,11.0,3.8,9.6,13.6
7349,0.5441,0,NORMAL,10.9,3.4,9.9,13.5
7350,0.515,0,NORMAL,10.8,3.0,9.4,13.2
7351,0.9819,0,WARNING,10.9,4.0,18.8,21.3
7352,0.5407,0,NORMAL,11.0,3.6,11.3,13.4
7353,0.5757,0,NORMAL,11.0,3.3,9.5,13.0
7354,0.9979,0,WARNING,11.8,15.2,9.5,13.2
7355,0.5527,0,NORMAL,10.8,3.1,9.0,12.8
7356,0.704,0,WARNING,11.0,4.7,18.3,18.6
7357,0.5405,0,NORMAL,11.0,3.1,11.1,13.2
7358,0.5059,0,NORMAL,11.0,3.8,9.4,13.1
7359,0.4796,0,NORMAL,11.0,3.6,9.4,13.3
7360,0.9913,0,WARNING,11.0,4.5,9.3,15.9
7361,0.701,0,WARNING,10.9,4.3,18.1,18.3
7362,0.5165,0,NORMAL,10.8,4.3,11.0,13.1
7363,0.5205,0,NORMAL,10.8,3.5,9.4,13.0
7364,1.0,0,ANOMALY,14.2,19.6,9.4,13.4
7365,0.5064,0,NORMAL,10.8,3.6,9.2,13.1
7366,0.6912,0,WARNING,11.0,4.7,17.6,18.4
7367,0.4821,0,NORMAL,11.0,3.2,11.2,13.5
7368,0.4651,0,NORMAL,11.0,3.3,9.0,13.2
7369,0.5007,0,NORMAL,11.0,2.9,9.3,13.2
7370,0.4687,0,NORMAL,11.0,3.5,9.2,13.1
7371,0.6286,0,WARNING,11.0,4.0,15.7,17.1
7372,0.4791,0,NORMAL,11.1,4.3,12.6,14.7
7373,0.4753,0,NORMAL,11.0,3.4,9.7,13.7
7374,0.9976,0,WARNING,11.8,15.1,9.9,13.7
7375,0.4695,0,NORMAL,10.9,3.5,10.0,13.8
7376,0.5887,0,NORMAL,11.0,5.1,13.1,15.5
7377,0.6065,0,WARNING,11.0,4.5,15.6,17.0
7378,0.4492,0,NORMAL,11.1,3.5,9.3,13.6
7379,0.4483,0,NORMAL,11.0,4.0,9.1,13.6
7380,0.4532,0,NORMAL,10.8,3.0,7.9,12.8
7381,0.4463,0,NORMAL,10.8,3.1,8.0,12.7
7382,0.6721,0,WARNING,11.0,4.4,16.6,18.0
7383,0.4133,0,NORMAL,10.9,2.7,7.4,12.0
7384,1.0,0,ANOMALY,15.3,20.7,7.5,12.5
7385,0.4483,0,NORMAL,11.0,3.4,7.1,12.1
7386,0.5105,0,NORMAL,11.1,4.6,7.5,12.3
7387,0.6579,0,WARNING,11.1,5.2,16.2,17.8
7388,0.4645,0,NORMAL,10.9,3.1,7.7,12.1
7389,0.3999,0,NORMAL,10.9,2.5,6.7,11.8
7390,0.9913,0,WARNING,10.9,3.2,6.7,14.4
7391,0.4269,0,NORMAL,11.0,2.7,6.5,11.8
7392,0.6323,0,WARNING,11.0,4.1,15.3,17.2
7393,0.4457,0,NORMAL,10.9,3.4,7.3,11.7
7394,1.0,0,WARNING,12.7,15.9,6.0,11.5
7395,0.4446,0,NORMAL,10.8,3.3,6.1,11.7
7396,0.4027,0,NORMAL,10.8,2.4,5.7,11.4
7397,0.6204,0,WARNING,11.1,4.7,15.0,17.2
7398,0.491,0,NORMAL,11.1,3.6,6.9,11.4
7399,0.3329,0,NORMAL,10.9,2.5,5.4,11.2
7400,0.414,0,NORMAL,10.9,2.8,5.4,11.2
7401,0.3879,0,NORMAL,10.9,2.4,5.7,11.1
7402,0.617,0,WARNING,11.1,4.4,15.0,16.9
7403,0.3644,0,NORMAL,10.9,2.9,7.4,11.4
7404,1.0,0,ANOMALY,14.6,19.5,5.4,11.1
7405,0.4641,0,NORMAL,11.0,3.2,5.5,11.3
7406,0.3783,0,NORMAL,10.9,2.4,5.1,11.0
7407,0.6179,0,WARNING,11.1,4.1,14.8,17.3
7408,0.5957,0,NORMAL,11.1,3.8,7.0,11.2
7409,0.3846,0,NORMAL,11.0,2.8,5.0,11.0
7410,0.338,0,NORMAL,10.9,2.4,5.1,10.7
7411,0.57,0,NORMAL,11.1,2.9,5.0,10.9
7412,0.6041,0,WARNING,11.1,4.1,14.5,17.1
7413,0.4208,0,NORMAL,11.0,2.4,6.9,11.0
7414,1.0,0,ANOMALY,13.2,17.3,4.9,11.1
7415,0.3388,0,NORMAL,10.9,2.8,4.9,11.0
7416,0.3703,0,NORMAL,10.9,2.5,5.1,10.6
7417,0.574,0,NORMAL,10.9,3.6,13.7,16.1
7418,0.3783,0,NORMAL,10.9,3.2,7.8,11.8
7419,0.3183,0,NORMAL,10.9,3.0,5.1,11.0
7420,0.9971,0,WARNING,10.9,2.6,5.2,13.9
7421,0.314,0,NORMAL,10.9,2.5,4.9,10.7
7422,0.4334,0,NORMAL,10.9,3.3,10.5,14.3
7423,0.3307,0,NORMAL,10.9,3.3,9.5,13.0
7424,0.9975,0,WARNING,12.4,15.7,5.1,11.1
7425,0.3882,0,NORMAL,11.0,2.4,4.9,10.9
7426,0.3763,0,NORMAL,11.0,2.0,5.0,10.8
7427,0.394,0,NORMAL,11.0,3.2,7.9,12.7
7428,0.4782,0,NORMAL,11.0,3.6,11.9,14.8
7429,0.2475,0,NORMAL,11.0,2.0,4.7,10.7
7430,0.3172,0,NORMAL,11.0,2.6,4.7,10.7
7431,0.3498,0,NORMAL,11.0,1.8,4.7,10.5
7432,0.3011,0,NORMAL,11.0,2.0,4.6,10.5
7433,0.8144,0,WARNING,11.0,3.5,13.8,18.1
7434,1.0,0,WARNING,12.8,16.1,5.0,10.8
7435,0.3044,0,NORMAL,11.0,2.5,4.6,10.8
7436,0.3637,0,NORMAL,11.0,2.3,4.8,10.6
7437,0.6226,0,WARNING,11.0,3.6,5.0,11.3
7438,0.601,0,WARNING,11.1,4.0,13.9,16.6
7439,0.9082,0,WARNING,11.2,4.4,5.5,11.1
7440,0.2752,0,NORMAL,10.9,2.4,5.1,10.6
7441,0.308,0,NORMAL,10.9,2.3,4.9,10.5
7442,0.2581,0,NORMAL,10.9,2.5,4.7,10.5
7443,0.5939,0,NORMAL,11.0,3.2,13.9,16.2
7444,0.9967,0,WARNING,12.5,15.4,5.2,10.3
7445,0.2753,0,NORMAL,10.9,2.7,4.2,10.2
7446,0.3464,0,NORMAL,11.0,3.1,4.1,10.0
7447,0.2423,0,NORMAL,11.0,2.8,4.2,10.2
7448,0.5729,0,NORMAL,11.1,3.6,13.3,16.0
7449,0.3137,0,NORMAL,11.0,2.0,5.6,10.1
7450,0.994,0,WARNING,11.0,2.1,4.1,12.8
7451,0.2968,0,NORMAL,10.9,2.0,3.9,9.9
7452,0.2711,0,NORMAL,10.9,2.1,4.2,10.1
7453,0.5657,0,NORMAL,11.0,3.4,13.2,15.7
7454,1.0,0,ANOMALY,13.1,16.5,5.8,10.0
7455,0.2683,0,NORMAL,11.0,2.0,4.1,10.1
7456,0.3876,0,NORMAL,11.0,2.3,4.2,9.9
7457,0.3081,0,NORMAL,11.0,2.1,4.3,10.4
7458,0.5562,0,NORMAL,11.0,3.6,13.0,15.7
7459,0.2899,0,NORMAL,10.9,1.8,5.8,10.1
7460,0.2734,0,NORMAL,10.9,1.7,4.0,9.9
7461,0.2265,0,NORMAL,10.8,1.7,3.9,9.8
7462,0.2926,0,NORMAL,10.8,2.3,4.2,9.9
7463,0.5546,0,NORMAL,10.8,3.0,13.0,15.3
7464,0.9975,0,WARNING,12.1,15.3,5.7,9.9
7465,0.3086,0,NORMAL,10.7,1.7,3.9,9.8
7466,0.3543,0,NORMAL,10.7,2.6,3.9,9.7
7467,0.1569,0,NORMAL,10.7,1.7,3.6,9.5
7468,0.5127,0,NORMAL,10.7,3.4,11.9,14.6
7469,0.2676,0,NORMAL,10.7,2.1,6.1,10.0
7470,0.1413,0,NORMAL,10.7,2.0,3.7,9.3
7471,0.1654,0,NORMAL,10.7,2.0,3.5,9.2
7472,0.1836,0,NORMAL,10.7,2.7,3.7,9.4
7473,0.378,0,NORMAL,10.8,3.1,9.1,12.6
7474,1.0,0,WARNING,12.6,16.3,8.2,11.6
7475,0.3579,0,NORMAL,10.8,2.2,3.6,9.3
7476,0.274,0,NORMAL,10.9,1.9,3.6,9.2
7477,0.248,0,NORMAL,10.8,2.2,3.8,9.4
7478,0.2316,0,NORMAL,10.9,2.6,6.5,11.1
7479,0.4148,0,NORMAL,10.9,2.6,10.3,12.9
7480,0.9818,0,WARNING,10.8,2.3,3.3,11.7
7481,0.305,0,NORMAL,10.8,1.9,3.5,9.1
7482,0.1783,0,NORMAL,10.8,2.3,3.5,9.2
7483,0.1325,0,NORMAL,10.7,1.6,3.5,9.3
7484,1.0,0,ANOMALY,13.0,17.4,12.0,14.7
7485,0.4514,0,NORMAL,10.7,1.7,3.6,9.3
7486,0.2112,0,NORMAL,10.7,2.5,3.6,9.3
7487,0.3076,0,NORMAL,10.7,1.9,3.6,9.3
7488,0.2174,0,NORMAL,10.7,2.5,3.6,9.2
7489,0.5258,0,NORMAL,10.7,3.2,12.1,14.6
7490,0.7432,0,WARNING,10.8,3.8,3.7,8.9
7491,0.1143,0,NORMAL,10.6,2.4,3.3,9.0
7492,0.355,0,NORMAL,10.6,2.6,3.3,9.0
7493,0.1825,0,NORMAL,10.5,2.3,3.2,8.9
7494,1.0,0,ANOMALY,13.1,17.7,12.0,14.7
7495,0.4951,0,NORMAL,10.5,2.0,4.1,8.8
7496,0.388,0,NORMAL,10.6,2.6,3.3,8.5
7497,0.338,0,NORMAL,10.5,2.6,3.1,8.9
7498,0.1317,0,NORMAL,10.5,2.3,3.1,8.7
7499,0.5215,0,NORMAL,10.6,3.1,12.0,14.1
7500,0.2817,0,NORMAL,10.5,1.9,4.5,8.6
7501,0.3033,0,NORMAL,10.5,2.2,2.9,8.4
7502,0.1381,0,NORMAL,10.5,1.7,2.9,8.4
7503,0.3142,0,NORMAL,10.5,2.1,2.9,8.3
7504,1.0,0,ANOMALY,13.8,19.1,11.9,13.7
7505,0.5321,0,NORMAL,10.5,1.4,3.5,8.2
7506,0.1658,0,NORMAL,10.5,2.2,2.7,8.1
7507,0.1573,0,NORMAL,10.6,2.0,2.9,8.2
7508,0.8741,0,WARNING,10.8,4.1,2.7,8.1
7509,0.5103,0,NORMAL,10.6,3.1,11.7,13.4
7510,0.9989,0,WARNING,10.5,2.8,3.2,11.1
7511,0.3599,0,NORMAL,10.5,2.2,2.6,7.7
7512,0.2203,0,NORMAL,10.5,2.4,2.8,7.9
7513,0.1534,0,NORMAL,10.5,2.2,2.7,7.8
7514,0.9973,0,WARNING,11.5,15.4,11.5,13.5
7515,0.3374,0,NORMAL,10.4,1.7,2.6,7.9
7516,0.1563,0,NORMAL,10.4,2.4,2.7,7.8
7517,0.1467,0,NORMAL,10.4,2.0,2.6,8.0
7518,0.1165,0,NORMAL,10.4,2.0,2.6,8.0
7519,0.4745,0,NORMAL,10.5,3.0,10.9,12.9
7520,0.3898,0,NORMAL,10.4,2.4,4.7,8.1
7521,0.1274,0,NORMAL,10.4,1.3,2.8,7.8
7522,0.19,0,NORMAL,10.4,1.5,2.7,7.7
7523,0.1527,0,NORMAL,10.4,2.0,2.7,7.6
7524,1.0,0,ANOMALY,13.9,18.9,8.3,11.2
7525,0.4842,0,NORMAL,10.5,3.2,6.8,9.9
7526,0.2957,0,NORMAL,10.5,2.4,2.8,7.6
7527,0.2172,0,NORMAL,10.5,1.8,2.7,7.7
7528,0.3071,0,NORMAL,10.4,2.0,2.6,7.6
7529,0.1513,0,NORMAL,10.4,2.1,5.3,9.2
7530,0.3671,0,NORMAL,10.5,2.8,9.3,11.3
7531,0.2444,0,NORMAL,10.4,1.5,2.5,7.3
7532,0.1413,0,NORMAL,10.4,1.9,2.8,7.8
7533,0.1508,0,NORMAL,10.4,1.8,2.5,7.5
7534,0.9971,0,WARNING,11.8,15.2,3.2,10.0
7535,0.6109,0,WARNING,10.6,3.4,13.6,23.6
7536,0.6368,0,WARNING,10.5,2.0,2.6,7.3
7537,0.1583,0,NORMAL,10.4,2.0,2.6,7.4
7538,0.2399,0,NORMAL,10.4,2.4,2.5,7.4
7539,0.1927,0,NORMAL,10.4,2.0,2.5,7.2
7540,0.9667,0,WARNING,10.6,3.9,11.6,15.3
7541,0.4506,0,NORMAL,10.4,1.7,2.7,7.3
7542,0.1505,0,NORMAL,10.4,2.1,2.7,7.3
7543,0.2164,0,NORMAL,10.4,1.7,2.4,7.2
7544,1.0,0,ANOMALY,13.4,17.7,2.5,7.4
7545,0.4916,0,NORMAL,10.5,3.1,11.3,12.7
7546,0.3036,0,NORMAL,10.5,1.9,2.3,7.1
7547,0.1801,0,NORMAL,10.4,2.1,2.2,7.1
7548,0.7068,0,WARNING,10.5,3.3,2.4,7.3
7549,0.1496,0,NORMAL,10.5,2.2,2.6,7.5
7550,0.4964,0,NORMAL,10.6,3.0,11.3,12.6
7551,0.3899,0,NORMAL,10.5,1.9,2.3,7.0
7552,0.1468,0,NORMAL,10.5,2.4,2.5,7.2
7553,0.1523,0,NORMAL,10.5,1.6,2.3,7.1
7554,1.0,0,ANOMALY,12.6,16.0,2.5,7.1
7555,0.4967,0,NORMAL,10.6,3.4,11.3,12.6
7556,0.3344,0,NORMAL,10.6,2.3,2.4,7.1
7557,0.437,0,NORMAL,10.5,2.4,2.5,7.4
7558,0.2168,0,NORMAL,10.5,2.1,2.5,7.2
7559,0.307,0,NORMAL,10.5,2.1,2.4,7.1
7560,0.497,0,NORMAL,10.6,2.6,11.4,12.7
7561,0.303,0,NORMAL,10.5,1.7,2.3,7.2
7562,0.1273,0,NORMAL,10.4,1.8,2.4,7.1
7563,0.1607,0,NORMAL,10.4,1.7,2.4,7.1
7564,1.0,0,ANOMALY,13.6,17.9,2.3,7.2
7565,0.4968,0,NORMAL,10.5,2.8,11.4,12.7
7566,0.3898,0,NORMAL,10.4,2.5,2.7,6.7
7567,0.2499,0,NORMAL,10.4,1.8,2.7,7.2
7568,0.1387,0,NORMAL,10.5,2.6,2.4,7.0
7569,0.1276,0,NORMAL,10.4,2.1,2.7,7.3
7570,0.998,0,WARNING,10.6,2.4,10.8,15.2
7571,0.5253,0,NORMAL,10.5,2.2,4.5,7.6
7572,0.1161,0,NORMAL,10.5,2.0,2.5,7.3
7573,0.2692,0,NORMAL,10.5,1.3,2.5,7.2
7574,0.997,0,WARNING,11.3,13.6,2.3,7.0
7575,0.3866,0,NORMAL,10.6,2.9,7.9,10.5
7576,0.1881,0,NORMAL,10.5,2.5,5.8,9.2
7577,0.1341,0,NORMAL,10.5,1.7,2.4,7.1
7578,0.1589,0,NORMAL,10.5,2.2,2.5,7.4
7579,0.1233,0,NORMAL,10.5,2.3,2.5,7.3
7580,0.1601,0,NORMAL,10.5,1.9,5.2,8.9
7581,0.3537,0,NORMAL,10.6,2.8,8.6,10.9
7582,0.3214,0,NORMAL,10.5,2.6,2.5,7.2
7583,0.3076,0,NORMAL,10.5,1.5,2.4,7.1
7584,1.0,0,ANOMALY,13.9,18.4,2.6,7.4
7585,0.321,0,NORMAL,10.5,2.2,2.6,7.4
7586,0.5019,0,NORMAL,10.6,2.9,11.5,12.7
7587,0.2639,0,NORMAL,10.5,2.1,2.6,7.3
7588,0.1911,0,NORMAL,10.5,2.4,2.5,7.2
7589,0.1498,0,NORMAL,10.4,2.0,2.6,7.3
7590,0.2166,0,NORMAL,10.4,1.7,2.4,7.1
7591,0.5016,0,NORMAL,10.5,2.6,11.4,12.6
7592,0.2808,0,NORMAL,10.4,1.8,2.4,7.2
7593,0.1301,0,NORMAL,10.4,1.7,2.3,7.2
7594,1.0,0,WARNING,12.3,15.4,2.4,7.2
7595,0.1991,0,NORMAL,10.5,2.2,2.3,7.1
7596,0.4966,0,NORMAL,10.6,3.6,11.3,12.6
7597,0.2936,0,NORMAL,10.5,2.0,2.4,7.1
7598,0.2176,0,NORMAL,10.5,2.2,2.4,7.1
7599,0.3099,0,NORMAL,10.5,1.6,2.5,7.3
7600,0.9971,0,WARNING,10.6,2.8,2.5,10.1
7601,0.4911,0,NORMAL,10.7,3.2,11.1,12.5
7602,0.4697,0,NORMAL,10.7,2.0,2.5,7.1
7603,0.366,0,NORMAL,10.6,1.9,2.5,7.2
7604,1.0,0,ANOMALY,13.9,17.9,2.5,7.3
7605,0.2661,0,NORMAL,10.5,2.1,2.4,7.2
7606,0.4967,0,NORMAL,10.6,3.0,11.3,12.5
7607,0.2189,0,NORMAL,10.6,2.2,2.4,6.9
7608,0.2209,0,NORMAL,10.5,2.4,2.6,7.3
7609,0.1728,0,NORMAL,10.5,1.7,2.5,7.3
7610,0.1803,0,NORMAL,10.6,1.9,2.5,7.1
7611,0.7336,0,WARNING,10.8,4.9,11.3,12.6
7612,0.3002,0,NORMAL,10.5,1.8,2.9,7.3
7613,0.2303,0,NORMAL,10.6,1.6,2.4,6.9
7614,0.997,0,WARNING,11.5,14.0,2.5,7.1
7615,0.2166,0,NORMAL,10.6,2.0,2.5,7.2
7616,0.5018,0,NORMAL,10.7,3.1,11.4,12.6
7617,0.3007,0,NORMAL,10.5,2.1,3.5,7.4
7618,0.1249,0,NORMAL,10.6,2.0,2.6,7.4
7619,0.1491,0,NORMAL,10.5,1.7,2.5,7.4
7620,0.2168,0,NORMAL,10.5,2.2,2.4,7.3
7621,0.4593,0,NORMAL,10.6,2.9,10.5,12.2
7622,0.31,0,NORMAL,10.5,2.3,3.9,7.6
7623,0.1178,0,NORMAL,10.5,1.9,2.4,7.2
7624,1.0,0,ANOMALY,14.1,18.4,2.4,7.3
7625,0.3327,0,NORMAL,10.5,1.7,2.5,7.3
7626,0.3125,0,NORMAL,10.6,3.2,7.8,10.5
7627,0.1965,0,NORMAL,10.5,2.5,6.7,9.6
7628,0.1273,0,NORMAL,10.6,1.9,2.5,7.3
7629,0.8335,0,WARNING,10.8,3.3,2.5,7.2
7630,0.9913,0,WARNING,10.5,2.1,2.4,10.0
7631,0.2596,0,NORMAL,10.5,2.2,5.3,9.0
7632,0.3604,0,NORMAL,10.6,2.9,8.7,11.1
7633,0.1857,0,NORMAL,10.5,1.9,2.5,7.3
7634,1.0,0,ANOMALY,12.6,16.0,2.4,7.1
7635,0.2017,0,NORMAL,10.5,2.7,3.2,7.9
7636,0.146,0,NORMAL,10.6,2.1,3.4,8.0
7637,0.5415,0,NORMAL,10.7,3.4,12.6,13.4
7638,0.3209,0,NORMAL,10.5,2.9,4.0,7.9
7639,0.218,0,NORMAL,10.6,1.8,2.9,7.4
7640,0.1166,0,NORMAL,10.6,2.5,2.5,7.2
7641,0.1167,0,NORMAL,10.6,1.7,2.6,7.3
7642,0.4911,0,NORMAL,10.7,3.4,11.3,12.7
7643,0.2977,0,NORMAL,10.6,2.0,2.7,7.1
7644,1.0,0,ANOMALY,13.3,17.5,2.4,7.2
7645,0.3539,0,NORMAL,10.5,2.5,2.4,7.2
7646,0.3069,0,NORMAL,10.5,2.1,2.4,7.1
7647,0.5021,0,NORMAL,10.6,2.9,11.5,12.8
7648,0.2696,0,NORMAL,10.5,1.9,2.5,7.3
7649,0.1174,0,NORMAL,10.5,1.7,2.6,7.2
7650,0.1639,0,NORMAL,10.5,2.3,2.5,7.2
7651,0.1519,0,NORMAL,10.5,1.8,2.4,7.0
7652,0.4911,0,NORMAL,10.6,3.3,11.1,12.6
7653,0.3102,0,NORMAL,10.6,2.0,2.5,6.9
7654,0.9971,0,WARNING,11.8,15.0,2.3,7.1
7655,0.1407,0,NORMAL,10.6,2.2,2.4,7.1
7656,0.1464,0,NORMAL,10.5,2.0,2.4,7.1
7657,0.4965,0,NORMAL,10.6,3.1,11.3,12.6
7658,0.2989,0,NORMAL,10.5,2.0,2.6,7.1
7659,0.1176,0,NORMAL,10.5,2.0,2.5,7.3
7660,0.9975,0,WARNING,10.5,2.4,2.8,10.3
7661,0.388,0,NORMAL,10.5,1.6,2.5,7.1
7662,0.4963,0,NORMAL,10.6,2.9,11.4,12.7
7663,0.2985,0,NORMAL,10.5,1.6,2.8,7.2
7664,1.0,0,ANOMALY,14.4,18.9,2.6,7.3
7665,0.2953,0,NORMAL,10.5,2.0,2.4,7.2
7666,0.1617,0,NORMAL,10.5,1.5,2.3,7.2
7667,0.4966,0,NORMAL,10.7,2.8,11.3,12.6
7668,0.4335,0,NORMAL,10.5,2.6,2.6,7.1
7669,0.6344,0,WARNING,10.6,2.9,2.3,7.2
7670,0.307,0,NORMAL,10.6,1.9,2.4,6.9
7671,0.1802,0,NORMAL,10.6,2.1,2.4,7.1
7672,0.4695,0,NORMAL,10.6,2.9,10.7,12.2
7673,0.2902,0,NORMAL,10.6,2.3,3.7,7.5
7674,1.0,0,WARNING,12.4,15.5,2.5,6.9
7675,0.198,0,NORMAL,10.6,2.1,2.4,7.0
7676,0.1783,0,NORMAL,10.6,1.7,2.4,6.8
7677,0.3194,0,NORMAL,10.6,3.0,7.9,10.4
7678,0.2206,0,NORMAL,10.6,3.0,6.6,9.3
7679,0.1545,0,NORMAL,10.6,1.9,2.4,7.1
7680,0.1694,0,NORMAL,10.6,1.6,2.3,7.1
7681,0.151,0,NORMAL,10.6,1.7,2.3,7.1
7682,0.1799,0,NORMAL,10.6,1.8,4.9,8.8
7683,0.3603,0,NORMAL,10.7,2.8,8.6,10.8
7684,0.9997,0,WARNING,12.3,15.8,2.5,7.1
7685,0.3874,0,NORMAL,10.6,2.4,2.3,6.8
7686,0.2165,0,NORMAL,10.7,2.1,2.3,6.8
7687,0.1434,0,NORMAL,10.6,2.1,2.6,7.2
7688,0.4859,0,NORMAL,10.7,3.2,11.1,12.6
7689,0.302,0,NORMAL,10.7,2.6,2.4,6.9
7690,0.998,0,WARNING,10.6,1.6,2.3,10.1
7691,0.3071,0,NORMAL,10.6,2.0,2.2,7.0
7692,0.1741,0,NORMAL,10.6,2.2,2.3,7.0
7693,0.5015,0,NORMAL,10.7,3.0,11.4,12.5
7694,1.0,0,ANOMALY,12.9,16.2,2.4,6.9
7695,0.2167,0,NORMAL,10.7,1.7,2.5,7.2
7696,0.1467,0,NORMAL,10.7,1.8,2.4,7.1
7697,0.3911,0,NORMAL,10.6,2.2,2.4,7.2
7698,0.4912,0,NORMAL,10.7,3.1,11.2,12.6
7699,0.2737,0,NORMAL,10.6,1.9,2.4,7.0
7700,0.9808,0,WARNING,11.0,4.2,2.4,6.7
7701,0.3067,0,NORMAL,10.7,1.8,2.2,6.7
7702,0.1804,0,NORMAL,10.6,1.7,2.3,6.9
7703,0.4963,0,NORMAL,10.7,2.7,11.3,12.5
7704,1.0,0,ANOMALY,14.3,18.5,2.5,7.1
7705,0.3938,0,NORMAL,10.7,1.7,2.5,7.2
7706,0.1512,0,NORMAL,10.7,1.9,2.4,7.2
7707,0.2059,0,NORMAL,10.7,1.6,2.5,7.2
7708,0.4965,0,NORMAL,10.8,3.0,11.4,12.6
7709,0.3104,0,NORMAL,10.6,2.1,2.3,6.9
7710,0.1522,0,NORMAL,10.6,1.8,2.4,7.0
7711,0.142,0,NORMAL,10.6,1.8,2.4,7.0
7712,0.1708,0,NORMAL,10.6,1.7,2.4,7.0
7713,0.4857,0,NORMAL,10.7,2.6,11.1,12.4
7714,0.9997,0,WARNING,12.3,15.8,2.7,6.9
7715,0.2294,0,NORMAL,10.6,1.9,2.2,7.0
7716,0.3868,0,NORMAL,10.6,1.6,2.3,6.7
7717,0.2163,0,NORMAL,10.6,2.0,2.4,7.0
7718,0.4912,0,NORMAL,10.7,3.0,11.3,12.6
7719,0.3206,0,NORMAL,10.6,2.6,3.7,7.4
7720,0.9988,0,WARNING,10.6,2.2,3.0,10.7
7721,0.3409,0,NORMAL,10.6,2.0,3.0,7.4
7722,0.1347,0,NORMAL,10.6,2.3,3.0,7.5
7723,0.4858,0,NORMAL,10.7,2.9,11.2,12.5
7724,1.0,0,ANOMALY,14.1,18.6,4.4,7.1
7725,0.3873,0,NORMAL,10.6,2.3,2.5,7.0
7726,0.1675,0,NORMAL,10.6,2.0,2.5,7.1
7727,0.1975,0,NORMAL,10.6,1.9,2.5,7.1
7728,0.3605,0,NORMAL,10.7,2.3,8.6,11.0
7729,0.1963,0,NORMAL,10.6,2.8,7.0,9.3
7730,0.1796,0,NORMAL,10.6,2.0,2.7,7.2
7731,0.111,0,NORMAL,10.5,2.2,2.7,7.3
7732,0.307,0,NORMAL,10.5,2.3,2.7,7.2
7733,0.1901,0,NORMAL,10.5,2.2,5.5,9.0
7734,0.9969,0,WARNING,12.1,15.8,9.0,11.0
7735,0.3792,0,NORMAL,10.5,1.9,2.5,7.3
7736,0.2473,0,NORMAL,10.5,2.1,2.5,7.2
7737,0.191,0,NORMAL,10.5,2.7,2.6,7.3
7738,0.1146,0,NORMAL,10.5,2.4,2.6,7.2
7739,0.4858,0,NORMAL,10.6,3.4,11.1,12.5
7740,0.4708,0,NORMAL,10.5,2.6,2.5,6.9
7741,0.2175,0,NORMAL,10.5,1.9,2.5,7.1
7742,0.1428,0,NORMAL,10.6,2.3,2.5,6.9
7743,0.2353,0,NORMAL,10.6,1.7,2.5,7.1
7744,1.0,0,ANOMALY,13.6,19.0,11.1,12.4
7745,0.6217,0,WARNING,10.7,2.8,2.4,6.7
7746,0.2687,0,NORMAL,10.7,2.7,2.5,7.0
7747,0.3069,0,NORMAL,10.6,1.7,2.4,6.9
7748,0.2165,0,NORMAL,10.6,1.7,2.5,6.9
7749,0.4964,0,NORMAL,10.8,3.4,11.3,12.3
7750,0.9967,0,WARNING,10.5,2.4,2.6,9.8
7751,0.3466,0,NORMAL,10.5,2.0,2.4,6.6
7752,0.1302,0,NORMAL,10.5,1.6,2.4,6.9
7753,0.18,0,NORMAL,10.4,2.1,2.5,7.0
7754,1.0,0,ANOMALY,14.8,21.1,11.2,12.4
7755,0.5549,0,NORMAL,10.5,2.1,2.4,6.7
7756,0.3076,0,NORMAL,10.5,1.4,2.4,6.6
7757,0.1757,0,NORMAL,10.5,2.0,2.5,7.0
7758,0.197,0,NORMAL,10.5,1.6,2.4,6.8
7759,0.5016,0,NORMAL,10.6,3.5,11.4,12.4
7760,0.2655,0,NORMAL,10.5,1.5,2.4,6.8
7761,0.1113,0,NORMAL,10.5,2.1,2.4,6.8
7762,0.1446,0,NORMAL,10.4,1.8,2.5,6.8
7763,0.245,0,NORMAL,10.5,1.4,2.5,6.7
7764,1.0,0,ANOMALY,14.6,19.9,11.2,12.2
7765,0.57,0,NORMAL,10.5,2.2,2.8,6.6
7766,0.1589,0,NORMAL,10.5,1.7,2.3,6.7
7767,0.5853,0,NORMAL,10.6,2.7,2.8,7.1
7768,0.2495,0,NORMAL,10.6,2.6,2.7,6.9
7769,0.5119,0,NORMAL,10.6,3.2,10.4,12.1
7770,0.2366,0,NORMAL,10.5,1.8,4.2,6.7
7771,0.7762,0,WARNING,10.7,3.6,2.7,6.7
7772,0.1843,0,NORMAL,10.5,2.3,2.9,6.9
7773,0.2194,0,NORMAL,10.5,1.9,2.8,6.8
7774,1.0,0,ANOMALY,14.7,19.9,10.5,12.1
7775,0.5643,0,NORMAL,10.5,2.9,5.0,7.3
7776,0.1733,0,NORMAL,10.5,2.1,3.0,6.9
7777,0.1678,0,NORMAL,10.5,2.0,2.8,7.0
7778,0.1293,0,NORMAL,10.6,1.9,2.8,6.9
7779,0.3538,0,NORMAL,10.6,2.6,7.7,10.2
7780,0.9858,0,WARNING,10.7,2.0,6.7,11.4
7781,0.3844,0,NORMAL,10.6,2.1,2.7,6.7
7782,0.1367,0,NORMAL,10.6,1.6,2.8,6.9
7783,0.2102,0,NORMAL,10.6,1.9,2.8,6.9
7784,1.0,0,ANOMALY,13.7,18.0,5.3,8.5
7785,0.3741,0,NORMAL,10.6,3.0,8.3,10.2
7786,0.1744,0,NORMAL,10.6,1.6,2.7,6.8
7787,0.5341,0,NORMAL,10.7,3.2,2.7,6.7
7788,1.0,0,ANOMALY,10.6,1.9,2.8,8.8
7789,0.1269,0,NORMAL,10.6,1.9,3.0,7.0
7790,0.5068,0,NORMAL,10.8,2.1,9.9,11.7
7791,0.235,0,NORMAL,10.6,1.9,3.0,6.6
7792,0.171,0,NORMAL,10.6,2.0,2.7,6.7
7793,0.1444,0,NORMAL,10.6,1.9,2.6,6.5
7794,1.0,0,ANOMALY,14.9,19.9,2.6,6.6
7795,0.5072,0,NORMAL,10.8,2.1,9.8,11.6
7796,0.3096,0,NORMAL,10.7,2.0,3.3,6.3
7797,0.1624,0,NORMAL,10.7,2.0,2.7,6.8
7798,0.2223,0,NORMAL,10.7,1.6,2.6,6.6
7799,0.1174,0,NORMAL,10.7,2.0,2.6,6.5
7800,0.5016,0,NORMAL,10.8,2.3,9.7,11.4
7801,0.2099,0,NORMAL,10.7,2.0,3.9,6.3
7802,0.2171,0,NORMAL,10.7,1.5,2.5,6.3
7803,0.2164,0,NORMAL,10.7,1.7,2.5,6.3
7804,1.0,0,ANOMALY,14.4,19.0,2.5,6.3
7805,0.502,0,NORMAL,10.8,2.3,9.8,11.3
7806,0.2821,0,NORMAL,10.7,2.3,4.1,6.2
7807,0.1467,0,NORMAL,10.7,1.6,2.6,6.5
7808,0.1435,0,NORMAL,10.7,1.8,2.5,6.2
7809,0.1511,0,NORMAL,10.7,1.7,2.5,6.3
7810,0.9923,0,WARNING,10.9,3.1,10.0,14.1
7811,0.4733,0,NORMAL,10.6,1.9,4.0,5.9
7812,0.1901,0,NORMAL,10.6,1.8,2.4,6.2
7813,0.1726,0,NORMAL,10.6,1.3,2.4,6.0
7814,1.0,0,ANOMALY,14.1,18.7,2.4,6.3
7815,0.4968,0,NORMAL,10.7,2.2,9.8,11.4
7816,0.2422,0,NORMAL,10.6,2.1,3.9,6.1
7817,0.2002,0,NORMAL,10.6,2.2,2.3,6.3
7818,0.2153,0,NORMAL,10.6,1.8,2.4,6.2
7819,0.3067,0,NORMAL,10.6,2.2,2.4,6.0
7820,0.5016,0,NORMAL,10.8,2.2,9.8,11.2
7821,0.2183,0,NORMAL,10.7,2.0,3.0,5.9
7822,0.1523,0,NORMAL,10.6,2.2,2.3,6.0
7823,0.153,0,NORMAL,10.6,1.6,2.2,6.0
7824,1.0,0,ANOMALY,15.0,19.7,2.4,6.0
7825,0.4755,0,NORMAL,10.7,2.3,9.2,10.9
7826,0.3094,0,NORMAL,10.7,1.7,3.1,5.9
7827,0.2171,0,NORMAL,10.7,1.6,2.2,5.9
7828,0.1175,0,NORMAL,10.7,1.6,2.2,5.8
7829,0.1361,0,NORMAL,10.7,1.9,2.1,5.6
7830,0.4052,0,NORMAL,10.7,2.0,7.9,9.9
7831,0.2488,0,NORMAL,10.6,2.3,4.5,6.8
7832,0.1423,0,NORMAL,10.6,1.7,2.2,5.7
7833,0.1609,0,NORMAL,10.6,1.9,2.2,5.7
7834,1.0,0,ANOMALY,13.6,17.5,2.6,6.1
7835,0.3866,0,NORMAL,10.6,2.4,6.0,8.2
7836,0.7374,0,WARNING,10.7,4.0,8.0,9.2
7837,0.9902,0,WARNING,11.1,4.8,3.1,6.1
7838,0.5481,0,NORMAL,10.7,2.3,2.4,5.6
7839,0.3036,0,NORMAL,10.6,2.4,2.3,5.6
7840,0.9975,0,WARNING,10.6,1.4,2.3,8.4
7841,0.4911,0,NORMAL,10.7,2.2,9.6,10.6
7842,0.2467,0,NORMAL,10.6,1.9,2.0,5.3
7843,0.307,0,NORMAL,10.6,1.6,2.1,5.3
7844,1.0,0,ANOMALY,15.4,20.1,2.0,5.4
7845,0.3586,0,NORMAL,10.6,1.3,1.8,5.3
7846,0.4914,0,NORMAL,10.6,2.0,9.4,10.5
7847,0.1484,0,NORMAL,10.6,2.1,2.1,5.6
7848,0.173,0,NORMAL,10.6,1.5,2.0,5.4
7849,0.1327,0,NORMAL,10.6,2.3,2.0,5.3
7850,0.3063,0,NORMAL,10.7,3.0,2.0,5.2
7851,0.4857,0,NORMAL,10.6,2.3,9.4,10.4
7852,0.2048,0,NORMAL,10.6,2.0,1.8,5.2
7853,0.1631,0,NORMAL,10.6,1.7,1.9,5.2
7854,1.0,0,ANOMALY,15.1,19.8,1.9,5.2
7855,0.4061,0,NORMAL,10.6,1.7,1.8,5.1
7856,0.4914,0,NORMAL,10.6,2.4,9.5,10.7
7857,0.7902,0,WARNING,8.4,4.6,3.3,6.2
7858,0.3622,0,NORMAL,5.9,1.9,2.0,5.4
7859,0.3867,0,NORMAL,5.9,2.5,1.9,5.0
7860,0.1593,0,NORMAL,6.0,1.5,1.8,5.0
7861,0.4857,0,NORMAL,6.0,2.0,9.4,10.4
7862,0.2373,0,NORMAL,5.9,1.7,1.9,5.1
7863,0.3368,0,NORMAL,5.9,2.3,1.8,5.0
7864,1.0,0,ANOMALY,11.3,20.9,1.8,5.0
7865,0.4541,0,NORMAL,5.9,2.1,1.8,4.8
7866,0.4861,0,NORMAL,5.9,2.4,9.4,10.0
7867,0.1637,0,NORMAL,5.9,1.7,1.8,4.9
7868,0.2718,0,NORMAL,5.9,1.2,1.6,4.7
7869,0.193,0,NORMAL,5.9,1.6,1.6,4.7
7870,0.9913,0,WARNING,6.0,2.6,1.6,7.4
7871,0.4803,0,NORMAL,6.0,1.5,9.3,10.0
7872,0.2632,0,NORMAL,5.9,2.0,2.4,4.6
7873,0.1798,0,NORMAL,5.9,1.4,1.6,4.6
7874,1.0,0,ANOMALY,8.5,16.7,1.7,4.6
7875,0.2475,0,NORMAL,5.9,2.3,1.6,4.5
7876,0.9012,0,WARNING,6.2,4.0,9.4,10.0
7877,0.1968,0,NORMAL,5.9,1.8,2.2,4.6
7878,0.1994,0,NORMAL,5.9,1.3,1.6,4.8
7879,0.1958,0,NORMAL,5.9,1.9,1.5,4.5
7880,0.2061,0,NORMAL,5.9,1.6,1.6,4.5
7881,0.3668,0,NORMAL,5.9,2.2,7.2,8.2
7882,0.3083,0,NORMAL,5.9,1.8,4.3,5.7
7883,0.9711,0,WARNING,6.2,4.3,1.6,4.3
7884,1.0,0,ANOMALY,12.5,22.9,1.5,4.5
7885,0.7745,0,WARNING,6.1,2.9,1.5,4.5
7886,0.3424,0,NORMAL,5.9,1.6,4.5,6.3
7887,0.3124,0,NORMAL,5.9,2.3,6.4,7.6
7888,0.1768,0,NORMAL,5.9,1.4,1.5,4.3
7889,0.263,0,NORMAL,5.9,1.1,1.6,4.4
7890,0.3861,0,NORMAL,5.9,1.7,1.5,4.3
7891,0.2138,0,NORMAL,5.9,1.5,1.9,4.6
7892,0.4748,0,NORMAL,5.9,1.7,9.0,9.5
7893,0.2179,0,NORMAL,5.9,1.6,1.6,4.4
7894,1.0,0,ANOMALY,8.4,17.0,1.6,4.4
7895,0.251,0,NORMAL,5.9,2.0,1.5,4.3
7896,0.3614,0,NORMAL,5.9,0.8,1.6,4.3
7897,0.4858,0,NORMAL,5.9,2.1,9.2,9.6
7898,0.3092,0,NORMAL,5.9,1.3,1.6,4.2
7899,0.2259,0,NORMAL,5.9,1.4,1.6,4.3
7900,0.9958,0,WARNING,5.9,1.3,1.6,7.1
7901,0.2797,0,NORMAL,5.9,1.8,1.6,4.2
7902,0.4802,0,NORMAL,5.9,2.0,9.2,9.5
7903,0.2851,0,NORMAL,5.8,1.8,1.6,4.2
7904,1.0,0,ANOMALY,12.0,22.5,1.4,4.1
7905,0.5946,0,NORMAL,5.9,2.4,1.4,4.0
7906,0.3234,0,NORMAL,5.8,1.5,1.4,4.1
7907,0.4806,0,NORMAL,5.9,2.4,9.3,9.5
7908,0.2861,0,NORMAL,5.8,1.8,1.5,4.2
7909,0.7803,0,WARNING,5.9,2.8,1.3,4.0
7910,0.2044,0,NORMAL,5.8,1.5,1.4,4.1
7911,0.2199,0,NORMAL,5.9,2.2,1.4,4.1
7912,0.6698,0,WARNING,5.9,2.6,9.3,9.4
7913,0.3567,0,NORMAL,5.8,0.9,1.3,3.9
7914,1.0,0,ANOMALY,9.2,18.1,1.3,3.9
7915,0.9999,0,WARNING,5.8,2.6,1.3,3.9
7916,0.2951,0,NORMAL,5.8,1.4,1.4,4.0
7917,0.475,0,NORMAL,5.8,2.6,9.3,9.4
7918,0.9999,0,WARNING,5.8,1.9,1.5,3.9
7919,0.202,0,NORMAL,5.8,1.6,1.4,3.9
7920,0.9999,0,WARNING,5.7,1.5,1.4,3.9
7921,0.3859,0,NORMAL,5.9,1.8,1.3,3.8
7922,0.4748,0,NORMAL,5.9,2.3,9.3,9.1
7923,0.3102,0,NORMAL,5.9,1.1,2.1,3.9
7924,1.0,0,ANOMALY,9.0,17.9,1.3,4.0
7925,0.298,0,NORMAL,5.9,2.0,1.3,3.9
7926,0.3151,0,NORMAL,5.9,1.1,1.3,3.8
7927,0.9443,0,WARNING,6.1,4.4,9.3,9.3
7928,0.9999,0,WARNING,5.8,2.2,1.9,3.8
7929,0.3067,0,NORMAL,5.8,1.5,1.3,3.7
7930,0.9889,0,WARNING,5.8,0.8,1.5,6.7
7931,0.2427,0,NORMAL,5.8,2.9,1.6,4.4
7932,0.3667,0,NORMAL,5.9,1.9,7.4,8.0
7933,0.1968,0,NORMAL,5.9,1.6,4.4,5.5
7934,1.0,0,ANOMALY,8.9,17.1,1.3,3.8
7935,0.2312,0,NORMAL,5.9,1.5,1.3,3.9
7936,0.2152,0,NORMAL,5.9,1.4,1.3,3.8
7937,0.3058,0,NORMAL,5.9,1.4,4.3,5.7
7938,0.2976,0,NORMAL,5.9,1.8,6.3,7.1
7939,0.2019,0,NORMAL,5.9,1.4,1.4,3.8
7940,0.3103,0,NORMAL,5.9,0.9,1.4,3.9
7941,0.2187,0,NORMAL,5.9,1.6,1.3,3.8
7942,0.2241,0,NORMAL,5.9,1.7,1.4,3.8
7943,0.4693,0,NORMAL,5.9,2.3,9.0,8.8
7944,1.0,0,ANOMALY,11.9,22.1,1.2,3.7
7945,0.9999,0,WARNING,5.8,1.9,1.2,3.7
7946,0.2715,0,NORMAL,5.9,1.3,1.4,3.7
7947,0.1997,0,NORMAL,5.9,1.6,1.2,3.7
7948,0.475,0,NORMAL,5.9,2.0,9.2,9.0
7949,0.1947,0,NORMAL,5.9,1.5,1.3,3.7
7950,0.9999,0,WARNING,5.8,1.9,1.2,3.6
7951,0.9999,0,WARNING,5.8,1.4,1.3,3.6
7952,0.2225,0,NORMAL,5.9,2.1,1.2,3.6
7953,0.4748,0,NORMAL,5.9,2.5,9.2,8.8
7954,1.0,0,ANOMALY,8.4,16.6,1.3,3.6
7955,0.2799,0,NORMAL,5.9,2.0,1.3,3.6
7956,0.9999,0,WARNING,5.9,3.3,1.2,3.6
7957,0.9999,0,WARNING,5.8,2.3,1.2,3.7
7958,0.4803,0,NORMAL,5.9,2.2,9.4,8.9
7959,0.2105,0,NORMAL,5.9,1.5,1.3,3.7
7960,0.994,0,WARNING,5.9,1.4,1.3,6.5
7961,0.3072,0,NORMAL,5.9,1.4,1.2,3.5
7962,0.2217,0,NORMAL,5.9,1.7,1.2,3.5
7963,0.4802,0,NORMAL,5.9,2.4,9.4,9.0
7964,1.0,0,ANOMALY,12.1,22.5,1.3,3.6
7965,0.9999,0,WARNING,5.8,1.8,1.2,3.6
7966,0.9999,0,WARNING,5.8,1.1,1.2,3.6
7967,0.3026,0,NORMAL,5.9,1.6,1.3,3.6
7968,0.475,0,NORMAL,5.9,2.1,9.3,8.8
7969,0.3886,0,NORMAL,5.9,2.0,1.3,3.5
7970,0.9999,0,WARNING,5.8,1.3,1.2,3.5
7971,0.2787,0,NORMAL,5.9,1.8,1.1,3.5
7972,0.2796,0,NORMAL,5.9,1.7,1.3,3.6
7973,0.4802,0,NORMAL,5.9,1.9,9.4,9.0
7974,1.0,0,ANOMALY,7.9,15.7,1.9,3.5
7975,0.3705,0,NORMAL,5.9,2.4,1.2,3.5
7976,0.9999,0,WARNING,5.8,1.0,1.1,3.4
7977,0.993,0,WARNING,7.2,8.1,1.3,3.6
7978,0.475,0,NORMAL,5.9,2.4,9.4,8.8
7979,0.3045,0,NORMAL,5.9,1.7,1.8,3.5
7980,0.9999,0,WARNING,5.8,1.7,1.2,3.5
7981,0.278,0,NORMAL,5.9,1.2,1.1,3.4
7982,0.9999,0,WARNING,5.8,1.7,1.2,3.4
7983,0.3466,0,NORMAL,5.9,1.7,6.9,7.2
7984,1.0,0,ANOMALY,10.5,20.0,4.4,5.1
7985,0.9999,0,WARNING,5.8,1.9,1.2,3.4
7986,0.2744,0,NORMAL,6.0,1.5,1.2,3.4
7987,0.9999,0,WARNING,5.9,1.8,1.2,3.4
7988,0.2776,0,NORMAL,5.9,1.7,4.3,5.5
7989,0.2975,0,NORMAL,5.9,1.7,6.2,6.7
7990,0.9963,0,WARNING,5.9,1.5,1.3,6.3
7991,0.3127,0,NORMAL,6.1,2.7,1.1,3.4
7992,0.9999,0,WARNING,5.9,1.8,1.1,3.3
7993,0.9999,0,WARNING,5.9,1.3,1.2,3.3
7994,0.9964,0,WARNING,7.4,15.2,9.3,8.9
7995,0.3352,0,NORMAL,6.0,2.0,1.3,3.4
7996,0.9999,0,WARNING,5.9,1.8,1.1,3.3
7997,0.9999,0,WARNING,5.9,1.8,1.1,3.3
7998,0.9999,0,WARNING,5.9,1.8,1.1,3.2
7999,0.4748,0,NORMAL,6.0,2.3,9.3,8.7
8000,0.9999,0,WARNING,5.9,2.2,1.2,3.2
8001,0.2179,0,NORMAL,6.0,1.7,1.2,3.2
8002,0.9999,0,WARNING,5.9,1.7,1.1,3.3
8003,0.9999,0,WARNING,5.9,1.6,1.1,3.3
8004,1.0,0,ANOMALY,10.8,20.7,9.3,8.7
8005,0.5856,0,NORMAL,6.0,2.1,1.3,3.6
8006,0.1833,0,NORMAL,6.2,1.3,1.4,3.8
8007,0.2159,0,NORMAL,6.4,1.8,2.7,5.5
8008,0.3428,0,NORMAL,6.7,2.2,3.4,5.7
8009,0.4804,0,NORMAL,6.7,2.7,9.8,9.1
8010,0.3584,0,NORMAL,6.7,1.7,3.4,4.0
8011,0.9999,0,WARNING,6.6,1.7,1.1,3.2
8012,0.9999,0,WARNING,6.5,1.5,1.1,3.3
8013,0.9999,0,WARNING,6.5,1.8,1.1,3.2
8014,0.9969,0,WARNING,8.2,15.8,9.4,8.7
8015,0.9999,0,WARNING,6.5,2.1,1.1,3.2
8016,0.9999,0,WARNING,6.4,1.2,1.1,3.1
8017,0.9999,0,WARNING,6.4,1.7,1.2,3.2
8018,0.9999,0,WARNING,6.4,1.2,1.1,3.2
8019,0.4748,0,NORMAL,6.5,2.5,9.4,8.6
8020,0.9984,0,WARNING,6.5,1.8,1.5,6.4
8021,0.9999,0,WARNING,6.5,3.4,1.2,3.2
8022,0.9999,0,WARNING,6.4,2.0,1.2,3.2
8023,0.9999,0,WARNING,6.4,1.2,1.0,3.1
8024,1.0,0,ANOMALY,10.2,19.3,9.4,8.4
8025,0.9999,0,WARNING,6.3,2.0,1.8,3.1
8026,0.9999,0,WARNING,6.3,1.2,1.1,3.2
8027,0.9999,0,WARNING,6.3,1.5,1.1,3.1
8028,0.9999,0,WARNING,6.2,1.8,1.1,3.2
8029,0.4803,0,NORMAL,6.4,2.3,9.5,8.4
8030,0.9999,0,WARNING,6.3,2.0,1.7,3.1
8031,0.3064,0,NORMAL,6.5,1.8,2.6,6.0
8032,0.3389,0,NORMAL,6.6,1.7,1.7,5.4
8033,0.9999,0,WARNING,6.4,1.6,1.5,4.2
8034,1.0,0,ANOMALY,9.1,18.4,6.9,6.8
8035,0.4005,0,NORMAL,6.5,1.8,4.3,4.8
8036,0.9999,0,WARNING,6.4,1.3,1.2,3.1
8037,0.9999,0,WARNING,6.4,1.7,1.1,3.1
8038,0.9999,0,WARNING,6.4,1.1,1.0,3.1
8039,0.6904,0,WARNING,6.6,4.7,4.0,4.9
8040,0.3866,0,NORMAL,6.4,3.0,6.3,6.4
8041,0.2075,0,NORMAL,6.4,1.4,1.1,3.1
8042,0.9999,0,WARNING,6.2,1.4,1.0,3.1
8043,0.9999,0,WARNING,6.2,1.8,1.0,3.1
8044,1.0,0,ANOMALY,10.6,19.6,1.1,3.2
8045,0.507,0,NORMAL,6.6,3.2,10.3,10.7
8046,0.3661,0,NORMAL,6.8,2.6,3.7,5.0
8047,0.3642,0,NORMAL,6.7,2.7,2.6,4.0
8048,0.9999,0,WARNING,6.6,1.7,1.2,3.0
8049,0.9999,0,WARNING,6.5,1.6,1.1,3.0
8050,0.9953,0,WARNING,6.6,2.4,9.5,11.3
8051,0.4586,0,NORMAL,6.6,1.3,1.1,3.0
8052,0.2193,0,NORMAL,6.6,2.1,1.0,3.1
8053,0.9999,0,WARNING,6.5,1.5,1.0,3.0
8054,1.0,0,ANOMALY,10.0,18.1,1.1,3.1
8055,0.4698,0,NORMAL,6.5,2.7,9.3,8.3
8056,0.9999,0,WARNING,6.4,1.6,1.1,3.0
8057,0.9999,0,WARNING,6.4,1.8,1.1,3.0
8058,0.9999,0,WARNING,6.3,1.8,1.0,3.1
8059,0.9999,0,WARNING,6.3,1.3,1.0,3.1
8060,0.4909,0,NORMAL,6.5,2.6,10.1,9.6
8061,0.3126,0,NORMAL,6.7,1.7,3.8,5.1
8062,0.3917,0,NORMAL,6.9,2.5,5.5,5.5
8063,0.384,0,NORMAL,7.0,2.7,5.5,5.4
8064,1.0,0,ANOMALY,11.2,19.8,5.8,5.5
8065,0.6134,0,WARNING,7.1,3.7,14.5,11.1
8066,0.4189,0,NORMAL,7.0,3.0,7.3,5.3
8067,0.4047,0,NORMAL,6.9,2.2,3.5,4.4
8068,0.9999,0,WARNING,6.7,1.6,1.2,3.0
8069,0.9999,0,WARNING,6.7,1.8,1.0,3.0
8070,0.7822,0,WARNING,6.9,3.9,9.5,8.4
8071,0.9999,0,WARNING,6.6,2.1,1.2,2.9
8072,0.3496,0,NORMAL,6.9,2.0,3.4,4.7
8073,0.4023,0,NORMAL,7.0,2.6,5.3,5.4
8074,1.0,0,ANOMALY,10.2,18.3,3.3,4.6
8075,0.4755,0,NORMAL,6.7,3.0,9.8,8.4
8076,0.9999,0,WARNING,6.6,1.6,2.7,3.0
8077,0.9999,0,WARNING,6.6,1.7,1.0,3.1
8078,0.9999,0,WARNING,6.6,1.6,1.0,3.0
8079,0.9999,0,WARNING,6.6,1.3,1.0,2.9
8080,0.9982,0,WARNING,6.7,2.3,9.7,11.7
8081,0.4972,0,NORMAL,6.6,2.1,1.5,2.9
8082,0.9999,0,WARNING,6.5,1.8,1.0,3.0
8083,0.9999,0,WARNING,6.5,1.7,1.0,2.9
8084,1.0,0,ANOMALY,10.6,18.8,1.0,2.9
8085,0.3335,0,NORMAL,6.6,2.5,6.9,6.7
8086,0.2176,0,NORMAL,6.5,1.9,4.2,4.5
8087,0.9999,0,WARNING,6.4,1.5,1.1,2.9
8088,0.9999,0,WARNING,6.4,1.5,0.9,2.8
8089,0.9999,0,WARNING,6.4,1.2,0.9,2.9
8090,0.2448,0,NORMAL,6.5,1.5,4.1,4.9
8091,0.2974,0,NORMAL,6.5,2.0,6.3,6.3
8092,0.9999,0,WARNING,6.4,0.8,1.0,3.0
8093,0.9999,0,WARNING,6.3,0.9,0.9,2.9
8094,1.0,0,ANOMALY,9.8,17.8,1.1,2.9
8095,0.9999,0,WARNING,6.3,1.8,1.2,2.9
8096,0.4696,0,NORMAL,6.4,2.3,9.4,8.2
8097,0.9999,0,WARNING,6.3,1.4,1.1,3.0
8098,0.9999,0,WARNING,6.3,1.2,1.5,3.6
8099,0.2113,0,NORMAL,6.4,1.5,1.7,3.6
8100,0.9999,0,WARNING,6.3,1.2,1.4,3.3
8101,0.5065,0,NORMAL,6.4,2.7,10.3,9.1
8102,0.9999,0,WARNING,6.3,1.1,1.1,2.8
8103,0.9999,0,WARNING,6.3,1.5,1.0,2.8
8104,1.0,0,ANOMALY,9.9,18.0,1.0,3.0
8105,0.9999,0,WARNING,6.2,2.1,1.0,3.0
8106,0.4751,0,NORMAL,6.4,2.4,9.7,8.4
8107,0.9999,0,WARNING,6.3,1.3,1.1,3.0
8108,0.9999,0,WARNING,6.2,1.0,1.0,2.9
8109,0.9999,0,WARNING,6.2,1.3,1.0,3.0
8110,0.9999,0,WARNING,6.2,0.8,1.1,6.1
8111,0.4748,0,NORMAL,6.3,2.3,9.6,8.3
8112,0.2824,0,NORMAL,6.4,1.9,1.1,3.0
8113,0.9999,0,WARNING,6.2,1.4,1.0,2.9
8114,1.0,0,ANOMALY,9.4,17.1,1.1,3.0
8115,0.9999,0,WARNING,6.2,1.4,0.9,2.9
8116,0.4751,0,NORMAL,6.3,2.4,9.7,8.5
8117,0.9999,0,WARNING,6.2,1.3,1.3,3.2
8118,0.9999,0,WARNING,6.2,2.4,1.6,3.5
8119,0.3859,0,NORMAL,6.2,1.5,1.5,3.3
8120,0.2176,0,NORMAL,6.3,1.4,1.6,3.6
8121,0.4748,0,NORMAL,6.3,2.5,9.6,8.3
8122,0.9999,0,WARNING,6.2,1.0,2.0,3.0
8123,0.9999,0,WARNING,6.1,1.4,1.1,3.0
8124,1.0,0,ANOMALY,9.5,17.5,1.1,3.0
8125,0.9999,0,WARNING,6.1,1.6,1.0,3.0
8126,0.4751,0,NORMAL,6.2,1.6,9.8,8.7
8127,0.9999,0,WARNING,6.2,1.6,2.0,2.9
8128,0.9999,0,WARNING,6.2,1.4,1.0,2.9
8129,0.9999,0,WARNING,6.2,1.3,1.0,3.0
8130,0.9999,0,WARNING,6.1,1.3,1.0,2.9
8131,0.4233,0,NORMAL,6.2,1.9,8.6,7.6
8132,0.2313,0,NORMAL,6.2,1.4,2.6,3.6
8133,0.9999,0,WARNING,6.1,1.4,1.0,2.9
8134,1.0,0,ANOMALY,9.0,16.9,1.0,2.8
8135,0.9999,0,WARNING,6.1,1.5,1.0,2.8
8136,0.2977,0,NORMAL,6.2,1.8,6.5,6.3
8137,0.4005,0,NORMAL,6.2,2.6,5.0,5.0
8138,0.9999,0,WARNING,6.1,1.1,1.0,2.9
8139,0.9999,0,WARNING,6.1,1.6,1.0,2.9
8140,0.9994,0,WARNING,6.3,1.9,1.2,6.3
8141,0.3202,0,NORMAL,6.2,2.4,3.8,4.5
8142,0.3398,0,NORMAL,6.2,2.1,7.0,6.6
8143,0.9999,0,WARNING,6.1,1.0,1.0,2.8
8144,1.0,0,WARNING,8.0,15.4,1.0,2.9
8145,0.9999,0,WARNING,6.1,1.5,1.1,2.9
8146,0.9999,0,WARNING,6.1,1.2,1.0,3.0
8147,0.4694,0,NORMAL,6.2,3.1,9.7,8.5
8148,0.9999,0,WARNING,6.1,1.9,1.0,3.0
8149,0.9999,0,WARNING,6.1,1.5,0.9,2.8
8150,0.9999,0,WARNING,6.1,1.2,0.9,2.7
8151,0.9999,0,WARNING,6.1,1.2,0.8,2.8
8152,0.4747,0,NORMAL,6.2,2.3,9.8,8.3
8153,0.9999,0,WARNING,6.1,1.4,0.9,2.9
8154,1.0,0,ANOMALY,8.5,16.4,1.0,2.9
8155,0.9999,0,WARNING,6.1,1.5,1.1,3.0
8156,0.9999,0,WARNING,6.1,0.9,1.0,2.9
8157,0.475,0,NORMAL,6.2,3.3,9.8,8.5
8158,0.9999,0,WARNING,6.1,1.8,1.0,2.8
8159,0.9999,0,WARNING,6.1,1.4,1.1,2.9
8160,0.9999,0,WARNING,6.1,1.3,0.9,2.9
8161,0.9999,0,WARNING,6.1,1.3,1.0,2.9
8162,0.4802,0,NORMAL,6.2,2.6,10.0,8.6
8163,0.2972,0,NORMAL,6.2,1.3,2.6,4.1
8164,1.0,0,ANOMALY,10.5,18.9,2.1,4.3
8165,0.4114,0,NORMAL,6.2,2.3,2.0,4.4
8166,0.3066,0,NORMAL,6.2,1.4,1.0,3.7
8167,0.4696,0,NORMAL,6.2,3.0,10.0,9.2
8168,0.1972,0,NORMAL,6.2,1.5,1.5,3.9
8169,0.1861,0,NORMAL,6.2,1.8,1.5,4.4
8170,0.9999,0,WARNING,6.1,1.7,1.3,7.0
8171,0.9999,0,WARNING,6.1,1.6,1.1,3.6
8172,0.4693,0,NORMAL,6.3,2.4,9.7,8.8
8173,0.2187,0,NORMAL,6.2,2.0,1.4,3.8
8174,1.0,0,ANOMALY,8.6,16.1,1.2,3.8
8175,0.2144,0,NORMAL,6.2,1.9,1.3,3.8
8176,0.9999,0,WARNING,6.1,1.6,0.9,3.3
8177,0.4695,0,NORMAL,6.2,2.5,9.9,8.8
8178,0.9999,0,WARNING,6.1,2.0,1.9,3.8
8179,0.9999,0,WARNING,6.1,1.5,1.1,3.9
8180,0.3352,0,NORMAL,6.2,1.0,1.2,3.7
8181,0.9999,0,WARNING,6.1,2.0,1.0,3.1
8182,0.4111,0,NORMAL,6.2,2.5,8.5,7.9
8183,0.2234,0,NORMAL,6.2,1.6,3.2,4.5
8184,1.0,0,ANOMALY,10.0,18.4,1.0,3.4
8185,0.9999,0,WARNING,6.1,1.8,1.0,3.3
8186,0.9999,0,WARNING,6.1,1.0,1.0,3.3
8187,0.2762,0,NORMAL,6.2,2.3,5.9,6.5
8188,0.2768,0,NORMAL,6.2,1.9,5.4,5.9
8189,0.9999,0,WARNING,6.1,1.5,1.0,3.5
8190,0.2779,0,NORMAL,6.2,1.3,1.3,3.5
8191,0.9999,0,WARNING,6.1,1.7,1.3,3.8
8192,0.2794,0,NORMAL,6.2,1.3,4.0,5.7
8193,0.3535,0,NORMAL,6.2,1.7,8.0,7.3
8194,1.0,0,WARNING,8.1,15.5,1.5,3.5
8195,0.9999,0,WARNING,6.1,2.7,1.1,3.6
8196,0.9999,0,WARNING,6.2,0.9,1.0,3.6
8197,0.9999,0,WARNING,6.1,1.7,1.2,3.6
8198,0.4639,0,NORMAL,6.3,2.4,9.6,8.8
8199,0.2304,0,NORMAL,6.3,1.8,0.9,3.6
8200,0.9999,0,WARNING,6.2,1.2,1.0,6.7
8201,0.2899,0,NORMAL,6.3,1.7,1.0,3.5
8202,0.9999,0,WARNING,6.2,1.2,1.1,3.5
8203,0.4909,0,NORMAL,6.3,2.2,10.3,8.9
8204,1.0,0,ANOMALY,10.3,18.8,1.4,3.6
8205,0.9999,0,WARNING,6.2,1.8,1.0,3.3
8206,0.9999,0,WARNING,6.2,1.0,1.4,3.5
8207,0.2177,0,NORMAL,6.3,1.5,1.0,3.5
8208,0.475,0,NORMAL,6.3,2.5,9.9,9.1
8209,0.9999,0,WARNING,6.2,1.6,1.1,3.4
8210,0.9999,0,WARNING,6.2,1.3,0.9,3.5
8211,0.2076,0,NORMAL,6.3,1.8,1.1,3.6
8212,0.9999,0,WARNING,6.2,0.9,1.0,3.3
8213,0.4748,0,NORMAL,6.3,2.7,10.0,8.8
8214,1.0,0,ANOMALY,8.9,16.6,1.1,3.4
8215,0.9999,0,WARNING,6.2,2.1,1.1,3.5
8216,0.9999,0,WARNING,6.2,1.2,1.3,3.4
8217,0.9999,0,WARNING,6.2,1.9,1.5,3.8
8218,0.5015,0,NORMAL,6.3,2.3,10.5,9.1
8219,0.2614,0,NORMAL,6.3,1.6,1.4,3.7
8220,0.9999,0,WARNING,6.2,1.6,1.2,3.6
8221,0.9999,0,WARNING,6.2,1.8,1.0,3.7
8222,0.9999,0,WARNING,6.2,1.0,1.2,4.1
8223,0.4802,0,NORMAL,6.3,2.2,10.0,9.5
8224,1.0,0,ANOMALY,10.1,18.6,1.7,3.7
8225,0.9999,0,WARNING,6.2,1.5,1.0,3.5
8226,0.1976,0,NORMAL,6.3,1.3,1.1,3.7
8227,0.9999,0,WARNING,6.2,1.7,1.1,3.5
8228,0.7806,0,WARNING,6.5,4.6,10.3,9.0
8229,0.3887,0,NORMAL,6.3,1.4,2.2,3.5
8230,0.9999,0,WARNING,6.2,1.6,1.3,6.8
8231,0.9999,0,WARNING,6.3,1.8,1.0,3.5
8232,0.9999,0,WARNING,6.4,1.4,1.0,3.9
8233,0.5017,0,NORMAL,6.6,2.7,8.9,8.8
8234,1.0,0,ANOMALY,11.1,20.0,3.6,4.5
8235,0.4446,0,NORMAL,6.7,3.5,1.5,3.8
8236,0.4305,0,NORMAL,6.4,2.0,1.2,3.5
8237,0.3056,0,NORMAL,6.4,1.9,1.1,3.7
8238,0.5181,0,NORMAL,6.5,2.4,6.3,7.0
8239,0.2288,0,NORMAL,6.7,2.1,5.9,6.1
8240,0.1815,0,NORMAL,6.6,1.5,1.6,3.8
8241,0.2853,0,NORMAL,6.6,2.3,2.1,4.6
8242,0.5383,0,NORMAL,6.7,2.4,2.1,4.1
8243,0.1958,0,NORMAL,6.7,2.0,4.6,5.6
8244,1.0,0,ANOMALY,10.2,18.7,9.0,8.0
8245,0.5039,0,NORMAL,6.7,1.3,1.5,3.6
8246,0.2293,0,NORMAL,6.6,1.5,1.1,3.7
8247,0.1778,0,NORMAL,6.6,2.1,1.3,4.0
8248,0.2157,0,NORMAL,6.6,1.4,1.4,3.7
8249,0.4963,0,NORMAL,6.7,2.8,10.3,9.3
8250,0.2556,0,NORMAL,6.6,1.7,1.2,3.7
8251,0.345,0,NORMAL,6.6,2.6,1.3,3.6
8252,0.2154,0,NORMAL,6.6,1.5,1.7,3.7
8253,0.3858,0,NORMAL,6.6,1.6,1.4,3.6
8254,1.0,0,ANOMALY,9.5,18.5,10.1,9.2
8255,0.5024,0,NORMAL,6.6,1.5,1.8,3.7
8256,0.9999,0,WARNING,6.5,1.3,1.5,3.7
8257,0.9999,0,WARNING,6.5,2.0,1.4,3.8
8258,0.9999,0,WARNING,6.4,1.5,1.3,3.9
8259,0.5015,0,NORMAL,6.5,2.7,10.4,9.1
8260,0.9947,0,WARNING,6.5,1.6,1.6,6.9
8261,0.3253,0,NORMAL,6.6,1.9,1.4,4.3
8262,0.9999,0,WARNING,6.5,1.2,1.1,3.9
8263,0.2042,0,NORMAL,6.5,1.5,1.3,3.7
8264,1.0,0,ANOMALY,10.1,19.2,10.0,9.2
8265,0.5066,0,NORMAL,6.5,2.5,1.5,3.7
8266,0.1752,0,NORMAL,6.5,1.4,1.2,4.2
8267,0.1841,0,NORMAL,6.5,1.6,1.3,3.9
8268,0.3058,0,NORMAL,6.5,1.4,1.3,3.9
8269,0.4803,0,NORMAL,6.5,2.5,10.1,9.2
8270,0.9999,0,WARNING,6.4,1.5,1.1,3.7
8271,0.221,0,NORMAL,6.5,2.0,1.5,4.2
8272,0.1909,0,NORMAL,6.5,1.0,1.7,3.9
8273,0.9999,0,WARNING,6.4,1.7,1.5,3.7
8274,1.0,0,ANOMALY,9.9,19.1,10.1,9.3
8275,0.5308,0,NORMAL,6.5,2.0,2.0,3.8
8276,0.9999,0,WARNING,6.4,1.5,1.5,3.9
8277,0.224,0,NORMAL,6.5,2.3,1.6,4.1
8278,0.9999,0,WARNING,6.4,1.3,1.6,4.0
8279,0.4804,0,NORMAL,6.5,2.6,10.1,9.4
8280,0.9999,0,WARNING,6.4,1.7,1.6,4.0
8281,0.182,0,NORMAL,6.5,1.9,1.7,3.8
8282,0.1919,0,NORMAL,6.5,1.3,1.9,4.1
8283,0.1991,0,NORMAL,6.5,1.9,1.7,3.9
8284,1.0,0,ANOMALY,10.3,19.3,9.8,8.8
8285,0.5369,0,NORMAL,6.5,2.2,3.9,4.6
8286,0.2212,0,NORMAL,6.4,1.4,1.3,4.0
8287,0.179,0,NORMAL,6.4,2.7,1.6,4.1
8288,0.9999,0,WARNING,6.3,2.0,1.3,4.0
8289,0.2976,0,NORMAL,6.5,1.8,6.7,7.4
8290,0.9963,0,WARNING,6.4,2.1,6.0,9.3
8291,0.4127,0,NORMAL,6.5,2.4,1.8,4.1
8292,0.422,0,NORMAL,6.5,2.3,1.8,3.9
8293,0.3058,0,NORMAL,6.6,2.3,1.7,3.9
8294,1.0,0,ANOMALY,8.8,16.9,4.6,6.0
8295,0.3608,0,NORMAL,6.5,3.3,8.3,7.8
8296,0.4373,0,NORMAL,6.5,2.1,1.3,4.2
8297,0.1678,0,NORMAL,6.5,1.7,1.5,4.1
8298,0.9999,0,WARNING,6.4,1.9,1.6,4.3
8299,0.2776,0,NORMAL,6.5,1.6,1.4,4.0
8300,0.4803,0,NORMAL,6.5,2.7,10.1,9.5
8301,0.2627,0,NORMAL,6.5,1.9,1.4,3.9
8302,0.2371,0,NORMAL,6.5,1.9,1.8,4.0
8303,0.2228,0,NORMAL,6.5,1.9,1.9,4.1
8304,1.0,0,ANOMALY,10.2,18.4,1.7,4.4
8305,0.4808,0,NORMAL,6.5,3.3,10.4,10.0
8306,0.9999,0,WARNING,6.4,1.3,2.0,4.4
8307,0.217,0,NORMAL,6.5,1.8,1.8,4.0
8308,0.3059,0,NORMAL,6.5,1.6,1.6,4.0
8309,0.1815,0,NORMAL,6.5,2.0,1.7,4.1
8310,0.491,0,NORMAL,6.6,2.6,10.5,9.7
8311,0.276,0,NORMAL,6.6,2.0,1.6,4.6
8312,0.1772,0,NORMAL,6.6,1.7,1.7,4.5
8313,0.1807,0,NORMAL,6.6,1.7,2.4,4.6
8314,1.0,0,ANOMALY,9.2,17.2,2.1,4.7
8315,0.5071,0,NORMAL,6.6,3.2,10.8,9.8
8316,0.9999,0,WARNING,6.5,1.5,3.3,4.2
8317,0.9999,0,WARNING,6.5,2.1,1.8,4.3
8318,0.9999,0,WARNING,6.5,1.5,1.8,4.4
8319,0.2254,0,NORMAL,6.6,1.2,1.6,4.3
8320,0.9932,0,WARNING,6.7,2.4,10.4,12.4
8321,0.5142,0,NORMAL,6.6,2.1,2.3,4.3
8322,0.5745,0,NORMAL,6.7,2.3,1.7,4.6
8323,0.3062,0,NORMAL,6.6,1.3,1.7,4.4
8324,1.0,0,ANOMALY,9.7,17.5,1.6,4.3
8325,0.4861,0,NORMAL,6.6,2.7,10.4,10.2
8326,0.9999,0,WARNING,6.5,1.1,1.9,4.4
8327,0.1518,0,NORMAL,6.6,1.8,1.6,4.6
8328,0.1993,0,NORMAL,6.6,1.5,1.7,4.6
8329,0.2764,0,NORMAL,6.6,1.7,1.9,4.6
8330,0.4963,0,NORMAL,6.7,3.0,10.6,10.0
8331,0.3096,0,NORMAL,6.7,2.0,2.9,4.5
8332,0.307,0,NORMAL,6.7,1.7,2.5,4.6
8333,0.1755,0,NORMAL,6.7,1.6,2.2,4.7
8334,1.0,0,ANOMALY,9.7,17.5,2.3,5.0
8335,0.4588,0,NORMAL,6.7,2.4,10.1,9.7
8336,0.2975,0,NORMAL,6.7,1.6,4.3,5.3
8337,0.1378,0,NORMAL,6.7,1.7,1.9,4.7
8338,0.3152,0,NORMAL,6.7,1.0,2.0,4.9
8339,0.3862,0,NORMAL,6.7,1.6,2.4,4.8
8340,0.3063,0,NORMAL,6.7,1.7,2.0,4.8
8341,0.1848,0,NORMAL,6.7,1.5,2.3,5.3
8342,0.5015,0,NORMAL,6.8,2.7,11.1,10.9
8343,0.3208,0,NORMAL,6.7,2.2,3.9,5.3
8344,1.0,0,ANOMALY,10.3,18.4,2.7,5.1
8345,0.3417,0,NORMAL,6.7,1.3,2.6,4.9
8346,0.2158,0,NORMAL,6.7,1.7,2.4,4.9
8347,0.4966,0,NORMAL,6.8,3.3,11.0,10.4
8348,0.3096,0,NORMAL,6.7,1.6,3.8,4.8
8349,0.1371,0,NORMAL,6.7,1.7,2.1,5.0
8350,0.9986,0,WARNING,6.7,1.6,2.3,8.0
8351,0.2844,0,NORMAL,6.7,1.8,2.4,5.1
8352,0.5317,0,NORMAL,6.7,2.5,11.6,10.8
8353,0.2395,0,NORMAL,6.7,1.6,4.3,5.7
8354,1.0,0,ANOMALY,9.9,18.1,2.6,5.1
8355,0.3064,0,NORMAL,6.7,1.8,3.9,5.5
8356,0.2161,0,NORMAL,6.7,1.7,2.9,5.1
8357,0.4117,0,NORMAL,6.7,2.7,9.2,9.3
8358,0.1707,0,NORMAL,6.7,1.9,5.6,6.4
8359,0.1891,0,NORMAL,6.7,1.7,2.3,5.1
8360,0.1561,0,NORMAL,6.7,1.5,2.6,5.4
8361,0.2218,0,NORMAL,6.7,1.7,2.5,5.2
8362,0.3048,0,NORMAL,6.7,2.2,7.3,8.1
8363,0.3084,0,NORMAL,6.7,2.6,7.8,8.1
8364,1.0,0,ANOMALY,10.1,18.1,2.9,5.6
8365,0.356,0,NORMAL,6.7,1.5,2.6,5.7
8366,0.1803,0,NORMAL,6.7,1.9,2.5,5.6
8367,0.3037,0,NORMAL,6.7,2.6,4.2,6.7
8368,0.4585,0,NORMAL,6.8,2.5,10.7,10.1
8369,0.2747,0,NORMAL,6.8,2.1,3.8,5.6
8370,0.3072,0,NORMAL,6.8,2.1,2.7,5.5
8371,0.2763,0,NORMAL,6.8,1.9,2.7,5.5
8372,0.2171,0,NORMAL,6.8,1.6,3.1,5.9
8373,0.5317,0,NORMAL,6.9,3.0,12.1,11.6
8374,1.0,0,ANOMALY,10.3,18.5,4.1,5.7
8375,0.3832,0,NORMAL,6.8,1.7,3.0,6.1
8376,0.1148,0,NORMAL,6.8,2.0,2.9,6.0
8377,0.1356,0,NORMAL,6.8,2.1,3.1,6.1
8378,0.5415,0,NORMAL,7.0,2.4,12.2,11.5
8379,0.6674,0,WARNING,7.0,2.4,4.7,6.1
8380,0.9974,0,WARNING,6.9,2.3,3.1,9.2
8381,0.2953,0,NORMAL,6.9,1.6,3.4,6.4
8382,0.1694,0,NORMAL,6.9,1.8,3.3,6.3
8383,0.5508,0,NORMAL,7.0,3.1,12.4,11.7
8384,1.0,0,ANOMALY,10.5,18.4,5.2,6.3
8385,0.3367,0,NORMAL,6.8,2.1,3.5,6.7
8386,0.5618,0,NORMAL,6.8,3.1,3.1,6.0
8387,0.2202,0,NORMAL,6.8,2.0,4.4,6.5
8388,0.5557,0,NORMAL,7.0,2.9,12.7,11.9
8389,0.2556,0,NORMAL,6.9,2.0,5.2,6.6
8390,0.1702,0,NORMAL,6.8,2.5,3.9,6.7
8391,0.9421,0,WARNING,7.1,3.6,3.7,6.7
8392,0.3371,0,NORMAL,6.8,2.1,3.8,6.4
8393,0.5509,0,NORMAL,7.0,3.8,12.6,12.5
8394,1.0,0,ANOMALY,9.6,17.4,5.5,6.7
8395,0.3229,0,NORMAL,6.9,1.9,3.9,6.7
8396,0.1982,0,NORMAL,6.9,1.9,4.1,7.0
8397,0.221,0,NORMAL,6.9,1.9,4.5,7.4
8398,0.5869,0,NORMAL,7.1,2.7,13.8,13.0
8399,0.3156,0,NORMAL,6.9,2.5,6.9,8.0
8400,0.298,0,NORMAL,7.0,2.0,5.3,7.9
8401,0.3182,0,NORMAL,7.1,2.2,5.4,8.2
8402,0.3895,0,NORMAL,7.0,1.9,5.6,7.9
8403,0.6574,0,WARNING,7.2,3.8,16.0,14.1
8404,1.0,0,WARNING,9.0,16.1,8.6,9.0
8405,0.3686,0,NORMAL,7.2,3.0,6.9,9.4
8406,0.457,0,NORMAL,7.3,2.0,6.9,9.2
8407,0.4727,0,NORMAL,7.3,2.9,7.4,9.5
8408,0.608,0,WARNING,7.3,2.9,14.9,13.9
8409,0.4186,0,NORMAL,7.3,2.9,10.6,10.5
8410,0.9947,0,WARNING,7.3,2.2,8.3,12.9
8411,0.5832,0,NORMAL,7.3,2.9,9.3,10.7
8412,0.7045,0,WARNING,7.4,2.9,12.2,13.1
8413,0.7844,0,WARNING,7.6,4.0,18.4,17.1
8414,1.0,0,ANOMALY,11.3,20.2,19.0,16.2
8415,0.8096,0,WARNING,7.6,3.2,14.7,14.0
8416,0.7572,0,WARNING,7.7,3.9,14.5,14.3
8417,0.8094,0,WARNING,7.8,4.5,16.8,15.7
8418,0.7474,0,WARNING,7.9,3.9,17.4,16.4
8419,0.7814,0,WARNING,7.8,4.3,22.7,19.8
8420,0.8254,0,WARNING,7.7,3.0,16.7,15.7
8421,0.8105,0,WARNING,7.7,3.7,16.5,15.8
8422,0.8655,0,WARNING,7.7,3.7,17.8,17.3
8423,0.8353,0,WARNING,7.7,3.0,17.8,17.1
8424,1.0,0,ANOMALY,11.4,21.1,26.5,22.4
8425,0.8358,0,WARNING,7.7,4.1,19.4,17.8
8426,0.8776,0,WARNING,7.9,3.8,20.0,18.4
8427,0.947,0,WARNING,8.1,5.1,26.6,23.6
8428,0.9463,0,WARNING,8.2,5.1,28.8,25.0
8429,1.0,0,WARNING,8.1,6.2,35.9,29.2
8430,0.9484,0,WARNING,8.0,5.1,28.3,23.4
8431,0.948,0,WARNING,8.0,5.7,26.0,22.6
8432,0.9098,0,WARNING,7.8,5.1,25.0,22.6
8433,0.8688,0,WARNING,7.9,5.9,24.5,22.6
8434,1.0,0,ANOMALY,11.5,22.6,33.3,28.1
8435,0.9577,0,WARNING,7.8,5.5,25.8,22.3
8436,0.8992,0,WARNING,7.8,4.5,24.2,22.2
8437,0.8504,0,WARNING,7.9,5.4,23.9,22.0
8438,0.8778,0,WARNING,8.0,5.6,23.4,21.7
8439,0.9498,0,WARNING,8.0,5.5,31.5,26.9
8440,1.0,0,ANOMALY,7.9,4.2,24.2,25.6
8441,0.8838,0,WARNING,7.9,5.1,22.6,20.5
8442,0.8606,0,WARNING,7.9,4.4,22.7,21.2
8443,0.8701,0,WARNING,8.0,4.1,22.4,20.3
8444,1.0,0,ANOMALY,11.6,21.9,31.8,26.3
8445,0.8606,0,WARNING,7.9,4.9,23.8,20.3
8446,0.8778,0,WARNING,8.0,5.0,22.7,20.4
8447,0.8361,0,WARNING,8.0,4.7,21.6,20.3
8448,0.8149,0,WARNING,7.9,4.1,20.8,20.4
8449,0.9474,0,WARNING,8.4,7.0,30.3,25.8
8450,0.8872,0,WARNING,7.9,4.1,23.3,19.8
8451,0.8548,0,WARNING,7.8,4.1,21.4,20.1
8452,0.8605,0,WARNING,7.8,4.3,21.3,20.3
8453,0.8487,0,WARNING,7.8,4.4,21.0,20.2
8454,1.0,0,ANOMALY,11.0,20.2,29.5,25.3
8455,0.8764,0,WARNING,7.9,5.9,22.6,19.7
8456,1.0,0,WARNING,8.2,6.2,22.8,20.8
8457,1.0,0,ANOMALY,8.5,8.0,24.7,22.0
8458,0.8687,0,WARNING,8.2,4.5,20.5,19.6
8459,0.8503,0,WARNING,8.1,5.3,27.4,24.4
8460,0.8674,0,WARNING,8.0,4.4,23.5,21.1
8461,0.8605,0,WARNING,8.1,5.2,20.7,20.1
8462,0.7992,0,WARNING,8.1,4.5,19.9,21.7
8463,0.8292,0,WARNING,8.1,3.8,20.4,20.4
8464,1.0,0,ANOMALY,12.1,21.7,24.3,22.8
8465,0.8824,0,WARNING,8.4,6.2,25.2,22.2
8466,0.836,0,WARNING,8.1,3.8,19.3,19.0
8467,0.8503,0,WARNING,8.1,4.6,19.3,19.4
8468,0.8409,0,WARNING,8.0,3.9,20.0,19.8
8469,0.9455,0,WARNING,8.4,5.9,21.0,20.2
8470,0.9988,0,WARNING,8.1,5.0,26.5,26.6
8471,0.844,0,WARNING,8.0,4.6,19.8,19.4
8472,0.859,0,WARNING,8.2,4.5,20.9,19.9
8473,0.8257,0,WARNING,8.1,4.3,19.8,19.4
8474,1.0,0,ANOMALY,10.7,19.8,19.4,19.3
8475,0.9524,0,WARNING,8.3,6.9,28.0,24.7
8476,0.8167,0,WARNING,8.1,3.8,20.2,19.5
8477,0.8726,0,WARNING,8.1,4.6,19.6,19.6
8478,0.8849,0,WARNING,8.0,4.2,20.5,19.9
8479,0.8392,0,WARNING,7.9,4.3,19.8,19.6
8480,0.866,0,WARNING,8.0,5.4,28.2,24.8
8481,0.7908,0,WARNING,8.0,4.1,20.5,18.9
8482,0.844,0,WARNING,8.1,4.2,18.7,19.5
8483,0.8408,0,WARNING,8.2,4.5,18.8,18.8
8484,1.0,0,ANOMALY,11.1,19.4,18.3,18.9
8485,0.8467,0,WARNING,8.2,6.2,27.4,24.7
8486,0.795,0,WARNING,8.1,3.8,20.0,19.0
8487,0.8408,0,WARNING,8.2,4.5,19.0,19.4
8488,0.8471,0,WARNING,8.2,3.4,19.5,19.4
8489,0.8375,0,WARNING,8.1,4.4,18.3,18.7
8490,0.8367,0,WARNING,8.1,5.2,26.5,24.0
8491,0.8342,0,WARNING,8.1,4.3,19.4,18.5
8492,0.8239,0,WARNING,8.1,4.1,17.8,18.5
8493,0.8291,0,WARNING,8.0,4.3,18.1,18.3
8494,1.0,0,ANOMALY,10.8,19.3,17.3,18.7
8495,0.8604,0,WARNING,8.1,5.3,27.0,24.3
8496,0.8487,0,WARNING,8.2,3.6,20.0,18.2
8497,0.8256,0,WARNING,8.3,5.0,18.4,18.6
8498,0.8308,0,WARNING,8.2,4.7,17.9,18.3
8499,0.8455,0,WARNING,8.2,3.2,18.1,18.6
8500,0.9932,0,WARNING,8.2,5.2,26.4,26.7
8501,0.7754,0,WARNING,8.2,4.6,19.0,18.4
8502,0.8238,0,WARNING,8.3,4.3,17.4,18.6
8503,0.8273,0,WARNING,8.2,4.4,17.7,18.7
8504,1.0,0,ANOMALY,11.1,19.1,17.3,18.3
8505,0.8632,0,WARNING,8.4,5.6,26.9,24.0
8506,0.809,0,WARNING,8.3,3.7,19.2,18.7
8507,0.8618,0,WARNING,8.5,4.5,17.6,18.8
8508,1.0,0,ANOMALY,8.3,3.4,17.8,20.7
8509,0.8238,0,WARNING,8.4,4.6,17.6,18.8
8510,0.8659,0,WARNING,8.4,5.2,26.5,23.7
8511,0.8202,0,WARNING,8.3,4.4,19.3,18.5
8512,0.8308,0,WARNING,8.3,4.3,17.1,19.7
8513,0.8109,0,WARNING,8.3,4.2,17.4,18.4
8514,1.0,0,ANOMALY,12.3,20.9,17.4,18.5
8515,0.7928,0,WARNING,8.5,4.8,21.9,21.4
8516,0.7929,0,WARNING,8.5,4.4,22.0,20.6
8517,0.844,0,WARNING,8.4,4.2,17.0,18.1
8518,0.8128,0,WARNING,8.5,4.0,17.7,18.5
8519,0.807,0,WARNING,8.5,4.3,17.4,18.3
8520,0.8146,0,WARNING,8.5,4.4,19.4,19.4
8521,0.7968,0,WARNING,8.6,5.2,24.3,22.1
8522,0.8128,0,WARNING,8.6,4.5,18.2,18.5
8523,0.8165,0,WARNING,8.5,3.9,17.2,18.7
8524,0.9985,0,WARNING,10.1,16.5,17.0,18.7
8525,0.7754,0,WARNING,8.5,4.1,16.7,18.2
8526,0.8455,0,WARNING,8.6,4.5,26.6,23.9
8527,0.7865,0,WARNING,8.6,3.5,18.4,18.7
8528,0.7821,0,WARNING,8.6,3.5,16.9,18.6
8529,0.8109,0,WARNING,8.8,3.9,16.7,17.9
8530,0.9953,0,WARNING,8.7,4.0,16.6,20.9
8531,0.818,0,WARNING,8.8,6.3,25.2,23.2
8532,0.7907,0,WARNING,8.8,4.4,18.0,18.0
8533,0.8202,0,WARNING,8.8,3.1,16.6,17.9
8534,1.0,0,ANOMALY,12.3,20.3,16.9,18.5
8535,0.9517,0,WARNING,9.0,5.2,17.1,18.5
8536,0.8342,0,WARNING,8.8,5.3,26.4,23.9
8537,0.7929,0,WARNING,8.8,4.3,19.2,18.9
8538,0.935,0,WARNING,9.0,5.1,17.2,18.3
8539,0.8109,0,WARNING,8.8,3.3,16.7,18.1
8540,0.7949,0,WARNING,8.9,3.8,16.6,18.5
8541,0.8342,0,WARNING,9.0,5.6,26.0,23.6
8542,0.8359,0,WARNING,8.8,3.8,18.9,18.4
8543,1.0,0,ANOMALY,8.8,3.8,16.5,48.6
8544,1.0,0,ANOMALY,11.5,18.4,16.5,18.9
8545,0.807,0,WARNING,9.1,4.7,17.4,18.8
8546,0.8501,0,WARNING,9.1,4.7,26.0,23.5
8547,0.8202,0,WARNING,9.2,4.0,18.8,18.4
8548,0.736,0,WARNING,8.9,3.7,16.3,18.1
8549,0.7614,0,WARNING,9.0,3.7,15.2,17.0
8550,0.7799,0,WARNING,8.9,3.4,15.1,16.8
8551,0.7831,0,WARNING,9.1,5.8,23.0,21.7
8552,0.7048,0,WARNING,8.9,3.5,14.7,15.5
8553,0.7385,0,WARNING,9.0,3.5,13.0,15.6
8554,1.0,0,ANOMALY,12.6,20.4,13.1,15.7
8555,0.6236,0,WARNING,8.9,3.5,12.1,14.8
8556,0.7417,0,WARNING,8.9,4.3,20.5,20.2
8557,0.6274,0,WARNING,9.0,3.7,12.8,14.3
8558,0.5609,0,NORMAL,9.0,3.2,11.5,14.8
8559,0.5941,0,NORMAL,9.0,3.4,11.2,14.8
8560,0.9839,0,WARNING,9.1,3.4,11.3,16.7
8561,0.7429,0,WARNING,9.2,4.2,20.5,19.4
8562,0.5603,0,NORMAL,9.0,3.5,13.4,14.2
8563,0.5855,0,NORMAL,9.1,3.4,11.2,14.2
8564,1.0,0,ANOMALY,12.5,19.7,11.6,14.3
8565,0.5901,0,NORMAL,9.0,3.4,11.3,13.8
8566,0.6212,0,WARNING,9.0,3.8,14.8,15.9
8567,0.5411,0,NORMAL,9.1,3.4,14.2,15.1
8568,0.5221,0,NORMAL,9.0,2.6,9.5,12.8
8569,0.511,0,NORMAL,9.0,3.2,9.5,12.9
8570,0.474,0,NORMAL,9.0,3.2,9.4,12.6
8571,0.4889,0,NORMAL,9.1,3.3,11.6,14.0
8572,0.6422,0,WARNING,9.1,3.4,16.6,17.0
8573,0.5304,0,NORMAL,9.0,3.2,9.7,12.2
8574,1.0,0,ANOMALY,12.7,20.0,9.1,12.7
8575,0.4568,0,NORMAL,9.3,3.0,9.2,12.5
8576,0.4798,0,NORMAL,9.3,3.6,9.5,12.1
8577,0.669,0,WARNING,9.2,4.1,16.9,17.3
8578,0.414,0,NORMAL,9.1,2.0,8.2,11.3
8579,0.3828,0,NORMAL,9.1,2.7,6.7,11.1
8580,0.4336,0,NORMAL,9.1,3.5,6.7,10.8
8581,0.4518,0,NORMAL,9.2,3.0,5.9,10.3
8582,0.6017,0,WARNING,9.2,3.3,14.6,15.7
8583,0.5221,0,NORMAL,9.3,2.9,7.5,10.3
8584,1.0,0,ANOMALY,11.9,17.7,5.9,10.0
8585,0.4876,0,NORMAL,9.2,2.4,6.1,10.1
8586,0.4863,0,NORMAL,9.3,2.8,5.3,9.7
8587,0.5915,0,NORMAL,9.3,4.4,14.1,15.4
8588,0.5305,0,NORMAL,9.3,1.7,6.8,9.5
8589,0.5466,0,NORMAL,9.4,2.6,5.1,9.8
8590,0.994,0,WARNING,9.2,2.3,5.2,12.0
8591,0.5496,0,NORMAL,9.3,2.8,4.9,9.3
8592,0.5771,0,NORMAL,9.3,3.7,13.9,14.7
8593,0.4515,0,NORMAL,9.1,2.2,6.8,9.4
8594,0.9975,0,WARNING,10.4,14.9,4.9,9.6
8595,0.4442,0,NORMAL,9.2,2.6,4.6,9.5
8596,0.4587,0,NORMAL,9.2,2.6,4.9,9.3
8597,0.5724,0,NORMAL,9.3,3.6,13.8,14.6
8598,0.4768,0,NORMAL,9.2,2.2,6.8,9.6
8599,0.4227,0,NORMAL,9.2,2.3,5.6,9.2
8600,0.4327,0,NORMAL,9.1,1.6,4.9,9.1
8601,0.4317,0,NORMAL,9.1,2.4,4.7,9.0
8602,0.5782,0,NORMAL,9.2,3.7,13.9,14.6
8603,0.4182,0,NORMAL,9.1,2.0,6.5,8.9
8604,1.0,0,ANOMALY,12.7,18.5,5.3,9.2
8605,0.486,0,NORMAL,9.2,2.6,5.0,9.1
8606,0.4848,0,NORMAL,9.2,2.3,4.8,8.7
8607,0.5664,0,NORMAL,9.3,3.2,13.7,14.2
8608,0.5156,0,NORMAL,9.4,2.6,6.3,8.8
8609,0.4703,0,NORMAL,9.3,2.7,4.8,9.1
8610,0.4484,0,NORMAL,9.2,2.3,4.6,8.9
8611,0.4474,0,NORMAL,9.2,2.0,4.9,8.8
8612,0.5507,0,NORMAL,9.3,3.3,13.2,14.4
8613,0.4502,0,NORMAL,9.2,2.5,6.7,8.9
8614,1.0,0,ANOMALY,11.8,17.5,4.6,8.9
8615,0.4753,0,NORMAL,9.2,2.7,4.6,8.8
8616,0.4639,0,NORMAL,9.2,1.9,4.6,9.2
8617,0.4202,0,NORMAL,9.3,2.7,10.1,12.4
8618,0.4109,0,NORMAL,9.3,2.8,8.9,10.8
8619,0.4056,0,NORMAL,9.2,2.2,4.4,8.8
8620,0.9953,0,WARNING,9.1,2.6,4.4,11.5
8621,0.3438,0,NORMAL,9.2,2.6,4.6,8.7
8622,0.4031,0,NORMAL,9.2,2.7,7.2,10.1
8623,0.4752,0,NORMAL,9.1,2.9,11.8,12.8
8624,0.9975,0,WARNING,10.3,14.8,4.8,8.6
8625,0.3264,0,NORMAL,9.1,3.0,4.7,8.8
8626,0.3504,0,NORMAL,9.1,1.9,4.4,8.7
8627,0.3492,0,NORMAL,9.1,2.8,4.7,9.1
8628,0.6035,0,WARNING,9.2,3.4,14.7,14.7
8629,0.3405,0,NORMAL,9.2,2.2,6.2,9.7
8630,0.3888,0,NORMAL,9.1,2.5,4.9,9.1
8631,0.3491,0,NORMAL,9.1,2.5,5.1,9.3
8632,0.4763,0,NORMAL,9.2,2.7,5.7,9.1
8633,0.6877,0,WARNING,9.2,4.6,13.9,14.8
8634,1.0,0,ANOMALY,12.6,19.1,7.8,9.8
8635,0.4201,0,NORMAL,9.2,2.8,6.3,9.9
8636,0.5443,0,NORMAL,9.2,2.4,7.6,10.6
8637,0.67,0,WARNING,9.3,3.2,10.5,13.3
8638,0.7545,0,WARNING,9.4,4.1,21.1,19.8
8639,0.7356,0,WARNING,9.4,3.3,14.6,14.6
8640,0.7437,0,WARNING,9.5,3.5,13.5,14.8
8641,0.6927,0,WARNING,9.4,3.8,13.1,14.8
8642,0.705,0,WARNING,9.3,3.9,13.1,14.9
8643,0.7778,0,WARNING,9.5,4.9,22.4,20.6
8644,1.0,0,ANOMALY,11.7,18.1,15.3,15.2
8645,0.7407,0,WARNING,9.4,3.1,13.5,15.0
8646,0.7349,0,WARNING,9.3,3.9,13.8,15.2
8647,0.6684,0,WARNING,9.3,4.7,13.6,15.7
8648,0.8077,0,WARNING,9.4,4.3,22.8,20.7
8649,0.7861,0,WARNING,9.4,4.0,16.0,15.2
8650,0.9967,0,WARNING,9.4,3.3,13.4,17.9
8651,0.6784,0,WARNING,9.4,4.0,13.1,14.9
8652,0.713,0,WARNING,9.4,3.5,12.4,14.6
8653,0.772,0,WARNING,9.4,4.7,22.1,20.2
8654,1.0,0,ANOMALY,12.7,20.3,15.2,15.2
8655,0.6924,0,WARNING,9.2,3.8,13.1,15.1
8656,0.6484,0,WARNING,9.3,3.6,12.9,15.0
8657,0.6476,0,WARNING,9.2,4.1,13.4,15.6
8658,0.7791,0,WARNING,9.4,4.9,22.7,20.8
8659,0.7535,0,WARNING,9.1,3.3,15.2,15.2
8660,0.7067,0,WARNING,9.3,3.8,13.5,14.9
8661,0.7207,0,WARNING,9.2,3.8,13.3,15.0
8662,0.7087,0,WARNING,9.2,4.0,13.4,15.4
8663,0.7736,0,WARNING,9.4,5.2,21.8,20.6
8664,0.9999,0,WARNING,11.0,17.0,15.8,15.5
8665,0.6791,0,WARNING,9.4,4.0,13.3,15.4
8666,0.7529,0,WARNING,9.4,3.5,14.3,16.1
8667,0.7552,0,WARNING,9.2,4.4,14.5,16.0
8668,0.7785,0,WARNING,9.3,4.0,18.8,18.9
8669,0.7505,0,WARNING,9.4,4.6,19.5,18.9
8670,0.6951,0,WARNING,9.3,3.6,14.4,16.8
8671,0.7629,0,WARNING,9.3,3.5,15.0,16.9
8672,0.8176,0,WARNING,9.3,3.9,15.8,17.0
8673,0.7788,0,WARNING,9.5,3.6,17.4,17.8
8674,1.0,0,ANOMALY,12.4,20.5,23.0,21.3
8675,0.7563,0,WARNING,9.4,3.5,15.6,16.9
8676,0.7463,0,WARNING,9.4,3.5,14.9,16.6
8677,0.7637,0,WARNING,9.4,4.2,15.3,17.3
8678,0.7633,0,WARNING,9.5,3.7,14.9,16.4
8679,0.8187,0,WARNING,9.7,5.3,24.8,22.6
8680,0.9931,0,WARNING,9.5,3.9,16.3,19.3
8681,0.773,0,WARNING,9.5,3.1,14.7,16.4
8682,0.7818,0,WARNING,9.6,4.2,15.3,17.7
8683,0.7837,0,WARNING,9.6,4.1,15.7,17.1
8684,1.0,0,WARNING,11.5,18.2,24.8,22.6
8685,0.7304,0,WARNING,9.9,5.4,17.9,17.4
8686,0.7661,0,WARNING,9.5,3.6,15.6,17.4
8687,0.7305,0,WARNING,9.5,3.6,15.0,17.3
8688,0.7775,0,WARNING,9.5,3.0,15.2,17.1
8689,0.809,0,WARNING,9.7,5.0,24.2,22.5
8690,0.7249,0,WARNING,9.6,3.7,17.1,17.3
8691,0.7864,0,WARNING,9.6,4.0,15.3,17.2
8692,0.7841,0,WARNING,9.7,4.4,15.3,17.1
8693,0.8086,0,WARNING,9.6,3.9,15.7,17.4
8694,1.0,0,ANOMALY,12.5,20.1,25.1,23.1
8695,0.7753,0,WARNING,9.7,4.4,17.7,18.2
8696,0.7359,0,WARNING,9.7,3.5,16.2,18.0
8697,0.8375,0,WARNING,10.0,3.6,17.2,18.6
8698,0.8089,0,WARNING,9.7,3.8,16.6,18.0
8699,0.8575,0,WARNING,9.8,5.2,25.5,23.8
8700,0.7438,0,WARNING,9.7,3.8,17.9,18.3
8701,0.8202,0,WARNING,9.7,3.8,16.5,18.0
8702,0.8128,0,WARNING,9.7,4.0,17.2,17.8
8703,0.7969,0,WARNING,9.8,4.6,17.1,18.4
8704,1.0,0,ANOMALY,12.3,19.3,25.4,23.5
8705,0.8109,0,WARNING,9.8,4.1,18.6,18.8
8706,0.7843,0,WARNING,9.9,4.4,17.3,18.9
8707,0.8128,0,WARNING,9.9,5.2,17.6,19.1
8708,0.7929,0,WARNING,9.9,3.9,17.5,18.7
8709,0.8201,0,WARNING,10.1,6.3,25.5,24.0
8710,0.9982,0,WARNING,9.9,3.1,18.0,20.9
8711,0.8342,0,WARNING,10.0,4.8,16.7,18.2
8712,0.8202,0,WARNING,10.0,4.5,16.4,18.5
8713,0.801,0,WARNING,10.0,4.9,16.3,18.1
8714,1.0,0,ANOMALY,15.3,23.2,24.6,23.3
8715,0.7799,0,WARNING,9.9,4.5,18.1,18.6
8716,0.793,0,WARNING,10.0,3.8,16.4,18.0
8717,0.8327,0,WARNING,10.2,6.2,16.5,18.2
8718,0.7708,0,WARNING,10.0,3.8,16.3,18.2
8719,0.8439,0,WARNING,10.1,4.9,22.0,21.9
8720,0.8109,0,WARNING,10.1,3.8,21.3,20.5
8721,0.8202,0,WARNING,10.2,4.8,17.2,18.4
8722,0.8202,0,WARNING,10.2,4.8,16.9,18.5
8723,0.801,0,WARNING,10.1,4.2,17.0,18.2
8724,1.0,0,ANOMALY,12.4,17.9,19.0,19.6
8725,0.8308,0,WARNING,10.2,5.0,23.7,22.3
8726,0.8011,0,WARNING,10.1,2.8,16.5,18.1
8727,0.8238,0,WARNING,10.2,4.6,16.4,18.5
8728,0.8165,0,WARNING,10.3,3.3,17.2,18.8
8729,0.754,0,WARNING,10.2,4.2,16.6,18.3
8730,0.8087,0,WARNING,10.3,5.3,24.4,23.7
8731,0.7865,0,WARNING,10.3,3.7,17.2,18.5
8732,0.8202,0,WARNING,10.4,4.1,16.5,18.6
8733,0.9419,0,WARNING,10.6,4.3,17.5,18.4
8734,1.0,0,ANOMALY,16.9,24.6,16.6,18.8
8735,0.8207,0,WARNING,10.4,5.2,25.4,24.1
8736,0.8547,0,WARNING,10.2,3.9,18.3,18.1
8737,0.7992,0,WARNING,10.3,4.4,17.0,18.7
8738,0.8456,0,WARNING,10.2,5.0,16.7,18.6
8739,0.7844,0,WARNING,10.4,4.7,16.7,18.8
8740,0.9974,0,WARNING,10.1,5.0,25.0,26.7
8741,0.8031,0,WARNING,10.1,4.2,17.8,18.0
8742,0.7638,0,WARNING,10.1,4.0,16.5,19.1
8743,0.7754,0,WARNING,10.2,3.1,16.4,18.4
8744,0.9986,0,WARNING,11.1,15.3,18.2,19.2
8745,0.8617,0,WARNING,10.3,5.6,26.7,24.5
8746,0.8531,0,WARNING,10.4,4.7,19.0,18.7
8747,0.8604,0,WARNING,10.5,5.1,18.3,19.4
8748,0.797,0,WARNING,10.4,3.2,17.1,18.7
8749,0.795,0,WARNING,10.5,4.3,15.9,18.2
8750,1.0,0,ANOMALY,10.5,5.1,25.2,37.3
8751,0.815,0,WARNING,10.5,4.1,18.2,18.5
8752,0.8128,0,WARNING,10.6,4.4,16.9,18.7
8753,0.8147,0,WARNING,10.5,3.9,16.2,18.2
8754,1.0,0,ANOMALY,14.2,21.1,17.3,19.3
8755,0.8561,0,WARNING,10.5,6.0,26.9,24.8
8756,0.844,0,WARNING,10.5,4.2,20.0,19.0
8757,0.8456,0,WARNING,10.6,4.3,18.2,19.4
8758,0.7541,0,WARNING,10.5,4.6,17.0,19.0
8759,0.7614,0,WARNING,10.7,4.4,16.6,18.6
8760,0.8195,0,WARNING,10.6,5.0,25.0,23.4
8761,0.7195,0,WARNING,10.5,3.3,15.6,16.4
8762,0.6768,0,WARNING,10.5,3.5,13.3,16.3
8763,0.6667,0,WARNING,10.5,3.8,12.5,15.4
8764,1.0,0,ANOMALY,13.8,19.2,11.7,15.2
8765,0.7269,0,WARNING,10.6,4.8,19.6,20.0
8766,0.6,0,WARNING,10.6,2.9,12.4,14.4
8767,0.6305,0,WARNING,10.6,3.8,10.9,14.6
8768,0.6062,0,WARNING,10.6,3.0,10.7,14.3
8769,0.6323,0,WARNING,10.5,3.4,10.2,14.0
8770,0.9989,0,WARNING,10.5,3.9,15.8,20.3
8771,0.5889,0,NORMAL,10.5,3.6,14.8,15.9
8772,0.6094,0,WARNING,10.3,3.3,9.9,13.8
8773,0.5882,0,NORMAL,10.3,3.4,9.8,13.4
8774,1.0,0,ANOMALY,13.6,18.8,9.3,13.5
8775,0.5843,0,NORMAL,10.3,3.4,11.0,14.3
8776,0.6172,0,WARNING,10.4,3.9,15.9,17.3
8777,0.4762,0,NORMAL,10.5,3.6,9.4,13.8
8778,0.5668,0,NORMAL,10.3,2.7,9.1,13.7
8779,0.5434,0,NORMAL,10.4,3.3,9.6,13.7
8780,0.5992,0,NORMAL,10.5,2.4,9.8,13.1
8781,0.6934,0,WARNING,10.4,4.4,18.0,18.5
8782,0.4754,0,NORMAL,10.4,3.7,9.8,13.4
8783,0.5153,0,NORMAL,10.4,3.4,8.7,13.0
8784,1.0,0,ANOMALY,14.1,19.7,8.3,13.2
8785,0.5754,0,NORMAL,10.4,3.6,8.6,13.1
8786,0.6825,0,WARNING,10.4,5.1,17.3,18.3
8787,0.4761,0,NORMAL,10.3,3.8,9.9,12.8
8788,0.4362,0,NORMAL,10.3,3.2,8.7,13.1
8789,0.5339,0,NORMAL,10.3,3.1,9.2,13.5
8790,0.6339,0,WARNING,10.2,2.5,9.4,13.0
8791,0.6993,0,WARNING,10.3,4.3,18.2,18.5
8792,0.4308,0,NORMAL,10.1,3.0,10.3,13.1
8793,0.4411,0,NORMAL,10.1,3.0,8.1,12.7
8794,1.0,0,ANOMALY,15.6,23.0,8.8,13.0
8795,0.4836,0,NORMAL,10.2,4.0,9.0,12.9
8796,0.6874,0,WARNING,10.3,4.2,17.5,18.2
8797,0.415,0,NORMAL,10.1,2.8,9.9,12.6
8798,0.4907,0,NORMAL,10.1,2.7,8.0,12.5
8799,0.4116,0,NORMAL,10.1,3.0,8.1,12.7
8800,0.9967,0,WARNING,10.2,2.7,8.7,15.6
8801,0.6858,0,WARNING,10.3,4.4,17.6,18.1
8802,0.363,0,NORMAL,10.2,3.0,9.8,12.5
8803,0.4347,0,NORMAL,10.1,2.9,8.4,12.8
8804,1.0,0,ANOMALY,12.2,17.2,8.1,12.7
8805,0.4784,0,NORMAL,10.1,3.7,8.0,12.5
8806,0.6714,0,WARNING,10.3,3.8,16.9,18.2
8807,0.4038,0,NORMAL,10.5,3.4,10.3,12.8
8808,0.4895,0,NORMAL,10.5,3.1,8.7,12.8
8809,0.4513,0,NORMAL,10.4,3.3,8.7,12.8
8810,0.4984,0,NORMAL,10.3,2.9,8.5,12.7
8811,0.6717,0,WARNING,10.3,3.4,17.1,18.0
8812,0.3366,0,NORMAL,10.1,3.3,9.4,12.6
8813,0.4733,0,NORMAL,10.1,3.1,8.4,12.8
8814,1.0,0,ANOMALY,12.2,17.6,8.9,12.9
8815,0.3368,0,NORMAL,10.2,3.9,9.0,13.0
8816,0.719,0,WARNING,10.3,4.3,18.5,18.9
8817,0.4428,0,NORMAL,10.3,3.4,11.6,13.8
8818,0.3508,0,NORMAL,10.1,3.1,9.0,13.6
8819,0.495,0,NORMAL,10.1,3.1,8.9,13.7
8820,0.4626,0,NORMAL,10.2,2.9,8.7,13.0
8821,0.5603,0,NORMAL,10.3,4.0,13.1,15.6
8822,0.5183,0,NORMAL,10.4,3.7,13.5,15.6
8823,0.3626,0,NORMAL,10.2,2.7,7.5,12.3
8824,1.0,0,ANOMALY,13.7,19.2,7.2,12.2
8825,0.356,0,NORMAL,10.2,3.1,7.3,12.0
8826,0.9647,0,WARNING,10.5,5.6,9.0,13.2
8827,0.5908,0,NORMAL,10.4,4.5,14.5,16.5
8828,0.3751,0,NORMAL,10.2,2.8,7.4,11.7
8829,0.3542,0,NORMAL,10.3,2.9,6.6,12.2
8830,0.9971,0,WARNING,10.3,2.2,5.9,14.5
8831,0.3176,0,NORMAL,10.4,2.6,6.3,11.5
8832,0.6322,0,WARNING,10.4,3.8,15.3,17.3
8833,0.3535,0,NORMAL,10.3,2.8,7.1,11.4
8834,1.0,0,ANOMALY,16.1,23.0,5.5,11.5
8835,0.4387,0,NORMAL,10.2,3.2,5.6,11.4
8836,0.3132,0,NORMAL,10.2,2.4,5.4,11.2
8837,0.6103,0,WARNING,10.4,3.7,14.5,17.2
8838,0.2627,0,NORMAL,10.2,3.1,6.9,11.4
8839,0.3457,0,NORMAL,10.2,2.5,5.3,11.2
8840,0.3102,0,NORMAL,10.3,2.5,5.2,11.1
8841,0.3753,0,NORMAL,10.2,2.5,5.5,11.3
8842,0.6023,0,WARNING,10.3,3.8,14.4,16.7
8843,0.3648,0,NORMAL,10.2,2.2,7.9,11.3
8844,0.9977,0,WARNING,11.0,13.5,5.5,11.3
8845,0.4305,0,NORMAL,10.3,2.8,5.6,11.6
8846,0.369,0,NORMAL,10.3,2.4,5.8,11.3
8847,0.593,0,NORMAL,10.4,3.6,14.2,17.0
8848,0.3234,0,NORMAL,10.3,1.9,6.7,11.4
8849,0.3828,0,NORMAL,10.3,2.6,5.2,11.3
8850,0.2443,0,NORMAL,10.3,2.2,5.1,11.2
8851,0.911,0,WARNING,10.3,2.4,5.4,13.3
8852,0.583,0,NORMAL,10.4,4.0,13.8,16.4
8853,0.3411,0,NORMAL,10.3,2.3,6.5,11.3
8854,1.0,0,ANOMALY,15.5,21.1,5.3,11.0
8855,0.413,0,NORMAL,10.4,3.1,5.3,10.9
8856,0.5402,0,NORMAL,10.5,2.0,4.9,11.0
8857,0.7147,0,WARNING,10.6,4.5,13.7,16.8
8858,0.4628,0,NORMAL,10.4,2.7,6.5,11.1
8859,0.456,0,NORMAL,10.5,2.8,4.6,10.6
8860,0.9875,0,WARNING,10.5,2.1,4.7,13.7
8861,0.3521,0,NORMAL,10.5,3.4,4.9,11.2
8862,0.5862,0,NORMAL,10.5,3.8,13.9,16.4
8863,0.331,0,NORMAL,10.5,2.4,7.2,10.9
8864,0.9975,0,WARNING,11.2,13.5,5.3,11.1
8865,0.2876,0,NORMAL,10.5,2.5,4.7,10.7
8866,0.3419,0,NORMAL,10.5,1.7,4.7,10.3
8867,0.5202,0,NORMAL,10.5,3.4,12.5,15.0
8868,0.3501,0,NORMAL,10.5,3.4,8.1,11.7
8869,0.6234,0,WARNING,10.5,3.1,4.4,10.6
8870,0.5694,0,NORMAL,10.6,2.5,4.5,10.6
8871,0.7979,0,WARNING,10.7,3.2,4.5,10.5
8872,0.3326,0,NORMAL,10.5,2.7,8.5,13.0
8873,0.3663,0,NORMAL,10.5,3.0,9.9,13.4
8874,1.0,0,ANOMALY,15.4,20.9,4.5,10.6
8875,0.4564,0,NORMAL,10.6,2.6,4.4,10.3
8876,0.237,0,NORMAL,10.5,2.4,4.3,10.1
8877,0.2505,0,NORMAL,10.5,2.7,6.7,12.1
8878,0.5177,0,NORMAL,10.5,3.3,12.3,15.3
8879,0.2375,0,NORMAL,10.5,2.7,5.5,10.9
8880,0.6869,0,WARNING,10.6,3.6,5.1,10.5
8881,0.985,0,WARNING,10.9,5.9,5.0,10.7
8882,0.308,0,NORMAL,10.5,2.3,5.1,10.6
8883,0.5871,0,NORMAL,10.6,3.7,13.7,15.7
8884,0.9975,0,WARNING,11.4,13.2,5.3,10.4
8885,0.3598,0,NORMAL,10.6,2.9,4.0,10.3
8886,0.2031,0,NORMAL,10.5,2.2,4.1,10.1
8887,0.1935,0,NORMAL,10.5,2.4,4.0,10.4
8888,0.5618,0,NORMAL,10.5,3.8,13.1,15.8
8889,0.2981,0,NORMAL,10.5,2.3,5.5,10.3
8890,0.994,0,WARNING,10.5,1.8,3.9,12.9
8891,0.2969,0,NORMAL,10.6,2.1,3.9,10.0
8892,0.1373,0,NORMAL,10.5,2.4,3.8,9.9
8893,0.5456,0,NORMAL,10.6,3.2,12.6,15.4
8894,1.0,0,ANOMALY,14.5,19.4,5.8,10.0
8895,0.3917,0,NORMAL,10.6,2.8,4.0,9.9
8896,0.1966,0,NORMAL,10.5,2.1,3.9,10.0
8897,0.1856,0,NORMAL,10.6,2.0,4.1,9.7
8898,0.5512,0,NORMAL,10.7,3.4,12.8,15.4
8899,0.3112,0,NORMAL,10.6,2.2,5.7,9.9
8900,0.1864,0,NORMAL,10.5,2.3,4.0,9.8
8901,0.1727,0,NORMAL,10.5,2.3,3.9,9.7
8902,0.1329,0,NORMAL,10.5,2.1,4.1,9.9
8903,0.5584,0,NORMAL,10.6,3.6,12.9,15.8
8904,0.9972,0,WARNING,12.0,14.8,5.8,10.2
8905,0.2286,0,NORMAL,10.7,2.8,4.1,9.9
8906,0.308,0,NORMAL,10.7,1.9,4.5,9.5
8907,0.279,0,NORMAL,10.6,2.7,4.0,9.4
8908,0.5422,0,NORMAL,10.7,3.1,12.6,15.1
8909,0.2953,0,NORMAL,10.6,2.5,5.1,9.5
8910,0.196,0,NORMAL,10.6,2.0,3.4,8.9
8911,0.4651,0,NORMAL,10.7,3.2,3.1,8.7
8912,0.1811,0,NORMAL,10.7,2.3,3.2,8.8
8913,0.5303,0,NORMAL,10.8,3.0,12.2,14.2
8914,1.0,0,ANOMALY,14.6,19.6,5.3,8.9
8915,0.4223,0,NORMAL,11.0,2.8,4.3,9.3
8916,0.358,0,NORMAL,11.1,2.5,4.1,9.0
8917,0.3689,0,NORMAL,11.1,2.3,4.5,9.6
8918,0.4474,0,NORMAL,11.1,3.3,10.8,13.2
8919,0.3141,0,NORMAL,11.1,2.6,6.2,9.7
8920,0.9953,0,WARNING,10.9,2.3,3.2,11.4
8921,0.7304,0,WARNING,10.9,2.8,3.1,8.4
8922,0.1996,0,NORMAL,10.8,1.8,3.3,8.7
8923,0.3073,0,NORMAL,10.9,2.7,7.6,11.2
8924,1.0,0,ANOMALY,13.0,16.6,8.4,11.4
8925,0.3377,0,NORMAL,10.8,2.3,3.1,8.6
8926,0.2024,0,NORMAL,10.7,2.0,2.9,8.4
8927,0.1914,0,NORMAL,10.7,2.4,3.2,8.6
8928,0.1739,0,NORMAL,10.7,1.8,4.7,9.5
8929,0.4434,0,NORMAL,10.8,3.1,10.6,13.0
8930,0.3917,0,NORMAL,10.7,2.6,3.0,8.4
8931,0.1344,0,NORMAL,10.7,1.6,2.9,8.5
8932,0.1283,0,NORMAL,10.7,2.0,3.0,8.4
8933,0.1546,0,NORMAL,10.7,2.1,3.0,8.5
8934,1.0,0,ANOMALY,14.8,20.3,11.9,14.0
8935,0.5895,0,NORMAL,10.7,2.6,3.0,8.5
8936,0.2528,0,NORMAL,10.7,1.6,2.9,8.4
8937,0.1773,0,NORMAL,10.7,2.0,2.9,8.5
8938,0.3377,0,NORMAL,10.7,2.9,2.8,8.3
8939,0.5099,0,NORMAL,10.8,3.0,11.6,13.7
8940,0.2597,0,NORMAL,10.7,1.9,3.3,8.2
8941,0.1171,0,NORMAL,10.7,2.1,2.9,8.1
8942,0.2289,0,NORMAL,10.7,1.8,2.8,8.1
8943,0.1575,0,NORMAL,10.7,1.9,2.9,8.1
8944,0.9973,0,WARNING,12.1,15.8,11.6,13.5
8945,0.4254,0,NORMAL,10.7,1.8,2.9,8.0
8946,0.3081,0,NORMAL,10.7,1.8,2.7,7.8
8947,0.1432,0,NORMAL,10.7,2.0,2.6,7.9
8948,0.6931,0,WARNING,10.8,3.2,2.6,8.0
8949,0.5059,0,NORMAL,10.8,3.2,11.5,13.4
8950,0.9947,0,WARNING,10.7,2.3,2.7,10.7
8951,0.347,0,NORMAL,10.7,2.6,2.5,7.8
8952,0.2954,0,NORMAL,10.7,1.9,2.7,7.9
8953,0.9392,0,WARNING,11.0,3.7,2.6,7.7
8954,1.0,0,ANOMALY,14.4,20.0,11.6,13.2
8955,0.5149,0,NORMAL,10.7,2.3,3.0,7.7
8956,0.3673,0,NORMAL,10.7,1.9,2.5,7.5
8957,0.398,0,NORMAL,10.7,2.3,2.7,7.8
8958,0.36,0,NORMAL,10.8,2.8,2.5,7.5
8959,0.5021,0,NORMAL,10.8,3.0,11.5,13.0
8960,0.2612,0,NORMAL,10.7,2.5,3.0,7.4
8961,0.3876,0,NORMAL,10.7,1.6,2.4,7.1
8962,0.4364,0,NORMAL,10.7,2.8,2.3,7.2
8963,0.1766,0,NORMAL,10.7,1.8,2.8,7.6
8964,0.9972,0,WARNING,12.3,16.1,12.4,13.6
8965,0.474,0,NORMAL,10.7,2.6,4.9,7.8
8966,0.1508,0,NORMAL,10.7,1.7,3.6,8.0
8967,0.1381,0,NORMAL,10.6,2.0,2.6,7.2
8968,0.1173,0,NORMAL,10.7,1.8,2.4,7.2
8969,0.4236,0,NORMAL,10.8,3.1,10.0,11.6
8970,0.3097,0,NORMAL,10.7,2.4,5.4,8.0
8971,0.1181,0,NORMAL,10.7,2.3,2.5,7.6
8972,0.9445,0,WARNING,10.9,4.1,2.4,7.4
8973,0.1489,0,NORMAL,10.6,2.4,2.4,7.5
8974,1.0,0,ANOMALY,13.5,18.3,7.1,10.4
8975,0.4253,0,NORMAL,10.7,2.5,6.9,9.8
8976,0.2189,0,NORMAL,10.7,2.4,2.3,6.8
8977,0.3072,0,NORMAL,10.7,1.6,2.3,6.8
8978,0.2164,0,NORMAL,10.7,2.3,2.3,6.9
8979,0.1394,0,NORMAL,10.6,1.9,4.3,8.1
8980,0.9963,0,WARNING,10.8,3.0,9.2,14.2
8981,0.4999,0,NORMAL,10.7,1.7,2.3,6.9
8982,0.1306,0,NORMAL,10.7,2.1,2.3,6.9
8983,0.1639,0,NORMAL,10.7,1.9,2.2,6.6
8984,1.0,0,ANOMALY,12.7,15.9,2.3,6.6
8985,0.4967,0,NORMAL,10.8,3.2,11.2,12.2
8986,0.2852,0,NORMAL,10.7,1.3,2.3,6.8
8987,0.1517,0,NORMAL,10.7,1.8,2.3,6.8
8988,0.2028,0,NORMAL,10.7,1.7,2.2,6.7
8989,0.1537,0,NORMAL,10.7,1.9,2.2,6.9
8990,0.4911,0,NORMAL,10.8,3.6,11.2,12.4
8991,0.3377,0,NORMAL,10.7,1.4,2.3,6.7
8992,0.1452,0,NORMAL,10.7,2.4,2.3,6.8
8993,0.2853,0,NORMAL,10.7,2.5,2.3,6.7
8994,1.0,0,ANOMALY,13.1,16.4,2.2,6.7
8995,0.4915,0,NORMAL,10.8,3.2,11.0,12.2
8996,0.3362,0,NORMAL,10.7,1.9,2.3,6.7
8997,0.4777,0,NORMAL,10.7,2.5,2.2,6.7
8998,0.1342,0,NORMAL,10.7,1.6,2.3,6.7
8999,0.1695,0,NORMAL,10.7,1.7,2.3,6.7
9000,0.4858,0,NORMAL,10.8,2.8,11.0,12.0
9001,0.3101,0,NORMAL,10.7,2.0,2.1,6.4
9002,0.1322,0,NORMAL,10.7,1.7,2.1,6.5
9003,0.1698,0,NORMAL,10.7,2.3,2.0,6.4
9004,1.0,0,ANOMALY,13.2,16.6,2.3,6.7
9005,0.4808,0,NORMAL,10.8,3.2,10.9,11.9
9006,0.3368,0,NORMAL,10.7,2.2,2.2,6.4
9007,0.5982,0,NORMAL,10.7,3.1,2.1,6.5
9008,0.2165,0,NORMAL,10.7,2.2,2.1,6.5
9009,0.3866,0,NORMAL,10.6,1.8,2.1,6.2
9010,0.9996,0,WARNING,10.8,2.9,11.2,15.3
9011,0.5594,0,NORMAL,10.7,1.5,2.5,6.4
9012,0.1254,0,NORMAL,10.7,1.9,2.2,6.5
9013,0.1867,0,NORMAL,10.7,2.0,2.1,6.3
9014,1.0,0,ANOMALY,12.6,15.9,2.1,6.3
9015,0.4861,0,NORMAL,10.8,2.7,11.0,11.9
9016,0.3895,0,NORMAL,10.7,2.0,3.2,6.3
9017,0.2172,0,NORMAL,10.7,1.5,2.2,6.6
9018,0.1755,0,NORMAL,10.7,2.0,2.3,6.5
9019,0.1904,0,NORMAL,10.8,2.7,2.1,6.6
9020,0.4235,0,NORMAL,10.8,2.3,9.7,11.1
9021,0.2621,0,NORMAL,10.7,1.7,3.9,7.3
9022,0.1279,0,NORMAL,10.7,1.6,2.2,6.5
9023,0.1524,0,NORMAL,10.7,1.7,2.1,6.4
9024,1.0,0,ANOMALY,14.2,18.2,2.3,6.7
9025,0.3391,0,NORMAL,10.7,2.8,6.5,9.1
9026,0.2529,0,NORMAL,10.6,2.3,7.0,9.2
9027,0.2024,0,NORMAL,10.6,1.2,2.2,6.5
9028,0.117,0,NORMAL,10.6,1.6,2.1,6.4
9029,0.132,0,NORMAL,10.6,1.6,2.2,6.4
9030,0.2664,0,NORMAL,10.6,1.4,4.0,7.7
9031,0.4052,0,NORMAL,10.7,2.2,9.1,10.9
9032,0.2532,0,NORMAL,10.6,1.7,2.1,6.4
9033,0.3075,0,NORMAL,10.7,1.7,2.1,6.3
9034,0.9997,0,WARNING,12.4,15.2,2.1,6.5
9035,0.1767,0,NORMAL,10.7,2.0,2.2,6.4
9036,0.4913,0,NORMAL,10.8,2.8,10.9,11.9
9037,0.289,0,NORMAL,10.7,1.8,2.4,6.6
9038,0.1181,0,NORMAL,10.7,2.1,2.1,6.3
9039,0.26,0,NORMAL,10.7,1.7,2.2,6.6
9040,0.9889,0,WARNING,10.7,1.7,2.2,9.2
9041,0.4857,0,NORMAL,10.8,2.8,11.0,11.9
9042,0.3286,0,NORMAL,10.7,1.8,2.2,6.5
9043,0.1424,0,NORMAL,10.7,2.2,2.2,6.5
9044,1.0,0,ANOMALY,14.3,18.5,2.2,6.4
9045,0.2816,0,NORMAL,10.7,2.0,2.2,6.5
9046,0.4861,0,NORMAL,10.8,3.0,10.9,11.9
9047,0.2182,0,NORMAL,10.7,2.1,2.2,6.5
9048,0.3076,0,NORMAL,10.7,1.9,2.3,6.5
9049,0.3068,0,NORMAL,10.7,1.6,2.2,6.5
9050,0.2065,0,NORMAL,10.7,1.6,2.2,6.3
9051,0.491,0,NORMAL,10.8,3.1,11.0,12.0
9052,0.2973,0,NORMAL,10.7,2.2,2.3,6.5
9053,0.1558,0,NORMAL,10.7,2.0,2.2,6.5
9054,1.0,0,WARNING,12.6,15.3,2.2,6.4
9055,0.2605,0,NORMAL,10.7,2.0,2.1,6.3
9056,0.4913,0,NORMAL,10.8,3.1,11.0,11.8
9057,0.2742,0,NORMAL,10.7,2.0,2.4,6.6
9058,0.1168,0,NORMAL,10.7,1.9,2.3,6.5
9059,0.2063,0,NORMAL,10.7,1.7,2.3,6.6
9060,0.164,0,NORMAL,10.7,1.6,2.2,6.4
9061,0.491,0,NORMAL,10.8,2.4,11.1,12.1
9062,0.3105,0,NORMAL,10.7,1.7,2.4,6.2
9063,0.1495,0,NORMAL,10.7,2.1,2.4,6.6
9064,1.0,0,ANOMALY,13.8,17.9,2.2,6.4
9065,0.2904,0,NORMAL,10.7,2.4,2.1,6.5
9066,0.4914,0,NORMAL,10.8,2.6,11.1,11.9
9067,0.2598,0,NORMAL,10.6,2.3,3.1,6.6
9068,0.1752,0,NORMAL,10.6,2.4,1.9,6.2
9069,0.232,0,NORMAL,10.6,1.3,1.9,6.3
9070,0.9902,0,WARNING,10.6,2.2,2.1,9.0
9071,0.4113,0,NORMAL,10.6,2.8,9.3,10.8
9072,0.2583,0,NORMAL,10.6,1.9,4.1,7.4
9073,0.2178,0,NORMAL,10.6,1.8,2.3,6.2
9074,1.0,0,ANOMALY,13.0,16.4,2.3,6.4
9075,0.2678,0,NORMAL,10.6,1.5,2.0,6.1
9076,0.2527,0,NORMAL,10.6,2.4,6.5,9.0
9077,0.2449,0,NORMAL,10.6,2.4,6.8,9.1
9078,0.1199,0,NORMAL,10.6,1.7,2.1,6.2
9079,0.307,0,NORMAL,10.7,2.7,2.1,6.2
9080,0.3066,0,NORMAL,10.6,1.8,2.1,6.1
9081,0.1819,0,NORMAL,10.6,2.1,4.0,7.4
9082,0.3927,0,NORMAL,10.5,2.3,8.7,10.6
9083,0.2453,0,NORMAL,10.5,1.8,2.1,6.4
9084,0.9964,0,WARNING,12.1,15.4,2.2,6.3
9085,0.2945,0,NORMAL,10.5,1.4,2.4,6.7
9086,0.1951,0,NORMAL,10.5,1.9,2.2,6.3
9087,0.4912,0,NORMAL,10.6,3.0,10.9,11.9
9088,0.3102,0,NORMAL,10.5,2.0,2.1,6.3
9089,0.2383,0,NORMAL,10.5,1.6,2.2,6.4
9090,0.2943,0,NORMAL,10.5,2.5,2.1,6.2
9091,0.1858,0,NORMAL,10.5,1.9,2.2,6.4
9092,0.491,0,NORMAL,10.6,2.4,11.1,12.2
9093,0.3282,0,NORMAL,10.6,2.4,2.2,6.7
9094,1.0,0,ANOMALY,13.1,16.9,2.1,6.8
9095,0.3869,0,NORMAL,10.6,1.8,2.2,6.5
9096,0.2163,0,NORMAL,10.6,2.0,2.3,6.7
9097,0.4913,0,NORMAL,10.7,3.2,11.0,12.2
9098,0.263,0,NORMAL,10.6,2.1,2.2,6.7
9099,0.1184,0,NORMAL,10.6,2.2,2.4,6.8
9100,0.9932,0,WARNING,10.6,2.4,2.4,9.5
9101,0.2763,0,NORMAL,10.7,1.6,2.3,6.8
9102,0.4857,0,NORMAL,10.8,3.0,11.0,12.1
9103,0.31,0,NORMAL,10.7,2.1,2.3,6.6
9104,1.0,0,ANOMALY,14.4,18.3,2.2,6.7
9105,0.2721,0,NORMAL,10.7,2.4,2.3,6.9
9106,0.1443,0,NORMAL,10.7,2.1,2.1,6.4
9107,0.4966,0,NORMAL,10.8,2.8,11.2,12.1
9108,0.2197,0,NORMAL,10.6,2.2,2.1,6.6
9109,0.1493,0,NORMAL,10.6,2.5,2.1,6.5
9110,0.269,0,NORMAL,10.6,1.6,2.0,6.3
9111,0.3065,0,NORMAL,10.6,1.7,2.1,6.5
9112,0.6904,0,WARNING,10.7,4.6,10.9,11.9
9113,0.3771,0,NORMAL,10.6,2.3,2.5,6.4
9114,1.0,0,ANOMALY,12.9,16.1,2.1,6.4
9115,0.2115,0,NORMAL,10.6,2.4,2.1,6.4
9116,0.1297,0,NORMAL,10.6,1.7,2.0,6.3
9117,0.4965,0,NORMAL,10.7,3.1,11.2,11.9
9118,0.2725,0,NORMAL,10.6,1.9,3.2,6.6
9119,0.3875,0,NORMAL,10.6,2.0,2.4,6.5
9120,0.2166,0,NORMAL,10.6,1.9,2.2,6.6
9121,0.8185,0,WARNING,10.7,3.3,2.2,6.7
9122,0.4234,0,NORMAL,10.7,2.5,9.7,11.2
9123,0.2742,0,NORMAL,10.5,2.2,4.0,7.5
9124,1.0,0,ANOMALY,13.6,17.4,2.2,6.6
9125,0.2961,0,NORMAL,10.6,2.1,2.1,6.5
9126,0.3067,0,NORMAL,10.6,2.1,2.1,6.5
9127,0.2448,0,NORMAL,10.6,2.9,6.5,9.2
9128,0.3085,0,NORMAL,10.5,2.4,7.1,9.3
9129,0.4642,0,NORMAL,10.5,3.2,2.2,6.4
9130,0.9913,0,WARNING,10.5,2.2,2.1,9.1
9131,0.2575,0,NORMAL,10.5,1.6,2.1,6.5
9132,0.2193,0,NORMAL,10.5,2.1,4.0,7.8
9133,0.3927,0,NORMAL,10.5,2.4,8.8,10.8
9134,1.0,0,ANOMALY,12.5,16.0,2.1,6.4
9135,0.3073,0,NORMAL,10.5,1.6,2.3,6.5
9136,0.1412,0,NORMAL,10.5,2.0,2.1,6.2
9137,0.1388,0,NORMAL,10.5,1.9,2.2,6.5
9138,0.4858,0,NORMAL,10.6,3.7,10.9,12.0
9139,0.284,0,NORMAL,10.6,2.5,2.1,6.5
9140,0.1183,0,NORMAL,10.6,2.3,2.1,6.4
9141,0.231,0,NORMAL,10.6,1.7,2.0,6.2
9142,0.3065,0,NORMAL,10.5,1.6,2.1,6.3
9143,0.4857,0,NORMAL,10.6,3.4,10.9,11.8
9144,1.0,0,ANOMALY,13.5,17.6,2.2,6.3
9145,0.3389,0,NORMAL,10.5,1.9,2.2,6.4
9146,0.162,0,NORMAL,10.5,1.6,2.1,6.3
9147,0.4007,0,NORMAL,10.5,2.6,2.2,6.6
9148,0.4964,0,NORMAL,10.6,3.3,11.2,12.1
9149,0.2809,0,NORMAL,10.5,2.4,2.2,6.4
9150,0.3873,0,NORMAL,10.5,2.0,2.2,6.4
9151,0.7424,0,WARNING,10.6,2.6,2.2,6.3
9152,0.1768,0,NORMAL,10.5,2.1,2.2,6.6
9153,0.491,0,NORMAL,10.6,3.2,11.0,12.0
9154,1.0,0,WARNING,12.4,15.8,2.1,6.3
9155,0.4865,0,NORMAL,10.6,2.5,2.1,6.4
9156,0.1466,0,NORMAL,10.5,2.0,2.1,6.2
9157,0.1341,0,NORMAL,10.5,1.5,2.1,6.2
9158,0.4805,0,NORMAL,10.7,3.4,10.8,11.8
9159,0.3101,0,NORMAL,10.6,1.7,2.2,6.4
9160,0.9947,0,WARNING,10.6,2.3,2.3,9.2
9161,0.2878,0,NORMAL,10.5,1.9,2.0,6.1
9162,0.2287,0,NORMAL,10.6,2.2,2.0,6.3
9163,0.5091,0,NORMAL,10.7,3.2,10.9,11.9
9164,1.0,0,ANOMALY,13.9,18.2,2.5,6.6
9165,0.7685,0,WARNING,10.7,2.8,2.1,6.5
9166,0.249,0,NORMAL,10.6,2.0,2.0,6.3
9167,0.9427,0,WARNING,10.8,4.3,2.1,6.3
9168,0.4859,0,NORMAL,10.7,3.4,10.9,11.9
9169,0.4323,0,NORMAL,10.7,2.3,2.9,6.3
9170,0.3026,0,NORMAL,10.6,2.1,2.2,6.4
9171,0.2808,0,NORMAL,10.6,1.5,2.9,6.8
9172,0.2079,0,NORMAL,10.6,2.1,3.0,7.0
9173,0.4583,0,NORMAL,10.7,2.5,10.3,11.4
9174,0.9971,0,WARNING,11.8,14.7,6.2,8.0
9175,0.3084,0,NORMAL,10.6,1.4,2.5,6.4
9176,0.1444,0,NORMAL,10.6,1.8,2.2,6.3
9177,0.1298,0,NORMAL,10.6,1.5,2.1,6.5
9178,0.2525,0,NORMAL,10.6,2.1,6.6,9.3
9179,0.2447,0,NORMAL,10.6,2.3,6.9,9.1
9180,0.1719,0,NORMAL,10.6,1.6,2.1,6.3
9181,0.2195,0,NORMAL,10.6,1.4,2.3,6.3
9182,0.2091,0,NORMAL,10.6,1.5,2.2,6.6
9183,0.3067,0,NORMAL,10.6,2.5,3.9,7.3
9184,1.0,0,ANOMALY,14.2,19.3,8.9,10.7
9185,0.5215,0,NORMAL,10.6,1.8,2.1,6.3
9186,0.2501,0,NORMAL,10.6,2.2,2.2,6.3
9187,0.1353,0,NORMAL,10.6,2.0,2.0,6.4
9188,0.1306,0,NORMAL,10.6,2.0,2.5,6.7
9189,0.4911,0,NORMAL,10.7,3.1,10.9,11.9
9190,0.9958,0,WARNING,10.6,1.9,2.5,9.3
9191,0.3485,0,NORMAL,10.6,2.0,2.3,6.5
9192,0.4638,0,NORMAL,10.6,2.6,2.3,6.6
9193,0.1807,0,NORMAL,10.6,1.5,2.3,6.7
9194,1.0,0,ANOMALY,12.7,17.2,11.0,11.8
9195,0.4195,0,NORMAL,10.6,1.5,2.3,6.5
9196,0.2398,0,NORMAL,10.6,2.1,2.0,6.2
9197,0.2579,0,NORMAL,10.6,2.3,2.1,6.2
9198,0.4707,0,NORMAL,10.7,2.6,1.9,6.1
9199,0.4911,0,NORMAL,10.7,3.7,11.0,11.9
9200,0.28,0,NORMAL,10.7,2.8,2.2,6.3
9201,0.4001,0,NORMAL,10.7,2.4,2.3,6.3
9202,0.1559,0,NORMAL,10.7,1.8,2.1,6.3
9203,0.1861,0,NORMAL,10.6,1.8,2.1,6.3
9204,1.0,0,ANOMALY,15.4,21.1,11.1,11.9
9205,0.6093,0,WARNING,10.6,2.5,2.3,6.2
9206,0.3075,0,NORMAL,10.6,2.1,2.3,6.4
9207,0.1917,0,NORMAL,10.5,2.4,2.6,6.6
9208,0.2628,0,NORMAL,10.6,1.3,2.4,6.6
9209,0.4964,0,NORMAL,10.7,2.2,9.8,11.6
9210,0.2162,0,NORMAL,10.6,1.6,2.8,6.4
9211,0.1258,0,NORMAL,10.6,1.5,2.4,6.2
9212,0.2076,0,NORMAL,10.6,1.6,2.5,6.5
9213,0.2164,0,NORMAL,10.6,1.8,2.4,6.2
9214,1.0,0,ANOMALY,12.7,16.7,10.1,11.4
9215,0.4243,0,NORMAL,10.5,2.3,4.0,6.2
9216,0.2119,0,NORMAL,10.6,1.6,2.3,6.2
9217,0.1296,0,NORMAL,10.6,2.0,2.3,6.4
9218,0.1695,0,NORMAL,10.5,1.6,2.3,6.4
9219,0.5119,0,NORMAL,10.7,2.6,10.2,11.8
9220,0.9963,0,WARNING,10.6,1.8,3.9,9.2
9221,0.3554,0,NORMAL,10.6,1.9,2.5,6.3
9222,0.1463,0,NORMAL,10.6,2.0,2.3,6.3
9223,0.2633,0,NORMAL,10.6,1.1,2.4,6.2
9224,1.0,0,ANOMALY,14.1,18.3,8.5,10.5
9225,0.444,0,NORMAL,10.6,2.4,4.9,6.9
9226,0.2776,0,NORMAL,10.6,2.0,2.2,6.3
9227,0.1275,0,NORMAL,10.6,2.1,2.2,6.2
9228,1.0,0,ANOMALY,10.6,1.8,2.2,8.6
9229,0.3068,0,NORMAL,10.6,1.8,6.3,9.0
9230,0.3084,0,NORMAL,10.6,2.1,6.0,8.5
9231,0.152,0,NORMAL,10.6,1.8,2.4,6.1
9232,0.138,0,NORMAL,10.6,2.0,2.6,6.5
9233,0.32,0,NORMAL,10.6,2.0,2.3,6.3
9234,1.0,0,ANOMALY,14.1,18.5,3.9,7.2
9235,0.4119,0,NORMAL,10.6,2.5,8.3,10.2
9236,0.2741,0,NORMAL,10.6,1.6,2.3,6.0
9237,0.1453,0,NORMAL,10.6,2.2,2.3,6.3
9238,0.3867,0,NORMAL,10.6,2.0,2.2,5.9
9239,0.1425,0,NORMAL,10.6,2.3,2.1,6.0
9240,0.4911,0,NORMAL,10.7,1.9,9.1,11.0
9241,0.2127,0,NORMAL,10.6,1.9,2.3,6.0
9242,0.8051,0,WARNING,10.8,3.2,2.2,6.1
9243,0.2385,0,NORMAL,10.6,1.5,2.2,6.2
9244,0.9969,0,WARNING,11.6,13.7,2.1,6.0
9245,0.4914,0,NORMAL,10.6,2.4,9.4,10.9
9246,0.2297,0,NORMAL,10.6,1.4,2.1,5.7
9247,0.1171,0,NORMAL,10.6,2.2,2.0,5.8
9248,0.8776,0,WARNING,10.8,3.1,2.0,5.9
9249,0.2005,0,NORMAL,10.6,2.2,2.1,5.9
9250,0.9984,0,WARNING,10.7,1.8,9.6,14.2
9251,0.5115,0,NORMAL,10.6,1.4,2.0,5.8
9252,0.157,0,NORMAL,10.6,2.3,2.0,5.9
9253,0.3066,0,NORMAL,10.6,1.4,2.1,5.7
9254,1.0,0,ANOMALY,14.1,18.6,2.1,5.7
9255,0.4915,0,NORMAL,10.7,3.2,9.5,11.1
9256,0.2368,0,NORMAL,10.6,1.8,2.1,5.8
9257,0.151,0,NORMAL,10.6,2.0,2.2,6.0
9258,0.1495,0,NORMAL,10.7,1.8,2.2,5.8
9259,0.1451,0,NORMAL,10.6,2.1,1.9,5.8
9260,0.4963,0,NORMAL,10.7,2.1,9.5,10.9
9261,0.3095,0,NORMAL,10.6,1.9,2.0,5.7
9262,0.1681,0,NORMAL,10.6,1.4,2.1,5.7
9263,0.1971,0,NORMAL,10.6,1.6,2.1,5.7
9264,0.9967,0,WARNING,11.3,12.7,2.0,5.7
9265,0.4913,0,NORMAL,10.8,2.3,9.6,11.1
9266,0.2721,0,NORMAL,10.7,1.5,2.3,5.7
9267,0.4462,0,NORMAL,10.7,1.8,2.3,6.0
9268,0.3601,0,NORMAL,10.7,1.9,2.1,5.7
9269,0.3865,0,NORMAL,10.7,1.7,2.1,5.8
9270,0.4857,0,NORMAL,10.7,2.3,9.3,10.8
9271,0.2225,0,NORMAL,10.7,1.5,2.6,5.7
9272,0.21,0,NORMAL,10.7,2.0,1.9,5.5
9273,0.2159,0,NORMAL,10.7,1.9,2.7,6.1
9274,1.0,0,ANOMALY,15.5,20.4,2.8,6.1
9275,0.537,0,NORMAL,10.8,2.7,10.7,11.5
9276,0.3143,0,NORMAL,10.6,1.5,4.5,5.7
9277,0.2171,0,NORMAL,10.7,1.8,2.1,5.4
9278,0.216,0,NORMAL,10.6,1.5,2.1,5.4
9279,0.2676,0,NORMAL,10.7,2.2,2.0,5.6
9280,0.9947,0,WARNING,10.7,2.7,6.6,11.5
9281,0.3959,0,NORMAL,10.7,2.5,5.3,7.2
9282,0.1271,0,NORMAL,10.7,1.8,2.0,5.4
9283,0.147,0,NORMAL,10.7,1.9,1.8,5.2
9284,0.9964,0,WARNING,12.0,14.7,1.8,5.2
9285,0.3062,0,NORMAL,10.7,1.4,3.6,6.4
9286,0.3802,0,NORMAL,10.7,1.9,7.1,9.2
9287,0.1416,0,NORMAL,10.7,1.5,1.9,5.4
9288,0.1177,0,NORMAL,10.7,1.6,1.7,5.2
9289,0.1469,0,NORMAL,10.7,1.3,1.8,5.2
9290,0.1845,0,NORMAL,10.7,2.1,1.8,5.1
9291,0.5796,0,NORMAL,10.7,2.6,9.0,10.3
9292,0.24,0,NORMAL,10.7,1.6,1.9,5.3
9293,0.8754,0,WARNING,10.8,2.6,1.8,5.1
9294,1.0,0,ANOMALY,13.1,16.7,1.8,5.1
9295,0.2411,0,NORMAL,10.7,2.0,1.6,5.0
9296,0.4806,0,NORMAL,10.6,1.9,9.3,10.5
9297,0.7681,0,WARNING,8.2,4.5,2.0,5.6
9298,0.9396,0,WARNING,6.1,6.0,1.7,5.1
9299,0.2247,0,NORMAL,5.4,1.5,1.8,5.0
9300,0.3861,0,NORMAL,5.4,1.8,1.8,4.8
9301,0.491,0,NORMAL,5.4,2.1,9.5,10.2
9302,0.2057,0,NORMAL,5.4,1.6,1.7,4.9
9303,0.1976,0,NORMAL,5.4,1.7,1.6,4.8
9304,1.0,0,ANOMALY,8.8,18.0,1.6,4.8
9305,0.3034,0,NORMAL,5.4,1.8,1.6,4.8
9306,0.4806,0,NORMAL,5.4,2.2,9.3,10.0
9307,0.1946,0,NORMAL,5.4,2.0,1.7,4.8
9308,0.307,0,NORMAL,5.4,1.6,1.7,4.7
9309,0.3862,0,NORMAL,5.4,1.9,1.7,4.6
9310,0.9984,0,WARNING,5.4,1.8,1.7,7.8
9311,0.4803,0,NORMAL,5.4,2.4,9.3,9.9
9312,0.2551,0,NORMAL,5.4,2.1,1.7,4.7
9313,0.2027,0,NORMAL,5.4,1.7,1.7,4.7
9314,1.0,0,ANOMALY,9.8,19.6,1.7,4.7
9315,0.3369,0,NORMAL,5.4,1.7,1.5,4.5
9316,0.4806,0,NORMAL,5.4,1.9,9.3,9.8
9317,0.9999,0,WARNING,5.3,2.0,1.5,4.5
9318,0.2812,0,NORMAL,5.4,1.0,1.6,4.6
9319,0.2158,0,NORMAL,5.4,1.9,1.6,4.6
9320,0.2254,0,NORMAL,5.4,2.5,1.8,4.5
9321,0.4803,0,NORMAL,5.5,2.2,9.2,9.8
9322,0.2401,0,NORMAL,5.4,2.0,2.3,4.5
9323,0.2162,0,NORMAL,5.4,1.7,1.5,4.4
9324,0.9965,0,WARNING,6.4,13.1,2.0,5.4
9325,0.4142,0,NORMAL,6.0,2.4,3.8,7.3
9326,0.5612,0,NORMAL,6.3,3.0,11.9,12.6
9327,0.5767,0,NORMAL,6.2,2.8,5.0,8.2
9328,0.5718,0,NORMAL,6.2,2.6,3.3,6.9
9329,0.5502,0,NORMAL,6.2,1.7,1.7,4.3
9330,0.5082,0,NORMAL,6.1,1.8,1.6,4.4
9331,0.4679,0,NORMAL,6.1,1.6,6.2,7.4
9332,0.4429,0,NORMAL,6.0,2.0,5.0,6.3
9333,0.4323,0,NORMAL,6.0,1.9,1.5,4.3
9334,1.0,0,ANOMALY,10.6,20.0,1.6,4.4
9335,0.4167,0,NORMAL,6.0,1.6,1.5,4.3
9336,0.3923,0,NORMAL,6.0,1.5,3.5,5.6
9337,0.3802,0,NORMAL,6.0,2.3,6.9,8.3
9338,0.3639,0,NORMAL,5.9,1.4,1.5,4.2
9339,0.331,0,NORMAL,5.9,1.7,1.5,4.2
9340,0.9988,0,WARNING,5.9,2.1,1.6,7.4
9341,0.2946,0,NORMAL,5.9,1.6,1.5,4.1
9342,0.4802,0,NORMAL,5.8,2.5,9.1,9.4
9343,0.2363,0,NORMAL,5.8,1.7,1.7,4.6
9344,0.9967,0,WARNING,6.7,13.4,2.0,4.7
9345,0.3045,0,NORMAL,5.9,2.1,2.5,6.7
9346,0.4945,0,NORMAL,6.1,2.2,3.1,7.8
9347,0.5027,0,NORMAL,6.1,2.0,10.1,10.2
9348,0.9999,0,WARNING,6.0,1.8,2.0,4.0
9349,0.4589,0,NORMAL,6.1,1.8,1.5,4.1
9350,0.4311,0,NORMAL,6.0,1.4,1.4,4.1
9351,0.764,0,WARNING,6.2,2.5,1.5,4.1
9352,0.4803,0,NORMAL,6.0,2.9,9.3,9.5
9353,0.3694,0,NORMAL,6.0,1.3,1.4,4.1
9354,1.0,0,ANOMALY,10.0,19.2,1.4,4.1
9355,0.3859,0,NORMAL,5.9,1.9,1.4,3.9
9356,0.2978,0,NORMAL,5.9,1.2,1.3,3.9
9357,0.4751,0,NORMAL,5.9,2.5,9.3,9.4
9358,0.2513,0,NORMAL,5.9,1.4,1.4,4.0
9359,0.2144,0,NORMAL,5.8,1.9,1.5,4.1
9360,0.2236,0,NORMAL,5.8,1.7,1.5,4.0
9361,0.2313,0,NORMAL,5.8,1.7,1.4,4.0
9362,0.4802,0,NORMAL,5.8,2.3,9.4,9.4
9363,0.2338,0,NORMAL,5.8,1.3,1.4,3.9
9364,0.9963,0,WARNING,6.4,12.6,1.4,3.9
9365,0.9999,0,WARNING,5.6,1.8,1.3,4.0
9366,0.2331,0,NORMAL,5.7,2.0,1.3,3.9
9367,0.4858,0,NORMAL,5.9,2.3,9.8,10.0
9368,0.4326,0,NORMAL,6.1,2.5,2.8,6.3
9369,0.538,0,NORMAL,6.2,1.8,2.6,7.3
9370,0.9967,0,WARNING,6.3,2.2,3.5,10.1
9371,0.5742,0,NORMAL,6.3,1.6,2.0,4.1
9372,0.5609,0,NORMAL,6.3,2.2,9.7,9.7
9373,0.5417,0,NORMAL,6.2,2.5,2.3,4.4
9374,1.0,0,ANOMALY,11.1,19.9,1.4,4.1
9375,0.4909,0,NORMAL,6.2,2.2,1.3,3.8
9376,0.4692,0,NORMAL,6.2,1.6,1.3,4.0
9377,0.4697,0,NORMAL,6.1,2.6,9.2,9.2
9378,0.3999,0,NORMAL,6.1,1.3,1.9,4.0
9379,0.3865,0,NORMAL,6.0,1.8,1.5,4.3
9380,0.33,0,NORMAL,6.0,1.9,1.4,3.9
9381,0.3093,0,NORMAL,6.0,1.7,1.4,3.9
9382,0.2974,0,NORMAL,6.0,1.8,6.3,7.1
9383,0.2412,0,NORMAL,5.9,2.5,4.9,6.0
9384,0.9965,0,WARNING,6.7,13.2,1.4,3.9
9385,0.2196,0,NORMAL,5.9,2.2,1.4,3.9
9386,0.2266,0,NORMAL,5.8,1.4,1.4,3.8
9387,0.2335,0,NORMAL,5.8,1.9,3.3,5.1
9388,0.3669,0,NORMAL,5.8,2.0,7.0,7.7
9389,0.2248,0,NORMAL,5.8,1.5,1.3,3.8
9390,0.2303,0,NORMAL,5.8,1.6,1.3,3.8
9391,0.3288,0,NORMAL,6.0,1.9,2.7,5.9
9392,0.8799,0,WARNING,6.5,3.4,2.8,5.3
9393,0.5726,0,NORMAL,6.4,3.0,11.2,10.5
9394,1.0,0,ANOMALY,10.9,19.9,1.7,3.7
9395,0.9999,0,WARNING,6.2,1.6,1.3,3.6
9396,0.9999,0,WARNING,6.2,1.6,1.3,3.6
9397,0.9999,0,WARNING,6.2,1.7,1.2,3.7
9398,0.5158,0,NORMAL,6.3,2.2,9.2,8.9
9399,0.5088,0,NORMAL,6.3,1.6,1.2,3.6
9400,0.9995,0,WARNING,6.3,2.4,1.4,7.1
9401,0.4779,0,NORMAL,6.2,1.6,1.3,3.6
9402,0.4616,0,NORMAL,6.2,2.0,1.3,3.6
9403,0.4748,0,NORMAL,6.2,2.2,9.3,8.9
9404,0.9963,0,WARNING,6.9,12.7,1.3,3.7
9405,0.4732,0,NORMAL,6.3,2.7,1.9,4.8
9406,0.5609,0,NORMAL,6.5,2.8,5.5,5.9
9407,0.6648,0,WARNING,6.6,3.1,6.8,6.4
9408,0.7534,0,WARNING,6.7,3.5,15.3,11.8
9409,0.644,0,WARNING,6.6,3.1,8.5,6.2
9410,0.8873,0,WARNING,7.0,7.2,7.0,6.1
9411,0.6711,0,WARNING,6.6,3.3,7.1,6.1
9412,0.6577,0,WARNING,6.6,3.5,7.1,6.3
9413,0.6756,0,WARNING,6.7,3.4,13.8,11.3
9414,1.0,0,ANOMALY,9.2,16.4,3.5,3.6
9415,0.9999,0,WARNING,6.4,1.8,1.3,3.7
9416,0.9999,0,WARNING,6.3,1.7,1.1,3.6
9417,0.9999,0,WARNING,6.3,2.1,1.2,3.5
9418,0.5606,0,NORMAL,6.4,2.6,9.3,8.9
9419,0.9999,0,WARNING,6.2,1.4,1.2,3.5
9420,0.9999,0,WARNING,6.2,1.4,1.1,3.4
9421,0.9999,0,WARNING,6.2,1.2,1.2,3.4
9422,0.4661,0,NORMAL,6.2,1.8,1.2,3.5
9423,0.4748,0,NORMAL,6.2,2.5,9.3,9.0
9424,0.9961,0,WARNING,7.3,13.6,1.9,3.5
9425,0.9999,0,WARNING,6.1,1.8,1.1,3.4
9426,0.4513,0,NORMAL,6.2,1.7,1.2,3.4
9427,0.4399,0,NORMAL,6.2,1.3,1.3,3.6
9428,0.4639,0,NORMAL,6.2,2.6,9.1,8.7
9429,0.4038,0,NORMAL,6.2,2.1,2.0,3.7
9430,0.9999,0,WARNING,6.0,1.8,1.3,6.3
9431,0.9999,0,WARNING,6.0,1.4,1.2,3.5
9432,0.9999,0,WARNING,6.0,1.6,1.2,3.5
9433,0.3403,0,NORMAL,6.1,1.7,6.1,6.8
9434,1.0,0,ANOMALY,8.0,15.8,4.8,5.5
9435,0.9999,0,WARNING,5.9,1.8,1.2,3.4
9436,0.9999,0,WARNING,5.9,1.8,1.2,3.5
9437,0.9999,0,WARNING,5.9,1.2,1.3,3.8
9438,0.9999,0,WARNING,5.9,1.3,1.5,5.4
9439,0.3391,0,NORMAL,5.9,1.6,1.6,6.1
9440,0.5381,0,NORMAL,6.0,1.5,1.9,6.6
9441,0.3389,0,NORMAL,6.0,2.2,2.0,5.6
9442,0.277,0,NORMAL,6.0,2.5,1.4,3.4
9443,0.3925,0,NORMAL,6.0,2.3,7.9,7.7
9444,0.9963,0,WARNING,6.7,13.4,3.1,4.5
9445,0.9999,0,WARNING,5.9,1.4,1.2,3.4
9446,0.9999,0,WARNING,5.8,1.5,1.2,3.6
9447,0.9999,0,WARNING,5.8,1.4,1.2,3.5
9448,0.2499,0,NORMAL,5.9,2.0,5.6,7.6
9449,0.4473,0,NORMAL,5.9,2.3,6.1,8.8
9450,0.9999,0,WARNING,5.8,1.5,1.8,5.2
9451,0.9999,0,WARNING,5.7,1.5,1.3,3.2
9452,0.9999,0,WARNING,5.7,1.4,1.2,3.3
9453,0.2494,0,NORMAL,5.8,1.3,2.2,4.0
9454,0.9966,0,WARNING,7.3,15.5,8.0,8.0
9455,0.9999,0,WARNING,5.7,1.9,1.1,3.3
9456,0.9999,0,WARNING,5.7,1.5,1.1,3.2
9457,0.9999,0,WARNING,5.7,1.4,1.2,3.4
9458,0.9999,0,WARNING,5.8,1.4,1.0,3.2
9459,0.4693,0,NORMAL,5.8,2.6,9.4,8.6
9460,0.9999,0,WARNING,5.7,0.9,1.2,6.1
9461,0.9999,0,WARNING,5.7,1.4,1.1,3.3
9462,0.2785,0,NORMAL,5.8,1.7,1.1,3.3
9463,0.9999,0,WARNING,5.7,1.4,1.2,3.3
9464,1.0,0,WARNING,7.7,16.9,9.6,8.7
9465,0.9999,0,WARNING,5.7,1.9,1.1,3.2
9466,0.9999,0,WARNING,5.7,1.2,1.2,3.3
9467,0.9999,0,WARNING,5.7,2.0,1.2,4.6
9468,0.2491,0,NORMAL,5.8,1.8,1.6,5.4
9469,0.4749,0,NORMAL,5.8,2.7,9.6,9.5
9470,0.527,0,NORMAL,5.9,3.9,1.2,3.2
9471,0.9999,0,WARNING,5.7,1.8,1.1,3.2
9472,0.9999,0,WARNING,5.6,1.6,1.1,3.2
9473,0.9999,0,WARNING,5.7,1.1,1.1,3.2
9474,0.9965,0,WARNING,6.6,13.5,9.4,8.5
9475,0.9999,0,WARNING,5.8,2.0,1.1,3.2
9476,0.9999,0,WARNING,5.7,2.0,1.1,3.1
9477,0.9999,0,WARNING,5.7,1.5,1.1,3.3
9478,0.9999,0,WARNING,5.6,1.6,0.9,3.2
9479,0.4693,0,NORMAL,5.8,3.0,9.4,8.6
9480,0.9999,0,WARNING,5.7,3.0,0.9,3.5
9481,0.3066,0,NORMAL,5.8,2.1,1.3,4.4
9482,0.3077,0,NORMAL,5.8,1.7,1.3,4.5
9483,0.3199,0,NORMAL,5.8,2.1,1.3,4.3
9484,1.0,0,ANOMALY,7.8,16.6,9.6,9.7
9485,0.9999,0,WARNING,5.7,1.6,1.6,4.5
9486,0.3314,0,NORMAL,5.8,1.6,1.3,4.4
9487,0.3051,0,NORMAL,5.8,1.5,1.1,3.8
9488,0.9999,0,WARNING,5.7,1.6,1.0,3.1
9489,0.4694,0,NORMAL,5.8,2.4,9.3,8.3
9490,0.9999,0,WARNING,5.7,2.2,1.9,6.1
9491,0.9999,0,WARNING,5.7,1.5,1.1,3.1
9492,0.3062,0,NORMAL,5.8,1.2,1.0,3.1
9493,0.9999,0,WARNING,5.7,1.8,1.0,3.1
9494,0.9964,0,WARNING,7.2,15.2,8.1,7.6
9495,0.9999,0,WARNING,5.7,1.9,2.5,3.9
9496,0.9999,0,WARNING,5.7,1.3,1.0,3.1
9497,0.9999,0,WARNING,5.7,1.0,1.1,3.1
9498,0.9999,0,WARNING,5.7,1.7,1.0,2.9
9499,0.3531,0,NORMAL,5.8,2.4,5.0,5.7
9500,0.3083,0,NORMAL,5.8,2.2,5.7,5.8
9501,0.9999,0,WARNING,5.7,1.3,1.0,3.1
9502,0.2503,0,NORMAL,5.8,2.0,1.0,3.0
9503,0.2508,0,NORMAL,5.8,1.4,1.1,3.0
9504,0.9997,0,WARNING,7.5,15.0,2.2,3.7
9505,0.4116,0,NORMAL,5.8,2.4,7.9,7.6
9506,0.9999,0,WARNING,5.7,1.6,0.9,2.9
9507,0.9999,0,WARNING,5.7,1.2,1.0,3.0
9508,0.6027,0,WARNING,5.8,2.9,0.9,3.0
9509,0.9999,0,WARNING,5.7,1.7,1.0,3.0
9510,0.4748,0,NORMAL,5.8,2.6,9.5,8.4
9511,0.9999,0,WARNING,5.7,1.3,1.0,3.0
9512,0.9999,0,WARNING,5.7,1.5,1.0,3.0
9513,0.9999,0,WARNING,5.7,1.5,0.9,2.8
9514,0.9957,0,WARNING,6.7,12.9,1.1,2.9
9515,0.4805,0,NORMAL,5.8,3.0,9.6,8.5
9516,0.9999,0,WARNING,5.7,1.2,1.0,3.0
9517,0.9999,0,WARNING,5.7,1.3,1.0,3.0
9518,0.9999,0,WARNING,6.0,3.1,1.0,2.9
9519,0.9999,0,WARNING,5.7,1.7,0.9,3.0
9520,0.9902,0,WARNING,5.8,3.3,9.5,11.1
9521,0.9999,0,WARNING,5.7,1.3,1.0,3.1
9522,0.2165,0,NORMAL,5.8,1.4,0.9,2.8
9523,0.9999,0,WARNING,5.7,1.8,1.0,3.0
9524,1.0,0,WARNING,7.5,14.7,1.0,3.0
9525,0.4752,0,NORMAL,5.8,2.5,9.6,8.3
9526,0.9999,0,WARNING,5.7,1.4,1.0,2.9
9527,0.9999,0,WARNING,5.7,1.8,1.0,3.0
9528,0.9999,0,WARNING,5.7,1.4,0.9,2.9
9529,0.9999,0,WARNING,5.7,1.7,0.8,2.8
9530,0.4693,0,NORMAL,5.8,2.3,9.4,8.4
9531,0.9999,0,WARNING,5.7,1.8,0.9,2.9
9532,0.9999,0,WARNING,5.7,1.5,0.9,2.9
9533,0.9999,0,WARNING,5.7,1.6,1.0,2.9
9534,0.9999,0,WARNING,7.1,14.2,1.0,2.9
9535,0.4696,0,NORMAL,5.8,2.9,9.5,8.3
9536,0.9999,0,WARNING,5.7,2.0,1.1,2.8
9537,0.9999,0,WARNING,5.7,1.4,1.0,2.9
9538,0.9999,0,WARNING,5.7,1.6,0.9,2.9
9539,0.9999,0,WARNING,5.7,1.8,0.9,2.9
9540,0.4693,0,NORMAL,5.8,2.1,9.5,8.2
9541,0.9999,0,WARNING,5.7,1.8,1.9,3.0
9542,0.9999,0,WARNING,6.0,4.2,1.0,2.9
9543,0.9999,0,WARNING,5.8,2.2,0.9,2.9
9544,1.0,0,ANOMALY,7.8,15.0,0.9,2.8
9545,0.3334,0,NORMAL,5.8,2.5,6.9,6.5
9546,0.2233,0,NORMAL,5.8,2.2,3.9,4.5
9547,0.9999,0,WARNING,5.7,1.2,0.9,2.8
9548,0.9999,0,WARNING,5.7,1.8,0.9,2.9
9549,0.9999,0,WARNING,5.7,1.6,0.9,2.9
9550,0.9977,0,WARNING,5.8,2.2,4.7,8.2
9551,0.4089,0,NORMAL,5.8,1.9,6.2,5.9
9552,0.9999,0,WARNING,5.7,1.4,1.0,2.9
9553,0.9999,0,WARNING,5.7,1.6,0.8,2.7
9554,1.0,0,ANOMALY,8.2,15.9,1.0,3.1
9555,0.227,0,NORMAL,5.8,2.0,2.0,3.6
9556,0.4176,0,NORMAL,5.8,2.8,8.1,7.6
9557,0.9999,0,WARNING,5.7,1.4,1.0,2.9
9558,0.9999,0,WARNING,5.7,1.6,0.9,2.9
9559,0.9999,0,WARNING,5.7,1.9,0.9,2.9
9560,0.9999,0,WARNING,5.7,1.6,0.9,2.8
9561,0.4692,0,NORMAL,5.9,2.3,9.5,8.2
9562,0.2592,0,NORMAL,5.8,1.3,1.0,3.4
9563,0.2311,0,NORMAL,5.9,2.1,1.3,3.6
9564,0.9967,0,WARNING,7.0,14.1,1.0,3.4
9565,0.9999,0,WARNING,5.8,1.9,1.0,3.9
9566,0.4696,0,NORMAL,5.8,2.7,9.6,8.9
9567,0.9999,0,WARNING,5.7,2.2,1.0,3.5
9568,0.9999,0,WARNING,5.7,1.2,1.0,3.4
9569,0.9999,0,WARNING,5.7,1.8,1.1,3.6
9570,0.9999,0,WARNING,5.7,2.2,0.9,3.5
9571,0.4748,0,NORMAL,5.8,3.1,9.8,8.9
9572,0.2792,0,NORMAL,5.8,1.6,1.1,3.5
9573,0.2169,0,NORMAL,5.8,1.4,1.0,3.3
9574,1.0,0,ANOMALY,9.1,17.7,1.0,3.5
9575,0.9999,0,WARNING,5.7,2.0,1.0,3.4
9576,0.4696,0,NORMAL,5.8,2.8,9.8,8.7
9577,0.9999,0,WARNING,5.7,1.7,1.2,3.5
9578,0.9999,0,WARNING,5.7,1.7,1.0,3.6
9579,0.9999,0,WARNING,5.7,1.5,1.2,3.7
9580,0.998,0,WARNING,5.8,1.9,1.2,6.4
9581,0.4748,0,NORMAL,5.8,3.4,10.0,9.0
9582,0.9999,0,WARNING,5.7,1.8,0.9,3.8
9583,0.2163,0,NORMAL,5.8,2.2,0.9,3.6
9584,1.0,0,ANOMALY,7.9,15.7,1.1,3.3
9585,0.2467,0,NORMAL,5.8,2.1,1.0,3.4
9586,0.4751,0,NORMAL,5.9,2.5,9.8,9.3
9587,0.9999,0,WARNING,5.8,1.7,1.7,3.7
9588,0.9999,0,WARNING,5.9,2.8,1.4,3.5
9589,0.5433,0,NORMAL,6.0,2.3,1.5,3.5
9590,0.9999,0,WARNING,5.9,2.1,1.1,3.5
9591,0.4693,0,NORMAL,5.9,2.3,9.7,8.7
9592,0.9999,0,WARNING,5.8,2.2,2.3,3.6
9593,0.9999,0,WARNING,5.8,1.6,1.2,3.2
9594,1.0,0,ANOMALY,9.7,18.4,1.4,3.5
9595,0.9999,0,WARNING,5.8,2.1,1.2,3.3
9596,0.3403,0,NORMAL,5.9,2.6,7.3,7.3
9597,0.2163,0,NORMAL,5.9,2.0,4.1,5.5
9598,0.2026,0,NORMAL,5.9,1.7,1.3,4.0
9599,0.2163,0,NORMAL,5.8,1.6,1.9,3.8
9600,0.3062,0,NORMAL,5.8,1.7,1.7,3.5
9601,0.2762,0,NORMAL,5.8,2.5,4.9,6.1
9602,0.3261,0,NORMAL,5.8,2.5,7.5,6.9
9603,0.9999,0,WARNING,5.7,2.2,1.5,3.6
9604,1.0,0,ANOMALY,9.4,18.5,1.5,3.5
9605,0.9999,0,WARNING,5.7,2.2,1.2,3.4
9606,0.2156,0,NORMAL,5.8,1.8,2.3,4.6
9607,0.4355,0,NORMAL,5.8,3.0,9.2,8.6
9608,0.4692,0,NORMAL,5.9,2.6,2.0,3.9
9609,0.9999,0,WARNING,5.7,2.0,1.1,3.4
9610,0.9958,0,WARNING,5.9,1.7,1.4,6.5
9611,0.2585,0,NORMAL,5.9,1.8,1.5,4.4
9612,0.5117,0,NORMAL,5.9,3.1,10.9,12.3
9613,0.2973,0,NORMAL,5.9,1.8,2.6,5.3
9614,1.0,0,ANOMALY,8.4,16.4,1.4,3.7
9615,0.9999,0,WARNING,5.8,2.1,1.5,3.7
9616,0.2149,0,NORMAL,5.9,1.6,2.4,3.9
9617,0.5381,0,NORMAL,5.9,3.1,11.4,12.0
9618,0.9999,0,WARNING,5.8,2.4,2.1,6.2
9619,0.7301,0,WARNING,5.9,1.7,2.3,7.6
9620,0.6139,0,WARNING,5.9,2.0,2.7,7.1
9621,0.211,0,NORMAL,5.9,1.6,2.5,5.5
9622,0.5118,0,NORMAL,5.9,3.1,11.2,11.6
9623,0.5773,0,NORMAL,6.0,2.0,3.6,6.6
9624,1.0,0,ANOMALY,8.1,16.6,2.4,6.6
9625,0.1952,0,NORMAL,5.9,2.4,2.0,3.7
9626,0.9999,0,WARNING,5.8,1.2,1.3,3.5
9627,0.486,0,NORMAL,5.9,2.3,10.1,9.1
9628,0.9999,0,WARNING,5.8,1.7,1.2,3.3
9629,0.1842,0,NORMAL,5.9,1.6,1.2,3.6
9630,0.9999,0,WARNING,5.8,2.3,1.2,3.5
9631,0.9999,0,WARNING,5.8,1.2,0.9,3.8
9632,0.4748,0,NORMAL,5.9,2.8,10.0,9.4
9633,0.5774,0,NORMAL,5.9,1.9,1.8,6.4
9634,1.0,0,ANOMALY,8.4,16.3,2.2,6.6
9635,0.3945,0,NORMAL,6.0,1.8,2.6,6.4
9636,0.5774,0,NORMAL,5.9,1.5,2.4,6.7
9637,0.5017,0,NORMAL,6.0,2.7,10.8,9.9
9638,0.9999,0,WARNING,5.9,1.1,3.2,3.8
9639,0.3859,0,NORMAL,6.0,1.3,1.7,3.5
9640,0.9999,0,WARNING,5.9,1.5,1.3,6.5
9641,0.9999,0,WARNING,5.9,1.3,1.2,3.4
9642,0.4638,0,NORMAL,6.0,2.5,9.8,8.8
9643,0.9999,0,WARNING,5.9,1.8,1.8,3.6
9644,1.0,0,ANOMALY,9.7,18.5,1.0,3.6
9645,0.9999,0,WARNING,5.9,1.3,1.0,3.5
9646,0.9999,0,WARNING,5.9,1.1,0.9,3.3
9647,0.3263,0,NORMAL,6.0,2.6,7.1,7.1
9648,0.3878,0,NORMAL,6.0,2.6,4.9,7.0
9649,0.5775,0,NORMAL,6.0,2.0,2.5,7.1
9650,0.6138,0,WARNING,6.0,1.9,2.4,6.9
9651,0.3103,0,NORMAL,6.0,1.4,2.9,5.7
9652,0.3799,0,NORMAL,6.1,2.3,8.2,8.2
9653,0.4641,0,NORMAL,6.3,2.7,10.4,9.1
9654,1.0,0,ANOMALY,8.6,16.1,3.9,6.1
9655,0.307,0,NORMAL,6.2,1.5,4.0,5.8
9656,0.2427,0,NORMAL,6.2,1.7,2.2,4.5
9657,0.9999,0,WARNING,6.1,1.7,2.1,4.2
9658,0.4296,0,NORMAL,6.2,3.0,9.2,8.5
9659,0.9999,0,WARNING,6.1,1.3,1.0,3.7
9660,0.9999,0,WARNING,6.1,1.7,1.1,3.7
9661,0.9999,0,WARNING,6.0,0.7,1.1,3.4
9662,0.9999,0,WARNING,6.1,1.3,1.3,3.7
9663,0.4856,0,NORMAL,6.1,2.4,10.1,8.8
9664,1.0,0,ANOMALY,9.5,18.2,1.1,3.5
9665,0.3458,0,NORMAL,6.1,1.8,1.9,5.5
9666,0.4945,0,NORMAL,6.1,2.0,2.0,6.4
9667,0.5776,0,NORMAL,6.1,1.7,2.1,6.5
9668,0.5119,0,NORMAL,6.1,2.8,11.1,11.0
9669,0.9999,0,WARNING,6.0,1.1,2.2,3.7
9670,0.9999,0,WARNING,6.0,1.9,1.3,6.1
9671,0.9999,0,WARNING,6.0,1.3,1.2,3.4
9672,0.9999,0,WARNING,6.0,1.6,1.1,3.6
9673,0.4962,0,NORMAL,6.1,2.6,10.3,9.1
9674,1.0,0,ANOMALY,9.0,17.1,1.5,3.5
9675,0.9999,0,WARNING,6.0,1.8,1.1,4.1
9676,0.9999,0,WARNING,6.0,1.7,1.1,3.8
9677,0.8551,0,WARNING,6.4,3.6,3.1,5.9
9678,0.5646,0,NORMAL,6.2,2.8,12.1,11.2
9679,0.317,0,NORMAL,6.1,1.2,4.3,4.8
9680,0.2321,0,NORMAL,6.1,1.2,1.6,3.7
9681,0.1709,0,NORMAL,6.1,1.3,1.8,3.8
9682,0.1885,0,NORMAL,6.1,1.9,1.2,3.6
9683,0.4694,0,NORMAL,6.3,2.7,9.8,9.1
9684,1.0,0,ANOMALY,10.4,19.6,1.2,3.7
9685,0.4214,0,NORMAL,6.0,2.4,1.0,3.6
9686,0.3058,0,NORMAL,6.0,1.3,1.0,3.5
9687,0.2152,0,NORMAL,6.0,1.4,1.0,3.6
9688,0.4695,0,NORMAL,6.1,2.2,9.9,9.0
9689,0.214,0,NORMAL,6.0,1.5,1.6,3.6
9690,0.2057,0,NORMAL,6.0,1.4,1.3,3.6
9691,0.2546,0,NORMAL,6.0,1.5,0.9,3.8
9692,0.217,0,NORMAL,6.0,1.3,1.0,4.1
9693,0.4525,0,NORMAL,6.2,2.1,9.4,8.9
9694,1.0,0,ANOMALY,11.4,21.6,4.5,5.8
9695,0.5213,0,NORMAL,6.0,2.1,3.6,6.4
9696,0.1867,0,NORMAL,6.0,1.7,1.5,3.6
9697,0.2474,0,NORMAL,6.0,1.4,2.2,4.7
9698,0.5069,0,NORMAL,6.1,2.5,10.3,10.0
9699,0.3404,0,NORMAL,6.1,2.2,8.3,7.2
9700,0.9989,0,WARNING,6.1,2.0,5.4,9.4
9701,0.3719,0,NORMAL,6.1,2.0,4.8,5.9
9702,0.2167,0,NORMAL,6.1,1.8,4.9,5.6
9703,0.4055,0,NORMAL,6.1,2.2,8.4,7.9
9704,1.0,0,ANOMALY,12.2,23.2,10.6,8.8
9705,0.589,0,NORMAL,6.1,2.5,4.6,5.6
9706,0.2349,0,NORMAL,6.1,2.2,4.6,6.3
9707,0.1923,0,NORMAL,6.1,1.8,4.5,5.7
9708,0.2213,0,NORMAL,6.1,2.3,5.3,6.3
9709,0.4915,0,NORMAL,6.1,2.8,11.2,10.5
9710,0.3099,0,NORMAL,6.1,1.7,1.9,3.6
9711,0.9999,0,WARNING,5.9,1.0,1.3,3.6
9712,0.9999,0,WARNING,5.9,1.5,1.1,4.1
9713,0.9999,0,WARNING,5.9,1.4,1.4,4.3
9714,1.0,0,ANOMALY,9.5,19.5,10.2,9.4
9715,0.5251,0,NORMAL,6.0,1.8,2.2,3.8
9716,0.2954,0,NORMAL,6.0,1.9,1.7,3.8
9717,0.9999,0,WARNING,6.0,1.7,1.2,3.9
9718,0.9999,0,WARNING,6.0,2.5,1.2,3.9
9719,0.491,0,NORMAL,6.0,2.8,10.3,9.0
9720,0.9999,0,WARNING,5.9,1.5,1.3,3.8
9721,0.9999,0,WARNING,5.9,1.5,1.3,3.7
9722,0.2115,0,NORMAL,6.1,1.7,1.4,3.9
9723,0.9999,0,WARNING,5.9,1.1,1.2,3.8
9724,1.0,0,ANOMALY,10.0,20.2,10.3,9.3
9725,0.9999,0,WARNING,6.0,2.2,1.1,3.8
9726,0.9999,0,WARNING,6.0,1.6,1.2,3.8
9727,0.306,0,NORMAL,6.0,1.5,1.2,4.0
9728,0.9999,0,WARNING,5.9,1.9,1.1,3.8
9729,0.4749,0,NORMAL,6.0,2.6,9.9,9.4
9730,0.999,0,WARNING,6.0,1.4,1.4,7.6
9731,0.9999,0,WARNING,5.9,1.4,1.4,4.1
9732,0.276,0,NORMAL,6.0,2.4,1.5,4.2
9733,0.2156,0,NORMAL,6.0,1.3,1.9,3.8
9734,1.0,0,ANOMALY,9.2,19.5,10.1,9.2
9735,0.9999,0,WARNING,5.9,2.0,1.5,4.0
9736,0.9999,0,WARNING,5.9,1.5,1.4,3.8
9737,0.9999,0,WARNING,5.8,1.5,1.2,4.0
9738,0.9999,0,WARNING,5.9,1.8,1.2,4.1
9739,0.4694,0,NORMAL,6.0,2.3,10.1,9.4
9740,0.2578,0,NORMAL,6.0,2.4,1.7,3.8
9741,0.9999,0,WARNING,5.9,1.8,1.4,3.9
9742,0.3059,0,NORMAL,6.0,1.8,1.3,3.9
9743,0.9999,0,WARNING,5.9,1.3,1.1,3.9
9744,1.0,0,ANOMALY,10.8,22.3,9.9,9.5
9745,0.9999,0,WARNING,5.9,1.3,2.1,4.0
9746,0.9999,0,WARNING,5.9,2.0,1.2,4.5
9747,0.2307,0,NORMAL,6.0,2.1,1.4,4.5
9748,0.1916,0,NORMAL,6.0,1.1,1.8,4.3
9749,0.3603,0,NORMAL,6.0,1.8,7.7,7.6
9750,0.2181,0,NORMAL,6.0,1.9,5.3,6.0
9751,0.9999,0,WARNING,5.9,1.3,1.2,4.0
9752,0.1899,0,NORMAL,6.0,1.6,1.3,4.0
9753,0.9999,0,WARNING,5.9,1.6,1.3,4.1
9754,1.0,0,ANOMALY,8.5,17.1,5.0,6.7
9755,0.3591,0,NORMAL,6.1,2.1,7.1,7.9
9756,0.2423,0,NORMAL,6.1,1.3,1.4,3.9
9757,0.216,0,NORMAL,6.1,1.4,2.5,4.3
9758,0.386,0,NORMAL,6.1,1.4,1.7,4.0
9759,0.202,0,NORMAL,6.1,2.0,2.4,5.1
9760,0.9986,0,WARNING,6.1,3.1,9.5,12.3
9761,0.9999,0,WARNING,6.1,2.0,1.5,4.1
9762,0.1763,0,NORMAL,6.1,1.6,1.4,4.0
9763,0.9999,0,WARNING,6.0,2.2,1.6,4.1
9764,1.0,0,ANOMALY,12.9,23.1,1.5,4.5
9765,0.4888,0,NORMAL,6.1,2.5,10.3,9.6
9766,0.3094,0,NORMAL,6.1,1.4,1.4,4.0
9767,0.9999,0,WARNING,6.1,2.7,1.4,4.6
9768,0.2628,0,NORMAL,6.1,1.3,1.2,4.4
9769,0.1837,0,NORMAL,6.1,1.8,1.8,4.6
9770,0.4963,0,NORMAL,6.1,2.9,10.4,9.5
9771,0.272,0,NORMAL,6.1,1.3,1.3,4.2
9772,0.1907,0,NORMAL,6.1,1.5,1.5,4.1
9773,0.3859,0,NORMAL,6.1,1.6,1.7,4.2
9774,1.0,0,ANOMALY,10.7,19.7,1.7,4.3
9775,0.5071,0,NORMAL,6.1,2.8,10.8,9.9
9776,0.3284,0,NORMAL,6.1,1.7,2.0,4.4
9777,0.1678,0,NORMAL,6.2,2.1,2.2,4.6
9778,0.2319,0,NORMAL,6.4,1.5,2.6,4.4
9779,0.3058,0,NORMAL,6.4,1.9,1.9,4.3
9780,0.3716,0,NORMAL,6.4,1.8,2.1,4.4
9781,0.2163,0,NORMAL,6.5,2.0,2.6,5.1
9782,0.387,0,NORMAL,6.6,2.2,3.4,5.7
9783,0.4293,0,NORMAL,6.6,2.4,8.6,8.7
9784,1.0,0,ANOMALY,11.2,19.7,1.8,4.3
9785,0.9999,0,WARNING,6.4,2.0,1.4,4.2
9786,0.2289,0,NORMAL,6.5,1.6,1.5,4.5
9787,0.1892,0,NORMAL,6.5,1.8,1.4,4.5
9788,0.4804,0,NORMAL,6.5,3.2,10.0,9.8
9789,0.3095,0,NORMAL,6.4,2.1,1.7,4.2
9790,0.9982,0,WARNING,6.4,2.2,1.7,7.6
9791,0.9999,0,WARNING,6.3,1.7,1.4,4.5
9792,0.1803,0,NORMAL,6.4,2.1,1.4,4.6
9793,0.4748,0,NORMAL,6.4,2.4,10.2,9.7
9794,1.0,0,ANOMALY,11.4,20.4,1.7,4.5
9795,0.437,0,NORMAL,6.4,1.8,1.6,4.3
9796,0.1546,0,NORMAL,6.4,1.5,1.4,4.3
9797,0.3443,0,NORMAL,6.4,1.9,2.0,4.4
9798,0.4964,0,NORMAL,6.4,3.6,10.5,9.9
9799,0.2207,0,NORMAL,6.4,1.4,1.6,4.3
9800,0.1949,0,NORMAL,6.4,1.6,1.9,4.5
9801,0.1929,0,NORMAL,6.4,1.9,1.5,4.5
9802,0.2164,0,NORMAL,6.4,1.8,1.9,4.6
9803,0.4803,0,NORMAL,6.3,3.0,10.4,10.0
9804,1.0,0,ANOMALY,10.3,19.1,1.4,4.5
9805,0.3895,0,NORMAL,6.4,3.2,1.7,4.7
9806,0.3063,0,NORMAL,6.3,2.0,1.7,4.7
9807,0.1763,0,NORMAL,6.3,2.0,1.7,4.9
9808,0.4859,0,NORMAL,6.4,3.3,10.5,10.0
9809,0.2302,0,NORMAL,6.4,1.7,1.9,4.7
9810,0.1761,0,NORMAL,6.4,1.8,1.7,4.6
9811,0.1859,0,NORMAL,6.4,1.9,1.5,4.6
9812,0.2322,0,NORMAL,6.3,1.7,1.4,4.7
9813,0.4857,0,NORMAL,6.3,2.9,10.5,10.2
9814,1.0,0,ANOMALY,9.3,18.5,1.8,4.6
9815,0.3339,0,NORMAL,6.3,1.6,1.6,4.8
9816,0.1708,0,NORMAL,6.3,1.6,1.6,5.1
9817,0.9999,0,WARNING,6.2,1.5,1.5,4.7
9818,0.4858,0,NORMAL,6.3,2.5,10.5,10.3
9819,0.2436,0,NORMAL,6.3,1.9,2.4,4.9
9820,0.9958,0,WARNING,6.3,2.0,1.9,8.1
9821,0.308,0,NORMAL,6.3,1.8,1.8,4.7
9822,0.2427,0,NORMAL,6.3,1.6,1.6,4.8
9823,0.4051,0,NORMAL,6.3,2.4,8.8,9.3
9824,1.0,0,ANOMALY,12.4,22.4,3.5,5.8
9825,0.5207,0,NORMAL,6.3,1.9,1.6,4.9
9826,0.2408,0,NORMAL,6.3,2.0,2.2,5.0
9827,0.2564,0,NORMAL,6.3,1.6,1.9,4.7
9828,0.3208,0,NORMAL,6.2,2.5,6.5,7.5
9829,0.3079,0,NORMAL,6.3,2.3,7.0,8.1
9830,0.2755,0,NORMAL,6.3,2.1,1.9,5.1
9831,0.2762,0,NORMAL,6.3,1.8,2.4,5.0
9832,0.4769,0,NORMAL,6.3,2.2,2.0,4.9
9833,0.2779,0,NORMAL,6.3,2.1,4.3,6.2
9834,1.0,0,WARNING,8.1,16.8,9.1,8.9
9835,0.3974,0,NORMAL,6.3,1.6,2.5,4.9
9836,0.3036,0,NORMAL,6.3,1.9,1.8,5.1
9837,0.3317,0,NORMAL,6.3,2.3,1.7,5.0
9838,0.3326,0,NORMAL,6.3,1.4,2.0,5.0
9839,0.4911,0,NORMAL,6.3,3.3,10.6,10.3
9840,0.2783,0,NORMAL,6.3,2.0,1.6,5.1
9841,0.2168,0,NORMAL,6.3,1.8,1.6,5.0
9842,0.1844,0,NORMAL,6.3,1.7,1.6,5.3
9843,0.1882,0,NORMAL,6.3,1.5,2.1,6.0
9844,1.0,0,ANOMALY,11.0,22.0,11.1,10.5
9845,0.5986,0,NORMAL,6.4,1.9,2.8,5.2
9846,0.2218,0,NORMAL,6.3,1.7,2.1,5.7
9847,0.1465,0,NORMAL,6.3,1.7,1.9,5.5
9848,0.1562,0,NORMAL,6.3,1.8,1.9,5.1
9849,0.5119,0,NORMAL,6.4,2.9,11.1,10.9
9850,0.9977,0,WARNING,6.3,1.8,1.9,8.5
9851,0.3346,0,NORMAL,6.3,1.9,2.0,5.6
9852,0.2167,0,NORMAL,6.3,1.8,2.6,5.4
9853,0.3062,0,NORMAL,6.3,1.7,2.0,5.2
9854,1.0,0,ANOMALY,9.0,18.2,11.2,10.8
9855,0.461,0,NORMAL,6.3,2.0,2.7,5.6
9856,0.1467,0,NORMAL,6.3,1.5,2.4,5.4
9857,0.1534,0,NORMAL,6.3,2.0,2.1,5.3
9858,0.1653,0,NORMAL,6.4,1.8,2.3,5.3
9859,0.4911,0,NORMAL,6.5,3.2,10.9,10.7
9860,0.8981,0,WARNING,6.5,3.6,3.2,5.4
9861,0.217,0,NORMAL,6.4,2.0,2.0,5.3
9862,0.1681,0,NORMAL,6.4,1.6,2.0,5.4
9863,0.1764,0,NORMAL,6.3,1.6,2.0,5.9
9864,1.0,0,ANOMALY,11.5,22.3,10.8,11.0
9865,0.6174,0,WARNING,6.5,2.8,4.0,5.4
9866,0.1863,0,NORMAL,6.4,2.1,2.0,5.3
9867,0.2249,0,NORMAL,6.4,1.2,2.0,5.5
9868,0.3863,0,NORMAL,6.4,2.0,2.6,5.4
9869,0.5017,0,NORMAL,6.5,2.8,11.1,10.8
9870,0.2458,0,NORMAL,6.4,1.8,3.9,5.4
9871,0.1477,0,NORMAL,6.4,1.9,2.4,5.5
9872,0.1594,0,NORMAL,6.4,1.9,2.3,5.9
9873,0.2063,0,NORMAL,6.4,1.4,2.1,6.1
9874,1.0,0,ANOMALY,12.7,23.6,9.5,10.4
9875,0.6452,0,WARNING,6.4,2.0,4.9,6.5
9876,0.3079,0,NORMAL,6.4,1.9,1.9,5.6
9877,0.2163,0,NORMAL,6.4,1.4,1.9,5.4
9878,0.1446,0,NORMAL,6.4,1.8,1.9,5.7
9879,0.2525,0,NORMAL,6.4,2.0,6.4,8.5
9880,0.9974,0,WARNING,6.4,2.5,6.7,11.4
9881,0.4264,0,NORMAL,6.4,1.9,2.0,5.7
9882,0.1434,0,NORMAL,6.4,1.7,1.8,5.6
9883,0.2257,0,NORMAL,6.4,1.5,1.9,5.7
9884,0.9962,0,WARNING,7.9,15.2,4.0,6.7
9885,0.4178,0,NORMAL,6.4,3.2,9.2,9.9
9886,0.2168,0,NORMAL,6.4,1.4,2.0,5.7
9887,0.1525,0,NORMAL,6.4,1.8,1.8,5.7
9888,0.1605,0,NORMAL,6.4,1.4,1.9,5.9
9889,0.1902,0,NORMAL,6.4,1.9,2.0,5.8
9890,0.5168,0,NORMAL,6.5,3.3,11.3,11.1
9891,0.3146,0,NORMAL,6.4,1.7,2.0,5.6
9892,0.3871,0,NORMAL,6.4,2.1,2.4,5.7
9893,0.4501,0,NORMAL,6.4,2.6,2.0,5.7
9894,1.0,0,ANOMALY,11.3,20.4,1.9,5.5
9895,0.4916,0,NORMAL,6.5,2.5,10.8,11.5
9896,0.4647,0,NORMAL,6.5,1.3,1.9,5.6
9897,0.3793,0,NORMAL,6.5,1.8,1.9,6.0
9898,0.4369,0,NORMAL,6.4,2.3,2.1,5.8
9899,0.5654,0,NORMAL,6.5,2.9,2.1,5.6
9900,0.4858,0,NORMAL,6.4,2.8,10.9,11.5
9901,0.2523,0,NORMAL,6.4,1.7,1.9,5.7
9902,0.1726,0,NORMAL,6.4,1.9,2.0,5.8
9903,0.1651,0,NORMAL,6.4,1.7,1.9,5.8
9904,1.0,0,ANOMALY,11.9,21.5,2.2,5.8
9905,0.4916,0,NORMAL,6.5,3.2,10.9,11.3
9906,0.3446,0,NORMAL,6.4,1.9,2.1,5.7
9907,0.2405,0,NORMAL,6.4,1.6,1.9,5.9
9908,0.2163,0,NORMAL,6.4,1.8,1.9,6.0
9909,0.1578,0,NORMAL,6.4,1.5,2.0,5.9
9910,0.9947,0,WARNING,6.5,3.1,10.9,14.4
9911,0.5065,0,NORMAL,6.4,2.2,3.0,6.2
9912,0.1266,0,NORMAL,6.4,1.6,2.1,5.9
9913,0.1523,0,NORMAL,6.5,1.8,2.0,5.9
9914,1.0,0,ANOMALY,11.4,20.4,1.9,5.9
9915,0.4969,0,NORMAL,6.5,3.1,11.2,11.9
9916,0.3104,0,NORMAL,6.4,2.2,2.8,6.0
9917,0.1931,0,NORMAL,6.4,1.2,1.9,5.9
9918,0.2361,0,NORMAL,6.4,1.9,2.0,6.0
9919,0.1545,0,NORMAL,6.4,1.8,2.2,5.8
9920,0.5016,0,NORMAL,6.5,2.8,11.0,11.7
9921,0.2723,0,NORMAL,6.4,1.7,2.6,5.9
9922,0.148,0,NORMAL,6.4,1.9,2.2,6.3
9923,0.3868,0,NORMAL,6.4,1.8,2.3,5.9
9924,1.0,0,ANOMALY,12.1,22.0,2.3,6.0
9925,0.4724,0,NORMAL,6.5,4.2,9.5,10.8
9926,0.2959,0,NORMAL,6.4,2.2,5.1,6.8
9927,0.1105,0,NORMAL,6.4,2.0,2.5,6.1
9928,0.1287,0,NORMAL,6.4,2.1,2.3,6.5
9929,0.1496,0,NORMAL,6.4,1.6,2.2,6.2
9930,0.3401,0,NORMAL,6.4,2.5,8.1,9.9
9931,0.3092,0,NORMAL,6.4,2.0,5.9,7.7
9932,0.3083,0,NORMAL,6.4,1.5,2.0,5.9
9933,0.1505,0,NORMAL,6.4,1.4,2.4,6.1
9934,0.9968,0,WARNING,7.2,13.1,2.3,6.3
9935,0.1585,0,NORMAL,6.4,2.3,5.1,7.8
9936,0.3673,0,NORMAL,6.5,2.7,8.9,10.1
9937,0.2242,0,NORMAL,6.5,1.6,2.2,6.2
9938,0.7686,0,WARNING,6.7,3.0,2.7,6.2
9939,0.3067,0,NORMAL,6.5,1.6,1.9,6.1
9940,0.9975,0,WARNING,6.5,2.4,2.1,9.1
9941,0.4911,0,NORMAL,6.6,2.8,10.8,11.6
9942,0.3392,0,NORMAL,6.5,1.8,2.1,6.3
9943,0.2453,0,NORMAL,6.5,2.1,2.3,6.0
9944,1.0,0,ANOMALY,12.1,21.2,2.4,6.2
9945,0.4197,0,NORMAL,6.5,1.9,2.3,6.1
9946,0.5222,0,NORMAL,6.6,3.0,11.4,11.5
9947,0.3894,0,NORMAL,6.5,2.0,2.7,6.0
9948,1.0,0,ANOMALY,6.6,2.9,2.4,8.6
9949,0.3538,0,NORMAL,6.5,2.4,2.4,6.3
9950,0.1527,0,NORMAL,6.5,2.0,2.4,6.1
9951,0.4964,0,NORMAL,6.7,3.0,11.1,11.6
9952,0.2791,0,NORMAL,6.6,2.2,2.6,6.3
9953,0.1448,0,NORMAL,6.6,1.7,1.9,6.2
9954,0.9963,0,WARNING,7.4,13.2,2.1,6.0
9955,0.2161,0,NORMAL,6.6,2.3,2.3,6.5
9956,0.486,0,NORMAL,6.7,3.6,10.7,11.6
9957,0.2897,0,NORMAL,6.6,1.6,2.4,6.4
9958,0.1452,0,NORMAL,6.6,2.0,2.6,6.2
9959,0.1538,0,NORMAL,6.6,1.9,2.1,6.3
9960,0.3029,0,NORMAL,6.6,2.1,2.1,6.6
9961,0.4857,0,NORMAL,6.7,3.5,10.9,11.7
9962,0.3771,0,NORMAL,6.6,2.6,3.1,6.2
9963,0.3074,0,NORMAL,6.6,2.4,2.2,6.1
9964,1.0,0,ANOMALY,12.1,21.0,2.5,6.4
9965,0.4539,0,NORMAL,6.6,2.4,2.4,6.4
9966,0.4968,0,NORMAL,6.7,3.4,11.2,12.1
9967,0.2176,0,NORMAL,6.7,1.7,3.5,6.4
9968,0.1308,0,NORMAL,6.7,2.0,2.5,6.9
9969,0.1184,0,NORMAL,6.7,1.7,2.5,6.5
9970,0.9958,0,WARNING,6.7,2.4,3.1,9.2
9971,0.4964,0,NORMAL,6.8,3.1,11.2,11.7
9972,0.3024,0,NORMAL,6.7,1.9,4.1,6.2
9973,0.1195,0,NORMAL,6.6,1.8,2.2,6.4
9974,0.9967,0,WARNING,7.9,14.8,2.4,6.5
9975,0.2131,0,NORMAL,6.6,2.0,2.1,6.2
9976,0.4914,0,NORMAL,6.7,3.1,10.9,11.4
9977,0.2481,0,NORMAL,6.6,2.1,3.2,6.3
9978,0.2171,0,NORMAL,6.7,2.3,2.0,6.2
9979,0.2164,0,NORMAL,6.6,2.3,2.0,6.3
9980,0.1724,0,NORMAL,6.6,1.5,2.0,6.6
9981,0.3261,0,NORMAL,6.6,2.6,7.7,9.9
9982,0.2005,0,NORMAL,6.6,2.5,5.4,8.7
9983,0.1417,0,NORMAL,6.6,1.8,2.1,6.6
9984,1.0,0,ANOMALY,11.8,20.8,2.0,6.5
9985,0.4449,0,NORMAL,6.6,2.4,2.0,6.1
9986,0.3064,0,NORMAL,6.8,3.1,4.9,7.8
9987,0.354,0,NORMAL,6.7,2.8,8.6,10.0
9988,0.2865,0,NORMAL,6.7,1.4,2.3,6.4
9989,0.191,0,NORMAL,6.7,1.8,2.0,6.3
9990,0.2626,0,NORMAL,6.7,1.7,1.8,6.4
9991,0.1681,0,NORMAL,6.6,1.6,1.9,6.3
9992,0.5067,0,NORMAL,6.7,3.0,10.7,11.8
9993,0.2976,0,NORMAL,6.7,2.0,2.1,6.7
9994,1.0,0,ANOMALY,10.2,18.3,2.2,6.6
9995,0.3116,0,NORMAL,6.7,2.1,2.3,6.4
9996,0.1646,0,NORMAL,6.7,1.7,2.7,6.1
9997,0.486,0,NORMAL,6.8,3.1,10.9,11.9
9998,0.2452,0,NORMAL,6.7,1.4,2.2,6.6
9999,0.128,0,NORMAL,6.7,1.9,2.3,6.3
10000,0.9953,0,WARNING,6.7,1.9,2.3,9.1
10001,0.2716,0,NORMAL,6.7,1.9,2.1,6.6
10002,0.4804,0,NORMAL,6.8,3.1,10.7,11.5
10003,0.2283,0,NORMAL,6.7,1.4,1.9,6.1
10004,1.0,0,ANOMALY,11.6,20.6,2.4,6.5
10005,0.3826,0,NORMAL,6.7,2.4,2.2,6.1
10006,0.3868,0,NORMAL,6.8,1.7,2.0,6.3
10007,0.486,0,NORMAL,6.9,3.0,10.9,12.3
10008,0.344,0,NORMAL,6.8,2.1,2.0,6.6
10009,0.308,0,NORMAL,6.8,1.6,2.0,6.2
10010,0.2165,0,NORMAL,6.8,1.8,2.0,6.1
10011,0.2161,0,NORMAL,6.7,1.8,2.0,6.1
10012,0.4803,0,NORMAL,6.8,2.8,10.6,11.5
10013,0.2873,0,NORMAL,6.8,1.7,2.5,6.2
10014,1.0,0,ANOMALY,10.3,18.3,2.2,6.1
10015,0.3264,0,NORMAL,6.8,2.2,2.5,6.3
10016,0.1909,0,NORMAL,6.8,2.2,2.2,6.2
10017,0.486,0,NORMAL,6.8,3.4,10.8,11.9
10018,0.3103,0,NORMAL,6.7,2.2,2.6,6.6
10019,0.1704,0,NORMAL,6.8,2.2,2.0,5.9
10020,0.1613,0,NORMAL,6.7,2.1,2.7,6.2
10021,0.1488,0,NORMAL,6.7,2.0,2.4,6.4
10022,0.4749,0,NORMAL,6.8,3.2,10.7,11.5
10023,0.2911,0,NORMAL,6.7,2.3,2.3,6.1
10024,1.0,0,ANOMALY,11.7,20.3,2.1,6.1
10025,0.4105,0,NORMAL,6.7,2.0,1.8,6.0
10026,0.6739,0,WARNING,6.8,3.1,1.9,5.8
10027,0.4966,0,NORMAL,6.8,3.0,11.0,11.8
10028,0.2019,0,NORMAL,6.7,2.1,2.9,6.5
10029,0.121,0,NORMAL,6.7,1.6,2.0,6.2
10030,0.9971,0,WARNING,6.7,2.4,2.0,8.8
10031,0.3203,0,NORMAL,6.7,2.5,2.1,6.1
10032,0.3331,0,NORMAL,6.7,2.5,7.9,10.2
10033,0.2193,0,NORMAL,6.7,2.5,5.9,7.8
10034,1.0,0,ANOMALY,10.3,18.1,2.7,6.3
10035,0.2986,0,NORMAL,6.8,2.1,2.0,6.0
10036,0.1146,0,NORMAL,6.8,1.6,1.9,6.2
10037,0.1289,0,NORMAL,6.8,2.2,4.3,7.6
10038,0.4176,0,NORMAL,6.9,2.7,9.7,10.9
10039,0.2213,0,NORMAL,6.8,2.4,3.0,6.6
10040,0.2006,0,NORMAL,6.8,2.5,3.9,6.8
10041,0.307,0,NORMAL,6.8,1.7,2.2,6.0
10042,0.8624,0,WARNING,7.0,3.2,1.8,5.9
10043,0.5883,0,NORMAL,7.0,4.0,10.6,12.0
10044,1.0,0,ANOMALY,12.4,21.3,2.1,5.8
10045,0.506,0,NORMAL,6.8,1.8,2.8,6.3
10046,0.1177,0,NORMAL,6.9,2.5,2.4,6.0
10047,0.1858,0,NORMAL,6.8,2.0,1.9,6.1
10048,0.486,0,NORMAL,6.8,3.0,10.8,11.6
10049,0.3101,0,NORMAL,6.8,2.2,1.7,5.9
10050,0.3074,0,NORMAL,6.9,1.7,1.7,6.0
10051,0.144,0,NORMAL,6.9,1.7,2.1,6.5
10052,0.172,0,NORMAL,6.9,2.1,2.4,6.0
10053,0.5015,0,NORMAL,7.1,3.0,11.1,11.4
10054,0.9969,0,WARNING,8.2,14.6,2.4,6.1
10055,0.2063,0,NORMAL,7.0,2.1,2.1,6.0
10056,0.1424,0,NORMAL,7.0,1.9,2.1,5.8
10057,0.3064,0,NORMAL,7.0,1.9,1.9,5.7
10058,0.4964,0,NORMAL,7.1,3.1,10.8,11.3
10059,0.2808,0,NORMAL,7.0,2.6,1.9,6.1
10060,0.9923,0,WARNING,7.0,1.5,2.0,8.6
10061,0.2754,0,NORMAL,7.0,2.0,2.2,6.1
10062,0.1665,0,NORMAL,7.0,2.1,2.0,6.2
10063,0.4803,0,NORMAL,7.0,3.5,10.6,11.4
10064,1.0,0,ANOMALY,11.3,20.1,1.7,5.8
10065,0.3753,0,NORMAL,6.9,2.1,1.7,5.9
10066,0.3065,0,NORMAL,6.9,2.1,1.7,5.8
10067,0.2801,0,NORMAL,7.0,2.3,1.8,5.9
10068,0.4805,0,NORMAL,7.1,3.1,10.6,11.4
10069,0.2263,0,NORMAL,6.9,1.5,2.1,5.8
10070,0.247,0,NORMAL,6.9,1.6,1.9,5.8
10071,0.1512,0,NORMAL,6.9,1.8,2.0,5.8
10072,0.5473,0,NORMAL,7.0,2.5,2.0,6.1
10073,0.4803,0,NORMAL,7.1,2.8,10.6,11.4
10074,0.9966,0,WARNING,8.4,15.0,2.1,5.7
10075,0.8447,0,WARNING,7.2,2.4,1.8,5.9
10076,0.2554,0,NORMAL,7.0,1.3,1.7,6.1
10077,0.144,0,NORMAL,6.9,1.9,1.9,6.5
10078,0.4804,0,NORMAL,7.0,2.8,10.7,11.6
10079,0.2793,0,NORMAL,6.9,1.5,2.1,5.8
10080,0.2168,0,NORMAL,6.9,1.6,2.0,6.5
10081,0.307,0,NORMAL,6.9,1.6,2.1,6.2
10082,0.1928,0,NORMAL,6.9,1.4,2.6,5.9
10083,0.319,0,NORMAL,6.9,2.1,7.6,9.5
10084,1.0,0,ANOMALY,13.0,22.9,5.5,7.8
10085,0.5839,0,NORMAL,6.9,2.2,2.0,6.1
10086,0.4585,0,NORMAL,6.9,2.4,2.8,6.4
10087,0.1124,0,NORMAL,7.0,2.0,2.9,6.8
10088,0.3869,0,NORMAL,7.0,2.5,5.6,8.2
10089,0.3992,0,NORMAL,7.1,2.4,9.5,10.3
10090,0.9958,0,WARNING,7.0,1.5,2.8,9.1
10091,0.3017,0,NORMAL,7.0,1.6,2.0,5.9
10092,0.1429,0,NORMAL,7.0,1.8,1.9,6.5
10093,0.1666,0,NORMAL,7.0,1.7,1.9,6.2
10094,0.9965,0,WARNING,8.8,16.5,10.4,11.6
10095,0.5446,0,NORMAL,7.1,2.0,2.2,6.2
10096,0.5034,0,NORMAL,7.1,1.5,1.8,5.9
10097,0.4256,0,NORMAL,7.0,1.7,1.7,6.0
10098,0.3487,0,NORMAL,7.0,1.8,1.7,6.1
10099,0.4804,0,NORMAL,7.1,2.3,10.6,11.6
10100,0.273,0,NORMAL,7.0,2.0,1.8,6.0
10101,0.1398,0,NORMAL,7.0,1.6,1.9,6.2
10102,0.1713,0,NORMAL,7.0,1.7,2.0,6.2
10103,0.1899,0,NORMAL,7.0,1.5,1.9,6.7
10104,1.0,0,ANOMALY,13.2,23.5,10.7,11.9
10105,0.6619,0,WARNING,7.0,1.8,2.0,6.1
10106,0.2507,0,NORMAL,7.0,1.8,2.0,6.1
10107,0.1852,0,NORMAL,7.0,2.6,2.0,6.3
10108,0.1947,0,NORMAL,7.0,2.1,1.9,6.1
10109,0.4751,0,NORMAL,7.1,2.9,10.6,11.6
10110,0.4044,0,NORMAL,7.3,3.3,3.6,6.7
10111,0.7566,0,WARNING,7.6,5.3,5.8,7.1
10112,0.3081,0,NORMAL,7.4,2.6,2.1,6.3
10113,0.307,0,NORMAL,7.4,1.3,1.9,6.0
10114,1.0,0,ANOMALY,10.0,17.7,10.8,12.1
10115,0.8102,0,WARNING,7.6,2.6,2.1,6.4
10116,0.1562,0,NORMAL,7.4,1.5,2.4,6.3
10117,0.1535,0,NORMAL,7.3,2.0,2.6,6.3
10118,0.3618,0,NORMAL,7.3,2.4,2.1,6.5
10119,0.4805,0,NORMAL,7.4,3.0,10.8,11.9
10120,0.9913,0,WARNING,7.3,1.5,3.3,9.0
10121,0.3885,0,NORMAL,7.3,1.6,2.0,6.2
10122,0.1484,0,NORMAL,7.3,2.2,2.5,6.3
10123,0.1892,0,NORMAL,7.3,1.5,2.3,6.3
10124,1.0,0,ANOMALY,13.5,23.4,10.9,12.0
10125,0.6353,0,WARNING,7.3,1.6,4.3,6.5
10126,0.1345,0,NORMAL,7.3,1.9,2.3,6.0
10127,0.2312,0,NORMAL,7.2,2.1,2.1,6.0
10128,0.3863,0,NORMAL,7.2,1.6,2.0,6.3
10129,0.4805,0,NORMAL,7.3,2.7,10.7,11.8
10130,0.2172,0,NORMAL,7.2,1.9,2.0,6.1
10131,0.2151,0,NORMAL,7.2,1.4,2.1,6.9
10132,0.1838,0,NORMAL,7.3,1.8,2.0,6.2
10133,0.3114,0,NORMAL,7.3,2.0,2.7,6.5
10134,1.0,0,ANOMALY,9.4,16.7,7.9,10.0
10135,0.4047,0,NORMAL,7.2,2.6,6.3,8.4
10136,0.3086,0,NORMAL,7.2,1.4,2.0,6.3
10137,0.1485,0,NORMAL,7.2,1.7,2.0,6.3
10138,0.125,0,NORMAL,7.2,1.7,2.0,6.6
10139,0.2854,0,NORMAL,7.2,2.3,4.7,8.2
10140,0.3469,0,NORMAL,7.2,2.4,8.3,10.1
10141,0.7847,0,WARNING,7.4,2.7,1.9,6.5
10142,0.1446,0,NORMAL,7.2,1.8,2.1,6.2
10143,0.3066,0,NORMAL,7.2,1.5,2.1,6.4
10144,1.0,0,ANOMALY,13.3,22.3,1.9,6.5
10145,0.4956,0,NORMAL,7.3,2.9,10.3,11.9
10146,0.3354,0,NORMAL,7.2,1.9,2.2,6.4
10147,0.0939,0,NORMAL,7.2,2.1,2.0,6.4
10148,0.1104,0,NORMAL,7.3,2.2,2.2,6.9
10149,0.1313,0,NORMAL,7.2,1.7,2.0,6.2
10150,0.994,0,WARNING,7.3,2.8,10.7,14.4
10151,0.494,0,NORMAL,7.2,2.2,2.0,6.4
10152,0.3077,0,NORMAL,7.3,2.5,2.1,6.3
10153,0.3206,0,NORMAL,7.3,1.5,2.2,6.4
10154,1.0,0,ANOMALY,11.7,19.6,1.9,6.4
10155,0.4863,0,NORMAL,7.4,3.4,10.8,12.2
10156,0.3167,0,NORMAL,7.3,1.7,2.4,6.4
10157,0.1294,0,NORMAL,7.3,1.8,2.4,6.7
10158,0.1117,0,NORMAL,7.3,1.7,2.4,6.5
10159,0.1331,0,NORMAL,7.3,1.5,2.2,6.4
10160,0.4804,0,NORMAL,7.4,2.7,10.8,11.8
10161,0.2606,0,NORMAL,7.3,1.5,2.0,6.3
10162,0.1423,0,NORMAL,7.3,2.4,2.0,6.5
10163,0.2563,0,NORMAL,7.3,1.9,1.9,6.4
10164,1.0,0,ANOMALY,12.4,20.6,1.9,6.5
10165,0.481,0,NORMAL,7.4,2.9,10.6,12.0
10166,0.336,0,NORMAL,7.3,1.8,1.8,6.3
10167,0.2173,0,NORMAL,7.4,2.4,1.9,6.7
10168,0.3071,0,NORMAL,7.3,2.2,1.9,6.2
10169,0.1795,0,NORMAL,7.3,1.8,2.0,6.4
10170,0.5016,0,NORMAL,7.4,2.6,11.1,11.9
10171,0.2788,0,NORMAL,7.3,1.5,2.0,6.2
10172,0.1697,0,NORMAL,7.3,2.0,2.1,6.5
10173,0.2877,0,NORMAL,7.3,1.4,1.9,8.1
10174,1.0,0,ANOMALY,9.4,16.4,1.9,6.5
10175,0.4861,0,NORMAL,7.4,3.1,10.9,12.0
10176,0.3898,0,NORMAL,7.4,2.6,2.6,6.5
10177,0.1184,0,NORMAL,7.4,1.6,2.0,6.8
10178,0.1404,0,NORMAL,7.4,1.6,2.1,6.5
10179,0.1846,0,NORMAL,7.4,2.0,2.1,6.5
10180,0.9977,0,WARNING,7.5,3.1,11.0,15.0
10181,0.5361,0,NORMAL,7.4,1.5,2.2,6.5
10182,0.132,0,NORMAL,7.5,2.2,2.0,6.6
10183,0.3866,0,NORMAL,7.4,1.6,1.9,6.4
10184,1.0,0,ANOMALY,11.6,19.3,1.8,6.3
10185,0.4434,0,NORMAL,7.5,2.9,7.8,10.0
10186,0.2046,0,NORMAL,7.5,2.3,5.2,8.3
10187,0.0926,0,NORMAL,7.5,1.9,2.1,6.4
10188,0.3389,0,NORMAL,7.5,1.9,2.3,8.4
10189,0.6139,0,WARNING,7.5,2.2,3.8,10.3
10190,0.2754,0,NORMAL,7.6,2.5,7.2,10.7
10191,0.3445,0,NORMAL,7.5,2.9,9.3,11.2
10192,0.2221,0,NORMAL,7.5,2.3,2.4,7.9
10193,0.6469,0,WARNING,7.5,1.9,2.9,10.0
10194,1.0,0,ANOMALY,10.7,17.9,3.3,9.4
10195,0.5768,0,NORMAL,7.5,2.2,3.4,9.9
10196,0.4957,0,NORMAL,7.6,3.1,11.6,13.5
10197,0.5376,0,NORMAL,7.7,2.0,3.5,9.7
10198,0.5379,0,NORMAL,7.8,2.0,3.0,9.5
10199,0.5776,0,NORMAL,7.8,2.5,2.7,9.6
10200,0.5381,0,NORMAL,7.8,1.6,3.4,9.7
10201,0.6139,0,WARNING,7.9,3.3,12.7,15.6
10202,0.3272,0,NORMAL,7.7,2.0,3.7,6.6
10203,0.2765,0,NORMAL,7.7,2.4,2.8,8.5
10204,1.0,0,ANOMALY,14.8,23.8,2.6,8.5
10205,0.5369,0,NORMAL,7.8,2.8,2.5,8.1
10206,0.4983,0,NORMAL,7.8,3.6,11.3,13.5
10207,0.3897,0,NORMAL,7.7,2.0,2.7,9.0
10208,0.2283,0,NORMAL,7.7,3.0,2.9,8.3
10209,0.2189,0,NORMAL,7.7,2.2,3.3,8.1
10210,0.9958,0,WARNING,7.7,2.0,3.2,11.4
10211,0.5077,0,NORMAL,7.8,3.0,11.5,14.1
10212,0.2977,0,NORMAL,7.7,2.3,3.4,8.4
10213,0.1571,0,NORMAL,7.7,2.0,2.3,7.8
10214,0.9973,0,WARNING,8.9,14.4,2.2,7.8
10215,0.3066,0,NORMAL,7.7,2.5,2.2,7.7
10216,0.5097,0,NORMAL,7.8,3.2,11.4,14.1
10217,0.5773,0,NORMAL,7.7,1.8,3.2,10.1
10218,0.4946,0,NORMAL,7.7,2.3,3.7,9.7
10219,0.1635,0,NORMAL,7.7,2.0,2.8,7.0
10220,0.2246,0,NORMAL,7.7,1.7,3.1,7.6
10221,0.5004,0,NORMAL,7.8,3.0,11.6,13.1
10222,0.3127,0,NORMAL,7.7,2.4,2.6,6.9
10223,0.3073,0,NORMAL,7.7,1.6,2.8,8.1
10224,1.0,0,ANOMALY,14.7,23.6,4.9,8.8
10225,0.5785,0,NORMAL,7.7,2.7,5.9,8.9
10226,0.6318,0,WARNING,7.8,3.3,15.0,14.2
10227,0.2579,0,NORMAL,7.8,2.4,6.1,9.1
10228,0.3383,0,NORMAL,7.7,3.0,3.0,9.1
10229,0.538,0,NORMAL,7.7,2.5,2.8,9.5
10230,0.2188,0,NORMAL,7.7,1.4,2.3,6.5
10231,0.486,0,NORMAL,7.8,2.7,11.0,12.2
10232,0.1909,0,NORMAL,7.7,2.0,2.4,6.5
10233,0.6306,0,WARNING,7.7,2.9,3.6,9.2
10234,1.0,0,ANOMALY,9.6,15.7,2.5,7.2
10235,0.2499,0,NORMAL,7.6,2.6,2.1,6.8
10236,0.5775,0,NORMAL,7.8,3.0,8.6,13.2
10237,0.73,0,WARNING,7.7,2.6,7.4,12.7
10238,0.4469,0,NORMAL,7.7,2.3,2.8,8.9
10239,0.5379,0,NORMAL,7.7,2.4,4.1,10.0
10240,0.9953,0,WARNING,7.7,3.4,5.1,12.7
10241,0.4205,0,NORMAL,7.8,3.5,8.6,10.3
10242,0.5019,0,NORMAL,7.9,4.2,12.2,12.9
10243,0.4466,0,NORMAL,7.9,2.6,4.0,9.9
10244,1.0,0,ANOMALY,15.3,24.2,3.6,10.4
10245,0.6459,0,WARNING,7.8,3.3,3.6,11.2
10246,0.6769,0,WARNING,7.8,2.9,3.9,11.5
10247,0.5538,0,NORMAL,7.9,4.6,12.6,15.9
10248,0.395,0,NORMAL,7.9,2.6,4.8,10.7
10249,0.5379,0,NORMAL,7.9,3.5,5.5,11.3
10250,0.6138,0,WARNING,7.7,2.2,3.5,10.0
10251,0.7533,0,WARNING,7.7,2.1,3.2,10.9
10252,0.5131,0,NORMAL,7.8,3.8,11.8,14.6
10253,0.2165,0,NORMAL,7.7,1.8,3.2,8.3
10254,1.0,0,WARNING,9.5,15.3,2.4,8.5
10255,0.6132,0,WARNING,7.7,2.6,2.8,10.0
10256,0.3386,0,NORMAL,7.7,2.2,3.0,9.2
10257,0.523,0,NORMAL,7.9,4.0,11.9,13.8
10258,0.6135,0,WARNING,7.8,2.8,5.2,10.7
10259,0.677,0,WARNING,7.8,2.8,4.3,11.2
10260,0.7048,0,WARNING,7.9,2.8,3.5,10.9
10261,0.6138,0,WARNING,8.0,3.0,3.7,10.5
10262,0.5214,0,NORMAL,8.0,3.8,11.9,14.6
10263,0.4468,0,NORMAL,7.9,2.8,4.5,9.4
10264,1.0,0,ANOMALY,14.7,23.7,3.8,10.6
10265,0.5406,0,NORMAL,8.0,1.9,4.8,9.1
10266,0.1795,0,NORMAL,8.0,2.4,4.3,8.8
10267,0.524,0,NORMAL,8.0,3.8,12.1,14.8
10268,0.1653,0,NORMAL,7.9,3.2,4.3,8.0
10269,0.3073,0,NORMAL,7.9,1.5,2.8,8.3
10270,0.9902,0,WARNING,7.9,2.4,2.6,11.0
10271,0.218,0,NORMAL,7.9,2.2,2.3,8.0
10272,0.5108,0,NORMAL,8.0,4.0,11.5,13.6
10273,0.2422,0,NORMAL,7.9,2.5,3.4,7.9
10274,1.0,0,WARNING,9.7,15.4,2.7,8.4
10275,0.118,0,NORMAL,7.9,2.2,2.6,8.4
10276,0.2225,0,NORMAL,7.9,2.1,2.9,8.2
10277,0.5109,0,NORMAL,8.0,3.6,11.7,13.6
10278,0.3107,0,NORMAL,7.9,2.5,4.7,8.6
10279,0.4945,0,NORMAL,7.9,2.3,3.2,9.4
10280,0.6138,0,WARNING,7.9,2.7,4.0,10.4
10281,0.5776,0,NORMAL,7.9,2.7,3.2,9.8
10282,0.5776,0,NORMAL,8.0,3.1,10.2,14.3
10283,0.3383,0,NORMAL,7.9,2.7,6.1,10.2
10284,1.0,0,ANOMALY,13.8,22.2,2.9,8.3
10285,0.4952,0,NORMAL,7.9,2.4,2.5,9.0
10286,0.5377,0,NORMAL,7.9,2.2,2.8,9.6
10287,0.2649,0,NORMAL,7.8,3.0,7.1,11.3
10288,0.5379,0,NORMAL,8.1,4.0,9.0,12.8
10289,0.4944,0,NORMAL,7.9,2.2,3.7,9.8
10290,0.6137,0,WARNING,7.9,2.9,3.9,10.2
10291,0.5776,0,NORMAL,7.9,2.5,3.6,9.8
10292,0.1199,0,NORMAL,7.9,3.1,5.5,9.9
10293,0.5775,0,NORMAL,7.9,3.3,9.9,14.0
10294,0.9968,0,WARNING,8.9,14.4,3.5,10.7
10295,0.7043,0,WARNING,7.8,2.7,3.3,10.6
10296,0.677,0,WARNING,7.8,2.1,3.7,10.5
10297,0.6469,0,WARNING,7.8,2.6,3.5,10.3
10298,0.6138,0,WARNING,7.9,3.1,12.1,15.7
10299,0.4469,0,NORMAL,7.8,2.6,4.3,9.8
10300,0.9923,0,WARNING,7.9,2.7,5.8,11.7
10301,0.3476,0,NORMAL,8.0,2.4,5.7,8.7
10302,0.365,0,NORMAL,8.0,2.7,5.6,8.8
10303,0.6078,0,WARNING,8.1,3.8,14.3,14.4
10304,1.0,0,ANOMALY,11.7,19.4,7.0,9.0
10305,0.3948,0,NORMAL,8.1,2.0,5.7,8.9
10306,0.2424,0,NORMAL,8.0,2.2,5.6,9.1
10307,0.4946,0,NORMAL,8.0,2.2,4.6,10.0
10308,0.7301,0,WARNING,8.0,3.4,12.5,16.2
10309,0.6135,0,WARNING,7.9,1.9,5.0,10.1
10310,0.3102,0,NORMAL,7.9,2.1,3.7,8.6
10311,0.6138,0,WARNING,7.9,1.5,3.0,9.9
10312,0.6772,0,WARNING,7.9,1.9,3.0,10.2
10313,0.538,0,NORMAL,8.0,3.4,12.1,15.1
10314,0.9973,0,WARNING,9.1,14.7,4.8,10.4
10315,0.7042,0,WARNING,7.8,1.8,3.0,10.4
10316,0.3951,0,NORMAL,7.8,2.0,2.7,9.1
10317,0.6469,0,WARNING,7.9,2.2,3.3,10.3
10318,0.647,0,WARNING,8.0,2.8,12.2,15.8
10319,0.307,0,NORMAL,7.9,1.8,4.7,8.7
10320,0.447,0,NORMAL,7.9,2.1,3.4,9.7
10321,0.4948,0,NORMAL,8.1,2.5,5.4,9.9
10322,0.3582,0,NORMAL,8.0,2.2,6.5,9.3
10323,0.6428,0,WARNING,8.2,3.8,15.5,14.8
10324,1.0,0,ANOMALY,15.1,23.8,7.7,9.0
10325,0.604,0,WARNING,8.0,2.0,5.0,9.6
10326,0.4941,0,NORMAL,7.9,2.0,4.0,9.5
10327,0.2382,0,NORMAL,7.9,2.4,4.3,8.2
10328,0.5373,0,NORMAL,7.9,3.4,12.3,15.0
10329,0.677,0,WARNING,7.8,2.1,4.8,10.1
10330,0.9953,0,WARNING,7.7,2.1,2.6,10.6
10331,0.2058,0,NORMAL,7.7,1.7,2.3,8.4
10332,0.135,0,NORMAL,7.7,2.0,2.4,8.3
10333,0.7785,0,WARNING,8.0,4.0,9.9,12.4
10334,0.9975,0,WARNING,8.7,14.3,5.1,8.5
10335,0.1314,0,NORMAL,7.7,1.9,2.4,7.8
10336,0.1292,0,NORMAL,7.8,2.2,2.2,7.8
10337,0.2769,0,NORMAL,7.7,2.0,3.4,9.0
10338,0.4116,0,NORMAL,7.8,3.0,9.3,12.1
10339,0.7047,0,WARNING,7.8,2.8,8.1,13.0
10340,0.6769,0,WARNING,7.8,2.3,3.4,10.2
10341,0.6771,0,WARNING,7.8,2.3,3.2,10.1
10342,0.538,0,NORMAL,7.8,1.8,3.7,9.7
10343,0.4947,0,NORMAL,7.8,2.4,6.1,10.8
10344,1.0,0,ANOMALY,13.9,23.5,12.2,12.6
10345,0.6521,0,WARNING,7.8,2.4,5.2,8.7
10346,0.2397,0,NORMAL,7.8,2.5,5.0,8.4
10347,0.5379,0,NORMAL,7.8,2.1,3.1,9.2
10348,0.4474,0,NORMAL,7.9,2.2,2.7,8.8
10349,0.5109,0,NORMAL,7.9,3.8,11.7,14.5
10350,0.5377,0,NORMAL,7.8,2.4,3.0,9.4
10351,0.6469,0,WARNING,7.8,1.9,3.4,9.9
10352,0.3955,0,NORMAL,7.8,2.4,3.7,9.1
10353,0.4947,0,NORMAL,7.8,2.9,4.2,9.5
10354,0.9979,0,WARNING,9.2,16.1,12.8,15.0
10355,0.5765,0,NORMAL,7.9,2.4,5.2,9.8
10356,0.6768,0,WARNING,7.9,2.0,3.5,9.9
10357,0.2767,0,NORMAL,7.9,2.6,3.9,8.7
10358,0.0783,0,NORMAL,8.0,1.6,2.5,6.8
10359,0.6465,0,WARNING,8.0,2.8,14.5,14.0
10360,0.9963,0,WARNING,7.9,2.4,7.3,11.0
10361,0.3824,0,NORMAL,7.9,2.3,5.5,8.0
10362,0.1711,0,NORMAL,7.9,2.2,5.3,8.4
10363,0.171,0,NORMAL,7.9,2.2,5.4,8.8
10364,1.0,0,ANOMALY,14.6,24.2,14.3,14.0
10365,0.6542,0,WARNING,8.0,2.5,7.8,8.3
10366,0.1808,0,NORMAL,7.9,2.0,5.4,8.0
10367,0.2766,0,NORMAL,8.0,2.5,4.6,8.9
10368,0.538,0,NORMAL,7.9,2.6,2.9,9.2
10369,0.5099,0,NORMAL,8.0,3.3,11.7,14.6
10370,0.214,0,NORMAL,7.9,1.5,4.0,7.4
10371,0.1142,0,NORMAL,7.9,2.1,2.3,8.0
10372,0.3869,0,NORMAL,7.8,2.5,2.3,7.8
10373,0.3069,0,NORMAL,7.9,1.7,2.0,7.5
10374,1.0,0,ANOMALY,10.8,18.4,11.1,13.5
10375,0.5162,0,NORMAL,7.9,1.6,2.3,7.6
10376,0.1367,0,NORMAL,7.9,2.1,2.8,8.3
10377,0.5776,0,NORMAL,7.9,2.8,2.8,9.3
10378,0.7302,0,WARNING,7.9,2.5,3.1,10.3
10379,0.5733,0,NORMAL,8.0,4.1,13.3,14.1
10380,0.6469,0,WARNING,8.3,5.5,7.2,7.7
10381,0.7939,0,WARNING,8.7,5.5,7.8,8.6
10382,0.4694,0,NORMAL,8.6,2.5,6.3,8.5
10383,0.4816,0,NORMAL,8.6,2.9,6.5,8.5
10384,1.0,0,ANOMALY,12.5,20.7,13.7,12.9
10385,0.5659,0,NORMAL,8.6,2.6,9.3,9.4
10386,0.3133,0,NORMAL,8.5,2.8,5.2,8.2
10387,0.2765,0,NORMAL,8.4,2.4,2.9,8.4
10388,0.3075,0,NORMAL,8.4,1.9,2.6,8.1
10389,0.2705,0,NORMAL,8.4,2.3,7.1,10.4
10390,0.9947,0,WARNING,8.4,2.9,7.4,12.8
10391,0.3946,0,NORMAL,8.4,2.3,2.2,7.5
10392,0.1624,0,NORMAL,8.4,2.4,2.2,7.4
10393,0.339,0,NORMAL,8.4,2.3,2.6,8.6
10394,1.0,0,ANOMALY,10.7,17.2,4.8,11.0
10395,0.6766,0,WARNING,8.5,3.3,10.7,14.1
10396,0.3126,0,NORMAL,8.3,2.3,4.4,8.2
10397,0.2183,0,NORMAL,8.3,2.8,5.3,8.2
10398,0.6754,0,WARNING,8.4,4.1,5.0,8.3
10399,0.5379,0,NORMAL,8.3,2.1,3.1,9.0
10400,0.5167,0,NORMAL,8.4,3.3,11.8,14.2
10401,0.5376,0,NORMAL,8.3,1.8,3.6,9.0
10402,0.2766,0,NORMAL,8.2,2.0,3.1,8.5
10403,0.3078,0,NORMAL,8.2,2.3,3.0,7.8
10404,1.0,0,ANOMALY,11.7,18.4,3.0,7.6
10405,0.5274,0,NORMAL,8.3,3.4,12.0,13.0
10406,0.3342,0,NORMAL,8.2,2.1,4.0,7.9
10407,0.4944,0,NORMAL,8.3,1.9,2.5,8.7
10408,0.4474,0,NORMAL,8.3,2.9,2.5,8.7
10409,0.2778,0,NORMAL,8.3,2.8,2.5,7.8
10410,0.4976,0,NORMAL,8.3,4.1,11.1,12.9
10411,0.287,0,NORMAL,8.2,1.9,2.5,8.2
10412,0.388,0,NORMAL,8.2,2.6,3.5,8.5
10413,0.104,0,NORMAL,8.2,2.2,3.4,7.9
10414,0.997,0,WARNING,9.6,15.2,2.5,8.7
10415,0.5004,0,NORMAL,8.3,3.7,11.4,14.1
10416,0.5374,0,NORMAL,8.2,2.2,4.0,9.0
10417,0.5774,0,NORMAL,8.2,1.7,2.9,9.2
10418,0.2977,0,NORMAL,8.4,2.3,3.8,8.6
10419,0.4947,0,NORMAL,8.6,2.1,3.9,9.0
10420,0.9913,0,WARNING,8.7,3.6,13.0,17.4
10421,0.9275,0,WARNING,8.7,2.1,9.4,8.9
10422,1.0,0,WARNING,8.8,1.9,14.0,9.9
10423,1.0,0,WARNING,9.0,2.8,16.2,10.3
10424,1.0,0,ANOMALY,12.2,18.6,8.9,10.2
10425,0.6417,0,WARNING,9.0,3.4,15.6,14.2
10426,0.4427,0,NORMAL,8.6,2.7,5.5,7.8
10427,0.4469,0,NORMAL,8.6,2.1,4.1,9.0
10428,0.3481,0,NORMAL,8.5,2.2,5.3,7.8
10429,0.3039,0,NORMAL,8.5,2.5,5.2,8.0
10430,0.6199,0,WARNING,8.6,3.4,14.3,13.9
10431,0.2271,0,NORMAL,8.5,2.3,7.2,7.9
10432,0.2161,0,NORMAL,8.4,1.7,4.0,8.2
10433,0.3954,0,NORMAL,8.4,1.7,2.7,8.3
10434,1.0,0,ANOMALY,11.4,17.6,2.4,7.2
10435,0.4249,0,NORMAL,8.5,3.2,9.9,11.9
10436,0.3891,0,NORMAL,8.4,2.3,5.1,7.7
10437,0.1337,0,NORMAL,8.4,1.7,4.0,8.3
10438,0.1797,0,NORMAL,8.4,2.7,5.3,8.9
10439,0.209,0,NORMAL,8.4,2.1,3.8,8.5
10440,0.3867,0,NORMAL,8.4,2.2,9.0,11.6
10441,0.2765,0,NORMAL,8.4,2.9,8.1,10.2
10442,0.1379,0,NORMAL,8.4,1.6,1.8,5.8
10443,0.3063,0,NORMAL,8.4,2.3,3.3,8.0
10444,1.0,0,ANOMALY,11.8,19.1,4.5,8.2
10445,0.3481,0,NORMAL,8.4,2.7,6.8,9.2
10446,0.5323,0,NORMAL,8.5,3.1,12.1,12.2
10447,0.2393,0,NORMAL,8.4,2.3,5.1,8.2
10448,0.1714,0,NORMAL,8.5,2.3,5.1,8.0
10449,0.1712,0,NORMAL,8.4,2.7,5.1,8.0
10450,0.998,0,WARNING,8.5,2.3,5.7,11.2
10451,0.6159,0,WARNING,8.4,3.8,14.3,13.4
10452,0.33,0,NORMAL,8.2,2.5,3.9,8.4
10453,0.2458,0,NORMAL,8.2,1.5,2.6,7.5
10454,1.0,0,ANOMALY,11.2,17.7,2.8,9.6
10455,0.6463,0,WARNING,8.2,2.3,3.0,9.3
10456,0.4968,0,NORMAL,8.3,3.7,11.5,12.2
10457,0.46,0,NORMAL,8.3,3.3,6.6,8.5
10458,0.3019,0,NORMAL,8.3,2.7,4.7,8.0
10459,0.307,0,NORMAL,8.3,1.7,2.9,7.9
10460,0.3052,0,NORMAL,8.3,2.5,2.5,7.8
10461,0.496,0,NORMAL,8.4,2.9,11.2,13.0
10462,0.2971,0,NORMAL,8.3,2.3,4.5,8.2
10463,0.5378,0,NORMAL,8.3,2.3,3.3,9.5
10464,1.0,0,ANOMALY,11.4,17.8,3.5,8.7
10465,0.3054,0,NORMAL,8.4,2.2,3.1,7.8
10466,0.5071,0,NORMAL,8.5,3.6,11.4,13.4
10467,0.3103,0,NORMAL,8.4,2.1,4.1,8.1
10468,0.3953,0,NORMAL,8.4,2.5,2.6,8.7
10469,0.4708,0,NORMAL,8.6,3.9,2.5,8.8
10470,0.1361,0,NORMAL,8.4,2.0,2.5,8.0
10471,0.5238,0,NORMAL,8.6,3.9,11.0,12.8
10472,0.4435,0,NORMAL,8.5,3.3,2.5,8.1
10473,0.4946,0,NORMAL,8.4,1.9,2.5,8.9
10474,1.0,0,ANOMALY,13.3,20.3,2.7,9.2
10475,0.4175,0,NORMAL,8.4,2.1,2.6,7.7
10476,0.4868,0,NORMAL,8.6,3.5,11.0,12.7
10477,0.2763,0,NORMAL,8.5,2.2,3.2,8.5
10478,0.4946,0,NORMAL,8.5,2.0,4.9,10.1
10479,0.3184,0,NORMAL,8.5,2.5,6.0,8.7
10480,0.9958,0,WARNING,8.5,2.1,6.5,11.9
10481,0.6391,0,WARNING,8.6,3.1,15.1,14.6
10482,0.3805,0,NORMAL,8.6,2.2,7.3,8.8
10483,0.3273,0,NORMAL,8.5,2.2,5.2,8.3
10484,1.0,0,ANOMALY,13.0,20.0,5.1,8.1
10485,0.3368,0,NORMAL,8.5,1.9,4.5,8.6
10486,0.4944,0,NORMAL,8.6,2.9,10.5,13.6
10487,0.6135,0,WARNING,8.6,2.3,5.7,10.4
10488,0.6136,0,WARNING,8.5,2.4,3.0,9.6
10489,0.3955,0,NORMAL,8.6,2.1,2.8,8.7
10490,0.2301,0,NORMAL,8.6,2.7,2.8,8.1
10491,0.3869,0,NORMAL,8.6,2.8,7.1,10.5
10492,0.3986,0,NORMAL,8.6,3.8,7.4,10.9
10493,0.5377,0,NORMAL,8.6,2.7,3.0,9.6
10494,0.9973,0,WARNING,9.9,15.0,3.1,9.3
10495,0.6132,0,WARNING,8.6,2.5,3.1,9.6
10496,0.2087,0,NORMAL,8.7,2.1,5.4,9.9
10497,0.4472,0,NORMAL,8.7,3.5,9.6,13.2
10498,0.4943,0,NORMAL,8.7,3.0,2.9,9.1
10499,0.2301,0,NORMAL,8.7,3.0,3.0,8.5
10500,0.174,0,NORMAL,8.7,2.3,2.5,7.9
10501,0.6343,0,WARNING,8.8,3.6,3.4,8.9
10502,0.5789,0,NORMAL,8.9,4.9,13.1,14.8
10503,0.3433,0,NORMAL,8.7,2.6,2.8,8.5
10504,1.0,0,ANOMALY,13.4,20.5,2.7,9.4
10505,0.4123,0,NORMAL,8.9,2.7,3.1,9.3
10506,0.3083,0,NORMAL,9.0,2.3,3.1,7.9
10507,0.519,0,NORMAL,9.2,3.6,11.9,13.2
10508,0.3003,0,NORMAL,9.1,2.1,3.7,8.2
10509,0.3114,0,NORMAL,9.1,2.0,3.4,7.9
10510,0.9953,0,WARNING,9.1,2.3,3.4,11.9
10511,0.5378,0,NORMAL,9.2,3.2,3.2,9.6
10512,0.5339,0,NORMAL,9.3,4.2,11.9,14.0
10513,0.3263,0,NORMAL,9.1,2.0,3.6,7.9
10514,0.9976,0,WARNING,10.6,15.5,3.7,9.5
10515,0.5372,0,NORMAL,9.1,3.5,3.7,9.7
10516,0.7047,0,WARNING,9.2,3.5,4.0,10.6
10517,0.6469,0,WARNING,9.3,3.9,13.6,15.8
10518,0.3536,0,NORMAL,9.2,3.2,6.6,8.8
10519,0.4469,0,NORMAL,9.0,2.6,3.9,9.3
10520,0.1883,0,NORMAL,9.0,2.0,5.6,8.5
10521,0.357,0,NORMAL,9.0,3.4,6.1,8.6
10522,0.5775,0,NORMAL,9.2,3.7,12.8,15.0
10523,0.7045,0,WARNING,9.1,1.9,5.2,10.3
10524,1.0,0,ANOMALY,11.5,17.4,4.6,7.9
10525,0.2927,0,NORMAL,9.1,2.2,4.3,8.4
10526,0.2704,0,NORMAL,9.1,2.4,5.2,8.1
10527,0.5913,0,NORMAL,9.2,3.7,13.7,13.4
10528,0.3949,0,NORMAL,9.1,2.6,4.5,8.8
10529,0.3385,0,NORMAL,9.2,2.3,2.5,8.5
10530,0.6336,0,WARNING,9.4,4.1,2.8,8.9
10531,0.3083,0,NORMAL,9.1,2.0,2.3,7.2
10532,0.4961,0,NORMAL,9.3,3.4,11.0,12.8
10533,0.304,0,NORMAL,9.1,2.3,2.7,7.4
10534,1.0,0,ANOMALY,13.5,19.7,2.1,7.7
10535,0.3839,0,NORMAL,9.2,2.4,4.6,8.2
10536,0.3421,0,NORMAL,9.3,2.2,5.1,7.9
10537,0.5723,0,NORMAL,9.3,3.2,12.6,12.5
10538,0.4074,0,NORMAL,9.3,2.8,8.5,9.0
10539,0.3469,0,NORMAL,9.3,2.0,5.4,8.1
10540,0.9932,0,WARNING,9.1,1.9,4.2,11.0
10541,0.2435,0,NORMAL,9.1,2.6,2.6,7.9
10542,0.6138,0,WARNING,9.1,2.5,7.8,12.5
10543,0.4298,0,NORMAL,9.2,2.7,10.5,11.3
10544,1.0,0,ANOMALY,11.8,17.4,4.6,8.9
10545,0.6461,0,WARNING,9.1,1.9,3.3,9.7
10546,0.6136,0,WARNING,9.1,2.0,3.2,9.5
10547,0.3677,0,NORMAL,9.1,3.2,4.9,9.1
10548,0.387,0,NORMAL,9.2,2.9,9.4,11.4
10549,0.3446,0,NORMAL,9.1,3.4,2.1,7.5
10550,0.6469,0,WARNING,9.1,2.5,2.8,9.8
10551,0.4947,0,NORMAL,9.1,1.8,3.5,9.2
10552,0.3087,0,NORMAL,9.1,3.1,2.8,8.4
10553,0.5058,0,NORMAL,9.2,3.5,11.4,13.1
10554,1.0,0,ANOMALY,12.4,18.7,3.3,8.7
10555,0.6955,0,WARNING,9.2,3.6,2.5,8.9
10556,0.3384,0,NORMAL,9.1,2.4,2.5,8.6
10557,0.4473,0,NORMAL,9.1,1.9,2.6,8.8
10558,0.5054,0,NORMAL,9.2,3.4,11.4,14.3
10559,0.6136,0,WARNING,9.1,2.2,3.8,9.7
10560,0.3386,0,NORMAL,9.1,2.1,2.7,8.6
10561,0.3955,0,NORMAL,9.1,2.8,2.4,8.7
10562,0.4474,0,NORMAL,9.1,2.2,2.5,8.8
10563,0.4965,0,NORMAL,9.3,2.5,11.3,12.8
10564,1.0,0,ANOMALY,12.1,17.6,2.6,7.3
10565,0.3467,0,NORMAL,9.2,2.3,2.1,7.5
10566,0.3952,0,NORMAL,9.2,2.0,3.8,10.0
10567,0.3388,0,NORMAL,9.3,1.9,5.4,10.4
10568,0.6238,0,WARNING,9.3,3.4,15.0,16.4
10569,0.3644,0,NORMAL,9.2,2.3,7.6,10.0
10570,0.9967,0,WARNING,9.2,2.4,3.6,12.5
10571,0.4943,0,NORMAL,9.3,2.9,3.1,9.1
10572,0.5584,0,NORMAL,9.3,2.9,2.4,7.3
10573,0.5022,0,NORMAL,9.3,3.8,11.2,12.9
10574,1.0,0,ANOMALY,12.4,18.2,2.2,7.5
10575,0.2815,0,NORMAL,9.2,2.1,1.9,7.2
10576,0.2288,0,NORMAL,9.2,1.8,1.8,7.3
10577,0.4475,0,NORMAL,9.2,1.9,2.2,8.7
10578,0.4955,0,NORMAL,9.3,2.9,11.0,14.0
10579,0.2765,0,NORMAL,9.2,1.5,3.2,8.3
10580,0.0955,0,NORMAL,9.2,2.1,2.1,7.1
10581,0.134,0,NORMAL,9.2,1.8,2.1,7.3
10582,0.5381,0,NORMAL,9.2,1.9,2.4,9.1
10583,0.6139,0,WARNING,9.3,2.7,11.7,14.9
10584,1.0,0,WARNING,11.1,16.2,4.4,8.9
10585,0.6461,0,WARNING,9.3,1.9,3.0,9.7
10586,0.5773,0,NORMAL,9.3,2.1,2.9,9.3
10587,0.6469,0,WARNING,9.3,2.6,2.8,9.7
10588,0.647,0,WARNING,9.3,3.1,10.6,14.4
10589,0.5773,0,NORMAL,9.2,2.7,5.6,10.3
10590,0.7454,0,WARNING,9.4,3.4,2.9,9.6
10591,0.3387,0,NORMAL,9.3,2.6,2.5,8.6
10592,0.3389,0,NORMAL,9.3,2.8,2.8,8.6
10593,0.567,0,NORMAL,9.4,4.0,7.5,11.4
10594,1.0,0,ANOMALY,12.1,18.4,7.4,11.1
10595,0.6128,0,WARNING,9.3,1.5,3.1,9.4
10596,0.1291,0,NORMAL,9.3,2.3,4.6,7.9
10597,0.113,0,NORMAL,9.3,2.0,4.5,8.1
10598,0.4947,0,NORMAL,9.3,2.8,4.9,10.2
10599,0.4022,0,NORMAL,9.4,3.5,9.8,12.2
10600,0.9932,0,WARNING,9.3,1.6,2.7,11.4
10601,0.3151,0,NORMAL,9.3,1.7,2.3,7.5
10602,0.1457,0,NORMAL,9.3,1.7,2.1,7.2
10603,0.1559,0,NORMAL,9.3,1.7,2.1,7.3
10604,1.0,0,ANOMALY,13.9,22.0,10.8,13.9
10605,0.5769,0,NORMAL,9.3,1.5,2.4,8.5
10606,0.5376,0,NORMAL,9.2,2.2,3.8,9.5
10607,0.2081,0,NORMAL,9.3,2.0,4.2,8.2
10608,0.3073,0,NORMAL,9.3,2.9,2.8,8.2
10609,0.5049,0,NORMAL,9.4,4.1,11.2,13.5
10610,0.3106,1,NORMAL,9.3,2.8,2.4,8.1
10611,0.2118,1,NORMAL,9.3,1.7,2.1,7.2
10612,1.0,1,ANOMALY,16.0,2.3,5.8,8.3
10613,1.0,1,ANOMALY,32.6,3.7,21.6,12.4
10614,1.0,1,ANOMALY,41.1,17.4,22.1,14.5
10615,1.0,1,ANOMALY,43.3,3.9,9.9,12.0
10616,1.0,1,ANOMALY,46.5,2.9,10.9,11.4
10617,1.0,1,ANOMALY,49.3,3.8,15.0,12.2
10618,1.0,1,ANOMALY,50.6,3.3,21.5,16.3
10619,1.0,1,ANOMALY,32.2,4.7,16.7,15.4
10620,1.0,1,ANOMALY,26.7,2.8,4.4,7.3
10621,1.0,1,ANOMALY,24.1,2.9,2.1,7.7
10622,1.0,1,ANOMALY,22.1,2.6,4.4,8.3
10623,1.0,1,ANOMALY,20.7,3.1,4.8,8.0
10624,1.0,1,ANOMALY,23.5,19.8,12.2,14.8
10625,1.0,1,ANOMALY,18.4,2.2,6.5,8.0
10626,1.0,1,ANOMALY,17.6,2.0,3.4,9.7
10627,1.0,0,ANOMALY,16.8,2.4,3.1,9.5
10628,1.0,0,ANOMALY,16.0,1.6,4.5,9.3
10629,1.0,0,ANOMALY,15.6,3.7,15.5,13.9
10630,1.0,0,ANOMALY,15.1,1.9,8.4,11.3
10631,1.0,0,ANOMALY,14.6,2.1,6.7,8.5
10632,1.0,0,ANOMALY,14.2,2.3,6.8,8.6
10633,1.0,0,ANOMALY,13.8,2.7,6.9,8.5
10634,1.0,0,ANOMALY,15.0,16.3,15.5,13.8
10635,1.0,0,ANOMALY,13.2,2.5,8.4,8.6
10636,1.0,0,ANOMALY,12.9,1.9,6.7,8.3
10637,1.0,0,ANOMALY,12.7,2.4,6.2,8.6
10638,1.0,0,ANOMALY,12.4,2.6,3.4,9.4
10639,1.0,0,ANOMALY,12.3,2.9,11.1,14.6
10640,1.0,0,ANOMALY,12.0,2.2,9.4,12.6
10641,1.0,0,ANOMALY,11.8,2.7,4.5,9.0
10642,1.0,0,ANOMALY,11.7,1.9,3.3,9.1
10643,1.0,0,WARNING,11.5,2.6,2.9,9.1
10644,1.0,0,ANOMALY,16.1,20.9,8.7,11.6
10645,1.0,0,WARNING,11.3,2.8,8.2,11.9
10646,1.0,0,WARNING,11.2,1.8,4.5,8.9
10647,0.9998,0,WARNING,11.2,2.6,6.5,8.4
10648,0.9991,0,WARNING,11.1,1.9,6.8,8.5
10649,0.9955,0,WARNING,11.0,3.0,9.0,9.6
10650,0.9819,0,WARNING,11.0,3.6,15.8,13.8
10651,0.9296,0,WARNING,10.8,3.3,9.8,10.5
10652,0.7472,0,WARNING,10.7,2.5,7.4,11.0
10653,0.5377,0,NORMAL,10.6,2.7,4.6,9.5
10654,1.0,0,ANOMALY,13.6,17.6,4.0,9.8
10655,0.5371,0,NORMAL,10.6,3.7,12.0,14.5
10656,0.494,0,NORMAL,10.4,2.2,3.7,8.7
10657,0.5775,0,NORMAL,10.4,2.5,3.1,9.1
10658,0.3085,0,NORMAL,10.3,1.9,4.1,8.2
10659,0.1153,0,NORMAL,10.3,2.3,3.2,7.9
10660,0.9963,0,WARNING,10.3,3.8,11.7,17.5
10661,0.6465,0,WARNING,10.2,2.8,4.0,9.4
10662,0.6467,0,WARNING,10.2,2.5,2.8,9.4
10663,0.0942,0,NORMAL,10.1,2.4,3.9,7.7
10664,1.0,0,ANOMALY,13.8,19.1,5.2,7.9
10665,0.5957,0,NORMAL,10.2,4.1,14.2,13.3
10666,0.3378,0,NORMAL,10.0,2.1,7.2,7.7
10667,0.1512,0,NORMAL,10.0,2.3,5.5,7.7
10668,1.0,0,ANOMALY,10.0,2.1,5.5,10.1
10669,0.0844,0,NORMAL,10.0,2.7,4.8,7.9
10670,0.5465,0,NORMAL,10.0,3.1,12.9,13.7
10671,0.3067,0,NORMAL,9.9,2.8,5.9,8.4
10672,0.1332,0,NORMAL,9.9,2.0,4.0,9.1
10673,0.4472,0,NORMAL,9.9,1.9,2.6,8.4
10674,0.9965,0,WARNING,11.5,15.3,2.4,8.4
10675,0.5189,0,NORMAL,10.0,4.3,11.6,14.2
10676,0.3544,0,NORMAL,9.9,2.7,5.2,7.4
10677,0.1635,0,NORMAL,9.8,2.1,3.5,7.4
10678,0.209,0,NORMAL,9.8,1.7,2.5,7.9
10679,0.0912,0,NORMAL,9.8,2.7,2.1,7.0
10680,0.4805,0,NORMAL,9.9,3.1,10.9,12.5
10681,0.3952,0,NORMAL,9.8,2.4,2.5,8.3
10682,0.3954,0,NORMAL,9.8,3.0,2.4,8.2
10683,0.4947,0,NORMAL,9.8,3.1,2.6,8.7
10684,1.0,0,ANOMALY,13.9,19.5,3.1,8.9
10685,0.5785,0,NORMAL,10.0,3.5,13.1,13.4
10686,0.3582,0,NORMAL,9.8,2.0,4.9,8.1
10687,0.4312,0,NORMAL,9.8,3.2,2.6,7.7
10688,0.3388,0,NORMAL,9.7,2.1,3.1,8.3
10689,0.3076,0,NORMAL,9.8,2.6,4.2,7.5
10690,0.9967,0,WARNING,9.9,2.2,12.7,15.2
10691,0.5068,0,NORMAL,9.7,2.3,7.4,8.0
10692,0.1538,0,NORMAL,9.7,2.2,4.8,7.5
10693,0.171,0,NORMAL,9.7,2.0,4.8,7.3
10694,0.9966,0,WARNING,11.3,15.3,5.0,7.4
10695,0.4534,0,NORMAL,9.8,3.4,9.7,10.4
10696,0.5225,0,NORMAL,9.8,2.8,12.0,11.4
10697,0.4166,0,NORMAL,9.9,2.8,8.2,9.2
10698,0.3086,0,NORMAL,9.8,2.2,5.2,7.2
10699,0.1627,0,NORMAL,9.8,2.8,4.9,7.3
10700,0.2229,0,NORMAL,9.7,1.6,6.2,9.3
10701,0.3652,0,NORMAL,9.7,3.2,9.4,10.7
10702,0.2778,0,NORMAL,9.7,2.8,2.0,6.6
10703,0.2778,0,NORMAL,9.7,2.9,2.5,7.0
10704,1.0,0,ANOMALY,13.0,18.9,3.9,7.7
10705,0.3873,0,NORMAL,9.7,2.5,4.6,7.5
10706,0.6317,0,WARNING,9.8,4.2,14.6,13.4
10707,0.6133,0,WARNING,9.7,3.6,3.2,9.2
10708,0.4945,0,NORMAL,9.7,2.9,3.3,9.1
10709,0.5379,0,NORMAL,9.7,3.3,3.8,9.4
10710,0.1386,0,NORMAL,9.7,1.8,2.6,5.8
10711,0.6355,0,WARNING,10.0,5.3,13.0,15.7
10712,0.4454,0,NORMAL,9.7,3.4,4.3,9.7
10713,0.4517,0,NORMAL,9.7,3.9,5.7,9.9
10714,1.0,0,ANOMALY,11.7,17.0,6.4,10.3
10715,0.537,0,NORMAL,9.7,3.4,6.2,10.6
10716,0.6241,0,WARNING,9.8,4.5,15.3,16.2
10717,0.4401,0,NORMAL,9.7,3.4,7.2,9.8
10718,0.3949,0,NORMAL,9.7,2.0,6.1,9.9
10719,0.3953,0,NORMAL,9.8,2.8,5.9,9.9
10720,0.9913,0,WARNING,9.9,3.6,3.9,11.5
10721,0.4902,0,NORMAL,9.9,3.1,11.4,13.5
10722,0.3539,0,NORMAL,9.8,2.3,6.3,8.5
10723,0.2767,0,NORMAL,9.8,2.9,5.7,8.6
10724,1.0,0,ANOMALY,13.2,18.9,5.9,8.9
10725,0.3198,0,NORMAL,9.8,3.3,6.2,9.4
10726,0.6318,0,WARNING,9.9,3.7,15.0,15.3
10727,0.4583,0,NORMAL,9.8,3.0,5.7,8.9
10728,0.2577,0,NORMAL,9.8,2.3,2.1,6.8
10729,0.4948,0,NORMAL,9.8,3.0,2.5,7.9
10730,0.2861,0,NORMAL,9.7,2.6,2.0,6.3
10731,0.4752,0,NORMAL,9.9,2.8,10.7,11.7
10732,0.3952,0,NORMAL,9.8,2.7,2.2,7.7
10733,0.3955,0,NORMAL,9.8,2.6,2.3,7.6
10734,1.0,0,ANOMALY,12.3,17.4,2.3,7.7
10735,0.2238,0,NORMAL,9.8,2.1,2.0,6.3
10736,0.4757,0,NORMAL,9.9,3.2,10.8,11.7
10737,0.8282,0,WARNING,7.4,6.2,2.5,8.1
10738,0.4472,0,NORMAL,4.7,2.1,2.2,7.9
10739,0.2769,0,NORMAL,4.7,2.1,3.6,8.8
10740,0.1164,0,NORMAL,4.7,2.3,3.6,7.8
10741,0.5415,0,NORMAL,4.8,3.0,12.2,13.2
10742,0.4469,0,NORMAL,4.7,2.7,5.7,8.8
10743,0.4943,0,NORMAL,4.8,2.0,2.9,7.7
10744,1.0,0,WARNING,6.6,16.0,3.0,7.7
10745,0.3946,0,NORMAL,4.8,2.9,2.6,7.6
10746,0.4471,0,NORMAL,4.8,3.0,8.5,11.0
10747,0.2294,0,NORMAL,4.8,2.8,7.8,9.0
10748,0.2986,0,NORMAL,4.8,1.5,3.3,6.4
10749,0.1749,0,NORMAL,4.7,2.4,3.2,6.3
10750,0.9902,0,WARNING,4.8,1.7,3.6,9.2
10751,0.3386,0,NORMAL,4.7,2.1,4.7,8.6
10752,0.4472,0,NORMAL,4.7,3.5,8.8,11.3
10753,0.5149,0,NORMAL,4.8,3.1,2.9,7.6
10754,1.0,0,ANOMALY,7.0,17.4,3.6,8.4
10755,0.3903,0,NORMAL,4.8,2.8,2.2,6.1
10756,0.1755,0,NORMAL,4.7,2.2,2.4,6.4
10757,0.7469,0,WARNING,4.9,4.2,11.5,13.0
10758,0.3384,0,NORMAL,4.7,2.1,2.2,7.0
10759,0.3955,0,NORMAL,4.7,2.8,2.2,7.3
10760,0.3956,0,NORMAL,4.7,2.8,2.2,7.1
10761,0.2769,0,NORMAL,4.7,2.7,2.0,6.7
10762,0.4879,0,NORMAL,4.8,3.0,10.9,12.7
10763,0.3951,0,NORMAL,4.7,2.4,2.7,7.1
10764,1.0,0,ANOMALY,7.5,17.5,2.3,6.9
10765,0.3944,0,NORMAL,4.7,2.0,2.1,7.1
10766,0.5108,0,NORMAL,4.9,2.8,2.1,6.6
10767,0.7854,0,WARNING,4.9,3.9,10.6,11.1
10768,0.6609,0,WARNING,4.8,3.1,1.9,5.5
10769,0.3064,0,NORMAL,4.8,3.2,1.7,5.6
10770,0.245,0,NORMAL,4.8,2.6,1.7,5.7
10771,0.2575,0,NORMAL,4.9,2.3,1.6,5.7
10772,0.4695,0,NORMAL,5.0,4.1,10.6,11.2
10773,0.3095,0,NORMAL,4.8,2.7,1.7,5.5
10774,1.0,0,ANOMALY,7.0,17.0,1.7,6.3
10775,0.3377,0,NORMAL,4.8,1.8,1.8,6.8
10776,0.3953,0,NORMAL,4.8,2.1,2.0,7.0
10777,0.4752,0,NORMAL,4.8,4.3,10.8,11.0
10778,0.3858,0,NORMAL,4.8,3.0,2.4,5.4
10779,0.2203,0,NORMAL,4.8,2.8,1.7,6.0
10780,0.984,0,WARNING,4.8,2.6,1.7,8.0
10781,0.2438,0,NORMAL,4.8,2.4,1.5,5.5
10782,0.4749,0,NORMAL,4.8,3.3,10.4,11.3
10783,0.303,0,NORMAL,4.8,2.2,1.7,6.0
10784,1.0,0,ANOMALY,8.4,18.9,1.7,5.9
10785,0.6902,0,WARNING,4.9,3.3,1.5,5.4
10786,0.6974,0,WARNING,4.8,2.9,2.1,5.6
10787,0.8949,0,WARNING,5.1,4.6,11.8,11.6
10788,0.5033,0,NORMAL,4.9,2.2,3.4,5.5
10789,0.3292,0,NORMAL,4.8,3.1,3.3,5.4
10790,0.4971,0,NORMAL,4.9,3.4,4.8,6.3
10791,0.5328,0,NORMAL,4.8,2.9,2.0,5.6
10792,0.4696,0,NORMAL,4.8,2.5,10.6,12.0
10793,0.3384,0,NORMAL,4.8,1.8,3.9,6.6
10794,1.0,0,ANOMALY,7.6,17.1,2.4,7.0
10795,0.2593,0,NORMAL,4.8,2.0,2.1,5.7
10796,0.4471,0,NORMAL,4.8,1.5,1.8,6.7
10797,0.339,0,NORMAL,4.8,2.7,7.2,9.7
10798,0.3387,0,NORMAL,4.8,2.2,6.9,9.0
10799,0.4391,0,NORMAL,4.8,3.6,3.3,6.7
10800,0.5191,0,NORMAL,4.8,3.4,3.5,6.9
10801,0.1891,0,NORMAL,4.8,2.8,3.4,6.8
10802,0.4509,0,NORMAL,4.8,3.8,4.9,7.1
10803,0.4386,0,NORMAL,4.8,4.0,8.3,9.1
10804,1.0,0,ANOMALY,7.8,17.7,2.1,5.4
10805,0.2796,0,NORMAL,4.8,2.0,2.2,5.2
10806,0.2564,0,NORMAL,4.9,1.4,1.9,5.6
10807,0.3063,0,NORMAL,4.8,2.3,1.7,5.6
10808,0.4696,0,NORMAL,4.8,3.2,10.3,10.6
10809,0.2196,0,NORMAL,4.8,2.4,1.5,5.3
10810,0.9958,0,WARNING,4.8,1.7,1.8,9.2
10811,0.3953,0,NORMAL,4.8,2.8,2.2,7.3
10812,0.4703,0,NORMAL,4.9,3.2,2.1,6.1
10813,0.5132,0,NORMAL,4.9,3.9,10.5,10.6
10814,1.0,0,ANOMALY,8.0,18.6,1.7,5.2
10815,0.3864,0,NORMAL,4.9,2.7,1.7,5.1
10816,0.3457,0,NORMAL,4.9,2.9,1.4,5.6
10817,0.3389,0,NORMAL,5.0,2.5,1.8,6.5
10818,0.4752,0,NORMAL,5.0,3.2,10.6,11.8
10819,0.3384,0,NORMAL,5.0,2.1,1.7,6.4
10820,0.2769,0,NORMAL,5.0,1.9,1.9,6.0
10821,0.2137,0,NORMAL,4.9,2.6,1.9,5.6
10822,0.1974,0,NORMAL,5.0,2.2,1.8,5.6
10823,0.475,0,NORMAL,5.0,3.2,10.8,11.9
10824,1.0,0,ANOMALY,8.2,18.7,2.6,5.1
10825,0.9708,0,WARNING,5.5,5.9,1.7,5.3
10826,0.7488,0,WARNING,5.2,3.9,1.7,5.2
10827,0.5939,0,NORMAL,5.1,3.0,1.7,5.3
10828,0.722,0,WARNING,5.3,4.8,11.8,12.1
10829,0.4199,0,NORMAL,5.1,3.9,3.6,6.9
10830,0.3383,0,NORMAL,5.1,3.3,2.7,6.6
10831,0.3235,0,NORMAL,5.1,3.5,2.0,5.6
10832,0.2903,0,NORMAL,5.2,2.5,1.7,5.4
10833,0.4783,0,NORMAL,5.2,3.9,10.6,11.6
10834,1.0,0,ANOMALY,7.3,16.8,2.0,7.2
10835,0.3944,0,NORMAL,5.1,2.7,2.3,7.1
10836,0.3581,0,NORMAL,5.1,2.5,1.9,5.9
10837,0.1793,0,NORMAL,5.1,2.2,1.6,5.1
10838,0.8014,0,WARNING,5.3,4.0,10.5,10.6
10839,0.3887,0,NORMAL,5.2,2.7,2.2,5.3
10840,0.994,0,WARNING,5.1,2.2,3.2,9.0
10841,0.2625,0,NORMAL,5.1,2.5,3.9,6.0
10842,0.1932,0,NORMAL,5.2,2.7,4.9,5.9
10843,0.5415,0,NORMAL,5.2,3.1,12.1,11.1
10844,1.0,0,ANOMALY,8.3,17.6,3.6,6.2
10845,0.2695,0,NORMAL,5.2,2.2,1.8,5.6
10846,0.3069,0,NORMAL,5.2,2.3,1.5,4.7
10847,0.3377,0,NORMAL,5.3,2.3,2.2,5.4
10848,0.3992,0,NORMAL,5.3,4.0,8.5,8.9
10849,0.9873,0,WARNING,6.1,7.8,7.7,8.3
10850,0.3949,0,NORMAL,5.3,1.9,1.9,6.3
10851,0.5379,0,NORMAL,5.3,2.0,1.8,6.8
10852,0.1827,0,NORMAL,5.3,2.0,1.5,5.6
10853,0.4475,0,NORMAL,5.3,2.4,4.4,7.9
10854,1.0,0,ANOMALY,9.5,20.1,8.3,9.9
10855,0.5152,0,NORMAL,5.3,2.2,2.3,6.9
10856,0.1713,0,NORMAL,5.3,2.6,4.7,6.0
10857,0.3203,0,NORMAL,5.3,2.6,4.1,5.9
10858,0.9999,0,WARNING,5.2,2.3,2.1,6.4
10859,0.4806,0,NORMAL,5.3,4.1,10.8,11.2
10860,0.2358,0,NORMAL,5.3,1.8,2.4,5.1
10861,0.1755,0,NORMAL,5.3,2.3,1.6,5.1
10862,0.3057,0,NORMAL,5.3,2.1,2.3,5.9
10863,0.3064,0,NORMAL,5.3,2.4,1.7,5.6
10864,1.0,0,ANOMALY,7.6,17.4,10.4,10.6
10865,0.4523,0,NORMAL,5.3,2.4,1.4,5.0
10866,0.2248,0,NORMAL,5.3,1.4,1.2,5.3
10867,0.3956,0,NORMAL,5.4,1.8,1.7,6.2
10868,0.3957,0,NORMAL,5.4,1.8,1.7,6.3
10869,0.4695,0,NORMAL,5.4,3.8,10.3,10.5
10870,0.9704,0,WARNING,5.4,2.0,1.5,7.2
10871,0.3029,0,NORMAL,5.4,2.4,1.8,5.2
10872,0.1833,0,NORMAL,5.3,1.8,1.4,4.8
10873,0.2196,0,NORMAL,5.3,2.5,1.4,4.6
10874,1.0,0,ANOMALY,8.2,18.4,10.3,10.3
10875,0.4716,0,NORMAL,5.3,3.1,4.1,7.2
10876,0.2294,0,NORMAL,5.3,2.7,5.3,7.7
10877,0.2908,0,NORMAL,5.4,2.8,6.5,7.1
10878,0.3074,0,NORMAL,5.4,2.8,6.0,7.0
10879,0.5321,0,NORMAL,5.5,3.5,11.9,12.4
10880,0.5376,0,NORMAL,5.4,2.0,5.4,8.2
10881,0.3951,0,NORMAL,5.4,2.4,3.5,7.7
10882,0.3387,0,NORMAL,5.4,2.2,3.7,7.7
10883,0.5963,0,NORMAL,5.5,2.6,3.5,7.5
10884,1.0,0,ANOMALY,8.3,18.2,12.1,12.7
10885,0.5765,0,NORMAL,5.4,2.5,4.9,7.9
10886,0.5375,0,NORMAL,5.4,2.2,2.1,6.7
10887,0.2173,0,NORMAL,5.4,2.1,1.5,4.8
10888,0.1671,0,NORMAL,5.4,2.0,1.3,4.5
10889,0.4696,0,NORMAL,5.4,3.1,10.1,9.9
10890,0.3953,0,NORMAL,5.4,1.7,1.7,6.0
10891,0.5776,0,NORMAL,5.4,1.5,1.7,6.7
10892,0.5777,0,NORMAL,5.4,1.8,1.8,6.7
10893,0.2099,0,NORMAL,5.4,2.4,1.6,5.5
10894,0.9972,0,WARNING,6.9,16.4,10.4,11.0
10895,0.4061,0,NORMAL,5.4,2.9,3.4,5.5
10896,0.2324,0,NORMAL,5.4,1.8,1.4,4.7
10897,0.3069,0,NORMAL,5.4,1.9,1.4,5.5
10898,0.3957,0,NORMAL,5.4,1.7,2.8,6.4
10899,0.3991,0,NORMAL,5.5,3.0,8.5,9.3
10900,0.9947,0,WARNING,5.4,1.5,6.2,9.2
10901,0.385,0,NORMAL,5.4,1.7,2.0,5.4
10902,0.4473,0,NORMAL,5.5,4.3,3.4,7.8
10903,0.4946,0,NORMAL,5.4,2.1,3.8,7.9
10904,1.0,0,WARNING,7.2,16.0,5.4,7.2
10905,0.55,0,NORMAL,5.6,5.5,8.6,7.7
10906,0.9999,0,WARNING,5.3,1.0,1.0,4.1
10907,0.2341,0,NORMAL,5.4,2.0,1.5,4.9
10908,0.9999,0,WARNING,5.3,1.3,1.1,3.5
10909,0.2144,0,NORMAL,5.4,2.6,1.3,4.6
10910,0.4694,0,NORMAL,5.5,2.9,9.7,9.9
10911,0.2868,0,NORMAL,5.5,2.4,1.5,5.2
10912,0.2557,0,NORMAL,5.4,2.1,1.4,5.4
10913,0.5777,0,NORMAL,5.5,1.4,1.6,6.6
10914,1.0,0,ANOMALY,10.0,19.8,1.6,6.8
10915,0.47,0,NORMAL,5.5,3.2,10.6,11.4
10916,0.4465,0,NORMAL,5.5,1.3,1.9,6.0
10917,0.218,0,NORMAL,5.5,2.1,1.5,5.1
10918,0.5381,0,NORMAL,5.5,1.4,1.8,6.5
10919,0.4139,0,NORMAL,5.6,3.8,2.3,5.6
10920,0.5219,0,NORMAL,5.6,2.6,11.2,10.4
10921,0.2987,0,NORMAL,5.5,1.7,3.3,5.0
10922,0.18,0,NORMAL,5.5,1.9,2.2,4.9
10923,0.1865,0,NORMAL,5.5,2.2,1.5,4.4
10924,0.9963,0,WARNING,6.5,13.2,1.3,4.4
10925,0.4753,0,NORMAL,5.5,3.2,10.1,9.8
10926,0.2706,0,NORMAL,5.5,2.2,1.6,5.1
10927,0.9999,0,WARNING,5.4,1.4,0.9,3.0
10928,0.3802,0,NORMAL,5.5,1.2,1.1,5.5
10929,0.614,0,WARNING,5.5,2.4,1.5,6.7
10930,0.9977,0,WARNING,5.5,2.6,10.5,15.0
10931,0.9999,0,WARNING,5.6,1.6,3.4,6.7
10932,0.6136,0,WARNING,5.6,1.9,1.8,6.7
10933,0.9999,0,WARNING,5.5,1.9,1.6,5.8
10934,1.0,0,ANOMALY,9.4,18.7,1.6,6.1
10935,0.47,0,NORMAL,5.6,3.6,10.3,11.2
10936,0.9999,0,WARNING,5.5,2.2,3.3,6.3
10937,0.2765,0,NORMAL,5.6,1.9,1.8,5.6
10938,0.9999,0,WARNING,5.5,1.7,1.4,5.8
10939,0.9999,0,WARNING,5.5,1.8,1.8,6.4
10940,0.647,0,WARNING,5.6,2.6,10.8,12.3
10941,0.4486,0,NORMAL,5.7,2.6,3.8,6.1
10942,0.5774,0,NORMAL,5.8,2.9,1.8,6.4
10943,0.1794,0,NORMAL,5.6,1.9,1.6,4.7
10944,0.9965,0,WARNING,6.1,12.5,1.4,5.4
10945,0.5772,0,NORMAL,5.5,2.9,10.4,11.7
10946,0.9999,0,WARNING,5.5,1.4,3.4,6.6
10947,0.2765,0,NORMAL,5.6,1.7,1.7,5.4
10948,0.1793,0,NORMAL,5.6,1.2,1.4,4.4
10949,0.3853,0,NORMAL,5.6,1.8,1.1,4.1
10950,0.3049,0,NORMAL,5.6,2.1,6.8,7.7
10951,0.3954,0,NORMAL,5.6,2.7,4.8,7.8
10952,0.2088,0,NORMAL,5.6,1.6,1.6,5.3
10953,0.278,0,NORMAL,5.6,2.4,1.2,5.4
10954,1.0,0,ANOMALY,8.8,17.8,1.7,6.6
10955,0.2888,0,NORMAL,5.6,2.2,5.4,7.5
10956,0.4357,0,NORMAL,5.6,1.9,9.7,8.4
10957,0.2763,0,NORMAL,5.6,1.6,2.0,5.5
10958,0.3871,0,NORMAL,5.6,1.8,1.4,4.2
10959,0.4001,0,NORMAL,5.6,2.0,1.2,4.2
10960,0.9975,0,WARNING,5.6,1.4,1.2,7.2
10961,0.4694,0,NORMAL,5.6,2.9,9.6,9.7
10962,0.3021,0,NORMAL,5.6,1.4,1.2,4.2
10963,0.1957,0,NORMAL,5.6,1.7,1.2,4.3
10964,1.0,0,WARNING,7.4,15.1,1.1,4.3
10965,0.9999,0,WARNING,5.4,1.7,1.4,6.1
10966,0.4696,0,NORMAL,5.6,2.6,10.1,9.6
10967,0.2153,0,NORMAL,5.6,1.7,1.2,5.0
10968,0.9999,0,WARNING,5.5,1.5,1.6,6.6
10969,0.6139,0,WARNING,5.6,1.9,1.7,6.5
10970,0.9999,0,WARNING,5.5,1.7,1.8,6.5
10971,0.4749,0,NORMAL,5.6,3.2,10.9,11.4
10972,0.2967,0,NORMAL,5.8,1.3,4.4,5.1
10973,0.954,0,WARNING,6.0,1.5,6.9,5.8
10974,1.0,0,ANOMALY,11.3,20.7,10.7,6.3
10975,0.9999,0,WARNING,6.2,1.6,12.5,7.3
10976,1.0,0,WARNING,6.3,1.9,13.4,8.2
10977,0.9999,0,WARNING,6.4,1.8,13.2,9.6
10978,0.9999,0,WARNING,6.5,1.6,12.6,9.4
10979,0.9999,0,WARNING,6.6,2.3,13.3,9.5
10980,0.4297,0,NORMAL,6.4,3.0,10.2,9.6
10981,0.5955,0,NORMAL,6.1,3.4,15.1,12.7
10982,0.9999,0,WARNING,5.9,2.0,3.0,4.3
10983,0.9999,0,WARNING,5.9,2.5,1.0,4.4
10984,1.0,0,ANOMALY,7.9,15.7,1.2,5.4
10985,0.3381,0,NORMAL,6.0,1.9,1.3,5.4
10986,0.4699,0,NORMAL,6.0,2.7,10.1,10.9
10987,0.9999,0,WARNING,5.8,1.5,2.0,5.7
10988,0.335,0,NORMAL,5.9,1.0,1.2,3.3
10989,0.4949,0,NORMAL,5.9,1.9,1.7,5.9
10990,0.9932,0,WARNING,5.8,1.5,2.8,8.2
10991,0.5118,0,NORMAL,5.9,2.4,11.1,11.0
10992,0.9999,0,WARNING,5.7,1.5,3.2,3.9
10993,0.9999,0,WARNING,5.7,1.7,1.7,5.9
10994,1.0,0,ANOMALY,10.2,19.6,1.5,5.1
10995,0.3966,0,NORMAL,5.8,2.2,2.7,4.8
10996,0.4944,0,NORMAL,5.8,2.2,9.5,10.6
10997,0.5774,0,NORMAL,5.8,1.9,5.0,7.3
10998,0.5775,0,NORMAL,5.8,1.5,2.5,7.0
10999,0.9999,0,WARNING,5.7,1.7,1.9,5.0
11000,0.339,0,NORMAL,5.8,1.5,1.8,6.0
11001,0.4949,0,NORMAL,5.8,2.3,6.5,9.4
11002,0.2008,0,NORMAL,5.8,1.7,6.1,6.4
11003,0.9999,0,WARNING,5.7,2.0,0.9,3.7
11004,0.9969,0,WARNING,6.8,13.8,1.5,6.1
11005,0.3069,0,NORMAL,5.8,2.2,1.5,4.4
11006,0.4946,0,NORMAL,5.8,1.5,4.1,7.5
11007,0.7048,0,WARNING,5.8,2.6,9.2,11.6
11008,0.2785,0,NORMAL,5.8,1.3,4.0,5.8
11009,0.1853,0,NORMAL,5.8,2.0,4.1,5.4
11010,0.1901,0,NORMAL,5.8,2.3,4.0,5.8
11011,0.3955,0,NORMAL,5.8,1.5,2.1,5.9
11012,0.4695,0,NORMAL,5.8,3.0,10.2,10.1
11013,0.3092,0,NORMAL,5.9,2.4,1.6,4.5
11014,1.0,0,ANOMALY,11.1,20.9,1.4,4.6
11015,0.4282,0,NORMAL,5.8,2.1,1.5,4.7
11016,0.9999,0,WARNING,5.7,1.5,1.1,5.1
11017,0.4697,0,NORMAL,5.8,3.6,10.2,10.9
11018,0.2411,0,NORMAL,5.8,1.7,1.3,4.9
11019,0.172,0,NORMAL,5.8,2.1,1.3,4.8
11020,0.9999,0,WARNING,5.7,2.2,1.4,9.2
11021,0.9999,0,WARNING,5.7,2.0,1.4,4.9
11022,0.6652,0,WARNING,6.1,4.5,9.9,9.2
11023,0.1989,0,NORMAL,5.8,2.4,1.5,4.8
11024,0.9971,0,WARNING,6.8,14.2,1.6,4.6
11025,0.9999,0,WARNING,5.7,2.1,1.1,5.1
11026,0.5776,0,NORMAL,5.8,2.0,1.5,6.6
11027,0.7049,0,WARNING,5.8,3.7,10.6,12.7
11028,0.3123,0,NORMAL,5.9,1.2,3.0,4.6
11029,0.9999,0,WARNING,5.7,1.8,1.4,4.4
11030,0.9262,0,WARNING,6.1,4.2,1.6,5.2
11031,0.4948,0,NORMAL,5.9,2.7,1.6,6.2
11032,0.6139,0,WARNING,5.9,2.2,10.7,12.2
11033,0.6136,0,WARNING,6.0,2.1,4.0,7.1
11034,1.0,0,ANOMALY,11.1,21.2,2.5,6.4
11035,0.9999,0,WARNING,6.0,1.8,1.5,5.8
11036,0.6136,0,WARNING,6.1,1.5,2.2,7.3
11037,0.6772,0,WARNING,6.1,2.9,10.8,13.4
11038,0.73,0,WARNING,6.1,1.2,3.9,8.3
11039,0.6468,0,WARNING,6.1,2.4,2.0,7.9
11040,0.7744,0,WARNING,6.0,1.9,2.3,8.2
11041,0.6139,0,WARNING,6.0,2.2,2.0,6.7
11042,0.6139,0,WARNING,6.0,2.2,10.5,12.1
11043,0.3952,0,NORMAL,6.0,1.7,3.4,5.9
11044,1.0,0,ANOMALY,9.8,18.8,1.7,5.1
11045,0.3159,0,NORMAL,6.0,1.7,1.3,4.8
11046,0.1993,0,NORMAL,5.9,1.7,1.6,6.0
11047,0.4211,0,NORMAL,6.0,3.1,9.8,11.2
11048,0.3386,0,NORMAL,5.8,2.2,4.2,7.9
11049,0.176,0,NORMAL,5.8,2.8,2.0,6.4
11050,0.9999,0,WARNING,5.7,2.5,1.4,8.1
11051,0.7048,0,WARNING,5.9,1.6,1.5,7.2
11052,0.2677,0,NORMAL,5.8,2.5,6.6,7.9
11053,0.7048,0,WARNING,5.9,2.7,6.7,9.8
11054,1.0,0,ANOMALY,9.7,18.5,2.2,7.4
11055,0.537,0,NORMAL,5.8,2.2,2.8,6.8
11056,0.6467,0,WARNING,5.8,1.8,1.8,6.8
11057,0.7049,0,WARNING,5.8,2.0,4.1,8.5
11058,0.3955,0,NORMAL,5.8,2.1,8.9,10.0
11059,0.2196,0,NORMAL,5.8,1.9,1.3,4.7
11060,0.3058,0,NORMAL,5.8,1.7,1.3,4.9
11061,0.6111,0,WARNING,5.9,3.0,1.5,6.2
11062,0.1833,0,NORMAL,5.8,1.9,1.4,5.2
11063,0.4694,0,NORMAL,5.8,3.2,9.4,10.3
11064,1.0,0,ANOMALY,10.0,19.2,1.7,6.7
11065,0.6461,0,WARNING,5.8,2.8,2.1,7.1
11066,0.4685,0,NORMAL,5.9,2.7,1.7,6.0
11067,0.2768,0,NORMAL,5.9,2.1,1.8,5.7
11068,0.4859,0,NORMAL,5.9,3.5,10.5,10.4
11069,0.2175,0,NORMAL,5.9,2.0,1.7,5.2
11070,0.9999,0,WARNING,5.7,2.1,1.5,6.2
11071,0.9999,0,WARNING,5.8,2.6,1.7,5.9
11072,0.9999,0,WARNING,5.7,1.7,2.1,5.1
11073,0.4803,0,NORMAL,5.9,2.9,10.4,10.1
11074,1.0,0,ANOMALY,10.3,19.6,2.3,5.3
11075,0.4375,0,NORMAL,5.8,2.3,2.0,5.8
11076,0.7047,0,WARNING,5.8,1.8,2.7,7.5
11077,0.3955,0,NORMAL,5.8,2.5,2.8,6.2
11078,0.5556,0,NORMAL,5.8,2.5,11.8,10.5
11079,0.6467,0,WARNING,5.8,2.5,3.6,6.9
11080,0.9999,0,WARNING,5.8,2.6,2.0,9.8
11081,0.6467,0,WARNING,5.8,2.0,2.0,6.9
11082,0.163,0,NORMAL,5.8,1.8,1.5,4.5
11083,0.4911,0,NORMAL,5.8,3.2,10.4,9.3
11084,1.0,0,ANOMALY,10.9,20.4,1.4,5.0
11085,0.9174,0,WARNING,6.1,5.0,1.5,6.5
11086,0.6297,0,WARNING,5.9,3.6,2.2,7.3
11087,0.5776,0,NORMAL,5.8,1.5,3.0,7.0
11088,0.5556,0,NORMAL,5.8,2.9,12.4,12.0
11089,0.4469,0,NORMAL,5.8,2.2,3.6,6.0
11090,0.2766,0,NORMAL,5.8,1.9,3.0,5.9
11091,0.3955,0,NORMAL,5.9,2.3,2.0,6.1
11092,0.5777,0,NORMAL,5.8,1.4,2.2,6.6
11093,0.6773,0,WARNING,5.8,3.3,11.1,12.6
11094,1.0,0,ANOMALY,11.6,22.1,4.2,6.6
11095,0.5204,0,NORMAL,5.9,2.2,2.3,5.1
11096,0.1769,0,NORMAL,5.9,1.2,2.3,4.9
11097,0.2059,0,NORMAL,5.9,2.2,1.9,5.1
11098,0.4177,0,NORMAL,5.9,2.5,9.1,10.1
11099,0.3953,0,NORMAL,5.9,3.0,4.8,6.6
11100,0.2131,0,NORMAL,5.9,1.4,2.4,4.5
11101,0.1562,0,NORMAL,5.9,2.0,3.8,5.6
11102,0.2871,0,NORMAL,5.9,1.5,3.9,5.6
11103,0.4354,0,NORMAL,5.9,2.2,9.3,8.6
11104,0.9967,0,WARNING,7.6,14.8,9.3,8.5
11105,0.3607,0,NORMAL,6.1,2.3,2.5,5.8
11106,0.9999,0,WARNING,6.1,1.4,1.5,3.9
11107,0.3056,0,NORMAL,6.2,2.7,2.0,5.0
11108,0.4475,0,NORMAL,6.1,2.7,3.9,7.5
11109,0.5381,0,NORMAL,6.1,3.5,9.9,10.9
11110,0.9794,0,WARNING,6.2,2.5,4.0,8.0
11111,0.3384,0,NORMAL,6.1,1.9,3.1,6.2
11112,0.2089,0,NORMAL,6.2,1.7,1.8,5.5
11113,0.1584,0,NORMAL,6.2,2.1,1.2,4.7
11114,1.0,0,ANOMALY,11.0,21.3,10.1,10.9
11115,0.5731,0,NORMAL,6.2,3.0,1.6,6.2
11116,0.785,0,WARNING,6.2,2.4,1.8,6.9
11117,0.4474,0,NORMAL,6.2,2.3,2.1,6.3
11118,0.4948,0,NORMAL,6.2,1.8,2.4,6.5
11119,0.4918,0,NORMAL,6.3,4.0,10.6,10.2
11120,0.2559,0,NORMAL,6.2,1.9,1.7,4.7
11121,0.164,0,NORMAL,6.1,1.7,1.4,4.7
11122,0.477,0,NORMAL,6.1,2.4,1.4,5.0
11123,0.4475,0,NORMAL,6.2,1.9,1.6,6.0
11124,1.0,0,ANOMALY,11.0,21.0,10.4,12.1
11125,0.5983,0,NORMAL,6.1,2.4,4.9,6.0
11126,0.3525,0,NORMAL,6.3,2.4,4.3,5.4
11127,0.4779,0,NORMAL,6.2,3.0,4.2,5.5
11128,0.7447,0,WARNING,6.3,2.6,4.6,5.4
11129,0.6369,0,WARNING,6.4,4.4,13.6,10.9
11130,0.389,0,NORMAL,6.3,1.8,6.2,5.4
11131,0.2169,0,NORMAL,6.3,2.1,4.9,5.4
11132,0.2159,0,NORMAL,6.2,1.4,4.7,5.7
11133,0.1622,0,NORMAL,6.2,1.9,4.5,5.8
11134,0.998,0,WARNING,7.7,16.1,13.2,11.3
11135,0.4106,0,NORMAL,6.3,2.1,6.4,5.9
11136,0.2054,0,NORMAL,6.3,1.6,5.1,5.6
11137,0.4472,0,NORMAL,6.3,1.4,2.9,6.4
11138,0.5777,0,NORMAL,6.3,1.9,2.4,6.7
11139,0.4752,0,NORMAL,6.3,4.2,11.0,10.9
11140,0.9984,0,WARNING,6.3,2.5,3.6,8.0
11141,0.3809,0,NORMAL,6.3,3.2,1.8,5.4
11142,0.6469,0,WARNING,6.3,2.1,1.9,7.1
11143,0.647,0,WARNING,6.3,1.3,1.8,7.0
11144,1.0,0,ANOMALY,9.8,19.2,10.8,12.3
11145,0.9999,0,WARNING,6.2,2.3,3.3,5.8
11146,0.4468,0,NORMAL,6.3,1.8,1.7,6.1
11147,0.9999,0,WARNING,6.2,2.1,1.7,6.5
11148,0.3391,0,NORMAL,6.6,2.7,4.1,6.8
11149,0.4054,0,NORMAL,6.8,2.9,9.3,10.0
11150,0.4009,0,NORMAL,6.8,2.7,4.3,5.9
11151,0.4056,0,NORMAL,6.8,2.8,2.7,5.1
11152,0.5311,0,NORMAL,6.9,2.6,1.5,5.2
11153,0.3681,0,NORMAL,6.7,2.2,1.3,5.2
11154,1.0,0,ANOMALY,11.3,20.5,6.1,7.8
11155,0.5067,0,NORMAL,6.7,3.0,5.5,7.2
11156,0.4516,0,NORMAL,6.7,2.8,1.3,4.9
11157,0.3328,0,NORMAL,6.7,1.8,1.4,5.1
11158,0.2983,0,NORMAL,6.7,1.7,1.6,4.8
11159,0.2766,0,NORMAL,6.6,2.7,3.6,6.8
11160,0.5381,0,NORMAL,6.7,3.1,9.0,10.9
11161,0.73,0,WARNING,6.7,1.4,2.1,7.7
11162,0.459,0,NORMAL,6.9,2.0,2.8,6.3
11163,0.5031,0,NORMAL,7.0,1.6,1.8,5.5
11164,1.0,0,ANOMALY,9.8,17.7,1.7,5.2
11165,0.4937,0,NORMAL,6.9,3.6,10.4,10.5
11166,0.477,0,NORMAL,6.9,2.4,1.5,5.9
11167,0.5776,0,NORMAL,6.9,2.3,2.0,7.0
11168,0.9999,0,WARNING,6.8,1.6,1.8,7.1
11169,0.4367,0,NORMAL,6.9,1.9,2.2,6.4
11170,0.9989,0,WARNING,6.9,3.0,11.2,15.6
11171,0.9999,0,WARNING,6.7,1.8,2.6,7.2
11172,0.5378,0,NORMAL,6.8,2.0,2.1,6.8
11173,0.4155,0,NORMAL,6.8,2.0,2.3,6.5
11174,1.0,0,ANOMALY,10.8,18.7,2.6,7.1
11175,0.5418,0,NORMAL,6.8,3.7,11.8,11.2
11176,0.403,0,NORMAL,6.8,2.1,4.6,5.5
11177,0.3953,0,NORMAL,6.8,1.7,2.9,5.8
11178,0.3762,0,NORMAL,6.8,2.0,3.0,5.6
11179,0.3507,0,NORMAL,6.8,1.9,2.7,5.3
11180,0.5269,0,NORMAL,6.7,3.0,11.5,11.1
11181,0.3414,0,NORMAL,6.7,2.0,3.7,6.1
11182,0.4945,0,NORMAL,6.7,2.1,1.7,6.7
11183,0.3121,0,NORMAL,6.7,2.6,1.8,5.9
11184,1.0,0,WARNING,8.6,16.0,1.4,5.4
11185,0.5321,0,NORMAL,6.7,3.0,11.5,12.1
11186,0.3258,0,NORMAL,6.7,1.7,2.5,4.0
11187,0.2587,0,NORMAL,6.7,1.4,1.7,5.6
11188,0.2354,0,NORMAL,6.7,1.5,1.4,5.2
11189,0.1887,0,NORMAL,6.6,1.6,1.5,5.2
11190,0.4858,0,NORMAL,6.6,2.4,10.6,10.8
11191,0.2988,0,NORMAL,6.6,1.9,1.3,5.1
11192,0.1684,0,NORMAL,6.6,1.5,1.4,5.2
11193,0.3063,0,NORMAL,6.6,1.6,1.5,5.2
11194,1.0,0,ANOMALY,11.7,20.3,1.7,5.9
11195,0.5767,0,NORMAL,6.7,4.0,10.9,12.7
11196,0.6908,0,WARNING,6.7,2.7,4.4,5.0
11197,0.3384,0,NORMAL,6.6,1.5,3.1,6.9
11198,0.3388,0,NORMAL,6.6,1.8,2.6,6.4
11199,0.1491,0,NORMAL,6.6,1.9,1.3,3.9
11200,0.9968,0,WARNING,6.6,2.4,8.3,11.3
11201,0.5376,0,NORMAL,6.6,1.8,4.0,8.3
11202,0.2444,0,NORMAL,6.7,2.4,2.0,6.1
11203,0.4537,0,NORMAL,7.0,2.3,2.0,5.6
11204,1.0,0,ANOMALY,9.8,17.2,1.8,6.6
11205,0.9104,0,WARNING,7.3,4.0,8.6,9.3
11206,0.515,0,NORMAL,7.1,2.4,9.8,8.9
11207,0.5206,0,NORMAL,7.1,1.8,4.5,6.2
11208,0.5196,0,NORMAL,7.1,1.8,4.1,6.2
11209,0.5776,0,NORMAL,7.0,1.5,2.4,7.1
11210,0.4989,0,NORMAL,7.0,1.8,3.6,5.2
11211,0.5031,0,NORMAL,7.1,2.5,9.2,10.2
11212,0.4958,0,NORMAL,7.1,2.2,1.7,5.6
11213,0.4897,0,NORMAL,7.0,1.8,1.8,5.8
11214,1.0,0,ANOMALY,11.7,20.1,1.8,6.6
11215,0.4658,0,NORMAL,7.0,2.2,1.8,6.8
11216,0.4759,0,NORMAL,7.0,2.8,10.6,11.7
11217,0.4573,0,NORMAL,7.0,2.3,2.0,6.0
11218,0.4473,0,NORMAL,7.0,2.4,2.3,6.8
11219,0.4165,0,NORMAL,7.0,2.7,3.2,6.8
11220,0.393,0,NORMAL,7.0,2.7,2.1,5.8
11221,0.9639,0,WARNING,7.2,4.0,1.5,5.9
11222,0.6139,0,WARNING,6.9,2.9,8.4,11.2
11223,0.3824,0,NORMAL,7.0,1.9,8.9,8.4
11224,0.997,0,WARNING,8.2,14.3,2.5,7.6
11225,0.5372,0,NORMAL,6.9,2.1,3.0,7.5
11226,0.3083,0,NORMAL,6.7,1.7,3.7,6.3
11227,0.6138,0,WARNING,6.6,2.3,7.4,10.4
11228,0.6468,0,WARNING,6.4,2.8,8.7,11.1
11229,0.3384,0,NORMAL,6.4,1.9,2.4,6.6
11230,0.994,0,WARNING,6.4,1.6,1.8,10.1
11231,0.4471,0,NORMAL,6.4,1.7,1.8,6.8
11232,0.6772,0,WARNING,6.4,1.7,3.4,8.7
11233,0.4235,0,NORMAL,6.4,2.3,10.0,11.4
11234,1.0,0,ANOMALY,11.3,20.0,5.4,7.5
11235,0.6449,0,WARNING,7.4,2.1,3.9,6.7
11236,0.6371,0,WARNING,7.4,1.6,1.5,4.3
11237,0.6285,0,WARNING,7.4,1.8,2.3,5.3
11238,0.6205,0,WARNING,7.4,3.6,11.0,12.2
11239,0.6043,0,WARNING,7.3,2.0,3.0,7.8
11240,0.5916,0,NORMAL,7.3,2.5,4.3,6.5
11241,0.5751,0,NORMAL,7.3,1.4,4.6,6.4
11242,0.5496,0,NORMAL,7.2,2.4,4.8,6.5
11243,0.6077,0,WARNING,7.3,3.5,13.7,12.0
11244,0.9964,0,WARNING,8.0,13.4,5.6,6.5
11245,0.4973,0,NORMAL,7.2,2.0,3.8,6.8
11246,0.7047,0,WARNING,7.2,1.5,2.7,8.3
11247,0.6138,0,WARNING,7.2,1.4,2.5,7.8
11248,0.4807,0,NORMAL,7.3,3.3,10.8,11.2
11249,0.441,0,NORMAL,7.1,1.7,2.8,5.5
11250,0.4338,0,NORMAL,7.1,2.1,1.7,5.8
11251,0.416,0,NORMAL,7.1,1.9,1.4,6.0
11252,0.5171,0,NORMAL,7.2,2.5,3.2,7.6
11253,0.5975,0,NORMAL,7.4,2.8,10.7,10.1
11254,1.0,0,ANOMALY,11.5,19.4,3.6,7.1
11255,0.5851,0,NORMAL,7.5,2.9,2.0,7.3
11256,0.5717,0,NORMAL,7.3,2.5,2.4,7.5
11257,0.5455,0,NORMAL,7.3,2.0,2.3,5.9
11258,0.5314,0,NORMAL,7.4,2.7,11.1,11.3
11259,0.5253,0,NORMAL,7.3,2.4,3.5,6.9
11260,0.9988,0,WARNING,7.3,1.8,4.3,10.5
11261,0.4812,0,NORMAL,7.2,1.4,4.7,6.5
11262,0.6137,0,WARNING,7.2,2.1,2.8,8.0
11263,0.6772,0,WARNING,7.2,2.9,11.4,13.7
11264,1.0,0,ANOMALY,9.2,15.8,4.1,8.2
11265,0.6005,0,WARNING,7.4,2.0,3.3,7.7
11266,0.6631,0,WARNING,7.6,2.8,4.9,6.4
11267,0.6758,0,WARNING,7.6,1.8,2.8,7.6
11268,0.6656,0,WARNING,7.6,2.7,12.0,13.2
11269,0.6546,0,WARNING,7.5,1.8,3.2,4.5
11270,0.6395,0,WARNING,7.5,1.8,3.0,6.4
11271,0.6247,0,WARNING,7.5,1.3,4.3,7.1
11272,0.6172,0,WARNING,7.5,1.6,4.8,7.2
11273,0.6059,0,WARNING,7.4,2.1,11.7,10.8
11274,1.0,0,ANOMALY,11.9,20.2,7.1,7.8
11275,0.606,0,WARNING,7.4,2.1,2.3,7.0
11276,0.585,0,NORMAL,7.4,2.3,2.2,7.1
11277,0.5506,0,NORMAL,7.3,2.0,2.3,6.3
11278,0.5454,0,NORMAL,7.4,3.0,5.6,8.6
11279,0.6469,0,WARNING,7.4,2.9,8.5,11.7
11280,0.6136,0,WARNING,7.3,2.3,2.5,7.9
11281,0.6772,0,WARNING,7.4,1.7,2.9,8.6
11282,0.5987,0,NORMAL,7.5,2.3,3.5,8.1
11283,0.6871,0,WARNING,7.8,2.9,8.0,8.3
11284,1.0,0,ANOMALY,11.0,20.2,15.1,12.2
11285,0.7279,0,WARNING,7.9,3.2,6.5,7.4
11286,0.7248,0,WARNING,7.8,1.6,2.4,7.6
11287,0.7153,0,WARNING,7.8,2.1,2.0,7.5
11288,0.6943,0,WARNING,7.7,2.1,2.2,7.8
11289,0.6753,0,WARNING,7.8,3.5,11.5,12.6
11290,0.9963,0,WARNING,7.6,2.5,3.2,10.5
11291,0.6572,0,WARNING,7.6,2.0,2.1,7.4
11292,0.6469,0,WARNING,7.6,1.8,2.3,8.3
11293,0.647,0,WARNING,7.6,2.0,2.5,8.4
11294,1.0,0,ANOMALY,11.6,20.1,11.2,12.8
11295,0.6134,0,WARNING,7.5,1.9,3.4,7.1
11296,0.6118,0,WARNING,7.5,2.0,2.8,8.0
11297,0.6469,0,WARNING,7.5,2.0,3.1,8.5
11298,0.5872,0,NORMAL,7.5,1.9,3.1,8.1
11299,0.5746,0,NORMAL,7.6,3.3,12.5,12.1
11300,0.6578,0,WARNING,7.7,2.8,8.1,7.9
11301,0.7203,0,WARNING,7.9,3.2,7.6,7.5
11302,0.7179,0,WARNING,7.9,3.4,8.2,7.9
11303,0.721,0,WARNING,7.9,3.4,8.0,7.5
11304,1.0,0,ANOMALY,13.1,23.0,16.0,13.5
11305,0.7194,0,WARNING,7.8,1.6,5.1,6.9
11306,0.7063,0,WARNING,7.8,2.1,2.2,6.4
11307,0.7017,0,WARNING,7.8,2.3,2.3,6.7
11308,0.7061,0,WARNING,7.9,2.8,3.3,6.8
11309,0.7026,0,WARNING,7.9,2.7,11.7,13.1
11310,0.6897,0,WARNING,7.8,2.2,4.8,9.0
11311,0.6765,0,WARNING,7.8,2.2,3.1,8.7
11312,0.6631,0,WARNING,7.7,2.4,2.5,8.4
11313,0.6772,0,WARNING,7.7,1.9,2.5,8.6
11314,1.0,0,ANOMALY,10.1,17.1,11.3,13.8
11315,0.638,0,WARNING,7.8,2.3,3.9,8.1
11316,0.9841,0,WARNING,8.1,5.3,2.6,8.7
11317,0.6109,0,WARNING,7.7,2.3,2.5,8.3
11318,0.5988,0,NORMAL,7.6,2.0,3.3,8.3
11319,0.5906,0,NORMAL,7.7,2.8,12.3,13.0
11320,0.994,0,WARNING,7.6,2.3,4.3,11.7
11321,0.5684,0,NORMAL,7.5,2.2,2.5,7.9
11322,0.559,0,NORMAL,7.6,2.6,2.5,6.4
11323,0.5582,0,NORMAL,7.6,1.4,2.1,7.9
11324,1.0,0,ANOMALY,11.6,20.1,8.8,12.4
11325,0.646,0,WARNING,7.5,3.0,6.6,10.3
11326,0.5394,0,NORMAL,7.5,1.6,2.6,7.7
11327,0.5379,0,NORMAL,7.5,1.6,2.4,8.1
11328,0.5001,0,NORMAL,7.5,2.0,2.2,7.3
11329,0.4895,0,NORMAL,7.5,2.4,5.8,8.9
11330,0.4755,0,NORMAL,7.4,2.6,7.4,9.4
11331,0.4666,0,NORMAL,7.4,2.5,2.0,6.5
11332,0.4445,0,NORMAL,7.4,2.1,2.2,6.7
11333,0.4163,0,NORMAL,7.4,1.5,1.7,6.9
11334,1.0,0,ANOMALY,10.4,17.9,3.3,9.0
11335,0.5768,0,NORMAL,7.4,4.0,10.1,13.1
11336,0.5374,0,NORMAL,7.3,2.0,3.1,8.4
11337,0.3786,0,NORMAL,7.3,2.1,5.5,7.8
11338,0.3662,0,NORMAL,7.3,2.5,5.2,7.2
11339,0.3656,0,NORMAL,7.3,2.4,4.9,7.2
11340,0.6158,0,WARNING,7.4,3.2,13.9,13.2
11341,0.3754,0,NORMAL,7.3,2.6,5.8,7.4
11342,0.3557,0,NORMAL,7.3,1.8,5.0,7.3
11343,0.3098,0,NORMAL,7.3,1.6,4.6,7.3
11344,1.0,0,ANOMALY,10.9,19.1,3.1,8.7
11345,0.5085,0,NORMAL,7.4,3.6,11.7,13.3
11346,0.3387,0,NORMAL,7.3,2.7,3.9,7.7
11347,0.5378,0,NORMAL,7.3,1.6,2.9,8.6
11348,0.2998,0,NORMAL,7.2,2.5,2.4,6.8
11349,0.4948,0,NORMAL,7.2,2.8,2.3,8.3
11350,0.9953,0,WARNING,7.3,2.8,11.3,15.6
11351,0.6302,0,WARNING,7.3,3.1,3.7,6.6
11352,0.3073,0,NORMAL,7.2,2.0,2.2,6.9
11353,0.3955,0,NORMAL,7.2,2.3,2.6,8.1
11354,0.9975,0,WARNING,8.3,14.4,4.5,8.7
11355,0.5744,0,NORMAL,7.3,3.6,13.3,14.3
11356,0.3075,0,NORMAL,7.2,1.7,4.1,5.7
11357,0.447,0,NORMAL,7.2,2.0,3.0,8.5
11358,0.6469,0,WARNING,7.2,2.1,3.0,9.0
11359,0.3885,0,NORMAL,7.2,1.7,4.3,8.0
11360,0.6158,0,WARNING,7.3,3.1,13.9,13.0
11361,0.6655,0,WARNING,7.3,3.4,6.9,7.5
11362,0.2213,0,NORMAL,7.2,2.2,5.7,7.7
11363,0.2299,0,NORMAL,7.2,2.8,5.4,7.8
11364,1.0,0,ANOMALY,11.3,19.6,4.4,8.2
11365,0.4758,0,NORMAL,7.3,3.0,11.2,12.2
11366,0.3177,0,NORMAL,7.2,2.4,3.7,7.0
11367,0.2173,0,NORMAL,7.2,2.2,2.0,6.8
11368,0.3067,0,NORMAL,7.2,2.0,2.3,6.8
11369,0.1135,0,NORMAL,7.2,2.2,2.0,6.9
11370,0.4751,0,NORMAL,7.3,3.0,10.7,12.2
11371,0.3136,0,NORMAL,7.2,2.3,2.6,8.0
11372,0.1423,0,NORMAL,7.1,2.2,2.0,7.1
11373,0.1237,0,NORMAL,7.1,2.6,2.1,6.7
11374,1.0,0,ANOMALY,9.9,16.9,2.6,7.2
11375,0.4475,0,NORMAL,7.3,4.0,10.1,11.9
11376,0.3236,0,NORMAL,7.3,3.3,4.0,7.5
11377,0.1007,0,NORMAL,7.2,2.3,2.0,7.1
11378,0.1118,0,NORMAL,7.2,1.9,2.0,7.1
11379,0.1227,0,NORMAL,7.2,1.9,2.2,6.9
11380,0.9998,0,WARNING,7.2,3.3,7.1,13.4
11381,0.4677,0,NORMAL,7.2,3.3,6.6,8.1
11382,0.3951,0,NORMAL,7.1,2.0,3.1,8.4
11383,0.3882,0,NORMAL,7.1,1.8,2.2,5.6
11384,1.0,0,ANOMALY,11.1,19.3,3.2,7.2
11385,0.3577,0,NORMAL,7.2,2.5,6.3,8.8
11386,0.5739,0,NORMAL,7.3,3.6,12.9,12.6
11387,0.3139,0,NORMAL,7.2,2.9,5.2,8.1
11388,1.0,0,ANOMALY,7.3,2.1,4.3,10.3
11389,0.2768,0,NORMAL,7.2,2.8,2.6,8.2
11390,0.3078,0,NORMAL,7.2,2.8,2.9,7.2
11391,0.4752,0,NORMAL,7.3,3.2,10.3,11.3
11392,0.447,0,NORMAL,7.2,2.8,2.5,8.6
11393,0.538,0,NORMAL,7.2,2.2,2.4,8.9
11394,1.0,0,ANOMALY,9.2,16.1,2.7,8.1
11395,0.2196,0,NORMAL,7.2,2.4,2.6,7.4
11396,0.5081,0,NORMAL,7.3,3.2,11.3,12.7
11397,0.3019,0,NORMAL,7.2,2.1,2.4,8.2
11398,0.4472,0,NORMAL,7.3,2.9,2.8,8.6
11399,0.4947,0,NORMAL,7.3,2.1,3.2,8.9
11400,0.2053,0,NORMAL,7.2,2.0,2.8,7.9
11401,0.4987,0,NORMAL,7.4,4.3,11.3,12.7
11402,0.3045,0,NORMAL,7.3,2.4,2.6,7.4
11403,0.1347,0,NORMAL,7.3,2.3,2.3,7.8
11404,1.0,0,ANOMALY,11.2,19.4,2.7,8.7
11405,0.5371,0,NORMAL,7.2,2.3,2.6,8.9
11406,0.5377,0,NORMAL,7.3,2.8,11.3,14.3
11407,0.5773,0,NORMAL,7.2,1.8,4.9,9.4
11408,0.6136,0,WARNING,7.1,2.0,2.7,9.2
11409,0.6469,0,WARNING,7.1,2.4,2.8,9.5
11410,0.9963,0,WARNING,7.1,1.6,3.4,11.9
11411,0.6136,0,WARNING,7.3,2.9,11.5,14.6
11412,0.4468,0,NORMAL,7.1,2.3,4.4,8.5
11413,0.5774,0,NORMAL,7.2,1.6,2.7,9.0
11414,1.0,0,ANOMALY,10.6,18.5,2.5,9.1
11415,0.5371,0,NORMAL,7.2,1.7,3.0,9.0
11416,0.5049,0,NORMAL,7.3,3.3,11.8,14.2
11417,0.5376,0,NORMAL,7.2,1.8,4.2,9.0
11418,0.5774,0,NORMAL,7.2,1.7,2.7,9.1
11419,0.2769,0,NORMAL,7.2,2.0,2.3,8.0
11420,0.6139,0,WARNING,7.2,1.8,2.6,9.3
11421,0.5381,0,NORMAL,7.3,3.2,11.5,14.3
11422,0.3383,0,NORMAL,7.2,2.4,4.4,8.2
11423,0.388,0,NORMAL,7.2,2.0,2.4,7.3
11424,1.0,0,WARNING,9.1,16.0,2.3,7.3
11425,0.3379,0,NORMAL,7.3,2.4,2.6,8.4
11426,0.5603,0,NORMAL,7.4,2.6,12.8,13.2
11427,0.3043,0,NORMAL,7.6,2.5,8.3,9.1
11428,0.3319,0,NORMAL,7.6,2.0,3.1,8.0
11429,0.33,0,NORMAL,7.6,1.7,2.1,7.3
11430,0.3069,0,NORMAL,7.6,2.3,2.3,6.9
11431,0.2679,0,NORMAL,7.5,3.0,7.1,10.6
11432,0.2767,0,NORMAL,7.5,2.7,7.2,10.5
11433,0.5774,0,NORMAL,7.4,2.2,3.1,9.2
11434,1.0,0,ANOMALY,11.8,19.7,2.9,7.4
11435,0.3818,0,NORMAL,7.4,2.5,2.8,7.9
11436,0.1908,0,NORMAL,7.5,2.5,4.4,8.3
11437,0.4587,0,NORMAL,7.5,3.9,10.8,11.9
11438,0.3893,0,NORMAL,7.4,1.9,2.7,7.2
11439,0.538,0,NORMAL,7.5,2.0,2.7,8.9
11440,0.9982,0,WARNING,7.9,2.3,4.6,11.8
11441,0.4944,0,NORMAL,7.8,2.5,3.0,8.3
11442,0.4805,0,NORMAL,7.9,3.2,10.8,11.1
11443,0.4474,0,NORMAL,7.8,1.4,2.3,6.8
11444,1.0,0,ANOMALY,10.8,18.0,4.3,9.5
11445,0.3974,0,NORMAL,7.8,2.4,7.1,9.1
11446,0.3305,0,NORMAL,7.8,2.4,7.8,8.9
11447,0.6749,0,WARNING,7.7,2.9,16.4,14.4
11448,0.3824,0,NORMAL,7.7,1.9,8.8,9.1
11449,0.2743,0,NORMAL,7.7,2.6,6.8,8.5
11450,0.2657,0,NORMAL,7.6,1.8,2.9,7.7
11451,0.234,0,NORMAL,7.6,2.0,2.1,7.4
11452,0.4766,0,NORMAL,7.7,3.3,10.9,12.9
11453,0.4214,0,NORMAL,7.6,1.7,2.0,7.0
11454,1.0,0,ANOMALY,10.4,17.1,2.2,7.5
11455,0.5769,0,NORMAL,7.7,2.4,3.0,9.6
11456,0.3952,0,NORMAL,7.8,2.0,2.8,7.9
11457,0.4807,0,NORMAL,7.8,2.8,10.8,11.5
11458,0.3433,0,NORMAL,7.8,1.9,3.3,6.9
11459,0.3722,0,NORMAL,7.8,1.9,2.3,8.4
11460,0.538,0,NORMAL,7.8,1.8,2.4,8.8
11461,0.4948,0,NORMAL,7.7,1.7,2.7,8.8
11462,0.5776,0,NORMAL,7.8,3.1,11.9,14.5
11463,0.4943,0,NORMAL,7.6,1.7,6.0,9.4
11464,1.0,0,ANOMALY,9.7,16.5,6.5,8.5
11465,0.3665,0,NORMAL,7.7,2.6,6.8,8.7
11466,0.3298,0,NORMAL,7.7,2.6,6.7,8.2
11467,0.6467,0,WARNING,7.7,2.7,15.6,14.1
11468,0.3064,0,NORMAL,7.6,2.2,7.1,8.9
11469,0.6135,0,WARNING,7.7,3.8,3.8,9.5
11470,0.9923,0,WARNING,7.9,3.7,7.8,14.7
11471,0.4981,0,NORMAL,8.1,2.4,9.8,10.2
11472,0.6066,0,WARNING,8.1,3.6,14.8,14.4
11473,0.4145,0,NORMAL,7.9,1.3,4.5,7.3
11474,1.0,0,ANOMALY,10.7,17.2,3.0,7.5
11475,0.3811,0,NORMAL,7.8,2.4,4.6,8.3
11476,0.3117,0,NORMAL,7.8,1.7,2.8,7.2
11477,0.4948,0,NORMAL,7.9,3.0,10.6,13.5
11478,0.5378,0,NORMAL,7.8,2.1,5.2,9.5
11479,0.5775,0,NORMAL,7.7,2.4,2.8,9.0
11480,0.5776,0,NORMAL,7.7,1.8,2.6,8.9
11481,0.2083,0,NORMAL,7.7,2.3,2.2,7.2
11482,0.2563,0,NORMAL,7.7,2.5,7.0,10.6
11483,0.3387,0,NORMAL,7.7,2.4,7.4,10.8
11484,1.0,0,ANOMALY,11.7,19.2,3.1,9.3
11485,0.4935,0,NORMAL,7.9,2.4,2.8,8.6
11486,0.3847,0,NORMAL,7.9,1.9,3.0,7.6
11487,0.694,0,WARNING,8.0,3.2,4.2,8.1
11488,0.4473,0,NORMAL,8.0,3.2,10.4,11.9
11489,0.3373,0,NORMAL,7.8,2.1,2.9,7.5
11490,0.2962,0,NORMAL,7.8,2.3,2.2,7.1
11491,0.3614,0,NORMAL,7.8,3.3,2.1,7.0
11492,0.3389,0,NORMAL,7.7,2.4,3.2,8.5
11493,0.5625,0,NORMAL,7.9,3.9,12.8,14.1
11494,1.0,0,ANOMALY,11.3,18.9,4.0,8.3
11495,0.3768,0,NORMAL,7.7,2.1,5.9,9.4
11496,0.2761,0,NORMAL,7.8,2.4,6.7,9.5
11497,0.7047,0,WARNING,7.8,2.8,8.5,12.7
11498,0.6136,0,WARNING,7.8,3.0,13.8,15.3
11499,0.2789,0,NORMAL,7.7,1.9,3.4,8.0
11500,0.9963,0,WARNING,7.9,2.6,3.9,11.7
11501,0.4534,0,NORMAL,8.4,3.2,5.2,7.7
11502,0.4879,0,NORMAL,8.4,2.6,5.3,7.9
11503,0.6159,0,WARNING,8.5,3.7,14.5,13.3
11504,1.0,0,ANOMALY,12.4,19.3,7.0,8.5
11505,0.5014,0,NORMAL,8.5,2.8,5.6,8.0
11506,0.5047,0,NORMAL,8.5,1.9,5.8,8.2
11507,0.513,0,NORMAL,8.6,2.3,6.6,8.9
11508,0.6393,0,WARNING,8.6,3.4,15.3,14.4
11509,0.5157,0,NORMAL,8.5,1.6,8.0,8.6
11510,0.5144,0,NORMAL,8.3,2.4,4.8,8.9
11511,0.5409,0,NORMAL,8.3,3.5,5.8,8.2
11512,0.4946,0,NORMAL,8.1,2.8,6.0,10.4
11513,0.6581,0,WARNING,8.2,2.8,15.4,16.6
11514,1.0,0,ANOMALY,12.5,20.1,7.5,9.9
11515,0.4756,0,NORMAL,8.0,2.6,3.2,8.5
11516,0.6135,0,WARNING,8.0,2.4,2.6,9.2
11517,0.2983,0,NORMAL,8.0,2.4,2.4,7.8
11518,0.4925,0,NORMAL,8.1,3.8,11.0,12.6
11519,0.2439,0,NORMAL,7.9,2.8,2.0,7.2
11520,0.219,0,NORMAL,7.9,2.2,2.2,7.8
11521,0.647,0,WARNING,7.9,2.7,2.4,9.2
11522,0.1611,0,NORMAL,7.9,2.3,2.5,7.2
11523,0.5119,0,NORMAL,7.9,2.9,11.6,11.6
11524,0.9972,0,WARNING,8.7,14.0,4.1,7.4
11525,0.4937,0,NORMAL,7.8,2.5,2.4,8.6
11526,0.4469,0,NORMAL,7.9,3.5,9.6,11.4
11527,0.4943,0,NORMAL,7.9,2.6,9.9,11.9
11528,0.6942,0,WARNING,7.9,3.7,17.1,16.0
11529,0.4082,0,NORMAL,7.9,3.6,11.2,10.7
11530,0.9977,0,WARNING,7.8,2.2,7.5,12.9
11531,0.3714,0,NORMAL,7.9,2.6,8.6,10.3
11532,0.3699,0,NORMAL,7.9,2.4,8.9,10.5
11533,0.6028,0,WARNING,7.9,3.1,14.0,13.4
11534,1.0,0,ANOMALY,12.9,21.8,12.2,12.2
11535,0.5054,0,NORMAL,7.8,2.6,2.8,7.5
11536,0.2083,0,NORMAL,7.8,2.7,2.2,8.0
11537,0.3956,0,NORMAL,7.8,2.4,4.0,8.9
11538,0.4475,0,NORMAL,7.7,2.4,5.4,9.8
11539,0.6772,0,WARNING,7.8,3.5,11.0,14.4
11540,0.6467,0,WARNING,7.7,1.9,3.0,9.2
11541,0.6496,0,WARNING,7.8,2.9,3.8,9.7
11542,0.3388,0,NORMAL,7.7,2.3,3.1,8.4
11543,0.6772,0,WARNING,7.7,1.7,2.9,9.7
11544,0.9969,0,WARNING,9.1,16.1,13.0,14.2
11545,0.6461,0,WARNING,7.7,2.2,3.5,10.1
11546,0.6769,0,WARNING,7.7,2.9,3.3,10.6
11547,0.2686,0,NORMAL,7.8,2.2,4.1,8.0
11548,0.4947,0,NORMAL,7.8,3.3,3.4,9.1
11549,0.4752,0,NORMAL,7.8,2.9,11.1,12.0
11550,0.2267,0,NORMAL,7.7,2.2,2.1,5.7
11551,0.3032,0,NORMAL,7.7,2.5,2.2,6.8
11552,0.277,0,NORMAL,7.7,2.3,2.9,8.3
11553,0.7114,0,WARNING,7.8,3.0,3.0,9.1
11554,1.0,0,ANOMALY,12.4,22.1,11.7,14.4
11555,0.6207,0,WARNING,7.7,1.9,4.2,9.2
11556,0.276,0,NORMAL,7.7,2.2,2.6,8.2
11557,0.4946,0,NORMAL,7.8,2.6,2.8,8.6
11558,0.5777,0,NORMAL,7.7,2.3,2.7,9.1
11559,0.5381,0,NORMAL,7.8,2.5,11.9,14.4
11560,0.9971,0,WARNING,7.7,2.4,5.3,11.6
11561,0.5375,0,NORMAL,7.7,2.3,3.3,9.3
11562,0.1346,0,NORMAL,7.7,2.2,3.9,8.2
11563,0.1298,0,NORMAL,7.7,1.6,2.1,5.8
11564,1.0,0,ANOMALY,9.8,17.0,11.8,13.0
11565,0.3941,0,NORMAL,7.7,2.1,4.0,8.6
11566,0.1167,0,NORMAL,7.7,2.5,3.7,7.8
11567,0.1491,0,NORMAL,7.7,2.3,3.3,7.6
11568,0.1314,0,NORMAL,7.7,1.9,3.3,7.7
11569,0.5367,0,NORMAL,7.8,3.4,12.2,13.3
11570,0.3009,0,NORMAL,7.7,2.0,4.5,7.6
11571,0.1255,0,NORMAL,7.7,2.3,2.9,7.3
11572,0.3069,0,NORMAL,7.7,2.2,3.0,7.3
11573,0.7131,0,WARNING,7.8,2.9,2.6,8.3
11574,1.0,0,ANOMALY,10.5,18.8,11.7,14.6
11575,0.4989,0,NORMAL,7.7,2.2,5.0,8.9
11576,0.6134,0,WARNING,7.7,2.3,3.0,9.4
11577,0.304,0,NORMAL,7.7,2.8,2.2,7.9
11578,0.5381,0,NORMAL,7.7,2.4,2.3,9.0
11579,0.5069,0,NORMAL,7.8,2.9,12.1,13.8
11580,0.3522,0,NORMAL,7.7,3.0,7.5,8.4
11581,0.3249,0,NORMAL,7.7,2.5,5.1,8.1
11582,0.2602,0,NORMAL,7.7,2.2,5.2,8.4
11583,0.3032,0,NORMAL,7.7,2.3,5.2,8.2
11584,1.0,0,ANOMALY,9.8,17.0,10.2,11.3
11585,0.3951,0,NORMAL,7.8,2.4,10.3,10.8
11586,0.2857,0,NORMAL,7.8,2.7,5.4,8.4
11587,0.161,0,NORMAL,7.8,2.0,4.4,8.4
11588,0.6469,0,WARNING,7.7,2.5,3.5,10.0
11589,0.2769,0,NORMAL,7.8,2.4,4.2,8.3
11590,0.9971,0,WARNING,7.9,2.9,10.7,15.5
11591,0.4967,0,NORMAL,7.7,1.8,3.5,7.5
11592,0.1459,0,NORMAL,7.7,2.3,2.9,7.6
11593,0.337,0,NORMAL,7.7,2.3,2.9,7.6
11594,1.0,0,ANOMALY,12.2,20.0,2.6,8.7
11595,0.5094,0,NORMAL,7.8,3.4,11.7,14.3
11596,0.3118,0,NORMAL,7.7,2.4,2.9,7.2
11597,0.2175,0,NORMAL,7.7,2.2,2.2,7.5
11598,0.1003,0,NORMAL,7.7,2.3,2.0,7.7
11599,0.5382,0,NORMAL,7.7,2.4,2.7,9.2
11600,0.5777,0,NORMAL,7.8,3.7,11.8,14.8
11601,0.4943,0,NORMAL,7.7,1.7,3.0,8.8
11602,0.6771,0,WARNING,7.7,2.8,2.7,9.7
11603,0.7048,0,WARNING,7.7,1.8,3.1,9.9
11604,1.0,0,ANOMALY,11.2,18.9,3.4,9.9
11605,0.5183,0,NORMAL,7.8,2.9,12.0,14.0
11606,0.3463,0,NORMAL,7.7,2.4,4.1,8.0
11607,0.2066,0,NORMAL,7.7,2.1,2.6,7.5
11608,0.608,0,WARNING,7.7,3.5,2.8,7.6
11609,0.1464,0,NORMAL,7.7,2.4,2.8,7.8
11610,0.4791,0,NORMAL,7.8,3.3,10.9,12.9
11611,0.4944,0,NORMAL,7.7,1.7,4.1,8.8
11612,0.5378,0,NORMAL,7.7,2.6,3.0,9.1
11613,0.538,0,NORMAL,7.7,2.7,3.6,9.4
11614,1.0,0,ANOMALY,11.5,19.0,3.5,8.6
11615,0.5767,0,NORMAL,7.9,3.1,11.5,14.8
11616,0.3946,0,NORMAL,7.8,2.2,4.6,8.7
11617,0.4944,0,NORMAL,7.9,2.8,2.9,9.1
11618,0.6263,0,WARNING,8.1,4.4,3.1,9.0
11619,0.538,0,NORMAL,7.8,2.2,3.5,9.4
11620,0.9953,0,WARNING,7.9,3.5,12.9,16.1
11621,0.5355,0,NORMAL,7.8,2.2,5.1,7.9
11622,0.1187,0,NORMAL,7.8,2.6,3.3,7.9
11623,0.1701,0,NORMAL,7.8,2.5,3.4,8.1
11624,1.0,0,ANOMALY,12.3,20.2,2.7,8.5
11625,0.504,0,NORMAL,7.9,3.8,11.5,13.5
11626,0.2976,0,NORMAL,7.8,2.6,4.4,7.4
11627,0.3074,0,NORMAL,7.8,2.1,3.5,8.7
11628,0.3078,0,NORMAL,7.9,2.3,5.3,8.7
11629,0.7049,0,WARNING,7.8,2.4,3.5,10.1
11630,0.6138,0,WARNING,7.9,3.3,11.7,14.7
11631,0.5376,0,NORMAL,7.9,2.8,5.3,9.7
11632,0.5555,0,NORMAL,7.8,3.2,2.7,8.7
11633,0.5498,0,NORMAL,7.8,2.8,2.3,7.9
11634,1.0,0,ANOMALY,11.0,18.0,2.9,9.3
11635,0.5164,0,NORMAL,8.0,2.5,9.5,11.7
11636,0.4301,0,NORMAL,8.0,3.3,10.7,10.6
11637,0.4468,0,NORMAL,7.9,2.3,4.5,9.4
11638,0.7532,0,WARNING,7.9,2.9,3.4,10.4
11639,0.3388,0,NORMAL,7.9,2.7,3.1,8.7
11640,0.5643,0,NORMAL,8.0,3.1,5.2,10.2
11641,0.5654,0,NORMAL,8.2,4.3,11.4,13.8
11642,0.6134,0,WARNING,8.4,2.3,3.7,9.8
11643,0.544,0,NORMAL,8.8,2.2,4.9,9.2
11644,1.0,0,ANOMALY,13.4,20.4,3.9,9.5
11645,0.6461,0,WARNING,8.9,1.6,3.4,10.0
11646,0.6467,0,WARNING,9.0,3.2,12.4,15.4
11647,0.6148,0,WARNING,8.9,3.2,4.1,10.0
11648,0.5985,0,NORMAL,8.9,2.2,5.1,8.6
11649,0.5656,0,NORMAL,9.0,1.7,5.5,8.6
11650,0.9967,0,WARNING,8.9,2.3,6.0,11.5
11651,0.6277,0,WARNING,8.9,2.9,14.6,13.9
11652,0.5152,0,NORMAL,8.8,2.9,5.8,8.3
11653,0.5044,0,NORMAL,8.8,1.9,5.3,8.3
11654,1.0,0,ANOMALY,10.9,16.2,5.6,8.5
11655,0.4692,0,NORMAL,8.7,2.3,5.5,8.4
11656,0.624,0,WARNING,8.8,3.0,14.6,13.9
11657,0.4185,0,NORMAL,8.7,2.2,7.0,8.4
11658,0.3906,0,NORMAL,8.7,2.1,4.3,8.8
11659,0.6138,0,WARNING,8.7,1.9,3.1,9.5
11660,0.9923,0,WARNING,8.6,2.2,3.3,12.1
11661,0.8543,0,WARNING,8.8,4.1,12.6,16.7
11662,0.6767,0,WARNING,8.7,1.8,4.8,11.4
11663,0.518,0,NORMAL,8.9,2.6,5.7,8.5
11664,1.0,0,ANOMALY,13.4,20.4,4.0,8.7
11665,0.6129,0,WARNING,9.0,2.9,2.7,9.4
11666,0.5399,0,NORMAL,9.0,2.9,11.5,14.1
11667,0.5773,0,NORMAL,8.9,2.5,4.5,9.3
11668,0.4986,0,NORMAL,8.8,2.1,2.5,8.2
11669,0.5381,0,NORMAL,8.8,1.9,2.9,9.3
11670,0.5381,0,NORMAL,8.8,1.9,3.4,9.5
11671,0.647,0,WARNING,8.9,2.9,11.7,14.9
11672,0.6466,0,WARNING,8.8,2.1,4.9,9.8
11673,0.4361,0,NORMAL,8.8,2.8,5.8,8.4
11674,1.0,0,ANOMALY,11.1,17.2,5.4,8.5
11675,0.5485,0,NORMAL,9.0,2.0,4.5,9.5
11676,0.82,0,WARNING,9.3,4.3,16.8,14.6
11677,0.6922,0,WARNING,9.3,3.7,9.4,8.8
11678,0.7004,0,WARNING,9.4,4.6,7.6,8.8
11679,0.6912,0,WARNING,9.2,3.2,7.4,8.9
11680,0.9967,0,WARNING,9.0,2.3,3.0,11.6
11681,0.5988,0,NORMAL,9.1,3.1,10.5,12.2
11682,0.5762,0,NORMAL,8.9,2.6,4.9,8.1
11683,0.5494,0,NORMAL,8.9,1.5,2.7,7.6
11684,1.0,0,ANOMALY,13.2,20.1,2.6,8.1
11685,0.5371,0,NORMAL,8.8,2.4,2.3,9.1
11686,0.4674,0,NORMAL,9.0,3.2,7.6,11.9
11687,0.5774,0,NORMAL,8.8,2.9,7.7,11.8
11688,0.5774,0,NORMAL,8.7,2.0,2.9,9.6
11689,0.538,0,NORMAL,8.7,1.6,4.0,9.7
11690,0.3843,0,NORMAL,8.7,2.6,5.1,8.3
11691,0.5012,0,NORMAL,9.0,2.7,7.8,9.5
11692,0.8067,0,WARNING,9.3,4.6,15.8,13.3
11693,0.703,0,WARNING,9.2,3.3,8.2,9.2
11694,1.0,0,ANOMALY,13.1,19.9,8.0,8.8
11695,0.6278,0,WARNING,9.1,2.2,3.7,8.2
11696,0.6075,0,WARNING,9.0,2.1,2.3,7.6
11697,0.5863,0,NORMAL,9.1,2.9,11.1,13.3
11698,0.5594,0,NORMAL,9.0,1.9,2.6,7.8
11699,0.5313,0,NORMAL,8.9,1.7,2.2,8.5
11700,0.5161,0,NORMAL,8.9,2.1,2.4,9.3
11701,0.5057,0,NORMAL,8.9,2.0,2.7,8.8
11702,0.5006,0,NORMAL,9.0,3.4,11.4,13.4
11703,0.4688,0,NORMAL,8.9,1.9,3.2,7.8
11704,1.0,0,ANOMALY,15.2,23.0,2.6,9.5
11705,0.5368,0,NORMAL,8.8,2.4,2.5,9.4
11706,0.5377,0,NORMAL,8.8,2.0,2.6,9.2
11707,0.538,0,NORMAL,8.9,3.2,11.7,14.8
11708,0.4222,0,NORMAL,8.8,2.8,5.3,9.3
11709,0.5378,0,NORMAL,8.8,2.2,4.1,9.7
11710,0.9971,0,WARNING,8.8,2.5,4.3,12.6
11711,0.4944,0,NORMAL,8.8,2.0,3.2,9.3
11712,0.512,0,NORMAL,8.9,3.5,12.3,13.6
11713,0.3938,0,NORMAL,8.8,1.9,4.1,7.7
11714,1.0,0,ANOMALY,13.8,20.6,2.3,7.9
11715,0.3733,0,NORMAL,8.7,2.6,2.4,8.2
11716,0.394,0,NORMAL,8.7,3.0,3.9,8.2
11717,0.5614,0,NORMAL,8.8,3.6,13.4,15.5
11718,0.2873,0,NORMAL,8.7,2.1,5.9,9.0
11719,0.2573,0,NORMAL,8.6,2.0,3.2,7.8
11720,0.2259,0,NORMAL,8.6,2.4,2.3,6.9
11721,0.4474,0,NORMAL,8.6,2.0,2.6,8.9
11722,0.5145,0,NORMAL,8.7,3.8,11.5,14.1
11723,0.2763,0,NORMAL,8.6,2.3,4.5,8.7
11724,1.0,0,ANOMALY,13.3,20.7,3.3,8.1
11725,0.4391,0,NORMAL,8.6,2.2,3.8,8.8
11726,0.2761,0,NORMAL,8.7,2.8,6.5,8.8
11727,0.654,0,WARNING,8.7,3.8,15.3,14.3
11728,0.2604,0,NORMAL,8.7,2.5,8.3,8.9
11729,0.3286,0,NORMAL,8.6,2.8,7.3,9.2
11730,0.3854,0,NORMAL,8.4,2.9,7.0,8.7
11731,0.2609,0,NORMAL,8.3,1.8,6.6,8.8
11732,0.587,0,NORMAL,8.3,3.6,13.4,12.9
11733,0.3935,0,NORMAL,8.3,2.3,10.3,10.2
11734,1.0,0,ANOMALY,13.5,21.0,6.7,9.0
11735,0.4608,0,NORMAL,8.4,2.2,7.0,9.0
11736,0.3043,0,NORMAL,8.3,1.3,6.3,8.7
11737,0.4363,0,NORMAL,8.3,3.2,10.2,11.4
11738,0.3999,0,NORMAL,8.4,3.5,10.2,10.6
11739,0.4449,0,NORMAL,8.4,3.4,2.2,5.8
11740,0.9967,0,WARNING,8.3,1.6,2.0,10.3
11741,0.4472,0,NORMAL,8.3,1.7,2.4,8.7
11742,0.5777,0,NORMAL,8.3,1.9,4.0,9.8
11743,0.432,0,NORMAL,8.4,2.6,10.1,13.0
11744,1.0,0,ANOMALY,13.3,21.5,2.5,9.0
11745,0.4311,0,NORMAL,8.3,2.1,2.7,7.9
11746,0.3074,0,NORMAL,8.3,1.9,2.7,7.2
11747,0.196,0,NORMAL,8.3,2.6,2.6,7.2
11748,0.5018,0,NORMAL,8.4,2.8,11.5,12.8
11749,0.2293,0,NORMAL,8.3,2.0,2.2,7.3
11750,0.4473,0,NORMAL,8.3,1.6,2.3,8.7
11751,0.3956,0,NORMAL,8.3,1.9,2.2,8.4
11752,0.4474,0,NORMAL,8.3,2.3,3.1,9.0
11753,0.5016,0,NORMAL,8.4,3.1,11.7,13.1
11754,1.0,0,ANOMALY,12.4,19.4,2.3,5.6
11755,0.446,0,NORMAL,8.3,2.0,2.2,8.5
11756,0.2605,0,NORMAL,8.3,1.5,2.1,7.2
11757,0.1784,0,NORMAL,8.3,2.2,2.5,7.3
11758,0.5075,0,NORMAL,8.4,3.2,11.2,13.0
11759,0.2713,0,NORMAL,8.3,2.8,2.4,7.8
11760,0.4947,0,NORMAL,8.3,2.3,2.7,9.1
11761,0.3956,0,NORMAL,8.4,1.7,3.2,9.0
11762,0.5904,0,NORMAL,8.5,2.0,3.0,9.0
11763,0.5198,0,NORMAL,8.6,3.3,11.8,13.6
11764,1.0,0,ANOMALY,14.2,22.0,5.4,8.0
11765,0.5455,0,NORMAL,8.5,2.5,2.6,8.9
11766,0.6466,0,WARNING,8.5,1.8,2.7,9.5
11767,0.538,0,NORMAL,8.5,2.0,3.2,9.3
11768,0.507,0,NORMAL,8.6,3.0,12.0,13.3
11769,0.3106,0,NORMAL,8.5,1.7,4.5,7.1
11770,0.9975,0,WARNING,8.5,2.1,2.8,10.3
11771,0.2692,0,NORMAL,8.5,2.2,2.7,7.2
11772,0.9846,0,WARNING,8.7,2.3,8.0,8.8
11773,0.9999,0,WARNING,8.8,2.5,13.1,9.1
11774,1.0,0,ANOMALY,13.4,20.1,14.5,8.9
11775,1.0,1,ANOMALY,9.2,2.7,19.9,10.3
11776,1.0,1,ANOMALY,9.3,2.1,22.1,11.1
11777,1.0,1,ANOMALY,9.5,2.4,20.5,11.7
11778,1.0,1,ANOMALY,9.6,2.0,21.3,14.4
11779,1.0,1,ANOMALY,9.7,2.0,22.3,15.9
11780,1.0,1,ANOMALY,9.9,2.5,23.0,16.9
11781,1.0,1,ANOMALY,9.9,2.4,22.9,15.7
11782,1.0,1,WARNING,9.8,2.6,19.1,15.0
11783,1.0,1,WARNING,9.8,2.0,18.0,14.4
11784,1.0,1,ANOMALY,18.7,25.8,20.1,14.3
11785,1.0,1,ANOMALY,9.9,2.9,20.8,15.5
11786,1.0,1,ANOMALY,9.9,2.5,22.5,16.3
11787,0.9458,1,WARNING,9.8,5.1,23.7,20.7
11788,0.5938,1,NORMAL,9.4,4.3,17.4,15.2
11789,0.5831,1,NORMAL,9.1,3.4,8.6,11.8
11790,0.2765,1,NORMAL,8.9,2.4,2.8,8.3
11791,0.2337,1,NORMAL,8.8,2.1,3.8,8.1
11792,0.2121,1,NORMAL,8.7,2.2,3.5,7.1
11793,0.3032,1,NORMAL,8.7,1.8,3.7,7.6
11794,1.0,1,ANOMALY,12.1,19.7,10.0,11.7
11795,0.4935,1,NORMAL,8.6,2.7,2.4,8.9
11796,0.1997,1,NORMAL,8.5,1.5,3.6,7.9
11797,0.6138,1,WARNING,8.5,2.1,3.0,9.1
11798,0.5777,1,NORMAL,8.5,2.2,2.7,9.1
11799,0.5149,1,NORMAL,8.7,4.2,11.7,14.2
11800,0.9888,1,WARNING,8.5,1.8,2.7,11.4
11801,0.3951,1,NORMAL,8.5,2.2,2.5,8.3
11802,0.4947,1,NORMAL,8.5,2.3,2.4,8.7
11803,0.1385,1,NORMAL,8.5,1.8,2.2,7.2
11804,1.0,1,ANOMALY,16.2,25.4,11.0,13.5
11805,0.6916,1,WARNING,8.5,2.7,2.3,8.6
11806,0.4095,0,NORMAL,8.5,2.6,3.5,8.5
11807,0.3534,0,NORMAL,8.5,2.0,5.0,7.7
11808,0.3867,0,NORMAL,8.7,2.6,5.0,7.5
11809,0.6078,0,WARNING,8.6,4.1,14.1,13.1
11810,0.3271,0,NORMAL,8.5,2.1,6.1,7.6
11811,0.346,0,NORMAL,8.5,2.1,5.1,7.6
11812,0.4472,0,NORMAL,8.5,2.2,3.4,8.8
11813,0.6138,0,WARNING,8.5,1.8,2.8,9.1
11814,1.0,0,ANOMALY,14.6,23.4,11.4,12.7
11815,0.6486,0,WARNING,8.5,2.2,4.2,7.1
11816,0.2171,0,NORMAL,8.5,1.5,2.4,6.9
11817,0.3063,0,NORMAL,8.5,1.7,2.4,7.3
11818,0.1081,0,NORMAL,8.6,2.2,2.0,6.5
11819,0.4751,0,NORMAL,8.6,3.4,10.7,11.5
11820,0.2303,0,NORMAL,8.5,2.7,2.2,6.9
11821,0.1203,0,NORMAL,8.5,2.1,1.9,6.8
11822,0.2092,0,NORMAL,8.5,2.4,2.3,8.1
11823,0.5381,0,NORMAL,8.5,2.2,2.6,8.8
11824,1.0,0,ANOMALY,14.3,23.1,12.1,14.0
11825,0.6482,0,WARNING,8.5,2.3,6.3,8.1
11826,0.3344,0,NORMAL,8.5,1.8,5.0,7.6
11827,0.3054,0,NORMAL,8.5,2.2,5.0,7.7
11828,0.297,0,NORMAL,8.5,2.3,5.0,7.5
11829,0.5954,0,NORMAL,8.6,3.7,13.3,13.4
11830,0.998,0,WARNING,8.5,2.4,5.0,11.7
11831,0.5375,0,NORMAL,8.5,1.9,2.8,8.7
11832,0.5379,0,NORMAL,8.5,2.2,2.8,8.8
11833,0.5381,0,NORMAL,8.5,2.2,2.8,8.8
11834,1.0,0,ANOMALY,13.3,20.8,10.2,13.2
11835,0.8348,0,WARNING,8.8,4.0,7.9,8.7
11836,0.3138,0,NORMAL,8.5,2.3,4.6,7.3
11837,0.2982,0,NORMAL,8.5,1.9,4.7,7.7
11838,0.3897,0,NORMAL,8.5,1.8,4.8,7.6
11839,0.3066,0,NORMAL,8.5,2.1,7.7,9.9
11840,0.5775,0,NORMAL,8.4,2.5,8.3,11.8
11841,0.6467,0,WARNING,8.5,1.5,2.7,9.0
11842,0.2048,0,NORMAL,8.5,1.7,3.6,7.7
11843,0.151,0,NORMAL,8.5,1.3,2.6,7.4
11844,1.0,0,ANOMALY,14.7,22.0,4.0,9.4
11845,0.5334,0,NORMAL,8.6,2.9,11.5,12.8
11846,0.3357,0,NORMAL,8.5,2.0,3.4,8.2
11847,0.4155,0,NORMAL,8.5,2.0,4.9,7.8
11848,0.3869,0,NORMAL,8.5,2.0,5.0,7.5
11849,0.317,0,NORMAL,8.5,1.8,4.9,7.7
11850,0.6037,0,WARNING,8.6,3.1,13.9,13.0
11851,0.353,0,NORMAL,8.5,1.7,5.6,7.6
11852,0.3183,0,NORMAL,8.5,2.1,4.9,7.6
11853,0.2597,0,NORMAL,8.5,1.5,4.9,7.7
11854,1.0,0,ANOMALY,12.9,19.9,4.9,7.5
11855,0.5999,0,NORMAL,8.6,3.2,13.7,13.2
11856,0.3382,0,NORMAL,8.5,2.3,5.9,7.3
11857,0.3951,0,NORMAL,8.5,1.6,3.1,8.4
11858,0.538,0,NORMAL,8.5,1.6,2.5,8.6
11859,0.3957,0,NORMAL,8.6,2.2,2.4,8.2
11860,0.9963,0,WARNING,8.6,3.4,11.4,17.1
11861,0.5374,0,NORMAL,8.5,1.8,4.3,8.7
11862,0.1887,0,NORMAL,8.5,2.0,2.3,7.5
11863,0.3869,0,NORMAL,8.5,1.5,2.0,6.6
11864,1.0,0,ANOMALY,14.7,22.5,1.9,6.6
11865,0.4811,0,NORMAL,8.6,3.0,10.8,12.2
11866,0.2947,0,NORMAL,8.5,1.5,2.3,7.0
11867,0.2071,0,NORMAL,8.5,1.4,1.8,6.5
11868,0.2771,0,NORMAL,8.5,1.7,2.0,7.9
11869,0.5778,0,NORMAL,8.5,1.9,2.3,9.0
11870,0.5777,0,NORMAL,8.7,2.8,11.0,14.3
11871,0.3951,0,NORMAL,8.6,1.7,5.0,8.8
11872,0.3952,0,NORMAL,8.6,3.2,3.2,8.7
11873,0.3399,0,NORMAL,8.6,3.4,3.5,8.9
11874,1.0,0,ANOMALY,13.4,21.4,3.3,8.5
11875,0.4908,0,NORMAL,8.7,2.8,11.2,13.6
11876,0.3308,0,NORMAL,8.6,2.2,3.9,8.0
11877,0.3385,0,NORMAL,8.6,2.0,2.2,8.1
11878,0.4948,0,NORMAL,8.6,1.9,2.4,8.8
11879,0.4948,0,NORMAL,8.6,2.2,2.5,8.7
11880,0.5381,0,NORMAL,8.7,3.2,11.5,14.1
11881,0.5773,0,NORMAL,8.6,2.0,4.4,8.9
11882,0.2348,0,NORMAL,8.5,1.4,2.0,6.9
11883,0.2438,0,NORMAL,8.5,2.4,2.2,7.2
11884,1.0,0,ANOMALY,14.5,23.1,2.1,7.0
11885,0.4999,0,NORMAL,8.6,3.0,9.0,12.1
11886,0.3388,0,NORMAL,8.6,3.1,4.7,8.3
11887,0.2541,0,NORMAL,8.6,2.0,2.0,6.8
11888,0.3067,0,NORMAL,8.6,2.4,2.0,7.6
11889,0.5382,0,NORMAL,8.6,2.1,2.2,8.8
11890,0.9923,0,WARNING,8.6,2.6,6.2,12.8
11891,0.3741,0,NORMAL,8.5,2.7,7.6,10.0
11892,0.2555,0,NORMAL,8.5,1.9,2.2,7.5
11893,0.2573,0,NORMAL,8.5,2.3,2.1,7.9
11894,1.0,0,ANOMALY,12.8,19.6,2.3,8.9
11895,0.5371,0,NORMAL,8.6,2.2,3.9,9.6
11896,0.4469,0,NORMAL,8.6,2.9,10.3,13.3
11897,0.4943,0,NORMAL,8.6,1.7,2.6,8.7
11898,0.4473,0,NORMAL,8.6,2.2,2.3,8.5
11899,0.339,0,NORMAL,8.6,1.8,2.6,8.4
11900,0.2443,0,NORMAL,8.6,2.0,2.2,7.0
11901,0.4804,0,NORMAL,8.7,2.6,10.9,12.3
11902,0.2945,0,NORMAL,8.6,1.4,2.0,7.0
11903,0.3868,0,NORMAL,8.6,2.0,2.0,7.0
11904,1.0,0,ANOMALY,12.8,19.8,2.0,7.0
11905,0.3655,0,NORMAL,8.6,2.1,2.0,7.4
11906,0.4838,0,NORMAL,8.7,2.7,10.8,12.9
11907,0.6135,0,WARNING,8.6,2.0,2.5,9.3
11908,0.5776,0,NORMAL,8.6,2.4,2.6,9.1
11909,0.3956,0,NORMAL,8.7,1.4,2.5,8.5
11910,0.5381,0,NORMAL,8.7,1.8,2.6,8.8
11911,0.5381,0,NORMAL,8.8,2.3,11.4,14.3
11912,0.3118,0,NORMAL,8.7,1.4,3.9,7.2
11913,0.174,0,NORMAL,8.7,2.0,2.1,7.8
11914,1.0,0,ANOMALY,14.5,21.5,2.4,9.4
11915,0.4729,0,NORMAL,8.7,1.8,2.4,7.7
11916,0.4863,0,NORMAL,8.8,3.1,11.1,12.3
11917,0.2512,0,NORMAL,8.7,1.3,2.2,7.1
11918,0.1724,0,NORMAL,8.7,1.8,1.9,7.2
11919,0.4475,0,NORMAL,8.7,2.6,2.5,8.7
11920,0.9984,0,WARNING,8.8,4.2,2.5,11.5
11921,0.4981,0,NORMAL,8.8,4.3,11.3,13.4
11922,0.3949,0,NORMAL,8.7,2.3,3.9,8.4
11923,0.3952,0,NORMAL,8.7,2.0,2.4,8.4
11924,1.0,0,ANOMALY,13.9,21.4,2.3,8.4
11925,0.4936,0,NORMAL,8.7,2.2,2.5,8.7
11926,0.5774,0,NORMAL,8.9,2.6,11.3,14.2
11927,0.6467,0,WARNING,8.8,1.8,4.3,9.1
11928,0.1482,0,NORMAL,8.8,2.4,2.6,7.8
11929,0.3391,0,NORMAL,8.8,3.1,2.2,7.1
11930,0.3531,0,NORMAL,8.8,3.3,2.0,7.1
11931,0.4784,0,NORMAL,8.9,3.2,10.8,12.7
11932,0.2865,0,NORMAL,8.8,1.8,2.5,6.8
11933,0.1335,0,NORMAL,8.8,2.2,1.9,7.2
11934,1.0,0,ANOMALY,13.5,21.0,2.2,7.8
11935,0.4952,0,NORMAL,8.9,3.6,2.4,8.6
11936,0.5377,0,NORMAL,8.8,2.6,8.9,12.8
11937,0.1911,0,NORMAL,8.8,2.4,5.5,8.7
11938,0.6468,0,WARNING,8.8,2.1,2.3,9.4
11939,0.6138,0,WARNING,8.8,2.3,2.5,9.3
11940,0.4474,0,NORMAL,8.9,2.3,2.4,8.7
11941,0.3389,0,NORMAL,8.9,2.4,6.5,10.7
11942,0.2603,0,NORMAL,8.9,2.5,7.7,9.8
11943,0.3082,0,NORMAL,8.9,2.3,2.4,7.8
11944,1.0,0,ANOMALY,14.1,21.6,2.4,9.3
11945,0.4935,0,NORMAL,8.9,1.6,2.4,8.7
11946,0.3951,0,NORMAL,8.9,2.4,3.6,9.0
11947,0.439,0,NORMAL,9.0,2.8,10.3,13.2
11948,0.2764,0,NORMAL,8.9,2.0,2.6,8.1
11949,0.1163,0,NORMAL,8.9,1.7,2.1,7.0
11950,0.9953,0,WARNING,9.0,2.1,2.3,10.2
11951,0.8402,0,WARNING,9.8,5.8,6.7,9.0
11952,0.5304,0,NORMAL,10.0,3.4,10.8,13.3
11953,0.6135,0,WARNING,9.9,1.5,2.6,9.3
11954,1.0,0,ANOMALY,13.8,19.1,2.6,9.1
11955,0.536,0,NORMAL,9.9,2.0,2.6,8.8
11956,0.53,0,NORMAL,9.9,2.3,2.4,8.7
11957,0.5333,0,NORMAL,10.0,3.0,11.4,14.2
11958,0.5359,0,NORMAL,9.9,2.6,4.1,8.5
11959,0.5378,0,NORMAL,9.9,2.3,2.5,9.0
11960,0.5776,0,NORMAL,9.9,2.0,2.7,9.3
11961,0.6139,0,WARNING,9.8,2.0,2.8,9.4
11962,0.5776,0,NORMAL,9.9,3.2,11.7,14.8
11963,0.4503,0,NORMAL,9.8,3.7,4.4,8.4
11964,1.0,0,ANOMALY,15.2,21.7,2.7,8.8
11965,0.4634,0,NORMAL,9.7,2.6,2.5,8.0
11966,0.3237,0,NORMAL,9.6,2.2,2.6,8.4
11967,0.498,0,NORMAL,9.8,3.3,11.4,13.6
11968,0.2792,0,NORMAL,9.6,2.1,3.1,7.3
11969,0.2557,0,NORMAL,9.6,2.0,2.1,7.2
11970,0.2467,0,NORMAL,9.6,2.0,2.2,7.6
11971,0.2381,0,NORMAL,9.6,1.5,2.1,7.2
11972,0.4938,0,NORMAL,9.7,3.1,11.1,12.8
11973,0.2992,0,NORMAL,9.6,2.1,2.4,7.4
11974,1.0,0,ANOMALY,14.4,20.3,2.1,7.1
11975,0.4049,0,NORMAL,9.6,2.1,2.1,7.1
11976,0.2121,0,NORMAL,9.5,2.3,2.1,7.4
11977,0.4902,0,NORMAL,9.7,3.2,11.0,12.8
11978,0.2309,0,NORMAL,9.5,2.6,2.7,7.5
11979,0.5379,0,NORMAL,9.6,2.3,2.5,9.3
11980,0.9971,0,WARNING,9.9,3.8,2.6,12.3
11981,0.6467,0,WARNING,9.6,1.7,2.7,9.6
11982,0.4933,0,NORMAL,9.7,3.3,11.3,13.8
11983,0.5773,0,NORMAL,9.6,2.9,4.2,9.2
11984,1.0,0,ANOMALY,13.2,18.7,2.9,9.1
11985,0.2873,0,NORMAL,9.5,2.1,2.3,7.2
11986,0.2222,0,NORMAL,9.5,2.0,2.3,7.8
11987,0.3976,0,NORMAL,9.6,3.7,9.2,11.7
11988,0.2779,0,NORMAL,9.5,3.1,5.0,9.7
11989,0.6137,0,WARNING,9.5,1.8,2.6,9.5
11990,0.5776,0,NORMAL,9.4,2.5,2.7,9.4
11991,0.5777,0,NORMAL,9.5,2.3,2.8,9.4
11992,0.2674,0,NORMAL,9.5,2.4,6.7,10.3
11993,0.5784,0,NORMAL,9.5,4.6,8.1,10.4
11994,1.0,0,ANOMALY,13.3,20.4,2.2,7.5
11995,0.4935,0,NORMAL,9.4,2.4,2.6,9.1
11996,0.3384,0,NORMAL,9.4,2.3,2.6,8.7
11997,0.2181,0,NORMAL,9.5,2.4,3.6,8.1
11998,0.439,0,NORMAL,9.6,3.4,10.1,13.2
11999,0.3952,0,NORMAL,9.5,2.5,2.4,8.9
12000,0.4947,0,NORMAL,9.5,1.9,2.8,9.1
12001,0.1462,0,NORMAL,9.5,1.9,2.4,7.6
12002,0.1753,0,NORMAL,9.5,2.3,2.1,7.2
12003,0.4948,0,NORMAL,9.6,2.9,11.1,13.4
12004,1.0,0,ANOMALY,15.8,23.1,2.5,9.3
12005,0.5472,0,NORMAL,9.5,1.9,2.5,9.1
12006,0.5773,0,NORMAL,9.5,1.6,2.6,9.3
12007,0.1412,0,NORMAL,9.5,1.8,2.4,7.8
12008,0.4878,0,NORMAL,9.6,3.2,11.1,13.1
12009,0.2206,0,NORMAL,9.5,2.3,2.2,7.3
12010,0.9947,0,WARNING,9.5,2.5,2.1,10.3
12011,0.2541,0,NORMAL,9.5,2.2,2.0,7.3
12012,0.1598,0,NORMAL,9.5,2.0,2.2,7.3
12013,0.5101,0,NORMAL,9.6,3.8,11.1,13.4
12014,0.9977,0,WARNING,10.5,14.5,2.4,8.9
12015,0.4939,0,NORMAL,9.5,2.6,2.4,9.2
12016,0.235,0,NORMAL,9.5,1.4,2.4,8.0
12017,0.1141,0,NORMAL,9.4,2.3,2.0,7.3
12018,0.4825,0,NORMAL,9.5,3.2,11.0,12.7
12019,0.2945,0,NORMAL,9.5,2.4,2.4,7.5
12020,0.1166,0,NORMAL,9.5,2.0,2.0,7.2
12021,0.3066,0,NORMAL,9.5,2.0,2.2,7.4
12022,0.3867,0,NORMAL,9.5,2.1,2.1,7.1
12023,0.4842,0,NORMAL,9.6,3.1,10.9,12.9
12024,1.0,0,ANOMALY,13.9,19.7,2.3,7.4
12025,0.7147,0,WARNING,9.7,3.0,2.1,7.5
12026,0.4447,0,NORMAL,9.5,2.8,2.0,7.3
12027,0.1213,0,NORMAL,9.5,2.3,2.3,7.9
12028,0.5027,0,NORMAL,9.6,3.4,11.3,13.6
12029,0.3113,0,NORMAL,9.5,2.3,3.2,8.4
12030,0.6405,0,WARNING,9.6,3.2,2.5,7.8
12031,0.2451,0,NORMAL,9.5,3.1,2.3,7.6
12032,0.3008,0,NORMAL,9.5,3.1,2.3,7.6
12033,0.5101,0,NORMAL,9.6,3.3,11.3,14.0
12034,1.0,0,ANOMALY,15.6,23.2,3.8,8.5
12035,0.5446,0,NORMAL,9.6,2.6,2.3,7.3
12036,0.1727,0,NORMAL,9.6,1.9,2.0,7.1
12037,0.3063,0,NORMAL,9.6,1.7,2.1,7.3
12038,0.3606,0,NORMAL,9.6,3.0,8.6,11.4
12039,0.1121,0,NORMAL,9.6,2.8,5.3,9.7
12040,0.9967,0,WARNING,9.6,2.7,2.5,10.6
12041,0.2926,0,NORMAL,9.7,3.4,2.3,7.6
12042,0.6175,0,WARNING,9.7,3.8,2.2,7.7
12043,0.538,0,NORMAL,9.6,2.5,6.5,11.8
12044,1.0,0,ANOMALY,13.4,19.4,8.3,12.5
12045,0.4402,0,NORMAL,9.6,2.5,2.9,8.7
12046,0.5773,0,NORMAL,9.6,1.7,2.6,9.4
12047,0.5776,0,NORMAL,9.6,2.1,2.7,9.6
12048,0.339,0,NORMAL,9.6,2.3,3.8,9.3
12049,0.4377,0,NORMAL,9.7,3.3,10.2,12.3
12050,0.3384,0,NORMAL,9.6,2.5,2.6,8.7
12051,0.0935,0,NORMAL,9.6,2.1,2.1,6.5
12052,0.3956,0,NORMAL,9.6,2.3,2.5,8.6
12053,0.4474,0,NORMAL,9.6,2.6,2.5,8.9
12054,1.0,0,ANOMALY,13.0,19.2,11.1,12.8
12055,0.5522,0,NORMAL,9.6,2.4,2.8,7.4
12056,0.1398,0,NORMAL,9.6,2.0,2.2,7.5
12057,0.1417,0,NORMAL,9.5,2.3,2.3,7.6
12058,0.113,0,NORMAL,9.6,2.0,2.1,7.4
12059,0.5058,0,NORMAL,9.6,4.1,11.3,13.6
12060,0.3109,0,NORMAL,9.6,2.8,2.4,7.4
12061,0.3079,0,NORMAL,9.6,2.5,2.2,7.4
12062,0.306,0,NORMAL,9.6,3.1,2.4,8.1
12063,0.202,0,NORMAL,9.6,2.7,2.3,8.2
12064,1.0,0,ANOMALY,12.6,19.3,11.2,14.0
12065,0.5209,0,NORMAL,9.6,2.5,2.5,8.8
12066,0.395,0,NORMAL,9.6,1.9,2.6,8.7
12067,0.1476,0,NORMAL,9.6,2.0,2.5,7.7
12068,0.3869,0,NORMAL,9.6,2.3,2.3,7.2
12069,0.5556,0,NORMAL,9.7,4.1,11.1,13.0
12070,0.9989,0,WARNING,9.6,1.9,2.4,11.2
12071,0.4943,0,NORMAL,9.6,2.0,2.5,8.9
12072,0.5358,0,NORMAL,9.7,3.0,2.5,7.6
12073,0.1934,0,NORMAL,9.6,2.2,2.4,7.5
12074,1.0,0,ANOMALY,14.2,21.3,11.1,13.8
12075,0.5668,0,NORMAL,9.6,1.9,2.7,8.8
12076,0.2192,0,NORMAL,9.6,1.8,2.5,7.5
12077,0.387,0,NORMAL,9.6,2.1,2.1,7.0
12078,0.1129,0,NORMAL,9.6,2.6,2.2,7.6
12079,0.5009,0,NORMAL,9.8,3.1,11.1,14.1
12080,0.5377,0,NORMAL,9.6,1.7,3.9,9.0
12081,0.3386,0,NORMAL,9.6,1.3,2.5,8.4
12082,0.4947,0,NORMAL,9.6,1.7,2.6,9.0
12083,0.2091,0,NORMAL,9.6,1.7,2.4,8.2
12084,1.0,0,ANOMALY,13.6,20.2,11.5,14.7
12085,0.6127,0,WARNING,9.6,1.4,4.3,9.2
12086,0.6465,0,WARNING,9.7,2.0,2.7,9.5
12087,0.5775,0,NORMAL,9.7,1.9,2.5,9.3
12088,0.245,0,NORMAL,9.7,1.7,2.3,7.4
12089,0.3866,0,NORMAL,9.8,2.7,9.1,11.5
12090,0.2335,0,NORMAL,9.7,1.8,5.3,8.3
12091,0.3386,0,NORMAL,9.7,1.3,2.2,8.4
12092,0.6469,0,WARNING,9.7,1.8,2.4,9.4
12093,0.647,0,WARNING,9.7,1.8,2.6,9.4
12094,1.0,0,ANOMALY,12.4,17.2,6.8,12.1
12095,0.6461,0,WARNING,9.7,2.6,8.3,12.4
12096,0.2759,0,NORMAL,9.7,2.0,2.6,8.3
12097,0.3387,0,NORMAL,9.7,2.7,2.6,8.4
12098,0.7694,0,WARNING,9.8,2.7,2.6,8.9
12099,0.6139,0,WARNING,9.7,1.8,3.9,9.9
12100,0.9902,0,WARNING,9.8,2.6,10.8,16.7
12101,0.6465,0,WARNING,9.9,2.4,3.5,9.4
12102,0.6467,0,WARNING,9.8,2.2,2.8,9.5
12103,0.4473,0,NORMAL,9.8,2.1,2.7,8.6
12104,1.0,0,ANOMALY,12.9,17.9,2.4,8.1
12105,0.5372,0,NORMAL,9.9,2.9,11.6,14.4
12106,0.5374,0,NORMAL,9.8,2.0,2.6,8.8
12107,0.5775,0,NORMAL,9.8,1.6,2.7,9.0
12108,1.0,0,ANOMALY,9.8,2.0,2.7,11.4
12109,0.647,0,WARNING,9.8,2.5,2.7,9.3
12110,0.6139,0,WARNING,9.8,3.9,11.7,14.6
12111,0.6135,0,WARNING,9.7,1.5,4.4,9.2
12112,0.6136,0,WARNING,9.7,2.0,2.4,9.0
12113,0.6469,0,WARNING,9.7,1.9,2.6,9.2
12114,1.0,0,ANOMALY,12.8,17.9,2.4,8.1
12115,0.5372,0,NORMAL,9.9,2.8,11.2,14.1
12116,0.3947,0,NORMAL,9.8,1.7,3.5,8.2
12117,0.5378,0,NORMAL,9.8,1.8,2.6,8.8
12118,0.2769,0,NORMAL,9.8,1.4,2.2,8.0
12119,0.4475,0,NORMAL,9.8,1.7,2.4,8.5
12120,0.5024,0,NORMAL,10.0,3.8,11.2,13.7
12121,0.6466,0,WARNING,9.8,1.9,4.2,9.2
12122,0.5774,0,NORMAL,9.8,1.4,2.6,8.8
12123,0.538,0,NORMAL,9.8,1.9,2.4,8.4
12124,1.0,0,WARNING,11.6,16.2,2.7,9.0
12125,0.4982,0,NORMAL,9.9,2.4,11.5,13.9
12126,0.3316,0,NORMAL,9.8,1.7,3.8,6.7
12127,0.1252,0,NORMAL,9.8,2.0,2.1,6.9
12128,0.2843,0,NORMAL,9.8,1.7,2.0,6.6
12129,0.1248,0,NORMAL,9.8,1.8,1.9,6.9
12130,0.9984,0,WARNING,9.9,3.2,10.7,15.4
12131,0.5771,0,NORMAL,9.8,1.6,2.3,8.6
12132,0.6137,0,WARNING,9.8,1.6,2.4,8.7
12133,0.6138,0,WARNING,9.9,1.7,2.6,8.9
12134,1.0,0,ANOMALY,13.3,18.2,2.7,8.4
12135,0.6102,0,WARNING,10.1,4.2,11.2,12.1
12136,0.3136,0,NORMAL,9.9,2.2,3.7,6.5
12137,0.3391,0,NORMAL,9.9,3.0,2.0,7.5
12138,0.6469,0,WARNING,9.9,2.0,2.2,8.9
12139,0.339,0,NORMAL,9.9,2.1,2.3,7.6
12140,0.3736,0,NORMAL,9.9,2.5,8.6,10.5
12141,0.4945,0,NORMAL,9.9,1.9,5.4,9.3
12142,0.6468,0,WARNING,9.9,1.4,2.4,8.8
12143,0.4947,0,NORMAL,9.9,1.7,2.5,8.2
12144,1.0,0,ANOMALY,15.4,21.5,2.4,7.3
12145,0.4725,0,NORMAL,10.0,3.0,6.5,9.5
12146,0.2532,0,NORMAL,10.0,3.1,7.7,9.4
12147,0.218,0,NORMAL,10.0,2.4,2.0,6.4
12148,0.3064,0,NORMAL,10.0,2.0,2.1,7.3
12149,0.4948,0,NORMAL,10.0,1.6,2.2,8.1
12150,0.339,0,NORMAL,10.0,1.9,3.7,8.5
12151,0.4947,0,NORMAL,10.0,2.7,9.7,12.5
12152,0.2275,0,NORMAL,10.0,1.8,2.0,7.1
12153,0.6138,0,WARNING,10.0,1.6,2.3,8.5
12154,1.0,0,ANOMALY,13.8,19.1,2.0,6.5
12155,0.3477,0,NORMAL,10.0,1.5,1.9,6.3
12156,0.4809,0,NORMAL,10.1,3.3,10.9,12.9
12157,0.2263,0,NORMAL,10.0,2.1,2.0,6.6
12158,0.1276,0,NORMAL,10.0,2.0,1.8,6.3
12159,0.515,0,NORMAL,10.0,3.1,1.8,6.7
12160,0.9971,0,WARNING,10.0,3.8,2.4,10.5
12161,0.4824,0,NORMAL,10.2,3.4,11.0,12.7
12162,0.3246,0,NORMAL,10.1,2.8,3.2,7.1
12163,0.3952,0,NORMAL,10.0,2.5,2.1,7.4
12164,1.0,0,ANOMALY,15.3,21.4,2.0,6.0
12165,0.3836,0,NORMAL,10.0,1.7,1.7,5.9
12166,0.4754,0,NORMAL,10.1,3.0,10.5,11.6
12167,0.1843,0,NORMAL,10.0,1.8,1.7,5.9
12168,0.1697,0,NORMAL,10.0,1.3,1.7,6.0
12169,0.1247,0,NORMAL,10.0,2.2,1.7,5.9
12170,0.5311,0,NORMAL,10.1,2.9,1.8,6.0
12171,0.4749,0,NORMAL,10.2,3.1,10.5,11.5
12172,0.2789,0,NORMAL,10.1,1.7,1.7,5.8
12173,0.209,0,NORMAL,10.1,2.2,1.8,7.0
12174,0.9997,0,WARNING,11.8,15.2,2.1,7.6
12175,0.4465,0,NORMAL,10.1,1.8,2.2,7.6
12176,0.4697,0,NORMAL,10.2,2.9,10.6,11.5
12177,0.6802,0,WARNING,7.4,3.5,4.5,6.7
12178,0.3079,0,NORMAL,4.6,1.8,2.0,6.2
12179,0.3065,0,NORMAL,4.6,2.0,1.7,5.8
12180,0.2154,0,NORMAL,4.6,2.4,1.7,6.5
12181,0.4761,0,NORMAL,4.6,3.2,10.8,11.9
12182,0.2927,0,NORMAL,4.7,3.1,2.9,5.8
12183,0.2175,0,NORMAL,4.7,2.7,1.8,5.9
12184,1.0,0,ANOMALY,8.3,20.4,1.9,7.3
12185,0.3375,0,NORMAL,4.7,2.6,1.9,7.0
12186,0.4754,0,NORMAL,4.7,2.7,10.6,11.0
12187,0.3894,0,NORMAL,4.6,2.3,2.6,5.4
12188,0.2046,0,NORMAL,4.6,1.9,1.7,5.7
12189,0.209,0,NORMAL,4.6,1.9,1.6,5.5
12190,0.9923,0,WARNING,4.7,2.1,1.9,9.9
12191,0.4234,0,NORMAL,4.7,3.6,9.8,11.3
12192,0.3081,0,NORMAL,4.7,2.9,4.5,7.2
12193,0.6281,0,WARNING,4.8,3.4,2.1,7.0
12194,1.0,0,ANOMALY,6.7,17.0,2.0,6.8
12195,0.613,0,WARNING,4.8,3.3,1.9,7.0
12196,0.2765,0,NORMAL,4.7,2.7,6.5,9.5
12197,0.3386,0,NORMAL,4.7,3.3,7.1,9.5
12198,0.2086,0,NORMAL,4.7,2.7,2.1,6.6
12199,0.1799,0,NORMAL,4.7,2.3,1.9,6.2
12200,0.232,0,NORMAL,4.7,2.7,1.7,5.6
12201,0.2114,0,NORMAL,4.7,2.1,3.0,6.4
12202,0.4796,0,NORMAL,4.8,3.9,9.1,11.0
12203,0.3385,0,NORMAL,4.7,2.6,1.8,6.5
12204,1.0,0,ANOMALY,8.9,19.9,1.9,7.1
12205,0.3589,0,NORMAL,4.7,1.9,2.3,7.1
12206,0.1818,0,NORMAL,4.7,1.5,3.4,7.0
12207,0.4947,0,NORMAL,4.7,2.9,10.9,12.8
12208,0.6136,0,WARNING,4.7,1.5,2.0,7.5
12209,0.3388,0,NORMAL,4.7,1.7,1.9,6.6
12210,0.3241,0,NORMAL,4.7,3.6,2.1,6.2
12211,0.3865,0,NORMAL,4.7,2.4,2.1,6.4
12212,0.5311,0,NORMAL,5.0,4.4,10.8,12.1
12213,0.9288,0,WARNING,5.1,4.2,1.8,6.3
12214,1.0,0,ANOMALY,6.8,16.3,1.9,7.6
12215,0.6132,0,WARNING,4.8,2.2,2.1,8.2
12216,0.4945,0,NORMAL,5.0,2.3,2.8,8.1
12217,0.5995,0,NORMAL,5.6,3.1,13.7,13.4
12218,0.4786,0,NORMAL,5.6,2.4,6.5,8.1
12219,0.5377,0,NORMAL,5.4,2.0,2.2,7.0
12220,0.9993,0,WARNING,5.4,1.2,2.0,9.6
12221,0.4836,0,NORMAL,5.4,2.8,2.0,5.7
12222,0.6054,0,WARNING,5.5,4.9,10.6,10.5
12223,0.4747,0,NORMAL,5.3,3.4,1.7,5.2
12224,1.0,0,ANOMALY,10.9,22.8,1.7,5.1
12225,0.3954,0,NORMAL,5.4,3.3,1.6,5.7
12226,0.4944,0,NORMAL,5.3,1.5,2.5,8.4
12227,0.647,0,WARNING,5.5,3.0,11.5,13.2
12228,0.5377,0,NORMAL,5.5,2.2,4.2,7.3
12229,0.4611,0,NORMAL,5.5,1.9,2.0,6.6
12230,0.4438,0,NORMAL,5.4,1.9,2.1,5.5
12231,0.448,0,NORMAL,5.5,2.3,3.9,7.0
12232,0.6157,0,WARNING,5.5,3.3,14.0,12.7
12233,0.4257,0,NORMAL,5.4,2.3,5.5,6.5
12234,0.9966,0,WARNING,6.5,13.9,1.7,5.9
12235,0.377,0,NORMAL,5.3,2.0,1.7,5.7
12236,0.5775,0,NORMAL,5.3,1.8,1.7,7.1
12237,0.6139,0,WARNING,5.3,3.5,10.7,12.7
12238,0.5774,0,NORMAL,5.3,1.8,3.5,7.1
12239,0.6137,0,WARNING,5.3,2.0,1.9,7.2
12240,0.3588,0,NORMAL,5.3,2.1,1.5,6.0
12241,0.5381,0,NORMAL,5.3,1.5,1.7,6.8
12242,0.4234,0,NORMAL,5.3,2.9,9.7,10.5
12243,0.2729,0,NORMAL,5.3,2.4,3.7,5.7
12244,1.0,0,ANOMALY,11.5,22.5,1.5,6.9
12245,0.6128,0,WARNING,5.2,2.1,1.8,7.1
12246,0.9999,0,WARNING,5.1,2.0,1.6,6.2
12247,0.5381,0,NORMAL,5.2,2.3,6.4,9.5
12248,0.3388,0,NORMAL,5.2,2.5,6.7,8.7
12249,0.4945,0,NORMAL,5.1,1.8,1.8,6.5
12250,0.9795,0,WARNING,5.1,1.8,1.7,7.6
12251,0.2168,0,NORMAL,5.1,1.9,1.3,4.5
12252,0.32,0,NORMAL,5.1,3.0,2.9,6.6
12253,0.5147,0,NORMAL,5.1,4.1,9.1,10.7
12254,1.0,0,ANOMALY,7.6,16.5,4.2,7.8
12255,0.4131,0,NORMAL,5.4,2.6,2.4,6.6
12256,0.4944,0,NORMAL,5.4,1.7,3.6,8.1
12257,0.3879,0,NORMAL,5.4,1.6,4.5,7.5
12258,0.4697,0,NORMAL,5.4,2.8,10.6,10.0
12259,0.3667,0,NORMAL,5.4,1.8,2.5,4.6
12260,0.3202,0,NORMAL,5.3,2.2,1.3,4.6
12261,0.2917,0,NORMAL,5.3,1.6,1.3,4.6
12262,0.2696,0,NORMAL,5.3,1.9,1.3,4.6
12263,0.4949,0,NORMAL,5.3,3.1,10.4,11.8
12264,1.0,0,ANOMALY,10.6,21.4,1.8,7.0
12265,0.5765,0,NORMAL,5.2,1.7,2.1,7.0
12266,0.3088,0,NORMAL,5.2,2.4,2.0,6.8
12267,0.2092,0,NORMAL,5.2,2.4,2.1,6.9
12268,0.5602,0,NORMAL,5.5,3.3,12.7,12.4
12269,0.4029,0,NORMAL,5.7,3.0,4.4,6.5
12270,0.4133,0,NORMAL,5.7,2.9,4.6,7.7
12271,0.4472,0,NORMAL,5.5,2.1,2.7,6.7
12272,0.4111,0,NORMAL,5.5,2.6,3.4,7.4
12273,0.6275,0,WARNING,5.6,4.2,14.4,13.5
12274,1.0,0,ANOMALY,8.3,17.1,6.8,7.5
12275,0.3939,0,NORMAL,5.4,1.5,5.8,8.4
12276,0.3949,0,NORMAL,5.4,2.4,5.8,8.4
12277,0.2901,0,NORMAL,5.3,2.6,5.3,7.7
12278,0.5418,0,NORMAL,5.4,2.7,12.3,11.4
12279,0.2433,0,NORMAL,5.3,1.5,3.2,4.6
12280,0.9953,0,WARNING,5.3,1.5,1.1,8.2
12281,0.4946,0,NORMAL,5.3,1.5,1.7,6.3
12282,0.3613,0,NORMAL,5.4,2.2,1.7,5.5
12283,0.4695,0,NORMAL,5.4,3.5,10.2,10.0
12284,1.0,0,ANOMALY,10.7,21.1,1.7,4.4
12285,0.4373,0,NORMAL,5.2,1.5,1.4,4.6
12286,0.8069,0,WARNING,5.3,3.1,1.3,4.8
12287,0.2967,0,NORMAL,5.1,2.4,1.3,4.7
12288,0.4696,0,NORMAL,5.2,3.3,10.2,10.1
12289,0.6143,0,WARNING,5.4,4.5,1.7,5.4
12290,0.3954,0,NORMAL,5.1,2.8,1.9,7.2
12291,0.3955,0,NORMAL,5.1,2.6,2.0,7.4
12292,0.3117,0,NORMAL,5.2,3.1,2.1,6.4
12293,0.7499,0,WARNING,5.8,4.7,12.2,12.4
12294,1.0,0,WARNING,7.6,15.6,6.3,8.4
12295,0.4935,0,NORMAL,5.6,2.5,2.1,6.3
12296,0.3338,0,NORMAL,5.5,1.9,1.7,5.2
12297,0.9999,0,WARNING,5.4,2.1,1.3,4.5
12298,0.4108,0,NORMAL,5.4,2.6,6.0,7.2
12299,0.769,0,WARNING,5.5,3.7,6.1,6.9
12300,0.2143,0,NORMAL,5.4,1.5,1.2,4.3
12301,0.9999,0,WARNING,5.3,1.4,1.2,4.4
12302,0.2282,0,NORMAL,5.4,1.9,1.5,4.9
12303,0.4463,0,NORMAL,5.4,3.4,2.7,5.3
12304,1.0,0,ANOMALY,10.9,22.8,8.9,9.8
12305,0.9735,0,WARNING,5.7,5.4,1.6,4.9
12306,0.6697,0,WARNING,5.4,3.1,1.4,4.4
12307,0.1989,0,NORMAL,5.3,1.7,1.1,4.6
12308,0.3391,0,NORMAL,5.3,1.2,1.3,5.6
12309,0.4695,0,NORMAL,5.3,2.4,10.2,11.0
12310,0.9858,0,WARNING,5.2,2.1,1.6,7.7
12311,0.2862,0,NORMAL,5.2,2.0,1.7,5.3
12312,0.1893,0,NORMAL,5.2,2.1,1.6,5.2
12313,0.9999,0,WARNING,5.1,2.0,1.7,5.6
12314,1.0,0,ANOMALY,7.7,18.5,10.5,10.9
12315,0.4294,0,NORMAL,5.2,1.7,1.5,4.8
12316,0.212,0,NORMAL,5.2,1.8,1.3,4.3
12317,0.9999,0,WARNING,5.1,1.5,1.3,4.3
12318,0.9999,0,WARNING,5.1,1.6,1.2,4.5
12319,0.4749,0,NORMAL,5.2,2.4,10.0,10.2
12320,0.2478,0,NORMAL,5.1,2.1,1.5,4.8
12321,0.3073,0,NORMAL,5.2,1.5,1.5,4.4
12322,0.2486,0,NORMAL,5.1,2.2,1.4,5.5
12323,0.2668,0,NORMAL,5.1,2.4,1.4,5.4
12324,1.0,0,ANOMALY,8.4,18.9,10.5,11.9
12325,0.9999,0,WARNING,5.2,2.5,2.5,6.8
12326,0.9999,0,WARNING,5.1,2.2,1.9,6.1
12327,0.5776,0,NORMAL,5.2,2.4,1.8,6.5
12328,0.9999,0,WARNING,5.1,1.6,1.5,5.6
12329,0.5382,0,NORMAL,5.2,3.1,10.4,11.7
12330,0.3952,0,NORMAL,5.2,2.1,3.1,5.8
12331,0.5775,0,NORMAL,5.2,2.4,1.5,6.5
12332,0.2925,0,NORMAL,5.1,1.9,1.2,4.6
12333,0.9999,0,WARNING,5.0,1.6,1.4,6.0
12334,0.9967,0,WARNING,6.5,16.1,10.3,11.9
12335,0.9999,0,WARNING,4.9,2.1,3.3,6.2
12336,0.9999,0,WARNING,4.9,1.9,1.7,5.5
12337,0.9999,0,WARNING,4.9,1.4,1.3,4.4
12338,0.2748,0,NORMAL,5.0,1.6,1.3,4.4
12339,0.4695,0,NORMAL,5.1,3.0,10.3,10.9
12340,0.994,0,WARNING,5.0,2.1,1.6,8.6
12341,0.3853,0,NORMAL,5.1,3.1,1.2,5.3
12342,0.6138,0,WARNING,5.0,2.0,1.5,6.8
12343,0.6139,0,WARNING,5.1,2.8,1.9,6.8
12344,1.0,0,ANOMALY,7.0,19.4,9.7,11.3
12345,0.3508,0,NORMAL,5.0,2.2,4.8,6.4
12346,0.241,0,NORMAL,5.1,2.0,2.7,5.3
12347,0.2721,0,NORMAL,5.1,2.0,3.6,5.6
12348,0.2439,0,NORMAL,5.2,1.7,4.3,5.3
12349,0.5017,0,NORMAL,5.6,3.0,10.9,9.7
12350,0.9731,0,WARNING,6.3,5.6,10.6,10.9
12351,0.6296,0,WARNING,6.0,2.8,5.5,7.3
12352,0.3952,0,NORMAL,6.0,1.9,4.9,7.7
12353,0.5379,0,NORMAL,6.0,2.7,5.4,8.7
12354,1.0,0,ANOMALY,10.2,20.1,7.2,8.2
12355,0.47,0,NORMAL,5.9,2.6,9.8,10.3
12356,0.6133,0,WARNING,5.8,1.8,3.3,7.9
12357,0.6137,0,WARNING,5.9,2.1,4.8,8.3
12358,0.5776,0,NORMAL,6.0,2.2,5.9,9.0
12359,0.6138,0,WARNING,6.0,4.0,5.1,8.5
12360,0.5775,0,NORMAL,5.8,3.3,11.4,11.9
12361,0.9999,0,WARNING,5.7,1.2,2.8,5.8
12362,0.9999,0,WARNING,5.7,1.8,1.4,5.5
12363,0.9999,0,WARNING,5.6,1.2,1.6,5.9
12364,1.0,0,ANOMALY,8.8,17.4,1.7,6.2
12365,0.4755,0,NORMAL,5.7,2.7,10.5,10.8
12366,0.3381,0,NORMAL,5.6,1.8,3.3,5.7
12367,0.9999,0,WARNING,5.5,2.0,1.7,5.7
12368,0.339,0,NORMAL,5.6,1.9,1.7,5.6
12369,0.2164,0,NORMAL,5.5,1.5,1.3,4.1
12370,0.982,0,WARNING,5.5,3.4,10.1,12.3
12371,0.9999,0,WARNING,5.4,1.6,1.2,4.2
12372,0.1917,0,NORMAL,5.5,1.8,1.2,4.2
12373,0.2046,0,NORMAL,5.5,1.9,1.5,5.3
12374,1.0,0,ANOMALY,9.5,19.2,2.5,6.0
12375,0.6038,0,WARNING,6.1,3.8,13.2,12.5
12376,0.4939,0,NORMAL,5.8,2.2,3.6,6.1
12377,0.9999,0,WARNING,5.7,1.8,1.7,6.2
12378,0.9999,0,WARNING,5.6,1.7,1.8,6.5
12379,0.9999,0,WARNING,5.6,1.9,1.9,6.6
12380,0.4696,0,NORMAL,5.7,2.8,10.5,10.6
12381,0.9999,0,WARNING,5.7,1.7,3.0,4.1
12382,0.285,0,NORMAL,5.7,1.3,1.3,4.2
12383,0.9999,0,WARNING,5.5,1.1,1.2,4.3
12384,0.9997,0,WARNING,7.3,15.9,1.3,6.0
12385,0.5771,0,NORMAL,5.6,2.9,10.4,11.8
12386,0.9999,0,WARNING,5.6,2.6,3.3,6.2
12387,0.9999,0,WARNING,5.5,1.5,1.8,6.6
12388,0.2844,0,NORMAL,5.6,2.0,1.9,6.6
12389,0.6139,0,WARNING,5.6,2.6,1.9,7.6
12390,0.4948,0,NORMAL,5.6,2.5,11.0,12.3
12391,0.3282,0,NORMAL,5.6,2.5,3.4,5.2
12392,0.4471,0,NORMAL,5.5,2.5,1.6,7.1
12393,0.5776,0,NORMAL,5.5,2.6,1.7,7.6
12394,1.0,0,ANOMALY,11.1,21.9,2.1,7.7
12395,0.5766,0,NORMAL,5.6,3.8,9.8,12.2
12396,0.6133,0,WARNING,5.5,2.5,4.5,8.4
12397,0.9999,0,WARNING,5.6,3.4,1.7,6.0
12398,0.9999,0,WARNING,5.5,2.4,1.9,5.7
12399,0.3957,0,NORMAL,5.5,2.4,1.8,5.8
12400,0.994,0,WARNING,5.5,2.7,6.3,10.4
12401,0.3717,0,NORMAL,5.5,3.6,6.7,6.9
12402,0.5462,0,NORMAL,5.6,2.1,1.2,4.9
12403,0.5019,0,NORMAL,5.6,2.3,1.4,5.7
12404,1.0,0,ANOMALY,8.7,18.0,1.4,5.7
12405,0.5372,0,NORMAL,5.5,2.2,3.0,7.0
12406,0.4056,0,NORMAL,5.5,2.7,9.2,10.3
12407,0.9999,0,WARNING,5.4,1.8,1.6,5.0
12408,0.9999,0,WARNING,5.4,1.5,1.3,5.6
12409,0.647,0,WARNING,5.5,2.0,1.8,6.6
12410,0.2359,0,NORMAL,5.5,1.2,1.4,4.2
12411,0.4694,0,NORMAL,5.4,2.9,9.8,9.9
12412,0.5378,0,NORMAL,5.5,2.6,1.8,6.8
12413,0.2012,0,NORMAL,5.4,1.9,1.8,6.2
12414,1.0,0,ANOMALY,11.8,22.9,1.4,5.5
12415,0.5309,0,NORMAL,5.5,2.7,1.8,6.9
12416,0.4699,0,NORMAL,5.5,3.5,10.5,10.7
12417,0.1819,0,NORMAL,5.5,2.4,1.7,5.6
12418,0.3403,0,NORMAL,5.4,2.7,1.5,5.6
12419,0.4475,0,NORMAL,5.4,2.3,1.5,6.1
12420,0.9999,0,WARNING,5.3,1.5,1.4,5.8
12421,0.5382,0,NORMAL,5.4,3.0,10.3,11.5
12422,0.9999,0,WARNING,5.3,1.5,2.8,5.9
12423,0.9999,0,WARNING,5.3,1.4,1.4,5.0
12424,1.0,0,ANOMALY,8.4,17.5,1.6,5.9
12425,0.9999,0,WARNING,5.3,1.9,1.7,5.9
12426,0.4698,0,NORMAL,5.4,2.5,10.4,10.1
12427,0.9999,0,WARNING,5.4,2.1,2.9,4.1
12428,0.9999,0,WARNING,5.3,2.0,1.2,4.1
12429,0.9999,0,WARNING,5.3,1.8,1.2,4.1
12430,0.9982,0,WARNING,5.4,2.1,1.2,7.2
12431,0.4694,0,NORMAL,5.4,2.7,10.0,9.5
12432,0.9999,0,WARNING,5.3,2.3,1.4,5.8
12433,0.9999,0,WARNING,5.3,1.2,1.5,5.8
12434,1.0,0,ANOMALY,11.5,21.5,1.6,5.5
12435,0.9999,0,WARNING,5.3,2.0,1.1,5.0
12436,0.5378,0,NORMAL,5.5,2.6,10.5,11.5
12437,0.9999,0,WARNING,5.3,2.3,3.1,4.7
12438,0.9999,0,WARNING,5.3,1.5,1.1,4.0
12439,0.9999,0,WARNING,5.3,1.8,1.1,4.0
12440,0.9999,0,WARNING,5.3,2.0,1.1,3.9
12441,0.4694,0,NORMAL,5.5,2.6,10.2,10.5
12442,0.3307,0,NORMAL,5.5,1.8,1.5,5.1
12443,0.6138,0,WARNING,5.5,1.7,1.6,6.8
12444,1.0,0,ANOMALY,9.7,18.9,2.4,5.0
12445,0.3848,0,NORMAL,5.8,2.4,1.8,4.9
12446,0.354,0,NORMAL,5.8,2.5,8.0,9.1
12447,0.3089,0,NORMAL,5.8,2.4,4.9,6.4
12448,0.3386,0,NORMAL,5.8,1.4,2.0,5.8
12449,0.3956,0,NORMAL,5.7,1.8,2.1,6.0
12450,0.1757,0,NORMAL,5.7,2.0,1.4,4.6
12451,0.1862,0,NORMAL,5.7,1.7,5.1,6.9
12452,0.2618,0,NORMAL,5.7,2.6,6.7,8.1
12453,0.9999,0,WARNING,5.6,2.5,1.6,6.0
12454,1.0,0,ANOMALY,11.3,21.5,1.6,6.4
12455,0.9999,0,WARNING,5.6,2.6,1.7,4.9
12456,0.1814,0,NORMAL,5.7,2.0,3.2,5.4
12457,0.4238,0,NORMAL,5.7,3.2,9.4,9.4
12458,0.9999,0,WARNING,5.5,1.8,1.1,4.6
12459,0.1817,0,NORMAL,5.7,1.8,1.2,4.8
12460,0.9963,0,WARNING,5.7,2.2,1.3,7.6
12461,0.9999,0,WARNING,5.6,2.0,1.5,5.5
12462,0.5015,0,NORMAL,5.7,4.1,10.7,11.7
12463,0.3951,0,NORMAL,5.7,2.1,2.6,5.9
12464,1.0,0,ANOMALY,9.4,19.2,1.3,4.6
12465,0.2727,0,NORMAL,5.6,2.0,1.2,5.1
12466,0.9999,0,WARNING,5.5,1.7,1.1,4.7
12467,0.4697,0,NORMAL,5.6,3.3,10.2,10.2
12468,0.1965,0,NORMAL,5.6,1.8,1.2,4.4
12469,0.9999,0,WARNING,5.5,1.8,1.2,4.6
12470,0.9999,0,WARNING,5.5,2.4,1.1,4.9
12471,0.9999,0,WARNING,5.4,2.3,1.3,4.7
12472,0.5014,0,NORMAL,5.5,3.6,10.8,10.2
12473,0.9999,0,WARNING,5.4,1.7,1.9,5.8
12474,1.0,0,ANOMALY,12.4,23.8,1.8,4.8
12475,0.5347,0,NORMAL,5.5,2.9,1.3,4.8
12476,0.9999,0,WARNING,5.4,1.7,1.4,6.8
12477,0.4753,0,NORMAL,5.5,3.0,10.3,10.8
12478,0.6136,0,WARNING,5.5,2.0,3.6,6.7
12479,0.6468,0,WARNING,5.5,2.1,1.9,6.7
12480,0.647,0,WARNING,5.5,1.8,1.7,6.7
12481,0.9999,0,WARNING,5.4,2.2,1.7,7.2
12482,0.475,0,NORMAL,5.5,3.1,10.8,10.6
12483,0.2937,0,NORMAL,5.5,1.6,3.5,4.7
12484,0.9969,0,WARNING,6.8,14.8,1.8,4.8
12485,0.8325,0,WARNING,5.7,4.1,1.1,4.6
12486,0.9999,0,WARNING,5.4,2.3,1.1,4.9
12487,0.4805,0,NORMAL,5.5,2.9,10.3,11.4
12488,0.5774,0,NORMAL,5.5,2.1,3.6,6.8
12489,0.6137,0,WARNING,5.5,2.2,2.3,6.7
12490,0.9923,0,WARNING,5.5,2.5,2.1,9.2
12491,0.3386,0,NORMAL,5.5,1.9,2.0,5.7
12492,0.5776,0,NORMAL,5.5,2.6,10.7,11.9
12493,0.9999,0,WARNING,5.4,1.7,3.6,6.6
12494,1.0,0,ANOMALY,9.6,19.8,1.8,6.8
12495,0.9999,0,WARNING,5.4,1.8,1.7,6.3
12496,0.9999,0,WARNING,5.4,2.0,1.6,5.5
12497,0.3195,0,NORMAL,5.5,3.1,7.5,9.3
12498,0.6468,0,WARNING,5.6,1.9,5.7,8.5
12499,0.6771,0,WARNING,5.5,1.5,1.6,7.0
12500,0.9999,0,WARNING,5.4,2.1,1.9,6.4
12501,0.9999,0,WARNING,5.4,1.7,1.5,6.1
12502,0.6773,0,WARNING,5.5,2.5,5.8,9.2
12503,0.2829,0,NORMAL,5.5,2.4,7.6,7.9
12504,1.0,0,WARNING,7.4,15.8,1.7,4.7
12505,0.9999,0,WARNING,5.4,1.9,1.0,4.6
12506,0.9999,0,WARNING,5.4,2.1,1.2,6.1
12507,0.5381,0,NORMAL,5.6,2.3,3.2,7.1
12508,0.5777,0,NORMAL,5.5,2.6,9.6,11.3
12509,0.6136,0,WARNING,5.5,2.1,2.4,6.7
12510,0.5874,0,NORMAL,5.5,3.2,2.9,5.9
12511,0.4947,0,NORMAL,5.5,2.2,1.9,6.1
12512,0.4947,0,NORMAL,5.5,2.2,2.0,6.5
12513,0.5067,0,NORMAL,5.7,3.6,11.5,12.6
12514,1.0,0,ANOMALY,11.9,22.9,3.9,8.8
12515,0.8271,0,WARNING,5.6,1.9,3.3,9.2
12516,0.4468,0,NORMAL,5.6,1.8,3.0,7.2
12517,0.9999,0,WARNING,5.5,1.9,1.4,4.7
12518,0.614,0,WARNING,5.6,2.8,10.6,12.0
12519,0.2766,0,NORMAL,5.6,1.7,2.0,6.2
12520,0.999,0,WARNING,5.6,2.2,2.3,10.2
12521,0.4471,0,NORMAL,5.6,1.9,3.0,7.3
12522,0.2356,0,NORMAL,5.6,1.2,1.5,4.8
12523,0.5067,0,NORMAL,5.6,2.8,10.8,10.3
12524,1.0,0,WARNING,7.6,16.0,2.1,4.5
12525,0.3265,0,NORMAL,5.6,2.0,1.8,5.1
12526,0.6771,0,WARNING,5.6,2.3,4.0,8.8
12527,0.4947,0,NORMAL,5.6,2.3,4.8,8.1
12528,0.5171,0,NORMAL,5.7,2.9,12.0,11.9
12529,0.282,0,NORMAL,5.6,2.2,5.0,6.5
12530,0.2876,0,NORMAL,5.6,2.5,4.4,7.0
12531,0.3221,0,NORMAL,5.6,1.5,1.8,5.6
12532,0.2767,0,NORMAL,5.6,2.3,1.5,5.5
12533,0.5381,0,NORMAL,5.7,3.7,11.1,13.0
12534,1.0,0,ANOMALY,11.2,21.9,3.7,8.2
12535,0.7932,0,WARNING,5.6,1.6,3.3,9.0
12536,0.3382,0,NORMAL,5.7,2.6,5.2,7.8
12537,0.318,0,NORMAL,5.7,2.6,5.3,7.0
12538,0.5995,0,NORMAL,5.8,3.5,14.0,13.7
12539,0.5772,0,NORMAL,5.8,2.6,7.2,8.8
12540,0.1366,0,NORMAL,5.6,2.2,3.3,6.0
12541,0.9999,0,WARNING,5.5,1.0,1.5,4.7
12542,0.3048,0,NORMAL,5.6,1.8,1.5,4.6
12543,0.4696,0,NORMAL,5.6,2.6,10.3,11.3
12544,0.9972,0,WARNING,7.2,15.3,2.6,7.0
12545,0.4464,0,NORMAL,5.6,2.3,2.7,7.3
12546,0.158,0,NORMAL,5.6,2.0,2.0,5.0
12547,0.2434,0,NORMAL,5.6,2.1,1.3,5.3
12548,0.347,0,NORMAL,5.6,2.9,8.1,9.6
12549,0.434,0,NORMAL,5.7,3.1,6.1,8.1
12550,0.9932,0,WARNING,5.7,3.3,3.5,10.3
12551,0.7381,0,WARNING,5.8,3.1,3.2,7.1
12552,0.6669,0,WARNING,5.8,3.2,2.3,6.8
12553,0.2768,0,NORMAL,5.7,3.0,6.1,8.1
12554,1.0,0,ANOMALY,11.9,23.9,7.4,8.6
12555,0.5592,0,NORMAL,5.8,2.6,1.9,4.7
12556,0.3564,0,NORMAL,5.7,2.3,1.9,4.7
12557,0.3853,0,NORMAL,5.7,2.5,1.7,4.7
12558,0.238,0,NORMAL,5.7,1.7,2.9,6.2
12559,0.7938,0,WARNING,5.8,3.2,10.9,13.8
12560,0.2811,0,NORMAL,5.8,2.8,4.8,7.4
12561,0.7029,0,WARNING,5.9,3.3,4.6,6.6
12562,0.4415,0,NORMAL,5.8,2.7,1.9,5.3
12563,0.3955,0,NORMAL,5.8,2.8,2.1,6.0
12564,0.998,0,WARNING,7.0,15.6,10.6,11.5
12565,0.3942,0,NORMAL,5.8,1.6,2.5,6.0
12566,0.3876,0,NORMAL,5.7,1.8,1.7,5.4
12567,0.154,0,NORMAL,5.7,2.0,1.4,5.0
12568,0.3391,0,NORMAL,5.8,2.1,1.3,5.7
12569,0.4696,0,NORMAL,5.9,3.0,10.5,11.6
12570,0.3285,0,NORMAL,5.8,3.2,1.5,5.6
12571,0.307,0,NORMAL,5.8,2.0,1.5,5.0
12572,0.3454,0,NORMAL,5.8,2.6,1.6,5.8
12573,0.5381,0,NORMAL,5.8,2.1,1.4,6.3
12574,1.0,0,ANOMALY,13.2,24.8,10.7,11.6
12575,0.6985,0,WARNING,5.8,2.4,3.3,6.6
12576,0.7741,0,WARNING,5.8,2.1,2.6,8.6
12577,0.7532,0,WARNING,5.9,3.3,3.2,8.5
12578,0.9999,0,WARNING,5.7,1.8,2.2,5.6
12579,0.5381,0,NORMAL,5.8,2.5,10.4,12.0
12580,0.9984,0,WARNING,5.8,2.2,2.2,10.4
12581,0.5773,0,NORMAL,5.8,2.1,1.8,6.6
12582,0.3955,0,NORMAL,5.8,1.5,1.7,6.0
12583,0.9999,0,WARNING,5.7,1.5,1.7,6.8
12584,0.9972,0,WARNING,7.2,15.3,12.4,14.4
12585,0.5766,0,NORMAL,5.9,3.4,8.1,9.2
12586,0.4939,0,NORMAL,5.8,2.4,6.6,8.9
12587,0.2296,0,NORMAL,5.8,1.5,6.3,7.9
12588,0.3072,0,NORMAL,5.8,2.1,6.2,7.4
12589,0.6503,0,WARNING,6.0,3.2,15.1,13.3
12590,0.3201,0,NORMAL,5.9,2.2,8.1,7.7
12591,0.3058,0,NORMAL,5.9,1.9,7.1,8.4
12592,0.6467,0,WARNING,5.9,2.1,7.2,9.7
12593,0.5774,0,NORMAL,5.8,1.6,4.3,8.2
12594,1.0,0,ANOMALY,12.9,24.5,11.5,14.4
12595,0.6664,0,WARNING,5.9,2.6,4.1,7.8
12596,0.3947,0,NORMAL,5.9,2.1,1.8,7.0
12597,0.7938,0,WARNING,5.9,2.0,2.4,9.2
12598,0.4476,0,NORMAL,5.9,2.6,2.6,7.5
12599,0.7745,0,WARNING,5.9,3.2,10.5,13.4
12600,0.5774,0,NORMAL,6.0,3.0,10.7,11.0
12601,0.5123,0,NORMAL,6.0,3.6,7.4,8.0
12602,0.5398,0,NORMAL,6.0,3.4,5.0,7.5
12603,0.1816,0,NORMAL,5.9,2.4,2.8,6.8
12604,1.0,0,ANOMALY,8.4,18.0,6.1,9.9
12605,0.6765,0,WARNING,5.9,3.2,8.3,11.0
12606,0.9999,0,WARNING,5.8,1.7,2.3,6.6
12607,0.9999,0,WARNING,5.8,1.7,1.9,6.7
12608,0.1426,0,NORMAL,5.9,2.0,1.6,5.2
12609,0.2582,0,NORMAL,5.9,2.2,2.7,6.0
12610,0.9953,0,WARNING,6.1,4.2,9.5,13.3
12611,0.5195,0,NORMAL,6.0,2.3,1.6,6.2
12612,0.3072,0,NORMAL,5.9,2.1,1.7,6.3
12613,0.4948,0,NORMAL,5.9,2.2,1.9,7.8
12614,1.0,0,ANOMALY,10.3,19.8,2.2,8.6
12615,0.5605,0,NORMAL,6.0,4.6,12.6,12.9
12616,0.3945,0,NORMAL,6.0,2.7,5.2,8.3
12617,0.1885,0,NORMAL,6.0,2.4,5.3,7.0
12618,0.2088,0,NORMAL,6.0,2.5,4.3,6.6
12619,0.3388,0,NORMAL,6.0,1.7,2.8,6.3
12620,0.507,0,NORMAL,6.0,3.2,10.9,11.8
12621,0.9999,0,WARNING,5.9,1.9,3.1,6.9
12622,0.6468,0,WARNING,6.0,1.9,2.2,7.2
12623,0.9999,0,WARNING,5.9,1.9,2.0,7.8
12624,1.0,0,ANOMALY,9.4,18.4,2.2,7.5
12625,0.6766,0,WARNING,6.0,2.8,10.9,13.1
12626,0.6767,0,WARNING,6.0,2.4,3.7,7.6
12627,0.6467,0,WARNING,6.1,1.9,2.6,7.5
12628,0.5776,0,NORMAL,6.1,1.2,2.5,6.9
12629,0.6773,0,WARNING,6.1,1.9,2.1,7.3
12630,0.6773,0,WARNING,6.0,2.9,11.1,13.1
12631,0.4469,0,NORMAL,6.0,1.6,3.9,6.6
12632,0.5774,0,NORMAL,6.0,1.6,2.0,7.0
12633,0.4947,0,NORMAL,6.0,1.6,1.9,6.8
12634,1.0,0,ANOMALY,8.4,16.4,1.9,7.7
12635,0.6767,0,WARNING,6.0,2.9,11.1,13.1
12636,0.6465,0,WARNING,6.1,2.0,4.1,7.4
12637,0.5774,0,NORMAL,6.1,2.2,2.8,7.2
12638,0.1421,0,NORMAL,6.1,1.5,1.7,5.0
12639,0.339,0,NORMAL,6.1,1.9,1.8,6.3
12640,0.9958,0,WARNING,6.1,3.1,10.9,15.9
12641,0.7045,0,WARNING,6.1,1.8,4.0,7.8
12642,0.5377,0,NORMAL,6.1,1.8,2.0,7.0
12643,0.7301,0,WARNING,6.1,1.8,2.3,8.0
12644,1.0,0,ANOMALY,10.3,19.5,2.6,6.2
12645,0.4756,0,NORMAL,6.2,4.0,10.5,10.8
12646,0.6133,0,WARNING,6.1,1.9,3.6,7.4
12647,0.6467,0,WARNING,6.1,1.8,2.1,7.4
12648,0.5381,0,NORMAL,6.1,1.7,2.1,7.0
12649,0.5381,0,NORMAL,6.1,1.9,2.0,7.0
12650,0.5381,0,NORMAL,6.1,2.6,8.4,10.9
12651,0.3386,0,NORMAL,6.1,2.5,5.9,8.0
12652,0.3085,0,NORMAL,6.1,1.8,2.3,6.2
12653,0.4878,0,NORMAL,6.2,3.2,2.5,6.9
12654,1.0,0,ANOMALY,8.5,16.8,2.4,10.0
12655,0.5371,0,NORMAL,6.1,2.1,7.1,10.0
12656,0.3382,0,NORMAL,6.1,3.1,8.6,9.9
12657,0.4943,0,NORMAL,6.1,2.2,2.4,7.3
12658,0.4473,0,NORMAL,6.1,2.1,2.2,7.0
12659,0.2169,0,NORMAL,6.1,1.8,2.0,6.0
12660,0.306,0,NORMAL,6.1,2.1,2.1,6.5
12661,0.5381,0,NORMAL,6.1,1.5,3.1,7.6
12662,0.7289,0,WARNING,6.4,5.3,14.0,13.5
12663,0.7628,0,WARNING,6.7,6.1,7.9,8.1
12664,1.0,0,ANOMALY,11.2,20.7,2.2,7.9
12665,0.5765,0,NORMAL,6.3,1.9,2.7,7.6
12666,0.1972,0,NORMAL,6.3,2.3,2.1,5.9
12667,0.4948,0,NORMAL,6.3,3.1,10.9,12.4
12668,0.2203,0,NORMAL,6.3,2.4,4.4,6.2
12669,0.2165,0,NORMAL,6.3,2.1,2.0,5.8
12670,0.9977,0,WARNING,6.2,2.7,2.0,9.0
12671,0.2576,0,NORMAL,6.2,2.7,2.0,6.6
12672,0.4474,0,NORMAL,6.3,3.0,8.5,11.0
12673,0.5774,0,NORMAL,6.3,2.8,6.9,9.9
12674,1.0,0,WARNING,8.1,16.1,2.5,7.9
12675,0.6949,0,WARNING,6.3,3.7,2.6,7.0
12676,0.3873,0,NORMAL,6.3,2.8,2.3,6.0
12677,0.1622,0,NORMAL,6.3,2.7,5.2,7.7
12678,0.3802,0,NORMAL,6.3,2.9,9.0,10.3
12679,0.1925,0,NORMAL,6.3,2.1,2.3,6.5
12680,0.134,0,NORMAL,6.3,2.1,2.5,6.2
12681,0.1506,0,NORMAL,6.3,2.6,2.9,6.3
12682,0.3389,0,NORMAL,6.3,2.1,2.9,7.6
12683,0.5776,0,NORMAL,6.5,3.5,11.4,13.4
12684,1.0,0,ANOMALY,11.4,20.7,3.1,7.0
12685,0.4808,0,NORMAL,6.4,2.2,2.6,6.5
12686,0.1135,0,NORMAL,6.4,2.3,3.0,6.5
12687,0.1127,0,NORMAL,6.4,1.9,2.6,6.5
12688,0.5018,0,NORMAL,6.5,3.6,11.3,11.9
12689,0.2318,0,NORMAL,6.3,2.4,4.0,7.0
12690,0.2108,0,NORMAL,6.3,2.8,3.1,6.8
12691,0.3869,0,NORMAL,6.3,2.0,2.8,6.5
12692,0.1419,0,NORMAL,6.3,2.2,2.7,6.7
12693,0.5068,0,NORMAL,6.5,3.3,11.5,12.1
12694,1.0,0,WARNING,8.2,15.8,4.8,6.7
12695,0.2648,0,NORMAL,6.5,2.1,2.8,6.7
12696,0.125,0,NORMAL,6.4,2.1,2.8,6.7
12697,0.1361,0,NORMAL,6.4,2.4,3.0,7.1
12698,0.5221,0,NORMAL,6.5,3.8,12.0,12.4
12699,0.2977,0,NORMAL,6.5,1.6,4.6,7.5
12700,0.9967,0,WARNING,6.5,2.3,3.6,11.6
12701,0.6135,0,WARNING,6.5,2.8,3.5,9.1
12702,0.5379,0,NORMAL,6.6,2.3,3.5,8.7
12703,0.522,0,NORMAL,6.8,4.0,12.1,12.5
12704,1.0,0,ANOMALY,11.5,20.5,4.6,7.1
12705,0.4388,0,NORMAL,6.7,2.0,3.0,7.4
12706,0.2707,0,NORMAL,6.6,3.5,3.7,7.9
12707,0.3869,0,NORMAL,6.4,2.7,3.9,7.6
12708,0.5646,0,NORMAL,6.5,3.9,13.1,13.5
12709,0.5376,0,NORMAL,6.4,2.1,5.6,9.1
12710,0.5378,0,NORMAL,6.4,2.7,4.2,9.3
12711,0.1489,0,NORMAL,6.4,3.1,4.0,7.9
12712,0.4505,0,NORMAL,6.4,3.2,3.7,7.8
12713,0.5444,0,NORMAL,6.6,4.4,12.9,13.5
12714,0.9981,0,WARNING,7.8,16.0,6.2,9.4
12715,0.3094,0,NORMAL,6.5,2.1,4.4,7.9
12716,0.4947,0,NORMAL,6.7,2.9,4.9,8.1
12717,0.2537,0,NORMAL,6.7,2.5,4.7,8.4
12718,0.5369,0,NORMAL,6.9,3.6,12.9,13.6
12719,0.4028,0,NORMAL,6.9,3.1,6.7,9.3
12720,0.3135,0,NORMAL,6.9,2.6,5.4,9.5
12721,0.5579,0,NORMAL,7.0,4.0,5.0,8.9
12722,0.5808,0,NORMAL,7.1,2.7,5.5,9.2
12723,0.4753,0,NORMAL,7.2,4.2,11.7,13.1
12724,1.0,0,ANOMALY,12.3,22.5,10.7,12.1
12725,0.9512,0,WARNING,7.5,4.8,6.7,10.2
12726,0.5044,0,NORMAL,7.2,3.4,7.5,9.9
12727,0.4916,0,NORMAL,7.2,3.6,7.1,10.3
12728,0.5578,0,NORMAL,7.3,3.8,9.8,12.0
12729,0.5696,0,NORMAL,7.3,4.6,14.2,14.3
12730,0.9971,0,WARNING,7.3,4.8,9.1,14.7
12731,0.5373,0,NORMAL,7.3,4.4,9.5,13.2
12732,0.6776,0,WARNING,7.4,4.2,11.8,14.7
12733,0.7936,0,WARNING,7.6,5.1,14.0,15.1
12734,1.0,0,ANOMALY,10.7,21.3,22.1,20.2
12735,0.7068,0,WARNING,7.3,3.8,14.7,15.7
12736,0.7239,0,WARNING,7.6,4.4,14.7,16.1
12737,0.81,0,WARNING,7.6,4.9,15.7,16.7
12738,0.8193,0,WARNING,7.7,3.7,15.3,15.9
12739,0.8174,0,WARNING,7.9,5.3,24.1,21.5
12740,0.722,0,WARNING,7.9,4.0,17.0,17.5
12741,0.7077,0,WARNING,7.9,3.1,16.2,18.3
12742,0.7046,0,WARNING,7.9,2.9,17.6,19.9
12743,0.7563,0,WARNING,7.9,3.8,17.8,20.0
12744,1.0,0,ANOMALY,10.5,19.7,27.3,24.4
12745,0.8589,0,WARNING,8.0,4.5,20.4,19.0
12746,0.8883,0,WARNING,8.0,3.8,19.1,18.8
12747,0.9476,0,WARNING,8.3,6.0,26.3,25.4
12748,0.9471,0,WARNING,8.1,4.7,29.6,27.1
12749,0.9472,0,WARNING,8.2,8.2,37.0,31.5
12750,0.9503,0,WARNING,7.7,6.0,28.2,24.5
12751,0.9499,0,WARNING,7.6,6.4,26.2,24.2
12752,0.9491,0,WARNING,7.4,5.0,25.7,24.2
12753,0.9497,0,WARNING,7.7,6.2,25.2,24.0
12754,1.0,0,ANOMALY,11.1,21.8,33.1,27.9
12755,0.826,1,WARNING,7.4,6.2,25.4,23.5
12756,1.0,1,WARNING,7.6,5.3,24.1,23.6
12757,0.8549,1,WARNING,7.3,4.3,23.3,22.7
12758,0.8939,1,WARNING,7.4,4.6,23.1,21.9
12759,1.0,1,ANOMALY,14.4,7.1,41.7,29.1
12760,1.0,1,ANOMALY,35.3,5.6,35.3,32.2
12761,1.0,1,ANOMALY,46.1,7.4,11.5,22.4
12762,1.0,1,ANOMALY,47.8,7.8,23.5,25.2
12763,1.0,1,ANOMALY,38.6,5.6,28.6,29.9
12764,1.0,1,ANOMALY,24.8,22.5,33.6,28.3
12765,1.0,1,ANOMALY,18.2,7.0,24.8,23.7
12766,1.0,1,ANOMALY,16.6,5.7,23.2,23.5
12767,1.0,1,ANOMALY,15.5,6.6,23.3,23.8
12768,1.0,1,ANOMALY,14.3,4.6,23.4,24.4
12769,1.0,1,ANOMALY,14.1,8.3,32.3,28.6
12770,1.0,1,ANOMALY,13.4,6.9,25.5,22.0
12771,1.0,1,ANOMALY,12.9,6.1,23.2,22.1
12772,1.0,1,ANOMALY,12.2,4.8,22.9,22.7
12773,1.0,1,ANOMALY,12.1,6.0,22.3,22.7
12774,1.0,1,ANOMALY,15.5,21.3,27.9,26.5
12775,1.0,1,ANOMALY,11.7,7.3,26.9,24.1
12776,1.0,0,ANOMALY,10.9,5.0,22.2,21.6
12777,1.0,0,ANOMALY,10.6,5.2,22.4,22.4
12778,1.0,0,ANOMALY,10.3,4.9,22.6,22.8
12779,1.0,0,WARNING,10.0,5.6,25.0,24.7
12780,1.0,0,WARNING,9.8,5.1,27.9,27.3
12781,1.0,0,WARNING,9.7,4.8,22.2,23.6
12782,1.0,0,WARNING,9.7,5.1,22.1,24.0
12783,0.9999,0,WARNING,9.5,4.4,22.7,23.6
12784,1.0,0,ANOMALY,13.1,21.0,21.8,22.9
12785,0.9971,0,WARNING,9.4,5.9,29.6,28.3
12786,0.9887,0,WARNING,9.4,5.4,22.1,21.6
12787,0.9594,0,WARNING,9.1,4.8,22.3,23.6
12788,0.8595,0,WARNING,9.0,3.7,21.1,22.5
12789,0.7568,0,WARNING,9.0,5.1,20.5,23.3
12790,0.9986,0,WARNING,9.0,5.9,29.5,30.7
12791,0.8533,0,WARNING,8.9,5.1,22.8,22.2
12792,0.8053,0,WARNING,8.7,4.6,21.2,23.1
12793,0.8425,0,WARNING,8.8,5.4,21.2,22.5
12794,1.0,0,ANOMALY,12.6,22.0,20.9,22.6
12795,0.9586,0,WARNING,8.8,6.9,29.5,28.6
12796,0.7757,0,WARNING,8.5,4.0,22.8,23.2
12797,0.7993,0,WARNING,8.6,5.8,21.2,23.3
12798,0.8457,0,WARNING,8.4,4.9,20.3,21.2
12799,0.8577,0,WARNING,8.4,4.3,19.0,20.4
12800,0.9489,0,WARNING,8.5,5.8,27.7,25.7
12801,0.793,0,WARNING,8.4,4.4,20.3,20.2
12802,0.8777,0,WARNING,8.3,4.2,19.5,22.0
12803,0.8239,0,WARNING,8.4,4.4,19.7,21.5
12804,1.0,0,ANOMALY,12.2,21.1,19.8,20.5
12805,0.9546,0,WARNING,8.4,5.8,28.9,26.7
12806,0.8186,0,WARNING,8.2,4.5,21.3,20.8
12807,0.8765,0,WARNING,8.2,4.4,20.2,21.7
12808,0.8605,0,WARNING,8.2,3.4,19.5,20.6
12809,0.8576,0,WARNING,8.4,5.1,19.1,20.3
12810,0.8491,0,WARNING,8.3,5.3,27.5,25.7
12811,0.8292,0,WARNING,8.3,5.2,22.2,21.5
12812,0.9408,0,WARNING,8.6,6.1,21.4,21.6
12813,0.9445,0,WARNING,8.7,6.0,19.6,21.5
12814,1.0,0,ANOMALY,12.4,20.1,19.7,21.5
12815,0.8442,0,WARNING,8.5,5.9,27.4,25.6
12816,0.8425,0,WARNING,8.4,4.4,21.0,20.5
12817,0.8409,0,WARNING,8.5,5.3,21.7,20.4
12818,0.87,0,WARNING,8.5,4.8,22.0,21.2
12819,0.9611,0,WARNING,8.8,6.0,19.5,21.4
12820,0.9953,0,WARNING,8.6,5.4,28.5,30.0
12821,0.8619,0,WARNING,8.5,4.7,21.5,21.2
12822,0.8687,0,WARNING,8.5,3.6,19.7,20.2
12823,0.9503,0,WARNING,8.8,5.9,18.6,20.3
12824,0.999,0,WARNING,10.0,18.1,19.0,21.4
12825,0.8764,0,WARNING,8.6,6.4,26.1,24.8
12826,0.953,0,WARNING,8.6,4.6,21.7,21.3
12827,0.8441,0,WARNING,8.7,6.1,18.7,21.1
12828,1.0,0,ANOMALY,8.6,5.3,18.9,22.7
12829,0.9831,0,WARNING,9.0,7.5,19.0,20.4
12830,0.9059,0,WARNING,8.9,7.1,22.1,23.2
12831,0.7825,0,WARNING,8.8,5.7,24.0,24.7
12832,0.728,0,WARNING,8.7,4.3,18.3,21.6
12833,0.7971,0,WARNING,8.6,4.7,17.9,20.9
12834,1.0,0,ANOMALY,12.3,20.8,18.0,19.7
12835,0.8502,0,WARNING,8.7,5.6,18.2,19.8
12836,0.8375,0,WARNING,8.6,6.0,26.0,26.0
12837,0.8309,0,WARNING,8.8,5.8,18.7,21.1
12838,0.9898,0,WARNING,9.0,7.6,18.1,20.9
12839,0.7888,0,WARNING,8.8,5.7,17.9,20.8
12840,0.8203,0,WARNING,8.7,5.0,16.9,20.1
12841,0.8376,0,WARNING,8.8,6.4,25.9,25.6
12842,0.759,0,WARNING,8.9,4.9,19.1,21.5
12843,0.8619,0,WARNING,8.8,4.4,18.1,20.0
12844,1.0,0,ANOMALY,12.9,20.7,18.0,19.7
12845,0.8392,0,WARNING,9.1,5.3,17.9,19.8
12846,0.8362,0,WARNING,8.9,6.1,26.4,25.4
12847,0.8292,0,WARNING,8.8,5.3,19.2,20.2
12848,0.8591,0,WARNING,8.8,4.2,17.7,19.8
12849,0.8309,0,WARNING,8.9,4.8,17.3,19.3
12850,0.9984,0,WARNING,8.7,4.3,16.9,22.2
12851,0.8455,0,WARNING,8.8,5.5,25.9,24.9
12852,0.809,0,WARNING,8.8,4.3,19.5,20.0
12853,0.809,0,WARNING,9.0,5.2,17.9,19.7
12854,1.0,0,ANOMALY,13.0,20.8,17.5,19.8
12855,0.8129,0,WARNING,9.0,5.4,16.7,19.5
12856,0.8644,0,WARNING,9.2,6.9,25.4,24.7
12857,0.86,0,WARNING,9.2,6.3,18.7,19.4
12858,0.9349,0,WARNING,9.2,4.7,16.7,19.9
12859,0.8451,0,WARNING,9.2,5.5,16.8,20.7
12860,0.8256,0,WARNING,9.1,5.4,17.1,19.9
12861,0.8261,0,WARNING,9.1,7.2,25.3,24.6
12862,0.7887,0,WARNING,9.0,4.8,18.1,19.5
12863,0.7361,0,WARNING,8.9,4.2,16.0,19.6
12864,1.0,0,ANOMALY,12.3,20.1,16.0,20.8
12865,0.7049,0,WARNING,8.8,3.7,16.1,20.8
12866,0.8274,0,WARNING,9.0,5.3,25.6,25.2
12867,0.9392,0,WARNING,9.3,6.1,17.9,20.1
12868,0.7516,0,WARNING,9.0,4.2,15.6,19.3
12869,0.7019,0,WARNING,8.9,3.7,14.2,19.3
12870,0.6768,0,WARNING,8.9,3.5,13.2,18.4
12871,0.7577,0,WARNING,9.1,3.9,21.4,22.4
12872,0.7277,0,WARNING,9.0,4.1,14.1,16.0
12873,0.7165,0,WARNING,9.0,3.8,12.1,15.6
12874,1.0,0,ANOMALY,13.1,20.6,11.9,15.3
12875,0.7384,0,WARNING,9.0,3.4,10.8,14.9
12876,0.7323,0,WARNING,9.0,4.0,17.2,18.9
12877,0.6826,0,WARNING,9.0,4.4,13.6,15.7
12878,0.5693,0,NORMAL,8.9,3.5,10.3,15.7
12879,0.6437,0,WARNING,9.0,3.5,10.4,15.7
12880,0.9977,0,WARNING,8.9,3.9,10.3,18.8
12881,0.6958,0,WARNING,9.0,3.6,13.7,17.1
12882,0.6242,0,WARNING,9.0,4.0,14.9,16.9
12883,0.4814,0,NORMAL,8.9,3.6,8.9,14.6
12884,1.0,0,ANOMALY,12.6,19.8,9.2,15.8
12885,0.7622,0,WARNING,8.9,3.4,8.8,15.1
12886,1.0,0,ANOMALY,9.0,3.5,9.6,19.4
12887,0.753,0,WARNING,9.1,4.9,17.6,21.2
12888,0.6464,0,WARNING,8.9,3.3,10.1,15.4
12889,0.6466,0,WARNING,8.9,2.7,9.1,15.2
12890,0.5999,0,NORMAL,8.9,3.9,9.9,14.6
12891,0.5773,0,NORMAL,8.9,3.5,9.3,14.9
12892,0.6703,0,WARNING,9.0,4.0,17.2,19.2
12893,0.4075,0,NORMAL,8.9,3.5,9.4,13.8
12894,1.0,0,ANOMALY,12.7,19.9,8.4,14.1
12895,0.4648,0,NORMAL,8.9,3.9,8.4,13.9
12896,0.4744,0,NORMAL,8.9,3.3,8.1,13.3
12897,0.6627,0,WARNING,9.0,4.4,16.7,18.0
12898,0.4941,0,NORMAL,9.0,3.1,9.7,13.8
12899,0.6134,0,WARNING,8.9,3.4,7.4,13.8
12900,0.5774,0,NORMAL,8.9,3.0,6.8,13.2
12901,0.6137,0,WARNING,8.9,3.3,6.7,13.4
12902,0.6179,0,WARNING,8.9,3.9,15.4,16.9
12903,0.434,0,NORMAL,8.9,2.9,7.5,11.0
12904,1.0,0,ANOMALY,14.5,22.6,5.6,11.2
12905,0.4686,0,NORMAL,8.9,3.0,5.5,11.7
12906,0.7426,0,WARNING,9.1,3.3,5.6,11.1
12907,0.5867,0,NORMAL,8.9,4.0,14.2,16.2
12908,0.3411,0,NORMAL,8.9,2.4,6.8,10.7
12909,0.5377,0,NORMAL,9.0,3.0,5.3,12.2
12910,0.9932,0,WARNING,9.0,2.2,6.2,14.6
12911,0.5377,0,NORMAL,9.0,3.0,6.1,12.2
12912,0.5918,0,NORMAL,9.0,4.0,14.5,15.9
12913,0.3389,0,NORMAL,9.0,2.6,7.1,10.5
12914,1.0,0,ANOMALY,12.2,18.6,5.5,10.7
12915,0.3049,0,NORMAL,8.9,3.0,5.2,10.9
12916,0.5529,0,NORMAL,9.0,3.6,5.7,10.8
12917,0.9147,0,WARNING,9.2,6.0,15.2,16.4
12918,0.3948,0,NORMAL,8.8,2.3,6.8,10.9
12919,0.4943,0,NORMAL,8.9,2.9,5.2,11.7
12920,0.4691,0,NORMAL,8.7,2.1,5.4,9.8
12921,0.3419,0,NORMAL,8.9,2.8,5.1,10.1
12922,0.6066,0,WARNING,8.9,4.0,14.7,16.2
12923,0.4333,0,NORMAL,8.9,4.1,10.0,11.2
12924,1.0,0,ANOMALY,14.3,22.8,7.0,11.8
12925,0.6761,0,WARNING,8.8,2.8,5.5,12.2
12926,0.3188,0,NORMAL,8.8,2.7,5.0,9.7
12927,0.4703,0,NORMAL,8.9,3.5,11.3,12.9
12928,0.3093,0,NORMAL,8.8,2.3,8.0,11.7
12929,0.3952,0,NORMAL,8.7,2.5,5.4,11.1
12930,0.4946,0,NORMAL,8.9,2.9,4.9,11.2
12931,0.6771,0,WARNING,8.7,2.8,5.4,12.3
12932,0.5775,0,NORMAL,8.8,2.3,8.8,13.9
12933,0.4944,0,NORMAL,8.8,3.6,11.2,14.7
12934,0.9978,0,WARNING,10.3,16.2,5.2,11.8
12935,0.613,0,WARNING,8.8,3.0,5.0,11.8
12936,0.3889,0,NORMAL,9.2,1.9,5.8,10.9
12937,0.4945,0,NORMAL,9.3,2.8,5.5,11.4
12938,0.7048,0,WARNING,9.3,3.5,13.6,17.6
12939,0.4942,0,NORMAL,9.2,3.2,6.0,11.4
12940,0.9967,0,WARNING,9.0,2.5,5.4,14.8
12941,0.3427,0,NORMAL,9.1,2.6,5.2,10.5
12942,0.4514,0,NORMAL,9.0,2.9,5.3,10.4
12943,0.604,0,WARNING,9.0,4.5,14.3,16.2
12944,1.0,0,ANOMALY,13.5,20.8,7.0,11.5
12945,0.6458,0,WARNING,8.9,2.8,6.2,12.5
12946,0.4467,0,NORMAL,8.9,2.7,5.6,11.4
12947,0.6468,0,WARNING,8.8,3.3,5.3,12.1
12948,0.5786,0,NORMAL,8.9,3.3,14.1,16.1
12949,0.401,0,NORMAL,8.9,3.0,6.9,10.2
12950,0.4584,0,NORMAL,8.9,2.6,5.3,11.0
12951,0.6577,0,WARNING,8.8,3.2,5.3,12.3
12952,0.5606,0,NORMAL,8.9,2.6,5.9,10.5
12953,0.5943,0,NORMAL,8.9,3.7,14.6,15.9
12954,1.0,0,ANOMALY,12.4,19.0,7.2,11.0
12955,0.6127,0,WARNING,8.8,3.0,6.3,12.7
12956,0.7299,0,WARNING,8.8,1.8,7.0,13.7
12957,0.7047,0,WARNING,8.8,3.1,10.2,15.9
12958,0.7549,0,WARNING,8.9,4.0,21.1,21.7
12959,0.6345,0,WARNING,8.9,3.7,14.0,15.1
12960,0.7487,0,WARNING,8.9,3.2,12.7,14.9
12961,0.7385,0,WARNING,8.9,4.1,11.9,14.8
12962,0.7587,0,WARNING,8.9,3.3,12.0,15.1
12963,0.747,0,WARNING,9.0,4.1,20.6,20.4
12964,1.0,0,ANOMALY,13.4,21.8,13.9,16.3
12965,0.6695,0,WARNING,8.9,4.5,13.0,16.9
12966,0.735,0,WARNING,8.9,4.3,12.4,15.3
12967,0.6941,0,WARNING,9.1,5.2,12.8,15.7
12968,0.8464,0,WARNING,9.2,6.6,20.7,20.6
12969,0.5786,0,NORMAL,9.1,4.2,13.7,16.5
12970,0.9971,0,WARNING,9.1,3.9,12.9,20.5
12971,0.7061,0,WARNING,9.1,4.3,12.4,15.7
12972,0.6775,0,WARNING,9.2,3.0,11.6,15.3
12973,0.759,0,WARNING,9.2,4.9,20.8,21.9
12974,1.0,0,ANOMALY,13.4,22.4,14.0,16.7
12975,0.6986,0,WARNING,9.2,5.7,12.6,15.5
12976,0.6659,0,WARNING,9.2,4.7,12.1,15.3
12977,0.7379,0,WARNING,9.2,5.9,12.5,16.8
12978,0.7197,0,WARNING,9.2,5.6,19.4,20.9
12979,0.7241,0,WARNING,9.2,4.5,16.3,17.2
12980,0.6588,0,WARNING,9.2,4.5,12.6,16.4
12981,0.6063,0,WARNING,9.2,4.2,12.2,16.2
12982,0.7058,0,WARNING,9.2,3.5,13.1,17.4
12983,0.6996,0,WARNING,9.2,4.4,16.8,19.4
12984,1.0,0,ANOMALY,12.8,20.7,19.0,20.9
12985,0.6118,0,WARNING,9.3,3.6,13.3,17.6
12986,0.6828,0,WARNING,9.4,4.7,14.3,18.1
12987,0.7748,0,WARNING,9.3,4.5,14.3,17.0
12988,0.7982,0,WARNING,9.4,4.0,14.3,16.8
12989,0.7872,0,WARNING,9.5,5.1,22.8,22.5
12990,0.7841,0,WARNING,9.5,4.6,15.5,17.6
12991,0.8009,0,WARNING,9.4,4.4,14.9,17.0
12992,0.7406,0,WARNING,9.4,4.0,14.6,17.7
12993,0.7377,0,WARNING,9.5,4.5,15.2,18.3
12994,1.0,0,ANOMALY,14.9,23.3,24.6,24.3
12995,0.8202,0,WARNING,9.6,4.9,17.8,18.4
12996,0.8274,0,WARNING,9.5,4.9,15.9,18.0
12997,0.7754,0,WARNING,9.5,4.4,15.7,19.2
12998,0.7565,0,WARNING,9.5,4.6,15.7,19.2
12999,0.8115,0,WARNING,9.7,6.1,24.4,24.0
13000,0.9922,0,WARNING,9.5,3.9,17.9,21.1
13001,0.7821,0,WARNING,9.6,3.7,15.8,18.3
13002,0.7864,0,WARNING,9.6,3.8,15.4,18.1
13003,0.8423,0,WARNING,9.6,4.5,15.5,17.7
13004,1.0,0,ANOMALY,12.5,20.5,24.2,23.5
13005,0.8402,0,WARNING,9.7,4.4,16.9,17.7
13006,0.8583,0,WARNING,9.8,5.1,15.3,17.7
13007,0.8011,0,WARNING,9.8,4.2,15.4,18.2
13008,0.7776,0,WARNING,9.8,5.0,15.3,17.9
13009,0.8165,0,WARNING,9.8,6.8,24.2,23.3
13010,0.7907,0,WARNING,9.7,4.0,17.4,19.4
13011,0.7589,0,WARNING,9.8,3.6,15.7,19.3
13012,0.9958,0,WARNING,10.3,7.5,16.3,18.9
13013,0.7864,0,WARNING,10.1,5.2,16.7,18.8
13014,1.0,0,ANOMALY,14.0,22.4,24.8,23.8
13015,0.7464,0,WARNING,10.0,5.2,17.7,19.0
13016,0.9371,0,WARNING,10.1,6.5,15.9,19.4
13017,0.6928,0,WARNING,9.8,4.6,16.3,20.9
13018,0.8325,0,WARNING,9.8,4.6,16.3,19.8
13019,0.8181,0,WARNING,9.9,5.2,24.7,25.1
13020,0.749,0,WARNING,9.8,4.2,18.7,21.8
13021,0.7528,0,WARNING,10.0,4.8,16.7,21.9
13022,0.7529,0,WARNING,10.0,4.1,17.0,22.4
13023,0.7731,0,WARNING,9.9,3.7,17.0,21.4
13024,1.0,0,ANOMALY,13.5,23.6,26.0,26.9
13025,0.7439,0,WARNING,10.1,4.9,18.5,21.0
13026,0.7643,0,WARNING,10.1,5.1,16.8,21.8
13027,0.7297,0,WARNING,10.1,4.9,17.1,22.6
13028,0.7755,0,WARNING,10.1,4.4,17.5,21.8
13029,0.8147,0,WARNING,10.2,5.8,23.8,25.0
13030,0.9974,0,WARNING,10.2,5.0,21.2,26.1
13031,0.795,0,WARNING,10.3,5.8,17.7,21.6
13032,0.744,0,WARNING,10.4,4.7,17.3,22.2
13033,0.7413,0,WARNING,10.5,4.4,17.5,22.7
13034,1.0,0,ANOMALY,16.4,25.1,23.9,26.1
13035,0.9578,0,WARNING,10.6,6.1,28.4,27.5
13036,0.8205,0,WARNING,10.4,4.8,18.6,22.1
13037,0.9198,0,WARNING,10.5,5.9,17.4,21.3
13038,0.8186,0,WARNING,10.2,4.3,17.3,20.8
13039,0.7779,0,WARNING,10.3,4.8,17.4,20.7
13040,0.8256,0,WARNING,10.4,5.8,25.0,26.8
13041,0.7527,0,WARNING,10.4,4.8,18.3,21.9
13042,0.8032,0,WARNING,10.5,5.0,18.8,22.7
13043,0.8956,0,WARNING,10.5,5.1,17.5,21.0
13044,0.9987,0,WARNING,11.5,16.5,17.3,21.0
13045,0.8486,0,WARNING,10.4,5.9,26.6,26.0
13046,0.8239,0,WARNING,10.5,4.6,19.1,19.8
13047,0.811,0,WARNING,10.4,5.1,17.4,20.4
13048,0.9994,0,WARNING,12.1,10.7,17.9,20.3
13049,0.9197,0,WARNING,10.8,4.7,17.6,20.0
13050,0.839,0,WARNING,10.6,5.7,26.2,26.6
13051,0.8487,0,WARNING,10.5,4.8,19.5,20.6
13052,0.7334,0,WARNING,10.5,3.8,17.2,21.8
13053,0.7615,0,WARNING,10.6,4.7,18.3,22.1
13054,1.0,0,ANOMALY,14.6,21.4,19.3,23.2
13055,0.9546,0,WARNING,10.7,6.2,30.5,27.9
13056,0.9552,0,WARNING,10.8,5.1,24.9,22.6
13057,0.9531,0,WARNING,11.0,6.0,24.3,24.4
13058,0.8458,0,WARNING,10.7,5.4,21.7,22.3
13059,0.8377,0,WARNING,10.7,4.9,18.8,21.0
13060,0.9947,0,WARNING,10.7,5.4,27.9,29.3
13061,0.8503,0,WARNING,10.7,5.3,20.6,21.1
13062,0.9475,0,WARNING,10.8,4.7,18.8,21.4
13063,0.8739,0,WARNING,10.7,4.1,18.6,20.2
13064,1.0,0,ANOMALY,13.7,20.2,19.1,22.7
13065,0.9537,0,WARNING,10.7,5.7,27.8,28.4
13066,0.8149,0,WARNING,10.7,4.8,20.3,22.7
13067,0.8186,0,WARNING,10.7,5.1,18.9,23.2
13068,0.9494,0,WARNING,10.8,5.6,19.2,21.6
13069,0.8487,0,WARNING,10.9,6.9,18.4,20.5
13070,0.9472,0,WARNING,11.2,8.1,26.8,26.0
13071,0.7951,0,WARNING,10.7,5.4,20.4,22.6
13072,0.7567,0,WARNING,10.8,5.0,20.8,23.1
13073,0.921,0,WARNING,11.0,5.7,21.2,23.6
13074,1.0,0,ANOMALY,13.8,20.4,23.7,25.0
13075,0.9547,0,WARNING,10.8,6.0,29.2,28.8
13076,0.7932,0,WARNING,10.7,5.2,21.2,23.8
13077,0.8592,0,WARNING,10.6,5.3,21.0,24.3
13078,0.8327,0,WARNING,10.7,5.1,19.4,21.7
13079,0.8344,0,WARNING,10.6,5.3,19.1,21.3
13080,0.8079,0,WARNING,10.7,6.7,24.0,24.7
13081,0.8148,0,WARNING,10.6,5.4,18.9,20.2
13082,0.7517,0,WARNING,10.7,5.5,15.2,18.3
13083,0.7465,0,WARNING,10.5,5.2,14.4,17.9
13084,1.0,0,ANOMALY,14.1,20.9,13.3,18.4
13085,0.7589,0,WARNING,10.4,4.5,17.5,20.7
13086,0.7586,0,WARNING,10.6,5.7,18.1,19.2
13087,0.7438,0,WARNING,10.5,4.5,14.2,17.7
13088,0.7412,0,WARNING,10.5,4.2,16.9,19.2
13089,0.6926,0,WARNING,10.5,4.2,14.2,17.3
13090,0.9902,0,WARNING,10.5,3.7,12.6,18.7
13091,0.7385,0,WARNING,10.6,5.5,20.0,21.0
13092,0.7017,0,WARNING,10.5,3.4,12.1,15.6
13093,0.707,0,WARNING,10.6,4.0,11.6,15.5
13094,1.0,0,ANOMALY,13.2,19.5,11.3,15.6
13095,0.8385,0,WARNING,10.7,5.7,11.3,15.4
13096,0.7383,0,WARNING,10.7,6.8,19.4,20.4
13097,0.7532,0,WARNING,10.7,5.3,11.9,17.1
13098,0.6852,0,WARNING,10.4,3.9,11.0,16.3
13099,0.6364,0,WARNING,10.5,3.9,9.9,14.8
13100,0.5715,0,NORMAL,10.5,3.2,10.1,15.3
13101,0.7673,0,WARNING,10.7,5.4,18.3,21.2
13102,0.6767,0,WARNING,10.5,3.8,12.1,16.8
13103,0.5018,0,NORMAL,10.5,3.4,11.3,16.6
13104,1.0,0,ANOMALY,13.2,18.4,14.6,18.7
13105,0.6486,0,WARNING,10.7,4.6,12.6,16.4
13106,0.701,0,WARNING,10.6,4.7,18.6,19.9
13107,0.623,0,WARNING,10.5,3.9,11.8,14.7
13108,0.5901,0,NORMAL,10.6,3.8,9.9,15.0
13109,0.5891,0,NORMAL,10.6,3.4,9.6,14.4
13110,0.6124,0,WARNING,10.5,3.2,9.4,14.2
13111,0.6974,0,WARNING,10.6,4.6,17.7,20.2
13112,0.577,0,NORMAL,10.5,3.7,11.5,16.3
13113,0.577,0,NORMAL,10.5,3.6,9.4,15.9
13114,1.0,0,ANOMALY,14.1,19.9,9.5,15.9
13115,0.5676,0,NORMAL,10.5,3.3,9.3,15.4
13116,0.7047,0,WARNING,10.7,3.8,18.1,21.3
13117,0.6132,0,WARNING,10.6,3.8,10.9,15.8
13118,0.4467,0,NORMAL,10.6,2.7,9.4,15.4
13119,0.6135,0,WARNING,10.6,3.4,9.2,16.0
13120,0.9967,0,WARNING,10.6,3.8,9.9,18.6
13121,0.7043,0,WARNING,10.7,4.7,18.7,19.6
13122,0.6201,0,WARNING,10.6,4.4,10.5,13.5
13123,0.5489,0,NORMAL,10.5,3.5,8.6,13.5
13124,1.0,0,ANOMALY,14.3,20.1,9.2,14.5
13125,0.4539,0,NORMAL,10.6,4.2,9.9,15.0
13126,0.708,0,WARNING,10.6,4.9,18.3,21.3
13127,0.4939,0,NORMAL,10.7,4.0,11.0,15.5
13128,0.5634,0,NORMAL,10.7,3.2,9.0,15.3
13129,0.5797,0,NORMAL,10.7,4.4,9.2,14.5
13130,0.5247,0,NORMAL,10.7,4.2,11.0,15.4
13131,0.7757,0,WARNING,10.8,4.7,21.4,21.7
13132,0.6102,0,WARNING,11.0,5.0,16.9,18.0
13133,0.5695,0,NORMAL,10.7,4.4,11.6,15.7
13134,1.0,0,ANOMALY,14.1,19.6,10.4,15.0
13135,0.6031,0,WARNING,10.8,4.6,11.0,15.1
13136,0.5688,0,NORMAL,10.8,4.6,13.2,16.9
13137,0.6322,0,WARNING,10.8,4.8,16.3,18.9
13138,0.504,0,NORMAL,10.9,5.0,10.8,16.5
13139,0.5602,0,NORMAL,10.9,4.7,10.5,17.1
13140,0.5773,0,NORMAL,10.8,3.9,9.8,17.0
13141,0.9387,0,WARNING,11.2,5.6,10.4,16.4
13142,0.7079,0,WARNING,11.2,5.7,18.4,19.9
13143,0.5161,0,NORMAL,11.1,4.5,9.5,14.3
13144,1.0,0,ANOMALY,14.1,19.3,8.3,14.2
13145,0.4501,0,NORMAL,10.7,3.4,7.8,14.8
13146,0.6134,0,WARNING,10.7,3.1,8.7,15.8
13147,0.7053,0,WARNING,10.8,5.1,17.8,21.2
13148,0.6464,0,WARNING,10.7,3.1,9.8,15.8
13149,0.5772,0,NORMAL,10.7,3.7,9.3,16.1
13150,0.9874,0,WARNING,10.8,4.3,11.4,19.9
13151,0.577,0,NORMAL,10.8,2.8,12.4,17.5
13152,0.7578,0,WARNING,11.1,5.2,20.3,22.5
13153,0.6945,0,WARNING,10.7,3.5,10.4,16.0
13154,1.0,0,ANOMALY,15.9,22.0,7.0,13.4
13155,0.467,0,NORMAL,10.7,3.0,7.0,13.5
13156,0.4021,0,NORMAL,10.7,2.7,6.7,13.4
13157,0.6461,0,WARNING,10.8,4.1,15.6,19.0
13158,0.4965,0,NORMAL,10.7,3.2,9.0,13.3
13159,0.6157,0,WARNING,10.7,2.8,7.1,13.3
13160,0.4284,0,NORMAL,10.7,2.9,6.4,13.4
13161,0.5273,0,NORMAL,10.7,2.2,6.6,13.1
13162,0.6554,0,WARNING,10.9,4.9,16.2,19.2
13163,0.3949,0,NORMAL,10.8,3.3,8.5,13.9
13164,1.0,0,ANOMALY,14.5,19.9,6.7,14.4
13165,0.6459,0,WARNING,10.8,3.9,7.1,14.8
13166,0.7298,0,WARNING,10.8,3.1,7.1,15.1
13167,0.736,0,WARNING,10.9,4.4,18.9,21.9
13168,0.3764,0,NORMAL,10.9,3.1,11.4,15.8
13169,0.7045,0,WARNING,10.8,3.2,8.9,16.6
13170,0.6769,0,WARNING,10.8,3.3,6.9,15.3
13171,0.5829,0,NORMAL,10.9,4.8,6.4,13.1
13172,0.6403,0,WARNING,10.9,4.9,15.5,18.6
13173,0.5375,0,NORMAL,10.8,3.8,8.9,14.4
13174,1.0,0,ANOMALY,16.1,23.5,8.2,15.1
13175,0.7882,0,WARNING,10.9,4.2,7.5,15.6
13176,0.7045,0,WARNING,10.9,2.8,6.9,15.1
13177,0.6467,0,WARNING,11.0,4.3,15.6,20.1
13178,0.4749,0,NORMAL,10.9,3.6,9.4,14.6
13179,0.327,0,NORMAL,10.9,3.7,6.1,13.1
13180,0.9858,0,WARNING,10.9,2.8,6.3,17.6
13181,0.6467,0,WARNING,10.9,3.4,6.3,14.5
13182,0.683,0,WARNING,10.8,5.3,11.9,17.1
13183,0.5376,0,NORMAL,10.8,3.2,10.9,16.0
13184,0.9998,0,WARNING,12.5,16.2,6.1,14.2
13185,0.7042,0,WARNING,10.8,3.4,6.3,14.9
13186,0.7046,0,WARNING,10.8,2.4,6.7,14.8
13187,0.5774,0,NORMAL,10.8,3.5,9.2,15.7
13188,0.5232,0,NORMAL,10.8,3.8,12.7,17.2
13189,0.6235,0,WARNING,11.4,5.9,6.3,12.6
13190,0.3684,0,NORMAL,10.8,3.0,5.6,12.6
13191,0.2766,0,NORMAL,10.8,2.8,5.4,12.9
13192,0.4946,0,NORMAL,10.8,4.0,6.2,13.8
13193,0.6362,0,WARNING,11.0,6.0,14.6,19.1
13194,1.0,0,ANOMALY,15.5,21.5,6.6,12.6
13195,0.4855,0,NORMAL,10.8,4.6,5.4,12.4
13196,0.871,0,WARNING,11.0,4.4,5.6,13.1
13197,0.8894,0,WARNING,11.4,7.0,6.1,14.6
13198,0.7301,0,WARNING,11.0,3.4,15.1,20.4
13199,0.4114,0,NORMAL,10.9,2.7,7.6,13.4
13200,0.395,0,NORMAL,10.9,2.0,5.8,13.5
13201,0.7047,0,WARNING,10.8,2.4,6.6,15.0
13202,0.4471,0,NORMAL,10.8,3.1,6.8,14.0
13203,0.6564,0,WARNING,11.0,4.3,15.4,19.1
13204,1.0,0,ANOMALY,13.2,17.7,7.7,12.6
13205,0.7049,0,WARNING,11.0,4.7,5.7,12.2
13206,0.5058,0,NORMAL,10.9,3.5,5.6,12.9
13207,0.677,0,WARNING,10.8,2.6,5.5,14.2
13208,0.7744,0,WARNING,10.9,3.5,14.8,20.2
13209,0.6768,0,WARNING,10.8,3.3,7.5,13.9
13210,0.994,0,WARNING,10.8,2.1,6.2,17.1
13211,0.5772,0,NORMAL,10.9,3.0,5.6,13.3
13212,0.6136,0,WARNING,11.0,3.9,5.4,13.6
13213,0.6582,0,WARNING,10.9,5.3,14.0,18.8
13214,1.0,0,ANOMALY,13.8,18.6,6.8,13.6
13215,0.5368,0,NORMAL,10.9,2.9,5.4,13.4
13216,0.7046,0,WARNING,10.8,1.9,6.3,14.6
13217,0.7301,0,WARNING,10.9,3.9,7.7,15.6
13218,0.7532,0,WARNING,10.9,3.5,17.8,22.0
13219,0.7298,0,WARNING,10.8,3.2,8.4,14.7
13220,0.6465,0,WARNING,10.9,2.2,5.6,13.7
13221,0.677,0,WARNING,10.8,2.8,5.6,13.9
13222,0.5379,0,NORMAL,10.8,2.6,5.2,13.3
13223,0.7532,0,WARNING,10.8,3.3,14.1,19.8
13224,1.0,0,ANOMALY,13.1,17.3,7.1,14.1
13225,0.4934,0,NORMAL,10.8,3.2,5.7,13.3
13226,0.755,0,WARNING,10.9,3.6,5.3,12.4
13227,0.5378,0,NORMAL,10.8,2.8,5.3,13.1
13228,0.5558,0,NORMAL,10.8,3.3,13.3,17.5
13229,0.291,0,NORMAL,10.8,2.7,7.0,11.7
13230,0.3041,0,NORMAL,10.8,2.2,4.3,11.3
13231,0.3303,0,NORMAL,10.7,2.6,4.6,11.0
13232,0.1994,0,NORMAL,10.8,2.3,4.6,11.3
13233,0.4431,0,NORMAL,10.8,3.3,10.6,14.7
13234,1.0,0,ANOMALY,15.7,21.1,8.8,13.0
13235,0.5409,0,NORMAL,10.8,2.0,4.5,11.1
13236,0.3085,0,NORMAL,10.8,2.2,4.3,11.0
13237,0.2675,0,NORMAL,10.8,2.7,4.2,11.2
13238,0.6138,0,WARNING,10.8,2.5,7.7,14.9
13239,0.7048,0,WARNING,10.8,3.0,11.0,16.8
13240,0.9963,0,WARNING,10.8,3.0,5.2,16.4
13241,0.6134,0,WARNING,10.8,2.3,5.2,12.9
13242,0.4944,0,NORMAL,10.8,2.6,4.7,12.5
13243,0.3387,0,NORMAL,10.8,2.6,4.9,12.1
13244,1.0,0,ANOMALY,13.3,18.6,13.0,16.3
13245,0.4554,0,NORMAL,10.7,3.2,8.3,12.9
13246,0.3492,0,NORMAL,10.8,2.0,8.9,13.3
13247,0.4469,0,NORMAL,10.8,3.8,9.8,14.9
13248,0.7978,0,WARNING,11.1,4.2,9.8,15.1
13249,0.7403,0,WARNING,11.0,4.4,18.8,20.9
13250,0.5255,0,NORMAL,10.9,4.0,11.3,14.9
13251,0.5373,0,NORMAL,10.9,3.8,9.4,14.8
13252,0.4092,0,NORMAL,10.8,3.6,9.3,13.5
13253,0.378,0,NORMAL,10.9,2.5,9.2,13.6
13254,1.0,0,ANOMALY,18.9,26.4,16.1,19.6
13255,0.729,0,WARNING,10.7,2.9,6.6,13.3
13256,0.3175,0,NORMAL,10.7,2.5,4.1,10.7
13257,0.452,0,NORMAL,10.7,3.5,3.8,10.7
13258,0.3423,0,NORMAL,11.1,2.8,4.6,11.3
13259,0.6756,0,WARNING,11.8,4.3,14.5,17.1
13260,0.7314,0,WARNING,11.9,3.5,8.3,12.6
13261,0.736,0,WARNING,11.8,3.3,5.4,11.3
13262,0.7223,0,WARNING,11.5,2.2,4.7,12.7
13263,0.6816,0,WARNING,11.5,2.2,4.2,11.3
13264,1.0,0,ANOMALY,13.4,17.5,13.6,18.4
13265,0.646,0,WARNING,11.2,2.9,6.9,12.9
13266,0.6464,0,WARNING,11.2,2.2,6.7,13.3
13267,0.6136,0,WARNING,11.1,3.3,8.5,14.3
13268,0.4133,0,NORMAL,11.0,2.4,5.0,10.9
13269,0.6461,0,WARNING,11.2,4.2,15.1,17.2
13270,0.9889,0,WARNING,11.2,4.8,9.4,14.6
13271,0.3981,0,NORMAL,11.1,3.4,8.3,12.4
13272,0.5839,0,NORMAL,11.1,4.2,9.1,13.5
13273,0.7046,0,WARNING,11.0,3.3,9.4,14.9
13274,1.0,0,ANOMALY,16.7,23.4,14.4,17.8
13275,0.5844,0,NORMAL,10.8,2.6,6.4,11.5
13276,0.3379,0,NORMAL,10.9,2.2,4.6,10.9
13277,0.3954,0,NORMAL,10.8,2.8,4.1,11.1
13278,0.6022,0,WARNING,10.9,2.7,4.2,10.8
13279,0.5563,0,NORMAL,10.9,3.5,12.8,15.4
13280,0.4944,0,NORMAL,10.7,3.1,5.7,11.3
13281,0.3951,0,NORMAL,10.7,3.3,4.6,11.4
13282,0.5379,0,NORMAL,10.7,2.8,5.1,11.9
13283,0.4946,0,NORMAL,10.8,2.8,5.0,11.8
13284,1.0,0,ANOMALY,13.7,18.7,12.2,17.0
13285,0.5196,0,NORMAL,10.9,2.9,11.8,15.0
13286,0.6766,0,WARNING,10.9,2.4,6.7,13.2
13287,0.7046,0,WARNING,10.7,3.1,4.4,11.9
13288,0.3954,0,NORMAL,10.7,2.5,3.9,10.6
13289,0.2598,0,NORMAL,10.8,3.4,6.9,11.7
13290,0.4146,0,NORMAL,10.7,3.9,9.5,12.8
13291,0.4015,0,NORMAL,10.7,3.0,3.4,10.4
13292,0.7301,0,WARNING,10.7,2.8,3.7,11.8
13293,0.6771,0,WARNING,10.6,3.0,4.0,11.6
13294,1.0,0,ANOMALY,16.8,22.7,4.8,12.3
13295,0.6127,0,WARNING,10.8,3.4,12.8,16.6
13296,0.5271,0,NORMAL,10.8,2.9,7.2,11.7
13297,0.4759,0,NORMAL,10.8,3.3,6.9,11.2
13298,0.3466,0,NORMAL,10.6,2.9,5.1,10.3
13299,0.3071,0,NORMAL,10.6,2.6,4.0,9.5
13300,0.9889,0,WARNING,10.7,4.1,13.1,18.1
13301,0.4782,0,NORMAL,10.6,2.5,5.0,9.3
13302,0.2121,0,NORMAL,10.6,2.7,3.8,9.4
13303,0.185,0,NORMAL,10.6,2.6,3.6,9.2
13304,1.0,0,ANOMALY,13.3,17.6,3.6,9.6
13305,0.5342,0,NORMAL,10.8,4.5,12.3,14.7
13306,0.3068,0,NORMAL,10.6,2.2,5.2,9.2
13307,0.3084,0,NORMAL,10.6,3.0,3.5,9.1
13308,0.2112,0,NORMAL,10.6,2.4,3.4,9.1
13309,0.3122,0,NORMAL,10.6,3.3,3.6,9.4
13310,0.5549,0,NORMAL,10.8,4.1,12.5,16.2
13311,0.5376,0,NORMAL,10.7,2.4,5.6,10.9
13312,0.1683,0,NORMAL,10.6,2.2,3.7,9.1
13313,0.1347,0,NORMAL,10.7,2.2,3.3,9.8
13314,1.0,0,ANOMALY,16.7,22.8,3.8,11.3
13315,0.646,0,WARNING,10.7,3.5,12.5,16.4
13316,0.6463,0,WARNING,10.6,1.7,6.1,11.4
13317,0.6769,0,WARNING,10.7,3.7,5.6,12.4
13318,0.5775,0,NORMAL,10.7,2.0,5.7,12.0
13319,0.3954,0,NORMAL,10.8,3.2,5.6,11.8
13320,0.5438,0,NORMAL,10.8,3.8,12.7,15.7
13321,0.2865,0,NORMAL,10.6,3.1,5.1,9.1
13322,0.724,0,WARNING,10.7,2.9,3.2,8.6
13323,0.6509,0,WARNING,10.7,3.7,3.4,9.0
13324,0.998,0,WARNING,12.0,15.5,4.1,10.1
13325,0.5381,0,NORMAL,10.8,3.6,12.3,15.8
13326,0.494,0,NORMAL,10.7,1.9,5.4,10.3
13327,0.1935,0,NORMAL,10.7,2.8,3.5,9.1
13328,0.5491,0,NORMAL,10.8,2.8,3.1,8.7
13329,0.2164,0,NORMAL,10.6,2.6,3.2,8.6
13330,0.9958,0,WARNING,10.7,2.7,11.7,16.7
13331,0.5305,0,NORMAL,10.6,2.9,5.1,8.8
13332,0.1293,0,NORMAL,10.6,2.4,4.2,9.3
13333,0.3457,0,NORMAL,10.6,3.4,5.9,9.9
13334,1.0,0,ANOMALY,17.3,23.6,6.7,9.7
13335,0.5289,0,NORMAL,10.8,3.8,10.0,12.7
13336,0.3377,0,NORMAL,10.7,3.2,7.7,11.8
13337,0.4468,0,NORMAL,10.7,3.6,3.5,10.1
13338,0.2788,0,NORMAL,10.7,3.0,3.5,9.1
13339,0.3982,0,NORMAL,11.0,3.6,4.6,9.7
13340,0.6464,0,WARNING,11.0,3.0,9.0,12.3
13341,0.5662,0,NORMAL,10.9,4.0,13.4,14.4
13342,0.5531,0,NORMAL,10.8,2.4,6.3,10.2
13343,0.5915,0,NORMAL,10.9,2.9,7.0,10.6
13344,1.0,0,ANOMALY,14.1,18.0,6.2,10.2
13345,0.3419,0,NORMAL,10.8,2.9,3.9,8.8
13346,0.5529,0,NORMAL,10.9,3.6,12.8,15.0
13347,0.3319,0,NORMAL,10.8,3.6,5.9,9.7
13348,0.4708,0,NORMAL,11.0,3.5,6.6,9.8
13349,0.2295,0,NORMAL,10.9,3.0,6.6,9.4
13350,0.3386,0,NORMAL,10.8,2.7,3.5,9.5
13351,0.5776,0,NORMAL,10.9,3.7,12.6,15.9
13352,0.395,0,NORMAL,10.8,2.4,4.5,10.1
13353,0.4945,0,NORMAL,10.8,2.1,3.5,10.0
13354,1.0,0,ANOMALY,17.1,22.4,3.5,9.2
13355,0.4937,0,NORMAL,10.8,3.3,3.6,10.1
13356,0.5524,0,NORMAL,10.9,3.5,12.5,15.6
13357,0.3382,0,NORMAL,10.8,2.8,4.8,9.7
13358,0.2273,0,NORMAL,10.8,1.8,3.2,8.5
13359,0.1512,0,NORMAL,10.8,2.2,3.0,8.5
13360,0.9984,0,WARNING,10.8,2.1,3.2,11.8
13361,0.5309,0,NORMAL,11.0,3.8,12.0,14.4
13362,0.3949,0,NORMAL,10.8,2.5,5.1,9.8
13363,0.518,0,NORMAL,10.8,3.1,5.0,10.1
13364,1.0,0,ANOMALY,15.0,20.0,6.5,10.4
13365,0.5437,0,NORMAL,10.8,3.1,6.6,10.5
13366,0.6318,0,WARNING,11.0,3.5,15.7,16.9
13367,0.3947,0,NORMAL,10.8,2.6,6.5,10.3
13368,0.4469,0,NORMAL,10.7,2.0,3.1,9.8
13369,0.2183,0,NORMAL,10.8,2.2,2.9,8.5
13370,0.3868,0,NORMAL,10.9,3.0,2.9,8.3
13371,0.5115,0,NORMAL,10.9,3.5,11.8,13.9
13372,0.2699,0,NORMAL,10.8,2.4,4.3,9.3
13373,0.4471,0,NORMAL,10.7,2.8,3.4,10.0
13374,1.0,0,ANOMALY,16.4,22.0,3.8,10.4
13375,0.4772,0,NORMAL,10.8,3.1,4.2,9.9
13376,0.5533,0,NORMAL,10.9,3.5,12.9,14.4
13377,0.232,0,NORMAL,10.8,2.9,5.6,8.9
13378,0.2175,0,NORMAL,10.7,2.8,3.8,9.3
13379,0.53,0,NORMAL,10.8,3.7,3.6,10.0
13380,0.5087,0,NORMAL,10.8,4.1,3.4,9.3
13381,0.7186,0,WARNING,11.0,5.2,12.2,14.6
13382,0.4942,0,NORMAL,10.8,3.4,5.2,10.0
13383,0.2084,0,NORMAL,10.8,2.7,3.4,9.1
13384,0.9979,0,WARNING,12.3,15.5,3.2,9.5
13385,0.5373,0,NORMAL,10.9,3.4,3.5,9.9
13386,0.3617,0,NORMAL,10.9,2.4,8.9,12.8
13387,0.4944,0,NORMAL,10.8,2.6,7.9,12.0
13388,0.2764,0,NORMAL,10.7,1.7,3.3,9.3
13389,0.6138,0,WARNING,10.7,1.8,3.3,10.3
13390,0.9902,0,WARNING,10.7,2.5,3.6,13.1
13391,0.677,0,WARNING,10.6,2.9,6.9,12.7
13392,0.677,0,WARNING,10.6,2.6,9.7,14.0
13393,0.6466,0,WARNING,10.7,2.2,3.5,10.5
13394,1.0,0,ANOMALY,17.1,23.0,3.4,10.1
13395,0.4729,0,NORMAL,10.8,3.3,3.8,9.7
13396,0.4068,0,NORMAL,10.7,3.3,3.4,8.3
13397,0.5703,0,NORMAL,10.8,5.0,11.8,13.8
13398,0.2207,0,NORMAL,10.7,2.6,3.1,9.1
13399,0.135,0,NORMAL,10.7,2.1,2.8,8.1
13400,0.1751,0,NORMAL,10.7,1.6,2.8,8.0
13401,0.3865,0,NORMAL,10.6,1.9,2.8,8.7
13402,0.647,0,WARNING,10.8,3.1,12.3,16.0
13403,0.5376,0,NORMAL,10.7,2.2,4.0,10.1
13404,1.0,0,ANOMALY,13.0,16.5,3.2,9.9
13405,0.4937,0,NORMAL,10.7,2.6,3.3,10.0
13406,0.4944,0,NORMAL,10.7,1.7,3.3,10.0
13407,0.5355,0,NORMAL,10.8,4.6,12.3,15.2
13408,0.2865,0,NORMAL,10.7,2.3,5.0,9.2
13409,0.3085,0,NORMAL,10.8,2.4,3.0,8.1
13410,0.2286,0,NORMAL,10.7,1.6,2.8,8.0
13411,0.2374,0,NORMAL,10.7,2.2,2.8,8.2
13412,0.5092,0,NORMAL,10.8,3.6,11.6,13.8
13413,0.4469,0,NORMAL,10.7,2.0,4.1,9.8
13414,1.0,0,ANOMALY,16.3,21.3,3.2,9.8
13415,0.5368,0,NORMAL,10.7,2.1,3.1,10.0
13416,0.3951,0,NORMAL,10.7,2.1,3.1,9.3
13417,0.5776,0,NORMAL,10.8,3.4,12.2,15.7
13418,0.5377,0,NORMAL,10.7,2.2,5.2,10.1
13419,0.1933,0,NORMAL,10.7,2.1,3.1,8.6
13420,0.9932,0,WARNING,10.7,2.3,3.3,12.2
13421,0.2654,0,NORMAL,10.7,2.8,3.1,8.1
13422,0.5092,0,NORMAL,10.8,3.1,11.8,13.8
13423,0.2746,0,NORMAL,10.7,2.3,4.3,8.3
13424,1.0,0,ANOMALY,13.5,17.4,2.9,8.6
13425,0.4463,0,NORMAL,10.7,2.9,3.0,9.5
13426,0.3952,0,NORMAL,10.8,1.8,3.3,9.6
13427,0.5283,0,NORMAL,10.9,3.5,12.2,15.2
13428,0.2531,0,NORMAL,10.8,1.7,5.1,9.1
13429,0.1599,0,NORMAL,10.8,3.1,3.1,8.5
13430,0.4473,0,NORMAL,10.9,1.8,3.3,9.9
13431,0.4473,0,NORMAL,10.9,2.4,3.8,9.9
13432,0.5204,0,NORMAL,10.9,3.3,12.1,14.7
13433,0.5738,0,NORMAL,10.9,4.5,5.6,8.8
13434,1.0,0,ANOMALY,14.5,20.8,3.3,8.5
13435,0.4753,0,NORMAL,10.8,3.5,3.3,8.5
13436,0.2354,0,NORMAL,10.8,1.9,2.9,9.0
13437,0.4473,0,NORMAL,11.0,3.5,8.9,13.4
13438,0.5378,0,NORMAL,10.9,2.3,7.7,12.3
13439,0.3385,0,NORMAL,10.9,2.4,3.4,9.5
13440,0.309,0,NORMAL,10.9,2.0,3.1,8.3
13441,0.307,0,NORMAL,10.8,2.1,2.9,8.1
13442,0.3044,0,NORMAL,10.8,2.1,5.9,10.2
13443,0.3652,0,NORMAL,10.9,3.3,9.4,12.2
13444,1.0,0,ANOMALY,13.2,17.4,3.2,9.5
13445,0.3943,0,NORMAL,10.8,2.8,3.5,9.6
13446,0.3951,0,NORMAL,10.8,2.4,3.4,9.6
13447,0.3167,0,NORMAL,10.8,3.2,3.6,8.8
13448,0.7005,0,WARNING,11.0,3.9,11.8,13.8
13449,0.6282,0,WARNING,10.9,3.7,4.0,9.0
13450,0.9958,0,WARNING,11.0,4.1,3.6,12.6
13451,0.6241,0,WARNING,11.0,4.4,3.6,9.1
13452,0.2087,0,NORMAL,10.8,2.5,3.2,9.1
13453,0.5445,0,NORMAL,11.0,4.1,12.4,14.8
13454,1.0,0,ANOMALY,16.7,22.4,4.6,8.8
13455,0.4964,0,NORMAL,10.8,3.3,3.1,8.8
13456,0.3872,0,NORMAL,10.8,2.1,3.2,9.5
13457,0.4947,0,NORMAL,10.8,2.6,3.5,10.0
13458,0.5336,0,NORMAL,10.9,4.7,12.3,14.5
13459,0.6568,0,WARNING,10.9,3.1,4.7,8.9
13460,0.5774,0,NORMAL,10.8,1.9,3.4,10.2
13461,0.3955,0,NORMAL,10.8,2.8,3.4,9.5
13462,0.2769,0,NORMAL,10.8,2.3,3.1,9.2
13463,0.5303,0,NORMAL,10.9,4.1,12.0,14.6
13464,1.0,0,ANOMALY,14.2,18.4,4.9,8.7
13465,0.3733,0,NORMAL,10.8,2.5,3.0,9.2
13466,0.4469,0,NORMAL,10.8,2.7,3.3,9.6
13467,0.4472,0,NORMAL,10.8,2.5,3.1,9.6
13468,0.5776,0,NORMAL,10.9,2.7,12.3,15.6
13469,0.3123,0,NORMAL,10.8,2.9,4.6,7.9
13470,0.1855,0,NORMAL,10.8,2.5,2.9,8.4
13471,0.2768,0,NORMAL,10.8,2.5,3.0,9.2
13472,0.4474,0,NORMAL,10.8,1.6,3.1,9.8
13473,0.6138,0,WARNING,10.9,3.7,12.4,15.8
13474,1.0,0,ANOMALY,16.5,22.4,5.1,10.5
13475,0.6126,0,WARNING,10.8,2.4,3.3,10.3
13476,0.5376,0,NORMAL,10.8,2.4,3.5,10.0
13477,0.6416,0,WARNING,10.9,4.1,3.4,8.3
13478,0.6485,0,WARNING,11.0,5.1,12.0,13.8
13479,0.5925,0,NORMAL,10.8,4.0,4.9,8.5
13480,0.9819,0,WARNING,10.8,1.8,2.9,10.8
13481,0.2269,0,NORMAL,10.8,2.4,2.9,8.1
13482,0.182,0,NORMAL,10.8,1.6,2.8,8.1
13483,0.5049,0,NORMAL,10.9,3.2,11.5,13.8
13484,1.0,0,ANOMALY,14.6,18.9,5.2,10.2
13485,0.5765,0,NORMAL,10.8,2.5,3.6,10.2
13486,0.5376,0,NORMAL,10.8,2.0,3.6,10.1
13487,0.3889,0,NORMAL,10.8,2.3,3.5,9.4
13488,0.3603,0,NORMAL,10.9,2.5,9.1,12.3
13489,0.2196,0,NORMAL,10.8,2.8,7.1,10.1
13490,0.6136,0,WARNING,10.8,2.2,3.3,10.5
13491,0.6138,0,WARNING,10.9,2.6,3.6,10.3
13492,0.6771,0,WARNING,10.8,2.0,3.6,10.5
13493,0.6138,0,WARNING,10.8,3.1,6.8,12.2
13494,1.0,0,ANOMALY,16.0,21.9,9.9,14.1
13495,0.5901,0,NORMAL,10.8,2.2,4.3,10.5
13496,0.3228,0,NORMAL,10.8,2.1,4.2,8.6
13497,0.4472,0,NORMAL,10.8,2.9,3.8,10.1
13498,0.6138,0,WARNING,10.8,1.9,4.9,11.2
13499,0.6469,0,WARNING,10.9,3.6,12.5,15.8
13500,0.6466,0,WARNING,10.8,2.2,4.3,10.4
13501,0.6468,0,WARNING,10.8,2.2,3.6,10.5
13502,0.6469,0,WARNING,10.9,2.0,3.7,10.5
13503,0.6952,0,WARNING,11.0,3.8,3.5,9.2
13504,1.0,0,ANOMALY,13.3,19.0,12.1,14.5
13505,0.4916,0,NORMAL,10.8,3.0,4.4,9.1
13506,0.8441,0,WARNING,11.0,3.7,3.2,8.3
13507,0.6406,0,WARNING,10.9,3.8,3.1,8.2
13508,0.3674,0,NORMAL,10.8,3.0,3.0,9.1
13509,0.538,0,NORMAL,10.9,3.0,12.0,15.3
13510,0.9958,0,WARNING,10.8,2.7,4.2,12.3
13511,0.3403,0,NORMAL,10.8,2.8,3.3,9.1
13512,0.3387,0,NORMAL,10.8,2.0,3.0,9.2
13513,0.6138,0,WARNING,10.8,2.1,3.2,10.0
13514,1.0,0,ANOMALY,16.9,22.6,12.1,14.7
13515,0.6389,0,WARNING,10.8,2.3,4.8,9.9
13516,0.577,0,NORMAL,10.8,2.0,3.4,10.0
13517,0.5775,0,NORMAL,10.8,2.2,3.4,10.0
13518,0.3379,0,NORMAL,10.9,2.5,3.0,8.2
13519,0.5174,0,NORMAL,11.0,3.2,11.9,14.3
13520,0.3951,0,NORMAL,10.8,2.0,3.7,9.1
13521,0.5775,0,NORMAL,10.8,2.3,3.2,9.9
13522,0.538,0,NORMAL,10.8,1.5,3.2,9.6
13523,0.538,0,NORMAL,10.9,3.0,3.3,9.8
13524,1.0,0,ANOMALY,13.9,19.1,12.0,14.0
13525,0.5333,0,NORMAL,10.8,2.0,4.6,7.9
13526,0.2097,0,NORMAL,10.8,1.8,3.2,8.1
13527,0.2318,0,NORMAL,10.9,2.1,3.3,8.1
13528,0.2162,0,NORMAL,10.8,2.1,3.0,8.0
13529,0.5069,0,NORMAL,11.0,2.9,10.6,13.1
13530,0.2493,0,NORMAL,10.8,2.1,4.7,7.9
13531,0.2072,0,NORMAL,10.9,1.7,3.0,7.9
13532,0.198,0,NORMAL,10.9,2.1,2.9,7.9
13533,0.221,0,NORMAL,10.9,2.4,3.1,7.9
13534,1.0,0,ANOMALY,15.6,20.6,10.6,13.7
13535,0.5804,0,NORMAL,10.9,2.0,4.8,9.2
13536,0.276,0,NORMAL,10.9,2.2,3.4,8.9
13537,0.2265,0,NORMAL,10.9,2.7,3.0,8.0
13538,0.225,0,NORMAL,10.9,2.4,2.9,7.9
13539,0.3929,0,NORMAL,11.0,2.5,8.5,11.5
13540,0.9971,0,WARNING,10.8,2.2,6.2,12.2
13541,0.3954,0,NORMAL,10.8,2.9,3.0,7.8
13542,0.3387,0,NORMAL,10.8,2.3,3.0,8.9
13543,0.6469,0,WARNING,10.8,2.7,3.4,10.1
13544,1.0,0,ANOMALY,13.5,17.4,5.9,10.1
13545,0.3375,0,NORMAL,10.8,2.5,8.1,12.0
13546,0.4467,0,NORMAL,10.7,2.0,3.3,9.1
13547,0.3953,0,NORMAL,10.7,2.5,3.4,9.2
13548,1.0,0,ANOMALY,10.7,1.9,3.1,10.4
13549,0.2517,0,NORMAL,10.7,2.6,3.2,7.9
13550,0.4751,0,NORMAL,10.9,2.9,9.5,12.3
13551,0.3091,0,NORMAL,10.8,2.4,2.8,7.9
13552,0.3954,0,NORMAL,10.9,2.6,3.1,8.8
13553,0.3388,0,NORMAL,10.8,2.9,3.2,8.8
13554,1.0,0,ANOMALY,16.9,22.5,3.3,9.2
13555,0.5368,0,NORMAL,10.9,2.8,10.6,14.4
13556,0.2965,0,NORMAL,10.8,1.9,3.5,7.8
13557,0.3301,0,NORMAL,10.9,3.2,2.8,7.6
13558,0.3065,0,NORMAL,10.8,1.9,2.7,7.5
13559,0.3064,0,NORMAL,10.7,2.1,2.7,7.4
13560,0.4965,0,NORMAL,10.8,2.3,9.8,12.3
13561,0.1928,0,NORMAL,10.7,1.7,3.2,8.2
13562,0.3954,0,NORMAL,10.7,2.3,3.3,9.0
13563,0.2065,0,NORMAL,10.7,3.0,2.7,7.5
13564,0.9997,0,WARNING,12.4,16.3,3.0,7.6
13565,0.5072,0,NORMAL,10.8,2.9,10.2,13.3
13566,0.4467,0,NORMAL,10.7,1.8,4.7,8.7
13567,0.447,0,NORMAL,10.7,3.0,3.3,8.9
13568,0.4947,0,NORMAL,10.7,1.6,3.1,9.0
13569,0.4947,0,NORMAL,10.7,2.9,3.3,9.0
13570,0.9984,0,WARNING,10.8,2.2,10.3,15.8
13571,0.5112,0,NORMAL,10.7,2.8,4.2,7.3
13572,0.6507,0,WARNING,10.8,3.5,2.6,7.2
13573,0.3814,0,NORMAL,10.8,2.8,2.5,7.3
13574,1.0,0,ANOMALY,15.3,20.0,2.9,8.4
13575,0.4917,0,NORMAL,10.8,2.3,10.2,13.5
13576,0.2218,0,NORMAL,10.8,2.1,4.2,6.2
13577,0.1765,0,NORMAL,10.7,2.5,2.3,5.7
13578,0.6139,0,WARNING,10.7,1.8,2.8,9.3
13579,0.647,0,WARNING,10.7,2.5,3.1,9.5
13580,0.6772,0,WARNING,10.8,2.5,10.8,14.7
13581,0.677,0,WARNING,10.7,2.8,4.9,9.4
13582,0.3102,0,NORMAL,10.7,2.4,3.2,8.0
13583,0.4946,0,NORMAL,10.7,3.1,3.1,8.6
13584,1.0,0,ANOMALY,14.6,19.0,3.1,8.6
13585,0.5022,0,NORMAL,10.8,2.1,10.6,13.3
13586,0.3149,0,NORMAL,10.7,1.9,4.3,6.8
13587,0.1614,0,NORMAL,10.7,2.1,2.5,7.1
13588,0.1208,0,NORMAL,10.7,1.5,2.5,7.2
13589,0.5382,0,NORMAL,10.7,1.9,2.9,8.7
13590,0.647,0,WARNING,10.7,1.8,8.6,12.9
13591,0.4471,0,NORMAL,10.7,2.2,6.1,9.6
13592,0.3951,0,NORMAL,10.7,1.9,3.1,8.3
13593,0.2767,0,NORMAL,10.7,2.6,2.9,7.8
13594,1.0,0,ANOMALY,15.9,21.2,2.8,7.7
13595,0.6828,0,WARNING,10.9,3.3,6.3,9.7
13596,0.6646,0,WARNING,10.9,1.2,9.8,11.6
13597,0.2206,0,NORMAL,10.8,2.9,3.6,7.7
13598,0.2178,0,NORMAL,10.7,1.8,2.6,6.6
13599,0.4474,0,NORMAL,10.7,1.6,2.5,8.2
13600,0.9947,0,WARNING,10.7,1.4,3.2,11.9
13601,0.6468,0,WARNING,10.8,2.8,10.2,13.8
13602,0.6466,0,WARNING,10.7,1.8,3.2,9.0
13603,0.6468,0,WARNING,10.7,1.9,3.2,9.0
13604,1.0,0,ANOMALY,14.7,19.3,3.1,8.9
13605,0.613,0,WARNING,10.6,1.6,3.1,8.7
13606,0.6911,0,WARNING,10.8,3.6,10.3,12.5
13607,0.2294,0,NORMAL,10.6,2.8,2.9,6.6
13608,0.354,0,NORMAL,10.6,2.6,2.6,7.0
13609,0.6348,0,WARNING,10.7,2.0,4.9,8.5
13610,0.9585,0,WARNING,10.9,2.9,7.9,7.3
13611,0.9984,0,WARNING,11.0,2.7,13.4,9.6
13612,0.9999,0,WARNING,11.1,3.0,13.3,9.0
13613,0.7513,0,WARNING,11.1,3.2,12.2,11.7
13614,1.0,0,ANOMALY,17.5,22.5,5.1,7.8
13615,0.4357,0,NORMAL,10.7,2.2,2.5,7.5
13616,0.6661,0,WARNING,10.9,2.6,2.9,8.7
13617,0.9414,0,WARNING,9.0,7.8,9.7,13.6
13618,0.6137,0,WARNING,6.0,3.0,5.9,10.3
13619,0.6702,0,WARNING,6.0,3.0,2.7,7.0
13620,0.8008,0,WARNING,6.1,3.8,4.1,7.7
13621,0.5891,0,NORMAL,6.1,3.6,11.6,12.3
13622,0.3383,0,NORMAL,5.9,1.9,4.3,7.4
13623,0.4945,0,NORMAL,5.9,2.3,2.8,8.0
13624,1.0,0,ANOMALY,9.4,18.6,3.1,7.6
13625,0.3129,0,NORMAL,5.9,2.1,2.5,6.3
13626,0.4862,0,NORMAL,5.9,1.8,10.1,12.2
13627,0.2086,0,NORMAL,5.9,2.4,3.9,7.1
13628,0.2766,0,NORMAL,5.8,1.8,2.4,7.2
13629,0.3956,0,NORMAL,5.9,2.7,2.8,7.4
13630,0.9974,0,WARNING,5.9,1.6,2.9,10.0
13631,0.4859,0,NORMAL,6.0,2.7,10.0,11.2
13632,0.396,0,NORMAL,6.0,2.6,3.6,5.2
13633,0.1485,0,NORMAL,5.9,1.9,1.7,4.6
13634,1.0,0,ANOMALY,13.0,23.7,2.1,6.4
13635,0.4982,0,NORMAL,5.9,2.4,2.1,6.0
13636,0.4863,0,NORMAL,5.9,2.3,9.7,11.4
13637,0.4944,0,NORMAL,5.9,2.4,2.5,7.5
13638,0.3388,0,NORMAL,5.9,1.4,2.3,7.0
13639,0.4475,0,NORMAL,5.9,1.8,2.5,7.2
13640,0.5777,0,NORMAL,5.9,1.8,2.4,7.8
13641,0.4175,0,NORMAL,6.0,2.0,9.0,10.9
13642,0.4006,0,NORMAL,6.0,3.6,8.5,7.9
13643,0.292,0,NORMAL,6.0,3.1,4.1,7.1
13644,1.0,0,ANOMALY,9.9,18.9,2.4,7.5
13645,0.3375,0,NORMAL,6.0,2.0,2.2,5.6
13646,0.4471,0,NORMAL,6.0,2.5,5.4,9.2
13647,0.5327,0,NORMAL,6.1,2.8,7.4,10.0
13648,0.1548,0,NORMAL,6.0,1.5,2.3,6.4
13649,0.2397,0,NORMAL,6.0,2.7,1.9,6.2
13650,0.5327,0,NORMAL,6.0,2.4,2.1,7.3
13651,0.5777,0,NORMAL,6.0,2.2,3.0,7.9
13652,0.5776,0,NORMAL,6.1,2.5,11.5,13.6
13653,0.395,0,NORMAL,6.0,1.7,3.9,7.8
13654,1.0,0,ANOMALY,12.3,22.7,3.8,8.1
13655,0.5764,0,NORMAL,6.0,2.7,4.1,8.4
13656,0.4468,0,NORMAL,6.0,1.5,2.7,7.1
13657,0.5071,0,NORMAL,6.0,2.5,10.6,12.0
13658,0.2184,0,NORMAL,6.0,2.0,2.9,6.1
13659,0.2621,0,NORMAL,6.0,2.4,2.2,6.1
13660,0.9902,0,WARNING,6.0,1.2,1.8,8.1
13661,0.3925,0,NORMAL,6.0,2.8,1.7,5.2
13662,0.5441,0,NORMAL,6.1,3.4,9.4,10.6
13663,0.1752,0,NORMAL,6.0,1.7,1.7,5.3
13664,1.0,0,ANOMALY,9.4,18.4,1.8,6.7
13665,0.5372,0,NORMAL,6.0,2.3,2.0,7.2
13666,0.2278,0,NORMAL,5.9,1.2,2.1,5.7
13667,0.4965,0,NORMAL,6.1,3.0,9.9,10.9
13668,0.2192,0,NORMAL,6.0,1.5,1.9,6.0
13669,0.3071,0,NORMAL,6.0,2.5,2.0,6.2
13670,0.2162,0,NORMAL,5.9,1.6,2.1,6.5
13671,0.2852,0,NORMAL,6.0,2.9,1.9,5.8
13672,0.4857,0,NORMAL,6.0,2.5,9.7,10.5
13673,0.4683,0,NORMAL,6.0,2.9,1.9,5.5
13674,1.0,0,ANOMALY,12.2,22.6,1.6,5.3
13675,0.4934,0,NORMAL,5.9,2.3,1.9,6.9
13676,0.3951,0,NORMAL,5.9,1.3,1.9,6.5
13677,0.4948,0,NORMAL,5.9,2.5,10.1,12.2
13678,0.2765,0,NORMAL,6.0,1.5,4.3,6.5
13679,0.349,0,NORMAL,6.0,2.0,3.3,5.4
13680,0.3862,0,NORMAL,6.0,1.3,3.3,5.6
13681,0.36,0,NORMAL,6.0,2.0,3.3,5.3
13682,0.5461,0,NORMAL,6.1,2.2,11.4,10.9
13683,0.282,0,NORMAL,6.0,1.8,4.8,5.4
13684,1.0,0,ANOMALY,10.5,19.7,3.3,5.5
13685,0.4016,0,NORMAL,6.0,2.4,2.7,5.8
13686,0.3952,0,NORMAL,6.0,1.3,2.2,6.3
13687,0.4914,0,NORMAL,6.0,2.5,10.4,11.9
13688,0.1715,0,NORMAL,6.0,1.8,4.0,5.3
13689,0.2117,0,NORMAL,5.9,1.7,2.2,5.0
13690,0.9953,0,WARNING,5.9,1.5,2.3,8.3
13691,0.2721,0,NORMAL,5.9,2.5,2.3,5.7
13692,0.3735,0,NORMAL,5.9,2.2,7.9,9.5
13693,0.4945,0,NORMAL,6.0,2.1,5.5,8.4
13694,1.0,0,ANOMALY,10.6,19.1,1.9,6.3
13695,1.0,0,ANOMALY,9.7,13.7,2.1,6.9
13696,0.3172,0,NORMAL,6.0,1.3,2.1,5.6
13697,0.2203,0,NORMAL,6.0,2.7,5.2,7.4
13698,0.3759,0,NORMAL,6.0,3.0,7.1,8.1
13699,0.4316,0,NORMAL,6.1,3.6,1.8,5.1
13700,0.3062,0,NORMAL,6.1,1.5,1.7,5.0
13701,0.306,0,NORMAL,6.1,2.3,1.6,4.8
13702,0.1879,0,NORMAL,6.1,2.3,2.0,5.3
13703,0.4694,0,NORMAL,6.1,2.1,9.0,10.1
13704,1.0,0,ANOMALY,11.0,20.6,2.3,6.4
13705,0.4565,0,NORMAL,6.1,1.9,2.9,6.5
13706,0.138,0,NORMAL,6.1,1.7,4.0,6.2
13707,0.188,0,NORMAL,6.1,1.7,5.0,5.9
13708,0.5954,0,NORMAL,6.2,2.7,12.4,10.8
13709,0.3889,0,NORMAL,6.1,1.9,2.6,5.9
13710,0.4472,0,NORMAL,6.1,1.7,2.2,6.4
13711,0.4474,0,NORMAL,6.1,1.7,1.9,6.4
13712,0.3957,0,NORMAL,6.1,1.8,2.1,6.4
13713,0.4804,0,NORMAL,6.1,2.5,9.6,10.2
13714,0.9967,0,WARNING,7.8,15.4,2.0,5.4
13715,0.2148,0,NORMAL,6.2,2.0,1.6,4.7
13716,0.3856,0,NORMAL,6.2,1.5,1.5,4.5
13717,0.2149,0,NORMAL,6.2,2.2,1.6,5.2
13718,0.4804,0,NORMAL,6.2,2.5,9.8,11.2
13719,0.2323,0,NORMAL,6.2,1.9,1.8,5.8
13720,0.9889,0,WARNING,6.2,1.9,2.0,8.4
13721,0.2777,0,NORMAL,6.2,1.3,1.7,4.9
13722,0.186,0,NORMAL,6.2,2.1,1.8,5.7
13723,0.4948,0,NORMAL,6.2,2.9,9.9,11.8
13724,1.0,0,ANOMALY,11.9,21.5,2.6,6.0
13725,0.5919,0,NORMAL,6.3,3.4,3.2,6.3
13726,0.1347,0,NORMAL,6.2,2.2,1.8,4.7
13727,0.1438,0,NORMAL,6.2,1.7,1.6,4.9
13728,0.486,0,NORMAL,6.2,2.7,9.9,11.8
13729,0.2088,0,NORMAL,6.2,2.6,2.9,5.8
13730,0.148,0,NORMAL,6.2,2.1,1.8,4.9
13731,0.3062,0,NORMAL,6.2,1.6,1.7,4.7
13732,0.3057,0,NORMAL,6.2,1.9,1.5,4.8
13733,0.4949,0,NORMAL,6.3,3.3,9.9,11.8
13734,1.0,0,ANOMALY,8.2,15.7,3.5,6.0
13735,0.6178,0,WARNING,6.5,5.5,2.0,6.7
13736,0.4943,0,NORMAL,6.2,1.6,2.1,6.5
13737,0.4473,0,NORMAL,6.2,2.5,2.4,6.6
13738,0.4913,0,NORMAL,6.2,2.2,10.6,11.5
13739,0.2406,0,NORMAL,6.2,1.7,3.9,4.9
13740,0.3865,0,NORMAL,6.2,2.3,2.1,4.7
13741,0.1569,0,NORMAL,6.2,1.6,2.1,4.9
13742,0.2579,0,NORMAL,6.2,2.4,1.9,4.7
13743,0.3668,0,NORMAL,6.2,2.5,7.7,8.7
13744,1.0,0,ANOMALY,9.0,17.4,4.9,6.7
13745,0.9999,0,WARNING,6.1,2.0,1.4,3.9
13746,0.2203,0,NORMAL,6.2,1.8,1.5,4.7
13747,0.6563,0,WARNING,6.3,2.7,1.3,4.8
13748,0.4715,0,NORMAL,6.3,2.9,5.1,8.0
13749,0.3955,0,NORMAL,6.3,2.6,7.2,9.1
13750,0.9984,0,WARNING,6.4,2.9,4.1,8.8
13751,0.3821,0,NORMAL,6.3,3.2,4.8,5.5
13752,0.694,0,WARNING,6.4,3.4,3.0,5.7
13753,0.2779,0,NORMAL,6.3,2.5,2.4,5.5
13754,1.0,0,ANOMALY,9.9,19.5,9.4,9.6
13755,0.7502,0,WARNING,6.5,3.3,1.6,4.5
13756,0.5168,0,NORMAL,6.4,2.7,2.9,6.1
13757,0.2769,0,NORMAL,6.3,3.0,3.6,6.1
13758,0.1458,0,NORMAL,6.3,2.2,2.0,5.3
13759,0.4751,0,NORMAL,6.3,3.1,10.0,10.3
13760,0.3584,0,NORMAL,6.3,2.7,2.0,4.6
13761,0.829,0,WARNING,6.5,2.7,1.5,4.5
13762,0.1729,0,NORMAL,6.3,2.7,1.3,4.6
13763,0.2151,0,NORMAL,6.3,2.4,1.8,5.5
13764,1.0,0,ANOMALY,9.8,19.0,9.8,10.4
13765,0.4962,0,NORMAL,6.4,2.0,1.7,4.9
13766,0.1479,0,NORMAL,6.4,2.0,1.4,4.3
13767,0.1942,0,NORMAL,6.4,2.2,1.4,4.8
13768,0.3805,0,NORMAL,6.4,3.1,1.6,5.5
13769,0.623,0,WARNING,6.5,4.6,10.2,11.1
13770,0.7841,0,WARNING,6.6,3.2,1.5,4.9
13771,0.3954,0,NORMAL,6.5,2.3,2.3,6.2
13772,0.4474,0,NORMAL,6.5,2.4,3.1,7.0
13773,0.1876,0,NORMAL,6.5,2.3,4.3,6.1
13774,1.0,0,ANOMALY,9.1,18.1,14.7,11.6
13775,0.5216,0,NORMAL,6.6,3.8,7.4,6.1
13776,0.5093,0,NORMAL,6.6,3.6,2.4,4.7
13777,0.9999,0,WARNING,6.5,3.1,1.8,4.6
13778,0.6115,0,WARNING,6.6,3.2,1.7,5.0
13779,0.4752,0,NORMAL,6.5,4.0,9.9,9.9
13780,0.9819,0,WARNING,6.5,2.3,1.6,7.2
13781,0.8851,0,WARNING,6.9,4.6,1.5,5.2
13782,0.5152,0,NORMAL,6.6,2.6,1.6,5.5
13783,0.8798,0,WARNING,6.7,3.4,1.7,5.2
13784,1.0,0,ANOMALY,9.7,18.6,9.8,9.8
13785,0.8671,0,WARNING,6.8,3.8,1.8,5.3
13786,0.3046,0,NORMAL,6.5,2.3,2.6,5.8
13787,0.538,0,NORMAL,6.5,2.3,2.2,6.4
13788,0.4948,0,NORMAL,6.6,2.3,2.2,6.3
13789,0.9489,0,WARNING,6.8,4.5,10.5,12.0
13790,0.9762,0,WARNING,7.4,7.2,4.0,6.7
13791,0.395,0,NORMAL,6.6,1.6,2.2,6.1
13792,0.4946,0,NORMAL,6.6,1.6,3.0,6.5
13793,0.183,0,NORMAL,6.7,2.2,4.0,6.1
13794,1.0,0,ANOMALY,10.7,19.9,9.7,9.9
13795,0.5191,0,NORMAL,6.6,2.5,5.3,4.6
13796,0.9999,0,WARNING,6.4,1.7,1.5,3.0
13797,0.16,0,NORMAL,6.6,1.8,1.6,4.8
13798,0.3958,0,NORMAL,6.6,1.9,1.8,5.8
13799,0.2772,0,NORMAL,6.5,2.5,5.2,7.6
13800,0.4473,0,NORMAL,6.5,4.2,7.2,9.2
13801,0.6136,0,WARNING,6.5,2.3,1.8,6.6
13802,0.3398,0,NORMAL,6.6,1.9,2.7,5.2
13803,0.1824,0,NORMAL,6.6,1.5,2.2,4.7
13804,1.0,0,ANOMALY,8.6,15.6,1.7,3.1
13805,0.9919,0,WARNING,7.2,5.2,9.1,8.1
13806,0.9999,0,WARNING,6.5,1.6,0.9,3.2
13807,0.4473,0,NORMAL,6.6,1.8,1.8,6.0
13808,0.252,0,NORMAL,6.6,2.4,1.4,5.2
13809,0.2148,0,NORMAL,6.6,1.8,1.5,4.3
13810,0.9958,0,WARNING,6.6,2.6,9.8,11.8
13811,0.479,0,NORMAL,6.6,2.2,2.3,6.0
13812,0.5379,0,NORMAL,6.6,2.0,2.7,6.8
13813,0.3388,0,NORMAL,6.6,1.9,2.7,6.1
13814,1.0,0,ANOMALY,9.0,16.5,2.5,6.4
13815,0.4915,0,NORMAL,6.6,2.2,10.0,10.2
13816,0.3948,0,NORMAL,6.6,1.6,4.1,5.9
13817,0.3678,0,NORMAL,6.6,1.7,3.3,4.8
13818,0.3064,0,NORMAL,6.6,2.0,3.2,4.8
13819,0.3463,0,NORMAL,6.6,1.2,3.2,4.5
13820,0.5555,0,NORMAL,6.6,3.0,11.7,10.2
13821,0.2765,0,NORMAL,6.6,1.2,4.6,4.7
13822,0.5378,0,NORMAL,6.6,1.6,2.2,6.2
13823,0.9999,0,WARNING,6.5,1.1,2.2,6.8
13824,0.9965,0,WARNING,8.2,14.9,2.4,6.7
13825,0.4915,0,NORMAL,6.6,2.6,10.4,9.7
13826,0.9999,0,WARNING,6.5,1.5,2.9,2.8
13827,0.9999,0,WARNING,6.5,1.8,1.2,2.9
13828,0.9999,0,WARNING,6.5,1.6,1.0,3.5
13829,0.333,0,NORMAL,6.6,1.6,1.5,4.6
13830,0.4803,0,NORMAL,6.6,2.8,9.9,9.7
13831,0.622,0,WARNING,6.6,2.8,1.4,4.3
13832,0.306,0,NORMAL,6.7,1.8,1.3,4.7
13833,0.9999,0,WARNING,6.5,1.4,1.5,5.7
13834,1.0,0,ANOMALY,8.8,15.8,1.6,5.5
13835,0.5318,0,NORMAL,6.7,3.0,11.3,10.9
13836,0.3996,0,NORMAL,6.6,1.7,4.8,4.4
13837,0.3289,0,NORMAL,6.6,1.5,2.2,5.5
13838,0.3301,0,NORMAL,6.6,1.7,2.9,5.6
13839,0.3308,0,NORMAL,6.6,1.4,3.2,4.7
13840,0.9967,0,WARNING,6.7,2.3,10.5,14.3
13841,0.9999,0,WARNING,6.5,1.6,3.5,6.0
13842,0.3551,0,NORMAL,6.6,1.2,1.7,4.4
13843,0.9999,0,WARNING,6.5,1.9,1.3,3.8
13844,1.0,0,ANOMALY,8.9,16.1,1.0,2.7
13845,0.4968,0,NORMAL,6.6,3.1,7.7,9.6
13846,0.3017,0,NORMAL,6.7,1.9,4.9,5.6
13847,0.619,0,WARNING,6.7,2.3,1.4,4.2
13848,0.2491,0,NORMAL,6.7,1.8,1.3,4.2
13849,0.3156,0,NORMAL,6.7,1.6,1.5,5.2
13850,0.3866,0,NORMAL,6.7,1.9,6.4,7.9
13851,0.6709,0,WARNING,6.8,3.0,8.7,8.8
13852,0.6135,0,WARNING,6.8,2.4,2.4,6.5
13853,0.5775,0,NORMAL,6.7,2.0,2.6,6.6
13854,1.0,0,ANOMALY,9.9,18.0,3.1,6.2
13855,0.3412,0,NORMAL,6.7,1.5,4.7,5.3
13856,0.5996,0,NORMAL,6.8,2.5,12.9,10.3
13857,0.2739,0,NORMAL,6.7,1.6,5.1,5.1
13858,0.4059,0,NORMAL,6.7,1.3,4.7,5.0
13859,0.3058,0,NORMAL,6.7,1.7,4.3,4.9
13860,0.4473,0,NORMAL,6.7,1.9,2.4,5.8
13861,0.4859,0,NORMAL,6.7,2.1,10.5,10.8
13862,0.5377,0,NORMAL,6.8,1.9,3.1,6.0
13863,0.6468,0,WARNING,6.8,1.8,2.0,6.6
13864,0.9966,0,WARNING,8.2,14.7,1.9,6.7
13865,0.6133,0,WARNING,6.7,1.5,2.1,6.4
13866,0.6468,0,WARNING,6.8,2.6,10.7,12.0
13867,0.5773,0,NORMAL,6.8,1.8,3.5,6.4
13868,0.9999,0,WARNING,6.7,1.5,1.9,5.9
13869,0.3956,0,NORMAL,6.7,1.4,1.6,5.6
13870,0.9999,0,WARNING,6.6,1.4,1.7,9.3
13871,0.5379,0,NORMAL,6.7,3.3,10.6,11.7
13872,0.3165,0,NORMAL,6.7,1.7,4.9,5.5
13873,0.3794,0,NORMAL,6.7,1.7,4.5,4.7
13874,1.0,0,ANOMALY,9.3,16.8,4.6,5.1
13875,0.2567,0,NORMAL,6.8,1.0,4.5,4.8
13876,0.616,0,WARNING,6.9,3.3,13.7,10.8
13877,0.2797,0,NORMAL,6.8,1.7,5.4,5.5
13878,0.9999,0,WARNING,6.7,1.7,2.0,4.1
13879,0.183,0,NORMAL,6.8,1.9,1.7,4.6
13880,0.5823,0,NORMAL,6.8,3.3,1.9,4.9
13881,0.4858,0,NORMAL,6.7,3.0,10.2,10.1
13882,0.249,0,NORMAL,6.8,2.0,1.8,5.0
13883,0.1594,0,NORMAL,6.7,1.2,2.0,4.8
13884,1.0,0,WARNING,8.5,15.8,1.7,4.9
13885,0.3947,0,NORMAL,6.8,1.6,1.8,6.0
13886,0.4806,0,NORMAL,6.8,2.9,10.5,10.9
13887,0.2596,0,NORMAL,6.8,2.1,3.2,4.8
13888,0.3953,0,NORMAL,6.8,1.5,2.4,6.2
13889,0.6772,0,WARNING,6.8,2.6,2.6,7.0
13890,0.7049,0,WARNING,6.9,3.6,3.2,7.4
13891,0.6469,0,WARNING,6.9,2.7,10.7,11.9
13892,0.4943,0,NORMAL,6.9,1.7,4.2,6.6
13893,0.2765,0,NORMAL,6.9,2.2,2.1,5.7
13894,1.0,0,ANOMALY,9.4,16.8,2.1,4.7
13895,0.2331,0,NORMAL,6.9,1.1,1.5,4.6
13896,0.3195,0,NORMAL,6.9,2.1,7.3,8.7
13897,0.4472,0,NORMAL,6.9,2.6,6.4,8.3
13898,0.5378,0,NORMAL,6.9,1.5,2.2,6.3
13899,0.538,0,NORMAL,6.9,2.1,2.5,6.9
13900,0.9971,0,WARNING,6.9,1.7,2.8,10.0
13901,0.5774,0,NORMAL,6.9,2.0,4.9,8.2
13902,0.3262,0,NORMAL,7.0,3.6,8.3,9.2
13903,0.3589,0,NORMAL,6.9,1.9,1.7,5.7
13904,1.0,0,ANOMALY,8.9,15.9,3.1,5.6
13905,0.386,0,NORMAL,6.9,2.2,3.0,4.8
13906,0.2148,0,NORMAL,6.9,1.9,2.3,4.8
13907,0.486,0,NORMAL,6.9,2.7,10.3,10.5
13908,0.4944,0,NORMAL,6.9,1.5,3.2,6.7
13909,0.2715,0,NORMAL,6.9,2.3,4.3,5.5
13910,0.3137,0,NORMAL,6.9,1.6,4.4,5.4
13911,0.3601,0,NORMAL,7.0,1.8,4.8,5.3
13912,0.578,0,NORMAL,7.0,3.2,12.9,11.2
13913,0.4468,0,NORMAL,6.9,1.5,3.4,6.1
13914,1.0,0,ANOMALY,9.6,16.7,3.6,5.7
13915,0.6463,0,WARNING,7.0,3.6,2.7,7.0
13916,0.7531,0,WARNING,7.0,2.6,2.5,7.6
13917,0.7049,0,WARNING,7.0,3.7,11.3,12.8
13918,0.2222,0,NORMAL,6.9,2.0,3.6,5.0
13919,0.3206,0,NORMAL,6.9,2.6,1.4,4.6
13920,0.1383,0,NORMAL,6.9,2.4,1.4,4.8
13921,0.3052,0,NORMAL,6.9,2.3,1.4,4.4
13922,0.4911,0,NORMAL,7.0,3.2,10.3,10.1
13923,0.2789,0,NORMAL,6.9,2.1,1.4,4.7
13924,1.0,0,ANOMALY,9.9,17.5,1.3,4.6
13925,0.273,0,NORMAL,6.9,2.4,1.4,4.6
13926,0.1846,0,NORMAL,6.9,1.5,1.6,4.5
13927,0.4751,0,NORMAL,6.9,2.8,10.3,10.1
13928,0.8024,0,WARNING,7.1,3.0,2.2,6.5
13929,0.7869,0,WARNING,7.1,3.0,2.3,6.9
13930,0.9738,0,WARNING,6.9,1.4,2.8,9.7
13931,0.6468,0,WARNING,6.9,2.2,2.9,7.2
13932,0.6469,0,WARNING,6.9,3.2,12.0,12.8
13933,0.6135,0,WARNING,7.0,2.0,4.1,6.7
13934,1.0,0,ANOMALY,9.2,16.1,2.5,6.4
13935,0.4938,0,NORMAL,7.0,2.7,2.1,6.4
13936,0.3066,0,NORMAL,7.0,2.2,1.7,5.4
13937,0.7467,0,WARNING,7.0,5.4,10.8,11.6
13938,0.9999,0,WARNING,7.0,2.4,3.5,6.7
13939,0.1372,0,NORMAL,7.0,2.0,3.2,5.6
13940,0.1445,0,NORMAL,7.0,2.3,4.2,5.6
13941,0.2102,0,NORMAL,7.0,2.3,4.2,5.2
13942,0.5736,0,NORMAL,7.1,2.3,12.2,10.3
13943,0.3032,0,NORMAL,7.0,2.2,6.2,5.9
13944,1.0,0,ANOMALY,9.0,16.3,4.2,5.7
13945,0.1911,0,NORMAL,7.0,1.7,4.0,5.4
13946,0.1811,0,NORMAL,7.0,2.3,4.1,5.3
13947,0.4416,0,NORMAL,7.0,2.6,9.1,8.3
13948,0.3805,0,NORMAL,7.0,2.6,8.8,7.9
13949,0.1444,0,NORMAL,7.0,1.7,4.2,5.6
13950,0.5775,0,NORMAL,7.0,1.9,2.6,6.7
13951,0.4474,0,NORMAL,7.0,1.5,2.6,6.3
13952,0.3079,0,NORMAL,7.0,1.7,5.9,6.8
13953,0.3264,0,NORMAL,7.0,2.8,8.4,8.9
13954,0.997,0,WARNING,8.6,15.0,1.6,4.7
13955,0.1725,0,NORMAL,7.0,2.4,1.8,5.1
13956,0.4471,0,NORMAL,7.0,2.0,1.6,6.2
13957,0.3956,0,NORMAL,7.0,2.0,2.6,6.4
13958,0.5381,0,NORMAL,7.1,3.1,11.6,12.0
13959,0.2781,0,NORMAL,7.0,1.9,2.4,4.4
13960,0.9947,0,WARNING,7.0,2.3,2.1,7.1
13961,0.3066,0,NORMAL,7.0,1.9,3.8,5.7
13962,0.2465,0,NORMAL,7.0,1.6,4.0,5.5
13963,0.578,0,NORMAL,7.2,2.9,12.6,10.9
13964,1.0,0,ANOMALY,10.2,17.7,3.8,6.3
13965,0.3627,0,NORMAL,7.0,2.9,4.0,5.8
13966,0.1954,0,NORMAL,7.0,1.6,4.3,5.3
13967,0.4962,0,NORMAL,7.1,2.9,4.6,5.3
13968,0.6037,0,WARNING,7.1,2.8,13.1,10.6
13969,0.3889,0,NORMAL,7.0,2.0,4.8,6.0
13970,0.4945,0,NORMAL,7.0,2.8,2.3,6.6
13971,0.6138,0,WARNING,7.0,2.1,2.3,6.8
13972,0.4948,0,NORMAL,7.2,2.3,3.2,6.7
13973,0.522,0,NORMAL,7.1,2.9,11.6,10.7
13974,0.9964,0,WARNING,8.1,14.0,3.3,3.3
13975,0.2033,0,NORMAL,7.1,2.5,1.3,3.8
13976,0.3851,0,NORMAL,7.1,2.0,2.8,5.5
13977,0.4474,0,NORMAL,7.1,2.0,1.7,6.2
13978,0.5318,0,NORMAL,7.1,3.4,11.7,12.0
13979,0.3028,0,NORMAL,7.1,1.9,5.3,5.6
13980,0.1535,0,NORMAL,7.1,1.9,4.3,6.0
13981,0.1621,0,NORMAL,7.1,1.7,4.4,5.8
13982,0.1621,0,NORMAL,7.1,2.0,4.5,5.7
13983,0.5367,0,NORMAL,7.2,3.0,12.0,11.6
13984,1.0,0,ANOMALY,9.3,16.8,4.3,6.8
13985,0.2688,0,NORMAL,7.1,2.3,4.3,5.7
13986,0.2429,0,NORMAL,7.1,2.0,4.7,5.6
13987,0.3931,0,NORMAL,7.1,2.8,5.2,5.4
13988,0.6038,0,WARNING,7.2,3.9,14.2,11.4
13989,0.326,0,NORMAL,7.1,2.7,6.6,5.6
13990,0.9932,0,WARNING,7.2,2.3,3.4,8.5
13991,0.3951,0,NORMAL,7.1,2.6,1.8,5.9
13992,0.9999,0,WARNING,7.0,2.3,1.7,6.4
13993,0.464,0,NORMAL,7.1,2.3,10.3,10.5
13994,1.0,0,ANOMALY,9.4,16.4,3.8,5.0
13995,0.4303,0,NORMAL,7.4,4.2,1.5,4.9
13996,0.2112,0,NORMAL,7.1,1.9,1.4,5.3
13997,0.2092,0,NORMAL,7.1,2.2,1.6,5.6
13998,0.3391,0,NORMAL,7.2,3.1,7.1,9.3
13999,0.2552,0,NORMAL,7.2,3.7,5.5,7.7
14000,0.3885,0,NORMAL,7.1,2.5,2.0,4.7
14001,0.1491,0,NORMAL,7.1,2.1,2.1,4.9
14002,0.149,0,NORMAL,7.1,2.5,1.7,5.1
14003,0.1646,0,NORMAL,7.2,2.6,4.8,7.3
14004,1.0,0,ANOMALY,9.9,17.8,8.5,9.6
14005,0.4545,0,NORMAL,7.2,2.6,1.8,5.9
14006,0.5773,0,NORMAL,7.1,1.7,2.4,6.8
14007,0.538,0,NORMAL,7.1,2.0,2.3,6.6
14008,0.4474,0,NORMAL,7.2,2.2,2.8,6.5
14009,0.5119,0,NORMAL,7.3,2.7,11.2,10.4
14010,0.2682,0,NORMAL,7.2,2.2,3.1,5.2
14011,0.128,0,NORMAL,7.2,1.8,2.6,5.2
14012,0.3389,0,NORMAL,7.2,2.0,1.8,6.0
14013,0.3956,0,NORMAL,7.2,2.0,1.9,6.0
14014,1.0,0,ANOMALY,11.2,20.4,10.6,10.6
14015,0.5708,0,NORMAL,7.2,2.3,2.2,5.5
14016,0.3072,0,NORMAL,7.2,3.2,1.7,5.2
14017,0.4947,0,NORMAL,7.2,2.3,2.5,6.8
14018,0.277,0,NORMAL,7.2,2.5,2.1,5.9
14019,0.4912,0,NORMAL,7.2,3.6,11.0,11.0
14020,0.994,0,WARNING,7.2,2.6,3.1,8.0
14021,0.3331,0,NORMAL,7.2,2.8,1.6,5.7
14022,0.6772,0,WARNING,7.2,2.3,1.8,7.2
14023,0.5381,0,NORMAL,7.2,2.7,1.8,6.5
14024,1.0,0,ANOMALY,9.8,17.5,10.8,12.1
14025,0.4305,0,NORMAL,7.2,2.4,3.4,5.1
14026,0.395,0,NORMAL,7.2,2.7,4.1,7.1
14027,0.2089,0,NORMAL,7.2,2.0,2.7,5.3
14028,0.9999,0,WARNING,7.1,1.9,1.3,3.6
14029,0.4859,0,NORMAL,7.3,3.5,10.5,10.2
14030,0.2525,0,NORMAL,7.2,2.5,2.0,5.0
14031,0.3865,0,NORMAL,7.2,2.2,1.5,5.3
14032,0.647,0,WARNING,7.2,2.1,2.5,7.3
14033,0.4474,0,NORMAL,7.2,2.5,2.4,6.1
14034,1.0,0,WARNING,9.2,16.5,12.9,11.5
14035,0.4876,0,NORMAL,7.4,2.9,4.1,6.4
14036,0.4467,0,NORMAL,7.3,2.3,2.1,6.5
14037,0.3954,0,NORMAL,7.3,2.5,2.5,6.6
14038,0.3389,0,NORMAL,7.3,2.0,2.0,6.1
14039,0.5777,0,NORMAL,7.3,3.4,11.4,12.3
14040,0.447,0,NORMAL,7.3,2.2,4.3,6.5
14041,0.6468,0,WARNING,7.3,1.9,2.3,7.3
14042,0.2768,0,NORMAL,7.3,1.7,2.0,6.0
14043,0.4948,0,NORMAL,7.3,2.6,4.3,7.6
14044,1.0,0,ANOMALY,10.4,18.4,15.6,12.1
14045,0.5746,0,NORMAL,7.3,2.1,8.9,7.1
14046,0.3193,0,NORMAL,7.3,1.7,7.3,6.6
14047,0.3047,0,NORMAL,7.3,1.6,7.1,7.1
14048,0.3068,0,NORMAL,7.4,1.5,6.4,7.0
14049,0.3954,0,NORMAL,7.4,2.2,8.8,10.1
14050,0.9958,0,WARNING,7.4,2.6,6.2,10.2
14051,0.3613,0,NORMAL,7.4,2.2,2.4,5.5
14052,0.3387,0,NORMAL,7.4,1.7,2.5,6.5
14053,0.3248,0,NORMAL,7.4,2.1,2.4,5.6
14054,1.0,0,ANOMALY,10.3,17.8,5.5,7.9
14055,0.3877,0,NORMAL,7.4,2.6,9.0,9.2
14056,0.1889,0,NORMAL,7.4,1.6,2.8,5.9
14057,0.9348,0,WARNING,8.0,7.0,10.7,8.2
14058,1.0,1,ANOMALY,9.1,14.1,22.1,11.2
14059,1.0,1,ANOMALY,9.6,17.2,28.8,12.0
14060,1.0,1,ANOMALY,9.2,18.4,37.3,18.0
14061,0.7813,1,WARNING,7.8,5.3,6.8,7.7
14062,0.6662,0,WARNING,7.5,2.4,2.3,6.3
14063,0.568,0,NORMAL,7.5,2.0,2.1,5.2
14064,0.9967,0,WARNING,8.9,14.6,1.7,5.9
14065,0.6135,0,WARNING,7.5,4.3,11.3,12.9
14066,0.3261,0,NORMAL,7.5,1.9,1.7,5.6
14067,0.647,0,WARNING,7.5,1.7,2.1,7.5
14068,0.647,0,WARNING,7.5,1.6,2.3,7.5
14069,0.705,0,WARNING,7.5,1.9,2.7,7.9
14070,0.4948,0,NORMAL,7.5,2.6,11.2,12.3
14071,0.4943,0,NORMAL,7.5,1.7,3.6,6.7
14072,0.4471,0,NORMAL,7.6,2.2,2.2,6.8
14073,0.5776,0,NORMAL,7.5,1.9,2.2,7.2
14074,1.0,0,ANOMALY,10.0,16.7,2.4,7.7
14075,0.4809,0,NORMAL,7.5,3.5,10.8,11.6
14076,0.338,0,NORMAL,7.6,2.6,3.6,6.5
14077,0.3699,0,NORMAL,7.6,2.7,2.1,6.4
14078,0.1515,0,NORMAL,7.6,2.3,2.0,5.6
14079,0.4958,0,NORMAL,7.7,2.6,2.5,7.2
14080,0.9902,0,WARNING,7.7,4.1,11.8,16.2
14081,0.6465,0,WARNING,7.6,1.9,4.4,7.7
14082,0.4469,0,NORMAL,7.6,1.7,2.7,6.9
14083,0.1993,0,NORMAL,7.6,1.7,2.5,5.8
14084,0.9971,0,WARNING,8.8,14.5,2.5,5.7
14085,0.5071,0,NORMAL,7.7,3.6,11.4,11.4
14086,0.2906,0,NORMAL,7.7,2.1,4.2,5.6
14087,0.2596,0,NORMAL,7.7,1.4,4.7,7.0
14088,0.4946,0,NORMAL,7.7,2.0,3.0,6.5
14089,0.2786,0,NORMAL,7.7,1.4,2.0,4.6
14090,0.5269,0,NORMAL,7.8,3.1,11.7,12.4
14091,0.5377,0,NORMAL,7.7,1.4,4.6,7.4
14092,0.4944,0,NORMAL,7.7,1.9,2.6,7.4
14093,0.7048,0,WARNING,7.7,1.6,2.7,8.3
14094,1.0,0,ANOMALY,10.3,17.0,2.9,8.0
14095,0.6131,0,WARNING,7.8,4.1,11.7,12.9
14096,0.3947,0,NORMAL,7.8,3.2,5.6,7.7
14097,0.5376,0,NORMAL,7.7,2.6,3.5,7.9
14098,0.6138,0,WARNING,7.7,2.7,3.4,8.0
14099,0.7049,0,WARNING,7.7,2.0,3.0,8.4
14100,0.4075,0,NORMAL,7.7,2.4,2.6,4.8
14101,0.2488,0,NORMAL,7.8,1.9,2.4,5.4
14102,0.5777,0,NORMAL,7.9,3.2,12.0,13.4
14103,0.3168,0,NORMAL,7.7,1.7,4.8,6.7
14104,1.0,0,ANOMALY,9.9,16.4,3.1,6.4
14105,0.2647,0,NORMAL,7.7,2.1,2.7,6.5
14106,0.5774,0,NORMAL,7.7,2.2,3.1,8.1
14107,0.5776,0,NORMAL,7.8,3.0,12.6,13.7
14108,0.5376,0,NORMAL,7.7,2.2,5.4,8.1
14109,0.2173,0,NORMAL,7.7,1.6,3.7,6.7
14110,0.9971,0,WARNING,7.7,2.0,3.9,9.9
14111,0.3044,0,NORMAL,7.7,2.5,3.8,6.6
14112,0.527,0,NORMAL,7.9,3.5,12.1,12.5
14113,0.3288,0,NORMAL,7.8,2.6,4.9,7.1
14114,1.0,0,ANOMALY,10.7,18.2,3.3,7.9
14115,0.5767,0,NORMAL,7.8,2.3,3.3,8.2
14116,0.2746,0,NORMAL,7.8,1.8,2.8,6.4
14117,0.4643,0,NORMAL,7.8,2.3,10.4,11.2
14118,0.3781,0,NORMAL,7.8,2.7,6.6,7.9
14119,0.3881,0,NORMAL,7.8,1.7,2.6,5.3
14120,0.2664,0,NORMAL,7.8,2.0,3.2,6.8
14121,0.2863,0,NORMAL,7.8,1.8,3.1,6.7
14122,0.3928,0,NORMAL,7.8,2.5,8.8,10.2
14123,0.3403,0,NORMAL,7.8,3.1,9.1,10.1
14124,0.9979,0,WARNING,9.4,15.8,3.4,7.6
14125,0.2827,0,NORMAL,7.8,2.7,3.6,6.8
14126,0.3085,0,NORMAL,7.9,2.2,3.5,6.8
14127,0.3337,0,NORMAL,7.9,3.0,5.1,8.6
14128,0.5775,0,NORMAL,7.9,3.2,10.4,12.8
14129,0.6135,0,WARNING,7.9,2.3,3.6,8.8
14130,0.5775,0,NORMAL,7.9,1.8,3.5,8.7
14131,0.538,0,NORMAL,7.9,1.4,3.4,8.5
14132,0.7049,0,WARNING,7.9,2.1,4.1,9.5
14133,0.7048,0,WARNING,8.0,3.1,13.4,15.1
14134,1.0,0,ANOMALY,10.4,16.9,5.6,8.3
14135,0.4935,0,NORMAL,7.9,2.7,3.8,8.4
14136,0.2839,0,NORMAL,7.9,2.1,3.9,7.3
14137,0.2322,0,NORMAL,7.9,2.6,3.7,7.4
14138,0.532,0,NORMAL,8.0,2.7,12.3,13.3
14139,0.5377,0,NORMAL,7.8,1.9,4.9,8.8
14140,0.9986,0,WARNING,7.8,1.8,3.6,12.1
14141,0.677,0,WARNING,7.8,2.3,4.1,9.4
14142,0.5379,0,NORMAL,7.8,2.1,3.6,8.8
14143,0.6469,0,WARNING,7.9,2.7,12.7,14.9
14144,1.0,0,ANOMALY,9.9,16.1,5.7,9.1
14145,0.24,0,NORMAL,7.8,2.7,4.3,7.2
14146,0.4469,0,NORMAL,7.9,2.3,4.0,8.9
14147,0.5379,0,NORMAL,7.9,2.1,4.2,9.1
14148,0.5738,0,NORMAL,8.0,3.6,13.5,13.6
14149,0.2967,0,NORMAL,7.9,1.8,5.9,7.6
14150,0.3872,0,NORMAL,7.9,2.5,3.5,7.5
14151,0.3384,0,NORMAL,7.9,2.6,3.8,7.6
14152,0.2817,0,NORMAL,7.9,2.4,4.0,7.6
14153,0.5602,0,NORMAL,8.0,3.1,13.3,13.7
14154,1.0,0,ANOMALY,11.6,18.5,5.7,8.0
14155,0.4166,0,NORMAL,7.9,2.7,4.3,8.1
14156,0.2709,0,NORMAL,8.0,2.2,4.6,8.0
14157,0.3725,0,NORMAL,8.0,2.9,5.1,8.9
14158,0.5739,0,NORMAL,8.2,3.8,13.6,14.4
14159,0.5772,0,NORMAL,8.2,2.6,8.2,11.0
14160,0.4949,0,NORMAL,8.4,2.9,8.3,9.9
14161,0.5497,0,NORMAL,8.3,2.2,6.9,10.5
14162,0.602,0,WARNING,8.4,2.5,6.3,9.7
14163,0.6415,0,WARNING,8.6,3.9,15.5,15.4
14164,1.0,0,ANOMALY,12.4,19.1,8.6,10.0
14165,0.6709,0,WARNING,8.7,2.7,7.0,9.9
14166,0.6605,0,WARNING,8.7,2.9,6.7,10.8
14167,0.6631,0,WARNING,8.7,3.1,7.6,11.0
14168,0.7109,0,WARNING,8.7,3.8,15.6,15.4
14169,0.6679,0,WARNING,8.7,3.3,10.9,13.2
14170,0.994,0,WARNING,8.7,2.6,9.1,15.6
14171,0.6546,0,WARNING,8.8,3.8,10.1,13.8
14172,0.7739,0,WARNING,8.8,2.9,12.9,15.6
14173,0.7788,0,WARNING,8.8,4.0,18.6,18.7
14174,1.0,0,ANOMALY,11.7,19.4,18.9,18.8
14175,0.7507,0,WARNING,8.9,4.6,14.7,16.8
14176,0.8808,0,WARNING,8.8,2.6,16.6,17.0
14177,0.9629,0,WARNING,9.2,6.1,19.8,17.1
14178,0.8834,0,WARNING,9.0,5.1,21.8,18.4
14179,0.8645,0,WARNING,9.0,5.2,26.8,21.8
14180,0.8486,0,WARNING,8.9,3.4,19.7,17.5
14181,0.8848,0,WARNING,9.1,3.8,20.5,17.9
14182,0.9132,0,WARNING,9.1,3.3,23.2,20.2
14183,0.8836,0,WARNING,9.1,3.7,21.0,18.9
14184,1.0,0,WARNING,10.8,18.0,27.3,24.0
14185,0.8618,0,WARNING,9.1,4.9,20.6,19.7
14186,0.8764,0,WARNING,9.0,4.2,20.3,20.6
14187,0.9477,0,WARNING,9.2,6.2,27.5,26.6
14188,0.9478,0,WARNING,9.0,5.5,29.2,25.8
14189,1.0,0,WARNING,9.2,6.9,35.8,29.4
14190,0.9497,0,WARNING,8.7,5.2,27.1,24.4
14191,0.8689,0,WARNING,8.7,5.9,25.9,25.3
14192,0.9487,0,WARNING,8.4,4.8,26.1,25.9
14193,0.8715,0,WARNING,8.3,5.1,25.4,24.2
14194,0.9991,0,WARNING,9.7,19.2,33.9,30.1
14195,0.9814,0,WARNING,8.9,7.1,25.7,25.0
14196,0.894,0,WARNING,8.4,4.9,24.9,23.8
14197,0.9528,0,WARNING,8.4,4.8,27.6,24.0
14198,0.9509,0,WARNING,8.5,5.1,28.4,24.8
14199,1.0,0,WARNING,8.7,7.1,38.3,29.8
14200,0.9963,0,WARNING,8.6,6.2,28.8,26.7
14201,0.8662,0,WARNING,8.5,4.7,24.2,23.7
14202,0.9608,0,WARNING,8.8,7.2,23.9,23.8
14203,0.9824,0,WARNING,8.9,7.7,23.6,22.5
14204,1.0,0,WARNING,10.2,19.6,32.1,28.0
14205,0.8961,0,WARNING,8.3,5.1,24.9,22.0
14206,0.8884,0,WARNING,8.4,4.8,22.4,21.5
14207,0.8675,0,WARNING,8.4,5.1,21.7,21.6
14208,0.937,0,WARNING,8.8,6.0,22.0,22.1
14209,0.9487,0,WARNING,8.6,5.9,30.8,27.8
14210,0.8895,0,WARNING,8.5,5.0,23.8,22.2
14211,0.8752,0,WARNING,8.8,5.2,22.1,22.4
14212,1.0,0,WARNING,9.3,5.5,23.6,22.8
14213,0.8814,0,WARNING,9.0,3.7,22.1,21.5
14214,1.0,0,ANOMALY,13.2,23.6,29.9,25.4
14215,0.8276,0,WARNING,8.9,5.7,23.7,22.3
14216,0.9561,0,WARNING,9.0,5.0,22.2,22.6
14217,0.9531,0,WARNING,8.9,5.2,21.3,20.8
14218,0.8473,0,WARNING,8.9,4.6,21.4,20.7
14219,0.9482,0,WARNING,9.0,5.4,28.6,25.0
14220,0.7993,0,WARNING,9.1,5.4,24.4,23.8
14221,0.8457,0,WARNING,9.1,5.8,21.8,22.9
14222,0.8674,0,WARNING,9.0,5.6,20.1,19.5
14223,0.905,0,WARNING,8.9,5.0,21.0,20.8
14224,1.0,0,ANOMALY,11.2,20.3,25.3,24.6
14225,0.9525,0,WARNING,9.1,7.1,26.7,25.4
14226,0.791,0,WARNING,9.0,6.4,21.2,21.9
14227,0.7822,0,WARNING,9.1,6.3,20.9,23.5
14228,0.9742,0,WARNING,9.4,7.9,20.7,21.9
14229,0.8855,0,WARNING,9.4,6.1,22.0,22.4
14230,0.9984,0,WARNING,9.4,6.0,26.9,29.6
14231,0.764,0,WARNING,9.2,3.6,20.1,22.8
14232,0.9481,0,WARNING,9.5,5.3,21.8,21.3
14233,0.7801,0,WARNING,9.5,4.5,19.5,21.7
14234,1.0,0,ANOMALY,12.7,21.0,20.7,21.1
14235,0.9547,0,WARNING,9.4,6.0,30.3,26.3
14236,0.7568,0,WARNING,9.4,4.5,19.7,20.1
14237,0.8222,0,WARNING,9.3,4.0,19.4,22.7
14238,0.824,0,WARNING,9.3,4.4,19.6,21.8
14239,0.8343,0,WARNING,9.3,4.3,19.3,20.9
14240,0.9456,0,WARNING,9.5,6.1,27.5,25.6
14241,0.8487,0,WARNING,9.3,4.4,19.8,20.2
14242,0.8503,0,WARNING,9.3,3.4,19.5,21.7
14243,0.771,0,WARNING,9.2,4.3,18.4,21.3
14244,1.0,0,ANOMALY,11.7,18.5,18.5,21.8
14245,0.9502,0,WARNING,9.7,6.8,28.5,27.8
14246,0.7801,0,WARNING,9.5,5.0,20.9,21.8
14247,0.8091,0,WARNING,9.4,4.4,19.8,21.8
14248,0.8167,0,WARNING,9.6,5.0,20.4,22.2
14249,0.8425,0,WARNING,9.8,4.6,20.3,22.0
14250,0.9457,0,WARNING,9.9,5.8,28.9,25.8
14251,0.9124,0,WARNING,9.7,4.3,21.3,19.9
14252,0.8861,0,WARNING,9.6,4.9,19.9,20.4
14253,0.8693,0,WARNING,9.7,4.2,18.9,19.9
14254,1.0,0,ANOMALY,13.7,21.6,18.6,21.5
14255,0.8546,0,WARNING,9.4,5.4,27.6,27.6
14256,0.7845,0,WARNING,9.6,4.8,20.4,21.5
14257,0.7664,0,WARNING,9.4,4.3,18.3,22.0
14258,0.8674,0,WARNING,9.7,5.2,18.5,20.3
14259,0.7334,0,WARNING,9.5,4.2,18.4,21.9
14260,0.9967,0,WARNING,9.5,5.8,27.2,30.2
14261,0.8292,0,WARNING,9.7,4.4,20.9,21.3
14262,0.8409,0,WARNING,9.6,4.4,19.9,20.1
14263,0.87,0,WARNING,9.7,4.8,21.0,20.4
14264,1.0,0,ANOMALY,11.9,17.9,18.8,19.8
14265,0.8433,0,WARNING,9.8,6.2,26.9,26.4
14266,0.7081,0,WARNING,9.6,4.1,19.0,21.1
14267,1.0,0,WARNING,10.2,5.3,21.3,21.5
14268,1.0,0,ANOMALY,10.6,5.0,22.8,23.6
14269,1.0,0,ANOMALY,10.7,5.4,23.7,21.4
14270,1.0,0,ANOMALY,10.9,6.9,31.9,26.7
14271,1.0,0,WARNING,10.7,4.2,23.5,20.5
14272,1.0,0,WARNING,10.7,5.1,22.1,20.4
14273,1.0,0,WARNING,10.6,4.4,21.6,20.4
14274,1.0,0,ANOMALY,14.3,21.6,22.0,21.0
14275,0.8258,0,WARNING,10.3,4.8,23.8,23.7
14276,0.7456,0,WARNING,10.2,6.1,22.1,23.8
14277,0.9546,0,WARNING,10.0,4.7,18.4,22.3
14278,0.7824,0,WARNING,10.1,4.8,18.0,20.3
14279,0.8275,0,WARNING,10.0,4.7,17.8,20.4
14280,0.8239,0,WARNING,9.9,4.9,19.5,20.9
14281,0.8257,0,WARNING,10.0,5.0,24.0,23.3
14282,0.8376,0,WARNING,9.9,4.6,16.9,19.2
14283,0.8739,0,WARNING,10.0,3.8,17.0,19.2
14284,1.0,0,ANOMALY,12.3,17.9,17.5,19.7
14285,0.8203,0,WARNING,10.0,4.7,18.7,19.9
14286,0.8559,0,WARNING,10.0,5.9,27.7,24.9
14287,0.7566,0,WARNING,9.9,4.2,17.8,20.8
14288,0.7466,0,WARNING,10.0,4.1,16.7,21.0
14289,0.7755,0,WARNING,9.9,3.6,16.6,20.8
14290,0.9982,0,WARNING,9.9,3.7,16.9,23.7
14291,0.8314,0,WARNING,10.0,5.4,25.5,25.8
14292,0.6764,0,WARNING,10.0,4.4,17.5,20.5
14293,0.7638,0,WARNING,9.9,4.1,16.9,20.2
14294,1.0,0,ANOMALY,14.0,21.2,16.6,20.2
14295,0.7565,0,WARNING,9.9,3.9,16.9,19.2
14296,0.8316,0,WARNING,9.9,5.2,25.5,26.4
14297,0.7951,0,WARNING,10.0,3.8,19.4,20.7
14298,0.7224,0,WARNING,9.9,4.6,17.7,19.9
14299,0.7566,0,WARNING,9.8,4.0,17.8,20.1
14300,0.7614,0,WARNING,9.8,3.4,17.9,20.9
14301,0.8938,0,WARNING,10.1,6.5,26.7,26.4
14302,0.8221,0,WARNING,10.2,5.1,20.3,21.2
14303,0.8166,0,WARNING,9.9,4.7,19.7,19.9
14304,1.0,0,WARNING,11.8,18.0,19.4,19.9
14305,0.8071,0,WARNING,10.0,4.8,19.0,19.7
14306,0.9502,0,WARNING,10.1,5.5,27.5,24.6
14307,0.7971,0,WARNING,10.0,4.4,19.5,18.9
14308,0.6636,0,WARNING,10.0,4.4,15.9,19.2
14309,0.7732,0,WARNING,10.1,4.7,17.1,19.1
14310,0.6767,0,WARNING,10.0,3.8,14.2,18.8
14311,0.7827,0,WARNING,10.1,4.8,22.4,24.3
14312,0.6565,0,WARNING,10.0,4.7,15.4,18.0
14313,0.7438,0,WARNING,9.9,3.8,13.2,16.6
14314,1.0,0,ANOMALY,13.5,20.4,13.3,16.1
14315,0.8538,0,WARNING,10.0,4.8,12.8,15.8
14316,0.7542,0,WARNING,9.9,5.4,21.2,20.4
14317,0.6666,0,WARNING,9.6,3.7,13.4,14.6
14318,0.666,0,WARNING,9.7,3.5,11.7,15.1
14319,0.6816,0,WARNING,9.8,3.9,11.8,14.8
14320,0.9967,0,WARNING,9.8,4.3,10.7,18.1
14321,0.7068,0,WARNING,9.7,5.5,18.7,20.0
14322,0.6784,0,WARNING,9.6,2.8,11.3,13.7
14323,0.5847,0,NORMAL,9.6,3.2,9.1,14.2
14324,0.998,0,WARNING,11.1,17.1,10.0,14.3
14325,0.6735,0,WARNING,9.6,3.4,9.3,13.5
14326,0.6761,0,WARNING,9.7,4.4,15.7,17.2
14327,0.5712,0,NORMAL,9.6,3.9,14.9,16.0
14328,0.486,0,NORMAL,9.5,3.6,10.6,14.1
14329,0.6769,0,WARNING,9.5,3.0,10.0,15.7
14330,0.5773,0,NORMAL,9.6,3.9,9.6,15.1
14331,0.5773,0,NORMAL,9.7,3.1,11.3,16.0
14332,0.611,0,WARNING,9.7,4.1,15.5,18.1
14333,0.6133,0,WARNING,9.6,2.6,8.6,14.5
14334,1.0,0,ANOMALY,11.9,17.5,8.0,14.3
14335,0.4059,0,NORMAL,9.6,3.2,7.7,13.5
14336,0.6466,0,WARNING,9.5,2.5,7.8,14.2
14337,0.6566,0,WARNING,9.6,3.7,16.5,18.3
14338,0.4118,0,NORMAL,9.7,3.2,8.7,12.3
14339,0.4935,0,NORMAL,9.6,2.7,8.3,11.9
14340,0.4094,0,NORMAL,9.6,2.7,8.1,11.7
14341,0.5378,0,NORMAL,9.6,2.5,7.2,13.0
14342,0.677,0,WARNING,9.6,3.8,15.5,18.7
14343,0.7298,0,WARNING,9.7,3.2,7.4,13.7
14344,1.0,0,ANOMALY,13.7,20.1,5.9,12.5
14345,0.4934,0,NORMAL,9.7,3.3,5.4,12.1
14346,0.3885,0,NORMAL,9.7,2.6,5.1,10.9
14347,0.6094,0,WARNING,9.7,3.8,14.5,17.1
14348,0.385,0,NORMAL,9.6,2.8,7.2,9.3
14349,0.3893,0,NORMAL,9.7,2.5,5.0,10.3
14350,0.9953,0,WARNING,9.6,3.0,5.2,13.0
14351,0.291,0,NORMAL,9.6,2.6,5.2,10.3
14352,0.61,0,WARNING,9.7,4.2,14.7,16.5
14353,0.5771,0,NORMAL,9.9,2.8,8.7,12.9
14354,1.0,0,ANOMALY,12.5,17.7,7.0,12.6
14355,0.4524,0,NORMAL,10.3,2.7,7.8,12.3
14356,0.4922,0,NORMAL,10.3,3.3,5.7,10.1
14357,0.5736,0,NORMAL,10.2,3.6,13.6,14.9
14358,0.7046,0,WARNING,10.1,2.4,7.3,12.7
14359,0.54,0,NORMAL,10.1,2.6,7.0,10.5
14360,0.4529,0,NORMAL,10.1,2.6,6.5,10.4
14361,0.3494,0,NORMAL,9.9,2.7,4.9,9.9
14362,0.5711,0,NORMAL,10.0,4.1,13.6,15.4
14363,0.3107,0,NORMAL,10.0,2.5,6.7,10.7
14364,1.0,0,ANOMALY,14.3,20.3,5.3,12.6
14365,0.4302,0,NORMAL,10.2,3.4,5.1,10.0
14366,0.4504,0,NORMAL,10.3,2.5,5.2,9.9
14367,0.7001,0,WARNING,10.6,3.8,15.4,15.8
14368,0.5526,0,NORMAL,10.5,2.6,7.3,10.8
14369,0.5154,0,NORMAL,10.3,2.7,5.0,11.2
14370,0.6137,0,WARNING,10.3,2.9,5.3,11.8
14371,0.6137,0,WARNING,10.1,2.4,5.1,11.7
14372,0.9678,0,WARNING,10.5,6.3,13.8,16.5
14373,0.697,0,WARNING,10.1,3.8,6.8,11.4
14374,1.0,0,ANOMALY,13.3,18.2,6.4,11.7
14375,0.3334,0,NORMAL,10.1,2.7,7.4,10.7
14376,0.3831,0,NORMAL,10.1,2.3,7.5,10.3
14377,0.5652,0,NORMAL,10.1,3.5,13.2,14.0
14378,0.4536,0,NORMAL,10.1,3.3,11.7,12.2
14379,0.4262,0,NORMAL,10.0,2.6,8.0,10.6
14380,0.998,0,WARNING,10.0,2.7,7.7,13.7
14381,0.3381,0,NORMAL,10.1,2.5,6.2,11.0
14382,0.7434,0,WARNING,10.6,3.1,10.2,12.3
14383,0.6699,0,WARNING,10.7,3.8,14.5,14.3
14384,1.0,0,ANOMALY,15.8,21.2,7.9,10.7
14385,0.5754,0,NORMAL,10.8,2.8,7.9,11.0
14386,0.5945,0,NORMAL,10.8,2.1,7.9,10.6
14387,0.6214,0,WARNING,10.8,2.8,8.2,10.8
14388,0.9402,0,WARNING,10.9,4.1,17.5,16.5
14389,0.5587,0,NORMAL,10.7,2.4,7.4,11.3
14390,0.6467,0,WARNING,10.4,2.6,5.5,12.0
14391,0.4917,0,NORMAL,10.4,2.7,5.1,10.5
14392,0.4497,0,NORMAL,10.4,2.9,5.3,11.5
14393,0.6169,0,WARNING,10.3,4.2,14.5,17.5
14394,1.0,0,ANOMALY,13.5,18.8,6.7,10.8
14395,0.6956,0,WARNING,10.4,3.9,5.6,10.7
14396,0.4867,0,NORMAL,10.2,2.8,6.6,11.8
14397,0.7112,0,WARNING,10.2,3.4,10.5,15.1
14398,0.9384,0,WARNING,10.5,5.2,21.1,20.0
14399,0.7046,0,WARNING,10.2,3.3,13.5,13.6
14400,0.6697,0,WARNING,10.1,3.6,13.8,15.8
14401,0.6458,0,WARNING,10.1,3.5,13.8,15.7
14402,0.7684,0,WARNING,10.2,3.2,12.5,14.9
14403,0.766,0,WARNING,10.3,5.1,21.0,20.2
14404,1.0,0,ANOMALY,14.9,21.3,12.9,14.5
14405,0.7044,0,WARNING,10.2,4.2,11.5,15.0
14406,0.6373,0,WARNING,10.2,3.8,11.6,15.3
14407,0.6769,0,WARNING,10.2,3.8,12.0,17.1
14408,0.7393,0,WARNING,10.2,4.7,20.6,20.1
14409,0.8851,0,WARNING,10.4,4.7,14.1,14.9
14410,0.9974,0,WARNING,10.6,5.5,12.6,18.6
14411,0.6712,0,WARNING,10.4,4.7,12.6,16.3
14412,0.6091,0,WARNING,10.4,4.5,12.4,16.5
14413,0.7758,0,WARNING,10.3,5.2,21.0,20.5
14414,1.0,0,ANOMALY,12.9,19.0,14.2,16.3
14415,0.8046,0,WARNING,10.3,3.9,13.4,16.0
14416,0.7983,0,WARNING,10.3,3.7,13.3,15.1
14417,0.7718,0,WARNING,10.3,3.1,13.4,15.9
14418,0.8171,0,WARNING,10.4,5.6,22.5,21.4
14419,0.8217,0,WARNING,10.5,4.1,15.7,15.4
14420,0.8481,0,WARNING,10.3,3.4,14.6,15.7
14421,0.6849,0,WARNING,10.4,4.0,12.6,15.4
14422,0.668,0,WARNING,10.4,3.7,12.3,16.7
14423,0.7663,0,WARNING,10.4,4.6,21.3,23.1
14424,1.0,0,ANOMALY,14.6,21.2,14.7,18.7
14425,0.6798,0,WARNING,10.5,4.1,13.3,18.2
14426,0.6733,0,WARNING,10.4,4.2,14.2,18.8
14427,0.775,0,WARNING,10.5,4.3,15.2,19.5
14428,0.842,0,WARNING,10.7,5.6,20.4,21.1
14429,0.9133,0,WARNING,10.8,5.2,18.8,20.3
14430,0.7115,0,WARNING,10.6,5.2,14.5,18.5
14431,0.7193,0,WARNING,10.5,4.1,14.6,18.9
14432,0.7588,0,WARNING,10.6,4.2,14.7,18.2
14433,0.8723,0,WARNING,10.9,5.4,17.4,19.5
14434,1.0,0,ANOMALY,12.7,19.0,22.3,22.2
14435,0.7886,0,WARNING,10.7,4.6,14.8,18.0
14436,0.754,0,WARNING,10.7,3.7,14.8,17.9
14437,0.7386,0,WARNING,10.6,4.8,15.5,19.2
14438,0.7753,0,WARNING,10.7,5.4,14.7,18.2
14439,0.7982,0,WARNING,10.9,6.6,23.2,23.6
14440,0.9963,0,WARNING,10.8,5.3,14.8,21.8
14441,0.7489,0,WARNING,10.7,4.4,14.8,18.9
14442,0.7637,0,WARNING,10.9,5.6,14.7,19.4
14443,0.7268,0,WARNING,10.8,6.0,14.6,19.0
14444,1.0,0,ANOMALY,16.5,25.6,23.5,24.1
14445,0.8801,0,WARNING,11.0,6.2,15.6,18.4
14446,0.8071,0,WARNING,10.7,4.8,14.4,18.1
14447,0.7638,0,WARNING,11.0,5.3,14.8,19.0
14448,0.68,0,WARNING,10.7,4.4,14.9,19.5
14449,0.8146,0,WARNING,10.9,6.2,23.8,25.5
14450,0.6765,0,WARNING,10.9,4.7,16.7,20.1
14451,0.7613,0,WARNING,10.8,4.7,14.8,18.9
14452,0.8109,0,WARNING,10.8,4.1,15.5,18.7
14453,0.7864,0,WARNING,10.8,5.3,15.1,18.8
14454,0.9994,0,WARNING,12.1,18.7,24.4,25.8
14455,0.7613,0,WARNING,11.0,5.4,17.3,19.9
14456,0.7638,0,WARNING,11.1,6.1,15.3,19.0
14457,0.7843,0,WARNING,11.1,5.0,15.4,18.7
14458,0.6734,0,WARNING,11.1,5.5,14.9,19.2
14459,0.8073,0,WARNING,11.1,6.4,24.1,25.0
14460,0.6988,0,WARNING,11.0,4.6,18.2,20.1
14461,0.9368,0,WARNING,11.2,5.7,16.7,21.2
14462,0.8202,0,WARNING,10.9,4.4,16.3,20.2
14463,0.7464,0,WARNING,11.0,4.3,15.8,19.6
14464,1.0,0,ANOMALY,15.7,23.3,24.9,25.7
14465,0.7541,0,WARNING,11.1,4.4,18.5,20.4
14466,0.7971,0,WARNING,11.0,4.7,16.0,19.0
14467,0.8166,0,WARNING,11.0,4.3,15.4,18.9
14468,0.7662,0,WARNING,11.0,4.4,15.1,18.8
14469,0.8184,0,WARNING,11.2,6.2,24.1,24.9
14470,0.9995,0,WARNING,11.3,6.3,17.4,22.9
14471,0.7614,0,WARNING,11.2,5.2,15.9,20.3
14472,0.8238,0,WARNING,11.2,3.9,16.4,20.3
14473,0.8325,0,WARNING,11.1,3.8,16.4,19.1
14474,0.9976,0,WARNING,12.7,17.2,24.6,24.3
14475,0.8337,0,WARNING,11.2,4.9,17.8,19.4
14476,0.7465,0,WARNING,11.1,3.6,16.3,19.5
14477,1.0,0,ANOMALY,11.3,5.0,16.4,23.4
14478,0.9449,0,WARNING,11.5,7.9,19.9,20.2
14479,0.9202,0,WARNING,11.5,5.3,21.7,22.8
14480,0.926,0,WARNING,11.5,6.2,19.8,22.1
14481,0.8502,0,WARNING,11.1,4.5,16.1,19.2
14482,0.7223,0,WARNING,11.1,3.9,15.8,20.6
14483,0.759,0,WARNING,11.1,4.1,16.6,21.2
14484,1.0,0,ANOMALY,16.3,23.1,19.1,22.1
14485,0.7789,0,WARNING,11.1,5.6,22.7,24.8
14486,0.7566,0,WARNING,11.1,4.1,16.6,21.2
14487,0.8392,0,WARNING,11.2,4.3,17.1,20.6
14488,0.7732,0,WARNING,11.3,4.7,16.7,19.9
14489,0.8673,0,WARNING,11.1,4.3,16.3,19.4
14490,0.8232,0,WARNING,11.3,5.7,25.0,24.7
14491,0.7049,0,WARNING,11.1,5.4,16.2,20.4
14492,0.7223,0,WARNING,11.0,4.1,16.3,21.3
14493,0.859,0,WARNING,11.0,4.3,16.7,20.2
14494,1.0,0,ANOMALY,13.6,19.3,16.8,19.8
14495,0.9487,0,WARNING,11.3,6.8,26.1,26.2
14496,1.0,0,ANOMALY,11.2,4.9,17.8,30.0
14497,0.9996,0,WARNING,11.2,4.3,17.3,24.7
14498,0.7971,0,WARNING,11.3,5.6,18.0,21.1
14499,0.8547,0,WARNING,11.4,6.4,17.5,20.6
14500,0.994,0,WARNING,11.4,7.6,26.5,29.0
14501,0.7639,0,WARNING,11.2,5.0,19.3,22.3
14502,0.7042,0,WARNING,11.2,4.1,17.0,22.6
14503,0.7887,0,WARNING,11.1,3.9,17.7,22.2
14504,1.0,0,ANOMALY,15.0,20.8,17.3,20.0
14505,0.8739,0,WARNING,11.3,5.8,26.1,25.7
14506,0.7866,0,WARNING,11.2,3.3,18.5,20.9
14507,0.8204,0,WARNING,11.3,4.2,17.2,21.7
14508,0.844,0,WARNING,11.2,4.0,17.4,21.3
14509,0.8424,0,WARNING,11.1,4.0,17.4,20.3
14510,0.9426,1,WARNING,11.2,5.4,25.8,25.4
14511,1.0,1,ANOMALY,26.4,8.8,35.0,23.6
14512,1.0,1,ANOMALY,42.5,6.1,22.9,25.5
14513,1.0,1,ANOMALY,49.1,7.8,8.8,22.2
14514,1.0,1,ANOMALY,46.4,18.0,33.7,30.3
14515,1.0,1,ANOMALY,26.4,5.9,28.2,27.1
14516,1.0,1,ANOMALY,19.4,4.3,21.0,23.1
14517,1.0,1,ANOMALY,30.6,16.6,19.1,23.4
14518,1.0,1,ANOMALY,16.8,4.6,18.7,22.3
14519,1.0,1,ANOMALY,17.8,5.5,18.1,20.0
14520,1.0,1,ANOMALY,15.1,7.2,23.8,24.6
14521,1.0,0,ANOMALY,14.4,5.3,16.9,18.5
14522,1.0,0,ANOMALY,13.9,4.1,15.3,19.2
14523,1.0,0,ANOMALY,13.5,4.1,13.0,18.4
14524,1.0,0,ANOMALY,16.9,19.9,12.9,18.6
14525,1.0,0,ANOMALY,13.1,5.5,21.2,21.8
14526,1.0,0,ANOMALY,12.4,3.5,12.9,16.6
14527,1.0,0,ANOMALY,12.0,4.8,13.6,17.4
14528,1.0,0,ANOMALY,11.8,5.3,14.6,16.7
14529,1.0,0,ANOMALY,11.3,3.2,11.6,16.6
14530,1.0,0,WARNING,11.1,3.8,17.2,23.4
14531,1.0,0,WARNING,11.0,5.0,15.6,19.0
14532,1.0,0,WARNING,10.8,3.3,10.6,16.2
14533,1.0,0,WARNING,10.5,3.4,9.7,16.7
14534,1.0,0,ANOMALY,13.9,19.6,10.1,15.5
14535,0.9995,0,WARNING,10.4,4.1,12.7,16.8
14536,0.9977,0,WARNING,10.3,4.0,16.2,18.9
14537,0.9906,0,WARNING,10.2,3.6,9.9,15.8
14538,0.9661,0,WARNING,10.2,3.4,10.2,16.0
14539,0.8732,0,WARNING,10.0,3.3,10.4,16.5
14540,0.6695,0,WARNING,9.8,2.9,10.4,16.2
14541,0.7121,0,WARNING,9.7,4.8,18.4,21.6
14542,0.6132,0,WARNING,9.5,3.3,9.7,16.3
14543,0.6253,0,WARNING,9.4,3.1,9.4,15.0
14544,1.0,0,ANOMALY,11.5,17.9,9.0,14.3
14545,0.4935,0,NORMAL,9.5,4.0,9.0,15.8
14546,0.7061,0,WARNING,9.6,4.3,17.7,21.2
14547,0.5985,0,NORMAL,9.5,3.6,10.5,15.3
14548,0.6342,0,WARNING,9.7,3.5,9.0,14.4
14549,0.6299,0,WARNING,9.6,3.5,9.9,14.7
14550,0.6187,0,WARNING,9.5,3.4,8.9,14.4
14551,0.7092,0,WARNING,9.5,4.3,18.2,21.4
14552,0.6278,0,WARNING,9.5,3.3,11.0,15.7
14553,0.6233,0,WARNING,9.4,3.6,8.7,14.1
14554,1.0,0,ANOMALY,12.8,19.6,8.6,14.4
14555,0.6047,0,WARNING,9.4,4.2,9.4,15.7
14556,0.7078,0,WARNING,9.5,5.5,18.1,20.9
14557,0.6033,0,WARNING,9.3,3.4,10.7,14.2
14558,0.544,0,NORMAL,9.2,3.4,9.1,14.7
14559,0.5409,0,NORMAL,9.2,3.3,9.6,14.7
14560,0.9572,0,WARNING,9.0,3.7,8.6,16.3
14561,0.6853,0,WARNING,9.2,4.9,17.2,19.6
14562,0.8988,0,WARNING,9.0,3.7,10.5,16.6
14563,0.6248,0,WARNING,8.9,3.0,9.3,14.3
14564,1.0,0,ANOMALY,13.0,20.6,8.8,14.4
14565,0.4387,0,NORMAL,8.9,3.4,8.5,14.8
14566,0.699,0,WARNING,9.0,5.4,17.5,20.7
14567,0.499,0,NORMAL,8.8,4.0,10.2,14.5
14568,0.5595,0,NORMAL,8.8,2.8,8.2,13.9
14569,0.8764,0,WARNING,9.1,4.8,9.0,14.4
14570,0.3685,0,NORMAL,8.8,4.1,8.1,14.6
14571,0.7017,0,WARNING,8.8,4.2,17.6,20.6
14572,0.4766,0,NORMAL,8.8,4.1,10.8,15.5
14573,0.5115,0,NORMAL,8.8,3.6,8.7,14.8
14574,1.0,0,ANOMALY,11.5,18.9,8.4,14.6
14575,0.394,0,NORMAL,8.8,3.8,8.4,15.2
14576,0.7136,0,WARNING,9.0,4.8,18.2,21.2
14577,0.4465,0,NORMAL,9.0,3.8,10.9,16.0
14578,0.5126,0,NORMAL,9.0,4.5,9.7,15.6
14579,0.5072,0,NORMAL,9.0,3.9,8.3,14.8
14580,0.5751,0,NORMAL,9.0,4.5,8.2,15.4
14581,0.677,0,WARNING,9.0,3.9,14.2,20.0
14582,0.7045,0,WARNING,9.0,4.1,14.0,19.1
14583,0.7044,0,WARNING,9.0,3.1,9.1,16.3
14584,1.0,0,ANOMALY,11.6,18.3,9.0,16.5
14585,0.7295,0,WARNING,9.0,3.0,7.8,16.0
14586,0.7299,0,WARNING,9.1,3.2,9.5,16.9
14587,0.7046,0,WARNING,9.3,4.1,15.0,20.1
14588,0.7045,0,WARNING,9.1,3.1,7.8,15.8
14589,0.677,0,WARNING,9.1,2.7,7.2,15.4
14590,0.9982,0,WARNING,9.1,3.2,7.5,18.6
14591,0.7046,0,WARNING,9.1,2.7,7.3,15.3
14592,0.7047,0,WARNING,9.2,4.4,16.0,20.8
14593,0.7298,0,WARNING,9.1,2.8,7.7,15.5
14594,1.0,0,ANOMALY,12.1,19.9,6.5,13.4
14595,0.6553,0,WARNING,9.1,4.6,6.5,13.5
14596,0.9547,0,WARNING,9.3,4.8,6.7,13.7
14597,0.73,0,WARNING,9.3,5.6,15.6,21.0
14598,0.6465,0,WARNING,9.2,2.9,8.0,14.9
14599,0.7046,0,WARNING,9.3,2.6,6.3,15.0
14600,0.7047,0,WARNING,9.4,3.2,6.1,14.7
14601,0.7048,0,WARNING,9.3,3.0,6.5,14.8
14602,0.7301,0,WARNING,9.3,3.9,15.2,20.5
14603,0.753,0,WARNING,9.2,2.1,8.1,15.4
14604,1.0,0,ANOMALY,12.7,19.0,6.2,15.4
14605,0.7295,0,WARNING,9.2,3.1,6.0,15.1
14606,0.7046,0,WARNING,9.2,3.1,6.1,14.7
14607,0.7532,0,WARNING,9.3,3.8,15.2,20.7
14608,0.6134,0,WARNING,9.2,3.5,8.1,14.6
14609,0.7971,0,WARNING,9.4,4.7,6.4,14.1
14610,0.6585,0,WARNING,9.2,4.2,7.0,13.7
14611,0.5378,0,NORMAL,9.2,3.3,6.0,14.0
14612,0.7047,0,WARNING,9.3,4.0,15.2,20.5
14613,0.7935,0,WARNING,9.3,2.7,7.9,15.6
14614,1.0,0,ANOMALY,12.3,18.5,5.9,15.0
14615,0.6129,0,WARNING,9.2,3.6,6.1,14.4
14616,0.4988,0,NORMAL,9.2,3.5,6.4,12.5
14617,0.6227,0,WARNING,9.4,4.9,14.8,18.5
14618,0.6032,0,WARNING,9.4,2.4,7.7,14.2
14619,0.6206,0,WARNING,9.5,2.9,6.0,14.3
14620,0.9989,0,WARNING,9.5,2.7,6.1,17.2
14621,0.6085,0,WARNING,9.5,2.8,5.6,12.4
14622,0.5962,0,NORMAL,9.5,3.7,14.0,17.3
14623,0.5869,0,NORMAL,9.4,2.7,6.5,11.7
14624,1.0,0,ANOMALY,12.5,18.1,5.3,12.4
14625,0.7437,0,WARNING,9.9,2.9,6.4,14.4
14626,1.0,0,WARNING,10.5,2.9,7.7,13.1
14627,0.8332,0,WARNING,10.2,4.0,14.0,19.2
14628,0.7829,0,WARNING,9.9,3.4,8.2,14.9
14629,0.7906,0,WARNING,10.1,2.7,6.3,14.1
14630,0.8057,0,WARNING,10.0,2.4,5.0,10.6
14631,0.7834,0,WARNING,9.9,2.1,4.7,10.2
14632,0.7989,0,WARNING,10.1,3.3,10.0,14.4
14633,0.8143,0,WARNING,10.0,3.3,10.5,15.2
14634,1.0,0,ANOMALY,14.3,20.3,5.9,14.1
14635,0.7762,0,WARNING,9.9,2.4,5.4,13.1
14636,0.7506,0,WARNING,9.9,2.2,5.4,13.5
14637,0.7501,0,WARNING,9.9,3.0,7.8,14.6
14638,0.7596,0,WARNING,9.9,3.4,12.6,17.1
14639,0.7606,0,WARNING,9.9,2.4,5.8,12.9
14640,0.7333,0,WARNING,10.0,3.2,5.2,11.7
14641,0.7059,0,WARNING,9.8,2.8,5.1,11.4
14642,0.6757,0,WARNING,9.7,2.3,4.8,10.4
14643,0.6423,0,WARNING,9.7,3.5,13.9,17.7
14644,1.0,0,ANOMALY,11.8,16.6,5.8,11.9
14645,0.6125,0,WARNING,9.6,3.2,4.9,11.5
14646,0.6116,0,WARNING,9.6,2.6,5.0,11.4
14647,0.6108,0,WARNING,9.6,3.3,4.9,11.8
14648,0.6028,0,WARNING,9.7,3.4,13.4,17.5
14649,0.6135,0,WARNING,9.5,2.2,6.1,13.5
14650,0.9947,0,WARNING,9.5,2.3,4.9,15.3
14651,0.5425,0,NORMAL,9.5,2.0,4.8,13.0
14652,0.5238,0,NORMAL,9.6,3.3,4.9,12.2
14653,0.5731,0,NORMAL,9.5,3.5,13.2,17.9
14654,1.0,0,ANOMALY,12.6,18.4,6.5,12.7
14655,0.5368,0,NORMAL,9.4,2.0,4.8,12.8
14656,0.4516,0,NORMAL,9.4,2.4,4.7,12.2
14657,0.4122,0,NORMAL,9.3,2.8,4.7,12.6
14658,0.6138,0,WARNING,9.3,3.3,13.8,18.8
14659,0.4468,0,NORMAL,9.3,2.7,6.6,12.5
14660,0.5773,0,NORMAL,9.6,3.2,5.3,13.2
14661,0.6468,0,WARNING,9.6,2.3,4.9,13.2
14662,0.5586,0,NORMAL,9.6,2.6,4.6,11.6
14663,0.5767,0,NORMAL,9.6,3.7,13.7,17.0
14664,1.0,0,ANOMALY,12.3,18.0,6.6,11.3
14665,0.4932,0,NORMAL,9.5,3.0,4.7,11.2
14666,0.4513,0,NORMAL,9.5,2.5,4.7,11.4
14667,0.412,0,NORMAL,9.4,2.8,4.4,11.5
14668,0.5622,0,NORMAL,9.4,3.4,13.2,16.6
14669,0.3774,0,NORMAL,9.4,2.3,5.6,10.6
14670,0.3883,0,NORMAL,9.3,2.3,3.8,10.5
14671,0.352,0,NORMAL,9.2,2.4,3.9,11.5
14672,0.538,0,NORMAL,9.3,2.9,4.5,12.3
14673,0.5473,0,NORMAL,9.3,3.6,12.9,16.0
14674,1.0,0,ANOMALY,13.4,19.3,5.6,10.4
14675,0.4413,0,NORMAL,9.2,2.6,3.7,10.3
14676,0.2679,0,NORMAL,9.2,2.3,3.7,10.5
14677,0.3459,0,NORMAL,9.1,2.7,3.8,11.2
14678,0.6138,0,WARNING,9.2,3.1,12.0,17.1
14679,0.3951,0,NORMAL,9.1,3.1,6.7,12.3
14680,0.9953,0,WARNING,9.0,2.6,4.2,14.9
14681,0.3383,0,NORMAL,9.0,2.1,4.1,11.3
14682,0.6468,0,WARNING,9.0,2.9,4.3,12.5
14683,0.931,0,WARNING,9.5,3.4,10.6,13.8
14684,1.0,0,ANOMALY,12.8,19.0,10.6,13.5
14685,0.4977,0,NORMAL,9.1,2.5,4.1,10.9
14686,0.3707,0,NORMAL,9.1,2.5,3.7,10.1
14687,0.3891,0,NORMAL,9.1,2.3,3.6,10.0
14688,0.3216,0,NORMAL,9.1,2.8,5.5,11.3
14689,0.4486,0,NORMAL,9.1,3.3,10.8,14.5
14690,0.4944,0,NORMAL,9.0,2.7,3.8,11.6
14691,0.4946,0,NORMAL,8.9,2.3,4.2,11.7
14692,0.4472,0,NORMAL,9.1,2.8,4.1,11.6
14693,0.5775,0,NORMAL,8.9,2.3,4.0,11.9
14694,1.0,0,ANOMALY,12.5,19.9,12.9,17.4
14695,0.5457,0,NORMAL,9.0,2.7,4.3,10.8
14696,0.3381,0,NORMAL,8.9,2.7,3.7,10.9
14697,0.5379,0,NORMAL,8.9,3.1,3.8,11.7
14698,0.538,0,NORMAL,9.1,2.7,4.7,12.0
14699,0.5924,0,NORMAL,9.1,3.8,13.9,16.7
14700,0.3382,0,NORMAL,8.9,3.0,5.1,10.8
14701,0.309,0,NORMAL,8.9,1.8,3.5,9.5
14702,0.2165,0,NORMAL,8.8,2.6,3.2,9.6
14703,0.2162,0,NORMAL,8.8,1.9,3.3,9.5
14704,1.0,0,ANOMALY,12.4,19.9,12.5,15.5
14705,0.5659,0,NORMAL,8.7,2.5,5.3,10.1
14706,0.3503,0,NORMAL,8.9,2.3,4.6,10.9
14707,0.4117,0,NORMAL,8.9,2.4,4.6,10.4
14708,0.2713,0,NORMAL,8.9,2.5,4.1,10.1
14709,0.5372,0,NORMAL,8.9,3.4,12.1,15.9
14710,0.9923,0,WARNING,8.9,1.9,5.0,14.0
14711,0.3949,0,NORMAL,8.9,1.5,3.4,10.7
14712,0.5379,0,NORMAL,8.9,2.3,3.5,11.2
14713,0.1665,0,NORMAL,8.9,2.0,3.3,9.7
14714,1.0,0,ANOMALY,12.2,19.8,12.4,16.4
14715,0.5134,0,NORMAL,9.0,2.6,5.2,11.1
14716,0.9402,0,WARNING,9.2,2.5,5.9,10.6
14717,1.0,0,ANOMALY,9.4,2.8,6.9,10.2
14718,1.0,0,WARNING,9.4,3.2,6.9,10.2
14719,1.0,0,ANOMALY,9.5,3.7,15.8,15.7
14720,1.0,0,WARNING,9.4,2.7,8.4,9.9
14721,1.0,0,ANOMALY,9.5,2.0,6.9,10.0
14722,1.0,0,WARNING,9.4,2.8,6.9,10.3
14723,1.0,0,ANOMALY,9.5,2.4,7.0,10.1
14724,1.0,0,ANOMALY,13.3,20.5,13.8,15.3
14725,0.6059,0,WARNING,8.9,2.7,4.9,9.1
14726,0.5081,0,NORMAL,8.9,2.0,3.0,8.7
14727,0.51,0,NORMAL,9.0,2.2,2.9,9.0
14728,0.4424,0,NORMAL,9.0,2.5,3.3,10.0
14729,0.4754,0,NORMAL,9.1,3.0,11.1,14.5
14730,0.3951,0,NORMAL,9.0,1.6,5.5,10.5
14731,0.4945,0,NORMAL,9.0,2.0,3.2,10.2
14732,0.2293,0,NORMAL,9.0,2.4,3.2,9.2
14733,0.5876,0,NORMAL,9.4,3.5,2.8,8.5
14734,1.0,0,ANOMALY,11.5,17.4,8.0,11.8
14735,0.4137,0,NORMAL,9.1,2.3,8.0,12.3
14736,0.338,0,NORMAL,9.1,2.4,2.9,9.6
14737,0.9353,0,WARNING,9.4,2.8,5.9,10.1
14738,1.0,0,WARNING,9.4,3.6,6.6,9.4
14739,1.0,0,ANOMALY,9.5,2.8,9.1,11.3
14740,1.0,0,WARNING,9.5,2.9,12.6,16.5
14741,0.5136,0,NORMAL,9.0,2.6,3.9,9.0
14742,0.3221,0,NORMAL,8.9,2.5,2.9,8.4
14743,0.3389,0,NORMAL,8.9,2.5,3.0,9.6
14744,1.0,0,ANOMALY,12.5,18.5,3.3,10.7
14745,0.6462,0,WARNING,9.1,3.8,12.2,16.0
14746,0.6133,0,WARNING,9.0,1.8,3.5,10.6
14747,0.2766,0,NORMAL,9.0,2.5,3.0,9.3
14748,0.4474,0,NORMAL,9.1,2.3,3.2,9.8
14749,0.3956,0,NORMAL,9.1,2.9,3.1,9.8
14750,0.7579,0,WARNING,9.3,3.5,12.1,15.0
14751,0.3383,0,NORMAL,9.1,2.0,4.1,9.5
14752,0.5378,0,NORMAL,9.1,2.0,3.3,10.2
14753,0.2067,0,NORMAL,9.1,1.6,3.2,8.8
14754,1.0,0,ANOMALY,11.6,17.3,3.2,9.2
14755,0.536,0,NORMAL,9.3,4.0,12.1,14.1
14756,0.4582,0,NORMAL,9.2,3.2,4.0,8.4
14757,0.3669,0,NORMAL,9.3,2.9,2.9,9.3
14758,0.2768,0,NORMAL,9.2,2.2,3.1,9.3
14759,0.9245,0,WARNING,9.5,3.3,2.9,8.3
14760,0.5098,0,NORMAL,9.4,4.2,11.5,14.0
14761,0.5377,0,NORMAL,9.4,2.5,3.9,10.1
14762,0.3952,0,NORMAL,9.3,2.1,3.1,9.6
14763,0.538,0,NORMAL,9.3,2.3,3.2,10.2
14764,1.0,0,ANOMALY,13.3,19.2,3.1,9.2
14765,0.5331,0,NORMAL,9.4,3.5,12.2,14.5
14766,0.3463,0,NORMAL,9.4,1.3,4.3,8.0
14767,0.3146,0,NORMAL,9.4,2.6,2.7,8.2
14768,0.2,0,NORMAL,9.4,1.8,2.5,8.2
14769,0.1482,0,NORMAL,9.4,2.0,2.6,8.2
14770,0.9971,0,WARNING,9.5,3.6,11.6,16.8
14771,0.5362,0,NORMAL,9.4,2.0,2.7,8.9
14772,0.219,0,NORMAL,9.4,3.0,2.9,8.4
14773,0.3076,0,NORMAL,9.4,1.9,2.5,8.0
14774,1.0,0,ANOMALY,11.8,17.1,2.6,8.1
14775,0.5632,0,NORMAL,9.5,2.9,12.7,14.2
14776,0.9893,0,WARNING,9.7,2.0,10.0,10.2
14777,1.0,0,WARNING,9.8,2.3,14.7,10.4
14778,1.0,0,WARNING,10.2,2.8,19.0,11.4
14779,1.0,0,WARNING,10.3,3.7,19.3,12.1
14780,0.9463,0,WARNING,10.4,3.3,10.7,12.4
14781,0.7461,0,WARNING,10.2,4.9,15.3,15.2
14782,0.3229,0,NORMAL,9.7,2.5,5.0,9.1
14783,0.3952,0,NORMAL,9.6,2.0,2.9,9.5
14784,1.0,0,ANOMALY,14.6,20.3,3.2,10.0
14785,0.3036,0,NORMAL,9.7,2.4,8.1,11.9
14786,0.2137,0,NORMAL,9.6,2.6,7.5,10.4
14787,0.1375,0,NORMAL,9.6,2.5,2.7,8.3
14788,0.4474,0,NORMAL,9.6,2.6,3.1,9.6
14789,0.3878,0,NORMAL,9.6,2.3,3.2,9.5
14790,0.4474,0,NORMAL,9.6,2.5,5.4,11.2
14791,0.4298,0,NORMAL,9.7,3.7,10.3,12.9
14792,0.2718,0,NORMAL,9.6,2.5,2.9,8.5
14793,0.2173,0,NORMAL,9.7,2.0,2.9,9.2
14794,1.0,0,ANOMALY,12.3,17.3,2.9,9.1
14795,0.6131,0,WARNING,9.7,2.4,3.2,10.5
14796,0.5774,0,NORMAL,9.8,3.2,11.9,15.6
14797,0.3949,0,NORMAL,9.6,2.4,3.6,9.8
14798,0.3954,0,NORMAL,9.8,2.3,4.5,10.1
14799,0.2846,0,NORMAL,9.7,1.6,3.2,7.3
14800,0.9994,0,WARNING,10.0,2.5,11.9,13.3
14801,0.9954,0,WARNING,10.2,3.1,11.1,11.2
14802,0.6667,0,WARNING,10.3,5.4,16.7,15.5
14803,0.3806,0,NORMAL,10.0,2.5,7.5,9.8
14804,1.0,0,ANOMALY,14.1,20.6,4.1,10.5
14805,0.6128,0,WARNING,9.7,2.7,3.3,10.8
14806,0.5773,0,NORMAL,9.8,3.3,12.2,16.2
14807,0.6135,0,WARNING,9.7,2.3,5.2,10.9
14808,0.3953,0,NORMAL,9.9,2.1,3.4,10.0
14809,0.5776,0,NORMAL,9.8,2.0,3.2,10.4
14810,0.4948,0,NORMAL,9.7,1.8,3.4,10.2
14811,0.55,0,NORMAL,9.8,3.5,12.8,14.9
14812,0.2707,0,NORMAL,9.8,2.0,4.3,6.9
14813,0.1969,0,NORMAL,9.7,1.7,2.3,6.8
14814,0.997,0,WARNING,11.1,15.2,3.1,8.8
14815,0.494,0,NORMAL,9.8,2.1,3.0,10.0
14816,0.5184,0,NORMAL,9.9,3.4,12.0,14.6
14817,0.3423,0,NORMAL,9.8,2.2,4.6,9.5
14818,0.2492,0,NORMAL,9.8,2.1,2.8,8.4
14819,0.3928,0,NORMAL,9.8,3.1,2.6,8.4
14820,0.3204,0,NORMAL,9.8,2.4,2.6,8.3
14821,0.5103,0,NORMAL,10.0,3.7,11.6,13.9
14822,0.3326,0,NORMAL,9.8,2.5,2.5,8.4
14823,0.4472,0,NORMAL,9.8,1.8,3.2,10.0
14824,1.0,0,ANOMALY,12.1,17.2,3.3,10.5
14825,0.2554,0,NORMAL,9.8,2.5,4.0,9.1
14826,0.568,0,NORMAL,9.9,3.0,12.9,15.4
14827,0.4467,0,NORMAL,9.9,2.1,5.8,10.0
14828,0.447,0,NORMAL,10.0,2.1,4.8,10.4
14829,0.2918,0,NORMAL,10.0,2.6,5.4,9.6
14830,0.998,0,WARNING,9.9,2.2,3.2,11.4
14831,0.4429,0,NORMAL,10.0,2.9,10.3,12.9
14832,0.2933,0,NORMAL,9.9,2.9,5.4,8.9
14833,0.2658,0,NORMAL,9.9,2.3,2.7,8.1
14834,0.9973,0,WARNING,11.3,15.4,2.5,8.2
14835,0.3866,0,NORMAL,9.8,2.6,2.6,8.1
14836,0.3069,0,NORMAL,9.8,2.6,7.5,11.9
14837,0.4439,0,NORMAL,9.9,3.2,9.4,11.7
14838,0.5279,0,NORMAL,9.8,2.4,5.2,9.0
14839,0.4772,0,NORMAL,9.8,2.7,5.2,8.9
14840,0.4267,0,NORMAL,9.8,2.4,5.0,8.7
14841,0.5217,0,NORMAL,9.8,2.3,7.3,10.3
14842,0.4975,0,NORMAL,10.0,3.0,12.0,13.2
14843,0.2685,0,NORMAL,10.0,2.4,6.2,9.5
14844,1.0,0,ANOMALY,13.6,18.9,5.6,9.3
14845,0.3634,0,NORMAL,9.9,2.5,3.1,9.3
14846,0.5377,0,NORMAL,9.9,2.0,3.3,10.0
14847,0.4987,0,NORMAL,10.0,3.8,11.7,13.4
14848,0.3781,0,NORMAL,9.9,2.4,2.6,7.4
14849,0.2278,0,NORMAL,9.9,2.6,2.7,8.3
14850,0.1957,0,NORMAL,9.9,2.2,2.6,8.1
14851,0.3067,0,NORMAL,9.9,1.9,2.6,8.2
14852,0.7725,0,WARNING,10.2,5.7,12.0,14.5
14853,0.8383,0,WARNING,10.1,4.1,3.0,10.2
14854,1.0,0,ANOMALY,13.6,19.4,3.0,8.7
14855,0.3539,0,NORMAL,9.9,2.4,2.8,9.0
14856,0.3951,0,NORMAL,9.9,2.0,3.0,9.5
14857,0.5325,0,NORMAL,10.0,4.0,11.9,15.1
14858,0.2425,0,NORMAL,9.9,2.2,3.3,8.9
14859,0.1824,0,NORMAL,9.9,2.4,2.7,8.3
14860,0.9958,0,WARNING,9.9,3.3,2.6,11.6
14861,0.2712,0,NORMAL,9.9,1.8,2.9,9.2
14862,0.5776,0,NORMAL,10.0,3.5,12.0,15.8
14863,0.5772,0,NORMAL,9.9,1.9,4.1,10.2
14864,1.0,0,ANOMALY,13.1,18.8,3.1,9.7
14865,0.613,0,WARNING,10.0,2.8,3.4,10.6
14866,0.6135,0,WARNING,10.0,2.2,3.2,10.3
14867,0.6138,0,WARNING,10.1,3.7,11.9,15.7
14868,0.395,0,NORMAL,10.0,2.3,4.9,9.8
14869,0.3679,0,NORMAL,10.0,3.2,3.2,9.7
14870,0.3387,0,NORMAL,10.0,2.9,3.1,9.5
14871,0.2768,0,NORMAL,10.0,2.0,2.9,9.4
14872,0.5776,0,NORMAL,10.1,3.3,12.2,15.8
14873,0.5773,0,NORMAL,10.0,2.5,5.0,10.3
14874,1.0,0,WARNING,11.9,16.0,3.5,10.0
14875,0.5768,0,NORMAL,10.1,3.4,3.3,10.3
14876,0.2764,0,NORMAL,10.0,2.8,3.3,9.3
14877,0.5056,0,NORMAL,10.1,3.1,11.7,13.7
14878,0.2987,0,NORMAL,10.1,2.6,4.5,9.3
14879,0.4945,0,NORMAL,10.0,2.9,3.1,10.0
14880,0.6469,0,WARNING,10.0,2.3,3.3,10.6
14881,0.1712,0,NORMAL,10.1,2.5,3.0,8.4
14882,0.538,0,NORMAL,10.1,4.0,11.1,15.0
14883,0.6466,0,WARNING,10.0,2.4,5.7,11.0
14884,1.0,0,ANOMALY,13.2,18.0,3.1,9.4
14885,0.5767,0,NORMAL,10.0,2.9,3.1,10.3
14886,0.5773,0,NORMAL,10.0,2.9,3.3,10.3
14887,0.3174,0,NORMAL,10.1,3.4,8.2,12.3
14888,0.2246,0,NORMAL,10.0,3.2,7.8,10.7
14889,0.1684,0,NORMAL,10.0,2.2,2.7,8.2
14890,0.9819,0,WARNING,10.0,3.2,2.7,10.9
14891,0.2503,0,NORMAL,10.0,2.7,2.6,8.2
14892,0.2769,0,NORMAL,10.1,2.7,5.1,10.7
14893,0.4036,0,NORMAL,10.2,3.6,9.9,13.2
14894,1.0,0,ANOMALY,13.7,18.5,2.7,8.1
14895,0.3421,0,NORMAL,10.1,2.1,3.1,8.4
14896,0.225,0,NORMAL,10.1,2.3,2.8,8.2
14897,0.2156,0,NORMAL,10.1,2.5,2.8,8.2
14898,0.5147,0,NORMAL,10.2,3.2,11.5,14.4
14899,0.4944,0,NORMAL,10.1,2.2,3.0,9.8
14900,0.5379,0,NORMAL,10.1,1.8,3.2,10.0
14901,0.3132,0,NORMAL,10.2,2.3,3.1,9.1
14902,0.2614,0,NORMAL,10.2,2.5,2.7,8.0
14903,0.4945,0,NORMAL,10.2,3.4,11.3,13.5
14904,1.0,0,ANOMALY,13.4,18.0,2.8,8.2
14905,0.3808,0,NORMAL,10.1,2.3,2.5,8.1
14906,0.3068,0,NORMAL,10.1,2.8,2.8,9.3
14907,0.538,0,NORMAL,10.1,3.1,3.6,11.3
14908,0.9682,0,WARNING,10.6,6.8,12.2,15.1
14909,0.4139,0,NORMAL,10.3,3.2,4.9,9.6
14910,0.27,0,NORMAL,10.2,2.8,3.1,8.7
14911,0.182,0,NORMAL,10.2,2.1,2.9,8.5
14912,0.4474,0,NORMAL,10.2,1.8,3.3,9.8
14913,0.5777,0,NORMAL,10.3,3.0,12.4,15.7
14914,1.0,0,ANOMALY,13.2,17.7,5.0,9.6
14915,0.5369,0,NORMAL,10.2,2.1,3.4,9.9
14916,0.271,0,NORMAL,10.2,1.7,3.1,8.2
14917,0.3193,0,NORMAL,10.2,1.9,2.7,8.1
14918,0.5012,0,NORMAL,10.3,3.3,11.6,13.8
14919,0.283,0,NORMAL,10.2,2.3,2.7,8.5
14920,0.9971,0,WARNING,10.2,1.8,3.4,13.3
14921,0.317,0,NORMAL,10.3,1.8,3.9,9.1
14922,1.0,0,ANOMALY,10.3,2.7,3.7,7.8
14923,0.5775,0,NORMAL,10.4,3.1,12.4,15.7
14924,1.0,0,ANOMALY,13.6,18.1,5.3,10.6
14925,0.4458,0,NORMAL,10.3,2.7,3.3,9.7
14926,0.5376,0,NORMAL,10.3,2.0,3.4,9.8
14927,0.3726,0,NORMAL,10.3,1.3,2.9,7.6
14928,0.4966,0,NORMAL,10.4,3.1,11.6,12.7
14929,0.2558,0,NORMAL,10.3,2.5,3.7,8.3
14930,0.5379,0,NORMAL,10.3,2.3,3.3,10.3
14931,0.3955,0,NORMAL,10.3,2.1,3.0,9.2
14932,0.4947,0,NORMAL,10.3,1.9,3.3,9.7
14933,0.4643,0,NORMAL,10.4,2.9,11.1,13.7
14934,0.9998,0,WARNING,12.0,16.7,5.9,11.0
14935,1.0,0,ANOMALY,10.3,2.4,3.6,15.6
14936,0.5372,0,NORMAL,10.3,2.1,4.2,10.2
14937,0.4149,0,NORMAL,10.3,1.9,3.2,8.3
14938,0.4372,0,NORMAL,10.4,2.5,8.3,11.3
14939,0.4327,0,NORMAL,10.4,2.7,7.8,10.4
14940,0.3729,0,NORMAL,10.3,2.0,3.1,9.0
14941,0.4548,0,NORMAL,10.3,1.5,3.1,8.0
14942,0.3772,0,NORMAL,10.4,2.0,3.0,8.1
14943,0.2889,0,NORMAL,10.3,2.3,4.8,9.4
14944,1.0,0,ANOMALY,13.3,18.5,10.3,13.7
14945,0.5368,0,NORMAL,10.2,2.0,3.2,9.8
14946,0.6135,0,WARNING,10.2,1.7,3.8,10.1
14947,0.3387,0,NORMAL,10.2,1.9,3.3,9.3
14948,1.0,0,ANOMALY,10.2,2.8,3.3,8.2
14949,0.54,0,NORMAL,10.3,3.9,12.7,15.6
14950,0.999,0,WARNING,10.3,3.5,4.4,13.8
14951,1.0,0,ANOMALY,10.2,1.6,3.7,8.2
14952,0.6325,0,WARNING,10.2,2.6,3.9,10.1
14953,0.6245,0,WARNING,10.2,2.3,3.4,8.1
14954,1.0,0,ANOMALY,14.7,21.0,12.0,13.4
14955,1.0,0,ANOMALY,10.2,2.3,2.5,5.9
14956,0.1675,0,NORMAL,10.2,2.1,3.1,8.5
14957,0.1668,0,NORMAL,10.2,2.2,2.9,8.2
14958,0.1935,0,NORMAL,10.1,2.2,2.7,8.7
14959,0.5385,0,NORMAL,10.3,3.7,12.1,15.8
14960,0.4469,0,NORMAL,10.2,2.1,3.9,11.1
14961,0.2207,0,NORMAL,10.2,2.1,3.2,9.5
14962,0.2944,0,NORMAL,10.2,2.7,2.9,8.3
14963,0.2166,0,NORMAL,10.2,2.3,2.9,8.7
14964,1.0,0,ANOMALY,14.7,21.5,12.1,15.6
14965,0.6458,0,WARNING,10.3,2.2,4.2,10.4
14966,0.179,0,NORMAL,10.3,2.0,4.4,8.9
14967,0.1686,0,NORMAL,10.3,2.5,4.1,8.9
14968,0.4473,0,NORMAL,10.2,2.1,3.8,10.0
14969,0.5221,0,NORMAL,10.4,2.7,11.3,14.9
14970,0.4469,0,NORMAL,10.3,3.1,5.3,9.8
14971,0.2629,0,NORMAL,10.2,2.2,3.3,8.5
14972,0.1573,0,NORMAL,10.3,2.3,3.1,8.0
14973,0.2091,0,NORMAL,10.3,2.1,3.7,9.3
14974,1.0,0,ANOMALY,13.8,18.7,11.6,15.1
14975,0.5337,0,NORMAL,10.3,2.4,7.1,10.7
14976,0.494,0,NORMAL,10.3,2.3,5.7,10.8
14977,0.3952,0,NORMAL,10.3,3.0,5.2,10.5
14978,0.5775,0,NORMAL,10.4,2.6,3.9,10.5
14979,0.5464,0,NORMAL,10.5,2.4,11.9,14.9
14980,0.9913,0,WARNING,10.4,2.2,6.4,11.7
14981,0.3443,0,NORMAL,10.3,2.2,4.5,8.8
14982,0.1596,0,NORMAL,10.3,2.7,4.6,8.9
14983,0.1141,0,NORMAL,10.3,2.5,3.3,8.2
14984,1.0,0,ANOMALY,14.9,19.8,10.4,13.6
14985,0.5107,0,NORMAL,10.4,2.5,7.1,9.0
14986,0.4849,0,NORMAL,10.3,3.0,4.5,8.3
14987,0.2562,0,NORMAL,10.3,2.5,4.8,8.6
14988,1.0,0,ANOMALY,10.4,2.2,3.5,11.1
14989,0.4948,0,NORMAL,10.4,2.3,7.7,12.5
14990,0.6137,0,WARNING,10.3,2.6,7.7,12.1
14991,0.2027,0,NORMAL,10.3,2.0,4.5,8.8
14992,0.2013,0,NORMAL,10.3,2.5,4.7,8.9
14993,0.2169,0,NORMAL,10.4,2.7,5.0,10.0
14994,1.0,0,ANOMALY,12.7,17.0,7.1,11.2
14995,0.4758,0,NORMAL,10.5,2.6,10.7,13.8
14996,0.3946,0,NORMAL,10.4,2.8,3.8,9.3
14997,0.4945,0,NORMAL,10.4,2.5,3.4,9.6
14998,0.3955,0,NORMAL,10.4,2.1,3.4,9.1
14999,0.1703,0,NORMAL,10.4,2.5,3.1,7.6
15000,0.5069,0,NORMAL,10.5,3.0,10.0,12.6
15001,0.3092,0,NORMAL,10.4,2.0,3.4,7.7
15002,0.217,0,NORMAL,10.5,2.9,2.9,8.4
15003,0.2768,0,NORMAL,10.4,2.4,3.2,8.7
15004,1.0,0,ANOMALY,13.8,19.0,3.3,8.3
15005,0.5174,0,NORMAL,10.6,3.7,10.4,12.9
15006,0.3641,0,NORMAL,10.3,2.5,4.0,8.8
15007,0.5378,0,NORMAL,10.3,3.0,3.4,9.6
15008,0.6469,0,WARNING,10.3,2.4,3.3,9.8
15009,0.6138,0,WARNING,10.3,1.9,3.6,10.1
15010,0.9967,0,WARNING,10.4,2.9,11.3,19.0
15011,0.5246,0,NORMAL,10.3,1.8,5.1,9.5
15012,0.2485,0,NORMAL,10.4,2.4,3.1,8.4
15013,0.3387,0,NORMAL,10.3,2.8,3.3,8.8
15014,0.9973,0,WARNING,11.7,15.6,3.0,8.3
15015,0.5123,0,NORMAL,10.4,2.1,10.5,12.6
15016,0.309,0,NORMAL,10.3,2.5,4.6,8.0
15017,0.447,0,NORMAL,10.3,2.7,3.2,9.0
15018,0.6469,0,WARNING,10.3,2.8,3.5,9.8
15019,0.4473,0,NORMAL,10.3,2.1,3.5,8.9
15020,0.5018,0,NORMAL,10.4,2.6,10.5,13.0
15021,0.2686,0,NORMAL,10.3,2.6,4.7,8.5
15022,0.2488,0,NORMAL,10.3,2.3,2.7,7.5
15023,0.3239,0,NORMAL,10.3,2.3,2.6,7.2
15024,1.0,0,ANOMALY,13.8,18.6,2.7,7.7
15025,0.5073,0,NORMAL,10.4,2.7,10.5,14.0
15026,0.2723,0,NORMAL,10.3,2.0,4.7,7.7
15027,0.2212,0,NORMAL,10.3,3.3,2.8,7.3
15028,0.4709,0,NORMAL,10.4,3.0,2.8,7.3
15029,0.5212,0,NORMAL,10.4,2.9,2.9,8.4
15030,0.512,0,NORMAL,10.4,3.4,10.6,12.9
15031,0.3502,0,NORMAL,10.3,2.5,4.5,8.1
15032,0.7261,0,WARNING,10.4,2.9,2.8,7.3
15033,0.3072,0,NORMAL,10.3,2.3,2.6,7.2
15034,1.0,0,ANOMALY,12.7,17.2,2.6,8.1
15035,0.5016,0,NORMAL,10.6,3.3,10.4,13.9
15036,0.3206,0,NORMAL,10.4,2.4,4.5,8.1
15037,0.1549,0,NORMAL,10.4,2.4,2.6,7.1
15038,0.2977,0,NORMAL,10.4,3.1,3.1,7.6
15039,0.151,0,NORMAL,10.4,2.7,4.0,9.0
15040,0.9947,0,WARNING,10.5,3.1,7.9,13.8
15041,0.486,0,NORMAL,10.5,4.3,8.2,11.2
15042,0.4572,0,NORMAL,10.4,3.1,4.7,9.5
15043,0.2086,0,NORMAL,10.4,2.7,3.7,8.9
15044,0.9997,0,WARNING,12.1,16.5,3.5,9.8
15045,0.9,0,WARNING,10.7,4.5,6.0,10.5
15046,0.7138,0,WARNING,10.7,4.6,11.9,12.5
15047,0.9606,0,WARNING,10.8,5.5,6.2,9.1
15048,0.6126,0,WARNING,10.6,4.6,6.3,8.6
15049,0.741,0,WARNING,10.6,3.2,4.3,6.9
15050,0.886,0,WARNING,10.8,4.1,3.0,8.7
15051,0.886,0,WARNING,10.9,4.3,10.4,13.8
15052,0.9321,0,WARNING,10.7,3.7,3.4,8.8
15053,0.5379,0,NORMAL,10.6,3.4,3.1,8.4
15054,1.0,0,ANOMALY,12.6,16.5,3.0,8.8
15055,0.6132,0,WARNING,10.6,2.5,3.4,8.8
15056,0.502,0,NORMAL,10.7,3.0,10.7,13.1
15057,0.9723,0,WARNING,9.7,9.5,5.2,9.6
15058,0.3384,0,NORMAL,7.7,3.1,3.2,8.0
15059,0.3387,0,NORMAL,7.7,1.9,2.9,7.9
15060,0.1385,0,NORMAL,7.7,3.0,2.5,6.6
15061,0.4965,0,NORMAL,7.8,3.5,10.4,13.2
15062,0.6135,0,WARNING,7.6,2.4,4.3,8.4
15063,0.6467,0,WARNING,7.8,2.3,2.7,8.4
15064,1.0,0,ANOMALY,10.4,17.3,3.0,8.4
15065,0.3084,0,NORMAL,7.7,2.6,2.5,6.6
15066,0.4915,0,NORMAL,7.8,2.9,10.1,12.5
15067,0.3126,0,NORMAL,7.7,2.7,3.2,7.6
15068,0.3954,0,NORMAL,7.7,2.8,2.6,8.9
15069,0.4474,0,NORMAL,7.6,2.8,3.0,9.2
15070,0.9958,0,WARNING,7.6,2.4,2.7,10.3
15071,0.5017,0,NORMAL,7.8,3.9,10.5,14.0
15072,0.5376,0,NORMAL,7.7,2.6,4.8,8.1
15073,0.3088,0,NORMAL,7.7,2.2,2.9,6.0
15074,1.0,0,ANOMALY,11.1,19.0,2.6,6.6
15075,0.4937,0,NORMAL,7.7,3.0,2.3,7.6
15076,0.4915,0,NORMAL,7.7,2.8,10.2,12.9
15077,0.3951,0,NORMAL,7.7,3.2,4.5,8.7
15078,0.1674,0,NORMAL,7.7,2.7,2.6,7.2
15079,0.2168,0,NORMAL,7.7,1.8,2.1,5.5
15080,0.3055,0,NORMAL,7.7,2.3,2.1,7.1
15081,0.4964,0,NORMAL,7.8,3.1,10.3,12.8
15082,0.8383,0,WARNING,7.9,3.5,4.1,7.2
15083,0.2614,0,NORMAL,7.8,2.9,2.3,6.9
15084,0.9978,0,WARNING,9.3,15.4,2.0,5.6
15085,0.2839,0,NORMAL,7.8,2.8,1.9,6.3
15086,0.5937,0,NORMAL,7.9,3.1,10.3,12.8
15087,0.447,0,NORMAL,7.9,3.0,4.3,7.3
15088,0.3385,0,NORMAL,7.8,2.8,2.4,6.8
15089,0.3774,0,NORMAL,7.8,2.8,2.2,6.4
15090,0.7057,0,WARNING,7.8,3.6,2.1,5.6
15091,0.3192,0,NORMAL,7.8,2.8,6.9,9.1
15092,0.2088,0,NORMAL,7.8,2.3,4.9,8.4
15093,0.1282,0,NORMAL,7.8,2.1,2.4,6.5
15094,1.0,0,ANOMALY,11.3,18.9,2.2,6.9
15095,0.3814,0,NORMAL,7.8,3.0,1.8,5.4
15096,0.2156,0,NORMAL,7.8,2.4,4.2,7.0
15097,0.3803,0,NORMAL,7.9,2.6,7.7,9.3
15098,0.1007,0,NORMAL,7.8,2.2,3.2,5.8
15099,0.2947,0,NORMAL,7.8,2.6,3.2,5.8
15100,0.9982,0,WARNING,7.8,1.8,3.5,8.9
15101,0.3075,0,NORMAL,7.8,2.1,3.4,5.6
15102,0.5555,0,NORMAL,7.9,2.8,11.1,11.0
15103,0.3095,0,NORMAL,7.8,2.2,3.7,5.7
15104,1.0,0,ANOMALY,10.6,17.2,3.4,5.5
15105,0.1908,0,NORMAL,7.8,2.1,3.4,5.6
15106,0.103,0,NORMAL,7.9,1.8,3.4,5.7
15107,0.5648,0,NORMAL,8.0,3.0,11.2,11.0
15108,0.3384,0,NORMAL,7.9,2.7,3.5,6.6
15109,0.107,0,NORMAL,7.9,1.8,2.2,6.0
15110,0.1162,0,NORMAL,7.9,2.1,1.9,5.4
15111,0.3063,0,NORMAL,7.9,2.7,1.7,5.3
15112,0.4858,0,NORMAL,7.9,2.7,9.5,10.7
15113,0.3385,0,NORMAL,7.9,1.6,2.0,6.2
15114,1.0,0,ANOMALY,10.7,17.0,1.5,4.0
15115,0.2211,0,NORMAL,7.9,2.7,1.7,5.2
15116,0.1501,0,NORMAL,7.9,1.8,1.5,5.2
15117,0.4859,0,NORMAL,7.9,3.1,9.7,11.1
15118,0.3385,0,NORMAL,7.9,2.7,2.0,6.5
15119,0.3883,0,NORMAL,7.9,2.3,1.8,5.1
15120,0.3065,0,NORMAL,8.0,2.7,1.6,5.1
15121,0.303,0,NORMAL,8.0,3.1,2.3,6.5
15122,0.5218,0,NORMAL,8.2,3.7,11.5,11.9
15123,0.3481,0,NORMAL,8.4,3.4,3.6,6.7
15124,1.0,0,ANOMALY,10.3,17.1,1.8,5.2
15125,0.2755,0,NORMAL,8.2,2.4,1.7,6.2
15126,0.2166,0,NORMAL,8.2,1.9,1.9,6.0
15127,0.5802,0,NORMAL,8.3,3.7,10.2,10.7
15128,0.389,0,NORMAL,8.1,2.3,3.5,5.1
15129,0.2767,0,NORMAL,8.1,2.2,1.9,6.1
15130,0.9923,0,WARNING,8.1,1.7,2.0,9.2
15131,0.3953,0,NORMAL,8.1,2.3,2.5,7.3
15132,0.4911,0,NORMAL,8.3,4.4,10.6,11.5
15133,0.8396,0,WARNING,8.3,3.3,3.8,5.3
15134,1.0,0,ANOMALY,11.0,18.2,2.1,5.5
15135,0.3859,0,NORMAL,8.1,2.7,2.4,6.0
15136,0.2087,0,NORMAL,8.1,2.0,2.9,7.0
15137,0.5777,0,NORMAL,8.4,3.1,11.2,13.4
15138,0.6136,0,WARNING,8.4,3.4,5.8,8.7
15139,0.9698,0,WARNING,8.7,4.1,2.4,6.6
15140,0.5379,0,NORMAL,8.4,1.4,2.0,6.8
15141,0.2061,0,NORMAL,8.3,1.9,1.9,5.5
15142,0.3121,0,NORMAL,8.4,2.4,6.8,8.4
15143,0.3073,0,NORMAL,8.3,2.0,5.2,6.8
15144,1.0,0,WARNING,10.2,15.3,1.6,5.2
15145,0.3378,0,NORMAL,8.3,2.1,1.9,6.3
15146,0.2766,0,NORMAL,8.3,2.5,2.0,6.1
15147,0.4947,0,NORMAL,8.3,2.2,4.3,8.3
15148,0.538,0,NORMAL,8.3,2.1,8.4,10.7
15149,0.2086,0,NORMAL,8.3,2.3,2.3,6.1
15150,0.5776,0,NORMAL,8.3,1.5,2.6,7.1
15151,0.308,0,NORMAL,8.3,1.8,5.7,6.2
15152,0.4946,0,NORMAL,8.3,1.6,3.7,7.0
15153,0.6138,0,WARNING,8.4,2.3,11.8,13.4
15154,1.0,0,ANOMALY,11.2,17.4,3.0,7.5
15155,0.4936,0,NORMAL,8.5,2.5,3.0,7.6
15156,0.5773,0,NORMAL,8.5,2.2,4.1,8.5
15157,0.4812,0,NORMAL,8.7,3.6,2.8,5.6
15158,0.9615,0,WARNING,9.0,5.8,9.9,10.3
15159,0.3792,0,NORMAL,8.6,2.8,1.9,6.1
15160,0.9923,0,WARNING,8.6,2.2,2.1,9.0
15161,0.377,0,NORMAL,8.6,1.6,1.4,5.1
15162,0.6139,0,WARNING,8.6,2.0,2.2,7.2
15163,0.5777,0,NORMAL,8.6,2.6,10.2,12.2
15164,1.0,0,ANOMALY,11.9,17.6,3.8,6.8
15165,0.378,0,NORMAL,8.6,1.8,2.1,6.1
15166,0.3641,0,NORMAL,8.6,2.3,1.7,5.8
15167,0.4948,0,NORMAL,8.6,2.0,1.7,6.4
15168,0.4806,0,NORMAL,8.7,2.6,10.2,11.6
15169,0.3456,0,NORMAL,8.6,3.3,3.4,4.9
15170,0.6468,0,WARNING,8.6,2.8,2.0,7.2
15171,0.5776,0,NORMAL,8.7,2.1,2.0,6.8
15172,0.3107,0,NORMAL,8.6,2.2,2.0,5.6
15173,0.4804,0,NORMAL,8.6,2.5,9.9,10.2
15174,1.0,0,ANOMALY,11.2,17.1,1.4,4.6
15175,0.306,0,NORMAL,8.6,2.2,1.5,4.6
15176,0.2758,0,NORMAL,8.6,1.4,1.6,4.8
15177,0.339,0,NORMAL,8.6,1.7,1.5,6.3
15178,0.5778,0,NORMAL,8.7,3.1,10.5,13.7
15179,0.6834,0,WARNING,8.9,5.6,3.4,8.1
15180,0.5377,0,NORMAL,8.6,2.7,2.4,7.4
15181,0.4473,0,NORMAL,8.6,1.6,1.7,6.2
15182,0.9999,0,WARNING,8.5,1.7,1.8,6.7
15183,0.4695,0,NORMAL,8.6,4.2,10.2,10.3
15184,0.9994,0,WARNING,9.7,16.0,3.5,5.7
15185,0.613,0,WARNING,8.6,2.2,2.3,7.1
15186,0.2764,0,NORMAL,8.6,2.0,2.9,6.7
15187,0.2767,0,NORMAL,8.6,2.4,2.2,5.1
15188,0.5221,0,NORMAL,8.7,3.0,11.5,11.1
15189,0.4731,0,NORMAL,8.7,2.9,6.6,7.1
15190,0.9923,0,WARNING,8.7,1.4,2.6,9.4
15191,0.4683,0,NORMAL,8.8,2.6,5.0,6.9
15192,0.6603,0,WARNING,8.7,3.8,7.1,7.0
15193,0.7437,0,WARNING,8.9,4.4,12.9,12.1
15194,1.0,0,ANOMALY,10.8,17.8,10.7,10.0
15195,0.565,0,NORMAL,8.8,2.9,6.0,8.0
15196,0.4172,0,NORMAL,8.8,2.0,3.9,6.2
15197,0.4433,0,NORMAL,8.9,2.0,4.0,6.4
15198,0.5063,0,NORMAL,8.9,2.8,8.1,9.6
15199,0.5853,0,NORMAL,9.0,4.1,13.2,12.4
15200,0.6466,0,WARNING,8.9,2.9,6.9,9.4
15201,0.5377,0,NORMAL,8.8,2.5,6.5,8.7
15202,0.3811,0,NORMAL,8.8,2.7,4.0,6.4
15203,0.3551,0,NORMAL,8.8,1.8,1.7,5.0
15204,0.9969,0,WARNING,10.2,15.2,10.0,11.4
15205,0.5371,0,NORMAL,8.8,1.5,1.8,6.4
15206,0.3953,0,NORMAL,8.8,1.7,1.9,6.5
15207,0.647,0,WARNING,8.8,1.5,2.2,7.7
15208,0.4948,0,NORMAL,8.7,1.9,2.2,7.2
15209,0.4805,0,NORMAL,8.7,2.9,10.2,11.0
15210,0.2848,0,NORMAL,8.7,2.1,2.4,4.4
15211,0.2577,0,NORMAL,8.7,1.4,1.4,4.5
15212,0.2416,0,NORMAL,8.7,2.0,1.6,5.7
15213,0.4475,0,NORMAL,8.7,2.2,1.7,7.3
15214,1.0,0,ANOMALY,10.9,17.3,10.2,13.0
15215,0.6764,0,WARNING,8.7,2.2,3.6,7.1
15216,0.3949,0,NORMAL,8.7,1.8,2.1,5.9
15217,0.9999,0,WARNING,8.5,1.3,1.7,5.6
15218,0.1887,0,NORMAL,8.7,2.2,1.7,5.3
15219,0.475,0,NORMAL,8.7,3.5,9.9,10.0
15220,0.9963,0,WARNING,8.7,2.1,1.4,8.1
15221,0.3304,0,NORMAL,8.6,2.1,1.5,5.5
15222,0.2091,0,NORMAL,8.7,1.8,3.3,6.1
15223,0.4111,0,NORMAL,8.8,4.0,4.3,5.4
15224,1.0,0,ANOMALY,11.8,18.1,12.4,10.5
15225,0.4845,0,NORMAL,8.8,2.9,3.7,4.9
15226,0.2604,0,NORMAL,8.8,2.3,1.6,4.6
15227,0.3316,0,NORMAL,8.8,2.8,1.8,5.5
15228,0.3808,0,NORMAL,8.8,3.3,1.9,6.0
15229,0.4751,0,NORMAL,8.8,2.5,9.7,11.0
15230,0.6136,0,WARNING,8.8,1.9,2.2,7.5
15231,0.6138,0,WARNING,8.8,1.3,2.1,6.8
15232,0.6139,0,WARNING,8.8,2.0,2.0,7.1
15233,0.9999,0,WARNING,9.1,5.2,2.1,6.8
15234,1.0,0,WARNING,10.6,15.7,10.3,11.5
15235,0.4127,0,NORMAL,8.8,2.1,3.1,4.4
15236,0.3382,0,NORMAL,8.8,2.4,1.6,5.6
15237,0.4947,0,NORMAL,8.8,1.8,2.4,6.6
15238,0.4475,0,NORMAL,8.8,2.5,2.6,6.2
15239,0.9552,0,WARNING,9.5,7.3,9.9,10.1
15240,0.3053,0,NORMAL,8.8,1.5,3.2,4.6
15241,0.2134,0,NORMAL,8.8,2.0,1.3,4.3
15242,0.2041,0,NORMAL,8.8,1.4,1.3,4.4
15243,0.2104,0,NORMAL,8.8,1.7,1.4,5.3
15244,1.0,0,ANOMALY,11.7,17.9,6.8,9.6
15245,0.4182,0,NORMAL,8.8,2.8,5.7,6.7
15246,0.2183,0,NORMAL,8.8,1.8,1.4,4.2
15247,0.1909,0,NORMAL,8.8,1.3,1.2,4.6
15248,0.2771,0,NORMAL,8.8,1.8,1.4,5.5
15249,0.5382,0,NORMAL,8.8,2.5,4.3,7.9
15250,0.9977,0,WARNING,8.8,2.0,8.4,12.5
15251,0.4782,0,NORMAL,8.8,2.0,2.2,5.8
15252,0.3386,0,NORMAL,8.8,2.6,4.1,7.4
15253,0.3079,0,NORMAL,8.8,2.3,5.7,6.0
15254,0.9966,0,WARNING,10.2,14.8,5.9,5.6
15255,0.654,0,WARNING,8.9,3.0,14.1,10.8
15256,0.2713,0,NORMAL,8.8,2.5,5.9,5.5
15257,0.447,0,NORMAL,8.8,3.0,2.7,6.2
15258,0.9999,0,WARNING,8.7,2.0,1.6,5.9
15259,0.9999,0,WARNING,8.7,2.0,1.8,6.3
15260,0.5269,0,NORMAL,8.8,3.2,11.3,11.4
15261,0.3107,0,NORMAL,8.8,1.2,5.8,5.4
15262,0.5551,0,NORMAL,8.9,2.1,5.9,5.4
15263,0.2605,0,NORMAL,8.8,2.2,5.8,5.4
15264,0.9969,0,WARNING,9.8,14.4,5.8,5.5
15265,0.654,0,WARNING,8.9,3.1,14.1,11.3
15266,0.3176,0,NORMAL,8.8,1.6,6.9,6.5
15267,0.3383,0,NORMAL,8.8,2.6,6.5,7.7
15268,0.2761,0,NORMAL,8.8,2.2,6.1,5.7
15269,0.3866,0,NORMAL,8.8,2.4,5.4,5.3
15270,0.538,0,NORMAL,8.8,2.5,10.8,11.6
15271,0.447,0,NORMAL,8.8,2.2,3.6,6.0
15272,0.3386,0,NORMAL,8.8,2.3,2.3,5.7
15273,0.3389,0,NORMAL,8.8,1.9,1.9,5.5
15274,1.0,0,WARNING,10.6,15.3,1.5,4.4
15275,0.4755,0,NORMAL,8.9,3.0,9.9,9.6
15276,0.2825,0,NORMAL,8.8,1.6,1.4,4.4
15277,0.9999,0,WARNING,8.8,2.9,1.2,4.7
15278,0.5569,0,NORMAL,8.9,2.8,1.9,5.8
15279,0.5327,0,NORMAL,8.9,3.7,1.6,5.4
15280,0.9923,0,WARNING,8.9,4.5,10.6,14.6
15281,0.5252,0,NORMAL,8.9,3.5,3.4,4.9
15282,0.42,0,NORMAL,8.9,3.2,1.6,5.1
15283,0.9999,0,WARNING,8.8,2.1,1.5,4.8
15284,0.9985,0,WARNING,10.5,16.6,1.5,4.8
15285,0.4755,0,NORMAL,8.9,3.1,10.2,10.9
15286,0.2853,0,NORMAL,8.9,2.4,1.6,4.7
15287,0.9999,0,WARNING,8.8,1.5,1.4,5.4
15288,0.5382,0,NORMAL,8.9,1.7,1.5,6.1
15289,0.4475,0,NORMAL,8.9,1.9,1.6,5.8
15290,0.5382,0,NORMAL,8.9,2.4,10.2,11.5
15291,0.9999,0,WARNING,8.8,1.7,3.5,5.5
15292,0.1955,0,NORMAL,8.9,1.5,1.4,4.2
15293,0.9999,0,WARNING,8.7,1.3,1.3,4.2
15294,1.0,0,ANOMALY,11.5,16.5,1.2,4.2
15295,0.3053,0,NORMAL,8.9,2.2,6.7,7.8
15296,0.2189,0,NORMAL,8.9,1.9,4.9,4.9
15297,0.2088,0,NORMAL,8.9,2.1,1.6,5.3
15298,0.277,0,NORMAL,8.9,2.3,2.3,6.3
15299,0.3956,0,NORMAL,8.9,2.8,3.9,7.2
15300,0.3882,0,NORMAL,8.9,2.0,6.5,8.2
15301,0.5367,0,NORMAL,8.9,3.1,11.8,11.5
15302,0.4468,0,NORMAL,8.9,2.8,4.4,7.2
15303,0.4471,0,NORMAL,8.9,1.5,2.2,6.0
15304,1.0,0,ANOMALY,11.0,15.9,3.0,7.1
15305,0.5373,0,NORMAL,8.9,2.2,2.9,6.8
15306,0.4754,0,NORMAL,8.9,2.5,10.5,11.0
15307,0.4943,0,NORMAL,8.9,2.0,2.3,6.0
15308,0.9999,0,WARNING,8.8,1.9,2.0,6.0
15309,0.4475,0,NORMAL,8.9,2.3,2.0,5.8
15310,0.9989,0,WARNING,8.9,1.9,1.7,7.6
15311,0.5268,0,NORMAL,8.9,2.6,11.0,11.1
15312,0.5773,0,NORMAL,8.9,2.2,4.5,8.3
15313,0.3386,0,NORMAL,8.9,1.3,3.2,6.1
15314,1.0,0,ANOMALY,11.2,15.8,1.5,5.0
15315,0.7854,0,WARNING,9.2,2.7,1.6,6.0
15316,0.4807,0,NORMAL,9.0,2.7,10.2,9.8
15317,0.4495,0,NORMAL,9.1,1.8,3.2,5.4
15318,0.4472,0,NORMAL,9.0,2.2,1.9,7.1
15319,0.2826,0,NORMAL,9.0,2.1,1.6,5.9
15320,0.647,0,WARNING,9.0,1.7,2.0,7.9
15321,0.6139,0,WARNING,9.0,3.4,10.8,13.1
15322,0.5773,0,NORMAL,9.0,2.6,3.8,7.6
15323,0.4944,0,NORMAL,9.0,1.9,2.2,7.3
15324,1.0,0,ANOMALY,11.4,16.8,2.2,6.8
15325,0.221,0,NORMAL,9.0,2.2,1.8,5.3
15326,0.4753,0,NORMAL,9.0,2.6,9.9,9.6
15327,0.187,0,NORMAL,9.0,1.6,1.4,4.5
15328,0.2475,0,NORMAL,9.0,2.3,1.4,4.9
15329,0.1543,0,NORMAL,9.0,2.0,1.6,5.3
15330,0.1812,0,NORMAL,9.0,1.6,1.4,4.3
15331,0.5066,0,NORMAL,9.0,3.1,10.7,10.6
15332,0.6467,0,WARNING,9.0,2.7,4.6,8.9
15333,0.7047,0,WARNING,9.0,1.7,3.9,8.3
15334,1.0,0,ANOMALY,11.4,15.9,2.2,7.0
15335,0.6131,0,WARNING,9.0,1.5,2.0,6.7
15336,0.6136,0,WARNING,9.0,2.8,11.1,12.5
15337,0.4469,0,NORMAL,9.0,2.2,3.6,6.0
15338,0.1136,0,NORMAL,9.0,2.0,1.7,4.9
15339,0.1904,0,NORMAL,9.0,2.9,1.9,4.9
15340,0.9959,0,WARNING,9.0,3.2,1.7,7.8
15341,0.6468,0,WARNING,9.1,2.6,9.3,11.4
15342,0.6467,0,WARNING,9.0,2.3,4.9,8.0
15343,0.1138,0,NORMAL,9.0,1.8,1.7,4.7
15344,1.0,0,ANOMALY,11.8,17.3,1.3,6.0
15345,0.4939,0,NORMAL,9.0,1.8,1.7,6.4
15346,0.6137,0,WARNING,9.0,2.4,7.2,10.4
15347,0.453,0,NORMAL,9.1,2.9,11.1,13.1
15348,0.3117,0,NORMAL,9.2,2.2,5.2,8.8
15349,0.329,0,NORMAL,9.1,3.8,3.6,7.2
15350,0.4222,0,NORMAL,9.1,2.5,2.8,8.0
15351,0.3039,0,NORMAL,9.1,2.7,4.7,9.0
15352,0.6345,0,WARNING,9.2,4.7,9.8,13.3
15353,0.4578,0,NORMAL,9.1,3.1,2.3,7.8
15354,0.9978,0,WARNING,10.2,14.2,2.0,8.2
15355,0.6133,0,WARNING,9.0,2.4,2.4,7.7
15356,0.2178,0,NORMAL,9.0,2.5,1.9,5.0
15357,0.4752,0,NORMAL,9.0,3.7,10.5,10.3
15358,0.9999,0,WARNING,9.0,2.2,1.4,5.7
15359,0.4947,0,NORMAL,9.1,2.0,1.6,6.3
15360,0.9999,0,WARNING,9.0,1.8,1.6,6.6
15361,0.9999,0,WARNING,9.0,1.8,1.9,7.3
15362,0.6139,0,WARNING,9.1,3.4,10.9,12.2
15363,0.9999,0,WARNING,9.0,2.5,2.4,6.2
15364,1.0,0,ANOMALY,11.9,17.4,2.0,6.3
15365,0.5372,0,NORMAL,9.2,2.1,1.6,6.5
15366,0.5378,0,NORMAL,9.1,2.2,2.2,7.2
15367,0.5018,0,NORMAL,9.0,3.3,11.1,12.0
15368,0.3219,0,NORMAL,9.1,1.3,3.7,5.3
15369,0.1446,0,NORMAL,9.1,1.9,2.0,4.7
15370,0.9875,0,WARNING,9.1,1.7,1.4,7.9
15371,0.3922,0,NORMAL,9.3,2.7,3.7,5.7
15372,0.475,0,NORMAL,9.7,3.8,10.1,10.3
15373,0.4561,0,NORMAL,9.6,1.7,1.4,5.2
15374,0.9967,0,WARNING,10.8,15.1,1.4,4.8
15375,0.4645,0,NORMAL,9.5,2.6,1.3,4.5
15376,0.4255,0,NORMAL,9.5,2.0,1.3,4.7
15377,0.5318,0,NORMAL,9.6,3.6,11.1,10.7
15378,0.527,0,NORMAL,9.5,2.2,4.4,7.2
15379,0.3942,0,NORMAL,9.5,2.1,4.6,6.5
15380,0.3821,0,NORMAL,9.5,1.8,4.1,6.8
15381,0.9999,0,WARNING,9.4,1.5,2.1,7.1
15382,0.6469,0,WARNING,9.5,2.5,10.8,12.4
15383,0.3839,0,NORMAL,9.5,1.5,3.6,5.7
15384,1.0,0,ANOMALY,12.3,18.0,1.6,5.4
15385,0.5372,0,NORMAL,9.5,3.0,1.7,6.4
15386,0.6468,0,WARNING,9.5,2.5,2.2,6.9
15387,0.5018,0,NORMAL,9.5,3.3,11.3,11.5
15388,0.6136,0,WARNING,9.5,1.4,4.1,6.8
15389,0.6468,0,WARNING,9.5,1.9,2.0,6.9
15390,0.3246,0,NORMAL,9.5,1.4,1.5,5.0
15391,0.5777,0,NORMAL,9.4,1.2,1.9,6.7
15392,0.6773,0,WARNING,9.5,2.6,9.4,11.4
15393,0.677,0,WARNING,9.5,2.1,5.5,8.3
15394,1.0,0,ANOMALY,12.3,17.9,2.6,6.7
15395,0.3139,0,NORMAL,9.4,1.3,1.9,4.8
15396,0.3121,0,NORMAL,9.4,1.4,1.3,4.6
15397,0.3106,0,NORMAL,9.5,2.7,5.8,7.8
15398,0.2987,0,NORMAL,9.4,1.6,6.0,7.8
15399,0.2932,0,NORMAL,9.4,1.7,1.8,5.6
15400,0.9958,0,WARNING,9.4,2.2,2.1,9.3
15401,0.4471,0,NORMAL,9.5,1.7,2.3,6.1
15402,0.6138,0,WARNING,9.5,1.9,4.1,8.0
15403,0.6138,0,WARNING,9.4,2.4,9.0,10.9
15404,1.0,0,ANOMALY,12.9,18.4,1.7,5.1
15405,0.3113,0,NORMAL,9.4,2.0,1.4,4.6
15406,0.2505,0,NORMAL,9.4,1.5,1.3,4.8
15407,0.299,0,NORMAL,9.4,1.9,1.5,5.4
15408,0.705,0,WARNING,9.5,3.1,13.2,14.7
15409,0.4469,0,NORMAL,9.4,2.1,5.1,8.3
15410,0.2535,0,NORMAL,9.4,1.5,3.1,5.7
15411,0.2299,0,NORMAL,9.4,1.7,3.2,6.5
15412,0.4947,0,NORMAL,9.6,2.3,4.1,7.4
15413,0.6138,0,WARNING,9.9,3.5,12.5,12.8
15414,1.0,0,ANOMALY,12.3,16.6,3.3,6.0
15415,0.6462,0,WARNING,9.9,2.8,2.3,7.1
15416,0.6136,0,WARNING,9.8,2.0,2.4,7.0
15417,0.9999,0,WARNING,9.7,2.0,2.3,7.8
15418,0.4981,0,NORMAL,9.8,2.5,11.0,12.1
15419,0.501,0,NORMAL,9.8,2.2,3.5,6.2
15420,0.4946,0,NORMAL,9.7,1.5,1.8,6.4
15421,0.647,0,WARNING,9.7,1.5,2.2,7.1
15422,0.5381,0,NORMAL,9.7,1.8,2.4,6.8
15423,0.8458,0,WARNING,9.9,4.6,11.3,11.7
15424,1.0,0,ANOMALY,13.2,18.4,3.1,5.1
15425,0.456,0,NORMAL,9.7,2.0,1.7,5.9
15426,0.4439,0,NORMAL,9.7,3.3,2.7,6.1
15427,0.4324,0,NORMAL,9.7,1.9,2.4,5.1
15428,0.5171,0,NORMAL,9.8,3.2,11.1,11.8
15429,0.7047,0,WARNING,9.7,2.2,5.3,9.0
15430,0.9947,0,WARNING,9.7,2.0,4.1,9.9
15431,0.4285,0,NORMAL,9.7,1.8,2.0,5.1
15432,0.4214,0,NORMAL,9.7,2.0,1.6,5.0
15433,0.4911,0,NORMAL,9.7,2.5,10.7,11.2
15434,1.0,0,ANOMALY,12.4,17.3,2.4,6.7
15435,0.5371,0,NORMAL,9.7,2.6,2.2,6.6
15436,0.5137,0,NORMAL,9.8,3.4,2.0,5.8
15437,0.3956,0,NORMAL,9.7,2.0,1.7,6.1
15438,0.4751,0,NORMAL,9.8,2.9,10.7,11.4
15439,0.3531,0,NORMAL,9.7,1.6,3.2,4.9
15440,0.3449,0,NORMAL,9.7,2.0,1.7,5.3
15441,0.3373,0,NORMAL,9.6,1.5,1.6,4.9
15442,0.3362,0,NORMAL,9.7,2.2,1.6,4.9
15443,0.4113,0,NORMAL,9.7,2.7,8.9,9.2
15444,1.0,0,ANOMALY,12.0,16.9,2.8,5.8
15445,0.34,0,NORMAL,9.7,1.9,1.3,4.9
15446,0.6831,0,WARNING,9.7,2.5,1.4,5.4
15447,0.3045,0,NORMAL,9.6,2.1,1.3,4.9
15448,0.2966,0,NORMAL,9.7,2.6,6.7,7.9
15449,0.2988,0,NORMAL,9.7,2.2,6.1,8.6
15450,0.3094,0,NORMAL,9.7,2.1,3.5,6.9
15451,0.3084,0,NORMAL,9.7,1.9,6.1,8.1
15452,0.2515,0,NORMAL,9.6,2.0,4.0,5.6
15453,0.3678,0,NORMAL,9.7,2.2,5.5,6.9
15454,1.0,0,ANOMALY,12.2,17.8,10.4,9.7
15455,0.4391,0,NORMAL,9.6,1.7,3.4,5.8
15456,0.252,0,NORMAL,9.6,1.4,3.1,5.3
15457,0.2372,0,NORMAL,9.6,2.4,3.1,5.4
15458,0.4474,0,NORMAL,9.6,1.8,2.2,6.4
15459,0.4912,0,NORMAL,9.6,3.1,11.0,11.5
15460,0.9982,0,WARNING,9.7,2.2,3.4,10.3
15461,0.352,0,NORMAL,9.7,1.6,3.1,6.1
15462,0.3954,0,NORMAL,9.7,1.6,2.3,5.8
15463,0.9999,0,WARNING,9.6,1.3,1.4,3.7
15464,1.0,0,ANOMALY,11.9,17.3,10.1,9.2
15465,0.9999,0,WARNING,9.5,1.5,1.3,4.2
15466,0.2434,0,NORMAL,9.6,2.0,1.9,5.2
15467,0.3861,0,NORMAL,9.6,2.3,3.9,6.4
15468,0.277,0,NORMAL,9.6,2.1,4.9,8.2
15469,0.7533,0,WARNING,9.7,3.2,14.4,15.3
15470,0.6465,0,WARNING,9.6,2.4,6.7,9.4
15471,0.2532,0,NORMAL,9.6,2.3,6.1,7.3
15472,0.2452,0,NORMAL,9.6,2.1,5.8,8.6
15473,0.6137,0,WARNING,9.6,2.8,5.7,9.5
15474,1.0,0,ANOMALY,12.1,18.8,14.5,14.3
15475,0.4922,0,NORMAL,9.5,2.1,5.5,6.8
15476,0.1584,0,NORMAL,9.6,1.6,4.2,6.6
15477,0.2053,0,NORMAL,9.5,3.1,5.2,7.6
15478,0.4473,0,NORMAL,9.6,2.3,5.3,8.9
15479,0.6392,0,WARNING,9.7,3.6,14.7,14.3
15480,0.3034,0,NORMAL,9.6,2.5,7.3,7.7
15481,0.395,0,NORMAL,9.6,1.7,4.2,7.8
15482,0.4946,0,NORMAL,9.6,1.4,3.4,7.3
15483,0.3956,0,NORMAL,9.6,1.8,1.9,6.3
15484,0.9997,0,WARNING,11.3,16.5,10.9,12.3
15485,0.613,0,WARNING,9.6,2.3,3.9,7.1
15486,0.6135,0,WARNING,9.7,2.4,2.0,7.3
15487,0.3955,0,NORMAL,9.6,2.7,2.0,6.4
15488,0.6139,0,WARNING,9.6,1.1,2.2,7.2
15489,0.5381,0,NORMAL,9.6,3.1,11.0,12.3
15490,0.9974,0,WARNING,9.6,2.0,4.0,10.5
15491,0.3553,0,NORMAL,9.6,1.9,2.1,5.7
15492,0.3954,0,NORMAL,9.6,1.9,1.9,6.5
15493,0.5777,0,NORMAL,9.5,2.4,2.3,7.2
15494,1.0,0,ANOMALY,12.4,18.1,11.2,10.6
15495,0.4772,0,NORMAL,9.6,2.7,6.7,7.9
15496,0.1974,0,NORMAL,9.6,2.1,4.6,7.8
15497,0.3825,0,NORMAL,9.6,2.8,6.4,8.1
15498,0.4747,0,NORMAL,9.5,1.8,5.7,7.4
15499,0.4178,0,NORMAL,9.6,3.0,9.4,8.9
15500,0.3406,0,NORMAL,9.5,3.0,8.8,8.4
15501,0.0975,0,NORMAL,9.6,2.0,3.1,5.6
15502,0.4947,0,NORMAL,9.6,2.2,2.5,7.0
15503,0.5777,0,NORMAL,9.6,2.4,2.4,7.1
15504,0.997,0,WARNING,10.9,15.0,4.4,7.4
15505,0.387,0,NORMAL,9.6,2.9,9.1,10.1
15506,0.3093,0,NORMAL,9.6,1.8,1.7,5.7
15507,0.1819,0,NORMAL,9.6,2.2,2.1,6.0
15508,0.4948,0,NORMAL,9.6,1.4,2.9,7.2
15509,0.3956,0,NORMAL,9.6,2.3,2.8,6.8
15510,0.537,0,NORMAL,9.7,3.5,12.3,13.5
15511,0.6135,0,WARNING,9.6,2.1,4.7,9.1
15512,0.447,0,NORMAL,9.6,2.4,3.5,8.5
15513,0.3924,0,NORMAL,9.6,3.3,3.8,7.9
15514,1.0,0,ANOMALY,12.4,17.7,3.0,6.2
15515,0.4917,0,NORMAL,9.6,3.6,11.0,11.6
15516,0.2707,0,NORMAL,9.6,1.9,3.0,5.8
15517,0.15,0,NORMAL,9.6,2.8,2.1,5.9
15518,0.2949,0,NORMAL,9.6,2.3,1.9,5.6
15519,0.1432,0,NORMAL,9.6,2.5,1.9,5.8
15520,0.9971,0,WARNING,9.7,3.4,10.9,15.0
15521,0.5374,0,NORMAL,9.6,2.0,2.4,7.2
15522,0.3386,0,NORMAL,9.6,1.9,2.8,6.7
15523,0.6469,0,WARNING,9.6,2.3,2.9,7.9
15524,0.9972,0,WARNING,10.9,14.5,2.5,7.6
15525,0.4968,0,NORMAL,9.7,3.6,11.4,11.5
15526,0.2941,0,NORMAL,9.5,2.2,4.0,5.8
15527,0.114,0,NORMAL,9.5,1.7,2.2,5.7
15528,0.113,0,NORMAL,9.5,1.7,2.0,5.8
15529,0.3859,0,NORMAL,9.5,2.2,2.0,6.3
15530,0.4858,0,NORMAL,9.6,2.9,11.0,12.3
15531,0.5377,0,NORMAL,9.6,1.8,4.0,7.5
15532,0.2087,0,NORMAL,9.6,2.1,2.3,6.5
15533,0.1968,0,NORMAL,9.6,2.2,2.2,6.1
15534,1.0,0,ANOMALY,12.2,17.1,2.1,6.9
15535,0.5372,0,NORMAL,9.6,3.4,11.3,13.2
15536,0.6465,0,WARNING,9.6,2.2,4.3,8.1
15537,0.5773,0,NORMAL,9.6,2.0,2.9,8.1
15538,0.2185,0,NORMAL,9.6,2.3,3.0,6.8
15539,0.4947,0,NORMAL,9.6,2.8,3.2,8.2
15540,0.6772,0,WARNING,9.7,2.6,3.8,8.9
15541,0.4947,0,NORMAL,9.6,2.5,3.1,7.9
15542,0.5776,0,NORMAL,9.7,3.2,11.9,13.7
15543,0.5772,0,NORMAL,9.6,2.1,4.8,8.3
15544,0.9974,0,WARNING,11.3,14.7,3.3,8.7
15545,0.3377,0,NORMAL,9.7,2.5,3.0,7.4
15546,0.6136,0,WARNING,9.8,2.8,3.7,8.7
15547,0.538,0,NORMAL,9.8,4.6,12.4,13.6
15548,0.284,0,NORMAL,9.7,2.0,4.6,6.9
15549,0.1152,0,NORMAL,9.7,2.2,2.6,6.7
15550,0.9963,0,WARNING,9.7,2.2,2.5,9.6
15551,0.2887,0,NORMAL,9.7,2.2,2.8,6.6
15552,0.517,0,NORMAL,9.8,3.1,11.7,12.3
15553,0.5687,0,NORMAL,9.8,3.6,4.5,7.6
15554,1.0,0,ANOMALY,13.4,18.6,2.8,7.6
15555,0.613,0,WARNING,9.7,2.7,3.6,8.7
15556,0.6136,0,WARNING,9.7,1.8,3.2,8.4
15557,0.5064,0,NORMAL,9.8,3.8,11.8,13.3
15558,0.5773,0,NORMAL,9.7,1.9,4.7,8.5
15559,0.1121,0,NORMAL,9.7,2.0,3.0,6.9
15560,0.3066,0,NORMAL,9.7,2.1,2.7,7.0
15561,0.2158,0,NORMAL,9.7,2.1,2.8,7.3
15562,0.517,0,NORMAL,9.9,3.1,11.9,12.5
15563,0.395,0,NORMAL,9.8,2.2,4.8,8.3
15564,1.0,0,ANOMALY,12.9,18.4,3.2,8.4
15565,0.613,0,WARNING,9.7,2.4,3.4,9.0
15566,0.3951,0,NORMAL,9.7,2.0,3.7,8.2
15567,0.4946,0,NORMAL,9.8,3.2,10.2,12.6
15568,0.3385,0,NORMAL,9.7,2.3,6.9,9.3
15569,0.3091,0,NORMAL,9.7,2.7,3.3,7.1
15570,0.1143,0,NORMAL,9.7,1.9,3.3,7.5
15571,0.6139,0,WARNING,9.7,2.7,3.8,9.2
15572,0.6138,0,WARNING,9.7,2.6,8.6,11.9
15573,0.3404,0,NORMAL,9.8,3.1,9.4,10.5
15574,1.0,0,ANOMALY,14.8,20.8,3.6,8.0
15575,0.4933,0,NORMAL,9.8,2.5,4.2,8.9
15576,0.218,0,NORMAL,9.8,1.8,3.4,7.3
15577,0.1988,0,NORMAL,9.8,2.5,4.8,8.5
15578,0.4862,0,NORMAL,9.9,2.6,11.3,12.1
15579,0.2023,0,NORMAL,9.8,2.1,4.5,7.6
15580,0.9913,0,WARNING,9.8,2.0,4.3,12.6
15581,0.5377,0,NORMAL,9.8,1.7,4.2,9.2
15582,0.6771,0,WARNING,9.8,1.7,4.1,9.7
15583,0.5469,0,NORMAL,9.9,3.5,13.1,14.6
15584,1.0,0,ANOMALY,13.3,18.8,5.2,7.6
15585,0.3451,0,NORMAL,9.8,2.0,3.6,7.6
15586,0.1521,0,NORMAL,9.7,1.9,3.7,7.9
15587,0.1819,0,NORMAL,9.7,1.7,3.7,7.6
15588,0.5464,0,NORMAL,9.9,2.7,12.7,14.0
15589,0.2606,0,NORMAL,9.7,2.2,5.7,8.1
15590,0.2764,0,NORMAL,9.8,1.9,5.5,9.4
15591,0.6137,0,WARNING,9.8,2.3,4.8,10.0
15592,0.6771,0,WARNING,9.8,2.2,4.6,10.4
15593,0.7301,0,WARNING,10.1,3.7,13.7,16.3
15594,1.0,0,ANOMALY,13.5,19.0,7.0,11.0
15595,0.704,0,WARNING,9.8,2.0,5.3,10.9
15596,0.3146,0,NORMAL,9.8,2.1,5.6,9.1
15597,0.3386,0,NORMAL,9.8,2.5,5.5,9.9
15598,0.6124,0,WARNING,9.9,2.9,14.8,15.7
15599,0.6466,0,WARNING,9.8,2.8,7.8,11.3
15600,0.6769,0,WARNING,9.8,2.3,6.5,11.5
15601,0.5378,0,NORMAL,9.8,2.7,6.3,11.0
15602,0.4039,0,NORMAL,9.8,1.9,6.3,10.5
15603,0.6221,0,WARNING,10.0,4.2,15.2,16.8
15604,1.0,0,ANOMALY,13.2,19.2,9.0,12.4
15605,0.6126,0,WARNING,10.0,2.5,7.6,12.3
15606,0.7763,0,WARNING,10.3,3.5,7.0,10.6
15607,0.4637,0,NORMAL,10.3,3.7,7.1,10.6
15608,0.6716,0,WARNING,10.3,3.9,17.1,16.3
15609,0.415,0,NORMAL,10.3,3.4,10.0,11.6
15610,0.9977,0,WARNING,10.3,2.8,8.5,14.4
15611,0.6167,0,WARNING,10.4,2.7,10.6,13.6
15612,0.7046,0,WARNING,10.5,3.1,13.3,16.9
15613,0.8007,0,WARNING,10.5,4.7,23.8,21.4
15614,1.0,0,ANOMALY,14.7,20.9,16.2,17.5
15615,0.7297,0,WARNING,10.6,3.5,14.6,17.2
15616,0.9308,0,WARNING,10.8,5.4,15.2,16.6
15617,0.9817,0,WARNING,11.1,6.9,16.9,17.2
15618,0.79,0,WARNING,10.6,4.6,22.6,21.6
15619,0.7948,0,WARNING,10.4,3.7,19.8,19.4
15620,0.7563,0,WARNING,10.3,3.3,17.5,18.9
15621,0.8574,0,WARNING,10.3,3.9,18.1,18.4
15622,0.8602,0,WARNING,10.4,3.8,19.4,19.0
15623,0.87,0,WARNING,10.6,5.5,23.9,21.5
15624,1.0,0,ANOMALY,14.0,21.0,25.9,22.3
15625,0.809,0,WARNING,10.7,4.0,20.5,19.9
15626,0.8456,0,WARNING,10.7,4.6,20.3,21.5
15627,0.9485,0,WARNING,10.8,4.9,27.8,27.8
15628,0.9473,0,WARNING,10.9,5.2,31.4,28.7
15629,1.0,0,WARNING,11.3,7.2,36.5,31.5
15630,0.9495,0,WARNING,11.1,5.3,29.1,26.6
15631,0.9492,0,WARNING,10.8,4.6,27.7,24.3
15632,0.9481,0,WARNING,10.8,3.6,26.0,23.9
15633,0.8919,0,WARNING,10.6,4.6,24.8,23.1
15634,1.0,0,ANOMALY,13.7,21.3,33.4,28.5
15635,0.9618,0,WARNING,11.1,6.4,25.4,23.9
15636,0.8474,0,WARNING,10.7,4.5,24.3,24.6
15637,0.8621,0,WARNING,10.9,4.9,23.8,24.3
15638,0.8929,0,WARNING,10.9,4.2,24.2,23.3
15639,0.9724,0,WARNING,11.4,7.6,32.9,28.0
15640,0.9974,0,WARNING,11.5,8.1,28.1,26.4
15641,0.949,0,WARNING,11.1,5.3,23.9,24.3
15642,0.8814,0,WARNING,11.2,5.8,23.5,23.7
15643,0.8328,0,WARNING,11.0,5.6,24.2,24.4
15644,1.0,0,ANOMALY,14.7,22.6,33.0,29.1
15645,0.885,0,WARNING,11.0,5.3,25.1,22.0
15646,0.8564,0,WARNING,11.1,5.6,22.2,21.5
15647,0.879,0,WARNING,10.9,5.3,22.9,22.1
15648,0.8714,0,WARNING,10.8,4.5,23.2,22.0
15649,0.9488,0,WARNING,11.0,6.1,32.5,28.4
15650,0.8293,0,WARNING,11.0,5.0,24.8,23.7
15651,0.8915,0,WARNING,11.2,6.2,22.6,23.6
15652,0.8714,0,WARNING,10.9,4.9,22.9,22.7
15653,0.8701,0,WARNING,10.9,3.8,21.5,21.3
15654,1.0,0,ANOMALY,14.6,22.1,30.0,26.8
15655,0.8765,0,WARNING,11.0,5.3,23.4,21.1
15656,0.8701,0,WARNING,11.1,4.5,21.8,21.1
15657,0.8473,0,WARNING,11.2,5.4,21.1,21.5
15658,0.8714,0,WARNING,11.1,4.6,21.1,21.2
15659,0.9881,0,WARNING,11.7,8.3,30.1,26.1
15660,0.8426,0,WARNING,11.3,5.8,23.9,21.7
15661,0.8275,0,WARNING,11.3,6.2,21.5,22.0
15662,0.7687,0,WARNING,11.3,4.0,20.4,23.0
15663,0.771,0,WARNING,11.2,4.4,20.3,21.8
15664,1.0,0,ANOMALY,14.6,22.0,30.7,27.9
15665,0.8714,0,WARNING,11.3,6.0,23.1,21.1
15666,0.8073,0,WARNING,11.3,4.8,20.5,21.0
15667,0.9522,0,WARNING,11.5,5.4,20.7,21.9
15668,0.8275,0,WARNING,11.3,4.4,21.5,22.4
15669,0.9486,0,WARNING,11.4,5.9,27.8,26.0
15670,0.9931,0,WARNING,11.3,5.8,25.2,25.9
15671,0.8013,0,WARNING,11.3,5.2,21.6,22.2
15672,0.7779,0,WARNING,11.3,5.8,21.5,22.7
15673,0.831,0,WARNING,11.5,6.7,21.4,22.8
15674,1.0,0,ANOMALY,14.9,21.9,25.4,25.1
15675,0.8214,0,WARNING,11.5,6.3,26.5,25.0
15676,0.8187,0,WARNING,11.5,5.9,20.9,21.8
15677,0.8034,0,WARNING,11.5,5.5,20.7,22.2
15678,1.0,0,ANOMALY,11.4,4.7,20.2,36.2
15679,0.8674,0,WARNING,11.4,4.6,21.0,21.4
15680,0.8474,0,WARNING,11.6,6.7,27.3,25.3
15681,0.8053,0,WARNING,11.6,5.7,20.7,21.8
15682,1.0,0,ANOMALY,11.7,5.7,19.5,31.3
15683,0.7759,0,WARNING,11.7,6.2,20.1,21.4
15684,1.0,0,ANOMALY,15.4,21.4,20.1,29.0
15685,0.8604,0,WARNING,11.6,6.9,28.5,26.0
15686,0.9336,0,WARNING,11.9,6.7,21.2,20.4
15687,0.8013,0,WARNING,11.6,5.8,19.1,21.0
15688,0.8111,0,WARNING,11.6,4.3,19.0,20.5
15689,0.8472,0,WARNING,11.6,5.2,18.9,20.5
15690,0.9495,0,WARNING,11.8,6.8,27.9,26.0
15691,0.8457,0,WARNING,11.6,5.1,20.6,20.1
15692,0.8409,0,WARNING,11.6,5.5,19.8,20.8
15693,0.7823,0,WARNING,11.5,3.8,19.3,21.3
15694,1.0,0,ANOMALY,14.7,20.5,19.0,21.0
15695,0.8499,0,WARNING,11.7,6.3,27.3,26.1
15696,0.8171,0,WARNING,11.7,5.2,20.1,20.4
15697,0.836,0,WARNING,11.7,5.5,18.1,20.4
15698,0.7801,0,WARNING,11.5,3.9,17.9,20.8
15699,0.811,0,WARNING,11.5,3.9,18.1,20.8
15700,0.9967,0,WARNING,11.5,5.7,27.3,28.5
15701,0.811,0,WARNING,11.7,4.8,20.0,20.2
15702,0.8091,0,WARNING,11.6,4.9,18.2,20.5
15703,0.9627,0,WARNING,11.8,6.3,18.2,19.9
15704,1.0,0,ANOMALY,14.4,19.8,18.2,21.5
15705,0.8438,0,WARNING,11.6,6.4,26.8,26.0
15706,0.8148,0,WARNING,11.6,4.8,20.4,21.0
15707,0.7951,0,WARNING,11.5,3.7,18.0,19.9
15708,1.0,0,ANOMALY,11.6,5.0,17.8,22.6
15709,0.7992,0,WARNING,11.5,5.9,19.4,21.3
15710,0.8351,0,WARNING,11.5,6.1,26.4,25.5
15711,0.9776,0,WARNING,11.9,7.8,19.4,19.9
15712,0.7591,0,WARNING,11.4,5.3,17.5,20.3
15713,0.7866,0,WARNING,11.4,6.4,18.6,20.9
15714,1.0,0,ANOMALY,15.3,20.9,20.5,20.5
15715,0.8352,0,WARNING,11.4,6.5,26.9,25.5
15716,0.7888,0,WARNING,11.2,4.4,19.6,19.8
15717,0.906,0,WARNING,11.8,9.3,18.4,21.0
15718,0.744,0,WARNING,11.3,5.3,19.3,21.1
15719,0.7574,0,WARNING,11.4,5.0,18.7,22.0
15720,0.9463,0,WARNING,11.4,5.1,29.3,26.0
15721,0.7823,0,WARNING,11.4,5.7,21.9,21.4
15722,0.8167,0,WARNING,11.2,5.4,20.6,20.8
15723,0.7778,0,WARNING,11.3,5.8,20.8,20.5
15724,1.0,0,ANOMALY,14.8,20.0,17.9,21.8
15725,0.7794,0,WARNING,11.1,5.4,23.0,24.8
15726,0.7473,0,WARNING,11.2,5.4,22.4,23.7
15727,0.7042,0,WARNING,11.1,4.3,17.2,21.1
15728,0.7888,0,WARNING,11.2,4.9,17.6,21.1
15729,0.6736,0,WARNING,11.1,4.8,17.1,19.8
15730,0.9958,0,WARNING,11.1,4.5,18.9,23.7
15731,0.7923,0,WARNING,11.1,6.4,23.8,23.2
15732,0.7708,0,WARNING,11.1,4.6,16.9,19.1
15733,0.7799,0,WARNING,11.1,5.5,16.1,18.8
15734,1.0,0,ANOMALY,16.2,23.5,17.2,19.5
15735,0.7916,0,WARNING,11.4,6.3,17.8,20.3
15736,0.8401,0,WARNING,11.2,5.1,26.4,26.7
15737,0.7388,0,WARNING,11.2,5.0,18.3,21.3
15738,0.7361,0,WARNING,11.1,4.6,16.4,20.1
15739,0.7732,0,WARNING,11.1,5.0,16.5,19.8
15740,0.7515,0,WARNING,11.0,4.4,15.9,18.3
15741,0.812,0,WARNING,11.1,5.3,24.2,23.8
15742,0.7137,0,WARNING,10.9,4.4,17.6,19.0
15743,0.6927,0,WARNING,10.9,3.8,15.9,19.7
15744,1.0,0,ANOMALY,13.1,18.5,15.8,19.5
15745,0.8268,0,WARNING,11.5,6.4,15.2,18.6
15746,0.8459,0,WARNING,11.3,8.1,24.6,24.1
15747,0.8256,0,WARNING,11.0,5.7,18.1,18.8
15748,0.736,0,WARNING,11.0,5.2,14.7,17.7
15749,0.7242,0,WARNING,11.2,5.4,14.0,17.7
15750,0.8467,0,WARNING,11.1,5.2,13.6,18.3
15751,0.7891,0,WARNING,11.0,5.2,22.8,24.8
15752,0.7296,0,WARNING,11.0,3.1,14.3,18.5
15753,0.5836,0,NORMAL,10.9,3.8,12.5,17.2
15754,1.0,0,ANOMALY,13.5,18.4,11.5,17.5
15755,0.6128,0,WARNING,11.0,4.2,12.0,17.7
15756,0.75,0,WARNING,11.2,5.3,20.8,21.7
15757,0.6349,0,WARNING,11.0,4.8,13.3,16.8
15758,0.5656,0,NORMAL,10.9,3.8,11.0,17.2
15759,0.6466,0,WARNING,11.0,4.5,10.8,17.6
15760,0.994,0,WARNING,10.9,3.5,12.3,19.7
15761,0.7584,0,WARNING,11.1,3.9,21.1,21.8
15762,0.4937,0,NORMAL,11.0,3.6,12.0,16.3
15763,0.943,0,WARNING,11.2,6.3,9.1,15.2
15764,1.0,0,ANOMALY,14.0,19.5,9.1,15.6
15765,0.4826,0,NORMAL,11.0,4.4,9.3,14.6
15766,0.6942,0,WARNING,11.0,4.7,17.9,19.5
15767,0.4218,0,NORMAL,10.9,3.4,10.4,14.3
15768,0.3837,0,NORMAL,10.9,3.8,9.4,14.3
15769,0.6467,0,WARNING,10.9,3.5,9.4,15.6
15770,0.5377,0,NORMAL,10.9,2.9,9.5,15.0
15771,0.6589,0,WARNING,11.0,5.0,16.7,18.3
15772,0.9341,0,WARNING,11.1,5.5,10.5,13.7
15773,0.4989,0,NORMAL,11.0,4.3,8.7,13.2
15774,1.0,0,ANOMALY,13.1,18.2,9.0,14.1
15775,0.6356,0,WARNING,10.9,5.0,10.3,14.8
15776,0.6436,0,WARNING,11.0,4.0,13.0,16.9
15777,0.9922,0,WARNING,12.0,9.0,13.2,17.7
15778,0.494,0,NORMAL,10.8,3.7,8.1,15.2
15779,0.5752,0,NORMAL,10.9,4.7,7.3,13.9
15780,0.4345,0,NORMAL,10.8,4.1,6.2,12.1
15781,0.6882,0,WARNING,11.0,4.6,8.4,13.2
15782,0.6468,0,WARNING,10.9,3.9,16.2,16.8
15783,0.4891,0,NORMAL,10.8,3.5,10.1,12.9
15784,1.0,0,ANOMALY,13.5,18.5,12.6,14.9
15785,0.6275,0,WARNING,11.1,4.4,12.5,14.6
15786,0.4709,0,NORMAL,11.1,3.3,12.1,14.7
15787,0.7573,0,WARNING,11.2,4.1,20.6,19.5
15788,0.4655,0,NORMAL,11.3,3.9,12.6,13.5
15789,0.3892,0,NORMAL,11.0,3.3,8.7,11.5
15790,0.994,0,WARNING,11.0,3.0,7.8,14.1
15791,0.3271,0,NORMAL,11.0,3.4,8.2,12.2
15792,0.6813,0,WARNING,11.0,4.1,17.2,18.4
15793,0.4466,0,NORMAL,10.9,3.0,9.7,13.7
15794,1.0,0,ANOMALY,13.2,17.7,8.5,12.2
15795,0.5509,0,NORMAL,11.0,4.5,7.9,11.4
15796,0.3948,0,NORMAL,10.8,3.0,5.7,11.6
15797,0.6052,0,WARNING,10.9,4.6,14.3,16.8
15798,0.4468,0,NORMAL,10.9,3.7,7.8,12.6
15799,0.6838,0,WARNING,11.2,4.3,7.3,13.5
15800,0.304,0,NORMAL,11.0,2.7,7.2,11.5
15801,0.3386,0,NORMAL,11.0,3.4,7.2,11.7
15802,0.6816,0,WARNING,11.1,4.4,17.2,16.7
15803,0.3353,0,NORMAL,11.0,3.1,9.8,12.1
15804,1.0,0,ANOMALY,13.5,18.1,5.6,12.1
15805,0.4935,0,NORMAL,10.8,3.0,5.2,11.8
15806,0.5376,0,NORMAL,10.8,3.0,5.0,11.6
15807,0.6072,0,WARNING,10.9,3.6,14.4,16.4
15808,0.3123,0,NORMAL,10.9,2.5,7.5,10.6
15809,0.2763,0,NORMAL,10.9,2.8,5.8,11.4
15810,0.6137,0,WARNING,10.8,2.7,5.7,12.2
15811,0.3953,0,NORMAL,10.9,3.5,5.4,11.1
15812,0.6644,0,WARNING,11.0,4.2,16.3,16.9
15813,0.4457,0,NORMAL,10.9,4.0,10.5,12.4
15814,1.0,0,WARNING,12.7,16.5,9.0,13.3
15815,0.957,0,WARNING,11.3,5.4,9.2,13.4
15816,0.9103,0,WARNING,11.1,4.0,9.2,13.6
15817,0.6447,0,WARNING,10.9,4.0,15.8,18.1
15818,0.4466,0,NORMAL,10.8,2.4,7.2,11.6
15819,0.4469,0,NORMAL,10.9,3.6,5.4,11.6
15820,0.9963,0,WARNING,10.7,2.6,5.3,14.9
15821,0.5377,0,NORMAL,10.8,2.4,5.6,11.6
15822,0.5993,0,NORMAL,10.9,4.0,14.4,16.0
15823,0.3247,0,NORMAL,10.9,3.0,7.3,10.8
15824,1.0,0,ANOMALY,14.7,19.7,5.0,10.2
15825,0.3941,0,NORMAL,10.9,2.8,5.1,11.3
15826,0.3369,0,NORMAL,10.9,2.8,6.8,11.8
15827,0.5655,0,NORMAL,11.2,4.5,13.4,16.0
15828,0.5551,0,NORMAL,11.1,3.9,14.3,16.3
15829,0.504,0,NORMAL,11.2,4.1,9.6,13.5
15830,0.4971,0,NORMAL,11.1,4.3,7.2,12.5
15831,0.2786,0,NORMAL,11.0,3.4,5.4,11.0
15832,0.5775,0,NORMAL,11.0,2.3,7.2,13.0
15833,0.961,0,WARNING,11.3,6.2,13.5,16.3
15834,1.0,0,ANOMALY,13.4,17.2,6.3,11.3
15835,0.5024,0,NORMAL,11.1,3.5,5.9,11.3
15836,0.4189,0,NORMAL,11.1,3.2,6.5,12.3
15837,0.6637,0,WARNING,11.3,4.5,10.7,15.5
15838,0.753,0,WARNING,11.2,4.9,21.3,20.6
15839,0.7049,0,WARNING,11.2,3.7,14.2,16.0
15840,0.5626,0,NORMAL,11.3,4.7,13.1,16.7
15841,0.7874,0,WARNING,11.3,6.0,13.1,17.1
15842,0.6767,0,WARNING,11.2,3.8,12.4,17.5
15843,0.7962,0,WARNING,11.2,5.5,22.5,23.3
15844,1.0,0,ANOMALY,13.7,19.4,18.6,19.2
15845,0.8369,0,WARNING,11.5,6.1,17.0,19.0
15846,0.6386,0,WARNING,11.1,4.1,14.8,17.2
15847,0.7277,0,WARNING,11.3,5.1,16.3,18.0
15848,0.9447,0,WARNING,11.4,5.9,25.1,23.1
15849,0.9456,0,WARNING,11.7,7.3,17.9,18.1
15850,0.9992,0,WARNING,11.6,5.7,15.7,21.6
15851,0.9751,0,WARNING,11.7,6.6,13.5,16.4
15852,0.6422,0,WARNING,11.2,4.6,12.8,16.5
15853,0.7813,0,WARNING,11.4,7.0,22.6,21.4
15854,1.0,0,ANOMALY,13.6,19.5,14.3,16.0
15855,0.6634,0,WARNING,11.3,5.4,13.2,16.4
15856,0.6385,0,WARNING,11.1,4.5,14.5,16.8
15857,0.821,0,WARNING,11.3,4.4,15.4,17.2
15858,0.8271,0,WARNING,11.3,6.0,25.3,22.6
15859,0.8665,0,WARNING,11.4,6.8,18.1,16.7
15860,0.5905,0,NORMAL,11.3,5.0,14.4,17.1
15861,0.6041,0,WARNING,11.3,5.8,15.3,17.7
15862,0.8009,0,WARNING,11.3,5.4,16.1,17.2
15863,0.8438,0,WARNING,11.5,7.4,27.1,24.4
15864,1.0,0,ANOMALY,13.5,20.0,19.6,18.7
15865,0.9746,0,WARNING,11.8,7.8,19.9,19.7
15866,0.795,0,WARNING,11.5,5.3,19.0,18.4
15867,0.749,0,WARNING,11.5,4.7,19.2,19.5
15868,0.8446,0,WARNING,11.6,5.9,27.3,23.5
15869,0.7798,0,WARNING,11.6,5.8,20.6,18.8
15870,0.6959,0,WARNING,11.2,4.0,16.8,19.5
15871,0.7044,0,WARNING,11.2,4.6,15.8,19.8
15872,0.7298,0,WARNING,11.2,4.4,16.3,20.5
15873,0.8048,0,WARNING,11.3,5.2,24.1,25.0
15874,0.998,0,WARNING,12.6,16.8,18.1,20.2
15875,0.6424,0,WARNING,11.2,4.3,15.5,18.7
15876,0.6927,0,WARNING,11.3,5.3,15.7,19.4
15877,0.7044,0,WARNING,11.3,5.4,15.5,20.0
15878,0.7707,0,WARNING,11.4,5.5,20.3,21.7
15879,0.7051,0,WARNING,11.4,5.3,19.8,21.5
15880,0.9971,0,WARNING,11.2,4.4,15.8,21.0
15881,0.8151,0,WARNING,11.4,6.3,15.6,17.6
15882,0.7385,0,WARNING,11.3,3.5,15.0,18.1
15883,0.7437,0,WARNING,11.3,5.1,18.3,19.9
15884,1.0,0,ANOMALY,14.7,22.2,25.3,24.2
15885,0.6634,0,WARNING,11.3,5.5,16.6,19.7
15886,0.7491,0,WARNING,11.2,4.8,15.8,19.0
15887,0.7439,0,WARNING,11.4,6.5,15.7,18.3
15888,0.7589,0,WARNING,11.3,5.5,15.3,18.0
15889,0.9427,0,WARNING,11.6,6.5,23.9,23.5
15890,0.9018,0,WARNING,11.4,6.0,16.6,18.3
15891,0.6147,0,WARNING,11.2,5.1,15.9,19.7
15892,0.7708,0,WARNING,11.2,4.9,15.4,18.5
15893,0.7708,0,WARNING,11.3,4.5,15.0,18.0
15894,0.9983,0,WARNING,12.3,16.8,24.0,23.8
15895,0.7489,0,WARNING,11.1,4.8,17.4,19.7
15896,0.6523,0,WARNING,11.0,4.8,15.8,20.0
15897,0.8033,0,WARNING,11.5,7.2,15.7,19.5
15898,0.7886,0,WARNING,11.1,5.4,18.1,19.4
15899,0.8436,0,WARNING,11.4,6.9,26.7,24.6
15900,0.7565,0,WARNING,11.2,4.9,18.3,19.9
15901,0.6927,0,WARNING,11.1,4.7,15.8,19.1
15902,0.7685,0,WARNING,11.1,4.2,15.6,18.6
15903,0.805,0,WARNING,11.1,4.8,16.2,19.0
15904,1.0,0,ANOMALY,14.4,21.6,25.0,25.5
15905,0.9023,0,WARNING,11.3,5.9,17.7,19.9
15906,0.7413,0,WARNING,11.1,4.5,16.4,20.4
15907,0.844,0,WARNING,11.2,4.8,17.1,20.0
15908,0.7777,0,WARNING,11.1,4.6,15.4,18.3
15909,0.9448,0,WARNING,11.4,6.5,24.6,24.4
15910,0.9967,0,WARNING,11.4,5.6,17.1,21.9
15911,0.7638,0,WARNING,11.0,4.4,15.4,19.1
15912,0.7589,0,WARNING,11.1,4.4,16.1,19.5
15913,0.7564,0,WARNING,11.3,5.3,16.0,19.1
15914,1.0,0,ANOMALY,13.2,19.4,25.1,25.2
15915,0.7079,0,WARNING,11.2,5.0,19.5,20.3
15916,0.7638,0,WARNING,11.3,5.4,17.7,20.2
15917,0.78,0,WARNING,11.3,4.5,19.2,20.5
15918,0.8071,0,WARNING,11.2,5.6,20.6,20.6
15919,0.9463,0,WARNING,11.2,6.1,27.9,25.4
15920,0.7167,0,WARNING,11.1,5.1,21.4,20.4
15921,0.8263,0,WARNING,11.3,6.1,20.0,20.4
15922,0.7989,0,WARNING,11.2,5.9,18.0,20.1
15923,0.7887,0,WARNING,11.1,5.8,16.5,20.3
15924,0.9999,0,WARNING,12.9,19.0,24.5,25.4
15925,0.793,0,WARNING,11.2,5.2,19.5,21.6
15926,0.9317,0,WARNING,11.4,4.8,16.5,20.2
15927,0.8202,0,WARNING,11.3,5.9,17.0,20.8
15928,0.8505,0,WARNING,11.2,5.8,16.2,19.2
15929,0.8031,0,WARNING,11.3,6.2,21.2,22.4
15930,0.7278,0,WARNING,11.3,5.2,20.9,22.2
15931,0.6768,0,WARNING,11.1,4.8,16.5,20.2
15932,0.8355,0,WARNING,11.4,5.6,16.5,21.0
15933,0.7614,0,WARNING,11.3,4.4,16.9,20.0
15934,1.0,0,ANOMALY,14.2,19.4,18.1,20.4
15935,0.8359,0,WARNING,11.4,5.9,23.7,23.8
15936,0.7439,0,WARNING,11.3,4.7,18.1,20.4
15937,0.7541,0,WARNING,11.2,5.3,17.2,21.2
15938,0.7224,0,WARNING,11.3,5.3,18.2,20.5
15939,0.7844,0,WARNING,11.4,5.4,19.1,20.2
15940,0.9967,0,WARNING,11.5,6.7,28.7,28.8
15941,0.6929,0,WARNING,11.3,4.7,17.8,20.1
15942,0.7615,0,WARNING,11.4,4.7,16.5,21.2
15943,0.7109,0,WARNING,11.3,3.9,16.8,21.2
15944,1.0,0,ANOMALY,13.4,18.3,17.2,21.3
15945,0.9506,0,WARNING,11.5,8.3,26.7,26.0
15946,0.7992,0,WARNING,11.4,4.7,18.7,19.7
15947,0.7992,0,WARNING,11.3,4.6,16.6,19.7
15948,0.7109,0,WARNING,11.4,4.8,16.5,20.4
15949,0.7662,0,WARNING,11.4,4.7,17.7,21.6
15950,0.8397,0,WARNING,11.3,6.2,26.1,26.5
15951,0.8012,0,WARNING,11.3,4.9,19.3,20.3
15952,0.8012,0,WARNING,11.4,4.8,16.9,19.7
15953,0.7844,0,WARNING,11.5,5.3,16.5,20.0
15954,0.9992,0,WARNING,12.8,18.2,18.5,22.2
15955,0.8579,0,WARNING,11.5,7.4,27.6,27.9
15956,0.7361,0,WARNING,11.3,5.5,20.9,22.4
15957,0.8778,0,WARNING,11.9,8.2,20.0,23.0
15958,0.7253,0,WARNING,11.4,5.6,18.6,21.7
15959,0.771,0,WARNING,11.4,5.6,18.0,21.6
15960,0.9392,0,WARNING,11.7,7.4,24.3,23.7
15961,0.8351,0,WARNING,11.4,6.2,16.0,17.8
15962,0.7388,0,WARNING,11.4,5.0,13.7,17.6
15963,0.6989,0,WARNING,11.4,4.3,13.4,18.0
15964,0.9999,0,WARNING,13.0,17.2,12.3,17.0
15965,0.7674,0,WARNING,11.3,6.0,21.3,22.2
15966,0.5985,0,NORMAL,11.3,4.4,14.1,17.8
15967,0.6313,0,WARNING,11.3,4.9,12.1,17.0
15968,0.7231,0,WARNING,11.4,5.1,11.7,17.8
15969,0.5741,0,NORMAL,11.3,4.7,11.7,16.4
15970,0.9923,0,WARNING,11.4,6.5,20.9,24.8
15971,0.5755,0,NORMAL,11.3,4.5,12.5,15.3
15972,0.6379,0,WARNING,11.4,4.1,10.8,15.6
15973,0.5801,0,NORMAL,11.4,5.4,10.5,15.5
15974,1.0,0,ANOMALY,13.3,18.1,10.8,17.0
15975,0.7204,0,WARNING,11.4,6.2,19.2,20.6
15976,0.6924,0,WARNING,11.4,5.1,13.6,15.6
15977,0.8851,0,WARNING,11.6,5.7,10.0,16.2
15978,0.5731,0,NORMAL,11.3,3.5,10.4,18.2
15979,0.5772,0,NORMAL,11.3,4.9,10.4,16.6
15980,0.6093,0,WARNING,11.2,5.6,15.0,18.3
15981,0.6277,0,WARNING,11.2,5.3,14.9,17.2
15982,0.5101,0,NORMAL,11.2,4.5,9.2,14.5
15983,0.882,0,WARNING,11.4,5.3,9.2,15.2
15984,1.0,0,WARNING,13.0,17.0,9.9,16.0
15985,0.507,0,NORMAL,11.3,4.4,12.2,17.1
15986,0.6967,0,WARNING,11.3,5.7,17.3,18.9
15987,0.5187,0,NORMAL,11.3,4.1,9.6,14.2
15988,0.5367,0,NORMAL,11.2,4.2,9.0,14.7
15989,0.4652,0,NORMAL,11.2,3.8,10.7,15.6
15990,0.8081,0,WARNING,11.3,4.9,9.1,14.2
15991,0.7167,0,WARNING,11.3,5.7,18.1,20.2
15992,0.5276,0,NORMAL,11.2,5.5,11.9,15.4
15993,0.5204,0,NORMAL,11.2,4.8,10.6,15.2
15994,1.0,0,WARNING,13.0,16.8,12.0,16.1
15995,0.7014,0,WARNING,11.4,4.9,12.1,15.2
15996,0.758,0,WARNING,11.3,5.6,20.0,20.8
15997,0.5768,0,NORMAL,11.3,4.3,12.2,16.6
15998,0.8137,0,WARNING,11.4,5.1,10.3,16.5
15999,0.5157,0,NORMAL,11.3,4.4,10.2,15.9
16000,0.9982,0,WARNING,11.3,4.6,11.3,19.4
16001,0.7334,0,WARNING,11.3,4.9,19.4,21.7
16002,0.6925,0,WARNING,11.4,5.9,11.5,15.1
16003,0.6184,0,WARNING,11.2,4.8,10.9,15.5
16004,1.0,0,ANOMALY,13.4,18.5,10.2,15.6
16005,0.6516,0,WARNING,11.3,5.6,12.4,16.4
16006,0.7521,0,WARNING,11.2,5.5,20.3,22.2
16007,0.5344,0,NORMAL,11.2,3.8,11.6,15.8
16008,0.7265,0,WARNING,11.3,4.6,9.1,15.3
16009,0.5365,0,NORMAL,11.3,4.8,9.8,15.6
16010,0.732,0,WARNING,11.4,5.2,11.7,16.4
16011,0.7701,0,WARNING,11.4,5.4,21.1,22.1
16012,0.561,0,NORMAL,11.2,5.0,14.9,16.5
16013,0.7041,0,WARNING,11.3,5.0,11.7,16.7
16014,1.0,0,ANOMALY,13.1,17.8,11.0,17.1
16015,0.7311,0,WARNING,11.2,5.2,11.0,17.1
16016,0.9343,0,WARNING,11.6,7.5,20.0,22.3
16017,0.5756,0,NORMAL,11.2,5.8,12.6,16.0
16018,0.5519,0,NORMAL,11.2,4.7,9.9,15.4
16019,0.5772,0,NORMAL,11.1,4.3,9.4,16.6
16020,0.6807,0,WARNING,11.1,4.8,8.8,15.5
16021,0.6891,0,WARNING,11.2,5.5,17.4,19.9
16022,0.601,0,WARNING,11.1,5.1,9.9,14.1
16023,0.9519,0,WARNING,11.2,5.3,7.9,14.3
16024,1.0,0,ANOMALY,13.2,17.6,7.4,15.2
16025,0.6129,0,WARNING,11.0,3.5,7.9,15.6
16026,0.6132,0,WARNING,11.1,4.3,14.9,19.2
16027,0.3873,0,NORMAL,11.0,3.9,11.2,15.7
16028,0.7413,0,WARNING,11.2,3.6,7.3,14.3
16029,0.4299,0,NORMAL,11.0,3.3,7.2,14.2
16030,0.9989,0,WARNING,11.1,4.0,6.9,17.5
16031,0.5746,0,NORMAL,11.0,4.9,11.3,17.2
16032,0.9965,0,WARNING,11.8,9.7,13.4,18.4
16033,0.7957,0,WARNING,11.0,4.6,7.2,15.2
16034,1.0,0,ANOMALY,13.4,17.6,7.2,15.6
16035,0.413,0,NORMAL,10.7,3.7,6.7,14.5
16036,0.3958,0,NORMAL,10.7,3.8,8.1,14.9
16037,0.6483,0,WARNING,10.9,4.3,15.8,19.1
16038,0.7396,0,WARNING,10.9,4.3,8.0,13.4
16039,0.3752,0,NORMAL,10.8,3.1,6.5,13.2
16040,0.4945,0,NORMAL,10.8,4.0,6.9,14.4
16041,0.5339,0,NORMAL,10.9,4.8,6.8,14.0
16042,0.658,0,WARNING,11.0,5.5,16.0,19.7
16043,0.4521,0,NORMAL,10.7,4.3,7.8,13.2
16044,1.0,0,ANOMALY,13.1,17.8,6.0,13.0
16045,0.3485,0,NORMAL,10.7,2.9,6.2,13.7
16046,0.395,0,NORMAL,10.8,3.0,6.0,13.5
16047,0.6347,0,WARNING,10.9,4.1,15.3,19.4
16048,0.5094,0,NORMAL,10.8,3.7,8.1,12.7
16049,0.4537,0,NORMAL,10.8,4.0,6.3,13.5
16050,0.4945,0,NORMAL,10.7,3.4,6.1,13.9
16051,0.3901,0,NORMAL,10.7,2.3,6.0,13.2
16052,0.6265,0,WARNING,10.8,4.0,14.9,18.1
16053,0.3606,0,NORMAL,10.6,3.1,8.0,13.1
16054,1.0,0,ANOMALY,13.7,18.6,6.1,13.8
16055,0.6128,0,WARNING,10.8,3.9,6.0,14.5
16056,0.6465,0,WARNING,10.7,2.7,6.0,14.4
16057,0.6319,0,WARNING,10.8,4.2,15.2,19.4
16058,0.5771,0,NORMAL,10.7,2.7,8.3,14.3
16059,0.3338,0,NORMAL,10.7,3.0,6.1,12.6
16060,0.998,0,WARNING,10.7,2.7,6.0,15.5
16061,0.4698,0,NORMAL,10.7,4.0,5.7,12.8
16062,0.6409,0,WARNING,10.9,4.9,14.7,18.1
16063,0.6507,0,WARNING,10.7,4.4,7.2,12.7
16064,0.9987,0,WARNING,12.0,16.0,5.8,14.2
16065,0.5767,0,NORMAL,10.8,3.7,5.7,14.1
16066,0.3383,0,NORMAL,10.7,3.1,5.5,13.3
16067,0.635,0,WARNING,10.8,4.7,14.8,20.0
16068,0.4941,0,NORMAL,10.7,2.8,7.5,13.8
16069,0.4468,0,NORMAL,10.7,2.8,6.6,14.1
16070,0.4945,0,NORMAL,10.7,2.2,6.4,13.9
16071,0.543,0,NORMAL,10.8,3.6,5.6,13.6
16072,0.6244,0,WARNING,10.8,4.1,14.7,19.2
16073,0.3921,0,NORMAL,10.7,2.9,7.0,12.9
16074,0.9998,0,WARNING,12.4,16.5,5.1,12.9
16075,0.5768,0,NORMAL,10.7,3.8,5.4,14.2
16076,0.6135,0,WARNING,10.6,2.8,5.7,14.2
16077,1.0,0,WARNING,11.9,7.2,12.6,18.2
16078,0.5599,0,NORMAL,10.6,3.1,10.4,14.6
16079,0.2573,0,NORMAL,10.6,2.4,5.8,12.8
16080,0.3881,0,NORMAL,10.6,2.6,5.6,12.7
16081,0.4268,0,NORMAL,10.7,3.5,6.1,13.4
16082,0.4222,0,NORMAL,10.7,3.4,9.9,15.5
16083,0.4752,0,NORMAL,10.7,4.1,11.0,15.7
16084,1.0,0,ANOMALY,13.2,18.1,5.7,13.4
16085,0.2961,0,NORMAL,10.6,3.1,5.7,12.7
16086,0.586,0,NORMAL,10.7,3.7,5.0,12.0
16087,0.446,0,NORMAL,10.6,3.4,6.0,13.0
16088,0.5841,0,NORMAL,10.7,4.0,13.5,17.8
16089,0.4014,0,NORMAL,10.6,3.7,7.6,13.5
16090,0.9953,0,WARNING,10.7,3.7,8.1,15.9
16091,0.5972,0,NORMAL,10.6,4.2,6.3,12.8
16092,0.4943,0,NORMAL,10.7,4.0,5.5,13.4
16093,0.6127,0,WARNING,10.7,4.6,14.5,18.3
16094,1.0,0,ANOMALY,13.4,18.4,6.0,11.8
16095,0.4852,0,NORMAL,10.7,2.9,4.5,12.1
16096,0.395,0,NORMAL,10.6,3.2,4.6,12.8
16097,0.5775,0,NORMAL,10.7,3.3,5.0,13.6
16098,0.6067,0,WARNING,10.7,4.3,14.2,19.2
16099,0.5375,0,NORMAL,10.7,3.1,7.1,13.6
16100,0.4274,0,NORMAL,10.7,3.1,5.5,11.8
16101,0.3032,0,NORMAL,10.7,2.5,4.7,11.9
16102,0.5379,0,NORMAL,10.7,2.9,4.6,13.3
16103,0.6124,0,WARNING,10.8,4.3,13.9,17.3
16104,1.0,0,ANOMALY,12.8,16.8,6.1,11.3
16105,0.394,0,NORMAL,10.7,3.2,5.0,12.7
16106,0.2212,0,NORMAL,10.7,3.0,4.8,11.6
16107,0.3467,0,NORMAL,10.8,3.4,4.4,11.8
16108,0.5992,0,NORMAL,10.9,4.0,13.7,18.5
16109,0.4468,0,NORMAL,10.9,3.2,6.7,12.6
16110,0.4469,0,NORMAL,11.0,2.1,5.1,12.7
16111,0.3121,0,NORMAL,11.0,3.4,4.9,11.7
16112,0.2186,0,NORMAL,11.0,2.6,4.3,11.5
16113,0.572,0,NORMAL,11.0,3.8,13.0,17.2
16114,1.0,0,ANOMALY,14.2,19.0,6.8,12.6
16115,0.8079,0,WARNING,11.1,3.9,6.4,12.9
16116,0.338,0,NORMAL,10.9,2.4,5.1,12.0
16117,0.4471,0,NORMAL,10.8,2.7,4.6,12.6
16118,0.5918,0,NORMAL,10.8,3.8,13.8,18.0
16119,0.5143,0,NORMAL,10.8,4.3,6.0,11.2
16120,0.9992,0,WARNING,10.8,5.3,4.4,14.6
16121,0.641,0,WARNING,10.9,3.2,5.7,11.8
16122,0.4456,0,NORMAL,10.8,3.8,7.3,12.0
16123,0.6023,0,WARNING,10.7,4.2,14.1,18.3
16124,1.0,0,ANOMALY,13.5,18.2,6.2,12.7
16125,0.4933,0,NORMAL,10.7,3.8,4.4,12.5
16126,0.7046,0,WARNING,10.7,3.1,4.4,13.3
16127,0.4946,0,NORMAL,10.7,2.3,6.1,12.7
16128,0.5439,0,NORMAL,10.7,2.8,12.9,16.3
16129,0.2763,0,NORMAL,10.7,3.2,7.7,12.0
16130,0.2022,0,NORMAL,10.6,2.0,3.9,10.5
16131,0.2944,0,NORMAL,10.6,3.1,4.2,10.8
16132,0.2703,0,NORMAL,10.6,3.2,3.8,10.8
16133,0.3274,0,NORMAL,10.8,3.4,7.9,13.4
16134,1.0,0,ANOMALY,12.7,17.2,9.2,13.5
16135,0.3898,0,NORMAL,10.7,2.3,3.4,9.1
16136,0.2173,0,NORMAL,10.7,2.2,4.3,10.7
16137,1.0,0,WARNING,12.0,6.0,4.1,12.0
16138,0.4946,0,NORMAL,10.6,2.8,5.2,12.6
16139,0.5181,0,NORMAL,10.8,4.2,11.9,16.0
16140,0.3695,0,NORMAL,10.7,3.2,4.1,10.4
16141,0.3446,0,NORMAL,10.7,2.9,3.5,10.4
16142,0.247,0,NORMAL,10.8,2.8,4.8,11.2
16143,0.3387,0,NORMAL,10.7,2.4,5.0,11.3
16144,1.0,0,ANOMALY,12.8,18.3,12.5,15.0
16145,0.4396,0,NORMAL,10.8,1.9,5.0,9.4
16146,0.2626,0,NORMAL,10.7,3.0,5.8,11.1
16147,0.9079,0,WARNING,11.0,4.5,6.9,11.1
16148,0.4907,0,NORMAL,10.7,3.2,4.6,11.0
16149,0.8284,0,WARNING,11.0,5.4,12.7,16.9
16150,0.9923,0,WARNING,10.7,3.1,5.8,13.9
16151,0.4941,0,NORMAL,10.9,2.9,3.7,11.2
16152,0.5378,0,NORMAL,10.6,2.9,3.8,11.5
16153,0.6138,0,WARNING,10.7,3.4,4.8,11.9
16154,1.0,0,ANOMALY,13.0,17.6,12.8,17.6
16155,0.7932,0,WARNING,10.7,2.7,5.7,12.8
16156,0.6465,0,WARNING,10.7,2.7,4.2,11.6
16157,0.4632,0,NORMAL,10.8,3.3,4.3,10.8
16158,0.1562,0,NORMAL,10.7,2.0,3.6,9.7
16159,0.5545,0,NORMAL,10.9,4.2,12.4,15.2
16160,0.5376,0,NORMAL,10.7,2.6,5.1,11.1
16161,0.5377,0,NORMAL,10.8,2.8,3.5,11.2
16162,0.6771,0,WARNING,10.7,2.2,3.7,11.9
16163,0.4947,0,NORMAL,10.7,2.6,3.9,10.8
16164,1.0,0,ANOMALY,12.8,17.6,14.9,17.1
16165,0.5165,0,NORMAL,10.8,2.1,7.2,10.3
16166,0.2186,0,NORMAL,10.9,2.5,5.2,10.4
16167,0.2099,0,NORMAL,10.9,2.8,3.9,9.7
16168,0.3071,0,NORMAL,10.8,2.8,3.7,9.9
16169,0.8155,0,WARNING,11.1,5.0,12.3,15.2
16170,0.3046,0,NORMAL,10.8,2.8,5.0,9.6
16171,0.1672,0,NORMAL,10.8,2.6,3.3,9.8
16172,0.4946,0,NORMAL,10.8,2.3,3.5,11.0
16173,0.5776,0,NORMAL,10.8,3.3,3.9,11.2
16174,0.9981,0,WARNING,12.0,16.3,13.0,16.3
16175,0.4459,0,NORMAL,10.8,3.5,6.1,11.0
16176,0.5771,0,NORMAL,10.7,2.9,4.4,11.1
16177,0.3864,0,NORMAL,10.8,2.6,5.9,10.1
16178,0.4335,0,NORMAL,10.8,2.4,6.3,10.1
16179,0.5091,0,NORMAL,10.9,4.2,11.7,14.4
16180,0.9953,0,WARNING,10.8,3.9,6.4,13.4
16181,0.3947,0,NORMAL,10.8,3.0,3.4,10.5
16182,0.229,0,NORMAL,10.8,2.6,3.5,9.9
16183,0.3863,0,NORMAL,11.2,2.8,3.7,9.2
16184,1.0,0,ANOMALY,14.9,19.6,7.8,12.6
16185,0.5286,0,NORMAL,11.3,3.7,8.5,12.3
16186,0.6793,0,WARNING,11.2,3.5,5.1,10.3
16187,0.4904,0,NORMAL,11.2,2.6,6.0,9.8
16188,0.4594,0,NORMAL,11.2,2.5,6.6,9.9
16189,0.4509,0,NORMAL,11.2,3.4,7.7,11.1
16190,0.5783,0,NORMAL,11.1,3.4,14.1,14.6
16191,0.4015,0,NORMAL,11.1,2.9,5.9,9.5
16192,0.43,0,NORMAL,11.1,2.6,6.0,9.8
16193,0.4462,0,NORMAL,11.1,2.1,6.0,9.4
16194,1.0,0,ANOMALY,13.4,17.1,5.3,10.0
16195,0.5622,0,NORMAL,11.1,4.5,13.2,15.1
16196,0.3607,0,NORMAL,10.9,3.2,3.6,9.2
16197,0.6351,0,WARNING,11.0,3.6,3.2,9.9
16198,0.3245,0,NORMAL,10.9,3.0,3.0,9.5
16199,0.4576,0,NORMAL,10.9,3.4,3.6,10.1
16200,0.6624,0,WARNING,11.0,5.7,12.2,15.9
16201,0.4468,0,NORMAL,10.9,2.0,4.5,10.4
16202,0.4012,0,NORMAL,10.9,3.1,3.2,8.8
16203,0.8606,0,WARNING,11.1,4.4,3.4,9.3
16204,1.0,0,WARNING,12.7,16.2,3.7,10.6
16205,0.5408,0,NORMAL,11.0,4.0,12.1,15.9
16206,0.3323,0,NORMAL,10.8,2.2,5.1,9.2
16207,0.3201,0,NORMAL,10.9,2.4,3.3,9.0
16208,0.2107,0,NORMAL,10.8,2.5,3.0,9.2
16209,0.5777,0,NORMAL,10.8,2.9,3.3,10.7
16210,0.9947,0,WARNING,10.9,3.4,11.9,16.3
16211,0.503,0,NORMAL,10.9,3.4,4.8,9.3
16212,0.9988,0,WARNING,11.9,6.7,3.0,9.0
16213,0.698,0,WARNING,10.9,3.7,3.6,10.2
16214,1.0,0,ANOMALY,14.2,19.0,3.2,10.3
16215,0.8439,0,WARNING,11.2,5.3,12.2,14.8
16216,0.4013,0,NORMAL,10.8,3.0,4.9,9.0
16217,0.3951,0,NORMAL,10.8,3.6,3.4,10.3
16218,0.2053,0,NORMAL,10.8,2.6,3.2,9.1
16219,0.3878,0,NORMAL,10.8,3.5,3.1,9.3
16220,0.5421,0,NORMAL,10.9,4.2,12.0,15.8
16221,0.4469,0,NORMAL,10.8,2.6,4.9,10.1
16222,0.4944,0,NORMAL,10.8,2.6,3.7,10.4
16223,0.3887,0,NORMAL,10.8,2.5,3.5,9.0
16224,0.9979,0,WARNING,12.1,14.8,3.0,9.5
16225,0.5314,0,NORMAL,10.9,4.1,12.0,15.1
16226,0.5374,0,NORMAL,10.8,2.0,4.8,10.4
16227,0.4469,0,NORMAL,10.8,2.6,3.4,10.2
16228,0.4946,0,NORMAL,10.8,2.4,3.4,10.6
16229,0.2648,0,NORMAL,10.8,2.9,3.2,9.4
16230,0.4272,0,NORMAL,10.9,3.2,9.8,13.3
16231,0.2487,0,NORMAL,10.8,3.5,6.4,10.6
16232,0.5802,0,NORMAL,10.9,3.9,4.0,10.3
16233,0.415,0,NORMAL,10.8,3.0,5.5,10.7
16234,1.0,0,ANOMALY,14.3,19.6,6.4,9.7
16235,0.3814,0,NORMAL,10.9,3.9,8.9,12.1
16236,0.5374,0,NORMAL,10.9,3.8,9.0,13.3
16237,0.5772,0,NORMAL,10.8,2.8,3.7,10.7
16238,0.3954,0,NORMAL,10.8,3.8,3.9,10.3
16239,0.4473,0,NORMAL,10.9,3.0,4.0,10.3
16240,0.9923,0,WARNING,10.9,3.5,4.5,12.7
16241,0.4668,0,NORMAL,10.9,4.5,10.6,13.9
16242,0.4942,0,NORMAL,10.8,3.2,3.9,10.5
16243,0.4471,0,NORMAL,10.8,2.1,4.0,10.5
16244,0.9997,0,WARNING,12.5,16.6,3.3,8.8
16245,0.307,0,NORMAL,10.8,3.0,3.0,9.3
16246,0.5381,0,NORMAL,10.9,4.7,11.8,15.7
16247,0.4576,0,NORMAL,10.8,3.7,3.9,10.2
16248,0.2765,0,NORMAL,10.8,2.3,3.8,10.0
16249,0.4079,0,NORMAL,10.8,3.7,3.8,9.9
16250,0.4591,0,NORMAL,10.7,3.0,4.9,10.0
16251,0.6089,0,WARNING,11.0,4.8,14.3,15.9
16252,0.5409,0,NORMAL,10.9,3.8,8.2,10.4
16253,0.2593,0,NORMAL,10.8,2.1,5.0,10.0
16254,1.0,0,ANOMALY,15.8,20.5,3.5,9.9
16255,0.446,0,NORMAL,10.9,2.6,3.6,10.3
16256,0.6283,0,WARNING,11.0,3.3,12.4,15.8
16257,0.9911,0,WARNING,11.6,5.3,4.8,9.1
16258,0.4393,0,NORMAL,10.9,2.3,3.3,9.5
16259,0.6138,0,WARNING,10.9,3.3,3.7,11.0
16260,0.538,0,NORMAL,11.0,3.6,3.7,10.7
16261,0.5535,0,NORMAL,11.0,4.6,13.0,15.1
16262,0.3276,0,NORMAL,10.9,2.2,5.3,9.1
16263,0.4576,0,NORMAL,10.8,3.3,3.4,9.7
16264,1.0,0,ANOMALY,13.1,17.6,3.8,10.7
16265,0.4846,0,NORMAL,10.8,3.7,3.5,10.1
16266,0.531,0,NORMAL,10.9,4.7,12.0,14.9
16267,0.6852,0,WARNING,11.0,3.8,4.7,8.4
16268,0.6835,0,WARNING,10.9,3.1,2.9,8.5
16269,0.3066,0,NORMAL,10.8,1.9,2.8,9.2
16270,0.994,0,WARNING,10.9,2.0,3.5,13.2
16271,0.537,0,NORMAL,11.0,3.8,12.2,15.4
16272,0.4467,0,NORMAL,10.9,2.5,4.9,9.9
16273,0.2453,0,NORMAL,10.8,3.0,3.0,8.8
16274,1.0,0,ANOMALY,14.7,19.6,2.8,8.3
16275,0.3005,0,NORMAL,10.8,2.7,2.9,8.6
16276,0.5372,0,NORMAL,10.9,2.7,12.0,15.2
16277,0.3705,0,NORMAL,10.8,3.9,5.0,9.5
16278,0.3952,0,NORMAL,10.8,2.7,3.4,9.7
16279,0.2118,0,NORMAL,10.8,2.8,3.0,8.5
16280,0.176,0,NORMAL,10.8,2.6,2.9,8.3
16281,0.4353,0,NORMAL,10.9,3.9,9.8,13.6
16282,0.3927,0,NORMAL,10.8,3.3,6.3,10.1
16283,0.4748,0,NORMAL,10.9,3.6,3.6,9.6
16284,0.9988,0,WARNING,12.1,16.1,4.4,10.1
16285,0.2755,0,NORMAL,10.8,2.8,3.4,9.4
16286,0.8004,0,WARNING,11.0,5.5,7.5,12.3
16287,0.5549,0,NORMAL,10.9,5.0,8.9,12.7
16288,0.197,0,NORMAL,10.8,2.1,3.1,9.2
16289,0.1855,0,NORMAL,10.8,2.5,2.8,8.3
16290,0.1177,0,NORMAL,10.8,2.0,2.9,8.5
16291,0.219,0,NORMAL,10.7,2.4,4.0,9.6
16292,0.4804,0,NORMAL,10.8,3.9,10.9,14.2
16293,0.5948,0,NORMAL,10.8,3.7,3.2,9.7
16294,1.0,0,ANOMALY,14.0,19.0,2.9,8.5
16295,0.3054,0,NORMAL,10.7,1.9,2.8,8.4
16296,0.2765,0,NORMAL,10.7,2.4,2.7,9.3
16297,0.5252,0,NORMAL,10.7,3.4,11.7,15.3
16298,0.4175,0,NORMAL,10.7,2.7,4.2,8.8
16299,0.4331,0,NORMAL,10.7,3.6,3.0,8.5
16300,0.9958,0,WARNING,10.7,3.1,2.9,11.4
16301,0.3081,0,NORMAL,10.7,2.6,2.8,8.7
16302,0.5297,0,NORMAL,10.9,4.4,11.9,14.1
16303,0.4004,0,NORMAL,10.7,3.1,2.9,8.9
16304,1.0,0,ANOMALY,12.7,17.1,3.1,10.3
16305,0.2346,0,NORMAL,10.7,2.5,3.1,9.4
16306,0.1978,0,NORMAL,10.7,2.4,2.9,8.4
16307,0.5168,0,NORMAL,10.8,3.8,11.6,13.8
16308,0.2522,0,NORMAL,10.7,2.9,4.3,8.7
16309,0.4503,0,NORMAL,10.8,3.5,3.2,8.7
16310,0.3458,0,NORMAL,10.6,3.2,2.7,8.4
16311,0.4511,0,NORMAL,10.6,3.5,2.8,8.5
16312,0.777,0,WARNING,10.9,5.1,12.0,14.0
16313,0.7382,0,WARNING,10.6,3.7,2.9,9.3
16314,1.0,0,ANOMALY,14.0,18.9,3.8,9.8
16315,0.3386,0,NORMAL,10.6,3.3,4.8,9.9
16316,0.4078,0,NORMAL,10.6,3.5,6.0,9.2
16317,0.8283,0,WARNING,11.2,7.5,14.0,14.9
16318,0.4467,0,NORMAL,10.6,2.9,5.3,9.8
16319,0.3951,0,NORMAL,10.6,2.8,3.2,9.6
16320,0.1242,0,NORMAL,10.6,2.3,3.0,8.8
16321,0.1258,0,NORMAL,10.6,2.3,2.7,8.3
16322,0.5199,0,NORMAL,10.7,3.4,11.7,14.0
16323,0.3384,0,NORMAL,10.7,3.5,3.4,9.6
16324,1.0,0,ANOMALY,13.7,18.7,3.1,9.5
16325,0.3375,0,NORMAL,10.6,2.7,3.2,9.5
16326,0.5377,0,NORMAL,10.7,2.5,3.2,10.2
16327,0.54,0,NORMAL,10.8,4.9,12.4,15.6
16328,0.3382,0,NORMAL,10.7,2.5,4.8,9.5
16329,0.4439,0,NORMAL,10.7,2.8,3.1,9.7
16330,0.9971,0,WARNING,10.6,2.2,3.2,13.1
16331,0.2872,0,NORMAL,10.6,2.6,3.0,8.6
16332,0.4246,0,NORMAL,10.9,4.1,9.6,12.6
16333,0.3886,0,NORMAL,10.7,3.5,6.2,9.6
16334,1.0,0,ANOMALY,13.4,18.2,3.8,8.9
16335,0.2337,0,NORMAL,10.7,2.5,4.7,9.3
16336,0.3951,0,NORMAL,10.6,3.4,4.4,9.9
16337,0.4456,0,NORMAL,10.8,4.2,7.6,11.2
16338,0.293,0,NORMAL,10.6,2.5,8.3,11.3
16339,0.4142,0,NORMAL,10.6,3.4,3.3,8.6
16340,0.3874,0,NORMAL,10.6,2.7,5.6,9.1
16341,0.237,0,NORMAL,10.6,2.6,4.5,9.0
16342,0.4946,0,NORMAL,10.6,2.3,4.7,10.7
16343,0.4554,0,NORMAL,10.7,3.0,10.8,14.1
16344,1.0,0,ANOMALY,13.5,17.5,3.2,9.6
16345,0.329,0,NORMAL,10.6,2.5,2.8,8.3
16346,0.1818,0,NORMAL,10.6,1.9,2.6,8.1
16347,0.2081,0,NORMAL,10.6,2.9,2.7,8.7
16348,0.5379,0,NORMAL,10.7,3.2,11.9,15.4
16349,0.7858,0,WARNING,10.9,3.5,3.0,9.3
16350,0.3953,0,NORMAL,10.7,2.0,3.1,9.5
16351,0.2382,0,NORMAL,10.7,2.0,2.9,8.1
16352,0.1339,0,NORMAL,10.6,2.6,2.8,8.3
16353,0.5156,0,NORMAL,10.7,3.9,11.7,13.8
16354,1.0,0,ANOMALY,14.1,19.0,3.0,9.1
16355,0.3919,0,NORMAL,10.6,2.1,2.8,9.0
16356,0.3082,0,NORMAL,10.6,2.4,3.2,9.2
16357,0.3082,0,NORMAL,10.7,2.7,2.8,8.1
16358,0.5475,0,NORMAL,10.8,3.3,12.2,14.7
16359,0.3383,0,NORMAL,10.7,2.6,5.3,9.8
16360,0.9953,0,WARNING,10.6,2.3,5.7,12.2
16361,0.3153,0,NORMAL,10.6,3.5,6.2,9.2
16362,0.6346,0,WARNING,10.7,3.2,3.7,9.4
16363,0.5436,0,NORMAL,10.8,4.3,12.5,15.0
16364,1.0,0,ANOMALY,13.6,19.2,5.2,9.1
16365,0.8727,0,WARNING,10.8,4.1,3.5,8.6
16366,0.8361,0,WARNING,10.8,4.9,4.0,9.3
16367,0.4396,0,NORMAL,10.6,3.5,4.0,9.0
16368,0.5623,0,NORMAL,10.8,4.2,12.9,14.5
16369,0.4468,0,NORMAL,10.7,3.3,5.5,10.1
16370,0.3878,0,NORMAL,10.6,3.3,3.2,8.5
16371,0.4946,0,NORMAL,10.7,2.4,3.3,9.9
16372,0.3388,0,NORMAL,10.7,2.6,3.4,9.4
16373,0.5349,0,NORMAL,10.8,3.8,12.3,14.8
16374,0.9991,0,WARNING,12.1,17.4,4.9,8.7
16375,0.4503,0,NORMAL,10.7,3.2,3.3,9.3
16376,0.495,0,NORMAL,10.7,3.0,3.0,8.3
16377,0.6498,0,WARNING,11.0,4.7,2.9,8.4
16378,0.5313,0,NORMAL,10.8,3.5,12.0,14.6
16379,0.3951,0,NORMAL,10.6,2.5,4.9,9.5
16380,0.3094,0,NORMAL,10.6,2.2,2.7,7.2
16381,0.1795,0,NORMAL,10.7,2.0,2.6,8.0
16382,0.586,0,NORMAL,10.7,3.5,3.3,10.0
16383,0.4302,0,NORMAL,10.8,3.4,10.2,13.0
16384,1.0,0,ANOMALY,13.8,18.7,5.8,9.3
16385,0.4143,0,NORMAL,10.6,2.1,2.9,9.1
16386,0.395,0,NORMAL,10.6,2.5,3.1,9.4
16387,0.3954,0,NORMAL,10.6,2.8,3.4,9.6
16388,0.3955,0,NORMAL,10.6,2.8,7.5,12.2
16389,0.4472,0,NORMAL,10.7,4.1,8.5,12.5
16390,0.9971,0,WARNING,10.8,3.9,3.4,12.2
16391,0.3973,0,NORMAL,10.6,2.9,3.1,8.2
16392,0.1175,0,NORMAL,10.6,2.3,3.0,8.2
16393,0.5295,0,NORMAL,10.7,3.7,4.6,10.2
16394,1.0,0,ANOMALY,13.2,19.1,11.2,14.3
16395,0.4458,0,NORMAL,10.6,2.2,3.3,9.6
16396,0.4943,0,NORMAL,10.6,2.7,3.9,9.9
16397,0.3954,0,NORMAL,10.6,2.5,3.6,9.5
16398,0.3462,0,NORMAL,10.6,3.0,3.0,8.1
16399,0.5571,0,NORMAL,10.7,4.2,11.7,13.6
16400,0.2936,0,NORMAL,10.5,2.8,2.9,8.1
16401,0.3954,0,NORMAL,10.5,2.6,3.2,9.4
16402,0.3388,0,NORMAL,10.5,2.4,3.2,9.2
16403,0.3311,0,NORMAL,10.6,3.5,3.4,9.1
16404,0.9997,0,WARNING,12.4,18.1,12.0,13.6
16405,0.4446,0,NORMAL,10.6,3.6,3.8,8.2
16406,0.7132,0,WARNING,10.7,4.4,3.1,8.7
16407,0.1991,0,NORMAL,10.6,2.6,3.5,8.6
16408,0.3459,0,NORMAL,10.6,3.2,3.3,8.4
16409,0.5121,0,NORMAL,10.8,3.5,10.9,14.4
16410,0.3951,0,NORMAL,10.7,3.0,5.1,9.5
16411,0.7528,0,WARNING,10.7,3.6,3.6,9.5
16412,0.2188,0,NORMAL,10.7,2.5,3.4,8.3
16413,0.3457,0,NORMAL,10.7,3.3,3.2,8.2
16414,1.0,0,ANOMALY,13.8,19.6,11.0,14.0
16415,0.511,0,NORMAL,10.8,3.2,5.3,9.6
16416,0.5299,0,NORMAL,10.7,3.6,3.4,9.4
16417,0.3094,0,NORMAL,10.7,2.9,3.2,8.5
16418,0.1993,0,NORMAL,10.8,1.9,2.8,7.4
16419,0.507,0,NORMAL,10.9,3.5,10.7,13.3
16420,0.9818,0,WARNING,10.8,3.2,5.1,11.9
16421,0.8246,0,WARNING,10.9,3.3,3.8,8.8
16422,0.1667,0,NORMAL,10.7,3.0,4.9,9.1
16423,0.1709,0,NORMAL,10.7,2.8,5.7,9.1
16424,1.0,0,ANOMALY,12.8,17.4,13.8,14.1
16425,0.4107,0,NORMAL,10.7,2.9,6.8,8.6
16426,0.6885,0,WARNING,10.6,2.8,6.8,9.3
16427,1.0,0,WARNING,10.6,2.2,16.1,10.1
16428,1.0,0,ANOMALY,11.1,3.4,27.7,16.7
16429,1.0,0,ANOMALY,11.4,4.8,24.4,18.1
16430,1.0,0,ANOMALY,11.5,5.2,23.2,16.2
16431,0.9411,0,WARNING,11.6,6.3,13.5,16.4
16432,0.3473,0,NORMAL,10.8,2.0,5.3,8.5
16433,0.3385,0,NORMAL,10.7,2.9,3.2,9.0
16434,1.0,0,ANOMALY,14.1,19.6,9.3,12.8
16435,0.6356,0,WARNING,10.6,4.7,5.8,8.9
16436,0.3949,0,NORMAL,10.5,2.3,3.2,8.9
16437,0.3388,0,NORMAL,10.5,3.3,3.1,8.0
16438,0.2123,0,NORMAL,10.5,2.6,3.0,7.8
16439,0.2605,0,NORMAL,10.4,2.8,6.5,10.3
16440,0.2682,0,NORMAL,10.5,2.8,7.5,10.5
16441,0.2282,0,NORMAL,10.4,2.6,3.0,7.7
16442,0.3579,0,NORMAL,10.4,2.8,2.9,7.6
16443,0.3389,0,NORMAL,10.4,2.4,2.8,8.6
16444,1.0,0,ANOMALY,12.4,16.5,4.1,9.5
16445,0.4359,0,NORMAL,10.5,3.1,9.5,12.9
16446,0.2504,0,NORMAL,10.4,2.3,2.7,7.4
16447,0.1615,0,NORMAL,10.5,2.3,2.7,7.4
16448,0.1268,0,NORMAL,10.5,2.5,2.7,8.0
16449,0.339,0,NORMAL,10.5,2.8,2.9,8.5
16450,0.9971,0,WARNING,10.6,2.7,10.2,16.9
16451,0.4964,0,NORMAL,10.5,2.5,2.9,8.2
16452,0.4471,0,NORMAL,10.5,2.2,3.2,8.8
16453,0.4266,0,NORMAL,10.6,3.6,3.1,7.7
16454,1.0,0,ANOMALY,13.0,18.0,2.9,7.5
16455,0.5073,0,NORMAL,10.6,2.7,10.1,12.6
16456,0.338,0,NORMAL,10.5,1.9,3.8,8.3
16457,0.4471,0,NORMAL,10.5,2.1,3.0,8.8
16458,0.538,0,NORMAL,10.6,3.7,3.2,9.1
16459,0.8055,0,WARNING,10.8,4.0,3.1,8.5
16460,0.5347,0,NORMAL,10.7,3.6,10.7,12.9
16461,0.4266,0,NORMAL,10.6,3.4,4.5,7.0
16462,0.2104,0,NORMAL,10.6,2.6,2.8,7.2
16463,0.4451,0,NORMAL,10.6,3.5,2.7,7.1
16464,1.0,0,ANOMALY,13.5,18.5,2.7,7.1
16465,0.5544,0,NORMAL,10.8,4.2,10.0,12.3
16466,0.3095,0,NORMAL,10.7,2.7,2.6,6.9
16467,0.5138,0,NORMAL,10.8,4.1,2.6,7.3
16468,0.3438,0,NORMAL,10.8,2.5,2.4,6.9
16469,0.4406,0,NORMAL,10.8,2.0,2.5,7.0
16470,0.4965,0,NORMAL,10.8,2.6,10.0,12.6
16471,0.2719,0,NORMAL,10.7,2.6,3.1,7.3
16472,0.1753,0,NORMAL,10.7,2.5,2.7,7.1
16473,0.2517,0,NORMAL,10.7,2.7,2.6,7.1
16474,1.0,0,ANOMALY,14.1,18.5,2.7,7.6
16475,0.5021,0,NORMAL,10.8,2.6,10.3,12.8
16476,0.2799,0,NORMAL,10.7,2.2,3.6,7.3
16477,0.1607,0,NORMAL,10.7,2.5,2.7,7.0
16478,0.2656,0,NORMAL,10.7,2.0,2.6,6.5
16479,0.1848,0,NORMAL,10.7,2.2,2.7,7.1
16480,0.9977,0,WARNING,10.8,2.6,10.3,16.1
16481,0.4962,0,NORMAL,10.7,2.6,4.6,7.7
16482,0.4944,0,NORMAL,10.7,2.1,2.9,8.5
16483,0.5379,0,NORMAL,10.7,2.1,2.9,8.5
16484,1.0,0,ANOMALY,13.0,16.9,2.9,8.2
16485,0.4475,0,NORMAL,10.8,1.9,9.4,12.6
16486,0.2761,0,NORMAL,10.7,1.9,4.6,8.1
16487,0.3385,0,NORMAL,10.7,2.7,2.5,7.7
16488,0.4473,0,NORMAL,10.7,1.8,2.7,8.2
16489,0.5381,0,NORMAL,10.7,2.0,2.8,8.4
16490,0.5777,0,NORMAL,10.7,2.5,7.0,11.3
16491,0.3101,0,NORMAL,10.7,2.5,7.7,10.0
16492,0.5773,0,NORMAL,10.7,2.0,2.8,8.3
16493,0.1266,0,NORMAL,10.7,2.3,2.5,6.8
16494,1.0,0,ANOMALY,13.8,18.1,2.1,6.3
16495,0.3106,0,NORMAL,10.7,2.2,3.5,7.3
16496,0.4118,0,NORMAL,10.8,2.8,8.2,11.3
16497,1.0,0,ANOMALY,12.9,18.0,3.7,7.5
16498,0.3386,0,NORMAL,10.8,2.4,2.6,7.9
16499,0.538,0,NORMAL,10.7,1.9,2.9,8.3
16500,0.4474,0,NORMAL,10.7,2.3,3.0,8.1
16501,0.538,0,NORMAL,10.8,2.6,11.0,13.6
16502,0.4469,0,NORMAL,10.7,2.0,2.9,7.9
16503,0.4946,0,NORMAL,10.7,2.3,2.5,7.9
16504,0.9973,0,WARNING,11.9,14.7,2.6,7.2
16505,0.3068,0,NORMAL,10.7,2.0,2.1,6.0
16506,0.4914,0,NORMAL,10.8,2.7,9.8,11.3
16507,0.2245,0,NORMAL,10.7,2.2,2.0,6.1
16508,0.46,0,NORMAL,10.7,2.4,2.6,6.3
16509,0.835,0,WARNING,10.8,3.1,2.1,7.0
16510,0.9623,0,WARNING,10.7,2.0,2.7,9.1
16511,0.5118,0,NORMAL,10.8,2.4,10.3,11.4
16512,0.2954,0,NORMAL,10.6,1.8,3.5,6.3
16513,0.2941,0,NORMAL,10.6,2.7,2.5,6.1
16514,1.0,0,ANOMALY,13.8,18.5,2.7,7.1
16515,0.2755,0,NORMAL,10.6,3.0,2.4,7.1
16516,0.4808,0,NORMAL,10.8,2.9,10.0,11.5
16517,0.7262,0,WARNING,10.7,3.3,3.4,6.1
16518,0.7915,0,WARNING,10.8,3.8,2.0,6.3
16519,0.3389,0,NORMAL,10.7,2.2,2.3,7.2
16520,0.1254,0,NORMAL,10.7,1.7,2.1,5.9
16521,0.4858,0,NORMAL,10.8,3.0,9.7,11.3
16522,0.3095,0,NORMAL,10.7,2.3,4.3,6.8
16523,0.2279,0,NORMAL,10.7,2.8,4.8,6.9
16524,1.0,0,ANOMALY,14.4,19.1,5.5,6.9
16525,0.3795,0,NORMAL,10.7,3.0,3.5,6.5
16526,0.4863,0,NORMAL,10.7,3.3,10.0,12.2
16527,0.395,0,NORMAL,10.7,2.3,3.9,7.0
16528,0.2088,0,NORMAL,10.7,2.0,2.4,6.7
16529,0.3873,0,NORMAL,10.7,2.3,2.0,5.5
16530,0.306,0,NORMAL,10.7,2.0,1.9,5.5
16531,0.4859,0,NORMAL,10.7,2.2,9.7,11.5
16532,0.4502,0,NORMAL,10.7,2.8,2.5,5.0
16533,0.1239,0,NORMAL,10.7,2.7,1.7,5.2
16534,1.0,0,WARNING,12.6,16.3,1.9,5.6
16535,0.2757,0,NORMAL,10.7,1.8,2.1,6.6
16536,0.4473,0,NORMAL,10.7,2.6,9.2,11.4
16537,0.3951,0,NORMAL,10.7,2.8,4.5,7.4
16538,0.3091,0,NORMAL,10.7,2.1,2.2,5.6
16539,0.1699,0,NORMAL,10.7,2.1,2.2,5.0
16540,0.9923,0,WARNING,10.7,1.4,1.5,6.7
16541,0.2601,0,NORMAL,10.7,2.0,5.7,6.9
16542,0.2125,0,NORMAL,10.7,1.5,5.5,6.4
16543,0.1683,0,NORMAL,10.7,1.6,1.7,4.4
16544,1.0,0,ANOMALY,14.4,18.7,1.5,4.5
16545,0.3058,0,NORMAL,10.7,2.4,1.7,5.2
16546,0.1659,0,NORMAL,10.7,2.1,3.2,6.4
16547,0.3992,0,NORMAL,10.7,3.4,7.9,9.7
16548,0.1587,0,NORMAL,10.7,2.5,1.8,5.2
16549,0.2396,0,NORMAL,10.6,2.9,2.1,5.5
16550,0.1353,0,NORMAL,10.7,1.9,3.8,6.5
16551,0.2046,0,NORMAL,10.7,2.8,4.9,6.3
16552,0.5952,0,NORMAL,10.8,3.0,12.1,11.3
16553,0.2761,0,NORMAL,10.7,2.5,3.8,6.7
16554,1.0,0,ANOMALY,13.4,17.6,2.1,4.4
16555,0.4159,0,NORMAL,10.7,2.7,3.9,6.0
16556,0.3932,0,NORMAL,10.7,3.3,4.8,6.0
16557,0.5321,0,NORMAL,10.8,4.0,11.2,11.4
16558,0.2699,0,NORMAL,10.7,3.1,4.8,6.5
16559,0.3374,0,NORMAL,10.7,3.0,4.9,6.0
16560,0.2164,0,NORMAL,10.7,2.3,3.9,5.8
16561,0.8398,0,WARNING,10.9,3.2,2.0,5.4
16562,0.602,0,WARNING,10.8,2.9,9.7,10.6
16563,0.2061,0,NORMAL,10.7,2.1,3.2,5.2
16564,1.0,0,ANOMALY,14.6,18.8,1.4,4.1
16565,0.9999,0,WARNING,10.6,1.7,1.2,3.7
16566,0.9999,0,WARNING,10.6,0.8,1.4,3.8
16567,0.4806,0,NORMAL,10.8,2.2,9.4,9.4
16568,0.3351,0,NORMAL,10.8,2.0,1.5,5.0
16569,0.387,0,NORMAL,10.7,1.2,1.6,5.5
16570,0.9932,0,WARNING,10.8,1.1,1.9,9.5
16571,0.4472,0,NORMAL,10.7,2.5,2.3,7.0
16572,0.4947,0,NORMAL,10.7,2.3,10.2,12.4
16573,0.4469,0,NORMAL,10.7,1.6,4.0,7.1
16574,1.0,0,ANOMALY,13.1,16.7,2.1,7.2
16575,0.3376,0,NORMAL,10.7,2.5,2.2,6.7
16576,0.2169,0,NORMAL,10.7,1.9,1.8,4.8
16577,0.4752,0,NORMAL,10.7,2.8,9.4,9.2
16578,0.9999,0,WARNING,10.6,1.3,1.7,5.3
16579,0.2001,0,NORMAL,10.7,1.7,1.6,5.6
16580,0.277,0,NORMAL,10.7,1.7,1.7,5.9
16581,0.2093,0,NORMAL,10.7,1.7,2.0,6.0
16582,0.6009,0,WARNING,10.8,3.5,9.7,10.6
16583,0.5079,0,NORMAL,10.7,3.6,2.1,6.6
16584,1.0,0,ANOMALY,12.8,16.5,1.9,5.5
16585,0.307,0,NORMAL,10.7,2.3,1.8,5.6
16586,0.3386,0,NORMAL,10.7,2.2,1.8,6.1
16587,0.4356,0,NORMAL,10.7,2.6,9.1,10.5
16588,0.2043,0,NORMAL,10.7,2.1,4.3,6.7
16589,0.1176,0,NORMAL,10.7,2.2,2.0,6.3
16590,0.1954,0,NORMAL,10.7,1.8,1.9,6.3
16591,0.1599,0,NORMAL,10.7,2.2,1.6,6.3
16592,0.4948,0,NORMAL,10.8,3.5,6.8,10.7
16593,0.3896,0,NORMAL,10.7,3.0,6.4,7.8
16594,1.0,0,ANOMALY,16.4,21.7,1.8,5.1
16595,0.4626,0,NORMAL,10.7,2.2,1.6,5.1
16596,0.4203,0,NORMAL,10.7,3.2,1.9,6.1
16597,0.4008,0,NORMAL,10.7,3.3,3.8,7.4
16598,0.3993,0,NORMAL,10.7,2.6,8.4,8.5
16599,0.1316,0,NORMAL,10.7,1.8,1.7,4.2
16600,0.9859,0,WARNING,10.7,1.2,1.2,6.2
16601,0.2199,0,NORMAL,10.7,1.6,1.2,3.4
16602,0.2466,0,NORMAL,10.7,1.7,1.1,3.4
16603,0.4802,0,NORMAL,10.7,2.5,9.3,8.8
16604,1.0,0,ANOMALY,12.7,15.8,1.2,3.4
16605,0.9999,0,WARNING,10.6,1.4,1.1,3.4
16606,0.9999,0,WARNING,10.6,1.3,1.1,3.4
16607,0.9999,0,WARNING,10.6,1.8,1.2,3.9
16608,0.4749,0,NORMAL,10.7,2.2,9.2,10.0
16609,0.3953,0,NORMAL,10.7,2.4,1.6,6.0
16610,0.2849,0,NORMAL,10.7,2.7,1.8,5.3
16611,0.2769,0,NORMAL,10.7,2.1,1.5,5.8
16612,0.175,0,NORMAL,10.7,2.0,1.9,5.7
16613,0.8951,0,WARNING,11.0,4.6,9.8,10.1
16614,1.0,0,ANOMALY,13.4,18.1,1.4,4.5
16615,0.3231,0,NORMAL,10.7,1.8,1.3,4.2
16616,0.9999,0,WARNING,10.6,1.3,1.3,3.8
16617,0.1777,0,NORMAL,10.7,1.8,1.2,3.6
16618,0.475,0,NORMAL,10.7,2.2,9.4,9.5
16619,0.1914,0,NORMAL,10.7,2.0,1.4,4.9
16620,0.3955,0,NORMAL,10.7,2.8,1.8,6.1
16621,0.9761,0,WARNING,11.4,6.7,1.7,5.2
16622,0.9999,0,WARNING,10.6,1.7,1.4,4.1
16623,0.4749,0,NORMAL,10.7,2.6,9.3,9.1
16624,1.0,0,ANOMALY,12.9,15.6,1.3,4.1
16625,0.9999,0,WARNING,10.6,1.9,1.1,3.5
16626,0.9999,0,WARNING,10.6,2.2,1.4,3.8
16627,0.9999,0,WARNING,10.6,1.3,1.2,3.4
16628,0.4804,0,NORMAL,10.7,2.7,9.5,8.9
16629,0.2773,0,NORMAL,10.7,1.8,1.6,3.9
16630,0.9971,0,WARNING,10.7,3.1,1.7,7.8
16631,0.3461,0,NORMAL,10.7,3.3,1.6,4.5
16632,0.2168,0,NORMAL,10.8,2.0,1.5,3.8
16633,0.4749,0,NORMAL,10.8,3.6,9.6,9.2
16634,1.0,0,ANOMALY,13.9,18.4,2.2,4.3
16635,0.2904,0,NORMAL,10.8,2.8,1.2,3.7
16636,0.9999,0,WARNING,10.7,1.8,1.1,3.3
16637,0.9999,0,WARNING,10.7,1.6,1.7,4.8
16638,0.4235,0,NORMAL,10.8,2.6,8.5,8.5
16639,0.2188,0,NORMAL,10.8,2.0,2.6,4.1
16640,0.3067,0,NORMAL,10.8,1.8,1.4,4.0
16641,0.9999,0,WARNING,10.6,1.9,1.0,3.7
16642,0.1948,0,NORMAL,10.7,2.0,1.3,5.0
16643,0.2884,0,NORMAL,10.8,2.0,5.5,6.5
16644,0.9997,0,WARNING,12.4,15.8,5.5,5.9
16645,0.9999,0,WARNING,10.6,1.7,1.1,3.3
16646,0.9999,0,WARNING,10.6,1.7,1.0,3.1
16647,0.9999,0,WARNING,10.6,1.5,1.1,3.2
16648,0.3855,0,NORMAL,10.7,1.7,2.4,3.9
16649,0.4051,0,NORMAL,10.7,1.9,7.7,7.9
16650,0.2074,0,NORMAL,10.7,1.4,1.2,4.2
16651,0.9999,0,WARNING,10.6,2.1,1.4,4.9
16652,0.196,0,NORMAL,10.7,2.1,1.4,4.6
16653,0.2294,0,NORMAL,10.7,1.6,1.3,4.5
16654,1.0,0,ANOMALY,13.5,18.1,9.5,9.1
16655,0.9999,0,WARNING,10.6,1.6,1.2,3.5
16656,0.9999,0,WARNING,10.6,1.4,1.0,3.0
16657,0.9999,0,WARNING,10.6,1.6,1.0,3.3
16658,0.9999,0,WARNING,10.9,3.7,1.6,3.9
16659,0.5218,0,NORMAL,10.7,3.2,10.7,10.8
16660,0.9971,0,WARNING,10.7,2.0,2.6,8.5
16661,0.3941,0,NORMAL,10.7,2.0,2.5,4.5
16662,0.2219,0,NORMAL,10.8,2.4,2.3,4.2
16663,0.9999,0,WARNING,10.6,1.8,1.3,3.8
16664,1.0,0,ANOMALY,12.7,16.7,9.8,10.2
16665,0.9999,0,WARNING,10.7,3.7,1.2,3.6
16666,0.9999,0,WARNING,10.6,1.6,0.9,3.1
16667,0.9999,0,WARNING,10.6,1.4,1.0,3.3
16668,0.2772,0,NORMAL,10.7,2.2,1.4,5.2
16669,0.4749,0,NORMAL,10.7,3.1,9.7,9.9
16670,0.2865,0,NORMAL,10.7,3.0,1.6,4.7
16671,0.3071,0,NORMAL,10.7,1.6,2.1,5.0
16672,0.3069,0,NORMAL,10.7,1.9,1.9,3.8
16673,0.1788,0,NORMAL,10.7,1.6,2.1,4.6
16674,1.0,0,ANOMALY,12.6,17.0,10.5,9.3
16675,0.9999,0,WARNING,10.6,1.4,3.0,3.4
16676,0.9999,0,WARNING,10.6,2.1,1.0,2.9
16677,0.9999,0,WARNING,10.6,1.9,1.0,3.0
16678,0.9999,0,WARNING,10.6,1.8,0.9,3.0
16679,0.4749,0,NORMAL,10.7,2.9,9.4,8.6
16680,0.7732,0,WARNING,11.0,5.0,1.5,4.0
16681,0.1686,0,NORMAL,10.7,1.9,1.4,4.4
16682,0.9999,0,WARNING,10.6,3.0,1.3,5.3
16683,0.4474,0,NORMAL,10.8,2.5,1.6,6.0
16684,0.9997,0,WARNING,12.5,18.5,9.5,9.2
16685,0.4029,0,NORMAL,10.7,1.7,3.1,5.4
16686,0.3382,0,NORMAL,10.7,1.9,1.6,5.6
16687,0.3073,0,NORMAL,10.7,2.2,1.6,4.6
16688,0.3957,0,NORMAL,10.7,3.1,1.5,5.7
16689,0.4175,0,NORMAL,10.7,2.2,8.9,10.2
16690,0.999,0,WARNING,10.7,2.0,3.8,7.8
16691,0.9999,0,WARNING,10.6,0.9,1.0,3.3
16692,0.9999,0,WARNING,10.6,1.3,1.0,3.0
16693,0.9999,0,WARNING,10.6,1.2,1.0,3.5
16694,1.0,0,ANOMALY,13.8,17.9,5.7,6.7
16695,0.3646,0,NORMAL,10.8,3.2,5.4,6.6
16696,0.2762,0,NORMAL,10.7,1.9,1.4,5.0
16697,0.9999,0,WARNING,10.6,1.7,1.2,4.0
16698,0.9999,0,WARNING,10.6,1.3,1.3,5.1
16699,0.2033,0,NORMAL,10.7,1.8,2.7,5.0
16700,0.3926,0,NORMAL,10.7,2.9,8.4,9.3
16701,0.9999,0,WARNING,10.6,1.4,1.1,3.7
16702,0.9999,0,WARNING,10.6,1.4,1.0,3.7
16703,0.9999,0,WARNING,10.7,2.3,1.0,3.3
16704,0.9999,0,WARNING,11.8,13.7,0.8,2.8
16705,0.4752,0,NORMAL,10.8,2.5,9.4,8.4
16706,0.9999,0,WARNING,10.6,1.6,0.8,2.8
16707,0.9999,0,WARNING,10.6,1.5,0.9,2.9
16708,0.9999,0,WARNING,10.6,1.1,0.9,2.9
16709,0.9999,0,WARNING,10.6,1.4,0.9,2.9
16710,0.4748,0,NORMAL,10.7,2.5,9.5,8.2
16711,0.9999,0,WARNING,10.6,0.8,0.9,2.8
16712,0.9999,0,WARNING,10.6,1.3,0.9,2.8
16713,0.9999,0,WARNING,10.6,0.8,0.9,2.9
16714,1.0,0,ANOMALY,13.5,17.0,0.9,2.8
16715,0.4752,0,NORMAL,10.7,2.5,9.4,8.5
16716,0.9999,0,WARNING,10.6,1.6,1.0,3.1
16717,0.9999,0,WARNING,10.6,1.3,0.9,3.2
16718,0.9999,0,WARNING,10.6,1.8,0.9,2.8
16719,0.3055,0,NORMAL,10.7,1.9,1.3,3.9
16720,0.9958,0,WARNING,10.7,2.5,9.7,12.0
16721,0.5276,0,NORMAL,10.7,2.0,1.4,4.2
16722,0.9999,0,WARNING,10.7,2.5,0.9,3.0
16723,0.1926,0,NORMAL,10.7,1.7,1.2,4.0
16724,0.9967,0,WARNING,12.2,15.0,1.2,4.4
16725,0.4697,0,NORMAL,10.7,3.1,9.6,9.0
16726,0.9999,0,WARNING,10.7,2.8,1.0,3.2
16727,0.9999,0,WARNING,10.7,2.2,1.1,3.5
16728,0.3535,0,NORMAL,10.8,2.1,1.3,4.4
16729,0.2771,0,NORMAL,10.7,2.0,1.4,5.4
16730,0.4749,0,NORMAL,10.8,2.8,9.7,8.9
16731,0.9999,0,WARNING,10.6,1.4,1.2,2.8
16732,0.9999,0,WARNING,10.6,1.3,1.0,2.8
16733,0.9999,0,WARNING,10.6,1.7,0.9,2.9
16734,1.0,0,ANOMALY,13.8,18.6,0.9,2.8
16735,0.4752,0,NORMAL,10.8,2.0,9.6,8.3
16736,0.9999,0,WARNING,10.6,1.5,1.8,3.1
16737,0.5442,0,NORMAL,10.8,2.8,1.3,4.2
16738,0.9999,0,WARNING,10.6,1.7,1.0,3.2
16739,0.9999,0,WARNING,10.6,1.6,1.0,3.1
16740,0.3668,0,NORMAL,10.7,2.5,7.7,7.7
16741,0.1935,0,NORMAL,10.8,1.3,4.5,5.4
16742,0.3078,0,NORMAL,10.8,1.5,1.7,4.4
16743,0.9999,0,WARNING,10.8,1.9,1.9,5.2
16744,0.9964,0,WARNING,11.5,12.7,1.7,5.4
16745,0.2832,0,NORMAL,10.8,2.1,6.3,6.7
16746,0.2449,0,NORMAL,10.8,2.1,6.6,6.0
16747,0.9999,0,WARNING,10.6,1.3,1.0,3.3
16748,0.9371,0,WARNING,11.0,4.1,1.6,5.7
16749,0.9999,0,WARNING,10.6,1.7,1.3,5.1
16750,0.9963,0,WARNING,10.7,1.8,2.4,7.6
16751,0.491,0,NORMAL,10.8,2.7,11.1,11.1
16752,0.3763,0,NORMAL,10.7,2.7,4.6,5.8
16753,0.307,0,NORMAL,10.7,2.0,4.9,6.5
16754,1.0,0,ANOMALY,14.5,19.7,4.9,6.4
16755,0.3506,0,NORMAL,10.9,2.4,4.9,6.9
16756,0.5828,0,NORMAL,10.9,4.4,13.6,13.0
16757,0.3947,0,NORMAL,10.8,2.5,4.2,7.3
16758,0.9999,0,WARNING,10.6,2.1,1.8,4.3
16759,0.3057,0,NORMAL,10.7,1.9,1.4,4.1
16760,0.214,0,NORMAL,10.7,2.8,1.4,4.3
16761,0.5318,0,NORMAL,10.7,2.8,11.2,11.0
16762,0.23,0,NORMAL,10.7,2.8,2.7,5.2
16763,0.2256,0,NORMAL,10.7,1.6,3.6,5.2
16764,0.999,0,WARNING,12.3,14.9,2.7,5.2
16765,0.3945,0,NORMAL,10.7,2.7,2.2,5.8
16766,0.6037,0,WARNING,10.8,3.9,13.0,10.7
16767,0.3786,0,NORMAL,10.7,2.1,5.0,5.1
16768,0.3951,0,NORMAL,10.7,2.1,1.8,5.6
16769,0.4473,0,NORMAL,10.7,1.4,1.4,5.7
16770,0.9999,0,WARNING,10.6,2.3,1.1,3.2
16771,0.4804,0,NORMAL,10.7,2.1,10.0,9.0
16772,0.3096,0,NORMAL,10.7,2.2,2.4,4.5
16773,0.2207,0,NORMAL,10.7,1.3,4.9,5.5
16774,1.0,0,ANOMALY,13.5,17.5,5.9,6.2
16775,0.382,0,NORMAL,10.7,2.4,2.1,4.4
16776,0.4808,0,NORMAL,10.7,2.7,10.0,9.6
16777,0.9999,0,WARNING,10.6,1.1,1.6,3.6
16778,0.9999,0,WARNING,10.6,1.7,1.0,3.7
16779,0.9999,0,WARNING,10.6,1.2,0.9,3.6
16780,0.9975,0,WARNING,10.7,1.8,1.1,6.3
16781,0.4748,0,NORMAL,10.7,3.1,9.9,8.8
16782,0.2909,0,NORMAL,10.8,2.1,4.2,5.2
16783,0.2043,0,NORMAL,10.8,1.8,4.5,5.3
16784,0.9999,0,WARNING,11.5,12.7,1.3,3.9
16785,0.19,0,NORMAL,10.7,2.1,1.3,3.2
16786,0.5868,0,NORMAL,10.9,2.4,12.3,10.0
16787,0.9999,0,WARNING,10.7,2.3,2.7,3.3
16788,0.9999,0,WARNING,10.6,1.8,1.1,3.4
16789,0.9999,0,WARNING,10.6,1.7,0.9,3.2
16790,0.9999,0,WARNING,10.6,1.6,0.9,3.3
16791,0.6403,0,WARNING,10.7,3.4,8.0,7.5
16792,0.3611,0,NORMAL,10.7,3.1,4.0,5.3
16793,0.9999,0,WARNING,10.6,2.5,1.3,4.1
16794,1.0,0,ANOMALY,14.8,20.5,1.4,6.1
16795,0.5036,0,NORMAL,10.7,3.4,1.7,5.5
16796,0.2292,0,NORMAL,10.7,2.3,5.8,6.7
16797,0.3953,0,NORMAL,10.7,3.3,7.8,9.0
16798,0.3893,0,NORMAL,10.7,2.3,1.7,5.1
16799,0.147,0,NORMAL,10.7,2.1,1.3,4.3
16800,0.2062,0,NORMAL,10.7,1.9,1.6,3.9
16801,0.2293,0,NORMAL,10.7,1.5,3.0,4.8
16802,0.4234,0,NORMAL,10.7,3.5,9.6,9.7
16803,0.9999,0,WARNING,10.6,1.2,1.3,4.0
16804,1.0,0,ANOMALY,13.3,17.3,2.3,6.0
16805,0.3944,0,NORMAL,10.7,2.8,2.8,7.0
16806,0.3384,0,NORMAL,10.7,2.4,2.6,5.9
16807,0.4807,0,NORMAL,10.7,3.3,10.6,9.7
16808,0.4226,0,NORMAL,10.7,2.5,2.2,3.8
16809,0.9999,0,WARNING,10.6,2.0,1.0,3.9
16810,0.9947,0,WARNING,10.7,2.0,1.7,9.0
16811,0.2619,0,NORMAL,10.7,1.6,1.4,5.1
16812,0.4749,0,NORMAL,10.7,3.6,10.5,11.0
16813,0.3897,0,NORMAL,10.7,2.0,1.5,5.1
16814,1.0,0,ANOMALY,12.6,16.6,1.7,5.5
16815,0.5373,0,NORMAL,10.7,2.7,2.0,6.6
16816,0.4471,0,NORMAL,10.8,3.2,2.1,6.2
16817,0.5911,0,NORMAL,10.7,4.3,12.5,10.8
16818,0.9999,0,WARNING,10.6,2.1,3.0,3.5
16819,0.3512,0,NORMAL,10.7,2.3,2.3,5.3
16820,0.4947,0,NORMAL,10.7,2.2,2.1,6.5
16821,0.2173,0,NORMAL,10.7,2.0,2.3,5.7
16822,0.5068,0,NORMAL,10.6,3.9,11.0,10.3
16823,0.9999,0,WARNING,10.5,2.3,3.1,5.0
16824,0.9976,0,WARNING,12.2,15.5,1.7,6.6
16825,0.9999,0,WARNING,10.5,2.5,1.5,4.2
16826,0.2588,0,NORMAL,10.6,2.3,2.3,5.0
16827,0.6276,0,WARNING,10.8,4.1,13.8,11.8
16828,0.4328,0,NORMAL,10.7,3.8,10.0,8.2
16829,0.4059,0,NORMAL,10.7,3.2,9.0,7.7
16830,0.2179,0,NORMAL,10.6,2.2,3.0,4.8
16831,0.1555,0,NORMAL,10.6,2.0,1.6,4.9
16832,0.4966,0,NORMAL,10.6,3.9,10.8,11.6
16833,0.4944,0,NORMAL,10.6,3.2,3.0,6.4
16834,1.0,0,ANOMALY,13.8,18.3,2.0,6.4
16835,0.3985,0,NORMAL,10.7,3.3,1.8,5.1
16836,0.7281,0,WARNING,10.8,3.6,1.7,5.5
16837,0.4967,0,NORMAL,10.7,3.5,10.9,11.3
16838,0.4944,0,NORMAL,10.6,2.7,3.4,7.1
16839,0.4471,0,NORMAL,10.6,2.0,1.6,6.1
16840,0.9988,0,WARNING,10.6,2.3,3.5,11.5
16841,0.3952,0,NORMAL,10.6,2.0,3.6,7.2
16842,0.5318,0,NORMAL,10.7,3.1,11.7,11.3
16843,0.2372,0,NORMAL,10.6,2.6,7.8,8.0
16844,1.0,0,ANOMALY,12.7,16.2,6.5,8.4
16845,0.4461,0,NORMAL,10.7,2.0,4.0,7.3
16846,0.7531,0,WARNING,10.6,2.0,2.7,8.7
16847,0.2768,0,NORMAL,10.6,2.7,6.3,9.3
16848,0.2834,0,NORMAL,10.7,3.3,7.9,9.4
16849,0.1765,0,NORMAL,10.7,2.3,2.3,5.7
16850,0.9999,0,WARNING,10.6,2.3,1.5,3.7
16851,0.1747,0,NORMAL,10.7,1.3,2.0,4.1
16852,0.2141,0,NORMAL,10.6,2.6,3.6,4.7
16853,0.6196,0,WARNING,10.7,3.5,13.4,10.8
16854,1.0,0,ANOMALY,12.9,17.3,5.5,5.8
16855,0.3701,0,NORMAL,10.6,2.1,2.1,3.8
16856,0.9999,0,WARNING,10.5,1.6,1.0,3.4
16857,0.9999,0,WARNING,10.5,2.4,1.1,3.7
16858,0.4859,0,NORMAL,10.6,3.2,10.0,8.9
16859,0.2011,0,NORMAL,10.6,1.4,1.1,4.0
16860,0.9999,0,WARNING,10.4,1.9,1.1,3.5
16861,0.9999,0,WARNING,10.5,1.2,1.0,3.3
16862,0.2168,0,NORMAL,10.5,1.7,1.3,3.7
16863,0.4856,0,NORMAL,10.5,2.4,10.1,9.1
16864,0.9967,0,WARNING,11.6,13.8,1.5,3.9
16865,0.9999,0,WARNING,10.4,2.2,1.8,4.2
16866,0.2355,0,NORMAL,10.5,2.6,2.6,4.5
16867,0.9999,0,WARNING,10.5,1.9,1.7,5.9
16868,0.475,0,NORMAL,10.6,3.6,10.3,10.4
16869,0.3043,0,NORMAL,10.6,2.8,3.8,5.9
16870,0.998,0,WARNING,10.6,2.7,5.4,8.9
16871,0.3763,0,NORMAL,10.6,2.8,3.4,5.1
16872,0.6818,0,WARNING,10.7,2.7,2.0,4.4
16873,0.475,0,NORMAL,10.6,3.1,10.4,10.3
16874,1.0,0,ANOMALY,13.4,17.5,3.0,5.1
16875,0.4139,0,NORMAL,10.7,2.9,2.2,5.8
16876,0.4844,0,NORMAL,10.9,4.2,3.2,6.6
16877,0.3877,0,NORMAL,10.8,3.2,6.0,7.0
16878,0.5557,0,NORMAL,10.7,3.5,13.1,11.5
16879,0.2895,0,NORMAL,10.7,3.3,8.0,7.5
16880,0.2983,0,NORMAL,10.7,2.9,7.0,7.4
16881,0.276,0,NORMAL,10.8,1.9,6.4,6.3
16882,0.2452,0,NORMAL,10.7,2.4,6.0,6.2
16883,0.5997,0,NORMAL,10.7,2.6,13.6,11.3
16884,0.9962,0,WARNING,12.0,14.2,3.8,3.7
16885,0.3913,0,NORMAL,10.7,2.7,2.5,4.4
16886,0.1513,0,NORMAL,10.8,2.2,3.7,5.3
16887,0.3329,0,NORMAL,10.8,2.3,2.9,5.9
16888,0.5777,0,NORMAL,11.2,3.1,12.3,12.8
16889,0.6467,0,WARNING,11.1,2.2,4.4,7.2
16890,0.4902,0,NORMAL,11.3,2.9,2.3,5.5
16891,0.5129,0,NORMAL,11.2,1.1,1.4,3.7
16892,0.5254,0,NORMAL,11.3,1.7,3.1,5.4
16893,0.5517,0,NORMAL,11.6,2.8,10.9,9.6
16894,1.0,0,ANOMALY,14.6,18.4,7.9,7.3
16895,0.5519,0,NORMAL,11.4,2.3,4.3,5.5
16896,0.5551,0,NORMAL,11.3,2.2,4.0,5.7
16897,0.5627,0,NORMAL,11.2,2.1,2.4,6.3
16898,0.7049,0,WARNING,11.2,2.2,6.5,10.0
16899,0.6771,0,WARNING,11.2,2.9,7.8,10.3
16900,0.9889,0,WARNING,11.3,3.0,5.2,12.0
16901,0.6466,0,WARNING,11.3,2.1,7.7,9.8
16902,0.7046,0,WARNING,11.2,2.2,7.7,10.1
16903,0.73,0,WARNING,11.2,1.9,9.0,11.0
16904,1.0,0,ANOMALY,13.4,18.2,15.1,14.1
16905,0.4668,0,NORMAL,11.1,2.3,7.3,8.4
16906,0.4497,0,NORMAL,11.1,3.0,6.4,7.9
16907,0.4377,0,NORMAL,11.2,2.4,7.3,7.9
16908,0.4472,0,NORMAL,11.1,2.8,4.8,7.4
16909,0.4946,0,NORMAL,11.0,3.3,11.0,12.0
16910,0.3951,0,NORMAL,11.0,2.6,3.0,6.2
16911,0.9999,0,WARNING,10.9,1.4,2.1,7.4
16912,0.7049,0,WARNING,11.0,2.4,2.3,7.6
16913,0.6139,0,WARNING,10.9,2.1,2.5,7.0
16914,1.0,0,WARNING,12.8,17.3,10.9,10.6
16915,0.4474,0,NORMAL,10.9,2.1,3.5,5.2
16916,0.3061,0,NORMAL,10.9,2.3,1.9,5.2
16917,0.3122,0,NORMAL,10.9,2.8,1.6,6.1
16918,0.4475,0,NORMAL,10.9,2.3,1.9,6.4
16919,0.4805,0,NORMAL,10.9,3.2,10.9,11.6
16920,0.2774,0,NORMAL,10.9,2.8,3.7,5.3
16921,0.2655,0,NORMAL,10.9,1.7,1.9,5.7
16922,0.4474,0,NORMAL,10.9,2.1,2.0,6.5
16923,0.3389,0,NORMAL,10.9,2.0,2.1,6.3
16924,0.9976,0,WARNING,12.6,16.5,10.6,10.6
16925,0.4358,0,NORMAL,10.8,2.7,2.4,5.5
16926,0.4943,0,NORMAL,10.8,1.9,1.6,6.8
16927,0.6469,0,WARNING,10.8,1.9,1.9,7.2
16928,0.7049,0,WARNING,10.8,1.8,2.3,7.8
16929,0.6773,0,WARNING,10.8,3.2,11.5,13.0
16930,0.9963,0,WARNING,10.8,1.7,4.0,10.5
16931,0.5771,0,NORMAL,10.8,2.6,2.3,6.9
16932,0.3953,0,NORMAL,10.8,2.9,2.2,6.5
16933,0.4947,0,NORMAL,10.8,2.3,2.5,6.9
16934,1.0,0,ANOMALY,13.6,18.5,11.7,13.2
16935,0.7041,0,WARNING,10.7,2.0,4.4,7.8
16936,0.7742,0,WARNING,10.7,2.0,2.5,8.2
16937,0.7048,0,WARNING,10.9,1.7,2.7,7.8
16938,0.4948,0,NORMAL,10.8,1.9,2.5,6.8
16939,0.5171,0,NORMAL,10.9,2.8,11.7,12.0
16940,0.5773,0,NORMAL,10.7,1.8,3.8,7.0
16941,0.6468,0,WARNING,10.7,1.5,2.2,7.4
16942,0.5267,0,NORMAL,10.7,2.8,2.1,6.2
16943,0.2092,0,NORMAL,10.7,2.4,1.9,5.5
16944,1.0,0,WARNING,12.5,16.3,8.8,10.1
16945,0.7042,0,WARNING,10.7,1.7,5.5,9.1
16946,0.5375,0,NORMAL,10.7,1.8,2.1,6.7
16947,0.4946,0,NORMAL,10.7,1.3,2.5,6.9
16948,0.3076,0,NORMAL,10.7,1.9,2.1,5.3
16949,0.5827,0,NORMAL,10.8,3.0,6.1,7.9
16950,0.8163,0,WARNING,10.9,3.8,7.2,8.4
16951,0.2441,0,NORMAL,10.7,1.3,1.9,5.5
16952,0.2769,0,NORMAL,10.7,1.9,2.8,6.6
16953,0.3955,0,NORMAL,10.8,1.9,3.5,7.0
16954,0.9978,0,WARNING,12.3,17.5,8.2,8.3
16955,0.8426,0,WARNING,11.1,6.2,16.5,12.1
16956,0.446,0,NORMAL,10.8,2.2,2.8,6.4
16957,0.5378,0,NORMAL,11.0,1.6,2.4,7.2
16958,0.4474,0,NORMAL,10.9,1.7,2.3,6.9
16959,0.4475,0,NORMAL,10.9,2.0,2.5,7.1
16960,0.9995,0,WARNING,11.0,3.5,12.0,15.1
16961,0.5674,0,NORMAL,11.0,3.1,2.9,6.2
16962,0.2468,0,NORMAL,10.9,2.3,2.5,6.1
16963,0.538,0,NORMAL,10.9,3.0,2.7,7.7
16964,1.0,0,ANOMALY,12.9,16.5,2.9,7.8
16965,0.6767,0,WARNING,10.9,2.7,11.5,13.5
16966,0.2401,0,NORMAL,10.9,1.9,4.2,6.1
16967,0.2092,0,NORMAL,10.9,2.3,2.8,6.1
16968,0.4473,0,NORMAL,10.9,2.7,2.2,7.2
16969,0.4948,0,NORMAL,10.9,1.9,2.5,7.3
16970,0.4948,0,NORMAL,10.9,3.2,11.1,12.5
16971,0.311,0,NORMAL,10.9,2.1,4.1,6.6
16972,0.308,0,NORMAL,10.8,2.4,2.1,6.1
16973,0.21,0,NORMAL,10.8,2.4,2.3,6.4
16974,0.9968,0,WARNING,12.2,15.1,2.4,6.6
16975,0.6464,0,WARNING,10.7,3.8,11.7,13.6
16976,0.7045,0,WARNING,10.8,2.2,4.4,8.3
16977,0.675,0,WARNING,10.8,3.4,2.5,7.9
16978,0.7048,0,WARNING,10.8,2.2,2.8,8.5
16979,0.6772,0,WARNING,10.8,2.4,3.1,8.4
16980,0.3956,0,NORMAL,10.8,2.4,2.5,6.6
16981,0.4068,0,NORMAL,10.9,1.3,2.1,6.0
16982,0.5777,0,NORMAL,10.8,2.1,3.3,8.2
16983,0.7533,0,WARNING,10.8,3.4,11.4,14.1
16984,1.0,0,ANOMALY,12.9,16.2,3.7,8.7
16985,0.4936,0,NORMAL,10.8,2.0,3.4,7.8
16986,0.4944,0,NORMAL,10.8,2.4,3.1,7.9
16987,0.8569,0,WARNING,11.0,3.9,3.0,8.3
16988,0.6469,0,WARNING,10.8,3.0,11.6,13.9
16989,0.6467,0,WARNING,10.8,1.9,4.2,8.5
16990,0.9974,0,WARNING,10.8,3.1,3.4,10.8
16991,0.3188,0,NORMAL,10.8,3.1,3.3,7.4
16992,0.4946,0,NORMAL,10.8,2.0,3.3,8.0
16993,0.7301,0,WARNING,10.9,2.9,12.1,14.5
16994,1.0,0,ANOMALY,12.8,16.2,4.6,6.7
16995,0.5767,0,NORMAL,10.8,2.1,3.2,8.3
16996,0.2764,0,NORMAL,10.8,2.6,3.6,7.5
16997,0.6138,0,WARNING,10.9,2.4,3.2,8.6
16998,0.5144,0,NORMAL,10.9,4.1,11.9,12.9
16999,0.2899,0,NORMAL,10.8,2.6,4.5,7.5
17000,0.8314,0,WARNING,10.9,3.5,3.3,8.0
17001,0.4722,0,NORMAL,10.8,3.1,3.1,7.5
17002,0.3955,0,NORMAL,10.8,3.0,3.0,7.6
17003,0.5319,0,NORMAL,10.9,3.3,12.3,13.1
17004,1.0,0,ANOMALY,14.1,18.2,4.7,6.8
17005,0.376,0,NORMAL,10.8,2.0,3.1,7.5
17006,0.1956,0,NORMAL,10.8,2.1,3.2,7.5
17007,0.1783,0,NORMAL,10.7,1.9,3.5,7.2
17008,0.551,0,NORMAL,10.9,3.4,12.4,12.4
17009,0.277,0,NORMAL,10.8,2.1,4.9,6.9
17010,0.3074,0,NORMAL,10.8,2.7,3.8,7.9
17011,0.3079,0,NORMAL,10.8,2.4,3.2,7.2
17012,0.3955,0,NORMAL,10.8,3.6,3.4,8.3
17013,0.5581,0,NORMAL,11.0,4.2,12.8,14.3
17014,1.0,0,WARNING,12.7,16.0,5.4,8.4
17015,0.2751,0,NORMAL,10.9,2.6,3.8,8.1
17016,0.3951,0,NORMAL,10.9,2.9,5.1,8.9
17017,0.4946,0,NORMAL,10.9,2.5,4.4,8.9
17018,0.5318,0,NORMAL,11.0,4.1,12.6,13.5
17019,0.297,0,NORMAL,10.9,2.9,5.3,7.6
17020,0.998,0,WARNING,10.9,3.2,3.5,10.7
17021,0.3187,0,NORMAL,10.9,2.2,3.8,8.5
17022,0.324,0,NORMAL,10.9,3.4,4.0,7.6
17023,0.4752,0,NORMAL,10.9,3.4,10.8,11.9
17024,0.998,0,WARNING,12.3,16.1,10.8,10.5
17025,0.2871,0,NORMAL,10.8,2.9,5.2,8.3
17026,0.6466,0,WARNING,10.8,2.7,4.4,9.8
17027,0.3887,0,NORMAL,10.8,2.6,5.3,8.3
17028,0.6772,0,WARNING,10.8,2.8,8.7,12.5
17029,0.6468,0,WARNING,10.7,3.4,11.7,13.6
17030,0.3382,0,NORMAL,10.4,2.4,5.2,9.1
17031,0.6468,0,WARNING,10.5,2.8,4.6,10.2
17032,0.6771,0,WARNING,10.5,2.9,5.2,10.6
17033,0.6771,0,WARNING,10.6,2.6,6.0,11.4
17034,1.0,0,ANOMALY,13.4,18.8,12.8,14.7
17035,0.5764,0,NORMAL,10.7,2.8,5.4,10.2
17036,0.5375,0,NORMAL,10.7,3.4,5.3,10.1
17037,0.6227,0,WARNING,10.9,4.3,5.4,9.6
17038,0.3953,0,NORMAL,10.8,3.0,5.5,9.9
17039,0.6469,0,WARNING,11.1,4.7,15.0,16.9
17040,0.6768,0,WARNING,11.1,3.2,8.9,12.2
17041,0.4942,0,NORMAL,11.1,3.3,6.9,11.0
17042,0.4469,0,NORMAL,11.2,2.8,7.5,11.4
17043,0.5152,0,NORMAL,11.2,3.8,7.1,10.4
17044,0.9983,0,WARNING,13.0,17.4,15.5,16.1
17045,0.4949,0,NORMAL,11.2,3.2,8.3,10.3
17046,0.4469,0,NORMAL,11.2,3.5,7.0,11.5
17047,0.9281,0,WARNING,11.5,4.9,7.7,12.1
17048,0.6473,0,WARNING,11.4,3.7,7.3,11.4
17049,0.6594,0,WARNING,11.4,4.2,16.6,16.4
17050,0.9913,0,WARNING,11.3,3.5,10.0,14.3
17051,0.6132,0,WARNING,11.3,3.0,9.7,13.6
17052,0.726,0,WARNING,11.3,3.0,13.2,16.1
17053,0.6406,0,WARNING,11.4,3.5,13.4,15.6
17054,1.0,0,WARNING,13.2,18.5,22.3,22.3
17055,0.7291,0,WARNING,11.4,3.1,15.2,17.2
17056,0.7292,0,WARNING,11.4,3.7,14.1,17.3
17057,0.7741,0,WARNING,11.5,5.6,14.7,16.0
17058,0.7647,0,WARNING,11.7,4.8,14.6,16.0
17059,0.803,0,WARNING,11.5,5.7,23.8,21.9
17060,0.8201,0,WARNING,11.7,4.4,17.2,16.3
17061,0.7988,0,WARNING,11.4,3.0,15.4,15.2
17062,0.8797,0,WARNING,11.5,4.1,18.1,18.0
17063,0.8628,0,WARNING,11.4,2.9,18.6,17.9
17064,1.0,0,ANOMALY,15.4,21.5,28.5,24.2
17065,0.9101,0,WARNING,11.6,4.4,22.4,19.0
17066,0.886,0,WARNING,11.8,5.5,20.5,19.6
17067,0.9498,0,WARNING,11.6,5.3,25.9,25.0
17068,0.9486,0,WARNING,11.6,5.1,27.2,26.6
17069,1.0,0,WARNING,11.7,6.7,34.7,29.0
17070,0.9497,0,WARNING,11.7,6.6,27.5,25.7
17071,0.8838,0,WARNING,11.6,5.9,25.5,24.0
17072,0.895,0,WARNING,11.2,4.7,24.3,22.5
17073,0.8378,0,WARNING,11.1,5.0,23.7,22.3
17074,1.0,0,ANOMALY,13.8,20.2,29.6,28.2
17075,0.9804,0,WARNING,11.7,7.6,27.1,25.7
17076,0.8563,0,WARNING,11.1,5.1,22.9,23.3
17077,0.8259,0,WARNING,11.1,5.2,22.3,22.1
17078,0.8699,0,WARNING,11.3,6.0,22.7,23.1
17079,0.9489,0,WARNING,11.4,6.2,27.6,25.1
17080,0.9953,0,WARNING,11.4,6.4,29.6,29.4
17081,0.8606,0,WARNING,11.2,5.2,23.4,23.0
17082,0.7846,0,WARNING,11.3,5.1,22.4,23.4
17083,0.8149,0,WARNING,11.3,3.8,22.7,23.5
17084,1.0,0,ANOMALY,14.7,21.1,25.7,23.1
17085,0.9547,0,WARNING,11.5,7.1,32.1,27.0
17086,0.8131,0,WARNING,11.4,5.8,23.9,22.1
17087,0.8519,0,WARNING,11.3,5.3,24.8,22.5
17088,0.9073,0,WARNING,11.5,6.6,21.9,22.1
17089,0.831,0,WARNING,11.2,4.2,21.6,21.8
17090,0.9478,0,WARNING,11.5,6.6,30.4,26.1
17091,0.8849,0,WARNING,11.5,5.4,23.8,21.1
17092,0.8484,0,WARNING,11.7,5.8,21.9,21.3
17093,0.8647,0,WARNING,11.4,4.6,22.0,21.2
17094,0.9978,0,WARNING,12.9,17.0,21.1,21.4
17095,0.9519,0,WARNING,11.5,5.7,29.4,27.7
17096,0.7846,0,WARNING,11.4,4.8,23.6,22.1
17097,0.9998,0,WARNING,12.5,9.3,23.2,21.9
17098,0.8518,0,WARNING,11.5,5.9,21.1,21.3
17099,0.8262,0,WARNING,11.5,6.3,21.2,22.2
17100,0.8693,0,WARNING,11.4,6.3,29.0,27.3
17101,0.7972,0,WARNING,11.5,4.8,20.9,21.1
17102,0.8472,0,WARNING,11.6,5.5,19.8,20.2
17103,0.8441,0,WARNING,11.6,4.6,19.9,20.1
17104,1.0,0,ANOMALY,15.2,21.0,19.8,20.2
17105,0.9542,0,WARNING,11.6,6.1,29.7,27.2
17106,0.8053,0,WARNING,11.4,4.0,21.9,20.2
17107,0.8563,0,WARNING,11.4,4.7,20.5,22.1
17108,0.8647,0,WARNING,11.5,4.9,20.8,22.1
17109,0.7801,0,WARNING,11.4,4.0,19.4,20.6
17110,0.9988,0,WARNING,11.5,6.1,27.6,30.1
17111,0.7293,0,WARNING,11.3,4.2,20.2,22.1
17112,0.7527,0,WARNING,11.4,4.3,18.6,22.4
17113,0.8052,0,WARNING,11.4,4.0,19.0,21.6
17114,1.0,0,ANOMALY,14.0,19.8,18.7,20.6
17115,0.8471,0,WARNING,11.4,6.3,26.8,25.0
17116,0.7663,0,WARNING,11.4,5.5,19.8,20.2
17117,0.7845,0,WARNING,11.4,5.7,17.9,21.0
17118,0.9485,0,WARNING,11.5,5.9,18.5,21.0
17119,0.8184,0,WARNING,11.4,6.5,17.6,19.6
17120,0.8462,0,WARNING,11.4,6.8,26.5,25.8
17121,0.8604,0,WARNING,11.3,4.2,20.1,20.7
17122,0.8129,0,WARNING,11.2,4.0,17.8,19.6
17123,0.7307,0,WARNING,11.3,3.9,17.3,19.7
17124,1.0,0,WARNING,13.0,18.2,18.2,21.1
17125,0.8502,0,WARNING,11.4,7.0,24.1,24.1
17126,0.8274,0,WARNING,11.4,5.8,20.6,20.7
17127,0.8203,0,WARNING,11.4,5.9,17.5,20.0
17128,0.976,0,WARNING,11.6,7.4,17.2,20.7
17129,0.9231,0,WARNING,11.5,6.2,18.1,21.0
17130,0.8604,0,WARNING,11.2,5.2,22.4,22.0
17131,0.8618,0,WARNING,11.1,6.1,23.4,22.4
17132,0.724,0,WARNING,11.1,5.8,16.8,20.3
17133,0.7079,0,WARNING,11.0,4.0,17.2,21.3
17134,1.0,0,ANOMALY,13.3,18.9,18.3,20.2
17135,0.8166,0,WARNING,11.2,6.6,21.3,21.0
17136,0.8483,0,WARNING,11.2,6.6,27.5,25.1
17137,0.8148,0,WARNING,11.2,5.1,18.6,20.5
17138,0.9481,0,WARNING,11.6,6.0,17.7,19.3
17139,0.8032,0,WARNING,11.4,5.6,17.2,19.6
17140,0.9993,0,WARNING,11.3,4.8,16.6,23.2
17141,0.8259,0,WARNING,11.5,6.4,25.1,25.5
17142,0.795,0,WARNING,11.2,4.6,18.0,20.7
17143,0.8128,0,WARNING,11.3,4.0,16.9,19.5
17144,0.9988,0,WARNING,12.9,17.7,16.3,18.8
17145,0.8184,0,WARNING,11.3,4.1,16.6,19.1
17146,0.8325,0,WARNING,11.2,5.4,25.2,24.2
17147,0.809,0,WARNING,11.4,4.8,18.2,19.0
17148,1.0,0,ANOMALY,11.6,5.9,16.8,21.5
17149,0.8291,0,WARNING,11.3,4.8,17.1,19.3
17150,0.7333,0,WARNING,11.2,4.8,16.3,19.5
17151,0.8342,0,WARNING,11.3,6.3,25.9,25.5
17152,0.8011,0,WARNING,11.2,5.2,18.5,19.2
17153,0.8128,0,WARNING,11.1,4.2,16.5,18.9
17154,0.999,0,WARNING,12.7,17.6,16.3,19.3
17155,0.749,0,WARNING,11.1,3.8,16.2,20.0
17156,0.8332,0,WARNING,11.3,6.7,25.4,25.8
17157,0.9069,0,WARNING,11.8,8.7,17.8,20.0
17158,0.6239,0,WARNING,11.1,3.8,15.8,20.2
17159,0.6958,0,WARNING,11.3,4.7,16.3,19.9
17160,0.7731,0,WARNING,11.2,4.6,16.1,19.4
17161,0.8154,0,WARNING,11.5,5.7,24.6,24.3
17162,0.9294,0,WARNING,11.7,5.7,17.4,18.7
17163,0.8308,0,WARNING,11.2,3.0,15.8,18.2
17164,1.0,0,ANOMALY,13.4,18.6,16.1,25.2
17165,0.799,0,WARNING,11.1,4.3,15.8,18.3
17166,0.8159,0,WARNING,11.2,5.0,24.8,23.9
17167,0.7843,0,WARNING,11.2,4.4,17.4,18.5
17168,0.7413,0,WARNING,11.1,4.2,16.0,19.3
17169,0.7014,0,WARNING,11.2,5.0,16.2,19.6
17170,0.9986,0,WARNING,11.1,4.7,17.5,23.2
17171,0.8296,0,WARNING,11.3,5.6,25.6,24.8
17172,0.6767,0,WARNING,11.3,4.8,17.6,21.6
17173,0.7614,0,WARNING,11.3,4.0,16.1,20.0
17174,0.9987,0,WARNING,12.9,17.2,15.2,18.9
17175,0.7464,0,WARNING,11.4,3.8,15.3,19.5
17176,0.7788,0,WARNING,11.4,4.2,22.5,23.9
17177,0.6767,0,WARNING,11.2,4.3,18.0,20.2
17178,0.799,0,WARNING,11.1,4.2,15.4,18.3
17179,0.6701,0,WARNING,11.2,4.9,15.1,19.8
17180,0.8391,0,WARNING,11.1,4.7,17.0,18.7
17181,0.7612,0,WARNING,11.3,5.5,19.8,20.6
17182,0.7411,0,WARNING,11.3,6.2,19.2,20.1
17183,0.613,0,WARNING,11.3,4.2,14.1,19.3
17184,1.0,0,ANOMALY,13.4,18.1,14.9,19.9
17185,0.9964,0,WARNING,11.7,6.1,14.9,18.2
17186,0.6987,0,WARNING,11.2,4.4,15.4,18.7
17187,0.781,0,WARNING,11.3,5.0,22.8,23.8
17188,0.6863,0,WARNING,11.2,3.8,13.6,15.4
17189,0.7489,0,WARNING,11.2,3.5,12.7,15.2
17190,0.5868,0,NORMAL,11.2,4.4,12.2,15.4
17191,0.5417,0,NORMAL,11.2,3.4,11.9,16.5
17192,0.83,0,WARNING,11.5,6.0,20.0,21.3
17193,0.6131,0,WARNING,11.2,4.0,11.5,16.6
17194,0.9983,0,WARNING,12.4,16.0,10.9,16.9
17195,0.5275,0,NORMAL,11.1,3.6,9.9,13.9
17196,0.4314,0,NORMAL,11.1,3.9,9.4,13.5
17197,0.705,0,WARNING,11.3,5.5,18.3,19.7
17198,0.5548,0,NORMAL,11.1,4.1,10.9,14.0
17199,0.6127,0,WARNING,11.2,3.7,9.6,14.3
17200,0.9967,0,WARNING,11.3,4.8,9.0,16.9
17201,0.4844,0,NORMAL,11.2,3.7,10.4,14.7
17202,0.7046,0,WARNING,11.1,4.2,18.1,21.0
17203,0.7297,0,WARNING,11.0,2.8,11.5,16.1
17204,1.0,0,ANOMALY,14.1,18.8,10.3,14.5
17205,0.5367,0,NORMAL,11.1,3.1,9.2,15.0
17206,0.7045,0,WARNING,11.0,3.2,9.3,15.6
17207,0.7743,0,WARNING,11.1,4.3,17.7,21.3
17208,0.6794,0,WARNING,11.1,3.9,11.1,14.7
17209,0.4238,0,NORMAL,11.0,2.9,10.9,14.4
17210,0.5612,0,NORMAL,11.1,4.7,11.6,14.3
17211,0.5513,0,NORMAL,11.1,4.0,9.1,13.8
17212,0.674,0,WARNING,11.2,5.4,16.6,19.3
17213,0.577,0,NORMAL,11.1,3.7,9.2,14.2
17214,0.9986,0,WARNING,12.5,16.3,8.3,14.1
17215,0.4461,0,NORMAL,11.0,3.9,9.3,14.0
17216,0.4942,0,NORMAL,10.9,3.2,9.4,13.9
17217,0.8447,0,WARNING,11.4,7.4,17.1,19.3
17218,0.5489,0,NORMAL,10.8,3.8,9.8,13.7
17219,0.6192,0,WARNING,10.9,3.6,8.7,12.5
17220,0.2308,0,NORMAL,11.0,3.8,6.9,12.4
17221,0.4704,0,NORMAL,11.0,4.0,7.2,12.6
17222,0.7694,0,WARNING,11.3,5.8,17.5,17.5
17223,0.4948,0,NORMAL,11.1,4.3,9.1,11.4
17224,1.0,0,ANOMALY,13.2,17.6,6.6,12.2
17225,0.5015,0,NORMAL,11.2,3.8,6.8,12.7
17226,0.4605,0,NORMAL,11.1,2.5,7.8,11.4
17227,0.6432,0,WARNING,11.2,4.0,16.3,16.7
17228,0.6066,0,WARNING,11.1,2.5,10.6,11.6
17229,0.5684,0,NORMAL,11.0,2.7,8.2,10.9
17230,0.9953,0,WARNING,11.0,3.5,8.2,14.0
17231,0.5111,0,NORMAL,11.0,2.5,7.9,11.0
17232,0.5439,0,NORMAL,11.0,3.7,12.3,13.8
17233,0.5125,0,NORMAL,11.1,2.8,13.0,13.7
17234,0.998,0,WARNING,12.3,15.5,7.7,11.0
17235,0.318,0,NORMAL,11.1,2.4,6.8,11.3
17236,0.4943,0,NORMAL,11.1,2.8,6.3,12.0
17237,0.2766,0,NORMAL,11.0,2.5,6.8,11.8
17238,0.553,0,NORMAL,11.1,4.9,13.1,15.2
17239,0.5091,0,NORMAL,11.0,3.7,5.1,10.0
17240,0.5837,0,NORMAL,11.0,4.4,6.6,11.3
17241,0.4397,0,NORMAL,11.0,3.7,8.3,11.2
17242,0.3882,0,NORMAL,11.0,3.2,6.8,11.1
17243,0.6464,0,WARNING,11.0,4.6,15.3,17.8
17244,1.0,0,ANOMALY,13.2,17.1,6.9,11.5
17245,0.2927,0,NORMAL,11.0,2.6,5.3,10.6
17246,0.395,0,NORMAL,10.9,3.3,5.4,11.1
17247,0.3326,0,NORMAL,11.0,3.4,4.9,10.0
17248,0.6041,0,WARNING,11.1,4.1,14.0,16.1
17249,0.4542,0,NORMAL,11.0,2.6,8.3,11.1
17250,0.5443,0,NORMAL,11.0,3.2,8.1,10.7
17251,0.5439,0,NORMAL,11.0,2.4,7.6,10.5
17252,0.5196,0,NORMAL,11.0,3.2,7.9,10.6
17253,0.6681,0,WARNING,11.2,4.1,16.6,16.1
17254,0.9981,0,WARNING,12.4,15.8,9.5,10.6
17255,0.4492,0,NORMAL,11.1,2.5,7.4,10.9
17256,0.4701,0,NORMAL,11.0,2.7,7.5,10.5
17257,0.592,0,NORMAL,11.0,2.8,7.9,10.6
17258,0.675,0,WARNING,11.2,4.4,16.9,15.9
17259,0.455,0,NORMAL,11.0,2.4,9.5,10.7
17260,0.9858,0,WARNING,11.1,3.1,6.7,13.9
17261,0.2619,0,NORMAL,11.0,2.5,4.7,9.9
17262,0.395,0,NORMAL,11.0,3.8,4.9,10.7
17263,0.6424,0,WARNING,11.0,4.5,15.3,17.0
17264,1.0,0,ANOMALY,13.1,17.9,10.0,11.7
17265,0.6383,0,WARNING,11.1,3.8,6.8,11.0
17266,0.3948,0,NORMAL,10.9,3.0,5.2,10.8
17267,0.3953,0,NORMAL,11.0,3.1,6.1,11.4
17268,0.6119,0,WARNING,11.0,3.8,14.9,16.2
17269,0.4716,0,NORMAL,11.0,3.1,6.8,10.1
17270,0.3093,0,NORMAL,11.1,3.4,5.3,10.8
17271,0.4471,0,NORMAL,11.0,2.6,4.9,11.1
17272,0.3387,0,NORMAL,11.0,3.2,5.1,11.1
17273,0.589,0,NORMAL,11.1,3.7,13.9,15.8
17274,0.9983,0,WARNING,12.6,16.2,7.0,11.3
17275,0.5766,0,NORMAL,11.1,3.2,6.8,12.4
17276,0.3217,0,NORMAL,11.1,3.5,8.2,11.8
17277,0.9998,0,WARNING,12.1,5.8,9.2,14.4
17278,0.6819,0,WARNING,11.2,4.2,17.7,18.2
17279,0.6132,0,WARNING,11.1,3.9,13.6,16.7
17280,0.5745,0,NORMAL,11.0,4.2,10.5,15.1
17281,0.7584,0,WARNING,11.2,4.2,12.2,15.5
17282,0.5889,0,NORMAL,11.2,4.2,11.3,14.4
17283,0.5982,0,NORMAL,11.2,4.0,15.1,17.6
17284,1.0,0,ANOMALY,13.5,18.6,15.9,16.6
17285,0.6512,0,WARNING,11.1,3.8,10.7,13.1
17286,0.6767,0,WARNING,11.1,4.7,11.2,16.4
17287,0.7299,0,WARNING,11.1,3.4,11.4,16.9
17288,0.7299,0,WARNING,11.3,4.0,13.2,17.9
17289,0.7137,0,WARNING,11.3,4.1,19.3,21.2
17290,0.9989,0,WARNING,11.3,4.5,11.5,18.8
17291,0.5517,0,NORMAL,11.1,5.0,11.0,16.1
17292,0.6671,0,WARNING,11.2,5.9,11.6,15.6
17293,0.5159,0,NORMAL,11.0,2.4,10.7,13.6
17294,1.0,0,ANOMALY,13.9,19.7,19.9,21.3
17295,0.7038,0,WARNING,11.2,3.6,13.0,17.3
17296,0.6766,0,WARNING,11.2,4.2,12.4,17.2
17297,0.5771,0,NORMAL,11.2,3.9,11.8,16.6
17298,0.5974,0,NORMAL,11.3,4.0,11.4,14.8
17299,0.7647,0,WARNING,11.2,4.7,20.7,22.9
17300,0.7043,0,WARNING,11.2,3.7,13.5,17.2
17301,0.7297,0,WARNING,11.0,3.9,11.9,17.4
17302,0.6465,0,WARNING,11.0,3.7,12.4,17.4
17303,0.6465,0,WARNING,11.0,4.4,12.7,17.3
17304,0.9987,0,WARNING,12.4,18.2,21.5,23.8
17305,0.6457,0,WARNING,11.1,4.7,14.5,17.2
17306,0.7042,0,WARNING,11.1,3.5,13.0,17.7
17307,0.6464,0,WARNING,11.1,4.5,14.5,18.3
17308,0.7063,0,WARNING,11.1,4.4,13.6,17.2
17309,0.7722,0,WARNING,11.3,6.3,21.7,21.4
17310,0.7277,0,WARNING,11.2,4.2,14.9,16.2
17311,0.6132,0,WARNING,11.1,4.8,13.1,17.9
17312,0.6768,0,WARNING,11.0,4.0,14.1,18.7
17313,0.6221,0,WARNING,11.1,4.4,14.0,18.2
17314,1.0,0,ANOMALY,13.2,18.9,22.7,23.3
17315,0.8372,0,WARNING,11.3,5.4,15.1,18.3
17316,0.8461,0,WARNING,11.3,5.0,14.9,18.5
17317,0.7775,0,WARNING,11.2,4.9,14.6,16.7
17318,0.6521,0,WARNING,11.1,4.7,14.4,17.3
17319,0.7886,0,WARNING,11.2,5.8,22.8,24.5
17320,0.9967,0,WARNING,11.0,4.4,15.7,21.8
17321,0.7295,0,WARNING,11.0,4.3,14.3,19.2
17322,0.7297,0,WARNING,11.0,3.3,14.2,19.4
17323,0.6916,0,WARNING,11.0,3.9,13.5,16.6
17324,1.0,0,ANOMALY,14.4,20.8,22.8,23.5
17325,0.9822,0,WARNING,11.5,6.5,15.6,19.2
17326,0.7295,0,WARNING,11.0,4.1,13.6,19.0
17327,0.6349,0,WARNING,10.9,3.7,13.9,18.6
17328,0.7045,0,WARNING,10.9,3.5,13.9,19.1
17329,0.7674,0,WARNING,11.0,4.7,21.7,23.8
17330,0.7358,0,WARNING,10.9,5.2,16.7,18.1
17331,0.8828,0,WARNING,11.1,6.2,13.2,16.6
17332,0.9652,0,WARNING,11.3,6.5,13.4,17.2
17333,0.5737,0,NORMAL,10.9,3.8,14.3,18.7
17334,0.999,0,WARNING,12.5,18.3,18.7,21.0
17335,0.7068,0,WARNING,11.1,6.1,19.8,21.9
17336,0.646,0,WARNING,11.0,4.1,15.1,19.5
17337,0.9999,0,WARNING,12.0,7.9,15.8,20.6
17338,0.7437,0,WARNING,10.8,3.9,15.4,19.5
17339,0.8164,0,WARNING,11.0,4.7,16.8,18.6
17340,0.796,0,WARNING,11.1,5.0,23.3,23.6
17341,0.7193,0,WARNING,10.9,4.2,15.8,20.3
17342,0.7332,0,WARNING,10.9,4.2,15.8,19.0
17343,0.7411,0,WARNING,10.9,4.0,17.2,19.6
17344,1.0,0,ANOMALY,14.3,20.5,18.1,19.5
17345,0.8445,0,WARNING,11.0,6.1,26.8,24.6
17346,0.6566,0,WARNING,10.8,4.2,16.4,19.0
17347,0.7195,0,WARNING,10.9,3.5,15.0,19.6
17348,0.646,0,WARNING,10.9,4.5,14.7,19.8
17349,0.7637,0,WARNING,10.9,3.8,15.0,18.6
17350,0.998,0,WARNING,11.1,4.9,25.6,27.6
17351,0.8342,0,WARNING,11.0,4.3,19.2,18.4
17352,0.8358,0,WARNING,11.2,5.4,18.1,19.4
17353,0.8746,0,WARNING,10.9,3.4,18.9,19.2
17354,0.9986,0,WARNING,12.6,16.5,18.8,19.0
17355,0.8633,0,WARNING,11.0,5.7,28.2,25.2
17356,0.8725,0,WARNING,11.1,3.4,21.1,19.9
17357,0.8951,0,WARNING,11.1,4.7,19.8,20.1
17358,0.844,0,WARNING,11.1,4.3,19.1,20.2
17359,0.8166,0,WARNING,11.1,4.1,18.1,19.6
17360,0.941,0,WARNING,11.3,7.0,27.0,25.7
17361,0.7138,0,WARNING,11.2,5.6,19.1,20.2
17362,0.7224,0,WARNING,11.0,4.4,16.6,21.2
17363,0.7844,0,WARNING,11.0,4.6,16.0,19.8
17364,1.0,0,ANOMALY,13.5,18.4,15.9,19.7
17365,0.9683,0,WARNING,11.5,8.0,24.7,24.8
17366,0.7908,0,WARNING,11.1,5.5,17.7,19.7
17367,0.7167,0,WARNING,10.9,4.7,15.4,19.7
17368,0.7709,0,WARNING,11.2,5.8,15.5,19.8
17369,0.7685,0,WARNING,11.1,4.7,16.0,20.6
17370,0.8829,0,WARNING,11.3,6.7,24.3,25.6
17371,0.7843,0,WARNING,11.0,4.6,17.2,19.7
17372,0.7137,0,WARNING,11.0,4.3,14.9,19.4
17373,0.754,0,WARNING,11.0,4.9,15.1,19.8
17374,1.0,0,ANOMALY,13.2,17.3,16.5,20.5
17375,0.9799,0,WARNING,11.6,7.4,25.2,26.3
17376,0.8051,0,WARNING,11.1,4.8,17.9,19.5
17377,0.7662,0,WARNING,11.2,4.8,16.2,19.8
17378,0.858,0,WARNING,11.3,6.3,16.0,19.6
17379,0.7614,0,WARNING,11.1,4.2,16.3,20.0
17380,0.994,0,WARNING,11.2,5.3,23.8,27.5
17381,0.7662,0,WARNING,11.1,4.7,18.7,20.3
17382,0.6768,0,WARNING,11.1,4.4,15.6,19.9
17383,0.7662,0,WARNING,11.1,4.8,16.3,20.3
17384,1.0,0,ANOMALY,13.4,18.9,15.8,20.5
17385,0.7514,0,WARNING,11.1,5.2,21.0,24.7
17386,0.7392,0,WARNING,11.1,5.1,21.6,24.4
17387,0.7686,0,WARNING,11.3,4.9,17.2,21.1
17388,0.8256,0,WARNING,11.3,4.1,16.5,18.3
17389,0.7929,0,WARNING,11.4,3.8,16.1,18.8
17390,0.7108,0,WARNING,11.3,4.6,16.4,20.1
17391,0.7936,0,WARNING,11.2,5.5,23.3,24.2
17392,0.736,0,WARNING,11.3,4.7,16.0,19.8
17393,0.759,0,WARNING,11.2,5.0,16.2,19.8
17394,0.9989,0,WARNING,12.8,17.5,16.7,21.1
17395,0.7991,0,WARNING,11.1,5.1,17.8,21.4
17396,0.8482,0,WARNING,11.1,5.5,27.0,25.4
17397,1.0,0,WARNING,12.3,7.9,19.8,20.5
17398,0.844,0,WARNING,11.2,4.0,18.2,19.3
17399,0.8547,0,WARNING,11.1,3.8,17.4,18.7
17400,0.6896,0,WARNING,11.1,3.5,16.1,18.4
17401,0.7875,0,WARNING,11.5,5.8,22.7,22.8
17402,0.8752,0,WARNING,11.3,4.8,13.9,17.8
17403,0.725,0,WARNING,11.1,3.5,12.0,16.8
17404,1.0,0,ANOMALY,13.2,17.9,11.0,15.6
17405,0.5098,0,NORMAL,11.2,4.0,10.8,16.3
17406,0.7388,0,WARNING,11.1,4.9,19.7,21.8
17407,0.5662,0,NORMAL,11.0,2.8,12.2,16.0
17408,0.6552,0,WARNING,11.1,3.7,10.4,15.5
17409,0.7503,0,WARNING,11.1,3.9,10.1,16.1
17410,0.9913,0,WARNING,11.2,4.9,10.2,18.6
17411,0.7262,0,WARNING,11.2,6.4,19.0,22.8
17412,0.8128,0,WARNING,11.2,5.9,11.2,14.5
17413,0.5658,0,NORMAL,11.1,4.8,8.9,14.7
17414,1.0,0,ANOMALY,13.4,18.0,9.3,15.9
17415,0.6129,0,WARNING,10.9,3.2,9.2,16.1
17416,0.7299,0,WARNING,11.0,4.3,18.3,22.1
17417,0.7297,0,WARNING,11.0,3.5,11.3,16.8
17418,0.8081,0,WARNING,11.1,4.4,9.0,16.5
17419,0.6466,0,WARNING,10.8,3.4,9.1,15.9
17420,0.5377,0,NORMAL,10.9,3.7,9.3,15.4
17421,0.7113,0,WARNING,11.1,6.3,18.2,20.9
17422,0.4939,0,NORMAL,11.0,4.1,11.2,15.5
17423,0.6133,0,WARNING,11.0,2.8,8.6,15.4
17424,1.0,0,ANOMALY,14.1,18.5,8.7,16.3
17425,0.7041,0,WARNING,10.9,3.7,8.9,16.1
17426,0.6908,0,WARNING,11.1,4.3,17.7,19.6
17427,0.5126,0,NORMAL,11.0,3.0,10.6,13.9
17428,0.4595,0,NORMAL,11.0,3.5,9.2,14.2
17429,0.3478,0,NORMAL,10.9,3.4,8.5,14.4
17430,0.4944,0,NORMAL,10.9,3.9,8.7,15.0
17431,0.6627,0,WARNING,11.0,4.5,16.6,19.5
17432,0.8674,0,WARNING,11.2,5.0,11.1,15.0
17433,0.5374,0,NORMAL,11.0,2.5,8.2,15.0
17434,1.0,0,ANOMALY,13.3,17.9,10.0,14.8
17435,0.5766,0,NORMAL,10.9,3.6,9.6,15.6
17436,0.6768,0,WARNING,11.1,3.8,13.0,18.4
17437,0.7045,0,WARNING,11.1,4.1,13.8,18.7
17438,0.6465,0,WARNING,11.0,3.1,8.8,15.9
17439,0.6769,0,WARNING,10.9,2.7,9.3,16.1
17440,0.9989,0,WARNING,11.0,3.7,8.8,19.3
17441,0.753,0,WARNING,11.0,3.7,10.2,16.9
17442,0.666,0,WARNING,11.1,4.1,16.9,19.3
17443,0.6767,0,WARNING,10.9,3.8,8.9,15.8
17444,1.0,0,WARNING,12.8,16.7,8.1,15.6
17445,0.3373,0,NORMAL,11.1,3.9,8.2,14.6
17446,0.6465,0,WARNING,11.0,2.6,8.7,15.6
17447,0.6933,0,WARNING,11.0,5.1,17.6,20.5
17448,0.3902,0,NORMAL,10.9,3.3,9.2,14.2
17449,0.6307,0,WARNING,11.1,4.6,8.5,14.3
17450,0.677,0,WARNING,11.2,4.6,9.0,15.8
17451,0.7046,0,WARNING,11.0,3.9,9.7,16.3
17452,0.73,0,WARNING,11.1,4.9,17.6,21.6
17453,0.7044,0,WARNING,10.9,2.7,10.1,16.0
17454,1.0,0,ANOMALY,13.0,17.9,9.4,16.5
17455,0.7041,0,WARNING,11.0,3.9,9.5,16.5
17456,0.7298,0,WARNING,11.0,3.8,9.8,16.7
17457,0.8283,0,WARNING,11.3,7.0,18.8,22.5
17458,0.7044,0,WARNING,11.0,3.3,11.4,16.8
17459,0.6465,0,WARNING,10.9,3.4,8.7,16.2
17460,0.6769,0,WARNING,10.9,3.4,8.2,15.9
17461,0.6136,0,WARNING,10.9,3.4,8.3,15.6
17462,0.6641,0,WARNING,11.0,4.4,16.5,18.7
17463,0.3824,0,NORMAL,11.0,3.9,9.4,14.1
17464,1.0,0,ANOMALY,13.8,18.5,7.8,15.0
17465,0.6764,0,WARNING,10.9,3.6,7.7,15.3
17466,0.6768,0,WARNING,10.8,3.3,7.6,15.2
17467,0.6678,0,WARNING,10.9,4.4,16.6,19.2
17468,0.3378,0,NORMAL,10.8,3.9,8.6,12.8
17469,0.3156,0,NORMAL,10.8,2.9,6.2,12.7
17470,0.9971,0,WARNING,10.8,2.5,6.2,15.8
17471,0.2782,0,NORMAL,10.7,2.7,6.4,13.2
17472,0.6477,0,WARNING,10.9,3.7,15.6,18.2
17473,0.264,0,NORMAL,10.7,3.1,7.6,13.0
17474,1.0,0,ANOMALY,13.3,18.7,7.7,14.2
17475,0.5851,0,NORMAL,10.9,4.5,7.2,13.6
17476,0.6846,0,WARNING,11.0,4.1,6.4,13.6
17477,0.6617,0,WARNING,10.9,3.6,15.9,19.8
17478,0.4493,0,NORMAL,10.9,3.8,7.5,12.5
17479,0.4217,0,NORMAL,10.7,3.7,5.7,12.8
17480,0.5774,0,NORMAL,10.7,3.1,6.0,14.0
17481,0.7048,0,WARNING,10.8,3.8,6.1,14.6
17482,0.5688,0,NORMAL,10.8,4.4,13.7,16.8
17483,0.3986,0,NORMAL,10.8,3.0,11.2,14.3
17484,1.0,0,ANOMALY,16.1,22.4,8.7,13.3
17485,0.5041,0,NORMAL,10.7,4.4,7.8,13.5
17486,0.7995,0,WARNING,10.8,4.9,5.9,13.3
17487,0.4944,0,NORMAL,10.7,3.7,9.5,16.0
17488,0.5148,0,NORMAL,10.7,4.5,11.7,16.1
17489,0.4278,0,NORMAL,10.7,3.9,5.8,13.0
17490,0.4471,0,NORMAL,10.7,3.7,6.0,13.6
17491,0.4824,0,NORMAL,10.8,3.4,5.7,13.3
17492,0.6137,0,WARNING,10.7,2.5,7.0,14.8
17493,0.5936,0,NORMAL,10.8,3.9,13.9,18.9
17494,1.0,0,ANOMALY,13.9,18.5,7.0,14.6
17495,0.3857,0,NORMAL,10.7,3.2,6.5,13.5
17496,0.7289,0,WARNING,10.8,3.9,6.4,13.3
17497,0.5774,0,NORMAL,10.9,3.7,6.0,14.0
17498,0.6085,0,WARNING,10.8,4.1,14.3,18.3
17499,0.4007,0,NORMAL,10.7,2.4,6.1,12.3
17500,0.9958,0,WARNING,10.7,3.1,5.2,15.4
17501,0.5773,0,NORMAL,10.7,3.3,5.3,13.8
17502,0.5378,0,NORMAL,10.6,3.5,5.6,13.7
17503,0.6663,0,WARNING,10.7,4.1,16.2,18.8
17504,1.0,0,ANOMALY,14.9,20.4,9.2,12.9
17505,0.4234,0,NORMAL,10.6,3.3,7.9,13.0
17506,0.3084,0,NORMAL,10.6,3.7,7.9,13.1
17507,0.3666,0,NORMAL,10.6,2.3,8.6,13.1
17508,0.6895,0,WARNING,10.7,3.9,17.2,18.6
17509,0.3623,0,NORMAL,10.6,3.1,10.2,13.1
17510,0.2615,0,NORMAL,10.6,3.1,7.8,12.5
17511,0.2613,0,NORMAL,10.6,2.7,7.8,13.1
17512,0.2681,0,NORMAL,10.7,2.8,7.6,12.6
17513,0.6811,0,WARNING,10.9,5.5,17.0,18.3
17514,1.0,0,ANOMALY,13.5,18.5,8.6,13.2
17515,0.5975,0,NORMAL,10.7,4.8,5.4,12.5
17516,0.5203,0,NORMAL,10.7,3.9,5.1,12.9
17517,0.3662,0,NORMAL,10.7,3.3,5.7,13.0
17518,0.6457,0,WARNING,10.8,4.5,15.1,18.2
17519,0.4467,0,NORMAL,10.6,3.2,8.2,14.0
17520,0.4942,0,NORMAL,10.7,4.2,5.9,13.5
17521,0.4944,0,NORMAL,10.7,4.1,5.7,13.6
17522,0.7279,0,WARNING,10.7,4.2,5.6,12.6
17523,0.6349,0,WARNING,10.8,4.7,14.6,18.5
17524,1.0,0,ANOMALY,14.6,20.6,6.3,12.4
17525,0.4277,0,NORMAL,10.7,3.5,4.6,11.9
17526,0.9168,0,WARNING,10.9,5.0,4.8,11.8
17527,0.3386,0,NORMAL,10.6,2.4,4.9,12.8
17528,0.6284,0,WARNING,10.7,5.1,13.7,18.4
17529,0.6466,0,WARNING,10.7,4.1,6.5,13.7
17530,0.9967,0,WARNING,10.6,3.0,5.1,15.9
17531,0.6279,0,WARNING,10.7,3.8,5.3,13.6
17532,0.7592,0,WARNING,10.7,5.6,5.5,12.6
17533,0.4943,0,NORMAL,10.6,3.7,11.2,15.6
17534,1.0,0,ANOMALY,13.9,20.4,9.2,14.2
17535,0.483,0,NORMAL,10.7,3.6,6.3,13.0
17536,0.5508,0,NORMAL,10.6,3.8,5.4,12.9
17537,0.5378,0,NORMAL,10.7,4.0,4.9,13.3
17538,0.4522,0,NORMAL,10.7,4.1,8.1,13.7
17539,0.4895,0,NORMAL,10.6,4.2,11.8,15.8
17540,0.2847,0,NORMAL,10.6,3.6,7.9,12.5
17541,0.5354,0,NORMAL,10.6,3.8,5.4,12.9
17542,0.565,0,NORMAL,10.8,4.8,4.9,12.0
17543,0.3171,0,NORMAL,10.6,3.0,5.6,12.0
17544,1.0,0,ANOMALY,14.3,21.1,12.5,16.7
17545,0.5448,0,NORMAL,10.7,2.8,5.1,12.9
17546,0.7183,0,WARNING,10.8,4.5,5.2,12.6
17547,0.5378,0,NORMAL,10.6,3.5,4.6,12.8
17548,0.5685,0,NORMAL,10.8,3.8,4.2,11.9
17549,0.571,0,NORMAL,10.7,4.2,12.9,16.9
17550,0.4272,0,NORMAL,10.7,3.4,5.7,11.4
17551,0.3951,0,NORMAL,10.6,2.9,6.2,12.8
17552,0.3539,0,NORMAL,10.6,3.5,6.9,12.4
17553,0.4916,0,NORMAL,10.7,4.1,7.7,11.9
17554,1.0,0,ANOMALY,13.5,19.8,14.8,17.5
17555,0.5101,0,NORMAL,10.6,3.7,7.1,12.2
17556,0.4309,0,NORMAL,10.6,4.1,6.7,12.2
17557,0.4384,0,NORMAL,10.7,3.9,7.3,12.5
17558,0.9553,0,WARNING,10.9,4.8,5.8,12.4
17559,0.614,0,WARNING,10.7,4.2,14.2,18.3
17560,0.9901,0,WARNING,10.8,4.3,6.5,14.8
17561,0.4466,0,NORMAL,10.6,3.0,3.8,11.4
17562,0.4471,0,NORMAL,10.6,3.2,3.9,12.0
17563,0.5776,0,NORMAL,10.5,2.5,4.1,12.5
17564,1.0,0,ANOMALY,13.0,18.4,12.9,17.9
17565,0.6128,0,WARNING,10.7,3.0,6.4,12.7
17566,0.5374,0,NORMAL,10.7,2.7,5.0,12.5
17567,0.6468,0,WARNING,10.7,4.1,5.2,13.2
17568,0.4257,0,NORMAL,10.8,3.5,4.2,11.7
17569,0.5761,0,NORMAL,10.7,3.4,13.2,17.7
17570,0.3122,0,NORMAL,10.6,2.6,5.3,10.3
17571,0.1752,0,NORMAL,10.6,2.6,3.4,10.6
17572,0.2577,0,NORMAL,10.7,2.9,3.4,10.8
17573,0.1792,0,NORMAL,10.7,2.0,3.7,11.2
17574,1.0,0,ANOMALY,13.5,18.7,13.1,17.3
17575,0.5831,0,NORMAL,10.7,3.7,6.5,11.8
17576,0.3173,0,NORMAL,10.5,2.8,4.0,11.1
17577,0.7162,0,WARNING,11.1,5.3,3.7,10.4
17578,0.408,0,NORMAL,10.6,3.2,3.4,9.8
17579,0.5536,0,NORMAL,10.7,3.1,12.4,16.5
17580,0.4469,0,NORMAL,10.6,2.6,5.3,11.0
17581,0.3167,0,NORMAL,10.6,2.8,3.8,10.3
17582,0.3015,0,NORMAL,10.6,2.7,3.3,9.5
17583,0.1884,0,NORMAL,10.6,2.6,3.2,9.6
17584,1.0,0,ANOMALY,13.8,19.3,9.8,14.6
17585,0.4854,0,NORMAL,10.7,2.4,7.1,11.7
17586,0.31,0,NORMAL,10.6,1.9,3.1,9.1
17587,0.2034,0,NORMAL,10.6,2.4,3.1,9.5
17588,0.3956,0,NORMAL,10.6,2.4,3.6,10.8
17589,0.5777,0,NORMAL,10.7,2.6,7.6,13.6
17590,0.9963,0,WARNING,10.7,3.4,9.8,17.1
17591,0.4702,0,NORMAL,10.7,3.6,6.1,10.2
17592,0.3743,0,NORMAL,10.7,3.4,6.6,10.0
17593,0.447,0,NORMAL,10.6,2.9,4.5,10.9
17594,1.0,0,ANOMALY,12.9,16.9,5.7,11.9
17595,0.5286,0,NORMAL,10.7,2.8,12.6,15.2
17596,0.2687,0,NORMAL,10.6,1.9,3.3,7.5
17597,0.1872,0,NORMAL,10.7,2.1,2.5,7.6
17598,0.144,0,NORMAL,10.7,2.2,2.6,7.7
17599,0.3313,0,NORMAL,10.8,1.8,4.3,9.7
17600,0.5519,0,NORMAL,10.8,3.1,12.4,14.9
17601,0.3383,0,NORMAL,10.7,2.9,4.4,10.2
17602,0.447,0,NORMAL,10.9,4.1,3.7,10.4
17603,0.3973,0,NORMAL,10.8,2.6,5.6,9.7
17604,1.0,0,ANOMALY,13.7,18.0,6.1,9.9
17605,0.6241,0,WARNING,10.9,3.8,15.2,15.3
17606,0.4018,0,NORMAL,10.8,1.8,7.4,9.4
17607,0.4582,0,NORMAL,10.8,2.3,6.3,9.7
17608,0.4682,0,NORMAL,10.8,2.3,6.1,9.4
17609,0.3075,0,NORMAL,10.8,2.2,5.6,9.4
17610,0.5458,0,NORMAL,10.8,3.7,12.6,15.7
17611,0.395,0,NORMAL,10.6,2.0,4.9,10.1
17612,0.5378,0,NORMAL,10.7,2.7,3.2,10.5
17613,0.3954,0,NORMAL,10.7,2.3,3.1,10.0
17614,1.0,0,ANOMALY,13.9,18.4,3.4,10.5
17615,0.5207,0,NORMAL,10.8,3.5,11.8,14.2
17616,0.3361,0,NORMAL,10.6,2.3,4.5,8.5
17617,0.217,0,NORMAL,10.6,2.2,2.6,8.4
17618,0.2769,0,NORMAL,10.6,2.1,3.0,9.6
17619,0.1939,0,NORMAL,10.6,2.6,3.0,9.1
17620,0.9958,0,WARNING,10.8,4.2,11.7,16.9
17621,0.5359,0,NORMAL,10.6,3.4,4.5,8.7
17622,0.3528,0,NORMAL,10.6,3.3,3.0,9.7
17623,0.5485,0,NORMAL,10.7,3.0,3.4,10.4
17624,1.0,0,ANOMALY,14.7,19.7,3.5,9.8
17625,0.559,0,NORMAL,11.1,4.2,12.7,15.1
17626,0.3484,0,NORMAL,11.0,2.9,4.7,8.3
17627,0.7577,0,WARNING,11.1,4.0,3.1,9.4
17628,0.6631,0,WARNING,11.0,3.2,3.0,9.7
17629,0.204,0,NORMAL,10.9,2.7,3.0,9.1
17630,0.52,0,NORMAL,11.0,3.5,11.6,13.9
17631,0.2831,0,NORMAL,10.8,2.0,4.4,8.4
17632,0.3385,0,NORMAL,10.8,2.9,3.1,9.6
17633,0.3954,0,NORMAL,10.7,2.1,3.2,9.6
17634,1.0,0,ANOMALY,13.3,17.9,3.1,9.7
17635,0.4287,0,NORMAL,10.8,3.8,9.6,13.8
17636,0.338,0,NORMAL,10.7,2.5,6.8,11.0
17637,0.5094,0,NORMAL,10.9,3.8,3.1,9.3
17638,0.3676,0,NORMAL,10.7,3.3,2.8,8.2
17639,0.3532,0,NORMAL,10.7,3.3,2.8,8.4
17640,0.6956,0,WARNING,10.9,4.3,6.6,10.8
17641,0.457,0,NORMAL,10.8,3.8,8.6,11.5
17642,0.4511,0,NORMAL,10.7,3.3,2.6,8.3
17643,0.124,0,NORMAL,10.7,2.5,2.7,8.9
17644,1.0,0,ANOMALY,14.6,20.0,2.7,8.3
17645,0.3656,0,NORMAL,10.6,3.3,3.8,9.4
17646,0.54,0,NORMAL,10.8,4.2,11.1,14.3
17647,0.2284,0,NORMAL,10.6,2.7,2.9,8.5
17648,0.3082,0,NORMAL,10.6,2.2,2.7,9.2
17649,0.339,0,NORMAL,10.6,2.0,2.9,9.4
17650,0.9889,0,WARNING,10.6,2.4,3.2,12.6
17651,0.5271,0,NORMAL,10.7,3.4,12.0,14.5
17652,0.3851,0,NORMAL,10.6,3.2,3.7,8.2
17653,0.1181,0,NORMAL,10.6,2.1,2.6,8.1
17654,1.0,0,ANOMALY,13.7,18.1,3.0,9.1
17655,0.367,0,NORMAL,10.6,3.0,2.9,8.5
17656,0.5283,0,NORMAL,10.7,3.2,11.8,13.9
17657,0.39,0,NORMAL,10.6,2.4,3.6,9.0
17658,0.3387,0,NORMAL,10.6,2.9,4.7,10.1
17659,0.2029,0,NORMAL,10.6,2.8,5.9,9.2
17660,0.2028,0,NORMAL,10.6,2.9,4.8,9.0
17661,0.5775,0,NORMAL,10.6,3.2,12.4,15.7
17662,0.2961,0,NORMAL,10.6,2.2,4.1,8.1
17663,0.6136,0,WARNING,10.8,4.5,3.1,10.4
17664,1.0,0,ANOMALY,14.3,18.8,3.7,10.6
17665,0.6462,0,WARNING,11.0,1.9,5.1,11.5
17666,0.6466,0,WARNING,10.8,3.7,13.4,16.5
17667,0.6465,0,WARNING,10.5,3.1,5.3,10.7
17668,0.5377,0,NORMAL,10.5,2.5,3.1,9.9
17669,0.6469,0,WARNING,10.5,1.9,3.2,10.5
17670,0.647,0,WARNING,10.5,2.1,3.2,10.4
17671,0.5374,0,NORMAL,10.7,3.9,12.1,15.1
17672,0.6135,0,WARNING,10.5,2.1,5.0,10.2
17673,0.6467,0,WARNING,10.6,2.2,3.5,10.5
17674,1.0,0,ANOMALY,12.6,16.5,3.3,10.6
17675,0.5769,0,NORMAL,10.7,3.1,3.5,10.1
17676,0.5313,0,NORMAL,10.8,2.7,12.1,15.1
17677,0.62,0,WARNING,10.8,3.2,5.9,9.3
17678,0.3384,0,NORMAL,10.7,2.6,3.8,9.5
17679,0.6138,0,WARNING,10.7,1.8,3.4,10.4
17680,0.9795,0,WARNING,10.7,2.7,3.7,12.0
17681,0.5475,0,NORMAL,10.9,3.7,12.4,15.4
17682,0.6466,0,WARNING,10.7,2.4,5.0,10.5
17683,0.6467,0,WARNING,10.8,2.1,3.6,10.5
17684,1.0,0,ANOMALY,14.1,18.2,2.9,8.8
17685,0.6463,0,WARNING,10.7,2.3,3.1,10.5
17686,0.6467,0,WARNING,10.9,2.6,9.9,14.4
17687,0.3384,0,NORMAL,10.8,3.0,6.8,10.9
17688,0.6467,0,WARNING,10.7,2.2,3.3,10.4
17689,0.3388,0,NORMAL,10.7,2.7,4.7,10.1
17690,0.2048,0,NORMAL,10.8,2.2,6.1,9.9
17691,0.4753,0,NORMAL,10.8,3.2,10.9,12.2
17692,0.4916,0,NORMAL,10.8,4.0,12.2,12.9
17693,0.5374,0,NORMAL,10.7,2.5,3.7,10.1
17694,0.9967,0,WARNING,12.3,15.6,2.9,8.4
17695,0.3868,0,NORMAL,10.7,1.8,2.5,8.3
17696,0.6468,0,WARNING,10.7,2.5,4.0,10.9
17697,0.6469,0,WARNING,11.1,5.2,11.3,15.3
17698,0.6467,0,WARNING,10.7,2.3,3.2,10.4
17699,0.6469,0,WARNING,10.6,2.6,3.4,10.4
17700,0.6469,0,WARNING,10.6,2.7,3.2,10.3
17701,0.6772,0,WARNING,10.6,1.8,3.4,10.7
17702,0.5383,0,NORMAL,10.8,4.1,12.3,15.3
17703,0.6134,0,WARNING,10.7,2.1,3.6,10.2
17704,1.0,0,ANOMALY,13.4,18.1,3.2,9.6
17705,0.3943,0,NORMAL,10.7,2.7,3.0,9.5
17706,0.2464,0,NORMAL,10.7,2.6,2.8,8.4
17707,0.5136,0,NORMAL,10.8,4.3,11.4,13.6
17708,0.2747,0,NORMAL,10.7,1.7,2.6,9.0
17709,0.4473,0,NORMAL,10.7,2.2,2.9,9.6
17710,0.9986,0,WARNING,10.7,3.2,3.2,13.0
17711,0.5774,0,NORMAL,10.7,3.1,3.3,10.2
17712,0.6468,0,WARNING,10.8,3.2,12.1,15.9
17713,0.3382,0,NORMAL,10.7,2.4,4.6,9.4
17714,0.9979,0,WARNING,12.4,16.5,4.4,8.8
17715,0.2136,0,NORMAL,10.7,2.7,5.9,8.8
17716,0.2134,0,NORMAL,10.8,2.8,6.0,8.9
17717,0.5516,0,NORMAL,10.9,4.6,12.7,14.8
17718,0.5032,0,NORMAL,10.9,3.6,4.7,9.7
17719,0.3889,0,NORMAL,10.8,3.3,2.9,8.9
17720,0.2178,0,NORMAL,10.7,2.3,2.6,7.8
17721,0.1568,0,NORMAL,10.7,2.6,2.9,8.3
17722,0.5499,0,NORMAL,10.8,3.9,12.4,14.3
17723,0.3358,0,NORMAL,10.8,2.8,5.2,8.6
17724,1.0,0,ANOMALY,12.9,17.2,3.9,9.0
17725,0.2572,0,NORMAL,10.7,2.4,3.6,8.6
17726,0.289,0,NORMAL,10.7,2.3,2.8,8.1
17727,0.512,0,NORMAL,10.8,3.8,11.5,13.5
17728,0.3104,0,NORMAL,10.7,2.2,3.4,8.1
17729,0.1237,0,NORMAL,10.7,2.1,2.5,8.0
17730,0.1179,0,NORMAL,10.7,2.5,2.5,8.1
17731,0.1351,0,NORMAL,10.7,1.8,2.5,8.9
17732,0.6139,0,WARNING,10.8,3.5,11.9,15.8
17733,0.6466,0,WARNING,10.7,2.8,5.0,10.4
17734,1.0,0,WARNING,12.6,15.9,3.7,8.4
17735,0.3078,0,NORMAL,10.8,2.7,3.4,8.7
17736,0.3952,0,NORMAL,10.7,2.2,3.2,9.4
17737,0.4048,0,NORMAL,10.7,3.8,9.4,13.2
17738,0.2859,0,NORMAL,10.8,3.3,6.8,10.5
17739,0.3207,0,NORMAL,10.8,3.0,2.8,8.2
17740,0.9984,0,WARNING,10.8,3.1,2.7,11.4
17741,0.3275,0,NORMAL,10.7,2.1,2.6,9.0
17742,0.4473,0,NORMAL,10.8,3.0,6.7,11.9
17743,0.4945,0,NORMAL,10.9,3.1,9.1,12.9
17744,1.0,0,ANOMALY,13.5,17.7,3.3,8.4
17745,0.8069,0,WARNING,10.8,3.7,2.8,8.1
17746,0.7379,0,WARNING,10.8,4.1,2.7,8.1
17747,0.286,0,NORMAL,10.7,3.4,3.6,9.5
17748,0.4934,0,NORMAL,10.8,3.3,11.1,14.5
17749,0.4469,0,NORMAL,10.7,2.2,3.2,9.8
17750,0.8497,0,WARNING,10.9,3.7,3.7,9.4
17751,0.2185,0,NORMAL,10.7,1.9,4.1,8.3
17752,0.4002,0,NORMAL,10.7,3.3,4.4,8.5
17753,0.5692,0,NORMAL,10.7,3.7,13.1,14.2
17754,1.0,0,ANOMALY,12.5,16.0,5.1,8.5
17755,0.261,0,NORMAL,10.6,2.2,4.3,8.4
17756,0.1832,0,NORMAL,10.6,2.5,3.9,8.3
17757,0.4711,0,NORMAL,10.6,3.9,3.0,8.7
17758,0.5114,0,NORMAL,10.6,3.4,11.5,13.5
17759,0.3105,0,NORMAL,10.5,2.3,2.8,8.0
17760,0.3387,0,NORMAL,10.5,3.4,2.7,8.8
17761,0.7518,0,WARNING,10.7,3.2,2.9,9.4
17762,0.8158,0,WARNING,10.7,4.8,3.3,9.7
17763,0.7805,0,WARNING,10.8,5.3,12.0,14.8
17764,1.0,0,ANOMALY,12.9,17.2,5.3,9.3
17765,0.316,0,NORMAL,10.5,2.6,4.1,8.5
17766,0.3071,0,NORMAL,10.5,2.7,4.2,8.4
17767,0.3462,0,NORMAL,10.5,3.3,4.2,8.5
17768,0.5649,0,NORMAL,10.6,4.0,13.0,14.0
17769,0.2837,0,NORMAL,10.5,2.1,5.6,8.7
17770,0.9984,0,WARNING,10.5,2.2,3.5,12.3
17771,0.7549,0,WARNING,10.7,4.2,3.0,8.2
17772,0.8665,0,WARNING,10.8,4.6,3.0,8.5
17773,0.5424,0,NORMAL,10.6,4.5,12.0,14.9
17774,0.9997,0,WARNING,12.1,16.0,5.3,8.8
17775,0.2455,0,NORMAL,10.4,2.7,3.6,8.7
17776,0.2764,0,NORMAL,10.4,2.3,3.5,9.7
17777,0.4473,0,NORMAL,10.4,2.8,3.6,10.0
17778,0.5282,0,NORMAL,10.5,3.7,11.9,15.2
17779,0.4469,0,NORMAL,10.4,2.3,4.8,9.7
17780,0.3385,0,NORMAL,10.4,2.5,2.9,9.2
17781,0.209,0,NORMAL,10.4,2.1,3.0,8.9
17782,0.3075,0,NORMAL,10.4,3.0,2.7,7.9
17783,0.5128,0,NORMAL,10.6,3.6,11.5,13.4
17784,0.9977,0,WARNING,12.0,15.6,3.2,8.3
17785,0.4937,0,NORMAL,10.4,2.9,2.9,9.6
17786,0.3622,0,NORMAL,10.4,3.2,2.6,7.9
17787,0.3014,0,NORMAL,10.4,3.2,2.7,8.9
17788,0.422,0,NORMAL,10.6,3.6,9.5,13.4
17789,0.3952,0,NORMAL,10.5,2.4,6.4,10.8
17790,0.4707,0,NORMAL,10.5,3.3,2.9,8.1
17791,0.3075,0,NORMAL,10.5,2.4,2.7,7.9
17792,0.1829,0,NORMAL,10.5,2.8,2.5,8.2
17793,0.2873,0,NORMAL,10.5,2.9,7.3,11.3
17794,1.0,0,WARNING,12.4,16.7,9.9,12.9
17795,0.3995,0,NORMAL,10.5,2.8,3.2,8.6
17796,0.2453,0,NORMAL,10.6,3.0,2.8,8.3
17797,0.3954,0,NORMAL,10.5,2.6,3.7,9.5
17798,0.388,0,NORMAL,10.5,2.7,5.1,10.0
17799,0.5826,0,NORMAL,10.7,3.6,13.6,14.0
17800,0.9768,0,WARNING,10.5,2.0,5.9,11.2
17801,0.3422,0,NORMAL,10.5,2.2,3.3,9.0
17802,0.3877,0,NORMAL,10.5,3.3,4.4,9.2
17803,0.6204,0,WARNING,10.6,3.7,6.1,8.8
17804,0.9984,0,WARNING,11.7,15.7,14.0,14.6
17805,0.4459,0,NORMAL,10.5,2.1,4.3,9.4
17806,0.4468,0,NORMAL,10.5,2.8,3.2,9.4
17807,0.3086,0,NORMAL,10.5,2.6,2.9,7.9
17808,0.6139,0,WARNING,10.5,2.3,2.9,10.1
17809,0.647,0,WARNING,10.6,3.3,11.8,15.5
17810,0.6467,0,WARNING,10.5,2.0,3.9,10.1
17811,0.6468,0,WARNING,10.5,1.5,3.2,10.3
17812,0.6772,0,WARNING,10.5,2.4,3.3,10.4
17813,0.2768,0,NORMAL,10.5,2.4,3.1,8.9
17814,1.0,0,ANOMALY,13.0,18.4,11.6,13.6
17815,0.4894,0,NORMAL,10.5,2.6,4.0,8.0
17816,0.502,0,NORMAL,10.6,2.9,3.0,9.5
17817,0.7429,0,WARNING,10.8,4.5,3.2,9.7
17818,0.3388,0,NORMAL,10.5,3.0,3.3,9.3
17819,0.5508,0,NORMAL,10.6,3.9,12.4,15.6
17820,0.6466,0,WARNING,10.5,2.3,5.1,10.3
17821,0.677,0,WARNING,10.6,2.1,3.4,10.4
17822,0.6771,0,WARNING,10.5,2.1,3.4,10.4
17823,0.6469,0,WARNING,10.5,2.1,3.4,10.3
17824,0.9997,0,WARNING,12.3,17.1,12.2,14.9
17825,0.5765,0,NORMAL,10.5,2.7,4.9,10.1
17826,0.6465,0,WARNING,10.5,1.8,3.2,10.2
17827,0.6771,0,WARNING,10.5,1.8,3.3,10.5
17828,0.6772,0,WARNING,10.5,2.0,3.6,10.6
17829,0.6772,0,WARNING,10.6,3.1,12.4,15.9
17830,0.9939,0,WARNING,10.5,2.2,5.1,13.1
17831,0.6768,0,WARNING,10.5,1.3,3.3,10.4
17832,0.6771,0,WARNING,10.5,2.3,3.3,10.4
17833,0.6469,0,WARNING,10.5,1.8,3.5,10.3
17834,1.0,0,ANOMALY,13.6,19.7,12.0,13.7
17835,0.49,0,NORMAL,10.5,2.7,4.4,7.8
17836,0.361,0,NORMAL,10.5,3.4,2.6,8.0
17837,0.4946,0,NORMAL,10.5,2.7,2.8,9.4
17838,0.647,0,WARNING,10.5,1.8,3.0,10.0
17839,0.5777,0,NORMAL,10.6,2.4,9.7,13.8
17840,0.6136,0,WARNING,10.5,2.5,7.1,11.5
17841,0.6136,0,WARNING,10.5,2.0,3.1,9.8
17842,0.5775,0,NORMAL,10.5,1.9,3.0,9.7
17843,0.6772,0,WARNING,10.4,1.8,3.3,10.2
17844,1.0,0,WARNING,12.5,16.4,7.0,12.6
17845,0.6765,0,WARNING,10.6,2.9,9.2,13.4
17846,0.494,0,NORMAL,10.5,2.1,3.4,9.4
17847,0.368,0,NORMAL,10.5,3.5,3.0,7.9
17848,0.4857,0,NORMAL,10.6,3.7,3.0,8.0
17849,0.5241,0,NORMAL,10.6,3.2,3.7,9.5
17850,0.6772,0,WARNING,10.6,3.8,11.4,15.2
17851,0.6466,0,WARNING,10.5,1.7,3.2,10.0
17852,0.6771,0,WARNING,10.5,2.5,3.5,10.3
17853,0.6469,0,WARNING,10.5,2.3,3.2,9.9
17854,0.9973,0,WARNING,12.0,14.5,3.3,10.1
17855,0.6464,0,WARNING,10.6,3.7,12.3,15.5
17856,0.6464,0,WARNING,10.5,2.3,4.0,9.9
17857,0.677,0,WARNING,10.5,2.1,3.4,10.2
17858,0.6469,0,WARNING,10.5,2.1,3.6,10.2
17859,0.6469,0,WARNING,10.5,1.9,3.2,9.9
17860,0.9963,0,WARNING,10.6,4.1,12.3,18.5
17861,0.6767,0,WARNING,10.5,2.3,5.0,10.2
17862,0.6769,0,WARNING,10.6,3.3,3.5,10.1
17863,0.8409,0,WARNING,10.7,3.2,3.3,10.2
17864,1.0,0,ANOMALY,12.5,15.3,3.1,9.1
17865,0.5182,0,NORMAL,10.6,3.3,12.0,14.7
17866,0.494,0,NORMAL,10.5,2.4,4.6,9.2
17867,0.677,0,WARNING,10.5,2.1,3.1,10.0
17868,1.0,0,ANOMALY,10.5,1.8,3.1,12.1
17869,0.647,0,WARNING,10.5,1.9,3.3,9.8
17870,0.647,0,WARNING,10.6,3.0,12.1,15.2
17871,0.6466,0,WARNING,10.5,2.3,4.9,9.9
17872,0.5773,0,NORMAL,10.5,2.1,3.1,9.4
17873,0.6771,0,WARNING,10.5,1.4,3.3,10.2
17874,1.0,0,ANOMALY,12.5,16.3,3.1,9.8
17875,0.5372,0,NORMAL,10.6,3.4,12.0,14.8
17876,0.4466,0,NORMAL,10.5,2.1,4.7,8.9
17877,0.3856,0,NORMAL,10.5,2.4,2.7,7.7
17878,0.1403,0,NORMAL,10.5,2.3,2.4,7.3
17879,0.1411,0,NORMAL,10.4,1.7,2.4,7.7
17880,0.5381,0,NORMAL,10.5,3.8,11.6,14.7
17881,0.3951,0,NORMAL,10.4,2.0,4.8,9.2
17882,0.4944,0,NORMAL,10.4,1.8,3.7,9.7
17883,0.1416,0,NORMAL,10.4,2.0,3.2,8.0
17884,0.9971,0,WARNING,11.8,14.8,3.0,7.7
17885,0.5091,0,NORMAL,10.5,3.4,11.5,13.6
17886,0.2996,0,NORMAL,10.5,2.1,4.3,8.3
17887,0.6136,0,WARNING,10.5,2.5,2.9,9.5
17888,0.6772,0,WARNING,10.5,1.8,3.1,9.9
17889,0.647,0,WARNING,10.5,1.9,3.0,9.6
17890,0.9839,0,WARNING,10.5,2.6,9.6,16.3
17891,0.6768,0,WARNING,10.5,2.2,6.2,11.0
17892,0.6769,0,WARNING,10.5,2.5,3.0,9.6
17893,0.6469,0,WARNING,10.5,2.1,3.2,9.5
17894,1.0,0,WARNING,12.4,15.5,3.0,9.5
17895,0.6767,0,WARNING,10.5,2.8,6.7,11.9
17896,0.2909,0,NORMAL,10.5,2.4,8.4,10.8
17897,0.3951,0,NORMAL,10.5,2.0,2.4,8.4
17898,0.5776,0,NORMAL,10.5,2.4,2.8,9.2
17899,0.5777,0,NORMAL,10.5,2.2,2.7,9.0
17900,0.4948,0,NORMAL,10.5,2.3,3.7,9.1
17901,0.9742,0,WARNING,10.9,5.3,10.9,13.6
17902,0.395,0,NORMAL,10.5,2.1,2.6,8.3
17903,0.4472,0,NORMAL,10.5,2.3,2.5,8.6
17904,0.9997,0,WARNING,12.2,15.3,2.6,8.3
17905,0.3519,0,NORMAL,10.7,3.4,2.3,6.9
17906,0.4914,0,NORMAL,10.6,3.1,11.1,12.3
17907,0.2833,0,NORMAL,10.5,2.0,2.1,6.9
17908,0.3068,0,NORMAL,10.5,2.2,2.1,6.6
17909,0.464,0,NORMAL,10.5,2.7,2.0,6.7
17910,0.152,0,NORMAL,10.5,2.1,2.1,7.1
17911,0.4858,0,NORMAL,10.6,2.9,10.8,12.1
17912,0.2968,0,NORMAL,10.5,1.5,2.0,6.6
17913,0.1263,0,NORMAL,10.5,2.0,2.1,6.8
17914,1.0,0,ANOMALY,12.7,16.2,2.0,7.1
17915,0.4465,0,NORMAL,10.5,2.3,2.1,8.0
17916,0.9189,0,WARNING,10.9,5.2,11.3,13.3
17917,0.5376,0,NORMAL,10.6,2.3,3.8,8.4
17918,0.3385,0,NORMAL,10.6,2.0,2.6,7.9
17919,0.2091,0,NORMAL,10.6,1.5,2.4,7.4
17920,0.998,0,WARNING,10.6,2.1,2.5,11.2
17921,0.4925,0,NORMAL,10.7,3.5,11.4,12.8
17922,0.3276,0,NORMAL,10.6,1.8,3.1,6.5
17923,0.1178,0,NORMAL,10.6,2.2,1.9,6.2
17924,1.0,0,WARNING,12.4,15.4,1.9,6.5
17925,0.6133,0,WARNING,10.6,2.5,2.3,8.5
17926,0.6137,0,WARNING,10.6,2.4,11.2,14.0
17927,0.5773,0,NORMAL,10.5,1.8,4.4,8.4
17928,0.2765,0,NORMAL,10.5,1.9,2.3,7.4
17929,0.5776,0,NORMAL,10.5,1.7,2.7,8.4
17930,0.277,0,NORMAL,10.5,2.4,2.2,7.3
17931,0.5381,0,NORMAL,10.6,2.9,11.2,13.6
17932,0.3112,0,NORMAL,10.6,2.6,3.7,7.1
17933,0.5378,0,NORMAL,10.6,2.4,2.3,8.1
17934,1.0,0,ANOMALY,12.7,16.2,2.5,8.6
17935,0.6132,0,WARNING,10.5,2.6,2.6,8.5
17936,0.4808,0,NORMAL,10.7,3.0,11.2,12.6
17937,1.0,0,ANOMALY,14.2,24.0,5.1,7.3
17938,0.352,0,NORMAL,10.6,2.4,2.3,6.5
17939,0.3061,0,NORMAL,10.6,2.0,1.8,6.8
17940,0.5381,0,NORMAL,10.6,2.4,2.1,8.2
17941,0.4584,0,NORMAL,10.6,2.2,11.0,12.3
17942,0.2764,0,NORMAL,10.6,2.0,5.2,7.7
17943,0.1863,0,NORMAL,10.6,1.2,1.6,4.6
17944,1.0,0,ANOMALY,12.6,15.4,1.4,4.6
17945,0.1489,0,NORMAL,10.6,1.8,1.6,5.5
17946,0.2767,0,NORMAL,10.6,2.6,6.1,9.5
17947,0.7155,0,WARNING,10.6,3.3,7.4,10.6
17948,0.5378,0,NORMAL,10.5,2.4,2.5,7.7
17949,0.2288,0,NORMAL,10.5,1.7,2.0,5.8
17950,0.999,0,WARNING,10.5,1.9,2.0,10.1
17951,0.6468,0,WARNING,10.5,1.9,3.4,9.0
17952,0.475,0,NORMAL,10.6,2.8,10.8,11.1
17953,0.2763,0,NORMAL,10.6,1.6,2.2,7.0
17954,1.0,0,WARNING,12.5,15.8,2.0,7.1
17955,0.4939,0,NORMAL,10.6,1.9,2.1,7.5
17956,0.3076,0,NORMAL,10.6,2.2,2.0,6.2
17957,0.4806,0,NORMAL,10.6,2.7,10.6,11.2
17958,0.2336,0,NORMAL,10.5,2.1,1.8,6.0
17959,0.8893,0,WARNING,10.7,3.8,1.6,6.6
17960,0.8109,0,WARNING,10.7,2.9,1.9,7.6
17961,0.3956,0,NORMAL,10.5,1.5,1.9,7.0
17962,0.5381,0,NORMAL,10.6,3.2,11.1,13.2
17963,0.5377,0,NORMAL,10.5,2.3,2.3,8.3
17964,1.0,0,ANOMALY,13.8,17.8,2.6,9.2
17965,0.3217,0,NORMAL,10.7,2.2,2.2,7.6
17966,0.2086,0,NORMAL,10.5,2.6,2.3,8.1
17967,0.4774,0,NORMAL,10.6,3.4,11.2,13.4
17968,0.3353,0,NORMAL,10.5,2.0,2.2,7.8
17969,0.2206,0,NORMAL,10.6,2.0,1.7,5.6
17970,0.1347,0,NORMAL,10.5,1.9,1.6,6.0
17971,0.4949,0,NORMAL,10.5,1.7,3.2,8.9
17972,0.5461,0,NORMAL,10.7,3.3,12.3,12.5
17973,0.3127,0,NORMAL,10.6,1.8,5.1,6.4
17974,1.0,0,WARNING,12.4,15.0,3.3,5.8
17975,0.2203,0,NORMAL,10.5,2.1,3.2,6.0
17976,0.2267,0,NORMAL,10.5,1.4,3.3,6.0
17977,0.551,0,NORMAL,10.5,3.0,12.0,11.7
17978,0.3951,0,NORMAL,10.6,2.7,3.8,7.1
17979,0.4945,0,NORMAL,10.5,1.9,2.1,7.2
17980,0.9953,0,WARNING,10.5,2.1,1.8,8.3
17981,0.3368,0,NORMAL,10.6,2.6,1.5,5.2
17982,0.4804,0,NORMAL,10.5,2.9,10.3,10.8
17983,0.2183,0,NORMAL,10.5,1.9,1.5,5.3
17984,1.0,0,ANOMALY,12.8,16.1,1.5,5.4
17985,0.3946,0,NORMAL,10.5,1.8,1.7,6.7
17986,0.3953,0,NORMAL,10.5,1.9,1.7,6.5
17987,0.4751,0,NORMAL,10.5,3.6,10.8,11.6
17988,0.3106,0,NORMAL,10.5,2.5,3.4,5.1
17989,0.2613,0,NORMAL,10.5,2.9,1.4,5.1
17990,0.1994,0,NORMAL,10.5,2.2,1.5,5.4
17991,0.2547,0,NORMAL,10.5,1.7,1.4,5.0
17992,0.4583,0,NORMAL,10.5,2.8,10.3,10.8
17993,0.2905,0,NORMAL,10.5,2.1,5.3,6.4
17994,0.9971,0,WARNING,11.8,14.5,2.2,6.7
17995,0.308,0,NORMAL,10.5,1.7,1.7,5.1
17996,0.216,0,NORMAL,10.5,1.7,1.6,4.9
17997,0.2127,0,NORMAL,10.5,2.5,5.7,7.8
17998,0.2448,0,NORMAL,10.5,2.7,6.2,8.0
17999,0.3953,0,NORMAL,10.5,1.8,1.7,6.5
18000,0.2769,0,NORMAL,10.5,2.1,1.7,6.1
18001,0.1561,0,NORMAL,10.5,1.7,1.7,5.5
18002,0.3807,0,NORMAL,10.5,3.3,2.7,5.6
18003,0.4258,0,NORMAL,10.5,3.9,8.6,9.7
18004,1.0,0,ANOMALY,12.6,16.2,1.5,5.3
18005,0.6036,0,WARNING,10.6,2.7,1.5,5.1
18006,0.9707,0,WARNING,10.9,4.0,1.3,5.5
18007,0.3956,0,NORMAL,10.6,1.3,1.6,6.4
18008,0.475,0,NORMAL,10.6,3.0,10.6,11.9
18009,0.2675,0,NORMAL,10.5,1.5,1.8,6.3
18010,0.9967,0,WARNING,10.5,1.5,1.5,8.1
18011,0.2782,0,NORMAL,10.5,1.5,1.7,6.3
18012,0.5382,0,NORMAL,10.6,3.1,1.7,6.1
18013,0.4857,0,NORMAL,10.7,3.4,10.7,12.1
18014,1.0,0,WARNING,12.4,15.5,2.7,7.2
18015,0.5768,0,NORMAL,10.6,1.3,1.9,7.1
18016,0.2336,0,NORMAL,10.6,2.1,2.1,6.0
18017,0.9999,0,WARNING,10.5,2.0,1.6,4.0
18018,0.5119,0,NORMAL,10.6,3.6,11.0,10.5
18019,0.3088,0,NORMAL,10.6,2.9,1.8,4.9
18020,0.1698,0,NORMAL,10.6,2.4,1.6,4.8
18021,0.4135,0,NORMAL,10.6,3.1,1.5,5.0
18022,0.5777,0,NORMAL,10.6,2.1,1.8,7.5
18023,0.647,0,WARNING,10.6,3.2,11.1,13.8
18024,1.0,0,ANOMALY,13.5,17.0,3.9,6.1
18025,0.3941,0,NORMAL,10.7,1.8,2.0,6.5
18026,0.5377,0,NORMAL,10.7,2.3,2.0,6.7
18027,0.3389,0,NORMAL,10.7,1.6,1.6,6.0
18028,0.5382,0,NORMAL,10.7,2.7,10.8,12.2
18029,0.223,0,NORMAL,10.7,1.5,3.3,5.3
18030,0.3953,0,NORMAL,10.6,1.7,1.6,6.2
18031,0.3114,0,NORMAL,10.6,2.3,1.8,5.8
18032,0.277,0,NORMAL,10.6,2.4,1.8,6.1
18033,0.4804,0,NORMAL,10.6,2.9,10.6,11.6
18034,0.9969,0,WARNING,12.0,14.9,3.4,5.7
18035,0.2211,0,NORMAL,10.6,1.5,1.4,4.7
18036,0.1688,0,NORMAL,10.6,1.5,1.3,4.6
18037,0.1619,0,NORMAL,10.5,1.8,1.8,5.4
18038,0.4911,0,NORMAL,10.5,2.7,10.7,11.7
18039,0.3494,0,NORMAL,10.4,1.9,2.5,6.3
18040,0.9963,0,WARNING,10.4,2.0,2.5,10.4
18041,0.3322,0,NORMAL,10.5,1.7,2.1,7.1
18042,0.2181,0,NORMAL,10.4,2.0,1.7,6.1
18043,0.5145,0,NORMAL,10.5,3.7,9.3,10.8
18044,0.9972,0,WARNING,11.4,14.3,3.2,7.0
18045,0.7986,0,WARNING,10.5,3.4,1.7,7.0
18046,0.2766,0,NORMAL,10.4,1.7,1.7,6.1
18047,0.1444,0,NORMAL,10.4,1.7,1.4,4.8
18048,0.2263,0,NORMAL,10.4,2.0,5.6,7.3
18049,0.2367,0,NORMAL,10.4,2.8,6.0,7.7
18050,0.9057,0,WARNING,10.8,6.0,3.1,5.7
18051,0.933,0,WARNING,10.7,4.5,4.6,5.6
18052,0.2087,0,NORMAL,10.4,1.7,2.4,5.9
18053,0.4947,0,NORMAL,10.4,1.5,2.9,7.1
18054,0.9968,0,WARNING,11.7,15.0,9.6,10.5
18055,0.3337,0,NORMAL,10.4,1.2,1.7,4.3
18056,0.9999,0,WARNING,10.3,1.6,1.0,3.3
18057,0.2945,0,NORMAL,10.5,2.1,1.0,3.8
18058,0.3851,0,NORMAL,10.4,1.4,1.2,5.0
18059,0.5382,0,NORMAL,10.4,2.9,10.4,12.0
18060,0.2876,0,NORMAL,10.4,1.3,2.0,5.7
18061,0.2295,0,NORMAL,10.5,1.8,1.8,4.9
18062,0.1702,0,NORMAL,10.5,1.7,1.9,4.7
18063,0.1891,0,NORMAL,10.5,1.8,1.7,4.9
18064,1.0,0,ANOMALY,12.5,17.2,10.3,10.4
18065,0.9999,0,WARNING,10.4,1.0,1.3,5.5
18066,0.2177,0,NORMAL,10.5,1.6,1.6,5.5
18067,0.3956,0,NORMAL,10.5,1.9,1.6,6.2
18068,0.2093,0,NORMAL,10.4,1.3,3.3,6.4
18069,0.5554,0,NORMAL,10.5,3.0,12.2,11.9
18070,0.9984,0,WARNING,10.5,2.2,5.9,9.6
18071,0.3808,0,NORMAL,10.4,2.0,2.2,4.4
18072,0.4472,0,NORMAL,10.4,1.5,1.7,6.2
18073,0.3956,0,NORMAL,10.4,1.9,1.6,5.9
18074,0.9969,0,WARNING,11.5,15.0,10.5,11.7
18075,0.3039,0,NORMAL,10.4,2.2,2.8,5.6
18076,0.2085,0,NORMAL,10.4,1.5,1.5,5.6
18077,0.9999,0,WARNING,10.3,1.6,1.6,5.9
18078,0.9999,0,WARNING,10.3,1.3,1.6,6.5
18079,0.5382,0,NORMAL,10.4,2.5,10.6,12.0
18080,0.447,0,NORMAL,10.5,1.9,3.3,6.2
18081,0.6137,0,WARNING,10.4,2.0,1.8,6.8
18082,0.538,0,NORMAL,10.5,1.8,2.5,6.8
18083,0.4948,0,NORMAL,10.4,2.0,2.1,6.2
18084,1.0,0,ANOMALY,12.9,17.4,10.1,8.8
18085,0.9999,0,WARNING,10.3,1.3,2.7,3.4
18086,0.1788,0,NORMAL,10.6,2.0,1.0,3.1
18087,0.1813,0,NORMAL,10.5,2.4,1.4,4.9
18088,0.1871,0,NORMAL,10.5,1.8,1.1,4.0
18089,0.4749,0,NORMAL,10.5,2.8,10.0,9.8
18090,0.2705,0,NORMAL,10.5,1.9,1.8,5.2
18091,0.3388,0,NORMAL,10.5,1.9,1.5,5.7
18092,0.2475,0,NORMAL,10.5,1.7,1.3,4.7
18093,0.3059,0,NORMAL,10.4,1.2,1.2,4.4
18094,0.9966,0,WARNING,11.7,14.8,8.6,9.0
18095,0.3595,0,NORMAL,10.5,2.2,2.5,5.5
18096,0.447,0,NORMAL,10.5,1.4,2.5,6.3
18097,0.3374,0,NORMAL,10.5,1.8,3.3,5.2
18098,0.647,0,WARNING,10.5,1.7,2.4,7.0
18099,0.5381,0,NORMAL,10.5,2.0,7.6,10.0
18100,0.9953,0,WARNING,10.5,2.9,8.1,12.4
18101,0.6133,0,WARNING,10.5,1.6,2.7,7.5
18102,0.2716,0,NORMAL,10.5,1.2,1.6,3.5
18103,0.9999,0,WARNING,10.4,1.2,1.1,4.0
18104,1.0,0,ANOMALY,13.3,18.1,2.9,7.4
18105,0.47,0,NORMAL,10.6,2.7,10.6,10.8
18106,0.3283,0,NORMAL,10.5,2.0,3.5,5.7
18107,0.6137,0,WARNING,10.5,1.8,2.2,6.7
18108,0.4948,0,NORMAL,10.5,2.5,1.9,6.3
18109,0.9971,0,WARNING,11.8,7.9,1.6,6.0
18110,0.5379,0,NORMAL,10.6,3.1,10.5,11.8
18111,0.2763,0,NORMAL,10.5,1.4,2.3,5.5
18112,0.9999,0,WARNING,10.5,1.6,1.8,6.6
18113,0.9999,0,WARNING,10.4,2.1,1.9,6.6
18114,0.9999,0,WARNING,11.0,12.4,1.3,3.7
18115,0.4753,0,NORMAL,10.5,2.9,9.5,8.5
18116,0.395,0,NORMAL,10.5,1.4,2.4,6.4
18117,0.2449,0,NORMAL,10.5,2.1,5.7,6.2
18118,0.3453,0,NORMAL,10.5,2.4,6.7,6.2
18119,0.2757,0,NORMAL,10.5,1.9,6.4,5.8
18120,0.9318,0,WARNING,10.9,4.5,13.6,11.5
18121,0.6134,0,WARNING,10.6,2.0,3.5,6.7
18122,0.5774,0,NORMAL,10.6,3.7,1.8,6.4
18123,0.5805,0,NORMAL,10.6,2.8,1.7,6.5
18124,1.0,0,ANOMALY,14.0,18.5,1.7,5.5
18125,0.4756,0,NORMAL,10.6,3.7,10.1,9.8
18126,0.2962,0,NORMAL,10.6,1.9,1.5,4.2
18127,0.2243,0,NORMAL,10.6,2.1,1.2,4.3
18128,0.1636,0,NORMAL,10.6,1.8,1.2,4.2
18129,0.3052,0,NORMAL,10.6,1.5,1.0,4.1
18130,0.984,0,WARNING,10.8,2.9,10.3,13.6
18131,0.4958,0,NORMAL,11.0,1.4,2.0,6.4
18132,0.5775,0,NORMAL,11.1,1.5,1.7,6.4
18133,0.9999,0,WARNING,10.9,1.7,1.9,6.7
18134,0.9967,0,WARNING,11.5,11.9,2.0,6.8
18135,0.5771,0,NORMAL,11.0,3.2,10.6,11.9
18136,0.6465,0,WARNING,11.0,2.0,3.5,6.8
18137,0.5378,0,NORMAL,11.0,2.2,2.6,6.5
18138,0.3371,0,NORMAL,11.0,1.8,6.3,5.9
18139,0.3315,0,NORMAL,11.1,1.9,6.9,6.2
18140,0.5868,0,NORMAL,11.1,2.8,12.9,11.5
18141,0.5772,0,NORMAL,11.0,1.6,3.6,6.4
18142,0.9436,0,WARNING,11.2,4.1,1.7,6.7
18143,0.4591,0,NORMAL,11.2,2.1,3.2,6.4
18144,1.0,0,ANOMALY,15.4,19.1,2.4,5.2
18145,0.6175,0,WARNING,11.3,2.4,8.6,7.5
18146,0.6073,0,WARNING,11.3,1.7,3.6,3.6
18147,0.5945,0,NORMAL,11.3,2.3,0.9,2.9
18148,0.5852,0,NORMAL,11.3,1.6,1.5,6.1
18149,0.5807,0,NORMAL,11.3,1.9,1.7,6.7
18150,0.5512,0,NORMAL,11.2,2.4,5.9,8.5
18151,0.5169,0,NORMAL,11.1,2.5,7.0,10.2
18152,0.677,0,WARNING,11.1,1.7,3.2,8.1
18153,0.5037,0,NORMAL,11.1,1.7,3.2,5.9
18154,0.9966,0,WARNING,11.6,12.1,1.9,5.6
18155,0.5375,0,NORMAL,11.1,2.4,3.1,6.7
18156,0.5121,0,NORMAL,11.1,2.5,10.7,9.3
18157,0.5555,0,NORMAL,11.1,3.0,2.5,4.9
18158,0.6138,0,WARNING,11.1,1.7,1.8,6.5
18159,0.873,0,WARNING,11.3,3.0,1.8,6.7
18160,0.9947,0,WARNING,11.2,2.2,2.4,8.6
18161,0.581,0,NORMAL,11.2,2.6,10.1,10.5
18162,0.9999,0,WARNING,11.1,1.5,1.7,5.9
18163,0.9999,0,WARNING,11.1,1.1,1.5,5.7
18164,1.0,0,ANOMALY,14.8,18.5,1.6,5.9
18165,0.6131,0,WARNING,11.1,1.6,1.6,6.9
18166,0.7937,0,WARNING,11.1,2.9,11.6,14.5
18167,0.5376,0,NORMAL,11.1,1.9,3.8,6.9
18168,0.4945,0,NORMAL,11.1,1.8,3.4,6.9
18169,0.518,0,NORMAL,11.1,1.9,3.0,6.1
18170,0.5937,0,NORMAL,11.4,2.0,3.7,6.3
18171,0.627,0,WARNING,11.5,2.6,11.1,10.3
18172,0.6184,0,WARNING,11.3,1.7,2.5,4.2
18173,0.9999,0,WARNING,11.2,1.7,1.1,4.1
18174,0.9962,0,WARNING,11.6,11.5,1.1,4.2
18175,0.9999,0,WARNING,11.1,2.4,1.6,5.0
18176,0.5337,0,NORMAL,11.2,3.8,11.2,11.1
18177,0.55,0,NORMAL,11.3,3.4,3.9,6.1
18178,0.518,0,NORMAL,11.1,2.3,1.8,4.9
18179,0.4932,0,NORMAL,11.1,1.8,1.2,4.0
18180,0.4621,0,NORMAL,11.1,1.9,1.1,4.0
18181,0.6269,0,WARNING,11.1,3.3,9.9,9.6
18182,0.4221,0,NORMAL,11.0,2.4,1.1,4.1
18183,0.398,0,NORMAL,11.0,2.2,1.1,4.1
18184,1.0,0,ANOMALY,15.2,19.3,1.0,4.0
18185,0.3752,0,NORMAL,11.0,1.7,1.1,4.0
18186,0.4697,0,NORMAL,11.0,3.5,10.0,9.5
18187,0.334,0,NORMAL,10.9,2.0,1.3,4.1
18188,0.8051,0,WARNING,11.1,3.0,1.4,6.0
18189,0.4475,0,NORMAL,10.9,2.1,2.5,7.3
18190,0.984,0,WARNING,10.9,1.9,4.3,8.4
18191,0.6035,0,WARNING,11.0,2.2,13.3,10.6
18192,0.3395,0,NORMAL,10.9,2.3,5.8,4.8
18193,0.2454,0,NORMAL,10.8,1.1,4.2,4.9
18194,0.9969,0,WARNING,11.7,13.4,4.1,4.8
18195,0.2148,0,NORMAL,10.8,2.0,4.2,4.8
18196,0.4808,0,NORMAL,10.9,2.4,10.1,8.6
18197,0.3474,0,NORMAL,10.7,2.1,8.3,6.9
18198,0.1504,0,NORMAL,10.7,1.5,4.1,5.2
18199,0.2162,0,NORMAL,10.8,1.4,4.2,4.7
18200,0.2156,0,NORMAL,10.7,1.9,3.3,5.4
18201,0.6772,0,WARNING,10.7,2.3,6.8,10.0
18202,0.4697,0,NORMAL,10.8,2.6,10.5,10.0
18203,0.2559,0,NORMAL,10.7,1.2,4.5,6.1
18204,1.0,0,ANOMALY,12.7,16.3,4.0,5.0
18205,0.1875,0,NORMAL,10.7,1.9,4.0,4.9
18206,0.2951,0,NORMAL,10.7,2.2,5.0,5.4
18207,0.5783,0,NORMAL,10.9,3.6,12.2,9.9
18208,0.3886,0,NORMAL,10.7,2.2,4.2,4.9
18209,0.3013,0,NORMAL,11.1,2.2,4.0,5.4
18210,0.5829,0,NORMAL,11.6,1.8,4.2,5.0
18211,0.6094,0,WARNING,11.6,1.5,4.2,5.1
18212,0.6165,0,WARNING,11.7,3.1,13.2,10.5
18213,0.6263,0,WARNING,11.7,1.6,4.6,5.9
18214,0.997,0,WARNING,13.0,14.5,4.8,6.7
18215,0.6148,0,WARNING,11.6,1.7,4.6,6.7
18216,0.6142,0,WARNING,11.6,2.1,4.3,4.8
18217,0.5945,0,NORMAL,11.6,3.1,12.6,11.8
18218,0.5607,0,NORMAL,11.2,3.0,5.5,5.9
18219,0.5381,0,NORMAL,11.2,2.7,5.5,5.7
18220,0.9977,0,WARNING,11.1,2.7,2.6,8.6
18221,0.5774,0,NORMAL,11.1,2.5,1.6,6.4
18222,0.4806,0,NORMAL,11.1,3.5,10.5,11.5
18223,0.4349,0,NORMAL,11.0,1.6,4.8,5.7
18224,1.0,0,ANOMALY,13.1,16.4,4.4,5.2
18225,0.3947,0,NORMAL,11.1,2.5,4.1,5.4
18226,0.3759,0,NORMAL,11.1,1.9,4.3,5.4
18227,0.5826,0,NORMAL,11.0,3.0,12.8,12.2
18228,0.6769,0,WARNING,11.0,3.4,4.2,7.8
18229,0.2601,0,NORMAL,10.8,2.2,2.2,5.6
18230,0.2365,0,NORMAL,10.8,2.0,1.5,4.5
18231,0.2771,0,NORMAL,10.8,2.0,1.8,6.3
18232,0.7049,0,WARNING,10.8,3.2,10.8,13.5
18233,0.8558,0,WARNING,10.8,2.3,4.0,9.3
18234,0.9965,0,WARNING,11.7,13.5,2.3,7.6
18235,0.6132,0,WARNING,10.8,2.8,2.0,7.1
18236,0.6468,0,WARNING,10.8,1.7,2.0,7.0
18237,0.6139,0,WARNING,10.9,4.0,10.8,12.3
18238,0.6136,0,WARNING,10.8,1.6,3.4,6.8
18239,0.9671,0,WARNING,11.1,3.9,2.4,5.5
18240,0.5457,0,NORMAL,10.9,2.1,1.7,5.3
18241,0.4663,0,NORMAL,10.8,1.7,2.0,6.1
18242,0.6773,0,WARNING,10.9,3.3,12.0,14.3
18243,0.3839,0,NORMAL,10.7,2.7,6.5,6.8
18244,1.0,0,ANOMALY,12.8,17.0,2.7,8.4
18245,0.6462,0,WARNING,10.7,2.1,2.5,8.3
18246,0.3385,0,NORMAL,10.7,2.2,2.8,7.4
18247,0.4473,0,NORMAL,10.7,2.2,9.8,11.6
18248,0.5774,0,NORMAL,10.7,2.4,6.9,9.7
18249,0.7047,0,WARNING,10.7,1.9,2.7,8.6
18250,0.9995,0,WARNING,10.7,1.8,2.3,10.5
18251,0.4944,0,NORMAL,10.7,1.3,3.4,6.7
18252,0.3954,0,NORMAL,10.7,2.0,7.0,8.5
18253,0.6137,0,WARNING,10.6,2.5,8.6,10.8
18254,0.9968,0,WARNING,11.7,13.4,2.4,5.6
18255,0.3062,0,NORMAL,10.6,2.1,2.1,6.2
18256,0.3059,0,NORMAL,10.6,1.6,1.6,5.9
18257,0.1854,0,NORMAL,10.6,1.7,2.4,6.5
18258,0.4296,0,NORMAL,10.6,2.9,9.1,10.3
18259,0.7532,0,WARNING,10.6,1.7,2.1,7.8
18260,0.6469,0,WARNING,10.6,1.6,2.1,6.9
18261,0.647,0,WARNING,10.5,1.0,2.5,7.0
18262,0.5777,0,NORMAL,10.5,1.4,2.6,6.8
18263,0.5067,0,NORMAL,10.5,2.6,10.9,9.8
18264,1.0,0,ANOMALY,13.4,17.8,1.3,3.2
18265,0.9999,0,WARNING,10.4,1.9,1.5,6.1
18266,0.3953,0,NORMAL,10.5,1.9,1.6,6.0
18267,0.2838,0,NORMAL,10.5,2.1,1.3,5.2
18268,0.705,0,WARNING,10.7,3.4,10.8,12.8
18269,0.4469,0,NORMAL,10.6,2.0,2.3,6.2
18270,0.5776,0,NORMAL,10.6,1.4,2.1,6.9
18271,0.3079,0,NORMAL,10.5,1.3,3.6,6.1
18272,0.538,0,NORMAL,10.5,1.6,2.6,6.7
18273,0.6138,0,WARNING,10.5,2.7,11.5,12.5
18274,0.9964,0,WARNING,11.6,14.0,3.9,6.4
18275,0.2587,0,NORMAL,10.5,2.0,3.7,5.6
18276,0.1237,0,NORMAL,10.5,1.8,2.4,4.7
18277,0.1452,0,NORMAL,10.5,1.6,1.1,3.4
18278,0.4912,0,NORMAL,10.5,2.3,10.6,11.3
18279,0.677,0,WARNING,10.5,1.6,2.1,7.2
18280,0.9947,0,WARNING,10.5,1.5,2.5,10.0
18281,0.9999,0,WARNING,10.4,1.3,1.4,3.4
18282,0.9999,0,WARNING,10.4,1.0,1.2,3.7
18283,0.4963,0,NORMAL,10.5,2.1,10.3,10.5
18284,1.0,0,WARNING,12.4,16.2,3.0,7.1
18285,0.365,0,NORMAL,10.5,1.7,3.1,6.0
18286,0.9999,0,WARNING,10.4,1.5,1.9,5.6
18287,0.6772,0,WARNING,10.5,1.6,2.0,7.1
18288,0.7745,0,WARNING,10.5,2.4,11.0,13.2
18289,0.6136,0,WARNING,10.5,1.6,4.6,7.2
18290,0.2095,0,NORMAL,10.5,1.7,4.3,5.3
18291,0.2245,0,NORMAL,10.5,1.7,4.5,5.8
18292,0.2082,0,NORMAL,10.5,1.8,5.0,6.0
18293,0.6237,0,WARNING,10.6,2.6,14.1,11.9
18294,0.9971,0,WARNING,11.5,13.9,5.9,6.9
18295,0.6461,0,WARNING,10.5,1.1,3.6,7.6
18296,0.677,0,WARNING,10.5,1.7,3.0,7.3
18297,0.9999,0,WARNING,10.5,3.0,2.1,5.6
18298,0.7049,0,WARNING,10.5,3.1,8.2,11.2
18299,0.3386,0,NORMAL,10.5,2.0,5.4,6.9
18300,0.9999,0,WARNING,10.4,0.9,1.1,3.6
18301,0.9999,0,WARNING,10.4,2.3,1.7,6.7
18302,0.5777,0,NORMAL,10.5,1.8,1.9,6.4
18303,0.3077,0,NORMAL,10.5,1.6,4.8,6.1
18304,1.0,0,ANOMALY,13.0,17.5,7.1,8.1
18305,0.9999,0,WARNING,10.4,1.6,1.4,4.8
18306,0.9999,0,WARNING,10.4,2.1,1.0,3.6
18307,0.9999,0,WARNING,10.4,1.8,1.5,5.8
18308,0.5382,0,NORMAL,10.5,2.2,4.1,7.7
18309,0.5317,0,NORMAL,10.6,3.0,11.5,10.2
18310,0.9984,0,WARNING,10.5,2.1,2.6,9.3
18311,0.7046,0,WARNING,10.5,1.3,2.0,7.3
18312,0.1477,0,NORMAL,10.5,1.5,2.9,5.8
18313,0.169,0,NORMAL,10.5,1.5,3.0,5.4
18314,0.9977,0,WARNING,11.6,15.3,11.1,12.6
18315,0.7527,0,WARNING,10.5,2.3,3.1,9.0
18316,0.7046,0,WARNING,10.5,2.4,2.4,8.6
18317,0.8669,0,WARNING,10.7,4.3,2.0,7.6
18318,0.4474,0,NORMAL,10.5,1.4,2.3,6.0
18319,0.5381,0,NORMAL,10.6,3.0,11.8,12.5
18320,0.2582,0,NORMAL,10.6,2.4,2.8,4.0
18321,0.1799,0,NORMAL,10.6,1.8,3.5,5.7
18322,0.1254,0,NORMAL,10.7,1.9,3.0,5.2
18323,0.5381,0,NORMAL,10.5,1.6,1.6,6.5
18324,1.0,0,ANOMALY,14.9,20.6,10.9,12.6
18325,0.6459,0,WARNING,10.5,1.7,4.0,7.4
18326,0.4467,0,NORMAL,10.5,1.5,2.4,6.4
18327,0.538,0,NORMAL,10.5,2.0,2.6,6.7
18328,0.4948,0,NORMAL,10.7,2.2,2.3,6.5
18329,0.6773,0,WARNING,10.6,3.2,10.7,12.8
18330,0.7743,0,WARNING,10.5,1.8,4.1,8.9
18331,0.3385,0,NORMAL,10.5,1.4,3.3,7.7
18332,0.3388,0,NORMAL,10.6,1.8,3.5,7.6
18333,0.1632,0,NORMAL,10.6,1.7,4.9,7.4
18334,0.9972,0,WARNING,11.5,14.5,14.5,11.3
18335,0.3981,0,NORMAL,10.6,1.8,6.7,5.6
18336,0.182,0,NORMAL,10.5,1.5,1.5,4.2
18337,0.9999,0,WARNING,10.4,1.3,1.3,4.0
18338,0.2543,0,NORMAL,10.5,1.5,3.6,5.3
18339,0.6158,0,WARNING,10.6,2.9,13.9,10.8
18340,0.9971,0,WARNING,10.5,2.5,6.5,8.9
18341,0.4108,0,NORMAL,10.5,2.1,5.0,5.6
18342,0.2395,0,NORMAL,10.7,2.4,5.1,6.0
18343,0.4322,0,NORMAL,10.5,2.0,4.0,5.9
18344,1.0,0,ANOMALY,14.2,19.6,11.2,11.8
18345,0.4834,0,NORMAL,10.5,1.4,3.3,6.3
18346,0.6466,0,WARNING,10.5,2.7,2.4,8.5
18347,0.4237,0,NORMAL,10.5,2.4,4.8,7.6
18348,0.8491,0,WARNING,10.6,3.1,4.9,7.0
18349,0.5368,0,NORMAL,10.6,3.3,11.7,11.3
18350,0.3197,0,NORMAL,10.5,2.5,8.5,8.6
18351,0.3173,0,NORMAL,10.5,1.8,4.8,5.8
18352,0.171,0,NORMAL,10.5,2.2,4.6,6.2
18353,0.188,0,NORMAL,10.5,1.8,5.0,6.2
18354,0.997,0,WARNING,11.2,13.0,8.9,8.0
18355,0.4811,0,NORMAL,10.6,2.7,10.8,9.0
18356,0.2183,0,NORMAL,10.5,2.3,4.8,5.8
18357,0.4507,0,NORMAL,10.6,2.9,3.3,6.7
18358,0.3075,0,NORMAL,10.5,2.0,4.0,5.8
18359,0.2129,0,NORMAL,10.5,2.4,5.2,6.3
18360,0.5781,0,NORMAL,10.6,3.1,12.5,11.1
18361,0.4294,0,NORMAL,10.6,2.8,4.4,5.9
18362,0.2211,0,NORMAL,10.5,2.2,4.9,6.2
18363,0.1964,0,NORMAL,10.5,2.5,5.0,6.4
18364,1.0,0,ANOMALY,15.1,20.8,3.6,6.4
18365,0.6129,0,WARNING,10.5,3.0,11.4,13.0
18366,0.5373,0,NORMAL,10.6,2.4,2.8,7.0
18367,0.5379,0,NORMAL,10.6,1.4,2.7,7.1
18368,0.5381,0,NORMAL,10.6,2.1,2.1,6.8
18369,0.1452,0,NORMAL,10.6,1.8,1.7,5.1
18370,0.9967,0,WARNING,10.6,3.1,10.5,13.6
18371,0.5098,0,NORMAL,10.5,1.6,1.4,5.3
18372,0.1279,0,NORMAL,10.5,1.9,1.4,5.7
18373,0.3956,0,NORMAL,10.5,1.7,1.6,6.3
18374,0.9969,0,WARNING,12.1,15.1,3.4,6.8
18375,0.5272,0,NORMAL,10.6,3.1,11.8,12.2
18376,0.9999,0,WARNING,10.4,1.5,3.2,3.8
18377,0.185,0,NORMAL,10.5,1.6,2.1,4.5
18378,0.1621,0,NORMAL,10.5,1.8,4.1,5.8
18379,0.2091,0,NORMAL,10.5,2.2,3.7,6.5
18380,0.6117,0,WARNING,10.6,3.8,13.3,11.3
18381,0.5611,0,NORMAL,10.5,3.1,6.5,5.7
18382,0.387,0,NORMAL,10.5,2.5,4.3,5.7
18383,0.1623,0,NORMAL,10.5,2.2,4.4,5.9
18384,1.0,0,ANOMALY,12.9,17.2,4.3,5.8
18385,0.5225,0,NORMAL,10.5,2.8,11.9,12.4
18386,0.577,0,NORMAL,10.5,2.3,4.3,7.2
18387,0.1654,0,NORMAL,10.5,1.8,2.3,6.0
18388,0.2769,0,NORMAL,10.6,2.0,3.8,6.6
18389,0.2171,0,NORMAL,10.6,2.9,5.0,6.0
18390,0.6078,0,WARNING,10.6,2.9,13.9,11.5
18391,0.3218,0,NORMAL,10.5,2.1,6.3,6.0
18392,0.3773,0,NORMAL,10.5,2.6,4.8,6.2
18393,0.2104,0,NORMAL,10.5,2.1,4.7,5.9
18394,0.9972,0,WARNING,11.3,14.1,4.9,6.2
18395,0.608,0,WARNING,10.6,3.0,13.7,11.5
18396,0.314,0,NORMAL,10.5,2.4,6.2,6.1
18397,0.3074,0,NORMAL,10.5,2.3,4.5,6.1
18398,0.5775,0,NORMAL,10.5,1.9,3.0,7.4
18399,0.7049,0,WARNING,10.4,1.5,2.5,7.9
18400,0.9923,0,WARNING,10.5,2.6,8.9,13.1
18401,0.4415,0,NORMAL,10.5,2.2,5.3,5.8
18402,0.2116,0,NORMAL,10.4,1.8,3.3,6.4
18403,0.3955,0,NORMAL,10.4,1.6,2.1,6.5
18404,1.0,0,ANOMALY,14.2,19.3,2.1,6.0
18405,0.2953,0,NORMAL,10.5,2.0,5.3,7.3
18406,0.3071,0,NORMAL,10.5,2.6,7.1,8.7
18407,0.2114,0,NORMAL,10.5,2.4,1.8,5.3
18408,0.1816,0,NORMAL,10.5,2.0,1.7,5.7
18409,0.2583,0,NORMAL,10.4,2.5,1.9,5.6
18410,0.2166,0,NORMAL,10.4,1.9,3.1,6.1
18411,0.9228,0,WARNING,10.7,4.2,10.0,10.5
18412,0.2811,0,NORMAL,10.4,1.9,1.9,5.8
18413,0.5058,0,NORMAL,10.5,2.4,2.0,6.2
18414,0.9973,0,WARNING,11.7,14.2,2.0,6.0
18415,0.173,0,NORMAL,10.5,2.0,1.8,5.9
18416,0.5737,0,NORMAL,10.6,3.2,12.6,12.4
18417,0.4709,0,NORMAL,10.5,3.2,3.9,6.7
18418,0.5775,0,NORMAL,10.5,2.0,3.3,8.0
18419,0.4473,0,NORMAL,10.5,2.0,3.7,7.3
18420,0.2182,0,NORMAL,10.5,2.1,3.2,6.8
18421,0.3074,0,NORMAL,10.5,1.9,2.3,6.6
18422,0.2976,0,NORMAL,10.6,2.6,7.2,9.4
18423,0.4945,0,NORMAL,10.5,1.9,7.3,9.9
18424,1.0,0,ANOMALY,15.7,20.9,4.9,7.7
18425,0.5075,0,NORMAL,10.5,2.3,4.1,7.8
18426,0.222,0,NORMAL,10.6,2.0,2.2,5.1
18427,0.1885,0,NORMAL,10.5,2.3,4.5,6.4
18428,0.3862,0,NORMAL,10.5,2.8,8.4,8.8
18429,0.2766,0,NORMAL,10.5,2.1,2.4,6.5
18430,0.9971,0,WARNING,10.5,2.3,4.9,10.2
18431,0.329,0,NORMAL,10.5,1.9,5.7,7.3
18432,0.4048,0,NORMAL,10.5,2.5,5.9,6.9
18433,0.6314,0,WARNING,10.7,3.1,14.5,12.5
18434,0.997,0,WARNING,11.2,13.3,5.8,7.0
18435,0.2845,0,NORMAL,10.6,2.5,5.5,7.0
18436,0.3302,0,NORMAL,10.6,2.0,5.8,7.0
18437,0.2917,0,NORMAL,10.6,2.0,4.6,7.6
18438,0.5272,0,NORMAL,10.7,3.2,12.2,12.8
18439,0.395,0,NORMAL,10.6,2.3,3.5,7.5
18440,0.6137,0,WARNING,10.5,2.4,5.0,9.8
18441,0.6469,0,WARNING,10.5,2.2,3.5,8.7
18442,0.7301,0,WARNING,10.5,2.4,3.5,9.5
18443,0.5171,0,NORMAL,10.6,3.1,12.1,13.3
18444,1.0,0,ANOMALY,15.4,21.2,4.5,8.1
18445,0.4699,0,NORMAL,10.5,2.1,2.8,7.7
18446,0.677,0,WARNING,10.6,2.3,3.1,8.9
18447,0.6138,0,WARNING,10.8,2.0,3.7,9.0
18448,0.6469,0,WARNING,11.0,3.6,12.3,14.3
18449,0.7299,0,WARNING,10.9,2.5,5.2,9.6
18450,0.5377,0,NORMAL,10.8,1.9,4.0,8.6
18451,0.2767,0,NORMAL,10.7,1.9,3.8,7.9
18452,0.6772,0,WARNING,10.7,2.4,3.5,9.1
18453,0.8559,0,WARNING,10.8,3.6,13.3,17.0
18454,0.9969,0,WARNING,12.0,14.2,5.7,10.6
18455,0.537,0,NORMAL,10.7,2.5,5.0,9.4
18456,0.1801,0,NORMAL,10.6,2.3,5.2,8.0
18457,0.7301,0,WARNING,10.6,2.5,3.7,9.6
18458,0.7533,0,WARNING,10.7,3.4,12.8,15.3
18459,0.7299,0,WARNING,10.6,2.5,5.8,9.8
18460,0.9958,0,WARNING,10.6,2.6,5.1,12.3
18461,0.4469,0,NORMAL,10.6,2.4,3.9,8.5
18462,0.2089,0,NORMAL,10.6,1.9,3.4,8.0
18463,0.551,0,NORMAL,10.7,3.7,12.5,14.1
18464,1.0,0,ANOMALY,15.4,21.2,6.5,8.2
18465,0.4429,0,NORMAL,10.6,2.0,4.2,7.8
18466,0.2181,0,NORMAL,10.6,2.1,3.7,7.4
18467,0.1715,0,NORMAL,10.5,2.4,3.5,7.6
18468,0.502,0,NORMAL,10.7,3.0,11.5,12.4
18469,0.1911,0,NORMAL,10.6,2.0,5.5,7.9
18470,0.1386,0,NORMAL,10.6,2.5,3.6,7.8
18471,0.3955,0,NORMAL,10.6,1.9,3.8,8.8
18472,0.7049,0,WARNING,10.6,1.3,4.3,10.2
18473,0.3992,0,NORMAL,10.6,2.6,9.8,12.1
18474,0.9975,0,WARNING,11.9,15.0,8.2,10.9
18475,0.6764,0,WARNING,10.6,2.5,5.0,10.3
18476,0.8113,0,WARNING,10.6,2.1,5.6,12.0
18477,0.7532,0,WARNING,11.1,5.5,7.7,12.7
18478,0.677,0,WARNING,10.7,3.1,10.5,14.1
18479,0.6769,0,WARNING,10.8,3.5,12.3,14.7
18480,0.3381,0,NORMAL,10.6,2.8,5.1,9.7
18481,0.7047,0,WARNING,10.6,1.5,5.3,11.1
18482,0.4946,0,NORMAL,10.6,2.1,5.7,10.4
18483,0.5379,0,NORMAL,10.7,2.1,7.4,11.2
18484,1.0,0,ANOMALY,15.8,22.4,17.9,16.1
18485,0.6691,0,WARNING,10.8,2.4,9.0,10.8
18486,0.5551,0,NORMAL,10.8,2.4,9.1,10.9
18487,0.6676,0,WARNING,10.8,2.3,9.6,10.9
18488,0.7003,0,WARNING,10.9,3.4,9.5,10.7
18489,0.7041,0,WARNING,10.9,3.9,17.3,16.6
18490,0.9958,0,WARNING,10.8,3.0,9.2,15.5
18491,0.7028,0,WARNING,10.9,2.7,12.1,13.4
18492,0.8348,0,WARNING,11.0,3.8,14.7,15.1
18493,0.8212,0,WARNING,11.0,3.9,15.7,16.1
18494,0.9988,0,WARNING,12.1,16.8,24.8,22.3
18495,0.7291,0,WARNING,11.1,4.1,14.7,17.3
18496,0.7295,0,WARNING,11.0,3.4,12.6,16.6
18497,0.7045,0,WARNING,10.9,3.5,13.5,17.0
18498,0.7045,0,WARNING,10.9,3.4,13.5,17.2
18499,0.84,0,WARNING,11.1,5.9,22.9,22.5
18500,0.6188,0,WARNING,11.1,3.9,15.0,16.8
18501,0.7833,0,WARNING,11.0,3.5,14.6,16.6
18502,0.8446,0,WARNING,11.0,3.3,16.2,17.0
18503,0.8078,0,WARNING,11.0,3.6,16.3,17.0
18504,1.0,0,ANOMALY,16.6,24.3,25.0,22.7
18505,0.7842,0,WARNING,11.0,3.3,17.8,17.5
18506,0.7661,0,WARNING,11.1,3.9,17.1,19.4
18507,0.9471,0,WARNING,11.4,5.6,23.9,23.8
18508,0.9459,0,WARNING,11.6,5.7,26.3,23.2
18509,1.0,0,ANOMALY,11.6,5.8,35.2,28.7
18510,0.947,0,WARNING,11.4,5.6,26.9,22.5
18511,0.9467,0,WARNING,11.4,3.9,25.7,22.4
18512,0.8394,0,WARNING,11.3,4.8,24.1,22.7
18513,0.8647,0,WARNING,11.3,4.8,21.8,21.2
18514,0.999,0,WARNING,11.9,16.3,30.1,26.5
18515,0.8503,0,WARNING,11.1,4.7,22.6,20.9
18516,0.7451,0,WARNING,11.0,3.8,20.5,22.4
18517,0.8714,0,WARNING,11.1,5.0,22.5,23.5
18518,0.8457,0,WARNING,11.0,4.4,22.4,21.1
18519,0.9446,0,WARNING,11.2,5.9,29.2,26.0
18520,0.9974,0,WARNING,11.0,4.1,22.7,26.3
18521,0.7518,0,WARNING,11.1,4.5,20.4,21.7
18522,0.9177,0,WARNING,11.4,6.0,20.4,23.9
18523,0.8012,0,WARNING,11.1,4.1,20.5,22.5
18524,1.0,0,ANOMALY,14.8,22.0,25.5,25.8
18525,0.792,0,WARNING,11.2,5.0,24.3,24.8
18526,0.7802,0,WARNING,11.1,4.4,19.3,22.2
18527,0.7362,0,WARNING,11.1,4.6,20.0,21.8
18528,0.813,0,WARNING,11.1,4.1,21.2,22.3
18529,0.9463,0,WARNING,11.2,4.7,22.4,23.5
18530,1.0,0,WARNING,11.7,6.7,25.9,25.2
18531,0.728,0,WARNING,11.1,3.8,19.6,22.2
18532,0.7542,0,WARNING,11.2,4.9,18.9,21.7
18533,0.8129,0,WARNING,11.1,4.1,19.5,21.9
18534,0.998,0,WARNING,12.2,16.0,18.9,19.8
18535,0.8661,0,WARNING,11.2,6.0,28.0,27.5
18536,0.771,0,WARNING,11.2,4.8,19.9,22.5
18537,0.9873,0,WARNING,12.0,8.7,19.9,23.2
18538,0.8091,0,WARNING,11.1,4.8,19.5,21.5
18539,0.811,0,WARNING,11.1,5.2,19.5,21.3
18540,0.9444,0,WARNING,11.1,5.9,30.2,26.2
18541,0.8576,0,WARNING,11.1,4.5,22.3,20.5
18542,0.8257,0,WARNING,11.2,4.9,21.5,20.6
18543,0.8441,0,WARNING,11.2,4.5,21.2,20.3
18544,1.0,0,ANOMALY,14.1,19.6,21.9,20.8
18545,0.9525,0,WARNING,11.4,6.8,30.5,26.2
18546,0.8204,0,WARNING,11.2,5.1,22.6,20.8
18547,0.8488,0,WARNING,11.1,4.5,22.1,21.1
18548,0.8605,0,WARNING,11.1,4.8,22.2,21.2
18549,0.8393,0,WARNING,11.3,5.2,21.4,20.6
18550,0.9974,0,WARNING,11.2,5.9,30.0,29.0
18551,0.8092,0,WARNING,11.2,4.8,20.3,19.8
18552,0.8072,0,WARNING,11.3,5.9,17.7,19.6
18553,0.8576,0,WARNING,11.2,4.6,18.6,19.7
18554,1.0,0,ANOMALY,12.1,15.4,18.3,27.9
18555,0.9206,0,WARNING,11.3,6.7,26.8,27.2
18556,0.8257,0,WARNING,11.2,4.7,19.5,19.2
18557,0.8376,0,WARNING,11.2,4.4,18.3,20.2
18558,0.7977,0,WARNING,11.4,6.0,17.5,19.7
18559,0.8184,0,WARNING,11.3,4.6,17.7,19.7
18560,0.9453,0,WARNING,11.4,5.9,27.0,25.2
18561,0.6897,0,WARNING,11.4,4.2,19.0,21.0
18562,0.774,0,WARNING,11.4,4.9,17.8,21.8
18563,0.7516,0,WARNING,11.1,3.8,17.9,21.3
18564,1.0,0,ANOMALY,14.7,20.8,18.4,21.2
18565,0.8511,0,WARNING,11.1,4.8,26.9,26.3
18566,0.7307,0,WARNING,11.1,5.0,19.7,20.9
18567,0.8148,0,WARNING,11.1,4.1,17.4,19.3
18568,0.793,0,WARNING,11.2,4.8,17.1,19.3
18569,0.759,0,WARNING,11.1,4.7,17.0,19.3
18570,1.0,0,WARNING,11.5,6.8,27.0,25.8
18571,0.736,0,WARNING,11.2,5.3,20.2,20.4
18572,0.7287,0,WARNING,11.2,5.0,16.8,20.9
18573,0.702,0,WARNING,10.9,3.8,16.5,20.7
18574,0.9977,0,WARNING,12.2,16.3,17.0,21.4
18575,0.8066,0,WARNING,11.1,6.3,23.9,24.6
18576,0.749,0,WARNING,11.1,4.9,20.3,21.7
18577,0.6768,0,WARNING,10.9,3.9,16.7,20.8
18578,0.7306,0,WARNING,10.9,4.5,17.3,20.2
18579,0.8308,0,WARNING,11.0,3.8,16.1,18.1
18580,0.9889,0,WARNING,11.1,4.5,19.1,21.7
18581,0.7746,0,WARNING,11.0,4.6,22.4,22.6
18582,0.8128,0,WARNING,11.1,4.4,16.3,19.3
18583,0.805,0,WARNING,11.1,3.2,16.3,18.8
18584,1.0,0,ANOMALY,15.3,21.8,16.7,19.1
18585,0.7589,0,WARNING,11.0,4.8,16.4,19.3
18586,0.8231,0,WARNING,10.9,4.9,24.9,24.1
18587,0.7439,0,WARNING,10.8,4.1,16.0,18.9
18588,1.0,0,ANOMALY,10.9,4.0,16.3,20.8
18589,0.7614,0,WARNING,11.1,5.0,15.6,18.4
18590,0.7776,0,WARNING,10.9,3.3,15.4,18.2
18591,0.821,0,WARNING,11.1,6.1,24.5,23.8
18592,0.6988,0,WARNING,10.9,4.1,15.8,19.8
18593,0.7044,0,WARNING,10.9,3.8,15.6,20.3
18594,0.9992,0,WARNING,11.8,16.2,18.3,20.0
18595,0.8255,0,WARNING,11.0,5.1,18.4,19.3
18596,0.845,0,WARNING,11.0,5.0,26.3,24.1
18597,0.9976,0,WARNING,11.9,8.0,18.3,19.0
18598,0.7843,0,WARNING,11.0,4.2,17.7,18.9
18599,0.8604,0,WARNING,11.0,4.1,18.8,19.5
18600,0.7222,0,WARNING,11.0,4.2,17.0,18.8
18601,0.8085,0,WARNING,11.1,5.2,23.9,24.6
18602,0.613,0,WARNING,10.9,4.1,16.3,19.9
18603,0.7194,0,WARNING,10.8,3.5,15.3,21.0
18604,1.0,0,ANOMALY,15.3,22.5,15.8,20.8
18605,0.6988,0,WARNING,11.0,5.4,15.4,20.6
18606,0.8211,0,WARNING,11.0,5.0,24.4,26.3
18607,0.811,0,WARNING,10.9,3.9,17.1,22.3
18608,0.7337,0,WARNING,11.2,5.2,16.4,21.5
18609,0.7822,0,WARNING,11.0,4.7,15.6,19.2
18610,0.9889,0,WARNING,11.0,4.7,14.6,22.1
18611,0.8041,0,WARNING,11.0,4.3,23.2,24.8
18612,0.7515,0,WARNING,10.9,4.7,17.8,19.6
18613,0.6387,0,WARNING,11.0,4.8,15.3,19.2
18614,0.9985,0,WARNING,12.0,15.9,14.8,18.8
18615,0.7776,0,WARNING,10.9,4.5,15.1,18.1
18616,0.8069,0,WARNING,11.1,5.5,23.6,23.8
18617,0.7107,0,WARNING,10.9,4.1,16.5,20.4
18618,0.805,0,WARNING,10.9,4.0,15.9,21.0
18619,0.6667,0,WARNING,11.0,4.7,15.4,21.2
18620,0.7359,0,WARNING,10.9,3.9,16.0,21.3
18621,0.8212,0,WARNING,11.1,5.4,24.4,26.3
18622,0.7949,0,WARNING,11.1,4.5,17.2,19.7
18623,0.7949,0,WARNING,11.0,3.8,15.3,18.2
18624,1.0,0,ANOMALY,13.8,19.5,14.8,18.3
18625,0.7278,0,WARNING,11.0,4.6,14.1,17.9
18626,0.7521,0,WARNING,11.2,5.3,20.6,22.6
18627,0.754,0,WARNING,11.1,4.6,19.0,21.6
18628,0.7078,0,WARNING,11.0,4.4,14.1,18.9
18629,0.7048,0,WARNING,11.0,4.2,13.4,17.5
18630,0.5878,0,NORMAL,11.1,4.2,11.9,16.1
18631,0.6692,0,WARNING,11.0,4.6,15.3,18.0
18632,0.6427,0,WARNING,11.1,4.0,16.9,18.6
18633,0.5993,0,NORMAL,11.0,3.1,9.7,14.8
18634,0.9998,0,WARNING,12.8,16.8,10.0,14.9
18635,0.4821,0,NORMAL,11.0,3.8,9.4,14.4
18636,0.6134,0,WARNING,11.0,3.5,10.3,16.2
18637,0.7394,0,WARNING,11.1,4.4,20.1,21.8
18638,0.4719,0,NORMAL,10.9,3.5,9.3,13.7
18639,0.4861,0,NORMAL,10.9,2.5,8.5,13.0
18640,0.9902,0,WARNING,11.1,3.1,10.1,16.5
18641,0.4733,0,NORMAL,11.0,2.7,9.2,14.4
18642,0.6714,0,WARNING,11.0,4.4,16.7,19.8
18643,0.5349,0,NORMAL,10.9,2.8,8.3,13.5
18644,1.0,0,ANOMALY,13.5,18.4,8.4,13.9
18645,0.7042,0,WARNING,10.9,3.7,8.4,16.4
18646,0.4239,0,NORMAL,10.9,3.1,8.4,15.0
18647,0.6821,0,WARNING,11.0,4.2,16.9,20.2
18648,0.4758,0,NORMAL,10.9,3.3,8.3,13.8
18649,0.4527,0,NORMAL,10.9,2.9,7.5,12.7
18650,0.3953,0,NORMAL,10.9,4.0,8.1,13.9
18651,0.6371,0,WARNING,11.0,3.3,9.7,13.7
18652,0.7202,0,WARNING,11.1,4.9,19.6,18.7
18653,0.6277,0,WARNING,11.1,3.7,12.3,13.6
18654,0.9972,0,WARNING,12.4,16.4,11.3,13.3
18655,0.4934,0,NORMAL,11.0,3.5,8.2,13.7
18656,0.6134,0,WARNING,10.9,3.0,7.2,13.9
18657,0.8407,0,WARNING,11.4,7.0,15.7,19.8
18658,0.7299,0,WARNING,11.0,3.4,9.0,15.3
18659,0.7742,0,WARNING,11.0,3.1,7.0,15.3
18660,0.8566,0,WARNING,11.2,4.9,7.3,13.4
18661,0.3962,0,NORMAL,11.0,2.4,5.2,9.7
18662,0.6294,0,WARNING,11.0,3.9,15.2,16.6
18663,0.3472,0,NORMAL,11.0,2.2,7.4,11.7
18664,1.0,0,ANOMALY,14.6,19.3,5.3,12.7
18665,0.6098,0,WARNING,11.1,4.2,5.7,12.1
18666,0.4202,0,NORMAL,11.1,3.0,6.7,11.5
18667,0.673,0,WARNING,11.4,4.0,17.1,17.2
18668,0.5735,0,NORMAL,11.3,2.7,11.0,13.1
18669,0.7374,0,WARNING,11.2,2.1,10.7,13.1
18670,0.9889,0,WARNING,11.1,2.7,9.0,16.7
18671,0.3446,0,NORMAL,11.1,2.2,6.4,10.6
18672,0.6134,0,WARNING,11.1,3.4,14.6,17.1
18673,0.4933,0,NORMAL,11.0,2.6,8.7,11.8
18674,1.0,0,ANOMALY,13.0,16.4,6.0,11.4
18675,0.5768,0,NORMAL,10.9,2.8,5.1,11.8
18676,0.4944,0,NORMAL,11.0,2.6,5.5,11.7
18677,0.6138,0,WARNING,11.1,3.1,12.3,16.4
18678,0.8025,0,WARNING,11.2,4.1,8.7,13.2
18679,0.395,0,NORMAL,11.1,3.1,6.7,11.8
18680,0.3931,0,NORMAL,11.0,3.2,4.8,8.7
18681,0.5379,0,NORMAL,10.9,2.1,4.9,11.5
18682,0.4729,0,NORMAL,11.0,3.4,8.8,12.6
18683,0.4164,0,NORMAL,11.0,3.2,10.7,13.4
18684,1.0,0,ANOMALY,14.7,19.4,4.2,10.2
18685,0.3928,0,NORMAL,11.0,2.7,4.2,9.9
18686,0.2525,0,NORMAL,10.9,2.2,4.1,9.4
18687,0.4473,0,NORMAL,10.9,3.0,4.6,11.1
18688,0.5715,0,NORMAL,11.0,3.9,13.0,15.8
18689,0.7046,0,WARNING,10.9,2.6,4.6,12.1
18690,0.6771,0,WARNING,10.9,2.6,4.8,12.6
18691,0.4946,0,NORMAL,11.1,3.1,4.8,12.2
18692,0.6137,0,WARNING,11.0,3.6,5.0,13.0
18693,0.6159,0,WARNING,11.0,3.4,14.7,18.2
18694,0.9977,0,WARNING,12.5,15.6,5.8,11.5
18695,0.3533,0,NORMAL,11.1,3.7,5.4,11.7
18696,0.4513,0,NORMAL,10.9,2.9,4.7,10.7
18697,0.8333,0,WARNING,11.0,4.3,4.7,9.9
18698,0.5654,0,NORMAL,11.0,4.3,12.9,15.9
18699,0.2638,0,NORMAL,10.9,2.3,4.7,9.7
18700,0.999,0,WARNING,10.9,3.8,4.4,12.9
18701,0.3005,0,NORMAL,11.0,2.9,5.5,10.8
18702,0.7047,0,WARNING,11.1,3.0,5.2,12.1
18703,0.9684,0,WARNING,11.4,6.1,13.8,17.2
18704,1.0,0,ANOMALY,15.0,20.6,6.5,12.3
18705,0.5366,0,NORMAL,10.9,2.1,4.9,11.3
18706,0.6134,0,WARNING,10.8,2.6,4.9,11.6
18707,0.4946,0,NORMAL,10.9,2.4,4.7,11.1
18708,0.6772,0,WARNING,11.0,3.7,13.8,17.3
18709,0.5376,0,NORMAL,10.9,2.3,6.4,11.3
18710,0.2085,0,NORMAL,10.9,2.1,4.4,9.8
18711,0.3553,0,NORMAL,10.9,2.3,4.6,9.5
18712,0.3067,0,NORMAL,10.9,2.5,4.7,9.7
18713,0.5747,0,NORMAL,11.0,3.5,13.4,15.8
18714,0.9974,0,WARNING,12.0,14.4,7.1,11.9
18715,0.5766,0,NORMAL,11.0,3.1,6.2,13.2
18716,0.6769,0,WARNING,11.1,3.4,7.2,14.4
18717,0.5932,0,NORMAL,11.3,4.2,11.5,15.5
18718,0.7912,0,WARNING,11.2,4.9,22.8,23.6
18719,0.711,0,WARNING,11.2,4.0,16.4,17.6
18720,0.5633,0,NORMAL,11.2,3.5,12.1,15.5
18721,0.7045,0,WARNING,11.1,3.2,11.2,16.3
18722,0.6769,0,WARNING,11.2,2.7,12.1,16.8
18723,0.7923,0,WARNING,11.3,4.5,22.3,20.6
18724,1.0,0,ANOMALY,15.4,22.2,14.4,14.9
18725,0.6665,0,WARNING,11.2,4.4,12.6,14.7
18726,0.5826,0,NORMAL,11.3,3.9,11.2,14.3
18727,0.6545,0,WARNING,11.2,3.8,10.7,15.9
18728,0.6693,0,WARNING,11.2,4.0,17.1,19.0
18729,0.6768,0,WARNING,11.2,4.6,14.5,17.8
18730,0.9974,0,WARNING,11.0,3.4,10.8,19.1
18731,0.7954,0,WARNING,11.2,3.5,14.1,17.3
18732,0.8169,0,WARNING,11.6,4.7,15.8,17.0
18733,0.9391,0,WARNING,11.5,4.4,19.0,18.5
18734,0.9987,0,WARNING,12.3,16.1,18.4,19.7
18735,0.7039,0,WARNING,11.1,3.9,11.1,16.6
18736,0.6756,0,WARNING,11.2,3.4,12.7,14.8
18737,0.5582,0,NORMAL,11.2,3.6,11.4,16.0
18738,0.6769,0,WARNING,11.2,3.2,11.6,17.2
18739,0.7629,0,WARNING,11.2,5.0,21.1,22.0
18740,0.5769,0,NORMAL,11.1,4.0,12.7,16.8
18741,0.5771,0,NORMAL,11.1,3.0,12.3,16.8
18742,0.694,0,WARNING,11.2,3.1,11.7,14.1
18743,0.7392,0,WARNING,11.2,2.7,12.6,14.8
18744,1.0,0,ANOMALY,16.1,23.1,22.6,21.4
18745,0.7797,0,WARNING,11.1,3.9,14.1,16.4
18746,0.8407,0,WARNING,11.3,4.3,15.5,17.0
18747,0.782,0,WARNING,11.3,4.2,16.4,18.3
18748,0.8307,0,WARNING,11.4,4.0,16.4,17.5
18749,0.9432,0,WARNING,11.5,6.1,25.0,22.6
18750,0.7489,0,WARNING,11.4,4.4,16.7,17.0
18751,0.6237,0,WARNING,11.4,4.6,14.1,18.3
18752,0.979,0,WARNING,11.6,6.3,14.2,19.3
18753,0.7046,0,WARNING,11.2,4.0,14.5,19.3
18754,0.998,0,WARNING,12.7,17.3,23.6,24.6
18755,0.8255,0,WARNING,11.1,4.1,17.8,19.7
18756,0.653,0,WARNING,11.2,4.6,16.2,19.0
18757,0.7529,0,WARNING,11.0,4.4,15.1,19.9
18758,0.6768,0,WARNING,11.0,3.4,15.6,19.7
18759,0.8096,0,WARNING,11.1,4.9,23.6,24.7
18760,0.9939,0,WARNING,11.0,3.8,16.2,21.2
18761,0.7136,0,WARNING,11.0,3.9,14.4,19.3
18762,0.6494,0,WARNING,11.0,3.8,14.4,19.2
18763,0.7246,0,WARNING,11.0,4.0,14.6,18.7
18764,1.0,0,ANOMALY,13.8,20.9,23.0,23.1
18765,0.7564,0,WARNING,11.1,4.3,16.7,19.0
18766,0.754,0,WARNING,11.0,3.5,17.3,20.8
18767,0.7489,0,WARNING,11.1,4.6,18.2,21.7
18768,0.7489,0,WARNING,11.2,4.8,18.5,21.5
18769,0.8632,0,WARNING,11.2,6.1,26.7,24.6
18770,0.7929,0,WARNING,11.1,4.7,20.4,21.0
18771,0.7929,0,WARNING,11.0,4.8,19.0,21.9
18772,0.7991,0,WARNING,11.0,4.5,19.6,22.9
18773,0.978,0,WARNING,11.4,6.6,19.2,21.7
18774,1.0,0,ANOMALY,14.2,21.4,27.5,27.1
18775,0.771,0,WARNING,11.1,4.5,20.7,21.4
18776,0.6898,0,WARNING,11.0,4.5,18.3,21.6
18777,0.7935,0,WARNING,11.3,6.9,15.8,20.4
18778,0.78,0,WARNING,11.0,4.0,15.6,18.5
18779,0.7964,0,WARNING,11.1,5.6,23.1,23.7
18780,0.795,0,WARNING,11.1,4.8,19.4,19.8
18781,0.749,0,WARNING,10.9,4.5,15.8,18.7
18782,0.7777,0,WARNING,10.9,4.3,15.7,19.0
18783,0.9413,0,WARNING,11.1,4.7,16.4,18.7
18784,1.0,0,ANOMALY,14.2,20.3,19.1,21.0
18785,0.8375,0,WARNING,11.0,4.4,21.8,22.1
18786,0.7865,0,WARNING,10.9,4.6,15.2,18.4
18787,0.749,0,WARNING,11.0,3.9,14.9,18.2
18788,0.7333,0,WARNING,11.1,4.1,15.2,19.6
18789,0.7821,0,WARNING,11.2,4.3,16.1,18.7
18790,0.9963,0,WARNING,11.0,5.2,24.4,27.0
18791,0.7661,0,WARNING,10.9,4.0,15.6,18.6
18792,0.805,0,WARNING,11.2,4.7,15.5,18.3
18793,0.7731,0,WARNING,11.1,3.5,15.1,18.5
18794,1.0,0,ANOMALY,13.4,18.3,14.4,18.2
18795,0.8031,0,WARNING,11.1,5.3,23.2,23.7
18796,0.7078,0,WARNING,11.0,4.2,14.7,18.4
18797,0.7108,0,WARNING,10.9,4.3,15.5,20.5
18798,0.7298,0,WARNING,11.0,3.8,15.5,20.7
18799,0.753,0,WARNING,11.0,3.4,15.4,20.8
18800,0.8318,0,WARNING,11.1,4.7,25.0,26.0
18801,0.7048,0,WARNING,11.1,4.7,17.1,20.9
18802,0.7078,0,WARNING,11.0,3.9,15.8,20.1
18803,0.9012,0,WARNING,11.3,5.4,15.1,19.8
18804,1.0,0,ANOMALY,15.2,21.9,14.9,19.0
18805,0.8131,0,WARNING,11.1,5.3,23.9,25.2
18806,0.7223,0,WARNING,11.1,4.2,16.2,19.2
18807,0.7306,0,WARNING,11.1,3.8,15.2,19.7
18808,0.7908,0,WARNING,11.0,3.5,15.8,19.7
18809,0.7799,0,WARNING,11.2,4.9,16.7,19.3
18810,0.8224,0,WARNING,11.2,5.0,24.4,25.5
18811,0.6765,0,WARNING,11.1,4.1,17.2,20.4
18812,0.9421,0,WARNING,11.2,4.7,16.0,19.2
18813,0.807,0,WARNING,11.1,4.0,16.1,18.6
18814,0.9999,0,WARNING,12.8,17.2,14.5,18.6
18815,0.8089,0,WARNING,11.2,4.1,23.1,23.8
18816,0.6697,0,WARNING,11.1,4.8,15.9,19.2
18817,0.9462,0,WARNING,11.1,4.5,16.7,20.7
18818,0.7589,0,WARNING,11.1,3.9,15.1,18.7
18819,0.7386,0,WARNING,11.0,4.1,14.5,18.2
18820,0.9953,0,WARNING,11.1,4.6,23.2,26.1
18821,0.7754,0,WARNING,11.2,4.4,16.3,18.0
18822,0.6423,0,WARNING,11.2,4.1,14.1,19.0
18823,0.6895,0,WARNING,11.1,3.7,14.5,19.1
18824,1.0,0,ANOMALY,14.1,19.5,14.9,19.6
18825,0.8046,0,WARNING,11.2,5.1,23.8,23.4
18826,0.799,0,WARNING,11.1,4.0,16.2,17.9
18827,0.6702,0,WARNING,11.1,3.9,14.9,18.9
18828,0.8618,0,WARNING,11.2,4.8,16.5,19.4
18829,0.8486,0,WARNING,11.2,4.6,17.5,18.5
18830,0.8686,0,WARNING,11.2,4.2,24.4,22.5
18831,0.8575,0,WARNING,11.3,4.9,21.5,19.9
18832,0.8516,0,WARNING,11.3,4.3,17.5,18.6
18833,0.66,0,WARNING,11.1,2.9,16.0,18.9
18834,1.0,0,WARNING,12.9,17.7,16.0,21.0
18835,0.7412,0,WARNING,11.2,4.9,18.8,21.8
18836,0.754,0,WARNING,11.2,4.5,21.5,22.5
18837,1.0,0,WARNING,12.5,7.5,15.7,19.2
18838,0.8011,0,WARNING,11.2,4.0,14.7,17.9
18839,0.6832,0,WARNING,11.1,3.7,14.6,19.2
18840,0.7332,0,WARNING,11.1,3.3,13.6,18.2
18841,0.7673,0,WARNING,11.2,5.2,21.2,22.9
18842,0.7304,0,WARNING,11.1,3.3,12.2,17.2
18843,0.5103,0,NORMAL,11.1,3.4,10.8,15.6
18844,1.0,0,ANOMALY,14.2,19.3,10.9,16.3
18845,0.5045,0,NORMAL,11.1,3.2,10.7,16.0
18846,0.7875,0,WARNING,11.2,4.9,21.8,21.4
18847,0.7563,0,WARNING,11.1,3.8,15.2,16.2
18848,0.713,0,WARNING,11.1,3.6,13.0,15.7
18849,0.6914,0,WARNING,11.1,3.8,12.6,15.4
18850,0.9958,0,WARNING,11.1,4.0,12.8,18.3
18851,0.7332,0,WARNING,11.1,4.6,19.8,21.3
18852,0.6462,0,WARNING,11.1,4.2,11.7,16.7
18853,0.6133,0,WARNING,11.0,3.7,9.7,16.3
18854,0.9972,0,WARNING,12.5,15.5,10.0,14.7
18855,0.9565,0,WARNING,11.4,5.8,10.0,14.8
18856,0.6976,0,WARNING,11.1,5.6,18.1,19.9
18857,0.392,0,NORMAL,11.1,4.0,10.9,14.7
18858,0.6465,0,WARNING,11.0,3.5,9.2,16.4
18859,0.6769,0,WARNING,11.1,3.9,9.4,16.5
18860,0.6467,0,WARNING,11.0,3.6,9.2,16.2
18861,0.6893,0,WARNING,11.2,4.9,17.4,20.2
18862,0.4603,0,NORMAL,11.0,3.3,10.3,14.9
18863,0.6134,0,WARNING,11.2,3.2,8.5,15.8
18864,1.0,0,ANOMALY,14.1,19.4,8.4,15.7
18865,0.5765,0,NORMAL,11.0,3.5,8.7,15.8
18866,0.7045,0,WARNING,11.0,4.8,17.6,21.6
18867,0.6132,0,WARNING,11.0,3.9,10.5,15.9
18868,0.6768,0,WARNING,11.0,3.1,8.2,15.9
18869,0.677,0,WARNING,11.0,3.0,8.5,15.9
18870,0.4686,0,NORMAL,11.0,3.5,8.6,14.6
18871,0.6848,0,WARNING,11.1,4.9,17.5,21.4
18872,0.5027,0,NORMAL,11.1,3.7,9.8,14.1
18873,0.4283,0,NORMAL,11.0,4.1,7.9,13.6
18874,0.9982,0,WARNING,12.0,15.5,8.4,15.9
18875,0.4182,0,NORMAL,11.0,3.7,8.3,14.7
18876,0.6782,0,WARNING,11.1,4.1,16.8,20.1
18877,0.6768,0,WARNING,11.1,4.3,9.8,15.9
18878,0.7045,0,WARNING,11.0,3.6,8.3,15.9
18879,0.677,0,WARNING,11.0,4.4,8.5,16.0
18880,0.994,0,WARNING,10.9,3.2,8.3,17.5
18881,0.6465,0,WARNING,11.0,3.7,15.3,19.8
18882,0.498,0,NORMAL,11.1,3.7,13.4,16.0
18883,0.5736,0,NORMAL,11.1,3.8,8.2,14.9
18884,1.0,0,ANOMALY,14.4,19.5,8.0,15.1
18885,0.4703,0,NORMAL,11.0,3.1,8.1,14.3
18886,0.4953,0,NORMAL,11.0,3.2,10.4,14.3
18887,0.5506,0,NORMAL,11.1,3.0,13.6,17.8
18888,0.6466,0,WARNING,10.9,2.8,8.5,15.1
18889,0.5377,0,NORMAL,10.9,3.0,8.5,14.6
18890,0.6467,0,WARNING,11.0,3.5,8.2,14.9
18891,0.6467,0,WARNING,11.0,3.0,7.8,14.8
18892,0.6844,0,WARNING,11.1,3.7,17.2,20.1
18893,0.3948,0,NORMAL,11.0,2.9,8.6,13.6
18894,0.997,0,WARNING,12.4,15.7,7.7,14.7
18895,0.613,0,WARNING,11.0,3.0,8.0,14.9
18896,0.5772,0,NORMAL,10.9,3.4,8.2,14.8
18897,0.8611,0,WARNING,11.4,7.7,17.2,19.5
18898,0.4077,0,NORMAL,11.0,3.5,10.0,13.6
18899,0.4129,0,NORMAL,10.9,3.3,7.9,13.3
18900,0.3938,0,NORMAL,10.8,3.5,7.8,13.0
18901,0.4228,0,NORMAL,10.9,3.2,7.3,12.8
18902,0.6528,0,WARNING,11.0,3.8,15.9,18.0
18903,0.3646,0,NORMAL,10.9,2.6,7.8,12.1
18904,1.0,0,ANOMALY,15.0,20.3,6.8,14.0
18905,0.4008,0,NORMAL,10.9,3.3,6.5,12.1
18906,0.355,0,NORMAL,10.9,2.4,6.4,12.1
18907,0.6377,0,WARNING,11.0,3.9,15.6,17.9
18908,0.3497,0,NORMAL,10.9,2.7,7.8,12.1
18909,0.3573,0,NORMAL,10.9,2.6,5.6,11.8
18910,0.9947,0,WARNING,10.9,2.7,6.4,16.2
18911,0.6135,0,WARNING,10.9,3.0,6.4,14.0
18912,0.677,0,WARNING,11.0,3.8,15.3,19.7
18913,0.6465,0,WARNING,10.9,2.7,8.3,14.1
18914,1.0,0,ANOMALY,13.0,16.7,6.6,14.2
18915,0.6461,0,WARNING,10.8,2.1,6.2,13.9
18916,0.6135,0,WARNING,10.8,2.4,6.2,13.7
18917,0.595,0,NORMAL,10.8,3.5,14.4,17.6
18918,0.2449,0,NORMAL,10.7,2.7,7.0,12.5
18919,0.5377,0,NORMAL,10.7,2.5,5.6,13.3
18920,0.4945,0,NORMAL,10.7,2.6,5.7,13.0
18921,0.3761,0,NORMAL,10.7,3.2,5.4,11.4
18922,0.5975,0,NORMAL,10.8,3.4,14.2,17.0
18923,0.3253,0,NORMAL,10.7,3.0,6.7,11.7
18924,1.0,0,ANOMALY,13.4,17.8,5.2,11.6
18925,0.2742,0,NORMAL,10.7,3.0,5.0,11.6
18926,0.3379,0,NORMAL,10.7,3.0,4.9,11.4
18927,0.5669,0,NORMAL,10.8,3.9,13.2,16.5
18928,0.269,0,NORMAL,10.7,2.8,7.2,11.9
18929,0.2134,0,NORMAL,10.7,2.5,4.9,12.1
18930,0.2592,0,NORMAL,10.7,2.2,5.0,11.9
18931,0.2947,0,NORMAL,10.7,3.0,4.9,11.4
18932,0.4498,0,NORMAL,10.8,3.4,10.6,14.9
18933,0.4559,0,NORMAL,10.9,4.5,9.2,14.3
18934,1.0,0,ANOMALY,13.5,17.9,5.1,13.6
18935,0.3119,0,NORMAL,10.7,2.5,5.3,12.1
18936,0.2893,0,NORMAL,10.7,2.6,4.9,11.2
18937,0.5379,0,NORMAL,10.6,2.9,8.6,15.1
18938,0.677,0,WARNING,10.6,3.4,12.2,17.5
18939,0.6134,0,WARNING,10.6,3.3,6.1,13.5
18940,0.9947,0,WARNING,10.6,2.0,5.4,15.5
18941,0.3107,0,NORMAL,10.6,2.7,4.9,11.2
18942,0.2397,0,NORMAL,10.6,2.9,4.6,11.2
18943,0.57,0,NORMAL,10.6,4.2,13.3,16.5
18944,1.0,0,ANOMALY,12.8,16.3,5.7,12.6
18945,0.4936,0,NORMAL,10.6,3.0,5.1,12.7
18946,0.4943,0,NORMAL,10.6,2.6,4.9,12.6
18947,0.2767,0,NORMAL,10.7,2.2,4.6,12.1
18948,0.6469,0,WARNING,10.7,3.3,14.0,18.9
18949,0.5772,0,NORMAL,10.6,2.8,7.5,13.3
18950,0.77,0,WARNING,10.7,4.0,6.1,11.4
18951,0.2955,0,NORMAL,10.6,2.7,4.9,11.1
18952,0.1954,0,NORMAL,10.7,1.9,4.4,11.0
18953,0.57,0,NORMAL,10.6,3.3,13.3,16.5
18954,0.9975,0,WARNING,12.3,15.8,6.2,12.4
18955,0.2737,0,NORMAL,10.6,2.4,4.5,11.2
18956,0.2184,0,NORMAL,10.6,2.4,4.1,10.8
18957,0.7953,0,WARNING,10.8,4.3,4.5,11.3
18958,0.5912,0,NORMAL,10.7,3.4,13.6,17.1
18959,0.3235,0,NORMAL,10.7,2.6,6.2,11.3
18960,0.5377,0,NORMAL,10.7,2.1,4.8,12.8
18961,0.3953,0,NORMAL,10.7,2.9,5.0,12.4
18962,0.1974,0,NORMAL,10.7,2.5,4.5,11.1
18963,0.5821,0,NORMAL,10.8,3.3,13.2,16.5
18964,1.0,0,WARNING,12.6,16.5,6.1,11.1
18965,0.2693,0,NORMAL,10.7,3.1,4.1,10.6
18966,0.2014,0,NORMAL,10.6,1.7,4.0,10.5
18967,0.1974,0,NORMAL,10.6,2.7,4.4,11.5
18968,0.6142,0,WARNING,10.7,3.7,14.2,18.2
18969,0.2965,0,NORMAL,10.7,2.7,7.1,11.4
18970,0.9986,0,WARNING,10.6,2.7,4.6,15.1
18971,0.5376,0,NORMAL,10.7,2.9,4.4,12.4
18972,0.4945,0,NORMAL,10.7,3.2,4.7,12.4
18973,0.5742,0,NORMAL,10.7,3.3,13.4,16.2
18974,1.0,0,ANOMALY,13.2,17.8,5.8,10.9
18975,0.4145,0,NORMAL,10.7,3.9,4.1,11.4
18976,0.5454,0,NORMAL,10.7,3.9,4.3,11.5
18977,0.32,0,NORMAL,10.7,3.2,4.1,10.6
18978,0.5418,0,NORMAL,10.7,2.6,12.5,15.9
18979,0.3108,0,NORMAL,10.7,2.6,6.2,10.8
18980,0.2803,0,NORMAL,10.7,1.7,4.3,10.5
18981,0.2175,0,NORMAL,10.7,2.7,3.9,10.3
18982,0.171,0,NORMAL,10.7,2.7,3.8,10.5
18983,0.4173,0,NORMAL,10.7,2.8,9.7,14.7
18984,0.9977,0,WARNING,12.0,15.9,9.3,14.0
18985,0.3216,0,NORMAL,10.7,2.9,6.4,11.0
18986,0.2217,0,NORMAL,10.7,2.1,6.6,10.7
18987,0.2216,0,NORMAL,10.7,2.8,6.6,10.9
18988,0.3934,0,NORMAL,10.7,2.2,9.5,12.5
18989,0.5371,0,NORMAL,10.6,3.5,13.3,14.6
18990,0.244,0,NORMAL,10.6,2.2,7.1,10.5
18991,0.146,0,NORMAL,10.6,2.6,4.9,10.3
18992,0.1301,0,NORMAL,10.5,2.6,3.6,10.0
18993,0.3955,0,NORMAL,10.6,2.9,3.6,10.9
18994,0.9983,0,WARNING,12.1,16.9,12.5,16.8
18995,0.5336,0,NORMAL,10.6,3.7,4.6,9.9
18996,0.5276,0,NORMAL,10.5,3.2,3.3,9.5
18997,0.1913,0,NORMAL,10.6,2.9,4.5,10.4
18998,0.2213,0,NORMAL,10.6,2.0,6.2,10.5
18999,0.6316,0,WARNING,10.7,4.0,15.1,15.9
19000,0.9984,0,WARNING,10.6,2.6,7.8,13.5
19001,0.4032,0,NORMAL,10.6,3.3,6.3,10.2
19002,0.1799,0,NORMAL,10.6,2.2,5.8,10.6
19003,0.3078,0,NORMAL,10.7,2.0,4.2,9.7
19004,1.0,0,ANOMALY,13.6,18.7,13.6,17.1
19005,0.4933,0,NORMAL,10.9,3.0,6.6,11.5
19006,0.2029,0,NORMAL,10.8,2.0,3.4,8.4
19007,0.3619,0,NORMAL,11.0,2.7,4.7,9.6
19008,0.4779,0,NORMAL,11.2,2.8,6.8,10.3
19009,0.6764,0,WARNING,11.3,4.1,15.7,15.9
19010,0.4201,0,NORMAL,11.2,3.2,8.0,10.1
19011,0.3298,0,NORMAL,11.1,3.0,4.2,10.0
19012,0.3877,0,NORMAL,10.9,2.2,3.6,10.7
19013,0.538,0,NORMAL,10.9,3.6,3.7,11.4
19014,0.998,0,WARNING,12.5,17.0,12.4,15.8
19015,0.3983,0,NORMAL,10.8,2.5,5.1,10.4
19016,0.4467,0,NORMAL,10.8,1.8,3.4,10.7
19017,0.4946,0,NORMAL,10.8,3.5,3.5,11.1
19018,0.5776,0,NORMAL,10.8,1.9,3.4,11.2
19019,0.5376,0,NORMAL,10.9,3.6,12.2,16.1
19020,0.395,0,NORMAL,10.7,2.4,4.9,10.5
19021,0.5377,0,NORMAL,10.7,2.8,3.4,10.9
19022,0.1521,0,NORMAL,10.7,2.1,3.4,9.9
19023,0.209,0,NORMAL,10.7,2.3,3.0,9.4
19024,1.0,0,ANOMALY,12.8,17.8,12.0,15.7
19025,0.5368,0,NORMAL,10.7,2.2,5.1,10.8
19026,0.1859,0,NORMAL,10.7,2.1,3.3,9.3
19027,0.1763,0,NORMAL,10.6,2.3,2.8,8.9
19028,0.2163,0,NORMAL,10.6,1.4,2.8,8.7
19029,0.5049,0,NORMAL,10.8,3.2,11.3,15.0
19030,0.9901,0,WARNING,10.7,2.6,5.5,12.7
19031,0.5365,0,NORMAL,10.7,3.2,2.9,9.6
19032,0.2766,0,NORMAL,10.7,1.9,3.0,9.7
19033,0.1249,0,NORMAL,10.7,2.7,2.8,8.8
19034,1.0,0,ANOMALY,13.8,18.8,8.3,12.8
19035,0.5172,0,NORMAL,10.7,3.3,7.4,11.9
19036,0.5771,0,NORMAL,10.7,2.0,3.1,10.4
19037,0.5775,0,NORMAL,10.7,2.1,3.2,10.6
19038,0.2769,0,NORMAL,10.7,2.5,3.0,9.4
19039,0.1332,0,NORMAL,10.7,2.7,5.5,10.2
19040,0.3616,0,NORMAL,10.8,3.0,9.1,12.4
19041,0.2272,0,NORMAL,10.7,2.4,2.7,8.5
19042,0.1476,0,NORMAL,10.6,2.1,2.8,8.5
19043,0.6615,0,WARNING,10.7,3.2,2.8,9.7
19044,1.0,0,ANOMALY,14.1,19.5,3.2,10.5
19045,0.613,0,WARNING,10.7,3.9,12.3,16.0
19046,0.347,0,NORMAL,10.6,1.5,4.1,8.7
19047,0.2086,0,NORMAL,10.7,2.6,2.9,9.4
19048,0.3388,0,NORMAL,10.7,2.5,3.1,9.6
19049,0.2373,0,NORMAL,10.6,2.9,2.7,8.3
19050,0.5188,0,NORMAL,10.7,3.4,11.5,13.7
19051,0.3098,0,NORMAL,10.6,2.7,2.6,8.1
19052,0.1179,0,NORMAL,10.7,2.1,2.5,8.5
19053,0.1176,0,NORMAL,10.7,2.6,2.3,8.0
19054,1.0,0,ANOMALY,16.2,21.4,2.5,8.1
19055,0.4938,0,NORMAL,10.8,3.3,11.1,13.4
19056,0.3419,0,NORMAL,10.7,1.6,2.5,7.8
19057,0.2767,0,NORMAL,10.6,2.4,2.6,9.2
19058,0.3956,0,NORMAL,10.7,2.4,2.7,9.3
19059,0.5381,0,NORMAL,10.7,2.9,2.9,9.9
19060,0.9953,0,WARNING,10.8,3.2,11.9,17.4
19061,0.5149,0,NORMAL,10.7,2.6,4.4,8.1
19062,0.1178,0,NORMAL,10.7,2.1,2.6,8.0
19063,0.1174,0,NORMAL,10.7,2.6,2.5,8.1
19064,1.0,0,ANOMALY,15.2,20.2,2.5,9.0
19065,0.5238,0,NORMAL,10.7,3.3,11.6,14.6
19066,0.297,0,NORMAL,10.6,2.9,3.1,8.7
19067,0.3086,0,NORMAL,10.6,2.4,2.5,7.9
19068,0.2092,0,NORMAL,10.7,2.1,2.6,9.0
19069,0.4948,0,NORMAL,10.7,2.1,2.9,9.7
19070,0.5261,0,NORMAL,10.7,3.6,12.0,15.1
19071,0.5773,0,NORMAL,10.6,2.4,4.7,9.9
19072,0.5377,0,NORMAL,10.6,2.5,3.0,9.9
19073,0.3387,0,NORMAL,10.6,2.5,2.8,9.2
19074,1.0,0,ANOMALY,12.7,16.5,2.9,9.0
19075,0.5092,0,NORMAL,10.7,3.8,11.5,14.2
19076,0.5771,0,NORMAL,10.6,1.9,4.4,9.7
19077,0.5332,0,NORMAL,10.7,3.8,3.1,9.5
19078,0.4947,0,NORMAL,10.6,2.0,3.0,9.6
19079,0.1178,0,NORMAL,10.6,2.2,2.7,8.4
19080,0.4611,0,NORMAL,10.7,3.4,10.7,12.8
19081,0.2889,0,NORMAL,10.6,2.1,4.1,8.1
19082,0.3072,0,NORMAL,10.6,2.2,2.4,8.8
19083,0.5776,0,NORMAL,10.6,1.9,2.6,9.6
19084,1.0,0,ANOMALY,15.5,20.6,2.9,10.0
19085,0.5766,0,NORMAL,10.7,3.7,8.7,13.3
19086,0.3947,0,NORMAL,10.6,2.1,7.2,11.1
19087,0.1869,0,NORMAL,10.6,2.5,2.5,8.2
19088,0.2768,0,NORMAL,10.6,1.7,2.6,8.7
19089,0.2207,0,NORMAL,10.6,2.4,2.5,8.1
19090,0.9967,0,WARNING,10.6,3.3,5.1,12.5
19091,0.3674,0,NORMAL,10.7,3.9,9.2,12.4
19092,0.2539,0,NORMAL,10.6,2.0,2.3,7.7
19093,0.3387,0,NORMAL,10.6,2.3,2.3,8.9
19094,0.9967,0,WARNING,11.6,14.1,2.5,9.5
19095,0.1988,0,NORMAL,10.6,2.4,2.5,7.8
19096,0.4893,0,NORMAL,10.7,3.7,11.1,13.1
19097,0.2808,0,NORMAL,10.6,2.6,2.3,7.7
19098,0.2746,0,NORMAL,10.6,1.5,2.1,7.7
19099,0.118,0,NORMAL,10.6,2.2,2.2,7.6
19100,0.277,0,NORMAL,10.6,1.9,2.6,8.8
19101,0.5366,0,NORMAL,10.7,3.4,12.2,14.1
19102,0.3238,0,NORMAL,10.6,2.0,3.5,7.5
19103,0.1172,0,NORMAL,10.6,1.8,2.1,6.2
19104,1.0,0,ANOMALY,15.5,20.8,2.2,7.2
19105,0.6371,0,WARNING,10.7,3.8,2.5,7.7
19106,0.5152,0,NORMAL,10.7,4.2,11.2,13.3
19107,0.4468,0,NORMAL,10.6,2.7,3.0,9.3
19108,0.4946,0,NORMAL,10.6,1.9,3.0,9.1
19109,0.139,0,NORMAL,10.6,1.6,2.2,6.2
19110,0.4513,0,NORMAL,10.6,2.8,2.8,8.9
19111,0.636,0,WARNING,10.8,3.9,11.9,14.6
19112,0.8016,0,WARNING,10.8,3.4,4.6,9.2
19113,0.2193,0,NORMAL,10.6,2.6,3.5,8.7
19114,1.0,0,ANOMALY,13.1,17.8,2.8,7.7
19115,0.4009,0,NORMAL,10.6,3.3,2.5,8.1
19116,0.5087,0,NORMAL,10.7,3.4,11.3,13.2
19117,0.3622,0,NORMAL,10.6,3.6,3.6,7.8
19118,0.6468,0,WARNING,10.6,2.3,2.9,10.0
19119,0.3955,0,NORMAL,10.6,1.4,3.5,9.3
19120,0.9932,0,WARNING,10.6,2.0,3.2,11.2
19121,0.6136,0,WARNING,10.7,3.6,11.8,15.1
19122,0.3382,0,NORMAL,10.7,1.9,5.7,9.1
19123,0.5377,0,NORMAL,10.7,2.2,3.6,9.6
19124,1.0,0,ANOMALY,15.1,20.2,2.6,7.5
19125,0.3417,0,NORMAL,10.6,3.0,2.5,8.1
19126,0.5273,0,NORMAL,10.8,3.3,12.2,14.6
19127,0.3383,0,NORMAL,10.7,2.5,5.0,8.9
19128,0.158,0,NORMAL,10.7,1.4,5.3,9.0
19129,0.3875,0,NORMAL,10.8,2.1,6.1,8.8
19130,0.219,0,NORMAL,10.8,1.5,6.1,8.7
19131,0.635,0,WARNING,10.8,3.2,14.4,13.9
19132,0.3011,0,NORMAL,10.8,2.0,7.5,8.9
19133,0.1182,0,NORMAL,10.7,1.8,3.3,8.5
19134,1.0,0,ANOMALY,13.4,17.1,2.5,8.8
19135,0.3272,0,NORMAL,10.7,2.2,3.7,9.0
19136,0.5591,0,NORMAL,10.8,2.7,10.1,11.3
19137,0.6986,0,WARNING,10.7,4.4,8.4,9.9
19138,0.7757,0,WARNING,10.9,3.3,4.2,7.8
19139,0.3395,0,NORMAL,10.7,2.5,4.1,8.1
19140,0.3317,0,NORMAL,10.7,1.9,4.0,7.9
19141,0.3573,0,NORMAL,10.7,2.7,6.9,9.9
19142,0.4297,0,NORMAL,10.9,2.7,10.7,11.8
19143,0.2571,0,NORMAL,10.7,2.6,3.4,8.5
19144,1.0,0,ANOMALY,14.4,19.2,2.9,9.3
19145,0.537,0,NORMAL,10.8,2.9,2.9,9.4
19146,0.309,0,NORMAL,10.7,1.8,2.6,8.3
19147,0.5236,0,NORMAL,10.8,4.0,11.5,14.2
19148,0.4944,0,NORMAL,10.7,2.5,3.1,9.4
19149,0.4946,0,NORMAL,10.7,1.9,2.9,9.3
19150,0.998,0,WARNING,10.7,1.6,3.0,12.2
19151,0.2891,0,NORMAL,10.7,2.5,3.0,8.4
19152,0.5123,0,NORMAL,10.8,3.2,11.5,13.1
19153,0.3891,0,NORMAL,10.7,2.4,4.0,7.6
19154,1.0,0,ANOMALY,14.0,18.3,2.3,8.0
19155,0.4462,0,NORMAL,10.6,2.0,2.5,9.2
19156,0.2087,0,NORMAL,10.6,2.1,2.7,8.6
19157,0.4928,0,NORMAL,10.8,3.2,11.3,13.1
19158,0.2315,0,NORMAL,10.7,2.2,3.1,7.6
19159,0.1182,0,NORMAL,10.7,2.2,2.2,7.7
19160,0.3389,0,NORMAL,10.7,1.5,2.5,8.7
19161,0.3957,0,NORMAL,10.7,2.0,2.5,8.9
19162,0.6139,0,WARNING,10.8,3.0,11.7,15.2
19163,0.4469,0,NORMAL,10.7,2.4,4.1,9.1
19164,1.0,0,ANOMALY,14.3,18.8,2.7,9.4
19165,0.613,0,WARNING,10.7,2.8,2.9,9.8
19166,0.4944,0,NORMAL,10.7,1.6,3.0,9.2
19167,0.538,0,NORMAL,10.8,3.5,12.1,15.2
19168,0.2674,0,NORMAL,10.7,2.2,6.6,8.3
19169,0.447,0,NORMAL,10.8,1.8,3.3,8.7
19170,0.2174,0,NORMAL,10.7,1.8,2.2,6.1
19171,0.1488,0,NORMAL,10.7,2.0,1.9,6.0
19172,0.5068,0,NORMAL,10.8,2.6,11.4,13.0
19173,0.2946,0,NORMAL,10.7,3.0,2.8,8.4
19174,1.0,0,ANOMALY,14.4,19.1,2.5,7.7
19175,0.3942,0,NORMAL,10.8,3.4,2.5,8.9
19176,0.2182,0,NORMAL,10.7,1.6,2.6,8.3
19177,0.5006,0,NORMAL,10.8,3.2,11.3,13.2
19178,0.2264,0,NORMAL,10.7,1.7,2.8,6.1
19179,0.1348,0,NORMAL,10.7,2.5,2.7,8.4
19180,0.994,0,WARNING,10.7,3.0,3.8,11.9
19181,0.545,0,NORMAL,10.8,3.3,3.6,9.0
19182,0.5379,0,NORMAL,10.8,2.7,11.2,14.5
19183,0.395,0,NORMAL,10.7,2.1,4.6,9.1
19184,0.9979,0,WARNING,12.2,16.0,2.7,8.5
19185,0.6493,0,WARNING,10.8,3.0,2.3,7.3
19186,0.2376,0,NORMAL,10.7,2.4,2.4,7.5
19187,0.3444,0,NORMAL,10.8,3.4,8.2,11.5
19188,0.1793,0,NORMAL,10.6,2.7,5.9,9.5
19189,0.359,0,NORMAL,10.7,2.3,2.2,7.5
19190,0.2325,0,NORMAL,10.6,2.1,2.2,7.4
19191,0.1367,0,NORMAL,10.6,2.1,2.2,7.5
19192,0.8637,0,WARNING,10.8,3.3,5.1,9.2
19193,0.3954,0,NORMAL,10.6,3.4,8.5,12.7
19194,1.0,0,ANOMALY,13.8,19.0,2.8,9.9
19195,0.6462,0,WARNING,10.6,2.6,2.9,9.9
19196,0.3384,0,NORMAL,10.6,1.6,3.4,9.0
19197,0.4473,0,NORMAL,10.6,3.2,2.9,9.0
19198,0.538,0,NORMAL,10.7,2.7,11.8,15.0
19199,0.2724,0,NORMAL,10.6,2.1,3.6,8.3
19200,0.3081,0,NORMAL,10.6,1.7,2.3,7.5
19201,0.3063,0,NORMAL,10.6,1.8,2.2,7.5
19202,0.1468,0,NORMAL,10.6,2.2,2.2,7.7
19203,0.5025,0,NORMAL,10.7,3.0,11.3,13.3
19204,0.9989,0,WARNING,12.1,16.9,2.6,7.8
19205,0.94,0,WARNING,10.9,5.2,2.5,7.8
19206,0.6275,0,WARNING,10.7,3.2,3.1,8.9
19207,0.2747,0,NORMAL,10.6,1.9,3.8,8.5
19208,0.5557,0,NORMAL,10.7,2.9,12.7,13.5
19209,0.279,0,NORMAL,10.6,3.2,6.9,8.4
19210,0.9819,0,WARNING,10.6,2.8,5.9,11.1
19211,0.2787,0,NORMAL,10.6,1.7,3.1,8.4
19212,0.4472,0,NORMAL,10.6,2.5,2.8,9.2
19213,0.6138,0,WARNING,10.7,3.3,11.7,15.2
19214,1.0,0,ANOMALY,14.1,18.5,4.3,8.9
19215,0.5369,0,NORMAL,10.6,2.0,2.7,9.4
19216,0.746,0,WARNING,10.8,2.7,2.6,9.5
19217,0.3882,0,NORMAL,10.6,2.1,2.6,8.0
19218,0.4883,0,NORMAL,10.7,3.3,11.1,13.2
19219,0.2618,0,NORMAL,10.6,2.1,3.3,7.5
19220,0.1175,0,NORMAL,10.5,2.3,2.2,7.5
19221,0.1366,0,NORMAL,10.5,2.4,2.2,7.6
19222,0.2109,0,NORMAL,10.5,3.1,2.4,7.7
19223,0.6744,0,WARNING,10.7,4.3,12.1,14.7
19224,1.0,0,ANOMALY,13.4,17.8,4.8,8.9
19225,0.3651,0,NORMAL,10.6,2.5,5.4,8.5
19226,0.34,0,NORMAL,10.6,1.9,5.5,8.3
19227,0.3653,0,NORMAL,10.6,2.4,5.5,8.7
19228,0.6199,0,WARNING,10.7,2.7,14.9,14.0
19229,0.3125,0,NORMAL,10.6,2.2,5.7,8.8
19230,0.3384,0,NORMAL,10.6,2.2,2.9,8.9
19231,0.5776,0,NORMAL,10.6,2.4,2.8,9.6
19232,0.6139,0,WARNING,10.6,2.0,3.1,9.8
19233,0.4893,0,NORMAL,10.6,3.4,11.3,13.7
19234,1.0,0,ANOMALY,14.3,19.8,4.7,8.9
19235,0.5765,0,NORMAL,10.6,2.5,2.8,9.7
19236,0.5773,0,NORMAL,10.5,3.0,2.9,9.6
19237,0.4947,0,NORMAL,10.6,2.2,3.4,9.6
19238,0.7174,0,WARNING,10.9,3.6,9.8,13.2
19239,0.374,0,NORMAL,10.7,2.9,9.7,10.4
19240,0.9967,0,WARNING,10.6,2.4,5.7,11.3
19241,0.344,0,NORMAL,10.6,2.2,5.5,8.3
19242,0.2756,0,NORMAL,10.6,2.0,4.7,7.7
19243,0.3443,0,NORMAL,10.6,2.5,6.7,8.9
19244,1.0,0,ANOMALY,13.5,18.6,10.6,11.2
19245,0.4459,0,NORMAL,10.5,2.4,3.8,9.2
19246,0.6466,0,WARNING,10.6,1.4,3.0,9.9
19247,0.3388,0,NORMAL,10.5,2.2,3.0,8.8
19248,0.3882,0,NORMAL,10.5,1.9,2.5,8.6
19249,0.647,0,WARNING,10.6,3.5,11.8,15.4
19250,0.4943,0,NORMAL,10.5,2.0,2.9,9.2
19251,0.4472,0,NORMAL,10.5,2.3,3.9,9.3
19252,0.1692,0,NORMAL,10.6,2.0,3.4,7.7
19253,0.4899,0,NORMAL,10.6,2.3,2.3,6.2
19254,1.0,0,ANOMALY,15.0,21.3,14.0,14.0
19255,0.617,0,WARNING,10.7,2.8,6.1,8.3
19256,0.4497,0,NORMAL,10.7,2.6,6.5,8.5
19257,0.4582,0,NORMAL,10.8,4.0,6.0,8.4
19258,0.2212,0,NORMAL,10.6,2.3,4.3,8.3
19259,0.5217,0,NORMAL,10.7,3.7,11.6,14.1
19260,0.4943,0,NORMAL,10.6,2.5,4.4,9.3
19261,0.3952,0,NORMAL,10.6,2.0,2.7,8.9
19262,0.2489,0,NORMAL,10.6,2.4,2.3,7.4
19263,0.684,0,WARNING,10.7,3.1,2.2,7.5
19264,1.0,0,ANOMALY,13.8,19.4,11.0,12.9
19265,0.5206,0,NORMAL,10.6,2.8,2.3,7.5
19266,0.187,0,NORMAL,10.5,1.5,2.2,7.4
19267,0.2091,0,NORMAL,10.5,2.0,2.2,8.4
19268,0.2093,0,NORMAL,10.6,2.0,2.5,8.4
19269,0.5123,0,NORMAL,10.6,3.5,11.3,14.1
19270,0.9958,0,WARNING,10.6,2.4,3.9,11.9
19271,0.4239,0,NORMAL,10.6,1.9,2.5,8.0
19272,0.3079,0,NORMAL,10.5,2.3,2.3,7.4
19273,0.2091,0,NORMAL,10.5,2.7,2.6,8.4
19274,1.0,0,ANOMALY,14.3,20.2,11.5,14.5
19275,0.5251,0,NORMAL,10.5,1.8,4.5,9.1
19276,0.3395,0,NORMAL,10.5,2.7,2.7,8.1
19277,0.2679,0,NORMAL,10.5,2.8,2.5,7.6
19278,0.2303,0,NORMAL,10.5,2.4,2.2,7.6
19279,0.5165,0,NORMAL,10.6,3.0,11.4,14.6
19280,0.2549,0,NORMAL,10.5,2.6,4.1,8.1
19281,0.3386,0,NORMAL,10.5,2.5,2.7,8.6
19282,0.1626,0,NORMAL,10.4,1.7,2.4,7.4
19283,0.509,0,NORMAL,10.5,2.3,2.2,7.3
19284,1.0,0,ANOMALY,13.5,18.4,10.7,12.5
19285,0.5117,0,NORMAL,10.5,2.6,3.2,7.6
19286,0.1695,0,NORMAL,10.4,1.6,2.3,7.3
19287,0.2165,0,NORMAL,10.5,2.2,2.3,7.8
19288,0.3957,0,NORMAL,10.5,2.4,2.9,8.9
19289,0.4474,0,NORMAL,10.5,2.9,7.8,12.3
19290,0.6137,0,WARNING,10.5,2.5,7.1,11.7
19291,0.6136,0,WARNING,10.5,2.0,3.0,9.7
19292,0.2767,0,NORMAL,10.5,2.5,2.9,8.6
19293,0.3955,0,NORMAL,10.5,2.0,2.8,8.9
19294,1.0,0,ANOMALY,14.1,19.0,5.7,10.9
19295,0.5766,0,NORMAL,10.6,2.6,8.4,12.7
19296,0.5374,0,NORMAL,10.5,2.5,3.0,9.1
19297,0.3386,0,NORMAL,10.5,2.5,2.8,8.5
19298,0.2026,0,NORMAL,10.5,1.8,2.6,7.6
19299,0.225,0,NORMAL,10.5,1.7,2.4,7.4
19300,0.9971,0,WARNING,10.6,2.7,10.3,16.7
19301,0.5033,0,NORMAL,10.5,1.9,3.8,8.3
19302,0.3386,0,NORMAL,10.5,2.5,2.8,8.0
19303,0.3875,0,NORMAL,10.5,1.8,2.1,5.7
19304,1.0,0,ANOMALY,13.3,17.3,2.0,5.8
19305,0.4915,0,NORMAL,10.5,2.4,9.2,10.9
19306,0.2082,0,NORMAL,10.5,2.2,2.6,8.2
19307,0.3387,0,NORMAL,10.5,2.7,2.6,8.5
19308,1.0,0,ANOMALY,10.5,2.8,2.5,9.6
19309,0.3745,0,NORMAL,10.5,3.0,2.5,7.5
19310,0.6435,0,WARNING,10.7,3.7,9.7,12.8
19311,0.4944,0,NORMAL,10.5,2.3,2.9,9.0
19312,0.4946,0,NORMAL,10.5,2.6,3.0,9.1
19313,0.6138,0,WARNING,10.5,2.2,3.0,9.5
19314,1.0,0,WARNING,12.3,15.6,3.2,9.8
19315,0.4969,0,NORMAL,10.6,2.5,10.2,13.4
19316,0.4466,0,NORMAL,10.5,2.6,4.6,8.8
19317,0.4154,0,NORMAL,10.6,3.2,2.7,7.3
19318,0.2159,0,NORMAL,10.5,2.0,2.5,7.3
19319,0.3059,0,NORMAL,10.5,2.1,2.3,7.6
19320,0.5777,0,NORMAL,10.6,2.1,10.2,14.2
19321,0.3952,0,NORMAL,10.5,1.8,3.9,8.7
19322,0.4945,0,NORMAL,10.5,1.8,2.8,8.9
19323,0.3388,0,NORMAL,10.5,1.8,2.9,8.4
19324,1.0,0,ANOMALY,13.7,18.4,2.6,7.3
19325,0.4863,0,NORMAL,10.6,2.5,9.6,12.1
19326,0.2821,0,NORMAL,10.5,1.4,3.9,7.2
19327,0.3869,0,NORMAL,10.5,2.0,2.3,7.0
19328,0.2398,0,NORMAL,10.5,2.7,2.3,7.1
19329,0.3926,0,NORMAL,10.5,3.0,2.1,7.1
19330,0.9977,0,WARNING,10.7,2.7,9.8,15.2
19331,0.5013,0,NORMAL,10.5,2.5,3.2,7.1
19332,0.1181,0,NORMAL,10.5,2.1,2.4,7.6
19333,0.4473,0,NORMAL,10.5,2.3,2.9,8.9
19334,1.0,0,ANOMALY,13.4,17.5,3.3,7.2
19335,0.5072,0,NORMAL,10.6,2.2,10.2,12.9
19336,0.2341,0,NORMAL,10.5,1.8,4.6,7.7
19337,0.1647,0,NORMAL,10.5,1.9,2.9,7.2
19338,0.1186,0,NORMAL,10.5,1.9,2.8,7.1
19339,0.1523,0,NORMAL,10.5,1.4,2.8,7.1
19340,0.3192,0,NORMAL,10.5,1.7,7.0,10.5
19341,0.4472,0,NORMAL,10.5,1.8,7.9,10.8
19342,0.3384,0,NORMAL,10.5,1.5,3.7,8.3
19343,0.3088,0,NORMAL,10.5,1.8,2.2,5.6
19344,1.0,0,ANOMALY,13.3,17.0,1.7,5.4
19345,0.1931,0,NORMAL,10.5,2.2,4.5,8.5
19346,0.4118,0,NORMAL,10.5,1.4,9.1,11.2
19347,0.3701,0,NORMAL,10.5,2.2,4.0,7.1
19348,0.2735,0,NORMAL,10.5,1.5,3.8,7.2
19349,0.3814,0,NORMAL,10.5,1.8,4.0,7.1
19350,0.307,0,NORMAL,10.5,1.5,4.1,7.2
19351,0.5601,0,NORMAL,10.6,2.1,11.4,12.1
19352,0.3173,0,NORMAL,10.5,1.8,3.9,7.3
19353,0.3696,0,NORMAL,10.5,1.9,4.0,7.0
19354,1.0,0,ANOMALY,13.5,17.6,3.5,7.3
19355,0.5768,0,NORMAL,10.6,1.7,2.6,8.6
19356,0.6467,0,WARNING,10.8,2.4,10.3,14.0
19357,0.1709,0,NORMAL,10.5,2.2,2.8,5.8
19358,0.3872,0,NORMAL,10.5,1.8,2.4,7.0
19359,0.339,0,NORMAL,10.5,2.3,2.3,7.8
19360,0.9977,0,WARNING,10.5,2.5,2.7,11.6
19361,0.4945,0,NORMAL,10.6,3.7,10.2,13.5
19362,0.3383,0,NORMAL,10.6,2.3,3.8,7.7
19363,0.2765,0,NORMAL,10.6,2.1,2.3,7.6
19364,1.0,0,ANOMALY,14.4,18.9,2.6,8.5
19365,0.5768,0,NORMAL,10.6,2.2,2.6,8.5
19366,0.5071,0,NORMAL,10.7,2.8,10.2,13.2
19367,0.5377,0,NORMAL,10.6,1.8,5.1,8.4
19368,0.2445,0,NORMAL,10.6,1.7,3.9,6.9
19369,0.209,0,NORMAL,10.6,2.0,2.9,7.5
19370,0.5777,0,NORMAL,10.6,2.4,2.5,8.4
19371,0.4805,0,NORMAL,10.6,2.3,9.9,12.7
19372,0.3384,0,NORMAL,10.6,2.0,4.1,7.5
19373,0.3952,0,NORMAL,10.6,1.7,2.3,7.7
19374,1.0,0,ANOMALY,14.1,18.7,2.2,6.5
19375,0.323,0,NORMAL,10.5,2.2,1.9,6.5
19376,0.5378,0,NORMAL,10.7,2.4,9.8,13.6
19377,1.0,0,ANOMALY,13.9,22.5,4.2,8.5
19378,0.4943,0,NORMAL,10.6,2.4,2.9,8.4
19379,0.3388,0,NORMAL,10.6,2.0,4.2,8.2
19380,0.2879,0,NORMAL,10.6,1.5,4.9,7.0
19381,0.6077,0,WARNING,10.7,2.2,13.0,12.3
19382,0.389,0,NORMAL,10.6,1.5,6.8,7.0
19383,0.3174,0,NORMAL,10.6,1.8,5.2,6.9
19384,1.0,0,ANOMALY,14.9,19.5,3.4,7.1
19385,0.3942,0,NORMAL,10.6,2.3,2.3,7.4
19386,0.481,0,NORMAL,10.6,1.6,9.7,11.3
19387,0.15,0,NORMAL,10.6,2.2,3.5,6.0
19388,0.1175,0,NORMAL,10.6,1.7,1.8,6.1
19389,0.3862,0,NORMAL,10.6,1.3,1.8,5.9
19390,0.9932,0,WARNING,10.6,1.9,1.8,8.8
19391,0.3669,0,NORMAL,10.6,2.0,7.7,10.6
19392,0.3385,0,NORMAL,10.6,1.9,5.1,8.3
19393,0.3952,0,NORMAL,10.6,1.4,2.2,7.3
19394,1.0,0,ANOMALY,14.2,18.5,2.1,5.9
19395,0.283,0,NORMAL,10.6,1.9,2.3,6.1
19396,0.2893,0,NORMAL,10.6,1.0,5.0,7.9
19397,0.3404,0,NORMAL,10.6,2.2,7.6,9.4
19398,0.3086,0,NORMAL,10.6,1.9,2.1,6.5
19399,0.5381,0,NORMAL,10.6,1.5,3.0,8.1
19400,0.5381,0,NORMAL,10.6,1.8,2.2,7.5
19401,0.3389,0,NORMAL,10.6,1.6,4.7,8.1
19402,0.538,0,NORMAL,10.7,2.0,11.4,13.2
19403,0.4942,0,NORMAL,10.6,2.2,4.0,7.7
19404,1.0,0,ANOMALY,13.1,16.8,4.7,6.7
19405,0.3375,0,NORMAL,10.6,2.3,5.0,6.4
19406,0.3061,0,NORMAL,10.6,1.8,4.7,6.3
19407,0.5604,0,NORMAL,10.7,2.5,11.5,10.8
19408,0.1997,0,NORMAL,10.6,1.9,5.0,5.7
19409,0.1259,0,NORMAL,10.6,2.0,2.7,6.1
19410,0.2094,0,NORMAL,10.5,1.6,1.9,5.7
19411,0.1392,0,NORMAL,10.5,2.3,1.6,5.1
19412,0.4804,0,NORMAL,10.5,2.8,9.4,10.7
19413,0.3887,0,NORMAL,10.5,2.9,1.8,5.8
19414,1.0,0,ANOMALY,13.8,17.7,2.8,7.6
19415,0.5371,0,NORMAL,10.5,1.8,3.0,7.7
19416,0.2405,0,NORMAL,10.7,2.0,5.3,7.7
19417,0.5996,0,NORMAL,10.7,3.8,12.9,11.6
19418,0.2512,0,NORMAL,10.6,1.9,4.4,5.8
19419,0.3952,0,NORMAL,10.6,2.0,3.6,7.4
19420,0.9977,0,WARNING,10.5,2.1,3.5,10.2
19421,0.5774,0,NORMAL,10.4,2.0,2.5,7.5
19422,0.5994,0,NORMAL,10.5,2.2,13.2,13.0
19423,0.5128,0,NORMAL,10.7,2.3,8.7,7.2
19424,1.0,0,ANOMALY,14.5,20.3,6.8,6.9
19425,0.353,0,NORMAL,10.4,2.3,7.2,6.9
19426,0.284,0,NORMAL,10.5,2.0,7.1,7.2
19427,0.6577,0,WARNING,10.6,2.0,15.0,12.4
19428,0.3949,0,NORMAL,10.5,2.3,5.5,7.3
19429,0.4944,0,NORMAL,10.4,1.9,2.4,6.9
19430,0.485,0,NORMAL,10.4,1.8,2.8,7.1
19431,0.2771,0,NORMAL,10.4,1.8,1.8,6.2
19432,0.4949,0,NORMAL,10.4,2.3,9.9,12.2
19433,0.3385,0,NORMAL,10.4,1.4,3.6,6.5
19434,1.0,0,ANOMALY,13.9,18.2,1.8,6.8
19435,0.3016,0,NORMAL,10.4,1.5,1.7,5.4
19436,0.2154,0,NORMAL,10.4,1.4,1.5,5.0
19437,0.4806,0,NORMAL,10.6,3.4,9.5,10.7
19438,0.2188,0,NORMAL,10.4,2.0,2.1,5.5
19439,0.2178,0,NORMAL,10.5,1.3,1.6,5.7
19440,0.339,0,NORMAL,10.4,1.5,2.9,7.2
19441,0.6139,0,WARNING,10.4,2.3,2.0,7.4
19442,0.6139,0,WARNING,10.4,2.1,8.9,11.6
19443,0.2634,0,NORMAL,10.5,2.2,7.6,7.1
19444,1.0,0,ANOMALY,14.7,19.9,2.8,6.8
19445,0.3866,0,NORMAL,10.4,2.3,1.7,4.6
19446,0.2149,0,NORMAL,10.4,1.7,2.4,6.0
19447,0.5496,0,NORMAL,10.5,3.5,6.6,8.7
19448,0.3053,0,NORMAL,10.4,2.0,7.4,8.8
19449,0.2765,0,NORMAL,10.4,1.5,1.9,6.1
19450,0.9971,0,WARNING,10.4,1.9,1.9,9.1
19451,0.2738,0,NORMAL,10.4,1.7,1.9,5.7
19452,0.2602,0,NORMAL,10.4,2.7,1.9,6.2
19453,0.5381,0,NORMAL,10.4,2.6,10.7,12.6
19454,1.0,0,ANOMALY,13.9,18.5,3.6,6.0
19455,0.4936,0,NORMAL,10.5,1.8,3.3,7.3
19456,0.1632,0,NORMAL,10.5,1.9,3.7,6.1
19457,0.9999,0,WARNING,10.4,2.7,1.6,4.3
19458,0.5381,0,NORMAL,10.4,2.8,10.3,12.4
19459,0.1745,0,NORMAL,10.4,1.8,1.3,3.7
19460,0.9999,0,WARNING,10.3,1.7,1.1,3.5
19461,0.3047,0,NORMAL,10.4,1.4,1.3,4.2
19462,0.1953,0,NORMAL,10.4,1.6,1.7,5.7
19463,0.4948,0,NORMAL,10.4,2.7,9.9,12.1
19464,1.0,0,ANOMALY,14.9,19.8,1.7,6.3
19465,0.4537,0,NORMAL,10.4,1.6,2.0,6.5
19466,0.2824,0,NORMAL,10.7,2.2,4.4,6.0
19467,0.3807,0,NORMAL,10.7,2.8,5.3,6.0
19468,0.6037,0,WARNING,10.8,3.6,13.8,11.5
19469,0.4122,0,NORMAL,10.8,2.8,7.3,5.8
19470,0.3935,0,NORMAL,10.7,2.9,5.6,6.2
19471,0.4004,0,NORMAL,10.7,2.2,5.6,5.9
19472,0.3979,0,NORMAL,10.7,2.5,5.7,6.2
19473,0.5782,0,NORMAL,10.8,3.4,12.7,11.6
19474,1.0,0,ANOMALY,14.6,19.2,3.5,3.9
19475,0.2886,0,NORMAL,10.5,2.7,4.2,6.0
19476,0.3814,0,NORMAL,10.5,2.9,4.0,5.5
19477,0.3862,0,NORMAL,10.6,2.2,1.5,3.5
19478,0.4753,0,NORMAL,10.6,2.4,9.3,9.7
19479,0.1758,0,NORMAL,10.6,1.9,1.4,4.8
19480,0.998,0,WARNING,10.5,1.6,1.5,8.2
19481,0.2889,0,NORMAL,10.5,1.8,1.4,5.6
19482,0.5381,0,NORMAL,10.5,1.8,1.5,6.8
19483,0.5777,0,NORMAL,10.5,2.5,10.1,12.2
19484,1.0,0,ANOMALY,14.2,18.4,3.4,6.5
19485,0.446,0,NORMAL,10.5,2.1,1.7,6.4
19486,0.6467,0,WARNING,10.5,1.8,2.2,8.3
19487,0.8424,0,WARNING,10.5,1.7,2.6,9.6
19488,0.8115,0,WARNING,10.5,3.0,10.8,14.4
19489,0.5377,0,NORMAL,10.6,1.9,3.7,6.8
19490,0.5378,0,NORMAL,10.6,1.2,1.8,6.7
19491,0.5381,0,NORMAL,10.6,1.7,2.0,6.7
19492,0.3067,0,NORMAL,10.6,2.1,1.6,4.7
19493,0.9929,0,WARNING,11.6,7.3,7.2,8.4
19494,1.0,0,ANOMALY,12.9,17.0,4.2,6.1
19495,0.337,0,NORMAL,10.6,2.2,1.3,4.6
19496,0.1809,0,NORMAL,10.6,1.8,1.4,5.0
19497,0.8921,0,WARNING,11.1,4.2,1.3,4.6
19498,0.2093,0,NORMAL,10.6,2.6,4.6,7.4
19499,0.3262,0,NORMAL,10.6,2.0,7.1,7.9
19500,0.2766,0,NORMAL,10.6,2.0,2.7,6.2
19501,0.3081,0,NORMAL,10.6,1.5,3.2,5.0
19502,0.3801,0,NORMAL,10.6,2.3,2.2,6.6
19503,0.6772,0,WARNING,10.6,1.8,2.3,8.0
19504,1.0,0,ANOMALY,15.3,21.2,10.4,13.3
19505,0.6104,0,WARNING,10.6,2.4,2.2,6.8
19506,0.1755,0,NORMAL,10.6,1.7,1.5,4.9
19507,0.2152,0,NORMAL,10.6,2.4,1.4,4.6
19508,0.385,0,NORMAL,10.6,2.2,1.4,4.8
19509,0.4805,0,NORMAL,10.7,3.0,10.1,11.5
19510,0.9947,0,WARNING,10.6,1.9,1.8,9.1
19511,0.447,0,NORMAL,10.6,1.9,2.0,7.6
19512,0.6469,0,WARNING,10.6,2.6,2.6,8.5
19513,0.5776,0,NORMAL,10.6,1.9,2.9,8.1
19514,1.0,0,ANOMALY,14.0,19.1,11.8,13.7
19515,0.5225,0,NORMAL,10.7,3.7,4.5,6.7
19516,0.3082,0,NORMAL,10.6,2.6,1.7,5.7
19517,0.4947,0,NORMAL,10.6,2.5,2.0,6.9
19518,0.2093,0,NORMAL,10.6,2.5,1.9,6.9
19519,0.4697,0,NORMAL,10.6,3.0,10.0,12.7
19520,0.5378,0,NORMAL,10.6,2.5,2.3,7.7
19521,0.5269,0,NORMAL,10.7,2.2,2.2,7.6
19522,0.2769,0,NORMAL,10.6,2.2,1.8,6.1
19523,0.5777,0,NORMAL,10.7,2.1,1.9,6.7
19524,1.0,0,ANOMALY,14.6,20.0,12.0,11.2
19525,0.545,0,NORMAL,10.7,2.0,5.8,5.0
19526,0.205,0,NORMAL,10.6,1.9,4.2,5.3
19527,0.3041,0,NORMAL,10.7,2.5,4.4,5.3
19528,0.2102,0,NORMAL,10.7,2.1,4.3,5.3
19529,0.6078,0,WARNING,10.8,2.5,12.7,10.8
19530,0.2468,0,NORMAL,10.6,1.9,6.0,5.3
19531,0.2167,0,NORMAL,10.6,1.8,4.3,5.1
19532,0.3062,0,NORMAL,10.7,2.5,4.5,6.1
19533,0.22,0,NORMAL,10.7,2.8,4.7,7.2
19534,1.0,0,ANOMALY,12.9,17.5,12.2,11.7
19535,0.4587,0,NORMAL,10.6,2.4,3.8,6.2
19536,0.1731,0,NORMAL,10.6,1.9,1.8,5.4
19537,0.3204,0,NORMAL,10.8,3.2,1.5,4.6
19538,0.339,0,NORMAL,10.7,2.4,2.1,6.2
19539,0.512,0,NORMAL,10.7,2.7,10.5,11.7
19540,0.9858,0,WARNING,10.7,1.5,4.5,9.2
19541,0.3047,0,NORMAL,10.7,1.9,3.6,5.5
19542,0.1699,0,NORMAL,10.6,1.6,3.9,5.3
19543,0.1599,0,NORMAL,10.6,1.9,3.6,5.3
19544,1.0,0,ANOMALY,14.6,19.4,9.3,9.4
19545,0.4832,0,NORMAL,10.6,2.8,5.9,7.4
19546,0.4467,0,NORMAL,10.6,2.3,2.1,7.2
19547,0.3082,0,NORMAL,10.6,2.5,1.6,5.2
19548,0.3063,0,NORMAL,10.6,2.3,1.5,6.1
19549,0.2753,0,NORMAL,10.7,3.8,5.1,8.6
19550,0.3955,0,NORMAL,10.6,2.3,7.9,10.6
19551,0.5378,0,NORMAL,10.6,1.5,2.1,6.6
19552,0.3388,0,NORMAL,10.6,1.3,2.4,6.1
19553,0.4948,0,NORMAL,10.6,1.2,2.5,6.5
19554,1.0,0,WARNING,12.4,15.7,3.6,5.6
19555,0.5955,0,NORMAL,10.6,2.6,12.3,10.4
19556,0.9729,0,WARNING,11.4,6.3,4.9,5.3
19557,0.2428,0,NORMAL,10.6,1.8,3.6,5.1
19558,0.2737,0,NORMAL,10.6,2.2,2.1,5.7
19559,0.3295,0,NORMAL,10.6,2.5,2.1,6.0
19560,0.8752,0,WARNING,10.8,3.6,10.2,12.8
19561,0.9999,0,WARNING,10.5,1.5,2.2,4.7
19562,0.9999,0,WARNING,10.5,1.4,1.1,3.8
19563,0.8968,0,WARNING,10.9,3.5,1.3,4.5
19564,1.0,0,ANOMALY,13.9,17.9,1.3,4.7
19565,0.4699,0,NORMAL,10.7,5.4,9.6,10.5
19566,0.4992,0,NORMAL,10.6,2.0,1.1,4.9
19567,0.9999,0,WARNING,10.5,1.5,1.3,6.2
19568,0.5381,0,NORMAL,10.6,2.0,2.7,7.6
19569,0.4948,0,NORMAL,10.6,2.4,2.3,7.5
19570,0.9994,0,WARNING,10.6,2.7,10.3,15.8
19571,0.9999,0,WARNING,10.5,1.5,3.2,5.6
19572,0.7368,0,WARNING,11.0,4.4,1.7,5.8
19573,0.5776,0,NORMAL,10.6,2.2,2.0,7.1
19574,1.0,0,ANOMALY,14.9,20.1,2.0,6.7
19575,0.4863,0,NORMAL,10.7,2.8,10.3,12.2
19576,0.3384,0,NORMAL,10.8,2.0,4.6,7.3
19577,0.3252,0,NORMAL,10.8,1.6,3.6,6.6
19578,0.2169,0,NORMAL,10.8,2.1,4.1,5.1
19579,0.3055,0,NORMAL,10.8,2.3,4.5,5.2
19580,0.5825,0,NORMAL,10.9,2.9,12.4,10.4
19581,0.2443,0,NORMAL,10.8,1.7,3.8,5.2
19582,0.9999,0,WARNING,10.7,1.6,1.4,4.2
19583,0.9999,0,WARNING,10.6,1.7,1.1,4.2
19584,1.0,0,ANOMALY,13.4,17.0,1.2,4.4
19585,0.4699,0,NORMAL,10.7,2.4,9.5,9.7
19586,0.2712,0,NORMAL,10.8,1.7,1.9,4.9
19587,0.4725,0,NORMAL,10.9,2.2,2.0,6.8
19588,0.5709,0,NORMAL,10.9,1.5,1.6,5.4
19589,0.4698,0,NORMAL,10.8,1.3,1.1,4.1
19590,0.4749,0,NORMAL,10.8,2.3,9.3,8.6
19591,0.3448,0,NORMAL,10.8,1.7,2.9,4.4
19592,0.3566,0,NORMAL,10.8,1.9,3.9,5.0
19593,0.3693,0,NORMAL,10.8,2.0,4.0,5.2
19594,1.0,0,ANOMALY,15.4,20.2,4.1,4.8
19595,0.5124,0,NORMAL,10.8,2.6,10.5,9.1
19596,0.4413,0,NORMAL,10.8,2.8,7.8,6.4
19597,0.1809,0,NORMAL,10.8,1.9,4.2,5.3
19598,0.3954,0,NORMAL,10.9,3.3,3.1,6.1
19599,0.5776,0,NORMAL,10.8,2.0,2.0,6.4
19600,0.9971,0,WARNING,10.9,2.8,5.0,11.6
19601,0.3476,0,NORMAL,10.8,2.1,8.1,8.5
19602,0.9999,0,WARNING,10.7,2.3,2.1,5.4
19603,0.3088,0,NORMAL,10.8,2.9,3.0,5.7
19604,1.0,0,ANOMALY,13.9,18.5,4.4,5.4
19605,0.9999,0,WARNING,10.7,2.7,2.3,4.9
19606,0.47,0,NORMAL,10.8,2.2,10.1,11.8
19607,0.447,0,NORMAL,10.7,2.1,2.4,7.3
19608,0.5054,0,NORMAL,10.8,3.3,2.2,6.8
19609,0.3389,0,NORMAL,10.8,2.3,3.5,7.2
19610,0.2782,0,NORMAL,10.8,2.1,4.1,6.0
19611,0.578,0,NORMAL,10.9,4.0,12.3,11.9
19612,0.2928,0,NORMAL,10.8,1.9,3.5,6.2
19613,0.118,0,NORMAL,10.8,1.9,1.5,5.4
19614,1.0,0,ANOMALY,13.9,18.2,1.3,5.0
19615,0.9999,0,WARNING,10.7,2.3,1.3,5.0
19616,0.4698,0,NORMAL,10.8,2.5,9.8,11.0
19617,0.671,0,WARNING,11.3,4.3,1.5,5.6
19618,0.4473,0,NORMAL,10.8,2.0,2.6,6.2
19619,0.4753,0,NORMAL,10.8,2.4,5.5,5.3
19620,0.4864,0,NORMAL,10.8,2.6,5.8,5.4
19621,0.6639,0,WARNING,10.9,3.1,14.2,10.4
19622,0.513,0,NORMAL,10.8,2.3,7.6,5.5
19623,0.509,0,NORMAL,10.8,2.6,6.0,5.1
19624,1.0,0,ANOMALY,14.0,18.4,4.8,4.7
19625,0.3863,0,NORMAL,10.8,2.6,4.4,4.6
19626,0.6808,0,WARNING,10.9,3.3,14.5,10.7
19627,0.3099,0,NORMAL,10.8,2.3,4.9,5.7
19628,0.9999,0,WARNING,10.7,1.7,2.3,5.9
19629,0.3956,0,NORMAL,10.8,2.8,2.9,6.0
19630,0.9984,0,WARNING,10.8,2.2,2.6,8.5
19631,0.5378,0,NORMAL,10.9,3.4,10.7,11.7
19632,0.275,0,NORMAL,10.8,1.6,3.7,5.1
19633,0.9999,0,WARNING,10.7,2.1,1.4,4.4
19634,1.0,0,ANOMALY,12.9,16.3,0.9,2.7
19635,0.9999,0,WARNING,10.6,2.1,1.2,4.1
19636,0.4752,0,NORMAL,10.7,2.9,9.8,9.6
19637,0.9999,0,WARNING,10.6,2.8,2.1,4.1
19638,0.26,0,NORMAL,10.7,2.6,1.0,4.3
19639,0.339,0,NORMAL,10.7,1.9,1.6,5.6
19640,0.2295,0,NORMAL,10.7,2.5,3.6,5.1
19641,0.5909,0,NORMAL,10.8,3.6,12.3,10.0
19642,0.6076,0,WARNING,10.8,2.9,5.1,6.3
19643,0.677,0,WARNING,10.7,1.7,1.9,6.8
19644,1.0,0,ANOMALY,13.6,17.5,2.2,6.3
19645,0.4666,0,NORMAL,10.5,2.7,4.5,5.8
19646,0.3407,0,NORMAL,10.4,2.5,8.2,9.3
19647,0.2748,0,NORMAL,10.4,2.4,5.9,7.1
19648,0.2766,0,NORMAL,10.4,2.2,1.8,5.7
19649,0.9999,0,WARNING,10.4,2.4,1.6,5.8
19650,0.2169,0,NORMAL,10.4,2.4,1.3,4.1
19651,0.2148,0,NORMAL,10.4,2.2,3.7,5.6
19652,0.3956,0,NORMAL,10.4,3.3,7.5,9.4
19653,0.4471,0,NORMAL,10.5,2.3,1.7,6.1
19654,1.0,0,ANOMALY,15.0,19.8,2.4,5.0
19655,0.4041,0,NORMAL,10.5,2.0,2.8,4.7
19656,0.247,0,NORMAL,10.5,1.3,2.2,4.5
19657,0.6138,0,WARNING,10.5,2.6,10.2,11.6
19658,0.5774,0,NORMAL,10.5,2.4,2.6,6.0
19659,0.8875,0,WARNING,10.6,3.4,2.1,6.6
19660,0.9999,0,WARNING,10.4,1.6,2.2,9.4
19661,0.3953,0,NORMAL,10.4,2.2,2.2,6.5
19662,0.8114,0,WARNING,10.5,3.2,12.3,14.8
19663,0.5772,0,NORMAL,10.4,2.7,2.5,7.5
19664,1.0,0,ANOMALY,13.0,18.0,3.1,6.5
19665,0.3067,0,NORMAL,10.4,1.7,1.3,4.4
19666,0.9999,0,WARNING,10.3,2.0,1.9,5.2
19667,0.551,0,NORMAL,10.6,2.9,11.5,10.4
19668,0.2137,0,NORMAL,10.6,2.0,3.6,5.2
19669,0.3205,0,NORMAL,10.6,2.1,3.1,5.0
19670,0.1242,0,NORMAL,10.6,2.2,3.0,5.2
19671,0.2021,0,NORMAL,10.6,2.0,2.5,5.3
19672,0.5381,0,NORMAL,10.6,2.4,10.6,11.8
19673,0.3905,0,NORMAL,10.6,2.0,3.4,4.7
19674,1.0,0,ANOMALY,13.9,18.4,1.3,5.2
19675,0.9999,0,WARNING,10.5,1.3,1.8,5.1
19676,0.9999,0,WARNING,10.5,1.3,1.6,4.3
19677,0.7305,0,WARNING,11.0,5.4,12.5,11.3
19678,0.2809,0,NORMAL,10.6,2.5,6.1,5.6
19679,0.2688,0,NORMAL,10.6,1.6,3.8,5.5
19680,0.2089,0,NORMAL,10.6,2.5,2.1,5.5
19681,0.3956,0,NORMAL,10.6,2.7,1.8,5.9
19682,0.4751,0,NORMAL,10.6,2.9,10.4,10.8
19683,0.2386,0,NORMAL,10.6,2.2,3.4,4.9
19684,1.0,0,ANOMALY,13.3,17.9,3.0,6.9
19685,0.3737,0,NORMAL,10.5,2.6,4.2,6.9
19686,0.1616,0,NORMAL,10.4,2.0,2.3,5.2
19687,0.4967,0,NORMAL,10.4,2.8,10.5,10.1
19688,0.9999,0,WARNING,10.3,1.8,3.2,5.7
19689,0.3387,0,NORMAL,10.4,2.6,1.4,5.5
19690,0.9913,0,WARNING,10.5,3.0,1.6,8.1
19691,0.2261,0,NORMAL,10.4,2.0,1.3,4.8
19692,0.4412,0,NORMAL,10.5,2.8,9.4,10.4
19693,0.4944,0,NORMAL,10.5,2.3,3.6,6.6
19694,1.0,0,ANOMALY,13.5,17.9,1.9,6.1
19695,0.9999,0,WARNING,10.4,1.7,1.6,5.2
19696,0.1596,0,NORMAL,10.5,1.1,1.5,4.7
19697,0.3857,0,NORMAL,10.5,2.5,6.6,8.0
19698,0.6138,0,WARNING,10.5,2.2,6.2,8.9
19699,0.5378,0,NORMAL,10.5,2.0,1.5,6.3
19700,0.9999,0,WARNING,10.3,1.8,1.7,6.5
19701,0.4833,0,NORMAL,10.4,3.1,1.6,6.0
19702,0.7049,0,WARNING,10.6,2.6,7.1,10.3
19703,0.784,0,WARNING,10.7,4.6,14.3,12.3
19704,1.0,0,ANOMALY,13.6,18.9,7.1,7.5
19705,0.6893,0,WARNING,10.7,4.1,7.4,7.1
19706,0.6712,0,WARNING,10.6,3.1,7.1,7.2
19707,0.6664,0,WARNING,10.5,3.2,6.7,8.3
19708,0.7911,0,WARNING,10.6,3.8,15.8,14.1
19709,0.6834,0,WARNING,10.5,3.2,7.9,9.6
19710,0.677,0,WARNING,10.4,1.9,3.5,7.7
19711,0.9999,0,WARNING,10.3,1.8,2.2,6.4
19712,0.4948,0,NORMAL,10.4,1.9,2.1,6.5
19713,0.5416,0,NORMAL,10.5,2.7,11.4,10.8
19714,1.0,0,ANOMALY,13.0,17.6,2.6,5.5
19715,0.3127,0,NORMAL,10.5,1.8,1.3,5.5
19716,0.6468,0,WARNING,10.5,1.6,1.8,7.1
19717,0.9999,0,WARNING,10.4,2.4,2.2,7.1
19718,0.6773,0,WARNING,10.6,2.7,10.8,12.7
19719,0.677,0,WARNING,10.6,3.4,3.8,7.1
19720,0.9958,0,WARNING,10.5,1.9,2.2,10.4
19721,0.5377,0,NORMAL,10.5,2.9,2.8,6.7
19722,0.4946,0,NORMAL,10.5,1.7,2.2,6.3
19723,0.4751,0,NORMAL,10.5,3.4,10.5,10.3
19724,1.0,0,ANOMALY,13.5,18.1,3.1,4.9
19725,0.3941,0,NORMAL,10.5,2.1,1.3,5.9
19726,0.9999,0,WARNING,10.4,1.7,1.5,7.3
19727,0.7533,0,WARNING,10.5,2.1,2.3,7.9
19728,0.647,0,WARNING,10.5,2.4,10.9,12.1
19729,0.6136,0,WARNING,10.5,1.5,4.5,7.1
19730,0.9999,0,WARNING,10.4,2.2,2.4,6.2
19731,0.9999,0,WARNING,10.4,2.1,1.8,6.7
19732,0.5381,0,NORMAL,10.5,2.3,2.4,6.7
19733,0.4858,0,NORMAL,10.5,2.9,10.5,11.4
19734,1.0,0,ANOMALY,13.5,17.5,3.4,6.2
19735,0.446,0,NORMAL,10.5,2.2,1.5,6.0
19736,0.3067,0,NORMAL,10.5,1.3,1.5,5.2
19737,0.753,0,WARNING,10.8,3.7,1.3,5.7
19738,0.6773,0,WARNING,10.5,2.7,10.8,12.7
19739,0.3119,0,NORMAL,10.5,2.4,4.4,5.3
19740,0.3452,0,NORMAL,10.5,2.8,2.8,5.9
19741,0.5776,0,NORMAL,10.6,3.1,2.1,6.6
19742,0.9999,0,WARNING,10.5,1.5,2.0,6.7
19743,0.4474,0,NORMAL,10.6,2.8,9.2,10.8
19744,1.0,0,ANOMALY,12.6,16.1,4.4,7.0
19745,0.5387,0,NORMAL,10.7,2.6,1.4,4.7
19746,0.2217,0,NORMAL,10.6,1.4,1.6,4.8
19747,0.1806,0,NORMAL,10.6,1.6,1.2,4.7
19748,0.2602,0,NORMAL,10.6,2.2,6.1,8.2
19749,0.2768,0,NORMAL,10.6,2.1,5.9,8.1
19750,0.9963,0,WARNING,10.5,1.7,1.4,7.7
19751,0.314,0,NORMAL,10.5,2.1,1.2,4.8
19752,0.3062,0,NORMAL,10.5,2.0,1.3,4.7
19753,0.3349,0,NORMAL,10.5,2.8,4.5,6.3
19754,1.0,0,ANOMALY,13.8,18.7,7.1,8.9
19755,0.4263,0,NORMAL,10.5,2.3,1.4,5.2
19756,0.1513,0,NORMAL,10.5,1.9,1.5,4.9
19757,0.3414,0,NORMAL,10.6,3.3,2.4,6.2
19758,0.4948,0,NORMAL,10.5,1.9,2.9,6.6
19759,0.5601,0,NORMAL,10.6,2.6,12.1,10.9
19760,0.2706,0,NORMAL,10.5,1.6,4.1,5.4
19761,0.3073,0,NORMAL,10.5,1.9,3.2,5.2
19762,0.3955,0,NORMAL,10.5,2.1,2.6,6.3
19763,0.3955,0,NORMAL,10.6,1.6,2.6,6.2
19764,0.9975,0,WARNING,11.9,16.2,13.3,11.9
19765,0.4264,0,NORMAL,10.7,1.9,3.9,5.7
19766,0.1512,0,NORMAL,10.7,1.7,1.4,3.3
19767,0.1501,0,NORMAL,10.7,1.9,1.2,3.3
19768,0.3044,0,NORMAL,10.8,1.5,1.1,3.9
19769,0.5646,0,NORMAL,10.8,3.5,11.7,10.9
19770,0.321,0,NORMAL,10.7,2.4,3.1,5.5
19771,0.26,0,NORMAL,10.7,1.5,3.3,5.3
19772,0.2916,0,NORMAL,10.7,1.9,3.7,5.1
19773,0.1617,0,NORMAL,10.8,1.7,3.2,5.3
19774,1.0,0,ANOMALY,14.2,19.4,11.1,10.9
19775,0.5265,0,NORMAL,10.7,1.7,3.7,5.3
19776,0.3077,0,NORMAL,10.7,1.7,1.5,4.9
19777,0.2159,0,NORMAL,10.7,2.5,1.4,5.0
19778,0.2192,0,NORMAL,10.6,1.7,1.5,5.1
19779,0.5119,0,NORMAL,10.9,3.4,10.8,12.2
19780,0.9989,0,WARNING,10.7,1.8,2.5,10.4
19781,0.5377,0,NORMAL,10.7,2.2,3.0,6.7
19782,0.2541,0,NORMAL,10.7,1.7,3.7,6.1
19783,0.3524,0,NORMAL,10.7,2.0,1.6,5.6
19784,1.0,0,ANOMALY,13.4,17.7,10.7,12.0
19785,0.4935,0,NORMAL,10.7,1.4,4.0,6.6
19786,0.5376,0,NORMAL,10.7,2.5,2.6,6.8
19787,0.3954,0,NORMAL,10.7,2.5,3.5,6.6
19788,0.9999,0,WARNING,10.6,1.3,1.9,6.2
19789,0.5777,0,NORMAL,10.7,3.0,10.5,12.1
19790,0.2213,0,NORMAL,10.7,2.0,3.3,5.2
19791,0.3068,0,NORMAL,10.6,1.7,1.4,4.8
19792,0.3854,0,NORMAL,10.6,1.9,1.3,4.7
19793,0.1906,0,NORMAL,10.6,1.9,1.3,5.0
19794,1.0,0,ANOMALY,12.9,17.8,9.5,11.2
19795,0.4358,0,NORMAL,10.6,2.5,4.1,6.7
19796,0.9999,0,WARNING,10.5,2.5,1.8,6.0
19797,0.9999,0,WARNING,10.5,2.3,1.6,5.2
19798,0.9999,0,WARNING,10.5,1.7,1.6,5.2
19799,0.3401,0,NORMAL,10.6,2.7,7.8,9.5
19800,0.8583,0,WARNING,10.8,5.0,9.2,8.3
19801,0.5111,0,NORMAL,10.7,2.1,6.3,7.2
19802,0.5377,0,NORMAL,10.7,2.2,6.5,9.0
19803,0.5163,0,NORMAL,10.7,2.9,6.8,8.3
19804,1.0,0,ANOMALY,13.5,18.2,9.9,10.6
19805,0.6688,0,WARNING,10.8,3.4,13.3,11.2
19806,0.5202,0,NORMAL,10.7,2.6,7.0,6.0
19807,0.5189,0,NORMAL,10.7,3.0,6.7,6.2
19808,0.3062,0,NORMAL,10.7,2.3,3.5,6.1
19809,0.3956,0,NORMAL,10.7,2.0,2.2,6.2
19810,0.9902,0,WARNING,10.7,2.9,10.8,13.8
19811,0.4501,0,NORMAL,10.7,2.0,2.6,5.8
19812,0.7466,0,WARNING,10.9,4.3,4.5,6.9
19813,0.2768,0,NORMAL,10.7,1.8,2.1,5.3
19814,1.0,0,ANOMALY,13.4,16.9,1.3,4.7
19815,0.5021,0,NORMAL,10.7,3.0,11.1,11.5
19816,0.4941,0,NORMAL,10.7,1.7,3.1,8.1
19817,0.2288,0,NORMAL,10.8,3.3,6.2,8.1
19818,0.5033,0,NORMAL,10.9,3.9,4.2,7.7
19819,0.6771,0,WARNING,10.9,2.2,2.4,7.5
19820,0.5018,0,NORMAL,11.0,2.6,11.6,11.6
19821,0.3839,0,NORMAL,10.9,2.2,6.0,5.9
19822,0.5774,0,NORMAL,10.9,1.4,2.7,7.2
19823,0.6469,0,WARNING,10.9,2.0,2.5,7.6
19824,1.0,0,ANOMALY,13.2,16.7,2.3,7.6
19825,0.7297,0,WARNING,10.9,2.8,11.6,13.7
19826,0.3947,0,NORMAL,10.9,2.6,5.2,6.7
19827,0.4006,0,NORMAL,10.9,3.7,3.8,7.0
19828,0.5775,0,NORMAL,10.9,1.6,2.6,7.4
19829,0.5381,0,NORMAL,10.9,1.7,2.6,7.8
19830,0.7049,0,WARNING,11.0,3.5,13.5,15.1
19831,0.5772,0,NORMAL,10.9,2.2,7.0,8.0
19832,0.4907,0,NORMAL,10.8,2.2,6.0,6.4
19833,0.6792,0,WARNING,11.0,3.5,6.2,6.4
19834,1.0,0,ANOMALY,13.3,17.5,4.6,6.3
19835,0.6131,0,WARNING,10.9,3.7,11.6,12.9
19836,0.753,0,WARNING,10.9,2.8,4.1,8.2
19837,0.5377,0,NORMAL,10.9,2.3,3.4,7.3
19838,0.6081,0,WARNING,10.9,3.2,3.6,6.9
19839,0.4947,0,NORMAL,10.9,2.3,2.5,6.8
19840,0.9932,0,WARNING,10.9,3.8,11.1,15.7
19841,0.501,0,NORMAL,10.8,2.3,3.5,6.1
19842,0.1426,0,NORMAL,10.8,2.0,1.5,5.5
19843,0.2262,0,NORMAL,10.9,1.8,2.0,6.3
19844,1.0,0,ANOMALY,13.7,17.5,2.5,8.3
19845,0.9818,0,WARNING,11.2,6.1,10.6,11.9
19846,0.4466,0,NORMAL,10.8,2.7,7.4,8.4
19847,0.3095,0,NORMAL,10.8,2.3,3.6,6.6
19848,0.9999,0,WARNING,10.7,1.5,1.5,4.1
19849,0.3818,0,NORMAL,10.8,2.3,4.8,6.1
19850,0.6381,0,WARNING,10.9,3.7,11.7,9.9
19851,0.593,0,NORMAL,10.9,3.6,10.8,9.0
19852,0.3949,0,NORMAL,10.8,2.0,3.0,6.7
19853,0.6468,0,WARNING,10.8,1.5,3.1,8.0
19854,0.9971,0,WARNING,12.3,15.6,4.4,6.1
19855,0.3129,0,NORMAL,10.8,3.1,7.3,7.8
19856,0.459,0,NORMAL,10.8,3.4,11.1,11.1
19857,0.7821,0,WARNING,11.0,4.3,3.0,7.8
19858,0.2767,0,NORMAL,10.8,2.0,2.6,6.2
19859,0.2343,0,NORMAL,10.7,2.2,3.7,6.3
19860,0.647,0,WARNING,10.7,2.2,4.5,9.1
19861,0.4578,0,NORMAL,10.8,2.7,8.1,9.2
19862,0.6907,0,WARNING,10.8,3.7,16.7,15.5
19863,0.5373,0,NORMAL,10.8,2.9,8.6,9.4
19864,1.0,0,ANOMALY,13.8,18.6,6.2,9.4
19865,0.5765,0,NORMAL,10.8,1.8,3.7,8.0
19866,0.5377,0,NORMAL,10.8,1.8,4.5,7.9
19867,0.6686,0,WARNING,10.9,3.9,13.7,12.0
19868,0.4481,0,NORMAL,10.7,2.9,8.0,7.3
19869,0.2861,0,NORMAL,10.8,2.4,2.1,4.7
19870,0.9989,0,WARNING,10.8,2.6,3.6,8.6
19871,0.4558,0,NORMAL,10.7,3.4,5.3,6.6
19872,0.5476,0,NORMAL,10.9,2.8,10.3,10.3
19873,0.6104,0,WARNING,10.9,3.5,11.5,9.8
19874,0.9968,0,WARNING,12.1,15.2,2.4,4.8
19875,0.1637,0,NORMAL,10.7,1.8,1.3,4.2
19876,0.1658,0,NORMAL,10.8,1.6,1.7,4.7
19877,0.3474,0,NORMAL,10.7,2.3,5.1,6.6
19878,0.6776,0,WARNING,10.9,4.0,13.4,11.1
19879,0.5096,0,NORMAL,10.8,2.8,6.6,6.8
19880,0.4983,0,NORMAL,10.8,3.4,5.8,7.0
19881,0.6757,0,WARNING,10.8,2.8,2.9,7.1
19882,0.6772,0,WARNING,10.7,1.8,2.6,8.2
19883,0.6772,0,WARNING,10.7,3.4,11.4,13.7
19884,1.0,0,ANOMALY,12.7,16.5,3.0,7.0
19885,0.4463,0,NORMAL,10.7,2.2,2.1,7.2
19886,0.4471,0,NORMAL,10.7,2.1,2.1,7.3
19887,0.2169,0,NORMAL,10.7,1.9,2.1,6.6
19888,0.486,0,NORMAL,10.7,3.1,10.7,11.7
19889,0.2669,0,NORMAL,10.7,2.2,3.2,6.8
19890,0.6137,0,WARNING,10.6,1.6,2.3,7.8
19891,0.3955,0,NORMAL,10.7,1.9,3.7,7.7
19892,0.4976,0,NORMAL,10.7,2.7,6.4,7.6
19893,0.7185,0,WARNING,10.9,4.5,15.8,12.8
19894,1.0,0,ANOMALY,12.9,17.2,8.5,6.8
19895,0.5188,0,NORMAL,10.8,2.6,7.0,7.2
19896,0.4354,0,NORMAL,10.8,2.8,5.3,7.0
19897,0.4471,0,NORMAL,10.8,2.6,3.1,7.2
19898,0.7049,0,WARNING,10.8,3.4,11.4,14.0
19899,0.7047,0,WARNING,10.8,2.0,5.2,9.2
19900,0.9992,0,WARNING,10.9,2.6,4.3,11.9
19901,0.5376,0,NORMAL,10.8,2.2,4.2,8.6
19902,0.3085,0,NORMAL,10.9,2.4,2.4,6.3
19903,0.5069,0,NORMAL,11.0,2.8,11.0,11.5
19904,0.9971,0,WARNING,12.2,14.8,3.2,6.2
19905,0.2513,0,NORMAL,10.8,2.1,2.0,6.3
19906,0.3386,0,NORMAL,10.8,1.5,2.3,7.2
19907,0.647,0,WARNING,10.8,1.8,2.7,8.2
19908,0.5017,0,NORMAL,10.9,3.1,11.6,13.1
19909,0.5377,0,NORMAL,10.8,2.0,4.3,7.7
19910,0.3091,0,NORMAL,10.8,1.9,2.1,6.7
19911,0.6772,0,WARNING,10.8,1.9,2.2,8.4
19912,0.5381,0,NORMAL,10.8,1.7,2.9,7.9
19913,0.5601,0,NORMAL,10.9,3.2,12.3,12.0
19914,1.0,0,WARNING,12.7,16.0,4.5,6.8
19915,0.2575,0,NORMAL,10.8,2.4,2.2,6.5
19916,0.1538,0,NORMAL,10.8,2.3,1.9,6.5
19917,0.6583,0,WARNING,10.9,3.8,2.4,6.7
19918,0.4913,0,NORMAL,10.9,2.9,10.8,12.4
19919,0.5378,0,NORMAL,10.8,2.7,6.1,9.4
19920,0.1178,0,NORMAL,10.8,2.1,3.1,7.2
19921,0.6508,0,WARNING,10.9,3.4,2.2,6.4
19922,0.1177,0,NORMAL,10.8,2.2,1.9,6.4
19923,0.339,0,NORMAL,10.9,2.9,6.9,10.3
19924,0.9979,0,WARNING,12.2,16.3,8.0,10.1
19925,0.5767,0,NORMAL,10.8,2.2,2.7,8.5
19926,0.3887,0,NORMAL,10.7,1.7,2.4,7.4
19927,0.4473,0,NORMAL,10.7,2.2,2.6,7.9
19928,0.5777,0,NORMAL,10.7,1.5,4.4,9.5
19929,0.538,0,NORMAL,10.9,3.1,10.4,12.6
19930,0.9988,0,WARNING,10.8,1.8,4.9,10.8
19931,0.3858,0,NORMAL,10.8,2.4,5.0,7.2
19932,0.485,0,NORMAL,10.9,3.2,5.1,7.3
19933,0.3861,0,NORMAL,10.8,2.2,5.2,7.7
19934,1.0,0,ANOMALY,14.6,19.9,12.7,13.6
19935,0.6459,0,WARNING,10.9,2.7,4.1,8.7
19936,0.6465,0,WARNING,10.8,2.0,2.8,8.8
19937,0.6771,0,WARNING,10.8,2.4,2.8,9.0
19938,0.3956,0,NORMAL,10.7,1.6,2.8,8.0
19939,0.5416,0,NORMAL,10.8,3.0,12.5,13.9
19940,0.4469,0,NORMAL,10.7,2.2,5.5,8.4
19941,0.3085,0,NORMAL,10.7,2.0,2.2,5.2
19942,0.3054,0,NORMAL,10.7,2.1,2.4,6.3
19943,0.9732,0,WARNING,11.1,4.4,3.1,8.3
19944,0.9975,0,WARNING,12.0,15.5,13.3,13.9
19945,0.4249,0,NORMAL,10.8,1.8,5.9,8.4
19946,0.2376,0,NORMAL,10.8,2.0,5.6,7.5
19947,0.1979,0,NORMAL,10.8,2.5,5.0,7.4
19948,0.3387,0,NORMAL,10.8,1.5,5.3,9.4
19949,0.6159,0,WARNING,10.8,3.7,14.4,15.0
19950,0.4942,0,NORMAL,10.8,2.0,7.3,9.9
19951,0.7046,0,WARNING,10.7,2.1,5.2,10.8
19952,0.6136,0,WARNING,10.7,2.6,3.8,9.2
19953,0.5379,0,NORMAL,10.7,2.4,2.7,8.3
19954,1.0,0,ANOMALY,14.3,19.9,11.7,12.7
19955,0.5245,0,NORMAL,10.8,2.5,4.1,6.8
19956,0.1894,0,NORMAL,10.8,2.1,2.2,6.9
19957,0.3859,0,NORMAL,10.7,2.4,2.3,7.6
19958,0.2164,0,NORMAL,10.7,1.2,2.2,6.6
19959,0.7745,0,WARNING,10.9,3.5,12.3,15.9
19960,0.9977,0,WARNING,10.8,2.9,6.0,14.4
19961,0.6464,0,WARNING,10.8,2.6,4.1,9.6
19962,0.677,0,WARNING,10.8,2.2,4.3,9.8
19963,0.6468,0,WARNING,10.8,1.8,4.1,9.6
19964,0.9976,0,WARNING,12.3,16.7,13.1,14.6
19965,0.3766,0,NORMAL,10.8,2.8,4.3,6.9
19966,0.3065,0,NORMAL,10.7,2.0,2.2,6.8
19967,0.4301,0,NORMAL,10.8,3.2,2.5,8.0
19968,0.6773,0,WARNING,10.7,2.3,2.7,9.3
19969,0.647,0,WARNING,10.8,3.5,11.1,14.0
19970,0.2769,0,NORMAL,10.8,2.3,5.8,7.2
19971,0.3951,0,NORMAL,10.7,2.2,2.9,8.3
19972,0.7048,0,WARNING,10.7,2.3,2.9,9.5
19973,0.3089,0,NORMAL,10.7,1.8,4.4,8.4
19974,0.9972,0,WARNING,12.3,15.7,8.5,11.0
19975,0.5767,0,NORMAL,10.8,2.8,9.0,11.9
19976,0.2386,0,NORMAL,10.8,1.5,3.0,6.4
19977,0.5775,0,NORMAL,10.9,3.4,3.4,6.8
19978,0.2678,0,NORMAL,10.8,2.8,5.0,8.0
19979,0.3739,0,NORMAL,10.8,2.6,7.6,9.9
19980,0.5738,0,NORMAL,10.9,3.1,13.8,13.6
19981,0.3905,0,NORMAL,10.7,2.4,5.5,9.1
19982,0.447,0,NORMAL,10.8,2.9,3.1,9.8
19983,0.6469,0,WARNING,10.7,2.3,3.3,10.7
19984,0.9981,0,WARNING,11.8,15.4,4.1,11.3
19985,0.6463,0,WARNING,10.8,3.6,12.5,15.3
19986,0.3379,0,NORMAL,10.7,2.3,4.5,8.5
19987,0.5377,0,NORMAL,10.7,2.4,3.7,9.1
19988,0.3076,0,NORMAL,10.7,1.9,5.5,8.5
19989,0.2165,0,NORMAL,10.8,2.1,5.9,8.2
19990,0.9913,0,WARNING,10.8,3.9,15.1,16.5
19991,0.5342,0,NORMAL,10.7,1.8,4.8,8.4
19992,0.2763,0,NORMAL,10.6,1.7,2.5,8.2
19993,0.1176,0,NORMAL,10.6,1.9,2.2,7.2
19994,0.9966,0,WARNING,12.2,15.0,2.2,8.0
19995,0.6768,0,WARNING,10.8,3.7,11.7,15.1
19996,0.3123,0,NORMAL,10.7,1.8,3.9,7.2
19997,0.4471,0,NORMAL,10.6,2.3,2.5,8.5
19998,0.6138,0,WARNING,10.6,2.2,3.5,9.5
19999,0.5776,0,NORMAL,10.6,2.0,3.2,9.4
20000,0.5212,0,NORMAL,10.8,3.0,12.1,14.4
20001,0.395,0,NORMAL,10.7,1.8,4.8,8.1
20002,0.1558,0,NORMAL,10.7,2.1,2.6,7.6
20003,0.2127,0,NORMAL,10.6,2.2,4.0,7.9
20004,0.9972,0,WARNING,12.3,15.4,4.6,8.0
20005,0.5998,0,NORMAL,10.8,3.3,13.9,14.1
20006,0.3584,0,NORMAL,10.9,1.9,7.1,8.2
20007,0.3726,0,NORMAL,11.0,1.8,5.8,8.4
20008,0.3681,0,NORMAL,11.2,2.2,5.6,8.2
20009,0.3852,0,NORMAL,11.0,1.8,5.0,8.0
20010,0.5869,0,NORMAL,11.2,4.1,13.3,14.1
20011,0.3583,0,NORMAL,11.1,2.3,7.6,8.8
20012,0.3884,0,NORMAL,11.1,1.6,6.4,8.2
20013,0.3311,0,NORMAL,11.1,2.3,6.3,8.4
20014,1.0,0,WARNING,12.9,16.0,5.9,8.3
20015,0.6131,0,WARNING,11.1,3.7,12.4,15.0
20016,0.6833,0,WARNING,11.1,3.7,4.6,9.7
20017,0.5495,0,NORMAL,11.1,2.2,3.1,8.7
20018,0.2552,0,NORMAL,10.9,1.9,2.7,6.4
20019,0.2239,0,NORMAL,10.9,2.1,3.6,7.6
20020,0.9982,0,WARNING,11.0,3.1,13.2,16.5
20021,0.5663,0,NORMAL,11.0,3.1,5.9,7.8
20022,0.1747,0,NORMAL,10.9,2.4,4.6,8.2
20023,0.2088,0,NORMAL,10.9,2.2,2.8,8.0
20024,1.0,0,ANOMALY,13.2,16.5,2.7,9.5
20025,0.4939,0,NORMAL,10.8,3.0,8.4,12.5
20026,0.5772,0,NORMAL,10.8,2.5,7.3,11.4
20027,0.7046,0,WARNING,10.8,2.4,2.9,10.0
20028,1.0,0,ANOMALY,10.8,2.2,2.9,12.0
20029,0.6139,0,WARNING,10.8,1.6,2.8,9.4
20030,0.188,0,NORMAL,10.7,2.3,4.5,8.8
20031,0.3802,0,NORMAL,10.8,2.8,9.3,11.5
20032,0.2539,0,NORMAL,10.7,1.7,2.2,7.8
20033,0.3388,0,NORMAL,10.7,2.0,2.2,8.4
20034,0.9968,0,WARNING,12.2,15.4,2.6,8.5
20035,0.4465,0,NORMAL,10.7,2.4,2.7,8.9
20036,0.6468,0,WARNING,10.8,3.9,11.7,15.0
20037,0.7531,0,WARNING,10.9,3.6,3.0,10.3
20038,0.7532,0,WARNING,10.6,1.7,3.2,10.4
20039,0.4947,0,NORMAL,10.6,2.3,2.8,9.2
20040,0.1171,0,NORMAL,10.6,2.4,3.3,7.8
20041,0.5042,0,NORMAL,10.8,3.8,11.4,13.0
20042,0.3105,0,NORMAL,10.7,2.2,2.9,7.6
20043,0.3067,0,NORMAL,10.7,2.3,2.1,8.4
20044,0.9974,0,WARNING,11.9,14.9,2.7,9.8
20045,0.6133,0,WARNING,10.7,2.5,2.9,9.5
20046,0.73,0,WARNING,10.8,3.3,12.0,15.8
20047,0.5376,0,NORMAL,10.7,2.1,4.5,9.1
20048,0.6136,0,WARNING,10.7,2.0,2.7,9.4
20049,0.3955,0,NORMAL,10.7,2.0,2.6,8.7
20050,0.9953,0,WARNING,10.7,2.0,2.8,11.9
20051,0.5181,0,NORMAL,10.8,3.0,11.6,14.5
20052,0.6769,0,WARNING,10.7,2.2,3.2,9.8
20053,0.477,0,NORMAL,10.7,2.6,3.0,8.0
20054,1.0,0,ANOMALY,13.2,16.9,2.1,6.2
20055,0.1335,0,NORMAL,10.6,2.1,3.0,8.1
20056,0.5086,0,NORMAL,10.8,3.9,11.4,13.0
20057,0.2573,0,NORMAL,10.7,2.5,4.0,7.7
20058,0.134,0,NORMAL,10.6,2.0,2.2,7.8
20059,0.3069,0,NORMAL,10.7,2.7,2.3,8.3
20060,0.6772,0,WARNING,10.7,2.8,2.6,9.7
20061,0.6772,0,WARNING,10.8,3.3,11.5,15.2
20062,0.7046,0,WARNING,10.7,2.3,4.9,10.1
20063,0.2004,0,NORMAL,10.6,2.5,2.7,8.2
20064,0.9973,0,WARNING,11.5,13.7,2.2,7.5
20065,0.2971,0,NORMAL,10.7,2.4,2.4,8.1
20066,0.5464,0,NORMAL,10.8,3.7,12.8,14.5
20067,0.3353,0,NORMAL,10.7,2.2,6.1,8.0
20068,0.3081,0,NORMAL,10.7,2.2,4.8,8.2
20069,0.2678,0,NORMAL,10.7,2.1,4.7,8.1
20070,1.0,0,ANOMALY,13.1,11.1,4.6,8.4
20071,0.5367,0,NORMAL,10.8,2.9,12.4,14.7
20072,0.3171,0,NORMAL,10.7,2.4,6.1,8.6
20073,0.6769,0,WARNING,10.7,2.6,3.4,9.8
20074,1.0,0,ANOMALY,13.0,16.8,3.3,9.2
20075,0.5372,0,NORMAL,10.7,2.2,3.0,9.0
20076,0.6771,0,WARNING,10.7,2.4,8.4,12.9
20077,0.677,0,WARNING,10.7,3.4,7.7,12.1
20078,0.5773,0,NORMAL,10.7,2.4,3.0,9.3
20079,0.5776,0,NORMAL,10.7,2.1,3.2,9.6
20080,0.9977,0,WARNING,10.7,2.0,3.6,13.0
20081,0.7047,0,WARNING,10.8,2.8,5.8,11.4
20082,0.6467,0,WARNING,10.8,3.4,10.6,14.0
20083,0.4942,0,NORMAL,10.6,2.0,3.6,9.1
20084,0.9998,0,WARNING,12.3,15.5,2.8,8.9
20085,0.5373,0,NORMAL,10.6,2.1,2.9,9.1
20086,0.4471,0,NORMAL,10.6,2.0,2.5,8.9
20087,0.6469,0,WARNING,10.7,3.0,11.5,15.1
20088,0.6467,0,WARNING,10.6,2.3,2.6,9.7
20089,0.6469,0,WARNING,10.6,1.8,3.0,9.8
20090,0.6469,0,WARNING,10.6,2.8,2.9,10.5
20091,0.3089,0,NORMAL,10.6,1.8,2.7,9.3
20092,0.4998,0,NORMAL,10.7,3.8,11.1,14.1
20093,0.3191,0,NORMAL,10.6,1.7,2.3,7.9
20094,1.0,0,ANOMALY,13.0,16.8,2.2,7.6
20095,0.2067,0,NORMAL,10.6,2.4,2.1,7.2
20096,0.1675,0,NORMAL,10.6,1.9,2.0,7.2
20097,0.6224,0,WARNING,10.8,4.6,11.2,13.0
20098,0.2661,0,NORMAL,10.6,2.2,2.2,7.7
20099,0.2179,0,NORMAL,10.6,1.8,2.2,7.5
20100,0.217,0,NORMAL,10.6,2.4,2.5,8.0
20101,0.5777,0,NORMAL,10.6,2.1,3.0,9.5
20102,0.5326,0,NORMAL,10.7,2.9,12.5,14.6
20103,0.3236,0,NORMAL,10.6,2.1,5.5,8.0
20104,1.0,0,ANOMALY,13.3,17.3,2.5,8.5
20105,0.5371,0,NORMAL,10.6,2.2,3.0,9.0
20106,0.5377,0,NORMAL,10.7,2.1,3.3,9.2
20107,0.5122,0,NORMAL,11.0,3.1,11.7,11.9
20108,0.278,0,NORMAL,10.9,2.4,6.1,8.0
20109,0.3695,0,NORMAL,10.9,2.9,5.3,8.0
20110,0.9988,0,WARNING,11.0,3.3,4.5,11.6
20111,0.5887,0,NORMAL,11.2,3.6,4.7,8.9
20112,0.5775,0,NORMAL,11.3,3.6,11.5,14.5
20113,0.5455,0,NORMAL,11.2,2.5,4.3,8.0
20114,1.0,0,WARNING,13.0,15.6,2.9,8.8
20115,0.5303,0,NORMAL,11.2,2.8,4.5,9.2
20116,0.525,0,NORMAL,11.3,2.0,5.9,10.1
20117,0.616,0,WARNING,11.3,3.2,14.7,15.7
20118,0.5147,0,NORMAL,11.2,3.1,7.5,10.5
20119,0.5042,0,NORMAL,11.2,2.3,4.8,9.2
20120,0.4984,0,NORMAL,11.1,2.3,2.7,7.2
20121,0.4871,0,NORMAL,11.1,1.8,2.0,6.8
20122,0.4808,0,NORMAL,11.2,3.0,10.7,12.4
20123,0.4787,0,NORMAL,11.1,1.9,2.6,7.0
20124,1.0,0,ANOMALY,13.5,16.7,2.1,7.1
20125,0.4568,0,NORMAL,11.1,2.3,2.2,7.2
20126,0.4945,0,NORMAL,11.1,2.1,2.7,8.8
20127,0.7049,0,WARNING,11.3,2.9,8.7,13.6
20128,0.73,0,WARNING,11.3,3.2,8.7,13.3
20129,0.6135,0,WARNING,11.3,3.2,4.5,10.8
20130,0.5467,0,NORMAL,11.2,3.3,2.8,9.3
20131,0.5298,0,NORMAL,11.2,1.9,2.4,8.3
20132,0.529,0,NORMAL,11.2,2.9,4.8,10.6
20133,0.5292,0,NORMAL,11.3,3.2,9.6,13.9
20134,1.0,0,ANOMALY,13.6,17.1,3.1,9.6
20135,0.5084,0,NORMAL,11.1,2.7,2.7,9.2
20136,0.5377,0,NORMAL,11.1,2.2,2.6,9.9
20137,0.5776,0,NORMAL,11.1,1.8,2.8,9.9
20138,0.4968,0,NORMAL,11.1,3.7,11.3,12.7
20139,0.3098,0,NORMAL,10.9,2.7,3.0,7.2
20140,0.9913,0,WARNING,10.7,2.3,2.0,9.8
20141,0.2024,0,NORMAL,10.7,2.3,2.2,8.0
20142,0.4137,0,NORMAL,10.7,3.1,2.2,8.3
20143,0.4999,0,NORMAL,10.7,3.5,10.9,14.1
20144,1.0,0,WARNING,12.5,16.5,2.4,8.8
20145,0.3666,0,NORMAL,10.7,2.8,4.6,9.6
20146,0.3084,0,NORMAL,10.8,2.5,5.1,8.9
20147,0.2837,0,NORMAL,10.8,2.1,5.4,9.4
20148,0.6037,0,WARNING,10.8,3.8,14.3,14.9
20149,0.3136,0,NORMAL,10.7,2.2,6.4,10.1
20150,0.395,0,NORMAL,10.9,2.7,3.8,9.1
20151,0.4477,0,NORMAL,11.1,2.5,4.2,7.7
20152,0.6138,0,WARNING,11.1,2.4,2.5,9.1
20153,0.4912,0,NORMAL,11.2,3.3,11.3,13.9
20154,0.9972,0,WARNING,12.0,14.0,4.2,8.9
20155,0.473,0,NORMAL,11.1,2.6,2.3,7.5
20156,0.4562,0,NORMAL,11.1,2.2,2.0,7.1
20157,0.5929,0,NORMAL,11.1,3.3,2.0,7.5
20158,0.5054,0,NORMAL,11.1,3.6,11.2,13.7
20159,0.4145,0,NORMAL,11.0,2.1,3.7,8.7
20160,0.3845,0,NORMAL,11.0,1.8,2.0,5.7
20161,0.3767,0,NORMAL,11.0,1.4,1.7,5.8
20162,0.357,0,NORMAL,11.0,1.9,2.6,7.8
20163,0.6618,0,WARNING,11.2,3.7,13.5,13.8
20164,1.0,0,ANOMALY,13.3,17.4,8.1,8.5
20165,0.6128,0,WARNING,11.3,3.9,6.4,8.0
20166,0.6135,0,WARNING,11.3,3.2,6.5,8.1
20167,0.5976,0,NORMAL,11.3,2.8,6.5,9.0
20168,0.6771,0,WARNING,11.4,4.3,13.8,16.5
20169,0.9335,0,WARNING,11.5,4.1,6.2,11.7
20170,0.9888,0,WARNING,11.2,2.2,5.0,14.2
20171,0.6466,0,WARNING,11.2,2.1,4.6,10.9
20172,0.5666,0,NORMAL,11.1,3.7,5.5,11.2
20173,0.7744,0,WARNING,11.3,2.7,12.6,16.5
20174,1.0,0,WARNING,13.0,15.8,5.2,11.8
20175,0.8272,0,WARNING,11.1,2.9,4.0,11.9
20176,0.7046,0,WARNING,11.1,3.0,4.9,10.9
20177,0.4946,0,NORMAL,11.1,1.8,3.0,8.5
20178,0.4948,0,NORMAL,11.1,2.7,8.5,12.0
20179,0.4443,0,NORMAL,11.2,2.7,10.0,12.5
20180,0.5423,0,NORMAL,11.1,2.7,7.1,9.7
20181,0.6661,0,WARNING,11.1,3.4,7.1,9.9
20182,0.9629,0,WARNING,11.4,4.6,6.6,9.6
20183,0.6443,0,WARNING,11.2,3.1,9.3,11.2
20184,0.9977,0,WARNING,12.7,16.5,12.3,14.4
20185,0.3968,0,NORMAL,11.0,2.6,4.2,9.4
20186,0.4412,0,NORMAL,11.0,2.3,4.1,8.8
20187,0.4372,0,NORMAL,11.0,2.7,3.5,9.4
20188,0.5777,0,NORMAL,11.0,2.4,4.4,10.6
20189,0.6469,0,WARNING,11.1,3.0,12.9,15.6
20190,0.3007,0,NORMAL,10.9,2.1,3.7,7.9
20191,0.7048,0,WARNING,10.9,2.6,2.6,9.6
20192,0.7533,0,WARNING,11.0,1.9,2.9,10.1
20193,0.4473,0,NORMAL,10.9,2.2,2.6,8.4
20194,1.0,0,ANOMALY,13.1,16.9,11.8,14.6
20195,0.646,0,WARNING,10.9,2.2,3.3,9.3
20196,0.4468,0,NORMAL,10.9,2.2,2.5,8.5
20197,0.2538,0,NORMAL,10.9,1.7,2.1,7.4
20198,0.647,0,WARNING,10.9,2.2,2.8,9.5
20199,0.591,0,NORMAL,11.0,3.2,13.1,13.6
20200,0.9889,0,WARNING,10.9,2.7,5.4,11.2
20201,0.3701,0,NORMAL,10.9,2.7,5.1,8.0
20202,0.3453,0,NORMAL,11.0,3.0,5.3,8.1
20203,0.2179,0,NORMAL,10.9,2.1,5.0,7.8
20204,0.9978,0,WARNING,12.6,17.2,14.3,13.9
20205,0.4139,0,NORMAL,10.9,2.5,5.6,8.9
20206,0.5771,0,NORMAL,10.9,2.0,2.9,9.1
20207,0.1882,0,NORMAL,10.9,2.0,3.0,7.6
20208,0.2085,0,NORMAL,10.9,2.6,2.5,7.1
20209,0.4913,0,NORMAL,11.0,3.0,11.2,12.6
20210,0.4647,0,NORMAL,10.9,2.3,4.1,8.0
20211,0.7047,0,WARNING,11.0,1.8,2.8,9.8
20212,0.6772,0,WARNING,10.9,2.3,3.0,9.8
20213,0.6469,0,WARNING,10.9,1.7,3.8,9.7
20214,1.0,0,WARNING,12.9,16.7,12.5,14.9
20215,0.466,0,NORMAL,11.0,2.6,4.3,8.4
20216,0.6465,0,WARNING,10.9,2.5,2.6,9.4
20217,0.6771,0,WARNING,11.0,3.0,2.7,9.7
20218,0.3956,0,NORMAL,10.9,2.0,2.5,8.6
20219,0.5381,0,NORMAL,11.0,3.1,11.6,14.6
20220,0.2996,0,NORMAL,10.9,2.0,4.0,7.3
20221,0.2393,0,NORMAL,10.9,2.3,2.2,7.4
20222,0.6772,0,WARNING,10.8,2.5,2.5,9.8
20223,0.6772,0,WARNING,10.8,2.1,3.0,9.7
20224,1.0,0,ANOMALY,13.8,18.8,11.5,15.0
20225,0.5765,0,NORMAL,10.8,2.6,4.8,9.4
20226,0.3095,0,NORMAL,10.8,2.2,4.5,8.5
20227,0.7048,0,WARNING,10.8,1.4,3.1,10.0
20228,0.6469,0,WARNING,10.8,2.2,3.1,9.8
20229,0.6772,0,WARNING,10.9,3.0,8.8,13.5
20230,0.9901,0,WARNING,10.8,2.9,7.8,13.9
20231,0.6133,0,WARNING,10.8,1.6,3.3,9.7
20232,0.5378,0,NORMAL,10.8,1.7,3.3,9.4
20233,0.6138,0,WARNING,10.8,1.8,3.0,9.2
20234,1.0,0,WARNING,12.6,15.8,5.6,11.4
20235,0.4938,0,NORMAL,10.9,3.3,10.5,13.3
20236,0.2591,0,NORMAL,10.8,2.7,2.8,7.7
20237,0.2376,0,NORMAL,10.7,1.9,2.7,7.6
20238,0.2079,0,NORMAL,10.8,2.3,2.4,7.5
20239,0.3203,0,NORMAL,10.8,2.8,2.2,7.5
20240,0.508,0,NORMAL,10.8,3.9,11.2,13.7
20241,0.4943,0,NORMAL,10.7,2.6,2.6,9.6
20242,0.7532,0,WARNING,10.7,2.4,3.2,11.1
20243,0.7048,0,WARNING,10.7,2.4,3.7,11.0
20244,1.0,0,ANOMALY,12.8,16.8,2.9,7.5
20245,0.5605,0,NORMAL,10.8,3.6,12.6,13.6
20246,0.3356,0,NORMAL,10.9,3.6,8.3,9.6
20247,0.3002,0,NORMAL,11.0,2.5,5.6,9.2
20248,0.3075,0,NORMAL,10.9,2.6,5.5,9.0
20249,0.2201,0,NORMAL,10.9,2.8,5.1,8.9
20250,0.5676,0,NORMAL,11.0,4.0,13.2,15.4
20251,0.6134,0,WARNING,10.8,2.3,5.1,10.1
20252,0.4944,0,NORMAL,10.8,2.9,3.2,9.6
20253,0.7048,0,WARNING,10.8,2.1,4.0,10.9
20254,1.0,0,ANOMALY,13.2,17.6,3.6,11.0
20255,0.5565,0,NORMAL,10.8,3.9,13.0,14.9
20256,0.4465,0,NORMAL,10.8,2.8,5.5,9.8
20257,0.5377,0,NORMAL,10.8,2.9,4.9,10.3
20258,0.36,0,NORMAL,10.8,3.0,5.6,9.0
20259,0.3464,0,NORMAL,10.9,2.1,5.7,9.1
20260,0.9977,0,WARNING,10.9,3.7,12.6,18.5
20261,0.7529,0,WARNING,10.8,2.3,4.9,11.0
20262,0.1507,0,NORMAL,10.9,2.2,4.0,9.2
20263,0.3969,0,NORMAL,10.8,3.2,3.7,8.9
20264,0.9981,0,WARNING,12.4,16.7,4.8,9.3
20265,0.6122,0,WARNING,10.8,3.3,14.5,14.5
20266,0.3156,0,NORMAL,10.7,2.7,7.4,9.4
20267,0.3215,0,NORMAL,10.7,2.4,5.7,8.8
20268,0.3407,0,NORMAL,10.7,2.5,6.2,9.4
20269,0.1799,0,NORMAL,10.8,2.5,5.8,9.1
20270,0.612,0,WARNING,10.8,4.6,14.5,15.1
20271,0.3167,0,NORMAL,10.7,2.4,7.2,9.1
20272,0.3882,0,NORMAL,10.7,2.7,4.8,9.4
20273,0.5379,0,NORMAL,10.7,2.9,4.3,10.2
20274,1.0,0,ANOMALY,12.8,16.8,4.3,9.9
20275,0.559,0,NORMAL,10.7,3.5,12.5,15.6
20276,0.3167,0,NORMAL,10.6,2.3,6.7,8.5
20277,0.3543,0,NORMAL,10.6,2.9,5.2,8.2
20278,0.1885,0,NORMAL,10.6,2.2,5.4,8.4
20279,0.1626,0,NORMAL,10.6,1.8,5.1,8.2
20280,0.4808,0,NORMAL,10.7,3.1,10.6,11.5
20281,0.3887,0,NORMAL,10.7,2.7,9.7,10.7
20282,0.2051,0,NORMAL,10.7,1.8,5.7,8.5
20283,0.1966,0,NORMAL,10.6,1.8,5.5,8.4
20284,1.0,0,ANOMALY,13.3,17.8,4.9,8.3
20285,0.3202,0,NORMAL,10.6,2.1,7.3,9.7
20286,0.5275,0,NORMAL,10.6,2.8,12.0,12.3
20287,0.4942,0,NORMAL,10.5,1.7,4.0,9.5
20288,0.4946,0,NORMAL,10.5,2.6,3.9,9.4
20289,0.3955,0,NORMAL,10.6,2.9,4.3,9.1
20290,0.9958,0,WARNING,10.5,2.8,5.5,11.3
20291,0.6238,0,WARNING,10.7,4.6,14.3,14.0
20292,0.3468,0,NORMAL,10.5,1.9,2.6,7.4
20293,0.3386,0,NORMAL,10.5,1.8,2.3,8.1
20294,1.0,0,WARNING,12.3,15.4,2.3,8.1
20295,0.1546,0,NORMAL,10.5,2.0,2.0,7.1
20296,0.4808,0,NORMAL,10.6,3.0,10.6,12.0
20297,0.2194,0,NORMAL,10.5,2.3,2.0,7.4
20298,0.2769,0,NORMAL,10.4,2.1,2.3,8.2
20299,0.339,0,NORMAL,10.4,3.1,2.2,8.4
20300,0.3956,0,NORMAL,10.4,2.3,2.5,8.5
20301,0.5067,0,NORMAL,10.5,3.6,11.2,13.8
20302,0.3062,0,NORMAL,10.4,2.4,2.8,7.3
20303,0.2984,0,NORMAL,10.4,1.7,2.2,7.3
20304,1.0,0,ANOMALY,13.7,18.4,2.1,7.9
20305,0.3376,0,NORMAL,10.4,2.5,2.2,8.1
20306,0.5042,0,NORMAL,10.5,4.2,11.2,13.6
20307,0.253,0,NORMAL,10.4,1.6,2.5,8.0
20308,0.1779,0,NORMAL,10.4,2.4,2.2,7.8
20309,0.2106,0,NORMAL,10.4,2.8,2.1,7.2
20310,0.1964,0,NORMAL,10.4,2.2,3.0,8.2
20311,0.5585,0,NORMAL,10.5,4.4,12.6,14.2
20312,0.3115,0,NORMAL,10.4,3.1,4.3,7.6
20313,0.2535,0,NORMAL,10.4,2.5,2.2,7.1
20314,1.0,0,ANOMALY,12.6,17.3,2.1,7.8
20315,0.1821,0,NORMAL,10.4,2.6,2.6,8.0
20316,0.5047,0,NORMAL,10.5,4.0,11.3,13.7
20317,0.4943,0,NORMAL,10.4,3.1,4.3,9.0
20318,0.3952,0,NORMAL,10.4,2.6,2.6,8.5
20319,0.3388,0,NORMAL,10.4,2.5,2.5,8.5
20320,0.9913,0,WARNING,10.4,2.7,2.4,10.1
20321,0.4919,0,NORMAL,10.5,4.2,11.0,12.6
20322,0.328,0,NORMAL,10.4,2.5,2.1,7.8
20323,0.1731,0,NORMAL,10.5,2.4,2.2,7.5
20324,1.0,0,ANOMALY,12.9,17.7,2.1,7.3
20325,0.5043,0,NORMAL,10.5,3.3,2.9,7.6
20326,0.6278,0,WARNING,10.5,4.1,14.0,13.7
20327,0.4871,0,NORMAL,10.5,4.2,5.2,8.4
20328,0.395,0,NORMAL,10.4,2.1,2.4,8.5
20329,0.3618,0,NORMAL,10.4,3.2,2.4,7.9
20330,0.5825,0,NORMAL,10.4,3.8,2.2,7.2
20331,0.3203,0,NORMAL,10.4,3.8,7.7,10.8
20332,0.2046,0,NORMAL,10.4,3.2,5.8,9.9
20333,0.173,0,NORMAL,10.4,1.9,2.2,7.8
20334,1.0,0,ANOMALY,13.7,18.0,2.1,7.3
20335,0.3082,0,NORMAL,10.4,2.6,2.1,7.2
20336,0.3952,0,NORMAL,10.4,2.6,4.4,9.7
20337,0.4092,0,NORMAL,10.5,3.5,9.7,13.0
20338,0.3951,0,NORMAL,10.4,2.3,2.3,8.8
20339,0.1809,0,NORMAL,10.4,2.0,2.4,8.1
20340,0.1859,0,NORMAL,10.4,2.3,2.1,7.5
20341,0.1463,0,NORMAL,10.4,2.4,2.1,7.5
20342,0.5067,0,NORMAL,10.5,3.8,11.0,13.3
20343,0.3384,0,NORMAL,10.4,1.8,3.2,8.6
20344,1.0,0,ANOMALY,14.4,19.8,4.0,8.7
20345,0.3604,0,NORMAL,10.4,2.5,5.6,8.3
20346,0.1944,0,NORMAL,10.4,2.8,4.3,8.4
20347,0.6253,0,WARNING,10.5,3.4,14.2,15.2
20348,0.3949,0,NORMAL,10.5,2.9,6.9,9.9
20349,0.2837,0,NORMAL,10.5,3.1,7.0,9.2
20350,0.9977,0,WARNING,10.5,2.4,5.3,11.8
20351,0.3885,0,NORMAL,10.5,2.1,4.6,8.3
20352,0.8404,0,WARNING,10.9,6.3,11.8,13.5
20353,0.3898,0,NORMAL,10.5,2.6,3.6,5.8
20354,1.0,0,ANOMALY,12.6,16.7,2.3,8.0
20355,0.4465,0,NORMAL,10.5,2.1,3.4,8.9
20356,0.1685,0,NORMAL,10.5,1.9,4.3,8.2
20357,0.5016,0,NORMAL,10.6,3.5,11.6,14.1
20358,0.2471,0,NORMAL,10.5,1.4,3.8,6.2
20359,0.5775,0,NORMAL,10.5,2.3,2.5,9.2
20360,0.3084,0,NORMAL,10.5,1.4,1.9,6.1
20361,0.1409,0,NORMAL,10.4,1.8,1.6,5.7
20362,0.475,0,NORMAL,10.5,2.6,10.5,11.3
20363,0.2765,0,NORMAL,10.5,1.6,1.9,7.7
20364,1.0,0,WARNING,12.4,16.1,2.6,9.7
20365,0.6767,0,WARNING,10.5,2.8,2.7,9.8
20366,0.5378,0,NORMAL,10.5,2.1,2.5,9.0
20367,0.4931,0,NORMAL,10.6,3.4,11.3,14.0
20368,0.2936,0,NORMAL,10.5,2.1,3.9,8.3
20369,0.5774,0,NORMAL,10.5,1.9,2.6,9.3
20370,0.538,0,NORMAL,10.4,1.8,2.6,9.2
20371,0.4474,0,NORMAL,10.4,2.2,2.7,8.9
20372,0.6138,0,WARNING,10.6,3.2,11.6,14.9
20373,0.6466,0,WARNING,10.5,1.2,4.5,9.6
20374,0.9969,0,WARNING,11.8,15.7,3.3,8.6
20375,0.3078,0,NORMAL,10.4,1.9,1.9,5.7
20376,0.2145,0,NORMAL,10.4,2.1,1.7,7.0
20377,0.647,0,WARNING,10.5,3.0,9.9,14.1
20378,0.3952,0,NORMAL,10.4,2.0,5.4,9.5
20379,0.3385,0,NORMAL,10.4,2.3,2.4,8.5
20380,0.9953,0,WARNING,10.5,2.7,2.3,10.3
20381,0.3061,0,NORMAL,10.5,2.1,1.9,7.4
20382,0.6772,0,WARNING,10.5,3.2,7.0,12.4
20383,0.6468,0,WARNING,10.5,2.4,7.6,12.1
20384,1.0,0,ANOMALY,13.0,17.5,2.7,9.6
20385,0.3375,0,NORMAL,10.5,2.2,2.8,8.5
20386,0.2134,0,NORMAL,10.5,2.4,3.6,8.5
20387,0.3694,0,NORMAL,10.5,2.2,5.7,9.2
20388,0.5776,0,NORMAL,10.6,3.1,10.4,13.8
20389,0.6467,0,WARNING,10.5,2.3,3.2,9.5
20390,0.3954,0,NORMAL,10.5,1.5,2.6,8.2
20391,0.6138,0,WARNING,10.5,2.4,2.5,9.2
20392,0.647,0,WARNING,10.5,2.3,2.6,9.5
20393,0.6469,0,WARNING,10.6,3.1,11.5,15.1
20394,1.0,0,ANOMALY,12.7,16.5,3.0,9.7
20395,0.6462,0,WARNING,10.5,2.2,2.6,9.5
20396,0.5377,0,NORMAL,10.5,2.1,2.6,9.0
20397,0.3955,0,NORMAL,10.5,2.4,3.0,9.0
20398,0.5403,0,NORMAL,10.6,3.8,12.1,14.5
20399,0.311,0,NORMAL,10.5,2.6,5.5,9.1
20400,0.2611,0,NORMAL,10.5,1.9,5.4,8.1
20401,0.3835,0,NORMAL,10.5,2.3,5.4,8.3
20402,0.351,0,NORMAL,10.5,2.3,5.6,8.2
20403,0.6198,0,WARNING,10.6,3.4,14.7,14.1
20404,1.0,0,ANOMALY,13.8,18.2,6.5,7.8
20405,0.3941,0,NORMAL,10.6,3.0,5.0,8.0
20406,0.354,0,NORMAL,10.5,2.0,5.1,7.7
20407,0.1695,0,NORMAL,10.5,2.5,4.2,8.1
20408,0.6772,0,WARNING,10.6,3.1,11.8,15.1
20409,0.207,0,NORMAL,10.5,1.9,5.3,8.0
20410,0.9994,0,WARNING,10.5,2.3,3.9,10.8
20411,0.3204,0,NORMAL,10.5,2.1,2.7,8.3
20412,0.5977,0,NORMAL,10.6,3.2,2.5,9.0
20413,0.4716,0,NORMAL,10.7,2.7,10.9,12.7
20414,1.0,0,ANOMALY,12.7,16.4,3.5,7.8
20415,0.6765,0,WARNING,10.5,2.1,2.3,9.5
20416,0.5774,0,NORMAL,10.5,1.8,2.5,9.1
20417,0.2091,0,NORMAL,10.5,2.2,2.5,8.2
20418,0.4959,0,NORMAL,10.6,3.5,11.1,12.7
20419,0.6631,0,WARNING,10.6,3.2,3.9,7.5
20420,0.5724,0,NORMAL,10.6,3.1,2.2,8.1
20421,0.2616,0,NORMAL,10.6,2.8,2.4,7.9
20422,0.387,0,NORMAL,10.6,3.0,2.2,7.1
20423,0.5238,0,NORMAL,10.7,3.2,11.6,13.9
20424,1.0,0,ANOMALY,13.9,18.3,4.0,9.0
20425,0.446,0,NORMAL,10.6,2.0,2.8,8.7
20426,0.5377,0,NORMAL,10.6,2.3,2.3,8.8
20427,0.1652,0,NORMAL,10.6,1.8,2.3,7.5
20428,0.3802,0,NORMAL,10.6,2.6,8.9,11.1
20429,0.1816,0,NORMAL,10.6,2.4,4.9,8.2
20430,0.3074,0,NORMAL,10.6,1.6,1.8,6.7
20431,0.2158,0,NORMAL,10.5,1.9,1.8,6.7
20432,0.2236,0,NORMAL,10.5,1.9,1.7,7.2
20433,0.647,0,WARNING,10.5,2.6,7.0,12.1
20434,1.0,0,ANOMALY,14.5,19.7,7.6,12.0
20435,0.6459,0,WARNING,10.5,2.0,2.7,9.3
20436,0.6466,0,WARNING,10.5,2.0,2.6,9.2
20437,0.3388,0,NORMAL,10.5,2.3,2.6,8.1
20438,0.3077,0,NORMAL,10.5,2.9,4.2,8.9
20439,0.4098,0,NORMAL,10.6,2.9,9.8,11.4
20440,0.9974,0,WARNING,10.5,2.6,2.1,10.2
20441,0.3473,0,NORMAL,10.5,2.1,2.1,8.1
20442,0.209,0,NORMAL,10.5,2.0,2.3,7.8
20443,0.2931,0,NORMAL,10.5,2.8,2.2,6.8
20444,0.999,0,WARNING,12.3,17.9,10.8,12.4
20445,0.3971,0,NORMAL,10.5,2.4,2.1,7.8
20446,0.3877,0,NORMAL,10.5,1.8,4.6,7.8
20447,0.2443,0,NORMAL,10.5,1.9,5.0,7.7
20448,0.3024,0,NORMAL,10.5,1.7,5.0,7.7
20449,0.6037,0,WARNING,10.6,2.6,13.9,13.1
20450,0.3141,0,NORMAL,10.5,1.9,5.7,7.7
20451,0.3253,0,NORMAL,10.5,1.7,5.1,7.5
20452,0.2136,0,NORMAL,10.5,1.7,5.0,7.7
20453,0.3371,0,NORMAL,10.5,2.0,5.1,7.3
20454,1.0,0,ANOMALY,14.0,19.6,14.1,13.2
20455,0.5445,0,NORMAL,10.5,1.2,5.9,7.3
20456,0.1717,0,NORMAL,10.5,2.1,2.2,6.7
20457,0.7373,0,WARNING,10.8,3.9,1.9,6.7
20458,0.3036,0,NORMAL,10.5,2.5,1.7,7.2
20459,0.5778,0,NORMAL,10.6,2.6,10.9,14.2
20460,0.677,0,WARNING,10.5,1.9,3.1,9.2
20461,0.6468,0,WARNING,10.5,1.8,2.6,9.0
20462,0.6138,0,WARNING,10.5,1.5,2.5,8.8
20463,0.647,0,WARNING,10.5,2.0,2.6,9.1
20464,1.0,0,WARNING,12.4,17.1,11.2,13.7
20465,0.4494,0,NORMAL,10.5,1.8,4.0,7.4
20466,0.1541,0,NORMAL,10.5,2.3,1.9,6.5
20467,0.5271,0,NORMAL,10.5,2.8,1.9,6.8
20468,0.1271,0,NORMAL,10.5,2.0,2.5,7.2
20469,0.5601,0,NORMAL,10.6,3.4,12.8,13.2
20470,0.9932,0,WARNING,10.6,2.0,6.8,10.2
20471,0.3781,0,NORMAL,10.6,1.4,4.0,7.9
20472,0.1359,0,NORMAL,10.6,2.3,4.1,7.9
20473,0.1445,0,NORMAL,10.6,2.1,5.0,7.8
20474,1.0,0,ANOMALY,13.7,19.1,13.9,13.0
20475,0.4989,0,NORMAL,10.6,2.1,4.1,7.4
20476,0.276,0,NORMAL,10.6,1.9,2.0,7.7
20477,0.3873,0,NORMAL,10.6,2.0,2.0,7.2
20478,0.2689,0,NORMAL,10.6,1.4,1.9,6.7
20479,0.4162,0,NORMAL,10.6,3.4,9.4,11.9
20480,0.3386,0,NORMAL,10.5,2.8,4.0,8.9
20481,0.2289,0,NORMAL,10.5,1.9,2.2,7.4
20482,0.2768,0,NORMAL,10.5,2.5,3.1,8.0
20483,0.1669,0,NORMAL,10.5,1.9,2.1,6.8
20484,1.0,0,ANOMALY,13.1,18.1,6.3,9.4
20485,0.3935,0,NORMAL,10.6,3.7,8.3,11.1
20486,0.4984,0,NORMAL,10.5,2.6,5.4,8.7
20487,0.4944,0,NORMAL,10.2,2.0,4.0,8.8
20488,0.5776,0,NORMAL,10.2,1.7,3.4,9.1
20489,0.538,0,NORMAL,10.2,2.7,5.4,10.1
20490,0.4946,0,NORMAL,10.3,3.1,10.0,12.8
20491,0.3383,0,NORMAL,10.3,1.8,2.8,8.0
20492,0.284,0,NORMAL,10.3,1.9,2.1,7.3
20493,0.3066,0,NORMAL,10.3,2.2,1.8,6.5
20494,1.0,0,ANOMALY,13.8,19.0,1.7,6.5
20495,0.4848,0,NORMAL,10.4,2.8,10.7,12.5
20496,0.4941,0,NORMAL,10.3,2.2,2.9,8.6
20497,0.6468,0,WARNING,10.3,1.6,2.4,8.9
20498,0.5777,0,NORMAL,10.3,1.8,3.3,9.0
20499,0.2769,0,NORMAL,10.3,1.9,2.2,7.6
20500,0.994,0,WARNING,10.4,2.8,11.2,16.0
20501,0.5116,0,NORMAL,10.3,2.0,3.5,6.6
20502,0.2347,0,NORMAL,10.3,2.1,1.8,6.9
20503,0.2352,0,NORMAL,10.4,2.4,1.9,7.1
20504,1.0,0,ANOMALY,13.7,18.2,2.0,7.3
20505,0.4865,0,NORMAL,10.5,3.6,10.8,12.3
20506,0.3019,0,NORMAL,10.4,2.4,1.6,6.8
20507,0.3387,0,NORMAL,10.4,2.3,1.9,7.8
20508,0.4474,0,NORMAL,10.4,1.8,2.1,8.2
20509,0.3082,0,NORMAL,10.4,2.2,4.8,7.3
20510,0.5737,0,NORMAL,10.5,4.0,13.3,13.4
20511,0.5375,0,NORMAL,10.4,1.9,5.6,8.9
20512,0.5374,0,NORMAL,10.4,2.7,5.3,7.4
20513,0.3031,0,NORMAL,10.3,2.0,2.7,7.9
20514,1.0,0,ANOMALY,13.8,18.6,2.1,6.7
20515,0.4895,0,NORMAL,10.4,3.4,10.8,12.2
20516,0.3011,0,NORMAL,10.3,2.8,1.8,6.9
20517,0.8102,0,WARNING,10.6,4.8,2.0,7.2
20518,0.2779,0,NORMAL,10.3,2.3,2.0,7.1
20519,0.2725,0,NORMAL,10.3,2.4,1.8,6.6
20520,0.4857,0,NORMAL,10.5,3.2,10.6,12.6
20521,0.2764,0,NORMAL,10.4,2.5,3.8,8.2
20522,0.7403,0,WARNING,10.6,3.8,7.4,7.9
20523,0.7494,0,WARNING,10.5,3.5,7.6,8.0
20524,1.0,0,ANOMALY,13.5,19.0,7.8,7.9
20525,0.8594,0,WARNING,10.6,5.0,16.8,13.5
20526,0.7518,0,WARNING,10.6,3.6,9.5,8.1
20527,0.7568,0,WARNING,10.6,3.5,7.8,8.0
20528,0.6678,0,WARNING,10.5,3.1,6.5,8.1
20529,0.4771,0,NORMAL,10.4,1.5,2.7,6.6
20530,0.9958,0,WARNING,10.4,3.4,9.8,14.4
20531,0.4157,0,NORMAL,10.4,2.4,4.7,7.5
20532,0.3385,0,NORMAL,10.4,2.3,2.0,7.6
20533,0.3956,0,NORMAL,10.4,1.9,2.0,7.9
20534,1.0,0,ANOMALY,12.6,16.7,2.1,7.7
20535,0.2453,0,NORMAL,10.4,2.9,6.6,9.6
20536,0.2273,0,NORMAL,10.4,2.7,6.4,9.3
20537,0.2483,0,NORMAL,10.4,2.4,2.1,7.5
20538,0.2501,0,NORMAL,10.4,2.8,1.7,6.3
20539,0.277,0,NORMAL,10.4,2.2,2.0,7.8
20540,0.3938,0,NORMAL,10.4,3.5,4.0,8.8
20541,0.3938,0,NORMAL,10.4,3.1,9.3,11.6
20542,0.3951,0,NORMAL,10.4,2.8,2.3,8.1
20543,0.6105,0,WARNING,10.5,3.3,3.2,7.6
20544,1.0,0,ANOMALY,13.5,18.4,4.3,8.1
20545,0.3287,0,NORMAL,10.4,2.9,4.6,7.6
20546,0.4832,0,NORMAL,10.5,2.8,11.3,13.0
20547,0.3949,0,NORMAL,10.4,2.3,3.1,8.1
20548,0.3087,0,NORMAL,10.4,2.4,2.2,7.7
20549,0.8611,0,WARNING,10.6,4.0,3.9,7.9
20550,0.5677,0,NORMAL,10.5,3.1,3.6,7.8
20551,0.4881,0,NORMAL,10.5,2.7,11.0,13.7
20552,0.2966,0,NORMAL,10.4,2.1,2.9,6.7
20553,0.1578,0,NORMAL,10.4,2.1,1.9,6.7
20554,1.0,0,ANOMALY,13.6,18.1,1.9,7.5
20555,0.2721,0,NORMAL,10.4,1.8,1.9,7.6
20556,0.4825,0,NORMAL,10.5,3.1,10.7,12.5
20557,0.237,0,NORMAL,10.4,2.0,1.7,6.9
20558,0.2091,0,NORMAL,10.4,2.3,2.1,7.7
20559,0.1432,0,NORMAL,10.4,2.5,1.9,6.9
20560,0.9947,0,WARNING,10.4,2.9,2.1,9.8
20561,0.4897,0,NORMAL,10.5,3.7,10.8,12.5
20562,0.3266,0,NORMAL,10.4,2.6,1.9,6.9
20563,0.3234,0,NORMAL,10.4,2.7,2.0,7.9
20564,1.0,0,ANOMALY,13.9,18.9,2.1,8.1
20565,0.3944,0,NORMAL,10.5,2.5,2.2,8.3
20566,0.4921,0,NORMAL,10.6,3.2,10.9,12.4
20567,0.2317,0,NORMAL,10.5,2.8,2.4,6.9
20568,0.1551,0,NORMAL,10.5,2.1,1.9,7.6
20569,0.339,0,NORMAL,10.5,2.7,2.1,8.2
20570,0.3956,0,NORMAL,10.5,2.7,2.2,8.4
20571,0.4985,0,NORMAL,10.6,3.4,11.1,13.2
20572,0.311,0,NORMAL,10.5,2.8,3.1,6.9
20573,0.5691,0,NORMAL,10.6,3.9,1.9,6.9
20574,1.0,0,ANOMALY,14.6,19.9,2.0,7.0
20575,0.3672,0,NORMAL,10.5,2.6,2.0,7.3
20576,0.5378,0,NORMAL,10.6,2.8,11.9,14.6
20577,0.6753,0,WARNING,10.9,4.7,5.7,7.8
20578,0.447,0,NORMAL,10.5,2.0,2.7,8.1
20579,0.218,0,NORMAL,10.5,1.5,1.6,5.4
20580,0.3058,0,NORMAL,10.5,1.5,1.5,5.4
20581,0.4114,0,NORMAL,10.5,1.9,9.2,11.2
20582,0.3386,0,NORMAL,10.5,2.5,4.0,9.2
20583,0.3532,0,NORMAL,10.5,2.6,2.0,7.7
20584,1.0,0,ANOMALY,12.7,16.4,2.3,9.0
20585,0.2313,0,NORMAL,10.6,1.5,1.8,5.9
20586,0.5273,0,NORMAL,10.6,3.2,6.4,9.4
20587,0.6137,0,WARNING,10.6,3.0,6.6,11.6
20588,0.6137,0,WARNING,10.5,1.6,2.4,9.1
20589,0.538,0,NORMAL,10.5,1.6,2.5,8.9
20590,0.9982,0,WARNING,10.5,2.5,2.5,11.4
20591,0.3392,0,NORMAL,10.6,3.1,4.3,9.5
20592,0.3939,0,NORMAL,10.7,3.4,9.4,12.1
20593,0.2763,0,NORMAL,10.6,1.8,2.7,8.0
20594,1.0,0,WARNING,12.4,16.4,2.6,9.1
20595,0.6463,0,WARNING,10.6,2.1,2.7,9.2
20596,0.6136,0,WARNING,10.5,1.6,2.6,9.1
20597,0.6138,0,WARNING,10.6,3.4,11.4,14.7
20598,0.6135,0,WARNING,10.5,1.4,3.5,9.3
20599,0.1172,0,NORMAL,10.5,1.9,2.2,7.3
20600,0.2091,0,NORMAL,10.5,2.5,2.1,7.9
20601,0.1376,0,NORMAL,10.5,1.7,2.0,7.3
20602,0.4869,0,NORMAL,10.7,3.0,10.6,12.6
20603,0.3901,0,NORMAL,10.5,2.7,2.6,8.0
20604,1.0,0,ANOMALY,15.1,20.5,3.5,8.4
20605,0.3987,0,NORMAL,10.6,2.0,4.8,8.2
20606,0.7341,0,WARNING,10.7,3.5,5.1,7.8
20607,0.4941,0,NORMAL,10.7,4.0,11.5,13.5
20608,0.4468,0,NORMAL,10.6,2.4,3.3,9.0
20609,0.1809,0,NORMAL,10.6,2.2,3.7,7.8
20610,0.1304,0,NORMAL,10.6,1.7,3.6,7.4
20611,0.3956,0,NORMAL,10.6,1.7,2.5,8.4
20612,0.4696,0,NORMAL,10.7,2.7,10.8,12.4
20613,0.2708,0,NORMAL,10.6,2.0,3.6,7.0
20614,1.0,0,ANOMALY,12.8,17.0,1.8,6.9
20615,0.2052,0,NORMAL,10.6,1.8,1.9,7.0
20616,0.2211,0,NORMAL,10.6,2.3,1.9,6.9
20617,0.4774,0,NORMAL,10.7,3.2,10.8,12.6
20618,0.2774,0,NORMAL,10.6,1.7,1.9,7.3
20619,0.2177,0,NORMAL,10.6,2.4,2.2,7.6
20620,0.9913,0,WARNING,10.8,3.5,2.1,10.0
20621,0.4376,0,NORMAL,10.7,2.9,1.8,7.4
20622,0.538,0,NORMAL,10.7,2.9,11.0,14.5
20623,0.4469,0,NORMAL,10.6,2.5,3.2,8.7
20624,1.0,0,ANOMALY,13.8,18.5,2.4,8.9
20625,0.2618,0,NORMAL,10.7,2.4,2.3,8.1
20626,0.3952,0,NORMAL,10.6,2.4,2.4,8.9
20627,0.5343,0,NORMAL,10.7,3.2,11.9,14.6
20628,0.2773,0,NORMAL,10.6,2.1,6.4,8.3
20629,0.1183,0,NORMAL,10.6,1.8,3.4,7.8
20630,0.118,0,NORMAL,10.6,2.1,2.1,7.3
20631,0.1451,0,NORMAL,10.6,2.1,1.9,7.1
20632,0.4313,0,NORMAL,10.7,3.5,9.7,12.0
20633,0.2677,0,NORMAL,10.6,2.8,3.7,8.2
20634,1.0,0,WARNING,12.4,16.6,2.2,8.5
20635,0.3082,0,NORMAL,10.6,2.2,2.1,7.5
20636,0.217,0,NORMAL,10.6,2.7,2.0,7.2
20637,0.675,0,WARNING,10.9,4.6,6.4,10.2
20638,0.5323,0,NORMAL,10.7,3.0,6.9,11.3
20639,0.4623,0,NORMAL,10.7,2.8,3.3,8.5
20640,0.4208,0,NORMAL,10.7,1.9,4.8,7.7
20641,0.3753,0,NORMAL,10.7,1.6,4.9,7.9
20642,0.4242,0,NORMAL,10.6,2.9,7.2,8.9
20643,0.5367,0,NORMAL,10.7,3.1,12.3,12.2
20644,1.0,0,ANOMALY,14.5,19.3,5.1,7.8
20645,0.4133,0,NORMAL,10.6,2.1,5.2,7.9
20646,0.3271,0,NORMAL,10.6,2.3,5.2,7.9
20647,0.305,0,NORMAL,10.6,2.3,5.1,7.9
20648,0.6079,0,WARNING,10.7,3.1,13.9,13.5
20649,0.2602,0,NORMAL,10.6,2.4,4.2,8.3
20650,0.9971,0,WARNING,10.6,2.4,3.1,11.6
20651,0.3891,0,NORMAL,10.6,2.6,2.2,7.1
20652,0.367,0,NORMAL,10.6,3.4,2.1,7.2
20653,0.4982,0,NORMAL,10.7,3.2,10.8,13.0
20654,1.0,0,ANOMALY,14.4,19.3,2.4,8.5
20655,0.4461,0,NORMAL,10.6,2.8,2.3,8.7
20656,0.5244,0,NORMAL,10.7,3.4,2.3,8.0
20657,0.4505,0,NORMAL,10.6,2.7,2.2,8.0
20658,0.5059,0,NORMAL,10.7,2.9,11.5,14.3
20659,0.3952,0,NORMAL,10.6,2.1,3.5,8.5
20660,0.3387,0,NORMAL,10.6,2.4,3.0,8.4
20661,0.2063,0,NORMAL,10.6,2.3,3.1,7.7
20662,0.3388,0,NORMAL,10.6,2.2,3.5,8.6
20663,0.5009,0,NORMAL,10.7,3.2,11.4,13.0
20664,1.0,0,ANOMALY,13.8,19.1,3.8,7.2
20665,0.366,0,NORMAL,10.6,2.0,2.1,7.2
20666,0.3863,0,NORMAL,10.6,2.4,2.6,7.5
20667,0.2165,0,NORMAL,10.5,1.8,2.6,7.0
20668,0.527,0,NORMAL,10.6,2.4,11.5,12.7
20669,0.3385,0,NORMAL,10.6,2.0,3.1,8.4
20670,0.6469,0,WARNING,10.6,2.1,2.5,9.4
20671,0.6469,0,WARNING,10.5,1.5,2.5,9.4
20672,0.6469,0,WARNING,10.5,1.7,2.6,9.5
20673,0.6469,0,WARNING,10.7,2.9,11.5,15.0
20674,1.0,0,ANOMALY,14.5,19.3,4.1,9.3
20675,0.646,0,WARNING,10.6,2.0,2.6,9.4
20676,0.6467,0,WARNING,10.5,2.5,2.5,9.4
20677,0.6469,0,WARNING,10.6,2.2,2.5,9.5
20678,0.5522,0,NORMAL,10.7,2.7,12.8,14.0
20679,0.2785,0,NORMAL,10.6,2.6,7.0,8.0
20680,0.9989,0,WARNING,10.6,2.3,3.3,12.5
20681,0.6769,0,WARNING,10.5,1.9,2.7,9.6
20682,0.6771,0,WARNING,10.5,2.1,2.7,9.6
20683,0.6469,0,WARNING,10.5,2.9,10.1,14.0
20684,1.0,0,ANOMALY,14.8,19.4,7.2,9.6
20685,0.4454,0,NORMAL,10.6,2.1,3.4,8.8
20686,0.1701,0,NORMAL,10.5,2.2,2.0,6.0
20687,0.1591,0,NORMAL,10.5,1.4,1.7,5.7
20688,0.2291,0,NORMAL,10.5,2.3,6.0,8.5
20689,0.2681,0,NORMAL,10.5,2.5,7.1,10.7
20690,0.3091,0,NORMAL,10.5,1.1,4.5,8.9
20691,0.219,0,NORMAL,10.5,1.8,2.9,7.7
20692,0.6138,0,WARNING,10.5,2.0,2.4,9.2
20693,0.6469,0,WARNING,10.5,1.7,4.4,10.6
20694,1.0,0,ANOMALY,14.4,19.6,9.9,13.8
20695,0.6459,0,WARNING,10.5,1.8,2.9,9.4
20696,0.6769,0,WARNING,10.5,1.7,2.7,9.6
20697,0.7405,0,WARNING,10.7,3.8,2.7,9.4
20698,0.5381,0,NORMAL,10.5,2.0,2.7,9.1
20699,0.4752,0,NORMAL,10.6,3.4,10.8,11.1
20700,0.447,0,NORMAL,10.4,1.8,3.3,8.6
20701,0.5775,0,NORMAL,10.5,1.6,2.5,8.8
20702,0.1576,0,NORMAL,10.5,1.7,1.8,5.6
20703,0.2541,0,NORMAL,10.5,1.2,1.7,5.8
20704,1.0,0,ANOMALY,13.1,18.2,11.2,13.9
20705,0.5138,0,NORMAL,10.5,2.3,3.2,8.6
20706,0.5033,0,NORMAL,10.5,2.4,2.9,8.9
20707,0.5776,0,NORMAL,10.5,2.5,2.8,9.2
20708,0.5777,0,NORMAL,10.5,1.8,2.5,9.1
20709,0.5381,0,NORMAL,10.6,3.2,11.3,14.4
20710,0.9958,0,WARNING,10.5,1.4,3.8,11.9
20711,0.6466,0,WARNING,10.5,1.6,2.6,9.3
20712,0.5379,0,NORMAL,10.5,2.1,2.5,9.0
20713,0.6469,0,WARNING,10.5,1.1,2.5,9.3
20714,1.0,0,ANOMALY,14.2,19.6,11.7,14.8
20715,0.5175,0,NORMAL,10.5,2.5,5.5,7.5
20716,0.3948,0,NORMAL,10.5,1.9,3.4,8.8
20717,0.2303,0,NORMAL,10.6,2.0,4.5,8.6
20718,0.1349,0,NORMAL,10.5,1.6,3.5,8.2
20719,0.5381,0,NORMAL,10.6,2.9,11.7,14.4
20720,0.4616,0,NORMAL,10.5,2.3,5.7,8.6
20721,0.3086,0,NORMAL,10.5,2.1,4.4,7.5
20722,0.3067,0,NORMAL,10.5,2.1,4.3,8.2
20723,0.4473,0,NORMAL,10.5,1.5,3.6,9.0
20724,1.0,0,ANOMALY,13.9,19.2,12.7,14.5
20725,0.546,0,NORMAL,10.5,2.1,3.8,7.1
20726,0.5218,0,NORMAL,10.5,2.7,1.8,6.9
20727,0.4268,0,NORMAL,10.6,2.4,1.8,7.6
20728,0.5778,0,NORMAL,10.5,1.9,2.2,9.0
20729,0.647,0,WARNING,10.6,3.2,11.4,14.8
20730,0.6467,0,WARNING,10.5,2.1,4.3,9.1
20731,0.6468,0,WARNING,10.5,1.8,2.6,9.2
20732,0.6469,0,WARNING,10.5,2.3,2.6,9.2
20733,0.6469,0,WARNING,10.5,1.9,2.8,9.3
20734,1.0,0,ANOMALY,12.8,17.6,10.5,14.2
20735,0.6461,0,WARNING,10.5,2.9,5.2,9.9
20736,0.6465,0,WARNING,10.5,1.6,2.4,9.1
20737,0.6469,0,WARNING,10.5,1.7,2.6,9.2
20738,0.647,0,WARNING,10.5,1.7,2.5,9.2
20739,0.647,0,WARNING,10.5,2.7,7.5,12.2
20740,0.998,0,WARNING,10.5,2.5,7.6,14.9
20741,0.6465,0,WARNING,10.5,1.6,2.7,9.3
20742,0.6771,0,WARNING,10.5,2.5,2.7,9.5
20743,0.6772,0,WARNING,10.5,2.1,2.7,9.4
20744,1.0,0,ANOMALY,13.7,18.5,4.4,10.3
20745,0.5768,0,NORMAL,10.5,3.1,10.0,13.4
20746,0.4466,0,NORMAL,10.6,2.0,3.7,8.7
20747,0.1741,0,NORMAL,10.5,2.3,4.2,7.7
20748,1.0,0,ANOMALY,10.6,2.1,6.1,10.5
20749,0.2814,0,NORMAL,10.6,1.5,6.5,8.1
20750,0.6466,0,WARNING,10.6,3.3,15.4,13.7
20751,0.3295,0,NORMAL,10.6,2.2,7.4,8.1
20752,0.2215,0,NORMAL,10.5,1.7,6.3,8.1
20753,0.2463,0,NORMAL,10.6,1.9,6.4,8.0
20754,1.0,0,ANOMALY,12.5,16.0,4.8,7.8
20755,0.5873,0,NORMAL,10.6,3.0,13.4,13.0
20756,0.3128,0,NORMAL,10.5,1.7,6.1,7.6
20757,0.6365,0,WARNING,10.6,3.4,2.7,7.6
20758,0.4947,0,NORMAL,10.5,1.8,2.2,8.5
20759,0.339,0,NORMAL,10.4,1.4,2.1,7.9
20760,0.5382,0,NORMAL,10.6,3.4,11.0,14.0
20761,0.3911,0,NORMAL,10.5,1.7,4.8,8.1
20762,0.3306,0,NORMAL,10.5,2.0,5.0,7.4
20763,0.3022,0,NORMAL,10.5,1.8,5.0,7.6
20764,1.0,0,ANOMALY,15.0,19.9,5.1,7.4
20765,0.6082,0,WARNING,10.6,3.6,14.0,13.0
20766,0.369,0,NORMAL,10.4,1.9,6.7,7.4
20767,0.3063,0,NORMAL,10.4,2.1,5.0,7.7
20768,0.2613,0,NORMAL,10.5,1.8,5.0,7.3
20769,0.3242,0,NORMAL,10.5,1.9,5.0,7.5
20770,0.998,0,WARNING,10.6,3.0,13.3,15.9
20771,0.5042,0,NORMAL,10.4,1.7,4.3,8.1
20772,0.1476,0,NORMAL,10.4,1.7,1.9,6.5
20773,0.1422,0,NORMAL,10.4,1.9,1.7,6.4
20774,1.0,0,ANOMALY,12.8,16.8,1.7,6.8
20775,0.47,0,NORMAL,10.5,2.9,10.5,12.5
20776,0.7854,0,WARNING,10.6,2.9,2.9,8.7
20777,0.3095,0,NORMAL,10.5,2.0,3.6,7.4
20778,0.5776,0,NORMAL,10.5,2.3,2.8,8.8
20779,0.6139,0,WARNING,10.5,1.8,2.8,9.0
20780,0.6139,0,WARNING,10.5,2.6,11.6,14.4
20781,0.5377,0,NORMAL,10.4,2.1,4.6,8.8
20782,0.1671,0,NORMAL,10.4,2.5,2.4,7.4
20783,0.2767,0,NORMAL,10.4,2.4,2.4,7.9
20784,1.0,0,ANOMALY,13.3,17.3,2.4,8.8
20785,0.6132,0,WARNING,10.4,2.9,10.3,13.4
20786,0.277,0,NORMAL,10.4,2.0,6.5,7.9
20787,0.2764,0,NORMAL,10.4,2.4,2.7,7.8
20788,0.538,0,NORMAL,10.4,2.2,2.2,8.4
20789,0.1965,0,NORMAL,10.4,1.6,2.2,7.1
20790,0.2979,0,NORMAL,10.4,2.5,7.5,10.7
20791,0.6137,0,WARNING,10.5,2.6,6.5,10.6
20792,0.5377,0,NORMAL,10.4,1.9,2.2,8.2
20793,0.759,0,WARNING,10.7,3.3,2.3,7.7
20794,1.0,0,ANOMALY,13.5,17.8,1.7,6.3
20795,0.6463,0,WARNING,10.5,2.6,4.4,10.0
20796,0.4944,0,NORMAL,10.5,2.5,9.7,12.4
20797,0.3951,0,NORMAL,10.5,2.0,3.0,7.9
20798,0.4473,0,NORMAL,10.5,2.5,2.4,8.0
20799,0.6139,0,WARNING,10.5,2.3,2.2,8.6
20800,0.9902,0,WARNING,10.5,1.9,2.4,11.2
20801,0.6468,0,WARNING,10.6,3.1,10.9,13.9
20802,0.5772,0,NORMAL,10.5,1.7,2.4,8.3
20803,0.3954,0,NORMAL,10.5,1.8,2.1,7.4
20804,1.0,0,ANOMALY,14.8,19.6,2.0,7.5
20805,0.3253,0,NORMAL,10.5,1.6,1.8,6.5
20806,0.4699,0,NORMAL,10.6,3.0,10.4,11.6
20807,0.3951,0,NORMAL,10.5,2.5,1.9,7.5
20808,0.3377,0,NORMAL,10.5,2.1,2.0,6.9
20809,0.307,0,NORMAL,10.5,2.1,3.3,6.9
20810,0.2934,0,NORMAL,10.5,2.7,4.1,6.6
20811,0.591,0,NORMAL,10.6,3.1,13.2,12.4
20812,0.3285,0,NORMAL,10.5,1.6,5.7,6.7
20813,0.259,0,NORMAL,10.5,1.9,4.4,7.2
20814,1.0,0,ANOMALY,12.7,16.5,4.4,6.6
20815,0.2666,0,NORMAL,10.5,1.5,4.4,6.9
20816,0.5913,0,NORMAL,10.6,3.1,13.3,12.1
20817,1.0,0,ANOMALY,13.4,23.8,5.0,7.8
20818,0.5376,0,NORMAL,8.9,2.3,2.2,8.0
20819,0.6469,0,WARNING,8.9,1.8,2.3,8.4
20820,0.647,0,WARNING,8.9,1.6,2.2,8.4
20821,0.6139,0,WARNING,8.9,2.4,11.3,13.6
20822,0.4944,0,NORMAL,8.9,2.1,3.8,7.7
20823,0.6137,0,WARNING,8.9,2.0,2.2,8.0
20824,1.0,0,ANOMALY,14.3,20.9,2.2,8.0
20825,0.5369,0,NORMAL,8.9,1.9,2.2,7.7
20826,0.4809,0,NORMAL,8.9,2.9,10.8,12.8
20827,0.2085,0,NORMAL,9.0,1.9,4.1,6.9
20828,0.2245,0,NORMAL,8.9,1.4,1.4,5.4
20829,0.277,0,NORMAL,9.0,1.9,2.3,7.1
20830,0.9958,0,WARNING,9.0,2.3,2.2,11.0
20831,0.6771,0,WARNING,9.2,2.6,11.2,14.2
20832,0.8113,0,WARNING,9.2,2.3,4.7,10.0
20833,0.677,0,WARNING,9.2,1.9,4.3,9.7
20834,1.0,0,ANOMALY,11.2,16.3,3.8,10.3
20835,0.7934,0,WARNING,9.1,2.0,2.9,9.8
20836,0.5774,0,NORMAL,9.2,2.8,11.6,13.1
20837,0.9999,0,WARNING,9.0,1.7,3.5,4.9
20838,0.2303,0,NORMAL,9.1,1.7,1.9,6.2
20839,0.277,0,NORMAL,9.1,2.3,1.9,6.7
20840,0.3059,0,NORMAL,9.1,3.0,1.6,5.6
20841,0.2754,0,NORMAL,9.2,3.1,6.8,8.9
20842,0.6137,0,WARNING,9.2,2.4,5.8,9.9
20843,0.6468,0,WARNING,9.2,1.6,2.2,8.6
20844,1.0,0,ANOMALY,12.8,18.9,2.4,8.7
20845,0.5768,0,NORMAL,9.1,2.9,2.5,8.9
20846,0.6136,0,WARNING,9.2,2.6,4.6,10.0
20847,0.4118,0,NORMAL,9.2,2.2,9.8,10.7
20848,0.2196,0,NORMAL,9.2,2.3,3.1,5.7
20849,0.2157,0,NORMAL,9.2,1.9,3.0,6.0
20850,0.2235,0,NORMAL,9.2,1.8,3.0,5.8
20851,0.1767,0,NORMAL,9.2,1.8,3.1,6.0
20852,0.4858,0,NORMAL,9.2,3.0,11.0,12.3
20853,0.4469,0,NORMAL,9.2,1.5,2.7,7.0
20854,0.9966,0,WARNING,10.8,15.2,1.9,7.0
20855,0.3079,0,NORMAL,9.1,1.9,1.7,6.1
20856,0.3069,0,NORMAL,9.2,1.2,1.4,5.2
20857,0.4696,0,NORMAL,9.3,3.2,10.2,10.8
20858,0.2615,0,NORMAL,9.2,1.5,1.5,5.6
20859,0.1258,0,NORMAL,9.2,2.3,1.4,5.5
20860,0.994,0,WARNING,9.2,2.4,1.6,8.2
20861,0.3953,0,NORMAL,9.2,2.5,1.7,6.9
20862,0.5776,0,NORMAL,9.2,3.4,10.8,12.8
20863,0.5377,0,NORMAL,9.2,1.7,1.8,7.1
20864,1.0,0,ANOMALY,14.7,21.9,2.0,7.3
20865,0.5766,0,NORMAL,9.2,2.1,2.1,7.2
20866,0.3384,0,NORMAL,9.2,2.5,1.7,6.5
20867,0.5381,0,NORMAL,9.4,3.2,10.5,12.6
20868,0.6136,0,WARNING,9.2,1.7,3.0,7.5
20869,0.3387,0,NORMAL,9.2,1.6,1.7,7.1
20870,0.7049,0,WARNING,9.2,1.6,2.1,8.5
20871,0.7302,0,WARNING,9.2,1.3,2.0,8.6
20872,0.6139,0,WARNING,9.3,2.9,11.3,13.8
20873,0.7046,0,WARNING,9.2,1.8,3.7,8.9
20874,1.0,0,ANOMALY,11.5,16.6,2.4,8.8
20875,0.4938,0,NORMAL,9.2,1.5,2.2,8.1
20876,0.4945,0,NORMAL,9.3,2.4,2.2,8.2
20877,0.4947,0,NORMAL,9.4,3.4,11.0,13.7
20878,0.447,0,NORMAL,9.3,2.8,3.7,7.6
20879,0.3535,0,NORMAL,9.3,2.5,1.7,5.6
20880,0.3857,0,NORMAL,9.3,1.5,1.4,4.8
20881,0.1692,0,NORMAL,9.3,1.4,1.3,5.0
20882,0.4694,0,NORMAL,9.3,2.7,10.0,10.8
20883,0.5774,0,NORMAL,9.3,1.9,2.5,7.8
20884,1.0,0,ANOMALY,13.1,18.8,1.9,7.6
20885,0.6462,0,WARNING,9.3,2.2,2.1,8.4
20886,0.7743,0,WARNING,9.4,3.5,2.4,9.1
20887,0.5776,0,NORMAL,9.4,2.7,10.4,12.3
20888,0.3114,0,NORMAL,9.3,1.8,3.6,5.6
20889,0.1213,0,NORMAL,9.3,1.6,1.3,4.9
20890,0.998,0,WARNING,9.3,1.4,1.3,8.0
20891,0.2675,0,NORMAL,9.4,1.9,1.7,5.7
20892,0.2901,0,NORMAL,9.4,2.8,6.9,8.6
20893,0.1993,0,NORMAL,9.4,2.4,5.5,7.4
20894,1.0,0,ANOMALY,12.9,18.3,1.5,5.0
20895,0.3861,0,NORMAL,9.4,2.3,1.4,5.0
20896,0.2154,0,NORMAL,9.4,1.8,1.3,4.9
20897,0.1699,0,NORMAL,9.4,1.8,3.4,6.3
20898,0.3736,0,NORMAL,9.4,2.8,7.8,9.2
20899,0.1687,0,NORMAL,9.4,1.9,1.4,5.0
20900,0.2041,0,NORMAL,9.4,1.6,1.3,4.9
20901,0.1781,0,NORMAL,9.4,1.8,1.3,4.9
20902,0.3061,0,NORMAL,9.4,1.3,1.4,4.9
20903,0.4693,0,NORMAL,9.4,2.8,10.0,10.4
20904,1.0,0,ANOMALY,13.5,19.4,1.4,5.3
20905,0.4087,0,NORMAL,9.5,2.3,1.3,4.9
20906,0.1816,0,NORMAL,9.4,2.0,1.3,5.0
20907,0.1504,0,NORMAL,9.4,1.6,1.3,4.9
20908,0.4695,0,NORMAL,9.4,3.1,10.1,10.3
20909,0.2183,0,NORMAL,9.4,1.7,1.3,4.9
20910,0.2166,0,NORMAL,9.4,1.7,1.3,4.8
20911,0.3061,0,NORMAL,9.5,2.0,1.4,4.8
20912,0.1982,0,NORMAL,9.5,1.7,1.3,4.8
20913,0.4748,0,NORMAL,9.6,3.6,10.2,10.5
20914,1.0,0,ANOMALY,11.8,16.5,1.3,4.8
20915,0.2821,0,NORMAL,9.5,2.4,1.3,4.8
20916,0.1295,0,NORMAL,9.5,1.7,1.3,4.8
20917,0.339,0,NORMAL,9.5,1.5,1.6,6.1
20918,0.4695,0,NORMAL,9.5,2.8,10.2,10.4
20919,0.3099,0,NORMAL,9.5,1.7,1.3,4.7
20920,0.998,0,WARNING,9.5,1.6,1.4,7.9
20921,0.2965,0,NORMAL,9.6,1.8,1.4,4.8
20922,0.1934,0,NORMAL,9.5,1.8,1.3,4.8
20923,0.4748,0,NORMAL,9.6,3.0,10.2,10.3
20924,1.0,0,ANOMALY,13.1,18.7,1.3,4.7
20925,0.3237,0,NORMAL,9.6,2.5,1.3,4.7
20926,0.386,0,NORMAL,9.6,1.5,1.3,4.6
20927,0.2547,0,NORMAL,9.7,1.3,1.2,4.6
20928,0.4695,0,NORMAL,9.7,3.4,10.1,10.2
20929,0.2226,0,NORMAL,9.6,1.9,1.4,5.2
20930,0.1515,0,NORMAL,9.6,1.5,1.2,4.8
20931,0.4091,0,NORMAL,9.7,3.1,1.1,4.8
20932,0.9152,0,WARNING,10.0,5.1,1.8,6.2
20933,0.5776,0,NORMAL,9.6,2.7,10.8,12.4
20934,1.0,0,ANOMALY,11.9,16.0,4.4,6.5
20935,0.3941,0,NORMAL,9.6,1.8,2.7,6.4
20936,0.5377,0,NORMAL,9.6,1.4,2.7,6.9
20937,0.2091,0,NORMAL,9.7,1.9,1.8,5.4
20938,0.4585,0,NORMAL,9.7,2.9,9.9,10.0
20939,0.2374,0,NORMAL,9.7,2.0,3.3,4.8
20940,0.2015,0,NORMAL,9.7,1.6,1.2,5.2
20941,0.3956,0,NORMAL,9.7,1.6,1.9,6.4
20942,0.4475,0,NORMAL,9.7,1.6,2.1,6.2
20943,0.4474,0,NORMAL,9.7,2.3,8.5,9.9
20944,1.0,0,ANOMALY,13.8,19.7,8.8,7.6
20945,0.5027,0,NORMAL,9.7,2.0,4.4,5.4
20946,0.1452,0,NORMAL,9.7,1.4,4.4,5.4
20947,0.1816,0,NORMAL,9.7,1.3,3.0,5.2
20948,0.5777,0,NORMAL,9.7,2.1,4.5,8.3
20949,0.5603,0,NORMAL,9.8,2.7,12.0,10.0
20950,0.9768,0,WARNING,9.7,1.6,3.0,9.4
20951,0.5773,0,NORMAL,9.7,1.7,2.2,6.8
20952,0.1436,0,NORMAL,9.7,1.7,3.7,6.2
20953,0.4048,0,NORMAL,9.8,2.3,4.4,5.4
20954,0.9966,0,WARNING,11.0,14.6,12.9,11.3
20955,0.5766,0,NORMAL,9.8,2.5,3.3,6.9
20956,0.6135,0,WARNING,9.8,2.1,2.2,7.0
20957,0.5776,0,NORMAL,9.8,2.0,2.8,6.9
20958,0.277,0,NORMAL,9.7,1.8,2.0,5.8
20959,0.4696,0,NORMAL,9.7,2.7,10.4,10.8
20960,0.9999,0,WARNING,9.6,1.9,1.5,6.4
20961,0.9999,0,WARNING,9.6,1.3,1.7,6.6
20962,0.2092,0,NORMAL,9.7,1.8,1.6,5.6
20963,0.277,0,NORMAL,9.7,1.6,2.2,5.9
20964,1.0,0,ANOMALY,12.4,18.8,10.7,11.7
20965,0.5765,0,NORMAL,9.7,1.7,3.5,6.7
20966,0.5375,0,NORMAL,9.7,1.8,2.3,6.6
20967,0.6138,0,WARNING,9.7,1.9,2.1,6.8
20968,0.647,0,WARNING,9.8,2.4,2.1,7.1
20969,0.647,0,WARNING,9.8,3.4,10.9,13.0
20970,0.9999,0,WARNING,9.6,1.9,3.6,6.6
20971,0.9999,0,WARNING,9.6,1.8,1.7,6.5
20972,0.7613,0,WARNING,9.9,2.7,1.8,6.7
20973,0.8763,0,WARNING,9.9,3.3,1.8,6.1
20974,1.0,0,WARNING,11.5,16.8,10.4,10.8
20975,0.9999,0,WARNING,9.6,2.1,3.1,6.4
20976,0.9999,0,WARNING,9.6,1.2,1.7,7.1
20977,0.3955,0,NORMAL,9.8,2.6,2.3,6.2
20978,0.9436,0,WARNING,10.3,5.1,6.9,7.9
20979,0.7533,0,WARNING,10.4,3.9,12.3,14.1
20980,0.9923,0,WARNING,10.3,1.8,4.9,11.1
20981,0.5117,0,NORMAL,10.3,1.8,4.4,7.1
20982,0.6137,0,WARNING,10.3,2.6,3.3,7.8
20983,0.8559,0,WARNING,10.3,1.6,2.6,9.4
20984,1.0,0,ANOMALY,12.6,18.6,11.5,14.5
20985,0.9999,0,WARNING,10.2,2.2,3.2,4.9
20986,0.5376,0,NORMAL,10.3,1.3,1.8,6.5
20987,0.4543,0,NORMAL,10.2,1.8,2.0,5.2
20988,0.4477,0,NORMAL,10.3,2.0,1.7,6.1
20989,0.5778,0,NORMAL,10.2,2.8,10.3,11.8
20990,0.959,0,WARNING,10.6,6.8,9.0,8.0
20991,1.0,0,ANOMALY,11.1,10.1,17.4,10.3
20992,1.0,0,ANOMALY,11.2,12.5,20.5,10.9
20993,0.8181,0,WARNING,10.5,2.8,3.0,5.7
20994,1.0,0,ANOMALY,12.9,17.3,6.9,9.0
20995,0.5549,0,NORMAL,10.5,3.2,6.0,8.2
20996,0.5392,0,NORMAL,10.4,1.9,1.7,5.6
20997,0.5268,0,NORMAL,10.4,1.6,2.5,6.5
20998,0.7619,0,WARNING,10.6,3.3,2.5,5.9
20999,0.8943,0,WARNING,10.6,3.4,3.6,7.2
21000,0.9044,0,WARNING,10.7,4.6,9.1,9.6
21001,0.942,0,WARNING,10.6,3.7,2.7,4.6
21002,0.7289,0,WARNING,10.5,4.4,2.6,4.7
21003,0.5794,0,NORMAL,10.5,2.7,2.5,4.6
21004,0.9963,0,WARNING,11.9,14.7,2.6,4.6
21005,0.9349,0,WARNING,10.8,4.7,11.4,10.1
21006,0.4915,0,NORMAL,10.4,1.7,3.4,4.6
21007,0.4752,0,NORMAL,10.4,2.2,1.7,5.9
21008,0.6139,0,WARNING,10.4,1.6,1.6,6.6
21009,0.9999,0,WARNING,10.3,1.4,1.6,5.3
21010,0.9967,0,WARNING,10.5,4.1,10.2,12.8
21011,0.5297,0,NORMAL,10.3,2.3,1.4,4.5
21012,0.5615,0,NORMAL,10.4,2.5,1.2,4.3
21013,0.9999,0,WARNING,10.3,3.1,1.1,4.8
21014,1.0,0,ANOMALY,13.3,17.4,1.1,4.7
21015,0.5373,0,NORMAL,10.3,2.5,10.2,11.6
21016,0.4123,0,NORMAL,10.3,1.8,1.3,5.6
21017,0.5776,0,NORMAL,10.3,2.3,1.5,6.4
21018,0.4475,0,NORMAL,10.3,1.9,2.4,6.3
21019,0.3489,0,NORMAL,10.2,1.5,5.2,5.6
21020,0.65,0,WARNING,10.4,3.2,14.5,10.9
21021,0.3888,0,NORMAL,10.3,1.8,7.2,5.4
21022,0.3657,0,NORMAL,10.3,1.8,5.7,5.4
21023,0.365,0,NORMAL,10.3,2.3,5.5,5.4
21024,0.9998,0,WARNING,12.0,15.1,5.7,5.6
21025,0.6505,0,WARNING,10.3,2.9,14.5,11.0
21026,0.3507,0,NORMAL,10.3,1.7,7.3,5.4
21027,0.3427,0,NORMAL,10.2,2.3,5.6,5.5
21028,0.4152,0,NORMAL,10.3,2.2,2.4,4.5
21029,0.3813,0,NORMAL,10.3,2.2,1.1,4.1
21030,0.5132,0,NORMAL,10.3,3.3,9.8,9.5
21031,0.9999,0,WARNING,10.1,2.1,1.0,4.1
21032,0.3188,0,NORMAL,10.2,1.5,1.1,4.1
21033,0.9999,0,WARNING,10.1,1.4,1.0,4.2
21034,1.0,0,ANOMALY,13.5,17.8,1.0,4.1
21035,0.4698,0,NORMAL,10.2,3.1,9.9,10.5
21036,0.9999,0,WARNING,10.1,1.3,1.9,5.8
21037,0.9999,0,WARNING,10.1,1.4,1.3,5.8
21038,0.9999,0,WARNING,10.1,1.5,1.2,4.2
21039,0.9999,0,WARNING,10.1,1.4,1.0,4.1
21040,0.984,0,WARNING,10.6,4.6,9.7,12.0
21041,0.9999,0,WARNING,10.1,2.1,1.7,4.3
21042,0.9999,0,WARNING,10.1,1.7,1.0,4.1
21043,0.9999,0,WARNING,10.1,1.6,1.1,5.0
21044,1.0,0,ANOMALY,13.0,16.7,1.4,5.8
21045,0.3875,0,NORMAL,10.2,1.7,6.4,7.4
21046,0.2924,0,NORMAL,10.2,2.0,5.7,6.3
21047,0.3853,0,NORMAL,10.2,2.5,1.0,4.1
21048,0.2945,0,NORMAL,10.3,2.8,1.0,4.1
21049,0.2827,0,NORMAL,10.2,1.5,1.1,4.4
21050,0.4475,0,NORMAL,10.2,2.1,3.5,7.1
21051,0.3668,0,NORMAL,10.2,3.0,8.6,9.7
21052,0.9999,0,WARNING,10.1,1.6,1.1,5.5
21053,0.9999,0,WARNING,10.1,2.0,1.2,6.2
21054,1.0,0,ANOMALY,13.4,17.5,3.2,5.9
21055,0.2985,0,NORMAL,10.3,2.4,5.2,5.3
21056,0.5912,0,NORMAL,10.4,2.8,13.0,11.1
21057,0.9999,0,WARNING,10.2,1.8,1.5,4.1
21058,0.9999,0,WARNING,10.1,1.8,1.0,5.0
21059,0.9999,0,WARNING,10.1,1.7,1.4,6.4
21060,0.9999,0,WARNING,10.1,1.6,1.5,6.3
21061,0.6773,0,WARNING,10.2,2.5,10.7,12.5
21062,0.9999,0,WARNING,10.1,1.8,2.9,4.6
21063,0.3769,0,NORMAL,10.2,2.7,1.6,5.7
21064,0.9997,0,WARNING,11.9,15.2,2.9,7.5
21065,0.3946,0,NORMAL,10.2,2.0,3.0,7.0
21066,0.4945,0,NORMAL,10.2,2.5,10.6,11.5
21067,0.265,0,NORMAL,10.2,1.3,2.7,5.1
21068,0.4946,0,NORMAL,10.2,1.6,1.3,5.8
21069,0.9999,0,WARNING,10.1,1.5,1.3,5.7
21070,0.9999,0,WARNING,10.0,1.6,1.4,8.6
21071,0.4694,0,NORMAL,10.2,2.5,10.0,9.7
21072,0.2998,0,NORMAL,10.2,1.8,2.2,4.1
21073,0.9999,0,WARNING,10.1,1.7,1.0,4.0
21074,0.9964,0,WARNING,11.6,15.0,1.0,4.0
21075,0.9697,0,WARNING,10.6,4.9,1.1,4.4
21076,0.4641,0,NORMAL,10.1,2.9,10.1,11.2
21077,0.273,0,NORMAL,10.1,1.6,1.8,5.6
21078,0.2061,0,NORMAL,10.1,1.8,1.7,5.2
21079,0.5777,0,NORMAL,10.1,1.8,1.9,7.0
21080,0.2464,0,NORMAL,10.1,1.9,2.5,5.8
21081,0.4749,0,NORMAL,10.1,2.4,10.2,9.6
21082,0.9999,0,WARNING,10.1,1.5,2.6,5.2
21083,0.6468,0,WARNING,10.2,2.0,1.8,7.6
21084,0.9997,0,WARNING,11.9,14.7,1.6,6.7
21085,0.9999,0,WARNING,10.0,1.8,1.4,6.2
21086,0.4642,0,NORMAL,10.2,2.6,10.4,11.0
21087,0.2764,0,NORMAL,10.2,1.8,3.3,5.3
21088,0.3953,0,NORMAL,10.1,1.7,1.6,5.6
21089,0.9999,0,WARNING,10.0,1.6,1.8,6.3
21090,0.9999,0,WARNING,10.0,1.9,2.0,6.0
21091,0.3734,0,NORMAL,10.2,2.1,8.3,8.3
21092,0.3079,0,NORMAL,10.2,1.9,3.9,5.2
21093,0.9999,0,WARNING,10.1,1.8,1.1,5.5
21094,1.0,0,ANOMALY,12.8,17.0,3.7,6.8
21095,0.3099,0,NORMAL,10.1,2.4,4.0,6.0
21096,0.4056,0,NORMAL,10.2,2.7,8.6,8.7
21097,0.3932,0,NORMAL,10.2,2.1,9.0,8.5
21098,0.9999,0,WARNING,10.1,1.9,1.3,4.4
21099,0.5381,0,NORMAL,10.2,1.6,1.7,6.1
21100,0.9932,0,WARNING,10.3,2.8,2.7,9.2
21101,0.2682,0,NORMAL,10.2,1.4,5.4,7.1
21102,0.5119,0,NORMAL,10.3,2.7,11.4,10.8
21103,0.4942,0,NORMAL,10.2,1.6,5.1,7.9
21104,1.0,0,ANOMALY,12.8,16.6,4.9,8.0
21105,0.537,0,NORMAL,10.2,1.9,4.8,8.0
21106,0.6467,0,WARNING,10.2,2.0,4.8,8.4
21107,0.7532,0,WARNING,10.3,2.9,12.6,13.7
21108,0.6135,0,WARNING,10.2,1.6,2.7,6.3
21109,0.3081,0,NORMAL,10.2,2.5,1.9,4.3
21110,0.1747,0,NORMAL,10.2,1.6,1.7,4.1
21111,0.3611,0,NORMAL,10.2,2.1,1.7,4.1
21112,0.5067,0,NORMAL,10.2,2.3,10.6,9.5
21113,0.2674,0,NORMAL,10.2,1.3,2.4,4.4
21114,1.0,0,ANOMALY,15.6,20.7,1.4,6.0
21115,0.9999,0,WARNING,10.2,1.9,1.3,5.9
21116,0.9999,0,WARNING,10.1,1.4,1.6,6.2
21117,0.647,0,WARNING,10.2,2.3,10.5,12.0
21118,0.9999,0,WARNING,10.3,3.7,3.4,6.5
21119,0.2164,0,NORMAL,10.3,1.5,2.7,5.3
21120,0.928,0,WARNING,10.5,1.6,6.5,5.6
21121,0.9987,0,WARNING,10.6,1.9,10.2,6.2
21122,1.0,0,WARNING,10.7,2.0,13.5,6.9
21123,1.0,0,WARNING,10.9,1.5,14.1,7.9
21124,1.0,0,ANOMALY,13.6,16.9,13.4,9.2
21125,0.9998,0,WARNING,11.1,2.4,11.8,9.0
21126,0.9996,0,WARNING,11.0,2.0,11.6,9.4
21127,0.9768,0,WARNING,10.9,1.7,8.9,8.5
21128,0.7552,0,WARNING,10.7,4.7,19.7,15.9
21129,0.9999,0,WARNING,10.4,1.4,4.0,5.5
21130,0.9999,0,WARNING,10.4,1.3,1.3,8.2
21131,0.9999,0,WARNING,10.3,1.6,1.4,6.0
21132,0.614,0,WARNING,10.4,2.6,10.2,11.8
21133,0.9999,0,WARNING,10.3,1.2,2.9,5.5
21134,1.0,0,ANOMALY,12.6,16.0,1.5,6.5
21135,0.9999,0,WARNING,10.2,1.8,1.5,6.5
21136,0.9999,0,WARNING,10.2,1.8,1.5,6.5
21137,0.6139,0,WARNING,10.3,2.5,10.4,11.8
21138,0.9999,0,WARNING,10.2,1.6,3.1,6.3
21139,0.9999,0,WARNING,10.2,1.8,1.3,4.1
21140,0.9999,0,WARNING,10.2,1.3,1.1,4.1
21141,0.9999,0,WARNING,10.1,1.2,1.1,4.8
21142,0.3668,0,NORMAL,10.2,2.3,8.0,9.4
21143,0.5379,0,NORMAL,10.3,1.6,4.2,7.2
21144,1.0,0,ANOMALY,12.5,16.0,1.3,6.1
21145,0.9999,0,WARNING,10.1,1.9,1.4,5.7
21146,0.9999,0,WARNING,10.1,1.2,1.4,6.0
21147,0.3956,0,NORMAL,10.2,1.7,5.8,8.3
21148,0.4946,0,NORMAL,10.2,2.1,6.8,8.6
21149,0.1662,0,NORMAL,10.2,1.4,1.2,4.5
21150,0.9999,0,WARNING,10.2,2.1,1.3,5.7
21151,0.9999,0,WARNING,10.1,1.4,1.2,5.6
21152,0.211,0,NORMAL,10.3,1.6,3.0,5.1
21153,0.4474,0,NORMAL,10.2,2.2,8.3,9.9
21154,1.0,0,ANOMALY,14.5,19.9,1.3,6.2
21155,0.9999,0,WARNING,10.1,2.4,1.2,4.3
21156,0.1659,0,NORMAL,10.2,1.8,1.1,4.4
21157,0.9999,0,WARNING,10.1,1.2,0.9,3.9
21158,0.4695,0,NORMAL,10.2,2.7,9.7,9.5
21159,0.2856,0,NORMAL,10.2,2.1,0.9,4.3
21160,0.9999,0,WARNING,10.1,1.3,1.1,7.9
21161,0.9999,0,WARNING,10.1,1.5,1.2,6.0
21162,0.3956,0,NORMAL,10.2,1.7,2.0,6.2
21163,0.4948,0,NORMAL,10.2,2.6,10.4,11.3
21164,1.0,0,ANOMALY,12.3,15.5,1.6,5.0
21165,0.9999,0,WARNING,10.1,2.0,1.1,4.1
21166,0.1874,0,NORMAL,10.2,1.6,0.9,3.9
21167,0.2228,0,NORMAL,10.2,1.2,1.1,4.2
21168,0.4695,0,NORMAL,10.2,2.5,9.8,10.1
21169,0.4471,0,NORMAL,10.3,2.1,1.5,5.7
21170,0.9999,0,WARNING,10.1,1.5,1.0,4.4
21171,0.9999,0,WARNING,10.1,1.5,1.3,5.0
21172,0.2163,0,NORMAL,10.2,1.4,1.0,3.9
21173,0.4693,0,NORMAL,10.2,2.4,9.9,9.5
21174,1.0,0,ANOMALY,13.6,18.1,1.2,4.2
21175,0.3737,0,NORMAL,10.2,1.5,1.8,4.6
21176,0.1897,0,NORMAL,10.2,1.3,1.8,4.7
21177,0.2494,0,NORMAL,10.2,2.2,1.9,4.8
21178,0.4964,0,NORMAL,10.2,2.9,10.4,9.9
21179,0.389,0,NORMAL,10.3,1.7,1.5,4.8
21180,0.2769,0,NORMAL,10.3,1.4,1.3,5.2
21181,0.1568,0,NORMAL,10.2,1.7,1.0,4.2
21182,0.1961,0,NORMAL,10.2,1.6,1.0,4.0
21183,0.4693,0,NORMAL,10.3,3.3,9.9,9.5
21184,0.9962,0,WARNING,11.4,13.6,1.2,4.0
21185,0.9999,0,WARNING,10.1,1.9,0.8,4.7
21186,0.9999,0,WARNING,10.1,1.5,1.3,6.3
21187,0.9999,0,WARNING,10.1,2.3,1.4,6.3
21188,0.6139,0,WARNING,10.3,2.7,10.3,11.7
21189,0.5377,0,NORMAL,10.3,1.6,3.4,6.1
21190,0.9947,0,WARNING,10.6,1.7,4.1,8.9
21191,0.5773,0,NORMAL,10.6,1.5,2.5,6.5
21192,0.5775,0,NORMAL,10.6,1.6,2.3,6.5
21193,0.447,0,NORMAL,10.7,2.0,9.9,10.2
21194,1.0,0,ANOMALY,13.9,18.7,5.0,7.0
21195,0.6129,0,WARNING,10.5,2.5,1.6,6.3
21196,0.5774,0,NORMAL,10.4,1.3,2.3,6.4
21197,0.6139,0,WARNING,10.5,2.0,1.7,6.4
21198,0.6139,0,WARNING,10.6,2.1,6.9,9.4
21199,0.4685,0,NORMAL,10.7,2.6,7.6,8.8
21200,0.3385,0,NORMAL,10.6,1.6,3.0,6.0
21201,0.4946,0,NORMAL,10.4,2.1,2.8,6.4
21202,0.9276,0,WARNING,10.7,2.9,4.6,6.1
21203,1.0,0,WARNING,10.9,3.1,7.4,6.7
21204,1.0,0,ANOMALY,13.9,19.0,13.3,10.2
21205,0.942,0,WARNING,10.9,2.5,5.1,5.6
21206,0.4185,0,NORMAL,10.5,1.8,1.8,4.6
21207,0.3685,0,NORMAL,10.4,2.1,1.3,5.5
21208,0.3275,0,NORMAL,10.4,1.8,1.4,5.1
21209,0.4751,0,NORMAL,10.5,3.3,10.1,10.1
21210,0.6577,0,WARNING,10.5,2.4,1.3,6.1
21211,0.6772,0,WARNING,10.3,1.6,1.6,6.5
21212,0.5777,0,NORMAL,10.5,2.4,2.2,6.4
21213,0.3389,0,NORMAL,10.5,1.3,3.0,5.9
21214,1.0,0,ANOMALY,13.4,18.1,12.4,10.4
21215,0.5346,0,NORMAL,10.6,2.5,2.3,4.6
21216,0.3382,0,NORMAL,10.6,1.8,2.4,5.8
21217,0.3955,0,NORMAL,10.6,2.7,2.8,6.0
21218,0.9999,0,WARNING,10.5,2.1,1.6,5.1
21219,0.4696,0,NORMAL,10.6,3.5,10.4,10.9
21220,0.9953,0,WARNING,10.6,2.0,2.9,8.7
21221,0.3244,0,NORMAL,10.6,2.2,1.3,4.9
21222,0.4947,0,NORMAL,10.5,1.6,1.6,6.3
21223,0.9999,0,WARNING,10.4,3.1,1.7,6.6
21224,1.0,0,ANOMALY,13.0,17.9,10.5,12.5
21225,0.9999,0,WARNING,10.4,2.0,3.0,4.8
21226,0.3068,0,NORMAL,10.5,1.5,1.1,4.7
21227,0.2605,0,NORMAL,10.7,2.5,5.9,6.4
21228,0.306,0,NORMAL,10.8,2.5,6.9,6.6
21229,0.6855,0,WARNING,11.0,4.3,15.7,12.1
21230,0.3719,0,NORMAL,10.9,2.8,8.5,6.5
21231,0.325,0,NORMAL,10.8,2.0,6.9,6.6
21232,0.3243,0,NORMAL,10.8,2.7,6.8,6.4
21233,0.3386,0,NORMAL,10.7,2.0,4.3,6.6
21234,1.0,0,ANOMALY,13.3,18.9,10.6,10.9
21235,0.4268,0,NORMAL,10.7,2.0,3.0,4.8
21236,0.3033,0,NORMAL,10.7,2.5,1.6,5.0
21237,0.6139,0,WARNING,10.7,2.4,1.7,7.0
21238,0.9999,0,WARNING,10.6,2.7,1.9,7.2
21239,0.6773,0,WARNING,10.7,3.3,10.6,12.6
21240,0.677,0,WARNING,10.7,2.0,3.5,7.3
21241,0.9999,0,WARNING,10.5,1.8,1.7,6.4
21242,0.538,0,NORMAL,10.7,2.3,1.9,6.7
21243,0.3073,0,NORMAL,10.6,2.7,4.3,5.8
21244,1.0,0,ANOMALY,14.1,19.9,12.3,10.6
21245,0.5452,0,NORMAL,10.7,2.6,5.7,7.4
21246,0.9999,0,WARNING,10.6,2.0,1.8,5.7
21247,0.9999,0,WARNING,10.7,3.3,1.3,5.2
21248,0.9999,0,WARNING,10.5,1.3,1.7,6.8
21249,0.4949,0,NORMAL,10.7,2.4,6.4,9.2
21250,0.9913,0,WARNING,10.7,2.4,7.5,10.5
21251,0.4232,0,NORMAL,10.7,1.7,1.5,5.0
21252,0.2765,0,NORMAL,10.6,2.4,1.8,5.7
21253,0.4948,0,NORMAL,10.6,2.3,1.7,6.6
21254,1.0,0,ANOMALY,13.2,17.4,3.6,7.4
21255,0.973,0,WARNING,11.0,4.7,8.9,9.5
21256,0.5609,0,NORMAL,10.8,2.3,1.9,4.9
21257,0.9999,0,WARNING,10.6,2.0,1.3,5.0
21258,0.3057,0,NORMAL,10.7,2.0,1.4,5.0
21259,0.1807,0,NORMAL,10.7,2.2,1.5,5.1
21260,0.4694,0,NORMAL,10.7,2.7,10.0,10.5
21261,0.2716,0,NORMAL,10.7,1.7,1.3,5.2
21262,0.1668,0,NORMAL,10.6,1.9,1.3,4.9
21263,0.1687,0,NORMAL,10.6,1.5,1.3,5.1
21264,1.0,0,ANOMALY,13.1,17.0,1.3,5.1
21265,0.4753,0,NORMAL,10.6,2.9,10.5,11.3
21266,0.3125,0,NORMAL,10.6,1.8,1.5,5.0
21267,0.1548,0,NORMAL,10.6,1.6,1.3,5.4
21268,0.2323,0,NORMAL,10.6,1.3,1.3,5.1
21269,0.1614,0,NORMAL,10.6,2.2,1.6,5.3
21270,0.4639,0,NORMAL,10.6,3.0,10.1,10.6
21271,0.2798,0,NORMAL,10.6,1.7,1.6,5.6
21272,0.1444,0,NORMAL,10.6,2.4,1.5,5.2
21273,0.216,0,NORMAL,10.6,2.4,1.4,5.8
21274,1.0,0,ANOMALY,17.0,22.3,1.7,6.5
21275,0.5299,0,NORMAL,10.7,3.8,11.6,12.9
21276,0.3945,0,NORMAL,10.6,2.0,5.4,7.4
21277,0.5773,1,NORMAL,10.6,2.2,3.8,7.9
21278,0.4946,1,NORMAL,10.6,2.3,3.7,7.6
21279,0.6138,1,WARNING,10.6,2.6,3.5,7.9
21280,1.0,1,ANOMALY,23.6,6.1,20.0,15.8
21281,1.0,1,ANOMALY,40.7,3.6,11.7,7.7
21282,1.0,1,ANOMALY,47.8,1.5,9.9,10.1
21283,1.0,1,ANOMALY,51.1,3.9,13.3,10.8
21284,1.0,1,ANOMALY,53.0,15.8,4.4,7.3
21285,1.0,1,ANOMALY,52.0,3.8,11.4,10.6
21286,1.0,1,ANOMALY,35.3,2.2,3.0,5.3
21287,1.0,1,ANOMALY,22.6,2.0,2.1,6.6
21288,1.0,0,ANOMALY,20.1,1.4,3.1,5.9
21289,1.0,0,ANOMALY,18.4,2.2,3.2,5.9
21290,1.0,0,ANOMALY,17.2,3.2,11.4,11.1
21291,1.0,0,ANOMALY,16.1,2.4,3.5,6.2
21292,1.0,0,ANOMALY,15.1,1.5,1.7,6.2
21293,1.0,0,ANOMALY,14.4,2.4,1.7,5.7
21294,1.0,0,ANOMALY,17.5,18.3,2.0,6.7
21295,1.0,0,ANOMALY,13.2,2.9,9.7,10.5
21296,1.0,0,ANOMALY,12.7,2.7,4.9,8.2
21297,1.0,0,ANOMALY,12.3,2.4,2.2,7.7
21298,1.0,0,ANOMALY,11.9,2.0,2.2,6.4
21299,1.0,0,ANOMALY,11.5,2.3,2.6,7.0
21300,1.0,0,ANOMALY,11.2,1.4,3.3,7.0
21301,1.0,0,ANOMALY,10.9,2.3,2.2,8.0
21302,1.0,0,ANOMALY,10.7,3.0,11.0,13.3
21303,1.0,0,ANOMALY,10.5,1.9,4.4,8.0
21304,1.0,0,ANOMALY,13.7,18.3,3.0,7.9
21305,1.0,0,ANOMALY,10.0,2.6,2.8,8.1
21306,1.0,0,ANOMALY,9.9,1.6,2.6,6.8
21307,1.0,0,ANOMALY,9.8,3.3,12.3,13.0
21308,1.0,0,WARNING,9.6,1.9,5.7,6.9
21309,1.0,0,WARNING,9.5,1.6,2.4,7.5
21310,1.0,0,WARNING,9.4,1.5,3.4,11.1
21311,0.9999,0,WARNING,9.2,1.9,2.2,6.6
21312,0.9997,0,WARNING,9.2,3.1,10.7,13.0
21313,0.9984,0,WARNING,9.1,1.9,3.7,7.5
21314,1.0,0,ANOMALY,11.3,16.5,1.9,7.1
21315,0.972,0,WARNING,8.9,1.7,1.9,7.5
21316,0.8995,0,WARNING,8.8,1.6,2.1,7.8
21317,0.6529,0,WARNING,8.7,2.6,9.3,11.8
21318,0.6468,0,WARNING,8.7,2.2,5.9,9.1
21319,0.677,0,WARNING,8.6,2.3,2.4,7.9
21320,0.3388,0,NORMAL,8.5,1.6,2.6,6.8
21321,0.6772,0,WARNING,8.5,1.9,2.3,8.0
21322,0.6139,0,WARNING,8.4,2.3,6.2,9.9
21323,0.6468,0,WARNING,8.4,2.4,7.8,10.6
21324,1.0,0,ANOMALY,12.2,19.1,2.3,6.8
21325,0.3912,0,NORMAL,8.3,2.3,1.8,6.1
21326,0.4215,0,NORMAL,8.4,2.2,1.9,6.8
21327,0.6139,0,WARNING,8.2,2.0,3.2,8.2
21328,0.6139,0,WARNING,8.2,2.7,10.4,12.5
21329,0.6136,0,WARNING,8.1,2.2,2.9,7.6
21330,0.6468,0,WARNING,8.1,1.6,2.4,7.6
21331,0.4474,0,NORMAL,8.0,2.1,3.5,7.3
21332,0.4947,0,NORMAL,8.0,0.9,2.7,7.3
21333,0.4858,0,NORMAL,8.0,2.9,10.9,11.3
21334,1.0,0,ANOMALY,11.2,17.8,3.0,6.8
21335,0.3395,0,NORMAL,8.0,1.9,3.4,7.1
21336,0.3495,0,NORMAL,7.9,1.7,2.5,7.0
21337,0.6469,0,WARNING,7.9,2.3,2.4,7.9
21338,0.5381,0,NORMAL,7.9,3.7,11.0,12.7
21339,0.3205,0,NORMAL,7.9,2.2,2.4,5.6
21340,0.9913,0,WARNING,7.9,1.8,1.9,8.4
21341,0.2602,0,NORMAL,7.8,2.3,1.6,5.9
21342,0.2215,0,NORMAL,7.8,1.7,1.8,5.9
21343,0.4963,0,NORMAL,7.9,2.9,10.7,11.2
21344,1.0,0,ANOMALY,12.7,20.3,2.1,6.9
21345,0.6764,0,WARNING,7.8,1.4,2.3,8.0
21346,0.4719,0,NORMAL,7.9,2.2,2.6,6.4
21347,0.4473,0,NORMAL,7.8,2.1,2.7,7.2
21348,0.5777,0,NORMAL,7.9,2.7,11.9,13.3
21349,0.2116,0,NORMAL,7.9,1.8,5.1,6.4
21350,0.1225,0,NORMAL,8.0,2.1,3.4,6.4
21351,0.18,0,NORMAL,7.9,2.4,3.5,6.6
21352,0.2466,0,NORMAL,7.8,1.5,3.6,6.7
21353,0.5068,0,NORMAL,7.8,2.9,11.7,12.4
21354,1.0,0,ANOMALY,12.3,19.5,3.8,6.0
21355,0.422,0,NORMAL,7.8,2.0,1.7,6.3
21356,0.2549,0,NORMAL,7.8,1.4,1.8,5.9
21357,0.2531,0,NORMAL,7.8,1.9,2.2,5.9
21358,0.5069,0,NORMAL,7.8,3.1,11.0,11.2
21359,0.2181,0,NORMAL,7.8,1.9,3.3,5.8
21360,0.2017,0,NORMAL,7.8,1.6,1.6,5.8
21361,0.1587,0,NORMAL,7.7,1.8,2.3,6.1
21362,0.4636,0,NORMAL,7.7,2.8,4.2,6.6
21363,0.5994,0,NORMAL,7.9,3.2,13.1,12.0
21364,1.0,0,ANOMALY,10.1,17.5,6.2,6.4
21365,0.2961,0,NORMAL,7.8,2.4,4.7,6.7
21366,0.1452,0,NORMAL,7.8,2.0,4.4,6.6
21367,0.1538,0,NORMAL,7.8,2.5,4.5,6.5
21368,0.5417,0,NORMAL,7.9,2.6,11.6,11.5
21369,0.3099,0,NORMAL,7.8,3.0,7.6,9.5
21370,0.9967,0,WARNING,7.8,1.8,3.2,12.1
21371,0.6135,0,WARNING,7.8,2.3,3.0,8.7
21372,0.6138,0,WARNING,7.8,1.9,2.6,8.0
21373,0.2448,0,NORMAL,7.8,2.7,6.5,9.0
21374,1.0,0,ANOMALY,12.1,20.2,8.8,9.4
21375,0.4785,0,NORMAL,7.8,2.8,2.9,6.3
21376,0.1575,0,NORMAL,7.8,2.3,2.9,6.2
21377,0.6948,0,WARNING,7.9,2.8,2.9,6.3
21378,0.2192,0,NORMAL,7.8,2.0,4.6,7.9
21379,0.5751,0,NORMAL,7.9,4.1,11.9,13.0
21380,0.6467,0,WARNING,7.7,2.4,3.3,9.1
21381,0.6614,0,WARNING,7.8,3.4,5.2,9.9
21382,0.687,0,WARNING,7.8,3.2,5.3,10.4
21383,0.9393,0,WARNING,7.9,4.2,6.8,9.3
21384,1.0,0,ANOMALY,11.0,22.3,17.1,14.5
21385,0.992,0,WARNING,8.0,6.3,9.1,8.1
21386,0.9841,0,WARNING,8.1,5.2,7.9,7.9
21387,0.9263,0,WARNING,8.1,4.1,6.5,7.8
21388,0.6469,0,WARNING,8.0,2.3,2.5,8.6
21389,0.6772,0,WARNING,8.1,4.0,11.5,14.2
21390,0.677,0,WARNING,7.9,1.9,3.8,8.8
21391,0.2662,0,NORMAL,7.9,2.0,2.9,7.9
21392,0.6772,0,WARNING,7.9,1.5,2.4,9.5
21393,0.3956,0,NORMAL,7.9,1.7,2.3,7.9
21394,1.0,0,ANOMALY,12.7,21.0,11.2,13.5
21395,0.5668,0,NORMAL,7.9,2.6,4.1,8.1
21396,0.4467,0,NORMAL,7.8,2.6,4.0,8.3
21397,0.4472,0,NORMAL,7.7,2.9,3.8,8.2
21398,0.647,0,WARNING,7.8,2.4,4.8,9.3
21399,0.8122,0,WARNING,8.0,4.5,13.7,14.9
21400,0.9946,0,WARNING,8.4,6.7,11.2,12.7
21401,0.6664,0,WARNING,8.1,5.2,5.5,8.8
21402,1.0,0,WARNING,8.7,9.2,13.2,10.5
21403,0.4942,0,NORMAL,8.0,2.1,3.6,8.5
21404,1.0,0,ANOMALY,11.3,18.9,13.0,12.4
21405,0.4458,0,NORMAL,8.0,2.4,4.5,8.1
21406,0.3381,0,NORMAL,8.0,1.9,2.6,8.3
21407,0.1064,0,NORMAL,8.0,2.2,2.3,8.2
21408,0.3067,0,NORMAL,8.0,1.5,2.7,7.3
21409,0.4807,0,NORMAL,8.1,3.8,10.8,12.2
21410,0.2939,0,NORMAL,8.0,2.3,3.9,7.2
21411,0.4935,0,NORMAL,8.1,4.7,4.4,8.6
21412,0.9814,0,WARNING,8.0,5.3,7.6,8.4
21413,0.9875,0,WARNING,8.0,5.6,8.0,8.3
21414,1.0,0,ANOMALY,11.3,22.4,17.0,13.7
21415,0.9404,0,WARNING,8.1,6.0,9.4,8.5
21416,0.9627,0,WARNING,8.6,7.6,10.6,10.4
21417,1.0,0,ANOMALY,8.9,9.4,14.5,11.3
21418,1.0,0,ANOMALY,9.5,16.5,26.8,12.7
21419,1.0,0,ANOMALY,9.9,19.4,36.3,17.6
21420,1.0,0,ANOMALY,9.9,18.6,33.9,15.1
21421,1.0,0,ANOMALY,9.8,15.9,27.6,12.9
21422,1.0,0,ANOMALY,10.4,17.5,30.4,14.9
21423,0.9212,0,WARNING,9.1,6.5,7.9,10.2
21424,0.9999,0,WARNING,10.3,16.3,6.5,11.7
21425,0.7245,0,WARNING,8.5,3.0,8.3,12.3
21426,0.6173,0,WARNING,8.4,1.6,2.5,8.2
21427,0.614,0,WARNING,8.4,3.0,2.9,9.0
21428,0.4532,0,NORMAL,8.4,1.4,4.8,8.0
21429,0.4463,0,NORMAL,8.4,2.5,6.1,8.1
21430,0.9977,0,WARNING,8.4,4.3,13.2,15.9
21431,0.5406,0,NORMAL,8.1,2.0,2.6,6.8
21432,0.2208,0,NORMAL,8.0,2.5,2.2,6.6
21433,0.3059,0,NORMAL,8.0,2.1,1.9,6.7
21434,1.0,0,ANOMALY,11.7,18.8,2.0,8.0
21435,0.9227,0,WARNING,8.4,4.7,11.2,14.9
21436,0.494,0,NORMAL,8.1,2.2,3.7,9.5
21437,0.5774,0,NORMAL,8.1,2.4,2.4,9.0
21438,0.4473,0,NORMAL,8.1,2.0,2.7,8.2
21439,0.2178,0,NORMAL,8.1,2.2,2.1,6.6
21440,0.4859,0,NORMAL,8.2,3.1,10.9,12.6
21441,0.2565,0,NORMAL,8.0,1.9,2.1,7.4
21442,0.3097,0,NORMAL,8.0,1.8,3.3,7.0
21443,0.4121,0,NORMAL,8.2,1.9,6.5,7.9
21444,1.0,0,ANOMALY,10.2,16.6,5.3,7.7
21445,0.6039,0,WARNING,8.2,3.4,14.1,13.2
21446,0.3588,0,NORMAL,8.1,1.5,7.0,7.6
21447,0.1715,0,NORMAL,8.1,3.0,5.5,8.1
21448,0.3872,0,NORMAL,8.1,2.7,5.7,9.0
21449,0.3954,0,NORMAL,8.2,2.8,6.3,10.0
21450,0.6079,0,WARNING,8.2,3.3,14.6,15.6
21451,0.5375,0,NORMAL,8.1,2.3,8.0,10.5
21452,0.3949,0,NORMAL,8.1,2.3,6.1,9.8
21453,0.3952,0,NORMAL,8.1,2.0,4.4,8.7
21454,1.0,0,ANOMALY,12.7,20.4,4.3,9.8
21455,0.6164,0,WARNING,8.3,3.8,14.1,14.7
21456,0.3111,0,NORMAL,8.2,2.2,5.3,7.7
21457,0.2175,0,NORMAL,8.2,2.5,2.9,7.1
21458,0.2403,0,NORMAL,8.2,2.0,2.0,6.4
21459,0.1749,0,NORMAL,8.2,2.0,2.2,7.3
21460,0.9967,0,WARNING,8.3,2.9,11.2,16.9
21461,0.5208,0,NORMAL,8.2,2.4,3.9,8.1
21462,0.5774,0,NORMAL,8.2,1.6,2.5,8.7
21463,0.5776,0,NORMAL,8.2,2.1,2.8,8.8
21464,1.0,0,ANOMALY,13.7,21.1,2.4,8.3
21465,0.4865,0,NORMAL,8.3,2.8,11.2,13.4
21466,0.7044,0,WARNING,8.3,2.5,5.4,10.5
21467,0.6467,0,WARNING,8.2,2.5,5.0,10.3
21468,1.0,0,ANOMALY,8.3,2.1,5.4,11.5
21469,0.782,0,WARNING,8.4,3.3,3.1,10.1
21470,0.7048,0,WARNING,8.4,3.6,11.1,15.0
21471,0.3951,0,NORMAL,8.4,2.5,4.7,8.9
21472,0.4978,0,NORMAL,8.4,3.4,2.3,7.7
21473,0.1154,0,NORMAL,8.3,2.1,2.0,7.4
21474,1.0,0,ANOMALY,11.7,18.5,2.1,8.1
21475,0.6131,0,WARNING,8.2,2.1,6.9,11.9
21476,0.4468,0,NORMAL,8.2,2.5,7.5,11.2
21477,0.6467,0,WARNING,8.2,2.6,3.0,9.9
21478,0.3388,0,NORMAL,8.3,2.5,2.7,9.3
21479,0.4474,0,NORMAL,8.4,2.4,3.4,9.6
21480,0.8115,0,WARNING,8.8,2.9,5.7,12.4
21481,0.7301,0,WARNING,9.3,3.7,14.8,16.8
21482,0.5101,0,NORMAL,9.1,1.9,6.7,8.7
21483,0.4898,0,NORMAL,9.0,2.5,6.5,8.8
21484,1.0,0,ANOMALY,14.0,21.5,6.9,9.6
21485,0.4948,0,NORMAL,9.0,2.2,6.6,10.0
21486,0.6469,0,WARNING,9.0,2.5,15.8,15.1
21487,0.4483,0,NORMAL,9.0,2.2,7.6,9.5
21488,0.4193,0,NORMAL,9.0,2.0,6.3,9.9
21489,0.3951,0,NORMAL,8.8,2.4,3.0,7.9
21490,0.9913,0,WARNING,8.8,2.0,2.9,10.8
21491,0.5196,0,NORMAL,8.9,3.4,11.7,14.1
21492,0.377,0,NORMAL,8.8,2.0,2.3,8.3
21493,0.3626,0,NORMAL,8.8,2.4,2.1,9.2
21494,1.0,0,ANOMALY,11.3,17.2,2.4,8.7
21495,0.3551,0,NORMAL,8.8,1.8,3.0,8.2
21496,0.4919,0,NORMAL,8.9,3.0,11.0,13.6
21497,0.3951,0,NORMAL,8.8,2.4,2.4,8.7
21498,0.7533,0,WARNING,8.8,1.6,2.5,10.0
21499,0.7049,0,WARNING,8.8,1.9,2.7,9.6
21500,0.647,0,WARNING,8.8,2.0,3.1,9.5
21501,0.538,0,NORMAL,8.9,3.4,11.7,14.4
21502,0.7742,0,WARNING,8.8,1.7,4.4,10.6
21503,0.7047,0,WARNING,8.8,2.4,2.7,9.5
21504,1.0,0,ANOMALY,14.7,22.3,2.3,8.3
21505,0.5766,0,NORMAL,8.8,2.3,2.3,8.9
21506,0.5274,0,NORMAL,8.9,4.1,11.7,14.4
21507,0.8571,0,WARNING,9.0,3.6,4.4,8.7
21508,0.2632,0,NORMAL,8.7,2.0,2.2,8.2
21509,0.4947,0,NORMAL,8.8,3.0,3.0,10.1
21510,0.2606,0,NORMAL,8.7,2.8,2.4,8.3
21511,0.4917,0,NORMAL,8.9,4.2,10.9,13.7
21512,0.31,0,NORMAL,8.8,2.0,2.5,8.4
21513,0.2411,0,NORMAL,8.7,2.8,2.1,8.2
21514,1.0,0,ANOMALY,12.8,19.3,2.3,9.2
21515,0.4462,0,NORMAL,8.8,3.0,2.6,9.0
21516,0.7047,0,WARNING,8.8,2.7,11.7,15.1
21517,0.3132,0,NORMAL,8.9,1.5,4.8,7.8
21518,0.3797,0,NORMAL,8.9,1.1,3.5,6.8
21519,0.4296,0,NORMAL,9.0,1.8,3.6,7.6
21520,0.9739,0,WARNING,9.0,1.8,2.5,11.0
21521,0.5379,0,NORMAL,9.0,2.9,10.3,13.9
21522,0.4458,0,NORMAL,9.1,2.7,4.8,8.7
21523,0.3907,0,NORMAL,9.0,1.6,2.8,7.3
21524,1.0,0,ANOMALY,12.4,19.1,2.4,7.8
21525,0.336,0,NORMAL,8.9,2.3,2.0,7.1
21526,0.3407,0,NORMAL,8.9,2.3,6.3,9.7
21527,0.3877,0,NORMAL,8.9,2.6,6.1,9.8
21528,0.3428,0,NORMAL,8.9,1.7,2.0,7.2
21529,0.3348,0,NORMAL,8.9,1.8,2.7,8.2
21530,0.3273,0,NORMAL,8.9,2.1,4.7,8.1
21531,0.3272,0,NORMAL,8.9,2.7,6.1,8.6
21532,0.5647,0,NORMAL,9.1,4.2,12.8,12.9
21533,0.328,0,NORMAL,8.9,1.7,4.1,7.9
21534,1.0,0,ANOMALY,11.1,16.2,3.1,8.8
21535,0.4938,0,NORMAL,8.9,2.0,2.9,8.5
21536,0.2957,0,NORMAL,8.9,1.7,2.2,7.3
21537,0.4822,0,NORMAL,9.0,2.8,11.0,12.9
21538,0.2708,0,NORMAL,8.9,1.8,2.3,7.2
21539,0.2544,0,NORMAL,8.9,1.8,2.3,7.6
21540,0.339,0,NORMAL,8.9,1.9,2.5,8.0
21541,0.277,0,NORMAL,8.8,2.2,2.2,8.0
21542,0.4695,0,NORMAL,9.0,2.7,10.6,12.2
21543,0.3099,0,NORMAL,8.9,2.7,1.9,7.7
21544,1.0,0,ANOMALY,13.1,19.9,2.2,7.7
21545,0.7042,0,WARNING,8.9,2.4,2.6,9.7
21546,0.677,0,WARNING,8.9,2.3,2.5,9.4
21547,0.6772,0,WARNING,9.0,3.0,12.2,15.1
21548,0.7046,0,WARNING,8.8,1.6,4.1,9.7
21549,0.677,0,WARNING,8.8,2.1,2.6,9.3
21550,0.994,0,WARNING,8.8,2.1,2.3,11.2
21551,0.3953,0,NORMAL,8.8,1.8,2.4,8.2
21552,0.6138,0,WARNING,9.0,3.4,11.1,14.4
21553,0.6769,0,WARNING,8.8,2.1,3.8,9.4
21554,1.0,0,ANOMALY,11.5,16.7,4.7,10.9
21555,0.774,0,WARNING,9.2,2.4,5.0,11.5
21556,0.8992,0,WARNING,9.1,2.5,4.1,12.6
21557,0.6137,0,WARNING,9.3,3.3,12.3,14.7
21558,0.6135,0,WARNING,9.1,1.9,4.9,9.1
21559,0.4313,0,NORMAL,9.1,2.3,4.5,8.0
21560,0.538,0,NORMAL,9.1,2.2,3.1,8.9
21561,0.4947,0,NORMAL,9.1,1.9,2.3,8.4
21562,0.4723,0,NORMAL,9.2,3.4,10.7,12.4
21563,0.622,0,WARNING,9.1,3.2,3.9,8.6
21564,1.0,0,ANOMALY,14.9,22.0,2.0,7.4
21565,0.4737,0,NORMAL,9.0,2.1,2.1,7.0
21566,0.2689,0,NORMAL,9.0,2.1,2.8,7.2
21567,0.5284,0,NORMAL,9.1,3.5,11.9,14.0
21568,0.6136,0,WARNING,9.1,2.7,5.3,9.7
21569,0.677,0,WARNING,9.2,1.7,2.9,9.4
21570,0.4819,0,NORMAL,9.3,1.8,5.2,9.6
21571,0.5379,0,NORMAL,9.4,2.6,5.0,9.8
21572,0.6771,0,WARNING,9.5,3.4,12.8,15.7
21573,0.6134,0,WARNING,9.3,2.4,5.6,9.5
21574,1.0,0,ANOMALY,11.7,16.7,3.1,9.1
21575,0.4479,0,NORMAL,9.2,2.2,2.6,8.3
21576,0.5774,0,NORMAL,9.2,1.7,2.5,8.7
21577,0.4341,0,NORMAL,9.2,2.7,6.8,10.3
21578,0.4472,0,NORMAL,9.2,2.0,7.4,11.0
21579,0.5378,0,NORMAL,9.2,1.7,2.5,8.5
21580,0.9947,0,WARNING,9.2,2.2,2.7,11.0
21581,0.4121,0,NORMAL,9.2,2.1,2.1,6.8
21582,0.411,0,NORMAL,9.2,2.0,3.0,7.5
21583,0.4235,0,NORMAL,9.3,2.9,9.8,11.4
21584,1.0,0,ANOMALY,13.1,19.4,1.9,7.2
21585,0.3861,0,NORMAL,9.2,1.7,1.8,6.8
21586,0.3662,0,NORMAL,9.2,2.1,1.7,6.7
21587,0.4948,0,NORMAL,9.1,1.7,2.1,8.4
21588,0.5602,0,NORMAL,9.3,2.8,12.6,14.0
21589,0.3803,0,NORMAL,9.2,2.2,5.4,7.5
21590,0.415,0,NORMAL,9.2,2.9,4.1,7.4
21591,0.6137,0,WARNING,9.2,2.0,2.9,9.0
21592,0.7533,0,WARNING,9.3,2.8,3.1,9.9
21593,0.5419,0,NORMAL,9.3,3.0,12.5,14.7
21594,1.0,0,ANOMALY,12.5,18.3,5.0,7.4
21595,0.4014,0,NORMAL,8.9,2.0,3.1,7.4
21596,0.5353,0,NORMAL,8.9,2.8,2.3,7.1
21597,0.2013,0,NORMAL,8.8,2.2,2.0,7.2
21598,0.5382,0,NORMAL,9.0,3.1,11.4,14.6
21599,0.7743,0,WARNING,9.3,2.6,4.1,11.1
21600,0.4881,0,NORMAL,9.6,2.6,6.4,9.7
21601,0.5076,0,NORMAL,9.6,2.7,5.0,8.3
21602,0.5025,0,NORMAL,9.4,2.2,4.6,7.7
21603,0.6118,0,WARNING,9.5,3.5,14.0,13.3
21604,1.0,0,ANOMALY,13.3,20.4,6.5,7.8
21605,0.4663,0,NORMAL,9.4,2.0,4.5,7.5
21606,0.4541,0,NORMAL,9.4,1.8,4.2,9.0
21607,0.7301,0,WARNING,9.3,1.8,3.6,10.6
21608,0.5777,0,NORMAL,9.4,2.8,12.3,15.8
21609,0.3585,0,NORMAL,9.2,2.6,4.7,9.2
21610,0.9974,0,WARNING,9.2,2.0,3.1,12.2
21611,0.6136,0,WARNING,9.1,2.0,2.8,10.3
21612,0.7048,0,WARNING,9.1,1.8,2.8,9.7
21613,0.538,0,NORMAL,9.2,2.7,11.4,14.3
21614,1.0,0,ANOMALY,16.3,23.2,5.4,10.3
21615,0.5615,0,NORMAL,9.7,3.7,7.0,10.6
21616,0.5294,0,NORMAL,9.7,2.6,5.4,9.1
21617,0.5775,0,NORMAL,9.8,3.6,8.0,11.8
21618,0.9401,0,WARNING,10.0,4.2,17.1,17.5
21619,0.6133,0,WARNING,9.9,3.1,9.7,11.8
21620,0.5742,0,NORMAL,9.9,2.9,6.6,9.1
21621,0.5478,0,NORMAL,9.8,2.9,4.7,8.6
21622,0.5462,0,NORMAL,9.9,2.8,5.9,9.0
21623,0.6032,0,WARNING,9.8,4.2,13.2,14.6
21624,1.0,0,ANOMALY,14.2,21.2,8.7,11.9
21625,0.532,0,NORMAL,9.7,3.0,4.3,9.6
21626,0.5067,0,NORMAL,9.5,2.8,2.8,8.0
21627,0.4947,0,NORMAL,9.5,3.4,2.6,7.9
21628,0.6139,0,WARNING,9.5,2.0,7.5,11.9
21629,0.6469,0,WARNING,9.5,3.1,8.7,12.0
21630,0.469,0,NORMAL,9.6,2.1,3.8,7.4
21631,0.4625,0,NORMAL,9.5,2.1,3.4,7.8
21632,0.6286,0,WARNING,9.6,3.2,2.9,8.7
21633,0.8844,0,WARNING,9.8,5.0,4.1,9.6
21634,1.0,0,ANOMALY,13.7,20.4,11.8,13.5
21635,0.5783,0,NORMAL,9.6,3.6,5.4,8.3
21636,0.7591,0,WARNING,9.6,3.3,5.0,8.1
21637,0.4945,0,NORMAL,9.5,2.8,3.1,8.7
21638,0.4412,0,NORMAL,9.5,2.3,3.6,8.6
21639,0.5195,0,NORMAL,9.6,3.7,11.8,13.1
21640,0.998,0,WARNING,9.5,2.9,2.4,10.3
21641,0.4035,0,NORMAL,9.5,2.8,2.0,7.4
21642,0.5776,0,NORMAL,9.5,2.7,2.6,9.2
21643,0.538,0,NORMAL,9.5,2.0,2.3,8.9
21644,1.0,0,ANOMALY,13.8,20.9,11.3,14.7
21645,0.5495,0,NORMAL,9.5,3.2,2.1,7.5
21646,0.3749,0,NORMAL,9.5,1.9,2.1,7.6
21647,0.6138,0,WARNING,9.5,2.3,2.3,9.2
21648,0.6773,0,WARNING,9.5,2.1,2.6,9.5
21649,0.647,0,WARNING,9.6,3.5,11.9,14.9
21650,0.3747,0,NORMAL,9.5,2.4,6.0,8.4
21651,0.3734,0,NORMAL,9.5,2.5,5.2,8.1
21652,0.3787,0,NORMAL,9.6,1.9,5.1,7.8
21653,0.3862,0,NORMAL,9.7,4.0,5.0,7.8
21654,1.0,0,ANOMALY,12.3,18.3,13.9,13.3
21655,0.5106,0,NORMAL,9.5,2.2,6.8,7.9
21656,0.3936,0,NORMAL,9.6,1.7,5.0,7.7
21657,0.3863,0,NORMAL,9.6,2.3,4.9,8.0
21658,0.538,0,NORMAL,9.5,2.4,3.2,9.1
21659,0.6772,0,WARNING,9.7,3.4,11.6,15.0
21660,0.6135,0,WARNING,9.5,2.4,4.4,9.2
21661,0.5378,0,NORMAL,9.5,2.1,2.6,8.8
21662,0.3955,0,NORMAL,9.5,2.0,2.5,8.4
21663,0.4078,0,NORMAL,9.5,3.1,2.1,7.5
21664,1.0,0,ANOMALY,13.7,20.9,11.0,12.8
21665,0.5837,0,NORMAL,9.5,2.4,2.8,8.1
21666,0.3246,0,NORMAL,9.5,2.0,2.2,7.9
21667,0.3227,0,NORMAL,9.5,2.5,2.2,7.7
21668,0.3278,0,NORMAL,9.5,1.7,2.1,7.8
21669,0.6036,0,WARNING,9.7,3.3,13.1,13.6
21670,0.9974,0,WARNING,9.6,2.3,6.8,11.2
21671,0.3726,0,NORMAL,9.7,2.1,5.7,8.0
21672,0.3367,0,NORMAL,9.6,1.8,5.2,7.9
21673,0.3421,0,NORMAL,9.6,1.8,4.0,8.7
21674,0.9983,0,WARNING,11.0,16.4,10.7,13.7
21675,0.537,0,NORMAL,9.6,2.2,4.5,9.5
21676,0.4942,0,NORMAL,9.6,1.8,2.4,8.7
21677,0.5776,0,NORMAL,9.6,2.2,2.5,9.0
21678,0.3711,0,NORMAL,9.7,2.1,2.3,7.7
21679,0.3881,0,NORMAL,9.8,3.2,6.9,10.1
21680,0.3897,0,NORMAL,9.7,3.1,7.3,10.0
21681,0.5774,0,NORMAL,9.7,2.3,2.1,9.0
21682,0.6772,0,WARNING,9.7,2.7,2.6,9.6
21683,0.6772,0,WARNING,9.6,2.5,2.8,9.6
21684,1.0,0,ANOMALY,12.1,17.6,3.8,10.1
21685,0.7043,0,WARNING,9.8,3.6,10.6,14.4
21686,0.7044,0,WARNING,9.7,2.3,2.8,9.6
21687,0.7743,0,WARNING,9.7,2.3,2.7,10.3
21688,0.4947,0,NORMAL,9.6,1.8,2.8,8.9
21689,0.5777,0,NORMAL,9.6,2.3,3.0,9.1
21690,0.5118,0,NORMAL,9.7,3.3,11.8,14.0
21691,0.5773,0,NORMAL,9.6,1.8,3.4,9.0
21692,0.4471,0,NORMAL,9.6,1.9,2.9,8.7
21693,0.7009,0,WARNING,9.7,3.5,2.7,9.5
21694,1.0,0,ANOMALY,15.5,21.6,2.8,10.0
21695,0.5368,0,NORMAL,9.7,2.9,11.3,14.4
21696,0.5835,0,NORMAL,9.7,2.7,3.8,7.6
21697,0.3312,0,NORMAL,9.7,2.3,2.1,7.2
21698,0.3095,0,NORMAL,9.6,1.7,2.1,7.9
21699,0.2946,0,NORMAL,9.6,2.4,2.1,7.3
21700,0.9963,0,WARNING,9.7,3.7,12.6,17.3
21701,0.5269,0,NORMAL,9.7,3.6,3.7,8.7
21702,0.3111,0,NORMAL,9.7,2.4,3.3,8.3
21703,0.4472,0,NORMAL,9.7,2.1,3.0,8.7
21704,1.0,0,ANOMALY,14.1,19.6,2.9,8.8
21705,0.6765,0,WARNING,9.8,4.1,11.6,15.2
21706,0.7044,0,WARNING,9.7,2.1,3.7,9.7
21707,0.7047,0,WARNING,9.7,2.5,2.6,9.7
21708,0.7049,0,WARNING,9.7,1.5,2.8,9.7
21709,0.6773,0,WARNING,9.7,2.1,3.0,9.7
21710,0.7049,0,WARNING,9.8,3.4,11.9,15.3
21711,0.7046,0,WARNING,9.7,2.2,4.7,9.9
21712,0.677,0,WARNING,9.7,1.8,2.8,9.7
21713,0.5224,0,NORMAL,9.9,4.3,5.6,8.7
21714,0.9984,0,WARNING,10.8,15.5,4.4,8.4
21715,0.7043,0,WARNING,9.8,3.4,11.4,15.2
21716,0.6464,0,WARNING,9.7,2.0,4.2,9.4
21717,0.677,0,WARNING,9.7,2.2,2.9,9.7
21718,0.5776,0,NORMAL,9.7,2.1,2.8,9.3
21719,0.5931,0,NORMAL,9.8,3.5,2.8,8.9
21720,0.6469,0,WARNING,9.8,3.6,11.5,15.0
21721,0.5773,0,NORMAL,9.7,2.2,4.3,9.1
21722,0.4944,0,NORMAL,9.7,2.1,3.2,9.3
21723,0.6469,0,WARNING,9.8,2.8,3.0,10.0
21724,1.0,0,ANOMALY,15.5,21.7,3.1,10.9
21725,0.5033,0,NORMAL,9.9,3.5,10.8,14.7
21726,0.3579,0,NORMAL,9.8,3.1,5.0,10.1
21727,0.3951,0,NORMAL,9.8,2.3,2.8,9.5
21728,0.9134,0,WARNING,10.1,4.2,3.5,10.8
21729,0.7302,0,WARNING,9.8,3.3,3.2,11.2
21730,0.9989,0,WARNING,9.8,2.7,7.8,16.8
21731,0.4458,0,NORMAL,9.8,3.3,7.9,11.4
21732,0.3383,0,NORMAL,9.8,2.3,2.4,8.5
21733,0.3955,0,NORMAL,9.8,2.1,2.5,8.6
21734,0.9978,0,WARNING,10.4,13.3,2.4,8.5
21735,0.3081,0,NORMAL,9.8,3.5,3.6,8.5
21736,0.4535,0,NORMAL,10.0,3.2,10.2,12.6
21737,0.9793,0,WARNING,10.3,5.3,2.7,9.0
21738,0.467,0,NORMAL,10.0,3.5,3.8,9.3
21739,0.8285,0,WARNING,10.1,4.8,3.7,8.4
21740,0.5483,0,NORMAL,10.0,2.4,3.3,7.8
21741,0.5474,0,NORMAL,10.1,4.9,12.0,13.5
21742,0.4153,0,NORMAL,9.9,3.8,2.7,7.9
21743,0.324,0,NORMAL,9.9,2.7,3.0,7.9
21744,1.0,0,ANOMALY,12.8,17.8,2.4,9.1
21745,0.3103,0,NORMAL,9.9,2.5,2.2,8.0
21746,0.5083,0,NORMAL,10.0,3.4,11.2,14.1
21747,0.395,0,NORMAL,9.9,2.0,2.5,8.5
21748,0.3089,0,NORMAL,9.9,1.4,2.9,8.6
21749,0.282,0,NORMAL,9.9,2.2,2.7,9.3
21750,0.3313,0,NORMAL,9.9,2.8,3.3,9.6
21751,0.5251,0,NORMAL,10.0,4.4,11.8,13.6
21752,0.714,0,WARNING,10.0,3.4,3.7,8.0
21753,0.4329,0,NORMAL,9.9,3.3,2.4,8.3
21754,0.9986,0,WARNING,10.7,14.0,2.4,7.9
21755,0.3602,0,NORMAL,10.1,3.9,4.3,9.2
21756,0.6157,0,WARNING,10.2,4.7,13.3,16.1
21757,0.4611,0,NORMAL,10.2,2.8,5.7,9.1
21758,0.4703,0,NORMAL,10.2,3.1,5.3,9.7
21759,0.4648,0,NORMAL,10.2,2.6,3.9,8.7
21760,0.9977,0,WARNING,10.1,1.8,2.6,11.1
21761,0.5078,0,NORMAL,10.2,3.7,11.2,13.5
21762,0.371,0,NORMAL,10.1,2.3,2.5,8.0
21763,0.5662,0,NORMAL,10.3,3.6,2.6,8.1
21764,1.0,0,ANOMALY,13.5,20.4,2.4,8.3
21765,0.3686,0,NORMAL,10.1,2.1,2.3,8.3
21766,0.5106,0,NORMAL,10.2,3.8,11.1,14.0
21767,0.6538,0,WARNING,10.2,3.7,3.6,8.6
21768,0.8501,0,WARNING,10.3,3.1,2.8,8.4
21769,0.4574,0,NORMAL,10.1,3.4,3.3,8.9
21770,0.3598,0,NORMAL,10.1,3.3,5.2,9.9
21771,0.5887,0,NORMAL,10.2,4.5,13.5,14.4
21772,0.3906,0,NORMAL,10.2,2.3,6.3,9.3
21773,0.4141,0,NORMAL,10.3,3.7,4.0,8.9
21774,1.0,0,ANOMALY,13.0,18.2,2.8,10.0
21775,0.4937,0,NORMAL,10.2,3.2,3.1,9.9
21776,0.5774,0,NORMAL,10.3,4.0,10.8,14.8
21777,0.3007,0,NORMAL,10.1,2.9,5.4,10.0
21778,0.2857,0,NORMAL,10.1,2.4,2.8,9.1
21779,0.4574,0,NORMAL,10.1,4.0,3.1,8.9
21780,0.3389,0,NORMAL,10.1,3.1,3.1,9.8
21781,0.4632,0,NORMAL,10.1,4.0,6.9,12.1
21782,0.677,0,WARNING,10.2,4.8,9.0,14.1
21783,0.753,0,WARNING,10.1,2.6,3.1,11.1
21784,1.0,0,ANOMALY,12.7,17.2,3.1,10.5
21785,0.7296,0,WARNING,10.1,2.4,3.0,10.9
21786,0.7531,0,WARNING,10.1,2.6,4.2,11.6
21787,0.6468,0,WARNING,10.2,3.8,11.2,15.2
21788,0.5377,0,NORMAL,10.0,2.0,3.4,9.7
21789,0.5379,0,NORMAL,10.1,2.6,3.2,9.6
21790,0.9967,0,WARNING,10.1,1.4,3.6,13.0
21791,0.73,0,WARNING,10.1,2.0,3.1,10.3
21792,0.7048,0,WARNING,10.2,2.8,11.9,15.5
21793,0.4942,0,NORMAL,10.1,1.8,4.4,9.4
21794,0.9972,0,WARNING,11.6,15.4,2.9,7.6
21795,0.2155,0,NORMAL,10.1,2.3,2.6,7.6
21796,0.2149,0,NORMAL,10.0,2.2,3.2,8.4
21797,0.564,0,NORMAL,10.2,4.5,12.6,15.0
21798,0.297,0,NORMAL,10.1,2.4,3.7,8.3
21799,0.8426,0,WARNING,10.2,3.8,2.7,8.6
21800,0.7048,0,WARNING,10.0,2.2,2.8,10.1
21801,0.6772,0,WARNING,10.0,2.4,3.0,9.9
21802,0.6138,0,WARNING,10.1,3.2,12.0,15.0
21803,0.3123,0,NORMAL,10.0,2.7,4.1,8.2
21804,1.0,0,ANOMALY,12.0,16.2,2.3,7.8
21805,0.2756,0,NORMAL,10.0,2.3,2.5,8.4
21806,0.2087,0,NORMAL,10.0,1.9,2.2,8.2
21807,0.4949,0,NORMAL,10.0,3.6,11.0,13.0
21808,0.2896,0,NORMAL,9.9,1.4,2.7,8.5
21809,0.4574,0,NORMAL,9.9,3.3,2.3,8.6
21810,0.3388,0,NORMAL,10.0,2.4,2.4,8.5
21811,0.538,0,NORMAL,9.9,2.2,2.6,9.3
21812,0.5197,0,NORMAL,10.1,3.7,11.6,14.6
21813,0.3117,0,NORMAL,10.0,2.0,4.1,8.4
21814,0.9976,0,WARNING,11.5,15.7,2.2,7.6
21815,0.2078,0,NORMAL,10.0,3.0,2.0,8.3
21816,0.6771,0,WARNING,10.0,1.8,2.3,9.7
21817,0.538,0,NORMAL,10.1,2.8,11.5,14.7
21818,0.5377,0,NORMAL,10.0,1.9,4.2,9.2
21819,0.2765,0,NORMAL,10.0,2.4,2.4,8.4
21820,0.9963,0,WARNING,10.0,2.0,2.3,11.2
21821,0.5378,0,NORMAL,10.0,3.0,2.8,9.3
21822,0.6275,0,WARNING,10.1,4.3,14.3,14.1
21823,0.3163,0,NORMAL,10.0,3.1,7.5,8.8
21824,1.0,0,ANOMALY,14.8,20.8,3.4,9.6
21825,0.3743,0,NORMAL,10.0,1.9,2.4,7.8
21826,0.3068,0,NORMAL,10.0,1.6,2.7,7.4
21827,0.3862,0,NORMAL,10.1,2.5,8.8,11.4
21828,0.1347,0,NORMAL,10.0,2.3,5.9,9.6
21829,0.3953,0,NORMAL,10.0,2.2,2.4,8.8
21830,0.2091,0,NORMAL,9.9,2.1,2.4,8.2
21831,0.2367,0,NORMAL,10.0,2.5,2.3,7.7
21832,0.2794,0,NORMAL,10.1,2.7,6.9,10.9
21833,0.3953,0,NORMAL,10.0,3.2,8.5,12.2
21834,0.9989,0,WARNING,11.2,15.6,3.0,9.1
21835,0.3944,0,NORMAL,10.0,2.8,2.6,8.7
21836,0.3639,0,NORMAL,10.0,2.8,2.4,7.7
21837,0.14,0,NORMAL,10.0,2.6,3.9,8.8
21838,0.4915,0,NORMAL,10.1,3.2,10.9,13.4
21839,0.2829,0,NORMAL,10.0,2.8,3.1,8.4
21840,0.2327,0,NORMAL,10.0,2.4,2.8,7.8
21841,0.6889,0,WARNING,10.1,3.7,3.1,8.2
21842,0.6367,0,WARNING,10.1,3.3,3.3,9.2
21843,0.5507,0,NORMAL,10.1,5.0,12.1,15.0
21844,1.0,0,ANOMALY,12.4,17.6,3.0,9.2
21845,0.2814,0,NORMAL,10.1,2.8,2.6,8.1
21846,0.9818,0,WARNING,10.7,5.6,3.0,7.8
21847,0.3391,0,NORMAL,10.5,3.1,2.6,8.1
21848,0.523,0,NORMAL,10.6,3.7,11.5,14.6
21849,0.6135,0,WARNING,10.5,3.0,2.8,9.5
21850,0.9953,0,WARNING,10.4,2.1,2.9,12.6
21851,0.3106,0,NORMAL,10.4,1.9,2.8,7.6
21852,0.122,0,NORMAL,10.4,1.7,2.0,6.6
21853,0.5181,0,NORMAL,10.5,3.4,11.6,14.2
21854,0.998,0,WARNING,11.2,13.9,4.5,9.1
21855,0.2754,0,NORMAL,10.4,2.3,2.7,7.9
21856,0.1722,0,NORMAL,10.4,1.6,2.1,6.0
21857,0.4474,0,NORMAL,10.4,2.5,3.1,8.9
21858,0.5398,0,NORMAL,10.5,3.7,11.8,14.5
21859,0.3115,0,NORMAL,10.4,3.1,4.3,8.1
21860,0.5774,0,NORMAL,10.4,1.6,2.6,9.2
21861,0.209,0,NORMAL,10.3,2.7,2.5,8.2
21862,0.4074,0,NORMAL,10.3,2.8,2.6,7.6
21863,0.7249,0,WARNING,10.5,5.1,11.5,13.0
21864,0.9983,0,WARNING,11.9,16.4,2.8,8.7
21865,0.2234,0,NORMAL,10.3,2.4,2.6,7.6
21866,0.307,0,NORMAL,10.3,2.5,2.6,7.4
21867,0.3388,0,NORMAL,10.3,2.7,2.2,8.4
21868,0.6772,0,WARNING,10.4,3.3,11.6,15.1
21869,0.7531,0,WARNING,10.3,2.1,4.5,10.2
21870,0.6136,0,WARNING,10.3,2.2,3.1,9.4
21871,0.7008,0,WARNING,10.4,3.0,2.6,7.7
21872,0.7498,0,WARNING,10.4,3.7,3.0,7.6
21873,0.6446,0,WARNING,10.4,4.2,11.6,14.2
21874,0.9972,0,WARNING,11.1,13.8,4.6,9.8
21875,0.4863,0,NORMAL,10.4,3.0,2.9,8.4
21876,0.3952,0,NORMAL,10.3,2.9,2.6,8.5
21877,0.4456,0,NORMAL,10.3,3.4,3.0,7.5
21878,0.3847,0,NORMAL,10.3,3.5,8.9,12.0
21879,0.7047,0,WARNING,10.3,3.3,6.2,11.3
21880,0.9984,0,WARNING,10.3,1.4,2.8,12.8
21881,0.6467,0,WARNING,10.3,2.3,2.9,9.5
21882,0.3387,0,NORMAL,10.2,1.9,2.6,8.3
21883,0.3114,0,NORMAL,10.2,2.9,6.1,9.6
21884,1.0,0,ANOMALY,13.2,18.4,7.6,10.3
21885,0.3961,0,NORMAL,10.2,2.2,1.9,7.2
21886,0.3411,0,NORMAL,10.2,2.2,1.9,7.2
21887,0.6642,0,WARNING,10.3,2.6,2.0,7.5
21888,0.1346,0,NORMAL,10.3,1.7,2.7,7.7
21889,0.7176,0,WARNING,10.5,4.3,10.5,13.4
21890,0.9677,0,WARNING,10.5,4.5,3.6,8.8
21891,0.742,0,WARNING,10.4,4.0,3.1,8.8
21892,0.7048,0,WARNING,10.3,2.1,2.6,9.8
21893,0.7301,0,WARNING,10.3,2.4,2.7,9.9
21894,0.9973,0,WARNING,11.2,14.1,11.8,15.4
21895,0.6764,0,WARNING,10.4,2.8,3.1,9.5
21896,0.7046,0,WARNING,10.4,2.2,2.8,9.7
21897,0.7048,0,WARNING,10.4,2.2,2.7,9.6
21898,0.7302,0,WARNING,10.4,1.7,2.8,9.9
21899,0.7049,0,WARNING,10.5,3.3,11.6,15.1
21900,0.3383,0,NORMAL,10.4,2.2,5.0,8.7
21901,0.2706,0,NORMAL,10.4,2.7,5.3,8.0
21902,0.2087,0,NORMAL,10.4,1.7,3.1,8.2
21903,0.538,0,NORMAL,10.4,2.2,3.5,9.1
21904,1.0,0,ANOMALY,13.4,18.9,13.3,14.0
21905,0.523,0,NORMAL,10.4,3.2,6.7,8.0
21906,0.3075,0,NORMAL,10.4,1.7,3.1,7.7
21907,0.6137,0,WARNING,10.4,2.5,2.3,9.1
21908,0.4474,0,NORMAL,10.4,2.1,2.9,8.7
21909,0.5777,0,NORMAL,10.4,3.3,11.5,14.5
21910,0.9982,0,WARNING,10.3,2.8,4.3,12.2
21911,0.3949,0,NORMAL,10.3,1.9,2.6,8.5
21912,0.2085,0,NORMAL,10.3,1.8,2.5,7.5
21913,0.3064,0,NORMAL,10.3,2.1,2.8,7.4
21914,0.9973,0,WARNING,11.3,14.9,11.5,13.2
21915,0.3319,0,NORMAL,10.4,2.3,4.0,7.2
21916,0.2121,0,NORMAL,10.4,2.1,2.4,8.0
21917,0.209,0,NORMAL,10.4,2.8,2.3,8.0
21918,0.1896,0,NORMAL,10.4,2.0,2.2,7.6
21919,0.5013,0,NORMAL,10.5,3.7,11.1,12.9
21920,0.2999,0,NORMAL,10.4,1.8,2.2,7.7
21921,0.3082,0,NORMAL,10.4,2.6,2.5,7.8
21922,0.2769,0,NORMAL,10.3,2.6,2.6,8.2
21923,0.2148,0,NORMAL,10.4,2.7,2.1,7.2
21924,1.0,0,WARNING,12.3,17.4,11.0,13.6
21925,0.6345,0,WARNING,10.4,4.6,3.4,9.0
21926,0.8197,0,WARNING,10.5,4.1,3.1,8.6
21927,0.8046,0,WARNING,10.7,4.2,5.0,9.0
21928,0.5896,0,NORMAL,10.6,2.5,2.9,8.2
21929,0.4473,0,NORMAL,10.5,3.6,9.5,12.5
21930,0.5378,0,NORMAL,10.6,2.7,6.2,10.3
21931,0.3743,0,NORMAL,10.6,3.2,2.6,7.7
21932,0.3673,0,NORMAL,10.6,3.3,2.5,7.1
21933,0.4864,0,NORMAL,10.6,4.1,2.5,8.1
21934,0.9972,0,WARNING,11.4,14.2,6.5,11.0
21935,0.2859,0,NORMAL,10.7,3.9,8.1,10.6
21936,0.2348,0,NORMAL,10.7,2.1,2.1,7.0
21937,0.3867,0,NORMAL,10.7,3.0,2.4,7.8
21938,0.5348,0,NORMAL,10.7,4.2,2.3,8.6
21939,0.5971,0,NORMAL,10.8,3.7,3.9,8.7
21940,0.9977,0,WARNING,10.9,6.0,10.4,15.5
21941,0.5499,0,NORMAL,10.7,3.6,2.6,7.3
21942,0.118,0,NORMAL,10.6,2.5,2.4,7.7
21943,0.5595,0,NORMAL,10.7,3.8,2.4,7.8
21944,0.9989,0,WARNING,12.2,16.9,2.7,7.4
21945,0.6317,0,WARNING,10.8,4.9,14.2,13.7
21946,0.3076,0,NORMAL,10.7,2.5,4.2,8.2
21947,0.53,0,NORMAL,10.7,4.4,3.4,8.4
21948,0.4946,0,NORMAL,10.6,2.4,2.5,8.8
21949,0.4474,0,NORMAL,10.6,2.6,2.5,8.7
21950,0.5085,0,NORMAL,10.7,4.5,11.4,13.7
21951,0.8272,0,WARNING,10.8,4.7,3.8,7.6
21952,0.3077,0,NORMAL,10.6,2.7,2.5,8.2
21953,0.3074,0,NORMAL,10.6,2.7,2.6,7.6
21954,1.0,0,ANOMALY,14.8,20.0,2.5,7.5
21955,0.5174,0,NORMAL,10.8,4.8,11.3,13.4
21956,0.4465,0,NORMAL,10.6,2.8,3.8,9.1
21957,0.6753,0,WARNING,10.8,4.1,5.1,9.0
21958,0.3461,0,NORMAL,10.7,2.8,5.4,8.5
21959,0.2767,0,NORMAL,10.6,2.7,2.9,8.3
21960,0.5005,0,NORMAL,10.7,3.6,11.2,14.2
21961,0.4469,0,NORMAL,10.6,2.6,4.0,8.6
21962,0.4945,0,NORMAL,10.6,2.7,2.5,8.9
21963,0.1178,0,NORMAL,10.6,2.6,2.1,7.6
21964,1.0,0,WARNING,12.5,16.3,2.1,7.9
21965,0.5091,0,NORMAL,10.8,3.3,11.2,13.8
21966,0.4466,0,NORMAL,10.7,2.4,2.3,8.5
21967,0.4472,0,NORMAL,10.6,2.7,3.2,9.1
21968,0.4473,0,NORMAL,10.6,1.9,3.1,9.1
21969,0.3956,0,NORMAL,10.7,3.1,2.8,8.6
21970,0.9902,0,WARNING,10.8,3.9,11.1,15.5
21971,0.5157,0,NORMAL,10.7,2.3,3.6,7.4
21972,0.2085,0,NORMAL,10.7,2.1,3.2,8.4
21973,0.1634,0,NORMAL,10.7,2.1,4.0,8.5
21974,0.9973,0,WARNING,11.8,14.3,3.2,9.6
21975,0.7044,0,WARNING,10.8,3.4,12.3,15.5
21976,0.7045,0,WARNING,10.6,2.0,4.7,9.8
21977,0.5773,0,NORMAL,10.6,2.1,3.0,9.3
21978,0.7301,0,WARNING,10.7,2.1,3.1,10.1
21979,0.647,0,WARNING,11.0,2.4,3.6,9.6
21980,0.6772,0,WARNING,11.3,2.3,10.3,14.0
21981,0.9465,0,WARNING,11.5,3.8,6.4,10.5
21982,0.548,0,NORMAL,11.2,2.0,3.1,8.7
21983,0.547,0,NORMAL,11.2,2.0,3.0,8.6
21984,1.0,0,ANOMALY,13.2,15.8,3.2,8.6
21985,0.6132,0,WARNING,11.2,2.8,6.9,11.5
21986,0.4969,0,NORMAL,11.2,3.1,9.6,11.2
21987,0.4983,0,NORMAL,11.1,2.1,4.9,7.5
21988,0.4625,0,NORMAL,11.1,1.5,5.1,7.5
21989,0.8271,0,WARNING,11.2,3.6,5.0,7.5
21990,0.8811,0,WARNING,11.2,3.2,5.9,8.0
21991,0.5782,0,NORMAL,11.1,3.5,12.9,12.5
21992,0.3992,0,NORMAL,11.0,1.5,5.2,7.4
21993,0.3861,0,NORMAL,11.0,1.5,4.9,7.5
21994,0.9971,0,WARNING,12.2,14.6,4.9,7.4
21995,0.3731,0,NORMAL,11.0,2.6,5.0,7.7
21996,0.6161,0,WARNING,11.1,2.5,13.9,13.2
21997,0.3883,0,NORMAL,11.0,2.0,5.8,7.6
21998,0.3866,0,NORMAL,11.0,2.2,3.8,7.9
21999,0.3851,0,NORMAL,11.0,1.4,3.5,7.3
22000,0.9971,0,WARNING,11.0,2.0,3.4,10.4
22001,0.5385,0,NORMAL,11.1,3.4,12.2,13.8
22002,0.3449,0,NORMAL,11.0,1.7,5.1,8.6
22003,0.3174,0,NORMAL,11.0,2.1,5.1,7.9
22004,1.0,0,ANOMALY,14.5,18.5,4.4,7.3
22005,0.2847,0,NORMAL,10.9,1.6,2.0,5.9
22006,0.4869,0,NORMAL,11.0,3.1,10.9,13.2
22007,0.5377,0,NORMAL,10.9,2.5,2.2,8.6
22008,0.3389,0,NORMAL,10.9,1.6,2.5,8.3
22009,0.3957,0,NORMAL,10.9,2.4,3.1,8.9
22010,0.3389,0,NORMAL,10.8,2.0,3.2,8.8
22011,0.5302,0,NORMAL,10.9,3.4,11.8,14.2
22012,0.395,0,NORMAL,10.9,2.2,4.2,8.4
22013,0.3384,0,NORMAL,10.8,1.8,2.4,8.4
22014,0.9968,0,WARNING,12.2,14.4,2.3,8.6
22015,0.5272,0,NORMAL,11.0,3.4,2.6,9.2
22016,0.5775,0,NORMAL,11.0,3.4,11.4,14.8
22017,0.5772,0,NORMAL,10.8,2.4,4.1,9.0
22018,0.6136,0,WARNING,10.8,1.7,2.5,9.2
22019,0.4947,0,NORMAL,10.8,2.5,2.5,8.7
22020,0.3956,0,NORMAL,10.8,1.9,2.3,8.4
22021,0.487,0,NORMAL,10.9,3.1,11.0,12.8
22022,0.309,0,NORMAL,10.8,1.9,3.7,7.1
22023,0.3866,0,NORMAL,10.8,1.6,2.2,8.1
22024,1.0,0,ANOMALY,14.0,18.1,2.3,8.9
22025,0.2802,0,NORMAL,10.8,1.4,2.3,7.6
22026,0.4906,0,NORMAL,10.9,2.5,10.9,13.7
22027,0.262,0,NORMAL,10.8,2.2,3.8,7.2
22028,0.3183,0,NORMAL,10.8,1.6,2.0,7.1
22029,0.2769,0,NORMAL,10.7,2.2,2.2,8.4
22030,0.998,0,WARNING,10.7,2.2,2.2,11.6
22031,0.5775,0,NORMAL,10.8,2.2,8.8,12.9
22032,0.6664,0,WARNING,10.9,4.0,5.8,9.1
22033,0.7016,0,WARNING,10.9,2.4,2.6,10.1
22034,0.9976,0,WARNING,11.8,14.5,2.8,9.9
22035,0.2098,0,NORMAL,10.8,1.9,2.3,8.6
22036,0.2222,0,NORMAL,10.8,2.4,6.1,11.4
22037,0.3174,0,NORMAL,10.8,3.3,8.5,12.5
22038,0.2205,0,NORMAL,10.8,1.9,2.7,8.5
22039,0.3076,0,NORMAL,10.8,2.3,2.8,8.5
22040,0.2166,0,NORMAL,10.8,1.8,2.8,8.5
22041,0.4948,0,NORMAL,10.8,2.1,3.6,10.7
22042,0.4747,0,NORMAL,10.9,2.9,10.7,14.8
22043,0.4943,0,NORMAL,10.8,1.8,2.5,9.6
22044,1.0,0,ANOMALY,13.5,17.2,2.7,8.3
22045,0.235,0,NORMAL,10.8,1.8,2.6,7.3
22046,0.1804,0,NORMAL,10.8,1.4,2.5,7.1
22047,0.5018,0,NORMAL,10.8,3.2,11.4,12.9
22048,0.2861,0,NORMAL,10.7,2.5,2.8,7.4
22049,0.4473,0,NORMAL,10.8,3.4,5.0,9.8
22050,0.685,0,WARNING,10.6,3.0,6.0,10.1
22051,0.4586,0,NORMAL,10.4,2.9,5.2,9.3
22052,0.4806,0,NORMAL,10.3,2.9,11.0,12.6
22053,0.2506,0,NORMAL,10.2,2.0,1.8,6.9
22054,0.9969,0,WARNING,11.4,14.0,1.9,7.1
22055,0.306,0,NORMAL,10.3,2.1,1.8,7.1
22056,0.5775,0,NORMAL,10.3,2.4,2.2,9.0
22057,0.647,0,WARNING,10.4,3.2,11.5,15.0
22058,0.2661,0,NORMAL,10.3,2.2,3.6,7.4
22059,0.7165,0,WARNING,10.6,3.7,5.9,10.2
22060,0.9947,0,WARNING,10.6,3.3,7.2,13.8
22061,1.0,0,ANOMALY,11.1,6.0,12.7,11.4
22062,1.0,1,ANOMALY,11.4,7.7,24.0,17.9
22063,1.0,1,ANOMALY,11.4,7.4,17.2,12.9
22064,1.0,1,ANOMALY,15.2,23.7,16.4,13.0
22065,1.0,1,ANOMALY,12.0,12.1,27.7,15.8
22066,0.6993,1,WARNING,10.3,3.6,3.8,8.4
22067,0.6051,0,WARNING,10.2,3.3,11.5,13.9
22068,0.5099,0,NORMAL,10.1,2.2,4.1,8.2
22069,0.4286,0,NORMAL,10.1,2.4,2.2,7.4
22070,0.3468,0,NORMAL,10.1,2.6,2.1,7.3
22071,0.6047,0,WARNING,10.9,3.3,4.0,8.9
22072,0.7149,0,WARNING,11.5,3.2,13.2,14.7
22073,0.7193,0,WARNING,11.3,2.6,4.8,9.3
22074,0.9973,0,WARNING,12.1,13.2,2.6,8.5
22075,0.6829,0,WARNING,11.3,2.6,2.9,9.1
22076,0.6697,0,WARNING,11.3,2.6,2.8,9.6
22077,0.6877,0,WARNING,11.4,4.0,12.3,15.6
22078,0.7156,0,WARNING,11.4,3.0,6.2,10.0
22079,0.7153,0,WARNING,11.4,2.8,3.7,8.9
22080,0.695,0,WARNING,11.3,1.4,2.5,9.3
22081,0.6762,0,WARNING,11.3,3.5,2.7,10.0
22082,0.6695,0,WARNING,11.3,3.3,9.6,14.4
22083,0.655,0,WARNING,11.2,3.0,5.8,9.5
22084,1.0,0,ANOMALY,18.4,23.8,1.9,7.4
22085,0.622,0,WARNING,11.2,2.4,1.9,7.4
22086,0.6136,0,WARNING,11.1,1.9,2.4,9.5
22087,0.5849,0,NORMAL,11.1,2.7,6.2,10.6
22088,0.5853,0,NORMAL,11.1,2.6,7.8,11.1
22089,0.6468,0,WARNING,11.1,2.5,2.6,9.7
22090,0.9913,0,WARNING,11.0,2.0,2.4,10.5
22091,0.5382,0,NORMAL,11.0,2.2,2.1,7.3
22092,0.5329,0,NORMAL,11.0,2.0,3.0,7.8
22093,0.5326,0,NORMAL,11.1,3.0,9.3,12.2
22094,0.9975,0,WARNING,11.8,13.7,2.0,7.2
22095,0.497,0,NORMAL,11.0,2.0,2.0,7.3
22096,0.4558,0,NORMAL,10.9,2.3,2.0,7.3
22097,0.5501,0,NORMAL,11.0,2.2,3.0,9.0
22098,0.6933,0,WARNING,11.5,4.2,14.0,14.6
22099,0.7343,0,WARNING,11.6,3.9,7.2,8.6
22100,0.737,0,WARNING,11.7,3.0,7.0,8.6
22101,0.7345,0,WARNING,11.6,3.2,5.3,8.0
22102,0.7238,0,WARNING,11.4,2.4,2.5,9.2
22103,0.712,0,WARNING,11.5,3.0,11.6,15.0
22104,1.0,0,ANOMALY,17.3,21.4,3.1,8.6
22105,0.7059,0,WARNING,11.4,2.4,2.4,8.3
22106,0.6988,0,WARNING,11.4,1.9,2.4,9.3
22107,0.6948,0,WARNING,11.3,2.2,2.5,9.6
22108,0.697,0,WARNING,11.5,3.3,11.7,15.0
22109,0.7263,0,WARNING,11.7,3.4,7.8,8.6
22110,0.7466,0,WARNING,11.7,4.0,7.2,8.4
22111,0.7492,0,WARNING,11.7,3.5,7.0,8.4
22112,0.7469,0,WARNING,11.5,2.1,3.4,9.3
22113,0.7361,0,WARNING,11.6,3.1,11.6,15.1
22114,0.9973,0,WARNING,12.4,13.9,4.4,9.5
22115,0.71,0,WARNING,11.4,2.1,2.7,9.6
22116,0.72,0,WARNING,11.6,2.9,4.6,9.1
22117,0.7277,0,WARNING,11.5,2.1,3.4,8.7
22118,0.7139,0,WARNING,11.5,2.7,10.7,11.4
22119,0.6954,0,WARNING,11.4,2.0,3.4,8.2
22120,0.9932,0,WARNING,11.4,1.8,2.4,11.3
22121,0.673,0,WARNING,11.4,1.8,2.2,9.0
22122,0.666,0,WARNING,11.3,1.8,2.4,9.5
22123,0.6688,0,WARNING,11.5,3.1,11.4,15.3
22124,1.0,0,ANOMALY,14.6,19.0,4.4,9.8
22125,0.6519,0,WARNING,11.4,2.1,2.7,9.5
22126,0.6467,0,WARNING,11.3,2.2,2.6,9.7
22127,0.6295,0,WARNING,11.3,2.2,2.5,7.7
22128,0.6179,0,WARNING,11.4,2.9,10.7,11.9
22129,0.6089,0,WARNING,11.3,2.2,2.2,8.4
22130,0.6469,0,WARNING,11.2,1.8,2.6,9.9
22131,0.6138,0,WARNING,11.2,1.8,2.5,9.5
22132,0.6139,0,WARNING,11.2,1.9,2.7,9.6
22133,0.5365,0,NORMAL,11.2,4.0,9.4,12.8
22134,0.9971,0,WARNING,11.9,13.5,5.6,9.9
22135,0.5022,0,NORMAL,11.1,2.3,2.2,8.4
22136,0.5774,0,NORMAL,11.2,2.2,2.5,9.4
22137,0.538,0,NORMAL,11.1,2.9,2.6,9.4
22138,0.647,0,WARNING,11.1,2.4,6.7,12.1
22139,0.4715,0,NORMAL,11.1,2.8,8.5,12.1
22140,0.4417,0,NORMAL,11.0,1.6,2.3,7.4
22141,0.4185,0,NORMAL,11.0,2.0,2.1,7.1
22142,0.3947,0,NORMAL,11.0,2.1,1.9,7.0
22143,0.382,0,NORMAL,10.9,2.4,2.9,7.8
22144,1.0,0,ANOMALY,14.2,19.3,9.3,12.3
22145,0.5245,0,NORMAL,10.9,2.3,2.0,7.4
22146,0.3675,0,NORMAL,11.0,1.9,1.7,6.3
22147,0.3656,0,NORMAL,11.0,2.5,1.9,7.8
22148,0.3458,0,NORMAL,11.0,1.9,2.3,8.2
22149,0.4911,0,NORMAL,11.1,4.1,11.1,13.5
22150,0.9967,0,WARNING,11.0,1.8,2.6,12.1
22151,0.3609,0,NORMAL,10.9,2.2,2.5,7.9
22152,0.2815,0,NORMAL,10.9,2.1,2.2,7.5
22153,0.2231,0,NORMAL,10.8,2.3,2.1,7.3
22154,0.9974,0,WARNING,11.6,14.5,11.1,13.5
22155,0.613,0,WARNING,10.8,2.1,2.7,9.5
22156,0.6136,0,WARNING,10.8,2.3,2.7,9.5
22157,0.4947,0,NORMAL,11.1,2.7,3.2,9.4
22158,0.486,0,NORMAL,11.1,1.9,2.5,7.6
22159,0.4763,0,NORMAL,11.2,3.6,10.9,12.7
22160,0.458,0,NORMAL,11.1,1.6,3.3,7.2
22161,0.4131,0,NORMAL,11.0,2.1,2.1,7.1
22162,0.3711,0,NORMAL,11.0,2.1,2.1,7.0
22163,0.3702,0,NORMAL,11.0,2.3,1.8,7.0
22164,1.0,0,ANOMALY,15.2,20.4,10.7,12.6
22165,0.5759,0,NORMAL,11.0,1.6,1.9,7.1
22166,0.3875,0,NORMAL,11.0,1.6,1.7,7.0
22167,0.335,0,NORMAL,11.0,1.9,1.9,7.1
22168,0.3206,0,NORMAL,11.0,1.3,2.1,8.0
22169,0.7329,0,WARNING,11.2,4.4,11.9,14.6
22170,0.3372,0,NORMAL,11.0,1.2,4.1,6.7
22171,0.3157,0,NORMAL,11.0,1.1,2.0,7.2
22172,0.4947,0,NORMAL,10.9,2.3,2.2,8.8
22173,0.6139,0,WARNING,11.0,1.9,2.5,9.3
22174,0.9977,0,WARNING,12.2,15.1,11.7,14.9
22175,0.448,0,NORMAL,11.1,1.5,5.9,8.1
22176,0.4469,0,NORMAL,11.1,2.0,4.6,7.6
22177,0.4354,0,NORMAL,11.1,2.1,4.4,7.9
22178,0.4238,0,NORMAL,11.1,1.7,2.6,8.0
22179,0.4967,0,NORMAL,11.1,3.2,11.1,13.1
22180,0.9974,0,WARNING,11.0,2.2,3.9,11.8
22181,0.5772,0,NORMAL,11.0,1.8,2.7,9.0
22182,0.3661,0,NORMAL,11.0,2.3,2.4,8.1
22183,0.3956,0,NORMAL,11.0,2.1,2.2,8.2
22184,1.0,0,ANOMALY,14.5,19.7,9.1,12.3
22185,0.4627,0,NORMAL,11.0,2.6,6.0,9.9
22186,0.2981,0,NORMAL,10.9,1.7,2.1,7.0
22187,0.2614,0,NORMAL,10.9,2.2,1.9,6.8
22188,1.0,0,ANOMALY,10.9,2.0,1.9,8.9
22189,0.2368,0,NORMAL,10.9,2.5,5.6,9.2
22190,0.3077,0,NORMAL,10.9,2.5,7.0,9.9
22191,0.3162,0,NORMAL,11.0,2.4,2.5,7.4
22192,0.5149,0,NORMAL,11.5,1.9,3.6,7.4
22193,0.5099,0,NORMAL,11.4,2.1,2.8,8.2
22194,0.9972,0,WARNING,11.9,13.2,3.5,8.6
22195,0.4652,0,NORMAL,11.3,2.6,10.1,11.7
22196,0.4525,0,NORMAL,11.1,1.3,2.0,6.8
22197,0.4563,0,NORMAL,11.2,3.3,3.3,8.2
22198,0.4947,0,NORMAL,11.1,2.5,2.8,8.7
22199,0.4391,0,NORMAL,11.1,2.0,2.1,7.4
22200,0.6139,0,WARNING,11.2,2.7,11.2,14.4
22201,0.5773,0,NORMAL,11.1,1.6,2.3,8.7
22202,0.4404,0,NORMAL,11.1,1.6,2.2,7.5
22203,0.406,0,NORMAL,11.0,1.5,1.9,6.6
22204,1.0,0,ANOMALY,14.0,18.5,1.8,6.6
22205,0.4788,0,NORMAL,11.2,3.1,10.7,12.2
22206,0.3747,0,NORMAL,11.1,1.9,1.8,6.5
22207,0.3543,0,NORMAL,11.1,2.2,1.8,6.6
22208,0.3403,0,NORMAL,11.0,1.7,1.8,6.7
22209,0.415,0,NORMAL,11.0,2.6,1.8,6.6
22210,0.9947,0,WARNING,11.1,3.7,10.8,15.0
22211,0.5192,0,NORMAL,10.9,1.8,2.0,7.5
22212,0.5441,0,NORMAL,11.2,3.1,2.9,8.6
22213,0.538,0,NORMAL,11.1,2.0,2.7,8.5
22214,0.9975,0,WARNING,12.5,14.7,2.6,8.5
22215,0.577,0,NORMAL,11.2,3.5,11.4,14.1
22216,0.3744,0,NORMAL,11.1,1.8,3.7,7.6
22217,0.4944,0,NORMAL,11.0,1.8,2.2,8.3
22218,0.3955,0,NORMAL,11.0,1.3,2.3,8.0
22219,0.4948,0,NORMAL,11.0,1.7,2.3,8.3
22220,0.5207,0,NORMAL,11.1,3.3,11.8,13.5
22221,0.4678,0,NORMAL,11.4,2.7,6.4,7.3
22222,0.5159,0,NORMAL,11.4,2.3,5.1,7.4
22223,0.5202,0,NORMAL,11.4,2.2,5.0,7.3
22224,1.0,0,ANOMALY,14.6,18.7,3.1,8.2
22225,0.5163,0,NORMAL,11.3,3.3,11.5,13.4
22226,0.6133,0,WARNING,11.1,1.4,4.0,8.5
22227,0.4731,0,NORMAL,11.1,1.8,2.3,7.7
22228,0.456,0,NORMAL,11.1,1.6,2.2,6.4
22229,0.4547,0,NORMAL,11.1,1.8,2.2,6.2
22230,0.4965,0,NORMAL,11.2,2.4,11.1,11.9
22231,0.4025,0,NORMAL,11.1,1.7,3.6,6.3
22232,0.3592,0,NORMAL,11.0,1.8,1.8,6.8
22233,0.3995,0,NORMAL,11.2,1.4,3.9,7.9
22234,0.9975,0,WARNING,12.2,13.7,5.0,7.0
22235,0.5558,0,NORMAL,11.7,4.2,12.9,12.0
22236,0.5221,0,NORMAL,11.4,2.9,7.8,7.6
22237,0.5263,0,NORMAL,11.4,3.2,5.1,7.2
22238,0.5255,0,NORMAL,11.4,1.9,5.0,7.1
22239,0.5204,0,NORMAL,11.2,1.8,2.9,8.0
22240,0.9974,0,WARNING,11.3,3.1,8.7,12.9
22241,0.4927,0,NORMAL,11.2,3.2,8.7,10.1
22242,0.4786,0,NORMAL,11.1,1.8,2.0,6.8
22243,0.4717,0,NORMAL,11.1,1.7,1.6,5.8
22244,1.0,0,ANOMALY,14.8,19.1,1.7,6.0
22245,0.4237,0,NORMAL,11.0,1.8,2.7,6.5
22246,0.4179,0,NORMAL,11.0,2.3,8.7,10.8
22247,0.4085,0,NORMAL,11.0,1.7,1.8,7.1
22248,0.5777,0,NORMAL,11.0,1.8,1.9,8.0
22249,0.4166,0,NORMAL,11.0,2.2,1.8,6.9
22250,0.4948,0,NORMAL,11.1,1.9,2.4,8.0
22251,0.5219,0,NORMAL,11.1,2.7,11.8,12.8
22252,0.4724,0,NORMAL,11.1,3.3,5.2,6.4
22253,0.4562,0,NORMAL,11.1,1.7,2.0,5.7
22254,0.9971,0,WARNING,12.0,13.3,1.6,5.8
22255,0.4328,0,NORMAL,11.1,1.9,1.5,5.8
22256,0.4946,0,NORMAL,11.1,2.8,10.7,13.2
22257,1.0,0,ANOMALY,11.3,17.7,3.5,9.1
22258,0.3963,0,NORMAL,6.9,2.6,2.4,7.5
22259,0.3712,0,NORMAL,6.9,1.8,1.9,6.2
22260,0.3325,0,NORMAL,6.8,1.6,1.7,5.6
22261,0.475,0,NORMAL,6.9,3.0,10.4,11.2
22262,0.2857,0,NORMAL,6.8,1.4,1.6,5.9
22263,0.2735,0,NORMAL,6.8,1.9,1.5,5.6
22264,1.0,0,ANOMALY,10.1,18.8,1.6,6.1
22265,0.3376,0,NORMAL,6.8,2.4,2.8,7.2
22266,0.532,0,NORMAL,6.9,3.8,12.0,12.9
22267,0.6579,0,WARNING,6.9,3.4,4.6,6.7
22268,0.3084,0,NORMAL,6.7,2.6,3.3,7.2
22269,0.3387,0,NORMAL,6.7,2.0,2.5,7.0
22270,0.9971,0,WARNING,6.8,1.8,1.7,8.6
22271,0.6036,0,WARNING,6.9,3.7,13.1,12.1
22272,0.3471,0,NORMAL,6.7,2.9,3.7,6.9
22273,0.2856,0,NORMAL,6.7,2.7,2.7,6.5
22274,0.9981,0,WARNING,7.3,13.4,3.4,7.2
22275,0.2758,0,NORMAL,6.7,1.7,2.9,6.8
22276,0.5558,0,NORMAL,6.8,3.1,12.3,11.9
22277,0.2548,0,NORMAL,6.7,2.1,3.6,5.5
22278,0.1856,0,NORMAL,6.6,2.2,1.5,5.5
22279,0.3512,0,NORMAL,6.6,2.4,1.5,5.5
22280,0.2627,0,NORMAL,6.6,1.4,1.4,5.4
22281,0.4695,0,NORMAL,6.7,3.2,10.3,11.1
22282,0.2873,0,NORMAL,6.7,2.3,2.0,5.3
22283,0.3868,0,NORMAL,6.6,2.5,3.0,5.7
22284,1.0,0,ANOMALY,11.8,21.1,4.2,6.5
22285,0.5276,0,NORMAL,6.7,3.2,4.6,6.4
22286,0.5466,0,NORMAL,6.7,3.3,12.1,11.2
22287,0.2147,0,NORMAL,6.6,2.6,6.6,7.3
22288,0.3384,0,NORMAL,6.6,2.1,2.1,6.8
22289,0.4947,0,NORMAL,6.5,1.6,2.0,7.1
22290,0.211,0,NORMAL,6.5,2.5,3.0,6.2
22291,0.7676,0,WARNING,6.7,4.4,8.3,8.9
22292,0.4415,0,NORMAL,6.5,3.4,10.2,9.0
22293,0.4468,0,NORMAL,6.5,1.9,2.5,7.0
22294,1.0,0,ANOMALY,10.5,19.0,1.9,6.5
22295,0.5371,0,NORMAL,6.6,1.8,1.9,7.2
22296,0.3953,0,NORMAL,6.5,2.3,2.8,7.2
22297,0.4947,0,NORMAL,6.5,2.2,9.6,11.7
22298,0.3385,0,NORMAL,6.5,1.4,1.8,6.4
22299,0.3079,0,NORMAL,6.5,1.7,1.4,4.9
22300,0.9932,0,WARNING,6.5,1.9,1.4,7.8
22301,0.2422,0,NORMAL,6.5,1.3,1.3,4.8
22302,0.5168,0,NORMAL,6.6,3.4,10.8,11.0
22303,0.49,0,NORMAL,6.6,3.5,3.7,6.1
22304,1.0,0,ANOMALY,10.8,19.3,1.7,5.9
22305,0.327,0,NORMAL,6.5,1.5,1.5,6.2
22306,0.2574,0,NORMAL,6.5,2.1,1.4,5.8
22307,0.6139,0,WARNING,6.5,2.9,10.5,12.6
22308,0.5774,0,NORMAL,6.5,2.1,1.6,7.1
22309,0.2174,0,NORMAL,6.5,2.0,1.9,6.1
22310,0.339,0,NORMAL,6.5,1.4,2.6,6.4
22311,0.4948,0,NORMAL,6.5,1.5,2.5,7.0
22312,0.5016,0,NORMAL,6.5,3.4,11.3,12.1
22313,0.3075,0,NORMAL,6.5,1.6,4.0,6.3
22314,0.9976,0,WARNING,7.9,15.4,1.6,5.2
22315,0.3057,0,NORMAL,6.5,2.3,1.3,4.8
22316,0.3051,0,NORMAL,6.5,1.8,1.5,5.0
22317,0.4697,0,NORMAL,6.6,3.2,10.0,10.9
22318,0.5774,0,NORMAL,6.5,2.3,2.4,7.8
22319,0.4946,0,NORMAL,6.5,1.8,2.6,7.1
22320,0.2769,0,NORMAL,6.5,1.5,3.9,7.1
22321,0.1394,0,NORMAL,6.5,2.0,4.2,5.5
22322,0.5824,0,NORMAL,6.6,3.0,12.9,10.9
22323,0.3092,0,NORMAL,6.5,2.2,5.8,5.5
22324,1.0,0,ANOMALY,14.2,23.6,2.6,5.5
22325,0.5453,0,NORMAL,6.5,1.9,2.8,6.3
22326,0.1927,0,NORMAL,6.5,2.6,3.7,6.2
22327,0.616,0,WARNING,6.6,2.9,13.5,11.5
22328,0.395,0,NORMAL,6.5,2.1,4.7,6.8
22329,0.2747,0,NORMAL,6.5,1.4,2.7,6.3
22330,0.9999,0,WARNING,6.4,1.7,1.3,6.6
22331,0.3064,0,NORMAL,6.5,1.1,1.3,5.4
22332,0.5777,0,NORMAL,6.5,3.0,10.6,12.3
22333,0.2765,0,NORMAL,6.5,2.0,4.2,6.5
22334,0.9967,0,WARNING,7.2,12.8,1.9,7.0
22335,0.9999,0,WARNING,6.4,1.8,1.1,3.4
22336,0.2443,0,NORMAL,6.5,1.4,1.0,4.0
22337,0.4471,0,NORMAL,6.5,2.6,9.7,10.8
22338,0.2766,0,NORMAL,6.5,2.6,5.5,7.0
22339,0.3385,0,NORMAL,6.5,2.1,2.6,6.3
22340,0.8636,0,WARNING,6.7,3.3,1.5,4.8
22341,0.3311,0,NORMAL,6.5,1.6,1.3,4.7
22342,0.3321,0,NORMAL,6.5,2.5,5.4,7.2
22343,0.3054,0,NORMAL,6.5,2.8,5.9,7.5
22344,1.0,0,ANOMALY,9.3,17.7,1.3,4.7
22345,0.3035,0,NORMAL,6.5,2.0,1.2,4.9
22346,0.3307,0,NORMAL,6.5,1.6,1.0,4.7
22347,0.4948,0,NORMAL,6.5,1.8,3.4,7.9
22348,0.5169,0,NORMAL,6.7,3.2,11.6,11.4
22349,0.3033,0,NORMAL,6.6,2.0,3.8,5.8
22350,0.298,0,NORMAL,6.6,1.6,5.4,6.2
22351,0.2757,0,NORMAL,6.6,2.1,2.3,5.4
22352,0.3955,0,NORMAL,6.6,1.8,1.6,6.2
22353,0.4695,0,NORMAL,6.6,2.3,10.4,11.5
22354,0.9963,0,WARNING,7.4,13.0,2.1,5.1
22355,0.3072,0,NORMAL,6.6,1.9,1.2,4.4
22356,0.2752,0,NORMAL,6.6,1.8,1.2,4.6
22357,0.9999,0,WARNING,6.5,1.9,1.2,5.9
22358,0.4695,0,NORMAL,6.6,2.6,10.0,11.1
22359,0.5378,0,NORMAL,6.6,1.7,1.5,6.5
22360,0.9982,0,WARNING,6.6,1.4,1.7,9.6
22361,0.5774,0,NORMAL,6.7,2.7,2.2,6.7
22362,0.3083,0,NORMAL,6.7,2.1,3.6,5.3
22363,0.5015,0,NORMAL,6.6,2.2,11.1,11.7
22364,1.0,0,ANOMALY,9.8,18.1,5.4,5.2
22365,0.3077,0,NORMAL,6.6,2.0,3.8,5.4
22366,0.2869,0,NORMAL,6.6,1.3,4.1,5.1
22367,0.3019,0,NORMAL,6.6,1.9,4.1,5.4
22368,0.5911,0,NORMAL,6.7,2.8,12.9,10.8
22369,0.2633,0,NORMAL,6.6,1.9,5.7,5.4
22370,0.8602,0,WARNING,7.0,5.3,3.5,5.3
22371,0.9999,0,WARNING,6.5,1.4,1.8,6.0
22372,0.5381,0,NORMAL,6.7,1.7,1.8,6.5
22373,0.4751,0,NORMAL,6.7,3.3,10.3,9.8
22374,0.9962,0,WARNING,7.4,12.9,3.2,5.2
22375,0.5769,0,NORMAL,6.7,1.8,1.8,6.5
22376,0.6137,0,WARNING,6.7,1.6,2.0,6.8
22377,0.9999,0,WARNING,6.6,1.3,1.6,5.5
22378,0.5777,0,NORMAL,6.8,3.2,10.3,11.9
22379,0.5774,0,NORMAL,6.7,1.9,2.9,6.5
22380,0.5379,0,NORMAL,6.7,1.0,1.7,6.3
22381,0.4474,0,NORMAL,6.6,1.1,2.7,6.3
22382,0.2913,0,NORMAL,6.7,2.1,3.2,5.5
22383,0.4804,0,NORMAL,6.7,3.1,10.9,11.5
22384,1.0,0,ANOMALY,12.8,21.5,2.9,4.3
22385,0.9999,0,WARNING,6.6,1.6,1.0,4.3
22386,0.9999,0,WARNING,6.6,1.5,0.9,4.7
22387,0.6139,0,WARNING,6.6,1.3,1.6,6.8
22388,0.614,0,WARNING,6.6,2.3,9.4,11.4
22389,0.6137,0,WARNING,6.6,2.4,4.2,7.4
22390,0.9999,0,WARNING,6.6,1.4,1.7,9.6
22391,0.6136,0,WARNING,6.7,1.5,1.9,6.7
22392,0.6138,0,WARNING,6.7,1.5,2.0,6.8
22393,0.6139,0,WARNING,6.7,2.5,5.9,9.1
22394,0.9968,0,WARNING,7.5,13.4,7.3,8.4
22395,0.5371,0,NORMAL,6.7,1.1,1.3,6.2
22396,0.3276,0,NORMAL,6.7,0.9,1.3,5.4
22397,0.9999,0,WARNING,6.6,1.0,1.5,6.4
22398,0.9999,0,WARNING,6.6,1.5,2.8,7.4
22399,0.6139,0,WARNING,6.7,1.9,9.8,11.5
22400,0.447,0,NORMAL,6.8,1.5,1.5,5.9
22401,0.9999,0,WARNING,6.7,1.2,1.4,4.8
22402,0.3058,0,NORMAL,6.7,1.5,1.4,5.3
22403,0.5777,0,NORMAL,6.7,1.2,1.8,6.5
22404,1.0,0,ANOMALY,11.1,20.7,10.5,11.9
22405,0.9999,0,WARNING,6.6,1.3,1.4,6.3
22406,0.9999,0,WARNING,6.6,1.5,1.6,6.4
22407,0.538,0,NORMAL,6.7,1.1,1.8,6.3
22408,0.2845,0,NORMAL,6.7,1.7,1.3,5.4
22409,0.464,0,NORMAL,6.7,3.0,10.0,10.9
22410,0.447,0,NORMAL,6.7,1.7,1.4,6.0
22411,0.538,0,NORMAL,6.7,1.1,2.0,6.3
22412,0.9999,0,WARNING,6.6,1.4,1.6,6.6
22413,0.9999,0,WARNING,6.6,1.5,1.7,6.7
22414,1.0,0,ANOMALY,9.1,17.2,10.6,11.4
22415,0.4718,0,NORMAL,6.7,1.2,2.9,4.1
22416,0.9999,0,WARNING,6.6,1.6,1.1,4.2
22417,0.9999,0,WARNING,6.6,1.1,1.0,4.0
22418,0.9999,0,WARNING,6.6,1.3,1.0,4.1
22419,0.4639,0,NORMAL,6.7,2.4,9.8,9.6
22420,0.9999,0,WARNING,6.7,1.5,1.1,7.5
22421,0.3645,0,NORMAL,6.8,1.5,1.0,4.6
22422,0.6139,0,WARNING,6.9,3.6,1.6,6.6
22423,0.9999,0,WARNING,6.6,0.8,1.7,6.7
22424,1.0,0,WARNING,8.6,16.6,11.1,11.6
22425,0.3902,0,NORMAL,6.8,1.8,3.4,4.3
22426,0.321,0,NORMAL,6.8,2.0,1.1,4.0
22427,0.3024,0,NORMAL,6.8,1.5,1.0,4.1
22428,0.6129,0,WARNING,6.9,4.4,1.0,4.1
22429,0.4695,0,NORMAL,6.8,2.9,9.9,9.7
22430,0.3324,0,NORMAL,6.8,1.1,1.1,4.2
22431,0.2479,0,NORMAL,6.8,1.5,1.0,4.1
22432,0.9999,0,WARNING,6.7,1.9,1.1,5.0
22433,0.4949,0,NORMAL,6.8,1.3,1.5,6.1
22434,1.0,0,ANOMALY,12.0,21.2,10.6,11.6
22435,0.9999,0,WARNING,6.7,1.7,3.4,6.3
22436,0.338,0,NORMAL,6.8,1.3,1.8,5.9
22437,0.9999,0,WARNING,6.7,1.3,1.0,3.1
22438,0.3958,0,NORMAL,6.8,1.6,1.8,5.6
22439,0.5016,0,NORMAL,6.9,3.1,10.1,9.3
22440,0.5461,0,NORMAL,6.9,3.4,5.3,5.3
22441,0.447,0,NORMAL,6.9,1.2,2.3,6.0
22442,0.3073,0,NORMAL,6.9,1.4,2.7,4.6
22443,0.2867,0,NORMAL,6.9,1.3,2.0,5.1
22444,0.9965,0,WARNING,8.4,15.3,5.4,7.0
22445,0.2995,0,NORMAL,6.9,2.6,6.3,6.9
22446,0.9999,0,WARNING,6.8,1.2,1.0,3.5
22447,0.2676,0,NORMAL,6.9,2.2,2.2,4.7
22448,0.4638,0,NORMAL,6.9,2.4,2.5,4.5
22449,0.2613,0,NORMAL,6.9,1.7,3.7,5.2
22450,0.9967,0,WARNING,6.9,1.9,10.6,12.4
22451,0.522,0,NORMAL,6.9,1.9,2.4,4.9
22452,0.2277,0,NORMAL,6.9,1.2,1.5,4.2
22453,0.9999,0,WARNING,6.8,1.1,1.3,5.8
22454,1.0,0,ANOMALY,10.6,18.3,1.4,6.1
22455,0.4699,0,NORMAL,6.9,2.8,10.4,11.1
22456,0.9999,0,WARNING,6.8,1.3,1.3,5.9
22457,0.9999,0,WARNING,6.8,1.8,1.9,5.9
22458,0.4475,0,NORMAL,6.9,2.4,2.6,6.1
22459,0.277,0,NORMAL,6.9,1.8,2.7,5.6
22460,0.5691,0,NORMAL,7.0,2.9,12.0,10.6
22461,0.2952,0,NORMAL,6.9,1.4,4.5,4.7
22462,0.1819,0,NORMAL,6.9,1.6,3.9,4.8
22463,0.2155,0,NORMAL,6.9,1.6,3.9,4.7
22464,1.0,0,ANOMALY,11.6,19.6,4.0,4.8
22465,0.5785,0,NORMAL,7.0,3.0,12.2,10.0
22466,0.9999,0,WARNING,6.8,1.8,2.5,4.3
22467,0.5379,0,NORMAL,6.9,1.6,1.3,6.0
22468,0.1574,0,NORMAL,6.9,1.6,1.2,4.3
22469,0.1814,0,NORMAL,6.9,1.7,1.0,4.0
22470,0.4639,0,NORMAL,6.9,3.0,9.8,9.4
22471,0.2399,0,NORMAL,6.9,1.3,1.0,4.0
22472,0.2069,0,NORMAL,6.9,1.7,1.1,4.4
22473,0.9999,0,WARNING,6.8,0.9,1.2,5.0
22474,1.0,0,ANOMALY,9.5,17.0,2.0,6.0
22475,0.6119,0,WARNING,7.0,3.1,12.6,10.2
22476,0.5374,0,NORMAL,6.9,1.7,3.9,6.2
22477,0.9999,0,WARNING,6.8,1.9,2.1,6.3
22478,0.181,0,NORMAL,7.0,1.6,3.4,4.9
22479,0.2144,0,NORMAL,7.0,1.6,4.1,4.8
22480,0.9889,0,WARNING,7.1,2.8,12.8,12.9
22481,0.5149,0,NORMAL,7.0,1.8,5.7,4.7
22482,0.1536,0,NORMAL,7.0,1.6,4.0,4.7
22483,0.3856,0,NORMAL,7.0,1.6,4.0,4.7
22484,0.9967,0,WARNING,8.6,15.2,4.0,4.8
22485,0.6121,0,WARNING,7.1,2.3,13.0,10.1
22486,0.2826,0,NORMAL,7.0,1.5,5.7,4.8
22487,0.1451,0,NORMAL,7.0,1.8,4.0,4.7
22488,0.2687,0,NORMAL,7.0,1.6,3.6,4.8
22489,0.169,0,NORMAL,7.0,1.7,3.4,5.2
22490,0.5602,0,NORMAL,7.1,2.6,11.5,9.3
22491,0.2456,0,NORMAL,7.1,1.9,6.8,5.4
22492,0.2471,0,NORMAL,7.0,1.6,3.9,4.6
22493,0.1599,0,NORMAL,7.0,1.8,4.0,4.8
22494,1.0,0,ANOMALY,9.4,16.6,3.2,5.2
22495,0.6132,0,WARNING,7.0,2.6,6.4,9.1
22496,0.5376,0,NORMAL,7.0,2.6,6.9,8.8
22497,0.9999,0,WARNING,6.9,1.9,1.6,5.9
22498,0.6139,0,WARNING,7.0,1.3,1.5,6.2
22499,0.3451,0,NORMAL,7.0,2.1,1.6,5.2
22500,0.5777,0,NORMAL,7.0,1.4,2.5,6.7
22501,0.5381,0,NORMAL,7.0,2.5,10.0,11.1
22502,0.2701,0,NORMAL,7.0,1.2,1.9,5.0
22503,0.1809,0,NORMAL,7.0,1.4,1.3,4.5
22504,1.0,0,ANOMALY,10.0,17.4,1.7,6.3
22505,0.9999,0,WARNING,6.9,1.3,1.7,6.1
22506,0.4913,0,NORMAL,7.0,2.5,10.6,10.4
22507,0.2283,0,NORMAL,7.0,1.6,1.9,4.2
22508,0.2152,0,NORMAL,7.0,1.5,1.7,4.2
22509,0.1604,0,NORMAL,7.0,1.4,1.7,4.1
22510,0.9875,0,WARNING,7.0,1.5,1.7,6.8
22511,0.5015,0,NORMAL,7.0,2.6,10.8,11.1
22512,0.3383,0,NORMAL,7.0,1.3,2.2,5.6
22513,0.2181,0,NORMAL,7.0,1.8,1.2,4.5
22514,1.0,0,ANOMALY,9.7,17.1,1.5,4.9
22515,0.577,0,NORMAL,7.1,1.5,2.3,6.8
22516,0.5018,0,NORMAL,7.2,2.8,11.5,11.9
22517,0.9999,0,WARNING,7.0,1.6,2.8,3.2
22518,0.2684,0,NORMAL,7.2,2.1,2.3,5.0
22519,0.5777,0,NORMAL,7.2,1.7,2.9,6.7
22520,0.3311,0,NORMAL,7.2,2.0,3.3,5.9
22521,0.538,0,NORMAL,7.2,2.8,10.5,11.2
22522,0.9999,0,WARNING,7.1,1.6,3.1,3.8
22523,0.5775,0,NORMAL,7.2,1.6,2.3,7.1
22524,1.0,0,WARNING,9.1,15.7,2.5,6.9
22525,0.3946,0,NORMAL,7.2,2.0,3.2,6.4
22526,0.7001,0,WARNING,7.4,3.3,14.1,10.9
22527,0.4947,0,NORMAL,7.3,2.5,7.1,5.8
22528,0.4537,0,NORMAL,7.3,2.3,4.9,5.6
22529,0.9999,0,WARNING,7.2,1.3,1.5,3.1
22530,0.9999,0,WARNING,7.2,1.3,1.0,4.3
22531,0.5017,0,NORMAL,7.3,2.5,10.7,11.4
22532,0.6136,0,WARNING,7.3,1.8,3.7,6.9
22533,0.6468,0,WARNING,7.3,2.3,2.0,7.0
22534,1.0,0,ANOMALY,9.5,16.1,1.8,6.8
22535,0.5769,0,NORMAL,7.3,1.4,1.9,6.7
22536,0.507,0,NORMAL,7.4,2.8,11.1,11.1
22537,0.9999,0,WARNING,7.2,2.1,3.4,6.7
22538,0.9999,0,WARNING,7.2,1.8,2.1,6.7
22539,0.6139,0,WARNING,7.3,1.6,2.2,6.8
22540,0.9989,0,WARNING,7.3,3.2,2.1,10.1
22541,0.6467,0,WARNING,7.3,1.9,8.8,11.0
22542,0.6136,0,WARNING,7.3,2.5,6.0,8.2
22543,0.9999,0,WARNING,7.2,2.2,1.1,3.3
22544,1.0,0,ANOMALY,10.2,17.8,1.3,6.3
22545,0.5373,0,NORMAL,7.3,1.8,1.9,6.3
22546,0.4946,0,NORMAL,7.3,2.3,5.5,8.5
22547,0.6771,0,WARNING,7.3,3.4,7.7,10.1
22548,0.4471,0,NORMAL,7.3,1.8,1.4,6.0
22549,0.9999,0,WARNING,7.2,1.4,1.5,6.5
22550,0.6773,0,WARNING,7.3,2.2,1.5,6.9
22551,0.3957,0,NORMAL,7.3,1.7,2.4,6.3
22552,0.647,0,WARNING,7.3,2.7,9.7,11.6
22553,0.7047,0,WARNING,7.3,2.6,1.8,7.1
22554,1.0,0,ANOMALY,9.5,16.5,2.6,5.4
22555,0.2337,0,NORMAL,7.3,1.5,2.6,5.1
22556,0.6468,0,WARNING,7.3,1.4,1.8,6.8
22557,0.7049,0,WARNING,7.3,3.2,11.0,12.8
22558,0.2763,0,NORMAL,7.3,2.0,3.1,6.1
22559,0.2417,0,NORMAL,7.4,1.9,2.1,5.0
22560,0.2434,0,NORMAL,7.3,1.6,1.9,4.5
22561,0.305,0,NORMAL,7.3,1.4,1.7,4.9
22562,0.4911,0,NORMAL,7.4,2.3,10.5,10.2
22563,0.2854,0,NORMAL,7.4,2.0,1.7,5.2
22564,1.0,0,ANOMALY,15.7,25.1,2.4,7.5
22565,0.6027,0,WARNING,7.4,2.3,2.5,7.1
22566,0.5376,0,NORMAL,7.4,1.8,2.6,6.9
22567,0.5776,0,NORMAL,7.4,3.0,11.4,12.6
22568,0.9999,0,WARNING,7.3,1.9,3.5,6.7
22569,0.3885,0,NORMAL,7.4,2.2,1.5,5.6
22570,0.9902,0,WARNING,7.4,1.4,2.0,9.0
22571,0.3954,0,NORMAL,7.5,1.5,3.7,6.6
22572,0.5318,0,NORMAL,7.6,2.7,11.8,11.7
22573,0.4943,0,NORMAL,7.5,2.0,4.7,6.6
22574,0.9966,0,WARNING,8.3,13.5,2.3,5.8
22575,0.6464,0,WARNING,7.4,1.8,1.8,6.8
22576,0.2172,0,NORMAL,7.4,2.0,1.5,5.0
22577,0.4697,0,NORMAL,7.4,3.2,10.0,10.0
22578,0.9999,0,WARNING,7.3,2.0,1.4,4.3
22579,0.3116,0,NORMAL,7.4,2.4,1.1,4.7
22580,0.9999,0,WARNING,7.3,2.0,1.0,4.9
22581,0.9999,0,WARNING,7.3,1.3,0.9,4.8
22582,0.4949,0,NORMAL,7.4,2.5,10.2,11.6
22583,0.4944,0,NORMAL,7.4,2.3,2.7,6.3
22584,1.0,0,ANOMALY,13.6,22.0,3.3,6.2
22585,0.5122,0,NORMAL,7.4,1.5,4.5,5.3
22586,0.1712,0,NORMAL,7.4,1.8,4.3,5.4
22587,0.6239,0,WARNING,7.5,3.5,13.3,10.8
22588,0.187,0,NORMAL,7.4,1.7,5.8,5.3
22589,0.8821,0,WARNING,7.6,4.5,3.4,6.3
22590,0.7337,0,WARNING,7.5,2.9,4.4,5.5
22591,0.1622,0,NORMAL,7.4,2.1,4.4,5.8
22592,0.4966,0,NORMAL,7.4,2.3,10.8,9.9
22593,0.3267,0,NORMAL,7.4,2.3,8.2,7.3
22594,0.9965,0,WARNING,8.2,13.3,4.9,5.4
22595,0.2054,0,NORMAL,7.4,1.8,4.7,5.9
22596,0.2341,0,NORMAL,7.4,1.9,4.6,5.8
22597,0.3932,0,NORMAL,7.4,2.1,8.6,8.2
22598,0.4915,0,NORMAL,7.4,2.7,10.6,8.8
22599,0.3794,0,NORMAL,7.3,1.5,3.2,6.3
22600,0.9947,0,WARNING,7.2,1.8,2.2,9.5
22601,0.3953,0,NORMAL,7.0,1.9,2.9,6.4
22602,0.6772,0,WARNING,6.9,2.3,3.0,7.7
22603,0.4473,0,NORMAL,6.9,2.8,9.8,11.0
22604,1.0,0,ANOMALY,10.7,19.6,1.4,4.6
22605,0.9999,0,WARNING,6.8,2.3,1.1,4.5
22606,0.3462,0,NORMAL,6.9,2.0,1.2,5.3
22607,0.339,0,NORMAL,6.9,2.2,2.0,6.0
22608,0.6158,0,WARNING,7.1,4.1,13.0,11.1
22609,0.5333,0,NORMAL,7.0,2.5,4.9,5.4
22610,0.3063,0,NORMAL,7.0,2.1,4.1,5.4
22611,0.3074,0,NORMAL,7.0,1.8,4.1,5.2
22612,0.295,0,NORMAL,7.0,1.5,4.0,5.4
22613,0.6118,0,WARNING,7.1,3.1,13.0,11.1
22614,1.0,0,ANOMALY,9.8,17.3,5.3,5.4
22615,0.3301,0,NORMAL,7.0,1.8,4.2,5.2
22616,0.3062,0,NORMAL,7.0,1.5,3.7,6.1
22617,0.2768,0,NORMAL,7.0,2.1,3.7,6.3
22618,0.4807,0,NORMAL,7.1,3.0,10.7,10.7
22619,0.4399,0,NORMAL,7.2,1.7,2.6,4.7
22620,0.3255,0,NORMAL,7.1,2.0,1.5,4.7
22621,0.295,0,NORMAL,7.1,1.8,1.2,4.6
22622,0.2481,0,NORMAL,7.1,1.8,1.2,4.7
22623,0.4803,0,NORMAL,7.1,3.8,10.2,10.0
22624,1.0,0,ANOMALY,9.8,16.9,1.4,4.9
22625,0.2882,0,NORMAL,7.2,1.8,1.3,5.2
22626,0.2119,0,NORMAL,7.2,2.0,1.3,4.9
22627,0.2371,0,NORMAL,7.2,1.4,1.9,4.6
22628,0.5016,0,NORMAL,7.2,2.7,10.5,11.2
22629,0.3952,0,NORMAL,7.2,2.5,3.7,6.3
22630,0.9971,0,WARNING,7.2,3.0,4.0,9.3
22631,0.544,0,NORMAL,7.2,3.7,4.7,5.7
22632,0.2765,0,NORMAL,7.3,2.2,2.0,5.6
22633,0.4696,0,NORMAL,7.2,2.3,10.3,11.2
22634,1.0,0,ANOMALY,11.1,19.4,5.1,6.1
22635,0.7102,0,WARNING,7.5,3.4,1.7,6.5
22636,0.6135,0,WARNING,7.3,2.1,1.8,6.9
22637,0.3956,0,NORMAL,7.3,1.1,1.8,6.1
22638,0.5648,0,NORMAL,7.4,2.8,12.7,11.7
22639,0.5377,0,NORMAL,7.3,1.7,3.9,6.3
22640,0.3081,0,NORMAL,7.4,1.0,1.2,3.2
22641,0.2143,0,NORMAL,7.8,1.2,1.4,3.5
22642,0.3745,0,NORMAL,7.9,1.2,0.9,4.1
22643,0.4476,0,NORMAL,8.0,2.4,8.6,10.3
22644,1.0,0,ANOMALY,11.2,18.5,5.0,6.6
22645,0.4497,0,NORMAL,7.9,1.6,2.1,4.9
22646,0.2291,0,NORMAL,7.9,2.2,2.3,5.1
22647,0.6138,0,WARNING,7.9,1.3,2.3,7.0
22648,0.6772,0,WARNING,7.9,1.7,5.5,9.1
22649,0.3671,0,NORMAL,8.0,2.3,9.0,9.4
22650,0.4197,0,NORMAL,7.8,1.6,1.6,5.8
22651,0.538,0,NORMAL,7.8,1.5,1.9,6.5
22652,0.5381,0,NORMAL,7.8,1.8,1.7,6.4
22653,0.4948,0,NORMAL,7.8,2.0,3.0,6.9
22654,1.0,0,ANOMALY,11.7,19.5,9.7,10.5
22655,0.5422,0,NORMAL,7.7,1.9,1.9,5.7
22656,0.217,0,NORMAL,7.8,2.3,1.6,5.2
22657,0.2091,0,NORMAL,7.7,1.6,2.5,6.1
22658,0.343,0,NORMAL,7.7,2.4,1.8,5.8
22659,0.6139,0,WARNING,7.8,2.7,10.5,12.3
22660,0.9901,0,WARNING,7.8,1.6,2.3,9.9
22661,0.3384,0,NORMAL,7.7,1.4,3.1,6.3
22662,0.2089,0,NORMAL,7.6,1.3,2.4,5.7
22663,0.6097,0,WARNING,7.5,2.4,2.5,5.0
22664,1.0,0,ANOMALY,11.1,19.7,11.2,10.7
22665,0.501,0,NORMAL,7.2,1.6,2.7,5.5
22666,0.6769,0,WARNING,7.2,1.7,1.7,7.0
22667,0.9999,0,WARNING,7.1,1.7,1.9,7.3
22668,0.6139,0,WARNING,7.2,1.5,1.7,6.8
22669,0.6139,0,WARNING,7.2,2.2,10.6,12.3
22670,0.3385,0,NORMAL,7.2,2.1,2.8,5.9
22671,0.9999,0,WARNING,7.1,1.5,1.6,7.2
22672,0.4948,0,NORMAL,7.2,1.7,1.6,6.4
22673,0.9999,0,WARNING,7.2,1.2,1.7,6.7
22674,1.0,0,ANOMALY,9.5,17.6,11.4,11.6
22675,0.4922,0,NORMAL,7.3,1.7,5.9,5.4
22676,0.259,0,NORMAL,7.3,2.0,4.6,5.9
22677,0.2179,0,NORMAL,7.3,1.9,4.5,5.8
22678,0.312,0,NORMAL,7.4,2.5,4.5,5.9
22679,0.6262,0,WARNING,7.6,3.2,15.1,12.1
22680,0.3821,0,NORMAL,7.6,2.5,7.1,6.1
22681,0.2366,0,NORMAL,7.3,1.6,4.6,6.0
22682,0.1985,0,NORMAL,7.3,1.6,3.8,5.9
22683,0.4473,0,NORMAL,7.3,1.4,2.3,6.5
22684,1.0,0,ANOMALY,9.9,17.8,10.8,11.3
22685,0.4361,0,NORMAL,7.4,1.8,3.2,5.8
22686,0.3041,0,NORMAL,7.4,1.9,2.0,5.5
22687,0.3064,0,NORMAL,7.4,1.5,2.3,5.1
22688,0.3859,0,NORMAL,7.4,1.5,2.1,5.0
22689,0.4584,0,NORMAL,7.4,2.0,10.0,10.3
22690,0.9953,0,WARNING,7.4,1.8,3.7,8.9
22691,0.3337,0,NORMAL,7.4,1.7,1.5,5.7
22692,0.1987,0,NORMAL,7.4,2.1,1.3,5.1
22693,0.5777,0,NORMAL,7.4,1.2,1.7,6.9
22694,1.0,0,ANOMALY,9.7,17.2,9.0,11.4
22695,0.3942,0,NORMAL,7.4,2.4,5.9,7.9
22696,0.5772,0,NORMAL,7.4,1.4,1.8,6.8
22697,0.3388,0,NORMAL,7.4,1.6,1.8,6.2
22698,0.4475,0,NORMAL,7.4,1.7,2.6,6.8
22699,0.4948,0,NORMAL,7.4,2.2,6.1,9.0
22700,0.2603,0,NORMAL,7.4,2.3,7.4,8.6
22701,0.9999,0,WARNING,7.3,1.6,1.3,5.4
22702,0.2469,0,NORMAL,7.5,1.4,2.2,5.6
22703,0.386,0,NORMAL,7.5,1.7,2.2,5.1
22704,1.0,0,ANOMALY,16.3,25.6,3.1,5.6
22705,0.6408,0,WARNING,7.5,3.2,9.7,10.2
22706,0.6325,0,WARNING,7.6,2.6,1.2,4.9
22707,0.538,0,NORMAL,7.5,1.9,1.8,6.9
22708,0.1542,0,NORMAL,7.5,1.5,2.2,5.2
22709,0.1504,0,NORMAL,7.5,1.9,2.4,5.4
22710,0.5169,0,NORMAL,7.6,2.9,11.2,10.8
22711,0.3071,0,NORMAL,7.5,1.7,2.0,5.7
22712,0.6469,0,WARNING,7.5,1.4,2.1,7.3
22713,0.647,0,WARNING,7.5,1.7,2.6,7.6
22714,0.9968,0,WARNING,8.8,14.5,2.8,7.6
22715,0.5417,0,NORMAL,7.7,3.1,12.0,12.4
22716,0.3414,0,NORMAL,7.7,1.9,3.3,6.1
22717,0.2087,0,NORMAL,8.0,2.0,2.6,6.3
22718,0.538,0,NORMAL,8.0,2.5,1.8,6.9
22719,0.5148,0,NORMAL,8.0,2.7,1.8,6.8
22720,0.9953,0,WARNING,8.0,2.9,10.7,15.1
22721,0.5221,0,NORMAL,8.0,2.1,4.1,6.6
22722,0.2198,0,NORMAL,8.0,2.0,3.7,5.9
22723,0.1678,0,NORMAL,8.1,2.1,4.2,5.9
22724,1.0,0,ANOMALY,13.8,21.5,4.0,5.9
22725,0.5915,0,NORMAL,8.1,2.9,12.8,11.4
22726,0.4016,0,NORMAL,8.0,2.5,5.3,6.0
22727,0.6136,0,WARNING,8.1,2.2,2.6,7.5
22728,0.3955,0,NORMAL,8.0,2.2,2.8,6.9
22729,0.4475,0,NORMAL,8.0,2.0,2.1,6.9
22730,0.6773,0,WARNING,8.0,2.9,11.1,13.3
22731,0.4944,0,NORMAL,8.0,2.5,4.3,7.1
22732,0.2581,0,NORMAL,8.0,2.0,2.4,5.6
22733,0.4473,0,NORMAL,8.0,2.0,1.8,6.8
22734,0.9965,0,WARNING,9.2,14.4,1.9,6.7
22735,0.4808,0,NORMAL,7.9,2.7,10.7,11.9
22736,0.3134,0,NORMAL,7.9,2.0,3.5,6.1
22737,0.4945,0,NORMAL,7.8,2.0,4.6,8.0
22738,0.4472,0,NORMAL,7.7,2.5,4.4,7.5
22739,0.3388,0,NORMAL,7.5,2.2,2.2,6.2
22740,0.1546,0,NORMAL,7.5,2.1,1.7,5.7
22741,0.1719,0,NORMAL,7.5,2.0,1.6,5.6
22742,0.4804,0,NORMAL,7.5,3.8,10.5,11.1
22743,0.3889,0,NORMAL,7.5,1.7,1.8,5.9
22744,1.0,0,ANOMALY,12.1,20.1,2.1,6.6
22745,0.4075,0,NORMAL,7.6,2.1,1.9,6.0
22746,0.1734,0,NORMAL,7.6,2.3,1.8,5.8
22747,0.486,0,NORMAL,7.7,3.1,10.5,11.2
22748,0.2248,0,NORMAL,7.6,2.2,1.7,6.0
22749,0.1553,0,NORMAL,7.6,2.0,2.0,4.7
22750,0.9953,0,WARNING,7.6,1.9,1.8,7.6
22751,0.2771,0,NORMAL,7.6,1.2,1.5,4.4
22752,0.561,0,NORMAL,7.8,3.7,12.5,13.1
22753,0.6466,0,WARNING,7.6,2.1,3.8,8.1
22754,0.997,0,WARNING,8.7,14.3,3.2,7.5
22755,0.5769,0,NORMAL,7.7,2.4,3.0,8.0
22756,0.5774,0,NORMAL,7.7,2.2,3.4,8.2
22757,0.4914,0,NORMAL,7.6,2.6,11.2,12.6
22758,0.3108,0,NORMAL,7.6,1.8,3.8,6.4
22759,0.217,0,NORMAL,7.6,2.0,2.1,6.0
22760,0.5776,0,NORMAL,7.6,2.5,3.2,8.3
22761,0.7049,0,WARNING,7.6,1.7,2.9,8.7
22762,0.6469,0,WARNING,7.7,2.8,11.4,13.4
22763,0.5773,0,NORMAL,7.6,1.9,5.0,8.4
22764,1.0,0,ANOMALY,13.6,21.7,4.2,7.6
22765,0.5052,0,NORMAL,7.7,1.6,4.3,6.8
22766,0.2856,0,NORMAL,7.7,2.3,4.3,6.6
22767,0.418,0,NORMAL,7.7,2.5,9.4,9.9
22768,0.3728,0,NORMAL,7.7,2.5,9.8,10.6
22769,0.5377,0,NORMAL,7.8,3.0,3.7,8.4
22770,0.6468,0,WARNING,7.7,2.3,3.5,8.8
22771,0.5776,0,NORMAL,7.7,1.8,3.8,8.7
22772,0.4947,0,NORMAL,7.8,2.5,6.3,10.0
22773,0.3953,0,NORMAL,7.8,3.1,9.6,11.4
22774,0.9973,0,WARNING,9.0,14.8,3.2,8.8
22775,0.6463,0,WARNING,7.8,2.0,3.4,8.9
22776,0.2765,0,NORMAL,7.8,2.1,2.7,7.4
22777,0.5776,0,NORMAL,7.8,2.0,4.0,8.9
22778,0.6195,0,WARNING,7.9,3.7,14.3,13.4
22779,0.3547,0,NORMAL,7.8,2.5,6.0,7.4
22780,0.9947,0,WARNING,7.7,2.1,5.5,10.5
22781,0.395,0,NORMAL,7.7,1.6,4.1,8.3
22782,0.6468,0,WARNING,7.7,2.3,3.9,9.3
22783,0.6772,0,WARNING,7.8,3.1,12.7,14.9
22784,1.0,0,ANOMALY,13.6,21.7,4.6,9.4
22785,0.4932,0,NORMAL,7.8,2.1,3.5,8.6
22786,0.3383,0,NORMAL,7.8,2.3,3.2,8.1
22787,0.0727,0,NORMAL,7.8,2.1,3.0,7.3
22788,0.524,0,NORMAL,7.9,2.9,11.9,14.0
22789,0.447,0,NORMAL,7.8,1.9,5.0,8.6
22790,0.5775,0,NORMAL,7.8,2.0,3.5,9.1
22791,0.6138,0,WARNING,7.8,1.6,3.8,9.5
22792,0.5776,0,NORMAL,7.9,2.5,4.1,9.4
22793,0.6229,0,WARNING,8.0,4.4,15.4,15.2
22794,0.9966,0,WARNING,9.4,15.8,9.8,8.8
22795,0.5357,0,NORMAL,8.0,3.1,7.4,8.3
22796,0.6022,0,WARNING,8.1,3.2,8.2,8.7
22797,0.6195,0,WARNING,8.1,3.2,9.1,9.3
22798,0.9325,0,WARNING,8.2,4.6,18.2,14.7
22799,0.6209,0,WARNING,8.1,3.9,11.0,9.3
22800,0.6201,0,WARNING,8.2,3.5,9.2,9.5
22801,0.9323,0,WARNING,8.3,3.4,9.5,10.2
22802,0.6136,0,WARNING,8.1,2.8,6.8,11.1
22803,0.7047,0,WARNING,8.7,3.7,16.0,17.1
22804,1.0,0,ANOMALY,15.2,23.5,9.8,10.2
22805,0.5836,0,NORMAL,8.5,2.9,6.8,11.1
22806,0.6767,0,WARNING,8.3,2.4,6.3,11.5
22807,0.6771,0,WARNING,8.2,2.2,6.4,11.8
22808,0.6469,0,WARNING,8.2,4.1,15.6,17.2
22809,0.6134,0,WARNING,8.1,2.7,8.2,11.7
22810,0.9953,0,WARNING,8.3,2.1,7.4,15.2
22811,0.6134,0,WARNING,8.3,2.0,8.3,13.0
22812,0.7486,0,WARNING,8.3,2.7,11.9,14.2
22813,0.7694,0,WARNING,8.4,3.9,21.2,18.9
22814,1.0,0,ANOMALY,11.1,18.3,14.4,14.7
22815,0.5964,0,NORMAL,8.3,3.4,12.4,14.8
22816,0.6459,0,WARNING,8.3,2.8,13.8,16.0
22817,0.7886,0,WARNING,8.4,3.5,17.1,16.7
22818,0.7931,0,WARNING,8.7,4.2,22.9,19.9
22819,0.7536,0,WARNING,8.6,3.9,21.9,18.8
22820,0.6859,0,WARNING,8.6,3.3,17.6,16.2
22821,0.6696,0,WARNING,8.7,3.0,16.1,17.2
22822,0.7583,0,WARNING,8.7,3.8,16.8,18.8
22823,0.7725,0,WARNING,8.7,4.9,19.8,20.8
22824,1.0,0,ANOMALY,13.3,23.0,23.6,23.4
22825,0.7522,0,WARNING,8.7,3.9,16.7,20.0
22826,0.7412,0,WARNING,8.7,3.6,17.4,19.9
22827,0.9202,0,WARNING,8.9,4.5,23.9,23.6
22828,0.9456,0,WARNING,8.8,4.6,25.7,25.1
22829,0.9445,0,WARNING,9.0,6.7,34.4,30.8
22830,0.824,0,WARNING,8.8,4.9,26.0,25.2
22831,0.8149,0,WARNING,8.7,4.7,24.1,24.4
22832,0.9456,0,WARNING,8.8,4.6,26.9,24.4
22833,0.9451,0,WARNING,8.8,4.4,27.2,23.5
22834,0.9991,0,WARNING,10.1,19.2,34.8,28.3
22835,0.8144,0,WARNING,8.6,4.8,25.9,23.5
22836,0.8766,0,WARNING,8.7,4.9,22.9,21.6
22837,0.8715,0,WARNING,8.7,5.7,22.1,21.2
22838,0.8548,0,WARNING,8.6,4.2,21.6,21.2
22839,0.9461,0,WARNING,8.7,6.0,29.1,26.2
22840,0.9984,0,WARNING,8.6,5.0,22.1,23.6
22841,0.824,0,WARNING,8.6,4.7,21.2,20.9
22842,1.0,0,ANOMALY,9.0,7.8,24.8,21.7
22843,0.8148,0,WARNING,8.7,5.0,19.9,20.3
22844,1.0,0,ANOMALY,12.6,22.5,28.7,26.5
22845,0.7389,0,WARNING,8.7,3.7,21.6,21.8
22846,0.8186,0,WARNING,8.8,4.7,20.7,21.6
22847,0.8377,0,WARNING,8.7,4.5,20.6,20.3
22848,0.7466,0,WARNING,8.7,4.7,20.4,22.2
22849,0.8812,0,WARNING,8.7,5.6,30.4,28.4
22850,0.7733,0,WARNING,8.7,5.2,22.9,22.6
22851,0.836,0,WARNING,8.8,5.6,20.8,21.1
22852,0.7615,0,WARNING,8.7,5.0,20.6,22.7
22853,0.78,0,WARNING,8.8,3.8,20.5,22.6
22854,1.0,0,WARNING,10.7,19.1,29.3,28.0
22855,0.7517,0,WARNING,8.9,4.9,21.9,22.3
22856,0.7052,0,WARNING,8.8,4.5,19.7,21.4
22857,0.8309,0,WARNING,8.9,4.2,20.5,23.1
22858,0.8441,0,WARNING,9.0,5.0,19.2,19.9
22859,0.9446,0,WARNING,9.2,6.7,28.3,25.8
22860,0.8425,0,WARNING,9.0,5.0,21.2,20.2
22861,0.9453,0,WARNING,9.1,4.3,19.3,19.8
22862,0.8203,0,WARNING,8.9,5.3,19.0,20.1
22863,0.8326,0,WARNING,8.9,5.2,18.6,19.9
22864,1.0,0,ANOMALY,11.8,21.2,26.3,24.6
22865,0.7334,0,WARNING,9.1,5.6,20.8,21.6
22866,0.7738,0,WARNING,9.0,3.5,18.7,22.0
22867,0.7297,0,WARNING,9.0,4.5,19.0,22.1
22868,0.7414,0,WARNING,9.1,5.1,19.8,22.1
22869,0.803,0,WARNING,9.1,5.8,24.3,25.2
22870,1.0,0,ANOMALY,9.0,4.7,23.2,28.2
22871,0.811,0,WARNING,9.1,4.6,19.1,21.1
22872,0.7361,0,WARNING,9.1,4.8,18.2,19.8
22873,0.7195,0,WARNING,9.0,5.0,18.3,21.6
22874,1.0,0,WARNING,10.8,18.2,21.5,23.2
22875,0.8256,0,WARNING,9.2,5.9,25.9,25.6
22876,0.8221,0,WARNING,9.2,4.3,19.1,20.9
22877,0.696,0,WARNING,9.2,3.6,18.6,21.3
22878,0.8487,0,WARNING,9.3,3.2,19.4,21.3
22879,0.6736,0,WARNING,9.3,4.0,17.9,20.6
22880,0.8525,0,WARNING,9.3,5.2,27.3,26.1
22881,0.8257,0,WARNING,9.4,4.1,18.7,19.7
22882,0.7414,0,WARNING,9.3,4.2,18.1,20.8
22883,0.7109,0,WARNING,9.3,3.7,18.8,21.9
22884,1.0,0,ANOMALY,13.7,21.9,19.3,22.0
22885,0.8492,0,WARNING,9.3,5.1,27.1,26.5
22886,0.7225,0,WARNING,9.3,4.5,18.9,20.7
22887,0.8032,0,WARNING,9.4,3.8,18.4,22.3
22888,0.8257,0,WARNING,9.3,4.3,17.9,19.3
22889,0.8376,0,WARNING,9.4,4.7,17.7,19.1
22890,0.84,0,WARNING,9.4,5.2,26.3,24.7
22891,0.7638,0,WARNING,9.4,4.0,18.9,19.2
22892,0.6769,0,WARNING,9.5,4.5,16.8,19.4
22893,0.6934,0,WARNING,9.4,4.3,17.2,20.6
22894,0.9986,0,WARNING,11.0,17.3,17.7,21.1
22895,0.948,0,WARNING,9.7,5.5,26.6,26.2
22896,0.7991,0,WARNING,9.5,3.7,19.1,19.4
22897,0.7439,0,WARNING,9.6,5.7,17.0,19.0
22898,0.7971,0,WARNING,9.6,5.9,17.0,19.0
22899,0.6668,0,WARNING,9.6,4.8,16.6,19.3
22900,0.9874,0,WARNING,9.5,5.5,25.2,28.2
22901,0.6763,0,WARNING,9.3,4.3,18.3,20.7
22902,0.7042,0,WARNING,9.5,4.7,16.9,21.4
22903,0.7278,0,WARNING,9.3,4.2,17.5,20.8
22904,1.0,0,ANOMALY,14.0,21.9,17.9,20.4
22905,0.8413,0,WARNING,9.5,6.3,26.7,25.0
22906,0.8012,0,WARNING,9.4,4.4,19.7,19.3
22907,0.78,0,WARNING,9.4,4.0,17.1,19.4
22908,1.0,0,ANOMALY,9.4,4.3,16.6,22.6
22909,0.8011,0,WARNING,9.6,5.1,17.2,19.9
22910,0.8302,0,WARNING,9.6,4.2,25.4,24.9
22911,0.7042,0,WARNING,9.5,4.7,18.0,20.8
22912,0.7108,0,WARNING,9.6,4.9,16.8,21.2
22913,0.8273,0,WARNING,9.5,3.6,16.8,19.0
22914,0.9999,0,WARNING,11.3,18.0,16.9,18.9
22915,0.8247,0,WARNING,9.7,5.3,25.4,24.3
22916,0.7731,0,WARNING,9.8,4.4,18.3,18.6
22917,0.7439,0,WARNING,9.8,3.9,16.7,19.4
22918,0.7754,0,WARNING,9.9,3.9,17.0,19.0
22919,0.68,0,WARNING,9.9,4.6,15.9,18.8
22920,0.7949,0,WARNING,9.8,5.6,23.1,23.5
22921,0.8188,0,WARNING,9.9,6.3,19.2,20.0
22922,0.9748,0,WARNING,10.4,7.3,16.7,19.1
22923,0.8147,0,WARNING,9.9,4.5,16.5,18.6
22924,1.0,0,ANOMALY,12.7,19.8,16.1,18.4
22925,0.822,0,WARNING,9.8,4.7,19.9,20.9
22926,0.7777,0,WARNING,9.9,3.5,22.7,22.5
22927,0.7844,0,WARNING,9.9,4.5,16.2,19.1
22928,0.749,0,WARNING,9.9,4.5,15.9,18.6
22929,0.7166,0,WARNING,9.9,4.5,15.9,19.0
22930,0.9991,0,WARNING,10.0,4.3,16.6,23.2
22931,0.9436,0,WARNING,10.1,5.3,26.9,27.5
22932,0.6763,0,WARNING,10.1,4.7,18.0,21.4
22933,0.7528,0,WARNING,9.9,3.6,16.3,21.0
22934,1.0,0,WARNING,11.7,17.9,15.7,20.6
22935,0.8256,0,WARNING,9.9,3.9,16.9,20.0
22936,0.8155,0,WARNING,10.0,5.0,24.3,25.1
22937,0.736,0,WARNING,9.9,3.8,17.4,21.2
22938,0.6702,0,WARNING,9.9,3.6,16.3,20.2
22939,0.6768,0,WARNING,9.9,4.4,16.2,20.5
22940,0.68,0,WARNING,9.9,3.8,16.0,18.9
22941,0.8231,0,WARNING,10.2,5.7,24.5,25.3
22942,0.6199,0,WARNING,10.0,4.1,16.9,20.0
22943,0.7296,0,WARNING,10.1,4.3,15.8,20.6
22944,1.0,0,ANOMALY,16.4,23.8,15.4,19.0
22945,0.6958,0,WARNING,10.2,3.9,15.4,18.5
22946,0.8113,0,WARNING,10.2,5.3,24.3,23.3
22947,0.7387,0,WARNING,10.2,4.1,16.4,17.8
22948,0.6801,0,WARNING,10.2,3.8,14.0,17.5
22949,0.6958,0,WARNING,10.2,4.0,13.7,17.8
22950,0.7018,0,WARNING,10.1,4.0,14.0,17.8
22951,0.7574,0,WARNING,10.2,5.3,20.9,23.1
22952,0.7043,0,WARNING,10.2,3.7,13.0,17.8
22953,0.6464,0,WARNING,10.0,2.8,11.0,17.2
22954,0.9985,0,WARNING,11.1,15.8,10.9,16.9
22955,0.5553,0,NORMAL,10.1,3.5,10.6,16.0
22956,0.968,0,WARNING,10.4,7.3,19.0,21.0
22957,0.7103,0,WARNING,10.3,4.7,11.5,14.7
22958,0.5225,0,NORMAL,10.0,3.6,9.3,14.2
22959,0.5355,0,NORMAL,9.9,2.4,9.1,14.3
22960,0.9997,0,WARNING,10.0,3.6,9.6,17.6
22961,0.6984,0,WARNING,10.0,4.6,18.0,19.1
22962,0.4488,0,NORMAL,10.0,3.5,10.3,14.0
22963,0.4158,0,NORMAL,10.0,4.4,8.5,14.0
22964,1.0,0,ANOMALY,15.9,23.1,8.9,14.0
22965,0.4597,0,NORMAL,9.9,3.3,8.7,14.4
22966,0.7131,0,WARNING,10.0,4.7,18.4,20.9
22967,0.5279,0,NORMAL,9.9,3.4,10.5,14.2
22968,0.4598,0,NORMAL,9.9,4.0,8.1,13.2
22969,0.4744,0,NORMAL,9.9,3.5,8.3,13.3
22970,0.4403,0,NORMAL,9.9,3.8,7.9,13.2
22971,0.5971,0,NORMAL,10.1,3.7,14.6,16.9
22972,0.4466,0,NORMAL,10.0,4.3,11.5,15.2
22973,0.4941,0,NORMAL,9.9,3.6,7.9,14.1
22974,0.9982,0,WARNING,10.7,14.9,8.3,14.5
22975,0.4937,0,NORMAL,9.9,2.9,7.6,13.7
22976,0.7299,0,WARNING,10.0,3.0,10.9,16.9
22977,0.5413,0,NORMAL,10.0,3.8,13.7,16.9
22978,0.312,0,NORMAL,10.0,2.4,6.3,12.1
22979,0.5378,0,NORMAL,10.1,3.0,6.9,13.2
22980,0.6771,0,WARNING,10.3,2.8,6.6,13.6
22981,0.4471,0,NORMAL,10.4,2.3,6.9,12.8
22982,0.5985,0,NORMAL,10.5,3.9,14.4,17.0
22983,0.2925,0,NORMAL,10.2,2.2,5.2,10.1
22984,1.0,0,ANOMALY,16.6,23.3,6.2,10.6
22985,0.5192,0,NORMAL,10.5,3.0,7.4,11.5
22986,0.4221,0,NORMAL,10.5,2.9,7.4,11.4
22987,0.6239,0,WARNING,10.6,3.8,15.1,17.4
22988,0.4467,0,NORMAL,10.3,3.1,6.5,11.9
22989,0.5393,0,NORMAL,10.2,3.5,5.4,12.2
22990,0.9974,0,WARNING,10.2,2.9,5.4,14.9
22991,0.4469,0,NORMAL,10.1,3.1,5.4,11.8
22992,0.5895,0,NORMAL,10.0,4.1,14.0,15.7
22993,0.4576,0,NORMAL,10.0,3.6,6.1,10.2
22994,1.0,0,ANOMALY,12.1,16.5,5.1,11.4
22995,0.4463,0,NORMAL,9.9,3.0,5.0,11.5
22996,0.5377,0,NORMAL,9.9,2.7,5.1,11.8
22997,0.5885,0,NORMAL,10.0,4.6,14.1,16.3
22998,0.526,0,NORMAL,10.2,2.5,7.9,10.6
22999,0.5348,0,NORMAL,10.5,2.9,6.8,10.6
23000,0.6078,0,WARNING,10.5,2.6,7.6,10.7
23001,0.365,0,NORMAL,10.5,2.5,6.9,10.7
23002,0.6015,0,WARNING,10.4,3.8,14.5,17.1
23003,0.3919,0,NORMAL,10.2,2.1,6.7,10.4
23004,1.0,0,ANOMALY,13.2,18.5,4.7,10.6
23005,0.3248,0,NORMAL,10.2,2.9,5.0,10.4
23006,0.3945,0,NORMAL,10.2,2.1,5.1,10.1
23007,0.6114,0,WARNING,10.3,4.2,14.6,16.1
23008,0.5772,0,NORMAL,10.1,2.3,7.7,12.5
23009,0.395,0,NORMAL,10.1,2.6,6.1,11.6
23010,0.4945,0,NORMAL,10.1,2.7,5.8,11.7
23011,0.2194,0,NORMAL,10.0,2.6,5.0,10.3
23012,0.5826,0,NORMAL,10.1,4.5,13.7,15.6
23013,0.3619,0,NORMAL,10.0,3.2,6.5,10.0
23014,1.0,0,ANOMALY,12.6,18.0,4.2,9.7
23015,0.2338,0,NORMAL,9.9,2.9,4.3,9.8
23016,0.2293,0,NORMAL,9.9,2.7,4.2,9.6
23017,0.5816,0,NORMAL,10.0,3.4,13.7,15.1
23018,0.3109,0,NORMAL,10.0,2.9,6.7,9.7
23019,0.2271,0,NORMAL,10.0,2.6,5.0,10.0
23020,0.9997,0,WARNING,10.0,2.6,4.2,13.0
23021,0.3421,0,NORMAL,10.0,2.8,4.5,9.9
23022,0.5379,0,NORMAL,10.0,3.6,11.5,15.7
23023,0.1946,0,NORMAL,10.0,2.8,8.0,11.3
23024,1.0,0,ANOMALY,13.0,18.6,5.5,10.2
23025,0.3081,0,NORMAL,9.9,3.1,4.7,10.3
23026,0.3708,0,NORMAL,9.9,2.6,4.6,10.3
23027,0.3209,0,NORMAL,10.0,2.8,8.1,12.2
23028,0.3968,0,NORMAL,10.0,3.1,10.3,13.0
23029,0.2656,0,NORMAL,9.9,2.2,4.6,10.5
23030,0.3387,0,NORMAL,10.0,2.9,5.2,11.3
23031,0.1601,0,NORMAL,10.0,2.4,4.6,9.7
23032,0.1756,0,NORMAL,10.0,1.8,4.6,10.4
23033,0.5819,0,NORMAL,10.0,3.4,13.7,15.9
23034,1.0,0,ANOMALY,12.6,17.5,5.1,10.6
23035,0.4935,0,NORMAL,10.0,2.4,5.4,11.8
23036,0.4942,0,NORMAL,10.1,2.4,6.1,12.3
23037,0.5612,0,NORMAL,10.1,2.5,7.9,13.1
23038,0.7087,0,WARNING,10.2,5.1,18.5,19.4
23039,0.5644,0,NORMAL,10.2,3.5,12.0,15.4
23040,0.4793,0,NORMAL,10.2,3.8,11.8,15.3
23041,0.6386,0,WARNING,10.2,4.0,11.2,15.7
23042,0.6465,0,WARNING,10.2,3.3,11.9,16.5
23043,0.7567,0,WARNING,10.3,5.3,20.7,21.5
23044,1.0,0,ANOMALY,14.7,21.4,13.5,15.1
23045,0.6767,0,WARNING,10.4,4.5,12.0,16.6
23046,0.5132,0,NORMAL,10.2,3.7,10.9,14.7
23047,0.5902,0,NORMAL,10.3,4.8,11.0,15.9
23048,0.7655,0,WARNING,10.3,5.4,20.9,21.8
23049,0.5326,0,NORMAL,10.2,4.1,12.6,14.8
23050,0.9971,0,WARNING,10.4,3.5,11.2,18.3
23051,0.5373,0,NORMAL,10.3,3.5,11.0,16.0
23052,0.5772,0,NORMAL,10.5,4.2,11.3,16.3
23053,0.7535,0,WARNING,10.3,4.5,20.7,21.2
23054,1.0,0,ANOMALY,13.4,18.5,12.7,15.8
23055,0.6126,0,WARNING,10.3,3.8,10.7,16.2
23056,0.577,0,NORMAL,10.4,3.2,11.4,16.0
23057,0.6536,0,WARNING,10.4,3.6,13.0,18.2
23058,0.7991,0,WARNING,10.5,4.8,22.7,22.5
23059,0.7127,0,WARNING,10.5,3.6,16.6,16.0
23060,0.6166,0,WARNING,10.4,3.9,15.3,16.4
23061,0.5467,0,NORMAL,10.4,3.2,13.8,16.3
23062,0.6133,0,WARNING,10.4,3.3,12.8,17.0
23063,0.755,0,WARNING,10.4,4.5,20.9,22.8
23064,1.0,0,ANOMALY,14.7,20.9,13.3,15.4
23065,0.676,0,WARNING,10.5,3.8,11.7,17.3
23066,0.6766,0,WARNING,10.4,3.2,12.6,17.5
23067,0.6751,0,WARNING,10.5,3.6,12.9,17.2
23068,0.9283,0,WARNING,10.9,6.0,21.4,22.4
23069,0.8341,0,WARNING,10.7,4.8,14.0,16.7
23070,0.5736,0,NORMAL,10.5,4.1,13.1,17.5
23071,0.6815,0,WARNING,10.5,3.2,12.7,15.9
23072,0.7287,0,WARNING,10.5,3.1,13.0,16.1
23073,0.7052,0,WARNING,10.5,4.3,18.7,19.8
23074,1.0,0,ANOMALY,15.3,22.0,17.7,19.0
23075,0.7076,0,WARNING,10.5,4.0,16.5,17.2
23076,0.7047,0,WARNING,10.6,3.1,16.5,17.3
23077,0.7304,0,WARNING,10.6,3.5,16.7,17.5
23078,0.7192,0,WARNING,10.7,4.4,19.4,19.9
23079,0.7255,0,WARNING,10.8,4.8,20.7,21.6
23080,0.9946,0,WARNING,10.7,4.1,14.1,20.1
23081,0.67,0,WARNING,10.6,3.9,13.7,16.8
23082,0.7042,0,WARNING,10.6,3.6,13.4,16.7
23083,0.7746,0,WARNING,10.6,3.9,13.4,16.4
23084,1.0,0,ANOMALY,13.0,19.5,21.7,22.7
23085,0.7304,0,WARNING,10.7,3.6,13.5,17.5
23086,0.7514,0,WARNING,10.7,3.9,14.1,16.7
23087,0.751,0,WARNING,10.8,3.7,13.7,16.8
23088,0.7126,0,WARNING,10.8,4.7,13.7,16.7
23089,0.7865,0,WARNING,11.0,5.5,22.5,22.3
23090,0.9886,0,WARNING,11.3,6.9,14.6,18.2
23091,0.7304,0,WARNING,10.7,3.6,13.8,16.8
23092,0.713,0,WARNING,10.7,3.7,13.1,16.6
23093,0.6654,0,WARNING,10.8,4.0,12.8,16.6
23094,1.0,0,ANOMALY,15.0,21.4,22.8,23.5
23095,0.7683,0,WARNING,10.9,4.1,17.6,17.9
23096,0.6199,0,WARNING,10.8,3.8,14.0,18.2
23097,0.6766,0,WARNING,10.8,4.0,13.5,15.8
23098,0.6591,0,WARNING,10.9,3.5,14.4,17.3
23099,0.8428,0,WARNING,11.2,6.7,26.3,23.9
23100,0.8748,0,WARNING,11.3,5.6,17.2,17.2
23101,0.725,0,WARNING,11.0,4.2,14.3,17.4
23102,0.6926,0,WARNING,11.0,3.4,13.8,16.9
23103,0.7012,0,WARNING,11.1,4.4,13.9,16.0
23104,1.0,0,WARNING,12.9,18.4,23.0,23.5
23105,0.6666,0,WARNING,11.0,2.7,16.0,18.8
23106,0.6765,0,WARNING,11.0,4.3,14.8,19.8
23107,0.6422,0,WARNING,11.0,3.8,15.1,19.4
23108,0.6893,0,WARNING,10.9,3.8,14.9,19.4
23109,0.803,0,WARNING,11.1,5.1,23.6,24.5
23110,0.9963,0,WARNING,11.0,3.9,16.7,20.6
23111,0.7707,0,WARNING,11.1,3.6,15.7,18.3
23112,0.7798,0,WARNING,11.0,4.0,15.3,17.9
23113,0.7277,0,WARNING,11.1,4.4,14.9,17.9
23114,1.0,0,ANOMALY,14.5,21.5,23.4,23.3
23115,0.6988,0,WARNING,10.9,4.1,16.5,18.7
23116,0.6864,0,WARNING,11.0,4.9,17.5,19.1
23117,0.7754,0,WARNING,11.1,4.0,15.0,17.0
23118,0.907,0,WARNING,11.2,4.9,14.4,16.6
23119,0.8816,0,WARNING,11.2,6.3,23.8,24.0
23120,0.7048,0,WARNING,11.0,4.2,16.4,18.5
23121,0.7048,0,WARNING,11.1,2.7,14.4,18.7
23122,0.6494,0,WARNING,11.0,4.0,14.4,18.7
23123,0.6595,0,WARNING,11.0,3.4,14.6,19.0
23124,0.9987,0,WARNING,12.8,18.0,21.9,24.1
23125,1.0,0,ANOMALY,11.2,4.4,18.3,27.7
23126,0.6494,0,WARNING,11.1,4.1,15.4,19.8
23127,0.7043,0,WARNING,11.0,4.2,15.6,20.8
23128,0.7018,0,WARNING,11.1,4.2,15.1,20.0
23129,0.6896,0,WARNING,11.1,2.9,18.5,22.0
23130,0.7518,0,WARNING,11.3,5.3,21.7,23.9
23131,0.7194,0,WARNING,11.1,3.7,16.1,20.8
23132,0.6701,0,WARNING,11.1,3.9,15.2,19.8
23133,0.6767,0,WARNING,11.1,4.3,15.8,20.9
23134,1.0,0,ANOMALY,16.1,22.5,15.6,20.6
23135,0.8259,0,WARNING,11.2,4.6,24.7,26.4
23136,0.9524,0,WARNING,11.4,4.7,17.4,19.0
23137,0.8497,0,WARNING,11.4,5.5,15.8,19.3
23138,0.6496,0,WARNING,11.1,4.7,16.2,20.0
23139,0.7195,0,WARNING,11.2,4.8,15.1,19.1
23140,0.9984,0,WARNING,11.2,5.5,23.8,28.3
23141,0.6735,0,WARNING,11.2,4.9,16.0,19.5
23142,0.7879,0,WARNING,11.2,5.4,15.0,19.6
23143,0.6042,0,WARNING,11.0,3.5,15.1,20.0
23144,0.9986,0,WARNING,12.5,16.8,16.4,19.3
23145,0.8216,0,WARNING,11.2,5.9,24.8,24.9
23146,0.7526,0,WARNING,11.1,4.2,17.7,22.0
23147,0.8111,0,WARNING,11.0,4.2,16.9,22.8
23148,0.7278,0,WARNING,11.0,4.8,16.8,21.9
23149,0.7886,0,WARNING,11.1,5.4,17.1,20.7
23150,0.9428,0,WARNING,11.1,5.8,25.4,24.9
23151,0.7971,0,WARNING,11.1,4.5,18.3,19.3
23152,0.7251,0,WARNING,11.0,3.5,15.7,18.6
23153,0.8291,0,WARNING,11.0,4.2,16.7,19.0
23154,1.0,0,ANOMALY,16.6,23.2,18.0,20.3
23155,0.8274,0,WARNING,11.1,6.4,25.4,25.4
23156,0.7639,0,WARNING,11.0,4.4,18.0,19.4
23157,0.8129,0,WARNING,11.1,6.1,16.8,18.7
23158,0.9303,0,WARNING,11.2,5.9,16.8,19.3
23159,0.7439,0,WARNING,10.9,4.7,16.4,19.1
23160,0.7832,0,WARNING,10.9,5.8,22.5,23.0
23161,0.6043,0,WARNING,10.7,4.3,14.4,17.9
23162,0.5665,0,NORMAL,10.8,3.8,12.3,17.7
23163,0.7391,0,WARNING,11.0,5.1,12.9,16.5
23164,1.0,0,ANOMALY,14.2,20.4,11.1,15.7
23165,0.7426,0,WARNING,11.0,5.9,19.8,21.3
23166,0.5766,0,NORMAL,10.8,4.1,13.9,17.3
23167,0.6132,0,WARNING,10.8,3.3,11.8,17.3
23168,0.5604,0,NORMAL,10.8,2.7,10.8,16.3
23169,0.4922,0,NORMAL,10.8,3.8,9.8,15.0
23170,0.998,0,WARNING,10.8,4.5,19.1,23.2
23171,0.5816,0,NORMAL,10.7,3.7,11.6,14.8
23172,0.4599,0,NORMAL,10.8,3.6,10.1,15.8
23173,0.497,0,NORMAL,10.8,3.4,12.4,15.8
23174,0.9987,0,WARNING,12.1,16.6,11.0,15.6
23175,0.6501,0,WARNING,10.8,4.7,16.4,20.0
23176,0.6131,0,WARNING,10.9,3.9,12.7,17.0
23177,0.494,0,NORMAL,10.7,3.6,9.0,15.4
23178,0.6769,0,WARNING,10.8,3.6,9.3,17.8
23179,0.8992,0,WARNING,10.8,3.4,10.3,20.5
23180,0.5878,0,NORMAL,10.8,4.6,13.5,19.5
23181,0.7469,0,WARNING,10.8,5.3,18.0,21.0
23182,0.6584,0,WARNING,10.8,4.1,12.6,15.2
23183,0.6291,0,WARNING,10.8,3.6,11.4,15.1
23184,1.0,0,ANOMALY,14.6,21.0,11.8,15.7
23185,0.6883,0,WARNING,10.7,3.4,11.6,15.8
23186,0.7435,0,WARNING,10.9,5.4,20.3,20.8
23187,0.6858,0,WARNING,10.8,3.4,11.7,15.6
23188,0.6818,0,WARNING,10.8,3.7,11.2,15.4
23189,0.6174,0,WARNING,10.8,4.0,11.4,15.9
23190,0.6394,0,WARNING,10.8,4.2,11.6,15.7
23191,0.7409,0,WARNING,10.9,5.3,20.0,20.9
23192,0.5112,0,NORMAL,10.8,4.3,10.5,15.6
23193,0.5395,0,NORMAL,10.6,4.9,8.2,15.0
23194,1.0,0,ANOMALY,12.8,18.0,8.5,15.3
23195,0.4913,0,NORMAL,10.7,3.5,8.3,14.6
23196,0.7514,0,WARNING,11.0,6.4,19.9,21.1
23197,0.628,0,WARNING,10.9,5.6,10.9,14.3
23198,0.319,0,NORMAL,10.7,3.7,8.3,14.4
23199,0.7531,0,WARNING,10.9,4.8,9.6,18.1
23200,0.9794,0,WARNING,10.7,4.4,9.8,21.8
23201,0.7237,0,WARNING,10.9,5.5,18.4,23.6
23202,0.5372,0,NORMAL,10.8,3.4,11.2,17.3
23203,0.4496,0,NORMAL,10.7,4.4,8.4,14.6
23204,0.9983,0,WARNING,12.3,16.6,8.9,15.3
23205,0.5767,0,NORMAL,10.7,3.8,9.2,16.7
23206,0.6842,0,WARNING,10.7,5.1,17.1,20.8
23207,0.5373,0,NORMAL,10.6,3.7,10.1,15.8
23208,0.4258,0,NORMAL,10.7,3.7,9.0,14.1
23209,0.5007,0,NORMAL,10.7,3.3,8.5,13.7
23210,0.3812,0,NORMAL,10.7,4.3,8.3,13.7
23211,0.6872,0,WARNING,10.7,4.3,17.3,19.0
23212,0.3314,0,NORMAL,10.7,3.9,10.3,14.3
23213,0.6422,0,WARNING,10.8,4.3,8.8,15.2
23214,1.0,0,ANOMALY,16.2,22.0,8.7,15.3
23215,0.5366,0,NORMAL,10.7,4.5,9.0,16.7
23216,0.9832,0,WARNING,11.2,7.8,18.6,20.5
23217,0.9939,0,WARNING,11.5,7.8,11.6,15.5
23218,0.5374,0,NORMAL,10.7,3.9,9.7,17.3
23219,0.6466,0,WARNING,10.8,3.7,9.3,17.6
23220,0.7743,0,WARNING,10.8,4.0,9.0,18.9
23221,0.8898,0,WARNING,10.8,4.8,17.3,24.8
23222,0.8421,0,WARNING,10.8,3.8,11.5,19.3
23223,0.6767,0,WARNING,10.9,4.2,9.0,17.8
23224,0.9987,0,WARNING,12.0,16.4,8.0,16.2
23225,0.4019,0,NORMAL,10.6,3.3,7.4,13.2
23226,0.5519,0,NORMAL,10.7,4.0,13.3,17.0
23227,0.4299,0,NORMAL,10.6,3.6,11.5,15.9
23228,0.281,0,NORMAL,10.6,3.2,6.8,13.5
23229,0.6468,0,WARNING,10.7,2.7,6.8,14.9
23230,0.9932,0,WARNING,10.7,3.2,7.3,17.9
23231,0.7299,0,WARNING,10.7,3.1,10.3,17.0
23232,0.5407,0,NORMAL,10.8,4.0,13.7,16.9
23233,0.6133,0,WARNING,10.7,3.6,6.4,14.5
23234,1.0,0,ANOMALY,16.5,23.1,7.2,17.1
23235,0.6459,0,WARNING,10.7,3.8,7.1,15.9
23236,0.6768,0,WARNING,10.7,3.0,7.0,15.6
23237,0.626,0,WARNING,10.7,4.2,15.0,18.8
23238,0.6465,0,WARNING,10.7,3.7,6.8,14.7
23239,0.5785,0,NORMAL,10.7,3.6,8.3,13.5
23240,0.4471,0,NORMAL,10.7,2.6,7.7,14.1
23241,0.5774,0,NORMAL,10.7,3.4,7.1,14.1
23242,0.629,0,WARNING,10.8,4.2,15.0,19.1
23243,0.4941,0,NORMAL,10.7,2.7,6.6,14.3
23244,0.998,0,WARNING,11.8,15.5,6.7,16.7
23245,0.6765,0,WARNING,10.6,3.0,6.3,15.2
23246,0.4942,0,NORMAL,10.6,3.7,6.0,14.7
23247,0.6195,0,WARNING,10.8,4.1,14.5,18.2
23248,0.6466,0,WARNING,10.7,3.5,8.0,15.5
23249,0.2993,0,NORMAL,10.7,3.3,6.2,14.0
23250,0.2441,0,NORMAL,10.7,3.2,5.4,12.3
23251,0.3582,0,NORMAL,10.7,3.1,5.5,12.3
23252,0.6409,0,WARNING,10.8,3.6,15.1,19.6
23253,0.6465,0,WARNING,10.7,3.4,8.5,15.7
23254,1.0,0,ANOMALY,14.5,20.0,5.8,14.0
23255,0.8896,0,WARNING,10.7,2.3,6.7,17.3
23256,0.7935,0,WARNING,10.7,3.1,6.6,15.4
23257,0.6303,0,WARNING,10.7,3.7,15.0,19.4
23258,0.4194,0,NORMAL,10.8,2.8,7.2,12.4
23259,0.395,0,NORMAL,10.7,1.8,5.2,13.1
23260,0.998,0,WARNING,10.7,3.0,5.7,16.7
23261,0.2829,0,NORMAL,10.7,2.4,4.8,11.7
23262,0.6066,0,WARNING,10.8,3.5,14.1,18.0
23263,0.4942,0,NORMAL,10.7,3.0,6.9,13.0
23264,1.0,0,ANOMALY,12.7,17.1,5.5,13.2
23265,0.4035,0,NORMAL,10.7,3.5,5.4,12.7
23266,0.2894,0,NORMAL,10.7,3.1,5.9,13.2
23267,0.6199,0,WARNING,10.8,4.0,14.5,18.8
23268,0.3635,0,NORMAL,10.7,3.8,7.1,13.8
23269,0.2945,0,NORMAL,10.7,2.7,5.4,13.3
23270,0.3887,0,NORMAL,10.7,2.7,5.8,13.4
23271,0.2861,0,NORMAL,10.7,3.1,5.9,13.3
23272,0.5994,0,NORMAL,10.8,4.0,14.0,18.8
23273,0.3411,0,NORMAL,10.7,2.8,7.4,13.0
23274,1.0,0,ANOMALY,13.5,18.4,5.2,12.1
23275,0.3941,0,NORMAL,10.7,2.6,5.2,14.2
23276,0.2545,0,NORMAL,10.7,2.5,5.0,12.5
23277,0.9987,0,WARNING,11.6,7.0,11.1,15.6
23278,0.3799,0,NORMAL,10.7,2.6,10.1,14.8
23279,0.6135,0,WARNING,10.7,3.3,5.9,15.1
23280,0.8275,0,WARNING,10.8,3.6,5.9,16.0
23281,0.2765,0,NORMAL,10.7,2.7,5.4,12.9
23282,0.3174,0,NORMAL,10.7,2.8,8.0,13.8
23283,0.4957,0,NORMAL,10.8,2.7,11.8,15.7
23284,1.0,0,ANOMALY,12.9,17.3,4.6,12.6
23285,0.3886,0,NORMAL,10.7,3.0,4.8,12.2
23286,0.3086,0,NORMAL,10.7,2.9,4.5,11.9
23287,0.2109,0,NORMAL,10.7,2.3,4.5,10.9
23288,0.572,0,NORMAL,10.7,3.4,13.1,17.0
23289,0.4943,0,NORMAL,10.7,2.4,5.0,12.9
23290,0.9991,0,WARNING,10.7,2.4,4.5,16.1
23291,0.3449,0,NORMAL,10.7,2.3,4.8,12.3
23292,0.2113,0,NORMAL,10.7,2.4,4.6,11.5
23293,0.5733,0,NORMAL,10.7,3.2,13.2,16.7
23294,1.0,0,ANOMALY,14.9,19.7,5.5,11.5
23295,0.4011,0,NORMAL,10.8,3.0,4.6,11.8
23296,0.5144,0,NORMAL,10.9,4.2,6.0,12.6
23297,0.5301,0,NORMAL,10.8,3.7,7.3,13.3
23298,0.677,0,WARNING,10.8,4.4,14.5,19.9
23299,0.8274,0,WARNING,10.8,2.9,6.9,15.6
23300,0.2762,0,NORMAL,10.8,2.9,5.0,12.4
23301,0.3094,0,NORMAL,10.8,2.5,5.8,11.6
23302,0.5554,0,NORMAL,10.9,4.2,7.3,12.3
23303,0.6136,0,WARNING,10.8,4.5,13.8,18.3
23304,1.0,0,ANOMALY,12.8,16.8,6.6,12.6
23305,0.3388,0,NORMAL,10.7,3.1,4.9,11.6
23306,0.3351,0,NORMAL,10.8,2.7,6.9,12.4
23307,0.2087,0,NORMAL,10.8,2.4,4.8,10.8
23308,0.5528,0,NORMAL,10.8,4.0,12.7,15.5
23309,0.3105,0,NORMAL,10.8,2.1,5.9,10.2
23310,0.5378,0,NORMAL,10.8,2.6,5.3,12.4
23311,0.6137,0,WARNING,10.7,2.4,4.8,12.4
23312,0.4472,0,NORMAL,10.7,2.5,4.3,11.9
23313,0.5951,0,NORMAL,10.8,3.2,13.3,18.0
23314,1.0,0,ANOMALY,14.1,19.4,6.1,12.6
23315,0.3937,0,NORMAL,10.8,3.3,4.3,12.4
23316,0.3026,0,NORMAL,10.8,2.9,3.8,10.6
23317,0.4946,0,NORMAL,10.7,2.6,4.4,12.0
23318,0.7049,0,WARNING,10.8,3.2,13.2,18.4
23319,0.3383,0,NORMAL,10.7,2.4,5.9,11.0
23320,0.9988,0,WARNING,10.8,2.5,4.2,15.3
23321,0.3237,0,NORMAL,10.8,2.6,4.3,10.9
23322,0.2212,0,NORMAL,10.8,2.0,4.3,10.7
23323,0.5417,0,NORMAL,10.7,3.5,12.6,15.8
23324,1.0,0,ANOMALY,13.9,18.8,6.0,11.1
23325,0.3883,0,NORMAL,10.6,3.0,3.8,10.8
23326,0.2763,0,NORMAL,10.6,2.8,3.6,10.9
23327,0.5379,0,NORMAL,10.6,2.8,3.9,11.8
23328,0.6469,0,WARNING,10.7,3.7,10.0,16.7
23329,0.6136,0,WARNING,10.7,2.9,8.5,15.1
23330,0.9231,0,WARNING,10.9,4.6,4.7,13.5
23331,0.4944,0,NORMAL,10.7,3.1,5.0,12.9
23332,0.3876,0,NORMAL,10.7,2.7,6.0,11.4
23333,0.4945,0,NORMAL,10.7,2.9,6.8,14.2
23334,1.0,0,ANOMALY,18.8,26.3,10.6,15.6
23335,0.7015,0,WARNING,10.7,2.9,3.5,10.6
23336,0.2328,0,NORMAL,10.7,2.1,3.3,9.6
23337,0.9799,0,WARNING,11.4,7.2,3.7,11.4
23338,0.4474,0,NORMAL,10.6,2.5,3.6,11.0
23339,0.5403,0,NORMAL,10.7,3.6,12.2,15.5
23340,0.2635,0,NORMAL,10.6,2.8,3.7,9.5
23341,0.3079,0,NORMAL,10.6,2.4,3.0,9.4
23342,0.4947,0,NORMAL,10.6,1.9,3.4,11.0
23343,0.3956,0,NORMAL,10.6,2.0,3.8,10.7
23344,0.9975,0,WARNING,12.3,17.1,12.4,16.3
23345,0.5368,0,NORMAL,10.7,3.1,4.4,11.1
23346,0.3381,0,NORMAL,10.6,3.0,4.0,10.7
23347,0.3386,0,NORMAL,10.7,3.1,5.1,11.7
23348,0.3954,0,NORMAL,10.7,2.6,5.5,12.2
23349,0.6692,0,WARNING,10.8,4.2,16.9,18.7
23350,0.9952,0,WARNING,10.8,2.3,8.9,14.1
23351,0.4738,0,NORMAL,10.8,2.9,7.9,12.8
23352,0.4749,0,NORMAL,10.9,3.3,8.0,12.5
23353,0.5252,0,NORMAL,10.8,3.0,7.8,11.3
23354,1.0,0,ANOMALY,15.2,21.6,16.3,16.7
23355,0.5843,0,NORMAL,10.8,2.8,6.8,11.1
23356,0.4201,0,NORMAL,10.7,2.9,3.1,8.8
23357,0.3416,0,NORMAL,10.6,2.1,2.9,8.9
23358,0.3123,0,NORMAL,10.6,2.4,2.7,8.9
23359,0.5336,0,NORMAL,10.7,3.5,11.7,14.8
23360,0.2765,0,NORMAL,10.5,2.1,3.8,9.8
23361,0.2768,0,NORMAL,10.5,2.8,3.4,8.9
23362,0.1751,0,NORMAL,10.5,2.1,3.3,8.7
23363,0.1964,0,NORMAL,10.4,1.7,3.5,8.9
23364,1.0,0,ANOMALY,14.4,20.3,11.9,14.3
23365,0.5579,0,NORMAL,10.5,2.0,4.6,10.0
23366,0.1956,0,NORMAL,10.5,1.8,3.0,9.0
23367,0.5775,0,NORMAL,10.4,2.1,3.1,10.6
23368,0.647,0,WARNING,10.5,2.1,3.5,11.8
23369,0.5611,0,NORMAL,10.6,3.4,12.7,17.2
23370,0.6769,0,WARNING,10.5,2.0,5.4,11.8
23371,0.6136,0,WARNING,10.5,1.9,4.3,11.6
23372,0.6468,0,WARNING,10.5,2.4,4.4,11.6
23373,0.8114,0,WARNING,10.5,2.4,4.6,13.2
23374,0.9975,0,WARNING,12.0,16.9,12.9,18.9
23375,0.5765,0,NORMAL,10.5,2.1,6.1,12.0
23376,0.1979,0,NORMAL,10.5,2.4,3.3,8.8
23377,0.4278,0,NORMAL,10.5,2.4,4.7,10.0
23378,0.4662,0,NORMAL,10.6,1.8,6.1,10.1
23379,0.4967,0,NORMAL,10.6,3.3,11.5,12.6
23380,0.9958,0,WARNING,10.6,2.9,9.8,13.9
23381,0.4168,0,NORMAL,10.5,2.1,4.3,8.6
23382,0.4471,0,NORMAL,10.5,1.9,3.1,9.7
23383,0.538,0,NORMAL,10.5,2.1,3.4,10.1
23384,1.0,0,ANOMALY,16.0,21.3,5.8,11.1
23385,0.5368,0,NORMAL,10.6,2.8,9.6,13.9
23386,0.577,0,NORMAL,10.5,2.9,3.1,10.1
23387,0.4945,0,NORMAL,10.5,2.4,3.7,10.1
23388,0.4271,0,NORMAL,10.4,2.2,5.2,9.5
23389,0.4377,0,NORMAL,10.5,2.5,6.1,9.0
23390,0.5539,0,NORMAL,10.6,4.0,13.0,15.2
23391,0.6134,0,WARNING,10.5,2.1,4.3,10.3
23392,0.6467,0,WARNING,10.5,2.0,3.4,10.4
23393,0.4472,0,NORMAL,10.4,1.9,3.2,9.5
23394,0.9997,0,WARNING,12.2,15.9,3.1,9.1
23395,0.5038,0,NORMAL,10.6,2.7,11.6,13.5
23396,0.3204,0,NORMAL,10.4,2.2,4.1,8.0
23397,0.7272,0,WARNING,10.7,4.2,2.6,8.2
23398,0.2769,0,NORMAL,10.4,1.6,2.6,9.1
23399,0.339,0,NORMAL,10.5,1.7,2.7,9.2
23400,0.5155,0,NORMAL,10.6,3.0,11.7,14.1
23401,0.3058,0,NORMAL,10.5,2.1,3.4,8.2
23402,0.2766,0,NORMAL,10.5,1.6,2.7,9.1
23403,0.2769,0,NORMAL,10.5,1.9,3.4,9.3
23404,1.0,0,ANOMALY,15.9,21.6,5.8,9.0
23405,0.6202,0,WARNING,10.7,3.7,14.9,14.2
23406,0.4753,0,NORMAL,10.6,3.8,7.5,8.8
23407,0.3429,0,NORMAL,10.5,2.4,5.9,8.9
23408,0.4284,0,NORMAL,10.6,3.2,6.1,9.0
23409,0.3854,0,NORMAL,10.5,2.4,6.0,8.7
23410,0.9993,0,WARNING,10.7,4.7,15.1,17.8
23411,0.5532,0,NORMAL,10.5,2.0,7.8,8.7
23412,0.3674,0,NORMAL,10.5,3.0,6.1,8.9
23413,0.3665,0,NORMAL,10.6,2.6,6.0,8.7
23414,0.9981,0,WARNING,11.9,15.6,6.0,8.9
23415,0.6242,0,WARNING,10.5,3.3,15.0,14.3
23416,0.4939,0,NORMAL,10.4,2.9,5.2,9.6
23417,0.1905,0,NORMAL,10.4,2.0,2.8,8.2
23418,0.5412,0,NORMAL,10.5,3.2,2.8,7.9
23419,0.3065,0,NORMAL,10.5,2.2,3.7,8.6
23420,0.5621,0,NORMAL,10.6,2.8,12.8,14.2
23421,0.3022,0,NORMAL,10.5,2.2,5.9,9.4
23422,0.2348,0,NORMAL,10.5,2.4,4.1,8.8
23423,0.1422,0,NORMAL,10.5,1.9,3.2,8.6
23424,1.0,0,ANOMALY,16.4,22.3,2.9,9.6
23425,0.4977,0,NORMAL,10.6,3.1,11.2,14.5
23426,0.3157,0,NORMAL,10.4,2.7,4.9,9.2
23427,0.219,0,NORMAL,10.5,1.8,2.8,8.1
23428,0.3069,0,NORMAL,10.5,2.4,2.7,8.1
23429,0.1504,0,NORMAL,10.5,2.3,2.5,8.4
23430,0.3957,0,NORMAL,10.6,2.4,8.6,12.8
23431,0.3953,0,NORMAL,10.5,2.6,7.8,11.5
23432,0.1534,0,NORMAL,10.5,2.4,3.1,8.0
23433,0.1577,0,NORMAL,10.5,1.9,2.8,8.4
23434,0.9972,0,WARNING,12.1,15.5,2.3,7.6
23435,0.3865,0,NORMAL,10.5,2.5,5.6,9.8
23436,0.3541,0,NORMAL,10.6,3.6,8.4,11.6
23437,0.2211,0,NORMAL,10.4,2.4,2.5,7.9
23438,0.1379,0,NORMAL,10.4,2.1,2.5,8.1
23439,0.1429,0,NORMAL,10.4,2.3,2.6,9.4
23440,0.9953,0,WARNING,10.4,2.4,2.8,12.0
23441,0.5117,0,NORMAL,10.6,3.3,11.4,14.0
23442,0.4468,0,NORMAL,10.5,2.5,3.0,9.5
23443,0.3094,0,NORMAL,10.5,2.5,3.0,8.3
23444,1.0,0,ANOMALY,14.6,19.9,2.8,8.0
23445,0.3031,0,NORMAL,10.5,2.1,2.8,8.5
23446,0.553,0,NORMAL,10.6,3.6,12.5,15.5
23447,0.2762,0,NORMAL,10.5,2.0,5.3,9.1
23448,0.1812,0,NORMAL,10.5,2.2,2.6,6.6
23449,0.3383,0,NORMAL,10.5,2.0,4.5,8.6
23450,0.3171,0,NORMAL,10.5,2.8,5.5,9.0
23451,0.5328,0,NORMAL,10.6,3.2,12.4,14.3
23452,0.4468,0,NORMAL,10.5,2.7,4.9,9.9
23453,0.3384,0,NORMAL,10.5,2.4,3.1,9.4
23454,1.0,0,ANOMALY,15.5,20.7,3.1,9.4
23455,0.4245,0,NORMAL,10.5,2.6,2.8,8.1
23456,0.5057,0,NORMAL,10.6,3.8,11.5,13.7
23457,0.5773,0,NORMAL,10.6,2.4,5.5,11.4
23458,0.3953,0,NORMAL,10.5,2.1,4.5,10.1
23459,0.3954,0,NORMAL,10.5,2.3,3.9,9.6
23460,0.2893,0,NORMAL,10.5,1.6,2.9,7.3
23461,0.486,0,NORMAL,10.6,3.1,11.0,11.8
23462,0.197,0,NORMAL,10.5,2.2,3.0,8.5
23463,0.4472,0,NORMAL,10.5,1.7,2.8,9.4
23464,1.0,0,ANOMALY,14.6,18.9,2.8,9.5
23465,0.4936,0,NORMAL,10.5,1.9,2.9,9.7
23466,0.5226,0,NORMAL,10.8,4.8,11.7,14.9
23467,0.5772,0,NORMAL,10.5,2.3,4.9,10.0
23468,0.447,0,NORMAL,10.5,1.7,3.4,9.6
23469,0.1381,0,NORMAL,10.5,1.9,4.6,9.7
23470,0.994,0,WARNING,10.5,2.5,5.3,14.3
23471,0.5967,0,NORMAL,10.6,3.1,14.3,16.7
23472,0.7591,0,WARNING,11.1,5.1,7.0,9.9
23473,0.1201,0,NORMAL,10.5,2.1,3.7,9.9
23474,1.0,0,ANOMALY,13.3,18.1,2.8,9.2
23475,0.3067,0,NORMAL,10.5,1.7,2.8,9.3
23476,0.5175,0,NORMAL,10.6,3.4,11.5,14.5
23477,0.3384,0,NORMAL,10.5,2.3,4.4,10.0
23478,0.4945,0,NORMAL,10.5,2.1,2.9,9.8
23479,0.3389,0,NORMAL,10.5,1.9,3.2,9.3
23480,0.1478,0,NORMAL,10.5,2.2,3.2,8.4
23481,0.3538,0,NORMAL,10.6,2.4,8.7,11.6
23482,0.2187,0,NORMAL,10.6,2.6,7.5,10.3
23483,0.3085,0,NORMAL,10.5,2.1,2.9,8.1
23484,1.0,0,ANOMALY,17.3,22.5,2.6,8.7
23485,0.5765,0,NORMAL,10.5,2.2,3.1,10.1
23486,0.3383,0,NORMAL,10.4,2.4,5.7,10.9
23487,0.4945,0,NORMAL,10.5,3.2,9.4,13.4
23488,0.1516,0,NORMAL,10.4,2.3,2.9,8.6
23489,0.3388,0,NORMAL,10.4,2.1,2.8,9.2
23490,0.3876,0,NORMAL,10.4,2.5,2.6,8.0
23491,0.2167,0,NORMAL,10.4,1.9,2.5,7.9
23492,0.4959,0,NORMAL,10.5,3.5,11.2,13.3
23493,0.2925,0,NORMAL,10.5,2.6,2.7,8.6
23494,1.0,0,ANOMALY,14.1,19.2,2.6,9.1
23495,0.4936,0,NORMAL,10.5,2.3,2.9,9.9
23496,0.2764,0,NORMAL,10.5,3.0,2.9,9.7
23497,0.5308,0,NORMAL,10.6,3.6,12.0,15.7
23498,0.3121,0,NORMAL,10.5,1.8,3.6,9.3
23499,0.3953,0,NORMAL,10.5,1.8,2.5,9.2
23500,0.9984,0,WARNING,10.5,1.4,3.3,12.8
23501,0.4471,0,NORMAL,10.5,1.9,3.0,9.4
23502,0.5301,0,NORMAL,10.6,3.6,11.9,15.3
23503,0.4942,0,NORMAL,10.5,1.9,4.8,9.7
23504,1.0,0,ANOMALY,14.3,19.0,3.2,8.2
23505,0.2962,0,NORMAL,10.5,1.4,3.0,8.1
23506,0.1661,0,NORMAL,10.5,1.6,2.9,7.9
23507,0.522,0,NORMAL,10.6,2.8,12.1,13.6
23508,0.22,0,NORMAL,10.5,1.6,4.6,8.3
23509,0.3953,0,NORMAL,10.5,1.7,3.2,9.5
23510,0.3646,0,NORMAL,10.5,2.5,4.2,9.2
23511,0.2768,0,NORMAL,10.5,1.7,3.6,9.3
23512,0.6138,0,WARNING,10.6,3.1,12.2,15.6
23513,0.395,0,NORMAL,10.5,1.8,4.9,9.4
23514,1.0,0,ANOMALY,14.9,20.0,2.8,9.0
23515,0.3678,0,NORMAL,10.5,1.2,2.9,8.9
23516,0.1795,0,NORMAL,10.5,2.1,2.7,8.0
23517,0.9864,0,WARNING,11.2,5.4,11.4,14.0
23518,0.242,0,NORMAL,10.5,2.3,3.7,8.2
23519,0.1662,0,NORMAL,10.5,2.5,2.8,8.2
23520,0.1849,0,NORMAL,10.5,2.5,2.5,8.1
23521,0.5777,0,NORMAL,10.5,1.7,2.9,10.1
23522,0.5777,0,NORMAL,10.6,3.0,11.8,15.4
23523,0.395,0,NORMAL,10.5,1.7,4.6,9.2
23524,0.9997,0,WARNING,12.3,15.6,2.8,9.2
23525,0.2137,0,NORMAL,10.6,2.3,2.7,8.0
23526,0.1985,0,NORMAL,10.7,2.0,2.4,7.8
23527,0.4798,0,NORMAL,10.8,4.3,10.7,14.2
23528,0.3384,0,NORMAL,10.6,1.9,5.1,9.8
23529,0.3952,0,NORMAL,10.6,1.8,3.0,9.4
23530,0.9958,0,WARNING,10.6,2.4,2.8,11.0
23531,0.2951,0,NORMAL,10.6,2.1,2.8,8.9
23532,0.3494,0,NORMAL,10.7,3.7,8.4,12.7
23533,0.5774,0,NORMAL,10.5,2.8,7.2,12.0
23534,1.0,0,ANOMALY,12.7,16.4,2.9,9.5
23535,0.2236,0,NORMAL,10.5,2.4,2.5,7.3
23536,0.1735,0,NORMAL,10.5,1.9,2.5,7.8
23537,0.7533,0,WARNING,10.6,2.7,6.8,14.0
23538,0.7301,0,WARNING,10.7,2.8,10.6,16.0
23539,0.2904,0,NORMAL,10.6,2.3,3.6,10.0
23540,0.1777,0,NORMAL,10.6,1.9,2.7,8.3
23541,0.4473,0,NORMAL,10.6,1.9,3.2,10.0
23542,0.5381,0,NORMAL,10.6,2.7,4.0,10.8
23543,0.5654,0,NORMAL,10.7,3.0,13.3,14.6
23544,1.0,0,WARNING,12.5,15.9,3.9,7.6
23545,0.3071,0,NORMAL,10.5,2.6,4.0,9.2
23546,0.5377,0,NORMAL,10.5,3.0,7.0,11.7
23547,0.8992,0,WARNING,10.7,4.9,11.1,13.3
23548,0.9939,0,WARNING,10.9,6.4,20.7,17.9
23549,0.9984,0,WARNING,10.7,6.9,12.6,10.6
23550,0.9775,0,WARNING,10.6,4.9,8.3,9.9
23551,0.5378,0,NORMAL,10.4,2.0,3.6,10.6
23552,0.6469,0,WARNING,10.4,2.1,3.6,11.0
23553,0.6469,0,WARNING,10.5,2.4,12.3,16.0
23554,1.0,0,ANOMALY,15.1,20.5,6.9,11.0
23555,0.5764,0,NORMAL,10.6,4.2,7.9,12.4
23556,0.5378,0,NORMAL,10.7,3.2,7.5,10.7
23557,0.5377,0,NORMAL,10.7,3.1,7.7,12.3
23558,0.6118,0,WARNING,10.8,4.5,14.4,16.8
23559,0.5568,0,NORMAL,10.7,3.1,6.1,11.1
23560,0.9967,0,WARNING,10.6,2.0,5.4,14.2
23561,0.395,0,NORMAL,10.6,2.5,5.8,11.3
23562,0.2555,0,NORMAL,10.7,2.7,5.8,10.6
23563,0.6137,0,WARNING,10.7,3.1,14.0,17.0
23564,1.0,0,ANOMALY,12.7,16.7,5.5,10.3
23565,0.5369,0,NORMAL,10.6,1.8,3.5,10.3
23566,0.6467,0,WARNING,10.6,2.2,3.7,11.6
23567,0.4473,0,NORMAL,10.6,1.9,4.0,9.9
23568,0.5417,0,NORMAL,10.7,3.4,12.9,13.8
23569,0.3098,0,NORMAL,10.6,2.0,4.9,8.5
23570,0.3072,0,NORMAL,10.6,2.1,2.9,8.2
23571,0.163,0,NORMAL,10.6,2.1,4.6,9.6
23572,0.1356,0,NORMAL,10.6,2.5,5.2,9.9
23573,0.4968,0,NORMAL,10.6,2.8,11.5,13.6
23574,1.0,0,ANOMALY,12.7,16.7,4.2,8.4
23575,0.3374,0,NORMAL,10.5,1.9,3.1,9.5
23576,0.1758,0,NORMAL,10.5,1.9,2.9,8.1
23577,0.7848,0,WARNING,11.0,4.8,3.2,8.3
23578,0.5121,0,NORMAL,10.7,3.2,11.8,13.7
23579,0.2645,0,NORMAL,10.6,2.5,4.7,8.4
23580,0.4945,0,NORMAL,10.6,1.9,2.9,9.8
23581,0.7916,0,WARNING,10.7,2.5,3.8,10.4
23582,0.1955,0,NORMAL,10.7,2.6,5.4,8.8
23583,0.5379,0,NORMAL,10.7,2.6,9.3,13.3
23584,1.0,0,ANOMALY,14.5,19.5,6.7,8.7
23585,0.4211,0,NORMAL,10.6,2.5,2.4,7.5
23586,0.1724,0,NORMAL,10.6,2.2,2.8,7.7
23587,0.4948,0,NORMAL,10.8,3.5,3.5,9.8
23588,0.4474,0,NORMAL,10.6,2.8,6.1,11.4
23589,0.6137,0,WARNING,10.7,2.7,9.4,13.8
23590,0.9874,0,WARNING,10.6,2.0,2.8,10.2
23591,0.2634,0,NORMAL,10.5,1.6,2.3,6.5
23592,0.2091,0,NORMAL,10.5,2.6,3.5,9.1
23593,0.8155,0,WARNING,10.7,3.8,4.4,9.6
23594,0.9977,0,WARNING,12.1,16.7,12.4,14.5
23595,0.4459,0,NORMAL,10.5,1.5,3.9,9.5
23596,0.5772,0,NORMAL,10.5,2.0,3.1,10.0
23597,0.3954,0,NORMAL,10.5,1.6,2.9,9.4
23598,0.3703,0,NORMAL,10.5,2.3,4.3,9.2
23599,0.5693,0,NORMAL,10.6,3.1,13.3,14.0
23600,0.4216,0,NORMAL,10.5,2.7,5.5,8.4
23601,0.4871,0,NORMAL,10.6,2.2,4.8,8.9
23602,0.4708,0,NORMAL,10.7,1.8,7.4,10.6
23603,0.4658,0,NORMAL,10.7,2.5,7.1,9.8
23604,1.0,0,ANOMALY,12.9,18.0,14.9,15.1
23605,0.6614,0,WARNING,10.7,2.9,6.1,8.3
23606,0.3688,0,NORMAL,10.6,2.2,4.7,8.6
23607,0.4223,0,NORMAL,10.6,2.3,5.1,8.6
23608,0.1469,0,NORMAL,10.6,2.2,4.4,9.2
23609,0.5122,0,NORMAL,10.7,2.1,11.3,14.6
23610,0.1943,0,NORMAL,10.6,2.5,4.9,8.1
23611,0.1179,0,NORMAL,10.6,2.0,3.0,8.1
23612,0.1174,0,NORMAL,10.6,2.0,3.2,8.2
23613,0.3452,0,NORMAL,10.6,2.9,3.5,8.6
23614,0.9997,0,WARNING,12.5,16.6,11.3,15.2
23615,0.446,0,NORMAL,10.6,2.4,5.3,9.1
23616,0.3096,0,NORMAL,10.6,1.6,3.3,8.2
23617,0.5379,0,NORMAL,10.6,2.8,3.4,9.8
23618,0.2187,0,NORMAL,10.6,2.2,3.1,8.7
23619,0.5069,0,NORMAL,10.6,2.0,10.5,13.0
23620,0.9913,0,WARNING,10.6,2.1,5.8,11.5
23621,0.3779,0,NORMAL,10.6,1.9,5.4,9.8
23622,0.2298,0,NORMAL,10.7,3.1,5.7,10.4
23623,0.3714,0,NORMAL,10.6,2.2,6.2,9.9
23624,1.0,0,ANOMALY,14.3,19.4,11.0,13.3
23625,0.5386,0,NORMAL,10.7,3.1,4.6,7.5
23626,0.1914,0,NORMAL,10.6,2.1,2.7,8.0
23627,0.1791,0,NORMAL,10.6,2.2,2.6,7.7
23628,0.3957,0,NORMAL,10.6,2.3,2.9,9.2
23629,0.647,0,WARNING,10.7,2.1,10.4,14.9
23630,0.5774,0,NORMAL,10.6,2.7,5.8,10.0
23631,0.1366,0,NORMAL,10.6,2.4,4.2,7.9
23632,0.167,0,NORMAL,10.6,2.3,5.3,8.6
23633,0.8633,0,WARNING,10.8,4.1,5.3,8.6
23634,0.9982,0,WARNING,12.0,15.7,11.5,13.8
23635,0.4867,0,NORMAL,10.8,3.7,11.5,11.8
23636,0.2611,0,NORMAL,10.6,1.8,5.0,8.2
23637,0.9993,0,WARNING,11.5,4.9,3.7,9.4
23638,0.3659,0,NORMAL,10.6,2.2,4.6,8.3
23639,0.3474,0,NORMAL,10.7,2.6,7.6,9.8
23640,0.4179,0,NORMAL,10.7,3.1,9.7,11.9
23641,0.3383,0,NORMAL,10.5,2.2,4.5,9.1
23642,0.2131,0,NORMAL,10.6,2.4,6.0,8.7
23643,0.2028,0,NORMAL,10.6,2.4,5.2,8.1
23644,1.0,0,ANOMALY,14.1,19.0,3.4,8.8
23645,0.4919,0,NORMAL,10.6,2.6,10.2,13.5
23646,0.2522,0,NORMAL,10.5,1.9,2.5,6.5
23647,0.1885,0,NORMAL,10.6,2.2,2.4,6.8
23648,0.3061,0,NORMAL,10.5,2.2,2.8,7.5
23649,0.5381,0,NORMAL,10.6,2.0,3.2,9.2
23650,0.998,0,WARNING,10.6,2.3,12.6,16.4
23651,0.5233,0,NORMAL,10.6,2.3,7.9,8.4
23652,0.4082,0,NORMAL,10.6,3.1,8.4,9.9
23653,0.3337,0,NORMAL,10.6,2.0,8.1,9.7
23654,1.0,0,ANOMALY,13.4,18.2,5.9,9.0
23655,0.6163,0,WARNING,10.5,3.0,13.2,15.2
23656,0.4464,0,NORMAL,10.6,3.2,7.9,10.6
23657,0.4806,0,NORMAL,10.7,3.0,5.3,9.9
23658,0.1951,0,NORMAL,10.5,2.2,5.1,9.0
23659,0.2133,0,NORMAL,10.6,2.6,6.4,9.6
23660,0.6278,0,WARNING,10.6,2.5,13.8,14.7
23661,0.4517,0,NORMAL,10.6,3.4,8.0,11.5
23662,0.3949,0,NORMAL,10.5,3.3,5.5,11.1
23663,0.5387,0,NORMAL,10.5,2.8,3.3,9.7
23664,1.0,0,WARNING,12.5,16.6,5.0,8.6
23665,0.6202,0,WARNING,10.6,2.5,13.3,12.9
23666,0.3744,0,NORMAL,10.5,2.3,7.3,7.9
23667,0.4159,0,NORMAL,10.5,2.6,5.7,7.8
23668,0.4206,0,NORMAL,10.5,1.9,5.7,7.9
23669,0.2896,0,NORMAL,10.5,2.1,5.5,7.7
23670,0.6119,0,WARNING,10.6,2.5,13.0,12.8
23671,0.3098,0,NORMAL,10.5,2.2,7.2,7.6
23672,0.1356,0,NORMAL,10.5,2.6,4.4,7.9
23673,0.3953,0,NORMAL,10.5,1.3,3.4,8.3
23674,0.9976,0,WARNING,11.9,15.6,2.6,7.1
23675,0.4917,0,NORMAL,10.6,2.0,9.5,12.1
23676,0.3949,0,NORMAL,10.5,2.5,3.9,7.7
23677,0.1547,0,NORMAL,10.5,2.7,4.2,7.8
23678,0.1411,0,NORMAL,10.5,2.6,3.5,7.5
23679,0.2769,0,NORMAL,10.5,2.0,3.2,8.0
23680,0.9967,0,WARNING,10.6,2.2,10.2,16.0
23681,0.5771,0,NORMAL,10.5,2.2,4.2,8.3
23682,0.6136,0,WARNING,10.5,4.2,3.0,9.7
23683,0.8377,0,WARNING,10.6,3.8,3.3,10.0
23684,1.0,0,ANOMALY,16.0,21.1,2.8,9.2
23685,0.6129,0,WARNING,10.4,2.6,8.2,12.3
23686,0.5374,0,NORMAL,10.4,2.1,5.6,9.3
23687,0.3088,0,NORMAL,10.4,2.1,2.9,6.8
23688,0.3063,0,NORMAL,10.5,2.8,4.1,7.3
23689,0.254,0,NORMAL,10.5,3.0,4.0,7.7
23690,0.5776,0,NORMAL,10.5,3.0,6.2,10.6
23691,0.3803,0,NORMAL,10.5,2.1,9.0,11.4
23692,0.7529,0,WARNING,10.6,3.0,3.0,6.6
23693,0.1628,0,NORMAL,10.5,1.8,3.0,6.8
23694,0.9973,0,WARNING,11.9,15.4,3.3,6.8
23695,0.3862,0,NORMAL,10.5,2.7,5.0,6.9
