t,score,true_label,status,CPU / Load,Memory,Disk,Network
0,0.3045,0,NORMAL,18.0,2.1,8.7,7.1
1,0.1222,0,NORMAL,16.3,2.1,6.0,6.1
2,0.22,0,NORMAL,15.0,1.8,4.9,4.4
3,0.7842,0,WARNING,18.5,5.0,6.0,5.0
4,0.1435,0,NORMAL,19.0,2.1,7.5,6.7
5,0.2205,0,NORMAL,19.7,1.6,4.5,4.1
6,0.1946,0,NORMAL,20.0,2.1,5.9,5.4
7,0.9559,0,WARNING,20.8,5.0,5.2,5.0
8,0.304,0,NORMAL,21.6,4.9,12.7,10.5
9,0.4194,0,NORMAL,22.1,3.4,10.5,9.2
10,0.6748,0,WARNING,22.2,4.0,10.0,8.4
11,0.1739,0,NORMAL,22.6,2.4,8.3,7.2
12,0.1963,0,NORMAL,21.6,2.9,6.4,5.1
13,0.9004,0,WARNING,23.0,5.3,8.7,7.7
14,0.2608,0,NORMAL,22.2,2.3,6.9,6.7
15,0.2563,0,NORMAL,21.6,1.4,4.0,4.3
16,0.2476,0,NORMAL,21.3,1.0,3.6,4.4
17,0.2629,0,NORMAL,22.5,3.1,6.9,6.8
18,0.4259,0,NORMAL,22.6,4.2,7.3,6.8
19,0.5248,0,NORMAL,23.4,4.3,8.5,8.2
20,0.3165,0,NORMAL,22.2,2.1,5.3,6.1
21,0.3186,0,NORMAL,23.8,2.8,7.4,7.2
22,0.3208,0,NORMAL,23.1,3.7,10.2,8.4
23,0.983,0,WARNING,20.9,5.5,7.5,7.1
24,0.1587,0,NORMAL,17.7,1.9,7.6,6.2
25,0.118,0,NORMAL,19.8,2.1,6.2,5.6
26,0.1121,0,NORMAL,19.1,2.2,6.3,6.0
27,0.1116,0,NORMAL,20.4,4.1,11.3,9.7
28,0.4164,0,NORMAL,20.1,4.4,8.6,6.9
29,0.8195,0,WARNING,21.6,4.3,11.6,9.4
30,0.2591,0,NORMAL,21.5,3.0,13.3,11.9
31,0.1565,0,NORMAL,21.6,2.5,7.7,7.1
32,0.8175,0,WARNING,21.6,3.9,5.0,4.6
33,0.1514,0,NORMAL,21.9,3.3,8.3,7.8
34,0.9323,0,WARNING,21.9,4.9,8.3,7.5
35,0.2834,0,NORMAL,22.7,3.4,9.1,7.6
36,0.2354,0,NORMAL,22.9,2.9,9.3,8.5
37,0.8513,0,WARNING,22.9,5.2,9.8,8.4
38,0.2852,0,NORMAL,22.5,3.2,7.2,6.3
39,0.3032,0,NORMAL,23.1,3.5,8.9,7.9
40,0.8517,0,WARNING,24.3,4.7,14.3,11.4
41,0.2177,0,NORMAL,20.6,2.2,8.2,8.1
42,0.1328,0,NORMAL,18.8,2.7,6.8,5.4
43,0.9544,0,WARNING,19.4,5.9,11.0,8.7
44,0.1459,0,NORMAL,19.7,1.8,6.8,6.8
45,0.125,0,NORMAL,20.0,2.3,10.0,7.3
46,0.1411,0,NORMAL,20.0,2.6,7.1,6.4
47,0.1977,0,NORMAL,21.3,5.0,10.9,7.0
48,0.9948,0,WARNING,22.1,14.8,33.8,13.5
49,0.7638,0,WARNING,21.8,4.8,12.6,8.2
50,0.2274,0,NORMAL,22.2,3.1,13.7,11.7
51,0.2387,0,NORMAL,21.8,2.7,9.4,7.9
52,0.7714,0,WARNING,22.3,4.1,8.8,8.3
53,0.1853,0,NORMAL,22.1,2.9,8.4,7.2
54,0.1983,0,NORMAL,22.1,2.5,8.7,8.2
55,0.7284,0,WARNING,23.4,4.3,12.2,10.7
56,0.2185,0,NORMAL,22.6,2.2,8.7,7.9
57,0.248,0,NORMAL,23.7,3.0,12.2,10.5
58,0.2797,0,NORMAL,23.4,3.5,9.7,9.8
59,0.4272,0,NORMAL,22.8,4.3,16.6,15.7
60,0.2998,0,NORMAL,18.9,2.6,11.4,10.3
61,0.9421,0,WARNING,19.7,4.5,9.5,9.0
62,0.1519,0,NORMAL,16.0,2.6,9.2,8.1
63,0.9666,0,WARNING,14.1,3.7,17.6,8.0
64,0.318,0,NORMAL,15.0,3.1,11.8,10.8
65,0.1275,0,NORMAL,15.8,2.7,9.3,8.0
66,0.1369,0,NORMAL,17.2,2.8,9.9,9.4
67,0.8172,0,WARNING,19.0,6.5,22.6,17.3
68,0.3923,0,NORMAL,18.7,5.0,14.1,11.6
69,0.2136,0,NORMAL,17.9,2.8,9.0,8.7
70,0.2203,0,NORMAL,17.4,1.6,6.9,7.3
71,0.2276,0,NORMAL,18.2,2.8,9.3,9.5
72,0.2374,0,NORMAL,18.6,2.6,8.3,6.8
73,0.2591,0,NORMAL,18.6,3.4,11.2,9.8
74,0.8176,0,WARNING,19.7,4.2,9.1,8.6
75,0.2991,0,NORMAL,19.2,1.8,7.2,7.1
76,0.3088,0,NORMAL,19.2,2.6,13.3,10.3
77,0.3228,0,NORMAL,20.2,3.9,12.8,10.9
78,0.5081,0,NORMAL,16.4,5.0,11.4,10.7
79,0.3976,0,NORMAL,15.9,5.1,16.2,14.3
80,0.9294,0,WARNING,14.8,4.2,8.9,7.8
81,0.1077,0,NORMAL,15.5,2.7,10.4,10.1
82,0.2041,0,NORMAL,17.1,3.5,14.7,11.9
83,0.1779,0,NORMAL,16.6,3.4,9.9,7.4
84,0.1391,0,NORMAL,17.6,2.2,8.8,8.0
85,0.6,0,WARNING,17.2,3.3,11.3,8.1
86,0.1441,0,NORMAL,17.6,2.9,11.6,9.9
87,0.1175,0,NORMAL,17.2,2.8,9.2,8.4
88,0.9744,0,WARNING,17.7,6.7,8.6,7.7
89,0.7311,0,WARNING,18.5,3.6,18.0,13.4
90,0.9737,0,WARNING,19.1,5.2,13.8,11.6
91,0.1957,0,NORMAL,19.0,2.9,11.5,10.4
92,0.9975,0,WARNING,19.1,6.1,14.1,11.0
93,0.4559,0,NORMAL,19.7,4.9,20.6,13.5
94,0.3217,0,NORMAL,16.3,3.6,13.2,11.1
95,0.1596,0,NORMAL,14.4,3.1,10.2,8.8
96,1.0,0,ANOMALY,15.3,7.3,11.7,9.6
97,0.204,0,NORMAL,17.4,4.3,16.0,11.1
98,0.7136,0,WARNING,17.0,5.2,10.3,8.7
99,0.5804,0,NORMAL,19.8,6.0,23.4,19.6
100,0.3846,0,NORMAL,17.5,2.3,12.2,9.6
101,0.1844,0,NORMAL,17.9,2.1,10.2,8.8
102,0.1812,0,NORMAL,18.7,3.4,10.5,8.8
103,0.2297,0,NORMAL,18.8,3.7,11.2,9.6
104,0.259,0,NORMAL,18.6,2.3,10.2,8.9
105,0.2558,0,NORMAL,18.1,1.9,7.8,6.6
106,0.4033,0,NORMAL,20.1,3.2,15.8,14.4
107,0.8076,0,WARNING,21.6,12.0,31.7,17.1
108,0.9892,0,WARNING,20.5,13.5,24.5,14.1
109,0.5625,0,NORMAL,19.4,5.6,15.7,14.2
110,0.4663,0,NORMAL,16.7,3.1,12.2,10.3
111,0.3624,0,NORMAL,15.7,3.7,15.6,13.9
112,0.9728,0,WARNING,15.9,5.9,13.9,14.6
113,0.3676,0,NORMAL,17.2,3.5,14.3,14.3
114,0.2825,0,NORMAL,17.0,3.5,15.7,12.8
115,0.4503,0,NORMAL,16.2,2.6,8.8,8.4
116,0.3972,0,NORMAL,16.6,2.9,11.6,12.4
117,0.3383,0,NORMAL,16.6,3.4,9.9,8.5
118,0.3914,0,NORMAL,17.9,5.1,14.3,13.1
119,0.9463,0,WARNING,18.2,6.1,15.0,13.8
120,0.9114,0,WARNING,18.0,5.2,12.9,11.7
121,0.499,0,NORMAL,18.0,3.4,13.5,12.3
122,0.4504,0,NORMAL,14.6,2.7,6.7,7.0
123,0.3975,0,NORMAL,14.2,2.6,7.4,7.2
124,0.3592,0,NORMAL,14.5,2.6,10.1,7.8
125,0.2747,0,NORMAL,15.2,3.2,10.2,8.6
126,0.3391,0,NORMAL,15.7,2.9,10.5,9.4
127,0.3783,0,NORMAL,17.2,4.0,14.9,14.2
128,0.3978,0,NORMAL,17.0,4.7,12.9,10.5
129,0.1873,0,NORMAL,17.7,3.5,13.3,10.7
130,0.7024,0,WARNING,18.5,2.4,14.3,9.5
131,0.8042,0,WARNING,24.7,7.0,33.4,26.0
132,0.6697,0,WARNING,20.4,4.6,21.0,15.7
133,0.3621,0,NORMAL,19.7,3.2,9.9,8.6
134,0.2949,0,NORMAL,19.6,2.1,7.9,7.0
135,0.3001,0,NORMAL,19.1,1.8,6.3,6.6
136,0.9324,0,WARNING,19.3,2.0,15.9,10.2
137,0.1894,0,NORMAL,17.9,3.4,11.9,10.5
138,0.5906,0,NORMAL,17.0,4.2,15.0,13.7
139,0.2769,0,NORMAL,14.7,2.9,9.9,8.9
140,0.1704,0,NORMAL,15.4,2.6,11.0,10.9
141,0.3135,0,NORMAL,17.7,4.1,15.3,13.6
142,0.5854,0,NORMAL,16.1,4.0,10.6,9.7
143,0.1248,0,NORMAL,16.7,3.8,9.1,7.7
144,0.1013,0,NORMAL,16.8,3.1,9.6,7.6
145,0.2901,0,NORMAL,18.1,3.3,14.7,12.0
146,0.2285,0,NORMAL,17.5,2.9,13.0,11.3
147,0.1212,0,NORMAL,17.5,2.9,8.9,8.1
148,0.6687,0,WARNING,17.5,4.0,7.9,7.0
149,0.4054,0,NORMAL,18.6,2.7,8.2,8.6
150,0.1442,0,NORMAL,18.0,2.5,11.0,10.3
151,0.124,0,NORMAL,18.3,2.2,9.2,8.2
152,0.9169,0,WARNING,17.1,3.9,8.7,7.7
153,0.3134,0,NORMAL,17.7,3.8,12.5,11.1
154,0.2769,0,NORMAL,14.2,2.7,8.8,7.5
155,0.2365,0,NORMAL,16.0,3.5,14.1,11.8
156,0.3118,0,NORMAL,16.8,3.3,15.3,13.9
157,0.3833,0,NORMAL,18.8,4.3,13.4,10.5
158,0.2822,0,NORMAL,17.8,4.1,10.0,8.9
159,0.2661,0,NORMAL,17.3,2.8,6.2,6.0
160,0.137,0,NORMAL,17.6,2.6,10.1,9.4
161,0.1581,0,NORMAL,18.0,2.6,9.7,8.9
162,0.9582,0,WARNING,17.5,5.6,7.6,6.3
163,0.2142,0,NORMAL,18.3,3.5,10.4,8.4
164,0.5017,0,NORMAL,20.5,4.5,22.0,16.8
165,0.6616,0,WARNING,18.0,3.2,8.4,6.5
166,0.2277,0,NORMAL,17.6,2.0,7.8,7.6
167,0.4368,0,NORMAL,19.0,6.3,17.1,10.9
168,0.7424,0,WARNING,19.7,9.8,17.7,10.3
169,0.7684,0,WARNING,18.9,4.8,10.3,9.9
170,0.6606,0,WARNING,15.6,3.2,10.0,10.4
171,0.1203,0,NORMAL,13.7,2.1,7.2,6.8
172,0.2206,0,NORMAL,14.8,2.9,12.9,11.1
173,0.4061,0,NORMAL,16.8,4.0,10.6,8.8
174,0.7771,0,WARNING,15.4,4.7,8.3,7.0
175,0.2075,0,NORMAL,16.6,2.4,12.7,10.7
176,0.1392,0,NORMAL,16.3,1.9,8.0,7.4
177,0.1106,0,NORMAL,17.1,2.9,9.8,8.2
178,0.4055,0,NORMAL,17.2,3.8,10.5,9.3
179,0.2744,0,NORMAL,17.3,3.1,8.3,7.9
180,0.9314,0,WARNING,16.8,4.5,8.2,8.3
181,0.1208,0,NORMAL,16.7,1.9,6.7,6.3
182,0.1875,0,NORMAL,16.3,3.3,12.0,11.0
183,0.4099,0,NORMAL,14.1,2.7,7.7,6.7
184,0.1489,0,NORMAL,16.0,3.0,10.7,9.3
185,0.1253,0,NORMAL,15.6,3.0,8.9,7.8
186,0.1734,0,NORMAL,16.3,3.8,11.5,9.1
187,0.0796,0,NORMAL,17.5,4.0,12.8,9.5
188,0.5102,0,NORMAL,17.4,4.2,10.3,7.9
189,0.9167,0,WARNING,17.8,4.1,5.8,5.4
190,0.1893,0,NORMAL,17.2,1.9,6.6,6.9
191,0.3784,0,NORMAL,19.6,3.6,15.3,14.5
192,0.2569,0,NORMAL,18.2,2.8,10.6,8.1
193,0.2683,0,NORMAL,18.5,2.2,6.1,5.5
194,0.2787,0,NORMAL,18.5,2.1,8.5,8.2
195,0.604,0,WARNING,19.0,4.3,11.9,9.4
196,0.2825,0,NORMAL,18.6,1.8,9.1,6.6
197,0.2904,0,NORMAL,19.0,3.7,10.1,9.0
198,0.8181,0,WARNING,19.5,6.3,12.3,9.1
199,0.5066,0,NORMAL,19.5,4.8,11.2,10.2
200,0.1517,0,NORMAL,16.4,2.9,9.7,9.7
201,0.1039,0,NORMAL,13.8,2.3,7.0,6.4
202,0.1412,0,NORMAL,14.1,2.5,6.3,5.9
203,0.4146,0,NORMAL,15.2,3.8,6.4,5.2
204,0.1484,0,NORMAL,15.3,1.6,4.8,5.2
205,0.1475,0,NORMAL,15.6,1.6,5.4,5.3
206,0.1229,0,NORMAL,16.7,2.4,8.9,8.5
207,0.1294,0,NORMAL,16.2,2.0,5.6,6.1
208,0.3,0,NORMAL,16.1,2.5,5.4,5.6
209,0.1489,0,NORMAL,16.8,2.8,7.6,7.6
210,0.9189,0,WARNING,16.4,3.9,6.0,6.3
211,0.1418,0,NORMAL,16.9,1.9,7.0,7.3
212,0.1734,0,NORMAL,17.0,3.0,8.8,8.2
213,0.5224,0,NORMAL,17.7,4.0,6.0,4.8
214,0.2125,0,NORMAL,18.0,3.9,10.1,8.7
215,0.2595,0,NORMAL,17.8,2.6,7.3,5.9
216,0.4172,0,NORMAL,18.7,3.2,7.0,6.3
217,0.3008,0,NORMAL,19.7,3.6,10.4,7.4
218,0.3337,0,NORMAL,19.2,4.2,8.7,7.5
219,0.4116,0,NORMAL,18.2,2.5,7.5,6.0
220,0.7318,0,WARNING,15.2,3.2,5.3,6.5
221,0.1389,0,NORMAL,13.0,1.5,6.1,5.2
222,0.1357,0,NORMAL,14.9,2.8,7.7,6.0
223,0.6797,0,WARNING,16.2,4.5,8.7,6.7
224,0.2298,0,NORMAL,17.1,2.7,9.4,8.1
225,0.1488,0,NORMAL,17.5,2.8,12.1,8.1
226,0.1558,0,NORMAL,17.5,2.4,6.5,5.2
227,0.3199,0,NORMAL,17.7,5.7,13.3,9.0
228,0.9442,0,WARNING,18.8,11.6,16.0,10.3
229,0.248,0,NORMAL,18.5,3.3,7.6,6.1
230,0.2132,0,NORMAL,18.6,2.8,9.7,8.5
231,0.2646,0,NORMAL,18.9,5.4,14.9,9.1
232,0.8751,0,WARNING,18.8,5.9,10.7,9.0
233,0.282,0,NORMAL,19.0,3.3,9.0,8.3
234,0.6665,0,WARNING,19.5,4.3,12.5,9.7
235,0.9306,0,WARNING,18.9,4.7,8.6,7.4
236,0.3335,0,NORMAL,19.1,1.9,6.1,6.6
237,0.353,0,NORMAL,20.0,2.7,7.8,8.0
238,0.6018,0,WARNING,18.8,4.3,10.1,7.3
239,0.2734,0,NORMAL,17.1,3.9,11.7,12.1
240,0.1915,0,NORMAL,15.0,2.8,11.6,11.5
241,0.2637,0,NORMAL,14.1,2.3,7.9,8.0
242,0.1459,0,NORMAL,15.5,2.8,6.6,6.6
243,0.1206,0,NORMAL,18.9,3.9,8.3,6.8
244,0.8512,0,WARNING,19.6,4.3,8.3,8.3
245,0.1846,0,NORMAL,20.6,3.1,10.8,9.7
246,0.9991,0,WARNING,21.7,5.8,8.7,8.0
247,0.2767,0,NORMAL,21.5,3.0,9.2,7.3
248,0.4037,0,NORMAL,23.3,4.3,10.6,10.5
249,0.5064,0,NORMAL,23.1,3.8,10.4,9.5
250,0.2167,0,NORMAL,22.6,2.5,9.4,8.4
251,0.2744,0,NORMAL,23.7,3.4,13.3,12.5
252,0.8755,0,WARNING,23.5,5.0,14.3,12.6
253,0.2622,0,NORMAL,23.2,2.8,9.0,7.9
254,0.2775,0,NORMAL,22.8,1.9,7.7,7.7
255,0.2758,0,NORMAL,23.3,2.7,11.5,9.9
256,0.408,0,NORMAL,22.3,2.3,6.2,6.1
257,0.2935,0,NORMAL,23.4,3.0,9.7,9.4
258,0.5183,0,NORMAL,24.0,4.3,9.8,9.7
259,0.2807,0,NORMAL,20.9,3.3,7.4,7.6
260,0.4141,0,NORMAL,18.0,3.1,7.8,7.7
261,0.5134,0,NORMAL,19.7,3.6,9.2,8.8
262,0.1199,0,NORMAL,19.6,3.4,10.5,9.0
263,0.1254,0,NORMAL,21.2,3.8,11.4,8.7
264,0.7291,0,WARNING,20.2,3.9,7.8,7.4
265,0.1218,0,NORMAL,21.0,2.0,6.3,6.8
266,0.1344,0,NORMAL,20.8,2.4,9.0,8.7
267,0.1488,0,NORMAL,22.6,3.0,9.8,7.7
268,0.5196,0,NORMAL,21.4,3.8,8.2,8.0
269,0.5191,0,NORMAL,21.6,2.9,8.0,8.4
270,0.9177,0,WARNING,22.0,4.6,8.4,8.6
271,0.1639,0,NORMAL,21.8,2.5,7.8,7.8
272,0.2824,0,NORMAL,21.9,4.3,10.1,9.2
273,0.2066,0,NORMAL,22.5,3.4,9.7,8.6
274,0.7303,0,WARNING,22.1,3.1,8.9,5.9
275,0.2389,0,NORMAL,22.6,2.8,8.2,6.8
276,0.672,0,WARNING,22.1,3.5,7.2,6.3
277,0.1138,0,NORMAL,20.1,2.6,7.2,6.5
278,0.1383,0,NORMAL,18.0,3.6,7.0,6.0
279,0.2943,0,NORMAL,19.5,3.6,8.7,7.6
280,0.1288,0,NORMAL,20.3,2.0,9.2,8.1
281,0.1358,0,NORMAL,20.7,2.2,9.1,8.1
282,0.1475,0,NORMAL,20.9,2.1,7.7,7.2
283,0.1409,0,NORMAL,21.7,3.1,7.1,6.6
284,0.6775,0,WARNING,21.6,2.9,5.0,5.1
285,0.1144,0,NORMAL,21.6,2.1,7.9,7.1
286,0.8308,0,WARNING,21.2,3.2,6.5,6.2
287,0.2194,0,NORMAL,21.6,4.1,9.0,5.8
288,0.9179,0,WARNING,21.9,10.3,13.6,7.5
289,0.9856,0,WARNING,22.4,6.4,8.7,8.5
290,0.2154,0,NORMAL,22.7,2.0,7.7,6.9
291,0.5092,0,NORMAL,23.4,3.8,8.9,7.8
292,0.2194,0,NORMAL,22.3,2.5,10.2,9.3
293,0.2362,0,NORMAL,23.1,3.5,10.7,9.2
294,0.599,0,NORMAL,22.2,3.3,7.1,7.3
295,0.2532,0,NORMAL,22.4,1.4,5.9,6.2
296,0.2738,0,NORMAL,22.5,2.1,8.0,7.6
297,0.1369,0,NORMAL,21.8,3.4,11.6,10.5
298,0.2865,0,NORMAL,18.8,3.6,9.5,8.5
299,0.6951,0,WARNING,19.7,3.0,12.9,9.3
300,0.5078,0,NORMAL,19.6,2.8,10.6,8.6
301,0.1293,0,NORMAL,19.8,2.1,8.0,8.3
302,0.0991,0,NORMAL,15.9,2.7,9.6,8.5
303,0.8991,0,WARNING,13.4,5.2,9.6,7.9
304,0.1056,0,NORMAL,14.1,2.3,6.7,7.1
305,0.1623,0,NORMAL,15.0,2.6,6.3,5.9
306,0.522,0,NORMAL,14.8,2.9,6.2,6.3
307,0.6787,0,WARNING,16.6,3.7,7.6,6.7
308,0.4217,0,NORMAL,15.8,3.2,6.5,7.1
309,0.5235,0,NORMAL,16.7,3.2,7.8,8.0
310,0.522,0,NORMAL,16.8,3.6,12.4,9.3
311,0.1789,0,NORMAL,18.2,3.5,12.9,10.1
312,0.2229,0,NORMAL,18.5,3.7,10.3,8.7
313,0.3174,0,NORMAL,18.9,3.4,10.5,8.1
314,0.3631,0,NORMAL,18.8,3.1,9.6,8.3
315,0.3765,0,NORMAL,18.9,2.6,6.7,5.8
316,0.3893,0,NORMAL,19.3,2.2,9.0,8.6
317,0.3941,0,NORMAL,19.6,3.4,10.4,7.8
318,0.5184,0,NORMAL,19.2,5.0,8.1,6.9
319,0.418,0,NORMAL,19.5,2.9,6.4,6.6
320,0.6659,0,WARNING,19.3,3.0,5.6,5.8
321,0.1955,0,NORMAL,16.0,1.4,5.2,5.5
322,1.0,0,ANOMALY,14.0,8.2,8.4,6.8
323,0.1071,0,NORMAL,14.7,3.5,9.5,8.3
324,0.1408,0,NORMAL,14.9,2.3,7.9,7.1
325,0.522,0,NORMAL,15.6,3.3,8.7,7.4
326,0.1443,0,NORMAL,15.6,2.0,6.7,6.4
327,0.111,0,NORMAL,16.6,3.2,10.9,9.6
328,0.7822,0,WARNING,17.1,5.4,11.7,9.4
329,0.145,0,NORMAL,17.2,3.0,8.7,8.5
330,0.1459,0,NORMAL,17.0,1.7,6.2,6.3
331,0.8206,0,WARNING,16.9,3.8,7.4,6.7
332,0.1543,0,NORMAL,17.9,2.6,10.3,8.1
333,0.1874,0,NORMAL,18.3,4.1,12.6,10.4
334,0.2275,0,NORMAL,17.7,3.7,11.9,8.3
335,0.2514,0,NORMAL,17.8,2.1,6.7,5.7
336,0.2647,0,NORMAL,17.6,2.4,9.0,7.4
337,0.2908,0,NORMAL,18.1,2.5,7.5,6.9
338,0.4182,0,NORMAL,18.2,4.4,10.2,8.5
339,0.3023,0,NORMAL,18.2,2.8,6.5,5.6
340,0.9003,0,WARNING,16.5,4.1,8.6,7.6
341,0.1451,0,NORMAL,13.1,1.8,6.4,6.0
342,0.1067,0,NORMAL,13.6,2.0,7.2,5.9
343,0.119,0,NORMAL,15.0,3.5,9.7,7.2
344,0.879,0,WARNING,13.9,3.6,5.0,5.0
345,0.1379,0,NORMAL,14.7,1.8,5.8,5.8
346,0.1577,0,NORMAL,14.8,1.7,5.5,5.6
347,1.0,0,ANOMALY,15.3,8.3,6.3,6.1
348,0.4188,0,NORMAL,14.6,3.5,6.0,5.8
349,0.2929,0,NORMAL,14.9,2.1,4.0,4.9
350,0.1954,0,NORMAL,14.9,1.5,5.2,6.3
351,0.8551,0,WARNING,15.8,3.4,8.6,7.8
352,0.1307,0,NORMAL,15.1,1.7,6.1,6.1
353,0.1201,0,NORMAL,15.7,2.4,7.0,8.3
354,0.8543,0,WARNING,15.8,3.9,8.5,7.9
355,0.095,0,NORMAL,16.4,2.5,8.2,7.7
356,0.1527,0,NORMAL,15.5,1.6,4.8,5.3
357,0.1491,0,NORMAL,16.2,2.7,7.4,8.0
358,1.0,0,ANOMALY,17.0,7.0,8.7,8.4
359,0.4117,0,NORMAL,17.4,3.5,8.7,8.0
360,0.8504,0,WARNING,16.9,4.0,9.9,9.3
361,0.7775,0,WARNING,14.6,2.9,7.1,6.3
362,0.2825,0,NORMAL,14.4,2.3,5.4,5.3
363,0.2919,0,NORMAL,18.3,3.4,8.0,7.4
364,0.8533,0,WARNING,18.2,3.2,6.9,6.7
365,0.1587,0,NORMAL,18.8,2.2,6.5,5.7
366,0.1341,0,NORMAL,19.5,2.7,10.1,7.5
367,0.7828,0,WARNING,21.0,5.0,12.2,10.6
368,0.5165,0,NORMAL,21.0,4.1,7.6,6.6
369,0.2818,0,NORMAL,21.2,2.9,8.9,7.8
370,0.9995,0,WARNING,20.9,4.6,6.3,5.8
371,0.1597,0,NORMAL,20.8,1.4,4.8,5.2
372,0.1204,0,NORMAL,21.6,1.9,5.2,5.2
373,0.1466,0,NORMAL,22.8,3.8,9.1,8.0
374,0.5254,0,NORMAL,22.7,3.2,6.6,6.1
375,0.1903,0,NORMAL,22.4,1.3,4.6,4.8
376,0.2012,0,NORMAL,22.0,1.5,4.0,3.9
377,0.6143,0,WARNING,23.7,3.8,7.4,7.4
378,0.5262,0,NORMAL,23.3,4.9,8.0,7.3
379,0.4176,0,NORMAL,23.4,3.1,6.3,6.5
380,0.9936,0,WARNING,24.5,4.5,6.3,6.5
381,0.3009,0,NORMAL,23.3,2.1,5.1,6.0
382,0.1425,0,NORMAL,22.3,3.0,5.9,5.2
383,0.1388,0,NORMAL,19.5,3.4,6.8,4.6
384,0.1607,0,NORMAL,18.8,2.4,8.5,7.8
385,0.1394,0,NORMAL,19.3,1.8,6.3,5.7
386,0.1501,0,NORMAL,19.0,1.9,6.4,5.8
387,0.8238,0,WARNING,20.9,4.8,12.5,9.3
388,0.417,0,NORMAL,20.3,3.9,8.7,7.0
389,0.4162,0,NORMAL,20.6,2.8,6.2,6.3
390,0.1692,0,NORMAL,20.1,1.7,4.1,4.2
391,0.1461,0,NORMAL,21.1,1.7,5.2,6.5
392,0.1176,0,NORMAL,21.0,2.3,6.4,6.1
393,0.1175,0,NORMAL,21.7,2.5,7.2,5.7
394,0.9339,0,WARNING,22.0,5.1,5.6,6.0
395,0.1776,0,NORMAL,22.6,2.2,5.9,6.3
396,0.7362,0,WARNING,21.9,3.6,6.3,6.2
397,0.1316,0,NORMAL,22.3,1.9,5.4,5.6
398,0.423,0,NORMAL,22.4,3.4,6.4,7.3
399,0.2942,0,NORMAL,22.7,2.4,5.1,6.6
400,0.6084,0,WARNING,22.2,3.3,5.9,6.3
401,0.2033,0,NORMAL,22.9,1.4,5.1,5.7
402,0.3006,0,NORMAL,22.9,2.9,7.4,6.7
403,0.1175,0,NORMAL,21.3,3.8,7.5,5.9
404,0.1464,0,NORMAL,18.6,1.7,6.3,5.9
405,0.1797,0,NORMAL,18.1,1.5,4.3,4.2
406,0.1484,0,NORMAL,18.4,1.7,4.8,5.2
407,0.9204,0,WARNING,19.8,8.6,13.1,7.3
408,0.8531,0,WARNING,19.5,6.5,10.5,9.0
409,0.5141,0,NORMAL,19.6,3.8,9.3,7.0
410,0.8488,0,WARNING,20.6,4.1,10.9,8.7
411,0.3954,0,NORMAL,20.4,2.4,6.6,7.0
412,0.2011,0,NORMAL,20.3,2.3,5.7,6.9
413,1.0,0,WARNING,21.1,6.0,6.7,6.6
414,0.7286,0,WARNING,21.3,3.0,4.9,5.7
415,0.226,0,NORMAL,21.6,2.5,8.4,8.6
416,0.1441,0,NORMAL,20.7,2.2,7.3,7.8
417,0.7322,0,WARNING,21.6,4.3,8.4,7.3
418,0.4117,0,NORMAL,21.6,3.1,8.1,8.9
419,0.2827,0,NORMAL,22.1,2.6,7.7,6.4
420,0.1501,0,NORMAL,21.3,2.4,6.9,7.5
421,0.9319,0,WARNING,21.8,3.9,6.2,6.4
422,0.1287,0,NORMAL,17.2,3.2,7.4,5.9
423,0.1331,0,NORMAL,14.5,4.6,11.2,9.6
424,0.2844,0,NORMAL,14.4,2.9,7.2,6.4
425,0.4158,0,NORMAL,14.8,3.2,7.9,6.3
426,0.4288,0,NORMAL,14.6,2.5,9.5,6.4
427,0.099,0,NORMAL,15.7,2.8,8.2,7.6
428,0.9746,0,WARNING,16.3,5.4,9.2,9.7
429,0.2774,0,NORMAL,17.1,3.2,9.6,9.1
430,0.148,0,NORMAL,16.4,1.7,6.9,6.0
431,0.6035,0,WARNING,16.7,3.6,8.3,7.5
432,0.0798,0,NORMAL,16.2,2.5,7.2,6.8
433,0.1348,0,NORMAL,17.3,3.6,7.4,5.9
434,0.2199,0,NORMAL,16.4,1.4,4.2,3.9
435,0.8291,0,WARNING,16.7,2.7,10.6,5.9
436,0.2079,0,NORMAL,16.2,0.9,3.1,3.5
437,0.6717,0,WARNING,17.0,2.1,9.0,5.4
438,0.5235,0,NORMAL,16.6,3.1,7.0,6.8
439,0.293,0,NORMAL,17.3,2.6,5.5,6.1
440,0.1771,0,NORMAL,16.8,2.2,5.8,5.8
441,0.3595,0,NORMAL,17.2,2.4,5.9,4.9
442,0.854,0,WARNING,16.5,3.6,4.6,3.8
443,0.1795,0,NORMAL,17.1,2.4,6.0,4.9
444,0.18,0,NORMAL,14.3,2.1,7.0,5.1
445,0.1993,0,NORMAL,12.8,2.0,6.3,5.0
446,0.5329,0,NORMAL,12.4,2.0,3.2,2.8
447,0.1913,0,NORMAL,14.3,2.4,6.2,6.4
448,0.3088,0,NORMAL,14.4,3.9,8.2,6.7
449,0.3042,0,NORMAL,15.7,3.3,7.8,7.9
450,0.8534,0,WARNING,15.1,3.8,7.6,6.7
451,0.1597,0,NORMAL,15.2,1.7,6.9,6.5
452,0.1498,0,NORMAL,14.7,1.9,4.9,5.0
453,0.8548,0,WARNING,15.6,4.7,6.2,5.5
454,0.2214,0,NORMAL,16.5,4.8,9.1,6.6
455,0.1946,0,NORMAL,16.7,2.8,6.5,5.4
456,0.1446,0,NORMAL,16.9,2.8,8.3,7.4
457,0.9332,0,WARNING,18.0,5.4,8.3,5.7
458,0.2912,0,NORMAL,17.1,3.6,6.5,4.8
459,0.2057,0,NORMAL,17.8,2.7,5.4,5.6
460,0.2164,0,NORMAL,17.1,1.4,4.3,4.0
461,0.9458,0,WARNING,17.8,3.9,7.0,6.6
462,0.2283,0,NORMAL,17.1,2.3,5.3,4.1
463,0.2333,0,NORMAL,17.3,2.7,6.5,6.3
464,0.2384,0,NORMAL,17.2,2.0,6.9,4.8
465,0.902,0,WARNING,17.5,3.3,5.7,4.9
466,0.2535,0,NORMAL,17.3,1.4,4.5,4.1
467,0.1772,0,NORMAL,14.7,4.3,8.9,6.7
468,1.0,0,ANOMALY,12.7,6.0,9.2,13.2
469,0.8536,0,WARNING,12.9,3.2,3.6,3.1
470,0.1591,0,NORMAL,13.3,1.6,5.5,5.1
471,0.1833,0,NORMAL,14.1,1.6,3.8,3.9
472,0.1567,0,NORMAL,14.5,1.7,4.4,4.7
473,0.8826,0,WARNING,14.2,3.6,7.0,5.9
474,0.1177,0,NORMAL,14.5,2.1,7.6,7.5
475,0.1468,0,NORMAL,15.6,2.0,9.9,6.9
476,0.17,0,NORMAL,14.9,2.0,5.9,5.5
477,0.7365,0,WARNING,16.1,4.6,8.6,7.0
478,0.4181,0,NORMAL,15.8,3.0,5.8,6.5
479,0.4186,0,NORMAL,16.5,2.5,8.2,7.4
480,0.1479,0,NORMAL,17.0,1.9,8.1,6.5
481,0.6133,0,WARNING,20.3,2.5,9.4,8.7
482,0.3041,0,NORMAL,17.5,2.9,8.8,7.7
483,0.1377,0,NORMAL,18.3,2.3,8.3,6.6
484,0.6075,0,WARNING,18.2,2.3,4.5,3.5
485,0.1639,0,NORMAL,19.4,1.6,5.0,5.3
486,0.1718,0,NORMAL,19.5,1.5,6.3,6.1
487,0.1392,0,NORMAL,20.2,2.6,7.4,6.9
488,0.8557,0,WARNING,20.6,5.5,12.4,8.6
489,0.3111,0,NORMAL,22.5,4.0,14.3,12.4
490,0.877,0,WARNING,20.8,3.3,8.2,7.2
491,0.1379,0,NORMAL,21.1,2.0,5.5,4.8
492,0.1181,0,NORMAL,21.0,1.9,6.8,7.0
493,0.2959,0,NORMAL,21.6,3.1,6.0,5.8
494,0.7839,0,WARNING,22.3,2.9,4.1,4.4
495,0.1898,0,NORMAL,21.5,1.0,3.7,3.9
496,0.1972,0,NORMAL,21.3,1.4,5.5,5.5
497,0.1771,0,NORMAL,23.4,3.7,10.4,9.2
498,0.4243,0,NORMAL,22.2,4.3,8.4,7.8
499,0.2905,0,NORMAL,22.3,2.6,5.1,5.3
500,0.9328,0,WARNING,21.8,4.5,5.3,6.0
501,0.3368,0,NORMAL,22.5,3.0,9.9,9.5
502,0.1343,0,NORMAL,20.1,2.5,8.9,8.0
503,0.1106,0,NORMAL,18.9,3.7,9.3,6.6
504,0.2691,0,NORMAL,18.2,1.8,4.9,4.4
505,0.1772,0,NORMAL,18.6,1.4,4.5,3.6
506,0.2216,0,NORMAL,18.7,1.5,5.1,5.0
507,0.1672,0,NORMAL,20.2,2.4,6.1,6.0
508,0.9461,0,WARNING,20.0,5.2,5.1,4.6
509,0.167,0,NORMAL,20.9,3.3,6.0,5.3
510,0.1594,0,NORMAL,20.7,1.7,4.9,5.5
511,0.7383,0,WARNING,20.8,2.3,3.0,3.4
512,0.1684,0,NORMAL,20.7,1.4,4.6,4.7
513,0.1487,0,NORMAL,21.9,2.8,9.9,7.6
514,1.0,0,ANOMALY,22.3,5.8,9.4,8.0
515,0.234,0,NORMAL,22.1,2.5,8.5,6.8
516,0.1728,0,NORMAL,21.1,1.8,5.2,4.2
517,0.5212,0,NORMAL,23.3,4.0,14.9,10.5
518,0.818,0,WARNING,22.1,4.6,6.2,5.1
519,0.2815,0,NORMAL,22.4,2.5,5.1,4.5
520,0.1909,0,NORMAL,21.9,1.3,4.4,4.6
521,0.194,0,NORMAL,22.0,1.0,3.7,4.2
522,0.224,0,NORMAL,23.0,2.6,7.9,7.5
523,0.2738,0,NORMAL,22.8,2.9,6.9,6.2
524,0.9995,0,WARNING,19.9,5.1,3.8,4.8
525,0.1923,0,NORMAL,17.7,1.8,4.8,4.5
526,0.1968,0,NORMAL,18.0,1.4,4.9,4.5
527,0.1865,0,NORMAL,19.7,5.1,13.9,9.5
528,0.9957,0,WARNING,20.3,10.8,12.4,7.3
529,0.406,0,NORMAL,20.5,3.0,5.8,5.9
530,0.1868,0,NORMAL,19.7,1.3,4.3,4.9
531,0.2198,0,NORMAL,20.4,1.2,3.7,3.7
532,0.9195,0,WARNING,20.2,4.5,5.6,4.9
533,0.1493,0,NORMAL,20.8,2.9,6.8,5.5
534,0.1523,0,NORMAL,20.4,2.0,4.8,4.4
535,0.571,0,NORMAL,21.5,2.6,5.7,5.0
536,0.9017,0,WARNING,22.9,4.6,8.6,7.4
537,0.1508,0,NORMAL,22.9,2.6,7.5,7.0
538,0.5205,0,NORMAL,22.2,4.6,12.5,9.2
539,0.4083,0,NORMAL,22.4,3.3,8.5,7.3
540,0.5145,0,NORMAL,21.9,2.6,8.5,7.5
541,0.1175,0,NORMAL,23.0,2.4,9.1,7.9
542,0.6047,0,WARNING,19.7,3.7,7.9,6.1
543,0.1166,0,NORMAL,17.9,3.1,6.8,5.1
544,0.1418,0,NORMAL,19.4,2.8,7.1,6.1
545,0.1599,0,NORMAL,20.2,1.9,4.4,3.6
546,0.163,0,NORMAL,20.5,2.2,8.5,7.4
547,0.9633,0,WARNING,21.4,5.3,7.8,6.5
548,0.6093,0,WARNING,21.1,4.0,6.7,5.7
549,0.2947,0,NORMAL,21.5,3.6,5.1,3.6
550,0.2225,0,NORMAL,22.2,5.2,8.1,4.8
551,0.6806,0,WARNING,22.8,3.8,7.9,6.4
552,0.2101,0,NORMAL,22.5,2.4,5.6,5.2
553,0.241,0,NORMAL,23.0,3.0,7.8,6.8
554,0.2625,0,NORMAL,22.6,1.8,7.4,6.6
555,0.6782,0,WARNING,22.7,2.7,4.4,4.9
556,0.2531,0,NORMAL,22.6,1.1,3.9,3.8
557,0.2566,0,NORMAL,23.2,1.4,4.5,6.2
558,0.8819,0,WARNING,22.9,5.0,7.3,7.9
559,0.2839,0,NORMAL,23.3,2.4,5.1,5.4
560,0.5275,0,NORMAL,23.1,2.7,5.8,5.8
561,0.3001,0,NORMAL,23.1,2.6,5.8,6.4
562,0.8539,0,WARNING,23.2,4.2,6.2,5.9
563,0.3066,0,NORMAL,23.2,3.0,5.8,5.9
564,0.1349,0,NORMAL,20.5,1.9,4.5,5.7
565,0.9552,0,WARNING,18.3,4.2,5.2,5.7
566,0.1576,0,NORMAL,18.4,2.0,8.6,6.7
567,0.1186,0,NORMAL,19.9,2.8,6.4,6.1
568,0.6093,0,WARNING,19.1,2.9,4.6,5.1
569,0.9886,0,WARNING,19.7,5.4,5.0,5.1
570,0.2009,0,NORMAL,18.9,1.3,2.8,3.1
571,0.198,0,NORMAL,19.4,1.5,3.3,4.0
572,0.1609,0,NORMAL,20.1,2.2,4.1,4.2
573,0.7873,0,WARNING,21.0,4.7,8.7,7.5
574,0.1226,0,NORMAL,20.9,2.7,8.0,7.2
575,0.1486,0,NORMAL,21.8,3.2,8.9,7.3
576,0.9451,0,WARNING,22.3,4.4,7.8,6.1
577,0.1292,0,NORMAL,22.3,2.5,6.1,5.2
578,0.4216,0,NORMAL,21.6,2.4,3.7,4.6
579,0.4252,0,NORMAL,22.0,2.7,4.2,3.7
580,0.6141,0,WARNING,21.6,2.2,3.5,3.8
581,0.1913,0,NORMAL,21.7,1.4,3.4,4.3
582,0.1633,0,NORMAL,21.8,1.9,5.5,5.2
583,0.1957,0,NORMAL,22.9,3.5,8.4,6.6
584,1.0,0,ANOMALY,22.4,9.7,3.2,3.4
585,0.3814,0,NORMAL,22.3,1.5,3.3,3.8
586,0.2541,0,NORMAL,22.0,1.3,3.3,2.9
587,0.4356,0,NORMAL,20.9,7.3,10.2,6.1
588,0.9631,0,WARNING,18.7,7.1,9.3,7.7
589,0.5151,0,NORMAL,19.7,4.3,8.1,6.3
590,0.1319,0,NORMAL,20.0,2.2,6.0,6.3
591,0.1552,0,NORMAL,20.0,2.1,4.6,5.1
592,0.7823,0,WARNING,20.1,3.4,6.1,6.0
593,0.208,0,NORMAL,22.5,2.2,6.9,7.1
594,0.1868,0,NORMAL,20.3,1.6,4.4,5.1
595,0.9991,0,WARNING,21.4,5.2,6.2,6.5
596,0.2079,0,NORMAL,21.0,1.7,5.8,5.8
597,0.1175,0,NORMAL,21.4,2.1,6.0,5.5
598,0.4221,0,NORMAL,21.6,4.1,6.9,5.6
599,0.609,0,WARNING,22.2,4.1,5.9,5.4
600,0.195,0,NORMAL,21.5,1.0,3.5,4.2
601,0.1707,0,NORMAL,22.1,1.6,4.0,4.3
602,0.1521,0,NORMAL,17.3,2.3,5.8,5.9
603,0.7861,0,WARNING,13.1,4.6,8.6,8.2
604,0.4219,0,NORMAL,13.7,2.3,6.4,6.4
605,0.1574,0,NORMAL,14.3,2.1,5.7,5.4
606,0.7837,0,WARNING,14.2,3.8,4.0,4.0
607,0.1624,0,NORMAL,14.9,2.4,4.7,5.0
608,0.4245,0,NORMAL,15.2,3.1,5.7,6.3
609,0.2991,0,NORMAL,15.7,2.5,4.3,4.3
610,0.214,0,NORMAL,16.0,1.0,2.1,3.0
611,0.1784,0,NORMAL,16.6,2.0,5.5,6.0
612,0.1364,0,NORMAL,16.3,2.6,7.7,7.4
613,0.1378,0,NORMAL,17.0,3.2,10.2,9.8
614,0.139,0,NORMAL,16.6,2.2,7.7,7.3
615,0.1818,0,NORMAL,16.7,1.9,7.0,6.6
616,0.1844,0,NORMAL,16.8,1.3,4.1,4.5
617,0.8205,0,WARNING,17.4,3.9,7.3,7.3
618,0.2896,0,NORMAL,16.8,3.6,6.7,7.3
619,0.9747,0,WARNING,17.2,5.4,4.7,5.7
620,0.3586,0,NORMAL,16.9,2.0,3.6,4.3
621,0.1677,0,NORMAL,14.3,2.0,3.9,4.5
622,0.1673,0,NORMAL,11.5,1.8,4.0,4.6
623,0.1594,0,NORMAL,12.7,2.9,5.6,5.7
624,0.1964,0,NORMAL,13.0,1.1,4.2,5.1
625,0.2012,0,NORMAL,13.2,1.1,3.5,4.8
626,0.1863,0,NORMAL,13.4,1.1,4.2,5.4
627,0.1628,0,NORMAL,14.6,3.0,5.6,4.9
628,0.9205,0,WARNING,14.8,5.1,5.6,5.7
629,0.3024,0,NORMAL,15.6,2.1,5.6,5.6
630,0.1627,0,NORMAL,15.8,1.6,4.5,4.1
631,0.1584,0,NORMAL,15.9,1.7,4.3,4.6
632,0.169,0,NORMAL,15.7,2.4,4.2,3.9
633,0.1688,0,NORMAL,16.8,3.0,6.1,5.7
634,0.1712,0,NORMAL,16.3,1.9,4.3,4.5
635,0.1857,0,NORMAL,16.5,1.7,4.0,4.7
636,0.1871,0,NORMAL,16.6,1.6,4.9,5.1
637,0.1974,0,NORMAL,17.1,1.5,5.1,4.0
638,0.3069,0,NORMAL,18.7,3.7,8.3,6.6
639,0.3001,0,NORMAL,18.1,2.3,4.8,4.8
640,0.2651,0,NORMAL,17.2,1.1,2.1,2.4
641,0.2776,0,NORMAL,17.7,1.1,2.0,2.7
642,0.9966,0,WARNING,17.9,5.8,4.5,3.7
643,0.1595,0,NORMAL,15.2,3.1,5.6,4.9
644,0.1734,0,NORMAL,12.0,1.3,3.2,3.6
645,0.2214,0,NORMAL,12.5,1.1,2.0,2.5
646,0.2101,0,NORMAL,12.6,1.5,3.9,3.9
647,0.843,0,WARNING,13.9,7.0,9.2,5.5
648,0.9999,0,WARNING,14.3,11.6,11.4,6.9
649,0.404,0,NORMAL,14.2,2.6,5.0,6.2
650,0.318,0,NORMAL,13.8,1.6,3.2,4.4
651,0.3791,0,NORMAL,13.6,1.4,1.6,2.6
652,0.1736,0,NORMAL,14.1,2.6,6.4,5.5
653,0.4519,0,NORMAL,14.9,3.6,8.6,6.1
654,0.8191,0,WARNING,15.7,3.9,8.8,8.7
655,0.2282,0,NORMAL,15.1,1.8,4.2,4.6
656,0.5305,0,NORMAL,14.8,1.7,2.9,4.6
657,0.156,0,NORMAL,15.8,2.8,6.6,6.8
658,0.2881,0,NORMAL,15.7,3.4,6.5,6.7
659,0.4149,0,NORMAL,16.0,3.1,5.1,6.0
660,0.1874,0,NORMAL,15.9,1.4,4.6,5.6
661,0.2521,0,NORMAL,16.9,2.2,7.5,7.5
662,0.3392,0,NORMAL,13.7,3.0,6.1,5.4
663,0.6959,0,WARNING,12.1,3.9,6.7,6.7
664,0.1378,0,NORMAL,12.6,2.3,5.9,6.4
665,0.7796,0,WARNING,13.7,3.7,4.7,4.9
666,0.1397,0,NORMAL,13.7,2.3,4.7,5.4
667,0.1516,0,NORMAL,13.8,2.6,4.9,4.7
668,0.421,0,NORMAL,14.0,3.3,6.3,6.8
669,0.8539,0,WARNING,14.5,4.2,5.0,5.9
670,0.1416,0,NORMAL,15.5,1.8,5.3,5.2
671,0.1798,0,NORMAL,16.3,1.4,3.8,4.1
672,0.9459,0,WARNING,16.0,4.5,3.5,3.9
673,0.1611,0,NORMAL,16.4,1.9,3.9,4.5
674,0.2667,0,NORMAL,16.5,1.6,3.2,3.9
675,0.2366,0,NORMAL,16.9,1.1,2.5,3.4
676,0.2428,0,NORMAL,16.4,0.8,1.7,3.0
677,0.6223,0,WARNING,17.0,3.5,4.1,4.1
678,0.3152,0,NORMAL,16.9,2.7,3.6,4.8
679,0.3203,0,NORMAL,17.9,3.3,5.9,6.0
680,0.3345,0,NORMAL,17.4,2.1,4.8,6.4
681,0.855,0,WARNING,17.9,3.4,4.1,4.4
682,0.3304,0,NORMAL,17.4,2.0,3.5,3.5
683,0.1763,0,NORMAL,15.2,2.3,3.3,4.2
684,0.1798,0,NORMAL,11.9,1.6,3.1,3.4
685,0.7429,0,WARNING,12.7,2.8,3.3,4.2
686,0.2257,0,NORMAL,12.3,0.9,2.2,2.9
687,0.2045,0,NORMAL,13.0,2.0,3.0,3.0
688,0.5415,0,NORMAL,13.5,3.1,4.5,5.2
689,0.2154,0,NORMAL,13.8,1.6,2.6,3.4
690,0.3159,0,NORMAL,13.6,1.4,2.2,3.6
691,0.2254,0,NORMAL,14.1,1.1,2.1,3.0
692,0.2,0,NORMAL,13.9,1.4,2.6,3.6
693,0.1998,0,NORMAL,14.7,2.2,4.6,5.1
694,0.989,0,WARNING,14.8,4.5,3.6,3.7
695,0.213,0,NORMAL,15.4,1.4,2.4,2.7
696,0.192,0,NORMAL,15.1,1.3,2.4,3.6
697,0.1987,0,NORMAL,16.5,2.7,5.5,5.2
698,0.9465,0,WARNING,16.4,4.9,4.3,5.2
699,0.3082,0,NORMAL,16.7,3.0,5.7,5.5
700,0.1823,0,NORMAL,16.2,1.3,4.4,4.5
701,0.2296,0,NORMAL,16.4,1.2,2.0,2.7
702,0.2003,0,NORMAL,16.6,1.9,4.1,4.4
703,0.2344,0,NORMAL,17.1,2.1,4.5,4.3
704,0.2505,0,NORMAL,16.6,1.0,2.4,3.4
705,0.2542,0,NORMAL,16.8,1.2,2.9,3.7
706,0.9836,0,WARNING,13.9,3.5,1.8,3.0
707,0.2288,0,NORMAL,12.1,3.1,4.4,4.1
708,0.9805,0,WARNING,13.1,13.8,15.2,5.9
709,0.5139,0,NORMAL,14.2,3.8,5.3,4.6
710,0.8773,0,WARNING,13.4,3.2,2.8,3.8
711,0.2351,0,NORMAL,13.6,1.2,1.6,2.6
712,0.1913,0,NORMAL,13.9,2.1,2.9,3.6
713,0.1911,0,NORMAL,15.6,2.4,4.9,5.4
714,0.2001,0,NORMAL,14.8,1.8,2.5,3.5
715,0.9798,0,WARNING,15.9,5.0,5.2,6.1
716,0.2184,0,NORMAL,15.2,1.0,2.4,3.0
717,0.1748,0,NORMAL,15.8,1.4,3.7,5.1
718,0.4295,0,NORMAL,15.9,3.4,5.1,6.0
719,0.7851,0,WARNING,16.0,4.2,3.8,4.4
720,0.2176,0,NORMAL,15.8,0.8,2.5,4.3
721,0.2196,0,NORMAL,16.0,1.0,2.2,3.2
722,0.5354,0,NORMAL,13.4,3.0,3.1,3.4
723,0.1957,0,NORMAL,11.3,2.3,3.2,3.4
724,0.1887,0,NORMAL,12.0,2.3,4.1,4.4
725,0.2131,0,NORMAL,12.7,1.3,2.2,2.7
726,0.2217,0,NORMAL,13.0,1.9,2.4,2.7
727,0.2063,0,NORMAL,13.7,2.2,4.4,4.9
728,0.9757,0,WARNING,13.7,5.9,4.4,4.7
729,0.5309,0,NORMAL,14.7,3.6,4.8,4.9
730,0.231,0,NORMAL,14.0,0.8,2.0,2.9
731,0.2174,0,NORMAL,14.4,1.4,1.9,3.3
732,0.9208,0,WARNING,15.3,4.8,3.3,2.8
733,0.1953,0,NORMAL,16.8,2.8,3.4,3.4
734,0.2037,0,NORMAL,16.3,1.5,2.8,4.0
735,0.2196,0,NORMAL,16.6,1.0,2.2,2.8
736,0.2298,0,NORMAL,16.3,1.2,1.9,2.8
737,1.0,0,ANOMALY,24.8,11.3,3.1,4.4
738,0.5589,0,NORMAL,16.7,3.6,4.2,3.9
739,0.4208,0,NORMAL,17.1,3.1,3.9,4.1
740,0.2718,0,NORMAL,16.9,1.9,3.6,4.7
741,0.9456,0,WARNING,17.1,3.6,2.9,4.1
742,0.4932,0,NORMAL,16.6,1.7,2.2,2.9
743,0.3137,0,NORMAL,17.5,2.3,3.2,2.9
744,0.343,0,NORMAL,17.5,1.8,3.4,4.6
745,0.9756,0,WARNING,14.5,3.0,1.2,2.3
746,0.2664,0,NORMAL,11.1,0.7,1.8,2.9
747,0.2176,0,NORMAL,11.7,1.2,2.4,3.7
748,0.5412,0,NORMAL,12.2,3.5,3.8,3.4
749,0.5395,0,NORMAL,13.4,3.4,3.7,3.8
750,0.6193,0,WARNING,13.0,2.0,1.7,3.0
751,0.2134,0,NORMAL,13.5,1.4,3.5,4.7
752,0.2196,0,NORMAL,13.6,1.8,3.1,3.1
753,0.2077,0,NORMAL,14.5,1.6,2.5,3.2
754,0.995,0,WARNING,14.6,6.0,4.6,4.6
755,0.1957,0,NORMAL,15.2,1.8,3.3,3.3
756,0.2341,0,NORMAL,15.3,1.4,2.2,2.3
757,0.2137,0,NORMAL,16.3,2.5,3.8,3.6
758,0.3134,0,NORMAL,16.3,3.3,3.9,3.8
759,0.7877,0,WARNING,16.6,3.7,2.6,2.7
760,0.2606,0,NORMAL,16.4,0.6,1.3,2.5
761,0.9789,0,WARNING,16.7,3.7,1.1,2.6
762,0.2794,0,NORMAL,16.8,1.8,2.6,3.7
763,0.4286,0,NORMAL,17.3,3.0,2.5,2.4
764,0.5344,0,NORMAL,17.3,2.8,2.1,2.8
765,0.3767,0,NORMAL,17.8,1.2,2.1,2.5
766,0.382,0,NORMAL,17.5,1.1,1.8,2.2
767,0.4084,0,NORMAL,18.6,5.2,8.6,4.1
768,0.9485,0,WARNING,18.6,11.1,11.9,6.3
769,0.9446,0,WARNING,16.4,5.4,3.9,4.0
770,0.4136,0,NORMAL,12.2,1.5,2.2,3.9
771,0.2399,0,NORMAL,11.0,0.8,1.2,1.8
772,0.2437,0,NORMAL,11.2,1.5,2.4,2.8
773,0.5308,0,NORMAL,12.3,3.9,3.2,3.1
774,0.2054,0,NORMAL,12.4,1.8,3.3,4.3
775,0.2078,0,NORMAL,12.8,1.2,2.2,3.4
776,0.2427,0,NORMAL,12.7,0.7,1.1,2.3
777,0.297,0,NORMAL,13.7,1.6,3.8,3.7
778,0.9704,0,WARNING,13.8,5.4,3.4,3.9
779,0.4287,0,NORMAL,13.8,2.6,2.8,3.7
780,0.2254,0,NORMAL,13.7,1.0,1.7,2.9
781,0.2404,0,NORMAL,14.0,1.0,1.3,2.7
782,0.2143,0,NORMAL,14.8,3.0,3.9,3.6
783,0.2088,0,NORMAL,16.3,2.3,3.0,2.8
784,0.2271,0,NORMAL,16.2,0.9,1.5,2.8
785,0.2172,0,NORMAL,17.1,1.2,3.0,3.7
786,0.2323,0,NORMAL,16.7,0.7,1.6,2.1
787,0.2404,0,NORMAL,17.4,1.1,2.0,2.7
788,0.9647,0,WARNING,17.8,5.2,3.2,3.5
789,0.5399,0,NORMAL,18.7,2.4,2.4,2.9
790,0.2274,0,NORMAL,18.6,0.7,1.8,2.6
791,0.2304,0,NORMAL,19.2,1.1,2.1,2.9
792,0.2329,0,NORMAL,19.0,1.6,2.0,3.0
793,0.4332,0,NORMAL,19.9,3.7,3.1,3.1
794,0.2266,0,NORMAL,19.7,1.5,2.0,2.8
795,0.2381,0,NORMAL,20.3,0.8,1.5,2.8
796,0.9824,0,WARNING,19.9,5.0,0.9,2.2
797,0.2301,0,NORMAL,20.3,2.7,3.7,3.8
798,0.855,0,WARNING,20.7,5.1,4.7,4.5
799,0.2958,0,NORMAL,21.1,3.4,4.6,5.2
800,0.2132,0,NORMAL,20.6,1.5,2.3,3.6
801,0.2265,0,NORMAL,21.0,1.3,1.6,3.8
802,1.0,0,ANOMALY,23.8,8.7,3.0,3.2
803,0.3517,0,NORMAL,22.0,2.0,2.8,3.3
804,0.2647,0,NORMAL,21.5,1.5,1.9,2.6
805,0.2771,0,NORMAL,21.8,0.7,1.3,3.0
806,0.2759,0,NORMAL,21.3,0.8,0.9,1.7
807,0.9567,0,WARNING,18.7,4.0,2.6,3.2
808,0.5418,0,NORMAL,15.9,2.9,3.1,3.4
809,0.5397,0,NORMAL,16.9,2.7,3.1,3.7
810,0.2271,0,NORMAL,16.8,0.9,2.3,3.1
811,0.2254,0,NORMAL,17.3,1.1,1.9,2.8
812,0.8587,0,WARNING,17.2,3.4,3.0,4.6
813,0.1852,0,NORMAL,18.2,2.7,3.8,3.6
814,0.218,0,NORMAL,18.1,0.8,1.8,2.7
815,0.9642,0,WARNING,18.4,3.8,2.4,3.8
816,0.9798,0,WARNING,18.2,4.2,1.1,1.9
817,0.3046,0,NORMAL,18.8,2.2,2.9,2.9
818,0.3119,0,NORMAL,18.8,2.7,2.6,3.3
819,0.2216,0,NORMAL,19.7,2.5,3.7,4.3
820,0.8823,0,WARNING,19.5,3.3,1.7,2.7
821,0.2409,0,NORMAL,19.5,0.8,1.0,2.0
822,0.2258,0,NORMAL,20.2,2.4,4.1,4.2
823,0.1951,0,NORMAL,21.3,2.6,4.1,3.4
824,0.2215,0,NORMAL,20.3,1.1,1.5,2.7
825,0.241,0,NORMAL,20.7,1.5,2.5,3.7
826,0.4393,0,NORMAL,20.1,1.5,1.3,2.0
827,0.2828,0,NORMAL,21.3,4.4,9.4,6.3
828,0.9155,0,WARNING,21.4,11.1,13.5,6.4
829,0.4124,0,NORMAL,21.4,2.8,4.4,5.2
830,0.6752,0,WARNING,18.9,2.6,3.7,5.4
831,0.2159,0,NORMAL,16.2,1.2,2.6,4.1
832,0.2097,0,NORMAL,16.0,2.0,3.5,4.4
833,0.2025,0,NORMAL,17.1,3.0,4.5,5.3
834,0.6824,0,WARNING,17.1,2.4,2.6,4.5
835,0.2211,0,NORMAL,17.9,0.9,2.7,4.6
836,0.2109,0,NORMAL,17.7,1.2,3.7,4.9
837,0.8249,0,WARNING,18.6,4.3,4.3,4.4
838,0.9456,0,WARNING,19.1,5.7,4.4,4.5
839,0.2939,0,NORMAL,19.6,2.5,3.6,5.2
840,0.2322,0,NORMAL,19.2,0.9,2.2,4.0
841,0.2184,0,NORMAL,19.4,1.0,2.4,4.3
842,0.8817,0,WARNING,14.7,5.1,4.1,4.5
843,0.22,0,NORMAL,10.6,1.8,3.5,4.5
844,0.2223,0,NORMAL,10.6,1.5,2.7,4.0
845,0.2276,0,NORMAL,11.4,1.0,2.0,3.6
846,0.3138,0,NORMAL,11.1,1.3,2.3,4.1
847,0.4375,0,NORMAL,11.9,2.4,4.1,4.9
848,0.5358,0,NORMAL,12.0,3.4,4.5,4.8
849,0.4306,0,NORMAL,12.8,3.0,4.0,5.2
850,0.9634,0,WARNING,12.9,3.3,2.0,3.1
851,0.2264,0,NORMAL,13.6,1.1,1.9,3.1
852,0.2304,0,NORMAL,13.3,1.9,3.1,4.1
853,0.2216,0,NORMAL,14.0,2.1,3.5,3.9
854,0.7876,0,WARNING,13.6,2.3,1.9,3.1
855,0.2264,0,NORMAL,13.8,0.9,2.1,3.5
856,0.9556,0,WARNING,13.9,2.9,1.8,3.5
857,0.2232,0,NORMAL,14.3,2.2,3.3,4.1
858,0.4248,0,NORMAL,14.6,3.9,4.4,4.4
859,0.2984,0,NORMAL,14.8,2.8,3.3,4.2
860,0.3399,0,NORMAL,14.7,1.7,2.6,4.3
861,0.2231,0,NORMAL,15.1,1.6,2.3,2.7
862,0.9461,0,WARNING,15.6,1.7,2.1,3.2
863,0.2208,0,NORMAL,13.8,2.1,3.4,4.1
864,0.8569,0,WARNING,10.7,2.8,2.0,3.4
865,0.2058,0,NORMAL,11.8,1.2,2.8,3.9
866,0.2091,0,NORMAL,11.7,1.3,4.3,4.4
867,0.2141,0,NORMAL,12.4,2.2,4.4,4.2
868,0.8571,0,WARNING,12.6,3.9,6.1,4.4
869,0.4296,0,NORMAL,13.1,2.5,2.7,3.7
870,0.9982,0,WARNING,13.3,5.5,2.4,3.7
871,0.4104,0,NORMAL,13.4,1.4,1.5,2.8
872,0.8526,0,WARNING,13.7,4.0,3.1,3.5
873,0.8364,0,WARNING,14.2,3.6,3.7,5.5
874,0.2434,0,NORMAL,14.0,1.0,2.2,3.4
875,0.9174,0,WARNING,14.2,3.2,1.4,2.5
876,0.7832,0,WARNING,14.2,2.7,2.1,3.5
877,0.9902,0,WARNING,15.3,1.8,3.0,3.6
878,0.3047,0,NORMAL,15.1,2.9,3.4,3.4
879,0.903,0,WARNING,15.4,4.5,3.0,3.9
880,0.2289,0,NORMAL,15.1,1.1,2.0,3.2
881,0.2328,0,NORMAL,15.2,1.1,1.5,2.9
882,0.2341,0,NORMAL,16.0,1.9,2.0,2.1
883,0.2212,0,NORMAL,16.7,2.8,3.7,3.5
884,0.7437,0,WARNING,16.1,2.7,1.7,2.7
885,0.2385,0,NORMAL,16.3,0.9,1.1,2.5
886,0.2396,0,NORMAL,13.2,1.1,1.3,2.9
887,0.2254,0,NORMAL,11.0,2.8,6.3,7.0
888,1.0,0,ANOMALY,12.0,10.7,9.6,5.6
889,0.6086,0,WARNING,12.7,3.3,3.5,3.7
890,0.2207,0,NORMAL,12.5,1.1,2.6,3.6
891,0.2243,0,NORMAL,12.9,1.0,1.9,3.0
892,0.2083,0,NORMAL,13.2,2.8,3.8,3.9
893,0.9638,0,WARNING,14.1,4.7,4.1,5.6
894,0.2145,0,NORMAL,14.0,2.0,3.8,4.7
895,0.227,0,NORMAL,14.4,1.1,1.7,2.9
896,0.2385,0,NORMAL,14.2,0.6,1.5,3.0
897,0.2107,0,NORMAL,14.8,1.3,2.7,3.9
898,0.4373,0,NORMAL,14.6,2.6,3.2,4.5
899,0.3123,0,NORMAL,14.8,1.7,1.6,2.9
900,0.237,0,NORMAL,14.3,0.8,1.5,3.0
901,0.2303,0,NORMAL,14.7,0.9,1.5,2.6
902,0.9216,0,WARNING,11.8,4.0,2.8,3.2
903,0.2281,0,NORMAL,9.8,2.0,3.4,4.7
904,0.2312,0,NORMAL,10.5,1.1,2.3,3.7
905,0.2426,0,NORMAL,11.2,0.7,1.3,2.6
906,0.2467,0,NORMAL,10.9,0.7,1.1,1.9
907,0.2394,0,NORMAL,11.7,2.0,3.5,3.7
908,0.9802,0,WARNING,12.0,4.8,2.5,2.9
909,0.4389,0,NORMAL,12.3,2.6,2.6,2.8
910,0.2398,0,NORMAL,12.6,0.6,1.3,2.8
911,0.2424,0,NORMAL,12.7,0.8,1.3,2.3
912,0.2416,0,NORMAL,13.2,2.2,2.7,2.9
913,0.991,0,WARNING,13.9,4.9,2.8,3.1
914,0.241,0,NORMAL,13.5,0.9,1.6,2.9
915,0.232,0,NORMAL,14.0,0.9,1.1,2.3
916,0.2416,0,NORMAL,13.9,0.7,1.0,1.9
917,0.252,0,NORMAL,14.6,2.6,3.5,3.7
918,0.6247,0,WARNING,14.3,3.6,2.9,2.7
919,0.3204,0,NORMAL,15.2,2.6,2.6,2.9
920,0.2228,0,NORMAL,14.8,1.2,1.8,3.1
921,0.2176,0,NORMAL,15.3,1.2,1.9,2.9
922,0.3205,0,NORMAL,15.1,1.8,1.9,3.0
923,0.7909,0,WARNING,15.6,4.2,3.4,4.1
924,0.2249,0,NORMAL,15.1,1.7,2.2,3.8
925,0.2144,0,NORMAL,15.4,1.8,2.0,3.1
926,0.6341,0,WARNING,15.5,2.0,1.5,2.4
927,0.5354,0,NORMAL,13.5,2.2,2.8,3.8
928,0.8263,0,WARNING,11.1,4.1,3.4,4.1
929,0.3094,0,NORMAL,11.9,2.0,2.1,3.0
930,0.2278,0,NORMAL,12.0,0.9,1.7,2.8
931,0.2204,0,NORMAL,12.5,1.1,1.9,3.0
932,0.7904,0,WARNING,12.5,3.1,2.0,3.3
933,0.2225,0,NORMAL,13.3,1.4,2.1,2.7
934,0.2314,0,NORMAL,13.2,0.7,1.4,2.4
935,0.2349,0,NORMAL,13.4,1.2,2.0,2.9
936,0.2457,0,NORMAL,13.3,0.6,1.1,2.0
937,0.6943,0,WARNING,14.4,3.8,3.8,3.9
938,0.4423,0,NORMAL,14.5,3.5,3.6,3.2
939,0.3158,0,NORMAL,15.2,3.0,4.1,3.4
940,0.2173,0,NORMAL,14.7,1.2,1.7,2.5
941,0.9758,0,WARNING,15.1,4.0,1.3,2.4
942,0.2118,0,NORMAL,15.6,2.7,3.1,2.8
943,0.2152,0,NORMAL,15.9,2.4,2.9,3.0
944,0.2257,0,NORMAL,15.9,0.9,1.6,2.7
945,0.2341,0,NORMAL,16.2,1.1,1.5,2.0
946,0.8843,0,WARNING,15.8,3.4,1.3,1.4
947,0.2227,0,NORMAL,16.2,1.8,2.8,3.5
948,0.745,0,WARNING,16.2,7.0,7.1,4.9
949,0.5322,0,NORMAL,16.5,2.7,3.5,4.1
950,0.3395,0,NORMAL,15.9,1.5,1.6,3.0
951,0.9028,0,WARNING,16.1,3.0,2.2,3.5
952,0.3598,0,NORMAL,14.1,2.4,3.1,4.0
953,0.2076,0,NORMAL,12.2,2.7,3.7,4.6
954,0.6339,0,WARNING,12.5,2.6,2.7,3.7
955,0.2755,0,NORMAL,12.3,1.7,2.7,4.1
956,0.6807,0,WARNING,12.1,2.5,2.7,4.4
957,0.2109,0,NORMAL,13.4,2.9,5.4,5.4
958,0.1996,0,NORMAL,13.6,3.2,5.7,6.8
959,0.4201,0,NORMAL,13.7,2.7,4.5,5.6
960,0.8213,0,WARNING,13.5,2.6,2.8,4.7
961,0.2389,0,NORMAL,13.6,1.1,1.6,3.1
962,0.2216,0,NORMAL,12.1,1.9,2.3,2.4
963,0.2085,0,NORMAL,11.0,2.7,3.4,3.7
964,0.4332,0,NORMAL,10.8,1.7,1.3,2.5
965,0.7887,0,WARNING,11.6,3.0,1.8,3.3
966,0.3602,0,NORMAL,11.2,1.3,1.4,2.3
967,0.3801,0,NORMAL,12.5,3.2,4.1,4.6
968,0.6849,0,WARNING,13.0,2.9,3.1,4.2
969,0.856,0,WARNING,13.9,2.9,0.9,1.2
970,0.5363,0,NORMAL,13.8,1.8,1.1,1.9
971,0.2347,0,NORMAL,14.3,1.0,1.4,2.7
972,0.2188,0,NORMAL,14.2,1.7,2.2,2.8
973,0.2167,0,NORMAL,14.9,2.3,2.7,2.7
974,0.23,0,NORMAL,14.9,1.9,2.0,2.9
975,0.9094,0,WARNING,15.6,2.7,1.2,2.6
976,0.3926,0,NORMAL,15.4,0.7,0.4,0.8
977,0.2456,0,NORMAL,15.7,2.3,2.7,3.9
978,0.4388,0,NORMAL,15.6,3.2,3.9,4.4
979,0.5356,0,NORMAL,15.8,3.3,2.8,3.3
980,0.9033,0,WARNING,15.9,4.1,1.9,3.0
981,0.2181,0,NORMAL,16.2,1.4,1.8,2.8
982,0.2257,0,NORMAL,15.9,1.7,2.4,2.9
983,0.3123,0,NORMAL,16.3,1.6,1.9,1.7
984,0.2597,0,NORMAL,16.3,1.5,1.6,2.4
985,0.257,0,NORMAL,16.7,1.1,1.7,2.6
986,0.7926,0,WARNING,16.4,2.2,0.8,1.4
987,0.2727,0,NORMAL,16.9,1.4,2.3,3.0
988,0.3273,0,NORMAL,15.5,2.9,3.5,3.9
989,0.3224,0,NORMAL,13.2,2.3,3.3,3.9
990,0.947,0,WARNING,11.1,4.0,2.0,3.1
991,0.2668,0,NORMAL,12.2,1.5,2.7,3.0
992,0.2249,0,NORMAL,12.4,3.0,4.0,3.4
993,0.2425,0,NORMAL,13.1,1.7,2.0,2.1
994,0.2329,0,NORMAL,13.2,1.4,1.6,2.5
995,0.7465,0,WARNING,13.5,2.4,2.2,2.7
996,0.2368,0,NORMAL,13.5,1.0,1.8,2.1
997,0.2415,0,NORMAL,14.2,1.6,2.6,2.7
998,0.3257,0,NORMAL,14.4,3.0,4.5,4.6
999,0.3199,0,NORMAL,15.0,2.4,3.0,3.5
1000,0.9353,0,WARNING,14.6,3.3,1.3,2.2
1001,0.2383,0,NORMAL,14.8,0.8,1.2,2.3
1002,0.2173,0,NORMAL,15.9,2.0,2.6,2.9
1003,0.2132,0,NORMAL,16.3,2.3,3.5,3.1
1004,0.23,0,NORMAL,15.6,1.3,1.6,2.2
1005,1.0,0,ANOMALY,16.3,5.8,1.7,2.8
1006,0.2215,0,NORMAL,15.8,0.9,2.0,2.4
1007,0.2215,0,NORMAL,16.4,5.1,8.1,3.5
1008,0.9265,0,WARNING,16.8,9.8,9.5,4.3
1009,0.4209,0,NORMAL,16.8,3.2,3.7,3.5
1010,0.8541,0,WARNING,16.4,2.9,2.5,3.0
1011,0.234,0,NORMAL,16.4,0.7,1.3,1.9
1012,0.241,0,NORMAL,17.1,2.1,3.9,3.7
1013,0.2332,0,NORMAL,16.8,2.1,3.7,5.0
1014,0.2361,0,NORMAL,16.4,1.5,3.1,4.5
1015,0.9703,0,WARNING,14.4,4.3,4.2,5.8
1016,0.2257,0,NORMAL,10.9,1.1,2.2,2.5
1017,0.1897,0,NORMAL,12.0,1.9,3.1,3.8
1018,0.5354,0,NORMAL,12.2,2.8,3.9,4.7
1019,0.5342,0,NORMAL,12.7,2.0,2.1,2.7
1020,0.9925,0,WARNING,12.9,4.6,3.4,3.9
1021,0.3122,0,NORMAL,12.8,0.8,1.0,1.8
1022,0.2029,0,NORMAL,11.7,2.4,3.7,4.4
1023,0.186,0,NORMAL,11.4,3.4,7.9,5.4
1024,0.7859,0,WARNING,11.2,2.3,2.3,2.7
1025,0.2264,0,NORMAL,11.9,1.0,1.6,3.0
1026,0.3124,0,NORMAL,11.7,0.8,1.2,1.7
1027,0.237,0,NORMAL,12.6,2.1,3.4,3.3
1028,0.4418,0,NORMAL,13.2,2.8,3.2,2.4
1029,0.4417,0,NORMAL,14.1,2.9,2.8,3.6
1030,0.827,0,WARNING,14.1,3.0,3.5,3.8
1031,0.2202,0,NORMAL,14.3,1.1,2.3,2.6
1032,0.2051,0,NORMAL,14.6,2.1,3.6,4.1
1033,0.36,0,NORMAL,15.3,3.5,3.8,2.7
1034,0.8267,0,WARNING,15.3,3.5,2.5,2.9
1035,0.213,0,NORMAL,15.6,1.3,1.9,2.6
1036,0.2265,0,NORMAL,15.4,0.9,1.9,3.0
1037,0.2087,0,NORMAL,15.9,2.2,3.4,3.1
1038,0.5407,0,NORMAL,16.4,3.7,9.8,9.4
1039,0.4269,0,NORMAL,16.5,3.8,8.2,7.6
1040,0.2381,0,NORMAL,15.9,1.1,1.5,2.2
1041,0.2221,0,NORMAL,16.1,1.5,1.8,2.5
1042,0.1967,0,NORMAL,16.0,2.2,2.5,4.6
1043,0.8828,0,WARNING,16.4,3.4,2.7,4.7
1044,0.2052,0,NORMAL,16.1,2.5,3.4,3.9
1045,0.2135,0,NORMAL,16.5,1.2,2.7,3.1
1046,0.212,0,NORMAL,16.3,1.2,3.6,4.1
1047,0.8277,0,WARNING,14.1,4.5,4.6,3.7
1048,0.3167,0,NORMAL,11.7,3.4,4.4,3.9
1049,0.3143,0,NORMAL,12.6,2.2,2.5,3.0
1050,0.2346,0,NORMAL,12.5,0.9,1.5,2.6
1051,0.8764,0,WARNING,13.5,2.7,1.7,2.4
1052,0.618,0,WARNING,13.5,3.4,3.8,4.0
1053,0.1945,0,NORMAL,14.4,2.6,4.5,4.2
1054,0.2258,0,NORMAL,14.2,1.7,2.3,2.3
1055,0.2383,0,NORMAL,15.0,1.1,1.4,2.0
1056,0.884,0,WARNING,14.8,3.1,1.6,2.8
1057,0.2258,0,NORMAL,15.7,2.3,3.3,2.3
1058,0.4415,0,NORMAL,15.7,2.4,2.3,2.8
1059,0.4404,0,NORMAL,15.7,1.9,2.3,3.6
1060,0.191,0,NORMAL,15.7,1.4,3.3,3.7
1061,0.9925,0,WARNING,16.2,3.8,2.6,3.0
1062,0.2215,0,NORMAL,16.4,2.0,3.2,2.8
1063,0.1991,0,NORMAL,16.5,2.8,4.0,3.5
1064,0.194,0,NORMAL,16.6,2.0,3.6,3.7
1065,0.538,0,NORMAL,16.6,1.5,2.0,3.0
1066,0.6887,0,WARNING,16.6,2.2,2.0,2.9
1067,0.2308,0,NORMAL,17.3,3.8,8.0,5.5
1068,0.7526,0,WARNING,16.9,6.3,6.9,4.3
1069,0.7852,0,WARNING,18.5,4.6,8.7,7.6
1070,0.9184,0,WARNING,17.7,3.6,5.3,3.7
1071,0.3387,0,NORMAL,18.0,1.5,4.4,4.5
1072,0.1651,0,NORMAL,14.9,2.0,3.9,5.1
1073,0.4275,0,NORMAL,12.3,2.6,5.1,6.2
1074,0.9796,0,WARNING,12.3,4.7,4.8,5.0
1075,0.2213,0,NORMAL,12.8,1.6,2.8,3.3
1076,0.3025,0,NORMAL,13.4,2.0,6.1,7.3
1077,0.1539,0,NORMAL,14.6,3.1,6.3,5.3
1078,0.9336,0,WARNING,14.7,6.4,8.7,7.9
1079,0.4168,0,NORMAL,15.9,3.1,5.7,5.1
1080,0.1549,0,NORMAL,15.4,1.5,7.0,5.9
1081,0.9794,0,WARNING,15.3,4.3,3.9,4.6
1082,0.1494,0,NORMAL,12.8,2.1,4.7,4.4
1083,0.1433,0,NORMAL,12.5,3.7,10.5,7.8
1084,0.4156,0,NORMAL,12.6,3.4,8.9,7.1
1085,0.1776,0,NORMAL,13.5,1.4,4.5,4.1
1086,0.1628,0,NORMAL,12.8,1.5,5.0,5.2
1087,0.7839,0,WARNING,14.3,4.4,8.3,6.6
1088,0.7802,0,WARNING,14.8,4.5,6.4,6.2
1089,0.412,0,NORMAL,15.7,3.6,8.6,9.2
1090,0.1622,0,NORMAL,15.0,1.5,5.8,5.6
1091,0.9326,0,WARNING,15.0,4.4,4.9,4.8
1092,0.1511,0,NORMAL,15.8,2.9,9.7,8.8
1093,0.1209,0,NORMAL,16.1,2.9,8.8,7.8
1094,0.1234,0,NORMAL,15.8,2.4,7.0,6.1
1095,0.1541,0,NORMAL,16.4,1.8,6.6,6.5
1096,0.1686,0,NORMAL,15.9,1.7,6.5,6.4
1097,0.1073,0,NORMAL,16.5,2.9,5.7,5.4
1098,0.2968,0,NORMAL,17.3,4.5,11.7,10.6
1099,0.8197,0,WARNING,17.2,5.1,10.6,9.2
1100,0.2958,0,NORMAL,14.1,2.5,7.4,8.6
1101,0.1396,0,NORMAL,12.8,2.7,9.0,8.7
1102,0.1495,0,NORMAL,13.6,3.0,10.3,8.7
1103,0.1146,0,NORMAL,14.4,2.8,10.9,8.2
1104,0.153,0,NORMAL,15.2,3.1,12.0,9.6
1105,0.1286,0,NORMAL,15.7,1.8,7.8,6.9
1106,0.9542,0,WARNING,15.6,4.7,9.0,8.4
1107,0.2078,0,NORMAL,17.2,2.4,9.7,9.2
1108,0.278,0,NORMAL,15.5,3.6,9.3,7.7
1109,0.2782,0,NORMAL,16.5,2.8,7.7,8.4
1110,0.1516,0,NORMAL,16.3,1.9,9.6,9.8
1111,0.1665,0,NORMAL,16.1,1.4,6.2,5.9
1112,0.1398,0,NORMAL,16.6,3.0,7.1,6.2
1113,0.1271,0,NORMAL,18.0,2.8,8.9,8.1
1114,0.9181,0,WARNING,16.9,4.5,7.7,6.8
1115,0.1526,0,NORMAL,17.1,1.5,6.9,7.0
1116,0.124,0,NORMAL,17.3,2.1,8.7,8.5
1117,0.1437,0,NORMAL,17.7,3.1,7.9,6.7
1118,0.417,0,NORMAL,14.9,3.8,7.7,7.2
1119,0.2905,0,NORMAL,13.1,3.4,9.1,8.2
1120,0.1575,0,NORMAL,13.1,1.5,6.8,6.7
1121,0.1494,0,NORMAL,13.8,1.7,6.3,6.1
1122,0.975,0,WARNING,14.6,5.3,9.9,6.3
1123,0.1789,0,NORMAL,15.4,3.4,8.6,6.7
1124,0.1518,0,NORMAL,14.4,1.7,5.4,5.6
1125,0.149,0,NORMAL,15.3,2.0,6.1,6.2
1126,0.1666,0,NORMAL,15.5,1.5,4.8,4.2
1127,0.4369,0,NORMAL,16.4,6.8,16.4,9.9
1128,0.9562,0,WARNING,17.2,10.9,14.6,9.8
1129,0.3895,0,NORMAL,17.1,4.2,11.5,10.4
1130,0.9736,0,WARNING,16.8,4.4,8.5,8.0
1131,0.1452,0,NORMAL,16.7,1.9,5.3,5.4
1132,0.277,0,NORMAL,17.3,2.9,7.5,6.9
1133,0.9176,0,WARNING,19.7,5.8,14.9,13.4
1134,0.3149,0,NORMAL,17.8,2.5,9.8,9.1
1135,0.9946,0,WARNING,18.7,5.9,11.1,9.5
1136,0.1396,0,NORMAL,16.6,2.0,9.1,9.0
1137,0.274,0,NORMAL,16.1,3.9,11.8,11.4
1138,0.8154,0,WARNING,16.2,6.4,16.9,14.3
1139,0.3903,0,NORMAL,16.6,4.1,12.8,9.8
1140,0.942,0,WARNING,16.4,4.0,6.9,6.9
1141,0.0994,0,NORMAL,17.0,2.4,8.1,7.9
1142,0.8975,0,WARNING,14.5,5.2,7.8,7.1
1143,0.731,0,WARNING,17.3,6.5,19.1,16.0
1144,0.9293,0,WARNING,16.3,5.5,13.9,11.1
1145,0.1969,0,NORMAL,16.6,2.7,11.6,8.8
1146,0.0985,0,NORMAL,16.1,2.1,8.1,7.1
1147,0.5956,0,NORMAL,17.7,4.2,8.2,7.7
1148,0.2754,0,NORMAL,17.2,4.4,8.6,8.7
1149,0.2763,0,NORMAL,17.3,2.9,6.5,6.3
1150,0.5156,0,NORMAL,18.3,3.1,8.7,8.7
1151,0.6096,0,WARNING,17.2,2.3,5.9,5.7
1152,0.161,0,NORMAL,17.7,2.4,6.9,6.0
1153,0.5694,0,NORMAL,21.6,5.4,19.4,15.1
1154,0.4397,0,NORMAL,19.8,3.0,11.8,9.1
1155,0.2769,0,NORMAL,20.6,2.3,8.5,7.5
1156,0.2639,0,NORMAL,18.0,1.6,5.4,4.6
1157,0.822,0,WARNING,20.1,4.9,11.2,9.4
1158,0.4145,0,NORMAL,20.7,5.2,15.5,14.3
1159,0.2909,0,NORMAL,17.4,5.1,16.4,13.5
1160,0.2714,0,NORMAL,14.1,2.4,9.1,7.7
1161,0.1486,0,NORMAL,16.6,3.0,12.2,9.8
1162,0.2124,0,NORMAL,17.9,3.7,13.8,11.2
1163,0.953,0,WARNING,18.5,5.9,10.5,8.8
1164,0.4271,0,NORMAL,19.9,4.5,20.1,15.6
1165,0.3473,0,NORMAL,18.3,2.6,10.3,8.3
1166,0.9427,0,WARNING,18.4,4.5,11.3,8.2
1167,0.3606,0,NORMAL,20.9,4.1,14.6,12.2
1168,0.5875,0,NORMAL,20.3,5.7,13.4,10.8
1169,0.9919,0,WARNING,19.9,6.4,8.1,7.3
1170,0.3136,0,NORMAL,19.5,1.9,7.8,7.7
1171,0.3129,0,NORMAL,19.7,1.9,6.6,6.8
1172,0.325,0,NORMAL,19.8,2.8,9.8,9.4
1173,0.9438,0,WARNING,20.4,5.7,11.1,8.4
1174,0.3522,0,NORMAL,21.2,2.9,9.7,8.1
1175,0.179,0,NORMAL,17.8,3.2,12.5,11.2
1176,0.1489,0,NORMAL,14.0,2.3,9.9,8.2
1177,0.1487,0,NORMAL,15.7,2.9,7.9,7.3
1178,0.6721,0,WARNING,16.6,4.9,12.1,10.0
1179,0.8161,0,WARNING,17.0,5.6,14.6,12.3
1180,0.9738,0,WARNING,18.2,4.6,13.0,11.5
1181,0.1576,0,NORMAL,16.3,1.7,5.7,6.4
1182,0.3611,0,NORMAL,19.3,3.7,13.0,11.8
1183,0.2125,0,NORMAL,18.8,3.9,11.5,9.4
1184,0.1702,0,NORMAL,18.2,3.0,9.0,7.2
1185,0.1608,0,NORMAL,18.3,1.9,6.9,6.7
1186,0.9175,0,WARNING,18.4,4.4,9.9,9.2
1187,0.2354,0,NORMAL,20.0,5.1,14.7,10.0
1188,0.8648,0,WARNING,19.9,9.8,18.6,10.8
1189,0.4053,0,NORMAL,19.2,4.3,11.9,9.8
1190,0.313,0,NORMAL,21.1,3.2,11.3,9.9
1191,0.3982,0,NORMAL,18.8,3.9,18.8,14.9
1192,0.8094,0,WARNING,17.4,5.6,16.9,13.9
1193,0.3372,0,NORMAL,17.3,3.5,12.5,11.7
1194,0.179,0,NORMAL,15.6,2.2,8.6,8.6
1195,0.1959,0,NORMAL,16.6,2.8,11.6,11.7
1196,0.333,0,NORMAL,18.0,2.8,16.7,14.0
1197,0.9901,0,WARNING,18.5,6.5,15.6,12.5
1198,0.3758,0,NORMAL,18.2,4.3,10.2,8.7
1199,0.2481,0,NORMAL,19.6,4.5,11.7,11.2
1200,0.1967,0,NORMAL,19.4,2.1,8.7,8.6
1201,0.2243,0,NORMAL,19.2,3.1,12.6,11.4
1202,0.2826,0,NORMAL,19.3,4.2,15.4,12.1
1203,0.3938,0,NORMAL,19.9,4.8,12.6,10.7
1204,0.5873,0,NORMAL,21.7,3.0,16.7,12.4
1205,0.9601,0,WARNING,24.3,5.5,33.4,23.7
1206,0.6033,0,WARNING,22.5,3.1,15.7,13.1
1207,0.2562,0,NORMAL,22.4,2.4,10.5,9.6
1208,0.8701,0,WARNING,22.6,4.5,7.1,6.6
1209,0.1737,0,NORMAL,22.6,2.9,7.3,7.4
1210,0.1501,0,NORMAL,22.1,1.8,6.3,6.9
1211,0.2885,0,NORMAL,24.4,3.3,13.3,9.6
1212,0.5974,0,NORMAL,23.9,4.3,14.8,11.9
1213,0.3131,0,NORMAL,24.9,4.5,15.0,11.3
1214,0.7719,0,WARNING,23.3,3.6,9.0,7.8
1215,0.2622,0,NORMAL,24.9,3.2,10.8,9.3
1216,0.1536,0,NORMAL,21.9,1.4,5.8,5.7
1217,0.4324,0,NORMAL,22.8,4.8,12.1,10.6
1218,0.4047,0,NORMAL,21.5,4.8,11.0,9.8
1219,0.5954,0,NORMAL,21.2,4.8,14.1,11.7
1220,0.9682,0,WARNING,22.1,5.8,11.0,10.5
1221,0.4261,0,NORMAL,24.1,3.6,13.1,12.5
1222,0.9783,0,WARNING,22.2,4.6,8.4,7.6
1223,0.4847,0,NORMAL,25.3,4.1,14.2,10.2
1224,0.9418,0,WARNING,24.8,6.3,12.2,10.6
1225,0.1897,0,NORMAL,23.3,3.2,13.0,9.2
1226,0.1432,0,NORMAL,22.7,2.6,11.6,9.9
1227,0.1508,0,NORMAL,23.9,3.8,12.5,10.6
1228,0.5914,0,NORMAL,25.3,5.6,13.3,10.6
1229,0.9425,0,WARNING,26.9,6.6,12.3,11.0
1230,0.3131,0,NORMAL,24.6,2.0,7.0,6.5
1231,0.405,0,NORMAL,26.9,3.1,13.7,12.9
1232,0.2514,0,NORMAL,22.5,3.9,14.7,12.6
1233,0.1679,0,NORMAL,20.9,3.9,11.4,9.3
1234,0.3139,0,NORMAL,21.0,2.7,11.1,10.1
1235,0.8153,0,WARNING,22.3,4.6,12.3,10.5
1236,0.7906,0,WARNING,23.3,3.6,19.3,12.3
1237,0.5803,0,NORMAL,25.9,5.5,23.5,20.1
1238,0.486,0,NORMAL,25.3,4.8,14.4,11.0
1239,0.4898,0,NORMAL,23.5,4.0,10.4,8.4
1240,0.1609,0,NORMAL,23.0,2.8,9.0,8.5
1241,0.9428,0,WARNING,23.6,4.1,8.8,8.1
1242,0.1808,0,NORMAL,23.8,2.7,9.3,8.2
1243,0.2191,0,NORMAL,24.8,4.3,13.7,10.2
1244,0.2564,0,NORMAL,24.2,2.7,8.9,7.9
1245,0.2479,0,NORMAL,24.4,2.7,11.5,10.5
1246,0.3374,0,NORMAL,26.0,2.6,11.5,11.0
1247,1.0,0,ANOMALY,22.9,10.0,24.2,13.3
1248,0.8082,0,WARNING,21.3,9.9,21.1,12.3
1249,0.3598,0,NORMAL,21.5,4.6,13.1,13.0
1250,0.4131,0,NORMAL,20.3,3.1,10.4,10.9
1251,0.5737,0,NORMAL,22.6,4.7,17.3,15.5
1252,0.5276,0,NORMAL,21.2,4.0,10.0,8.8
1253,0.1343,0,NORMAL,22.3,4.2,10.5,9.9
1254,0.9519,0,WARNING,22.5,6.4,12.0,11.7
1255,0.3413,0,NORMAL,23.9,4.4,16.4,14.3
1256,0.8081,0,WARNING,23.4,4.2,13.2,12.0
1257,0.5803,0,NORMAL,26.0,5.5,22.1,19.8
1258,0.8046,0,WARNING,24.6,5.1,18.5,12.7
1259,0.4708,0,NORMAL,24.9,5.0,16.7,13.8
1260,0.3192,0,NORMAL,24.7,3.2,14.1,13.9
1261,0.9847,0,WARNING,23.2,6.0,15.6,14.5
1262,0.2616,0,NORMAL,17.7,3.3,11.0,10.1
1263,0.4138,0,NORMAL,15.7,4.1,12.5,12.6
1264,0.9826,0,WARNING,16.7,3.5,22.9,12.3
1265,0.3296,0,NORMAL,17.2,4.1,14.6,12.1
1266,0.9113,0,WARNING,17.6,5.6,12.8,11.2
1267,0.1463,0,NORMAL,17.4,3.2,11.7,10.7
1268,0.5814,0,NORMAL,20.1,5.5,15.3,14.6
1269,0.7021,0,WARNING,20.5,5.0,25.2,18.2
1270,0.4423,0,NORMAL,18.1,2.5,10.3,7.5
1271,0.9602,0,WARNING,18.6,4.8,7.1,7.5
1272,0.1259,0,NORMAL,18.4,3.4,10.3,8.4
1273,0.152,0,NORMAL,18.6,3.1,7.3,5.8
1274,0.1597,0,NORMAL,18.1,2.5,8.3,8.4
1275,0.1719,0,NORMAL,18.6,2.1,7.8,8.2
1276,0.168,0,NORMAL,18.3,2.1,8.7,8.4
1277,0.3784,0,NORMAL,18.1,5.0,18.3,14.6
1278,0.9533,0,WARNING,17.0,8.2,18.7,15.0
1279,0.7634,0,WARNING,21.4,7.5,29.4,24.8
1280,0.6157,0,WARNING,18.1,3.0,13.1,9.7
1281,0.2272,0,NORMAL,18.1,3.1,11.6,10.5
1282,0.9603,0,WARNING,18.7,6.5,15.6,11.4
1283,0.1647,0,NORMAL,18.5,2.9,10.0,7.1
1284,0.0979,0,NORMAL,18.3,3.3,10.6,9.1
1285,0.2365,0,NORMAL,19.4,3.5,13.9,11.5
1286,0.1358,0,NORMAL,17.6,2.1,9.1,7.5
1287,0.1485,0,NORMAL,19.3,2.1,9.6,8.1
1288,0.5127,0,NORMAL,18.4,4.3,11.2,10.1
1289,0.9947,0,WARNING,19.7,6.6,14.7,12.8
1290,0.1904,0,NORMAL,18.4,2.3,11.0,9.4
1291,0.1788,0,NORMAL,18.8,2.5,12.5,10.6
1292,0.1296,0,NORMAL,16.6,2.9,11.4,9.3
1293,0.3374,0,NORMAL,17.5,4.7,17.9,13.3
1294,0.9149,0,WARNING,16.2,5.8,14.3,12.0
1295,0.4316,0,NORMAL,18.2,4.4,18.1,15.2
1296,0.8446,0,WARNING,20.1,5.4,17.3,13.5
1297,0.2973,0,NORMAL,19.4,4.5,15.8,12.7
1298,0.9819,0,WARNING,19.4,6.3,10.1,8.5
1299,0.718,0,WARNING,19.9,4.8,11.1,10.1
1300,0.9945,0,WARNING,19.2,4.8,7.3,6.8
1301,0.1633,0,NORMAL,19.7,2.1,7.6,7.7
1302,0.174,0,NORMAL,19.6,3.6,9.9,8.6
1303,0.1986,0,NORMAL,19.8,3.5,9.7,7.9
1304,0.2283,0,NORMAL,20.4,2.9,9.1,7.8
1305,0.2573,0,NORMAL,20.3,2.4,10.3,9.9
1306,0.2703,0,NORMAL,19.4,1.8,7.1,6.7
1307,0.2994,0,NORMAL,21.4,4.2,10.0,7.9
1308,0.9936,0,WARNING,19.5,12.9,18.5,11.2
1309,0.7208,0,WARNING,15.5,5.5,13.5,10.2
1310,0.1748,0,NORMAL,16.0,2.6,11.0,10.6
1311,0.2549,0,NORMAL,16.5,2.7,10.7,8.3
1312,0.5896,0,NORMAL,17.0,4.1,10.9,10.1
1313,0.1015,0,NORMAL,17.4,3.6,10.9,9.9
1314,0.9305,0,WARNING,18.4,4.6,11.8,11.8
1315,0.5919,0,NORMAL,17.4,3.1,9.3,8.9
1316,0.1019,0,NORMAL,17.2,2.3,11.0,8.7
1317,0.179,0,NORMAL,18.7,3.6,13.3,11.5
1318,0.6644,0,WARNING,19.7,6.0,12.2,9.6
1319,0.3919,0,NORMAL,20.3,4.8,14.5,13.8
1320,0.279,0,NORMAL,19.2,2.6,11.4,10.7
1321,0.1918,0,NORMAL,19.4,2.7,11.1,10.8
1322,0.8701,0,WARNING,17.8,4.8,19.3,11.7
1323,0.4902,0,NORMAL,16.1,4.8,12.8,10.5
1324,0.9287,0,WARNING,16.4,4.6,10.6,9.4
1325,0.2353,0,NORMAL,17.8,2.6,11.5,11.4
1326,0.1183,0,NORMAL,16.4,2.3,10.9,7.9
1327,0.7247,0,WARNING,17.5,4.0,10.1,9.4
1328,0.6665,0,WARNING,18.9,5.6,13.4,12.5
1329,0.9855,0,WARNING,17.4,6.0,8.9,8.2
1330,0.1393,0,NORMAL,17.4,2.2,7.2,7.4
1331,0.1424,0,NORMAL,18.5,2.3,9.0,8.7
1332,0.148,0,NORMAL,18.7,2.7,9.8,9.8
1333,0.8173,0,WARNING,20.0,5.3,16.1,11.6
1334,0.368,0,NORMAL,21.3,4.0,14.7,11.3
1335,0.2806,0,NORMAL,20.1,2.3,10.0,8.8
1336,0.224,0,NORMAL,19.2,1.8,8.8,8.1
1337,0.7959,0,WARNING,19.3,4.4,21.8,17.3
1338,0.658,0,WARNING,16.9,6.0,22.6,18.9
1339,0.9512,0,WARNING,16.9,5.6,13.0,11.4
1340,0.2257,0,NORMAL,17.0,3.4,12.4,11.3
1341,0.1431,0,NORMAL,17.4,2.6,9.0,8.3
1342,0.1874,0,NORMAL,16.7,3.2,11.8,11.2
1343,0.2883,0,NORMAL,19.1,4.4,17.0,11.7
1344,0.8117,0,WARNING,19.0,4.6,12.7,9.7
1345,0.891,0,WARNING,19.5,3.2,19.2,12.1
1346,0.2724,0,NORMAL,18.0,2.3,10.8,7.9
1347,0.3694,0,NORMAL,19.0,4.5,18.5,15.1
1348,0.5817,0,NORMAL,18.7,5.3,14.1,10.8
1349,0.25,0,NORMAL,18.8,4.0,10.5,10.7
1350,0.9608,0,WARNING,20.5,4.7,10.3,9.2
1351,0.144,0,NORMAL,17.8,2.5,10.6,10.3
1352,0.147,0,NORMAL,15.2,2.0,8.5,8.4
1353,0.2077,0,NORMAL,16.6,3.5,14.0,11.7
1354,0.2084,0,NORMAL,16.4,2.9,11.1,10.1
1355,0.2354,0,NORMAL,17.9,3.2,12.0,10.4
1356,0.9432,0,WARNING,17.9,5.4,12.6,10.7
1357,0.3608,0,NORMAL,19.3,4.2,12.2,10.2
1358,0.2628,0,NORMAL,18.9,4.2,9.7,8.6
1359,0.2639,0,NORMAL,18.1,3.6,9.2,8.4
1360,0.1769,0,NORMAL,18.9,2.2,9.5,9.3
1361,0.5846,0,NORMAL,19.2,3.0,9.6,8.9
1362,0.1906,0,NORMAL,18.9,3.5,10.7,8.6
1363,0.9513,0,WARNING,19.7,6.4,21.6,11.8
1364,0.4491,0,NORMAL,18.8,2.5,7.7,7.2
1365,0.2541,0,NORMAL,18.9,1.6,6.5,6.6
1366,0.2641,0,NORMAL,17.9,1.6,5.5,5.1
1367,0.1646,0,NORMAL,18.7,3.5,10.2,9.6
1368,0.8991,0,WARNING,18.4,9.7,18.2,15.1
1369,0.5413,0,NORMAL,16.4,3.9,11.3,10.0
1370,0.9734,0,WARNING,15.7,5.0,8.8,8.7
1371,0.1442,0,NORMAL,15.9,1.8,7.0,7.4
1372,0.0978,0,NORMAL,16.3,2.7,9.4,9.7
1373,0.0886,0,NORMAL,17.2,3.3,10.2,8.9
1374,0.1875,0,NORMAL,17.5,3.7,13.1,10.8
1375,0.1352,0,NORMAL,17.9,2.4,11.3,10.1
1376,0.1537,0,NORMAL,16.6,1.6,4.9,5.9
1377,0.9175,0,WARNING,17.8,5.3,8.4,8.0
1378,0.4089,0,NORMAL,17.9,3.4,7.9,8.1
1379,0.2806,0,NORMAL,18.0,3.2,9.7,9.9
1380,0.154,0,NORMAL,17.2,1.9,7.5,8.1
1381,0.1595,0,NORMAL,18.3,1.8,7.8,7.7
1382,0.1349,0,NORMAL,15.9,2.4,8.1,6.8
1383,0.119,0,NORMAL,15.0,3.0,7.4,7.0
1384,0.9547,0,WARNING,15.7,5.3,7.6,6.9
1385,0.1169,0,NORMAL,17.1,2.7,11.8,9.0
1386,0.137,0,NORMAL,16.7,2.7,10.2,8.8
1387,0.7311,0,WARNING,18.4,4.0,10.9,10.5
1388,0.6707,0,WARNING,17.2,3.9,7.4,6.6
1389,0.2808,0,NORMAL,18.8,3.0,7.4,7.8
1390,0.1754,0,NORMAL,18.2,2.0,8.6,9.0
1391,0.183,0,NORMAL,17.7,2.2,6.3,6.0
1392,0.8524,0,WARNING,18.0,4.1,8.7,8.3
1393,0.2218,0,NORMAL,18.7,2.8,7.2,6.9
1394,0.2522,0,NORMAL,18.2,1.3,5.7,5.8
1395,0.2519,0,NORMAL,19.0,1.4,4.9,4.9
1396,0.2499,0,NORMAL,18.4,1.8,6.1,5.5
1397,0.8556,0,WARNING,18.9,4.7,15.5,10.9
1398,0.6717,0,WARNING,19.8,6.0,16.5,13.7
1399,0.5019,0,NORMAL,19.1,4.0,7.8,8.0
1400,0.8744,0,WARNING,16.2,3.9,7.8,8.4
1401,0.1198,0,NORMAL,13.9,2.3,6.6,6.3
1402,0.118,0,NORMAL,15.5,2.6,8.1,7.4
1403,0.8192,0,WARNING,15.0,3.5,5.5,5.1
1404,0.1172,0,NORMAL,15.3,2.6,6.4,6.0
1405,0.1731,0,NORMAL,15.8,1.4,4.3,4.7
1406,0.1513,0,NORMAL,16.8,2.6,11.4,8.6
1407,0.9453,0,WARNING,19.0,6.2,20.2,18.2
1408,0.5983,0,NORMAL,17.0,4.6,10.7,7.9
1409,0.9742,0,WARNING,17.6,5.7,8.8,8.2
1410,0.3777,0,NORMAL,18.0,2.6,7.7,7.0
1411,0.4028,0,NORMAL,18.1,3.2,7.3,6.8
1412,0.7768,0,WARNING,18.1,4.1,9.8,8.8
1413,0.2212,0,NORMAL,18.9,2.9,7.8,6.7
1414,0.8775,0,WARNING,18.3,5.4,8.8,7.7
1415,0.2585,0,NORMAL,18.7,1.8,6.6,5.5
1416,0.2772,0,NORMAL,19.2,2.2,8.1,7.0
1417,0.2881,0,NORMAL,20.5,3.2,10.5,9.1
1418,0.4169,0,NORMAL,20.0,4.2,9.6,8.5
1419,0.5175,0,NORMAL,16.7,4.4,10.3,10.1
1420,0.171,0,NORMAL,14.7,1.8,9.2,8.6
1421,0.1443,0,NORMAL,15.0,1.9,6.8,5.8
1422,0.9327,0,WARNING,15.9,5.3,10.2,7.9
1423,0.1162,0,NORMAL,16.0,3.5,9.5,8.5
1424,0.138,0,NORMAL,16.0,2.9,8.8,7.3
1425,0.1704,0,NORMAL,16.9,1.6,7.8,7.0
1426,0.3356,0,NORMAL,16.9,2.5,13.8,9.5
1427,0.4085,0,NORMAL,17.4,6.5,15.3,9.6
1428,0.922,0,WARNING,17.2,7.6,10.6,8.2
1429,0.261,0,NORMAL,17.1,3.8,9.3,7.7
1430,0.9157,0,WARNING,16.5,3.3,4.5,5.1
1431,0.1306,0,NORMAL,18.0,2.0,5.8,5.8
1432,0.1552,0,NORMAL,17.6,2.5,6.9,5.8
1433,0.1497,0,NORMAL,18.7,3.3,8.3,7.8
1434,0.2544,0,NORMAL,17.8,3.0,10.8,10.3
1435,0.1687,0,NORMAL,19.0,1.8,7.8,6.3
1436,0.18,0,NORMAL,18.0,1.9,7.9,7.4
1437,0.1132,0,NORMAL,16.5,2.2,8.6,7.6
1438,0.9326,0,WARNING,14.4,6.8,9.4,8.8
1439,0.2784,0,NORMAL,14.6,3.1,6.5,6.8
1440,0.1509,0,NORMAL,14.9,1.7,5.1,5.5
1441,0.132,0,NORMAL,15.4,2.1,6.8,6.0
1442,0.1263,0,NORMAL,14.6,4.0,11.8,9.6
1443,0.7337,0,WARNING,13.4,4.7,8.8,6.8
1444,0.141,0,NORMAL,13.7,2.3,6.4,6.0
1445,0.1166,0,NORMAL,15.1,2.4,6.7,6.1
1446,0.963,0,WARNING,15.6,4.5,5.0,4.7
1447,0.1393,0,NORMAL,16.2,2.5,6.2,6.5
1448,0.4223,0,NORMAL,16.0,2.9,4.9,4.9
1449,0.9551,0,WARNING,16.7,4.8,6.5,6.2
1450,0.8211,0,WARNING,17.1,2.8,4.9,5.1
1451,0.1717,0,NORMAL,18.3,2.1,6.5,6.6
1452,0.1759,0,NORMAL,17.0,3.2,6.0,5.1
1453,0.1899,0,NORMAL,17.9,3.3,5.3,4.8
1454,0.2041,0,NORMAL,17.4,2.3,6.7,6.4
1455,0.2158,0,NORMAL,17.8,1.8,5.5,5.4
1456,0.2256,0,NORMAL,17.4,1.8,4.4,4.5
1457,0.9342,0,WARNING,18.7,5.4,9.0,7.7
1458,0.5242,0,NORMAL,19.6,5.2,10.1,9.1
1459,0.8513,0,WARNING,19.5,5.0,11.9,10.6
1460,0.6692,0,WARNING,19.6,3.9,9.3,8.5
1461,0.2668,0,NORMAL,18.6,2.4,6.4,5.6
1462,0.7469,0,WARNING,15.5,2.4,3.8,4.1
1463,0.8527,0,WARNING,13.5,4.4,5.8,5.5
1464,0.1246,0,NORMAL,13.8,2.6,6.8,6.3
1465,0.1545,0,NORMAL,15.0,2.1,8.1,7.9
1466,0.4212,0,NORMAL,14.6,2.4,6.4,5.7
1467,0.1247,0,NORMAL,15.2,2.4,5.5,4.9
1468,0.528,0,NORMAL,16.3,4.0,7.2,7.4
1469,0.8538,0,WARNING,17.3,4.9,8.0,7.2
1470,0.5201,0,NORMAL,16.0,2.4,5.3,5.7
1471,0.171,0,NORMAL,16.1,1.4,4.4,4.7
1472,0.1336,0,NORMAL,16.6,2.0,5.3,6.0
1473,0.7389,0,WARNING,16.8,4.0,6.1,6.0
1474,0.15,0,NORMAL,18.1,4.0,11.1,8.8
1475,0.1741,0,NORMAL,17.3,2.4,8.3,7.2
1476,0.174,0,NORMAL,17.3,2.6,10.4,9.6
1477,0.9793,0,WARNING,17.9,5.4,8.7,7.4
1478,0.6024,0,WARNING,18.6,5.9,13.0,10.4
1479,0.9315,0,WARNING,18.1,4.1,7.4,6.0
1480,0.2454,0,NORMAL,17.9,1.9,6.7,6.2
1481,0.1786,0,NORMAL,18.2,1.8,7.5,7.8
1482,0.1421,0,NORMAL,14.8,2.2,5.9,4.7
1483,0.2287,0,NORMAL,14.8,4.3,11.0,9.8
1484,0.4142,0,NORMAL,14.8,3.8,9.5,8.3
1485,0.1374,0,NORMAL,16.3,1.9,8.3,7.5
1486,0.1579,0,NORMAL,15.7,2.1,9.2,8.1
1487,0.3071,0,NORMAL,17.6,5.8,15.6,10.9
1488,0.7567,0,WARNING,18.0,7.6,16.7,9.5
1489,0.446,0,NORMAL,20.4,5.3,17.4,14.2
1490,0.3602,0,NORMAL,18.3,2.2,9.9,8.2
1491,0.1408,0,NORMAL,17.7,2.3,8.1,6.8
1492,0.2354,0,NORMAL,19.5,2.2,8.2,8.7
1493,0.1609,0,NORMAL,18.2,3.2,8.9,8.7
1494,0.1756,0,NORMAL,18.7,2.7,8.2,7.3
1495,0.3376,0,NORMAL,20.8,3.3,9.3,8.0
1496,0.224,0,NORMAL,18.8,2.6,10.9,9.1
1497,0.2359,0,NORMAL,19.4,3.0,10.0,9.4
1498,0.9935,0,WARNING,19.4,7.3,15.1,11.6
1499,0.4967,0,NORMAL,19.1,5.1,19.1,14.7
1500,0.3471,0,NORMAL,15.1,3.1,10.9,8.9
1501,0.1025,0,NORMAL,15.3,2.5,9.5,8.5
1502,0.1234,0,NORMAL,17.7,3.3,10.5,8.8
1503,0.1399,0,NORMAL,19.6,3.1,8.8,7.9
1504,0.9827,0,WARNING,20.3,4.6,6.7,6.3
1505,0.2153,0,NORMAL,21.1,2.4,8.6,7.7
1506,0.1356,0,NORMAL,20.5,1.9,6.0,5.4
1507,0.1163,0,NORMAL,21.8,2.7,10.7,9.5
1508,0.2871,0,NORMAL,22.0,4.0,8.2,7.2
1509,0.1511,0,NORMAL,22.2,2.8,8.8,8.4
1510,0.5184,0,NORMAL,21.4,2.2,6.0,5.9
1511,0.1524,0,NORMAL,21.9,1.6,5.8,6.5
1512,0.919,0,WARNING,21.7,4.2,7.0,6.9
1513,0.1743,0,NORMAL,23.1,3.8,9.4,7.5
1514,0.1882,0,NORMAL,23.7,2.8,9.5,8.2
1515,0.1916,0,NORMAL,23.1,2.7,12.7,9.5
1516,0.1974,0,NORMAL,24.3,2.7,9.7,8.9
1517,0.2093,0,NORMAL,24.6,4.6,13.4,12.0
1518,0.5977,0,NORMAL,25.9,5.9,18.9,14.4
1519,0.9732,0,WARNING,21.8,7.0,11.7,10.3
1520,0.2929,0,NORMAL,20.4,2.9,10.3,9.0
1521,0.2624,0,NORMAL,21.0,3.1,10.1,9.6
1522,0.2776,0,NORMAL,20.3,3.2,7.7,6.9
1523,0.0945,0,NORMAL,20.8,2.5,9.3,9.0
1524,0.1387,0,NORMAL,20.2,2.0,8.3,7.0
1525,0.4089,0,NORMAL,21.4,3.0,10.8,8.4
1526,0.1199,0,NORMAL,21.2,2.3,9.8,9.1
1527,0.1401,0,NORMAL,21.6,3.1,11.3,10.2
1528,0.1609,0,NORMAL,22.4,4.6,12.8,10.8
1529,0.1608,0,NORMAL,21.6,2.6,8.1,6.8
1530,0.2773,0,NORMAL,22.3,3.4,10.3,9.6
1531,0.7775,0,WARNING,22.3,3.4,9.0,8.9
1532,0.4066,0,NORMAL,22.6,3.4,8.1,7.7
1533,0.1857,0,NORMAL,24.1,4.1,12.9,10.0
1534,0.2515,0,NORMAL,23.5,3.6,12.3,11.0
1535,0.1969,0,NORMAL,23.5,3.1,11.9,9.5
1536,0.1131,0,NORMAL,20.7,2.7,8.7,7.9
1537,0.0836,0,NORMAL,19.1,3.0,9.3,8.8
1538,0.9744,0,WARNING,19.7,6.9,9.9,7.9
1539,0.2665,0,NORMAL,20.4,3.7,10.8,9.7
1540,0.5085,0,NORMAL,20.5,2.1,11.6,8.2
1541,0.1055,0,NORMAL,21.5,2.4,9.5,8.6
1542,0.0941,0,NORMAL,21.2,2.7,8.0,6.2
1543,0.1395,0,NORMAL,22.8,3.0,8.4,7.7
1544,0.2077,0,NORMAL,22.4,3.2,11.3,7.6
1545,0.1533,0,NORMAL,21.9,2.1,6.4,6.7
1546,0.5167,0,NORMAL,22.1,2.6,8.0,7.0
1547,0.5511,0,NORMAL,23.5,6.6,14.4,8.5
1548,1.0,0,ANOMALY,23.5,13.4,17.4,15.5
1549,0.5881,0,NORMAL,23.0,4.2,9.7,8.9
1550,0.3155,0,NORMAL,22.8,2.7,9.3,9.3
1551,0.5568,0,NORMAL,24.6,3.1,8.6,8.3
1552,0.7167,0,WARNING,23.9,4.5,10.8,10.0
1553,0.294,0,NORMAL,21.0,4.1,10.5,11.2
1554,0.3156,0,NORMAL,18.6,2.8,8.2,8.7
1555,0.4825,0,NORMAL,19.6,3.1,9.4,9.7
1556,0.1329,0,NORMAL,20.1,2.5,8.5,7.9
1557,0.1027,0,NORMAL,20.7,3.3,9.5,10.0
1558,0.9234,0,WARNING,22.6,5.5,19.4,11.5
1559,0.894,0,WARNING,22.6,5.3,11.6,10.1
1560,0.3564,0,NORMAL,21.3,2.8,10.5,10.5
1561,0.596,0,NORMAL,23.1,3.3,12.2,11.9
1562,0.2715,0,NORMAL,17.5,3.3,10.1,9.9
1563,0.5028,0,NORMAL,17.9,4.4,18.4,16.2
1564,0.3631,0,NORMAL,16.4,3.2,10.6,9.2
1565,0.8945,0,WARNING,17.5,5.3,10.7,10.4
1566,0.2266,0,NORMAL,16.6,2.6,7.4,7.1
1567,0.3926,0,NORMAL,18.3,4.2,10.0,10.0
1568,0.6628,0,WARNING,18.9,4.5,11.8,11.3
1569,0.9526,0,WARNING,19.2,6.9,15.6,13.8
1570,0.2863,0,NORMAL,19.3,2.7,11.8,11.0
1571,0.1894,0,NORMAL,18.4,2.2,7.8,7.5
1572,0.9147,0,WARNING,18.6,5.3,10.6,9.8
1573,0.3835,0,NORMAL,20.2,4.6,14.0,9.0
1574,0.6333,0,WARNING,21.0,3.9,14.1,10.5
1575,0.2766,0,NORMAL,19.5,2.7,8.3,7.7
1576,0.1059,0,NORMAL,16.6,2.1,7.8,7.6
1577,0.2445,0,NORMAL,14.3,3.8,13.0,12.1
1578,0.9213,0,WARNING,14.7,4.5,12.5,11.0
1579,0.8465,0,WARNING,14.9,5.5,11.3,9.5
1580,0.0849,0,NORMAL,14.6,2.4,8.1,8.2
1581,0.0985,0,NORMAL,15.7,2.4,10.0,9.8
1582,0.9182,0,WARNING,16.0,4.2,8.5,8.0
1583,0.2886,0,NORMAL,17.8,3.8,13.6,12.0
1584,0.2586,0,NORMAL,16.2,2.9,10.3,9.4
1585,0.8746,0,WARNING,18.1,5.3,12.2,11.5
1586,0.1395,0,NORMAL,16.4,2.2,8.0,7.4
1587,0.1917,0,NORMAL,17.1,3.5,10.4,9.9
1588,0.2673,0,NORMAL,18.3,4.7,14.4,11.7
1589,0.2284,0,NORMAL,18.0,3.5,11.1,9.5
1590,0.1484,0,NORMAL,18.9,2.5,10.2,8.5
1591,0.8139,0,WARNING,17.5,4.5,13.1,12.0
1592,0.2113,0,NORMAL,14.0,3.0,10.9,10.2
1593,0.2884,0,NORMAL,16.2,3.9,13.3,11.7
1594,0.1749,0,NORMAL,16.1,4.4,12.5,13.0
1595,0.286,0,NORMAL,17.4,3.7,14.7,12.9
1596,0.3346,0,NORMAL,17.3,3.4,16.1,12.0
1597,0.9409,0,WARNING,17.5,5.6,12.3,10.4
1598,0.3759,0,NORMAL,17.3,5.1,13.8,10.4
1599,0.1918,0,NORMAL,17.9,4.2,13.1,11.5
1600,0.2449,0,NORMAL,17.9,4.1,12.5,10.0
1601,0.286,0,NORMAL,19.7,3.4,13.1,11.3
1602,0.8724,0,WARNING,19.8,5.7,14.8,11.9
1603,0.5533,0,NORMAL,21.8,5.1,14.5,10.5
1604,0.3042,0,NORMAL,17.9,3.3,9.9,8.9
1605,0.1011,0,NORMAL,15.4,2.2,7.2,7.2
1606,0.1605,0,NORMAL,13.1,2.2,7.8,6.7
1607,0.2628,0,NORMAL,15.7,3.8,10.9,8.8
1608,0.9438,0,WARNING,16.5,12.4,25.1,14.9
1609,0.913,0,WARNING,16.2,6.7,13.7,10.9
1610,0.1834,0,NORMAL,14.6,1.6,7.1,6.7
1611,0.1409,0,NORMAL,16.0,2.3,9.4,9.0
1612,0.9513,0,WARNING,17.3,4.2,22.8,14.0
1613,0.5482,0,NORMAL,18.7,5.4,21.4,18.1
1614,0.9728,0,WARNING,17.2,5.5,15.1,12.1
1615,0.9273,0,WARNING,17.1,5.4,12.9,11.6
1616,0.8721,0,WARNING,16.9,4.5,12.8,11.5
1617,0.413,0,NORMAL,17.5,3.4,13.7,10.2
1618,0.3663,0,NORMAL,18.0,5.8,15.6,12.7
1619,0.1496,0,NORMAL,17.9,2.5,9.7,8.7
1620,0.7183,0,WARNING,15.0,3.6,10.2,8.1
1621,0.1688,0,NORMAL,13.2,2.4,10.0,9.3
1622,0.1959,0,NORMAL,15.2,3.5,12.5,11.2
1623,0.1955,0,NORMAL,19.3,4.4,14.0,11.3
1624,0.2258,0,NORMAL,19.5,3.4,11.9,10.3
1625,0.8468,0,WARNING,20.1,4.5,8.7,7.8
1626,0.1647,0,NORMAL,20.2,2.9,9.7,9.3
1627,0.1336,0,NORMAL,21.3,3.3,10.8,9.4
1628,0.9618,0,WARNING,21.0,6.6,8.6,7.1
1629,0.6318,0,WARNING,20.8,5.0,8.1,7.7
1630,0.815,0,WARNING,21.0,4.1,10.9,10.1
1631,0.1644,0,NORMAL,20.8,1.8,7.2,6.9
1632,0.1474,0,NORMAL,20.8,2.6,7.0,6.4
1633,0.1251,0,NORMAL,21.6,3.1,9.9,9.1
1634,0.1951,0,NORMAL,22.8,3.1,12.6,11.3
1635,0.1758,0,NORMAL,21.6,1.8,7.3,7.1
1636,0.4323,0,NORMAL,21.1,1.9,4.9,6.1
1637,0.2948,0,NORMAL,22.1,3.7,10.2,8.6
1638,0.917,0,WARNING,20.0,6.8,11.6,10.6
1639,0.3952,0,NORMAL,18.7,4.6,13.5,11.7
1640,0.2616,0,NORMAL,18.5,2.9,7.0,6.9
1641,0.4661,0,NORMAL,19.6,3.3,9.8,8.8
1642,0.9225,0,WARNING,21.4,5.5,16.4,13.1
1643,0.2493,0,NORMAL,20.6,3.6,11.0,7.4
1644,0.1339,0,NORMAL,20.0,2.4,6.4,6.5
1645,0.1705,0,NORMAL,20.5,2.5,8.5,8.9
1646,0.4832,0,NORMAL,20.1,1.6,9.6,7.0
1647,0.1256,0,NORMAL,21.1,3.1,8.0,7.1
1648,0.9947,0,WARNING,21.7,6.9,7.8,6.7
1649,0.1702,0,NORMAL,21.4,3.1,9.1,8.7
1650,0.4075,0,NORMAL,21.8,2.4,5.3,5.0
1651,0.1369,0,NORMAL,22.3,2.3,7.8,6.9
1652,0.1365,0,NORMAL,22.2,2.9,9.6,9.3
1653,0.1406,0,NORMAL,22.7,3.9,11.3,8.9
1654,0.414,0,NORMAL,22.3,4.1,15.0,9.5
1655,0.1798,0,NORMAL,22.6,3.5,10.5,7.9
1656,0.85,0,WARNING,20.4,5.5,14.1,11.6
1657,0.1693,0,NORMAL,19.4,4.5,13.9,10.5
1658,0.9882,0,WARNING,19.5,7.4,9.6,7.4
1659,0.1875,0,NORMAL,20.3,3.3,10.6,9.9
1660,0.3978,0,NORMAL,19.3,2.4,7.0,5.8
1661,0.9999,0,WARNING,20.1,5.6,7.3,6.8
1662,0.2081,0,NORMAL,20.8,3.4,12.5,9.1
1663,0.172,0,NORMAL,21.0,3.1,9.3,8.3
1664,0.9827,0,WARNING,20.9,5.8,9.2,8.2
1665,0.1678,0,NORMAL,21.3,2.2,7.5,7.2
1666,0.3522,0,NORMAL,21.0,2.0,10.5,7.3
1667,0.4277,0,NORMAL,23.7,6.2,13.8,9.7
1668,0.9434,0,WARNING,22.7,9.6,18.6,13.3
1669,0.6574,0,WARNING,21.9,2.9,10.3,8.2
1670,0.8104,0,WARNING,21.5,3.5,8.6,8.3
1671,0.1259,0,NORMAL,22.2,2.5,10.4,9.3
1672,0.1318,0,NORMAL,21.7,2.1,8.4,6.5
1673,0.1372,0,NORMAL,20.1,3.7,11.7,11.3
1674,0.1396,0,NORMAL,17.8,2.6,11.5,8.8
1675,0.1287,0,NORMAL,18.8,2.6,9.7,8.9
1676,0.8491,0,WARNING,18.5,4.1,8.4,7.7
1677,0.2668,0,NORMAL,20.1,3.4,13.6,13.0
1678,0.2705,0,NORMAL,20.5,4.6,12.6,10.6
1679,0.1749,0,NORMAL,20.9,3.3,10.5,9.3
1680,0.1132,0,NORMAL,21.0,2.5,6.7,6.5
1681,0.1397,0,NORMAL,20.9,1.8,6.2,6.2
1682,0.1083,0,NORMAL,19.3,2.8,6.6,5.4
1683,0.6069,0,WARNING,18.3,3.5,8.1,6.7
1684,0.1376,0,NORMAL,18.5,1.7,5.5,5.6
1685,0.2821,0,NORMAL,20.6,3.7,13.8,12.3
1686,0.1789,0,NORMAL,20.6,2.4,9.3,8.7
1687,0.9746,0,WARNING,21.4,6.1,10.0,8.2
1688,0.597,0,NORMAL,20.8,4.0,7.4,6.0
1689,0.1116,0,NORMAL,21.4,3.9,9.2,7.5
1690,0.8495,0,WARNING,21.0,4.2,7.0,7.4
1691,0.1479,0,NORMAL,21.3,1.9,6.4,5.7
1692,0.1542,0,NORMAL,21.0,2.4,7.7,6.9
1693,0.1867,0,NORMAL,22.1,3.2,13.4,11.3
1694,0.1894,0,NORMAL,21.6,2.0,9.4,7.4
1695,0.8521,0,WARNING,21.8,4.0,5.3,4.7
1696,0.1499,0,NORMAL,21.8,1.9,8.8,8.2
1697,0.1559,0,NORMAL,22.3,3.1,8.0,7.0
1698,0.5232,0,NORMAL,22.7,4.7,12.9,10.8
1699,0.9791,0,WARNING,22.4,5.5,9.1,7.2
1700,0.4091,0,NORMAL,21.0,2.8,5.8,6.3
1701,0.2492,0,NORMAL,18.8,2.7,7.9,7.7
1702,0.1408,0,NORMAL,17.7,3.1,7.3,6.0
1703,0.1293,0,NORMAL,19.2,2.9,6.8,5.9
1704,0.9546,0,WARNING,19.8,5.6,9.2,7.4
1705,0.143,0,NORMAL,20.4,2.1,8.4,7.1
1706,0.1313,0,NORMAL,20.1,2.1,9.4,7.7
1707,0.1433,0,NORMAL,20.7,3.0,11.3,9.9
1708,0.6035,0,WARNING,21.0,3.8,9.0,7.4
1709,0.1228,0,NORMAL,20.7,2.0,6.4,6.0
1710,0.1331,0,NORMAL,20.3,2.4,7.8,7.8
1711,0.1243,0,NORMAL,21.2,1.8,7.5,6.5
1712,0.9998,0,WARNING,21.5,6.3,10.5,8.9
1713,0.2049,0,NORMAL,21.3,4.2,10.4,7.9
1714,0.1433,0,NORMAL,21.3,3.3,10.9,7.6
1715,0.1189,0,NORMAL,22.0,2.2,7.9,7.2
1716,0.1667,0,NORMAL,21.0,2.2,7.1,6.3
1717,0.1492,0,NORMAL,21.7,2.7,9.3,7.4
1718,0.416,0,NORMAL,21.1,3.5,7.7,6.6
1719,0.1394,0,NORMAL,20.8,2.5,7.8,7.6
1720,0.879,0,WARNING,18.3,4.2,8.4,7.8
1721,0.1414,0,NORMAL,17.3,1.7,6.3,5.9
1722,0.129,0,NORMAL,19.3,1.9,6.0,5.2
1723,0.1693,0,NORMAL,19.6,4.1,11.2,9.9
1724,0.2225,0,NORMAL,19.5,3.2,7.1,5.7
1725,0.1659,0,NORMAL,19.7,1.7,5.3,4.9
1726,0.1408,0,NORMAL,20.5,2.1,6.7,6.0
1727,0.3705,0,NORMAL,22.0,6.3,18.0,9.8
1728,0.9744,0,WARNING,21.5,9.3,12.8,9.6
1729,0.2254,0,NORMAL,21.7,3.4,10.8,9.7
1730,0.3917,0,NORMAL,21.2,2.3,9.1,6.8
1731,0.2592,0,NORMAL,22.1,2.5,12.3,12.1
1732,0.1511,0,NORMAL,22.0,3.1,10.5,8.3
1733,0.1732,0,NORMAL,23.0,3.0,9.0,8.1
1734,0.1981,0,NORMAL,22.8,3.2,11.6,10.5
1735,0.9688,0,WARNING,22.6,5.0,10.6,9.4
1736,0.1967,0,NORMAL,22.3,1.6,7.5,7.1
1737,0.2019,0,NORMAL,23.8,2.6,9.9,9.9
1738,0.2826,0,NORMAL,21.6,4.9,14.7,11.5
1739,0.3419,0,NORMAL,18.3,2.8,11.3,9.7
1740,0.1733,0,NORMAL,18.4,2.1,6.5,6.4
1741,0.5115,0,NORMAL,18.7,3.0,8.1,7.1
1742,0.1277,0,NORMAL,16.1,2.6,7.4,6.7
1743,0.1972,0,NORMAL,14.4,4.1,12.4,11.0
1744,0.193,0,NORMAL,14.0,2.0,6.9,5.7
1745,0.127,0,NORMAL,15.1,2.2,7.5,7.3
1746,0.1175,0,NORMAL,15.2,2.6,8.1,6.3
1747,0.1347,0,NORMAL,16.0,2.3,6.2,5.5
1748,0.5279,0,NORMAL,15.6,3.7,9.4,6.7
1749,0.2933,0,NORMAL,16.2,3.0,7.7,7.1
1750,0.7343,0,WARNING,15.7,3.4,4.9,4.3
1751,0.1371,0,NORMAL,16.3,1.9,6.1,6.2
1752,0.143,0,NORMAL,16.6,3.0,7.4,5.6
1753,0.919,0,WARNING,17.2,5.3,10.6,8.9
1754,0.153,0,NORMAL,16.9,2.5,8.6,7.1
1755,0.1783,0,NORMAL,17.1,1.4,4.3,4.6
1756,0.1805,0,NORMAL,16.3,1.2,4.2,4.3
1757,0.7866,0,WARNING,18.1,3.6,7.7,6.9
1758,0.1696,0,NORMAL,17.9,3.4,9.4,9.4
1759,0.1761,0,NORMAL,17.8,2.6,8.6,8.1
1760,0.9948,0,WARNING,18.1,6.4,10.5,9.7
1761,0.1517,0,NORMAL,16.0,1.7,5.1,5.1
1762,0.5849,0,NORMAL,13.1,3.2,6.9,6.0
1763,0.1393,0,NORMAL,12.7,2.5,7.4,6.8
1764,0.1058,0,NORMAL,13.5,2.3,8.2,7.7
1765,0.0848,0,NORMAL,14.7,2.5,7.7,7.2
1766,0.1607,0,NORMAL,14.2,2.2,6.1,5.6
1767,0.1014,0,NORMAL,15.2,3.1,8.0,6.5
1768,0.8218,0,WARNING,15.3,4.5,7.3,6.2
1769,0.1172,0,NORMAL,16.1,2.7,8.1,7.5
1770,0.418,0,NORMAL,15.9,2.4,8.5,5.7
1771,0.1398,0,NORMAL,16.1,1.8,6.4,5.8
1772,0.9335,0,WARNING,15.9,4.2,7.9,7.3
1773,0.1379,0,NORMAL,16.8,3.4,7.6,6.4
1774,0.1354,0,NORMAL,16.4,2.8,6.3,5.2
1775,0.1489,0,NORMAL,17.1,2.0,5.7,5.7
1776,0.9832,0,WARNING,16.9,4.7,4.4,4.2
1777,0.1787,0,NORMAL,18.3,3.7,9.2,6.8
1778,0.4167,0,NORMAL,17.4,3.5,8.0,7.2
1779,0.191,0,NORMAL,17.6,3.0,7.5,7.1
1780,0.4131,0,NORMAL,17.2,2.3,4.1,3.3
1781,0.2021,0,NORMAL,17.3,1.2,3.5,3.8
1782,0.1827,0,NORMAL,14.4,2.5,5.2,5.9
1783,0.9201,0,WARNING,12.6,5.2,7.7,6.3
1784,0.1402,0,NORMAL,12.8,2.3,6.2,5.6
1785,0.1897,0,NORMAL,12.9,1.5,3.5,3.4
1786,0.903,0,WARNING,13.7,4.4,5.2,5.4
1787,0.1324,0,NORMAL,14.6,2.4,7.4,6.4
1788,0.4249,0,NORMAL,14.6,3.5,8.3,8.3
1789,0.7829,0,WARNING,15.7,4.9,10.0,9.6
1790,0.4135,0,NORMAL,15.3,2.8,7.1,7.4
1791,0.1496,0,NORMAL,15.5,1.6,5.8,5.0
1792,0.1343,0,NORMAL,15.8,2.7,8.0,7.5
1793,0.8216,0,WARNING,15.9,4.0,6.3,5.7
1794,0.1059,0,NORMAL,16.6,3.7,9.5,8.2
1795,0.1956,0,NORMAL,16.7,2.0,6.8,6.0
1796,0.7817,0,WARNING,16.3,3.7,5.4,5.5
1797,0.1516,0,NORMAL,17.3,3.2,9.9,9.0
1798,0.4173,0,NORMAL,17.1,4.5,9.5,8.8
1799,0.6037,0,WARNING,17.3,4.0,8.1,8.1
1800,0.2784,0,NORMAL,17.0,2.7,6.7,5.9
1801,0.1798,0,NORMAL,17.1,1.9,6.6,5.7
1802,0.5234,0,NORMAL,16.7,3.4,7.8,6.4
1803,0.1526,0,NORMAL,17.4,2.6,7.8,7.9
1804,0.1568,0,NORMAL,17.6,2.3,7.7,6.8
1805,0.975,0,WARNING,18.2,4.5,5.4,4.9
1806,0.1612,0,NORMAL,18.6,1.6,5.1,4.7
1807,0.1414,0,NORMAL,19.8,2.0,6.3,6.5
1808,0.9193,0,WARNING,19.5,5.9,7.9,6.6
1809,0.1491,0,NORMAL,19.7,2.5,6.0,6.2
1810,0.2912,0,NORMAL,19.1,1.8,2.8,3.6
1811,0.1664,0,NORMAL,20.5,1.6,5.2,5.8
1812,0.2457,0,NORMAL,19.6,2.1,5.9,6.6
1813,0.9197,0,WARNING,20.5,4.6,5.9,5.5
1814,0.1615,0,NORMAL,21.1,3.2,10.6,8.9
1815,0.171,0,NORMAL,20.8,1.6,6.0,5.4
1816,0.148,0,NORMAL,20.7,1.8,5.9,5.9
1817,0.1768,0,NORMAL,21.4,3.6,7.6,6.6
1818,0.6081,0,WARNING,21.8,5.2,10.2,8.6
1819,0.1523,0,NORMAL,21.3,3.7,7.1,5.8
1820,0.5161,0,NORMAL,21.6,4.2,8.0,7.7
1821,0.1048,0,NORMAL,19.4,3.2,7.0,6.2
1822,0.9543,0,WARNING,17.4,6.7,10.2,8.4
1823,0.1542,0,NORMAL,18.5,4.0,7.8,6.5
1824,0.1563,0,NORMAL,18.8,3.4,7.5,5.6
1825,0.1411,0,NORMAL,19.7,3.3,7.4,5.3
1826,0.1434,0,NORMAL,20.0,3.0,8.9,7.3
1827,0.1392,0,NORMAL,21.1,4.0,11.2,8.1
1828,0.2857,0,NORMAL,21.3,5.5,12.3,6.8
1829,0.2354,0,NORMAL,21.2,3.7,8.0,7.1
1830,1.0,0,ANOMALY,23.3,8.2,7.4,6.8
1831,0.2735,0,NORMAL,21.5,3.0,7.8,5.8
1832,0.1576,0,NORMAL,22.0,3.1,8.5,6.9
1833,0.2469,0,NORMAL,22.5,4.6,14.0,9.1
1834,0.2292,0,NORMAL,21.8,4.3,9.4,6.7
1835,0.1945,0,NORMAL,23.4,3.6,9.5,6.9
1836,0.1949,0,NORMAL,21.8,3.6,7.8,6.2
1837,0.2657,0,NORMAL,23.0,4.2,8.6,6.8
1838,0.4099,0,NORMAL,23.2,6.0,11.0,8.1
1839,0.4322,0,NORMAL,22.0,4.3,7.9,6.7
1840,0.1199,0,NORMAL,18.4,3.7,8.5,6.9
1841,0.1505,0,NORMAL,17.6,2.4,7.1,5.5
1842,0.1391,0,NORMAL,18.4,3.3,9.7,6.0
1843,0.1395,0,NORMAL,19.4,4.0,8.8,6.6
1844,0.1165,0,NORMAL,18.7,3.8,8.1,5.9
1845,0.1392,0,NORMAL,20.0,3.0,8.5,7.1
1846,0.1478,0,NORMAL,19.7,3.4,9.1,6.5
1847,0.9548,0,WARNING,21.8,8.3,16.4,10.2
1848,0.5577,0,NORMAL,22.0,9.0,17.4,11.0
1849,0.3328,0,NORMAL,21.8,3.6,10.4,9.4
1850,0.4945,0,NORMAL,21.3,3.5,7.0,6.9
1851,0.3368,0,NORMAL,21.5,3.3,7.0,5.3
1852,0.1106,0,NORMAL,21.6,4.3,9.1,7.6
1853,0.876,0,WARNING,21.6,6.2,10.0,8.4
1854,0.3161,0,NORMAL,21.9,4.5,10.0,8.7
1855,0.4322,0,NORMAL,21.8,3.7,8.2,7.3
1856,1.0,0,ANOMALY,22.4,7.7,9.8,9.0
1857,0.3369,0,NORMAL,22.6,4.2,9.0,8.1
1858,0.2608,0,NORMAL,22.3,5.3,11.5,10.0
1859,0.9143,0,WARNING,20.4,7.0,12.5,10.7
1860,0.3846,0,NORMAL,17.2,3.4,7.3,6.9
1861,0.0992,0,NORMAL,18.3,3.4,7.7,7.3
1862,0.992,0,WARNING,18.3,8.2,10.9,8.5
1863,0.2891,0,NORMAL,18.7,5.7,12.1,8.8
1864,0.2943,0,NORMAL,19.4,4.0,9.1,7.7
1865,0.3965,0,NORMAL,20.6,5.4,11.4,9.1
1866,0.9427,0,WARNING,20.3,5.1,9.0,7.2
1867,0.1233,0,NORMAL,20.8,3.6,8.5,6.9
1868,0.4016,0,NORMAL,20.9,4.0,8.5,7.9
1869,0.8985,0,WARNING,21.4,5.3,9.7,7.7
1870,0.5106,0,NORMAL,20.6,3.6,6.3,5.0
1871,0.1343,0,NORMAL,21.2,3.1,8.6,7.2
1872,0.9828,0,WARNING,21.1,6.0,9.7,8.2
1873,0.8502,0,WARNING,21.4,5.4,7.1,6.0
1874,0.1326,0,NORMAL,22.2,2.5,5.9,5.8
1875,0.1309,0,NORMAL,22.1,3.2,7.3,5.6
1876,0.6753,0,WARNING,21.2,3.8,6.7,5.9
1877,0.1413,0,NORMAL,21.6,3.9,8.5,6.9
1878,0.4158,0,NORMAL,21.8,5.4,11.1,9.4
1879,0.954,0,WARNING,22.5,6.7,12.7,10.1
1880,0.4013,0,NORMAL,21.8,4.3,8.1,6.4
1881,0.9902,0,WARNING,19.6,6.9,10.2,9.3
1882,0.9999,0,WARNING,17.7,7.4,8.7,6.2
1883,0.2469,0,NORMAL,18.4,4.3,9.7,5.9
1884,0.2869,0,NORMAL,19.3,4.5,8.9,6.5
1885,0.1355,0,NORMAL,19.6,3.1,6.5,5.0
1886,0.7801,0,WARNING,19.8,4.4,5.8,5.3
1887,0.1395,0,NORMAL,21.1,4.0,10.1,8.4
1888,0.5197,0,NORMAL,21.4,6.2,16.2,10.6
1889,0.8492,0,WARNING,23.6,7.0,13.3,10.2
1890,0.314,0,NORMAL,22.5,4.8,9.6,7.2
1891,0.2666,0,NORMAL,22.2,4.1,9.9,8.5
1892,0.5063,0,NORMAL,22.3,3.8,8.1,6.6
1893,0.1686,0,NORMAL,22.8,3.9,12.8,9.9
1894,1.0,0,ANOMALY,22.9,8.5,9.8,7.2
1895,0.2478,0,NORMAL,22.2,4.0,8.8,6.6
1896,0.1819,0,NORMAL,22.1,3.5,10.3,6.1
1897,0.2054,0,NORMAL,23.7,4.3,10.0,7.7
1898,0.5975,0,NORMAL,22.4,5.3,8.0,5.8
1899,0.2361,0,NORMAL,23.4,5.0,13.7,10.7
1900,0.6677,0,WARNING,20.1,4.4,12.0,9.7
1901,0.9308,0,WARNING,18.1,5.6,7.9,5.9
1902,0.1671,0,NORMAL,17.7,3.4,7.6,6.3
1903,0.6706,0,WARNING,19.5,6.1,11.6,8.5
1904,0.1173,0,NORMAL,19.3,3.9,7.8,6.0
1905,0.1396,0,NORMAL,20.2,3.6,8.1,6.7
1906,0.1579,0,NORMAL,20.8,2.5,7.2,6.1
1907,0.8788,0,WARNING,22.2,8.1,16.4,9.1
1908,0.463,0,NORMAL,21.1,7.8,15.0,7.9
1909,0.2158,0,NORMAL,22.3,4.4,10.9,9.0
1910,0.9678,0,WARNING,21.2,5.7,6.8,5.1
1911,0.1475,0,NORMAL,22.1,2.9,7.7,6.5
1912,0.1521,0,NORMAL,22.4,4.5,11.6,8.8
1913,0.1525,0,NORMAL,22.9,4.3,11.1,8.5
1914,0.1928,0,NORMAL,22.1,3.9,11.1,8.8
1915,0.1607,0,NORMAL,22.3,3.2,8.2,7.3
1916,0.9743,0,WARNING,22.1,5.9,12.0,8.2
1917,0.1903,0,NORMAL,23.1,4.8,12.5,9.8
1918,0.8743,0,WARNING,22.4,5.6,11.9,10.5
1919,0.8459,0,WARNING,20.7,6.4,14.4,12.6
1920,0.4945,0,NORMAL,17.2,4.1,9.0,6.7
1921,0.1733,0,NORMAL,18.7,2.9,8.3,7.2
1922,0.8155,0,WARNING,15.3,5.7,9.4,8.0
1923,0.2862,0,NORMAL,13.2,4.9,11.5,8.8
1924,0.1177,0,NORMAL,14.5,4.3,11.8,9.4
1925,0.9312,0,WARNING,14.7,5.6,11.9,9.4
1926,0.1166,0,NORMAL,14.9,3.6,8.7,5.6
1927,0.1333,0,NORMAL,14.9,3.2,7.3,6.2
1928,1.0,0,ANOMALY,15.6,8.5,10.6,9.5
1929,0.4034,0,NORMAL,16.3,3.8,11.2,10.8
1930,0.6685,0,WARNING,15.8,4.0,10.2,7.8
1931,0.0804,0,NORMAL,16.0,2.9,7.0,6.5
1932,0.9621,0,WARNING,16.1,6.3,11.0,9.3
1933,0.2695,0,NORMAL,16.4,4.8,10.9,8.4
1934,0.1611,0,NORMAL,15.7,2.4,5.4,4.0
1935,0.1628,0,NORMAL,16.5,2.6,6.0,5.5
1936,0.1607,0,NORMAL,16.0,2.7,8.0,6.3
1937,0.1302,0,NORMAL,16.4,3.3,8.1,7.1
1938,0.4145,0,NORMAL,16.9,5.8,11.5,9.4
1939,0.1576,0,NORMAL,16.6,3.8,7.3,6.9
1940,0.7779,0,WARNING,16.5,5.4,8.4,6.9
1941,0.6709,0,WARNING,14.1,4.4,8.3,7.2
1942,0.8751,0,WARNING,12.1,4.9,9.8,8.1
1943,0.6693,0,WARNING,13.6,5.2,7.9,5.6
1944,0.1056,0,NORMAL,14.2,3.9,10.6,8.4
1945,0.1315,0,NORMAL,14.0,2.9,6.8,5.5
1946,0.1311,0,NORMAL,14.5,3.3,8.1,6.7
1947,0.9544,0,WARNING,14.9,5.9,10.5,7.3
1948,0.6001,0,WARNING,15.2,5.5,12.7,8.6
1949,0.4017,0,NORMAL,15.3,3.6,8.5,7.5
1950,0.8491,0,WARNING,15.1,5.6,9.0,6.6
1951,0.1652,0,NORMAL,14.7,2.5,5.5,4.2
1952,0.1426,0,NORMAL,15.3,3.2,8.2,7.7
1953,0.6755,0,WARNING,16.0,6.6,10.2,7.5
1954,0.2812,0,NORMAL,15.5,4.8,9.5,5.9
1955,0.1236,0,NORMAL,16.5,4.4,12.1,7.9
1956,0.1467,0,NORMAL,16.2,3.9,10.4,8.3
1957,0.8168,0,WARNING,17.0,6.2,10.1,7.1
1958,0.274,0,NORMAL,16.4,4.4,7.8,5.4
1959,0.2774,0,NORMAL,17.4,4.4,9.0,7.3
1960,0.4059,0,NORMAL,14.0,4.2,9.1,7.7
1961,0.1965,0,NORMAL,13.0,3.2,9.2,8.3
1962,0.1605,0,NORMAL,13.6,4.8,11.1,8.4
1963,0.9789,0,WARNING,14.7,7.4,10.1,7.2
1964,0.1451,0,NORMAL,15.7,3.9,9.4,7.4
1965,0.1156,0,NORMAL,16.0,3.4,8.6,6.5
1966,0.6003,0,WARNING,16.7,4.5,8.8,7.7
1967,0.1644,0,NORMAL,16.9,4.6,10.9,8.2
1968,0.4048,0,NORMAL,16.3,7.1,11.8,6.2
1969,0.5684,0,NORMAL,17.0,7.0,11.5,8.2
1970,0.5928,0,NORMAL,16.6,3.6,7.3,6.9
1971,0.1196,0,NORMAL,16.5,2.9,8.3,6.8
1972,0.6733,0,WARNING,16.6,4.4,8.4,6.4
1973,0.1401,0,NORMAL,17.3,4.3,10.3,8.6
1974,0.4053,0,NORMAL,16.8,4.0,9.5,7.5
1975,0.8984,0,WARNING,18.9,5.2,10.4,8.7
1976,0.1596,0,NORMAL,17.3,2.5,7.7,6.7
1977,0.1978,0,NORMAL,17.8,4.5,11.9,9.4
1978,0.2748,0,NORMAL,16.2,5.3,12.7,9.7
1979,0.162,0,NORMAL,14.5,4.4,12.6,9.8
1980,0.2632,0,NORMAL,13.1,3.7,9.7,7.5
1981,0.1342,0,NORMAL,14.0,2.9,7.3,6.4
1982,0.1204,0,NORMAL,12.6,3.4,10.1,7.9
1983,0.1614,0,NORMAL,12.1,4.0,9.8,7.5
1984,0.5144,0,NORMAL,13.8,5.6,11.9,9.3
1985,0.106,0,NORMAL,15.0,3.9,10.0,6.6
1986,0.1836,0,NORMAL,14.8,3.2,8.4,7.2
1987,0.0956,0,NORMAL,15.8,3.4,8.8,7.9
1988,0.6019,0,WARNING,15.1,4.6,7.1,5.9
1989,0.132,0,NORMAL,16.0,3.2,8.7,8.1
1990,0.602,0,WARNING,15.8,4.1,9.1,6.8
1991,0.6008,0,WARNING,16.4,4.5,8.2,7.0
1992,0.1017,0,NORMAL,16.5,4.4,12.1,9.4
1993,0.1907,0,NORMAL,17.3,4.7,13.9,10.8
1994,0.8983,0,WARNING,16.7,5.5,7.1,4.5
1995,0.144,0,NORMAL,16.9,2.9,6.8,5.7
1996,0.1439,0,NORMAL,16.4,3.1,7.7,6.3
1997,0.6756,0,WARNING,17.6,5.2,10.7,9.0
1998,0.2806,0,NORMAL,16.7,4.8,8.4,7.0
1999,0.1425,0,NORMAL,16.7,4.2,9.5,6.8
2000,0.4036,0,NORMAL,16.4,4.4,7.3,6.9
2001,0.6695,0,WARNING,14.8,4.1,6.7,6.2
2002,0.2792,0,NORMAL,11.8,4.2,8.6,4.4
2003,0.809,0,WARNING,13.1,5.6,6.1,4.6
2004,0.1273,0,NORMAL,13.9,3.0,6.5,5.2
2005,0.3442,0,NORMAL,15.0,5.5,8.3,5.5
2006,0.1397,0,NORMAL,15.2,2.5,5.7,4.9
2007,0.1253,0,NORMAL,15.6,3.1,9.4,8.6
2008,0.4148,0,NORMAL,15.2,3.8,7.9,6.3
2009,0.7808,0,WARNING,16.0,4.9,8.3,7.3
2010,0.2824,0,NORMAL,15.4,3.5,6.2,5.7
2011,0.1474,0,NORMAL,15.8,3.2,7.0,6.2
2012,0.7333,0,WARNING,15.7,4.9,6.9,5.5
2013,0.1853,0,NORMAL,16.4,4.1,7.4,5.0
2014,0.2922,0,NORMAL,16.5,4.7,7.7,5.4
2015,0.1698,0,NORMAL,16.7,3.8,7.9,5.7
2016,0.2904,0,NORMAL,16.1,3.7,6.4,4.9
2017,0.1636,0,NORMAL,17.1,3.8,8.4,6.8
2018,0.2914,0,NORMAL,16.6,4.9,8.4,6.2
2019,0.1589,0,NORMAL,16.7,3.4,7.3,5.7
2020,0.2897,0,NORMAL,16.5,3.5,7.0,5.1
2021,0.1664,0,NORMAL,16.7,2.7,6.1,5.5
2022,0.9987,0,WARNING,14.0,6.7,7.1,5.9
2023,0.2276,0,NORMAL,12.9,4.9,12.5,8.3
2024,0.1932,0,NORMAL,13.5,3.6,9.4,6.3
2025,0.1335,0,NORMAL,14.2,3.0,7.1,5.2
2026,0.1554,0,NORMAL,14.0,2.9,6.0,4.9
2027,0.1572,0,NORMAL,15.6,3.9,8.0,7.0
2028,0.9793,0,WARNING,15.2,10.7,13.5,7.5
2029,0.1852,0,NORMAL,15.6,4.0,8.9,7.2
2030,0.3998,0,NORMAL,15.6,4.3,8.2,6.4
2031,1.0,0,ANOMALY,15.8,7.1,5.7,4.7
2032,0.1957,0,NORMAL,16.0,3.5,7.5,5.9
2033,0.1321,0,NORMAL,16.2,3.5,8.4,6.9
2034,0.1669,0,NORMAL,16.0,3.4,8.0,6.1
2035,0.1445,0,NORMAL,16.3,3.3,7.9,6.7
2036,0.1409,0,NORMAL,16.1,2.5,7.4,5.8
2037,0.1436,0,NORMAL,16.6,3.7,8.8,7.7
2038,0.9747,0,WARNING,16.2,6.3,9.0,6.9
2039,0.1663,0,NORMAL,16.4,2.7,5.9,5.5
2040,0.4074,0,NORMAL,16.4,3.8,7.1,6.6
2041,0.9791,0,WARNING,16.2,5.4,5.1,4.5
2042,0.1699,0,NORMAL,16.0,3.5,6.7,5.8
2043,0.1705,0,NORMAL,16.7,3.0,6.4,5.8
2044,0.2919,0,NORMAL,17.2,3.6,6.1,5.4
2045,0.9548,0,WARNING,18.5,5.5,5.8,4.6
2046,0.1752,0,NORMAL,18.5,2.6,5.0,4.0
2047,0.1677,0,NORMAL,20.8,3.5,9.4,8.5
2048,0.9182,0,WARNING,21.6,8.5,17.9,14.5
2049,0.3434,0,NORMAL,21.3,4.3,14.2,11.0
2050,0.502,0,NORMAL,20.3,4.2,7.5,6.2
2051,0.8974,0,WARNING,20.7,4.6,4.6,4.7
2052,0.2748,0,NORMAL,20.7,3.7,6.7,5.4
2053,0.135,0,NORMAL,21.0,4.1,8.2,6.4
2054,0.8781,0,WARNING,20.8,5.7,6.1,5.8
2055,0.3159,0,NORMAL,20.8,3.3,5.4,4.7
2056,0.2136,0,NORMAL,20.7,2.5,5.6,4.3
2057,0.1529,0,NORMAL,21.3,3.4,7.2,6.5
2058,0.4176,0,NORMAL,21.4,5.4,9.0,7.4
2059,0.2948,0,NORMAL,21.7,4.7,8.3,6.4
2060,0.2789,0,NORMAL,21.2,3.9,6.0,5.7
2061,0.9169,0,WARNING,18.3,4.9,4.7,5.4
2062,0.2035,0,NORMAL,15.8,2.7,4.5,3.7
2063,0.1598,0,NORMAL,17.6,3.3,5.2,4.2
2064,0.736,0,WARNING,17.6,6.1,7.1,5.9
2065,0.132,0,NORMAL,18.9,3.8,7.9,5.8
2066,0.1722,0,NORMAL,18.3,2.3,5.1,4.2
2067,0.1743,0,NORMAL,20.2,4.0,9.2,7.9
2068,0.29,0,NORMAL,19.8,5.6,9.0,7.3
2069,0.1427,0,NORMAL,20.4,3.5,8.3,7.0
2070,0.4132,0,NORMAL,20.1,3.3,6.3,5.3
2071,0.9004,0,WARNING,20.5,4.8,6.4,5.7
2072,0.159,0,NORMAL,20.3,3.2,7.2,5.0
2073,0.2393,0,NORMAL,21.3,4.4,10.2,6.8
2074,0.2257,0,NORMAL,21.1,4.4,9.8,7.3
2075,0.1459,0,NORMAL,20.9,3.1,6.3,4.8
2076,0.1867,0,NORMAL,20.4,2.8,5.4,4.6
2077,0.2953,0,NORMAL,21.5,4.9,9.7,6.9
2078,0.5214,0,NORMAL,21.5,5.0,8.4,7.2
2079,0.1628,0,NORMAL,21.2,3.8,8.2,5.4
2080,0.9746,0,WARNING,21.0,5.9,5.4,4.9
2081,0.1371,0,NORMAL,19.0,3.1,7.8,7.3
2082,0.1412,0,NORMAL,16.9,3.2,6.2,4.8
2083,0.2889,0,NORMAL,17.9,3.9,6.3,5.1
2084,0.933,0,WARNING,18.5,5.0,6.5,5.3
2085,0.1393,0,NORMAL,19.3,3.0,6.5,5.6
2086,0.1734,0,NORMAL,19.2,2.6,4.9,3.6
2087,0.8765,0,WARNING,20.2,4.7,8.9,7.2
2088,0.9989,0,WARNING,19.7,7.4,8.4,8.6
2089,0.2759,0,NORMAL,20.0,3.3,5.8,5.9
2090,0.9315,0,WARNING,19.4,3.9,4.0,4.6
2091,0.2822,0,NORMAL,19.7,3.5,4.5,4.2
2092,0.9445,0,WARNING,20.2,6.3,6.5,5.9
2093,0.1441,0,NORMAL,20.8,4.1,7.1,6.8
2094,0.1684,0,NORMAL,20.7,3.6,7.3,6.9
2095,0.9169,0,WARNING,21.0,5.5,6.8,6.9
2096,0.1729,0,NORMAL,20.2,2.6,4.2,4.4
2097,0.1365,0,NORMAL,21.5,3.4,5.5,5.0
2098,0.2824,0,NORMAL,21.0,4.3,7.0,7.5
2099,0.9989,0,WARNING,21.3,5.3,5.6,5.9
2100,0.5094,0,NORMAL,20.6,3.3,4.1,4.7
2101,0.3374,0,NORMAL,18.4,3.5,5.6,6.2
2102,0.8744,0,WARNING,16.1,5.2,15.9,20.0
2103,0.9676,0,WARNING,17.9,7.2,14.8,11.9
2104,0.2482,0,NORMAL,18.4,4.6,10.3,8.4
2105,0.9819,0,WARNING,19.7,6.4,12.3,10.8
2106,0.2935,0,NORMAL,20.0,4.9,13.7,11.2
2107,0.6567,0,WARNING,20.3,4.9,11.2,9.4
2108,0.7939,0,WARNING,19.6,5.0,12.5,16.3
2109,0.8392,0,WARNING,20.0,3.4,12.8,16.4
2110,0.9111,0,WARNING,20.2,6.2,17.1,20.2
2111,0.9326,0,WARNING,18.1,3.1,16.7,22.1
2112,0.8747,0,WARNING,16.5,4.8,16.3,19.0
2113,0.9237,0,WARNING,17.8,3.8,16.6,20.7
2114,0.5812,0,NORMAL,17.7,4.0,8.4,7.5
2115,0.1638,0,NORMAL,18.5,2.5,4.3,4.2
2116,0.8073,0,WARNING,18.2,4.2,5.0,4.1
2117,0.9332,0,WARNING,19.6,6.3,8.0,6.3
2118,0.3877,0,NORMAL,19.6,4.4,7.3,6.4
2119,0.1198,0,NORMAL,20.0,2.7,6.0,5.8
2120,0.2728,0,NORMAL,19.7,3.0,4.4,5.1
2121,0.1649,0,NORMAL,20.1,3.1,6.2,6.8
2122,0.5657,0,NORMAL,19.7,3.6,8.6,11.0
2123,0.1733,0,NORMAL,19.1,2.5,4.7,4.1
2124,0.1867,0,NORMAL,16.5,2.2,3.7,4.3
2125,0.879,0,WARNING,16.8,4.7,5.4,4.5
2126,0.1956,0,NORMAL,16.8,2.0,3.8,3.6
2127,0.2863,0,NORMAL,18.3,3.2,8.1,9.5
2128,0.4164,0,NORMAL,18.5,4.6,8.3,8.0
2129,0.9403,0,WARNING,20.3,3.8,16.1,22.1
2130,0.8891,0,WARNING,19.5,3.5,14.2,18.1
2131,0.9399,0,WARNING,20.0,5.2,13.8,18.6
2132,0.9382,0,WARNING,20.0,6.2,15.5,18.5
2133,0.9237,0,WARNING,18.5,3.7,15.5,20.5
2134,0.9569,0,WARNING,17.1,6.1,10.2,8.7
2135,0.1885,0,NORMAL,18.3,3.0,5.5,4.4
2136,0.1685,0,NORMAL,18.4,2.7,4.7,4.2
2137,0.155,0,NORMAL,19.9,3.7,5.8,4.6
2138,0.9537,0,WARNING,19.7,6.1,6.1,5.0
2139,0.1465,0,NORMAL,20.1,3.5,6.4,6.2
2140,0.1978,0,NORMAL,20.0,2.8,4.3,4.0
2141,0.1885,0,NORMAL,20.4,2.3,4.0,3.7
2142,0.2123,0,NORMAL,20.9,3.7,5.8,4.6
2143,0.1701,0,NORMAL,21.2,3.6,5.9,4.7
2144,0.1661,0,NORMAL,20.7,3.5,6.1,4.9
2145,0.9338,0,WARNING,20.9,4.3,4.2,3.9
2146,0.1597,0,NORMAL,20.5,1.9,5.8,4.2
2147,0.1629,0,NORMAL,20.9,2.8,4.9,4.7
2148,0.7383,0,WARNING,21.3,4.9,6.3,5.2
2149,0.9334,0,WARNING,21.6,6.6,9.3,7.9
2150,0.414,0,NORMAL,20.7,2.8,3.6,3.1
2151,0.1937,0,NORMAL,18.8,2.5,3.9,4.0
2152,0.1882,0,NORMAL,16.6,2.6,5.2,5.7
2153,0.1489,0,NORMAL,17.5,3.0,6.2,6.5
2154,0.9987,0,WARNING,18.2,6.1,6.1,5.9
2155,0.1947,0,NORMAL,19.0,2.5,4.6,4.8
2156,0.1824,0,NORMAL,18.7,1.9,3.7,4.4
2157,0.5246,0,NORMAL,19.9,3.9,7.6,8.3
2158,0.9546,0,WARNING,19.9,6.5,8.4,7.9
2159,0.1917,0,NORMAL,20.2,3.0,6.3,6.1
2160,0.1867,0,NORMAL,19.8,2.7,3.6,4.1
2161,0.1904,0,NORMAL,20.2,2.2,3.9,4.0
2162,0.1735,0,NORMAL,15.3,3.6,5.5,4.5
2163,0.2984,0,NORMAL,11.2,4.6,6.2,5.2
2164,0.2202,0,NORMAL,12.7,3.3,5.8,4.6
2165,0.1722,0,NORMAL,14.7,3.1,5.6,4.7
2166,0.1749,0,NORMAL,14.7,2.6,5.0,4.4
2167,0.324,0,NORMAL,15.8,4.7,8.3,6.0
2168,0.955,0,WARNING,16.0,7.3,7.7,6.5
2169,0.1793,0,NORMAL,16.5,3.7,6.8,5.1
2170,0.1859,0,NORMAL,15.9,2.9,4.1,4.2
2171,0.1867,0,NORMAL,16.4,1.9,3.6,3.6
2172,0.9552,0,WARNING,16.6,6.4,6.9,6.3
2173,0.1927,0,NORMAL,17.1,3.7,5.7,4.9
2174,0.2438,0,NORMAL,16.7,3.0,4.5,3.8
2175,0.2057,0,NORMAL,17.1,2.0,3.4,3.8
2176,0.2025,0,NORMAL,16.7,3.2,4.4,4.1
2177,1.0,0,ANOMALY,25.4,11.9,6.1,4.7
2178,0.6292,0,WARNING,17.1,5.0,7.1,5.8
2179,0.2483,0,NORMAL,17.4,3.8,6.5,6.1
2180,0.9956,0,WARNING,17.1,6.6,5.5,5.6
2181,0.2502,0,NORMAL,17.4,2.8,4.9,4.5
2182,0.6739,0,WARNING,13.4,4.4,5.2,4.7
2183,0.221,0,NORMAL,10.9,3.1,4.9,4.4
2184,0.9182,0,WARNING,11.9,5.5,4.0,3.5
2185,0.189,0,NORMAL,13.0,2.2,3.4,3.5
2186,0.2087,0,NORMAL,12.9,2.0,3.1,3.1
2187,0.1976,0,NORMAL,13.7,2.7,5.6,5.0
2188,0.9754,0,WARNING,14.2,7.9,6.7,4.8
2189,0.2936,0,NORMAL,14.7,3.1,4.5,3.8
2190,0.1969,0,NORMAL,14.5,2.6,3.9,4.5
2191,0.2018,0,NORMAL,15.1,2.4,3.7,3.6
2192,0.8235,0,WARNING,15.0,5.3,4.9,4.0
2193,0.2078,0,NORMAL,15.2,3.1,4.7,4.1
2194,0.211,0,NORMAL,15.1,2.9,4.9,4.7
2195,0.2069,0,NORMAL,15.4,2.5,3.5,3.4
2196,1.0,0,ANOMALY,15.5,6.9,4.0,3.4
2197,0.2095,0,NORMAL,16.2,3.7,5.9,4.9
2198,0.6803,0,WARNING,16.1,5.1,6.4,4.3
2199,0.2035,0,NORMAL,16.2,3.1,5.5,4.2
2200,0.2999,0,NORMAL,15.6,3.0,3.7,4.1
2201,0.9984,0,WARNING,16.0,5.7,3.8,4.2
2202,0.2528,0,NORMAL,16.7,4.1,6.5,4.9
2203,0.2159,0,NORMAL,16.3,3.1,5.2,5.0
2204,0.219,0,NORMAL,13.0,3.0,4.5,4.3
2205,0.9965,0,WARNING,10.9,5.2,3.7,3.7
2206,0.2086,0,NORMAL,11.5,1.9,3.2,3.0
2207,0.245,0,NORMAL,12.6,4.4,7.6,4.8
2208,0.7372,0,WARNING,13.0,4.9,5.9,4.4
2209,0.6784,0,WARNING,13.9,4.7,5.4,4.7
2210,0.5214,0,NORMAL,13.5,3.1,4.2,4.1
2211,0.215,0,NORMAL,13.9,2.4,3.9,3.5
2212,0.2191,0,NORMAL,14.3,2.8,4.8,4.4
2213,0.9833,0,WARNING,15.0,6.8,6.3,5.9
2214,0.2927,0,NORMAL,14.9,3.1,4.5,5.1
2215,0.2043,0,NORMAL,15.2,2.4,3.8,3.6
2216,0.2214,0,NORMAL,15.3,1.9,2.9,3.0
2217,0.1948,0,NORMAL,16.0,3.8,6.1,5.5
2218,0.9193,0,WARNING,15.8,5.4,5.7,4.7
2219,0.1978,0,NORMAL,15.9,2.7,4.4,4.1
2220,0.4222,0,NORMAL,15.6,2.9,3.9,4.4
2221,0.2084,0,NORMAL,15.5,2.2,3.8,4.3
2222,0.9796,0,WARNING,12.9,5.6,5.3,4.7
2223,0.1934,0,NORMAL,10.6,3.1,4.6,4.3
2224,0.1966,0,NORMAL,10.9,2.4,4.1,4.2
2225,0.2,0,NORMAL,12.5,2.3,4.1,3.8
2226,0.9094,0,WARNING,13.1,4.6,4.3,3.7
2227,0.1851,0,NORMAL,14.3,3.8,6.2,5.0
2228,0.419,0,NORMAL,14.3,4.4,5.6,3.9
2229,0.1852,0,NORMAL,14.9,2.9,4.2,3.7
2230,0.4255,0,NORMAL,14.9,3.1,3.6,3.8
2231,0.7387,0,WARNING,15.4,3.8,4.1,4.2
2232,0.1902,0,NORMAL,15.0,2.6,4.5,4.9
2233,0.5005,0,NORMAL,15.6,3.6,4.5,5.0
2234,0.1978,0,NORMAL,15.4,2.7,3.9,4.5
2235,0.8221,0,WARNING,15.8,4.3,5.3,5.3
2236,0.9684,0,WARNING,15.6,4.7,4.2,3.6
2237,0.2818,0,NORMAL,16.6,4.3,6.6,5.2
2238,0.5169,0,NORMAL,16.5,5.0,5.7,4.8
2239,0.2835,0,NORMAL,16.8,3.7,5.2,4.4
2240,0.4146,0,NORMAL,16.3,3.5,4.9,4.4
2241,0.1789,0,NORMAL,16.7,2.6,3.9,4.2
2242,0.1803,0,NORMAL,16.5,3.6,5.7,5.4
2243,0.8791,0,WARNING,13.8,5.6,5.7,4.7
2244,0.1959,0,NORMAL,10.9,3.4,4.9,5.2
2245,0.2086,0,NORMAL,12.2,2.1,3.4,3.0
2246,0.2087,0,NORMAL,12.5,2.0,3.6,3.0
2247,0.9557,0,WARNING,13.6,6.3,6.1,5.4
2248,0.4242,0,NORMAL,13.8,4.9,6.4,5.2
2249,0.1759,0,NORMAL,14.3,2.9,4.6,4.1
2250,0.6087,0,WARNING,14.4,3.3,4.9,4.9
2251,0.1851,0,NORMAL,14.5,1.9,3.8,4.3
2252,0.9336,0,WARNING,14.8,5.5,5.6,4.7
2253,0.181,0,NORMAL,15.7,3.4,5.7,4.7
2254,0.186,0,NORMAL,15.5,3.3,5.5,5.0
2255,0.191,0,NORMAL,15.9,2.5,6.8,4.7
2256,0.2042,0,NORMAL,15.6,2.5,4.3,3.4
2257,0.1863,0,NORMAL,16.5,3.3,6.0,4.9
2258,0.4249,0,NORMAL,16.9,4.7,7.1,5.3
2259,0.1925,0,NORMAL,16.8,3.3,5.0,4.1
2260,0.6109,0,WARNING,16.6,3.4,4.2,4.3
2261,0.1763,0,NORMAL,16.4,2.2,3.9,4.0
2262,0.9196,0,WARNING,16.7,5.6,5.5,4.1
2263,0.2058,0,NORMAL,17.2,4.0,5.9,5.0
2264,0.1775,0,NORMAL,13.3,3.1,4.5,4.7
2265,0.2092,0,NORMAL,10.8,2.4,4.2,4.1
2266,0.1956,0,NORMAL,11.5,2.2,3.5,3.5
2267,0.6143,0,WARNING,12.9,8.2,13.2,6.9
2268,0.6751,0,WARNING,14.5,5.8,10.6,8.0
2269,0.1524,0,NORMAL,14.9,3.3,8.4,7.0
2270,0.9827,0,WARNING,14.7,5.3,4.9,5.3
2271,0.1395,0,NORMAL,14.9,2.6,4.7,5.3
2272,0.2097,0,NORMAL,15.0,4.0,6.8,6.5
2273,0.1961,0,NORMAL,16.0,4.1,7.8,6.6
2274,0.8508,0,WARNING,15.3,5.0,6.0,5.9
2275,0.1233,0,NORMAL,15.8,2.6,4.9,5.9
2276,0.1501,0,NORMAL,15.4,2.4,4.4,4.5
2277,0.1538,0,NORMAL,16.4,3.0,5.9,5.6
2278,0.4183,0,NORMAL,16.0,4.5,6.7,6.4
2279,0.1621,0,NORMAL,16.4,3.7,6.2,5.9
2280,0.9545,0,WARNING,15.9,5.3,3.6,4.3
2281,0.1489,0,NORMAL,16.2,2.2,4.3,4.8
2282,0.1497,0,NORMAL,13.0,2.9,5.8,5.8
2283,0.2457,0,NORMAL,11.3,3.9,6.2,5.3
2284,0.1437,0,NORMAL,11.8,2.7,4.7,4.7
2285,0.7835,0,WARNING,12.5,4.6,5.3,5.8
2286,0.172,0,NORMAL,13.4,2.6,4.9,4.6
2287,0.1689,0,NORMAL,15.1,3.0,4.8,4.4
2288,0.9191,0,WARNING,15.3,6.3,5.2,4.7
2289,0.1689,0,NORMAL,16.0,3.2,5.3,4.4
2290,0.2934,0,NORMAL,15.6,2.7,3.5,4.0
2291,0.1823,0,NORMAL,15.6,2.4,3.7,4.0
2292,0.6814,0,WARNING,15.8,4.7,4.7,4.7
2293,0.1913,0,NORMAL,16.3,3.6,5.3,4.2
2294,0.1913,0,NORMAL,16.2,3.2,4.5,4.4
2295,0.1913,0,NORMAL,16.4,2.5,4.4,4.7
2296,0.2056,0,NORMAL,16.2,1.9,3.7,3.5
2297,0.8556,0,WARNING,16.9,6.2,6.8,5.6
2298,0.2961,0,NORMAL,16.7,3.7,5.9,7.2
2299,0.9996,0,WARNING,17.0,3.5,5.7,8.8
2300,0.6761,0,WARNING,16.6,3.9,5.5,6.0
2301,0.1505,0,NORMAL,15.9,2.8,4.7,4.6
2302,0.2129,0,NORMAL,13.0,3.0,4.8,5.4
2303,0.5448,0,NORMAL,12.3,4.1,5.5,4.4
2304,0.2061,0,NORMAL,12.7,2.7,4.3,4.3
2305,0.1875,0,NORMAL,13.7,2.8,4.7,4.4
2306,0.2087,0,NORMAL,13.5,1.7,3.3,2.9
2307,0.1914,0,NORMAL,14.5,3.4,5.7,4.7
2308,0.53,0,NORMAL,14.9,4.1,6.1,5.3
2309,0.1938,0,NORMAL,15.5,3.5,6.1,5.1
2310,0.8226,0,WARNING,15.2,4.1,4.4,4.6
2311,0.1998,0,NORMAL,16.0,2.2,4.7,4.6
2312,0.1842,0,NORMAL,16.1,3.3,6.9,6.2
2313,0.1877,0,NORMAL,16.1,3.1,5.5,5.1
2314,0.1999,0,NORMAL,15.8,2.3,3.6,3.1
2315,0.2125,0,NORMAL,16.3,2.0,3.6,3.8
2316,0.2059,0,NORMAL,15.9,2.5,4.3,4.6
2317,0.1851,0,NORMAL,16.6,3.5,5.6,4.2
2318,0.3009,0,NORMAL,16.5,3.5,5.0,4.3
2319,0.2037,0,NORMAL,17.0,2.9,5.1,4.5
2320,0.6122,0,WARNING,16.4,3.1,3.8,3.9
2321,0.1968,0,NORMAL,16.6,1.9,3.4,3.4
2322,0.1955,0,NORMAL,13.9,2.9,5.0,4.4
2323,0.1833,0,NORMAL,11.7,2.8,4.5,4.1
2324,0.1913,0,NORMAL,12.1,2.5,3.9,3.8
2325,0.1944,0,NORMAL,13.2,1.9,3.8,4.2
2326,0.1876,0,NORMAL,13.2,2.5,4.4,3.9
2327,0.2781,0,NORMAL,14.4,4.1,7.1,5.0
2328,0.9342,0,WARNING,14.9,5.3,6.5,5.5
2329,0.1845,0,NORMAL,15.3,3.1,6.0,5.0
2330,0.4229,0,NORMAL,15.1,3.4,4.4,4.5
2331,0.1871,0,NORMAL,15.4,2.4,4.1,3.5
2332,0.1797,0,NORMAL,15.5,3.0,5.2,5.2
2333,0.1671,0,NORMAL,15.8,3.1,5.8,6.2
2334,0.1741,0,NORMAL,15.5,2.6,4.8,5.1
2335,0.1938,0,NORMAL,15.5,2.0,4.4,4.4
2336,0.2034,0,NORMAL,15.4,2.0,3.6,3.9
2337,0.1929,0,NORMAL,16.3,3.8,7.1,5.6
2338,0.2549,0,NORMAL,16.5,4.7,6.8,6.0
2339,0.175,0,NORMAL,16.6,2.5,4.7,5.5
2340,0.4176,0,NORMAL,16.3,3.2,4.3,4.2
2341,0.1997,0,NORMAL,16.5,2.4,3.9,3.9
2342,0.1801,0,NORMAL,13.3,2.9,4.8,4.6
2343,0.1853,0,NORMAL,11.0,3.8,6.7,6.1
2344,0.1992,0,NORMAL,12.1,2.1,3.9,4.0
2345,0.2129,0,NORMAL,13.1,2.1,2.9,2.8
2346,0.202,0,NORMAL,13.4,1.6,2.9,3.2
2347,0.2023,0,NORMAL,14.5,3.6,6.2,4.7
2348,0.7873,0,WARNING,14.4,4.8,4.7,4.5
2349,0.9782,0,WARNING,15.6,6.2,6.2,5.4
2350,0.1962,0,NORMAL,15.0,2.6,3.4,3.9
2351,0.1999,0,NORMAL,16.0,2.3,3.8,3.6
2352,0.1834,0,NORMAL,15.4,2.8,4.7,4.8
2353,0.6793,0,WARNING,15.6,4.3,4.6,4.2
2354,0.1956,0,NORMAL,15.6,2.9,4.3,3.6
2355,0.1912,0,NORMAL,16.1,2.2,3.7,3.9
2356,0.1999,0,NORMAL,15.9,2.0,3.3,3.2
2357,0.1957,0,NORMAL,16.8,4.0,6.0,5.0
2358,0.6827,0,WARNING,16.4,5.7,5.9,4.7
2359,0.1919,0,NORMAL,16.6,3.6,5.2,5.4
2360,0.6078,0,WARNING,16.3,4.1,5.0,5.2
2361,0.2895,0,NORMAL,16.8,3.7,4.9,4.3
2362,0.9748,0,WARNING,16.1,5.7,4.8,4.0
2363,0.191,0,NORMAL,13.5,3.1,5.3,5.2
2364,0.195,0,NORMAL,10.9,3.0,4.3,4.0
2365,0.1999,0,NORMAL,12.4,2.5,3.6,3.6
2366,0.9456,0,WARNING,12.9,4.4,4.6,4.4
2367,0.196,0,NORMAL,14.2,3.1,6.0,4.9
2368,0.5271,0,NORMAL,14.8,4.8,5.8,4.0
2369,0.1987,0,NORMAL,15.3,3.6,5.5,4.3
2370,0.9958,0,WARNING,15.3,5.6,4.8,4.9
2371,0.1876,0,NORMAL,15.7,2.3,3.6,3.5
2372,0.1825,0,NORMAL,16.0,3.8,5.4,4.5
2373,0.7372,0,WARNING,16.4,4.2,4.8,4.7
2374,0.5252,0,NORMAL,16.2,3.3,4.7,4.2
2375,0.1955,0,NORMAL,16.3,2.2,3.4,3.4
2376,0.1911,0,NORMAL,16.4,2.5,4.0,3.6
2377,0.1909,0,NORMAL,16.6,3.1,5.1,4.6
2378,0.9833,0,WARNING,16.7,6.5,5.2,4.3
2379,0.2207,0,NORMAL,17.0,3.3,5.0,4.3
2380,0.6112,0,WARNING,16.6,3.4,4.0,4.2
2381,0.2226,0,NORMAL,16.9,2.7,4.1,3.4
2382,0.2243,0,NORMAL,17.1,3.8,5.1,3.5
2383,0.9025,0,WARNING,17.4,5.0,5.4,4.9
2384,0.7142,0,WARNING,16.7,3.8,3.9,3.7
2385,0.1984,0,NORMAL,14.6,2.6,3.4,3.2
2386,0.1955,0,NORMAL,11.8,2.6,4.3,3.9
2387,0.9021,0,WARNING,12.1,5.1,5.2,5.8
2388,0.5232,0,NORMAL,12.9,6.2,9.1,6.4
2389,0.3184,0,NORMAL,13.4,3.0,4.5,4.4
2390,0.4123,0,NORMAL,13.6,3.6,4.8,5.2
2391,0.9792,0,WARNING,14.4,4.9,3.4,3.1
2392,0.3789,0,NORMAL,14.5,3.7,5.0,5.1
2393,0.1936,0,NORMAL,15.0,4.1,6.2,6.5
2394,0.1988,0,NORMAL,15.0,3.1,5.2,5.7
2395,0.9443,0,WARNING,15.5,5.1,4.8,4.9
2396,0.3593,0,NORMAL,15.0,2.7,3.9,4.2
2397,0.2753,0,NORMAL,16.4,4.3,7.1,6.4
2398,0.6727,0,WARNING,15.6,4.5,6.1,5.6
2399,0.818,0,WARNING,15.7,4.4,5.0,5.3
2400,0.4104,0,NORMAL,15.2,3.1,3.3,4.1
2401,0.5304,0,NORMAL,15.5,3.0,3.6,3.9
2402,0.5588,0,NORMAL,15.6,4.0,5.3,5.5
2403,0.8194,0,WARNING,16.4,5.1,5.7,6.3
2404,0.1892,0,NORMAL,16.9,2.7,3.9,4.4
2405,0.397,0,NORMAL,18.0,3.4,4.4,4.2
2406,0.3584,0,NORMAL,18.1,2.6,3.1,2.8
2407,0.2001,0,NORMAL,19.3,3.5,6.0,5.0
2408,0.9697,0,WARNING,19.0,5.3,4.3,3.9
2409,0.2086,0,NORMAL,19.3,3.4,5.2,3.9
2410,0.4251,0,NORMAL,19.3,2.8,2.6,2.7
2411,0.2043,0,NORMAL,20.4,2.6,4.5,4.5
2412,0.9458,0,WARNING,20.1,6.0,4.9,4.4
2413,0.1877,0,NORMAL,20.9,3.6,5.1,4.1
2414,0.1953,0,NORMAL,20.4,3.1,4.6,4.1
2415,0.2213,0,NORMAL,20.7,2.4,3.4,3.0
2416,0.2381,0,NORMAL,20.6,2.1,3.0,2.4
2417,0.2377,0,NORMAL,21.4,3.7,5.4,5.2
2418,0.4303,0,NORMAL,21.1,4.4,5.8,4.7
2419,0.2283,0,NORMAL,21.1,3.5,4.9,4.5
2420,0.5277,0,NORMAL,20.9,3.6,3.5,3.8
2421,0.3171,0,NORMAL,21.7,3.6,4.9,4.9
2422,0.9549,0,WARNING,21.9,5.4,4.6,4.0
2423,0.2386,0,NORMAL,22.7,3.3,5.4,3.6
2424,0.4702,0,NORMAL,22.3,3.3,4.6,4.3
2425,0.3206,0,NORMAL,19.5,3.0,3.5,3.2
2426,0.8801,0,WARNING,16.1,3.4,2.8,2.8
2427,0.1871,0,NORMAL,18.1,3.7,7.2,5.8
2428,0.4248,0,NORMAL,18.4,4.1,5.5,4.1
2429,0.1869,0,NORMAL,19.2,2.5,4.1,3.7
2430,0.4284,0,NORMAL,19.2,3.0,3.7,3.7
2431,0.8813,0,WARNING,19.6,4.8,4.1,3.5
2432,0.2143,0,NORMAL,19.7,3.4,4.8,3.9
2433,0.1801,0,NORMAL,20.3,4.0,5.9,4.9
2434,0.1868,0,NORMAL,20.2,2.7,4.0,3.7
2435,0.9887,0,WARNING,20.8,5.5,3.8,3.1
2436,0.2043,0,NORMAL,20.3,2.5,3.6,3.6
2437,0.1767,0,NORMAL,21.2,3.8,6.2,4.9
2438,0.7383,0,WARNING,21.3,5.0,6.3,4.6
2439,0.9751,0,WARNING,21.5,6.1,5.1,3.6
2440,0.4205,0,NORMAL,21.2,3.5,4.8,4.1
2441,0.1999,0,NORMAL,21.6,2.1,3.6,3.6
2442,0.1716,0,NORMAL,22.0,3.2,5.1,4.3
2443,1.0,0,ANOMALY,22.5,9.0,6.4,4.8
2444,0.263,0,NORMAL,21.6,2.8,5.0,4.7
2445,0.4221,0,NORMAL,21.9,3.1,3.5,3.6
2446,0.1867,0,NORMAL,21.8,2.3,4.2,3.4
2447,0.3259,0,NORMAL,22.4,5.0,7.7,4.8
2448,0.737,0,WARNING,19.2,7.5,9.9,6.6
2449,0.1625,0,NORMAL,17.1,3.4,6.4,5.3
2450,0.4121,0,NORMAL,17.6,3.2,4.2,3.9
2451,0.1802,0,NORMAL,18.4,2.6,4.6,4.1
2452,0.822,0,WARNING,19.1,5.4,6.1,5.2
2453,0.1497,0,NORMAL,19.9,3.7,6.0,5.6
2454,0.1471,0,NORMAL,20.0,3.4,6.4,6.3
2455,0.4168,0,NORMAL,20.7,3.5,5.7,5.8
2456,0.8783,0,WARNING,20.4,4.7,5.4,4.4
2457,0.3006,0,NORMAL,21.8,4.6,7.2,5.6
2458,0.412,0,NORMAL,21.9,4.4,7.6,7.0
2459,0.6014,0,WARNING,22.0,5.0,8.3,7.1
2460,0.2793,0,NORMAL,21.4,3.3,4.3,3.4
2461,0.8688,0,WARNING,21.5,3.1,3.9,4.0
2462,0.9995,0,WARNING,16.3,4.0,6.0,4.5
2463,0.2878,0,NORMAL,12.1,4.7,11.1,9.3
2464,0.4122,0,NORMAL,12.4,4.3,10.9,8.0
2465,0.1598,0,NORMAL,12.9,2.9,5.4,4.9
2466,0.221,0,NORMAL,13.3,2.2,3.2,2.7
2467,0.9189,0,WARNING,14.5,4.9,4.6,4.4
2468,0.2964,0,NORMAL,14.5,4.1,6.4,5.2
2469,0.1966,0,NORMAL,15.0,2.3,4.4,3.3
2470,0.5299,0,NORMAL,15.4,3.6,4.8,4.1
2471,0.9341,0,WARNING,15.2,4.9,4.2,4.1
2472,0.1795,0,NORMAL,15.6,3.8,6.9,5.6
2473,0.2206,0,NORMAL,16.5,4.5,7.7,6.1
2474,0.1823,0,NORMAL,15.4,2.9,5.0,3.8
2475,0.9452,0,WARNING,16.2,5.1,4.3,3.9
2476,0.2214,0,NORMAL,16.1,2.5,4.2,3.0
2477,0.192,0,NORMAL,16.4,3.2,5.1,4.2
2478,0.4263,0,NORMAL,16.4,4.9,7.2,5.6
2479,1.0,0,ANOMALY,16.7,7.5,6.2,4.9
2480,0.4142,0,NORMAL,16.1,4.0,5.2,4.4
2481,0.1532,0,NORMAL,16.4,3.1,5.6,5.3
2482,1.0,0,ANOMALY,16.9,8.0,6.8,6.1
2483,0.9791,0,WARNING,16.7,6.3,5.8,5.6
2484,0.1468,0,NORMAL,13.8,3.3,6.9,5.8
2485,0.191,0,NORMAL,11.3,2.3,4.3,3.8
2486,0.1689,0,NORMAL,12.3,2.5,6.9,4.0
2487,0.963,0,WARNING,13.6,6.0,6.5,5.5
2488,0.5208,0,NORMAL,13.6,4.6,6.4,4.6
2489,0.1616,0,NORMAL,14.2,3.1,5.3,4.7
2490,0.6089,0,WARNING,14.2,3.3,4.0,3.7
2491,1.0,0,ANOMALY,15.0,7.2,4.3,3.5
2492,0.1908,0,NORMAL,14.5,3.8,6.4,5.8
2493,0.1723,0,NORMAL,15.3,3.8,6.0,4.5
2494,0.2213,0,NORMAL,15.0,3.2,4.5,3.2
2495,0.9199,0,WARNING,15.4,4.4,4.6,4.5
2496,0.9465,0,WARNING,15.3,4.8,4.8,3.8
2497,0.1841,0,NORMAL,15.8,3.9,6.7,5.1
2498,0.29,0,NORMAL,15.8,4.4,5.8,4.3
2499,0.7351,0,WARNING,16.2,4.3,5.1,4.5
2500,0.42,0,NORMAL,15.7,3.1,3.8,3.2
2501,0.2034,0,NORMAL,16.1,2.3,4.4,3.9
2502,0.2067,0,NORMAL,16.6,3.4,5.3,4.0
2503,0.6835,0,WARNING,16.9,5.0,5.8,4.6
2504,0.1987,0,NORMAL,16.5,2.6,4.3,3.9
2505,0.2026,0,NORMAL,16.6,2.7,4.8,4.4
2506,0.2059,0,NORMAL,15.2,2.7,5.2,4.5
2507,0.7863,0,WARNING,13.3,9.1,11.7,6.4
2508,0.2808,0,NORMAL,12.4,5.7,11.3,7.8
2509,0.1957,0,NORMAL,14.5,4.5,13.6,11.4
2510,0.7241,0,WARNING,14.5,4.7,7.6,5.9
2511,0.1506,0,NORMAL,15.3,2.9,5.5,4.1
2512,0.1439,0,NORMAL,14.5,3.3,6.2,5.9
2513,0.1438,0,NORMAL,16.3,3.7,6.9,6.3
2514,0.8996,0,WARNING,17.0,5.9,7.7,6.4
2515,0.9924,0,WARNING,16.0,5.7,5.1,4.7
2516,0.1527,0,NORMAL,16.8,3.6,11.5,10.6
2517,0.2635,0,NORMAL,17.1,5.4,14.7,11.8
2518,0.9146,0,WARNING,17.2,6.6,13.8,11.3
2519,0.66,0,WARNING,17.3,5.4,10.6,8.7
2520,0.2552,0,NORMAL,17.0,3.6,7.6,6.3
2521,0.1451,0,NORMAL,18.1,3.4,9.9,8.7
2522,0.127,0,NORMAL,16.1,2.9,6.1,4.8
2523,0.9441,0,WARNING,18.4,7.2,10.8,9.0
2524,0.1953,0,NORMAL,18.1,3.3,8.2,7.7
2525,0.1421,0,NORMAL,19.1,3.0,6.8,5.7
2526,0.1277,0,NORMAL,19.9,3.3,8.5,7.2
2527,0.9543,0,WARNING,21.8,6.5,13.2,11.1
2528,0.4034,0,NORMAL,21.3,5.9,13.0,9.8
2529,0.8751,0,WARNING,21.7,5.2,10.0,8.6
2530,0.7245,0,WARNING,23.0,5.2,15.0,12.9
2531,0.6196,0,WARNING,25.1,6.7,26.1,20.6
2532,0.7644,0,WARNING,23.4,5.9,18.6,15.3
2533,0.2902,0,NORMAL,23.7,4.9,16.4,13.2
2534,0.2293,0,NORMAL,23.7,4.7,15.8,12.0
2535,0.1958,0,NORMAL,22.8,3.0,10.0,8.3
2536,0.1915,0,NORMAL,24.0,3.2,11.1,7.7
2537,0.2881,0,NORMAL,22.1,4.6,14.8,12.2
2538,0.9783,0,WARNING,19.5,8.6,17.4,13.6
2539,0.2346,0,NORMAL,20.1,4.5,13.3,10.9
2540,0.5812,0,NORMAL,19.9,4.8,10.1,8.7
2541,0.9733,0,WARNING,21.9,6.8,14.3,12.8
2542,0.4888,0,NORMAL,21.4,5.3,13.8,10.8
2543,0.894,0,WARNING,23.0,7.0,16.3,12.1
2544,0.4876,0,NORMAL,22.8,4.0,10.3,8.5
2545,0.9676,0,WARNING,22.5,6.3,14.0,11.4
2546,0.2031,0,NORMAL,22.5,4.2,14.7,11.4
2547,0.3705,0,NORMAL,23.2,4.4,14.6,12.4
2548,0.3797,0,NORMAL,23.6,6.9,21.4,15.1
2549,0.4045,0,NORMAL,25.1,6.0,19.8,15.4
2550,0.8684,0,WARNING,22.6,5.5,10.0,7.6
2551,0.1462,0,NORMAL,21.3,4.0,12.1,10.4
2552,0.1779,0,NORMAL,18.4,4.8,13.3,10.0
2553,0.1735,0,NORMAL,20.4,4.8,13.8,11.1
2554,0.2378,0,NORMAL,20.6,5.3,16.3,12.4
2555,0.379,0,NORMAL,22.6,5.3,20.8,15.2
2556,0.2954,0,NORMAL,22.0,3.4,12.7,9.6
2557,0.5088,0,NORMAL,24.2,5.9,20.7,16.9
2558,0.9986,0,WARNING,23.6,8.1,15.8,12.8
2559,0.24,0,NORMAL,24.2,3.4,11.7,9.9
2560,0.2437,0,NORMAL,23.2,3.9,11.3,9.8
2561,0.1603,0,NORMAL,23.1,3.4,11.1,9.7
2562,0.1673,0,NORMAL,24.3,4.4,11.8,8.4
2563,0.3832,0,NORMAL,25.5,5.8,19.1,15.5
2564,0.3355,0,NORMAL,22.7,4.8,13.0,9.3
2565,0.4948,0,NORMAL,20.8,4.4,12.6,9.1
2566,0.128,0,NORMAL,18.7,3.5,11.4,8.8
2567,0.5265,0,NORMAL,22.0,7.7,20.6,12.7
2568,0.6621,0,WARNING,21.1,6.4,21.6,15.3
2569,0.4841,0,NORMAL,23.7,5.6,20.9,16.7
2570,0.61,0,WARNING,25.0,7.0,25.6,21.0
2571,0.5756,0,NORMAL,23.5,4.2,19.8,13.2
2572,0.8345,0,WARNING,22.1,5.4,13.2,11.4
2573,0.3043,0,NORMAL,23.6,5.6,16.5,12.8
2574,0.1822,0,NORMAL,22.6,3.0,8.9,7.9
2575,0.1365,0,NORMAL,22.7,3.2,9.5,8.2
2576,0.1599,0,NORMAL,23.1,3.5,13.1,10.2
2577,0.5026,0,NORMAL,26.2,5.8,18.4,15.2
2578,0.3844,0,NORMAL,22.0,5.7,15.5,12.7
2579,0.5812,0,NORMAL,20.8,6.0,16.8,13.9
2580,0.3748,0,NORMAL,20.4,4.1,11.8,10.1
2581,0.1837,0,NORMAL,21.3,3.7,13.4,11.4
2582,0.2196,0,NORMAL,19.5,4.6,14.8,12.7
2583,0.3841,0,NORMAL,18.8,5.3,11.8,9.5
2584,0.1349,0,NORMAL,20.7,4.4,13.1,10.7
2585,0.1457,0,NORMAL,21.8,4.1,12.2,10.3
2586,0.1416,0,NORMAL,20.9,3.0,8.5,6.7
2587,0.1198,0,NORMAL,22.2,3.6,10.3,9.6
2588,0.8486,0,WARNING,22.5,6.6,15.8,11.2
2589,0.2351,0,NORMAL,24.7,4.3,14.6,10.5
2590,0.3859,0,NORMAL,23.2,3.7,10.0,8.9
2591,0.1459,0,NORMAL,24.2,3.7,11.6,10.4
2592,0.8938,0,WARNING,23.8,4.6,22.1,14.0
2593,0.4044,0,NORMAL,26.0,5.0,19.1,13.6
2594,0.3516,0,NORMAL,23.6,3.2,9.9,8.1
2595,0.199,0,NORMAL,24.7,3.4,12.7,9.4
2596,0.2044,0,NORMAL,24.4,3.3,11.2,8.7
2597,0.9823,0,WARNING,20.8,7.3,12.0,10.7
2598,0.7211,0,WARNING,18.9,5.9,16.3,13.0
2599,0.3678,0,NORMAL,20.9,4.5,16.8,14.9
2600,0.4897,0,NORMAL,21.3,4.8,12.7,9.7
2601,0.1934,0,NORMAL,22.3,4.1,12.7,11.5
2602,0.1934,0,NORMAL,22.9,4.9,14.7,11.5
2603,0.9603,0,WARNING,22.5,7.5,13.0,9.7
2604,0.2434,0,NORMAL,23.1,4.6,15.1,12.8
2605,0.2031,0,NORMAL,23.0,3.7,14.2,12.0
2606,0.259,0,NORMAL,23.4,4.2,15.6,12.5
2607,0.6946,0,WARNING,23.5,5.3,20.4,13.2
2608,0.4869,0,NORMAL,23.5,5.9,13.5,10.8
2609,0.715,0,WARNING,24.4,5.3,12.4,10.2
2610,0.6543,0,WARNING,23.7,4.6,11.0,9.2
2611,0.3705,0,NORMAL,21.9,4.1,15.5,14.7
2612,0.2874,0,NORMAL,19.0,4.8,16.9,13.1
2613,0.2042,0,NORMAL,21.0,4.6,15.0,10.5
2614,0.9603,0,WARNING,21.5,6.7,12.5,9.3
2615,0.1851,0,NORMAL,22.1,4.4,14.1,11.1
2616,0.2276,0,NORMAL,22.5,3.9,14.2,11.8
2617,0.2096,0,NORMAL,22.9,4.9,13.4,10.5
2618,0.4959,0,NORMAL,23.4,5.1,12.5,10.9
2619,0.1959,0,NORMAL,23.1,5.1,14.9,11.8
2620,0.8449,0,WARNING,22.8,5.4,10.5,6.6
2621,0.3132,0,NORMAL,24.6,4.2,10.7,8.2
2622,0.1764,0,NORMAL,23.8,4.1,11.4,9.5
2623,0.1589,0,NORMAL,24.2,4.3,11.7,8.7
2624,0.2685,0,NORMAL,23.0,4.5,9.8,7.3
2625,0.6851,0,WARNING,24.0,4.3,10.8,9.3
2626,0.1604,0,NORMAL,23.5,3.0,8.5,7.0
2627,0.8158,0,WARNING,21.6,8.9,18.6,10.3
2628,0.3703,0,NORMAL,20.4,5.7,17.9,14.5
2629,0.3209,0,NORMAL,21.9,5.3,15.9,12.2
2630,0.3751,0,NORMAL,23.0,4.7,13.7,12.0
2631,0.3832,0,NORMAL,23.7,4.5,14.7,11.6
2632,0.9131,0,WARNING,22.8,7.4,19.0,15.7
2633,0.373,0,NORMAL,22.5,4.8,14.3,12.9
2634,0.9817,0,WARNING,23.0,7.7,15.5,13.7
2635,0.9905,0,WARNING,23.4,8.7,14.6,13.3
2636,0.7998,0,WARNING,25.4,6.2,16.3,14.5
2637,0.2627,0,NORMAL,24.8,4.7,15.7,12.8
2638,0.3711,0,NORMAL,23.9,5.1,14.3,13.6
2639,0.2097,0,NORMAL,24.2,3.7,13.2,11.4
2640,0.3605,0,NORMAL,24.2,4.9,14.0,11.4
2641,0.1875,0,NORMAL,21.4,3.8,12.1,9.4
2642,0.7686,0,WARNING,20.2,6.3,17.0,12.7
2643,0.3249,0,NORMAL,20.4,5.4,17.5,14.6
2644,0.2612,0,NORMAL,21.7,4.8,16.8,12.9
2645,0.3527,0,NORMAL,22.9,5.2,19.4,14.8
2646,0.2716,0,NORMAL,22.3,4.7,13.0,9.8
2647,0.9817,0,WARNING,23.7,7.5,14.2,11.2
2648,0.371,0,NORMAL,22.9,5.6,12.3,9.1
2649,0.5803,0,NORMAL,25.7,7.9,22.6,15.1
2650,0.7105,0,WARNING,23.4,5.2,14.6,12.0
2651,0.182,0,NORMAL,23.3,3.9,12.5,10.7
2652,0.8421,0,WARNING,25.3,7.7,22.8,17.0
2653,0.5313,0,NORMAL,26.1,6.2,23.5,16.6
2654,0.5837,0,NORMAL,27.5,6.0,22.5,15.8
2655,0.4345,0,NORMAL,22.9,4.5,16.9,12.6
2656,0.2225,0,NORMAL,20.6,3.9,14.7,11.8
2657,0.7105,0,WARNING,24.7,7.2,16.9,12.9
2658,0.4787,0,NORMAL,22.8,6.5,17.2,14.3
2659,0.3708,0,NORMAL,22.7,6.4,17.2,13.5
2660,0.4756,0,NORMAL,23.9,6.5,20.6,16.8
2661,0.9874,0,WARNING,24.6,7.9,16.0,12.4
2662,0.2878,0,NORMAL,24.7,4.7,15.7,12.5
2663,0.3877,0,NORMAL,24.7,5.7,17.4,11.9
2664,0.4457,0,NORMAL,26.0,5.8,18.9,14.5
2665,0.3659,0,NORMAL,24.8,5.1,19.0,14.7
2666,0.7632,0,WARNING,26.6,6.0,17.6,12.0
2667,0.8591,0,WARNING,26.7,7.9,21.9,17.0
2668,0.757,0,WARNING,27.1,8.4,26.5,21.1
2669,0.5616,0,NORMAL,22.4,5.1,14.4,10.6
2670,0.3491,0,NORMAL,22.8,5.3,14.5,9.6
2671,0.9255,0,WARNING,25.3,7.1,17.9,14.3
2672,0.2878,0,NORMAL,24.0,5.3,16.0,12.4
2673,0.4803,0,NORMAL,24.7,6.5,17.3,12.4
2674,0.4255,0,NORMAL,26.0,6.2,19.1,14.4
2675,0.484,0,NORMAL,26.4,6.1,18.8,13.6
2676,0.7092,0,WARNING,24.5,6.2,16.8,13.8
2677,0.5367,0,NORMAL,27.2,6.1,22.1,15.6
2678,0.3692,0,NORMAL,24.8,6.0,16.2,12.2
2679,0.2195,0,NORMAL,25.6,5.0,17.9,12.7
2680,0.3638,0,NORMAL,24.8,4.7,13.8,11.6
2681,0.8057,0,WARNING,23.8,5.8,14.9,12.5
2682,0.5969,0,NORMAL,21.5,6.3,23.2,15.6
2683,0.584,0,NORMAL,24.4,6.1,18.4,14.0
2684,0.5367,0,NORMAL,25.2,5.2,15.8,12.5
2685,0.8397,0,WARNING,24.2,5.6,14.2,11.0
2686,0.9997,0,WARNING,23.9,7.5,16.2,11.8
2687,0.4479,0,NORMAL,24.9,7.2,19.7,13.0
2688,0.4753,0,NORMAL,24.4,6.8,19.3,14.0
2689,0.5663,0,NORMAL,25.1,6.6,22.8,19.6
2690,0.8344,0,WARNING,24.8,7.5,24.3,20.1
2691,0.3842,0,NORMAL,24.7,5.1,15.6,12.0
2692,0.4651,0,NORMAL,26.0,6.7,18.1,14.9
2693,0.4044,0,NORMAL,24.1,6.2,19.3,14.8
2694,0.6127,0,WARNING,23.8,7.4,20.7,16.6
2695,0.8336,0,WARNING,23.3,7.2,26.2,20.6
2696,0.527,0,NORMAL,22.8,5.3,18.1,15.0
2697,0.5903,0,NORMAL,24.3,7.0,25.1,20.8
2698,0.6958,0,WARNING,22.9,7.3,22.2,17.0
2699,0.4649,0,NORMAL,25.3,6.7,20.6,16.4
2700,0.5483,0,NORMAL,25.7,7.1,21.4,17.3
2701,0.5415,0,NORMAL,25.7,5.7,17.4,14.6
2702,0.9713,0,WARNING,22.3,9.1,20.7,16.6
2703,0.4514,0,NORMAL,17.3,6.1,16.3,14.2
2704,0.4532,0,NORMAL,19.4,6.7,19.3,14.2
2705,0.5569,0,NORMAL,19.3,6.1,17.9,12.5
2706,0.9375,0,WARNING,19.4,8.0,17.5,12.0
2707,0.2867,0,NORMAL,18.8,5.4,14.6,11.7
2708,0.4215,0,NORMAL,19.6,7.1,16.0,12.1
2709,0.9589,0,WARNING,22.2,8.3,20.1,15.3
2710,0.6425,0,WARNING,20.0,6.0,17.6,14.0
2711,0.9501,0,WARNING,20.4,5.9,13.6,10.4
2712,0.2898,0,NORMAL,20.7,5.7,17.1,13.8
2713,0.3127,0,NORMAL,21.0,5.4,17.8,12.5
2714,0.2632,0,NORMAL,20.6,5.3,16.1,11.5
2715,0.2146,0,NORMAL,17.9,4.9,15.3,12.3
2716,0.4837,0,NORMAL,16.7,4.9,15.5,10.7
2717,0.446,0,NORMAL,18.5,6.1,19.8,14.8
2718,0.8988,0,WARNING,18.5,7.7,24.9,15.7
2719,0.465,0,NORMAL,20.3,6.8,19.3,13.7
2720,0.3879,0,NORMAL,20.3,6.4,20.0,15.5
2721,0.4544,0,NORMAL,19.4,4.9,18.7,12.5
2722,0.2679,0,NORMAL,19.7,5.3,15.4,10.2
2723,0.5367,0,NORMAL,21.7,5.8,17.2,13.4
2724,0.553,0,NORMAL,22.2,7.4,25.2,17.9
2725,0.6423,0,WARNING,21.2,6.0,20.3,14.1
2726,0.5187,0,NORMAL,19.9,5.2,22.1,14.8
2727,0.3123,0,NORMAL,21.0,4.5,15.0,12.1
2728,0.4264,0,NORMAL,18.3,6.2,19.2,13.4
2729,0.2744,0,NORMAL,16.3,5.1,13.4,10.3
2730,0.574,0,NORMAL,17.8,5.4,14.5,12.4
2731,0.4932,0,NORMAL,19.2,5.9,21.7,17.3
2732,0.3128,0,NORMAL,19.3,4.9,18.1,12.8
2733,0.355,0,NORMAL,18.8,6.1,17.5,12.8
2734,0.9509,0,WARNING,18.6,7.3,17.3,13.6
2735,0.7627,0,WARNING,19.9,6.5,19.9,14.9
2736,0.4587,0,NORMAL,20.1,5.9,22.1,16.6
2737,0.7195,0,WARNING,23.9,7.3,23.6,18.1
2738,0.5029,0,NORMAL,21.7,6.1,20.0,15.1
2739,0.8719,0,WARNING,22.5,7.4,16.9,11.8
2740,0.4623,0,NORMAL,21.8,5.2,12.8,10.6
2741,0.2282,0,NORMAL,18.8,4.3,14.5,11.5
2742,0.2599,0,NORMAL,16.6,4.6,15.6,12.8
2743,0.5025,0,NORMAL,19.1,5.5,19.3,15.3
2744,0.4267,0,NORMAL,17.9,5.5,19.7,13.0
2745,0.2615,0,NORMAL,19.0,4.2,10.9,8.9
2746,0.5866,0,NORMAL,18.4,3.8,15.1,9.6
2747,0.3269,0,NORMAL,18.5,6.3,17.1,10.1
2748,0.9849,0,WARNING,19.9,8.5,16.4,13.3
2749,0.5023,0,NORMAL,21.1,7.0,23.4,16.5
2750,0.9896,0,WARNING,19.0,7.2,16.7,12.7
2751,0.2422,0,NORMAL,19.5,3.6,13.9,10.7
2752,0.174,0,NORMAL,18.3,4.2,13.3,11.8
2753,0.6867,0,WARNING,18.8,4.8,17.1,11.6
2754,0.234,0,NORMAL,19.4,4.5,13.8,12.1
2755,0.4416,0,NORMAL,17.6,3.8,17.6,13.3
2756,0.2246,0,NORMAL,14.8,3.6,11.8,9.7
2757,0.3001,0,NORMAL,15.6,3.9,15.0,10.9
2758,0.6258,0,WARNING,19.1,7.4,25.1,21.4
2759,1.0,0,ANOMALY,18.2,8.5,17.9,15.2
2760,0.4689,0,NORMAL,16.7,3.5,10.7,9.3
2761,0.1392,0,NORMAL,16.6,2.5,9.6,8.6
2762,0.26,0,NORMAL,16.9,4.5,15.5,13.3
2763,0.3696,0,NORMAL,15.3,3.8,16.4,14.3
2764,0.9733,0,WARNING,16.5,5.7,13.0,11.2
2765,0.1577,0,NORMAL,16.9,2.8,10.5,8.8
2766,0.963,0,WARNING,15.8,3.0,17.9,9.3
2767,0.3932,0,NORMAL,17.1,3.6,16.4,15.1
2768,0.4883,0,NORMAL,16.6,4.7,13.8,13.1
2769,0.8087,0,WARNING,17.8,4.5,13.3,11.0
2770,0.4897,0,NORMAL,18.0,4.2,13.9,11.4
2771,0.4657,0,NORMAL,20.0,4.0,17.6,15.3
2772,0.5025,0,NORMAL,20.8,4.9,18.0,14.8
2773,0.3395,0,NORMAL,19.1,5.2,13.0,9.5
2774,0.7164,0,WARNING,20.4,6.3,19.0,15.6
2775,0.3829,0,NORMAL,18.8,3.9,16.5,13.2
2776,0.8561,0,WARNING,15.1,3.1,16.9,10.0
2777,0.2123,0,NORMAL,15.7,4.2,13.5,11.9
2778,0.4852,0,NORMAL,17.3,6.8,20.2,15.5
2779,0.6479,0,WARNING,18.0,5.8,15.9,13.4
2780,0.5095,0,NORMAL,19.8,5.8,20.6,17.5
2781,0.432,0,NORMAL,19.1,3.7,12.7,10.5
2782,0.4807,0,NORMAL,18.4,4.0,11.8,10.4
2783,0.4259,0,NORMAL,20.5,4.3,17.0,13.9
2784,0.8699,0,WARNING,18.6,5.8,15.2,13.6
2785,0.2093,0,NORMAL,19.4,2.6,11.9,10.0
2786,0.2204,0,NORMAL,19.2,2.6,14.3,10.9
2787,0.313,0,NORMAL,20.2,3.7,12.8,10.8
2788,0.4175,0,NORMAL,19.9,5.9,19.0,15.6
2789,0.7697,0,WARNING,16.6,5.6,14.1,11.3
2790,0.3827,0,NORMAL,14.9,3.6,13.8,11.9
2791,0.1582,0,NORMAL,15.4,2.6,10.5,8.1
2792,0.2825,0,NORMAL,16.7,3.8,16.3,11.7
2793,0.5078,0,NORMAL,17.5,5.0,20.4,14.4
2794,0.316,0,NORMAL,17.3,4.0,17.3,12.6
2795,0.6539,0,WARNING,19.8,6.4,22.1,18.3
2796,0.6354,0,WARNING,18.9,3.9,16.9,10.5
2797,0.9668,0,WARNING,18.8,7.1,14.0,11.0
2798,0.6496,0,WARNING,19.7,6.3,17.2,12.6
2799,0.2304,0,NORMAL,19.1,5.3,16.1,12.3
2800,0.9816,0,WARNING,18.7,5.8,14.4,12.4
2801,0.2597,0,NORMAL,18.7,2.9,14.9,12.2
2802,0.2364,0,NORMAL,19.1,3.4,16.1,12.3
2803,0.6133,0,WARNING,18.6,5.9,23.5,19.8
2804,0.436,0,NORMAL,15.6,4.5,19.3,15.6
2805,0.4411,0,NORMAL,16.1,2.9,15.4,10.5
2806,0.4676,0,NORMAL,17.4,4.0,19.3,16.0
2807,1.0,0,ANOMALY,18.6,12.6,19.9,12.7
2808,1.0,0,ANOMALY,17.8,8.1,19.7,22.1
2809,0.6155,0,WARNING,19.6,5.5,20.2,16.8
2810,0.3701,0,NORMAL,18.3,3.6,16.3,14.3
2811,0.2304,0,NORMAL,17.9,2.4,10.3,8.9
2812,0.2673,0,NORMAL,17.8,4.0,14.3,12.7
2813,0.2205,0,NORMAL,18.3,4.4,14.5,12.9
2814,0.809,0,WARNING,18.2,5.5,17.8,15.8
2815,0.2674,0,NORMAL,18.9,3.5,16.6,12.3
2816,0.1911,0,NORMAL,17.2,2.4,10.3,9.6
2817,0.1509,0,NORMAL,15.9,3.3,11.6,11.1
2818,0.5894,0,NORMAL,15.1,5.1,14.6,12.2
2819,0.2443,0,NORMAL,16.8,3.7,13.8,12.9
2820,0.5853,0,NORMAL,16.3,3.0,8.9,8.4
2821,0.391,0,NORMAL,17.5,3.1,12.8,12.6
2822,0.1378,0,NORMAL,17.7,3.6,12.0,10.4
2823,0.5914,0,NORMAL,19.0,4.0,10.0,8.9
2824,0.1487,0,NORMAL,20.6,2.7,12.4,9.2
2825,0.2279,0,NORMAL,22.2,3.5,14.0,11.3
2826,0.1526,0,NORMAL,22.8,3.3,11.2,9.3
2827,0.4045,0,NORMAL,22.7,4.0,11.6,9.4
2828,0.8497,0,WARNING,22.8,4.7,8.3,7.5
2829,0.1761,0,NORMAL,22.7,2.6,7.8,7.0
2830,0.2829,0,NORMAL,23.4,3.7,11.8,9.7
2831,0.2197,0,NORMAL,24.3,3.0,13.4,10.8
2832,0.9921,0,WARNING,24.7,6.9,17.4,13.0
2833,0.3161,0,NORMAL,24.1,3.1,10.7,9.1
2834,0.2586,0,NORMAL,24.0,3.9,11.0,9.2
2835,0.2634,0,NORMAL,23.6,3.1,9.0,8.5
2836,0.2359,0,NORMAL,23.5,1.9,7.8,6.6
2837,0.2436,0,NORMAL,24.7,3.7,12.5,11.2
2838,0.9619,0,WARNING,24.4,7.7,13.2,11.8
2839,0.2179,0,NORMAL,22.9,3.6,8.7,7.2
2840,0.5944,0,NORMAL,19.5,3.7,8.6,7.7
2841,0.9742,0,WARNING,17.5,5.0,6.7,6.6
2842,1.0,0,ANOMALY,18.1,6.5,8.6,8.4
2843,0.5667,0,NORMAL,19.2,3.3,13.4,8.4
2844,0.2275,0,NORMAL,19.0,2.6,11.5,9.1
2845,0.1433,0,NORMAL,19.8,2.3,10.7,9.5
2846,0.1128,0,NORMAL,19.1,2.1,9.9,8.9
2847,0.5571,0,NORMAL,19.8,3.9,10.2,9.2
2848,0.8977,0,WARNING,20.0,5.8,11.4,10.2
2849,0.1779,0,NORMAL,21.2,3.4,12.4,10.6
2850,0.2664,0,NORMAL,20.4,3.0,9.8,8.9
2851,0.9536,0,WARNING,20.9,4.8,11.4,10.1
2852,0.2717,0,NORMAL,21.1,3.0,9.5,8.3
2853,0.1197,0,NORMAL,22.1,3.4,8.9,7.3
2854,0.1306,0,NORMAL,21.0,3.2,11.3,9.6
2855,0.5136,0,NORMAL,21.5,3.8,10.2,8.3
2856,0.1573,0,NORMAL,20.8,2.1,7.1,6.1
2857,0.1355,0,NORMAL,21.9,3.2,10.1,8.5
2858,0.2854,0,NORMAL,19.0,3.8,7.5,6.8
2859,0.1718,0,NORMAL,18.1,2.9,7.4,6.9
2860,0.2894,0,NORMAL,18.0,2.9,8.0,7.0
2861,0.3139,0,NORMAL,20.9,2.9,8.7,7.9
2862,0.1881,0,NORMAL,20.2,2.7,8.3,6.1
2863,0.1364,0,NORMAL,20.2,3.5,8.2,6.3
2864,0.1392,0,NORMAL,20.1,2.4,7.4,6.5
2865,0.1773,0,NORMAL,19.9,1.2,4.3,4.0
2866,0.1451,0,NORMAL,19.5,1.9,5.8,5.8
2867,0.9908,0,WARNING,21.0,8.8,18.0,9.8
2868,0.671,0,WARNING,20.9,5.9,13.8,9.7
2869,0.1732,0,NORMAL,21.1,3.1,9.6,7.8
2870,0.9615,0,WARNING,20.7,4.0,7.7,7.1
2871,0.1379,0,NORMAL,21.4,2.2,8.7,8.2
2872,0.1221,0,NORMAL,21.6,2.7,8.9,9.2
2873,0.8503,0,WARNING,22.1,5.8,9.7,8.8
2874,0.1686,0,NORMAL,22.1,2.8,9.0,7.6
2875,0.2745,0,NORMAL,23.8,3.4,13.6,11.9
2876,0.2678,0,NORMAL,21.6,2.3,7.0,6.5
2877,0.0937,0,NORMAL,20.5,3.2,10.2,10.1
2878,0.2759,0,NORMAL,19.0,4.8,13.5,11.9
2879,0.2683,0,NORMAL,20.9,3.9,11.1,8.2
2880,0.8748,0,WARNING,21.0,5.1,8.4,7.4
2881,0.1555,0,NORMAL,19.6,2.0,4.9,5.3
2882,0.899,0,WARNING,18.7,4.7,7.6,6.7
2883,0.282,0,NORMAL,18.6,4.2,13.4,11.6
2884,0.2744,0,NORMAL,19.5,5.4,15.9,12.2
2885,1.0,0,ANOMALY,19.8,7.8,5.9,5.0
2886,0.9433,0,WARNING,19.2,4.8,5.6,5.1
2887,0.4146,0,NORMAL,20.6,3.8,10.7,9.5
2888,0.9686,0,WARNING,20.0,6.1,6.6,5.7
2889,0.1779,0,NORMAL,21.8,4.5,12.7,10.8
2890,0.1735,0,NORMAL,20.4,2.6,6.1,5.8
2891,0.7786,0,WARNING,21.2,3.8,6.5,6.3
2892,0.2278,0,NORMAL,21.5,3.6,15.2,11.8
2893,0.1992,0,NORMAL,21.5,3.1,9.6,7.7
2894,0.2695,0,NORMAL,20.7,2.0,4.1,3.7
2895,0.945,0,WARNING,20.9,4.2,3.1,3.8
2896,0.1863,0,NORMAL,20.5,1.2,3.9,4.7
2897,0.1314,0,NORMAL,21.8,3.7,9.5,8.5
2898,0.8538,0,WARNING,21.7,6.0,9.4,8.1
2899,0.1548,0,NORMAL,22.7,3.3,11.2,11.1
2900,0.6009,0,WARNING,21.0,3.1,7.0,6.2
2901,0.5169,0,NORMAL,19.3,2.9,7.4,7.6
2902,0.7804,0,WARNING,17.3,4.6,9.2,8.8
2903,0.1341,0,NORMAL,19.4,4.6,13.0,10.0
2904,0.5962,0,NORMAL,19.0,3.5,9.1,7.8
2905,0.1096,0,NORMAL,20.3,2.6,10.5,9.8
2906,0.47,0,NORMAL,20.3,2.1,11.9,8.3
2907,0.5947,0,NORMAL,21.6,4.0,10.8,9.8
2908,0.4001,0,NORMAL,22.7,6.0,15.2,11.6
2909,0.2703,0,NORMAL,23.3,3.3,10.7,10.4
2910,0.2636,0,NORMAL,22.1,2.5,6.2,5.9
2911,0.1526,0,NORMAL,21.9,1.8,6.9,7.5
2912,0.1376,0,NORMAL,22.0,3.2,11.2,9.8
2913,0.6707,0,WARNING,23.6,5.0,15.9,12.2
2914,0.4031,0,NORMAL,23.3,5.4,18.4,15.2
2915,0.289,0,NORMAL,22.8,3.3,10.6,8.0
2916,0.1608,0,NORMAL,23.1,3.1,11.8,9.7
2917,0.1173,0,NORMAL,21.0,3.3,9.9,8.2
2918,0.5665,0,NORMAL,19.2,7.1,13.9,9.3
2919,0.3028,0,NORMAL,20.9,4.0,12.9,10.8
2920,0.5085,0,NORMAL,20.4,3.2,11.3,9.4
2921,0.2738,0,NORMAL,20.4,2.7,9.2,7.8
2922,0.1984,0,NORMAL,21.8,2.9,10.3,10.0
2923,0.1022,0,NORMAL,20.9,2.8,8.4,6.8
2924,0.1159,0,NORMAL,21.8,3.3,8.0,6.2
2925,0.1131,0,NORMAL,21.3,2.2,7.4,8.0
2926,0.1394,0,NORMAL,21.1,1.9,7.8,7.7
2927,0.663,0,WARNING,22.2,5.9,16.9,9.0
2928,0.4037,0,NORMAL,22.3,4.2,10.1,9.0
2929,0.1387,0,NORMAL,23.1,3.0,10.1,8.9
2930,0.2883,0,NORMAL,24.3,4.2,12.1,10.0
2931,0.1784,0,NORMAL,23.9,2.3,7.5,6.8
2932,0.1638,0,NORMAL,23.9,3.2,11.3,10.4
2933,0.3833,0,NORMAL,24.0,4.2,18.7,14.8
2934,0.5888,0,NORMAL,22.2,4.8,12.7,9.9
2935,0.2513,0,NORMAL,20.3,3.0,14.8,11.8
2936,0.2743,0,NORMAL,19.3,3.3,14.7,13.9
2937,0.1932,0,NORMAL,20.0,3.0,11.8,11.9
2938,0.5879,0,NORMAL,20.7,6.2,15.4,13.1
2939,0.5563,0,NORMAL,21.3,4.6,12.5,10.6
2940,0.3784,0,NORMAL,21.9,3.5,14.6,12.9
2941,0.4889,0,NORMAL,21.6,3.8,14.1,11.9
2942,0.3024,0,NORMAL,18.5,3.6,15.6,13.0
2943,0.3856,0,NORMAL,15.5,4.8,16.1,12.9
2944,0.378,0,NORMAL,16.6,4.5,17.6,15.2
2945,0.2674,0,NORMAL,16.2,3.2,15.0,12.5
2946,0.6621,0,WARNING,20.7,5.2,28.3,20.0
2947,0.7093,0,WARNING,21.9,5.9,27.0,18.5
2948,0.9384,0,WARNING,22.2,8.5,31.2,23.0
2949,0.5639,0,NORMAL,20.7,4.7,19.2,15.3
2950,0.4439,0,NORMAL,19.7,4.6,19.2,16.6
2951,0.4438,0,NORMAL,20.6,4.0,19.6,16.2
2952,0.2928,0,NORMAL,18.9,3.3,12.3,10.5
2953,0.2618,0,NORMAL,20.7,3.0,12.7,12.1
2954,0.2365,0,NORMAL,17.3,3.1,15.9,12.6
2955,0.177,0,NORMAL,14.9,2.8,11.7,9.5
2956,0.1789,0,NORMAL,14.8,2.6,13.5,11.0
2957,0.3305,0,NORMAL,16.7,4.7,15.7,14.1
2958,0.7208,0,WARNING,17.0,5.9,13.1,10.6
2959,0.5369,0,NORMAL,18.0,5.0,22.1,17.7
2960,0.5196,0,NORMAL,16.7,3.8,17.1,12.8
2961,0.3045,0,NORMAL,17.4,3.9,15.1,13.2
2962,0.1903,0,NORMAL,16.7,3.4,11.4,9.5
2963,0.6359,0,WARNING,19.0,5.3,25.6,19.3
2964,0.411,0,NORMAL,18.5,3.9,18.0,13.7
2965,0.8693,0,WARNING,17.4,3.7,8.9,6.9
2966,0.144,0,NORMAL,17.1,2.4,11.0,9.9
2967,0.1078,0,NORMAL,17.7,4.0,13.5,10.1
2968,0.663,0,WARNING,17.4,6.6,22.4,18.5
2969,0.4,0,NORMAL,15.0,3.7,16.3,11.8
2970,0.3781,0,NORMAL,15.3,3.7,14.7,12.9
2971,0.3188,0,NORMAL,16.4,3.4,15.6,13.5
2972,0.3133,0,NORMAL,17.4,3.8,15.5,12.7
2973,0.1839,0,NORMAL,16.8,3.5,14.9,10.9
2974,0.3373,0,NORMAL,18.6,4.8,17.3,13.6
2975,0.2453,0,NORMAL,18.2,3.1,11.3,9.1
2976,0.1351,0,NORMAL,17.5,3.0,11.4,9.8
2977,0.1484,0,NORMAL,18.6,4.5,12.4,9.6
2978,0.3931,0,NORMAL,18.1,4.9,13.7,9.3
2979,0.7722,0,WARNING,20.0,4.9,18.1,12.8
2980,0.3244,0,NORMAL,19.0,3.5,13.8,11.8
2981,0.2122,0,NORMAL,18.4,2.9,12.3,11.7
2982,0.1529,0,NORMAL,18.9,3.7,12.8,10.7
2983,0.1182,0,NORMAL,16.5,3.4,11.5,10.0
2984,0.1397,0,NORMAL,14.6,2.8,8.9,8.3
2985,0.1326,0,NORMAL,15.5,2.1,8.7,8.0
2986,0.2079,0,NORMAL,16.3,2.0,8.1,7.1
2987,0.6039,0,WARNING,18.2,6.2,15.8,11.4
2988,0.8475,0,WARNING,17.9,7.1,16.3,14.3
2989,0.4049,0,NORMAL,18.9,5.1,15.7,14.8
2990,0.4259,0,NORMAL,19.4,4.3,14.0,13.1
2991,0.3373,0,NORMAL,18.5,2.9,13.9,11.4
2992,0.8079,0,WARNING,18.9,5.6,16.2,13.8
2993,0.2118,0,NORMAL,18.8,4.7,12.9,12.0
2994,0.1799,0,NORMAL,17.7,3.7,12.2,11.8
2995,0.5437,0,NORMAL,18.5,3.7,12.8,12.4
2996,0.3968,0,NORMAL,18.1,3.7,13.8,13.0
2997,0.5784,0,NORMAL,16.3,5.7,17.2,15.9
2998,0.5751,0,NORMAL,15.5,6.5,20.6,18.5
2999,0.3238,0,NORMAL,15.7,4.2,14.7,13.5
3000,0.8386,0,WARNING,21.0,7.4,26.0,23.4
3001,0.5402,0,NORMAL,18.8,5.7,20.8,17.2
3002,0.9715,0,WARNING,18.3,7.6,14.3,13.3
3003,0.4618,0,NORMAL,21.4,6.1,15.7,13.6
3004,0.5634,0,NORMAL,20.9,4.0,10.4,9.9
3005,0.2288,0,NORMAL,21.1,4.2,12.1,11.1
3006,0.578,0,NORMAL,21.5,4.4,12.4,10.9
3007,0.1634,0,NORMAL,22.0,3.0,10.2,9.5
3008,0.9919,0,WARNING,22.2,7.2,12.3,10.8
3009,0.2519,0,NORMAL,21.8,4.0,12.7,11.5
3010,0.9293,0,WARNING,22.5,4.8,15.1,8.4
3011,0.313,0,NORMAL,23.7,2.9,12.4,10.9
3012,0.6075,0,WARNING,24.1,4.0,21.6,15.9
3013,0.3732,0,NORMAL,24.4,4.7,17.7,14.3
3014,0.3248,0,NORMAL,23.8,4.0,15.8,14.2
3015,1.0,0,ANOMALY,25.0,6.5,12.8,10.6
3016,0.2749,0,NORMAL,21.6,2.4,10.4,9.6
3017,0.1935,0,NORMAL,19.6,3.1,11.7,11.3
3018,0.4982,0,NORMAL,19.3,3.9,8.9,9.2
3019,0.2004,0,NORMAL,19.3,2.6,11.0,9.8
3020,0.5886,0,NORMAL,20.5,3.6,10.9,9.9
3021,0.7219,0,WARNING,21.3,3.1,8.9,8.7
3022,0.1866,0,NORMAL,20.7,3.6,12.8,11.0
3023,0.485,0,NORMAL,22.7,4.8,20.1,16.6
3024,0.378,0,NORMAL,21.8,4.3,19.6,14.8
3025,0.2868,0,NORMAL,21.9,2.2,11.8,9.5
3026,0.952,0,WARNING,20.7,4.3,9.8,9.3
3027,0.1756,0,NORMAL,21.3,3.7,10.6,9.1
3028,0.6623,0,WARNING,22.2,5.0,14.6,11.2
3029,0.1931,0,NORMAL,22.4,4.2,13.6,11.1
3030,0.252,0,NORMAL,20.5,3.1,12.8,10.5
3031,0.2115,0,NORMAL,19.1,2.8,12.2,11.1
3032,0.1931,0,NORMAL,18.6,3.6,12.1,10.7
3033,0.1521,0,NORMAL,20.0,3.4,12.4,11.4
3034,0.1483,0,NORMAL,20.5,3.7,11.0,9.6
3035,0.1609,0,NORMAL,20.9,3.1,13.2,10.7
3036,0.5087,0,NORMAL,22.3,4.5,20.9,17.5
3037,0.9133,0,WARNING,23.8,5.9,15.9,11.9
3038,0.3788,0,NORMAL,22.3,4.5,16.6,13.9
3039,0.22,0,NORMAL,21.6,2.2,10.3,9.2
3040,0.586,0,NORMAL,21.0,2.6,8.1,7.9
3041,0.283,0,NORMAL,22.4,3.2,15.0,11.3
3042,0.8136,0,WARNING,22.5,4.3,14.4,11.3
3043,0.2115,0,NORMAL,22.5,3.9,14.0,11.9
3044,0.1866,0,NORMAL,19.5,2.2,8.7,7.7
3045,0.1649,0,NORMAL,18.2,2.5,10.3,9.4
3046,0.4282,0,NORMAL,20.0,2.9,15.1,12.8
3047,0.5898,0,NORMAL,19.4,4.4,14.3,11.5
3048,0.2537,0,NORMAL,20.2,4.6,14.0,11.8
3049,0.2517,0,NORMAL,19.1,2.8,10.1,8.1
3050,0.3155,0,NORMAL,19.4,2.6,8.6,8.0
3051,0.943,0,WARNING,20.3,5.6,13.8,11.7
3052,0.4282,0,NORMAL,21.5,4.3,17.8,15.0
3053,0.8709,0,WARNING,20.3,4.8,12.5,11.5
3054,0.1864,0,NORMAL,20.5,2.5,10.6,9.4
3055,0.1523,0,NORMAL,20.2,1.7,11.6,9.6
3056,0.671,0,WARNING,21.6,3.0,16.3,11.4
3057,0.2562,0,NORMAL,21.2,4.5,12.8,10.8
3058,1.0,0,ANOMALY,21.1,7.9,11.7,10.4
3059,0.6586,0,WARNING,19.1,3.3,6.6,6.7
3060,0.1498,0,NORMAL,18.2,3.5,9.6,7.5
3061,0.196,0,NORMAL,15.2,2.6,7.6,6.9
3062,0.2081,0,NORMAL,15.1,4.5,13.5,10.6
3063,0.2544,0,NORMAL,15.4,4.1,13.2,10.2
3064,0.5081,0,NORMAL,15.6,3.4,8.6,6.7
3065,0.5122,0,NORMAL,15.7,3.4,10.3,8.4
3066,0.1232,0,NORMAL,17.0,3.9,11.2,9.4
3067,0.8172,0,WARNING,16.5,4.6,8.6,7.2
3068,0.9744,0,WARNING,16.8,5.5,10.7,7.9
3069,0.8158,0,WARNING,17.1,3.6,11.7,10.0
3070,0.1616,0,NORMAL,18.0,2.9,13.0,9.9
3071,0.7254,0,WARNING,17.5,4.1,11.6,10.1
3072,0.1395,0,NORMAL,18.6,3.1,11.5,9.5
3073,0.2826,0,NORMAL,18.2,3.6,16.5,13.1
3074,0.2851,0,NORMAL,18.9,2.9,15.7,12.7
3075,0.3732,0,NORMAL,18.8,3.6,16.6,13.5
3076,0.3894,0,NORMAL,18.7,3.8,14.4,11.3
3077,0.5839,0,NORMAL,16.8,5.3,15.6,12.9
3078,0.3731,0,NORMAL,15.8,4.9,17.9,14.8
3079,0.5783,0,NORMAL,15.4,4.8,15.3,13.1
3080,0.8698,0,WARNING,14.8,4.0,8.8,8.1
3081,0.0884,0,NORMAL,14.8,3.3,9.9,8.2
3082,0.2605,0,NORMAL,15.1,4.1,10.9,8.2
3083,0.992,0,WARNING,15.6,5.6,11.8,9.3
3084,0.1376,0,NORMAL,16.2,2.1,10.5,7.4
3085,0.1478,0,NORMAL,15.8,2.1,9.7,8.2
3086,0.326,0,NORMAL,16.5,3.4,15.3,13.1
3087,0.8982,0,WARNING,16.9,6.1,12.4,9.9
3088,0.252,0,NORMAL,17.5,3.3,13.5,11.8
3089,0.5075,0,NORMAL,16.6,3.3,11.1,8.9
3090,0.4049,0,NORMAL,18.6,3.7,17.5,14.1
3091,0.2234,0,NORMAL,16.9,3.4,13.2,9.1
3092,0.1182,0,NORMAL,17.8,3.6,12.8,9.2
3093,0.1597,0,NORMAL,15.0,3.5,11.5,8.8
3094,0.1145,0,NORMAL,14.6,2.9,10.9,8.4
3095,0.1617,0,NORMAL,16.1,3.0,12.5,9.9
3096,0.179,0,NORMAL,16.4,3.3,13.0,10.7
3097,0.4026,0,NORMAL,16.8,5.2,13.2,9.5
3098,0.2352,0,NORMAL,18.4,4.0,12.7,10.3
3099,0.398,0,NORMAL,17.2,3.7,9.5,7.9
3100,0.1449,0,NORMAL,17.2,2.1,11.0,7.9
3101,0.1959,0,NORMAL,18.5,3.5,14.3,10.7
3102,0.2974,0,NORMAL,19.3,4.8,17.8,12.2
3103,0.5435,0,NORMAL,18.3,2.9,13.0,7.5
3104,0.1755,0,NORMAL,18.8,2.8,8.6,6.5
3105,0.7259,0,WARNING,17.8,3.3,8.3,7.5
3106,0.1645,0,NORMAL,18.2,2.9,9.6,9.1
3107,0.5113,0,NORMAL,18.0,4.6,10.8,8.3
3108,0.9312,0,WARNING,18.3,5.2,9.2,7.1
3109,0.2703,0,NORMAL,19.1,3.4,11.5,11.1
3110,0.9158,0,WARNING,16.3,4.6,13.5,11.6
3111,0.2645,0,NORMAL,15.0,4.3,16.3,12.3
3112,0.2649,0,NORMAL,15.6,4.2,12.2,11.2
3113,0.8121,0,WARNING,15.4,4.5,14.2,12.7
3114,0.1558,0,NORMAL,16.1,3.5,13.2,10.1
3115,0.72,0,WARNING,15.2,3.0,9.5,6.8
3116,0.2621,0,NORMAL,16.4,4.0,13.5,10.3
3117,0.3924,0,NORMAL,15.9,4.0,10.5,9.9
3118,0.9529,0,WARNING,16.5,5.6,9.8,8.5
3119,0.2632,0,NORMAL,16.5,2.4,6.6,6.5
3120,0.1685,0,NORMAL,16.3,1.7,8.0,7.4
3121,0.1618,0,NORMAL,15.8,3.4,11.9,11.0
3122,0.9316,0,WARNING,14.9,6.9,17.4,12.8
3123,0.2993,0,NORMAL,14.8,2.7,10.0,8.9
3124,0.1078,0,NORMAL,15.4,2.6,11.7,9.4
3125,0.071,0,NORMAL,16.1,2.9,10.8,7.7
3126,0.9788,0,WARNING,17.1,6.3,10.7,8.7
3127,0.4008,0,NORMAL,17.2,3.5,8.3,7.0
3128,0.8763,0,WARNING,17.3,3.7,8.4,6.6
3129,0.9858,0,WARNING,17.8,4.6,11.3,10.1
3130,0.1766,0,NORMAL,18.8,2.7,10.0,8.6
3131,0.2624,0,NORMAL,19.9,3.7,15.8,12.3
3132,0.2971,0,NORMAL,18.8,3.3,10.6,7.9
3133,0.2073,0,NORMAL,19.9,2.9,11.1,10.6
3134,0.6675,0,WARNING,19.1,3.6,13.2,12.6
3135,0.1884,0,NORMAL,17.9,1.7,7.4,6.5
3136,0.1899,0,NORMAL,19.4,3.6,11.7,10.4
3137,0.4048,0,NORMAL,18.7,4.4,12.4,11.1
3138,0.1211,0,NORMAL,16.0,3.2,10.0,8.6
3139,0.9312,0,WARNING,14.5,4.6,11.8,10.3
3140,0.1788,0,NORMAL,14.7,2.8,11.3,10.5
3141,0.8889,0,WARNING,14.9,3.6,11.1,10.4
3142,0.1226,0,NORMAL,16.2,3.2,10.2,8.0
3143,0.1685,0,NORMAL,15.4,2.7,10.1,8.2
3144,0.1262,0,NORMAL,17.0,2.6,9.9,9.3
3145,0.731,0,WARNING,15.8,3.5,10.3,9.1
3146,0.8027,0,WARNING,16.2,4.1,11.4,9.5
3147,0.5091,0,NORMAL,16.9,3.4,9.2,10.1
3148,0.1188,0,NORMAL,17.4,3.3,11.4,9.4
3149,0.7276,0,WARNING,17.0,4.1,11.2,9.0
3150,0.1456,0,NORMAL,17.1,2.3,8.4,8.3
3151,0.7779,0,WARNING,16.8,4.2,9.4,9.2
3152,0.1958,0,NORMAL,17.3,4.0,13.4,10.5
3153,0.9787,0,WARNING,18.0,7.1,20.3,15.2
3154,0.3728,0,NORMAL,17.5,4.1,16.5,14.7
3155,0.8722,0,WARNING,14.5,4.8,14.2,10.3
3156,0.1677,0,NORMAL,14.6,3.2,12.1,9.9
3157,0.1116,0,NORMAL,14.9,4.0,10.9,8.8
3158,0.1487,0,NORMAL,16.3,3.5,11.7,10.1
3159,0.4005,0,NORMAL,15.4,2.8,9.5,9.0
3160,0.0796,0,NORMAL,15.7,2.4,10.1,8.6
3161,0.2124,0,NORMAL,16.8,4.6,14.3,11.8
3162,0.8494,0,WARNING,17.5,4.9,13.7,10.6
3163,0.1957,0,NORMAL,16.7,3.4,13.7,10.6
3164,0.1789,0,NORMAL,17.4,2.7,12.6,10.5
3165,0.3118,0,NORMAL,17.4,2.8,16.3,12.8
3166,0.3521,0,NORMAL,18.5,5.5,16.6,11.2
3167,0.5898,0,NORMAL,17.7,7.0,20.7,12.7
3168,0.9126,0,WARNING,18.9,6.3,18.5,16.0
3169,0.9954,0,WARNING,18.3,5.6,15.5,11.9
3170,0.255,0,NORMAL,16.3,3.1,13.5,12.0
3171,0.2521,0,NORMAL,15.2,3.5,13.9,11.8
3172,0.1488,0,NORMAL,15.0,3.1,11.0,10.6
3173,0.7207,0,WARNING,14.3,2.8,7.4,7.2
3174,0.2366,0,NORMAL,15.4,2.9,12.9,10.9
3175,0.1261,0,NORMAL,15.3,2.7,10.9,9.3
3176,0.2356,0,NORMAL,17.7,3.2,13.3,10.0
3177,0.8372,0,WARNING,16.6,4.9,15.1,8.5
3178,0.7626,0,WARNING,17.2,3.0,11.2,6.7
3179,0.8106,0,WARNING,16.8,3.9,9.1,8.8
3180,0.8961,0,WARNING,18.0,4.1,12.4,11.7
3181,0.1529,0,NORMAL,15.2,2.8,11.7,10.7
3182,0.5915,0,NORMAL,14.3,4.0,12.1,10.9
3183,0.1261,0,NORMAL,15.0,3.8,13.8,9.2
3184,0.1448,0,NORMAL,15.7,2.8,10.4,8.2
3185,0.8762,0,WARNING,15.7,3.7,9.0,7.7
3186,0.1214,0,NORMAL,16.9,2.9,9.9,8.7
3187,0.6,0,NORMAL,16.0,3.6,10.3,9.6
3188,0.877,0,WARNING,17.3,4.5,10.5,10.1
3189,0.5107,0,NORMAL,16.0,2.7,8.8,7.8
3190,0.1704,0,NORMAL,17.2,2.6,13.2,10.2
3191,0.3925,0,NORMAL,17.4,4.2,19.5,14.6
3192,0.774,0,WARNING,18.6,5.9,18.9,13.8
3193,0.3647,0,NORMAL,17.2,2.6,11.1,8.7
3194,0.1721,0,NORMAL,17.1,1.6,6.9,6.5
3195,0.2206,0,NORMAL,17.1,2.4,13.0,10.7
3196,0.2205,0,NORMAL,17.6,3.5,13.7,11.6
3197,0.5088,0,NORMAL,18.0,4.3,11.2,9.8
3198,0.8978,0,WARNING,16.2,5.9,13.8,11.3
3199,0.3928,0,NORMAL,14.3,3.8,14.0,12.3
3200,0.4329,0,NORMAL,14.8,3.9,13.8,10.3
3201,0.4993,0,NORMAL,15.2,3.9,11.8,8.8
3202,0.144,0,NORMAL,15.9,3.9,12.2,9.8
3203,0.1351,0,NORMAL,16.0,2.5,12.2,9.5
3204,0.6647,0,WARNING,16.8,4.0,11.3,8.7
3205,0.2055,0,NORMAL,16.8,4.3,15.3,11.2
3206,0.2041,0,NORMAL,17.3,3.5,13.5,10.8
3207,0.3968,0,NORMAL,16.9,3.7,8.7,7.0
3208,0.0985,0,NORMAL,17.4,2.8,9.9,9.7
3209,0.2757,0,NORMAL,18.1,3.1,12.9,10.4
3210,0.9686,0,WARNING,18.4,5.7,15.2,12.0
3211,0.8741,0,WARNING,17.6,4.4,12.1,10.1
3212,0.7234,0,WARNING,18.8,4.9,14.0,12.1
3213,0.1665,0,NORMAL,17.8,3.4,12.0,9.4
3214,0.8476,0,WARNING,19.0,4.7,11.9,9.9
3215,0.3959,0,NORMAL,15.3,3.3,10.3,8.2
3216,0.2665,0,NORMAL,14.5,4.0,10.1,8.7
3217,1.0,0,ANOMALY,16.1,9.1,13.6,10.2
3218,0.1253,0,NORMAL,16.4,3.2,9.6,7.2
3219,0.3979,0,NORMAL,17.0,3.5,12.8,13.2
3220,0.5927,0,NORMAL,17.2,3.5,10.6,9.0
3221,0.1261,0,NORMAL,17.6,3.1,11.2,9.1
3222,0.1486,0,NORMAL,18.3,3.7,13.5,10.4
3223,0.224,0,NORMAL,17.2,2.2,9.8,8.7
3224,0.1638,0,NORMAL,17.6,1.7,7.8,6.4
3225,0.196,0,NORMAL,17.4,2.7,12.2,10.0
3226,0.8995,0,WARNING,18.7,7.8,17.9,11.1
3227,0.502,0,NORMAL,19.7,5.4,16.1,13.1
3228,0.6593,0,WARNING,18.6,3.8,12.5,10.7
3229,0.7703,0,WARNING,17.6,3.1,8.9,8.5
3230,0.1572,0,NORMAL,17.7,2.4,9.4,7.8
3231,0.6678,0,WARNING,17.1,4.4,15.0,11.8
3232,0.3139,0,NORMAL,16.5,4.2,15.0,13.7
3233,0.8466,0,WARNING,14.1,3.6,9.1,9.0
3234,0.1743,0,NORMAL,14.9,1.7,7.5,7.0
3235,0.1714,0,NORMAL,14.6,1.6,6.9,6.0
3236,0.1791,0,NORMAL,16.0,2.7,11.5,10.6
3237,0.6739,0,WARNING,15.1,4.2,10.0,9.1
3238,0.7784,0,WARNING,16.7,4.2,13.2,10.9
3239,0.7908,0,WARNING,15.6,2.7,15.2,9.0
3240,0.1299,0,NORMAL,16.2,2.8,9.9,9.0
3241,0.0795,0,NORMAL,13.7,2.4,10.8,9.7
3242,0.8757,0,WARNING,14.3,5.1,15.8,13.1
3243,0.2187,0,NORMAL,15.1,2.0,8.7,7.6
3244,0.8982,0,WARNING,15.1,4.2,9.6,8.2
3245,0.4067,0,NORMAL,14.9,3.0,9.1,7.4
3246,0.2839,0,NORMAL,15.3,2.7,8.4,7.9
3247,0.6365,0,WARNING,15.5,3.3,12.3,8.5
3248,0.8506,0,WARNING,16.8,3.8,8.4,8.0
3249,0.5145,0,NORMAL,15.4,2.4,6.9,6.9
3250,0.5173,0,NORMAL,16.3,2.2,4.4,4.5
3251,0.1547,0,NORMAL,16.0,2.5,7.4,6.8
3252,0.2628,0,NORMAL,18.2,4.1,13.9,12.5
3253,0.292,0,NORMAL,17.1,3.6,15.2,12.0
3254,0.9875,0,WARNING,16.9,5.8,9.0,8.0
3255,0.2749,0,NORMAL,17.8,2.7,14.0,11.5
3256,0.1201,0,NORMAL,17.0,2.7,9.7,8.8
3257,0.9615,0,WARNING,17.4,7.3,12.3,8.9
3258,0.1929,0,NORMAL,15.1,3.0,8.5,8.8
3259,0.5927,0,NORMAL,12.4,2.9,5.8,5.5
3260,0.2965,0,NORMAL,13.1,2.4,5.9,6.2
3261,0.1788,0,NORMAL,13.9,3.1,9.1,8.0
3262,0.1088,0,NORMAL,14.6,3.1,11.5,7.8
3263,0.2825,0,NORMAL,15.0,3.4,11.7,9.9
3264,0.5147,0,NORMAL,15.6,3.0,9.9,8.2
3265,0.1898,0,NORMAL,14.7,1.4,8.0,5.7
3266,0.1489,0,NORMAL,16.6,3.6,11.6,10.0
3267,0.8194,0,WARNING,15.6,4.9,9.1,7.5
3268,0.0579,0,NORMAL,15.9,2.8,9.8,8.4
3269,0.673,0,WARNING,15.4,2.8,5.7,5.4
3270,0.8522,0,WARNING,16.0,3.8,8.4,7.7
3271,0.0914,0,NORMAL,15.6,2.3,7.6,6.6
3272,0.139,0,NORMAL,16.7,3.2,8.6,6.8
3273,0.821,0,WARNING,16.4,5.5,11.6,8.2
3274,0.1916,0,NORMAL,16.6,2.9,8.5,7.7
3275,0.8109,0,WARNING,16.8,2.4,12.9,6.2
3276,0.1547,0,NORMAL,18.0,3.8,11.2,9.4
3277,0.8172,0,WARNING,15.3,4.6,7.2,6.9
3278,0.1112,0,NORMAL,13.7,2.5,8.7,8.7
3279,0.5131,0,NORMAL,13.8,2.6,9.6,7.7
3280,0.1455,0,NORMAL,14.2,2.2,10.9,9.6
3281,0.1176,0,NORMAL,14.7,2.4,7.3,6.2
3282,0.098,0,NORMAL,14.8,3.5,8.5,6.9
3283,0.2202,0,NORMAL,15.0,2.6,10.0,7.6
3284,0.2884,0,NORMAL,15.5,2.2,7.0,6.1
3285,0.1745,0,NORMAL,15.3,1.9,7.8,6.5
3286,0.3044,0,NORMAL,16.1,5.5,13.4,9.1
3287,0.7027,0,WARNING,15.7,4.3,13.8,8.9
3288,0.1953,0,NORMAL,16.3,2.1,9.2,9.2
3289,0.8761,0,WARNING,16.0,3.4,10.2,9.0
3290,0.2512,0,NORMAL,16.9,2.8,9.9,9.3
3291,0.9439,0,WARNING,17.0,5.3,10.9,8.9
3292,0.1385,0,NORMAL,17.1,2.6,9.8,8.2
3293,0.1457,0,NORMAL,17.0,2.5,10.4,9.5
3294,0.2042,0,NORMAL,17.9,1.9,12.7,10.2
3295,0.1867,0,NORMAL,15.4,1.8,6.0,6.7
3296,0.2827,0,NORMAL,14.6,3.0,8.5,8.3
3297,0.9905,0,WARNING,16.3,6.9,11.4,10.5
3298,0.2952,0,NORMAL,15.9,3.9,10.4,8.9
3299,0.9882,0,WARNING,15.6,6.0,11.6,10.8
3300,0.5009,0,NORMAL,15.9,3.1,10.8,9.6
3301,0.3174,0,NORMAL,15.8,3.1,10.1,9.3
3302,0.7245,0,WARNING,15.4,4.6,10.7,9.3
3303,0.1301,0,NORMAL,15.8,3.1,9.9,8.5
3304,0.2512,0,NORMAL,15.8,3.2,9.6,8.4
3305,0.776,0,WARNING,15.7,3.8,8.6,7.6
3306,0.1782,0,NORMAL,15.9,2.5,7.1,7.0
3307,0.515,0,NORMAL,16.1,4.2,8.1,7.8
3308,0.5138,0,NORMAL,16.2,3.8,7.1,6.8
3309,0.2814,0,NORMAL,16.2,2.9,7.5,7.7
3310,0.1459,0,NORMAL,16.7,2.3,8.1,7.7
3311,0.6042,0,WARNING,15.8,3.0,6.6,6.7
3312,0.1354,0,NORMAL,17.0,3.1,11.3,9.6
3313,0.1621,0,NORMAL,16.5,2.5,8.8,8.1
3314,0.8994,0,WARNING,17.4,4.8,9.4,8.5
3315,0.2598,0,NORMAL,17.8,2.9,13.4,10.8
3316,0.3839,0,NORMAL,17.9,3.6,13.8,10.1
3317,0.6673,0,WARNING,19.2,5.3,14.1,13.4
3318,0.5025,0,NORMAL,18.4,3.4,9.6,8.7
3319,0.8476,0,WARNING,15.6,3.7,8.3,7.7
3320,0.132,0,NORMAL,13.6,2.3,7.6,6.3
3321,0.136,0,NORMAL,14.3,2.7,9.9,8.5
3322,0.1193,0,NORMAL,15.0,3.1,10.3,8.1
3323,0.1443,0,NORMAL,15.3,2.4,10.5,8.9
3324,0.1411,0,NORMAL,15.8,2.2,10.5,8.8
3325,0.1784,0,NORMAL,15.1,1.4,6.7,5.9
3326,0.1398,0,NORMAL,15.6,2.8,7.7,6.9
3327,0.4208,0,NORMAL,15.4,3.6,9.4,8.0
3328,0.0753,0,NORMAL,16.9,3.1,9.7,8.6
3329,0.2873,0,NORMAL,16.8,3.3,9.9,8.8
3330,0.1558,0,NORMAL,17.0,1.9,9.0,7.2
3331,0.1589,0,NORMAL,16.4,2.5,10.0,7.9
3332,0.1365,0,NORMAL,17.3,3.1,9.5,6.6
3333,0.3835,0,NORMAL,19.8,2.8,9.1,7.8
3334,0.821,0,WARNING,17.7,3.5,6.3,5.6
3335,0.1689,0,NORMAL,17.4,2.0,7.9,6.8
3336,0.1729,0,NORMAL,18.1,2.6,7.9,6.4
3337,0.7829,0,WARNING,18.1,4.6,9.1,7.3
3338,0.1304,0,NORMAL,17.4,2.6,9.0,8.5
3339,0.6045,0,WARNING,14.2,2.6,7.3,6.5
3340,0.1829,0,NORMAL,13.5,1.5,5.9,5.1
3341,0.8544,0,WARNING,13.8,4.2,9.1,7.7
3342,0.0451,0,NORMAL,14.7,2.9,9.1,6.4
3343,0.089,0,NORMAL,14.8,2.4,6.8,5.7
3344,0.1843,0,NORMAL,15.6,2.0,4.8,5.4
3345,0.8551,0,WARNING,14.8,3.2,4.4,4.8
3346,0.5068,0,NORMAL,16.6,6.5,12.1,7.2
3347,0.9313,0,WARNING,16.4,6.1,10.3,8.4
3348,0.9158,0,WARNING,16.8,4.6,5.6,5.4
3349,0.2699,0,NORMAL,16.2,2.3,5.1,5.6
3350,0.1234,0,NORMAL,18.3,2.3,10.5,8.3
3351,0.3378,0,NORMAL,19.4,3.4,15.3,12.7
3352,0.2919,0,NORMAL,18.0,2.7,11.5,11.8
3353,0.8145,0,WARNING,17.3,5.0,9.5,7.8
3354,0.1764,0,NORMAL,17.5,1.8,7.7,7.2
3355,0.1922,0,NORMAL,16.9,1.2,4.4,4.9
3356,0.1776,0,NORMAL,18.0,2.6,8.0,7.8
3357,0.6763,0,WARNING,17.5,4.9,7.9,7.0
3358,0.1323,0,NORMAL,17.9,2.7,9.3,9.5
3359,0.5153,0,NORMAL,14.9,3.1,10.5,9.2
3360,0.1673,0,NORMAL,13.7,1.7,7.0,6.6
3361,0.8516,0,WARNING,14.4,4.5,10.2,9.1
3362,0.144,0,NORMAL,14.3,3.1,11.4,9.5
3363,0.1316,0,NORMAL,15.5,3.5,12.6,9.5
3364,0.1467,0,NORMAL,15.9,2.7,11.2,8.9
3365,0.1387,0,NORMAL,15.8,2.9,12.1,9.7
3366,0.2365,0,NORMAL,17.5,3.9,14.1,11.4
3367,0.8497,0,WARNING,17.2,5.3,9.1,7.1
3368,0.221,0,NORMAL,17.7,3.0,10.8,8.6
3369,0.2798,0,NORMAL,17.0,2.2,7.2,6.5
3370,0.1733,0,NORMAL,17.6,2.7,8.6,6.8
3371,0.6066,0,WARNING,19.0,4.8,14.8,9.7
3372,0.9541,0,WARNING,18.9,6.1,17.4,14.0
3373,0.3956,0,NORMAL,18.4,4.4,14.7,11.3
3374,0.6635,0,WARNING,17.4,2.8,7.2,4.9
3375,0.1893,0,NORMAL,17.4,1.8,7.1,7.1
3376,0.1935,0,NORMAL,18.3,3.0,12.3,10.4
3377,0.9947,0,WARNING,17.5,6.6,7.7,8.1
3378,0.2777,0,NORMAL,18.7,3.9,12.1,11.4
3379,0.3186,0,NORMAL,15.4,2.9,11.1,9.0
3380,0.2835,0,NORMAL,14.4,3.0,14.2,9.8
3381,0.138,0,NORMAL,14.7,2.4,10.2,7.9
3382,0.5991,0,NORMAL,14.4,3.2,8.0,6.9
3383,0.1531,0,NORMAL,14.1,2.3,6.1,5.3
3384,0.1727,0,NORMAL,15.0,1.6,7.7,6.4
3385,0.137,0,NORMAL,15.5,1.8,8.8,7.1
3386,0.2887,0,NORMAL,17.4,4.8,17.2,12.6
3387,0.5179,0,NORMAL,15.0,2.8,8.9,7.9
3388,0.1443,0,NORMAL,15.8,1.8,7.2,6.9
3389,0.9936,0,WARNING,15.3,4.4,6.9,6.7
3390,0.4143,0,NORMAL,15.6,2.2,7.7,7.5
3391,0.2905,0,NORMAL,16.2,3.2,11.0,9.0
3392,0.734,0,WARNING,16.7,4.2,13.3,10.2
3393,0.1961,0,NORMAL,16.7,3.2,10.6,8.9
3394,0.1447,0,NORMAL,17.2,2.8,7.6,5.9
3395,0.1401,0,NORMAL,16.8,2.2,7.9,6.6
3396,0.5247,0,NORMAL,17.7,3.4,7.4,6.6
3397,0.2982,0,NORMAL,17.5,4.0,10.0,8.9
3398,0.1465,0,NORMAL,17.3,2.5,9.1,7.5
3399,0.5231,0,NORMAL,14.8,3.4,7.9,6.9
3400,0.221,0,NORMAL,13.5,1.2,3.8,3.2
3401,0.1441,0,NORMAL,13.5,1.7,7.0,7.0
3402,0.1405,0,NORMAL,14.2,1.7,6.1,5.8
3403,0.2163,0,NORMAL,13.4,0.7,3.3,3.9
3404,0.1833,0,NORMAL,14.4,1.6,5.5,5.1
3405,0.6209,0,WARNING,14.1,2.6,4.9,4.2
3406,0.1619,0,NORMAL,16.0,3.9,8.8,6.8
3407,0.4302,0,NORMAL,15.8,4.2,9.7,7.9
3408,0.8798,0,WARNING,15.8,4.3,5.6,4.7
3409,0.6088,0,WARNING,17.2,4.5,8.9,7.1
3410,0.1232,0,NORMAL,16.8,2.1,8.1,7.5
3411,0.1984,0,NORMAL,16.5,1.6,6.0,5.3
3412,0.1048,0,NORMAL,17.2,2.6,8.3,7.5
3413,0.6075,0,WARNING,16.3,3.9,9.3,7.7
3414,0.2366,0,NORMAL,17.3,3.3,12.9,11.1
3415,0.1726,0,NORMAL,16.9,2.0,10.1,8.2
3416,0.5174,0,NORMAL,19.1,3.9,12.1,10.3
3417,0.5297,0,NORMAL,17.2,4.8,8.3,7.2
3418,0.1873,0,NORMAL,18.5,3.5,12.2,10.9
3419,0.898,0,WARNING,17.1,3.8,6.6,5.5
3420,0.1762,0,NORMAL,16.1,1.7,8.0,7.6
3421,0.9176,0,WARNING,17.6,5.6,13.6,10.4
3422,0.1911,0,NORMAL,19.1,2.8,8.9,7.2
3423,0.4087,0,NORMAL,19.4,2.7,9.0,7.1
3424,0.8516,0,WARNING,19.9,3.7,6.9,5.3
3425,0.1552,0,NORMAL,20.7,2.8,11.2,7.6
3426,0.1317,0,NORMAL,20.3,2.4,7.0,6.7
3427,0.8784,0,WARNING,21.7,4.4,10.7,8.7
3428,0.9689,0,WARNING,21.4,4.5,9.2,8.6
3429,0.5099,0,NORMAL,21.1,2.6,6.7,5.6
3430,0.1738,0,NORMAL,21.2,1.8,6.7,6.4
3431,1.0,0,ANOMALY,21.2,6.5,7.0,6.2
3432,0.2214,0,NORMAL,21.4,2.3,6.2,5.3
3433,0.1563,0,NORMAL,21.3,2.2,6.7,5.5
3434,0.9697,0,WARNING,21.8,4.8,7.5,6.1
3435,0.2198,0,NORMAL,21.6,1.5,7.5,5.1
3436,0.1838,0,NORMAL,22.5,3.3,9.2,7.7
3437,0.6092,0,WARNING,22.7,4.6,11.1,9.4
3438,0.4142,0,NORMAL,22.3,2.8,6.3,5.7
3439,0.4159,0,NORMAL,23.2,3.3,8.2,7.1
3440,0.2875,0,NORMAL,23.2,3.2,12.8,10.0
3441,0.1471,0,NORMAL,21.7,2.9,10.5,8.4
3442,0.1201,0,NORMAL,19.4,2.3,6.6,5.7
3443,1.0,0,ANOMALY,18.7,8.2,6.2,5.6
3444,0.3016,0,NORMAL,19.8,2.2,7.1,6.5
3445,0.1912,0,NORMAL,19.0,1.2,6.3,4.4
3446,0.1316,0,NORMAL,20.2,2.5,8.8,7.4
3447,0.9958,0,WARNING,20.1,5.7,7.4,5.7
3448,0.1436,0,NORMAL,21.3,2.6,7.4,6.7
3449,0.6093,0,WARNING,20.1,2.6,6.7,5.9
3450,0.9016,0,WARNING,20.3,3.2,5.9,6.0
3451,0.1126,0,NORMAL,20.6,2.7,7.9,6.1
3452,0.6117,0,WARNING,21.0,3.0,7.6,5.9
3453,0.1093,0,NORMAL,20.8,3.0,8.3,7.2
3454,0.1724,0,NORMAL,20.6,1.7,4.4,4.3
3455,0.1601,0,NORMAL,20.7,2.2,4.5,4.2
3456,0.1717,0,NORMAL,22.4,3.3,8.7,6.9
3457,0.9863,0,WARNING,22.3,5.9,9.3,7.2
3458,0.2083,0,NORMAL,21.8,1.7,7.1,4.5
3459,0.4194,0,NORMAL,21.5,2.1,4.3,4.3
3460,0.1969,0,NORMAL,22.7,2.1,8.5,7.7
3461,0.6121,0,WARNING,21.7,2.5,6.7,5.2
3462,0.2011,0,NORMAL,22.6,1.7,5.9,5.2
3463,0.2142,0,NORMAL,21.5,1.3,3.4,3.4
3464,0.9206,0,WARNING,19.4,4.0,3.4,4.8
3465,0.1396,0,NORMAL,17.7,2.8,8.5,5.8
3466,0.1169,0,NORMAL,18.5,2.4,6.0,5.2
3467,0.3003,0,NORMAL,18.9,3.7,9.6,8.4
3468,0.8206,0,WARNING,19.8,2.6,5.0,5.6
3469,0.4194,0,NORMAL,19.4,2.2,5.7,5.2
3470,0.1591,0,NORMAL,20.3,1.9,8.1,7.3
3471,0.4253,0,NORMAL,20.3,3.4,7.0,6.0
3472,0.1336,0,NORMAL,20.6,2.4,5.9,4.9
3473,0.1392,0,NORMAL,20.5,2.3,6.2,5.7
3474,0.3011,0,NORMAL,20.9,3.3,6.3,4.8
3475,0.9462,0,WARNING,20.8,2.1,12.9,5.5
3476,0.192,0,NORMAL,22.0,2.8,8.3,6.9
3477,0.4137,0,NORMAL,20.8,2.7,5.9,6.7
3478,0.519,0,NORMAL,21.9,3.2,9.3,8.2
3479,0.4138,0,NORMAL,21.5,2.6,7.9,7.0
3480,0.1595,0,NORMAL,22.0,1.7,6.0,4.8
3481,0.1319,0,NORMAL,16.7,2.1,7.1,6.5
3482,0.1486,0,NORMAL,13.0,2.0,5.3,4.8
3483,0.1775,0,NORMAL,13.3,1.2,4.8,3.9
3484,0.2198,0,NORMAL,14.3,1.7,5.9,5.1
3485,0.9206,0,WARNING,14.9,4.9,7.7,6.5
3486,0.0943,0,NORMAL,15.9,2.4,8.6,7.9
3487,0.527,0,NORMAL,15.3,3.7,6.9,6.7
3488,0.8218,0,WARNING,16.4,5.2,7.0,6.0
3489,0.7346,0,WARNING,15.9,2.2,3.5,3.8
3490,0.1971,0,NORMAL,16.1,1.2,3.9,4.6
3491,0.1482,0,NORMAL,17.0,2.6,9.7,7.4
3492,0.7841,0,WARNING,17.7,4.7,10.9,8.0
3493,0.1825,0,NORMAL,17.0,2.1,8.2,7.0
3494,0.9451,0,WARNING,17.3,3.7,6.2,5.2
3495,0.206,0,NORMAL,16.5,1.0,4.3,4.8
3496,0.1759,0,NORMAL,17.7,2.7,7.0,6.3
3497,0.4262,0,NORMAL,17.6,3.8,9.4,8.1
3498,0.1949,0,NORMAL,18.1,3.1,9.5,8.5
3499,0.5185,0,NORMAL,17.1,2.6,6.6,6.5
3500,0.1858,0,NORMAL,17.1,2.1,5.8,5.3
3501,0.0986,0,NORMAL,15.2,2.7,10.5,9.3
3502,0.9991,0,WARNING,14.3,6.2,10.2,7.6
3503,0.1422,0,NORMAL,14.7,2.8,11.2,8.5
3504,0.1598,0,NORMAL,15.3,2.0,9.8,7.4
3505,0.2126,0,NORMAL,14.3,1.0,5.3,5.0
3506,0.1215,0,NORMAL,15.9,2.9,9.0,6.5
3507,0.2964,0,NORMAL,15.7,3.4,8.3,8.8
3508,0.1453,0,NORMAL,15.9,1.7,7.4,6.4
3509,0.4232,0,NORMAL,15.7,2.5,8.2,7.0
3510,0.9012,0,WARNING,16.2,3.7,5.6,5.0
3511,0.1441,0,NORMAL,15.6,2.1,6.2,5.8
3512,0.144,0,NORMAL,16.7,3.1,8.4,6.3
3513,0.1747,0,NORMAL,16.9,2.9,10.2,7.7
3514,0.2028,0,NORMAL,17.4,1.9,6.5,5.2
3515,0.2166,0,NORMAL,17.0,1.9,6.3,5.5
3516,0.2251,0,NORMAL,18.8,2.8,8.4,6.5
3517,0.302,0,NORMAL,18.2,3.2,6.1,5.6
3518,0.2321,0,NORMAL,17.5,2.2,4.9,4.7
3519,0.6813,0,WARNING,17.8,2.6,4.1,3.9
3520,0.2337,0,NORMAL,18.4,1.4,6.0,5.5
3521,0.1877,0,NORMAL,16.8,1.6,5.9,7.5
3522,0.9035,0,WARNING,14.6,3.4,4.3,7.3
3523,0.2237,0,NORMAL,12.1,0.6,2.8,3.0
3524,0.2206,0,NORMAL,13.0,0.8,2.4,3.0
3525,0.211,0,NORMAL,12.8,1.0,6.3,4.3
3526,0.8426,0,WARNING,13.4,3.7,6.4,5.7
3527,0.9633,0,WARNING,13.8,8.5,10.3,7.0
3528,0.2279,0,NORMAL,14.1,2.8,5.7,6.3
3529,0.4121,0,NORMAL,13.8,2.1,3.1,4.0
3530,0.4182,0,NORMAL,14.0,1.9,2.1,3.0
3531,0.4253,0,NORMAL,13.9,2.6,3.6,4.2
3532,0.1589,0,NORMAL,14.6,2.8,6.1,6.7
3533,0.1859,0,NORMAL,14.2,1.8,3.8,5.4
3534,0.4517,0,NORMAL,14.7,1.7,3.5,4.4
3535,0.6116,0,WARNING,14.1,1.9,2.0,3.6
3536,0.229,0,NORMAL,15.4,2.8,5.3,5.9
3537,0.4232,0,NORMAL,15.6,3.8,8.0,7.0
3538,0.2902,0,NORMAL,17.3,3.2,12.4,10.7
3539,0.954,0,WARNING,16.5,5.1,13.4,12.0
3540,0.3776,0,NORMAL,16.3,2.5,10.2,9.2
3541,0.5296,0,NORMAL,15.8,4.0,13.2,11.1
3542,0.1727,0,NORMAL,14.1,3.6,10.3,8.7
3543,0.1199,0,NORMAL,14.1,2.5,7.1,7.3
3544,0.1179,0,NORMAL,15.2,3.1,8.1,7.5
3545,0.1787,0,NORMAL,15.1,2.6,6.3,5.8
3546,0.1539,0,NORMAL,16.0,3.3,6.9,6.8
3547,0.5159,0,NORMAL,16.7,3.7,8.1,7.2
3548,0.1897,0,NORMAL,17.1,2.3,5.1,4.3
3549,0.4182,0,NORMAL,16.7,2.3,3.5,4.3
3550,0.241,0,NORMAL,16.8,0.9,2.7,2.6
3551,0.2143,0,NORMAL,17.4,1.9,3.7,3.7
3552,0.7424,0,WARNING,18.4,3.9,3.7,3.7
3553,0.2204,0,NORMAL,17.3,1.5,3.7,4.1
3554,0.232,0,NORMAL,17.3,1.0,2.0,2.8
3555,0.2498,0,NORMAL,16.7,0.7,1.3,2.3
3556,0.6238,0,WARNING,17.2,3.5,4.8,6.6
3557,0.5363,0,NORMAL,16.9,4.0,8.7,7.2
3558,0.2281,0,NORMAL,17.2,3.0,8.1,8.5
3559,0.5196,0,NORMAL,16.4,2.4,5.5,7.4
3560,0.2294,0,NORMAL,13.7,1.5,3.0,4.4
3561,1.0,0,ANOMALY,11.3,4.5,3.5,5.1
3562,0.17,0,NORMAL,11.8,2.0,5.3,7.8
3563,0.9184,0,WARNING,11.7,3.9,4.1,6.7
3564,0.2301,0,NORMAL,12.1,0.9,3.0,4.6
3565,0.5001,0,NORMAL,12.0,1.7,5.0,6.7
3566,0.7336,0,WARNING,12.7,3.4,5.9,7.0
3567,0.2856,0,NORMAL,12.9,2.7,3.9,3.8
3568,0.188,0,NORMAL,13.7,1.4,2.8,3.3
3569,0.3047,0,NORMAL,13.5,1.8,2.9,3.9
3570,0.4328,0,NORMAL,13.5,1.7,2.0,3.0
3571,0.2173,0,NORMAL,13.3,1.1,2.0,2.6
3572,0.2045,0,NORMAL,14.2,2.0,3.1,3.0
3573,0.207,0,NORMAL,14.4,1.8,3.2,3.4
3574,0.2071,0,NORMAL,15.0,1.7,3.3,3.3
3575,0.6904,0,WARNING,14.9,2.5,2.1,2.6
3576,0.1966,0,NORMAL,15.9,2.7,4.9,4.3
3577,0.315,0,NORMAL,15.9,3.1,4.6,4.2
3578,0.1824,0,NORMAL,16.1,2.0,3.6,3.8
3579,0.4362,0,NORMAL,15.8,2.0,2.4,3.3
3580,0.5368,0,NORMAL,16.3,1.8,1.9,2.8
3581,0.1973,0,NORMAL,13.9,1.6,2.5,3.8
3582,0.2072,0,NORMAL,11.5,1.3,2.2,3.3
3583,0.219,0,NORMAL,11.0,0.9,2.0,3.2
3584,0.6248,0,WARNING,11.7,2.0,1.8,2.5
3585,0.2581,0,NORMAL,11.2,0.4,0.8,1.9
3586,0.3586,0,NORMAL,12.1,5.8,10.5,4.1
3587,0.9347,0,WARNING,12.5,12.8,16.2,4.9
3588,0.9991,0,WARNING,12.9,7.9,2.6,3.2
3589,0.7322,0,WARNING,12.7,2.6,1.5,2.9
3590,0.2981,0,NORMAL,13.5,1.0,2.1,3.0
3591,0.9375,0,WARNING,12.9,3.2,4.1,6.1
3592,0.2854,0,NORMAL,13.7,2.6,7.6,9.2
3593,0.3689,0,NORMAL,13.2,1.2,6.4,9.8
3594,0.6607,0,WARNING,13.4,1.2,8.8,12.9
3595,0.7257,0,WARNING,13.1,2.1,5.4,7.6
3596,0.5652,0,NORMAL,13.7,2.1,8.2,11.4
3597,0.2673,0,NORMAL,13.6,2.4,5.4,5.7
3598,0.8766,0,WARNING,13.9,3.4,3.1,4.2
3599,0.4129,0,NORMAL,12.2,1.7,1.9,3.1
3600,0.2423,0,NORMAL,10.9,0.7,1.4,2.6
3601,0.2123,0,NORMAL,13.7,2.2,3.1,3.5
3602,0.2,0,NORMAL,16.4,2.2,3.1,3.3
3603,0.8267,0,WARNING,16.2,2.3,1.6,2.8
3604,0.2286,0,NORMAL,16.5,1.0,1.9,2.5
3605,0.2211,0,NORMAL,16.6,1.0,2.3,2.8
3606,0.2137,0,NORMAL,17.6,2.5,4.6,4.4
3607,0.9218,0,WARNING,17.9,4.4,4.9,5.3
3608,0.2013,0,NORMAL,18.7,1.7,3.1,3.1
3609,0.6194,0,WARNING,18.4,1.7,1.5,2.8
3610,0.24,0,NORMAL,18.8,0.7,1.7,3.0
3611,0.2159,0,NORMAL,18.5,1.5,2.6,3.2
3612,0.9567,0,WARNING,19.6,4.7,3.8,3.2
3613,0.2227,0,NORMAL,19.5,1.6,2.5,3.3
3614,0.242,0,NORMAL,20.1,0.8,1.7,2.5
3615,0.2481,0,NORMAL,19.7,0.6,1.4,2.0
3616,1.0,0,ANOMALY,29.0,11.1,3.4,4.2
3617,0.9458,0,WARNING,20.3,5.8,4.7,4.8
3618,0.2051,0,NORMAL,20.5,2.4,3.5,3.9
3619,0.61,0,WARNING,20.4,2.6,4.0,5.0
3620,0.2407,0,NORMAL,20.1,1.3,1.9,3.1
3621,0.6326,0,WARNING,19.9,2.6,1.5,2.3
3622,0.2028,0,NORMAL,20.8,1.8,2.3,2.7
3623,0.207,0,NORMAL,20.7,1.3,2.4,2.9
3624,0.2446,0,NORMAL,20.9,0.8,1.5,2.5
3625,0.2463,0,NORMAL,17.9,0.9,1.3,2.9
3626,0.6914,0,WARNING,15.7,3.1,3.3,3.9
3627,0.1943,0,NORMAL,16.2,2.8,4.0,4.1
3628,0.2218,0,NORMAL,16.7,1.7,2.8,3.5
3629,0.2478,0,NORMAL,16.5,1.4,1.5,2.8
3630,0.4413,0,NORMAL,17.0,1.7,1.8,3.0
3631,0.2046,0,NORMAL,17.0,1.4,2.9,3.3
3632,0.2205,0,NORMAL,17.7,2.5,3.1,2.6
3633,0.2156,0,NORMAL,17.5,1.9,2.5,3.3
3634,0.4428,0,NORMAL,18.0,1.8,2.6,3.3
3635,0.244,0,NORMAL,18.0,0.6,1.3,1.8
3636,0.7136,0,WARNING,19.3,3.6,3.7,3.5
3637,0.3155,0,NORMAL,18.8,2.8,3.6,3.9
3638,0.2045,0,NORMAL,19.4,1.8,2.5,2.7
3639,0.4363,0,NORMAL,19.1,1.5,1.3,2.2
3640,0.2496,0,NORMAL,19.2,0.8,1.3,2.7
3641,0.2208,0,NORMAL,19.8,2.4,3.7,3.4
3642,0.2073,0,NORMAL,20.4,1.8,3.0,3.0
3643,0.2106,0,NORMAL,20.4,1.2,2.7,3.7
3644,0.5421,0,NORMAL,20.4,2.0,2.3,3.1
3645,0.2598,0,NORMAL,20.1,0.5,0.9,1.9
3646,0.2288,0,NORMAL,20.9,3.9,5.8,3.8
3647,0.4392,0,NORMAL,20.8,3.5,5.2,4.4
3648,0.6166,0,WARNING,20.8,2.0,1.5,2.0
3649,0.3131,0,NORMAL,20.2,1.3,0.9,2.4
3650,0.2452,0,NORMAL,18.1,0.9,1.4,2.9
3651,0.2451,0,NORMAL,15.6,1.4,2.8,4.3
3652,0.4424,0,NORMAL,16.9,3.5,4.2,4.6
3653,0.197,0,NORMAL,16.9,1.6,3.4,5.0
3654,0.2228,0,NORMAL,17.3,1.0,2.7,4.0
3655,0.2522,0,NORMAL,17.2,0.6,1.1,2.3
3656,0.2238,0,NORMAL,18.3,2.3,6.3,8.4
3657,0.9024,0,WARNING,18.0,4.1,8.3,10.7
3658,0.3698,0,NORMAL,18.0,1.4,6.5,8.5
3659,0.6164,0,WARNING,17.8,1.6,6.9,11.5
3660,0.8154,0,WARNING,18.1,2.3,5.4,7.9
3661,0.8745,0,WARNING,16.5,3.1,10.8,17.2
3662,0.6167,0,WARNING,15.5,2.0,8.9,11.4
3663,0.2091,0,NORMAL,15.4,1.1,3.7,4.0
3664,0.2241,0,NORMAL,16.1,0.8,2.0,3.2
3665,0.2555,0,NORMAL,15.6,0.7,1.2,2.3
3666,0.7866,0,WARNING,16.1,2.7,2.1,2.7
3667,0.4362,0,NORMAL,16.4,2.9,2.9,3.1
3668,0.9091,0,WARNING,16.9,3.2,2.7,3.6
3669,0.3032,0,NORMAL,16.6,1.4,1.4,2.3
3670,0.2476,0,NORMAL,17.2,0.7,1.2,2.5
3671,0.6209,0,WARNING,17.4,2.7,2.9,3.7
3672,0.2095,0,NORMAL,17.8,1.7,2.6,3.1
3673,0.2861,0,NORMAL,17.3,0.9,4.2,8.2
3674,0.4326,0,NORMAL,17.7,1.9,4.5,6.3
3675,0.8232,0,WARNING,17.4,2.8,6.2,10.4
3676,0.2212,0,NORMAL,17.9,2.0,5.9,6.9
3677,0.7007,0,WARNING,17.0,3.5,8.9,12.9
3678,0.4436,0,NORMAL,16.3,2.5,7.0,9.7
3679,0.8891,0,WARNING,16.2,2.1,10.7,17.7
3680,0.7189,0,WARNING,16.8,3.0,7.6,8.7
3681,0.2477,0,NORMAL,16.7,2.6,3.7,3.4
3682,0.195,0,NORMAL,17.3,2.2,3.1,3.4
3683,0.2172,0,NORMAL,17.4,1.6,2.2,2.8
3684,0.9016,0,WARNING,17.9,2.6,1.2,2.2
3685,0.2488,0,NORMAL,17.5,0.7,1.3,3.0
3686,0.2159,0,NORMAL,18.0,1.7,2.9,3.1
3687,0.6212,0,WARNING,18.5,3.4,3.3,3.0
3688,0.1973,0,NORMAL,19.1,1.8,3.2,3.7
3689,0.7891,0,WARNING,18.4,2.7,1.5,2.5
3690,0.2363,0,NORMAL,18.9,1.1,1.7,2.7
3691,0.2047,0,NORMAL,18.6,1.9,3.5,4.1
3692,0.1933,0,NORMAL,19.0,1.7,3.3,3.9
3693,0.744,0,WARNING,18.6,3.2,2.5,3.2
3694,0.8826,0,WARNING,19.1,3.4,1.4,2.1
3695,0.2434,0,NORMAL,17.4,0.7,1.6,3.5
3696,0.2105,0,NORMAL,16.2,1.4,2.5,3.5
3697,0.5366,0,NORMAL,16.1,3.5,3.3,2.4
3698,0.2309,0,NORMAL,16.3,1.0,1.5,2.9
3699,0.4396,0,NORMAL,16.3,1.6,1.9,3.0
3700,0.2431,0,NORMAL,16.7,0.9,1.4,2.5
3701,0.2217,0,NORMAL,17.7,1.7,2.6,2.8
3702,0.9356,0,WARNING,18.2,4.9,3.9,4.1
3703,0.2196,0,NORMAL,17.8,1.1,1.9,2.5
3704,0.2527,0,NORMAL,17.9,1.0,0.8,1.8
3705,0.2583,0,NORMAL,17.6,0.4,0.8,2.3
3706,0.45,0,NORMAL,18.9,5.8,9.9,5.8
3707,0.9889,0,WARNING,19.2,8.2,10.3,7.9
3708,0.1981,0,NORMAL,19.1,2.1,4.6,4.9
3709,0.6081,0,WARNING,18.6,2.0,3.0,5.2
3710,0.8223,0,WARNING,19.0,2.7,3.9,4.9
3711,0.2001,0,NORMAL,18.7,2.0,3.3,3.8
3712,0.2027,0,NORMAL,18.9,2.1,3.9,5.6
3713,0.3037,0,NORMAL,18.9,1.8,3.0,4.3
3714,0.9754,0,WARNING,19.0,3.4,2.0,3.5
3715,0.2398,0,NORMAL,18.6,0.9,2.4,4.7
3716,0.2026,0,NORMAL,20.0,2.8,5.3,5.3
3717,0.5304,0,NORMAL,19.3,3.3,4.0,4.7
3718,0.6818,0,WARNING,17.5,2.4,3.1,4.6
3719,0.6835,0,WARNING,15.7,1.7,1.9,3.7
3720,0.2324,0,NORMAL,16.4,0.9,2.4,4.0
3721,0.21,0,NORMAL,15.8,2.0,2.9,3.2
3722,0.215,0,NORMAL,15.8,2.3,3.7,4.8
3723,0.8267,0,WARNING,15.8,2.0,2.1,3.6
3724,0.2232,0,NORMAL,16.5,1.2,2.8,4.2
3725,0.2273,0,NORMAL,17.0,0.9,3.0,3.8
3726,0.1947,0,NORMAL,17.7,1.7,3.7,5.6
3727,0.7429,0,WARNING,17.8,4.1,4.3,4.2
3728,0.1826,0,NORMAL,18.7,1.7,3.1,3.4
3729,0.4347,0,NORMAL,18.3,1.6,1.8,3.3
3730,0.2434,0,NORMAL,18.6,0.9,1.6,2.9
3731,0.6217,0,WARNING,18.3,2.8,2.8,3.8
3732,0.1945,0,NORMAL,19.4,2.5,5.5,5.6
3733,0.1971,0,NORMAL,19.0,2.2,3.4,3.8
3734,0.434,0,NORMAL,19.5,1.6,1.7,2.3
3735,0.8639,0,WARNING,19.0,2.0,1.2,2.2
3736,0.2187,0,NORMAL,19.6,2.3,4.2,4.9
3737,0.5324,0,NORMAL,19.9,3.3,4.8,4.1
3738,0.985,0,WARNING,20.2,4.7,3.3,4.1
3739,0.2866,0,NORMAL,19.9,1.9,2.2,3.8
3740,0.9062,0,WARNING,20.5,2.7,2.6,3.9
3741,0.2118,0,NORMAL,20.1,1.1,2.3,3.0
3742,0.2051,0,NORMAL,19.1,1.8,2.9,3.4
3743,0.2489,0,NORMAL,16.4,0.6,1.4,3.1
3744,0.2506,0,NORMAL,15.9,1.1,1.2,2.5
3745,0.2564,0,NORMAL,15.6,0.4,0.9,2.4
3746,0.2322,0,NORMAL,16.6,2.1,3.6,4.4
3747,0.2068,0,NORMAL,16.9,2.5,3.4,3.6
3748,0.1959,0,NORMAL,17.2,1.6,2.9,3.6
3749,0.4389,0,NORMAL,17.1,1.5,2.0,3.0
3750,0.9999,0,WARNING,17.7,9.0,2.3,3.3
3751,0.2949,0,NORMAL,17.4,1.1,2.6,3.2
3752,0.2093,0,NORMAL,18.5,2.5,4.0,4.0
3753,0.2043,0,NORMAL,18.3,1.2,2.4,3.3
3754,0.2328,0,NORMAL,18.9,0.7,2.0,2.6
3755,0.2532,0,NORMAL,18.4,0.5,1.3,2.4
3756,0.2255,0,NORMAL,19.3,1.6,3.1,3.8
3757,0.32,0,NORMAL,18.9,2.1,2.6,3.6
3758,0.203,0,NORMAL,19.7,1.1,2.8,3.5
3759,0.3185,0,NORMAL,18.9,1.4,1.8,3.3
3760,0.8836,0,WARNING,19.4,2.7,1.7,3.3
3761,0.2044,0,NORMAL,19.8,1.8,2.8,2.8
3762,0.2061,0,NORMAL,20.5,2.1,3.1,3.2
3763,0.208,0,NORMAL,19.7,1.2,2.4,3.2
3764,0.2508,0,NORMAL,20.0,0.6,1.2,1.9
3765,0.2576,0,NORMAL,19.7,0.5,0.9,2.2
3766,0.452,0,NORMAL,18.3,5.8,11.7,6.5
3767,1.0,0,ANOMALY,16.4,10.2,7.9,10.4
3768,0.9452,0,WARNING,17.1,4.4,4.0,4.8
3769,0.293,0,NORMAL,17.0,1.5,1.8,2.9
3770,0.2406,0,NORMAL,17.4,1.0,1.7,3.0
3771,0.205,0,NORMAL,17.4,1.7,3.0,3.6
3772,0.2094,0,NORMAL,18.1,1.9,3.3,5.1
3773,0.9639,0,WARNING,18.0,3.1,2.2,4.0
3774,0.247,0,NORMAL,18.2,0.9,1.4,2.4
3775,0.2503,0,NORMAL,17.9,0.4,1.1,2.6
3776,0.2192,0,NORMAL,19.0,2.2,3.9,4.6
3777,0.3155,0,NORMAL,18.6,3.3,3.7,4.1
3778,0.4503,0,NORMAL,19.2,2.4,3.8,4.9
3779,0.3026,0,NORMAL,18.7,1.5,2.2,4.0
3780,0.2352,0,NORMAL,19.0,1.3,1.9,3.1
3781,0.3107,0,NORMAL,14.2,2.3,2.8,3.0
3782,0.1968,0,NORMAL,11.2,2.6,3.9,4.2
3783,0.2492,0,NORMAL,11.5,0.7,1.5,2.7
3784,0.2327,0,NORMAL,12.5,0.8,1.8,2.9
3785,0.7458,0,WARNING,12.1,2.2,1.1,1.9
3786,0.219,0,NORMAL,12.8,1.8,2.6,3.1
3787,0.5429,0,NORMAL,12.5,2.3,2.3,2.7
3788,0.2174,0,NORMAL,13.4,1.4,2.3,2.6
3789,0.2547,0,NORMAL,13.0,1.4,1.1,2.2
3790,0.9361,0,WARNING,13.3,3.6,1.8,3.3
3791,0.2241,0,NORMAL,13.2,1.5,1.9,2.7
3792,0.2078,0,NORMAL,14.4,2.7,3.3,3.2
3793,0.2194,0,NORMAL,14.0,1.1,1.8,2.9
3794,0.2478,0,NORMAL,14.3,0.6,1.3,2.3
3795,0.6244,0,WARNING,14.1,2.0,1.2,2.3
3796,0.2157,0,NORMAL,14.8,2.0,3.0,3.6
3797,0.3199,0,NORMAL,14.4,2.1,2.6,3.3
3798,0.2045,0,NORMAL,15.1,1.9,3.2,3.2
3799,0.4411,0,NORMAL,14.9,1.7,1.4,3.0
3800,0.884,0,WARNING,15.5,3.3,2.6,4.1
3801,0.2284,0,NORMAL,15.2,2.1,2.6,4.1
3802,0.1903,0,NORMAL,15.7,2.7,3.5,3.7
3803,0.2042,0,NORMAL,15.6,2.0,2.3,3.3
3804,0.4336,0,NORMAL,15.8,1.8,1.9,2.9
3805,0.2566,0,NORMAL,15.6,0.5,1.0,1.8
3806,0.2268,0,NORMAL,13.9,1.8,3.0,3.7
3807,0.3204,0,NORMAL,11.8,2.9,3.6,4.0
3808,0.2173,0,NORMAL,12.7,1.6,2.6,2.8
3809,0.9563,0,WARNING,12.6,4.2,1.2,2.5
3810,0.2397,0,NORMAL,12.9,0.9,1.8,2.9
3811,0.2063,0,NORMAL,13.1,1.9,3.6,3.4
3812,0.1988,0,NORMAL,13.9,2.6,4.1,3.8
3813,0.9036,0,WARNING,13.7,3.0,2.5,2.7
3814,0.2298,0,NORMAL,14.3,1.0,2.1,3.1
3815,0.2522,0,NORMAL,13.7,0.8,1.1,1.9
3816,0.2227,0,NORMAL,14.3,1.2,2.3,3.1
3817,0.5424,0,NORMAL,14.2,2.3,2.3,3.0
3818,0.9566,0,WARNING,14.6,3.3,1.5,2.3
3819,0.2585,0,NORMAL,14.2,1.2,0.8,1.9
3820,0.2397,0,NORMAL,14.8,0.7,1.7,2.8
3821,0.2186,0,NORMAL,15.9,2.2,3.4,3.5
3822,0.2091,0,NORMAL,16.0,2.3,3.2,3.0
3823,0.689,0,WARNING,15.6,2.6,2.0,3.4
3824,0.2351,0,NORMAL,16.0,1.0,1.9,3.1
3825,0.2551,0,NORMAL,15.5,0.7,1.0,1.7
3826,0.2294,0,NORMAL,16.2,4.0,6.6,4.1
3827,0.9758,0,WARNING,16.3,7.7,6.1,4.6
3828,0.8809,0,WARNING,16.5,3.5,3.5,4.6
3829,0.6117,0,WARNING,16.0,1.7,2.0,3.4
3830,0.3186,0,NORMAL,14.8,1.6,2.6,4.1
3831,0.2753,0,NORMAL,12.8,3.0,4.7,5.8
3832,0.6807,0,WARNING,12.7,3.8,3.9,4.8
3833,0.4684,0,NORMAL,12.4,1.6,1.9,3.6
3834,0.3985,0,NORMAL,13.0,1.7,2.2,4.0
3835,0.2521,0,NORMAL,12.6,1.4,1.3,3.0
3836,0.3036,0,NORMAL,13.2,2.5,3.3,3.9
3837,0.5299,0,NORMAL,13.1,2.5,3.4,5.2
3838,0.1865,0,NORMAL,13.9,1.7,3.7,5.5
3839,0.6798,0,WARNING,13.2,1.9,1.4,2.7
3840,0.9699,0,WARNING,13.6,3.5,2.9,3.2
3841,0.2159,0,NORMAL,12.2,1.4,2.6,3.8
3842,0.2754,0,NORMAL,11.0,2.5,3.9,4.3
3843,0.2289,0,NORMAL,10.9,1.4,1.9,3.5
3844,0.298,0,NORMAL,11.4,1.7,2.2,3.4
3845,0.7404,0,WARNING,11.2,2.4,2.2,3.1
3846,0.2215,0,NORMAL,11.7,2.0,2.8,2.4
3847,0.4369,0,NORMAL,11.8,2.7,2.5,2.6
3848,0.2088,0,NORMAL,12.5,1.7,2.6,3.0
3849,0.3125,0,NORMAL,12.6,1.1,0.8,1.3
3850,0.9053,0,WARNING,12.7,3.4,1.0,1.9
3851,0.2167,0,NORMAL,13.1,1.7,2.6,3.6
3852,0.2028,0,NORMAL,14.2,2.0,2.8,2.8
3853,0.2342,0,NORMAL,14.9,1.3,1.6,2.0
3854,0.2515,0,NORMAL,14.9,0.8,0.9,2.2
3855,0.885,0,WARNING,14.7,2.5,0.7,2.0
3856,0.217,0,NORMAL,15.2,2.4,2.7,3.2
3857,0.321,0,NORMAL,15.3,3.4,3.3,3.3
3858,0.2976,0,NORMAL,15.7,2.3,3.1,4.1
3859,0.3127,0,NORMAL,15.1,2.0,1.6,2.6
3860,0.8266,0,WARNING,15.9,2.7,1.6,2.7
3861,0.2341,0,NORMAL,15.4,1.3,1.7,2.4
3862,0.2257,0,NORMAL,15.7,1.6,2.0,2.7
3863,0.2506,0,NORMAL,15.5,0.9,1.1,1.8
3864,0.2474,0,NORMAL,16.2,0.9,1.0,2.4
3865,0.2583,0,NORMAL,15.4,0.7,0.8,2.2
3866,0.748,0,WARNING,16.3,3.3,2.6,2.2
3867,0.4446,0,NORMAL,16.2,2.7,3.1,3.0
3868,0.2068,0,NORMAL,14.1,1.7,2.3,3.6
3869,0.3184,0,NORMAL,11.3,1.5,2.1,1.9
3870,0.6225,0,WARNING,11.9,1.8,1.4,2.2
3871,0.69,0,WARNING,11.7,2.2,1.8,3.0
3872,0.2217,0,NORMAL,12.3,1.2,1.7,2.9
3873,0.3124,0,NORMAL,11.9,0.7,0.7,1.5
3874,0.2587,0,NORMAL,12.0,0.7,0.5,1.6
3875,0.2502,0,NORMAL,12.1,0.8,1.1,2.4
3876,0.7491,0,WARNING,12.7,2.8,2.2,2.4
3877,0.4478,0,NORMAL,12.7,2.6,2.6,2.6
3878,0.2217,0,NORMAL,13.2,1.6,2.2,2.6
3879,0.4454,0,NORMAL,13.2,1.5,0.9,1.8
3880,0.3124,0,NORMAL,13.3,0.7,0.5,1.3
3881,0.9366,0,WARNING,14.1,4.4,2.5,2.3
3882,0.2023,0,NORMAL,14.4,2.1,3.1,3.3
3883,0.3124,0,NORMAL,14.0,1.3,1.3,1.6
3884,0.3252,0,NORMAL,15.3,1.5,5.5,6.8
3885,0.3184,0,NORMAL,14.6,1.3,2.9,3.2
3886,0.9758,0,WARNING,15.0,6.0,5.9,3.9
3887,0.9637,0,WARNING,15.5,8.2,7.6,3.7
3888,0.2,0,NORMAL,15.8,1.7,2.8,3.3
3889,0.3061,0,NORMAL,15.7,1.6,1.6,2.5
3890,0.8826,0,WARNING,15.8,2.6,0.8,1.4
3891,0.2248,0,NORMAL,15.6,2.1,2.3,3.2
3892,0.2066,0,NORMAL,15.9,2.6,4.1,4.8
3893,0.1901,0,NORMAL,15.8,1.9,4.0,4.0
3894,0.1928,0,NORMAL,15.2,1.4,4.1,5.1
3895,0.6182,0,WARNING,12.5,1.8,2.0,3.4
3896,0.1809,0,NORMAL,12.6,1.9,3.5,4.3
3897,0.1791,0,NORMAL,12.6,2.6,3.6,5.2
3898,0.1714,0,NORMAL,13.2,1.5,4.4,5.4
3899,0.882,0,WARNING,12.5,3.2,2.0,3.3
3900,0.2308,0,NORMAL,13.0,0.8,1.9,2.4
3901,0.2384,0,NORMAL,14.8,1.9,2.3,2.3
3902,0.2155,0,NORMAL,17.5,3.1,5.8,5.9
3903,0.2216,0,NORMAL,17.2,1.4,2.1,2.4
3904,0.2284,0,NORMAL,17.7,1.0,1.8,2.3
3905,0.2581,0,NORMAL,17.1,0.5,0.8,2.0
3906,0.2277,0,NORMAL,17.8,1.2,2.7,3.2
3907,0.4461,0,NORMAL,18.2,2.4,3.7,4.1
3908,0.2088,0,NORMAL,18.6,1.6,2.3,3.0
3909,1.0,0,ANOMALY,18.5,5.0,1.5,2.9
3910,0.2478,0,NORMAL,18.4,0.8,1.2,2.0
3911,0.2258,0,NORMAL,18.7,2.1,2.7,2.2
3912,0.2323,0,NORMAL,19.6,3.1,4.0,3.5
3913,0.23,0,NORMAL,19.8,1.4,1.7,2.3
3914,0.859,0,WARNING,20.2,2.7,1.5,2.0
3915,0.26,0,NORMAL,19.5,0.6,0.6,1.6
3916,0.2301,0,NORMAL,20.2,2.5,3.3,4.6
3917,0.4408,0,NORMAL,20.1,3.1,4.1,4.0
3918,0.2023,0,NORMAL,20.3,2.2,3.1,3.5
3919,0.9865,0,WARNING,20.1,4.8,1.9,3.5
3920,0.2383,0,NORMAL,20.6,1.3,1.5,2.3
3921,0.2382,0,NORMAL,20.0,0.9,1.2,1.9
3922,0.2206,0,NORMAL,21.0,2.5,4.1,3.4
3923,0.9471,0,WARNING,20.9,4.8,5.1,4.6
3924,0.2208,0,NORMAL,21.3,1.0,2.7,2.8
3925,0.2402,0,NORMAL,20.8,0.6,1.5,2.1
3926,0.2391,0,NORMAL,21.4,2.0,4.2,4.7
3927,0.5407,0,NORMAL,18.4,2.7,2.9,3.3
3928,0.9355,0,WARNING,16.8,3.9,2.4,2.7
3929,0.4394,0,NORMAL,17.0,1.6,1.3,2.2
3930,0.4828,0,NORMAL,17.1,1.0,2.0,3.1
3931,0.2083,0,NORMAL,17.3,1.8,3.5,3.4
3932,0.4426,0,NORMAL,18.2,2.0,2.5,2.9
3933,0.9643,0,WARNING,18.2,3.7,2.4,3.1
3934,0.2171,0,NORMAL,18.6,1.1,2.6,3.0
3935,0.2341,0,NORMAL,18.6,0.9,2.0,2.8
3936,0.2093,0,NORMAL,19.4,1.9,4.0,4.7
3937,0.6212,0,WARNING,19.1,3.5,3.9,3.8
3938,0.2029,0,NORMAL,19.7,1.7,3.4,3.3
3939,0.5388,0,NORMAL,19.4,1.8,2.3,3.2
3940,0.2221,0,NORMAL,19.9,0.8,2.6,3.1
3941,0.8591,0,WARNING,21.0,5.0,8.7,7.4
3942,0.1615,0,NORMAL,22.1,3.1,6.8,5.3
3943,0.219,0,NORMAL,20.8,1.3,3.3,3.9
3944,0.1853,0,NORMAL,21.4,1.8,9.1,7.4
3945,0.8229,0,WARNING,21.0,2.6,3.9,3.2
3946,0.177,0,NORMAL,21.4,3.8,7.8,6.3
3947,0.9304,0,WARNING,22.3,8.8,11.5,6.4
3948,0.8521,0,WARNING,22.6,4.5,10.1,8.1
3949,0.2856,0,NORMAL,21.5,2.0,5.3,5.1
3950,0.2265,0,NORMAL,19.3,0.9,2.6,4.0
3951,0.9196,0,WARNING,17.1,3.8,3.8,4.8
3952,0.156,0,NORMAL,17.9,2.6,7.9,8.0
3953,0.1487,0,NORMAL,18.5,2.2,10.2,9.1
3954,0.1459,0,NORMAL,18.7,2.2,6.7,5.8
3955,0.9187,0,WARNING,18.4,3.8,5.2,5.2
3956,0.1307,0,NORMAL,19.5,2.6,8.2,8.4
3957,0.5216,0,NORMAL,20.4,4.0,11.9,10.8
3958,0.969,0,WARNING,21.1,6.0,12.4,10.9
3959,0.5078,0,NORMAL,21.1,3.2,11.3,9.3
3960,0.9535,0,WARNING,20.6,4.6,7.0,6.3
3961,0.3989,0,NORMAL,19.5,2.8,11.5,7.4
3962,0.1246,0,NORMAL,18.2,2.8,8.1,7.3
3963,0.8181,0,WARNING,18.9,3.8,8.4,7.7
3964,0.1526,0,NORMAL,20.7,2.2,8.9,7.5
3965,0.1827,0,NORMAL,19.3,1.9,7.8,6.7
3966,0.9545,0,WARNING,20.8,5.2,9.4,8.8
3967,0.9442,0,WARNING,21.5,5.3,14.3,12.0
3968,0.9619,0,WARNING,21.2,5.3,9.0,7.2
3969,0.5095,0,NORMAL,20.4,2.4,7.3,6.5
3970,0.4461,0,NORMAL,23.4,3.6,20.0,16.8
3971,0.7304,0,WARNING,25.6,6.0,30.2,24.4
3972,0.8929,0,WARNING,26.2,6.7,25.6,17.7
3973,0.8194,0,WARNING,28.8,6.7,36.3,28.7
3974,0.6628,0,WARNING,25.8,4.6,26.3,18.9
3975,0.4697,0,NORMAL,21.6,2.7,14.4,10.8
3976,0.2868,0,NORMAL,19.5,3.4,10.9,9.2
3977,0.9124,0,WARNING,20.7,5.6,11.3,9.6
3978,0.1378,0,NORMAL,21.0,3.6,10.2,9.1
3979,0.5871,0,NORMAL,22.0,3.7,10.5,9.1
3980,0.2007,0,NORMAL,22.7,3.0,11.6,9.9
3981,0.8137,0,WARNING,21.8,4.2,13.5,10.4
3982,0.1597,0,NORMAL,22.7,3.5,11.9,9.1
3983,0.1545,0,NORMAL,22.9,2.6,11.1,10.1
3984,0.154,0,NORMAL,23.3,2.1,9.6,8.4
3985,0.1696,0,NORMAL,22.9,2.0,11.0,10.2
3986,0.2808,0,NORMAL,24.2,3.4,11.0,8.8
3987,0.9827,0,WARNING,23.6,5.6,8.4,7.9
3988,0.2046,0,NORMAL,23.3,2.2,8.4,8.0
3989,0.5104,0,NORMAL,22.8,2.6,8.1,7.4
3990,0.181,0,NORMAL,23.9,1.6,7.1,6.8
3991,0.0977,0,NORMAL,21.7,3.0,10.7,10.3
3992,0.2358,0,NORMAL,20.5,3.9,14.6,11.7
3993,0.1944,0,NORMAL,21.7,3.0,11.4,8.5
3994,0.7288,0,WARNING,20.9,3.0,8.5,8.2
3995,0.1842,0,NORMAL,20.7,1.5,6.8,6.1
3996,0.0849,0,NORMAL,21.9,2.6,9.1,8.8
3997,0.4133,0,NORMAL,21.5,3.8,10.0,8.3
3998,0.1269,0,NORMAL,22.9,2.5,8.8,7.9
3999,0.4129,0,NORMAL,22.8,2.6,8.3,7.5
4000,0.1824,0,NORMAL,22.4,1.5,7.7,6.4
4001,0.6055,0,WARNING,23.7,4.7,13.3,11.5
4002,0.4261,0,NORMAL,25.3,4.2,18.9,15.8
4003,0.4459,0,NORMAL,25.7,3.7,21.0,15.2
4004,0.4456,0,NORMAL,25.6,1.8,9.2,7.3
4005,0.1774,0,NORMAL,23.7,2.0,9.3,8.2
4006,0.4275,0,NORMAL,23.0,3.7,14.6,10.8
4007,0.9152,0,WARNING,21.1,6.7,10.9,9.5
4008,0.8739,0,WARNING,22.1,7.2,19.8,14.7
4009,0.3774,0,NORMAL,21.9,4.0,14.8,12.2
4010,0.235,0,NORMAL,23.4,2.6,10.9,9.9
4011,0.8449,0,WARNING,21.8,4.7,10.1,9.8
4012,0.1598,0,NORMAL,22.8,3.4,11.4,10.7
4013,0.8738,0,WARNING,22.3,4.5,11.0,10.0
4014,0.2966,0,NORMAL,24.2,3.5,15.1,13.2
4015,0.1803,0,NORMAL,22.9,2.0,10.9,8.7
4016,0.9528,0,WARNING,25.8,5.3,13.9,11.7
4017,0.3872,0,NORMAL,25.9,5.5,17.7,14.8
4018,0.3074,0,NORMAL,24.8,3.5,14.6,11.9
4019,0.5803,0,NORMAL,24.4,3.4,12.7,10.9
4020,0.2582,0,NORMAL,24.7,2.3,9.0,8.4
4021,0.9529,0,WARNING,18.8,5.5,8.6,7.8
4022,0.4318,0,NORMAL,16.0,4.1,18.2,16.2
4023,0.3279,0,NORMAL,15.2,2.8,13.5,9.9
4024,0.1221,0,NORMAL,15.3,2.9,12.2,9.1
4025,0.1261,0,NORMAL,15.1,1.7,7.0,6.6
4026,0.3611,0,NORMAL,18.6,3.4,14.0,12.4
4027,0.9789,0,WARNING,17.6,5.8,12.7,9.1
4028,0.5769,0,NORMAL,21.3,4.1,21.3,16.4
4029,0.4396,0,NORMAL,19.7,3.5,13.7,11.1
4030,0.1913,0,NORMAL,18.9,1.6,6.2,6.1
4031,0.3966,0,NORMAL,18.7,3.0,10.7,9.5
4032,0.2064,0,NORMAL,19.8,3.0,10.4,8.3
4033,0.7297,0,WARNING,18.8,3.7,8.9,8.1
4034,0.2217,0,NORMAL,18.5,1.8,8.3,7.2
4035,0.2106,0,NORMAL,18.7,1.7,7.4,6.8
4036,0.2028,0,NORMAL,18.6,2.9,8.4,7.5
4037,0.415,0,NORMAL,17.2,5.1,15.7,13.5
4038,0.279,0,NORMAL,14.2,3.3,11.2,9.6
4039,0.2692,0,NORMAL,14.5,3.3,9.7,9.3
4040,0.4,0,NORMAL,15.7,3.7,12.6,10.8
4041,0.9446,0,WARNING,14.7,3.5,8.3,7.3
4042,0.0796,0,NORMAL,16.4,3.6,11.3,9.2
4043,0.2076,0,NORMAL,17.6,2.8,11.8,10.6
4044,0.1513,0,NORMAL,17.1,2.3,9.3,8.1
4045,0.2854,0,NORMAL,17.5,2.4,13.7,12.9
4046,0.597,0,NORMAL,17.8,4.2,13.5,11.1
4047,0.5065,0,NORMAL,18.1,5.1,12.2,9.0
4048,0.181,0,NORMAL,18.3,2.8,11.1,10.0
4049,0.4027,0,NORMAL,18.0,2.9,10.7,9.6
4050,0.1785,0,NORMAL,19.0,2.6,10.6,9.7
4051,0.1658,0,NORMAL,18.3,2.8,10.8,9.4
4052,0.5113,0,NORMAL,19.5,5.3,14.2,12.1
4053,0.2211,0,NORMAL,16.5,3.4,13.0,10.5
4054,0.1276,0,NORMAL,13.7,2.1,6.6,5.1
4055,0.2202,0,NORMAL,16.1,2.9,13.7,10.9
4056,0.1475,0,NORMAL,15.8,2.7,10.1,8.8
4057,0.4464,0,NORMAL,18.6,6.3,19.7,16.2
4058,0.8966,0,WARNING,17.5,5.0,9.7,7.9
4059,0.2637,0,NORMAL,17.7,2.8,9.4,7.9
4060,0.1196,0,NORMAL,17.4,2.2,9.3,7.9
4061,0.2885,0,NORMAL,18.8,2.5,9.5,9.1
4062,0.157,0,NORMAL,18.0,2.7,8.9,7.5
4063,0.1278,0,NORMAL,17.7,2.1,7.5,6.7
4064,0.1361,0,NORMAL,17.7,1.9,8.1,7.0
4065,0.3012,0,NORMAL,18.8,2.3,11.9,8.4
4066,0.6551,0,WARNING,21.4,9.2,27.7,18.3
4067,0.9949,0,WARNING,21.2,13.3,32.1,16.6
4068,0.6098,0,WARNING,19.6,5.6,24.9,19.6
4069,0.471,0,NORMAL,15.7,3.7,15.3,12.9
4070,0.9495,0,WARNING,16.3,4.7,13.8,11.3
4071,0.2351,0,NORMAL,17.2,3.3,12.9,11.9
4072,0.9512,0,WARNING,17.6,6.4,17.9,15.2
4073,0.2311,0,NORMAL,17.8,4.3,15.2,11.9
4074,0.9272,0,WARNING,17.3,4.0,9.0,8.6
4075,0.1528,0,NORMAL,17.5,2.6,11.0,10.6
4076,0.1919,0,NORMAL,17.7,2.7,11.8,10.6
4077,0.5879,0,NORMAL,19.3,6.5,21.0,17.0
4078,0.8435,0,WARNING,19.1,5.0,15.9,13.4
4079,0.9411,0,WARNING,20.2,4.8,13.4,12.1
4080,0.855,0,WARNING,19.9,4.2,11.1,10.3
4081,0.1194,0,NORMAL,16.8,3.4,9.8,8.4
4082,0.1703,0,NORMAL,15.8,3.3,13.0,10.9
4083,0.5769,0,NORMAL,18.7,5.0,22.2,19.4
4084,0.9674,0,WARNING,18.2,5.5,13.1,11.0
4085,0.2434,0,NORMAL,17.7,2.9,12.0,10.6
4086,0.3832,0,NORMAL,20.0,3.7,14.2,11.0
4087,0.8723,0,WARNING,21.0,7.0,18.6,13.2
4088,0.9123,0,WARNING,22.1,7.4,22.4,15.8
4089,0.6461,0,WARNING,21.4,4.9,18.3,12.6
4090,0.2735,0,NORMAL,19.7,2.8,12.2,10.8
4091,0.3752,0,NORMAL,19.9,3.0,11.6,9.3
4092,0.2137,0,NORMAL,20.4,3.4,14.7,10.6
4093,0.4654,0,NORMAL,22.0,3.1,13.2,12.0
4094,0.3605,0,NORMAL,21.6,2.6,12.8,9.5
4095,0.4271,0,NORMAL,18.5,3.2,16.5,14.5
4096,0.4655,0,NORMAL,17.8,5.9,20.5,15.7
4097,0.9878,0,WARNING,17.6,8.3,18.1,15.7
4098,0.7428,0,WARNING,20.4,10.2,29.7,16.0
4099,0.5632,0,NORMAL,18.7,5.2,16.1,13.2
4100,0.2725,0,NORMAL,19.2,3.1,13.0,11.5
4101,0.177,0,NORMAL,18.6,3.0,11.0,9.3
4102,0.941,0,WARNING,19.1,5.3,11.7,8.3
4103,0.166,0,NORMAL,18.9,2.6,10.6,9.5
4104,0.4317,0,NORMAL,20.3,3.7,19.9,15.4
4105,0.4459,0,NORMAL,21.8,3.4,20.2,15.4
4106,0.3696,0,NORMAL,21.2,4.5,19.3,13.9
4107,0.9279,0,WARNING,22.0,7.1,18.9,14.7
4108,0.3623,0,NORMAL,19.7,4.5,17.8,14.9
4109,0.3686,0,NORMAL,16.7,3.6,13.7,9.8
4110,0.235,0,NORMAL,17.1,2.6,13.4,11.6
4111,0.2974,0,NORMAL,17.2,3.2,16.8,13.8
4112,0.978,0,WARNING,18.1,5.3,11.3,9.6
4113,0.6466,0,WARNING,20.6,6.3,26.2,21.5
4114,0.4675,0,NORMAL,19.7,3.3,13.5,9.2
4115,0.2877,0,NORMAL,19.5,3.2,13.8,11.8
4116,0.3697,0,NORMAL,19.8,4.7,19.5,14.9
4117,0.9517,0,WARNING,20.9,7.8,19.2,14.5
4118,0.5835,0,NORMAL,20.8,4.7,15.3,11.7
4119,0.3664,0,NORMAL,19.8,3.8,13.7,11.8
4120,0.52,0,NORMAL,21.9,2.6,14.3,10.8
4121,0.52,0,NORMAL,21.8,3.7,12.9,9.9
4122,0.7188,0,WARNING,18.0,4.6,11.8,10.8
4123,0.3132,0,NORMAL,17.3,3.8,15.2,11.4
4124,0.3534,0,NORMAL,17.9,3.5,17.0,14.4
4125,0.8988,0,WARNING,16.9,2.7,18.1,10.3
4126,0.982,0,WARNING,20.4,8.9,19.0,11.8
4127,0.9727,0,WARNING,21.2,10.5,22.7,16.2
4128,0.5632,0,NORMAL,20.7,5.1,16.4,14.6
4129,0.5655,0,NORMAL,19.8,5.3,20.6,17.3
4130,0.8012,0,WARNING,20.8,5.7,22.8,18.4
4131,0.529,0,NORMAL,20.4,5.3,21.9,18.2
4132,0.3765,0,NORMAL,20.6,5.1,18.4,15.7
4133,0.3014,0,NORMAL,19.3,2.6,10.7,9.5
4134,0.9668,0,WARNING,21.6,5.9,18.9,16.4
4135,0.5431,0,NORMAL,20.0,4.1,22.0,17.8
4136,0.4847,0,NORMAL,18.6,5.1,21.8,17.2
4137,0.5569,0,NORMAL,18.4,5.3,16.9,14.7
4138,0.4255,0,NORMAL,19.3,4.5,16.3,14.6
4139,0.6401,0,WARNING,17.9,3.6,14.0,12.8
4140,0.6863,0,WARNING,18.3,3.3,18.7,13.4
4141,0.5142,0,NORMAL,18.3,4.4,13.8,12.0
4142,0.8041,0,WARNING,20.2,6.2,18.7,16.2
4143,0.4459,0,NORMAL,19.6,4.4,17.9,14.6
4144,0.5707,0,NORMAL,17.5,3.8,11.6,9.8
4145,0.4331,0,NORMAL,18.5,3.5,11.2,10.0
4146,0.3584,0,NORMAL,19.2,4.4,13.2,11.1
4147,0.4875,0,NORMAL,20.2,5.1,13.5,11.5
4148,0.9129,0,WARNING,20.2,5.0,14.3,12.3
4149,0.2909,0,NORMAL,20.6,3.6,15.1,13.4
4150,0.3397,0,NORMAL,20.9,3.9,18.0,14.0
4151,0.6437,0,WARNING,20.6,4.0,17.4,13.3
4152,0.7627,0,WARNING,20.1,5.0,12.9,11.1
4153,0.2283,0,NORMAL,20.1,3.1,12.9,10.6
4154,0.174,0,NORMAL,18.6,2.0,10.1,9.1
4155,0.9753,0,WARNING,18.6,3.0,21.9,12.8
4156,0.4156,0,NORMAL,16.9,3.9,12.7,10.5
4157,0.7174,0,WARNING,16.7,4.3,9.9,8.9
4158,0.9782,0,WARNING,17.9,6.8,13.9,12.4
4159,0.4943,0,NORMAL,17.1,3.9,13.8,11.2
4160,0.7097,0,WARNING,19.6,4.6,24.3,17.6
4161,0.3981,0,NORMAL,17.8,3.0,10.6,7.8
4162,0.178,0,NORMAL,19.4,3.7,14.4,10.5
4163,0.2241,0,NORMAL,19.4,3.4,13.8,11.7
4164,0.4977,0,NORMAL,19.8,4.0,17.2,12.9
4165,0.6439,0,WARNING,19.4,3.9,18.2,13.3
4166,0.3397,0,NORMAL,20.3,3.9,17.1,13.8
4167,0.3603,0,NORMAL,21.2,4.9,14.8,11.1
4168,0.7019,0,WARNING,21.0,5.1,24.6,18.1
4169,0.4818,0,NORMAL,17.9,4.5,19.0,15.9
4170,0.2917,0,NORMAL,16.5,2.6,14.7,11.3
4171,0.2285,0,NORMAL,17.0,2.6,13.6,12.5
4172,0.2072,0,NORMAL,17.6,3.6,15.0,12.1
4173,0.7704,0,WARNING,17.5,4.7,15.3,11.5
4174,0.1437,0,NORMAL,17.1,3.3,12.4,9.8
4175,0.1192,0,NORMAL,18.2,2.8,11.1,9.0
4176,0.3925,0,NORMAL,19.6,4.7,18.7,15.3
4177,0.9142,0,WARNING,21.8,7.0,21.0,17.6
4178,0.8712,0,WARNING,19.2,6.1,19.1,13.0
4179,0.5763,0,NORMAL,19.3,3.6,12.1,10.4
4180,0.3193,0,NORMAL,20.3,3.2,15.2,14.2
4181,0.9986,0,WARNING,20.0,7.1,15.4,11.5
4182,0.2965,0,NORMAL,18.4,4.0,14.7,13.1
4183,0.386,0,NORMAL,17.6,4.8,18.5,14.5
4184,0.2297,0,NORMAL,17.1,2.9,13.8,11.3
4185,0.3607,0,NORMAL,18.8,3.2,12.5,10.2
4186,0.9608,0,WARNING,18.4,7.8,19.0,13.4
4187,0.662,0,WARNING,19.5,7.7,27.6,17.1
4188,0.9389,0,WARNING,18.6,6.4,13.7,11.0
4189,0.6467,0,WARNING,19.1,3.6,12.3,10.1
4190,0.1787,0,NORMAL,17.7,2.5,11.9,10.4
4191,0.9417,0,WARNING,18.0,5.2,13.6,12.3
4192,0.3249,0,NORMAL,19.1,4.7,17.7,14.3
4193,0.2358,0,NORMAL,18.1,3.1,12.3,9.7
4194,0.1867,0,NORMAL,18.6,2.7,13.2,9.8
4195,0.2599,0,NORMAL,19.6,3.1,14.8,12.5
4196,0.9296,0,WARNING,19.4,6.1,17.9,14.6
4197,0.6568,0,WARNING,18.5,6.0,20.4,14.7
4198,0.3847,0,NORMAL,16.5,3.0,11.8,11.0
4199,0.5783,0,NORMAL,17.5,4.1,14.4,13.0
4200,0.4049,0,NORMAL,18.8,3.4,15.9,13.2
4201,0.1812,0,NORMAL,17.9,2.7,12.0,9.3
4202,0.4949,0,NORMAL,20.7,4.7,13.3,11.1
4203,0.1627,0,NORMAL,21.7,3.7,11.8,9.8
4204,0.9324,0,WARNING,22.9,3.5,20.0,11.3
4205,0.2932,0,NORMAL,23.0,3.0,11.1,8.4
4206,0.2071,0,NORMAL,23.9,3.7,13.6,11.2
4207,0.9608,0,WARNING,24.9,6.7,15.0,12.4
4208,0.2878,0,NORMAL,24.9,4.1,14.4,11.6
4209,0.6575,0,WARNING,25.8,4.7,22.7,18.1
4210,0.677,0,WARNING,28.1,5.6,28.9,21.8
4211,0.9259,0,WARNING,24.8,6.4,16.1,12.1
4212,0.3826,0,NORMAL,26.3,4.3,19.2,14.1
4213,0.2964,0,NORMAL,25.7,3.8,16.8,13.1
4214,0.3829,0,NORMAL,24.7,3.9,17.4,14.3
4215,0.3038,0,NORMAL,21.3,3.7,16.2,12.3
4216,0.8085,0,WARNING,21.5,5.8,17.3,13.2
4217,0.483,0,NORMAL,21.6,5.0,14.2,12.4
4218,0.2016,0,NORMAL,21.5,3.9,13.7,11.7
4219,0.5784,0,NORMAL,22.1,4.1,13.8,12.0
4220,0.3081,0,NORMAL,23.1,4.0,15.3,13.4
4221,0.933,0,WARNING,21.7,3.4,11.1,8.4
4222,0.3866,0,NORMAL,22.2,3.4,11.6,10.3
4223,0.1432,0,NORMAL,22.4,2.6,11.3,10.2
4224,0.1521,0,NORMAL,22.7,2.5,11.8,10.4
4225,0.3183,0,NORMAL,23.7,3.6,16.5,12.9
4226,0.2185,0,NORMAL,22.7,2.8,11.8,9.7
4227,0.9934,0,WARNING,23.1,7.8,17.0,11.2
4228,0.5331,0,NORMAL,24.6,4.9,22.9,17.9
4229,0.426,0,NORMAL,20.7,3.5,15.4,12.3
4230,0.2066,0,NORMAL,20.8,2.9,11.3,10.1
4231,0.1496,0,NORMAL,19.9,2.5,10.7,8.8
4232,0.3908,0,NORMAL,21.3,4.5,10.8,8.9
4233,0.1038,0,NORMAL,20.6,3.5,10.7,9.4
4234,0.4493,0,NORMAL,22.4,3.4,8.9,7.7
4235,0.7686,0,WARNING,24.9,5.2,27.2,19.4
4236,0.5078,0,NORMAL,24.5,5.2,23.4,17.2
4237,0.5755,0,NORMAL,23.0,4.1,13.6,11.6
4238,0.7659,0,WARNING,23.7,3.8,10.8,8.9
4239,0.6582,0,WARNING,23.0,3.4,10.8,9.6
4240,0.1956,0,NORMAL,23.4,2.3,10.4,9.2
4241,0.9429,0,WARNING,24.0,6.2,14.8,12.1
4242,0.211,0,NORMAL,23.5,3.2,10.1,7.7
4243,0.144,0,NORMAL,22.0,2.5,10.0,9.0
4244,0.1185,0,NORMAL,20.5,2.0,9.4,8.2
4245,0.1203,0,NORMAL,19.6,1.8,8.0,7.5
4246,0.4849,0,NORMAL,23.2,4.0,15.1,12.2
4247,0.6515,0,WARNING,21.8,10.5,21.1,12.9
4248,0.49,0,NORMAL,23.0,4.2,12.9,11.2
4249,0.4134,0,NORMAL,23.6,4.9,16.1,13.7
4250,0.2217,0,NORMAL,22.4,2.3,11.0,9.7
4251,0.1521,0,NORMAL,22.8,3.3,12.3,11.1
4252,0.1444,0,NORMAL,22.6,2.9,9.8,8.6
4253,0.1567,0,NORMAL,22.8,3.1,10.9,8.6
4254,0.1634,0,NORMAL,22.7,1.6,6.5,7.1
4255,0.7297,0,WARNING,22.2,3.3,8.9,8.7
4256,0.2017,0,NORMAL,23.5,2.7,11.8,9.3
4257,0.9883,0,WARNING,25.1,7.6,14.2,13.4
4258,0.5618,0,NORMAL,25.4,3.1,12.5,11.1
4259,0.8117,0,WARNING,23.1,4.3,10.9,10.0
4260,0.3132,0,NORMAL,22.1,3.0,12.0,10.6
4261,0.187,0,NORMAL,19.9,2.0,9.1,8.6
4262,0.4026,0,NORMAL,20.0,3.3,11.4,10.4
4263,0.1433,0,NORMAL,20.3,2.6,11.3,10.0
4264,0.1781,0,NORMAL,21.3,2.8,12.5,10.9
4265,0.5969,0,NORMAL,20.5,3.7,10.7,7.2
4266,0.1176,0,NORMAL,21.0,2.7,8.0,8.3
4267,0.2784,0,NORMAL,21.0,3.8,10.0,9.5
4268,0.9883,0,WARNING,21.2,6.6,9.6,9.5
4269,0.3957,0,NORMAL,22.4,3.8,13.8,11.2
4270,0.7728,0,WARNING,22.6,4.7,15.4,11.8
4271,0.1995,0,NORMAL,22.5,2.2,9.6,7.8
4272,0.1585,0,NORMAL,22.4,3.1,9.9,7.5
4273,0.3369,0,NORMAL,23.2,4.2,12.4,10.3
4274,0.2229,0,NORMAL,23.8,2.1,11.0,9.8
4275,0.1905,0,NORMAL,22.4,1.6,9.2,7.7
4276,0.1899,0,NORMAL,22.6,3.6,9.2,8.2
4277,0.932,0,WARNING,20.9,6.0,7.8,7.2
4278,0.2008,0,NORMAL,19.1,2.9,8.0,8.1
4279,0.6705,0,WARNING,18.1,2.9,6.3,6.5
4280,0.1761,0,NORMAL,18.8,2.4,7.1,8.0
4281,0.9386,0,WARNING,18.8,3.5,8.0,6.8
4282,0.1281,0,NORMAL,19.7,2.6,8.0,6.6
4283,0.1539,0,NORMAL,19.8,2.5,8.6,7.3
4284,0.1173,0,NORMAL,20.7,2.0,10.0,8.1
4285,0.1254,0,NORMAL,21.1,2.1,10.8,9.9
4286,0.1787,0,NORMAL,22.4,3.7,11.4,8.8
4287,0.5196,0,NORMAL,21.6,4.1,8.1,6.7
4288,0.7806,0,WARNING,22.1,3.4,7.0,6.6
4289,0.1844,0,NORMAL,21.8,1.4,7.1,6.6
4290,0.6093,0,WARNING,21.6,2.3,5.2,5.3
4291,0.5211,0,NORMAL,22.1,2.5,11.8,8.9
4292,0.1944,0,NORMAL,23.0,3.1,11.4,9.9
4293,0.2049,0,NORMAL,21.9,2.4,7.0,5.4
4294,0.2157,0,NORMAL,22.2,1.9,6.0,5.7
4295,0.2165,0,NORMAL,22.0,2.5,8.6,8.1
4296,0.2059,0,NORMAL,22.0,2.2,6.7,6.2
4297,0.5248,0,NORMAL,19.9,3.1,8.9,8.4
4298,0.9006,0,WARNING,18.6,3.8,9.8,9.4
4299,0.5167,0,NORMAL,19.8,3.4,13.1,11.3
4300,0.1607,0,NORMAL,19.4,1.7,6.4,5.9
4301,0.2276,0,NORMAL,20.2,3.0,12.0,8.8
4302,0.9321,0,WARNING,21.4,5.1,8.5,6.4
4303,0.1759,0,NORMAL,20.1,2.1,6.4,6.5
4304,0.116,0,NORMAL,20.6,2.0,7.6,7.0
4305,0.172,0,NORMAL,20.0,1.2,5.6,5.2
4306,0.1597,0,NORMAL,20.7,4.8,12.3,6.9
4307,1.0,0,ANOMALY,20.9,12.4,16.3,8.7
4308,0.8471,0,WARNING,21.2,5.7,12.5,11.6
4309,0.5023,0,NORMAL,21.3,3.1,10.6,8.8
4310,0.166,0,NORMAL,22.1,1.8,6.1,5.7
4311,0.1244,0,NORMAL,22.5,2.8,10.2,9.3
4312,0.1565,0,NORMAL,21.5,1.9,7.7,7.9
4313,0.1431,0,NORMAL,21.1,1.6,6.1,6.1
4314,0.1496,0,NORMAL,21.8,1.9,8.3,8.0
4315,0.1448,0,NORMAL,19.9,2.0,9.3,9.7
4316,0.7343,0,WARNING,18.7,4.6,7.7,7.0
4317,0.281,0,NORMAL,18.4,3.0,8.5,8.4
4318,0.109,0,NORMAL,20.2,2.8,10.2,9.7
4319,0.2785,0,NORMAL,19.5,2.4,5.9,6.2
4320,0.1494,0,NORMAL,19.8,1.8,7.1,6.6
4321,0.0967,0,NORMAL,17.0,3.0,12.1,9.0
4322,0.4137,0,NORMAL,14.0,3.5,8.5,6.5
4323,0.1179,0,NORMAL,15.6,3.1,11.1,8.5
4324,0.2357,0,NORMAL,16.8,3.3,13.2,10.3
4325,0.1819,0,NORMAL,16.1,2.6,10.6,8.8
4326,0.8506,0,WARNING,15.7,3.9,7.4,6.8
4327,0.5148,0,NORMAL,16.0,3.8,7.3,6.5
4328,0.1254,0,NORMAL,16.4,2.6,8.1,8.0
4329,0.1898,0,NORMAL,16.5,2.1,11.0,10.2
4330,0.5169,0,NORMAL,17.3,3.2,10.3,8.9
4331,0.1454,0,NORMAL,17.4,2.5,9.0,8.5
4332,0.3611,0,NORMAL,19.3,4.2,12.1,9.8
4333,0.9316,0,WARNING,17.6,5.5,11.0,9.7
4334,0.1966,0,NORMAL,17.8,1.8,5.7,5.0
4335,0.1979,0,NORMAL,17.0,1.6,6.5,6.2
4336,0.3184,0,NORMAL,17.4,3.0,6.9,7.3
4337,0.6062,0,WARNING,18.1,3.6,5.2,4.9
4338,0.2164,0,NORMAL,18.3,3.0,8.5,8.0
4339,0.1332,0,NORMAL,15.5,2.4,8.0,8.2
4340,0.5177,0,NORMAL,13.6,3.4,8.9,8.0
4341,0.7311,0,WARNING,15.4,3.8,16.5,10.8
4342,0.6268,0,WARNING,18.6,4.8,24.1,19.6
4343,0.4938,0,NORMAL,15.7,2.4,10.9,7.0
4344,0.1651,0,NORMAL,15.7,1.3,6.0,5.5
4345,0.1358,0,NORMAL,16.1,2.0,9.1,8.3
4346,0.1234,0,NORMAL,16.3,2.9,12.9,9.8
4347,0.8985,0,WARNING,16.0,4.5,7.5,7.1
4348,0.1193,0,NORMAL,15.9,2.1,7.1,6.6
4349,0.1713,0,NORMAL,15.2,1.2,5.5,5.4
4350,0.521,0,NORMAL,15.9,2.5,6.1,6.2
4351,0.5777,0,NORMAL,15.8,2.5,12.4,8.3
4352,0.1552,0,NORMAL,17.2,2.5,10.2,8.4
4353,0.2324,0,NORMAL,17.1,2.6,9.5,8.5
4354,0.1329,0,NORMAL,17.6,2.3,8.0,6.7
4355,0.9691,0,WARNING,17.3,4.3,10.7,8.9
4356,0.1625,0,NORMAL,18.0,3.4,10.4,9.0
4357,0.28,0,NORMAL,16.4,3.5,9.8,8.8
4358,0.1255,0,NORMAL,14.5,2.4,7.7,6.4
4359,0.1705,0,NORMAL,14.5,2.3,11.5,10.0
4360,0.5174,0,NORMAL,16.3,2.7,7.1,7.1
4361,0.1447,0,NORMAL,15.6,2.6,7.3,6.8
4362,0.8998,0,WARNING,16.3,5.4,8.1,6.7
4363,0.1447,0,NORMAL,16.3,2.1,7.1,6.8
4364,0.1532,0,NORMAL,16.2,1.9,5.6,5.5
4365,0.1765,0,NORMAL,15.6,1.4,5.8,4.8
4366,0.2287,0,NORMAL,17.6,4.2,13.6,11.7
4367,0.852,0,WARNING,17.8,9.2,16.3,10.2
4368,0.8157,0,WARNING,18.6,5.7,11.8,10.0
4369,0.9613,0,WARNING,16.9,4.4,7.7,8.0
4370,0.6665,0,WARNING,17.7,3.2,8.3,7.6
4371,0.2041,0,NORMAL,17.9,2.8,12.5,11.8
4372,0.2285,0,NORMAL,18.1,3.6,15.7,12.8
4373,0.2043,0,NORMAL,17.6,3.0,11.0,10.0
4374,0.1689,0,NORMAL,16.3,2.1,7.8,8.3
4375,0.5044,0,NORMAL,15.1,3.9,13.4,11.7
4376,0.7734,0,WARNING,15.0,3.9,9.6,9.3
4377,0.2637,0,NORMAL,15.4,4.3,11.5,9.9
4378,0.7136,0,WARNING,16.8,4.1,9.7,9.0
4379,0.1183,0,NORMAL,16.4,2.4,9.9,9.7
4380,0.3946,0,NORMAL,18.2,3.6,11.6,9.9
4381,0.109,0,NORMAL,18.0,2.6,8.8,8.2
4382,0.6667,0,WARNING,18.9,4.8,12.3,11.5
4383,0.1952,0,NORMAL,20.0,3.3,14.5,11.1
4384,0.1695,0,NORMAL,20.9,3.3,12.7,10.5
4385,0.1509,0,NORMAL,22.2,2.6,10.8,7.7
4386,0.3134,0,NORMAL,23.4,3.8,15.4,12.6
4387,0.6623,0,WARNING,23.9,6.0,19.0,14.0
4388,0.8714,0,WARNING,24.0,5.0,12.2,9.9
4389,0.1961,0,NORMAL,22.8,2.5,9.9,8.8
4390,0.3912,0,NORMAL,23.4,3.2,11.7,9.7
4391,0.203,0,NORMAL,22.8,2.7,11.3,10.2
4392,0.2048,0,NORMAL,23.4,3.5,12.7,10.3
4393,0.2061,0,NORMAL,22.8,3.3,10.9,9.1
4394,0.9534,0,WARNING,23.4,4.4,9.8,9.5
4395,0.671,0,WARNING,24.6,3.5,20.7,15.5
4396,0.4078,0,NORMAL,23.3,4.8,19.9,14.9
4397,0.6553,0,WARNING,20.3,3.8,12.3,9.3
4398,0.1512,0,NORMAL,20.2,3.4,10.1,8.8
4399,0.929,0,WARNING,21.1,5.5,12.4,11.0
4400,0.9879,0,WARNING,21.3,5.0,10.2,9.4
4401,0.318,0,NORMAL,22.0,3.0,16.9,13.3
4402,0.2012,0,NORMAL,21.8,2.8,9.5,6.6
4403,0.4827,0,NORMAL,22.4,2.9,11.9,7.6
4404,0.2279,0,NORMAL,22.5,3.0,13.0,11.5
4405,0.7256,0,WARNING,22.0,3.0,8.6,7.8
4406,0.2358,0,NORMAL,22.5,3.6,13.6,11.6
4407,0.51,0,NORMAL,21.6,3.8,10.3,9.0
4408,0.3883,0,NORMAL,23.4,4.2,19.3,15.4
4409,0.2908,0,NORMAL,21.6,1.8,8.9,7.4
4410,0.3958,0,NORMAL,23.0,2.9,9.9,8.9
4411,0.7745,0,WARNING,20.8,4.9,12.9,11.8
4412,0.5692,0,NORMAL,22.7,4.1,14.3,11.5
4413,0.3508,0,NORMAL,20.5,3.5,11.5,9.0
4414,0.1227,0,NORMAL,21.9,2.7,11.3,9.1
4415,0.1271,0,NORMAL,21.6,3.7,11.7,9.9
4416,0.7258,0,WARNING,22.8,5.4,11.3,9.0
4417,0.5036,0,NORMAL,22.5,4.7,11.6,9.3
4418,0.943,0,WARNING,22.8,5.6,9.4,7.9
4419,0.2073,0,NORMAL,22.9,2.4,12.8,10.2
4420,0.3971,0,NORMAL,24.3,3.9,14.3,11.7
4421,0.5914,0,NORMAL,24.3,4.5,14.0,11.6
4422,0.262,0,NORMAL,24.8,2.9,11.9,8.8
4423,0.2345,0,NORMAL,23.1,2.2,9.0,9.4
4424,0.2301,0,NORMAL,24.5,1.8,9.1,7.1
4425,0.2246,0,NORMAL,23.9,2.1,11.4,9.0
4426,0.2353,0,NORMAL,25.1,3.8,13.8,10.6
4427,0.9157,0,WARNING,23.3,6.1,14.8,12.6
4428,0.4656,0,NORMAL,22.4,5.0,17.2,14.9
4429,0.5828,0,NORMAL,20.7,3.1,11.4,9.9
4430,0.7679,0,WARNING,21.2,3.8,10.3,7.9
4431,0.5426,0,NORMAL,22.9,4.2,12.6,12.3
4432,0.9518,0,WARNING,23.6,6.8,18.6,17.9
4433,0.309,0,NORMAL,23.0,4.2,17.1,13.6
4434,0.542,0,NORMAL,22.8,3.5,14.8,14.3
4435,0.6314,0,WARNING,22.8,2.8,11.7,11.5
4436,0.3709,0,NORMAL,23.4,3.8,15.1,14.2
4437,1.0,0,ANOMALY,23.2,8.8,14.8,13.2
4438,0.5406,0,NORMAL,25.0,5.5,21.6,18.8
4439,0.3673,0,NORMAL,22.8,3.1,14.2,12.0
4440,0.3624,0,NORMAL,21.0,2.9,11.3,10.9
4441,0.9119,0,WARNING,21.7,6.1,17.4,14.6
4442,0.2878,0,NORMAL,21.1,3.8,13.9,12.7
4443,0.3466,0,NORMAL,21.7,3.9,14.8,14.5
4444,0.3947,0,NORMAL,21.9,3.4,12.6,11.5
4445,0.174,0,NORMAL,21.1,2.9,11.5,10.9
4446,0.8722,0,WARNING,23.0,4.9,15.6,14.2
4447,0.4911,0,NORMAL,23.0,5.1,15.1,13.3
4448,0.2108,0,NORMAL,21.8,2.9,10.9,9.2
4449,0.2197,0,NORMAL,22.4,3.0,13.0,11.7
4450,0.7219,0,WARNING,23.4,3.9,12.7,11.4
4451,0.7712,0,WARNING,22.8,4.5,11.1,9.7
4452,0.2583,0,NORMAL,23.9,3.4,11.9,10.9
4453,0.2033,0,NORMAL,22.7,2.4,8.2,7.5
4454,0.1066,0,NORMAL,22.1,2.5,9.5,9.7
4455,0.1951,0,NORMAL,19.7,2.5,12.2,10.9
4456,0.136,0,NORMAL,19.7,3.2,11.1,9.2
4457,0.5937,0,NORMAL,19.7,5.0,9.4,8.0
4458,0.8972,0,WARNING,20.7,5.2,11.5,10.3
4459,0.3762,0,NORMAL,20.7,2.7,9.5,9.7
4460,0.5909,0,NORMAL,20.7,3.5,9.8,9.3
4461,0.1439,0,NORMAL,20.6,2.9,9.8,8.4
4462,0.1275,0,NORMAL,21.3,3.2,8.8,7.5
4463,0.1416,0,NORMAL,21.4,2.5,7.7,7.7
4464,0.4085,0,NORMAL,22.1,3.0,10.8,9.1
4465,0.1628,0,NORMAL,21.2,1.8,10.2,8.0
4466,0.1867,0,NORMAL,21.8,3.6,12.7,11.3
4467,0.2756,0,NORMAL,22.1,4.5,10.8,8.5
4468,0.2883,0,NORMAL,23.6,3.1,10.8,8.9
4469,0.2278,0,NORMAL,22.1,2.7,13.1,11.2
4470,0.9534,0,WARNING,20.8,5.9,14.1,13.0
4471,0.2225,0,NORMAL,20.0,3.1,13.3,9.5
4472,0.1763,0,NORMAL,20.2,2.6,8.3,6.9
4473,0.0951,0,NORMAL,21.1,2.4,9.2,8.7
4474,0.1783,0,NORMAL,21.3,2.6,12.2,11.0
4475,0.1177,0,NORMAL,21.4,3.2,10.8,9.3
4476,0.7774,0,WARNING,21.7,4.8,10.4,7.6
4477,0.5097,0,NORMAL,22.7,4.7,9.8,7.9
4478,0.8493,0,WARNING,22.9,5.5,9.8,8.1
4479,0.2279,0,NORMAL,23.1,3.1,12.2,9.9
4480,0.2349,0,NORMAL,22.6,2.3,7.1,6.7
4481,0.2358,0,NORMAL,22.7,2.0,6.8,6.3
4482,0.2378,0,NORMAL,24.3,3.3,10.3,8.8
4483,0.8196,0,WARNING,24.9,4.3,11.8,10.4
4484,0.268,0,NORMAL,24.2,2.2,10.1,8.2
4485,0.2662,0,NORMAL,24.7,1.5,7.3,6.6
4486,0.2685,0,NORMAL,24.1,2.4,10.1,8.7
4487,0.6745,0,WARNING,21.3,9.2,17.7,11.8
4488,0.1908,0,NORMAL,18.8,2.9,10.1,9.1
4489,0.9824,0,WARNING,19.9,5.2,11.1,9.2
4490,0.4995,0,NORMAL,20.3,2.7,7.6,6.8
4491,0.1432,0,NORMAL,20.3,2.9,13.2,9.8
4492,0.3306,0,NORMAL,21.4,3.9,15.2,13.9
4493,0.2314,0,NORMAL,21.2,3.2,12.3,10.8
4494,0.1504,0,NORMAL,21.2,1.9,9.3,8.0
4495,0.1438,0,NORMAL,21.0,2.3,11.1,9.7
4496,0.9617,0,WARNING,21.4,5.2,11.0,9.6
4497,0.6658,0,WARNING,21.9,4.7,10.1,9.8
4498,0.1761,0,NORMAL,22.7,3.4,13.5,11.0
4499,0.1887,0,NORMAL,22.0,1.7,7.7,6.8
4500,0.3992,0,NORMAL,23.0,3.8,13.9,11.6
4501,0.1556,0,NORMAL,18.0,2.9,11.0,8.9
4502,0.9998,0,WARNING,15.9,6.5,11.3,9.5
4503,0.5977,0,NORMAL,16.8,3.8,18.5,13.3
4504,0.3094,0,NORMAL,16.4,2.4,11.4,7.7
4505,0.1191,0,NORMAL,15.9,2.4,8.0,6.6
4506,0.136,0,NORMAL,16.8,2.7,8.9,7.7
4507,0.4066,0,NORMAL,18.0,4.0,9.8,9.0
4508,0.1771,0,NORMAL,17.1,2.3,7.6,8.2
4509,0.6014,0,WARNING,16.4,2.2,6.5,5.3
4510,0.2883,0,NORMAL,17.4,2.9,11.2,9.7
4511,0.1826,0,NORMAL,16.8,2.3,8.3,7.1
4512,0.1959,0,NORMAL,18.6,4.1,14.4,10.6
4513,0.2368,0,NORMAL,18.9,3.3,12.3,9.2
4514,0.2237,0,NORMAL,18.9,2.1,11.8,10.8
4515,0.8992,0,WARNING,18.2,4.3,10.8,8.7
4516,0.2509,0,NORMAL,18.9,3.3,11.0,9.5
4517,0.5108,0,NORMAL,19.7,5.3,15.4,13.1
4518,0.5842,0,NORMAL,19.5,4.7,17.2,13.2
4519,0.3814,0,NORMAL,15.3,2.8,12.0,10.2
4520,0.588,0,NORMAL,16.5,3.8,13.8,10.1
4521,0.9609,0,WARNING,16.7,5.3,9.9,8.8
4522,0.2204,0,NORMAL,17.1,3.8,14.0,11.4
4523,0.116,0,NORMAL,16.3,2.8,9.8,7.7
4524,0.1421,0,NORMAL,16.8,1.8,8.0,7.1
4525,0.1625,0,NORMAL,17.1,1.5,7.3,6.3
4526,0.2652,0,NORMAL,18.0,2.9,12.6,8.7
4527,0.4134,0,NORMAL,17.5,4.7,12.3,9.9
4528,0.8769,0,WARNING,18.3,5.2,12.4,10.5
4529,0.1808,0,NORMAL,17.4,1.5,8.3,7.3
4530,0.6,0,NORMAL,17.4,2.9,8.8,8.1
4531,0.185,0,NORMAL,18.0,3.2,12.3,9.8
4532,0.199,0,NORMAL,18.4,3.2,11.4,8.5
4533,0.2108,0,NORMAL,18.2,3.2,10.5,8.0
4534,0.2441,0,NORMAL,18.8,2.5,12.4,9.2
4535,0.917,0,WARNING,16.7,5.0,10.1,8.8
4536,0.2076,0,NORMAL,15.6,3.3,11.1,8.2
4537,0.512,0,NORMAL,16.3,4.8,11.1,9.7
4538,0.728,0,WARNING,17.8,5.2,14.0,10.5
4539,0.1752,0,NORMAL,16.9,2.3,9.9,7.6
4540,0.4042,0,NORMAL,18.2,3.4,11.9,10.0
4541,0.5978,0,NORMAL,18.0,4.5,11.4,9.0
4542,0.2039,0,NORMAL,18.5,3.5,8.4,6.8
4543,0.8987,0,WARNING,17.7,4.5,9.3,7.7
4544,0.2228,0,NORMAL,17.6,1.5,6.0,5.5
4545,0.2329,0,NORMAL,18.0,2.0,8.2,7.6
4546,0.2411,0,NORMAL,19.0,4.5,12.1,8.7
4547,0.828,0,WARNING,19.3,9.4,17.9,11.8
4548,0.5913,0,NORMAL,19.3,3.6,8.8,7.6
4549,0.2725,0,NORMAL,18.6,1.8,10.3,8.0
4550,0.9617,0,WARNING,19.2,3.7,8.6,7.5
4551,0.2749,0,NORMAL,19.1,3.2,10.6,9.0
4552,0.3589,0,NORMAL,19.2,3.8,11.4,10.7
4553,0.5664,0,NORMAL,17.3,3.4,14.5,10.0
4554,0.28,0,NORMAL,14.9,2.5,9.3,7.4
4555,0.6668,0,WARNING,15.7,3.3,9.5,9.3
4556,0.2285,0,NORMAL,16.1,2.6,13.5,12.6
4557,0.5024,0,NORMAL,15.9,4.2,11.8,10.0
4558,0.1351,0,NORMAL,16.4,3.4,12.0,10.8
4559,0.1755,0,NORMAL,15.8,1.6,8.0,7.1
4560,0.5078,0,NORMAL,17.7,4.5,17.5,14.7
4561,0.9996,0,WARNING,15.7,6.8,13.5,10.1
4562,0.1389,0,NORMAL,15.0,3.4,12.3,9.8
4563,0.1017,0,NORMAL,14.9,3.3,10.1,7.8
4564,0.1354,0,NORMAL,16.2,3.1,11.6,8.4
4565,0.1269,0,NORMAL,16.8,3.8,11.9,9.3
4566,0.597,0,NORMAL,19.3,4.8,14.6,11.9
4567,0.5056,0,NORMAL,20.1,6.6,16.8,11.6
4568,0.7231,0,WARNING,20.5,5.1,13.5,10.2
4569,0.254,0,NORMAL,19.5,2.6,11.6,9.2
4570,0.504,0,NORMAL,19.4,3.1,9.3,7.7
4571,0.2619,0,NORMAL,20.2,3.8,14.3,11.7
4572,0.2707,0,NORMAL,19.8,4.1,13.7,10.4
4573,0.831,0,WARNING,19.1,4.1,10.0,7.4
4574,0.2757,0,NORMAL,19.9,2.4,9.9,7.8
4575,0.2752,0,NORMAL,20.1,3.1,14.7,11.9
4576,0.2576,0,NORMAL,19.6,3.7,11.8,9.8
4577,0.3985,0,NORMAL,18.6,4.0,11.5,9.0
4578,0.2511,0,NORMAL,15.9,3.2,10.6,9.8
4579,0.6657,0,WARNING,13.7,3.2,9.7,9.0
4580,0.5948,0,NORMAL,14.5,3.7,9.4,8.2
4581,1.0,0,ANOMALY,19.0,8.9,11.1,8.5
4582,0.387,0,NORMAL,16.0,2.8,10.4,8.1
4583,0.2274,0,NORMAL,15.6,2.7,9.0,7.9
4584,0.2077,0,NORMAL,17.3,2.5,10.8,8.7
4585,0.1958,0,NORMAL,16.4,2.9,12.9,10.3
4586,0.9171,0,WARNING,17.1,5.4,13.0,10.2
4587,0.4697,0,NORMAL,16.8,3.6,14.8,10.5
4588,0.2973,0,NORMAL,17.8,3.6,17.0,12.6
4589,0.228,0,NORMAL,16.6,1.5,9.8,6.7
4590,0.4011,0,NORMAL,16.8,2.1,5.6,5.2
4591,0.2209,0,NORMAL,16.3,1.6,4.1,3.3
4592,0.1876,0,NORMAL,16.8,2.3,7.2,6.7
4593,0.16,0,NORMAL,16.6,3.0,7.8,5.8
4594,0.8813,0,WARNING,17.7,4.4,6.3,5.2
4595,0.1889,0,NORMAL,17.2,2.4,7.4,6.3
4596,0.2003,0,NORMAL,18.0,2.8,8.1,6.6
4597,0.2995,0,NORMAL,15.7,3.4,7.9,6.8
4598,0.9018,0,WARNING,13.7,4.3,5.5,4.4
4599,0.312,0,NORMAL,13.3,0.9,2.0,1.9
4600,0.4353,0,NORMAL,15.0,2.6,7.5,6.8
4601,0.1215,0,NORMAL,15.4,3.0,11.6,8.4
4602,0.4251,0,NORMAL,15.4,3.4,7.5,6.0
4603,0.2992,0,NORMAL,15.6,3.3,7.2,5.3
4604,0.2211,0,NORMAL,15.0,1.5,4.5,3.6
4605,0.2362,0,NORMAL,14.7,0.8,1.9,2.4
4606,0.538,0,NORMAL,15.5,4.8,6.1,3.3
4607,0.3093,0,NORMAL,15.0,4.1,6.0,3.3
4608,0.7873,0,WARNING,15.8,4.4,5.7,5.2
4609,0.3122,0,NORMAL,15.2,1.0,4.6,3.3
4610,0.6862,0,WARNING,16.6,3.5,10.2,8.8
4611,0.9023,0,WARNING,18.3,5.3,18.6,13.9
4612,0.3982,0,NORMAL,17.8,4.3,17.4,15.2
4613,0.9682,0,WARNING,18.8,6.6,19.0,13.4
4614,0.3281,0,NORMAL,18.9,2.8,14.4,10.0
4615,0.7213,0,WARNING,18.0,3.4,13.2,11.2
4616,0.4223,0,NORMAL,20.0,3.9,20.1,15.2
4617,0.4955,0,NORMAL,18.6,4.9,17.5,13.7
4618,0.3823,0,NORMAL,18.8,4.1,16.0,12.4
4619,0.3397,0,NORMAL,16.9,3.2,16.8,13.3
4620,0.9416,0,WARNING,15.9,5.0,15.8,12.3
4621,0.3327,0,NORMAL,16.7,3.9,17.8,13.4
4622,0.4049,0,NORMAL,17.6,4.7,18.5,15.3
4623,0.4889,0,NORMAL,18.2,6.1,22.1,17.1
4624,0.4267,0,NORMAL,19.1,4.9,21.0,15.8
4625,0.8823,0,WARNING,19.8,6.4,25.8,15.4
4626,0.3473,0,NORMAL,19.1,4.2,18.3,13.5
4627,0.9187,0,WARNING,20.2,5.2,17.9,12.4
4628,0.7467,0,WARNING,21.2,5.0,17.8,14.0
4629,0.6459,0,WARNING,20.3,4.7,18.0,14.4
4630,0.5732,0,NORMAL,20.0,3.7,13.2,10.0
4631,0.2615,0,NORMAL,20.3,2.9,13.9,10.7
4632,0.2718,0,NORMAL,20.2,3.4,12.1,9.1
4633,0.2786,0,NORMAL,19.9,2.9,10.1,8.3
4634,0.2799,0,NORMAL,19.8,2.0,7.2,5.4
4635,0.7627,0,WARNING,19.0,1.4,9.5,4.5
4636,0.8785,0,WARNING,18.6,5.8,15.4,14.6
4637,0.5079,0,NORMAL,15.5,5.3,17.7,14.5
4638,0.472,0,NORMAL,17.3,4.6,22.2,16.4
4639,0.3527,0,NORMAL,17.8,3.4,17.5,13.4
4640,0.2363,0,NORMAL,18.3,3.4,14.1,11.8
4641,1.0,0,ANOMALY,21.6,10.3,15.3,12.2
4642,0.4826,0,NORMAL,17.8,3.9,16.6,12.0
4643,0.2597,0,NORMAL,17.8,2.9,14.1,11.8
4644,0.1656,0,NORMAL,18.5,2.3,11.5,8.4
4645,0.163,0,NORMAL,17.5,1.7,7.7,6.4
4646,0.1639,0,NORMAL,17.4,2.1,7.7,6.3
4647,0.82,0,WARNING,18.1,5.3,14.7,11.4
4648,0.1791,0,NORMAL,18.4,3.6,12.7,9.6
4649,0.2,0,NORMAL,18.6,2.0,9.1,7.6
4650,0.2828,0,NORMAL,19.6,3.1,14.0,10.0
4651,0.213,0,NORMAL,18.7,2.9,12.5,10.4
4652,0.3118,0,NORMAL,17.2,4.0,16.0,12.9
4653,0.2179,0,NORMAL,15.2,3.4,12.7,8.9
4654,0.1352,0,NORMAL,16.1,2.9,14.0,9.3
4655,0.2205,0,NORMAL,16.2,3.4,14.8,11.0
4656,0.1529,0,NORMAL,16.9,4.4,14.7,10.2
4657,0.8478,0,WARNING,17.3,6.1,14.7,10.8
4658,0.1494,0,NORMAL,17.3,3.1,8.7,6.4
4659,0.153,0,NORMAL,17.5,2.6,11.1,10.2
4660,0.8986,0,WARNING,17.6,4.7,11.5,9.5
4661,0.1616,0,NORMAL,18.4,3.4,10.0,7.2
4662,0.1704,0,NORMAL,18.5,2.9,12.8,8.9
4663,0.18,0,NORMAL,17.6,2.5,10.3,8.2
4664,0.1867,0,NORMAL,18.1,2.7,10.7,8.5
4665,0.2752,0,NORMAL,19.5,3.2,14.5,11.1
4666,0.4962,0,NORMAL,19.5,7.4,20.1,11.8
4667,0.9304,0,WARNING,18.8,8.9,16.5,11.7
4668,0.3881,0,NORMAL,18.3,3.3,10.3,7.5
4669,0.1199,0,NORMAL,16.4,2.5,10.7,9.5
4670,0.7276,0,WARNING,15.6,3.8,13.8,11.3
4671,0.1153,0,NORMAL,13.8,2.4,8.8,6.9
4672,0.9883,0,WARNING,16.1,6.4,14.0,10.9
4673,0.2419,0,NORMAL,15.2,3.0,11.4,9.7
4674,0.1437,0,NORMAL,15.1,1.9,10.1,8.2
4675,0.187,0,NORMAL,14.9,1.6,8.2,6.3
4676,0.0856,0,NORMAL,15.8,2.4,8.4,7.1
4677,0.2366,0,NORMAL,16.2,4.9,14.6,11.8
4678,0.2811,0,NORMAL,16.4,3.3,11.5,9.4
4679,0.2788,0,NORMAL,16.4,3.3,11.5,9.8
4680,0.4089,0,NORMAL,17.4,2.6,8.1,7.1
4681,0.0902,0,NORMAL,15.5,2.8,11.5,8.4
4682,0.544,0,NORMAL,14.7,3.7,15.3,9.9
4683,0.5323,0,NORMAL,15.2,3.3,18.3,13.0
4684,0.239,0,NORMAL,16.0,2.7,9.9,7.3
4685,0.7264,0,WARNING,15.5,3.8,9.3,6.2
4686,0.1397,0,NORMAL,16.0,2.4,5.7,5.7
4687,0.4117,0,NORMAL,16.9,3.8,9.4,7.7
4688,0.518,0,NORMAL,17.5,4.7,11.1,8.2
4689,0.2675,0,NORMAL,18.5,2.9,14.0,11.7
4690,0.944,0,WARNING,18.8,4.2,12.8,10.3
4691,0.9434,0,WARNING,20.2,5.8,14.7,11.8
4692,0.2561,0,NORMAL,18.8,3.2,11.1,7.9
4693,0.2456,0,NORMAL,18.4,1.9,8.5,8.4
4694,0.2456,0,NORMAL,18.8,1.6,7.6,7.0
4695,0.2375,0,NORMAL,17.7,1.1,4.4,4.5
4696,0.2301,0,NORMAL,18.1,2.5,9.1,7.7
4697,0.2945,0,NORMAL,18.4,3.6,12.2,9.2
4698,0.2849,0,NORMAL,16.7,4.0,14.8,11.4
4699,0.9534,0,WARNING,14.1,4.6,9.5,9.0
4700,0.5942,0,NORMAL,14.4,3.7,12.1,11.3
4701,0.9979,0,WARNING,14.1,3.5,10.9,8.6
4702,0.1778,0,NORMAL,15.2,4.0,9.6,7.7
4703,0.1383,0,NORMAL,15.4,2.7,7.9,6.1
4704,0.1441,0,NORMAL,16.1,1.8,8.0,7.4
4705,0.9987,0,WARNING,15.7,5.2,8.2,5.7
4706,0.0966,0,NORMAL,16.1,2.7,9.2,7.7
4707,0.7808,0,WARNING,16.6,6.0,14.3,11.4
4708,0.2783,0,NORMAL,17.1,3.4,11.6,9.7
4709,0.1865,0,NORMAL,16.5,1.4,6.3,5.5
4710,0.7811,0,WARNING,17.0,3.6,7.1,6.2
4711,0.6763,0,WARNING,18.0,3.3,10.2,8.3
4712,0.1811,0,NORMAL,17.4,3.6,9.2,6.5
4713,0.2868,0,NORMAL,18.1,3.8,11.7,8.5
4714,0.998,0,WARNING,19.3,5.5,12.0,9.7
4715,0.2246,0,NORMAL,18.6,3.1,10.7,8.5
4716,0.8992,0,WARNING,18.2,5.5,9.1,6.7
4717,0.5155,0,NORMAL,15.6,3.9,7.7,7.2
4718,0.1288,0,NORMAL,14.7,3.3,10.9,8.9
4719,0.7785,0,WARNING,14.5,3.3,8.3,7.1
4720,0.2834,0,NORMAL,15.2,2.1,7.8,5.5
4721,0.153,0,NORMAL,15.6,2.8,11.3,10.4
4722,0.1709,0,NORMAL,15.3,2.7,8.8,7.4
4723,0.1167,0,NORMAL,15.6,2.4,10.3,8.1
4724,0.1755,0,NORMAL,15.6,1.3,6.1,5.3
4725,0.8227,0,WARNING,16.7,3.5,9.2,7.3
4726,1.0,0,ANOMALY,17.6,7.7,21.2,16.6
4727,0.6792,0,WARNING,16.8,5.0,16.0,10.2
4728,0.3783,0,NORMAL,17.5,4.0,13.2,11.5
4729,0.2737,0,NORMAL,17.4,2.8,11.5,11.1
4730,0.4873,0,NORMAL,17.5,3.3,11.5,9.9
4731,0.9136,0,WARNING,17.2,4.0,10.2,9.3
4732,0.1601,0,NORMAL,17.7,2.5,10.5,11.5
4733,0.1583,0,NORMAL,17.2,2.6,10.9,9.0
4734,0.4677,0,NORMAL,15.3,2.8,11.6,9.9
4735,0.3179,0,NORMAL,13.2,2.5,11.7,9.9
4736,0.3178,0,NORMAL,15.0,3.5,13.6,12.6
4737,0.9737,0,WARNING,14.9,5.7,10.6,8.9
4738,0.338,0,NORMAL,16.4,4.1,15.3,13.8
4739,0.2121,0,NORMAL,15.4,2.8,10.9,9.4
4740,0.6609,0,WARNING,16.3,3.4,10.2,9.0
4741,0.2508,0,NORMAL,13.9,3.0,9.0,8.2
4742,0.1618,0,NORMAL,13.7,4.0,13.0,11.1
4743,0.8136,0,WARNING,13.9,3.8,8.4,7.0
4744,0.2965,0,NORMAL,15.3,3.2,9.7,7.3
4745,0.5153,0,NORMAL,16.3,3.0,10.5,8.2
4746,0.1786,0,NORMAL,16.8,3.9,11.8,10.0
4747,0.593,0,NORMAL,17.6,4.8,13.7,10.5
4748,0.1497,0,NORMAL,17.8,2.6,11.5,9.0
4749,0.3375,0,NORMAL,19.7,3.4,17.0,12.2
4750,0.9681,0,WARNING,19.2,5.8,15.2,11.6
4751,0.1993,0,NORMAL,17.9,2.3,9.1,7.1
4752,0.1892,0,NORMAL,18.2,3.4,10.3,7.9
4753,0.2056,0,NORMAL,18.0,2.5,11.4,9.2
4754,0.2208,0,NORMAL,17.7,1.2,4.4,3.4
4755,0.6365,0,WARNING,17.5,1.4,10.1,6.1
4756,0.5229,0,NORMAL,18.3,3.9,12.3,10.9
4757,0.4117,0,NORMAL,17.5,3.9,8.5,7.0
4758,0.1283,0,NORMAL,17.1,3.6,9.9,7.3
4759,0.1479,0,NORMAL,14.9,2.9,10.7,9.4
4760,0.4054,0,NORMAL,14.2,3.1,9.6,8.3
4761,0.1441,0,NORMAL,14.5,3.4,13.5,9.6
4762,0.1529,0,NORMAL,15.5,3.7,12.6,10.2
4763,0.1447,0,NORMAL,15.1,2.7,12.4,8.6
4764,0.9316,0,WARNING,16.4,4.8,11.3,8.4
4765,0.1381,0,NORMAL,15.2,2.0,10.1,7.0
4766,0.0891,0,NORMAL,16.4,3.3,10.9,9.3
4767,0.8991,0,WARNING,16.2,5.0,10.7,8.6
4768,0.1915,0,NORMAL,16.6,3.3,13.1,11.0
4769,0.4428,0,NORMAL,18.7,3.2,15.5,14.5
4770,0.5908,0,NORMAL,16.9,3.2,10.8,8.5
4771,0.6655,0,WARNING,16.5,3.6,8.8,7.0
4772,0.7281,0,WARNING,17.4,4.4,11.9,9.6
4773,0.1427,0,NORMAL,16.8,2.9,9.8,6.6
4774,0.2804,0,NORMAL,17.6,2.8,7.4,5.7
4775,0.4149,0,NORMAL,17.4,3.3,11.9,9.3
4776,0.07,0,NORMAL,16.1,3.4,12.0,9.5
4777,0.5144,0,NORMAL,14.5,4.1,9.3,6.9
4778,0.0866,0,NORMAL,15.0,2.2,7.0,6.5
4779,0.196,0,NORMAL,15.2,1.1,5.5,5.5
4780,0.6081,0,WARNING,15.7,2.4,7.4,5.4
4781,0.1265,0,NORMAL,15.7,2.8,7.7,6.1
4782,0.1132,0,NORMAL,17.5,3.1,9.1,6.9
4783,0.9795,0,WARNING,18.0,5.5,11.0,9.0
4784,0.1715,0,NORMAL,17.5,1.8,8.3,6.7
4785,0.1659,0,NORMAL,17.6,1.8,8.4,7.6
4786,0.4105,0,NORMAL,18.4,6.7,17.4,11.0
4787,0.9991,0,WARNING,17.5,10.0,10.8,8.9
4788,0.1724,0,NORMAL,17.7,2.7,8.5,8.0
4789,0.3172,0,NORMAL,17.5,2.9,7.6,7.1
4790,0.8493,0,WARNING,17.8,4.1,11.1,9.2
4791,0.1726,0,NORMAL,18.0,2.6,11.8,9.2
4792,0.1895,0,NORMAL,18.6,3.0,12.1,9.9
4793,0.2208,0,NORMAL,17.9,2.3,7.8,6.4
4794,0.164,0,NORMAL,18.4,2.6,11.1,9.8
4795,0.1959,0,NORMAL,15.6,2.1,12.5,10.2
4796,0.7788,0,WARNING,15.2,4.8,13.1,10.6
4797,0.4035,0,NORMAL,16.0,3.4,10.7,9.7
4798,0.1185,0,NORMAL,16.0,3.1,12.0,9.3
4799,0.1618,0,NORMAL,15.9,2.1,10.9,9.8
4800,0.5981,0,NORMAL,17.0,3.5,10.9,9.5
4801,0.1171,0,NORMAL,16.1,3.6,12.5,8.9
4802,0.9166,0,WARNING,16.1,6.3,13.9,9.9
4803,0.9933,0,WARNING,16.6,6.0,10.8,8.9
4804,0.1449,0,NORMAL,15.5,2.0,7.1,5.9
4805,0.1586,0,NORMAL,15.3,2.0,6.3,5.3
4806,0.1275,0,NORMAL,16.6,2.6,7.4,6.7
4807,0.4148,0,NORMAL,15.8,3.3,8.0,8.3
4808,0.1623,0,NORMAL,16.1,2.7,7.3,7.0
4809,0.1849,0,NORMAL,16.4,1.6,7.2,7.5
4810,0.8219,0,WARNING,16.5,3.7,8.1,7.2
4811,0.1703,0,NORMAL,16.9,2.8,14.3,10.3
4812,0.1958,0,NORMAL,17.1,3.3,13.2,10.2
4813,0.2676,0,NORMAL,17.1,3.2,15.2,12.1
4814,0.2026,0,NORMAL,16.8,1.9,8.6,7.1
4815,0.806,0,WARNING,17.0,2.1,14.6,7.7
4816,0.1633,0,NORMAL,17.8,3.4,11.4,9.2
4817,0.9857,0,WARNING,18.6,6.4,12.3,10.4
4818,0.1956,0,NORMAL,18.5,4.5,14.0,11.6
4819,0.3582,0,NORMAL,16.6,3.5,15.1,11.0
4820,0.3887,0,NORMAL,15.3,3.4,11.0,8.7
4821,0.8133,0,WARNING,15.7,4.6,11.4,9.0
4822,0.085,0,NORMAL,15.9,3.3,10.4,6.5
4823,0.1398,0,NORMAL,15.6,3.0,9.6,8.0
4824,0.9994,0,WARNING,16.0,4.5,8.3,7.3
4825,0.1814,0,NORMAL,16.3,1.6,8.3,7.4
4826,0.0929,0,NORMAL,16.4,2.8,8.7,7.1
4827,0.9008,0,WARNING,16.2,4.5,10.1,7.5
4828,0.1393,0,NORMAL,16.6,3.2,9.9,9.0
4829,0.1787,0,NORMAL,18.1,2.7,12.6,8.4
4830,0.9174,0,WARNING,16.5,3.8,6.5,5.7
4831,0.4142,0,NORMAL,16.4,3.4,8.4,6.9
4832,0.1333,0,NORMAL,17.2,2.7,9.3,7.0
4833,0.9448,0,WARNING,17.5,5.3,10.3,8.5
4834,0.1781,0,NORMAL,17.0,2.7,7.0,6.1
4835,0.5667,0,NORMAL,17.8,3.0,15.5,9.9
4836,0.8506,0,WARNING,18.2,4.7,7.7,5.9
4837,0.5155,0,NORMAL,18.0,4.6,8.4,6.9
4838,0.7965,0,WARNING,15.9,4.2,10.0,7.9
4839,0.9157,0,WARNING,13.9,4.7,8.9,7.5
4840,0.2734,0,NORMAL,14.8,3.1,10.5,9.4
4841,0.51,0,NORMAL,14.6,3.9,10.3,7.6
4842,0.7772,0,WARNING,15.8,4.0,7.3,5.8
4843,0.1069,0,NORMAL,15.4,2.2,9.0,8.0
4844,0.1574,0,NORMAL,16.6,2.3,9.7,8.3
4845,0.6053,0,WARNING,15.6,3.3,10.8,6.7
4846,0.6455,0,WARNING,16.7,4.4,17.0,9.5
4847,0.8482,0,WARNING,15.9,7.3,13.9,8.8
4848,0.1378,0,NORMAL,16.5,2.9,10.8,9.2
4849,0.1326,0,NORMAL,16.6,2.9,10.6,8.7
4850,0.27,0,NORMAL,16.8,2.6,9.8,7.4
4851,0.1379,0,NORMAL,16.2,1.7,6.7,5.2
4852,0.7805,0,WARNING,17.3,4.4,8.8,7.3
4853,0.1822,0,NORMAL,17.1,2.1,8.5,6.2
4854,0.1909,0,NORMAL,17.3,1.6,6.4,6.5
4855,0.1901,0,NORMAL,17.2,1.9,8.5,8.0
4856,0.2941,0,NORMAL,18.2,3.4,11.5,9.7
4857,0.9001,0,WARNING,16.1,5.5,11.0,10.8
4858,0.1915,0,NORMAL,14.1,2.8,11.6,10.7
4859,0.816,0,WARNING,14.6,3.6,11.3,9.2
4860,0.5664,0,NORMAL,15.7,3.4,14.9,8.9
4861,0.1418,0,NORMAL,13.8,2.6,9.4,8.7
4862,0.146,0,NORMAL,12.8,2.3,5.3,3.8
4863,0.6741,0,WARNING,14.2,4.3,7.8,6.3
4864,0.111,0,NORMAL,15.2,2.8,10.7,9.0
4865,0.0641,0,NORMAL,15.6,2.8,9.3,7.1
4866,0.6072,0,WARNING,16.6,4.3,14.1,10.9
4867,0.5167,0,NORMAL,16.7,4.6,14.1,12.7
4868,1.0,0,ANOMALY,17.3,8.1,12.3,10.0
4869,0.1461,0,NORMAL,16.6,1.9,8.5,6.2
4870,0.5114,0,NORMAL,16.8,2.7,7.0,6.2
4871,0.9905,0,WARNING,16.5,5.3,6.2,6.3
4872,0.1613,0,NORMAL,17.0,3.2,8.9,6.6
4873,0.17,0,NORMAL,16.6,2.6,6.8,5.4
4874,0.1731,0,NORMAL,17.5,2.1,9.9,8.8
4875,0.1681,0,NORMAL,17.0,2.5,10.6,8.9
4876,0.171,0,NORMAL,17.4,2.9,8.8,8.0
4877,0.6063,0,WARNING,17.0,3.7,8.7,7.8
4878,0.1844,0,NORMAL,17.1,2.3,8.7,7.7
4879,0.318,0,NORMAL,17.9,2.2,7.0,6.1
4880,0.918,0,WARNING,16.2,4.1,8.0,7.4
4881,0.732,0,WARNING,13.5,3.7,9.1,7.5
4882,0.1394,0,NORMAL,14.9,3.5,10.1,7.7
4883,0.1825,0,NORMAL,14.4,1.3,3.8,3.4
4884,0.611,0,WARNING,15.2,2.9,7.0,6.5
4885,0.1911,0,NORMAL,15.0,1.5,7.3,5.9
4886,0.1486,0,NORMAL,16.0,3.6,11.1,9.0
4887,0.9189,0,WARNING,16.2,5.2,11.4,9.9
4888,0.1715,0,NORMAL,16.3,2.5,8.4,7.2
4889,0.2882,0,NORMAL,16.0,2.0,6.6,5.6
4890,0.735,0,WARNING,16.3,2.9,5.5,5.1
4891,0.1345,0,NORMAL,16.0,2.1,7.3,6.4
4892,0.1496,0,NORMAL,17.3,3.7,12.5,9.3
4893,0.8214,0,WARNING,17.0,4.7,9.8,6.6
4894,0.1814,0,NORMAL,16.7,2.0,6.2,5.0
4895,0.1893,0,NORMAL,17.1,2.5,11.3,7.9
4896,0.198,0,NORMAL,17.5,2.5,7.5,6.0
4897,0.854,0,WARNING,17.6,5.4,6.1,5.8
4898,0.2255,0,NORMAL,18.3,2.9,8.6,7.2
4899,0.2327,0,NORMAL,17.9,1.7,9.2,7.8
4900,0.4204,0,NORMAL,15.3,2.3,6.9,6.4
4901,0.1367,0,NORMAL,13.9,3.2,9.8,7.0
4902,0.1188,0,NORMAL,14.6,2.3,7.7,6.5
4903,0.1261,0,NORMAL,14.9,2.8,10.9,8.8
4904,0.1872,0,NORMAL,14.9,1.4,6.6,5.1
4905,0.7375,0,WARNING,14.6,3.1,6.7,6.8
4906,0.4643,0,NORMAL,15.9,5.2,11.8,7.2
4907,0.9906,0,WARNING,15.6,11.6,13.6,7.2
4908,0.1161,0,NORMAL,16.4,2.7,9.3,7.9
4909,0.1782,0,NORMAL,16.1,1.6,8.1,7.5
4910,0.4104,0,NORMAL,16.6,2.7,5.3,4.6
4911,0.1398,0,NORMAL,16.0,2.4,6.0,5.5
4912,0.5558,0,NORMAL,16.6,2.4,12.4,8.8
4913,0.2275,0,NORMAL,17.3,2.9,10.3,7.6
4914,0.1785,0,NORMAL,17.3,2.5,11.4,9.2
4915,0.2201,0,NORMAL,18.0,3.4,14.6,10.7
4916,0.1949,0,NORMAL,18.2,3.1,11.8,9.2
4917,0.6016,0,WARNING,17.4,3.9,7.8,6.9
4918,0.4114,0,NORMAL,18.4,3.0,8.8,7.8
4919,0.2227,0,NORMAL,17.6,1.3,8.6,6.7
4920,0.5172,0,NORMAL,15.8,2.5,7.3,7.2
4921,0.1788,0,NORMAL,11.9,1.5,5.1,3.9
4922,0.1689,0,NORMAL,12.1,1.9,5.8,3.4
4923,0.1782,0,NORMAL,13.8,2.9,7.3,5.5
4924,0.1727,0,NORMAL,15.0,3.2,7.3,5.6
4925,0.1543,0,NORMAL,15.3,1.6,6.0,5.5
4926,0.9834,0,WARNING,15.7,4.8,5.5,5.9
4927,0.4263,0,NORMAL,15.6,3.2,6.2,6.9
4928,0.1412,0,NORMAL,16.9,2.8,11.8,8.5
4929,0.4171,0,NORMAL,17.4,4.1,14.4,10.9
4930,0.5154,0,NORMAL,18.3,3.5,12.9,10.0
4931,0.1843,0,NORMAL,18.5,3.2,11.8,9.0
4932,0.8499,0,WARNING,17.8,4.4,7.7,6.6
4933,0.2093,0,NORMAL,17.7,2.1,6.4,5.9
4934,0.7805,0,WARNING,17.5,3.3,5.5,5.4
4935,0.2169,0,NORMAL,17.2,1.3,6.6,6.4
4936,0.2151,0,NORMAL,17.5,2.6,6.7,6.6
4937,0.4203,0,NORMAL,17.6,3.8,7.5,6.7
4938,0.2416,0,NORMAL,18.1,3.3,8.9,7.5
4939,0.2745,0,NORMAL,17.8,2.5,8.6,8.2
4940,0.6042,0,WARNING,16.0,3.3,7.5,7.4
4941,0.9324,0,WARNING,13.1,3.5,7.3,6.4
4942,0.8641,0,WARNING,13.9,4.2,8.4,7.0
4943,0.1073,0,NORMAL,14.2,2.1,7.9,7.1
4944,0.1921,0,NORMAL,14.9,1.2,5.3,4.9
4945,0.1851,0,NORMAL,14.5,1.3,7.7,6.0
4946,0.6181,0,WARNING,15.6,3.0,15.0,10.4
4947,0.2813,0,NORMAL,16.0,4.8,13.1,9.8
4948,0.5971,0,NORMAL,16.1,3.7,7.8,5.5
4949,0.1547,0,NORMAL,16.1,1.8,8.6,7.6
4950,0.5176,0,NORMAL,16.0,2.5,7.4,5.9
4951,0.1536,0,NORMAL,15.6,1.7,4.4,3.7
4952,0.1566,0,NORMAL,16.2,2.3,5.4,4.6
4953,0.1644,0,NORMAL,16.4,2.9,8.1,6.1
4954,0.2287,0,NORMAL,16.4,2.3,7.7,6.2
4955,0.1719,0,NORMAL,16.9,2.7,11.1,9.4
4956,0.1891,0,NORMAL,17.9,4.1,11.8,8.8
4957,0.8997,0,WARNING,18.4,7.4,13.1,8.6
4958,0.544,0,NORMAL,19.3,4.4,14.2,11.3
4959,0.2614,0,NORMAL,16.0,2.4,13.4,11.8
4960,0.1684,0,NORMAL,13.4,2.4,9.3,7.2
4961,0.138,0,NORMAL,13.9,2.1,9.7,8.1
4962,0.1196,0,NORMAL,14.4,2.7,8.7,6.8
4963,0.1775,0,NORMAL,14.2,1.5,6.7,6.1
4964,0.4194,0,NORMAL,14.6,2.2,5.5,4.6
4965,0.2022,0,NORMAL,14.3,1.4,5.6,5.5
4966,0.9633,0,WARNING,16.1,11.4,17.6,8.9
4967,0.9999,0,WARNING,14.9,12.7,10.7,9.4
4968,0.9999,0,WARNING,15.1,2.2,6.2,8.7
4969,0.5714,0,NORMAL,14.7,1.8,4.1,4.2
4970,0.6629,0,WARNING,14.8,2.8,4.4,4.9
4971,0.4163,0,NORMAL,15.1,2.6,4.4,4.3
4972,0.1436,0,NORMAL,15.4,2.0,4.2,5.1
4973,0.8526,0,WARNING,14.8,3.0,3.4,4.3
4974,0.2954,0,NORMAL,14.9,1.4,1.9,2.7
4975,0.1921,0,NORMAL,15.3,1.5,6.0,5.9
4976,0.2601,0,NORMAL,17.2,4.5,15.0,12.9
4977,0.6047,0,WARNING,16.8,4.9,15.3,13.0
4978,0.9618,0,WARNING,16.3,4.5,10.1,8.5
4979,0.2911,0,NORMAL,15.2,3.3,14.8,13.0
4980,0.9611,0,WARNING,13.3,5.1,10.6,9.6
4981,0.9297,0,WARNING,13.7,5.3,16.8,12.4
4982,0.1961,0,NORMAL,13.7,4.0,15.2,10.0
4983,0.2752,0,NORMAL,14.7,4.1,15.2,12.5
4984,0.3173,0,NORMAL,15.8,3.6,13.8,11.6
4985,0.585,0,NORMAL,14.8,5.7,11.2,7.1
4986,0.1056,0,NORMAL,16.2,3.2,8.8,8.0
4987,0.5914,0,NORMAL,16.3,5.0,8.4,7.4
4988,0.9156,0,WARNING,17.2,5.1,9.1,8.1
4989,0.7353,0,WARNING,16.7,1.8,11.2,15.3
4990,0.9403,0,WARNING,16.9,3.5,16.9,22.6
4991,0.8744,0,WARNING,16.6,2.3,15.4,18.3
4992,0.9404,0,WARNING,15.4,3.5,19.5,23.6
4993,0.42,0,NORMAL,13.8,3.3,13.3,10.0
4994,0.1845,0,NORMAL,13.9,1.6,9.1,6.4
4995,0.2048,0,NORMAL,13.1,1.0,4.0,3.6
4996,0.1465,0,NORMAL,14.2,1.6,5.7,6.1
4997,0.2859,0,NORMAL,14.1,2.9,7.4,7.8
4998,0.1393,0,NORMAL,14.2,2.4,6.0,5.5
4999,0.1741,0,NORMAL,14.0,1.6,6.2,4.9
5000,0.2985,0,NORMAL,14.7,2.5,5.0,5.7
5001,0.162,0,NORMAL,14.3,2.6,4.7,4.6
5002,0.3011,0,NORMAL,15.5,3.8,7.5,5.6
5003,0.1438,0,NORMAL,15.6,2.5,6.1,5.2
5004,0.2311,0,NORMAL,15.3,1.0,2.3,3.0
5005,0.2244,0,NORMAL,15.4,0.7,3.3,3.4
5006,0.197,0,NORMAL,15.5,1.2,2.9,3.9
5007,0.1841,0,NORMAL,15.1,2.8,4.3,4.6
5008,0.3155,0,NORMAL,15.8,1.8,3.1,3.7
5009,0.2126,0,NORMAL,15.4,0.9,3.5,4.1
5010,0.6222,0,WARNING,15.5,2.1,2.1,2.9
5011,0.214,0,NORMAL,13.3,1.1,2.5,4.7
5012,0.6218,0,WARNING,12.4,3.3,3.5,2.8
5013,0.1913,0,NORMAL,12.7,2.1,3.3,3.1
5014,0.9542,0,WARNING,13.7,4.0,3.3,3.8
5015,0.213,0,NORMAL,13.6,1.1,2.4,2.6
5016,0.2051,0,NORMAL,14.9,2.5,4.7,4.2
5017,0.9345,0,WARNING,14.9,4.1,3.2,3.9
5018,0.1933,0,NORMAL,15.2,1.8,3.2,3.4
5019,0.2532,0,NORMAL,15.2,0.7,1.0,1.8
5020,0.2384,0,NORMAL,15.3,1.5,1.7,3.4
5021,0.884,0,WARNING,15.4,3.9,2.4,3.1
5022,0.2172,0,NORMAL,15.7,1.2,1.9,2.8
5023,0.2502,0,NORMAL,15.5,0.6,1.1,2.9
5024,0.2419,0,NORMAL,15.6,0.8,1.5,2.8
5025,0.2585,0,NORMAL,15.3,0.5,0.8,1.6
5026,0.3938,0,NORMAL,16.6,6.4,11.5,4.3
5027,0.9981,0,WARNING,16.7,8.8,7.2,5.3
5028,0.2479,0,NORMAL,16.9,1.6,3.2,3.7
5029,0.253,0,NORMAL,16.6,0.7,1.5,2.5
5030,0.3093,0,NORMAL,17.5,1.5,1.6,2.5
5031,1.0,0,ANOMALY,17.1,6.3,2.0,4.3
5032,0.2552,0,NORMAL,17.0,1.0,1.9,3.5
5033,0.2547,0,NORMAL,16.6,0.6,1.0,2.1
5034,0.2558,0,NORMAL,17.2,0.9,1.2,2.6
5035,0.2558,0,NORMAL,16.7,0.9,1.3,2.7
5036,0.9357,0,WARNING,14.7,4.4,3.7,4.5
5037,0.3148,0,NORMAL,11.9,2.2,3.8,5.6
5038,0.1934,0,NORMAL,12.7,1.8,3.2,4.3
5039,0.2453,0,NORMAL,12.7,0.5,1.6,2.8
5040,0.9212,0,WARNING,12.9,3.2,1.2,2.3
5041,0.2196,0,NORMAL,14.5,1.5,2.3,2.6
5042,0.2251,0,NORMAL,16.5,2.5,2.8,2.8
5043,0.2342,0,NORMAL,17.1,0.8,1.3,2.2
5044,0.2332,0,NORMAL,18.2,1.5,2.5,3.2
5045,0.3238,0,NORMAL,18.0,1.6,2.0,2.8
5046,0.3225,0,NORMAL,18.9,2.1,2.8,3.0
5047,0.5427,0,NORMAL,18.8,3.3,4.3,4.9
5048,0.1837,0,NORMAL,19.3,1.9,3.9,4.5
5049,0.2505,0,NORMAL,19.2,0.5,1.4,1.8
5050,0.9643,0,WARNING,19.6,3.5,1.4,2.8
5051,0.2097,0,NORMAL,19.6,1.9,2.7,3.3
5052,0.213,0,NORMAL,20.1,1.8,2.5,2.6
5053,0.2214,0,NORMAL,20.6,1.9,3.8,4.1
5054,0.3199,0,NORMAL,21.2,1.5,2.3,3.0
5055,0.9047,0,WARNING,20.7,2.9,1.2,2.4
5056,1.0,0,ANOMALY,28.8,9.6,3.2,3.8
5057,0.5612,0,NORMAL,20.8,3.1,3.5,3.9
5058,0.2031,0,NORMAL,21.1,2.0,2.7,3.4
5059,0.2407,0,NORMAL,20.7,1.2,1.9,3.0
5060,0.8819,0,WARNING,21.1,3.3,1.7,2.8
5061,0.8162,0,WARNING,20.8,2.5,2.5,2.5
5062,0.2078,0,NORMAL,21.2,1.5,2.6,3.2
5063,0.2257,0,NORMAL,21.0,1.4,2.1,2.2
5064,0.2532,0,NORMAL,21.5,0.8,0.9,2.3
5065,0.9054,0,WARNING,20.6,3.2,1.3,2.8
5066,0.5143,0,NORMAL,18.5,2.1,1.9,2.9
5067,0.3182,0,NORMAL,16.7,2.8,3.1,3.1
5068,0.197,0,NORMAL,17.0,1.4,2.8,3.4
5069,0.8836,0,WARNING,17.0,2.9,1.7,2.8
5070,0.3169,0,NORMAL,17.7,1.5,1.3,2.2
5071,0.984,0,WARNING,17.5,4.9,3.0,3.1
5072,0.2065,0,NORMAL,18.2,1.8,2.9,3.6
5073,0.23,0,NORMAL,17.8,1.0,1.7,2.2
5074,0.7881,0,WARNING,18.7,2.3,1.3,1.9
5075,0.2494,0,NORMAL,18.3,0.5,1.1,2.5
5076,0.7223,0,WARNING,19.7,3.4,4.0,3.7
5077,0.4357,0,NORMAL,19.8,3.1,3.5,2.9
5078,0.1951,0,NORMAL,19.7,1.8,3.1,4.0
5079,0.6196,0,WARNING,19.6,1.8,1.5,2.3
5080,0.4402,0,NORMAL,19.7,1.4,1.1,1.8
5081,0.2366,0,NORMAL,20.4,2.1,2.9,3.1
5082,0.2122,0,NORMAL,20.6,1.9,2.8,3.6
5083,0.2382,0,NORMAL,20.3,1.0,1.4,1.8
5084,0.4472,0,NORMAL,20.7,1.4,1.1,2.2
5085,0.2569,0,NORMAL,20.2,0.4,1.2,2.1
5086,0.2321,0,NORMAL,20.9,3.2,4.9,3.3
5087,0.9644,0,WARNING,21.1,8.0,7.8,3.8
5088,0.9345,0,WARNING,21.9,4.6,2.4,2.6
5089,0.9557,0,WARNING,21.4,3.2,1.6,2.9
5090,0.4309,0,NORMAL,21.8,1.6,1.1,1.8
5091,0.2204,0,NORMAL,20.3,2.0,2.7,2.9
5092,0.2033,0,NORMAL,18.3,2.0,3.2,4.3
5093,0.7892,0,WARNING,16.9,2.8,2.0,2.5
5094,0.2493,0,NORMAL,17.1,0.8,1.1,2.6
5095,0.3188,0,NORMAL,16.8,0.8,1.2,3.0
5096,0.2282,0,NORMAL,17.7,1.9,3.3,3.8
5097,0.7444,0,WARNING,18.0,3.2,3.5,4.1
5098,0.7423,0,WARNING,18.7,2.9,3.4,3.7
5099,0.2485,0,NORMAL,18.2,0.6,1.5,2.5
5100,0.4366,0,NORMAL,18.2,1.6,1.1,2.1
5101,0.2216,0,NORMAL,16.6,1.4,1.8,2.4
5102,0.2236,0,NORMAL,15.9,1.6,2.5,3.2
5103,0.7917,0,WARNING,16.0,2.7,1.3,2.4
5104,0.6549,0,WARNING,16.6,1.9,1.8,2.3
5105,0.254,0,NORMAL,16.2,0.6,1.1,2.4
5106,0.2254,0,NORMAL,16.6,1.3,2.3,3.3
5107,0.3223,0,NORMAL,16.9,2.7,2.9,3.3
5108,0.9566,0,WARNING,17.6,4.4,2.5,3.0
5109,0.2525,0,NORMAL,17.7,0.6,1.2,2.6
5110,0.3187,0,NORMAL,17.8,1.5,1.1,2.6
5111,0.2174,0,NORMAL,18.0,1.5,2.0,2.9
5112,0.6441,0,WARNING,18.7,2.3,2.2,2.4
5113,0.8832,0,WARNING,18.5,4.0,2.5,3.0
5114,0.2411,0,NORMAL,19.2,0.8,1.4,2.2
5115,0.2569,0,NORMAL,18.7,0.3,0.7,1.7
5116,0.2531,0,NORMAL,19.3,1.9,3.0,5.1
5117,0.4403,0,NORMAL,19.2,3.1,3.3,3.6
5118,0.192,0,NORMAL,20.0,2.7,3.4,3.9
5119,0.2202,0,NORMAL,19.6,1.5,2.7,4.2
5120,0.433,0,NORMAL,19.8,1.9,1.8,2.6
5121,0.2257,0,NORMAL,19.6,1.3,2.0,2.6
5122,0.7449,0,WARNING,20.6,3.5,3.0,3.2
5123,0.2424,0,NORMAL,20.2,0.9,1.2,1.8
5124,0.2533,0,NORMAL,20.4,1.1,0.8,2.0
5125,0.2548,0,NORMAL,20.1,0.6,1.1,2.2
5126,0.2332,0,NORMAL,18.3,2.1,2.9,3.9
5127,0.9359,0,WARNING,16.3,4.8,3.2,3.9
5128,0.2167,0,NORMAL,16.7,1.7,3.3,3.8
5129,0.2346,0,NORMAL,16.9,0.9,2.3,3.7
5130,0.5394,0,NORMAL,17.2,1.9,2.2,3.6
5131,0.8581,0,WARNING,17.4,3.5,3.3,3.5
5132,0.2201,0,NORMAL,18.2,2.5,3.7,4.0
5133,0.2234,0,NORMAL,18.3,2.2,3.3,4.0
5134,0.2284,0,NORMAL,19.0,1.0,2.2,3.3
5135,0.235,0,NORMAL,18.5,1.2,2.3,3.4
5136,0.2143,0,NORMAL,19.1,1.9,4.1,5.2
5137,0.5354,0,NORMAL,19.0,3.1,4.6,4.9
5138,0.2201,0,NORMAL,19.4,1.8,3.5,3.6
5139,0.7879,0,WARNING,19.1,2.1,1.6,2.8
5140,0.5382,0,NORMAL,19.1,1.8,1.8,3.4
5141,0.2207,0,NORMAL,20.0,1.7,2.7,2.7
5142,0.2217,0,NORMAL,20.2,2.0,3.4,3.7
5143,0.2242,0,NORMAL,19.6,1.6,2.5,3.6
5144,0.2444,0,NORMAL,20.2,0.8,1.4,2.3
5145,0.2556,0,NORMAL,19.6,0.7,1.1,2.2
5146,0.6174,0,WARNING,21.7,7.4,14.0,6.4
5147,1.0,0,ANOMALY,23.4,16.6,11.0,6.2
5148,0.3925,0,NORMAL,19.0,2.1,4.2,4.9
5149,0.2533,0,NORMAL,16.5,0.7,1.5,2.8
5150,0.4208,0,NORMAL,17.1,1.7,1.6,2.8
5151,0.7393,0,WARNING,17.4,2.9,2.4,3.4
5152,0.2215,0,NORMAL,17.3,1.6,2.5,3.2
5153,0.2131,0,NORMAL,17.4,1.5,2.1,3.3
5154,0.2419,0,NORMAL,18.0,0.9,1.4,2.7
5155,0.2382,0,NORMAL,17.8,0.9,1.6,2.5
5156,0.7456,0,WARNING,18.4,3.0,3.2,4.8
5157,0.4374,0,NORMAL,18.1,2.6,4.0,5.0
5158,0.1981,0,NORMAL,18.5,1.7,2.8,3.9
5159,0.2486,0,NORMAL,18.2,0.7,1.5,2.9
5160,0.7434,0,WARNING,18.3,2.7,2.3,4.2
5161,0.2008,0,NORMAL,14.2,1.6,3.3,4.1
5162,0.1986,0,NORMAL,11.2,2.1,3.2,3.6
5163,0.2089,0,NORMAL,11.3,1.3,2.3,3.7
5164,0.6889,0,WARNING,11.9,2.4,2.6,3.9
5165,0.2432,0,NORMAL,11.3,0.5,2.0,3.5
5166,0.2167,0,NORMAL,11.8,1.2,3.7,5.3
5167,0.3202,0,NORMAL,11.7,2.6,4.0,5.1
5168,0.3151,0,NORMAL,12.3,2.3,3.4,4.0
5169,0.2438,0,NORMAL,12.0,0.6,2.1,3.6
5170,0.3158,0,NORMAL,12.1,1.7,2.4,4.2
5171,0.2135,0,NORMAL,12.1,1.7,3.4,4.2
5172,0.904,0,WARNING,12.4,4.3,3.8,4.6
5173,0.9976,0,WARNING,12.6,5.5,3.2,4.6
5174,0.7553,0,WARNING,12.5,2.2,2.0,3.6
5175,0.2478,0,NORMAL,12.9,0.9,1.9,4.1
5176,0.7816,0,WARNING,14.2,3.8,4.8,6.2
5177,0.2905,0,NORMAL,14.2,3.5,4.5,4.8
5178,0.207,0,NORMAL,15.0,1.8,2.8,3.8
5179,0.2292,0,NORMAL,14.5,1.6,1.9,3.4
5180,0.6833,0,WARNING,14.9,2.6,2.1,3.7
5181,0.2299,0,NORMAL,14.4,1.4,2.2,3.2
5182,0.2135,0,NORMAL,12.8,1.7,2.0,2.7
5183,0.2135,0,NORMAL,11.4,1.4,1.9,3.2
5184,0.9042,0,WARNING,12.0,2.9,1.4,2.7
5185,0.2553,0,NORMAL,11.7,0.5,0.9,1.7
5186,0.2388,0,NORMAL,12.4,1.6,2.8,3.6
5187,0.6909,0,WARNING,12.6,3.2,3.8,4.0
5188,0.6884,0,WARNING,13.3,2.9,3.4,3.5
5189,0.2437,0,NORMAL,13.2,0.6,1.7,3.0
5190,0.5398,0,NORMAL,13.4,1.8,1.5,2.2
5191,0.2192,0,NORMAL,13.4,1.5,3.1,3.8
5192,0.7454,0,WARNING,14.3,3.6,4.1,3.7
5193,0.2227,0,NORMAL,14.1,1.2,1.8,2.4
5194,0.2463,0,NORMAL,14.3,0.9,1.6,2.7
5195,0.2475,0,NORMAL,14.1,0.5,1.3,2.3
5196,0.2253,0,NORMAL,14.7,2.2,3.9,3.9
5197,0.9473,0,WARNING,15.0,4.7,3.3,3.5
5198,0.2145,0,NORMAL,15.5,1.3,2.7,3.0
5199,0.2562,0,NORMAL,15.1,0.4,1.2,2.2
5200,0.3215,0,NORMAL,15.3,1.5,1.4,2.7
5201,0.2156,0,NORMAL,15.5,2.1,4.3,4.1
5202,0.2173,0,NORMAL,15.6,1.4,2.3,2.9
5203,0.6908,0,WARNING,15.4,3.0,2.3,3.3
5204,0.2531,0,NORMAL,15.3,0.9,1.2,2.8
5205,0.2513,0,NORMAL,13.4,0.7,1.3,2.9
5206,0.219,0,NORMAL,12.0,1.4,3.6,4.2
5207,0.9047,0,WARNING,12.8,11.5,14.0,5.7
5208,0.9987,0,WARNING,12.9,6.7,3.6,4.6
5209,0.2441,0,NORMAL,12.7,0.8,1.8,2.4
5210,0.4283,0,NORMAL,13.0,1.5,1.1,1.8
5211,0.2372,0,NORMAL,13.3,1.5,2.7,3.7
5212,0.6879,0,WARNING,14.2,3.1,3.0,3.7
5213,0.2527,0,NORMAL,13.4,0.5,1.2,2.6
5214,0.516,0,NORMAL,13.9,1.7,1.6,3.1
5215,0.2565,0,NORMAL,13.3,0.4,1.0,2.1
5216,0.2309,0,NORMAL,14.7,2.1,3.3,3.8
5217,0.2122,0,NORMAL,14.6,2.2,2.8,3.3
5218,0.2333,0,NORMAL,14.8,0.8,1.8,3.1
5219,0.2506,0,NORMAL,14.4,0.6,1.3,2.6
5220,0.9566,0,WARNING,14.5,4.0,1.2,2.5
5221,0.9995,0,WARNING,12.4,6.4,3.1,4.1
5222,0.2297,0,NORMAL,11.0,1.9,3.1,4.0
5223,0.2459,0,NORMAL,10.9,0.7,2.0,3.2
5224,0.2367,0,NORMAL,11.6,1.3,2.7,4.2
5225,0.2385,0,NORMAL,11.2,0.9,2.2,3.0
5226,0.2392,0,NORMAL,11.8,1.6,3.3,4.2
5227,0.3171,0,NORMAL,12.0,2.6,3.1,3.3
5228,0.2451,0,NORMAL,13.1,0.8,1.6,2.6
5229,0.4422,0,NORMAL,13.2,1.3,0.9,2.0
5230,0.3231,0,NORMAL,13.7,1.5,1.1,2.2
5231,0.2434,0,NORMAL,13.5,0.9,1.5,3.4
5232,0.2184,0,NORMAL,13.8,2.4,3.6,4.7
5233,0.2393,0,NORMAL,13.7,1.0,2.3,3.5
5234,0.9469,0,WARNING,14.2,3.7,2.6,4.3
5235,0.2465,0,NORMAL,13.8,0.7,2.1,3.9
5236,0.2102,0,NORMAL,14.3,2.4,3.4,3.2
5237,0.3106,0,NORMAL,14.5,3.1,3.2,3.6
5238,0.2078,0,NORMAL,15.3,2.2,4.3,5.2
5239,0.9201,0,WARNING,14.8,3.1,1.8,2.7
5240,0.3093,0,NORMAL,15.1,1.9,1.6,2.7
5241,0.2118,0,NORMAL,15.1,1.1,2.3,3.1
5242,0.2173,0,NORMAL,15.3,1.4,2.2,2.8
5243,0.2361,0,NORMAL,14.8,0.7,1.3,3.1
5244,0.2485,0,NORMAL,13.2,0.6,1.0,2.4
5245,0.2517,0,NORMAL,10.9,0.4,1.3,2.6
5246,0.2327,0,NORMAL,11.8,1.9,3.2,3.2
5247,0.9709,0,WARNING,11.9,6.0,3.0,2.7
5248,0.237,0,NORMAL,12.9,1.6,2.4,3.1
5249,0.254,0,NORMAL,12.6,0.8,1.2,2.1
5250,0.6238,0,WARNING,13.1,1.8,1.4,2.7
5251,0.2329,0,NORMAL,13.0,2.0,3.1,3.4
5252,0.2136,0,NORMAL,14.0,1.9,3.5,4.2
5253,0.2419,0,NORMAL,13.6,0.7,1.5,2.2
5254,0.2474,0,NORMAL,13.9,0.8,1.1,2.2
5255,0.2575,0,NORMAL,13.5,0.5,0.9,2.4
5256,0.2337,0,NORMAL,14.6,1.5,2.4,2.6
5257,0.226,0,NORMAL,14.5,2.5,2.8,3.0
5258,0.3236,0,NORMAL,14.9,1.1,1.6,2.6
5259,0.2554,0,NORMAL,14.4,0.3,1.0,2.2
5260,0.3265,0,NORMAL,15.0,1.4,0.9,1.7
5261,0.2288,0,NORMAL,15.3,1.6,2.1,2.6
5262,0.2238,0,NORMAL,15.4,2.4,3.2,3.4
5263,0.2341,0,NORMAL,15.1,1.4,1.6,2.0
5264,0.2454,0,NORMAL,15.6,0.8,1.3,2.5
5265,0.9569,0,WARNING,15.3,3.5,0.9,2.0
5266,0.2322,0,NORMAL,15.9,5.0,8.0,3.9
5267,0.9464,0,WARNING,16.4,8.0,9.5,6.0
5268,0.1989,0,NORMAL,16.2,1.7,3.2,3.2
5269,0.7846,0,WARNING,13.7,2.8,2.0,3.9
5270,0.4278,0,NORMAL,11.8,1.9,1.7,3.0
5271,0.598,0,NORMAL,12.9,4.0,7.0,6.0
5272,0.1877,0,NORMAL,13.4,2.7,5.8,6.2
5273,0.2287,0,NORMAL,12.9,1.4,2.5,3.9
5274,0.6802,0,WARNING,13.4,2.2,2.0,3.9
5275,0.8941,0,WARNING,12.9,2.5,2.1,3.8
5276,0.8261,0,WARNING,14.4,4.1,9.1,6.8
5277,0.2761,0,NORMAL,14.4,3.4,6.9,6.2
5278,0.6004,0,WARNING,14.2,2.6,2.5,3.1
5279,0.2494,0,NORMAL,14.1,1.2,1.3,3.2
5280,0.2987,0,NORMAL,14.3,1.8,1.2,2.7
5281,0.3398,0,NORMAL,12.6,2.6,3.5,3.9
5282,0.1935,0,NORMAL,12.7,2.9,8.8,9.2
5283,0.1962,0,NORMAL,12.7,1.9,4.0,4.0
5284,0.9949,0,WARNING,13.1,4.4,1.3,2.6
5285,0.5179,0,NORMAL,12.9,1.8,1.4,2.6
5286,0.2019,0,NORMAL,13.3,2.1,3.9,4.7
5287,0.4232,0,NORMAL,13.7,3.5,6.5,5.9
5288,0.2056,0,NORMAL,14.0,1.6,3.2,4.2
5289,0.2523,0,NORMAL,13.6,1.2,1.6,2.8
5290,0.3071,0,NORMAL,13.8,1.9,1.4,2.6
5291,0.2035,0,NORMAL,13.9,1.8,3.1,3.0
5292,0.2058,0,NORMAL,14.7,2.7,3.8,3.9
5293,0.23,0,NORMAL,14.5,1.0,1.5,2.2
5294,0.8586,0,WARNING,15.0,2.6,0.9,1.7
5295,0.2547,0,NORMAL,14.4,0.6,0.9,2.0
5296,0.2283,0,NORMAL,15.9,2.3,3.6,4.2
5297,0.441,0,NORMAL,15.9,3.2,3.9,3.5
5298,0.3397,0,NORMAL,15.5,2.3,2.8,3.6
5299,0.956,0,WARNING,15.3,3.5,1.6,3.0
5300,0.4329,0,NORMAL,15.5,2.0,1.3,2.1
5301,0.2087,0,NORMAL,15.4,1.8,2.3,2.6
5302,0.2299,0,NORMAL,16.1,2.1,2.7,2.3
5303,0.2215,0,NORMAL,15.9,1.5,2.0,2.5
5304,0.8841,0,WARNING,16.3,3.0,1.6,2.2
5305,0.3124,0,NORMAL,15.7,0.6,0.6,1.3
5306,0.2384,0,NORMAL,14.2,2.2,3.0,3.8
5307,0.3236,0,NORMAL,12.0,2.6,2.9,2.4
5308,0.229,0,NORMAL,13.1,1.6,2.4,2.6
5309,0.7468,0,WARNING,12.9,2.1,1.0,2.3
5310,0.5432,0,NORMAL,12.9,1.8,0.6,1.5
5311,0.2297,0,NORMAL,13.3,1.9,2.4,2.6
5312,0.5725,0,NORMAL,14.0,3.0,3.8,3.6
5313,0.2063,0,NORMAL,14.2,1.6,2.5,3.4
5314,0.437,0,NORMAL,14.5,1.5,0.9,1.6
5315,0.2592,0,NORMAL,14.0,0.5,0.5,1.5
5316,0.239,0,NORMAL,14.7,1.6,3.0,4.4
5317,0.5451,0,NORMAL,15.1,3.8,3.0,2.4
5318,0.2091,0,NORMAL,16.1,2.1,7.1,6.0
5319,0.6557,0,WARNING,15.5,2.0,3.8,4.2
5320,0.4286,0,NORMAL,15.6,1.8,1.8,2.5
5321,0.2214,0,NORMAL,16.0,2.0,3.0,2.8
5322,0.2087,0,NORMAL,16.1,2.5,2.9,2.7
5323,0.4378,0,NORMAL,16.1,2.1,1.9,2.5
5324,0.3124,0,NORMAL,16.1,0.6,0.8,1.2
5325,0.263,0,NORMAL,15.9,0.6,0.3,1.5
5326,0.2448,0,NORMAL,16.9,1.2,3.0,3.1
5327,0.9796,0,WARNING,16.9,11.2,9.8,3.6
5328,0.7407,0,WARNING,17.1,3.2,2.9,3.2
5329,0.2559,0,NORMAL,16.9,0.8,1.8,3.0
5330,0.4325,0,NORMAL,16.9,1.6,0.9,1.6
5331,0.2588,0,NORMAL,16.9,1.2,1.2,2.0
5332,0.2485,0,NORMAL,16.8,1.5,1.7,2.9
5333,0.3217,0,NORMAL,14.0,2.0,2.0,3.7
5334,0.4413,0,NORMAL,12.5,1.9,5.3,4.1
5335,0.2419,0,NORMAL,12.2,0.7,1.9,2.5
5336,0.784,0,WARNING,13.8,2.7,3.6,5.0
5337,0.3041,0,NORMAL,13.2,2.2,3.4,4.4
5338,0.3043,0,NORMAL,14.0,2.7,4.7,4.5
5339,0.2446,0,NORMAL,13.4,0.7,1.9,2.6
5340,0.3099,0,NORMAL,13.8,1.5,1.9,2.7
5341,0.1968,0,NORMAL,15.2,1.3,3.0,3.7
5342,0.7126,0,WARNING,17.7,3.1,5.0,4.5
5343,0.3135,0,NORMAL,17.7,1.7,4.3,5.0
5344,0.2286,0,NORMAL,17.9,0.9,2.2,3.1
5345,0.3116,0,NORMAL,17.6,0.9,1.7,1.7
5346,0.2281,0,NORMAL,18.0,1.9,3.0,3.3
5347,0.9802,0,WARNING,18.5,5.6,4.2,3.9
5348,0.1637,0,NORMAL,19.5,2.4,5.8,4.7
5349,0.2341,0,NORMAL,19.0,0.8,2.1,2.8
5350,0.3142,0,NORMAL,19.1,1.5,1.3,2.1
5351,0.2046,0,NORMAL,19.5,1.8,3.7,3.7
5352,0.7448,0,WARNING,20.3,4.1,5.9,5.5
5353,0.1689,0,NORMAL,19.8,1.7,3.5,3.9
5354,0.2425,0,NORMAL,20.3,0.9,1.4,2.1
5355,0.2582,0,NORMAL,19.7,0.6,0.8,1.5
5356,0.2339,0,NORMAL,20.5,2.8,4.1,4.6
5357,0.9642,0,WARNING,20.2,5.3,4.0,4.4
5358,0.1957,0,NORMAL,20.3,2.0,2.8,3.1
5359,0.2365,0,NORMAL,20.1,1.5,1.6,3.3
5360,0.5351,0,NORMAL,20.4,2.4,1.7,3.3
5361,0.8823,0,WARNING,20.3,3.5,1.3,2.0
5362,0.2002,0,NORMAL,20.9,1.8,3.3,3.2
5363,0.2104,0,NORMAL,20.6,1.4,3.0,3.4
5364,0.242,0,NORMAL,20.7,0.7,1.6,2.2
5365,0.5429,0,NORMAL,19.7,1.9,2.0,2.8
5366,0.2087,0,NORMAL,18.4,2.1,3.4,3.4
5367,0.3228,0,NORMAL,17.0,2.8,3.5,3.8
5368,0.2044,0,NORMAL,17.8,1.7,2.9,3.0
5369,0.243,0,NORMAL,17.5,0.7,1.5,2.5
5370,0.6253,0,WARNING,17.9,2.3,1.8,2.8
5371,0.4991,0,NORMAL,18.1,3.0,3.5,2.9
5372,0.2005,0,NORMAL,18.8,2.6,3.9,4.0
5373,0.2004,0,NORMAL,18.8,2.0,3.2,3.1
5374,0.7893,0,WARNING,19.4,2.3,1.8,2.5
5375,0.2427,0,NORMAL,18.9,0.5,1.4,2.0
5376,0.2504,0,NORMAL,19.7,1.4,2.1,2.5
5377,0.447,0,NORMAL,19.7,2.8,2.8,3.0
5378,0.2041,0,NORMAL,20.9,2.3,6.2,6.2
5379,0.9564,0,WARNING,20.0,3.6,2.0,2.3
5380,0.241,0,NORMAL,20.4,1.5,1.3,2.0
5381,0.2303,0,NORMAL,21.4,2.3,7.5,6.8
5382,0.2128,0,NORMAL,21.7,2.3,5.0,3.6
5383,0.9041,0,WARNING,21.3,4.5,3.4,3.7
5384,0.2396,0,NORMAL,21.8,1.7,4.0,4.7
5385,0.3113,0,NORMAL,21.0,0.6,1.4,1.3
5386,0.9291,0,WARNING,22.1,5.0,5.9,4.1
5387,0.8809,0,WARNING,22.5,6.5,8.1,5.0
5388,0.9547,0,WARNING,23.6,6.1,11.2,8.9
5389,0.2939,0,NORMAL,22.7,2.4,9.5,6.4
5390,0.2824,0,NORMAL,20.2,2.9,7.9,7.4
5391,0.7807,0,WARNING,18.0,4.3,5.5,4.9
5392,0.9525,0,WARNING,19.2,6.2,11.4,8.8
5393,0.1799,0,NORMAL,19.7,2.3,7.3,5.9
5394,0.5991,0,NORMAL,20.1,2.6,8.7,6.8
5395,0.1901,0,NORMAL,19.9,1.5,6.8,6.0
5396,0.1393,0,NORMAL,20.1,2.3,7.6,7.1
5397,0.6074,0,WARNING,20.5,3.7,9.2,7.7
5398,0.675,0,WARNING,21.4,3.8,15.3,10.9
5399,0.2093,0,NORMAL,21.2,2.3,8.7,7.0
5400,0.6701,0,WARNING,20.9,2.9,5.6,4.8
5401,0.7317,0,WARNING,18.4,3.2,5.3,5.3
5402,0.2117,0,NORMAL,19.3,3.6,12.6,11.3
5403,0.9692,0,WARNING,19.3,5.5,14.5,11.8
5404,0.1761,0,NORMAL,19.8,2.0,7.5,6.2
5405,0.1594,0,NORMAL,19.5,1.8,7.0,6.4
5406,0.2902,0,NORMAL,20.3,3.3,12.5,12.1
5407,0.517,0,NORMAL,20.0,3.0,8.1,8.1
5408,0.1927,0,NORMAL,20.7,1.9,7.5,8.4
5409,0.9692,0,WARNING,19.9,4.0,5.6,5.6
5410,0.4134,0,NORMAL,20.2,2.1,4.8,4.6
5411,0.1516,0,NORMAL,20.2,2.2,7.1,5.8
5412,0.1411,0,NORMAL,21.1,2.8,9.9,9.5
5413,0.1619,0,NORMAL,21.1,2.3,8.5,7.5
5414,0.9448,0,WARNING,21.0,3.7,6.7,6.4
5415,0.7313,0,WARNING,21.7,1.7,12.9,8.2
5416,0.1713,0,NORMAL,22.0,2.6,8.6,8.2
5417,0.4082,0,NORMAL,21.1,4.2,11.2,8.3
5418,0.1286,0,NORMAL,19.8,2.8,10.0,9.2
5419,0.2942,0,NORMAL,18.1,2.4,9.1,9.1
5420,0.2732,0,NORMAL,18.5,2.4,5.8,5.9
5421,0.9448,0,WARNING,19.0,3.8,8.6,7.9
5422,0.1155,0,NORMAL,19.7,3.3,10.1,8.2
5423,0.171,0,NORMAL,19.6,1.7,8.6,7.4
5424,0.1619,0,NORMAL,20.1,2.0,9.4,7.8
5425,0.4143,0,NORMAL,20.5,1.9,13.0,9.0
5426,0.304,0,NORMAL,22.2,3.9,15.9,12.9
5427,0.9316,0,WARNING,20.7,5.5,12.0,9.8
5428,0.193,0,NORMAL,21.4,3.0,11.4,10.5
5429,0.1991,0,NORMAL,21.7,1.4,10.1,7.3
5430,0.5102,0,NORMAL,22.5,3.3,11.8,9.2
5431,0.2197,0,NORMAL,22.2,3.4,14.2,10.7
5432,0.2277,0,NORMAL,23.0,4.0,15.6,12.4
5433,0.2314,0,NORMAL,21.9,2.6,9.9,8.4
5434,0.7277,0,WARNING,20.6,3.5,8.9,8.2
5435,0.195,0,NORMAL,19.2,2.5,12.0,10.7
5436,0.1929,0,NORMAL,19.8,3.0,12.8,10.6
5437,0.2744,0,NORMAL,20.0,3.5,12.4,10.5
5438,0.1929,0,NORMAL,21.4,2.9,12.2,10.6
5439,0.9935,0,WARNING,22.9,6.2,16.6,14.0
5440,0.5005,0,NORMAL,21.3,2.6,7.9,7.0
5441,0.1448,0,NORMAL,22.3,3.2,10.3,8.3
5442,0.2355,0,NORMAL,23.2,3.1,10.1,9.4
5443,0.1636,0,NORMAL,21.8,2.5,10.1,9.7
5444,0.1647,0,NORMAL,22.2,1.7,7.4,6.3
5445,0.3393,0,NORMAL,23.3,3.1,15.3,12.9
5446,0.287,0,NORMAL,23.7,5.5,19.2,13.1
5447,0.4654,0,NORMAL,25.2,5.2,18.1,15.6
5448,0.3723,0,NORMAL,23.2,2.5,12.1,10.1
5449,0.1435,0,NORMAL,20.7,1.8,9.3,8.8
5450,0.5903,0,NORMAL,21.6,4.9,17.9,16.2
5451,0.9678,0,WARNING,23.1,6.2,19.5,16.4
5452,1.0,0,ANOMALY,26.4,9.5,27.6,23.1
5453,0.5436,0,NORMAL,23.3,3.9,15.9,12.7
5454,0.2699,0,NORMAL,23.4,3.0,15.9,12.7
5455,0.2095,0,NORMAL,23.5,2.5,11.2,10.0
5456,0.2351,0,NORMAL,25.2,3.4,13.2,12.5
5457,0.8107,0,WARNING,25.4,5.8,19.0,16.4
5458,0.2725,0,NORMAL,26.0,3.5,15.2,12.7
5459,0.2718,0,NORMAL,24.9,2.5,12.0,12.0
5460,0.2721,0,NORMAL,25.1,2.9,9.9,9.0
5461,0.291,0,NORMAL,20.7,4.4,15.5,13.6
5462,0.2006,0,NORMAL,16.5,4.3,13.1,10.8
5463,0.7719,0,WARNING,16.2,3.8,12.3,8.9
5464,0.6496,0,WARNING,19.2,5.2,24.5,21.6
5465,0.4059,0,NORMAL,17.1,2.7,16.2,10.5
5466,0.4948,0,NORMAL,18.6,4.6,17.0,11.9
5467,0.8081,0,WARNING,18.7,6.3,17.3,15.4
5468,0.5773,0,NORMAL,18.5,4.1,12.9,11.0
5469,0.3698,0,NORMAL,20.0,3.5,14.9,13.5
5470,0.978,0,WARNING,19.0,4.3,9.6,8.5
5471,0.4501,0,NORMAL,18.3,2.8,8.2,7.8
5472,0.1994,0,NORMAL,18.3,3.4,10.6,8.8
5473,0.2074,0,NORMAL,17.9,2.2,7.7,7.7
5474,0.2165,0,NORMAL,19.0,2.2,11.0,9.0
5475,0.7242,0,WARNING,16.8,3.1,14.2,9.2
5476,0.2901,0,NORMAL,15.5,4.5,15.7,12.9
5477,0.3954,0,NORMAL,15.4,4.9,16.2,12.9
5478,0.2044,0,NORMAL,15.7,4.0,12.6,10.1
5479,0.3173,0,NORMAL,16.6,2.9,10.0,9.1
5480,0.5035,0,NORMAL,16.6,3.2,8.8,8.7
5481,1.0,0,ANOMALY,17.1,7.6,10.9,9.2
5482,0.3083,0,NORMAL,18.0,4.1,16.0,13.1
5483,0.2675,0,NORMAL,18.1,3.7,17.5,12.5
5484,0.2549,0,NORMAL,17.7,2.4,13.1,11.0
5485,0.2968,0,NORMAL,18.8,3.1,16.6,13.5
5486,0.772,0,WARNING,19.9,5.2,16.9,14.1
5487,0.4655,0,NORMAL,20.7,4.4,15.4,11.5
5488,0.3523,0,NORMAL,19.3,2.9,11.9,10.1
5489,0.2973,0,NORMAL,18.9,2.8,15.0,13.4
5490,0.3874,0,NORMAL,17.4,3.7,14.1,12.5
5491,1.0,0,ANOMALY,20.1,8.9,22.0,18.3
5492,0.7143,0,WARNING,21.8,6.6,31.6,23.3
5493,0.6434,0,WARNING,21.6,6.7,28.3,21.2
5494,0.5018,0,NORMAL,22.3,5.1,22.3,17.0
5495,1.0,0,WARNING,24.6,8.6,23.3,18.1
5496,0.391,0,NORMAL,21.2,3.2,12.9,9.6
5497,0.3615,0,NORMAL,22.0,5.2,13.3,11.2
5498,0.2973,0,NORMAL,21.7,4.6,17.9,15.6
5499,0.3624,0,NORMAL,21.9,3.9,18.1,14.5
5500,0.4803,0,NORMAL,22.0,4.2,16.0,14.2
5501,0.2774,0,NORMAL,19.9,2.4,11.0,9.4
5502,0.1564,0,NORMAL,17.8,3.7,11.0,9.7
5503,0.2365,0,NORMAL,15.2,3.4,13.5,11.9
5504,0.1185,0,NORMAL,15.8,2.1,9.8,8.4
5505,0.5961,0,NORMAL,16.0,3.2,10.5,9.4
5506,0.5138,0,NORMAL,18.7,7.0,20.8,14.6
5507,0.8956,0,WARNING,18.4,8.4,18.8,11.4
5508,0.3252,0,NORMAL,19.4,3.5,11.5,10.9
5509,0.1611,0,NORMAL,19.2,2.6,11.6,10.2
5510,0.8948,0,WARNING,18.5,4.7,11.0,10.3
5511,0.1766,0,NORMAL,18.9,3.4,11.5,9.9
5512,0.1971,0,NORMAL,20.0,3.9,12.3,10.8
5513,0.2386,0,NORMAL,20.2,3.1,13.4,10.8
5514,0.5872,0,NORMAL,20.6,2.4,14.8,10.6
5515,0.3371,0,NORMAL,21.0,3.0,14.8,12.4
5516,0.8951,0,WARNING,19.9,5.7,21.8,15.8
5517,0.7139,0,WARNING,17.4,5.5,19.4,15.8
5518,0.4653,0,NORMAL,17.6,4.8,19.5,15.2
5519,0.3212,0,NORMAL,16.9,3.2,15.0,12.8
5520,0.2879,0,NORMAL,17.7,4.0,14.4,12.2
5521,0.7137,0,WARNING,18.3,4.9,13.4,12.7
5522,0.4851,0,NORMAL,19.6,4.6,13.8,11.7
5523,0.37,0,NORMAL,22.3,3.7,15.7,14.2
5524,0.3703,0,NORMAL,23.0,3.6,14.5,12.6
5525,0.2881,0,NORMAL,23.2,4.1,18.7,12.9
5526,0.5369,0,NORMAL,25.1,4.5,15.0,12.2
5527,0.5808,0,NORMAL,22.9,4.9,15.2,13.9
5528,0.5089,0,NORMAL,24.0,3.3,16.2,14.7
5529,0.3391,0,NORMAL,23.7,4.3,19.8,14.4
5530,0.5986,0,NORMAL,26.6,5.3,22.0,17.8
5531,0.6481,0,WARNING,24.9,4.9,16.8,13.3
5532,0.3778,0,NORMAL,25.7,4.0,17.7,14.9
5533,0.768,0,WARNING,24.3,4.5,23.1,15.9
5534,0.4035,0,NORMAL,21.6,3.1,14.6,12.9
5535,0.1925,0,NORMAL,20.2,2.1,10.5,9.4
5536,0.7187,0,WARNING,23.1,5.4,16.3,13.1
5537,0.4441,0,NORMAL,23.1,6.5,19.2,16.0
5538,0.4654,0,NORMAL,24.3,4.8,18.8,15.4
5539,0.3828,0,NORMAL,24.2,3.7,16.1,12.0
5540,0.7624,0,WARNING,23.8,5.0,13.6,12.3
5541,1.0,0,ANOMALY,25.1,7.5,19.5,15.2
5542,0.2967,0,NORMAL,23.8,3.6,14.6,11.5
5543,0.2879,0,NORMAL,23.8,3.2,13.2,12.1
5544,0.8706,0,WARNING,25.1,5.8,21.4,18.3
5545,0.8693,0,WARNING,24.2,5.0,18.0,15.0
5546,0.3128,0,NORMAL,21.8,4.2,17.4,13.3
5547,0.6129,0,WARNING,23.7,6.1,21.8,17.4
5548,0.4046,0,NORMAL,23.2,4.2,17.9,14.3
5549,0.4822,0,NORMAL,22.3,3.4,12.2,11.7
5550,0.3766,0,NORMAL,22.2,3.7,14.4,12.0
5551,0.3779,0,NORMAL,23.0,3.9,19.6,15.4
5552,0.2591,0,NORMAL,23.1,4.2,15.7,12.7
5553,0.2878,0,NORMAL,24.3,3.9,14.4,11.8
5554,0.3706,0,NORMAL,24.3,4.6,18.4,14.1
5555,0.2875,0,NORMAL,23.4,4.0,15.0,12.2
5556,0.4843,0,NORMAL,25.8,4.8,16.7,12.1
5557,0.3829,0,NORMAL,25.5,5.2,14.0,12.1
5558,0.3706,0,NORMAL,22.8,3.3,12.6,12.3
5559,0.2091,0,NORMAL,19.0,2.5,12.1,10.6
5560,0.5838,0,NORMAL,19.9,3.5,13.3,11.7
5561,0.3134,0,NORMAL,21.5,2.9,14.2,10.4
5562,0.4657,0,NORMAL,23.1,3.8,11.2,8.9
5563,0.7438,0,WARNING,22.9,4.4,19.0,12.5
5564,0.4257,0,NORMAL,23.7,3.3,15.0,13.1
5565,0.8095,0,WARNING,22.6,4.1,14.3,12.9
5566,0.2093,0,NORMAL,22.0,3.5,12.3,9.7
5567,0.9062,0,WARNING,23.2,6.4,17.5,18.3
5568,0.5662,0,NORMAL,24.6,5.1,21.6,18.6
5569,0.927,0,WARNING,24.1,5.4,16.1,13.2
5570,0.584,0,NORMAL,26.1,5.0,16.6,13.9
5571,0.4257,0,NORMAL,23.2,4.6,15.6,13.2
5572,0.4655,0,NORMAL,22.1,5.0,19.6,15.7
5573,0.5094,0,NORMAL,22.8,4.8,22.7,17.6
5574,0.8892,0,WARNING,22.9,4.2,13.4,11.7
5575,0.2276,0,NORMAL,21.9,3.0,12.7,12.2
5576,0.913,0,WARNING,24.0,4.7,22.2,13.8
5577,0.8017,0,WARNING,25.1,7.4,17.5,14.3
5578,0.8365,0,WARNING,24.6,6.2,17.4,14.7
5579,0.5554,0,NORMAL,24.4,5.0,21.4,18.4
5580,0.9092,0,WARNING,23.6,6.1,14.9,12.0
5581,0.4842,0,NORMAL,21.1,5.4,21.4,17.7
5582,0.7068,0,WARNING,16.1,5.2,14.5,12.9
5583,0.4138,0,NORMAL,15.9,3.7,15.0,11.0
5584,0.3358,0,NORMAL,17.5,4.9,17.6,14.0
5585,0.6485,0,WARNING,17.2,5.1,16.1,12.4
5586,0.393,0,NORMAL,18.7,5.5,19.2,15.5
5587,0.8402,0,WARNING,20.7,6.5,20.8,17.5
5588,0.3866,0,NORMAL,20.2,3.8,17.9,14.7
5589,0.6472,0,WARNING,19.1,4.5,17.2,14.0
5590,0.8915,0,WARNING,19.6,6.0,17.9,14.5
5591,0.2646,0,NORMAL,18.8,3.5,14.3,10.5
5592,0.2899,0,NORMAL,20.0,4.6,16.8,13.4
5593,0.1923,0,NORMAL,19.2,3.4,13.6,10.9
5594,0.9373,0,WARNING,18.4,5.7,16.6,13.8
5595,1.0,0,ANOMALY,14.7,7.9,11.4,9.3
5596,0.1925,0,NORMAL,15.9,3.6,14.6,11.6
5597,0.3758,0,NORMAL,16.9,5.2,14.6,12.2
5598,0.3132,0,NORMAL,17.8,4.1,14.8,10.8
5599,0.2603,0,NORMAL,16.9,3.2,12.8,10.9
5600,0.4176,0,NORMAL,18.1,4.4,17.1,15.2
5601,0.5802,0,NORMAL,18.6,5.5,15.5,10.9
5602,0.894,0,WARNING,18.6,5.7,14.1,10.2
5603,0.1872,0,NORMAL,17.5,3.6,13.4,11.2
5604,0.1189,0,NORMAL,18.1,2.4,9.8,7.6
5605,0.3608,0,NORMAL,19.4,3.1,13.0,11.0
5606,0.4463,0,NORMAL,20.2,4.6,17.3,14.8
5607,0.5654,0,NORMAL,17.4,5.8,19.0,15.9
5608,0.3696,0,NORMAL,15.5,3.9,15.4,12.0
5609,0.1752,0,NORMAL,15.3,2.6,13.0,10.5
5610,0.3534,0,NORMAL,16.7,4.0,16.1,13.9
5611,0.1985,0,NORMAL,16.9,3.6,13.1,9.7
5612,0.4954,0,NORMAL,18.8,5.3,15.8,11.9
5613,0.3279,0,NORMAL,17.6,5.0,15.7,13.2
5614,0.9975,0,WARNING,18.4,7.0,14.5,11.4
5615,0.5026,0,NORMAL,20.7,4.9,18.8,14.4
5616,0.9513,0,WARNING,20.7,6.1,17.9,15.0
5617,0.5866,0,NORMAL,20.7,5.7,22.1,15.2
5618,0.3654,0,NORMAL,19.2,3.4,12.2,10.1
5619,0.3466,0,NORMAL,20.3,4.6,19.9,14.5
5620,0.9406,0,WARNING,20.1,5.2,14.9,12.3
5621,0.2202,0,NORMAL,16.8,3.2,13.8,12.5
5622,0.4258,0,NORMAL,17.3,4.7,17.3,13.4
5623,0.2679,0,NORMAL,15.8,3.3,13.8,10.2
5624,0.1209,0,NORMAL,16.7,2.4,10.9,8.2
5625,0.1495,0,NORMAL,17.3,2.1,10.9,8.1
5626,0.8754,0,WARNING,17.4,8.3,21.8,12.2
5627,0.6867,0,WARNING,17.8,4.5,19.4,13.0
5628,0.2905,0,NORMAL,19.2,4.6,17.5,13.6
5629,0.4458,0,NORMAL,20.3,4.1,19.6,15.4
5630,0.6494,0,WARNING,19.0,4.8,20.0,14.3
5631,0.2453,0,NORMAL,18.0,2.0,9.3,8.0
5632,0.1683,0,NORMAL,18.9,3.9,13.2,10.6
5633,0.3372,0,NORMAL,20.2,3.3,12.9,11.4
5634,0.2285,0,NORMAL,19.9,3.7,16.1,12.7
5635,0.2599,0,NORMAL,18.3,3.3,14.8,12.4
5636,0.6579,0,WARNING,18.4,4.6,16.9,14.6
5637,0.446,0,NORMAL,17.4,4.9,19.8,16.3
5638,0.6444,0,WARNING,17.9,4.0,18.9,13.6
5639,0.3255,0,NORMAL,18.0,3.1,14.4,12.2
5640,0.2365,0,NORMAL,16.8,2.8,10.1,9.1
5641,0.1525,0,NORMAL,18.5,2.6,9.5,8.2
5642,0.5895,0,NORMAL,20.6,5.0,12.7,11.0
5643,0.2866,0,NORMAL,21.2,3.9,14.7,12.5
5644,0.2318,0,NORMAL,22.3,2.9,13.0,10.1
5645,0.2591,0,NORMAL,22.6,3.5,15.5,12.3
5646,0.7224,0,WARNING,25.0,4.8,16.1,14.4
5647,0.5849,0,NORMAL,24.9,5.7,21.4,18.0
5648,0.9877,0,WARNING,23.8,6.4,16.9,14.2
5649,0.3652,0,NORMAL,23.2,4.0,14.3,10.8
5650,0.806,0,WARNING,25.8,5.2,14.7,12.7
5651,0.6944,0,WARNING,23.9,3.6,18.5,13.0
5652,0.4126,0,NORMAL,26.0,4.9,19.8,15.8
5653,0.3316,0,NORMAL,22.4,3.5,16.2,14.0
5654,0.3709,0,NORMAL,21.3,3.7,17.1,14.2
5655,0.2354,0,NORMAL,20.6,2.4,10.9,9.1
5656,0.2876,0,NORMAL,21.7,3.2,12.6,11.7
5657,0.587,0,NORMAL,21.8,5.7,20.0,14.2
5658,0.2876,0,NORMAL,21.9,4.3,15.1,12.1
5659,0.2092,0,NORMAL,21.5,3.3,13.0,10.9
5660,0.9779,0,WARNING,22.1,6.2,13.3,11.8
5661,0.2511,0,NORMAL,21.8,3.6,15.9,12.6
5662,0.1982,0,NORMAL,21.4,2.8,10.5,8.6
5663,0.1343,0,NORMAL,22.5,2.9,11.5,9.7
5664,0.7024,0,WARNING,22.3,2.4,14.1,9.6
5665,0.2966,0,NORMAL,22.9,3.0,16.5,12.2
5666,0.8459,0,WARNING,22.4,4.9,14.9,11.0
5667,0.4977,0,NORMAL,22.7,4.7,15.3,12.6
5668,0.2625,0,NORMAL,20.6,3.5,14.5,11.8
5669,0.1878,0,NORMAL,20.4,2.0,10.1,8.5
5670,0.3988,0,NORMAL,21.0,2.8,8.3,7.3
5671,0.7286,0,WARNING,21.0,4.5,10.3,9.4
5672,0.1692,0,NORMAL,21.0,3.1,11.1,9.8
5673,0.8498,0,WARNING,22.8,4.6,14.2,13.3
5674,0.2358,0,NORMAL,21.6,3.6,13.0,10.5
5675,0.725,0,WARNING,21.8,4.6,13.3,10.7
5676,0.2113,0,NORMAL,23.0,3.4,14.1,11.5
5677,0.2651,0,NORMAL,23.5,4.5,15.1,12.0
5678,0.5078,0,NORMAL,24.9,4.4,19.7,13.4
5679,0.3466,0,NORMAL,23.5,3.0,11.6,9.3
5680,0.8732,0,WARNING,24.0,5.3,14.7,12.7
5681,0.2908,0,NORMAL,23.5,3.5,14.9,12.9
5682,0.2876,0,NORMAL,21.2,4.4,17.2,13.4
5683,0.3372,0,NORMAL,21.9,3.4,12.7,9.7
5684,0.1832,0,NORMAL,20.7,2.0,9.7,8.2
5685,0.9432,0,WARNING,21.2,4.9,9.7,8.7
5686,1.0,0,ANOMALY,23.1,4.8,16.9,19.7
5687,0.6534,0,WARNING,22.0,4.4,15.9,12.6
5688,0.1972,0,NORMAL,21.7,3.3,13.5,10.5
5689,0.2237,0,NORMAL,21.4,2.0,10.9,10.5
5690,0.9513,0,WARNING,23.5,4.0,21.5,14.1
5691,0.9109,0,WARNING,23.7,4.4,19.4,11.8
5692,0.3339,0,NORMAL,23.1,3.9,14.5,11.8
5693,0.1747,0,NORMAL,22.5,3.0,12.5,9.2
5694,0.4258,0,NORMAL,26.0,3.4,14.4,11.5
5695,0.2235,0,NORMAL,23.5,1.6,8.0,7.1
5696,0.2066,0,NORMAL,23.7,2.6,9.0,7.6
5697,0.4038,0,NORMAL,21.8,4.2,9.1,7.6
5698,0.141,0,NORMAL,19.7,2.5,10.0,8.9
5699,0.1556,0,NORMAL,20.1,1.9,10.3,9.1
5700,0.4111,0,NORMAL,20.6,3.5,15.2,11.3
5701,0.1789,0,NORMAL,18.6,2.6,10.4,8.0
5702,0.7303,0,WARNING,18.7,4.5,9.6,7.7
5703,0.0819,0,NORMAL,20.4,2.6,9.2,7.5
5704,0.6032,0,WARNING,22.9,4.0,13.1,10.8
5705,0.5875,0,NORMAL,23.0,3.4,18.1,12.7
5706,0.6361,0,WARNING,24.2,4.0,20.1,14.3
5707,0.3857,0,NORMAL,23.8,4.8,12.1,8.3
5708,0.2435,0,NORMAL,24.3,3.9,14.3,11.6
5709,0.2609,0,NORMAL,23.9,3.3,13.6,11.3
5710,0.5023,0,NORMAL,25.2,3.8,15.9,11.7
5711,0.3371,0,NORMAL,26.3,3.4,13.5,10.4
5712,0.2893,0,NORMAL,25.4,4.5,16.6,13.4
5713,0.7195,0,WARNING,24.7,5.1,14.0,10.1
5714,0.2742,0,NORMAL,25.1,2.9,14.6,11.5
5715,0.87,0,WARNING,23.9,1.8,16.2,9.5
5716,0.2656,0,NORMAL,23.6,2.7,7.8,6.7
5717,0.4002,0,NORMAL,21.3,3.8,9.1,7.4
5718,0.1781,0,NORMAL,19.6,4.3,13.2,11.0
5719,0.1481,0,NORMAL,18.6,2.8,11.7,9.3
5720,0.8748,0,WARNING,19.6,4.6,10.0,7.5
5721,1.0,0,ANOMALY,20.3,5.9,8.6,7.4
5722,0.2436,0,NORMAL,21.2,3.3,13.7,11.6
5723,0.1808,0,NORMAL,20.5,3.1,12.7,10.3
5724,0.671,0,WARNING,22.1,3.2,20.0,13.4
5725,0.3309,0,NORMAL,19.6,1.8,9.7,7.3
5726,0.6688,0,WARNING,20.4,4.3,9.4,7.3
5727,0.2781,0,NORMAL,21.3,3.8,13.4,11.0
5728,0.1431,0,NORMAL,20.1,2.4,8.3,6.9
5729,0.173,0,NORMAL,20.6,1.5,8.4,8.5
5730,0.2885,0,NORMAL,20.3,2.5,9.4,8.5
5731,0.1387,0,NORMAL,20.3,2.6,10.2,8.3
5732,0.6544,0,WARNING,21.0,3.1,13.0,7.8
5733,0.9174,0,WARNING,21.1,4.9,9.2,7.3
5734,0.1678,0,NORMAL,21.4,1.3,6.1,5.8
5735,0.1617,0,NORMAL,21.1,1.8,9.0,7.2
5736,0.1893,0,NORMAL,19.7,3.2,12.1,9.8
5737,0.2865,0,NORMAL,18.1,3.3,8.8,6.7
5738,0.1341,0,NORMAL,18.9,2.5,9.1,7.6
5739,0.136,0,NORMAL,20.2,2.1,10.6,9.2
5740,0.4181,0,NORMAL,20.3,3.1,9.7,8.4
5741,0.1788,0,NORMAL,20.7,3.6,13.7,10.7
5742,0.2041,0,NORMAL,20.2,2.5,9.2,7.6
5743,0.1394,0,NORMAL,20.5,3.2,10.8,9.6
5744,0.1487,0,NORMAL,22.1,2.4,9.8,7.9
5745,0.1335,0,NORMAL,20.8,1.7,6.5,5.2
5746,0.9186,0,WARNING,22.0,6.5,12.2,8.5
5747,0.7801,0,WARNING,22.8,6.9,14.9,8.1
5748,0.2824,0,NORMAL,22.0,3.7,9.4,7.1
5749,0.2725,0,NORMAL,21.5,2.1,8.4,8.6
5750,0.5126,0,NORMAL,21.5,2.3,5.6,5.2
5751,0.1542,0,NORMAL,21.5,2.1,6.8,5.8
5752,0.1688,0,NORMAL,22.6,2.8,7.4,6.0
5753,0.1811,0,NORMAL,22.7,2.9,10.7,9.5
5754,0.1432,0,NORMAL,20.7,2.1,9.5,8.9
5755,0.239,0,NORMAL,19.0,2.4,12.4,9.5
5756,0.9544,0,WARNING,19.4,5.5,11.7,9.4
5757,0.4077,0,NORMAL,20.3,3.8,8.8,7.2
5758,0.1395,0,NORMAL,20.1,2.7,6.6,6.0
5759,0.9746,0,WARNING,19.1,2.9,4.4,5.6
5760,0.6749,0,WARNING,19.3,2.8,6.0,5.9
5761,0.1548,0,NORMAL,15.4,2.0,6.4,5.6
5762,0.2132,0,NORMAL,13.2,3.0,9.5,7.3
5763,0.6788,0,WARNING,13.6,3.4,9.2,7.9
5764,0.1558,0,NORMAL,15.6,2.1,8.4,7.1
5765,0.1539,0,NORMAL,15.7,2.2,9.7,7.3
5766,0.7351,0,WARNING,16.7,4.9,17.0,10.6
5767,0.4036,0,NORMAL,16.8,4.4,13.6,11.7
5768,0.5065,0,NORMAL,17.2,4.3,12.2,8.8
5769,0.2353,0,NORMAL,17.7,3.4,12.6,10.4
5770,0.2716,0,NORMAL,16.7,2.5,8.4,6.8
5771,0.1179,0,NORMAL,17.0,2.8,9.1,7.7
5772,0.9624,0,WARNING,16.8,5.8,9.9,6.9
5773,0.1538,0,NORMAL,17.3,2.5,8.5,6.5
5774,0.1584,0,NORMAL,17.7,1.9,7.8,7.0
5775,0.6753,0,WARNING,17.9,3.8,10.4,8.8
5776,0.1502,0,NORMAL,18.2,3.0,11.1,9.7
5777,0.2826,0,NORMAL,18.4,5.2,15.6,12.7
5778,0.2434,0,NORMAL,18.1,3.5,10.9,8.5
5779,0.1268,0,NORMAL,16.0,2.2,7.0,7.3
5780,0.4068,0,NORMAL,13.2,2.7,5.5,5.9
5781,0.7794,0,WARNING,13.9,4.0,10.8,7.4
5782,0.2812,0,NORMAL,15.0,3.8,12.5,9.5
5783,0.2207,0,NORMAL,14.7,2.4,8.5,6.4
5784,0.521,0,NORMAL,15.5,2.7,7.2,6.3
5785,0.1705,0,NORMAL,14.8,1.6,7.8,5.4
5786,0.3523,0,NORMAL,16.3,2.9,11.8,7.6
5787,0.8533,0,WARNING,15.5,5.1,9.9,6.8
5788,0.0753,0,NORMAL,16.4,2.9,9.3,7.7
5789,0.1311,0,NORMAL,16.3,2.0,9.2,7.5
5790,0.983,0,WARNING,15.9,5.0,6.8,6.0
5791,0.1058,0,NORMAL,16.0,2.3,7.8,6.7
5792,0.1061,0,NORMAL,17.0,3.0,8.9,6.8
5793,0.1291,0,NORMAL,17.1,2.5,9.9,8.7
5794,0.1346,0,NORMAL,17.1,1.7,9.4,7.1
5795,0.6771,0,WARNING,17.2,3.8,11.1,9.6
5796,0.5173,0,NORMAL,18.8,4.3,13.3,9.3
5797,0.6708,0,WARNING,17.6,4.3,11.8,9.9
5798,0.2721,0,NORMAL,18.1,4.2,11.4,9.8
5799,0.9434,0,WARNING,15.3,4.2,9.0,8.5
5800,0.5981,0,NORMAL,13.7,3.0,11.3,8.2
5801,0.1573,0,NORMAL,13.5,3.1,11.4,9.5
5802,0.0947,0,NORMAL,14.2,3.4,9.4,7.7
5803,0.1215,0,NORMAL,15.2,2.6,8.4,7.0
5804,0.8994,0,WARNING,15.4,4.1,11.4,10.9
5805,0.6176,0,WARNING,15.5,3.2,16.3,10.8
5806,0.3677,0,NORMAL,16.1,5.9,17.3,10.3
5807,0.4992,0,NORMAL,17.0,5.9,15.3,10.3
5808,0.2422,0,NORMAL,16.6,3.8,13.9,11.2
5809,0.6622,0,WARNING,17.6,2.9,17.2,12.8
5810,0.8582,0,WARNING,23.6,8.2,37.5,28.2
5811,0.7041,0,WARNING,20.2,4.5,23.2,16.0
5812,0.3887,0,NORMAL,18.0,3.5,12.1,9.3
5813,0.5537,0,NORMAL,16.1,3.3,14.6,11.7
5814,0.4655,0,NORMAL,16.5,4.1,19.1,16.4
5815,0.2356,0,NORMAL,15.4,2.5,12.2,11.7
5816,0.9145,0,WARNING,16.9,5.4,16.5,13.8
5817,0.3636,0,NORMAL,16.4,5.5,17.2,14.3
5818,0.4148,0,NORMAL,17.1,4.1,15.8,13.6
5819,0.9953,0,WARNING,15.1,5.9,10.6,9.6
5820,0.2596,0,NORMAL,16.5,3.4,14.3,12.0
5821,0.2865,0,NORMAL,15.6,3.6,13.9,12.0
5822,0.4432,0,NORMAL,15.3,4.8,18.7,16.0
5823,0.5082,0,NORMAL,16.6,4.6,21.4,17.2
5824,0.3186,0,NORMAL,16.1,2.8,13.5,9.6
5825,0.2675,0,NORMAL,16.4,2.5,13.5,11.9
5826,0.192,0,NORMAL,16.8,2.8,12.3,10.7
5827,0.4992,0,NORMAL,17.3,5.0,16.0,13.9
5828,0.2863,0,NORMAL,18.4,3.4,13.1,11.5
5829,0.3695,0,NORMAL,18.0,2.9,17.1,13.3
5830,0.4843,0,NORMAL,19.9,4.9,20.6,16.7
5831,0.8933,0,WARNING,18.0,5.2,15.7,11.8
5832,0.2597,0,NORMAL,18.4,3.7,15.1,12.4
5833,0.4078,0,NORMAL,17.7,4.0,19.1,15.3
5834,0.5431,0,NORMAL,14.8,2.0,12.6,7.8
5835,0.9522,0,WARNING,13.6,4.5,10.8,8.9
5836,0.1703,0,NORMAL,14.8,3.8,13.2,10.7
5837,0.2595,0,NORMAL,14.8,5.3,13.0,9.6
5838,0.9611,0,WARNING,19.3,8.6,29.2,21.8
5839,0.5544,0,NORMAL,16.6,2.8,15.2,10.5
5840,0.5738,0,NORMAL,16.8,3.2,10.2,9.1
5841,0.2852,0,NORMAL,16.6,3.3,12.7,8.8
5842,0.1266,0,NORMAL,16.5,3.1,10.0,8.3
5843,0.1262,0,NORMAL,17.3,3.5,12.0,9.6
5844,0.2599,0,NORMAL,17.8,2.8,13.9,11.5
5845,0.3133,0,NORMAL,18.4,3.2,13.3,10.6
5846,0.8008,0,WARNING,19.1,4.0,16.3,10.1
5847,0.9173,0,WARNING,21.6,4.8,19.2,12.3
5848,0.5093,0,NORMAL,18.1,3.6,16.5,14.0
5849,0.2967,0,NORMAL,15.3,2.6,14.0,11.9
5850,0.6527,0,WARNING,15.7,3.4,12.1,9.2
5851,0.2444,0,NORMAL,16.1,3.6,14.6,11.9
5852,0.9735,0,WARNING,17.1,6.4,16.3,11.2
5853,0.2351,0,NORMAL,17.6,3.0,11.0,8.9
5854,0.2353,0,NORMAL,17.8,2.7,12.3,9.7
5855,0.2453,0,NORMAL,17.2,2.1,12.8,9.6
5856,0.7737,0,WARNING,18.3,5.1,18.5,13.3
5857,0.2864,0,NORMAL,17.8,4.3,15.5,12.0
5858,0.4971,0,NORMAL,17.9,5.1,17.4,14.4
5859,0.6787,0,WARNING,18.0,2.9,18.1,11.0
5860,0.3826,0,NORMAL,17.8,3.3,12.0,9.0
5861,0.6856,0,WARNING,17.5,3.7,11.0,9.4
5862,0.2353,0,NORMAL,18.5,3.1,12.7,9.5
5863,0.2674,0,NORMAL,17.7,3.9,15.0,12.5
5864,0.7249,0,WARNING,15.8,4.0,12.6,9.8
5865,0.2184,0,NORMAL,14.8,2.2,9.9,7.4
5866,1.0,0,ANOMALY,15.3,4.7,13.8,19.5
5867,0.9944,0,WARNING,15.4,11.4,24.9,11.9
5868,0.5564,0,NORMAL,15.8,4.5,14.3,12.1
5869,0.3487,0,NORMAL,15.2,3.2,13.5,10.4
5870,0.7852,0,WARNING,16.1,3.4,15.7,10.2
5871,0.95,0,WARNING,17.6,5.4,21.2,11.8
5872,0.4707,0,NORMAL,17.1,4.6,16.0,12.8
5873,0.2207,0,NORMAL,16.5,3.5,13.0,10.7
5874,0.9993,0,WARNING,16.0,4.8,8.3,6.8
5875,0.1261,0,NORMAL,16.7,2.8,10.6,9.7
5876,0.3835,0,NORMAL,18.4,4.4,14.1,12.5
5877,0.8451,0,WARNING,17.5,4.9,11.4,9.2
5878,0.383,0,NORMAL,16.7,3.3,13.2,10.0
5879,0.4936,0,NORMAL,17.2,3.6,14.1,13.0
5880,0.3819,0,NORMAL,15.0,3.5,12.1,9.2
5881,0.9879,0,WARNING,14.4,5.3,11.6,10.1
5882,0.411,0,NORMAL,15.7,5.3,18.5,14.9
5883,1.0,0,ANOMALY,15.4,8.5,14.6,13.7
5884,0.3575,0,NORMAL,17.1,4.6,17.1,13.6
5885,0.9954,0,WARNING,15.9,4.4,10.1,7.6
5886,0.25,0,NORMAL,15.9,3.4,10.9,9.8
5887,0.499,0,NORMAL,15.9,4.3,12.8,8.8
5888,1.0,0,WARNING,16.1,6.6,12.2,9.2
5889,0.2552,0,NORMAL,16.9,3.5,12.1,10.4
5890,0.2576,0,NORMAL,15.4,2.5,8.0,7.6
5891,0.1343,0,NORMAL,16.5,2.1,10.0,9.6
5892,0.1263,0,NORMAL,16.5,3.7,10.9,8.0
5893,0.1813,0,NORMAL,17.0,2.8,11.6,9.8
5894,0.4054,0,NORMAL,17.0,2.7,10.1,8.5
5895,0.1587,0,NORMAL,16.5,2.1,10.7,9.0
5896,0.2431,0,NORMAL,15.3,3.6,15.3,12.4
5897,0.272,0,NORMAL,14.6,4.9,13.6,10.1
5898,0.1984,0,NORMAL,15.3,4.1,12.3,9.9
5899,0.2973,0,NORMAL,15.4,2.9,14.8,13.1
5900,0.6634,0,WARNING,15.0,3.4,9.0,8.0
5901,0.2215,0,NORMAL,15.8,2.1,9.0,8.1
5902,0.4051,0,NORMAL,17.0,5.1,14.2,9.4
5903,0.4828,0,NORMAL,15.6,2.3,10.6,6.5
5904,0.1606,0,NORMAL,16.8,2.0,9.2,6.8
5905,1.0,0,ANOMALY,18.5,8.0,11.4,9.9
5906,0.147,0,NORMAL,17.0,1.9,10.1,8.6
5907,0.4262,0,NORMAL,17.8,3.9,12.1,10.6
5908,0.1614,0,NORMAL,17.1,1.3,6.8,5.9
5909,0.1344,0,NORMAL,17.3,1.9,9.3,8.2
5910,0.2881,0,NORMAL,16.5,2.7,10.6,9.9
5911,0.122,0,NORMAL,17.4,2.7,9.3,7.6
5912,0.605,0,WARNING,15.8,4.3,13.6,11.3
5913,0.2365,0,NORMAL,14.1,3.3,15.9,11.3
5914,0.4957,0,NORMAL,15.5,3.2,17.4,12.6
5915,0.2609,0,NORMAL,14.5,2.5,12.6,9.6
5916,0.2522,0,NORMAL,15.5,3.2,13.8,11.9
5917,0.9154,0,WARNING,16.2,6.0,16.6,12.3
5918,0.4999,0,NORMAL,17.8,5.5,21.7,16.5
5919,0.3715,0,NORMAL,15.4,1.7,12.9,9.8
5920,0.5871,0,NORMAL,16.4,2.9,10.3,8.8
5921,0.1372,0,NORMAL,15.9,3.2,12.1,9.4
5922,0.1181,0,NORMAL,16.7,3.3,10.7,8.6
5923,0.849,0,WARNING,17.6,4.8,15.9,13.6
5924,0.3694,0,NORMAL,18.8,3.3,17.9,14.2
5925,0.2973,0,NORMAL,17.5,2.9,16.3,12.3
5926,0.2261,0,NORMAL,17.5,3.0,13.4,11.3
5927,0.8256,0,WARNING,16.0,5.6,12.6,14.6
5928,0.4966,0,NORMAL,14.2,3.3,14.7,12.4
5929,0.1551,0,NORMAL,14.5,1.9,10.9,8.3
5930,0.5024,0,NORMAL,15.6,4.1,16.4,12.8
5931,0.1785,0,NORMAL,16.0,3.0,12.8,10.1
5932,0.1703,0,NORMAL,16.0,3.5,13.3,11.3
5933,0.1712,0,NORMAL,16.2,3.3,11.9,9.8
5934,0.5947,0,NORMAL,17.6,3.4,12.1,10.5
5935,0.2824,0,NORMAL,16.7,2.5,14.9,12.1
5936,0.1918,0,NORMAL,17.2,3.9,14.1,11.7
5937,0.7168,0,WARNING,17.0,4.0,17.8,12.5
5938,0.2165,0,NORMAL,17.2,3.1,13.2,11.8
5939,0.9416,0,WARNING,16.6,4.8,10.7,10.1
5940,0.2513,0,NORMAL,17.2,3.7,10.4,9.5
5941,0.1024,0,NORMAL,15.4,3.0,11.1,9.7
5942,0.2676,0,NORMAL,14.3,3.8,15.2,12.4
5943,0.2019,0,NORMAL,15.2,2.9,13.8,11.4
5944,0.2623,0,NORMAL,16.4,2.7,13.6,11.7
5945,0.665,0,WARNING,16.7,3.8,14.6,12.1
5946,0.204,0,NORMAL,15.8,3.5,13.8,11.8
5947,0.2659,0,NORMAL,16.6,4.6,14.0,11.0
5948,0.1351,0,NORMAL,17.2,2.9,13.3,9.6
5949,0.1523,0,NORMAL,16.8,2.0,10.6,8.7
5950,0.51,0,NORMAL,17.5,3.8,13.6,10.8
5951,0.401,0,NORMAL,16.6,3.7,13.5,10.3
5952,0.1331,0,NORMAL,17.2,3.3,12.2,9.4
5953,0.1784,0,NORMAL,18.3,2.9,12.6,9.7
5954,0.1893,0,NORMAL,17.8,2.2,11.8,9.5
5955,0.1462,0,NORMAL,17.2,1.5,8.6,6.6
5956,0.4082,0,NORMAL,16.5,4.2,13.1,11.5
5957,0.9537,0,WARNING,15.2,6.9,12.7,9.2
5958,0.2117,0,NORMAL,15.4,4.2,14.3,11.9
5959,0.1921,0,NORMAL,15.5,2.6,11.7,9.5
5960,0.6647,0,WARNING,15.4,4.0,11.9,9.6
5961,0.398,0,NORMAL,16.3,3.9,14.3,10.3
5962,0.847,0,WARNING,17.3,4.9,11.2,9.1
5963,0.1738,0,NORMAL,17.0,3.2,12.2,9.5
5964,0.9156,0,WARNING,17.4,4.4,14.3,10.0
5965,0.4133,0,NORMAL,16.4,2.4,13.1,9.0
5966,0.2645,0,NORMAL,17.5,3.9,16.7,11.4
5967,0.6635,0,WARNING,17.6,6.0,14.1,9.3
5968,0.8967,0,WARNING,17.2,4.3,9.3,8.0
5969,0.1643,0,NORMAL,16.6,1.8,10.6,8.4
5970,0.2523,0,NORMAL,18.6,3.4,13.8,11.4
5971,0.204,0,NORMAL,17.8,2.9,13.5,10.9
5972,0.2352,0,NORMAL,18.7,3.5,12.1,9.3
5973,0.1809,0,NORMAL,15.5,3.5,11.7,9.2
5974,0.9687,0,WARNING,14.1,4.7,11.6,9.1
5975,0.2204,0,NORMAL,14.5,2.3,13.8,10.6
5976,0.2444,0,NORMAL,15.4,3.5,15.0,11.2
5977,0.4022,0,NORMAL,15.8,4.4,14.3,10.7
5978,0.8287,0,WARNING,16.3,3.4,18.6,11.1
5979,0.2994,0,NORMAL,16.5,2.1,11.7,8.4
5980,0.7743,0,WARNING,16.7,4.2,9.6,8.2
5981,0.1529,0,NORMAL,17.4,3.6,13.2,10.2
5982,0.2623,0,NORMAL,18.3,3.6,14.6,11.0
5983,0.2365,0,NORMAL,18.0,4.7,16.9,11.0
5984,0.1974,0,NORMAL,18.2,2.1,9.9,7.3
5985,0.1439,0,NORMAL,17.5,2.0,11.9,9.4
5986,0.1332,0,NORMAL,17.9,3.1,11.4,8.9
5987,0.2729,0,NORMAL,18.2,5.4,11.6,8.0
5988,0.1545,0,NORMAL,17.6,3.1,10.0,8.1
5989,0.246,0,NORMAL,18.0,3.1,15.1,11.5
5990,0.2683,0,NORMAL,15.1,3.0,11.9,9.1
5991,0.4318,0,NORMAL,16.2,4.8,19.4,16.1
5992,0.6622,0,WARNING,16.1,4.9,15.5,11.2
5993,0.2513,0,NORMAL,15.9,3.8,12.4,9.6
5994,0.1184,0,NORMAL,16.2,2.3,9.8,7.8
5995,0.5436,0,NORMAL,15.7,2.1,13.5,9.1
5996,0.1618,0,NORMAL,16.3,3.3,12.2,10.3
5997,0.7749,0,WARNING,16.3,4.8,12.7,10.5
5998,0.1351,0,NORMAL,17.2,4.1,13.3,10.4
5999,0.9998,0,WARNING,17.7,5.9,14.3,10.4
6000,0.4988,0,NORMAL,17.6,3.4,11.9,9.6
6001,0.405,0,NORMAL,17.6,4.6,16.6,12.0
6002,0.3981,0,NORMAL,15.7,4.8,19.1,15.5
6003,0.811,0,WARNING,16.1,5.0,15.2,11.8
6004,0.9807,0,WARNING,16.7,5.9,14.4,11.5
6005,0.187,0,NORMAL,16.0,2.5,12.7,10.1
6006,0.2364,0,NORMAL,16.9,3.2,15.6,11.5
6007,0.3858,0,NORMAL,17.2,4.5,17.6,13.4
6008,0.9415,0,WARNING,17.7,6.2,17.8,12.3
6009,0.2355,0,NORMAL,16.7,2.3,14.2,10.4
6010,0.4948,0,NORMAL,19.1,3.9,15.4,11.9
6011,0.4844,0,NORMAL,19.6,4.4,15.8,11.0
6012,0.3881,0,NORMAL,18.8,3.4,18.5,14.7
6013,0.2899,0,NORMAL,18.3,3.8,17.1,13.1
6014,0.2634,0,NORMAL,18.3,2.7,15.6,10.9
6015,0.1572,0,NORMAL,17.7,2.5,11.9,8.9
6016,0.6448,0,WARNING,16.9,3.8,16.3,12.3
6017,0.4962,0,NORMAL,15.2,5.5,15.2,12.0
6018,0.1787,0,NORMAL,16.2,4.1,14.1,10.9
6019,0.9853,0,WARNING,16.6,5.7,17.8,16.0
6020,0.4822,0,NORMAL,16.0,3.6,14.4,11.4
6021,0.2674,0,NORMAL,16.6,3.5,15.0,11.5
6022,0.3397,0,NORMAL,17.2,3.9,19.0,13.2
6023,0.9995,0,WARNING,16.8,6.4,13.6,9.1
6024,0.2282,0,NORMAL,16.6,2.7,14.3,10.1
6025,0.8153,0,WARNING,17.0,3.5,18.7,11.1
6026,0.3899,0,NORMAL,18.2,4.9,16.7,13.1
6027,0.2247,0,NORMAL,18.4,3.1,13.7,11.0
6028,0.1789,0,NORMAL,17.0,2.6,12.9,10.5
6029,0.8742,0,WARNING,17.4,4.4,11.7,9.6
6030,0.95,0,WARNING,17.7,2.9,19.3,10.0
6031,0.4545,0,NORMAL,17.6,5.3,20.2,15.3
6032,0.386,0,NORMAL,15.8,3.8,18.6,14.5
6033,0.2752,0,NORMAL,15.8,3.2,15.0,10.9
6034,0.812,0,WARNING,14.9,3.5,12.1,7.9
6035,0.1174,0,NORMAL,16.3,3.2,11.5,8.8
6036,0.6678,0,WARNING,17.8,4.4,17.7,16.0
6037,0.3465,0,NORMAL,17.6,3.4,17.4,14.1
6038,0.2154,0,NORMAL,17.0,2.3,12.5,9.3
6039,0.594,0,NORMAL,16.7,3.8,12.9,10.5
6040,0.5069,0,NORMAL,19.2,5.0,16.2,12.1
6041,0.3967,0,NORMAL,17.6,3.9,12.3,9.1
6042,0.831,0,WARNING,17.4,4.2,11.0,8.9
6043,0.1616,0,NORMAL,18.0,2.5,12.9,9.5
6044,0.5437,0,NORMAL,18.3,1.8,12.4,7.9
6045,0.7753,0,WARNING,19.5,6.0,16.8,12.9
6046,0.501,0,NORMAL,19.1,6.4,16.5,9.1
6047,0.3145,0,NORMAL,17.9,3.5,12.6,10.4
6048,0.7226,0,WARNING,16.2,3.3,9.4,7.7
6049,0.505,0,NORMAL,14.8,3.8,12.3,10.7
6050,0.166,0,NORMAL,15.1,3.0,13.5,10.1
6051,0.9427,0,WARNING,15.8,6.2,16.4,13.2
6052,0.1717,0,NORMAL,14.5,2.3,9.5,7.6
6053,0.1789,0,NORMAL,15.9,2.5,11.7,10.5
6054,0.3176,0,NORMAL,16.4,3.0,12.3,10.4
6055,0.2123,0,NORMAL,16.5,3.6,13.6,10.8
6056,0.8751,0,WARNING,16.6,5.3,11.3,8.6
6057,0.1416,0,NORMAL,16.3,2.1,9.6,8.2
6058,0.1646,0,NORMAL,16.3,2.0,9.0,8.0
6059,0.9976,0,WARNING,16.6,6.3,14.0,10.6
6060,0.1459,0,NORMAL,17.3,2.7,11.7,10.0
6061,0.7751,0,WARNING,18.3,5.0,11.7,8.4
6062,0.6674,0,WARNING,19.2,4.7,11.5,9.0
6063,0.2884,0,NORMAL,21.8,3.1,13.7,10.6
6064,0.7752,0,WARNING,21.0,4.4,14.5,11.1
6065,0.1837,0,NORMAL,21.2,2.8,12.7,9.9
6066,1.0,0,ANOMALY,21.0,7.0,9.5,7.4
6067,0.2408,0,NORMAL,20.6,2.0,7.5,6.2
6068,0.0933,0,NORMAL,20.6,2.1,8.7,6.8
6069,0.6065,0,WARNING,21.6,2.6,7.8,7.4
6070,1.0,0,ANOMALY,21.5,6.2,7.5,6.2
6071,0.3683,0,NORMAL,22.6,3.5,15.0,10.9
6072,0.4051,0,NORMAL,24.4,4.0,17.3,13.6
6073,0.3571,0,NORMAL,22.9,2.6,17.3,12.5
6074,0.2591,0,NORMAL,23.2,4.2,16.5,11.4
6075,0.4175,0,NORMAL,24.0,5.5,19.7,14.8
6076,0.3023,0,NORMAL,23.1,5.1,17.3,13.3
6077,0.2181,0,NORMAL,20.6,3.2,13.4,11.1
6078,0.311,0,NORMAL,18.8,2.8,14.6,12.2
6079,0.3897,0,NORMAL,20.4,4.5,17.7,14.0
6080,0.2201,0,NORMAL,20.6,3.3,15.0,10.5
6081,0.2881,0,NORMAL,21.9,4.6,17.1,11.6
6082,0.9142,0,WARNING,21.3,5.7,17.2,11.6
6083,0.8902,0,WARNING,21.7,4.6,16.9,13.9
6084,0.238,0,NORMAL,20.6,2.3,12.2,9.2
6085,0.2277,0,NORMAL,22.1,3.1,15.2,11.3
6086,0.3918,0,NORMAL,20.9,3.6,10.3,7.9
6087,0.1436,0,NORMAL,20.8,3.1,9.7,7.8
6088,0.1644,0,NORMAL,21.9,1.9,10.6,8.7
6089,0.2817,0,NORMAL,21.3,2.5,10.0,8.4
6090,0.8784,0,WARNING,21.6,4.9,12.8,9.6
6091,0.1696,0,NORMAL,22.5,3.6,13.0,8.5
6092,0.1956,0,NORMAL,23.1,3.1,11.4,9.4
6093,0.1896,0,NORMAL,23.1,2.8,12.9,10.0
6094,0.118,0,NORMAL,20.6,2.6,11.6,9.4
6095,0.3351,0,NORMAL,17.6,2.4,9.0,5.0
6096,0.6753,0,WARNING,18.8,4.3,10.2,7.0
6097,0.1179,0,NORMAL,18.9,2.9,9.7,7.6
6098,0.1979,0,NORMAL,19.3,1.4,7.0,5.8
6099,0.8211,0,WARNING,19.2,3.6,7.9,6.3
6100,0.1521,0,NORMAL,19.8,2.9,12.3,9.6
6101,0.2358,0,NORMAL,20.7,3.2,14.6,11.6
6102,0.2108,0,NORMAL,19.6,2.1,8.9,6.4
6103,0.1871,0,NORMAL,19.9,1.7,7.0,5.5
6104,0.1806,0,NORMAL,19.7,1.6,7.7,7.4
6105,0.9196,0,WARNING,21.1,6.4,17.8,10.0
6106,0.4078,0,NORMAL,20.4,4.4,11.1,8.0
6107,0.1093,0,NORMAL,20.9,2.5,7.4,5.9
6108,0.2076,0,NORMAL,21.1,2.1,8.6,6.2
6109,0.9543,0,WARNING,21.2,5.3,10.4,8.3
6110,0.1426,0,NORMAL,21.1,2.8,8.5,7.1
6111,0.1332,0,NORMAL,21.2,3.3,8.2,6.4
6112,0.9628,0,WARNING,21.4,5.3,10.7,9.8
6113,0.163,0,NORMAL,20.8,1.6,7.6,7.2
6114,0.1264,0,NORMAL,19.1,2.3,9.9,10.0
6115,0.4134,0,NORMAL,17.4,3.4,9.2,8.3
6116,0.2847,0,NORMAL,17.7,3.4,8.2,7.8
6117,0.1782,0,NORMAL,19.3,3.1,11.7,11.2
6118,0.8502,0,WARNING,18.9,3.2,11.1,8.8
6119,0.5975,0,NORMAL,19.6,3.4,10.2,9.7
6120,0.1414,0,NORMAL,18.3,2.1,9.9,9.0
6121,0.8166,0,WARNING,18.1,4.4,10.6,7.6
6122,0.1469,0,NORMAL,17.8,2.0,7.5,7.0
6123,0.1514,0,NORMAL,18.2,1.8,8.9,8.3
6124,0.7335,0,WARNING,18.1,2.6,6.0,4.4
6125,0.1375,0,NORMAL,18.8,2.2,8.1,7.4
6126,0.2998,0,NORMAL,18.6,2.8,6.8,5.7
6127,0.0819,0,NORMAL,19.7,3.8,10.8,7.6
6128,0.7831,0,WARNING,19.7,3.4,9.4,8.7
6129,0.184,0,NORMAL,19.9,1.7,7.4,5.8
6130,0.5237,0,NORMAL,20.4,2.7,6.8,7.3
6131,0.1993,0,NORMAL,19.1,1.4,4.2,4.6
6132,0.1976,0,NORMAL,19.3,1.4,6.5,6.0
6133,0.2091,0,NORMAL,19.4,1.5,5.2,4.6
6134,0.8254,0,WARNING,19.9,2.9,6.8,4.1
6135,0.7963,0,WARNING,19.9,2.9,13.4,8.3
6136,0.4157,0,NORMAL,20.6,4.6,12.9,11.0
6137,0.2489,0,NORMAL,21.1,3.7,10.7,8.6
6138,0.1498,0,NORMAL,20.9,2.2,7.1,6.0
6139,0.41,0,NORMAL,18.8,3.2,8.2,7.8
6140,0.6746,0,WARNING,16.9,3.3,7.2,6.1
6141,0.2029,0,NORMAL,17.2,2.0,6.4,4.7
6142,0.1484,0,NORMAL,17.7,2.2,7.7,5.8
6143,0.785,0,WARNING,17.6,3.4,5.0,5.5
6144,0.1699,0,NORMAL,17.6,1.5,4.7,8.8
6145,0.2227,0,NORMAL,18.6,2.5,8.2,5.9
6146,0.1975,0,NORMAL,20.0,4.0,12.0,8.4
6147,0.5156,0,NORMAL,19.4,3.8,8.5,6.5
6148,0.3359,0,NORMAL,20.2,1.5,10.2,6.9
6149,0.4153,0,NORMAL,19.5,2.2,5.5,4.4
6150,0.9013,0,WARNING,20.4,3.7,6.3,5.7
6151,0.4706,0,NORMAL,21.7,2.3,10.5,6.9
6152,0.2569,0,NORMAL,21.3,3.7,11.5,7.2
6153,0.6773,0,WARNING,20.5,2.8,5.8,5.4
6154,0.163,0,NORMAL,21.0,1.8,7.7,6.7
6155,0.1704,0,NORMAL,21.1,2.6,9.1,7.2
6156,0.1819,0,NORMAL,21.1,3.6,7.0,5.3
6157,0.1914,0,NORMAL,21.2,1.7,9.2,7.5
6158,0.5984,0,NORMAL,21.2,2.1,10.5,6.5
6159,0.4203,0,NORMAL,21.0,2.3,6.2,6.0
6160,0.143,0,NORMAL,20.5,2.2,7.4,6.4
6161,0.1451,0,NORMAL,18.1,3.0,8.9,5.9
6162,0.9631,0,WARNING,17.6,5.3,7.9,6.0
6163,0.2293,0,NORMAL,17.5,1.1,3.3,3.0
6164,0.2356,0,NORMAL,17.2,0.8,2.1,2.6
6165,0.1996,0,NORMAL,17.9,1.5,4.7,4.9
6166,0.8269,0,WARNING,18.3,4.4,6.8,7.2
6167,0.2015,0,NORMAL,19.2,2.0,6.2,6.6
6168,0.3962,0,NORMAL,19.1,2.3,6.8,6.0
6169,0.2991,0,NORMAL,18.8,2.2,5.4,5.3
6170,0.4249,0,NORMAL,19.1,3.2,5.8,5.2
6171,0.2199,0,NORMAL,19.2,2.7,5.1,4.2
6172,0.1445,0,NORMAL,19.6,2.2,6.2,6.7
6173,0.2017,0,NORMAL,19.2,1.8,4.7,5.8
6174,0.9016,0,WARNING,19.3,3.1,4.5,5.2
6175,0.1446,0,NORMAL,20.4,2.6,8.3,7.4
6176,0.7345,0,WARNING,19.9,3.6,6.0,5.8
6177,1.0,0,WARNING,20.6,5.9,5.9,5.7
6178,0.4293,0,NORMAL,20.2,1.7,7.0,5.5
6179,0.5167,0,NORMAL,20.2,2.6,7.1,6.9
6180,0.995,0,WARNING,18.1,3.5,5.6,6.1
6181,0.2874,0,NORMAL,16.6,2.7,5.6,6.0
6182,0.204,0,NORMAL,16.7,1.7,3.4,5.3
6183,0.3963,0,NORMAL,17.1,1.8,4.3,6.1
6184,0.2104,0,NORMAL,17.4,1.6,6.6,5.3
6185,0.9957,0,WARNING,17.6,6.1,5.9,6.8
6186,0.37,0,NORMAL,18.1,3.4,7.4,8.8
6187,0.9164,0,WARNING,18.5,4.7,5.7,7.0
6188,0.1783,0,NORMAL,18.9,1.4,4.3,6.7
6189,0.1969,0,NORMAL,19.0,1.5,4.1,6.6
6190,0.4143,0,NORMAL,20.0,3.1,6.0,8.7
6191,0.7309,0,WARNING,19.3,3.7,6.0,8.3
6192,0.3701,0,NORMAL,19.5,2.1,6.4,9.5
6193,0.8983,0,WARNING,20.1,4.3,8.8,11.8
6194,0.2871,0,NORMAL,17.7,1.3,5.2,8.5
6195,0.7747,0,WARNING,16.6,3.9,6.9,10.8
6196,0.6614,0,WARNING,17.1,3.8,6.3,10.8
6197,0.9141,0,WARNING,17.5,4.5,6.0,11.3
6198,0.6615,0,WARNING,17.9,2.6,6.0,11.8
6199,0.5661,0,NORMAL,18.2,2.5,4.8,9.8
6200,0.894,0,WARNING,18.4,4.1,7.2,12.3
6201,0.7667,0,WARNING,19.4,3.0,6.5,12.1
6202,0.9916,0,WARNING,18.9,4.8,6.3,12.5
6203,0.8392,0,WARNING,18.8,3.3,12.3,17.8
6204,0.9812,0,WARNING,21.9,5.6,12.9,17.4
6205,0.9809,0,WARNING,19.2,5.9,10.2,15.7
6206,0.9713,0,WARNING,18.9,6.1,9.3,15.3
6207,0.8747,0,WARNING,20.7,4.3,11.5,17.5
6208,0.9891,0,WARNING,19.9,5.3,12.5,18.3
6209,0.8747,0,WARNING,18.7,3.8,9.3,16.9
6210,0.8581,0,WARNING,17.1,2.4,8.5,15.2
6211,0.8394,0,WARNING,18.3,3.4,10.4,16.2
6212,0.9484,0,WARNING,18.5,5.2,12.3,16.3
6213,0.8581,0,WARNING,18.5,2.5,9.5,16.5
6214,0.8861,0,WARNING,18.5,3.6,7.9,13.5
6215,0.736,0,WARNING,19.8,3.2,11.6,14.0
6216,0.736,0,WARNING,20.2,5.4,9.9,13.2
6217,0.9582,0,WARNING,19.8,5.9,12.4,17.3
6218,0.794,0,WARNING,18.9,2.0,8.0,13.6
6219,0.7668,0,WARNING,18.8,2.8,8.0,13.6
6220,0.972,0,WARNING,18.3,4.5,6.8,13.5
6221,0.818,0,WARNING,19.5,2.8,8.1,13.5
6222,0.794,0,WARNING,19.5,3.2,6.9,13.3
6223,0.794,0,WARNING,19.8,3.3,6.3,13.1
6224,0.6615,0,WARNING,18.4,1.5,7.3,12.3
6225,0.7359,0,WARNING,17.9,4.8,13.4,13.2
6226,0.7939,0,WARNING,18.2,4.3,8.7,14.0
6227,0.818,0,WARNING,18.6,2.2,7.0,13.3
6228,0.818,0,WARNING,19.0,2.0,10.0,14.5
6229,0.9586,0,WARNING,19.4,4.1,6.6,11.2
6230,0.7359,0,WARNING,20.2,3.1,8.0,12.7
6231,0.7667,0,WARNING,20.8,2.7,7.3,13.6
6232,0.8661,0,WARNING,19.4,4.1,10.0,16.6
6233,0.794,0,WARNING,19.2,2.8,12.2,16.8
6234,0.736,0,WARNING,19.1,2.1,10.9,14.6
6235,0.7011,0,WARNING,19.7,3.4,9.6,13.3
6236,0.7668,0,WARNING,19.7,4.3,12.6,14.7
6237,0.8892,0,WARNING,20.7,5.0,14.4,19.6
6238,1.0,0,ANOMALY,19.8,6.9,8.2,12.7
6239,0.6618,0,WARNING,19.5,2.7,8.2,12.8
6240,0.7669,0,WARNING,19.0,2.9,9.1,14.6
6241,0.8652,0,WARNING,19.0,5.4,13.5,18.2
6242,0.7012,0,WARNING,19.1,2.4,9.0,12.5
6243,0.972,0,WARNING,19.9,3.7,10.0,13.3
6244,0.6617,0,WARNING,19.3,1.6,5.1,10.4
6245,0.7011,0,WARNING,19.8,2.6,8.2,12.5
6246,0.7667,0,WARNING,20.1,3.9,9.9,14.2
6247,0.9504,0,WARNING,20.2,5.0,9.5,14.2
6248,0.7667,0,WARNING,19.6,2.8,10.3,15.5
6249,0.6616,0,WARNING,18.5,1.8,7.9,11.6
6250,1.0,0,ANOMALY,18.4,8.8,9.1,13.2
6251,0.794,0,WARNING,18.5,2.2,7.9,13.3
6252,0.8181,0,WARNING,19.0,3.1,11.7,15.8
6253,0.794,0,WARNING,19.7,2.7,11.9,15.4
6254,0.736,0,WARNING,19.1,2.0,8.2,12.7
6255,0.7668,0,WARNING,18.5,3.0,8.7,13.9
6256,0.7667,0,WARNING,18.6,3.2,6.6,13.1
6257,0.858,0,WARNING,19.3,3.1,8.6,15.3
6258,0.7359,0,WARNING,18.1,2.3,6.9,12.5
6259,1.0,0,ANOMALY,19.2,7.8,9.2,13.6
6260,0.7668,0,WARNING,18.9,2.9,11.2,14.2
6261,0.8933,0,WARNING,20.6,6.1,15.6,19.2
6262,0.8394,0,WARNING,20.2,4.4,12.4,16.9
6263,0.7941,0,WARNING,20.0,2.4,10.0,16.0
6264,0.7941,0,WARNING,18.0,2.9,10.2,15.3
6265,0.8181,0,WARNING,19.1,4.3,12.0,16.1
6266,0.7669,0,WARNING,18.7,3.5,11.7,14.5
6267,0.7012,0,WARNING,19.2,3.0,10.9,13.8
6268,0.7011,0,WARNING,19.0,2.5,8.7,12.6
6269,0.7011,0,WARNING,20.3,3.3,12.3,15.3
6270,0.794,0,WARNING,21.5,5.4,16.0,17.5
6271,0.794,0,WARNING,21.0,4.4,14.4,17.2
6272,0.7012,0,WARNING,20.2,3.2,12.1,14.5
6273,0.7361,0,WARNING,20.1,2.8,12.7,15.2
6274,0.7573,0,WARNING,21.3,4.7,15.5,17.2
6275,0.7941,0,WARNING,20.9,3.7,11.8,15.5
6276,0.9088,0,WARNING,20.9,5.7,11.7,15.1
6277,0.7941,0,WARNING,21.6,4.4,13.3,16.5
6278,0.7361,0,WARNING,19.6,2.8,8.5,13.1
6279,0.9385,0,WARNING,18.7,4.6,9.3,14.6
6280,0.8393,0,WARNING,19.8,3.5,13.1,17.5
6281,0.8181,0,WARNING,19.1,3.4,9.8,14.5
6282,0.9993,0,WARNING,19.3,4.9,7.3,11.8
6283,0.6617,0,WARNING,19.3,2.2,7.2,12.0
6284,0.5663,0,NORMAL,18.8,1.5,6.0,10.1
6285,0.8408,0,WARNING,19.9,6.8,13.2,13.6
6286,0.701,0,WARNING,19.1,4.1,11.4,12.6
6287,0.9587,0,WARNING,18.1,4.6,5.5,10.3
6288,0.7359,0,WARNING,17.7,2.6,7.5,12.5
6289,0.9995,0,WARNING,18.9,5.5,6.2,10.6
6290,0.5089,0,NORMAL,18.3,1.7,5.6,9.6
6291,0.6168,0,WARNING,18.6,1.5,5.8,10.7
6292,0.6614,0,WARNING,18.4,1.3,4.6,10.9
6293,0.9434,0,WARNING,20.1,3.0,14.6,12.0
6294,0.6614,0,WARNING,20.2,2.1,10.5,13.1
6295,0.7594,0,WARNING,21.7,5.1,13.8,16.3
6296,0.6615,0,WARNING,20.0,4.8,10.7,13.8
6297,0.8362,0,WARNING,19.2,4.0,10.0,13.3
6298,0.7581,0,WARNING,18.1,2.7,4.2,9.3
6299,0.701,0,WARNING,19.1,2.6,7.5,12.9
6300,0.9776,0,WARNING,15.3,5.4,7.5,9.6
6301,0.6167,0,WARNING,13.2,3.9,8.4,11.5
6302,0.9514,0,WARNING,13.8,4.5,6.6,11.1
6303,0.5657,0,NORMAL,13.8,1.4,4.3,9.2
6304,0.8718,0,WARNING,14.5,3.3,6.8,11.5
6305,0.6161,0,WARNING,16.1,2.8,9.1,12.0
6306,0.9781,0,WARNING,15.3,5.8,6.1,9.1
6307,0.6609,0,WARNING,16.0,3.4,9.9,12.6
6308,0.6161,0,WARNING,16.1,2.0,6.7,10.9
6309,0.6609,0,WARNING,14.3,1.7,6.5,11.5
6310,0.616,0,WARNING,12.5,3.5,6.9,11.1
6311,0.6608,0,WARNING,14.7,3.4,9.6,13.0
6312,0.6609,0,WARNING,13.9,1.4,5.2,10.2
6313,0.9963,0,WARNING,14.6,4.9,5.4,9.5
6314,0.5785,0,NORMAL,13.9,2.2,4.1,9.1
6315,0.9604,0,WARNING,14.3,4.4,5.1,11.6
6316,0.9513,0,WARNING,14.8,5.3,9.0,16.0
6317,0.7355,0,WARNING,14.5,2.6,6.5,11.7
6318,0.7006,0,WARNING,13.4,2.4,5.8,12.2
6319,0.9848,0,WARNING,12.4,5.0,4.3,10.1
6320,0.5655,0,NORMAL,12.6,1.5,5.1,10.5
6321,0.6609,0,WARNING,13.6,3.1,7.6,11.7
6322,0.8699,0,WARNING,13.5,3.6,5.4,10.7
6323,0.6161,0,WARNING,14.3,1.7,7.2,11.3
6324,0.6608,0,WARNING,14.1,1.5,6.8,11.4
6325,0.7684,0,WARNING,14.7,4.1,7.8,12.9
6326,0.7663,0,WARNING,14.9,4.1,9.0,13.4
6327,0.6609,0,WARNING,14.0,2.1,5.2,10.9
6328,0.5654,0,NORMAL,12.6,1.3,5.0,9.9
6329,0.7168,0,WARNING,13.1,2.4,6.1,10.5
6330,0.5078,0,NORMAL,13.6,2.2,5.3,9.2
6331,0.5078,0,NORMAL,13.7,2.9,7.8,10.9
6332,0.5652,0,NORMAL,13.4,2.4,5.7,9.8
6333,0.9784,0,WARNING,13.9,3.8,3.8,9.0
6334,0.3692,0,NORMAL,13.3,1.0,2.8,7.1
6335,0.5652,0,NORMAL,14.5,2.7,6.4,10.8
6336,0.8962,0,WARNING,13.4,4.8,5.6,10.1
6337,0.616,0,WARNING,13.0,3.3,6.5,10.7
6338,1.0,0,WARNING,13.0,5.0,6.2,10.2
6339,0.6609,0,WARNING,13.3,1.5,6.0,10.8
6340,0.9996,0,WARNING,13.2,5.2,5.4,10.6
6341,0.7354,0,WARNING,14.3,3.4,6.1,11.6
6342,0.985,0,WARNING,14.0,5.0,5.2,10.4
6343,0.443,0,NORMAL,14.0,1.1,3.5,8.1
6344,0.8095,0,WARNING,14.5,3.0,4.6,8.5
6345,0.7004,0,WARNING,15.3,4.3,10.6,13.1
6346,0.6608,0,WARNING,13.7,3.4,7.2,11.6
6347,0.5079,0,NORMAL,14.2,3.5,9.8,11.7
6348,0.6553,0,WARNING,13.9,2.3,5.9,9.7
6349,0.5079,0,NORMAL,14.4,1.8,5.6,9.3
6350,0.5863,0,NORMAL,13.8,2.6,4.4,9.2
6351,0.4428,0,NORMAL,14.3,2.2,5.3,9.5
6352,0.5078,0,NORMAL,14.5,1.3,5.2,9.6
6353,0.968,0,WARNING,15.3,4.0,6.6,10.6
6354,0.5078,0,NORMAL,15.0,2.0,7.2,10.8
6355,0.5652,0,NORMAL,16.0,3.2,7.5,10.7
6356,0.8716,0,WARNING,13.6,3.7,5.7,11.7
6357,0.2859,0,NORMAL,12.3,1.5,4.5,7.7
6358,0.9294,0,WARNING,12.6,3.3,5.0,9.0
6359,0.5078,0,NORMAL,13.4,1.5,5.7,9.5
6360,0.5078,0,NORMAL,15.1,3.1,5.1,8.7
6361,0.8961,0,WARNING,17.8,4.8,6.6,9.6
6362,0.3695,0,NORMAL,18.1,2.2,4.9,7.9
6363,0.6633,0,WARNING,18.7,2.6,4.6,8.7
6364,0.4434,0,NORMAL,18.5,1.0,3.9,8.2
6365,0.5084,0,NORMAL,20.0,2.3,7.3,10.1
6366,0.9616,0,WARNING,20.9,5.7,14.6,16.0
6367,0.566,0,NORMAL,21.7,3.5,10.1,11.4
6368,0.5797,0,NORMAL,20.5,2.5,6.8,10.2
6369,0.5661,0,NORMAL,20.6,2.3,6.3,10.4
6370,0.844,0,WARNING,18.8,4.5,5.2,10.6
6371,0.6561,0,WARNING,18.0,3.5,6.0,10.3
6372,0.9603,0,WARNING,17.9,3.4,4.7,8.9
6373,0.5087,0,NORMAL,18.4,1.5,3.3,8.3
6374,0.7203,0,WARNING,18.3,2.4,3.9,8.2
6375,0.6166,0,WARNING,19.2,3.6,6.8,10.6
6376,0.929,0,WARNING,19.5,5.5,7.0,11.8
6377,0.6167,0,WARNING,19.9,2.2,6.4,10.9
6378,0.3703,0,NORMAL,19.9,1.6,4.6,8.3
6379,0.5865,0,NORMAL,20.1,2.7,4.7,9.2
6380,0.6613,0,WARNING,18.7,3.6,6.5,12.3
6381,0.6614,0,WARNING,18.5,2.9,5.4,10.3
6382,0.9517,0,WARNING,18.7,4.6,6.8,10.8
6383,0.4438,0,NORMAL,19.4,1.5,5.9,9.3
6384,0.3703,0,NORMAL,18.4,1.1,4.3,8.0
6385,0.5086,0,NORMAL,19.0,2.2,5.3,9.0
6386,0.974,0,WARNING,19.0,5.7,6.2,10.4
6387,0.6613,0,WARNING,20.1,2.7,7.1,11.3
6388,0.5086,0,NORMAL,19.2,1.2,6.1,9.6
6389,0.287,0,NORMAL,20.2,1.5,5.3,8.0
6390,0.9999,0,WARNING,18.5,6.2,6.7,10.5
6391,0.6166,0,WARNING,17.9,2.2,6.2,10.3
6392,0.4438,0,NORMAL,17.5,2.0,4.1,7.9
6393,0.3702,0,NORMAL,18.3,1.4,4.3,7.8
6394,0.4436,0,NORMAL,18.1,1.0,4.2,8.1
6395,0.9159,0,WARNING,18.7,4.2,8.0,9.8
6396,0.5658,0,NORMAL,18.8,3.3,8.9,10.6
6397,0.6613,0,WARNING,18.9,2.0,6.3,10.6
6398,0.5086,0,NORMAL,18.7,1.2,4.2,8.7
6399,0.8124,0,WARNING,19.3,2.8,5.1,10.4
6400,0.7008,0,WARNING,18.1,3.1,5.5,11.1
6401,0.6613,0,WARNING,18.2,2.7,7.7,11.5
6402,0.3702,0,NORMAL,18.1,1.6,3.8,7.3
6403,0.9527,0,WARNING,18.6,3.4,2.7,7.5
6404,0.4436,0,NORMAL,18.3,1.2,3.6,7.9
6405,0.8759,0,WARNING,20.3,8.2,13.9,9.1
6406,0.5824,0,NORMAL,20.3,4.2,9.0,7.4
6407,0.2253,0,NORMAL,20.3,3.3,7.7,8.0
6408,0.6595,0,WARNING,20.0,2.8,4.9,6.3
6409,0.2054,0,NORMAL,20.2,1.7,3.8,5.4
6410,0.4074,0,NORMAL,20.4,2.9,5.6,7.5
6411,0.1722,0,NORMAL,20.9,3.2,5.8,6.5
6412,0.2063,0,NORMAL,20.4,1.2,2.3,3.3
6413,0.2732,0,NORMAL,21.0,1.8,5.4,5.7
6414,0.3776,0,NORMAL,20.0,2.7,10.5,10.4
6415,0.1314,0,NORMAL,19.7,3.3,10.2,8.7
6416,0.9622,0,WARNING,19.2,6.4,11.9,11.0
6417,0.2485,0,NORMAL,19.6,3.3,9.0,8.8
6418,0.5928,0,NORMAL,18.9,2.7,6.7,6.5
6419,0.2022,0,NORMAL,18.8,1.7,4.0,4.9
6420,0.4118,0,NORMAL,18.2,3.0,4.2,5.0
6421,0.1686,0,NORMAL,17.7,2.9,4.6,4.7
6422,0.2168,0,NORMAL,17.4,1.3,2.4,3.7
6423,0.9553,0,WARNING,18.5,3.8,5.0,6.5
6424,0.4986,0,NORMAL,18.0,1.7,4.1,5.0
6425,0.4327,0,NORMAL,18.3,2.3,4.0,4.4
6426,0.297,0,NORMAL,18.2,3.2,3.5,3.4
6427,0.7385,0,WARNING,18.9,3.0,2.7,3.7
6428,0.2012,0,NORMAL,18.9,1.1,3.2,3.4
6429,0.2412,0,NORMAL,19.0,0.7,1.9,2.8
6430,0.2313,0,NORMAL,18.5,1.5,1.7,3.4
6431,0.6224,0,WARNING,20.6,4.1,8.3,8.2
6432,0.2255,0,NORMAL,19.3,0.9,3.0,3.9
6433,0.2307,0,NORMAL,19.3,1.2,3.8,3.4
6434,0.2137,0,NORMAL,19.1,0.8,3.1,4.0
6435,0.825,0,WARNING,19.9,4.4,4.8,5.7
6436,0.5284,0,NORMAL,19.2,3.3,4.8,6.3
6437,0.2261,0,NORMAL,20.7,2.4,5.2,5.8
6438,0.1625,0,NORMAL,20.0,1.9,6.0,6.3
6439,0.6807,0,WARNING,20.0,2.3,4.1,4.3
6440,0.4282,0,NORMAL,19.9,3.3,4.2,4.8
6441,0.1529,0,NORMAL,19.0,2.1,5.2,6.5
6442,0.2221,0,NORMAL,16.7,1.5,3.9,4.4
6443,0.6851,0,WARNING,17.4,2.0,1.9,2.5
6444,0.2339,0,NORMAL,17.2,0.7,1.9,3.1
6445,0.1976,0,NORMAL,18.1,2.4,5.2,5.3
6446,0.4383,0,NORMAL,18.3,3.2,4.8,4.3
6447,0.1947,0,NORMAL,18.9,1.5,3.0,4.1
6448,0.9639,0,WARNING,18.6,3.7,6.1,11.2
6449,0.2454,0,NORMAL,19.0,1.1,3.9,4.5
6450,0.6802,0,WARNING,18.9,3.3,3.7,4.2
6451,0.8228,0,WARNING,19.5,4.0,4.5,6.2
6452,0.9991,0,WARNING,19.3,6.8,4.1,6.0
6453,0.2434,0,NORMAL,19.3,0.8,1.7,2.0
6454,0.9135,0,WARNING,19.5,2.1,10.6,19.1
6455,0.7939,0,WARNING,19.7,2.5,11.2,14.2
6456,0.4949,0,NORMAL,17.9,2.9,4.3,3.4
6457,0.8751,0,WARNING,17.0,3.5,3.0,3.6
6458,0.2276,0,NORMAL,17.0,0.9,2.5,3.3
6459,0.2445,0,NORMAL,17.4,0.7,1.4,2.3
6460,0.4343,0,NORMAL,17.2,2.1,2.3,3.2
6461,0.1942,0,NORMAL,17.9,2.1,2.9,3.4
6462,0.9213,0,WARNING,17.5,3.0,2.7,3.7
6463,0.2376,0,NORMAL,17.9,0.8,1.6,2.7
6464,0.2559,0,NORMAL,17.4,0.4,0.9,2.1
6465,0.2285,0,NORMAL,18.4,4.8,8.5,4.9
6466,0.9889,0,WARNING,18.7,6.1,5.0,4.5
6467,0.4432,0,NORMAL,18.9,2.3,7.4,9.9
6468,0.6164,0,WARNING,18.8,1.1,7.6,11.2
6469,0.8579,0,WARNING,18.8,2.0,11.1,16.5
6470,0.8579,0,WARNING,19.0,3.2,13.2,17.1
6471,0.9672,0,WARNING,18.6,5.2,13.8,19.9
6472,0.3656,0,NORMAL,16.8,1.5,5.0,3.9
6473,0.229,0,NORMAL,17.4,0.7,2.3,3.3
6474,0.2526,0,NORMAL,16.9,0.7,1.1,2.6
6475,0.9547,0,WARNING,18.0,4.1,3.3,4.2
6476,0.2955,0,NORMAL,18.4,3.6,4.9,4.3
6477,0.2062,0,NORMAL,18.6,1.7,5.2,6.7
6478,0.839,0,WARNING,18.3,1.5,10.2,16.7
6479,0.9438,0,WARNING,18.5,3.8,12.4,18.7
6480,0.8892,0,WARNING,17.0,3.6,12.1,17.8
6481,0.9666,0,WARNING,16.2,3.3,12.0,16.8
6482,0.8893,0,WARNING,16.2,0.9,11.1,16.9
6483,0.8581,0,WARNING,16.7,1.0,10.9,15.8
6484,0.8746,0,WARNING,16.6,1.8,11.3,16.6
6485,0.8746,0,WARNING,17.5,2.4,12.9,17.1
6486,0.3005,0,NORMAL,17.5,2.4,4.9,3.6
6487,0.2205,0,NORMAL,18.0,1.7,3.0,3.7
6488,0.2359,0,NORMAL,17.1,0.8,2.2,3.7
6489,0.2457,0,NORMAL,16.4,0.7,1.5,2.9
6490,0.9864,0,WARNING,16.3,5.7,1.8,3.1
6491,0.2052,0,NORMAL,17.5,2.3,3.7,4.0
6492,0.2065,0,NORMAL,17.6,1.3,2.4,3.8
6493,0.2513,0,NORMAL,17.6,0.6,1.5,1.8
6494,0.8177,0,WARNING,17.3,0.6,7.7,15.0
6495,1.0,0,ANOMALY,29.8,14.0,13.5,19.2
6496,0.9136,1,WARNING,17.7,5.6,14.8,19.3
6497,0.8893,1,WARNING,18.1,2.9,12.5,17.6
6498,0.3621,1,NORMAL,17.6,1.5,3.7,3.4
6499,0.1782,1,NORMAL,18.8,1.9,5.0,5.8
6500,0.9608,1,WARNING,18.0,4.7,4.3,3.9
6501,0.1955,1,NORMAL,17.0,1.6,3.0,4.3
6502,0.202,1,NORMAL,16.4,1.7,2.6,3.7
6503,0.2505,1,NORMAL,16.8,0.6,1.2,2.1
6504,1.0,1,ANOMALY,16.9,5.8,5.9,11.0
6505,0.9135,1,WARNING,17.3,2.5,12.9,18.7
6506,0.897,1,WARNING,17.4,3.8,11.5,13.6
6507,0.9326,1,WARNING,18.2,2.8,14.0,20.4
6508,0.8892,1,WARNING,17.9,2.1,14.9,17.8
6509,0.9136,1,WARNING,17.2,1.5,12.9,18.8
6510,1.0,1,ANOMALY,16.7,9.7,13.1,16.9
6511,0.9023,1,WARNING,17.4,2.8,13.2,18.4
6512,0.8607,1,WARNING,17.4,3.6,7.6,7.4
6513,0.2478,1,NORMAL,17.9,1.1,1.9,2.6
6514,0.2515,1,NORMAL,17.6,0.7,1.0,1.9
6515,0.216,1,NORMAL,18.1,1.8,3.4,4.7
6516,1.0,1,ANOMALY,18.5,7.3,4.3,4.4
6517,0.2199,1,NORMAL,19.2,2.0,2.8,2.4
6518,0.2563,0,NORMAL,18.8,0.7,0.8,2.1
6519,0.2286,0,NORMAL,19.8,0.9,2.2,3.2
6520,0.3192,0,NORMAL,19.2,2.4,2.8,2.9
6521,0.9644,0,WARNING,20.1,4.4,3.0,3.1
6522,0.2103,0,NORMAL,20.0,1.4,2.0,2.9
6523,0.2464,0,NORMAL,20.2,0.7,1.3,2.6
6524,0.2612,0,NORMAL,19.8,0.5,0.7,1.5
6525,0.2361,0,NORMAL,20.7,4.5,7.8,4.8
6526,0.8265,0,WARNING,18.4,5.5,5.7,3.9
6527,0.1945,0,NORMAL,16.4,1.7,3.0,3.2
6528,0.2568,0,NORMAL,16.2,0.6,1.1,1.8
6529,0.2402,0,NORMAL,16.6,0.9,1.8,2.8
6530,0.3191,0,NORMAL,16.4,2.0,1.7,3.0
6531,0.7833,0,WARNING,17.6,4.9,2.6,2.9
6532,0.2096,0,NORMAL,17.5,1.6,2.2,3.1
6533,0.247,0,NORMAL,17.8,0.7,1.2,2.7
6534,0.2478,0,NORMAL,17.6,0.6,1.2,2.3
6535,0.2311,0,NORMAL,18.6,2.0,3.7,4.3
6536,0.2091,0,NORMAL,18.2,2.6,2.9,3.9
6537,0.9349,0,WARNING,18.9,3.8,2.0,2.9
6538,0.259,0,NORMAL,18.4,0.6,0.7,1.9
6539,0.2477,0,NORMAL,18.9,0.8,0.9,2.4
6540,0.4427,0,NORMAL,15.2,2.8,2.3,2.6
6541,0.9334,0,WARNING,11.2,4.6,2.4,3.2
6542,0.6138,0,WARNING,11.2,1.9,1.0,2.2
6543,0.2318,0,NORMAL,12.3,0.8,1.8,2.9
6544,0.2576,0,NORMAL,12.3,0.6,0.8,1.7
6545,0.2307,0,NORMAL,12.9,1.6,3.1,3.7
6546,0.3219,0,NORMAL,12.8,2.5,2.9,3.4
6547,0.8586,0,WARNING,13.2,3.2,1.8,2.4
6548,0.2495,0,NORMAL,13.2,0.7,1.1,2.2
6549,0.2497,0,NORMAL,13.4,0.7,1.1,2.3
6550,0.8416,0,WARNING,13.3,4.1,3.0,3.7
6551,0.2035,0,NORMAL,13.7,1.8,2.8,3.5
6552,0.8571,0,WARNING,14.0,3.5,2.8,4.2
6553,0.2397,0,NORMAL,14.2,0.8,1.9,3.5
6554,0.257,0,NORMAL,13.8,0.6,0.9,1.6
6555,0.2235,0,NORMAL,14.1,2.2,3.1,4.3
6556,0.202,0,NORMAL,14.5,3.3,4.5,5.0
6557,0.9757,0,WARNING,14.9,4.7,4.0,5.1
6558,0.235,0,NORMAL,14.8,1.5,2.1,3.2
6559,0.2442,0,NORMAL,15.0,1.3,1.2,2.5
6560,0.3107,0,NORMAL,15.0,2.4,2.5,3.1
6561,0.1969,0,NORMAL,15.8,3.0,3.7,3.5
6562,0.9038,0,WARNING,15.4,3.6,2.8,4.0
6563,0.2451,0,NORMAL,15.2,0.8,2.0,3.0
6564,0.2578,0,NORMAL,12.5,0.6,0.9,2.3
6565,0.2181,0,NORMAL,11.6,2.4,3.1,3.9
6566,0.5403,0,NORMAL,11.6,2.1,2.4,3.8
6567,0.9353,0,WARNING,12.4,3.8,3.5,4.7
6568,0.2528,0,NORMAL,12.6,0.8,1.2,2.1
6569,0.2506,0,NORMAL,13.0,1.0,1.0,2.1
6570,0.3206,0,NORMAL,13.0,2.9,3.0,3.4
6571,0.8277,0,WARNING,13.5,2.9,2.9,2.9
6572,0.2038,0,NORMAL,13.4,1.7,2.8,3.7
6573,0.2366,0,NORMAL,14.2,1.1,1.8,3.3
6574,0.2505,0,NORMAL,13.8,1.0,1.3,2.1
6575,1.0,0,ANOMALY,14.5,7.1,3.1,3.7
6576,0.4351,0,NORMAL,14.4,2.8,3.3,3.9
6577,0.3109,0,NORMAL,15.0,2.2,3.6,4.4
6578,0.2503,0,NORMAL,14.4,0.9,1.5,2.4
6579,0.6882,0,WARNING,14.9,1.8,0.9,2.1
6580,0.3184,0,NORMAL,14.9,2.3,2.2,3.7
6581,0.2135,0,NORMAL,15.5,1.9,3.3,3.4
6582,0.2201,0,NORMAL,15.1,1.1,1.8,2.5
6583,0.9759,0,WARNING,15.7,3.9,2.3,3.3
6584,0.2467,0,NORMAL,15.3,0.7,1.7,2.8
6585,0.2783,0,NORMAL,16.3,5.3,11.1,5.5
6586,0.3023,0,NORMAL,15.6,3.4,6.3,6.3
6587,0.854,0,WARNING,13.1,3.6,3.0,4.3
6588,0.2542,0,NORMAL,11.2,0.6,1.2,2.2
6589,0.2425,0,NORMAL,12.0,0.8,1.4,2.7
6590,0.2174,0,NORMAL,11.6,1.8,2.1,3.7
6591,0.5372,0,NORMAL,12.2,3.2,3.0,4.1
6592,0.2074,0,NORMAL,12.4,1.3,2.2,3.7
6593,0.6222,0,WARNING,12.7,1.6,1.2,2.6
6594,0.2419,0,NORMAL,12.5,0.7,1.7,3.4
6595,0.2172,0,NORMAL,13.7,2.2,4.0,3.6
6596,0.7431,0,WARNING,13.6,3.9,3.1,3.4
6597,0.2072,0,NORMAL,14.0,1.2,2.2,3.4
6598,0.2576,0,NORMAL,13.6,0.7,1.2,2.4
6599,0.2509,0,NORMAL,14.0,0.6,0.9,2.2
6600,0.9224,0,WARNING,13.0,4.6,2.0,2.3
6601,0.741,0,WARNING,11.6,3.8,2.8,3.6
6602,0.2383,0,NORMAL,11.2,0.8,1.0,2.1
6603,0.2535,0,NORMAL,11.6,0.5,0.7,1.7
6604,0.254,0,NORMAL,11.3,0.5,1.0,2.7
6605,0.2329,0,NORMAL,12.3,1.7,3.0,3.4
6606,0.8848,0,WARNING,12.1,4.7,3.5,4.0
6607,0.1921,0,NORMAL,12.6,1.6,3.1,4.3
6608,0.2563,0,NORMAL,12.7,0.5,1.3,2.4
6609,0.2503,0,NORMAL,13.5,0.5,1.2,2.5
6610,0.8289,0,WARNING,13.7,4.1,2.7,3.2
6611,0.2128,0,NORMAL,14.1,1.8,3.0,4.5
6612,0.2153,0,NORMAL,14.0,1.5,2.5,3.8
6613,0.2486,0,NORMAL,14.3,0.6,1.4,2.6
6614,0.6903,0,WARNING,14.1,2.0,1.3,3.0
6615,0.2172,0,NORMAL,14.7,2.2,3.4,4.7
6616,0.3139,0,NORMAL,14.7,3.1,3.8,4.3
6617,0.221,0,NORMAL,14.9,1.5,2.7,3.7
6618,0.8826,0,WARNING,14.6,2.9,1.9,3.9
6619,0.3186,0,NORMAL,14.8,1.6,1.7,3.0
6620,0.3109,0,NORMAL,14.6,2.2,2.5,3.8
6621,0.2305,0,NORMAL,15.0,1.7,3.3,4.3
6622,0.9205,0,WARNING,12.7,3.1,2.7,4.3
6623,0.2512,0,NORMAL,11.0,0.7,1.2,2.2
6624,0.2534,0,NORMAL,11.0,0.6,1.1,2.5
6625,0.2201,0,NORMAL,11.9,1.9,2.8,3.7
6626,0.8839,0,WARNING,11.9,3.6,3.1,3.3
6627,0.2218,0,NORMAL,12.4,1.7,2.7,3.5
6628,0.2498,0,NORMAL,12.1,0.7,1.5,2.7
6629,0.2539,0,NORMAL,12.3,0.8,1.0,2.0
6630,0.9568,0,WARNING,12.3,3.5,1.3,2.9
6631,0.2257,0,NORMAL,13.1,1.7,3.2,4.3
6632,0.241,0,NORMAL,12.6,0.8,1.9,3.2
6633,0.2382,0,NORMAL,13.3,1.0,1.7,3.0
6634,0.8592,0,WARNING,13.2,2.3,1.8,2.8
6635,0.2193,0,NORMAL,13.5,1.9,3.7,4.2
6636,0.5393,0,NORMAL,13.6,2.7,3.1,3.4
6637,0.2217,0,NORMAL,14.0,1.4,2.5,3.1
6638,0.5395,0,NORMAL,13.6,1.7,1.8,3.4
6639,0.2505,0,NORMAL,14.0,0.8,1.2,2.1
6640,0.3215,0,NORMAL,14.0,1.8,1.9,2.8
6641,0.2131,0,NORMAL,14.7,1.9,3.6,4.2
6642,0.2136,0,NORMAL,14.5,1.0,2.4,3.1
6643,0.2522,0,NORMAL,14.6,0.5,1.1,2.2
6644,0.2571,0,NORMAL,14.5,0.3,0.8,2.0
6645,0.3271,0,NORMAL,14.5,5.3,9.2,4.8
6646,0.8574,0,WARNING,12.4,4.0,4.1,3.9
6647,0.2175,0,NORMAL,11.8,1.3,2.2,3.4
6648,0.2527,0,NORMAL,11.6,0.5,1.2,2.6
6649,0.25,0,NORMAL,11.9,0.8,1.1,2.2
6650,0.9567,0,WARNING,11.8,4.3,1.7,3.0
6651,0.2322,0,NORMAL,12.6,1.8,2.1,3.3
6652,0.9431,0,WARNING,12.6,3.7,2.1,2.8
6653,0.2418,0,NORMAL,13.2,0.8,1.5,2.8
6654,0.2589,0,NORMAL,12.7,0.6,0.9,2.1
6655,0.921,0,WARNING,14.1,4.7,3.6,4.2
6656,0.3081,0,NORMAL,13.5,2.2,2.1,3.1
6657,0.2337,0,NORMAL,14.0,1.6,2.4,3.0
6658,0.2548,0,NORMAL,13.8,0.5,1.1,2.9
6659,0.2535,0,NORMAL,14.0,0.6,1.0,2.3
6660,0.2883,0,NORMAL,12.3,2.3,2.0,2.1
6661,0.995,0,WARNING,11.3,6.9,3.4,3.7
6662,0.2457,0,NORMAL,11.1,0.8,2.0,3.7
6663,0.247,0,NORMAL,11.4,0.8,1.5,3.0
6664,0.2573,0,NORMAL,11.8,0.5,0.8,2.0
6665,0.2306,0,NORMAL,13.7,2.1,3.1,3.8
6666,0.9642,0,WARNING,13.5,5.7,3.5,3.6
6667,0.2258,0,NORMAL,13.8,1.1,1.7,2.3
6668,0.2553,0,NORMAL,13.6,0.4,0.9,2.0
6669,0.2441,0,NORMAL,14.0,0.6,1.2,2.4
6670,0.2459,0,NORMAL,14.4,2.5,2.4,2.8
6671,0.8849,0,WARNING,14.9,3.6,3.5,3.8
6672,0.2196,0,NORMAL,14.3,1.5,3.5,4.4
6673,0.2452,0,NORMAL,14.4,0.7,1.8,3.1
6674,0.2469,0,NORMAL,14.2,0.6,1.3,2.1
6675,0.2425,0,NORMAL,15.0,2.4,3.5,4.8
6676,0.6896,0,WARNING,14.9,4.1,4.4,5.1
6677,0.2079,0,NORMAL,15.5,2.1,2.9,3.1
6678,0.2357,0,NORMAL,15.0,1.5,1.6,3.1
6679,0.2302,0,NORMAL,15.6,1.4,1.8,3.1
6680,0.4361,0,NORMAL,15.1,1.9,2.0,2.8
6681,0.9043,0,WARNING,15.7,3.0,2.3,3.7
6682,0.2471,0,NORMAL,15.2,0.7,1.6,2.9
6683,0.256,0,NORMAL,15.5,0.5,0.8,1.6
6684,0.2576,0,NORMAL,12.9,0.6,0.7,2.1
6685,0.2443,0,NORMAL,11.6,1.8,3.2,4.0
6686,0.8296,0,WARNING,12.1,4.0,3.2,3.8
6687,0.2176,0,NORMAL,13.0,1.6,3.3,4.0
6688,0.2425,0,NORMAL,12.7,0.7,1.9,2.9
6689,0.9642,0,WARNING,13.1,3.1,1.4,2.6
6690,0.74,0,WARNING,12.8,2.9,2.0,3.1
6691,0.2037,0,NORMAL,13.9,2.6,3.8,3.9
6692,0.2194,0,NORMAL,14.0,1.3,2.5,3.3
6693,0.2491,0,NORMAL,14.4,0.7,1.1,1.7
6694,0.2626,0,NORMAL,13.8,0.5,0.5,1.5
6695,0.7933,0,WARNING,14.5,3.2,2.8,4.2
6696,0.7229,0,WARNING,14.4,3.2,2.9,4.0
6697,0.2515,0,NORMAL,14.6,0.7,1.2,2.1
6698,0.256,0,NORMAL,14.4,0.6,0.9,2.1
6699,0.8416,0,WARNING,14.9,2.1,1.1,2.2
6700,0.904,0,WARNING,15.0,4.8,2.8,2.7
6701,0.2104,0,NORMAL,15.4,2.1,2.6,2.8
6702,0.2755,0,NORMAL,15.3,2.0,2.3,2.9
6703,0.2423,0,NORMAL,15.4,0.7,1.5,2.3
6704,0.2554,0,NORMAL,15.0,0.5,1.0,2.0
6705,0.9568,0,WARNING,16.2,5.4,4.1,3.9
6706,0.4375,0,NORMAL,15.9,3.4,4.0,4.5
6707,0.4343,0,NORMAL,16.2,2.4,3.1,3.9
6708,0.2504,0,NORMAL,14.0,1.1,1.6,3.0
6709,0.516,0,NORMAL,12.7,1.8,2.2,3.7
6710,0.4313,0,NORMAL,12.2,3.2,3.6,4.3
6711,0.196,0,NORMAL,12.4,2.0,2.7,4.6
6712,0.2431,0,NORMAL,12.3,1.4,1.8,4.1
6713,0.2379,0,NORMAL,12.7,1.3,2.1,4.2
6714,0.4168,0,NORMAL,12.5,1.3,1.4,3.1
6715,0.3043,0,NORMAL,13.3,2.2,3.2,4.7
6716,0.1878,0,NORMAL,13.3,3.1,4.0,4.9
6717,0.3596,0,NORMAL,13.9,2.4,3.3,4.2
6718,0.2445,0,NORMAL,13.6,1.2,2.0,3.7
6719,0.3019,0,NORMAL,14.1,1.9,2.3,4.4
6720,0.3007,0,NORMAL,12.7,3.0,3.3,3.8
6721,0.3397,0,NORMAL,11.5,3.0,4.4,5.4
6722,0.2365,0,NORMAL,11.5,1.5,2.7,4.1
6723,0.9552,0,WARNING,11.9,3.5,2.0,3.3
6724,0.2565,0,NORMAL,11.6,0.9,0.8,1.7
6725,0.2121,0,NORMAL,12.3,1.8,2.7,2.9
6726,0.539,0,NORMAL,12.2,3.1,3.4,3.4
6727,0.1899,0,NORMAL,12.9,1.9,3.7,3.7
6728,0.2587,0,NORMAL,12.6,0.7,0.8,1.5
6729,0.976,0,WARNING,12.6,3.1,0.4,1.9
6730,0.5432,0,NORMAL,13.6,2.6,2.3,2.3
6731,0.2116,0,NORMAL,13.5,1.8,2.7,3.4
6732,0.3207,0,NORMAL,13.5,2.0,2.4,3.3
6733,0.253,0,NORMAL,13.6,0.9,1.2,2.0
6734,0.9049,0,WARNING,13.2,2.7,0.4,1.0
6735,0.399,0,NORMAL,13.8,2.2,2.4,3.6
6736,0.6228,0,WARNING,14.2,4.0,5.6,4.9
6737,0.1825,0,NORMAL,14.8,2.2,3.5,3.2
6738,0.2347,0,NORMAL,14.5,1.3,1.8,2.4
6739,0.79,0,WARNING,14.9,2.7,2.2,2.9
6740,0.8273,0,WARNING,14.7,3.8,3.6,4.7
6741,0.1784,0,NORMAL,15.0,2.4,3.5,3.3
6742,0.1778,0,NORMAL,15.1,2.4,7.5,7.5
6743,0.3071,0,NORMAL,15.4,1.7,4.2,3.7
6744,0.7412,0,WARNING,14.8,2.3,1.8,2.1
6745,0.1937,0,NORMAL,13.1,1.7,3.7,4.9
6746,0.3145,0,NORMAL,11.2,3.1,3.8,3.7
6747,0.181,0,NORMAL,12.3,2.0,4.1,4.2
6748,0.9035,0,WARNING,12.2,3.4,3.6,3.8
6749,0.2414,0,NORMAL,12.5,1.0,1.8,1.9
6750,0.2038,0,NORMAL,12.2,2.2,2.6,3.5
6751,0.1928,0,NORMAL,13.0,2.2,3.0,3.4
6752,0.6206,0,WARNING,12.8,2.5,1.8,2.3
6753,0.54,0,NORMAL,13.4,1.6,1.5,2.4
6754,0.2449,0,NORMAL,13.0,0.6,1.2,1.8
6755,0.2333,0,NORMAL,13.5,2.0,3.0,3.4
6756,0.4445,0,NORMAL,13.9,3.1,3.6,3.6
6757,0.2087,0,NORMAL,14.3,1.4,2.6,3.0
6758,0.6904,0,WARNING,13.9,2.0,0.9,1.6
6759,0.2456,0,NORMAL,14.6,0.6,1.1,1.8
6760,0.2434,0,NORMAL,15.0,2.2,2.3,3.4
6761,0.2085,0,NORMAL,16.1,2.3,3.4,2.9
6762,0.2257,0,NORMAL,15.8,1.0,1.6,2.1
6763,0.2399,0,NORMAL,16.1,1.1,1.4,2.3
6764,0.9225,0,WARNING,15.7,3.4,1.1,1.7
6765,0.6864,0,WARNING,16.5,2.9,2.9,3.0
6766,0.3175,0,NORMAL,16.5,3.1,4.7,4.3
6767,0.2312,0,NORMAL,16.6,0.9,2.3,3.2
6768,0.8684,0,WARNING,16.6,2.6,1.6,2.5
6769,0.8566,0,WARNING,16.6,3.2,1.4,1.5
6770,0.3137,0,NORMAL,17.3,2.9,3.4,3.3
6771,0.2252,0,NORMAL,18.0,2.9,5.3,5.1
6772,0.217,0,NORMAL,14.3,1.7,4.3,4.9
6773,0.183,0,NORMAL,12.6,1.6,5.4,6.1
6774,0.8255,0,WARNING,12.3,2.9,3.5,4.6
6775,0.1563,0,NORMAL,13.2,1.8,4.4,5.0
6776,0.1601,0,NORMAL,13.5,2.4,4.4,4.9
6777,0.2355,0,NORMAL,13.6,1.1,2.3,3.3
6778,0.9345,0,WARNING,14.0,3.4,2.6,3.1
6779,0.2399,0,NORMAL,13.3,0.7,1.5,2.0
6780,0.4396,0,NORMAL,15.7,3.2,4.2,4.5
6781,0.3134,0,NORMAL,17.5,3.0,4.5,4.4
6782,0.2157,0,NORMAL,17.5,1.0,2.6,3.6
6783,1.0,0,ANOMALY,18.4,7.7,2.4,3.0
6784,0.3226,0,NORMAL,18.0,1.4,3.2,3.7
6785,0.1872,0,NORMAL,18.9,2.7,4.3,3.4
6786,0.4348,0,NORMAL,18.3,2.9,3.4,3.6
6787,0.221,0,NORMAL,19.3,1.1,2.5,3.9
6788,0.253,0,NORMAL,18.6,0.6,1.1,1.6
6789,0.3114,0,NORMAL,19.0,0.7,0.7,1.3
6790,0.3297,0,NORMAL,18.9,2.3,1.9,2.8
6791,0.2205,0,NORMAL,19.5,2.3,3.1,3.5
6792,0.2425,0,NORMAL,19.4,1.7,1.7,1.9
6793,0.2396,0,NORMAL,19.7,0.8,1.3,2.3
6794,0.9761,0,WARNING,19.4,3.6,1.0,2.1
6795,0.2228,0,NORMAL,20.0,2.6,3.6,4.0
6796,0.5406,0,NORMAL,20.2,3.1,3.4,4.4
6797,0.1995,0,NORMAL,20.5,1.7,4.4,4.2
6798,0.2511,0,NORMAL,19.8,1.0,1.6,2.1
6799,0.4392,0,NORMAL,20.5,2.2,1.3,2.2
6800,0.4398,0,NORMAL,20.1,2.8,2.1,3.3
6801,0.9922,0,WARNING,21.0,5.8,4.0,4.5
6802,0.1954,0,NORMAL,21.4,2.6,8.1,7.0
6803,0.311,0,NORMAL,21.0,0.9,1.7,1.3
6804,0.8248,0,WARNING,20.7,2.8,1.4,2.7
6805,0.4669,0,NORMAL,19.3,3.1,6.1,6.9
6806,0.3045,0,NORMAL,18.0,3.5,6.8,4.0
6807,0.2061,0,NORMAL,18.0,1.9,4.4,4.8
6808,0.9459,0,WARNING,18.2,3.8,3.2,4.0
6809,0.2506,0,NORMAL,18.4,1.1,1.3,1.6
6810,0.312,0,NORMAL,18.4,2.8,2.7,2.9
6811,0.1975,0,NORMAL,19.4,2.3,3.9,4.1
6812,0.1987,0,NORMAL,19.4,1.6,2.9,2.9
6813,0.6896,0,WARNING,19.7,2.0,1.5,1.6
6814,0.2451,0,NORMAL,19.6,0.7,1.4,2.5
6815,0.2364,0,NORMAL,19.9,1.4,2.9,3.6
6816,0.325,0,NORMAL,20.6,2.9,3.6,3.2
6817,0.207,0,NORMAL,20.9,1.8,2.8,3.2
6818,0.5421,0,NORMAL,20.6,1.4,1.0,2.0
6819,0.2278,0,NORMAL,21.1,0.9,1.7,2.3
6820,0.3275,0,NORMAL,21.5,2.8,6.7,6.2
6821,0.2256,0,NORMAL,21.8,2.0,4.7,4.3
6822,0.2354,0,NORMAL,21.9,2.1,3.1,3.2
6823,0.6211,0,WARNING,21.4,1.9,1.7,2.4
6824,0.3114,0,NORMAL,21.2,0.7,1.7,1.8
6825,0.2629,0,NORMAL,22.1,2.5,5.5,5.5
6826,0.2528,0,NORMAL,22.4,4.0,7.7,6.0
6827,0.9348,0,WARNING,22.4,4.9,6.3,5.1
6828,0.2497,0,NORMAL,21.8,1.0,4.8,5.1
6829,0.9641,0,WARNING,21.9,3.5,3.8,3.6
6830,0.6102,0,WARNING,18.8,3.3,3.4,4.5
6831,0.2951,0,NORMAL,17.0,3.0,5.0,5.2
6832,0.4207,0,NORMAL,17.5,2.7,5.5,5.7
6833,0.1799,0,NORMAL,18.6,1.8,5.3,5.2
6834,0.1965,0,NORMAL,18.4,1.4,3.4,4.1
6835,0.9458,0,WARNING,19.1,4.7,9.2,9.0
6836,0.5212,0,NORMAL,20.6,4.0,11.2,10.8
6837,0.2171,0,NORMAL,20.3,2.5,9.9,7.3
6838,0.9438,0,WARNING,20.5,4.4,11.6,10.5
6839,0.1967,0,NORMAL,21.0,1.5,5.4,4.6
6840,0.284,0,NORMAL,20.7,3.8,9.1,7.6
6841,0.9922,0,WARNING,19.7,7.3,12.3,10.0
6842,0.1877,0,NORMAL,18.8,1.9,7.3,7.1
6843,0.1617,0,NORMAL,19.4,2.0,7.4,7.2
6844,0.9947,0,WARNING,19.8,5.6,11.2,9.7
6845,0.1841,0,NORMAL,20.1,3.2,8.3,7.3
6846,0.5137,0,NORMAL,20.5,4.1,10.8,9.4
6847,0.9743,0,WARNING,21.4,5.0,7.3,6.1
6848,0.5111,0,NORMAL,22.0,3.1,12.5,11.3
6849,0.7766,0,WARNING,21.9,3.2,11.6,9.6
6850,0.5099,0,NORMAL,21.2,3.4,11.7,8.7
6851,0.9161,0,WARNING,22.7,6.0,16.0,14.3
6852,0.393,0,NORMAL,21.4,2.7,10.6,8.7
6853,0.2647,0,NORMAL,21.4,1.8,5.9,4.8
6854,0.8175,0,WARNING,21.6,3.3,7.7,7.3
6855,0.1675,0,NORMAL,22.8,2.7,10.2,10.0
6856,0.2828,0,NORMAL,20.9,4.1,9.1,8.6
6857,0.2942,0,NORMAL,18.8,3.7,9.7,8.6
6858,0.2255,0,NORMAL,19.6,3.0,12.4,11.0
6859,1.0,0,ANOMALY,21.6,7.0,14.8,12.2
6860,1.0,0,ANOMALY,21.3,8.4,14.1,11.3
6861,0.3217,0,NORMAL,20.1,2.2,8.0,6.3
6862,0.107,0,NORMAL,21.2,2.8,10.8,9.4
6863,0.1103,0,NORMAL,21.6,2.2,12.0,9.4
6864,0.5091,0,NORMAL,21.7,3.3,12.9,10.7
6865,0.8161,0,WARNING,22.6,4.4,13.2,11.1
6866,0.5088,0,NORMAL,22.3,4.8,19.7,16.0
6867,0.4588,0,NORMAL,23.0,4.3,20.9,16.8
6868,0.3006,0,NORMAL,23.1,2.4,12.5,9.6
6869,0.1791,0,NORMAL,21.6,1.5,6.6,6.0
6870,0.875,0,WARNING,21.7,4.8,10.1,9.4
6871,0.1983,0,NORMAL,21.2,3.5,13.1,11.5
6872,0.6645,0,WARNING,19.0,3.7,9.6,8.5
6873,0.1455,0,NORMAL,19.6,2.1,8.6,7.8
6874,0.1706,0,NORMAL,19.5,1.7,8.7,7.6
6875,0.1434,0,NORMAL,21.1,3.2,12.5,10.5
6876,0.8766,0,WARNING,21.5,6.2,13.9,12.2
6877,0.2197,0,NORMAL,22.7,2.8,13.4,11.8
6878,0.2164,0,NORMAL,21.6,1.9,8.9,7.4
6879,0.1481,0,NORMAL,21.6,2.4,10.1,9.3
6880,0.1386,0,NORMAL,21.3,3.2,10.0,7.4
6881,0.6132,0,WARNING,26.1,5.0,20.6,16.1
6882,0.4179,0,NORMAL,23.6,4.3,16.1,12.5
6883,0.8114,0,WARNING,23.2,3.5,9.3,7.3
6884,0.1799,0,NORMAL,22.5,1.7,7.6,6.5
6885,0.1736,0,NORMAL,23.1,2.2,7.3,8.3
6886,0.287,0,NORMAL,21.8,4.6,14.8,14.3
6887,0.2255,0,NORMAL,21.1,2.9,11.7,9.7
6888,0.6658,0,WARNING,19.9,3.0,8.1,8.3
6889,0.2431,0,NORMAL,21.9,2.6,12.7,12.4
6890,0.2715,0,NORMAL,21.5,3.6,9.8,8.9
6891,0.8491,0,WARNING,22.3,5.2,11.5,10.7
6892,0.2892,0,NORMAL,22.9,3.5,14.3,13.1
6893,0.3932,0,NORMAL,23.5,3.6,19.2,15.4
6894,1.0,0,ANOMALY,22.9,7.3,13.1,10.8
6895,0.3466,0,NORMAL,24.3,3.7,18.3,14.7
6896,0.3711,0,NORMAL,25.4,4.5,16.7,14.0
6897,0.9273,0,WARNING,26.7,5.9,17.1,14.1
6898,0.2685,0,NORMAL,25.5,3.0,14.0,11.7
6899,0.2877,0,NORMAL,24.9,2.7,14.6,12.8
6900,0.378,0,NORMAL,21.3,3.9,12.1,10.7
6901,0.3595,0,NORMAL,20.7,4.9,18.7,14.6
6902,0.3519,0,NORMAL,21.3,3.1,14.5,13.5
6903,0.3607,0,NORMAL,23.1,2.9,14.2,11.8
6904,0.2436,0,NORMAL,21.6,2.6,14.4,12.2
6905,0.1608,0,NORMAL,21.8,3.2,14.6,10.7
6906,0.3949,0,NORMAL,21.9,4.0,13.2,10.6
6907,0.8131,0,WARNING,21.7,4.3,10.3,9.0
6908,0.2668,0,NORMAL,22.4,2.9,13.9,11.9
6909,0.16,0,NORMAL,21.9,2.0,8.2,7.2
6910,0.4061,0,NORMAL,21.2,3.2,8.1,7.7
6911,0.1405,0,NORMAL,22.5,3.4,8.9,7.2
6912,0.1629,0,NORMAL,22.4,2.3,6.8,6.4
6913,0.1744,0,NORMAL,23.0,2.1,9.4,8.3
6914,0.9746,0,WARNING,22.5,5.3,11.7,8.7
6915,0.2075,0,NORMAL,23.9,3.7,12.4,10.3
6916,0.5092,0,NORMAL,20.9,3.8,13.4,13.9
6917,0.3705,0,NORMAL,20.7,3.5,17.2,14.7
6918,0.2548,0,NORMAL,20.8,3.1,11.9,10.4
6919,0.2483,0,NORMAL,20.2,2.5,8.6,8.0
6920,0.9837,0,WARNING,22.1,5.2,10.6,10.4
6921,0.1766,0,NORMAL,22.0,4.2,11.7,9.8
6922,0.9681,0,WARNING,21.6,4.8,10.7,9.1
6923,0.1608,0,NORMAL,22.5,2.9,12.4,9.4
6924,0.1785,0,NORMAL,22.9,2.5,10.6,9.1
6925,0.9956,0,WARNING,22.2,5.8,13.2,11.3
6926,0.5051,0,NORMAL,22.8,4.5,15.8,14.2
6927,0.3706,0,NORMAL,23.3,3.3,14.5,14.0
6928,0.2875,0,NORMAL,22.3,2.6,14.7,13.0
6929,0.3806,0,NORMAL,22.7,3.3,12.4,10.9
6930,0.9606,0,WARNING,20.2,6.0,10.1,9.3
6931,0.189,0,NORMAL,19.6,3.3,8.8,7.3
6932,0.0983,0,NORMAL,19.5,2.6,7.4,6.5
6933,0.149,0,NORMAL,21.2,2.5,10.0,8.7
6934,0.5324,0,NORMAL,21.2,1.9,12.1,8.3
6935,0.1786,0,NORMAL,22.1,3.6,15.0,11.0
6936,0.6038,0,WARNING,24.4,6.7,24.8,19.9
6937,0.7686,0,WARNING,22.9,5.2,14.0,10.7
6938,0.3728,0,NORMAL,22.8,3.5,17.4,15.0
6939,0.2381,0,NORMAL,22.4,2.1,10.0,8.1
6940,0.3905,0,NORMAL,22.2,4.1,9.8,8.4
6941,0.1931,0,NORMAL,22.4,3.3,11.0,10.6
6942,0.5932,0,NORMAL,23.1,4.4,13.4,10.4
6943,0.1597,0,NORMAL,23.6,2.7,11.3,9.1
6944,0.2622,0,NORMAL,24.5,2.2,11.7,8.4
6945,0.7097,0,WARNING,23.0,4.4,14.5,8.4
6946,0.566,0,NORMAL,23.5,7.8,25.2,16.9
6947,0.4628,0,NORMAL,20.9,3.5,11.8,9.0
6948,0.487,0,NORMAL,21.5,3.6,13.5,10.4
6949,0.3305,0,NORMAL,21.7,3.5,17.2,13.4
6950,0.7673,0,WARNING,22.7,4.2,11.5,9.4
6951,0.9417,0,WARNING,21.7,5.2,10.2,9.9
6952,0.2883,0,NORMAL,23.2,3.8,10.6,8.8
6953,0.2592,0,NORMAL,23.1,3.2,14.0,12.6
6954,0.7213,0,WARNING,23.4,4.4,14.6,13.0
6955,0.2621,0,NORMAL,23.5,3.0,13.7,11.4
6956,0.4964,0,NORMAL,25.2,4.8,15.7,13.7
6957,1.0,0,ANOMALY,26.0,7.5,14.5,12.7
6958,0.7143,0,WARNING,24.5,4.0,15.5,11.0
6959,0.2877,0,NORMAL,24.9,2.9,13.9,12.2
6960,0.5786,0,NORMAL,22.4,5.5,15.2,11.5
6961,0.3113,0,NORMAL,18.1,4.5,17.2,13.9
6962,0.8696,0,WARNING,17.8,4.5,15.3,12.3
6963,0.7146,0,WARNING,18.2,3.4,11.8,10.6
6964,0.1595,0,NORMAL,17.6,2.0,9.7,8.7
6965,0.9388,0,WARNING,20.4,4.9,26.3,16.9
6966,0.5149,0,NORMAL,19.4,5.1,16.5,13.3
6967,0.3126,0,NORMAL,19.8,4.1,16.0,12.5
6968,0.5762,0,NORMAL,19.7,4.2,14.0,12.5
6969,0.1715,0,NORMAL,18.9,3.1,12.5,10.4
6970,0.2511,0,NORMAL,19.2,3.5,11.6,9.3
6971,0.1919,0,NORMAL,19.7,4.3,12.3,10.2
6972,0.235,0,NORMAL,20.4,2.8,9.1,7.7
6973,0.3607,0,NORMAL,21.2,2.5,11.0,9.8
6974,0.8487,0,WARNING,17.2,3.9,9.5,9.4
6975,0.4429,0,NORMAL,16.3,4.8,16.8,14.8
6976,0.5,0,NORMAL,17.2,5.6,16.4,13.5
6977,0.8815,0,WARNING,26.2,5.3,21.0,16.3
6978,0.6827,0,WARNING,21.6,4.6,17.2,15.1
6979,0.7583,0,WARNING,22.2,6.1,25.4,21.1
6980,0.7294,0,WARNING,24.0,6.7,28.9,22.1
6981,0.5299,0,NORMAL,20.8,4.3,19.8,14.9
6982,0.9992,0,WARNING,23.0,7.7,23.1,16.9
6983,0.5695,0,NORMAL,22.2,4.1,22.6,18.3
6984,0.4268,0,NORMAL,21.8,3.4,20.7,14.7
6985,0.6254,0,WARNING,20.0,3.7,18.7,13.4
6986,0.6438,0,WARNING,18.8,6.2,16.4,13.7
6987,0.37,0,NORMAL,18.2,4.1,16.2,13.7
6988,0.4434,0,NORMAL,18.0,3.0,15.5,14.4
6989,0.3698,0,NORMAL,18.1,3.1,16.6,14.0
6990,0.3751,0,NORMAL,17.3,4.4,13.7,11.8
6991,0.9285,0,WARNING,19.1,6.6,16.4,12.9
6992,0.4433,0,NORMAL,19.4,3.7,17.5,14.6
6993,0.253,0,NORMAL,18.9,2.4,14.8,11.9
6994,0.2263,0,NORMAL,19.0,2.1,9.9,7.8
6995,0.2352,0,NORMAL,19.7,3.5,14.1,11.8
6996,0.3894,0,NORMAL,19.4,4.7,14.7,13.3
6997,0.3129,0,NORMAL,20.1,3.3,15.2,12.1
6998,0.3129,0,NORMAL,19.0,3.6,16.8,13.7
6999,0.4654,0,NORMAL,18.6,2.9,14.7,11.4
7000,0.5855,0,NORMAL,19.7,5.2,17.6,14.6
7001,0.4048,0,NORMAL,19.3,4.1,18.2,15.1
7002,0.2864,0,NORMAL,17.9,3.2,14.0,12.2
7003,0.4269,0,NORMAL,19.0,2.4,14.6,10.2
7004,0.2407,0,NORMAL,18.5,2.9,15.0,10.7
7005,0.3831,0,NORMAL,20.3,6.1,19.1,13.9
7006,0.9979,0,WARNING,19.1,11.1,15.9,11.4
7007,0.5286,0,NORMAL,19.6,4.5,16.2,13.5
7008,0.2214,0,NORMAL,19.4,3.6,13.8,11.8
7009,0.4669,0,NORMAL,20.4,3.6,12.0,11.3
7010,0.8074,0,WARNING,19.8,5.0,13.9,13.2
7011,0.2908,0,NORMAL,19.5,4.6,15.4,14.2
7012,0.5555,0,NORMAL,19.6,6.2,25.9,19.5
7013,0.4839,0,NORMAL,18.8,4.4,18.9,14.3
7014,0.9873,0,WARNING,18.4,7.3,18.4,16.2
7015,0.6351,0,WARNING,20.8,5.8,26.4,18.9
7016,0.5537,0,NORMAL,19.6,5.8,18.4,15.4
7017,0.2741,0,NORMAL,19.4,4.2,17.2,12.9
7018,0.8646,0,WARNING,20.1,4.3,13.1,12.2
7019,0.4842,0,NORMAL,20.7,4.2,16.9,14.2
7020,0.8913,0,WARNING,21.0,5.2,14.8,10.7
7021,0.3129,0,NORMAL,22.7,4.7,12.2,10.7
7022,0.3467,0,NORMAL,22.0,4.3,16.0,14.6
7023,0.9729,0,WARNING,24.3,6.1,20.3,14.6
7024,0.5418,0,NORMAL,23.1,3.3,14.5,11.2
7025,0.3831,0,NORMAL,24.4,4.4,19.7,15.2
7026,0.4768,0,NORMAL,25.2,5.2,18.2,15.5
7027,0.9666,0,WARNING,25.4,5.8,16.6,11.7
7028,0.3195,0,NORMAL,23.8,3.0,17.1,13.6
7029,0.3338,0,NORMAL,24.6,2.9,16.9,12.4
7030,0.5095,0,NORMAL,26.3,5.9,22.0,17.6
7031,0.346,0,NORMAL,25.1,4.1,15.1,11.3
7032,0.6509,0,WARNING,25.1,4.1,11.7,10.2
7033,0.1685,0,NORMAL,22.7,2.3,9.9,9.1
7034,0.1695,0,NORMAL,20.6,2.6,13.5,10.3
7035,0.3834,0,NORMAL,22.8,3.8,15.0,13.1
7036,0.4132,0,NORMAL,22.1,5.6,15.1,13.3
7037,0.581,0,NORMAL,23.8,5.8,20.4,16.2
7038,0.3618,0,NORMAL,22.6,3.7,15.3,11.5
7039,0.3037,0,NORMAL,23.3,3.4,14.8,13.2
7040,0.7651,0,WARNING,22.5,4.9,15.7,12.8
7041,0.3606,0,NORMAL,24.2,5.1,18.2,14.4
7042,0.842,0,WARNING,23.1,4.6,12.9,10.3
7043,0.446,0,NORMAL,25.0,3.4,17.2,14.5
7044,0.569,0,NORMAL,25.6,4.2,20.4,15.4
7045,0.337,0,NORMAL,24.7,3.9,18.4,13.3
7046,0.3358,0,NORMAL,22.8,5.2,16.3,13.7
7047,0.4443,0,NORMAL,21.9,4.4,19.5,16.2
7048,0.774,0,WARNING,26.4,4.9,24.5,20.1
7049,0.5017,0,NORMAL,23.0,3.1,17.3,14.0
7050,0.9117,0,WARNING,24.3,7.6,24.1,18.0
7051,0.445,0,NORMAL,24.5,5.2,20.4,16.1
7052,0.9263,0,WARNING,25.5,6.7,23.3,17.4
7053,0.6644,0,WARNING,27.2,4.1,19.5,15.8
7054,0.839,0,WARNING,23.6,3.9,13.0,10.5
7055,0.2133,0,NORMAL,24.5,3.5,13.7,11.5
7056,0.3822,0,NORMAL,25.4,5.3,17.1,13.7
7057,1.0,0,ANOMALY,26.6,10.3,20.3,17.9
7058,0.6194,0,WARNING,24.9,4.5,23.7,19.7
7059,0.3728,0,NORMAL,22.4,3.1,16.2,12.0
7060,0.7113,0,WARNING,23.5,5.0,16.3,14.7
7061,0.9875,0,WARNING,24.8,7.4,17.1,13.6
7062,0.2583,0,NORMAL,22.9,4.1,15.4,12.6
7063,0.288,0,NORMAL,23.6,2.9,14.5,12.5
7064,0.4932,0,NORMAL,25.3,4.0,21.1,17.5
7065,0.9599,0,WARNING,24.7,7.1,18.8,13.9
7066,0.5746,0,NORMAL,25.0,7.7,22.3,15.2
7067,0.4445,0,NORMAL,24.3,3.3,16.5,15.8
7068,0.2422,0,NORMAL,23.8,2.7,12.1,11.0
7069,0.1858,0,NORMAL,24.2,2.7,11.7,9.5
7070,0.9291,0,WARNING,23.3,5.6,15.7,14.4
7071,0.3624,0,NORMAL,23.3,4.4,17.9,14.9
7072,0.2814,0,NORMAL,21.0,2.8,14.0,12.5
7073,0.3854,0,NORMAL,22.9,3.7,18.2,16.1
7074,0.4126,0,NORMAL,23.8,4.6,19.8,15.9
7075,0.9119,0,WARNING,24.0,7.0,22.8,18.4
7076,0.9665,0,WARNING,24.0,7.5,21.4,18.0
7077,0.4447,0,NORMAL,23.7,4.1,18.2,14.3
7078,0.9497,0,WARNING,23.0,5.0,15.0,13.9
7079,0.2478,0,NORMAL,23.9,3.3,14.5,11.6
7080,0.367,0,NORMAL,21.2,4.1,15.3,12.8
7081,0.9513,0,WARNING,21.0,6.2,14.7,12.4
7082,0.4125,0,NORMAL,21.5,3.5,18.2,15.7
7083,0.2386,0,NORMAL,20.9,2.5,13.7,10.7
7084,0.1586,0,NORMAL,20.6,2.3,12.8,10.1
7085,0.9822,0,WARNING,22.4,6.1,13.7,11.4
7086,0.4958,0,NORMAL,21.9,5.4,18.5,16.3
7087,0.509,0,NORMAL,23.1,5.5,20.3,16.4
7088,0.3709,0,NORMAL,22.0,2.7,13.1,11.6
7089,0.1935,0,NORMAL,23.1,2.5,12.1,11.2
7090,0.8441,0,WARNING,22.9,6.0,14.0,11.7
7091,0.9858,0,WARNING,24.1,6.8,17.7,13.8
7092,0.2769,0,NORMAL,23.2,2.9,11.1,9.2
7093,0.3305,0,NORMAL,22.1,3.4,15.7,13.7
7094,0.1756,0,NORMAL,19.7,2.4,11.4,9.7
7095,0.4946,0,NORMAL,22.6,5.4,17.3,16.1
7096,0.3062,0,NORMAL,22.3,4.9,15.1,13.1
7097,0.2877,0,NORMAL,22.4,4.4,13.4,12.0
7098,0.4049,0,NORMAL,24.3,4.0,16.1,13.9
7099,0.398,0,NORMAL,23.1,3.9,17.3,15.0
7100,0.96,0,WARNING,26.3,7.3,20.1,16.7
7101,0.4445,0,NORMAL,26.0,4.4,19.4,16.1
7102,0.332,0,NORMAL,25.2,3.6,17.1,13.8
7103,0.339,0,NORMAL,25.8,3.6,16.9,13.6
7104,0.8932,0,WARNING,24.9,4.2,15.5,13.5
7105,0.5092,0,NORMAL,24.0,4.6,19.4,16.9
7106,0.3737,0,NORMAL,21.3,4.7,17.0,13.6
7107,0.6544,0,WARNING,21.3,4.2,16.0,13.5
7108,0.2878,0,NORMAL,21.8,2.5,11.4,10.6
7109,0.8106,0,WARNING,22.2,3.8,14.8,10.8
7110,0.4917,0,NORMAL,22.7,5.3,17.5,15.2
7111,0.9125,0,WARNING,22.7,5.3,12.0,9.8
7112,0.1751,0,NORMAL,23.0,2.8,12.1,9.0
7113,0.1386,0,NORMAL,22.6,2.6,9.8,8.6
7114,0.3945,0,NORMAL,23.0,3.2,13.6,11.0
7115,0.2033,0,NORMAL,23.3,3.3,13.7,11.8
7116,0.5872,0,NORMAL,25.0,6.8,24.3,19.6
7117,0.6568,0,WARNING,23.2,4.3,14.7,11.2
7118,0.2179,0,NORMAL,22.6,1.9,10.4,9.2
7119,0.1404,0,NORMAL,21.6,1.9,8.2,7.7
7120,0.271,0,NORMAL,20.6,3.9,13.9,10.6
7121,0.1955,0,NORMAL,21.4,3.3,12.4,10.4
7122,0.9303,0,WARNING,21.3,5.3,15.2,10.6
7123,0.212,0,NORMAL,21.2,1.9,8.4,7.5
7124,0.151,0,NORMAL,20.7,1.8,6.8,6.3
7125,0.3353,0,NORMAL,22.5,3.5,13.8,9.5
7126,0.509,0,NORMAL,21.9,6.4,16.7,9.5
7127,0.4986,0,NORMAL,22.6,4.1,10.3,10.0
7128,0.1475,0,NORMAL,22.0,2.2,9.0,9.1
7129,0.8478,0,WARNING,22.0,3.7,8.3,7.7
7130,0.4017,0,NORMAL,22.2,2.9,10.8,9.1
7131,0.1564,0,NORMAL,22.2,2.2,7.6,10.0
7132,0.1658,0,NORMAL,21.9,1.9,5.8,6.3
7133,0.2837,0,NORMAL,23.1,2.5,14.6,11.2
7134,0.1905,0,NORMAL,21.5,1.1,6.6,5.4
7135,0.1878,0,NORMAL,23.1,2.0,6.3,6.6
7136,0.1332,0,NORMAL,21.1,3.5,8.8,8.4
7137,0.7805,0,WARNING,19.8,5.1,8.9,7.5
7138,0.1869,0,NORMAL,18.1,1.3,6.1,6.5
7139,0.1672,0,NORMAL,19.6,1.5,5.9,6.6
7140,0.4172,0,NORMAL,17.9,2.2,4.5,5.3
7141,0.1286,0,NORMAL,18.8,2.9,7.3,6.3
7142,0.963,0,WARNING,18.9,4.6,6.6,6.1
7143,0.2121,0,NORMAL,18.9,1.1,3.4,3.3
7144,0.1552,0,NORMAL,20.1,1.6,5.5,5.3
7145,0.1481,0,NORMAL,20.6,2.1,6.5,6.9
7146,0.9461,0,WARNING,20.2,5.5,5.9,5.9
7147,0.1945,0,NORMAL,21.8,2.4,6.0,5.9
7148,0.2463,0,NORMAL,20.7,1.2,5.7,5.4
7149,0.215,0,NORMAL,20.8,1.0,3.2,3.8
7150,0.7412,0,WARNING,20.9,4.0,3.8,3.6
7151,0.1541,0,NORMAL,21.1,2.1,4.5,4.3
7152,0.1596,0,NORMAL,21.2,2.3,5.2,5.4
7153,0.2321,0,NORMAL,21.0,0.8,2.3,3.0
7154,0.1854,0,NORMAL,21.0,1.5,3.9,3.9
7155,0.1744,0,NORMAL,21.8,2.3,5.5,5.9
7156,0.3108,0,NORMAL,22.0,3.8,5.2,5.3
7157,0.3373,0,NORMAL,21.8,2.4,4.1,5.0
7158,0.1902,0,NORMAL,22.7,2.6,6.8,6.8
7159,0.8545,0,WARNING,22.2,3.3,4.9,5.4
7160,0.5262,0,NORMAL,21.6,2.3,3.8,5.1
7161,0.1927,0,NORMAL,22.4,2.3,7.1,5.9
7162,0.147,0,NORMAL,19.8,1.9,5.9,6.2
7163,0.1528,0,NORMAL,18.5,1.6,7.2,5.9
7164,0.4707,0,NORMAL,18.9,2.0,11.3,7.3
7165,0.9957,0,WARNING,20.0,6.6,11.1,9.3
7166,0.4135,0,NORMAL,20.7,3.6,7.1,5.8
7167,0.1348,0,NORMAL,20.2,2.0,5.2,5.9
7168,0.1887,0,NORMAL,20.1,1.3,4.2,5.1
7169,0.9832,0,WARNING,20.9,3.5,5.8,6.6
7170,0.609,0,WARNING,20.8,3.6,7.4,7.6
7171,0.1545,0,NORMAL,22.0,3.1,8.4,6.7
7172,0.4836,0,NORMAL,22.1,2.7,11.2,6.6
7173,0.2168,0,NORMAL,21.6,1.7,5.7,5.1
7174,0.2074,0,NORMAL,21.0,1.2,2.9,3.2
7175,0.97,0,WARNING,21.2,4.9,4.7,4.7
7176,0.3015,0,NORMAL,21.3,2.6,3.5,4.1
7177,0.185,0,NORMAL,21.8,2.1,4.8,4.7
7178,0.204,0,NORMAL,21.9,1.2,3.2,3.5
7179,0.7886,0,WARNING,23.0,3.9,9.2,8.9
7180,0.305,0,NORMAL,22.4,2.9,5.3,4.5
7181,0.2179,0,NORMAL,22.9,2.6,5.2,4.7
7182,0.2261,0,NORMAL,22.5,2.1,4.4,4.7
7183,0.9201,0,WARNING,19.7,3.1,2.8,4.0
7184,0.22,0,NORMAL,17.6,0.8,2.5,2.8
7185,0.1993,0,NORMAL,18.5,2.5,6.3,6.1
7186,0.742,0,WARNING,19.6,3.8,5.4,4.9
7187,0.1568,0,NORMAL,20.3,2.4,6.1,6.2
7188,0.8239,0,WARNING,21.7,2.8,4.8,5.1
7189,0.1793,0,NORMAL,21.0,1.5,5.4,5.6
7190,0.5293,0,NORMAL,21.4,4.2,8.7,7.6
7191,0.1444,0,NORMAL,21.6,3.6,9.6,8.0
7192,0.1467,0,NORMAL,21.9,2.5,8.5,7.1
7193,0.1609,0,NORMAL,21.4,1.6,5.8,6.1
7194,0.1613,0,NORMAL,22.0,1.8,9.6,8.2
7195,0.1423,0,NORMAL,21.9,2.1,6.5,6.2
7196,0.4213,0,NORMAL,21.9,4.0,8.0,7.2
7197,0.1608,0,NORMAL,22.5,2.4,6.5,6.8
7198,0.1609,0,NORMAL,22.3,2.6,11.2,10.1
7199,0.1542,0,NORMAL,23.7,2.5,12.5,9.8
7200,0.278,0,NORMAL,22.1,4.1,13.6,10.9
7201,0.2743,0,NORMAL,21.5,4.4,16.8,12.9
7202,0.3893,0,NORMAL,21.7,3.7,12.6,10.8
7203,0.1756,0,NORMAL,22.5,2.8,12.4,9.7
7204,0.2368,0,NORMAL,23.4,2.8,14.0,12.3
7205,0.405,0,NORMAL,25.2,3.5,13.3,10.7
7206,0.6645,0,WARNING,23.8,4.8,15.5,13.3
7207,0.2875,0,NORMAL,24.3,4.1,17.7,13.2
7208,0.6585,0,WARNING,25.3,4.6,19.7,15.3
7209,0.3828,0,NORMAL,26.4,3.3,14.2,11.4
7210,0.4894,0,NORMAL,25.4,3.6,11.6,9.9
7211,0.8724,0,WARNING,26.1,4.9,15.0,13.1
7212,0.2631,0,NORMAL,24.3,2.9,10.7,9.0
7213,0.2658,0,NORMAL,24.3,1.8,7.5,6.8
7214,0.2109,0,NORMAL,23.4,1.9,9.4,8.7
7215,0.3367,0,NORMAL,23.0,4.5,15.4,13.0
7216,0.2708,0,NORMAL,21.3,4.7,12.5,10.6
7217,0.9304,0,WARNING,24.6,7.3,21.5,18.6
7218,0.4224,0,NORMAL,22.4,3.1,14.4,11.5
7219,0.9861,0,WARNING,23.0,3.0,22.0,11.2
7220,0.5703,0,NORMAL,23.9,4.8,15.5,12.9
7221,0.4257,0,NORMAL,25.7,3.5,11.3,9.1
7222,0.8086,0,WARNING,23.8,4.3,10.1,7.9
7223,0.2591,0,NORMAL,25.5,3.0,13.9,11.7
7224,0.2393,0,NORMAL,26.2,2.5,13.3,11.1
7225,0.4364,0,NORMAL,27.1,4.3,20.1,15.9
7226,0.4955,0,NORMAL,25.7,4.3,16.8,14.7
7227,0.9733,0,WARNING,26.8,6.4,23.9,19.1
7228,0.6662,0,WARNING,24.7,4.9,26.0,20.9
7229,0.4408,0,NORMAL,22.4,3.5,19.6,13.9
7230,0.3714,0,NORMAL,22.6,5.3,17.4,14.6
7231,0.4755,0,NORMAL,23.6,5.5,20.5,14.3
7232,0.4172,0,NORMAL,23.0,4.3,19.3,15.4
7233,0.4076,0,NORMAL,23.7,3.5,18.5,14.5
7234,0.3525,0,NORMAL,23.5,3.4,18.0,13.6
7235,0.978,0,WARNING,24.6,6.0,18.6,14.7
7236,0.3456,0,NORMAL,24.0,3.9,18.6,14.8
7237,0.941,0,WARNING,24.3,6.1,18.4,15.0
7238,0.9108,0,WARNING,26.1,5.6,29.8,19.9
7239,0.7071,0,WARNING,25.3,4.4,17.9,13.6
7240,0.7324,0,WARNING,27.2,7.9,32.3,24.3
7241,0.8347,0,WARNING,26.1,6.1,23.5,17.4
7242,0.3888,0,NORMAL,22.3,3.4,15.1,10.5
7243,0.8193,0,WARNING,23.2,3.0,17.1,10.7
7244,0.9665,0,WARNING,23.1,4.8,19.5,13.0
7245,0.476,0,NORMAL,23.8,4.8,17.0,13.3
7246,0.8054,0,WARNING,23.5,6.5,20.6,11.2
7247,0.4841,0,NORMAL,25.7,4.5,18.9,14.7
7248,0.9103,0,WARNING,23.7,5.2,14.9,12.0
7249,0.2189,0,NORMAL,23.8,2.5,12.2,10.6
7250,0.3769,0,NORMAL,25.3,4.5,14.0,12.5
7251,0.1872,0,NORMAL,23.9,3.7,10.8,9.4
7252,0.2491,0,NORMAL,25.1,3.9,14.9,13.0
7253,0.895,0,WARNING,25.5,4.7,15.3,12.6
7254,0.4544,0,NORMAL,24.9,3.9,21.2,16.6
7255,0.8241,0,WARNING,29.0,7.0,35.2,27.7
7256,0.6795,0,WARNING,23.8,6.1,24.7,17.5
7257,0.5539,0,NORMAL,24.3,4.7,17.0,13.8
7258,0.58,0,NORMAL,25.3,4.2,23.2,19.7
7259,0.417,0,NORMAL,25.0,3.3,18.0,14.5
7260,0.9776,0,WARNING,23.7,3.7,23.2,12.6
7261,0.5631,0,NORMAL,21.9,5.0,18.7,16.5
7262,0.2706,0,NORMAL,22.6,3.5,15.9,12.5
7263,0.366,0,NORMAL,22.6,2.6,14.8,10.7
7264,0.5292,0,NORMAL,24.1,4.1,21.3,17.9
7265,0.4847,0,NORMAL,22.1,3.6,12.4,10.3
7266,0.6569,0,WARNING,21.5,3.5,8.1,7.7
7267,0.1537,0,NORMAL,22.2,3.2,8.1,7.0
7268,0.668,0,WARNING,22.3,3.2,9.7,8.7
7269,0.145,0,NORMAL,22.4,2.1,8.1,8.4
7270,0.2798,0,NORMAL,21.6,3.3,7.9,7.0
7271,0.932,0,WARNING,24.1,6.1,16.6,14.7
7272,0.2952,0,NORMAL,22.9,3.0,13.3,11.4
7273,0.1979,0,NORMAL,22.8,2.5,13.0,9.8
7274,0.1588,0,NORMAL,20.7,2.2,9.2,8.5
7275,0.4981,0,NORMAL,19.1,2.9,7.7,7.9
7276,0.5954,0,NORMAL,19.9,4.1,8.8,9.4
7277,0.9825,0,WARNING,20.4,5.2,9.6,8.2
7278,0.7172,0,WARNING,24.6,4.9,24.9,18.7
7279,0.7453,0,WARNING,26.6,6.1,30.3,23.7
7280,0.8672,0,WARNING,24.7,5.6,18.1,12.9
7281,0.9393,0,WARNING,24.4,6.0,17.3,14.2
7282,0.2664,0,NORMAL,23.6,3.6,16.3,12.8
7283,0.2742,0,NORMAL,25.1,3.5,15.4,12.0
7284,0.7681,0,WARNING,25.2,3.5,21.4,14.5
7285,0.4254,0,NORMAL,26.7,4.1,19.3,15.5
7286,0.8066,0,WARNING,29.1,8.0,27.9,21.5
7287,0.5244,0,NORMAL,26.7,5.2,23.4,17.1
7288,0.404,0,NORMAL,23.0,3.4,19.6,14.9
7289,0.332,0,NORMAL,22.4,3.4,16.9,14.1
7290,0.5722,0,NORMAL,21.9,4.5,17.6,13.2
7291,0.288,0,NORMAL,22.8,3.4,12.5,11.0
7292,0.1937,0,NORMAL,21.9,3.9,12.4,11.2
7293,0.2435,0,NORMAL,23.2,2.8,14.0,11.3
7294,0.1686,0,NORMAL,22.3,2.1,10.2,8.2
7295,0.8975,0,WARNING,23.7,5.8,13.9,11.5
7296,0.5036,0,NORMAL,24.1,5.2,15.4,11.5
7297,0.2351,0,NORMAL,24.2,3.3,13.3,10.6
7298,0.1702,0,NORMAL,22.4,1.7,10.6,8.1
7299,0.1866,0,NORMAL,23.6,2.6,12.8,10.8
7300,0.3111,0,NORMAL,23.9,4.5,16.2,14.0
7301,0.8141,0,WARNING,23.7,4.9,15.6,12.0
7302,0.222,0,NORMAL,21.4,2.8,11.7,10.7
7303,0.1596,0,NORMAL,19.8,2.1,9.9,8.7
7304,0.1683,0,NORMAL,19.7,1.6,9.0,7.5
7305,0.2078,0,NORMAL,21.9,3.8,12.7,10.8
7306,0.4438,0,NORMAL,21.9,5.9,18.8,15.8
7307,0.5814,0,NORMAL,22.6,4.5,12.2,10.6
7308,0.2355,0,NORMAL,22.3,3.1,13.0,12.5
7309,0.9871,0,WARNING,21.8,5.5,11.2,9.6
7310,0.2377,0,NORMAL,22.6,3.4,10.5,8.9
7311,0.2354,0,NORMAL,23.8,4.3,14.1,12.9
7312,0.2606,0,NORMAL,23.0,2.7,11.8,10.7
7313,0.2115,0,NORMAL,22.8,2.3,13.5,11.5
7314,0.3252,0,NORMAL,23.1,3.4,17.8,13.4
7315,0.427,0,NORMAL,24.2,4.4,21.0,16.8
7316,0.6525,0,WARNING,24.6,7.0,22.7,18.3
7317,0.9725,0,WARNING,21.6,5.4,14.3,10.8
7318,0.2665,0,NORMAL,20.4,2.6,14.2,12.3
7319,0.1937,0,NORMAL,21.3,2.3,13.7,10.5
7320,0.4895,0,NORMAL,19.7,4.0,11.9,9.6
7321,0.1343,0,NORMAL,19.8,3.5,12.0,10.3
7322,0.662,0,WARNING,20.7,3.9,14.4,11.0
7323,0.2668,0,NORMAL,21.9,3.0,14.0,11.9
7324,0.2032,0,NORMAL,21.4,2.7,13.9,10.5
7325,0.3375,0,NORMAL,22.8,4.0,15.2,11.6
7326,0.3704,0,NORMAL,22.4,4.5,17.9,14.9
7327,0.2874,0,NORMAL,22.9,3.6,14.7,12.1
7328,0.8109,0,WARNING,22.1,3.5,8.8,7.9
7329,0.141,0,NORMAL,21.9,2.0,7.0,7.0
7330,0.969,0,WARNING,22.3,3.3,18.1,10.4
7331,0.3083,0,NORMAL,23.5,4.6,17.6,13.9
7332,0.4047,0,NORMAL,24.9,3.6,18.5,14.2
7333,0.5798,0,NORMAL,23.1,3.5,12.3,9.8
7334,0.1821,0,NORMAL,19.8,1.2,9.2,8.4
7335,0.1698,0,NORMAL,19.1,3.0,10.4,10.2
7336,0.5037,0,NORMAL,19.5,4.8,12.6,11.5
7337,0.1615,0,NORMAL,20.2,3.1,11.6,9.3
7338,0.3954,0,NORMAL,20.1,2.9,9.6,7.9
7339,0.9529,0,WARNING,21.0,4.4,9.3,8.1
7340,0.3964,0,NORMAL,20.6,3.2,9.3,8.5
7341,0.122,0,NORMAL,21.8,3.4,11.0,8.2
7342,0.229,0,NORMAL,21.8,3.6,13.9,9.8
7343,0.1432,0,NORMAL,22.2,2.2,10.4,8.8
7344,0.404,0,NORMAL,22.7,3.6,17.5,12.7
7345,0.6203,0,WARNING,22.7,4.0,13.9,11.8
7346,0.9422,0,WARNING,22.4,5.9,10.6,9.0
7347,0.444,0,NORMAL,23.7,3.7,17.1,15.9
7348,0.2591,0,NORMAL,22.7,2.4,14.1,11.6
7349,0.1752,0,NORMAL,21.8,2.1,10.6,9.2
7350,0.1208,0,NORMAL,20.4,3.3,10.8,9.9
7351,0.2197,0,NORMAL,20.2,3.4,14.1,11.4
7352,0.1786,0,NORMAL,20.8,3.0,13.2,9.6
7353,0.2819,0,NORMAL,20.7,4.3,15.3,12.2
7354,0.1708,0,NORMAL,20.9,2.5,12.7,9.0
7355,0.1211,0,NORMAL,21.8,3.0,9.8,7.7
7356,0.6666,0,WARNING,21.5,5.2,12.7,10.4
7357,0.482,0,NORMAL,22.1,4.1,11.9,9.8
7358,0.3952,0,NORMAL,22.4,2.7,10.0,8.8
7359,0.1514,0,NORMAL,22.6,2.1,8.1,6.2
7360,0.2791,0,NORMAL,22.7,4.4,15.9,12.5
7361,0.7215,0,WARNING,23.3,4.7,14.0,11.4
7362,0.2054,0,NORMAL,22.2,2.4,8.4,7.2
7363,0.5056,0,NORMAL,22.0,2.2,5.9,5.2
7364,0.1495,0,NORMAL,22.2,2.0,9.8,7.3
7365,0.3839,0,NORMAL,22.9,2.3,11.3,8.7
7366,0.4041,0,NORMAL,22.2,4.0,12.8,14.3
7367,0.2489,0,NORMAL,20.7,2.8,14.6,11.5
7368,0.2513,0,NORMAL,21.0,2.8,14.9,11.6
7369,0.5032,0,NORMAL,20.8,3.5,14.1,11.3
7370,0.9955,0,WARNING,20.9,5.0,10.2,8.5
7371,0.2071,0,NORMAL,21.5,2.8,9.3,9.1
7372,0.1376,0,NORMAL,21.9,2.7,11.5,8.5
7373,0.1765,0,NORMAL,21.8,1.9,9.1,8.0
7374,0.1499,0,NORMAL,21.3,2.0,10.4,9.2
7375,0.195,0,NORMAL,21.8,2.7,12.4,11.6
7376,0.596,0,NORMAL,21.7,4.4,12.9,12.3
7377,0.2151,0,NORMAL,22.5,2.5,12.6,10.8
7378,0.5137,0,NORMAL,23.8,3.8,23.3,17.9
7379,0.5971,0,NORMAL,25.4,4.3,24.9,18.9
7380,0.6523,0,WARNING,19.6,4.9,17.0,13.7
7381,0.2601,0,NORMAL,15.6,4.4,14.9,12.4
7382,0.1888,0,NORMAL,15.5,3.2,12.2,9.6
7383,0.1263,0,NORMAL,15.4,1.8,8.7,6.3
7384,0.108,0,NORMAL,16.2,2.7,10.8,8.5
7385,0.1177,0,NORMAL,17.0,3.3,11.7,10.0
7386,0.931,0,WARNING,16.5,5.7,12.1,9.8
7387,0.1195,0,NORMAL,17.1,2.8,10.5,8.9
7388,0.1521,0,NORMAL,16.8,2.0,10.7,9.7
7389,0.1875,0,NORMAL,17.4,2.5,11.9,10.3
7390,0.1712,0,NORMAL,16.7,3.2,8.7,6.7
7391,0.1787,0,NORMAL,18.4,3.7,11.9,11.3
7392,0.8767,0,WARNING,17.1,4.4,9.9,9.2
7393,0.1475,0,NORMAL,17.4,2.2,8.1,7.1
7394,0.2002,0,NORMAL,16.2,1.2,4.0,3.9
7395,0.1463,0,NORMAL,17.9,2.6,7.9,8.2
7396,0.6059,0,WARNING,16.8,4.4,5.5,4.8
7397,0.1006,0,NORMAL,15.5,2.7,7.9,7.5
7398,0.1837,0,NORMAL,13.4,1.5,5.1,4.6
7399,0.1712,0,NORMAL,14.1,1.8,4.4,5.2
7400,0.5242,0,NORMAL,15.1,4.1,5.3,4.9
7401,0.8795,0,WARNING,14.7,4.7,7.0,6.6
7402,0.1137,0,NORMAL,15.1,2.5,6.1,5.4
7403,0.1785,0,NORMAL,15.4,1.5,5.0,4.8
7404,0.4246,0,NORMAL,15.3,1.6,3.9,4.4
7405,0.7395,0,WARNING,16.3,4.2,8.6,7.9
7406,0.4227,0,NORMAL,16.0,3.3,7.1,6.9
7407,0.1199,0,NORMAL,16.2,2.7,8.4,6.8
7408,0.1674,0,NORMAL,16.2,1.8,7.6,6.6
7409,0.1952,0,NORMAL,15.7,1.3,4.3,4.4
7410,0.4241,0,NORMAL,16.5,3.9,11.5,10.5
7411,0.9005,0,WARNING,17.5,5.2,11.4,8.5
7412,0.3329,0,NORMAL,17.5,4.0,16.3,13.6
7413,0.8161,0,WARNING,18.6,5.0,16.7,12.5
7414,0.2576,0,NORMAL,17.6,2.6,11.5,7.9
7415,0.8199,0,WARNING,17.5,3.7,18.5,11.9
7416,0.8126,0,WARNING,16.7,5.7,17.6,14.6
7417,0.952,0,WARNING,16.5,6.9,19.1,13.0
7418,0.3187,0,NORMAL,17.2,2.9,16.6,12.9
7419,0.4633,0,NORMAL,17.9,4.2,20.5,16.4
7420,0.8067,0,WARNING,18.2,6.5,21.8,15.9
7421,0.9727,0,WARNING,19.1,7.3,18.5,14.1
7422,0.3043,0,NORMAL,18.8,4.4,17.1,13.4
7423,0.9597,0,WARNING,19.5,6.0,17.1,13.6
7424,0.2596,0,NORMAL,19.4,3.3,16.8,11.9
7425,0.8426,0,WARNING,20.7,6.3,20.0,16.1
7426,0.5204,0,NORMAL,20.4,8.4,24.7,15.6
7427,0.3643,0,NORMAL,20.4,3.7,17.3,12.5
7428,0.275,0,NORMAL,19.1,3.3,15.5,12.3
7429,0.337,0,NORMAL,19.5,3.3,15.0,12.8
7430,0.978,0,WARNING,17.6,6.1,15.4,13.1
7431,0.4125,0,NORMAL,17.7,4.7,20.3,15.9
7432,0.3044,0,NORMAL,17.4,3.9,17.1,13.6
7433,0.2899,0,NORMAL,18.0,2.9,17.1,12.5
7434,0.3755,0,NORMAL,18.6,3.9,15.4,11.2
7435,0.2046,0,NORMAL,18.4,4.1,15.1,12.2
7436,0.4903,0,NORMAL,18.3,4.1,14.5,10.2
7437,0.1894,0,NORMAL,18.2,3.6,13.9,11.3
7438,0.1641,0,NORMAL,17.9,1.7,8.3,7.1
7439,0.159,0,NORMAL,17.7,2.0,9.9,9.8
7440,0.8754,0,WARNING,16.1,4.8,11.1,10.6
7441,0.1175,0,NORMAL,16.1,3.7,11.6,9.8
7442,0.1874,0,NORMAL,16.1,4.0,13.9,11.0
7443,0.1432,0,NORMAL,16.3,2.4,13.1,9.8
7444,0.2205,0,NORMAL,16.9,3.0,13.6,11.1
7445,0.1112,0,NORMAL,17.6,3.3,10.5,8.5
7446,0.9998,0,WARNING,18.0,8.0,15.0,10.8
7447,0.2882,0,NORMAL,18.3,3.6,10.7,7.4
7448,0.1674,0,NORMAL,17.2,2.2,7.9,6.6
7449,0.9535,0,WARNING,17.9,4.5,8.9,7.5
7450,0.4049,0,NORMAL,17.1,2.8,7.3,6.1
7451,0.1832,0,NORMAL,18.8,3.8,12.0,10.1
7452,0.2022,0,NORMAL,18.2,3.3,11.0,9.9
7453,0.8174,0,WARNING,18.3,3.4,9.9,9.5
7454,0.598,0,NORMAL,17.8,2.7,7.9,6.7
7455,0.2228,0,NORMAL,18.7,2.7,7.9,7.2
7456,0.5142,0,NORMAL,19.0,5.5,13.6,11.6
7457,0.5079,0,NORMAL,16.9,5.4,13.0,10.6
7458,0.1839,0,NORMAL,14.6,2.7,10.3,9.2
7459,0.3384,0,NORMAL,14.6,2.7,8.1,7.3
7460,0.7768,0,WARNING,14.9,4.1,5.7,5.1
7461,0.0657,0,NORMAL,16.1,2.7,6.8,6.3
7462,0.1445,0,NORMAL,16.0,1.7,4.4,3.9
7463,0.1601,0,NORMAL,16.3,1.9,6.8,6.3
7464,0.6108,0,WARNING,15.9,3.4,10.0,8.6
7465,0.2887,0,NORMAL,18.1,3.9,14.6,10.0
7466,0.5135,0,NORMAL,17.0,5.3,13.8,10.1
7467,0.7752,0,WARNING,18.6,5.3,15.6,12.5
7468,0.2674,0,NORMAL,18.4,3.1,17.0,12.0
7469,0.8455,0,WARNING,19.0,5.0,15.6,12.4
7470,0.5859,0,NORMAL,18.7,4.3,17.3,14.0
7471,0.2849,0,NORMAL,19.2,4.1,16.4,12.8
7472,0.2113,0,NORMAL,18.7,3.9,15.3,9.9
7473,0.2249,0,NORMAL,18.2,2.0,8.0,6.0
7474,0.9534,0,WARNING,18.0,4.9,13.3,11.8
7475,0.1159,0,NORMAL,15.5,2.8,11.8,10.0
7476,0.2729,0,NORMAL,15.3,4.7,11.8,9.1
7477,0.2973,0,NORMAL,17.6,4.0,16.4,12.8
7478,0.2973,0,NORMAL,16.8,2.7,17.2,12.4
7479,0.2364,0,NORMAL,17.3,2.6,16.1,11.0
7480,0.988,0,WARNING,18.5,7.2,16.8,13.3
7481,0.288,0,NORMAL,19.0,4.2,16.2,12.2
7482,0.313,0,NORMAL,19.7,3.6,16.9,12.2
7483,0.2675,0,NORMAL,18.8,3.2,16.1,11.6
7484,0.7694,0,WARNING,18.7,3.9,13.6,10.0
7485,0.2899,0,NORMAL,19.4,4.8,16.9,13.2
7486,0.6673,0,WARNING,20.4,8.2,21.4,13.0
7487,0.7019,0,WARNING,20.6,4.9,23.1,15.3
7488,0.3724,0,NORMAL,19.8,3.2,14.6,11.1
7489,0.3258,0,NORMAL,20.0,2.8,15.2,12.9
7490,0.9954,0,WARNING,17.5,7.4,15.2,12.6
7491,0.2519,0,NORMAL,15.1,3.3,14.4,12.9
7492,0.1571,0,NORMAL,14.9,2.3,10.4,9.5
7493,0.1621,0,NORMAL,15.2,2.1,9.8,8.8
7494,0.5874,0,NORMAL,15.6,1.7,12.4,9.6
7495,0.2523,0,NORMAL,16.3,3.0,15.2,13.1
7496,0.7202,0,WARNING,16.6,4.7,13.1,12.1
7497,0.1571,0,NORMAL,16.1,2.6,10.3,10.1
7498,0.5861,0,NORMAL,16.4,4.1,14.9,12.8
7499,0.3533,0,NORMAL,16.9,3.4,17.1,13.4
7500,0.4969,0,NORMAL,18.2,4.2,16.1,12.2
7501,1.0,0,ANOMALY,19.9,6.7,9.3,8.9
7502,0.3161,0,NORMAL,20.1,2.2,10.3,10.3
7503,0.8701,0,WARNING,20.9,2.7,19.3,12.3
7504,0.2662,0,NORMAL,21.2,3.5,15.7,11.9
7505,0.3594,0,NORMAL,21.9,3.8,18.7,13.9
7506,0.2478,0,NORMAL,22.4,5.0,15.9,11.3
7507,0.2591,0,NORMAL,22.4,3.4,14.3,11.9
7508,0.1735,0,NORMAL,21.6,2.2,11.9,9.1
7509,0.2197,0,NORMAL,22.0,2.6,12.7,10.9
7510,0.3996,0,NORMAL,22.3,4.7,16.5,12.7
7511,0.3931,0,NORMAL,23.3,4.5,18.4,14.8
7512,0.8451,0,WARNING,23.1,5.9,19.2,14.4
7513,0.2648,0,NORMAL,22.6,2.4,12.6,10.8
7514,0.8592,0,WARNING,21.9,3.1,8.8,7.5
7515,0.1347,0,NORMAL,22.2,3.2,11.4,9.9
7516,0.5022,0,NORMAL,19.9,4.3,8.9,7.6
7517,0.1231,0,NORMAL,20.1,3.6,11.7,9.2
7518,0.5944,0,NORMAL,20.0,3.8,11.7,10.2
7519,0.1595,0,NORMAL,19.3,2.1,6.2,5.5
7520,0.5937,0,NORMAL,20.1,3.7,10.0,8.8
7521,0.1392,0,NORMAL,20.8,2.6,8.0,6.0
7522,0.9448,0,WARNING,20.7,5.7,9.5,7.8
7523,0.1472,0,NORMAL,22.0,2.2,9.8,7.5
7524,0.195,0,NORMAL,22.3,2.3,11.5,10.5
7525,0.7328,0,WARNING,23.2,4.6,12.0,9.9
7526,0.2743,0,NORMAL,23.5,4.8,16.0,12.5
7527,0.2657,0,NORMAL,23.9,4.2,15.6,12.0
7528,0.8145,0,WARNING,22.5,3.7,11.4,10.7
7529,0.2067,0,NORMAL,22.5,2.9,14.3,10.5
7530,0.9996,0,WARNING,23.1,7.5,16.8,12.8
7531,0.2214,0,NORMAL,22.6,3.5,11.0,9.2
7532,0.7723,0,WARNING,23.1,2.9,8.9,8.3
7533,0.8973,0,WARNING,20.3,3.4,8.4,7.5
7534,0.1842,0,NORMAL,18.2,1.5,7.5,6.3
7535,0.1161,0,NORMAL,19.5,2.7,9.0,7.7
7536,0.4183,0,NORMAL,19.7,4.2,8.5,7.7
7537,0.1304,0,NORMAL,21.2,2.9,11.9,9.5
7538,0.173,0,NORMAL,20.5,1.7,8.5,7.4
7539,0.8789,0,WARNING,20.5,3.6,7.6,7.1
7540,0.1367,0,NORMAL,20.2,2.6,7.7,7.3
7541,0.1425,0,NORMAL,20.7,1.6,5.7,5.5
7542,0.1977,0,NORMAL,20.4,1.4,7.5,7.1
7543,0.1977,0,NORMAL,21.8,1.9,11.0,8.5
7544,0.1624,0,NORMAL,20.9,1.6,10.3,7.3
7545,0.2208,0,NORMAL,21.8,5.1,13.8,8.1
7546,0.4097,0,NORMAL,22.2,5.4,15.1,12.7
7547,0.2091,0,NORMAL,22.1,2.3,6.5,5.5
7548,0.2038,0,NORMAL,22.3,1.7,11.1,9.2
7549,0.2073,0,NORMAL,23.3,2.2,10.7,9.2
7550,0.9525,0,WARNING,22.3,3.5,15.4,6.8
7551,0.2635,0,NORMAL,23.4,2.6,7.0,6.1
7552,0.158,0,NORMAL,20.5,1.2,5.5,7.0
7553,0.4114,0,NORMAL,19.3,1.9,6.7,6.3
7554,0.158,0,NORMAL,18.6,1.9,9.8,8.5
7555,0.2117,0,NORMAL,20.7,3.2,13.3,11.2
7556,0.2835,0,NORMAL,20.0,4.1,12.5,10.8
7557,0.1561,0,NORMAL,20.6,2.7,10.7,9.8
7558,0.1764,0,NORMAL,20.3,1.7,8.9,7.0
7559,0.9791,0,WARNING,20.3,4.4,6.9,6.4
7560,0.411,0,NORMAL,18.1,2.7,7.4,6.1
7561,0.1539,0,NORMAL,14.0,2.3,9.8,8.6
7562,0.1954,0,NORMAL,13.8,1.3,6.0,5.4
7563,0.1531,0,NORMAL,16.1,2.2,10.8,9.3
7564,0.1731,0,NORMAL,15.1,1.7,9.9,7.6
7565,0.1549,0,NORMAL,15.9,2.3,10.9,9.1
7566,0.4135,0,NORMAL,14.9,3.3,9.3,8.4
7567,0.2078,0,NORMAL,15.9,2.3,10.4,7.9
7568,0.8989,0,WARNING,16.4,4.4,11.0,9.6
7569,0.1967,0,NORMAL,15.5,1.3,8.1,7.3
7570,0.2828,0,NORMAL,16.1,3.4,7.3,5.4
7571,0.1412,0,NORMAL,16.5,2.8,6.6,6.5
7572,0.6783,0,WARNING,16.1,3.2,5.8,6.1
7573,0.1827,0,NORMAL,15.9,1.5,6.3,6.8
7574,0.2058,0,NORMAL,15.7,1.0,4.0,3.6
7575,0.2973,0,NORMAL,15.9,2.9,7.1,6.6
7576,0.529,0,NORMAL,16.0,3.9,9.3,9.0
7577,0.6066,0,WARNING,16.5,4.3,9.8,8.0
7578,0.1045,0,NORMAL,14.8,2.5,6.4,6.1
7579,0.1529,0,NORMAL,14.5,2.3,8.9,7.3
7580,0.5156,0,NORMAL,12.9,2.6,5.4,6.0
7581,0.0848,0,NORMAL,14.2,3.4,8.6,6.7
7582,0.7335,0,WARNING,16.7,5.6,17.2,13.3
7583,0.3145,0,NORMAL,16.9,3.9,15.8,12.5
7584,0.2363,0,NORMAL,16.7,3.0,13.9,10.3
7585,0.2899,0,NORMAL,17.4,3.4,14.5,12.5
7586,0.9787,0,WARNING,18.0,7.1,12.0,10.1
7587,0.1922,0,NORMAL,17.4,2.1,7.6,7.3
7588,0.1961,0,NORMAL,17.9,2.2,10.0,8.2
7589,0.8167,0,WARNING,17.3,3.3,8.1,7.5
7590,0.2809,0,NORMAL,17.2,2.4,8.1,8.7
7591,0.212,0,NORMAL,17.9,2.8,10.2,9.2
7592,0.2172,0,NORMAL,18.4,2.1,8.1,6.8
7593,0.2184,0,NORMAL,18.0,1.6,7.3,6.3
7594,0.9631,0,WARNING,17.5,4.3,9.1,7.7
7595,0.2303,0,NORMAL,18.2,2.4,9.0,8.0
7596,0.1385,0,NORMAL,15.5,3.3,7.5,6.9
7597,0.1163,0,NORMAL,14.8,2.7,10.6,9.1
7598,0.1442,0,NORMAL,15.5,2.7,11.8,9.6
7599,0.1554,0,NORMAL,15.3,1.7,9.2,7.6
7600,0.416,0,NORMAL,15.2,3.0,7.5,6.9
7601,0.9627,0,WARNING,16.3,5.4,8.2,6.5
7602,0.1255,0,NORMAL,16.0,2.4,9.3,6.8
7603,0.1452,0,NORMAL,17.3,2.7,11.0,9.4
7604,0.3521,0,NORMAL,17.8,2.9,15.9,11.0
7605,0.2622,0,NORMAL,19.1,2.5,11.7,9.8
7606,0.4567,0,NORMAL,17.9,7.6,16.7,12.8
7607,0.2203,0,NORMAL,17.9,2.9,12.3,11.6
7608,0.9607,0,WARNING,17.6,4.6,8.1,7.6
7609,0.2957,0,NORMAL,17.9,2.8,11.4,10.7
7610,0.5917,0,NORMAL,16.8,3.5,8.1,6.7
7611,0.2513,0,NORMAL,16.9,2.4,5.7,5.5
7612,0.2114,0,NORMAL,17.5,2.7,10.1,8.5
7613,0.2229,0,NORMAL,18.3,2.7,12.9,10.9
7614,0.1458,0,NORMAL,15.9,2.5,11.4,9.1
7615,0.9618,0,WARNING,15.1,4.9,11.8,12.2
7616,0.3979,0,NORMAL,14.0,2.9,8.9,9.4
7617,0.6656,0,WARNING,15.4,2.8,10.9,11.5
7618,0.1707,0,NORMAL,14.3,1.8,8.1,7.1
7619,0.484,0,NORMAL,15.4,2.9,10.0,9.6
7620,0.71,0,WARNING,14.6,3.8,15.1,10.9
7621,0.7719,0,WARNING,15.9,5.2,14.8,13.1
7622,0.2548,0,NORMAL,15.4,2.8,10.0,9.4
7623,0.1459,0,NORMAL,15.4,2.1,8.6,8.2
7624,0.4677,0,NORMAL,15.5,2.5,9.5,9.2
7625,0.1144,0,NORMAL,16.8,3.7,12.2,10.1
7626,0.9787,0,WARNING,17.6,6.7,12.5,11.7
7627,0.1877,0,NORMAL,16.5,2.5,9.0,8.7
7628,0.1429,0,NORMAL,16.6,2.4,10.3,8.6
7629,0.775,0,WARNING,16.9,3.5,8.0,6.7
7630,0.2767,0,NORMAL,16.0,2.1,6.3,6.8
7631,0.1601,0,NORMAL,17.0,2.8,8.4,7.4
7632,0.181,0,NORMAL,16.5,2.0,7.5,5.5
7633,0.1874,0,NORMAL,17.9,2.0,7.4,6.5
7634,0.4342,0,NORMAL,16.4,1.9,7.2,6.0
7635,0.7356,0,WARNING,17.0,4.1,5.9,5.4
7636,0.4185,0,NORMAL,17.4,4.2,8.5,8.1
7637,0.2278,0,NORMAL,17.5,3.3,7.2,6.4
7638,0.1304,0,NORMAL,15.5,2.9,7.8,7.2
7639,0.6745,0,WARNING,13.9,3.2,6.5,5.8
7640,0.6064,0,WARNING,14.0,3.8,7.3,6.2
7641,0.292,0,NORMAL,15.5,3.7,10.4,7.7
7642,0.9446,0,WARNING,15.9,5.3,10.2,8.0
7643,0.1776,0,NORMAL,16.1,1.9,7.1,6.3
7644,0.1767,0,NORMAL,15.8,1.9,8.0,7.4
7645,1.0,0,ANOMALY,17.3,5.9,10.3,9.6
7646,0.6027,0,WARNING,17.4,4.4,13.8,11.9
7647,0.1883,0,NORMAL,17.1,3.1,13.1,10.7
7648,0.9536,0,WARNING,19.4,5.5,17.6,14.7
7649,0.3226,0,NORMAL,18.5,2.8,12.9,10.0
7650,0.6641,0,WARNING,17.5,4.1,10.2,8.4
7651,0.1805,0,NORMAL,17.9,3.9,13.5,10.8
7652,0.1937,0,NORMAL,17.7,3.2,13.0,9.7
7653,0.2017,0,NORMAL,17.8,1.9,10.0,7.6
7654,0.2752,0,NORMAL,18.4,3.0,15.7,11.5
7655,0.2107,0,NORMAL,18.1,2.9,12.2,9.4
7656,0.8169,0,WARNING,15.5,4.8,6.9,6.1
7657,0.1487,0,NORMAL,13.8,1.9,4.6,4.2
7658,0.1574,0,NORMAL,14.8,1.8,7.7,6.8
7659,0.1826,0,NORMAL,15.1,1.4,6.0,5.3
7660,0.9553,0,WARNING,15.3,5.2,8.4,7.9
7661,0.1135,0,NORMAL,15.9,2.3,7.0,5.8
7662,0.15,0,NORMAL,15.4,1.5,7.3,5.6
7663,0.1491,0,NORMAL,15.8,2.0,7.6,5.4
7664,0.9796,0,WARNING,15.8,4.3,7.2,7.1
7665,0.2951,0,NORMAL,17.1,3.4,9.3,6.5
7666,0.5212,0,NORMAL,17.0,6.5,11.2,7.4
7667,0.1974,0,NORMAL,17.9,4.1,12.9,10.3
7668,0.1917,0,NORMAL,17.2,2.2,9.6,8.5
7669,0.1919,0,NORMAL,17.2,2.0,7.9,6.8
7670,0.9947,0,WARNING,17.6,6.0,7.3,6.2
7671,0.215,0,NORMAL,17.3,2.2,5.7,6.2
7672,0.2349,0,NORMAL,18.2,3.0,10.4,8.1
7673,0.245,0,NORMAL,18.8,2.5,10.2,9.6
7674,0.8996,0,WARNING,19.5,4.5,14.3,12.1
7675,0.3397,0,NORMAL,18.9,3.6,16.2,15.0
7676,0.7252,0,WARNING,15.4,5.2,10.6,9.4
7677,0.1186,0,NORMAL,15.3,2.9,9.8,9.2
7678,0.1959,0,NORMAL,16.0,2.8,12.2,11.6
7679,0.1464,0,NORMAL,16.3,2.3,10.2,8.2
7680,0.8486,0,WARNING,15.8,5.1,11.6,8.9
7681,0.2905,0,NORMAL,14.7,2.7,11.0,9.5
7682,0.9617,0,WARNING,14.8,6.0,9.8,7.4
7683,0.1185,0,NORMAL,15.7,2.5,10.6,8.1
7684,0.1302,0,NORMAL,15.9,2.6,11.0,8.8
7685,0.9998,0,WARNING,15.9,6.1,10.1,9.0
7686,0.4066,0,NORMAL,15.8,3.5,8.7,7.5
7687,0.1229,0,NORMAL,16.3,2.4,7.6,7.4
7688,0.9543,0,WARNING,15.9,3.9,5.5,5.8
7689,0.1778,0,NORMAL,16.5,1.8,6.8,5.6
7690,0.4213,0,NORMAL,16.8,3.8,10.5,8.5
7691,0.1587,0,NORMAL,17.3,3.2,11.0,9.1
7692,0.179,0,NORMAL,16.7,2.3,7.5,6.8
7693,0.2075,0,NORMAL,17.5,2.0,7.4,6.5
7694,0.9751,0,WARNING,17.8,4.5,8.4,7.2
7695,0.2354,0,NORMAL,18.0,2.9,7.4,7.5
7696,0.6754,0,WARNING,17.6,4.1,5.5,5.5
7697,0.2739,0,NORMAL,18.7,4.3,9.0,8.2
7698,0.6728,0,WARNING,16.8,3.1,6.2,6.5
7699,0.1913,0,NORMAL,14.4,1.8,3.8,4.4
7700,0.5612,0,NORMAL,13.4,2.7,4.8,4.5
7701,0.1482,0,NORMAL,14.9,3.0,5.4,4.3
7702,0.9634,0,WARNING,14.8,4.6,6.1,6.2
7703,0.1946,0,NORMAL,15.0,1.2,5.0,4.5
7704,0.1401,0,NORMAL,15.8,2.1,8.1,6.5
7705,1.0,0,ANOMALY,16.7,7.6,11.7,10.3
7706,0.6063,0,WARNING,17.0,4.3,13.4,11.8
7707,0.3328,0,NORMAL,17.8,3.2,15.2,13.1
7708,0.8482,0,WARNING,17.3,3.9,13.2,11.4
7709,0.3977,0,NORMAL,18.0,3.0,12.0,9.1
7710,0.3984,0,NORMAL,18.5,4.4,15.6,12.6
7711,0.2079,0,NORMAL,17.7,2.4,9.8,8.9
7712,0.7274,0,WARNING,17.4,2.8,4.9,4.9
7713,0.2207,0,NORMAL,17.3,1.3,3.7,3.1
7714,0.9957,0,WARNING,17.9,5.5,7.6,6.9
7715,0.2228,0,NORMAL,18.3,2.3,9.4,8.6
7716,0.2763,0,NORMAL,17.3,3.1,7.3,6.9
7717,0.2805,0,NORMAL,17.2,2.8,8.8,9.7
7718,0.1892,0,NORMAL,14.2,1.3,7.2,4.7
7719,0.179,0,NORMAL,14.0,1.3,5.7,5.4
7720,0.4248,0,NORMAL,14.5,3.4,11.4,9.9
7721,0.1816,0,NORMAL,13.9,1.4,5.0,4.7
7722,0.9195,0,WARNING,13.7,3.2,3.3,4.1
7723,0.1859,0,NORMAL,14.1,1.3,4.2,4.4
7724,0.353,0,NORMAL,15.0,1.8,10.1,6.7
7725,0.1342,0,NORMAL,15.4,2.5,9.7,8.6
7726,0.9937,0,WARNING,15.4,9.0,16.4,9.7
7727,0.1985,0,NORMAL,15.7,2.6,8.2,7.0
7728,0.1347,0,NORMAL,15.9,2.3,9.7,8.1
7729,0.8501,0,WARNING,16.5,3.9,11.8,8.5
7730,0.5101,0,NORMAL,16.3,3.5,9.3,7.1
7731,0.1958,0,NORMAL,17.3,4.5,14.1,11.1
7732,0.8488,0,WARNING,17.4,5.3,13.4,10.3
7733,0.6667,0,WARNING,17.9,3.8,11.4,9.9
7734,1.0,0,ANOMALY,18.0,8.0,11.0,8.8
7735,0.396,0,NORMAL,19.3,4.6,15.6,13.4
7736,0.846,0,WARNING,17.8,4.8,10.7,9.6
7737,0.2573,0,NORMAL,16.0,3.4,10.7,8.2
7738,0.1618,0,NORMAL,13.9,1.8,7.1,6.7
7739,0.0708,0,NORMAL,15.3,2.3,8.3,7.4
7740,0.9884,0,WARNING,13.7,5.6,9.0,8.0
7741,0.2817,0,NORMAL,13.1,2.8,6.8,5.9
7742,0.1697,0,NORMAL,13.9,1.5,5.1,5.0
7743,0.8543,0,WARNING,14.9,4.0,8.5,7.5
7744,0.1783,0,NORMAL,14.5,1.3,6.8,5.7
7745,0.1337,0,NORMAL,15.1,2.5,9.0,7.8
7746,0.4252,0,NORMAL,15.7,4.2,10.4,9.1
7747,0.1098,0,NORMAL,16.3,2.7,7.7,6.7
7748,0.2221,0,NORMAL,15.2,0.8,3.2,3.1
7749,0.1706,0,NORMAL,16.1,1.7,7.0,6.7
7750,0.9458,0,WARNING,16.0,6.0,8.1,6.9
7751,0.1591,0,NORMAL,16.4,2.7,8.7,6.4
7752,0.1746,0,NORMAL,16.1,2.1,6.0,5.4
7753,0.9481,0,WARNING,16.5,3.8,7.8,7.3
7754,0.9323,0,WARNING,16.5,4.2,7.3,6.1
7755,0.185,0,NORMAL,16.7,2.9,5.6,5.4
7756,0.2889,0,NORMAL,16.6,2.6,4.8,6.2
7757,0.7343,0,WARNING,17.6,4.0,8.8,8.6
7758,0.1962,0,NORMAL,16.6,2.1,4.5,4.5
7759,0.2048,0,NORMAL,16.4,1.5,3.0,4.3
7760,0.2984,0,NORMAL,15.5,3.5,9.0,7.0
7761,0.1612,0,NORMAL,13.9,2.4,6.2,4.5
7762,0.5274,0,NORMAL,13.5,2.9,5.8,4.9
7763,0.1861,0,NORMAL,14.2,1.6,5.0,4.7
7764,0.1963,0,NORMAL,14.7,1.4,5.0,4.3
7765,0.1506,0,NORMAL,15.6,3.1,6.8,5.9
7766,0.9888,0,WARNING,15.6,7.0,10.2,7.5
7767,0.4142,0,NORMAL,16.6,2.9,8.8,8.2
7768,0.1541,0,NORMAL,16.4,2.0,8.5,7.3
7769,0.9792,0,WARNING,17.7,5.7,14.4,12.0
7770,0.4047,0,NORMAL,17.5,3.9,16.8,12.7
7771,0.3258,0,NORMAL,18.5,4.4,19.2,13.5
7772,0.3367,0,NORMAL,17.8,4.0,14.7,11.3
7773,0.1891,0,NORMAL,16.9,1.4,8.0,7.0
7774,0.2446,0,NORMAL,16.5,1.1,5.2,4.9
7775,0.2052,0,NORMAL,17.4,2.5,8.0,7.1
7776,0.2213,0,NORMAL,17.3,3.4,8.2,6.8
7777,0.232,0,NORMAL,17.9,2.4,9.8,9.0
7778,0.2332,0,NORMAL,17.2,1.0,5.2,4.6
7779,0.2228,0,NORMAL,17.4,1.4,6.0,4.8
7780,0.9995,0,WARNING,15.1,6.8,9.6,7.7
7781,0.1258,0,NORMAL,14.0,2.8,6.7,4.5
7782,0.1395,0,NORMAL,14.6,2.0,6.5,5.4
7783,0.2266,0,NORMAL,14.5,1.1,2.5,3.4
7784,0.2003,0,NORMAL,15.0,1.5,5.2,5.1
7785,0.9799,0,WARNING,16.4,7.1,11.1,9.0
7786,0.6088,0,WARNING,15.9,6.2,12.9,6.7
7787,0.1841,0,NORMAL,16.0,1.5,3.9,4.3
7788,0.1893,0,NORMAL,16.6,1.4,4.4,4.5
7789,0.1691,0,NORMAL,16.9,1.9,6.3,5.6
7790,0.6825,0,WARNING,16.7,2.7,7.6,7.5
7791,0.1835,0,NORMAL,16.8,1.8,7.2,7.1
7792,0.2137,0,NORMAL,16.1,1.2,4.1,4.1
7793,0.1935,0,NORMAL,16.9,1.2,5.3,5.9
7794,0.1947,0,NORMAL,16.4,1.2,6.0,5.8
7795,0.6163,0,WARNING,16.9,2.8,7.3,6.5
7796,0.9527,0,WARNING,16.9,5.9,7.8,6.2
7797,0.2281,0,NORMAL,16.9,2.2,5.3,5.0
7798,0.2437,0,NORMAL,16.9,1.0,3.1,3.4
7799,0.7358,0,WARNING,17.4,2.6,4.4,4.0
7800,0.5979,0,NORMAL,15.3,3.5,4.2,3.6
7801,0.1599,0,NORMAL,14.0,2.7,4.8,4.5
7802,0.1613,0,NORMAL,14.1,2.2,4.0,4.0
7803,0.3033,0,NORMAL,14.7,1.8,4.9,4.7
7804,0.92,0,WARNING,14.1,3.3,3.4,3.7
7805,0.1627,0,NORMAL,14.7,1.7,6.7,6.0
7806,0.4299,0,NORMAL,16.3,4.7,15.4,10.9
7807,0.8779,0,WARNING,16.4,4.4,9.1,7.4
7808,0.2108,0,NORMAL,15.6,1.1,4.2,3.9
7809,0.1933,0,NORMAL,15.5,1.1,3.8,4.1
7810,0.531,0,NORMAL,15.9,3.4,10.0,7.4
7811,0.7372,0,WARNING,15.8,3.9,6.7,5.3
7812,0.1756,0,NORMAL,16.0,1.8,4.1,4.0
7813,0.2436,0,NORMAL,15.9,0.8,2.0,2.4
7814,0.857,0,WARNING,15.9,3.5,4.6,5.0
7815,0.1782,0,NORMAL,15.9,2.5,5.0,4.9
7816,0.4329,0,NORMAL,15.7,3.6,4.5,4.9
7817,0.4342,0,NORMAL,16.1,2.8,4.1,4.5
7818,0.9022,0,WARNING,16.1,3.7,4.5,4.4
7819,0.205,0,NORMAL,16.5,1.4,4.1,4.7
7820,0.3035,0,NORMAL,16.1,2.3,4.8,3.3
7821,0.2083,0,NORMAL,16.8,2.3,6.2,5.6
7822,0.155,0,NORMAL,14.5,2.5,4.8,4.9
7823,0.1998,0,NORMAL,13.3,1.1,3.6,4.1
7824,0.2177,0,NORMAL,12.8,1.1,3.4,3.9
7825,0.1726,0,NORMAL,14.8,3.2,10.3,8.3
7826,0.9958,0,WARNING,14.1,5.9,6.6,6.3
7827,0.1571,0,NORMAL,15.1,2.3,7.5,7.0
7828,0.1875,0,NORMAL,14.6,1.4,6.4,5.4
7829,0.9832,0,WARNING,14.8,4.3,4.1,4.8
7830,0.5254,0,NORMAL,14.5,2.7,4.7,4.3
7831,0.1387,0,NORMAL,15.2,2.1,4.8,4.4
7832,0.1598,0,NORMAL,15.1,2.2,5.4,4.8
7833,0.2211,0,NORMAL,15.2,0.6,2.6,3.0
7834,0.2123,0,NORMAL,15.6,1.2,5.1,5.7
7835,0.1575,0,NORMAL,15.8,3.0,6.6,5.5
7836,0.8826,0,WARNING,16.3,5.1,6.8,4.7
7837,0.2182,0,NORMAL,17.1,2.4,6.2,5.4
7838,0.2245,0,NORMAL,17.3,1.7,6.3,6.1
7839,0.5308,0,NORMAL,16.9,2.2,4.8,4.4
7840,0.5314,0,NORMAL,17.2,3.3,6.9,6.4
7841,0.9863,0,WARNING,17.6,5.4,6.0,5.8
7842,0.2385,0,NORMAL,17.0,1.1,4.2,4.4
7843,0.9449,0,WARNING,16.7,4.1,6.0,4.2
7844,0.2089,0,NORMAL,14.3,1.2,3.8,4.6
7845,0.9226,0,WARNING,13.0,6.4,10.3,6.6
7846,0.2844,0,NORMAL,12.9,2.8,6.4,7.1
7847,0.9321,0,WARNING,13.7,3.9,7.2,8.2
7848,0.5297,0,NORMAL,13.2,2.0,4.8,5.6
7849,0.2092,0,NORMAL,13.7,1.8,3.5,3.9
7850,0.9861,0,WARNING,14.4,5.5,4.4,4.7
7851,0.686,0,WARNING,14.5,3.4,4.8,5.8
7852,0.1901,0,NORMAL,14.0,2.1,3.2,3.9
7853,0.2973,0,NORMAL,14.6,2.2,4.0,5.1
7854,0.9331,0,WARNING,14.0,3.8,3.2,4.9
7855,0.3368,0,NORMAL,15.4,2.7,11.2,9.8
7856,0.408,0,NORMAL,15.2,3.0,9.6,9.9
7857,0.1389,0,NORMAL,15.6,2.2,8.9,9.4
7858,0.2901,0,NORMAL,17.2,5.7,19.3,13.8
7859,0.988,0,WARNING,18.4,8.3,14.0,10.6
7860,0.2492,0,NORMAL,16.4,2.4,5.7,5.6
7861,0.1419,0,NORMAL,17.3,2.4,5.0,6.3
7862,0.1915,0,NORMAL,17.2,1.8,4.1,5.7
7863,0.4503,0,NORMAL,17.9,1.7,2.6,3.7
7864,0.9628,0,WARNING,17.8,3.8,2.9,3.7
7865,0.1622,0,NORMAL,18.8,2.0,5.9,6.2
7866,0.8541,0,WARNING,18.4,4.6,3.5,3.3
7867,0.5225,0,NORMAL,19.2,3.3,4.3,4.1
7868,0.955,0,WARNING,19.1,4.2,3.9,5.6
7869,0.2039,0,NORMAL,19.2,1.1,4.2,4.6
7870,0.1976,0,NORMAL,19.2,2.5,3.5,3.3
7871,0.1817,0,NORMAL,19.8,2.3,3.6,4.1
7872,0.7877,0,WARNING,19.8,3.8,2.9,3.3
7873,0.2212,0,NORMAL,20.6,0.9,2.2,2.9
7874,0.2271,0,NORMAL,20.2,0.8,2.6,3.3
7875,0.1965,0,NORMAL,20.6,2.2,3.4,4.3
7876,0.6196,0,WARNING,20.4,3.4,4.3,4.9
7877,0.8821,0,WARNING,20.8,4.6,3.6,4.2
7878,0.1884,0,NORMAL,21.1,1.9,4.5,5.4
7879,0.1973,0,NORMAL,21.1,1.6,3.8,4.3
7880,0.4283,0,NORMAL,21.1,2.5,3.4,3.7
7881,0.1976,0,NORMAL,21.2,2.3,4.6,4.2
7882,0.8566,0,WARNING,18.9,2.9,2.9,4.5
7883,0.247,0,NORMAL,17.1,0.6,1.2,1.8
7884,0.7006,0,WARNING,17.3,0.8,6.5,12.7
7885,0.1784,0,NORMAL,17.8,2.2,6.3,5.5
7886,0.7845,0,WARNING,17.8,4.2,4.8,4.9
7887,0.1956,0,NORMAL,18.5,1.5,3.0,3.2
7888,0.8177,0,WARNING,18.3,1.2,8.8,15.0
7889,0.9325,0,WARNING,18.6,2.6,13.5,19.7
7890,0.3695,0,NORMAL,18.1,2.2,5.0,2.8
7891,0.1738,0,NORMAL,19.2,2.2,4.0,4.3
7892,0.6733,0,WARNING,19.0,2.8,3.6,4.3
7893,0.2243,0,NORMAL,19.4,1.0,2.5,3.6
7894,0.2341,0,NORMAL,19.1,0.7,2.1,3.7
7895,0.1895,0,NORMAL,19.5,2.2,3.5,3.4
7896,0.9972,0,WARNING,19.7,6.2,2.8,2.9
7897,0.1956,1,NORMAL,20.2,1.5,2.5,3.2
7898,0.2378,1,NORMAL,18.3,0.6,1.6,2.5
7899,0.8744,1,WARNING,17.0,1.3,9.9,17.0
7900,0.8391,1,WARNING,17.5,3.5,11.8,15.8
7901,0.3124,1,NORMAL,18.2,2.6,5.9,3.5
7902,0.2777,1,NORMAL,18.3,2.1,3.8,4.1
7903,0.6757,1,WARNING,18.8,2.0,1.8,2.8
7904,0.2358,1,NORMAL,18.7,0.7,1.7,2.6
7905,0.7006,1,WARNING,19.7,2.9,9.9,14.0
7906,0.9325,1,WARNING,19.5,4.9,16.9,20.3
7907,0.3642,1,NORMAL,20.0,2.1,9.2,7.9
7908,0.2535,1,NORMAL,19.5,0.7,1.6,2.1
7909,0.2443,1,NORMAL,19.7,0.7,1.3,2.7
7910,0.8798,1,WARNING,20.4,3.8,2.7,2.9
7911,0.1912,1,NORMAL,20.6,2.6,3.4,3.8
7912,0.9594,1,WARNING,18.7,4.7,9.7,15.5
7913,0.9135,1,WARNING,17.8,2.9,12.2,18.8
7914,0.858,1,WARNING,17.6,1.0,11.9,16.6
7915,0.8746,1,WARNING,18.1,3.5,11.9,16.9
7916,0.3252,1,NORMAL,17.9,1.8,3.7,3.2
7917,0.2168,1,NORMAL,18.5,1.3,2.2,3.2
7918,0.5139,1,NORMAL,18.5,1.4,1.2,2.6
7919,0.6047,1,WARNING,18.6,2.2,1.1,2.6
7920,0.2992,1,NORMAL,17.2,2.2,2.3,2.7
7921,0.2087,1,NORMAL,17.0,2.4,3.6,4.3
7922,0.2211,1,NORMAL,17.1,0.8,2.7,3.8
7923,0.2373,1,NORMAL,17.4,0.7,2.0,3.0
7924,0.9644,1,WARNING,17.3,3.7,1.1,2.4
7925,0.2088,1,NORMAL,18.2,1.4,2.9,3.9
7926,0.3175,1,NORMAL,18.3,2.8,3.4,3.3
7927,0.2045,1,NORMAL,19.1,1.7,3.1,3.3
7928,0.2563,1,NORMAL,18.7,0.9,1.0,2.1
7929,0.243,1,NORMAL,19.1,1.0,1.3,2.4
7930,0.6915,1,WARNING,19.0,3.1,2.4,3.1
7931,0.2029,1,NORMAL,19.4,1.6,2.8,4.2
7932,0.2062,1,NORMAL,19.2,1.2,2.8,4.6
7933,0.236,1,NORMAL,19.7,0.8,2.2,3.7
7934,0.9706,1,WARNING,19.3,3.4,1.0,2.0
7935,1.0,1,ANOMALY,26.5,9.8,3.7,4.3
7936,0.53,1,NORMAL,19.4,3.3,3.8,4.7
7937,0.2198,1,NORMAL,19.8,2.5,3.4,3.7
7938,0.7385,1,WARNING,19.6,1.9,1.5,2.6
7939,0.9888,1,WARNING,19.7,3.5,1.4,3.2
7940,0.308,1,NORMAL,19.9,2.4,2.3,2.9
7941,0.2117,1,NORMAL,20.7,2.5,3.2,3.3
7942,0.2214,1,NORMAL,20.6,1.3,1.7,2.4
7943,0.2472,1,NORMAL,20.6,0.8,1.2,2.6
7944,0.9966,1,WARNING,18.3,3.9,0.9,1.9
7945,0.2199,1,NORMAL,16.7,2.0,3.1,2.8
7946,0.5426,1,NORMAL,17.4,2.8,3.2,3.6
7947,0.2248,1,NORMAL,18.3,1.7,3.0,3.5
7948,0.2558,1,NORMAL,18.0,0.6,1.0,2.1
7949,0.989,1,WARNING,18.2,3.7,1.2,2.6
7950,0.6219,1,WARNING,18.2,2.3,2.1,2.9
7951,0.2061,0,NORMAL,19.2,2.6,3.6,3.6
7952,0.2079,0,NORMAL,19.4,1.6,4.2,5.0
7953,0.2382,0,NORMAL,19.6,0.9,2.2,2.9
7954,0.8584,0,WARNING,19.1,2.1,0.8,1.9
7955,0.2232,0,NORMAL,19.5,1.3,2.1,2.8
7956,0.324,0,NORMAL,19.8,2.8,2.6,2.4
7957,0.2147,0,NORMAL,20.7,2.2,4.1,4.4
7958,0.2553,0,NORMAL,20.3,0.6,1.5,2.1
7959,0.9644,0,WARNING,20.8,3.9,1.1,2.3
7960,0.3183,0,NORMAL,20.7,2.8,3.5,3.6
7961,0.2172,0,NORMAL,21.1,2.0,2.2,2.5
7962,0.2241,0,NORMAL,20.9,1.2,1.8,2.8
7963,0.2448,0,NORMAL,21.5,0.7,1.3,2.6
7964,0.2535,0,NORMAL,21.2,0.7,1.0,2.1
7965,0.6268,0,WARNING,21.8,4.4,4.9,3.1
7966,0.3205,0,NORMAL,21.5,3.3,4.0,3.8
7967,0.9606,0,WARNING,22.0,3.9,2.6,3.0
7968,0.2643,0,NORMAL,21.8,0.5,1.1,1.9
7969,0.5347,0,NORMAL,20.0,1.8,1.3,2.7
7970,0.4383,0,NORMAL,18.1,3.3,3.4,4.0
7971,0.2143,0,NORMAL,18.3,2.8,3.4,3.4
7972,0.2682,0,NORMAL,18.3,1.3,1.9,3.1
7973,0.2435,0,NORMAL,19.0,0.6,1.3,2.6
7974,0.3181,0,NORMAL,18.4,1.2,1.0,2.5
7975,0.884,0,WARNING,19.4,4.2,3.5,3.4
7976,0.9002,0,WARNING,19.1,4.3,2.9,3.5
7977,0.2337,0,NORMAL,19.5,1.0,1.7,3.0
7978,0.2529,0,NORMAL,19.3,0.6,1.1,2.5
7979,0.2383,0,NORMAL,19.5,0.8,1.5,2.6
7980,0.9642,0,WARNING,17.9,5.6,3.2,3.9
7981,0.9729,0,WARNING,17.2,5.2,3.7,4.3
7982,0.6776,0,WARNING,17.6,2.1,1.5,2.7
7983,0.2486,0,NORMAL,17.8,0.6,1.2,2.4
7984,0.8553,0,WARNING,17.6,2.3,1.0,2.4
7985,0.786,0,WARNING,18.4,3.8,3.5,3.5
7986,0.4303,0,NORMAL,18.5,3.0,3.2,2.9
7987,0.2512,0,NORMAL,18.7,1.3,2.3,3.4
7988,0.2503,0,NORMAL,18.8,0.5,1.5,2.4
7989,0.252,0,NORMAL,19.0,0.6,1.0,2.2
7990,0.4458,0,NORMAL,19.2,2.5,2.4,3.5
7991,0.9357,0,WARNING,19.6,4.5,3.5,4.0
7992,0.2363,0,NORMAL,19.6,1.6,3.4,4.1
7993,0.2405,0,NORMAL,19.9,0.8,1.9,3.6
7994,0.2457,0,NORMAL,19.7,0.7,1.5,2.9
7995,0.9046,0,WARNING,20.5,4.4,4.2,3.9
7996,0.4355,0,NORMAL,20.4,3.0,3.1,3.6
7997,0.2249,0,NORMAL,20.7,2.2,3.3,4.4
7998,0.467,0,NORMAL,20.3,1.7,1.8,2.7
7999,0.2347,0,NORMAL,20.5,1.4,1.4,2.8
8000,0.9865,0,WARNING,20.5,5.5,2.5,3.0
8001,0.2249,0,NORMAL,21.1,2.4,3.1,3.1
8002,0.2201,0,NORMAL,21.0,1.4,2.0,2.8
8003,0.2457,0,NORMAL,21.4,0.7,1.2,2.3
8004,0.255,0,NORMAL,19.0,0.3,1.0,2.7
8005,0.2271,0,NORMAL,17.2,1.7,2.1,3.4
8006,0.9221,0,WARNING,16.8,3.3,1.6,4.3
8007,0.2194,0,NORMAL,17.4,0.8,1.8,3.3
8008,0.2508,0,NORMAL,17.0,0.8,1.6,2.6
8009,0.2524,0,NORMAL,17.2,0.6,1.0,2.0
8010,0.3275,0,NORMAL,17.2,2.2,2.0,2.8
8011,0.9475,0,WARNING,18.3,4.6,3.4,4.4
8012,0.7304,0,WARNING,18.2,2.8,2.7,3.3
8013,0.2537,0,NORMAL,18.5,0.7,1.0,1.7
8014,0.248,0,NORMAL,18.5,1.3,1.3,3.0
8015,0.7443,0,WARNING,18.7,2.7,2.6,3.4
8016,0.4382,0,NORMAL,18.9,2.9,2.7,3.0
8017,0.467,0,NORMAL,19.4,2.3,2.8,3.6
8018,0.2503,0,NORMAL,19.2,0.7,1.6,2.6
8019,0.4381,0,NORMAL,19.7,1.6,1.7,2.3
8020,0.7622,0,WARNING,19.8,4.4,3.4,3.4
8021,0.2145,0,NORMAL,20.5,2.1,3.0,3.2
8022,0.2193,0,NORMAL,20.3,1.3,2.1,2.9
8023,1.0,0,ANOMALY,21.0,5.7,1.1,2.2
8024,0.2514,0,NORMAL,20.6,0.6,1.1,2.5
8025,0.2208,0,NORMAL,21.9,3.4,8.0,6.6
8026,0.3075,0,NORMAL,21.9,4.6,8.3,5.3
8027,0.6804,0,WARNING,22.1,2.7,2.8,3.0
8028,0.2546,0,NORMAL,20.6,0.5,1.2,2.8
8029,0.2518,0,NORMAL,18.5,0.7,0.9,2.4
8030,0.3176,0,NORMAL,17.6,2.4,2.5,3.4
8031,0.2021,0,NORMAL,18.4,2.4,3.9,4.1
8032,0.4351,0,NORMAL,18.5,2.4,3.0,4.1
8033,0.2451,0,NORMAL,19.0,1.0,1.3,2.7
8034,0.2435,0,NORMAL,18.5,0.8,2.5,3.4
8035,0.2145,0,NORMAL,19.5,2.3,3.9,4.4
8036,0.5352,0,NORMAL,19.3,3.0,2.8,3.0
8037,0.311,0,NORMAL,19.5,1.6,2.2,3.4
8038,0.252,0,NORMAL,19.3,0.5,1.2,2.8
8039,0.2526,0,NORMAL,19.6,1.0,0.9,2.1
8040,0.3196,0,NORMAL,18.3,2.4,2.6,2.5
8041,0.9472,0,WARNING,17.0,4.7,3.5,4.4
8042,0.2071,0,NORMAL,17.3,1.2,2.9,4.4
8043,0.2465,0,NORMAL,17.8,0.6,1.6,2.5
8044,0.2513,0,NORMAL,17.9,0.6,1.3,2.6
8045,0.218,0,NORMAL,18.3,1.8,3.3,4.5
8046,0.9802,0,WARNING,18.4,4.6,3.8,3.9
8047,0.2087,0,NORMAL,18.5,1.1,2.4,2.9
8048,0.2448,0,NORMAL,18.5,0.9,1.6,3.0
8049,0.3181,0,NORMAL,18.8,1.2,1.3,2.2
8050,0.4432,0,NORMAL,18.9,2.4,2.8,3.4
8051,0.2045,0,NORMAL,19.6,2.4,4.4,5.0
8052,0.2104,0,NORMAL,19.6,1.7,3.5,4.4
8053,0.9468,0,WARNING,20.5,3.3,1.7,2.3
8054,0.2528,0,NORMAL,20.0,0.5,1.0,2.2
8055,0.2129,0,NORMAL,20.6,2.5,3.7,5.2
8056,0.4359,0,NORMAL,20.5,3.4,3.6,3.9
8057,0.882,0,WARNING,21.0,3.4,3.1,3.7
8058,0.2303,0,NORMAL,20.6,1.2,2.2,4.0
8059,0.2339,0,NORMAL,20.9,1.1,1.8,2.9
8060,0.5354,0,NORMAL,20.8,2.5,2.2,2.6
8061,0.62,0,WARNING,20.9,2.6,2.2,2.9
8062,0.7887,0,WARNING,19.8,3.1,2.1,3.5
8063,0.2458,0,NORMAL,18.1,0.7,1.3,2.4
8064,0.2317,0,NORMAL,17.0,0.9,1.8,2.5
8065,0.2134,0,NORMAL,17.8,2.2,3.7,4.4
8066,0.8835,0,WARNING,18.0,5.3,4.2,4.0
8067,0.2258,0,NORMAL,18.5,1.3,2.0,2.4
8068,0.2553,0,NORMAL,18.0,0.6,1.0,2.0
8069,0.2434,0,NORMAL,18.5,0.6,1.3,2.6
8070,0.5441,0,NORMAL,18.3,2.8,2.3,2.5
8071,0.8281,0,WARNING,19.2,3.8,3.5,4.2
8072,0.1866,0,NORMAL,19.2,1.7,3.3,4.3
8073,0.4149,0,NORMAL,19.6,1.4,2.0,3.1
8074,0.253,0,NORMAL,19.3,0.6,1.1,2.2
8075,0.2202,0,NORMAL,19.7,2.0,2.8,3.5
8076,0.4395,0,NORMAL,20.1,3.1,2.7,2.9
8077,0.1992,0,NORMAL,20.2,1.1,2.6,3.2
8078,0.2453,0,NORMAL,20.0,0.8,1.7,2.6
8079,0.9033,0,WARNING,20.3,3.5,2.1,3.4
8080,0.2173,0,NORMAL,20.4,2.2,2.4,2.9
8081,0.2058,0,NORMAL,20.9,2.2,3.2,3.1
8082,0.2215,0,NORMAL,21.1,1.3,2.3,3.3
8083,0.5373,0,NORMAL,21.2,1.7,1.2,2.2
8084,0.2539,0,NORMAL,21.0,0.6,0.9,2.1
8085,0.7695,0,WARNING,22.1,3.1,4.2,4.7
8086,0.436,0,NORMAL,20.8,3.1,5.6,5.5
8087,0.2231,0,NORMAL,18.3,1.8,2.7,3.6
8088,0.2391,0,NORMAL,16.8,0.9,2.0,3.5
8089,0.241,0,NORMAL,17.2,0.8,1.9,3.2
8090,0.4379,0,NORMAL,17.1,2.0,2.3,4.0
8091,0.4361,0,NORMAL,17.6,2.1,2.2,3.0
8092,0.254,0,NORMAL,17.3,0.6,1.1,2.8
8093,0.2369,0,NORMAL,17.9,0.8,1.7,3.6
8094,0.2528,0,NORMAL,17.8,0.6,1.0,2.1
8095,0.2317,0,NORMAL,19.1,2.2,3.8,4.8
8096,0.9563,0,WARNING,18.4,4.4,3.0,4.7
8097,0.2454,0,NORMAL,18.8,0.9,1.7,2.7
8098,0.2529,0,NORMAL,18.2,0.6,1.0,2.4
8099,0.2444,0,NORMAL,18.4,0.8,1.3,2.7
8100,0.2258,0,NORMAL,17.6,2.2,2.2,2.4
8101,0.2224,0,NORMAL,17.1,1.8,3.0,3.9
8102,0.2233,0,NORMAL,17.7,0.8,2.4,4.2
8103,0.2388,0,NORMAL,18.2,1.4,2.2,3.6
8104,0.9041,0,WARNING,17.7,2.8,1.2,1.9
8105,0.2192,0,NORMAL,18.6,1.8,3.1,3.4
8106,0.2201,0,NORMAL,18.4,2.1,3.8,3.3
8107,0.23,0,NORMAL,18.9,1.5,2.2,2.1
8108,0.2566,0,NORMAL,18.5,0.4,0.9,2.1
8109,0.2409,0,NORMAL,19.0,0.5,1.5,3.0
8110,0.3273,0,NORMAL,18.8,2.8,3.2,3.3
8111,0.233,0,NORMAL,19.6,2.1,3.4,3.9
8112,0.2362,0,NORMAL,19.2,1.5,2.2,2.8
8113,0.9218,0,WARNING,20.0,2.6,1.5,2.7
8114,0.2532,0,NORMAL,19.4,0.6,1.0,1.7
8115,0.2265,0,NORMAL,20.1,2.1,3.4,3.4
8116,0.7462,0,WARNING,20.3,3.6,4.0,3.9
8117,0.2274,0,NORMAL,20.8,2.0,2.6,3.4
8118,0.9704,0,WARNING,20.4,3.3,1.6,2.8
8119,0.2328,0,NORMAL,20.8,1.6,2.2,4.1
8120,0.4329,0,NORMAL,20.6,3.2,4.1,3.8
8121,0.2345,0,NORMAL,21.2,3.0,3.8,3.9
8122,0.2346,0,NORMAL,20.9,1.7,2.7,3.3
8123,0.6861,0,WARNING,21.3,2.3,1.4,2.9
8124,0.2501,0,NORMAL,19.9,0.8,1.0,2.3
8125,0.2311,0,NORMAL,18.8,2.0,3.0,3.5
8126,0.232,0,NORMAL,17.4,2.6,3.3,3.7
8127,0.2336,0,NORMAL,18.1,1.7,2.7,3.3
8128,0.6217,0,WARNING,17.9,1.5,1.3,2.5
8129,0.2489,0,NORMAL,18.1,0.8,1.3,2.6
8130,0.3218,0,NORMAL,18.3,2.0,2.2,3.0
8131,0.8842,0,WARNING,19.1,3.3,3.4,4.1
8132,0.2339,0,NORMAL,18.9,1.2,2.5,3.1
8133,0.4381,0,NORMAL,19.2,1.4,2.2,3.7
8134,0.433,0,NORMAL,18.8,1.2,1.0,2.1
8135,0.2422,0,NORMAL,19.4,1.3,2.3,4.5
8136,0.7449,0,WARNING,19.1,2.3,1.8,3.2
8137,0.2444,0,NORMAL,19.6,0.7,1.4,2.5
8138,0.6904,0,WARNING,19.3,1.7,0.5,1.1
8139,0.9958,0,WARNING,19.5,6.8,1.2,2.9
8140,0.3023,0,NORMAL,19.8,2.2,2.9,3.7
8141,0.2341,0,NORMAL,19.7,1.4,1.9,2.0
8142,0.9568,0,WARNING,19.6,4.3,1.8,3.2
8143,0.2472,0,NORMAL,20.1,0.7,1.2,2.6
8144,0.684,0,WARNING,19.8,1.9,0.9,2.0
8145,0.9996,0,WARNING,20.7,11.0,5.0,3.5
8146,0.2851,0,NORMAL,20.4,3.4,4.6,4.6
8147,0.4991,0,NORMAL,20.3,1.8,2.5,4.4
8148,0.82,0,WARNING,20.1,2.6,1.9,3.3
8149,0.25,0,NORMAL,19.1,1.1,1.9,3.2
8150,0.3025,0,NORMAL,17.7,3.3,3.9,5.1
8151,0.2304,0,NORMAL,18.2,2.2,3.6,4.8
8152,0.2328,0,NORMAL,18.0,1.7,2.7,3.9
8153,0.7853,0,WARNING,18.7,2.4,2.6,4.0
8154,0.254,0,NORMAL,18.3,0.6,1.1,2.4
8155,0.2303,0,NORMAL,18.9,1.3,2.4,3.8
8156,0.3146,0,NORMAL,18.7,2.7,3.3,4.4
8157,0.235,0,NORMAL,19.2,1.1,1.7,3.2
8158,0.6868,0,WARNING,18.9,2.0,0.9,2.1
8159,0.245,0,NORMAL,19.4,0.7,1.1,2.3
8160,0.6234,0,WARNING,15.2,2.1,1.9,3.4
8161,0.2343,0,NORMAL,12.2,1.0,1.9,2.8
8162,0.2576,0,NORMAL,12.6,0.4,0.8,1.6
8163,0.4483,0,NORMAL,12.6,1.2,0.8,1.7
8164,0.9711,0,WARNING,12.8,3.3,1.5,2.2
8165,0.2254,0,NORMAL,13.3,1.7,3.1,3.2
8166,0.5445,0,NORMAL,13.3,2.5,3.1,3.5
8167,0.2266,0,NORMAL,13.9,1.1,2.3,3.1
8168,0.2338,0,NORMAL,13.7,0.8,1.8,2.1
8169,0.5448,0,NORMAL,13.8,1.9,0.9,1.5
8170,0.3225,0,NORMAL,13.7,2.3,2.0,3.0
8171,0.2301,0,NORMAL,14.7,2.6,3.1,2.4
8172,0.2224,0,NORMAL,15.2,1.6,3.1,3.3
8173,0.2438,0,NORMAL,15.3,0.8,1.4,2.2
8174,0.2236,0,NORMAL,15.5,1.1,5.2,4.0
8175,0.6219,0,WARNING,16.0,3.6,5.4,5.0
8176,0.3138,0,NORMAL,16.1,3.5,5.5,4.5
8177,0.2177,0,NORMAL,16.5,2.5,4.1,5.6
8178,0.2337,0,NORMAL,16.3,1.3,1.7,2.7
8179,0.232,0,NORMAL,16.5,1.5,1.5,2.5
8180,0.9702,0,WARNING,16.5,4.5,2.6,3.8
8181,0.2383,0,NORMAL,17.0,2.5,3.3,3.5
8182,0.2611,0,NORMAL,16.8,1.2,1.5,2.0
8183,0.3784,0,NORMAL,17.0,0.9,1.1,2.4
8184,0.2598,0,NORMAL,16.7,0.6,1.7,2.9
8185,0.2999,0,NORMAL,17.4,1.9,3.3,3.3
8186,0.9358,0,WARNING,17.6,3.2,3.1,2.8
8187,0.2478,0,NORMAL,14.8,1.2,2.3,3.4
8188,0.2515,0,NORMAL,12.4,1.3,6.2,6.7
8189,0.2271,0,NORMAL,12.5,0.9,3.0,2.6
8190,0.9214,0,WARNING,12.5,4.0,2.6,2.9
8191,0.2109,0,NORMAL,13.5,2.6,4.6,4.5
8192,0.2161,0,NORMAL,13.5,1.3,2.4,2.9
8193,0.233,0,NORMAL,13.9,0.9,1.7,2.3
8194,0.6906,0,WARNING,13.6,1.9,1.6,2.4
8195,0.2603,0,NORMAL,14.9,2.7,4.8,3.9
8196,0.319,0,NORMAL,14.6,2.5,2.8,2.7
8197,0.2044,0,NORMAL,14.9,1.7,2.6,3.2
8198,0.2501,0,NORMAL,14.6,0.6,1.3,2.1
8199,0.2359,0,NORMAL,15.1,0.9,1.6,2.2
8200,0.7477,0,WARNING,15.1,3.8,3.4,3.1
8201,0.2258,0,NORMAL,15.4,1.4,2.0,2.4
8202,0.2383,0,NORMAL,15.3,1.1,1.4,1.9
8203,0.2474,0,NORMAL,15.9,0.8,1.6,2.2
8204,0.2456,0,NORMAL,15.4,0.7,1.4,2.6
8205,0.9061,0,WARNING,16.4,6.7,8.4,4.5
8206,0.3123,0,NORMAL,15.9,2.8,4.0,3.6
8207,0.1928,0,NORMAL,16.0,1.7,3.5,3.1
8208,0.2412,0,NORMAL,15.8,0.7,1.7,2.4
8209,0.2417,0,NORMAL,16.1,0.8,1.2,1.9
8210,0.6923,0,WARNING,15.8,2.6,2.1,3.2
8211,1.0,0,ANOMALY,16.8,6.9,4.6,4.9
8212,0.2071,0,NORMAL,16.3,1.6,4.0,4.0
8213,0.2187,0,NORMAL,15.7,1.1,2.5,3.6
8214,0.2375,0,NORMAL,13.1,0.7,2.0,3.8
8215,0.9037,0,WARNING,13.2,3.9,4.0,4.0
8216,0.5332,0,NORMAL,13.3,3.2,5.4,5.8
8217,0.1636,0,NORMAL,14.1,1.8,4.1,4.4
8218,0.2093,0,NORMAL,13.8,1.3,3.4,4.0
8219,0.8818,0,WARNING,13.9,2.6,3.2,3.7
8220,0.6848,0,WARNING,13.1,3.3,4.7,4.3
8221,0.1562,0,NORMAL,12.5,2.5,5.1,5.4
8222,0.4685,0,NORMAL,12.3,2.2,2.9,3.3
8223,0.2218,0,NORMAL,13.0,1.0,2.2,2.6
8224,0.2275,0,NORMAL,12.7,1.1,2.5,2.9
8225,0.3169,0,NORMAL,13.5,2.1,2.9,2.9
8226,0.3191,0,NORMAL,13.0,2.2,2.6,2.8
8227,0.203,0,NORMAL,13.7,1.5,3.1,3.5
8228,0.763,0,WARNING,14.0,1.9,1.3,2.5
8229,0.2337,0,NORMAL,14.6,1.0,1.9,3.0
8230,0.8832,0,WARNING,15.1,4.8,2.8,3.3
8231,0.8801,0,WARNING,15.4,3.4,3.2,4.2
8232,0.1978,0,NORMAL,15.2,1.9,2.6,3.2
8233,0.2485,0,NORMAL,16.0,1.0,5.4,3.0
8234,0.2282,0,NORMAL,15.8,0.9,2.2,2.7
8235,0.5352,0,NORMAL,16.1,2.5,4.2,5.3
8236,0.851,0,WARNING,16.0,4.5,4.5,4.0
8237,0.1913,0,NORMAL,16.1,1.4,3.0,3.1
8238,0.2423,0,NORMAL,15.7,0.8,1.6,3.0
8239,0.2299,0,NORMAL,16.2,0.9,2.0,2.7
8240,1.0,0,ANOMALY,16.5,6.6,3.5,3.6
8241,0.2751,0,NORMAL,16.6,2.9,4.7,5.6
8242,0.207,0,NORMAL,16.6,1.6,2.8,4.2
8243,0.2153,0,NORMAL,16.9,1.5,2.4,3.5
8244,0.9031,0,WARNING,16.4,3.4,2.1,3.1
8245,0.1909,0,NORMAL,15.0,2.3,5.1,5.4
8246,0.3067,0,NORMAL,13.1,2.9,4.0,3.6
8247,0.169,0,NORMAL,14.0,1.7,3.6,3.7
8248,0.211,0,NORMAL,14.1,1.1,3.8,4.1
8249,0.3154,0,NORMAL,14.5,1.7,4.3,4.2
8250,0.3155,0,NORMAL,14.2,2.6,3.3,3.0
8251,0.1946,0,NORMAL,15.4,2.7,4.9,5.0
8252,0.4358,0,NORMAL,15.0,2.3,4.3,5.0
8253,0.2291,0,NORMAL,15.3,1.0,2.2,2.7
8254,0.2475,0,NORMAL,15.1,0.8,1.1,1.9
8255,0.2143,0,NORMAL,15.5,2.0,3.9,4.1
8256,0.1957,0,NORMAL,15.8,3.1,4.4,3.7
8257,0.6215,0,WARNING,16.9,3.0,5.2,5.0
8258,0.2147,0,NORMAL,16.2,1.0,3.0,2.9
8259,0.2302,0,NORMAL,16.5,1.0,2.2,2.9
8260,0.3187,0,NORMAL,17.0,2.5,4.4,3.9
8261,0.2071,0,NORMAL,17.0,2.4,5.2,5.5
8262,0.6185,0,WARNING,16.4,2.5,3.1,3.1
8263,0.2299,0,NORMAL,17.2,1.3,4.0,4.3
8264,0.2379,0,NORMAL,17.1,1.2,4.4,4.0
8265,0.2433,0,NORMAL,17.5,3.1,6.2,5.1
8266,0.9033,0,WARNING,17.6,6.5,7.3,4.6
8267,0.3156,0,NORMAL,18.5,3.0,8.8,7.1
8268,0.266,0,NORMAL,18.0,1.6,7.1,6.4
8269,0.1868,0,NORMAL,15.6,1.5,6.2,6.4
8270,0.9699,0,WARNING,13.1,5.0,6.1,5.5
8271,0.1447,0,NORMAL,14.6,3.1,6.8,5.8
8272,0.1553,0,NORMAL,15.0,2.2,7.2,7.6
8273,0.4195,0,NORMAL,15.7,2.5,8.8,6.7
8274,0.1792,0,NORMAL,15.9,1.5,6.5,5.4
8275,0.1491,0,NORMAL,17.2,3.6,9.7,8.2
8276,0.918,0,WARNING,17.2,6.0,14.6,11.6
8277,0.2274,0,NORMAL,16.1,1.8,6.5,5.8
8278,0.1604,0,NORMAL,16.9,2.1,10.8,9.7
8279,0.9315,0,WARNING,17.8,4.4,13.1,11.4
8280,0.7274,0,WARNING,15.1,4.2,10.9,8.7
8281,0.9742,0,WARNING,13.3,5.5,8.1,6.2
8282,0.1565,0,NORMAL,13.9,1.5,4.4,4.4
8283,0.1783,0,NORMAL,15.0,1.6,5.7,5.5
8284,0.1651,0,NORMAL,14.4,1.8,7.7,7.0
8285,0.8291,0,WARNING,16.3,4.9,17.5,11.4
8286,0.349,0,NORMAL,16.5,4.3,14.5,12.4
8287,0.2094,0,NORMAL,16.6,2.4,9.2,8.1
8288,0.174,0,NORMAL,17.0,1.8,8.5,7.2
8289,0.1772,0,NORMAL,16.2,1.3,6.9,5.7
8290,0.9859,0,WARNING,17.8,7.1,12.1,10.4
8291,0.1547,0,NORMAL,17.9,3.1,11.1,8.6
8292,0.1674,0,NORMAL,17.0,2.1,8.9,7.9
8293,0.779,0,WARNING,18.3,4.4,10.9,9.9
8294,0.2044,0,NORMAL,16.9,1.0,5.8,5.1
8295,0.1778,0,NORMAL,17.6,3.0,11.1,10.5
8296,0.4117,0,NORMAL,17.6,3.9,10.5,9.5
8297,0.9438,0,WARNING,15.1,4.5,9.3,9.8
8298,0.1514,0,NORMAL,14.4,2.5,9.8,8.3
8299,0.2031,0,NORMAL,15.3,3.1,12.0,10.7
8300,0.9924,0,WARNING,16.3,5.3,15.0,12.7
8301,0.2253,0,NORMAL,16.1,4.1,14.5,10.6
8302,0.1493,0,NORMAL,16.5,2.1,10.9,8.3
8303,0.1447,0,NORMAL,16.5,2.3,9.9,8.5
8304,0.3988,0,NORMAL,18.0,3.6,18.8,14.8
8305,0.3328,0,NORMAL,18.0,3.3,17.1,15.1
8306,0.2194,0,NORMAL,17.6,3.1,12.1,10.7
8307,0.1539,0,NORMAL,17.9,2.8,9.4,7.5
8308,0.1875,0,NORMAL,17.8,1.6,8.1,7.5
8309,0.8176,0,WARNING,18.7,3.6,9.0,7.9
8310,0.1853,0,NORMAL,17.5,3.1,8.5,7.3
8311,0.1942,0,NORMAL,19.2,3.6,11.6,9.9
8312,0.1885,0,NORMAL,17.7,2.7,9.0,7.6
8313,0.151,0,NORMAL,16.6,2.3,11.1,9.7
8314,0.1358,0,NORMAL,15.4,1.9,10.3,8.3
8315,0.8509,0,WARNING,16.3,5.3,13.3,10.9
8316,0.401,0,NORMAL,16.3,3.7,10.4,9.1
8317,1.0,0,ANOMALY,17.8,10.6,12.5,10.4
8318,0.2514,0,NORMAL,16.9,2.7,12.3,10.2
8319,0.9823,0,WARNING,17.4,5.0,11.5,10.5
8320,0.4433,0,NORMAL,19.0,5.0,20.6,16.3
8321,0.3411,0,NORMAL,19.7,4.6,19.4,13.6
8322,0.335,0,NORMAL,18.6,3.5,13.7,10.6
8323,0.8945,0,WARNING,18.3,3.4,9.2,8.6
8324,0.2204,0,NORMAL,18.8,2.4,12.4,11.1
8325,0.2353,0,NORMAL,19.9,4.6,13.7,10.4
8326,0.5872,0,NORMAL,19.4,6.0,20.8,15.2
8327,0.4431,0,NORMAL,17.9,4.0,18.3,17.1
8328,0.9943,0,WARNING,15.8,5.2,12.3,11.8
8329,0.2879,0,NORMAL,17.2,2.4,13.0,12.2
8330,0.3693,0,NORMAL,15.4,3.2,9.7,10.2
8331,0.0767,0,NORMAL,15.9,2.7,9.7,9.0
8332,0.1049,0,NORMAL,16.2,2.3,9.3,8.9
8333,0.3677,0,NORMAL,17.5,2.5,13.3,10.4
8334,0.8739,0,WARNING,17.9,4.6,13.2,12.1
8335,0.2352,0,NORMAL,18.8,3.1,14.6,11.4
8336,0.6328,0,WARNING,18.0,4.8,14.3,12.0
8337,0.3695,0,NORMAL,19.2,2.9,13.8,13.2
8338,0.3377,0,NORMAL,19.9,2.9,11.2,10.2
8339,0.3606,0,NORMAL,21.8,2.8,13.5,10.1
8340,0.9291,0,WARNING,19.9,7.8,15.0,12.6
8341,0.5358,0,NORMAL,13.8,3.2,10.0,8.9
8342,0.7306,0,WARNING,16.0,3.3,20.4,14.8
8343,0.4655,0,NORMAL,18.1,3.4,18.9,14.5
8344,0.9285,0,WARNING,16.3,4.6,15.1,11.3
8345,0.3045,0,NORMAL,17.3,3.6,15.5,13.3
8346,0.9676,0,WARNING,16.5,5.6,17.3,12.4
8347,0.3731,0,NORMAL,17.9,4.7,20.1,15.2
8348,0.3979,0,NORMAL,18.3,3.3,17.9,14.9
8349,0.2451,0,NORMAL,17.9,2.0,10.6,8.8
8350,0.769,0,WARNING,16.8,4.0,7.1,6.5
8351,0.1244,0,NORMAL,18.2,2.6,6.6,5.7
8352,0.2243,0,NORMAL,18.7,3.1,13.9,11.9
8353,0.169,0,NORMAL,18.3,2.0,8.7,7.9
8354,0.1404,0,NORMAL,17.6,2.1,8.9,8.0
8355,0.7026,0,WARNING,16.3,4.2,17.7,13.3
8356,0.5918,0,NORMAL,15.1,5.7,20.8,15.5
8357,0.3618,0,NORMAL,15.4,3.4,10.3,8.8
8358,0.4153,0,NORMAL,16.0,2.9,9.3,8.8
8359,0.2029,0,NORMAL,16.0,3.3,12.1,10.9
8360,1.0,0,ANOMALY,17.9,8.8,16.0,12.4
8361,0.2067,0,NORMAL,16.8,3.2,12.1,9.5
8362,0.5892,0,NORMAL,18.4,4.6,16.9,14.2
8363,0.2218,0,NORMAL,17.3,2.4,11.4,8.9
8364,0.3398,0,NORMAL,18.7,3.2,16.1,13.5
8365,0.2521,0,NORMAL,18.1,3.4,16.3,12.5
8366,0.3891,0,NORMAL,17.1,2.8,8.6,7.6
8367,0.998,0,WARNING,17.2,4.8,8.0,8.5
8368,0.1958,0,NORMAL,18.3,2.3,12.2,11.6
8369,0.3134,0,NORMAL,18.0,2.4,14.7,11.4
8370,0.3915,0,NORMAL,14.7,2.9,10.0,8.1
8371,0.2625,0,NORMAL,15.8,2.7,10.0,9.2
8372,0.123,0,NORMAL,15.5,2.9,9.5,7.7
8373,0.1528,0,NORMAL,14.9,2.0,7.4,6.9
8374,0.9745,0,WARNING,15.3,4.8,11.9,11.4
8375,0.2364,0,NORMAL,16.6,3.5,14.7,12.4
8376,0.3997,0,NORMAL,17.4,5.0,13.5,9.9
8377,0.2909,0,NORMAL,17.1,3.1,11.2,7.8
8378,0.1723,0,NORMAL,15.5,1.6,8.0,7.6
8379,0.1377,0,NORMAL,16.6,1.9,10.2,8.3
8380,0.5983,0,NORMAL,16.1,3.8,9.8,9.1
8381,0.9967,0,WARNING,17.6,8.6,17.8,15.1
8382,0.2579,0,NORMAL,17.4,2.2,8.6,7.0
8383,0.2623,0,NORMAL,18.9,2.7,12.2,11.0
8384,0.1555,0,NORMAL,17.7,2.0,8.5,7.6
8385,0.3377,0,NORMAL,17.9,3.3,12.2,11.4
8386,0.7739,0,WARNING,17.5,6.0,15.6,11.5
8387,0.4469,0,NORMAL,16.2,2.8,11.9,10.3
8388,0.2205,0,NORMAL,15.7,2.5,14.0,11.9
8389,0.2623,0,NORMAL,17.1,2.2,12.2,9.5
8390,0.1485,0,NORMAL,17.1,3.1,9.4,9.2
8391,0.2624,0,NORMAL,17.6,3.2,11.8,10.3
8392,0.7244,0,WARNING,17.8,5.3,15.4,13.1
8393,0.2204,0,NORMAL,17.8,2.8,13.6,11.8
8394,0.2675,0,NORMAL,17.3,2.8,14.2,12.6
8395,0.508,0,NORMAL,19.2,5.0,21.0,16.8
8396,0.3799,0,NORMAL,18.9,5.6,16.8,12.9
8397,0.2939,0,NORMAL,18.5,3.7,13.4,12.5
8398,0.1537,0,NORMAL,17.5,2.7,12.2,10.6
8399,0.1703,0,NORMAL,16.1,2.5,12.7,11.2
8400,0.3874,0,NORMAL,15.6,4.9,15.8,12.7
8401,0.3608,0,NORMAL,16.6,5.1,17.8,13.4
8402,0.7697,0,WARNING,16.6,4.6,15.9,10.9
8403,0.204,0,NORMAL,17.2,2.6,12.9,10.8
8404,0.6399,0,WARNING,20.3,4.0,21.5,17.9
8405,0.9388,0,WARNING,21.1,7.0,33.0,20.2
8406,0.6181,0,WARNING,20.3,5.9,23.8,18.0
8407,0.3987,0,NORMAL,19.2,3.8,14.1,12.0
8408,0.3397,0,NORMAL,19.3,3.2,17.6,13.9
8409,0.2146,0,NORMAL,19.4,2.1,11.9,8.5
8410,0.3756,0,NORMAL,19.7,3.5,11.5,9.8
8411,0.4844,0,NORMAL,21.1,3.2,13.5,11.0
8412,0.942,0,WARNING,19.8,5.6,12.1,10.6
8413,0.2351,0,NORMAL,19.7,2.9,12.7,10.3
8414,0.1483,0,NORMAL,17.2,2.5,11.3,9.8
8415,0.2623,0,NORMAL,16.3,4.5,12.9,11.6
8416,0.5916,0,NORMAL,16.8,5.7,13.1,11.8
8417,0.5871,0,NORMAL,17.3,4.2,12.0,10.7
8418,0.2041,0,NORMAL,17.7,3.4,13.6,11.7
8419,0.4431,0,NORMAL,18.2,3.9,16.8,15.3
8420,0.4556,0,NORMAL,18.5,5.0,22.3,16.9
8421,0.9114,0,WARNING,19.3,7.0,21.0,15.9
8422,0.4255,0,NORMAL,20.3,4.6,17.6,13.9
8423,0.7116,0,WARNING,19.5,5.1,21.3,15.1
8424,0.4652,0,NORMAL,20.8,3.7,19.4,15.3
8425,0.8923,0,WARNING,21.0,6.3,19.0,15.1
8426,0.477,0,NORMAL,20.4,6.6,18.7,14.3
8427,0.3928,0,NORMAL,18.6,4.7,18.0,15.4
8428,0.8677,0,WARNING,16.1,5.6,19.2,15.3
8429,0.3531,0,NORMAL,17.0,3.3,17.2,14.0
8430,0.3671,0,NORMAL,17.4,4.5,14.7,11.3
8431,0.8425,0,WARNING,18.7,5.7,16.6,12.7
8432,0.2826,0,NORMAL,18.3,4.5,17.3,13.1
8433,0.4654,0,NORMAL,19.5,3.3,15.1,12.6
8434,0.2675,0,NORMAL,18.0,3.2,15.7,12.3
8435,0.4258,0,NORMAL,19.2,4.4,20.4,14.2
8436,0.9411,0,WARNING,19.2,6.2,16.4,12.5
8437,0.6784,0,WARNING,22.0,5.1,22.4,15.9
8438,0.7294,0,WARNING,24.8,5.4,25.0,19.6
8439,0.6876,0,WARNING,22.9,4.4,21.9,18.2
8440,0.6395,0,WARNING,17.2,4.7,14.5,12.3
8441,0.5024,0,NORMAL,18.8,5.2,17.5,13.1
8442,0.2935,0,NORMAL,17.8,4.0,15.8,12.9
8443,0.2876,0,NORMAL,18.6,3.2,13.8,11.7
8444,0.441,0,NORMAL,17.7,2.4,15.9,11.8
8445,0.7955,0,WARNING,19.4,4.8,19.8,12.5
8446,0.4457,0,NORMAL,20.4,7.1,19.5,15.4
8447,0.3827,0,NORMAL,20.3,4.4,17.0,13.3
8448,0.3396,0,NORMAL,18.8,3.3,15.8,13.9
8449,0.4326,0,NORMAL,18.7,3.7,14.8,12.5
8450,0.7643,0,WARNING,20.7,4.6,13.5,12.3
8451,0.4847,0,NORMAL,19.9,4.3,12.6,11.8
8452,0.403,0,NORMAL,19.3,4.8,17.8,15.9
8453,0.483,0,NORMAL,17.7,4.3,17.2,15.2
8454,0.3652,0,NORMAL,15.7,3.7,15.2,13.7
8455,0.4221,0,NORMAL,17.3,4.7,17.8,15.8
8456,0.4773,0,NORMAL,18.9,5.6,17.8,13.7
8457,0.337,0,NORMAL,17.6,4.1,15.1,11.5
8458,0.6451,0,WARNING,17.4,4.0,12.7,11.9
8459,0.5574,0,NORMAL,18.6,3.6,14.4,12.8
8460,0.3168,0,NORMAL,16.3,4.1,13.8,12.5
8461,0.5293,0,NORMAL,16.9,6.4,20.6,18.3
8462,0.4076,0,NORMAL,17.4,3.6,18.0,15.5
8463,0.4459,0,NORMAL,18.8,3.9,17.2,13.9
8464,0.377,0,NORMAL,17.2,3.4,17.2,13.0
8465,0.4588,0,NORMAL,18.9,4.8,22.1,16.7
8466,0.568,0,NORMAL,17.9,4.3,16.0,12.5
8467,0.3699,0,NORMAL,19.1,5.1,18.5,14.9
8468,0.5719,0,NORMAL,18.9,4.1,15.4,12.6
8469,0.1911,0,NORMAL,17.7,2.1,11.3,8.2
8470,0.1352,0,NORMAL,18.0,3.1,11.6,10.5
8471,0.3923,0,NORMAL,19.2,5.0,14.5,11.6
8472,0.2823,0,NORMAL,18.8,3.2,13.6,9.4
8473,0.9986,0,WARNING,18.9,6.8,21.2,16.6
8474,0.4931,0,NORMAL,17.0,4.4,23.0,17.2
8475,0.4653,0,NORMAL,18.5,5.2,21.3,15.2
8476,0.6763,0,WARNING,20.9,7.0,24.7,19.7
8477,0.9872,0,WARNING,19.1,7.5,19.1,12.3
8478,0.3764,0,NORMAL,17.8,4.3,16.4,13.4
8479,0.2364,0,NORMAL,17.7,3.3,13.4,11.1
8480,0.2521,0,NORMAL,18.0,3.4,14.2,12.5
8481,0.3707,0,NORMAL,17.4,4.3,11.9,9.9
8482,0.2451,0,NORMAL,17.1,3.6,10.9,8.8
8483,0.12,0,NORMAL,17.9,2.6,10.4,9.3
8484,0.1617,0,NORMAL,18.3,2.3,11.4,10.1
8485,0.3375,0,NORMAL,19.3,3.6,15.7,12.9
8486,0.5989,0,NORMAL,20.4,5.5,20.2,14.1
8487,0.5048,0,NORMAL,17.0,3.3,14.2,12.1
8488,0.8944,0,WARNING,17.0,5.7,21.7,18.8
8489,0.6822,0,WARNING,19.6,5.0,28.5,22.5
8490,0.4835,0,NORMAL,17.9,4.4,22.4,14.5
8491,0.4736,0,NORMAL,17.7,5.9,17.7,14.2
8492,0.9263,0,WARNING,16.6,5.1,14.0,10.3
8493,0.2202,0,NORMAL,17.6,3.4,16.5,11.7
8494,0.6703,0,WARNING,18.9,3.4,20.9,14.4
8495,0.2877,0,NORMAL,18.7,3.6,16.7,13.0
8496,0.6521,0,WARNING,19.8,5.3,15.0,11.5
8497,0.4654,0,NORMAL,20.3,3.3,12.8,11.2
8498,0.3329,0,NORMAL,19.3,3.4,16.4,13.8
8499,0.4686,0,NORMAL,18.9,3.4,19.8,13.8
8500,0.4973,0,NORMAL,18.8,5.0,20.0,17.3
8501,0.9599,0,WARNING,17.0,6.4,14.9,12.4
8502,0.2207,0,NORMAL,16.0,2.7,12.0,9.3
8503,0.1222,0,NORMAL,16.5,2.2,10.8,8.1
8504,0.26,0,NORMAL,17.3,2.9,13.4,12.0
8505,0.4672,0,NORMAL,18.2,6.8,22.7,15.3
8506,0.9776,0,WARNING,18.1,5.4,22.9,11.1
8507,0.9724,0,WARNING,19.7,7.5,18.2,14.4
8508,0.4542,0,NORMAL,18.5,3.6,19.4,16.5
8509,0.2853,0,NORMAL,17.9,2.7,12.6,9.1
8510,0.1781,0,NORMAL,18.9,3.7,12.5,10.9
8511,0.2485,0,NORMAL,18.0,3.3,13.2,11.3
8512,0.8102,0,WARNING,18.1,3.7,11.7,10.1
8513,0.2522,0,NORMAL,18.6,3.2,14.3,12.4
8514,0.3305,0,NORMAL,17.6,3.3,16.8,14.3
8515,0.5842,0,NORMAL,18.3,5.2,23.0,18.4
8516,0.4577,0,NORMAL,15.6,4.2,15.0,10.3
8517,0.985,0,WARNING,16.6,6.6,13.9,13.1
8518,0.3257,0,NORMAL,16.6,3.0,15.3,14.2
8519,0.2363,0,NORMAL,16.6,2.9,13.5,11.6
8520,0.4936,0,NORMAL,19.1,3.5,12.2,10.4
8521,0.9143,0,WARNING,19.9,5.1,13.0,10.4
8522,0.2305,0,NORMAL,20.2,3.0,10.9,9.0
8523,0.7728,0,WARNING,20.8,3.6,10.6,9.7
8524,0.3111,0,NORMAL,21.2,3.5,14.3,13.2
8525,0.6639,0,WARNING,22.1,4.5,13.2,12.4
8526,0.5887,0,NORMAL,22.9,5.9,18.3,16.1
8527,0.9975,0,WARNING,21.9,6.7,12.8,10.5
8528,0.2185,0,NORMAL,21.2,2.3,10.6,8.4
8529,0.6585,0,WARNING,23.5,4.3,10.9,9.5
8530,0.1489,0,NORMAL,21.7,2.2,10.1,9.8
8531,0.2661,0,NORMAL,22.4,3.1,10.2,9.6
8532,0.1285,0,NORMAL,22.0,2.1,9.8,8.8
8533,0.1323,0,NORMAL,22.8,2.5,10.8,9.9
8534,0.9618,0,WARNING,20.6,4.6,8.6,8.3
8535,0.2892,0,NORMAL,20.1,4.4,15.3,13.2
8536,0.8141,0,WARNING,23.2,6.3,17.0,13.9
8537,0.4153,0,NORMAL,22.2,4.8,17.3,14.1
8538,0.9284,0,WARNING,22.1,5.4,16.5,13.9
8539,0.5443,0,NORMAL,23.4,4.9,21.5,17.9
8540,0.5124,0,NORMAL,23.5,5.0,19.3,14.7
8541,0.3604,0,NORMAL,23.8,4.6,15.1,12.3
8542,0.2113,0,NORMAL,22.8,3.6,13.9,12.1
8543,0.9673,0,WARNING,23.5,6.4,16.2,12.7
8544,0.2741,0,NORMAL,22.7,3.1,14.6,12.2
8545,0.4442,0,NORMAL,24.4,4.2,20.5,15.9
8546,0.4173,0,NORMAL,23.1,4.9,21.2,15.8
8547,0.2869,0,NORMAL,21.8,3.6,16.3,12.8
8548,0.575,0,NORMAL,19.6,3.7,14.5,11.6
8549,0.9356,0,WARNING,20.8,3.2,22.5,13.6
8550,0.6318,0,WARNING,23.0,5.6,26.7,19.9
8551,0.4694,0,NORMAL,23.0,5.2,16.6,12.6
8552,0.7618,0,WARNING,22.1,5.4,14.4,12.5
8553,0.2061,0,NORMAL,23.1,2.6,10.3,9.0
8554,0.405,0,NORMAL,24.4,3.2,18.4,14.3
8555,0.3372,0,NORMAL,24.5,3.4,17.5,13.6
8556,0.2877,0,NORMAL,24.2,4.8,14.2,10.9
8557,0.8943,0,WARNING,23.5,4.5,11.5,9.8
8558,0.7697,0,WARNING,22.8,3.3,10.0,9.7
8559,0.1578,0,NORMAL,23.4,1.9,9.9,9.3
8560,0.161,0,NORMAL,23.4,3.2,11.7,9.9
8561,0.4016,0,NORMAL,22.3,4.2,13.3,12.1
8562,0.2591,0,NORMAL,20.3,3.4,15.3,12.4
8563,0.8134,0,WARNING,21.8,4.1,13.3,11.6
8564,0.3924,0,NORMAL,21.3,3.1,14.2,13.0
8565,0.2622,0,NORMAL,22.3,5.0,15.7,11.6
8566,0.9086,0,WARNING,22.2,6.8,23.3,12.7
8567,0.4184,0,NORMAL,23.4,3.3,13.7,12.1
8568,0.1723,0,NORMAL,22.8,2.6,11.8,11.0
8569,0.8715,0,WARNING,22.4,4.1,13.4,11.7
8570,0.1872,0,NORMAL,21.9,3.1,11.0,9.1
8571,0.5887,0,NORMAL,22.8,4.0,11.7,11.0
8572,0.2277,0,NORMAL,23.1,3.9,15.1,12.1
8573,0.1905,0,NORMAL,23.7,2.2,10.0,9.4
8574,0.2036,0,NORMAL,22.8,1.8,8.0,8.0
8575,0.7269,0,WARNING,24.4,4.4,14.1,11.7
8576,0.3961,0,NORMAL,22.1,4.8,14.0,12.1
8577,0.5842,0,NORMAL,22.8,3.9,16.1,12.6
8578,0.3772,0,NORMAL,19.8,2.1,10.1,8.6
8579,0.1364,0,NORMAL,20.2,1.9,9.8,8.5
8580,0.2885,0,NORMAL,21.3,3.9,13.4,11.1
8581,0.5928,0,NORMAL,20.8,5.5,15.1,10.4
8582,0.2643,0,NORMAL,20.0,2.5,10.6,9.2
8583,0.2355,0,NORMAL,21.9,3.1,12.5,11.3
8584,0.1865,0,NORMAL,21.8,2.8,13.9,10.2
8585,0.1695,0,NORMAL,22.3,3.0,12.4,10.7
8586,0.5949,0,NORMAL,22.3,5.4,15.5,13.5
8587,0.3132,0,NORMAL,24.1,3.8,15.0,11.9
8588,0.2468,0,NORMAL,22.9,3.0,10.4,8.1
8589,0.195,0,NORMAL,23.5,2.5,13.6,11.2
8590,0.1669,0,NORMAL,22.4,1.8,9.1,8.3
8591,0.4045,0,NORMAL,23.8,3.7,9.6,8.2
8592,0.2127,0,NORMAL,23.7,2.6,8.1,6.6
8593,0.9445,0,WARNING,23.6,4.2,5.8,5.7
8594,0.2239,0,NORMAL,22.8,1.3,5.4,5.5
8595,0.2269,0,NORMAL,23.7,2.9,9.7,9.6
8596,0.2929,0,NORMAL,23.6,4.4,11.2,11.2
8597,0.1673,0,NORMAL,20.7,2.7,8.0,7.9
8598,0.1401,0,NORMAL,19.4,2.0,6.3,6.4
8599,0.1392,0,NORMAL,19.1,1.8,7.4,6.5
8600,0.821,0,WARNING,19.0,3.4,4.5,5.6
8601,0.293,0,NORMAL,20.4,3.6,9.4,8.5
8602,0.113,0,NORMAL,20.3,2.3,8.7,8.0
8603,0.179,0,NORMAL,21.9,2.5,9.8,7.4
8604,0.7805,0,WARNING,21.2,3.7,10.7,9.0
8605,0.2277,0,NORMAL,21.1,3.8,14.4,12.2
8606,0.962,0,WARNING,22.0,6.2,14.6,12.1
8607,0.6175,0,WARNING,22.2,3.1,14.1,8.8
8608,0.2269,0,NORMAL,21.8,2.0,7.4,7.7
8609,0.9161,0,WARNING,21.6,3.2,5.6,5.6
8610,0.1531,0,NORMAL,22.7,2.7,9.8,9.0
8611,0.6727,0,WARNING,23.0,4.9,9.7,6.9
8612,0.9859,0,WARNING,22.5,5.6,7.6,6.4
8613,0.2098,0,NORMAL,24.3,1.9,7.2,6.6
8614,0.205,0,NORMAL,22.5,1.8,7.2,6.5
8615,0.9861,0,WARNING,22.4,6.1,8.3,6.9
8616,0.2861,0,NORMAL,19.5,4.1,10.2,8.9
8617,0.1304,0,NORMAL,19.4,2.3,8.7,8.6
8618,0.1984,0,NORMAL,19.5,1.5,6.6,5.9
8619,0.1802,0,NORMAL,19.4,1.1,5.1,5.2
8620,0.1247,0,NORMAL,19.5,2.2,8.0,8.1
8621,0.2945,0,NORMAL,20.6,3.8,10.4,8.3
8622,0.1409,0,NORMAL,20.6,2.5,9.6,8.1
8623,0.9187,0,WARNING,21.6,4.5,10.8,9.3
8624,0.1781,0,NORMAL,20.9,1.4,6.6,6.1
8625,0.0901,0,NORMAL,21.6,3.8,10.3,8.0
8626,0.6068,0,WARNING,21.5,3.6,10.3,9.1
8627,0.9445,0,WARNING,21.6,4.2,9.4,9.3
8628,0.4095,0,NORMAL,21.1,2.3,8.3,7.7
8629,0.1417,0,NORMAL,21.7,2.0,7.6,6.6
8630,0.2905,0,NORMAL,23.3,3.4,9.7,8.9
8631,0.5185,0,NORMAL,23.1,4.8,13.1,10.5
8632,0.2774,0,NORMAL,22.8,2.7,10.3,8.9
8633,0.9622,0,WARNING,23.3,4.9,13.4,9.5
8634,0.2368,0,NORMAL,21.4,2.6,12.8,12.2
8635,0.1539,0,NORMAL,19.0,2.6,11.6,9.8
8636,0.8483,0,WARNING,19.7,5.7,12.2,9.9
8637,0.1442,0,NORMAL,19.8,2.4,7.4,6.5
8638,0.1668,0,NORMAL,20.2,1.9,7.2,6.9
8639,0.9318,0,WARNING,20.4,4.3,10.2,8.0
8640,0.1415,0,NORMAL,17.7,3.3,11.3,9.8
8641,0.6009,0,WARNING,14.3,4.9,10.4,8.8
8642,0.9163,0,WARNING,15.4,5.8,12.9,11.5
8643,0.153,0,NORMAL,15.4,1.6,6.5,5.7
8644,0.1578,0,NORMAL,15.1,1.4,5.4,5.8
8645,0.9548,0,WARNING,16.1,5.3,8.9,7.8
8646,0.2884,0,NORMAL,16.4,3.6,10.2,9.6
8647,0.0836,0,NORMAL,15.7,2.3,7.8,6.5
8648,0.6054,0,WARNING,17.2,4.2,14.4,10.7
8649,0.3375,0,NORMAL,18.3,2.2,9.8,7.8
8650,0.15,0,NORMAL,16.6,3.2,10.6,9.2
8651,0.8182,0,WARNING,18.1,4.8,7.5,6.9
8652,0.1711,0,NORMAL,17.1,2.6,7.6,7.1
8653,0.1243,0,NORMAL,16.8,2.1,5.9,5.1
8654,0.9188,0,WARNING,17.4,4.8,10.7,10.3
8655,0.1394,0,NORMAL,17.3,3.0,10.6,8.4
8656,0.4105,0,NORMAL,16.6,3.6,6.0,5.7
8657,0.1688,0,NORMAL,17.8,4.3,11.4,10.1
8658,0.7779,0,WARNING,16.7,4.2,9.8,8.8
8659,0.2764,0,NORMAL,14.6,2.7,8.5,7.7
8660,0.9689,0,WARNING,14.0,4.7,7.0,6.2
8661,0.8507,0,WARNING,14.7,3.9,8.6,8.4
8662,0.0513,0,NORMAL,15.1,2.7,9.8,8.7
8663,0.969,0,WARNING,15.3,4.4,6.9,5.7
8664,0.4139,0,NORMAL,16.6,2.4,11.8,9.2
8665,0.8178,0,WARNING,17.1,3.7,9.8,9.3
8666,0.6701,0,WARNING,18.0,5.0,12.7,11.2
8667,0.2623,0,NORMAL,18.2,3.2,13.1,11.7
8668,0.1957,0,NORMAL,17.1,2.4,11.7,9.9
8669,0.3375,0,NORMAL,18.9,2.5,9.9,8.6
8670,0.1038,0,NORMAL,17.0,2.9,11.2,9.2
8671,0.7761,0,WARNING,17.9,4.8,9.9,9.1
8672,0.1305,0,NORMAL,17.2,3.5,11.8,10.2
8673,0.1531,0,NORMAL,17.0,1.6,7.4,5.9
8674,0.4161,0,NORMAL,17.5,3.0,8.8,7.9
8675,0.3136,0,NORMAL,17.9,2.9,11.9,11.2
8676,0.8769,0,WARNING,15.0,6.2,13.3,9.5
8677,0.1588,0,NORMAL,15.3,2.7,7.9,6.9
8678,0.2789,0,NORMAL,15.7,2.2,9.1,7.9
8679,0.1612,0,NORMAL,15.8,1.9,8.3,7.6
8680,0.1705,0,NORMAL,16.5,3.5,13.6,10.8
8681,0.4103,0,NORMAL,16.8,4.5,11.4,8.9
8682,0.9438,0,WARNING,18.6,5.5,14.4,11.8
8683,0.3977,0,NORMAL,19.4,3.3,13.1,10.8
8684,0.9531,0,WARNING,18.0,4.7,9.8,7.5
8685,0.3134,0,NORMAL,19.7,3.9,13.7,11.7
8686,0.3971,0,NORMAL,18.5,4.9,13.8,10.7
8687,0.2122,0,NORMAL,18.7,3.7,13.9,11.5
8688,1.0,0,ANOMALY,18.4,6.5,12.0,10.2
8689,0.1811,0,NORMAL,18.2,2.1,11.4,9.3
8690,0.2882,0,NORMAL,19.5,3.3,13.7,12.3
8691,0.5939,0,NORMAL,17.9,4.9,14.3,11.8
8692,0.3046,0,NORMAL,15.4,3.4,14.8,13.1
8693,0.4049,0,NORMAL,16.9,3.5,18.1,14.7
8694,0.9679,0,WARNING,16.4,4.1,10.9,8.6
8695,0.1921,0,NORMAL,16.8,3.2,12.3,11.5
8696,0.5014,0,NORMAL,17.5,5.1,12.2,9.8
8697,0.1629,0,NORMAL,16.9,2.7,7.9,6.8
8698,0.179,0,NORMAL,17.2,2.5,11.2,10.4
8699,0.1197,0,NORMAL,17.5,2.4,10.6,8.9
8700,0.9685,0,WARNING,16.5,6.2,13.5,11.4
8701,0.997,0,WARNING,15.5,5.5,11.3,8.9
8702,0.1702,0,NORMAL,15.3,2.6,11.5,11.0
8703,0.1787,0,NORMAL,16.6,2.2,10.6,8.7
8704,0.1228,0,NORMAL,15.5,2.3,10.1,8.1
8705,0.2974,0,NORMAL,16.9,4.6,16.2,13.1
8706,0.7274,0,WARNING,19.2,6.2,15.7,13.7
8707,0.2941,0,NORMAL,18.8,3.3,13.9,11.2
8708,0.1744,0,NORMAL,17.9,2.6,10.8,9.6
8709,0.2073,0,NORMAL,19.5,2.6,12.2,10.9
8710,0.1847,0,NORMAL,18.8,2.8,12.9,10.1
8711,0.3939,0,NORMAL,19.6,4.6,14.3,11.0
8712,0.9421,0,WARNING,17.7,4.6,8.2,8.3
8713,0.8201,0,WARNING,18.2,3.6,12.3,8.2
8714,0.2061,0,NORMAL,18.1,1.9,9.6,8.0
8715,0.1524,0,NORMAL,16.9,3.6,11.8,10.6
8716,0.3962,0,NORMAL,16.5,5.3,15.1,12.9
8717,0.2886,0,NORMAL,16.2,3.8,11.4,10.1
8718,0.4154,0,NORMAL,16.7,3.9,15.1,13.6
8719,0.3581,0,NORMAL,16.0,3.1,10.8,9.7
8720,0.7348,0,WARNING,20.4,6.8,29.2,24.6
8721,0.9114,0,WARNING,18.1,5.5,12.5,7.9
8722,0.3044,0,NORMAL,18.5,4.0,16.5,13.2
8723,0.941,0,WARNING,19.5,5.6,17.5,14.2
8724,0.2267,0,NORMAL,19.3,2.6,13.5,9.1
8725,0.6823,0,WARNING,22.6,6.0,28.2,22.4
8726,0.9962,0,WARNING,24.5,11.3,43.1,31.3
8727,0.719,0,WARNING,23.0,5.1,23.4,15.5
8728,0.4494,0,NORMAL,17.5,2.2,11.7,8.8
8729,0.235,0,NORMAL,15.6,2.5,10.0,8.4
8730,0.8938,0,WARNING,15.4,4.1,9.7,7.9
8731,0.7215,0,WARNING,18.5,5.0,18.2,15.6
8732,0.4948,0,NORMAL,18.1,4.0,23.3,17.3
8733,0.739,0,WARNING,21.2,5.7,30.3,24.2
8734,0.54,0,NORMAL,17.7,2.7,15.7,10.1
8735,0.2899,0,NORMAL,19.2,3.4,16.0,13.0
8736,0.3725,0,NORMAL,18.7,4.6,17.3,12.7
8737,0.3599,0,NORMAL,19.7,3.9,18.0,14.2
8738,0.4123,0,NORMAL,18.0,2.2,13.8,12.1
8739,0.9979,0,WARNING,18.4,4.9,9.4,7.8
8740,0.1784,0,NORMAL,19.3,2.8,9.4,6.9
8741,0.3133,0,NORMAL,20.4,4.5,12.9,11.0
8742,0.2621,0,NORMAL,19.8,3.3,12.7,9.9
8743,0.2204,0,NORMAL,17.8,2.7,14.1,11.4
8744,0.2041,0,NORMAL,16.1,3.2,13.8,10.5
8745,0.875,0,WARNING,18.4,6.5,12.7,9.2
8746,0.291,0,NORMAL,17.7,5.9,14.7,10.7
8747,0.317,0,NORMAL,16.7,3.6,10.7,9.7
8748,0.7203,0,WARNING,17.9,3.5,9.5,8.6
8749,0.4674,0,NORMAL,19.0,3.0,10.5,9.2
8750,0.1105,0,NORMAL,17.3,3.5,9.5,8.4
8751,0.5045,0,NORMAL,17.6,3.9,8.6,8.4
8752,1.0,0,ANOMALY,17.6,8.7,8.8,7.7
8753,0.3971,0,NORMAL,17.7,2.9,11.5,10.2
8754,0.3783,0,NORMAL,18.8,3.3,14.0,13.1
8755,0.3045,0,NORMAL,19.2,4.3,16.8,14.3
8756,0.9291,0,WARNING,18.8,6.3,14.0,12.3
8757,0.4669,0,NORMAL,18.9,4.0,11.1,10.6
8758,0.3803,0,NORMAL,18.9,4.6,13.9,12.0
8759,0.3828,0,NORMAL,17.0,2.5,14.1,10.4
8760,0.1789,0,NORMAL,19.2,4.4,13.1,10.3
8761,0.3898,0,NORMAL,22.7,5.5,15.2,12.4
8762,0.7713,0,WARNING,22.8,4.3,14.6,12.9
8763,0.5369,0,NORMAL,24.3,4.5,23.1,18.2
8764,0.4128,0,NORMAL,22.5,3.0,10.9,9.3
8765,0.5826,0,NORMAL,24.4,4.8,15.3,12.7
8766,0.7177,0,WARNING,24.0,4.8,12.0,8.7
8767,0.5563,0,NORMAL,23.1,3.3,9.2,8.4
8768,0.17,0,NORMAL,23.6,2.9,11.3,9.9
8769,0.8742,0,WARNING,26.2,5.1,18.2,14.1
8770,0.3254,0,NORMAL,25.4,3.8,14.3,11.5
8771,0.4928,0,NORMAL,26.2,4.8,13.0,11.1
8772,0.2494,0,NORMAL,24.4,3.3,10.3,8.8
8773,0.214,0,NORMAL,25.2,2.5,14.3,10.8
8774,0.214,0,NORMAL,23.8,1.6,7.5,6.5
8775,0.2719,0,NORMAL,22.6,3.9,11.4,10.2
8776,0.4026,0,NORMAL,21.0,4.9,14.7,10.9
8777,0.2484,0,NORMAL,22.0,4.0,12.0,10.2
8778,0.7729,0,WARNING,21.9,4.3,10.8,9.4
8779,0.4135,0,NORMAL,23.0,3.9,14.0,12.0
8780,0.3882,0,NORMAL,24.4,3.8,19.5,14.2
8781,0.3861,0,NORMAL,23.9,5.0,14.5,9.4
8782,0.8444,0,WARNING,23.9,5.2,14.2,10.1
8783,0.3526,0,NORMAL,25.5,3.9,17.2,13.3
8784,0.9983,0,WARNING,26.5,6.5,13.6,9.6
8785,0.313,0,NORMAL,26.1,4.0,15.1,11.7
8786,0.3818,0,NORMAL,26.1,5.0,15.3,11.7
8787,0.5971,0,NORMAL,24.9,3.9,16.9,10.5
8788,0.9732,0,WARNING,24.5,5.0,9.8,7.9
8789,0.9173,0,WARNING,26.1,2.3,15.5,7.6
8790,0.2458,0,NORMAL,25.4,2.6,9.9,8.0
8791,0.5915,0,NORMAL,24.7,4.0,11.3,8.8
8792,0.1348,0,NORMAL,22.2,3.4,10.2,8.6
8793,0.2115,0,NORMAL,21.9,2.4,12.7,10.4
8794,0.3182,0,NORMAL,22.9,2.9,15.7,12.6
8795,0.5069,0,NORMAL,23.1,5.0,15.3,11.5
8796,0.3963,0,NORMAL,21.3,2.6,7.5,6.7
8797,0.1342,0,NORMAL,22.5,3.3,12.4,9.3
8798,0.2668,0,NORMAL,23.0,2.6,13.7,11.8
8799,0.1846,0,NORMAL,23.1,2.2,11.7,9.0
8800,0.1446,0,NORMAL,23.1,2.8,11.0,9.0
8801,0.4075,0,NORMAL,24.4,4.2,11.9,9.7
8802,0.2241,0,NORMAL,22.9,2.7,9.9,9.0
8803,0.1521,0,NORMAL,23.7,1.9,8.8,7.2
8804,0.9443,0,WARNING,23.4,4.0,8.6,7.1
8805,0.3527,0,NORMAL,24.2,5.4,18.8,14.4
8806,0.4019,0,NORMAL,24.8,5.6,18.4,13.4
8807,0.2879,0,NORMAL,24.0,2.7,10.6,8.6
8808,0.1435,0,NORMAL,21.5,2.2,10.9,8.8
8809,0.1581,0,NORMAL,20.3,2.1,10.7,9.0
8810,0.1343,0,NORMAL,21.4,3.4,12.6,10.0
8811,0.2747,0,NORMAL,22.3,3.8,11.6,10.4
8812,0.7272,0,WARNING,22.3,5.0,12.4,10.7
8813,0.2024,0,NORMAL,22.3,2.1,9.6,8.5
8814,0.4281,0,NORMAL,21.9,1.7,11.0,7.4
8815,0.8372,0,WARNING,23.6,2.8,16.0,10.3
8816,0.3905,0,NORMAL,22.7,3.3,9.2,8.4
8817,0.1786,0,NORMAL,23.4,3.3,12.3,9.8
8818,0.1727,0,NORMAL,23.0,1.8,8.5,7.2
8819,0.1669,0,NORMAL,23.1,2.1,7.3,7.1
8820,0.1458,0,NORMAL,19.3,2.8,11.6,10.1
8821,0.1247,0,NORMAL,14.9,4.3,11.5,8.7
8822,0.6716,0,WARNING,15.0,2.7,7.5,5.5
8823,0.1847,0,NORMAL,15.5,1.3,6.4,5.9
8824,0.175,0,NORMAL,15.5,1.7,8.1,6.7
8825,0.1791,0,NORMAL,17.2,2.5,10.5,9.1
8826,0.4214,0,NORMAL,16.9,3.8,9.9,8.3
8827,0.1369,0,NORMAL,16.8,2.6,10.0,9.3
8828,0.1772,0,NORMAL,16.5,1.5,7.6,6.7
8829,0.7836,0,WARNING,17.1,3.3,10.1,8.7
8830,0.8994,0,WARNING,17.2,5.6,7.2,5.8
8831,0.5102,0,NORMAL,18.1,5.3,12.5,10.5
8832,0.8748,0,WARNING,17.6,5.2,10.9,9.0
8833,0.2182,0,NORMAL,18.6,2.6,9.7,8.0
8834,0.226,0,NORMAL,18.4,1.8,7.7,6.8
8835,0.2156,0,NORMAL,18.8,4.0,13.4,11.9
8836,0.2782,0,NORMAL,18.3,4.9,13.2,10.7
8837,0.1931,0,NORMAL,18.2,3.3,12.0,10.0
8838,0.1271,0,NORMAL,16.0,2.7,9.9,8.8
8839,0.8164,0,WARNING,15.3,3.6,8.5,8.0
8840,0.1203,0,NORMAL,14.8,2.4,7.0,6.9
8841,0.4118,0,NORMAL,15.5,4.1,9.2,7.0
8842,0.0857,0,NORMAL,17.0,2.7,8.7,7.4
8843,0.1373,0,NORMAL,16.0,1.8,7.2,6.3
8844,0.2914,0,NORMAL,15.9,1.9,7.8,6.4
8845,0.7352,0,WARNING,17.6,3.9,9.9,7.3
8846,0.6048,0,WARNING,17.1,3.7,10.8,8.0
8847,0.9782,0,WARNING,17.6,3.5,20.9,10.5
8848,0.7716,0,WARNING,16.8,2.9,12.0,7.1
8849,0.1644,0,NORMAL,17.6,2.0,9.0,7.2
8850,0.1687,0,NORMAL,17.3,2.5,9.1,8.1
8851,0.4063,0,NORMAL,18.6,4.2,10.5,9.0
8852,0.9744,0,WARNING,18.6,6.2,11.4,10.4
8853,0.2042,0,NORMAL,18.5,2.1,9.5,8.0
8854,0.1999,0,NORMAL,18.3,2.3,10.2,9.0
8855,0.2205,0,NORMAL,19.0,3.5,15.6,10.5
8856,0.404,0,NORMAL,15.7,3.4,10.8,9.1
8857,0.1703,0,NORMAL,15.2,3.5,14.9,10.2
8858,0.931,0,WARNING,15.7,4.8,11.2,8.8
8859,0.2364,0,NORMAL,16.6,3.0,13.7,10.8
8860,0.1473,0,NORMAL,15.2,2.2,7.7,6.1
8861,0.4093,0,NORMAL,16.3,3.8,9.4,8.1
8862,0.1416,0,NORMAL,15.7,2.1,7.0,5.8
8863,0.2518,0,NORMAL,16.9,2.3,8.0,7.3
8864,0.585,0,NORMAL,17.7,2.5,7.9,6.8
8865,0.319,0,NORMAL,18.1,3.7,15.0,14.3
8866,0.8175,0,WARNING,17.6,5.7,11.8,8.9
8867,0.5971,0,NORMAL,17.6,3.4,9.6,8.7
8868,0.2745,0,NORMAL,17.5,2.8,11.5,9.4
8869,0.1656,0,NORMAL,17.6,2.5,12.7,9.6
8870,0.1788,0,NORMAL,17.9,3.5,11.8,7.8
8871,0.9161,0,WARNING,18.2,5.5,9.1,9.3
8872,0.2001,0,NORMAL,17.4,1.7,6.1,6.0
8873,0.2206,0,NORMAL,19.0,2.6,13.0,11.0
8874,0.1675,0,NORMAL,16.1,1.9,9.3,8.3
8875,0.1443,0,NORMAL,14.8,2.3,10.4,10.1
8876,0.9884,0,WARNING,15.4,5.6,9.3,8.2
8877,0.1259,0,NORMAL,15.7,2.6,10.9,8.9
8878,0.1395,0,NORMAL,15.4,2.0,8.2,6.9
8879,0.9691,0,WARNING,16.3,5.2,9.1,8.6
8880,0.2284,0,NORMAL,17.4,3.0,13.2,11.6
8881,0.9312,0,WARNING,20.4,6.5,14.4,11.6
8882,0.5031,0,NORMAL,20.5,3.7,12.5,10.2
8883,0.1949,0,NORMAL,20.7,2.6,11.9,10.7
8884,0.9686,0,WARNING,21.4,5.6,13.8,11.1
8885,0.4269,0,NORMAL,22.5,3.8,17.9,15.2
8886,0.9425,0,WARNING,21.9,6.0,14.1,10.3
8887,0.7229,0,WARNING,22.3,4.8,11.9,9.1
8888,0.1652,0,NORMAL,22.7,2.4,12.4,8.9
8889,0.9685,0,WARNING,22.5,5.1,15.0,10.5
8890,0.1749,0,NORMAL,22.8,2.9,11.4,9.1
8891,0.3996,0,NORMAL,23.2,4.3,13.7,11.8
8892,0.2675,0,NORMAL,23.5,4.2,15.3,12.0
8893,0.3322,0,NORMAL,24.2,4.0,15.8,12.8
8894,0.5919,0,NORMAL,23.7,3.6,16.7,11.8
8895,0.3677,0,NORMAL,24.2,4.4,17.0,14.2
8896,0.5857,0,NORMAL,22.6,6.2,18.6,14.7
8897,0.8096,0,WARNING,22.6,6.4,21.5,17.1
8898,0.3978,0,NORMAL,23.3,4.4,18.3,14.6
8899,0.3727,0,NORMAL,23.1,4.3,17.7,13.4
8900,0.2512,0,NORMAL,22.9,4.0,15.8,11.8
8901,0.7681,0,WARNING,24.3,6.0,17.6,13.5
8902,0.2433,0,NORMAL,23.7,3.3,14.2,11.3
8903,0.9419,0,WARNING,24.2,4.5,14.4,11.5
8904,0.2107,0,NORMAL,23.3,2.7,11.2,8.9
8905,0.3942,0,NORMAL,23.6,3.6,13.3,11.6
8906,0.5037,0,NORMAL,24.2,5.0,13.9,9.3
8907,0.3252,0,NORMAL,25.0,4.3,17.3,13.2
8908,0.2966,0,NORMAL,24.6,2.8,16.4,12.3
8909,0.2743,0,NORMAL,24.6,3.1,15.3,11.9
8910,0.2386,0,NORMAL,24.1,2.5,14.1,11.5
8911,0.992,0,WARNING,22.2,7.3,16.0,13.3
8912,0.3677,0,NORMAL,22.0,4.3,18.0,15.1
8913,0.4974,0,NORMAL,22.2,4.2,18.4,14.3
8914,0.3109,0,NORMAL,22.4,3.1,16.4,12.5
8915,0.2743,0,NORMAL,22.6,3.3,15.0,12.2
8916,0.811,0,WARNING,22.4,5.3,10.3,7.9
8917,0.1665,0,NORMAL,22.8,3.0,12.2,9.8
8918,0.2668,0,NORMAL,22.8,2.6,13.8,11.5
8919,0.3039,0,NORMAL,23.5,3.1,15.6,12.8
8920,0.3781,0,NORMAL,23.6,3.6,19.5,14.4
8921,0.7217,0,WARNING,24.7,5.5,17.2,12.4
8922,0.2447,0,NORMAL,24.3,3.5,14.7,11.2
8923,0.221,0,NORMAL,23.7,3.0,13.3,9.8
8924,0.2214,0,NORMAL,24.4,2.2,11.8,8.2
8925,0.2241,0,NORMAL,23.7,4.0,14.1,9.9
8926,0.8451,0,WARNING,21.5,3.8,15.0,8.6
8927,0.7829,0,WARNING,20.5,4.3,13.0,11.0
8928,0.3322,0,NORMAL,21.2,3.2,16.0,13.4
8929,0.1972,0,NORMAL,21.3,2.5,12.7,10.4
8930,0.3674,0,NORMAL,23.0,3.8,17.0,11.9
8931,0.5319,0,NORMAL,22.4,4.5,14.7,8.9
8932,0.9137,0,WARNING,23.0,6.0,16.5,13.8
8933,0.2742,0,NORMAL,23.2,3.3,15.3,12.1
8934,0.9289,0,WARNING,22.7,4.9,11.3,9.0
8935,0.1768,0,NORMAL,23.4,2.4,9.9,9.0
8936,0.264,0,NORMAL,24.2,4.0,11.0,8.5
8937,0.2117,0,NORMAL,24.2,3.6,13.3,10.2
8938,0.2592,0,NORMAL,23.6,2.2,14.3,11.5
8939,0.7746,0,WARNING,23.7,4.1,12.7,9.2
8940,0.1431,0,NORMAL,22.8,3.4,13.1,10.6
8941,0.1536,0,NORMAL,22.0,4.1,14.1,10.0
8942,0.247,0,NORMAL,23.2,4.5,14.5,11.4
8943,0.2213,0,NORMAL,22.5,2.6,11.9,10.1
8944,0.15,0,NORMAL,22.7,2.3,11.7,9.3
8945,0.9315,0,WARNING,23.3,5.4,11.7,9.9
8946,0.2435,0,NORMAL,23.0,4.6,13.8,11.8
8947,0.2045,0,NORMAL,23.7,2.7,10.7,8.5
8948,0.218,0,NORMAL,23.4,3.6,12.4,8.6
8949,0.2294,0,NORMAL,24.3,2.7,12.5,10.6
8950,0.3522,0,NORMAL,24.6,4.0,16.2,13.7
8951,0.5949,0,NORMAL,24.8,5.6,18.0,14.3
8952,0.2965,0,NORMAL,24.4,3.9,16.4,13.2
8953,0.311,0,NORMAL,24.9,3.0,15.9,12.5
8954,0.2966,0,NORMAL,24.7,2.8,15.7,11.6
8955,0.3931,0,NORMAL,23.7,4.8,17.5,14.8
8956,0.9901,0,WARNING,23.7,8.3,21.4,16.2
8957,0.7142,0,WARNING,22.7,5.7,19.1,14.2
8958,0.3788,0,NORMAL,23.1,4.1,19.0,14.0
8959,0.337,0,NORMAL,24.3,4.2,17.6,14.3
8960,0.6489,0,WARNING,22.9,4.4,16.6,10.8
8961,0.3696,0,NORMAL,23.1,3.8,10.6,8.5
8962,0.4924,0,NORMAL,22.7,3.3,8.1,6.6
8963,0.2309,0,NORMAL,24.3,2.6,11.3,8.8
8964,0.2281,0,NORMAL,23.0,1.7,7.5,6.2
8965,0.284,0,NORMAL,22.9,2.4,8.0,7.3
8966,0.4173,0,NORMAL,23.5,3.7,10.6,8.5
8967,0.2596,0,NORMAL,24.4,3.3,15.2,12.3
8968,0.2756,0,NORMAL,23.8,2.0,10.1,7.3
8969,0.2723,0,NORMAL,24.0,1.8,9.5,7.6
8970,0.2713,0,NORMAL,23.1,2.3,8.1,7.2
8971,0.6072,0,WARNING,24.0,4.1,10.9,10.5
8972,0.1852,0,NORMAL,22.1,4.2,13.9,11.2
8973,0.3111,0,NORMAL,20.9,3.2,17.1,12.7
8974,0.3982,0,NORMAL,21.5,3.5,17.9,14.5
8975,0.4175,0,NORMAL,22.6,4.5,19.1,15.3
8976,0.4952,0,NORMAL,23.5,5.9,19.7,15.0
8977,0.332,0,NORMAL,23.8,4.0,18.1,13.7
8978,0.7092,0,WARNING,23.0,3.0,19.2,11.7
8979,0.2145,0,NORMAL,22.5,2.5,13.1,10.9
8980,0.6264,0,WARNING,23.9,4.7,23.2,15.9
8981,0.3732,0,NORMAL,23.4,4.5,12.3,8.7
8982,0.2474,0,NORMAL,24.1,3.5,13.6,10.9
8983,0.2448,0,NORMAL,23.7,2.3,12.4,9.8
8984,0.2416,0,NORMAL,23.1,2.1,10.4,8.4
8985,0.2429,0,NORMAL,23.5,3.1,11.0,8.7
8986,0.2829,0,NORMAL,23.9,4.1,11.7,9.4
8987,0.4093,0,NORMAL,22.6,4.2,12.9,11.1
8988,0.1914,0,NORMAL,18.7,1.6,8.6,7.8
8989,0.9973,0,WARNING,20.2,6.7,10.2,8.6
8990,0.2167,0,NORMAL,20.5,2.9,10.7,8.8
8991,0.6086,0,WARNING,21.4,5.2,11.9,10.0
8992,0.497,0,NORMAL,20.8,2.8,7.3,7.4
8993,0.151,0,NORMAL,22.3,2.1,10.1,9.3
8994,0.1625,0,NORMAL,21.8,2.2,10.9,9.5
8995,0.511,0,NORMAL,22.8,4.3,15.7,11.9
8996,0.3995,0,NORMAL,23.2,5.1,15.9,11.5
8997,0.2749,0,NORMAL,22.6,3.3,12.1,10.2
8998,0.1941,0,NORMAL,22.7,2.1,7.7,7.1
8999,0.202,0,NORMAL,23.0,2.9,11.2,8.1
9000,0.9788,0,WARNING,18.1,5.3,9.4,8.2
9001,0.273,0,NORMAL,15.4,4.2,11.4,9.2
9002,0.1352,0,NORMAL,15.5,2.3,9.5,7.7
9003,0.1415,0,NORMAL,16.1,2.0,9.3,8.2
9004,0.1442,0,NORMAL,16.8,2.4,10.2,8.4
9005,0.1592,0,NORMAL,18.2,3.6,13.5,9.8
9006,0.4105,0,NORMAL,17.9,4.7,13.2,11.0
9007,0.9687,0,WARNING,19.2,6.5,13.5,11.0
9008,0.2201,0,NORMAL,18.0,2.4,12.4,9.2
9009,0.2282,0,NORMAL,17.8,2.0,8.2,7.6
9010,0.2385,0,NORMAL,18.3,2.6,8.5,7.2
9011,0.9173,0,WARNING,20.5,6.4,13.2,9.0
9012,0.2741,0,NORMAL,19.1,3.9,9.8,6.9
9013,0.2753,0,NORMAL,18.8,2.1,5.7,5.2
9014,0.2667,0,NORMAL,18.3,2.2,6.5,6.1
9015,0.735,0,WARNING,18.8,3.3,6.9,6.5
9016,0.6074,0,WARNING,18.7,3.9,9.3,9.1
9017,0.2673,0,NORMAL,18.9,3.1,8.0,8.2
9018,0.5155,0,NORMAL,16.6,3.5,8.1,7.3
9019,0.2515,0,NORMAL,15.4,3.4,10.2,9.6
9020,0.9057,0,WARNING,15.5,3.8,7.7,5.9
9021,0.9922,0,WARNING,16.4,7.1,9.1,7.1
9022,0.5326,0,NORMAL,16.8,3.9,15.6,9.6
9023,0.2684,0,NORMAL,18.7,3.5,14.4,10.8
9024,0.7256,0,WARNING,17.9,5.3,14.7,10.1
9025,0.2621,0,NORMAL,19.2,4.0,14.9,11.7
9026,0.2663,0,NORMAL,18.2,5.1,12.8,9.3
9027,0.9532,0,WARNING,18.0,4.8,8.0,6.8
9028,0.2284,0,NORMAL,18.1,2.6,8.7,7.3
9029,0.2414,0,NORMAL,18.0,2.6,8.0,6.7
9030,0.2563,0,NORMAL,18.6,2.9,9.9,7.8
9031,0.4153,0,NORMAL,19.1,4.0,8.9,6.8
9032,0.2551,0,NORMAL,18.5,2.7,9.3,7.9
9033,0.251,0,NORMAL,18.7,2.2,8.5,7.3
9034,0.251,0,NORMAL,18.0,2.1,7.1,6.0
9035,0.2528,0,NORMAL,19.5,3.9,11.4,9.3
9036,0.4174,0,NORMAL,19.4,5.7,12.3,8.1
9037,1.0,0,ANOMALY,17.7,9.4,12.9,11.4
9038,0.2125,0,NORMAL,13.7,3.0,10.7,7.9
9039,0.5073,0,NORMAL,13.9,2.8,7.4,6.1
9040,0.1026,0,NORMAL,14.5,2.9,9.8,6.5
9041,0.7312,0,WARNING,15.6,4.4,9.3,7.6
9042,0.1395,0,NORMAL,15.1,3.0,6.8,5.3
9043,0.2867,0,NORMAL,17.3,3.6,11.2,9.1
9044,0.1318,0,NORMAL,16.7,3.6,12.2,9.2
9045,0.6017,0,WARNING,17.1,4.8,11.1,9.0
9046,0.8155,0,WARNING,18.0,4.6,16.1,9.9
9047,0.3781,0,NORMAL,17.4,3.8,9.5,8.6
9048,0.2605,0,NORMAL,17.0,3.2,7.9,8.4
9049,0.1915,0,NORMAL,17.1,2.4,7.0,6.0
9050,0.5445,0,NORMAL,17.0,3.4,7.0,6.7
9051,0.5122,0,NORMAL,18.1,3.8,7.0,6.9
9052,0.9904,0,WARNING,17.4,4.9,5.7,5.6
9053,0.4999,0,NORMAL,17.4,2.5,6.0,5.7
9054,0.4515,0,NORMAL,17.4,2.1,8.2,6.6
9055,0.4846,0,NORMAL,18.0,3.7,8.4,8.1
9056,0.511,0,NORMAL,15.4,5.1,11.0,9.7
9057,0.6674,0,WARNING,14.0,4.1,8.0,7.2
9058,0.5083,0,NORMAL,14.1,3.2,10.0,9.7
9059,0.1441,0,NORMAL,15.2,3.5,13.3,10.5
9060,0.1352,0,NORMAL,16.9,3.2,8.6,7.2
9061,0.5081,0,NORMAL,19.3,5.2,10.7,9.0
9062,0.2261,0,NORMAL,19.3,3.5,10.7,9.0
9063,0.4665,0,NORMAL,19.7,2.6,7.5,6.8
9064,0.3961,0,NORMAL,19.6,2.8,7.8,7.7
9065,0.2774,0,NORMAL,20.6,3.5,8.2,7.8
9066,0.9991,0,WARNING,20.1,5.1,7.1,8.0
9067,0.2246,0,NORMAL,20.3,2.1,6.4,6.8
9068,0.4108,0,NORMAL,20.0,2.2,5.5,5.4
9069,0.7812,0,WARNING,20.7,3.3,6.4,5.5
9070,0.1352,0,NORMAL,20.7,2.8,7.8,6.2
9071,0.2958,0,NORMAL,21.6,3.9,7.9,6.7
9072,0.6084,0,WARNING,21.6,4.6,7.7,6.2
9073,0.1888,0,NORMAL,22.3,1.8,5.9,4.2
9074,0.1896,0,NORMAL,22.1,2.3,8.3,7.2
9075,0.1953,0,NORMAL,22.1,3.9,9.7,8.8
9076,0.7339,0,WARNING,22.7,5.2,9.1,8.2
9077,0.2074,0,NORMAL,22.2,3.5,7.5,5.9
9078,0.2102,0,NORMAL,21.7,2.1,5.1,5.2
9079,0.879,0,WARNING,20.3,4.7,9.0,9.1
9080,1.0,0,ANOMALY,21.2,8.4,6.9,4.9
9081,0.5158,0,NORMAL,20.7,3.7,10.6,8.4
9082,0.2791,0,NORMAL,21.4,4.8,15.0,11.9
9083,0.3012,0,NORMAL,21.0,3.5,12.9,9.2
9084,0.2357,0,NORMAL,21.4,3.1,13.6,11.0
9085,0.8755,0,WARNING,21.8,5.3,14.7,12.2
9086,0.5036,0,NORMAL,22.6,5.5,17.2,13.0
9087,0.8127,0,WARNING,22.7,5.7,16.0,11.9
9088,0.183,0,NORMAL,21.7,3.1,9.2,7.1
9089,0.3992,0,NORMAL,23.1,3.5,8.8,7.9
9090,0.4014,0,NORMAL,22.8,4.1,11.6,9.7
9091,0.7276,0,WARNING,23.6,5.7,12.3,9.8
9092,0.814,0,WARNING,22.9,5.2,11.4,9.1
9093,0.2067,0,NORMAL,22.8,2.2,6.9,5.9
9094,0.2746,0,NORMAL,22.3,2.6,6.8,5.6
9095,0.4133,0,NORMAL,23.1,3.5,6.5,5.7
9096,0.4167,0,NORMAL,21.3,4.0,9.4,9.2
9097,0.8782,0,WARNING,19.6,4.4,12.0,11.0
9098,0.1544,0,NORMAL,18.3,2.6,9.6,8.8
9099,0.117,0,NORMAL,18.8,2.0,8.2,7.5
9100,0.1625,0,NORMAL,19.0,2.7,7.8,7.2
9101,0.5223,0,NORMAL,20.4,4.7,11.9,9.4
9102,0.1427,0,NORMAL,20.6,4.6,12.5,8.3
9103,0.1477,0,NORMAL,21.2,3.7,9.9,8.2
9104,0.9622,0,WARNING,21.5,5.4,10.6,8.3
9105,0.2778,0,NORMAL,22.1,4.1,15.9,11.9
9106,0.5552,0,NORMAL,21.9,4.2,14.6,8.2
9107,0.9151,0,WARNING,23.0,6.4,11.7,9.1
9108,0.2068,0,NORMAL,22.0,2.1,6.6,5.6
9109,0.2058,0,NORMAL,23.6,2.5,8.0,8.1
9110,0.2066,0,NORMAL,22.4,2.8,7.4,6.6
9111,0.2867,0,NORMAL,23.6,4.5,11.4,9.4
9112,0.2333,0,NORMAL,23.3,3.9,11.5,8.5
9113,0.2444,0,NORMAL,23.8,2.4,8.0,7.1
9114,0.248,0,NORMAL,23.5,2.2,8.3,7.3
9115,0.0991,0,NORMAL,21.1,3.2,9.1,8.0
9116,0.7332,0,WARNING,17.7,4.4,8.0,6.8
9117,0.1249,0,NORMAL,18.3,3.0,6.4,5.6
9118,0.9272,0,WARNING,20.9,2.4,14.5,7.7
9119,0.8983,0,WARNING,21.8,4.3,10.0,8.8
9120,0.2115,0,NORMAL,17.1,4.3,13.5,10.9
9121,0.8974,0,WARNING,14.2,5.3,12.6,9.7
9122,0.2283,0,NORMAL,14.7,3.6,13.1,11.2
9123,0.1203,0,NORMAL,15.2,2.4,8.4,6.6
9124,0.6009,0,WARNING,14.6,2.7,6.2,5.4
9125,0.0808,0,NORMAL,16.6,2.7,8.2,7.0
9126,0.4172,0,NORMAL,16.4,4.3,11.7,9.6
9127,0.8512,0,WARNING,16.5,4.8,10.5,9.3
9128,0.1218,0,NORMAL,16.2,2.5,9.2,6.3
9129,0.1397,0,NORMAL,16.5,1.9,6.1,4.9
9130,0.6661,0,WARNING,17.4,4.0,8.3,7.1
9131,0.7792,0,WARNING,16.9,4.4,7.0,5.5
9132,0.1736,0,NORMAL,17.2,2.9,7.5,6.7
9133,0.1879,0,NORMAL,17.3,1.7,5.3,4.4
9134,0.1918,0,NORMAL,17.6,2.0,7.8,7.7
9135,0.2015,0,NORMAL,18.2,3.8,13.4,9.7
9136,0.6042,0,WARNING,18.5,5.0,12.2,10.4
9137,0.5981,0,NORMAL,18.2,4.7,10.7,7.9
9138,0.1395,0,NORMAL,15.3,3.0,8.6,7.8
9139,0.894,0,WARNING,12.7,5.0,7.9,7.0
9140,0.6553,0,WARNING,13.5,3.8,8.6,8.1
9141,0.2727,0,NORMAL,14.1,4.1,10.7,9.4
9142,0.1495,0,NORMAL,13.9,2.2,7.3,5.9
9143,0.9443,0,WARNING,14.8,5.0,8.8,7.9
9144,0.1393,0,NORMAL,14.2,1.7,6.1,5.3
9145,0.1394,0,NORMAL,15.4,2.9,7.7,7.1
9146,0.2929,0,NORMAL,16.0,4.3,10.6,8.7
9147,0.1242,0,NORMAL,16.1,2.4,8.4,7.7
9148,0.1249,0,NORMAL,16.3,2.8,11.6,8.1
9149,0.1385,0,NORMAL,16.7,2.0,8.6,7.2
9150,0.1283,0,NORMAL,16.1,2.2,6.9,6.3
9151,0.2927,0,NORMAL,16.6,4.4,11.6,10.5
9152,0.7807,0,WARNING,16.1,4.4,8.9,7.2
9153,0.1349,0,NORMAL,16.6,2.5,8.0,6.9
9154,0.1705,0,NORMAL,16.7,2.0,7.5,6.1
9155,0.1529,0,NORMAL,17.6,3.5,9.4,8.5
9156,0.2897,0,NORMAL,17.7,4.6,11.3,7.5
9157,0.2022,0,NORMAL,15.5,3.7,11.4,10.5
9158,0.6013,0,WARNING,12.8,3.0,8.5,6.7
9159,0.1303,0,NORMAL,13.5,2.0,7.6,6.7
9160,0.1179,0,NORMAL,14.5,2.9,9.9,8.2
9161,0.8211,0,WARNING,14.7,5.2,7.8,5.2
9162,0.1874,0,NORMAL,15.7,4.2,12.9,10.1
9163,0.1153,0,NORMAL,15.6,2.3,10.9,8.0
9164,0.986,0,WARNING,15.6,5.2,10.0,7.7
9165,0.1176,0,NORMAL,15.8,3.2,7.5,6.6
9166,0.5189,0,NORMAL,16.1,4.0,8.5,7.0
9167,0.3522,0,NORMAL,16.5,3.5,11.6,7.0
9168,0.151,0,NORMAL,16.3,1.6,5.3,5.2
9169,0.1495,0,NORMAL,16.4,1.7,6.1,4.5
9170,0.6799,0,WARNING,16.5,3.3,7.3,7.2
9171,0.2959,0,NORMAL,16.3,2.3,4.9,6.5
9172,0.1741,0,NORMAL,17.1,2.1,7.8,7.4
9173,0.1806,0,NORMAL,17.7,2.4,9.5,8.2
9174,0.8415,0,WARNING,18.6,3.2,17.4,10.3
9175,0.3563,0,NORMAL,18.7,3.8,12.9,10.1
9176,0.5947,0,NORMAL,17.3,5.5,11.0,8.4
9177,0.5047,0,NORMAL,14.9,4.2,10.0,8.6
9178,0.9063,0,WARNING,13.5,4.4,11.4,10.9
9179,0.1076,0,NORMAL,14.8,2.7,11.4,9.0
9180,0.1708,0,NORMAL,16.0,3.7,12.0,9.3
9181,0.4007,0,NORMAL,17.6,3.7,7.7,7.2
9182,0.1594,0,NORMAL,19.3,2.5,10.1,9.4
9183,0.7793,0,WARNING,18.7,3.2,7.2,5.3
9184,0.1239,0,NORMAL,18.8,2.1,7.3,6.3
9185,0.1475,0,NORMAL,19.0,2.1,5.1,4.6
9186,0.3018,0,NORMAL,19.4,3.6,6.5,5.4
9187,0.8552,0,WARNING,21.4,4.7,8.6,7.6
9188,0.1668,0,NORMAL,20.0,2.2,7.1,5.9
9189,0.1174,0,NORMAL,20.9,2.5,8.1,7.0
9190,0.8226,0,WARNING,20.9,4.6,9.6,8.2
9191,0.4187,0,NORMAL,20.6,3.7,7.0,6.5
9192,0.1393,0,NORMAL,21.1,2.8,8.2,7.5
9193,0.1557,0,NORMAL,21.0,1.7,4.6,4.1
9194,0.1451,0,NORMAL,21.6,2.3,7.8,6.7
9195,0.1526,0,NORMAL,22.1,3.8,8.8,7.5
9196,0.2961,0,NORMAL,21.8,4.6,7.9,6.3
9197,0.7349,0,WARNING,22.2,5.0,10.2,8.5
9198,0.1816,0,NORMAL,21.4,2.0,5.0,4.7
9199,0.1871,0,NORMAL,22.7,3.1,8.7,7.5
9200,1.0,0,ANOMALY,23.2,9.1,6.5,5.5
9201,0.3872,0,NORMAL,16.8,3.3,4.7,4.8
9202,0.1758,0,NORMAL,17.0,2.4,5.7,4.9
9203,0.1206,0,NORMAL,18.5,1.9,5.9,5.1
9204,0.6827,0,WARNING,18.3,3.1,5.2,4.6
9205,0.1339,0,NORMAL,19.4,2.1,5.9,4.9
9206,0.4303,0,NORMAL,19.6,4.0,7.7,6.2
9207,0.1197,0,NORMAL,20.4,3.2,8.2,6.5
9208,0.8548,0,WARNING,20.5,4.6,9.7,8.5
9209,0.2917,0,NORMAL,21.0,2.9,9.7,7.9
9210,0.6765,0,WARNING,21.3,4.2,12.6,9.9
9211,0.9922,0,WARNING,21.4,6.3,9.6,6.9
9212,0.1527,0,NORMAL,20.9,2.5,6.5,5.9
9213,0.287,0,NORMAL,21.7,2.3,6.2,5.2
9214,0.9695,0,WARNING,21.3,4.1,7.5,6.1
9215,0.2331,0,NORMAL,22.5,2.8,7.5,6.1
9216,0.4211,0,NORMAL,23.4,4.1,11.5,8.5
9217,0.2361,0,NORMAL,23.7,3.0,8.7,7.2
9218,0.2158,0,NORMAL,22.4,2.1,7.7,6.9
9219,0.2093,0,NORMAL,22.3,1.7,5.5,4.7
9220,0.5263,0,NORMAL,22.0,3.1,5.7,4.7
9221,0.4262,0,NORMAL,20.0,4.6,9.3,8.1
9222,0.2166,0,NORMAL,18.2,4.1,13.6,9.6
9223,0.983,0,WARNING,18.1,4.8,7.0,5.4
9224,0.1381,0,NORMAL,18.7,2.0,6.9,6.2
9225,0.1423,0,NORMAL,19.0,3.1,8.6,9.0
9226,0.983,0,WARNING,19.2,6.1,7.5,6.5
9227,0.1655,0,NORMAL,19.4,1.7,5.7,5.2
9228,0.1281,0,NORMAL,19.5,2.0,5.5,4.5
9229,0.1343,0,NORMAL,20.1,2.2,6.4,4.5
9230,0.9554,0,WARNING,20.2,4.8,6.6,5.9
9231,0.1459,0,NORMAL,20.8,3.7,7.4,6.3
9232,0.141,0,NORMAL,20.8,2.3,6.1,5.8
9233,0.135,0,NORMAL,21.7,2.7,7.7,6.5
9234,0.146,0,NORMAL,20.8,1.7,5.4,4.5
9235,0.1444,0,NORMAL,21.4,1.9,5.1,5.2
9236,0.4273,0,NORMAL,21.1,3.3,5.5,4.9
9237,0.9987,0,WARNING,21.8,5.5,6.7,6.2
9238,0.1839,0,NORMAL,21.5,1.8,5.8,5.7
9239,0.1839,0,NORMAL,21.7,1.8,5.9,5.2
9240,0.7856,0,WARNING,16.4,4.2,5.7,3.9
9241,0.8812,0,WARNING,12.9,5.1,7.2,5.2
9242,0.1618,0,NORMAL,14.2,3.1,8.2,7.2
9243,0.1818,0,NORMAL,14.3,1.4,4.3,3.5
9244,0.1697,0,NORMAL,14.0,1.5,4.0,3.8
9245,0.3121,0,NORMAL,15.4,3.7,7.7,6.2
9246,0.826,0,WARNING,16.1,6.5,12.2,10.0
9247,0.1787,0,NORMAL,16.7,3.6,12.8,10.5
9248,0.818,0,WARNING,15.6,3.3,5.4,4.8
9249,0.1452,0,NORMAL,16.4,2.3,6.0,5.5
9250,0.1577,0,NORMAL,16.0,2.7,5.8,4.6
9251,0.8542,0,WARNING,17.3,5.6,8.4,7.0
9252,0.1909,0,NORMAL,17.1,2.2,5.8,4.8
9253,0.2016,0,NORMAL,17.1,1.3,3.1,3.0
9254,0.8031,0,WARNING,16.7,2.6,2.4,2.5
9255,0.2117,0,NORMAL,17.6,3.6,5.5,5.7
9256,0.6815,0,WARNING,17.6,5.4,7.7,7.1
9257,0.2235,0,NORMAL,18.1,3.0,7.2,7.1
9258,0.229,0,NORMAL,17.8,2.5,6.5,6.0
9259,0.7346,0,WARNING,17.8,3.5,6.1,6.1
9260,0.9998,0,WARNING,17.9,5.1,5.7,4.3
9261,0.5236,0,NORMAL,15.0,5.2,10.1,7.9
9262,0.4164,0,NORMAL,11.5,3.3,5.0,4.1
9263,0.1911,0,NORMAL,12.4,1.8,3.9,3.2
9264,0.1668,0,NORMAL,13.1,2.3,7.9,6.8
9265,0.1599,0,NORMAL,13.4,2.3,4.6,4.1
9266,0.5317,0,NORMAL,13.9,4.1,5.3,5.0
9267,0.1534,0,NORMAL,14.6,2.2,5.0,4.9
9268,0.169,0,NORMAL,14.6,1.6,4.4,3.4
9269,0.9028,0,WARNING,15.2,3.7,5.3,5.7
9270,0.1348,0,NORMAL,16.0,3.6,10.1,8.1
9271,0.4245,0,NORMAL,16.2,3.8,7.9,5.9
9272,0.1643,0,NORMAL,16.1,2.6,5.6,4.5
9273,0.1644,0,NORMAL,17.6,1.9,5.8,5.1
9274,0.169,0,NORMAL,16.4,1.6,4.8,4.1
9275,0.1726,0,NORMAL,17.6,2.7,6.1,5.3
9276,0.6842,0,WARNING,17.3,4.6,6.9,5.9
9277,0.2008,0,NORMAL,17.5,3.6,9.5,8.5
9278,0.2109,0,NORMAL,17.1,1.8,4.5,4.0
9279,0.7837,0,WARNING,18.0,3.4,8.5,8.2
9280,0.2156,0,NORMAL,17.5,2.4,6.6,5.1
9281,0.5263,0,NORMAL,18.5,4.5,8.6,6.4
9282,0.5774,0,NORMAL,17.7,3.4,5.9,4.4
9283,0.1308,0,NORMAL,14.7,1.9,5.6,5.9
9284,0.2493,0,NORMAL,11.6,1.9,6.2,4.7
9285,0.9924,0,WARNING,13.1,6.2,9.2,8.4
9286,0.5193,0,NORMAL,12.7,4.4,7.5,6.4
9287,0.2848,0,NORMAL,14.4,4.4,14.1,12.5
9288,0.931,0,WARNING,19.0,8.0,32.0,26.7
9289,0.7137,0,WARNING,16.8,5.2,19.5,13.9
9290,0.3202,0,NORMAL,14.6,2.0,4.6,3.4
9291,0.2576,0,NORMAL,15.3,2.5,5.2,6.2
9292,0.1839,0,NORMAL,15.4,1.4,4.0,4.5
9293,0.1171,0,NORMAL,15.4,1.7,6.6,6.5
9294,0.1216,0,NORMAL,15.5,2.2,8.5,7.2
9295,0.3332,0,NORMAL,16.8,3.8,11.0,8.9
9296,0.4146,0,NORMAL,15.7,3.8,8.2,7.5
9297,0.4121,0,NORMAL,15.9,3.3,8.5,7.4
9298,0.9996,0,WARNING,15.8,7.1,7.4,7.1
9299,0.1974,0,NORMAL,15.5,1.1,4.2,4.5
9300,0.6656,0,WARNING,13.2,3.6,7.0,7.0
9301,0.9422,0,WARNING,11.0,3.7,5.5,5.1
9302,0.1646,0,NORMAL,11.9,1.4,4.6,3.9
9303,0.1872,0,NORMAL,13.1,1.5,4.8,3.9
9304,0.2252,0,NORMAL,12.2,0.9,2.0,2.4
9305,0.1968,0,NORMAL,13.3,2.4,5.2,5.2
9306,0.3138,0,NORMAL,13.7,4.3,6.7,5.6
9307,0.9344,0,WARNING,14.2,4.5,5.3,6.0
9308,0.1959,0,NORMAL,13.5,1.3,3.4,3.7
9309,0.1538,0,NORMAL,14.8,1.7,4.5,4.8
9310,0.1587,0,NORMAL,14.6,3.2,7.5,6.3
9311,0.1599,0,NORMAL,15.0,2.8,4.7,3.9
9312,0.1869,0,NORMAL,14.7,2.3,3.3,3.2
9313,0.7882,0,WARNING,15.5,3.3,3.6,4.0
9314,0.2286,0,NORMAL,15.1,1.8,3.0,3.0
9315,0.178,0,NORMAL,15.6,3.0,4.8,4.7
9316,0.4341,0,NORMAL,15.4,3.8,5.4,6.8
9317,0.6137,0,WARNING,15.9,3.7,5.6,6.3
9318,0.1527,0,NORMAL,15.8,2.2,5.2,5.3
9319,0.2002,0,NORMAL,15.8,1.8,2.8,3.1
9320,0.9918,0,WARNING,15.6,4.1,3.8,3.5
9321,0.8241,0,WARNING,16.2,4.4,5.3,4.6
9322,0.1722,0,NORMAL,13.0,2.4,4.4,4.1
9323,0.2991,0,NORMAL,11.1,2.1,4.2,3.9
9324,0.1982,0,NORMAL,12.0,2.9,8.1,7.1
9325,0.6832,0,WARNING,12.4,3.3,5.3,4.2
9326,0.8742,0,WARNING,12.9,3.9,11.6,17.7
9327,0.9235,0,WARNING,13.0,2.6,13.9,19.3
9328,0.902,0,WARNING,13.1,2.8,13.8,18.5
9329,0.9996,0,WARNING,13.7,4.9,11.0,14.2
9330,0.2371,1,NORMAL,13.9,3.1,7.6,5.0
9331,0.3787,1,NORMAL,14.3,3.4,5.1,4.4
9332,0.158,1,NORMAL,14.0,2.5,4.1,4.7
9333,1.0,1,WARNING,14.7,5.4,2.7,3.4
9334,0.2159,1,NORMAL,13.6,1.1,2.0,2.6
9335,0.1888,1,NORMAL,13.3,2.7,4.4,3.9
9336,0.4311,1,NORMAL,12.0,3.5,5.1,4.7
9337,0.1557,1,NORMAL,12.9,2.6,4.5,4.3
9338,0.1802,1,NORMAL,13.2,1.9,3.7,3.8
9339,0.1818,1,NORMAL,13.9,1.5,3.9,4.4
9340,0.1802,1,NORMAL,14.0,1.4,3.1,3.8
9341,0.313,1,NORMAL,14.5,2.9,3.2,3.3
9342,0.2258,1,NORMAL,14.2,1.4,1.8,2.1
9343,0.9706,1,WARNING,14.7,5.1,2.2,2.7
9344,0.1968,1,NORMAL,14.6,1.7,3.0,3.2
9345,1.0,1,ANOMALY,15.3,2.3,6.1,15.6
9346,0.6869,1,WARNING,15.9,3.5,5.9,5.0
9347,0.3909,1,NORMAL,16.0,2.6,3.9,3.8
9348,0.196,1,NORMAL,15.9,1.2,2.8,3.7
9349,0.1913,1,NORMAL,16.4,1.4,2.8,3.0
9350,0.5855,1,NORMAL,16.4,3.0,4.6,4.9
9351,0.298,1,NORMAL,16.9,3.5,4.6,4.4
9352,0.6802,1,WARNING,16.5,3.4,4.1,4.2
9353,0.2091,1,NORMAL,17.5,1.6,3.5,3.6
9354,0.2146,1,NORMAL,16.7,0.9,2.4,3.5
9355,0.2212,1,NORMAL,17.1,2.8,4.1,4.0
9356,0.2331,1,NORMAL,16.9,3.1,3.7,3.3
9357,0.9032,1,WARNING,17.3,4.0,2.9,4.0
9358,0.2048,1,NORMAL,16.4,1.0,2.4,3.1
9359,0.1977,1,NORMAL,13.3,1.8,3.5,3.7
9360,0.2804,1,NORMAL,12.9,2.6,4.1,3.2
9361,0.3143,1,NORMAL,15.7,3.9,4.7,4.4
9362,0.3106,1,NORMAL,16.3,1.9,2.5,2.8
9363,0.2258,1,NORMAL,16.8,1.1,1.9,2.8
9364,0.2082,1,NORMAL,17.3,1.6,4.2,4.1
9365,0.187,1,NORMAL,17.9,2.6,4.8,3.5
9366,0.4396,1,NORMAL,18.5,3.5,4.2,3.2
9367,0.8267,1,WARNING,19.3,3.6,4.6,6.0
9368,0.2089,1,NORMAL,19.2,1.0,2.6,2.7
9369,0.2044,1,NORMAL,19.5,1.1,2.1,3.0
9370,0.1981,1,NORMAL,19.8,2.2,4.1,4.3
9371,0.3178,1,NORMAL,20.3,3.5,5.6,5.9
9372,0.3097,1,NORMAL,19.9,2.6,3.9,4.0
9373,0.839,1,WARNING,20.4,1.5,9.6,16.0
9374,0.8891,1,WARNING,20.3,1.5,12.5,17.3
9375,1.0,1,ANOMALY,30.4,14.7,16.5,21.0
9376,0.949,0,WARNING,15.9,6.1,12.2,13.5
9377,0.302,0,NORMAL,16.8,2.7,5.6,4.2
9378,0.2709,0,NORMAL,16.7,2.0,3.1,3.5
9379,0.1827,0,NORMAL,17.2,2.0,2.8,3.2
9380,0.8022,0,WARNING,17.7,3.5,5.3,4.3
9381,0.8527,0,WARNING,18.4,4.8,4.4,4.5
9382,0.1869,0,NORMAL,18.3,1.7,3.1,3.4
9383,0.2087,0,NORMAL,18.5,1.1,2.7,2.7
9384,0.2194,0,NORMAL,18.4,1.3,2.4,3.0
9385,0.9374,0,WARNING,19.1,4.3,3.6,3.5
9386,0.7857,0,WARNING,19.2,4.1,3.3,3.0
9387,0.1911,0,NORMAL,19.7,1.9,3.3,3.6
9388,0.2044,0,NORMAL,19.4,1.0,2.4,3.0
9389,0.2173,0,NORMAL,19.6,1.1,1.9,2.5
9390,0.2167,0,NORMAL,19.9,2.2,3.6,3.6
9391,0.2092,0,NORMAL,20.8,3.4,4.8,4.9
9392,0.1921,0,NORMAL,20.2,2.2,4.1,4.2
9393,0.2002,0,NORMAL,20.5,1.4,2.7,2.9
9394,0.2205,0,NORMAL,20.4,1.4,2.4,2.6
9395,0.23,0,NORMAL,21.0,2.3,4.4,4.3
9396,0.3159,0,NORMAL,20.8,2.6,3.5,3.0
9397,0.2033,0,NORMAL,17.7,2.4,3.9,3.9
9398,0.2967,0,NORMAL,14.4,0.9,2.1,2.8
9399,0.2338,0,NORMAL,15.4,1.2,2.7,2.9
9400,0.9222,0,WARNING,15.8,4.2,3.4,3.0
9401,0.3088,0,NORMAL,16.6,3.3,5.0,4.4
9402,0.2054,0,NORMAL,16.7,1.8,3.9,4.0
9403,0.2217,0,NORMAL,17.6,1.4,2.5,2.6
9404,0.2132,0,NORMAL,17.4,1.3,2.2,2.7
9405,0.2349,0,NORMAL,18.3,4.4,6.2,4.5
9406,0.3089,0,NORMAL,18.2,3.3,4.3,3.5
9407,0.2001,0,NORMAL,18.8,2.1,3.6,3.0
9408,0.2103,0,NORMAL,18.6,1.0,2.3,3.2
9409,0.202,0,NORMAL,19.0,1.2,2.6,3.2
9410,0.205,0,NORMAL,19.3,2.1,4.4,3.6
9411,0.2038,0,NORMAL,19.9,3.6,4.5,4.2
9412,0.1869,0,NORMAL,19.2,2.1,3.3,3.7
9413,0.9924,0,WARNING,20.0,4.1,1.7,2.4
9414,0.2173,0,NORMAL,19.6,1.1,2.4,3.0
9415,0.2044,0,NORMAL,20.1,2.4,3.9,4.1
9416,0.534,0,NORMAL,20.3,3.1,4.6,4.1
9417,0.1824,0,NORMAL,20.7,2.1,4.0,3.9
9418,0.7409,0,WARNING,20.4,2.7,2.1,2.9
9419,0.2197,0,NORMAL,20.6,1.1,1.9,2.7
9420,0.2173,0,NORMAL,14.5,1.6,2.7,2.6
9421,0.3191,0,NORMAL,9.7,2.7,2.6,2.8
9422,0.2056,0,NORMAL,10.7,1.2,2.3,3.0
9423,0.6912,0,WARNING,11.9,2.9,2.2,2.2
9424,0.2134,0,NORMAL,11.9,1.2,2.7,2.8
9425,0.2127,0,NORMAL,12.9,2.4,4.3,3.8
9426,0.4421,0,NORMAL,12.9,3.7,4.0,2.8
9427,0.5395,0,NORMAL,13.7,2.7,3.4,3.4
9428,0.9562,0,WARNING,13.1,4.4,1.5,1.8
9429,0.2045,0,NORMAL,14.1,1.3,2.3,3.1
9430,0.2017,0,NORMAL,14.3,2.6,4.2,3.3
9431,0.3137,0,NORMAL,15.0,3.6,5.1,5.0
9432,0.1611,0,NORMAL,15.2,2.0,4.0,4.1
9433,0.7423,0,WARNING,15.2,2.4,2.3,2.9
9434,0.2265,0,NORMAL,14.9,0.8,1.7,2.4
9435,0.2111,0,NORMAL,15.8,2.9,4.9,4.5
9436,0.538,0,NORMAL,15.6,3.5,5.0,4.1
9437,0.2045,0,NORMAL,16.2,3.3,5.6,5.4
9438,0.1956,0,NORMAL,15.5,2.2,2.8,3.0
9439,0.1936,0,NORMAL,15.8,2.0,2.8,3.5
9440,0.1926,0,NORMAL,15.8,2.1,3.8,3.7
9441,0.9704,0,WARNING,16.6,4.7,4.9,4.6
9442,0.1921,0,NORMAL,16.0,2.3,3.7,3.8
9443,0.9558,0,WARNING,16.1,3.2,2.3,2.6
9444,0.2423,0,NORMAL,15.8,1.0,1.5,1.9
9445,0.2203,0,NORMAL,13.0,2.6,3.9,4.4
9446,0.2457,0,NORMAL,10.5,3.1,4.4,4.4
9447,0.2074,0,NORMAL,11.6,2.4,4.7,4.7
9448,0.7424,0,WARNING,11.8,2.8,3.5,4.2
9449,0.2068,0,NORMAL,12.5,1.3,3.4,4.4
9450,0.2101,0,NORMAL,12.8,2.4,6.3,4.9
9451,0.4304,0,NORMAL,13.8,4.5,6.7,6.0
9452,0.6121,0,WARNING,14.0,3.5,5.1,5.4
9453,0.192,0,NORMAL,14.3,1.7,3.7,4.5
9454,0.1952,0,NORMAL,14.4,1.5,4.0,4.6
9455,0.1661,0,NORMAL,14.9,2.7,5.7,5.5
9456,0.6145,0,WARNING,14.9,4.4,7.0,7.0
9457,0.1629,0,NORMAL,15.5,2.8,6.6,7.2
9458,0.1604,0,NORMAL,15.1,1.8,5.1,6.0
9459,0.8219,0,WARNING,15.5,4.1,5.0,6.2
9460,0.1671,0,NORMAL,15.8,2.9,6.6,6.4
9461,0.2909,0,NORMAL,16.0,3.2,5.6,5.8
9462,0.2931,0,NORMAL,15.8,2.7,3.5,3.4
9463,0.6556,0,WARNING,16.4,2.8,3.7,4.3
9464,0.2213,0,NORMAL,16.2,1.2,2.8,2.4
9465,0.2072,0,NORMAL,13.5,2.0,3.7,4.5
9466,0.3101,0,NORMAL,11.0,3.9,8.8,6.1
9467,0.2173,0,NORMAL,11.4,1.3,2.8,2.6
9468,0.2272,0,NORMAL,11.2,0.8,1.6,2.5
9469,0.9121,0,WARNING,11.5,2.9,2.1,3.0
9470,0.2108,0,NORMAL,12.5,2.4,3.9,3.3
9471,0.882,0,WARNING,13.4,4.8,4.0,4.0
9472,0.1958,0,NORMAL,13.2,1.9,2.9,3.9
9473,0.2258,0,NORMAL,14.0,1.2,2.1,2.9
9474,0.2342,0,NORMAL,13.8,0.9,1.6,2.7
9475,0.2236,0,NORMAL,14.6,2.8,4.4,4.7
9476,0.4355,0,NORMAL,14.8,3.6,5.1,5.5
9477,0.1768,0,NORMAL,15.2,2.2,4.3,4.7
9478,0.4294,0,NORMAL,14.8,2.4,3.0,4.0
9479,0.1995,0,NORMAL,15.1,1.1,3.0,4.2
9480,0.1943,0,NORMAL,14.7,2.6,4.8,5.0
9481,0.3095,0,NORMAL,14.6,3.6,5.9,5.3
9482,0.2026,0,NORMAL,15.3,2.0,4.1,5.3
9483,0.6154,0,WARNING,15.8,2.3,3.6,4.8
9484,0.2133,0,NORMAL,16.1,1.3,2.5,2.7
9485,0.2059,0,NORMAL,17.6,2.6,3.9,3.2
9486,0.4375,0,NORMAL,17.8,3.6,4.8,4.3
9487,0.5354,0,NORMAL,18.2,2.6,4.1,4.3
9488,0.1987,0,NORMAL,18.3,1.4,3.4,4.4
9489,0.1885,0,NORMAL,18.5,1.6,3.9,4.4
9490,0.1944,0,NORMAL,18.9,2.4,4.7,6.6
9491,0.7871,0,WARNING,19.2,3.8,4.3,5.0
9492,0.1928,0,NORMAL,19.3,2.4,4.8,5.7
9493,0.1995,0,NORMAL,19.5,1.3,4.1,6.0
9494,0.2043,0,NORMAL,19.4,1.6,4.8,5.5
9495,0.946,0,WARNING,19.9,4.7,5.1,5.3
9496,0.301,0,NORMAL,20.0,3.8,4.9,4.4
9497,0.2127,0,NORMAL,20.1,2.1,4.0,4.1
9498,0.2093,0,NORMAL,19.8,1.9,2.6,3.3
9499,0.2149,0,NORMAL,20.2,2.0,2.7,3.6
9500,0.2175,0,NORMAL,17.7,2.2,3.6,4.0
9501,0.3106,0,NORMAL,15.7,3.2,4.7,3.4
9502,0.2149,0,NORMAL,15.5,1.9,3.1,3.3
9503,0.3128,0,NORMAL,16.4,2.1,2.5,3.3
9504,0.2207,0,NORMAL,16.4,1.0,2.1,2.6
9505,0.8798,0,WARNING,17.3,4.2,5.0,5.2
9506,0.429,0,NORMAL,17.5,3.2,4.5,4.1
9507,0.2095,0,NORMAL,18.4,2.6,5.1,4.8
9508,0.8815,0,WARNING,18.4,3.9,3.0,2.9
9509,0.9463,0,WARNING,18.8,3.3,2.0,2.5
9510,0.2012,0,NORMAL,18.4,2.0,2.8,3.9
9511,0.6096,0,WARNING,19.1,3.5,4.0,4.3
9512,0.854,0,WARNING,19.1,3.4,2.7,3.1
9513,0.2131,0,NORMAL,19.2,1.3,2.3,3.0
9514,0.2215,0,NORMAL,19.2,1.1,1.9,2.7
9515,0.2123,0,NORMAL,19.6,2.0,3.2,3.4
9516,0.8269,0,WARNING,19.8,3.9,4.0,3.9
9517,0.2053,0,NORMAL,20.1,2.5,4.1,4.0
9518,0.2173,0,NORMAL,19.8,1.1,2.1,2.5
9519,0.2215,0,NORMAL,20.0,1.4,1.8,2.7
9520,0.6218,0,WARNING,20.4,3.1,4.0,3.6
9521,0.3165,0,NORMAL,20.5,3.0,3.9,3.6
9522,0.6855,0,WARNING,20.1,2.8,2.8,2.9
9523,0.213,0,NORMAL,20.7,1.4,2.5,2.9
9524,0.2076,0,NORMAL,18.0,1.2,2.1,3.1
9525,0.8833,0,WARNING,15.9,5.1,6.0,4.3
9526,0.6165,0,WARNING,15.7,2.9,4.5,4.6
9527,0.1918,0,NORMAL,16.3,2.0,3.9,4.2
9528,0.9029,0,WARNING,16.4,3.1,3.2,3.7
9529,0.2224,0,NORMAL,17.1,1.2,2.0,2.7
9530,0.1892,0,NORMAL,17.0,2.2,3.3,4.1
9531,0.5365,0,NORMAL,17.8,3.3,4.0,4.5
9532,0.2007,0,NORMAL,17.6,1.9,3.5,4.8
9533,0.2114,0,NORMAL,18.0,1.2,2.5,3.4
9534,0.9753,0,WARNING,17.7,3.8,3.1,3.7
9535,0.2094,0,NORMAL,18.4,2.0,3.7,4.7
9536,0.5233,0,NORMAL,18.9,4.1,4.8,3.5
9537,0.955,0,WARNING,19.3,4.8,3.1,3.7
9538,0.2214,0,NORMAL,18.7,0.9,1.8,2.8
9539,0.2173,0,NORMAL,19.1,1.0,2.0,2.6
9540,0.2184,0,NORMAL,17.3,2.7,4.1,3.4
9541,0.3137,0,NORMAL,16.2,4.1,4.2,3.9
9542,0.9799,0,WARNING,15.9,3.9,2.2,2.6
9543,0.2131,0,NORMAL,16.3,1.3,2.2,2.6
9544,0.2216,0,NORMAL,16.4,1.2,2.0,2.5
9545,0.2121,0,NORMAL,17.1,2.0,3.7,3.9
9546,0.4403,0,NORMAL,17.3,2.9,3.1,2.9
9547,0.2189,0,NORMAL,17.8,1.5,2.3,3.1
9548,0.9472,0,WARNING,17.6,3.8,2.0,2.8
9549,0.2131,0,NORMAL,18.2,1.4,2.5,2.6
9550,0.6213,0,WARNING,18.8,2.8,3.1,3.9
9551,0.3099,0,NORMAL,20.0,3.7,5.1,4.9
9552,0.4287,0,NORMAL,19.7,2.8,3.3,3.0
9553,0.214,0,NORMAL,20.2,1.3,1.9,2.5
9554,0.2173,0,NORMAL,19.8,1.1,2.2,2.8
9555,0.2145,0,NORMAL,20.7,2.9,4.5,4.7
9556,0.3117,0,NORMAL,20.4,3.6,4.5,5.4
9557,0.1698,0,NORMAL,20.6,2.4,3.9,4.6
9558,0.4299,0,NORMAL,20.5,2.7,3.6,4.2
9559,0.199,0,NORMAL,20.9,1.6,2.4,3.0
9560,0.185,0,NORMAL,20.5,1.7,3.0,4.1
9561,0.3126,0,NORMAL,21.0,3.3,3.9,3.3
9562,0.2215,0,NORMAL,20.8,1.5,2.0,2.5
9563,0.2382,0,NORMAL,20.8,1.3,1.7,1.9
9564,0.2461,0,NORMAL,20.8,1.2,1.8,2.4
9565,0.2294,0,NORMAL,18.0,2.2,3.8,4.3
9566,0.2168,0,NORMAL,15.3,4.1,5.3,4.7
9567,0.1985,0,NORMAL,16.5,2.6,4.2,4.3
9568,0.9999,0,WARNING,16.8,5.4,2.9,3.7
9569,0.199,0,NORMAL,17.4,1.5,2.5,2.9
9570,0.1976,0,NORMAL,18.0,2.7,4.6,4.5
9571,0.317,0,NORMAL,18.6,3.9,4.5,4.0
9572,0.6128,0,WARNING,18.5,3.0,2.9,2.8
9573,0.2341,0,NORMAL,18.8,1.0,1.7,2.3
9574,0.2232,0,NORMAL,18.9,1.1,2.0,2.7
9575,0.2156,0,NORMAL,19.5,1.7,3.5,4.6
9576,0.3184,0,NORMAL,19.1,2.2,3.2,3.6
9577,0.2135,0,NORMAL,19.9,2.2,4.5,5.8
9578,0.2193,0,NORMAL,19.5,1.1,2.6,3.1
9579,0.2299,0,NORMAL,20.1,1.4,2.1,2.1
9580,0.2343,0,NORMAL,20.5,2.6,4.3,3.5
9581,0.32,0,NORMAL,20.9,3.3,4.0,4.1
9582,0.5377,0,NORMAL,20.5,2.8,3.0,3.5
9583,0.2191,0,NORMAL,20.7,1.3,2.2,2.6
9584,0.2299,0,NORMAL,20.6,1.0,1.7,2.1
9585,0.2493,0,NORMAL,21.3,2.8,4.2,3.6
9586,0.32,0,NORMAL,21.4,3.7,5.0,4.8
9587,0.313,0,NORMAL,21.8,3.6,4.5,4.2
9588,0.2168,0,NORMAL,17.8,1.8,3.3,4.4
9589,0.2986,0,NORMAL,14.9,1.9,2.8,3.7
9590,0.3968,0,NORMAL,15.7,3.1,4.8,5.2
9591,0.206,0,NORMAL,16.8,4.4,5.5,5.7
9592,0.4211,0,NORMAL,17.1,2.9,3.3,4.1
9593,0.2002,0,NORMAL,18.1,2.2,5.3,6.0
9594,0.2502,0,NORMAL,17.6,1.8,3.2,4.1
9595,0.196,0,NORMAL,18.3,2.3,3.8,4.8
9596,0.5253,0,NORMAL,18.1,3.7,4.4,4.6
9597,0.2045,0,NORMAL,18.4,2.5,4.1,4.4
9598,0.2954,0,NORMAL,18.4,1.7,3.1,4.7
9599,0.3777,0,NORMAL,18.7,2.0,3.7,4.8
9600,0.2101,0,NORMAL,13.8,2.5,3.8,4.1
9601,0.9698,0,WARNING,8.9,4.1,3.1,4.4
9602,0.2149,0,NORMAL,9.7,2.0,4.4,4.3
9603,0.3983,0,NORMAL,10.9,2.0,3.1,3.8
9604,0.5855,0,NORMAL,11.2,1.9,2.9,3.5
9605,0.2052,0,NORMAL,12.2,2.7,4.5,5.1
9606,0.8808,0,WARNING,12.4,5.5,5.3,3.9
9607,0.22,0,NORMAL,12.8,2.0,4.0,3.8
9608,0.2131,0,NORMAL,12.9,1.3,2.3,2.9
9609,0.2043,0,NORMAL,13.3,1.3,2.4,3.1
9610,0.2093,0,NORMAL,13.5,2.1,3.5,4.0
9611,0.9213,0,WARNING,14.5,5.0,5.0,5.0
9612,0.3094,0,NORMAL,14.2,2.8,4.9,4.6
9613,0.2302,0,NORMAL,14.2,1.0,1.7,2.5
9614,0.2258,0,NORMAL,14.4,0.9,1.6,2.1
9615,0.2276,0,NORMAL,14.9,2.6,4.0,4.4
9616,0.8272,0,WARNING,15.0,5.7,6.5,5.0
9617,0.2001,0,NORMAL,15.0,2.3,3.2,3.0
9618,0.2003,0,NORMAL,14.6,2.1,2.8,3.5
9619,0.2045,0,NORMAL,14.8,1.7,2.4,3.3
9620,0.1993,0,NORMAL,15.2,2.2,4.7,4.1
9621,0.3108,0,NORMAL,15.6,3.6,5.3,4.6
9622,0.6153,0,WARNING,15.4,3.1,4.3,4.0
9623,0.3122,0,NORMAL,15.3,1.1,1.6,1.4
9624,0.2427,0,NORMAL,13.7,0.7,1.7,2.5
9625,0.2658,0,NORMAL,11.9,1.8,4.3,4.2
9626,0.4433,0,NORMAL,10.3,2.6,2.8,2.6
9627,0.2174,0,NORMAL,10.9,1.1,2.3,2.6
9628,0.9883,0,WARNING,11.0,3.9,1.8,2.0
9629,0.5325,0,NORMAL,11.7,2.3,3.2,3.5
9630,0.6837,0,WARNING,11.9,3.6,3.5,2.9
9631,0.3074,0,NORMAL,12.9,3.7,4.7,3.8
9632,0.2047,0,NORMAL,13.0,1.9,2.9,3.4
9633,0.2342,0,NORMAL,13.9,1.2,2.0,2.1
9634,0.2339,0,NORMAL,13.7,1.8,1.9,2.5
9635,0.9991,0,WARNING,14.8,5.6,4.4,3.8
9636,0.3076,0,NORMAL,14.4,2.9,4.2,3.6
9637,0.1945,0,NORMAL,15.2,1.8,3.5,3.3
9638,0.2383,0,NORMAL,14.6,0.9,1.8,1.9
9639,0.2333,0,NORMAL,14.9,1.3,2.2,2.5
9640,0.2288,0,NORMAL,15.1,2.2,3.6,3.1
9641,0.2116,0,NORMAL,15.8,3.5,5.7,4.2
9642,0.2211,0,NORMAL,15.2,1.2,2.2,2.5
9643,0.8284,0,WARNING,15.6,3.6,2.8,2.7
9644,0.2215,0,NORMAL,15.4,1.1,2.5,2.5
9645,0.2374,0,NORMAL,16.2,2.5,4.2,3.8
9646,0.5403,0,NORMAL,16.1,3.5,4.8,4.1
9647,0.1945,0,NORMAL,16.3,2.6,5.1,3.6
9648,0.4368,0,NORMAL,15.9,1.9,2.9,3.2
9649,0.213,0,NORMAL,16.3,1.3,2.2,2.7
9650,0.266,0,NORMAL,16.0,1.6,4.3,3.6
9651,0.5403,0,NORMAL,16.4,3.4,4.0,3.6
9652,0.197,0,NORMAL,12.7,1.4,2.6,3.8
9653,0.3153,0,NORMAL,10.0,1.8,4.4,4.9
9654,0.8827,0,WARNING,10.8,3.3,4.1,4.1
9655,0.1858,0,NORMAL,11.4,1.4,3.5,4.4
9656,0.311,0,NORMAL,11.8,3.1,4.6,4.3
9657,0.2174,0,NORMAL,12.4,1.4,2.5,3.0
9658,0.2002,0,NORMAL,12.2,1.4,2.9,3.3
9659,0.3147,0,NORMAL,13.0,1.9,3.7,3.9
9660,0.9413,0,WARNING,13.6,4.6,4.4,4.0
9661,0.2984,0,NORMAL,16.3,4.3,8.5,6.8
9662,0.187,0,NORMAL,17.6,2.0,8.2,7.8
9663,0.2631,0,NORMAL,17.6,1.3,3.4,3.1
9664,0.2562,0,NORMAL,17.5,1.0,2.3,2.7
9665,0.2673,0,NORMAL,18.3,2.7,5.3,4.1
9666,0.31,0,NORMAL,18.7,3.5,5.4,4.9
9667,0.7411,0,WARNING,19.6,3.9,4.3,3.3
9668,0.2383,0,NORMAL,19.4,1.1,1.7,2.5
9669,0.2341,0,NORMAL,19.6,1.4,1.7,2.3
9670,0.2212,0,NORMAL,19.8,1.8,3.3,4.3
9671,0.1977,0,NORMAL,19.9,2.6,4.3,4.7
9672,0.2044,0,NORMAL,19.7,2.1,2.7,2.8
9673,0.1966,0,NORMAL,20.5,1.5,3.2,3.7
9674,0.8583,0,WARNING,20.2,3.5,2.4,2.3
9675,0.2105,0,NORMAL,21.1,3.3,6.2,5.5
9676,0.434,0,NORMAL,21.0,3.9,5.8,4.5
9677,0.162,0,NORMAL,21.6,3.4,6.3,5.2
9678,0.1807,0,NORMAL,20.8,1.8,3.1,3.2
9679,0.3067,0,NORMAL,21.0,2.3,2.5,2.7
9680,0.4504,0,NORMAL,21.3,3.1,4.6,5.0
9681,0.9635,0,WARNING,21.3,4.3,4.3,3.3
9682,0.2086,0,NORMAL,21.1,1.6,2.4,2.7
9683,0.2,0,NORMAL,21.4,1.8,2.6,3.1
9684,0.2072,0,NORMAL,18.0,1.4,2.4,3.0
9685,0.2505,0,NORMAL,15.8,2.8,5.4,4.3
9686,0.3147,0,NORMAL,16.3,3.1,5.1,4.5
9687,0.2088,0,NORMAL,17.0,2.3,3.7,3.2
9688,0.1944,0,NORMAL,17.1,1.3,3.5,3.5
9689,0.858,0,WARNING,17.6,2.8,3.1,2.8
9690,0.1958,0,NORMAL,17.9,2.5,3.9,3.3
9691,0.4386,0,NORMAL,18.7,3.5,5.1,4.4
9692,0.1751,0,NORMAL,18.9,2.5,4.8,4.9
9693,0.9756,0,WARNING,19.0,4.1,3.0,2.9
9694,0.2383,0,NORMAL,19.0,1.2,1.8,2.0
9695,0.2181,0,NORMAL,19.9,2.3,4.2,4.4
9696,0.1829,0,NORMAL,20.5,3.7,6.9,5.0
9697,0.1869,0,NORMAL,20.4,1.7,3.7,3.4
9698,0.2167,0,NORMAL,20.3,0.8,2.3,2.6
9699,0.2167,0,NORMAL,20.7,1.3,3.5,3.3
9700,0.2133,0,NORMAL,20.9,2.2,3.7,4.5
9701,0.9565,0,WARNING,21.1,4.6,3.6,3.2
9702,0.1987,0,NORMAL,21.0,2.0,4.3,4.1
9703,0.2002,0,NORMAL,21.2,1.4,3.7,3.5
9704,0.1926,0,NORMAL,21.8,2.0,6.3,5.6
9705,0.1825,0,NORMAL,22.3,2.6,4.7,3.6
9706,0.7885,0,WARNING,22.5,4.8,8.0,6.8
9707,0.2097,0,NORMAL,22.7,2.7,5.6,4.5
9708,0.2092,0,NORMAL,22.4,1.7,6.1,5.8
9709,0.8815,0,WARNING,19.6,3.7,6.7,6.0
9710,0.2819,0,NORMAL,15.5,2.1,6.4,4.9
9711,0.4273,0,NORMAL,17.7,3.6,8.1,7.3
9712,0.1646,0,NORMAL,16.9,2.0,4.4,4.2
9713,0.1502,0,NORMAL,18.2,1.9,5.4,5.3
9714,0.682,0,WARNING,18.8,3.6,9.3,8.2
9715,0.1319,0,NORMAL,19.0,2.8,8.6,7.6
9716,0.4173,0,NORMAL,19.6,4.0,8.5,7.3
9717,0.1421,0,NORMAL,19.4,1.9,6.6,6.2
9718,0.1709,0,NORMAL,19.9,1.8,6.5,5.8
9719,0.1725,0,NORMAL,20.0,1.6,5.5,4.8
9720,0.6136,0,WARNING,17.5,3.8,7.0,6.4
9721,0.4263,0,NORMAL,16.1,4.0,7.7,5.2
9722,0.1492,0,NORMAL,16.5,1.6,6.0,5.1
9723,0.1628,0,NORMAL,17.1,1.6,5.0,4.6
9724,0.1778,0,NORMAL,17.5,1.3,4.3,4.4
9725,0.1672,0,NORMAL,20.4,2.1,5.9,5.4
9726,0.3069,0,NORMAL,20.3,3.7,8.1,7.4
9727,0.1922,0,NORMAL,20.4,3.4,10.8,10.2
9728,0.1635,0,NORMAL,19.7,1.4,5.1,4.4
9729,0.9737,0,WARNING,20.4,4.2,5.0,4.7
9730,0.1274,0,NORMAL,20.1,2.5,5.5,4.7
9731,0.4175,0,NORMAL,22.1,3.9,9.3,8.3
9732,0.1504,0,NORMAL,22.6,3.5,11.8,9.3
9733,0.1732,0,NORMAL,21.5,2.6,7.2,5.4
9734,0.4191,0,NORMAL,21.5,3.0,7.7,7.0
9735,0.1175,0,NORMAL,22.1,3.7,8.8,7.6
9736,0.4158,0,NORMAL,21.9,4.2,7.1,6.0
9737,0.1781,0,NORMAL,23.1,4.0,12.8,10.9
9738,0.4088,0,NORMAL,22.1,3.4,9.7,8.2
9739,0.1461,0,NORMAL,19.7,2.7,9.1,9.0
9740,0.2509,0,NORMAL,17.0,2.4,10.1,8.0
9741,0.1429,0,NORMAL,18.1,3.6,9.1,7.4
9742,0.1405,0,NORMAL,18.0,1.9,6.2,5.3
9743,0.2278,0,NORMAL,19.6,2.9,13.1,10.9
9744,0.1506,0,NORMAL,19.2,2.4,10.8,8.9
9745,0.1432,0,NORMAL,19.9,4.0,12.3,10.4
9746,0.28,0,NORMAL,21.2,5.3,14.8,12.0
9747,0.206,0,NORMAL,21.0,3.3,12.2,9.5
9748,0.9159,0,WARNING,21.4,4.3,9.1,7.3
9749,0.4022,0,NORMAL,21.3,2.5,7.2,5.9
9750,0.1398,0,NORMAL,21.2,3.0,7.6,6.2
9751,0.9002,0,WARNING,22.1,6.8,13.3,11.4
9752,0.198,0,NORMAL,21.8,3.0,9.1,7.9
9753,0.1396,0,NORMAL,21.3,2.5,6.2,5.6
9754,0.9792,0,WARNING,21.6,4.8,7.0,6.1
9755,0.3181,0,NORMAL,22.8,4.6,15.5,13.3
9756,0.4088,0,NORMAL,19.4,4.5,11.3,8.6
9757,0.5134,0,NORMAL,17.3,3.7,7.9,6.4
9758,0.1415,0,NORMAL,17.8,2.2,9.7,8.9
9759,0.132,0,NORMAL,19.3,2.7,10.2,8.3
9760,0.1281,0,NORMAL,19.9,3.0,10.4,8.1
9761,0.4134,0,NORMAL,20.6,5.4,15.1,11.6
9762,0.2046,0,NORMAL,19.8,2.3,7.8,5.8
9763,0.1552,0,NORMAL,21.0,2.2,7.3,5.8
9764,0.2034,0,NORMAL,21.3,2.3,11.3,10.1
9765,0.9184,0,WARNING,21.5,4.9,10.2,9.0
9766,0.3782,0,NORMAL,22.0,5.1,17.2,15.0
9767,0.2729,0,NORMAL,21.4,2.9,12.3,9.8
9768,1.0,0,ANOMALY,21.6,2.7,17.5,20.7
9769,1.0,1,ANOMALY,22.2,2.7,15.4,27.8
9770,1.0,1,ANOMALY,21.6,2.9,10.1,13.7
9771,0.192,1,NORMAL,22.5,3.6,11.1,10.5
9772,0.7464,1,WARNING,19.9,3.6,9.1,9.5
9773,0.6318,1,WARNING,18.2,3.3,9.7,8.5
9774,0.5834,1,NORMAL,19.2,4.1,13.6,12.1
9775,0.8413,1,WARNING,20.0,5.1,12.8,11.1
9776,0.2195,1,NORMAL,21.3,4.8,15.4,12.6
9777,0.7096,1,WARNING,21.2,3.7,18.3,11.6
9778,0.537,1,NORMAL,23.4,4.3,20.7,18.1
9779,0.3421,1,NORMAL,21.8,2.3,9.0,7.0
9780,0.7199,1,WARNING,16.4,4.4,9.4,8.4
9781,0.5016,1,NORMAL,13.2,4.4,10.6,8.2
9782,0.1155,1,NORMAL,13.3,2.2,8.5,7.2
9783,0.1262,1,NORMAL,14.5,2.7,11.0,9.5
9784,0.1395,1,NORMAL,14.2,2.4,9.2,8.4
9785,0.2206,1,NORMAL,16.2,4.2,14.3,11.9
9786,0.4065,1,NORMAL,15.8,4.3,12.7,8.2
9787,0.26,1,NORMAL,16.8,3.7,14.1,11.6
9788,0.1711,1,NORMAL,15.4,2.1,8.3,7.8
9789,0.1338,1,NORMAL,16.2,1.9,7.5,6.6
9790,0.8779,1,WARNING,16.7,5.1,12.3,11.5
9791,0.2735,1,NORMAL,16.7,4.3,9.9,7.9
9792,0.992,1,WARNING,16.4,6.0,7.1,7.1
9793,0.9999,1,WARNING,17.2,8.4,10.6,10.0
9794,0.6609,1,WARNING,16.4,2.9,7.4,5.7
9795,0.096,0,NORMAL,17.6,3.5,8.7,8.4
9796,0.2689,0,NORMAL,17.1,4.0,7.0,6.4
9797,0.1183,0,NORMAL,14.9,4.2,10.8,9.9
9798,0.2712,0,NORMAL,13.0,3.7,12.5,10.6
9799,0.314,0,NORMAL,14.7,3.8,15.2,13.5
9800,0.7963,0,WARNING,15.8,4.8,11.9,9.5
9801,0.1935,0,NORMAL,15.7,4.2,10.2,7.7
9802,0.1271,0,NORMAL,15.0,2.6,8.6,8.0
9803,0.2286,0,NORMAL,16.8,2.9,12.9,11.5
9804,0.401,0,NORMAL,14.9,2.3,7.0,5.7
9805,0.2206,0,NORMAL,16.4,3.3,13.0,11.8
9806,0.4073,0,NORMAL,15.8,4.2,11.3,9.3
9807,0.5083,0,NORMAL,16.8,3.3,13.9,9.3
9808,0.2317,0,NORMAL,16.5,2.5,10.7,9.4
9809,0.1467,0,NORMAL,16.8,2.4,10.4,8.9
9810,0.0911,0,NORMAL,16.7,3.2,10.7,8.0
9811,0.2815,0,NORMAL,17.9,4.8,11.9,8.7
9812,0.2206,0,NORMAL,17.0,2.8,8.5,7.7
9813,0.819,0,WARNING,16.9,4.2,11.4,7.2
9814,0.5873,0,NORMAL,16.9,4.8,25.1,18.6
9815,0.5517,0,NORMAL,15.6,5.7,24.0,18.0
9816,0.4928,0,NORMAL,15.4,4.9,13.6,10.6
9817,0.1888,0,NORMAL,15.6,3.0,10.4,9.1
9818,0.1441,0,NORMAL,14.9,1.9,8.1,7.1
9819,0.131,0,NORMAL,15.4,1.8,5.6,5.9
9820,0.9174,0,WARNING,16.5,6.4,12.5,10.5
9821,0.1256,0,NORMAL,16.0,4.5,10.5,7.7
9822,0.0924,0,NORMAL,16.7,2.9,8.7,8.0
9823,0.1138,0,NORMAL,16.7,2.3,9.0,7.0
9824,0.6079,0,WARNING,16.9,2.5,12.2,7.5
9825,0.1391,0,NORMAL,17.6,3.8,11.9,9.8
9826,0.82,0,WARNING,17.5,4.5,18.4,11.5
9827,0.3036,0,NORMAL,17.7,3.8,12.7,9.9
9828,0.2041,0,NORMAL,17.5,2.8,13.0,10.8
9829,0.1197,0,NORMAL,15.5,2.6,11.8,9.1
9830,0.26,0,NORMAL,14.7,3.8,14.5,12.5
9831,0.2675,0,NORMAL,14.2,4.7,15.2,12.4
9832,0.4051,0,NORMAL,17.2,4.1,14.7,11.1
9833,0.5027,0,NORMAL,18.5,3.5,16.4,14.1
9834,0.3081,0,NORMAL,17.2,2.8,12.0,8.9
9835,1.0,0,ANOMALY,18.7,8.2,16.4,13.7
9836,0.6576,0,WARNING,18.6,5.8,16.5,13.8
9837,0.8425,0,WARNING,18.4,4.3,12.3,11.1
9838,0.8937,0,WARNING,18.6,4.3,11.1,10.1
9839,0.2622,0,NORMAL,18.9,3.8,12.6,10.5
9840,0.9419,0,WARNING,16.6,5.7,13.5,11.7
9841,0.6582,0,WARNING,14.2,5.0,12.7,10.9
9842,0.1528,0,NORMAL,14.9,2.9,11.8,10.5
9843,0.2884,0,NORMAL,16.3,2.6,12.3,10.6
9844,0.1105,0,NORMAL,15.5,3.2,13.4,9.2
9845,0.9882,0,WARNING,16.5,7.2,12.1,9.3
9846,0.501,0,NORMAL,17.2,4.7,11.1,10.0
9847,0.9147,0,WARNING,16.1,5.4,10.4,10.2
9848,0.1615,0,NORMAL,16.7,3.0,12.4,10.7
9849,0.1874,0,NORMAL,17.4,3.4,13.4,10.7
9850,1.0,0,ANOMALY,18.2,8.3,18.3,14.8
9851,0.3844,0,NORMAL,17.2,4.5,14.8,12.5
9852,0.2479,0,NORMAL,18.0,3.4,12.4,11.0
9853,0.8109,0,WARNING,17.6,5.0,13.0,12.2
9854,0.3729,0,NORMAL,16.7,3.7,16.4,14.8
9855,0.3193,0,NORMAL,14.5,4.7,17.7,13.5
9856,0.4909,0,NORMAL,15.0,5.5,16.3,14.2
9857,0.8427,0,WARNING,15.6,5.3,11.9,9.9
9858,0.3698,0,NORMAL,16.7,3.7,16.0,14.0
9859,0.275,0,NORMAL,16.6,4.2,16.0,12.9
9860,0.1922,0,NORMAL,16.0,3.4,12.8,10.5
9861,0.2493,0,NORMAL,16.9,4.2,13.9,11.4
9862,0.126,0,NORMAL,16.4,2.8,9.7,7.6
9863,1.0,0,ANOMALY,17.7,9.3,13.6,11.9
9864,0.566,0,NORMAL,18.3,2.7,17.0,12.3
9865,0.29,0,NORMAL,18.8,4.7,16.6,12.7
9866,0.4945,0,NORMAL,18.7,5.2,13.6,10.9
9867,0.2864,0,NORMAL,19.3,4.4,15.5,12.5
9868,0.8718,0,WARNING,15.4,4.7,12.3,10.3
9869,0.2443,0,NORMAL,14.6,3.3,13.8,11.2
9870,0.2364,0,NORMAL,15.2,3.2,14.0,12.5
9871,0.5883,0,NORMAL,16.5,5.4,16.0,12.4
9872,0.9782,0,WARNING,15.8,6.1,13.3,11.6
9873,0.1615,0,NORMAL,16.2,3.0,10.0,7.2
9874,0.7729,0,WARNING,15.9,4.0,9.9,8.5
9875,0.1957,0,NORMAL,16.3,3.8,13.9,11.9
9876,0.5053,0,NORMAL,18.1,5.7,18.7,16.5
9877,0.303,0,NORMAL,17.1,3.6,13.8,12.0
9878,0.1746,0,NORMAL,16.8,2.7,10.0,8.9
9879,0.2028,0,NORMAL,17.6,2.9,10.4,9.3
9880,0.6096,0,WARNING,17.7,4.0,11.8,9.3
9881,0.2622,0,NORMAL,19.1,4.9,14.0,10.8
9882,0.386,0,NORMAL,19.6,4.9,18.6,14.1
9883,0.5006,0,NORMAL,16.4,3.9,10.7,8.3
9884,0.458,0,NORMAL,15.7,4.5,20.0,16.2
9885,0.5371,0,NORMAL,17.6,5.0,17.6,13.4
9886,0.3835,0,NORMAL,17.8,6.1,17.6,13.8
9887,0.5024,0,NORMAL,19.1,6.9,22.6,16.9
9888,0.3662,0,NORMAL,18.2,3.2,11.8,10.4
9889,0.5769,0,NORMAL,18.9,4.3,14.0,12.2
9890,0.2265,0,NORMAL,17.1,4.1,11.8,9.5
9891,0.9133,0,WARNING,17.8,6.5,16.3,13.9
9892,0.3167,0,NORMAL,17.9,4.3,14.3,12.1
9893,0.317,0,NORMAL,18.5,3.3,12.4,10.9
9894,0.3025,0,NORMAL,17.8,3.5,14.5,13.3
9895,0.5657,0,NORMAL,19.3,4.6,19.1,14.4
9896,0.9272,0,WARNING,20.3,7.5,18.0,15.7
9897,0.3572,0,NORMAL,17.3,5.4,15.0,12.4
9898,0.3964,0,NORMAL,14.8,3.1,10.7,9.9
9899,0.2956,0,NORMAL,16.1,3.6,14.2,12.6
9900,0.4688,0,NORMAL,15.5,4.6,18.8,13.5
9901,0.4812,0,NORMAL,14.6,6.4,15.6,12.2
9902,0.288,0,NORMAL,16.4,3.9,12.7,10.7
9903,0.3381,0,NORMAL,16.5,2.7,10.5,8.8
9904,0.9999,0,WARNING,15.7,3.3,13.5,13.0
9905,1.0,0,ANOMALY,18.4,4.6,14.6,18.7
9906,0.6572,0,WARNING,19.3,5.8,17.5,14.5
9907,0.7565,0,WARNING,17.8,5.1,11.6,9.5
9908,0.1312,0,NORMAL,17.5,2.4,10.6,8.9
9909,0.2622,0,NORMAL,19.3,2.4,8.8,7.9
9910,0.5294,0,NORMAL,20.0,5.7,21.7,18.4
9911,0.3827,0,NORMAL,18.8,4.8,13.3,9.5
9912,0.5851,0,NORMAL,18.4,4.2,9.3,7.3
9913,0.1437,0,NORMAL,18.0,2.0,6.6,5.9
9914,0.9812,0,WARNING,19.2,3.1,22.5,11.9
9915,0.3563,0,NORMAL,16.4,4.2,15.2,12.6
9916,0.3829,0,NORMAL,15.1,5.0,12.1,10.1
9917,0.405,0,NORMAL,17.1,4.7,17.2,14.4
9918,0.7615,0,WARNING,19.5,7.4,33.6,25.0
9919,0.8164,0,WARNING,21.3,7.4,38.8,28.2
9920,0.8632,0,WARNING,23.7,8.5,44.2,31.5
9921,0.9972,0,WARNING,23.4,10.4,38.1,27.1
9922,0.9957,0,WARNING,23.7,10.5,41.0,27.5
9923,0.8192,0,WARNING,24.0,7.9,39.0,28.1
9924,0.9998,0,WARNING,24.7,9.7,37.9,27.9
9925,0.8172,0,WARNING,21.4,7.1,30.0,21.9
9926,0.6312,0,WARNING,18.6,7.3,27.6,21.5
9927,0.4667,0,NORMAL,17.2,3.6,13.3,9.2
9928,0.7574,0,WARNING,20.5,5.8,31.9,25.2
9929,0.8237,0,WARNING,22.0,7.7,36.7,28.6
9930,0.7045,0,WARNING,21.7,6.4,30.7,22.5
9931,0.8302,0,WARNING,18.6,5.3,11.6,8.0
9932,0.3177,0,NORMAL,18.2,3.5,10.4,9.3
9933,0.296,0,NORMAL,18.4,3.2,10.1,8.9
9934,0.2621,0,NORMAL,17.6,2.2,7.8,6.8
9935,0.7225,0,WARNING,20.3,5.1,13.8,10.9
9936,0.2753,0,NORMAL,18.4,4.3,10.9,8.5
9937,0.7746,0,WARNING,18.7,4.8,9.5,7.7
9938,0.1788,0,NORMAL,16.8,3.4,12.4,10.6
9939,0.1797,0,NORMAL,14.8,2.8,11.7,9.8
9940,0.2444,0,NORMAL,14.9,4.3,14.9,12.0
9941,0.27,0,NORMAL,16.6,5.4,18.2,11.9
9942,0.2866,0,NORMAL,16.2,3.0,11.6,8.8
9943,0.8745,0,WARNING,16.1,4.5,9.4,7.8
9944,0.2599,0,NORMAL,17.6,3.7,14.9,12.0
9945,0.4462,0,NORMAL,19.5,5.6,19.1,15.0
9946,0.3743,0,NORMAL,18.8,5.1,13.9,10.9
9947,0.2598,0,NORMAL,18.3,3.7,15.1,12.8
9948,0.8455,0,WARNING,17.8,4.5,10.6,8.9
9949,0.3117,0,NORMAL,18.7,3.7,16.4,13.4
9950,0.6537,0,WARNING,19.7,4.2,24.1,16.6
9951,0.4268,0,NORMAL,20.4,5.0,21.6,16.1
9952,0.3646,0,NORMAL,17.9,3.2,11.9,9.6
9953,0.9524,0,WARNING,17.1,5.5,25.7,16.7
9954,0.3634,0,NORMAL,15.5,4.5,19.8,14.4
9955,0.2487,0,NORMAL,16.1,3.9,11.3,9.0
9956,0.5741,0,NORMAL,16.7,5.8,16.4,13.8
9957,0.9273,0,WARNING,16.2,4.7,11.5,8.8
9958,0.2973,0,NORMAL,17.4,3.6,14.9,13.2
9959,0.9852,0,WARNING,17.7,7.7,21.1,16.0
9960,0.2929,0,NORMAL,17.2,3.4,13.0,10.8
9961,0.5809,0,NORMAL,18.6,5.3,14.6,11.8
9962,0.1892,0,NORMAL,18.3,2.6,9.2,7.2
9963,0.118,0,NORMAL,19.3,2.5,9.8,8.5
9964,0.1609,0,NORMAL,20.5,2.8,11.9,9.9
9965,0.1162,0,NORMAL,20.4,3.2,12.9,10.2
9966,0.7763,0,WARNING,22.0,5.7,12.2,10.7
9967,0.2871,0,NORMAL,22.6,4.4,15.0,13.1
9968,0.9611,0,WARNING,21.5,4.7,11.2,9.0
9969,0.2032,0,NORMAL,22.9,3.4,15.0,11.5
9970,0.7222,0,WARNING,23.1,4.9,13.0,10.5
9971,0.4996,0,NORMAL,22.0,3.8,10.2,8.9
9972,0.426,0,NORMAL,24.8,4.0,15.5,13.1
9973,0.2543,0,NORMAL,22.9,2.5,11.2,10.1
9974,0.13,0,NORMAL,21.8,2.1,8.2,7.0
9975,0.176,0,NORMAL,20.5,3.8,11.0,10.1
9976,0.8487,0,WARNING,18.4,6.2,17.3,11.7
9977,0.2454,0,NORMAL,19.4,4.1,13.2,11.0
9978,0.7097,0,WARNING,20.9,4.0,18.3,12.9
9979,0.7438,0,WARNING,21.1,3.6,18.6,11.7
9980,0.2657,0,NORMAL,21.6,3.5,10.3,8.7
9981,0.6551,0,WARNING,23.0,6.5,19.0,15.2
9982,0.4126,0,NORMAL,22.6,5.0,22.4,15.6
9983,0.6195,0,WARNING,25.2,5.5,28.1,20.3
9984,0.4557,0,NORMAL,23.4,3.0,18.8,13.3
9985,0.3038,0,NORMAL,23.3,4.5,17.1,13.3
9986,0.4816,0,NORMAL,22.1,4.5,14.2,11.7
9987,0.2876,0,NORMAL,23.5,4.1,15.1,13.8
9988,0.5214,0,NORMAL,22.1,4.3,20.6,18.4
9989,0.2972,0,NORMAL,17.9,2.8,12.5,9.9
9990,0.6576,0,WARNING,19.0,3.9,11.3,9.8
9991,0.2557,0,NORMAL,20.1,4.3,12.9,11.6
9992,0.1493,0,NORMAL,19.7,2.5,10.2,8.0
9993,0.1349,0,NORMAL,19.6,1.8,6.2,5.7
9994,0.1196,0,NORMAL,20.6,2.4,9.0,7.8
9995,0.1627,0,NORMAL,20.3,3.2,8.7,7.6
9996,0.4191,0,NORMAL,21.4,4.9,12.6,11.4
9997,0.8193,0,WARNING,22.0,5.8,19.1,12.9
9998,0.3098,0,NORMAL,22.0,2.7,11.6,9.2
9999,0.1293,0,NORMAL,22.5,2.3,8.8,6.7
10000,0.3732,0,NORMAL,22.7,4.7,17.6,14.7
10001,0.3981,0,NORMAL,23.1,5.0,19.2,14.8
10002,0.3882,0,NORMAL,22.0,4.1,11.7,9.2
10003,0.1607,0,NORMAL,22.3,2.7,12.0,9.8
10004,0.1507,0,NORMAL,19.2,1.8,7.5,6.9
10005,0.2346,0,NORMAL,18.1,4.6,12.5,8.9
10006,0.5977,0,NORMAL,19.4,5.4,17.8,12.3
10007,0.3245,0,NORMAL,19.2,3.4,10.4,9.0
10008,0.396,0,NORMAL,19.5,3.3,9.4,8.5
10009,0.6665,0,WARNING,20.5,4.1,10.6,9.8
10010,0.1318,0,NORMAL,20.5,3.0,10.9,10.5
10011,0.4019,0,NORMAL,21.5,5.0,12.9,11.0
10012,0.2086,0,NORMAL,20.0,2.8,7.6,7.1
10013,0.126,0,NORMAL,20.2,2.3,6.0,6.3
10014,0.1317,0,NORMAL,20.3,2.3,8.7,8.3
10015,0.9173,0,WARNING,21.1,5.5,10.6,8.3
10016,0.6711,0,WARNING,23.5,5.8,13.1,10.4
10017,0.3946,0,NORMAL,23.4,4.8,16.5,13.4
10018,0.9611,0,WARNING,21.8,5.4,13.0,10.8
10019,0.203,0,NORMAL,22.6,3.1,12.5,10.9
10020,0.724,0,WARNING,18.3,3.6,10.7,7.5
10021,0.666,0,WARNING,16.9,4.4,10.3,9.9
10022,0.9157,0,WARNING,18.7,6.5,13.1,9.8
10023,0.1546,0,NORMAL,19.0,2.2,8.2,6.3
10024,0.3612,0,NORMAL,21.4,3.8,17.5,13.8
10025,0.9307,0,WARNING,19.9,4.7,8.8,6.3
10026,0.5967,0,NORMAL,20.5,4.4,8.9,8.1
10027,0.1091,0,NORMAL,20.7,3.6,10.9,10.1
10028,0.1475,0,NORMAL,20.3,1.9,5.4,4.9
10029,0.0986,0,NORMAL,20.6,2.4,6.2,5.9
10030,0.1272,0,NORMAL,20.7,2.5,5.8,5.4
10031,0.7371,0,WARNING,21.5,4.5,7.0,6.3
10032,0.1474,0,NORMAL,21.1,2.7,6.7,5.8
10033,0.159,0,NORMAL,21.1,1.8,5.1,4.4
10034,0.1554,0,NORMAL,21.1,2.2,6.7,5.7
10035,0.1518,0,NORMAL,22.1,3.4,11.2,10.2
10036,0.68,0,WARNING,22.3,5.9,13.4,10.9
10037,0.5175,0,NORMAL,23.5,5.7,16.9,13.0
10038,0.334,0,NORMAL,19.2,3.4,10.1,8.5
10039,0.1954,0,NORMAL,16.8,2.2,4.3,4.6
10040,0.954,0,WARNING,18.1,4.3,7.8,6.6
10041,0.2838,0,NORMAL,19.2,4.1,11.7,9.5
10042,0.1834,0,NORMAL,18.7,3.2,8.0,6.1
10043,0.2948,0,NORMAL,19.3,3.3,7.1,5.9
10044,0.1243,0,NORMAL,19.5,2.3,7.8,6.9
10045,0.0977,0,NORMAL,20.2,3.7,11.8,9.7
10046,0.9445,0,WARNING,20.3,7.0,11.2,8.8
10047,0.178,0,NORMAL,20.9,3.0,7.5,6.3
10048,0.1195,0,NORMAL,20.5,2.3,8.6,8.8
10049,0.1426,0,NORMAL,20.5,2.0,6.7,5.9
10050,0.1473,0,NORMAL,21.0,2.1,6.8,5.6
10051,0.4245,0,NORMAL,20.9,3.8,7.5,7.7
10052,0.737,0,WARNING,20.9,3.9,7.3,6.8
10053,0.1388,0,NORMAL,20.9,2.0,5.0,4.5
10054,0.1663,0,NORMAL,20.7,1.4,4.2,4.3
10055,0.1555,0,NORMAL,22.8,3.0,10.2,9.1
10056,0.6815,0,WARNING,22.3,5.8,12.3,9.0
10057,0.1803,0,NORMAL,22.0,2.6,6.7,5.4
10058,0.1305,0,NORMAL,18.6,2.1,6.5,6.7
10059,0.2227,0,NORMAL,16.9,2.3,8.4,8.7
10060,0.5668,0,NORMAL,18.2,4.2,14.3,9.3
10061,0.602,0,WARNING,19.8,5.9,14.7,10.5
10062,0.2729,0,NORMAL,19.0,2.5,5.8,4.7
10063,0.8188,0,WARNING,19.4,3.2,5.0,4.9
10064,0.2198,0,NORMAL,19.0,1.3,4.2,3.6
10065,0.1879,0,NORMAL,19.9,2.9,7.9,7.1
10066,0.9019,0,WARNING,20.0,5.0,7.9,6.7
10067,0.1286,0,NORMAL,21.0,3.8,8.1,6.3
10068,0.138,0,NORMAL,21.5,1.9,4.4,4.9
10069,0.1366,0,NORMAL,20.5,1.9,4.7,4.7
10070,0.8239,0,WARNING,21.7,4.0,6.4,5.3
10071,0.3009,0,NORMAL,22.1,4.5,11.0,9.2
10072,0.1882,0,NORMAL,21.1,2.6,7.1,6.1
10073,0.1364,0,NORMAL,21.8,2.5,8.3,8.0
10074,0.879,0,WARNING,22.0,4.4,9.7,8.3
10075,0.2277,0,NORMAL,23.0,3.4,13.1,12.9
10076,0.9828,0,WARNING,22.3,5.7,8.0,7.9
10077,0.2144,0,NORMAL,22.1,2.0,5.6,5.5
10078,0.1541,0,NORMAL,19.1,1.8,6.2,6.4
10079,0.2884,0,NORMAL,18.2,3.2,10.6,8.7
10080,0.6061,0,WARNING,16.1,3.8,6.9,5.8
10081,0.6751,0,WARNING,14.2,5.1,8.1,7.0
10082,0.1618,0,NORMAL,13.9,2.7,6.7,5.7
10083,0.1235,0,NORMAL,15.0,2.1,8.3,6.2
10084,0.6771,0,WARNING,15.0,3.3,7.7,7.2
10085,0.1037,0,NORMAL,15.6,3.0,9.1,7.0
10086,0.2899,0,NORMAL,15.8,4.1,9.7,8.0
10087,0.1015,0,NORMAL,16.1,4.0,9.1,7.1
10088,0.9991,0,WARNING,15.8,6.2,6.9,6.0
10089,0.1269,0,NORMAL,16.1,2.2,7.0,6.3
10090,0.0947,0,NORMAL,16.6,3.2,7.4,5.8
10091,0.9971,0,WARNING,16.3,5.8,5.9,6.9
10092,0.1225,0,NORMAL,16.9,2.1,7.1,7.6
10093,0.1274,0,NORMAL,16.8,2.2,6.5,5.6
10094,0.1372,0,NORMAL,16.3,1.8,4.7,4.0
10095,0.6825,0,WARNING,17.3,4.1,9.3,8.6
10096,0.7833,0,WARNING,17.4,5.4,10.5,8.3
10097,0.1567,0,NORMAL,18.6,4.0,9.0,7.3
10098,0.6022,0,WARNING,16.7,2.8,5.3,5.2
10099,0.1589,0,NORMAL,17.2,2.4,5.4,5.9
10100,0.1414,0,NORMAL,17.2,2.7,7.5,6.1
10101,0.5244,0,NORMAL,15.9,4.7,11.3,8.6
10102,0.9793,0,WARNING,13.1,6.1,11.8,9.4
10103,0.1208,0,NORMAL,14.3,2.3,7.4,5.9
10104,0.1535,0,NORMAL,13.4,1.8,4.7,3.8
10105,0.1445,0,NORMAL,14.8,2.9,8.0,6.2
10106,0.9751,0,WARNING,15.3,7.3,9.1,6.8
10107,0.1355,0,NORMAL,15.9,2.4,6.2,4.6
10108,0.1701,0,NORMAL,15.7,1.7,5.1,4.6
10109,0.8233,0,WARNING,16.8,5.5,8.1,6.7
10110,0.1137,0,NORMAL,16.1,2.5,9.3,6.8
10111,0.1428,0,NORMAL,16.5,4.4,9.4,6.8
10112,0.8213,0,WARNING,16.4,4.4,7.1,5.9
10113,0.132,0,NORMAL,17.3,2.0,5.6,4.9
10114,0.1479,0,NORMAL,16.8,1.6,4.9,4.1
10115,0.1601,0,NORMAL,17.3,3.3,9.6,8.1
10116,0.902,0,WARNING,18.5,6.1,11.3,8.6
10117,0.1907,0,NORMAL,18.6,3.4,9.3,6.8
10118,0.1863,0,NORMAL,17.5,2.4,7.1,6.0
10119,0.7352,0,WARNING,18.2,3.6,8.2,5.7
10120,0.1969,0,NORMAL,18.5,2.8,7.4,6.1
10121,0.2932,0,NORMAL,18.5,4.0,9.0,7.2
10122,0.6085,0,WARNING,16.8,4.2,9.9,8.2
10123,0.1694,0,NORMAL,13.6,2.8,9.4,7.7
10124,0.1379,0,NORMAL,13.6,2.0,7.5,6.0
10125,0.8222,0,WARNING,15.7,4.7,11.7,10.5
10126,0.6053,0,WARNING,15.1,4.4,11.2,8.1
10127,0.2076,0,NORMAL,16.6,4.2,13.7,11.0
10128,0.2066,0,NORMAL,16.3,2.7,10.6,8.7
10129,0.2751,0,NORMAL,16.6,3.0,13.8,11.8
10130,0.599,0,NORMAL,16.3,3.8,11.3,8.3
10131,0.4034,0,NORMAL,17.7,3.8,10.3,7.0
10132,0.2782,0,NORMAL,17.8,3.3,10.3,8.4
10133,0.1631,0,NORMAL,17.9,3.1,10.0,8.3
10134,0.1265,0,NORMAL,17.1,2.1,9.0,6.8
10135,0.1353,0,NORMAL,18.1,3.0,11.2,11.5
10136,0.5121,0,NORMAL,17.4,3.6,8.4,8.0
10137,0.1369,0,NORMAL,17.3,2.0,7.2,6.8
10138,0.1786,0,NORMAL,16.7,1.4,5.4,4.7
10139,0.1398,0,NORMAL,17.5,2.3,7.1,6.4
10140,0.0968,0,NORMAL,17.8,3.0,8.5,8.1
10141,0.6063,0,WARNING,18.9,5.4,15.2,12.8
10142,0.5127,0,NORMAL,18.2,2.7,9.9,6.8
10143,0.3392,0,NORMAL,20.8,3.3,15.5,12.8
10144,0.6627,0,WARNING,19.7,2.8,15.7,9.1
10145,0.4259,0,NORMAL,24.2,3.4,12.8,10.9
10146,0.5902,0,NORMAL,21.1,4.1,8.9,6.6
10147,0.7256,0,WARNING,21.8,3.9,8.3,6.8
10148,0.135,0,NORMAL,21.5,2.4,8.3,7.0
10149,0.0675,0,NORMAL,22.6,2.5,8.5,7.3
10150,0.6037,0,WARNING,22.5,4.0,11.4,11.9
10151,0.2035,0,NORMAL,22.0,3.6,9.9,9.9
10152,0.3628,0,NORMAL,23.4,3.3,17.0,13.9
10153,0.7412,0,WARNING,26.2,6.2,32.7,24.3
10154,0.8089,0,WARNING,22.7,4.4,13.3,8.7
10155,0.3828,0,NORMAL,24.6,4.6,17.4,13.3
10156,0.3771,0,NORMAL,20.9,5.7,15.5,13.0
10157,0.8425,0,WARNING,21.1,6.5,15.5,12.1
10158,0.973,0,WARNING,20.7,5.2,9.8,8.3
10159,0.1751,0,NORMAL,21.4,3.2,11.4,9.6
10160,0.1184,0,NORMAL,20.7,3.3,11.4,9.0
10161,0.6708,0,WARNING,23.3,5.7,17.1,9.5
10162,0.391,0,NORMAL,22.9,3.8,10.5,6.8
10163,0.7684,0,WARNING,24.0,3.4,19.9,13.5
10164,0.3377,0,NORMAL,22.3,3.7,16.5,13.2
10165,0.1966,0,NORMAL,22.4,2.8,10.9,7.4
10166,0.3907,0,NORMAL,22.9,5.3,15.5,12.5
10167,0.722,0,WARNING,23.2,4.1,8.8,6.6
10168,0.1573,0,NORMAL,23.0,2.0,8.1,7.5
10169,0.2279,0,NORMAL,23.4,3.1,12.6,11.1
10170,0.153,0,NORMAL,22.5,3.1,10.9,6.7
10171,0.5106,0,NORMAL,24.5,5.5,15.1,12.0
10172,0.2623,0,NORMAL,20.7,4.7,13.2,10.3
10173,0.1451,0,NORMAL,18.6,2.5,7.7,6.3
10174,0.9921,0,WARNING,18.9,4.3,7.2,6.6
10175,0.1566,0,NORMAL,18.6,3.2,7.6,6.3
10176,0.8193,0,WARNING,20.7,5.0,13.3,8.9
10177,0.2668,0,NORMAL,21.0,3.8,14.6,11.7
10178,0.203,0,NORMAL,21.3,2.1,9.4,8.0
10179,0.1187,0,NORMAL,21.2,2.6,10.1,8.5
10180,0.1356,0,NORMAL,20.4,2.3,7.6,6.6
10181,0.6063,0,WARNING,21.6,4.1,10.0,9.3
10182,0.1384,0,NORMAL,21.2,2.5,10.4,8.2
10183,0.3392,0,NORMAL,22.9,3.6,15.8,13.4
10184,0.217,0,NORMAL,21.5,2.6,10.5,7.9
10185,0.104,0,NORMAL,21.4,3.1,8.9,7.2
10186,0.3609,0,NORMAL,24.3,6.0,17.1,12.7
10187,0.9882,0,WARNING,23.7,6.3,13.4,11.8
10188,0.3559,0,NORMAL,22.0,2.8,9.1,8.0
10189,0.4659,0,NORMAL,20.9,3.4,13.1,11.2
10190,0.2032,0,NORMAL,18.9,3.6,13.8,11.8
10191,0.6745,0,WARNING,21.8,6.6,27.3,22.8
10192,0.8442,0,WARNING,24.2,7.1,39.4,29.7
10193,0.6997,0,WARNING,24.7,5.6,32.1,23.7
10194,0.6872,0,WARNING,25.2,5.9,29.5,23.5
10195,0.51,0,NORMAL,24.5,5.0,21.6,17.8
10196,0.5685,0,NORMAL,25.5,7.3,21.8,17.7
10197,0.6266,0,WARNING,23.1,4.7,12.2,9.0
10198,0.3754,0,NORMAL,22.8,3.2,10.8,10.5
10199,0.3667,0,NORMAL,22.2,3.3,9.5,8.3
10200,0.1781,0,NORMAL,18.9,4.6,13.5,10.5
10201,0.9293,0,WARNING,14.8,6.0,12.0,10.9
10202,0.2883,0,NORMAL,17.2,2.9,11.5,10.7
10203,0.7722,0,WARNING,16.3,3.9,10.1,9.1
10204,0.1516,0,NORMAL,16.0,3.0,10.4,9.2
10205,0.2679,0,NORMAL,17.2,3.3,13.0,12.5
10206,0.2634,0,NORMAL,17.4,4.4,12.6,10.3
10207,0.3947,0,NORMAL,17.7,3.2,10.5,9.1
10208,0.2028,0,NORMAL,17.2,3.2,12.2,9.0
10209,0.9683,0,WARNING,17.4,5.5,9.1,7.6
10210,0.1349,0,NORMAL,16.6,3.1,7.4,6.1
10211,0.1707,0,NORMAL,17.7,3.7,9.6,8.6
10212,0.1337,0,NORMAL,17.0,2.6,8.6,8.0
10213,0.9092,0,WARNING,16.9,3.9,5.5,5.9
10214,0.7783,0,WARNING,17.8,4.1,11.9,10.4
10215,0.4851,0,NORMAL,16.3,4.5,18.8,16.9
10216,0.3252,0,NORMAL,13.1,4.8,12.1,8.3
10217,0.1616,0,NORMAL,14.6,4.1,12.7,10.8
10218,0.1214,0,NORMAL,14.5,2.9,9.2,8.3
10219,0.0616,0,NORMAL,15.2,2.7,8.7,8.5
10220,0.898,0,WARNING,14.9,4.9,9.7,8.7
10221,0.404,0,NORMAL,15.5,4.2,9.6,6.3
10222,0.0972,0,NORMAL,15.8,2.5,7.1,5.9
10223,0.8199,0,WARNING,15.9,3.9,6.9,5.5
10224,0.1409,0,NORMAL,16.5,3.2,10.8,8.6
10225,0.1617,0,NORMAL,17.3,4.0,13.0,10.6
10226,0.8185,0,WARNING,17.5,5.4,11.4,9.3
10227,0.145,0,NORMAL,17.7,3.1,10.0,8.0
10228,0.2365,0,NORMAL,17.8,3.1,13.5,11.1
10229,0.2123,0,NORMAL,18.6,2.9,13.2,10.4
10230,0.1525,0,NORMAL,18.2,2.9,12.0,9.1
10231,0.1658,0,NORMAL,18.1,4.4,12.5,9.7
10232,0.7784,0,WARNING,16.2,4.8,13.3,10.1
10233,0.111,0,NORMAL,13.3,1.9,7.7,5.6
10234,0.1613,0,NORMAL,12.8,2.1,8.1,6.7
10235,0.1419,0,NORMAL,14.1,3.4,10.6,8.4
10236,0.4159,0,NORMAL,14.8,4.5,11.7,8.0
10237,0.1507,0,NORMAL,15.7,2.9,9.1,7.2
10238,0.1156,0,NORMAL,15.6,2.4,8.4,7.2
10239,0.0889,0,NORMAL,16.3,2.5,8.1,6.9
10240,0.9002,0,WARNING,16.5,5.7,12.6,10.6
10241,0.2792,0,NORMAL,17.3,4.3,10.6,8.3
10242,0.1272,0,NORMAL,17.0,2.8,8.1,6.3
10243,0.1248,0,NORMAL,16.7,2.0,6.5,4.9
10244,0.1271,0,NORMAL,17.2,2.6,8.0,6.6
10245,0.2626,0,NORMAL,18.9,3.4,11.1,9.6
10246,0.605,0,WARNING,18.7,4.3,10.0,8.0
10247,0.2848,0,NORMAL,19.1,3.6,8.7,7.4
10248,0.166,0,NORMAL,18.0,2.1,9.0,7.8
10249,0.159,0,NORMAL,17.5,2.2,9.3,8.1
10250,0.1621,0,NORMAL,17.6,2.8,9.2,6.6
10251,0.6062,0,WARNING,16.0,4.6,11.5,9.6
10252,0.1744,0,NORMAL,12.5,2.3,7.4,6.6
10253,0.1261,0,NORMAL,13.4,2.2,7.2,6.7
10254,0.379,0,NORMAL,14.6,2.8,8.3,7.3
10255,0.9001,0,WARNING,14.5,4.7,7.5,6.8
10256,0.1874,0,NORMAL,16.1,4.8,13.4,11.2
10257,0.2096,0,NORMAL,16.1,2.6,9.4,7.6
10258,0.1195,0,NORMAL,16.5,2.5,8.3,6.8
10259,0.1046,0,NORMAL,16.5,2.4,9.0,7.9
10260,0.3988,0,NORMAL,16.2,5.1,20.0,15.1
10261,0.5943,0,NORMAL,13.7,5.1,10.4,8.4
10262,0.594,0,NORMAL,14.4,4.0,7.8,6.6
10263,0.1198,0,NORMAL,15.1,2.6,9.4,8.1
10264,0.1708,0,NORMAL,14.9,2.1,8.5,6.8
10265,0.0893,0,NORMAL,16.2,3.1,10.8,8.5
10266,0.2878,0,NORMAL,16.0,4.6,11.8,7.4
10267,0.1598,0,NORMAL,16.9,2.8,8.4,7.7
10268,0.1652,0,NORMAL,16.7,1.8,6.6,5.8
10269,0.7333,0,WARNING,18.3,3.8,8.0,7.0
10270,0.9792,0,WARNING,17.8,6.2,7.4,5.6
10271,0.2808,0,NORMAL,17.1,4.0,9.9,8.0
10272,0.1396,0,NORMAL,16.6,2.4,7.4,6.8
10273,0.1437,0,NORMAL,16.7,1.9,7.1,6.7
10274,0.149,0,NORMAL,16.9,1.9,7.7,6.9
10275,0.2078,0,NORMAL,19.2,2.8,8.6,7.8
10276,0.2899,0,NORMAL,18.1,3.8,8.5,8.2
10277,0.1739,0,NORMAL,17.9,2.8,9.2,7.8
10278,0.5186,0,NORMAL,14.8,3.3,7.8,7.2
10279,0.2037,0,NORMAL,13.4,2.9,8.0,7.2
10280,0.2557,0,NORMAL,14.7,3.6,11.5,10.6
10281,0.284,0,NORMAL,14.7,4.2,11.9,9.5
10282,0.4081,0,NORMAL,16.2,5.4,20.4,14.6
10283,0.3462,0,NORMAL,16.1,2.7,11.6,8.2
10284,0.8755,0,WARNING,15.9,4.5,13.1,10.5
10285,0.1216,0,NORMAL,16.2,3.7,9.2,6.5
10286,0.672,0,WARNING,16.8,5.5,16.1,12.1
10287,0.1792,0,NORMAL,17.0,3.3,11.0,8.7
10288,0.9433,0,WARNING,16.5,4.2,8.1,6.5
10289,0.1164,0,NORMAL,16.6,2.4,7.1,6.3
10290,0.1135,0,NORMAL,16.7,2.2,7.8,7.1
10291,0.9693,0,WARNING,16.6,5.4,6.8,6.4
10292,0.1499,0,NORMAL,16.5,1.9,6.6,6.7
10293,0.1555,0,NORMAL,16.9,1.8,6.3,5.2
10294,0.1725,0,NORMAL,16.7,1.7,5.5,4.8
10295,0.1671,0,NORMAL,17.0,2.6,7.9,7.2
10296,0.4273,0,NORMAL,14.7,4.5,10.3,8.2
10297,0.6792,0,WARNING,13.6,4.4,14.1,11.3
10298,0.2852,0,NORMAL,14.6,3.5,14.3,11.0
10299,0.3782,0,NORMAL,15.2,3.2,10.5,7.3
10300,0.1261,0,NORMAL,15.6,3.4,10.1,8.4
10301,0.2799,0,NORMAL,17.0,3.3,8.3,6.7
10302,0.2886,0,NORMAL,18.5,3.4,10.6,8.1
10303,0.2257,0,NORMAL,17.2,2.9,10.7,8.4
10304,0.1431,0,NORMAL,16.6,1.7,6.0,4.4
10305,0.5249,0,NORMAL,17.0,3.7,8.4,7.3
10306,0.4221,0,NORMAL,17.9,4.5,11.9,7.2
10307,0.2866,0,NORMAL,17.8,3.2,9.4,7.8
10308,0.1781,0,NORMAL,17.5,2.6,10.8,7.9
10309,0.9321,0,WARNING,17.5,4.5,7.0,5.2
10310,0.198,0,NORMAL,18.6,3.4,10.9,9.6
10311,0.5179,0,NORMAL,18.8,4.9,10.5,8.9
10312,0.4088,0,NORMAL,17.9,2.6,6.7,5.7
10313,0.237,0,NORMAL,18.8,2.6,11.4,9.5
10314,0.2365,0,NORMAL,18.2,2.2,7.6,6.1
10315,0.5195,0,NORMAL,16.1,4.3,11.8,10.6
10316,0.2835,0,NORMAL,14.3,4.8,16.1,11.2
10317,0.6553,0,WARNING,18.1,6.8,26.6,21.6
10318,0.5103,0,NORMAL,16.0,2.4,10.6,7.4
10319,0.1643,0,NORMAL,16.4,2.6,8.5,7.0
10320,0.4007,0,NORMAL,14.3,4.0,9.8,8.1
10321,0.5981,0,NORMAL,15.5,6.5,16.3,12.9
10322,0.5925,0,NORMAL,14.9,3.5,9.2,7.0
10323,0.1182,0,NORMAL,15.0,1.9,6.3,5.8
10324,0.1779,0,NORMAL,14.7,1.5,4.2,3.6
10325,0.1357,0,NORMAL,16.3,3.2,8.6,7.7
10326,0.8536,0,WARNING,16.5,5.6,8.7,6.9
10327,0.1385,0,NORMAL,16.8,2.8,8.0,6.6
10328,0.1443,0,NORMAL,16.7,2.1,8.2,6.8
10329,0.1289,0,NORMAL,17.8,2.4,9.0,7.5
10330,0.8219,0,WARNING,17.5,4.9,10.0,6.7
10331,0.2878,0,NORMAL,17.9,4.8,11.7,10.1
10332,0.1672,0,NORMAL,17.0,2.7,9.3,7.5
10333,0.179,0,NORMAL,17.0,2.0,6.0,4.8
10334,0.185,0,NORMAL,17.6,1.7,4.5,3.8
10335,0.2524,0,NORMAL,18.7,3.3,7.5,5.8
10336,0.7369,0,WARNING,18.0,5.3,7.4,6.1
10337,0.2376,0,NORMAL,19.1,4.8,13.4,10.9
10338,0.2512,0,NORMAL,20.3,3.5,13.9,10.6
10339,0.2159,0,NORMAL,16.9,3.4,12.9,10.5
10340,0.1464,0,NORMAL,13.0,2.3,10.2,8.3
10341,0.5982,0,NORMAL,14.2,4.5,9.9,8.4
10342,0.1479,0,NORMAL,14.4,2.1,7.1,5.5
10343,0.1004,0,NORMAL,16.1,3.3,8.1,5.8
10344,0.1262,0,NORMAL,16.4,2.7,10.7,9.0
10345,0.1336,0,NORMAL,16.0,2.9,8.1,5.6
10346,0.5213,0,NORMAL,16.4,4.3,11.2,9.1
10347,0.1352,0,NORMAL,17.6,3.7,12.6,10.2
10348,0.9974,0,WARNING,17.2,6.4,9.3,7.0
10349,0.1679,0,NORMAL,17.4,1.8,6.4,5.1
10350,0.1551,0,NORMAL,18.1,3.1,9.0,7.2
10351,0.2124,0,NORMAL,18.2,4.3,13.0,11.4
10352,0.1778,0,NORMAL,17.7,2.6,12.7,8.9
10353,0.9317,0,WARNING,17.6,4.6,6.9,5.8
10354,0.9198,0,WARNING,17.5,3.4,5.0,4.1
10355,0.1952,0,NORMAL,18.3,3.2,9.4,7.9
10356,0.2832,0,NORMAL,18.2,3.7,10.7,8.2
10357,0.2275,0,NORMAL,19.1,3.3,13.3,8.9
10358,0.7311,0,WARNING,17.8,3.7,9.4,7.9
10359,0.1347,0,NORMAL,14.4,1.8,6.2,5.4
10360,0.1421,0,NORMAL,12.8,2.9,5.6,4.2
10361,0.5274,0,NORMAL,14.5,4.0,9.0,7.7
10362,0.9453,0,WARNING,15.4,5.4,10.2,8.3
10363,0.1317,0,NORMAL,15.3,1.8,6.2,4.5
10364,0.1703,0,NORMAL,15.6,3.9,8.3,5.6
10365,0.1395,0,NORMAL,15.8,4.1,10.0,7.5
10366,0.8219,0,WARNING,15.5,4.3,6.9,6.6
10367,0.1091,0,NORMAL,16.6,2.6,9.5,10.2
10368,0.141,0,NORMAL,16.1,2.1,7.5,6.2
10369,0.1141,0,NORMAL,16.4,2.4,8.5,6.3
10370,0.9173,0,WARNING,17.6,5.3,9.9,7.9
10371,0.1844,0,NORMAL,17.1,3.6,7.9,7.4
10372,0.8772,0,WARNING,17.1,5.0,9.0,7.2
10373,0.221,0,NORMAL,16.8,1.2,3.5,3.6
10374,0.1797,0,NORMAL,17.0,2.2,7.2,6.7
10375,0.1934,0,NORMAL,19.0,3.3,10.0,8.7
10376,0.9965,0,WARNING,18.1,5.9,8.3,7.5
10377,0.2022,0,NORMAL,17.6,2.8,6.4,5.7
10378,0.2019,0,NORMAL,18.6,2.0,9.9,8.1
10379,0.8994,0,WARNING,16.2,4.9,9.9,8.7
10380,0.1817,0,NORMAL,15.2,2.3,7.4,6.3
10381,0.9175,0,WARNING,18.6,5.1,9.0,7.7
10382,0.2836,0,NORMAL,18.9,3.3,8.8,6.8
10383,0.6053,0,WARNING,18.9,2.7,5.0,4.1
10384,0.1396,0,NORMAL,19.3,2.2,6.7,5.6
10385,0.1415,0,NORMAL,21.1,2.8,10.2,8.6
10386,0.2963,0,NORMAL,20.9,4.5,9.9,7.4
10387,0.4185,0,NORMAL,21.0,3.9,10.4,8.1
10388,0.1761,0,NORMAL,21.5,2.1,9.7,8.3
10389,0.1171,0,NORMAL,21.1,2.1,7.0,5.8
10390,0.5242,0,NORMAL,22.3,4.0,11.0,7.7
10391,0.4262,0,NORMAL,25.1,4.4,10.7,8.8
10392,0.3039,0,NORMAL,22.7,3.7,8.8,7.3
10393,0.8779,0,WARNING,22.8,4.2,7.0,5.8
10394,0.2078,0,NORMAL,23.1,2.5,7.2,5.9
10395,0.2261,0,NORMAL,22.9,3.7,8.2,7.4
10396,0.9965,0,WARNING,23.1,5.8,9.1,8.5
10397,0.235,0,NORMAL,23.2,3.3,7.6,6.1
10398,0.2448,0,NORMAL,23.3,2.6,8.1,7.0
10399,0.165,0,NORMAL,23.4,2.8,11.1,8.6
10400,0.7321,0,WARNING,19.5,4.7,10.0,8.0
10401,0.2844,0,NORMAL,18.4,3.0,4.8,3.5
10402,0.1723,0,NORMAL,19.3,3.2,9.9,8.9
10403,1.0,0,ANOMALY,20.5,7.9,10.2,8.0
10404,0.2849,0,NORMAL,20.4,2.9,10.1,7.5
10405,0.1309,0,NORMAL,21.3,2.9,8.6,7.3
10406,0.5196,0,NORMAL,21.1,4.4,7.9,6.9
10407,0.133,0,NORMAL,21.8,2.9,7.2,6.4
10408,0.1411,0,NORMAL,21.4,2.1,6.9,6.5
10409,0.1535,0,NORMAL,21.4,1.6,5.2,4.4
10410,0.5286,0,NORMAL,21.5,3.8,6.2,5.0
10411,0.3033,0,NORMAL,22.2,4.0,6.9,5.5
10412,0.1955,0,NORMAL,22.1,3.1,7.4,6.6
10413,0.7852,0,WARNING,22.5,3.6,6.9,6.0
10414,0.2052,0,NORMAL,22.2,2.2,8.3,6.6
10415,0.2103,0,NORMAL,22.5,2.6,6.6,5.6
10416,0.3043,0,NORMAL,22.9,3.3,6.9,5.8
10417,0.6826,0,WARNING,22.5,4.0,7.2,6.1
10418,0.2355,0,NORMAL,22.2,1.6,4.6,4.3
10419,0.2422,0,NORMAL,22.8,2.2,6.2,5.9
10420,0.1645,0,NORMAL,20.8,2.0,3.9,3.6
10421,0.3095,0,NORMAL,19.5,4.5,7.4,5.8
10422,0.1422,0,NORMAL,18.3,2.8,7.8,6.2
10423,0.8937,0,WARNING,19.2,3.9,6.4,5.2
10424,0.2924,0,NORMAL,19.7,2.3,5.3,4.8
10425,0.7833,0,WARNING,20.1,3.7,7.1,7.1
10426,0.4181,0,NORMAL,20.7,3.8,7.3,5.4
10427,0.1453,0,NORMAL,21.1,2.7,6.4,5.1
10428,0.1769,0,NORMAL,21.2,2.5,6.2,5.0
10429,0.6369,0,WARNING,22.0,2.3,11.1,6.3
10430,0.1854,0,NORMAL,22.7,3.9,10.6,7.8
10431,0.2885,0,NORMAL,24.2,4.1,9.1,7.5
10432,0.4128,0,NORMAL,22.9,3.7,9.0,6.4
10433,0.2338,0,NORMAL,23.3,2.5,7.9,6.8
10434,0.2359,0,NORMAL,23.1,2.1,7.2,6.1
10435,0.2436,0,NORMAL,23.3,3.1,7.3,6.4
10436,0.2912,0,NORMAL,23.5,4.7,11.9,12.1
10437,0.2821,0,NORMAL,23.5,2.4,7.9,7.0
10438,0.5159,0,NORMAL,23.5,3.4,8.6,7.2
10439,0.2704,0,NORMAL,23.2,1.9,5.4,5.2
10440,0.2903,0,NORMAL,18.4,3.7,9.2,7.5
10441,0.522,0,NORMAL,13.1,4.0,10.0,7.3
10442,0.8521,0,WARNING,13.8,4.1,7.9,6.9
10443,0.1623,0,NORMAL,14.7,2.1,4.6,3.7
10444,0.162,0,NORMAL,16.1,2.0,5.9,5.2
10445,0.1488,0,NORMAL,16.0,3.0,7.3,5.8
10446,0.9554,0,WARNING,16.5,6.0,8.3,7.2
10447,0.1622,0,NORMAL,16.8,3.5,8.2,6.4
10448,0.1357,0,NORMAL,17.2,2.0,7.7,6.1
10449,0.1421,0,NORMAL,17.2,2.5,7.8,6.7
10450,0.2956,0,NORMAL,17.9,3.4,9.7,7.6
10451,0.2928,0,NORMAL,17.2,2.1,6.5,5.8
10452,0.1595,0,NORMAL,16.7,2.2,5.5,5.0
10453,0.1639,0,NORMAL,16.7,2.0,5.3,5.4
10454,0.1691,0,NORMAL,17.1,2.1,7.5,5.6
10455,0.2972,0,NORMAL,18.2,4.7,12.2,9.6
10456,0.8787,0,WARNING,17.5,5.1,9.9,9.1
10457,0.2016,0,NORMAL,17.6,3.1,8.0,6.7
10458,0.2965,0,NORMAL,17.7,2.8,6.4,6.0
10459,0.2222,0,NORMAL,17.6,2.2,6.2,5.9
10460,0.7422,0,WARNING,14.9,3.6,6.3,6.1
10461,0.521,0,NORMAL,14.0,4.1,8.5,5.0
10462,0.7811,0,WARNING,14.2,4.3,7.7,6.4
10463,0.0855,0,NORMAL,15.5,2.8,8.7,8.1
10464,0.1064,0,NORMAL,16.0,2.7,10.7,8.6
10465,0.6752,0,WARNING,16.4,4.0,8.9,7.8
10466,0.285,0,NORMAL,16.2,3.9,9.5,7.7
10467,0.1625,0,NORMAL,16.6,3.3,7.1,5.9
10468,0.675,0,WARNING,16.6,3.1,4.5,4.8
10469,0.159,0,NORMAL,17.3,2.8,9.2,7.8
10470,0.1656,0,NORMAL,17.3,3.1,10.6,8.3
10471,0.7365,0,WARNING,17.0,5.0,8.1,6.7
10472,0.1822,0,NORMAL,17.0,2.5,7.2,5.8
10473,0.1965,0,NORMAL,17.3,2.0,5.9,5.5
10474,0.2005,0,NORMAL,16.9,2.0,4.6,3.9
10475,0.2055,0,NORMAL,18.2,2.6,5.8,5.1
10476,0.3058,0,NORMAL,18.4,4.3,10.7,9.1
10477,0.2402,0,NORMAL,18.7,3.6,12.1,10.4
10478,0.2381,0,NORMAL,17.5,1.5,5.8,4.5
10479,0.2409,0,NORMAL,18.1,1.8,5.9,5.1
10480,0.1485,0,NORMAL,14.9,3.1,6.3,5.4
10481,0.6134,0,WARNING,12.6,4.0,5.3,4.4
10482,0.1399,0,NORMAL,13.5,2.6,6.6,5.4
10483,0.1633,0,NORMAL,15.1,2.3,6.7,6.1
10484,0.1353,0,NORMAL,14.8,1.8,5.8,5.5
10485,0.8245,0,WARNING,15.2,4.8,8.2,7.6
10486,0.423,0,NORMAL,15.3,3.7,10.4,9.6
10487,0.1453,0,NORMAL,15.5,2.8,7.2,7.6
10488,0.1611,0,NORMAL,15.4,2.3,5.4,5.4
10489,0.1647,0,NORMAL,15.8,2.4,5.8,5.3
10490,0.2043,0,NORMAL,17.4,3.7,8.5,7.6
10491,0.9181,0,WARNING,16.8,6.0,7.7,6.8
10492,0.1584,0,NORMAL,17.1,3.5,8.5,7.5
10493,0.2516,0,NORMAL,17.8,3.0,10.9,8.0
10494,0.5113,0,NORMAL,17.9,3.9,13.4,12.2
10495,0.2013,0,NORMAL,18.8,4.0,12.6,9.6
10496,0.8743,0,WARNING,19.1,5.8,10.3,9.1
10497,0.2295,0,NORMAL,18.0,3.2,7.1,6.5
10498,0.2514,0,NORMAL,17.6,2.4,6.5,5.9
10499,0.1789,0,NORMAL,15.9,2.9,10.1,9.3
10500,0.9167,0,WARNING,12.6,5.2,9.5,7.9
10501,0.4065,0,NORMAL,13.3,4.3,8.2,6.4
10502,0.2036,0,NORMAL,14.0,3.5,9.4,8.3
10503,0.2281,0,NORMAL,14.5,2.4,6.2,5.5
10504,0.3185,0,NORMAL,14.6,2.3,6.5,6.0
10505,0.0873,0,NORMAL,15.6,3.2,9.9,9.1
10506,1.0,0,ANOMALY,15.7,7.3,9.8,8.1
10507,0.141,0,NORMAL,15.9,2.6,7.0,5.5
10508,0.1308,0,NORMAL,16.3,1.9,7.2,6.2
10509,0.1486,0,NORMAL,16.6,1.6,5.2,4.4
10510,0.1562,0,NORMAL,17.0,3.1,7.6,6.2
10511,0.4275,0,NORMAL,17.6,3.5,8.0,5.6
10512,0.8805,0,WARNING,16.8,4.5,5.2,4.0
10513,0.2004,0,NORMAL,18.0,2.1,5.4,4.6
10514,0.2058,0,NORMAL,17.4,1.6,4.0,3.9
10515,0.2077,0,NORMAL,18.0,2.6,7.5,6.9
10516,0.3037,0,NORMAL,17.4,3.4,5.8,6.0
10517,0.6126,0,WARNING,18.2,4.4,10.0,8.4
10518,0.2131,0,NORMAL,18.5,3.2,11.4,9.4
10519,0.878,0,WARNING,19.2,4.5,12.0,8.8
10520,0.1926,0,NORMAL,17.3,2.6,7.9,5.3
10521,0.1327,0,NORMAL,14.9,3.2,6.6,5.6
10522,0.1953,0,NORMAL,14.6,4.2,9.1,7.2
10523,0.2935,0,NORMAL,14.8,2.8,6.6,5.2
10524,0.1689,0,NORMAL,15.0,1.8,4.1,3.5
10525,0.1636,0,NORMAL,16.7,3.1,7.9,6.8
10526,0.4266,0,NORMAL,17.2,4.2,10.1,8.6
10527,0.2941,0,NORMAL,17.0,3.2,8.4,6.8
10528,0.1577,0,NORMAL,16.2,1.7,4.7,4.4
10529,0.1621,0,NORMAL,16.7,2.1,6.1,5.4
10530,0.1698,0,NORMAL,16.5,1.9,4.2,3.7
10531,0.1629,0,NORMAL,17.3,3.4,10.0,8.4
10532,0.1726,0,NORMAL,17.2,2.8,6.4,5.5
10533,0.1833,0,NORMAL,17.7,1.9,6.6,5.9
10534,0.7391,0,WARNING,17.0,3.2,4.5,3.8
10535,0.2001,0,NORMAL,18.0,2.8,8.5,7.2
10536,0.3008,0,NORMAL,17.8,3.5,8.1,6.5
10537,0.2224,0,NORMAL,17.9,2.8,7.2,5.2
10538,0.9642,0,WARNING,18.2,4.5,8.3,6.9
10539,0.285,0,NORMAL,19.0,2.6,7.0,5.5
10540,0.2242,0,NORMAL,18.1,2.9,9.5,7.6
10541,0.2322,0,NORMAL,18.5,3.1,9.5,7.6
10542,0.88,0,WARNING,15.0,4.0,4.1,4.3
10543,0.1407,0,NORMAL,12.8,2.1,5.8,5.3
10544,0.736,0,WARNING,13.1,3.5,7.6,5.8
10545,0.179,0,NORMAL,15.2,4.2,13.2,10.4
10546,0.418,0,NORMAL,17.6,4.2,9.4,7.6
10547,0.2756,0,NORMAL,15.6,2.8,8.1,6.9
10548,0.1476,0,NORMAL,15.7,1.7,5.0,4.2
10549,0.1744,0,NORMAL,15.4,1.6,4.9,4.8
10550,0.1283,0,NORMAL,15.7,2.3,6.8,6.2
10551,0.1533,0,NORMAL,15.8,2.6,5.3,5.7
10552,0.4286,0,NORMAL,16.2,3.4,7.9,7.1
10553,0.1405,0,NORMAL,17.0,2.0,5.4,4.6
10554,0.3033,0,NORMAL,16.3,2.8,6.4,5.8
10555,0.1509,0,NORMAL,17.5,3.3,9.2,8.9
10556,0.6095,0,WARNING,17.3,4.7,10.9,9.5
10557,0.9326,0,WARNING,18.7,6.3,11.4,9.5
10558,0.2244,0,NORMAL,17.0,2.0,6.2,5.7
10559,0.1824,0,NORMAL,17.2,1.9,8.9,7.2
10560,0.1278,0,NORMAL,17.3,3.2,8.9,6.5
10561,0.6059,0,WARNING,19.0,3.8,8.0,5.9
10562,0.5231,0,NORMAL,19.1,2.8,6.6,6.0
10563,0.1332,0,NORMAL,19.5,2.6,7.5,5.7
10564,0.1248,0,NORMAL,20.5,2.5,10.5,8.8
10565,0.68,0,WARNING,21.0,3.8,9.4,7.8
10566,0.4186,0,NORMAL,20.7,4.1,8.2,7.2
10567,0.1393,0,NORMAL,21.6,3.2,8.6,7.5
10568,0.4179,0,NORMAL,21.0,2.4,6.2,6.2
10569,0.159,0,NORMAL,22.1,2.6,8.5,7.0
10570,0.1705,0,NORMAL,21.5,2.5,5.9,5.0
10571,0.296,0,NORMAL,22.6,3.4,8.4,8.1
10572,0.2919,0,NORMAL,22.1,3.7,7.2,5.2
10573,0.9663,0,WARNING,22.4,4.5,5.3,4.5
10574,0.2127,0,NORMAL,22.2,1.9,5.7,4.7
10575,0.6775,0,WARNING,22.7,3.9,6.6,6.4
10576,0.4185,0,NORMAL,22.6,4.4,8.5,7.9
10577,0.2573,0,NORMAL,24.2,5.0,14.2,11.2
10578,0.7773,0,WARNING,26.2,5.7,14.9,12.2
10579,0.3374,0,NORMAL,21.1,3.9,12.6,10.8
10580,1.0,0,ANOMALY,17.8,7.0,7.8,5.0
10581,0.5943,0,NORMAL,18.0,3.4,8.6,6.6
10582,0.2742,0,NORMAL,18.8,4.1,8.1,6.6
10583,0.5141,0,NORMAL,19.7,3.6,8.5,6.8
10584,0.1322,0,NORMAL,19.7,1.7,6.0,5.1
10585,0.1976,0,NORMAL,20.4,2.1,6.0,6.1
10586,0.5275,0,NORMAL,20.5,3.7,7.0,7.6
10587,0.5233,0,NORMAL,21.2,3.3,6.6,5.5
10588,0.1729,0,NORMAL,20.8,1.9,6.4,5.5
10589,0.1214,0,NORMAL,22.1,2.6,10.2,9.5
10590,0.2942,0,NORMAL,21.7,3.3,8.2,6.1
10591,0.1238,0,NORMAL,22.4,4.0,9.0,6.4
10592,0.2463,0,NORMAL,22.3,4.4,10.0,7.7
10593,0.1624,0,NORMAL,22.2,2.1,6.8,5.8
10594,0.1488,0,NORMAL,21.9,1.8,5.8,5.0
10595,0.1572,0,NORMAL,23.1,3.7,9.4,7.6
10596,0.68,0,WARNING,22.3,3.7,6.8,7.0
10597,0.1814,0,NORMAL,23.4,3.3,10.2,9.2
10598,0.1899,0,NORMAL,22.9,2.2,7.4,6.0
10599,0.5243,0,NORMAL,20.7,3.0,7.3,6.7
10600,0.1821,0,NORMAL,17.2,2.5,7.7,6.8
10601,0.1175,0,NORMAL,19.2,3.6,8.8,6.6
10602,0.2967,0,NORMAL,18.6,3.2,5.5,4.2
10603,0.5288,0,NORMAL,19.3,2.9,6.1,5.6
10604,0.1677,0,NORMAL,19.7,1.9,8.3,5.8
10605,0.1485,0,NORMAL,20.2,2.8,7.5,7.0
10606,0.7367,0,WARNING,20.9,4.9,9.9,8.7
10607,0.162,0,NORMAL,20.7,1.7,5.3,4.1
10608,0.1925,0,NORMAL,20.2,1.2,3.1,3.3
10609,0.1741,0,NORMAL,21.3,2.1,5.5,5.2
10610,0.6853,0,WARNING,21.0,3.6,5.5,4.6
10611,0.1527,0,NORMAL,21.9,2.6,7.2,6.8
10612,0.4299,0,NORMAL,22.2,3.3,8.4,7.5
10613,0.1611,0,NORMAL,22.8,2.8,10.1,8.8
10614,0.173,0,NORMAL,22.6,1.8,4.6,4.3
10615,0.2886,0,NORMAL,24.2,2.9,6.6,5.8
10616,0.5273,0,NORMAL,23.3,4.1,7.8,6.6
10617,0.4213,0,NORMAL,23.3,3.6,8.4,7.4
10618,0.217,0,NORMAL,22.6,1.9,6.3,6.0
10619,0.1969,0,NORMAL,22.7,2.3,7.2,7.2
10620,0.2921,0,NORMAL,17.6,3.5,9.3,7.6
10621,0.7822,0,WARNING,13.0,4.4,10.7,9.1
10622,0.5219,0,NORMAL,12.9,2.7,6.1,4.9
10623,0.1667,0,NORMAL,13.2,1.8,4.4,3.7
10624,0.3037,0,NORMAL,13.7,2.3,6.2,6.1
10625,0.5316,0,NORMAL,14.3,2.7,6.9,6.8
10626,0.6834,0,WARNING,14.2,3.3,6.7,6.9
10627,0.1313,0,NORMAL,14.6,2.3,5.6,4.8
10628,0.1454,0,NORMAL,14.5,1.9,5.7,4.7
10629,0.189,0,NORMAL,15.1,2.3,6.1,5.5
10630,0.1599,0,NORMAL,15.1,2.8,6.7,5.5
10631,0.1327,0,NORMAL,15.9,3.5,9.5,7.3
10632,0.302,0,NORMAL,15.9,3.4,7.4,5.7
10633,0.7852,0,WARNING,16.5,3.5,8.6,7.9
10634,0.2212,0,NORMAL,15.9,1.7,5.2,4.1
10635,0.1503,0,NORMAL,17.0,3.2,6.1,6.6
10636,0.9751,0,WARNING,17.0,6.5,6.6,6.3
10637,0.2513,0,NORMAL,19.0,3.7,11.4,11.0
10638,0.2594,0,NORMAL,17.1,2.3,6.2,5.3
10639,0.1632,0,NORMAL,18.0,3.5,10.8,8.8
10640,0.7803,0,WARNING,16.6,3.9,6.2,5.2
10641,0.1409,0,NORMAL,15.4,3.2,6.7,6.3
10642,0.5225,0,NORMAL,12.1,3.2,6.4,5.2
10643,0.6781,0,WARNING,12.7,3.1,7.4,6.2
10644,0.1869,0,NORMAL,12.3,1.5,3.7,3.3
10645,0.1524,0,NORMAL,13.3,2.1,5.8,5.6
10646,0.1619,0,NORMAL,15.0,4.6,12.6,10.3
10647,0.6087,0,WARNING,16.4,5.5,17.8,11.0
10648,0.306,0,NORMAL,14.8,1.4,5.3,3.8
10649,0.1614,0,NORMAL,15.3,1.6,3.8,3.8
10650,0.6802,0,WARNING,15.3,3.1,5.3,4.7
10651,0.1614,0,NORMAL,15.7,2.9,7.2,6.2
10652,0.3017,0,NORMAL,15.8,2.8,7.0,6.2
10653,0.9703,0,WARNING,16.2,4.5,6.9,6.4
10654,0.1698,0,NORMAL,15.9,1.5,4.2,3.7
10655,0.1406,0,NORMAL,17.1,2.5,6.0,4.9
10656,0.8229,0,WARNING,16.5,4.2,6.0,5.7
10657,0.4221,0,NORMAL,17.4,3.7,7.2,6.1
10658,0.1912,0,NORMAL,16.9,1.4,3.6,3.1
10659,0.188,0,NORMAL,17.2,1.8,4.1,4.2
10660,0.1853,0,NORMAL,17.2,2.7,6.9,6.1
10661,0.8816,0,WARNING,17.7,5.7,7.2,4.7
10662,0.2056,0,NORMAL,17.5,3.7,7.2,5.1
10663,0.1727,0,NORMAL,15.8,1.3,4.1,4.2
10664,0.1825,0,NORMAL,12.5,1.5,3.0,3.1
10665,0.6194,0,WARNING,12.2,3.6,6.8,6.6
10666,0.3072,0,NORMAL,12.5,3.5,6.7,6.3
10667,0.1722,0,NORMAL,12.8,2.2,5.7,4.9
10668,0.169,0,NORMAL,13.0,1.9,4.2,6.1
10669,0.4328,0,NORMAL,14.3,2.8,6.8,5.6
10670,0.1416,0,NORMAL,14.0,2.5,7.2,5.5
10671,0.1483,0,NORMAL,14.4,2.5,5.8,5.2
10672,0.3043,0,NORMAL,14.0,2.3,3.4,3.6
10673,0.8251,0,WARNING,15.0,2.8,4.3,4.6
10674,0.2846,0,NORMAL,15.1,2.1,10.4,7.5
10675,0.1202,0,NORMAL,15.9,2.7,7.2,6.2
10676,0.6787,0,WARNING,15.9,4.4,7.9,7.1
10677,0.7813,0,WARNING,15.7,3.2,4.9,4.8
10678,0.1323,0,NORMAL,15.5,2.0,5.1,4.8
10679,0.1638,0,NORMAL,16.0,1.5,5.0,5.4
10680,0.1824,0,NORMAL,15.8,2.3,4.7,4.1
10681,0.5316,0,NORMAL,17.1,3.5,5.5,4.2
10682,0.532,0,NORMAL,18.1,2.9,4.6,4.2
10683,0.2207,0,NORMAL,19.0,1.5,3.0,2.7
10684,0.1901,0,NORMAL,19.1,1.8,4.5,4.8
10685,0.3156,0,NORMAL,20.6,3.5,7.3,6.2
10686,0.1584,0,NORMAL,20.8,4.2,11.3,9.1
10687,0.1426,0,NORMAL,22.1,3.2,11.7,9.6
10688,0.2912,0,NORMAL,20.8,2.6,6.1,4.9
10689,0.1568,0,NORMAL,20.8,1.5,4.3,4.0
10690,0.1546,0,NORMAL,21.2,2.3,5.3,4.5
10691,0.1824,0,NORMAL,21.1,2.3,3.7,3.4
10692,0.4334,0,NORMAL,21.1,2.7,3.2,3.3
10693,0.9879,0,WARNING,21.6,4.4,3.7,3.5
10694,0.178,0,NORMAL,21.2,1.5,3.3,3.5
10695,0.1842,0,NORMAL,22.1,2.8,5.6,5.9
10696,0.2978,0,NORMAL,21.4,2.9,4.1,4.8
10697,0.2261,0,NORMAL,21.9,2.4,4.6,5.5
10698,0.1702,0,NORMAL,22.1,2.8,7.9,7.5
10699,0.6788,0,WARNING,21.9,3.1,3.5,3.4
10700,0.1884,0,NORMAL,22.2,3.0,5.7,4.2
10701,0.2023,0,NORMAL,23.5,2.9,6.7,5.8
10702,0.4266,0,NORMAL,19.4,3.5,5.0,4.2
10703,0.6145,0,WARNING,16.8,2.3,2.9,2.8
10704,0.178,0,NORMAL,17.2,1.4,3.4,3.4
10705,0.1971,0,NORMAL,18.5,3.1,8.4,7.2
10706,0.3098,0,NORMAL,18.6,3.2,6.2,5.2
10707,0.1615,0,NORMAL,19.5,2.9,7.0,5.7
10708,0.246,0,NORMAL,19.5,1.6,4.6,4.4
10709,0.1633,0,NORMAL,20.2,1.8,5.5,5.4
10710,0.5338,0,NORMAL,20.2,2.5,4.3,3.7
10711,0.1779,0,NORMAL,20.6,1.7,4.5,5.3
10712,0.2222,0,NORMAL,20.3,2.2,4.6,4.6
10713,0.1526,0,NORMAL,21.1,2.2,6.2,6.0
10714,0.9558,0,WARNING,21.0,4.7,5.8,5.5
10715,0.1613,0,NORMAL,21.9,2.9,7.3,6.3
10716,0.1729,0,NORMAL,21.6,3.1,5.6,4.4
10717,0.5291,0,NORMAL,21.8,3.1,5.4,5.3
10718,0.3024,0,NORMAL,21.6,2.3,5.7,5.1
10719,0.1488,0,NORMAL,21.8,2.0,6.3,5.9
10720,0.1823,0,NORMAL,21.5,2.7,5.1,3.9
10721,1.0,0,ANOMALY,22.1,9.2,3.3,3.8
10722,0.526,0,NORMAL,21.8,2.9,5.1,4.5
10723,0.1809,0,NORMAL,22.6,1.8,5.2,5.1
10724,0.7855,0,WARNING,19.7,3.4,7.3,6.9
10725,0.7275,0,WARNING,17.1,3.7,9.1,7.7
10726,0.5218,0,NORMAL,17.4,3.3,7.7,7.8
10727,0.5568,0,NORMAL,17.8,2.2,4.6,4.9
10728,1.0,0,ANOMALY,18.2,6.3,6.4,7.3
10729,0.4662,0,NORMAL,18.0,1.9,3.0,3.0
10730,0.4668,0,NORMAL,18.2,2.5,6.1,5.3
10731,0.1706,0,NORMAL,18.9,2.2,5.8,6.4
10732,0.2866,0,NORMAL,19.0,2.8,4.9,4.9
10733,0.8791,0,WARNING,19.3,3.7,5.9,6.1
10734,0.1593,0,NORMAL,19.1,2.1,4.4,4.7
10735,0.5141,0,NORMAL,20.2,3.1,7.3,8.3
10736,0.9692,0,WARNING,19.9,4.2,6.2,6.2
10737,0.9174,0,WARNING,20.6,4.0,5.7,6.1
10738,0.283,0,NORMAL,20.2,2.4,6.1,6.9
10739,0.1321,0,NORMAL,21.1,3.0,10.5,9.9
10740,0.2794,0,NORMAL,17.9,2.5,5.3,5.4
10741,0.1895,0,NORMAL,16.3,2.5,5.8,6.4
10742,0.5206,0,NORMAL,18.3,3.0,6.5,6.7
10743,0.2908,0,NORMAL,17.7,2.1,3.8,3.9
10744,0.1911,0,NORMAL,17.7,1.8,3.1,3.9
10745,0.3166,0,NORMAL,18.4,2.8,4.9,5.0
10746,0.528,0,NORMAL,18.9,3.8,4.8,4.5
10747,0.8546,0,WARNING,19.2,4.2,4.4,4.7
10748,0.1828,0,NORMAL,19.3,1.5,3.7,4.4
10749,0.1885,0,NORMAL,19.6,1.4,3.3,3.8
10750,0.1818,0,NORMAL,19.4,2.2,4.2,4.1
10751,0.8261,0,WARNING,20.7,5.5,6.5,5.7
10752,0.3037,0,NORMAL,20.7,3.4,6.0,6.4
10753,0.1532,0,NORMAL,21.1,1.7,4.9,4.4
10754,0.1868,0,NORMAL,20.6,1.5,3.2,3.1
10755,0.5343,0,NORMAL,21.2,2.6,4.8,5.7
10756,0.308,0,NORMAL,21.1,2.2,4.8,5.3
10757,0.1717,0,NORMAL,21.1,1.7,3.8,4.2
10758,0.1754,0,NORMAL,21.2,1.6,3.7,4.3
10759,0.1829,0,NORMAL,21.0,1.6,3.3,4.1
10760,0.5377,0,NORMAL,21.2,3.0,3.4,4.0
10761,0.1726,0,NORMAL,19.8,3.3,5.0,5.0
10762,0.171,0,NORMAL,17.0,2.5,4.1,4.7
10763,0.1827,0,NORMAL,16.7,1.6,3.2,3.5
10764,0.2383,0,NORMAL,16.6,1.6,1.4,2.1
10765,0.5372,0,NORMAL,17.7,2.8,4.9,4.5
10766,0.3106,0,NORMAL,18.3,3.8,5.6,4.4
10767,0.2054,0,NORMAL,19.1,2.4,3.5,3.4
10768,0.2086,0,NORMAL,19.1,1.3,2.4,3.0
10769,0.9209,0,WARNING,20.1,3.9,3.2,3.9
10770,0.1793,0,NORMAL,20.0,1.4,3.7,4.3
10771,0.3773,0,NORMAL,20.5,2.2,3.7,3.9
10772,0.6166,0,WARNING,19.9,2.9,3.1,4.4
10773,0.1986,0,NORMAL,20.8,1.6,4.2,4.3
10774,0.1928,0,NORMAL,20.4,1.7,3.8,3.6
10775,0.2046,0,NORMAL,21.1,2.1,5.0,5.5
10776,0.3099,0,NORMAL,20.5,2.3,3.4,3.4
10777,0.2087,0,NORMAL,21.2,1.7,2.6,2.7
10778,0.2044,0,NORMAL,21.0,1.4,2.4,2.7
10779,0.1994,0,NORMAL,21.4,1.9,4.4,4.8
10780,0.1852,0,NORMAL,21.5,1.9,4.1,3.8
10781,0.1957,0,NORMAL,21.7,3.2,4.4,3.5
10782,0.3139,0,NORMAL,21.4,2.0,2.5,3.0
10783,0.2087,0,NORMAL,21.6,1.3,2.3,2.7
10784,0.228,0,NORMAL,20.2,1.3,1.9,2.6
10785,0.2206,0,NORMAL,17.7,1.3,3.1,5.3
10786,0.4411,0,NORMAL,16.4,4.2,7.1,5.7
10787,0.2117,0,NORMAL,16.9,1.4,3.5,3.3
10788,0.2166,0,NORMAL,17.2,1.3,2.5,2.9
10789,0.2229,0,NORMAL,17.7,1.1,2.1,2.8
10790,0.8588,0,WARNING,17.8,3.2,3.8,4.5
10791,0.2298,0,NORMAL,18.1,1.8,3.0,3.4
10792,0.316,0,NORMAL,18.4,2.0,2.4,3.1
10793,0.2044,0,NORMAL,19.1,1.5,3.2,3.9
10794,0.2259,0,NORMAL,18.5,1.0,1.9,2.5
10795,0.6897,0,WARNING,20.0,4.1,4.6,4.2
10796,0.4355,0,NORMAL,19.7,3.8,5.3,4.4
10797,0.1919,0,NORMAL,19.9,1.7,2.9,3.6
10798,0.2087,0,NORMAL,20.0,1.3,2.2,3.0
10799,0.2024,0,NORMAL,20.2,1.6,2.8,3.3
10800,0.6867,0,WARNING,18.3,3.9,4.9,4.3
10801,0.1894,0,NORMAL,16.0,2.6,4.1,4.5
10802,0.309,0,NORMAL,16.8,2.8,3.9,4.3
10803,0.187,0,NORMAL,17.3,1.3,3.2,3.4
10804,0.8826,0,WARNING,17.2,3.6,2.0,2.0
10805,0.2036,0,NORMAL,18.0,2.0,3.4,3.7
10806,0.3131,0,NORMAL,18.3,2.9,4.1,3.5
10807,0.1928,0,NORMAL,19.0,2.4,4.3,3.8
10808,0.2075,0,NORMAL,18.8,1.1,2.5,2.8
10809,0.2231,0,NORMAL,20.1,1.4,4.0,6.9
10810,0.7881,0,WARNING,20.3,3.4,6.1,8.8
10811,0.1852,0,NORMAL,20.2,2.9,6.2,6.0
10812,0.7352,0,WARNING,19.7,3.9,3.7,3.3
10813,0.2962,0,NORMAL,20.2,1.8,3.9,5.0
10814,0.19,0,NORMAL,20.0,1.2,3.4,3.3
10815,1.0,0,ANOMALY,26.8,9.7,4.3,4.3
10816,0.4857,0,NORMAL,20.1,3.3,3.9,4.2
10817,0.9452,0,WARNING,20.6,4.9,4.9,4.6
10818,0.1872,0,NORMAL,20.1,1.9,3.0,3.5
10819,0.2952,0,NORMAL,21.4,1.9,3.1,4.8
10820,0.57,0,NORMAL,19.6,2.9,7.5,10.8
10821,0.8782,0,WARNING,18.2,4.6,10.1,11.8
10822,0.4437,0,NORMAL,18.2,2.7,7.0,9.5
10823,0.7252,0,WARNING,17.5,2.2,3.4,3.6
10824,0.2298,0,NORMAL,17.5,1.0,1.7,2.3
10825,0.2,0,NORMAL,18.3,2.2,3.3,3.0
10826,0.3079,0,NORMAL,18.4,2.7,3.1,3.2
10827,0.8826,0,WARNING,19.0,3.9,3.6,3.4
10828,0.2173,0,NORMAL,18.9,0.9,1.9,2.8
10829,0.2045,0,NORMAL,19.2,1.4,2.4,3.0
10830,0.2052,0,NORMAL,19.6,1.9,3.4,3.7
10831,0.2008,0,NORMAL,20.0,2.2,3.7,4.1
10832,0.9351,0,WARNING,19.8,4.6,2.6,2.7
10833,0.213,0,NORMAL,20.2,1.4,2.6,3.0
10834,0.2383,0,NORMAL,19.9,1.0,1.5,1.9
10835,0.4504,0,NORMAL,20.5,2.9,3.5,3.0
10836,0.4399,0,NORMAL,20.9,3.8,4.3,3.9
10837,0.8575,0,WARNING,21.2,4.0,4.0,3.8
10838,0.213,0,NORMAL,20.5,1.2,2.1,2.6
10839,0.2172,0,NORMAL,20.7,1.1,1.9,2.5
10840,0.2136,0,NORMAL,21.5,2.4,4.1,4.0
10841,0.3174,0,NORMAL,18.2,3.2,4.0,4.1
10842,0.4359,0,NORMAL,15.8,3.0,3.3,3.1
10843,0.2131,0,NORMAL,16.7,1.0,2.1,3.0
10844,0.2425,0,NORMAL,16.9,1.3,1.6,1.9
10845,0.2218,0,NORMAL,17.6,2.1,3.7,4.2
10846,0.8281,0,WARNING,18.3,5.0,4.6,3.4
10847,0.1958,0,NORMAL,19.1,2.1,3.4,3.3
10848,0.2001,0,NORMAL,19.0,1.4,2.4,2.8
10849,0.2204,0,NORMAL,19.5,1.2,2.4,2.4
10850,0.2408,0,NORMAL,19.7,1.8,2.9,3.4
10851,0.8506,0,WARNING,20.1,4.0,2.4,3.1
10852,0.3064,0,NORMAL,20.0,2.5,2.7,3.2
10853,0.23,0,NORMAL,20.5,1.6,2.1,2.7
10854,0.2506,0,NORMAL,20.3,1.4,1.6,2.7
10855,0.2255,0,NORMAL,21.4,2.4,3.8,3.4
10856,0.4339,0,NORMAL,21.1,3.6,3.5,3.2
10857,0.9031,0,WARNING,21.7,5.1,3.8,3.7
10858,0.2129,0,NORMAL,21.0,1.1,1.9,2.9
10859,0.2305,0,NORMAL,21.5,0.8,1.4,2.8
10860,0.2185,0,NORMAL,18.7,2.7,3.5,2.9
10861,0.2127,0,NORMAL,15.4,2.4,3.1,3.3
10862,0.3162,0,NORMAL,15.6,2.1,1.8,2.2
10863,0.2395,0,NORMAL,16.0,1.2,1.8,2.4
10864,0.2343,0,NORMAL,16.4,1.2,1.8,2.0
10865,0.2379,0,NORMAL,17.1,1.9,3.1,2.7
10866,0.3264,0,NORMAL,17.3,3.1,3.2,2.8
10867,0.8596,0,WARNING,18.0,4.1,3.3,3.6
10868,0.2131,0,NORMAL,18.2,1.2,2.4,2.8
10869,0.2216,0,NORMAL,19.3,1.3,1.9,2.4
10870,0.2178,0,NORMAL,20.2,1.9,3.1,3.9
10871,0.2053,0,NORMAL,20.6,2.4,3.9,3.8
10872,0.858,0,WARNING,20.3,4.7,3.3,3.3
10873,0.2203,0,NORMAL,20.6,1.1,2.1,2.3
10874,0.2344,0,NORMAL,20.5,1.1,1.8,2.4
10875,0.2315,0,NORMAL,21.3,2.6,3.9,3.9
10876,0.5397,0,NORMAL,21.5,4.3,4.6,3.9
10877,0.826,0,WARNING,21.9,3.9,4.1,4.4
10878,0.2085,0,NORMAL,21.5,1.9,2.7,3.4
10879,0.3167,0,NORMAL,21.9,2.3,3.1,3.3
10880,0.2035,0,NORMAL,21.6,1.7,3.4,3.8
10881,0.2249,0,NORMAL,21.9,2.9,4.5,4.1
10882,1.0,0,ANOMALY,22.3,8.7,3.2,3.2
10883,0.3077,0,NORMAL,22.0,1.1,1.8,2.6
10884,0.2084,0,NORMAL,21.4,1.3,2.6,3.2
10885,0.2049,0,NORMAL,18.6,2.7,4.7,4.0
10886,0.5367,0,NORMAL,16.5,3.2,4.0,4.1
10887,1.0,0,ANOMALY,17.5,7.6,3.1,3.8
10888,0.2933,0,NORMAL,17.6,1.6,3.3,4.2
10889,0.2014,0,NORMAL,18.3,1.3,2.8,3.9
10890,0.1908,0,NORMAL,18.5,2.6,4.3,4.2
10891,0.9031,0,WARNING,19.3,4.3,5.2,5.9
10892,0.4263,0,NORMAL,19.3,2.4,3.8,4.8
10893,0.1834,0,NORMAL,19.5,1.5,4.1,4.9
10894,0.1982,0,NORMAL,19.5,1.9,4.7,5.1
10895,0.1952,0,NORMAL,20.1,2.7,6.0,5.8
10896,0.531,0,NORMAL,20.4,3.8,6.0,5.7
10897,0.1793,0,NORMAL,21.0,2.2,5.4,6.4
10898,0.5277,0,NORMAL,20.7,2.3,4.0,4.6
10899,0.2172,0,NORMAL,20.9,1.4,2.5,2.6
10900,0.2,0,NORMAL,20.9,2.1,3.0,3.2
10901,0.1957,0,NORMAL,21.3,2.7,3.8,3.4
10902,0.4351,0,NORMAL,21.1,2.3,1.9,2.0
10903,0.2257,0,NORMAL,21.2,1.2,1.9,2.4
10904,0.6905,0,WARNING,21.1,2.3,2.0,2.5
10905,0.2076,0,NORMAL,22.1,2.3,3.8,3.9
10906,0.4402,0,NORMAL,19.0,4.0,7.4,7.3
10907,0.2172,0,NORMAL,16.0,2.0,2.9,2.6
10908,0.4341,0,NORMAL,16.4,2.0,2.8,3.4
10909,0.2258,0,NORMAL,17.0,1.4,2.2,2.5
10910,0.2259,0,NORMAL,17.1,1.7,2.1,2.4
10911,0.951,0,WARNING,17.7,2.8,3.7,4.9
10912,0.4327,0,NORMAL,17.9,2.1,2.6,3.1
10913,0.6177,0,WARNING,18.2,2.9,3.0,3.6
10914,0.2343,0,NORMAL,18.0,1.1,1.6,2.8
10915,0.2117,0,NORMAL,18.9,2.2,4.0,4.4
10916,0.7832,0,WARNING,19.3,5.4,5.7,5.6
10917,0.8215,0,WARNING,19.9,4.5,4.5,4.5
10918,0.9463,0,WARNING,19.9,3.4,2.9,4.3
10919,0.2123,0,NORMAL,20.2,1.2,2.7,4.1
10920,0.1774,0,NORMAL,18.1,2.3,4.2,4.3
10921,0.1774,0,NORMAL,16.1,3.9,6.3,6.6
10922,0.5247,0,NORMAL,16.4,2.7,3.9,5.1
10923,0.1841,0,NORMAL,17.0,1.5,4.1,5.3
10924,0.1935,0,NORMAL,16.9,1.6,3.3,4.5
10925,0.1918,0,NORMAL,17.8,2.5,6.0,6.8
10926,0.3009,0,NORMAL,19.1,4.4,7.2,7.1
10927,0.1613,0,NORMAL,19.7,2.2,6.0,7.5
10928,0.2928,0,NORMAL,19.1,1.9,5.4,7.3
10929,0.1781,0,NORMAL,19.6,1.7,5.4,7.3
10930,0.1705,0,NORMAL,20.5,2.7,6.4,7.5
10931,0.1925,0,NORMAL,20.9,3.6,7.9,8.7
10932,0.4146,0,NORMAL,20.4,2.8,4.9,5.9
10933,0.2298,0,NORMAL,20.7,1.0,2.0,2.3
10934,0.2086,0,NORMAL,20.6,1.1,2.1,2.9
10935,0.5349,0,NORMAL,21.2,3.4,4.1,4.2
10936,0.3092,0,NORMAL,21.1,3.7,4.8,4.2
10937,0.1843,0,NORMAL,18.6,2.4,3.7,4.6
10938,0.2449,0,NORMAL,15.3,1.7,2.9,3.9
10939,0.1915,0,NORMAL,16.2,1.7,2.9,3.5
10940,0.2131,0,NORMAL,17.0,2.5,3.3,2.7
10941,0.204,0,NORMAL,17.8,2.9,4.1,3.6
10942,0.6189,0,WARNING,17.9,2.7,2.6,3.2
10943,0.7429,0,WARNING,18.9,2.4,2.2,2.6
10944,0.2258,0,NORMAL,18.6,0.9,1.7,2.4
10945,0.2115,0,NORMAL,19.2,2.6,4.2,4.2
10946,0.9563,0,WARNING,19.4,4.1,3.9,3.3
10947,0.9991,0,WARNING,20.1,5.3,3.2,3.3
10948,0.2172,0,NORMAL,19.6,1.2,1.9,2.5
10949,0.2087,0,NORMAL,20.2,1.2,2.7,3.0
10950,0.2062,0,NORMAL,20.5,2.6,3.9,3.4
10951,0.9801,0,WARNING,21.1,4.9,4.4,4.4
10952,0.3094,0,NORMAL,21.1,3.3,4.8,4.5
10953,0.1928,0,NORMAL,21.6,1.6,3.4,3.9
10954,0.2,0,NORMAL,21.3,1.4,2.8,3.1
10955,0.8827,0,WARNING,21.4,3.7,3.7,3.4
10956,0.9465,0,WARNING,21.4,4.1,3.7,3.3
10957,0.2208,0,NORMAL,21.7,1.1,1.9,2.5
10958,0.2276,0,NORMAL,21.4,1.2,2.1,2.8
10959,0.5576,0,NORMAL,21.6,2.6,2.3,2.9
10960,0.2234,0,NORMAL,22.2,2.5,3.7,3.5
10961,0.2048,0,NORMAL,19.1,2.2,3.6,4.3
10962,0.3101,0,NORMAL,16.2,2.0,2.0,2.8
10963,0.2068,0,NORMAL,16.6,1.1,2.1,3.0
10964,0.2258,0,NORMAL,16.8,1.5,1.9,2.4
10965,0.2237,0,NORMAL,17.8,1.8,3.7,4.3
10966,0.3199,0,NORMAL,18.5,3.6,5.6,5.4
10967,0.4364,0,NORMAL,19.2,2.9,5.0,4.2
10968,0.433,0,NORMAL,19.0,1.7,2.6,3.8
10969,0.1961,0,NORMAL,19.5,1.4,2.7,3.7
10970,0.1994,0,NORMAL,19.6,2.1,3.5,3.8
10971,0.1995,0,NORMAL,20.3,2.4,3.8,3.7
10972,0.9757,0,WARNING,20.1,5.9,3.9,4.4
10973,0.2119,0,NORMAL,20.5,1.6,2.8,3.6
10974,0.2134,0,NORMAL,20.6,1.4,3.4,4.0
10975,0.2043,0,NORMAL,22.1,2.9,5.2,4.8
10976,0.9754,0,WARNING,21.6,5.4,5.3,5.0
10977,0.2028,0,NORMAL,21.7,2.0,3.4,3.7
10978,0.2214,0,NORMAL,21.3,1.0,1.8,2.7
10979,0.2168,0,NORMAL,21.9,1.3,2.2,3.0
10980,0.213,0,NORMAL,15.8,1.7,2.4,2.7
10981,0.2117,0,NORMAL,10.0,1.9,4.2,5.1
10982,0.3131,0,NORMAL,10.1,2.2,4.4,6.3
10983,0.1996,0,NORMAL,11.3,1.5,3.3,3.7
10984,0.2212,0,NORMAL,11.9,1.5,2.6,2.7
10985,0.5364,0,NORMAL,12.9,3.3,4.2,3.8
10986,0.5361,0,NORMAL,13.0,3.2,4.3,4.8
10987,0.1979,0,NORMAL,13.9,2.4,4.0,3.6
10988,0.2045,0,NORMAL,13.6,1.2,2.6,3.0
10989,0.2088,0,NORMAL,13.9,1.3,2.1,3.2
10990,0.5379,0,NORMAL,14.2,3.1,3.6,3.8
10991,0.2087,0,NORMAL,15.1,2.6,5.5,5.5
10992,0.2136,0,NORMAL,14.9,2.6,2.9,3.0
10993,0.2215,0,NORMAL,15.4,1.5,2.1,2.5
10994,0.6875,0,WARNING,15.1,2.3,1.5,1.8
10995,0.2238,0,NORMAL,16.0,2.5,4.4,4.5
10996,0.5371,0,NORMAL,16.1,4.2,5.3,5.4
10997,0.2177,0,NORMAL,16.1,2.6,4.8,5.6
10998,0.2216,0,NORMAL,15.8,2.3,3.0,3.2
10999,0.2133,0,NORMAL,16.2,1.8,2.3,3.5
11000,0.2043,0,NORMAL,16.7,2.0,3.4,3.7
11001,0.2182,0,NORMAL,16.4,2.3,3.9,4.1
11002,0.8824,0,WARNING,13.0,3.6,3.0,3.1
11003,0.956,0,WARNING,10.1,3.4,2.0,2.7
11004,0.9993,0,WARNING,10.7,8.2,2.1,2.4
11005,0.2152,0,NORMAL,11.7,1.8,3.7,3.4
11006,0.2983,0,NORMAL,12.3,3.3,4.0,3.6
11007,0.2215,0,NORMAL,12.9,1.5,2.7,2.9
11008,0.2239,0,NORMAL,13.0,1.2,2.0,3.1
11009,0.9684,0,WARNING,13.5,3.9,2.0,2.5
11010,0.2172,0,NORMAL,13.8,2.8,4.1,3.6
11011,0.2128,0,NORMAL,14.3,2.9,4.9,4.4
11012,0.3033,0,NORMAL,14.3,2.7,3.3,3.5
11013,0.6841,0,WARNING,14.9,2.7,2.5,3.4
11014,0.2424,0,NORMAL,14.5,1.0,1.6,1.9
11015,0.2281,0,NORMAL,15.1,2.2,3.5,3.1
11016,0.3184,0,NORMAL,15.6,3.9,5.1,4.2
11017,0.2001,0,NORMAL,15.7,2.0,2.9,3.2
11018,0.8575,0,WARNING,15.6,4.9,2.0,2.5
11019,0.2341,0,NORMAL,15.8,1.2,1.7,2.0
11020,0.2099,0,NORMAL,16.5,2.4,3.6,3.4
11021,0.2046,0,NORMAL,16.7,2.4,3.4,2.9
11022,0.2215,0,NORMAL,16.1,2.3,2.1,2.8
11023,0.827,0,WARNING,16.4,3.4,2.5,2.9
11024,0.213,0,NORMAL,16.2,1.1,1.9,2.8
11025,0.2197,0,NORMAL,17.3,4.1,6.0,3.5
11026,0.7144,0,WARNING,16.3,4.6,5.0,5.5
11027,0.299,0,NORMAL,13.3,2.8,3.7,4.3
11028,0.2106,0,NORMAL,10.8,1.4,2.2,3.1
11029,0.1897,0,NORMAL,11.5,1.6,2.6,3.1
11030,0.1962,0,NORMAL,12.0,2.6,4.1,4.2
11031,0.1857,0,NORMAL,13.6,2.9,4.5,4.3
11032,0.5334,0,NORMAL,13.6,3.4,2.8,3.8
11033,0.1847,0,NORMAL,14.2,1.9,3.2,4.3
11034,0.3397,0,NORMAL,14.3,1.8,2.6,3.5
11035,0.2527,0,NORMAL,14.9,3.0,4.9,5.7
11036,0.4245,0,NORMAL,14.7,3.4,4.6,4.9
11037,0.4233,0,NORMAL,15.0,2.6,3.7,4.7
11038,0.2287,0,NORMAL,14.8,1.7,2.2,3.4
11039,0.4347,0,NORMAL,15.2,2.0,2.6,3.8
11040,0.5724,0,NORMAL,15.4,3.0,4.1,4.8
11041,0.2285,0,NORMAL,16.0,3.7,5.4,5.0
11042,0.9994,0,WARNING,15.9,5.2,2.4,3.0
11043,0.2733,0,NORMAL,16.3,1.8,2.5,3.6
11044,0.2109,0,NORMAL,16.4,1.7,2.1,3.0
11045,0.1903,0,NORMAL,17.8,3.0,4.6,4.3
11046,0.4311,0,NORMAL,18.0,3.7,4.9,5.4
11047,0.1629,0,NORMAL,18.8,3.2,4.8,4.7
11048,0.2173,0,NORMAL,18.6,1.0,2.0,2.8
11049,0.3081,0,NORMAL,19.2,1.4,1.8,2.6
11050,0.2082,0,NORMAL,19.2,2.1,3.2,3.8
11051,0.7434,0,WARNING,19.1,3.6,3.4,3.5
11052,0.5368,0,NORMAL,18.7,2.0,1.7,2.3
11053,0.2215,0,NORMAL,19.1,1.3,1.7,2.4
11054,0.2173,0,NORMAL,18.9,1.3,3.0,2.5
11055,0.2174,0,NORMAL,20.2,3.2,5.1,4.1
11056,0.9466,0,WARNING,20.4,5.6,4.9,4.2
11057,0.1802,0,NORMAL,20.5,2.8,3.6,3.8
11058,0.2203,0,NORMAL,20.1,1.9,2.2,2.6
11059,0.2736,0,NORMAL,20.5,1.9,2.5,3.1
11060,0.1961,0,NORMAL,20.6,2.6,5.3,4.4
11061,0.213,0,NORMAL,20.6,2.5,3.4,2.7
11062,0.7889,0,WARNING,20.2,4.1,3.0,2.9
11063,0.2299,0,NORMAL,21.6,1.4,2.0,2.1
11064,0.963,0,WARNING,17.7,3.6,2.6,3.5
11065,0.2227,0,NORMAL,15.7,2.3,4.0,3.0
11066,0.3067,0,NORMAL,16.4,3.1,3.9,3.1
11067,0.3092,0,NORMAL,17.2,2.3,3.2,3.2
11068,0.2002,0,NORMAL,17.3,1.5,2.5,2.8
11069,0.2009,0,NORMAL,17.7,1.4,2.9,3.0
11070,0.2174,0,NORMAL,18.1,2.1,3.0,2.7
11071,0.2737,0,NORMAL,18.7,2.6,3.9,4.4
11072,0.8574,0,WARNING,18.7,4.3,3.7,3.6
11073,0.3113,0,NORMAL,18.9,1.4,1.6,1.5
11074,0.2258,0,NORMAL,18.8,1.1,1.7,2.4
11075,0.2167,0,NORMAL,19.6,2.5,4.1,3.5
11076,0.6899,0,WARNING,19.8,4.8,5.0,3.6
11077,0.1691,0,NORMAL,20.2,2.4,3.8,3.8
11078,0.1938,0,NORMAL,20.1,1.2,3.1,3.1
11079,0.2204,0,NORMAL,20.4,1.4,2.5,2.6
11080,0.2205,0,NORMAL,21.2,2.5,3.5,2.8
11081,0.2131,0,NORMAL,21.7,2.8,4.7,3.9
11082,0.5394,0,NORMAL,21.2,3.1,2.7,2.6
11083,0.2382,0,NORMAL,21.3,1.3,1.7,2.0
11084,0.2341,0,NORMAL,21.1,1.3,1.9,2.1
11085,0.2477,0,NORMAL,22.0,4.3,6.4,4.0
11086,0.6879,0,WARNING,21.7,4.5,4.4,3.2
11087,0.6861,0,WARNING,22.3,3.5,4.0,3.9
11088,0.2861,0,NORMAL,21.9,1.5,3.3,3.4
11089,0.2823,0,NORMAL,22.1,1.2,2.5,2.8
11090,0.1984,0,NORMAL,21.0,2.4,5.0,4.9
11091,0.4366,0,NORMAL,18.5,3.9,5.3,4.8
11092,0.9996,0,WARNING,16.3,5.4,3.5,3.6
11093,0.178,0,NORMAL,17.1,1.4,3.2,3.7
11094,0.1702,0,NORMAL,17.3,1.4,5.8,4.8
11095,0.1568,0,NORMAL,18.3,2.6,6.5,6.5
11096,1.0,0,ANOMALY,18.6,7.0,5.9,4.9
11097,0.1923,0,NORMAL,20.1,2.8,5.5,4.8
11098,0.178,0,NORMAL,19.2,1.4,3.5,3.8
11099,0.1718,0,NORMAL,20.4,1.5,4.1,3.9
11100,0.1992,0,NORMAL,14.7,2.3,4.2,3.3
11101,0.2125,0,NORMAL,11.8,3.5,6.6,5.5
11102,0.9908,0,WARNING,12.5,4.1,3.4,3.2
11103,0.23,0,NORMAL,13.2,1.5,2.3,2.4
11104,0.2342,0,NORMAL,13.0,1.0,1.4,2.0
11105,0.2133,0,NORMAL,13.9,2.7,5.1,4.2
11106,0.5387,0,NORMAL,14.3,3.9,4.8,4.0
11107,0.8262,0,WARNING,15.0,3.6,4.2,4.1
11108,0.1979,0,NORMAL,14.9,1.3,2.7,3.2
11109,0.2257,0,NORMAL,15.2,1.3,2.0,2.5
11110,0.3034,0,NORMAL,15.5,1.9,3.7,3.5
11111,0.2108,0,NORMAL,16.1,2.6,4.0,3.4
11112,0.9837,0,WARNING,16.0,4.5,2.3,2.5
11113,0.2087,0,NORMAL,16.6,1.2,2.2,2.7
11114,0.3123,0,NORMAL,16.3,0.8,1.5,1.7
11115,0.2545,0,NORMAL,16.8,3.2,5.0,4.9
11116,0.7448,0,WARNING,16.8,4.3,4.5,4.3
11117,0.7423,0,WARNING,17.1,3.5,3.5,3.4
11118,0.2943,0,NORMAL,17.0,1.7,2.6,3.5
11119,0.2847,0,NORMAL,17.0,1.8,2.9,3.6
11120,0.2787,0,NORMAL,17.2,1.8,2.9,2.9
11121,0.3014,0,NORMAL,17.8,2.9,4.6,3.8
11122,0.8576,0,WARNING,17.9,4.8,4.3,3.8
11123,0.3443,0,NORMAL,18.0,1.2,2.5,2.7
11124,0.3368,0,NORMAL,17.6,1.1,2.0,2.0
11125,0.2345,0,NORMAL,14.5,2.4,4.5,4.4
11126,0.4405,0,NORMAL,11.1,4.2,5.2,3.5
11127,0.7892,0,WARNING,11.8,3.7,2.7,2.4
11128,0.8206,0,WARNING,12.2,2.7,2.9,3.9
11129,0.2216,0,NORMAL,12.9,1.3,2.6,2.6
11130,0.2047,0,NORMAL,13.1,1.9,3.8,3.4
11131,0.2115,0,NORMAL,14.3,2.6,4.8,4.5
11132,0.5356,0,NORMAL,14.5,3.6,4.5,4.5
11133,0.2215,0,NORMAL,15.0,1.4,2.9,2.6
11134,0.2216,0,NORMAL,14.5,1.2,1.9,2.5
11135,0.2068,0,NORMAL,15.1,1.7,3.2,4.3
11136,0.3187,0,NORMAL,15.0,2.9,4.7,4.2
11137,0.1959,0,NORMAL,15.5,2.9,6.1,5.3
11138,0.4373,0,NORMAL,15.2,2.0,3.2,3.2
11139,0.2257,0,NORMAL,15.4,1.5,2.6,2.6
11140,0.2087,0,NORMAL,15.5,2.9,3.8,3.0
11141,0.2216,0,NORMAL,16.1,2.5,3.7,2.9
11142,0.3181,0,NORMAL,15.8,3.0,3.3,3.0
11143,0.2299,0,NORMAL,16.0,1.4,1.9,2.3
11144,0.2173,0,NORMAL,15.5,1.2,2.2,2.7
11145,0.6243,0,WARNING,16.7,4.5,6.8,4.3
11146,0.4354,0,NORMAL,16.7,3.7,5.4,4.7
11147,0.1861,0,NORMAL,16.7,2.0,5.1,4.5
11148,0.1864,0,NORMAL,16.4,1.5,3.4,3.8
11149,0.1877,0,NORMAL,17.0,2.1,6.0,5.4
11150,0.1722,0,NORMAL,15.1,2.4,4.1,3.9
11151,0.1746,0,NORMAL,13.0,1.8,3.9,4.5
11152,0.4352,0,NORMAL,11.6,2.9,5.8,6.1
11153,0.6847,0,WARNING,12.5,3.1,6.1,5.6
11154,0.7394,0,WARNING,12.7,2.9,4.7,4.3
11155,0.1364,0,NORMAL,14.1,2.8,9.3,8.7
11156,0.6102,0,WARNING,14.3,4.6,9.2,8.3
11157,0.6756,0,WARNING,14.8,4.3,7.4,5.8
11158,0.3046,0,NORMAL,17.1,3.5,14.7,12.5
11159,0.1986,0,NORMAL,16.0,1.5,5.5,4.1
11160,0.6065,0,WARNING,13.3,2.9,6.8,6.1
11161,0.134,0,NORMAL,11.7,3.2,9.5,8.0
11162,0.4197,0,NORMAL,11.6,3.0,5.4,4.5
11163,0.1645,0,NORMAL,12.5,2.0,5.0,3.9
11164,0.1828,0,NORMAL,12.4,1.6,4.7,4.1
11165,0.1816,0,NORMAL,13.3,2.5,5.8,5.4
11166,0.4308,0,NORMAL,13.8,3.4,5.8,5.8
11167,0.1283,0,NORMAL,15.4,3.7,10.4,8.7
11168,0.8216,0,WARNING,14.0,2.8,5.1,4.2
11169,0.1764,0,NORMAL,14.4,1.4,3.6,3.6
11170,0.7701,0,WARNING,15.4,3.9,4.7,4.0
11171,0.1652,0,NORMAL,15.2,2.7,4.7,3.9
11172,0.1699,0,NORMAL,15.7,3.2,7.9,7.4
11173,0.8541,0,WARNING,14.8,3.6,3.7,3.6
11174,0.1615,0,NORMAL,16.1,2.5,8.8,7.9
11175,0.1533,0,NORMAL,17.2,3.4,7.5,6.3
11176,0.6093,0,WARNING,18.2,4.6,11.1,9.4
11177,0.8635,0,WARNING,22.4,9.4,41.1,31.2
11178,0.7493,0,WARNING,18.5,6.2,31.7,24.3
11179,0.5638,0,NORMAL,13.3,2.8,11.9,8.4
11180,0.257,0,NORMAL,13.1,2.4,7.3,6.4
11181,0.7194,0,WARNING,14.1,5.0,8.0,6.1
11182,0.397,0,NORMAL,15.4,4.6,14.5,11.9
11183,0.3831,0,NORMAL,14.4,2.0,9.8,5.7
11184,0.134,0,NORMAL,16.1,2.2,8.7,7.6
11185,0.1392,0,NORMAL,15.8,3.4,10.7,8.8
11186,0.3047,0,NORMAL,16.6,5.3,18.9,13.4
11187,0.2756,0,NORMAL,16.5,3.5,13.9,10.8
11188,0.1454,0,NORMAL,16.1,2.8,11.1,8.0
11189,0.1793,0,NORMAL,16.3,2.4,9.4,7.7
11190,0.1225,0,NORMAL,15.9,2.6,8.6,7.3
11191,0.1306,0,NORMAL,16.6,2.8,10.1,9.0
11192,0.412,0,NORMAL,16.0,3.3,8.7,7.6
11193,0.1555,0,NORMAL,16.2,1.9,7.7,6.2
11194,0.1054,0,NORMAL,16.4,2.4,9.8,8.5
11195,0.8791,0,WARNING,15.4,5.7,10.8,9.4
11196,0.41,0,NORMAL,14.2,4.6,10.3,7.8
11197,0.2055,0,NORMAL,13.9,2.3,7.8,6.8
11198,0.1635,0,NORMAL,13.6,1.4,5.0,4.5
11199,0.1723,0,NORMAL,14.6,2.0,8.2,7.6
11200,0.144,0,NORMAL,15.2,3.1,8.4,6.3
11201,0.1425,0,NORMAL,15.9,3.4,8.2,6.5
11202,0.9331,0,WARNING,15.5,5.6,6.6,6.2
11203,0.1206,0,NORMAL,16.3,2.2,7.6,6.9
11204,0.6776,0,WARNING,16.0,3.3,7.0,6.3
11205,0.1164,0,NORMAL,17.4,3.9,11.6,8.7
11206,0.2873,0,NORMAL,17.2,3.9,11.3,9.6
11207,0.1642,0,NORMAL,17.5,3.4,12.0,8.6
11208,0.8499,0,WARNING,18.3,4.1,12.8,11.5
11209,0.2733,0,NORMAL,17.8,2.5,8.5,7.2
11210,0.2145,0,NORMAL,18.0,3.4,11.2,9.9
11211,0.2398,0,NORMAL,18.1,3.1,10.0,8.5
11212,0.5124,0,NORMAL,15.2,3.5,9.9,9.4
11213,0.1301,0,NORMAL,12.5,2.3,9.4,8.0
11214,0.2752,0,NORMAL,13.7,3.2,14.8,12.9
11215,0.6542,0,WARNING,16.0,4.8,24.8,19.0
11216,0.6466,0,WARNING,17.5,6.7,27.3,23.6
11217,0.5962,0,NORMAL,18.1,5.3,19.4,15.1
11218,0.3071,0,NORMAL,18.2,3.1,16.7,13.9
11219,0.6462,0,WARNING,17.4,3.7,10.8,9.4
11220,0.1622,0,NORMAL,18.3,3.5,12.5,10.8
11221,0.3853,0,NORMAL,18.6,4.2,9.7,8.2
11222,0.3936,0,NORMAL,21.4,4.8,16.7,13.8
11223,0.8733,0,WARNING,22.9,6.2,26.3,21.8
11224,0.7784,0,WARNING,24.6,7.1,34.1,26.2
11225,0.5965,0,NORMAL,25.3,6.0,27.2,19.3
11226,0.4653,0,NORMAL,22.8,4.4,12.3,9.6
11227,0.4652,0,NORMAL,23.2,3.7,10.3,9.9
11228,0.1531,0,NORMAL,22.4,2.4,6.1,5.7
11229,0.1395,0,NORMAL,23.0,2.8,9.5,9.1
11230,0.1519,0,NORMAL,24.2,2.4,10.0,10.1
11231,0.1541,0,NORMAL,23.6,3.0,11.0,11.6
11232,0.2747,0,NORMAL,22.8,3.5,9.2,8.4
11233,0.204,0,NORMAL,23.1,2.4,9.0,7.8
11234,0.8504,0,WARNING,21.1,4.3,13.2,12.8
11235,0.2734,0,NORMAL,19.2,4.6,14.9,13.0
11236,0.398,0,NORMAL,21.9,6.3,16.6,13.1
11237,0.3706,0,NORMAL,22.1,4.7,16.0,13.7
11238,0.308,0,NORMAL,22.5,3.9,15.7,13.4
11239,0.4902,0,NORMAL,21.4,3.6,10.1,9.0
11240,0.1342,0,NORMAL,22.3,3.7,12.3,10.1
11241,0.1783,0,NORMAL,23.2,3.3,11.3,9.5
11242,0.5284,0,NORMAL,22.9,4.5,10.4,8.6
11243,0.6085,0,WARNING,23.5,3.9,12.6,11.3
11244,0.3252,0,NORMAL,23.6,3.4,16.3,13.6
11245,0.3881,0,NORMAL,24.4,3.8,10.9,8.9
11246,0.4258,0,NORMAL,25.7,6.0,18.2,13.9
11247,0.3803,0,NORMAL,24.7,3.8,16.4,14.3
11248,0.2206,0,NORMAL,20.8,2.3,10.2,9.6
11249,0.1376,0,NORMAL,19.2,2.7,11.1,10.0
11250,0.1476,0,NORMAL,19.3,3.5,9.0,6.8
11251,0.6692,0,WARNING,22.4,6.1,17.2,14.6
11252,0.2805,0,NORMAL,20.9,3.7,11.5,9.0
11253,0.9305,0,WARNING,21.3,4.6,7.9,7.0
11254,0.1519,0,NORMAL,21.1,1.6,5.2,5.6
11255,0.287,0,NORMAL,22.7,3.9,13.0,12.1
11256,0.9436,0,WARNING,24.9,7.0,12.8,10.6
11257,0.3231,0,NORMAL,23.0,3.4,10.4,9.0
11258,0.195,0,NORMAL,23.3,2.8,12.7,11.3
11259,0.2068,0,NORMAL,22.9,2.1,7.9,7.0
11260,0.2593,0,NORMAL,24.4,4.2,14.7,12.0
11261,0.9538,0,WARNING,24.8,6.0,12.1,9.6
11262,0.2725,0,NORMAL,24.0,3.6,10.2,8.5
11263,0.2052,0,NORMAL,23.5,2.7,11.0,9.7
11264,0.1781,0,NORMAL,20.8,3.0,13.2,11.1
11265,0.2353,0,NORMAL,20.0,5.3,13.6,9.3
11266,0.5037,0,NORMAL,20.6,4.0,9.5,7.9
11267,0.8149,0,WARNING,23.6,6.1,18.0,14.5
11268,0.3763,0,NORMAL,20.8,2.7,11.6,9.8
11269,0.145,0,NORMAL,21.5,2.8,12.0,10.2
11270,0.124,0,NORMAL,22.1,3.2,10.6,9.0
11271,0.1696,0,NORMAL,22.3,3.9,13.8,11.8
11272,0.2648,0,NORMAL,21.8,2.7,7.7,7.2
11273,0.8491,0,WARNING,22.6,4.4,8.9,8.2
11274,0.1478,0,NORMAL,22.3,2.3,10.0,9.1
11275,0.1928,0,NORMAL,24.3,3.5,12.5,11.5
11276,0.4003,0,NORMAL,24.2,5.3,16.0,14.2
11277,0.2494,0,NORMAL,24.2,4.3,15.4,11.9
11278,0.2508,0,NORMAL,23.8,2.9,13.7,11.8
11279,0.7715,0,WARNING,22.2,3.9,11.8,9.4
11280,0.1379,0,NORMAL,19.0,3.2,11.5,8.4
11281,0.2734,0,NORMAL,20.7,4.4,16.3,13.3
11282,0.3867,0,NORMAL,21.5,4.5,11.5,9.8
11283,0.6614,0,WARNING,22.6,3.9,10.3,9.4
11284,0.2576,0,NORMAL,22.9,3.6,10.8,10.4
11285,0.3134,0,NORMAL,24.0,4.2,13.0,11.0
11286,0.4657,0,NORMAL,25.2,5.9,20.0,15.2
11287,0.5815,0,NORMAL,24.3,5.2,14.1,11.2
11288,0.5368,0,NORMAL,26.4,3.5,13.7,10.9
11289,0.8948,0,WARNING,24.9,5.4,13.7,10.5
11290,0.249,0,NORMAL,24.4,3.8,9.3,8.0
11291,0.2394,0,NORMAL,24.4,4.0,10.4,9.1
11292,0.9975,0,WARNING,25.5,6.4,11.1,9.7
11293,0.3131,0,NORMAL,26.5,2.5,11.5,9.4
11294,0.189,0,NORMAL,22.9,2.7,10.4,8.4
11295,0.1929,0,NORMAL,21.4,3.5,10.8,13.3
11296,0.5947,0,NORMAL,19.5,4.1,9.3,9.2
11297,0.1534,0,NORMAL,20.4,3.0,8.9,8.2
11298,0.8164,0,WARNING,21.8,5.5,13.2,11.0
11299,0.4136,0,NORMAL,21.3,4.3,14.2,12.6
11300,0.2113,0,NORMAL,22.5,4.0,15.3,12.1
11301,0.2351,0,NORMAL,23.1,4.2,15.0,11.2
11302,0.7714,0,WARNING,22.1,5.8,11.6,10.4
11303,0.1844,0,NORMAL,22.9,3.0,12.1,10.0
11304,0.9785,0,WARNING,22.5,5.8,11.9,9.3
11305,0.1675,0,NORMAL,22.7,3.3,10.9,9.5
11306,0.5026,0,NORMAL,23.0,5.2,12.3,10.5
11307,0.9147,0,WARNING,24.3,6.7,16.3,13.5
11308,0.2685,0,NORMAL,22.7,2.8,12.8,10.1
11309,0.1669,0,NORMAL,21.4,2.9,11.9,10.3
11310,0.2277,0,NORMAL,19.7,3.2,13.5,12.1
11311,0.1608,0,NORMAL,20.9,3.1,12.1,11.1
11312,0.9306,0,WARNING,22.4,5.3,12.2,10.3
11313,0.1893,0,NORMAL,21.5,2.4,7.5,6.7
11314,0.727,0,WARNING,20.8,3.8,9.4,8.0
11315,0.1984,0,NORMAL,22.7,3.7,14.6,13.4
11316,0.6682,0,WARNING,24.6,5.2,15.3,13.0
11317,0.9301,0,WARNING,23.0,4.5,12.6,9.2
11318,0.1576,0,NORMAL,22.5,2.8,10.9,8.8
11319,0.1638,0,NORMAL,22.9,3.0,10.8,10.3
11320,0.1233,0,NORMAL,22.4,3.2,11.2,9.1
11321,0.2911,0,NORMAL,24.1,4.6,17.7,13.3
11322,0.395,0,NORMAL,24.9,4.8,14.5,11.1
11323,0.8139,0,WARNING,26.3,4.1,11.1,9.2
11324,0.2452,0,NORMAL,25.1,2.7,12.0,8.0
11325,0.1225,0,NORMAL,21.7,3.9,13.5,10.8
11326,0.5878,0,NORMAL,21.1,5.2,16.4,13.2
11327,0.8434,0,WARNING,22.2,6.0,20.0,15.5
11328,0.3303,0,NORMAL,22.2,3.7,16.9,13.5
11329,0.8056,0,WARNING,22.6,5.1,14.0,11.8
11330,0.195,0,NORMAL,21.9,3.6,10.5,10.5
11331,0.2429,0,NORMAL,23.0,4.7,14.6,13.2
11332,0.7162,0,WARNING,22.1,5.1,12.4,10.6
11333,0.2429,0,NORMAL,23.3,4.3,13.9,12.9
11334,0.3805,0,NORMAL,22.4,4.0,13.3,10.4
11335,0.1934,0,NORMAL,23.0,4.1,12.4,12.5
11336,1.0,0,ANOMALY,25.1,9.4,18.0,16.8
11337,0.3298,0,NORMAL,24.1,4.7,15.8,13.3
11338,0.4816,0,NORMAL,22.5,4.2,14.9,13.3
11339,0.4312,0,NORMAL,20.7,4.5,16.7,14.4
11340,0.3684,0,NORMAL,18.0,4.3,12.3,9.6
11341,0.3712,0,NORMAL,16.8,4.5,12.9,12.0
11342,0.3744,0,NORMAL,17.8,4.2,12.0,10.5
11343,0.2443,0,NORMAL,18.1,3.3,10.7,10.0
11344,0.4953,0,NORMAL,17.7,3.5,11.8,10.2
11345,0.988,0,WARNING,18.5,6.2,11.7,10.1
11346,0.3374,0,NORMAL,19.7,5.3,16.6,13.6
11347,0.5082,0,NORMAL,19.9,5.3,20.2,17.4
11348,0.7169,0,WARNING,19.2,4.2,11.8,10.2
11349,0.1949,0,NORMAL,18.1,2.2,5.9,5.4
11350,0.1491,0,NORMAL,18.2,3.9,9.7,9.4
11351,0.4562,0,NORMAL,19.3,3.2,10.9,6.9
11352,0.5063,0,NORMAL,20.0,4.3,15.6,13.0
11353,0.2746,0,NORMAL,18.8,2.4,8.4,7.2
11354,0.2155,0,NORMAL,19.1,2.5,9.4,9.2
11355,0.6772,0,WARNING,20.4,7.0,25.9,21.8
11356,0.5441,0,NORMAL,16.1,5.8,16.7,12.5
11357,0.2499,0,NORMAL,17.5,4.5,15.0,10.9
11358,0.2954,0,NORMAL,16.8,3.6,11.8,9.9
11359,0.373,0,NORMAL,18.4,4.6,17.0,14.1
11360,0.5591,0,NORMAL,20.4,5.3,23.7,18.2
11361,0.4044,0,NORMAL,21.2,5.3,18.9,13.4
11362,0.4848,0,NORMAL,21.1,4.5,14.0,10.9
11363,0.2775,0,NORMAL,19.7,2.4,9.5,8.3
11364,0.2796,0,NORMAL,20.0,2.8,12.3,10.2
11365,0.2953,0,NORMAL,20.7,4.2,14.6,11.1
11366,0.8136,0,WARNING,21.1,6.8,16.7,12.7
11367,0.338,0,NORMAL,20.6,3.1,11.5,10.2
11368,0.3455,0,NORMAL,19.8,2.6,10.8,9.6
11369,0.2619,0,NORMAL,18.6,3.5,13.5,11.7
11370,0.135,0,NORMAL,14.6,2.7,10.3,8.4
11371,0.2042,0,NORMAL,16.6,4.4,14.9,11.6
11372,0.8481,0,WARNING,18.0,5.9,14.3,10.8
11373,0.1715,0,NORMAL,17.5,2.9,12.7,9.9
11374,0.1363,0,NORMAL,16.9,2.0,8.3,5.9
11375,0.2445,0,NORMAL,18.4,3.7,14.1,11.9
11376,0.5982,0,NORMAL,19.5,5.8,14.5,10.4
11377,0.3372,0,NORMAL,20.5,4.7,16.0,12.3
11378,0.8965,0,WARNING,20.0,4.7,11.7,9.4
11379,0.1797,0,NORMAL,18.7,2.3,9.5,8.3
11380,0.2052,0,NORMAL,19.7,3.7,10.2,8.4
11381,0.2359,0,NORMAL,20.7,3.8,10.4,8.1
11382,0.7289,0,WARNING,21.0,5.3,16.6,14.1
11383,0.4992,0,NORMAL,20.7,3.2,9.9,7.9
11384,0.5921,0,NORMAL,19.4,3.8,9.9,8.5
11385,0.1172,0,NORMAL,18.0,4.6,13.4,10.7
11386,0.405,0,NORMAL,17.5,5.3,15.4,13.0
11387,0.661,0,WARNING,19.1,5.8,18.0,14.8
11388,0.8439,0,WARNING,17.9,4.4,12.8,10.5
11389,0.2491,0,NORMAL,17.9,3.4,11.0,8.8
11390,0.8732,0,WARNING,17.7,5.2,10.3,8.4
11391,0.1234,0,NORMAL,18.4,3.9,10.5,8.4
11392,0.5036,0,NORMAL,18.4,4.6,11.2,9.5
11393,0.1616,0,NORMAL,19.1,3.0,12.2,10.4
11394,0.737,0,WARNING,24.0,6.0,31.8,24.2
11395,1.0,0,WARNING,21.5,8.1,20.7,15.3
11396,0.4758,0,NORMAL,19.7,5.0,12.9,10.0
11397,0.2738,0,NORMAL,19.8,3.0,9.5,8.8
11398,0.2928,0,NORMAL,19.8,2.2,9.2,8.5
11399,0.3013,0,NORMAL,20.5,3.0,11.4,9.4
11400,0.2205,0,NORMAL,19.4,3.8,13.7,11.4
11401,0.1614,0,NORMAL,20.3,4.2,13.4,10.6
11402,0.776,0,WARNING,21.8,5.3,11.3,8.6
11403,0.2176,0,NORMAL,22.9,2.2,11.7,9.0
11404,0.1418,0,NORMAL,22.7,2.9,10.4,8.8
11405,0.1365,0,NORMAL,23.4,3.2,10.6,9.7
11406,0.2814,0,NORMAL,24.2,5.1,13.3,11.7
11407,0.4035,0,NORMAL,24.2,3.9,12.8,11.8
11408,0.7259,0,WARNING,23.5,4.0,9.4,8.3
11409,0.2704,0,NORMAL,23.9,2.8,8.7,7.8
11410,0.2017,0,NORMAL,24.3,3.2,11.1,7.9
11411,0.2207,0,NORMAL,25.0,3.9,13.4,12.2
11412,0.9533,0,WARNING,24.7,6.2,13.3,10.8
11413,0.2802,0,NORMAL,24.3,2.7,9.4,7.4
11414,0.2889,0,NORMAL,24.8,3.0,14.9,12.4
11415,0.6747,0,WARNING,23.8,4.4,14.4,12.9
11416,0.5482,0,NORMAL,24.0,7.2,26.2,18.7
11417,0.7114,0,WARNING,23.2,6.2,21.9,16.9
11418,0.4041,0,NORMAL,23.9,4.6,18.8,14.3
11419,0.5023,0,NORMAL,25.2,4.3,16.5,13.4
11420,0.2342,0,NORMAL,23.2,3.2,12.5,9.3
11421,0.1681,0,NORMAL,22.9,4.2,10.3,7.7
11422,0.4983,0,NORMAL,23.7,4.0,10.8,9.1
11423,0.1444,0,NORMAL,24.3,3.1,11.8,10.1
11424,0.8754,0,WARNING,23.7,3.9,10.0,8.4
11425,0.3704,0,NORMAL,24.8,4.3,15.1,13.3
11426,0.7243,0,WARNING,24.4,5.5,14.2,11.5
11427,0.3604,0,NORMAL,26.4,3.6,15.4,11.8
11428,0.2603,0,NORMAL,25.8,3.3,13.4,11.1
11429,0.1681,0,NORMAL,23.9,2.3,9.6,8.1
11430,0.2357,0,NORMAL,21.8,3.4,14.0,12.4
11431,0.2591,0,NORMAL,21.2,4.8,15.5,12.2
11432,0.2655,0,NORMAL,22.4,4.6,15.0,12.5
11433,0.2015,0,NORMAL,22.2,2.3,9.9,8.1
11434,0.1248,0,NORMAL,24.0,2.3,9.2,8.3
11435,0.3514,0,NORMAL,23.3,3.8,14.5,9.9
11436,0.2661,0,NORMAL,23.6,3.9,10.5,8.3
11437,0.1448,0,NORMAL,23.9,3.2,9.8,8.3
11438,0.1462,0,NORMAL,23.1,1.9,8.1,6.3
11439,0.1665,0,NORMAL,23.1,1.7,7.6,7.6
11440,0.3376,0,NORMAL,26.2,3.4,11.3,9.8
11441,0.8994,0,WARNING,24.7,5.2,10.0,7.4
11442,0.2769,0,NORMAL,24.2,3.6,7.5,6.1
11443,0.2932,0,NORMAL,25.4,2.1,5.8,5.0
11444,0.3093,0,NORMAL,25.6,1.7,7.4,6.5
11445,0.4325,0,NORMAL,25.8,5.1,12.5,9.8
11446,0.516,0,NORMAL,23.3,4.0,10.2,9.6
11447,0.1654,0,NORMAL,21.3,3.6,11.6,10.3
11448,0.151,0,NORMAL,20.6,2.7,11.2,10.9
11449,0.154,0,NORMAL,22.0,2.4,11.0,9.5
11450,0.1786,0,NORMAL,23.2,3.0,12.1,11.1
11451,0.17,0,NORMAL,22.3,1.9,7.6,7.3
11452,0.278,0,NORMAL,23.0,2.7,6.7,6.3
11453,0.1521,0,NORMAL,22.9,3.0,11.1,9.8
11454,0.1741,0,NORMAL,22.0,1.7,7.8,6.6
11455,0.1727,0,NORMAL,22.8,2.6,10.9,9.2
11456,0.2823,0,NORMAL,24.1,5.0,17.2,12.1
11457,0.2589,0,NORMAL,23.4,3.1,10.3,8.1
11458,0.223,0,NORMAL,23.5,2.0,8.6,8.3
11459,0.195,0,NORMAL,25.1,3.3,13.2,10.9
11460,0.1988,0,NORMAL,19.1,3.0,10.2,8.3
11461,0.1524,0,NORMAL,15.3,3.6,11.6,10.5
11462,0.2781,0,NORMAL,16.7,3.5,10.3,8.4
11463,0.1806,0,NORMAL,15.9,1.6,6.1,5.2
11464,0.1559,0,NORMAL,16.5,1.9,6.1,6.0
11465,0.1532,0,NORMAL,18.2,3.8,12.1,10.3
11466,0.677,0,WARNING,17.7,5.6,11.2,8.7
11467,0.1803,0,NORMAL,17.9,2.2,6.3,5.3
11468,0.1797,0,NORMAL,17.5,1.8,6.6,4.7
11469,0.2125,0,NORMAL,18.8,2.5,10.8,9.9
11470,0.2555,0,NORMAL,19.1,2.8,9.5,7.9
11471,0.2964,0,NORMAL,19.5,3.1,10.2,9.0
11472,0.3371,0,NORMAL,20.0,4.5,12.3,9.8
11473,0.3587,0,NORMAL,19.4,1.7,5.7,4.7
11474,0.3605,0,NORMAL,19.4,2.8,8.3,7.4
11475,0.371,0,NORMAL,20.1,3.5,9.6,8.0
11476,0.6073,0,WARNING,21.3,5.8,17.1,14.3
11477,0.3097,0,NORMAL,18.5,4.5,15.3,10.3
11478,0.3383,0,NORMAL,15.6,3.5,11.5,9.8
11479,0.1529,0,NORMAL,14.9,3.1,12.2,10.7
11480,1.0,0,ANOMALY,15.0,6.9,11.1,9.6
11481,0.1051,0,NORMAL,15.2,3.0,8.1,7.1
11482,0.1309,0,NORMAL,14.6,2.7,6.0,5.7
11483,0.1566,0,NORMAL,16.1,2.2,8.0,6.7
11484,0.1072,0,NORMAL,15.9,2.1,8.4,7.4
11485,0.1411,0,NORMAL,16.4,2.9,9.6,8.3
11486,0.4215,0,NORMAL,17.6,5.1,11.9,10.1
11487,0.2013,0,NORMAL,16.6,2.4,8.6,7.9
11488,0.1226,0,NORMAL,17.0,2.2,7.0,6.1
11489,0.1667,0,NORMAL,17.5,2.0,7.1,6.4
11490,0.22,0,NORMAL,17.4,3.0,9.2,7.3
11491,0.2856,0,NORMAL,18.4,3.9,13.4,12.6
11492,0.2845,0,NORMAL,17.1,3.3,8.8,7.8
11493,0.2444,0,NORMAL,18.9,3.3,13.3,12.3
11494,0.8766,0,WARNING,17.3,3.8,7.6,6.4
11495,0.1284,0,NORMAL,15.7,2.0,8.2,8.5
11496,0.4139,0,NORMAL,13.1,4.1,9.6,8.1
11497,0.097,0,NORMAL,14.6,3.2,9.8,8.9
11498,0.1228,0,NORMAL,15.0,2.1,8.2,6.8
11499,0.1646,0,NORMAL,15.6,2.3,7.7,6.2
11500,0.0768,0,NORMAL,15.9,3.0,9.7,8.4
11501,0.1311,0,NORMAL,16.4,3.1,8.9,7.6
11502,0.9628,0,WARNING,16.5,5.6,6.7,5.7
11503,0.1199,0,NORMAL,17.6,2.3,7.6,6.9
11504,0.1314,0,NORMAL,16.9,2.6,9.6,6.7
11505,0.6067,0,WARNING,17.6,4.9,10.4,8.0
11506,0.2844,0,NORMAL,18.2,5.0,9.9,7.5
11507,0.2411,0,NORMAL,17.9,2.8,7.8,6.9
11508,0.8515,0,WARNING,17.7,4.2,7.6,6.1
11509,0.2541,0,NORMAL,17.8,2.1,6.2,6.1
11510,0.2616,0,NORMAL,18.1,2.5,6.6,5.8
11511,0.3042,0,NORMAL,18.9,3.8,8.7,7.3
11512,0.9989,0,WARNING,19.0,6.3,6.6,6.1
11513,0.3523,0,NORMAL,19.2,2.3,7.4,7.2
11514,0.3227,0,NORMAL,18.4,1.9,6.9,6.4
11515,0.1517,0,NORMAL,16.0,2.2,7.0,7.2
11516,0.523,0,NORMAL,13.2,4.1,8.1,7.6
11517,0.1178,0,NORMAL,14.8,2.7,8.1,8.0
11518,0.9905,0,WARNING,15.3,5.3,8.2,7.5
11519,0.1283,0,NORMAL,15.4,2.2,6.6,4.8
11520,0.878,0,WARNING,13.9,4.1,6.8,6.2
11521,0.8516,0,WARNING,13.6,4.5,7.7,7.0
11522,0.4126,0,NORMAL,13.9,3.2,5.8,6.2
11523,0.1189,0,NORMAL,14.9,2.0,6.6,6.1
11524,0.783,0,WARNING,15.1,3.0,5.9,5.0
11525,0.1263,0,NORMAL,17.0,3.3,11.8,10.3
11526,0.5214,0,NORMAL,16.3,4.4,8.9,7.0
11527,0.9948,0,WARNING,16.6,5.0,6.8,6.3
11528,0.1656,0,NORMAL,16.0,2.2,5.7,6.0
11529,0.998,0,WARNING,16.3,3.1,5.0,4.3
11530,0.7339,0,WARNING,16.6,3.6,5.6,5.6
11531,0.4189,0,NORMAL,17.6,3.4,8.3,8.3
11532,0.2908,0,NORMAL,17.1,3.6,6.7,5.3
11533,0.2215,0,NORMAL,18.2,2.3,7.3,6.7
11534,0.8794,0,WARNING,17.5,3.4,6.1,5.5
11535,0.2172,0,NORMAL,18.5,4.6,9.4,8.2
11536,0.6054,0,WARNING,18.1,4.5,6.6,6.3
11537,0.6742,0,WARNING,18.1,4.8,9.4,9.0
11538,0.4839,0,NORMAL,17.6,3.2,8.1,7.0
11539,0.0835,0,NORMAL,14.9,2.7,7.4,7.7
11540,0.7326,0,WARNING,13.2,3.8,13.0,9.1
11541,0.9921,0,WARNING,17.0,8.6,16.6,12.4
11542,0.6638,0,WARNING,14.5,3.8,7.5,5.1
11543,0.1177,0,NORMAL,15.0,2.2,7.0,5.6
11544,1.0,0,ANOMALY,15.9,8.2,8.5,7.2
11545,0.1287,0,NORMAL,16.2,2.9,7.3,6.1
11546,0.6038,0,WARNING,16.6,4.4,8.7,8.0
11547,0.8996,0,WARNING,16.4,3.9,6.6,6.2
11548,0.1284,0,NORMAL,16.7,2.5,8.0,7.4
11549,0.1258,0,NORMAL,17.3,2.6,8.7,7.0
11550,0.8787,0,WARNING,17.5,5.6,9.0,6.4
11551,0.2179,0,NORMAL,18.1,3.8,11.0,9.3
11552,0.2547,0,NORMAL,17.7,4.2,9.2,7.7
11553,0.517,0,NORMAL,18.7,2.9,6.5,5.7
11554,0.2913,0,NORMAL,17.5,1.5,4.1,4.0
11555,0.2923,0,NORMAL,18.3,3.3,7.5,5.7
11556,0.9454,0,WARNING,18.8,6.4,7.7,6.9
11557,0.3298,0,NORMAL,20.5,4.4,16.2,12.7
11558,0.2886,0,NORMAL,16.2,3.0,11.5,9.6
11559,0.405,0,NORMAL,12.8,3.1,9.1,7.6
11560,0.1225,0,NORMAL,13.1,3.2,9.2,7.6
11561,0.1263,0,NORMAL,14.3,3.8,9.3,7.5
11562,0.9922,0,WARNING,15.0,7.3,8.9,7.4
11563,0.1288,0,NORMAL,15.1,2.6,8.6,7.0
11564,0.1319,0,NORMAL,15.8,2.4,6.9,6.4
11565,0.9008,0,WARNING,16.6,5.8,10.4,8.7
11566,0.4127,0,NORMAL,17.8,5.3,15.8,11.0
11567,0.7763,0,WARNING,17.2,4.5,10.9,9.3
11568,0.9986,0,WARNING,16.4,5.7,7.4,6.9
11569,0.6633,0,WARNING,17.3,3.0,9.8,8.5
11570,0.51,0,NORMAL,18.1,4.7,11.0,8.4
11571,0.1492,0,NORMAL,17.6,3.1,8.1,6.8
11572,0.2773,0,NORMAL,18.1,3.4,8.6,7.9
11573,0.182,0,NORMAL,17.9,1.8,7.9,7.2
11574,0.1989,0,NORMAL,18.2,2.5,9.2,7.8
11575,0.2255,0,NORMAL,18.6,3.3,10.4,8.8
11576,0.41,0,NORMAL,16.5,5.1,11.4,10.2
11577,0.2073,0,NORMAL,15.5,3.6,13.2,9.7
11578,0.2586,0,NORMAL,14.8,2.3,8.4,7.3
11579,0.2286,0,NORMAL,16.0,2.9,13.2,10.5
11580,0.1487,0,NORMAL,15.4,2.9,11.5,8.7
11581,0.5098,0,NORMAL,16.2,5.7,24.8,18.1
11582,0.7821,0,WARNING,19.2,7.1,33.9,25.8
11583,0.5999,0,NORMAL,16.2,2.6,14.0,9.1
11584,0.2613,0,NORMAL,15.2,1.8,6.7,4.9
11585,0.1078,0,NORMAL,16.6,2.7,8.7,7.3
11586,0.3994,0,NORMAL,16.3,4.1,12.0,11.2
11587,0.7557,0,WARNING,19.7,3.8,21.3,23.2
11588,0.8869,0,WARNING,20.9,4.4,29.6,31.7
11589,0.8974,0,WARNING,21.2,5.1,32.5,32.3
11590,0.929,0,WARNING,21.9,6.8,39.8,35.7
11591,1.0,0,ANOMALY,16.4,7.5,17.5,13.6
11592,0.5447,0,NORMAL,15.6,4.4,14.7,9.3
11593,0.2825,0,NORMAL,17.1,4.6,17.0,12.9
11594,0.2148,0,NORMAL,16.7,2.6,11.1,7.9
11595,0.9131,0,WARNING,17.3,5.8,13.7,12.1
11596,0.5829,0,NORMAL,17.7,5.0,14.0,11.7
11597,0.1788,0,NORMAL,18.2,4.5,13.9,11.0
11598,0.2284,0,NORMAL,19.1,3.7,13.7,11.8
11599,0.3831,0,NORMAL,20.3,4.0,16.1,13.4
11600,0.8085,0,WARNING,18.1,4.7,9.9,6.4
11601,0.4967,0,NORMAL,19.0,3.6,9.7,6.6
11602,0.2629,0,NORMAL,19.7,4.1,13.2,10.1
11603,0.203,0,NORMAL,18.9,2.7,12.1,9.2
11604,0.319,0,NORMAL,19.2,3.2,16.8,12.4
11605,0.2376,0,NORMAL,19.9,3.2,13.7,10.6
11606,0.3984,0,NORMAL,17.1,4.8,15.0,12.4
11607,0.7732,0,WARNING,16.4,5.6,13.8,9.9
11608,0.2192,0,NORMAL,15.4,2.9,12.1,10.3
11609,0.1518,0,NORMAL,15.4,2.4,8.0,6.3
11610,0.1292,0,NORMAL,15.3,2.7,9.0,7.8
11611,0.416,0,NORMAL,16.4,4.3,9.2,7.3
11612,0.7781,0,WARNING,18.6,5.7,13.1,10.8
11613,0.2459,0,NORMAL,17.0,2.0,7.8,6.6
11614,0.1177,0,NORMAL,17.7,2.4,8.8,7.1
11615,0.8996,0,WARNING,18.1,6.1,13.2,10.2
11616,0.2772,0,NORMAL,17.7,4.3,11.2,8.8
11617,0.1376,0,NORMAL,17.9,2.5,9.0,8.0
11618,0.1533,0,NORMAL,18.3,2.4,10.9,8.2
11619,0.7794,0,WARNING,18.6,4.6,13.5,10.7
11620,0.1817,0,NORMAL,18.1,2.9,12.1,9.5
11621,0.2117,0,NORMAL,19.0,3.9,12.1,9.1
11622,0.2785,0,NORMAL,18.5,4.1,9.5,7.7
11623,0.4267,0,NORMAL,15.8,2.6,8.5,7.8
11624,0.1417,0,NORMAL,13.7,2.4,9.8,8.5
11625,0.2857,0,NORMAL,14.8,4.7,13.7,11.6
11626,0.4064,0,NORMAL,15.6,4.1,13.9,10.7
11627,0.2688,0,NORMAL,16.7,5.0,14.9,12.2
11628,0.4835,0,NORMAL,18.3,4.1,15.2,13.0
11629,0.4834,0,NORMAL,18.9,4.7,19.6,16.1
11630,0.5199,0,NORMAL,19.8,5.1,18.9,14.5
11631,0.9117,0,WARNING,19.0,6.5,15.3,12.4
11632,0.2302,0,NORMAL,17.9,3.3,8.5,7.3
11633,0.3259,0,NORMAL,18.6,3.9,15.7,13.6
11634,0.2025,0,NORMAL,18.4,2.9,11.2,9.1
11635,0.3782,0,NORMAL,19.9,4.7,14.9,12.5
11636,0.8103,0,WARNING,20.2,6.9,20.9,17.7
11637,0.3474,0,NORMAL,16.7,4.5,15.6,12.4
11638,0.2002,0,NORMAL,14.3,2.8,11.2,9.9
11639,0.4153,0,NORMAL,14.9,4.1,14.5,12.6
11640,0.2735,0,NORMAL,15.1,4.8,13.8,10.2
11641,0.124,0,NORMAL,14.9,4.1,10.3,9.1
11642,0.811,0,WARNING,15.5,4.2,9.6,9.0
11643,0.2027,0,NORMAL,16.6,3.0,11.0,8.8
11644,0.2275,0,NORMAL,16.5,3.2,11.5,10.5
11645,0.5714,0,NORMAL,16.7,3.6,10.3,9.6
11646,0.5018,0,NORMAL,17.1,4.5,12.9,11.6
11647,0.5901,0,NORMAL,18.1,4.3,14.3,11.5
11648,0.1919,0,NORMAL,17.9,2.9,13.0,11.0
11649,0.813,0,WARNING,17.4,3.6,9.7,9.1
11650,0.7737,0,WARNING,17.6,5.3,11.0,8.4
11651,0.1292,0,NORMAL,17.4,2.8,9.3,8.8
11652,0.5956,0,NORMAL,17.9,4.1,11.9,11.6
11653,0.3693,0,NORMAL,18.0,2.8,13.0,11.8
11654,0.1308,0,NORMAL,14.8,2.4,9.4,7.6
11655,0.9997,0,WARNING,14.4,6.7,13.8,12.0
11656,0.8143,0,WARNING,15.2,5.1,11.1,8.7
11657,0.1777,0,NORMAL,15.4,3.6,9.4,7.8
11658,0.2032,0,NORMAL,15.7,3.3,10.4,9.3
11659,0.1781,0,NORMAL,16.9,3.8,11.4,10.4
11660,0.0984,0,NORMAL,17.1,3.1,11.2,9.3
11661,0.7753,0,WARNING,17.2,5.2,15.2,12.0
11662,0.3973,0,NORMAL,18.2,5.3,18.4,13.9
11663,0.2356,0,NORMAL,17.5,2.4,10.2,7.1
11664,0.3861,0,NORMAL,18.6,3.6,16.8,13.8
11665,0.1911,0,NORMAL,18.1,3.2,12.2,9.6
11666,0.3995,0,NORMAL,19.1,5.5,15.2,12.1
11667,0.6642,0,WARNING,19.6,6.0,19.4,13.8
11668,0.6378,0,WARNING,21.0,5.1,27.5,21.2
11669,0.4238,0,NORMAL,17.7,4.2,19.6,14.2
11670,0.3214,0,NORMAL,13.5,2.5,9.8,7.9
11671,0.3897,0,NORMAL,15.2,4.3,14.5,14.4
11672,0.5292,0,NORMAL,16.8,5.5,24.7,18.3
11673,0.9818,0,WARNING,16.9,6.5,16.8,12.0
11674,0.2438,0,NORMAL,17.7,3.1,13.4,10.1
11675,0.7663,0,WARNING,17.8,4.6,11.1,8.6
11676,0.6584,0,WARNING,18.0,4.9,12.3,9.4
11677,0.2862,0,NORMAL,18.1,4.3,14.7,12.1
11678,0.204,0,NORMAL,17.4,3.1,13.3,10.5
11679,0.3941,0,NORMAL,18.2,2.8,11.6,7.9
11680,0.632,0,WARNING,20.8,5.8,24.9,20.5
11681,0.4392,0,NORMAL,20.0,5.3,18.7,12.7
11682,0.7174,0,WARNING,18.0,4.1,9.7,7.2
11683,0.1429,0,NORMAL,16.7,2.4,8.6,7.5
11684,0.1188,0,NORMAL,13.6,2.4,8.5,7.8
11685,0.1199,0,NORMAL,14.1,3.3,11.0,9.3
11686,0.5129,0,NORMAL,15.5,4.4,14.4,10.4
11687,0.1989,0,NORMAL,16.0,2.7,8.9,7.6
11688,0.8163,0,WARNING,17.0,4.7,15.8,13.6
11689,0.2062,0,NORMAL,15.9,2.6,9.9,7.6
11690,0.4017,0,NORMAL,17.0,4.2,11.0,8.3
11691,0.898,0,WARNING,17.0,5.1,8.5,7.3
11692,0.2726,0,NORMAL,17.1,3.7,10.4,9.3
11693,0.2285,0,NORMAL,18.4,2.9,13.8,11.1
11694,0.1508,0,NORMAL,16.8,2.0,8.5,7.2
11695,0.8769,0,WARNING,17.2,5.1,9.2,7.8
11696,0.4065,0,NORMAL,17.0,3.2,7.0,6.4
11697,0.1535,0,NORMAL,17.4,2.7,7.1,6.2
11698,0.196,0,NORMAL,18.8,2.9,12.0,11.1
11699,0.1503,0,NORMAL,17.6,2.0,9.4,8.2
11700,0.1211,0,NORMAL,16.1,2.4,6.0,5.3
11701,0.0806,0,NORMAL,18.0,3.8,10.4,8.7
11702,0.9793,0,WARNING,18.1,5.5,7.4,6.0
11703,0.1808,0,NORMAL,19.0,2.2,7.5,5.6
11704,0.1327,0,NORMAL,19.2,1.7,5.9,5.2
11705,0.1513,0,NORMAL,20.8,2.5,6.6,5.6
11706,0.6109,0,WARNING,22.8,5.8,18.5,14.8
11707,0.3745,0,NORMAL,22.3,4.5,13.9,10.1
11708,0.4,0,NORMAL,21.7,3.1,10.5,8.2
11709,0.1784,0,NORMAL,23.3,4.2,11.9,9.2
11710,0.9994,0,WARNING,23.3,7.4,13.7,10.1
11711,0.1959,0,NORMAL,22.2,3.7,9.2,6.8
11712,0.4021,0,NORMAL,22.4,4.5,9.6,8.1
11713,0.1826,0,NORMAL,23.1,3.1,8.3,7.1
11714,0.1953,0,NORMAL,22.1,2.1,7.0,5.3
11715,0.1967,0,NORMAL,22.0,3.1,8.0,7.8
11716,0.9328,0,WARNING,22.0,5.6,8.2,7.2
11717,0.2941,0,NORMAL,23.7,2.9,7.7,7.5
11718,0.0999,0,NORMAL,20.1,2.7,8.2,7.5
11719,0.0986,0,NORMAL,17.8,2.6,7.2,6.4
11720,0.304,0,NORMAL,19.7,4.4,16.3,13.2
11721,0.9313,0,WARNING,21.2,5.7,11.6,8.8
11722,0.5066,0,NORMAL,21.2,4.4,9.9,8.1
11723,0.5956,0,NORMAL,20.9,3.1,9.3,7.9
11724,0.1183,0,NORMAL,21.4,2.6,9.3,7.1
11725,0.7314,0,WARNING,21.6,4.2,10.5,9.6
11726,0.5155,0,NORMAL,23.2,5.4,17.2,14.2
11727,0.277,0,NORMAL,22.3,3.4,9.4,6.4
11728,0.1448,0,NORMAL,21.6,1.9,6.9,6.4
11729,0.5171,0,NORMAL,22.0,3.1,8.8,7.6
11730,0.1704,0,NORMAL,21.8,2.8,8.4,7.0
11731,0.2063,0,NORMAL,23.5,4.5,13.4,10.8
11732,0.2876,0,NORMAL,22.4,3.6,10.5,7.3
11733,0.2478,0,NORMAL,22.9,2.6,11.5,8.9
11734,0.2574,0,NORMAL,22.1,1.8,6.8,5.6
11735,0.1454,0,NORMAL,20.3,2.6,8.5,7.4
11736,0.4198,0,NORMAL,18.1,3.9,8.8,6.7
11737,0.9861,0,WARNING,18.4,5.6,8.0,6.3
11738,0.1582,0,NORMAL,18.5,1.8,6.0,5.5
11739,0.1096,0,NORMAL,20.0,2.4,7.4,6.0
11740,0.1466,0,NORMAL,20.2,2.2,7.1,5.8
11741,0.1247,0,NORMAL,21.1,4.1,11.3,8.7
11742,0.4196,0,NORMAL,20.5,3.7,8.4,6.4
11743,0.6784,0,WARNING,20.9,3.7,7.4,5.7
11744,0.1627,0,NORMAL,20.7,1.9,6.7,5.5
11745,0.1465,0,NORMAL,21.6,3.3,9.8,9.0
11746,0.9185,0,WARNING,22.2,5.9,11.1,8.4
11747,0.1647,0,NORMAL,21.7,2.9,8.5,6.2
11748,0.8783,0,WARNING,21.9,3.9,7.9,6.8
11749,0.2037,0,NORMAL,22.1,1.8,6.6,5.5
11750,0.2245,0,NORMAL,22.5,3.6,7.9,5.4
11751,0.2721,0,NORMAL,23.2,3.3,7.8,6.3
11752,0.299,0,NORMAL,22.8,3.4,8.1,7.3
11753,0.8797,0,WARNING,23.4,4.8,10.7,8.3
11754,0.2846,0,NORMAL,22.7,2.7,9.9,7.9
11755,0.1395,0,NORMAL,20.8,2.5,8.2,7.8
11756,0.4157,0,NORMAL,18.3,4.6,11.0,8.6
11757,0.6206,0,WARNING,18.6,4.7,9.9,7.8
11758,0.8979,0,WARNING,18.6,4.5,7.2,6.4
11759,0.1282,0,NORMAL,20.1,2.8,9.6,8.3
11760,0.5133,0,NORMAL,15.3,2.8,6.0,4.9
11761,0.8782,0,WARNING,13.9,4.9,7.6,6.9
11762,0.1342,0,NORMAL,13.5,2.7,7.3,6.3
11763,0.1315,0,NORMAL,14.7,1.9,7.0,6.2
11764,0.3182,0,NORMAL,15.4,3.8,9.9,7.9
11765,0.6759,0,WARNING,16.0,3.3,6.7,6.2
11766,0.5219,0,NORMAL,16.3,4.0,9.0,7.8
11767,0.1345,0,NORMAL,16.4,3.2,9.6,9.1
11768,0.5199,0,NORMAL,16.3,3.8,9.2,7.4
11769,0.1411,0,NORMAL,17.3,1.8,6.5,6.0
11770,0.1375,0,NORMAL,16.4,2.6,8.5,7.7
11771,0.2926,0,NORMAL,16.7,3.1,9.6,9.6
11772,0.1875,0,NORMAL,17.1,3.2,11.5,11.6
11773,0.1492,0,NORMAL,17.0,1.8,8.3,6.0
11774,0.136,0,NORMAL,16.6,1.8,6.1,5.6
11775,0.1532,0,NORMAL,17.3,3.1,6.8,6.5
11776,0.2923,0,NORMAL,17.4,4.1,7.5,7.3
11777,0.9182,0,WARNING,18.3,5.2,9.0,7.5
11778,0.2298,0,NORMAL,17.4,2.8,7.4,6.4
11779,0.3591,0,NORMAL,15.1,2.8,7.5,6.8
11780,0.2054,0,NORMAL,12.9,2.8,7.4,5.7
11781,0.5223,0,NORMAL,14.6,4.4,10.5,6.8
11782,0.4198,0,NORMAL,14.4,4.2,8.8,6.4
11783,0.1362,0,NORMAL,14.8,2.4,7.8,6.2
11784,0.8539,0,WARNING,15.0,4.2,8.2,6.5
11785,0.1374,0,NORMAL,15.5,2.3,8.1,6.2
11786,0.2175,0,NORMAL,16.2,4.6,8.5,6.3
11787,0.2001,0,NORMAL,16.3,2.5,8.2,6.8
11788,0.4222,0,NORMAL,16.3,2.4,9.7,8.2
11789,0.7369,0,WARNING,17.7,3.1,8.0,6.7
11790,0.1271,0,NORMAL,16.3,2.4,7.4,6.2
11791,0.1161,0,NORMAL,16.9,2.9,7.9,6.5
11792,0.1464,0,NORMAL,17.1,3.3,8.5,6.8
11793,0.1452,0,NORMAL,17.5,2.4,8.0,7.1
11794,0.854,0,WARNING,16.5,3.1,6.7,5.7
11795,0.1569,0,NORMAL,17.7,3.3,10.0,7.0
11796,0.4209,0,NORMAL,17.3,3.8,7.9,6.3
11797,0.9794,0,WARNING,18.0,5.8,7.5,5.8
11798,0.2903,0,NORMAL,17.4,2.4,6.9,5.7
11799,0.2479,0,NORMAL,17.9,2.3,7.5,6.1
11800,0.1449,0,NORMAL,14.4,2.8,6.0,4.5
11801,0.9634,0,WARNING,12.8,5.3,6.1,4.5
11802,0.5293,0,NORMAL,13.2,3.6,6.3,4.6
11803,0.1583,0,NORMAL,14.1,1.9,6.9,6.2
11804,0.1712,0,NORMAL,13.9,1.6,4.2,3.6
11805,1.0,0,WARNING,15.3,6.5,8.4,7.3
11806,0.5268,0,NORMAL,16.1,4.6,9.4,7.3
11807,0.1506,0,NORMAL,16.4,2.6,8.2,7.0
11808,0.221,0,NORMAL,16.1,1.9,5.4,4.0
11809,0.8234,0,WARNING,16.5,3.7,6.1,4.9
11810,0.1342,0,NORMAL,17.0,2.7,7.3,5.6
11811,0.2212,0,NORMAL,16.9,2.7,5.3,3.9
11812,0.2212,0,NORMAL,16.8,2.9,4.8,3.9
11813,0.2331,0,NORMAL,17.5,2.0,6.6,6.0
11814,0.2481,0,NORMAL,17.6,2.2,8.6,7.4
11815,0.2835,0,NORMAL,18.2,3.0,6.9,5.2
11816,0.9977,0,WARNING,18.7,7.4,11.9,9.8
11817,0.3173,0,NORMAL,18.5,3.4,10.8,8.8
11818,0.3343,0,NORMAL,19.0,3.4,11.9,9.2
11819,0.3432,0,NORMAL,18.7,2.7,7.2,5.8
11820,0.1704,0,NORMAL,17.8,3.2,8.1,6.7
11821,0.2878,0,NORMAL,18.9,4.2,9.7,7.9
11822,0.2887,0,NORMAL,18.8,2.8,7.3,5.5
11823,0.6079,0,WARNING,19.1,3.1,7.1,5.1
11824,0.1389,0,NORMAL,19.9,2.3,10.3,8.6
11825,0.1111,0,NORMAL,20.3,2.8,9.4,8.1
11826,0.9695,0,WARNING,21.8,7.5,11.6,9.2
11827,0.2268,0,NORMAL,22.3,4.1,12.1,9.4
11828,0.1517,0,NORMAL,22.1,2.6,10.3,8.0
11829,0.9174,0,WARNING,22.0,4.0,8.6,7.7
11830,0.2245,0,NORMAL,22.3,3.6,9.2,6.9
11831,0.2699,0,NORMAL,22.9,3.4,8.1,6.6
11832,0.7333,0,WARNING,22.4,4.1,6.6,6.6
11833,0.4142,0,NORMAL,22.9,1.5,7.6,4.3
11834,0.2845,0,NORMAL,22.5,1.9,5.1,4.4
11835,0.6116,0,WARNING,22.5,4.0,6.0,5.4
11836,0.3062,0,NORMAL,22.4,3.5,6.0,6.5
11837,0.3117,0,NORMAL,22.4,2.9,5.6,5.3
11838,0.3169,0,NORMAL,22.2,2.0,5.2,5.3
11839,0.9337,0,WARNING,22.4,4.6,6.8,6.0
11840,0.9997,0,WARNING,20.1,4.9,9.3,8.0
11841,0.1687,0,NORMAL,18.5,3.4,11.2,8.8
11842,0.6069,0,WARNING,17.8,3.1,6.1,4.0
11843,0.1498,0,NORMAL,20.0,2.2,6.6,5.9
11844,0.1478,0,NORMAL,19.6,1.9,5.8,5.1
11845,0.1567,0,NORMAL,19.8,2.6,7.5,5.9
11846,0.6143,0,WARNING,19.6,4.2,6.2,4.8
11847,0.1447,0,NORMAL,20.7,2.8,7.4,6.9
11848,0.1393,0,NORMAL,20.6,1.6,5.7,5.0
11849,0.1458,0,NORMAL,21.0,2.1,7.1,5.7
11850,0.6147,0,WARNING,20.9,4.0,7.3,5.4
11851,0.1527,0,NORMAL,21.5,3.3,7.3,6.5
11852,0.3008,0,NORMAL,21.0,2.3,5.5,5.6
11853,0.9699,0,WARNING,21.7,4.1,7.7,6.4
11854,0.301,0,NORMAL,20.7,1.7,4.6,3.9
11855,0.1464,0,NORMAL,21.5,2.5,6.1,4.7
11856,0.432,0,NORMAL,21.0,3.0,4.8,4.2
11857,0.1951,0,NORMAL,21.3,2.6,4.6,4.4
11858,0.9559,0,WARNING,22.4,3.9,3.9,3.6
11859,0.2207,0,NORMAL,21.7,1.9,4.9,3.6
11860,0.2255,0,NORMAL,21.5,2.2,4.9,3.5
11861,0.2349,0,NORMAL,22.3,2.9,7.5,5.9
11862,0.9836,0,WARNING,21.9,5.8,6.6,5.0
11863,0.1492,0,NORMAL,18.8,1.9,5.4,5.0
11864,0.1753,0,NORMAL,16.4,2.0,6.0,4.8
11865,0.5343,0,NORMAL,18.3,6.0,11.3,6.2
11866,0.7846,0,WARNING,18.7,5.0,6.3,5.4
11867,0.9012,0,WARNING,19.6,5.1,9.2,7.7
11868,0.1683,0,NORMAL,19.1,1.5,4.7,4.1
11869,0.1504,0,NORMAL,19.8,1.7,5.2,4.7
11870,0.184,0,NORMAL,20.7,3.1,8.3,7.0
11871,0.3031,0,NORMAL,20.9,3.6,8.0,5.9
11872,0.1723,0,NORMAL,20.8,4.0,7.8,6.9
11873,0.1408,0,NORMAL,21.1,1.9,6.1,5.2
11874,0.1514,0,NORMAL,21.0,2.4,7.1,6.0
11875,0.148,0,NORMAL,22.5,3.5,8.8,7.0
11876,0.2965,0,NORMAL,22.3,4.7,10.4,8.1
11877,0.2158,0,NORMAL,21.9,2.4,5.6,4.4
11878,0.2149,0,NORMAL,22.2,2.4,8.4,7.4
11879,0.9013,0,WARNING,22.6,4.5,8.6,7.5
11880,0.1487,0,NORMAL,16.3,3.0,7.3,6.2
11881,0.1393,0,NORMAL,12.5,2.5,7.4,6.9
11882,0.4208,0,NORMAL,13.6,4.0,10.5,7.5
11883,0.1486,0,NORMAL,15.2,2.7,10.6,7.7
11884,0.1828,0,NORMAL,13.8,1.4,3.9,3.2
11885,0.1755,0,NORMAL,14.3,2.6,6.8,7.0
11886,0.9833,0,WARNING,14.9,6.5,8.2,8.0
11887,0.1376,0,NORMAL,15.9,2.7,9.6,8.7
11888,0.2865,0,NORMAL,15.0,2.3,5.8,5.0
11889,0.9006,0,WARNING,16.3,4.4,7.7,6.5
11890,0.162,0,NORMAL,15.5,2.8,6.7,5.5
11891,0.1399,0,NORMAL,16.3,2.9,7.4,6.3
11892,1.0,0,ANOMALY,16.4,6.3,4.9,4.4
11893,0.1394,0,NORMAL,16.5,2.1,6.7,6.6
11894,0.1071,0,NORMAL,16.7,2.1,6.9,5.7
11895,0.6803,0,WARNING,16.9,4.6,8.2,7.2
11896,0.4206,0,NORMAL,16.7,4.4,9.4,8.0
11897,0.2278,0,NORMAL,18.0,3.5,8.6,7.7
11898,0.2279,0,NORMAL,17.1,2.5,6.5,6.6
11899,0.1408,0,NORMAL,16.1,2.3,6.1,5.5
11900,0.1673,0,NORMAL,13.2,2.5,6.2,4.7
11901,0.1713,0,NORMAL,13.6,2.9,6.7,4.9
11902,0.9459,0,WARNING,13.9,5.8,7.1,6.2
11903,0.1478,0,NORMAL,15.1,1.8,5.7,5.0
11904,0.1351,0,NORMAL,15.2,2.2,8.9,7.7
11905,0.1365,0,NORMAL,16.1,2.4,7.2,6.0
11906,0.4263,0,NORMAL,16.3,4.2,8.4,6.9
11907,0.1228,0,NORMAL,16.4,2.7,7.6,5.9
11908,0.6116,0,WARNING,16.6,3.4,6.5,5.9
11909,0.1761,0,NORMAL,16.9,1.9,5.3,4.1
11910,0.1965,0,NORMAL,17.1,2.2,6.1,5.2
11911,0.9462,0,WARNING,18.1,6.3,10.0,8.0
11912,0.6797,0,WARNING,17.7,3.6,7.8,6.7
11913,0.2804,0,NORMAL,17.7,2.0,5.8,4.8
11914,0.2769,0,NORMAL,17.2,1.5,5.7,4.2
11915,0.97,0,WARNING,18.0,5.4,5.7,4.8
11916,0.9191,0,WARNING,17.8,4.9,7.7,6.6
11917,0.3086,0,NORMAL,18.1,2.0,5.6,4.6
11918,0.3195,0,NORMAL,18.5,2.5,8.7,7.3
11919,0.6803,0,WARNING,18.5,3.1,7.4,5.5
11920,0.3124,0,NORMAL,18.4,2.3,5.7,4.6
11921,0.1619,0,NORMAL,15.7,2.2,4.7,4.4
11922,1.0,0,ANOMALY,12.3,6.1,4.3,4.2
11923,0.3789,0,NORMAL,12.2,2.3,3.4,3.2
11924,0.1574,0,NORMAL,13.2,2.0,5.2,4.9
11925,0.1561,0,NORMAL,13.5,3.3,6.6,6.2
11926,0.9863,0,WARNING,14.2,5.9,8.5,8.1
11927,0.3386,0,NORMAL,14.8,3.5,8.6,7.4
11928,0.9445,0,WARNING,15.3,4.8,8.6,8.5
11929,0.1557,0,NORMAL,14.8,2.1,5.4,5.4
11930,0.3977,0,NORMAL,15.2,2.9,6.3,6.5
11931,0.9446,0,WARNING,16.1,5.5,8.0,6.9
11932,0.1273,0,NORMAL,16.1,3.7,8.3,7.6
11933,0.4511,0,NORMAL,16.0,2.3,5.5,5.9
11934,0.3594,0,NORMAL,16.3,2.5,5.6,5.6
11935,0.4166,0,NORMAL,17.4,2.9,5.8,5.8
11936,0.517,0,NORMAL,17.1,4.1,8.5,8.7
11937,0.339,0,NORMAL,16.6,2.1,5.4,6.1
11938,0.2519,0,NORMAL,16.4,2.2,5.6,5.6
11939,0.7475,0,WARNING,16.8,2.8,5.0,5.3
11940,0.9443,0,WARNING,13.3,4.5,4.6,4.5
11941,0.7809,0,WARNING,11.4,4.4,6.0,4.9
11942,0.6057,0,WARNING,13.0,3.9,8.1,7.1
11943,0.3186,0,NORMAL,14.5,2.5,6.1,5.3
11944,0.3395,0,NORMAL,14.7,2.6,6.5,6.0
11945,0.6782,0,WARNING,16.1,4.4,7.6,6.2
11946,0.2938,0,NORMAL,16.1,4.6,9.8,8.0
11947,0.1621,0,NORMAL,16.3,2.8,6.9,5.7
11948,0.1524,0,NORMAL,16.2,1.8,4.8,4.5
11949,0.1747,0,NORMAL,16.5,1.6,4.2,4.1
11950,0.2057,0,NORMAL,16.5,2.4,3.9,3.0
11951,0.2466,0,NORMAL,17.6,3.0,6.7,5.3
11952,0.3108,0,NORMAL,17.1,2.8,4.5,4.2
11953,0.3111,0,NORMAL,17.2,2.0,3.8,3.7
11954,0.2744,0,NORMAL,17.3,1.7,4.9,4.4
11955,0.2797,0,NORMAL,17.8,2.9,7.9,7.4
11956,0.4322,0,NORMAL,17.8,4.6,8.8,7.2
11957,0.9193,0,WARNING,17.8,5.2,6.2,5.4
11958,0.3143,0,NORMAL,18.0,2.7,5.0,4.8
11959,0.3201,0,NORMAL,17.7,2.3,4.8,4.9
11960,0.6107,0,WARNING,17.8,3.7,6.0,5.0
11961,0.3336,0,NORMAL,18.9,3.7,11.7,8.1
11962,0.1774,0,NORMAL,15.4,4.1,10.8,9.0
11963,0.1294,0,NORMAL,12.3,2.1,6.3,4.5
11964,0.9551,0,WARNING,12.5,4.9,6.2,5.3
11965,0.1401,0,NORMAL,14.6,3.2,8.3,6.5
11966,0.4225,0,NORMAL,14.4,4.3,8.8,6.9
11967,0.4211,0,NORMAL,15.1,3.5,7.8,6.7
11968,0.1623,0,NORMAL,15.1,2.2,7.1,5.8
11969,0.147,0,NORMAL,15.2,2.5,6.1,5.2
11970,0.1123,0,NORMAL,16.5,3.3,9.4,7.7
11971,0.955,0,WARNING,17.0,5.8,9.2,7.4
11972,0.2885,0,NORMAL,16.7,3.4,6.6,5.9
11973,0.1411,0,NORMAL,17.1,2.2,6.3,5.3
11974,0.9907,0,WARNING,16.9,5.0,6.4,5.0
11975,0.1408,0,NORMAL,17.5,3.3,8.6,6.8
11976,0.6797,0,WARNING,18.2,5.0,11.7,9.4
11977,0.218,0,NORMAL,17.8,2.8,8.2,6.6
11978,0.2382,0,NORMAL,17.4,2.2,6.9,5.3
11979,0.8797,0,WARNING,18.2,3.3,7.9,6.9
11980,0.6109,0,WARNING,17.5,3.9,7.4,5.9
11981,0.2833,0,NORMAL,18.1,3.4,8.4,6.6
11982,0.3005,0,NORMAL,18.0,3.5,7.6,6.2
11983,0.1473,0,NORMAL,15.0,1.6,5.0,4.9
11984,0.1619,0,NORMAL,12.4,2.0,6.5,5.8
11985,0.1369,0,NORMAL,14.0,2.6,8.8,7.6
11986,0.4272,0,NORMAL,14.0,3.6,7.7,6.5
11987,0.1593,0,NORMAL,14.9,2.9,7.4,5.3
11988,0.151,0,NORMAL,15.3,2.2,7.0,5.8
11989,0.1904,0,NORMAL,15.9,1.6,6.2,5.6
11990,0.1665,0,NORMAL,16.3,2.4,7.1,6.6
11991,0.4289,0,NORMAL,16.8,2.9,6.5,6.5
11992,0.3008,0,NORMAL,16.7,2.6,6.2,5.9
11993,0.3791,0,NORMAL,17.2,2.6,6.0,5.5
11994,0.2092,0,NORMAL,17.2,2.2,7.4,6.2
11995,0.2326,0,NORMAL,18.9,3.5,13.5,10.8
11996,0.2726,0,NORMAL,18.4,3.8,11.0,9.1
11997,0.3042,0,NORMAL,19.0,2.2,8.9,8.1
11998,0.3044,0,NORMAL,18.0,1.8,7.3,6.1
11999,0.3075,0,NORMAL,19.1,3.1,10.7,8.1
12000,0.604,0,WARNING,17.6,4.7,9.2,6.6
12001,0.1196,0,NORMAL,17.6,2.7,7.8,6.4
12002,0.1453,0,NORMAL,18.7,3.1,7.5,6.0
12003,0.2359,0,NORMAL,20.5,2.8,13.7,11.0
12004,0.853,0,WARNING,20.0,4.2,10.2,7.5
12005,0.1415,0,NORMAL,20.7,3.4,8.5,6.9
12006,0.8409,0,WARNING,20.4,5.0,8.1,8.1
12007,0.1429,0,NORMAL,20.7,2.9,8.4,6.8
12008,0.141,0,NORMAL,20.8,1.7,7.0,6.7
12009,0.1232,0,NORMAL,21.7,2.2,8.2,7.4
12010,0.1339,0,NORMAL,21.4,2.9,8.9,7.8
12011,0.5251,0,NORMAL,21.9,4.7,9.8,7.7
12012,0.2921,0,NORMAL,22.2,4.4,9.5,8.0
12013,0.2321,0,NORMAL,22.6,2.2,6.3,5.5
12014,0.8798,0,WARNING,22.5,3.8,8.4,7.5
12015,0.2722,0,NORMAL,24.3,5.0,14.5,10.9
12016,0.5151,0,NORMAL,23.5,5.0,9.4,7.4
12017,0.3188,0,NORMAL,23.5,3.5,9.0,8.1
12018,0.2817,0,NORMAL,23.3,2.5,7.8,6.8
12019,0.8777,0,WARNING,20.9,5.3,12.1,9.9
12020,0.9473,0,WARNING,18.3,4.6,10.0,7.8
12021,0.1474,0,NORMAL,18.8,2.7,8.2,7.0
12022,0.9623,0,WARNING,19.8,5.6,8.0,6.5
12023,0.1265,0,NORMAL,19.6,2.1,6.0,4.7
12024,0.1485,0,NORMAL,19.7,2.1,7.5,6.9
12025,0.1106,0,NORMAL,20.2,2.2,5.6,5.2
12026,0.9018,0,WARNING,20.2,4.4,6.5,5.7
12027,0.1405,0,NORMAL,20.9,2.4,6.9,6.3
12028,0.1464,0,NORMAL,20.5,1.8,5.7,5.1
12029,0.152,0,NORMAL,21.6,3.3,9.2,7.1
12030,0.6125,0,WARNING,21.1,3.9,7.6,5.4
12031,0.1407,0,NORMAL,21.4,2.5,6.9,6.5
12032,0.3007,0,NORMAL,21.2,3.1,7.0,6.8
12033,0.9454,0,WARNING,21.5,4.4,5.7,5.5
12034,0.171,0,NORMAL,21.4,1.8,6.5,5.3
12035,0.1756,0,NORMAL,22.2,3.0,8.2,6.7
12036,0.9796,0,WARNING,21.8,6.2,7.1,6.2
12037,0.2158,0,NORMAL,22.3,3.8,8.5,6.6
12038,0.246,0,NORMAL,22.4,1.6,6.4,4.6
12039,0.162,0,NORMAL,19.8,2.5,7.7,7.6
12040,0.8542,0,WARNING,17.1,5.0,7.7,5.4
12041,0.1288,0,NORMAL,18.2,3.2,6.2,4.6
12042,0.2984,0,NORMAL,18.8,3.5,5.3,4.3
12043,0.1238,0,NORMAL,20.3,3.2,10.9,7.9
12044,0.9937,0,WARNING,20.2,5.4,9.7,7.1
12045,0.1708,0,NORMAL,20.4,2.8,9.0,7.0
12046,0.2827,0,NORMAL,20.2,3.5,7.2,6.1
12047,0.6744,0,WARNING,21.0,4.2,6.7,5.0
12048,0.1165,0,NORMAL,21.5,2.6,6.1,5.0
12049,0.1523,0,NORMAL,21.5,1.6,5.1,4.2
12050,0.5314,0,NORMAL,21.5,3.8,6.6,5.8
12051,0.4284,0,NORMAL,21.6,3.5,7.5,6.7
12052,0.5289,0,NORMAL,22.3,5.3,11.5,9.6
12053,0.2053,0,NORMAL,22.5,2.8,11.3,8.9
12054,0.8776,0,WARNING,22.0,4.8,8.3,6.3
12055,0.2254,0,NORMAL,24.3,3.4,9.0,7.4
12056,0.4057,0,NORMAL,24.1,4.0,9.5,8.9
12057,0.2768,0,NORMAL,23.1,2.5,6.9,6.1
12058,0.2783,0,NORMAL,22.9,1.8,5.9,5.8
12059,0.4667,0,NORMAL,22.5,2.4,4.7,4.7
12060,0.1407,0,NORMAL,20.0,2.6,5.6,4.6
12061,0.7845,0,WARNING,18.6,4.3,7.4,5.8
12062,0.9171,0,WARNING,18.6,4.6,5.9,5.4
12063,0.1417,0,NORMAL,19.6,2.0,4.8,4.1
12064,0.2199,0,NORMAL,19.4,1.7,4.5,3.7
12065,0.1643,0,NORMAL,20.7,2.7,7.4,7.2
12066,0.9021,0,WARNING,20.7,5.2,7.3,5.9
12067,0.1404,0,NORMAL,21.9,2.6,7.4,6.4
12068,0.1406,0,NORMAL,21.8,2.3,6.8,5.9
12069,0.7378,0,WARNING,22.8,3.2,6.7,5.6
12070,0.1802,0,NORMAL,22.5,3.7,10.7,9.0
12071,0.2105,0,NORMAL,23.3,2.8,6.5,4.9
12072,0.2963,0,NORMAL,23.1,4.3,8.5,6.8
12073,1.0,0,ANOMALY,23.4,6.5,5.6,4.0
12074,0.2819,0,NORMAL,22.7,1.7,6.7,4.4
12075,0.2944,0,NORMAL,23.4,3.2,8.0,7.4
12076,0.9453,0,WARNING,23.6,6.3,9.3,8.1
12077,0.3346,0,NORMAL,23.7,3.2,6.5,6.2
12078,0.4963,0,NORMAL,23.1,2.0,8.8,5.6
12079,0.3541,0,NORMAL,23.3,2.3,5.5,5.2
12080,0.9449,0,WARNING,23.4,4.7,7.8,6.7
12081,0.1348,0,NORMAL,20.6,2.8,5.7,5.3
12082,0.6079,0,WARNING,18.2,4.1,7.5,6.5
12083,0.1391,0,NORMAL,18.2,2.2,5.8,5.1
12084,0.5267,0,NORMAL,18.4,2.6,5.5,4.8
12085,0.1273,0,NORMAL,19.5,2.6,7.0,5.8
12086,0.3024,0,NORMAL,19.9,4.1,8.6,7.8
12087,0.4229,0,NORMAL,20.2,3.3,5.7,4.5
12088,0.1579,0,NORMAL,20.3,1.8,4.9,5.1
12089,0.1403,0,NORMAL,21.0,2.0,5.9,5.1
12090,0.1392,0,NORMAL,20.7,2.7,5.1,4.3
12091,0.6846,0,WARNING,21.5,3.8,6.4,6.2
12092,0.4289,0,NORMAL,21.9,3.6,8.2,7.6
12093,0.1455,0,NORMAL,21.8,1.7,6.8,6.0
12094,0.1826,0,NORMAL,21.4,1.8,5.7,4.7
12095,0.92,0,WARNING,23.1,5.4,9.7,8.3
12096,0.2952,0,NORMAL,22.2,4.2,8.3,6.0
12097,0.2344,0,NORMAL,22.5,2.6,6.3,5.1
12098,0.8542,0,WARNING,22.4,4.1,6.8,5.8
12099,0.2495,0,NORMAL,22.6,2.5,6.8,6.0
12100,0.2494,0,NORMAL,22.2,2.6,6.6,5.3
12101,0.259,0,NORMAL,22.9,2.8,8.2,6.4
12102,0.6811,0,WARNING,22.6,3.8,6.0,5.3
12103,0.1497,0,NORMAL,19.7,1.8,5.3,5.3
12104,0.1479,0,NORMAL,18.2,1.6,5.2,4.6
12105,0.4317,0,NORMAL,18.9,3.5,8.0,7.8
12106,0.4258,0,NORMAL,19.3,3.9,7.2,5.5
12107,0.162,0,NORMAL,20.5,2.9,7.5,6.3
12108,0.7374,0,WARNING,20.5,3.5,6.5,5.8
12109,0.9928,0,WARNING,20.7,5.5,5.8,5.0
12110,0.1618,0,NORMAL,21.0,2.0,6.9,6.1
12111,0.1307,0,NORMAL,21.1,2.6,5.8,6.0
12112,0.6769,0,WARNING,21.6,3.6,6.6,6.6
12113,0.1781,0,NORMAL,22.6,2.3,9.8,7.7
12114,0.2009,0,NORMAL,21.9,2.1,7.8,6.0
12115,0.2223,0,NORMAL,22.6,2.5,6.4,6.3
12116,0.8538,0,WARNING,22.8,5.4,9.4,8.3
12117,0.2772,0,NORMAL,22.7,2.3,7.1,5.7
12118,0.2883,0,NORMAL,22.5,1.7,5.7,4.9
12119,0.2977,0,NORMAL,22.7,2.0,4.7,4.5
12120,0.1536,0,NORMAL,17.3,2.7,5.5,4.9
12121,0.6154,0,WARNING,12.9,4.1,7.4,5.4
12122,0.532,0,NORMAL,13.9,3.7,7.8,6.6
12123,0.9863,0,WARNING,14.5,5.0,7.0,5.6
12124,0.1197,0,NORMAL,15.0,2.2,9.5,7.1
12125,0.179,0,NORMAL,17.8,4.0,10.9,8.9
12126,0.9695,0,WARNING,17.8,7.3,14.3,10.8
12127,0.2425,0,NORMAL,18.4,3.8,10.4,6.7
12128,0.2717,0,NORMAL,17.5,2.1,6.0,4.7
12129,0.6766,0,WARNING,17.8,3.0,5.1,4.6
12130,0.2686,0,NORMAL,17.2,2.2,4.2,4.1
12131,0.2757,0,NORMAL,18.1,2.3,7.1,5.8
12132,0.4278,0,NORMAL,17.7,2.6,5.3,4.6
12133,0.9199,0,WARNING,18.5,3.5,5.4,4.6
12134,0.3118,0,NORMAL,18.0,1.9,5.2,4.3
12135,0.3289,0,NORMAL,18.8,2.7,6.5,6.7
12136,0.4282,0,NORMAL,18.7,4.6,8.5,8.1
12137,0.9998,0,WARNING,19.1,6.7,7.2,6.5
12138,0.3677,0,NORMAL,18.3,2.0,5.2,4.6
12139,0.3726,0,NORMAL,18.7,2.3,5.5,5.4
12140,0.3819,0,NORMAL,18.2,1.9,3.3,2.4
12141,0.1822,0,NORMAL,15.5,2.2,4.1,4.3
12142,0.3093,0,NORMAL,12.5,3.6,6.1,5.0
12143,0.7874,0,WARNING,13.3,3.3,5.7,5.3
12144,0.1569,0,NORMAL,13.4,2.1,4.7,5.1
12145,0.1386,0,NORMAL,14.5,2.5,6.1,5.1
12146,0.4299,0,NORMAL,14.4,2.8,4.3,5.5
12147,0.4308,0,NORMAL,15.1,2.2,4.4,4.0
12148,0.1951,0,NORMAL,14.8,1.5,4.5,3.9
12149,0.199,0,NORMAL,15.0,1.7,3.9,3.6
12150,0.1858,0,NORMAL,15.4,2.7,7.4,6.2
12151,0.6183,0,WARNING,15.9,4.9,7.7,5.4
12152,0.306,0,NORMAL,15.9,3.1,4.6,3.8
12153,0.1845,0,NORMAL,15.9,1.3,3.3,3.6
12154,0.2432,0,NORMAL,15.9,1.4,3.1,2.9
12155,0.5399,0,NORMAL,17.2,3.9,6.4,5.0
12156,0.4365,0,NORMAL,16.7,3.2,5.3,5.3
12157,0.2307,0,NORMAL,17.9,2.7,7.0,5.9
12158,0.9314,0,WARNING,16.8,4.2,4.9,4.5
12159,0.6783,0,WARNING,16.7,2.8,3.5,4.1
12160,0.2702,0,NORMAL,17.1,2.8,5.1,4.2
12161,0.2941,0,NORMAL,17.6,2.8,6.1,4.8
12162,0.8415,0,WARNING,17.5,4.9,4.2,3.4
12163,0.6102,1,WARNING,17.9,3.1,4.8,4.2
12164,0.1954,1,NORMAL,16.4,1.7,3.6,3.3
12165,0.6404,1,WARNING,14.7,4.1,8.2,7.6
12166,0.9592,1,WARNING,14.7,15.2,33.8,12.4
12167,0.8945,1,WARNING,16.5,8.9,14.3,7.2
12168,0.2742,1,NORMAL,15.2,2.8,5.1,5.4
12169,0.5826,1,NORMAL,15.4,3.0,2.9,3.1
12170,0.1533,1,NORMAL,16.0,3.1,5.2,6.1
12171,0.15,0,NORMAL,16.5,3.0,5.7,5.7
12172,0.2816,0,NORMAL,17.6,3.8,6.8,6.5
12173,0.6042,0,WARNING,17.4,3.3,6.1,6.0
12174,0.2574,0,NORMAL,17.3,2.5,8.0,7.6
12175,0.2884,0,NORMAL,18.4,3.7,9.1,8.7
12176,0.5159,0,NORMAL,18.3,3.9,7.8,7.3
12177,0.317,0,NORMAL,18.4,3.4,9.6,9.2
12178,0.3239,0,NORMAL,17.8,2.4,7.8,6.6
12179,0.3374,0,NORMAL,17.9,2.2,4.8,4.6
12180,0.1463,0,NORMAL,17.5,2.8,6.6,6.6
12181,0.1491,0,NORMAL,17.7,2.6,6.7,6.6
12182,0.9008,0,WARNING,18.2,3.4,3.7,3.9
12183,0.2979,0,NORMAL,18.4,2.0,4.8,5.2
12184,0.1837,0,NORMAL,18.3,1.9,3.5,3.8
12185,0.2504,0,NORMAL,19.0,2.6,4.8,5.3
12186,0.6823,0,WARNING,19.7,3.7,5.3,6.6
12187,0.196,0,NORMAL,20.0,1.5,3.6,3.8
12188,0.1995,0,NORMAL,19.6,1.4,2.7,3.3
12189,0.1882,0,NORMAL,19.7,1.8,2.8,4.1
12190,0.1873,0,NORMAL,20.3,2.8,6.0,6.5
12191,0.4279,0,NORMAL,20.6,3.1,5.8,5.8
12192,0.4247,0,NORMAL,20.6,3.2,4.8,5.9
12193,0.2062,0,NORMAL,20.8,1.2,2.8,3.7
12194,0.1801,0,NORMAL,20.7,1.6,3.6,3.7
12195,0.9702,0,WARNING,21.0,5.3,4.3,4.1
12196,0.5323,0,NORMAL,21.2,3.5,4.3,4.1
12197,0.25,0,NORMAL,21.8,2.5,3.9,4.6
12198,0.2482,0,NORMAL,21.3,1.9,2.8,3.6
12199,0.8555,0,WARNING,21.8,3.5,3.3,3.3
12200,0.2729,0,NORMAL,21.4,2.4,4.0,3.6
12201,0.1865,0,NORMAL,19.4,3.0,5.3,4.2
12202,0.2733,0,NORMAL,16.7,3.3,3.7,3.2
12203,0.2044,0,NORMAL,17.3,1.6,2.9,2.8
12204,0.4367,0,NORMAL,17.6,1.9,2.3,2.5
12205,0.2161,0,NORMAL,18.9,2.4,5.6,4.8
12206,0.3159,0,NORMAL,18.9,3.6,5.0,3.7
12207,0.175,0,NORMAL,19.9,2.0,4.4,3.9
12208,0.1902,0,NORMAL,19.8,1.5,3.3,3.6
12209,0.7437,0,WARNING,20.5,3.1,4.1,3.8
12210,0.1869,0,NORMAL,20.3,2.0,4.7,3.8
12211,0.1975,0,NORMAL,21.2,2.7,5.8,5.2
12212,0.3121,0,NORMAL,21.2,2.9,4.5,4.1
12213,0.9963,0,WARNING,21.4,5.5,7.3,10.3
12214,0.902,0,WARNING,21.1,1.4,13.9,18.9
12215,0.3369,0,NORMAL,21.8,2.1,9.2,8.6
12216,0.2508,0,NORMAL,21.0,2.3,4.0,3.8
12217,0.2641,0,NORMAL,21.5,1.7,5.2,5.8
12218,0.902,0,WARNING,18.9,2.0,12.3,19.3
12219,0.8579,0,WARNING,17.2,1.9,12.6,16.4
12220,0.6568,0,WARNING,17.4,3.1,4.9,2.8
12221,0.1866,0,NORMAL,18.2,2.6,4.3,3.6
12222,0.6165,0,WARNING,18.4,3.3,8.8,12.0
12223,0.1883,0,NORMAL,18.6,1.6,5.8,6.1
12224,0.8992,0,WARNING,18.6,3.5,6.5,9.2
12225,0.9325,0,WARNING,19.2,4.0,15.2,20.8
12226,0.7695,0,WARNING,19.4,3.7,9.1,8.0
12227,0.1922,0,NORMAL,20.2,2.7,4.8,3.3
12228,0.2084,0,NORMAL,20.0,1.2,2.5,3.1
12229,0.2061,0,NORMAL,20.2,1.3,4.0,3.7
12230,0.7006,0,WARNING,18.5,1.9,9.2,13.8
12231,0.8578,0,WARNING,17.6,2.9,13.1,17.1
12232,0.8891,0,WARNING,17.7,3.5,13.9,18.1
12233,0.9135,0,WARNING,18.5,2.8,14.7,19.9
12234,0.3692,0,NORMAL,18.4,1.5,5.8,4.8
12235,0.1865,0,NORMAL,19.4,2.3,4.5,3.8
12236,0.992,0,WARNING,19.0,5.3,3.8,3.7
12237,0.2171,0,NORMAL,19.7,1.4,2.8,3.0
12238,0.2066,0,NORMAL,19.3,0.9,2.9,3.6
12239,0.2044,0,NORMAL,19.9,1.3,2.8,2.9
12240,0.2011,0,NORMAL,18.7,2.8,4.3,3.5
12241,0.1985,0,NORMAL,17.7,2.8,4.9,5.1
12242,0.5349,0,NORMAL,18.1,2.3,2.7,3.2
12243,0.2424,0,NORMAL,18.7,1.1,1.7,2.1
12244,0.9213,0,WARNING,18.8,3.2,2.4,2.8
12245,0.2088,0,NORMAL,19.5,2.0,3.6,2.8
12246,0.32,0,NORMAL,19.5,2.5,3.8,3.2
12247,0.2113,0,NORMAL,19.9,1.8,3.0,3.4
12248,0.2011,0,NORMAL,20.1,1.3,2.6,3.1
12249,0.8282,0,WARNING,20.5,3.2,2.5,3.0
12250,0.1902,0,NORMAL,20.7,3.2,4.4,3.9
12251,0.2307,0,NORMAL,21.5,2.5,4.8,4.7
12252,0.8824,0,WARNING,21.3,3.6,3.2,3.5
12253,0.6169,0,WARNING,21.2,2.3,2.3,2.8
12254,0.2804,0,NORMAL,21.2,1.1,2.1,2.4
12255,1.0,0,ANOMALY,30.1,9.9,3.1,3.2
12256,0.5609,0,NORMAL,21.5,2.8,3.7,3.8
12257,0.3219,0,NORMAL,22.1,1.3,2.9,3.2
12258,0.5358,0,NORMAL,21.8,2.6,2.8,3.4
12259,0.333,0,NORMAL,21.8,2.2,3.3,3.6
12260,0.3777,0,NORMAL,21.9,3.0,4.3,4.5
12261,0.3676,0,NORMAL,22.3,3.3,5.1,5.2
12262,0.9833,0,WARNING,22.2,5.0,3.1,3.1
12263,0.2602,0,NORMAL,21.0,1.2,1.9,2.4
12264,0.2214,0,NORMAL,17.8,1.1,1.9,2.4
12265,0.2252,0,NORMAL,16.7,2.3,3.8,3.0
12266,0.4406,0,NORMAL,17.8,3.1,4.0,3.3
12267,0.7439,0,WARNING,18.3,3.1,3.0,2.9
12268,0.2135,0,NORMAL,18.4,1.1,2.4,3.0
12269,0.2175,0,NORMAL,19.1,1.2,2.7,3.0
12270,0.2208,0,NORMAL,18.9,1.7,2.8,2.7
12271,0.2232,0,NORMAL,19.7,2.2,4.3,4.1
12272,0.6896,0,WARNING,19.8,3.1,3.0,2.7
12273,0.2342,0,NORMAL,20.4,1.3,2.1,2.0
12274,0.2354,0,NORMAL,20.5,1.3,2.0,2.6
12275,0.2181,0,NORMAL,21.4,2.1,3.9,3.4
12276,0.6908,0,WARNING,21.1,4.4,4.1,3.6
12277,0.6852,0,WARNING,21.4,3.2,4.2,3.8
12278,0.2604,0,NORMAL,21.0,1.1,2.7,3.0
12279,0.275,0,NORMAL,21.3,1.2,2.4,2.4
12280,0.7136,0,WARNING,21.4,3.3,3.2,2.8
12281,0.4533,0,NORMAL,22.1,3.1,4.1,2.9
12282,0.7418,0,WARNING,21.8,3.3,2.4,3.5
12283,0.7546,0,WARNING,22.0,2.1,1.8,2.0
12284,0.3581,0,NORMAL,21.6,1.3,2.7,2.6
12285,0.3587,0,NORMAL,22.0,2.0,4.0,4.4
12286,0.9925,0,WARNING,22.0,5.7,3.6,3.1
12287,0.3739,0,NORMAL,22.4,1.8,2.6,2.2
12288,0.2116,0,NORMAL,20.5,1.2,2.1,2.7
12289,0.2191,0,NORMAL,17.5,1.6,3.1,3.1
12290,0.2103,0,NORMAL,15.8,1.9,3.6,3.4
12291,0.2062,0,NORMAL,16.6,2.5,3.7,3.8
12292,0.7896,0,WARNING,16.9,3.0,2.2,3.2
12293,0.2217,0,NORMAL,17.5,1.1,2.3,2.9
12294,0.2426,0,NORMAL,17.5,1.2,1.9,2.2
12295,0.2226,0,NORMAL,18.8,2.3,3.9,3.8
12296,0.4384,0,NORMAL,18.8,3.8,4.4,3.3
12297,0.312,0,NORMAL,19.4,2.1,3.0,3.4
12298,0.2131,0,NORMAL,19.2,1.2,2.3,2.9
12299,0.2131,0,NORMAL,19.8,1.3,2.7,2.7
12300,0.2139,0,NORMAL,17.6,2.6,4.3,3.2
12301,0.2034,0,NORMAL,16.0,2.8,4.2,3.1
12302,0.7444,0,WARNING,16.6,3.2,2.9,3.0
12303,0.2259,0,NORMAL,17.3,1.3,3.1,2.4
12304,0.2342,0,NORMAL,17.6,1.2,2.0,2.0
12305,0.248,0,NORMAL,18.4,2.3,3.8,3.4
12306,0.3206,0,NORMAL,19.3,4.1,5.4,3.4
12307,0.2043,0,NORMAL,19.7,1.9,3.4,3.3
12308,0.2258,0,NORMAL,19.6,1.0,2.1,2.1
12309,0.2436,0,NORMAL,19.8,1.1,2.0,2.4
12310,0.2241,0,NORMAL,20.2,2.3,3.6,3.5
12311,0.2079,0,NORMAL,20.7,2.1,4.0,4.1
12312,0.8586,0,WARNING,20.9,4.3,4.5,4.3
12313,0.225,0,NORMAL,20.7,1.3,2.5,2.6
12314,0.2416,0,NORMAL,21.0,1.0,2.1,2.4
12315,0.2526,0,NORMAL,21.3,2.4,4.2,3.8
12316,0.4385,0,NORMAL,21.2,3.9,4.5,4.0
12317,0.2782,0,NORMAL,21.6,3.2,5.3,4.8
12318,0.2953,0,NORMAL,21.2,1.8,2.4,3.0
12319,0.9949,0,WARNING,21.6,5.8,2.8,3.5
12320,1.0,0,ANOMALY,22.1,5.4,3.3,3.8
12321,0.9549,0,WARNING,21.6,4.9,3.1,3.4
12322,0.954,0,WARNING,21.4,5.0,3.1,4.0
12323,0.332,0,NORMAL,22.1,1.5,3.4,3.5
12324,0.3109,0,NORMAL,18.1,1.0,1.7,1.6
12325,0.2501,0,NORMAL,15.8,2.4,4.2,3.8
12326,0.9639,0,WARNING,16.5,5.9,4.8,4.8
12327,0.4874,0,NORMAL,17.1,2.0,4.6,4.4
12328,0.1951,0,NORMAL,17.3,1.3,3.5,3.5
12329,0.1951,0,NORMAL,17.9,1.8,4.1,4.9
12330,0.8566,0,WARNING,18.1,5.2,5.2,4.6
12331,0.2029,0,NORMAL,18.5,2.8,5.2,5.0
12332,0.3035,0,NORMAL,19.0,3.0,5.4,5.2
12333,0.1801,0,NORMAL,19.4,1.9,4.4,4.7
12334,0.9199,0,WARNING,19.2,3.7,3.6,4.0
12335,0.2808,0,NORMAL,20.0,3.2,6.6,5.7
12336,0.5288,0,NORMAL,20.0,3.9,6.7,6.4
12337,0.61,0,WARNING,20.3,3.4,6.5,7.0
12338,0.933,0,WARNING,19.9,3.7,4.9,5.4
12339,0.1901,0,NORMAL,20.3,2.0,5.4,5.5
12340,0.1926,0,NORMAL,20.6,2.8,5.8,5.6
12341,0.1861,0,NORMAL,21.1,2.3,4.5,3.7
12342,0.9997,0,WARNING,21.0,6.2,3.3,3.2
12343,0.24,0,NORMAL,20.8,1.4,2.4,2.8
12344,0.1956,0,NORMAL,18.5,1.5,2.7,3.2
12345,0.2,0,NORMAL,16.7,2.6,4.6,4.1
12346,0.9949,0,WARNING,17.1,7.0,6.7,5.3
12347,0.2044,0,NORMAL,17.4,2.1,3.6,3.2
12348,0.2173,0,NORMAL,17.5,1.1,2.3,2.6
12349,0.2045,0,NORMAL,18.4,1.6,2.7,2.8
12350,0.6197,0,WARNING,18.6,3.4,4.4,3.8
12351,0.1916,0,NORMAL,19.3,2.9,4.3,3.9
12352,0.6168,0,WARNING,19.4,2.7,2.7,3.4
12353,0.2067,0,NORMAL,19.6,1.2,2.5,3.4
12354,0.2055,0,NORMAL,19.9,1.3,3.2,3.4
12355,0.2027,0,NORMAL,20.7,1.9,3.8,4.1
12356,0.98,0,WARNING,20.4,5.4,5.3,5.5
12357,0.1698,0,NORMAL,20.7,2.3,4.7,4.7
12358,0.3007,0,NORMAL,20.3,1.5,3.1,3.9
12359,0.4502,0,NORMAL,20.8,2.2,3.4,3.9
12360,0.5303,0,NORMAL,18.3,3.1,4.2,4.6
12361,0.1649,0,NORMAL,15.8,2.8,5.0,4.4
12362,0.6142,0,WARNING,16.4,2.8,3.8,4.9
12363,0.1828,0,NORMAL,16.9,1.5,4.2,5.6
12364,0.74,0,WARNING,17.1,2.9,3.9,4.6
12365,0.1583,0,NORMAL,18.3,2.8,6.3,6.3
12366,0.3029,0,NORMAL,18.3,4.1,7.5,7.5
12367,0.4211,0,NORMAL,18.9,3.3,7.5,8.0
12368,0.1747,0,NORMAL,18.8,1.8,5.3,6.9
12369,0.185,0,NORMAL,19.1,1.7,6.2,6.8
12370,0.2902,0,NORMAL,19.4,2.8,7.3,8.3
12371,0.8521,0,WARNING,20.9,4.1,7.9,9.2
12372,0.5152,0,NORMAL,20.7,3.3,5.8,6.6
12373,0.9691,0,WARNING,20.7,4.5,3.3,3.1
12374,0.2175,0,NORMAL,20.6,1.3,2.7,2.6
12375,0.2356,0,NORMAL,21.4,3.1,5.3,4.6
12376,0.275,0,NORMAL,21.3,3.6,4.5,3.7
12377,0.5298,0,NORMAL,18.7,3.4,4.1,4.4
12378,0.1893,0,NORMAL,15.4,2.0,3.0,3.5
12379,0.9245,0,WARNING,16.0,3.3,2.8,3.4
12380,0.5457,0,NORMAL,16.5,2.6,4.5,4.2
12381,0.1958,0,NORMAL,17.7,3.1,4.6,3.3
12382,0.8553,0,WARNING,17.9,4.0,3.0,2.7
12383,0.2216,0,NORMAL,18.7,1.2,2.2,2.7
12384,0.8971,0,WARNING,18.6,2.9,2.2,2.4
12385,0.2134,0,NORMAL,19.4,2.6,4.1,3.5
12386,0.7401,0,WARNING,19.6,4.9,4.6,3.5
12387,0.1869,0,NORMAL,20.1,2.0,3.7,3.7
12388,0.213,0,NORMAL,20.1,1.3,2.6,2.9
12389,0.2173,0,NORMAL,20.5,1.2,2.2,2.5
12390,0.8274,0,WARNING,20.6,4.1,4.3,3.8
12391,0.1871,0,NORMAL,20.9,2.0,4.7,4.9
12392,0.4344,0,NORMAL,20.8,2.9,3.4,2.9
12393,0.2572,0,NORMAL,21.3,1.4,2.8,3.0
12394,0.8831,0,WARNING,21.1,3.6,2.7,2.9
12395,0.3052,0,NORMAL,21.9,2.4,4.7,3.5
12396,0.3334,0,NORMAL,21.8,3.4,4.7,4.2
12397,0.3494,0,NORMAL,22.5,2.9,4.3,3.9
12398,0.3546,0,NORMAL,22.0,1.6,2.3,2.6
12399,0.8571,0,WARNING,22.1,3.2,2.7,3.5
12400,0.1925,0,NORMAL,20.6,2.6,4.5,4.3
12401,0.1834,0,NORMAL,17.5,2.5,4.7,4.2
12402,0.5321,0,NORMAL,16.8,3.1,3.7,4.1
12403,0.2003,0,NORMAL,17.5,1.4,3.2,3.9
12404,0.2027,0,NORMAL,17.7,1.3,3.2,3.8
12405,0.1875,0,NORMAL,18.7,2.8,5.2,4.3
12406,0.9704,0,WARNING,18.6,6.2,5.3,4.2
12407,0.1716,0,NORMAL,19.3,2.1,4.6,4.6
12408,0.1732,0,NORMAL,19.5,1.5,4.5,4.7
12409,0.6163,0,WARNING,19.5,2.6,3.2,3.2
12410,0.1957,0,NORMAL,19.3,2.1,3.6,3.5
12411,0.1868,0,NORMAL,19.9,2.5,4.7,4.7
12412,0.6172,0,WARNING,19.7,3.1,3.8,3.7
12413,0.213,0,NORMAL,20.1,1.4,2.5,3.0
12414,0.9561,0,WARNING,19.9,3.8,2.6,3.3
12415,0.1935,0,NORMAL,20.6,2.1,3.8,3.9
12416,0.432,0,NORMAL,20.7,3.2,4.2,3.7
12417,0.228,0,NORMAL,20.9,1.7,3.3,3.9
12418,0.5323,0,NORMAL,20.6,2.1,2.3,2.8
12419,0.2253,0,NORMAL,20.9,1.7,3.3,3.2
12420,0.196,0,NORMAL,16.0,3.0,4.7,3.3
12421,0.2057,0,NORMAL,10.8,1.8,2.9,3.2
12422,0.3174,0,NORMAL,11.0,1.9,2.4,2.8
12423,0.2174,0,NORMAL,11.5,1.0,2.2,2.6
12424,0.2343,0,NORMAL,11.5,1.1,2.2,2.3
12425,0.2244,0,NORMAL,12.5,2.3,4.1,3.2
12426,0.444,0,NORMAL,12.7,3.6,4.4,3.6
12427,0.8278,0,WARNING,13.2,3.6,2.9,2.7
12428,0.2315,0,NORMAL,13.6,1.0,1.7,2.3
12429,0.2173,0,NORMAL,14.3,1.4,2.3,2.5
12430,0.216,0,NORMAL,14.5,2.1,3.5,4.0
12431,0.9643,0,WARNING,15.3,5.8,5.0,5.2
12432,0.4307,0,NORMAL,15.3,3.2,4.5,4.4
12433,0.2086,0,NORMAL,15.7,1.3,2.7,3.1
12434,0.2172,0,NORMAL,15.5,1.3,2.6,2.5
12435,0.9542,0,WARNING,16.0,4.7,4.5,3.8
12436,0.8543,0,WARNING,16.1,5.8,5.7,4.7
12437,0.2419,0,NORMAL,16.3,2.7,4.8,4.8
12438,0.2516,0,NORMAL,16.1,2.1,3.5,3.9
12439,0.5853,0,NORMAL,16.6,2.4,3.1,3.5
12440,0.6811,0,WARNING,16.5,3.1,3.8,4.1
12441,0.2835,0,NORMAL,17.2,3.1,4.9,5.1
12442,0.426,0,NORMAL,16.8,2.9,3.3,2.8
12443,0.2213,0,NORMAL,14.2,1.1,2.1,2.3
12444,0.2387,0,NORMAL,11.0,1.3,2.7,2.8
12445,0.6903,0,WARNING,12.0,3.5,4.7,3.8
12446,0.4387,0,NORMAL,12.2,3.1,4.3,3.6
12447,0.2002,0,NORMAL,12.9,1.9,3.4,3.3
12448,0.2884,0,NORMAL,13.2,1.6,3.2,3.6
12449,0.9037,0,WARNING,13.7,3.6,3.2,3.0
12450,0.1995,0,NORMAL,14.2,2.1,3.9,3.3
12451,0.1987,0,NORMAL,15.0,3.3,6.2,5.2
12452,0.2038,0,NORMAL,14.9,2.3,3.2,3.3
12453,0.2061,0,NORMAL,15.3,1.6,3.0,2.9
12454,0.858,0,WARNING,15.1,3.1,2.4,3.0
12455,0.2118,0,NORMAL,15.8,2.6,4.5,3.8
12456,0.5372,0,NORMAL,15.7,3.3,4.7,3.5
12457,0.2127,0,NORMAL,16.3,2.1,4.8,5.4
12458,0.9558,0,WARNING,16.3,4.1,3.0,3.2
12459,0.232,0,NORMAL,16.6,1.3,3.5,5.0
12460,0.2413,0,NORMAL,16.9,2.3,4.2,3.5
12461,0.2822,0,NORMAL,17.0,2.6,4.1,3.3
12462,0.5357,0,NORMAL,16.8,3.0,3.4,3.5
12463,0.9799,0,WARNING,17.3,4.7,2.8,2.6
12464,0.3311,0,NORMAL,16.8,1.1,2.1,1.7
12465,0.3468,0,NORMAL,17.5,3.3,5.1,3.6
12466,0.439,0,NORMAL,17.4,4.5,5.5,3.8
12467,0.197,0,NORMAL,14.2,2.3,3.6,3.5
12468,0.2147,0,NORMAL,10.6,1.2,2.4,3.1
12469,0.2055,0,NORMAL,11.4,1.7,2.8,2.8
12470,0.2082,0,NORMAL,11.7,1.9,3.1,3.7
12471,0.2293,0,NORMAL,13.1,3.6,4.9,4.5
12472,0.3076,0,NORMAL,13.5,3.2,3.7,4.2
12473,0.531,0,NORMAL,14.2,2.5,2.9,3.6
12474,0.2754,0,NORMAL,13.9,1.7,2.6,3.3
12475,0.2076,0,NORMAL,14.5,3.1,5.4,5.7
12476,0.4257,0,NORMAL,14.9,3.6,5.1,5.0
12477,0.9631,0,WARNING,15.5,5.2,4.4,4.3
12478,0.2968,0,NORMAL,15.3,1.9,3.1,4.2
12479,0.2126,0,NORMAL,15.8,1.4,2.7,3.0
12480,0.1921,0,NORMAL,15.9,2.7,4.0,3.8
12481,0.1884,0,NORMAL,16.2,2.7,4.9,4.7
12482,0.5303,0,NORMAL,16.7,3.0,3.6,3.5
12483,0.1976,0,NORMAL,17.3,2.0,2.8,3.4
12484,0.3383,0,NORMAL,17.2,1.8,2.6,2.7
12485,0.6858,0,WARNING,18.0,2.6,4.4,5.8
12486,0.7964,0,WARNING,18.0,4.7,5.0,5.4
12487,0.1812,0,NORMAL,19.1,1.9,3.6,4.0
12488,0.3379,0,NORMAL,19.2,1.8,3.1,4.0
12489,0.3581,0,NORMAL,20.0,2.1,3.4,4.0
12490,0.1841,0,NORMAL,19.7,2.0,3.8,4.2
12491,0.9553,0,WARNING,20.1,5.1,3.9,3.3
12492,0.4249,0,NORMAL,20.0,2.6,3.0,3.1
12493,0.2299,0,NORMAL,20.3,1.1,1.9,2.5
12494,0.2465,0,NORMAL,20.2,0.7,1.6,1.8
12495,0.2369,0,NORMAL,20.8,2.9,4.4,4.2
12496,0.5395,0,NORMAL,20.9,4.0,4.7,3.6
12497,0.2423,0,NORMAL,21.1,2.9,3.7,3.3
12498,0.9146,0,WARNING,21.2,3.8,2.5,2.9
12499,0.2618,0,NORMAL,21.3,1.9,2.6,3.3
12500,0.2607,0,NORMAL,21.3,2.6,3.7,3.5
12501,0.9268,0,WARNING,21.9,6.0,3.8,2.8
12502,0.2949,0,NORMAL,21.3,2.8,3.0,2.6
12503,0.234,0,NORMAL,20.0,1.3,1.8,2.0
12504,0.2424,0,NORMAL,16.8,1.1,1.6,1.8
12505,0.2281,0,NORMAL,16.1,2.1,3.3,2.9
12506,0.8589,0,WARNING,17.1,5.5,4.6,3.2
12507,0.2174,0,NORMAL,18.1,2.3,3.4,2.8
12508,0.2342,0,NORMAL,18.2,1.3,2.0,2.2
12509,0.2159,0,NORMAL,18.8,1.7,3.9,3.8
12510,0.2049,0,NORMAL,18.8,2.1,3.7,3.0
12511,0.5398,0,NORMAL,20.1,4.3,6.0,4.9
12512,0.4353,0,NORMAL,20.0,3.0,4.6,3.9
12513,0.2215,0,NORMAL,20.3,1.3,2.4,2.5
12514,0.2001,0,NORMAL,20.2,1.2,3.0,2.8
12515,0.7907,0,WARNING,20.6,4.0,4.3,3.1
12516,0.3177,0,NORMAL,20.4,2.3,3.1,3.1
12517,0.2299,0,NORMAL,20.8,2.1,2.8,2.2
12518,0.2438,0,NORMAL,20.8,1.2,1.7,1.9
12519,0.2486,0,NORMAL,21.1,1.3,2.2,2.5
12520,0.2639,0,NORMAL,21.7,2.9,4.0,2.8
12521,0.976,0,WARNING,21.9,5.6,4.1,2.6
12522,0.5389,0,NORMAL,21.5,2.9,2.9,3.0
12523,0.3365,0,NORMAL,21.9,1.0,2.3,2.2
12524,0.3422,0,NORMAL,21.7,1.1,1.7,1.4
12525,0.3469,0,NORMAL,22.8,2.9,4.2,2.7
12526,0.3549,0,NORMAL,22.3,4.0,4.9,3.4
12527,0.9041,0,WARNING,22.4,4.0,3.9,3.2
12528,0.3764,0,NORMAL,22.0,1.1,1.9,1.9
12529,0.3773,0,NORMAL,22.1,1.3,2.5,2.5
12530,0.216,0,NORMAL,18.8,1.8,2.8,3.2
12531,0.4674,0,NORMAL,16.3,3.2,3.9,3.5
12532,0.9349,0,WARNING,16.2,4.9,3.1,3.0
12533,0.2133,0,NORMAL,17.2,1.3,3.0,3.6
12534,0.2043,0,NORMAL,17.6,1.5,3.7,3.8
12535,0.2043,0,NORMAL,18.5,2.5,5.6,4.8
12536,0.4344,0,NORMAL,19.0,3.4,5.9,6.2
12537,0.8557,0,WARNING,19.8,3.6,4.8,4.3
12538,0.9392,0,WARNING,19.3,3.1,2.5,2.7
12539,0.2131,0,NORMAL,19.5,1.2,2.4,2.7
12540,0.2015,0,NORMAL,17.7,1.6,2.9,3.3
12541,0.4317,0,NORMAL,16.4,3.2,5.1,4.6
12542,0.3091,0,NORMAL,16.3,1.8,2.2,1.9
12543,0.5731,0,NORMAL,17.3,1.6,2.8,3.2
12544,0.9119,0,WARNING,16.9,3.0,2.5,2.1
12545,0.3002,0,NORMAL,17.9,2.4,4.3,3.3
12546,0.3082,0,NORMAL,17.9,3.4,4.9,4.3
12547,0.1819,0,NORMAL,18.4,2.3,5.0,3.9
12548,0.1954,0,NORMAL,19.0,1.5,5.2,5.0
12549,0.1957,0,NORMAL,19.6,1.8,6.9,5.8
12550,0.1973,0,NORMAL,19.3,2.4,5.4,3.7
12551,0.8573,0,WARNING,20.5,4.9,5.6,4.3
12552,0.429,0,NORMAL,20.1,2.8,3.0,2.7
12553,0.2087,0,NORMAL,20.5,1.3,2.5,3.0
12554,0.9753,0,WARNING,20.1,3.4,1.6,1.4
12555,0.2205,0,NORMAL,21.0,2.9,4.5,4.1
12556,0.9022,0,WARNING,21.0,5.5,5.6,4.9
12557,0.2097,0,NORMAL,21.3,3.0,4.9,4.2
12558,0.4149,0,NORMAL,20.8,2.2,3.5,3.2
12559,0.2175,0,NORMAL,21.0,1.8,2.8,2.8
12560,0.2294,0,NORMAL,20.8,2.2,3.0,2.7
12561,0.7875,0,WARNING,21.6,4.1,4.0,3.2
12562,0.2698,0,NORMAL,21.3,2.0,2.5,2.6
12563,0.2759,0,NORMAL,21.5,1.4,3.4,3.2
12564,0.2816,0,NORMAL,21.5,1.2,3.0,2.2
12565,0.2343,0,NORMAL,18.6,2.3,3.6,3.8
12566,0.9996,0,WARNING,16.2,6.5,4.6,3.7
12567,0.183,0,NORMAL,17.5,2.4,4.2,3.9
12568,0.2044,0,NORMAL,17.1,1.4,2.9,2.8
12569,0.1879,0,NORMAL,18.9,1.9,5.6,5.2
12570,0.9799,0,WARNING,18.5,5.6,5.2,3.9
12571,0.1688,0,NORMAL,19.2,2.6,5.0,4.2
12572,0.4308,0,NORMAL,20.0,3.5,5.4,4.4
12573,0.1628,0,NORMAL,20.2,1.7,4.6,4.3
12574,0.9938,0,WARNING,20.2,4.9,5.3,3.9
12575,0.1364,0,NORMAL,21.3,3.9,11.3,8.6
12576,0.4248,0,NORMAL,23.2,4.5,15.0,12.2
12577,0.6747,0,WARNING,21.5,3.5,5.9,3.9
12578,0.2198,0,NORMAL,20.9,1.1,2.8,2.3
12579,0.2096,0,NORMAL,21.6,1.3,3.3,3.4
12580,0.2019,0,NORMAL,21.4,3.3,5.9,5.1
12581,0.225,0,NORMAL,21.7,3.1,4.9,3.2
12582,0.6167,0,WARNING,21.5,3.9,3.7,3.1
12583,0.2485,0,NORMAL,21.7,1.7,3.8,3.7
12584,0.989,0,WARNING,21.7,4.5,2.8,2.3
12585,0.2537,0,NORMAL,22.5,2.8,5.9,4.7
12586,0.296,0,NORMAL,22.0,3.9,7.3,5.6
12587,0.2797,0,NORMAL,22.0,3.1,7.1,5.7
12588,0.1671,0,NORMAL,19.9,1.7,4.1,3.9
12589,0.1552,0,NORMAL,17.0,2.1,5.9,4.7
12590,0.1737,0,NORMAL,17.8,3.0,7.3,5.6
12591,0.4292,0,NORMAL,19.3,3.8,8.1,6.4
12592,0.2978,0,NORMAL,19.2,3.9,9.8,8.1
12593,0.1397,0,NORMAL,20.5,2.2,7.7,6.5
12594,0.2915,0,NORMAL,20.5,3.2,9.1,7.8
12595,0.1393,0,NORMAL,20.6,2.9,8.1,7.5
12596,0.285,0,NORMAL,21.3,4.6,12.0,10.5
12597,0.9858,0,WARNING,21.4,6.2,12.1,9.5
12598,0.1742,0,NORMAL,22.1,1.8,6.5,5.3
12599,0.1522,0,NORMAL,22.2,3.2,11.4,9.5
12600,0.9168,0,WARNING,19.2,5.5,10.7,9.3
12601,0.275,0,NORMAL,17.4,2.6,7.0,6.3
12602,0.1399,0,NORMAL,17.3,2.6,5.9,5.1
12603,0.1982,0,NORMAL,18.6,2.3,6.7,5.5
12604,0.1671,0,NORMAL,18.4,1.8,7.0,5.7
12605,0.2628,0,NORMAL,21.6,3.4,11.7,8.1
12606,0.9004,0,WARNING,21.1,5.5,10.0,8.4
12607,0.1624,0,NORMAL,21.8,3.3,12.0,10.2
12608,0.5834,0,NORMAL,20.2,2.6,8.9,5.0
12609,0.5968,0,NORMAL,23.5,3.8,9.9,8.0
12610,0.1524,0,NORMAL,22.3,3.8,10.7,8.4
12611,0.1437,0,NORMAL,22.7,4.0,10.8,8.5
12612,0.8759,0,WARNING,22.6,6.2,14.8,11.9
12613,0.4721,0,NORMAL,24.0,4.7,20.3,16.4
12614,0.9853,0,WARNING,23.5,5.1,19.6,12.8
12615,0.8942,0,WARNING,24.9,8.0,24.6,20.2
12616,0.433,0,NORMAL,21.2,5.6,17.4,12.5
12617,0.9916,0,WARNING,19.8,7.9,16.4,13.1
12618,0.2454,0,NORMAL,19.2,2.9,9.9,8.1
12619,0.9997,0,WARNING,20.7,6.5,11.7,9.7
12620,0.1948,0,NORMAL,20.6,3.8,13.4,11.5
12621,0.2277,0,NORMAL,22.0,4.3,15.1,11.6
12622,0.5877,0,NORMAL,21.9,4.6,13.5,10.4
12623,0.3391,0,NORMAL,22.4,3.2,17.0,13.3
12624,0.1866,0,NORMAL,21.7,2.5,11.9,8.8
12625,0.2873,0,NORMAL,22.7,3.8,16.0,12.2
12626,0.59,0,NORMAL,24.0,5.4,20.9,16.9
12627,0.3663,0,NORMAL,23.3,4.4,17.8,12.1
12628,0.2306,0,NORMAL,22.2,1.8,10.2,7.8
12629,0.14,0,NORMAL,21.9,1.8,7.1,5.9
12630,0.6038,0,WARNING,22.1,5.3,22.9,19.6
12631,0.3661,0,NORMAL,18.4,3.6,12.1,7.8
12632,0.5974,0,NORMAL,19.8,4.7,17.2,11.9
12633,0.4257,0,NORMAL,22.9,4.3,19.1,14.8
12634,0.3129,0,NORMAL,22.9,3.3,11.6,8.6
12635,0.5316,0,NORMAL,21.6,3.2,14.4,9.8
12636,0.3884,0,NORMAL,22.7,4.2,12.8,10.1
12637,0.896,0,WARNING,21.8,4.9,10.1,8.3
12638,0.8009,0,WARNING,23.0,3.7,19.9,13.8
12639,0.9781,0,WARNING,24.5,7.2,19.8,15.6
12640,0.2932,0,NORMAL,23.2,3.9,12.2,8.8
12641,0.1865,0,NORMAL,24.2,3.9,14.1,11.4
12642,1.0,0,ANOMALY,24.2,9.3,14.8,12.4
12643,0.8088,0,WARNING,26.9,6.8,25.4,20.3
12644,0.7681,0,WARNING,22.8,4.8,26.2,18.4
12645,1.0,0,ANOMALY,22.1,10.0,20.8,15.5
12646,0.6064,0,WARNING,21.7,6.1,20.5,14.1
12647,0.972,0,WARNING,23.2,6.4,15.8,12.4
12648,0.2847,0,NORMAL,22.7,3.8,15.5,13.1
12649,0.3603,0,NORMAL,24.2,3.5,16.0,13.2
12650,0.2028,0,NORMAL,22.3,3.9,12.4,9.6
12651,0.1736,0,NORMAL,22.9,4.0,13.5,11.3
12652,0.8113,0,WARNING,23.4,4.5,12.3,11.2
12653,0.2768,0,NORMAL,24.1,3.1,14.1,12.5
12654,0.3132,0,NORMAL,25.1,3.2,15.3,12.2
12655,0.4842,0,NORMAL,26.9,4.9,18.7,15.8
12656,0.4921,0,NORMAL,25.3,4.6,15.7,12.6
12657,0.4316,0,NORMAL,23.8,5.1,20.9,16.8
12658,0.3724,0,NORMAL,20.0,4.2,18.9,14.5
12659,0.2393,0,NORMAL,19.7,2.6,14.2,11.4
12660,0.4126,0,NORMAL,20.4,5.7,20.3,15.7
12661,0.9278,0,WARNING,21.6,6.0,18.6,14.4
12662,0.3718,0,NORMAL,19.7,2.7,10.1,7.4
12663,0.1179,0,NORMAL,20.0,2.3,8.7,7.2
12664,0.1404,0,NORMAL,20.6,2.2,8.2,6.6
12665,0.9215,0,WARNING,21.5,3.6,18.0,11.0
12666,0.4826,0,NORMAL,21.2,4.1,10.5,9.7
12667,0.148,0,NORMAL,20.9,2.1,7.4,6.0
12668,0.8491,0,WARNING,20.8,3.9,7.7,7.2
12669,0.1682,0,NORMAL,21.1,1.9,7.9,7.6
12670,0.1217,0,NORMAL,22.1,2.2,8.3,8.1
12671,0.1703,0,NORMAL,22.5,3.3,8.1,6.9
12672,0.781,0,WARNING,23.2,5.2,15.7,12.0
12673,0.2122,0,NORMAL,22.8,2.2,9.8,7.3
12674,0.2199,0,NORMAL,22.9,3.1,12.2,9.9
12675,0.2808,0,NORMAL,23.7,5.2,14.2,11.5
12676,0.7275,0,WARNING,20.6,4.9,12.4,11.0
12677,0.8745,0,WARNING,20.2,6.0,16.1,13.7
12678,0.2758,0,NORMAL,19.0,3.4,10.6,8.6
12679,0.6621,0,WARNING,19.4,3.5,8.3,7.2
12680,0.1343,0,NORMAL,20.0,3.3,12.1,9.9
12681,0.1142,0,NORMAL,20.9,3.8,13.1,9.1
12682,0.4002,0,NORMAL,20.6,3.8,9.0,7.2
12683,0.0956,0,NORMAL,21.2,2.8,9.4,8.6
12684,0.4074,0,NORMAL,21.3,3.1,11.3,10.5
12685,0.1484,0,NORMAL,21.5,3.7,12.3,10.0
12686,0.4077,0,NORMAL,22.6,4.9,14.8,12.7
12687,0.235,0,NORMAL,23.4,3.5,12.0,9.6
12688,0.1905,0,NORMAL,22.1,2.3,8.6,7.7
12689,0.9539,0,WARNING,22.6,4.9,11.6,10.1
12690,0.1724,0,NORMAL,23.1,3.6,12.3,9.9
12691,0.1887,0,NORMAL,23.2,3.7,12.1,10.0
12692,0.4027,0,NORMAL,19.7,3.9,10.3,9.1
12693,0.1463,0,NORMAL,18.1,2.1,9.1,6.5
12694,0.3136,0,NORMAL,20.5,2.9,11.5,9.5
12695,0.9828,0,WARNING,20.8,5.8,13.0,9.2
12696,0.4012,0,NORMAL,21.1,4.8,12.9,10.6
12697,0.405,0,NORMAL,23.1,3.7,11.3,8.7
12698,0.3132,0,NORMAL,23.2,3.4,11.8,10.4
12699,0.2622,0,NORMAL,23.4,2.6,11.2,9.3
12700,0.1784,0,NORMAL,23.2,3.1,10.6,7.5
12701,0.5079,0,NORMAL,23.4,3.3,13.6,9.2
12702,0.931,0,WARNING,24.0,4.5,12.5,9.1
12703,0.1736,0,NORMAL,23.3,2.7,11.9,9.7
12704,0.2033,0,NORMAL,24.1,3.2,14.3,11.1
12705,0.3831,0,NORMAL,25.8,5.4,17.1,11.8
12706,0.5368,0,NORMAL,26.8,5.6,17.6,13.1
12707,0.4652,0,NORMAL,26.5,4.5,14.3,10.2
12708,0.3864,0,NORMAL,21.7,3.3,9.9,8.5
12709,0.1198,0,NORMAL,19.6,3.0,11.8,8.8
12710,0.1161,0,NORMAL,19.6,3.5,10.2,7.9
12711,0.6751,0,WARNING,21.0,4.8,10.5,9.0
12712,0.3133,0,NORMAL,23.1,4.7,12.8,10.2
12713,0.2609,0,NORMAL,23.3,2.8,13.1,11.2
12714,0.7244,0,WARNING,23.6,4.8,18.0,12.6
12715,0.337,0,NORMAL,24.7,3.8,15.4,12.7
12716,0.3828,0,NORMAL,25.2,5.0,15.9,13.1
12717,0.6396,0,WARNING,28.2,5.3,21.3,16.1
12718,0.4463,0,NORMAL,26.6,3.8,19.9,14.2
12719,0.9271,0,WARNING,27.1,6.4,20.9,16.5
12720,0.5688,0,NORMAL,21.0,4.7,15.9,11.3
12721,0.7107,0,WARNING,15.7,5.2,12.4,10.4
12722,0.4854,0,NORMAL,17.2,5.0,16.0,12.9
12723,0.313,0,NORMAL,18.5,3.5,13.1,10.9
12724,0.9781,0,WARNING,19.1,6.7,17.3,14.6
12725,0.2618,0,NORMAL,18.9,3.9,15.8,12.1
12726,0.5826,0,NORMAL,19.4,5.3,14.2,11.4
12727,0.5199,0,NORMAL,21.5,5.2,20.2,15.8
12728,0.8693,0,WARNING,20.1,5.1,16.9,13.2
12729,0.2328,0,NORMAL,19.9,2.7,11.4,9.3
12730,0.2864,0,NORMAL,18.8,3.5,13.0,11.5
12731,0.3342,0,NORMAL,19.7,4.8,18.1,13.4
12732,0.913,0,WARNING,20.5,6.6,14.8,12.0
12733,0.2908,0,NORMAL,17.2,3.3,14.9,12.4
12734,0.2511,0,NORMAL,15.3,3.1,11.7,8.8
12735,0.9612,0,WARNING,17.9,8.5,22.6,17.8
12736,0.8938,0,WARNING,20.2,9.4,27.1,20.5
12737,0.5298,0,NORMAL,19.0,5.6,22.4,17.9
12738,0.9093,0,WARNING,18.3,6.4,17.3,13.1
12739,0.3601,0,NORMAL,20.0,4.6,17.0,12.7
12740,0.4732,0,NORMAL,18.9,3.8,11.8,9.7
12741,0.2815,0,NORMAL,19.5,4.4,16.0,11.9
12742,0.9944,0,WARNING,19.7,8.4,18.1,11.3
12743,0.5195,0,NORMAL,20.1,4.3,18.7,13.4
12744,0.252,0,NORMAL,19.8,3.5,15.5,11.9
12745,0.1943,0,NORMAL,20.0,3.4,13.3,10.2
12746,0.4677,0,NORMAL,18.7,5.8,20.3,16.9
12747,0.8077,0,WARNING,17.3,6.6,21.9,16.4
12748,0.3513,0,NORMAL,17.8,3.1,14.5,11.1
12749,0.3731,0,NORMAL,17.4,3.6,17.5,14.6
12750,0.2899,0,NORMAL,18.2,4.3,17.9,14.0
12751,0.4867,0,NORMAL,19.2,5.6,19.1,12.4
12752,0.6521,0,WARNING,19.2,5.1,14.3,10.5
12753,0.3378,0,NORMAL,19.3,3.2,12.5,10.0
12754,0.2285,0,NORMAL,18.5,2.4,13.6,10.8
12755,0.4759,0,NORMAL,20.4,7.3,23.3,15.5
12756,0.9998,0,WARNING,20.2,8.6,18.9,14.3
12757,0.4253,0,NORMAL,21.0,4.6,19.9,14.6
12758,0.3119,0,NORMAL,19.7,2.6,12.1,9.9
12759,0.4411,0,NORMAL,19.6,4.1,20.5,15.0
12760,0.3465,0,NORMAL,16.4,3.7,17.9,14.2
12761,0.8094,0,WARNING,17.0,6.3,22.7,18.5
12762,0.3295,0,NORMAL,16.9,3.9,16.2,10.8
12763,0.7498,0,WARNING,17.8,4.0,19.4,12.6
12764,0.398,0,NORMAL,17.7,3.6,19.6,15.0
12765,0.5836,0,NORMAL,19.6,6.6,26.4,20.4
12766,0.7301,0,WARNING,21.0,7.1,29.8,21.1
12767,0.5361,0,NORMAL,21.2,6.1,24.0,17.9
12768,0.4119,0,NORMAL,19.1,4.0,15.4,12.6
12769,0.3466,0,NORMAL,19.8,4.8,17.1,14.4
12770,0.4985,0,NORMAL,19.9,4.9,16.6,13.8
12771,0.5084,0,NORMAL,19.4,4.6,20.6,18.1
12772,0.759,0,WARNING,18.0,5.4,17.8,14.5
12773,1.0,0,ANOMALY,18.4,8.7,16.5,14.3
12774,0.3604,0,NORMAL,18.2,4.2,18.1,15.2
12775,0.5432,0,NORMAL,18.8,5.3,20.4,16.9
12776,0.5625,0,NORMAL,20.6,8.1,25.0,19.3
12777,0.9655,0,WARNING,20.5,7.4,20.3,16.6
12778,0.336,0,NORMAL,19.0,3.5,13.9,12.0
12779,0.9952,0,WARNING,21.0,7.0,16.7,12.1
12780,0.9962,0,WARNING,21.0,4.7,13.2,10.1
12781,0.8038,0,WARNING,23.5,8.0,21.9,16.8
12782,0.4497,0,NORMAL,24.1,5.4,20.5,16.6
12783,0.5022,0,NORMAL,25.2,3.9,18.7,13.3
12784,0.9263,0,WARNING,24.6,6.1,20.4,13.2
12785,0.6395,0,WARNING,26.8,5.2,17.9,13.0
12786,0.4652,0,NORMAL,26.3,5.5,17.5,12.3
12787,0.6395,0,WARNING,27.9,6.0,23.4,19.5
12788,0.8036,0,WARNING,24.9,4.4,12.5,9.7
12789,0.4836,0,NORMAL,24.8,3.7,10.0,8.3
12790,0.2251,0,NORMAL,25.4,4.7,14.3,11.8
12791,0.2171,0,NORMAL,26.0,3.7,13.5,10.3
12792,0.3913,0,NORMAL,24.5,3.6,10.2,9.1
12793,0.165,0,NORMAL,22.8,2.7,12.8,10.8
12794,0.1546,0,NORMAL,20.3,3.3,11.7,9.3
12795,0.7263,0,WARNING,22.3,7.0,24.4,19.3
12796,0.8119,0,WARNING,27.2,9.5,35.8,28.2
12797,0.9985,0,WARNING,23.9,7.8,24.5,16.4
12798,0.425,0,NORMAL,25.2,4.9,20.0,15.4
12799,0.4929,0,NORMAL,25.3,5.5,20.8,17.0
12800,0.8416,0,WARNING,26.7,6.5,21.8,15.3
12801,0.799,0,WARNING,28.3,8.1,27.0,20.0
12802,0.4737,0,NORMAL,25.0,4.8,17.0,12.6
12803,0.9494,0,WARNING,26.0,5.7,17.6,14.6
12804,0.9546,0,WARNING,26.0,4.5,29.1,16.8
12805,0.3709,0,NORMAL,23.6,3.6,15.7,12.9
12806,0.4701,0,NORMAL,22.0,6.2,19.3,15.5
12807,0.8372,0,WARNING,22.8,5.6,16.0,13.4
12808,0.3788,0,NORMAL,22.4,3.6,17.4,15.1
12809,0.9956,0,WARNING,26.3,7.8,14.7,12.4
12810,0.2938,0,NORMAL,24.7,4.4,15.4,12.4
12811,0.3128,0,NORMAL,25.6,4.1,14.9,11.4
12812,0.3881,0,NORMAL,25.4,5.1,19.3,15.1
12813,0.2347,0,NORMAL,24.6,4.1,14.7,11.2
12814,0.5868,0,NORMAL,25.2,4.0,21.9,15.4
12815,0.6127,0,WARNING,27.7,6.1,25.7,20.7
12816,0.6643,0,WARNING,29.1,7.0,25.7,19.6
12817,0.8655,0,WARNING,24.9,6.0,18.3,12.5
12818,0.4342,0,NORMAL,23.4,4.2,19.0,15.9
12819,0.4124,0,NORMAL,23.0,4.1,19.6,15.3
12820,0.2663,0,NORMAL,22.6,4.9,16.1,10.8
12821,0.2066,0,NORMAL,23.2,4.0,11.2,8.6
12822,1.0,0,ANOMALY,25.0,8.9,14.3,11.4
12823,0.3373,0,NORMAL,24.8,2.7,11.6,9.2
12824,0.3413,0,NORMAL,24.7,4.1,19.1,13.8
12825,0.3128,0,NORMAL,25.0,4.9,17.7,12.8
12826,0.4891,0,NORMAL,25.3,5.9,19.8,13.7
12827,0.9273,0,WARNING,26.4,7.1,18.6,14.5
12828,0.4651,0,NORMAL,26.9,3.3,15.0,11.6
12829,0.2109,0,NORMAL,25.0,3.3,13.1,10.9
12830,0.3371,0,NORMAL,26.1,4.6,16.2,14.3
12831,0.248,0,NORMAL,24.5,4.6,15.2,12.2
12832,0.9851,0,WARNING,21.2,7.6,14.9,12.3
12833,0.4315,0,NORMAL,22.6,4.0,19.0,16.0
12834,0.2618,0,NORMAL,22.5,3.1,15.3,12.3
12835,0.6397,0,WARNING,25.4,5.8,24.3,18.5
12836,0.6482,0,WARNING,24.0,6.3,19.7,14.6
12837,0.9104,0,WARNING,22.9,5.3,13.8,11.8
12838,0.2236,0,NORMAL,22.9,2.5,12.4,9.2
12839,0.8909,0,WARNING,23.0,3.0,18.2,11.2
12840,0.5763,0,NORMAL,18.5,3.4,14.9,9.3
12841,0.3932,0,NORMAL,16.1,5.7,19.0,15.6
12842,0.7145,0,WARNING,17.2,6.2,19.3,14.7
12843,0.2616,0,NORMAL,16.4,3.0,12.5,9.0
12844,0.2899,0,NORMAL,17.6,3.5,17.4,12.5
12845,0.4554,0,NORMAL,18.2,4.1,17.3,11.8
12846,0.4899,0,NORMAL,18.7,5.7,19.1,16.5
12847,0.5772,0,NORMAL,19.4,5.2,14.8,12.9
12848,0.2152,0,NORMAL,17.4,2.6,9.4,7.5
12849,0.1452,0,NORMAL,18.2,3.1,10.8,8.8
12850,0.165,0,NORMAL,18.5,3.6,12.3,10.6
12851,0.2205,0,NORMAL,19.3,4.2,14.6,12.4
12852,0.5896,0,NORMAL,18.2,4.4,9.9,7.9
12853,0.8145,0,WARNING,19.3,4.6,12.1,10.8
12854,0.7391,0,WARNING,14.9,3.1,7.5,6.8
12855,0.1527,0,NORMAL,13.5,4.1,9.9,8.3
12856,0.3969,0,NORMAL,16.3,5.3,13.7,12.0
12857,0.9461,0,WARNING,19.1,6.8,27.1,16.2
12858,0.5735,0,NORMAL,19.6,5.9,23.0,16.5
12859,0.8019,0,WARNING,19.9,5.9,21.0,16.3
12860,0.5173,0,NORMAL,20.1,5.7,23.2,17.4
12861,0.966,0,WARNING,19.3,6.7,18.7,14.5
12862,0.5367,0,NORMAL,20.1,6.2,23.5,18.2
12863,0.3621,0,NORMAL,19.5,3.9,18.2,15.0
12864,0.8027,0,WARNING,19.3,4.5,16.3,12.8
12865,0.3369,0,NORMAL,20.3,4.1,15.7,12.1
12866,0.4851,0,NORMAL,18.9,5.0,14.3,11.6
12867,0.2908,0,NORMAL,17.2,4.0,15.1,13.5
12868,0.1788,0,NORMAL,14.7,3.3,13.2,10.8
12869,0.587,0,NORMAL,16.0,3.6,10.5,9.6
12870,0.2285,0,NORMAL,16.7,4.5,14.6,12.0
12871,1.0,0,ANOMALY,18.4,11.3,14.1,10.9
12872,0.3785,0,NORMAL,18.4,5.1,13.7,10.3
12873,0.2266,0,NORMAL,19.1,3.2,13.6,11.1
12874,0.9417,0,WARNING,18.5,5.2,11.1,9.3
12875,0.2954,0,NORMAL,19.5,4.8,16.0,12.8
12876,0.4655,0,NORMAL,20.9,5.5,18.5,14.3
12877,0.4255,0,NORMAL,20.7,4.7,17.5,14.4
12878,0.3072,0,NORMAL,19.0,3.4,14.5,11.3
12879,0.6588,0,WARNING,18.4,3.9,11.8,10.4
12880,0.1591,0,NORMAL,19.1,3.3,12.2,9.2
12881,0.2367,0,NORMAL,18.3,5.0,15.3,12.1
12882,0.1769,0,NORMAL,15.7,4.3,11.7,9.8
12883,0.3189,0,NORMAL,16.3,3.9,16.5,13.2
12884,0.1923,0,NORMAL,15.3,2.6,10.5,7.9
12885,0.898,0,WARNING,18.4,6.5,18.6,16.3
12886,0.4417,0,NORMAL,17.0,4.8,17.4,11.6
12887,0.2176,0,NORMAL,17.8,4.2,14.7,11.9
12888,0.1618,0,NORMAL,18.0,2.3,9.4,8.1
12889,0.2444,0,NORMAL,18.7,3.8,14.6,12.5
12890,0.814,0,WARNING,18.3,5.2,15.6,14.0
12891,0.722,0,WARNING,18.5,4.8,15.0,13.1
12892,0.3862,0,NORMAL,19.7,4.2,13.6,11.3
12893,0.2443,0,NORMAL,19.2,3.6,14.9,12.4
12894,0.1957,0,NORMAL,19.7,3.2,13.7,11.0
12895,0.1992,0,NORMAL,18.4,3.1,10.9,9.3
12896,0.9785,0,WARNING,18.5,7.0,14.9,11.8
12897,0.1662,0,NORMAL,15.7,3.4,11.6,9.7
12898,0.1424,0,NORMAL,14.4,2.5,8.3,7.5
12899,0.1406,0,NORMAL,14.6,2.4,9.3,8.3
12900,0.153,0,NORMAL,16.3,2.8,12.6,10.9
12901,0.3522,0,NORMAL,19.8,5.1,17.3,15.5
12902,0.8751,0,WARNING,19.4,5.3,10.2,8.3
12903,0.2163,0,NORMAL,20.0,2.3,7.9,7.2
12904,0.2358,0,NORMAL,20.7,3.2,13.3,11.6
12905,0.1489,0,NORMAL,21.7,3.6,13.1,10.0
12906,0.4046,0,NORMAL,21.1,4.5,11.1,9.5
12907,0.1277,0,NORMAL,21.0,3.0,9.5,7.8
12908,0.1223,0,NORMAL,21.2,2.2,7.8,7.3
12909,0.9322,0,WARNING,21.5,4.1,8.1,7.5
12910,0.1327,0,NORMAL,22.3,3.6,11.2,9.3
12911,0.4133,0,NORMAL,23.3,4.3,12.1,10.3
12912,0.278,0,NORMAL,22.8,3.5,12.0,7.8
12913,0.8163,0,WARNING,22.9,4.7,13.5,10.5
12914,0.2032,0,NORMAL,23.7,3.8,13.5,10.7
12915,0.1521,0,NORMAL,22.2,3.2,7.5,5.9
12916,0.9538,0,WARNING,22.9,8.4,13.5,10.2
12917,0.3759,0,NORMAL,21.4,4.4,11.9,9.5
12918,0.7735,0,WARNING,19.2,5.6,11.8,10.4
12919,0.3899,0,NORMAL,20.0,4.0,11.9,10.2
12920,0.1533,0,NORMAL,19.6,3.5,10.3,7.2
12921,0.855,0,WARNING,20.5,5.2,8.8,6.4
12922,0.774,0,WARNING,21.1,5.3,11.6,9.9
12923,0.1407,0,NORMAL,21.6,3.9,10.9,7.9
12924,0.4049,0,NORMAL,23.9,4.0,11.9,10.3
12925,0.2026,0,NORMAL,23.3,3.4,11.0,9.1
12926,0.4062,0,NORMAL,22.5,4.5,11.9,9.8
12927,0.1543,0,NORMAL,22.1,2.1,6.5,5.4
12928,0.1752,0,NORMAL,22.1,1.6,6.5,6.2
12929,0.2079,0,NORMAL,23.6,3.3,13.7,9.8
12930,0.1841,0,NORMAL,22.5,2.7,9.0,7.0
12931,0.2114,0,NORMAL,23.8,3.0,9.1,7.7
12932,0.2894,0,NORMAL,23.7,4.0,10.2,8.8
12933,0.2653,0,NORMAL,23.0,2.1,7.7,6.4
12934,0.2695,0,NORMAL,22.7,1.9,7.8,6.9
12935,0.1281,0,NORMAL,20.5,3.0,9.0,8.5
12936,0.9695,0,WARNING,18.3,6.2,10.7,8.1
12937,0.1613,0,NORMAL,19.9,3.3,10.0,8.3
12938,0.1396,0,NORMAL,20.0,2.2,9.1,9.6
12939,0.1626,0,NORMAL,20.3,2.3,8.5,7.9
12940,0.1455,0,NORMAL,19.9,2.1,6.2,5.3
12941,0.1209,0,NORMAL,21.7,2.7,7.4,6.4
12942,0.9454,0,WARNING,22.4,6.0,8.5,6.9
12943,0.1375,0,NORMAL,21.9,2.0,6.6,5.7
12944,0.1522,0,NORMAL,23.0,2.8,13.2,9.4
12945,0.8526,0,WARNING,22.6,5.2,9.5,7.7
12946,0.7791,0,WARNING,23.0,5.9,11.1,8.5
12947,0.277,0,NORMAL,23.1,3.5,8.0,6.3
12948,0.671,0,WARNING,22.4,3.4,6.2,6.2
12949,0.2711,0,NORMAL,24.1,3.1,10.6,9.6
12950,0.2882,0,NORMAL,23.8,3.3,9.0,7.5
12951,0.4119,0,NORMAL,23.9,4.3,10.1,7.6
12952,0.5148,0,NORMAL,23.9,4.7,11.9,10.7
12953,0.3331,0,NORMAL,24.0,2.9,11.1,9.5
12954,0.4065,0,NORMAL,20.5,3.6,10.1,8.4
12955,0.0949,0,NORMAL,18.1,2.8,8.2,6.6
12956,0.4153,0,NORMAL,21.1,4.9,13.3,10.3
12957,0.4086,0,NORMAL,21.2,3.8,12.4,10.2
12958,0.1608,0,NORMAL,20.1,2.3,9.1,8.0
12959,0.1282,0,NORMAL,20.5,2.8,10.0,8.4
12960,0.0844,0,NORMAL,16.1,3.3,10.2,9.1
12961,0.0852,0,NORMAL,13.5,3.8,10.6,8.4
12962,0.2816,0,NORMAL,15.0,4.4,12.4,9.7
12963,0.7289,0,WARNING,15.1,3.6,7.2,6.2
12964,0.1416,0,NORMAL,15.4,2.0,7.1,5.7
12965,0.2358,0,NORMAL,17.2,3.5,10.6,8.5
12966,0.8791,0,WARNING,16.5,6.2,11.2,9.1
12967,0.1347,0,NORMAL,16.0,2.7,6.6,5.3
12968,0.1702,0,NORMAL,16.0,1.4,5.1,5.2
12969,0.1625,0,NORMAL,16.6,2.1,9.5,6.5
12970,0.1575,0,NORMAL,16.6,3.1,7.3,5.3
12971,0.1412,0,NORMAL,17.3,2.9,6.9,6.3
12972,0.8229,0,WARNING,17.1,5.4,8.4,7.4
12973,0.1766,0,NORMAL,18.0,1.9,6.7,5.9
12974,0.2969,0,NORMAL,17.2,2.4,5.2,4.5
12975,0.2054,0,NORMAL,18.9,3.9,9.3,8.0
12976,0.6086,0,WARNING,18.2,5.1,8.3,6.9
12977,0.4511,0,NORMAL,19.3,5.2,14.5,11.1
12978,0.2474,0,NORMAL,20.1,3.4,11.8,9.4
12979,0.9956,0,WARNING,18.2,6.2,14.7,12.0
12980,0.2719,0,NORMAL,14.1,3.0,9.5,6.0
12981,0.2206,0,NORMAL,15.2,2.8,6.5,4.4
12982,0.4091,0,NORMAL,15.8,3.7,8.6,7.8
12983,0.9445,0,WARNING,16.4,4.5,6.8,5.3
12984,0.1374,0,NORMAL,16.2,2.0,8.9,6.7
12985,0.153,0,NORMAL,18.0,3.7,12.5,9.9
12986,0.781,0,WARNING,18.1,6.2,13.0,9.2
12987,0.1878,0,NORMAL,18.6,3.2,11.9,9.6
12988,0.2795,0,NORMAL,17.2,2.4,7.4,5.9
12989,0.9445,0,WARNING,17.2,4.6,8.4,7.2
12990,0.2243,0,NORMAL,18.2,3.3,14.1,11.9
12991,0.9744,0,WARNING,19.8,6.9,14.2,10.6
12992,0.594,0,NORMAL,18.3,4.8,10.4,8.1
12993,0.2311,0,NORMAL,18.6,3.1,9.8,7.4
12994,0.9984,0,WARNING,18.5,5.0,10.2,6.7
12995,0.2609,0,NORMAL,18.6,3.0,8.4,6.5
12996,0.2937,0,NORMAL,19.0,4.1,10.1,7.7
12997,0.329,0,NORMAL,19.3,3.6,11.2,8.2
12998,0.9689,0,WARNING,16.5,5.1,8.9,8.5
12999,0.2075,0,NORMAL,14.6,2.4,10.7,7.7
13000,0.1335,0,NORMAL,14.1,2.8,9.3,7.6
13001,0.2626,0,NORMAL,16.6,3.5,9.8,7.5
13002,0.4146,0,NORMAL,16.1,4.5,12.3,9.6
13003,0.1176,0,NORMAL,17.0,2.3,9.6,8.2
13004,0.1095,0,NORMAL,16.0,2.3,9.7,6.9
13005,0.3835,0,NORMAL,18.7,5.6,18.4,13.9
13006,0.7565,0,WARNING,20.0,4.8,18.8,11.9
13007,0.4317,0,NORMAL,18.0,3.9,12.9,9.7
13008,0.1439,0,NORMAL,17.6,2.5,8.7,7.1
13009,0.1579,0,NORMAL,19.6,2.4,8.7,7.4
13010,0.2354,0,NORMAL,20.0,4.0,14.4,12.0
13011,0.7266,0,WARNING,19.9,4.4,9.2,8.0
13012,0.2698,0,NORMAL,18.5,3.7,8.8,7.7
13013,0.2437,0,NORMAL,18.9,3.1,10.1,8.3
13014,0.3361,0,NORMAL,20.4,3.7,16.9,13.7
13015,0.6134,0,WARNING,19.9,5.3,25.6,19.9
13016,0.5084,0,NORMAL,17.2,5.9,19.4,13.3
13017,0.553,0,NORMAL,19.2,6.2,23.6,16.6
13018,0.4396,0,NORMAL,17.6,3.3,14.3,10.6
13019,0.2027,0,NORMAL,17.1,2.5,10.2,8.5
13020,0.1617,0,NORMAL,17.7,4.2,14.0,10.6
13021,0.1045,0,NORMAL,20.1,4.7,11.8,9.6
13022,0.7223,0,WARNING,22.4,6.4,16.2,13.5
13023,0.262,0,NORMAL,23.2,3.2,12.3,9.1
13024,0.7301,0,WARNING,22.5,4.6,14.1,10.9
13025,0.1824,0,NORMAL,22.1,3.0,12.1,10.1
13026,0.5202,0,NORMAL,25.2,6.0,23.1,17.5
13027,0.8939,0,WARNING,26.9,9.6,33.4,25.2
13028,0.5894,0,NORMAL,24.6,4.3,18.0,12.8
13029,0.3336,0,NORMAL,23.2,2.6,9.7,7.9
13030,0.5025,0,NORMAL,26.3,4.2,16.7,13.8
13031,0.2933,0,NORMAL,24.3,4.0,11.8,8.4
13032,0.8716,0,WARNING,23.8,6.2,12.2,9.6
13033,0.2082,0,NORMAL,24.8,2.1,7.7,6.6
13034,0.1188,0,NORMAL,21.1,2.6,9.8,9.3
13035,0.1759,0,NORMAL,19.6,3.9,13.2,9.7
13036,0.5483,0,NORMAL,22.5,6.8,23.6,18.6
13037,0.5937,0,NORMAL,23.8,6.5,27.2,19.2
13038,0.5161,0,NORMAL,21.6,4.4,17.2,13.1
13039,0.677,0,WARNING,25.1,6.8,27.1,21.9
13040,0.759,0,WARNING,24.2,6.4,24.0,17.8
13041,0.3803,0,NORMAL,24.6,4.4,19.5,14.2
13042,0.9723,0,WARNING,25.0,8.2,22.2,17.0
13043,0.3536,0,NORMAL,23.7,2.6,13.4,9.9
13044,0.3979,0,NORMAL,24.2,4.0,18.0,14.9
13045,0.2682,0,NORMAL,23.8,3.7,14.5,10.9
13046,0.3882,0,NORMAL,24.1,5.1,13.1,10.4
13047,0.8129,0,WARNING,23.5,4.7,12.6,10.1
13048,0.1514,0,NORMAL,20.4,2.6,11.1,9.7
13049,0.2353,0,NORMAL,20.2,2.9,12.2,9.2
13050,0.2033,0,NORMAL,19.7,4.1,14.8,11.2
13051,0.1419,0,NORMAL,20.4,3.6,11.7,9.0
13052,0.6666,0,WARNING,22.0,5.4,17.5,14.0
13053,0.263,0,NORMAL,22.1,3.3,13.6,9.9
13054,0.2277,0,NORMAL,22.1,2.7,14.4,10.5
13055,0.2357,0,NORMAL,22.4,4.1,15.3,12.0
13056,0.446,0,NORMAL,24.7,5.0,15.0,10.7
13057,0.3831,0,NORMAL,24.9,4.6,17.3,13.1
13058,0.7723,0,WARNING,23.6,4.1,15.2,11.9
13059,0.259,0,NORMAL,23.9,3.2,14.6,11.7
13060,0.2818,0,NORMAL,24.4,3.9,17.0,12.6
13061,0.7758,0,WARNING,23.9,5.1,12.7,8.9
13062,0.2492,0,NORMAL,24.2,4.2,13.0,11.6
13063,0.5959,0,NORMAL,22.4,4.1,13.3,12.1
13064,0.2351,0,NORMAL,20.5,2.6,10.7,7.7
13065,0.4052,0,NORMAL,21.9,3.7,16.3,13.9
13066,0.2627,0,NORMAL,20.7,5.3,16.3,12.1
13067,0.6647,0,WARNING,24.4,5.1,15.4,11.9
13068,0.872,0,WARNING,22.8,6.0,14.6,10.6
13069,0.3413,0,NORMAL,23.2,5.0,16.8,14.0
13070,0.3831,0,NORMAL,23.7,4.2,13.1,11.1
13071,0.7803,0,WARNING,26.9,8.6,32.5,26.4
13072,0.6434,0,WARNING,26.5,7.5,29.7,21.1
13073,0.542,0,NORMAL,25.3,5.3,22.4,17.4
13074,0.4453,0,NORMAL,25.7,4.9,19.5,15.8
13075,0.5589,0,NORMAL,25.4,5.1,20.1,15.1
13076,0.4633,0,NORMAL,22.2,5.1,17.9,15.2
13077,0.3389,0,NORMAL,21.5,5.3,17.9,14.6
13078,0.3145,0,NORMAL,20.5,3.0,13.2,11.2
13079,0.6501,0,WARNING,21.7,4.7,16.8,14.6
13080,0.8562,0,WARNING,21.3,5.0,24.2,15.2
13081,0.4028,0,NORMAL,21.5,5.7,20.8,15.9
13082,0.356,0,NORMAL,22.3,5.6,17.3,13.9
13083,0.9663,0,WARNING,22.6,5.1,10.6,9.0
13084,0.5128,0,NORMAL,22.3,3.7,13.9,11.3
13085,0.3659,0,NORMAL,22.5,4.4,17.1,14.5
13086,0.4269,0,NORMAL,23.0,5.0,19.3,16.0
13087,0.2635,0,NORMAL,22.2,3.6,13.3,10.7
13088,0.5834,0,NORMAL,22.5,4.1,14.3,12.8
13089,0.3725,0,NORMAL,23.3,3.6,18.4,14.9
13090,0.2285,0,NORMAL,22.6,2.9,11.7,9.6
13091,0.3111,0,NORMAL,24.1,3.6,15.2,13.8
13092,0.2567,0,NORMAL,23.3,5.1,16.6,11.8
13093,0.2743,0,NORMAL,22.1,3.6,16.5,13.0
13094,0.2072,0,NORMAL,19.3,2.9,11.2,8.4
13095,0.294,0,NORMAL,21.6,4.2,12.2,9.8
13096,0.5892,0,NORMAL,22.1,5.6,12.6,10.5
13097,0.2102,0,NORMAL,21.4,3.9,9.8,8.4
13098,0.8139,0,WARNING,21.7,4.9,10.8,9.1
13099,0.2006,0,NORMAL,22.0,3.1,9.0,8.3
13100,0.9532,0,WARNING,22.4,5.0,8.8,7.4
13101,0.3306,0,NORMAL,22.9,4.4,15.6,13.8
13102,0.9302,0,WARNING,23.7,5.9,16.4,12.3
13103,0.2666,0,NORMAL,23.4,3.7,15.6,12.6
13104,0.969,0,WARNING,23.0,3.2,21.2,10.9
13105,0.4651,0,NORMAL,25.2,5.1,19.0,14.8
13106,0.4849,0,NORMAL,23.4,5.2,15.3,11.9
13107,0.4867,0,NORMAL,23.8,4.8,14.6,12.7
13108,0.2023,0,NORMAL,20.0,2.1,8.3,7.4
13109,0.1302,0,NORMAL,18.3,2.5,9.0,7.5
13110,0.1522,0,NORMAL,19.5,3.7,12.5,10.5
13111,0.1432,0,NORMAL,20.3,3.6,14.4,10.6
13112,0.2666,0,NORMAL,20.5,4.5,12.0,9.1
13113,0.9992,0,WARNING,21.3,8.1,12.1,10.2
13114,0.873,0,WARNING,20.5,3.9,8.4,6.5
13115,0.1316,0,NORMAL,21.5,3.5,11.6,9.0
13116,0.3182,0,NORMAL,22.2,5.1,16.8,13.0
13117,0.2419,0,NORMAL,21.6,3.1,9.6,6.5
13118,0.1439,0,NORMAL,20.9,2.4,7.3,6.7
13119,0.144,0,NORMAL,21.1,2.2,6.3,6.0
13120,0.1352,0,NORMAL,20.7,2.4,5.4,4.8
13121,0.1395,0,NORMAL,21.5,3.4,7.6,6.1
13122,0.7363,0,WARNING,22.2,5.5,13.3,9.5
13123,0.2743,0,NORMAL,23.0,3.0,15.0,11.8
13124,0.2032,0,NORMAL,22.0,2.8,10.8,8.4
13125,0.1928,0,NORMAL,20.3,4.1,13.3,12.1
13126,0.3967,0,NORMAL,19.3,4.9,13.9,10.6
13127,0.1784,0,NORMAL,20.9,3.4,11.4,9.4
13128,0.725,0,WARNING,20.0,3.5,10.2,8.8
13129,0.1144,0,NORMAL,20.9,2.6,10.7,8.6
13130,0.3555,0,NORMAL,22.4,6.0,16.9,11.8
13131,0.3983,0,NORMAL,22.9,4.7,17.1,10.8
13132,0.4957,0,NORMAL,22.3,4.7,10.9,8.6
13133,0.7168,0,WARNING,22.7,3.2,16.9,10.9
13134,0.7184,0,WARNING,22.6,4.4,12.8,10.2
13135,0.2357,0,NORMAL,23.3,3.7,15.1,11.8
13136,0.4941,0,NORMAL,24.3,4.9,14.0,11.1
13137,0.2248,0,NORMAL,23.3,3.6,10.2,8.4
13138,0.2311,0,NORMAL,23.1,2.9,11.3,9.7
13139,0.2301,0,NORMAL,23.4,2.8,11.5,9.6
13140,0.1609,0,NORMAL,21.1,4.0,13.5,10.6
13141,0.127,0,NORMAL,19.2,3.8,11.1,8.3
13142,0.2514,0,NORMAL,20.7,3.4,13.7,11.8
13143,0.5941,0,NORMAL,20.3,4.3,11.1,8.4
13144,0.402,0,NORMAL,20.4,2.8,10.2,7.8
13145,0.1211,0,NORMAL,22.0,3.9,12.1,10.0
13146,0.7288,0,WARNING,24.7,6.2,13.4,9.7
13147,0.3975,0,NORMAL,23.3,4.0,15.5,11.0
13148,0.2261,0,NORMAL,22.8,2.8,15.6,10.6
13149,0.3322,0,NORMAL,23.7,3.6,16.6,12.3
13150,0.2032,0,NORMAL,23.9,4.2,15.2,11.1
13151,0.3024,0,NORMAL,24.2,4.6,17.1,13.8
13152,0.3879,0,NORMAL,24.9,5.2,18.9,14.1
13153,0.2841,0,NORMAL,24.2,3.2,15.3,11.5
13154,0.2833,0,NORMAL,24.3,3.2,14.2,10.8
13155,0.2485,0,NORMAL,21.0,4.8,13.9,10.4
13156,0.9933,0,WARNING,20.4,7.9,16.1,11.5
13157,0.356,0,NORMAL,20.5,5.4,17.8,12.9
13158,0.7154,0,WARNING,21.1,5.6,17.4,12.7
13159,0.2932,0,NORMAL,21.2,3.9,14.4,11.8
13160,0.3869,0,NORMAL,21.8,4.9,17.9,12.7
13161,0.8084,0,WARNING,23.1,5.7,15.9,12.3
13162,0.2453,0,NORMAL,22.4,4.3,13.9,11.1
13163,0.7201,0,WARNING,22.8,4.6,13.3,9.3
13164,0.3181,0,NORMAL,22.6,3.8,17.7,12.9
13165,0.9137,0,WARNING,22.9,4.9,13.0,9.4
13166,0.8452,0,WARNING,22.7,6.9,18.8,12.1
13167,0.3886,0,NORMAL,23.8,6.2,17.7,12.4
13168,0.6553,0,WARNING,22.9,3.4,10.9,8.7
13169,0.1348,0,NORMAL,23.4,3.2,11.7,9.4
13170,0.152,0,NORMAL,23.2,3.5,13.7,9.8
13171,0.6644,0,WARNING,20.7,5.3,13.2,10.5
13172,0.6748,0,WARNING,19.2,5.8,13.0,9.8
13173,0.8825,0,WARNING,21.0,4.5,18.6,10.3
13174,0.3278,0,NORMAL,20.3,3.1,13.6,9.7
13175,0.9995,0,WARNING,22.0,8.4,16.7,12.6
13176,0.376,0,NORMAL,22.9,5.4,15.6,10.9
13177,0.318,0,NORMAL,22.4,4.4,16.4,12.8
13178,0.2503,0,NORMAL,22.6,3.5,14.0,10.8
13179,0.1651,0,NORMAL,23.2,2.8,11.3,9.9
13180,0.1343,0,NORMAL,22.4,3.8,12.7,10.1
13181,0.1172,0,NORMAL,23.3,4.2,12.8,9.3
13182,0.9826,0,WARNING,22.6,5.0,8.0,5.9
13183,0.2781,0,NORMAL,22.6,3.3,9.0,7.1
13184,0.8994,0,WARNING,22.7,4.7,12.6,8.9
13185,0.3181,0,NORMAL,23.6,4.3,16.7,13.5
13186,0.2686,0,NORMAL,24.0,4.9,14.7,10.2
13187,0.2878,0,NORMAL,22.1,4.3,16.0,10.5
13188,0.3407,0,NORMAL,18.8,3.9,17.8,12.7
13189,0.1831,0,NORMAL,19.1,2.8,11.6,9.3
13190,0.6628,0,WARNING,20.1,4.9,13.0,10.3
13191,0.1284,0,NORMAL,19.9,4.0,11.2,8.8
13192,0.0995,0,NORMAL,20.1,3.1,9.6,7.4
13193,0.5088,0,NORMAL,20.8,3.7,11.6,10.5
13194,0.2033,0,NORMAL,20.9,3.0,13.6,10.6
13195,0.3833,0,NORMAL,22.8,4.8,19.0,15.3
13196,0.9422,0,WARNING,22.0,7.5,19.4,13.7
13197,0.2874,0,NORMAL,22.3,3.8,14.8,11.7
13198,0.2195,0,NORMAL,21.9,3.2,13.5,11.5
13199,0.235,0,NORMAL,23.4,3.5,15.0,10.6
13200,0.3527,0,NORMAL,18.9,5.5,18.5,14.5
13201,0.6578,0,WARNING,14.8,5.3,17.7,12.4
13202,0.2597,0,NORMAL,15.7,3.4,16.6,11.4
13203,0.978,0,WARNING,15.8,4.6,12.0,9.2
13204,0.123,0,NORMAL,15.6,2.3,11.1,8.7
13205,0.2901,0,NORMAL,16.3,3.5,15.4,13.4
13206,0.5013,0,NORMAL,17.9,5.7,19.0,16.8
13207,0.6592,0,WARNING,18.3,5.4,19.5,15.4
13208,0.2943,0,NORMAL,17.0,3.4,14.9,11.3
13209,0.1988,0,NORMAL,17.5,3.3,11.9,9.0
13210,0.128,0,NORMAL,17.4,3.1,10.7,8.3
13211,0.1244,0,NORMAL,17.7,2.8,9.9,8.2
13212,0.5124,0,NORMAL,17.2,4.2,12.0,9.3
13213,0.5127,0,NORMAL,17.6,3.2,9.4,7.1
13214,0.1419,0,NORMAL,16.9,2.2,8.3,6.5
13215,0.2042,0,NORMAL,18.1,4.8,13.9,11.6
13216,0.4104,0,NORMAL,16.4,4.7,12.2,9.8
13217,0.8497,0,WARNING,15.5,6.4,14.1,11.1
13218,0.4834,0,NORMAL,14.9,3.6,10.3,8.1
13219,0.203,0,NORMAL,16.2,3.5,11.9,10.2
13220,0.9683,0,WARNING,15.9,4.9,11.6,8.7
13221,0.1038,0,NORMAL,15.6,2.6,9.5,8.2
13222,0.07,0,NORMAL,16.2,3.1,10.5,9.2
13223,0.2773,0,NORMAL,16.9,4.0,14.6,11.5
13224,0.3045,0,NORMAL,18.0,3.7,17.5,12.6
13225,0.3957,0,NORMAL,17.3,4.8,17.3,11.5
13226,0.3881,0,NORMAL,18.1,5.4,15.8,13.4
13227,0.3825,0,NORMAL,18.7,4.7,15.8,14.1
13228,0.5082,0,NORMAL,20.1,2.9,15.6,14.9
13229,0.3697,0,NORMAL,18.2,2.6,11.6,11.5
13230,0.3678,0,NORMAL,16.2,4.4,17.5,13.9
13231,0.4927,0,NORMAL,15.4,5.9,22.3,15.7
13232,0.3979,0,NORMAL,15.3,4.7,19.4,15.2
13233,0.6541,0,WARNING,16.4,4.9,16.6,13.3
13234,0.2283,0,NORMAL,16.4,3.5,15.7,10.8
13235,0.5406,0,NORMAL,18.3,5.4,23.6,17.8
13236,0.487,0,NORMAL,17.0,5.3,17.7,12.0
13237,0.2416,0,NORMAL,18.1,4.1,14.2,10.6
13238,0.9417,0,WARNING,17.9,5.6,15.8,12.5
13239,0.3192,0,NORMAL,19.0,3.1,14.7,13.7
13240,0.7702,0,WARNING,17.5,4.9,11.5,9.7
13241,0.2864,0,NORMAL,18.7,4.4,14.3,12.5
13242,0.3696,0,NORMAL,18.4,3.3,12.2,12.2
13243,0.9609,0,WARNING,18.6,6.5,14.9,14.6
13244,0.4498,0,NORMAL,15.9,4.2,18.9,16.2
13245,0.3727,0,NORMAL,15.3,4.3,17.9,15.1
13246,0.6544,0,WARNING,15.3,4.9,16.3,11.6
13247,0.2597,0,NORMAL,17.0,3.9,15.4,13.1
13248,0.3397,0,NORMAL,16.7,4.0,18.7,13.6
13249,0.3129,0,NORMAL,17.7,3.2,13.6,10.4
13250,0.262,0,NORMAL,17.8,3.9,15.6,12.0
13251,0.9524,0,WARNING,17.9,6.5,18.2,13.5
13252,0.285,0,NORMAL,17.2,4.2,15.2,12.1
13253,0.3838,0,NORMAL,17.5,4.0,13.0,9.8
13254,0.1351,0,NORMAL,17.6,3.1,13.9,9.8
13255,0.2973,0,NORMAL,18.2,3.9,15.7,13.6
13256,0.895,0,WARNING,18.3,6.4,15.4,12.4
13257,0.1893,0,NORMAL,18.7,4.4,13.8,10.2
13258,0.191,0,NORMAL,16.1,2.8,13.6,10.2
13259,0.1441,0,NORMAL,14.3,3.2,13.3,9.7
13260,0.2123,0,NORMAL,15.5,3.8,13.5,11.2
13261,0.2623,0,NORMAL,19.8,4.5,17.0,11.1
13262,0.4982,0,NORMAL,20.0,3.7,15.4,10.9
13263,0.4982,0,NORMAL,21.3,6.1,15.5,10.4
13264,0.596,0,NORMAL,21.5,4.2,17.7,12.9
13265,0.3831,0,NORMAL,22.9,4.5,19.9,14.6
13266,0.3033,0,NORMAL,21.8,4.9,14.1,11.5
13267,0.8427,0,WARNING,22.8,6.0,19.6,13.4
13268,0.2507,0,NORMAL,21.7,2.9,13.1,11.1
13269,0.1623,0,NORMAL,21.5,2.4,10.3,9.0
13270,0.1093,0,NORMAL,21.5,3.2,11.8,9.5
13271,0.1353,0,NORMAL,21.8,3.2,8.7,7.3
13272,0.1419,0,NORMAL,21.4,2.9,8.0,6.5
13273,0.2833,0,NORMAL,21.3,2.6,6.1,5.7
13274,0.5206,0,NORMAL,22.2,4.2,12.1,9.0
13275,0.1501,0,NORMAL,22.4,3.7,10.7,8.3
13276,0.4097,0,NORMAL,19.6,4.6,9.4,8.3
13277,0.1759,0,NORMAL,17.8,3.6,7.8,6.9
13278,0.6004,0,WARNING,18.2,3.5,8.4,8.2
13279,0.3367,0,NORMAL,18.8,2.6,7.2,6.5
13280,0.1764,0,NORMAL,19.2,3.8,8.3,6.5
13281,0.1167,0,NORMAL,20.0,3.8,7.6,5.1
13282,0.141,0,NORMAL,21.2,3.1,7.8,6.3
13283,0.2924,0,NORMAL,21.5,3.3,9.8,8.1
13284,0.2515,0,NORMAL,21.6,3.7,14.6,11.4
13285,0.2837,0,NORMAL,22.6,4.1,14.9,11.6
13286,0.2777,0,NORMAL,23.0,4.9,15.7,12.4
13287,0.726,0,WARNING,22.8,5.4,17.8,14.3
13288,0.2791,0,NORMAL,22.6,3.4,15.3,12.7
13289,0.2068,0,NORMAL,22.9,3.7,13.3,10.5
13290,0.2114,0,NORMAL,22.9,4.1,16.2,11.6
13291,0.2032,0,NORMAL,23.1,4.5,14.7,10.7
13292,0.8737,0,WARNING,22.8,4.6,12.0,9.2
13293,0.3974,0,NORMAL,20.2,3.6,11.1,8.9
13294,0.7274,0,WARNING,17.2,4.5,10.9,8.3
13295,0.8456,0,WARNING,18.9,4.8,10.9,7.2
13296,0.2356,0,NORMAL,20.9,5.0,13.3,10.6
13297,0.2758,0,NORMAL,20.7,4.1,14.4,11.5
13298,0.7243,0,WARNING,20.2,3.8,10.4,9.1
13299,0.1316,0,NORMAL,21.5,2.4,10.5,8.5
13300,0.1201,0,NORMAL,20.8,2.7,9.3,7.6
13301,0.1266,0,NORMAL,21.7,3.9,12.8,9.2
13302,0.1513,0,NORMAL,21.5,3.0,10.4,8.2
13303,0.4149,0,NORMAL,22.1,2.9,8.6,7.4
13304,0.2919,0,NORMAL,21.4,2.1,8.1,7.2
13305,0.8221,0,WARNING,22.2,4.2,11.6,9.2
13306,0.7311,0,WARNING,23.1,5.0,16.7,9.8
13307,0.4013,0,NORMAL,22.8,3.4,11.8,10.6
13308,0.1351,0,NORMAL,22.5,2.8,11.3,9.2
13309,0.7282,0,WARNING,22.5,3.5,8.3,6.9
13310,0.1325,0,NORMAL,22.3,2.5,8.6,8.0
13311,0.0882,0,NORMAL,20.6,3.5,10.7,10.1
13312,0.932,0,WARNING,18.1,4.8,9.8,7.8
13313,0.513,0,NORMAL,19.0,3.1,7.0,5.5
13314,0.1231,0,NORMAL,18.9,2.3,11.6,9.0
13315,0.4107,0,NORMAL,20.7,4.3,15.3,12.7
13316,0.4042,0,NORMAL,20.1,4.2,12.7,10.0
13317,0.1607,0,NORMAL,21.6,5.2,14.8,11.8
13318,0.2905,0,NORMAL,21.2,3.5,12.9,10.3
13319,0.178,0,NORMAL,21.7,3.0,13.8,10.5
13320,0.1781,0,NORMAL,17.1,4.0,13.3,10.6
13321,0.9683,0,WARNING,13.8,6.1,12.7,9.9
13322,0.1168,0,NORMAL,14.7,3.5,11.6,9.2
13323,0.9159,0,WARNING,15.3,4.7,8.1,6.1
13324,0.0678,0,NORMAL,15.1,2.4,7.7,6.6
13325,0.1225,0,NORMAL,15.3,2.2,7.6,6.9
13326,0.9327,0,WARNING,15.4,5.8,8.6,8.3
13327,0.1623,0,NORMAL,16.1,3.6,9.3,7.2
13328,0.1333,0,NORMAL,16.1,2.3,8.0,7.2
13329,0.8525,0,WARNING,17.1,4.5,11.4,8.0
13330,0.1179,0,NORMAL,16.7,2.7,7.5,5.5
13331,0.1191,0,NORMAL,16.9,3.6,8.9,7.3
13332,0.134,0,NORMAL,17.2,3.9,10.1,6.7
13333,0.9328,0,WARNING,17.4,5.1,7.7,6.6
13334,0.1159,0,NORMAL,17.7,2.5,9.1,7.3
13335,0.153,0,NORMAL,18.3,4.1,12.1,9.8
13336,0.9936,0,WARNING,18.1,8.0,10.6,8.5
13337,0.2269,0,NORMAL,18.0,3.5,9.7,8.3
13338,0.1628,0,NORMAL,15.3,3.0,8.5,8.2
13339,0.6696,0,WARNING,12.7,3.8,7.9,6.5
13340,0.0853,0,NORMAL,13.8,3.6,9.7,7.4
13341,0.123,0,NORMAL,14.2,3.1,9.0,6.7
13342,0.9004,0,WARNING,15.2,5.2,10.9,8.5
13343,0.4155,0,NORMAL,15.6,2.9,6.5,5.0
13344,0.3187,0,NORMAL,15.8,3.1,13.8,9.5
13345,0.5178,0,NORMAL,15.7,3.7,10.4,8.4
13346,0.4108,0,NORMAL,16.3,4.4,11.8,9.0
13347,0.1198,0,NORMAL,16.5,3.5,10.0,7.7
13348,0.2847,0,NORMAL,16.5,2.6,8.3,7.8
13349,0.1413,0,NORMAL,16.9,2.1,7.0,5.3
13350,0.1713,0,NORMAL,16.5,2.4,6.3,4.8
13351,0.1549,0,NORMAL,17.6,3.9,10.2,7.6
13352,0.1885,0,NORMAL,17.5,2.8,8.8,6.9
13353,0.4239,0,NORMAL,17.5,3.4,8.3,6.4
13354,0.1846,0,NORMAL,17.1,1.5,5.9,5.2
13355,0.2021,0,NORMAL,19.0,4.2,12.5,9.8
13356,0.7819,0,WARNING,17.8,5.5,10.3,7.5
13357,0.2702,0,NORMAL,18.3,3.4,8.2,6.8
13358,0.1413,0,NORMAL,14.6,2.0,6.0,5.9
13359,0.1542,0,NORMAL,12.8,2.3,7.3,5.8
13360,0.8537,0,WARNING,12.6,4.1,6.5,5.0
13361,0.1438,0,NORMAL,14.5,3.7,8.9,6.9
13362,0.1623,0,NORMAL,15.1,3.7,10.5,8.7
13363,0.9331,0,WARNING,15.0,4.7,9.9,8.6
13364,0.1413,0,NORMAL,14.4,2.4,7.9,6.0
13365,0.1417,0,NORMAL,15.1,4.8,10.2,7.3
13366,1.0,0,ANOMALY,16.5,7.5,11.2,10.3
13367,0.5712,0,NORMAL,16.8,4.4,13.9,11.2
13368,0.3173,0,NORMAL,16.3,2.9,9.8,9.2
13369,0.5149,0,NORMAL,16.6,2.9,8.7,8.5
13370,0.7742,0,WARNING,16.8,4.5,9.7,8.6
13371,0.0962,0,NORMAL,16.8,3.8,9.1,8.1
13372,0.1062,0,NORMAL,16.8,3.3,10.6,8.6
13373,0.2723,0,NORMAL,17.9,3.8,12.7,11.6
13374,0.7099,0,WARNING,17.7,3.1,16.6,10.7
13375,0.192,0,NORMAL,18.5,4.0,11.0,9.2
13376,0.9639,0,WARNING,15.7,4.6,17.4,8.7
13377,0.8078,0,WARNING,13.9,5.6,11.3,9.5
13378,0.1777,0,NORMAL,14.1,2.5,10.0,9.0
13379,0.4996,0,NORMAL,16.0,3.6,13.1,11.1
13380,0.296,0,NORMAL,14.0,3.4,11.0,9.1
13381,0.1522,0,NORMAL,13.7,4.6,11.5,8.4
13382,0.0795,0,NORMAL,14.8,3.7,10.8,9.4
13383,0.7744,0,WARNING,14.7,4.2,7.3,6.5
13384,0.4677,0,NORMAL,15.0,3.0,11.7,9.1
13385,0.1529,0,NORMAL,16.0,3.5,12.1,10.3
13386,0.269,0,NORMAL,16.8,4.1,11.5,9.8
13387,0.1232,0,NORMAL,16.9,2.8,8.6,6.7
13388,0.1284,0,NORMAL,16.3,2.0,7.2,6.1
13389,0.1819,0,NORMAL,16.4,2.2,6.3,5.9
13390,0.1274,0,NORMAL,17.3,3.0,9.0,7.3
13391,0.7347,0,WARNING,17.8,6.2,12.1,8.0
13392,0.2043,0,NORMAL,17.7,3.3,8.3,5.8
13393,0.2842,0,NORMAL,17.0,2.2,5.0,4.5
13394,0.1775,0,NORMAL,17.8,2.3,7.7,6.5
13395,0.527,0,NORMAL,18.6,4.1,9.0,8.1
13396,0.4203,0,NORMAL,17.3,4.2,7.1,5.9
13397,0.2967,0,NORMAL,18.2,3.7,9.9,8.8
13398,0.8779,0,WARNING,17.2,3.9,6.7,5.8
13399,0.1486,0,NORMAL,14.6,2.4,5.3,5.5
13400,0.6763,0,WARNING,13.0,4.1,10.1,7.9
13401,0.5199,0,NORMAL,14.5,4.5,13.1,9.6
13402,0.2625,0,NORMAL,16.7,4.2,14.7,10.6
13403,0.4098,0,NORMAL,17.0,3.6,11.2,8.8
13404,0.6722,0,WARNING,16.1,3.4,11.6,8.4
13405,0.0859,0,NORMAL,15.9,2.3,8.1,6.3
13406,0.5176,0,NORMAL,16.7,4.5,11.0,8.5
13407,0.4095,0,NORMAL,17.4,3.9,13.7,11.1
13408,0.1418,0,NORMAL,16.7,2.3,9.2,7.1
13409,0.1175,0,NORMAL,17.8,3.1,11.0,8.3
13410,0.4144,0,NORMAL,17.8,3.5,14.2,10.3
13411,0.1483,0,NORMAL,17.3,2.9,9.6,7.2
13412,0.1416,0,NORMAL,16.9,2.8,7.3,6.4
13413,0.4155,0,NORMAL,18.9,3.6,8.8,8.3
13414,0.2884,0,NORMAL,20.1,2.3,9.6,7.3
13415,0.2115,0,NORMAL,18.9,3.5,13.3,10.6
13416,0.4076,0,NORMAL,19.0,4.8,13.5,10.6
13417,0.1633,0,NORMAL,17.0,3.1,10.2,8.3
13418,0.1247,0,NORMAL,13.1,1.8,6.5,4.9
13419,0.1416,0,NORMAL,13.9,3.4,11.5,9.5
13420,0.1321,0,NORMAL,14.2,3.2,10.7,8.0
13421,0.9829,0,WARNING,15.7,5.7,10.3,6.9
13422,0.1201,0,NORMAL,16.6,3.0,8.4,6.2
13423,0.1416,0,NORMAL,16.4,2.8,7.0,5.8
13424,0.168,0,NORMAL,16.0,1.9,7.8,6.7
13425,0.1446,0,NORMAL,17.3,4.5,11.1,7.8
13426,0.6064,0,WARNING,16.9,4.6,11.4,8.6
13427,0.1277,0,NORMAL,17.7,3.7,9.8,8.1
13428,0.4678,0,NORMAL,17.5,3.4,8.7,8.0
13429,0.7311,0,WARNING,17.8,2.4,14.0,7.8
13430,0.1403,0,NORMAL,17.6,3.5,10.7,8.9
13431,0.1605,0,NORMAL,17.9,3.7,11.7,10.1
13432,0.1755,0,NORMAL,18.1,3.4,12.8,10.4
13433,0.5102,0,NORMAL,17.7,3.2,8.1,6.6
13434,0.2034,0,NORMAL,18.1,2.7,13.5,9.8
13435,0.2218,0,NORMAL,18.7,3.5,10.2,7.1
13436,0.2189,0,NORMAL,18.6,4.9,13.2,10.6
13437,0.7277,0,WARNING,16.1,5.1,12.4,10.4
13438,0.1475,0,NORMAL,13.1,1.9,7.4,6.6
13439,0.5119,0,NORMAL,14.4,3.5,8.8,7.7
13440,0.1628,0,NORMAL,16.7,3.7,9.0,6.8
13441,0.1787,0,NORMAL,19.3,3.6,12.8,10.6
13442,0.1532,0,NORMAL,19.9,3.1,11.5,8.9
13443,0.9322,0,WARNING,20.4,5.4,9.7,7.6
13444,0.2023,0,NORMAL,20.3,2.3,10.2,6.9
13445,0.4123,0,NORMAL,21.3,4.2,12.1,9.8
13446,0.8185,0,WARNING,21.0,4.6,10.6,8.8
13447,0.6005,0,WARNING,21.8,3.9,11.3,8.5
13448,0.4048,0,NORMAL,21.3,2.5,7.6,6.6
13449,0.1499,0,NORMAL,21.6,2.7,6.7,5.2
13450,0.1312,0,NORMAL,21.9,2.4,7.1,6.1
13451,0.4205,0,NORMAL,22.5,4.5,9.8,8.9
13452,0.1464,0,NORMAL,22.5,2.8,8.8,7.8
13453,0.2896,0,NORMAL,22.5,3.0,8.6,7.5
13454,0.1554,0,NORMAL,22.1,1.8,6.7,5.6
13455,0.1607,0,NORMAL,23.2,3.5,8.8,7.5
13456,0.2939,0,NORMAL,23.3,4.9,12.1,9.9
13457,0.4124,0,NORMAL,24.1,5.0,16.4,14.8
13458,0.2936,0,NORMAL,20.8,3.1,11.1,9.6
13459,0.178,0,NORMAL,19.1,3.3,10.3,8.3
13460,0.9162,0,WARNING,19.4,4.2,9.8,8.8
13461,0.1477,0,NORMAL,20.8,4.1,11.2,8.3
13462,0.8184,0,WARNING,21.5,5.0,11.1,8.5
13463,0.2816,0,NORMAL,21.3,2.8,7.2,5.7
13464,0.1176,0,NORMAL,22.0,2.2,8.3,7.2
13465,0.14,0,NORMAL,22.3,3.4,12.4,9.0
13466,0.7807,0,WARNING,22.2,4.5,10.0,8.7
13467,0.1505,0,NORMAL,22.2,2.6,7.1,5.5
13468,0.1397,0,NORMAL,22.1,2.1,6.5,5.7
13469,0.9017,0,WARNING,22.9,3.8,7.2,5.7
13470,0.145,0,NORMAL,22.5,2.7,6.1,4.8
13471,0.4274,0,NORMAL,23.0,3.3,9.8,9.0
13472,0.8227,0,WARNING,23.1,4.9,11.6,9.5
13473,0.4177,0,NORMAL,23.3,3.2,12.0,8.8
13474,0.2003,0,NORMAL,22.7,2.0,7.3,6.0
13475,0.5204,0,NORMAL,24.3,4.5,9.2,7.0
13476,0.4166,0,NORMAL,23.5,3.7,6.9,4.8
13477,0.1476,0,NORMAL,20.8,3.4,10.8,8.3
13478,0.1355,0,NORMAL,17.7,2.7,8.4,6.3
13479,0.1981,0,NORMAL,19.1,2.7,9.1,7.6
13480,0.1259,0,NORMAL,19.2,2.9,6.9,5.0
13481,0.163,0,NORMAL,20.7,3.3,10.7,8.9
13482,0.6787,0,WARNING,20.4,3.0,6.0,4.9
13483,0.7691,0,WARNING,21.2,4.1,6.4,5.7
13484,0.1408,0,NORMAL,21.1,2.2,7.7,6.8
13485,0.1175,0,NORMAL,21.8,2.5,8.2,7.4
13486,0.7364,0,WARNING,21.8,5.8,7.7,5.2
13487,0.1174,0,NORMAL,22.7,3.2,9.2,7.4
13488,0.1323,0,NORMAL,21.5,2.2,5.9,5.4
13489,0.5234,0,NORMAL,22.3,3.3,7.3,6.1
13490,0.132,0,NORMAL,22.2,3.0,8.2,6.4
13491,0.1415,0,NORMAL,23.0,3.4,9.2,7.3
13492,0.2224,0,NORMAL,22.5,3.2,8.4,6.4
13493,0.6095,0,WARNING,22.5,3.5,9.1,6.8
13494,0.384,0,NORMAL,23.6,2.3,12.7,8.7
13495,0.3132,0,NORMAL,25.3,3.6,11.2,9.6
13496,0.6718,0,WARNING,24.1,5.4,10.7,8.4
13497,0.2406,0,NORMAL,23.6,2.9,7.6,5.7
13498,0.2694,0,NORMAL,22.0,1.4,5.2,5.2
13499,0.1413,0,NORMAL,19.6,2.0,6.4,6.3
13500,0.3,0,NORMAL,14.9,3.2,6.6,4.7
13501,0.3041,0,NORMAL,12.9,3.8,6.9,5.6
13502,0.2205,0,NORMAL,13.4,2.3,6.0,4.4
13503,0.2208,0,NORMAL,14.9,2.7,6.9,5.5
13504,0.9638,0,WARNING,15.3,4.9,6.1,5.3
13505,0.1065,0,NORMAL,15.7,3.1,9.3,8.3
13506,0.4234,0,NORMAL,16.0,4.0,9.0,7.8
13507,0.6783,0,WARNING,16.4,4.1,8.1,6.8
13508,0.1961,0,NORMAL,16.0,1.6,5.4,5.0
13509,0.1621,0,NORMAL,16.7,2.0,7.7,6.5
13510,0.3022,0,NORMAL,16.5,3.6,7.0,4.9
13511,0.171,0,NORMAL,17.4,3.6,9.1,6.9
13512,0.1564,0,NORMAL,16.6,2.1,5.2,4.4
13513,0.6148,0,WARNING,17.4,3.0,5.2,5.0
13514,0.5316,0,NORMAL,16.9,2.4,4.9,3.9
13515,0.191,0,NORMAL,17.7,3.1,5.7,5.4
13516,0.4288,0,NORMAL,17.3,4.5,7.1,6.2
13517,0.2611,0,NORMAL,17.9,3.9,8.8,7.8
13518,0.5239,0,NORMAL,17.2,2.9,4.7,4.5
13519,0.2759,0,NORMAL,17.8,2.4,4.9,4.7
13520,1.0,0,ANOMALY,18.0,7.5,5.5,3.9
13521,0.3033,0,NORMAL,18.8,3.7,7.4,5.8
13522,0.2986,0,NORMAL,15.3,3.2,9.2,8.1
13523,0.4212,0,NORMAL,13.2,3.9,12.9,9.9
13524,0.5879,0,NORMAL,15.2,2.4,15.3,9.4
13525,0.2746,0,NORMAL,14.8,3.3,10.4,8.2
13526,0.6734,0,WARNING,14.2,4.2,7.7,6.7
13527,0.1463,0,NORMAL,14.5,1.7,4.8,4.2
13528,0.1452,0,NORMAL,14.7,1.9,5.3,5.4
13529,0.1469,0,NORMAL,15.1,2.4,6.2,5.1
13530,0.1513,0,NORMAL,15.3,3.0,6.9,5.2
13531,0.1511,0,NORMAL,15.8,3.1,7.9,6.6
13532,0.6834,0,WARNING,15.5,3.2,6.2,5.6
13533,0.3042,0,NORMAL,16.2,2.4,4.8,5.0
13534,0.2212,0,NORMAL,16.1,2.1,5.6,4.5
13535,0.1938,0,NORMAL,16.8,3.0,7.7,6.0
13536,0.7406,0,WARNING,17.1,6.1,9.6,6.9
13537,0.1168,0,NORMAL,17.2,3.2,10.2,8.3
13538,0.1452,0,NORMAL,16.5,1.8,6.3,5.6
13539,0.1409,0,NORMAL,16.6,1.9,5.9,5.2
13540,0.1477,0,NORMAL,17.0,2.3,6.0,5.5
13541,0.1392,0,NORMAL,17.7,3.4,8.2,6.3
13542,0.2059,0,NORMAL,16.9,3.1,6.1,4.5
13543,0.8237,0,WARNING,15.8,5.0,4.4,4.0
13544,0.2212,0,NORMAL,13.0,1.6,4.4,3.9
13545,0.1677,0,NORMAL,13.0,3.3,8.1,7.0
13546,0.6117,0,WARNING,13.1,4.0,6.7,5.9
13547,0.7626,0,WARNING,14.0,3.9,5.9,4.9
13548,0.1404,0,NORMAL,14.3,1.7,5.9,5.8
13549,0.1617,0,NORMAL,15.0,1.7,5.2,4.8
13550,0.1522,0,NORMAL,14.8,2.9,5.4,4.4
13551,0.92,0,WARNING,15.5,4.7,4.8,3.7
13552,0.1363,0,NORMAL,15.4,2.4,6.0,5.6
13553,0.1534,0,NORMAL,16.4,2.3,5.0,4.7
13554,0.2213,0,NORMAL,15.4,1.4,4.1,3.7
13555,0.1686,0,NORMAL,16.6,2.3,5.6,5.2
13556,0.9558,0,WARNING,16.5,6.1,8.4,7.9
13557,0.119,0,NORMAL,16.5,2.9,7.6,6.2
13558,0.1265,0,NORMAL,16.4,1.6,6.6,5.7
13559,0.9991,0,WARNING,16.3,5.0,6.3,6.0
13560,0.5236,0,NORMAL,17.2,4.1,10.1,8.4
13561,0.6068,0,WARNING,17.8,4.4,8.9,6.1
13562,0.9006,0,WARNING,18.6,4.7,6.4,4.5
13563,0.4201,0,NORMAL,19.0,2.2,4.0,3.5
13564,0.2201,0,NORMAL,18.9,1.3,2.9,2.8
13565,0.2079,0,NORMAL,20.3,3.0,6.7,6.5
13566,0.7408,0,WARNING,21.1,4.8,12.3,9.9
13567,0.3181,0,NORMAL,22.3,4.0,16.0,11.8
13568,0.2454,0,NORMAL,21.8,2.2,9.2,6.3
13569,0.2895,0,NORMAL,22.1,2.5,8.5,7.2
13570,0.4961,0,NORMAL,21.6,2.1,8.8,5.4
13571,0.1501,0,NORMAL,22.2,2.6,7.7,8.3
13572,0.7041,0,WARNING,21.7,2.4,3.9,4.0
13573,0.8214,0,WARNING,22.5,3.7,5.6,5.2
13574,0.2392,0,NORMAL,22.4,1.7,5.6,5.0
13575,0.2391,0,NORMAL,22.9,2.9,7.2,6.3
13576,0.2983,0,NORMAL,22.8,4.6,9.0,7.4
13577,0.2931,0,NORMAL,23.2,4.2,7.3,5.9
13578,0.2823,0,NORMAL,22.8,2.5,5.0,4.8
13579,0.9333,0,WARNING,23.8,4.9,5.8,5.3
13580,0.6814,0,WARNING,20.7,3.2,6.4,5.4
13581,0.1552,0,NORMAL,18.1,2.8,5.3,3.8
13582,0.1685,0,NORMAL,18.4,2.8,5.6,4.9
13583,0.9908,0,WARNING,18.6,4.4,5.0,4.9
13584,0.1671,0,NORMAL,18.8,1.8,6.1,5.3
13585,0.1564,0,NORMAL,19.7,3.0,7.8,6.6
13586,0.7853,0,WARNING,20.1,4.8,8.5,6.9
13587,0.1467,0,NORMAL,20.7,2.9,7.7,5.7
13588,0.1504,0,NORMAL,20.6,1.5,4.6,3.9
13589,0.222,0,NORMAL,20.9,1.6,5.1,4.5
13590,0.1947,0,NORMAL,21.0,3.0,6.9,5.8
13591,0.1573,0,NORMAL,21.5,3.0,6.6,5.6
13592,0.1243,0,NORMAL,21.3,3.1,7.0,5.6
13593,0.5305,0,NORMAL,21.8,3.1,5.9,5.6
13594,0.1408,0,NORMAL,21.6,1.8,5.3,4.5
13595,0.1628,0,NORMAL,22.5,3.3,7.6,6.1
13596,0.4282,0,NORMAL,21.7,3.2,4.8,3.9
13597,0.5307,0,NORMAL,22.2,3.2,4.0,3.6
13598,0.2097,0,NORMAL,21.7,1.4,3.3,3.6
13599,0.2174,0,NORMAL,22.8,2.0,5.8,4.9
13600,0.2277,0,NORMAL,22.3,1.9,5.0,4.4
13601,0.4328,0,NORMAL,22.8,3.1,4.8,3.9
13602,0.2315,0,NORMAL,22.2,1.2,3.9,4.5
13603,0.3109,0,NORMAL,19.2,2.3,4.2,4.6
13604,0.1658,0,NORMAL,16.8,2.2,5.3,4.3
13605,0.76,0,WARNING,17.7,5.0,7.1,5.3
13606,0.302,0,NORMAL,18.5,4.0,7.2,7.3
13607,0.1761,0,NORMAL,19.0,3.5,6.6,6.3
13608,0.4178,0,NORMAL,19.1,2.9,5.7,5.5
13609,0.1544,0,NORMAL,19.7,2.2,4.9,4.8
13610,0.2972,0,NORMAL,19.8,3.0,6.1,6.8
13611,0.7356,0,WARNING,20.8,4.9,8.7,7.1
13612,0.1814,0,NORMAL,21.2,3.6,12.2,10.1
13613,0.6705,0,WARNING,21.0,3.6,8.1,7.2
13614,0.9883,0,WARNING,20.7,5.4,7.4,7.1
13615,0.4138,0,NORMAL,21.3,2.9,6.4,6.7
13616,0.7286,0,WARNING,20.8,3.8,6.1,7.7
13617,0.898,0,WARNING,21.6,4.8,8.6,8.7
13618,0.1745,0,NORMAL,21.2,2.6,7.8,7.8
13619,0.3366,0,NORMAL,21.0,2.0,4.8,5.3
13620,0.9538,0,WARNING,16.0,5.6,6.6,5.9
13621,0.4083,0,NORMAL,10.6,3.8,4.8,4.6
13622,0.1523,0,NORMAL,11.6,2.1,4.3,4.8
13623,0.6074,0,WARNING,12.9,2.6,3.8,4.1
13624,0.1923,0,NORMAL,12.7,1.5,3.2,3.5
13625,0.1739,0,NORMAL,13.6,2.2,4.1,4.1
13626,0.6838,0,WARNING,14.4,4.2,6.9,5.1
13627,0.1781,0,NORMAL,14.7,2.4,4.2,3.6
13628,0.9345,0,WARNING,14.8,3.4,3.1,3.5
13629,0.2214,0,NORMAL,15.0,1.4,2.6,2.5
13630,0.2016,0,NORMAL,15.0,1.9,3.6,4.0
13631,0.3146,0,NORMAL,15.4,2.9,4.5,5.0
13632,0.9347,0,WARNING,15.3,3.8,3.6,4.3
13633,0.1771,0,NORMAL,15.9,2.2,3.7,4.4
13634,0.1915,0,NORMAL,15.8,1.3,3.6,4.4
13635,0.1774,0,NORMAL,16.7,2.5,5.0,4.5
13636,0.9346,0,WARNING,16.0,4.8,3.3,4.7
13637,0.2022,0,NORMAL,17.0,2.7,5.1,5.2
13638,0.2204,0,NORMAL,16.4,2.1,3.6,3.8
13639,0.2279,0,NORMAL,17.1,1.7,3.5,4.0
13640,0.2372,0,NORMAL,17.2,2.8,5.7,4.1
13641,1.0,0,ANOMALY,17.8,7.9,5.6,5.6
13642,0.1672,0,NORMAL,13.8,1.7,3.3,3.8
13643,0.5282,0,NORMAL,11.3,2.8,3.8,3.6
13644,0.5076,0,NORMAL,11.5,1.5,6.0,9.8
13645,0.9011,0,WARNING,12.2,4.3,7.5,8.8
13646,0.2845,0,NORMAL,12.7,3.4,6.4,5.9
13647,0.8576,0,WARNING,13.4,2.5,12.1,17.5
13648,0.9685,0,WARNING,13.2,4.4,10.9,14.7
13649,0.5825,0,NORMAL,13.3,2.3,4.8,4.8
13650,0.8963,0,WARNING,13.7,4.3,4.6,4.3
13651,0.1486,0,NORMAL,14.8,3.1,5.3,5.0
13652,0.165,0,NORMAL,14.5,2.0,3.7,3.8
13653,0.296,0,NORMAL,15.2,2.3,4.1,4.7
13654,0.8806,0,WARNING,15.0,3.9,6.1,9.4
13655,0.5076,0,NORMAL,13.5,2.7,8.6,10.3
13656,0.7003,0,WARNING,10.9,3.0,10.3,13.7
13657,0.8476,0,WARNING,11.8,4.2,11.4,14.1
13658,0.9235,0,WARNING,12.1,2.1,13.5,19.4
13659,1.0,0,ANOMALY,12.8,5.9,10.5,13.9
13660,0.8178,0,WARNING,12.8,2.2,11.6,15.5
13661,0.9394,0,WARNING,13.0,4.5,11.3,16.0
13662,0.9135,0,WARNING,11.8,2.9,13.9,19.4
13663,0.9381,0,WARNING,11.1,3.7,9.6,12.8
13664,0.2076,0,NORMAL,11.3,1.5,4.6,3.5
13665,0.1846,0,NORMAL,12.2,2.5,6.2,6.1
13666,0.505,0,NORMAL,12.4,3.3,4.6,4.3
13667,0.1901,0,NORMAL,13.1,1.8,4.0,3.5
13668,0.2128,0,NORMAL,12.8,0.9,2.6,3.4
13669,0.19,0,NORMAL,13.4,1.3,3.6,5.7
13670,0.7661,0,WARNING,13.5,2.5,9.8,14.4
13671,0.8742,0,WARNING,14.4,3.1,13.6,17.6
13672,0.9611,0,WARNING,14.1,4.8,10.2,13.0
13673,0.8743,0,WARNING,12.7,2.1,10.8,17.3
13674,0.4784,0,NORMAL,10.5,2.2,7.0,8.8
13675,0.191,0,NORMAL,11.9,2.0,4.1,3.8
13676,0.3947,0,NORMAL,12.2,3.5,4.7,4.8
13677,0.7311,0,WARNING,12.6,2.3,2.2,2.8
13678,0.1935,0,NORMAL,12.8,1.3,2.7,3.8
13679,0.2216,0,NORMAL,13.5,1.6,2.4,2.6
13680,0.2009,0,NORMAL,11.7,2.5,3.3,3.3
13681,0.201,0,NORMAL,11.4,2.9,4.4,3.8
13682,0.2174,0,NORMAL,12.3,1.4,2.2,2.5
13683,0.2301,0,NORMAL,12.9,1.9,1.7,2.3
13684,0.2259,0,NORMAL,13.1,1.6,2.1,2.2
13685,0.242,0,NORMAL,13.9,2.1,3.8,4.2
13686,0.3214,0,NORMAL,14.4,3.5,4.8,4.5
13687,0.1946,0,NORMAL,15.1,1.9,3.4,3.6
13688,0.6887,0,WARNING,15.0,2.2,2.1,3.0
13689,0.2087,0,NORMAL,15.5,1.6,2.1,2.7
13690,0.2057,0,NORMAL,15.5,2.3,4.4,4.3
13691,0.1936,0,NORMAL,16.2,2.8,4.1,3.4
13692,0.1995,0,NORMAL,15.9,1.9,3.0,3.4
13693,0.9705,0,WARNING,16.4,4.2,2.5,2.8
13694,0.2853,0,NORMAL,16.0,1.2,5.2,8.1
13695,1.0,0,ANOMALY,22.1,9.3,12.6,18.9
13696,0.7004,0,WARNING,15.9,3.0,10.4,13.7
13697,0.8744,0,WARNING,13.4,2.1,11.8,17.9
13698,0.9235,0,WARNING,10.7,3.8,13.9,19.6
13699,0.8744,0,WARNING,11.3,2.4,12.7,17.2
13700,0.902,0,WARNING,12.5,3.6,14.3,18.9
13701,0.9135,0,WARNING,12.8,2.6,14.5,19.1
13702,0.7947,0,WARNING,12.2,2.7,7.7,9.1
13703,0.3548,0,NORMAL,12.6,2.4,2.4,2.7
13704,0.3114,0,NORMAL,12.6,1.0,1.5,1.6
13705,0.252,0,NORMAL,13.2,2.5,4.0,4.1
13706,0.6792,0,WARNING,11.5,4.6,4.1,3.0
13707,0.2088,0,NORMAL,10.7,1.9,2.8,2.8
13708,0.2011,0,NORMAL,11.3,1.0,3.1,3.4
13709,0.2217,0,NORMAL,11.9,1.3,2.1,2.5
13710,0.2132,0,NORMAL,12.1,1.5,2.6,2.9
13711,0.8838,0,WARNING,12.6,3.4,2.8,2.9
13712,0.2146,0,NORMAL,12.9,1.7,2.8,2.9
13713,0.3125,0,NORMAL,13.6,2.1,2.3,2.8
13714,0.4374,0,NORMAL,13.4,2.3,1.8,2.4
13715,0.2051,0,NORMAL,14.9,2.7,4.7,4.1
13716,0.1916,0,NORMAL,14.4,3.6,5.1,4.5
13717,0.1825,0,NORMAL,14.7,1.9,3.8,3.5
13718,0.206,0,NORMAL,14.7,1.4,2.1,2.7
13719,0.3168,0,NORMAL,15.2,2.1,2.5,3.7
13720,0.2045,0,NORMAL,15.1,1.9,2.9,2.9
13721,0.2068,0,NORMAL,16.5,2.9,5.1,4.1
13722,0.2548,0,NORMAL,16.0,1.8,2.8,3.1
13723,0.3172,0,NORMAL,16.4,2.2,2.1,2.4
13724,0.9215,0,WARNING,16.3,4.0,2.1,2.7
13725,0.3154,0,NORMAL,17.0,3.3,5.2,3.7
13726,0.4359,0,NORMAL,17.2,4.5,5.3,4.3
13727,0.3566,0,NORMAL,17.1,1.8,2.6,2.9
13728,0.8258,0,WARNING,17.1,2.3,1.5,2.5
13729,0.3581,0,NORMAL,17.1,1.7,2.3,3.0
13730,0.224,0,NORMAL,13.4,2.2,3.0,4.0
13731,0.4111,0,NORMAL,11.1,2.9,4.1,3.6
13732,0.1963,0,NORMAL,11.3,2.0,3.1,3.6
13733,0.8568,0,WARNING,12.0,2.9,2.4,2.9
13734,0.2062,0,NORMAL,12.1,1.2,2.2,3.3
13735,0.2045,0,NORMAL,13.4,2.5,4.2,3.7
13736,0.3121,0,NORMAL,13.5,3.4,3.9,3.6
13737,0.2132,0,NORMAL,14.1,2.0,3.0,3.2
13738,0.2342,0,NORMAL,14.1,0.9,1.4,2.3
13739,0.2216,0,NORMAL,14.4,1.5,2.0,2.6
13740,0.2209,0,NORMAL,12.1,2.3,3.1,3.3
13741,0.2098,0,NORMAL,9.8,2.2,3.1,3.3
13742,0.2384,0,NORMAL,9.8,0.9,1.4,1.9
13743,0.3235,0,NORMAL,11.1,2.2,2.1,2.8
13744,0.4435,0,NORMAL,11.6,1.9,1.4,1.4
13745,0.2524,0,NORMAL,12.7,2.3,3.6,3.5
13746,0.212,0,NORMAL,13.0,3.2,4.0,3.1
13747,0.2153,0,NORMAL,13.2,2.0,3.0,2.8
13748,0.2201,0,NORMAL,13.3,1.2,2.0,2.8
13749,0.9802,0,WARNING,13.9,4.4,2.0,2.9
13750,0.2086,0,NORMAL,13.7,1.6,2.4,3.3
13751,0.2003,0,NORMAL,14.4,2.7,4.0,4.3
13752,0.2037,0,NORMAL,14.3,2.3,3.3,3.4
13753,0.2088,0,NORMAL,15.1,2.2,2.6,3.1
13754,0.6203,0,WARNING,14.7,1.9,1.6,1.9
13755,0.2075,0,NORMAL,15.5,2.5,3.3,3.2
13756,0.9981,0,WARNING,15.6,5.7,4.2,4.2
13757,0.1911,0,NORMAL,16.1,2.6,3.4,3.3
13758,0.1981,0,NORMAL,15.6,1.8,2.5,3.0
13759,0.6852,0,WARNING,15.8,2.8,2.6,3.9
13760,1.0,0,ANOMALY,15.9,6.7,3.0,2.7
13761,0.4849,0,NORMAL,16.3,2.6,2.8,2.7
13762,0.2682,0,NORMAL,16.0,1.8,2.9,3.3
13763,0.4343,0,NORMAL,16.4,2.2,2.2,2.8
13764,0.743,0,WARNING,15.9,2.9,1.6,2.3
13765,0.2214,0,NORMAL,13.3,1.8,3.2,3.0
13766,0.4374,0,NORMAL,10.5,3.4,4.3,4.5
13767,0.1927,0,NORMAL,11.5,1.6,3.1,3.9
13768,0.2067,0,NORMAL,11.4,1.9,2.7,3.4
13769,0.9207,0,WARNING,12.2,3.7,3.0,3.8
13770,0.1969,0,NORMAL,12.3,1.9,3.7,4.3
13771,0.1869,0,NORMAL,13.3,2.7,4.8,4.8
13772,0.195,0,NORMAL,13.5,2.5,4.1,4.6
13773,0.7875,0,WARNING,14.1,3.2,2.7,3.8
13774,0.2056,0,NORMAL,13.9,1.3,2.6,3.6
13775,0.196,0,NORMAL,14.6,2.4,4.3,4.5
13776,0.3114,0,NORMAL,14.8,3.8,5.9,5.3
13777,0.856,0,WARNING,15.2,4.4,4.8,4.5
13778,0.2172,0,NORMAL,14.9,1.2,2.3,2.5
13779,0.2257,0,NORMAL,15.2,1.4,1.8,2.6
13780,0.2087,0,NORMAL,15.0,2.0,2.7,2.8
13781,0.2216,0,NORMAL,15.6,2.4,2.7,2.3
13782,0.791,0,WARNING,15.7,3.4,2.3,2.7
13783,0.6901,0,WARNING,15.9,2.7,1.8,2.9
13784,0.2602,0,NORMAL,15.8,1.1,2.2,2.2
13785,0.7629,0,WARNING,16.8,6.1,7.5,4.6
13786,0.7384,0,WARNING,16.9,4.6,7.6,7.5
13787,0.2169,0,NORMAL,14.2,2.7,6.1,8.0
13788,0.2855,0,NORMAL,11.5,1.3,4.7,7.9
13789,0.9444,0,WARNING,11.4,3.9,3.2,4.4
13790,0.2204,0,NORMAL,11.6,2.5,4.8,5.1
13791,0.2025,0,NORMAL,13.2,2.6,6.1,8.1
13792,0.2855,0,NORMAL,13.4,2.3,5.9,8.7
13793,0.6734,0,WARNING,13.7,2.9,5.2,8.1
13794,0.2143,0,NORMAL,13.1,1.3,3.0,3.4
13795,0.2,0,NORMAL,13.6,1.9,3.5,3.7
13796,0.4246,0,NORMAL,14.1,4.2,5.2,4.8
13797,0.2988,0,NORMAL,14.6,2.5,4.2,4.8
13798,0.2074,0,NORMAL,14.3,1.2,2.6,3.8
13799,0.213,0,NORMAL,14.7,1.1,2.7,4.0
13800,0.1984,0,NORMAL,12.4,1.9,4.0,4.5
13801,0.7424,0,WARNING,10.2,4.3,5.2,5.2
13802,0.2215,0,NORMAL,10.2,1.2,2.2,2.5
13803,0.4369,0,NORMAL,10.8,1.9,2.4,3.9
13804,0.2177,0,NORMAL,10.7,0.9,2.6,3.5
13805,0.1935,0,NORMAL,11.9,2.6,4.6,4.5
13806,0.4386,0,NORMAL,12.0,3.8,4.9,4.5
13807,0.2021,0,NORMAL,12.7,2.0,4.1,5.0
13808,0.742,0,WARNING,12.6,2.5,2.9,4.1
13809,0.2002,0,NORMAL,12.6,1.5,3.1,4.1
13810,0.2035,0,NORMAL,12.6,2.1,4.1,4.8
13811,0.1952,0,NORMAL,13.6,3.1,4.3,4.4
13812,0.9028,0,WARNING,13.7,4.0,3.0,3.2
13813,0.4298,0,NORMAL,13.8,2.0,1.8,2.4
13814,0.2173,0,NORMAL,13.8,1.3,2.1,2.8
13815,0.2061,0,NORMAL,14.2,3.1,4.4,4.7
13816,0.5353,0,NORMAL,14.3,4.7,4.9,4.5
13817,0.2032,0,NORMAL,14.7,2.8,3.7,4.2
13818,0.5308,0,NORMAL,14.7,2.2,2.5,3.0
13819,0.25,0,NORMAL,15.0,1.5,2.4,3.3
13820,0.278,0,NORMAL,15.2,2.2,3.1,3.1
13821,0.4349,0,NORMAL,12.9,3.4,4.1,4.1
13822,0.1957,0,NORMAL,9.9,2.1,3.2,3.3
13823,0.3122,0,NORMAL,10.1,1.9,1.9,2.5
13824,0.2216,0,NORMAL,10.2,1.3,1.8,2.4
13825,0.6233,0,WARNING,10.9,2.8,3.3,3.5
13826,0.3182,0,NORMAL,11.7,3.6,3.9,3.0
13827,0.1943,0,NORMAL,12.4,2.0,3.0,3.7
13828,0.2174,0,NORMAL,12.4,1.1,2.2,2.8
13829,0.9214,0,WARNING,12.9,3.7,1.8,2.4
13830,0.202,0,NORMAL,13.1,2.6,3.4,3.2
13831,0.1964,0,NORMAL,14.1,2.2,3.7,4.2
13832,0.1914,0,NORMAL,13.8,2.0,3.1,3.3
13833,0.8273,0,WARNING,14.2,2.9,1.5,2.3
13834,0.2294,0,NORMAL,14.5,1.0,1.6,3.0
13835,0.2099,0,NORMAL,15.6,2.4,4.0,4.2
13836,0.5384,0,NORMAL,15.8,3.9,4.3,3.4
13837,0.28,0,NORMAL,16.4,2.3,3.6,3.7
13838,0.8263,0,WARNING,16.4,3.1,2.0,2.7
13839,0.3356,0,NORMAL,16.9,1.2,1.6,2.3
13840,0.3499,0,NORMAL,17.3,2.1,3.0,3.4
13841,0.3785,0,NORMAL,17.8,3.3,4.7,4.2
13842,0.9561,0,WARNING,17.1,4.4,3.1,3.9
13843,0.5327,0,NORMAL,17.5,2.1,2.3,2.6
13844,0.4035,0,NORMAL,17.1,1.0,1.7,2.8
13845,0.2048,0,NORMAL,14.1,3.5,5.6,4.3
13846,0.9035,0,WARNING,11.2,4.8,5.4,4.7
13847,0.1857,0,NORMAL,11.7,2.0,4.0,3.7
13848,0.2271,0,NORMAL,11.8,0.9,2.1,3.1
13849,0.1912,0,NORMAL,12.2,1.7,2.8,3.1
13850,0.9641,0,WARNING,13.0,5.4,5.0,4.7
13851,0.1913,0,NORMAL,13.5,2.7,4.8,4.9
13852,0.1954,0,NORMAL,13.1,1.8,3.2,3.7
13853,0.4317,0,NORMAL,13.8,2.2,2.3,2.8
13854,1.0,0,ANOMALY,14.0,7.4,2.1,2.9
13855,0.1998,0,NORMAL,14.5,3.2,4.6,5.1
13856,0.5267,0,NORMAL,14.6,3.2,3.7,3.4
13857,0.1976,0,NORMAL,15.2,2.3,3.5,3.8
13858,0.2136,0,NORMAL,14.9,1.2,2.3,3.6
13859,0.9461,0,WARNING,15.2,3.8,2.4,2.7
13860,0.2044,0,NORMAL,12.1,2.3,3.3,3.2
13861,0.195,0,NORMAL,10.1,3.3,4.6,4.3
13862,0.3093,0,NORMAL,11.0,1.8,2.7,3.6
13863,0.9756,0,WARNING,12.1,4.1,2.2,3.1
13864,0.2466,0,NORMAL,11.7,1.1,1.5,1.8
13865,0.2238,0,NORMAL,12.8,2.1,3.8,3.9
13866,0.6882,0,WARNING,12.8,3.3,4.1,4.4
13867,0.2089,0,NORMAL,13.3,1.9,2.7,2.8
13868,0.9468,0,WARNING,13.5,3.3,1.9,2.9
13869,0.2258,0,NORMAL,14.1,1.2,1.8,2.4
13870,0.21,0,NORMAL,13.9,1.9,3.1,3.6
13871,0.2039,0,NORMAL,14.5,2.3,3.9,4.8
13872,0.2121,0,NORMAL,14.4,1.5,2.2,3.1
13873,0.9641,0,WARNING,14.6,4.3,1.9,2.7
13874,0.2342,0,NORMAL,14.5,1.3,1.7,2.0
13875,0.516,0,NORMAL,15.2,3.5,4.2,3.9
13876,0.6104,0,WARNING,15.7,4.7,4.8,4.0
13877,0.2075,0,NORMAL,16.1,3.2,3.9,4.1
13878,0.902,0,WARNING,15.7,3.9,2.8,3.6
13879,0.2247,0,NORMAL,16.0,1.6,2.5,3.3
13880,0.3188,0,NORMAL,16.4,2.6,3.9,3.2
13881,0.2584,0,NORMAL,16.7,2.7,4.1,3.8
13882,0.9341,0,WARNING,16.6,5.0,3.5,3.5
13883,0.3027,0,NORMAL,15.3,2.0,1.9,2.6
13884,0.2214,0,NORMAL,11.9,1.1,1.9,2.3
13885,0.7701,0,WARNING,10.6,3.2,3.2,3.3
13886,0.4333,0,NORMAL,11.4,3.6,4.0,2.9
13887,0.2174,0,NORMAL,12.4,2.1,2.8,2.7
13888,0.9704,0,WARNING,12.4,4.9,2.1,3.2
13889,0.2259,0,NORMAL,12.8,1.2,1.9,2.4
13890,0.2019,0,NORMAL,13.2,2.3,4.6,3.9
13891,0.1959,0,NORMAL,13.8,2.8,5.2,4.8
13892,0.6175,0,WARNING,13.9,3.4,3.7,3.8
13893,0.434,0,NORMAL,14.5,2.0,2.0,2.4
13894,0.2342,0,NORMAL,14.0,1.1,1.8,2.0
13895,0.239,0,NORMAL,14.8,2.3,3.6,4.0
13896,0.3186,0,NORMAL,14.9,3.1,3.7,3.4
13897,0.6888,0,WARNING,15.3,3.0,2.9,2.8
13898,0.23,0,NORMAL,14.8,1.0,1.8,2.3
13899,0.2203,0,NORMAL,15.0,1.4,2.2,3.0
13900,0.2216,0,NORMAL,15.5,2.9,3.4,2.5
13901,0.2132,0,NORMAL,16.0,2.1,2.8,2.8
13902,0.441,0,NORMAL,15.7,2.4,3.1,3.6
13903,0.5389,0,NORMAL,16.1,2.2,2.2,2.5
13904,0.2537,0,NORMAL,15.7,1.1,1.8,2.1
13905,0.2764,0,NORMAL,17.2,4.2,7.1,4.9
13906,0.6854,0,WARNING,16.9,4.6,6.2,5.2
13907,0.9699,0,WARNING,16.8,4.7,4.4,4.2
13908,0.2019,0,NORMAL,12.9,1.8,3.1,3.9
13909,0.2752,0,NORMAL,9.9,1.7,2.2,3.4
13910,0.3398,0,NORMAL,10.7,2.8,4.8,5.1
13911,0.2224,0,NORMAL,11.4,3.7,4.7,4.7
13912,0.9333,0,WARNING,11.6,4.7,3.9,5.4
13913,0.2912,0,NORMAL,12.3,2.1,2.7,3.8
13914,0.3792,0,NORMAL,12.2,1.7,2.0,3.4
13915,0.4168,0,NORMAL,13.2,2.7,5.2,6.2
13916,0.7358,0,WARNING,13.2,4.7,5.7,5.2
13917,0.1962,0,NORMAL,13.5,2.4,3.4,4.2
13918,0.2096,0,NORMAL,13.3,1.5,2.4,3.9
13919,0.5159,0,NORMAL,13.7,2.5,5.6,6.1
13920,0.3188,0,NORMAL,11.8,3.4,4.7,4.2
13921,0.191,0,NORMAL,9.5,2.2,4.4,4.8
13922,0.1942,0,NORMAL,9.9,2.3,3.5,3.8
13923,0.7387,0,WARNING,10.5,3.1,2.4,3.1
13924,0.417,0,NORMAL,10.7,1.7,2.3,3.2
13925,0.1885,0,NORMAL,11.5,2.7,4.5,5.0
13926,0.3047,0,NORMAL,11.7,4.1,6.0,5.4
13927,0.1958,0,NORMAL,12.4,2.4,3.4,3.4
13928,0.8812,0,WARNING,12.2,2.9,1.4,2.2
13929,0.1986,0,NORMAL,13.0,1.3,2.2,3.1
13930,0.1984,0,NORMAL,12.6,1.5,2.5,3.5
13931,0.2035,0,NORMAL,13.9,2.3,3.4,3.2
13932,0.2088,0,NORMAL,14.1,1.1,2.2,2.6
13933,0.8286,0,WARNING,14.6,3.1,2.5,2.6
13934,0.9998,0,WARNING,14.6,9.0,1.5,2.0
13935,0.24,0,NORMAL,15.2,2.9,4.3,4.8
13936,0.293,0,NORMAL,15.1,4.3,6.5,5.8
13937,0.8205,0,WARNING,15.4,4.1,4.0,4.3
13938,0.1985,0,NORMAL,15.3,1.6,2.5,3.1
13939,0.2025,0,NORMAL,15.4,1.9,2.8,3.4
13940,0.9972,0,WARNING,15.8,3.7,4.9,4.8
13941,0.2119,0,NORMAL,16.3,2.7,4.8,4.0
13942,0.946,0,WARNING,16.3,5.1,5.1,5.8
13943,0.3003,0,NORMAL,13.5,2.5,5.5,6.6
13944,0.3121,0,NORMAL,10.4,1.1,2.0,1.6
13945,0.2262,0,NORMAL,11.2,2.6,3.7,2.8
13946,0.2386,0,NORMAL,12.1,3.2,4.9,4.0
13947,0.8829,0,WARNING,12.6,3.6,2.5,2.2
13948,0.2259,0,NORMAL,12.5,1.1,1.6,2.3
13949,0.217,0,NORMAL,13.0,1.4,2.7,3.0
13950,0.3249,0,NORMAL,13.1,2.2,3.2,3.1
13951,0.9643,0,WARNING,14.6,5.1,5.3,4.6
13952,0.1947,0,NORMAL,14.1,2.2,3.9,3.3
13953,0.6195,0,WARNING,14.4,2.4,2.6,2.7
13954,0.2216,0,NORMAL,14.3,1.2,2.2,2.3
13955,0.2316,0,NORMAL,15.0,2.1,4.5,4.0
13956,0.8281,0,WARNING,15.2,5.1,5.6,4.7
13957,0.2045,0,NORMAL,15.4,1.3,3.0,2.9
13958,0.2258,0,NORMAL,15.1,1.2,2.1,2.1
13959,0.2466,0,NORMAL,15.3,1.3,1.9,2.0
13960,0.2281,0,NORMAL,15.7,2.3,3.5,3.1
13961,0.2216,0,NORMAL,16.4,2.5,3.3,2.4
13962,0.3231,0,NORMAL,16.3,2.3,3.1,3.1
13963,0.3224,0,NORMAL,16.4,2.3,2.6,3.1
13964,0.3124,0,NORMAL,16.1,1.0,1.5,1.5
13965,0.2625,0,NORMAL,16.8,1.7,2.9,3.2
13966,0.3221,0,NORMAL,16.5,3.7,4.9,4.2
13967,0.4387,0,NORMAL,16.5,2.4,2.9,2.6
13968,0.3985,0,NORMAL,16.6,1.7,1.9,2.6
13969,0.2215,0,NORMAL,13.8,1.3,2.0,2.4
13970,0.2235,0,NORMAL,10.7,2.0,3.1,3.8
13971,0.2039,0,NORMAL,12.0,3.8,7.5,5.9
13972,0.788,0,WARNING,12.2,3.5,5.0,4.9
13973,0.6102,0,WARNING,12.4,3.2,3.9,4.3
13974,0.1661,0,NORMAL,12.9,1.6,4.7,4.8
13975,0.1636,0,NORMAL,13.5,2.8,6.1,5.4
13976,0.427,0,NORMAL,14.2,3.5,5.0,3.9
13977,0.9196,0,WARNING,14.6,3.8,3.1,3.7
13978,0.2342,0,NORMAL,14.2,1.3,2.4,2.4
13979,0.2045,0,NORMAL,14.7,1.5,2.4,2.9
13980,0.2012,0,NORMAL,15.2,2.1,4.1,4.0
13981,0.8831,0,WARNING,15.1,4.6,5.2,4.7
13982,0.194,0,NORMAL,15.3,1.4,3.0,3.3
13983,0.2483,0,NORMAL,15.6,2.0,2.3,2.6
13984,0.2003,0,NORMAL,16.4,1.4,2.7,2.9
13985,0.2156,0,NORMAL,19.3,3.6,9.2,7.4
13986,0.9463,0,WARNING,18.8,6.1,7.2,5.4
13987,0.2014,0,NORMAL,18.4,2.8,3.6,3.2
13988,0.1736,0,NORMAL,19.7,1.4,3.7,3.4
13989,0.3382,0,NORMAL,22.6,1.7,5.1,4.8
13990,0.187,0,NORMAL,19.7,2.1,4.0,3.4
13991,0.8257,0,WARNING,20.5,4.6,4.1,3.1
13992,0.2087,0,NORMAL,20.0,1.8,2.8,2.8
13993,0.8201,0,WARNING,20.3,3.6,2.2,2.5
13994,0.2424,0,NORMAL,19.9,0.8,1.2,1.8
13995,0.2215,0,NORMAL,20.8,2.4,3.3,3.7
13996,0.9468,0,WARNING,20.7,6.7,5.1,4.6
13997,0.1684,0,NORMAL,21.1,2.9,4.0,4.1
13998,0.1851,0,NORMAL,20.6,1.8,3.2,3.4
13999,0.1906,0,NORMAL,20.6,1.8,2.7,3.2
14000,0.193,0,NORMAL,20.7,2.8,4.6,3.5
14001,0.6866,0,WARNING,21.1,4.0,3.9,2.9
14002,0.2753,0,NORMAL,22.0,2.8,8.0,7.0
14003,0.3084,0,NORMAL,21.4,2.1,3.8,3.0
14004,0.1787,0,NORMAL,17.9,1.6,3.7,4.3
14005,0.314,0,NORMAL,15.6,2.5,3.9,3.5
14006,0.3153,0,NORMAL,16.6,4.2,6.2,4.7
14007,0.1873,0,NORMAL,17.2,1.7,3.6,3.6
14008,0.2131,0,NORMAL,17.3,1.4,2.7,2.7
14009,0.9999,0,WARNING,18.1,4.6,2.8,3.3
14010,0.2131,0,NORMAL,17.9,1.8,2.6,2.7
14011,0.2027,0,NORMAL,18.9,1.9,3.8,4.9
14012,0.197,0,NORMAL,18.5,1.9,3.5,3.1
14013,0.8584,0,WARNING,19.9,3.2,3.0,3.4
14014,0.1781,0,NORMAL,19.3,1.5,3.3,3.8
14015,0.1832,0,NORMAL,20.3,2.9,6.2,5.1
14016,0.4342,0,NORMAL,20.6,3.5,5.2,4.1
14017,0.1957,0,NORMAL,20.3,2.3,3.4,3.0
14018,0.9208,0,WARNING,20.2,3.0,2.0,2.1
14019,0.2087,0,NORMAL,20.6,1.7,2.5,2.8
14020,0.2008,0,NORMAL,20.8,2.6,4.1,3.4
14021,0.2427,0,NORMAL,21.1,2.9,4.1,3.3
14022,0.2684,0,NORMAL,21.0,2.3,3.1,2.9
14023,0.8835,0,WARNING,21.4,2.7,2.2,2.8
14024,0.2814,0,NORMAL,21.4,1.7,4.7,4.3
14025,0.2897,0,NORMAL,21.7,2.6,4.3,3.2
14026,0.3177,0,NORMAL,22.1,3.7,4.9,3.4
14027,0.6213,0,WARNING,23.7,4.1,9.5,8.0
14028,0.3032,0,NORMAL,20.6,3.1,10.1,8.8
14029,0.1286,0,NORMAL,17.1,2.2,7.7,5.7
14030,0.1396,0,NORMAL,16.9,2.5,8.7,8.3
14031,0.4227,0,NORMAL,17.9,4.1,9.9,8.2
14032,0.1393,0,NORMAL,18.2,3.5,8.6,6.9
14033,0.1345,0,NORMAL,18.7,2.6,8.2,6.6
14034,0.6052,0,WARNING,19.4,3.2,8.6,7.6
14035,0.0977,0,NORMAL,19.4,3.3,9.3,7.6
14036,0.2866,0,NORMAL,19.5,3.4,8.9,8.6
14037,0.3791,0,NORMAL,21.5,5.1,18.6,15.8
14038,0.3002,0,NORMAL,21.0,2.9,13.6,11.0
14039,0.1587,0,NORMAL,20.9,2.5,11.7,9.3
14040,0.9433,0,WARNING,16.8,5.9,11.0,7.6
14041,0.2702,0,NORMAL,13.1,4.9,13.5,10.7
14042,0.1592,0,NORMAL,13.2,2.2,8.7,6.9
14043,0.9438,0,WARNING,13.3,5.5,9.5,6.2
14044,0.1525,0,NORMAL,13.3,2.1,7.7,6.9
14045,0.0899,0,NORMAL,14.0,3.5,8.7,7.0
14046,0.2814,0,NORMAL,15.1,4.0,9.2,8.6
14047,0.0936,0,NORMAL,15.5,3.0,9.8,7.8
14048,0.2368,0,NORMAL,15.9,2.9,13.3,11.6
14049,0.7777,0,WARNING,16.2,3.6,8.3,6.9
14050,0.1781,0,NORMAL,16.8,3.1,8.7,7.7
14051,0.8775,0,WARNING,17.6,6.4,10.0,7.2
14052,0.3189,0,NORMAL,18.2,3.7,18.1,13.2
14053,0.2666,0,NORMAL,17.2,2.8,9.4,7.3
14054,0.2333,0,NORMAL,17.8,2.4,11.5,9.6
14055,0.4075,0,NORMAL,18.3,4.6,14.4,12.0
14056,0.2712,0,NORMAL,16.2,5.2,11.8,9.5
14057,0.2272,0,NORMAL,14.0,4.5,13.8,10.5
14058,0.3932,0,NORMAL,14.1,4.0,13.7,11.9
14059,0.5878,0,NORMAL,14.0,4.0,11.1,10.1
14060,0.2204,0,NORMAL,15.3,3.5,13.8,11.3
14061,0.291,0,NORMAL,16.5,5.2,17.6,13.3
14062,0.997,0,WARNING,17.2,7.0,18.0,12.5
14063,0.4459,0,NORMAL,19.2,4.4,17.6,14.9
14064,0.8425,0,WARNING,18.9,5.2,19.9,15.6
14065,0.3044,0,NORMAL,18.6,4.7,16.9,13.5
14066,0.9407,0,WARNING,19.0,6.8,19.5,13.1
14067,0.283,0,NORMAL,18.3,3.9,13.9,10.8
14068,0.9601,0,WARNING,17.5,5.2,9.6,8.3
14069,0.3188,0,NORMAL,18.8,3.6,16.0,13.2
14070,0.3193,0,NORMAL,15.6,3.5,15.4,15.2
14071,0.2087,0,NORMAL,12.9,3.7,12.7,8.6
14072,0.1617,0,NORMAL,13.4,2.7,11.7,10.2
14073,0.5056,0,NORMAL,15.4,4.0,14.7,9.0
14074,0.1789,0,NORMAL,14.9,2.2,10.0,8.2
14075,0.098,0,NORMAL,15.3,2.8,8.0,7.0
14076,0.4077,0,NORMAL,16.4,4.9,13.6,10.6
14077,0.199,0,NORMAL,16.9,3.0,9.2,7.4
14078,0.1481,0,NORMAL,15.7,1.4,6.0,5.8
14079,0.187,0,NORMAL,16.6,2.2,10.0,8.1
14080,0.2355,0,NORMAL,18.0,3.1,13.5,11.5
14081,0.2522,0,NORMAL,17.3,4.2,15.3,11.9
14082,0.193,0,NORMAL,16.8,2.5,8.4,6.9
14083,0.4073,0,NORMAL,16.7,2.6,8.0,6.8
14084,0.1566,0,NORMAL,16.1,1.8,7.2,5.9
14085,0.8209,0,WARNING,18.6,5.2,12.2,10.5
14086,0.4098,0,NORMAL,18.5,4.8,11.3,10.4
14087,0.5534,0,NORMAL,18.5,4.4,17.9,15.8
14088,0.4248,0,NORMAL,16.2,3.4,14.2,11.8
14089,0.317,0,NORMAL,15.0,2.8,9.8,9.0
14090,0.1352,0,NORMAL,15.0,3.8,12.7,11.0
14091,0.2826,0,NORMAL,17.0,4.7,16.2,13.4
14092,0.9146,0,WARNING,17.1,5.5,10.6,9.6
14093,0.1788,0,NORMAL,17.2,3.8,14.1,11.3
14094,0.2825,0,NORMAL,17.7,3.2,15.3,13.4
14095,0.2552,0,NORMAL,18.8,4.4,15.7,13.2
14096,0.472,0,NORMAL,20.0,5.8,22.1,17.4
14097,0.8687,0,WARNING,20.2,6.0,16.8,13.3
14098,0.5368,0,NORMAL,21.5,5.2,22.5,19.1
14099,0.3517,0,NORMAL,19.6,2.8,11.6,9.9
14100,0.2175,0,NORMAL,19.0,4.1,15.1,12.4
14101,0.4047,0,NORMAL,21.1,5.5,16.8,12.5
14102,0.656,0,WARNING,20.6,5.2,14.0,9.3
14103,0.3819,0,NORMAL,22.3,3.3,9.8,8.3
14104,0.128,0,NORMAL,21.4,1.8,6.7,6.6
14105,0.3701,0,NORMAL,23.7,4.1,14.4,11.9
14106,0.265,0,NORMAL,22.6,4.5,15.1,12.3
14107,0.1788,0,NORMAL,23.0,3.3,10.6,8.4
14108,0.7743,0,WARNING,23.5,4.3,9.8,8.8
14109,0.2126,0,NORMAL,22.7,2.6,9.1,8.7
14110,0.2416,0,NORMAL,22.8,2.9,7.5,7.3
14111,0.2862,0,NORMAL,24.1,3.6,8.1,6.8
14112,0.3248,0,NORMAL,25.5,3.9,12.4,10.6
14113,0.4054,0,NORMAL,25.1,3.6,11.6,10.2
14114,0.3567,0,NORMAL,24.6,2.0,8.1,7.2
14115,0.6008,0,WARNING,23.8,5.5,16.5,15.1
14116,0.5058,0,NORMAL,19.9,5.3,14.6,11.5
14117,0.4223,0,NORMAL,20.4,5.0,17.8,15.0
14118,0.9289,0,WARNING,22.3,7.7,26.7,21.7
14119,0.5132,0,NORMAL,23.7,5.8,22.0,17.4
14120,0.9501,0,WARNING,23.5,6.5,18.2,14.0
14121,0.5012,0,NORMAL,24.0,6.0,21.6,17.3
14122,0.8381,0,WARNING,22.9,5.2,14.5,10.9
14123,0.4826,0,NORMAL,24.0,4.1,13.2,12.0
14124,0.4315,0,NORMAL,24.7,4.2,20.1,15.6
14125,0.2595,0,NORMAL,25.1,4.1,12.3,9.6
14126,0.8102,0,WARNING,25.1,6.9,17.3,12.6
14127,0.3336,0,NORMAL,24.4,3.9,12.2,10.0
14128,0.3573,0,NORMAL,22.9,3.7,15.6,14.0
14129,0.2032,0,NORMAL,20.2,2.9,14.2,11.2
14130,0.1781,0,NORMAL,20.1,3.7,15.8,11.2
14131,0.1695,0,NORMAL,21.2,4.6,15.5,11.1
14132,0.2535,0,NORMAL,20.6,4.2,12.7,10.6
14133,0.6612,0,WARNING,22.6,4.8,16.2,13.9
14134,0.9854,0,WARNING,22.1,6.0,10.9,9.1
14135,0.2562,0,NORMAL,23.6,4.9,15.5,12.4
14136,0.9295,0,WARNING,23.1,6.4,11.6,9.1
14137,0.1934,0,NORMAL,23.2,3.8,12.2,10.0
14138,0.2131,0,NORMAL,22.6,2.2,9.0,7.8
14139,0.2622,0,NORMAL,24.6,2.2,7.8,7.5
14140,0.22,0,NORMAL,22.9,3.9,11.3,8.8
14141,0.3373,0,NORMAL,25.3,4.5,14.0,11.6
14142,0.2834,0,NORMAL,25.0,3.4,8.9,7.2
14143,0.403,0,NORMAL,23.8,3.1,7.9,6.6
14144,0.142,0,NORMAL,20.2,2.2,7.4,7.3
14145,0.1248,0,NORMAL,18.7,3.8,11.7,10.2
14146,0.2076,0,NORMAL,20.3,4.1,13.2,11.3
14147,0.1965,0,NORMAL,20.5,4.1,14.0,11.5
14148,0.1871,0,NORMAL,21.0,3.0,11.9,10.6
14149,0.8159,0,WARNING,21.3,4.7,16.3,14.1
14150,0.3832,0,NORMAL,22.7,4.3,17.6,14.2
14151,0.3039,0,NORMAL,21.7,4.1,13.6,11.5
14152,0.1515,0,NORMAL,21.7,3.9,11.9,10.5
14153,0.5566,0,NORMAL,23.3,4.6,11.0,9.6
14154,0.7168,0,WARNING,22.8,4.3,18.1,12.3
14155,0.352,0,NORMAL,23.2,4.5,17.5,14.9
14156,0.4872,0,NORMAL,23.3,5.6,17.1,13.7
14157,0.3369,0,NORMAL,24.4,4.3,15.9,12.9
14158,0.2061,0,NORMAL,21.3,2.2,10.1,9.5
14159,0.2071,0,NORMAL,20.4,3.2,12.3,10.8
14160,0.7724,0,WARNING,17.8,4.4,10.7,9.8
14161,0.1477,0,NORMAL,18.7,3.6,12.7,10.5
14162,0.2514,0,NORMAL,20.2,4.2,15.0,12.5
14163,0.3924,0,NORMAL,19.8,4.1,14.0,10.6
14164,0.6624,0,WARNING,20.1,2.9,16.2,11.1
14165,0.9607,0,WARNING,22.8,7.2,19.0,14.9
14166,0.4867,0,NORMAL,21.9,5.8,15.9,12.7
14167,0.2348,0,NORMAL,22.7,4.2,14.8,12.1
14168,0.2875,0,NORMAL,21.9,3.1,13.0,11.8
14169,0.2591,0,NORMAL,22.2,2.9,15.2,12.0
14170,0.513,0,NORMAL,21.8,4.4,10.0,8.3
14171,0.1931,0,NORMAL,22.9,3.6,11.1,10.5
14172,0.1317,0,NORMAL,23.1,3.6,11.8,9.0
14173,0.6647,0,WARNING,24.0,4.9,18.5,16.7
14174,0.4299,0,NORMAL,17.9,2.9,14.5,10.3
14175,0.2881,0,NORMAL,20.4,4.4,14.9,11.7
14176,0.9918,0,WARNING,22.1,9.0,15.4,11.8
14177,0.2935,0,NORMAL,21.9,4.7,15.4,12.1
14178,0.4499,0,NORMAL,21.7,4.7,19.3,15.7
14179,0.2618,0,NORMAL,22.5,4.1,15.3,11.5
14180,0.4222,0,NORMAL,22.6,5.5,20.2,15.7
14181,0.7652,0,WARNING,24.0,6.2,21.5,15.1
14182,0.364,0,NORMAL,23.2,4.5,15.8,11.4
14183,0.553,0,NORMAL,25.9,4.9,19.0,15.0
14184,0.2915,0,NORMAL,23.2,3.5,16.0,12.6
14185,0.8428,0,WARNING,24.1,5.9,17.7,14.0
14186,0.4675,0,NORMAL,24.5,6.7,22.8,17.0
14187,0.4455,0,NORMAL,22.5,4.4,13.8,10.5
14188,0.2892,0,NORMAL,19.9,3.5,15.1,13.0
14189,0.3779,0,NORMAL,21.0,3.5,17.4,14.7
14190,0.8098,0,WARNING,19.8,4.6,11.9,9.2
14191,0.4259,0,NORMAL,22.4,4.6,16.9,14.6
14192,0.2323,0,NORMAL,21.6,3.9,14.9,10.9
14193,0.4974,0,NORMAL,22.3,3.8,11.8,10.4
14194,0.1644,0,NORMAL,21.9,3.1,12.2,10.8
14195,0.4175,0,NORMAL,22.7,4.7,18.9,15.9
14196,0.9294,0,WARNING,23.7,7.0,17.1,12.4
14197,0.3592,0,NORMAL,23.7,5.5,19.2,14.6
14198,0.4442,0,NORMAL,23.5,4.2,19.4,16.5
14199,0.2768,0,NORMAL,24.1,3.5,15.2,12.0
14200,0.9518,0,WARNING,22.5,6.5,17.7,14.8
14201,0.5826,0,NORMAL,20.9,6.2,21.1,14.8
14202,0.5367,0,NORMAL,23.7,5.3,18.7,14.9
14203,0.3303,0,NORMAL,21.8,3.6,11.9,9.4
14204,0.262,0,NORMAL,22.7,2.9,14.1,11.5
14205,0.6581,0,WARNING,23.4,5.4,14.9,12.4
14206,0.5655,0,NORMAL,24.0,6.1,19.2,12.8
14207,0.5421,0,NORMAL,24.0,5.2,15.5,13.2
14208,0.3593,0,NORMAL,24.1,4.6,18.0,14.7
14209,0.4676,0,NORMAL,25.9,5.1,20.9,16.5
14210,0.3778,0,NORMAL,24.7,4.7,18.5,14.9
14211,0.413,0,NORMAL,24.5,4.6,13.5,10.8
14212,0.2672,0,NORMAL,25.4,4.2,14.8,13.2
14213,0.5733,0,NORMAL,22.9,4.7,17.9,14.5
14214,0.8036,0,WARNING,19.0,4.5,15.5,12.8
14215,0.4443,0,NORMAL,20.9,5.3,18.7,16.2
14216,0.6438,0,WARNING,21.6,5.9,19.6,15.6
14217,0.562,0,NORMAL,22.0,5.6,18.9,14.8
14218,0.4125,0,NORMAL,21.4,5.0,17.1,15.4
14219,0.7042,0,WARNING,24.3,6.1,24.8,18.3
14220,0.4585,0,NORMAL,21.9,5.7,20.8,16.3
14221,0.8634,0,WARNING,20.0,7.6,17.7,12.2
14222,0.2577,0,NORMAL,21.2,4.2,15.1,12.4
14223,0.1916,0,NORMAL,21.8,3.7,12.9,10.7
14224,0.5279,0,NORMAL,22.7,3.5,12.6,11.3
14225,0.2876,0,NORMAL,22.8,4.3,16.5,13.2
14226,0.7655,0,WARNING,24.1,6.6,22.1,17.5
14227,0.3706,0,NORMAL,23.0,3.7,15.1,12.3
14228,0.2966,0,NORMAL,22.8,3.3,15.6,13.1
14229,0.2019,0,NORMAL,23.1,2.8,11.8,9.5
14230,0.1355,0,NORMAL,22.2,3.5,11.6,9.8
14231,0.2559,0,NORMAL,22.7,4.6,12.4,9.5
14232,0.1704,0,NORMAL,22.8,4.2,13.2,11.0
14233,0.5013,0,NORMAL,22.5,4.3,14.4,11.8
14234,0.1946,0,NORMAL,18.8,2.5,9.9,8.0
14235,0.249,0,NORMAL,19.4,4.6,12.5,11.0
14236,0.8137,0,WARNING,20.7,6.1,15.8,12.2
14237,0.3358,0,NORMAL,21.5,5.1,15.9,12.7
14238,0.2766,0,NORMAL,20.4,3.4,13.4,10.2
14239,0.4259,0,NORMAL,23.1,4.1,16.8,13.4
14240,0.5555,0,NORMAL,23.4,5.2,25.7,18.7
14241,0.4788,0,NORMAL,23.1,5.3,19.5,15.1
14242,0.2964,0,NORMAL,22.8,4.7,17.2,13.3
14243,0.4812,0,NORMAL,22.8,3.8,12.7,10.0
14244,0.2818,0,NORMAL,23.7,3.9,17.1,13.0
14245,0.3604,0,NORMAL,24.2,4.7,18.5,13.8
14246,0.4898,0,NORMAL,24.5,7.1,20.0,15.5
14247,0.441,0,NORMAL,21.4,4.7,19.5,13.1
14248,0.2438,0,NORMAL,19.5,3.7,15.6,12.1
14249,0.5024,0,NORMAL,22.3,4.4,21.1,16.1
14250,0.8079,0,WARNING,20.6,5.4,14.5,11.5
14251,0.7628,0,WARNING,22.6,6.9,19.4,15.6
14252,0.2555,0,NORMAL,22.9,4.0,14.2,11.5
14253,0.4047,0,NORMAL,24.2,5.1,19.2,14.8
14254,0.3659,0,NORMAL,24.1,4.1,18.8,14.5
14255,0.2514,0,NORMAL,22.7,4.3,14.6,11.3
14256,0.4454,0,NORMAL,24.2,5.8,20.4,15.7
14257,0.8716,0,WARNING,23.9,6.2,17.8,13.4
14258,0.4453,0,NORMAL,23.5,3.5,20.3,15.5
14259,0.3367,0,NORMAL,24.7,3.8,17.2,13.3
14260,0.7137,0,WARNING,21.9,6.6,20.7,17.2
14261,0.3078,0,NORMAL,20.4,5.1,18.5,13.4
14262,0.2347,0,NORMAL,21.3,4.1,15.5,11.5
14263,0.2435,0,NORMAL,21.0,4.0,14.3,11.8
14264,0.6582,0,WARNING,23.2,6.5,25.1,19.7
14265,0.4359,0,NORMAL,23.7,4.9,21.6,15.6
14266,0.4814,0,NORMAL,22.9,6.1,20.7,15.4
14267,0.3826,0,NORMAL,24.1,6.6,21.9,14.9
14268,0.5589,0,NORMAL,24.5,6.0,26.3,19.2
14269,0.5211,0,NORMAL,24.6,4.6,23.2,17.0
14270,0.7166,0,WARNING,26.7,6.8,30.2,23.4
14271,0.4852,0,NORMAL,24.9,4.3,19.5,13.3
14272,0.5766,0,NORMAL,24.4,6.2,24.0,19.2
14273,0.5613,0,NORMAL,20.6,4.7,17.3,13.5
14274,0.318,0,NORMAL,20.6,3.7,16.8,13.6
14275,0.4361,0,NORMAL,21.3,4.3,18.8,15.9
14276,0.4827,0,NORMAL,21.9,5.5,18.5,15.7
14277,0.4804,0,NORMAL,22.9,4.8,16.8,12.7
14278,0.712,0,WARNING,25.1,5.8,28.2,23.0
14279,0.4796,0,NORMAL,22.7,3.4,18.1,13.5
14280,0.3037,0,NORMAL,22.1,4.3,17.3,13.1
14281,0.9996,0,WARNING,21.1,8.6,18.7,15.6
14282,0.4047,0,NORMAL,22.8,4.2,20.1,15.1
14283,0.553,0,NORMAL,24.6,5.2,19.3,14.4
14284,0.289,0,NORMAL,22.2,3.0,15.2,12.2
14285,0.375,0,NORMAL,23.5,5.4,16.4,13.4
14286,0.5783,0,NORMAL,24.3,6.9,20.3,15.3
14287,0.5759,0,NORMAL,24.8,4.2,19.5,14.8
14288,0.3062,0,NORMAL,24.5,3.6,16.2,13.3
14289,0.2194,0,NORMAL,23.4,3.3,12.1,10.0
14290,0.7153,0,WARNING,24.4,4.3,11.7,10.0
14291,0.3705,0,NORMAL,23.7,4.4,14.9,13.3
14292,0.1865,0,NORMAL,22.2,4.0,14.3,11.5
14293,0.387,0,NORMAL,20.2,3.4,10.4,9.2
14294,0.1343,0,NORMAL,18.5,2.9,11.3,9.9
14295,0.1866,0,NORMAL,20.0,4.7,14.4,11.4
14296,0.9152,0,WARNING,20.1,6.4,14.5,10.8
14297,0.1867,0,NORMAL,19.9,3.2,9.9,9.5
14298,0.1931,0,NORMAL,20.5,2.5,10.1,10.8
14299,0.2717,0,NORMAL,20.9,3.3,11.8,10.6
14300,0.6871,0,WARNING,21.3,4.6,19.4,13.7
14301,0.872,0,WARNING,23.0,7.7,21.6,17.3
14302,0.3773,0,NORMAL,21.9,4.7,17.6,12.7
14303,0.3659,0,NORMAL,22.7,4.6,19.0,14.3
14304,0.5662,0,NORMAL,23.5,4.8,23.1,18.4
14305,0.3271,0,NORMAL,22.7,4.4,17.1,12.9
14306,0.4762,0,NORMAL,21.4,6.5,21.4,16.9
14307,0.4847,0,NORMAL,21.2,5.1,22.1,17.4
14308,0.5589,0,NORMAL,22.3,4.9,25.9,18.9
14309,0.9721,0,WARNING,21.7,6.4,19.7,13.6
14310,0.288,0,NORMAL,21.6,4.9,17.1,12.6
14311,0.2294,0,NORMAL,21.6,3.6,12.7,10.4
14312,0.2115,0,NORMAL,21.8,3.7,14.6,11.2
14313,0.492,0,NORMAL,21.8,4.2,12.5,9.8
14314,0.4165,0,NORMAL,23.9,5.2,20.0,15.6
14315,0.7687,0,WARNING,23.7,5.2,14.6,10.8
14316,0.3831,0,NORMAL,23.9,6.4,14.7,10.3
14317,0.4654,0,NORMAL,25.4,4.6,14.2,11.1
14318,0.2603,0,NORMAL,23.8,2.8,11.1,9.8
14319,0.288,0,NORMAL,24.6,3.0,13.4,10.8
14320,0.5929,0,NORMAL,21.1,4.2,10.0,8.3
14321,0.2197,0,NORMAL,20.1,4.2,14.0,11.8
14322,0.1466,0,NORMAL,19.3,3.2,10.8,9.1
14323,0.2725,0,NORMAL,21.4,3.6,10.1,8.1
14324,0.1343,0,NORMAL,20.5,3.0,11.4,9.1
14325,0.3376,0,NORMAL,22.8,4.6,14.5,12.4
14326,0.7746,0,WARNING,22.2,5.5,16.9,12.9
14327,0.2493,0,NORMAL,22.1,4.0,13.4,10.9
14328,0.1522,0,NORMAL,22.6,2.5,10.3,9.8
14329,0.1258,0,NORMAL,22.3,2.5,10.5,8.9
14330,0.1218,0,NORMAL,21.9,3.3,11.1,10.2
14331,0.1781,0,NORMAL,23.3,4.2,13.7,11.5
14332,0.5928,0,NORMAL,22.8,3.7,9.3,8.2
14333,0.5067,0,NORMAL,22.8,3.3,9.2,8.2
14334,0.3039,0,NORMAL,23.4,3.7,16.2,13.0
14335,0.2048,0,NORMAL,23.0,3.4,12.3,10.1
14336,0.5069,0,NORMAL,20.8,5.0,14.2,13.0
14337,0.9855,0,WARNING,19.0,6.6,13.9,10.5
14338,0.1889,0,NORMAL,18.7,2.6,8.4,7.0
14339,0.1421,0,NORMAL,19.5,2.9,10.5,9.2
14340,0.2746,0,NORMAL,18.1,3.7,12.9,8.9
14341,0.1951,0,NORMAL,18.1,4.1,14.7,10.9
14342,0.1951,0,NORMAL,18.9,3.8,12.5,9.3
14343,0.7277,0,WARNING,19.4,4.0,8.9,5.9
14344,0.1418,0,NORMAL,19.0,1.9,7.2,5.7
14345,0.1394,0,NORMAL,20.5,3.5,10.4,8.1
14346,0.9548,0,WARNING,20.2,6.2,13.3,9.9
14347,0.1806,0,NORMAL,21.0,3.7,11.9,10.4
14348,0.2232,0,NORMAL,20.5,1.7,7.6,6.5
14349,0.1306,0,NORMAL,21.1,2.0,6.6,5.7
14350,0.4193,0,NORMAL,20.7,3.4,8.4,7.7
14351,0.6777,0,WARNING,22.8,5.3,10.5,8.4
14352,0.2354,0,NORMAL,24.2,3.8,12.1,10.2
14353,0.5134,0,NORMAL,23.0,3.2,7.9,5.8
14354,0.2446,0,NORMAL,22.4,2.4,6.4,5.3
14355,0.735,0,WARNING,23.1,5.0,10.7,9.7
14356,0.2866,0,NORMAL,23.4,5.3,11.9,8.7
14357,0.328,0,NORMAL,23.8,4.4,11.5,8.8
14358,0.9165,0,WARNING,20.3,4.3,8.6,8.1
14359,0.1336,0,NORMAL,17.7,3.6,11.2,9.5
14360,0.1335,0,NORMAL,17.0,2.8,7.8,6.2
14361,0.5165,0,NORMAL,18.4,3.4,6.6,5.9
14362,0.1374,0,NORMAL,18.8,3.7,10.0,8.4
14363,0.2905,0,NORMAL,19.0,2.7,6.6,5.3
14364,0.4213,0,NORMAL,19.0,3.1,7.3,6.0
14365,0.1458,0,NORMAL,20.3,3.6,9.3,7.0
14366,0.4219,0,NORMAL,20.5,5.4,11.5,8.2
14367,0.6766,0,WARNING,20.9,4.0,7.2,5.6
14368,0.1652,0,NORMAL,20.1,1.9,6.8,5.5
14369,0.1445,0,NORMAL,20.4,2.2,6.2,5.1
14370,0.22,0,NORMAL,21.0,3.0,6.7,4.7
14371,0.615,0,WARNING,21.6,4.2,8.2,7.2
14372,0.136,0,NORMAL,21.1,3.6,10.2,8.0
14373,0.6802,0,WARNING,20.9,3.4,7.1,6.4
14374,0.8539,0,WARNING,21.9,4.3,10.5,8.5
14375,0.1263,0,NORMAL,21.4,2.4,7.9,6.5
14376,0.4197,0,NORMAL,23.4,4.0,9.5,7.7
14377,0.1942,0,NORMAL,23.0,3.2,8.7,6.6
14378,0.5221,0,NORMAL,22.5,3.1,6.9,5.2
14379,0.1265,0,NORMAL,20.1,2.1,5.5,5.0
14380,0.2079,0,NORMAL,19.3,3.4,10.6,9.0
14381,0.1574,0,NORMAL,20.0,4.3,11.5,8.7
14382,0.2278,0,NORMAL,19.6,3.3,9.7,6.8
14383,0.2916,0,NORMAL,19.6,3.1,7.7,6.2
14384,0.1836,0,NORMAL,20.7,2.4,9.2,7.6
14385,0.2955,0,NORMAL,21.3,4.0,11.5,8.9
14386,0.4156,0,NORMAL,21.9,5.2,12.8,11.1
14387,0.7783,0,WARNING,21.2,4.0,8.8,7.2
14388,0.1695,0,NORMAL,21.6,2.7,10.9,9.8
14389,0.7799,0,WARNING,22.3,4.0,15.3,11.3
14390,0.1785,0,NORMAL,21.7,3.2,9.6,7.3
14391,0.1393,0,NORMAL,22.4,3.4,8.5,7.1
14392,0.1497,0,NORMAL,22.2,3.2,10.8,9.0
14393,0.9828,0,WARNING,21.7,5.3,7.3,6.0
14394,0.159,0,NORMAL,22.1,2.4,8.1,7.5
14395,0.1718,0,NORMAL,23.1,3.8,9.5,8.2
14396,0.9542,0,WARNING,23.4,6.4,13.7,11.3
14397,0.2255,0,NORMAL,23.0,3.8,10.0,7.1
14398,0.0991,0,NORMAL,21.8,2.3,6.3,5.5
14399,0.9442,0,WARNING,18.8,4.9,9.6,7.8
14400,0.1349,0,NORMAL,13.9,3.1,8.4,7.1
14401,0.284,0,NORMAL,12.5,4.0,8.7,6.8
14402,0.9445,0,WARNING,13.7,5.9,11.2,8.2
14403,0.9443,0,WARNING,14.7,4.0,7.7,6.0
14404,0.1445,0,NORMAL,15.4,2.1,6.5,5.6
14405,0.6784,0,WARNING,15.8,4.1,8.6,7.1
14406,0.141,0,NORMAL,16.8,4.6,9.1,7.2
14407,0.1212,0,NORMAL,17.2,3.1,6.7,5.3
14408,0.1412,0,NORMAL,17.5,2.2,6.7,5.8
14409,0.1468,0,NORMAL,17.5,2.7,8.7,7.6
14410,0.1761,0,NORMAL,17.0,2.7,8.9,6.4
14411,0.2126,0,NORMAL,17.8,3.7,9.4,7.9
14412,0.5216,0,NORMAL,18.1,4.3,11.4,9.2
14413,0.287,0,NORMAL,17.9,2.6,6.4,5.5
14414,0.2553,0,NORMAL,17.7,2.1,8.1,6.7
14415,0.88,0,WARNING,18.2,5.3,10.2,9.4
14416,0.4149,0,NORMAL,18.9,5.0,13.2,10.3
14417,0.3149,0,NORMAL,19.4,4.2,11.2,9.0
14418,0.8173,0,WARNING,18.7,3.3,6.0,5.3
14419,0.1258,0,NORMAL,16.4,2.9,8.6,7.9
14420,0.88,0,WARNING,13.1,4.3,8.7,6.6
14421,0.2283,0,NORMAL,13.4,3.6,9.5,7.1
14422,0.144,0,NORMAL,14.0,2.3,7.7,4.7
14423,0.4145,0,NORMAL,15.6,3.8,10.9,9.3
14424,0.7802,0,WARNING,16.5,5.0,16.5,12.7
14425,0.251,0,NORMAL,16.0,3.0,9.2,7.3
14426,0.9621,0,WARNING,17.0,5.8,12.3,8.3
14427,0.2172,0,NORMAL,16.4,3.3,10.0,8.5
14428,0.1028,0,NORMAL,15.9,2.3,7.7,8.4
14429,0.6098,0,WARNING,16.2,3.0,9.9,7.4
14430,0.0985,0,NORMAL,16.9,2.8,10.5,8.7
14431,0.1178,0,NORMAL,16.2,3.1,9.1,7.6
14432,0.2757,0,NORMAL,15.9,3.2,8.1,7.3
14433,0.4097,0,NORMAL,17.7,4.3,13.8,11.8
14434,0.1934,0,NORMAL,16.4,1.9,10.2,7.2
14435,0.4225,0,NORMAL,18.3,3.7,17.4,15.6
14436,0.2997,0,NORMAL,17.0,3.9,11.2,8.0
14437,0.129,0,NORMAL,14.7,3.1,10.3,9.3
14438,0.12,0,NORMAL,12.8,2.4,8.8,7.2
14439,0.1398,0,NORMAL,13.1,1.9,7.7,6.5
14440,0.1196,0,NORMAL,13.2,2.9,8.5,9.2
14441,0.142,0,NORMAL,15.0,4.1,11.7,9.0
14442,0.2827,0,NORMAL,16.4,3.6,15.3,12.3
14443,0.5973,0,NORMAL,16.4,4.1,14.0,10.7
14444,0.1288,0,NORMAL,15.8,2.2,9.3,8.0
14445,0.9858,0,WARNING,20.2,7.5,16.3,11.6
14446,0.4122,0,NORMAL,19.0,4.8,13.4,10.0
14447,0.2662,0,NORMAL,17.4,3.1,9.5,7.1
14448,0.2041,0,NORMAL,17.7,3.2,14.8,11.0
14449,0.1617,0,NORMAL,17.7,3.1,12.6,9.3
14450,0.1352,0,NORMAL,18.4,3.7,12.6,10.2
14451,0.6673,0,WARNING,20.4,5.6,15.2,13.6
14452,0.3729,0,NORMAL,19.5,5.1,18.2,15.4
14453,0.5871,0,NORMAL,18.7,5.9,24.6,19.2
14454,0.5529,0,NORMAL,16.9,4.4,21.8,16.0
14455,0.6484,0,WARNING,17.2,5.7,17.9,13.6
14456,0.8177,0,WARNING,22.0,8.4,34.0,25.1
14457,0.7233,0,WARNING,20.5,6.3,32.7,23.8
14458,0.5191,0,NORMAL,19.7,3.6,17.4,12.4
14459,0.9719,0,WARNING,22.0,8.5,27.0,19.7
14460,0.5106,0,NORMAL,20.0,4.8,22.2,16.7
14461,0.882,0,WARNING,21.4,5.7,26.0,16.8
14462,0.7535,0,WARNING,22.2,6.1,20.3,15.1
14463,0.4663,0,NORMAL,21.7,4.5,16.6,13.3
14464,0.9816,0,WARNING,21.0,2.9,23.4,11.7
14465,0.249,0,NORMAL,21.9,4.0,14.4,11.9
14466,0.3708,0,NORMAL,21.7,3.8,11.3,10.3
14467,0.3726,0,NORMAL,22.1,4.3,17.4,14.3
14468,0.3827,0,NORMAL,22.0,3.2,11.7,9.1
14469,0.2277,0,NORMAL,21.8,2.7,13.1,12.2
14470,0.2197,0,NORMAL,22.0,3.6,13.9,11.5
14471,0.4128,0,NORMAL,23.3,5.7,19.8,15.5
14472,0.3257,0,NORMAL,21.6,3.2,12.1,9.4
14473,0.9302,0,WARNING,23.3,5.2,9.6,8.2
14474,0.537,0,NORMAL,21.4,4.4,23.8,17.8
14475,0.6377,0,WARNING,21.1,5.8,26.8,20.3
14476,0.5133,0,NORMAL,22.0,6.7,23.5,17.5
14477,0.8673,0,WARNING,26.1,9.9,39.0,27.3
14478,0.879,0,WARNING,28.3,10.3,45.2,32.8
14479,0.7297,0,WARNING,23.9,4.6,20.4,13.8
14480,0.6091,0,WARNING,23.1,4.5,14.5,10.4
14481,0.2976,0,NORMAL,23.4,4.6,15.9,12.2
14482,0.5646,0,NORMAL,25.4,5.5,23.2,15.5
14483,0.3569,0,NORMAL,24.1,4.2,15.3,12.3
14484,0.2311,0,NORMAL,23.3,3.2,14.6,10.7
14485,0.9517,0,WARNING,23.5,5.3,11.5,9.6
14486,0.3832,0,NORMAL,22.3,5.0,14.5,11.4
14487,0.1793,0,NORMAL,19.8,3.9,13.0,10.3
14488,0.1426,0,NORMAL,19.3,2.5,10.6,8.4
14489,0.1433,0,NORMAL,20.3,3.4,11.9,9.9
14490,0.1492,0,NORMAL,19.6,2.9,10.8,8.3
14491,0.9687,0,WARNING,21.0,6.3,15.0,12.9
14492,0.3881,0,NORMAL,21.3,4.8,18.3,14.5
14493,0.5018,0,NORMAL,22.5,4.9,15.3,12.3
14494,1.0,0,WARNING,22.7,6.3,12.7,10.1
14495,0.3931,0,NORMAL,23.5,4.1,12.9,9.6
14496,0.7239,0,WARNING,23.1,4.7,11.4,9.3
14497,0.2892,0,NORMAL,24.2,4.1,15.5,12.3
14498,0.2344,0,NORMAL,22.8,2.4,9.5,7.4
14499,0.2358,0,NORMAL,23.6,3.0,13.2,11.3
14500,0.9434,0,WARNING,22.7,5.3,12.1,9.6
14501,0.1668,0,NORMAL,23.4,4.2,12.5,9.8
14502,0.1613,0,NORMAL,19.7,3.1,10.5,8.9
14503,0.4046,0,NORMAL,19.1,3.6,10.8,8.4
14504,0.151,0,NORMAL,18.4,2.0,9.2,6.6
14505,0.3378,0,NORMAL,21.0,4.1,15.7,12.6
14506,0.9619,0,WARNING,21.3,7.0,17.8,12.7
14507,0.3116,0,NORMAL,20.6,3.6,11.8,10.2
14508,0.6074,0,WARNING,19.5,2.4,12.0,8.1
14509,0.3366,0,NORMAL,21.9,3.4,13.0,11.1
14510,0.1608,0,NORMAL,21.6,3.9,13.0,10.8
14511,0.1512,0,NORMAL,22.0,4.0,13.1,9.7
14512,0.6586,0,WARNING,23.3,5.7,18.6,16.6
14513,0.3605,0,NORMAL,23.6,4.3,16.7,14.1
14514,0.2567,0,NORMAL,22.6,3.2,14.1,11.4
14515,0.4843,0,NORMAL,24.4,4.3,15.4,13.7
14516,0.3605,0,NORMAL,24.0,5.2,15.6,12.1
14517,0.485,0,NORMAL,22.3,5.4,16.4,13.3
14518,0.5422,0,NORMAL,18.3,2.8,9.8,9.0
14519,0.2937,0,NORMAL,19.7,3.1,11.8,11.0
14520,0.5204,0,NORMAL,19.0,5.4,19.7,16.7
14521,0.3734,0,NORMAL,14.9,5.2,16.4,12.2
14522,0.8927,0,WARNING,15.6,5.4,14.8,13.2
14523,0.5789,0,NORMAL,15.3,3.9,15.7,11.7
14524,0.3117,0,NORMAL,15.9,3.4,15.3,12.9
14525,0.1758,0,NORMAL,15.5,3.2,11.6,9.8
14526,0.9419,0,WARNING,15.7,6.1,13.4,12.2
14527,0.2864,0,NORMAL,16.1,3.7,14.6,12.8
14528,0.1703,0,NORMAL,16.0,2.7,13.0,10.3
14529,0.4672,0,NORMAL,16.5,3.3,13.0,11.5
14530,0.1957,0,NORMAL,16.0,3.1,13.2,11.7
14531,0.1225,0,NORMAL,15.7,3.0,10.1,10.3
14532,0.8141,0,WARNING,16.8,4.5,15.4,12.3
14533,0.2579,0,NORMAL,15.1,2.7,10.1,9.0
14534,0.2075,0,NORMAL,14.2,2.3,10.4,8.7
14535,0.0985,0,NORMAL,14.5,3.2,12.4,9.6
14536,0.268,0,NORMAL,15.1,5.0,15.6,12.0
14537,0.275,0,NORMAL,16.6,3.9,14.7,12.6
14538,0.8454,0,WARNING,16.0,4.5,14.9,11.8
14539,0.4223,0,NORMAL,16.6,3.9,18.5,15.4
14540,0.2414,0,NORMAL,15.8,3.3,15.7,12.3
14541,0.5015,0,NORMAL,17.7,4.2,20.4,16.8
14542,0.303,0,NORMAL,16.6,3.1,14.2,12.1
14543,0.383,0,NORMAL,17.7,4.2,18.1,13.7
14544,0.3605,0,NORMAL,18.4,3.0,15.6,13.2
14545,0.2443,0,NORMAL,17.6,3.6,15.6,11.6
14546,0.386,0,NORMAL,18.0,5.1,16.8,13.5
14547,0.9418,0,WARNING,16.3,5.1,14.9,10.9
14548,0.2039,0,NORMAL,14.3,2.4,12.3,10.6
14549,0.1789,0,NORMAL,13.8,2.8,12.1,10.1
14550,0.117,0,NORMAL,14.6,3.2,11.9,9.3
14551,0.3135,0,NORMAL,16.2,4.0,13.2,10.9
14552,0.2256,0,NORMAL,15.6,3.1,12.8,11.3
14553,0.8753,0,WARNING,15.2,4.3,12.4,10.2
14554,0.2443,0,NORMAL,16.2,3.3,14.1,11.3
14555,0.135,0,NORMAL,16.4,3.8,13.0,10.3
14556,0.5628,0,NORMAL,17.1,5.1,21.1,18.2
14557,0.3383,0,NORMAL,15.9,2.9,12.5,9.3
14558,1.0,0,ANOMALY,16.8,8.4,12.6,10.0
14559,0.2283,0,NORMAL,17.2,3.1,14.9,11.1
14560,0.3607,0,NORMAL,18.2,3.2,16.6,13.6
14561,0.2352,0,NORMAL,17.0,2.9,12.0,10.0
14562,0.1316,0,NORMAL,15.0,2.2,10.5,8.7
14563,0.8482,0,WARNING,13.7,3.3,8.6,8.0
14564,0.9535,0,WARNING,14.1,5.1,12.0,10.5
14565,0.3378,0,NORMAL,15.9,2.9,11.4,9.4
14566,0.5089,0,NORMAL,16.8,5.4,19.0,13.6
14567,0.4258,0,NORMAL,17.4,4.3,19.8,15.4
14568,0.3792,0,NORMAL,15.3,2.1,11.5,9.6
14569,0.9678,0,WARNING,16.1,4.8,10.6,9.2
14570,0.2354,0,NORMAL,16.9,3.2,12.6,11.2
14571,0.2074,0,NORMAL,17.1,3.4,12.4,10.9
14572,0.29,0,NORMAL,16.7,3.3,14.8,12.7
14573,0.5012,0,NORMAL,16.1,3.2,10.7,9.8
14574,0.1431,0,NORMAL,15.9,2.2,9.9,8.7
14575,0.5944,0,NORMAL,18.3,5.0,12.1,10.0
14576,0.5031,0,NORMAL,17.1,4.6,10.4,8.6
14577,0.1424,0,NORMAL,17.6,3.3,10.8,9.4
14578,0.129,0,NORMAL,14.9,2.3,9.4,9.2
14579,0.1416,0,NORMAL,14.1,2.4,11.0,9.2
14580,0.4465,0,NORMAL,18.0,3.5,12.8,10.3
14581,0.2189,0,NORMAL,19.8,3.1,10.3,9.0
14582,0.4007,0,NORMAL,19.7,4.1,13.3,10.4
14583,0.5081,0,NORMAL,21.2,4.0,13.2,9.9
14584,0.2196,0,NORMAL,20.5,3.3,13.6,10.9
14585,0.9788,0,WARNING,22.2,6.8,19.2,16.3
14586,0.8119,0,WARNING,22.1,6.4,15.5,11.3
14587,0.2351,0,NORMAL,21.8,3.2,10.2,7.9
14588,0.174,0,NORMAL,20.8,2.2,9.9,8.3
14589,0.1573,0,NORMAL,20.7,1.9,7.0,6.2
14590,0.103,0,NORMAL,21.6,3.0,9.7,8.3
14591,0.6018,0,WARNING,21.6,4.0,11.8,9.7
14592,0.1308,0,NORMAL,21.1,3.1,11.8,10.9
14593,0.3919,0,NORMAL,23.2,4.5,17.9,14.5
14594,0.2727,0,NORMAL,21.2,1.7,10.0,6.5
14595,0.3731,0,NORMAL,21.4,4.0,17.3,14.2
14596,0.6649,0,WARNING,20.8,6.0,15.4,11.0
14597,0.8959,0,WARNING,20.3,6.3,17.4,12.9
14598,0.2472,0,NORMAL,19.8,3.5,13.0,11.0
14599,0.6591,0,WARNING,20.4,3.4,11.3,10.1
14600,0.1785,0,NORMAL,21.1,3.4,11.0,8.7
14601,0.9825,0,WARNING,20.6,5.6,11.5,9.7
14602,0.1948,0,NORMAL,20.9,3.3,13.3,10.3
14603,0.152,0,NORMAL,20.8,2.9,11.5,9.2
14604,0.1583,0,NORMAL,20.5,2.1,11.4,8.1
14605,0.2278,0,NORMAL,21.7,3.3,13.9,11.4
14606,0.5128,0,NORMAL,21.2,4.7,12.7,9.2
14607,0.7773,0,WARNING,21.4,4.1,11.7,9.6
14608,0.1525,0,NORMAL,21.2,2.0,11.3,9.9
14609,0.8982,0,WARNING,21.1,3.8,10.2,7.8
14610,0.2787,0,NORMAL,21.3,3.8,14.8,10.9
14611,0.5202,0,NORMAL,23.1,5.4,19.8,15.9
14612,1.0,0,ANOMALY,19.5,7.6,14.6,11.4
14613,0.5856,0,NORMAL,19.7,5.1,16.1,12.3
14614,0.7182,0,WARNING,19.6,4.1,14.3,12.5
14615,0.7757,0,WARNING,21.4,5.3,15.8,12.2
14616,0.8084,0,WARNING,21.9,6.9,17.9,12.2
14617,0.2357,0,NORMAL,22.2,3.9,14.0,9.9
14618,0.493,0,NORMAL,21.6,3.4,9.6,7.8
14619,0.1313,0,NORMAL,21.5,2.3,11.3,9.0
14620,0.4892,0,NORMAL,23.2,4.3,19.0,15.5
14621,0.3251,0,NORMAL,22.9,4.3,16.7,12.7
14622,0.5657,0,NORMAL,22.8,3.4,16.9,10.9
14623,0.2549,0,NORMAL,22.5,2.9,10.2,8.1
14624,0.1608,0,NORMAL,22.3,2.2,13.1,9.5
14625,0.8485,0,WARNING,22.9,5.4,15.0,12.4
14626,0.5044,0,NORMAL,22.6,4.4,12.0,9.0
14627,0.1917,0,NORMAL,21.3,3.6,15.0,11.6
14628,0.2357,0,NORMAL,19.1,4.5,16.2,11.0
14629,0.1865,0,NORMAL,19.4,2.4,12.2,11.2
14630,0.2514,0,NORMAL,20.6,3.6,15.7,12.7
14631,0.9425,0,WARNING,20.8,6.4,17.5,14.1
14632,0.2298,0,NORMAL,20.1,2.1,11.9,10.1
14633,0.2596,0,NORMAL,20.8,3.4,15.2,11.0
14634,0.896,0,WARNING,20.9,4.9,12.7,10.7
14635,0.405,0,NORMAL,22.8,3.6,14.5,10.4
14636,0.4975,0,NORMAL,22.8,5.5,18.4,15.0
14637,0.6642,0,WARNING,22.5,4.9,16.4,12.3
14638,0.3109,0,NORMAL,23.1,3.6,17.0,13.1
14639,0.4078,0,NORMAL,22.9,3.2,19.5,15.5
14640,0.3736,0,NORMAL,20.8,3.4,14.5,11.3
14641,0.3322,0,NORMAL,19.8,4.0,16.8,14.2
14642,0.1948,0,NORMAL,19.5,2.3,12.0,10.4
14643,0.1273,0,NORMAL,19.7,2.5,9.0,6.6
14644,0.2278,0,NORMAL,20.5,2.8,15.1,10.8
14645,0.4364,0,NORMAL,22.1,4.5,18.9,15.7
14646,0.3941,0,NORMAL,21.7,4.8,15.7,12.3
14647,0.2435,0,NORMAL,22.2,3.5,15.5,12.1
14648,0.2476,0,NORMAL,21.2,2.0,14.0,9.3
14649,0.2669,0,NORMAL,21.6,3.2,13.8,11.8
14650,0.1642,0,NORMAL,22.0,2.6,10.2,8.3
14651,0.0932,0,NORMAL,22.0,2.6,10.5,8.7
14652,0.1637,0,NORMAL,21.3,2.3,7.4,7.2
14653,0.932,0,WARNING,21.6,3.9,9.1,8.6
14654,0.1595,0,NORMAL,21.5,2.3,10.5,8.2
14655,0.0916,0,NORMAL,21.3,3.3,9.6,8.1
14656,0.4134,0,NORMAL,19.3,4.3,10.2,9.5
14657,0.1342,0,NORMAL,18.4,3.3,11.3,9.3
14658,0.1836,0,NORMAL,18.5,2.7,10.0,8.5
14659,0.2115,0,NORMAL,19.5,3.2,12.4,10.8
14660,0.1453,0,NORMAL,18.6,2.1,7.7,6.6
14661,0.0759,0,NORMAL,19.1,2.7,7.5,5.5
14662,0.2881,0,NORMAL,20.0,3.1,7.7,5.9
14663,0.6079,0,WARNING,21.0,4.4,14.7,10.6
14664,0.2356,0,NORMAL,21.2,3.3,14.9,10.5
14665,0.5991,0,NORMAL,21.2,4.2,13.0,10.2
14666,0.5661,0,NORMAL,21.6,4.5,17.1,10.6
14667,0.9881,0,WARNING,24.3,7.4,21.9,16.6
14668,0.414,0,NORMAL,22.7,2.8,16.8,12.3
14669,0.2503,0,NORMAL,22.0,3.2,13.5,11.2
14670,1.0,0,ANOMALY,22.7,7.4,15.6,13.1
14671,0.3605,0,NORMAL,23.7,4.1,17.2,13.6
14672,0.4916,0,NORMAL,21.1,5.0,16.7,13.1
14673,0.5834,0,NORMAL,19.0,4.2,13.6,11.0
14674,0.2965,0,NORMAL,19.3,3.3,15.0,12.6
14675,0.4499,0,NORMAL,20.5,5.4,20.7,16.2
14676,0.2671,0,NORMAL,20.7,4.8,16.2,12.1
14677,0.3037,0,NORMAL,21.4,3.7,16.4,13.1
14678,0.3526,0,NORMAL,21.4,3.3,16.2,12.7
14679,0.4049,0,NORMAL,22.9,2.9,15.3,11.7
14680,0.1865,0,NORMAL,21.6,3.3,13.9,10.6
14681,0.3949,0,NORMAL,21.1,4.5,10.7,7.6
14682,0.1733,0,NORMAL,20.7,2.4,9.1,6.6
14683,0.2826,0,NORMAL,20.8,2.5,6.6,5.8
14684,0.1248,0,NORMAL,21.0,2.2,10.5,7.7
14685,0.1328,0,NORMAL,21.2,2.9,10.4,8.5
14686,0.4162,0,NORMAL,21.2,4.4,10.3,7.5
14687,0.3594,0,NORMAL,23.3,4.2,17.3,14.3
14688,0.8168,0,WARNING,22.5,4.4,16.3,12.7
14689,0.891,0,WARNING,20.4,2.8,17.2,9.7
14690,0.8961,0,WARNING,19.7,6.9,17.1,12.0
14691,0.3179,0,NORMAL,20.6,5.3,17.8,13.7
14692,0.2742,0,NORMAL,20.2,3.8,16.6,11.8
14693,0.7176,0,WARNING,20.6,3.9,11.5,9.9
14694,0.1431,0,NORMAL,20.5,2.5,11.9,10.1
14695,0.2641,0,NORMAL,21.0,3.3,14.8,9.8
14696,0.1716,0,NORMAL,21.2,3.9,11.7,10.3
14697,0.2263,0,NORMAL,21.4,3.3,14.4,10.7
14698,0.6619,0,WARNING,21.3,4.0,14.6,12.2
14699,0.1779,0,NORMAL,20.8,2.6,11.8,9.8
14700,0.1781,0,NORMAL,16.6,3.6,13.0,10.2
14701,0.7748,0,WARNING,14.0,6.1,14.9,11.2
14702,0.3116,0,NORMAL,15.0,4.0,16.6,12.4
14703,0.5024,0,NORMAL,16.5,4.4,16.3,11.7
14704,0.5897,0,NORMAL,15.7,4.4,15.3,11.3
14705,0.4222,0,NORMAL,16.6,4.8,19.1,15.7
14706,0.9419,0,WARNING,16.0,6.8,14.6,10.9
14707,0.1923,0,NORMAL,16.5,3.6,13.5,11.5
14708,0.1409,0,NORMAL,16.2,2.7,11.8,8.4
14709,0.1789,0,NORMAL,16.9,2.8,14.5,9.9
14710,0.7246,0,WARNING,17.0,5.5,18.3,14.8
14711,0.4362,0,NORMAL,18.0,4.4,19.4,15.9
14712,0.285,0,NORMAL,16.7,3.4,12.7,10.3
14713,0.5899,0,NORMAL,16.6,2.8,9.1,7.3
14714,0.1844,0,NORMAL,16.6,2.6,10.9,8.9
14715,0.9997,0,WARNING,15.7,6.1,10.0,9.2
14716,0.4066,0,NORMAL,13.6,3.7,9.7,8.7
14717,0.2785,0,NORMAL,14.7,3.8,12.9,10.4
14718,0.2045,0,NORMAL,14.3,2.2,8.8,7.9
14719,0.9441,0,WARNING,15.1,4.9,10.4,9.3
14720,0.2737,0,NORMAL,14.7,3.2,9.7,8.7
14721,0.1441,0,NORMAL,15.9,4.1,11.8,9.6
14722,0.8765,0,WARNING,16.0,5.1,13.4,9.9
14723,0.4063,0,NORMAL,16.0,3.3,9.4,7.7
14724,0.1808,0,NORMAL,15.5,1.5,7.9,6.9
14725,0.1305,0,NORMAL,16.5,3.0,11.4,8.9
14726,0.4171,0,NORMAL,16.6,3.8,11.0,8.8
14727,1.0,0,WARNING,17.8,8.0,16.5,13.2
14728,0.2196,0,NORMAL,17.3,2.1,12.0,9.1
14729,0.1395,0,NORMAL,16.9,2.3,11.5,8.5
14730,0.7285,0,WARNING,18.1,4.7,14.7,13.3
14731,0.275,0,NORMAL,18.4,3.3,15.1,12.6
14732,0.6675,0,WARNING,17.9,5.3,18.3,15.0
14733,0.5031,0,NORMAL,15.7,3.7,14.2,12.1
14734,0.2071,0,NORMAL,13.5,2.7,12.6,9.8
14735,0.5064,0,NORMAL,14.9,4.1,14.1,11.5
14736,0.5932,0,NORMAL,14.7,4.2,10.7,7.1
14737,0.1423,0,NORMAL,14.9,2.6,8.6,7.4
14738,0.1581,0,NORMAL,14.6,2.4,9.2,8.0
14739,0.6036,0,WARNING,14.8,3.0,9.0,7.9
14740,0.1474,0,NORMAL,14.4,1.9,7.6,7.6
14741,0.1345,0,NORMAL,15.1,3.0,9.8,8.3
14742,0.1442,0,NORMAL,16.1,2.9,11.3,9.3
14743,0.2926,0,NORMAL,15.6,2.6,7.4,5.7
14744,0.1674,0,NORMAL,15.4,1.8,9.3,8.0
14745,0.2886,0,NORMAL,18.1,2.2,11.1,9.2
14746,0.4166,0,NORMAL,17.4,5.4,13.2,9.7
14747,0.8505,0,WARNING,17.0,5.4,9.8,7.7
14748,0.1726,0,NORMAL,16.8,1.6,7.6,7.0
14749,0.1487,0,NORMAL,17.9,1.9,8.2,7.5
14750,0.0892,0,NORMAL,17.5,2.9,10.6,8.7
14751,0.6333,0,WARNING,15.8,3.3,8.6,7.6
14752,0.4514,0,NORMAL,15.5,3.1,8.8,8.5
14753,0.2786,0,NORMAL,12.9,2.1,5.6,5.0
14754,0.9001,0,WARNING,13.5,4.3,8.3,8.0
14755,0.0917,0,NORMAL,15.1,3.3,10.7,8.5
14756,0.2847,0,NORMAL,15.8,4.6,10.7,8.2
14757,0.8775,0,WARNING,15.3,4.3,8.1,6.8
14758,0.1868,0,NORMAL,15.2,1.4,7.9,7.8
14759,0.1741,0,NORMAL,15.6,1.8,7.1,6.8
14760,0.2934,0,NORMAL,13.7,3.6,11.0,8.2
14761,0.9965,0,WARNING,14.3,5.8,12.2,8.8
14762,0.2861,0,NORMAL,13.4,2.3,9.5,8.0
14763,0.6033,0,WARNING,13.8,2.5,6.5,5.5
14764,0.1703,0,NORMAL,13.7,2.0,7.3,6.3
14765,0.1531,0,NORMAL,14.3,2.6,10.7,11.6
14766,0.8215,0,WARNING,14.8,4.3,10.7,9.2
14767,0.1361,0,NORMAL,14.6,2.8,8.4,7.1
14768,0.2026,0,NORMAL,13.9,1.5,4.8,4.7
14769,0.2628,0,NORMAL,16.7,2.9,11.5,9.9
14770,0.8534,0,WARNING,14.8,3.9,8.6,7.2
14771,0.0844,0,NORMAL,15.2,2.8,6.4,5.9
14772,0.0766,0,NORMAL,15.2,2.7,7.6,7.4
14773,0.8216,0,WARNING,15.7,3.6,7.5,7.0
14774,0.221,0,NORMAL,15.0,1.5,5.0,4.0
14775,0.6145,0,WARNING,15.2,2.8,5.0,5.6
14776,0.9339,0,WARNING,16.0,5.5,10.2,9.2
14777,0.417,0,NORMAL,16.0,3.5,7.7,6.6
14778,0.1564,0,NORMAL,15.6,2.1,5.6,5.6
14779,0.1453,0,NORMAL,15.8,2.4,7.5,7.0
14780,0.6098,0,WARNING,14.7,3.3,8.4,7.5
14781,0.1874,0,NORMAL,14.2,4.2,14.2,9.8
14782,0.2162,0,NORMAL,15.0,3.6,14.8,9.6
14783,0.7803,0,WARNING,14.7,4.2,8.6,6.5
14784,0.1789,0,NORMAL,14.6,1.9,8.1,7.2
14785,0.1413,0,NORMAL,15.3,2.5,8.9,7.2
14786,0.8225,0,WARNING,16.0,4.9,10.7,7.9
14787,0.2077,0,NORMAL,17.6,3.3,12.6,10.2
14788,0.1958,0,NORMAL,17.0,2.9,12.7,10.4
14789,0.851,0,WARNING,17.3,4.1,12.0,9.8
14790,0.1224,0,NORMAL,16.8,2.9,9.2,7.4
14791,0.0957,0,NORMAL,17.6,3.2,7.9,5.6
14792,0.6763,0,WARNING,17.1,4.3,9.7,9.2
14793,0.2884,0,NORMAL,16.7,2.6,7.5,5.8
14794,0.2037,0,NORMAL,16.2,1.3,5.0,4.2
14795,0.881,0,WARNING,17.0,4.0,9.9,9.2
14796,0.6105,0,WARNING,16.9,3.7,10.0,8.4
14797,0.141,0,NORMAL,16.9,2.3,9.3,7.9
14798,0.5224,0,NORMAL,16.9,2.6,8.6,7.8
14799,0.1947,0,NORMAL,17.3,1.6,5.4,4.4
14800,0.1563,0,NORMAL,15.4,2.3,5.8,4.7
14801,0.5292,0,NORMAL,14.9,3.8,8.0,7.2
14802,0.1794,0,NORMAL,13.1,2.2,6.8,6.8
14803,0.4266,0,NORMAL,13.7,2.5,5.8,5.2
14804,0.3418,0,NORMAL,14.5,2.6,12.6,12.9
14805,0.8799,0,WARNING,15.3,5.0,13.1,10.6
14806,0.8601,0,WARNING,16.4,3.5,16.5,9.7
14807,0.9306,0,WARNING,16.2,6.6,12.9,11.1
14808,0.3376,0,NORMAL,15.5,2.5,9.2,8.6
14809,0.4674,0,NORMAL,16.8,2.6,9.2,8.7
14810,0.3385,0,NORMAL,15.7,2.7,8.4,9.0
14811,0.153,0,NORMAL,16.4,3.2,11.4,10.9
14812,0.1435,0,NORMAL,15.6,2.3,9.6,9.3
14813,0.9686,0,WARNING,15.8,4.7,8.5,7.9
14814,0.846,0,WARNING,17.5,4.0,14.3,13.6
14815,0.3883,0,NORMAL,18.6,4.6,17.6,14.5
14816,0.382,0,NORMAL,17.9,4.4,13.1,10.0
14817,0.2552,0,NORMAL,16.2,3.6,13.6,12.7
14818,0.1957,0,NORMAL,13.4,2.7,12.3,11.0
14819,0.1958,0,NORMAL,13.9,2.8,12.4,11.2
14820,0.3584,0,NORMAL,15.5,3.1,11.3,10.1
14821,0.3777,0,NORMAL,18.5,3.3,10.8,8.9
14822,0.2117,0,NORMAL,19.7,4.1,14.9,11.2
14823,0.4934,0,NORMAL,20.9,4.1,17.0,15.1
14824,0.2937,0,NORMAL,20.0,2.9,12.9,10.9
14825,0.1768,0,NORMAL,20.0,3.1,10.6,9.1
14826,0.2686,0,NORMAL,20.5,4.4,13.7,9.9
14827,0.9741,0,WARNING,21.9,6.4,14.5,11.5
14828,0.2113,0,NORMAL,21.6,2.5,13.7,10.7
14829,0.1865,0,NORMAL,22.1,2.7,12.5,10.2
14830,0.1773,0,NORMAL,21.4,2.1,9.7,7.3
14831,0.2622,0,NORMAL,23.6,4.1,14.2,11.8
14832,0.2443,0,NORMAL,22.4,3.0,11.2,9.2
14833,0.601,0,WARNING,22.5,2.7,9.1,8.3
14834,0.7799,0,WARNING,22.3,4.2,11.3,9.0
14835,0.1494,0,NORMAL,23.0,3.2,11.0,8.4
14836,0.2776,0,NORMAL,23.1,5.3,12.6,10.1
14837,0.3131,0,NORMAL,22.6,4.0,14.7,13.3
14838,0.3153,0,NORMAL,18.9,2.7,8.9,7.8
14839,0.3366,0,NORMAL,18.9,2.3,6.4,6.0
14840,0.5359,0,NORMAL,19.2,3.3,8.2,6.7
14841,0.2079,0,NORMAL,21.1,3.3,9.4,7.3
14842,0.191,0,NORMAL,19.5,2.3,6.8,5.1
14843,0.5251,0,NORMAL,21.2,3.1,9.8,7.7
14844,0.1609,0,NORMAL,20.5,2.0,10.6,7.6
14845,0.5213,0,NORMAL,21.3,3.5,11.2,9.5
14846,0.6321,0,WARNING,21.0,5.3,10.6,8.0
14847,0.1429,0,NORMAL,22.0,3.2,10.1,8.3
14848,0.6721,0,WARNING,21.8,3.2,9.7,8.0
14849,0.1717,0,NORMAL,21.5,1.5,7.2,5.3
14850,0.1397,0,NORMAL,21.6,3.0,9.0,7.3
14851,0.7366,0,WARNING,23.3,5.0,11.9,9.6
14852,0.9993,0,WARNING,22.8,8.4,12.9,10.5
14853,0.2681,0,NORMAL,22.5,3.0,10.9,9.6
14854,0.1588,0,NORMAL,21.9,2.0,12.1,8.7
14855,0.1762,0,NORMAL,23.2,3.3,11.6,9.0
14856,0.8757,0,WARNING,22.6,5.7,10.2,7.4
14857,0.1149,0,NORMAL,19.1,2.4,7.1,6.8
14858,0.1467,0,NORMAL,17.3,2.8,7.3,5.9
14859,0.2893,0,NORMAL,18.4,2.6,11.4,8.2
14860,0.4141,0,NORMAL,17.7,2.7,8.2,7.2
14861,0.1466,0,NORMAL,19.0,2.8,9.7,8.7
14862,0.1625,0,NORMAL,19.1,1.8,6.9,5.2
14863,0.8548,0,WARNING,19.6,3.9,6.9,6.1
14864,0.1485,0,NORMAL,20.1,2.1,9.3,7.3
14865,0.1069,0,NORMAL,19.4,2.3,8.1,6.9
14866,0.1437,0,NORMAL,19.7,3.5,9.7,6.4
14867,0.7349,0,WARNING,20.7,4.0,9.6,8.2
14868,0.1792,0,NORMAL,20.2,1.9,8.5,7.2
14869,0.1303,0,NORMAL,21.5,2.1,7.5,6.5
14870,0.8799,0,WARNING,21.5,5.0,12.5,10.4
14871,0.1893,0,NORMAL,22.3,3.3,11.5,8.7
14872,0.2237,0,NORMAL,21.3,3.2,9.7,8.3
14873,0.8514,0,WARNING,21.4,3.8,9.2,8.0
14874,0.1869,0,NORMAL,21.0,1.5,6.4,6.2
14875,0.2885,0,NORMAL,23.4,3.1,11.5,8.4
14876,0.7792,0,WARNING,23.0,5.0,12.2,9.1
14877,0.4423,0,NORMAL,21.4,4.0,16.8,12.0
14878,0.2983,0,NORMAL,19.3,2.7,12.0,8.6
14879,0.3935,0,NORMAL,18.9,2.7,10.1,8.2
14880,0.0944,0,NORMAL,14.9,3.1,8.3,7.1
14881,0.2779,0,NORMAL,13.8,4.1,13.9,11.5
14882,0.8492,0,WARNING,15.2,5.1,17.4,13.6
14883,0.5923,0,NORMAL,15.1,3.1,10.4,8.6
14884,0.9389,0,WARNING,15.4,2.0,16.0,7.7
14885,0.2041,0,NORMAL,15.7,2.9,9.0,7.3
14886,0.2716,0,NORMAL,15.0,4.0,8.3,7.4
14887,0.2206,0,NORMAL,15.7,2.4,9.0,8.5
14888,0.7311,0,WARNING,15.5,3.6,10.0,8.4
14889,0.144,0,NORMAL,15.6,2.0,8.0,6.9
14890,0.1426,0,NORMAL,15.9,2.3,7.1,6.1
14891,0.1025,0,NORMAL,15.8,2.9,6.9,6.5
14892,0.5258,0,NORMAL,15.9,3.6,7.8,7.3
14893,0.2963,0,NORMAL,16.4,2.6,7.4,6.2
14894,0.1932,0,NORMAL,15.9,1.7,7.0,6.6
14895,0.881,0,WARNING,16.2,4.1,6.5,6.2
14896,0.147,0,NORMAL,16.2,3.1,6.6,6.5
14897,0.1299,0,NORMAL,17.3,2.2,8.4,7.7
14898,0.7831,0,WARNING,16.4,3.6,5.9,6.4
14899,0.1608,0,NORMAL,13.9,2.0,5.2,6.1
14900,0.8853,0,WARNING,12.0,4.2,7.4,6.4
14901,0.0962,0,NORMAL,13.7,3.7,10.7,8.8
14902,0.6065,0,WARNING,14.4,4.1,10.6,8.8
14903,0.675,0,WARNING,13.8,2.7,7.6,5.5
14904,0.1832,0,NORMAL,13.9,1.7,6.7,6.0
14905,0.2968,0,NORMAL,14.0,2.6,6.4,5.8
14906,0.2995,0,NORMAL,14.4,3.9,9.4,8.1
14907,0.2358,0,NORMAL,16.5,2.4,10.1,9.0
14908,0.4228,0,NORMAL,14.9,2.2,7.1,5.7
14909,0.2286,0,NORMAL,15.8,2.5,11.9,10.5
14910,0.1243,0,NORMAL,15.5,2.6,9.0,6.9
14911,0.7844,0,WARNING,15.8,4.9,8.1,6.7
14912,0.1704,0,NORMAL,16.0,3.5,11.7,10.3
14913,0.4184,0,NORMAL,16.6,3.0,10.4,8.0
14914,0.2932,0,NORMAL,14.9,1.8,4.7,3.6
14915,0.5296,0,NORMAL,15.8,3.6,7.9,6.3
14916,0.5278,0,NORMAL,15.8,3.6,9.6,8.4
14917,0.0737,0,NORMAL,17.1,3.1,9.3,7.8
14918,0.6087,0,WARNING,16.5,3.3,9.0,7.7
14919,0.1747,0,NORMAL,14.9,2.1,6.7,5.9
14920,0.1181,0,NORMAL,12.8,2.4,6.0,4.5
14921,0.1377,0,NORMAL,13.5,3.5,9.8,7.7
14922,1.0,0,ANOMALY,13.6,7.8,8.6,6.6
14923,0.7355,0,WARNING,14.0,2.5,4.8,3.8
14924,0.18,0,NORMAL,14.4,1.6,6.6,6.4
14925,0.7389,0,WARNING,14.3,4.0,7.6,6.7
14926,0.2976,0,NORMAL,15.5,4.0,10.0,8.5
14927,0.1072,0,NORMAL,15.8,2.7,9.5,8.3
14928,0.2927,0,NORMAL,15.1,2.3,8.2,6.5
14929,0.1393,0,NORMAL,15.3,2.5,8.1,6.8
14930,0.1113,0,NORMAL,16.5,3.2,9.3,7.0
14931,0.1386,0,NORMAL,16.9,3.6,9.8,8.5
14932,0.9923,0,WARNING,16.5,4.8,10.0,9.3
14933,0.4127,0,NORMAL,17.0,3.3,10.3,9.1
14934,0.1617,0,NORMAL,17.3,2.9,11.7,10.3
14935,0.1874,0,NORMAL,18.0,4.1,14.0,11.2
14936,0.5961,0,NORMAL,17.5,3.8,8.9,7.8
14937,0.7282,0,WARNING,19.0,4.7,11.1,8.4
14938,0.2725,0,NORMAL,19.0,3.2,11.5,8.9
14939,0.51,0,NORMAL,15.2,2.8,9.2,8.7
14940,1.0,0,ANOMALY,13.4,11.1,7.6,5.5
14941,0.2055,0,NORMAL,13.2,3.0,8.3,7.4
14942,0.1004,0,NORMAL,13.2,2.1,7.1,7.1
14943,0.82,0,WARNING,13.5,3.5,5.2,5.5
14944,0.179,0,NORMAL,14.4,1.8,7.5,6.8
14945,0.1319,0,NORMAL,14.7,2.5,9.4,7.9
14946,0.975,0,WARNING,15.5,5.9,9.2,7.6
14947,0.1352,0,NORMAL,15.6,3.5,9.4,7.1
14948,0.1502,0,NORMAL,15.6,1.9,8.9,8.1
14949,0.2955,0,NORMAL,16.5,3.1,9.3,6.5
14950,0.4208,0,NORMAL,16.3,3.5,11.2,7.7
14951,0.3978,0,NORMAL,15.9,3.1,7.5,6.4
14952,0.1194,0,NORMAL,16.0,2.5,8.0,7.0
14953,0.5243,0,NORMAL,16.1,2.9,7.4,6.9
14954,0.1835,0,NORMAL,16.0,1.6,8.4,7.0
14955,0.1498,0,NORMAL,16.7,3.5,9.6,7.8
14956,0.298,0,NORMAL,17.0,4.6,11.1,9.6
14957,0.5206,0,NORMAL,17.1,4.5,11.0,8.9
14958,0.1836,0,NORMAL,16.3,2.2,7.4,6.9
14959,0.1933,0,NORMAL,16.4,1.7,4.0,4.1
14960,0.4561,0,NORMAL,14.2,3.2,7.3,7.5
14961,0.221,0,NORMAL,13.0,2.9,6.8,3.9
14962,0.2664,0,NORMAL,13.1,2.3,6.4,5.4
14963,0.3074,0,NORMAL,13.7,2.3,6.1,5.2
14964,0.2052,0,NORMAL,13.5,1.5,5.4,4.7
14965,0.6186,0,WARNING,14.3,3.3,6.6,5.9
14966,0.4327,0,NORMAL,15.4,5.2,12.4,9.9
14967,0.2241,0,NORMAL,15.3,2.6,8.8,7.7
14968,0.7346,0,WARNING,15.3,2.6,5.1,4.5
14969,0.9971,0,WARNING,15.1,5.5,5.5,4.9
14970,0.1952,0,NORMAL,14.9,1.1,5.5,6.0
14971,0.1469,0,NORMAL,15.4,1.9,8.5,8.3
14972,0.1526,0,NORMAL,14.7,1.6,5.8,5.6
14973,0.2977,0,NORMAL,15.3,2.3,4.1,4.1
14974,0.5291,0,NORMAL,15.3,2.6,7.1,6.6
14975,0.1294,0,NORMAL,15.9,2.6,9.0,7.1
14976,0.1618,0,NORMAL,17.4,4.8,13.1,11.1
14977,0.2494,0,NORMAL,16.0,1.9,6.3,5.5
14978,0.5227,0,NORMAL,16.1,2.2,5.6,4.6
14979,0.1889,0,NORMAL,16.6,1.5,6.0,5.6
14980,0.2198,0,NORMAL,15.8,2.2,5.1,4.4
14981,0.9755,0,WARNING,16.0,5.5,9.3,6.2
14982,0.1527,0,NORMAL,13.4,2.6,7.9,6.4
14983,0.1779,0,NORMAL,12.5,2.3,6.2,5.2
14984,0.2211,0,NORMAL,12.3,1.1,5.5,3.7
14985,0.1917,0,NORMAL,13.7,2.7,7.1,6.4
14986,0.6152,0,WARNING,12.7,2.8,4.1,4.7
14987,0.1855,0,NORMAL,13.1,1.3,3.8,4.2
14988,0.1981,0,NORMAL,13.2,1.6,6.8,6.5
14989,0.3102,0,NORMAL,13.3,1.8,4.9,4.0
14990,0.6194,0,WARNING,13.5,2.9,7.8,7.7
14991,0.1614,0,NORMAL,13.9,2.8,7.0,5.4
14992,0.2212,0,NORMAL,13.7,1.4,3.7,3.5
14993,0.3113,0,NORMAL,14.1,2.3,5.7,6.2
14994,0.1657,0,NORMAL,14.4,1.9,8.7,7.9
14995,0.9863,0,WARNING,15.3,5.8,9.0,7.4
14996,0.5239,0,NORMAL,15.2,4.1,10.6,9.6
14997,0.141,0,NORMAL,15.3,2.1,6.6,5.8
14998,0.207,0,NORMAL,14.9,1.1,3.9,4.3
14999,0.1667,0,NORMAL,15.1,1.4,4.4,4.2
15000,0.1705,0,NORMAL,15.8,1.8,3.5,3.5
15001,0.9036,0,WARNING,16.5,4.5,5.5,5.5
15002,0.1804,0,NORMAL,17.4,1.7,5.3,4.5
15003,0.3106,0,NORMAL,17.5,2.0,4.4,4.0
15004,0.2033,0,NORMAL,17.1,1.3,3.8,4.3
15005,0.9865,0,WARNING,17.7,4.9,4.6,4.3
15006,0.434,0,NORMAL,18.8,4.2,9.8,8.1
15007,0.1098,0,NORMAL,19.7,2.7,9.9,8.3
15008,0.9632,0,WARNING,18.9,3.9,4.3,3.7
15009,0.2054,0,NORMAL,19.0,1.1,3.6,3.6
15010,0.1794,0,NORMAL,19.0,2.3,4.6,4.7
15011,0.1691,0,NORMAL,19.5,2.0,4.0,3.5
15012,0.7886,0,WARNING,19.2,3.4,3.1,3.2
15013,0.3133,0,NORMAL,19.5,1.6,2.6,3.1
15014,0.2285,0,NORMAL,18.8,0.7,2.2,2.7
15015,0.2112,0,NORMAL,20.0,2.7,7.7,6.7
15016,0.6184,0,WARNING,20.1,5.4,8.3,7.7
15017,0.1762,0,NORMAL,20.4,3.4,7.1,6.0
15018,0.2497,0,NORMAL,19.9,1.9,4.1,3.9
15019,0.1846,0,NORMAL,20.4,1.8,3.7,4.6
15020,0.9457,0,WARNING,21.2,5.7,9.7,7.8
15021,0.7761,0,WARNING,22.1,4.2,8.7,7.6
15022,0.1982,0,NORMAL,20.5,1.9,5.2,4.3
15023,0.963,0,WARNING,17.9,4.7,3.6,4.0
15024,0.21,0,NORMAL,15.8,1.1,4.2,4.5
15025,0.1735,0,NORMAL,17.2,2.6,8.2,7.1
15026,0.1556,0,NORMAL,17.6,3.5,7.5,6.0
15027,0.8556,0,WARNING,17.8,4.1,5.6,5.3
15028,0.2114,0,NORMAL,17.8,1.1,3.7,3.8
15029,0.1899,0,NORMAL,18.4,1.3,3.9,3.6
15030,0.186,0,NORMAL,18.4,2.1,6.4,6.0
15031,0.7885,0,WARNING,18.8,4.2,7.2,5.7
15032,0.1615,0,NORMAL,19.3,2.7,9.2,7.7
15033,0.307,0,NORMAL,19.1,1.7,3.2,2.9
15034,0.7424,0,WARNING,19.0,2.4,3.8,4.3
15035,0.1626,0,NORMAL,19.9,2.3,5.0,4.2
15036,0.536,0,NORMAL,20.8,3.2,5.1,4.4
15037,0.394,0,NORMAL,20.1,3.4,5.5,5.2
15038,0.3041,0,NORMAL,19.4,1.8,3.4,4.7
15039,0.1968,0,NORMAL,19.1,1.2,3.6,4.1
15040,0.1869,0,NORMAL,19.1,1.8,3.2,3.6
15041,0.195,0,NORMAL,19.8,2.4,4.2,4.2
15042,0.5377,0,NORMAL,19.4,1.8,3.1,3.1
15043,0.4391,0,NORMAL,20.0,2.0,3.6,3.8
15044,0.2131,0,NORMAL,19.6,1.0,3.0,3.2
15045,0.8337,0,WARNING,19.7,3.5,6.0,6.2
15046,0.9636,0,WARNING,17.1,4.3,4.5,6.0
15047,0.3371,0,NORMAL,16.1,3.1,8.4,9.2
15048,0.2121,0,NORMAL,15.8,1.6,4.6,5.5
15049,0.9187,0,WARNING,16.8,3.6,6.3,6.5
15050,0.2723,0,NORMAL,16.4,2.8,5.9,5.5
15051,0.1041,0,NORMAL,18.1,3.4,10.4,9.2
15052,1.0,0,ANOMALY,18.6,9.5,10.3,8.7
15053,0.5073,0,NORMAL,18.1,2.5,5.4,5.4
15054,0.2013,0,NORMAL,18.4,2.1,5.0,6.0
15055,0.932,0,WARNING,19.2,4.6,6.5,6.4
15056,0.4098,0,NORMAL,18.9,4.4,7.1,6.6
15057,0.0805,0,NORMAL,19.9,3.1,9.1,9.6
15058,0.4321,0,NORMAL,19.2,2.1,7.3,7.7
15059,0.8179,0,WARNING,19.1,2.9,6.6,7.0
15060,0.3769,0,NORMAL,17.5,3.3,8.3,8.1
15061,0.7308,0,WARNING,16.5,4.0,9.1,9.4
15062,0.2493,0,NORMAL,16.9,2.6,7.4,7.2
15063,0.5137,0,NORMAL,17.3,2.5,4.2,3.8
15064,0.2084,0,NORMAL,17.0,1.2,3.2,4.0
15065,0.2988,0,NORMAL,17.1,2.1,3.6,5.0
15066,0.4269,0,NORMAL,17.3,2.5,4.1,4.9
15067,0.2314,0,NORMAL,17.6,0.7,4.4,2.8
15068,0.2215,0,NORMAL,17.4,0.7,2.6,3.1
15069,0.4378,0,NORMAL,17.6,2.1,2.3,3.1
15070,0.1925,0,NORMAL,17.6,1.7,4.8,5.7
15071,0.1714,0,NORMAL,18.0,1.5,4.9,5.3
15072,0.2006,0,NORMAL,17.8,1.0,3.2,4.0
15073,0.3134,0,NORMAL,17.9,1.5,1.5,2.0
15074,0.5406,0,NORMAL,17.8,2.0,2.3,3.4
15075,0.1945,0,NORMAL,18.2,2.2,6.2,5.3
15076,0.4374,0,NORMAL,18.3,3.8,4.4,4.1
15077,0.184,0,NORMAL,18.6,2.1,2.9,4.0
15078,0.2335,0,NORMAL,18.4,1.2,1.9,3.3
15079,0.1931,0,NORMAL,19.2,1.6,3.5,4.8
15080,0.1816,0,NORMAL,19.2,2.2,4.0,4.1
15081,0.176,0,NORMAL,18.7,2.2,3.5,3.7
15082,0.964,0,WARNING,16.6,4.3,2.8,3.6
15083,0.3114,0,NORMAL,15.8,1.5,1.7,2.6
15084,0.2566,0,NORMAL,15.3,0.5,0.7,1.6
15085,0.9091,0,WARNING,15.9,3.1,3.5,3.7
15086,0.8822,0,WARNING,16.3,5.3,5.4,4.5
15087,0.9012,0,WARNING,16.7,4.0,3.4,3.4
15088,0.2489,0,NORMAL,16.2,0.5,1.4,2.9
15089,0.2209,0,NORMAL,16.6,1.0,2.5,3.4
15090,0.1951,0,NORMAL,16.9,1.8,4.1,4.0
15091,0.8269,0,WARNING,17.2,3.6,2.8,3.2
15092,0.1794,0,NORMAL,17.2,1.7,3.3,4.6
15093,0.4378,0,NORMAL,17.6,1.9,2.9,3.2
15094,0.2455,0,NORMAL,17.0,0.5,2.0,3.5
15095,0.7911,0,WARNING,18.2,3.4,4.8,6.3
15096,0.3112,0,NORMAL,17.8,2.5,3.4,3.8
15097,0.1586,0,NORMAL,18.0,1.7,3.9,4.5
15098,0.2339,0,NORMAL,17.6,0.9,2.3,3.4
15099,0.2302,0,NORMAL,17.7,1.2,2.6,4.2
15100,0.9641,0,WARNING,17.7,4.1,7.2,9.8
15101,0.8744,0,WARNING,16.6,2.0,11.4,17.2
15102,0.8765,0,WARNING,15.6,4.2,10.7,12.5
15103,0.9135,0,WARNING,15.7,2.0,12.3,19.1
15104,0.8698,0,WARNING,16.3,3.0,7.8,8.1
15105,0.1904,0,NORMAL,16.2,2.2,5.0,4.6
15106,0.398,0,NORMAL,16.7,3.0,3.7,3.2
15107,0.2198,0,NORMAL,17.5,1.3,2.6,2.7
15108,0.9457,0,WARNING,16.9,3.3,1.7,2.9
15109,0.2405,0,NORMAL,17.3,0.9,1.6,2.7
15110,0.1954,0,NORMAL,17.3,1.8,2.7,3.6
15111,0.2046,0,NORMAL,17.9,2.3,3.1,3.4
15112,0.2062,0,NORMAL,17.8,1.4,2.5,3.6
15113,0.4388,0,NORMAL,18.1,1.5,1.3,2.6
15114,0.2577,0,NORMAL,17.7,0.4,0.8,2.0
15115,0.9473,0,WARNING,18.2,4.0,2.3,3.2
15116,0.2046,0,NORMAL,18.1,2.2,2.6,3.4
15117,0.2088,0,NORMAL,18.5,2.0,2.9,3.2
15118,0.2537,0,NORMAL,18.3,0.6,1.1,2.1
15119,0.9291,0,WARNING,18.3,2.7,1.5,3.2
15120,0.2214,0,NORMAL,16.9,2.0,3.0,2.9
15121,0.8567,0,WARNING,15.0,4.4,3.3,3.6
15122,0.2438,0,NORMAL,15.5,0.8,1.2,2.3
15123,0.3155,0,NORMAL,16.3,1.3,0.9,2.2
15124,0.3121,0,NORMAL,16.0,0.5,1.0,1.8
15125,0.2595,0,NORMAL,16.4,1.8,3.2,4.0
15126,0.626,0,WARNING,16.6,3.0,5.5,8.1
15127,0.7006,0,WARNING,17.2,2.2,9.4,13.3
15128,0.2475,0,NORMAL,16.9,0.8,3.6,4.4
15129,0.2433,0,NORMAL,17.1,0.7,2.7,4.0
15130,0.1901,0,NORMAL,17.2,2.1,5.1,6.7
15131,0.7937,0,WARNING,17.6,2.2,9.9,14.8
15132,0.9219,0,WARNING,17.3,4.5,10.9,17.1
15133,0.3705,0,NORMAL,17.5,1.6,5.8,7.3
15134,0.2517,0,NORMAL,15.9,0.5,2.0,3.0
15135,1.0,0,ANOMALY,22.8,9.7,2.8,3.6
15136,0.5991,0,NORMAL,15.5,3.9,4.7,5.3
15137,0.1958,0,NORMAL,16.3,2.5,4.0,4.1
15138,0.2156,0,NORMAL,16.1,1.4,2.7,3.8
15139,0.2399,0,NORMAL,16.1,1.3,1.5,3.0
15140,0.9908,0,WARNING,16.4,4.3,2.1,2.5
15141,0.2217,0,NORMAL,17.2,2.0,2.7,2.5
15142,0.2217,0,NORMAL,16.8,1.2,1.5,2.4
15143,0.3166,0,NORMAL,17.1,1.5,1.5,2.7
15144,0.2543,0,NORMAL,16.7,0.5,1.1,1.7
15145,0.2392,0,NORMAL,17.2,1.9,2.4,2.2
15146,0.793,0,WARNING,17.5,3.8,3.7,4.0
15147,0.2301,0,NORMAL,17.5,1.2,1.7,2.3
15148,0.2308,0,NORMAL,17.8,0.8,1.8,2.7
15149,0.2482,0,NORMAL,17.9,1.0,1.4,2.6
15150,0.8292,0,WARNING,18.0,2.7,2.2,2.5
15151,0.2109,0,NORMAL,18.5,1.9,2.7,3.2
15152,0.2217,0,NORMAL,18.2,1.2,1.7,2.1
15153,0.5447,0,NORMAL,18.6,1.7,1.1,2.3
15154,0.2412,0,NORMAL,18.8,1.0,1.2,1.9
15155,0.9479,0,WARNING,19.5,3.6,2.8,2.8
15156,0.5448,0,NORMAL,19.7,3.5,4.1,3.5
15157,0.2065,0,NORMAL,19.6,1.4,2.2,3.0
15158,0.2522,0,NORMAL,19.3,0.8,0.9,1.7
15159,0.2535,0,NORMAL,16.9,0.9,0.7,2.2
15160,0.7486,0,WARNING,14.6,2.9,2.0,2.9
15161,0.2217,0,NORMAL,15.5,1.9,2.4,2.5
15162,0.2218,0,NORMAL,15.3,1.3,1.5,2.4
15163,0.5448,0,NORMAL,15.7,1.8,1.1,2.3
15164,0.255,0,NORMAL,15.5,0.6,1.0,1.7
15165,1.0,0,ANOMALY,16.5,6.0,2.9,3.4
15166,0.623,0,WARNING,16.4,3.0,3.0,3.1
15167,0.7764,0,WARNING,16.7,2.5,2.1,2.4
15168,0.2531,0,NORMAL,16.5,0.5,1.0,2.2
15169,0.2546,0,NORMAL,16.5,0.8,0.7,2.1
15170,0.5428,0,NORMAL,16.7,2.7,2.4,3.2
15171,0.2175,0,NORMAL,17.9,2.7,3.6,3.3
15172,0.2217,0,NORMAL,17.9,1.2,1.7,2.8
15173,0.442,0,NORMAL,18.2,1.6,0.9,2.5
15174,0.2575,0,NORMAL,17.9,0.4,0.7,2.1
15175,0.2354,0,NORMAL,18.6,1.6,2.9,3.1
15176,0.9219,0,WARNING,18.5,4.7,3.0,3.1
15177,0.2132,0,NORMAL,19.2,1.7,2.6,3.3
15178,0.2591,0,NORMAL,18.7,0.5,0.7,2.1
15179,0.2498,0,NORMAL,18.7,0.6,1.0,2.6
15180,0.2281,0,NORMAL,17.0,2.4,2.6,3.0
15181,0.9358,0,WARNING,15.1,5.1,3.0,2.6
15182,0.2349,0,NORMAL,15.4,1.0,1.2,2.2
15183,0.322,0,NORMAL,15.6,1.3,0.9,2.0
15184,0.2561,0,NORMAL,15.3,0.6,1.0,1.8
15185,0.2371,0,NORMAL,16.1,1.8,2.7,2.3
15186,0.9228,0,WARNING,16.0,4.7,2.8,2.6
15187,0.2048,0,NORMAL,16.7,1.3,2.2,3.0
15188,0.2588,0,NORMAL,16.6,0.4,0.8,1.7
15189,0.2511,0,NORMAL,16.9,0.7,0.8,2.1
15190,0.2349,0,NORMAL,16.5,1.0,2.1,4.2
15191,0.2363,0,NORMAL,16.8,1.2,1.7,3.5
15192,0.793,0,WARNING,17.3,2.5,1.2,2.4
15193,0.2469,0,NORMAL,17.5,1.4,1.2,2.2
15194,0.2568,0,NORMAL,17.1,0.5,0.8,2.0
15195,0.2303,0,NORMAL,17.9,2.8,3.2,3.1
15196,0.4448,0,NORMAL,18.0,3.4,3.3,3.5
15197,0.8837,0,WARNING,18.7,3.6,2.6,3.5
15198,0.2211,0,NORMAL,18.3,1.6,2.4,3.6
15199,0.2425,0,NORMAL,18.2,1.1,1.3,2.2
15200,0.2166,0,NORMAL,18.3,1.1,2.0,3.5
15201,0.2085,0,NORMAL,19.6,2.3,3.6,3.8
15202,0.9216,0,WARNING,18.8,3.2,1.0,1.9
15203,0.321,0,NORMAL,19.1,1.4,0.8,1.7
15204,0.2538,0,NORMAL,18.8,0.5,0.9,2.1
15205,0.236,0,NORMAL,19.4,2.0,3.4,3.0
15206,0.2142,0,NORMAL,16.8,2.6,3.1,3.5
15207,0.5443,0,NORMAL,15.4,3.1,3.8,4.2
15208,0.2407,0,NORMAL,15.4,0.8,1.9,3.1
15209,0.236,0,NORMAL,15.8,0.8,1.9,3.2
15210,0.2068,0,NORMAL,15.9,1.8,2.8,3.0
15211,0.2189,0,NORMAL,16.7,2.6,3.7,4.2
15212,0.2037,0,NORMAL,16.6,1.7,3.2,3.6
15213,0.3193,0,NORMAL,16.9,1.6,2.0,3.3
15214,0.2403,0,NORMAL,16.7,0.7,1.8,3.3
15215,0.9707,0,WARNING,17.3,4.3,4.1,3.8
15216,0.5382,0,NORMAL,17.5,3.1,3.9,4.0
15217,0.1887,0,NORMAL,18.1,1.4,3.1,4.1
15218,0.2418,0,NORMAL,17.7,0.8,1.7,2.8
15219,0.2376,0,NORMAL,18.0,0.9,1.6,2.8
15220,0.8845,0,WARNING,17.8,4.0,3.1,3.9
15221,0.1911,0,NORMAL,18.2,2.0,3.3,3.9
15222,0.1971,0,NORMAL,18.0,1.5,2.8,3.5
15223,0.2343,0,NORMAL,18.2,1.7,2.1,3.3
15224,0.2513,0,NORMAL,17.9,1.3,1.2,2.4
15225,0.7459,0,WARNING,18.6,3.1,3.4,3.9
15226,0.317,0,NORMAL,19.7,4.6,9.9,6.7
15227,0.2492,0,NORMAL,20.4,2.5,7.5,6.5
15228,0.1691,0,NORMAL,21.0,2.5,4.7,4.0
15229,0.8246,0,WARNING,17.2,2.6,1.3,2.4
15230,0.2131,0,NORMAL,15.7,1.4,2.2,2.9
15231,0.1921,0,NORMAL,17.0,3.0,4.9,4.2
15232,0.2014,0,NORMAL,16.3,1.5,2.5,3.4
15233,0.4352,0,NORMAL,17.0,1.7,1.2,2.2
15234,0.5381,0,NORMAL,16.6,1.3,0.7,2.5
15235,0.2197,0,NORMAL,17.4,1.4,2.5,3.5
15236,0.3187,0,NORMAL,17.1,2.7,2.7,3.0
15237,0.2217,0,NORMAL,17.2,1.5,2.2,2.9
15238,0.2572,0,NORMAL,17.2,0.5,0.7,2.0
15239,1.0,0,ANOMALY,17.4,5.3,0.8,2.2
15240,0.2259,0,NORMAL,15.8,1.7,2.0,2.3
15241,0.2195,0,NORMAL,14.0,1.7,2.9,4.1
15242,0.2102,0,NORMAL,14.1,1.6,2.2,3.3
15243,0.441,0,NORMAL,15.3,1.8,2.1,3.5
15244,0.9215,0,WARNING,14.8,3.2,1.5,2.6
15245,0.2024,0,NORMAL,15.6,1.8,2.9,3.5
15246,0.3182,0,NORMAL,16.2,2.6,2.7,2.5
15247,0.209,0,NORMAL,16.9,1.9,2.9,2.8
15248,0.9119,0,WARNING,16.6,2.4,1.2,2.6
15249,0.435,0,NORMAL,16.9,1.7,1.2,2.3
15250,0.8411,0,WARNING,16.8,3.5,2.6,3.9
15251,0.2086,0,NORMAL,17.1,1.3,2.7,5.1
15252,0.2034,0,NORMAL,17.1,1.8,2.6,3.9
15253,0.9034,0,WARNING,17.5,3.5,2.0,4.0
15254,0.248,0,NORMAL,17.1,0.8,1.8,3.2
15255,0.1937,0,NORMAL,17.5,2.0,3.8,5.1
15256,0.4337,0,NORMAL,17.5,3.9,5.4,5.4
15257,1.0,0,ANOMALY,18.1,5.6,3.0,3.2
15258,0.2265,0,NORMAL,17.8,1.4,2.1,3.8
15259,0.2364,0,NORMAL,17.9,1.4,1.7,3.0
15260,0.2216,0,NORMAL,17.8,1.4,2.0,2.7
15261,0.921,0,WARNING,18.4,3.9,3.4,4.3
15262,0.2023,0,NORMAL,17.4,1.6,2.3,3.1
15263,0.2528,0,NORMAL,15.3,1.4,0.9,2.3
15264,0.2508,0,NORMAL,14.6,0.6,1.2,2.2
15265,0.976,0,WARNING,15.6,5.3,3.8,3.3
15266,0.4387,0,NORMAL,15.6,2.9,2.9,2.6
15267,0.2132,0,NORMAL,16.4,1.2,2.2,2.6
15268,0.2529,0,NORMAL,15.8,0.7,1.1,2.7
15269,0.4438,0,NORMAL,16.4,1.5,1.4,2.3
15270,0.2174,0,NORMAL,16.1,1.1,2.0,2.9
15271,0.2197,0,NORMAL,16.9,1.7,3.1,4.3
15272,0.241,0,NORMAL,16.6,1.0,2.1,3.2
15273,0.3218,0,NORMAL,17.0,1.8,1.9,3.2
15274,0.7455,0,WARNING,16.7,2.2,1.6,2.9
15275,0.2041,0,NORMAL,17.4,1.4,3.0,5.0
15276,0.4424,0,NORMAL,17.3,2.3,2.3,3.0
15277,0.2216,0,NORMAL,17.8,1.2,1.7,2.8
15278,0.3221,0,NORMAL,17.2,1.0,1.0,2.5
15279,0.2471,0,NORMAL,17.7,0.8,1.2,2.2
15280,0.2251,0,NORMAL,17.8,1.9,2.7,2.7
15281,0.2244,0,NORMAL,18.8,2.4,3.3,3.0
15282,0.9222,0,WARNING,18.8,4.6,4.2,4.4
15283,0.2328,0,NORMAL,18.8,1.4,1.8,2.4
15284,0.2568,0,NORMAL,18.5,0.7,0.9,2.4
15285,0.215,0,NORMAL,19.2,2.9,4.5,4.3
15286,0.3162,0,NORMAL,18.4,3.8,5.4,4.7
15287,0.3125,0,NORMAL,16.5,2.1,3.5,4.4
15288,0.2415,0,NORMAL,14.9,0.6,1.8,3.0
15289,0.2442,0,NORMAL,15.3,0.8,1.3,2.3
15290,0.2104,0,NORMAL,15.4,1.8,2.6,3.6
15291,0.8285,0,WARNING,15.8,3.4,2.2,3.0
15292,0.9463,0,WARNING,15.7,2.7,1.2,3.2
15293,0.4281,0,NORMAL,15.9,1.6,1.1,2.5
15294,0.99,0,WARNING,16.0,4.0,1.1,2.5
15295,0.5212,0,NORMAL,16.8,2.5,3.5,4.4
15296,0.2923,0,NORMAL,16.8,2.7,3.7,4.5
15297,0.2282,0,NORMAL,17.2,1.6,3.0,4.3
15298,0.2423,0,NORMAL,16.9,1.2,2.2,4.2
15299,0.9027,0,WARNING,17.3,3.1,1.7,2.9
15300,0.2352,0,NORMAL,15.5,1.3,1.9,2.9
15301,0.2352,0,NORMAL,14.2,2.3,2.9,2.8
15302,0.2466,0,NORMAL,15.0,0.7,1.0,2.2
15303,0.6244,0,WARNING,15.2,2.3,0.7,1.6
15304,0.2586,0,NORMAL,15.0,0.6,0.7,1.7
15305,0.2424,0,NORMAL,16.2,1.9,2.6,2.6
15306,0.328,0,NORMAL,16.3,3.2,4.0,4.1
15307,0.2339,0,NORMAL,16.5,1.7,2.8,3.6
15308,0.7907,0,WARNING,16.8,2.0,1.2,2.6
15309,0.249,0,NORMAL,17.2,0.8,1.0,2.6
15310,0.2312,0,NORMAL,17.1,1.2,2.0,2.6
15311,0.2207,0,NORMAL,17.7,1.9,2.0,2.9
15312,0.2541,0,NORMAL,17.5,0.5,0.9,2.2
15313,0.5459,0,NORMAL,18.0,1.9,2.3,3.0
15314,0.2554,0,NORMAL,17.5,0.5,1.0,1.7
15315,0.243,0,NORMAL,17.8,1.9,3.0,3.8
15316,0.6928,0,WARNING,18.0,3.8,5.1,5.6
15317,0.2251,0,NORMAL,18.1,1.6,3.0,3.8
15318,0.8579,0,WARNING,18.0,2.6,0.8,1.7
15319,0.2304,0,NORMAL,18.3,1.1,1.5,3.3
15320,0.2264,0,NORMAL,18.1,2.5,3.4,4.2
15321,0.2266,0,NORMAL,19.4,2.9,3.5,3.1
15322,0.2274,0,NORMAL,19.2,1.1,1.9,2.8
15323,0.9471,0,WARNING,19.9,3.5,1.1,2.1
15324,0.3113,0,NORMAL,19.4,0.6,0.5,1.4
15325,0.2245,0,NORMAL,17.9,1.5,2.7,3.2
15326,0.3251,0,NORMAL,15.7,2.7,3.3,4.0
15327,0.2146,0,NORMAL,16.1,1.2,2.5,3.7
15328,0.9985,0,WARNING,16.1,4.3,1.6,2.6
15329,0.2318,0,NORMAL,16.4,1.0,1.8,3.1
15330,0.3209,0,NORMAL,16.4,2.2,2.8,3.3
15331,0.2233,0,NORMAL,16.7,2.2,3.2,3.2
15332,0.2467,0,NORMAL,16.9,1.8,1.8,2.1
15333,0.9802,0,WARNING,17.6,3.9,0.8,2.0
15334,0.3113,0,NORMAL,17.2,0.4,0.2,0.9
15335,0.7045,0,WARNING,17.7,2.4,1.7,2.1
15336,0.3207,0,NORMAL,17.3,1.9,2.3,3.2
15337,0.2484,0,NORMAL,17.5,0.6,1.3,1.9
15338,0.8296,0,WARNING,17.2,3.0,0.4,1.0
15339,0.2454,0,NORMAL,17.6,0.8,0.9,1.7
15340,0.2391,0,NORMAL,17.4,1.6,1.9,2.4
15341,0.2322,0,NORMAL,18.3,1.6,1.9,2.2
15342,0.2612,0,NORMAL,17.8,0.5,0.4,1.5
15343,0.4509,0,NORMAL,17.9,1.5,0.6,1.9
15344,0.7493,0,WARNING,17.9,2.5,0.5,1.2
15345,0.2563,0,NORMAL,18.4,1.3,1.8,2.0
15346,0.9481,0,WARNING,18.3,4.6,1.9,2.9
15347,0.2272,0,NORMAL,18.5,1.6,1.9,3.6
15348,0.8573,0,WARNING,18.4,2.6,1.2,2.7
15349,0.2472,0,NORMAL,18.4,1.4,1.2,3.1
15350,0.6283,0,WARNING,20.4,3.0,10.6,7.3
15351,0.5206,0,NORMAL,23.2,4.2,10.6,9.4
15352,0.6269,0,WARNING,23.7,2.7,9.3,9.5
15353,0.9314,0,WARNING,17.5,4.1,3.7,3.9
15354,0.2719,0,NORMAL,16.7,1.2,1.6,2.9
15355,0.1552,0,NORMAL,17.7,2.9,6.4,6.1
15356,0.4189,0,NORMAL,17.3,2.9,3.7,4.3
15357,0.2161,0,NORMAL,17.8,1.7,2.4,4.1
15358,0.8542,0,WARNING,17.3,2.5,1.0,2.5
15359,0.21,0,NORMAL,17.8,1.4,2.6,3.8
15360,0.3776,0,NORMAL,16.4,2.0,3.0,4.0
15361,0.2268,0,NORMAL,14.8,1.7,3.0,4.3
15362,0.2482,0,NORMAL,14.8,1.4,1.5,3.2
15363,0.6855,0,WARNING,15.2,2.5,1.4,3.0
15364,0.3778,0,NORMAL,14.7,1.1,1.0,2.0
15365,0.251,0,NORMAL,15.7,2.5,2.9,3.2
15366,0.3151,0,NORMAL,15.5,2.6,2.7,3.0
15367,0.2218,0,NORMAL,17.0,1.6,2.3,2.6
15368,0.8278,0,WARNING,17.4,2.4,1.2,1.5
15369,0.2554,0,NORMAL,17.4,0.7,0.6,1.5
15370,0.2302,0,NORMAL,17.2,1.0,1.6,3.0
15371,0.2276,0,NORMAL,17.8,1.4,2.2,3.7
15372,0.2468,0,NORMAL,17.5,1.1,1.2,1.7
15373,0.2564,0,NORMAL,17.6,0.6,0.6,1.9
15374,0.7937,0,WARNING,17.6,2.5,0.5,1.1
15375,0.2296,0,NORMAL,17.9,2.0,2.5,3.1
15376,0.3262,0,NORMAL,18.0,2.7,3.5,3.8
15377,0.198,0,NORMAL,18.3,1.9,2.7,4.1
15378,0.2263,0,NORMAL,18.6,1.2,2.0,2.8
15379,0.9215,0,WARNING,18.3,3.4,2.6,3.1
15380,0.1994,0,NORMAL,17.8,1.2,2.3,3.2
15381,0.1973,0,NORMAL,18.6,2.2,3.5,3.6
15382,0.4151,0,NORMAL,18.4,1.5,1.4,2.7
15383,0.3113,0,NORMAL,18.6,1.2,0.6,1.2
15384,0.6252,0,WARNING,18.2,1.9,0.4,1.1
15385,0.2573,0,NORMAL,18.9,2.0,2.5,2.3
15386,0.3293,0,NORMAL,19.1,2.7,3.2,3.5
15387,0.1982,0,NORMAL,17.4,1.6,2.3,2.9
15388,0.2422,0,NORMAL,15.2,1.1,1.4,2.1
15389,0.2408,0,NORMAL,16.0,0.9,1.2,2.3
15390,0.8849,0,WARNING,15.9,3.1,1.9,2.6
15391,0.205,0,NORMAL,17.5,2.7,4.6,4.1
15392,0.1976,0,NORMAL,17.0,1.4,2.5,3.3
15393,0.541,0,NORMAL,17.4,2.0,1.2,2.2
15394,0.9047,0,WARNING,16.8,2.9,0.6,1.6
15395,0.2222,0,NORMAL,17.7,2.3,5.2,4.3
15396,0.3377,0,NORMAL,17.8,3.5,4.0,2.7
15397,0.2175,0,NORMAL,18.6,1.2,2.2,2.6
15398,0.2629,0,NORMAL,18.0,0.3,0.4,1.4
15399,0.2589,0,NORMAL,18.3,0.9,0.6,1.5
15400,0.2422,0,NORMAL,18.7,1.6,2.1,2.6
15401,0.2285,0,NORMAL,19.0,2.3,3.7,3.5
15402,0.6441,0,WARNING,19.0,2.4,1.8,2.0
15403,0.3202,0,NORMAL,19.3,1.4,0.9,1.6
15404,0.9893,0,WARNING,19.0,3.7,0.4,1.1
15405,0.9462,0,WARNING,20.2,5.0,3.2,3.0
15406,0.5312,0,NORMAL,19.7,2.4,2.3,2.6
15407,0.2078,0,NORMAL,20.1,1.5,3.1,3.3
15408,0.249,0,NORMAL,19.8,0.8,1.2,2.2
15409,0.2491,0,NORMAL,19.8,1.0,1.1,1.8
15410,0.8846,0,WARNING,20.0,3.9,2.7,3.1
15411,0.649,0,WARNING,20.5,2.6,3.7,4.2
15412,0.2203,0,NORMAL,20.1,1.4,2.5,2.7
15413,0.5404,0,NORMAL,20.4,1.9,2.4,3.4
15414,0.3176,0,NORMAL,19.5,1.6,3.2,4.0
15415,0.8835,0,WARNING,17.6,3.6,5.0,6.1
15416,0.3129,0,NORMAL,16.6,3.2,4.3,3.5
15417,0.1926,0,NORMAL,17.4,1.7,3.0,3.7
15418,0.2361,0,NORMAL,17.3,1.0,1.8,2.9
15419,0.2181,0,NORMAL,17.4,1.3,2.7,3.0
15420,0.4394,0,NORMAL,16.4,2.8,3.4,3.0
15421,0.3179,0,NORMAL,15.2,3.0,3.4,2.9
15422,0.2345,0,NORMAL,15.4,1.0,1.4,2.3
15423,0.6235,0,WARNING,15.7,1.7,0.9,1.4
15424,0.2549,0,NORMAL,15.5,0.7,0.8,2.1
15425,0.8851,0,WARNING,16.0,3.1,2.4,2.8
15426,0.3232,0,NORMAL,16.1,2.9,3.7,3.7
15427,0.2013,0,NORMAL,16.8,1.8,2.7,3.4
15428,0.2556,0,NORMAL,17.1,0.5,0.9,2.0
15429,0.2508,0,NORMAL,17.6,0.8,0.8,1.6
15430,0.2354,0,NORMAL,17.4,1.3,2.7,3.4
15431,0.7922,0,WARNING,18.2,4.0,4.1,3.8
15432,0.2132,0,NORMAL,18.2,1.4,2.3,2.7
15433,0.202,0,NORMAL,19.3,1.2,4.3,4.5
15434,0.4413,0,NORMAL,18.5,1.5,1.5,2.0
15435,0.9219,0,WARNING,19.0,3.6,3.3,4.4
15436,0.217,0,NORMAL,18.5,1.9,2.3,4.7
15437,0.1965,0,NORMAL,19.2,1.8,2.3,3.1
15438,0.2057,0,NORMAL,18.8,1.6,3.2,4.1
15439,0.1791,0,NORMAL,20.1,2.1,6.0,6.1
15440,1.0,0,ANOMALY,21.0,8.4,7.4,7.3
15441,0.334,0,NORMAL,20.0,2.3,4.8,3.7
15442,0.1704,0,NORMAL,20.3,2.1,5.4,4.5
15443,0.4297,0,NORMAL,20.2,2.1,3.0,3.0
15444,0.2083,0,NORMAL,20.2,1.3,3.4,3.6
15445,0.4152,0,NORMAL,18.0,2.1,3.1,3.8
15446,0.5369,0,NORMAL,15.7,3.3,5.9,5.3
15447,0.1611,0,NORMAL,16.2,1.9,4.0,3.8
15448,0.535,0,NORMAL,16.2,1.8,2.2,2.8
15449,0.8506,0,WARNING,16.9,2.6,2.8,3.0
15450,0.1959,0,NORMAL,16.7,1.4,3.0,2.9
15451,0.7964,0,WARNING,17.8,3.7,4.8,4.9
15452,0.1697,0,NORMAL,17.6,1.7,4.1,4.4
15453,0.2203,0,NORMAL,18.0,1.2,2.8,2.6
15454,0.3137,0,NORMAL,17.5,1.3,1.6,2.4
15455,0.2033,0,NORMAL,18.2,1.8,2.7,3.2
15456,0.2205,0,NORMAL,18.4,3.1,3.7,2.6
15457,0.4416,0,NORMAL,18.8,2.3,2.2,2.6
15458,0.2444,0,NORMAL,18.6,0.5,1.3,2.3
15459,0.2317,0,NORMAL,19.2,0.9,1.7,2.2
15460,0.2193,0,NORMAL,19.2,1.2,2.1,2.7
15461,0.2234,0,NORMAL,19.9,2.2,5.1,5.1
15462,0.2341,0,NORMAL,19.2,0.8,2.5,2.4
15463,0.2069,0,NORMAL,19.5,1.2,2.9,3.6
15464,0.4414,0,NORMAL,19.6,1.8,2.1,2.0
15465,0.7913,0,WARNING,20.6,4.2,4.4,4.3
15466,0.3139,0,NORMAL,19.6,2.7,3.2,3.0
15467,0.1817,0,NORMAL,19.9,2.1,3.4,3.4
15468,0.2023,0,NORMAL,20.2,1.2,4.6,4.7
15469,0.2064,0,NORMAL,20.3,1.1,3.6,3.3
15470,0.6222,0,WARNING,19.7,2.6,2.6,3.3
15471,0.1737,0,NORMAL,18.3,2.9,6.2,6.4
15472,0.155,0,NORMAL,16.9,2.4,10.5,9.0
15473,0.7846,0,WARNING,19.0,4.4,14.2,11.5
15474,0.4148,0,NORMAL,19.1,3.4,11.5,9.5
15475,0.3611,0,NORMAL,21.0,4.1,15.3,12.9
15476,0.8089,0,WARNING,24.9,7.8,35.5,27.6
15477,0.9506,0,WARNING,22.8,7.9,26.1,19.1
15478,0.4304,0,NORMAL,21.2,1.6,9.3,6.5
15479,0.2068,0,NORMAL,20.8,1.4,8.3,6.6
15480,0.1501,0,NORMAL,17.9,2.6,9.8,6.9
15481,0.0978,0,NORMAL,17.6,4.1,11.9,9.1
15482,0.1697,0,NORMAL,19.1,2.8,13.0,9.6
15483,0.8489,0,WARNING,18.4,3.4,6.9,5.8
15484,0.2816,0,NORMAL,18.2,2.5,7.0,6.1
15485,0.0847,0,NORMAL,19.0,3.1,7.5,5.9
15486,0.9449,0,WARNING,18.5,5.3,7.0,6.8
15487,0.1356,0,NORMAL,19.6,2.6,10.2,8.6
15488,0.1961,0,NORMAL,19.0,1.5,5.7,5.4
15489,0.1754,0,NORMAL,20.3,1.5,7.2,7.3
15490,0.5225,0,NORMAL,20.4,3.8,11.1,9.4
15491,0.1487,0,NORMAL,21.6,3.3,9.8,7.7
15492,0.1769,0,NORMAL,20.7,2.6,9.4,8.0
15493,0.1637,0,NORMAL,20.7,1.7,7.1,6.6
15494,0.4192,0,NORMAL,20.3,2.3,8.2,5.9
15495,0.3142,0,NORMAL,22.7,4.7,15.9,13.6
15496,0.3608,0,NORMAL,23.5,4.9,17.1,11.7
15497,0.3691,0,NORMAL,21.1,4.4,15.6,13.6
15498,0.2939,0,NORMAL,17.6,3.0,11.8,10.2
15499,0.6622,0,WARNING,17.6,3.1,8.5,8.0
15500,0.3323,0,NORMAL,18.7,3.5,16.0,13.3
15501,0.189,0,NORMAL,19.2,3.1,11.7,8.2
15502,0.1609,0,NORMAL,19.7,2.8,12.4,10.3
15503,0.1271,0,NORMAL,19.8,2.2,9.5,8.6
15504,0.1626,0,NORMAL,19.2,2.2,7.9,7.4
15505,0.2492,0,NORMAL,20.3,3.9,12.1,10.5
15506,0.4052,0,NORMAL,22.2,5.8,19.0,15.2
15507,0.7233,0,WARNING,20.9,4.0,13.0,11.0
15508,0.2079,0,NORMAL,20.4,1.7,10.8,8.6
15509,0.1609,0,NORMAL,21.8,2.4,13.1,10.3
15510,0.1397,0,NORMAL,21.0,2.5,11.2,8.5
15511,0.2515,0,NORMAL,22.5,3.6,14.3,12.7
15512,0.3025,0,NORMAL,20.5,3.4,16.3,13.7
15513,0.2373,0,NORMAL,18.2,2.0,9.8,7.8
15514,0.2699,0,NORMAL,18.1,2.5,10.3,7.6
15515,0.9435,0,WARNING,18.8,5.0,9.1,7.8
15516,0.51,0,NORMAL,19.1,4.2,12.7,10.8
15517,0.1723,0,NORMAL,19.0,2.1,8.1,6.5
15518,0.179,0,NORMAL,19.8,1.4,7.1,6.4
15519,0.1396,0,NORMAL,19.9,2.2,9.7,9.1
15520,0.1458,0,NORMAL,19.5,2.8,9.8,7.4
15521,0.1276,0,NORMAL,20.0,3.4,10.1,7.2
15522,0.1835,0,NORMAL,20.2,3.1,11.1,9.0
15523,0.1327,0,NORMAL,20.6,2.1,9.8,8.4
15524,0.2897,0,NORMAL,20.9,2.6,8.9,7.3
15525,0.9327,0,WARNING,23.1,5.9,14.8,12.7
15526,0.404,0,NORMAL,21.8,4.5,11.8,10.1
15527,0.336,0,NORMAL,22.7,3.9,15.5,13.5
15528,0.2445,0,NORMAL,19.6,2.2,12.8,11.0
15529,0.8196,0,WARNING,22.8,6.6,36.0,27.9
15530,0.6259,0,WARNING,19.9,2.5,14.7,11.9
15531,0.9127,0,WARNING,21.6,6.4,23.0,19.9
15532,0.4044,0,NORMAL,22.6,3.4,15.1,11.1
15533,0.2818,0,NORMAL,20.9,2.6,14.3,12.6
15534,0.3981,0,NORMAL,22.2,4.0,18.6,15.4
15535,0.3724,0,NORMAL,22.4,4.3,18.3,14.4
15536,0.5836,0,NORMAL,23.3,6.0,25.4,19.5
15537,0.8392,0,WARNING,23.0,5.4,17.6,14.1
15538,0.2879,0,NORMAL,21.9,2.5,13.1,11.1
15539,0.2743,0,NORMAL,22.5,2.8,14.2,12.2
15540,0.3707,0,NORMAL,20.2,3.8,17.1,14.2
15541,0.2463,0,NORMAL,18.4,3.6,12.5,10.6
15542,0.4545,0,NORMAL,21.2,4.1,17.9,15.6
15543,0.8957,0,WARNING,19.4,4.0,9.3,6.9
15544,0.2661,0,NORMAL,19.5,2.5,9.6,8.4
15545,0.2668,0,NORMAL,21.9,3.4,14.9,12.8
15546,0.2518,0,NORMAL,20.7,4.3,12.7,9.9
15547,0.178,0,NORMAL,21.2,3.0,12.6,11.0
15548,0.2033,0,NORMAL,22.0,2.6,13.1,11.2
15549,0.1652,0,NORMAL,21.7,1.6,6.7,5.5
15550,0.1392,0,NORMAL,21.2,2.6,9.0,8.2
15551,0.8515,0,WARNING,22.9,5.5,12.8,11.1
15552,0.2167,0,NORMAL,21.4,1.8,7.8,6.3
15553,0.1867,0,NORMAL,22.1,2.4,11.5,10.3
15554,0.4365,0,NORMAL,23.3,3.9,17.4,15.2
15555,0.2523,0,NORMAL,20.0,3.1,10.2,9.2
15556,0.3039,0,NORMAL,19.7,5.2,17.1,13.4
15557,0.2807,0,NORMAL,19.6,3.8,13.8,10.7
15558,0.1662,0,NORMAL,19.6,2.6,10.5,10.1
15559,0.6638,0,WARNING,20.5,4.4,16.6,11.2
15560,0.1671,0,NORMAL,20.1,2.6,9.7,7.9
15561,0.0981,0,NORMAL,20.3,2.7,8.7,7.8
15562,0.1156,0,NORMAL,20.4,2.3,10.4,10.0
15563,0.1482,0,NORMAL,20.4,2.1,9.5,9.1
15564,0.2825,0,NORMAL,21.0,2.8,10.2,9.3
15565,0.8776,0,WARNING,21.8,4.0,10.0,8.2
15566,0.5133,0,NORMAL,22.3,4.5,10.3,9.5
15567,0.2871,0,NORMAL,21.8,3.5,13.9,12.2
15568,0.1683,0,NORMAL,20.9,1.8,8.9,8.0
15569,0.3982,0,NORMAL,22.5,2.9,18.2,14.9
15570,0.2274,0,NORMAL,18.9,2.3,8.5,7.0
15571,0.9165,0,WARNING,19.2,5.1,10.7,9.1
15572,0.1549,0,NORMAL,19.4,2.2,6.1,6.1
15573,0.1399,0,NORMAL,19.4,2.2,7.5,7.1
15574,0.7687,0,WARNING,20.9,3.9,18.6,12.7
15575,0.9788,0,WARNING,23.1,8.4,29.9,21.8
15576,1.0,0,ANOMALY,25.6,14.4,38.6,29.5
15577,0.8865,0,WARNING,26.5,9.1,37.3,27.3
15578,0.7817,0,WARNING,26.2,5.7,33.7,25.8
15579,0.9997,0,WARNING,28.3,9.0,35.1,26.9
15580,0.572,0,NORMAL,24.5,3.9,17.5,11.8
15581,0.3983,0,NORMAL,23.8,2.6,9.2,9.0
15582,0.3879,0,NORMAL,23.2,3.6,16.8,14.5
15583,0.2314,0,NORMAL,19.6,1.9,9.2,7.3
15584,0.7231,0,WARNING,19.0,3.9,11.6,10.2
15585,0.1342,0,NORMAL,19.3,3.4,12.9,10.2
15586,0.5046,0,NORMAL,21.2,5.5,16.3,13.2
15587,0.537,0,NORMAL,23.6,4.8,21.0,15.7
15588,0.9131,0,WARNING,21.5,4.9,13.7,11.8
15589,0.205,0,NORMAL,20.6,2.6,9.7,7.8
15590,0.8958,0,WARNING,22.3,5.3,15.1,13.3
15591,0.3413,0,NORMAL,22.7,4.7,17.3,14.7
15592,0.9519,0,WARNING,23.3,6.2,17.0,13.6
15593,0.8417,0,WARNING,27.0,7.8,38.4,30.2
15594,0.7989,0,WARNING,25.7,6.4,27.1,19.3
15595,0.4681,0,NORMAL,24.0,3.2,13.7,10.2
15596,0.5647,0,NORMAL,22.3,5.3,17.6,14.1
15597,0.2334,0,NORMAL,18.9,2.9,10.2,9.0
15598,0.2592,0,NORMAL,19.9,3.1,13.9,12.3
15599,0.1608,0,NORMAL,19.6,2.3,12.4,9.9
15600,0.2622,0,NORMAL,20.6,3.2,12.9,8.7
15601,0.8963,0,WARNING,21.6,6.2,16.8,14.0
15602,0.3275,0,NORMAL,21.8,3.3,14.4,11.6
15603,0.1782,0,NORMAL,21.8,2.5,12.1,9.3
15604,0.2033,0,NORMAL,21.2,3.1,12.6,10.7
15605,0.3833,0,NORMAL,23.4,3.9,14.4,12.1
15606,0.3958,0,NORMAL,22.6,4.1,10.5,9.0
15607,0.2881,0,NORMAL,23.7,3.0,10.2,9.7
15608,0.9,0,WARNING,21.4,3.6,8.4,8.6
15609,0.7722,0,WARNING,22.0,3.9,10.4,9.1
15610,0.3375,0,NORMAL,24.1,4.7,17.1,11.6
15611,0.3455,0,NORMAL,24.1,3.3,11.5,9.5
15612,0.262,0,NORMAL,24.8,3.4,14.2,12.1
15613,0.313,0,NORMAL,25.0,2.3,10.8,8.9
15614,0.5057,0,NORMAL,24.7,4.3,20.8,16.7
15615,0.444,0,NORMAL,22.9,4.3,18.5,15.6
15616,0.9733,0,WARNING,22.0,8.1,22.4,16.9
15617,0.5985,0,NORMAL,24.3,5.2,21.5,18.2
15618,0.5094,0,NORMAL,22.4,4.1,20.3,17.8
15619,0.3307,0,NORMAL,21.6,2.7,11.6,10.4
15620,0.2743,0,NORMAL,22.0,3.7,14.7,12.6
15621,0.3322,0,NORMAL,23.3,5.2,18.4,13.9
15622,0.8429,0,WARNING,22.5,5.4,15.3,13.1
15623,0.3525,0,NORMAL,22.8,3.1,17.4,13.3
15624,0.4029,0,NORMAL,23.8,3.8,19.2,14.0
15625,0.9955,0,WARNING,25.9,8.2,19.1,15.5
15626,0.7196,0,WARNING,28.9,6.6,26.5,18.5
15627,0.925,0,WARNING,24.4,7.7,20.7,15.4
15628,0.3523,0,NORMAL,21.4,3.4,17.2,13.9
15629,0.4841,0,NORMAL,23.5,3.5,17.1,14.3
15630,0.3301,0,NORMAL,22.2,4.1,17.4,13.9
15631,0.4842,0,NORMAL,24.6,4.9,18.2,13.4
15632,0.393,0,NORMAL,23.9,4.9,20.3,15.3
15633,1.0,0,ANOMALY,24.2,7.8,14.7,11.6
15634,0.3043,0,NORMAL,23.2,3.8,14.5,11.1
15635,0.3371,0,NORMAL,24.3,4.7,17.5,13.7
15636,0.5812,0,NORMAL,24.3,4.7,15.5,12.9
15637,0.4458,0,NORMAL,25.6,4.4,16.2,12.8
15638,0.3038,0,NORMAL,25.2,3.3,15.9,13.1
15639,0.2513,0,NORMAL,24.6,2.8,14.4,12.5
15640,0.2069,0,NORMAL,22.7,3.8,13.0,10.4
15641,0.8739,0,WARNING,20.6,5.7,15.2,11.4
15642,0.3593,0,NORMAL,21.0,3.9,17.9,14.7
15643,0.209,0,NORMAL,20.6,2.3,11.2,9.5
15644,0.5883,0,NORMAL,21.1,3.8,13.1,10.9
15645,0.1932,0,NORMAL,21.8,3.3,13.0,10.9
15646,0.3025,0,NORMAL,22.9,5.9,16.7,14.5
15647,0.774,0,WARNING,22.9,5.1,21.1,14.2
15648,0.4817,0,NORMAL,22.7,3.4,13.5,12.0
15649,0.1949,0,NORMAL,23.1,3.2,12.4,11.5
15650,0.2247,0,NORMAL,22.9,3.5,15.2,12.3
15651,0.376,0,NORMAL,24.3,5.5,18.1,14.0
15652,0.3221,0,NORMAL,22.8,4.1,13.4,11.8
15653,0.3039,0,NORMAL,23.3,3.1,14.5,13.6
15654,0.9278,0,WARNING,20.2,4.8,13.1,11.9
15655,0.3947,0,NORMAL,20.9,4.2,13.6,12.5
15656,0.4872,0,NORMAL,20.6,5.4,15.8,14.0
15657,0.2477,0,NORMAL,20.3,3.3,11.8,10.1
15658,0.2484,0,NORMAL,19.9,2.4,9.1,9.0
15659,0.4981,0,NORMAL,20.4,3.0,12.0,11.7
15660,0.4659,0,NORMAL,20.0,4.0,13.5,12.3
15661,0.2874,0,NORMAL,19.2,4.2,13.6,12.4
15662,0.3574,0,NORMAL,20.8,4.6,16.5,14.4
15663,0.2876,0,NORMAL,21.2,3.0,13.7,12.4
15664,0.6558,0,WARNING,22.1,4.1,17.2,13.4
15665,0.4258,0,NORMAL,23.2,3.7,17.4,12.5
15666,0.3789,0,NORMAL,22.4,5.3,14.7,11.5
15667,0.1688,0,NORMAL,22.4,3.5,12.6,10.0
15668,0.3729,0,NORMAL,23.2,3.0,18.1,14.1
15669,0.4633,0,NORMAL,24.4,2.9,17.9,15.4
15670,0.284,0,NORMAL,23.6,3.3,13.4,11.5
15671,0.5215,0,NORMAL,25.7,4.2,20.2,17.4
15672,0.3543,0,NORMAL,24.2,3.8,15.2,11.7
15673,0.2172,0,NORMAL,21.4,2.3,10.1,9.7
15674,0.2621,0,NORMAL,20.2,3.2,10.6,8.5
15675,0.3835,0,NORMAL,21.6,3.5,15.0,12.4
15676,0.263,0,NORMAL,21.1,4.5,13.1,10.6
15677,0.1932,0,NORMAL,21.9,4.7,13.9,12.3
15678,0.1949,0,NORMAL,21.1,3.0,13.0,10.6
15679,0.2436,0,NORMAL,21.5,3.2,14.1,11.9
15680,0.5445,0,NORMAL,22.6,4.1,21.4,18.3
15681,0.533,0,NORMAL,23.9,4.8,25.5,18.6
15682,0.5012,0,NORMAL,24.5,4.9,24.7,17.1
15683,0.4099,0,NORMAL,23.2,3.0,17.8,13.8
15684,0.9107,0,WARNING,23.4,4.4,25.0,15.2
15685,0.293,0,NORMAL,23.1,3.2,15.9,12.5
15686,0.3571,0,NORMAL,21.7,4.3,17.0,14.2
15687,0.3357,0,NORMAL,19.8,3.5,17.4,14.1
15688,0.3605,0,NORMAL,21.3,2.9,17.0,13.5
15689,0.2619,0,NORMAL,21.5,2.4,11.2,9.5
15690,0.325,0,NORMAL,21.5,4.2,17.9,14.2
15691,0.4362,0,NORMAL,23.3,4.5,20.8,15.8
15692,0.3305,0,NORMAL,22.8,3.8,16.7,13.6
15693,0.2207,0,NORMAL,22.6,2.5,12.7,10.5
15694,0.4545,0,NORMAL,24.2,4.4,19.4,16.0
15695,0.5531,0,NORMAL,25.9,4.1,20.9,16.5
15696,0.3797,0,NORMAL,23.4,4.1,12.9,9.9
15697,0.2667,0,NORMAL,24.0,3.7,14.7,12.4
15698,0.4454,0,NORMAL,24.5,3.4,19.6,15.7
15699,0.258,0,NORMAL,23.1,2.7,13.2,10.3
15700,0.2047,0,NORMAL,20.9,3.4,13.5,12.0
15701,0.235,0,NORMAL,20.7,3.8,13.2,10.7
15702,0.45,0,NORMAL,22.3,4.9,21.7,16.3
15703,0.9521,0,WARNING,22.4,5.4,17.8,12.2
15704,0.3603,0,NORMAL,23.6,3.8,14.8,11.7
15705,0.2276,0,NORMAL,23.2,3.3,14.0,11.9
15706,0.167,0,NORMAL,22.4,4.3,13.5,9.9
15707,0.161,0,NORMAL,21.8,2.3,8.6,8.3
15708,0.1479,0,NORMAL,22.8,2.2,11.2,10.3
15709,0.1477,0,NORMAL,22.1,2.0,10.1,9.7
15710,0.1419,0,NORMAL,22.0,2.5,11.1,10.1
15711,0.2745,0,NORMAL,23.7,4.2,16.3,13.1
15712,0.2923,0,NORMAL,23.2,3.9,14.2,11.4
15713,0.4278,0,NORMAL,23.4,2.8,17.2,12.9
15714,0.3414,0,NORMAL,23.5,3.7,16.4,13.5
15715,0.4932,0,NORMAL,22.1,4.9,23.9,17.4
15716,0.4762,0,NORMAL,21.7,6.2,22.0,17.1
15717,0.3709,0,NORMAL,21.9,4.1,18.5,13.9
15718,0.4483,0,NORMAL,21.7,3.1,15.1,12.0
15719,0.1858,0,NORMAL,20.9,2.0,11.6,10.4
15720,0.2894,0,NORMAL,21.1,3.4,14.8,13.3
15721,0.4461,0,NORMAL,21.2,3.8,17.7,14.8
15722,0.2785,0,NORMAL,20.2,3.0,15.2,12.2
15723,0.3131,0,NORMAL,22.5,2.9,13.7,10.8
15724,0.4844,0,NORMAL,23.9,4.2,16.0,13.4
15725,0.3131,0,NORMAL,23.0,3.3,15.7,12.7
15726,0.3706,0,NORMAL,23.7,5.4,17.8,15.0
15727,0.9131,0,WARNING,24.5,5.9,17.3,13.5
15728,0.2817,0,NORMAL,22.6,3.2,15.6,12.6
15729,0.2356,0,NORMAL,22.7,2.9,13.6,11.5
15730,0.1694,0,NORMAL,22.8,3.0,11.9,10.1
15731,0.3706,0,NORMAL,23.7,3.9,15.5,14.2
15732,0.2818,0,NORMAL,24.1,4.3,16.7,13.3
15733,0.4633,0,NORMAL,23.1,3.9,19.4,16.1
15734,0.3458,0,NORMAL,20.6,4.1,17.9,13.7
15735,0.2359,0,NORMAL,21.2,2.8,13.6,10.9
15736,0.3811,0,NORMAL,21.8,5.9,16.3,13.2
15737,0.2276,0,NORMAL,21.7,3.9,13.9,11.4
15738,0.2246,0,NORMAL,21.3,2.9,13.4,10.4
15739,0.2248,0,NORMAL,21.4,2.9,11.7,10.1
15740,0.9487,0,WARNING,22.0,3.6,21.1,11.6
15741,0.3548,0,NORMAL,22.0,3.6,13.6,11.4
15742,0.844,0,WARNING,21.7,4.7,12.3,9.9
15743,0.1572,0,NORMAL,21.8,2.1,10.0,8.6
15744,0.3973,0,NORMAL,21.8,3.6,16.4,12.6
15745,0.3704,0,NORMAL,23.3,4.2,18.7,14.6
15746,0.3459,0,NORMAL,23.7,5.4,18.2,14.3
15747,0.2802,0,NORMAL,21.8,3.6,14.6,15.9
15748,0.2419,0,NORMAL,18.5,2.1,10.8,9.4
15749,0.1961,0,NORMAL,19.5,2.7,12.8,10.9
15750,0.3111,0,NORMAL,20.9,4.1,16.9,13.0
15751,0.288,0,NORMAL,22.4,4.1,15.2,11.5
15752,0.2611,0,NORMAL,22.1,3.7,13.7,11.4
15753,0.1949,0,NORMAL,21.9,2.3,12.4,10.9
15754,0.3934,0,NORMAL,22.4,3.0,13.0,9.9
15755,0.2277,0,NORMAL,22.4,4.2,15.1,11.7
15756,0.2652,0,NORMAL,22.9,3.5,11.7,9.2
15757,0.164,0,NORMAL,22.1,3.3,11.5,9.4
15758,0.1519,0,NORMAL,22.5,1.9,9.6,8.4
15759,0.161,0,NORMAL,23.6,2.2,11.4,10.2
15760,0.2358,0,NORMAL,23.7,3.5,14.1,11.8
15761,0.1925,0,NORMAL,23.5,3.4,10.6,9.0
15762,0.1402,0,NORMAL,20.9,2.6,9.8,8.9
15763,0.2198,0,NORMAL,20.2,2.6,12.9,10.5
15764,0.282,0,NORMAL,20.1,3.3,14.7,11.0
15765,0.3782,0,NORMAL,21.9,4.1,16.8,15.2
15766,0.7732,0,WARNING,22.2,6.1,20.3,13.5
15767,0.3077,0,NORMAL,21.6,3.4,12.1,10.2
15768,0.1468,0,NORMAL,21.3,2.3,10.2,9.6
15769,0.1496,0,NORMAL,21.6,2.0,9.4,8.4
15770,0.2075,0,NORMAL,23.0,3.5,14.3,11.2
15771,0.456,0,NORMAL,23.8,4.2,19.8,15.4
15772,0.3932,0,NORMAL,22.8,3.2,13.7,10.9
15773,0.3953,0,NORMAL,23.3,2.9,11.3,9.5
15774,0.3941,0,NORMAL,22.9,3.0,10.0,8.4
15775,0.2651,0,NORMAL,24.2,3.6,11.0,8.5
15776,0.3123,0,NORMAL,24.0,4.3,11.6,10.1
15777,0.3204,0,NORMAL,23.9,3.4,9.5,7.2
15778,0.1281,0,NORMAL,21.3,2.3,10.8,9.8
15779,0.7303,0,WARNING,19.3,3.9,13.8,10.8
15780,0.1657,0,NORMAL,18.7,2.9,12.2,10.1
15781,0.1183,0,NORMAL,19.3,3.2,8.4,6.6
15782,0.1402,0,NORMAL,20.7,2.0,9.3,8.4
15783,0.1692,0,NORMAL,20.8,2.1,9.8,8.3
15784,0.134,0,NORMAL,21.1,2.6,9.8,7.3
15785,0.1058,0,NORMAL,21.5,2.3,7.1,7.3
15786,0.2865,0,NORMAL,20.9,2.8,7.2,6.8
15787,0.1382,0,NORMAL,21.7,2.5,8.9,7.2
15788,0.2073,0,NORMAL,20.4,1.0,4.5,4.0
15789,0.1489,0,NORMAL,21.2,1.5,5.3,6.1
15790,0.1807,0,NORMAL,20.9,1.8,6.6,6.8
15791,0.109,0,NORMAL,21.7,2.6,8.6,8.7
15792,0.1235,0,NORMAL,21.5,2.0,9.9,7.7
15793,0.1732,0,NORMAL,21.3,1.5,4.8,4.6
15794,0.4233,0,NORMAL,21.3,2.1,5.7,5.4
15795,0.1412,0,NORMAL,22.0,3.1,10.7,9.7
15796,0.3085,0,NORMAL,23.9,5.7,17.6,13.6
15797,0.3627,0,NORMAL,24.4,4.5,15.0,11.3
15798,0.2816,0,NORMAL,20.3,2.6,10.5,8.5
15799,0.1155,0,NORMAL,18.1,2.5,9.1,8.4
15800,0.129,0,NORMAL,18.6,2.8,9.5,7.9
15801,0.1333,0,NORMAL,19.4,2.7,7.4,5.9
15802,0.7808,0,WARNING,20.7,4.6,8.7,7.5
15803,0.1811,0,NORMAL,21.0,1.9,9.1,7.8
15804,0.198,0,NORMAL,20.7,2.4,8.1,7.7
15805,0.1423,0,NORMAL,22.4,3.3,10.3,9.4
15806,0.419,0,NORMAL,23.0,4.2,8.6,7.1
15807,0.2365,0,NORMAL,22.5,2.5,8.3,7.9
15808,0.2587,0,NORMAL,21.9,1.0,4.3,3.8
15809,0.2543,0,NORMAL,22.5,1.4,5.6,6.4
15810,0.2467,0,NORMAL,22.5,2.7,8.8,7.6
15811,0.2601,0,NORMAL,23.0,3.3,10.8,7.7
15812,0.3576,0,NORMAL,22.3,2.4,5.7,5.8
15813,0.3014,0,NORMAL,23.1,1.9,7.5,8.0
15814,0.933,0,WARNING,24.1,4.1,9.7,8.2
15815,0.3226,0,NORMAL,23.7,3.0,8.5,6.8
15816,0.3682,0,NORMAL,23.3,3.5,6.6,4.7
15817,0.3761,0,NORMAL,23.9,2.3,6.8,6.3
15818,0.1754,0,NORMAL,20.1,1.2,5.7,5.8
15819,0.6755,0,WARNING,18.3,2.3,5.8,5.9
15820,0.1576,0,NORMAL,18.4,1.9,4.4,4.2
15821,0.1453,0,NORMAL,19.4,2.6,6.3,5.6
15822,0.6149,0,WARNING,20.0,3.6,7.9,6.4
15823,0.162,0,NORMAL,19.9,1.9,8.0,7.9
15824,0.4283,0,NORMAL,19.7,2.4,7.7,7.4
15825,0.7618,0,WARNING,21.0,5.2,14.0,13.0
15826,0.2245,0,NORMAL,20.7,4.1,11.8,8.8
15827,0.1987,0,NORMAL,21.2,2.3,8.8,8.1
15828,0.1666,0,NORMAL,20.9,1.6,7.5,6.9
15829,0.2114,0,NORMAL,20.3,1.1,4.4,4.3
15830,0.1503,0,NORMAL,21.2,2.9,7.5,7.4
15831,0.1489,0,NORMAL,22.5,2.5,7.1,6.1
15832,0.2126,0,NORMAL,21.2,2.1,7.0,6.9
15833,0.1653,0,NORMAL,21.3,1.3,5.5,5.7
15834,0.7858,0,WARNING,22.7,4.4,13.0,10.4
15835,0.2353,0,NORMAL,23.9,3.8,14.9,11.0
15836,0.4077,0,NORMAL,24.0,5.5,16.0,12.6
15837,0.2665,0,NORMAL,20.8,2.6,9.2,8.7
15838,0.1882,0,NORMAL,17.6,1.1,4.4,4.4
15839,0.1776,0,NORMAL,19.2,2.0,8.5,7.7
15840,0.0602,0,NORMAL,17.6,2.6,7.5,6.8
15841,0.2927,0,NORMAL,18.7,3.1,8.0,8.3
15842,0.1734,0,NORMAL,18.4,1.4,5.7,5.0
15843,0.1912,0,NORMAL,18.8,1.2,3.7,4.0
15844,0.3065,0,NORMAL,20.1,2.1,5.8,6.2
15845,0.1418,0,NORMAL,19.2,1.6,5.5,5.0
15846,0.3095,0,NORMAL,19.8,2.5,5.4,6.0
15847,0.1185,0,NORMAL,20.3,2.9,6.8,5.9
15848,0.1903,0,NORMAL,20.3,1.3,3.9,4.4
15849,0.8567,0,WARNING,19.9,2.7,4.7,4.7
15850,0.13,0,NORMAL,20.8,3.3,9.0,7.6
15851,0.1261,0,NORMAL,21.7,3.5,8.7,7.7
15852,0.8458,0,WARNING,21.6,4.2,9.2,8.2
15853,0.1906,0,NORMAL,21.0,1.1,4.8,4.4
15854,0.4211,0,NORMAL,20.9,2.2,4.8,5.1
15855,0.3774,0,NORMAL,22.4,3.7,12.1,10.6
15856,0.4148,0,NORMAL,22.1,5.4,12.9,10.6
15857,0.9688,0,WARNING,22.8,6.2,12.7,10.5
15858,0.2434,0,NORMAL,23.5,4.2,14.2,11.8
15859,0.1843,0,NORMAL,21.9,3.3,9.4,7.5
15860,0.5057,0,NORMAL,20.1,4.4,9.5,7.9
15861,0.2625,0,NORMAL,20.4,3.4,10.8,8.6
15862,0.1912,0,NORMAL,19.9,3.7,10.0,6.7
15863,0.6727,0,WARNING,20.6,3.7,8.5,6.9
15864,0.2853,0,NORMAL,21.5,3.2,13.0,10.0
15865,0.1317,0,NORMAL,22.0,3.5,10.6,8.7
15866,0.8775,0,WARNING,21.6,4.9,10.5,9.6
15867,0.408,0,NORMAL,23.2,3.5,14.7,13.7
15868,0.2655,0,NORMAL,21.4,2.2,8.8,7.5
15869,0.9745,0,WARNING,23.0,5.1,15.4,11.0
15870,0.21,0,NORMAL,21.7,3.1,10.6,8.9
15871,0.9742,0,WARNING,22.0,5.6,9.9,8.6
15872,0.1582,0,NORMAL,22.3,2.9,8.2,7.4
15873,0.1647,0,NORMAL,22.5,2.0,7.6,6.4
15874,0.2866,0,NORMAL,21.3,1.7,6.3,4.5
15875,0.5087,0,NORMAL,22.7,2.6,12.5,9.2
15876,0.4117,0,NORMAL,24.5,5.2,15.5,10.5
15877,0.5092,0,NORMAL,22.1,4.8,14.5,10.8
15878,0.245,0,NORMAL,18.4,2.2,10.4,8.9
15879,0.1633,0,NORMAL,18.2,1.8,7.6,5.8
15880,0.1465,0,NORMAL,19.1,2.5,9.3,8.0
15881,0.1366,0,NORMAL,20.1,2.7,8.6,7.8
15882,0.0974,0,NORMAL,20.4,2.2,6.3,6.2
15883,0.3577,0,NORMAL,20.5,2.4,13.4,13.0
15884,0.6759,0,WARNING,20.1,3.6,11.9,10.7
15885,0.1582,0,NORMAL,20.7,3.7,10.3,8.7
15886,0.2834,0,NORMAL,21.0,3.6,9.2,8.0
15887,0.1418,0,NORMAL,21.4,3.0,9.5,8.6
15888,0.1846,0,NORMAL,21.4,2.1,9.4,9.1
15889,0.2669,0,NORMAL,22.5,2.8,13.6,11.7
15890,0.731,0,WARNING,23.0,5.3,20.3,13.9
15891,0.3529,0,NORMAL,23.0,3.3,14.1,11.7
15892,0.1927,0,NORMAL,23.2,3.2,12.5,10.5
15893,0.2515,0,NORMAL,23.8,3.3,14.6,11.9
15894,0.395,0,NORMAL,22.2,3.1,13.1,12.5
15895,0.1814,0,NORMAL,21.0,2.9,12.0,9.8
15896,0.8483,0,WARNING,21.3,6.6,20.5,15.0
15897,0.3479,0,NORMAL,21.3,4.1,13.6,10.4
15898,0.1717,0,NORMAL,20.5,2.0,9.9,9.0
15899,0.3306,0,NORMAL,21.6,3.4,16.2,13.4
15900,0.4995,0,NORMAL,19.3,5.4,20.4,16.0
15901,0.9879,0,WARNING,15.1,7.3,12.1,9.6
15902,0.3303,0,NORMAL,16.1,4.1,16.9,13.4
15903,0.2116,0,NORMAL,15.7,2.7,10.4,7.7
15904,0.6633,0,WARNING,16.1,3.9,12.3,10.6
15905,0.2666,0,NORMAL,16.4,3.0,8.8,7.9
15906,0.597,0,NORMAL,18.1,5.8,20.7,15.6
15907,0.9854,0,WARNING,17.6,6.3,15.4,10.7
15908,0.2069,0,NORMAL,17.9,2.5,12.0,10.6
15909,0.5843,0,NORMAL,20.2,4.3,20.9,17.6
15910,0.7174,0,WARNING,18.0,5.4,17.0,12.8
15911,0.2368,0,NORMAL,17.7,3.3,13.5,11.0
15912,0.2364,0,NORMAL,18.0,4.0,14.3,12.1
15913,0.235,0,NORMAL,19.4,2.1,9.1,8.0
15914,0.2752,0,NORMAL,19.7,3.9,14.7,12.1
15915,0.4079,0,NORMAL,17.2,5.1,18.4,14.8
15916,0.3872,0,NORMAL,15.1,4.8,13.6,12.0
15917,0.8108,0,WARNING,15.5,4.8,11.0,9.3
15918,0.3467,0,NORMAL,17.8,3.6,15.9,14.0
15919,0.386,0,NORMAL,18.2,4.1,18.2,14.6
15920,0.4328,0,NORMAL,18.2,4.5,19.7,13.6
15921,0.5554,0,NORMAL,20.3,6.2,25.2,18.6
15922,0.4047,0,NORMAL,18.8,3.4,16.3,11.0
15923,0.9511,0,WARNING,19.9,5.6,14.8,11.5
15924,0.5792,0,NORMAL,19.1,3.4,11.7,9.7
15925,0.2674,0,NORMAL,18.8,3.3,14.6,12.1
15926,0.4408,0,NORMAL,20.0,4.5,18.7,16.3
15927,0.3373,0,NORMAL,19.0,4.5,13.1,9.5
15928,0.2973,0,NORMAL,19.2,3.2,14.7,13.3
15929,0.2285,0,NORMAL,16.6,3.1,14.3,12.3
15930,0.3885,0,NORMAL,14.4,3.5,13.9,10.4
15931,0.2204,0,NORMAL,15.9,4.2,15.0,11.7
15932,0.4845,0,NORMAL,18.4,4.5,18.7,15.8
15933,0.3727,0,NORMAL,17.9,3.4,14.3,11.8
15934,0.719,0,WARNING,17.4,4.6,14.8,12.4
15935,0.6621,0,WARNING,20.4,4.4,23.3,17.0
15936,0.5022,0,NORMAL,20.3,5.6,19.0,13.2
15937,0.3144,0,NORMAL,19.3,3.6,10.6,8.8
15938,0.1414,0,NORMAL,18.6,2.5,10.6,8.9
15939,0.1424,0,NORMAL,18.0,1.7,8.4,7.7
15940,0.1388,0,NORMAL,17.3,2.2,9.1,8.1
15941,0.1741,0,NORMAL,18.5,3.2,11.6,9.8
15942,0.2221,0,NORMAL,18.1,1.8,9.0,8.2
15943,0.1781,0,NORMAL,18.7,2.4,11.4,9.5
15944,0.1317,0,NORMAL,15.3,2.5,8.1,7.1
15945,0.1352,0,NORMAL,14.6,3.7,11.8,10.3
15946,0.5168,0,NORMAL,15.1,4.4,14.7,12.1
15947,0.3969,0,NORMAL,16.8,4.9,16.6,14.5
15948,0.4503,0,NORMAL,16.4,3.6,13.0,11.5
15949,0.2523,0,NORMAL,16.1,2.6,8.7,7.6
15950,0.2624,0,NORMAL,17.5,3.7,13.5,11.2
15951,0.3384,0,NORMAL,17.4,4.0,12.6,11.1
15952,0.4334,0,NORMAL,16.7,4.1,11.8,10.8
15953,0.8058,0,WARNING,18.3,3.6,19.1,13.4
15954,0.5781,0,NORMAL,18.4,4.7,17.2,14.1
15955,0.3829,0,NORMAL,20.1,5.3,17.2,13.0
15956,0.4832,0,NORMAL,20.0,5.3,13.6,10.9
15957,0.3379,0,NORMAL,19.7,3.9,12.4,10.6
15958,0.4674,0,NORMAL,19.2,3.3,13.8,12.5
15959,0.3305,0,NORMAL,17.3,3.6,15.8,13.4
15960,0.5656,0,NORMAL,18.4,5.2,20.6,14.7
15961,0.9596,0,WARNING,21.1,7.0,24.0,15.6
15962,0.3831,0,NORMAL,20.7,3.1,11.8,9.8
15963,0.9848,0,WARNING,21.9,6.2,15.6,13.7
15964,0.9601,0,WARNING,22.5,3.9,22.2,12.5
15965,0.2886,0,NORMAL,22.3,3.3,13.8,11.4
15966,0.3624,0,NORMAL,22.0,4.5,14.1,12.5
15967,0.3129,0,NORMAL,23.9,4.2,18.1,12.7
15968,0.2558,0,NORMAL,22.3,2.6,12.6,10.9
15969,0.1506,0,NORMAL,23.4,2.6,11.2,9.6
15970,0.1414,0,NORMAL,23.5,3.0,10.6,9.6
15971,0.2072,0,NORMAL,23.9,3.9,13.0,10.7
15972,0.2027,0,NORMAL,23.9,3.3,13.0,9.6
15973,0.4892,0,NORMAL,23.4,4.5,21.1,17.3
15974,0.3814,0,NORMAL,20.2,3.9,15.3,11.6
15975,0.1919,0,NORMAL,20.2,3.8,13.7,10.7
15976,0.3829,0,NORMAL,20.8,4.4,12.6,11.1
15977,0.336,0,NORMAL,20.8,3.7,11.0,9.8
15978,0.1753,0,NORMAL,21.1,2.8,10.0,9.3
15979,0.2007,0,NORMAL,21.2,2.7,9.7,8.4
15980,0.1433,0,NORMAL,21.6,3.8,12.6,10.8
15981,0.5371,0,NORMAL,24.7,5.0,19.1,15.8
15982,0.9294,0,WARNING,23.9,6.0,16.2,13.3
15983,0.4459,0,NORMAL,25.5,3.1,16.2,13.2
15984,0.9417,0,WARNING,24.6,5.9,15.3,12.1
15985,0.2618,0,NORMAL,24.6,3.3,15.7,11.4
15986,0.4544,0,NORMAL,25.6,5.1,19.8,15.5
15987,0.4221,0,NORMAL,23.9,4.1,19.0,15.5
15988,0.4254,0,NORMAL,22.0,3.6,18.1,14.3
15989,0.383,0,NORMAL,21.5,3.8,18.3,14.6
15990,0.3038,0,NORMAL,21.7,3.6,16.5,12.7
15991,0.2017,0,NORMAL,21.1,2.6,11.0,10.1
15992,0.2744,0,NORMAL,22.0,4.2,17.0,13.2
15993,0.1573,0,NORMAL,22.4,2.2,12.2,9.8
15994,0.5031,0,NORMAL,21.8,2.5,7.0,6.2
15995,0.2358,0,NORMAL,23.1,3.8,14.1,11.8
15996,0.3111,0,NORMAL,23.4,5.6,18.2,13.2
15997,0.3458,0,NORMAL,23.8,4.2,18.7,14.0
15998,0.2928,0,NORMAL,23.5,3.1,15.2,11.6
15999,0.1906,0,NORMAL,23.9,2.5,12.7,9.9
16000,0.1776,0,NORMAL,23.6,2.6,10.8,8.5
16001,0.1888,0,NORMAL,24.3,3.7,13.2,10.7
16002,0.2113,0,NORMAL,22.4,3.6,13.2,11.9
16003,0.1681,0,NORMAL,18.9,1.7,8.1,7.2
16004,0.6005,0,WARNING,20.1,3.5,12.3,10.7
16005,0.2436,0,NORMAL,21.3,4.2,15.4,12.3
16006,0.5085,0,NORMAL,22.4,4.7,15.4,11.0
16007,0.9939,0,WARNING,22.7,8.9,16.0,13.1
16008,0.2696,0,NORMAL,21.5,1.9,9.8,9.1
16009,0.2882,0,NORMAL,23.2,2.8,13.5,9.3
16010,0.1572,0,NORMAL,22.7,3.1,12.3,10.2
16011,0.4656,0,NORMAL,25.1,3.0,11.3,8.9
16012,0.3628,0,NORMAL,24.3,4.0,19.2,14.1
16013,0.289,0,NORMAL,23.5,2.8,11.4,9.2
16014,0.8488,0,WARNING,23.7,3.4,18.2,11.3
16015,0.3828,0,NORMAL,25.3,4.2,15.3,12.2
16016,0.3977,0,NORMAL,25.3,4.8,18.1,12.1
16017,0.2707,0,NORMAL,24.0,3.5,13.5,10.5
16018,0.1608,0,NORMAL,20.9,3.4,13.0,11.2
16019,0.1342,0,NORMAL,19.4,3.3,12.2,9.3
16020,0.1784,0,NORMAL,17.7,3.9,14.4,11.0
16021,0.3833,0,NORMAL,16.9,3.6,13.9,11.5
16022,0.2899,0,NORMAL,17.0,2.8,14.2,12.6
16023,0.1742,0,NORMAL,16.2,2.3,9.5,7.8
16024,0.4017,0,NORMAL,16.2,3.7,10.7,9.2
16025,0.2522,0,NORMAL,18.2,3.3,14.8,12.5
16026,0.398,0,NORMAL,18.3,4.7,13.3,11.2
16027,0.3118,0,NORMAL,19.2,4.4,18.9,14.0
16028,0.6318,0,WARNING,20.5,8.6,26.6,18.2
16029,0.5938,0,NORMAL,20.4,8.4,26.0,17.4
16030,0.6789,0,WARNING,20.8,8.7,23.9,15.6
16031,0.7017,0,WARNING,20.9,8.3,18.4,11.8
16032,0.6989,0,WARNING,21.7,8.5,21.9,15.0
16033,0.4433,0,NORMAL,18.9,7.1,19.4,13.1
16034,0.2682,0,NORMAL,15.3,6.1,17.5,11.2
16035,0.4912,0,NORMAL,18.8,7.5,20.0,14.7
16036,0.3777,0,NORMAL,18.6,6.7,18.4,12.0
16037,0.6028,0,WARNING,18.6,7.9,18.2,12.8
16038,0.4493,0,NORMAL,19.4,7.3,21.7,15.5
16039,0.3599,0,NORMAL,21.0,6.5,19.2,14.2
16040,0.5642,0,NORMAL,21.1,8.1,25.2,16.0
16041,0.4867,0,NORMAL,21.5,7.5,23.1,15.8
16042,0.6541,0,WARNING,20.3,7.8,22.0,14.4
16043,0.4402,0,NORMAL,21.7,5.7,21.3,12.7
16044,0.9083,0,WARNING,21.3,7.4,28.1,15.9
16045,0.5507,0,NORMAL,22.9,7.9,22.9,15.4
16046,0.6755,0,WARNING,19.8,9.8,25.9,16.2
16047,0.6951,0,WARNING,19.5,9.1,28.3,18.3
16048,0.5652,0,NORMAL,19.7,8.0,24.8,17.2
16049,0.4748,0,NORMAL,20.7,7.2,22.7,15.9
16050,0.5914,0,NORMAL,21.1,8.2,27.7,17.7
16051,0.4324,0,NORMAL,21.0,6.7,20.5,14.2
16052,0.6526,0,WARNING,20.3,8.0,20.2,13.1
16053,0.3772,0,NORMAL,20.3,4.7,13.3,9.0
16054,0.3922,0,NORMAL,21.0,6.9,16.6,11.4
16055,0.5499,0,NORMAL,21.2,7.1,20.0,13.9
16056,0.5191,0,NORMAL,21.9,7.9,21.8,15.1
16057,0.4832,0,NORMAL,20.7,6.6,16.4,10.9
16058,0.4292,0,NORMAL,21.0,6.5,17.1,12.2
16059,0.3332,0,NORMAL,18.5,6.2,17.1,11.7
16060,0.9116,0,WARNING,16.6,9.4,17.4,11.4
16061,0.6623,0,WARNING,19.3,8.7,21.3,13.7
16062,0.5366,0,NORMAL,19.3,7.1,18.9,12.3
16063,0.4748,0,NORMAL,19.6,6.8,18.5,12.1
16064,0.3278,0,NORMAL,19.8,6.6,18.5,13.0
16065,0.507,0,NORMAL,21.0,7.4,23.5,15.0
16066,0.5619,0,NORMAL,21.4,8.1,19.4,12.7
16067,0.5224,0,NORMAL,21.1,7.4,20.4,13.0
16068,0.417,0,NORMAL,20.7,5.5,16.2,11.4
16069,0.4325,0,NORMAL,21.4,6.6,18.5,12.8
16070,0.684,0,WARNING,21.5,9.0,22.7,15.6
16071,0.5725,0,NORMAL,21.8,7.5,19.9,13.0
16072,0.6193,0,WARNING,20.4,7.6,18.5,12.3
16073,0.3447,0,NORMAL,18.0,5.9,18.3,13.1
16074,0.4501,0,NORMAL,17.3,7.6,20.5,13.7
16075,0.5066,0,NORMAL,19.8,7.6,25.2,15.4
16076,0.8789,0,WARNING,22.9,11.5,36.4,24.7
16077,0.9267,0,WARNING,20.0,9.3,20.5,12.7
16078,0.7132,0,WARNING,20.7,8.1,19.5,13.3
16079,0.3709,0,NORMAL,21.5,6.4,20.5,15.4
16080,0.5773,0,NORMAL,21.8,8.3,28.1,19.4
16081,0.9211,0,WARNING,22.1,5.9,25.9,13.9
16082,0.5088,0,NORMAL,24.4,7.6,25.6,16.4
16083,0.3488,0,NORMAL,25.1,6.2,20.4,14.1
16084,0.4134,0,NORMAL,25.0,7.0,22.1,13.5
16085,0.5985,0,NORMAL,24.7,7.7,23.0,13.5
16086,0.9809,0,WARNING,25.9,10.8,21.6,14.5
16087,0.59,0,NORMAL,24.6,7.1,15.2,9.0
16088,0.3859,0,NORMAL,24.5,5.0,12.5,8.7
16089,0.4529,0,NORMAL,24.8,6.3,14.8,9.5
16090,0.6382,0,WARNING,25.4,7.7,19.4,13.3
16091,0.5651,0,NORMAL,25.5,6.7,16.3,10.9
16092,0.6067,0,WARNING,25.2,7.0,17.0,10.9
16093,0.4654,0,NORMAL,25.8,5.0,15.8,11.4
16094,0.4892,0,NORMAL,22.3,6.1,15.6,9.8
16095,0.564,0,NORMAL,21.7,7.4,18.0,12.1
16096,0.7006,0,WARNING,23.5,9.3,19.2,14.0
16097,0.6731,0,WARNING,24.1,8.5,20.7,13.9
16098,0.558,0,NORMAL,23.4,7.7,17.8,11.4
16099,0.5069,0,NORMAL,23.6,6.9,15.2,10.1
16100,1.0,0,ANOMALY,24.3,10.6,14.7,10.8
16101,0.4808,0,NORMAL,24.6,6.4,15.6,10.9
16102,0.5394,0,NORMAL,25.2,6.8,16.3,10.5
16103,0.4799,0,NORMAL,25.0,6.9,18.1,12.6
16104,0.7235,0,WARNING,25.7,7.5,24.0,13.8
16105,0.5471,0,NORMAL,26.1,7.5,23.4,14.6
16106,0.5234,0,NORMAL,26.5,8.2,22.9,16.2
16107,0.5874,0,NORMAL,23.4,7.6,21.4,14.2
16108,0.4349,0,NORMAL,21.2,6.5,21.5,13.8
16109,0.5261,0,NORMAL,22.4,7.4,20.4,13.3
16110,0.4839,0,NORMAL,25.6,7.1,23.8,15.7
16111,0.4874,0,NORMAL,25.5,7.3,23.0,14.4
16112,0.5049,0,NORMAL,25.2,6.9,21.5,14.3
16113,0.4937,0,NORMAL,26.5,7.0,23.2,13.9
16114,0.8352,0,WARNING,25.6,7.3,21.8,15.2
16115,0.8641,0,WARNING,25.8,8.5,21.7,14.6
16116,0.6162,0,WARNING,25.2,8.7,22.3,14.2
16117,0.709,0,WARNING,25.8,8.8,20.6,12.4
16118,0.5765,0,NORMAL,26.7,8.0,24.0,15.7
16119,0.7299,0,WARNING,26.6,7.5,25.2,12.7
16120,0.6358,0,WARNING,26.6,8.1,25.3,14.1
16121,0.616,0,WARNING,24.3,8.4,24.1,16.1
16122,0.6494,0,WARNING,21.8,8.3,25.4,16.0
16123,0.5434,0,NORMAL,23.8,7.7,24.2,15.7
16124,0.4965,0,NORMAL,24.4,8.2,22.7,15.4
16125,0.9846,0,WARNING,24.0,8.1,29.5,13.3
16126,0.9961,1,WARNING,24.5,9.8,29.2,11.9
16127,0.9916,1,WARNING,24.6,8.6,26.1,11.3
16128,0.9842,1,WARNING,24.7,8.4,24.9,10.1
16129,0.9638,1,WARNING,24.6,8.6,22.2,9.7
16130,0.961,1,WARNING,25.4,8.1,23.2,11.2
16131,0.9802,1,WARNING,26.2,9.7,25.0,11.2
16132,0.9969,1,WARNING,25.9,10.1,29.8,11.3
16133,0.9978,1,WARNING,26.5,10.3,30.4,11.7
16134,0.9991,1,WARNING,27.4,11.2,28.3,12.5
16135,0.992,1,WARNING,24.3,9.6,28.1,11.5
16136,0.999,1,WARNING,22.2,11.4,30.7,10.7
16137,0.9883,1,WARNING,22.9,10.7,28.2,12.9
16138,0.9999,1,WARNING,25.2,10.7,34.4,12.1
16139,0.9842,1,WARNING,24.2,10.4,26.8,11.8
16140,0.9985,1,WARNING,21.9,9.7,29.3,10.4
16141,1.0,1,ANOMALY,20.2,10.0,38.3,12.0
16142,0.9961,1,WARNING,21.4,9.6,29.0,11.7
16143,0.9965,1,WARNING,22.4,10.4,28.2,10.1
16144,0.9963,1,WARNING,22.6,8.4,25.5,8.7
16145,0.9647,1,WARNING,23.4,7.4,19.7,8.3
16146,0.9992,1,WARNING,23.3,9.8,29.0,9.3
16147,0.9933,1,WARNING,23.3,8.7,25.1,9.9
16148,1.0,1,WARNING,24.1,9.6,36.0,11.0
16149,0.9999,1,WARNING,24.3,11.7,32.0,11.9
16150,0.9999,1,WARNING,24.7,9.5,34.3,10.6
16151,0.9745,1,WARNING,24.3,9.2,24.6,11.0
16152,0.9916,1,WARNING,24.4,9.5,26.6,10.7
16153,0.9998,1,WARNING,25.1,10.6,35.8,11.8
16154,0.9998,1,WARNING,25.2,11.9,30.1,11.1
16155,0.9911,1,WARNING,24.4,10.5,27.9,12.1
16156,0.9998,1,WARNING,21.8,12.6,33.8,11.5
16157,1.0,1,ANOMALY,21.3,11.0,34.9,12.2
16158,0.9997,1,WARNING,22.3,10.3,34.4,13.1
16159,0.9968,1,WARNING,22.9,8.9,27.9,11.2
16160,1.0,1,ANOMALY,24.2,14.3,23.7,10.7
16161,0.9998,1,WARNING,23.4,7.3,31.3,10.9
16162,0.9933,1,WARNING,23.8,9.9,24.1,10.7
16163,0.9997,1,WARNING,24.0,11.1,32.7,11.5
16164,0.9955,1,WARNING,23.8,8.6,26.5,10.5
16165,0.9995,1,WARNING,24.6,10.8,32.3,12.3
16166,0.9904,1,WARNING,24.2,10.5,26.2,11.1
16167,0.9975,1,WARNING,24.1,10.9,26.9,11.1
16168,0.999,1,WARNING,24.3,10.1,31.5,12.3
16169,0.9989,1,WARNING,24.5,10.7,33.1,12.9
16170,0.9999,1,WARNING,24.3,11.2,37.2,12.5
16171,0.9973,1,WARNING,22.2,11.2,29.1,11.4
16172,0.9874,1,WARNING,22.6,9.6,25.2,11.1
16173,0.9994,1,WARNING,22.4,8.5,30.4,10.8
16174,0.9918,1,WARNING,23.4,12.0,23.5,10.9
16175,0.9957,1,WARNING,23.3,8.9,27.5,10.9
16176,0.9902,1,WARNING,23.7,12.3,24.9,11.4
16177,0.9371,1,WARNING,24.9,9.3,23.8,11.4
16178,0.9989,1,WARNING,24.7,9.6,33.4,13.7
16179,0.995,1,WARNING,24.8,10.4,27.3,11.1
16180,0.9983,1,WARNING,25.5,9.9,31.8,11.4
16181,0.9999,1,WARNING,26.5,11.3,38.4,13.1
16182,0.9993,1,WARNING,25.4,14.2,34.3,12.3
16183,0.9988,1,WARNING,25.3,10.4,31.1,11.5
16184,0.9993,1,WARNING,25.2,11.3,31.0,10.8
16185,0.9997,1,WARNING,25.1,11.1,32.5,11.9
16186,0.9974,1,WARNING,22.9,11.7,29.8,12.4
16187,0.9968,1,WARNING,23.1,8.5,28.7,11.8
16188,0.9821,1,WARNING,23.2,8.6,24.2,10.6
16189,0.9936,1,WARNING,23.7,7.7,24.4,9.6
16190,0.9975,1,WARNING,23.1,7.2,26.4,11.2
16191,0.9918,1,WARNING,23.9,6.5,22.2,9.5
16192,0.999,1,WARNING,23.9,7.7,30.6,12.2
16193,0.9926,1,WARNING,25.0,8.9,25.0,10.6
16194,0.9971,1,WARNING,26.0,10.6,28.8,12.6
16195,0.9956,1,WARNING,24.6,8.1,25.7,11.9
16196,0.9997,1,WARNING,24.4,9.6,31.1,10.8
16197,0.9989,1,WARNING,24.8,11.4,25.5,11.4
16198,0.9993,1,WARNING,24.5,8.1,29.6,10.9
16199,0.9989,1,WARNING,23.3,7.6,24.7,7.8
16200,0.9998,1,WARNING,21.2,9.4,29.8,8.2
16201,0.9968,1,WARNING,19.7,8.4,25.1,9.0
16202,0.9993,1,WARNING,21.1,8.8,30.2,10.6
16203,1.0,1,ANOMALY,22.1,11.4,27.6,9.5
16204,0.959,1,WARNING,21.8,9.1,19.9,8.0
16205,0.9956,1,WARNING,22.9,7.7,25.6,10.2
16206,0.9859,1,WARNING,22.9,10.7,22.2,9.4
16207,0.999,1,WARNING,23.5,7.1,26.9,9.5
16208,0.9842,1,WARNING,23.5,8.3,23.9,10.3
16209,0.9987,1,WARNING,23.7,11.2,24.3,10.4
16210,0.9992,1,WARNING,24.1,7.9,28.0,9.0
16211,0.9909,1,WARNING,24.4,7.6,21.9,7.9
16212,0.9909,1,WARNING,24.6,9.6,24.2,10.0
16213,0.9972,1,WARNING,24.8,10.9,29.0,10.8
16214,0.9935,1,WARNING,25.4,10.1,20.2,13.7
16215,0.5898,1,NORMAL,25.6,9.3,27.1,19.9
16216,0.8248,1,WARNING,23.1,10.8,29.9,20.4
16217,0.7014,1,WARNING,23.0,9.4,28.3,22.1
16218,0.6315,1,WARNING,24.2,8.1,28.3,21.6
16219,0.7896,1,WARNING,23.5,6.2,23.9,14.2
16220,0.4381,1,NORMAL,24.4,6.6,16.4,10.5
16221,0.6313,1,WARNING,24.6,7.0,13.4,8.5
16222,0.5937,1,NORMAL,25.1,7.6,18.0,12.2
16223,0.3368,1,NORMAL,24.6,4.6,13.6,9.4
16224,0.5796,1,NORMAL,23.6,5.4,10.2,7.2
16225,0.3653,1,NORMAL,24.5,6.0,14.6,10.4
16226,0.5861,1,NORMAL,25.2,8.0,17.6,12.1
16227,0.406,1,NORMAL,24.6,4.7,12.0,7.8
16228,0.344,1,NORMAL,24.4,5.6,15.6,11.3
16229,0.3439,1,NORMAL,22.7,5.9,16.2,11.7
16230,0.3221,1,NORMAL,21.1,5.7,17.5,11.0
16231,0.5596,1,NORMAL,22.3,8.1,17.3,11.1
16232,0.4356,1,NORMAL,22.2,6.1,15.1,10.9
16233,0.1735,1,NORMAL,22.6,3.9,14.1,9.0
16234,0.2533,1,NORMAL,22.7,5.7,12.5,8.3
16235,0.3405,1,NORMAL,23.8,5.3,12.5,9.0
16236,0.6788,1,WARNING,25.2,9.4,20.4,14.1
16237,0.5985,1,NORMAL,25.1,8.5,21.9,14.8
16238,0.5198,1,NORMAL,25.9,7.6,22.3,14.2
16239,0.4804,1,NORMAL,26.1,7.2,18.7,12.8
16240,0.6127,1,WARNING,26.0,8.5,19.0,12.8
16241,0.6296,1,WARNING,27.3,8.3,23.4,14.0
16242,0.6047,1,WARNING,26.6,8.1,20.5,13.4
16243,0.4174,1,NORMAL,26.2,6.4,16.5,10.3
16244,0.7081,1,WARNING,23.1,7.6,15.9,11.0
16245,0.3734,1,NORMAL,21.6,6.1,16.6,11.8
16246,0.5729,1,NORMAL,22.8,8.4,19.6,14.7
16247,0.7043,1,WARNING,25.6,9.7,23.4,16.0
16248,0.6407,1,WARNING,26.1,8.9,24.4,17.7
16249,0.5051,1,NORMAL,26.5,7.7,23.8,17.3
16250,0.66,1,WARNING,28.1,9.5,30.2,20.8
16251,0.6167,1,WARNING,27.3,8.8,27.3,17.1
16252,0.9999,1,WARNING,28.4,12.0,24.3,16.8
16253,0.6065,1,WARNING,27.3,7.3,19.3,13.8
16254,0.6252,1,WARNING,29.4,8.9,25.4,18.1
16255,0.9051,1,WARNING,29.5,10.8,26.9,16.8
16256,0.5875,1,NORMAL,26.1,9.4,23.2,16.0
16257,0.7883,1,WARNING,24.0,10.9,22.9,15.7
16258,0.4375,1,NORMAL,23.6,7.4,20.7,14.5
16259,0.3541,1,NORMAL,23.7,6.2,17.4,12.6
16260,0.5128,1,NORMAL,23.5,8.1,23.4,17.6
16261,0.5831,1,NORMAL,22.4,8.5,26.2,17.9
16262,0.6949,1,WARNING,23.9,9.4,24.2,17.0
16263,0.3822,1,NORMAL,25.1,6.5,18.4,13.2
16264,0.5534,1,NORMAL,24.6,7.1,20.9,13.2
16265,0.5121,1,NORMAL,25.2,7.7,20.6,14.8
16266,0.5554,1,NORMAL,25.9,8.2,24.4,16.2
16267,0.8628,1,WARNING,25.5,8.1,20.2,13.5
16268,0.5576,1,NORMAL,25.7,7.8,21.6,14.9
16269,0.4041,1,NORMAL,27.0,5.2,18.2,13.1
16270,0.5862,1,NORMAL,26.5,8.1,20.2,13.6
16271,0.587,1,NORMAL,26.1,7.9,22.0,14.9
16272,0.3887,1,NORMAL,26.1,5.6,14.6,10.2
16273,0.379,1,NORMAL,23.3,6.1,16.7,11.9
16274,0.2328,1,NORMAL,20.1,5.9,13.5,9.2
16275,0.6543,1,WARNING,21.5,7.5,15.8,11.4
16276,0.3743,1,NORMAL,23.0,7.0,16.0,12.0
16277,0.5863,1,NORMAL,23.9,7.5,16.8,11.8
16278,0.2712,1,NORMAL,23.0,4.8,12.0,9.2
16279,0.3515,1,NORMAL,24.0,6.5,17.4,12.6
16280,1.0,1,ANOMALY,27.7,13.4,19.6,13.6
16281,0.5611,1,NORMAL,24.1,7.4,19.4,12.4
16282,0.3311,1,NORMAL,23.9,5.5,14.6,9.9
16283,0.3882,1,NORMAL,24.8,6.8,17.5,12.5
16284,0.3682,1,NORMAL,24.4,6.9,19.6,12.6
16285,0.3259,1,NORMAL,24.9,6.1,19.1,13.0
16286,0.5205,1,NORMAL,26.0,7.6,19.5,13.1
16287,0.4089,1,NORMAL,23.6,6.8,21.3,16.0
16288,0.3296,1,NORMAL,20.5,5.3,20.7,13.5
16289,0.8385,1,WARNING,22.2,6.6,19.4,13.6
16290,0.39,1,NORMAL,22.8,6.4,20.4,14.9
16291,0.5629,1,NORMAL,24.2,7.8,24.4,16.6
16292,0.6094,1,WARNING,27.4,7.7,20.9,13.6
16293,0.4206,1,NORMAL,25.5,6.2,15.2,10.6
16294,0.8393,1,WARNING,24.4,5.0,10.3,7.8
16295,0.5142,1,NORMAL,24.9,6.7,15.4,9.7
16296,0.6462,1,WARNING,25.5,8.7,16.3,9.8
16297,0.8427,1,WARNING,26.0,8.5,17.3,11.6
16298,0.4998,1,NORMAL,26.2,7.2,17.9,12.2
16299,0.539,1,NORMAL,25.6,7.1,16.3,9.9
16300,0.5678,1,NORMAL,26.2,7.4,17.2,11.7
16301,0.7017,1,WARNING,26.3,8.4,19.3,12.0
16302,0.3775,1,NORMAL,22.6,5.3,11.7,7.0
16303,0.356,1,NORMAL,21.0,5.5,12.2,7.8
16304,0.2531,1,NORMAL,21.6,5.5,11.2,7.9
16305,0.3055,1,NORMAL,23.4,5.4,15.2,11.2
16306,0.9822,1,WARNING,23.7,8.9,16.7,10.3
16307,0.3922,1,NORMAL,24.6,6.4,18.0,13.1
16308,0.2332,1,NORMAL,22.8,4.4,13.2,7.9
16309,0.244,1,NORMAL,23.6,4.4,12.6,8.2
16310,0.364,1,NORMAL,24.0,5.3,11.7,8.6
16311,0.5217,1,NORMAL,24.5,6.5,14.2,10.6
16312,0.4883,1,NORMAL,24.3,6.4,14.4,10.2
16313,0.942,1,WARNING,25.2,8.0,15.6,11.3
16314,0.3678,1,NORMAL,25.0,7.0,19.7,13.2
16315,0.4924,1,NORMAL,25.7,6.4,15.9,10.8
16316,0.3926,1,NORMAL,25.3,6.1,15.0,11.2
16317,0.4178,1,NORMAL,24.9,5.8,14.0,10.3
16318,0.7669,1,WARNING,22.7,7.2,16.2,12.6
16319,0.3035,1,NORMAL,21.2,6.0,14.8,9.6
16320,0.6176,1,WARNING,20.6,8.3,19.3,13.7
16321,0.9729,1,WARNING,22.2,9.8,21.8,15.7
16322,0.5455,1,NORMAL,22.2,7.2,18.6,11.7
16323,0.3575,1,NORMAL,23.3,6.1,15.3,10.1
16324,0.9817,1,WARNING,23.0,8.0,14.8,9.5
16325,0.4558,1,NORMAL,24.6,6.3,17.1,11.6
16326,0.4686,1,NORMAL,23.7,7.0,15.1,10.3
16327,0.4513,1,NORMAL,24.3,6.2,15.6,10.9
16328,0.368,1,NORMAL,24.4,3.5,10.2,8.3
16329,0.3781,1,NORMAL,24.8,5.1,14.6,10.6
16330,0.7211,1,WARNING,25.0,6.3,11.8,7.9
16331,0.4108,1,NORMAL,25.7,6.1,16.6,12.0
16332,0.4175,1,NORMAL,24.7,5.8,15.3,10.7
16333,0.4221,1,NORMAL,25.2,5.3,12.7,8.1
16334,0.4323,1,NORMAL,26.1,5.5,14.2,10.8
16335,0.3745,1,NORMAL,21.8,5.9,13.2,9.4
16336,0.5849,1,NORMAL,19.3,8.7,19.8,13.3
16337,0.5462,1,NORMAL,21.4,7.4,17.6,12.2
16338,0.2423,1,NORMAL,21.3,4.1,10.8,8.2
16339,0.1153,1,NORMAL,21.5,4.1,8.5,6.6
16340,0.9999,1,WARNING,22.5,9.9,15.5,10.5
16341,0.1881,1,NORMAL,23.0,4.2,11.3,7.9
16342,0.5988,1,NORMAL,23.0,7.5,15.7,10.6
16343,0.8563,1,WARNING,24.2,6.0,18.6,9.9
16344,0.3191,1,NORMAL,24.6,5.5,14.2,10.2
16345,0.5295,1,NORMAL,24.5,7.2,17.3,12.4
16346,0.8706,1,WARNING,23.9,8.6,16.0,10.7
16347,0.4938,1,NORMAL,25.6,7.2,16.1,10.4
16348,0.3709,1,NORMAL,25.2,4.4,15.0,10.8
16349,0.7163,1,WARNING,25.4,7.1,16.2,11.6
16350,0.3794,1,NORMAL,24.1,4.1,10.6,7.5
16351,0.3077,1,NORMAL,21.6,5.0,11.4,8.3
16352,0.5518,1,NORMAL,19.8,6.9,15.0,9.6
16353,0.1993,1,NORMAL,20.7,4.6,12.9,9.0
16354,0.394,1,NORMAL,21.5,4.2,11.5,8.1
16355,0.4558,1,NORMAL,24.1,6.3,15.3,10.7
16356,0.9149,1,WARNING,24.1,10.0,21.3,13.4
16357,0.5791,1,NORMAL,23.8,7.7,18.9,12.3
16358,0.4692,1,NORMAL,23.3,6.3,15.7,10.0
16359,0.3395,1,NORMAL,23.6,5.8,12.0,7.6
16360,0.8091,1,WARNING,23.4,7.0,10.9,6.0
16361,0.4601,1,NORMAL,23.9,6.3,12.0,7.5
16362,0.3989,1,NORMAL,24.1,5.6,14.1,10.7
16363,0.4021,1,NORMAL,24.0,4.8,11.8,7.9
16364,0.5032,1,NORMAL,24.7,6.6,16.2,12.7
16365,0.4129,1,NORMAL,24.1,4.8,10.8,7.7
16366,0.9683,1,WARNING,25.0,9.1,13.4,9.4
16367,0.4485,1,NORMAL,25.0,5.6,13.3,10.0
16368,0.1621,1,NORMAL,21.6,4.0,10.5,7.5
16369,0.1082,1,NORMAL,18.6,4.6,10.5,7.5
16370,1.0,1,ANOMALY,20.8,8.2,13.6,10.8
16371,0.4569,1,NORMAL,21.1,6.2,14.2,9.3
16372,0.2549,1,NORMAL,21.2,5.0,11.8,9.3
16373,0.3451,1,NORMAL,23.2,6.0,13.7,9.6
16374,0.8727,1,WARNING,22.7,7.0,15.2,9.7
16375,0.337,1,NORMAL,25.0,6.2,15.1,10.1
16376,0.581,1,NORMAL,24.3,6.5,13.3,10.1
16377,0.4621,1,NORMAL,24.3,7.2,16.3,11.0
16378,0.8079,1,WARNING,23.9,6.7,13.8,9.4
16379,0.6786,1,WARNING,24.7,6.2,20.1,11.4
16380,0.4823,1,NORMAL,19.4,5.3,15.3,9.0
16381,0.8078,1,WARNING,15.0,7.9,14.0,9.2
16382,0.4118,1,NORMAL,16.2,6.4,14.5,10.3
16383,0.1365,1,NORMAL,17.0,3.8,9.6,7.1
16384,0.6613,1,WARNING,17.0,4.8,9.1,7.0
16385,0.5926,1,NORMAL,18.2,7.3,15.0,10.7
16386,0.4855,1,NORMAL,18.4,7.0,14.3,8.9
16387,0.4318,1,NORMAL,19.1,6.0,13.9,9.3
16388,0.3104,1,NORMAL,19.8,4.8,12.8,8.8
16389,0.3238,1,NORMAL,18.5,4.0,10.3,7.8
16390,0.8479,1,WARNING,19.0,6.7,13.1,10.7
16391,0.3524,1,NORMAL,19.3,5.1,13.5,10.8
16392,0.3902,1,NORMAL,19.1,4.9,9.5,5.5
16393,0.3928,1,NORMAL,19.1,4.6,8.8,6.1
16394,0.4086,1,NORMAL,18.5,5.5,8.2,5.2
16395,0.3859,1,NORMAL,19.1,5.3,9.5,7.0
16396,0.4112,1,NORMAL,19.1,5.3,9.3,6.9
16397,0.4018,1,NORMAL,19.2,5.8,10.8,7.7
16398,0.9687,1,WARNING,18.3,7.1,9.5,7.0
16399,0.3975,1,NORMAL,15.2,4.8,9.3,7.3
16400,0.8451,1,WARNING,13.3,4.2,8.9,6.1
16401,0.6693,1,WARNING,15.4,6.4,11.6,7.1
16402,0.2044,1,NORMAL,16.3,5.1,13.0,9.3
16403,0.2751,1,NORMAL,18.2,5.4,16.8,12.6
16404,0.9527,1,WARNING,18.3,7.4,16.2,11.2
16405,0.3147,1,NORMAL,18.4,5.3,14.4,9.9
16406,0.4618,1,NORMAL,18.5,7.1,13.6,9.2
16407,0.7696,1,WARNING,18.0,6.3,10.1,6.8
16408,0.304,1,NORMAL,19.3,4.7,11.9,8.6
16409,0.3125,1,NORMAL,19.1,3.9,11.8,9.3
16410,0.3122,1,NORMAL,18.7,4.8,11.4,7.9
16411,0.4791,1,NORMAL,19.8,6.2,14.8,10.3
16412,0.7733,1,WARNING,19.5,7.3,15.3,10.5
16413,0.3492,1,NORMAL,19.0,4.5,11.7,9.0
16414,0.392,1,NORMAL,18.5,4.7,9.3,6.3
16415,0.3711,1,NORMAL,19.6,5.4,11.5,7.6
16416,0.7059,1,WARNING,16.4,9.5,16.1,10.2
16417,0.6056,1,WARNING,15.1,7.3,13.6,8.2
16418,0.4149,1,NORMAL,17.0,6.0,13.6,8.7
16419,0.2181,1,NORMAL,17.6,3.7,8.9,6.6
16420,0.9999,1,WARNING,18.6,9.9,11.5,7.9
16421,0.4183,1,NORMAL,19.6,6.0,13.3,9.6
16422,0.3089,1,NORMAL,18.8,4.6,10.8,7.9
16423,0.3276,1,NORMAL,18.5,3.6,9.5,7.5
16424,0.4017,1,NORMAL,18.3,4.6,9.2,7.0
16425,0.6703,1,WARNING,19.6,6.1,11.2,9.1
16426,0.3696,1,NORMAL,18.8,5.6,11.1,8.7
16427,0.3946,1,NORMAL,19.4,4.0,9.9,7.6
16428,0.8492,1,WARNING,18.8,6.4,9.7,6.4
16429,0.4069,1,NORMAL,19.5,4.4,9.2,6.5
16430,0.4164,1,NORMAL,20.5,5.7,16.0,11.8
16431,0.6666,1,WARNING,20.4,7.7,15.4,9.7
16432,0.4557,1,NORMAL,19.6,5.1,11.3,7.7
16433,0.4509,1,NORMAL,20.5,3.8,10.9,8.5
16434,0.665,1,WARNING,16.4,6.4,15.0,12.0
16435,0.1547,1,NORMAL,13.5,4.0,8.8,5.8
16436,0.3308,1,NORMAL,14.6,6.1,11.1,8.1
16437,0.3963,1,NORMAL,16.2,5.4,9.6,7.2
16438,0.1353,1,NORMAL,16.3,3.2,7.2,5.5
16439,0.1939,1,NORMAL,17.5,4.5,10.5,8.4
16440,0.3708,1,NORMAL,17.5,5.3,9.8,6.4
16441,0.6707,1,WARNING,18.7,5.7,9.2,6.9
16442,0.172,1,NORMAL,19.5,3.5,6.0,4.1
16443,0.1169,1,NORMAL,20.9,3.4,7.8,5.7
16444,0.9,1,WARNING,21.2,7.5,11.7,8.3
16445,0.1866,1,NORMAL,21.6,3.9,8.2,5.7
16446,0.246,1,NORMAL,21.8,4.9,10.2,7.7
16447,0.5866,1,NORMAL,23.3,7.8,20.9,13.2
16448,0.8962,1,WARNING,22.9,6.5,14.3,9.3
16449,0.312,1,NORMAL,23.1,4.3,10.5,7.6
16450,0.4646,1,NORMAL,23.0,6.5,13.0,9.4
16451,0.3501,1,NORMAL,23.1,4.4,9.1,6.5
16452,0.4379,1,NORMAL,23.0,5.6,10.9,7.9
16453,0.3801,1,NORMAL,23.2,3.4,7.2,5.7
16454,0.3906,1,NORMAL,23.4,4.1,9.1,7.3
16455,0.4285,1,NORMAL,24.9,6.4,16.0,11.3
16456,0.943,1,WARNING,25.1,9.2,16.4,12.7
16457,0.3718,1,NORMAL,23.8,5.0,12.4,8.7
16458,0.2006,1,NORMAL,20.3,4.9,12.0,8.8
16459,0.1163,1,NORMAL,18.5,4.0,8.1,5.2
16460,0.5352,1,NORMAL,20.9,6.7,13.6,9.0
16461,0.5491,1,NORMAL,22.4,7.3,15.6,10.9
16462,0.7206,1,WARNING,21.5,5.1,8.5,5.9
16463,0.1857,1,NORMAL,21.5,4.3,7.7,4.9
16464,0.4022,1,NORMAL,22.0,4.1,8.5,6.9
16465,0.3263,1,NORMAL,22.6,5.4,12.5,8.7
16466,0.4608,1,NORMAL,22.7,6.6,12.6,8.0
16467,0.3061,1,NORMAL,22.5,3.4,6.6,4.7
16468,0.324,1,NORMAL,22.3,3.2,6.8,5.3
16469,0.3351,1,NORMAL,23.1,3.3,8.6,6.6
16470,0.349,1,NORMAL,22.6,3.9,7.1,5.1
16471,0.3735,1,NORMAL,23.9,5.0,10.5,8.5
16472,0.8516,1,WARNING,23.8,5.6,9.9,7.5
16473,0.4173,1,NORMAL,23.7,3.2,7.2,4.8
16474,0.5204,1,NORMAL,23.3,3.7,7.0,5.8
16475,0.4201,1,NORMAL,24.9,5.1,11.3,7.9
16476,0.674,1,WARNING,23.8,7.8,13.4,8.6
16477,0.5901,1,NORMAL,20.8,6.6,13.2,9.3
16478,0.4323,1,NORMAL,19.0,6.4,13.7,9.7
16479,0.5895,1,NORMAL,20.7,6.2,11.2,7.5
16480,0.1503,1,NORMAL,20.6,3.7,6.6,4.4
16481,0.3757,1,NORMAL,21.9,5.7,10.3,6.8
16482,0.7772,1,WARNING,21.5,6.0,7.8,5.1
16483,0.2563,1,NORMAL,22.1,2.8,7.0,5.3
16484,0.2701,1,NORMAL,21.8,3.6,6.1,4.3
16485,0.836,1,WARNING,22.6,5.8,11.3,8.0
16486,0.944,1,WARNING,22.3,7.8,9.6,7.4
16487,0.6688,1,WARNING,23.6,8.6,22.0,14.2
16488,0.8945,1,WARNING,26.8,11.1,34.9,24.9
16489,0.6446,1,WARNING,25.8,6.9,26.6,18.8
16490,0.4358,1,NORMAL,22.9,4.1,8.6,5.8
16491,0.6453,1,WARNING,23.4,6.1,9.7,7.7
16492,0.4034,1,NORMAL,23.5,4.8,9.8,7.5
16493,0.5805,1,NORMAL,23.5,4.6,10.9,8.5
16494,0.1037,1,NORMAL,20.2,4.2,11.0,9.1
16495,0.3356,1,NORMAL,18.4,5.1,9.7,7.0
16496,0.2609,1,NORMAL,19.3,5.1,8.9,7.1
16497,0.2442,1,NORMAL,20.0,4.0,8.5,6.9
16498,0.1666,1,NORMAL,20.2,2.4,7.0,6.0
16499,0.1697,1,NORMAL,21.4,4.6,13.4,11.2
16500,0.7272,1,WARNING,18.6,4.5,8.5,6.2
16501,0.2427,1,NORMAL,17.6,4.8,9.8,7.4
16502,0.3083,1,NORMAL,19.9,4.3,8.3,8.4
16503,0.2585,1,NORMAL,19.9,2.0,4.4,3.7
16504,0.4098,1,NORMAL,19.9,4.5,6.3,4.7
16505,0.1679,1,NORMAL,21.4,3.4,7.5,6.0
16506,0.2889,1,NORMAL,21.5,4.8,8.8,6.2
16507,0.2876,1,NORMAL,21.5,4.1,8.0,5.2
16508,0.2702,1,NORMAL,21.4,2.5,5.0,4.8
16509,0.2845,1,NORMAL,22.9,2.8,5.6,4.9
16510,0.2907,1,NORMAL,21.8,3.4,6.1,4.6
16511,0.3069,1,NORMAL,22.7,4.3,7.3,5.3
16512,0.678,1,WARNING,22.1,4.2,5.4,4.7
16513,0.3397,1,NORMAL,21.8,2.2,3.4,3.4
16514,0.4246,1,NORMAL,22.3,3.5,6.1,5.7
16515,0.3476,1,NORMAL,22.6,4.5,7.6,6.3
16516,0.7823,1,WARNING,22.6,6.5,10.8,10.0
16517,0.7356,1,WARNING,23.4,6.0,17.0,17.4
16518,0.355,1,NORMAL,18.9,3.1,7.9,7.2
16519,0.9945,1,WARNING,17.5,6.0,6.6,5.8
16520,0.155,1,NORMAL,18.1,2.8,4.9,4.0
16521,0.2119,1,NORMAL,18.8,4.0,7.3,5.3
16522,0.1722,1,NORMAL,18.9,3.5,6.3,4.9
16523,0.1512,1,NORMAL,19.8,3.8,6.5,5.4
16524,0.2912,1,NORMAL,19.6,2.7,5.9,6.0
16525,0.839,1,WARNING,20.5,3.7,14.1,17.2
16526,0.9617,1,WARNING,20.3,7.0,16.6,20.2
16527,0.3936,1,NORMAL,20.5,3.1,7.9,4.7
16528,0.7193,1,WARNING,20.2,3.6,4.1,3.4
16529,0.1503,1,NORMAL,20.4,3.0,5.3,4.3
16530,0.6612,1,WARNING,20.4,3.3,9.5,12.8
16531,0.7357,1,WARNING,19.2,6.3,15.3,15.6
16532,0.9021,1,WARNING,16.5,4.1,15.4,19.0
16533,0.9236,1,WARNING,17.3,3.6,14.8,19.7
16534,0.9787,1,WARNING,18.0,6.4,11.9,11.1
16535,0.302,1,NORMAL,19.5,4.5,8.5,5.4
16536,0.7065,1,WARNING,20.7,9.6,13.1,8.1
16537,0.637,1,WARNING,21.3,7.1,11.2,6.6
16538,0.2438,1,NORMAL,21.1,3.6,6.3,5.2
16539,0.2562,1,NORMAL,21.2,2.6,4.8,3.7
16540,0.2712,1,NORMAL,21.3,2.8,4.6,3.8
16541,0.2901,1,NORMAL,21.8,3.0,6.0,4.6
16542,0.8905,1,WARNING,21.5,4.8,5.3,4.6
16543,0.852,1,WARNING,21.8,4.0,4.7,4.2
16544,0.2557,1,NORMAL,20.9,2.8,4.0,3.5
16545,0.1876,1,NORMAL,18.3,3.1,5.8,5.6
16546,0.3014,1,NORMAL,16.4,4.5,6.9,5.8
16547,0.8225,1,WARNING,18.8,5.8,8.2,6.4
16548,0.1956,1,NORMAL,18.5,2.3,3.8,3.4
16549,0.161,1,NORMAL,19.5,3.6,5.7,4.7
16550,0.169,1,NORMAL,19.8,3.0,4.9,4.3
16551,0.7376,1,WARNING,20.5,4.6,5.6,5.8
16552,0.1858,1,NORMAL,20.5,3.4,5.6,5.0
16553,0.2071,1,NORMAL,20.8,2.5,4.1,4.2
16554,0.2946,1,NORMAL,20.6,3.1,4.4,4.1
16555,0.2353,1,NORMAL,21.5,3.0,4.9,4.3
16556,0.9336,1,WARNING,21.6,5.7,7.0,6.2
16557,0.3177,1,NORMAL,21.9,3.7,6.5,5.6
16558,0.3279,1,NORMAL,21.3,1.9,3.5,3.9
16559,0.332,1,NORMAL,21.9,2.3,3.8,3.6
16560,0.8551,1,WARNING,15.5,4.6,3.8,3.1
16561,0.1912,1,NORMAL,10.5,2.8,4.0,4.0
16562,0.1811,1,NORMAL,11.1,2.1,4.2,3.8
16563,0.181,1,NORMAL,12.9,2.7,5.9,5.0
16564,0.4306,1,NORMAL,13.4,2.7,3.1,2.8
16565,1.0,1,ANOMALY,14.9,7.0,5.0,3.9
16566,0.3019,1,NORMAL,14.8,3.5,4.6,4.2
16567,0.1553,1,NORMAL,15.4,3.3,6.8,4.1
16568,0.1811,1,NORMAL,15.4,2.2,4.2,3.7
16569,0.4302,1,NORMAL,16.0,3.4,5.3,5.2
16570,0.7855,1,WARNING,15.9,3.6,4.4,3.6
16571,0.2418,1,NORMAL,16.6,3.5,5.9,5.0
16572,0.2783,1,NORMAL,16.5,2.7,4.5,3.9
16573,0.5075,1,NORMAL,16.7,2.1,7.6,10.5
16574,0.9451,1,WARNING,16.3,4.5,12.3,17.8
16575,1.0,1,ANOMALY,27.1,11.9,14.2,17.4
16576,0.9773,1,WARNING,14.3,7.0,17.3,23.5
16577,0.9806,1,WARNING,11.7,5.7,9.6,9.1
16578,0.182,0,NORMAL,12.0,1.8,4.2,3.2
16579,0.1554,0,NORMAL,12.9,2.6,4.2,4.5
16580,0.5269,0,NORMAL,13.1,2.4,4.1,3.8
16581,0.1518,0,NORMAL,13.6,2.8,4.8,4.6
16582,0.6064,0,WARNING,13.7,4.1,4.7,4.4
16583,0.1957,0,NORMAL,14.1,2.1,3.4,3.3
16584,0.3029,0,NORMAL,14.1,2.6,2.7,3.0
16585,0.1848,0,NORMAL,14.6,2.9,4.3,3.7
16586,0.5343,0,NORMAL,14.9,4.1,4.3,4.0
16587,0.1887,0,NORMAL,15.2,2.5,4.1,3.6
16588,0.1755,0,NORMAL,15.1,2.2,4.8,4.2
16589,0.2001,0,NORMAL,15.3,1.4,2.7,3.1
16590,0.1944,0,NORMAL,15.5,2.4,4.1,4.2
16591,0.8259,0,WARNING,15.9,5.6,5.6,4.3
16592,0.2525,0,NORMAL,15.8,2.3,3.5,3.6
16593,0.2585,0,NORMAL,16.2,2.2,4.7,4.4
16594,0.1859,0,NORMAL,14.1,2.8,4.1,3.4
16595,0.2003,0,NORMAL,13.1,3.3,5.9,4.6
16596,0.5614,0,NORMAL,13.2,7.3,11.9,7.8
16597,0.6103,0,WARNING,15.5,6.8,12.3,7.9
16598,0.5117,0,NORMAL,15.6,3.7,5.2,3.9
16599,0.2203,0,NORMAL,16.0,1.9,3.4,3.3
16600,0.2491,0,NORMAL,16.2,3.3,5.0,4.4
16601,0.2753,0,NORMAL,16.9,3.9,5.9,4.0
16602,0.2903,0,NORMAL,16.3,2.8,4.0,3.7
16603,0.3007,0,NORMAL,16.6,1.4,2.6,3.2
16604,0.2993,0,NORMAL,16.3,2.9,3.4,2.9
16605,0.3064,0,NORMAL,17.2,3.9,6.7,5.4
16606,0.3356,0,NORMAL,16.9,3.8,5.1,3.6
16607,0.3554,0,NORMAL,17.2,2.8,4.6,4.2
16608,0.3555,0,NORMAL,16.9,1.8,3.7,3.5
16609,0.3507,0,NORMAL,17.4,1.9,4.0,3.5
16610,0.3544,0,NORMAL,17.0,2.3,4.2,4.3
16611,0.3764,0,NORMAL,17.5,2.8,4.9,4.2
16612,0.3954,0,NORMAL,17.4,2.6,4.6,4.5
16613,0.8819,0,WARNING,17.3,3.6,3.6,4.1
16614,0.3895,0,NORMAL,17.3,2.9,3.7,3.5
16615,0.3946,0,NORMAL,18.2,3.0,4.8,3.9
16616,0.4048,0,NORMAL,17.7,3.7,5.0,4.9
16617,0.1734,0,NORMAL,14.0,2.2,3.7,4.0
16618,0.2086,0,NORMAL,10.4,1.9,2.5,3.1
16619,0.1909,0,NORMAL,11.4,1.9,3.3,3.4
16620,0.1898,0,NORMAL,13.7,2.3,3.5,3.8
16621,0.1902,0,NORMAL,15.3,2.7,4.0,3.8
16622,0.2029,0,NORMAL,15.7,1.7,2.4,2.8
16623,0.9561,0,WARNING,16.4,4.4,2.5,3.5
16624,0.3099,0,NORMAL,17.0,2.2,2.6,2.7
16625,0.1928,0,NORMAL,18.4,2.7,4.3,3.7
16626,0.1812,0,NORMAL,18.2,3.6,5.0,4.9
16627,0.1768,0,NORMAL,19.0,2.1,3.9,4.1
16628,0.7879,0,WARNING,18.8,3.2,2.1,2.5
16629,0.2173,0,NORMAL,19.2,1.6,2.5,2.6
16630,0.2027,0,NORMAL,19.9,3.4,4.8,4.1
16631,0.1935,0,NORMAL,20.6,2.4,3.6,3.7
16632,0.434,0,NORMAL,20.2,3.2,3.0,3.3
16633,0.4332,0,NORMAL,20.7,2.1,1.8,2.5
16634,0.3145,0,NORMAL,20.5,2.3,2.1,2.5
16635,0.2556,0,NORMAL,20.9,3.0,4.1,4.0
16636,0.5145,0,NORMAL,21.4,5.4,6.2,5.8
16637,0.902,0,WARNING,21.4,5.1,4.4,4.6
16638,0.3107,0,NORMAL,21.3,1.7,2.6,3.1
16639,0.3105,0,NORMAL,21.3,2.1,2.8,3.2
16640,0.315,0,NORMAL,21.3,2.1,3.1,3.0
16641,0.3331,0,NORMAL,22.1,3.2,4.2,3.6
16642,0.3459,0,NORMAL,21.7,2.5,2.8,2.9
16643,0.8572,0,WARNING,21.3,3.1,1.7,2.4
16644,0.1938,0,NORMAL,17.7,2.0,2.6,3.5
16645,0.1905,0,NORMAL,15.5,2.1,3.4,3.5
16646,0.4397,0,NORMAL,16.2,3.3,4.0,3.6
16647,0.4385,0,NORMAL,16.4,2.9,4.5,4.7
16648,0.2092,0,NORMAL,16.7,1.0,2.6,3.4
16649,0.1872,0,NORMAL,17.2,1.6,4.1,4.4
16650,0.1757,0,NORMAL,18.0,2.9,5.7,5.3
16651,0.741,0,WARNING,19.1,4.9,6.2,5.8
16652,0.1613,0,NORMAL,19.1,2.6,5.5,6.1
16653,0.1576,0,NORMAL,19.3,2.1,5.4,5.6
16654,0.2992,0,NORMAL,19.5,3.6,6.2,5.9
16655,0.9189,0,WARNING,20.5,7.9,9.2,7.4
16656,0.6625,0,WARNING,21.1,8.0,14.2,9.3
16657,0.4788,0,NORMAL,21.5,5.9,11.2,9.1
16658,0.6627,0,WARNING,21.5,4.0,6.4,6.5
16659,0.3052,0,NORMAL,21.5,1.7,4.0,4.7
16660,0.3078,0,NORMAL,21.5,2.3,4.6,3.9
16661,0.3234,0,NORMAL,22.0,3.6,5.3,5.0
16662,0.9334,0,WARNING,21.6,4.0,2.3,2.4
16663,0.2255,0,NORMAL,19.8,1.0,1.5,2.4
16664,0.2168,0,NORMAL,16.5,2.2,2.6,3.3
16665,0.1904,0,NORMAL,16.0,3.4,5.3,4.6
16666,0.3118,0,NORMAL,17.3,4.5,6.5,4.9
16667,1.0,0,ANOMALY,18.5,8.3,3.9,3.5
16668,0.2772,0,NORMAL,18.1,1.4,3.4,3.9
16669,0.1951,0,NORMAL,18.6,1.9,3.4,3.2
16670,0.2001,0,NORMAL,19.0,1.9,3.0,3.2
16671,0.2053,0,NORMAL,19.7,3.3,5.0,4.6
16672,0.9347,0,WARNING,19.5,4.7,4.7,5.1
16673,0.2085,0,NORMAL,19.9,1.5,3.0,4.1
16674,0.2125,0,NORMAL,19.7,2.1,2.7,3.6
16675,0.2133,0,NORMAL,20.4,2.8,4.6,4.0
16676,0.307,0,NORMAL,20.5,3.4,4.3,3.8
16677,0.5325,0,NORMAL,21.1,3.0,4.1,4.1
16678,0.2757,0,NORMAL,20.5,1.0,1.7,3.0
16679,0.2784,0,NORMAL,20.9,1.3,2.1,2.8
16680,0.2104,0,NORMAL,15.5,2.4,3.7,3.4
16681,0.2076,0,NORMAL,10.4,3.1,4.9,4.9
16682,0.2125,0,NORMAL,10.6,1.3,2.9,3.5
16683,0.2191,0,NORMAL,11.6,1.4,3.4,4.1
16684,0.4383,0,NORMAL,11.2,2.4,2.9,3.8
16685,0.9352,0,WARNING,11.7,4.2,3.9,5.0
16686,0.3091,0,NORMAL,11.9,2.9,4.5,4.7
16687,0.2249,0,NORMAL,12.9,2.8,6.2,6.5
16688,0.9026,0,WARNING,13.3,3.9,5.4,6.4
16689,0.2313,0,NORMAL,14.1,1.3,3.7,5.5
16690,0.2231,0,NORMAL,14.4,2.9,5.5,6.3
16691,0.6113,0,WARNING,15.3,4.3,6.7,7.8
16692,0.2169,0,NORMAL,15.1,2.2,3.7,3.8
16693,0.2298,0,NORMAL,15.6,1.2,1.8,2.4
16694,0.214,0,NORMAL,15.4,2.0,2.4,3.0
16695,0.238,0,NORMAL,16.3,3.7,5.6,4.7
16696,0.3069,0,NORMAL,16.2,4.0,5.2,5.6
16697,0.2819,0,NORMAL,16.5,2.8,4.8,5.4
16698,0.2958,0,NORMAL,16.3,2.6,4.8,6.1
16699,0.9453,0,WARNING,13.7,5.1,4.1,5.2
16700,0.1942,0,NORMAL,11.0,3.1,5.2,4.6
16701,0.2955,0,NORMAL,12.7,4.7,6.5,5.3
16702,0.2044,0,NORMAL,13.2,2.3,3.5,3.3
16703,0.6117,0,WARNING,14.1,3.0,2.5,3.0
16704,0.927,0,WARNING,14.2,4.8,3.4,3.3
16705,0.195,0,NORMAL,15.2,2.4,5.0,3.9
16706,0.1957,0,NORMAL,15.4,2.7,3.6,3.2
16707,0.7627,0,WARNING,16.0,4.6,3.0,3.5
16708,0.217,0,NORMAL,15.4,1.0,2.0,2.9
16709,0.2215,0,NORMAL,15.7,1.0,1.9,2.5
16710,0.2129,0,NORMAL,15.9,2.1,2.9,3.0
16711,0.2194,0,NORMAL,16.4,2.8,4.9,4.6
16712,0.9466,0,WARNING,16.1,4.6,3.9,4.3
16713,0.2494,0,NORMAL,16.2,1.6,3.2,3.4
16714,0.4334,0,NORMAL,16.1,2.3,2.9,3.6
16715,0.7423,0,WARNING,16.7,4.8,6.6,6.1
16716,0.6793,0,WARNING,17.2,8.1,12.7,7.8
16717,0.3544,0,NORMAL,17.4,4.8,8.0,5.2
16718,0.3583,0,NORMAL,16.8,1.3,2.7,3.0
16719,0.8223,0,WARNING,17.4,3.2,2.5,3.3
16720,0.3694,0,NORMAL,17.3,2.4,3.6,3.5
16721,0.1791,0,NORMAL,14.2,2.8,4.6,4.5
16722,0.1734,0,NORMAL,11.1,2.8,4.5,4.1
16723,0.9345,0,WARNING,12.4,4.2,3.3,3.6
16724,0.3065,0,NORMAL,12.9,2.8,3.3,3.3
16725,0.1872,0,NORMAL,14.1,4.1,7.0,5.8
16726,0.8239,0,WARNING,14.9,5.5,7.5,5.5
16727,0.1612,0,NORMAL,15.3,3.5,6.6,5.1
16728,0.2104,0,NORMAL,14.7,1.9,3.8,4.4
16729,0.1731,0,NORMAL,15.2,2.2,5.1,4.7
16730,0.1821,0,NORMAL,15.5,2.3,4.6,4.5
16731,0.2106,0,NORMAL,16.2,3.2,5.6,5.1
16732,0.2485,0,NORMAL,16.2,3.2,6.3,5.6
16733,0.9337,0,WARNING,16.3,3.6,2.6,3.1
16734,0.2609,0,NORMAL,15.9,2.1,2.2,3.3
16735,0.2759,0,NORMAL,16.6,2.4,4.4,4.5
16736,0.3129,0,NORMAL,17.1,4.2,5.6,4.9
16737,0.3296,0,NORMAL,16.6,2.2,3.4,3.8
16738,0.9888,0,WARNING,16.5,4.5,4.0,3.7
16739,0.2984,0,NORMAL,16.8,1.3,2.5,3.7
16740,0.1883,0,NORMAL,12.9,3.3,5.0,3.9
16741,0.1868,0,NORMAL,9.8,2.4,3.3,3.4
16742,0.1885,0,NORMAL,10.9,1.9,3.7,4.0
16743,0.2088,0,NORMAL,11.4,1.5,2.9,3.0
16744,0.8032,0,WARNING,11.7,3.4,2.1,2.5
16745,0.2006,0,NORMAL,12.6,2.6,4.2,4.0
16746,0.9635,0,WARNING,13.3,7.4,6.2,4.2
16747,0.2044,0,NORMAL,13.7,1.7,2.7,2.8
16748,0.213,0,NORMAL,13.7,1.3,2.4,2.6
16749,0.2151,0,NORMAL,14.4,1.3,2.4,3.1
16750,0.2061,0,NORMAL,14.3,2.5,4.1,4.1
16751,0.2658,0,NORMAL,14.8,3.0,3.8,3.6
16752,0.2227,0,NORMAL,14.7,1.8,3.0,3.3
16753,0.7232,0,WARNING,14.7,2.3,1.8,2.9
16754,0.3094,0,NORMAL,14.6,1.8,1.5,2.4
16755,0.2531,0,NORMAL,15.3,2.8,4.6,4.6
16756,0.2618,0,NORMAL,15.0,3.9,5.6,5.5
16757,0.2666,0,NORMAL,15.7,2.8,4.4,4.6
16758,0.28,0,NORMAL,16.2,2.0,2.5,3.2
16759,0.2886,0,NORMAL,16.6,1.9,2.3,3.3
16760,0.8818,0,WARNING,16.6,4.5,3.1,3.6
16761,0.2932,0,NORMAL,17.0,3.4,4.6,4.0
16762,0.2947,0,NORMAL,16.2,1.7,3.0,3.1
16763,0.2168,0,NORMAL,13.0,1.1,1.7,2.7
16764,0.7316,0,WARNING,9.3,2.7,1.0,1.8
16765,0.7432,0,WARNING,11.5,4.5,4.0,3.3
16766,0.3121,0,NORMAL,11.7,3.4,4.8,4.9
16767,0.2198,0,NORMAL,12.1,2.0,3.6,3.8
16768,0.2125,0,NORMAL,12.6,1.0,2.6,3.8
16769,0.1997,0,NORMAL,12.9,1.3,2.9,4.0
16770,0.827,0,WARNING,12.8,4.3,3.8,4.3
16771,0.1844,0,NORMAL,13.6,2.3,3.8,3.9
16772,0.2434,0,NORMAL,13.6,1.9,3.3,3.6
16773,0.2243,0,NORMAL,13.9,0.7,2.0,2.9
16774,0.2466,0,NORMAL,13.7,1.2,1.0,1.7
16775,0.2498,0,NORMAL,14.7,3.6,6.0,4.6
16776,0.8274,0,WARNING,15.6,8.5,11.2,7.9
16777,0.34,0,NORMAL,16.4,4.5,8.5,5.9
16778,0.2789,0,NORMAL,16.0,1.0,2.0,2.4
16779,0.2792,0,NORMAL,16.1,0.8,1.5,2.5
16780,0.2884,0,NORMAL,16.3,2.4,3.5,3.1
16781,0.3037,0,NORMAL,16.9,1.7,2.7,2.8
16782,0.9046,0,WARNING,16.4,3.3,2.2,2.7
16783,0.3179,0,NORMAL,16.4,1.2,1.9,2.8
16784,0.4423,0,NORMAL,16.2,1.8,1.5,2.2
16785,0.3304,0,NORMAL,17.3,1.9,2.8,2.8
16786,0.4434,0,NORMAL,15.0,4.0,7.5,7.3
16787,0.9033,0,WARNING,11.4,3.8,4.5,4.7
16788,0.1925,0,NORMAL,10.6,1.8,3.6,4.1
16789,0.2045,0,NORMAL,11.2,1.9,3.9,4.6
16790,0.1984,0,NORMAL,11.2,2.3,3.6,4.7
16791,0.9797,0,WARNING,13.2,5.5,8.8,8.2
16792,0.2057,0,NORMAL,12.3,2.7,5.7,6.9
16793,0.2746,0,NORMAL,12.4,1.6,2.5,3.8
16794,0.4172,0,NORMAL,12.6,2.7,3.4,4.3
16795,0.1993,0,NORMAL,13.2,2.4,4.3,4.3
16796,0.1952,0,NORMAL,14.1,4.2,8.2,7.5
16797,0.1996,0,NORMAL,14.0,2.6,5.3,5.2
16798,0.3187,0,NORMAL,13.7,1.8,3.0,4.0
16799,0.8219,0,WARNING,14.5,3.6,3.7,4.5
16800,0.4847,0,NORMAL,14.9,3.0,4.2,4.9
16801,0.1876,0,NORMAL,15.7,3.5,6.9,6.0
16802,0.3385,0,NORMAL,15.9,2.2,4.3,4.4
16803,0.4508,0,NORMAL,17.1,2.1,3.3,4.6
16804,0.5249,0,NORMAL,17.2,2.2,2.5,3.5
16805,0.1825,0,NORMAL,18.2,2.8,4.9,4.3
16806,0.4272,0,NORMAL,19.5,5.1,10.0,8.6
16807,0.1615,0,NORMAL,19.5,2.9,6.0,5.3
16808,0.2201,0,NORMAL,19.2,2.1,3.1,2.6
16809,0.9796,0,WARNING,19.7,4.6,1.8,2.5
16810,0.1826,0,NORMAL,20.3,3.3,5.0,4.8
16811,0.1663,0,NORMAL,20.6,3.0,4.9,4.0
16812,0.1958,0,NORMAL,20.6,3.5,5.2,4.3
16813,0.2247,0,NORMAL,20.8,2.1,3.4,3.4
16814,0.9029,0,WARNING,20.6,4.4,2.0,2.0
16815,0.2581,0,NORMAL,21.1,3.1,4.7,4.2
16816,0.4834,0,NORMAL,21.8,5.0,5.4,4.0
16817,0.2971,0,NORMAL,21.9,2.7,3.6,4.2
16818,0.2905,0,NORMAL,21.8,2.2,2.8,2.8
16819,0.4311,0,NORMAL,21.9,2.6,2.6,3.1
16820,0.3024,0,NORMAL,22.0,3.2,5.7,5.1
16821,0.3254,0,NORMAL,22.1,3.3,5.2,4.5
16822,0.275,0,NORMAL,21.4,2.3,2.9,2.3
16823,0.2236,0,NORMAL,18.1,1.3,1.3,2.3
16824,0.9564,0,WARNING,15.3,4.3,2.2,1.8
16825,0.2205,0,NORMAL,17.1,2.3,3.7,3.3
16826,0.3186,0,NORMAL,17.4,3.9,4.4,3.2
16827,0.2089,0,NORMAL,18.4,2.2,3.3,3.2
16828,0.2174,0,NORMAL,18.4,1.7,2.6,2.6
16829,0.9215,0,WARNING,19.1,3.3,2.3,2.6
16830,0.1921,0,NORMAL,19.1,2.3,3.6,3.5
16831,0.1953,0,NORMAL,19.8,2.9,4.8,4.8
16832,0.1853,0,NORMAL,19.7,2.5,4.1,3.9
16833,0.1914,0,NORMAL,19.9,1.8,3.1,3.0
16834,0.9466,0,WARNING,20.0,5.0,3.2,3.4
16835,0.1869,0,NORMAL,20.6,2.7,4.6,3.4
16836,0.535,0,NORMAL,21.5,6.8,9.8,6.4
16837,0.4241,0,NORMAL,22.2,5.0,7.7,5.9
16838,0.8209,0,WARNING,21.8,2.7,2.0,2.7
16839,0.3111,0,NORMAL,21.9,1.1,1.5,1.9
16840,0.3214,0,NORMAL,22.1,2.4,3.6,3.5
16841,0.3326,0,NORMAL,22.6,2.4,4.0,3.8
16842,0.3367,0,NORMAL,22.2,2.4,3.8,3.1
16843,0.6892,0,WARNING,22.3,2.6,2.4,2.6
16844,0.4406,0,NORMAL,22.1,2.5,2.5,2.3
16845,0.3612,0,NORMAL,22.8,3.0,5.1,3.3
16846,0.4389,0,NORMAL,22.9,4.3,5.1,3.3
16847,0.4057,0,NORMAL,23.8,3.2,7.4,5.8
16848,0.8821,0,WARNING,19.1,3.1,2.3,2.7
16849,0.2257,0,NORMAL,16.1,1.7,2.7,2.3
16850,0.2238,0,NORMAL,16.3,1.8,2.8,3.4
16851,0.2015,0,NORMAL,17.7,3.2,6.0,5.6
16852,0.2456,0,NORMAL,19.0,2.3,5.1,4.4
16853,0.1744,0,NORMAL,19.0,2.2,5.3,5.1
16854,0.8566,0,WARNING,19.2,4.1,4.6,4.6
16855,0.14,0,NORMAL,20.4,2.3,5.4,4.7
16856,0.1736,0,NORMAL,20.1,3.9,5.3,4.0
16857,0.1602,0,NORMAL,20.6,2.7,4.6,4.5
16858,0.1592,0,NORMAL,20.7,2.1,5.7,5.9
16859,0.8812,0,WARNING,21.3,4.4,9.0,7.3
16860,0.4494,0,NORMAL,17.7,2.3,4.5,4.3
16861,0.1724,0,NORMAL,16.1,2.5,5.5,5.0
16862,0.1646,0,NORMAL,17.4,2.6,5.1,4.4
16863,0.4149,0,NORMAL,18.4,2.3,3.6,3.4
16864,0.4272,0,NORMAL,18.7,2.9,3.6,3.4
16865,0.1972,0,NORMAL,19.9,3.3,5.2,3.8
16866,0.9343,0,WARNING,19.8,5.5,4.1,3.8
16867,0.1571,0,NORMAL,20.2,2.4,4.8,4.1
16868,0.1944,0,NORMAL,20.0,2.1,4.5,3.8
16869,0.5341,0,NORMAL,20.1,2.5,2.7,2.6
16870,0.1957,0,NORMAL,20.4,2.2,3.1,3.0
16871,0.9349,0,WARNING,21.5,5.9,5.4,4.9
16872,0.213,0,NORMAL,20.9,2.3,3.2,2.8
16873,0.8309,0,WARNING,21.3,2.6,1.9,2.5
16874,0.2341,0,NORMAL,20.8,2.1,2.0,2.1
16875,0.2091,0,NORMAL,21.9,3.8,5.9,4.6
16876,0.9461,0,WARNING,22.3,7.0,6.5,5.5
16877,0.2495,0,NORMAL,21.9,3.1,5.1,4.4
16878,0.2405,0,NORMAL,21.5,2.3,3.6,3.6
16879,0.4266,0,NORMAL,21.6,2.8,3.0,3.1
16880,0.428,0,NORMAL,21.6,3.4,4.6,4.1
16881,0.2785,0,NORMAL,22.0,2.9,5.1,4.1
16882,0.2997,0,NORMAL,22.1,2.2,3.8,3.6
16883,0.3076,0,NORMAL,22.4,2.4,5.3,3.8
16884,0.3095,0,NORMAL,18.5,2.5,3.3,3.7
16885,1.0,0,ANOMALY,16.3,8.7,5.1,4.4
16886,0.3066,0,NORMAL,17.0,3.8,5.0,3.5
16887,0.1825,0,NORMAL,18.0,2.0,3.7,3.5
16888,0.196,0,NORMAL,18.6,2.1,4.2,3.8
16889,0.1778,0,NORMAL,19.5,2.1,4.3,4.0
16890,0.1814,0,NORMAL,20.0,2.9,5.1,4.2
16891,0.9703,0,WARNING,20.8,5.5,7.3,6.0
16892,0.1735,0,NORMAL,20.5,2.5,4.6,3.8
16893,0.2341,0,NORMAL,21.0,1.3,1.9,2.1
16894,0.3137,0,NORMAL,21.4,2.3,2.9,2.8
16895,0.2122,0,NORMAL,21.8,3.9,7.4,6.5
16896,0.6032,0,WARNING,22.4,8.0,13.4,8.4
16897,0.9179,0,WARNING,22.6,5.8,8.5,5.7
16898,0.3263,0,NORMAL,22.1,1.7,4.2,4.1
16899,0.3326,0,NORMAL,22.4,1.7,4.0,2.4
16900,0.3391,0,NORMAL,22.2,2.7,4.7,3.9
16901,0.3533,0,NORMAL,22.9,3.6,6.2,5.1
16902,0.3708,0,NORMAL,22.4,2.1,4.0,3.8
16903,0.8818,0,WARNING,23.1,3.7,5.2,4.2
16904,0.3857,0,NORMAL,22.7,3.0,3.8,2.8
16905,0.695,0,WARNING,23.3,3.8,5.2,4.8
16906,0.4058,0,NORMAL,24.8,4.7,8.6,5.7
16907,0.9014,0,WARNING,23.6,6.5,8.4,6.3
16908,0.1828,0,NORMAL,19.8,2.1,7.1,6.3
16909,0.791,0,WARNING,18.0,3.1,14.3,7.7
16910,0.2112,0,NORMAL,18.2,4.0,7.9,6.0
16911,0.3876,0,NORMAL,20.2,5.1,10.0,7.7
16912,0.9621,0,WARNING,19.9,5.4,5.5,4.6
16913,0.1625,0,NORMAL,20.3,2.8,5.6,5.0
16914,0.129,0,NORMAL,20.7,3.2,9.2,6.6
16915,0.1788,0,NORMAL,22.8,3.8,10.9,9.0
16916,0.9538,0,WARNING,21.8,6.4,11.2,8.4
16917,0.1865,0,NORMAL,22.8,3.5,11.4,9.6
16918,0.1652,0,NORMAL,22.0,2.2,7.1,6.0
16919,0.9744,0,WARNING,21.9,4.9,7.5,6.4
16920,0.5284,0,NORMAL,19.9,3.9,11.8,8.1
16921,0.1162,0,NORMAL,17.7,4.3,9.7,7.0
16922,0.3183,0,NORMAL,20.2,4.2,16.3,13.6
16923,0.2893,0,NORMAL,22.3,4.6,16.7,12.4
16924,0.7736,0,WARNING,21.0,4.1,7.5,5.6
16925,0.2195,0,NORMAL,22.0,5.1,14.7,11.7
16926,0.2684,0,NORMAL,22.7,6.0,15.9,11.2
16927,0.9299,0,WARNING,22.9,6.7,16.9,10.1
16928,0.2119,0,NORMAL,22.0,2.7,8.4,6.6
16929,0.9614,0,WARNING,23.6,6.3,11.1,9.7
16930,0.2338,0,NORMAL,23.1,4.3,11.1,8.6
16931,0.262,0,NORMAL,24.1,5.4,14.5,10.4
16932,0.8135,0,WARNING,23.4,5.3,10.9,8.7
16933,0.3028,0,NORMAL,23.0,2.6,7.3,5.6
16934,0.4067,0,NORMAL,23.6,4.2,13.7,9.5
16935,0.3232,0,NORMAL,24.6,4.6,12.4,10.4
16936,0.8751,0,WARNING,21.4,7.6,13.5,11.5
16937,0.2124,0,NORMAL,19.6,4.4,13.3,10.6
16938,0.1789,0,NORMAL,19.6,3.4,11.9,9.9
16939,0.2743,0,NORMAL,21.0,4.7,15.3,13.2
16940,0.2039,0,NORMAL,21.5,3.6,10.7,8.2
16941,0.3833,0,NORMAL,23.4,5.0,16.7,13.9
16942,0.968,0,WARNING,22.5,6.8,10.6,8.3
16943,0.1947,0,NORMAL,22.8,3.4,13.9,10.3
16944,0.2351,0,NORMAL,24.0,4.3,13.5,10.1
16945,0.1565,0,NORMAL,22.8,3.7,12.3,8.5
16946,0.5699,0,NORMAL,25.7,6.8,25.7,19.3
16947,0.7148,0,WARNING,27.3,9.0,31.3,21.5
16948,0.8336,0,WARNING,30.4,8.7,40.2,29.9
16949,0.7891,0,WARNING,28.3,7.0,32.5,24.0
16950,0.8838,0,WARNING,26.5,8.9,32.0,23.7
16951,0.844,0,WARNING,28.6,9.2,42.6,30.4
16952,0.7369,0,WARNING,28.3,8.7,32.3,23.3
16953,0.543,0,NORMAL,24.9,4.4,17.3,12.4
16954,0.3765,0,NORMAL,23.9,4.3,12.1,8.4
16955,0.9873,0,WARNING,24.2,7.7,10.8,8.2
16956,0.6371,0,WARNING,25.1,9.1,19.5,13.9
16957,0.9815,0,WARNING,24.7,9.8,15.4,10.5
16958,0.5686,0,NORMAL,26.1,5.5,17.5,12.3
16959,0.3008,0,NORMAL,24.3,2.3,8.0,6.3
16960,0.3018,0,NORMAL,26.1,4.1,10.4,8.9
16961,0.3322,0,NORMAL,25.8,3.9,12.2,9.6
16962,0.3429,0,NORMAL,24.3,2.9,8.6,7.2
16963,0.8981,0,WARNING,22.1,4.4,8.9,8.0
16964,0.1949,0,NORMAL,20.1,4.4,12.8,10.6
16965,0.1659,0,NORMAL,21.3,3.9,11.1,8.8
16966,0.273,0,NORMAL,21.8,5.7,11.7,9.4
16967,0.3977,0,NORMAL,24.2,6.5,18.3,14.1
16968,0.3526,0,NORMAL,25.0,5.4,14.5,11.0
16969,0.7185,0,WARNING,24.8,6.0,15.1,13.0
16970,0.3735,0,NORMAL,24.4,5.2,14.7,10.8
16971,0.3369,0,NORMAL,26.0,5.5,16.9,12.9
16972,0.3119,0,NORMAL,25.4,5.4,17.1,12.0
16973,0.3419,0,NORMAL,25.8,4.7,15.2,12.0
16974,0.9729,0,WARNING,25.8,7.4,14.3,11.3
16975,0.411,0,NORMAL,27.1,5.0,18.1,14.7
16976,0.4841,0,NORMAL,26.7,6.6,18.3,14.1
16977,0.2672,0,NORMAL,23.6,5.0,15.3,11.7
16978,0.2022,0,NORMAL,20.4,3.4,10.5,9.1
16979,0.6567,0,WARNING,23.6,5.8,16.1,13.0
16980,0.7668,0,WARNING,21.8,6.5,16.3,13.6
16981,0.2994,0,NORMAL,20.4,6.0,16.2,12.4
16982,0.1742,0,NORMAL,20.7,3.9,14.7,11.0
16983,0.1561,0,NORMAL,22.1,4.5,13.0,10.0
16984,0.2521,0,NORMAL,23.3,4.4,11.6,9.7
16985,0.896,0,WARNING,23.8,7.1,13.2,10.4
16986,0.4975,0,NORMAL,23.9,6.3,13.9,11.1
16987,0.31,0,NORMAL,24.0,3.9,12.3,10.4
16988,0.3141,0,NORMAL,23.5,3.8,11.4,9.3
16989,0.331,0,NORMAL,23.6,3.2,9.0,7.6
16990,0.3874,0,NORMAL,24.8,6.0,15.2,11.5
16991,0.3808,0,NORMAL,26.0,6.3,15.7,12.2
16992,0.7696,0,WARNING,24.9,6.7,13.7,10.3
16993,0.4224,0,NORMAL,24.8,3.9,13.0,10.5
16994,0.4059,0,NORMAL,23.9,4.3,11.6,8.9
16995,0.3365,0,NORMAL,21.5,5.1,12.3,10.3
16996,0.3765,0,NORMAL,20.1,7.1,17.2,13.8
16997,0.9132,0,WARNING,21.7,8.3,15.9,13.2
16998,0.2617,0,NORMAL,23.5,3.9,11.6,10.3
16999,0.2966,0,NORMAL,23.1,5.0,16.3,13.5
17000,0.2374,0,NORMAL,23.0,4.9,12.9,9.0
17001,0.6129,0,WARNING,26.9,5.7,18.0,15.0
17002,0.3929,0,NORMAL,25.3,5.3,14.2,10.6
17003,0.8717,0,WARNING,24.4,5.9,13.7,10.8
17004,0.4944,0,NORMAL,25.0,5.1,14.3,11.4
17005,0.808,0,WARNING,25.6,5.3,14.6,10.6
17006,0.3761,0,NORMAL,25.2,5.7,15.7,12.0
17007,0.8831,0,WARNING,26.0,7.1,16.7,13.3
17008,0.8914,0,WARNING,24.8,6.4,13.4,10.8
17009,0.8049,0,WARNING,28.1,7.6,29.9,22.3
17010,0.6253,0,WARNING,22.9,6.4,20.3,12.6
17011,0.7235,0,WARNING,26.4,8.7,31.1,24.9
17012,0.937,0,WARNING,23.9,6.9,17.6,11.9
17013,0.3231,0,NORMAL,24.3,4.7,16.2,12.9
17014,0.3543,0,NORMAL,23.5,5.4,15.3,11.8
17015,0.3324,0,NORMAL,24.6,5.8,15.4,11.2
17016,0.6867,0,WARNING,26.4,9.8,25.2,18.5
17017,0.9663,0,WARNING,26.1,11.0,20.5,13.1
17018,0.4567,0,NORMAL,26.3,6.7,17.4,13.2
17019,0.4382,0,NORMAL,26.2,4.4,14.6,11.5
17020,0.4489,0,NORMAL,25.3,5.3,13.9,9.9
17021,0.4314,0,NORMAL,23.9,6.7,18.7,13.6
17022,0.9509,0,WARNING,19.6,6.9,14.3,10.4
17023,0.1976,0,NORMAL,20.7,4.9,12.2,8.2
17024,0.4887,0,NORMAL,21.8,4.3,11.5,9.6
17025,0.4035,0,NORMAL,23.1,5.8,15.4,11.0
17026,0.384,0,NORMAL,23.7,6.1,14.8,10.6
17027,0.5707,0,NORMAL,24.4,7.7,20.6,14.4
17028,0.3322,0,NORMAL,22.9,4.1,13.5,9.5
17029,0.2774,0,NORMAL,24.4,4.1,12.1,9.1
17030,0.8944,0,WARNING,24.2,7.3,14.2,11.1
17031,0.3095,0,NORMAL,24.6,5.0,13.7,10.6
17032,0.4036,0,NORMAL,24.6,5.9,15.7,12.3
17033,0.3384,0,NORMAL,24.9,4.7,17.0,13.6
17034,0.3514,0,NORMAL,25.1,5.9,16.0,10.4
17035,0.9038,0,WARNING,26.3,6.6,24.6,14.6
17036,0.5291,0,NORMAL,23.0,7.7,20.1,14.6
17037,0.437,0,NORMAL,21.7,7.0,17.0,12.4
17038,0.204,0,NORMAL,21.8,4.8,14.1,11.4
17039,0.5531,0,NORMAL,25.8,6.4,22.0,16.7
17040,0.3706,0,NORMAL,22.8,5.7,17.7,13.2
17041,0.5089,0,NORMAL,22.7,6.7,20.3,16.7
17042,0.9497,0,WARNING,23.7,7.8,20.3,14.8
17043,0.6107,0,WARNING,25.4,7.9,30.4,20.6
17044,0.4378,0,NORMAL,24.5,5.1,18.1,13.8
17045,0.4444,0,NORMAL,25.5,5.6,18.0,14.2
17046,0.804,0,WARNING,30.9,10.0,30.7,21.9
17047,0.9233,0,WARNING,29.2,9.0,27.8,19.8
17048,0.4773,0,NORMAL,26.0,5.5,18.9,13.8
17049,0.6742,0,WARNING,29.1,7.8,28.6,23.0
17050,0.7486,0,WARNING,27.3,7.2,22.5,16.9
17051,0.5551,0,NORMAL,24.1,6.9,18.7,14.8
17052,0.3711,0,NORMAL,21.6,4.8,15.1,12.4
17053,0.4735,0,NORMAL,24.7,7.2,21.7,15.7
17054,0.9952,0,WARNING,23.7,8.2,15.0,9.8
17055,0.5367,0,NORMAL,27.2,6.8,22.5,17.1
17056,0.5685,0,NORMAL,28.0,8.9,25.1,18.3
17057,0.6255,0,WARNING,27.5,8.3,26.8,17.4
17058,0.7956,0,WARNING,27.3,7.8,23.5,17.8
17059,0.5486,0,NORMAL,27.5,7.8,27.4,19.4
17060,0.4503,0,NORMAL,26.7,6.6,20.8,12.3
17061,0.432,0,NORMAL,27.6,6.6,18.3,13.7
17062,0.4276,0,NORMAL,27.4,6.2,19.8,15.8
17063,0.7576,0,WARNING,24.8,7.2,19.7,14.3
17064,0.5648,0,NORMAL,23.8,7.6,23.4,17.0
17065,0.4444,0,NORMAL,25.3,6.4,21.2,15.7
17066,0.5325,0,NORMAL,25.8,8.3,22.4,16.0
17067,0.9487,0,WARNING,28.7,10.9,26.6,19.3
17068,0.4935,0,NORMAL,25.2,5.5,16.8,12.4
17069,0.4255,0,NORMAL,26.4,6.5,21.5,15.8
17070,0.3497,0,NORMAL,26.5,6.1,20.1,14.0
17071,0.6314,0,WARNING,27.0,8.9,21.2,15.7
17072,0.5092,0,NORMAL,27.8,7.2,24.2,18.5
17073,0.4039,0,NORMAL,27.8,6.9,21.6,15.0
17074,0.3198,0,NORMAL,25.7,5.4,17.0,12.2
17075,0.4834,0,NORMAL,24.7,7.3,22.1,14.8
17076,0.7951,0,WARNING,25.4,11.3,30.9,18.2
17077,0.6886,0,WARNING,27.8,9.4,28.0,19.4
17078,0.5523,0,NORMAL,27.7,6.6,24.0,17.7
17079,0.8295,0,WARNING,27.2,8.1,21.3,15.5
17080,0.5073,0,NORMAL,27.8,7.8,23.4,15.7
17081,0.5666,0,NORMAL,28.6,8.1,21.7,15.9
17082,0.5857,0,NORMAL,28.6,8.4,26.0,17.0
17083,0.4158,0,NORMAL,28.3,5.7,19.9,13.2
17084,1.0,0,ANOMALY,26.9,9.5,17.0,12.8
17085,0.7677,0,WARNING,29.1,6.6,23.9,15.0
17086,0.617,0,WARNING,27.1,9.3,28.1,20.7
17087,0.5313,0,NORMAL,23.6,8.7,25.0,17.0
17088,0.9645,0,WARNING,27.1,11.9,32.1,23.3
17089,0.598,0,NORMAL,28.0,8.0,24.2,17.7
17090,0.5682,0,NORMAL,28.3,8.5,25.0,19.0
17091,0.9345,0,WARNING,27.6,10.5,25.3,18.0
17092,0.4874,0,NORMAL,26.7,7.4,21.3,15.3
17093,0.451,0,NORMAL,27.8,7.1,20.3,15.8
17094,0.3629,0,NORMAL,25.8,5.7,16.1,13.3
17095,0.6008,0,WARNING,28.8,8.6,22.5,15.7
17096,0.7969,0,WARNING,29.4,9.1,18.7,14.0
17097,0.6642,0,WARNING,28.8,7.7,20.1,15.1
17098,0.4362,0,NORMAL,23.3,6.1,18.9,14.4
17099,0.357,0,NORMAL,22.7,4.8,17.4,14.7
17100,0.9952,0,WARNING,22.4,11.6,29.5,20.4
17101,0.6043,0,WARNING,19.5,9.2,26.0,19.2
17102,0.4183,0,NORMAL,20.1,5.7,16.8,12.9
17103,0.7948,0,WARNING,20.9,8.0,21.3,16.6
17104,0.3704,0,NORMAL,21.2,7.5,20.1,14.9
17105,0.6431,0,WARNING,23.1,9.7,24.5,17.9
17106,0.638,0,WARNING,21.9,8.6,20.0,13.8
17107,0.7517,0,WARNING,21.8,7.4,16.8,12.2
17108,0.4096,0,NORMAL,21.6,6.5,19.3,13.9
17109,0.5626,0,NORMAL,21.3,6.3,14.9,11.0
17110,0.4397,0,NORMAL,22.6,6.4,15.7,11.9
17111,0.4507,0,NORMAL,22.2,5.2,14.7,11.3
17112,0.4636,0,NORMAL,19.9,6.4,16.7,11.8
17113,0.4589,0,NORMAL,17.7,7.0,20.3,15.3
17114,0.3654,0,NORMAL,18.7,6.2,16.3,11.5
17115,0.815,0,WARNING,20.3,8.6,25.4,16.1
17116,0.4104,0,NORMAL,20.9,7.3,18.4,13.3
17117,0.5374,0,NORMAL,21.1,7.9,19.6,14.4
17118,0.4454,0,NORMAL,22.5,7.6,19.9,15.0
17119,0.9383,0,WARNING,22.0,9.1,21.4,15.5
17120,0.383,0,NORMAL,21.5,6.9,21.6,15.8
17121,0.9381,0,WARNING,22.3,10.0,23.5,17.0
17122,0.5551,0,NORMAL,21.6,7.1,22.1,14.0
17123,0.626,0,WARNING,24.8,7.0,21.8,15.1
17124,0.8237,0,WARNING,20.0,7.5,26.4,15.5
17125,0.6438,0,WARNING,19.8,9.1,26.1,17.3
17126,1.0,0,ANOMALY,21.2,15.1,31.6,21.0
17127,0.4832,0,NORMAL,20.9,6.4,21.0,14.9
17128,0.4438,0,NORMAL,21.7,6.2,20.8,16.4
17129,0.3293,0,NORMAL,20.9,6.0,18.4,12.8
17130,0.4523,0,NORMAL,20.8,7.0,21.3,15.5
17131,0.8647,0,WARNING,23.9,10.2,31.2,22.6
17132,0.5429,0,NORMAL,22.4,7.4,23.1,16.0
17133,0.4855,0,NORMAL,22.8,7.3,23.9,15.9
17134,0.4519,0,NORMAL,21.7,7.5,22.6,16.2
17135,0.6539,0,WARNING,20.7,8.3,21.4,14.0
17136,0.8348,0,WARNING,19.5,12.4,27.1,16.9
17137,0.8246,0,WARNING,22.3,11.6,24.8,16.2
17138,0.4495,0,NORMAL,22.1,6.1,22.2,16.1
17139,0.4044,0,NORMAL,21.6,4.3,17.3,11.9
17140,0.4341,0,NORMAL,21.7,6.2,17.0,12.4
17141,0.7496,0,WARNING,22.6,7.1,23.7,14.2
17142,0.5887,0,NORMAL,22.5,7.4,21.0,14.2
17143,0.9497,0,WARNING,23.1,9.1,22.7,15.7
17144,0.5029,0,NORMAL,22.9,5.8,18.2,14.0
17145,0.5115,0,NORMAL,23.9,6.8,20.8,14.9
17146,0.6463,0,WARNING,23.1,9.0,22.1,15.3
17147,0.5941,0,NORMAL,21.4,7.9,22.7,16.5
17148,0.4502,0,NORMAL,18.7,7.1,22.4,16.7
17149,0.9383,0,WARNING,18.7,8.8,20.8,15.2
17150,0.5792,0,NORMAL,20.1,8.3,26.5,18.8
17151,0.4204,0,NORMAL,20.0,7.0,23.1,15.3
17152,0.5849,0,NORMAL,20.8,8.2,23.4,16.6
17153,0.3362,0,NORMAL,21.7,5.8,21.3,14.1
17154,0.5479,0,NORMAL,21.8,7.7,26.2,19.4
17155,0.7297,0,WARNING,22.7,8.2,27.5,17.9
17156,0.7474,0,WARNING,24.4,9.7,28.1,20.4
17157,0.4605,0,NORMAL,21.0,5.0,13.9,9.5
17158,0.5339,0,NORMAL,22.1,7.1,18.7,14.1
17159,0.3643,0,NORMAL,21.0,5.2,17.7,13.8
17160,0.8663,0,WARNING,20.6,8.5,17.2,12.2
17161,0.4749,0,NORMAL,22.0,6.9,19.7,13.4
17162,0.4671,0,NORMAL,23.9,7.1,23.1,15.0
17163,0.3813,0,NORMAL,25.0,6.3,21.0,13.3
17164,0.6677,0,WARNING,25.4,9.2,22.3,14.5
17165,0.5476,0,NORMAL,27.3,7.5,23.0,15.3
17166,0.6169,0,WARNING,27.6,7.2,27.3,20.0
17167,0.7815,0,WARNING,32.2,8.1,24.9,17.8
17168,0.5326,0,NORMAL,29.2,5.6,18.8,14.5
17169,0.9074,0,WARNING,29.3,8.8,23.0,16.2
17170,0.5354,0,NORMAL,27.4,7.2,20.5,13.4
17171,0.4962,0,NORMAL,28.9,6.4,18.8,14.2
17172,0.4881,0,NORMAL,24.5,7.0,21.5,16.2
17173,0.2886,0,NORMAL,21.7,5.7,18.2,12.7
17174,0.4715,0,NORMAL,22.2,5.9,18.4,15.1
17175,0.5631,0,NORMAL,23.6,8.0,20.2,14.6
17176,0.619,0,WARNING,25.6,9.6,24.5,17.9
17177,0.6911,0,WARNING,25.8,9.3,22.7,14.9
17178,0.9576,0,WARNING,26.0,9.8,23.7,18.4
17179,0.371,0,NORMAL,26.1,6.8,20.4,14.6
17180,1.0,0,ANOMALY,27.3,9.5,25.8,15.5
17181,0.5525,0,NORMAL,28.4,6.6,19.9,13.6
17182,0.5706,0,NORMAL,27.3,7.4,19.6,14.0
17183,0.3784,0,NORMAL,26.7,5.1,15.1,10.2
17184,0.502,0,NORMAL,25.2,6.0,19.9,14.7
17185,0.7294,0,WARNING,25.8,8.4,27.6,20.3
17186,0.8099,0,WARNING,25.1,9.0,29.7,16.8
17187,0.5773,0,NORMAL,27.2,8.6,23.5,16.5
17188,0.4447,0,NORMAL,24.8,5.5,16.2,11.9
17189,0.4219,0,NORMAL,25.7,5.0,19.1,16.0
17190,0.4126,0,NORMAL,26.2,7.0,21.9,15.4
17191,0.4433,0,NORMAL,26.0,7.2,20.6,14.3
17192,0.4598,0,NORMAL,25.0,6.3,15.6,11.0
17193,0.5189,0,NORMAL,25.2,4.8,17.6,11.2
17194,0.5063,0,NORMAL,26.8,7.9,20.9,13.6
17195,0.444,0,NORMAL,26.8,6.3,19.4,14.9
17196,0.9719,0,WARNING,25.3,11.7,35.4,19.0
17197,0.7951,0,WARNING,23.6,10.3,24.2,15.4
17198,0.5432,0,NORMAL,24.7,8.6,19.7,13.8
17199,0.3574,0,NORMAL,24.8,3.8,12.7,8.8
17200,0.4533,0,NORMAL,25.1,5.9,13.9,9.7
17201,0.3993,0,NORMAL,26.7,5.6,15.6,11.5
17202,0.4977,0,NORMAL,26.6,6.9,19.4,12.7
17203,0.4385,0,NORMAL,26.6,4.9,14.4,9.5
17204,0.4463,0,NORMAL,26.8,6.7,16.6,11.4
17205,0.4475,0,NORMAL,27.5,6.1,18.4,13.6
17206,0.6326,0,WARNING,26.0,8.4,19.4,12.3
17207,0.6386,0,WARNING,26.8,8.7,20.4,14.7
17208,0.4958,0,NORMAL,26.2,5.2,16.1,12.0
17209,0.802,0,WARNING,27.4,6.3,16.1,12.0
17210,0.3971,0,NORMAL,25.6,6.5,19.9,15.6
17211,0.2877,0,NORMAL,21.7,5.1,16.1,11.7
17212,0.9107,0,WARNING,23.1,7.0,14.3,11.5
17213,0.588,0,NORMAL,22.0,7.5,18.5,13.1
17214,0.8918,0,WARNING,23.0,6.9,17.8,13.8
17215,0.9108,0,WARNING,24.8,7.4,16.4,11.5
17216,0.5729,0,NORMAL,23.3,7.1,13.9,10.0
17217,1.0,0,ANOMALY,24.8,11.4,13.1,9.8
17218,0.3074,0,NORMAL,24.9,5.6,16.6,13.4
17219,0.4652,0,NORMAL,26.4,5.3,17.2,13.0
17220,0.3814,0,NORMAL,21.5,6.1,15.6,11.6
17221,0.2859,0,NORMAL,20.9,5.7,16.5,11.1
17222,0.9409,0,WARNING,23.3,7.3,17.0,12.4
17223,0.7025,0,WARNING,24.9,9.7,30.7,23.1
17224,0.9589,0,WARNING,25.0,12.0,24.8,16.0
17225,0.382,0,NORMAL,24.3,4.6,10.0,7.1
17226,0.44,0,NORMAL,24.6,6.7,12.7,9.6
17227,0.9598,0,WARNING,25.8,8.4,19.3,13.3
17228,0.4387,0,NORMAL,25.6,5.0,14.3,10.3
17229,0.4506,0,NORMAL,25.6,4.7,15.9,12.7
17230,0.4619,0,NORMAL,25.2,6.2,14.3,9.7
17231,0.8713,0,WARNING,25.0,5.8,11.0,8.4
17232,0.4878,0,NORMAL,26.1,5.0,10.8,7.6
17233,0.5885,0,NORMAL,25.7,4.1,8.1,6.3
17234,0.5016,0,NORMAL,26.7,6.1,14.3,9.8
17235,0.4256,0,NORMAL,24.4,5.6,15.2,12.3
17236,0.5096,0,NORMAL,22.3,8.6,23.1,18.0
17237,0.8074,0,WARNING,22.9,7.8,22.0,14.8
17238,0.4449,0,NORMAL,24.5,7.2,21.5,15.7
17239,0.765,0,WARNING,25.5,10.9,24.8,15.4
17240,0.8353,0,WARNING,24.5,8.4,17.7,11.5
17241,0.3545,0,NORMAL,24.6,4.1,10.8,8.1
17242,0.3694,0,NORMAL,24.4,5.3,11.5,8.2
17243,0.492,0,NORMAL,25.5,5.4,12.4,8.8
17244,0.4034,0,NORMAL,25.6,5.1,14.3,10.1
17245,0.4146,0,NORMAL,25.9,5.0,14.0,9.6
17246,0.4501,0,NORMAL,26.0,6.9,18.1,11.0
17247,0.4345,0,NORMAL,25.0,4.4,10.4,7.6
17248,0.4417,0,NORMAL,26.2,3.3,9.7,7.8
17249,0.8151,0,WARNING,26.1,5.5,13.4,10.0
17250,0.4221,0,NORMAL,25.2,5.4,15.6,10.2
17251,0.5609,0,NORMAL,24.5,8.2,17.7,12.3
17252,0.8435,0,WARNING,22.0,8.4,17.6,12.9
17253,0.2601,0,NORMAL,22.5,4.6,13.9,9.5
17254,0.2183,0,NORMAL,23.2,5.9,14.2,9.9
17255,0.8944,0,WARNING,23.8,8.1,13.8,9.7
17256,0.8028,0,WARNING,24.7,10.8,20.8,12.4
17257,0.7154,0,WARNING,25.9,10.6,19.7,12.8
17258,0.9591,0,WARNING,24.3,6.7,11.8,8.4
17259,0.359,0,NORMAL,24.7,4.5,11.9,9.2
17260,0.376,0,NORMAL,25.4,5.0,11.2,8.2
17261,0.5099,0,NORMAL,25.7,6.5,14.6,10.0
17262,0.4026,0,NORMAL,24.7,5.0,11.2,7.3
17263,0.417,0,NORMAL,26.4,5.0,11.4,9.0
17264,0.814,0,WARNING,25.5,7.1,12.2,8.7
17265,0.4409,0,NORMAL,25.4,5.1,12.5,9.4
17266,0.7239,0,WARNING,25.4,8.0,12.2,9.0
17267,0.1805,0,NORMAL,21.9,4.0,10.5,7.2
17268,0.27,0,NORMAL,20.1,5.1,12.5,8.7
17269,0.5187,0,NORMAL,21.9,7.0,16.4,11.0
17270,0.8959,0,WARNING,24.0,7.4,18.6,13.3
17271,0.4261,0,NORMAL,23.7,6.3,14.4,10.1
17272,0.9969,0,WARNING,23.3,8.2,10.9,7.5
17273,0.9129,0,WARNING,23.9,8.3,13.5,10.4
17274,0.3123,0,NORMAL,23.8,5.5,13.4,10.6
17275,0.4893,0,NORMAL,24.7,7.2,15.0,10.1
17276,0.3997,0,NORMAL,24.9,6.4,13.7,9.6
17277,0.4482,0,NORMAL,27.2,6.3,14.4,9.9
17278,0.9899,0,WARNING,26.9,7.8,13.7,10.3
17279,0.4171,0,NORMAL,25.9,6.6,17.9,12.8
17280,0.39,0,NORMAL,20.2,5.7,14.3,10.0
17281,0.1705,0,NORMAL,15.4,4.5,10.5,8.6
17282,0.2835,0,NORMAL,16.6,4.9,11.4,8.2
17283,0.1314,0,NORMAL,17.1,3.8,10.2,7.3
17284,0.506,0,NORMAL,17.9,4.7,8.7,6.5
17285,0.9687,0,WARNING,18.8,6.9,10.7,8.2
17286,0.4016,0,NORMAL,18.5,6.0,13.4,10.1
17287,0.4178,0,NORMAL,20.0,5.9,13.6,9.6
17288,0.3646,0,NORMAL,19.1,4.5,10.4,7.1
17289,0.3709,0,NORMAL,20.6,4.9,13.3,8.9
17290,0.8132,0,WARNING,18.8,5.6,10.9,8.4
17291,0.4328,0,NORMAL,20.8,6.9,16.5,12.1
17292,0.6605,0,WARNING,20.4,8.2,19.7,13.6
17293,0.4234,0,NORMAL,20.1,2.5,7.8,6.0
17294,0.43,0,NORMAL,19.7,5.3,9.6,7.1
17295,0.8747,0,WARNING,20.6,7.2,12.3,9.8
17296,0.4905,0,NORMAL,20.5,7.4,15.6,11.6
17297,0.5017,0,NORMAL,18.5,7.8,19.1,14.9
17298,0.9818,0,WARNING,15.0,6.7,10.7,8.3
17299,0.2202,0,NORMAL,16.3,5.7,15.3,12.0
17300,0.3519,0,NORMAL,17.0,5.8,18.1,12.0
17301,0.4686,0,NORMAL,18.9,6.5,17.0,11.5
17302,0.5428,0,NORMAL,18.0,6.6,14.6,9.4
17303,0.9732,0,WARNING,19.5,7.9,14.9,10.9
17304,0.8939,0,WARNING,18.7,5.7,12.8,9.8
17305,0.3788,0,NORMAL,18.8,6.0,14.2,10.3
17306,0.9853,0,WARNING,19.0,9.0,15.8,12.0
17307,0.334,0,NORMAL,18.5,5.2,11.4,8.3
17308,0.3094,0,NORMAL,18.6,3.9,9.7,8.1
17309,0.3908,0,NORMAL,19.8,6.2,15.9,12.3
17310,0.4257,0,NORMAL,21.2,6.2,19.9,14.3
17311,0.5001,0,NORMAL,20.3,6.4,17.2,11.1
17312,0.3835,0,NORMAL,17.7,6.3,18.4,13.3
17313,0.2276,0,NORMAL,14.2,4.7,12.1,8.8
17314,0.2514,0,NORMAL,15.6,4.3,8.7,7.1
17315,0.8467,0,WARNING,17.3,8.4,16.0,12.8
17316,0.7406,0,WARNING,18.9,10.4,27.6,18.3
17317,0.8088,0,WARNING,20.3,11.3,28.3,18.4
17318,0.4759,0,NORMAL,18.5,5.2,14.8,9.3
17319,0.8657,0,WARNING,18.9,6.4,10.1,7.5
17320,0.3467,0,NORMAL,19.6,5.5,14.1,10.7
17321,0.9408,0,WARNING,20.0,8.4,16.0,11.4
17322,0.3773,0,NORMAL,20.1,5.1,13.8,10.8
17323,0.4046,0,NORMAL,21.8,6.4,20.2,15.2
17324,0.5778,0,NORMAL,19.8,7.1,15.6,9.9
17325,0.87,0,WARNING,20.5,7.8,14.6,10.9
17326,0.4652,0,NORMAL,17.9,7.5,20.6,13.4
17327,0.5866,0,NORMAL,15.8,5.8,20.0,12.6
17328,0.8088,0,WARNING,21.1,8.5,38.2,27.9
17329,1.0,0,ANOMALY,20.4,9.9,27.7,17.7
17330,0.4562,0,NORMAL,19.0,6.6,17.7,12.9
17331,0.303,0,NORMAL,20.1,6.2,16.2,11.3
17332,0.4333,0,NORMAL,20.7,6.7,21.3,15.6
17333,0.3365,0,NORMAL,20.9,5.0,18.6,14.2
17334,0.5661,0,NORMAL,21.0,5.8,20.3,14.4
17335,0.3695,0,NORMAL,21.3,6.5,18.8,13.6
17336,0.3771,0,NORMAL,21.8,6.2,18.4,12.5
17337,0.8193,0,WARNING,23.5,9.1,25.6,16.1
17338,0.5596,0,NORMAL,21.9,5.6,17.7,12.6
17339,0.9389,0,WARNING,20.0,7.7,20.2,15.7
17340,0.5452,0,NORMAL,17.7,6.8,16.7,11.4
17341,0.381,0,NORMAL,22.9,6.6,16.2,11.7
17342,0.2791,0,NORMAL,23.3,5.6,14.8,11.6
17343,0.951,0,WARNING,25.2,8.6,16.1,11.4
17344,0.4209,0,NORMAL,25.1,7.1,20.9,14.8
17345,0.3389,0,NORMAL,25.3,5.5,19.2,14.5
17346,1.0,0,ANOMALY,26.0,13.3,20.4,14.7
17347,0.8656,0,WARNING,26.6,8.7,20.6,14.8
17348,0.666,0,WARNING,28.4,9.6,26.8,18.6
17349,0.4525,0,NORMAL,26.8,5.3,15.5,10.9
17350,0.4608,0,NORMAL,27.2,5.9,14.5,10.8
17351,1.0,0,ANOMALY,26.9,12.2,20.8,14.2
17352,0.8429,0,WARNING,26.9,11.5,25.6,15.6
17353,0.7084,0,WARNING,25.4,9.3,22.8,14.9
17354,0.563,0,NORMAL,22.0,8.6,20.2,13.5
17355,0.7021,1,WARNING,24.7,9.9,23.6,16.6
17356,0.6326,1,WARNING,25.5,9.4,21.9,15.9
17357,0.5089,1,NORMAL,26.1,7.6,22.9,14.3
17358,0.3944,1,NORMAL,26.2,7.2,20.8,14.2
17359,1.0,1,ANOMALY,35.4,13.4,37.7,21.8
17360,1.0,1,ANOMALY,48.0,35.9,42.8,17.3
17361,1.0,1,ANOMALY,50.4,31.8,34.4,20.3
17362,0.9038,1,WARNING,35.5,8.3,29.1,18.3
17363,0.8877,1,WARNING,30.4,8.1,29.2,18.3
17364,0.998,1,WARNING,30.7,11.5,52.0,28.5
17365,0.8698,1,WARNING,28.2,11.5,42.3,29.6
17366,0.8562,1,WARNING,25.5,10.1,33.2,21.8
17367,0.8358,1,WARNING,23.6,6.2,18.9,12.3
17368,0.8115,1,WARNING,23.1,4.8,16.2,11.7
17369,0.7914,1,WARNING,23.6,4.3,13.6,10.8
17370,0.7653,1,WARNING,22.4,6.2,17.3,13.0
17371,0.9997,1,WARNING,23.2,9.5,19.2,15.0
17372,0.7169,0,WARNING,22.4,7.0,18.7,13.6
17373,0.7331,0,WARNING,23.2,6.4,19.3,14.6
17374,0.7016,0,WARNING,22.1,5.8,21.7,13.4
17375,0.6427,0,WARNING,22.3,9.0,22.0,15.8
17376,0.8451,0,WARNING,22.1,12.9,31.3,18.2
17377,0.7086,0,WARNING,21.9,9.5,24.8,15.9
17378,0.5721,0,NORMAL,19.0,4.4,14.6,11.0
17379,0.5334,0,NORMAL,19.2,4.9,12.3,9.0
17380,0.5166,0,NORMAL,21.0,7.4,18.1,13.0
17381,0.5899,0,NORMAL,21.7,8.7,21.9,15.6
17382,0.4662,0,NORMAL,21.3,6.5,19.0,14.2
17383,0.6771,0,WARNING,23.2,9.6,23.7,17.2
17384,0.9493,0,WARNING,25.8,10.2,27.8,21.1
17385,0.8597,0,WARNING,26.2,12.4,35.7,25.5
17386,0.6639,0,WARNING,25.3,10.4,28.5,19.1
17387,0.9328,0,WARNING,22.8,10.4,23.7,17.4
17388,0.662,0,WARNING,20.3,9.6,26.3,20.3
17389,0.662,0,WARNING,19.9,9.5,26.5,20.0
17390,0.7516,0,WARNING,20.5,9.7,23.6,17.2
17391,0.6169,0,WARNING,20.6,8.7,23.1,17.4
17392,0.5942,0,NORMAL,21.4,7.6,20.8,14.5
17393,0.6195,0,WARNING,21.6,8.8,24.2,17.7
17394,0.4676,0,NORMAL,21.2,7.9,20.6,14.7
17395,0.542,0,NORMAL,23.6,8.3,24.9,18.6
17396,0.649,0,WARNING,22.7,9.9,26.6,19.0
17397,0.9218,0,WARNING,20.4,9.4,20.2,15.3
17398,0.2946,0,NORMAL,19.3,6.1,17.9,13.7
17399,0.3015,0,NORMAL,18.8,6.3,17.6,13.4
17400,0.5107,0,NORMAL,17.4,7.3,17.8,13.3
17401,0.7074,0,WARNING,17.7,10.2,23.7,17.0
17402,0.559,0,NORMAL,18.5,7.9,20.8,14.5
17403,1.0,0,ANOMALY,21.4,12.3,24.3,17.4
17404,0.5488,0,NORMAL,19.7,7.4,21.7,13.6
17405,0.5891,0,NORMAL,20.6,8.3,23.1,17.0
17406,0.793,0,WARNING,23.4,11.2,28.6,20.2
17407,0.7905,0,WARNING,22.5,8.9,23.6,15.4
17408,0.3348,0,NORMAL,21.1,5.3,16.6,12.2
17409,0.2499,0,NORMAL,20.1,4.9,14.3,10.7
17410,0.6872,0,WARNING,21.2,7.8,21.8,15.8
17411,0.5462,0,NORMAL,19.3,7.7,22.3,16.7
17412,0.3404,0,NORMAL,16.3,5.3,14.7,11.3
17413,0.2634,0,NORMAL,16.6,5.4,13.6,10.1
17414,0.1281,0,NORMAL,17.5,4.4,11.9,9.4
17415,0.3704,0,NORMAL,19.3,5.4,16.1,13.9
17416,0.488,0,NORMAL,18.6,7.2,15.2,12.1
17417,0.6801,0,WARNING,19.7,9.7,20.3,15.5
17418,0.3602,0,NORMAL,20.9,6.6,19.5,14.5
17419,0.4256,0,NORMAL,20.8,6.9,23.9,16.1
17420,1.0,0,ANOMALY,24.4,15.7,19.9,14.9
17421,0.6853,0,WARNING,21.5,9.0,23.4,16.6
17422,0.9229,0,WARNING,22.1,8.4,21.8,16.1
17423,0.9968,0,WARNING,21.2,7.2,21.0,13.8
17424,0.4529,0,NORMAL,19.3,7.0,20.4,14.8
17425,0.6877,0,WARNING,21.2,10.2,30.4,21.9
17426,0.6269,0,WARNING,22.0,10.0,28.6,19.6
17427,0.8932,0,WARNING,21.5,10.0,22.8,16.3
17428,0.4529,0,NORMAL,20.7,7.3,20.2,14.6
17429,0.7932,0,WARNING,21.1,6.6,15.4,11.5
17430,0.4132,0,NORMAL,20.9,6.7,19.4,13.7
17431,0.89,0,WARNING,21.4,9.8,20.3,14.4
17432,0.4121,0,NORMAL,20.4,6.4,15.9,11.1
17433,0.2332,0,NORMAL,21.0,5.7,15.5,11.5
17434,0.805,0,WARNING,20.7,6.3,15.4,11.5
17435,0.5401,0,NORMAL,21.2,7.0,16.8,11.8
17436,0.7603,0,WARNING,19.8,10.9,25.6,18.3
17437,0.7977,0,WARNING,16.9,10.0,23.8,15.8
17438,0.5618,0,NORMAL,18.1,8.1,21.2,15.3
17439,0.2793,0,NORMAL,18.6,5.2,14.7,9.8
17440,0.6163,0,WARNING,19.6,7.9,21.9,13.0
17441,0.9712,0,WARNING,21.4,7.9,27.2,13.2
17442,0.7147,0,WARNING,22.4,9.0,22.1,14.4
17443,0.3482,0,NORMAL,22.8,5.4,17.4,11.7
17444,0.6235,0,WARNING,22.4,8.8,19.8,14.6
17445,0.8352,0,WARNING,23.9,9.7,23.1,17.2
17446,0.4646,0,NORMAL,24.5,7.4,19.3,14.0
17447,0.602,0,WARNING,24.4,7.6,18.8,13.3
17448,0.4139,0,NORMAL,20.8,6.7,15.4,11.4
17449,0.2874,0,NORMAL,17.9,5.4,17.8,13.9
17450,0.6577,0,WARNING,17.5,8.7,24.5,17.1
17451,0.4222,0,NORMAL,17.6,6.7,17.7,13.0
17452,0.48,0,NORMAL,18.5,6.6,17.6,12.8
17453,0.2052,0,NORMAL,19.1,5.2,16.2,12.4
17454,0.4747,0,NORMAL,18.6,5.4,14.3,11.4
17455,0.5595,0,NORMAL,20.3,7.9,18.9,13.5
17456,0.5203,0,NORMAL,20.1,7.6,16.8,11.4
17457,0.3989,0,NORMAL,19.7,6.1,15.3,11.3
17458,0.9665,0,WARNING,20.0,9.5,20.3,14.5
17459,0.4456,0,NORMAL,22.3,5.9,21.7,15.8
17460,0.5081,0,NORMAL,16.2,7.4,21.5,14.3
17461,0.6383,0,WARNING,13.4,9.3,27.1,17.7
17462,0.9485,0,WARNING,13.9,10.4,21.2,14.3
17463,0.2955,0,NORMAL,14.9,6.0,17.0,12.5
17464,0.2369,0,NORMAL,14.1,6.1,15.4,10.8
17465,0.4664,0,NORMAL,15.6,6.7,18.9,14.4
17466,0.4432,0,NORMAL,15.5,7.2,20.1,15.2
17467,0.8901,0,WARNING,15.5,9.3,20.3,13.5
17468,0.4538,0,NORMAL,15.9,7.0,17.5,12.1
17469,0.2198,0,NORMAL,15.2,5.2,14.9,10.4
17470,0.3175,0,NORMAL,15.0,5.1,12.7,8.8
17471,0.5073,0,NORMAL,16.2,5.3,18.0,12.2
17472,0.375,0,NORMAL,16.7,6.2,17.9,12.5
17473,0.765,0,WARNING,12.9,6.7,15.9,11.6
17474,0.9085,0,WARNING,12.1,7.5,27.1,15.6
17475,0.6127,0,WARNING,15.8,7.6,26.1,18.4
17476,0.6376,0,WARNING,16.1,8.9,29.0,22.2
17477,0.9571,0,WARNING,14.0,9.9,21.2,12.6
17478,0.3982,0,NORMAL,14.9,7.2,19.1,13.5
17479,0.3476,0,NORMAL,14.3,6.7,17.0,11.7
17480,0.9947,0,WARNING,15.2,8.3,23.0,15.6
17481,0.5254,0,NORMAL,16.2,8.2,23.3,14.9
17482,0.9995,0,WARNING,15.7,10.0,22.2,14.5
17483,0.5843,0,NORMAL,16.5,8.3,24.9,16.2
17484,0.6411,0,WARNING,17.7,8.7,30.7,21.4
17485,0.6388,0,WARNING,15.2,8.5,26.3,16.5
17486,0.9839,0,WARNING,13.0,13.6,25.8,16.6
17487,0.4649,0,NORMAL,16.2,6.6,20.1,14.9
17488,0.4342,0,NORMAL,15.2,6.3,17.3,11.0
17489,0.2292,0,NORMAL,15.4,4.4,13.8,10.4
17490,0.7116,0,WARNING,16.2,9.6,23.9,15.6
17491,0.6681,0,WARNING,17.8,8.9,25.0,16.7
17492,0.5627,0,NORMAL,17.2,8.0,22.4,15.6
17493,0.2971,0,NORMAL,16.5,5.9,16.7,12.0
17494,0.4737,0,NORMAL,17.1,7.8,20.4,13.4
17495,0.4879,0,NORMAL,17.8,7.6,20.4,14.8
17496,0.7208,0,WARNING,16.8,9.2,19.2,12.1
17497,0.725,0,WARNING,16.5,8.3,16.4,10.6
17498,0.2018,0,NORMAL,13.7,2.1,5.1,4.8
17499,0.482,0,NORMAL,11.4,4.6,15.8,10.5
17500,0.714,0,WARNING,13.1,9.7,27.1,16.9
17501,0.993,0,WARNING,15.2,14.0,28.0,18.2
17502,0.7435,0,WARNING,16.0,9.9,25.8,15.8
17503,0.7568,0,WARNING,17.0,10.5,26.4,17.0
17504,0.735,0,WARNING,16.1,10.6,25.1,13.9
17505,0.7087,0,WARNING,17.4,10.1,26.5,18.2
17506,0.7436,0,WARNING,16.3,9.1,23.9,13.6
17507,0.6886,0,WARNING,16.9,8.4,20.5,13.0
17508,0.5006,0,NORMAL,16.3,6.8,16.9,10.8
17509,0.2254,0,NORMAL,16.5,3.8,11.8,8.5
17510,0.4718,0,NORMAL,17.4,6.7,17.0,12.1
17511,0.7121,0,WARNING,16.3,8.2,21.0,13.8
17512,0.5127,0,NORMAL,12.8,7.4,19.0,12.3
17513,0.1983,0,NORMAL,12.3,4.8,14.5,11.4
17514,0.3832,0,NORMAL,12.9,7.1,18.5,12.3
17515,0.3129,0,NORMAL,14.8,5.8,18.9,13.5
17516,0.9962,0,WARNING,14.3,10.1,17.4,12.2
17517,0.5196,0,NORMAL,15.2,6.9,18.9,13.9
17518,0.3317,0,NORMAL,15.0,5.9,16.1,11.3
17519,0.2387,0,NORMAL,15.0,5.8,16.2,11.2
17520,0.9403,0,WARNING,15.7,8.6,22.5,13.1
17521,0.4559,0,NORMAL,17.0,7.7,21.2,14.6
17522,0.9661,0,WARNING,18.6,8.9,20.0,13.6
17523,0.7058,0,WARNING,22.2,8.7,23.4,14.7
17524,0.9247,0,WARNING,20.3,9.0,23.9,15.3
17525,0.5775,0,NORMAL,20.6,7.9,21.5,14.8
17526,0.5498,0,NORMAL,19.7,8.2,16.8,11.6
17527,0.9997,0,WARNING,21.5,12.5,21.3,14.0
17528,0.3594,0,NORMAL,20.0,6.2,16.5,11.8
17529,0.2487,0,NORMAL,21.2,5.0,18.6,12.9
17530,0.9896,0,WARNING,23.8,12.9,32.1,21.4
17531,0.6096,0,WARNING,22.8,8.4,23.7,14.5
17532,0.6451,0,WARNING,23.7,8.4,22.8,15.0
17533,0.4222,0,NORMAL,19.5,6.7,19.7,13.3
17534,0.4592,0,NORMAL,17.6,7.8,21.8,14.9
17535,0.6673,0,WARNING,20.6,10.0,25.4,16.9
17536,0.6986,0,WARNING,22.9,9.5,26.9,19.2
17537,0.6613,0,WARNING,20.9,9.4,25.2,17.3
17538,0.3443,0,NORMAL,20.1,6.5,18.2,12.1
17539,1.0,0,ANOMALY,21.4,13.4,23.6,16.5
17540,0.593,0,NORMAL,20.7,8.6,20.4,12.8
17541,0.6925,0,WARNING,22.3,9.5,24.4,15.5
17542,0.5823,0,NORMAL,20.8,7.3,16.9,9.7
17543,0.9835,0,WARNING,20.5,8.6,11.9,8.4
17544,0.1656,0,NORMAL,20.2,4.3,11.6,8.4
17545,0.8406,0,WARNING,21.8,5.6,13.6,9.1
17546,0.3788,0,NORMAL,22.6,5.4,15.0,11.3
17547,0.2967,0,NORMAL,18.1,4.6,18.4,13.3
17548,0.3956,0,NORMAL,14.6,3.1,14.6,11.5
17549,0.3661,0,NORMAL,15.6,2.6,12.6,9.6
17550,0.502,0,NORMAL,16.5,6.4,18.0,13.0
17551,0.7996,0,WARNING,18.6,10.7,26.5,16.2
17552,0.7287,0,WARNING,19.2,9.7,26.5,17.2
17553,0.6415,0,WARNING,20.5,9.3,24.5,15.7
17554,0.9998,0,WARNING,20.7,11.8,26.1,14.5
17555,0.7709,0,WARNING,22.3,11.4,28.0,17.8
17556,0.9706,0,WARNING,22.2,13.3,27.6,17.3
17557,0.7826,0,WARNING,22.2,10.4,25.8,16.0
17558,0.6462,0,WARNING,21.9,9.5,24.8,14.3
17559,0.4697,0,NORMAL,21.9,7.0,19.2,12.7
17560,0.2794,0,NORMAL,19.2,3.4,14.5,11.6
17561,0.3249,0,NORMAL,15.9,3.3,13.1,9.3
17562,0.4462,0,NORMAL,16.9,5.6,20.0,13.7
17563,0.5731,0,NORMAL,17.1,8.3,19.2,12.3
17564,0.5822,0,NORMAL,19.8,8.9,23.1,15.6
17565,0.7397,0,WARNING,21.0,10.5,27.4,17.5
17566,0.7429,0,WARNING,20.9,9.8,25.0,12.3
17567,0.7736,0,WARNING,22.3,10.2,27.0,14.9
17568,0.5537,0,NORMAL,21.3,7.4,19.3,12.6
17569,0.6973,0,WARNING,21.6,9.3,21.7,13.7
17570,0.698,0,WARNING,22.7,9.2,23.4,15.5
17571,0.7258,0,WARNING,22.2,9.1,20.8,12.4
17572,0.7797,0,WARNING,22.3,9.9,24.2,13.9
17573,0.795,0,WARNING,22.1,8.7,24.8,13.6
17574,0.6156,0,WARNING,19.9,8.8,20.9,14.5
17575,0.7228,0,WARNING,19.3,9.4,23.5,15.1
17576,0.9764,0,WARNING,19.8,12.8,26.5,17.5
17577,0.7239,0,WARNING,21.0,9.2,23.6,15.3
17578,0.6035,0,WARNING,20.7,8.4,21.9,14.4
17579,0.625,0,WARNING,21.3,9.1,25.3,17.4
17580,0.7305,0,WARNING,17.1,9.3,22.2,13.3
17581,0.7809,0,WARNING,13.2,9.8,21.6,13.4
17582,0.8869,0,WARNING,15.2,9.9,20.7,13.6
17583,0.619,0,WARNING,15.7,8.1,19.3,11.8
17584,0.7025,0,WARNING,16.3,9.5,22.5,15.6
17585,0.7992,0,WARNING,16.3,10.2,21.7,13.7
17586,0.6883,0,WARNING,16.8,9.4,19.3,12.0
17587,0.7793,0,WARNING,17.9,10.3,22.9,14.7
17588,0.9809,0,WARNING,16.4,10.6,18.5,11.9
17589,0.6139,0,WARNING,16.6,8.3,19.7,13.1
17590,0.9583,0,WARNING,17.1,11.6,22.3,13.8
17591,0.7286,0,WARNING,17.0,9.2,20.8,14.4
17592,0.9654,0,WARNING,16.7,10.9,18.4,11.5
17593,0.5837,0,NORMAL,14.4,7.8,18.6,12.3
17594,0.6307,0,WARNING,11.0,9.3,18.1,11.8
17595,0.9497,0,WARNING,12.5,8.9,17.2,12.6
17596,0.871,0,WARNING,14.0,13.2,26.8,16.2
17597,1.0,0,ANOMALY,16.0,17.7,28.5,16.8
17598,0.8247,0,WARNING,14.6,11.7,23.2,13.9
17599,0.8318,0,WARNING,16.0,12.2,25.0,15.1
17600,0.9799,0,WARNING,17.8,15.2,30.4,15.9
17601,0.8862,0,WARNING,18.0,12.9,30.1,17.4
17602,0.8805,0,WARNING,17.1,13.9,29.5,18.0
17603,0.8264,0,WARNING,18.1,12.2,31.2,19.5
17604,0.8411,0,WARNING,17.6,12.8,33.6,18.3
17605,0.8327,0,WARNING,16.3,12.8,30.1,19.2
17606,0.86,0,WARNING,14.4,12.8,32.6,19.3
17607,0.8769,0,WARNING,15.6,12.9,33.6,19.5
17608,0.8309,0,WARNING,16.2,11.7,32.3,19.7
17609,0.8334,0,WARNING,17.5,13.4,31.4,18.2
17610,0.8462,0,WARNING,17.1,12.0,31.4,19.5
17611,0.8832,0,WARNING,17.7,13.1,32.2,19.5
17612,0.8817,0,WARNING,17.8,12.9,30.3,18.9
17613,0.7929,0,WARNING,17.9,11.9,29.0,18.2
17614,0.8215,0,WARNING,18.0,12.2,27.8,16.8
17615,0.8259,0,WARNING,17.4,10.9,24.2,14.7
17616,0.8839,0,WARNING,17.8,13.7,28.3,16.7
17617,0.9206,0,WARNING,14.5,13.3,24.8,14.3
17618,0.8631,0,WARNING,13.7,11.7,27.7,14.0
17619,0.829,0,WARNING,16.0,11.5,30.7,19.4
17620,0.878,0,WARNING,15.6,12.1,26.5,14.7
17621,0.8866,0,WARNING,16.2,12.6,24.6,13.2
17622,0.9642,0,WARNING,16.6,14.0,28.4,16.2
17623,0.8169,0,WARNING,16.8,11.2,25.4,14.6
17624,0.7938,0,WARNING,15.9,10.8,21.8,12.5
17625,0.9357,0,WARNING,16.9,12.9,23.1,15.2
17626,0.8561,0,WARNING,17.3,13.1,28.2,17.7
17627,0.98,0,WARNING,19.2,16.4,33.1,19.4
17628,0.7736,0,WARNING,17.2,9.8,20.9,12.5
17629,0.8041,0,WARNING,17.6,11.2,25.0,14.7
17630,0.9038,0,WARNING,14.3,14.0,26.8,15.7
17631,0.8848,0,WARNING,16.1,12.8,29.3,17.2
17632,1.0,0,ANOMALY,16.4,18.6,30.4,18.1
17633,0.8192,0,WARNING,15.8,10.9,27.4,16.1
17634,0.812,0,WARNING,16.1,11.8,28.8,15.0
17635,0.8573,0,WARNING,17.6,13.5,29.7,18.2
17636,0.8538,0,WARNING,17.2,12.7,27.3,16.5
17637,0.8876,0,WARNING,17.0,12.5,25.0,14.6
17638,0.8653,0,WARNING,17.4,12.2,27.1,16.5
17639,0.9999,0,WARNING,17.7,14.9,28.3,17.0
17640,0.8422,0,WARNING,14.8,11.6,28.4,17.1
17641,0.8683,0,WARNING,12.8,13.0,29.3,16.8
17642,0.8668,0,WARNING,15.6,12.3,30.6,19.5
17643,0.9193,0,WARNING,15.9,12.5,24.2,14.4
17644,0.7716,0,WARNING,15.0,10.5,20.5,11.7
17645,0.7799,0,WARNING,17.1,10.7,23.1,15.4
17646,1.0,0,ANOMALY,17.0,16.0,26.1,16.7
17647,0.8866,0,WARNING,16.1,12.0,24.5,14.0
17648,1.0,0,ANOMALY,16.3,15.5,24.9,15.3
17649,0.8038,0,WARNING,16.2,10.4,23.2,13.8
17650,0.8648,0,WARNING,16.2,11.5,23.8,13.9
17651,0.9156,0,WARNING,17.5,13.1,25.7,14.3
17652,0.9995,0,WARNING,13.4,13.7,20.8,11.9
17653,0.8158,0,WARNING,11.6,10.2,19.7,10.9
17654,0.7918,0,WARNING,13.2,10.7,20.6,12.3
17655,0.8311,0,WARNING,14.9,11.2,22.8,14.2
17656,0.8487,0,WARNING,15.1,12.5,23.3,13.9
17657,0.8714,0,WARNING,15.7,12.4,23.9,14.3
17658,0.9567,0,WARNING,15.1,12.9,20.3,11.0
17659,0.8709,0,WARNING,17.5,13.2,28.2,17.7
17660,0.8633,0,WARNING,17.5,12.4,27.3,15.7
17661,0.8689,0,WARNING,16.7,11.5,24.2,13.5
17662,0.8766,0,WARNING,17.2,12.4,26.6,15.5
17663,0.9801,0,WARNING,18.5,13.8,29.6,16.9
17664,0.8705,0,WARNING,18.1,13.5,31.1,18.3
17665,0.8637,0,WARNING,15.8,12.3,30.1,19.1
17666,0.8665,0,WARNING,14.9,13.2,31.9,18.7
17667,0.8703,0,WARNING,15.8,12.3,28.7,17.1
17668,0.8391,0,WARNING,16.7,11.6,28.7,17.0
17669,0.8358,0,WARNING,17.9,11.9,29.9,18.3
17670,0.8405,0,WARNING,17.5,11.7,30.3,19.5
17671,1.0,0,ANOMALY,18.6,17.0,28.5,15.7
17672,0.8433,0,WARNING,17.5,11.6,26.5,16.1
17673,0.8135,0,WARNING,17.2,10.4,23.7,14.2
17674,0.8334,0,WARNING,18.3,11.8,24.3,13.9
17675,0.8559,0,WARNING,17.3,11.5,21.9,11.9
17676,0.8851,0,WARNING,14.8,12.8,24.6,13.7
17677,0.8607,0,WARNING,14.1,11.9,26.0,15.9
17678,0.8522,0,WARNING,13.7,11.0,23.4,12.8
17679,0.7839,0,WARNING,15.0,10.4,23.7,14.5
17680,0.8187,0,WARNING,15.4,10.5,22.8,13.3
17681,0.8662,0,WARNING,17.8,11.7,25.0,15.3
17682,0.9108,0,WARNING,16.8,13.3,27.8,16.1
17683,0.8447,0,WARNING,16.9,11.2,23.4,13.6
17684,0.8184,0,WARNING,16.5,11.5,22.8,13.3
17685,0.8197,0,WARNING,18.1,11.3,25.1,15.9
17686,0.896,0,WARNING,17.3,14.7,28.2,16.0
17687,0.9152,0,WARNING,18.2,14.4,31.2,18.8
17688,0.8389,0,WARNING,16.5,12.4,30.5,19.3
17689,0.7914,0,WARNING,14.1,11.3,25.7,15.2
17690,0.9549,0,WARNING,14.0,14.4,27.1,17.2
17691,0.8966,0,WARNING,15.4,13.8,31.0,17.8
17692,0.8492,0,WARNING,16.0,12.1,28.4,18.4
17693,0.8172,0,WARNING,15.5,11.2,23.9,14.6
17694,0.9334,0,WARNING,16.4,13.2,25.1,15.4
17695,0.8619,0,WARNING,16.3,12.6,26.5,15.9
17696,0.8657,0,WARNING,16.3,13.7,24.6,15.2
17697,0.8366,0,WARNING,16.7,11.5,23.5,15.1
17698,0.8555,0,WARNING,17.4,12.1,23.1,13.9
17699,0.7806,0,WARNING,17.7,10.9,27.1,16.8
17700,0.8199,0,WARNING,14.4,11.3,25.2,15.1
17701,0.8548,0,WARNING,13.9,13.3,31.9,18.8
17702,0.8344,0,WARNING,15.6,13.1,28.5,17.9
17703,0.7806,0,WARNING,15.6,10.7,24.4,14.9
17704,0.7892,0,WARNING,15.8,11.6,24.8,15.2
17705,0.8566,0,WARNING,17.4,11.5,24.1,14.2
17706,0.8645,0,WARNING,16.6,12.7,25.3,14.6
17707,0.9836,0,WARNING,17.5,14.4,24.4,14.1
17708,0.7737,0,WARNING,17.2,9.6,20.1,11.5
17709,0.7588,0,WARNING,18.3,9.8,23.1,14.4
17710,0.7989,0,WARNING,17.8,10.2,23.7,13.5
17711,0.8412,0,WARNING,18.3,11.0,22.2,12.2
17712,0.8161,0,WARNING,16.6,10.2,20.0,11.8
17713,0.7797,0,WARNING,14.5,10.9,19.9,12.2
17714,0.7808,0,WARNING,12.9,10.6,20.5,12.3
17715,0.8665,0,WARNING,15.4,12.7,28.7,18.5
17716,0.8949,0,WARNING,16.2,14.2,32.8,20.5
17717,0.8681,0,WARNING,16.8,13.7,31.9,19.1
17718,0.8093,0,WARNING,15.6,11.2,23.5,14.1
17719,0.826,0,WARNING,15.8,11.5,24.2,14.3
17720,0.8155,0,WARNING,15.9,10.4,23.7,14.2
17721,0.8883,0,WARNING,16.5,12.0,24.0,13.4
17722,0.8107,0,WARNING,16.7,11.9,23.4,14.1
17723,0.808,0,WARNING,16.7,10.4,24.5,14.9
17724,0.8014,0,WARNING,17.4,12.3,28.2,17.1
17725,0.8319,0,WARNING,16.1,10.8,24.6,14.7
17726,0.8802,0,WARNING,13.1,13.1,24.9,14.1
17727,0.9218,0,WARNING,15.1,14.3,25.2,15.3
17728,0.8031,0,WARNING,15.2,10.5,25.1,15.0
17729,0.8116,0,WARNING,16.6,11.5,27.3,15.6
17730,0.8556,0,WARNING,17.2,12.4,30.9,19.0
17731,0.8923,0,WARNING,17.8,13.9,33.4,19.7
17732,0.8532,0,WARNING,16.7,12.1,25.3,13.9
17733,0.8341,0,WARNING,17.2,11.4,24.2,13.7
17734,0.7622,0,WARNING,16.5,10.6,22.3,12.8
17735,0.8515,0,WARNING,18.2,11.7,26.0,16.0
17736,0.8937,0,WARNING,18.6,13.2,26.1,14.6
17737,0.882,0,WARNING,16.6,12.2,24.7,13.6
17738,0.7667,0,WARNING,14.2,10.2,24.7,14.5
17739,0.7928,0,WARNING,14.8,11.1,29.2,18.1
17740,0.8727,0,WARNING,15.6,12.7,32.5,18.7
17741,0.9032,0,WARNING,15.6,12.9,28.7,16.2
17742,0.8686,0,WARNING,16.2,11.8,25.7,14.0
17743,0.7745,0,WARNING,15.7,9.9,24.2,13.3
17744,0.7781,0,WARNING,16.5,11.3,25.1,15.0
17745,0.8514,0,WARNING,17.7,11.8,27.0,16.5
17746,0.9696,0,WARNING,17.4,13.5,34.0,14.5
17747,0.8563,0,WARNING,19.9,13.6,38.4,24.2
17748,0.8303,0,WARNING,17.3,10.9,24.5,13.2
17749,0.8068,0,WARNING,16.4,10.4,20.8,11.5
17750,0.8593,0,WARNING,14.0,11.5,24.9,15.0
17751,0.9354,0,WARNING,13.8,14.5,25.9,15.7
17752,0.8408,0,WARNING,14.3,10.7,25.5,14.4
17753,0.8119,0,WARNING,15.1,10.5,23.3,13.7
17754,0.7803,0,WARNING,15.5,10.8,25.4,15.2
17755,0.8579,0,WARNING,16.8,11.9,26.7,15.6
17756,0.921,0,WARNING,16.5,14.6,26.6,15.7
17757,0.8707,0,WARNING,17.8,12.1,29.1,18.9
17758,0.8176,0,WARNING,16.4,10.7,25.2,13.9
17759,0.8143,0,WARNING,16.6,10.8,22.0,12.5
17760,0.8429,0,WARNING,14.5,11.6,23.8,12.8
17761,0.9838,0,WARNING,14.3,15.9,31.2,19.1
17762,0.8265,0,WARNING,16.7,11.5,31.0,18.7
17763,0.8106,0,WARNING,17.0,11.3,29.1,17.4
17764,0.9991,0,WARNING,17.8,14.0,27.3,17.2
17765,0.8785,0,WARNING,18.4,14.9,33.8,21.0
17766,0.8899,0,WARNING,18.5,14.8,32.0,18.9
17767,0.8424,0,WARNING,19.6,13.1,28.9,17.6
17768,0.8062,0,WARNING,18.8,11.2,27.3,17.2
17769,0.8023,0,WARNING,18.1,10.5,24.9,14.4
17770,0.9559,0,WARNING,18.5,13.1,25.5,15.0
17771,0.886,0,WARNING,18.9,12.5,28.7,17.2
17772,0.8469,0,WARNING,15.5,11.0,24.1,13.7
17773,0.7435,0,WARNING,13.4,9.1,17.4,10.2
17774,0.7929,0,WARNING,16.5,11.5,24.8,15.1
17775,0.8548,0,WARNING,15.6,12.1,27.0,16.6
17776,0.8863,0,WARNING,15.5,13.4,22.8,12.9
17777,0.8651,0,WARNING,16.4,12.1,24.8,15.1
17778,0.8414,0,WARNING,15.8,11.6,22.8,14.1
17779,1.0,0,ANOMALY,16.8,13.7,20.0,11.2
17780,0.867,0,WARNING,16.3,11.7,24.0,14.1
17781,0.8776,0,WARNING,17.4,11.6,22.5,12.5
17782,0.9058,0,WARNING,16.7,13.6,25.7,15.8
17783,0.8307,0,WARNING,18.0,11.8,30.0,17.2
17784,0.9837,0,WARNING,16.4,14.2,31.9,16.8
17785,0.8261,0,WARNING,14.5,11.7,28.6,18.2
17786,0.9554,0,WARNING,14.5,15.0,31.2,18.6
17787,0.8993,0,WARNING,16.2,13.7,30.5,18.1
17788,0.9695,0,WARNING,15.6,12.1,24.2,15.0
17789,0.9457,0,WARNING,16.0,12.5,22.5,14.1
17790,0.8546,0,WARNING,15.1,12.4,22.0,11.9
17791,0.8373,0,WARNING,16.7,12.6,23.1,14.1
17792,0.8555,0,WARNING,16.9,11.9,26.8,16.5
17793,0.9045,0,WARNING,17.2,13.4,29.0,14.8
17794,0.7906,0,WARNING,17.2,10.8,21.3,11.9
17795,0.848,0,WARNING,17.3,11.0,23.7,14.0
17796,0.8456,0,WARNING,17.2,11.7,21.5,12.1
17797,0.8895,0,WARNING,14.9,12.5,27.1,15.1
17798,0.9474,0,WARNING,13.4,13.2,23.6,14.0
17799,0.8011,0,WARNING,15.1,10.6,22.5,12.5
17800,0.8622,0,WARNING,16.6,11.7,25.3,14.4
17801,0.9149,0,WARNING,17.6,13.9,32.6,17.6
17802,0.9842,0,WARNING,16.5,11.3,35.1,15.8
17803,0.9331,0,WARNING,16.9,13.2,27.9,15.0
17804,0.7964,0,WARNING,16.8,11.6,24.6,14.4
17805,0.8502,0,WARNING,16.5,11.7,23.4,13.7
17806,0.8729,0,WARNING,17.0,13.5,24.2,13.4
17807,0.8715,0,WARNING,16.9,11.6,21.9,12.3
17808,0.8272,0,WARNING,17.5,12.6,26.9,17.3
17809,0.8137,0,WARNING,16.7,10.4,21.8,11.9
17810,0.8174,0,WARNING,13.7,10.2,21.3,13.1
17811,0.8292,0,WARNING,13.3,10.7,22.7,15.0
17812,0.9764,0,WARNING,14.8,13.5,25.3,15.9
17813,0.8166,0,WARNING,15.6,11.5,24.0,14.5
17814,0.9485,0,WARNING,15.4,10.4,30.4,14.7
17815,0.8373,0,WARNING,16.5,11.3,27.0,15.2
17816,0.8828,0,WARNING,17.5,12.9,29.6,17.9
17817,0.8546,0,WARNING,17.2,11.8,27.5,15.6
17818,0.8006,0,WARNING,16.0,10.0,21.1,12.1
17819,0.8831,0,WARNING,16.7,11.9,23.5,15.6
17820,0.858,0,WARNING,13.5,11.4,22.9,13.1
17821,0.8757,0,WARNING,12.8,12.9,22.6,12.3
17822,0.8667,0,WARNING,15.0,12.1,26.6,16.9
17823,0.781,0,WARNING,15.3,10.9,24.8,15.3
17824,0.9477,0,WARNING,15.4,13.6,21.2,12.1
17825,0.8766,0,WARNING,16.2,11.4,22.3,12.8
17826,0.8548,0,WARNING,16.1,12.7,24.4,15.1
17827,0.8819,0,WARNING,18.1,13.2,27.0,14.7
17828,0.8697,0,WARNING,16.8,12.2,27.1,14.9
17829,1.0,0,ANOMALY,17.4,18.2,22.2,12.9
17830,0.834,0,WARNING,16.7,11.0,23.0,13.7
17831,0.8582,0,WARNING,17.2,11.8,25.5,14.1
17832,0.8204,0,WARNING,17.0,11.2,21.0,11.5
17833,0.8575,0,WARNING,14.8,12.3,25.4,14.7
17834,0.8061,0,WARNING,12.7,11.6,24.3,13.8
17835,0.887,0,WARNING,15.9,14.1,23.6,13.4
17836,0.8908,0,WARNING,16.9,14.0,25.4,15.2
17837,0.9028,0,WARNING,17.9,14.3,25.8,16.1
17838,0.8009,0,WARNING,16.8,10.7,22.5,12.5
17839,0.749,0,WARNING,18.0,11.0,20.6,12.5
17840,0.8348,0,WARNING,17.5,11.0,22.7,13.6
17841,0.8708,0,WARNING,18.5,12.3,25.6,14.2
17842,0.9996,0,WARNING,18.7,15.3,27.8,15.8
17843,0.8782,0,WARNING,19.7,12.0,28.9,15.4
17844,0.9208,0,WARNING,19.0,12.7,26.5,12.3
17845,0.8465,0,WARNING,19.6,12.2,27.0,16.4
17846,0.9028,0,WARNING,16.5,14.7,30.8,17.7
17847,0.8811,0,WARNING,12.7,11.7,23.9,12.7
17848,0.7703,0,WARNING,14.3,9.8,20.2,12.2
17849,0.758,0,WARNING,15.3,10.1,24.8,14.3
17850,0.8726,0,WARNING,15.8,13.2,24.7,13.9
17851,0.8743,0,WARNING,16.4,12.1,25.3,14.1
17852,0.8629,0,WARNING,16.1,11.3,22.0,12.2
17853,0.8794,0,WARNING,17.2,12.5,28.5,16.5
17854,0.8178,0,WARNING,16.8,11.6,24.8,14.0
17855,0.8579,0,WARNING,16.9,11.1,21.8,12.0
17856,0.8848,0,WARNING,17.0,13.1,21.9,12.9
17857,0.8675,0,WARNING,17.7,12.1,24.9,13.9
17858,0.861,0,WARNING,18.0,12.0,24.7,14.4
17859,0.8615,0,WARNING,14.2,11.7,22.9,12.2
17860,0.7944,0,WARNING,13.9,9.9,20.5,12.6
17861,0.8711,0,WARNING,14.7,13.5,25.1,14.9
17862,0.8596,0,WARNING,14.7,11.4,22.9,13.0
17863,0.8598,0,WARNING,16.5,12.0,26.4,14.4
17864,0.8933,0,WARNING,16.4,11.5,29.5,14.0
17865,0.8098,0,WARNING,15.9,10.5,20.5,12.6
17866,0.8286,0,WARNING,15.8,11.7,20.4,12.1
17867,0.897,0,WARNING,17.6,12.7,27.0,15.3
17868,0.8099,0,WARNING,16.4,10.2,20.2,10.8
17869,0.8183,0,WARNING,16.7,10.6,23.1,13.9
17870,0.8148,0,WARNING,16.4,10.2,20.7,11.4
17871,0.8653,0,WARNING,16.5,11.2,21.5,11.8
17872,0.8623,0,WARNING,14.8,12.8,23.8,14.3
17873,0.8278,0,WARNING,12.9,10.9,23.9,14.9
17874,0.8013,0,WARNING,14.0,11.6,27.3,15.0
17875,0.8459,0,WARNING,15.5,12.0,23.9,14.0
17876,0.8477,0,WARNING,14.6,11.5,20.4,11.8
17877,0.8574,0,WARNING,15.8,11.3,22.0,12.9
17878,0.9225,0,WARNING,16.2,12.3,21.8,13.3
17879,0.7617,0,WARNING,15.4,9.5,18.0,11.5
17880,0.9368,0,WARNING,12.8,12.8,20.3,11.4
17881,0.8646,0,WARNING,12.4,11.8,22.6,12.5
17882,0.8373,0,WARNING,14.2,10.7,19.4,10.6
17883,0.9488,0,WARNING,14.6,11.5,18.7,10.2
17884,0.8248,0,WARNING,14.9,11.5,20.8,11.5
17885,0.866,0,WARNING,16.5,11.6,23.0,12.8
17886,0.906,0,WARNING,16.6,13.7,29.3,16.0
17887,0.8149,0,WARNING,16.4,10.8,25.2,15.1
17888,0.8298,0,WARNING,16.7,11.8,25.3,14.3
17889,0.8142,0,WARNING,17.0,11.2,19.8,10.6
17890,0.8643,0,WARNING,17.1,11.8,24.0,14.4
17891,0.971,0,WARNING,17.4,14.8,23.8,14.5
17892,0.8593,0,WARNING,17.7,12.1,23.1,12.6
17893,0.7614,0,WARNING,13.6,10.1,22.2,13.7
17894,1.0,0,ANOMALY,11.4,15.4,21.4,12.5
17895,0.8493,0,WARNING,13.1,11.0,20.4,11.0
17896,0.8628,0,WARNING,14.7,12.6,22.7,13.4
17897,0.8542,0,WARNING,14.3,11.4,20.7,12.5
17898,0.8263,0,WARNING,14.6,10.6,20.1,11.4
17899,0.7938,0,WARNING,14.6,10.1,18.3,9.9
17900,0.8159,0,WARNING,15.3,11.6,20.6,13.1
17901,0.8223,0,WARNING,15.4,10.2,19.3,11.5
17902,0.8687,0,WARNING,15.0,11.1,20.3,11.2
17903,0.8458,0,WARNING,15.5,10.9,21.8,12.9
17904,0.8021,0,WARNING,15.2,11.0,18.7,10.0
17905,0.8372,0,WARNING,15.4,10.4,18.7,10.1
17906,0.853,0,WARNING,15.6,12.7,19.3,10.9
17907,0.8433,0,WARNING,13.1,10.6,19.4,11.4
17908,0.799,0,WARNING,11.3,9.9,18.8,10.8
17909,0.7612,0,WARNING,13.0,9.4,17.8,10.3
17910,0.8893,0,WARNING,14.3,14.4,22.7,12.4
17911,0.9149,0,WARNING,15.7,13.1,25.9,14.2
17912,0.8601,0,WARNING,14.5,11.5,21.9,12.0
17913,1.0,0,ANOMALY,15.2,15.4,21.4,12.5
17914,0.765,0,WARNING,14.7,9.8,18.2,10.9
17915,0.8494,0,WARNING,15.5,11.3,23.4,14.1
17916,0.8678,0,WARNING,15.1,12.0,20.4,11.2
17917,0.8012,0,WARNING,15.5,9.8,19.7,10.8
17918,0.8868,0,WARNING,15.7,11.4,19.3,11.0
17919,0.7901,0,WARNING,15.5,9.8,17.5,9.2
17920,0.8518,0,WARNING,15.2,10.7,19.7,11.1
17921,0.8626,0,WARNING,13.4,11.5,21.5,12.9
17922,0.8708,0,WARNING,11.9,11.8,19.8,11.0
17923,0.8117,0,WARNING,13.7,10.3,18.9,10.1
17924,0.7979,0,WARNING,14.2,10.8,20.6,13.0
17925,0.9999,0,WARNING,15.7,15.4,25.5,14.8
17926,0.9039,0,WARNING,14.9,12.4,21.1,12.2
17927,0.8788,0,WARNING,15.6,12.2,22.4,13.3
17928,0.8357,0,WARNING,14.7,11.2,18.9,10.9
17929,0.7655,0,WARNING,15.5,9.9,17.2,10.0
17930,0.8498,0,WARNING,15.5,11.4,22.1,13.9
17931,0.8774,0,WARNING,15.8,11.8,21.5,12.5
17932,0.9994,0,WARNING,16.0,14.5,22.3,13.0
17933,0.7993,0,WARNING,15.9,10.7,19.3,11.5
17934,0.8185,0,WARNING,13.3,11.7,26.0,17.2
17935,0.8406,0,WARNING,11.7,12.6,25.0,15.7
17936,0.8757,0,WARNING,13.2,12.6,24.5,14.5
17937,0.8833,0,WARNING,14.9,12.6,24.9,15.5
17938,0.8083,0,WARNING,13.8,10.5,20.2,12.5
17939,0.7839,0,WARNING,14.2,10.4,20.4,15.7
17940,0.8637,0,WARNING,15.3,11.6,22.4,13.2
17941,0.8642,0,WARNING,16.6,11.9,19.7,11.0
17942,0.8694,0,WARNING,18.7,12.7,20.1,11.3
17943,0.7729,0,WARNING,19.2,9.8,15.9,9.6
17944,0.8068,0,WARNING,19.3,11.1,18.8,10.8
17945,0.838,0,WARNING,20.1,10.9,20.9,12.7
17946,0.8572,0,WARNING,19.7,11.7,19.9,10.6
17947,0.8594,0,WARNING,20.1,10.6,19.6,10.5
17948,0.7507,0,WARNING,19.6,8.6,15.8,9.3
17949,0.7821,0,WARNING,20.5,10.7,17.4,10.0
17950,0.8726,0,WARNING,20.7,11.4,22.3,13.3
17951,0.8959,0,WARNING,21.3,12.0,21.4,11.2
17952,0.8785,0,WARNING,20.7,11.3,20.8,12.7
17953,0.7417,0,WARNING,17.7,8.6,15.5,8.8
17954,1.0,0,WARNING,15.5,14.7,18.3,9.9
17955,0.8866,0,WARNING,17.8,12.1,19.9,11.5
17956,0.8802,0,WARNING,18.6,12.6,19.3,10.8
17957,0.9841,0,WARNING,19.5,13.5,18.0,10.3
17958,0.8047,0,WARNING,18.8,10.3,17.1,9.9
17959,0.8045,0,WARNING,19.4,10.8,19.4,11.7
17960,0.8265,0,WARNING,19.2,10.8,18.2,10.0
17961,0.9871,0,WARNING,20.0,13.5,20.1,12.0
17962,0.8662,0,WARNING,19.9,11.0,19.7,11.2
17963,0.8166,0,WARNING,20.1,10.4,19.1,9.9
17964,0.9489,0,WARNING,19.7,12.2,16.5,8.8
17965,0.8227,0,WARNING,19.9,10.0,17.1,9.5
17966,0.849,0,WARNING,20.3,11.5,18.2,10.1
17967,0.9973,0,WARNING,20.3,14.3,19.3,9.9
17968,0.8188,0,WARNING,17.6,10.2,19.1,9.8
17969,0.8303,0,WARNING,16.9,10.6,20.0,12.9
17970,1.0,0,ANOMALY,17.9,15.2,18.5,10.1
17971,0.8364,0,WARNING,18.7,10.3,17.7,10.0
17972,0.8695,0,WARNING,19.4,12.0,22.1,13.2
17973,0.8163,0,WARNING,19.4,10.3,17.9,9.8
17974,0.7938,0,WARNING,19.0,9.6,16.9,9.9
17975,0.807,0,WARNING,20.1,10.7,18.1,11.1
17976,0.8435,0,WARNING,19.6,11.6,18.0,9.7
17977,0.8848,0,WARNING,20.0,11.3,18.5,10.3
17978,0.7893,0,WARNING,19.6,9.4,16.2,8.6
17979,0.7516,0,WARNING,20.1,9.0,17.4,10.8
17980,0.8399,0,WARNING,20.0,10.3,18.5,10.5
17981,0.9845,0,WARNING,20.0,13.9,19.1,10.5
17982,0.8306,0,WARNING,17.4,9.6,17.0,9.3
17983,0.9325,0,WARNING,17.0,10.2,24.6,23.7
17984,0.9805,0,WARNING,17.8,13.9,26.9,21.9
17985,0.8446,1,WARNING,18.8,11.3,20.2,11.0
17986,0.8743,1,WARNING,19.1,12.7,20.4,10.9
17987,0.8797,1,WARNING,19.3,12.5,19.3,12.4
17988,0.8182,1,WARNING,19.1,9.8,17.2,9.4
17989,0.8022,1,WARNING,19.4,9.7,17.3,9.6
17990,0.8453,1,WARNING,19.6,10.1,18.2,10.4
17991,0.8361,1,WARNING,20.3,10.4,18.0,10.1
17992,0.9325,1,WARNING,17.2,11.1,25.4,24.3
17993,0.9404,1,WARNING,15.5,10.2,26.6,24.2
17994,0.8168,1,WARNING,17.0,10.0,18.8,9.3
17995,0.8449,1,WARNING,17.9,11.1,17.5,10.0
17996,0.8149,1,WARNING,18.2,10.6,17.0,10.1
17997,0.8718,1,WARNING,18.8,10.8,18.2,10.3
17998,0.9484,1,WARNING,18.6,11.8,15.8,9.3
17999,0.8135,1,WARNING,18.8,9.8,16.3,8.4
18000,0.8471,1,WARNING,17.1,10.3,17.1,9.0
18001,0.8698,1,WARNING,15.5,11.1,18.0,9.8
18002,0.8015,1,WARNING,16.4,9.4,16.1,9.1
18003,0.7919,1,WARNING,17.8,9.7,16.8,9.7
18004,0.7928,1,WARNING,18.0,11.3,15.7,8.4
18005,0.8551,1,WARNING,18.5,11.4,17.5,9.3
18006,0.8201,1,WARNING,18.6,10.8,17.4,9.7
18007,0.8144,1,WARNING,18.8,10.1,17.3,10.0
18008,0.9091,1,WARNING,20.3,12.6,19.3,10.4
18009,0.8313,1,WARNING,19.3,10.4,17.6,10.0
18010,0.8476,1,WARNING,19.3,11.2,18.7,11.6
18011,0.8605,1,WARNING,19.6,12.0,18.3,10.6
18012,0.8241,1,WARNING,19.5,10.0,18.0,10.9
18013,1.0,1,ANOMALY,20.5,18.3,19.0,11.2
18014,0.7922,1,WARNING,16.9,11.1,16.8,8.9
18015,1.0,1,ANOMALY,36.6,30.6,18.7,10.5
18016,0.8801,1,WARNING,17.7,12.4,18.0,10.3
18017,0.8247,1,WARNING,18.3,10.6,17.1,9.7
18018,0.7805,0,WARNING,18.3,9.8,16.3,9.6
18019,0.8065,0,WARNING,19.0,10.4,17.3,10.3
18020,0.9448,0,WARNING,18.9,11.4,17.6,9.8
18021,0.8377,0,WARNING,19.3,11.3,16.4,8.7
18022,0.8383,0,WARNING,19.3,10.1,16.6,8.6
18023,0.8095,0,WARNING,19.5,9.9,17.4,9.8
18024,0.729,0,WARNING,18.8,9.5,14.2,7.6
18025,0.8122,0,WARNING,19.5,10.5,15.8,8.9
18026,0.831,0,WARNING,19.4,11.1,17.6,10.3
18027,0.7423,0,WARNING,19.6,8.7,15.0,8.3
18028,0.8149,0,WARNING,18.9,11.0,16.8,9.0
18029,0.8053,0,WARNING,17.3,9.8,16.3,10.0
18030,0.8508,0,WARNING,16.7,10.7,17.4,9.5
18031,1.0,0,ANOMALY,18.0,15.1,18.7,10.4
18032,0.8646,0,WARNING,17.9,11.0,18.6,10.2
18033,0.7265,0,WARNING,18.0,8.4,14.6,8.3
18034,0.7949,0,WARNING,18.0,10.1,15.9,8.6
18035,0.8446,0,WARNING,18.6,11.0,17.0,9.0
18036,0.8178,0,WARNING,18.5,10.6,15.6,8.4
18037,0.8245,0,WARNING,19.1,10.3,16.5,9.7
18038,0.7686,0,WARNING,18.8,9.8,15.5,8.2
18039,0.7831,0,WARNING,19.1,9.3,15.3,8.5
18040,0.8154,0,WARNING,19.5,9.9,16.9,10.3
18041,0.8511,0,WARNING,19.5,10.9,17.8,9.5
18042,0.9662,0,WARNING,19.4,11.7,16.0,8.7
18043,0.7858,0,WARNING,16.7,9.4,15.8,9.0
18044,0.7857,0,WARNING,14.7,9.4,15.7,8.1
18045,0.8618,0,WARNING,16.7,12.8,19.8,10.9
18046,0.8177,0,WARNING,17.4,10.8,16.9,8.9
18047,0.8225,0,WARNING,17.9,10.8,16.8,9.8
18048,0.8009,0,WARNING,17.9,9.7,16.5,9.1
18049,0.9845,0,WARNING,18.4,11.2,14.6,8.2
18050,0.8567,0,WARNING,18.6,10.8,18.3,10.2
18051,0.8586,0,WARNING,19.3,10.7,17.3,9.5
18052,0.9585,0,WARNING,19.2,13.9,18.1,9.5
18053,0.802,0,WARNING,19.2,9.7,16.7,9.2
18054,0.7713,0,WARNING,18.9,8.9,15.8,9.0
18055,0.8894,0,WARNING,19.9,12.3,16.8,9.0
18056,0.8728,0,WARNING,20.0,12.6,18.1,10.0
18057,0.8267,0,WARNING,20.1,10.6,17.1,10.5
18058,0.7708,0,WARNING,17.5,9.2,15.4,8.8
18059,0.9844,0,WARNING,15.8,11.2,15.2,8.1
18060,0.8552,0,WARNING,12.0,10.7,17.5,9.2
18061,0.8319,0,WARNING,10.4,10.2,16.6,9.1
18062,0.7683,0,WARNING,11.5,9.0,15.1,9.0
18063,0.7529,0,WARNING,12.3,9.4,14.5,8.0
18064,0.7627,0,WARNING,12.4,9.2,15.4,8.6
18065,0.8806,0,WARNING,12.9,12.0,18.7,9.8
18066,0.8778,0,WARNING,13.2,12.0,18.8,10.7
18067,0.8896,0,WARNING,13.2,12.2,17.1,10.1
18068,0.8102,0,WARNING,13.3,10.0,17.3,10.3
18069,0.7712,0,WARNING,13.5,9.3,16.3,9.0
18070,0.9587,0,WARNING,14.0,13.2,18.3,10.7
18071,0.8678,0,WARNING,14.0,10.9,17.9,9.7
18072,0.8137,0,WARNING,13.9,9.8,16.5,9.1
18073,0.7851,0,WARNING,14.9,9.8,17.3,9.3
18074,0.8117,0,WARNING,12.9,11.2,17.4,9.6
18075,0.859,0,WARNING,11.2,11.8,19.3,9.4
18076,0.802,0,WARNING,12.0,10.6,15.3,8.7
18077,0.9584,0,WARNING,13.6,13.7,19.0,11.2
18078,0.8123,0,WARNING,13.3,10.3,16.8,9.6
18079,0.8113,0,WARNING,13.6,10.4,16.6,9.6
18080,0.8339,0,WARNING,13.8,10.2,17.0,9.6
18081,0.8183,0,WARNING,14.3,10.9,17.7,10.9
18082,0.8261,0,WARNING,13.8,10.1,16.2,8.3
18083,0.7903,0,WARNING,14.3,9.5,16.3,8.8
18084,0.7805,0,WARNING,14.1,9.2,15.9,9.1
18085,0.959,0,WARNING,14.8,13.4,18.4,9.7
18086,0.874,0,WARNING,14.7,11.9,18.2,10.0
18087,0.8458,0,WARNING,15.2,10.8,18.8,11.3
18088,0.7745,0,WARNING,15.0,9.3,16.9,10.1
18089,0.8126,0,WARNING,12.6,10.1,17.3,9.5
18090,0.9492,0,WARNING,11.3,12.6,18.1,10.6
18091,0.8759,0,WARNING,13.1,11.8,20.0,12.2
18092,0.8417,0,WARNING,13.6,11.0,19.9,12.8
18093,1.0,0,ANOMALY,14.0,14.2,19.7,11.5
18094,0.7632,0,WARNING,13.7,9.0,16.7,10.7
18095,0.8005,0,WARNING,14.2,10.7,18.5,11.6
18096,0.9237,0,WARNING,14.0,12.8,18.8,11.7
18097,0.8447,0,WARNING,14.5,10.5,19.4,11.5
18098,0.7964,0,WARNING,14.7,11.5,22.9,14.5
18099,0.806,0,WARNING,14.4,9.8,19.0,11.2
18100,0.8646,0,WARNING,15.0,10.9,18.9,11.1
18101,0.8473,0,WARNING,12.3,10.3,18.0,10.2
18102,0.8322,0,WARNING,10.0,9.7,16.7,9.4
18103,0.767,0,WARNING,12.4,9.4,15.2,8.6
18104,1.0,0,ANOMALY,13.6,14.6,17.2,10.1
18105,0.8515,0,WARNING,14.8,11.9,19.2,10.6
18106,0.875,0,WARNING,14.4,12.2,18.7,9.6
18107,0.5759,0,NORMAL,14.2,6.9,11.4,7.1
18108,0.4318,0,NORMAL,13.4,5.9,9.4,6.7
18109,0.5614,0,NORMAL,14.1,6.5,11.8,6.5
18110,0.6867,0,WARNING,13.9,7.5,13.2,8.5
18111,0.6727,0,WARNING,14.4,7.5,13.4,8.8
18112,0.6339,0,WARNING,14.2,6.9,12.3,8.4
18113,0.8433,0,WARNING,14.7,7.8,11.0,7.7
18114,0.6016,0,WARNING,14.4,7.2,12.7,8.7
18115,0.7123,0,WARNING,14.9,8.7,14.9,10.3
18116,0.7272,0,WARNING,14.1,9.4,15.5,10.1
18117,0.8052,0,WARNING,11.9,8.8,14.3,10.7
18118,0.5409,0,NORMAL,10.9,6.8,13.7,10.9
18119,0.7064,0,WARNING,12.3,8.2,15.2,9.5
18120,0.8049,0,WARNING,12.5,8.6,13.2,10.1
18121,0.7432,0,WARNING,14.6,9.1,16.2,11.5
18122,0.7432,0,WARNING,16.3,8.7,17.2,11.5
18123,0.9394,0,WARNING,18.2,11.3,17.0,11.4
18124,0.7436,0,WARNING,18.3,8.9,16.7,11.8
18125,0.8248,0,WARNING,19.6,11.9,19.2,13.2
18126,0.88,0,WARNING,19.1,12.6,21.9,13.8
18127,0.823,0,WARNING,19.5,10.1,20.2,14.2
18128,0.832,0,WARNING,19.4,10.7,19.4,14.3
18129,0.8316,0,WARNING,19.7,10.6,20.1,14.0
18130,0.999,0,WARNING,19.8,14.4,21.7,15.4
18131,0.8815,0,WARNING,18.2,11.9,23.1,16.8
18132,1.0,0,ANOMALY,17.1,13.6,19.1,12.9
18133,0.7415,0,WARNING,18.2,8.8,14.6,8.0
18134,0.7707,0,WARNING,18.3,9.2,14.8,8.4
18135,0.8502,0,WARNING,18.8,11.6,17.8,10.4
18136,0.8262,0,WARNING,18.7,11.0,16.9,9.8
18137,0.8992,0,WARNING,19.4,12.3,19.6,11.1
18138,1.0,0,ANOMALY,19.5,17.3,16.9,9.5
18139,0.7846,0,WARNING,19.6,9.7,15.8,9.2
18140,0.8364,0,WARNING,19.2,9.9,16.5,8.7
18141,0.8726,0,WARNING,19.7,11.1,18.2,9.9
18142,0.8498,0,WARNING,19.4,10.3,16.7,9.4
18143,0.7603,0,WARNING,19.3,8.9,15.0,8.3
18144,0.8045,0,WARNING,15.9,9.7,16.2,8.6
18145,0.7997,0,WARNING,14.7,10.4,16.4,9.7
18146,0.8702,0,WARNING,17.2,11.7,17.4,9.3
18147,0.8731,0,WARNING,18.3,12.1,18.5,10.1
18148,0.7261,0,WARNING,18.1,8.3,14.6,8.5
18149,0.8139,0,WARNING,18.7,10.0,16.9,8.7
18150,0.8464,0,WARNING,18.7,10.2,16.8,9.3
18151,0.8258,0,WARNING,19.4,10.1,17.1,9.5
18152,0.8272,0,WARNING,18.9,10.0,17.4,10.1
18153,0.7663,0,WARNING,19.6,9.3,15.2,8.9
18154,0.7254,0,WARNING,19.1,8.2,14.3,7.9
18155,0.9394,0,WARNING,19.6,12.4,17.1,9.6
18156,0.8932,0,WARNING,19.7,12.3,19.6,10.1
18157,0.8426,0,WARNING,19.9,9.9,16.3,8.3
18158,0.7787,0,WARNING,19.5,9.2,15.4,9.1
18159,0.7817,0,WARNING,17.1,9.1,16.0,9.0
18160,0.8535,0,WARNING,15.8,10.5,17.2,9.0
18161,0.8861,0,WARNING,18.1,11.7,19.3,10.4
18162,0.8504,0,WARNING,17.9,10.3,16.9,9.7
18163,0.999,0,WARNING,18.2,11.4,15.4,8.4
18164,0.7967,0,WARNING,18.1,9.3,16.1,8.7
18165,0.8481,0,WARNING,20.0,11.3,18.2,10.8
18166,0.8318,0,WARNING,19.2,11.0,18.7,10.3
18167,0.8722,0,WARNING,19.8,11.3,20.4,11.6
18168,0.795,0,WARNING,19.4,9.4,16.8,10.2
18169,0.7889,0,WARNING,19.8,9.5,16.5,9.5
18170,0.8733,0,WARNING,20.5,11.3,19.0,10.8
18171,0.8262,0,WARNING,20.5,11.5,17.7,10.0
18172,0.8549,0,WARNING,19.9,10.3,17.0,9.7
18173,0.7422,0,WARNING,17.0,8.4,14.9,9.2
18174,0.7792,0,WARNING,15.2,9.2,15.5,8.5
18175,0.8168,0,WARNING,17.9,10.5,17.3,10.4
18176,0.8472,0,WARNING,18.8,11.4,19.1,12.4
18177,0.8321,0,WARNING,18.6,10.0,17.3,10.4
18178,0.7521,0,WARNING,18.4,8.7,15.3,9.5
18179,0.8232,0,WARNING,18.9,9.9,16.6,9.1
18180,0.9386,0,WARNING,16.4,12.2,17.0,9.3
18181,0.8635,0,WARNING,15.5,10.8,18.7,11.0
18182,0.8272,0,WARNING,16.7,9.8,16.9,10.1
18183,0.8082,0,WARNING,17.6,9.6,16.8,10.4
18184,0.7941,0,WARNING,17.5,9.2,16.6,9.8
18185,0.8363,0,WARNING,18.8,10.8,17.6,9.9
18186,0.8542,0,WARNING,19.0,11.2,18.4,9.8
18187,0.7719,0,WARNING,19.3,8.8,15.0,8.7
18188,0.81,0,WARNING,19.0,9.7,16.2,9.1
18189,0.7724,0,WARNING,19.5,9.1,15.0,8.8
18190,0.8162,0,WARNING,19.4,9.7,16.7,9.9
18191,0.8912,0,WARNING,20.0,11.9,19.0,10.0
18192,0.8548,0,WARNING,20.2,11.3,17.4,9.7
18193,0.8353,0,WARNING,20.4,10.3,17.8,9.9
18194,0.757,0,WARNING,17.2,8.9,14.8,7.3
18195,0.8263,0,WARNING,16.1,11.0,15.9,9.0
18196,0.838,0,WARNING,17.7,11.3,18.1,10.4
18197,0.8586,0,WARNING,18.2,11.2,18.4,10.1
18198,0.8324,0,WARNING,18.1,10.9,17.1,9.8
18199,0.8372,0,WARNING,18.9,11.0,18.9,10.9
18200,0.8355,0,WARNING,18.9,10.1,16.0,8.6
18201,0.8663,0,WARNING,19.4,10.7,17.5,9.5
18202,0.8531,0,WARNING,19.1,10.5,17.5,9.4
18203,0.7889,0,WARNING,19.2,9.1,15.5,8.9
18204,0.7933,0,WARNING,19.1,9.3,15.8,8.4
18205,0.9897,0,WARNING,19.6,13.7,17.6,9.4
18206,0.8634,0,WARNING,19.7,11.6,17.5,9.6
18207,0.8521,0,WARNING,20.4,10.5,17.5,9.4
18208,0.7944,0,WARNING,18.2,9.6,16.2,9.7
18209,0.7935,0,WARNING,16.5,10.8,16.7,10.7
18210,0.8591,0,WARNING,17.2,10.7,18.3,10.3
18211,0.8423,0,WARNING,18.4,10.8,18.4,10.7
18212,0.8392,0,WARNING,18.5,11.0,17.1,10.0
18213,0.7839,0,WARNING,19.2,9.1,16.4,9.8
18214,0.7796,0,WARNING,18.9,9.3,15.9,8.6
18215,0.939,0,WARNING,19.6,13.0,17.3,8.9
18216,0.8506,0,WARNING,19.9,11.4,17.8,10.1
18217,0.856,0,WARNING,19.9,10.5,17.3,9.1
18218,0.7942,0,WARNING,19.4,9.5,15.6,8.2
18219,0.749,0,WARNING,19.4,8.6,14.6,8.3
18220,0.8631,0,WARNING,20.2,10.9,18.4,9.9
18221,0.8989,0,WARNING,20.1,11.9,19.4,10.1
18222,0.9587,0,WARNING,19.8,12.0,16.5,9.1
18223,0.7963,0,WARNING,17.2,9.4,16.3,9.3
18224,0.7118,0,WARNING,15.5,8.1,13.6,7.4
18225,0.8234,0,WARNING,17.3,10.8,16.4,9.5
18226,0.9814,0,WARNING,18.1,14.1,17.8,9.7
18227,0.8252,0,WARNING,18.4,10.1,16.6,10.5
18228,0.7947,0,WARNING,18.5,10.3,16.9,10.2
18229,0.8349,0,WARNING,18.9,10.5,15.2,9.1
18230,0.8284,0,WARNING,19.0,10.7,17.9,11.2
18231,0.8687,0,WARNING,19.4,11.7,20.0,12.4
18232,0.9065,0,WARNING,19.1,12.8,18.7,11.8
18233,0.7921,0,WARNING,19.3,10.1,17.5,11.5
18234,0.8019,0,WARNING,19.2,10.0,16.9,10.0
18235,0.9712,0,WARNING,19.7,13.3,17.7,10.5
18236,0.8756,0,WARNING,19.7,12.4,19.3,11.8
18237,0.8699,0,WARNING,18.2,11.5,19.9,12.1
18238,0.885,0,WARNING,16.5,11.7,16.3,9.3
18239,0.7753,0,WARNING,17.5,9.7,16.2,9.6
18240,0.7672,0,WARNING,15.9,9.7,15.7,9.9
18241,0.8546,0,WARNING,15.8,11.1,18.6,11.1
18242,0.9238,0,WARNING,16.9,11.3,15.3,9.8
18243,0.7981,0,WARNING,17.8,10.2,16.6,9.5
18244,0.7891,0,WARNING,17.6,10.7,16.5,9.3
18245,0.8342,0,WARNING,18.4,11.6,17.8,9.7
18246,0.8371,0,WARNING,18.3,11.0,16.6,9.1
18247,0.7946,0,WARNING,18.7,9.4,15.6,8.6
18248,0.7523,0,WARNING,18.5,9.8,14.8,8.1
18249,0.7603,0,WARNING,18.9,9.1,14.9,8.9
18250,0.8927,0,WARNING,18.9,11.7,18.1,9.7
18251,0.872,0,WARNING,19.3,11.2,18.2,9.8
18252,0.9389,0,WARNING,19.4,13.5,17.7,9.9
18253,0.7557,0,WARNING,19.8,9.8,14.9,8.8
18254,0.765,0,WARNING,18.0,9.1,15.3,8.4
18255,0.7883,0,WARNING,16.4,10.7,16.5,9.5
18256,0.8292,0,WARNING,16.8,12.1,17.4,10.1
18257,0.8525,0,WARNING,18.0,10.8,18.3,10.6
18258,0.6313,0,WARNING,17.9,8.0,13.1,8.3
18259,0.9497,0,WARNING,18.3,9.7,11.6,7.0
18260,0.3957,0,NORMAL,18.3,5.1,9.4,6.6
18261,0.8114,0,WARNING,19.0,9.7,16.7,9.9
18262,0.7189,0,WARNING,18.7,8.5,13.8,7.7
18263,0.8415,0,WARNING,19.5,10.1,15.7,9.2
18264,0.7005,0,WARNING,19.2,8.0,14.4,8.5
18265,0.7088,0,WARNING,19.7,8.7,13.1,7.4
18266,0.7696,0,WARNING,19.8,9.8,14.6,8.6
18267,0.7381,0,WARNING,19.7,9.3,13.8,8.2
18268,0.567,0,NORMAL,19.3,6.6,11.1,6.8
18269,0.5211,0,NORMAL,19.9,6.3,11.3,7.1
18270,0.9852,0,WARNING,16.5,12.4,14.8,8.3
18271,0.8065,0,WARNING,15.2,9.6,16.9,10.2
18272,0.4132,0,NORMAL,16.8,5.4,10.0,6.5
18273,0.7552,0,WARNING,18.5,9.0,15.6,8.5
18274,0.9996,0,WARNING,18.3,9.6,11.0,6.9
18275,0.5609,0,NORMAL,19.4,7.4,12.4,7.8
18276,0.7923,0,WARNING,18.9,10.5,16.3,8.9
18277,0.618,0,WARNING,18.8,7.1,11.9,6.8
18278,1.0,0,ANOMALY,19.1,13.0,11.3,6.8
18279,0.6507,0,WARNING,19.1,7.5,12.8,8.0
18280,0.5427,0,NORMAL,19.6,6.1,10.4,6.5
18281,0.7091,0,WARNING,20.0,7.9,14.2,8.4
18282,0.6134,0,WARNING,19.7,6.7,12.2,7.2
18283,0.5545,0,NORMAL,20.0,6.6,12.3,6.9
18284,0.6205,0,WARNING,19.8,7.8,12.9,7.6
18285,0.6373,0,WARNING,20.2,8.0,13.1,7.9
18286,0.7156,0,WARNING,20.0,9.0,13.8,8.4
18287,0.6919,0,WARNING,17.3,7.9,14.8,10.2
18288,0.5733,0,NORMAL,14.2,6.9,13.9,8.9
18289,0.8078,0,WARNING,16.6,7.4,9.9,6.6
18290,0.6971,0,WARNING,17.3,7.7,13.0,8.1
18291,0.7595,0,WARNING,18.3,8.7,16.5,10.4
18292,0.8929,0,WARNING,18.7,10.6,15.9,9.0
18293,0.6382,0,WARNING,18.9,7.5,14.4,8.6
18294,0.5517,0,NORMAL,18.4,6.7,13.3,8.6
18295,0.5782,0,NORMAL,19.1,7.9,13.8,9.3
18296,0.9932,0,WARNING,19.4,13.4,16.9,10.3
18297,0.7239,0,WARNING,19.4,8.1,14.2,8.5
18298,0.4775,0,NORMAL,19.0,6.8,11.6,8.7
18299,0.6931,0,WARNING,19.2,8.2,13.5,6.8
18300,0.9122,0,WARNING,13.4,10.2,12.7,6.6
18301,0.6071,0,WARNING,10.2,7.3,12.9,8.0
18302,0.7411,0,WARNING,12.4,9.3,19.2,12.9
18303,0.5354,0,NORMAL,15.6,8.5,21.5,14.4
18304,0.4265,0,NORMAL,15.7,7.1,19.1,12.0
18305,0.939,0,WARNING,17.3,12.8,24.8,15.4
18306,0.7204,0,WARNING,15.4,9.7,19.5,10.8
18307,0.5893,0,NORMAL,15.1,6.5,11.0,6.1
18308,0.8389,0,WARNING,15.2,9.5,12.3,8.1
18309,0.6742,0,WARNING,15.4,7.7,12.5,6.7
18310,0.6594,0,WARNING,15.5,7.1,11.4,6.6
18311,0.7209,0,WARNING,16.4,8.0,13.3,8.5
18312,0.6854,0,WARNING,15.8,7.4,12.2,6.6
18313,0.6194,0,WARNING,16.0,7.3,12.0,7.3
18314,0.7543,0,WARNING,16.0,9.1,15.5,7.7
18315,0.8439,0,WARNING,16.5,10.3,12.6,7.6
18316,0.7703,0,WARNING,12.5,10.2,15.5,8.6
18317,0.8022,0,WARNING,11.0,10.4,18.2,10.9
18318,1.0,0,ANOMALY,12.8,11.4,12.8,7.9
18319,0.5751,0,NORMAL,13.7,7.2,11.5,6.8
18320,0.8225,0,WARNING,13.8,9.8,15.1,7.8
18321,0.6303,0,WARNING,15.0,7.2,12.0,6.7
18322,1.0,0,ANOMALY,15.1,11.4,12.8,7.7
18323,0.494,0,NORMAL,15.2,6.6,14.0,8.3
18324,0.5372,0,NORMAL,15.0,7.0,13.4,8.0
18325,0.8435,0,WARNING,15.5,9.1,15.0,9.7
18326,0.9411,0,WARNING,15.6,11.1,16.8,9.9
18327,0.7553,0,WARNING,16.0,8.7,14.6,7.9
18328,0.4594,0,NORMAL,15.1,5.9,10.6,6.2
18329,0.5852,0,NORMAL,15.4,7.6,12.0,6.8
18330,0.7689,0,WARNING,15.8,8.8,13.9,8.2
18331,0.6988,0,WARNING,16.0,7.7,13.0,7.6
18332,0.7427,0,WARNING,16.0,8.5,14.7,9.0
18333,0.3931,0,NORMAL,15.6,6.2,11.0,7.1
18334,0.5763,0,NORMAL,12.0,7.5,11.5,6.3
18335,0.7422,0,WARNING,11.4,9.3,15.0,9.2
18336,0.9731,0,WARNING,13.2,12.8,18.0,9.7
18337,0.6392,0,WARNING,13.3,7.0,12.3,6.9
18338,0.5299,0,NORMAL,13.4,6.4,11.4,7.2
18339,0.8435,0,WARNING,14.0,9.1,13.2,8.1
18340,0.731,0,WARNING,15.3,8.9,17.3,10.1
18341,0.729,0,WARNING,14.7,8.4,13.9,7.4
18342,0.8089,0,WARNING,14.7,9.8,14.4,8.7
18343,0.5016,0,NORMAL,14.5,6.7,11.4,6.7
18344,0.6526,0,WARNING,15.1,8.1,17.8,10.9
18345,0.5613,0,NORMAL,15.6,8.1,15.7,10.1
18346,0.9996,0,WARNING,16.2,13.7,17.7,11.1
18347,0.7723,0,WARNING,16.0,9.2,18.1,11.1
18348,0.4796,0,NORMAL,16.5,7.1,17.8,12.2
18349,0.5282,0,NORMAL,15.7,8.0,16.0,9.8
18350,0.6914,0,WARNING,12.8,8.3,17.2,10.2
18351,0.6232,0,WARNING,11.7,7.6,15.6,10.7
18352,0.8683,0,WARNING,13.7,10.6,18.1,12.8
18353,0.5688,0,NORMAL,14.2,7.8,17.1,10.5
18354,0.3288,0,NORMAL,14.5,5.7,12.1,7.6
18355,0.6359,0,WARNING,15.7,8.2,16.2,10.1
18356,0.6725,0,WARNING,14.4,8.7,15.5,10.8
18357,0.7271,0,WARNING,16.7,9.7,24.1,16.3
18358,0.5796,0,NORMAL,16.1,7.4,18.2,11.1
18359,0.548,0,NORMAL,16.8,8.2,20.7,13.8
18360,0.9586,0,WARNING,16.1,10.5,21.6,12.4
18361,0.5579,0,NORMAL,17.2,8.4,19.4,12.3
18362,0.3438,0,NORMAL,18.1,6.1,14.4,9.4
18363,0.6212,0,WARNING,19.7,9.0,17.7,11.5
18364,0.6762,0,WARNING,19.1,8.6,18.2,10.9
18365,0.5988,0,NORMAL,19.9,7.9,14.3,8.7
18366,0.9505,0,WARNING,20.4,12.2,17.3,10.8
18367,0.706,0,WARNING,20.6,8.7,17.9,11.4
18368,0.8021,0,WARNING,20.5,11.7,22.0,13.4
18369,0.7512,0,WARNING,20.5,9.4,19.9,12.5
18370,0.7243,0,WARNING,21.7,9.0,21.3,13.5
18371,0.7023,0,WARNING,22.9,9.2,24.7,15.1
18372,0.7366,0,WARNING,22.2,10.6,24.8,15.7
18373,0.6964,0,WARNING,20.4,10.4,27.1,17.9
18374,0.6914,0,WARNING,17.4,9.2,20.4,11.9
18375,0.6989,0,WARNING,19.8,9.5,20.0,13.3
18376,0.823,0,WARNING,21.4,12.1,23.4,14.7
18377,0.9804,0,WARNING,21.4,12.4,27.7,19.0
18378,0.5227,0,NORMAL,22.1,7.5,17.9,12.1
18379,0.7334,0,WARNING,22.8,10.4,24.4,17.2
18380,0.7278,0,WARNING,21.9,9.6,25.1,15.1
18381,0.7847,0,WARNING,22.9,10.7,27.0,16.1
18382,0.8264,0,WARNING,24.1,11.3,29.1,18.4
18383,0.5035,0,NORMAL,23.0,7.4,22.9,15.0
18384,0.5899,0,NORMAL,23.0,8.5,25.4,16.8
18385,0.7787,0,WARNING,20.2,11.0,24.9,15.7
18386,0.6893,0,WARNING,19.9,10.6,28.8,19.5
18387,1.0,0,ANOMALY,21.6,15.1,28.7,19.1
18388,0.675,0,WARNING,21.0,8.6,21.6,12.9
18389,0.386,0,NORMAL,21.7,6.4,16.9,11.8
18390,0.8001,0,WARNING,24.8,12.5,39.4,25.7
18391,0.7968,0,WARNING,27.3,12.3,41.5,26.9
18392,0.6896,0,WARNING,24.5,8.4,21.6,12.3
18393,0.5708,0,NORMAL,22.9,7.3,18.5,12.6
18394,0.5988,0,NORMAL,23.0,7.3,17.1,10.4
18395,0.7528,0,WARNING,23.9,10.4,23.1,14.7
18396,0.7061,0,WARNING,23.2,9.8,22.2,14.0
18397,0.6815,0,WARNING,20.4,8.4,20.6,13.6
18398,0.4892,0,NORMAL,18.5,6.7,16.2,11.1
18399,0.7652,0,WARNING,20.7,10.1,20.5,13.4
18400,0.8888,0,WARNING,21.7,10.7,23.2,14.7
18401,0.7211,0,WARNING,23.0,9.3,26.4,16.9
18402,0.763,0,WARNING,22.4,9.8,25.9,15.8
18403,0.5449,0,NORMAL,21.3,7.2,15.7,9.9
18404,0.6143,0,WARNING,21.9,8.1,20.6,12.5
18405,0.9082,0,WARNING,25.9,13.6,34.5,23.1
18406,0.8596,0,WARNING,23.3,13.3,28.1,18.9
18407,0.7282,0,WARNING,24.3,10.0,27.4,19.5
18408,0.6126,0,WARNING,21.3,9.5,22.2,15.7
18409,0.5896,0,NORMAL,18.4,7.8,21.9,15.2
18410,0.6632,0,WARNING,19.5,8.6,23.2,17.4
18411,0.7324,0,WARNING,22.7,10.4,29.2,19.7
18412,0.8488,0,WARNING,25.2,14.6,39.1,26.3
18413,0.6369,0,WARNING,21.7,8.2,21.7,11.9
18414,0.642,0,WARNING,23.0,9.2,28.1,19.3
18415,0.7673,0,WARNING,23.7,11.8,28.6,18.8
18416,0.8584,0,WARNING,23.1,12.7,27.3,17.0
18417,0.8083,0,WARNING,24.6,12.4,29.1,19.5
18418,0.7828,0,WARNING,24.6,11.4,24.4,15.9
18419,0.6698,0,WARNING,22.4,9.1,22.4,15.2
18420,0.6863,0,WARNING,18.6,8.6,21.0,13.5
18421,0.8506,0,WARNING,20.2,12.3,26.3,16.5
18422,0.5999,0,NORMAL,22.7,9.0,22.4,15.4
18423,0.4979,0,NORMAL,23.3,7.6,20.5,14.0
18424,0.7456,0,WARNING,22.3,9.4,20.0,11.7
18425,0.8,0,WARNING,23.0,10.9,21.2,13.8
18426,0.8688,0,WARNING,23.5,13.0,26.3,15.7
18427,0.816,0,WARNING,24.8,11.1,27.4,18.9
18428,0.884,0,WARNING,24.5,10.8,21.2,12.3
18429,0.6173,0,WARNING,23.6,7.9,18.3,12.1
18430,0.8596,0,WARNING,23.7,11.0,21.3,12.5
18431,0.8164,0,WARNING,25.1,11.5,30.2,18.5
18432,0.904,0,WARNING,25.3,13.9,37.5,24.9
18433,0.8524,0,WARNING,23.4,14.4,45.8,28.8
18434,0.6937,0,WARNING,21.7,8.5,22.9,13.8
18435,0.8195,0,WARNING,24.8,13.0,32.3,22.5
18436,0.8743,0,WARNING,24.6,14.3,30.7,18.7
18437,0.7561,0,WARNING,25.2,11.0,28.0,18.7
18438,0.7679,0,WARNING,24.7,10.3,22.5,13.9
18439,0.7126,0,WARNING,24.5,9.9,21.5,13.6
18440,0.9207,0,WARNING,24.6,10.6,20.0,11.4
18441,0.8425,0,WARNING,26.0,11.6,27.2,17.7
18442,0.7975,0,WARNING,23.7,10.5,25.7,16.6
18443,0.6169,0,WARNING,20.2,7.9,19.1,11.7
18444,0.6777,0,WARNING,19.3,8.7,21.3,13.9
18445,0.8565,0,WARNING,22.3,13.4,27.8,18.0
18446,0.7726,0,WARNING,23.2,12.6,29.4,19.9
18447,0.7535,0,WARNING,22.7,9.0,21.8,13.7
18448,0.7493,0,WARNING,22.6,9.5,21.1,13.9
18449,0.7505,0,WARNING,23.3,10.7,22.2,14.2
18450,0.7598,0,WARNING,25.3,11.0,26.9,17.9
18451,0.9569,0,WARNING,25.4,12.7,28.2,16.0
18452,0.8575,0,WARNING,25.5,12.4,26.3,15.5
18453,0.7408,0,WARNING,25.0,10.8,23.9,15.9
18454,0.7668,0,WARNING,21.3,10.0,21.9,14.7
18455,0.836,0,WARNING,20.2,12.1,27.0,17.0
18456,0.8576,0,WARNING,22.6,13.5,27.0,16.8
18457,0.887,0,WARNING,24.3,12.7,28.5,17.8
18458,0.831,0,WARNING,24.8,11.2,27.6,15.6
18459,0.7451,0,WARNING,22.9,9.6,22.1,13.8
18460,0.8607,0,WARNING,23.0,11.6,25.5,16.6
18461,0.875,0,WARNING,24.4,13.3,28.5,17.8
18462,0.8899,0,WARNING,27.5,14.3,39.9,26.7
18463,0.8639,0,WARNING,25.8,13.1,36.1,20.6
18464,0.8992,0,WARNING,25.7,13.6,29.1,18.1
18465,0.8492,0,WARNING,22.4,12.4,28.0,18.4
18466,0.8667,0,WARNING,21.6,13.3,30.3,20.0
18467,0.8335,0,WARNING,23.0,11.3,28.2,18.5
18468,0.9012,0,WARNING,22.3,11.8,24.2,16.3
18469,0.7569,0,WARNING,22.6,9.7,24.3,15.4
18470,0.8664,0,WARNING,24.0,12.4,30.3,19.9
18471,0.8844,0,WARNING,25.4,13.4,33.7,23.1
18472,0.8387,0,WARNING,25.1,13.1,31.1,22.2
18473,0.8395,0,WARNING,24.4,11.9,31.2,20.2
18474,0.8517,0,WARNING,24.4,12.2,30.5,17.2
18475,0.8103,0,WARNING,23.1,11.8,28.1,19.8
18476,0.9177,0,WARNING,20.9,13.4,31.9,20.9
18477,0.7301,0,WARNING,21.3,9.6,24.5,16.7
18478,0.6862,0,WARNING,23.0,9.5,26.4,18.3
18479,0.752,0,WARNING,24.5,11.4,26.3,18.0
18480,0.7489,0,WARNING,20.8,9.9,23.8,15.2
18481,0.8244,0,WARNING,20.9,13.6,30.6,19.7
18482,0.826,0,WARNING,20.7,11.7,24.8,15.5
18483,0.7868,0,WARNING,23.3,10.9,24.5,15.5
18484,0.8006,0,WARNING,22.5,11.1,26.1,16.3
18485,0.9348,0,WARNING,24.2,12.8,30.6,20.3
18486,0.9751,0,WARNING,27.2,14.5,35.4,24.1
18487,0.7707,0,WARNING,27.5,12.1,32.7,22.0
18488,0.8507,0,WARNING,25.3,10.5,24.6,17.0
18489,0.6615,0,WARNING,25.1,8.7,21.1,14.6
18490,0.6846,0,WARNING,23.4,9.7,26.7,19.8
18491,0.7559,0,WARNING,21.4,10.9,25.8,17.9
18492,0.6547,0,WARNING,20.4,8.4,23.2,15.5
18493,0.7039,0,WARNING,23.5,9.6,28.7,18.4
18494,0.6901,0,WARNING,23.3,9.5,28.6,20.0
18495,0.8271,0,WARNING,26.0,13.2,34.3,21.0
18496,0.8811,0,WARNING,28.7,15.7,40.9,26.3
18497,0.8881,0,WARNING,28.1,14.2,40.5,27.9
18498,0.8632,0,WARNING,26.8,13.7,36.5,23.0
18499,0.9676,0,WARNING,26.3,13.4,26.9,16.6
18500,0.7859,0,WARNING,22.5,10.1,22.3,15.8
18501,0.7517,0,WARNING,21.4,9.5,24.2,18.3
18502,0.7352,0,WARNING,23.0,11.0,31.2,24.5
18503,0.7322,0,WARNING,23.5,10.5,27.6,16.9
18504,0.6773,0,WARNING,24.6,10.2,26.5,16.8
18505,0.6811,0,WARNING,25.5,10.5,30.7,20.9
18506,0.8232,0,WARNING,27.8,12.1,31.5,21.4
18507,0.8188,0,WARNING,27.2,11.5,30.0,20.9
18508,0.7204,0,WARNING,24.8,9.4,24.4,17.2
18509,0.9748,0,WARNING,25.1,11.6,23.2,15.5
18510,0.7016,0,WARNING,25.4,9.8,29.2,21.5
18511,0.8434,0,WARNING,23.7,12.4,36.1,23.4
18512,0.8245,0,WARNING,24.3,12.7,36.1,25.7
18513,0.9858,0,WARNING,24.2,13.9,27.6,17.1
18514,0.8157,0,WARNING,24.4,11.3,28.1,17.0
18515,0.8428,0,WARNING,25.6,12.7,29.9,18.7
18516,0.891,0,WARNING,26.9,14.3,36.5,22.8
18517,0.8452,0,WARNING,27.1,12.1,31.3,19.0
18518,0.8654,0,WARNING,25.5,12.2,30.0,17.8
18519,0.8346,0,WARNING,27.4,12.0,31.5,20.6
18520,0.8722,0,WARNING,27.0,13.4,33.0,20.3
18521,0.8609,0,WARNING,22.7,13.0,27.5,16.8
18522,0.8435,0,WARNING,20.9,12.4,28.7,18.8
18523,0.8001,0,WARNING,22.5,10.9,27.1,16.7
18524,0.822,0,WARNING,22.9,11.0,25.6,14.9
18525,0.8812,0,WARNING,25.0,13.6,32.0,22.0
18526,0.8541,0,WARNING,25.8,13.4,34.8,22.2
18527,0.9994,0,WARNING,25.7,16.3,34.9,22.8
18528,0.8514,0,WARNING,24.8,12.5,33.4,22.2
18529,0.8472,0,WARNING,26.5,12.7,33.0,21.0
18530,0.8821,0,WARNING,26.2,13.3,33.8,20.7
18531,0.832,0,WARNING,23.0,12.5,31.2,20.5
18532,0.7782,0,WARNING,23.4,12.4,31.2,22.3
18533,0.9308,0,WARNING,23.6,11.8,28.0,19.9
18534,0.7002,0,WARNING,23.9,9.4,27.6,17.8
18535,0.7596,0,WARNING,25.3,10.9,28.9,19.2
18536,0.8338,0,WARNING,26.0,13.6,35.9,28.4
18537,0.8481,0,WARNING,29.9,14.0,46.8,30.7
18538,0.8452,0,WARNING,27.5,12.9,33.5,20.2
18539,0.7968,0,WARNING,26.6,11.6,29.5,19.5
18540,0.8222,0,WARNING,23.0,12.6,33.7,23.3
18541,0.8715,0,WARNING,17.3,13.2,30.1,19.4
18542,0.8491,0,WARNING,18.4,12.7,34.1,19.7
18543,0.8491,0,WARNING,19.2,12.0,28.7,17.4
18544,0.7996,0,WARNING,20.2,11.5,36.0,21.8
18545,0.8737,0,WARNING,22.0,13.7,37.9,23.0
18546,0.8761,0,WARNING,21.5,13.4,34.7,23.9
18547,0.8685,0,WARNING,22.8,12.9,35.2,22.1
18548,0.8172,0,WARNING,20.8,11.9,32.7,20.8
18549,0.8303,0,WARNING,21.6,12.7,33.8,22.0
18550,0.8175,0,WARNING,18.2,11.3,29.6,18.7
18551,0.8386,0,WARNING,17.7,11.9,28.6,18.4
18552,0.7892,0,WARNING,18.7,11.0,30.9,20.0
18553,0.6896,0,WARNING,18.5,9.2,23.3,14.1
18554,0.7079,0,WARNING,19.1,10.1,26.8,17.5
18555,0.7991,0,WARNING,19.8,11.8,27.7,17.9
18556,0.8552,0,WARNING,20.1,12.9,25.3,16.6
18557,0.8094,0,WARNING,18.9,10.9,24.2,16.1
18558,0.7617,0,WARNING,19.7,9.7,22.8,13.8
18559,0.8416,0,WARNING,21.2,12.2,32.4,19.7
18560,0.8222,0,WARNING,20.4,12.5,34.5,21.9
18561,0.8626,0,WARNING,20.4,13.6,37.6,24.8
18562,0.7981,0,WARNING,18.4,11.5,35.7,23.1
18563,0.7087,0,WARNING,18.0,9.9,27.0,18.5
18564,0.6461,0,WARNING,19.1,9.2,25.8,17.7
18565,0.848,1,WARNING,20.0,12.3,35.7,21.7
18566,0.7332,1,WARNING,19.9,11.3,32.1,20.0
18567,0.7727,1,WARNING,20.8,10.7,29.9,17.0
18568,0.7795,1,WARNING,22.3,10.7,29.0,20.1
18569,0.7025,1,WARNING,21.8,9.9,29.6,22.3
18570,1.0,1,ANOMALY,19.6,10.7,35.5,29.1
18571,0.7239,1,WARNING,19.0,10.5,33.3,23.6
18572,0.5977,1,NORMAL,19.3,7.0,28.5,21.0
18573,0.4449,1,NORMAL,18.6,3.4,18.1,13.7
18574,0.3713,1,NORMAL,16.5,2.7,14.8,13.0
18575,0.4841,1,NORMAL,18.9,5.3,22.8,17.9
18576,0.7166,1,WARNING,21.2,11.5,28.5,22.1
18577,0.7872,1,WARNING,19.3,10.2,25.2,15.7
18578,0.7652,1,WARNING,18.0,10.1,25.6,17.4
18579,0.6642,1,WARNING,20.2,8.8,25.3,16.3
18580,0.4835,1,NORMAL,20.2,5.9,21.8,16.7
18581,0.5363,1,NORMAL,20.9,5.0,22.1,17.5
18582,0.3599,1,NORMAL,17.7,4.5,20.0,16.1
18583,0.3344,1,NORMAL,15.2,3.8,16.2,12.1
18584,0.3169,1,NORMAL,13.8,3.4,14.1,11.2
18585,0.5026,1,NORMAL,16.4,5.5,16.7,13.5
18586,0.388,1,NORMAL,16.2,5.7,20.5,15.3
18587,0.3599,1,NORMAL,16.5,5.2,21.6,15.3
18588,0.3859,1,NORMAL,16.5,4.0,18.6,15.6
18589,0.4841,1,NORMAL,18.1,4.3,20.2,14.4
18590,0.4045,1,NORMAL,17.9,4.1,18.4,14.7
18591,0.4457,1,NORMAL,18.4,4.7,19.6,15.7
18592,0.4407,1,NORMAL,18.2,4.7,20.6,16.8
18593,0.6263,1,WARNING,19.8,4.9,21.4,16.2
18594,0.502,1,NORMAL,18.9,3.9,18.3,12.9
18595,0.4048,1,NORMAL,18.0,4.7,18.6,16.0
18596,0.4781,1,NORMAL,16.7,6.6,21.5,15.4
18597,0.36,1,NORMAL,15.0,4.8,17.8,15.7
18598,0.4653,1,NORMAL,16.1,4.3,17.0,13.8
18599,0.4498,1,NORMAL,16.2,4.9,22.5,16.8
18600,0.339,1,NORMAL,14.5,6.3,18.7,13.7
18601,0.4458,1,NORMAL,14.7,5.1,15.5,11.9
18602,0.2879,1,NORMAL,15.0,4.5,15.2,12.4
18603,0.412,1,NORMAL,15.9,4.1,18.6,13.5
18604,0.398,1,NORMAL,16.2,4.4,19.6,15.2
18605,0.4046,1,NORMAL,17.4,5.7,20.5,14.8
18606,0.2926,1,NORMAL,16.3,5.5,18.2,12.2
18607,0.5367,1,NORMAL,18.9,5.7,21.1,15.3
18608,0.5367,1,NORMAL,19.1,4.9,23.2,18.4
18609,0.6194,1,WARNING,19.4,5.8,28.0,20.8
18610,0.4239,1,NORMAL,16.8,3.8,14.7,11.4
18611,0.3675,1,NORMAL,18.6,4.7,19.5,16.5
18612,0.2603,1,NORMAL,17.8,3.5,14.7,11.3
18613,0.4256,1,NORMAL,16.3,4.1,19.2,13.9
18614,0.2791,1,NORMAL,12.2,3.7,15.3,11.2
18615,0.5081,1,NORMAL,15.1,6.3,21.9,18.2
18616,0.7041,1,WARNING,15.7,6.9,19.4,14.0
18617,0.3257,1,NORMAL,16.0,5.0,20.0,15.0
18618,0.4125,1,NORMAL,17.0,4.4,18.6,15.5
18619,0.3731,1,NORMAL,17.1,4.2,18.4,14.6
18620,0.8004,1,WARNING,16.7,4.4,20.0,13.3
18621,0.6127,1,WARNING,19.1,6.2,23.8,18.8
18622,0.4071,1,NORMAL,18.2,3.9,16.0,13.7
18623,0.2616,1,NORMAL,17.9,3.6,15.0,12.5
18624,0.2443,1,NORMAL,17.0,3.7,15.9,12.4
18625,0.3829,1,NORMAL,18.6,4.7,17.0,13.7
18626,0.4917,1,NORMAL,16.2,6.3,23.0,19.4
18627,0.5021,1,NORMAL,14.5,5.2,20.8,15.9
18628,0.31,1,NORMAL,13.9,3.7,13.7,11.0
18629,0.4588,1,NORMAL,15.6,4.7,20.8,16.6
18630,0.6878,1,WARNING,18.6,6.2,30.0,22.3
18631,0.8725,1,WARNING,23.7,7.4,25.0,17.1
18632,0.92,1,WARNING,26.9,7.2,26.1,17.7
18633,0.9281,1,WARNING,29.7,6.6,28.0,20.5
18634,0.7892,1,WARNING,26.2,5.9,22.3,16.6
18635,0.4825,1,NORMAL,19.9,4.7,15.4,12.1
18636,0.4609,1,NORMAL,19.6,5.4,16.5,13.5
18637,0.4188,1,NORMAL,20.0,4.6,16.9,13.1
18638,0.3964,1,NORMAL,19.0,3.6,15.6,12.5
18639,0.3811,1,NORMAL,16.9,4.1,17.5,13.9
18640,0.3603,0,NORMAL,15.3,5.7,19.1,13.5
18641,0.3424,0,NORMAL,15.7,4.7,18.3,12.4
18642,0.4256,0,NORMAL,17.3,5.2,18.0,15.5
18643,0.3533,0,NORMAL,17.5,4.4,20.1,14.0
18644,0.327,0,NORMAL,17.1,3.4,11.4,8.6
18645,0.3835,0,NORMAL,17.4,4.6,13.1,11.1
18646,0.3118,0,NORMAL,17.7,4.7,16.6,14.3
18647,0.75,0,WARNING,18.4,3.3,20.1,13.8
18648,0.2913,0,NORMAL,17.7,3.4,15.5,12.3
18649,0.337,0,NORMAL,18.9,3.7,16.1,13.0
18650,0.2213,0,NORMAL,16.6,2.1,9.9,9.9
18651,0.2613,0,NORMAL,17.3,3.1,13.7,14.1
18652,0.1763,0,NORMAL,17.2,2.6,11.8,10.6
18653,0.5025,0,NORMAL,16.6,3.4,12.5,12.1
18654,0.636,0,WARNING,14.6,3.0,15.3,10.1
18655,0.3903,0,NORMAL,14.0,4.8,17.8,15.0
18656,0.493,0,NORMAL,12.9,4.9,18.3,13.2
18657,0.252,0,NORMAL,14.1,4.2,16.3,12.8
18658,0.1854,0,NORMAL,13.5,3.0,13.0,9.5
18659,0.1443,0,NORMAL,14.2,2.7,11.2,10.1
18660,0.2286,0,NORMAL,15.8,3.6,14.9,14.7
18661,0.2039,0,NORMAL,17.7,4.4,14.8,12.4
18662,0.2279,0,NORMAL,18.1,4.2,15.4,11.9
18663,0.2514,0,NORMAL,19.4,3.6,15.0,12.0
18664,0.2621,0,NORMAL,20.4,3.9,15.3,11.6
18665,0.2654,0,NORMAL,19.9,4.6,10.4,7.7
18666,0.403,0,NORMAL,19.4,3.4,8.9,8.3
18667,0.776,0,WARNING,19.9,4.6,11.0,8.5
18668,0.1743,0,NORMAL,19.2,2.2,7.3,5.9
18669,0.1833,0,NORMAL,19.4,2.1,6.7,6.8
18670,0.1511,0,NORMAL,19.8,2.6,8.1,6.8
18671,0.1394,0,NORMAL,20.3,3.0,9.4,7.6
18672,0.1439,0,NORMAL,19.9,2.4,9.4,8.5
18673,0.1339,0,NORMAL,19.8,2.4,7.5,6.0
18674,0.1699,0,NORMAL,21.1,2.9,11.5,9.1
18675,0.2948,0,NORMAL,20.5,4.2,9.5,6.8
18676,0.2922,0,NORMAL,21.1,5.6,13.9,10.5
18677,0.8181,0,WARNING,22.0,5.1,13.8,11.9
18678,0.2079,0,NORMAL,18.6,3.4,14.6,10.7
18679,0.2747,0,NORMAL,15.8,3.5,13.3,9.8
18680,0.5197,0,NORMAL,16.8,3.8,13.7,13.0
18681,0.2622,0,NORMAL,18.8,5.4,17.7,12.0
18682,0.339,0,NORMAL,19.1,5.1,19.4,13.6
18683,0.2731,0,NORMAL,19.3,4.0,13.6,11.1
18684,0.1488,0,NORMAL,19.8,3.5,13.0,9.7
18685,0.5025,0,NORMAL,19.7,4.5,13.1,11.8
18686,0.5038,0,NORMAL,20.4,4.6,14.5,12.0
18687,0.6639,0,WARNING,20.1,3.4,9.0,7.3
18688,0.2277,0,NORMAL,19.9,3.1,13.5,11.0
18689,0.14,0,NORMAL,19.9,2.3,9.0,7.7
18690,0.1983,0,NORMAL,20.2,3.4,12.4,10.0
18691,0.1173,0,NORMAL,21.4,3.5,10.9,8.5
18692,0.4423,0,NORMAL,22.7,5.1,20.4,14.1
18693,0.3775,0,NORMAL,22.4,3.3,12.8,8.9
18694,0.1555,0,NORMAL,20.5,1.8,7.2,5.6
18695,0.3179,0,NORMAL,21.3,4.8,12.9,8.3
18696,0.8166,0,WARNING,18.6,5.4,14.9,11.1
18697,0.249,0,NORMAL,17.0,2.9,10.8,9.8
18698,0.1581,0,NORMAL,16.6,3.0,10.3,7.8
18699,0.1177,0,NORMAL,18.1,2.2,9.0,6.9
18700,0.14,0,NORMAL,17.3,3.2,8.7,8.3
18701,0.1091,0,NORMAL,18.6,4.0,11.9,9.5
18702,0.1394,0,NORMAL,18.7,2.8,10.2,8.5
18703,0.1472,0,NORMAL,19.8,1.9,8.7,6.6
18704,0.8529,0,WARNING,19.4,4.5,8.0,6.5
18705,0.4176,0,NORMAL,19.7,4.4,9.8,9.0
18706,0.4164,0,NORMAL,19.3,4.6,8.6,6.3
18707,0.7811,0,WARNING,19.5,4.4,11.6,9.7
18708,0.1593,0,NORMAL,19.1,1.9,6.6,6.8
18709,0.1183,0,NORMAL,19.6,2.7,8.8,7.2
18710,0.1348,0,NORMAL,19.9,3.1,9.9,9.4
18711,0.6752,0,WARNING,20.7,5.5,13.2,12.8
18712,0.2473,0,NORMAL,22.0,3.6,13.5,10.3
18713,0.4136,0,NORMAL,21.5,2.9,10.8,8.1
18714,0.9308,0,WARNING,21.8,5.8,13.8,11.5
18715,0.1799,0,NORMAL,18.7,3.6,10.5,9.1
18716,0.997,0,WARNING,16.9,6.8,11.6,10.2
18717,0.2354,0,NORMAL,18.0,4.3,14.0,12.3
18718,0.2102,0,NORMAL,17.0,2.5,10.5,9.5
18719,0.2232,0,NORMAL,17.9,2.6,10.3,8.0
18720,0.8757,0,WARNING,15.6,4.8,9.4,7.5
18721,0.2611,0,NORMAL,15.0,3.4,10.1,9.2
18722,0.1785,0,NORMAL,15.6,2.0,6.6,5.2
18723,0.1401,0,NORMAL,17.1,3.0,9.8,8.2
18724,0.8792,0,WARNING,16.1,3.8,6.1,4.8
18725,0.2939,0,NORMAL,18.0,4.9,13.6,11.0
18726,0.5174,0,NORMAL,19.0,5.5,16.4,13.6
18727,0.7272,0,WARNING,19.7,4.9,17.4,13.3
18728,0.2724,0,NORMAL,18.1,2.3,8.3,6.5
18729,0.1486,0,NORMAL,20.0,4.1,12.3,10.4
18730,0.7278,0,WARNING,19.7,4.6,12.6,10.0
18731,0.1195,0,NORMAL,19.8,3.7,11.6,11.5
18732,0.1639,0,NORMAL,20.2,4.4,11.9,9.7
18733,0.9956,0,WARNING,19.7,5.1,9.6,7.4
18734,0.132,0,NORMAL,19.8,3.4,11.3,9.4
18735,0.6699,0,WARNING,20.2,4.4,11.1,8.9
18736,1.0,0,ANOMALY,19.9,10.6,9.1,7.8
18737,0.3411,0,NORMAL,19.7,2.8,8.2,7.5
18738,0.1231,0,NORMAL,18.3,2.8,8.5,7.5
18739,0.9168,0,WARNING,16.1,4.9,8.9,7.9
18740,0.2307,0,NORMAL,15.3,3.1,10.3,9.1
18741,0.3612,0,NORMAL,18.2,3.8,11.1,9.8
18742,0.9956,0,WARNING,17.0,5.6,8.7,9.2
18743,0.2265,0,NORMAL,18.0,2.9,11.6,9.3
18744,0.1252,0,NORMAL,17.8,3.3,11.2,9.1
18745,0.8506,0,WARNING,18.1,5.7,12.7,11.0
18746,0.5071,0,NORMAL,20.4,4.8,14.8,13.2
18747,0.3549,0,NORMAL,19.5,3.1,10.4,9.3
18748,0.8743,0,WARNING,19.0,4.4,9.7,9.5
18749,0.3374,0,NORMAL,20.8,3.1,10.8,10.5
18750,0.2893,0,NORMAL,20.6,5.1,17.8,14.8
18751,0.9607,0,WARNING,20.2,5.6,11.5,10.7
18752,0.2012,0,NORMAL,19.7,3.5,12.3,11.3
18753,0.7219,0,WARNING,21.3,5.5,15.3,11.3
18754,0.192,0,NORMAL,20.4,2.7,10.4,7.6
18755,0.6661,0,WARNING,22.7,7.5,18.7,14.4
18756,0.4408,0,NORMAL,20.2,5.4,20.6,17.8
18757,0.331,0,NORMAL,17.5,4.3,16.1,11.8
18758,0.929,0,WARNING,17.7,5.9,14.0,11.8
18759,0.1855,0,NORMAL,18.1,2.8,11.6,10.2
18760,0.1262,0,NORMAL,18.1,2.7,10.3,10.3
18761,0.2456,0,NORMAL,18.3,3.3,13.0,10.3
18762,0.1521,0,NORMAL,19.1,3.8,13.1,11.5
18763,0.9,0,WARNING,19.4,4.7,11.4,8.2
18764,0.3608,0,NORMAL,21.3,4.7,15.9,12.8
18765,0.6766,0,WARNING,24.3,7.7,29.4,23.2
18766,0.5905,0,NORMAL,21.4,4.6,15.6,9.9
18767,0.226,0,NORMAL,20.8,2.4,10.9,12.2
18768,0.1934,0,NORMAL,20.9,3.2,13.9,10.7
18769,0.6612,0,WARNING,24.2,6.9,28.4,21.1
18770,0.5652,0,NORMAL,21.3,3.9,20.3,15.7
18771,1.0,0,ANOMALY,18.8,4.8,20.2,19.3
18772,0.3778,0,NORMAL,17.5,4.3,18.2,16.0
18773,0.3604,0,NORMAL,19.7,4.1,18.3,13.9
18774,0.6479,0,WARNING,19.8,4.3,14.1,10.4
18775,0.8762,0,WARNING,19.6,4.6,17.9,13.0
18776,0.8065,0,WARNING,22.5,6.7,19.2,19.2
18777,0.3558,0,NORMAL,20.7,4.0,18.4,14.9
18778,0.7611,0,WARNING,20.9,5.6,16.6,15.1
18779,0.325,0,NORMAL,21.1,3.8,17.4,15.3
18780,0.2818,0,NORMAL,16.5,5.4,17.7,14.4
18781,0.7018,0,WARNING,13.8,5.3,18.6,12.9
18782,0.8043,0,WARNING,15.2,6.8,23.0,18.0
18783,0.3531,0,NORMAL,15.6,5.2,20.9,14.4
18784,0.5191,0,NORMAL,16.9,5.1,24.7,18.4
18785,0.3428,0,NORMAL,17.1,4.6,16.3,12.8
18786,0.3602,0,NORMAL,17.7,5.2,15.8,13.1
18787,0.4046,0,NORMAL,17.9,4.0,18.1,14.0
18788,0.6744,0,WARNING,20.0,7.0,30.2,22.7
18789,0.6875,0,WARNING,20.9,5.9,28.3,22.2
18790,0.9998,0,WARNING,17.4,6.4,13.7,10.7
18791,0.2894,0,NORMAL,17.7,3.5,15.5,13.3
18792,0.2364,0,NORMAL,17.9,4.0,17.1,13.1
18793,0.6863,0,WARNING,15.2,4.6,19.5,13.5
18794,0.3466,0,NORMAL,12.5,4.3,17.9,13.9
18795,0.8707,0,WARNING,15.3,6.9,19.2,15.2
18796,0.3736,0,NORMAL,15.3,5.3,17.6,14.4
18797,0.4125,0,NORMAL,16.3,5.1,21.2,18.6
18798,0.4457,0,NORMAL,17.7,5.5,23.1,15.6
18799,0.3825,0,NORMAL,17.8,4.1,16.1,12.3
18800,0.9898,0,WARNING,17.2,8.6,21.0,16.5
18801,0.484,0,NORMAL,18.7,5.2,19.7,15.5
18802,0.4044,0,NORMAL,18.5,4.7,18.1,15.9
18803,0.3602,0,NORMAL,18.5,4.2,17.6,13.4
18804,0.248,0,NORMAL,17.6,3.7,13.8,10.7
18805,0.3806,0,NORMAL,18.2,5.3,15.2,12.7
18806,0.6196,0,WARNING,18.7,7.8,27.2,21.3
18807,0.4516,0,NORMAL,15.9,5.6,22.7,16.3
18808,0.9992,0,WARNING,14.9,4.7,33.4,16.0
18809,0.5364,0,NORMAL,14.9,4.7,19.3,15.2
18810,0.2909,0,NORMAL,13.7,3.5,13.1,10.3
18811,0.3677,0,NORMAL,15.7,5.4,18.7,15.1
18812,0.2098,0,NORMAL,15.3,3.8,13.0,11.1
18813,0.2816,0,NORMAL,15.2,3.8,14.8,9.8
18814,0.2444,0,NORMAL,16.5,3.6,14.9,12.1
18815,0.5869,0,NORMAL,17.6,4.9,15.8,11.7
18816,0.8285,0,WARNING,17.9,5.6,22.8,15.2
18817,0.4253,0,NORMAL,18.5,4.7,19.0,14.7
18818,0.4456,0,NORMAL,18.7,4.2,17.0,12.9
18819,0.4174,0,NORMAL,17.7,4.3,19.3,16.0
18820,0.5023,0,NORMAL,17.3,5.0,21.6,17.9
18821,0.5197,0,NORMAL,15.5,5.3,21.1,16.2
18822,0.3532,0,NORMAL,14.5,3.6,17.5,14.1
18823,0.9117,0,WARNING,14.4,5.8,14.0,11.9
18824,0.19,0,NORMAL,14.0,3.5,13.5,10.9
18825,0.8439,0,WARNING,17.8,7.7,21.3,17.7
18826,0.3729,0,NORMAL,15.9,5.5,17.4,13.0
18827,0.7634,0,WARNING,17.7,7.4,24.6,21.2
18828,0.8698,0,WARNING,16.4,3.5,20.4,11.9
18829,0.7062,0,WARNING,16.4,5.1,14.1,11.8
18830,0.507,0,NORMAL,16.7,3.9,17.4,13.3
18831,0.388,0,NORMAL,17.4,4.9,20.0,16.7
18832,0.3465,0,NORMAL,17.6,4.4,18.5,14.9
18833,0.3045,0,NORMAL,16.9,4.7,18.6,14.5
18834,0.4761,0,NORMAL,15.1,5.8,20.0,16.1
18835,0.4045,0,NORMAL,14.9,5.0,16.1,13.1
18836,0.2089,0,NORMAL,14.2,4.6,14.6,11.7
18837,0.3831,0,NORMAL,16.2,5.6,16.8,12.6
18838,0.2819,0,NORMAL,16.5,4.3,15.5,12.0
18839,0.3371,0,NORMAL,17.4,3.4,14.1,11.5
18840,0.4152,0,NORMAL,16.0,4.4,14.8,12.5
18841,0.9279,0,WARNING,19.5,7.6,19.9,16.6
18842,0.3086,0,NORMAL,19.0,3.3,12.5,13.2
18843,0.2872,0,NORMAL,19.6,4.0,15.9,13.7
18844,0.4554,0,NORMAL,19.6,3.4,14.9,11.0
18845,0.4843,0,NORMAL,22.7,6.1,19.5,16.2
18846,0.5531,0,NORMAL,24.1,7.4,23.7,18.4
18847,0.4761,0,NORMAL,22.9,5.9,18.9,14.7
18848,0.5261,0,NORMAL,23.9,7.7,22.8,14.9
18849,0.4971,0,NORMAL,24.0,5.5,21.8,17.7
18850,0.4128,0,NORMAL,22.8,4.6,14.5,11.1
18851,0.4044,0,NORMAL,24.5,6.6,19.4,15.1
18852,0.2497,0,NORMAL,23.5,4.9,15.3,11.7
18853,0.4818,0,NORMAL,20.2,3.4,10.7,8.7
18854,0.9407,0,WARNING,17.2,6.0,13.9,11.6
18855,0.9045,0,WARNING,19.6,6.2,15.8,16.9
18856,0.4818,0,NORMAL,19.6,6.0,16.2,14.5
18857,0.5422,0,NORMAL,19.9,4.1,13.5,11.4
18858,0.352,0,NORMAL,21.5,5.0,17.4,14.4
18859,0.2248,0,NORMAL,21.4,4.3,15.5,11.3
18860,0.1666,0,NORMAL,21.0,4.5,14.0,11.0
18861,0.8763,0,WARNING,24.0,5.7,29.5,21.0
18862,0.5144,0,NORMAL,22.4,3.7,16.4,11.5
18863,0.3125,0,NORMAL,23.6,5.0,19.3,14.1
18864,0.6863,0,WARNING,24.7,6.1,27.8,18.6
18865,0.4342,0,NORMAL,23.6,5.7,22.5,17.6
18866,0.8529,0,WARNING,25.3,8.4,41.8,32.3
18867,0.6858,0,WARNING,22.3,6.7,31.9,22.0
18868,0.5131,0,NORMAL,20.0,4.3,22.6,16.8
18869,0.4629,0,NORMAL,20.9,4.4,22.7,16.6
18870,0.3371,0,NORMAL,20.3,3.5,18.0,13.6
18871,0.2818,0,NORMAL,20.9,3.8,16.9,14.8
18872,0.2276,0,NORMAL,20.7,3.6,15.2,12.7
18873,0.4409,0,NORMAL,20.9,3.0,14.5,9.9
18874,0.3605,0,NORMAL,22.0,3.3,15.5,12.2
18875,0.5195,0,NORMAL,22.0,4.3,15.7,10.3
18876,0.3604,0,NORMAL,23.0,4.5,16.7,13.7
18877,0.9991,0,WARNING,22.4,3.7,17.5,16.7
18878,0.3326,0,NORMAL,21.6,3.1,15.4,13.0
18879,1.0,0,ANOMALY,22.2,3.3,16.3,14.0
18880,0.5687,0,NORMAL,23.1,3.1,14.1,12.0
18881,0.257,0,NORMAL,18.4,4.0,12.7,11.3
18882,0.145,0,NORMAL,17.6,3.0,10.1,9.2
18883,0.1236,0,NORMAL,19.2,3.4,10.5,8.7
18884,0.1782,0,NORMAL,20.0,2.8,12.7,10.7
18885,0.6172,0,WARNING,21.0,4.4,16.7,13.5
18886,0.4048,0,NORMAL,21.8,4.5,17.9,13.9
18887,0.8719,0,WARNING,21.2,4.5,11.8,9.8
18888,0.2591,0,NORMAL,21.3,3.0,14.4,12.7
18889,0.3729,0,NORMAL,21.4,3.6,18.1,14.5
18890,0.4257,0,NORMAL,22.9,3.8,20.8,16.0
18891,0.4947,0,NORMAL,22.4,4.4,20.0,14.9
18892,0.3973,0,NORMAL,22.0,2.5,16.8,15.2
18893,0.3601,0,NORMAL,23.5,3.1,16.0,12.9
18894,0.2151,0,NORMAL,21.7,2.2,11.4,9.7
18895,0.4955,0,NORMAL,22.5,3.4,14.1,13.7
18896,0.72,0,WARNING,24.0,11.1,30.5,25.4
18897,0.6727,0,WARNING,21.0,8.5,23.8,17.0
18898,0.3928,0,NORMAL,22.4,4.2,18.8,15.8
18899,0.2608,0,NORMAL,22.2,3.7,16.1,10.9
18900,0.2818,0,NORMAL,20.1,4.1,16.6,14.2
18901,0.4943,0,NORMAL,18.6,5.2,20.5,15.5
18902,0.311,0,NORMAL,20.2,4.9,18.7,13.9
18903,0.2742,0,NORMAL,20.5,3.9,18.0,11.6
18904,0.8731,0,WARNING,20.1,4.0,21.6,11.8
18905,0.3709,0,NORMAL,20.4,4.5,15.3,11.7
18906,0.4852,0,NORMAL,21.6,5.6,17.4,14.3
18907,0.3677,0,NORMAL,21.6,5.3,21.0,15.4
18908,0.3662,0,NORMAL,20.9,2.9,15.0,11.4
18909,0.3111,0,NORMAL,22.0,4.1,16.4,13.1
18910,0.8714,0,WARNING,23.0,6.7,20.1,15.9
18911,0.2943,0,NORMAL,21.8,5.0,14.8,9.8
18912,0.1854,0,NORMAL,22.4,3.6,13.1,10.1
18913,0.3183,0,NORMAL,22.8,3.9,17.4,14.2
18914,0.1863,0,NORMAL,20.9,2.9,9.4,6.8
18915,0.101,0,NORMAL,19.0,4.0,9.5,9.3
18916,0.2651,0,NORMAL,17.0,4.6,11.3,8.8
18917,0.195,0,NORMAL,18.6,4.1,14.5,12.5
18918,0.8868,0,WARNING,19.2,6.7,14.0,11.0
18919,0.1892,0,NORMAL,19.4,3.0,10.7,9.9
18920,0.132,0,NORMAL,19.6,3.4,10.9,8.7
18921,0.0832,0,NORMAL,20.0,3.8,11.9,9.3
18922,0.4956,0,NORMAL,20.1,3.6,15.0,10.8
18923,0.4032,0,NORMAL,21.6,5.0,19.4,14.8
18924,0.3116,0,NORMAL,20.7,4.1,12.2,8.7
18925,0.3891,0,NORMAL,21.2,6.1,13.1,9.7
18926,0.1286,0,NORMAL,21.3,4.4,11.7,9.6
18927,0.288,0,NORMAL,23.0,5.3,17.4,12.9
18928,0.895,0,WARNING,23.0,6.3,19.3,13.8
18929,0.9233,0,WARNING,23.6,6.5,27.8,16.1
18930,0.4649,0,NORMAL,22.9,5.7,21.0,14.5
18931,0.3723,0,NORMAL,20.7,6.5,21.8,14.3
18932,0.4839,0,NORMAL,20.6,5.2,21.3,15.8
18933,0.3659,0,NORMAL,20.3,5.2,20.5,14.7
18934,0.4745,0,NORMAL,21.2,5.7,20.9,13.4
18935,0.7092,0,WARNING,22.0,7.2,21.4,15.5
18936,0.4516,0,NORMAL,22.5,7.4,23.7,16.8
18937,0.3747,0,NORMAL,22.4,6.2,20.6,14.7
18938,0.5021,0,NORMAL,24.0,4.8,18.3,12.4
18939,0.5729,0,NORMAL,23.5,6.6,21.8,15.5
18940,0.5196,0,NORMAL,25.0,5.5,21.5,15.8
18941,0.5516,0,NORMAL,25.0,6.8,24.5,18.1
18942,0.4094,0,NORMAL,24.1,4.8,18.4,12.8
18943,0.4674,0,NORMAL,25.6,6.8,22.4,13.5
18944,0.9681,0,WARNING,25.2,4.8,24.8,13.4
18945,0.4937,0,NORMAL,22.9,6.8,22.9,15.4
18946,0.9086,0,WARNING,20.3,8.0,25.4,17.0
18947,0.4259,0,NORMAL,21.1,7.0,24.2,15.2
18948,0.5685,0,NORMAL,23.7,5.3,22.0,13.9
18949,0.6363,0,WARNING,22.5,6.2,20.3,14.9
18950,0.4456,0,NORMAL,23.5,5.3,19.3,14.3
18951,0.3478,0,NORMAL,23.0,6.7,20.8,14.8
18952,0.3021,0,NORMAL,22.7,4.8,17.5,13.6
18953,0.2288,0,NORMAL,22.3,4.3,15.4,11.9
18954,0.8065,0,WARNING,23.6,5.7,21.7,17.3
18955,0.6487,0,WARNING,24.3,8.4,23.1,18.0
18956,0.9473,0,WARNING,23.8,5.5,25.0,14.6
18957,0.3483,0,NORMAL,24.1,5.6,18.6,13.6
18958,0.3321,0,NORMAL,21.3,4.9,18.3,14.8
18959,0.3534,0,NORMAL,19.0,4.9,17.5,12.8
18960,0.3357,0,NORMAL,18.2,4.4,18.9,14.5
18961,0.393,0,NORMAL,19.0,6.1,19.6,15.1
18962,0.3675,0,NORMAL,20.6,5.6,19.6,14.6
18963,0.4225,0,NORMAL,21.7,4.3,19.9,15.3
18964,0.7141,0,WARNING,21.2,5.4,18.4,12.8
18965,0.7435,0,WARNING,23.0,5.7,21.0,12.6
18966,0.3804,0,NORMAL,22.2,6.2,16.3,10.8
18967,0.2413,0,NORMAL,22.7,5.1,16.6,10.8
18968,0.1822,0,NORMAL,22.4,3.9,14.0,10.2
18969,0.1865,0,NORMAL,22.4,4.0,15.0,10.8
18970,0.5871,0,NORMAL,24.1,6.6,21.5,16.0
18971,0.3389,0,NORMAL,23.9,6.0,20.4,14.2
18972,0.3778,0,NORMAL,23.6,5.1,20.0,15.2
18973,0.6863,0,WARNING,24.4,6.1,25.6,16.9
18974,0.7232,0,WARNING,20.0,4.2,20.5,13.1
18975,0.5673,0,NORMAL,18.9,7.9,22.8,16.3
18976,0.4673,0,NORMAL,20.5,7.7,21.2,15.8
18977,0.3028,0,NORMAL,19.7,5.7,16.0,11.7
18978,0.5277,0,NORMAL,20.6,5.8,18.2,13.6
18979,0.2671,0,NORMAL,21.6,4.7,16.3,13.1
18980,0.7616,0,WARNING,25.2,11.2,33.1,24.2
18981,0.5772,0,NORMAL,23.7,6.9,26.7,16.8
18982,0.6259,0,WARNING,26.2,7.5,25.6,15.5
18983,0.4638,0,NORMAL,24.3,4.8,20.8,16.2
18984,0.938,0,WARNING,24.1,7.0,23.0,16.3
18985,0.3823,0,NORMAL,25.0,6.6,22.0,15.3
18986,0.4652,0,NORMAL,24.6,5.7,19.6,15.9
18987,0.5698,0,NORMAL,22.8,8.0,24.8,16.5
18988,0.4026,0,NORMAL,21.2,5.9,21.0,15.7
18989,0.9968,0,WARNING,22.8,7.5,20.5,14.2
18990,0.4171,0,NORMAL,22.8,6.3,22.2,16.1
18991,0.4888,0,NORMAL,23.4,6.9,23.5,17.8
18992,0.4259,0,NORMAL,23.8,5.9,23.3,15.2
18993,0.3533,0,NORMAL,23.2,5.4,18.6,13.4
18994,0.3825,0,NORMAL,24.8,3.9,17.9,12.9
18995,0.3321,0,NORMAL,24.3,6.6,20.2,13.9
18996,0.3864,0,NORMAL,24.4,7.5,21.7,15.0
18997,0.2881,0,NORMAL,23.9,4.7,17.3,12.3
18998,0.3659,0,NORMAL,23.8,4.9,18.8,13.9
18999,0.5773,0,NORMAL,23.9,4.5,13.8,10.0
19000,0.2023,0,NORMAL,21.0,4.5,14.0,11.6
19001,0.9522,0,WARNING,18.7,6.7,16.6,12.6
19002,0.279,0,NORMAL,19.3,4.9,17.5,12.8
19003,0.2878,0,NORMAL,20.5,5.7,18.7,12.3
19004,0.3593,0,NORMAL,21.5,5.4,19.4,14.1
19005,0.7164,0,WARNING,23.8,6.2,17.5,12.3
19006,0.973,0,WARNING,23.0,9.8,22.7,15.4
19007,0.5021,0,NORMAL,24.5,5.8,23.0,15.9
19008,1.0,0,ANOMALY,23.0,10.2,15.5,11.6
19009,0.3502,0,NORMAL,23.0,6.0,19.5,14.5
19010,0.4587,0,NORMAL,23.4,4.8,22.2,16.1
19011,0.5068,0,NORMAL,22.6,5.7,20.2,13.4
19012,0.4408,0,NORMAL,23.8,5.8,23.5,16.3
19013,0.8663,0,WARNING,24.0,5.7,16.1,12.1
19014,0.3795,0,NORMAL,23.9,5.5,21.6,14.9
19015,0.5688,0,NORMAL,21.6,5.6,16.4,12.1
19016,0.6473,0,WARNING,19.4,6.4,19.2,15.3
19017,0.4442,0,NORMAL,20.7,5.8,21.1,16.6
19018,0.7077,0,WARNING,21.2,5.4,18.1,14.4
19019,0.2435,0,NORMAL,21.9,5.0,16.7,11.9
19020,0.2114,0,NORMAL,20.0,4.9,15.6,11.6
19021,0.6354,0,WARNING,19.0,5.0,18.5,12.9
19022,0.2856,0,NORMAL,20.1,6.0,17.8,13.5
19023,0.5778,0,NORMAL,21.1,4.9,14.4,10.2
19024,0.2276,0,NORMAL,21.2,4.7,15.7,11.5
19025,0.249,0,NORMAL,22.6,5.3,15.2,10.8
19026,0.9734,0,WARNING,22.8,8.3,14.0,9.7
19027,0.3723,0,NORMAL,23.1,6.3,20.0,15.3
19028,0.318,0,NORMAL,23.1,5.1,18.1,14.1
19029,0.6546,0,WARNING,24.1,5.3,17.8,13.3
19030,0.2425,0,NORMAL,23.7,4.1,14.6,9.9
19031,0.8106,0,WARNING,23.2,5.4,13.2,9.7
19032,0.2673,0,NORMAL,23.2,5.0,15.3,11.0
19033,0.2729,0,NORMAL,23.4,4.4,15.0,11.3
19034,0.5888,0,NORMAL,23.7,4.1,13.7,9.8
19035,0.5914,0,NORMAL,22.3,6.0,13.0,10.3
19036,0.8962,0,WARNING,19.2,6.3,12.4,9.6
19037,0.1693,0,NORMAL,18.4,4.8,13.9,10.6
19038,0.2486,0,NORMAL,18.9,4.9,12.9,10.4
19039,0.7713,0,WARNING,20.0,4.7,11.8,9.7
19040,0.152,0,NORMAL,20.5,4.5,14.9,10.5
19041,0.3252,0,NORMAL,21.4,5.5,19.9,13.6
19042,0.9294,0,WARNING,22.0,6.3,15.8,12.2
19043,0.1974,0,NORMAL,20.7,3.3,10.7,7.9
19044,0.1432,0,NORMAL,21.6,3.7,12.3,9.4
19045,0.8485,0,WARNING,21.3,5.7,13.5,9.8
19046,0.5949,0,NORMAL,23.0,6.8,19.3,14.2
19047,0.7717,0,WARNING,23.6,6.3,20.8,14.4
19048,0.3517,0,NORMAL,23.3,3.8,18.3,13.1
19049,0.3458,0,NORMAL,23.3,4.4,18.9,14.2
19050,0.339,0,NORMAL,23.6,5.0,19.0,13.4
19051,0.8703,0,WARNING,22.7,7.3,22.5,14.6
19052,0.3464,0,NORMAL,19.9,4.8,18.7,14.1
19053,0.2419,0,NORMAL,18.8,2.8,10.7,7.9
19054,0.1343,0,NORMAL,18.3,2.6,7.5,5.6
19055,0.8733,0,WARNING,19.5,4.1,15.2,9.1
19056,0.4129,0,NORMAL,21.9,6.5,19.4,15.2
19057,0.9524,0,WARNING,22.5,8.1,20.5,14.5
19058,0.3457,0,NORMAL,22.7,4.1,17.5,13.7
19059,0.236,0,NORMAL,21.9,3.4,11.6,8.5
19060,0.9608,0,WARNING,22.4,6.6,13.8,10.4
19061,0.2104,0,NORMAL,23.2,4.4,14.3,10.3
19062,0.3111,0,NORMAL,24.3,4.7,16.7,12.7
19063,0.7725,0,WARNING,22.7,4.7,15.0,9.6
19064,0.2799,0,NORMAL,22.9,3.0,13.8,8.8
19065,0.3958,0,NORMAL,24.2,6.1,16.1,11.1
19066,0.7215,0,WARNING,24.4,7.6,16.1,10.6
19067,0.3334,0,NORMAL,24.1,4.4,14.4,10.4
19068,0.1815,0,NORMAL,21.3,3.3,14.7,10.6
19069,0.7219,0,WARNING,19.2,5.2,15.8,11.2
19070,0.1474,0,NORMAL,18.4,3.0,11.2,8.2
19071,0.1866,0,NORMAL,19.8,5.0,15.3,12.0
19072,0.2283,0,NORMAL,19.5,4.0,13.7,10.5
19073,0.1473,0,NORMAL,19.6,2.8,10.4,9.1
19074,0.1609,0,NORMAL,20.1,3.3,12.6,10.3
19075,0.4017,0,NORMAL,21.6,5.6,18.5,13.7
19076,0.4557,0,NORMAL,21.6,6.1,20.7,15.0
19077,0.3136,0,NORMAL,21.1,3.9,13.7,10.8
19078,0.1723,0,NORMAL,21.1,3.3,10.6,9.2
19079,0.1677,0,NORMAL,22.1,3.3,12.7,9.8
19080,0.207,0,NORMAL,20.8,4.7,15.0,11.0
19081,0.4692,0,NORMAL,19.4,4.0,15.7,10.2
19082,0.5903,0,NORMAL,19.8,4.3,13.0,10.4
19083,0.1417,0,NORMAL,20.1,3.5,12.2,9.3
19084,0.1445,0,NORMAL,19.3,1.6,6.6,5.1
19085,0.2842,0,NORMAL,22.3,5.5,15.7,11.9
19086,0.7291,0,WARNING,23.0,7.0,16.3,11.9
19087,0.2606,0,NORMAL,22.4,3.7,12.9,9.1
19088,0.1891,0,NORMAL,22.3,4.4,13.5,10.1
19089,0.2075,0,NORMAL,23.2,4.2,12.8,9.3
19090,0.2366,0,NORMAL,22.8,3.7,14.0,9.4
19091,0.2858,0,NORMAL,23.2,5.0,13.2,9.0
19092,0.3231,0,NORMAL,23.0,3.6,9.1,7.2
19093,0.3254,0,NORMAL,23.1,3.3,8.5,7.1
19094,0.3267,0,NORMAL,23.6,2.8,11.5,8.4
19095,0.9441,0,WARNING,24.4,7.9,11.6,8.1
19096,0.4026,0,NORMAL,23.4,4.9,9.5,7.8
19097,0.4023,0,NORMAL,20.7,5.6,12.7,10.8
19098,0.8147,0,WARNING,17.5,5.2,11.1,8.5
19099,0.3985,0,NORMAL,18.4,3.9,12.3,9.9
19100,0.1488,0,NORMAL,19.3,4.3,14.2,9.8
19101,0.9825,0,WARNING,20.5,6.6,12.5,8.6
19102,0.1686,0,NORMAL,20.1,4.5,13.1,9.5
19103,0.1379,0,NORMAL,20.7,3.2,11.7,9.5
19104,0.8161,0,WARNING,20.8,3.6,7.3,5.4
19105,0.4107,0,NORMAL,21.7,5.0,13.4,9.9
19106,0.5994,0,NORMAL,21.9,5.6,15.6,11.7
19107,0.8148,0,WARNING,23.0,6.1,14.3,10.8
19108,0.2073,0,NORMAL,22.0,3.8,13.3,10.0
19109,0.8139,0,WARNING,22.5,5.0,14.2,10.2
19110,0.164,0,NORMAL,22.2,3.9,11.4,8.5
19111,0.2407,0,NORMAL,23.3,5.5,14.4,10.6
19112,0.9306,0,WARNING,22.6,6.2,11.9,8.9
19113,0.2411,0,NORMAL,23.2,3.4,12.9,9.3
19114,0.2578,0,NORMAL,22.7,3.6,12.9,9.9
19115,0.2706,0,NORMAL,21.3,5.8,16.2,12.0
19116,0.9683,0,WARNING,19.5,7.4,12.9,9.7
19117,0.2589,0,NORMAL,19.3,4.9,12.1,9.2
19118,0.1468,0,NORMAL,19.5,2.6,9.1,7.3
19119,0.2354,0,NORMAL,22.2,4.1,12.7,9.4
19120,0.1985,0,NORMAL,21.2,4.0,13.8,11.0
19121,0.2718,0,NORMAL,21.9,5.3,15.3,10.7
19122,0.1828,0,NORMAL,22.1,4.0,12.4,9.5
19123,0.2115,0,NORMAL,22.6,3.4,13.7,10.2
19124,0.7763,0,WARNING,21.8,3.7,9.8,6.6
19125,0.601,0,WARNING,23.3,5.7,16.3,13.7
19126,0.6075,0,WARNING,23.6,6.2,19.7,12.8
19127,0.341,0,NORMAL,23.8,5.5,16.5,13.1
19128,0.2661,0,NORMAL,22.9,4.0,10.9,9.0
19129,0.3521,0,NORMAL,23.9,4.0,15.9,13.3
19130,0.9971,0,WARNING,24.8,10.0,21.1,17.0
19131,0.8249,0,WARNING,21.7,6.6,19.2,14.3
19132,0.9494,0,WARNING,19.1,6.6,17.6,12.3
19133,0.2639,0,NORMAL,20.1,4.1,15.2,12.3
19134,0.1867,0,NORMAL,20.5,3.1,12.2,10.2
19135,0.8048,0,WARNING,22.1,6.8,16.8,13.8
19136,0.3656,0,NORMAL,22.0,5.5,14.2,10.9
19137,0.2877,0,NORMAL,22.7,5.4,16.2,13.3
19138,0.2036,0,NORMAL,22.8,4.0,12.9,10.5
19139,0.3361,0,NORMAL,23.1,3.7,10.8,8.8
19140,0.1342,0,NORMAL,18.0,4.5,13.2,10.7
19141,0.262,0,NORMAL,15.3,5.1,13.1,10.0
19142,0.2852,0,NORMAL,16.7,4.9,15.6,12.2
19143,0.2956,0,NORMAL,16.0,4.5,13.2,10.1
19144,0.7741,0,WARNING,16.4,3.7,15.9,9.5
19145,0.2512,0,NORMAL,17.3,4.7,13.0,10.3
19146,0.6592,0,WARNING,17.5,6.4,14.4,11.1
19147,0.238,0,NORMAL,18.1,5.0,14.9,10.4
19148,0.254,0,NORMAL,17.5,3.7,12.4,9.1
19149,0.2704,0,NORMAL,18.7,3.8,11.4,8.6
19150,0.2926,0,NORMAL,18.1,3.4,11.1,9.1
19151,0.9165,0,WARNING,18.4,6.9,11.3,7.0
19152,0.3561,0,NORMAL,18.2,4.4,11.1,7.6
19153,0.3782,0,NORMAL,19.0,3.0,9.9,7.3
19154,0.3762,0,NORMAL,19.6,3.6,10.8,8.3
19155,0.6742,0,WARNING,19.0,5.5,11.8,8.4
19156,0.3838,0,NORMAL,19.2,6.0,16.3,11.7
19157,0.3828,0,NORMAL,19.4,5.8,18.6,13.4
19158,0.3566,0,NORMAL,15.4,4.7,18.3,12.7
19159,0.9945,0,WARNING,14.5,7.7,18.6,12.5
19160,0.5531,0,NORMAL,17.6,5.8,19.8,14.4
19161,0.3736,0,NORMAL,16.0,5.5,17.0,12.5
19162,0.6535,0,WARNING,16.5,4.7,13.3,10.3
19163,0.1702,0,NORMAL,16.5,3.5,12.9,9.8
19164,0.5012,0,NORMAL,16.6,4.5,13.2,10.0
19165,0.2653,0,NORMAL,16.7,4.5,12.4,9.2
19166,0.666,0,WARNING,19.5,7.7,21.1,15.1
19167,0.9919,0,WARNING,20.0,7.5,20.4,14.3
19168,0.3556,0,NORMAL,18.3,3.5,13.2,10.4
19169,0.9933,0,WARNING,18.1,5.8,11.9,8.6
19170,0.2313,0,NORMAL,18.5,4.0,12.9,8.8
19171,0.9487,0,WARNING,19.3,4.5,20.8,10.8
19172,0.4098,0,NORMAL,18.3,3.7,11.3,8.3
19173,0.3401,0,NORMAL,18.5,3.6,11.4,8.9
19174,0.1291,0,NORMAL,15.5,2.8,11.3,9.0
19175,0.4047,0,NORMAL,13.1,4.6,12.5,8.9
19176,0.6704,0,WARNING,13.2,5.4,9.9,7.1
19177,0.089,0,NORMAL,15.0,3.8,11.6,9.5
19178,0.8641,0,WARNING,14.8,4.5,10.4,8.2
19179,0.2204,0,NORMAL,16.5,4.0,14.2,11.1
19180,0.2284,0,NORMAL,16.8,4.3,16.9,11.4
19181,0.5932,0,NORMAL,17.5,5.8,17.3,12.1
19182,0.4653,0,NORMAL,19.4,4.8,17.1,12.7
19183,0.7194,0,WARNING,17.8,4.7,12.5,9.5
19184,0.1613,0,NORMAL,17.3,2.7,10.7,8.9
19185,0.2685,0,NORMAL,18.6,5.8,16.4,12.4
19186,0.7731,0,WARNING,18.9,5.9,15.8,11.5
19187,0.2506,0,NORMAL,18.8,3.9,10.8,7.3
19188,0.2769,0,NORMAL,19.1,4.0,14.3,10.2
19189,0.5914,0,NORMAL,18.6,3.9,9.2,6.6
19190,0.7835,0,WARNING,18.4,4.9,10.2,7.9
19191,0.3076,0,NORMAL,18.9,4.3,12.2,8.9
19192,0.3981,0,NORMAL,15.8,5.1,13.8,11.5
19193,0.1539,0,NORMAL,12.8,2.8,12.1,8.9
19194,0.3883,0,NORMAL,14.8,3.9,19.4,14.6
19195,0.3259,0,NORMAL,15.4,5.2,18.3,13.9
19196,0.914,0,WARNING,15.5,7.7,20.6,13.4
19197,0.284,0,NORMAL,15.4,3.9,11.4,7.8
19198,0.1297,0,NORMAL,15.9,2.7,10.9,8.2
19199,0.9526,0,WARNING,16.6,5.4,14.0,9.3
19200,0.6707,0,WARNING,15.0,3.8,16.2,9.8
19201,0.3176,0,NORMAL,14.3,4.8,16.5,10.6
19202,0.2443,0,NORMAL,15.7,4.7,15.8,11.9
19203,0.2187,0,NORMAL,16.4,2.8,11.5,8.2
19204,0.1401,0,NORMAL,16.1,2.1,9.2,6.9
19205,0.1785,0,NORMAL,17.2,4.4,14.5,10.5
19206,0.5975,0,NORMAL,17.5,5.4,14.3,10.4
19207,0.1752,0,NORMAL,16.0,2.4,6.7,4.8
19208,0.1391,0,NORMAL,17.0,3.6,12.0,9.8
19209,0.1531,0,NORMAL,16.9,2.5,11.1,9.1
19210,0.175,0,NORMAL,16.7,3.6,11.0,8.5
19211,0.2286,0,NORMAL,18.5,4.5,17.3,11.5
19212,0.2637,0,NORMAL,17.3,3.5,11.5,8.1
19213,0.7777,0,WARNING,17.4,3.3,6.8,5.4
19214,0.2473,0,NORMAL,18.0,3.7,13.4,10.7
19215,0.9964,0,WARNING,18.1,6.7,13.0,10.0
19216,0.5971,0,NORMAL,18.7,5.1,11.8,9.6
19217,0.9308,0,WARNING,18.3,5.9,11.6,9.2
19218,0.2879,0,NORMAL,16.9,5.1,14.2,11.5
19219,0.2329,0,NORMAL,13.4,3.5,9.9,7.9
19220,0.7249,0,WARNING,14.5,5.2,15.6,11.7
19221,0.1788,0,NORMAL,15.2,4.7,15.8,11.1
19222,0.3466,0,NORMAL,16.6,4.7,18.8,13.7
19223,0.2665,0,NORMAL,16.5,3.7,14.2,10.5
19224,0.5919,0,NORMAL,16.7,4.8,16.4,12.2
19225,0.6644,0,WARNING,16.8,6.3,16.2,11.5
19226,0.4966,0,NORMAL,17.4,5.5,14.8,10.9
19227,0.1732,0,NORMAL,17.2,3.8,14.4,10.5
19228,0.2123,0,NORMAL,17.8,3.0,13.4,10.3
19229,0.3606,0,NORMAL,19.1,3.9,14.5,11.1
19230,0.207,0,NORMAL,18.7,2.8,11.0,8.2
19231,0.5842,0,NORMAL,21.9,5.5,15.4,10.2
19232,0.4361,0,NORMAL,20.5,4.7,18.9,12.3
19233,0.3304,0,NORMAL,18.9,4.3,13.1,9.6
19234,0.8135,0,WARNING,17.8,4.9,9.7,7.3
19235,0.1179,0,NORMAL,16.0,3.8,11.2,8.9
19236,0.5975,0,NORMAL,14.0,5.5,13.2,9.5
19237,0.7696,0,WARNING,13.8,5.0,12.4,8.6
19238,0.2827,0,NORMAL,15.0,2.8,12.0,7.8
19239,0.0914,0,NORMAL,15.2,2.4,8.6,6.8
19240,0.0958,0,NORMAL,15.4,3.2,10.5,8.8
19241,0.8186,0,WARNING,16.4,5.4,11.4,7.9
19242,0.0851,0,NORMAL,17.2,3.5,10.4,7.4
19243,0.1705,0,NORMAL,16.5,2.0,7.1,5.6
19244,0.1422,0,NORMAL,16.2,2.5,8.0,6.5
19245,0.5255,0,NORMAL,18.1,5.5,17.1,12.5
19246,0.4093,0,NORMAL,17.5,4.8,12.9,8.9
19247,0.2435,0,NORMAL,18.6,4.6,16.8,11.4
19248,0.2718,0,NORMAL,18.1,2.9,12.8,8.4
19249,0.2895,0,NORMAL,17.7,2.2,8.1,6.6
19250,0.9999,0,WARNING,19.3,7.1,12.1,8.9
19251,0.3445,0,NORMAL,19.2,4.9,13.1,9.9
19252,0.3711,0,NORMAL,18.5,2.9,10.1,8.3
19253,0.8757,0,WARNING,20.8,5.6,14.0,10.5
19254,0.3004,0,NORMAL,16.4,3.2,15.2,11.0
19255,0.3961,0,NORMAL,14.1,4.4,11.5,8.7
19256,0.7252,0,WARNING,15.2,5.8,10.8,7.6
19257,0.7733,0,WARNING,16.0,4.9,13.1,10.8
19258,0.1181,0,NORMAL,14.6,2.5,7.7,5.9
19259,0.1048,0,NORMAL,15.1,2.2,7.5,6.0
19260,0.1294,0,NORMAL,16.6,3.7,11.8,9.0
19261,0.9322,0,WARNING,19.1,6.6,15.1,11.2
19262,0.2188,0,NORMAL,19.9,4.0,13.1,9.6
19263,0.9743,0,WARNING,20.2,5.0,9.2,6.9
19264,0.187,0,NORMAL,20.6,2.7,12.5,8.0
19265,0.5118,0,NORMAL,21.6,4.3,9.2,6.5
19266,0.5146,0,NORMAL,22.4,6.5,13.6,8.0
19267,0.3119,0,NORMAL,22.2,4.1,11.3,7.2
19268,0.2337,0,NORMAL,22.2,2.4,10.4,8.3
19269,0.9859,0,WARNING,22.6,5.5,11.7,8.9
19270,0.2623,0,NORMAL,22.2,2.9,8.3,5.8
19271,0.4157,0,NORMAL,23.8,4.3,11.2,7.9
19272,0.7808,0,WARNING,23.8,4.5,11.7,8.8
19273,0.3395,0,NORMAL,23.8,2.7,8.9,6.6
19274,0.3323,0,NORMAL,24.2,2.6,9.6,7.5
19275,0.5211,0,NORMAL,24.5,5.6,15.0,9.5
19276,0.8769,0,WARNING,25.0,6.9,15.7,11.0
19277,0.9961,0,WARNING,24.6,4.0,12.7,10.2
19278,0.3853,0,NORMAL,24.2,3.0,8.7,7.5
19279,0.1135,0,NORMAL,21.8,3.4,9.4,8.3
19280,0.8168,0,WARNING,19.4,4.7,11.2,8.8
19281,0.1105,0,NORMAL,18.9,3.8,11.4,8.1
19282,0.1265,0,NORMAL,20.2,4.7,12.7,10.2
19283,0.73,0,WARNING,19.9,3.4,8.6,6.4
19284,0.1343,0,NORMAL,20.8,2.5,11.5,8.6
19285,0.604,0,WARNING,21.1,5.1,11.7,8.2
19286,0.8993,0,WARNING,21.1,6.6,9.7,8.1
19287,0.2434,0,NORMAL,21.9,3.9,14.3,11.4
19288,0.1566,0,NORMAL,21.5,2.8,10.4,7.7
19289,0.8497,0,WARNING,20.9,3.8,6.5,4.5
19290,0.1343,0,NORMAL,21.3,2.8,8.5,7.3
19291,0.135,0,NORMAL,22.0,3.5,7.9,5.9
19292,0.7357,0,WARNING,21.3,3.8,6.6,6.0
19293,0.7543,0,WARNING,21.6,3.7,7.2,6.9
19294,0.176,0,NORMAL,22.0,2.3,9.4,8.0
19295,0.1941,0,NORMAL,22.1,3.7,8.0,6.0
19296,0.4179,0,NORMAL,21.9,3.8,7.3,6.1
19297,0.2336,0,NORMAL,22.1,2.6,6.8,6.1
19298,0.2395,0,NORMAL,21.9,2.1,6.5,5.2
19299,0.242,0,NORMAL,23.8,3.3,10.6,8.6
19300,0.6097,0,WARNING,19.6,4.1,8.1,7.0
19301,0.1445,0,NORMAL,17.5,3.0,6.1,4.7
19302,0.2261,0,NORMAL,18.2,3.6,8.3,6.4
19303,0.1275,0,NORMAL,19.3,2.8,7.4,4.9
19304,0.7377,0,WARNING,20.1,3.9,7.7,6.4
19305,0.4232,0,NORMAL,20.0,3.9,8.6,7.6
19306,0.4211,0,NORMAL,20.4,4.6,8.6,6.7
19307,0.6069,0,WARNING,21.2,4.6,10.3,8.2
19308,0.6084,0,WARNING,20.7,2.8,5.2,4.1
19309,0.1445,0,NORMAL,21.7,2.0,6.1,5.1
19310,0.1626,0,NORMAL,21.5,2.7,7.7,6.4
19311,0.209,0,NORMAL,22.5,4.6,8.5,6.0
19312,0.2313,0,NORMAL,21.9,2.6,6.2,4.5
19313,0.2292,0,NORMAL,22.4,3.0,9.0,7.2
19314,0.2429,0,NORMAL,21.7,1.8,5.0,4.4
19315,0.3026,0,NORMAL,22.5,4.2,9.3,7.9
19316,0.9191,0,WARNING,22.4,5.7,9.2,8.0
19317,0.3117,0,NORMAL,22.8,2.3,6.4,5.7
19318,0.3176,0,NORMAL,22.6,2.0,6.9,6.1
19319,0.3193,0,NORMAL,22.6,1.7,5.6,4.4
19320,0.1717,0,NORMAL,19.4,3.4,8.4,7.0
19321,0.9634,0,WARNING,16.9,5.8,7.0,5.2
19322,0.1198,0,NORMAL,17.8,3.0,5.9,4.6
19323,0.22,0,NORMAL,18.4,1.4,3.4,3.3
19324,0.1712,0,NORMAL,19.1,2.1,8.5,7.0
19325,0.9754,0,WARNING,19.8,6.0,8.9,7.0
19326,0.5266,0,NORMAL,19.5,4.1,6.4,5.6
19327,0.1432,0,NORMAL,21.7,3.9,12.2,9.5
19328,0.4177,0,NORMAL,21.5,5.3,13.8,10.3
19329,0.179,0,NORMAL,21.3,2.1,8.1,6.5
19330,0.1196,0,NORMAL,21.1,2.5,6.8,6.1
19331,0.8217,0,WARNING,20.9,4.0,4.2,4.0
19332,0.9332,0,WARNING,21.9,5.1,6.9,5.7
19333,0.2168,0,NORMAL,21.5,1.9,4.9,4.4
19334,0.2236,0,NORMAL,21.9,2.2,9.0,7.2
19335,0.8536,0,WARNING,23.2,7.2,14.2,10.8
19336,0.292,0,NORMAL,23.3,5.0,13.1,9.9
19337,0.3121,0,NORMAL,23.0,3.7,8.0,5.6
19338,0.9746,0,WARNING,22.5,4.4,5.9,5.5
19339,0.3441,0,NORMAL,22.9,2.5,5.7,4.4
19340,0.3583,0,NORMAL,23.1,2.4,5.5,3.9
19341,0.3802,0,NORMAL,23.4,2.9,6.8,4.9
19342,0.8252,0,WARNING,20.3,4.1,4.8,4.5
19343,0.1746,0,NORMAL,18.6,3.7,10.5,7.7
19344,0.1429,0,NORMAL,17.4,2.2,8.4,6.6
19345,0.5302,0,NORMAL,18.3,3.8,7.5,6.1
19346,0.9018,0,WARNING,21.0,8.7,18.8,13.0
19347,0.3216,0,NORMAL,19.5,2.7,8.4,5.7
19348,0.1325,0,NORMAL,19.3,2.0,5.5,4.6
19349,0.6789,0,WARNING,19.8,3.4,5.4,4.2
19350,0.3771,0,NORMAL,21.2,4.1,7.1,5.6
19351,0.1177,0,NORMAL,21.8,3.5,10.2,8.3
19352,0.1728,0,NORMAL,20.5,2.0,5.6,4.5
19353,0.1366,0,NORMAL,21.1,1.9,6.2,5.6
19354,0.1574,0,NORMAL,20.4,1.7,5.1,5.1
19355,0.1723,0,NORMAL,21.1,3.4,7.0,6.3
19356,0.3033,0,NORMAL,21.5,3.7,7.2,5.4
19357,0.8238,0,WARNING,21.2,3.6,4.9,4.5
19358,0.1829,0,NORMAL,21.2,1.9,5.9,5.5
19359,0.1942,0,NORMAL,22.2,2.6,6.3,4.6
19360,0.2458,0,NORMAL,21.5,2.0,5.7,5.0
19361,0.2389,0,NORMAL,23.4,3.5,9.8,7.6
19362,0.2643,0,NORMAL,22.5,2.5,7.5,5.7
19363,0.9699,0,WARNING,22.1,4.1,3.8,3.0
19364,0.2757,0,NORMAL,21.8,1.6,5.1,4.6
19365,0.9818,0,WARNING,21.0,8.4,12.6,7.3
19366,1.0,0,ANOMALY,18.6,13.0,11.3,8.2
19367,0.3352,0,NORMAL,18.5,3.5,8.3,7.5
19368,0.5919,0,NORMAL,18.7,3.9,9.5,7.2
19369,0.2251,0,NORMAL,20.1,3.0,8.0,7.4
19370,0.3157,0,NORMAL,21.3,4.8,12.5,9.5
19371,0.9683,0,WARNING,22.2,6.7,12.6,9.8
19372,0.2115,0,NORMAL,20.9,2.5,6.5,6.5
19373,0.2943,0,NORMAL,21.3,1.8,3.7,4.6
19374,0.1766,0,NORMAL,21.4,2.3,5.7,6.3
19375,0.9692,0,WARNING,22.0,5.5,8.1,9.0
19376,0.4061,0,NORMAL,22.5,4.9,12.5,11.1
19377,0.8579,0,WARNING,22.6,3.2,15.1,19.6
19378,0.3352,0,NORMAL,22.2,2.6,12.2,10.4
19379,0.9404,0,WARNING,20.4,4.7,22.4,25.8
19380,0.7941,0,WARNING,17.5,4.9,19.2,19.2
19381,0.9075,0,WARNING,16.7,5.2,8.5,7.3
19382,0.6939,0,WARNING,17.3,2.4,4.0,4.8
19383,0.1952,0,NORMAL,17.7,1.9,3.3,4.5
19384,0.397,0,NORMAL,17.6,2.2,3.0,3.7
19385,0.5161,0,NORMAL,18.3,3.0,5.0,5.6
19386,0.4175,0,NORMAL,19.2,3.8,8.6,7.2
19387,0.1389,0,NORMAL,19.3,2.1,5.8,4.8
19388,0.9796,0,WARNING,19.4,3.9,4.0,4.4
19389,0.1614,0,NORMAL,19.7,2.1,5.1,5.0
19390,0.1422,0,NORMAL,19.4,2.3,5.4,5.1
19391,0.135,0,NORMAL,20.2,3.3,6.5,4.8
19392,0.5316,0,NORMAL,19.6,3.0,4.2,4.5
19393,0.1903,0,NORMAL,19.9,1.2,3.7,4.0
19394,0.2142,0,NORMAL,19.7,1.0,2.4,2.7
19395,0.3178,0,NORMAL,20.1,3.4,4.2,4.4
19396,0.4364,0,NORMAL,20.4,4.4,6.3,5.6
19397,0.4299,0,NORMAL,20.6,3.1,4.8,4.5
19398,0.2075,0,NORMAL,20.2,1.7,3.3,3.8
19399,0.2085,0,NORMAL,20.9,2.4,5.0,5.2
19400,0.213,0,NORMAL,20.1,1.5,2.5,2.6
19401,0.1969,0,NORMAL,19.8,1.9,3.1,3.3
19402,0.3146,0,NORMAL,17.3,3.2,4.8,4.2
19403,0.197,0,NORMAL,16.7,2.9,7.2,5.7
19404,0.1972,0,NORMAL,16.8,1.4,3.7,3.7
19405,0.1769,0,NORMAL,16.7,2.9,3.7,3.8
19406,0.9561,0,WARNING,17.3,6.0,4.5,3.8
19407,0.2002,0,NORMAL,17.8,1.4,2.5,2.8
19408,0.2034,0,NORMAL,17.9,1.3,3.1,3.7
19409,0.1926,0,NORMAL,18.4,1.4,4.0,4.5
19410,0.1971,0,NORMAL,19.0,2.3,4.7,3.8
19411,0.8581,0,WARNING,19.8,4.6,4.3,3.5
19412,0.1786,0,NORMAL,19.1,2.0,4.5,5.4
19413,0.1999,0,NORMAL,19.3,1.2,3.2,4.2
19414,0.2107,0,NORMAL,19.3,1.0,2.2,3.0
19415,0.9354,0,WARNING,20.3,5.2,4.6,4.5
19416,0.3106,0,NORMAL,20.2,3.5,5.3,4.6
19417,0.2369,0,NORMAL,20.9,2.1,4.6,4.3
19418,0.2456,0,NORMAL,20.1,0.8,1.9,2.6
19419,0.2257,0,NORMAL,20.4,1.4,2.9,3.5
19420,0.947,0,WARNING,20.2,4.4,3.6,4.2
19421,0.2509,0,NORMAL,20.4,1.9,3.2,3.1
19422,0.285,0,NORMAL,20.8,2.2,4.9,4.9
19423,0.2903,0,NORMAL,20.9,1.1,2.5,3.0
19424,0.2764,0,NORMAL,20.2,0.8,1.5,2.4
19425,0.9474,0,WARNING,18.0,4.5,3.9,5.2
19426,0.5377,0,NORMAL,15.0,3.2,3.6,2.9
19427,0.1826,0,NORMAL,16.3,2.8,4.3,3.7
19428,0.2009,0,NORMAL,16.6,1.1,2.5,3.2
19429,0.338,0,NORMAL,16.7,1.6,2.7,2.6
19430,0.9211,0,WARNING,18.0,4.6,3.9,3.8
19431,0.1725,0,NORMAL,18.0,2.5,3.6,4.1
19432,0.1808,0,NORMAL,18.5,2.2,3.8,4.0
19433,0.2199,0,NORMAL,19.2,1.0,2.1,3.0
19434,0.2259,0,NORMAL,18.7,1.0,1.6,2.6
19435,0.9866,0,WARNING,19.4,5.5,3.1,3.9
19436,0.4341,0,NORMAL,19.5,3.3,5.3,6.3
19437,0.1844,0,NORMAL,19.6,1.7,4.2,4.9
19438,0.222,0,NORMAL,19.5,1.0,2.4,3.9
19439,0.9205,0,WARNING,19.8,3.4,3.3,5.0
19440,0.3075,0,NORMAL,15.0,2.4,4.2,4.8
19441,0.201,0,NORMAL,10.8,2.5,5.4,6.5
19442,0.2042,0,NORMAL,11.6,1.3,3.8,4.7
19443,0.2233,0,NORMAL,11.8,1.0,2.2,3.0
19444,0.7891,0,WARNING,12.0,2.9,2.3,3.1
19445,0.4376,0,NORMAL,12.5,2.5,2.8,2.7
19446,0.439,0,NORMAL,12.9,3.0,3.4,3.9
19447,0.2144,0,NORMAL,13.0,1.5,2.5,2.8
19448,0.2368,0,NORMAL,13.0,0.8,1.4,2.4
19449,0.7467,0,WARNING,13.2,2.5,1.9,2.7
19450,0.4519,0,NORMAL,13.8,3.2,3.6,3.4
19451,0.2169,0,NORMAL,14.3,2.2,2.9,3.0
19452,0.2217,0,NORMAL,14.6,1.4,2.5,3.4
19453,0.2328,0,NORMAL,14.7,0.9,1.7,2.8
19454,0.9047,0,WARNING,14.5,3.4,1.2,2.3
19455,1.0,0,ANOMALY,16.4,6.9,3.3,3.2
19456,0.5338,0,NORMAL,15.2,3.4,3.9,4.4
19457,0.2223,0,NORMAL,15.5,2.3,2.9,3.4
19458,0.2365,0,NORMAL,15.3,1.3,2.0,3.3
19459,0.7418,0,WARNING,15.5,2.9,1.9,3.2
19460,0.2567,0,NORMAL,15.2,1.9,2.8,3.5
19461,0.2615,0,NORMAL,15.6,1.6,2.3,2.5
19462,0.2819,0,NORMAL,16.1,1.9,3.9,3.7
19463,0.2788,0,NORMAL,15.6,0.5,1.8,3.1
19464,0.8285,0,WARNING,13.7,3.0,1.6,1.9
19465,0.3242,0,NORMAL,11.9,3.2,4.1,3.4
19466,0.3208,0,NORMAL,11.5,3.3,3.7,3.3
19467,0.2089,0,NORMAL,11.7,1.6,2.5,2.8
19468,0.2355,0,NORMAL,11.6,0.9,1.6,3.1
19469,0.2397,0,NORMAL,12.2,1.2,1.3,2.3
19470,0.6905,0,WARNING,12.9,3.6,4.0,4.4
19471,0.1794,0,NORMAL,13.4,2.7,4.5,3.9
19472,0.1828,0,NORMAL,13.9,2.3,4.4,4.4
19473,0.2244,0,NORMAL,13.8,1.0,2.6,4.0
19474,0.9037,0,WARNING,13.4,3.4,2.8,3.2
19475,0.5371,0,NORMAL,14.0,2.6,3.8,3.3
19476,0.4372,0,NORMAL,14.0,2.7,3.1,3.8
19477,0.187,0,NORMAL,14.1,2.1,3.3,3.5
19478,0.2375,0,NORMAL,14.3,0.8,1.6,2.4
19479,0.6901,0,WARNING,14.4,2.1,1.5,2.0
19480,0.2079,0,NORMAL,14.6,2.4,3.4,3.3
19481,0.2045,0,NORMAL,15.1,2.6,4.2,4.5
19482,0.188,0,NORMAL,14.9,1.8,3.2,3.7
19483,0.2252,0,NORMAL,15.1,1.4,2.3,3.4
19484,0.9469,0,WARNING,15.0,3.8,2.4,2.7
19485,0.6209,0,WARNING,15.5,3.3,4.3,4.2
19486,0.536,0,NORMAL,15.7,3.1,3.7,3.0
19487,0.2695,0,NORMAL,15.6,2.2,3.2,3.3
19488,0.2717,0,NORMAL,15.6,1.2,2.1,2.8
19489,0.9471,0,WARNING,12.9,3.3,1.6,2.6
19490,0.2009,0,NORMAL,10.5,1.8,3.2,4.1
19491,0.1915,0,NORMAL,12.2,2.7,3.9,3.8
19492,0.2054,0,NORMAL,11.7,1.7,3.0,3.8
19493,0.2165,0,NORMAL,12.8,1.1,2.3,3.9
19494,0.6192,0,WARNING,12.4,2.0,2.1,2.8
19495,0.1953,0,NORMAL,13.3,2.4,4.0,4.3
19496,0.4374,0,NORMAL,13.7,3.2,3.9,3.6
19497,0.2002,0,NORMAL,14.3,1.8,2.9,3.6
19498,0.2472,0,NORMAL,13.9,0.7,1.2,2.5
19499,0.7899,0,WARNING,14.3,2.4,0.9,2.1
19500,0.2065,0,NORMAL,12.0,1.9,3.3,3.9
19501,0.2217,0,NORMAL,10.0,2.1,2.8,2.6
19502,0.2289,0,NORMAL,10.3,0.8,1.4,2.4
19503,0.2273,0,NORMAL,10.8,1.5,2.5,3.0
19504,0.9053,0,WARNING,11.6,3.5,1.6,2.2
19505,0.9664,0,WARNING,12.7,4.9,2.7,3.3
19506,0.1873,0,NORMAL,13.2,3.2,4.2,3.9
19507,0.1871,0,NORMAL,13.7,1.6,2.9,3.5
19508,0.2437,0,NORMAL,13.4,0.6,1.3,2.2
19509,0.4385,0,NORMAL,14.3,1.8,2.0,2.8
19510,0.5408,0,NORMAL,14.1,2.3,2.3,2.9
19511,0.2026,0,NORMAL,14.2,1.6,2.7,3.2
19512,0.2259,0,NORMAL,14.2,1.9,1.9,2.4
19513,0.2248,0,NORMAL,14.9,0.9,2.7,3.0
19514,0.2303,0,NORMAL,14.4,0.8,1.8,2.9
19515,0.8289,0,WARNING,15.3,4.8,4.4,4.2
19516,0.3148,0,NORMAL,15.2,3.3,4.3,4.0
19517,0.2365,0,NORMAL,16.3,2.5,4.3,4.6
19518,0.2508,0,NORMAL,15.6,2.3,4.3,4.7
19519,0.5308,0,NORMAL,15.7,2.6,2.5,3.0
19520,0.8251,0,WARNING,15.7,3.8,3.2,3.2
19521,0.2989,0,NORMAL,16.3,2.1,2.9,2.8
19522,0.3223,0,NORMAL,16.1,1.4,2.3,3.0
19523,0.3319,0,NORMAL,16.3,1.0,1.9,2.9
19524,0.334,0,NORMAL,15.9,0.7,1.3,1.8
19525,0.5448,0,NORMAL,13.4,2.5,2.5,3.0
19526,0.4446,0,NORMAL,11.0,3.6,4.3,3.5
19527,0.2023,0,NORMAL,12.0,1.9,2.8,3.2
19528,0.2406,0,NORMAL,11.5,0.9,1.4,2.3
19529,0.2342,0,NORMAL,11.9,1.0,1.4,2.2
19530,0.8597,0,WARNING,12.5,3.1,2.5,3.7
19531,0.196,0,NORMAL,13.1,2.5,3.9,3.7
19532,0.1891,0,NORMAL,13.4,2.1,3.6,3.6
19533,0.2185,0,NORMAL,13.7,1.1,2.3,3.3
19534,0.2117,0,NORMAL,13.6,0.9,2.5,3.9
19535,0.9643,0,WARNING,14.7,5.0,3.7,3.7
19536,0.9351,0,WARNING,14.7,3.6,3.2,3.1
19537,0.2001,0,NORMAL,14.3,1.8,2.5,3.1
19538,0.2397,0,NORMAL,14.4,0.8,1.4,2.3
19539,0.2384,0,NORMAL,14.4,1.0,1.1,1.9
19540,0.9053,0,WARNING,14.4,3.7,2.1,2.6
19541,0.2045,0,NORMAL,15.2,2.2,3.1,3.1
19542,0.2072,0,NORMAL,14.8,1.4,2.5,2.8
19543,0.2177,0,NORMAL,15.2,1.1,1.9,2.6
19544,0.229,0,NORMAL,14.9,0.8,1.9,2.7
19545,0.9891,0,WARNING,15.6,5.5,3.9,4.7
19546,0.3148,0,NORMAL,15.8,2.9,5.2,5.1
19547,0.2338,0,NORMAL,15.8,1.6,3.3,4.1
19548,0.2345,0,NORMAL,15.1,0.8,2.1,3.9
19549,0.6764,0,WARNING,13.9,2.5,2.7,3.9
19550,0.8251,0,WARNING,11.7,4.1,4.2,5.0
19551,0.155,0,NORMAL,11.9,2.5,5.0,6.3
19552,0.1954,0,NORMAL,12.3,1.5,4.8,6.5
19553,0.7846,0,WARNING,12.1,2.7,2.7,5.0
19554,0.2169,0,NORMAL,12.5,1.0,3.4,5.5
19555,0.3034,0,NORMAL,12.9,2.9,5.5,6.0
19556,0.6124,0,WARNING,12.8,3.2,5.5,6.9
19557,0.6799,0,WARNING,13.3,3.3,5.1,6.9
19558,0.2076,0,NORMAL,13.1,1.1,4.6,6.9
19559,0.2118,0,NORMAL,13.3,1.0,4.0,6.2
19560,0.1788,0,NORMAL,11.4,1.6,4.6,6.9
19561,0.8234,0,WARNING,10.5,4.8,7.0,9.2
19562,0.2154,0,NORMAL,10.3,1.1,4.9,6.8
19563,0.1833,0,NORMAL,10.8,1.4,5.4,7.4
19564,0.963,0,WARNING,10.5,4.0,5.4,7.5
19565,0.4179,0,NORMAL,11.1,3.0,7.6,9.2
19566,0.5182,0,NORMAL,11.3,3.4,7.2,9.5
19567,0.932,0,WARNING,11.7,3.9,7.4,9.5
19568,0.4427,0,NORMAL,11.7,1.4,7.8,10.8
19569,0.9314,0,WARNING,12.2,3.5,5.9,8.1
19570,0.1956,0,NORMAL,12.5,2.0,3.6,2.9
19571,0.1913,0,NORMAL,13.3,2.2,3.3,3.6
19572,0.213,0,NORMAL,12.7,1.6,2.1,2.9
19573,0.2276,0,NORMAL,13.0,0.8,1.6,2.9
19574,0.8578,0,WARNING,12.6,2.6,1.1,2.5
19575,0.4395,0,NORMAL,13.6,3.3,3.8,4.2
19576,0.313,0,NORMAL,12.1,3.6,5.0,5.0
19577,0.1637,0,NORMAL,11.2,2.5,4.1,4.0
19578,0.9462,0,WARNING,11.4,3.4,2.6,3.4
19579,0.2309,0,NORMAL,11.7,1.3,1.8,3.0
19580,0.2174,0,NORMAL,11.8,1.8,2.7,2.6
19581,0.2059,0,NORMAL,12.8,2.2,3.0,3.8
19582,0.2132,0,NORMAL,12.9,1.5,2.3,2.9
19583,1.0,0,ANOMALY,13.6,5.6,1.8,2.5
19584,0.2441,0,NORMAL,13.2,0.7,1.3,2.4
19585,0.5399,0,NORMAL,13.7,3.4,4.2,3.7
19586,0.9998,0,WARNING,14.1,9.1,3.2,3.1
19587,0.5139,0,NORMAL,14.2,1.9,2.2,2.6
19588,0.8518,0,WARNING,14.5,3.0,2.0,3.3
19589,0.2216,0,NORMAL,14.7,1.7,2.3,2.6
19590,0.2031,0,NORMAL,14.9,2.5,3.9,3.4
19591,0.3064,0,NORMAL,15.7,2.2,2.9,3.5
19592,0.6851,0,WARNING,15.5,3.1,3.2,4.1
19593,0.289,0,NORMAL,15.8,1.3,1.9,2.5
19594,0.2863,0,NORMAL,15.8,1.1,2.7,3.5
19595,0.5387,0,NORMAL,17.0,3.9,5.7,5.2
19596,0.9346,0,WARNING,17.2,4.8,4.1,4.3
19597,0.3071,0,NORMAL,16.7,2.6,3.6,3.4
19598,0.3203,0,NORMAL,16.0,1.2,2.3,3.3
19599,0.7904,0,WARNING,16.2,2.0,1.4,2.7
19600,0.786,0,WARNING,13.1,3.4,2.3,2.9
19601,0.7628,0,WARNING,11.6,4.2,4.3,3.3
19602,0.2088,0,NORMAL,11.8,1.7,2.4,2.9
19603,0.2342,0,NORMAL,12.3,0.8,1.2,2.2
19604,0.2384,0,NORMAL,12.3,1.0,1.2,1.9
19605,0.691,0,WARNING,13.7,3.5,5.5,5.5
19606,0.9704,0,WARNING,13.8,5.0,5.3,5.4
19607,0.1759,0,NORMAL,14.2,2.6,5.0,5.1
19608,0.1988,0,NORMAL,14.1,1.3,3.9,5.1
19609,0.9461,0,WARNING,14.4,3.4,2.9,4.0
19610,0.1774,0,NORMAL,14.9,2.5,4.7,4.9
19611,0.1723,0,NORMAL,15.5,2.4,4.7,5.9
19612,0.1961,0,NORMAL,15.2,1.8,4.6,6.1
19613,0.4255,0,NORMAL,15.4,1.6,3.2,5.3
19614,1.0,0,ANOMALY,15.2,12.1,4.6,6.6
19615,0.3823,0,NORMAL,16.0,3.6,5.8,5.3
19616,0.985,0,WARNING,15.8,6.1,3.2,3.5
19617,0.8066,0,WARNING,16.1,3.6,2.5,2.9
19618,0.2963,0,NORMAL,15.8,1.0,1.9,3.4
19619,0.3068,0,NORMAL,16.3,1.1,2.2,3.2
19620,0.2215,0,NORMAL,12.7,1.9,2.6,2.3
19621,0.2332,0,NORMAL,9.9,1.8,3.3,3.9
19622,0.2031,0,NORMAL,10.3,1.4,2.7,3.4
19623,0.2422,0,NORMAL,10.5,0.8,1.3,2.3
19624,0.226,0,NORMAL,10.6,0.9,1.6,2.4
19625,0.3254,0,NORMAL,11.0,2.1,2.5,3.1
19626,0.3241,0,NORMAL,11.6,3.2,3.9,3.5
19627,0.2132,0,NORMAL,11.9,1.6,2.6,2.7
19628,0.8288,0,WARNING,12.0,2.1,1.6,2.4
19629,0.2242,0,NORMAL,12.8,1.0,2.1,3.6
19630,0.2175,0,NORMAL,12.7,1.8,2.6,2.6
19631,0.2163,0,NORMAL,13.3,2.7,3.5,3.3
19632,0.2103,0,NORMAL,13.4,2.2,3.2,3.5
19633,0.8585,0,WARNING,13.9,3.2,2.5,2.8
19634,0.2342,0,NORMAL,13.6,0.8,1.4,1.9
19635,0.3232,0,NORMAL,14.2,3.2,3.3,3.4
19636,0.442,0,NORMAL,14.2,3.4,3.4,3.6
19637,0.2433,0,NORMAL,15.1,2.4,3.5,4.1
19638,0.4349,0,NORMAL,15.5,2.0,1.9,3.2
19639,0.2458,0,NORMAL,15.7,1.4,2.1,3.2
19640,0.2576,0,NORMAL,15.3,1.3,1.9,2.4
19641,0.2825,0,NORMAL,15.9,1.9,2.6,2.7
19642,0.3072,0,NORMAL,15.8,1.5,2.6,3.4
19643,0.3222,0,NORMAL,16.1,0.8,1.3,2.3
19644,0.7927,0,WARNING,15.9,2.7,1.3,1.8
19645,0.3274,0,NORMAL,13.4,2.7,3.2,3.7
19646,0.8206,0,WARNING,10.8,4.7,3.4,3.4
19647,0.2166,0,NORMAL,12.0,1.8,3.1,3.2
19648,0.2267,0,NORMAL,11.7,1.2,2.4,3.8
19649,0.8572,0,WARNING,12.1,2.9,2.3,4.2
19650,0.2288,0,NORMAL,12.3,2.2,2.9,2.8
19651,0.2281,0,NORMAL,13.8,2.9,3.8,3.3
19652,0.2177,0,NORMAL,13.8,1.5,2.4,3.0
19653,0.2223,0,NORMAL,14.5,1.2,1.9,3.3
19654,0.7441,0,WARNING,14.0,2.5,1.2,1.8
19655,0.3183,0,NORMAL,15.8,3.0,3.5,3.4
19656,0.3153,0,NORMAL,15.3,3.2,3.8,3.7
19657,0.3188,0,NORMAL,15.5,2.2,3.1,3.6
19658,0.2256,0,NORMAL,15.2,1.0,1.8,2.9
19659,0.3169,0,NORMAL,15.2,1.5,1.4,2.3
19660,0.485,0,NORMAL,15.4,2.9,2.9,3.4
19661,0.2698,0,NORMAL,16.0,2.5,3.4,2.5
19662,0.3038,0,NORMAL,15.8,1.3,1.8,3.0
19663,0.3167,0,NORMAL,16.1,0.8,1.6,2.4
19664,0.3221,0,NORMAL,16.1,1.6,1.2,1.9
19665,0.446,0,NORMAL,16.6,2.6,3.3,3.8
19666,0.6241,0,WARNING,16.4,3.4,4.2,4.9
19667,0.3224,0,NORMAL,16.7,2.4,4.4,5.4
19668,0.315,0,NORMAL,16.1,1.4,3.0,4.9
19669,0.8246,0,WARNING,13.7,2.7,2.6,4.6
19670,0.5721,0,NORMAL,11.1,2.9,4.7,6.3
19671,0.1832,0,NORMAL,11.8,2.5,5.1,6.2
19672,0.1915,0,NORMAL,12.0,2.3,3.7,4.9
19673,0.9011,0,WARNING,12.7,2.9,2.3,4.2
19674,0.4342,0,NORMAL,12.2,1.4,1.4,3.0
19675,0.5274,0,NORMAL,13.0,3.3,3.7,4.4
19676,0.4247,0,NORMAL,13.4,3.5,4.5,5.2
19677,0.2972,0,NORMAL,14.0,2.3,3.4,4.3
19678,0.9751,0,WARNING,13.8,3.9,1.8,3.3
19679,0.207,0,NORMAL,13.8,1.6,2.5,3.8
19680,0.4282,0,NORMAL,11.8,3.6,4.1,4.3
19681,0.2289,0,NORMAL,11.0,3.4,4.3,4.0
19682,0.1885,0,NORMAL,11.2,2.0,2.9,3.8
19683,0.9459,0,WARNING,11.7,3.4,2.4,3.8
19684,0.4687,0,NORMAL,11.3,1.7,2.5,3.3
19685,0.9754,0,WARNING,12.2,6.0,3.5,3.7
19686,0.5203,0,NORMAL,12.3,2.9,3.1,3.7
19687,0.1958,0,NORMAL,12.7,1.6,2.8,3.5
19688,0.5288,0,NORMAL,12.9,2.3,2.1,3.1
19689,0.2394,0,NORMAL,13.0,0.8,1.4,2.5
19690,0.2165,0,NORMAL,13.1,2.0,2.5,2.7
19691,0.2171,0,NORMAL,13.8,1.8,3.4,4.1
19692,0.2132,0,NORMAL,13.8,1.9,2.6,2.7
19693,0.5408,0,NORMAL,14.1,2.0,1.5,2.8
19694,0.2408,0,NORMAL,13.8,0.6,1.4,2.4
19695,0.2266,0,NORMAL,14.4,3.0,4.0,3.7
19696,0.3225,0,NORMAL,14.5,3.2,4.6,4.9
19697,0.2535,0,NORMAL,14.9,2.4,4.5,4.7
19698,0.9638,0,WARNING,14.5,3.7,2.7,3.5
19699,0.2617,0,NORMAL,14.8,1.5,2.3,3.6
19700,0.2735,0,NORMAL,14.7,1.9,3.1,3.5
19701,0.2947,0,NORMAL,15.1,2.1,2.9,2.8
19702,0.3156,0,NORMAL,15.0,1.6,2.3,2.8
19703,0.9216,0,WARNING,15.8,3.6,1.8,2.7
19704,0.998,0,WARNING,15.2,6.1,2.2,2.9
19705,0.2214,0,NORMAL,12.8,2.6,2.7,2.6
19706,0.2174,0,NORMAL,11.3,3.3,3.7,3.0
19707,0.2214,0,NORMAL,12.3,1.7,3.4,4.0
19708,0.2448,0,NORMAL,12.4,0.8,1.3,2.2
19709,0.9641,0,WARNING,12.9,3.9,2.0,3.1
19710,0.2296,0,NORMAL,13.1,2.2,3.5,3.9
19711,0.2209,0,NORMAL,13.9,2.8,4.1,3.7
19712,0.2234,0,NORMAL,13.9,1.9,2.9,3.7
19713,0.2372,0,NORMAL,14.2,1.2,1.4,2.5
19714,0.9214,0,WARNING,14.3,2.9,2.1,3.8
19715,0.4377,0,NORMAL,15.8,3.3,4.3,3.3
19716,0.4358,0,NORMAL,15.8,3.6,4.1,3.6
19717,0.2366,0,NORMAL,16.3,1.9,3.6,4.0
19718,0.233,0,NORMAL,15.2,1.1,2.6,3.9
19719,0.227,0,NORMAL,15.6,1.3,3.2,4.0
19720,0.2368,0,NORMAL,15.2,1.6,3.0,3.6
19721,0.5399,0,NORMAL,15.6,2.2,2.9,3.7
19722,0.9354,0,WARNING,15.4,3.6,2.9,4.4
19723,0.2541,0,NORMAL,15.7,0.9,1.6,2.5
19724,0.2595,0,NORMAL,15.4,0.7,1.1,2.2
19725,0.3232,0,NORMAL,16.2,2.7,3.5,4.2
19726,0.6224,0,WARNING,16.3,3.5,4.6,4.6
19727,0.883,0,WARNING,16.2,3.7,4.1,5.3
19728,0.2191,0,NORMAL,14.2,1.0,2.8,4.0
19729,0.1917,0,NORMAL,12.2,1.6,4.4,5.0
19730,0.1958,0,NORMAL,11.7,2.3,4.3,4.6
19731,0.8822,0,WARNING,12.8,4.4,4.2,5.5
19732,0.1834,0,NORMAL,12.7,1.8,4.2,4.4
19733,0.194,0,NORMAL,13.2,1.3,3.2,3.7
19734,0.1799,0,NORMAL,13.2,1.3,4.6,5.4
19735,0.8566,0,WARNING,14.4,4.9,7.6,6.5
19736,0.3012,0,NORMAL,14.0,3.3,4.5,3.8
19737,0.156,0,NORMAL,15.7,2.5,6.6,6.6
19738,0.1841,0,NORMAL,14.5,1.2,4.6,4.3
19739,0.2174,0,NORMAL,14.5,1.3,2.5,2.8
19740,0.1993,0,NORMAL,14.6,2.2,4.0,3.3
19741,0.2145,0,NORMAL,16.5,4.3,7.1,5.3
19742,0.9032,0,WARNING,18.5,4.7,5.3,4.3
19743,0.3118,0,NORMAL,18.0,0.7,1.0,1.4
19744,0.2443,0,NORMAL,17.9,0.9,1.7,2.6
19745,0.2301,0,NORMAL,18.4,2.2,2.4,2.3
19746,0.4454,0,NORMAL,18.8,3.0,2.8,2.4
19747,0.2342,0,NORMAL,19.6,2.0,3.5,3.1
19748,0.241,0,NORMAL,19.5,1.4,1.2,2.1
19749,0.8292,0,WARNING,19.9,3.2,2.3,2.9
19750,0.2465,0,NORMAL,19.5,1.3,1.7,1.8
19751,0.2871,0,NORMAL,20.7,2.5,3.9,3.5
19752,0.3204,0,NORMAL,20.5,1.7,3.1,3.6
19753,0.3331,0,NORMAL,20.5,0.9,1.3,2.4
19754,0.3409,0,NORMAL,21.1,2.4,4.5,3.7
19755,0.9642,0,WARNING,21.1,5.9,3.4,2.9
19756,0.4342,0,NORMAL,21.1,2.7,3.0,3.5
19757,0.3888,0,NORMAL,21.9,2.7,5.0,4.7
19758,0.3736,0,NORMAL,20.9,2.0,3.3,3.8
19759,0.3605,0,NORMAL,21.1,1.8,3.0,3.4
19760,0.3727,0,NORMAL,21.5,2.9,5.6,4.9
19761,0.3926,0,NORMAL,22.1,2.9,5.8,5.2
19762,0.4193,0,NORMAL,21.7,1.6,6.4,4.1
19763,0.4445,0,NORMAL,21.8,0.8,2.1,2.4
19764,0.9039,0,WARNING,22.2,4.1,4.1,4.4
19765,0.4625,0,NORMAL,22.3,2.8,4.3,3.9
19766,0.4351,0,NORMAL,21.2,2.9,3.5,2.7
19767,0.2211,0,NORMAL,18.3,2.0,3.2,4.1
19768,0.245,0,NORMAL,15.6,1.0,1.3,2.5
19769,0.9046,0,WARNING,16.3,3.2,3.0,3.3
19770,0.2089,0,NORMAL,17.3,2.1,3.5,2.8
19771,0.1936,0,NORMAL,17.4,2.3,4.2,3.7
19772,0.245,0,NORMAL,17.9,2.2,3.5,3.5
19773,0.9469,0,WARNING,18.2,3.2,0.9,1.7
19774,0.2471,0,NORMAL,17.8,0.7,0.9,2.1
19775,0.6243,0,WARNING,19.0,3.2,4.0,3.7
19776,0.5404,0,NORMAL,19.4,4.2,6.6,5.4
19777,0.1746,0,NORMAL,20.2,1.6,4.1,4.3
19778,0.9756,0,WARNING,19.4,4.4,3.6,3.9
19779,0.2186,0,NORMAL,19.7,1.2,2.2,2.6
19780,0.2099,0,NORMAL,19.6,1.5,3.1,3.4
19781,0.2346,0,NORMAL,20.4,3.3,5.6,5.1
19782,0.2742,0,NORMAL,20.6,1.8,4.2,4.8
19783,0.7891,0,WARNING,20.4,2.8,4.0,4.3
19784,0.3081,0,NORMAL,20.2,1.8,4.1,4.4
19785,0.4361,0,NORMAL,21.1,3.4,5.2,5.1
19786,0.5341,0,NORMAL,21.0,2.9,6.9,6.9
19787,0.6149,0,WARNING,21.1,2.7,5.0,4.8
19788,0.7862,0,WARNING,20.9,2.7,3.6,3.9
19789,0.3578,0,NORMAL,22.0,2.7,8.1,6.2
19790,0.6548,0,WARNING,21.6,3.6,5.2,4.1
19791,0.1483,0,NORMAL,19.3,3.7,6.8,6.8
19792,0.9549,0,WARNING,16.2,5.0,6.3,5.9
19793,0.9993,0,WARNING,17.9,7.1,7.7,6.5
19794,0.1975,0,NORMAL,17.9,2.4,7.4,5.9
19795,0.5069,0,NORMAL,18.8,4.5,7.7,6.5
19796,0.9162,0,WARNING,20.0,5.4,6.4,5.5
19797,0.1487,0,NORMAL,20.4,2.9,8.1,7.1
19798,0.1955,0,NORMAL,20.0,2.4,7.1,6.6
19799,0.2242,0,NORMAL,20.6,1.8,5.6,4.7
19800,0.6786,0,WARNING,18.0,3.7,5.5,4.7
19801,0.1491,0,NORMAL,16.5,2.3,5.1,4.5
19802,0.1661,0,NORMAL,16.7,1.7,5.1,4.5
19803,0.173,0,NORMAL,17.6,2.1,4.5,4.2
19804,0.6862,0,WARNING,19.3,3.1,5.9,5.2
19805,0.4327,0,NORMAL,19.1,3.3,8.1,6.3
19806,0.1501,0,NORMAL,19.3,4.2,7.0,5.7
19807,0.1723,0,NORMAL,20.4,3.3,12.4,9.2
19808,0.9999,0,WARNING,20.8,5.9,7.1,5.7
19809,0.2021,0,NORMAL,21.3,1.7,4.7,5.0
19810,0.2129,0,NORMAL,21.4,2.5,5.7,5.1
19811,0.2969,0,NORMAL,20.9,3.3,5.8,5.1
19812,0.2781,0,NORMAL,21.4,2.8,8.9,7.9
19813,0.2889,0,NORMAL,21.2,1.7,5.9,5.7
19814,0.5268,0,NORMAL,21.7,3.0,7.2,5.5
19815,0.6102,0,WARNING,22.2,4.5,8.4,7.8
19816,0.6056,0,WARNING,22.3,5.0,10.8,9.5
19817,0.899,0,WARNING,25.0,6.4,14.8,11.6
19818,0.3966,0,NORMAL,23.3,2.9,10.2,8.4
19819,0.1369,0,NORMAL,20.2,2.5,8.9,8.3
19820,0.9788,0,WARNING,18.0,5.6,8.6,7.3
19821,0.2625,0,NORMAL,20.1,3.9,9.7,7.2
19822,0.2458,0,NORMAL,20.3,3.2,9.9,8.3
19823,0.1221,0,NORMAL,20.1,1.8,9.0,7.5
19824,0.1166,0,NORMAL,20.1,2.3,8.8,7.3
19825,0.9989,0,WARNING,21.2,6.4,7.9,6.8
19826,0.5979,0,NORMAL,23.0,7.2,24.4,16.5
19827,0.9823,0,WARNING,23.5,7.3,18.4,14.3
19828,0.3137,0,NORMAL,21.8,2.2,8.8,6.7
19829,0.2553,0,NORMAL,21.5,2.3,7.5,7.3
19830,0.9434,0,WARNING,22.4,5.3,10.2,8.1
19831,0.3161,0,NORMAL,22.7,4.4,12.2,9.2
19832,0.9163,0,WARNING,22.2,5.4,9.4,7.8
19833,0.3729,0,NORMAL,23.1,2.9,9.8,8.5
19834,0.3808,0,NORMAL,24.3,2.4,10.0,8.4
19835,0.4091,0,NORMAL,23.7,4.9,10.0,7.5
19836,0.9169,0,WARNING,20.9,6.2,13.0,12.1
19837,0.3131,0,NORMAL,20.2,4.3,15.6,12.3
19838,0.265,0,NORMAL,20.1,3.2,12.7,9.6
19839,0.1433,0,NORMAL,21.3,2.8,10.5,9.2
19840,0.2745,0,NORMAL,22.4,4.4,15.8,12.9
19841,0.7384,0,WARNING,21.6,4.5,9.1,6.6
19842,0.8745,0,WARNING,21.6,5.0,8.5,6.7
19843,0.688,0,WARNING,26.9,5.3,23.3,19.1
19844,0.4813,0,NORMAL,22.5,2.0,9.5,6.6
19845,0.398,0,NORMAL,23.1,4.0,9.9,9.5
19846,0.5951,0,NORMAL,23.1,5.0,9.7,8.4
19847,0.4362,0,NORMAL,24.6,3.7,12.1,9.8
19848,0.9434,0,WARNING,25.4,5.4,13.0,11.3
19849,0.4743,0,NORMAL,25.1,3.6,14.9,12.2
19850,0.4887,0,NORMAL,25.2,3.9,14.2,12.3
19851,0.493,0,NORMAL,26.2,5.2,17.6,15.1
19852,0.2807,0,NORMAL,21.2,3.0,10.5,9.3
19853,0.3129,0,NORMAL,20.7,3.5,12.7,10.8
19854,1.0,0,ANOMALY,23.2,8.0,16.4,13.5
19855,0.8706,0,WARNING,22.7,6.0,14.7,12.4
19856,0.9122,0,WARNING,23.6,6.6,18.1,15.6
19857,0.3526,0,NORMAL,23.9,4.9,19.8,15.1
19858,0.8034,0,WARNING,23.0,4.8,13.9,12.1
19859,0.2668,0,NORMAL,22.6,3.3,14.3,12.8
19860,0.2042,0,NORMAL,18.9,3.7,15.1,11.1
19861,0.9732,0,WARNING,17.5,8.3,24.8,17.8
19862,0.5589,0,NORMAL,18.9,5.8,23.2,18.2
19863,0.465,0,NORMAL,20.3,4.2,19.4,16.4
19864,0.3212,0,NORMAL,20.5,3.0,11.5,9.2
19865,0.9125,0,WARNING,20.2,6.4,13.0,10.3
19866,0.4878,0,NORMAL,21.3,6.3,18.2,15.6
19867,0.8076,0,WARNING,20.2,5.7,15.7,12.5
19868,0.9125,0,WARNING,21.0,6.6,17.8,14.7
19869,0.41,0,NORMAL,19.8,3.1,12.9,9.5
19870,1.0,0,ANOMALY,20.9,4.0,10.3,8.3
19871,1.0,0,ANOMALY,21.0,4.3,9.5,8.4
19872,0.4485,0,NORMAL,20.7,3.2,9.3,8.4
19873,0.4397,0,NORMAL,19.8,2.0,7.4,7.1
19874,0.9947,0,WARNING,19.1,5.3,10.4,9.6
19875,0.4058,0,NORMAL,17.2,5.3,13.0,10.4
19876,0.5947,0,NORMAL,16.8,6.5,17.2,13.9
19877,0.3329,0,NORMAL,17.4,4.2,13.8,11.1
19878,0.2562,0,NORMAL,17.7,3.9,12.4,10.8
19879,0.1283,0,NORMAL,17.5,3.3,9.8,8.5
19880,0.9823,0,WARNING,18.3,7.1,17.0,13.8
19881,0.2442,0,NORMAL,18.8,4.4,16.1,11.6
19882,0.275,0,NORMAL,19.8,5.1,16.7,12.3
19883,0.2899,0,NORMAL,18.9,3.6,15.8,12.8
19884,0.2848,0,NORMAL,18.5,3.1,14.8,11.8
19885,0.8963,0,WARNING,20.0,6.6,14.5,11.0
19886,0.3897,0,NORMAL,19.4,4.1,13.7,12.0
19887,0.3494,0,NORMAL,21.1,4.6,15.7,12.8
19888,0.3643,0,NORMAL,19.9,2.9,11.6,9.9
19889,0.8905,0,WARNING,19.2,4.9,12.0,10.0
19890,0.6585,0,WARNING,15.6,4.5,9.7,8.1
19891,0.112,0,NORMAL,15.0,3.7,9.6,7.7
19892,0.1706,0,NORMAL,15.6,3.3,11.9,10.9
19893,0.632,0,WARNING,19.0,5.0,24.1,20.2
19894,0.4457,0,NORMAL,18.2,3.7,15.4,10.3
19895,0.9526,0,WARNING,19.9,8.4,19.3,14.5
19896,0.5802,0,NORMAL,19.4,6.7,17.8,14.3
19897,0.6517,0,WARNING,19.5,5.2,14.9,11.5
19898,0.253,0,NORMAL,18.3,3.1,11.7,10.4
19899,0.2855,0,NORMAL,20.0,4.2,14.9,11.4
19900,0.7295,0,WARNING,24.2,5.9,22.6,17.0
19901,0.5529,0,NORMAL,22.9,6.2,23.9,17.6
19902,0.4663,0,NORMAL,21.1,4.5,16.0,12.1
19903,0.3582,0,NORMAL,21.0,2.7,10.0,8.2
19904,0.5831,0,NORMAL,17.6,3.9,10.3,9.6
19905,0.2862,0,NORMAL,16.5,4.4,12.5,11.3
19906,0.3899,0,NORMAL,16.8,4.6,11.4,9.6
19907,0.1789,0,NORMAL,17.6,4.4,14.0,11.1
19908,0.1641,0,NORMAL,17.1,2.8,11.9,10.6
19909,0.1346,0,NORMAL,17.8,2.1,9.8,8.7
19910,0.1738,0,NORMAL,17.2,2.9,10.1,9.0
19911,0.4259,0,NORMAL,20.3,4.9,17.6,14.6
19912,0.6641,0,WARNING,21.4,5.5,18.5,12.6
19913,0.757,0,WARNING,25.3,5.5,20.5,14.7
19914,0.6126,0,WARNING,24.1,5.0,21.4,17.7
19915,0.502,0,NORMAL,23.5,5.8,16.5,12.5
19916,0.4195,0,NORMAL,22.7,6.6,15.4,11.6
19917,0.6262,0,WARNING,24.5,4.8,19.1,15.1
19918,0.5984,0,NORMAL,22.4,3.6,16.8,14.0
19919,0.4254,0,NORMAL,18.7,3.5,16.5,13.0
19920,0.5023,0,NORMAL,18.0,4.9,18.1,14.3
19921,0.3733,0,NORMAL,15.7,4.5,15.7,12.8
19922,0.4654,0,NORMAL,18.9,3.3,14.5,11.8
19923,0.2676,0,NORMAL,19.1,4.0,17.4,12.1
19924,0.5095,0,NORMAL,19.8,4.8,21.9,17.0
19925,0.3813,0,NORMAL,18.7,4.5,13.2,10.4
19926,0.5852,0,NORMAL,21.1,6.0,17.5,13.6
19927,0.2978,0,NORMAL,19.9,4.4,13.8,10.5
19928,0.2887,0,NORMAL,19.4,3.4,14.2,12.5
19929,0.942,0,WARNING,20.5,5.8,15.4,11.5
19930,0.319,0,NORMAL,19.7,4.1,13.4,10.3
19931,0.5663,0,NORMAL,22.2,5.8,25.5,19.1
19932,0.4374,0,NORMAL,21.7,5.5,19.8,13.3
19933,0.407,0,NORMAL,21.4,3.0,13.5,11.1
19934,0.3826,0,NORMAL,21.9,4.1,16.2,12.0
19935,0.8438,0,WARNING,19.0,7.0,20.0,13.9
19936,0.5744,0,NORMAL,19.5,6.7,18.1,13.8
19937,0.4456,0,NORMAL,19.9,5.7,17.2,13.3
19938,0.2949,0,NORMAL,19.7,4.4,14.8,11.8
19939,0.1894,0,NORMAL,19.1,3.6,12.6,10.8
19940,0.4256,0,NORMAL,21.1,4.9,17.9,13.9
19941,0.5688,0,NORMAL,23.0,5.7,22.2,14.7
19942,0.5364,0,NORMAL,23.2,6.3,20.7,16.2
19943,0.4649,0,NORMAL,23.1,4.8,21.0,15.5
19944,0.3824,0,NORMAL,21.2,3.3,13.9,10.9
19945,0.5839,0,NORMAL,24.2,6.5,21.1,17.1
19946,0.5364,0,NORMAL,23.9,5.0,18.2,14.4
19947,0.4582,0,NORMAL,22.5,5.2,17.3,13.0
19948,0.2738,0,NORMAL,18.7,3.1,13.5,12.0
19949,0.4432,0,NORMAL,17.8,3.9,19.1,15.0
19950,0.5688,0,NORMAL,20.0,5.5,20.5,16.1
19951,0.9668,0,WARNING,19.3,8.0,17.1,13.2
19952,0.3021,0,NORMAL,19.1,4.6,16.6,13.6
19953,0.4408,0,NORMAL,20.3,4.5,20.0,16.1
19954,0.2751,0,NORMAL,19.0,3.4,13.5,9.9
19955,0.2973,0,NORMAL,20.3,5.1,17.2,14.1
19956,0.6763,0,WARNING,23.6,6.4,21.6,16.9
19957,0.6262,0,WARNING,23.8,6.7,25.6,20.5
19958,0.4794,0,NORMAL,22.7,4.9,19.2,14.0
19959,0.6443,0,WARNING,22.3,4.6,13.9,10.4
19960,0.9999,0,WARNING,22.4,6.1,20.1,15.2
19961,0.5837,0,NORMAL,21.1,5.9,23.7,16.4
19962,0.3954,0,NORMAL,17.4,4.4,16.9,13.6
19963,0.2874,0,NORMAL,19.1,3.7,15.5,12.6
19964,0.2401,0,NORMAL,18.8,3.0,15.4,11.7
19965,0.3828,0,NORMAL,20.2,5.1,17.4,14.2
19966,0.5253,0,NORMAL,20.8,6.4,22.7,18.9
19967,0.397,0,NORMAL,19.8,4.7,20.7,13.4
19968,0.3116,0,NORMAL,19.6,3.5,16.1,13.6
19969,0.9114,0,WARNING,20.9,5.6,14.6,12.8
19970,0.4498,0,NORMAL,19.7,3.9,13.5,12.5
19971,0.8763,0,WARNING,21.4,6.3,26.4,16.4
19972,0.5865,0,NORMAL,21.8,5.4,23.4,16.8
19973,0.4407,0,NORMAL,21.6,4.7,20.5,16.3
19974,0.3962,0,NORMAL,17.9,4.8,18.7,14.9
19975,0.4672,0,NORMAL,16.6,6.3,17.7,14.5
19976,0.4685,0,NORMAL,18.2,6.3,18.1,15.0
19977,0.4762,0,NORMAL,19.8,6.3,23.1,17.4
19978,0.4761,0,NORMAL,19.4,5.0,20.6,17.3
19979,0.3959,0,NORMAL,18.7,4.0,15.1,13.3
19980,0.4667,0,NORMAL,20.1,5.8,18.6,14.2
19981,0.7574,0,WARNING,22.4,6.6,17.1,13.5
19982,0.231,0,NORMAL,22.9,5.3,16.4,12.8
19983,0.2713,0,NORMAL,23.6,4.0,13.5,10.6
19984,0.6083,0,WARNING,23.0,3.8,11.3,9.5
19985,0.2195,0,NORMAL,24.2,4.6,14.5,11.6
19986,0.4655,0,NORMAL,26.0,6.7,20.8,16.4
19987,0.3789,0,NORMAL,24.6,5.0,14.9,10.2
19988,0.4044,0,NORMAL,26.7,4.1,18.5,15.0
19989,0.2975,0,NORMAL,24.7,2.6,12.5,10.5
19990,0.3137,0,NORMAL,24.7,3.5,13.4,10.8
19991,0.3321,0,NORMAL,25.7,3.8,14.0,11.9
19992,0.3582,0,NORMAL,26.0,4.1,15.3,11.1
19993,0.3807,0,NORMAL,27.0,3.4,15.3,12.9
19994,0.8831,0,WARNING,23.9,6.2,20.4,15.7
19995,0.4254,0,NORMAL,22.1,6.4,19.2,14.0
19996,0.626,0,WARNING,22.7,4.9,19.3,12.6
19997,0.2802,0,NORMAL,23.0,5.0,16.8,12.7
19998,0.2513,0,NORMAL,23.7,3.8,15.3,12.0
19999,0.5024,0,NORMAL,25.6,4.4,18.3,14.9
20000,0.4943,0,NORMAL,24.1,4.4,17.7,13.7
20001,0.489,0,NORMAL,24.6,6.6,18.3,13.4
20002,0.3111,0,NORMAL,24.5,4.1,14.8,11.0
20003,0.5055,0,NORMAL,26.7,4.7,22.4,17.2
20004,0.5013,0,NORMAL,26.6,4.6,23.7,16.7
20005,0.5767,0,NORMAL,27.5,6.5,21.0,15.4
20006,0.4078,0,NORMAL,26.9,6.7,19.2,14.1
20007,0.4275,0,NORMAL,26.8,4.8,17.8,14.6
20008,0.2985,0,NORMAL,22.7,2.3,11.7,8.5
20009,0.2966,0,NORMAL,21.4,3.8,15.6,12.7
20010,0.178,1,NORMAL,21.9,4.5,15.0,11.4
20011,0.7957,1,WARNING,23.4,6.9,15.6,11.5
20012,0.2646,1,NORMAL,23.1,4.4,15.3,11.8
20013,0.3038,1,NORMAL,24.6,4.3,17.1,13.4
20014,0.4841,1,NORMAL,26.9,4.4,17.7,12.9
20015,1.0,1,ANOMALY,35.1,10.2,28.4,19.3
20016,1.0,1,ANOMALY,40.4,19.9,24.4,14.5
20017,0.9888,1,WARNING,32.1,9.2,25.8,17.8
20018,0.494,1,NORMAL,25.7,4.6,16.1,11.0
20019,0.9441,1,WARNING,24.4,4.0,10.8,8.9
20020,0.3925,1,NORMAL,25.0,4.2,12.6,10.5
20021,0.3715,1,NORMAL,24.6,5.1,15.8,12.9
20022,0.3492,1,NORMAL,21.8,4.3,15.7,13.4
20023,0.3708,1,NORMAL,18.9,3.7,16.7,14.7
20024,0.3038,1,NORMAL,18.1,3.2,14.8,12.4
20025,0.306,1,NORMAL,19.0,3.8,14.7,12.1
20026,0.5831,0,NORMAL,20.7,5.5,18.0,13.4
20027,0.4719,0,NORMAL,20.2,6.4,20.1,16.1
20028,0.3008,0,NORMAL,19.4,3.1,13.0,11.0
20029,0.5532,0,NORMAL,22.7,4.8,17.5,13.8
20030,0.383,0,NORMAL,21.7,4.8,18.5,15.7
20031,0.2648,0,NORMAL,21.9,4.2,18.0,13.2
20032,0.4763,0,NORMAL,23.0,5.2,22.9,16.8
20033,0.5291,0,NORMAL,24.0,5.3,25.7,18.7
20034,0.425,0,NORMAL,23.1,4.0,20.4,15.2
20035,0.3365,0,NORMAL,21.2,5.2,16.2,11.7
20036,0.711,0,WARNING,20.9,6.9,18.4,14.8
20037,0.4041,0,NORMAL,20.5,5.5,22.2,15.7
20038,0.2725,0,NORMAL,18.8,2.8,11.4,8.6
20039,0.2277,0,NORMAL,20.4,3.5,14.4,12.0
20040,0.1835,0,NORMAL,18.1,4.1,13.8,10.1
20041,0.3907,0,NORMAL,18.1,6.0,16.1,11.6
20042,0.2788,0,NORMAL,18.0,4.2,15.0,10.4
20043,0.2041,0,NORMAL,19.0,4.1,14.4,11.3
20044,0.1608,0,NORMAL,19.6,3.6,13.1,10.6
20045,0.288,0,NORMAL,21.0,3.6,13.4,10.7
20046,0.7727,0,WARNING,20.0,6.0,12.4,8.6
20047,0.7128,0,WARNING,19.8,4.9,13.5,11.1
20048,0.2234,0,NORMAL,20.4,2.6,12.6,10.2
20049,0.1353,0,NORMAL,20.4,3.2,10.9,9.1
20050,0.2492,0,NORMAL,21.4,3.8,14.4,12.5
20051,0.537,0,NORMAL,24.0,5.5,21.6,16.3
20052,0.4335,0,NORMAL,21.2,4.0,13.4,10.1
20053,0.2617,0,NORMAL,22.7,2.5,9.6,7.5
20054,0.1754,0,NORMAL,20.8,2.0,9.5,8.6
20055,0.5641,0,NORMAL,18.1,3.8,11.5,10.7
20056,0.5063,0,NORMAL,14.9,5.4,11.7,8.6
20057,0.9836,0,WARNING,16.5,4.1,10.0,8.9
20058,0.8883,0,WARNING,18.3,4.6,22.7,14.9
20059,0.5015,0,NORMAL,19.7,5.3,23.6,17.5
20060,1.0,0,ANOMALY,23.9,14.9,27.1,19.8
20061,0.512,0,NORMAL,20.7,6.2,20.5,14.6
20062,0.2922,0,NORMAL,19.2,4.2,14.8,11.2
20063,0.2041,0,NORMAL,19.7,3.2,13.9,10.6
20064,0.2115,0,NORMAL,19.8,3.5,14.5,11.5
20065,0.2401,0,NORMAL,20.5,5.1,15.7,11.7
20066,0.4948,0,NORMAL,22.3,6.8,20.1,13.7
20067,0.3985,0,NORMAL,20.8,4.0,16.1,12.6
20068,0.2013,0,NORMAL,20.0,3.1,10.6,8.3
20069,0.142,0,NORMAL,19.3,2.9,10.9,9.3
20070,0.675,0,WARNING,16.5,4.8,12.7,10.2
20071,0.5137,0,NORMAL,17.6,4.7,22.3,17.0
20072,0.4118,0,NORMAL,16.7,3.5,11.4,8.8
20073,0.136,0,NORMAL,17.3,2.8,10.9,9.3
20074,0.3679,0,NORMAL,18.7,3.9,17.7,14.3
20075,0.1789,0,NORMAL,19.3,3.7,14.3,10.8
20076,0.5009,0,NORMAL,19.3,6.6,17.3,13.1
20077,0.1955,0,NORMAL,19.4,4.1,13.2,9.9
20078,0.2744,0,NORMAL,20.0,3.6,15.0,12.7
20079,0.1641,0,NORMAL,19.3,2.6,9.6,7.8
20080,0.2622,0,NORMAL,21.1,4.2,11.6,8.7
20081,0.2882,0,NORMAL,21.5,4.8,16.0,12.8
20082,0.28,0,NORMAL,21.1,3.5,14.0,12.5
20083,0.1651,0,NORMAL,20.2,2.5,10.5,9.0
20084,0.1638,0,NORMAL,18.6,2.2,10.9,8.6
20085,0.4437,0,NORMAL,18.2,4.2,18.1,15.3
20086,0.499,0,NORMAL,17.6,6.9,17.2,13.0
20087,0.2874,0,NORMAL,18.3,4.3,15.1,13.2
20088,0.3706,0,NORMAL,18.0,3.8,16.0,14.7
20089,0.4441,0,NORMAL,19.0,3.5,17.0,15.4
20090,0.2489,0,NORMAL,18.7,3.6,15.5,12.8
20091,0.3249,0,NORMAL,19.5,5.0,18.1,14.8
20092,0.3728,0,NORMAL,20.1,5.2,20.1,15.7
20093,0.26,0,NORMAL,20.4,3.5,14.8,11.2
20094,0.2436,0,NORMAL,19.9,2.8,16.0,11.9
20095,0.4271,0,NORMAL,20.4,3.9,15.0,10.1
20096,0.6555,0,WARNING,21.0,6.1,15.3,12.1
20097,0.2793,0,NORMAL,21.2,4.9,14.5,11.5
20098,0.1698,0,NORMAL,17.7,2.9,12.5,10.2
20099,0.5135,0,NORMAL,14.7,3.8,10.9,9.0
20100,0.2721,0,NORMAL,11.4,3.2,7.9,5.6
20101,0.2404,0,NORMAL,11.3,5.5,15.3,11.6
20102,0.3122,0,NORMAL,13.0,3.6,14.3,11.4
20103,0.2005,0,NORMAL,12.7,2.7,11.4,9.2
20104,0.1701,0,NORMAL,12.2,2.3,8.4,6.6
20105,0.1814,0,NORMAL,12.5,2.4,8.3,7.1
20106,0.5197,0,NORMAL,12.6,4.9,10.6,9.1
20107,0.1226,0,NORMAL,13.8,4.1,11.0,8.5
20108,0.1824,0,NORMAL,12.7,3.1,8.4,7.0
20109,0.174,0,NORMAL,14.2,2.1,7.0,6.7
20110,0.1717,0,NORMAL,13.1,3.7,9.2,7.4
20111,0.1631,0,NORMAL,13.8,3.7,9.4,7.8
20112,0.1317,0,NORMAL,14.5,3.0,10.5,9.3
20113,0.1918,0,NORMAL,14.0,1.9,7.1,5.9
20114,0.1614,0,NORMAL,15.7,2.9,10.1,8.5
20115,0.2366,0,NORMAL,15.4,4.4,14.1,12.3
20116,0.5167,0,NORMAL,15.2,4.8,11.2,9.0
20117,0.1587,0,NORMAL,16.3,4.2,11.3,9.5
20118,0.1594,0,NORMAL,11.4,2.2,6.4,6.8
20119,0.242,0,NORMAL,9.4,3.4,11.2,8.4
20120,0.8807,0,WARNING,10.3,4.3,9.0,7.1
20121,0.2039,0,NORMAL,11.5,4.3,10.4,7.6
20122,0.1352,0,NORMAL,12.4,3.4,13.9,9.9
20123,0.627,0,WARNING,13.7,3.7,20.4,13.3
20124,0.3179,0,NORMAL,14.3,3.3,15.3,11.7
20125,0.2123,0,NORMAL,14.1,4.1,14.6,11.2
20126,0.5045,0,NORMAL,14.5,5.7,13.8,10.8
20127,0.1616,0,NORMAL,14.5,3.4,12.7,10.1
20128,0.1803,0,NORMAL,13.4,2.2,6.7,5.5
20129,0.1582,0,NORMAL,15.0,2.2,8.6,7.7
20130,0.1182,0,NORMAL,14.7,3.6,10.7,8.4
20131,0.1062,0,NORMAL,15.1,3.9,13.0,8.9
20132,0.1887,0,NORMAL,14.6,3.2,9.2,7.9
20133,0.1504,0,NORMAL,14.6,2.7,10.1,8.3
20134,0.1422,0,NORMAL,15.2,4.2,11.4,6.2
20135,0.1668,0,NORMAL,15.5,3.8,9.6,8.2
20136,0.6011,0,WARNING,12.1,5.3,11.4,9.6
20137,0.2464,0,NORMAL,9.7,3.6,10.3,8.1
20138,0.1882,0,NORMAL,9.9,2.0,6.3,5.8
20139,0.1954,0,NORMAL,10.5,1.7,6.4,7.1
20140,0.1306,0,NORMAL,11.2,2.9,8.5,7.0
20141,0.1155,0,NORMAL,12.0,3.7,7.8,6.2
20142,0.0991,0,NORMAL,12.1,3.2,9.2,8.6
20143,0.1209,0,NORMAL,12.5,2.4,8.1,7.5
20144,0.1548,0,NORMAL,12.0,1.9,6.3,5.8
20145,0.1093,0,NORMAL,12.8,3.1,9.2,8.8
20146,0.5244,0,NORMAL,13.1,5.5,9.8,8.2
20147,0.1778,0,NORMAL,12.9,2.8,7.8,6.4
20148,0.1997,0,NORMAL,12.7,1.6,5.0,4.9
20149,0.1803,0,NORMAL,13.4,2.6,8.2,7.1
20150,0.1459,0,NORMAL,14.0,3.6,11.1,9.7
20151,0.8762,0,WARNING,14.2,5.7,11.9,9.8
20152,0.1485,0,NORMAL,13.7,3.3,9.7,8.4
20153,0.1959,0,NORMAL,14.6,3.0,12.2,11.8
20154,0.1566,0,NORMAL,14.2,2.3,9.4,8.0
20155,0.1791,0,NORMAL,12.6,3.7,13.2,10.6
20156,0.5124,0,NORMAL,10.4,5.9,15.8,13.2
20157,0.2291,0,NORMAL,11.1,3.2,10.3,7.7
20158,0.1463,0,NORMAL,11.5,2.4,9.5,8.4
20159,0.1854,0,NORMAL,11.9,2.7,9.7,8.2
20160,0.1315,0,NORMAL,12.6,2.7,8.5,7.0
20161,0.3138,0,NORMAL,16.7,5.2,13.1,9.8
20162,0.3192,0,NORMAL,17.3,2.7,10.0,8.3
20163,0.7133,0,WARNING,17.2,3.4,8.4,7.2
20164,0.1938,0,NORMAL,16.7,1.5,5.4,4.6
20165,0.1944,0,NORMAL,18.4,4.7,13.8,10.4
20166,0.5185,0,NORMAL,17.8,4.5,9.3,7.7
20167,0.166,0,NORMAL,18.0,2.4,8.4,7.2
20168,0.1841,0,NORMAL,17.9,1.8,6.1,5.7
20169,0.1743,0,NORMAL,19.1,3.1,12.4,8.8
20170,0.2076,0,NORMAL,20.6,3.6,11.5,9.7
20171,0.2059,0,NORMAL,19.9,4.0,10.5,8.5
20172,0.1513,0,NORMAL,19.7,3.2,8.6,6.4
20173,0.1653,0,NORMAL,20.3,2.5,12.1,8.6
20174,0.17,0,NORMAL,19.9,2.4,8.0,6.4
20175,0.1175,0,NORMAL,20.5,3.4,9.7,8.6
20176,0.5175,0,NORMAL,21.4,5.5,10.9,8.9
20177,0.5083,0,NORMAL,22.4,7.0,17.5,12.0
20178,0.3305,0,NORMAL,21.0,3.2,8.8,6.9
20179,0.1232,0,NORMAL,17.7,2.7,8.4,7.5
20180,0.2446,0,NORMAL,15.5,3.6,10.5,7.2
20181,0.1677,0,NORMAL,15.4,2.9,7.1,5.6
20182,0.2827,0,NORMAL,16.5,3.8,10.0,8.3
20183,0.1432,0,NORMAL,17.5,2.2,8.7,7.7
20184,0.1791,0,NORMAL,16.6,1.6,6.8,5.9
20185,0.149,0,NORMAL,18.1,3.9,11.1,9.2
20186,0.6074,0,WARNING,19.8,6.3,19.0,15.5
20187,0.3459,0,NORMAL,19.5,4.1,15.1,10.3
20188,0.2513,0,NORMAL,20.2,3.9,15.3,11.7
20189,0.1793,0,NORMAL,19.6,2.2,8.6,7.8
20190,0.1424,0,NORMAL,20.5,3.7,11.6,9.6
20191,0.2074,0,NORMAL,21.3,4.3,14.2,10.8
20192,0.192,0,NORMAL,20.2,4.2,11.5,8.0
20193,0.1342,0,NORMAL,20.4,3.0,10.4,9.2
20194,0.1861,0,NORMAL,19.6,2.0,7.7,6.4
20195,0.1503,0,NORMAL,21.1,4.2,12.2,9.4
20196,0.6728,0,WARNING,21.4,6.3,13.4,8.9
20197,0.2631,0,NORMAL,19.0,2.7,9.4,8.5
20198,0.1646,0,NORMAL,16.0,2.4,10.5,9.3
20199,0.2744,0,NORMAL,16.9,4.2,16.3,12.2
20200,0.2793,0,NORMAL,17.6,5.4,17.9,13.2
20201,0.2981,0,NORMAL,17.2,3.5,10.6,8.1
20202,0.2357,0,NORMAL,19.1,3.5,13.3,11.0
20203,0.1694,0,NORMAL,18.4,3.2,12.8,10.5
20204,0.1475,0,NORMAL,19.0,2.1,9.8,8.4
20205,0.1343,0,NORMAL,19.6,3.9,12.0,10.5
20206,0.5997,0,NORMAL,20.9,6.5,17.6,14.9
20207,0.3011,0,NORMAL,18.7,3.3,11.0,9.0
20208,0.6074,0,WARNING,19.3,2.4,12.3,7.7
20209,0.1343,0,NORMAL,20.0,3.1,11.6,9.6
20210,0.3251,0,NORMAL,20.9,4.8,17.1,14.9
20211,0.3729,0,NORMAL,21.5,5.6,19.7,16.0
20212,0.313,0,NORMAL,20.2,3.0,13.1,10.9
20213,0.5972,0,NORMAL,18.3,3.6,15.5,10.0
20214,0.463,0,NORMAL,18.3,4.1,20.4,16.7
20215,0.5626,0,NORMAL,19.9,4.7,24.2,18.4
20216,0.9917,0,WARNING,18.7,7.4,15.7,12.3
20217,0.2588,0,NORMAL,18.4,3.4,14.0,12.5
20218,0.3038,0,NORMAL,18.8,3.3,15.7,13.0
20219,0.1826,0,NORMAL,19.5,2.9,13.6,9.4
20220,0.2398,0,NORMAL,15.1,4.4,15.1,12.0
20221,0.8455,0,WARNING,12.0,6.2,14.5,10.8
20222,0.3115,0,NORMAL,12.5,3.8,16.0,13.1
20223,0.1705,0,NORMAL,12.4,2.4,13.7,8.8
20224,0.9787,0,WARNING,12.8,3.7,23.9,12.4
20225,0.4841,0,NORMAL,15.5,5.6,18.7,14.5
20226,0.7655,0,WARNING,14.3,5.3,11.9,8.9
20227,0.3802,0,NORMAL,15.4,5.1,15.4,12.1
20228,0.2521,0,NORMAL,15.4,3.4,15.3,11.7
20229,0.2285,0,NORMAL,15.3,3.1,16.0,11.5
20230,0.1549,0,NORMAL,15.0,3.8,13.8,8.9
20231,0.1874,0,NORMAL,15.9,3.5,14.2,11.1
20232,0.1789,0,NORMAL,15.2,4.4,14.5,10.8
20233,0.235,0,NORMAL,16.4,3.1,12.8,9.9
20234,0.1782,0,NORMAL,16.4,3.2,10.5,7.9
20235,0.3883,0,NORMAL,14.5,5.3,18.3,15.2
20236,0.6623,0,WARNING,11.2,6.4,12.9,9.2
20237,0.135,0,NORMAL,11.7,4.0,12.7,10.3
20238,0.1351,0,NORMAL,11.9,3.8,12.2,10.0
20239,0.0795,0,NORMAL,12.8,3.3,10.5,8.8
20240,0.1486,0,NORMAL,14.2,4.0,12.9,8.8
20241,0.1789,0,NORMAL,15.1,3.1,10.3,8.2
20242,0.196,0,NORMAL,13.9,3.4,11.5,7.7
20243,0.1589,0,NORMAL,14.6,3.0,11.9,9.6
20244,0.2523,0,NORMAL,15.2,2.3,14.8,10.8
20245,0.3833,0,NORMAL,15.3,4.7,17.9,14.8
20246,0.7261,0,WARNING,17.2,7.0,23.3,17.8
20247,0.4009,0,NORMAL,16.1,4.3,18.1,13.6
20248,0.2686,0,NORMAL,14.8,2.3,11.5,7.7
20249,0.162,0,NORMAL,15.5,2.6,10.1,8.6
20250,0.2677,0,NORMAL,16.9,4.4,15.7,12.6
20251,0.5769,0,NORMAL,15.7,5.1,23.0,18.6
20252,0.4587,0,NORMAL,12.2,4.3,17.0,12.3
20253,0.2307,0,NORMAL,12.8,3.0,12.5,9.4
20254,0.1876,0,NORMAL,13.1,2.3,9.3,7.8
20255,0.2884,0,NORMAL,14.9,4.7,12.6,9.5
20256,0.666,0,WARNING,15.6,6.5,16.0,12.4
20257,0.4821,0,NORMAL,15.7,5.1,21.8,14.3
20258,0.4502,0,NORMAL,16.3,5.1,20.6,15.9
20259,0.2971,0,NORMAL,16.1,3.5,16.7,12.5
20260,0.2134,0,NORMAL,15.9,4.9,16.1,11.6
20261,0.3572,0,NORMAL,17.5,4.0,17.5,14.0
20262,0.4231,0,NORMAL,17.8,5.3,21.9,15.7
20263,0.2886,0,NORMAL,17.3,2.8,12.6,9.9
20264,0.3534,0,NORMAL,17.8,3.2,16.1,13.4
20265,0.2348,0,NORMAL,16.1,3.9,13.3,10.5
20266,0.4994,0,NORMAL,12.6,6.5,16.5,13.2
20267,0.4078,0,NORMAL,12.0,5.1,19.4,15.9
20268,0.3165,0,NORMAL,11.4,3.6,12.1,10.8
20269,0.131,0,NORMAL,12.3,3.0,11.4,10.0
20270,0.2862,0,NORMAL,13.4,4.2,15.2,13.5
20271,0.426,0,NORMAL,15.3,5.0,16.4,14.3
20272,0.3528,0,NORMAL,14.5,5.7,18.1,14.5
20273,0.2635,0,NORMAL,14.3,3.4,12.8,10.1
20274,0.4836,0,NORMAL,14.7,3.2,10.9,9.6
20275,0.6169,0,WARNING,15.5,5.7,20.2,14.2
20276,0.6491,0,WARNING,15.7,6.4,18.3,13.7
20277,0.2824,0,NORMAL,15.9,5.7,17.2,13.4
20278,0.3258,0,NORMAL,15.8,3.9,16.5,13.7
20279,0.2877,0,NORMAL,14.4,3.2,12.2,9.6
20280,0.378,0,NORMAL,14.5,5.8,18.6,13.1
20281,0.2879,0,NORMAL,17.4,5.3,16.4,12.6
20282,0.316,0,NORMAL,17.0,3.9,14.3,11.7
20283,0.3569,0,NORMAL,18.7,3.6,11.9,9.6
20284,0.3957,0,NORMAL,17.2,2.7,8.8,7.6
20285,0.1473,0,NORMAL,17.9,2.9,9.2,8.1
20286,0.8151,0,WARNING,18.0,5.1,11.7,9.6
20287,0.3391,0,NORMAL,20.1,5.2,19.2,14.0
20288,0.2831,0,NORMAL,19.3,3.4,14.5,10.1
20289,0.1864,0,NORMAL,18.9,2.5,11.8,9.0
20290,0.1615,0,NORMAL,18.6,2.9,9.6,8.0
20291,0.2081,0,NORMAL,20.2,5.1,15.2,10.9
20292,0.2827,0,NORMAL,19.5,3.6,14.1,8.8
20293,0.9332,0,WARNING,19.3,3.8,7.7,7.1
20294,0.2196,0,NORMAL,20.5,3.8,15.5,11.1
20295,0.1949,0,NORMAL,20.7,3.9,14.1,11.2
20296,0.3894,0,NORMAL,18.4,6.4,15.2,11.6
20297,0.2319,0,NORMAL,16.1,4.4,12.4,9.8
20298,0.2591,0,NORMAL,18.0,4.1,14.9,12.5
20299,0.1769,0,NORMAL,17.3,2.8,9.6,8.5
20300,0.2592,0,NORMAL,17.9,4.1,16.7,12.6
20301,0.1844,0,NORMAL,18.0,3.6,12.5,8.6
20302,0.282,0,NORMAL,19.6,4.0,15.3,12.4
20303,0.1784,0,NORMAL,19.9,3.7,13.1,10.1
20304,0.1628,0,NORMAL,19.4,2.7,10.9,8.4
20305,0.1454,0,NORMAL,19.4,3.3,11.3,8.4
20306,0.5129,0,NORMAL,20.4,7.3,18.3,12.5
20307,0.6789,0,WARNING,22.3,6.0,28.8,20.4
20308,0.7991,0,WARNING,26.1,7.8,38.1,27.4
20309,0.7164,0,WARNING,24.7,6.6,31.8,23.6
20310,0.5294,0,NORMAL,19.5,5.5,18.6,12.0
20311,0.3338,0,NORMAL,16.9,3.1,10.7,8.0
20312,0.1817,0,NORMAL,18.5,2.9,12.1,8.9
20313,0.182,0,NORMAL,18.5,2.7,10.0,7.8
20314,0.2968,0,NORMAL,20.4,3.5,15.7,12.2
20315,0.405,0,NORMAL,21.8,4.9,17.8,13.5
20316,0.5096,0,NORMAL,22.0,7.6,23.9,18.1
20317,0.4003,0,NORMAL,21.3,5.0,15.1,9.8
20318,0.2743,0,NORMAL,20.8,3.6,15.6,12.1
20319,0.1847,0,NORMAL,20.8,2.7,12.2,10.0
20320,0.1931,0,NORMAL,21.6,4.5,13.9,11.0
20321,0.2234,0,NORMAL,21.6,3.5,12.2,9.6
20322,0.2745,0,NORMAL,22.1,3.8,15.2,12.2
20323,0.2358,0,NORMAL,22.1,2.8,14.1,11.1
20324,0.2066,0,NORMAL,21.8,2.6,14.9,10.5
20325,0.2618,0,NORMAL,20.1,3.9,14.6,12.1
20326,0.505,0,NORMAL,17.1,5.8,16.5,13.1
20327,0.2873,0,NORMAL,16.8,4.0,13.4,11.5
20328,0.2197,0,NORMAL,16.9,3.2,14.1,12.3
20329,0.5482,0,NORMAL,20.0,5.1,22.2,18.0
20330,0.3749,1,NORMAL,18.9,4.4,19.0,14.7
20331,0.379,1,NORMAL,20.4,5.6,20.9,15.0
20332,0.3602,1,NORMAL,21.2,5.2,18.7,13.7
20333,0.6529,1,WARNING,21.3,4.9,21.6,16.1
20334,0.5196,1,NORMAL,23.2,4.1,22.6,16.3
20335,0.8302,1,WARNING,27.8,5.6,19.7,13.2
20336,0.8696,1,WARNING,29.5,8.6,27.4,17.1
20337,0.9331,1,WARNING,35.0,7.9,25.7,14.6
20338,1.0,1,ANOMALY,32.4,13.3,18.0,13.0
20339,0.476,1,NORMAL,20.1,3.8,13.7,10.4
20340,0.3722,1,NORMAL,18.0,3.9,11.3,8.8
20341,0.3585,1,NORMAL,17.7,5.2,13.4,10.0
20342,0.366,0,NORMAL,19.5,5.2,20.6,14.5
20343,0.2823,0,NORMAL,19.4,2.8,12.9,9.1
20344,0.2409,0,NORMAL,18.8,2.4,9.4,7.6
20345,0.202,0,NORMAL,19.4,3.5,11.3,8.9
20346,0.6683,0,WARNING,20.2,6.3,12.5,8.5
20347,0.2115,0,NORMAL,21.5,3.6,13.5,11.3
20348,0.2033,0,NORMAL,20.6,3.4,14.3,11.0
20349,0.1671,0,NORMAL,20.6,2.8,11.9,9.4
20350,0.1687,0,NORMAL,20.2,3.4,9.6,7.3
20351,0.1308,0,NORMAL,21.8,4.5,13.7,10.7
20352,0.2476,0,NORMAL,21.4,3.5,11.3,8.6
20353,0.1828,0,NORMAL,20.7,2.2,6.4,5.2
20354,0.174,0,NORMAL,20.5,2.9,8.7,7.5
20355,0.2359,0,NORMAL,21.9,4.8,14.9,12.5
20356,0.7281,0,WARNING,18.2,6.2,13.7,10.3
20357,0.7024,0,WARNING,15.2,4.1,16.0,9.7
20358,0.2344,0,NORMAL,16.4,3.0,11.5,9.2
20359,0.1757,0,NORMAL,16.8,3.9,12.6,9.7
20360,0.3919,0,NORMAL,19.7,4.2,18.2,14.1
20361,0.2754,0,NORMAL,18.7,3.8,10.5,7.2
20362,0.1627,0,NORMAL,18.4,3.9,10.2,7.2
20363,0.1785,0,NORMAL,18.7,2.3,7.4,5.7
20364,0.162,0,NORMAL,18.6,3.0,10.0,7.6
20365,0.2116,0,NORMAL,20.3,3.5,13.4,10.9
20366,0.411,0,NORMAL,21.4,6.5,20.8,14.4
20367,0.395,0,NORMAL,21.7,4.9,17.1,12.2
20368,0.2956,0,NORMAL,20.7,2.5,14.9,10.8
20369,0.5869,0,NORMAL,21.4,4.6,18.2,10.2
20370,0.2185,0,NORMAL,20.4,3.8,14.6,9.4
20371,0.4317,0,NORMAL,22.4,5.0,20.1,15.8
20372,0.2716,0,NORMAL,21.7,3.6,13.5,9.7
20373,0.1866,0,NORMAL,19.3,3.0,13.0,10.4
20374,0.1926,0,NORMAL,16.0,3.2,12.7,8.4
20375,0.2033,0,NORMAL,16.6,4.2,13.6,11.1
20376,0.4002,0,NORMAL,16.0,3.8,8.8,7.9
20377,0.2668,0,NORMAL,17.6,4.0,14.0,11.7
20378,0.1627,0,NORMAL,17.7,2.6,9.1,7.5
20379,0.1513,0,NORMAL,17.9,2.7,10.5,9.0
20380,0.1717,0,NORMAL,18.5,4.0,12.6,9.5
20381,0.4463,0,NORMAL,21.0,6.2,20.0,14.6
20382,0.3715,0,NORMAL,19.0,2.7,10.1,6.7
20383,0.143,0,NORMAL,18.9,2.2,7.7,6.2
20384,0.1421,0,NORMAL,19.4,2.9,10.7,9.1
20385,0.2278,0,NORMAL,20.1,4.4,15.9,12.3
20386,0.5124,0,NORMAL,20.3,6.1,15.9,12.2
20387,0.2743,0,NORMAL,20.9,5.4,17.7,13.1
20388,0.2704,0,NORMAL,21.1,3.8,17.3,12.3
20389,0.4256,0,NORMAL,22.4,4.8,21.2,14.6
20390,0.3368,0,NORMAL,17.4,3.1,12.7,10.4
20391,0.262,0,NORMAL,17.0,4.7,14.2,10.9
20392,0.1865,0,NORMAL,17.1,4.9,15.4,11.6
20393,0.1539,0,NORMAL,17.4,3.4,10.7,8.0
20394,0.1745,0,NORMAL,18.1,4.2,13.3,10.2
20395,0.1393,0,NORMAL,19.0,3.5,13.0,9.7
20396,0.5913,0,NORMAL,18.8,5.6,13.1,10.6
20397,0.2642,0,NORMAL,18.9,3.7,12.6,8.1
20398,0.1492,0,NORMAL,19.0,2.2,8.6,7.8
20399,0.1469,0,NORMAL,19.2,3.7,11.7,9.1
20400,0.1216,0,NORMAL,14.9,4.0,12.5,9.1
20401,0.3186,0,NORMAL,12.4,5.5,18.0,13.1
20402,0.3143,0,NORMAL,12.8,3.7,14.8,11.2
20403,0.3833,0,NORMAL,14.9,3.7,18.9,12.5
20404,0.2864,0,NORMAL,13.7,3.2,11.0,7.6
20405,0.1374,0,NORMAL,14.0,3.7,10.4,8.1
20406,0.5066,0,NORMAL,14.4,6.3,13.7,9.8
20407,0.1368,0,NORMAL,14.5,3.0,8.8,6.7
20408,0.319,0,NORMAL,15.3,4.1,16.1,12.9
20409,0.4462,0,NORMAL,17.8,4.1,12.5,8.0
20410,0.6658,0,WARNING,17.2,6.8,13.1,9.2
20411,0.1862,0,NORMAL,15.1,3.7,9.6,7.2
20412,0.1874,0,NORMAL,16.3,4.1,13.8,11.1
20413,0.146,0,NORMAL,15.7,3.2,11.1,8.4
20414,0.1502,0,NORMAL,16.1,2.6,10.4,8.1
20415,0.2744,0,NORMAL,16.5,4.6,14.8,11.6
20416,0.5084,0,NORMAL,15.3,5.0,8.0,5.7
20417,0.1789,0,NORMAL,14.6,4.4,13.0,10.7
20418,0.3667,0,NORMAL,12.9,4.8,19.1,14.6
20419,0.289,0,NORMAL,11.6,3.7,13.8,10.3
20420,0.1712,0,NORMAL,11.6,3.8,12.3,8.8
20421,0.1447,0,NORMAL,12.1,3.1,12.0,8.6
20422,0.6306,0,WARNING,15.6,7.0,28.8,20.3
20423,0.9736,0,WARNING,15.0,7.2,19.6,13.1
20424,0.297,0,NORMAL,14.6,3.1,17.6,11.7
20425,0.2228,0,NORMAL,14.3,3.4,12.1,8.3
20426,0.4974,0,NORMAL,14.6,5.3,12.5,9.1
20427,0.2712,0,NORMAL,15.0,5.2,14.5,10.4
20428,0.1501,0,NORMAL,14.2,1.7,7.4,5.7
20429,0.1469,0,NORMAL,14.9,2.8,10.5,8.5
20430,0.153,0,NORMAL,15.2,3.7,13.8,9.8
20431,0.1262,0,NORMAL,15.6,4.3,13.1,9.1
20432,0.2309,0,NORMAL,14.8,4.9,13.2,8.5
20433,0.1213,0,NORMAL,15.5,2.7,9.5,8.2
20434,0.1337,0,NORMAL,15.0,3.3,10.3,8.1
20435,0.1485,0,NORMAL,14.9,3.6,10.0,7.5
20436,0.4107,0,NORMAL,12.0,5.9,12.3,9.4
20437,0.1485,0,NORMAL,11.2,3.3,10.3,8.3
20438,0.1297,0,NORMAL,12.4,3.3,12.4,9.2
20439,0.2285,0,NORMAL,13.7,4.2,14.9,11.3
20440,0.7758,0,WARNING,13.3,5.0,11.0,7.3
20441,0.1365,0,NORMAL,14.6,3.5,11.3,8.4
20442,0.3028,0,NORMAL,14.4,5.0,14.0,10.4
20443,0.1288,0,NORMAL,13.9,2.4,8.7,6.9
20444,0.1163,0,NORMAL,14.4,2.1,6.7,5.2
20445,0.1728,0,NORMAL,14.7,4.8,11.8,9.9
20446,0.9859,0,WARNING,16.6,7.7,13.5,10.0
20447,0.2594,0,NORMAL,15.6,4.5,12.7,10.1
20448,0.1265,0,NORMAL,15.1,2.7,9.4,8.4
20449,0.1039,0,NORMAL,15.5,2.5,9.2,8.1
20450,0.9165,0,WARNING,16.0,6.9,17.1,12.6
20451,0.2402,0,NORMAL,16.4,4.7,14.3,10.5
20452,0.2697,0,NORMAL,16.1,5.5,15.1,11.5
20453,0.2617,0,NORMAL,15.0,4.8,16.1,12.3
20454,0.2567,0,NORMAL,11.9,2.4,9.9,7.8
20455,0.1352,0,NORMAL,12.4,3.9,12.2,10.0
20456,0.8105,0,WARNING,12.7,6.1,19.3,12.0
20457,0.2825,0,NORMAL,13.5,4.4,15.2,12.7
20458,0.5433,0,NORMAL,13.6,3.9,17.5,12.0
20459,0.1895,0,NORMAL,13.9,3.4,14.1,9.0
20460,0.1171,0,NORMAL,10.5,2.5,8.2,7.1
20461,0.2994,0,NORMAL,10.9,5.7,16.0,12.4
20462,0.1794,0,NORMAL,11.8,3.0,11.7,8.9
20463,0.1074,0,NORMAL,11.8,2.2,8.2,7.2
20464,0.1434,0,NORMAL,12.0,2.8,9.5,7.3
20465,0.9626,0,WARNING,12.7,4.7,9.0,6.5
20466,0.6059,0,WARNING,13.6,5.8,11.4,9.2
20467,0.1756,0,NORMAL,13.9,3.7,10.1,7.7
20468,0.098,0,NORMAL,13.8,2.3,9.1,8.3
20469,0.0892,0,NORMAL,14.0,3.3,11.2,8.7
20470,0.1704,0,NORMAL,14.2,3.4,12.9,10.2
20471,0.1038,0,NORMAL,14.1,3.2,9.0,6.6
20472,0.1993,0,NORMAL,15.4,4.7,13.0,9.3
20473,0.9999,0,WARNING,15.5,7.0,8.1,6.4
20474,0.162,0,NORMAL,15.0,2.0,7.3,6.3
20475,0.1443,0,NORMAL,16.3,4.6,13.0,11.3
20476,0.6698,0,WARNING,16.9,7.0,15.0,11.1
20477,0.9306,0,WARNING,18.8,6.6,12.9,9.6
20478,0.3595,0,NORMAL,17.2,4.1,10.3,8.2
20479,0.126,0,NORMAL,13.8,3.4,12.8,9.3
20480,0.9154,0,WARNING,10.5,6.3,12.3,9.0
20481,0.2076,0,NORMAL,12.9,4.7,11.8,7.9
20482,0.1925,0,NORMAL,12.8,2.9,9.6,8.2
20483,0.9621,0,WARNING,12.7,4.8,8.7,6.7
20484,0.0886,0,NORMAL,12.6,3.2,10.6,6.6
20485,0.0823,0,NORMAL,13.7,3.7,11.8,8.4
20486,0.6725,0,WARNING,14.5,6.5,12.6,9.7
20487,0.8761,0,WARNING,14.0,5.2,9.6,7.5
20488,0.5771,0,NORMAL,13.6,2.2,11.7,7.2
20489,0.1198,0,NORMAL,14.8,2.2,6.8,5.7
20490,0.1197,0,NORMAL,14.7,2.9,8.9,7.7
20491,0.7681,0,WARNING,14.7,3.1,8.4,6.7
20492,0.8789,0,WARNING,14.7,4.6,7.7,6.2
20493,0.8209,0,WARNING,14.5,3.8,5.1,4.3
20494,0.1436,0,NORMAL,14.5,2.1,6.6,5.3
20495,0.1264,0,NORMAL,14.7,3.1,8.9,6.9
20496,0.6816,0,WARNING,15.2,5.6,10.2,8.4
20497,0.8212,0,WARNING,15.4,5.3,11.6,10.1
20498,0.2211,0,NORMAL,15.3,3.0,11.3,8.6
20499,0.1189,0,NORMAL,13.1,2.8,8.6,6.5
20500,0.8204,0,WARNING,9.6,4.7,7.4,4.9
20501,0.2103,0,NORMAL,10.2,3.6,8.7,7.1
20502,0.1459,0,NORMAL,11.1,2.5,7.4,6.0
20503,0.1217,0,NORMAL,11.1,2.3,8.5,5.9
20504,0.7833,0,WARNING,12.0,3.9,10.1,8.7
20505,0.246,0,NORMAL,12.3,5.0,11.5,6.8
20506,0.7328,0,WARNING,12.9,5.6,10.7,8.4
20507,0.944,0,WARNING,12.8,5.8,10.2,8.3
20508,0.1966,0,NORMAL,12.8,1.9,8.5,7.7
20509,0.1413,0,NORMAL,13.4,2.9,9.2,7.1
20510,0.0961,0,NORMAL,13.8,3.4,9.7,8.5
20511,0.8521,0,WARNING,13.9,4.7,9.0,8.4
20512,0.1249,0,NORMAL,14.2,3.7,10.4,9.2
20513,0.9316,0,WARNING,14.3,4.4,8.7,8.4
20514,0.145,0,NORMAL,14.0,2.3,7.1,6.5
20515,0.1397,0,NORMAL,14.9,3.3,9.7,8.4
20516,0.6029,0,WARNING,15.3,5.1,11.0,9.5
20517,0.9998,0,WARNING,16.0,8.0,9.9,8.2
20518,0.1695,0,NORMAL,13.4,2.7,9.9,8.4
20519,0.5099,0,NORMAL,10.5,2.7,9.4,7.6
20520,0.8181,0,WARNING,8.6,5.2,10.3,7.5
20521,0.1852,0,NORMAL,9.0,3.7,9.9,8.0
20522,0.1956,0,NORMAL,10.3,3.0,9.7,8.2
20523,0.8521,0,WARNING,11.5,4.8,10.0,8.0
20524,0.1627,0,NORMAL,10.9,1.3,5.7,5.0
20525,0.1444,0,NORMAL,11.9,3.5,9.1,8.0
20526,0.6783,0,WARNING,12.5,6.5,8.7,6.9
20527,0.1873,0,NORMAL,13.2,4.2,12.8,10.5
20528,0.1394,0,NORMAL,12.4,2.1,7.7,6.0
20529,0.5179,0,NORMAL,13.3,3.2,7.1,6.5
20530,0.1361,0,NORMAL,12.4,2.1,4.8,4.3
20531,0.1181,0,NORMAL,13.9,3.6,9.9,7.4
20532,0.9897,0,WARNING,13.6,6.2,7.7,6.1
20533,0.119,0,NORMAL,14.0,3.3,9.6,8.0
20534,0.7779,0,WARNING,13.5,3.7,7.5,6.2
20535,0.1077,0,NORMAL,14.3,4.0,13.1,9.5
20536,0.5121,0,NORMAL,14.6,6.7,12.1,9.1
20537,0.5959,0,NORMAL,14.5,5.3,10.3,7.8
20538,0.0731,0,NORMAL,14.6,3.3,7.9,6.7
20539,0.1181,0,NORMAL,14.3,2.7,5.9,5.2
20540,0.878,0,WARNING,10.8,5.1,5.5,4.1
20541,0.2912,0,NORMAL,9.7,4.1,8.8,6.8
20542,0.1954,0,NORMAL,9.9,3.2,8.9,6.3
20543,0.6556,0,WARNING,11.9,4.1,9.7,7.5
20544,0.8194,0,WARNING,11.5,4.4,8.5,6.8
20545,0.1392,0,NORMAL,12.0,3.0,7.1,6.2
20546,0.6059,0,WARNING,12.6,5.3,8.3,6.3
20547,0.141,0,NORMAL,13.3,3.1,7.5,6.1
20548,0.7828,0,WARNING,13.5,3.3,6.9,6.3
20549,0.2967,0,NORMAL,14.1,3.3,9.6,8.8
20550,0.1704,0,NORMAL,13.5,3.2,8.6,6.1
20551,0.6111,0,WARNING,14.4,4.7,8.6,6.4
20552,0.1956,0,NORMAL,14.7,3.4,11.1,8.6
20553,0.1273,0,NORMAL,14.8,3.6,8.0,5.7
20554,0.1553,0,NORMAL,13.9,1.8,4.4,3.9
20555,0.7392,0,WARNING,15.5,5.0,10.0,8.5
20556,0.4203,0,NORMAL,15.5,5.2,10.0,6.8
20557,0.1347,0,NORMAL,15.0,3.2,8.1,6.1
20558,1.0,0,ANOMALY,14.6,7.1,5.9,4.8
20559,0.141,0,NORMAL,14.8,2.3,6.8,6.3
20560,0.139,0,NORMAL,15.5,3.4,8.8,6.6
20561,0.1439,0,NORMAL,13.1,4.0,8.9,6.9
20562,0.7358,0,WARNING,10.0,4.4,8.5,7.4
20563,0.1704,0,NORMAL,9.9,2.3,7.2,5.8
20564,0.1031,0,NORMAL,11.1,3.4,11.7,8.4
20565,0.153,0,NORMAL,12.1,4.4,13.2,10.6
20566,0.8993,0,WARNING,12.0,5.8,7.8,6.4
20567,0.3783,0,NORMAL,12.6,4.1,10.1,9.1
20568,0.4509,0,NORMAL,12.4,2.7,7.9,7.9
20569,0.119,0,NORMAL,13.1,3.8,10.7,9.3
20570,0.1788,0,NORMAL,14.7,4.0,11.6,9.5
20571,0.2916,0,NORMAL,13.8,3.7,9.7,8.1
20572,0.1171,0,NORMAL,14.9,4.3,11.8,9.7
20573,0.1137,0,NORMAL,14.5,3.4,11.0,8.7
20574,0.1749,0,NORMAL,14.8,3.0,13.7,8.7
20575,0.9433,0,WARNING,15.6,5.2,11.5,8.7
20576,0.6671,0,WARNING,15.4,5.3,11.5,8.2
20577,0.1597,0,NORMAL,16.1,3.3,10.0,8.6
20578,0.2205,0,NORMAL,15.3,2.3,8.3,6.6
20579,0.2103,0,NORMAL,15.5,2.7,9.2,7.1
20580,0.1335,0,NORMAL,12.0,2.5,7.1,5.9
20581,0.6556,0,WARNING,9.7,4.5,7.2,5.2
20582,0.132,0,NORMAL,11.2,3.2,10.8,9.1
20583,0.8524,0,WARNING,14.9,5.4,12.3,9.1
20584,0.301,0,NORMAL,12.8,2.4,7.7,5.8
20585,0.1788,0,NORMAL,14.2,4.0,11.9,10.0
20586,0.8772,0,WARNING,15.3,7.0,13.8,10.1
20587,0.1775,0,NORMAL,13.9,3.4,9.3,8.0
20588,0.1632,0,NORMAL,13.9,3.1,8.2,6.6
20589,0.1444,0,NORMAL,14.5,2.1,8.1,6.8
20590,0.82,0,WARNING,14.0,4.5,6.5,4.6
20591,0.8554,0,WARNING,14.6,4.3,6.0,4.8
20592,0.1436,0,NORMAL,15.0,2.9,8.0,7.0
20593,0.1455,0,NORMAL,15.3,2.2,7.5,5.7
20594,0.1566,0,NORMAL,14.8,2.0,5.3,4.6
20595,0.1775,0,NORMAL,15.9,3.9,8.6,7.1
20596,0.9454,0,WARNING,15.6,7.2,7.7,6.6
20597,0.228,0,NORMAL,16.0,3.7,8.1,6.8
20598,0.254,0,NORMAL,15.6,3.5,7.2,6.0
20599,0.2714,0,NORMAL,17.0,4.0,11.0,9.3
20600,0.8774,0,WARNING,12.9,5.0,8.8,6.5
20601,0.2475,0,NORMAL,9.7,3.2,7.5,4.5
20602,0.1778,0,NORMAL,9.6,2.7,6.0,4.9
20603,0.1696,0,NORMAL,10.3,2.0,4.8,4.3
20604,0.7394,0,WARNING,11.0,3.5,7.1,5.9
20605,0.4248,0,NORMAL,13.0,6.2,16.0,11.1
20606,0.7178,0,WARNING,15.8,11.3,25.6,16.0
20607,0.9608,0,WARNING,15.7,7.6,17.4,12.1
20608,0.2858,0,NORMAL,15.6,3.2,13.7,9.8
20609,0.9676,0,WARNING,16.3,5.6,15.0,12.1
20610,0.1857,0,NORMAL,15.0,2.6,9.1,6.9
20611,0.1208,0,NORMAL,15.7,4.2,11.1,8.8
20612,0.8491,0,WARNING,15.7,5.2,13.4,9.5
20613,0.122,0,NORMAL,15.5,2.9,10.2,8.0
20614,0.196,0,NORMAL,14.7,1.8,6.1,5.0
20615,0.1543,0,NORMAL,16.2,3.1,8.2,6.2
20616,0.8214,0,WARNING,16.6,7.2,13.7,10.6
20617,0.9621,0,WARNING,16.5,5.9,10.3,7.5
20618,0.2462,0,NORMAL,15.7,3.8,9.1,6.3
20619,0.148,0,NORMAL,15.0,2.9,7.8,6.9
20620,0.1372,0,NORMAL,12.4,3.4,8.6,6.9
20621,0.415,0,NORMAL,11.4,4.8,9.9,6.8
20622,0.9325,0,WARNING,11.5,5.1,8.7,7.3
20623,0.1298,0,NORMAL,12.2,3.3,10.6,8.8
20624,0.1279,0,NORMAL,11.9,1.9,6.5,5.3
20625,0.9886,0,WARNING,13.5,6.1,8.8,7.6
20626,0.7809,0,WARNING,13.5,4.9,12.3,8.7
20627,0.1346,0,NORMAL,14.0,3.7,10.2,7.7
20628,0.969,0,WARNING,14.3,4.7,7.1,6.4
20629,0.126,0,NORMAL,14.5,3.1,11.0,9.1
20630,0.2741,0,NORMAL,14.5,3.6,8.9,7.7
20631,0.7306,0,WARNING,14.7,5.2,10.5,8.3
20632,0.1104,0,NORMAL,15.2,3.5,11.6,9.2
20633,0.1529,0,NORMAL,15.5,3.8,13.0,10.7
20634,0.7776,0,WARNING,15.8,4.4,13.6,8.5
20635,0.4695,0,NORMAL,14.9,2.7,11.8,7.5
20636,0.5074,0,NORMAL,15.5,6.0,13.2,9.4
20637,0.2071,0,NORMAL,17.0,3.6,10.4,8.5
20638,0.268,0,NORMAL,15.4,3.2,8.8,7.3
20639,0.1048,0,NORMAL,15.4,3.4,11.0,8.4
20640,0.6714,0,WARNING,14.0,4.9,15.4,9.8
20641,0.8752,0,WARNING,14.0,6.4,8.6,5.7
20642,0.1578,0,NORMAL,16.1,3.2,10.5,8.6
20643,0.2737,0,NORMAL,17.0,3.4,9.4,6.8
20644,0.513,0,NORMAL,16.6,3.4,8.6,7.0
20645,0.1036,0,NORMAL,17.3,3.0,9.1,6.9
20646,0.5194,0,NORMAL,19.2,6.5,14.8,10.7
20647,1.0,0,ANOMALY,19.5,10.2,9.7,7.2
20648,0.3393,0,NORMAL,20.0,2.9,7.9,6.6
20649,0.1221,0,NORMAL,19.8,3.1,9.9,8.6
20650,0.2814,0,NORMAL,19.6,4.4,10.5,7.3
20651,0.2803,0,NORMAL,20.9,4.6,13.2,8.9
20652,0.1581,0,NORMAL,19.9,3.0,7.7,5.7
20653,0.1753,0,NORMAL,19.5,1.6,3.6,3.9
20654,0.392,0,NORMAL,22.0,3.3,14.6,13.7
20655,0.6772,0,WARNING,20.9,4.3,10.3,7.5
20656,0.5189,0,NORMAL,20.9,5.1,9.6,8.3
20657,0.8186,0,WARNING,22.0,5.8,13.1,10.9
20658,0.2906,0,NORMAL,21.4,2.7,7.6,6.0
20659,0.9911,0,WARNING,22.4,7.7,12.6,10.0
20660,0.1991,0,NORMAL,18.5,3.0,9.2,6.5
20661,0.2379,0,NORMAL,15.2,3.9,11.4,8.2
20662,0.1466,0,NORMAL,15.6,3.7,11.2,7.6
20663,0.672,0,WARNING,16.8,3.5,7.8,6.3
20664,0.1417,0,NORMAL,16.4,2.3,7.3,6.1
20665,0.1383,0,NORMAL,17.1,3.1,9.3,7.9
20666,0.6773,0,WARNING,18.8,6.7,11.3,7.5
20667,0.9444,0,WARNING,18.4,5.6,9.3,7.7
20668,0.148,0,NORMAL,17.9,1.7,5.1,4.3
20669,0.2199,0,NORMAL,18.5,1.5,3.7,3.2
20670,0.1804,0,NORMAL,18.4,2.1,4.5,4.6
20671,0.903,0,WARNING,19.7,6.1,11.5,9.9
20672,0.1536,0,NORMAL,19.3,2.9,8.9,6.1
20673,0.1196,0,NORMAL,19.5,3.3,8.9,6.4
20674,0.5251,0,NORMAL,19.3,2.9,7.0,5.9
20675,0.1006,0,NORMAL,19.6,2.4,6.8,5.9
20676,0.4241,0,NORMAL,21.2,6.3,9.9,6.2
20677,0.3834,0,NORMAL,23.3,4.7,15.0,11.3
20678,0.7772,0,WARNING,21.5,5.0,12.7,9.8
20679,0.2828,0,NORMAL,21.6,2.5,11.9,7.7
20680,0.9983,0,WARNING,21.4,6.0,7.6,5.1
20681,0.1381,0,NORMAL,18.3,3.3,9.0,7.4
20682,0.2476,0,NORMAL,14.8,3.6,9.9,7.8
20683,0.1752,0,NORMAL,15.5,2.9,9.5,7.4
20684,0.9325,0,WARNING,15.5,4.4,7.4,5.9
20685,0.1359,0,NORMAL,17.5,3.2,7.4,6.5
20686,0.6765,0,WARNING,16.7,4.9,8.8,8.0
20687,0.2848,0,NORMAL,16.7,3.4,7.3,5.9
20688,0.1522,0,NORMAL,18.1,2.8,11.3,9.7
20689,0.1071,0,NORMAL,18.1,3.0,9.8,7.5
20690,0.8205,0,WARNING,18.2,5.3,9.5,7.4
20691,0.116,0,NORMAL,19.1,4.5,12.6,10.1
20692,0.2591,0,NORMAL,20.0,5.0,16.4,11.9
20693,0.8153,0,WARNING,19.6,3.6,12.3,7.8
20694,0.2357,0,NORMAL,19.5,3.8,15.2,11.7
20695,0.2668,0,NORMAL,20.1,4.1,15.1,12.0
20696,0.592,0,NORMAL,19.8,6.1,13.9,10.5
20697,0.873,0,WARNING,20.8,5.5,14.7,8.8
20698,0.2233,0,NORMAL,19.8,2.3,10.1,8.6
20699,0.1533,0,NORMAL,19.5,3.0,8.3,6.3
20700,0.0978,0,NORMAL,13.8,3.1,9.6,8.0
20701,0.2119,0,NORMAL,9.8,4.3,10.8,8.2
20702,0.1417,0,NORMAL,10.8,2.8,7.2,5.3
20703,0.1589,0,NORMAL,12.2,2.1,5.6,4.4
20704,0.2043,0,NORMAL,11.9,2.7,5.9,5.1
20705,0.9018,0,WARNING,12.2,4.6,5.9,5.0
20706,0.526,0,NORMAL,12.9,4.7,7.6,6.6
20707,0.1054,0,NORMAL,14.0,3.7,10.6,8.0
20708,0.983,0,WARNING,13.4,5.1,8.2,6.9
20709,0.1692,0,NORMAL,13.1,1.4,4.9,4.5
20710,0.1405,0,NORMAL,13.7,2.5,7.4,5.9
20711,0.1509,0,NORMAL,14.1,2.9,5.1,4.0
20712,0.195,0,NORMAL,14.2,3.2,6.7,5.8
20713,0.1619,0,NORMAL,14.4,2.4,7.2,6.7
20714,0.168,0,NORMAL,14.4,1.9,5.6,4.5
20715,0.1388,0,NORMAL,15.3,2.8,7.5,7.2
20716,0.9193,0,WARNING,14.7,6.9,7.7,5.8
20717,0.1524,0,NORMAL,15.7,4.4,8.7,7.0
20718,0.2037,0,NORMAL,16.4,3.8,12.3,9.1
20719,0.8177,0,WARNING,16.1,5.0,10.9,9.1
20720,0.1676,0,NORMAL,15.7,3.6,11.1,8.2
20721,0.1189,0,NORMAL,12.6,4.2,11.5,8.6
20722,0.6711,0,WARNING,9.7,4.6,10.6,7.9
20723,0.1708,0,NORMAL,10.7,2.4,7.7,6.5
20724,0.1737,0,NORMAL,10.1,1.6,4.2,3.4
20725,0.1692,0,NORMAL,11.9,2.6,6.4,5.6
20726,0.8236,0,WARNING,11.9,4.5,7.7,6.0
20727,0.9194,0,WARNING,12.2,5.1,6.3,5.0
20728,0.1621,0,NORMAL,12.9,2.5,7.0,6.0
20729,0.1539,0,NORMAL,13.1,2.4,7.8,6.9
20730,0.1054,0,NORMAL,13.2,2.8,8.7,6.6
20731,0.1216,0,NORMAL,13.4,3.9,9.6,7.7
20732,0.144,0,NORMAL,13.8,3.5,10.0,7.8
20733,0.7343,0,WARNING,13.7,4.0,7.5,5.5
20734,0.1394,0,NORMAL,14.5,1.6,6.0,5.9
20735,0.1025,0,NORMAL,15.3,3.7,10.9,8.8
20736,0.6772,0,WARNING,14.7,5.3,9.3,6.9
20737,0.9325,0,WARNING,14.4,5.2,6.5,5.2
20738,0.1396,0,NORMAL,14.4,1.9,6.6,5.8
20739,0.138,0,NORMAL,15.3,2.9,9.5,8.4
20740,0.8537,0,WARNING,15.0,4.6,9.9,7.8
20741,0.1477,0,NORMAL,15.6,3.7,8.5,6.5
20742,0.1406,0,NORMAL,11.8,2.7,6.4,5.8
20743,0.2845,0,NORMAL,9.3,2.1,6.7,6.0
20744,0.2179,0,NORMAL,9.9,2.1,7.3,5.9
20745,0.8813,0,WARNING,10.8,4.6,6.5,6.6
20746,0.5266,0,NORMAL,10.7,4.6,8.3,8.2
20747,0.9547,0,WARNING,11.3,4.0,6.6,5.2
20748,0.139,0,NORMAL,11.4,3.0,8.3,6.9
20749,0.7823,0,WARNING,11.7,3.7,6.9,6.1
20750,0.1658,0,NORMAL,12.1,2.6,7.6,6.4
20751,0.2519,0,NORMAL,13.5,4.4,13.3,10.6
20752,0.2417,0,NORMAL,12.4,2.7,8.0,6.5
20753,0.1531,0,NORMAL,12.4,1.7,5.4,5.2
20754,0.1594,0,NORMAL,12.4,1.9,5.9,5.4
20755,0.1453,0,NORMAL,12.4,3.1,5.8,5.5
20756,0.5268,0,NORMAL,12.9,4.7,9.1,9.2
20757,0.1352,0,NORMAL,13.6,3.8,10.4,8.1
20758,0.8195,0,WARNING,13.7,4.6,7.8,6.8
20759,0.1248,0,NORMAL,13.8,2.0,6.1,5.2
20760,0.1509,0,NORMAL,10.2,2.1,4.3,4.0
20761,0.2442,0,NORMAL,8.7,2.5,5.7,4.5
20762,0.8558,0,WARNING,10.2,4.9,8.3,6.9
20763,0.1703,0,NORMAL,10.6,1.9,5.1,4.1
20764,0.2436,0,NORMAL,10.7,1.7,5.1,4.4
20765,0.1894,0,NORMAL,11.4,2.7,6.1,5.2
20766,0.9558,0,WARNING,13.0,8.1,13.6,10.5
20767,0.2007,0,NORMAL,13.3,3.8,12.3,9.2
20768,0.1626,0,NORMAL,12.6,1.8,6.1,5.4
20769,0.8535,0,WARNING,13.2,4.6,7.7,6.6
20770,0.141,0,NORMAL,13.1,2.9,7.1,5.6
20771,0.1307,0,NORMAL,13.6,2.7,6.7,5.8
20772,0.2972,0,NORMAL,13.7,3.2,8.2,7.1
20773,0.7834,0,WARNING,13.8,3.6,5.1,4.6
20774,0.1406,0,NORMAL,13.4,2.0,6.4,6.3
20775,0.149,0,NORMAL,13.6,2.9,6.4,5.4
20776,0.9194,0,WARNING,13.5,6.0,5.1,4.7
20777,0.0976,0,NORMAL,14.2,4.1,7.8,6.7
20778,0.2967,0,NORMAL,13.5,2.4,5.3,5.1
20779,0.9695,0,WARNING,14.7,4.9,4.7,4.9
20780,0.1508,0,NORMAL,13.6,2.5,4.7,4.4
20781,0.1315,0,NORMAL,12.2,3.4,11.0,8.1
20782,0.282,0,NORMAL,9.7,3.9,12.2,9.1
20783,0.9184,0,WARNING,10.1,3.7,6.4,5.8
20784,0.1616,0,NORMAL,10.4,2.1,8.0,6.9
20785,0.1343,0,NORMAL,10.5,2.2,5.7,4.8
20786,0.8805,0,WARNING,11.1,6.0,8.0,6.5
20787,0.2921,0,NORMAL,11.6,2.9,6.4,5.5
20788,0.1407,0,NORMAL,11.9,2.4,7.2,6.0
20789,0.9632,0,WARNING,11.7,3.9,3.5,3.6
20790,0.6555,0,WARNING,12.0,3.4,5.9,5.3
20791,0.1442,0,NORMAL,12.8,3.4,7.1,5.4
20792,0.1935,0,NORMAL,12.4,2.5,4.9,4.3
20793,0.1588,0,NORMAL,13.2,2.1,6.6,5.9
20794,0.1195,0,NORMAL,13.1,2.6,7.6,6.7
20795,0.1391,0,NORMAL,14.4,3.4,8.1,6.5
20796,0.8225,0,WARNING,13.2,5.3,5.4,5.0
20797,0.1392,0,NORMAL,13.8,3.0,6.9,5.9
20798,0.4791,0,NORMAL,13.3,2.0,4.8,3.9
20799,0.1688,0,NORMAL,13.6,1.6,4.0,3.8
20800,0.193,0,NORMAL,14.0,3.0,5.5,4.8
20801,0.1661,0,NORMAL,14.5,3.0,6.9,6.3
20802,0.1269,0,NORMAL,14.4,2.4,5.7,4.8
20803,0.1877,0,NORMAL,10.9,1.5,3.3,3.7
20804,0.6854,0,WARNING,7.9,2.7,3.7,3.5
20805,1.0,0,ANOMALY,10.1,7.6,9.7,9.0
20806,0.5129,0,NORMAL,10.4,6.0,9.6,7.6
20807,0.149,0,NORMAL,11.5,3.4,7.5,6.9
20808,0.2516,0,NORMAL,11.3,2.1,4.3,5.1
20809,0.2284,0,NORMAL,12.0,2.0,4.4,5.0
20810,0.2862,0,NORMAL,12.5,4.6,10.1,9.5
20811,0.8177,0,WARNING,13.0,5.5,8.2,7.2
20812,0.147,0,NORMAL,12.9,3.5,8.1,7.7
20813,0.8985,0,WARNING,12.9,4.1,6.3,7.1
20814,0.2512,0,NORMAL,13.5,2.7,9.2,9.2
20815,0.0602,0,NORMAL,13.8,2.8,8.3,7.6
20816,0.5995,0,NORMAL,14.1,4.7,9.9,9.8
20817,0.5715,0,NORMAL,14.4,3.8,11.7,10.9
20818,0.1799,0,NORMAL,13.6,1.8,5.8,6.0
20819,0.9163,0,WARNING,14.0,5.0,7.1,7.5
20820,0.2724,0,NORMAL,13.1,3.4,7.4,7.7
20821,0.264,0,NORMAL,14.2,3.0,8.4,8.3
20822,0.817,0,WARNING,15.1,4.3,8.2,7.5
20823,0.2782,0,NORMAL,15.4,2.1,4.9,5.2
20824,0.2725,0,NORMAL,15.1,2.1,5.7,6.2
20825,0.1441,0,NORMAL,15.3,2.5,5.0,4.8
20826,0.4177,0,NORMAL,15.7,3.5,4.6,4.1
20827,0.1427,0,NORMAL,16.3,2.0,4.6,4.8
20828,0.2004,0,NORMAL,16.0,1.4,4.0,4.1
20829,0.2208,0,NORMAL,16.4,0.9,2.5,2.8
20830,0.687,0,WARNING,16.1,3.3,3.6,4.0
20831,0.1872,0,NORMAL,16.7,2.6,3.6,4.1
20832,0.1884,0,NORMAL,16.6,1.3,3.0,3.6
20833,0.1917,0,NORMAL,17.1,1.4,3.3,3.9
20834,0.187,0,NORMAL,17.2,1.4,4.7,5.1
20835,0.1585,0,NORMAL,17.4,2.8,5.4,5.1
20836,0.5352,0,NORMAL,18.0,5.6,6.5,4.8
20837,0.7856,0,WARNING,18.6,4.5,5.5,5.1
20838,0.3769,0,NORMAL,17.8,2.7,4.6,5.1
20839,0.1881,0,NORMAL,18.1,1.6,3.5,4.5
20840,0.7846,0,WARNING,17.4,4.1,4.6,4.4
20841,0.8233,0,WARNING,15.5,4.2,5.2,4.8
20842,0.2061,0,NORMAL,13.6,1.9,2.8,3.1
20843,0.3063,0,NORMAL,14.5,1.9,4.2,4.1
20844,0.5336,0,NORMAL,14.5,1.8,2.6,3.1
20845,0.4347,0,NORMAL,15.0,3.3,4.2,3.8
20846,0.5355,0,NORMAL,15.9,4.5,5.5,4.6
20847,0.1925,0,NORMAL,15.9,1.6,3.0,3.9
20848,0.1962,0,NORMAL,15.9,1.1,3.0,3.5
20849,0.2029,0,NORMAL,16.2,1.3,2.5,3.2
20850,0.6889,0,WARNING,16.6,3.6,4.5,4.8
20851,0.1828,0,NORMAL,16.9,2.4,4.0,3.5
20852,0.1755,0,NORMAL,17.1,2.0,4.6,4.8
20853,0.2344,0,NORMAL,16.9,1.2,1.8,1.9
20854,0.7903,0,WARNING,16.7,2.9,2.6,4.1
20855,0.5656,0,NORMAL,17.5,2.5,8.1,11.1
20856,0.902,0,WARNING,17.1,4.9,12.9,18.6
20857,0.8579,0,WARNING,15.3,4.9,14.6,17.4
20858,0.858,0,WARNING,12.8,1.9,12.1,16.8
20859,0.9101,0,WARNING,13.9,4.1,9.7,11.3
20860,0.2693,0,NORMAL,14.0,2.7,5.5,3.9
20861,0.1685,0,NORMAL,15.6,3.5,6.9,5.8
20862,0.8479,0,WARNING,15.5,4.1,4.2,4.0
20863,0.9879,0,WARNING,15.9,4.2,2.8,2.9
20864,0.2688,0,NORMAL,15.9,1.1,3.4,3.4
20865,0.2387,0,NORMAL,17.1,2.8,5.1,4.7
20866,0.9336,0,WARNING,16.9,5.8,4.8,4.1
20867,0.1516,0,NORMAL,17.2,2.5,4.6,5.0
20868,0.2196,0,NORMAL,16.7,0.9,3.3,5.3
20869,0.6611,0,WARNING,16.6,1.2,6.9,12.1
20870,0.7007,0,WARNING,16.9,4.0,10.7,13.6
20871,0.4437,0,NORMAL,15.0,2.7,9.0,10.4
20872,0.8579,0,WARNING,13.7,4.6,12.8,18.3
20873,0.818,0,WARNING,14.0,2.1,12.1,15.9
20874,0.6169,0,WARNING,13.8,2.1,8.3,11.4
20875,0.674,0,WARNING,14.6,3.7,5.6,4.5
20876,0.3832,0,NORMAL,15.3,4.4,6.3,6.2
20877,0.1687,0,NORMAL,15.6,2.0,4.3,5.3
20878,0.2185,0,NORMAL,15.2,1.6,2.7,3.8
20879,0.1992,0,NORMAL,15.6,1.4,3.0,3.2
20880,0.9553,0,WARNING,13.6,4.8,3.8,3.5
20881,0.2647,1,NORMAL,12.4,1.9,3.4,3.4
20882,0.2864,1,NORMAL,12.8,1.4,6.3,8.7
20883,0.7937,1,WARNING,14.0,1.3,9.8,14.7
20884,0.8391,1,WARNING,14.0,2.8,11.2,16.2
20885,0.9325,1,WARNING,14.6,2.0,14.2,20.4
20886,0.7359,1,WARNING,14.9,4.0,11.6,13.9
20887,0.2936,1,NORMAL,15.6,1.4,4.4,3.9
20888,0.7219,1,WARNING,15.3,2.3,2.3,3.5
20889,0.2205,1,NORMAL,15.5,0.9,1.9,2.9
20890,0.2002,1,NORMAL,15.9,1.5,3.2,2.9
20891,0.218,1,NORMAL,16.6,2.6,6.1,5.9
20892,0.2015,1,NORMAL,13.8,1.4,3.1,3.3
20893,0.3528,1,NORMAL,11.9,0.8,1.3,2.6
20894,0.2938,1,NORMAL,12.3,1.3,2.4,3.3
20895,1.0,1,ANOMALY,25.6,19.4,4.5,4.5
20896,1.0,1,ANOMALY,14.4,9.2,4.9,4.7
20897,0.2725,1,NORMAL,14.4,2.8,4.2,4.1
20898,0.3372,1,NORMAL,14.9,2.3,4.5,5.0
20899,0.1889,1,NORMAL,15.3,1.9,3.3,3.7
20900,0.9999,1,WARNING,15.0,5.1,5.7,9.5
20901,0.8179,1,WARNING,16.1,3.5,11.6,15.9
20902,0.7241,0,WARNING,15.8,3.4,7.5,7.6
20903,0.6167,0,WARNING,16.0,1.3,7.0,11.4
20904,0.9021,0,WARNING,15.8,1.6,11.2,18.1
20905,0.7939,0,WARNING,14.7,2.8,13.1,15.6
20906,0.4861,0,NORMAL,12.9,3.4,4.7,3.3
20907,0.2017,0,NORMAL,13.6,1.8,4.0,4.9
20908,0.8179,0,WARNING,13.7,1.7,9.2,15.6
20909,0.5086,0,NORMAL,13.9,1.3,7.1,9.7
20910,0.6613,0,WARNING,15.0,2.4,9.4,12.1
20911,0.9135,0,WARNING,15.3,4.8,13.9,19.1
20912,0.8892,0,WARNING,15.3,3.9,12.8,17.4
20913,0.3501,0,NORMAL,15.4,0.9,3.9,2.9
20914,0.234,0,NORMAL,15.3,0.9,1.7,2.0
20915,0.2158,0,NORMAL,15.9,1.7,3.4,4.1
20916,0.8796,0,WARNING,15.4,6.2,5.1,4.9
20917,0.8891,0,WARNING,14.1,2.2,11.4,18.1
20918,0.8745,0,WARNING,12.9,2.7,11.4,16.6
20919,0.8892,0,WARNING,13.5,2.3,12.9,17.7
20920,0.818,0,WARNING,14.9,2.9,12.3,15.2
20921,0.2849,0,NORMAL,14.3,2.0,5.1,3.6
20922,0.2472,0,NORMAL,14.5,1.8,3.3,3.5
20923,0.2277,0,NORMAL,14.8,0.8,1.6,2.4
20924,0.2161,0,NORMAL,14.9,1.0,2.3,2.9
20925,0.2199,0,NORMAL,15.8,2.0,3.8,4.1
20926,0.5359,0,NORMAL,16.2,4.3,5.3,4.3
20927,0.196,0,NORMAL,16.7,1.7,3.2,3.3
20928,0.9091,0,WARNING,16.6,2.6,2.0,2.7
20929,0.2047,0,NORMAL,16.1,1.2,3.7,3.5
20930,0.8744,0,WARNING,13.8,2.6,10.5,18.2
20931,0.8391,0,WARNING,12.9,2.7,12.0,15.9
20932,0.8579,0,WARNING,13.5,4.1,11.9,16.7
20933,0.9021,0,WARNING,14.0,1.6,11.6,18.3
20934,0.5675,0,NORMAL,13.7,2.6,4.0,3.3
20935,0.7939,0,WARNING,14.7,2.2,9.5,15.3
20936,0.9021,0,WARNING,15.1,4.7,14.3,19.4
20937,0.858,0,WARNING,14.3,3.5,13.8,18.1
20938,0.9136,0,WARNING,12.9,1.8,13.4,19.2
20939,0.4585,0,NORMAL,13.2,2.1,5.1,4.5
20940,0.2794,0,NORMAL,12.9,2.0,3.3,3.3
20941,0.3153,0,NORMAL,12.8,1.7,2.5,2.7
20942,0.2676,0,NORMAL,12.7,1.1,2.0,3.0
20943,0.2282,0,NORMAL,13.4,0.9,2.2,2.4
20944,0.2345,0,NORMAL,13.3,0.9,1.4,1.9
20945,0.2227,0,NORMAL,13.9,1.8,2.7,2.8
20946,0.4431,0,NORMAL,14.1,3.5,3.4,3.1
20947,0.1925,0,NORMAL,15.1,1.7,3.3,3.4
20948,0.2463,0,NORMAL,15.1,0.6,1.1,2.1
20949,0.2222,0,NORMAL,15.7,1.6,2.5,3.6
20950,0.6904,0,WARNING,15.6,3.0,3.0,2.8
20951,0.1999,0,NORMAL,16.6,1.6,2.5,3.2
20952,0.205,0,NORMAL,16.5,1.8,3.4,4.0
20953,0.229,0,NORMAL,16.7,0.8,2.1,3.2
20954,0.2104,0,NORMAL,16.6,1.4,2.7,3.5
20955,0.9977,0,WARNING,17.0,4.6,3.3,3.5
20956,0.6197,0,WARNING,17.1,4.0,3.8,4.0
20957,0.1767,0,NORMAL,17.6,2.7,4.0,3.9
20958,0.2238,0,NORMAL,17.1,1.4,2.6,3.2
20959,0.9559,0,WARNING,17.2,4.0,2.3,3.2
20960,0.2054,0,NORMAL,17.3,1.6,2.7,3.0
20961,0.1893,0,NORMAL,18.1,2.0,3.5,3.7
20962,0.1914,0,NORMAL,17.9,2.0,4.0,4.6
20963,0.8827,0,WARNING,18.0,3.0,2.7,3.5
20964,0.2276,0,NORMAL,14.7,1.0,1.5,2.2
20965,0.3595,0,NORMAL,11.9,1.5,2.8,3.3
20966,0.4427,0,NORMAL,12.8,3.5,3.5,3.2
20967,0.2217,0,NORMAL,13.3,1.6,2.6,3.0
20968,0.8589,0,WARNING,13.6,2.6,1.5,2.7
20969,0.2134,0,NORMAL,14.1,1.2,2.1,3.1
20970,0.5308,0,NORMAL,14.3,2.0,2.9,3.9
20971,0.198,0,NORMAL,15.5,2.6,3.9,3.4
20972,0.9212,0,WARNING,15.8,4.5,3.0,3.8
20973,0.2306,0,NORMAL,15.6,0.9,2.4,3.6
20974,0.206,0,NORMAL,15.8,1.2,2.8,3.9
20975,0.2004,0,NORMAL,16.8,2.7,4.2,3.1
20976,0.9211,0,WARNING,17.1,5.9,4.2,3.9
20977,0.2089,0,NORMAL,17.0,1.4,2.4,3.4
20978,0.2426,0,NORMAL,16.8,0.6,1.0,1.8
20979,0.2352,0,NORMAL,17.4,1.2,2.2,3.2
20980,0.208,0,NORMAL,17.6,2.0,3.2,3.2
20981,0.7463,0,WARNING,17.8,3.5,3.7,4.1
20982,0.2132,0,NORMAL,17.6,1.6,2.6,2.7
20983,0.2432,0,NORMAL,17.8,0.8,1.4,2.7
20984,0.2199,0,NORMAL,17.7,1.1,2.1,2.8
20985,0.9222,0,WARNING,18.1,4.4,3.0,3.6
20986,0.5404,0,NORMAL,18.2,3.5,4.1,4.9
20987,0.2225,0,NORMAL,15.2,2.7,4.8,5.4
20988,0.3444,0,NORMAL,11.8,1.0,2.7,4.0
20989,0.8571,0,WARNING,12.6,3.4,2.6,3.6
20990,0.2641,0,NORMAL,12.6,1.8,4.2,6.1
20991,0.222,0,NORMAL,13.5,1.9,4.6,6.0
20992,0.2127,0,NORMAL,13.3,1.8,4.1,5.7
20993,0.8241,0,WARNING,14.2,2.4,4.1,6.3
20994,0.2093,0,NORMAL,13.7,1.2,3.8,5.6
20995,0.2093,0,NORMAL,14.7,2.4,6.7,7.4
20996,0.6788,0,WARNING,14.4,3.5,5.1,6.7
20997,0.2037,0,NORMAL,14.8,2.5,6.8,8.6
20998,0.6049,0,WARNING,15.0,2.2,4.6,6.3
20999,0.2036,0,NORMAL,15.3,1.2,4.1,6.3
21000,0.8217,0,WARNING,13.4,3.9,6.3,7.5
21001,0.2844,0,NORMAL,12.3,2.3,6.2,8.2
21002,0.2321,0,NORMAL,12.7,2.4,6.2,8.2
21003,0.9327,0,WARNING,12.9,3.7,4.6,6.6
21004,0.2109,0,NORMAL,12.8,1.1,5.3,7.5
21005,0.2867,0,NORMAL,13.5,2.8,7.4,9.1
21006,0.9626,0,WARNING,14.4,5.6,8.2,10.3
21007,0.4436,0,NORMAL,15.2,2.8,8.3,10.8
21008,0.9312,0,WARNING,15.4,3.7,6.5,8.5
21009,0.2061,0,NORMAL,15.7,1.2,4.2,5.6
21010,0.2108,0,NORMAL,15.4,1.9,3.4,3.4
21011,0.21,0,NORMAL,16.2,2.6,5.7,6.0
21012,0.2135,0,NORMAL,16.0,1.9,3.4,3.4
21013,0.228,0,NORMAL,16.2,0.8,1.9,2.9
21014,0.2396,0,NORMAL,16.1,0.8,1.6,2.7
21015,0.8583,0,WARNING,16.9,4.4,4.5,4.1
21016,0.6871,0,WARNING,14.6,3.9,3.8,4.5
21017,0.3172,0,NORMAL,12.8,2.4,3.8,4.8
21018,0.2622,0,NORMAL,13.0,1.9,3.7,4.4
21019,0.2281,0,NORMAL,13.2,1.5,2.4,3.6
21020,0.3458,0,NORMAL,13.3,1.5,2.6,2.9
21021,0.9983,0,WARNING,14.1,2.5,3.3,3.8
21022,0.2134,0,NORMAL,14.1,1.9,2.7,2.7
21023,0.2298,0,NORMAL,14.8,1.0,1.6,2.8
21024,0.2434,0,NORMAL,14.3,0.5,1.6,2.9
21025,0.221,0,NORMAL,14.8,1.6,2.7,3.1
21026,0.442,0,NORMAL,15.1,3.2,3.7,3.4
21027,0.2005,0,NORMAL,15.8,1.6,2.8,3.2
21028,0.7469,0,WARNING,15.3,1.7,1.4,2.2
21029,0.883,0,WARNING,15.9,3.4,1.6,2.4
21030,0.3145,0,NORMAL,15.9,2.4,3.3,3.5
21031,0.1997,0,NORMAL,16.7,2.2,4.2,4.1
21032,0.2004,0,NORMAL,16.5,1.5,3.1,4.1
21033,0.2165,0,NORMAL,16.8,1.0,2.1,3.1
21034,0.232,0,NORMAL,16.6,0.8,2.3,3.6
21035,0.2034,0,NORMAL,17.9,1.9,4.2,3.4
21036,0.6211,0,WARNING,16.9,3.5,2.6,3.0
21037,0.8259,0,WARNING,17.2,3.6,3.0,3.7
21038,0.2459,0,NORMAL,14.4,0.6,1.4,3.0
21039,0.3233,0,NORMAL,12.3,0.6,1.5,2.8
21040,0.3238,0,NORMAL,12.2,1.8,2.9,3.7
21041,0.2763,0,NORMAL,12.8,1.6,2.6,3.6
21042,0.9565,0,WARNING,13.1,4.4,2.2,2.6
21043,0.2186,0,NORMAL,13.6,1.0,1.8,2.6
21044,0.2192,0,NORMAL,13.7,0.9,2.5,3.6
21045,0.2012,0,NORMAL,14.6,2.4,5.8,5.4
21046,0.921,0,WARNING,14.8,5.7,5.8,5.8
21047,0.1989,0,NORMAL,15.2,1.6,5.4,6.3
21048,0.2029,0,NORMAL,15.0,1.4,4.1,5.4
21049,0.9024,0,WARNING,15.2,3.0,2.8,4.4
21050,0.2011,0,NORMAL,15.6,2.1,4.5,5.0
21051,0.2012,0,NORMAL,17.0,2.8,5.9,6.4
21052,0.1982,0,NORMAL,16.2,1.8,5.3,6.5
21053,0.2158,0,NORMAL,16.2,0.9,3.6,5.9
21054,0.2912,0,NORMAL,16.0,0.6,3.5,5.5
21055,0.1883,0,NORMAL,17.1,2.4,5.7,6.5
21056,0.6815,0,WARNING,17.0,3.7,4.1,4.5
21057,0.9455,0,WARNING,17.1,3.7,2.8,3.4
21058,0.2457,0,NORMAL,14.9,0.5,1.4,3.2
21059,0.279,0,NORMAL,12.7,0.7,1.8,3.1
21060,0.3411,0,NORMAL,11.6,1.8,2.5,2.1
21061,0.3097,0,NORMAL,11.7,1.8,2.9,3.6
21062,0.2619,0,NORMAL,12.2,0.8,1.5,2.4
21063,0.2529,0,NORMAL,12.3,0.6,1.0,2.3
21064,0.246,0,NORMAL,12.2,0.8,1.3,2.3
21065,0.2305,0,NORMAL,13.6,2.1,4.2,4.0
21066,0.5441,0,NORMAL,13.6,2.9,2.8,3.3
21067,0.2128,0,NORMAL,14.1,1.5,2.9,3.3
21068,0.2404,0,NORMAL,14.0,0.6,1.7,3.1
21069,0.9802,0,WARNING,14.3,3.7,1.3,2.6
21070,0.2258,0,NORMAL,14.2,1.4,1.7,2.4
21071,0.2298,0,NORMAL,14.5,1.3,2.0,3.4
21072,0.2128,0,NORMAL,15.0,1.6,2.6,3.5
21073,0.2403,0,NORMAL,15.3,0.8,1.7,2.7
21074,0.9644,0,WARNING,15.1,3.7,1.4,2.3
21075,0.2217,0,NORMAL,15.6,2.2,3.8,3.9
21076,0.5387,0,NORMAL,15.9,4.6,4.5,4.2
21077,0.2145,0,NORMAL,16.6,2.2,3.7,3.7
21078,0.9343,0,WARNING,16.4,3.9,2.8,4.1
21079,0.2216,0,NORMAL,16.3,1.5,2.1,3.4
21080,0.224,0,NORMAL,16.4,2.1,2.7,2.3
21081,0.2242,0,NORMAL,17.0,2.3,3.6,3.9
21082,0.2209,0,NORMAL,16.8,1.6,2.2,3.0
21083,0.7894,0,WARNING,17.0,2.8,1.2,2.3
21084,0.2307,0,NORMAL,14.3,1.0,1.6,2.7
21085,0.3214,0,NORMAL,12.6,1.7,2.6,3.1
21086,0.4431,0,NORMAL,12.7,3.2,2.9,3.3
21087,0.4405,0,NORMAL,13.5,2.7,2.7,3.3
21088,0.2312,0,NORMAL,13.6,0.8,2.1,2.8
21089,0.2312,0,NORMAL,13.8,1.0,1.7,2.8
21090,0.2257,0,NORMAL,14.0,1.7,2.6,2.6
21091,0.739,0,WARNING,15.1,4.0,4.5,3.8
21092,0.6186,0,WARNING,15.1,2.8,2.7,3.5
21093,0.2414,0,NORMAL,15.4,0.8,1.2,2.2
21094,0.2409,0,NORMAL,15.1,0.7,1.2,2.3
21095,0.2299,0,NORMAL,16.3,2.5,3.6,3.6
21096,0.6229,0,WARNING,16.0,3.5,2.5,3.1
21097,0.2133,0,NORMAL,16.3,1.4,2.2,2.9
21098,0.234,0,NORMAL,15.9,0.6,2.7,5.2
21099,0.909,0,WARNING,16.0,2.6,2.0,2.8
21100,0.9202,0,WARNING,16.1,4.5,2.9,3.7
21101,0.2177,0,NORMAL,16.9,2.8,4.1,3.7
21102,0.2234,0,NORMAL,16.6,1.0,2.1,3.3
21103,0.2498,0,NORMAL,17.0,0.6,1.1,2.4
21104,0.2494,0,NORMAL,16.8,0.6,1.3,1.9
21105,0.5445,0,NORMAL,17.2,2.9,3.7,4.6
21106,0.6897,0,WARNING,17.7,4.3,6.4,6.1
21107,0.4498,0,NORMAL,15.0,2.6,4.7,5.8
21108,0.3313,0,NORMAL,12.2,1.5,2.9,5.0
21109,0.9634,0,WARNING,12.9,3.1,3.3,5.1
21110,0.3962,0,NORMAL,13.2,2.9,4.8,6.2
21111,0.2003,0,NORMAL,14.0,3.4,6.2,7.4
21112,0.417,0,NORMAL,14.1,3.0,5.7,7.6
21113,0.3369,0,NORMAL,14.4,1.6,3.8,5.7
21114,0.5572,0,NORMAL,14.4,1.9,3.9,6.0
21115,0.2499,0,NORMAL,15.3,3.2,5.7,6.7
21116,0.8778,0,WARNING,15.3,4.8,4.2,4.2
21117,0.3163,0,NORMAL,15.6,2.4,3.3,4.6
21118,0.2089,0,NORMAL,15.5,1.7,2.4,4.1
21119,0.233,0,NORMAL,15.5,1.3,2.5,4.1
21120,0.7372,0,WARNING,13.5,2.9,2.8,3.8
21121,0.3378,0,NORMAL,12.7,2.8,4.0,3.9
21122,0.2336,0,NORMAL,12.4,1.4,2.3,3.9
21123,0.2258,0,NORMAL,12.7,1.5,2.3,3.6
21124,0.9638,0,WARNING,12.6,3.4,1.5,3.1
21125,0.2265,0,NORMAL,12.9,1.9,3.0,2.8
21126,0.6876,0,WARNING,13.4,4.1,3.7,3.4
21127,0.7134,0,WARNING,13.9,3.1,2.5,2.8
21128,0.2394,0,NORMAL,14.0,1.1,1.1,1.8
21129,0.8832,0,WARNING,14.2,3.1,1.5,2.7
21130,0.2353,0,NORMAL,14.2,1.5,2.3,3.1
21131,0.2353,0,NORMAL,15.0,2.2,3.7,3.7
21132,0.2275,0,NORMAL,15.0,1.4,2.8,3.6
21133,0.2331,0,NORMAL,15.5,1.1,1.8,2.8
21134,0.9217,0,WARNING,15.1,3.2,1.2,2.4
21135,0.2176,0,NORMAL,16.1,2.5,3.4,3.6
21136,0.5379,0,NORMAL,16.5,4.4,4.5,4.5
21137,0.2194,0,NORMAL,17.5,3.1,5.7,5.3
21138,0.92,0,WARNING,16.8,3.7,2.5,3.1
21139,0.224,0,NORMAL,16.9,1.4,2.3,3.8
21140,0.2207,0,NORMAL,16.8,1.6,2.4,2.9
21141,0.2302,0,NORMAL,17.5,2.1,2.7,2.2
21142,0.2443,0,NORMAL,16.9,1.3,1.8,3.2
21143,0.9048,0,WARNING,17.3,3.4,1.7,2.7
21144,0.224,0,NORMAL,14.6,1.0,2.4,3.0
21145,0.313,0,NORMAL,12.7,1.9,3.6,3.5
21146,0.4436,0,NORMAL,13.3,3.7,4.1,4.0
21147,0.9705,0,WARNING,14.0,4.6,3.1,3.4
21148,0.2457,0,NORMAL,13.9,1.1,1.3,2.2
21149,0.2245,0,NORMAL,14.4,0.9,2.2,3.5
21150,0.2143,0,NORMAL,14.4,2.3,3.7,4.1
21151,0.7889,0,WARNING,15.9,4.1,3.7,3.1
21152,0.1786,0,NORMAL,15.7,1.6,3.3,4.0
21153,0.2281,0,NORMAL,15.9,1.0,2.1,3.0
21154,0.2383,0,NORMAL,15.7,0.8,1.6,2.4
21155,0.9966,0,WARNING,17.1,4.8,3.5,3.6
21156,0.5379,0,NORMAL,16.3,3.1,3.3,3.4
21157,0.1909,0,NORMAL,17.0,1.3,3.0,3.6
21158,0.2376,0,NORMAL,16.8,1.0,1.7,2.6
21159,0.2306,0,NORMAL,17.1,0.8,1.8,3.0
21160,0.8284,0,WARNING,17.4,3.7,3.4,3.3
21161,0.1868,0,NORMAL,17.4,2.3,3.5,3.7
21162,0.1959,0,NORMAL,17.4,1.8,3.0,3.2
21163,0.2329,0,NORMAL,17.6,0.8,2.1,3.0
21164,0.2309,0,NORMAL,17.5,0.8,1.8,2.3
21165,0.2288,0,NORMAL,18.0,2.4,5.5,5.6
21166,0.9215,0,WARNING,18.0,5.5,6.1,5.4
21167,0.1785,0,NORMAL,15.6,1.8,5.9,6.7
21168,0.3254,0,NORMAL,12.4,1.0,4.0,4.6
21169,0.2851,0,NORMAL,13.5,1.7,5.2,5.5
21170,0.2225,0,NORMAL,13.7,2.5,5.9,6.3
21171,0.3051,0,NORMAL,14.9,3.6,6.5,6.8
21172,0.1638,0,NORMAL,15.4,2.0,5.5,5.7
21173,0.1752,0,NORMAL,15.9,1.6,5.7,6.5
21174,0.1811,0,NORMAL,15.7,1.4,5.4,5.3
21175,0.4272,0,NORMAL,16.4,2.5,5.8,5.5
21176,0.6132,0,WARNING,16.6,4.4,7.3,6.1
21177,0.1453,0,NORMAL,16.7,2.2,5.8,5.8
21178,0.1991,0,NORMAL,16.5,1.0,3.6,4.2
21179,0.2151,0,NORMAL,16.7,1.0,2.5,2.9
21180,0.1828,0,NORMAL,12.2,2.4,3.3,3.8
21181,0.6031,0,WARNING,8.9,3.4,4.3,3.5
21182,0.9205,0,WARNING,9.2,3.7,3.1,3.7
21183,0.633,0,WARNING,10.5,2.3,5.7,5.3
21184,0.2326,0,NORMAL,10.1,1.2,2.5,2.2
21185,0.1916,0,NORMAL,10.9,2.3,3.8,3.5
21186,0.8829,0,WARNING,11.1,5.5,5.3,4.5
21187,0.2133,0,NORMAL,11.4,1.8,2.8,3.2
21188,0.2175,0,NORMAL,11.4,1.0,2.2,2.8
21189,0.2211,0,NORMAL,11.7,1.0,2.1,3.1
21190,0.2218,0,NORMAL,11.4,1.5,1.9,2.7
21191,0.8841,0,WARNING,11.9,4.8,2.7,2.8
21192,0.1853,0,NORMAL,12.1,2.4,4.2,4.3
21193,0.2405,0,NORMAL,12.0,0.8,1.5,2.5
21194,0.7628,0,WARNING,11.8,2.0,1.9,2.6
21195,0.7425,0,WARNING,12.6,3.9,4.2,3.5
21196,0.4335,0,NORMAL,12.5,3.8,3.3,3.1
21197,0.1801,0,NORMAL,12.6,2.2,3.0,4.5
21198,0.5157,0,NORMAL,13.1,2.3,4.3,4.3
21199,0.2302,0,NORMAL,12.8,1.0,2.4,2.6
21200,0.8824,0,WARNING,12.5,3.9,2.3,3.6
21201,0.2218,0,NORMAL,13.1,2.9,3.3,2.4
21202,0.1892,0,NORMAL,13.0,2.3,3.5,3.6
21203,0.2366,0,NORMAL,12.9,0.8,1.8,2.4
21204,0.5982,0,NORMAL,12.8,1.8,0.9,1.6
21205,0.7899,0,WARNING,12.5,3.2,3.3,3.6
21206,0.4387,0,NORMAL,10.2,3.8,4.9,4.3
21207,0.2534,0,NORMAL,8.6,1.4,2.8,3.1
21208,0.2438,0,NORMAL,8.4,0.6,1.3,2.0
21209,0.2429,0,NORMAL,9.3,1.0,1.7,2.4
21210,0.9476,0,WARNING,8.9,4.3,2.7,3.2
21211,0.1866,0,NORMAL,10.3,2.8,4.7,4.1
21212,0.2005,0,NORMAL,10.3,1.7,2.7,2.8
21213,0.2215,0,NORMAL,11.3,1.2,2.7,3.0
21214,0.8284,0,WARNING,10.8,2.5,1.8,2.9
21215,0.1924,0,NORMAL,11.9,1.9,4.1,3.6
21216,0.6897,0,WARNING,11.7,4.4,4.5,3.6
21217,0.1828,0,NORMAL,12.2,1.8,3.4,3.7
21218,0.2316,0,NORMAL,11.9,0.7,1.9,2.4
21219,0.9565,0,WARNING,12.1,3.3,1.3,1.9
21220,0.2066,0,NORMAL,12.2,2.3,4.1,4.1
21221,0.1861,0,NORMAL,13.2,3.0,5.3,4.9
21222,0.2215,0,NORMAL,12.9,1.7,2.9,2.7
21223,0.9353,0,WARNING,13.2,3.3,2.1,2.7
21224,0.2386,0,NORMAL,12.8,0.8,1.8,2.8
21225,0.2048,0,NORMAL,13.3,3.7,6.4,4.4
21226,0.8271,0,WARNING,13.7,5.5,6.2,5.3
21227,0.8563,0,WARNING,13.5,3.2,4.2,4.8
21228,0.1706,0,NORMAL,14.3,1.9,6.9,6.9
21229,0.1705,0,NORMAL,14.8,2.8,12.1,10.4
21230,0.8216,0,WARNING,13.5,5.9,13.8,11.2
21231,0.2819,0,NORMAL,11.2,3.6,11.7,10.4
21232,0.1712,0,NORMAL,11.3,2.8,9.5,8.1
21233,0.8173,0,WARNING,12.9,3.3,7.5,6.7
21234,0.1179,0,NORMAL,12.0,2.6,9.9,8.7
21235,0.1395,0,NORMAL,12.6,2.3,8.1,7.4
21236,0.8997,0,WARNING,12.7,6.2,10.5,9.4
21237,0.9683,0,WARNING,13.4,5.2,8.2,7.2
21238,0.1196,0,NORMAL,14.7,2.3,7.3,6.6
21239,0.6669,0,WARNING,13.9,3.3,6.0,5.3
21240,0.1646,0,NORMAL,10.4,1.9,4.2,3.8
21241,0.2493,0,NORMAL,9.0,3.7,7.9,5.6
21242,0.1442,0,NORMAL,9.8,2.7,7.7,5.9
21243,0.7372,0,WARNING,9.8,3.1,5.8,5.1
21244,0.1503,0,NORMAL,10.9,2.3,7.7,6.5
21245,0.1465,0,NORMAL,10.2,2.7,5.8,5.0
21246,0.9752,0,WARNING,11.6,7.6,11.2,9.3
21247,0.2867,0,NORMAL,13.4,3.2,10.7,7.2
21248,0.2297,0,NORMAL,12.8,2.4,8.2,7.2
21249,0.7322,0,WARNING,14.9,4.5,12.5,11.2
21250,0.1282,0,NORMAL,15.0,3.5,9.5,7.0
21251,0.6003,0,WARNING,14.9,4.0,10.2,8.1
21252,0.0872,0,NORMAL,14.2,2.3,7.0,5.8
21253,0.1488,0,NORMAL,16.3,2.2,6.9,5.8
21254,0.9183,0,WARNING,14.9,4.7,8.4,7.4
21255,0.0969,0,NORMAL,14.4,2.6,6.6,6.3
21256,0.5217,0,NORMAL,16.4,6.1,14.5,11.7
21257,0.2387,0,NORMAL,16.0,4.1,11.2,8.7
21258,0.3385,0,NORMAL,14.9,3.9,10.8,8.9
21259,0.3588,0,NORMAL,12.0,2.5,6.8,6.0
21260,0.9167,0,WARNING,11.1,6.2,13.8,11.1
21261,0.1365,0,NORMAL,11.5,3.4,8.6,5.8
21262,0.1018,0,NORMAL,12.0,3.3,10.7,9.0
21263,0.1262,0,NORMAL,13.3,2.3,10.4,9.7
21264,0.2017,0,NORMAL,12.4,1.6,7.9,6.6
21265,0.1196,0,NORMAL,12.5,2.7,9.2,7.9
21266,0.6055,0,WARNING,13.2,5.0,10.9,8.6
21267,0.8191,0,WARNING,13.4,4.1,9.1,7.4
21268,0.1957,0,NORMAL,12.8,1.7,6.7,6.0
21269,0.1574,0,NORMAL,13.1,1.5,5.5,5.8
21270,0.1453,0,NORMAL,13.3,2.9,8.1,7.0
21271,0.1381,0,NORMAL,13.6,3.7,8.2,6.8
21272,0.1394,0,NORMAL,14.3,2.2,8.6,8.2
21273,0.1851,0,NORMAL,13.4,1.2,4.6,4.2
21274,0.175,0,NORMAL,13.8,1.4,4.9,5.0
21275,0.236,0,NORMAL,15.6,3.6,8.8,7.2
21276,0.9751,0,WARNING,13.0,6.4,9.5,8.4
21277,0.2254,0,NORMAL,10.9,3.8,10.0,8.1
21278,0.1611,0,NORMAL,11.1,2.3,10.0,9.0
21279,0.1436,0,NORMAL,10.9,1.5,6.5,6.1
21280,0.1535,0,NORMAL,11.0,1.9,7.3,5.5
21281,0.1368,0,NORMAL,12.8,4.0,11.1,9.0
21282,0.1749,0,NORMAL,12.6,1.9,6.9,6.9
21283,0.8794,0,WARNING,13.9,4.3,8.0,7.1
21284,0.1543,0,NORMAL,13.3,2.0,8.0,7.0
21285,0.3047,0,NORMAL,15.3,4.5,16.1,13.3
21286,0.5127,0,NORMAL,14.8,5.9,14.5,11.7
21287,0.336,0,NORMAL,15.9,4.0,15.8,14.2
21288,0.3259,0,NORMAL,15.4,3.3,15.7,14.0
21289,0.662,0,WARNING,16.5,4.3,14.2,12.2
21290,0.4258,0,NORMAL,18.0,4.5,15.7,12.9
21291,0.3831,0,NORMAL,17.4,5.4,18.7,15.5
21292,0.3094,0,NORMAL,14.8,3.8,14.6,12.1
21293,0.2521,0,NORMAL,12.8,3.7,14.5,11.6
21294,0.9294,0,WARNING,14.4,5.1,19.1,13.6
21295,0.2898,0,NORMAL,14.5,4.8,18.0,12.8
21296,0.8428,0,WARNING,15.2,8.1,18.9,15.1
21297,0.5749,0,NORMAL,15.6,5.3,19.0,15.4
21298,0.9401,0,WARNING,15.7,6.7,18.6,15.1
21299,0.6702,0,WARNING,14.2,2.5,15.0,9.3
21300,0.1758,0,NORMAL,12.8,4.5,11.3,8.9
21301,0.9412,0,WARNING,11.4,6.6,14.3,10.6
21302,0.2973,0,NORMAL,13.1,3.3,14.9,12.4
21303,0.3466,0,NORMAL,14.7,3.1,16.1,13.2
21304,0.1827,0,NORMAL,13.3,2.2,8.8,7.2
21305,0.1353,0,NORMAL,14.2,3.0,11.5,10.1
21306,0.7287,0,WARNING,14.5,6.3,15.1,10.9
21307,0.4461,0,NORMAL,17.4,4.4,15.8,12.9
21308,0.2916,0,NORMAL,14.6,1.8,7.8,7.1
21309,0.3834,0,NORMAL,17.3,2.7,10.0,9.7
21310,0.0954,0,NORMAL,15.9,3.6,10.5,9.0
21311,0.0886,0,NORMAL,16.2,3.4,11.2,9.1
21312,0.1269,0,NORMAL,15.7,3.0,9.4,8.0
21313,0.4058,0,NORMAL,16.0,2.8,8.2,7.1
21314,0.64,0,WARNING,20.3,4.8,21.4,18.3
21315,0.4559,0,NORMAL,15.1,5.0,15.6,12.0
21316,0.2657,0,NORMAL,12.1,5.6,13.9,10.0
21317,0.4545,0,NORMAL,15.5,4.9,17.9,16.4
21318,0.7155,0,WARNING,15.3,4.6,14.3,11.7
21319,0.1781,0,NORMAL,14.5,3.0,10.1,9.4
21320,0.0994,0,NORMAL,13.5,3.1,8.7,7.3
21321,0.7734,0,WARNING,15.6,5.5,15.0,12.2
21322,0.1561,0,NORMAL,15.0,3.2,10.3,8.4
21323,0.9742,0,WARNING,14.5,5.1,8.8,8.1
21324,0.1402,0,NORMAL,14.3,2.0,7.7,6.7
21325,0.2366,0,NORMAL,16.5,4.3,14.3,12.1
21326,0.5106,0,NORMAL,16.4,5.4,12.0,9.1
21327,0.1967,0,NORMAL,16.6,3.6,11.2,9.5
21328,0.9308,0,WARNING,15.4,4.6,8.3,7.5
21329,0.1873,0,NORMAL,16.7,2.7,11.9,10.4
21330,0.1351,0,NORMAL,16.3,3.0,9.4,7.7
21331,0.2243,0,NORMAL,14.7,4.7,13.9,11.3
21332,0.2189,0,NORMAL,12.5,3.2,11.1,9.1
21333,0.1422,0,NORMAL,12.6,2.1,8.2,7.5
21334,0.7795,0,WARNING,12.2,3.7,8.2,6.4
21335,0.1874,0,NORMAL,14.1,4.8,15.4,11.1
21336,0.85,0,WARNING,14.9,7.1,16.1,13.5
21337,0.9612,0,WARNING,15.6,5.9,10.4,8.6
21338,0.2353,0,NORMAL,16.6,3.1,9.8,8.7
21339,0.1451,0,NORMAL,15.8,2.8,7.6,7.1
21340,0.8412,0,WARNING,18.0,6.4,19.9,13.0
21341,0.4048,0,NORMAL,17.3,4.6,17.4,12.7
21342,0.2382,0,NORMAL,18.0,3.8,13.0,10.7
21343,0.1908,0,NORMAL,17.4,2.4,8.9,8.0
21344,0.1994,0,NORMAL,16.6,2.4,8.5,7.7
21345,0.2243,0,NORMAL,18.2,3.9,11.8,10.5
21346,0.9533,0,WARNING,18.0,7.4,14.5,12.1
21347,0.3693,0,NORMAL,14.9,4.1,15.4,13.7
21348,0.3371,0,NORMAL,13.6,4.0,17.1,13.8
21349,0.3796,0,NORMAL,14.2,4.5,18.3,15.0
21350,0.2305,0,NORMAL,14.7,3.4,14.2,11.9
21351,0.3881,0,NORMAL,15.7,5.1,20.4,15.3
21352,0.8597,0,WARNING,17.1,6.6,27.5,17.4
21353,0.469,0,NORMAL,16.6,4.1,19.1,14.9
21354,0.5197,0,NORMAL,18.2,4.4,20.9,15.8
21355,0.4456,0,NORMAL,18.1,5.0,20.3,16.1
21356,0.4734,0,NORMAL,18.0,6.3,16.0,12.3
21357,0.4457,0,NORMAL,19.0,5.6,16.1,12.6
21358,0.2858,0,NORMAL,16.7,2.7,9.1,7.4
21359,0.2124,0,NORMAL,17.0,3.2,14.5,11.4
21360,0.3834,0,NORMAL,17.0,4.4,14.4,13.7
21361,0.9605,0,WARNING,18.1,7.9,18.8,14.0
21362,0.2966,0,NORMAL,19.0,4.4,17.6,12.9
21363,0.2107,0,NORMAL,19.4,2.2,8.6,7.0
21364,0.143,0,NORMAL,18.9,2.8,10.0,9.3
21365,0.1486,0,NORMAL,20.1,3.2,8.3,7.5
21366,0.8157,0,WARNING,19.8,5.8,9.5,7.8
21367,0.428,0,NORMAL,20.6,3.8,13.9,10.2
21368,0.9612,0,WARNING,20.1,5.1,8.9,8.2
21369,0.1804,0,NORMAL,21.1,4.0,13.8,10.8
21370,0.2871,0,NORMAL,20.9,3.9,16.3,13.7
21371,0.2872,0,NORMAL,21.6,5.4,16.3,12.9
21372,0.4459,0,NORMAL,23.5,4.4,15.3,12.2
21373,0.9608,0,WARNING,21.8,5.1,11.9,8.8
21374,0.537,0,NORMAL,24.2,4.1,16.9,13.9
21375,0.6129,0,WARNING,22.4,6.5,25.8,19.7
21376,0.4986,0,NORMAL,18.7,6.7,17.6,13.5
21377,0.4847,0,NORMAL,19.8,5.9,22.8,17.5
21378,0.7076,0,WARNING,20.5,5.3,17.8,14.2
21379,0.3141,0,NORMAL,20.9,4.1,15.6,13.8
21380,0.2124,0,NORMAL,19.9,4.2,13.6,10.7
21381,0.4258,0,NORMAL,22.1,5.4,17.8,13.5
21382,0.219,0,NORMAL,21.3,4.4,15.5,11.3
21383,0.2591,0,NORMAL,21.1,3.3,14.6,11.7
21384,0.1642,0,NORMAL,21.1,3.7,13.0,10.3
21385,0.1379,0,NORMAL,21.3,3.3,10.5,8.7
21386,0.725,0,WARNING,21.8,5.4,15.9,12.4
21387,0.2879,0,NORMAL,22.6,4.5,14.1,10.8
21388,0.2307,0,NORMAL,20.6,3.1,9.7,8.3
21389,0.8128,0,WARNING,19.1,5.1,10.8,9.0
21390,0.1362,0,NORMAL,16.5,3.4,10.2,8.8
21391,0.1615,0,NORMAL,18.2,4.8,13.0,10.1
21392,0.2197,0,NORMAL,19.0,3.9,13.8,11.3
21393,0.2819,0,NORMAL,19.9,3.5,15.6,12.7
21394,0.1638,0,NORMAL,19.0,2.3,11.1,8.7
21395,0.8759,0,WARNING,20.4,5.5,15.1,12.9
21396,0.504,0,NORMAL,22.0,5.9,13.0,9.7
21397,0.3044,0,NORMAL,21.1,5.0,18.0,14.3
21398,0.2704,0,NORMAL,21.3,3.0,13.9,11.5
21399,0.6645,0,WARNING,21.4,4.2,12.0,9.3
21400,0.4996,0,NORMAL,22.2,4.5,11.9,9.4
21401,0.2277,0,NORMAL,22.4,4.5,14.5,12.0
21402,0.1788,0,NORMAL,21.2,3.5,12.4,10.3
21403,0.4048,0,NORMAL,23.8,2.3,12.4,9.0
21404,0.2437,0,NORMAL,21.6,2.7,12.7,11.7
21405,0.4438,0,NORMAL,19.0,4.3,16.4,14.8
21406,0.9612,0,WARNING,19.6,9.2,20.6,16.7
21407,0.3917,0,NORMAL,19.8,5.4,20.5,14.4
21408,0.3602,0,NORMAL,20.8,3.8,16.3,11.6
21409,0.337,0,NORMAL,21.2,4.2,14.1,11.3
21410,0.9511,0,WARNING,19.9,6.4,11.9,9.8
21411,0.3081,0,NORMAL,21.0,4.3,14.8,13.8
21412,0.9602,0,WARNING,22.0,7.4,17.9,15.0
21413,0.3079,0,NORMAL,22.1,4.2,17.2,14.0
21414,0.7235,0,WARNING,22.3,4.8,21.1,14.0
21415,0.9724,0,WARNING,23.6,7.3,16.1,13.2
21416,0.6456,0,WARNING,21.7,5.5,15.5,13.9
21417,0.4221,0,NORMAL,22.4,5.5,19.3,16.4
21418,0.2964,0,NORMAL,19.2,4.7,16.5,13.6
21419,0.8678,0,WARNING,17.9,5.9,16.4,15.2
21420,0.3636,0,NORMAL,17.3,5.0,12.8,9.1
21421,0.1949,0,NORMAL,17.0,4.7,13.5,11.8
21422,0.3881,0,NORMAL,19.1,5.3,17.3,15.0
21423,0.2435,0,NORMAL,20.0,3.8,14.5,12.0
21424,0.8092,0,WARNING,19.6,4.9,13.7,11.8
21425,0.7214,0,WARNING,22.6,7.0,25.0,19.5
21426,0.6474,0,WARNING,23.1,7.3,20.9,13.9
21427,0.3671,0,NORMAL,20.6,3.8,12.1,9.5
21428,0.1865,0,NORMAL,21.0,3.2,14.0,10.7
21429,0.9604,0,WARNING,21.0,4.7,10.0,8.9
21430,0.2073,0,NORMAL,21.9,3.7,13.2,9.4
21431,0.1798,0,NORMAL,20.9,3.5,11.4,8.7
21432,0.1482,0,NORMAL,22.3,3.5,10.9,8.7
21433,0.165,0,NORMAL,22.2,3.2,11.4,9.6
21434,0.1794,0,NORMAL,21.4,3.1,11.0,8.9
21435,0.405,0,NORMAL,20.9,4.8,14.1,11.9
21436,0.9431,0,WARNING,17.2,6.9,12.6,10.5
21437,0.194,0,NORMAL,17.6,4.4,12.2,10.0
21438,0.2277,0,NORMAL,19.0,4.9,14.7,12.5
21439,0.1713,0,NORMAL,18.9,3.4,10.9,9.0
21440,0.1299,0,NORMAL,19.1,3.4,9.5,8.1
21441,0.1086,0,NORMAL,20.4,4.7,12.0,8.8
21442,1.0,0,ANOMALY,21.0,7.3,10.6,8.5
21443,0.2457,0,NORMAL,20.5,3.6,12.2,9.1
21444,0.1373,0,NORMAL,20.2,2.6,10.2,8.1
21445,0.3834,0,NORMAL,22.5,5.3,16.6,12.6
21446,0.7259,0,WARNING,21.4,6.1,11.8,9.3
21447,0.1781,0,NORMAL,22.3,4.2,11.8,9.7
21448,0.9154,0,WARNING,21.5,4.2,9.0,7.9
21449,0.1801,0,NORMAL,22.3,2.8,9.5,7.8
21450,0.1939,0,NORMAL,21.8,3.6,10.4,8.4
21451,0.1484,0,NORMAL,20.6,4.0,11.9,9.3
21452,0.5371,0,NORMAL,21.1,4.8,16.6,12.8
21453,0.3793,0,NORMAL,20.0,3.8,15.8,11.5
21454,0.2892,0,NORMAL,19.5,4.3,16.7,12.5
21455,0.9997,0,WARNING,22.8,8.9,27.2,19.9
21456,0.5729,0,NORMAL,21.7,7.5,22.4,16.0
21457,0.4075,0,NORMAL,21.8,5.2,21.8,15.8
21458,0.2914,0,NORMAL,21.0,3.1,13.1,10.0
21459,0.3725,0,NORMAL,21.4,4.5,14.1,11.6
21460,0.2349,0,NORMAL,21.9,4.0,14.4,11.4
21461,0.2196,0,NORMAL,22.0,4.4,15.2,12.1
21462,0.2357,0,NORMAL,21.9,4.2,15.2,11.9
21463,0.2196,0,NORMAL,21.5,3.2,13.7,11.6
21464,0.9423,0,WARNING,21.6,6.6,12.8,10.6
21465,0.4656,0,NORMAL,23.4,5.3,14.8,11.2
21466,0.3871,0,NORMAL,19.9,6.4,16.7,11.9
21467,0.2498,0,NORMAL,18.0,3.7,12.3,9.3
21468,0.2277,0,NORMAL,19.2,3.0,13.3,11.4
21469,0.3608,0,NORMAL,21.2,3.7,12.4,9.8
21470,0.8745,0,WARNING,20.5,6.2,16.3,13.5
21471,0.2891,0,NORMAL,21.2,5.4,17.5,13.4
21472,0.2667,0,NORMAL,21.4,4.9,16.7,13.5
21473,0.1889,0,NORMAL,21.2,2.5,10.8,9.1
21474,0.2358,0,NORMAL,21.6,3.7,14.4,11.7
21475,0.8131,0,WARNING,22.6,6.6,15.4,12.1
21476,0.3868,0,NORMAL,22.9,6.5,17.5,15.8
21477,0.2817,0,NORMAL,23.0,3.7,11.6,8.9
21478,0.1934,0,NORMAL,22.4,2.9,11.0,8.8
21479,0.195,0,NORMAL,22.8,3.3,12.7,10.9
21480,0.1338,0,NORMAL,19.6,3.9,12.4,9.5
21481,0.8472,0,WARNING,18.5,6.7,19.3,14.5
21482,0.2879,0,NORMAL,20.2,3.1,15.0,11.3
21483,0.3831,0,NORMAL,21.4,3.9,16.3,13.3
21484,0.366,0,NORMAL,20.4,4.0,17.5,13.8
21485,0.4994,0,NORMAL,21.1,5.2,16.5,11.6
21486,0.9854,0,WARNING,22.2,7.7,15.3,12.4
21487,0.2665,0,NORMAL,21.4,4.4,16.6,13.0
21488,0.3829,0,NORMAL,23.5,3.4,14.3,12.4
21489,0.2818,0,NORMAL,22.9,3.1,14.7,12.7
21490,0.2435,0,NORMAL,22.0,3.8,14.6,12.2
21491,0.7708,0,WARNING,23.8,6.7,20.2,15.1
21492,0.3001,0,NORMAL,22.4,3.4,9.8,7.1
21493,0.1843,0,NORMAL,23.1,3.1,11.7,9.8
21494,0.7121,0,WARNING,23.4,6.0,29.1,23.4
21495,0.7895,0,WARNING,23.2,9.3,35.0,24.6
21496,0.9089,0,WARNING,21.4,6.9,15.7,11.4
21497,0.5529,0,NORMAL,22.5,6.1,20.8,16.8
21498,0.4674,0,NORMAL,21.3,4.9,21.3,14.6
21499,0.4172,0,NORMAL,22.2,4.3,17.5,15.3
21500,0.9662,0,WARNING,21.2,6.6,14.4,10.5
21501,0.3109,0,NORMAL,22.2,4.5,16.4,13.2
21502,0.1889,0,NORMAL,21.7,4.1,13.9,10.3
21503,0.1569,0,NORMAL,21.8,2.5,10.2,8.8
21504,0.1936,0,NORMAL,21.2,2.6,9.5,7.6
21505,0.9697,0,WARNING,22.4,5.0,24.5,13.2
21506,0.7193,0,WARNING,22.1,6.3,15.0,11.8
21507,0.2616,0,NORMAL,23.1,4.0,14.2,11.2
21508,0.5959,0,NORMAL,21.9,3.5,10.8,8.9
21509,0.1419,0,NORMAL,19.0,2.5,9.2,8.1
21510,0.2075,0,NORMAL,18.2,3.4,13.6,11.5
21511,0.1866,0,NORMAL,18.6,3.8,13.1,11.3
21512,0.8747,0,WARNING,20.0,5.8,12.7,9.8
21513,0.1807,0,NORMAL,20.3,3.5,13.0,11.3
21514,0.3374,0,NORMAL,22.5,3.2,11.0,9.3
21515,0.2622,0,NORMAL,22.8,4.1,12.1,10.3
21516,0.943,0,WARNING,22.4,7.4,13.8,11.2
21517,0.5011,0,NORMAL,21.6,3.9,10.4,9.3
21518,0.9426,0,WARNING,24.2,5.1,10.2,9.2
21519,0.2493,0,NORMAL,23.5,3.2,12.1,10.1
21520,0.262,0,NORMAL,23.0,3.7,11.8,9.1
21521,0.2881,0,NORMAL,23.3,3.8,11.4,9.1
21522,0.9617,0,WARNING,23.0,6.4,12.3,9.9
21523,0.3201,0,NORMAL,23.2,3.1,12.1,10.3
21524,0.2852,0,NORMAL,21.0,3.1,14.4,12.8
21525,0.5966,0,NORMAL,19.3,5.6,19.8,15.6
21526,0.5886,0,NORMAL,18.5,5.5,16.2,12.0
21527,0.4454,0,NORMAL,20.5,4.6,18.4,15.9
21528,0.9975,0,WARNING,19.7,6.4,15.9,13.7
21529,0.2345,0,NORMAL,19.7,3.0,13.1,10.3
21530,0.3413,0,NORMAL,20.5,4.1,16.0,14.4
21531,0.6264,0,WARNING,20.8,4.6,20.4,15.1
21532,0.3339,0,NORMAL,20.4,4.0,16.2,13.5
21533,0.2357,0,NORMAL,21.0,3.0,14.4,12.1
21534,0.3789,0,NORMAL,20.9,4.1,15.0,12.7
21535,0.9604,0,WARNING,22.5,6.8,15.6,12.1
21536,0.7172,0,WARNING,21.7,5.9,13.0,10.9
21537,0.1694,0,NORMAL,21.1,2.7,8.9,7.3
21538,0.1695,0,NORMAL,21.0,2.9,11.4,11.1
21539,0.137,0,NORMAL,19.0,2.7,12.8,9.6
21540,0.4679,0,NORMAL,18.8,6.0,21.6,16.0
21541,0.4948,0,NORMAL,18.8,5.4,15.9,12.7
21542,0.2311,0,NORMAL,18.9,3.2,13.1,10.1
21543,0.1308,0,NORMAL,19.3,2.8,11.0,8.8
21544,0.1426,0,NORMAL,18.7,2.0,6.9,6.0
21545,0.1135,0,NORMAL,19.3,3.6,9.1,7.5
21546,0.6734,0,WARNING,20.2,5.6,10.2,7.1
21547,0.1864,0,NORMAL,20.9,4.1,12.2,9.3
21548,0.1783,0,NORMAL,20.4,1.8,8.4,7.5
21549,0.1609,0,NORMAL,19.7,1.9,6.0,5.8
21550,0.6763,0,WARNING,20.4,4.3,8.6,7.6
21551,0.108,0,NORMAL,20.7,3.8,10.1,8.2
21552,0.1609,0,NORMAL,21.1,3.9,13.4,11.1
21553,0.1659,0,NORMAL,20.9,2.0,7.3,6.0
21554,0.1725,0,NORMAL,20.6,2.1,8.3,6.9
21555,0.1925,0,NORMAL,21.8,3.4,11.7,11.0
21556,0.6033,0,WARNING,24.3,6.8,16.6,12.1
21557,0.3932,0,NORMAL,21.4,5.7,19.3,14.6
21558,0.3614,0,NORMAL,17.7,4.2,16.6,13.8
21559,0.8108,0,WARNING,19.8,4.5,12.8,11.0
21560,0.2247,0,NORMAL,18.4,3.2,9.3,6.9
21561,0.0779,0,NORMAL,19.0,3.4,8.7,6.9
21562,0.1238,0,NORMAL,18.5,2.6,7.1,5.8
21563,0.1587,0,NORMAL,19.9,2.7,10.7,8.9
21564,0.1574,0,NORMAL,19.4,2.1,8.6,6.9
21565,0.1697,0,NORMAL,20.8,4.1,13.4,10.9
21566,0.5185,0,NORMAL,21.5,6.9,13.1,8.8
21567,0.2119,0,NORMAL,21.5,2.8,8.2,6.8
21568,0.2111,0,NORMAL,21.2,2.3,9.5,9.1
21569,0.519,0,NORMAL,20.9,3.1,6.4,5.4
21570,0.2455,0,NORMAL,21.6,2.4,8.1,8.0
21571,0.2701,0,NORMAL,22.3,3.8,11.1,9.1
21572,0.2974,0,NORMAL,22.6,2.7,9.1,8.0
21573,0.3169,0,NORMAL,22.4,2.6,10.0,8.5
21574,0.3286,0,NORMAL,21.9,2.2,8.3,6.6
21575,0.7835,0,WARNING,22.6,4.4,8.2,7.3
21576,0.6081,0,WARNING,19.7,5.0,9.0,7.4
21577,0.1129,0,NORMAL,17.2,3.8,9.6,7.2
21578,0.4163,0,NORMAL,17.3,2.8,7.6,6.6
21579,0.198,0,NORMAL,17.7,2.7,8.3,7.2
21580,0.1244,0,NORMAL,18.3,3.4,7.9,6.4
21581,0.0739,0,NORMAL,19.1,4.1,10.0,8.7
21582,0.2907,0,NORMAL,18.7,3.1,7.3,6.5
21583,0.1275,0,NORMAL,19.3,2.1,5.0,4.8
21584,0.1286,0,NORMAL,20.5,2.4,9.4,7.8
21585,0.6811,0,WARNING,21.4,4.8,10.6,9.0
21586,0.7819,0,WARNING,20.7,5.8,14.0,8.9
21587,0.5985,0,NORMAL,20.9,3.4,6.6,5.8
21588,0.5997,0,NORMAL,20.8,2.9,5.7,5.8
21589,0.193,0,NORMAL,20.9,2.6,7.9,7.0
21590,0.2192,0,NORMAL,20.8,3.0,7.6,6.7
21591,0.2477,0,NORMAL,21.5,3.8,10.5,9.2
21592,0.8785,0,WARNING,21.3,4.3,9.6,9.1
21593,0.26,0,NORMAL,22.5,3.6,13.6,12.3
21594,0.8978,0,WARNING,22.2,4.6,13.5,10.9
21595,0.1581,0,NORMAL,19.0,3.8,11.9,10.2
21596,0.8746,0,WARNING,17.3,7.2,14.8,12.0
21597,0.9854,0,WARNING,18.2,6.6,13.9,10.1
21598,0.1821,0,NORMAL,18.4,2.3,9.0,7.5
21599,0.3959,0,NORMAL,20.0,3.8,10.9,9.2
21600,0.2702,0,NORMAL,16.8,3.2,9.0,7.3
21601,0.2767,0,NORMAL,15.7,4.3,8.9,6.8
21602,0.152,0,NORMAL,16.6,1.6,6.6,5.6
21603,1.0,0,ANOMALY,17.3,7.6,6.8,5.2
21604,0.21,0,NORMAL,18.6,2.5,8.7,7.6
21605,0.1727,0,NORMAL,19.3,3.4,8.5,6.3
21606,0.8208,0,WARNING,18.6,6.0,8.1,6.6
21607,0.1411,0,NORMAL,19.8,3.5,10.6,8.4
21608,0.1106,0,NORMAL,19.2,2.4,7.7,6.4
21609,0.9329,0,WARNING,19.5,5.5,8.4,7.5
21610,0.1559,0,NORMAL,20.3,3.5,9.9,8.8
21611,0.412,0,NORMAL,20.8,4.7,8.4,5.6
21612,0.8997,0,WARNING,21.1,5.3,8.7,7.1
21613,0.2072,0,NORMAL,21.1,1.9,6.3,5.6
21614,0.2083,0,NORMAL,21.4,2.3,7.9,6.9
21615,0.9795,0,WARNING,21.6,6.1,9.3,7.0
21616,0.8982,0,WARNING,20.8,6.8,7.8,6.5
21617,0.2341,0,NORMAL,21.8,4.1,9.7,7.8
21618,0.8903,0,WARNING,21.2,4.5,7.1,6.1
21619,0.2514,0,NORMAL,21.7,2.2,6.4,6.2
21620,0.1396,0,NORMAL,17.9,2.8,6.6,5.8
21621,0.5183,0,NORMAL,16.3,4.6,11.2,8.6
21622,0.1309,0,NORMAL,16.3,3.4,7.6,4.7
21623,0.1296,0,NORMAL,18.0,2.6,8.9,7.8
21624,0.1473,0,NORMAL,17.9,1.7,6.0,5.3
21625,0.854,0,WARNING,19.3,4.7,8.6,6.2
21626,0.42,0,NORMAL,18.6,4.7,9.0,7.4
21627,0.2895,0,NORMAL,19.8,3.8,9.9,8.3
21628,0.6748,0,WARNING,18.7,2.8,6.0,5.5
21629,0.1789,0,NORMAL,20.9,3.2,9.5,8.1
21630,0.8201,0,WARNING,19.6,4.7,8.2,6.4
21631,0.4142,0,NORMAL,20.6,5.2,11.2,8.6
21632,0.1584,0,NORMAL,19.8,2.9,7.2,5.7
21633,0.2887,0,NORMAL,21.4,2.3,6.9,6.0
21634,0.7815,0,WARNING,22.0,4.5,12.6,10.3
21635,0.2277,0,NORMAL,22.3,4.9,16.9,11.8
21636,0.5964,0,NORMAL,21.2,5.2,12.3,8.6
21637,0.2196,0,NORMAL,22.2,4.7,14.9,12.1
21638,0.2306,0,NORMAL,21.8,3.4,12.0,9.4
21639,1.0,0,ANOMALY,19.1,7.0,9.1,7.9
21640,0.2397,0,NORMAL,17.6,3.8,13.0,8.6
21641,0.3984,0,NORMAL,19.7,4.6,16.8,11.2
21642,0.3378,0,NORMAL,18.3,2.8,8.9,7.3
21643,0.1951,0,NORMAL,19.8,3.0,12.2,10.4
21644,0.3919,0,NORMAL,20.3,3.9,20.0,14.7
21645,0.9786,0,WARNING,20.3,5.8,11.4,9.0
21646,0.847,0,WARNING,21.2,6.1,17.9,12.9
21647,0.2424,0,NORMAL,21.1,4.1,14.7,12.2
21648,0.1775,0,NORMAL,20.0,1.9,9.1,7.2
21649,0.2116,0,NORMAL,21.7,3.8,13.5,11.2
21650,0.1615,0,NORMAL,21.6,4.0,14.5,11.5
21651,0.9298,0,WARNING,22.0,6.9,14.2,11.3
21652,0.4257,0,NORMAL,24.1,5.2,15.9,11.1
21653,0.297,0,NORMAL,23.4,3.8,13.5,9.5
21654,0.2802,0,NORMAL,22.5,2.6,12.3,10.8
21655,0.446,0,NORMAL,22.1,4.5,15.6,12.3
21656,0.6623,0,WARNING,17.8,6.4,14.3,11.3
21657,0.8107,0,WARNING,20.8,5.9,16.8,15.4
21658,0.2868,0,NORMAL,20.2,2.4,10.0,8.6
21659,0.1783,0,NORMAL,21.8,2.8,10.2,8.7
21660,0.1642,0,NORMAL,16.9,3.8,11.2,8.4
21661,0.2696,0,NORMAL,13.0,4.4,11.7,8.5
21662,0.2075,0,NORMAL,14.9,4.3,13.2,9.5
21663,0.7768,0,WARNING,15.9,5.0,11.4,8.3
21664,0.2354,0,NORMAL,16.6,2.5,9.0,6.9
21665,0.1223,0,NORMAL,15.4,3.7,9.7,7.5
21666,0.6722,0,WARNING,18.5,5.6,11.8,9.1
21667,0.3375,0,NORMAL,18.1,3.7,9.9,8.0
21668,0.219,0,NORMAL,17.8,2.7,10.3,8.6
21669,0.1622,0,NORMAL,18.3,2.7,7.5,6.1
21670,0.851,0,WARNING,17.4,4.8,10.0,8.3
21671,0.215,0,NORMAL,18.0,4.1,10.8,7.9
21672,0.2792,0,NORMAL,19.0,4.1,8.3,6.3
21673,0.7313,0,WARNING,18.5,4.3,10.3,8.6
21674,0.3132,0,NORMAL,19.6,4.6,14.5,10.6
21675,0.4655,0,NORMAL,20.9,5.1,15.6,11.2
21676,0.8462,0,WARNING,19.2,6.9,13.7,9.0
21677,0.3492,0,NORMAL,20.1,5.6,15.7,11.6
21678,0.226,0,NORMAL,16.7,3.4,11.7,9.9
21679,0.1275,0,NORMAL,12.7,3.3,10.3,9.0
21680,0.326,0,NORMAL,14.8,5.0,17.2,13.1
21681,0.1923,0,NORMAL,15.5,3.2,10.4,7.7
21682,0.9092,0,WARNING,16.9,5.7,11.3,8.8
21683,0.6615,0,WARNING,17.0,4.1,11.6,9.3
21684,0.1742,0,NORMAL,16.8,2.3,10.2,7.7
21685,0.0985,0,NORMAL,16.8,3.7,12.7,9.6
21686,0.6681,0,WARNING,17.9,5.8,11.8,9.3
21687,0.5533,0,NORMAL,20.3,6.3,19.0,13.5
21688,0.3954,0,NORMAL,18.2,2.6,11.3,9.3
21689,0.9302,0,WARNING,19.6,5.7,14.7,12.3
21690,0.2356,0,NORMAL,17.4,4.2,11.0,7.7
21691,0.2588,0,NORMAL,17.5,2.6,7.0,6.6
21692,0.2801,0,NORMAL,18.0,3.4,10.5,9.1
21693,0.2931,0,NORMAL,18.4,2.9,10.8,8.9
21694,0.1903,0,NORMAL,17.1,3.1,11.2,9.2
21695,0.4657,0,NORMAL,17.3,4.9,16.8,12.7
21696,0.8489,0,WARNING,14.6,6.3,12.0,8.7
21697,0.386,0,NORMAL,16.3,6.1,19.9,15.6
21698,0.3329,0,NORMAL,15.1,2.7,9.9,8.2
21699,0.1704,0,NORMAL,15.8,2.4,8.1,7.0
21700,0.0986,0,NORMAL,15.8,3.1,10.2,8.0
21701,0.0817,0,NORMAL,16.5,3.4,9.2,6.8
21702,0.9691,0,WARNING,17.2,5.6,12.5,10.2
21703,0.1485,0,NORMAL,16.6,2.9,10.3,8.0
21704,0.1593,0,NORMAL,17.5,2.7,10.1,7.8
21705,0.3133,0,NORMAL,18.9,4.4,15.5,12.9
21706,0.6693,0,WARNING,18.7,6.2,13.6,11.0
21707,0.3731,0,NORMAL,19.8,5.3,18.0,15.3
21708,0.314,0,NORMAL,19.8,3.8,14.3,11.9
21709,0.3818,0,NORMAL,19.2,4.2,13.9,13.1
21710,0.7672,0,WARNING,16.8,6.0,16.9,14.2
21711,0.3772,0,NORMAL,14.0,4.7,14.7,13.4
21712,0.2442,0,NORMAL,14.9,4.3,14.7,12.0
21713,0.317,0,NORMAL,16.7,5.1,17.3,12.9
21714,0.5145,0,NORMAL,15.2,3.4,10.4,8.5
21715,0.3782,0,NORMAL,16.6,4.7,13.8,12.5
21716,0.9974,0,WARNING,19.0,9.5,22.5,19.4
21717,0.4164,0,NORMAL,17.7,5.1,14.9,12.3
21718,0.214,0,NORMAL,17.4,3.6,11.7,11.0
21719,0.3378,0,NORMAL,18.5,3.7,11.1,9.2
21720,0.2285,0,NORMAL,18.3,5.0,14.0,11.4
21721,0.5826,0,NORMAL,20.3,5.6,15.5,12.2
21722,0.2719,0,NORMAL,18.6,2.9,9.6,7.8
21723,0.1296,0,NORMAL,19.4,4.6,13.4,8.8
21724,0.5892,0,NORMAL,19.5,4.3,7.5,5.8
21725,0.3701,0,NORMAL,22.0,6.5,19.6,14.8
21726,0.9294,0,WARNING,22.3,8.1,11.4,7.8
21727,0.4276,0,NORMAL,22.0,3.7,13.8,9.5
21728,0.5825,0,NORMAL,23.1,5.0,17.8,14.0
21729,0.843,0,WARNING,22.0,5.2,12.7,10.2
21730,0.1819,0,NORMAL,21.1,2.8,8.7,6.8
21731,0.3966,0,NORMAL,21.9,5.5,9.9,6.5
21732,0.2165,0,NORMAL,22.1,4.3,12.5,10.1
21733,0.2321,0,NORMAL,22.8,2.6,10.3,8.6
21734,0.2504,0,NORMAL,22.0,2.7,9.0,7.0
21735,0.2801,0,NORMAL,23.2,3.6,9.9,8.6
21736,0.9921,0,WARNING,22.0,8.1,15.1,12.3
21737,0.304,0,NORMAL,18.1,4.9,13.4,10.5
21738,0.3178,0,NORMAL,19.2,3.9,16.3,11.9
21739,0.1721,0,NORMAL,20.0,3.6,11.0,9.2
21740,0.1285,0,NORMAL,19.3,3.7,10.7,8.0
21741,0.1179,0,NORMAL,20.6,3.5,10.3,8.5
21742,0.1485,0,NORMAL,21.1,3.6,12.1,9.4
21743,0.1389,0,NORMAL,20.6,2.4,8.5,7.0
21744,0.1328,0,NORMAL,20.4,2.4,9.4,7.0
21745,0.2117,0,NORMAL,21.7,3.9,14.9,11.2
21746,0.9921,0,WARNING,21.9,8.4,15.3,11.2
21747,0.2141,0,NORMAL,20.8,3.1,8.7,6.6
21748,0.1776,0,NORMAL,21.1,3.0,10.6,8.8
21749,0.1924,0,NORMAL,21.9,2.6,9.3,7.8
21750,0.2084,0,NORMAL,21.9,3.4,11.9,9.0
21751,0.3374,0,NORMAL,24.1,5.1,13.9,9.7
21752,0.3228,0,NORMAL,23.5,4.1,12.6,9.2
21753,0.2244,0,NORMAL,19.2,2.9,10.3,9.1
21754,0.1732,0,NORMAL,17.6,2.3,8.8,6.8
21755,0.9439,0,WARNING,19.3,6.4,12.7,9.6
21756,0.404,0,NORMAL,19.6,6.3,16.0,12.0
21757,0.2058,0,NORMAL,20.3,4.5,13.4,9.5
21758,0.1241,0,NORMAL,20.7,3.4,13.0,9.8
21759,0.4049,0,NORMAL,23.3,5.1,19.4,15.4
21760,0.295,0,NORMAL,21.3,3.0,10.1,8.5
21761,0.3468,0,NORMAL,22.7,4.7,16.2,13.8
21762,0.663,0,WARNING,22.8,5.4,14.1,10.6
21763,0.5007,0,NORMAL,25.2,6.2,17.9,14.2
21764,0.3521,0,NORMAL,23.6,3.2,12.4,9.2
21765,0.3635,0,NORMAL,24.9,4.9,15.3,11.6
21766,0.5004,0,NORMAL,24.4,6.9,15.5,11.9
21767,0.3961,0,NORMAL,25.3,4.8,15.4,11.7
21768,0.2079,0,NORMAL,20.5,3.6,12.8,10.9
21769,0.4981,0,NORMAL,19.9,4.4,15.6,12.0
21770,0.2008,0,NORMAL,19.0,4.4,12.4,9.2
21771,0.2562,0,NORMAL,19.7,4.4,9.9,8.1
21772,0.9425,0,WARNING,21.4,6.7,13.4,10.6
21773,0.4225,0,NORMAL,22.5,4.7,19.4,16.1
21774,0.5838,0,NORMAL,21.4,3.5,10.4,7.7
21775,0.1375,0,NORMAL,21.1,3.6,11.1,8.4
21776,0.3958,0,NORMAL,22.2,5.8,14.1,12.0
21777,0.2659,0,NORMAL,22.4,2.9,10.9,8.5
21778,0.2704,0,NORMAL,22.3,2.3,8.4,6.7
21779,0.4461,0,NORMAL,25.3,4.9,15.3,12.3
21780,0.8134,0,WARNING,23.1,8.1,25.8,19.6
21781,0.5516,0,NORMAL,20.8,7.9,26.2,18.6
21782,0.9505,0,WARNING,20.1,5.9,16.8,11.2
21783,0.2563,0,NORMAL,19.4,2.7,7.7,6.3
21784,0.9994,0,WARNING,21.0,5.7,8.4,7.2
21785,0.1893,0,NORMAL,20.7,3.7,11.3,8.2
21786,0.5918,0,NORMAL,23.5,8.7,21.0,14.0
21787,0.843,0,WARNING,23.0,8.0,19.7,14.2
21788,0.3107,0,NORMAL,22.4,3.9,16.7,12.7
21789,0.7149,0,WARNING,20.9,3.7,6.9,5.3
21790,0.187,0,NORMAL,21.3,2.6,9.2,8.6
21791,0.1886,0,NORMAL,21.8,3.3,8.0,5.8
21792,0.2004,0,NORMAL,21.8,2.4,6.0,5.1
21793,0.2058,0,NORMAL,22.6,2.7,9.1,7.7
21794,0.2223,0,NORMAL,21.1,2.1,6.0,5.2
21795,0.2119,0,NORMAL,21.7,3.3,7.7,6.1
21796,0.5251,0,NORMAL,22.1,5.0,8.9,8.1
21797,0.366,0,NORMAL,20.0,4.3,15.6,14.4
21798,0.3564,0,NORMAL,18.7,3.5,12.3,9.6
21799,0.2033,0,NORMAL,19.2,4.0,14.3,11.6
21800,0.2435,0,NORMAL,19.7,3.9,14.7,11.6
21801,0.1567,0,NORMAL,19.9,3.2,10.8,7.8
21802,0.3833,0,NORMAL,22.7,4.8,16.9,12.8
21803,0.6652,0,WARNING,21.6,5.0,15.4,10.5
21804,0.2276,0,NORMAL,21.8,2.7,14.0,10.9
21805,0.1542,0,NORMAL,21.4,3.5,11.1,8.7
21806,0.6668,0,WARNING,22.2,6.5,13.6,9.3
21807,0.2114,0,NORMAL,21.6,3.2,10.2,8.3
21808,0.2299,0,NORMAL,21.2,1.5,6.1,5.3
21809,0.245,0,NORMAL,22.1,3.1,10.3,8.2
21810,0.265,0,NORMAL,21.9,3.0,9.1,7.3
21811,0.2861,0,NORMAL,23.1,3.6,9.5,7.7
21812,0.3041,0,NORMAL,21.7,2.9,7.5,6.1
21813,0.2898,0,NORMAL,21.0,3.7,14.4,12.6
21814,0.1629,0,NORMAL,17.2,2.5,8.1,5.8
21815,0.1239,0,NORMAL,18.2,3.7,8.6,6.7
21816,0.5186,0,NORMAL,18.7,6.0,10.6,7.6
21817,0.1162,0,NORMAL,20.1,3.4,11.2,9.4
21818,0.1781,0,NORMAL,21.2,2.5,11.8,10.0
21819,0.2626,0,NORMAL,22.0,2.2,8.7,7.4
21820,0.3102,0,NORMAL,22.5,3.1,12.5,11.0
21821,0.4142,0,NORMAL,23.1,4.1,10.7,8.2
21822,0.3643,0,NORMAL,22.3,2.4,6.9,5.2
21823,0.3812,0,NORMAL,24.6,3.4,11.7,9.4
21824,0.3881,0,NORMAL,22.9,2.4,10.3,8.2
21825,0.4,0,NORMAL,24.7,4.2,12.9,10.2
21826,0.5173,0,NORMAL,23.9,4.9,14.4,9.8
21827,0.4642,0,NORMAL,25.7,5.0,17.7,14.3
21828,0.9301,0,WARNING,24.5,4.9,11.5,10.0
21829,0.4793,0,NORMAL,24.0,2.5,8.9,7.9
21830,0.4911,0,NORMAL,24.8,4.6,13.9,10.9
21831,0.3438,0,NORMAL,21.5,5.4,14.0,11.3
21832,0.6075,0,WARNING,19.3,3.8,16.8,11.4
21833,0.2325,0,NORMAL,19.8,2.5,8.8,7.0
21834,0.3979,0,NORMAL,21.4,4.3,15.8,11.8
21835,0.6625,0,WARNING,21.1,4.7,14.0,11.2
21836,0.4993,0,NORMAL,20.4,4.4,10.9,9.9
21837,0.1573,0,NORMAL,21.4,3.2,12.3,10.5
21838,0.1832,0,NORMAL,22.0,2.7,10.4,9.0
21839,0.1899,0,NORMAL,21.2,2.1,7.5,6.7
21840,0.2354,0,NORMAL,18.1,5.2,17.6,11.5
21841,0.6668,0,WARNING,14.1,5.5,12.5,9.5
21842,0.1956,0,NORMAL,15.4,3.4,14.2,10.5
21843,0.1655,0,NORMAL,14.9,2.8,9.8,7.3
21844,0.1386,0,NORMAL,15.1,2.4,10.8,8.1
21845,0.153,0,NORMAL,16.0,4.0,13.3,10.1
21846,0.5989,0,NORMAL,16.2,5.1,10.9,8.8
21847,0.1353,0,NORMAL,15.7,3.2,9.2,8.2
21848,0.9789,0,WARNING,16.3,4.3,9.2,8.6
21849,0.1958,0,NORMAL,17.0,3.8,13.6,10.8
21850,0.2114,0,NORMAL,16.9,3.6,12.1,8.7
21851,0.2578,0,NORMAL,17.3,4.6,11.3,8.2
21852,0.2995,0,NORMAL,17.2,3.4,10.2,8.3
21853,0.3158,0,NORMAL,17.2,2.6,7.3,5.7
21854,0.324,0,NORMAL,17.0,2.0,7.0,6.2
21855,0.4218,0,NORMAL,18.7,5.8,15.6,12.7
21856,0.4099,0,NORMAL,17.4,4.5,7.1,5.0
21857,0.368,0,NORMAL,17.5,3.2,7.5,6.8
21858,0.8515,0,WARNING,15.4,4.7,11.2,9.0
21859,0.3189,0,NORMAL,13.3,4.3,16.1,13.0
21860,0.2598,0,NORMAL,13.7,3.7,14.4,11.8
21861,0.1615,0,NORMAL,14.1,3.7,10.0,7.0
21862,0.9946,0,WARNING,14.7,7.2,14.1,10.4
21863,0.2652,0,NORMAL,15.7,3.7,11.3,8.3
21864,0.2266,0,NORMAL,15.3,2.5,10.5,6.2
21865,0.9619,0,WARNING,16.5,9.6,17.8,12.3
21866,0.6616,0,WARNING,16.7,7.2,14.5,10.1
21867,0.1606,0,NORMAL,16.8,4.3,12.3,8.7
21868,0.9995,0,WARNING,16.8,7.2,11.4,9.2
21869,0.2009,0,NORMAL,17.3,2.4,8.6,6.9
21870,0.2253,0,NORMAL,17.8,4.8,12.7,9.2
21871,0.5981,0,NORMAL,17.2,4.2,8.6,6.2
21872,0.5115,0,NORMAL,19.5,5.2,22.1,17.2
21873,0.3509,0,NORMAL,17.8,2.6,12.3,8.6
21874,0.2769,0,NORMAL,17.2,2.2,7.6,5.9
21875,0.3009,0,NORMAL,17.7,3.1,9.1,6.9
21876,0.6737,0,WARNING,15.4,5.2,10.7,7.6
21877,0.1789,0,NORMAL,13.3,4.1,13.4,10.0
21878,0.8769,0,WARNING,12.8,4.0,7.4,6.0
21879,0.146,0,NORMAL,14.4,2.4,10.3,7.5
21880,0.1405,0,NORMAL,14.5,3.4,8.5,5.9
21881,0.1673,0,NORMAL,15.3,4.5,10.8,8.1
21882,0.1875,0,NORMAL,16.3,3.5,12.5,10.9
21883,0.1421,0,NORMAL,15.7,2.0,8.3,6.6
21884,0.7625,0,WARNING,15.8,3.6,8.1,6.4
21885,0.1565,0,NORMAL,17.1,2.9,9.0,7.7
21886,0.7801,0,WARNING,17.2,6.3,14.2,10.1
21887,0.2168,0,NORMAL,17.4,3.8,12.1,10.0
21888,0.2642,0,NORMAL,17.8,2.9,10.2,7.6
21889,0.2795,0,NORMAL,17.1,2.2,8.3,6.7
21890,0.2977,0,NORMAL,17.5,3.4,9.7,7.5
21891,0.3455,0,NORMAL,19.5,3.3,9.8,8.3
21892,0.9527,0,WARNING,18.3,5.0,9.2,8.4
21893,0.3619,0,NORMAL,19.4,3.1,12.9,11.0
21894,0.3611,0,NORMAL,18.8,2.6,10.9,8.5
21895,0.1182,0,NORMAL,15.8,3.7,10.4,8.7
21896,0.7763,0,WARNING,13.5,5.9,12.2,10.2
21897,0.1121,0,NORMAL,13.5,3.1,9.8,8.4
21898,0.1105,0,NORMAL,14.6,2.9,12.7,9.0
21899,0.1632,0,NORMAL,14.4,2.3,8.7,7.2
21900,0.1213,0,NORMAL,12.4,3.6,8.3,6.1
21901,0.0896,0,NORMAL,12.8,4.0,9.7,7.5
21902,0.0945,0,NORMAL,13.3,2.8,8.5,7.1
21903,0.1413,0,NORMAL,14.3,2.1,7.7,6.5
21904,0.6092,0,WARNING,18.2,3.4,10.2,7.8
21905,0.2642,0,NORMAL,17.4,4.6,14.6,10.6
21906,0.7797,0,WARNING,18.3,5.4,9.8,7.7
21907,0.165,0,NORMAL,17.2,3.9,9.7,7.7
21908,0.2262,0,NORMAL,17.8,2.3,8.3,7.2
21909,0.2775,0,NORMAL,18.2,1.8,6.4,5.5
21910,0.9329,0,WARNING,18.1,5.3,7.7,5.9
21911,0.3292,0,NORMAL,18.1,3.6,8.4,6.8
21912,0.3595,0,NORMAL,18.0,2.6,8.1,6.7
21913,0.3925,0,NORMAL,20.7,4.4,17.8,13.7
21914,0.8195,0,WARNING,19.8,4.2,12.5,8.1
21915,0.3812,0,NORMAL,19.1,3.5,8.9,7.8
21916,0.7296,0,WARNING,18.8,6.0,9.8,8.2
21917,1.0,0,WARNING,19.9,7.1,12.9,10.6
21918,0.4199,0,NORMAL,18.6,3.1,8.1,6.3
21919,0.1497,0,NORMAL,16.8,3.4,8.1,7.4
21920,0.8491,0,WARNING,13.7,4.5,10.7,9.1
21921,0.1204,0,NORMAL,13.4,4.3,12.8,8.4
21922,0.2751,0,NORMAL,15.4,4.8,16.0,12.3
21923,0.9435,0,WARNING,15.3,4.8,10.9,7.6
21924,0.123,0,NORMAL,15.7,3.2,10.4,6.4
21925,0.1135,0,NORMAL,16.2,3.5,9.0,6.6
21926,0.9438,0,WARNING,16.6,8.4,13.6,10.4
21927,0.3982,0,NORMAL,16.7,3.3,9.3,7.1
21928,0.1627,0,NORMAL,16.1,2.0,6.5,5.4
21929,0.9323,0,WARNING,16.4,4.0,6.7,6.2
21930,0.1753,0,NORMAL,17.1,3.2,12.1,10.4
21931,0.2165,0,NORMAL,17.2,4.5,9.6,6.0
21932,0.7325,0,WARNING,17.4,4.1,7.1,5.2
21933,0.252,0,NORMAL,17.5,2.7,10.3,9.0
21934,0.2551,0,NORMAL,16.4,2.2,7.0,5.5
21935,0.289,0,NORMAL,18.2,3.8,10.1,7.1
21936,0.8998,0,WARNING,20.1,7.9,9.4,7.2
21937,0.3649,0,NORMAL,18.0,3.1,7.1,5.7
21938,0.3836,0,NORMAL,18.5,2.9,8.6,6.5
21939,0.1442,0,NORMAL,16.8,2.6,10.4,9.1
21940,0.1315,0,NORMAL,13.9,2.7,8.8,6.6
21941,0.8796,0,WARNING,13.9,6.5,14.5,11.8
21942,0.2905,0,NORMAL,13.9,2.9,8.6,7.2
21943,0.1008,0,NORMAL,14.0,2.5,7.6,6.7
21944,0.8207,0,WARNING,15.8,5.1,13.0,10.2
21945,0.1022,0,NORMAL,15.5,3.3,9.9,8.1
21946,0.6723,0,WARNING,17.3,7.1,17.8,14.2
21947,0.9684,0,WARNING,17.0,6.5,12.8,9.9
21948,0.1678,0,NORMAL,16.3,2.5,8.3,6.8
21949,0.2069,0,NORMAL,17.5,3.9,11.5,9.4
21950,0.6708,0,WARNING,17.8,4.4,11.7,10.0
21951,0.9312,0,WARNING,17.5,5.5,11.5,8.3
21952,0.2556,0,NORMAL,17.0,2.8,7.1,5.9
21953,0.8768,0,WARNING,17.6,5.9,12.1,9.4
21954,0.2432,0,NORMAL,16.7,2.0,7.6,6.5
21955,0.2503,0,NORMAL,16.7,2.5,6.6,6.0
21956,0.6042,0,WARNING,16.9,4.6,8.8,7.6
21957,0.1261,0,NORMAL,16.2,4.1,12.5,11.0
21958,0.9743,0,WARNING,14.1,5.6,14.2,11.6
21959,0.1825,0,NORMAL,14.5,4.3,14.1,10.2
21960,0.153,0,NORMAL,13.9,4.0,10.9,8.5
21961,0.727,0,WARNING,13.5,5.1,10.7,7.7
21962,0.0979,0,NORMAL,14.3,3.6,9.2,6.2
21963,0.1495,0,NORMAL,13.9,1.8,6.1,4.8
21964,0.1414,0,NORMAL,14.7,2.9,8.7,7.0
21965,0.783,0,WARNING,15.6,5.2,12.3,9.1
21966,0.7323,0,WARNING,16.4,6.0,13.9,10.6
21967,0.9743,0,WARNING,16.1,5.6,9.2,8.2
21968,0.1664,0,NORMAL,16.1,2.3,8.1,6.9
21969,0.1818,0,NORMAL,16.3,2.3,6.3,5.1
21970,0.2039,0,NORMAL,16.0,2.7,6.4,6.0
21971,0.9794,0,WARNING,16.8,6.7,8.4,6.2
21972,0.2688,0,NORMAL,16.5,2.1,6.0,5.5
21973,0.2662,0,NORMAL,16.7,2.5,6.2,5.5
21974,0.2626,0,NORMAL,16.2,1.6,5.1,4.5
21975,0.739,0,WARNING,16.9,4.5,9.0,7.6
21976,0.6102,0,WARNING,16.5,4.6,6.0,5.3
21977,0.3271,0,NORMAL,18.0,3.8,11.1,10.4
21978,0.3428,0,NORMAL,17.2,2.7,8.0,6.9
21979,0.3109,0,NORMAL,17.1,2.4,7.1,4.9
21980,0.809,0,WARNING,14.9,4.4,8.0,7.2
21981,0.4163,0,NORMAL,14.4,5.6,13.1,9.6
21982,0.2251,0,NORMAL,14.4,3.4,10.8,7.6
21983,0.0719,0,NORMAL,15.4,3.2,10.2,7.9
21984,0.7301,0,WARNING,16.3,5.1,13.7,10.6
21985,0.1706,0,NORMAL,16.5,3.0,8.6,6.5
21986,0.7787,0,WARNING,17.1,6.6,9.9,7.7
21987,0.9904,0,WARNING,19.2,7.7,14.2,11.9
21988,0.3303,0,NORMAL,17.5,2.7,8.9,6.7
21989,0.9312,0,WARNING,18.2,5.2,8.9,7.0
21990,0.3673,0,NORMAL,18.9,3.7,9.6,5.5
21991,0.4056,0,NORMAL,19.3,4.6,11.6,8.5
21992,0.4342,0,NORMAL,18.1,3.0,6.0,4.0
21993,0.4431,0,NORMAL,18.5,2.2,5.5,5.0
21994,0.4442,0,NORMAL,18.9,2.1,7.0,6.0
21995,0.4496,0,NORMAL,18.4,2.9,6.7,5.7
21996,0.9553,0,WARNING,18.6,6.8,7.3,5.5
21997,0.4665,0,NORMAL,19.2,2.9,8.5,7.9
21998,0.5239,0,NORMAL,19.2,3.6,10.1,8.1
21999,0.4287,0,NORMAL,20.2,3.4,9.9,8.2
22000,0.1262,0,NORMAL,15.6,4.0,10.2,8.2
22001,0.6553,0,WARNING,13.7,5.3,11.2,8.3
22002,0.6705,0,WARNING,15.3,4.6,9.8,7.3
22003,0.0944,0,NORMAL,15.1,2.3,8.0,6.0
22004,0.9768,0,WARNING,16.3,5.6,9.5,7.8
22005,0.5082,0,NORMAL,16.1,4.4,9.3,7.9
22006,0.8977,0,WARNING,17.5,7.3,16.8,10.3
22007,0.2609,0,NORMAL,17.5,4.5,14.3,12.4
22008,0.8099,0,WARNING,17.4,5.6,14.7,11.8
22009,0.2731,0,NORMAL,17.6,3.8,12.2,9.6
22010,0.8113,0,WARNING,18.0,5.9,15.0,12.3
22011,0.3251,0,NORMAL,18.5,4.7,14.9,12.0
22012,0.3645,0,NORMAL,19.0,5.3,17.3,13.1
22013,0.3961,0,NORMAL,18.8,3.3,12.2,9.0
22014,0.4073,0,NORMAL,18.3,2.4,9.3,8.1
22015,0.4198,0,NORMAL,18.7,3.8,9.1,8.1
22016,0.997,0,WARNING,19.3,8.3,12.8,10.4
22017,0.3867,0,NORMAL,17.7,5.1,12.7,11.3
22018,0.2599,0,NORMAL,14.7,3.6,11.3,9.6
22019,0.1779,0,NORMAL,15.0,3.9,11.9,10.0
22020,0.2031,0,NORMAL,13.7,3.8,10.6,9.5
22021,0.2594,0,NORMAL,14.1,6.0,15.7,12.1
22022,0.221,0,NORMAL,15.6,3.7,13.0,10.1
22023,0.9295,0,WARNING,16.3,5.8,12.4,9.3
22024,0.4332,0,NORMAL,16.1,3.3,11.1,9.2
22025,0.1703,0,NORMAL,16.6,4.1,13.8,11.2
22026,0.395,0,NORMAL,16.6,5.4,12.0,8.2
22027,0.5057,0,NORMAL,16.6,4.1,8.3,6.8
22028,0.2152,0,NORMAL,16.4,1.7,7.2,6.5
22029,0.2208,0,NORMAL,17.0,1.8,5.3,4.3
22030,0.9551,0,WARNING,16.5,5.1,6.2,5.6
22031,0.2887,0,NORMAL,17.2,3.4,7.0,5.1
22032,0.3426,0,NORMAL,17.7,2.5,8.4,7.3
22033,0.3508,0,NORMAL,17.8,2.1,8.7,6.1
22034,0.344,0,NORMAL,17.7,2.7,9.7,7.5
22035,0.3465,0,NORMAL,19.1,4.2,10.5,9.5
22036,0.9176,0,WARNING,17.6,6.5,7.4,6.1
22037,0.3777,0,NORMAL,18.6,3.6,7.8,7.6
22038,0.3974,0,NORMAL,16.1,4.0,8.7,7.7
22039,0.8177,0,WARNING,14.2,4.4,10.7,8.9
22040,0.1357,0,NORMAL,13.0,3.5,9.2,6.8
22041,0.2808,0,NORMAL,14.1,3.6,8.1,6.5
22042,0.7803,0,WARNING,15.0,5.4,12.7,10.2
22043,0.2825,0,NORMAL,16.9,3.3,16.0,11.7
22044,0.238,0,NORMAL,16.3,3.7,15.5,10.3
22045,0.9432,0,WARNING,18.0,7.0,16.0,12.4
22046,0.7222,0,WARNING,16.9,6.0,11.0,9.0
22047,0.7715,0,WARNING,17.0,4.7,8.2,6.6
22048,0.7308,0,WARNING,16.6,3.1,5.8,5.2
22049,0.403,0,NORMAL,17.1,3.7,8.0,7.2
22050,0.5978,0,NORMAL,17.2,4.2,7.6,5.4
22051,0.3195,0,NORMAL,17.7,3.8,8.6,6.5
22052,0.3538,0,NORMAL,18.2,3.5,10.2,8.0
22053,0.5197,0,NORMAL,17.1,3.1,5.5,4.5
22054,0.3449,0,NORMAL,18.0,2.3,10.3,7.5
22055,0.3457,0,NORMAL,18.6,3.5,14.0,10.9
22056,0.5169,0,NORMAL,18.2,4.8,10.1,7.9
22057,0.143,0,NORMAL,16.0,3.2,8.5,7.1
22058,0.1628,0,NORMAL,12.7,1.6,5.3,4.6
22059,0.9749,0,WARNING,13.0,5.3,7.6,6.8
22060,0.1409,0,NORMAL,13.7,3.0,8.1,7.2
22061,0.1117,0,NORMAL,15.1,3.7,10.2,7.5
22062,0.1597,0,NORMAL,14.7,2.2,5.8,4.5
22063,0.1391,0,NORMAL,15.7,2.9,8.8,7.2
22064,0.1953,0,NORMAL,15.8,1.6,6.8,5.1
22065,0.1506,0,NORMAL,15.9,3.1,8.5,6.7
22066,0.9752,0,WARNING,16.4,7.0,11.1,8.4
22067,0.2002,0,NORMAL,17.1,3.2,10.2,7.7
22068,0.224,0,NORMAL,16.1,2.4,6.5,4.2
22069,0.2261,0,NORMAL,16.4,2.5,6.0,5.5
22070,0.9015,0,WARNING,17.2,4.8,10.5,9.3
22071,0.2645,0,NORMAL,17.0,4.2,11.3,9.0
22072,0.2881,0,NORMAL,17.6,3.1,9.5,8.3
22073,1.0,0,ANOMALY,18.0,7.6,10.3,8.4
22074,0.9374,0,WARNING,17.9,3.0,18.1,9.0
22075,0.8461,0,WARNING,17.8,4.7,9.0,7.5
22076,0.7236,0,WARNING,17.9,6.0,11.2,8.9
22077,0.1603,0,NORMAL,17.1,3.9,11.3,8.8
22078,0.122,0,NORMAL,14.1,3.3,10.5,8.9
22079,0.9994,0,WARNING,13.8,5.8,10.0,8.2
22080,0.1419,0,NORMAL,13.2,3.0,8.5,7.1
22081,0.1416,0,NORMAL,12.8,2.8,6.3,5.6
22082,0.9692,0,WARNING,14.6,6.0,12.2,9.6
22083,0.126,0,NORMAL,15.5,2.8,12.6,9.2
22084,0.1237,0,NORMAL,16.4,3.0,11.7,8.5
22085,0.1155,0,NORMAL,16.2,3.5,9.3,6.9
22086,0.852,0,WARNING,16.3,6.1,10.1,8.0
22087,0.5161,0,NORMAL,17.4,4.1,10.8,8.0
22088,0.2064,0,NORMAL,16.5,2.4,7.9,6.4
22089,0.9957,0,WARNING,16.9,4.8,8.8,7.6
22090,0.2616,0,NORMAL,17.2,3.2,10.7,8.2
22091,0.2739,0,NORMAL,18.4,3.5,12.1,9.7
22092,0.2885,0,NORMAL,17.8,3.1,9.5,7.2
22093,0.3042,0,NORMAL,17.7,2.6,9.4,7.5
22094,0.3113,0,NORMAL,17.9,2.9,10.4,8.7
22095,0.8212,0,WARNING,18.3,5.4,12.6,10.7
22096,0.602,0,WARNING,18.8,6.4,14.3,11.5
22097,0.8976,0,WARNING,18.5,5.4,11.0,9.5
22098,0.5438,0,NORMAL,18.3,3.0,13.0,8.2
22099,0.1957,0,NORMAL,15.9,3.9,12.5,11.0
22100,0.6647,0,WARNING,13.4,4.1,8.0,6.3
22101,0.0754,0,NORMAL,15.0,4.0,10.3,7.4
22102,0.2672,0,NORMAL,14.7,2.7,9.0,6.8
22103,0.1559,0,NORMAL,16.2,2.7,9.0,7.6
22104,0.2032,0,NORMAL,15.8,1.8,7.7,6.9
22105,0.2077,0,NORMAL,17.7,3.6,13.7,10.1
22106,0.3935,0,NORMAL,18.3,7.0,16.2,11.8
22107,0.6689,0,WARNING,18.0,4.8,11.3,8.6
22108,0.2837,0,NORMAL,17.3,1.7,6.8,5.3
22109,0.2916,0,NORMAL,18.1,3.6,11.5,9.3
22110,0.3197,0,NORMAL,18.9,3.5,9.3,7.0
22111,0.3482,0,NORMAL,18.7,4.1,12.6,8.1
22112,0.3702,0,NORMAL,18.7,2.8,9.9,7.4
22113,0.3798,0,NORMAL,19.8,2.7,9.8,7.8
22114,0.3825,0,NORMAL,18.3,1.9,6.8,5.8
22115,0.4021,0,NORMAL,18.7,3.5,8.6,6.8
22116,0.6084,0,WARNING,19.7,5.3,10.3,7.8
22117,0.78,0,WARNING,19.1,4.6,7.5,6.2
22118,0.1432,0,NORMAL,16.1,2.2,9.0,8.1
22119,0.1128,0,NORMAL,12.8,2.0,7.4,5.9
22120,0.122,0,NORMAL,14.0,3.1,9.9,8.6
22121,0.1788,0,NORMAL,16.1,4.3,12.0,9.0
22122,0.2496,0,NORMAL,15.5,2.6,7.6,6.0
22123,0.196,0,NORMAL,16.9,3.2,12.5,10.0
22124,0.1775,0,NORMAL,16.5,2.2,9.5,6.7
22125,0.2152,0,NORMAL,17.4,4.4,14.3,11.2
22126,0.6743,0,WARNING,17.3,6.3,12.8,10.3
22127,0.6696,0,WARNING,17.8,4.6,9.9,7.1
22128,0.3833,0,NORMAL,17.6,2.3,11.8,7.5
22129,0.3184,0,NORMAL,18.3,2.5,9.9,8.2
22130,0.348,0,NORMAL,19.0,3.8,12.1,10.3
22131,0.3821,0,NORMAL,18.6,3.4,11.2,9.8
22132,0.4063,0,NORMAL,18.5,3.2,9.7,7.6
22133,0.4193,0,NORMAL,20.4,2.6,9.9,8.3
22134,0.4375,0,NORMAL,20.1,2.6,11.8,9.7
22135,0.4867,0,NORMAL,20.9,4.2,14.8,12.2
22136,0.2708,0,NORMAL,17.5,5.7,15.1,10.8
22137,0.2245,0,NORMAL,13.4,2.9,10.6,8.1
22138,0.1035,0,NORMAL,14.3,2.9,9.3,7.5
22139,0.9433,0,WARNING,14.6,4.2,6.0,5.4
22140,0.1228,0,NORMAL,16.0,3.8,9.7,7.0
22141,0.1196,0,NORMAL,17.9,3.9,8.5,6.9
22142,0.1292,0,NORMAL,19.6,2.0,8.3,7.2
22143,0.1412,0,NORMAL,20.6,2.4,9.6,7.1
22144,0.1527,0,NORMAL,19.9,1.5,6.5,5.7
22145,0.1237,0,NORMAL,20.8,2.7,8.4,6.8
22146,0.6813,0,WARNING,20.5,4.8,10.7,7.3
22147,0.172,0,NORMAL,21.5,3.5,9.9,8.0
22148,0.2101,0,NORMAL,21.5,2.8,9.7,8.5
22149,0.2285,0,NORMAL,22.0,2.4,9.5,7.5
22150,0.2342,0,NORMAL,22.0,3.0,7.6,5.6
22151,0.5226,0,NORMAL,21.9,3.9,8.4,7.0
22152,0.2894,0,NORMAL,21.8,2.6,7.6,5.8
22153,0.3048,0,NORMAL,21.9,1.6,5.3,4.5
22154,0.3172,0,NORMAL,21.7,1.7,5.0,4.9
22155,0.3254,0,NORMAL,22.3,3.6,7.2,6.0
22156,0.6815,0,WARNING,22.6,4.6,7.3,7.3
22157,0.821,0,WARNING,23.4,6.1,12.2,10.2
22158,0.3522,0,NORMAL,22.3,2.9,8.0,6.8
22159,0.3622,0,NORMAL,22.3,2.3,4.9,4.3
22160,0.8526,0,WARNING,21.3,5.3,10.0,8.5
22161,0.1267,0,NORMAL,17.8,3.1,7.3,5.7
22162,0.82,0,WARNING,19.1,4.3,8.3,6.2
22163,0.4149,0,NORMAL,20.4,3.2,11.6,8.1
22164,0.1586,0,NORMAL,20.2,2.3,11.6,8.2
22165,0.1181,0,NORMAL,20.2,2.4,7.9,6.3
22166,0.6057,0,WARNING,21.0,4.5,9.0,6.6
22167,0.9176,0,WARNING,21.4,5.5,7.7,6.1
22168,0.2125,0,NORMAL,21.3,2.0,6.9,5.8
22169,0.235,0,NORMAL,21.4,1.6,4.5,3.9
22170,0.824,0,WARNING,21.8,4.5,6.1,5.4
22171,0.2957,0,NORMAL,22.5,3.7,8.5,7.4
22172,0.3391,0,NORMAL,23.5,3.4,10.1,7.9
22173,0.3724,0,NORMAL,22.9,2.1,6.5,4.9
22174,0.9018,0,WARNING,22.9,4.5,7.8,6.5
22175,0.388,0,NORMAL,23.4,3.7,9.4,7.4
22176,0.8217,0,WARNING,23.0,5.3,7.2,5.5
22177,0.9999,0,WARNING,23.8,7.3,9.5,7.8
22178,0.4647,0,NORMAL,23.3,1.8,5.7,5.1
22179,0.468,0,NORMAL,24.1,2.5,6.9,5.3
22180,0.9997,0,WARNING,24.3,6.5,7.2,5.5
22181,0.4705,0,NORMAL,24.2,3.1,7.4,5.7
22182,0.1225,0,NORMAL,20.2,2.6,6.9,6.0
22183,0.1621,0,NORMAL,17.7,1.9,5.0,4.2
22184,0.9459,0,WARNING,17.9,4.3,6.0,5.1
22185,0.1495,0,NORMAL,18.5,3.6,8.3,7.5
22186,0.8215,0,WARNING,19.3,5.3,8.2,6.8
22187,0.9747,0,WARNING,20.6,7.1,10.6,7.4
22188,0.1665,0,NORMAL,20.0,1.8,4.3,4.2
22189,0.1894,0,NORMAL,21.1,1.7,6.0,5.4
22190,0.1937,0,NORMAL,21.0,2.8,8.4,7.6
22191,0.9751,0,WARNING,22.3,6.5,9.9,8.2
22192,0.2863,0,NORMAL,21.2,3.3,7.5,6.8
22193,0.2745,0,NORMAL,21.7,2.4,6.2,5.4
22194,0.2933,0,NORMAL,21.5,2.0,6.7,6.0
22195,0.3047,0,NORMAL,21.8,2.4,6.5,6.3
22196,0.6108,0,WARNING,22.1,4.4,7.6,6.5
22197,0.3495,0,NORMAL,22.3,3.7,7.9,6.3
22198,0.5209,0,NORMAL,22.5,3.6,7.7,6.6
22199,0.3721,0,NORMAL,22.2,1.9,5.3,5.4
22200,0.1374,0,NORMAL,16.3,2.3,5.7,5.0
22201,0.1393,0,NORMAL,11.9,2.5,5.2,5.3
22202,0.8232,0,WARNING,13.1,4.1,5.8,5.6
22203,0.1262,0,NORMAL,14.0,2.1,7.7,6.6
22204,0.1478,0,NORMAL,14.0,1.7,5.8,4.5
22205,0.741,0,WARNING,14.5,3.7,6.3,5.9
22206,0.531,0,NORMAL,15.4,5.1,11.4,8.1
22207,0.1437,0,NORMAL,15.8,3.1,10.1,8.4
22208,0.1706,0,NORMAL,15.2,2.1,5.2,5.1
22209,0.7839,0,WARNING,15.8,2.8,4.1,4.2
22210,0.1994,0,NORMAL,15.7,1.8,4.7,4.2
22211,0.2317,0,NORMAL,16.8,3.2,6.4,5.2
22212,0.8246,0,WARNING,16.4,4.5,5.6,4.8
22213,0.9775,0,WARNING,17.4,5.0,7.5,6.2
22214,0.894,0,WARNING,16.5,3.7,5.3,4.8
22215,0.2933,0,NORMAL,16.9,2.6,5.1,5.8
22216,0.9172,0,WARNING,17.0,6.1,6.1,5.5
22217,0.3337,0,NORMAL,17.2,3.5,6.9,5.7
22218,0.3523,0,NORMAL,16.9,2.0,4.7,5.1
22219,0.6783,0,WARNING,17.6,3.2,6.1,5.8
22220,0.3663,0,NORMAL,17.3,2.2,5.8,5.0
22221,0.2499,0,NORMAL,16.6,3.4,6.2,4.2
22222,0.1802,0,NORMAL,13.3,2.6,5.5,5.0
22223,0.7867,0,WARNING,12.4,3.2,4.6,4.4
22224,0.1859,0,NORMAL,12.2,1.2,4.1,4.1
22225,0.1665,0,NORMAL,13.3,2.7,6.0,5.2
22226,0.5347,0,NORMAL,15.0,5.9,12.5,9.2
22227,0.7366,0,WARNING,15.5,4.2,8.9,6.4
22228,0.1699,0,NORMAL,14.8,1.5,4.5,4.3
22229,0.1825,0,NORMAL,15.5,1.5,4.4,5.1
22230,0.6143,0,WARNING,15.4,3.8,5.1,4.4
22231,0.1538,0,NORMAL,15.5,2.4,4.6,4.4
22232,0.2003,0,NORMAL,15.9,2.8,6.8,5.3
22233,0.6827,0,WARNING,16.5,3.2,5.8,5.2
22234,0.241,0,NORMAL,16.5,2.1,6.6,5.9
22235,0.2711,0,NORMAL,17.2,3.3,8.9,7.2
22236,0.7377,0,WARNING,16.8,4.3,6.3,5.2
22237,0.854,0,WARNING,17.5,4.7,7.4,6.6
22238,0.3697,0,NORMAL,17.8,2.2,6.7,5.9
22239,0.3775,0,NORMAL,18.2,2.1,7.8,6.9
22240,0.3892,0,NORMAL,17.8,3.1,7.2,5.6
22241,0.7378,0,WARNING,18.8,4.3,9.2,7.8
22242,0.4446,0,NORMAL,18.3,1.8,4.5,3.8
22243,0.1746,0,NORMAL,16.4,2.2,7.1,6.4
22244,0.1341,0,NORMAL,12.7,1.8,7.0,5.9
22245,0.858,0,WARNING,13.5,5.3,10.8,8.1
22246,0.9906,0,WARNING,13.2,6.6,7.7,6.8
22247,0.6731,0,WARNING,13.9,4.2,5.9,6.0
22248,0.1524,0,NORMAL,14.4,2.5,7.0,6.9
22249,0.228,0,NORMAL,15.4,2.3,8.4,7.5
22250,0.8779,0,WARNING,15.6,5.4,10.5,8.7
22251,0.1455,0,NORMAL,16.4,3.9,8.6,8.1
22252,0.2121,0,NORMAL,15.9,3.3,6.7,6.4
22253,0.9689,0,WARNING,16.8,5.2,7.9,8.2
22254,0.3384,0,NORMAL,15.9,2.2,6.3,6.4
22255,0.3181,0,NORMAL,16.8,3.6,8.6,8.3
22256,0.4065,0,NORMAL,16.9,4.9,10.0,9.7
22257,0.3318,0,NORMAL,17.5,4.0,10.3,8.5
22258,0.8757,0,WARNING,16.5,3.8,5.4,5.6
22259,0.3201,0,NORMAL,16.8,1.8,5.1,6.7
22260,0.3182,0,NORMAL,13.6,2.6,5.0,4.9
22261,0.3394,0,NORMAL,12.0,3.4,5.5,5.3
22262,0.3982,0,NORMAL,12.6,1.8,3.2,4.3
22263,0.1587,0,NORMAL,13.4,1.8,6.0,5.8
22264,0.1926,0,NORMAL,13.2,1.4,4.2,5.3
22265,0.1415,0,NORMAL,13.9,1.8,5.8,5.4
22266,0.6824,0,WARNING,13.9,3.7,5.1,5.2
22267,0.8808,0,WARNING,14.2,5.0,5.0,6.0
22268,0.204,0,NORMAL,14.0,1.0,4.2,4.8
22269,0.1595,0,NORMAL,14.7,1.4,4.8,4.7
22270,0.2666,0,NORMAL,14.3,1.5,3.6,3.8
22271,0.1681,0,NORMAL,15.2,3.1,6.4,5.4
22272,0.1755,0,NORMAL,15.0,1.9,4.1,4.0
22273,0.9347,0,WARNING,15.3,3.5,2.0,3.2
22274,0.2428,0,NORMAL,14.8,0.8,1.4,2.6
22275,0.2118,0,NORMAL,15.7,2.6,5.1,5.2
22276,0.6178,0,WARNING,15.9,5.0,5.5,5.1
22277,0.5297,0,NORMAL,15.8,2.8,2.6,3.1
22278,0.3077,0,NORMAL,16.1,1.5,1.9,3.3
22279,0.2961,0,NORMAL,16.2,1.8,3.3,4.1
22280,0.2978,0,NORMAL,16.1,1.9,3.3,3.8
22281,0.7883,0,WARNING,14.3,5.0,5.9,4.9
22282,0.1554,0,NORMAL,11.7,1.6,4.1,4.0
22283,0.1757,0,NORMAL,12.4,1.5,4.0,4.7
22284,0.2062,0,NORMAL,12.4,1.1,3.0,3.2
22285,0.1774,0,NORMAL,13.4,2.8,4.3,3.8
22286,0.6879,0,WARNING,13.4,4.6,4.4,3.7
22287,0.174,0,NORMAL,14.0,1.9,3.5,4.0
22288,0.2186,0,NORMAL,14.0,0.9,2.0,2.6
22289,0.2318,0,NORMAL,14.3,0.9,1.5,2.5
22290,1.0,0,ANOMALY,14.8,7.5,3.5,4.2
22291,0.1825,0,NORMAL,15.0,2.4,3.8,3.2
22292,0.1935,0,NORMAL,14.9,1.4,2.5,3.2
22293,0.2388,0,NORMAL,14.9,0.8,1.6,2.7
22294,0.9046,0,WARNING,15.1,3.6,1.9,2.8
22295,0.2285,0,NORMAL,15.5,2.2,3.5,3.6
22296,0.6881,0,WARNING,15.7,4.0,3.9,3.0
22297,0.2888,0,NORMAL,15.8,2.4,3.8,4.9
22298,0.3144,0,NORMAL,15.6,1.0,1.9,2.3
22299,0.6887,0,WARNING,16.2,2.4,2.2,3.0
22300,0.3193,0,NORMAL,16.2,1.9,2.9,3.6
22301,0.3213,0,NORMAL,16.3,2.8,4.1,3.8
22302,0.3436,0,NORMAL,16.1,1.7,3.3,3.5
22303,0.3578,0,NORMAL,16.2,0.9,1.7,2.4
22304,1.0,0,ANOMALY,16.3,5.6,1.5,2.4
22305,0.2122,0,NORMAL,14.3,3.4,6.0,5.7
22306,0.5355,0,NORMAL,12.0,3.7,5.2,4.6
22307,0.5331,0,NORMAL,12.3,3.0,3.7,4.5
22308,0.9028,0,WARNING,12.6,3.2,2.5,3.9
22309,0.2236,0,NORMAL,13.0,1.0,2.6,4.1
22310,0.1934,0,NORMAL,13.3,2.2,4.3,4.9
22311,0.2002,0,NORMAL,14.1,2.7,3.7,3.3
22312,0.9703,0,WARNING,14.3,4.3,2.6,3.4
22313,0.2156,0,NORMAL,14.5,1.1,2.4,3.7
22314,0.2398,0,NORMAL,14.1,0.8,1.8,3.1
22315,0.2051,0,NORMAL,14.4,1.8,3.0,3.6
22316,0.9865,0,WARNING,14.8,6.2,4.0,4.6
22317,0.188,0,NORMAL,15.2,1.9,3.8,4.7
22318,0.2178,0,NORMAL,14.9,1.2,2.3,3.1
22319,0.2292,0,NORMAL,15.0,1.0,1.9,2.6
22320,0.205,0,NORMAL,12.8,2.2,3.2,4.0
22321,0.9039,0,WARNING,11.5,4.9,4.0,3.6
22322,0.2302,0,NORMAL,12.2,0.7,1.5,2.4
22323,0.239,0,NORMAL,12.6,0.8,1.3,2.3
22324,0.2212,0,NORMAL,12.6,1.1,2.1,2.6
22325,0.2251,0,NORMAL,13.1,2.3,2.8,2.7
22326,0.5447,0,NORMAL,13.7,4.1,3.6,3.3
22327,0.1984,0,NORMAL,14.2,2.0,3.2,4.0
22328,0.2431,0,NORMAL,14.0,0.7,1.3,2.7
22329,0.2174,0,NORMAL,14.6,1.3,2.0,2.8
22330,0.2164,0,NORMAL,14.8,2.2,3.2,3.6
22331,0.7901,0,WARNING,15.6,4.1,3.4,3.3
22332,0.3029,0,NORMAL,15.6,1.3,2.1,2.8
22333,0.3278,0,NORMAL,16.2,0.6,1.8,2.4
22334,0.3213,0,NORMAL,15.5,0.6,2.2,3.1
22335,1.0,0,ANOMALY,17.4,7.2,3.6,3.4
22336,0.6861,0,WARNING,16.6,5.2,5.3,4.5
22337,0.4154,0,NORMAL,17.0,2.6,3.6,3.9
22338,0.4291,0,NORMAL,16.9,1.5,2.5,3.4
22339,0.4186,0,NORMAL,16.9,1.9,2.0,3.5
22340,0.8822,0,WARNING,16.8,3.3,2.3,3.3
22341,0.4116,0,NORMAL,16.9,1.9,3.3,3.7
22342,0.4213,0,NORMAL,17.0,2.2,3.6,3.1
22343,0.3899,0,NORMAL,16.4,0.9,1.4,2.9
22344,0.7701,0,WARNING,13.3,3.5,2.0,2.8
22345,0.2025,0,NORMAL,12.3,2.5,5.3,3.5
22346,0.5324,0,NORMAL,12.2,3.8,3.8,3.5
22347,0.1765,0,NORMAL,12.9,2.2,3.6,3.7
22348,0.2356,0,NORMAL,12.6,0.9,1.8,3.1
22349,0.9209,0,WARNING,13.1,3.2,1.4,2.2
22350,0.2051,0,NORMAL,13.2,1.9,2.7,3.2
22351,0.1985,0,NORMAL,13.8,2.7,3.8,4.3
22352,0.2089,0,NORMAL,13.7,1.5,2.2,2.6
22353,0.9641,0,WARNING,14.2,3.7,1.5,2.4
22354,0.2296,0,NORMAL,13.8,0.9,1.6,2.7
22355,0.209,0,NORMAL,14.9,2.2,3.5,3.9
22356,0.6891,0,WARNING,14.9,4.1,4.0,3.6
22357,0.2119,0,NORMAL,15.0,2.5,3.1,4.0
22358,0.8824,0,WARNING,15.1,2.8,1.9,2.7
22359,0.2193,0,NORMAL,15.4,1.2,1.8,3.1
22360,0.2361,0,NORMAL,15.3,1.7,2.4,2.5
22361,0.2591,0,NORMAL,15.6,2.3,2.9,3.2
22362,0.8835,0,WARNING,15.6,3.4,2.3,3.4
22363,0.291,0,NORMAL,15.7,0.9,1.3,1.9
22364,0.2976,0,NORMAL,15.6,0.7,1.2,1.9
22365,0.2977,0,NORMAL,16.2,2.3,4.8,5.1
22366,0.3206,0,NORMAL,16.0,2.6,3.8,3.1
22367,0.9356,0,WARNING,16.5,5.0,2.8,3.4
22368,0.2317,0,NORMAL,13.4,0.9,1.8,3.6
22369,0.23,0,NORMAL,11.5,1.0,1.5,2.3
22370,0.2053,0,NORMAL,11.4,1.8,2.5,3.5
22371,0.6227,0,WARNING,12.5,3.3,3.7,3.7
22372,0.1892,0,NORMAL,13.2,2.1,4.4,4.3
22373,0.4349,0,NORMAL,13.5,1.8,2.2,3.4
22374,0.2481,0,NORMAL,13.2,0.6,1.0,2.3
22375,0.3156,0,NORMAL,13.9,2.4,3.2,4.5
22376,0.7424,0,WARNING,14.4,4.8,4.4,4.5
22377,0.2006,0,NORMAL,14.5,1.5,2.5,3.5
22378,0.2461,0,NORMAL,14.1,0.6,1.4,3.0
22379,0.2291,0,NORMAL,14.9,0.9,1.9,2.8
22380,0.2217,0,NORMAL,14.6,2.2,2.7,2.5
22381,0.9047,0,WARNING,15.5,4.3,2.7,3.2
22382,0.1959,0,NORMAL,16.2,1.5,2.7,3.7
22383,0.2275,0,NORMAL,16.6,1.0,1.6,2.5
22384,0.2426,0,NORMAL,16.7,0.6,1.4,1.8
22385,0.2899,0,NORMAL,17.5,1.7,3.7,3.9
22386,0.2056,0,NORMAL,17.6,2.8,3.6,3.6
22387,0.3217,0,NORMAL,18.1,2.1,2.7,3.5
22388,0.2376,0,NORMAL,17.9,0.7,1.7,2.8
22389,0.8843,0,WARNING,18.4,3.2,1.8,3.4
22390,0.2217,0,NORMAL,18.4,1.5,1.9,2.8
22391,0.2091,0,NORMAL,19.1,2.0,2.3,2.7
22392,0.214,0,NORMAL,18.9,1.1,2.0,3.3
22393,0.9146,0,WARNING,19.4,2.5,1.1,1.9
22394,0.6186,0,WARNING,19.5,1.9,1.6,2.3
22395,0.2406,0,NORMAL,20.0,2.1,3.0,4.0
22396,0.436,0,NORMAL,20.3,4.1,4.5,3.8
22397,0.4332,0,NORMAL,20.7,2.7,2.9,3.7
22398,0.2986,0,NORMAL,20.1,1.6,1.8,3.6
22399,0.9204,0,WARNING,20.6,3.0,2.1,3.1
22400,0.3121,0,NORMAL,20.6,1.9,2.7,3.1
22401,0.34,0,NORMAL,22.2,3.2,5.3,3.8
22402,0.3844,0,NORMAL,21.2,1.6,2.6,3.4
22403,0.8263,0,WARNING,21.5,2.6,1.9,2.5
22404,0.3114,0,NORMAL,19.1,0.8,1.1,1.6
22405,0.2481,0,NORMAL,17.1,2.2,4.0,4.6
22406,0.6229,0,WARNING,17.2,3.6,4.5,4.5
22407,0.5372,0,NORMAL,17.7,3.0,3.6,3.6
22408,1.0,0,ANOMALY,18.3,6.4,3.1,4.4
22409,0.2599,0,NORMAL,18.4,1.0,2.4,3.1
22410,0.2173,0,NORMAL,18.7,2.2,2.8,2.7
22411,0.2199,0,NORMAL,19.4,2.4,3.5,3.4
22412,0.9999,0,WARNING,19.6,5.9,3.0,4.0
22413,0.2411,0,NORMAL,20.1,1.0,2.3,3.5
22414,0.269,0,NORMAL,20.0,1.5,3.1,3.3
22415,0.3179,0,NORMAL,21.1,3.1,4.7,4.2
22416,0.9034,0,WARNING,20.9,4.9,3.7,3.1
22417,0.4319,0,NORMAL,21.4,2.2,1.9,2.7
22418,0.4014,0,NORMAL,21.3,1.5,2.2,3.3
22419,0.4114,0,NORMAL,21.3,1.1,1.8,2.9
22420,0.4206,0,NORMAL,21.4,2.3,3.3,3.5
22421,0.9215,0,WARNING,22.2,4.5,3.8,4.4
22422,0.4586,0,NORMAL,21.8,1.6,3.3,4.6
22423,0.4577,0,NORMAL,21.9,1.5,2.9,4.1
22424,0.4497,0,NORMAL,21.6,1.3,2.0,3.3
22425,1.0,0,ANOMALY,22.2,6.3,5.0,6.3
22426,0.6152,0,WARNING,19.5,3.7,8.7,9.7
22427,0.2944,0,NORMAL,16.8,2.8,5.0,5.2
22428,0.2085,0,NORMAL,16.5,1.6,3.4,5.4
22429,0.1863,0,NORMAL,17.0,1.6,5.3,6.8
22430,0.3961,0,NORMAL,17.5,2.8,5.4,6.3
22431,0.1851,0,NORMAL,17.8,2.4,6.2,7.9
22432,0.6059,0,WARNING,18.3,3.1,6.0,7.5
22433,0.1934,0,NORMAL,18.4,1.2,4.8,6.9
22434,0.2024,0,NORMAL,18.5,1.5,4.4,7.1
22435,0.9183,0,WARNING,19.6,4.9,7.5,8.4
22436,0.603,0,WARNING,19.6,3.8,7.9,10.0
22437,0.4043,0,NORMAL,19.7,3.1,6.3,8.1
22438,0.8496,0,WARNING,19.6,3.1,4.9,7.8
22439,0.2869,0,NORMAL,19.7,1.2,5.3,8.5
22440,0.1927,0,NORMAL,15.3,2.3,7.3,8.8
22441,0.5162,0,NORMAL,11.3,2.9,7.4,9.3
22442,0.5148,0,NORMAL,11.1,2.4,6.1,8.2
22443,0.2269,0,NORMAL,11.9,0.8,2.3,2.7
22444,0.3921,0,NORMAL,11.6,0.4,0.5,1.0
22445,0.2627,0,NORMAL,12.3,2.0,3.2,3.6
22446,0.2022,0,NORMAL,12.6,2.6,3.7,3.7
22447,0.2002,0,NORMAL,13.3,2.0,2.6,3.3
22448,0.2375,0,NORMAL,13.1,0.9,1.4,2.6
22449,0.2451,0,NORMAL,13.3,0.7,1.2,2.6
22450,0.2244,0,NORMAL,13.3,2.1,3.2,3.5
22451,0.6904,0,WARNING,14.1,4.4,4.0,3.4
22452,0.265,0,NORMAL,14.1,1.2,2.0,3.3
22453,0.2783,0,NORMAL,14.2,0.9,2.1,3.4
22454,0.9006,0,WARNING,14.3,2.4,1.4,1.9
22455,0.2915,0,NORMAL,14.7,2.9,4.8,4.6
22456,0.946,0,WARNING,14.9,5.7,4.4,4.9
22457,0.5266,0,NORMAL,15.0,3.0,3.9,4.4
22458,0.3443,0,NORMAL,14.8,1.5,2.0,3.4
22459,0.4284,0,NORMAL,15.1,2.1,2.5,4.0
22460,0.3262,0,NORMAL,14.7,1.5,2.7,3.5
22461,0.2002,0,NORMAL,12.8,2.5,3.8,3.8
22462,0.2131,0,NORMAL,10.1,1.4,2.2,2.8
22463,0.7893,0,WARNING,11.1,3.3,2.3,3.4
22464,0.2415,0,NORMAL,11.5,0.9,1.6,2.3
22465,0.2111,0,NORMAL,12.7,2.0,2.8,2.8
22466,0.9801,0,WARNING,13.0,4.3,3.9,4.0
22467,0.4347,0,NORMAL,14.0,2.7,3.6,3.9
22468,0.8823,0,WARNING,14.0,2.8,2.0,2.9
22469,0.2267,0,NORMAL,14.3,1.0,2.0,3.2
22470,0.2035,0,NORMAL,14.6,1.9,3.4,3.8
22471,0.4397,0,NORMAL,15.4,3.2,3.6,3.3
22472,1.0,0,ANOMALY,15.2,6.1,2.0,2.2
22473,0.238,0,NORMAL,15.3,0.8,1.5,3.1
22474,0.2328,0,NORMAL,14.8,1.0,1.8,2.9
22475,0.2454,0,NORMAL,16.2,2.3,3.7,3.2
22476,0.6897,0,WARNING,15.5,3.7,4.6,5.3
22477,0.2703,0,NORMAL,15.8,2.4,3.5,4.8
22478,0.2671,0,NORMAL,15.3,0.9,2.4,3.9
22479,0.2664,0,NORMAL,15.8,1.3,2.2,3.4
22480,0.6882,0,WARNING,15.6,2.9,3.2,4.4
22481,0.3057,0,NORMAL,16.1,2.8,3.8,3.4
22482,0.3201,0,NORMAL,15.7,1.8,2.8,3.5
22483,0.2666,0,NORMAL,15.6,1.3,2.3,3.5
22484,0.8829,0,WARNING,13.1,2.6,1.8,3.3
22485,0.1929,0,NORMAL,12.0,1.9,3.6,3.9
22486,0.4387,0,NORMAL,13.0,3.6,6.6,6.4
22487,0.5352,0,NORMAL,13.0,3.2,5.4,6.0
22488,0.9027,0,WARNING,13.6,3.7,5.3,5.7
22489,0.2268,0,NORMAL,13.7,0.9,2.3,2.7
22490,0.202,0,NORMAL,13.5,1.6,2.6,4.0
22491,0.9348,0,WARNING,14.0,4.9,3.2,3.6
22492,0.2174,0,NORMAL,14.0,1.2,1.9,2.8
22493,0.2239,0,NORMAL,14.3,1.0,1.9,3.2
22494,0.2129,0,NORMAL,14.2,1.0,2.3,3.6
22495,0.3168,0,NORMAL,15.1,2.0,2.9,3.5
22496,0.904,0,WARNING,15.1,4.7,3.3,3.7
22497,0.3095,0,NORMAL,15.4,2.1,2.7,4.2
22498,0.9963,0,WARNING,15.2,4.6,1.2,2.5
22499,0.2422,0,NORMAL,15.1,1.1,1.5,2.5
22500,0.854,0,WARNING,12.5,4.6,3.6,3.2
22501,0.9394,0,WARNING,10.6,4.2,2.7,3.0
22502,0.2188,0,NORMAL,11.6,1.4,2.2,3.0
22503,0.2299,0,NORMAL,12.7,1.0,1.9,3.0
22504,0.8257,0,WARNING,13.4,2.8,2.0,3.0
22505,0.2132,0,NORMAL,13.6,1.9,2.7,3.0
22506,0.3171,0,NORMAL,14.3,3.0,4.0,3.7
22507,0.317,0,NORMAL,14.9,2.8,3.4,4.0
22508,0.9351,0,WARNING,15.0,3.7,2.8,3.9
22509,0.2331,0,NORMAL,15.0,0.8,1.8,2.8
22510,0.2665,0,NORMAL,15.0,1.5,2.7,3.6
22511,0.2595,0,NORMAL,16.5,3.1,4.7,4.9
22512,0.8264,0,WARNING,15.4,3.1,2.2,2.9
22513,0.2799,0,NORMAL,15.7,0.8,2.2,3.5
22514,0.2873,0,NORMAL,15.5,0.8,2.0,3.0
22515,0.2992,0,NORMAL,16.0,2.4,3.0,3.5
22516,0.4401,0,NORMAL,16.3,4.0,3.9,4.2
22517,0.9464,0,WARNING,16.8,5.0,3.2,4.4
22518,0.371,0,NORMAL,16.4,1.6,2.1,3.3
22519,0.3745,0,NORMAL,16.5,1.6,1.5,2.6
22520,0.3859,0,NORMAL,16.7,2.6,3.9,4.3
22521,0.9203,0,WARNING,17.0,4.1,3.4,3.2
22522,0.4075,0,NORMAL,16.5,1.6,2.4,3.0
22523,0.2241,0,NORMAL,14.1,1.2,1.9,2.8
22524,0.236,0,NORMAL,11.6,0.9,1.8,3.1
22525,0.9356,0,WARNING,12.4,4.7,4.1,3.6
22526,0.3157,0,NORMAL,13.2,3.5,4.0,3.1
22527,0.3147,0,NORMAL,14.1,2.7,3.1,3.8
22528,0.2401,0,NORMAL,14.1,1.0,1.5,2.6
22529,0.2226,0,NORMAL,14.3,0.9,1.7,2.6
22530,0.9472,0,WARNING,14.8,5.0,3.7,3.8
22531,0.2182,0,NORMAL,14.9,2.2,3.4,3.4
22532,0.2551,0,NORMAL,15.0,1.5,2.4,3.0
22533,0.2758,0,NORMAL,15.7,1.0,1.6,2.4
22534,0.8841,0,WARNING,15.6,3.1,2.0,3.4
22535,0.2983,0,NORMAL,16.4,2.0,3.3,3.2
22536,0.341,0,NORMAL,16.1,3.6,4.1,4.2
22537,0.3896,0,NORMAL,16.6,2.3,3.5,4.6
22538,0.9207,0,WARNING,16.4,3.9,2.3,3.8
22539,0.8089,0,WARNING,16.5,2.1,1.8,3.2
22540,0.3836,0,NORMAL,16.6,1.7,3.0,3.1
22541,0.4,0,NORMAL,17.2,1.9,3.3,4.3
22542,0.4263,0,NORMAL,16.7,1.2,1.7,2.4
22543,0.4338,0,NORMAL,17.0,1.3,1.3,2.4
22544,0.4325,0,NORMAL,16.8,0.7,1.5,3.0
22545,0.4322,0,NORMAL,17.3,1.7,3.3,3.5
22546,0.2037,0,NORMAL,14.4,3.7,4.9,5.5
22547,0.9757,0,WARNING,12.0,5.9,5.1,6.4
22548,0.3177,0,NORMAL,12.3,1.6,2.9,4.5
22549,0.4341,0,NORMAL,12.3,1.6,1.8,3.0
22550,0.3983,0,NORMAL,12.8,3.0,4.9,5.4
22551,0.1919,0,NORMAL,13.6,3.0,4.7,5.4
22552,0.8792,0,WARNING,13.8,3.7,2.6,3.8
22553,0.1973,0,NORMAL,14.0,1.8,2.8,4.3
22554,0.5005,0,NORMAL,13.5,1.4,2.0,3.7
22555,0.2755,0,NORMAL,13.9,2.4,3.4,4.6
22556,0.8229,0,WARNING,14.4,4.8,4.5,4.4
22557,0.2969,0,NORMAL,14.7,2.6,3.5,4.8
22558,0.2521,0,NORMAL,14.6,1.3,2.1,4.3
22559,0.3396,0,NORMAL,14.7,1.4,2.1,2.7
22560,0.3031,0,NORMAL,14.5,2.5,3.0,4.2
22561,1.0,0,ANOMALY,15.9,7.0,4.4,4.6
22562,0.2319,0,NORMAL,16.5,1.4,1.9,3.2
22563,0.296,0,NORMAL,16.5,1.5,2.0,3.4
22564,0.2343,0,NORMAL,16.5,1.4,1.8,2.8
22565,0.9638,0,WARNING,16.9,4.2,3.0,3.7
22566,0.534,0,NORMAL,18.0,3.6,3.9,3.5
22567,0.6174,0,WARNING,18.4,2.3,2.5,3.6
22568,0.251,0,NORMAL,18.2,0.5,1.3,2.6
22569,0.6221,0,WARNING,18.5,2.1,1.5,2.3
22570,0.2153,0,NORMAL,18.8,2.3,3.1,3.1
22571,0.2086,0,NORMAL,19.7,2.5,3.3,3.5
22572,0.2309,0,NORMAL,20.0,1.6,3.1,3.4
22573,0.2543,0,NORMAL,20.2,0.8,1.3,1.8
22574,0.7467,0,WARNING,20.0,2.5,2.2,3.3
22575,0.2947,0,NORMAL,20.5,2.6,4.1,4.5
22576,0.4384,0,NORMAL,20.8,3.7,4.2,4.2
22577,0.3697,0,NORMAL,21.4,3.0,3.6,3.9
22578,0.6172,0,WARNING,21.5,2.7,4.1,5.1
22579,0.3837,0,NORMAL,21.4,1.5,2.6,3.3
22580,0.3948,0,NORMAL,21.9,1.6,2.8,2.5
22581,0.4264,0,NORMAL,22.3,2.2,4.2,4.5
22582,0.935,0,WARNING,22.1,4.3,2.8,3.7
22583,0.2174,0,NORMAL,19.4,1.2,2.3,3.1
22584,0.2437,0,NORMAL,16.0,0.8,1.4,1.9
22585,0.2262,0,NORMAL,17.2,1.9,3.5,4.0
22586,0.3203,0,NORMAL,17.7,3.1,4.5,4.1
22587,0.9837,0,WARNING,18.2,5.2,3.3,3.1
22588,0.2294,0,NORMAL,18.2,0.7,2.4,3.7
22589,0.2324,0,NORMAL,18.3,1.0,1.9,3.2
22590,0.2174,0,NORMAL,18.4,1.8,2.6,2.6
22591,0.9802,0,WARNING,19.4,5.0,2.8,3.2
22592,0.1962,0,NORMAL,19.5,1.8,3.0,3.7
22593,0.2296,0,NORMAL,19.5,1.0,2.0,2.6
22594,0.2158,0,NORMAL,19.7,0.9,2.5,3.2
22595,0.2482,0,NORMAL,20.2,1.8,4.1,5.0
22596,1.0,0,ANOMALY,21.2,10.2,5.4,5.0
22597,0.613,0,WARNING,20.8,3.0,3.4,4.3
22598,0.3182,0,NORMAL,20.7,1.1,3.1,4.8
22599,0.9197,0,WARNING,20.5,2.9,2.6,3.4
22600,0.3019,0,NORMAL,20.5,1.8,3.9,4.0
22601,0.3389,0,NORMAL,21.6,2.9,5.5,5.7
22602,0.3655,0,NORMAL,21.3,2.0,4.1,4.8
22603,0.8564,0,WARNING,21.8,3.4,2.7,2.9
22604,0.3655,0,NORMAL,21.2,0.8,1.9,2.8
22605,0.3685,0,NORMAL,21.9,2.7,4.8,4.6
22606,0.1693,0,NORMAL,19.2,2.4,3.6,3.7
22607,0.537,0,NORMAL,17.6,3.0,4.6,4.0
22608,0.9757,0,WARNING,17.3,3.9,2.4,2.8
22609,0.295,0,NORMAL,17.4,1.4,2.5,3.1
22610,0.1924,0,NORMAL,17.9,2.5,4.7,4.0
22611,0.1782,0,NORMAL,18.7,2.2,4.3,3.8
22612,0.9465,0,WARNING,19.0,5.1,4.6,5.1
22613,0.2203,0,NORMAL,20.1,1.6,5.7,5.1
22614,0.1758,0,NORMAL,19.8,1.6,5.2,4.7
22615,0.7899,0,WARNING,20.5,3.5,5.1,4.4
22616,0.2982,0,NORMAL,20.2,3.0,4.4,3.8
22617,0.9019,0,WARNING,20.9,4.5,4.3,4.4
22618,0.2384,0,NORMAL,20.1,0.9,2.4,3.1
22619,0.2358,0,NORMAL,20.3,0.9,2.3,3.3
22620,0.3114,0,NORMAL,18.4,2.1,3.5,2.6
22621,0.3163,0,NORMAL,17.2,3.6,5.4,4.1
22622,0.9039,0,WARNING,17.9,3.7,4.0,4.4
22623,0.23,0,NORMAL,18.4,0.8,2.1,2.6
22624,0.227,0,NORMAL,18.6,1.1,1.9,2.2
22625,0.2086,0,NORMAL,19.1,2.2,3.6,3.0
22626,0.7909,0,WARNING,19.1,4.5,3.9,3.3
22627,0.5381,0,NORMAL,20.1,2.6,2.6,2.8
22628,0.2517,0,NORMAL,19.6,0.9,1.8,2.5
22629,0.2638,0,NORMAL,20.2,1.2,2.3,3.0
22630,0.2719,0,NORMAL,20.5,1.8,2.6,2.8
22631,0.9047,0,WARNING,21.8,5.7,5.4,5.0
22632,0.3384,0,NORMAL,21.5,1.9,4.2,4.8
22633,0.3441,0,NORMAL,21.2,0.7,1.7,2.3
22634,0.3485,0,NORMAL,20.9,0.7,0.8,1.4
22635,0.3701,0,NORMAL,21.9,2.5,3.2,3.3
22636,0.6229,0,WARNING,21.9,4.7,5.1,4.9
22637,0.4334,0,NORMAL,22.7,3.3,5.0,4.8
22638,0.439,0,NORMAL,21.8,1.6,2.3,3.0
22639,0.4446,0,NORMAL,22.3,1.6,2.0,3.2
22640,0.8568,0,WARNING,22.3,3.9,3.2,2.8
22641,0.4891,0,NORMAL,23.3,2.1,3.8,3.5
22642,0.5245,0,NORMAL,23.2,2.0,4.0,3.9
22643,0.5504,0,NORMAL,24.4,2.2,6.8,5.9
22644,0.6861,0,WARNING,23.9,2.5,4.7,4.2
22645,0.1942,0,NORMAL,20.5,2.2,4.9,4.4
22646,0.3105,0,NORMAL,18.4,3.3,5.5,5.2
22647,0.4315,0,NORMAL,18.3,2.7,3.6,3.7
22648,0.8819,0,WARNING,18.4,2.6,2.0,2.6
22649,0.2325,0,NORMAL,18.6,1.0,1.6,2.6
22650,0.199,0,NORMAL,18.5,1.9,2.7,3.2
22651,0.2014,0,NORMAL,20.2,2.9,4.0,3.5
22652,0.1941,0,NORMAL,20.4,2.6,7.6,7.2
22653,0.3093,0,NORMAL,20.2,1.4,3.3,3.3
22654,0.2469,0,NORMAL,19.8,0.8,1.1,1.8
22655,0.2401,0,NORMAL,20.7,2.6,3.8,3.8
22656,0.6891,0,WARNING,21.1,4.5,6.0,5.7
22657,0.4322,0,NORMAL,21.4,2.5,4.1,4.5
22658,0.3356,0,NORMAL,21.1,1.3,3.8,4.7
22659,0.3461,0,NORMAL,21.1,0.9,1.7,3.0
22660,0.4359,0,NORMAL,21.3,2.6,3.3,3.6
22661,0.4029,0,NORMAL,22.5,3.4,6.5,5.5
22662,0.4159,0,NORMAL,21.7,1.3,2.5,2.5
22663,0.42,0,NORMAL,22.0,1.5,2.7,3.3
22664,0.597,0,NORMAL,22.7,2.1,2.8,2.7
22665,0.5367,0,NORMAL,23.1,3.4,4.4,3.8
22666,0.4472,0,NORMAL,23.0,3.5,8.0,5.7
22667,0.4679,0,NORMAL,23.5,3.6,10.5,8.7
22668,0.4197,0,NORMAL,20.8,2.3,6.1,5.3
22669,0.1664,0,NORMAL,18.5,1.8,6.1,5.4
22670,0.1759,0,NORMAL,17.7,2.5,5.8,5.3
22671,0.1461,0,NORMAL,19.9,3.1,7.1,5.5
22672,0.8238,0,WARNING,20.9,4.8,10.0,8.6
22673,0.2052,0,NORMAL,20.9,2.2,7.8,7.2
22674,0.2317,0,NORMAL,21.6,2.1,8.8,8.2
22675,0.9329,0,WARNING,21.8,5.9,10.0,7.5
22676,0.4125,0,NORMAL,23.9,4.9,10.7,8.7
22677,0.4047,0,NORMAL,22.9,3.8,10.6,8.7
22678,0.8761,0,WARNING,22.5,4.1,9.4,7.7
22679,0.3703,0,NORMAL,22.6,1.8,7.7,6.6
22680,0.1489,0,NORMAL,20.9,3.1,9.8,8.3
22681,0.1329,0,NORMAL,19.7,3.9,10.5,8.8
22682,0.1537,0,NORMAL,21.9,3.5,11.8,9.1
22683,0.8993,0,WARNING,21.6,4.8,9.7,7.3
22684,0.1865,0,NORMAL,21.4,2.7,11.9,10.0
22685,0.3527,0,NORMAL,23.1,5.0,18.7,13.7
22686,0.5921,0,NORMAL,22.9,5.2,12.3,9.0
22687,0.9615,0,WARNING,23.0,5.9,9.8,8.8
22688,0.3658,0,NORMAL,22.1,1.5,5.6,5.5
22689,0.3818,0,NORMAL,23.4,2.8,9.2,8.1
22690,0.9987,0,WARNING,23.3,5.4,10.5,8.3
22691,0.4066,0,NORMAL,25.8,4.5,15.4,11.8
22692,0.426,0,NORMAL,25.1,4.4,16.8,13.7
22693,0.4432,0,NORMAL,25.9,4.0,16.9,13.6
22694,0.4493,0,NORMAL,24.8,2.8,11.9,8.8
22695,0.5036,0,NORMAL,24.8,4.5,10.8,8.5
22696,0.3976,0,NORMAL,23.7,5.8,14.7,12.6
22697,0.3912,0,NORMAL,20.7,5.3,16.6,13.6
22698,0.2478,0,NORMAL,21.8,3.4,13.1,10.9
22699,0.1659,0,NORMAL,21.8,2.7,8.9,7.6
22700,0.1384,0,NORMAL,22.7,2.3,8.4,7.6
22701,0.9788,0,WARNING,22.4,6.3,12.0,10.9
22702,0.2695,0,NORMAL,23.3,3.2,10.3,8.3
22703,0.3323,0,NORMAL,25.0,3.3,15.5,12.4
22704,0.5972,0,NORMAL,25.5,5.5,25.2,20.3
22705,0.4166,0,NORMAL,24.1,3.3,14.7,11.3
22706,0.8723,0,WARNING,23.8,5.5,10.1,8.6
22707,0.6612,0,WARNING,24.3,4.3,11.7,10.0
22708,0.428,0,NORMAL,24.1,2.9,11.8,10.4
22709,0.4376,0,NORMAL,24.9,2.6,12.0,8.7
22710,0.4498,0,NORMAL,24.9,3.3,11.9,9.2
22711,0.2744,0,NORMAL,23.7,4.3,15.1,12.9
22712,0.7256,0,WARNING,20.0,4.2,13.8,8.9
22713,0.1781,0,NORMAL,21.6,2.9,11.1,8.8
22714,0.3132,0,NORMAL,22.9,2.7,9.4,8.5
22715,0.3375,0,NORMAL,23.7,4.3,14.1,11.4
22716,0.5055,0,NORMAL,25.1,6.8,19.5,15.6
22717,0.3868,0,NORMAL,23.1,3.8,10.4,8.5
22718,0.6622,0,WARNING,23.7,3.8,9.3,8.3
22719,0.3115,0,NORMAL,23.8,2.5,8.7,8.1
22720,0.3249,0,NORMAL,22.9,2.5,8.4,8.0
22721,0.3506,0,NORMAL,24.4,4.4,14.3,10.4
22722,0.3863,0,NORMAL,24.4,3.1,12.9,9.7
22723,0.4184,0,NORMAL,24.4,2.4,9.0,7.2
22724,0.4561,0,NORMAL,25.4,3.6,11.5,7.9
22725,0.6,0,WARNING,25.7,5.2,14.1,11.7
22726,0.9,0,WARNING,25.9,7.5,16.7,14.8
22727,0.3803,0,NORMAL,24.8,5.0,15.8,13.5
22728,0.9029,0,WARNING,22.4,5.4,16.1,13.6
22729,0.3248,0,NORMAL,22.7,4.0,16.6,13.8
22730,0.5368,0,NORMAL,25.2,5.8,20.7,15.7
22731,0.6427,0,WARNING,24.2,6.1,18.3,14.6
22732,0.3681,0,NORMAL,24.4,3.8,14.0,11.0
22733,0.3994,0,NORMAL,25.3,3.5,15.5,12.7
22734,0.414,0,NORMAL,25.4,2.3,11.4,10.5
22735,0.4401,0,NORMAL,25.5,3.9,13.6,12.0
22736,0.4703,0,NORMAL,26.3,4.9,15.6,11.6
22737,0.4846,0,NORMAL,27.8,5.9,18.9,15.6
22738,0.4942,0,NORMAL,26.1,3.0,14.7,11.8
22739,0.5046,0,NORMAL,26.7,2.5,10.6,9.3
22740,0.8118,0,WARNING,20.9,6.1,16.6,13.2
22741,0.2356,0,NORMAL,15.3,4.9,13.1,10.1
22742,0.1873,0,NORMAL,16.6,2.9,12.0,10.3
22743,0.1883,0,NORMAL,16.4,2.5,10.9,9.6
22744,0.3607,0,NORMAL,19.1,2.7,11.2,9.5
22745,0.2777,0,NORMAL,17.5,2.9,9.5,8.4
22746,0.4079,0,NORMAL,17.3,4.3,9.7,8.4
22747,0.3378,0,NORMAL,18.5,3.6,11.0,7.9
22748,0.3548,0,NORMAL,19.1,2.4,9.0,8.4
22749,0.3785,0,NORMAL,18.7,2.6,8.2,8.3
22750,0.4098,0,NORMAL,19.6,3.2,9.6,7.6
22751,0.4403,0,NORMAL,19.9,4.0,11.0,7.8
22752,0.4663,0,NORMAL,19.2,3.1,9.0,7.2
22753,0.4853,0,NORMAL,20.4,2.4,9.5,8.3
22754,0.8992,0,WARNING,21.8,5.4,15.3,12.1
22755,0.5115,0,NORMAL,23.3,5.4,17.1,13.3
22756,0.7231,0,WARNING,19.6,6.8,17.6,12.7
22757,0.4924,0,NORMAL,18.7,6.3,18.9,14.9
22758,0.3385,0,NORMAL,18.6,3.8,13.2,11.0
22759,0.8834,0,WARNING,17.6,4.2,10.0,8.5
22760,0.2992,0,NORMAL,19.6,4.3,14.0,11.1
22761,0.3571,0,NORMAL,19.3,3.9,16.0,11.8
22762,0.3809,0,NORMAL,20.5,3.7,13.7,10.8
22763,0.4022,0,NORMAL,20.0,3.4,12.3,9.4
22764,0.4158,0,NORMAL,20.6,2.8,10.5,8.2
22765,0.8488,0,WARNING,21.1,5.3,12.5,10.6
22766,0.4612,0,NORMAL,20.8,4.8,14.9,12.8
22767,0.4922,0,NORMAL,22.2,5.4,19.0,15.2
22768,0.5133,0,NORMAL,22.1,3.5,15.3,12.9
22769,0.5321,0,NORMAL,21.6,3.3,14.1,11.2
22770,0.9608,0,WARNING,21.9,6.5,12.7,10.2
22771,0.32,0,NORMAL,19.7,4.0,11.1,8.5
22772,0.2974,0,NORMAL,17.0,4.8,17.5,13.4
22773,0.3604,0,NORMAL,19.2,3.6,18.6,13.8
22774,0.3,0,NORMAL,18.0,3.1,12.3,7.7
22775,0.721,0,WARNING,20.6,6.4,15.9,13.4
22776,0.3695,0,NORMAL,20.7,5.7,19.1,15.4
22777,0.9995,0,WARNING,19.7,7.5,11.8,10.2
22778,0.3617,0,NORMAL,18.8,2.9,10.2,8.4
22779,0.3833,0,NORMAL,19.0,2.8,8.7,8.9
22780,0.772,0,WARNING,19.1,5.0,13.5,11.6
22781,0.4097,0,NORMAL,19.5,3.9,12.0,10.8
22782,0.4312,0,NORMAL,19.6,3.3,12.3,11.9
22783,0.4524,0,NORMAL,19.2,2.8,10.1,9.4
22784,0.4667,0,NORMAL,20.0,2.8,10.3,8.8
22785,0.8164,0,WARNING,20.1,6.3,15.0,12.6
22786,0.5368,0,NORMAL,20.4,6.3,20.8,16.5
22787,0.4938,0,NORMAL,17.5,5.3,16.9,11.7
22788,0.2972,0,NORMAL,18.0,3.9,16.9,13.0
22789,0.4832,0,NORMAL,19.2,4.7,15.2,12.4
22790,0.8078,0,WARNING,20.7,6.5,16.8,13.5
22791,0.4652,0,NORMAL,21.6,6.0,20.8,16.4
22792,0.3879,0,NORMAL,20.8,4.9,19.3,15.4
22793,0.4181,0,NORMAL,21.4,4.3,19.4,15.6
22794,0.709,0,WARNING,22.3,4.9,24.3,16.3
22795,0.6163,0,WARNING,24.2,7.3,25.4,20.7
22796,0.5488,0,NORMAL,24.7,6.9,24.6,18.4
22797,0.5635,0,NORMAL,23.7,5.1,14.3,10.8
22798,0.4861,0,NORMAL,21.0,3.0,12.4,11.3
22799,0.8397,0,WARNING,19.7,5.1,16.6,13.3
22800,0.2865,0,NORMAL,18.5,3.2,12.0,10.9
22801,0.8085,0,WARNING,24.5,7.0,19.0,13.9
22802,0.3748,0,NORMAL,24.7,3.3,13.8,11.8
22803,0.3322,0,NORMAL,24.9,4.2,16.9,13.8
22804,0.7676,0,WARNING,24.4,4.2,12.3,9.7
22805,0.3671,0,NORMAL,24.6,4.2,12.8,10.5
22806,0.6128,0,WARNING,28.2,6.2,19.0,14.8
22807,0.6563,0,WARNING,29.4,7.6,23.2,18.5
22808,0.4942,0,NORMAL,26.8,3.5,13.5,11.0
22809,0.6348,0,WARNING,30.0,6.7,26.8,21.3
22810,0.6984,0,WARNING,31.5,6.3,24.6,17.6
22811,0.571,0,NORMAL,30.3,6.0,20.1,15.1
22812,0.5846,0,NORMAL,28.6,4.7,18.1,13.6
22813,0.8038,0,WARNING,27.2,5.6,19.4,15.6
22814,0.3248,0,NORMAL,23.6,3.9,16.5,12.9
22815,0.2542,0,NORMAL,24.5,4.8,15.3,12.8
22816,0.6987,0,WARNING,28.3,10.0,28.4,21.4
22817,0.8369,0,WARNING,28.3,10.0,26.1,19.2
22818,0.6759,0,WARNING,30.0,6.2,25.6,18.7
22819,0.6161,0,WARNING,29.6,6.6,27.5,21.0
22820,0.4975,0,NORMAL,28.3,6.6,23.2,16.6
22821,0.5183,0,NORMAL,28.8,5.9,18.4,14.3
22822,0.542,0,NORMAL,29.3,5.9,25.6,17.5
22823,0.5588,0,NORMAL,28.7,5.0,21.8,15.8
22824,0.5515,0,NORMAL,30.2,5.6,23.1,17.5
22825,0.7044,0,WARNING,27.3,6.5,21.6,15.1
22826,0.5666,0,NORMAL,26.1,7.7,24.6,19.1
22827,0.5982,0,NORMAL,27.3,6.0,22.2,16.3
22828,0.5553,0,NORMAL,26.2,5.0,15.4,12.0
22829,0.3178,0,NORMAL,26.0,3.2,14.8,12.1
22830,0.6263,0,WARNING,28.6,5.9,19.2,15.9
22831,0.7614,0,WARNING,28.8,7.2,19.6,13.9
22832,0.4741,0,NORMAL,27.0,5.0,16.2,12.4
22833,0.7115,0,WARNING,27.4,4.8,11.6,9.3
22834,0.5163,0,NORMAL,27.4,4.4,16.9,12.5
22835,0.5382,0,NORMAL,29.3,6.6,21.5,16.8
22836,0.9405,0,WARNING,28.3,6.7,18.6,13.5
22837,0.6863,0,WARNING,28.1,7.7,26.5,18.5
22838,0.5361,0,NORMAL,25.4,5.0,23.7,16.2
22839,0.8634,0,WARNING,25.9,7.0,21.3,17.5
22840,0.4445,0,NORMAL,24.8,5.2,18.3,14.2
22841,0.4452,0,NORMAL,26.1,5.3,20.2,16.6
22842,0.436,0,NORMAL,27.0,5.0,20.2,16.3
22843,0.4353,0,NORMAL,26.9,4.5,20.6,15.6
22844,0.8385,0,WARNING,26.9,6.0,20.7,15.9
22845,0.4793,0,NORMAL,27.4,3.9,17.4,12.2
22846,0.4977,0,NORMAL,27.8,5.6,17.2,14.7
22847,0.6394,0,WARNING,30.4,7.1,21.8,15.7
22848,0.8362,0,WARNING,28.0,5.7,18.1,15.4
22849,0.5951,0,NORMAL,26.4,5.0,18.2,14.8
22850,0.67,0,WARNING,24.0,5.4,22.0,15.5
22851,0.9192,0,WARNING,26.9,7.3,31.1,21.5
22852,0.8591,0,WARNING,26.7,7.2,21.8,16.8
22853,0.4302,0,NORMAL,27.0,4.8,19.9,14.8
22854,0.5696,0,NORMAL,28.1,6.0,24.4,19.9
22855,0.9647,0,WARNING,30.4,9.2,30.6,24.3
22856,0.6218,0,WARNING,29.5,7.6,26.6,19.2
22857,1.0,0,ANOMALY,28.7,8.5,21.5,14.8
22858,0.5017,0,NORMAL,29.4,6.2,21.1,17.8
22859,0.5108,0,NORMAL,28.3,5.5,18.8,15.2
22860,0.5018,0,NORMAL,27.6,6.2,22.3,16.1
22861,0.8865,0,WARNING,24.3,6.8,16.6,13.9
22862,0.357,0,NORMAL,24.6,5.2,18.0,14.5
22863,0.3134,0,NORMAL,25.5,5.0,16.3,13.0
22864,0.4456,0,NORMAL,27.1,5.5,19.6,16.1
22865,0.4298,0,NORMAL,26.8,5.9,20.2,15.4
22866,0.461,0,NORMAL,26.8,5.3,17.4,11.8
22867,0.4788,0,NORMAL,28.0,6.0,20.7,16.3
22868,0.9958,0,WARNING,27.8,8.1,17.2,13.2
22869,0.5226,0,NORMAL,28.8,4.7,19.9,15.5
22870,0.5983,0,NORMAL,30.4,5.2,21.3,16.6
22871,0.8655,0,WARNING,30.1,8.4,24.2,17.8
22872,0.4276,0,NORMAL,26.2,4.5,14.6,11.2
22873,0.2809,0,NORMAL,24.1,3.9,15.6,12.2
22874,0.2269,0,NORMAL,23.3,3.4,12.9,10.7
22875,0.2936,0,NORMAL,24.6,4.9,15.9,13.0
22876,0.4726,0,NORMAL,26.3,7.7,21.6,16.5
22877,0.4224,0,NORMAL,26.3,7.0,22.7,16.5
22878,0.7604,0,WARNING,27.2,5.5,19.3,15.9
22879,0.5053,0,NORMAL,26.7,4.9,23.2,17.2
22880,0.4258,0,NORMAL,26.1,4.0,19.0,14.7
22881,0.4413,0,NORMAL,27.3,5.5,20.6,15.9
22882,0.4501,0,NORMAL,27.3,4.6,20.2,15.8
22883,0.6131,0,WARNING,28.9,5.6,25.1,20.2
22884,0.95,0,WARNING,26.9,5.4,19.3,14.3
22885,0.3761,0,NORMAL,25.7,3.9,15.1,12.2
22886,0.4793,0,NORMAL,23.1,4.1,11.2,9.5
22887,0.3752,0,NORMAL,22.1,2.7,9.4,9.7
22888,0.139,0,NORMAL,22.8,2.3,9.7,9.1
22889,0.2621,0,NORMAL,23.7,3.0,14.0,11.0
22890,0.9529,0,WARNING,22.7,5.5,11.8,10.0
22891,0.3605,0,NORMAL,24.8,4.5,16.1,13.2
22892,0.3626,0,NORMAL,25.1,4.6,19.8,15.0
22893,0.927,0,WARNING,25.1,3.1,21.2,11.3
22894,0.3365,0,NORMAL,25.9,3.5,15.9,12.9
22895,0.5687,0,NORMAL,27.5,4.9,19.5,15.1
22896,0.9995,0,WARNING,27.5,8.9,21.3,17.4
22897,0.399,1,NORMAL,26.6,5.2,15.2,12.5
22898,0.3912,1,NORMAL,25.8,3.9,15.0,12.7
22899,0.3038,1,NORMAL,23.8,3.5,17.2,13.4
22900,1.0,1,ANOMALY,23.4,8.8,17.0,13.0
22901,0.6877,1,WARNING,27.2,6.8,25.4,17.4
22902,0.8175,1,WARNING,30.5,6.3,26.0,16.4
22903,0.977,1,WARNING,35.2,7.1,24.9,14.4
22904,0.9934,1,WARNING,39.2,6.2,28.7,13.5
22905,1.0,1,ANOMALY,48.9,21.0,34.7,13.8
22906,1.0,1,ANOMALY,62.5,25.7,36.5,15.3
22907,1.0,1,ANOMALY,65.2,26.9,32.6,15.7
22908,1.0,1,ANOMALY,45.9,9.3,26.2,18.3
22909,0.9893,1,WARNING,34.7,8.5,28.1,18.2
22910,1.0,1,ANOMALY,33.2,8.7,26.8,19.5
22911,0.9831,1,WARNING,30.9,6.1,26.0,19.0
22912,0.9782,1,WARNING,27.3,4.7,17.4,13.3
22913,0.9724,1,WARNING,26.7,3.8,15.7,12.9
22914,0.9749,1,WARNING,22.6,4.6,18.1,15.3
22915,0.9584,1,WARNING,22.9,5.9,22.6,16.9
22916,0.9517,1,WARNING,22.3,6.1,21.0,16.4
22917,0.9427,1,WARNING,21.8,5.4,16.0,12.8
22918,0.9305,1,WARNING,19.7,3.3,14.6,11.7
22919,0.918,1,WARNING,20.2,4.1,17.1,13.4
22920,0.9267,1,WARNING,17.2,5.8,15.9,12.4
22921,0.887,1,WARNING,18.1,5.4,17.2,13.0
22922,0.8701,1,WARNING,17.4,5.2,14.8,12.1
22923,0.8503,1,WARNING,18.3,4.0,20.8,14.0
22924,0.8415,1,WARNING,20.9,7.5,28.4,22.9
22925,0.8197,1,WARNING,19.1,6.5,20.6,14.2
22926,0.8018,1,WARNING,19.5,7.2,21.8,16.8
22927,0.9952,1,WARNING,18.9,8.4,20.6,15.3
22928,0.7675,1,WARNING,20.6,4.8,20.5,16.1
22929,0.8,1,WARNING,19.4,4.8,16.9,13.9
22930,0.7388,1,WARNING,21.3,5.4,26.2,20.6
22931,0.8103,1,WARNING,22.8,8.4,35.5,28.4
22932,0.7001,1,WARNING,16.2,4.3,18.6,14.1
22933,0.6785,1,WARNING,15.3,3.6,16.2,13.5
22934,0.6506,1,WARNING,14.4,3.1,14.0,11.6
22935,0.9273,1,WARNING,15.5,5.6,17.1,15.4
22936,0.8747,1,WARNING,15.2,6.1,18.1,20.4
22937,0.7564,1,WARNING,15.3,5.6,15.6,12.6
22938,0.9536,1,WARNING,15.8,4.4,27.6,27.6
22939,0.9569,1,WARNING,18.8,7.8,33.2,31.5
22940,1.0,1,ANOMALY,20.3,21.6,22.4,15.5
22941,1.0,1,ANOMALY,16.7,11.4,26.8,20.2
22942,0.978,1,WARNING,16.0,8.3,23.9,16.5
22943,0.5011,1,NORMAL,15.5,4.0,21.5,16.1
22944,0.4901,1,NORMAL,17.0,4.7,21.2,16.4
22945,0.4576,1,NORMAL,15.8,4.0,17.0,12.6
22946,0.4623,1,NORMAL,16.9,6.5,21.8,16.6
22947,0.7551,1,WARNING,18.3,6.7,21.2,15.5
22948,0.4065,1,NORMAL,16.9,3.4,15.4,12.9
22949,0.3803,1,NORMAL,17.2,3.5,13.8,10.9
22950,0.4816,1,NORMAL,17.8,5.0,22.1,16.5
22951,0.815,1,WARNING,21.3,8.0,37.1,28.9
22952,0.636,1,WARNING,19.0,4.1,19.1,12.0
22953,0.4058,1,NORMAL,15.0,4.0,12.9,10.7
22954,0.5188,1,NORMAL,12.2,3.0,13.7,11.7
22955,0.4678,1,NORMAL,14.5,4.9,22.0,16.1
22956,0.4719,1,NORMAL,15.6,6.1,23.1,16.8
22957,0.5368,1,NORMAL,16.8,6.6,23.1,18.5
22958,0.3818,1,NORMAL,14.6,3.0,15.0,11.2
22959,0.2741,1,NORMAL,15.8,3.3,14.1,12.0
22960,0.24,1,NORMAL,15.0,4.4,15.1,12.4
22961,0.4316,1,NORMAL,17.0,5.0,20.1,15.7
22962,0.5054,1,NORMAL,17.0,5.4,22.0,17.8
22963,0.9998,1,WARNING,18.4,6.1,32.2,27.9
22964,0.968,1,WARNING,16.2,4.5,33.2,34.4
22965,0.9463,1,WARNING,13.9,5.7,25.5,24.6
22966,0.9751,1,WARNING,15.9,5.8,30.7,33.0
22967,0.6138,1,WARNING,15.9,6.6,25.6,19.0
22968,0.5528,1,NORMAL,16.8,4.1,18.6,13.6
22969,0.3109,1,NORMAL,14.8,3.4,18.0,13.7
22970,0.2738,1,NORMAL,14.5,4.0,14.4,12.0
22971,0.2349,1,NORMAL,14.5,3.7,10.7,9.3
22972,0.8369,1,WARNING,14.0,3.8,16.9,9.9
22973,0.4679,1,NORMAL,12.3,3.1,15.3,12.0
22974,0.9779,1,WARNING,12.0,5.8,14.9,12.4
22975,1.0,1,ANOMALY,13.5,5.7,18.0,12.1
22976,0.9406,1,WARNING,14.0,5.9,17.0,14.5
22977,0.4342,1,NORMAL,14.6,5.7,21.5,16.1
22978,0.3458,1,NORMAL,13.6,3.1,14.3,10.9
22979,0.296,1,NORMAL,13.8,2.4,12.9,10.9
22980,0.423,1,NORMAL,12.9,3.8,18.1,13.7
22981,0.5118,1,NORMAL,12.7,4.9,18.6,13.6
22982,0.4618,1,NORMAL,11.8,1.9,9.9,7.5
22983,0.701,1,WARNING,11.5,2.0,13.0,16.4
22984,0.9325,1,WARNING,11.9,2.0,23.1,23.7
22985,0.9404,1,WARNING,13.1,4.0,25.2,26.7
22986,0.9536,1,WARNING,14.4,5.6,27.7,28.7
22987,0.4992,1,NORMAL,14.1,4.6,18.1,13.1
22988,0.3098,1,NORMAL,12.5,2.0,10.6,9.3
22989,0.4718,1,NORMAL,10.9,2.2,9.3,8.0
22990,0.524,1,NORMAL,10.3,2.6,10.3,9.8
22991,0.6636,1,WARNING,12.1,5.0,13.8,11.6
22992,0.3696,1,NORMAL,12.9,3.6,13.6,10.8
22993,0.3217,1,NORMAL,12.4,2.3,10.0,8.5
22994,0.2826,1,NORMAL,12.8,2.4,10.2,8.7
22995,0.2381,1,NORMAL,13.6,3.9,12.4,10.9
22996,0.5124,1,NORMAL,13.8,4.5,12.1,11.2
22997,0.5957,1,NORMAL,13.6,4.0,11.5,10.8
22998,0.1674,1,NORMAL,14.5,2.8,10.3,9.7
22999,0.2717,1,NORMAL,13.1,2.6,8.5,7.8
23000,1.0,1,ANOMALY,13.6,4.6,11.9,8.9
23001,0.1265,1,NORMAL,14.7,3.5,10.8,8.0
23002,0.151,1,NORMAL,14.3,2.1,8.3,7.5
23003,0.1208,1,NORMAL,14.3,2.4,9.4,8.0
23004,0.1521,1,NORMAL,13.9,1.7,7.3,6.7
23005,0.1321,1,NORMAL,13.9,2.4,7.9,7.1
23006,0.36,1,NORMAL,12.3,4.5,13.4,9.5
23007,0.5184,1,NORMAL,10.7,3.8,11.7,9.7
23008,0.4766,1,NORMAL,10.1,1.9,10.0,9.1
23009,0.4558,1,NORMAL,10.9,1.9,9.1,7.7
23010,0.6061,1,WARNING,12.0,4.5,11.4,8.5
23011,0.7327,1,WARNING,12.6,4.8,10.8,9.1
23012,0.2932,1,NORMAL,12.8,3.4,9.7,7.7
23013,0.2661,1,NORMAL,13.5,2.5,9.1,7.6
23014,0.7357,1,WARNING,11.9,1.6,11.8,15.3
23015,0.9473,1,WARNING,14.2,4.0,22.4,26.9
23016,0.8893,1,WARNING,13.7,5.2,20.6,21.7
23017,0.9405,1,WARNING,10.8,3.3,17.5,22.7
23018,0.5509,1,NORMAL,9.5,2.6,11.4,10.1
23019,0.5039,1,NORMAL,10.5,2.9,10.8,8.9
23020,0.445,1,NORMAL,10.8,3.2,10.0,7.8
23021,0.8457,1,WARNING,13.0,6.3,13.8,11.1
23022,0.3246,1,NORMAL,12.0,3.0,10.9,9.2
23023,0.3067,1,NORMAL,12.6,3.1,10.4,7.7
23024,0.286,1,NORMAL,12.6,2.4,10.6,8.8
23025,0.2786,1,NORMAL,12.7,2.6,8.5,7.8
23026,0.6035,1,WARNING,13.5,5.8,12.5,9.1
23027,0.6712,1,WARNING,13.7,5.5,15.9,13.7
23028,0.9236,1,WARNING,13.9,4.9,19.9,24.1
23029,0.8892,1,WARNING,11.7,2.2,16.9,19.9
23030,0.9326,1,WARNING,9.3,4.6,17.7,22.9
23031,0.6619,1,WARNING,9.7,3.3,12.7,13.7
23032,0.4424,1,NORMAL,11.3,4.3,13.6,11.1
23033,1.0,1,ANOMALY,11.6,7.8,10.4,9.2
23034,0.3443,1,NORMAL,11.9,2.2,9.0,8.2
23035,0.9417,1,WARNING,12.4,5.4,10.1,9.1
23036,0.3175,1,NORMAL,13.1,4.4,11.7,9.7
23037,0.2712,1,NORMAL,13.5,4.4,13.6,9.8
23038,0.662,1,WARNING,12.7,3.4,6.6,6.4
23039,0.2134,1,NORMAL,13.6,2.8,11.8,11.2
23040,0.4125,1,NORMAL,8.2,3.1,9.2,7.2
23041,0.5207,1,NORMAL,6.1,4.9,16.5,11.8
23042,0.4552,1,NORMAL,6.2,3.2,13.0,9.1
23043,0.9788,1,WARNING,5.9,3.6,6.4,5.5
23044,0.4051,1,NORMAL,6.9,2.1,10.3,8.7
23045,0.3847,1,NORMAL,6.3,2.2,8.4,7.5
23046,0.3588,1,NORMAL,6.3,3.7,8.4,7.5
23047,0.7821,1,WARNING,7.2,4.8,9.2,8.1
23048,0.3139,1,NORMAL,9.2,3.8,14.4,11.9
23049,0.7309,1,WARNING,8.6,3.9,15.7,11.4
23050,0.2675,1,NORMAL,8.7,3.2,14.7,11.2
23051,0.2252,1,NORMAL,8.4,3.6,9.2,6.7
23052,0.199,1,NORMAL,8.4,2.3,5.8,5.0
23053,0.1707,1,NORMAL,8.6,2.1,6.2,5.4
23054,0.1952,1,NORMAL,9.6,3.1,10.2,8.3
23055,0.6093,1,WARNING,9.7,3.8,9.0,7.6
23056,0.4183,1,NORMAL,8.5,3.8,7.5,5.3
23057,0.865,1,WARNING,10.3,4.7,9.0,7.7
23058,0.1822,1,NORMAL,8.3,1.7,4.4,4.6
23059,0.8259,1,WARNING,6.4,3.1,5.8,6.9
23060,0.5559,1,NORMAL,4.9,2.6,8.3,7.0
23061,0.8513,1,WARNING,4.9,4.3,7.3,5.8
23062,0.4772,1,NORMAL,5.6,3.2,9.8,7.3
23063,0.9374,1,WARNING,6.4,2.8,17.7,10.0
23064,1.0,1,ANOMALY,6.3,7.2,8.6,6.8
23065,0.4087,1,NORMAL,7.0,3.6,9.5,6.5
23066,0.5967,1,NORMAL,7.7,4.7,13.7,11.1
23067,0.9998,1,WARNING,8.0,6.4,10.2,7.5
23068,0.3605,1,NORMAL,7.2,2.1,7.8,6.7
23069,0.7687,1,WARNING,7.5,3.7,6.6,6.3
23070,0.798,1,WARNING,9.6,4.6,9.1,8.1
23071,0.496,1,NORMAL,11.0,4.0,15.0,11.3
23072,0.6694,1,WARNING,12.6,5.9,19.7,12.9
23073,0.4658,1,NORMAL,14.3,5.0,20.8,16.4
23074,0.7687,1,WARNING,13.1,4.4,15.8,11.5
23075,0.5203,1,NORMAL,15.3,4.6,18.3,13.6
23076,1.0,1,ANOMALY,17.1,10.7,20.9,16.9
23077,0.4067,1,NORMAL,14.3,4.8,15.9,12.0
23078,0.9669,1,WARNING,13.7,3.8,7.3,6.8
23079,0.1972,1,NORMAL,13.3,1.9,8.0,8.2
23080,0.1872,1,NORMAL,13.8,3.1,11.8,10.3
23081,0.3414,1,NORMAL,14.8,5.0,19.6,14.1
23082,0.5892,1,NORMAL,13.8,3.4,11.3,9.0
23083,0.1521,1,NORMAL,14.5,2.6,11.7,10.0
23084,0.1571,1,NORMAL,13.3,1.8,7.4,6.2
23085,0.3985,1,NORMAL,12.4,3.8,11.4,9.7
23086,0.6792,1,WARNING,11.9,5.7,21.7,15.1
23087,0.7725,1,WARNING,11.6,4.8,14.8,11.1
23088,0.7703,1,WARNING,11.8,5.0,15.9,12.4
23089,0.4847,1,NORMAL,14.7,2.9,13.2,11.3
23090,0.3617,1,NORMAL,13.4,4.3,16.8,13.5
23091,0.3313,1,NORMAL,13.3,3.9,15.1,12.9
23092,0.3057,1,NORMAL,13.0,3.5,13.8,12.6
23093,0.8448,1,WARNING,13.8,4.6,14.7,13.5
23094,0.2227,1,NORMAL,14.7,2.4,12.6,10.5
23095,0.2436,1,NORMAL,14.8,3.7,15.0,11.6
23096,0.4989,1,NORMAL,15.4,5.7,18.0,14.4
23097,0.4954,1,NORMAL,16.6,6.1,22.0,17.6
23098,0.4041,1,NORMAL,16.6,4.8,21.1,15.8
23099,0.3746,1,NORMAL,13.2,3.2,14.3,11.3
23100,0.5745,1,NORMAL,12.5,4.8,20.9,17.2
23101,0.8703,1,WARNING,14.8,6.8,21.7,16.1
23102,0.9776,1,WARNING,15.2,7.1,21.6,15.9
23103,0.44,1,NORMAL,14.9,3.9,22.2,15.6
23104,0.9028,1,WARNING,13.6,4.0,11.7,9.2
23105,0.658,1,WARNING,16.0,5.2,26.6,21.9
23106,0.8024,1,WARNING,18.1,9.7,36.8,26.6
23107,0.6123,1,WARNING,15.5,5.5,17.4,11.4
23108,0.3295,1,NORMAL,15.2,3.3,16.3,13.3
23109,0.2486,1,NORMAL,15.3,2.7,13.1,10.6
23110,0.2668,1,NORMAL,15.4,3.4,16.8,12.0
23111,0.7179,1,WARNING,16.0,5.3,15.4,12.9
23112,0.2356,1,NORMAL,14.8,4.1,15.3,11.5
23113,0.426,1,NORMAL,15.2,3.6,18.4,15.1
23114,0.484,1,NORMAL,12.3,3.7,17.9,13.5
23115,0.5098,1,NORMAL,12.5,4.9,15.7,12.3
23116,0.9734,1,WARNING,15.9,12.7,25.6,17.1
23117,0.8382,1,WARNING,16.8,13.2,28.7,18.4
23118,0.7176,1,WARNING,17.3,10.1,31.8,21.1
23119,0.6745,1,WARNING,18.0,9.9,24.9,16.2
23120,0.7895,1,WARNING,19.9,11.5,37.1,23.0
23121,0.8224,1,WARNING,21.0,12.6,32.4,21.1
23122,0.7648,1,WARNING,20.3,10.9,32.7,21.8
23123,0.7433,1,WARNING,20.1,10.9,26.6,16.6
23124,0.6652,1,WARNING,17.7,8.9,23.2,15.6
23125,0.7589,1,WARNING,17.0,10.1,27.2,18.0
23126,0.866,1,WARNING,16.9,12.2,34.8,20.7
23127,0.7845,1,WARNING,18.8,12.4,32.8,21.0
23128,0.6015,1,WARNING,17.5,8.2,22.6,14.8
23129,0.6853,1,WARNING,19.0,9.6,26.8,18.5
23130,0.8079,1,WARNING,22.7,12.3,33.5,22.0
23131,0.8554,1,WARNING,20.8,13.0,31.6,20.3
23132,1.0,1,WARNING,22.5,15.7,36.6,23.8
23133,0.8503,1,WARNING,21.2,11.2,28.7,18.9
23134,0.6216,1,WARNING,19.7,8.2,21.6,14.6
23135,0.9833,1,WARNING,18.4,13.1,25.5,17.5
23136,0.8302,1,WARNING,18.1,12.3,29.3,18.6
23137,0.7582,1,WARNING,18.2,10.4,24.5,15.4
23138,0.6702,1,WARNING,17.4,9.2,25.9,17.1
23139,0.9353,1,WARNING,20.9,13.9,36.0,23.4
23140,0.8874,1,WARNING,24.8,14.5,51.6,36.0
23141,0.7919,1,WARNING,20.9,11.9,32.3,19.8
23142,0.7749,1,WARNING,20.4,11.6,26.0,17.2
23143,0.7048,1,WARNING,19.2,9.9,24.3,15.6
23144,0.8798,1,WARNING,19.8,10.7,25.7,17.3
23145,0.5146,1,NORMAL,17.1,8.0,22.5,15.7
23146,0.4169,1,NORMAL,14.1,7.1,21.6,16.4
23147,1.0,1,ANOMALY,16.2,12.6,23.2,17.5
23148,0.4642,1,NORMAL,14.8,4.9,17.8,13.8
23149,0.6196,1,WARNING,15.2,4.5,14.8,11.7
23150,0.4719,1,NORMAL,16.4,7.1,24.3,17.0
23151,0.3602,1,NORMAL,17.2,5.9,19.5,14.9
23152,0.8354,1,WARNING,16.4,5.8,14.8,11.9
23153,0.3356,1,NORMAL,16.8,4.4,16.0,12.3
23154,0.583,1,NORMAL,16.2,4.6,16.7,13.9
23155,0.383,1,NORMAL,17.1,5.6,20.1,15.8
23156,0.9393,1,WARNING,17.7,9.1,23.5,16.7
23157,0.4717,1,NORMAL,17.9,6.4,22.6,17.6
23158,0.3852,1,NORMAL,16.5,5.5,20.2,15.6
23159,0.43,1,NORMAL,13.7,4.4,17.2,14.0
23160,0.5653,1,NORMAL,10.3,7.2,20.5,15.8
23161,0.8372,1,WARNING,8.1,6.5,19.1,15.6
23162,0.4021,1,NORMAL,8.2,5.5,16.2,12.2
23163,0.5069,1,NORMAL,9.5,4.7,18.3,11.9
23164,0.3533,1,NORMAL,10.0,5.0,17.8,13.8
23165,0.9815,1,WARNING,13.3,9.0,30.1,20.7
23166,0.5475,1,NORMAL,12.2,7.2,26.3,17.3
23167,0.4161,1,NORMAL,11.7,6.0,18.7,13.1
23168,0.2857,1,NORMAL,11.0,4.1,16.2,12.6
23169,0.36,1,NORMAL,12.6,5.9,20.8,15.2
23170,0.3604,1,NORMAL,12.7,5.0,19.0,14.3
23171,0.5841,1,NORMAL,14.3,4.5,15.7,12.6
23172,0.2619,1,NORMAL,12.0,4.1,16.6,11.8
23173,0.2204,1,NORMAL,11.9,3.3,15.1,11.2
23174,0.398,1,NORMAL,9.5,3.9,17.4,14.5
23175,0.914,1,WARNING,8.7,5.5,14.4,12.0
23176,0.6584,1,WARNING,9.0,5.6,14.8,12.3
23177,0.4922,1,NORMAL,9.5,5.6,19.1,14.0
23178,0.7902,1,WARNING,12.1,7.2,36.3,25.0
23179,0.9718,1,WARNING,11.2,7.4,26.2,19.1
23180,0.4169,1,NORMAL,10.4,4.8,19.4,13.5
23181,0.3128,1,NORMAL,10.0,3.7,13.0,9.8
23182,0.1984,1,NORMAL,9.1,2.8,8.8,7.6
23183,0.2124,1,NORMAL,10.7,3.2,12.9,10.8
23184,0.7217,1,WARNING,10.3,4.7,18.0,14.4
23185,0.3465,1,NORMAL,10.6,4.2,18.5,13.9
23186,0.3606,1,NORMAL,11.7,5.3,18.4,13.4
23187,0.6537,1,WARNING,10.6,4.9,15.1,11.9
23188,0.3866,1,NORMAL,8.9,3.9,18.0,14.1
23189,0.9983,1,WARNING,5.0,4.3,8.4,6.6
23190,0.5234,1,NORMAL,6.8,3.3,13.7,10.3
23191,0.4803,1,NORMAL,7.0,4.2,13.1,9.8
23192,0.4379,1,NORMAL,7.9,3.9,14.6,11.3
23193,0.4052,1,NORMAL,7.9,3.3,13.9,10.4
23194,0.3914,1,NORMAL,8.0,2.3,10.7,8.9
23195,0.5091,1,NORMAL,8.3,4.3,12.6,10.7
23196,0.3642,1,NORMAL,7.3,3.5,9.8,7.8
23197,0.3457,1,NORMAL,7.7,3.8,11.1,9.3
23198,0.3266,1,NORMAL,8.1,3.0,15.7,10.7
23199,0.3259,1,NORMAL,8.8,3.4,17.2,12.8
23200,0.2888,1,NORMAL,7.8,3.3,10.8,8.5
23201,0.5954,1,NORMAL,11.6,6.4,20.5,16.9
23202,0.4118,1,NORMAL,9.4,3.1,14.0,11.1
23203,0.2872,1,NORMAL,9.0,2.5,11.2,10.3
23204,0.4655,1,NORMAL,6.4,2.3,12.4,10.7
23205,0.5208,1,NORMAL,7.1,4.4,14.5,12.2
23206,0.9613,1,WARNING,7.1,6.9,14.7,11.2
23207,0.7215,1,WARNING,9.0,6.2,18.2,13.0
23208,0.9819,1,WARNING,8.9,6.1,15.6,12.6
23209,0.3188,1,NORMAL,8.9,3.2,14.6,11.0
23210,0.9674,1,WARNING,10.0,6.8,22.6,16.5
23211,0.8285,1,WARNING,11.8,5.3,24.1,15.5
23212,0.6424,1,WARNING,12.4,6.4,21.5,16.7
23213,0.6414,1,WARNING,11.5,9.0,22.7,15.4
23214,0.9593,1,WARNING,11.8,12.3,25.0,16.8
23215,0.7462,1,WARNING,12.7,10.4,22.7,15.3
23216,0.7602,1,WARNING,12.6,10.3,23.9,15.0
23217,0.697,1,WARNING,10.8,10.4,21.2,13.1
23218,0.3045,1,NORMAL,9.6,5.0,17.9,13.4
23219,0.3328,1,NORMAL,10.3,3.9,16.1,13.4
23220,0.9385,1,WARNING,8.6,7.2,19.1,11.5
23221,0.4604,1,NORMAL,8.7,6.4,21.1,15.1
23222,0.3543,1,NORMAL,9.5,4.8,15.7,11.1
23223,0.7639,1,WARNING,11.1,6.3,15.7,11.5
23224,0.4409,1,NORMAL,10.0,3.7,17.8,12.0
23225,0.3258,1,NORMAL,11.2,5.1,20.0,14.4
23226,0.8061,1,WARNING,10.8,6.7,17.2,10.7
23227,0.2618,1,NORMAL,11.6,6.3,16.7,12.5
23228,0.2972,1,NORMAL,11.5,4.9,17.6,13.2
23229,0.1956,1,NORMAL,11.4,4.8,15.7,11.1
23230,0.2341,1,NORMAL,11.9,5.6,16.2,12.7
23231,0.9851,1,WARNING,12.7,6.6,11.7,9.2
23232,0.2203,1,NORMAL,12.9,4.6,14.7,11.6
23233,0.2122,1,NORMAL,12.3,3.7,13.7,11.0
23234,0.1197,1,NORMAL,11.2,2.6,9.3,8.1
23235,0.3386,1,NORMAL,8.5,4.2,13.0,10.3
23236,0.4872,1,NORMAL,5.8,4.7,10.5,9.5
23237,0.9299,1,WARNING,7.3,6.7,13.3,10.9
23238,0.3357,1,NORMAL,7.9,3.8,15.1,10.9
23239,1.0,1,ANOMALY,8.3,16.2,13.2,10.0
23240,0.5105,1,NORMAL,8.6,6.5,14.4,10.1
23241,0.3822,1,NORMAL,9.3,5.8,13.5,9.5
23242,0.1253,1,NORMAL,9.7,3.9,12.7,9.8
23243,0.8403,1,WARNING,9.9,5.6,13.4,10.0
23244,0.2825,1,NORMAL,10.2,3.6,16.5,12.0
23245,0.3259,1,NORMAL,11.2,5.7,19.9,13.8
23246,0.4843,1,NORMAL,13.1,6.8,22.5,16.8
23247,0.5752,1,NORMAL,14.1,6.9,25.2,18.2
23248,0.8908,1,WARNING,13.2,7.0,20.3,15.0
23249,0.3128,1,NORMAL,10.5,4.3,17.1,12.9
23250,0.4172,1,NORMAL,8.4,4.3,17.8,14.4
23251,0.4466,1,NORMAL,8.4,5.1,20.6,14.7
23252,0.373,1,NORMAL,8.3,5.3,16.2,11.9
23253,0.3132,1,NORMAL,10.3,4.4,16.9,12.2
23254,0.2675,1,NORMAL,10.1,3.6,16.1,12.3
23255,0.4845,1,NORMAL,11.8,5.3,20.2,15.3
23256,0.6526,1,WARNING,11.4,5.5,19.7,14.4
23257,0.8054,1,WARNING,12.3,8.1,23.8,17.9
23258,0.3794,1,NORMAL,11.8,4.2,20.3,14.1
23259,0.2706,1,NORMAL,11.4,3.8,16.2,12.0
23260,0.9795,1,WARNING,11.7,8.3,17.3,13.5
23261,0.2348,1,NORMAL,11.0,4.0,12.9,11.0
23262,0.71,1,WARNING,11.4,5.9,16.2,12.5
23263,0.4408,1,NORMAL,9.6,4.6,19.7,15.7
23264,0.9432,1,WARNING,7.6,5.8,27.5,15.3
23265,0.4268,1,NORMAL,9.4,5.6,22.3,15.7
23266,0.3379,1,NORMAL,10.5,6.8,20.5,13.2
23267,0.9896,1,WARNING,12.4,8.9,18.5,13.5
23268,0.4046,1,NORMAL,12.1,4.7,19.5,15.5
23269,0.2971,1,NORMAL,11.2,4.0,17.1,12.8
23270,0.6352,1,WARNING,12.4,4.8,22.7,15.9
23271,1.0,1,ANOMALY,13.6,11.8,19.9,14.6
23272,0.4718,1,NORMAL,13.0,5.4,22.2,17.2
23273,0.4811,1,NORMAL,13.5,4.1,20.0,13.8
23274,0.9459,1,WARNING,12.2,3.7,21.0,12.0
23275,0.333,1,NORMAL,12.8,4.9,17.1,11.0
23276,1.0,1,ANOMALY,13.0,10.3,17.2,11.6
23277,0.3484,1,NORMAL,9.7,4.6,13.4,10.6
23278,0.5313,1,NORMAL,7.6,4.5,20.4,14.2
23279,0.9868,1,WARNING,8.2,4.4,25.6,12.3
23280,0.4675,1,NORMAL,7.4,5.2,17.5,13.0
23281,0.9896,1,WARNING,7.7,7.6,18.4,13.8
23282,0.3257,1,NORMAL,9.5,6.1,20.3,14.1
23283,0.9814,1,WARNING,10.7,7.3,17.8,13.8
23284,0.4046,1,NORMAL,10.6,5.1,20.6,14.7
23285,0.9775,0,WARNING,10.7,6.9,14.7,10.5
23286,0.5735,0,NORMAL,11.1,5.6,13.2,9.9
23287,0.8702,0,WARNING,11.9,6.6,11.7,9.1
23288,0.2623,0,NORMAL,12.6,4.0,14.1,11.9
23289,0.9136,0,WARNING,12.8,7.8,18.7,12.8
23290,0.2544,0,NORMAL,12.1,4.4,15.9,12.0
23291,0.6092,0,WARNING,13.1,6.2,18.5,14.1
23292,0.2207,0,NORMAL,13.0,4.8,16.1,11.3
23293,0.3666,0,NORMAL,13.9,4.3,18.5,14.0
23294,0.4221,0,NORMAL,10.9,5.6,22.6,16.2
23295,0.4586,0,NORMAL,7.8,5.6,18.6,15.2
23296,0.479,0,NORMAL,8.6,7.8,21.6,17.0
23297,0.9394,0,WARNING,9.9,9.6,24.5,17.0
23298,0.3976,0,NORMAL,11.0,6.5,20.9,15.7
23299,0.4359,0,NORMAL,11.7,5.6,21.2,16.3
23300,0.373,0,NORMAL,10.8,5.3,20.8,14.9
23301,0.3674,0,NORMAL,11.6,5.7,21.8,15.2
23302,0.2661,0,NORMAL,10.6,5.0,17.3,12.2
23303,0.8044,0,WARNING,12.4,6.1,18.7,14.5
23304,0.244,0,NORMAL,11.4,4.9,18.7,12.4
23305,0.2973,0,NORMAL,11.7,4.0,16.3,12.4
23306,0.3764,0,NORMAL,12.0,6.1,18.7,13.5
23307,0.2618,0,NORMAL,10.3,6.1,17.2,12.6
23308,0.4845,0,NORMAL,6.7,3.3,16.0,12.2
23309,0.8711,0,WARNING,8.3,8.5,24.0,17.6
23310,0.4845,0,NORMAL,11.2,6.8,24.5,16.9
23311,0.3995,0,NORMAL,10.8,5.3,19.4,13.6
23312,0.3604,0,NORMAL,11.8,5.3,19.9,14.4
23313,0.4862,0,NORMAL,12.3,7.1,23.1,15.3
23314,0.3396,0,NORMAL,12.4,4.3,18.9,13.4
23315,0.4842,0,NORMAL,13.6,6.2,23.8,16.3
23316,0.3698,0,NORMAL,13.5,6.7,20.4,15.2
23317,0.3878,0,NORMAL,14.0,5.9,20.4,15.7
23318,0.8903,0,WARNING,13.1,5.8,18.2,13.3
23319,0.4027,0,NORMAL,13.7,5.1,20.0,16.1
23320,0.4674,0,NORMAL,11.5,6.1,24.0,17.1
23321,0.4316,0,NORMAL,8.2,5.3,16.9,12.3
23322,0.4221,0,NORMAL,8.4,4.4,18.7,15.5
23323,0.537,0,NORMAL,11.5,4.9,20.3,15.4
23324,0.3465,0,NORMAL,10.0,3.2,17.3,13.3
23325,0.4502,0,NORMAL,11.0,5.2,20.1,14.4
23326,0.3774,0,NORMAL,10.6,7.0,19.0,12.2
23327,0.8448,0,WARNING,11.6,6.4,22.9,13.6
23328,0.3871,0,NORMAL,12.2,4.5,19.4,14.4
23329,0.3465,0,NORMAL,12.1,4.2,18.6,14.2
23330,0.8046,0,WARNING,11.9,8.5,21.6,15.7
23331,0.9446,0,WARNING,12.4,7.6,18.7,13.7
23332,0.3162,0,NORMAL,12.5,4.6,19.0,13.3
23333,0.4077,0,NORMAL,12.6,4.4,19.7,15.5
23334,0.2825,0,NORMAL,9.5,4.1,17.0,13.3
23335,0.4737,0,NORMAL,7.6,4.5,18.0,13.0
23336,0.4864,0,NORMAL,8.5,6.6,16.4,12.7
23337,0.2656,0,NORMAL,9.0,5.5,15.5,11.3
23338,0.2126,0,NORMAL,9.6,2.8,10.3,8.3
23339,0.1688,0,NORMAL,10.0,3.8,12.4,10.3
23340,0.3142,0,NORMAL,11.1,4.8,16.2,12.8
23341,0.3981,0,NORMAL,13.5,6.2,19.3,14.2
23342,0.3182,0,NORMAL,14.0,5.0,18.2,15.3
23343,0.4104,0,NORMAL,15.7,4.8,20.5,15.2
23344,0.3181,0,NORMAL,15.0,3.6,18.3,12.8
23345,0.3321,0,NORMAL,16.0,4.8,18.6,13.1
23346,0.4914,0,NORMAL,16.2,7.0,23.3,15.7
23347,0.3324,0,NORMAL,16.8,5.1,15.1,11.4
23348,0.1982,0,NORMAL,15.2,3.1,11.4,8.7
23349,0.3039,0,NORMAL,16.4,4.3,16.7,13.0
23350,0.2514,0,NORMAL,16.5,4.1,15.8,12.6
23351,0.1569,0,NORMAL,17.1,4.0,13.2,9.4
23352,0.1363,0,NORMAL,15.9,3.7,11.8,9.4
23353,0.1442,0,NORMAL,16.7,3.0,11.9,10.0
23354,0.1864,0,NORMAL,15.9,2.0,11.8,8.7
23355,0.5121,0,NORMAL,13.4,5.2,14.0,11.5
23356,0.5013,0,NORMAL,10.4,6.0,12.5,9.1
23357,0.4044,0,NORMAL,12.1,4.6,12.0,10.4
23358,0.3254,0,NORMAL,12.6,4.3,12.6,10.2
23359,0.2557,0,NORMAL,13.0,4.0,11.2,9.5
23360,0.214,0,NORMAL,13.4,3.2,10.4,8.3
23361,0.1955,0,NORMAL,13.8,4.4,12.0,9.2
23362,0.151,0,NORMAL,13.7,3.2,11.4,9.7
23363,0.166,0,NORMAL,13.7,2.3,9.7,7.3
23364,0.2049,0,NORMAL,13.6,2.3,7.4,6.0
23365,0.1616,0,NORMAL,14.0,3.1,8.6,7.1
23366,0.1977,0,NORMAL,14.8,4.9,11.4,8.6
23367,0.2864,0,NORMAL,15.0,4.2,14.6,11.2
23368,0.2436,0,NORMAL,15.8,3.2,16.0,11.0
23369,0.5769,0,NORMAL,15.9,4.3,20.5,13.7
23370,0.2986,0,NORMAL,15.3,3.5,12.5,9.8
23371,0.1781,0,NORMAL,15.9,4.3,15.5,10.4
23372,0.2968,0,NORMAL,13.8,3.9,13.3,10.2
23373,0.524,0,NORMAL,10.4,3.4,12.3,10.2
23374,0.4336,0,NORMAL,11.6,3.8,14.3,11.3
23375,0.3521,0,NORMAL,12.7,3.1,10.0,7.6
23376,0.8868,0,WARNING,13.1,6.9,12.4,9.3
23377,0.2133,0,NORMAL,13.3,3.0,7.7,6.2
23378,0.19,0,NORMAL,13.2,1.7,6.4,5.0
23379,0.1731,0,NORMAL,13.8,2.9,10.8,8.5
23380,0.2198,0,NORMAL,13.0,1.7,5.0,3.7
23381,0.2035,0,NORMAL,14.8,3.9,12.9,10.8
23382,0.304,0,NORMAL,15.4,4.2,16.7,12.7
23383,0.2712,0,NORMAL,15.9,2.8,15.2,11.2
23384,0.3918,0,NORMAL,16.6,5.0,19.1,14.1
23385,0.3659,0,NORMAL,16.6,4.4,18.5,13.7
23386,0.6643,0,WARNING,16.5,6.9,20.0,14.2
23387,0.3591,0,NORMAL,17.3,5.4,18.3,14.1
23388,0.3109,0,NORMAL,16.4,4.1,17.0,13.1
23389,0.3593,0,NORMAL,15.3,3.9,18.0,14.5
23390,0.4315,0,NORMAL,12.2,4.2,18.1,14.8
23391,0.4745,0,NORMAL,12.6,4.1,18.3,14.7
23392,0.3862,0,NORMAL,12.9,4.6,17.6,13.1
23393,0.9414,0,WARNING,14.7,6.4,15.5,11.9
23394,0.3389,0,NORMAL,14.6,4.0,18.2,13.0
23395,0.3789,0,NORMAL,14.8,5.1,19.2,14.6
23396,0.49,0,NORMAL,15.6,6.4,22.4,16.8
23397,0.3788,0,NORMAL,16.5,6.0,20.4,15.2
23398,0.709,0,WARNING,16.5,3.7,20.4,13.7
23399,0.2618,0,NORMAL,15.8,3.2,11.6,9.6
23400,0.973,0,WARNING,12.9,5.9,11.8,8.8
23401,0.5047,0,NORMAL,12.2,4.3,13.0,10.2
23402,0.4246,0,NORMAL,12.3,3.2,12.5,9.7
23403,0.3344,0,NORMAL,13.7,2.7,13.7,9.8
23404,0.1955,0,NORMAL,14.8,3.1,11.5,8.7
23405,0.152,0,NORMAL,14.9,2.9,12.3,10.6
23406,0.144,0,NORMAL,14.6,3.7,9.7,7.1
23407,0.1266,0,NORMAL,15.3,4.7,11.8,9.1
23408,0.1342,0,NORMAL,15.5,2.8,11.5,9.7
23409,0.2077,0,NORMAL,16.9,2.7,10.5,8.9
23410,0.1775,0,NORMAL,15.7,3.0,9.6,7.3
23411,0.1296,0,NORMAL,16.5,5.0,12.7,10.0
23412,0.1986,0,NORMAL,15.6,3.1,10.6,9.0
23413,0.1199,0,NORMAL,16.6,2.6,8.9,7.3
23414,0.1175,0,NORMAL,16.6,3.1,11.1,8.6
23415,0.1521,0,NORMAL,17.0,3.6,13.1,10.3
23416,0.6705,0,WARNING,17.5,6.1,13.5,10.1
23417,0.5061,0,NORMAL,13.7,4.8,11.5,9.4
23418,0.5367,0,NORMAL,10.5,3.1,13.1,10.3
23419,0.4884,0,NORMAL,11.2,3.4,9.3,8.0
23420,0.7731,0,WARNING,11.3,3.8,7.4,5.5
23421,0.3471,0,NORMAL,13.2,4.9,12.9,9.0
23422,0.2531,0,NORMAL,14.1,3.8,12.9,9.5
23423,0.2075,0,NORMAL,15.5,3.6,13.2,9.8
23424,0.185,0,NORMAL,15.0,3.2,13.3,9.5
23425,0.1375,0,NORMAL,14.6,3.8,12.4,8.3
23426,0.2966,0,NORMAL,15.9,6.3,17.3,13.2
23427,0.8967,0,WARNING,15.9,7.1,15.9,12.2
23428,0.2338,0,NORMAL,15.5,3.9,13.7,10.3
23429,0.2817,0,NORMAL,16.9,3.3,15.6,12.0
23430,0.1809,0,NORMAL,15.7,2.7,11.1,8.2
23431,0.142,0,NORMAL,15.5,3.4,8.7,6.8
23432,0.1357,0,NORMAL,15.8,3.7,10.9,8.7
23433,0.7783,0,WARNING,14.9,3.3,5.2,4.4
23434,0.1803,0,NORMAL,15.6,2.8,11.2,8.6
23435,0.317,0,NORMAL,14.3,3.8,12.8,10.1
23436,0.5348,0,NORMAL,11.1,4.8,12.7,9.4
23437,0.514,0,NORMAL,13.3,5.4,15.5,9.5
23438,0.3663,0,NORMAL,13.0,3.8,13.6,10.5
23439,0.3154,0,NORMAL,13.4,2.7,11.3,9.7
23440,0.2749,0,NORMAL,14.0,4.9,13.2,10.1
23441,0.2331,0,NORMAL,14.2,4.0,11.4,8.4
23442,0.219,0,NORMAL,16.1,4.6,13.7,10.2
23443,0.1973,0,NORMAL,16.7,3.7,11.7,10.0
23444,0.1666,0,NORMAL,14.6,2.5,10.5,8.0
23445,0.152,0,NORMAL,15.4,3.9,12.4,10.3
23446,0.9316,0,WARNING,16.4,7.0,14.9,12.4
23447,0.472,0,NORMAL,17.1,5.8,20.7,17.1
23448,0.3406,0,NORMAL,16.3,3.3,13.0,10.4
23449,0.4312,0,NORMAL,16.1,3.0,9.8,8.6
23450,0.2513,0,NORMAL,16.2,4.6,16.2,12.3
23451,0.1703,0,NORMAL,16.8,5.0,12.9,9.8
23452,0.9145,0,WARNING,13.4,5.1,12.4,11.9
23453,0.5057,0,NORMAL,11.7,3.2,12.8,11.5
23454,0.4534,0,NORMAL,12.3,3.5,13.1,11.0
23455,0.381,0,NORMAL,13.2,4.8,14.3,11.3
23456,0.6171,0,WARNING,13.3,4.5,15.1,9.6
23457,0.9733,0,WARNING,15.7,7.8,14.9,11.9
23458,0.2605,0,NORMAL,14.6,3.1,11.7,9.7
23459,0.3361,0,NORMAL,15.1,3.2,12.9,9.7
23460,0.5028,0,NORMAL,13.4,5.4,18.0,13.8
23461,0.7667,0,WARNING,8.5,5.5,15.7,12.6
23462,0.3654,0,NORMAL,8.7,4.1,16.9,11.5
23463,0.9851,0,WARNING,8.5,4.8,11.2,8.9
23464,0.5577,0,NORMAL,9.3,4.0,15.6,11.8
23465,0.2973,0,NORMAL,9.7,4.0,15.8,12.5
23466,0.5829,0,NORMAL,10.2,5.7,18.9,14.2
23467,0.3827,0,NORMAL,11.0,5.9,19.1,14.7
23468,0.9851,0,WARNING,10.9,7.0,15.4,10.2
23469,0.1986,0,NORMAL,11.1,4.2,12.2,8.5
23470,0.2122,0,NORMAL,11.9,5.2,14.8,11.7
23471,0.146,0,NORMAL,11.6,3.6,11.6,8.6
23472,0.143,0,NORMAL,10.8,3.4,10.1,8.2
23473,0.0934,0,NORMAL,11.9,2.9,10.1,8.1
23474,0.1705,0,NORMAL,10.8,2.1,8.0,7.0
23475,0.5192,0,NORMAL,11.2,3.7,9.6,8.5
23476,0.4141,0,NORMAL,9.9,5.2,14.3,11.6
23477,0.4554,0,NORMAL,7.3,5.2,11.9,8.6
23478,0.469,0,NORMAL,6.1,2.9,9.4,8.2
23479,0.4141,0,NORMAL,7.5,3.0,8.1,6.9
23480,0.349,0,NORMAL,7.6,3.0,8.6,7.2
23481,0.7793,0,WARNING,8.3,5.4,9.1,6.5
23482,0.1841,0,NORMAL,9.1,4.1,10.7,8.5
23483,0.1175,0,NORMAL,9.8,3.2,10.0,8.2
23484,0.6732,0,WARNING,10.4,4.0,9.5,7.0
23485,0.1297,0,NORMAL,9.9,2.9,10.0,8.0
23486,0.1317,0,NORMAL,10.2,4.6,12.0,9.4
23487,0.5158,0,NORMAL,11.8,5.7,18.6,15.0
23488,0.9431,0,WARNING,11.8,6.1,20.7,15.0
23489,0.3221,0,NORMAL,12.1,3.6,17.0,12.2
23490,0.3117,0,NORMAL,12.4,3.9,17.5,12.9
23491,0.3188,0,NORMAL,12.8,5.1,19.4,13.3
23492,0.9605,0,WARNING,13.3,7.7,19.4,15.0
23493,0.2748,0,NORMAL,13.1,4.1,14.9,10.3
23494,0.9606,0,WARNING,9.5,5.9,15.1,12.7
23495,0.5013,0,NORMAL,8.2,4.2,17.3,11.3
23496,0.6579,0,WARNING,7.1,4.6,10.1,7.7
23497,0.3765,0,NORMAL,7.8,4.6,12.9,10.9
23498,0.3052,0,NORMAL,8.5,3.2,11.1,8.4
23499,0.2702,0,NORMAL,8.9,2.9,12.2,10.0
23500,0.9165,0,WARNING,8.8,5.6,11.2,9.0
23501,0.9795,0,WARNING,9.4,7.6,13.0,9.8
23502,0.1893,0,NORMAL,9.3,4.4,15.1,10.4
23503,0.8958,0,WARNING,9.1,5.0,9.9,7.2
23504,0.1788,0,NORMAL,10.4,2.5,9.6,7.9
23505,0.1917,0,NORMAL,9.8,3.9,12.4,10.2
23506,0.7273,0,WARNING,11.0,6.5,13.8,9.6
23507,0.998,0,WARNING,12.3,6.8,13.5,10.3
23508,0.229,0,NORMAL,9.7,2.3,8.9,7.4
23509,0.1316,0,NORMAL,10.2,2.6,9.0,7.2
23510,0.1241,0,NORMAL,10.0,3.5,9.5,7.8
23511,0.1828,0,NORMAL,9.7,2.6,4.6,3.9
23512,0.2004,0,NORMAL,8.3,1.9,2.4,3.1
23513,0.6821,0,WARNING,5.3,2.4,2.0,3.0
23514,0.5283,0,NORMAL,5.5,3.1,10.0,6.9
23515,0.4418,0,NORMAL,7.8,5.1,14.7,11.1
23516,0.3381,0,NORMAL,8.2,6.1,16.3,11.8
23517,0.3997,0,NORMAL,9.8,5.2,16.5,13.5
23518,0.2836,0,NORMAL,10.1,3.3,14.4,10.9
23519,0.8738,0,WARNING,11.9,4.5,13.3,10.4
23520,0.3554,0,NORMAL,7.6,4.0,15.7,10.3
23521,0.5029,0,NORMAL,7.0,6.4,17.0,12.6
23522,0.403,0,NORMAL,8.4,3.4,14.7,10.6
23523,0.3523,0,NORMAL,9.4,3.4,14.0,10.8
23524,0.2977,0,NORMAL,8.6,2.9,11.4,9.1
23525,0.2362,0,NORMAL,8.6,3.3,9.2,7.6
23526,0.4076,0,NORMAL,8.7,4.5,11.0,7.9
23527,0.9539,0,WARNING,9.8,5.4,9.2,7.5
23528,0.1272,0,NORMAL,9.2,2.5,8.6,7.3
23529,0.1754,0,NORMAL,9.7,2.9,9.6,7.9
23530,0.3379,0,NORMAL,12.3,4.2,12.6,9.9
23531,0.2795,0,NORMAL,11.2,4.5,12.4,9.2
23532,0.9947,0,WARNING,11.2,7.2,12.8,9.9
23533,0.1969,0,NORMAL,11.2,2.7,7.7,5.6
23534,0.1152,0,NORMAL,10.6,2.3,7.0,5.9
23535,0.918,0,WARNING,12.0,7.0,13.1,10.5
23536,0.2782,0,NORMAL,12.0,4.6,11.6,9.5
23537,0.2733,0,NORMAL,11.6,4.3,9.6,7.9
23538,0.9434,0,WARNING,8.2,5.3,9.5,8.4
23539,0.5185,0,NORMAL,7.0,4.0,16.2,12.6
23540,0.4391,0,NORMAL,6.3,3.7,10.0,7.0
23541,0.9164,0,WARNING,8.0,5.6,13.7,9.1
23542,0.315,0,NORMAL,8.6,3.4,12.5,10.1
23543,0.2481,0,NORMAL,9.7,3.4,14.7,9.6
23544,0.8485,0,WARNING,9.0,4.5,8.4,6.6
23545,0.4264,0,NORMAL,11.8,4.5,12.1,9.9
23546,0.2735,0,NORMAL,9.7,3.7,9.0,6.8
23547,0.2795,0,NORMAL,10.4,4.5,10.7,8.1
23548,0.1203,0,NORMAL,10.0,2.3,9.4,7.7
23549,0.1419,0,NORMAL,10.0,1.9,6.3,5.1
23550,0.8538,0,WARNING,9.4,4.1,6.7,5.4
23551,0.1441,0,NORMAL,10.9,3.8,12.3,10.5
23552,0.2674,0,NORMAL,10.1,2.9,10.8,9.0
23553,0.0745,0,NORMAL,11.3,3.0,10.7,7.7
23554,0.1796,0,NORMAL,10.9,2.8,9.3,6.6
23555,0.2748,0,NORMAL,10.9,3.7,8.1,6.3
23556,0.4175,0,NORMAL,12.8,4.9,10.9,7.3
23557,0.2856,0,NORMAL,10.7,5.6,12.5,9.7
23558,0.6688,0,WARNING,6.0,3.4,7.5,6.4
23559,0.5187,0,NORMAL,5.1,1.9,5.9,5.1
23560,0.4589,0,NORMAL,6.4,2.8,10.7,8.4
23561,0.3787,0,NORMAL,7.5,4.5,10.4,6.8
23562,0.61,0,WARNING,8.4,4.4,9.8,7.9
23563,0.5166,0,NORMAL,8.3,3.7,9.3,7.4
23564,0.2562,0,NORMAL,8.0,2.3,8.4,6.9
23565,0.2285,0,NORMAL,9.3,3.1,12.6,9.7
23566,0.2826,0,NORMAL,8.8,4.3,9.9,7.2
23567,0.5157,0,NORMAL,8.9,3.9,9.7,6.6
23568,0.1415,0,NORMAL,8.8,2.1,7.2,6.6
23569,0.5202,0,NORMAL,9.3,3.1,7.5,6.3
23570,0.943,0,WARNING,9.3,5.3,7.6,5.5
23571,0.0835,0,NORMAL,9.5,3.2,8.9,7.5
23572,0.1019,0,NORMAL,9.7,3.0,11.4,9.3
23573,0.2466,0,NORMAL,10.3,3.3,14.2,9.1
23574,0.1978,0,NORMAL,9.8,2.7,10.7,8.2
23575,0.1704,0,NORMAL,10.9,3.4,12.4,10.3
23576,0.5101,0,NORMAL,11.3,4.8,13.1,10.5
23577,0.4002,0,NORMAL,8.6,4.6,13.0,10.8
23578,0.6648,0,WARNING,6.4,4.4,15.4,12.1
23579,0.4737,0,NORMAL,6.2,2.8,10.8,8.6
23580,0.5162,0,NORMAL,4.9,2.7,6.4,4.9
23581,0.9323,0,WARNING,4.4,4.4,7.2,5.8
23582,0.4837,0,NORMAL,5.8,2.7,7.2,5.7
23583,0.4314,0,NORMAL,7.1,2.7,8.7,7.6
23584,0.7366,0,WARNING,7.0,4.3,9.9,7.5
23585,0.6794,0,WARNING,9.7,3.6,15.8,9.7
23586,0.7773,0,WARNING,9.4,4.9,12.8,10.5
23587,0.8476,0,WARNING,11.3,6.6,15.9,11.6
23588,0.2802,0,NORMAL,9.4,2.7,9.0,6.4
23589,0.2698,0,NORMAL,10.5,2.5,6.2,5.9
23590,0.944,0,WARNING,9.4,5.0,7.5,6.2
23591,0.09,0,NORMAL,10.1,3.5,9.3,6.8
23592,0.1703,0,NORMAL,10.3,2.8,7.8,5.8
23593,0.17,0,NORMAL,10.0,2.4,6.6,6.1
23594,0.6795,0,WARNING,9.3,2.6,4.5,4.1
23595,0.1793,0,NORMAL,11.4,3.1,10.1,9.0
23596,0.2986,0,NORMAL,10.2,4.4,9.4,7.8
23597,0.2918,0,NORMAL,10.3,4.0,9.2,7.2
23598,0.1687,0,NORMAL,10.1,1.8,5.2,5.0
23599,0.1705,0,NORMAL,11.0,3.2,11.9,9.9
23600,0.9003,0,WARNING,7.8,6.0,13.4,10.1
23601,0.5245,0,NORMAL,5.6,3.0,8.5,7.0
23602,0.4359,0,NORMAL,7.0,3.2,9.1,7.5
23603,0.8193,0,WARNING,6.4,3.7,6.1,5.3
23604,0.3361,0,NORMAL,6.7,1.9,5.9,5.2
23605,0.2931,0,NORMAL,8.0,3.1,8.1,6.2
23606,0.8804,0,WARNING,8.2,6.0,10.3,8.4
23607,0.5205,0,NORMAL,9.2,5.2,11.7,9.1
23608,0.2793,0,NORMAL,8.9,3.2,11.2,7.9
23609,0.8174,0,WARNING,9.0,4.5,11.2,7.6
23610,0.1615,0,NORMAL,9.8,2.9,9.2,7.3
23611,0.2358,0,NORMAL,11.1,4.1,11.7,7.7
23612,0.514,0,NORMAL,10.9,5.4,16.0,12.0
23613,0.2056,0,NORMAL,10.6,2.7,11.2,9.0
23614,0.098,0,NORMAL,10.5,3.7,11.1,8.6
23615,0.7778,0,WARNING,11.3,5.3,12.2,8.7
23616,0.5298,0,NORMAL,11.0,4.8,11.6,8.3
23617,0.2684,0,NORMAL,10.8,3.6,9.3,7.9
23618,0.1209,0,NORMAL,10.6,1.8,8.5,5.9
23619,0.4699,0,NORMAL,9.5,2.5,11.4,7.5
23620,0.4094,0,NORMAL,6.8,3.3,7.7,5.8
23621,0.4674,0,NORMAL,6.3,3.8,9.8,7.5
23622,0.8997,0,WARNING,6.5,4.3,7.4,5.9
23623,0.3186,0,NORMAL,8.2,3.8,11.2,8.9
23624,0.2584,0,NORMAL,7.5,1.6,7.3,5.7
23625,0.2266,0,NORMAL,9.2,3.4,9.5,8.7
23626,0.5214,0,NORMAL,8.5,4.2,8.2,6.7
23627,0.4148,0,NORMAL,9.3,3.7,10.2,6.6
23628,0.1594,0,NORMAL,8.7,1.4,5.1,4.5
23629,0.1682,0,NORMAL,9.2,1.9,6.7,6.1
23630,0.7841,0,WARNING,9.3,4.5,7.7,6.0
23631,0.1702,0,NORMAL,10.1,3.1,9.3,7.4
23632,0.1172,0,NORMAL,10.0,3.2,7.3,5.6
23633,0.1128,0,NORMAL,10.4,1.8,6.6,6.3
23634,0.2989,0,NORMAL,9.7,2.1,6.6,6.3
23635,0.1478,0,NORMAL,11.0,3.0,8.4,7.8
23636,0.2955,0,NORMAL,10.3,3.5,7.9,7.3
23637,0.6778,0,WARNING,10.5,4.1,6.7,6.2
23638,0.1208,0,NORMAL,10.1,2.0,5.9,5.3
23639,0.0944,0,NORMAL,11.2,2.8,11.9,7.9
23640,0.2305,0,NORMAL,11.0,4.0,12.5,9.3
23641,0.5182,0,NORMAL,10.6,3.4,7.1,5.0
23642,0.4408,0,NORMAL,10.8,2.6,7.0,5.3
23643,0.4035,0,NORMAL,11.3,1.7,5.0,5.2
23644,0.785,0,WARNING,11.1,3.1,5.3,5.0
23645,0.3549,0,NORMAL,11.8,2.8,6.6,5.1
23646,0.4278,0,NORMAL,12.6,3.9,8.3,6.3
23647,0.3011,0,NORMAL,13.5,4.5,11.1,8.6
23648,0.5238,0,NORMAL,12.4,2.1,3.9,3.6
23649,0.1996,0,NORMAL,13.2,2.1,5.3,5.1
23650,0.1716,0,NORMAL,13.3,3.2,6.9,6.1
23651,0.9194,0,WARNING,14.3,5.5,6.7,5.9
23652,0.1692,0,NORMAL,13.7,2.5,7.2,6.2
23653,0.1705,0,NORMAL,13.5,1.6,4.4,4.3
23654,0.1524,0,NORMAL,13.3,2.1,5.5,5.3
23655,0.9754,0,WARNING,14.0,5.3,6.4,5.4
23656,0.2967,0,NORMAL,14.8,4.5,7.3,6.3
23657,0.4189,0,NORMAL,15.9,4.1,7.9,7.0
23658,0.7338,0,WARNING,15.1,3.8,7.4,7.7
23659,0.3156,0,NORMAL,15.2,2.0,4.8,4.6
23660,0.3914,0,NORMAL,14.7,2.8,7.5,6.5
23661,0.9861,0,WARNING,12.8,6.9,9.1,8.1
23662,0.4906,0,NORMAL,10.6,3.5,9.7,7.5
23663,0.432,0,NORMAL,11.2,1.4,4.0,3.2
23664,0.6108,0,WARNING,11.1,2.9,4.1,4.3
23665,0.3363,0,NORMAL,11.6,2.8,5.5,5.2
23666,0.3024,0,NORMAL,12.5,3.8,8.0,5.6
23667,0.1979,0,NORMAL,13.2,4.0,7.9,6.0
23668,0.9013,0,WARNING,13.2,3.3,3.4,3.4
23669,0.22,0,NORMAL,13.5,1.2,2.5,2.4
23670,0.1794,0,NORMAL,14.9,3.7,11.2,9.0
23671,1.0,0,ANOMALY,15.7,7.4,13.2,9.7
23672,0.3992,0,NORMAL,15.3,3.7,16.0,10.6
23673,0.876,0,WARNING,15.6,5.2,13.7,10.8
23674,0.1955,0,NORMAL,14.6,2.0,7.1,5.4
23675,0.123,0,NORMAL,14.6,2.5,6.2,4.8
23676,0.5208,0,NORMAL,15.0,3.5,6.6,5.3
23677,0.2968,0,NORMAL,15.2,3.3,5.9,5.1
23678,0.4952,0,NORMAL,15.3,2.0,7.1,6.1
23679,0.1619,0,NORMAL,15.1,1.5,6.0,5.4
23680,0.156,0,NORMAL,15.3,2.4,5.2,4.6
23681,0.8334,0,WARNING,15.6,3.8,13.4,6.3
23682,0.3291,0,NORMAL,12.9,2.3,4.9,4.2
23683,0.4775,0,NORMAL,10.3,2.0,6.5,5.6
