t,score,true_label,status,CPU / Load,Memory,Disk,Network
0,0.3685,0,NORMAL,18.9,4.5,4.0,5.4
1,0.3063,0,NORMAL,19.0,3.7,4.3,6.6
2,0.2596,0,NORMAL,19.3,4.6,4.4,7.4
3,0.3096,0,NORMAL,19.1,3.8,4.5,7.0
4,0.1706,0,NORMAL,19.1,4.8,4.6,4.0
5,0.2157,0,NORMAL,19.1,4.1,3.7,5.8
6,0.2301,0,NORMAL,19.3,3.5,4.1,6.6
7,0.3172,0,NORMAL,19.3,4.2,3.9,6.3
8,0.2227,0,NORMAL,19.3,4.6,4.8,7.6
9,0.2564,0,NORMAL,19.3,4.4,3.7,5.9
10,0.4617,0,NORMAL,19.3,3.9,4.9,7.7
11,0.1715,0,NORMAL,19.0,4.3,4.5,6.7
12,0.369,0,NORMAL,19.1,5.9,5.8,5.6
13,0.2212,0,NORMAL,19.2,4.9,4.6,3.4
14,0.2853,0,NORMAL,19.3,5.3,5.5,7.4
15,0.6986,0,WARNING,19.3,6.4,3.9,5.5
16,0.449,0,NORMAL,19.3,5.1,4.8,6.0
17,0.1394,0,NORMAL,19.1,4.5,5.5,6.5
18,0.4447,0,NORMAL,19.3,4.0,4.3,5.0
19,0.3146,0,NORMAL,19.4,4.9,5.3,5.3
20,0.559,0,NORMAL,19.3,4.4,4.0,4.3
21,0.303,0,NORMAL,19.1,4.4,6.0,7.2
22,0.1231,0,NORMAL,19.0,4.7,4.6,4.4
23,0.136,0,NORMAL,19.2,4.4,4.8,5.3
24,0.1721,0,NORMAL,19.2,4.5,4.6,7.0
25,0.3002,0,NORMAL,19.3,4.4,4.4,6.6
26,0.1717,0,NORMAL,19.3,5.2,4.7,7.1
27,0.2015,0,NORMAL,19.1,4.7,4.8,7.1
28,0.4444,0,NORMAL,19.0,5.3,4.9,3.6
29,0.1713,0,NORMAL,19.0,3.7,4.6,4.2
30,0.2257,0,NORMAL,19.3,4.8,4.5,6.7
31,0.4506,0,NORMAL,19.2,3.5,4.7,7.3
32,0.213,0,NORMAL,19.2,4.1,4.6,7.1
33,0.2202,0,NORMAL,19.4,4.2,4.7,3.6
34,0.3535,0,NORMAL,19.4,4.7,4.6,3.3
35,0.3016,0,NORMAL,19.3,4.7,4.6,6.7
36,0.1216,0,NORMAL,19.3,4.2,3.8,5.8
37,0.3067,0,NORMAL,19.2,4.2,3.6,5.9
38,0.2277,0,NORMAL,19.1,4.1,4.3,6.8
39,0.1236,0,NORMAL,19.2,4.2,3.8,6.0
40,0.2264,0,NORMAL,19.1,4.3,4.5,7.1
41,0.3888,0,NORMAL,19.4,4.4,4.6,6.8
42,0.2983,0,NORMAL,19.4,5.7,4.6,7.3
43,0.5614,0,NORMAL,19.4,4.7,5.0,5.3
44,0.2673,0,NORMAL,19.1,4.6,4.1,2.9
45,0.3079,0,NORMAL,19.0,4.2,4.6,7.0
46,0.2225,0,NORMAL,19.2,4.4,4.9,7.3
47,0.139,0,NORMAL,19.4,4.3,4.8,6.2
48,0.2957,0,NORMAL,19.4,4.0,4.7,5.2
49,0.2221,0,NORMAL,19.4,4.7,4.6,7.1
50,0.189,0,NORMAL,19.2,4.4,5.3,5.5
51,0.372,0,NORMAL,19.4,4.4,5.3,4.9
52,0.8431,0,WARNING,19.5,4.3,4.2,5.0
53,0.4112,0,NORMAL,19.2,3.7,4.4,6.9
54,0.3988,0,NORMAL,19.4,5.6,5.1,6.7
55,0.2206,0,NORMAL,19.4,4.5,4.7,3.6
56,0.1458,0,NORMAL,19.3,4.2,3.7,4.7
57,0.3794,0,NORMAL,19.4,3.9,3.1,5.6
58,0.2336,0,NORMAL,19.2,5.1,4.6,6.9
59,0.2543,0,NORMAL,19.2,4.4,4.6,7.1
60,0.2883,0,NORMAL,19.7,5.4,5.8,4.6
61,0.2211,0,NORMAL,19.5,3.8,4.3,3.1
62,0.2465,0,NORMAL,19.5,4.6,5.6,7.8
63,0.1616,0,NORMAL,19.3,4.4,5.2,6.4
64,0.2203,0,NORMAL,19.2,4.4,4.4,3.8
65,0.1559,0,NORMAL,19.2,3.6,3.8,5.1
66,0.3845,0,NORMAL,19.1,4.2,3.6,5.9
67,0.2314,0,NORMAL,19.1,3.5,3.9,5.9
68,0.2595,0,NORMAL,19.2,4.5,5.5,7.6
69,0.1432,0,NORMAL,19.4,4.3,3.6,4.1
70,0.1282,0,NORMAL,19.1,3.8,4.2,6.2
71,0.5186,0,NORMAL,19.1,4.2,4.3,6.2
72,0.5724,0,NORMAL,19.2,4.2,3.8,5.9
73,0.3315,0,NORMAL,19.4,6.0,5.7,8.6
74,0.4243,0,NORMAL,19.3,4.3,4.2,4.1
75,0.7929,0,WARNING,19.3,7.1,3.3,3.3
76,0.5208,0,NORMAL,19.3,3.8,3.2,5.1
77,0.2711,0,NORMAL,19.4,4.0,4.8,8.0
78,0.4999,0,NORMAL,19.2,3.7,4.4,6.0
79,0.1246,0,NORMAL,19.4,4.3,4.2,5.5
80,0.3077,0,NORMAL,19.3,4.5,4.0,6.6
81,0.2698,0,NORMAL,19.5,3.7,4.5,7.6
82,0.3015,0,NORMAL,19.4,4.5,4.1,6.4
83,0.1275,0,NORMAL,19.0,3.7,3.3,5.3
84,0.2313,0,NORMAL,19.4,4.3,3.9,5.9
85,0.4635,0,NORMAL,19.2,4.1,4.0,6.8
86,0.2439,0,NORMAL,19.3,4.5,4.3,6.4
87,0.2856,0,NORMAL,19.4,4.9,3.7,5.8
88,0.2241,0,NORMAL,19.4,4.6,4.1,6.1
89,0.3139,0,NORMAL,19.1,3.4,3.5,5.7
90,0.2349,0,NORMAL,19.2,4.3,4.2,7.0
91,0.4584,0,NORMAL,19.5,4.9,4.2,5.8
92,0.4487,0,NORMAL,19.5,4.0,4.2,6.1
93,0.2585,0,NORMAL,19.2,3.7,3.6,5.8
94,0.3098,0,NORMAL,19.5,4.5,4.8,7.3
95,0.3,0,NORMAL,19.6,5.6,4.8,7.3
96,0.2939,0,NORMAL,19.5,3.5,3.4,5.1
97,0.1405,0,NORMAL,19.3,4.1,4.0,6.2
98,0.3859,0,NORMAL,19.4,3.6,3.8,5.7
99,0.3218,0,NORMAL,19.5,4.7,4.6,6.2
100,0.2343,0,NORMAL,19.5,4.6,3.2,4.7
101,0.2213,0,NORMAL,19.7,4.1,4.2,6.3
102,0.386,0,NORMAL,19.6,5.9,4.7,7.6
103,0.1717,0,NORMAL,19.4,3.8,4.2,6.6
104,0.8365,0,WARNING,19.6,4.7,4.5,7.4
105,0.1725,0,NORMAL,19.3,4.2,3.5,5.4
106,0.218,0,NORMAL,19.3,4.4,4.9,7.1
107,0.2989,0,NORMAL,19.5,3.9,4.0,6.3
108,0.2223,0,NORMAL,19.5,4.9,4.8,7.4
109,0.2033,0,NORMAL,19.2,3.6,4.2,6.4
110,0.1717,0,NORMAL,19.2,4.1,4.3,6.8
111,0.1413,0,NORMAL,19.5,4.5,5.4,6.6
112,0.2205,0,NORMAL,19.5,4.7,4.5,3.6
113,0.2854,0,NORMAL,19.3,4.2,4.9,5.5
114,0.2522,0,NORMAL,19.5,4.7,4.7,6.7
115,0.4181,0,NORMAL,19.7,5.5,4.7,5.0
116,0.1722,0,NORMAL,19.5,4.1,4.2,6.6
117,0.4326,0,NORMAL,19.5,5.2,3.2,5.5
118,0.1787,0,NORMAL,19.1,3.7,3.1,5.1
119,0.1735,0,NORMAL,19.4,4.2,4.5,7.0
120,0.2176,0,NORMAL,19.1,3.5,3.6,5.9
121,0.2274,0,NORMAL,19.2,3.8,4.4,6.8
122,0.3099,0,NORMAL,19.6,5.3,5.6,7.6
123,0.3708,0,NORMAL,19.4,3.9,4.4,3.5
124,0.843,0,WARNING,19.7,4.3,4.2,3.6
125,0.374,0,NORMAL,19.5,4.2,4.6,6.5
126,0.2915,0,NORMAL,19.4,3.9,3.4,4.9
127,0.2509,0,NORMAL,19.2,4.7,4.7,7.1
128,0.5091,0,NORMAL,19.5,4.0,4.4,7.1
129,0.271,0,NORMAL,19.2,4.2,4.8,7.1
130,0.3658,0,NORMAL,19.5,4.4,4.5,6.5
131,0.2081,0,NORMAL,19.3,3.9,4.0,6.3
132,0.3814,0,NORMAL,19.6,5.5,4.7,7.6
133,0.1776,0,NORMAL,19.4,4.4,4.8,5.2
134,0.2828,0,NORMAL,19.3,4.4,4.6,6.6
135,0.7441,0,WARNING,19.5,7.1,4.5,6.9
136,0.2074,0,NORMAL,19.5,4.5,4.0,6.4
137,0.1718,0,NORMAL,19.5,4.7,4.9,7.1
138,0.2189,0,NORMAL,19.2,4.0,4.8,5.7
139,0.163,0,NORMAL,19.2,4.0,4.4,6.5
140,0.2959,0,NORMAL,19.4,4.5,4.8,6.6
141,0.2089,0,NORMAL,19.3,4.4,4.6,4.4
142,0.2933,0,NORMAL,19.3,4.5,4.6,5.7
143,0.1635,0,NORMAL,18.4,4.0,5.5,6.4
144,0.3768,0,NORMAL,17.7,4.5,4.7,5.4
145,0.3872,0,NORMAL,18.0,4.6,4.8,5.1
146,0.5172,0,NORMAL,18.3,5.5,5.3,6.0
147,0.22,0,NORMAL,18.0,5.1,4.5,4.9
148,0.2143,0,NORMAL,17.8,4.7,4.6,5.6
149,0.3917,0,NORMAL,17.8,4.4,4.3,6.4
150,0.2376,0,NORMAL,18.1,4.1,3.7,6.1
151,0.2303,0,NORMAL,18.2,3.6,3.9,5.8
152,0.4747,0,NORMAL,18.8,4.7,4.7,7.3
153,0.3932,0,NORMAL,18.8,4.5,5.1,7.1
154,0.2665,0,NORMAL,18.9,4.2,4.5,3.1
155,0.3836,0,NORMAL,19.3,5.2,5.2,4.9
156,0.1722,0,NORMAL,19.3,4.5,5.0,7.0
157,0.3695,0,NORMAL,19.4,4.7,4.4,5.9
158,0.1658,0,NORMAL,19.1,3.8,3.6,5.6
159,0.4742,0,NORMAL,19.3,4.7,4.3,6.9
160,0.1568,0,NORMAL,19.2,4.0,3.2,5.8
161,0.3242,0,NORMAL,19.3,3.7,4.3,7.1
162,0.2724,0,NORMAL,19.4,5.3,4.6,7.1
163,0.3016,0,NORMAL,19.2,4.5,4.3,5.7
164,0.4509,0,NORMAL,19.4,4.2,4.2,6.4
165,0.4186,0,NORMAL,19.3,5.4,4.3,7.1
166,0.2807,0,NORMAL,19.5,4.2,4.6,7.3
167,0.195,0,NORMAL,19.4,4.1,3.5,5.6
168,0.1733,0,NORMAL,19.5,4.0,4.5,6.9
169,0.335,0,NORMAL,19.5,5.4,4.4,6.9
170,0.1838,0,NORMAL,19.4,4.7,5.5,5.5
171,0.2768,0,NORMAL,19.5,4.9,4.8,3.8
172,0.1599,0,NORMAL,19.6,4.1,5.0,6.7
173,0.2788,0,NORMAL,19.2,4.0,3.3,5.6
174,0.3024,0,NORMAL,19.5,4.2,3.9,5.9
175,0.2189,0,NORMAL,19.6,4.4,4.2,6.4
176,0.2109,0,NORMAL,19.6,4.0,4.2,6.1
177,0.4066,0,NORMAL,19.5,5.2,4.4,6.3
178,0.1722,0,NORMAL,19.5,4.7,4.3,6.6
179,0.2958,0,NORMAL,19.3,4.1,4.6,7.3
180,0.192,0,NORMAL,19.5,4.5,4.4,6.5
181,0.2062,0,NORMAL,19.2,3.6,3.7,5.6
182,0.1725,0,NORMAL,19.5,5.0,4.7,6.9
183,0.1834,0,NORMAL,19.5,3.8,4.4,6.6
184,0.2087,0,NORMAL,19.6,4.5,4.7,6.2
185,0.3712,0,NORMAL,19.5,4.7,4.2,5.2
186,0.1722,0,NORMAL,19.6,4.4,4.4,6.9
187,0.3714,0,NORMAL,19.3,3.9,4.5,6.8
188,0.2762,0,NORMAL,19.3,4.1,3.6,5.3
189,0.1443,0,NORMAL,19.6,4.2,3.9,6.2
190,0.2119,0,NORMAL,19.5,4.2,3.9,5.8
191,0.2166,0,NORMAL,19.5,4.4,4.0,6.1
192,0.4325,0,NORMAL,19.3,4.1,5.0,7.3
193,0.2109,0,NORMAL,19.3,4.7,4.2,6.6
194,0.1718,0,NORMAL,19.5,4.1,4.6,6.8
195,0.5093,0,NORMAL,19.3,4.1,4.3,6.9
196,0.3008,0,NORMAL,19.5,4.1,3.9,5.8
197,0.2794,0,NORMAL,19.5,4.9,4.5,5.9
198,0.6751,0,WARNING,19.6,6.4,4.0,6.2
199,0.219,0,NORMAL,19.5,3.9,3.3,5.1
200,0.1471,0,NORMAL,19.5,4.1,3.8,6.1
201,0.2232,0,NORMAL,19.4,4.1,4.5,7.4
202,0.3351,0,NORMAL,19.6,5.0,5.2,5.1
203,0.2722,0,NORMAL,19.4,4.9,4.8,4.1
204,0.1821,0,NORMAL,19.3,3.8,3.4,5.0
205,0.2105,0,NORMAL,19.1,3.7,3.0,5.0
206,0.1595,0,NORMAL,19.4,4.6,4.6,6.6
207,0.512,0,NORMAL,19.3,5.6,4.5,6.8
208,0.2164,0,NORMAL,19.5,4.5,4.1,6.8
209,0.2098,0,NORMAL,19.1,3.8,4.2,6.2
210,0.1385,0,NORMAL,19.4,5.0,4.2,6.4
211,0.1442,0,NORMAL,19.3,4.4,5.4,6.7
212,0.2853,0,NORMAL,19.6,4.2,4.4,5.7
213,0.2158,0,NORMAL,19.6,4.6,5.7,5.5
214,0.2089,0,NORMAL,19.5,4.2,4.0,4.0
215,0.3513,0,NORMAL,19.6,5.8,4.9,6.4
216,0.1635,0,NORMAL,19.5,4.0,4.4,6.3
217,0.2759,0,NORMAL,19.6,4.8,4.0,6.8
218,0.2764,0,NORMAL,19.5,4.5,4.1,6.4
219,0.1973,0,NORMAL,19.5,4.1,4.3,5.5
220,0.3659,0,NORMAL,19.5,5.5,4.9,7.6
221,0.4387,0,NORMAL,19.4,4.0,4.9,6.2
222,0.2204,0,NORMAL,19.6,4.8,4.4,3.2
223,0.2926,0,NORMAL,19.5,5.0,4.4,5.7
224,0.2699,0,NORMAL,19.5,4.4,4.5,7.6
225,0.1468,0,NORMAL,19.5,3.9,4.9,4.8
226,0.2203,0,NORMAL,19.5,4.8,4.7,3.4
227,0.3661,0,NORMAL,19.3,4.3,5.0,7.2
228,0.222,0,NORMAL,19.3,4.0,5.1,7.4
229,0.4093,0,NORMAL,19.3,3.6,4.0,2.8
230,0.3744,0,NORMAL,19.4,4.6,5.3,6.5
231,0.1724,0,NORMAL,19.6,5.2,6.3,7.4
232,0.1491,0,NORMAL,19.6,4.5,5.4,5.5
233,0.3451,0,NORMAL,19.6,4.4,4.9,5.7
234,0.1781,0,NORMAL,19.8,4.5,5.0,7.1
235,0.1758,0,NORMAL,19.7,4.0,4.3,4.6
236,0.4181,0,NORMAL,19.6,5.2,4.6,4.6
237,0.3317,0,NORMAL,19.6,5.4,4.6,6.9
238,0.1886,0,NORMAL,19.4,4.5,4.9,6.4
239,0.3643,0,NORMAL,19.5,4.7,4.8,6.2
240,0.4572,0,NORMAL,19.6,5.4,5.7,7.4
241,0.3591,0,NORMAL,19.3,4.6,4.8,3.9
242,0.491,0,NORMAL,19.7,5.8,5.6,4.8
243,0.3738,0,NORMAL,19.4,4.6,5.2,6.9
244,0.3447,0,NORMAL,19.4,4.3,4.9,6.7
245,0.3494,0,NORMAL,19.7,5.0,5.5,4.7
246,0.2786,0,NORMAL,19.8,5.3,5.5,5.8
247,0.2635,0,NORMAL,19.6,4.7,4.6,5.8
248,0.1392,0,NORMAL,19.5,3.7,4.6,5.5
249,0.1927,0,NORMAL,19.4,4.4,4.4,4.6
250,0.319,0,NORMAL,19.4,4.8,5.2,8.1
251,0.3671,0,NORMAL,19.6,4.3,5.5,6.0
252,0.258,0,NORMAL,19.6,5.4,4.3,3.4
253,0.2808,0,NORMAL,19.6,5.7,5.8,7.2
254,0.2107,0,NORMAL,19.6,5.5,6.6,7.9
255,0.4758,0,NORMAL,19.3,3.7,4.4,3.4
256,0.1471,0,NORMAL,19.6,4.8,5.5,6.5
257,0.3912,0,NORMAL,19.4,4.7,5.1,7.2
258,0.7378,0,WARNING,19.5,7.0,5.4,5.7
259,0.2383,0,NORMAL,19.6,4.8,4.9,4.8
260,0.1723,0,NORMAL,19.6,5.0,4.9,6.2
261,0.2862,0,NORMAL,19.6,4.0,5.4,6.5
262,0.4284,0,NORMAL,19.4,4.6,5.1,5.1
263,0.2199,0,NORMAL,19.3,4.8,4.8,5.7
264,0.2918,0,NORMAL,19.2,3.9,4.4,6.4
265,0.3696,0,NORMAL,19.6,4.9,5.5,6.2
266,0.8406,0,WARNING,19.9,6.2,5.5,5.3
267,0.3309,0,NORMAL,19.4,5.6,5.3,5.9
268,0.1642,0,NORMAL,19.4,4.5,4.9,6.4
269,0.1746,0,NORMAL,19.5,4.2,4.9,5.1
270,0.3987,0,NORMAL,19.8,4.5,4.4,4.9
271,0.1916,0,NORMAL,19.5,4.6,4.6,7.1
272,0.1425,0,NORMAL,19.3,4.1,5.1,6.6
273,0.2251,0,NORMAL,19.6,4.2,4.7,3.4
274,0.2837,0,NORMAL,19.6,4.4,5.0,6.0
275,0.3349,0,NORMAL,19.6,5.2,5.7,7.6
276,0.4282,0,NORMAL,19.6,4.7,4.8,4.9
277,0.185,0,NORMAL,19.6,4.8,4.9,4.1
278,0.4339,0,NORMAL,19.4,3.9,4.7,6.4
279,0.1923,0,NORMAL,19.3,3.9,4.7,6.2
280,0.1467,0,NORMAL,19.5,4.5,4.9,4.3
281,0.3384,0,NORMAL,19.4,5.7,5.6,5.3
282,0.4944,0,NORMAL,19.7,5.5,5.4,7.0
283,0.1793,0,NORMAL,19.4,4.9,5.8,6.9
284,0.4319,0,NORMAL,19.5,4.7,6.0,5.7
285,0.2583,0,NORMAL,19.7,4.4,4.4,5.8
286,0.1464,0,NORMAL,19.6,4.4,4.6,5.4
287,0.3221,0,NORMAL,19.4,4.4,5.6,5.7
288,0.2738,0,NORMAL,19.4,4.5,5.3,5.4
289,0.1492,0,NORMAL,19.3,4.5,4.4,5.3
290,0.1916,0,NORMAL,19.6,4.2,4.3,5.5
291,0.2639,0,NORMAL,19.4,4.7,5.0,7.4
292,0.1985,0,NORMAL,19.7,4.8,5.5,5.0
293,0.4305,0,NORMAL,19.5,4.7,5.8,5.3
294,0.4247,0,NORMAL,19.6,4.7,5.0,7.4
295,0.1817,0,NORMAL,19.5,4.1,4.9,5.4
296,0.2752,0,NORMAL,19.6,5.4,4.7,3.6
297,0.4233,0,NORMAL,19.5,4.0,5.4,6.2
298,0.515,0,NORMAL,19.4,6.3,5.6,7.2
299,0.215,0,NORMAL,19.6,4.7,5.6,5.1
300,0.347,0,NORMAL,19.6,4.3,4.9,5.0
301,0.1731,0,NORMAL,19.4,4.3,5.0,6.2
302,0.3588,0,NORMAL,19.6,4.6,5.1,6.2
303,0.1817,0,NORMAL,19.7,4.6,5.1,5.1
304,0.3539,0,NORMAL,19.5,4.8,5.6,6.5
305,0.286,0,NORMAL,19.6,4.6,4.8,5.9
306,0.3573,0,NORMAL,19.7,5.3,5.5,5.9
307,0.4214,0,NORMAL,19.5,4.8,6.2,6.6
308,0.3229,0,NORMAL,19.5,5.5,6.7,7.5
309,0.2016,0,NORMAL,19.5,4.7,6.1,6.2
310,0.3421,0,NORMAL,19.7,4.9,5.2,6.2
311,0.228,0,NORMAL,19.5,5.0,5.7,6.2
312,0.2659,0,NORMAL,19.8,5.7,5.3,6.3
313,0.2718,0,NORMAL,19.6,4.5,6.3,7.0
314,0.3378,0,NORMAL,19.6,5.3,5.5,6.4
315,0.7297,0,WARNING,19.8,7.8,5.9,6.0
316,0.1998,0,NORMAL,19.8,4.8,5.6,6.3
317,0.3366,0,NORMAL,19.5,4.7,5.3,6.0
318,0.3203,0,NORMAL,19.7,4.7,6.1,6.9
319,0.1545,0,NORMAL,19.7,4.9,5.4,5.5
320,0.1935,0,NORMAL,19.7,5.2,5.5,6.1
321,0.1497,0,NORMAL,19.5,4.2,5.3,6.2
322,0.2658,0,NORMAL,19.5,4.3,4.2,4.8
323,0.2777,0,NORMAL,19.4,4.5,5.1,6.9
324,0.2771,0,NORMAL,19.5,5.4,6.6,6.8
325,0.1541,0,NORMAL,19.7,4.5,4.5,4.5
326,0.2914,0,NORMAL,19.8,6.0,6.3,7.9
327,0.188,0,NORMAL,19.6,4.7,5.5,6.4
328,0.1528,0,NORMAL,19.5,5.1,6.1,5.6
329,0.2495,0,NORMAL,19.4,4.6,5.3,6.7
330,0.183,0,NORMAL,19.7,5.2,5.7,6.6
331,0.2003,0,NORMAL,19.5,4.4,5.1,4.8
332,0.1739,0,NORMAL,19.8,4.1,5.5,6.0
333,0.348,0,NORMAL,19.5,5.4,6.6,7.9
334,0.4106,0,NORMAL,19.4,3.9,5.6,6.0
335,0.2186,0,NORMAL,19.7,5.3,5.5,5.5
336,0.3424,0,NORMAL,19.8,5.1,6.0,7.4
337,0.2066,0,NORMAL,19.6,5.2,6.7,6.9
338,0.2436,0,NORMAL,19.6,4.6,5.4,5.6
339,0.1975,0,NORMAL,19.4,4.7,6.7,7.5
340,0.3256,0,NORMAL,19.7,5.4,6.0,6.1
341,0.179,0,NORMAL,19.5,5.6,6.3,6.2
342,0.2545,0,NORMAL,19.7,6.3,6.7,7.6
343,0.216,0,NORMAL,19.5,4.7,6.5,6.9
344,0.4167,0,NORMAL,19.5,6.3,6.3,7.2
345,0.2193,0,NORMAL,19.7,4.8,7.1,8.2
346,0.3081,0,NORMAL,19.6,5.0,5.6,6.1
347,0.1807,0,NORMAL,19.7,5.1,6.3,7.0
348,0.218,0,NORMAL,19.6,5.6,7.3,7.9
349,0.3909,0,NORMAL,19.7,4.4,5.9,6.8
350,0.2342,0,NORMAL,19.5,5.3,5.7,6.5
351,0.2556,0,NORMAL,19.5,4.7,6.5,7.2
352,0.2495,0,NORMAL,19.5,5.3,6.8,7.0
353,0.2208,0,NORMAL,19.8,4.7,7.1,8.4
354,0.311,0,NORMAL,19.4,4.4,5.5,5.6
355,0.2455,0,NORMAL,19.7,5.2,6.4,7.7
356,0.4013,0,NORMAL,19.7,5.2,5.5,6.0
357,0.4717,0,NORMAL,19.8,6.1,6.0,6.7
358,0.1516,0,NORMAL,19.8,4.4,5.5,6.2
359,0.2383,0,NORMAL,19.7,5.6,6.6,7.4
360,0.1681,0,NORMAL,19.6,5.0,6.8,6.9
361,0.1577,0,NORMAL,19.4,4.3,5.3,6.2
362,0.2542,0,NORMAL,19.6,4.8,5.7,6.7
363,0.2189,0,NORMAL,19.5,5.7,7.5,7.9
364,0.2217,0,NORMAL,19.5,4.6,5.9,7.0
365,0.1728,0,NORMAL,19.6,4.6,5.8,7.1
366,0.3289,0,NORMAL,19.6,5.4,5.6,6.0
367,0.1518,0,NORMAL,19.6,4.6,6.0,6.2
368,0.3344,0,NORMAL,19.6,5.0,5.6,6.9
369,0.1739,0,NORMAL,19.8,5.0,6.1,6.1
370,0.2192,0,NORMAL,19.8,5.0,6.5,6.8
371,0.2323,0,NORMAL,19.6,4.8,5.8,6.7
372,0.4243,0,NORMAL,19.6,6.3,6.1,6.5
373,0.3385,0,NORMAL,19.7,4.9,7.0,8.2
374,0.4647,0,NORMAL,19.7,6.0,6.4,7.5
375,0.3367,0,NORMAL,19.7,4.9,6.9,7.7
376,0.2021,0,NORMAL,19.8,5.3,5.9,6.7
377,0.2152,0,NORMAL,19.8,5.3,6.6,6.7
378,0.7255,0,WARNING,19.8,7.5,5.7,6.6
379,0.3264,0,NORMAL,19.8,4.7,6.7,7.7
380,0.4378,0,NORMAL,19.5,4.1,5.7,5.9
381,0.2118,0,NORMAL,19.7,4.6,6.2,6.9
382,0.1695,0,NORMAL,19.9,5.8,6.9,7.7
383,0.2304,0,NORMAL,19.9,5.1,6.6,7.1
384,0.2306,0,NORMAL,19.7,4.6,5.9,6.7
385,0.3504,0,NORMAL,19.7,5.1,5.7,6.5
386,0.2065,0,NORMAL,19.8,4.3,5.7,6.0
387,0.2957,0,NORMAL,19.8,4.8,4.7,5.4
388,0.1521,0,NORMAL,19.8,4.9,5.7,7.0
389,0.1929,0,NORMAL,19.8,5.5,6.6,7.0
390,0.247,0,NORMAL,19.5,5.5,6.2,6.7
391,0.2102,0,NORMAL,19.7,4.8,6.7,7.9
392,0.3211,0,NORMAL,19.6,4.9,6.5,7.2
393,0.2195,0,NORMAL,19.6,5.1,6.3,7.2
394,0.2447,0,NORMAL,19.5,4.1,6.3,7.4
395,0.2141,0,NORMAL,19.8,5.8,6.7,7.0
396,0.2205,0,NORMAL,19.6,4.7,5.8,6.4
397,0.1636,0,NORMAL,19.4,4.9,5.7,6.5
398,0.1586,0,NORMAL,19.6,4.5,6.1,6.8
399,0.1575,0,NORMAL,19.8,5.1,6.1,7.0
400,0.1696,0,NORMAL,19.8,5.0,6.0,7.3
401,0.2672,0,NORMAL,19.9,5.2,7.3,8.7
402,0.2249,0,NORMAL,19.6,5.4,5.6,6.0
403,0.2197,0,NORMAL,19.5,5.9,7.2,8.3
404,0.394,0,NORMAL,19.8,5.4,6.2,7.0
405,0.1894,0,NORMAL,19.6,5.0,6.2,6.7
406,0.2426,0,NORMAL,19.8,5.1,7.1,8.0
407,0.2289,0,NORMAL,19.7,5.2,5.9,6.2
408,0.3248,0,NORMAL,19.8,5.4,6.4,7.2
409,0.3231,0,NORMAL,19.8,5.7,7.3,8.8
410,0.2583,0,NORMAL,19.7,5.2,6.8,6.7
411,0.227,0,NORMAL,19.7,5.2,7.2,7.8
412,0.3125,0,NORMAL,19.7,5.8,7.1,8.3
413,0.2181,0,NORMAL,19.7,5.5,7.4,8.2
414,0.207,0,NORMAL,19.5,5.3,7.2,7.7
415,0.3055,0,NORMAL,19.8,5.3,7.0,8.4
416,0.2318,0,NORMAL,19.9,5.6,6.9,7.5
417,0.4647,0,NORMAL,19.8,6.8,8.3,9.1
418,0.2314,0,NORMAL,19.6,5.8,7.3,8.4
419,0.2439,0,NORMAL,19.7,5.0,7.1,7.8
420,0.3777,0,NORMAL,19.6,5.2,6.6,8.4
421,0.3512,0,NORMAL,19.7,5.9,8.3,7.9
422,0.2655,0,NORMAL,19.8,5.9,7.8,9.0
423,0.2524,0,NORMAL,19.8,5.3,6.7,7.5
424,0.2162,0,NORMAL,19.6,5.5,7.8,8.2
425,0.2649,0,NORMAL,19.8,6.0,8.0,9.0
426,0.2644,0,NORMAL,19.8,6.3,7.9,8.9
427,0.3647,0,NORMAL,19.8,5.4,7.6,8.2
428,0.2601,0,NORMAL,19.8,5.4,6.7,7.6
429,0.2457,0,NORMAL,19.7,4.8,6.8,7.7
430,0.4537,0,NORMAL,19.9,5.9,7.3,8.7
431,0.3022,0,NORMAL,19.9,6.4,8.1,8.1
432,0.2153,0,NORMAL,19.8,5.3,7.5,8.1
433,0.2634,0,NORMAL,19.8,6.2,6.8,7.2
434,0.2478,0,NORMAL,19.8,5.0,6.7,7.6
435,0.2658,0,NORMAL,19.8,5.3,7.3,8.6
436,0.3065,0,NORMAL,19.8,5.3,7.8,8.5
437,0.2624,0,NORMAL,19.6,5.7,7.9,8.8
438,0.2594,0,NORMAL,19.7,5.2,7.3,7.9
439,0.7793,0,WARNING,19.8,8.2,6.7,7.7
440,0.2464,0,NORMAL,19.8,5.1,7.1,8.4
441,0.1893,0,NORMAL,19.8,5.8,7.5,8.0
442,0.1846,0,NORMAL,19.8,4.9,6.5,7.2
443,0.2657,0,NORMAL,19.6,6.2,8.1,9.2
444,0.2479,0,NORMAL,19.5,4.4,6.6,6.9
445,0.2655,0,NORMAL,19.9,5.4,7.8,9.2
446,0.2974,0,NORMAL,19.9,5.3,7.0,7.3
447,0.3099,0,NORMAL,19.9,5.5,7.3,9.2
448,0.5183,0,NORMAL,19.9,8.1,7.3,7.5
449,0.2476,0,NORMAL,19.7,5.1,6.9,8.0
450,0.2178,0,NORMAL,19.9,6.3,7.9,8.5
451,0.2173,0,NORMAL,19.9,5.1,7.2,8.5
452,0.2094,0,NORMAL,19.8,5.5,6.9,7.5
453,0.2227,0,NORMAL,19.5,5.4,6.5,7.7
454,0.2307,0,NORMAL,19.8,4.7,6.9,7.7
455,0.2721,0,NORMAL,19.8,6.3,7.0,7.5
456,0.2363,0,NORMAL,19.8,4.7,7.1,7.9
457,0.382,0,NORMAL,19.8,5.6,6.7,7.4
458,0.1949,0,NORMAL,19.8,5.0,6.6,7.4
459,0.2347,0,NORMAL,19.5,5.3,6.8,7.8
460,0.489,0,NORMAL,19.8,6.1,7.2,7.7
461,0.2282,0,NORMAL,19.5,4.8,5.7,6.5
462,0.4069,0,NORMAL,19.7,6.0,6.7,7.7
463,0.2199,0,NORMAL,19.8,6.2,7.9,7.5
464,0.2344,0,NORMAL,19.5,4.7,6.3,7.7
465,0.2403,0,NORMAL,19.5,4.7,7.1,7.5
466,0.2648,0,NORMAL,19.6,6.1,7.6,8.2
467,0.2407,0,NORMAL,19.5,4.4,6.4,7.0
468,0.2639,0,NORMAL,19.6,5.6,7.8,8.3
469,0.2422,0,NORMAL,19.9,4.7,6.8,7.2
470,0.1796,0,NORMAL,19.9,5.3,6.4,7.6
471,0.2381,0,NORMAL,19.9,5.1,7.2,7.7
472,0.3848,0,NORMAL,19.7,5.8,6.8,7.5
473,0.2318,0,NORMAL,19.7,5.0,6.7,7.4
474,0.4164,0,NORMAL,19.9,6.7,7.7,8.9
475,0.2177,0,NORMAL,19.8,5.4,7.3,8.2
476,0.225,0,NORMAL,20.1,6.2,7.8,8.4
477,0.2535,0,NORMAL,19.9,6.2,6.9,8.0
478,0.2161,0,NORMAL,19.9,5.7,7.6,8.2
479,0.3095,0,NORMAL,20.0,6.7,8.7,9.8
480,0.2614,0,NORMAL,19.9,5.6,7.3,7.8
481,0.2532,0,NORMAL,19.8,5.2,7.1,7.9
482,0.3067,0,NORMAL,19.9,5.9,9.0,9.4
483,0.2324,0,NORMAL,19.6,5.8,7.0,7.9
484,0.2022,0,NORMAL,19.9,5.3,7.2,7.0
485,0.2,0,NORMAL,19.8,5.7,7.1,7.7
486,0.236,0,NORMAL,19.8,6.4,7.7,7.9
487,0.2847,0,NORMAL,19.5,5.3,6.8,7.7
488,0.3005,0,NORMAL,19.5,5.9,7.2,8.0
489,0.2257,0,NORMAL,19.6,5.3,7.7,8.5
490,0.2423,0,NORMAL,19.8,5.2,6.1,7.6
491,0.4553,0,NORMAL,19.9,6.0,6.7,7.3
492,0.2186,0,NORMAL,19.8,6.1,7.5,8.4
493,0.2539,0,NORMAL,19.8,6.4,7.1,8.4
494,0.8243,0,WARNING,20.0,6.6,8.2,8.7
495,0.2619,0,NORMAL,19.7,5.5,8.2,8.9
496,0.2667,0,NORMAL,19.9,5.6,6.4,7.0
497,0.2928,0,NORMAL,19.6,5.2,6.9,8.1
498,0.4897,0,NORMAL,19.8,6.5,7.1,7.9
499,0.7245,0,WARNING,19.6,7.7,6.7,7.7
500,0.2393,0,NORMAL,19.8,6.0,6.9,8.0
501,0.4552,0,NORMAL,19.8,5.1,6.9,7.5
502,0.2657,0,NORMAL,20.0,5.9,8.1,9.1
503,0.3703,0,NORMAL,19.7,4.4,6.4,7.5
504,0.3073,0,NORMAL,19.8,6.1,8.4,9.2
505,0.2374,0,NORMAL,19.9,6.2,8.0,8.5
506,0.2598,0,NORMAL,19.9,5.8,7.4,7.8
507,0.9949,0,ANOMALY,20.4,8.4,7.1,7.5
508,0.234,0,NORMAL,19.5,4.9,6.3,7.2
509,0.2403,0,NORMAL,19.6,5.6,7.5,8.2
510,0.2442,0,NORMAL,19.7,4.9,6.7,7.4
511,0.2658,0,NORMAL,19.7,5.4,7.7,8.9
512,0.216,0,NORMAL,19.9,5.8,7.9,8.0
513,0.2648,0,NORMAL,19.8,5.2,8.0,9.1
514,0.2254,0,NORMAL,19.8,5.6,7.0,7.2
515,0.3712,0,NORMAL,19.8,5.5,6.8,7.8
516,0.2654,0,NORMAL,19.9,5.4,7.4,8.7
517,0.2375,0,NORMAL,19.9,5.5,7.4,7.6
518,0.3097,0,NORMAL,19.7,5.7,7.7,9.3
519,0.2909,0,NORMAL,19.5,4.9,6.8,6.7
520,0.2656,0,NORMAL,19.9,6.2,7.4,8.7
521,0.248,0,NORMAL,19.8,4.8,7.0,7.1
522,0.2561,0,NORMAL,19.8,5.4,6.0,7.6
523,0.4017,0,NORMAL,19.7,5.3,6.8,7.4
524,0.1645,0,NORMAL,19.8,5.0,6.1,6.3
525,0.2225,0,NORMAL,20.0,5.7,6.9,8.2
526,0.2346,0,NORMAL,19.7,5.2,6.6,6.8
527,0.3122,0,NORMAL,19.5,4.1,6.6,7.4
528,0.2306,0,NORMAL,19.5,4.9,6.6,7.9
529,0.3953,0,NORMAL,19.5,4.6,6.4,7.2
530,0.3412,0,NORMAL,19.6,5.4,6.9,8.2
531,0.1821,0,NORMAL,19.8,4.7,6.4,7.2
532,0.2366,0,NORMAL,19.8,4.8,6.1,6.4
533,0.3422,0,NORMAL,19.9,7.4,8.5,8.4
534,0.2165,0,NORMAL,19.8,5.5,7.5,7.9
535,0.2394,0,NORMAL,19.8,5.6,7.1,8.0
536,0.2022,0,NORMAL,19.8,5.8,6.6,7.2
537,0.2426,0,NORMAL,19.8,5.2,7.2,7.4
538,0.1636,0,NORMAL,19.8,5.2,5.9,7.1
539,0.2369,0,NORMAL,19.7,4.9,4.9,6.4
540,0.1519,0,NORMAL,19.7,5.5,6.2,6.5
541,0.2559,0,NORMAL,19.8,4.6,6.0,7.1
542,0.254,0,NORMAL,19.9,5.8,7.5,8.2
543,0.1974,0,NORMAL,19.5,5.2,7.0,7.5
544,0.2387,0,NORMAL,19.5,4.3,5.5,6.7
545,0.2252,0,NORMAL,19.8,4.9,6.4,7.6
546,0.4659,0,NORMAL,19.7,5.1,6.5,7.2
547,0.227,0,NORMAL,19.5,4.7,5.4,6.5
548,0.2262,0,NORMAL,19.5,4.8,6.1,7.0
549,0.2083,0,NORMAL,19.7,4.2,5.0,6.0
550,0.2587,0,NORMAL,19.7,5.1,5.2,5.6
551,0.3136,0,NORMAL,19.5,4.7,5.6,6.2
552,0.1951,0,NORMAL,19.7,5.3,5.3,6.9
553,0.2471,0,NORMAL,19.8,5.7,6.3,6.5
554,0.3335,0,NORMAL,19.5,5.4,5.6,6.0
555,0.3263,0,NORMAL,19.9,5.6,7.1,7.4
556,0.2368,0,NORMAL,19.8,5.9,7.0,7.0
557,0.2307,0,NORMAL,19.5,4.6,5.5,6.3
558,0.2057,0,NORMAL,19.5,5.6,7.2,7.9
559,0.2176,0,NORMAL,19.8,4.9,6.9,7.3
560,0.7495,0,WARNING,19.6,7.1,5.4,6.9
561,0.2493,0,NORMAL,19.6,4.8,6.1,6.9
562,0.2469,0,NORMAL,19.8,5.1,6.4,6.9
563,0.417,0,NORMAL,19.6,5.2,4.9,6.2
564,0.3249,0,NORMAL,19.9,5.7,7.7,8.7
565,0.168,0,NORMAL,19.8,4.6,5.5,6.0
566,0.2407,0,NORMAL,19.7,5.0,4.7,6.0
567,0.5145,0,NORMAL,19.3,4.0,4.8,5.5
568,0.2567,0,NORMAL,19.7,5.1,4.5,4.7
569,0.1523,0,NORMAL,19.4,4.3,5.2,6.0
570,0.277,0,NORMAL,19.5,4.2,4.9,5.7
571,0.3561,0,NORMAL,19.8,5.5,5.5,6.4
572,0.3505,0,NORMAL,19.8,4.2,5.4,6.0
573,0.1885,0,NORMAL,19.7,4.6,4.4,5.3
574,0.1833,0,NORMAL,19.8,4.9,6.8,7.4
575,0.1999,0,NORMAL,19.7,5.5,5.9,6.2
576,0.5358,0,NORMAL,19.6,5.2,6.2,7.0
577,0.2141,0,NORMAL,19.4,4.3,5.6,6.3
578,0.2027,0,NORMAL,19.7,5.8,6.9,7.2
579,0.2143,0,NORMAL,19.5,4.5,5.3,6.6
580,0.479,0,NORMAL,19.4,4.3,4.6,5.3
581,0.2756,0,NORMAL,19.6,4.7,4.6,5.0
582,0.1479,0,NORMAL,19.7,4.5,5.0,6.2
583,0.289,0,NORMAL,19.7,5.5,5.2,6.0
584,0.1842,0,NORMAL,19.6,4.1,3.9,3.5
585,0.2209,0,NORMAL,19.5,3.8,4.3,6.8
586,0.6947,0,WARNING,19.3,4.8,4.1,6.9
587,0.2394,0,NORMAL,19.7,5.2,5.4,7.8
588,0.1812,0,NORMAL,19.7,4.2,5.2,4.1
589,0.171,0,NORMAL,19.6,4.2,4.4,3.9
590,0.194,0,NORMAL,19.4,4.5,4.6,6.1
591,0.1913,0,NORMAL,19.4,4.6,4.6,7.1
592,0.1557,0,NORMAL,19.6,4.2,5.2,6.6
593,0.4301,0,NORMAL,19.5,4.1,4.2,3.1
594,0.2876,0,NORMAL,19.7,4.9,5.1,5.1
595,0.2698,0,NORMAL,19.6,4.9,5.5,8.3
596,0.1825,0,NORMAL,19.5,3.8,3.7,4.7
597,0.2373,0,NORMAL,19.5,4.8,5.6,7.4
598,0.329,0,NORMAL,19.2,4.8,4.1,6.1
599,0.448,0,NORMAL,19.5,4.4,4.9,6.9
600,0.2033,0,NORMAL,19.2,4.2,5.0,4.0
601,0.168,0,NORMAL,19.3,4.8,4.8,4.8
602,0.3669,0,NORMAL,19.5,4.9,5.3,7.4
603,0.1409,0,NORMAL,19.5,4.3,4.5,5.7
604,0.1998,0,NORMAL,19.4,3.8,3.8,5.9
605,0.144,0,NORMAL,19.6,4.0,3.7,5.8
606,0.3045,0,NORMAL,19.6,5.1,4.6,7.1
607,0.3771,0,NORMAL,19.2,4.0,3.6,5.8
608,0.2202,0,NORMAL,19.2,3.7,4.2,5.9
609,0.3867,0,NORMAL,19.3,3.9,4.3,6.6
610,0.3108,0,NORMAL,19.6,3.8,4.3,6.6
611,0.2192,0,NORMAL,19.4,4.8,5.1,6.9
612,0.2032,0,NORMAL,19.4,4.5,4.1,6.1
613,0.4356,0,NORMAL,19.5,5.5,4.5,7.0
614,0.2021,0,NORMAL,19.3,3.6,4.3,6.3
615,0.2046,0,NORMAL,19.2,4.0,4.4,6.4
616,0.2153,0,NORMAL,19.4,4.2,3.1,5.3
617,0.2277,0,NORMAL,19.5,3.5,3.3,4.7
618,0.4922,0,NORMAL,19.4,5.3,4.3,7.4
619,0.6081,0,WARNING,19.4,4.6,4.3,7.0
620,0.7081,0,WARNING,19.4,7.0,4.7,6.6
621,0.3768,0,NORMAL,19.3,3.8,3.6,5.9
622,0.2222,0,NORMAL,19.3,3.9,4.1,6.1
623,0.1359,0,NORMAL,19.4,4.2,4.3,6.5
624,0.3024,0,NORMAL,19.2,4.6,4.7,7.1
625,0.1457,0,NORMAL,19.3,4.0,3.6,5.2
626,0.451,0,NORMAL,19.4,4.8,4.1,6.1
627,0.1357,0,NORMAL,19.4,5.1,4.5,6.1
628,0.2034,0,NORMAL,19.4,4.2,3.5,5.9
629,0.1387,0,NORMAL,19.3,3.4,3.3,5.6
630,0.2285,0,NORMAL,19.1,3.6,3.3,4.9
631,0.1546,0,NORMAL,19.5,4.1,3.3,5.1
632,0.5798,0,NORMAL,19.2,4.3,3.7,5.6
633,0.1389,0,NORMAL,19.4,3.6,4.2,6.3
634,0.3116,0,NORMAL,19.2,4.5,3.9,6.4
635,0.3134,0,NORMAL,19.3,3.8,3.0,5.4
636,0.3836,0,NORMAL,19.5,4.6,4.8,6.4
637,0.1597,0,NORMAL,19.5,3.8,3.8,6.0
638,0.302,0,NORMAL,19.3,3.8,3.1,4.9
639,0.2008,0,NORMAL,19.1,4.4,3.5,5.4
640,0.3205,0,NORMAL,19.4,4.4,4.2,6.6
641,0.425,0,NORMAL,19.5,5.2,3.6,5.7
642,0.1731,0,NORMAL,19.5,4.9,4.6,6.8
643,0.2226,0,NORMAL,19.4,4.3,4.2,7.3
644,0.4517,0,NORMAL,19.2,4.3,4.4,7.0
645,0.1824,0,NORMAL,19.5,4.2,4.2,6.4
646,0.3781,0,NORMAL,19.5,4.9,4.5,6.7
647,0.1412,0,NORMAL,19.5,4.2,3.6,5.9
648,0.2151,0,NORMAL,19.5,4.6,4.1,6.8
649,0.2123,0,NORMAL,19.1,3.8,4.1,5.7
650,0.1413,0,NORMAL,19.5,3.9,3.9,5.8
651,0.3073,0,NORMAL,19.3,4.1,3.6,5.0
652,0.3936,0,NORMAL,19.6,4.3,4.6,6.5
653,0.219,0,NORMAL,19.5,3.8,3.9,6.1
654,0.3259,0,NORMAL,19.4,3.9,4.3,7.1
655,0.147,0,NORMAL,19.2,4.3,4.0,5.7
656,0.1719,0,NORMAL,19.4,4.3,3.4,5.1
657,0.4486,0,NORMAL,17.6,5.4,5.8,6.5
658,0.4943,0,NORMAL,15.4,5.0,6.3,4.5
659,0.6907,0,WARNING,16.1,7.0,8.3,8.2
660,0.4597,0,NORMAL,17.3,5.0,6.3,7.4
661,0.4598,0,NORMAL,17.3,5.1,6.5,5.9
662,0.5511,0,NORMAL,17.4,5.9,7.1,6.5
663,0.492,0,NORMAL,17.4,4.8,6.0,7.0
664,0.4925,0,NORMAL,17.4,4.8,6.2,6.6
665,0.4262,0,NORMAL,17.4,4.2,5.4,5.9
666,0.604,0,WARNING,18.1,5.3,7.0,6.8
667,0.5515,0,NORMAL,19.0,4.6,6.7,6.5
668,0.5512,0,NORMAL,19.0,4.9,6.8,5.8
669,0.3887,0,NORMAL,18.4,4.7,5.4,6.1
670,0.4602,0,NORMAL,18.5,4.9,6.2,6.4
671,0.2689,0,NORMAL,18.6,4.8,4.1,5.0
672,0.5242,0,NORMAL,18.9,5.8,6.3,7.1
673,0.4611,0,NORMAL,18.8,4.6,5.2,5.8
674,0.2847,0,NORMAL,18.8,3.6,3.3,4.2
675,0.4628,0,NORMAL,19.1,5.4,5.7,6.4
676,0.6853,0,WARNING,19.2,7.3,6.2,6.1
677,0.4935,0,NORMAL,18.6,4.5,5.6,6.0
678,0.3518,0,NORMAL,18.4,4.3,5.1,6.1
679,0.5791,0,NORMAL,18.8,5.6,6.4,6.7
680,0.5788,0,NORMAL,18.9,4.1,6.1,6.7
681,0.3102,0,NORMAL,19.0,4.5,4.9,5.7
682,0.2572,0,NORMAL,19.1,4.4,3.5,4.8
683,0.3921,0,NORMAL,18.6,4.4,5.6,6.5
684,0.3915,0,NORMAL,19.1,4.6,5.8,5.5
685,0.2288,0,NORMAL,19.2,4.0,4.4,4.0
686,0.2825,0,NORMAL,19.1,3.2,2.8,4.1
687,0.4568,0,NORMAL,19.3,4.1,3.2,4.6
688,0.3547,0,NORMAL,19.4,5.3,5.2,6.1
689,0.5802,0,NORMAL,19.4,5.0,6.2,6.7
690,0.6046,0,WARNING,19.1,5.3,6.1,6.5
691,0.6908,0,WARNING,18.9,4.8,7.9,8.3
692,0.3225,0,NORMAL,18.7,4.2,4.0,5.2
693,0.2464,0,NORMAL,18.4,2.8,1.9,3.2
694,0.2315,0,NORMAL,18.8,4.1,2.3,3.7
695,0.4279,0,NORMAL,18.9,3.0,2.1,2.5
696,0.2471,0,NORMAL,19.1,4.4,2.0,3.0
697,0.2546,0,NORMAL,19.1,2.9,2.3,3.4
698,0.2628,0,NORMAL,18.8,3.4,2.2,3.2
699,0.2509,0,NORMAL,19.1,2.7,2.1,3.3
700,0.723,0,WARNING,19.2,6.1,2.3,3.4
701,0.2721,0,NORMAL,18.2,3.9,2.2,3.3
702,0.2798,0,NORMAL,18.2,3.7,2.3,3.2
703,0.4146,0,NORMAL,18.2,4.1,1.9,2.8
704,0.2359,0,NORMAL,18.0,3.1,2.6,3.7
705,0.3843,0,NORMAL,18.1,3.0,2.0,3.0
706,0.2605,0,NORMAL,18.1,3.7,2.1,2.8
707,0.2637,0,NORMAL,17.9,2.9,1.9,2.7
708,0.2933,0,NORMAL,18.1,3.9,3.0,3.9
709,0.4494,0,NORMAL,18.1,2.9,2.2,3.4
710,0.2906,0,NORMAL,18.3,2.9,1.7,2.7
711,0.3898,0,NORMAL,18.2,3.2,2.2,3.3
712,0.3895,0,NORMAL,18.5,3.5,2.1,3.1
713,0.3843,0,NORMAL,18.3,2.8,1.9,3.2
714,0.3113,0,NORMAL,18.6,4.0,2.3,3.4
715,0.2625,0,NORMAL,18.6,3.7,2.6,3.9
716,0.2242,0,NORMAL,18.5,3.6,1.6,2.2
717,0.2575,0,NORMAL,18.5,3.9,2.0,2.7
718,0.852,0,WARNING,18.7,5.1,2.2,3.2
719,0.2785,0,NORMAL,18.2,2.6,2.4,3.5
720,0.2899,0,NORMAL,18.2,3.3,1.7,2.7
721,0.3798,0,NORMAL,18.4,3.1,1.9,3.0
722,0.2753,0,NORMAL,18.5,3.0,1.7,2.7
723,0.5181,0,NORMAL,18.6,3.3,1.4,2.1
724,0.3184,0,NORMAL,18.4,3.1,1.5,2.2
725,0.3995,0,NORMAL,18.4,3.1,1.2,1.8
726,0.5267,0,NORMAL,18.4,3.6,1.6,2.5
727,0.4647,0,NORMAL,18.3,3.3,1.8,2.7
728,0.2899,0,NORMAL,18.3,2.7,1.4,2.0
729,0.3944,0,NORMAL,18.3,3.0,2.2,3.2
730,0.2879,0,NORMAL,18.7,3.7,2.1,3.0
731,0.456,0,NORMAL,18.5,2.9,1.6,2.3
732,0.4904,0,NORMAL,18.6,5.0,2.0,3.0
733,0.3806,0,NORMAL,18.4,2.9,1.3,1.8
734,0.3159,0,NORMAL,18.2,3.1,1.9,2.7
735,0.3897,0,NORMAL,18.4,2.9,1.6,2.5
736,0.7824,0,WARNING,18.4,6.7,1.7,2.3
737,0.3877,0,NORMAL,18.4,3.5,2.0,3.0
738,0.2415,0,NORMAL,18.2,2.8,1.9,3.0
739,0.2586,0,NORMAL,18.5,2.9,1.9,3.2
740,0.3113,0,NORMAL,18.5,3.1,2.0,3.2
741,0.3051,0,NORMAL,18.6,3.0,1.2,1.8
742,0.2898,0,NORMAL,18.6,3.7,1.9,2.7
743,0.2744,0,NORMAL,18.7,3.1,1.6,2.2
744,0.3108,0,NORMAL,18.6,3.3,1.4,2.0
745,0.3131,0,NORMAL,18.4,3.2,2.0,3.2
746,0.2795,0,NORMAL,18.7,3.6,1.5,2.0
747,0.3039,0,NORMAL,18.5,3.8,1.7,2.0
748,0.2854,0,NORMAL,18.4,3.6,1.7,2.5
749,0.4587,0,NORMAL,18.4,2.8,1.7,2.3
750,0.2933,0,NORMAL,18.4,3.2,1.2,1.7
751,0.5233,0,NORMAL,18.5,3.3,1.4,2.1
752,0.3099,0,NORMAL,18.5,3.5,1.5,2.4
753,0.2963,0,NORMAL,18.6,2.8,1.2,1.6
754,0.526,0,NORMAL,18.6,3.2,1.6,2.6
755,0.6299,0,WARNING,18.4,2.5,1.3,1.8
756,0.3196,0,NORMAL,18.5,3.2,1.3,2.3
757,0.5235,0,NORMAL,18.6,3.4,1.3,1.8
758,0.3101,0,NORMAL,18.7,3.6,1.4,2.2
759,0.3012,0,NORMAL,18.5,3.5,1.9,2.5
760,0.3878,0,NORMAL,18.5,3.4,1.3,1.8
761,0.3125,0,NORMAL,18.4,3.1,1.9,2.5
762,0.3885,0,NORMAL,18.6,3.7,1.2,1.6
763,0.5219,0,NORMAL,18.3,3.4,1.6,2.9
764,0.4061,0,NORMAL,18.5,3.3,1.7,2.5
765,0.2851,0,NORMAL,18.3,3.2,1.6,2.1
766,0.4498,0,NORMAL,18.3,2.5,1.3,2.0
767,0.5223,0,NORMAL,18.6,2.8,0.9,1.5
768,0.329,0,NORMAL,18.7,3.2,1.2,2.0
769,0.3963,0,NORMAL,18.7,3.0,1.5,2.4
770,0.4937,0,NORMAL,18.7,4.9,2.2,2.9
771,0.2798,0,NORMAL,18.5,2.7,2.1,2.8
772,0.5597,0,NORMAL,18.7,3.0,1.1,1.6
773,0.3083,0,NORMAL,18.4,2.9,1.2,1.3
774,0.3313,0,NORMAL,18.4,3.5,1.3,2.3
775,0.396,0,NORMAL,18.6,2.8,0.8,1.2
776,0.3351,0,NORMAL,18.6,3.0,1.2,1.6
777,0.5268,0,NORMAL,18.6,4.2,1.2,2.1
778,0.4651,0,NORMAL,18.5,3.2,0.9,2.0
779,0.3988,0,NORMAL,18.5,2.7,1.0,2.0
780,0.3219,0,NORMAL,18.5,4.2,1.6,2.0
781,0.3171,0,NORMAL,18.3,2.7,1.5,2.1
782,0.3247,0,NORMAL,18.5,3.6,1.2,2.0
783,0.7057,0,WARNING,18.5,2.6,1.0,1.8
784,0.3436,0,NORMAL,18.4,2.7,1.1,2.0
785,0.4792,0,NORMAL,18.4,3.0,0.9,1.2
786,0.3547,0,NORMAL,18.2,3.1,1.5,2.5
787,0.4725,0,NORMAL,18.3,2.9,1.2,1.8
788,0.3367,0,NORMAL,18.1,2.7,1.1,1.8
789,0.3414,0,NORMAL,18.2,3.1,1.1,1.8
790,0.3412,0,NORMAL,18.1,3.1,1.5,2.2
791,0.4669,0,NORMAL,18.3,3.7,0.9,1.3
792,0.3322,0,NORMAL,18.3,4.2,1.6,2.0
793,0.3975,0,NORMAL,17.8,2.7,1.3,1.7
794,0.3387,0,NORMAL,18.0,2.9,1.5,2.0
795,0.4015,0,NORMAL,18.0,2.6,0.9,1.2
796,0.702,0,WARNING,18.3,5.3,1.1,1.3
797,0.4115,0,NORMAL,18.2,3.8,1.1,1.5
798,0.3363,0,NORMAL,18.1,2.8,0.9,1.2
799,0.3572,0,NORMAL,18.3,2.6,1.1,2.0
800,0.3498,0,NORMAL,18.1,3.0,0.9,1.0
801,0.5863,0,NORMAL,18.2,3.1,1.3,1.8
802,0.3503,0,NORMAL,18.3,3.3,1.1,1.8
803,0.4015,0,NORMAL,18.3,3.2,1.5,1.9
804,0.3389,0,NORMAL,18.1,2.9,1.9,3.0
805,0.5201,0,NORMAL,18.2,3.3,0.9,1.0
806,0.397,0,NORMAL,18.1,3.2,1.2,2.0
807,0.5227,0,NORMAL,18.4,4.5,1.2,1.6
808,0.4649,0,NORMAL,18.1,2.6,1.1,1.8
809,0.3336,0,NORMAL,18.1,2.8,1.0,1.5
810,0.4737,0,NORMAL,18.3,3.7,1.3,1.6
811,0.396,0,NORMAL,18.3,2.8,0.8,0.9
812,0.3591,0,NORMAL,18.3,3.7,1.1,1.5
813,0.3551,0,NORMAL,18.2,2.1,0.9,1.5
814,0.3691,0,NORMAL,18.4,2.9,0.9,1.5
815,0.3622,0,NORMAL,18.5,2.7,0.7,0.8
816,0.3741,0,NORMAL,18.5,2.5,0.8,1.1
817,0.3787,0,NORMAL,18.4,3.1,0.8,0.9
818,0.4086,0,NORMAL,18.1,2.7,1.0,1.5
819,0.3735,0,NORMAL,18.1,2.8,1.0,1.5
820,0.3708,0,NORMAL,18.3,3.7,0.6,0.8
821,0.3586,0,NORMAL,18.1,2.4,0.6,0.6
822,0.8663,0,WARNING,18.6,4.4,0.7,0.9
823,0.3692,0,NORMAL,17.9,3.0,0.6,0.8
824,0.3749,0,NORMAL,18.2,3.2,1.1,1.8
825,0.3599,0,NORMAL,18.2,3.3,0.7,1.1
826,0.3636,0,NORMAL,18.0,2.4,0.9,1.0
827,0.386,0,NORMAL,18.3,3.2,1.1,1.5
828,0.6312,0,WARNING,18.4,3.2,1.3,1.9
829,0.3606,0,NORMAL,18.4,3.2,1.2,1.8
830,0.3978,0,NORMAL,18.4,2.8,1.1,1.6
831,0.3559,0,NORMAL,18.3,2.7,0.7,0.9
832,0.3604,0,NORMAL,18.5,3.2,1.0,1.5
833,0.4014,0,NORMAL,18.6,3.2,0.9,1.3
834,0.5179,0,NORMAL,18.5,3.3,1.2,2.3
835,0.3492,0,NORMAL,18.5,2.7,0.6,0.6
836,0.3589,0,NORMAL,18.6,3.3,0.9,0.9
837,0.5306,0,NORMAL,18.6,3.9,0.9,1.3
838,0.4029,0,NORMAL,18.5,3.4,1.5,2.3
839,0.3239,0,NORMAL,18.5,2.5,0.9,1.5
840,0.4022,0,NORMAL,18.6,2.9,0.9,1.2
841,0.4047,0,NORMAL,18.7,2.6,0.8,1.1
842,0.8626,0,WARNING,18.5,3.4,0.8,0.9
843,0.3756,0,NORMAL,17.9,3.2,0.8,0.9
844,0.4161,0,NORMAL,17.7,2.5,0.9,1.2
845,0.378,0,NORMAL,17.8,2.7,0.8,1.1
846,0.3775,0,NORMAL,17.6,2.9,0.7,0.8
847,1.0,1,ANOMALY,19.3,18.1,1.2,1.6
848,0.3532,1,NORMAL,17.8,2.9,0.7,0.6
849,0.3445,1,NORMAL,17.8,2.8,0.9,1.2
850,0.5713,0,NORMAL,17.9,3.0,0.8,1.1
851,0.6724,0,WARNING,18.0,3.0,0.7,0.9
852,0.5409,0,NORMAL,18.0,4.2,0.8,0.9
853,0.4878,0,NORMAL,17.7,2.7,0.6,0.8
854,0.3688,0,NORMAL,17.9,2.1,0.7,1.1
855,0.5541,0,NORMAL,18.0,3.1,0.5,0.6
856,0.388,0,NORMAL,17.9,2.3,0.1,0.0
857,0.4123,0,NORMAL,18.0,2.6,0.2,0.1
858,0.4983,0,NORMAL,17.8,2.5,0.0,0.0
859,0.429,0,NORMAL,18.0,3.0,0.8,1.1
860,0.3985,0,NORMAL,18.0,2.8,0.9,1.2
861,0.7287,0,WARNING,18.1,5.6,1.3,1.6
862,0.3528,0,NORMAL,18.0,2.7,0.7,1.1
863,0.3495,0,NORMAL,17.7,2.4,0.4,0.3
864,0.4954,0,NORMAL,17.8,2.5,1.4,2.1
865,0.361,0,NORMAL,17.9,3.3,0.6,0.8
866,0.3598,0,NORMAL,17.8,3.1,0.8,0.7
867,0.4285,0,NORMAL,18.0,4.2,1.2,1.8
868,0.3501,0,NORMAL,18.0,2.8,0.8,1.1
869,0.3578,0,NORMAL,17.7,2.6,1.1,1.5
870,0.4275,0,NORMAL,17.7,3.0,0.6,0.8
871,0.3657,0,NORMAL,17.6,2.5,0.8,0.9
872,0.4681,0,NORMAL,17.9,3.7,1.2,1.6
873,0.3695,0,NORMAL,17.7,2.3,0.8,1.1
874,0.4323,0,NORMAL,17.7,2.9,1.0,1.5
875,0.3638,0,NORMAL,17.9,3.3,0.8,1.1
876,0.3596,0,NORMAL,17.7,2.3,1.0,1.3
877,0.3716,0,NORMAL,17.8,2.7,0.5,0.8
878,0.4305,0,NORMAL,17.9,2.9,0.7,0.8
879,0.3863,0,NORMAL,17.6,3.2,1.2,1.5
880,0.4227,0,NORMAL,17.6,3.4,1.3,1.3
881,0.3571,0,NORMAL,17.6,2.8,0.8,0.9
882,0.3676,0,NORMAL,18.0,3.5,1.2,1.8
883,0.3483,0,NORMAL,17.7,3.7,0.9,1.2
884,0.347,0,NORMAL,17.8,2.4,0.8,0.9
885,0.4295,0,NORMAL,17.8,3.1,0.2,0.3
886,0.3918,0,NORMAL,17.8,2.5,0.8,0.9
887,0.4986,0,NORMAL,18.0,3.2,1.1,1.3
888,0.3902,0,NORMAL,17.7,3.3,1.1,1.3
889,0.3789,0,NORMAL,17.7,2.6,0.7,1.1
890,0.4286,0,NORMAL,17.9,3.7,1.0,1.3
891,0.4902,0,NORMAL,17.8,2.4,0.4,0.6
892,0.4293,0,NORMAL,17.9,3.0,0.8,0.9
893,0.3815,0,NORMAL,18.0,2.5,0.9,1.2
894,0.382,0,NORMAL,18.0,2.7,1.1,1.7
895,0.4262,0,NORMAL,18.0,3.3,0.3,0.3
896,0.4337,0,NORMAL,18.0,2.7,0.9,0.9
897,0.3888,0,NORMAL,18.0,4.2,0.9,1.0
898,0.3686,0,NORMAL,17.7,2.4,0.6,0.6
899,0.3906,0,NORMAL,17.9,2.6,0.7,0.9
900,0.4325,0,NORMAL,17.9,3.8,0.6,0.8
901,0.3799,0,NORMAL,17.9,2.5,0.7,0.6
902,0.3978,0,NORMAL,17.9,3.1,0.7,0.8
903,0.3976,0,NORMAL,17.8,3.3,0.8,0.9
904,0.5511,0,NORMAL,17.9,2.3,1.0,1.7
905,0.3716,0,NORMAL,17.8,2.8,0.6,0.6
906,0.3844,0,NORMAL,17.9,2.7,0.5,0.8
907,0.3849,0,NORMAL,18.0,2.9,0.9,1.0
908,0.3862,0,NORMAL,17.8,3.0,0.9,1.0
909,0.3846,0,NORMAL,17.7,2.4,0.6,0.8
910,0.429,0,NORMAL,18.0,2.9,0.7,0.6
911,0.3914,0,NORMAL,17.8,3.4,0.4,0.6
912,0.4976,0,NORMAL,18.0,3.2,0.6,0.6
913,0.3852,0,NORMAL,17.7,2.9,1.2,1.3
914,0.493,0,NORMAL,17.7,2.7,0.8,1.1
915,0.3813,0,NORMAL,17.9,2.8,0.7,0.9
916,0.7579,0,WARNING,17.7,5.8,1.2,1.4
917,0.4294,0,NORMAL,17.9,3.0,0.8,0.9
918,0.3574,0,NORMAL,17.7,2.6,0.7,0.7
919,0.3811,0,NORMAL,17.9,2.7,0.8,1.2
920,0.3791,0,NORMAL,17.7,2.9,0.9,1.0
921,0.4931,0,NORMAL,17.7,2.5,0.2,0.3
922,0.6499,0,WARNING,17.7,2.7,0.6,0.6
923,0.4085,0,NORMAL,18.0,2.8,0.8,0.9
924,0.4049,0,NORMAL,17.7,3.3,1.0,1.7
925,0.3659,0,NORMAL,17.8,2.4,0.4,0.6
926,0.3886,0,NORMAL,17.9,2.8,0.7,0.6
927,0.3932,0,NORMAL,17.9,3.6,0.7,1.1
928,0.4328,0,NORMAL,17.8,2.9,0.7,1.1
929,0.3761,0,NORMAL,17.8,2.9,0.9,1.6
930,0.4953,0,NORMAL,17.6,3.0,0.9,1.0
931,0.37,0,NORMAL,17.7,2.6,0.8,0.9
932,0.4272,0,NORMAL,18.0,3.4,1.0,1.5
933,0.3551,0,NORMAL,17.7,2.8,0.5,0.8
934,0.3644,0,NORMAL,17.7,2.8,0.7,0.9
935,0.3687,0,NORMAL,17.7,3.2,0.9,1.1
936,0.4934,0,NORMAL,17.9,2.7,0.8,0.6
937,0.3869,0,NORMAL,17.9,3.0,0.7,0.6
938,0.4245,0,NORMAL,18.0,3.2,0.9,1.0
939,0.3809,0,NORMAL,17.8,2.2,0.8,1.1
940,0.3851,0,NORMAL,17.8,3.1,0.9,1.0
941,0.3833,0,NORMAL,17.8,3.1,1.2,1.1
942,0.5482,0,NORMAL,18.1,5.5,1.1,1.6
943,0.4574,0,NORMAL,17.6,1.9,0.7,0.8
944,0.3614,0,NORMAL,17.8,2.9,0.7,1.1
945,0.3679,0,NORMAL,18.0,2.7,0.7,0.8
946,0.4286,0,NORMAL,18.0,3.2,0.7,0.8
947,0.3803,0,NORMAL,18.0,3.4,0.6,0.6
948,0.5502,0,NORMAL,17.9,3.1,0.9,1.3
949,0.3787,0,NORMAL,17.6,3.3,1.2,1.5
950,0.4161,0,NORMAL,17.8,3.4,0.9,1.5
951,0.4269,0,NORMAL,17.8,2.9,0.7,0.8
952,0.3724,0,NORMAL,17.9,2.8,0.5,0.6
953,0.3919,0,NORMAL,17.7,2.5,0.9,1.2
954,0.4977,0,NORMAL,18.0,3.9,1.2,2.3
955,0.4266,0,NORMAL,17.9,2.7,0.9,1.5
956,0.6414,0,WARNING,17.8,3.6,0.6,0.6
957,0.487,0,NORMAL,17.9,3.7,0.7,1.1
958,0.5428,0,NORMAL,17.9,3.2,0.9,1.1
959,0.358,0,NORMAL,17.8,2.8,0.8,1.3
960,0.3558,0,NORMAL,17.9,2.7,0.7,0.9
961,0.3676,0,NORMAL,17.7,2.8,1.4,1.7
962,0.489,0,NORMAL,17.9,2.8,0.5,0.8
963,0.4257,0,NORMAL,17.9,3.1,0.8,1.0
964,0.3813,0,NORMAL,17.8,2.8,1.0,1.5
965,0.4888,0,NORMAL,17.7,3.2,1.0,1.3
966,0.3665,0,NORMAL,18.0,3.1,1.1,1.8
967,0.3487,0,NORMAL,17.8,3.1,1.0,1.5
968,0.4212,0,NORMAL,17.9,4.8,1.1,1.1
969,0.3293,0,NORMAL,17.7,2.5,1.2,2.0
970,0.4145,0,NORMAL,17.8,3.8,0.8,0.9
971,0.4084,0,NORMAL,18.0,2.8,0.5,0.6
972,0.5963,0,WARNING,18.0,3.9,0.9,1.3
973,0.5459,0,NORMAL,17.7,3.5,0.8,1.4
974,0.3402,0,NORMAL,17.9,2.7,1.1,1.5
975,0.3538,0,NORMAL,17.9,3.2,0.8,0.9
976,0.7392,0,WARNING,17.9,6.2,0.9,1.3
977,0.3332,0,NORMAL,17.8,3.2,0.6,0.8
978,0.3449,0,NORMAL,17.9,3.2,0.7,1.1
979,0.4904,0,NORMAL,17.6,2.4,0.8,1.2
980,0.4264,0,NORMAL,17.7,2.7,1.0,1.5
981,0.3581,0,NORMAL,17.7,2.9,0.6,0.8
982,0.4264,0,NORMAL,17.9,3.4,1.1,1.5
983,0.423,0,NORMAL,17.7,3.0,0.9,1.0
984,0.489,0,NORMAL,17.7,2.7,1.9,2.7
985,0.4181,0,NORMAL,18.0,3.5,0.8,1.2
986,0.4195,0,NORMAL,18.1,3.2,1.2,1.3
987,0.8597,0,WARNING,18.3,4.9,1.4,2.1
988,0.4059,0,NORMAL,17.8,3.0,1.2,1.5
989,0.4119,0,NORMAL,17.8,2.8,0.8,1.6
990,0.3477,0,NORMAL,18.1,3.2,1.1,1.3
991,0.4231,0,NORMAL,17.9,2.8,0.7,1.1
992,0.3579,0,NORMAL,18.0,2.7,0.8,1.0
993,0.3702,0,NORMAL,18.2,3.1,0.7,1.1
994,0.3658,0,NORMAL,18.1,2.9,1.2,1.8
995,0.3572,0,NORMAL,18.0,3.3,0.9,1.2
996,0.3496,0,NORMAL,18.0,2.4,0.9,1.7
997,0.8608,0,WARNING,18.4,3.5,1.0,1.5
998,0.4839,0,NORMAL,17.9,3.0,0.9,1.4
999,0.3506,0,NORMAL,17.9,3.2,1.4,1.8
1000,0.3476,0,NORMAL,18.2,2.8,1.0,1.5
1001,0.4885,0,NORMAL,17.9,3.6,1.5,2.0
1002,0.3481,0,NORMAL,18.0,2.8,0.6,0.8
1003,0.4355,0,NORMAL,17.8,3.9,0.8,1.1
1004,0.3475,0,NORMAL,17.8,2.8,0.9,1.5
1005,0.3534,0,NORMAL,17.9,2.8,1.1,1.5
1006,0.3536,0,NORMAL,18.0,3.1,1.1,1.5
1007,0.5457,0,NORMAL,17.9,3.2,1.0,1.3
1008,0.422,0,NORMAL,17.7,2.9,1.2,1.8
1009,0.3514,0,NORMAL,17.7,2.7,0.8,1.5
1010,0.3585,0,NORMAL,17.7,2.9,1.2,1.3
1011,0.3607,0,NORMAL,17.8,3.3,1.0,1.5
1012,0.5464,0,NORMAL,18.0,3.1,1.5,2.5
1013,0.3475,0,NORMAL,18.0,3.8,1.5,2.0
1014,0.328,0,NORMAL,18.0,3.0,1.8,2.7
1015,0.3086,0,NORMAL,17.9,2.6,0.8,1.0
1016,0.3473,0,NORMAL,18.0,3.1,1.2,1.8
1017,0.3459,0,NORMAL,18.0,4.2,0.8,1.7
1018,0.3461,0,NORMAL,17.8,3.1,1.2,1.8
1019,0.3206,0,NORMAL,17.8,3.0,1.2,1.8
1020,0.3274,0,NORMAL,17.8,2.6,1.3,1.8
1021,0.3466,0,NORMAL,17.8,2.9,1.2,1.8
1022,0.348,0,NORMAL,18.0,3.6,1.1,1.5
1023,0.3403,0,NORMAL,18.0,2.9,1.2,1.8
1024,0.4142,0,NORMAL,17.9,3.5,1.8,2.3
1025,0.4098,0,NORMAL,17.8,2.9,1.1,2.0
1026,0.3141,0,NORMAL,17.9,2.8,1.4,2.1
1027,0.3198,0,NORMAL,18.0,3.2,0.9,1.5
1028,0.3435,0,NORMAL,18.0,3.5,1.2,1.8
1029,0.3289,0,NORMAL,18.1,2.5,1.4,2.4
1030,0.3251,0,NORMAL,18.1,3.5,1.1,2.2
1031,0.3436,0,NORMAL,18.0,3.4,1.4,1.6
1032,0.417,0,NORMAL,18.0,3.4,1.7,2.5
1033,0.2991,0,NORMAL,18.0,3.5,1.4,2.3
1034,0.3319,0,NORMAL,17.9,2.6,1.0,1.8
1035,0.3405,0,NORMAL,18.0,2.9,1.5,2.2
1036,0.3137,0,NORMAL,17.8,3.3,1.2,1.8
1037,0.4792,0,NORMAL,18.0,3.5,1.3,1.8
1038,0.3376,0,NORMAL,18.0,2.1,1.5,2.3
1039,0.7436,0,WARNING,17.9,5.8,1.3,1.8
1040,0.277,0,NORMAL,17.8,3.2,1.2,1.6
1041,0.3438,0,NORMAL,17.8,3.2,1.6,2.5
1042,0.4156,0,NORMAL,18.1,3.5,1.5,2.2
1043,0.4207,0,NORMAL,18.1,3.6,1.3,2.3
1044,0.3217,0,NORMAL,17.9,3.5,2.0,3.2
1045,0.581,0,NORMAL,18.1,2.7,1.3,2.3
1046,0.5352,0,NORMAL,18.1,3.9,2.1,3.1
1047,0.4067,0,NORMAL,18.1,4.7,2.2,3.3
1048,0.5288,0,NORMAL,17.9,3.0,2.2,3.2
1049,0.3268,0,NORMAL,17.8,3.2,1.7,2.6
1050,0.5344,0,NORMAL,17.8,3.6,2.3,3.1
1051,0.2763,0,NORMAL,17.8,2.9,1.9,2.7
1052,0.3291,0,NORMAL,17.8,3.3,1.8,2.7
1053,0.4041,0,NORMAL,17.9,2.9,1.7,2.8
1054,0.4053,0,NORMAL,17.7,3.0,1.6,2.6
1055,0.4102,0,NORMAL,17.9,3.5,1.5,2.5
1056,0.265,0,NORMAL,17.7,2.9,1.5,2.2
1057,0.414,0,NORMAL,17.9,2.8,1.3,2.1
1058,0.3089,0,NORMAL,17.7,3.5,1.4,2.1
1059,0.341,0,NORMAL,17.7,3.0,1.7,2.7
1060,0.4773,0,NORMAL,18.0,3.5,1.9,3.0
1061,0.296,0,NORMAL,17.9,2.8,1.8,2.7
1062,0.3517,0,NORMAL,18.1,4.4,1.8,2.9
1063,0.2592,0,NORMAL,17.8,3.9,1.8,2.5
1064,0.3328,0,NORMAL,18.0,2.7,1.7,3.2
1065,0.4021,0,NORMAL,18.0,3.3,2.5,3.9
1066,0.3245,0,NORMAL,17.7,3.0,2.4,3.2
1067,0.4649,0,NORMAL,18.0,3.4,2.1,3.7
1068,0.4645,0,NORMAL,18.1,3.1,2.1,3.7
1069,0.8538,0,WARNING,18.4,4.6,2.2,3.1
1070,0.1927,0,NORMAL,18.1,3.7,2.4,3.4
1071,0.343,0,NORMAL,18.0,3.7,1.8,2.5
1072,0.2278,0,NORMAL,18.1,3.3,2.1,2.9
1073,0.2479,0,NORMAL,18.1,3.1,2.0,3.0
1074,0.4004,0,NORMAL,17.8,4.0,2.9,4.7
1075,0.4597,0,NORMAL,17.8,3.2,2.4,3.9
1076,0.3186,0,NORMAL,17.9,3.8,2.4,3.9
1077,0.8506,0,WARNING,18.4,5.1,3.2,4.9
1078,0.4497,0,NORMAL,17.9,3.7,2.3,3.7
1079,0.5194,0,NORMAL,18.2,3.6,2.1,3.5
1080,0.3202,0,NORMAL,17.8,3.6,2.4,3.2
1081,0.2159,0,NORMAL,18.0,3.5,2.3,3.5
1082,0.2373,0,NORMAL,18.0,3.0,2.2,3.6
1083,0.2444,0,NORMAL,17.9,3.5,3.2,4.6
1084,0.4592,0,NORMAL,17.9,3.6,2.4,4.2
1085,0.1881,0,NORMAL,18.1,4.1,3.3,5.1
1086,0.3093,0,NORMAL,17.9,3.4,2.9,4.4
1087,0.3725,0,NORMAL,17.9,3.8,3.1,4.2
1088,0.308,0,NORMAL,17.9,3.6,2.6,4.2
1089,0.2246,0,NORMAL,18.2,3.2,2.4,3.7
1090,0.3929,0,NORMAL,17.9,3.7,2.5,4.0
1091,0.2383,0,NORMAL,18.1,3.7,2.5,3.8
1092,0.3909,0,NORMAL,18.2,5.0,3.1,4.1
1093,0.3033,0,NORMAL,18.2,4.3,3.0,4.2
1094,0.3818,0,NORMAL,18.2,4.2,3.2,4.4
1095,0.3361,0,NORMAL,18.2,4.7,2.9,4.1
1096,0.5551,0,NORMAL,17.9,3.3,2.4,3.7
1097,0.2081,0,NORMAL,18.1,3.6,1.9,3.2
1098,0.3092,0,NORMAL,18.0,3.6,3.0,4.7
1099,0.7913,0,WARNING,18.1,6.9,2.5,3.9
1100,0.3879,0,NORMAL,18.1,3.8,3.2,4.9
1101,0.3051,0,NORMAL,18.1,3.9,3.3,4.9
1102,0.5638,0,NORMAL,18.1,3.9,2.3,3.7
1103,0.5134,0,NORMAL,18.1,4.0,2.4,3.7
1104,0.3121,0,NORMAL,18.2,4.0,3.7,5.8
1105,0.207,0,NORMAL,18.1,4.0,2.5,3.9
1106,0.3801,0,NORMAL,18.2,3.1,2.6,4.4
1107,0.2919,0,NORMAL,18.2,4.9,2.8,4.2
1108,0.3009,0,NORMAL,18.2,4.5,3.4,4.7
1109,0.2442,0,NORMAL,17.9,3.2,2.7,4.7
1110,0.4533,0,NORMAL,18.1,4.4,2.8,4.2
1111,0.1537,0,NORMAL,18.1,3.4,2.7,4.2
1112,0.4493,0,NORMAL,18.2,4.3,4.0,6.3
1113,0.2006,0,NORMAL,18.0,3.6,3.2,5.3
1114,0.2598,0,NORMAL,17.9,4.3,2.6,3.9
1115,0.3062,0,NORMAL,18.2,4.0,3.0,4.5
1116,0.2138,0,NORMAL,18.1,3.4,2.9,4.0
1117,0.1695,0,NORMAL,18.1,4.2,2.6,4.2
1118,0.2109,0,NORMAL,17.9,4.2,3.2,4.9
1119,0.1413,0,NORMAL,17.9,3.6,2.8,4.4
1120,0.3771,0,NORMAL,18.0,3.7,3.0,4.5
1121,0.384,0,NORMAL,18.0,3.4,3.8,5.6
1122,0.4284,0,NORMAL,18.2,5.4,3.5,5.0
1123,0.172,0,NORMAL,17.9,4.2,4.0,5.4
1124,0.193,0,NORMAL,18.2,3.8,2.9,4.2
1125,0.4414,0,NORMAL,18.2,4.1,3.6,5.1
1126,0.1076,0,NORMAL,18.1,4.3,3.8,5.6
1127,0.1919,0,NORMAL,18.2,3.5,2.9,4.7
1128,0.1978,0,NORMAL,18.0,3.7,3.2,5.3
1129,0.293,0,NORMAL,18.2,4.1,3.5,5.6
1130,0.3721,0,NORMAL,18.0,3.6,3.6,5.7
1131,0.7238,0,WARNING,18.1,2.7,3.1,5.3
1132,0.1438,0,NORMAL,18.2,4.1,2.8,4.7
1133,0.2895,0,NORMAL,18.0,4.1,4.0,5.9
1134,0.4368,0,NORMAL,18.0,3.8,4.0,5.9
1135,0.1921,0,NORMAL,18.3,4.1,3.1,5.2
1136,0.3652,0,NORMAL,18.2,4.1,4.3,7.1
1137,0.2903,0,NORMAL,18.3,4.9,3.6,5.7
1138,0.3577,0,NORMAL,17.9,3.9,4.0,6.1
1139,0.185,0,NORMAL,18.2,4.4,4.7,7.1
1140,0.1735,0,NORMAL,17.9,4.0,3.9,5.9
1141,0.2726,0,NORMAL,18.1,3.5,4.5,7.3
1142,0.2675,0,NORMAL,18.3,4.4,4.6,7.1
1143,0.1256,0,NORMAL,18.2,4.0,3.3,5.1
1144,0.1832,0,NORMAL,18.2,4.0,3.5,5.2
1145,0.121,0,NORMAL,18.2,3.6,3.4,5.1
1146,0.286,0,NORMAL,18.0,3.6,4.0,5.8
1147,0.2823,0,NORMAL,18.3,3.9,3.2,4.9
1148,0.1916,0,NORMAL,18.3,4.3,3.4,5.6
1149,0.1204,0,NORMAL,18.1,3.8,4.0,6.3
1150,0.4946,0,NORMAL,18.3,4.4,3.6,6.1
1151,0.2233,0,NORMAL,18.1,4.5,4.4,7.1
1152,0.4247,0,NORMAL,18.2,4.4,3.2,5.4
1153,0.3415,0,NORMAL,18.1,4.2,4.0,6.7
1154,0.3284,0,NORMAL,18.2,4.4,4.8,7.9
1155,0.347,0,NORMAL,18.3,4.2,3.8,6.1
1156,0.7767,0,WARNING,18.4,4.9,5.0,8.0
1157,0.3947,0,NORMAL,18.3,4.6,4.0,6.6
1158,0.4125,0,NORMAL,18.2,4.9,5.1,3.8
1159,0.1916,0,NORMAL,18.4,4.8,5.2,5.3
1160,0.7679,0,WARNING,18.4,7.9,5.4,8.5
1161,0.3943,0,NORMAL,18.3,4.1,4.1,4.6
1162,0.7431,0,WARNING,18.4,4.3,5.2,4.2
1163,0.1406,0,NORMAL,18.3,4.3,4.2,5.7
1164,0.4461,0,NORMAL,18.4,5.2,5.5,7.9
1165,0.2354,0,NORMAL,18.4,4.5,5.1,4.7
1166,0.3903,0,NORMAL,18.3,4.7,5.6,5.7
1167,0.4312,0,NORMAL,18.4,5.9,4.6,6.2
1168,0.3494,0,NORMAL,18.3,4.8,4.9,7.4
1169,0.2433,0,NORMAL,18.4,4.3,4.6,4.2
1170,0.4701,0,NORMAL,18.2,4.9,5.6,5.1
1171,0.2173,0,NORMAL,18.3,4.7,5.3,7.0
1172,0.3339,0,NORMAL,18.5,5.5,5.4,6.5
1173,0.2223,0,NORMAL,18.3,4.6,5.0,4.1
1174,0.3116,0,NORMAL,18.6,4.7,5.1,6.3
1175,0.2243,0,NORMAL,18.5,4.7,5.2,7.2
1176,0.2353,0,NORMAL,18.3,4.3,4.3,4.3
1177,0.2442,0,NORMAL,18.5,5.1,4.8,4.3
1178,0.3266,0,NORMAL,18.5,3.9,4.8,6.8
1179,0.3279,0,NORMAL,18.3,4.7,5.2,6.5
1180,0.627,0,WARNING,18.2,4.6,5.0,4.5
1181,0.4007,0,NORMAL,18.6,4.9,5.9,6.8
1182,0.4289,0,NORMAL,18.4,5.9,5.3,7.2
1183,0.2753,0,NORMAL,18.5,4.6,4.1,4.0
1184,0.1426,0,NORMAL,18.3,5.0,5.5,5.4
1185,0.1456,0,NORMAL,18.2,4.0,4.3,5.3
1186,0.3281,0,NORMAL,18.4,4.9,5.3,7.5
1187,0.1184,0,NORMAL,18.2,4.5,4.5,4.4
1188,0.4648,0,NORMAL,18.4,4.6,5.7,6.5
1189,0.3157,0,NORMAL,18.4,4.7,4.7,6.1
1190,0.3236,0,NORMAL,18.2,4.1,4.9,5.6
1191,0.1955,0,NORMAL,18.2,3.9,5.0,4.9
1192,0.3236,0,NORMAL,18.5,4.9,5.6,7.3
1193,0.2285,0,NORMAL,18.6,5.1,6.4,7.1
1194,0.2144,0,NORMAL,18.6,4.5,5.4,5.4
1195,0.5692,0,NORMAL,18.6,5.1,5.1,7.1
1196,0.3068,0,NORMAL,18.3,4.5,5.0,6.3
1197,0.2734,0,NORMAL,18.5,5.0,5.8,5.9
1198,0.4605,0,NORMAL,18.5,7.2,5.4,6.1
1199,0.2034,0,NORMAL,18.5,5.0,5.1,6.3
1200,0.3338,0,NORMAL,18.5,4.9,4.7,5.1
1201,0.0956,0,NORMAL,18.6,4.9,5.3,5.4
1202,0.4501,0,NORMAL,18.7,5.3,5.4,6.6
1203,0.1493,0,NORMAL,18.5,4.6,4.8,5.4
1204,0.3825,0,NORMAL,18.6,4.5,5.8,6.3
1205,0.1102,0,NORMAL,18.5,4.5,4.6,5.1
1206,0.4588,0,NORMAL,18.5,3.9,4.3,5.1
1207,0.2401,0,NORMAL,18.6,5.1,6.0,6.5
1208,0.3069,0,NORMAL,18.6,4.8,4.4,5.1
1209,0.1877,0,NORMAL,18.5,4.9,5.8,7.3
1210,0.3442,0,NORMAL,18.5,4.9,5.2,6.1
1211,0.2502,0,NORMAL,18.4,4.6,5.3,4.8
1212,0.5377,0,NORMAL,18.6,6.6,5.3,7.1
1213,0.3529,0,NORMAL,18.4,5.1,5.6,7.0
1214,0.3821,0,NORMAL,18.6,5.1,6.0,6.2
1215,0.1245,0,NORMAL,18.6,4.6,5.7,7.0
1216,0.2204,0,NORMAL,18.7,5.1,6.4,8.0
1217,0.1753,0,NORMAL,18.5,5.0,6.1,6.3
1218,0.2859,0,NORMAL,18.3,4.5,4.9,6.5
1219,0.2123,0,NORMAL,18.5,4.4,5.3,6.9
1220,0.3282,0,NORMAL,18.4,4.6,6.1,5.8
1221,0.7256,0,WARNING,18.7,7.5,6.0,7.5
1222,0.2091,0,NORMAL,18.6,4.7,5.2,6.8
1223,0.2278,0,NORMAL,18.4,4.5,5.3,5.6
1224,0.1238,0,NORMAL,18.6,4.5,5.2,6.3
1225,0.221,0,NORMAL,18.7,4.9,6.1,7.9
1226,0.2992,0,NORMAL,18.5,4.6,5.6,5.9
1227,0.2267,0,NORMAL,18.7,5.7,6.2,7.6
1228,0.2623,0,NORMAL,18.6,5.7,5.6,6.8
1229,0.3734,0,NORMAL,18.7,4.5,4.5,4.4
1230,0.1325,0,NORMAL,18.7,4.6,5.0,5.6
1231,0.2261,0,NORMAL,18.7,5.0,6.1,6.9
1232,0.2146,0,NORMAL,18.6,4.6,5.3,5.4
1233,0.2482,0,NORMAL,18.6,4.8,6.2,6.8
1234,0.1166,0,NORMAL,18.7,5.0,5.9,7.0
1235,0.1044,0,NORMAL,18.5,4.5,4.7,5.5
1236,0.4519,0,NORMAL,18.4,4.5,5.5,6.8
1237,0.3063,0,NORMAL,18.6,5.2,5.1,6.3
1238,0.1227,0,NORMAL,18.6,4.6,5.2,5.9
1239,0.3507,0,NORMAL,18.6,4.5,5.4,6.1
1240,0.2222,0,NORMAL,18.5,5.5,6.2,7.1
1241,0.2118,0,NORMAL,18.5,5.0,5.9,6.6
1242,0.1703,0,NORMAL,18.7,5.3,5.5,6.1
1243,0.3934,0,NORMAL,18.6,5.6,5.6,6.8
1244,0.445,0,NORMAL,18.5,5.1,6.2,7.0
1245,0.2026,0,NORMAL,18.5,5.3,6.2,7.0
1246,0.1952,0,NORMAL,18.8,5.3,6.5,7.3
1247,0.1864,0,NORMAL,18.6,4.1,5.2,5.9
1248,0.2879,0,NORMAL,18.7,6.0,6.7,7.6
1249,0.1854,0,NORMAL,18.5,4.1,5.6,7.0
1250,0.1868,0,NORMAL,18.7,5.3,6.2,6.3
1251,0.1159,0,NORMAL,18.5,4.7,6.0,6.8
1252,0.2417,0,NORMAL,18.7,5.5,6.7,7.3
1253,0.4232,0,NORMAL,18.7,4.3,5.4,5.8
1254,0.1581,0,NORMAL,18.5,4.9,5.2,6.1
1255,0.2072,0,NORMAL,18.7,4.8,6.0,7.3
1256,0.2057,0,NORMAL,18.6,5.1,6.0,6.6
1257,0.2115,0,NORMAL,18.8,5.2,6.4,7.6
1258,0.3729,0,NORMAL,18.6,5.9,5.4,6.1
1259,0.2031,0,NORMAL,18.6,4.8,6.0,6.6
1260,0.4389,0,NORMAL,18.6,4.8,5.3,5.7
1261,0.2998,0,NORMAL,18.6,5.0,6.0,6.8
1262,0.1326,0,NORMAL,18.6,4.6,6.1,6.9
1263,0.4371,0,NORMAL,18.7,4.8,6.2,7.4
1264,0.1978,0,NORMAL,18.7,5.8,6.3,7.2
1265,0.333,0,NORMAL,18.7,4.6,5.2,5.6
1266,0.1336,0,NORMAL,18.5,5.1,5.9,6.9
1267,0.1943,0,NORMAL,18.7,4.5,5.4,6.6
1268,0.2134,0,NORMAL,18.8,5.6,6.5,6.6
1269,0.2372,0,NORMAL,18.7,4.7,5.3,5.9
1270,0.1324,0,NORMAL,18.7,5.1,5.2,6.3
1271,0.2032,0,NORMAL,18.9,5.3,6.6,6.7
1272,0.1888,0,NORMAL,18.6,5.5,5.7,6.6
1273,0.5,0,NORMAL,18.7,4.6,5.5,7.0
1274,0.2028,0,NORMAL,18.7,4.9,5.6,6.4
1275,0.2943,0,NORMAL,18.8,5.2,6.1,6.6
1276,0.7579,0,WARNING,18.8,7.6,5.5,6.7
1277,0.8212,0,WARNING,19.0,5.3,5.7,6.5
1278,0.2687,0,NORMAL,18.4,4.7,5.0,5.8
1279,0.2031,0,NORMAL,18.6,4.9,6.3,7.3
1280,0.143,0,NORMAL,18.8,4.6,5.7,6.8
1281,0.2041,0,NORMAL,18.7,4.6,5.9,6.1
1282,0.3221,0,NORMAL,18.8,4.5,5.3,6.4
1283,0.3228,0,NORMAL,18.8,5.3,5.9,6.8
1284,0.1384,0,NORMAL,18.7,4.7,5.2,5.9
1285,0.2105,0,NORMAL,18.8,4.8,5.4,6.1
1286,0.1271,0,NORMAL,18.8,4.5,4.7,5.8
1287,0.3456,0,NORMAL,18.9,6.1,5.6,6.1
1288,0.1709,0,NORMAL,18.9,5.6,6.3,7.3
1289,0.1699,0,NORMAL,18.7,5.4,6.0,7.3
1290,0.1272,0,NORMAL,18.8,4.8,5.8,6.1
1291,0.2144,0,NORMAL,18.9,5.8,6.9,7.3
1292,0.2744,0,NORMAL,18.8,4.8,6.0,7.5
1293,0.3562,0,NORMAL,18.8,5.5,6.5,6.6
1294,0.2702,0,NORMAL,18.8,5.3,6.2,6.9
1295,0.1515,0,NORMAL,18.7,5.0,5.3,6.4
1296,0.1906,0,NORMAL,18.6,4.9,5.7,6.1
1297,0.1701,0,NORMAL,18.9,5.7,6.7,7.5
1298,0.1748,0,NORMAL,18.9,4.6,6.3,7.3
1299,0.2366,0,NORMAL,18.5,5.2,5.7,6.3
1300,0.2558,0,NORMAL,18.7,5.1,6.3,7.0
1301,0.2852,0,NORMAL,18.7,4.5,5.5,6.1
1302,0.4139,0,NORMAL,18.9,6.3,5.8,6.8
1303,0.3899,0,NORMAL,18.9,5.2,5.8,6.6
1304,0.158,0,NORMAL,18.5,4.0,5.7,6.3
1305,0.3718,0,NORMAL,18.8,5.2,6.0,7.2
1306,0.1062,0,NORMAL,18.5,4.7,5.8,6.5
1307,0.2905,0,NORMAL,18.8,4.6,6.1,6.9
1308,0.1697,0,NORMAL,18.6,5.4,6.2,7.4
1309,0.36,0,NORMAL,18.7,4.1,4.6,5.6
1310,0.1088,0,NORMAL,18.6,4.2,5.5,6.2
1311,0.2713,0,NORMAL,18.6,4.3,5.1,6.1
1312,0.1325,0,NORMAL,18.9,5.3,6.1,6.8
1313,0.3719,0,NORMAL,18.7,4.4,5.4,6.5
1314,0.2994,0,NORMAL,18.6,5.1,6.0,7.5
1315,0.4424,0,NORMAL,18.8,4.2,5.8,6.6
1316,0.2863,0,NORMAL,18.9,5.6,5.7,6.8
1317,0.8341,0,WARNING,19.1,5.5,4.8,6.6
1318,0.1978,0,NORMAL,18.7,4.7,5.5,6.0
1319,0.6554,0,WARNING,18.6,4.2,6.0,7.1
1320,0.1304,0,NORMAL,18.7,4.4,5.3,6.5
1321,0.3031,0,NORMAL,18.7,4.7,5.7,5.8
1322,0.113,0,NORMAL,18.8,4.2,5.3,6.1
1323,0.2767,0,NORMAL,18.8,4.7,5.6,6.5
1324,0.1778,0,NORMAL,18.6,5.1,6.4,7.3
1325,0.4414,0,NORMAL,18.5,4.5,5.6,6.3
1326,0.3729,0,NORMAL,18.7,4.6,4.8,5.5
1327,0.2143,0,NORMAL,18.8,4.5,5.3,6.6
1328,0.2061,0,NORMAL,18.5,4.0,4.7,5.3
1329,0.5181,0,NORMAL,18.8,5.3,6.1,6.6
1330,0.4455,0,NORMAL,18.7,4.7,5.0,6.3
1331,0.3053,0,NORMAL,18.6,4.4,5.2,6.1
1332,0.1741,0,NORMAL,18.6,5.4,6.2,7.0
1333,0.5038,0,NORMAL,18.7,6.0,4.7,5.9
1334,0.303,0,NORMAL,18.9,5.1,5.9,7.1
1335,0.1528,0,NORMAL,18.6,4.7,5.1,5.1
1336,0.674,0,WARNING,18.8,6.5,4.6,5.6
1337,0.2864,0,NORMAL,18.9,5.3,6.2,7.8
1338,0.3365,0,NORMAL,18.9,5.8,6.8,6.8
1339,0.3968,0,NORMAL,18.8,4.6,5.7,6.7
1340,0.1972,0,NORMAL,18.8,4.8,5.2,6.3
1341,0.2946,0,NORMAL,18.8,5.7,6.3,6.8
1342,0.1952,0,NORMAL,18.8,5.4,6.2,6.5
1343,0.3332,0,NORMAL,18.7,5.3,5.3,6.9
1344,0.1795,0,NORMAL,18.7,5.0,4.8,5.5
1345,0.5038,0,NORMAL,18.8,4.7,6.4,7.9
1346,0.3346,0,NORMAL,18.9,4.9,5.6,6.7
1347,0.3439,0,NORMAL,18.9,6.7,6.7,7.1
1348,0.1584,0,NORMAL,18.8,5.1,5.5,6.8
1349,0.4611,0,NORMAL,18.8,5.1,5.8,6.8
1350,0.1323,0,NORMAL,18.7,4.9,5.1,5.5
1351,0.139,0,NORMAL,18.9,5.3,6.1,7.0
1352,0.1944,0,NORMAL,18.9,5.2,6.2,7.1
1353,0.2801,0,NORMAL,18.8,4.7,5.7,6.1
1354,0.4342,0,NORMAL,18.6,4.7,6.0,6.7
1355,0.1278,0,NORMAL,18.8,4.9,5.8,7.0
1356,0.3597,0,NORMAL,18.9,5.4,5.6,6.1
1357,0.2895,0,NORMAL,18.9,4.7,5.9,7.0
1358,0.2852,0,NORMAL,18.8,4.7,5.6,6.3
1359,0.2813,0,NORMAL,18.8,4.4,4.9,5.5
1360,0.2473,0,NORMAL,18.9,5.7,6.4,7.0
1361,0.3277,0,NORMAL,18.9,5.7,5.3,6.2
1362,0.4434,0,NORMAL,18.8,4.8,5.1,5.6
1363,0.171,0,NORMAL,18.9,5.5,6.4,7.5
1364,0.4385,0,NORMAL,18.6,4.4,5.4,6.4
1365,0.1073,0,NORMAL,18.9,4.8,5.8,6.5
1366,0.4395,0,NORMAL,18.8,4.4,4.9,6.1
1367,0.2827,0,NORMAL,18.9,4.9,6.2,6.7
1368,0.2029,0,NORMAL,18.8,5.0,5.4,6.1
1369,0.2445,0,NORMAL,19.1,5.5,6.2,7.3
1370,0.1976,0,NORMAL,18.9,4.4,6.5,6.8
1371,0.1871,0,NORMAL,18.7,4.9,6.0,6.6
1372,0.1862,0,NORMAL,18.9,5.5,6.5,7.7
1373,0.1682,0,NORMAL,18.9,4.9,5.9,6.1
1374,0.2113,0,NORMAL,18.7,4.9,5.7,7.3
1375,0.1694,0,NORMAL,19.1,5.2,6.5,7.8
1376,0.3207,0,NORMAL,19.0,4.7,6.0,6.1
1377,0.2583,0,NORMAL,19.0,5.5,5.6,7.5
1378,0.1782,0,NORMAL,18.8,5.7,5.8,6.4
1379,0.1604,0,NORMAL,18.8,4.9,5.4,5.6
1380,0.2208,0,NORMAL,18.9,5.6,6.4,8.1
1381,0.2758,0,NORMAL,18.9,5.0,6.3,7.1
1382,0.2807,0,NORMAL,18.7,5.4,6.2,7.2
1383,0.162,0,NORMAL,19.0,4.3,5.3,6.9
1384,0.4526,0,NORMAL,19.0,5.3,6.0,5.8
1385,0.21,0,NORMAL,18.8,4.9,5.7,7.0
1386,0.2831,0,NORMAL,19.1,5.6,6.7,7.8
1387,0.2372,0,NORMAL,18.9,5.1,6.0,6.4
1388,0.3119,0,NORMAL,18.8,4.9,6.4,8.1
1389,0.3835,0,NORMAL,19.1,5.5,6.2,6.7
1390,0.2675,0,NORMAL,19.0,5.3,6.5,7.1
1391,0.169,0,NORMAL,19.0,4.7,5.9,7.5
1392,0.1792,0,NORMAL,19.0,5.6,6.0,6.2
1393,0.3379,0,NORMAL,18.8,5.9,6.2,7.5
1394,0.4264,0,NORMAL,18.7,5.0,6.2,7.6
1395,0.4169,0,NORMAL,18.9,5.9,6.6,7.4
1396,0.2666,0,NORMAL,19.0,5.3,7.0,8.7
1397,0.1591,0,NORMAL,18.9,4.5,5.5,5.9
1398,0.757,0,WARNING,19.0,8.5,7.1,8.5
1399,0.1932,0,NORMAL,18.8,4.7,5.6,6.3
1400,0.3507,0,NORMAL,18.9,5.2,5.3,6.6
1401,0.1893,0,NORMAL,18.9,4.7,7.0,7.7
1402,0.237,0,NORMAL,18.8,5.9,6.5,6.8
1403,0.2382,0,NORMAL,18.8,4.6,6.8,7.5
1404,0.3754,0,NORMAL,18.8,5.5,6.6,7.8
1405,0.5424,0,NORMAL,19.0,5.2,6.2,6.5
1406,0.3163,0,NORMAL,19.2,5.9,6.6,8.2
1407,0.2592,0,NORMAL,19.0,5.4,5.3,6.5
1408,0.2723,0,NORMAL,18.9,4.8,6.4,6.8
1409,0.3508,0,NORMAL,18.8,5.1,6.4,7.5
1410,0.1789,0,NORMAL,19.0,5.6,6.1,7.1
1411,0.2972,0,NORMAL,18.7,4.4,5.2,6.3
1412,0.1979,0,NORMAL,18.7,4.1,5.3,6.0
1413,0.1804,0,NORMAL,18.7,4.5,5.9,6.8
1414,0.2859,0,NORMAL,18.9,5.1,6.3,7.5
1415,0.2757,0,NORMAL,18.8,5.6,7.1,7.7
1416,0.2376,0,NORMAL,18.8,4.6,6.9,7.5
1417,0.2766,0,NORMAL,19.0,5.1,6.4,6.8
1418,0.3328,0,NORMAL,19.1,5.5,5.7,7.0
1419,0.1847,0,NORMAL,18.9,5.1,5.5,6.2
1420,0.1755,0,NORMAL,19.2,4.4,5.8,7.0
1421,0.2747,0,NORMAL,19.0,4.8,6.3,7.9
1422,0.2736,0,NORMAL,19.1,5.3,5.5,6.0
1423,0.2079,0,NORMAL,18.8,4.7,5.3,6.3
1424,0.2896,0,NORMAL,18.9,5.0,6.0,7.3
1425,0.1961,0,NORMAL,19.1,5.2,6.2,6.6
1426,0.4288,0,NORMAL,18.9,5.3,6.0,7.0
1427,0.2739,0,NORMAL,19.1,4.7,5.7,6.6
1428,0.2787,0,NORMAL,18.8,4.5,5.2,5.5
1429,0.3599,0,NORMAL,18.7,4.3,5.3,5.9
1430,0.1441,0,NORMAL,18.9,5.6,5.7,7.0
1431,0.9056,0,WARNING,18.9,4.8,5.7,6.9
1432,0.1958,0,NORMAL,19.0,4.9,6.1,6.8
1433,0.1787,0,NORMAL,19.0,4.7,6.2,7.0
1434,0.417,0,NORMAL,19.0,6.2,5.6,5.8
1435,0.2562,0,NORMAL,19.1,4.9,6.4,7.8
1436,0.2564,0,NORMAL,18.8,4.6,5.1,5.8
1437,0.3968,0,NORMAL,19.0,5.7,4.8,6.2
1438,0.1957,0,NORMAL,18.8,4.9,6.1,6.6
1439,0.121,0,NORMAL,19.0,5.0,5.9,6.5
1440,0.17,0,NORMAL,18.9,4.9,6.6,7.8
1441,0.1695,0,NORMAL,18.9,4.7,6.6,7.5
1442,0.423,0,NORMAL,19.0,5.1,6.3,7.3
1443,0.1474,0,NORMAL,18.9,4.4,5.7,6.8
1444,0.2798,0,NORMAL,18.8,5.0,6.3,7.0
1445,0.1335,0,NORMAL,19.0,4.3,5.4,6.5
1446,0.6861,0,WARNING,18.8,4.8,4.9,6.1
1447,0.3721,0,NORMAL,19.1,4.8,5.7,6.6
1448,0.4363,0,NORMAL,19.1,4.7,6.6,7.1
1449,0.1833,0,NORMAL,18.8,5.1,5.7,6.1
1450,0.2822,0,NORMAL,19.0,4.8,5.5,6.5
1451,0.198,0,NORMAL,18.8,4.3,5.2,5.9
1452,0.2946,0,NORMAL,19.2,5.1,6.7,7.3
1453,0.3364,0,NORMAL,18.9,5.5,5.8,6.6
1454,0.2937,0,NORMAL,19.0,4.9,4.7,4.8
1455,0.2972,0,NORMAL,19.0,4.5,4.7,5.1
1456,0.2149,0,NORMAL,19.0,4.9,6.1,7.1
1457,0.2854,0,NORMAL,19.1,4.9,5.4,5.9
1458,0.6019,0,WARNING,18.8,5.5,6.4,7.6
1459,0.1697,0,NORMAL,19.1,5.0,6.2,7.7
1460,0.1693,0,NORMAL,19.1,4.4,5.0,5.1
1461,0.6596,0,WARNING,19.0,6.5,5.2,6.5
1462,0.2904,0,NORMAL,19.2,5.3,6.2,7.6
1463,0.2628,0,NORMAL,18.9,3.8,5.3,6.0
1464,0.2759,0,NORMAL,19.0,4.8,5.5,6.2
1465,0.1705,0,NORMAL,19.2,5.3,5.8,7.4
1466,0.5537,0,NORMAL,19.1,4.7,5.3,5.7
1467,0.3168,0,NORMAL,19.2,6.0,6.3,7.3
1468,0.2611,0,NORMAL,19.1,5.8,6.3,7.5
1469,0.1765,0,NORMAL,19.0,4.6,5.4,5.8
1470,0.3578,0,NORMAL,18.8,5.1,5.8,6.2
1471,0.1889,0,NORMAL,19.1,4.4,5.4,6.3
1472,0.4345,0,NORMAL,19.2,4.6,5.3,6.3
1473,0.2368,0,NORMAL,19.1,5.3,6.4,6.8
1474,0.353,0,NORMAL,19.2,5.4,5.9,7.3
1475,0.2374,0,NORMAL,19.1,5.4,5.6,5.5
1476,0.2654,0,NORMAL,18.9,4.5,5.2,5.8
1477,0.2824,0,NORMAL,19.1,5.4,5.4,6.7
1478,0.1554,0,NORMAL,18.9,4.0,5.0,5.8
1479,0.1489,0,NORMAL,19.1,5.4,5.8,6.3
1480,0.2796,0,NORMAL,19.1,4.6,4.9,5.8
1481,0.2343,0,NORMAL,19.2,5.8,6.1,6.5
1482,0.1598,0,NORMAL,19.2,5.0,4.9,5.3
1483,0.4338,0,NORMAL,19.0,5.1,5.4,6.1
1484,0.2462,0,NORMAL,19.1,5.1,5.1,5.8
1485,0.2886,0,NORMAL,19.0,4.1,4.9,5.8
1486,0.121,0,NORMAL,19.0,4.2,4.8,5.9
1487,0.298,0,NORMAL,19.1,5.3,6.1,6.8
1488,0.1955,0,NORMAL,19.1,4.0,5.1,5.9
1489,0.1449,0,NORMAL,19.2,4.6,5.5,6.8
1490,0.2866,0,NORMAL,18.9,4.8,4.9,6.0
1491,0.3707,0,NORMAL,18.9,4.8,5.4,5.8
1492,0.1608,0,NORMAL,19.1,5.2,5.5,5.6
1493,0.2784,0,NORMAL,18.9,4.3,5.0,6.0
1494,0.2734,0,NORMAL,18.9,4.3,4.5,5.2
1495,0.3018,0,NORMAL,19.0,4.7,5.9,6.2
1496,0.1509,0,NORMAL,19.0,4.8,5.6,6.5
1497,0.3681,0,NORMAL,19.2,5.4,5.8,6.2
1498,0.1811,0,NORMAL,18.5,4.6,4.4,5.0
1499,0.4441,0,NORMAL,19.0,4.9,5.4,7.0
1500,0.1086,0,NORMAL,19.0,4.6,4.6,5.1
1501,0.3817,0,NORMAL,19.0,4.2,5.0,5.5
1502,0.1322,0,NORMAL,19.1,4.8,5.7,6.5
1503,0.1481,0,NORMAL,19.0,4.0,4.6,5.5
1504,0.3013,0,NORMAL,19.0,4.3,4.8,5.3
1505,0.3836,0,NORMAL,19.1,5.1,5.3,6.3
1506,0.692,0,WARNING,18.9,5.0,5.1,5.8
1507,0.2446,0,NORMAL,18.9,4.0,4.7,5.3
1508,0.5855,0,NORMAL,19.0,5.4,5.4,5.9
1509,0.6047,0,WARNING,19.2,4.8,4.7,5.9
1510,0.1951,0,NORMAL,19.0,4.6,5.3,6.2
1511,0.222,0,NORMAL,19.0,5.1,4.8,5.0
1512,0.2945,0,NORMAL,19.1,5.2,5.2,6.3
1513,0.2075,0,NORMAL,19.0,4.5,6.2,7.2
1514,0.2039,0,NORMAL,19.0,4.7,5.3,5.6
1515,0.1988,0,NORMAL,19.0,5.1,5.3,5.6
1516,0.5015,0,NORMAL,19.2,4.6,5.4,6.2
1517,0.743,0,WARNING,19.0,7.2,4.8,4.9
1518,0.1424,0,NORMAL,19.1,4.9,5.4,5.8
1519,0.2004,0,NORMAL,19.1,5.1,6.0,6.8
1520,0.2267,0,NORMAL,18.9,4.9,5.3,5.8
1521,0.4365,0,NORMAL,18.8,4.3,4.5,5.0
1522,0.21,0,NORMAL,19.0,4.2,4.3,5.7
1523,0.2224,0,NORMAL,18.8,4.5,4.6,7.4
1524,0.216,0,NORMAL,18.9,4.1,5.2,5.2
1525,0.1892,0,NORMAL,19.2,5.8,5.9,4.7
1526,0.3578,0,NORMAL,19.2,4.7,4.9,7.9
1527,0.2016,0,NORMAL,19.1,5.0,5.2,6.1
1528,0.3631,0,NORMAL,18.9,4.9,4.7,3.7
1529,0.1446,0,NORMAL,18.9,4.8,4.5,4.8
1530,0.2227,0,NORMAL,19.1,4.2,5.1,7.7
1531,0.4469,0,NORMAL,19.2,4.9,5.4,5.6
1532,0.3672,0,NORMAL,19.3,4.6,5.4,4.8
1533,0.4954,0,NORMAL,19.3,4.2,4.8,6.9
1534,0.2202,0,NORMAL,19.0,4.5,5.4,6.9
1535,0.2895,0,NORMAL,19.3,4.9,5.0,4.2
1536,0.2011,0,NORMAL,19.2,5.0,5.3,6.4
1537,0.1567,0,NORMAL,19.1,4.5,4.9,6.6
1538,0.5311,0,NORMAL,19.2,4.3,5.8,5.6
1539,0.281,0,NORMAL,19.1,5.1,5.1,4.9
1540,0.1714,0,NORMAL,19.0,4.8,5.2,7.1
1541,0.3668,0,NORMAL,19.1,3.9,4.2,5.0
1542,0.3019,0,NORMAL,19.2,5.0,5.5,5.3
1543,0.1469,0,NORMAL,19.0,4.9,5.5,6.5
1544,0.2258,0,NORMAL,19.0,4.6,5.2,6.5
1545,0.3714,0,NORMAL,19.2,4.7,5.6,5.4
1546,0.1918,0,NORMAL,19.2,5.0,5.0,5.8
1547,0.1893,0,NORMAL,19.2,4.8,5.4,6.6
1548,0.2782,0,NORMAL,19.2,4.7,5.6,6.1
1549,0.4925,0,NORMAL,19.3,4.6,5.4,5.7
1550,0.423,0,NORMAL,18.9,4.4,4.6,5.5
1551,0.2438,0,NORMAL,18.9,4.7,4.3,5.3
1552,0.3804,0,NORMAL,19.1,3.8,4.3,5.2
1553,0.22,0,NORMAL,19.1,4.4,4.9,6.7
1554,0.303,0,NORMAL,18.9,4.7,5.1,5.6
1555,0.1298,0,NORMAL,19.3,4.8,5.2,5.6
1556,0.3369,0,NORMAL,19.0,5.2,4.2,5.2
1557,0.1336,0,NORMAL,19.3,5.5,5.6,6.5
1558,0.1469,0,NORMAL,19.4,4.8,5.8,6.1
1559,0.2799,0,NORMAL,19.4,4.6,5.4,6.2
1560,0.2767,0,NORMAL,19.1,5.2,5.8,6.8
1561,0.3522,0,NORMAL,18.9,3.9,4.8,5.1
1562,0.19,0,NORMAL,19.2,4.4,4.8,5.5
1563,0.3608,0,NORMAL,18.9,4.0,5.2,6.7
1564,0.2641,0,NORMAL,18.9,4.9,4.4,5.1
1565,0.3757,0,NORMAL,18.9,4.9,5.3,5.6
1566,0.0998,0,NORMAL,18.8,4.0,4.8,5.3
1567,0.2989,0,NORMAL,18.7,4.6,4.9,5.8
1568,0.996,0,ANOMALY,18.9,5.5,6.1,6.9
1569,0.2875,0,NORMAL,18.7,4.1,4.9,5.5
1570,0.1462,0,NORMAL,18.9,4.8,4.5,5.8
1571,0.3804,0,NORMAL,18.8,5.1,4.9,5.7
1572,0.2357,0,NORMAL,18.6,5.6,5.8,5.4
1573,0.2054,0,NORMAL,18.6,4.4,5.6,6.5
1574,0.2192,0,NORMAL,19.0,4.7,5.2,6.7
1575,0.1021,0,NORMAL,19.0,4.9,4.6,4.8
1576,0.157,0,NORMAL,19.1,4.6,4.7,5.2
1577,0.6767,0,WARNING,19.2,7.1,5.3,6.8
1578,0.1145,0,NORMAL,18.9,4.8,5.3,4.9
1579,0.291,0,NORMAL,19.2,4.7,4.7,4.9
1580,0.1185,0,NORMAL,18.9,4.3,5.2,6.5
1581,0.1394,0,NORMAL,19.0,4.4,4.7,6.5
1582,0.418,0,NORMAL,19.0,6.3,5.7,5.4
1583,0.1725,0,NORMAL,18.8,3.7,4.4,4.8
1584,0.4397,0,NORMAL,18.8,3.6,3.4,6.1
1585,0.3143,0,NORMAL,19.2,4.6,4.8,8.2
1586,0.1971,0,NORMAL,19.0,5.3,4.8,4.9
1587,0.1294,0,NORMAL,19.1,4.6,3.6,4.2
1588,0.2191,0,NORMAL,18.9,3.8,3.7,5.6
1589,0.5236,0,NORMAL,19.0,4.5,5.0,7.2
1590,0.1294,0,NORMAL,19.0,4.1,3.2,5.7
1591,0.2702,0,NORMAL,19.1,4.8,5.6,8.1
1592,0.2118,0,NORMAL,19.2,4.5,4.4,5.7
1593,0.126,0,NORMAL,19.0,4.0,4.3,5.5
1594,0.3848,0,NORMAL,19.1,3.9,3.8,6.1
1595,0.2225,0,NORMAL,19.1,4.5,3.9,5.9
1596,0.27,0,NORMAL,19.3,4.1,5.2,8.1
1597,0.3058,0,NORMAL,19.2,4.5,4.6,5.0
1598,0.1752,0,NORMAL,18.8,4.4,3.9,4.3
1599,0.5225,0,NORMAL,18.5,4.0,4.9,7.4
1600,0.2046,0,NORMAL,19.0,5.3,4.5,6.9
1601,0.2237,0,NORMAL,19.1,5.0,4.8,7.1
1602,0.217,0,NORMAL,19.1,5.1,4.5,6.8
1603,0.3819,0,NORMAL,18.7,5.0,4.9,7.2
1604,0.239,0,NORMAL,18.7,4.6,5.3,3.7
1605,0.5121,0,NORMAL,19.0,5.0,5.9,5.1
1606,0.1714,0,NORMAL,19.1,4.5,4.5,6.9
1607,0.6565,0,WARNING,19.2,4.7,4.9,6.3
1608,0.125,0,NORMAL,19.2,5.1,5.6,4.6
1609,0.2808,0,NORMAL,19.3,4.6,5.5,6.2
1610,0.1888,0,NORMAL,19.2,5.3,4.7,6.7
1611,0.1291,0,NORMAL,19.3,4.1,4.8,5.0
1612,0.1711,0,NORMAL,19.2,4.4,4.5,3.9
1613,0.5068,0,NORMAL,19.2,4.1,4.1,7.1
1614,0.2659,0,NORMAL,19.1,5.5,6.2,8.1
1615,0.2209,0,NORMAL,19.4,4.7,5.4,3.6
1616,0.1386,0,NORMAL,19.6,4.4,5.7,7.0
1617,0.4683,0,NORMAL,19.4,6.1,4.6,6.7
1618,0.3663,0,NORMAL,19.4,5.0,5.5,5.1
1619,0.1915,0,NORMAL,19.2,4.2,5.0,4.1
1620,0.3227,0,NORMAL,19.2,5.6,5.4,8.1
1621,0.282,0,NORMAL,19.4,4.3,4.8,6.2
1622,0.2904,0,NORMAL,19.4,4.5,4.8,4.6
1623,0.1504,0,NORMAL,19.1,4.5,5.1,6.5
1624,0.2895,0,NORMAL,19.1,4.2,5.1,6.7
1625,0.2005,0,NORMAL,19.5,4.9,5.4,4.8
1626,0.2795,0,NORMAL,19.4,4.9,5.0,5.0
1627,0.4359,0,NORMAL,19.5,4.3,5.1,6.7
1628,0.1561,0,NORMAL,19.3,4.0,4.4,5.3
1629,0.5614,0,NORMAL,19.4,5.3,5.7,5.8
1630,0.2808,0,NORMAL,19.3,4.7,4.9,5.2
1631,0.366,0,NORMAL,19.2,4.9,5.8,7.2
1632,0.5524,0,NORMAL,19.2,5.5,5.0,5.3
1633,0.1902,0,NORMAL,19.2,4.2,4.3,4.3
1634,0.1543,0,NORMAL,19.5,5.1,5.4,6.5
1635,0.2819,0,NORMAL,19.5,5.3,6.5,7.4
1636,0.1872,0,NORMAL,19.1,4.2,5.2,5.5
1637,0.7286,0,WARNING,19.5,7.6,5.6,6.0
1638,0.4252,0,NORMAL,19.4,4.8,4.8,6.0
1639,0.1683,0,NORMAL,19.1,3.9,4.1,5.0
1640,0.44,0,NORMAL,19.4,4.9,5.6,8.1
1641,0.1554,0,NORMAL,19.1,4.7,5.3,4.5
1642,0.2806,0,NORMAL,19.2,3.9,4.2,3.6
1643,0.1725,0,NORMAL,19.1,4.1,4.9,6.9
1644,0.6545,0,WARNING,19.1,4.5,5.3,7.0
1645,0.2002,0,NORMAL,19.2,5.2,5.5,4.4
1646,0.1902,0,NORMAL,19.3,4.1,4.7,5.2
1647,0.3339,0,NORMAL,19.3,5.2,4.3,6.4
1648,0.2977,0,NORMAL,19.4,3.8,5.0,6.4
1649,0.171,0,NORMAL,19.2,4.5,5.1,3.9
1650,0.2005,0,NORMAL,19.1,4.5,4.6,5.2
1651,0.2948,0,NORMAL,19.5,4.5,5.4,7.1
1652,0.3586,0,NORMAL,19.4,4.3,4.2,4.5
1653,0.287,0,NORMAL,19.5,4.2,5.1,4.7
1654,0.2814,0,NORMAL,19.3,4.4,4.4,5.8
1655,0.1483,0,NORMAL,19.3,4.1,4.8,6.6
1656,0.443,0,NORMAL,19.2,4.4,5.0,4.9
1657,0.1493,0,NORMAL,19.5,4.3,5.3,5.1
1658,0.1569,0,NORMAL,19.3,4.8,5.3,6.7
1659,0.1583,0,NORMAL,19.3,5.0,6.4,6.8
1660,0.4284,0,NORMAL,19.8,5.9,5.7,5.1
1661,0.1779,0,NORMAL,19.7,4.6,4.6,6.2
1662,0.145,0,NORMAL,19.6,4.5,5.0,6.3
1663,0.1399,0,NORMAL,19.5,4.6,4.3,4.2
1664,0.3107,0,NORMAL,19.2,4.9,4.7,5.5
1665,0.3729,0,NORMAL,19.4,4.4,4.1,7.0
1666,0.2096,0,NORMAL,19.3,4.5,4.4,6.9
1667,0.1309,0,NORMAL,19.4,3.7,4.0,5.2
1668,0.3041,0,NORMAL,19.4,4.7,4.5,7.4
1669,0.2783,0,NORMAL,19.4,4.1,4.4,6.4
1670,0.5101,0,NORMAL,19.4,5.9,4.8,6.9
1671,0.2802,0,NORMAL,19.2,3.8,5.0,6.2
1672,0.2837,0,NORMAL,19.5,4.3,4.8,3.9
1673,0.3668,0,NORMAL,19.6,5.3,6.6,6.7
1674,0.2664,0,NORMAL,19.2,4.8,4.8,6.9
1675,0.3803,0,NORMAL,19.5,3.7,3.9,4.5
1676,0.5584,0,NORMAL,19.6,4.7,5.7,6.3
1677,0.2564,0,NORMAL,19.6,5.6,4.9,5.7
1678,0.237,0,NORMAL,19.5,5.0,5.2,6.2
1679,0.1872,0,NORMAL,19.5,4.7,5.0,5.9
1680,0.2682,0,NORMAL,19.3,4.5,5.1,5.0
1681,0.2236,0,NORMAL,19.2,4.3,4.2,4.5
1682,0.1787,0,NORMAL,19.4,4.1,5.2,6.5
1683,0.2232,0,NORMAL,19.5,4.8,5.1,5.5
1684,0.2424,0,NORMAL,19.2,4.5,5.3,6.4
1685,0.4995,0,NORMAL,19.1,3.9,4.6,5.0
1686,0.3034,0,NORMAL,19.3,4.8,4.4,4.6
1687,0.2698,0,NORMAL,19.4,4.6,5.3,8.0
1688,0.4535,0,NORMAL,19.1,4.3,4.3,4.8
1689,0.1209,0,NORMAL,19.2,4.7,5.3,4.4
1690,0.8449,0,WARNING,19.6,4.6,4.7,5.7
1691,0.2223,0,NORMAL,19.4,4.2,4.6,7.5
1692,0.444,0,NORMAL,19.5,5.2,5.4,5.6
1693,0.3663,0,NORMAL,19.6,5.1,4.8,3.8
1694,0.2872,0,NORMAL,19.3,4.1,5.5,7.4
1695,0.4083,0,NORMAL,19.2,4.7,5.4,6.6
1696,0.3608,0,NORMAL,19.5,4.6,5.3,4.6
1697,0.6968,0,WARNING,19.4,6.8,4.6,4.8
1698,0.2801,0,NORMAL,19.3,4.8,5.0,6.9
1699,0.1371,0,NORMAL,19.5,4.2,4.7,5.9
1700,0.4401,0,NORMAL,19.3,4.6,4.8,4.1
1701,0.2024,0,NORMAL,19.5,4.7,4.7,4.4
1702,0.2935,0,NORMAL,19.7,4.9,4.7,6.9
1703,0.138,0,NORMAL,19.4,4.8,5.9,6.9
1704,0.4303,0,NORMAL,19.4,4.3,3.6,3.3
1705,0.3762,0,NORMAL,19.5,4.2,4.5,6.4
1706,0.4495,0,NORMAL,19.5,4.7,4.9,7.8
1707,0.301,0,NORMAL,19.6,5.5,4.8,3.7
1708,0.3725,0,NORMAL,19.4,5.3,5.6,4.6
1709,0.2222,0,NORMAL,19.5,4.7,6.0,8.1
1710,0.2934,0,NORMAL,19.3,4.8,5.2,6.0
1711,0.4291,0,NORMAL,19.2,4.2,4.5,3.6
1712,0.2889,0,NORMAL,19.5,5.1,5.4,5.8
1713,0.2219,0,NORMAL,19.5,4.8,5.8,7.6
1714,0.1807,0,NORMAL,19.2,4.4,5.0,4.8
1715,0.3599,0,NORMAL,19.2,5.0,5.2,4.3
1716,0.2836,0,NORMAL,19.2,4.4,4.8,6.3
1717,0.1322,0,NORMAL,19.4,4.1,4.2,5.9
1718,0.2029,0,NORMAL,19.4,4.5,5.1,5.8
1719,0.3344,0,NORMAL,19.4,5.2,5.4,5.0
1720,0.2871,0,NORMAL,19.3,5.0,4.7,5.0
1721,0.2224,0,NORMAL,19.6,4.3,5.0,7.4
1722,0.3624,0,NORMAL,19.6,5.1,4.8,5.2
1723,0.3616,0,NORMAL,19.6,5.8,5.4,4.6
1724,0.1856,0,NORMAL,19.7,4.4,5.0,6.0
1725,0.1474,0,NORMAL,19.5,5.0,5.5,6.2
1726,0.2669,0,NORMAL,19.4,4.8,5.0,5.7
1727,0.8397,0,WARNING,19.8,4.5,4.6,5.0
1728,0.1836,0,NORMAL,19.5,4.7,4.9,6.0
1729,0.4349,0,NORMAL,19.6,5.1,5.5,5.8
1730,0.3982,0,NORMAL,19.5,5.6,5.9,5.1
1731,0.2696,0,NORMAL,19.5,4.8,5.2,6.2
1732,0.3558,0,NORMAL,19.7,4.5,5.3,6.0
1733,0.2622,0,NORMAL,19.5,5.1,4.4,4.6
1734,0.1924,0,NORMAL,19.6,4.6,5.2,5.8
1735,0.4277,0,NORMAL,19.8,5.0,4.8,6.0
1736,0.4313,0,NORMAL,19.9,5.2,5.6,5.8
1737,0.403,0,NORMAL,19.6,6.3,5.5,5.3
1738,0.3145,0,NORMAL,19.3,5.8,6.2,7.0
1739,0.4817,0,NORMAL,19.2,4.6,5.3,6.0
1740,0.4381,0,NORMAL,19.3,4.4,5.0,5.5
1741,0.2886,0,NORMAL,19.4,5.3,5.7,6.2
1742,0.43,0,NORMAL,19.5,4.4,4.6,5.3
1743,0.1441,0,NORMAL,19.3,3.9,4.6,5.1
1744,0.2876,0,NORMAL,19.3,4.2,5.2,5.7
1745,0.2831,0,NORMAL,19.5,5.0,5.2,5.8
1746,0.4944,0,NORMAL,19.4,4.5,5.1,6.0
1747,0.3989,0,NORMAL,19.5,4.4,5.0,5.2
1748,0.2801,0,NORMAL,19.3,4.3,4.7,4.8
1749,0.2865,0,NORMAL,19.2,4.1,4.7,7.6
1750,0.141,0,NORMAL,19.3,4.7,4.4,6.2
1751,0.4408,0,NORMAL,19.4,4.0,4.7,3.8
1752,0.2884,0,NORMAL,19.4,4.8,4.4,5.2
1753,0.3504,0,NORMAL,19.6,5.8,5.1,7.1
1754,0.1466,0,NORMAL,19.5,4.5,6.0,5.7
1755,0.1435,0,NORMAL,19.4,4.9,5.5,4.8
1756,0.183,0,NORMAL,19.6,4.4,4.7,6.8
1757,0.2768,0,NORMAL,19.6,4.8,5.2,6.3
1758,0.4261,0,NORMAL,19.6,4.3,5.4,4.6
1759,0.352,0,NORMAL,19.6,4.5,5.2,6.7
1760,0.1813,0,NORMAL,19.6,5.3,5.3,6.8
1761,0.6362,0,WARNING,19.8,7.1,5.9,5.7
1762,0.2596,0,NORMAL,19.7,4.6,5.4,6.0
1763,0.3452,0,NORMAL,19.4,4.2,4.9,6.4
1764,0.4276,0,NORMAL,19.3,4.4,5.3,5.5
1765,0.1714,0,NORMAL,19.5,4.6,4.2,3.9
1766,0.3028,0,NORMAL,19.6,4.2,6.4,8.4
1767,0.354,0,NORMAL,19.8,4.8,5.3,6.2
1768,0.3452,0,NORMAL,19.8,6.0,5.8,6.0
1769,0.1548,0,NORMAL,19.7,4.5,5.3,6.1
1770,0.1942,0,NORMAL,19.8,5.1,5.7,6.2
1771,0.1507,0,NORMAL,19.6,5.3,6.4,6.8
1772,0.1994,0,NORMAL,19.6,4.4,5.2,5.4
1773,0.4151,0,NORMAL,19.3,4.9,5.9,7.5
1774,0.2529,0,NORMAL,19.5,4.8,6.7,7.7
1775,0.1601,0,NORMAL,19.7,4.8,5.4,5.7
1776,0.1815,0,NORMAL,19.4,4.9,5.6,6.8
1777,0.4209,0,NORMAL,19.7,4.7,5.9,6.6
1778,0.1862,0,NORMAL,19.4,4.7,5.3,4.9
1779,0.2682,0,NORMAL,19.5,5.1,6.1,6.7
1780,0.19,0,NORMAL,19.7,5.0,5.9,7.1
1781,0.2586,0,NORMAL,19.5,5.2,6.8,6.9
1782,0.4725,0,NORMAL,19.7,6.7,6.4,6.7
1783,0.5279,0,NORMAL,19.5,4.6,6.3,7.4
1784,0.1654,0,NORMAL,19.6,5.0,5.3,5.3
1785,0.4118,0,NORMAL,19.5,4.6,5.5,5.9
1786,0.1796,0,NORMAL,19.6,4.9,5.3,6.8
1787,0.5957,0,WARNING,19.5,4.6,5.3,5.6
1788,0.1755,0,NORMAL,19.5,5.1,6.3,6.7
1789,0.1541,0,NORMAL,19.3,5.1,6.2,6.9
1790,0.3606,0,NORMAL,19.6,5.0,5.5,6.0
1791,0.189,0,NORMAL,19.4,4.8,6.5,7.0
1792,0.1991,0,NORMAL,19.5,4.2,5.5,6.0
1793,0.3333,0,NORMAL,19.6,4.6,6.1,6.5
1794,0.2585,0,NORMAL,19.7,5.2,7.0,7.7
1795,0.3185,0,NORMAL,19.6,5.4,6.0,6.5
1796,0.4764,0,NORMAL,19.8,5.1,6.8,7.5
1797,0.3278,0,NORMAL,19.8,5.1,5.9,7.2
1798,0.2621,0,NORMAL,19.5,5.9,6.9,8.0
1799,0.2083,0,NORMAL,19.6,5.1,6.6,6.9
1800,0.2357,0,NORMAL,19.5,4.6,5.0,5.8
1801,0.4905,0,NORMAL,19.6,5.9,6.1,7.5
1802,0.1943,0,NORMAL,19.6,5.2,6.5,6.7
1803,0.2343,0,NORMAL,19.5,4.7,6.8,8.4
1804,0.2144,0,NORMAL,19.3,4.4,5.1,5.2
1805,0.263,0,NORMAL,19.6,5.0,5.5,6.2
1806,0.1692,0,NORMAL,19.6,5.3,5.8,6.9
1807,0.4205,0,NORMAL,19.6,5.0,6.5,6.8
1808,0.2518,0,NORMAL,19.5,4.7,5.6,5.8
1809,0.2557,0,NORMAL,19.5,4.9,5.6,6.5
1810,0.1624,0,NORMAL,19.6,5.5,6.3,7.2
1811,0.163,0,NORMAL,19.4,4.7,5.6,5.3
1812,0.2121,0,NORMAL,19.6,6.1,6.4,7.0
1813,0.406,0,NORMAL,19.7,5.8,7.0,8.0
1814,0.4001,0,NORMAL,19.6,4.4,6.4,6.3
1815,0.2124,0,NORMAL,19.7,4.9,6.3,7.5
1816,0.5267,0,NORMAL,19.5,5.3,6.9,7.7
1817,0.1662,0,NORMAL,19.6,5.4,6.5,6.5
1818,0.1696,0,NORMAL,19.5,4.9,6.1,6.9
1819,0.4013,0,NORMAL,19.5,4.9,6.9,7.7
1820,0.2262,0,NORMAL,19.6,5.3,5.6,5.5
1821,0.7274,0,WARNING,19.5,7.5,5.1,5.8
1822,0.1843,0,NORMAL,19.5,5.1,6.2,7.2
1823,0.4123,0,NORMAL,19.7,5.4,6.3,6.7
1824,0.1636,0,NORMAL,19.4,4.9,6.0,6.7
1825,0.2397,0,NORMAL,19.7,4.5,6.5,7.1
1826,0.3059,0,NORMAL,19.8,6.1,7.4,8.2
1827,0.4231,0,NORMAL,19.7,6.2,6.2,6.9
1828,0.2193,0,NORMAL,19.7,4.7,6.6,7.4
1829,0.182,0,NORMAL,19.5,4.8,6.5,7.6
1830,0.378,0,NORMAL,19.7,5.2,5.5,6.2
1831,0.2578,0,NORMAL,19.6,4.9,5.9,6.6
1832,0.4768,0,NORMAL,19.6,4.9,5.6,6.7
1833,0.3401,0,NORMAL,19.5,5.5,6.5,7.2
1834,0.2513,0,NORMAL,19.6,4.6,5.9,7.2
1835,0.3338,0,NORMAL,19.7,5.7,6.5,7.5
1836,0.2702,0,NORMAL,19.6,5.2,5.6,5.5
1837,0.276,0,NORMAL,19.7,5.2,7.7,9.1
1838,0.2282,0,NORMAL,19.4,5.2,6.1,7.2
1839,0.3181,0,NORMAL,19.6,4.5,6.3,6.3
1840,0.2117,0,NORMAL,19.4,5.3,6.3,7.7
1841,0.2387,0,NORMAL,19.8,5.8,7.3,7.7
1842,0.224,0,NORMAL,19.7,5.7,7.1,7.6
1843,0.3403,0,NORMAL,19.7,6.0,6.2,7.5
1844,0.1899,0,NORMAL,19.5,5.3,6.7,7.3
1845,0.2363,0,NORMAL,19.6,6.1,6.5,6.6
1846,0.2153,0,NORMAL,19.6,4.0,5.2,6.5
1847,0.3342,0,NORMAL,19.8,5.6,6.2,6.5
1848,0.4064,0,NORMAL,19.6,4.4,6.3,7.5
1849,0.2197,0,NORMAL,19.7,5.1,6.9,8.2
1850,0.3997,0,NORMAL,19.7,5.2,6.3,7.7
1851,0.216,0,NORMAL,19.6,4.8,6.2,6.6
1852,0.245,0,NORMAL,19.8,5.3,6.1,7.0
1853,0.2068,0,NORMAL,19.6,4.3,6.1,6.7
1854,0.2073,0,NORMAL,19.7,5.1,6.2,6.7
1855,0.1671,0,NORMAL,19.7,4.7,5.2,6.2
1856,0.1968,0,NORMAL,19.8,5.2,6.2,7.4
1857,0.4844,0,NORMAL,19.7,6.6,6.2,7.2
1858,0.218,0,NORMAL,19.8,4.3,6.7,7.8
1859,0.4638,0,NORMAL,19.7,5.1,5.8,6.5
1860,0.216,0,NORMAL,19.7,5.1,6.4,7.0
1861,0.2159,0,NORMAL,19.8,5.1,6.6,7.9
1862,0.1827,0,NORMAL,19.7,4.5,5.5,6.4
1863,0.4112,0,NORMAL,19.5,4.6,5.9,6.9
1864,0.2376,0,NORMAL,19.7,5.6,6.4,7.4
1865,0.396,0,NORMAL,19.6,4.3,5.0,5.3
1866,0.1704,0,NORMAL,19.4,4.9,6.2,7.4
1867,0.3371,0,NORMAL,19.8,5.1,6.2,6.7
1868,0.22,0,NORMAL,19.8,5.2,7.5,8.6
1869,0.2532,0,NORMAL,19.7,5.2,6.4,6.7
1870,0.8339,0,WARNING,20.0,5.3,6.6,7.4
1871,0.2373,0,NORMAL,19.6,5.1,6.5,7.2
1872,0.2946,0,NORMAL,19.9,6.3,6.7,6.9
1873,0.2327,0,NORMAL,19.5,4.8,5.5,7.1
1874,0.1943,0,NORMAL,19.7,5.3,6.4,6.5
1875,0.2786,0,NORMAL,19.7,5.1,5.8,6.5
1876,0.192,0,NORMAL,19.6,5.0,5.7,6.9
1877,0.2189,0,NORMAL,19.7,5.9,7.2,7.2
1878,0.2343,0,NORMAL,19.5,4.4,6.2,7.6
1879,0.3218,0,NORMAL,19.7,4.6,6.0,7.1
1880,0.214,0,NORMAL,19.8,4.8,6.6,7.4
1881,0.7293,0,WARNING,19.8,7.8,6.4,7.7
1882,0.2216,0,NORMAL,19.7,5.2,6.5,7.2
1883,0.4901,0,NORMAL,19.7,6.2,6.8,7.2
1884,0.1865,0,NORMAL,19.6,5.3,7.1,7.7
1885,0.3061,0,NORMAL,19.8,5.0,6.0,6.5
1886,0.301,0,NORMAL,19.9,6.1,6.8,7.0
1887,0.3731,0,NORMAL,19.8,6.1,6.3,7.7
1888,0.1716,0,NORMAL,19.7,5.1,6.3,6.8
1889,0.2123,0,NORMAL,19.6,4.5,5.9,6.6
1890,0.3318,0,NORMAL,19.7,4.7,5.8,6.9
1891,0.2541,0,NORMAL,19.5,5.0,6.5,6.9
1892,0.4049,0,NORMAL,19.7,4.9,5.3,6.3
1893,0.1929,0,NORMAL,19.6,5.2,6.3,6.9
1894,0.1975,0,NORMAL,19.7,5.2,6.3,6.8
1895,0.2426,0,NORMAL,19.7,4.7,5.3,5.7
1896,0.256,0,NORMAL,19.8,5.4,6.4,7.5
1897,0.3309,0,NORMAL,19.6,4.9,6.3,7.2
1898,0.1632,0,NORMAL,19.4,5.1,5.9,6.2
1899,0.2238,0,NORMAL,19.7,5.3,7.5,8.0
1900,0.2253,0,NORMAL,19.6,5.4,7.2,7.4
1901,0.1813,0,NORMAL,19.7,5.6,6.2,6.9
1902,0.4356,0,NORMAL,19.7,7.0,7.3,7.9
1903,0.2186,0,NORMAL,19.5,4.8,6.2,6.5
1904,0.3225,0,NORMAL,19.7,5.4,6.5,7.4
1905,0.3903,0,NORMAL,19.5,5.0,5.8,6.4
1906,0.2143,0,NORMAL,19.6,5.0,6.3,7.2
1907,0.1693,0,NORMAL,19.6,5.1,6.3,7.4
1908,0.3359,0,NORMAL,19.6,5.2,5.3,6.3
1909,0.2411,0,NORMAL,19.5,5.1,7.4,7.8
1910,0.1628,0,NORMAL,19.4,4.5,5.6,6.9
1911,0.3324,0,NORMAL,19.5,5.6,7.0,7.5
1912,0.5248,0,NORMAL,19.7,5.4,6.7,7.7
1913,0.1661,0,NORMAL,19.4,5.1,6.1,6.7
1914,0.2125,0,NORMAL,19.7,4.4,6.5,7.3
1915,0.4168,0,NORMAL,19.7,6.1,6.0,7.4
1916,0.3895,0,NORMAL,19.6,4.6,5.4,6.0
1917,0.219,0,NORMAL,19.8,6.7,8.0,8.2
1918,0.3883,0,NORMAL,19.7,5.6,6.3,7.6
1919,0.2352,0,NORMAL,19.8,5.0,6.0,6.3
1920,0.169,0,NORMAL,19.7,5.1,6.3,7.3
1921,0.8329,0,WARNING,19.9,5.8,6.8,7.4
1922,0.2369,0,NORMAL,19.7,6.0,6.7,7.2
1923,0.2285,0,NORMAL,19.8,4.9,6.5,7.7
1924,0.2226,0,NORMAL,19.8,5.2,5.9,6.7
1925,0.2124,0,NORMAL,19.8,4.5,6.4,7.0
1926,0.2157,0,NORMAL,19.5,5.1,5.8,6.7
1927,0.9719,0,WARNING,20.2,8.6,6.6,7.3
1928,0.2841,0,NORMAL,19.7,4.5,6.3,6.7
1929,0.2096,0,NORMAL,19.5,4.6,5.8,7.0
1930,0.4627,0,NORMAL,19.4,4.1,4.2,5.0
1931,0.1801,0,NORMAL,19.4,4.8,5.1,5.0
1932,0.2307,0,NORMAL,19.9,6.3,7.0,7.9
1933,0.4051,0,NORMAL,19.5,5.1,5.9,6.8
1934,0.2525,0,NORMAL,19.4,4.8,5.8,6.1
1935,0.2509,0,NORMAL,19.6,4.4,5.0,5.9
1936,0.4833,0,NORMAL,19.4,4.8,5.3,6.2
1937,0.2637,0,NORMAL,19.6,5.6,6.6,7.0
1938,0.2837,0,NORMAL,19.4,5.0,6.3,6.7
1939,0.3253,0,NORMAL,19.6,4.9,6.2,7.2
1940,0.2381,0,NORMAL,19.6,4.5,5.8,6.7
1941,0.5323,0,NORMAL,19.6,5.3,5.6,6.3
1942,0.6387,0,WARNING,19.7,7.3,5.9,6.7
1943,0.1632,0,NORMAL,19.6,4.4,5.3,6.0
1944,0.3409,0,NORMAL,19.5,5.0,5.9,6.0
1945,0.1999,0,NORMAL,19.7,5.1,6.3,7.2
1946,0.2051,0,NORMAL,19.8,5.1,6.1,6.9
1947,0.2708,0,NORMAL,19.9,5.8,6.7,7.5
1948,0.2372,0,NORMAL,19.6,5.4,6.1,7.0
1949,0.2177,0,NORMAL,19.8,5.3,7.2,8.1
1950,0.285,0,NORMAL,19.6,4.5,5.8,6.7
1951,0.321,0,NORMAL,19.6,5.1,5.8,6.2
1952,0.1696,0,NORMAL,19.7,4.7,6.1,7.3
1953,0.1706,0,NORMAL,19.4,4.9,5.9,6.9
1954,0.2488,0,NORMAL,19.4,4.4,6.6,7.0
1955,0.3331,0,NORMAL,19.7,5.9,6.3,7.4
1956,0.2835,0,NORMAL,19.8,5.5,6.6,7.5
1957,0.2717,0,NORMAL,19.9,5.4,7.7,7.4
1958,0.3785,0,NORMAL,19.8,5.8,6.6,8.0
1959,0.1957,0,NORMAL,19.8,4.6,6.5,7.2
1960,0.5215,0,NORMAL,19.6,5.4,5.7,5.8
1961,0.3457,0,NORMAL,19.7,5.2,6.5,8.0
1962,0.3264,0,NORMAL,19.7,6.5,7.5,7.7
1963,0.3573,0,NORMAL,19.7,6.6,7.2,7.3
1964,0.2344,0,NORMAL,19.7,5.0,6.3,7.7
1965,0.1486,0,NORMAL,19.6,4.7,5.1,5.0
1966,0.3367,0,NORMAL,19.6,4.8,5.2,6.0
1967,0.2616,0,NORMAL,19.7,5.2,6.5,7.1
1968,0.1432,0,NORMAL,19.4,4.9,6.0,6.2
1969,0.207,0,NORMAL,19.7,4.8,4.8,5.2
1970,0.542,0,NORMAL,19.7,4.9,5.5,6.9
1971,0.3099,0,NORMAL,19.7,5.1,6.2,6.5
1972,0.2558,0,NORMAL,19.7,5.3,6.3,6.8
1973,0.2051,0,NORMAL,19.5,4.7,6.2,6.9
1974,0.2186,0,NORMAL,19.8,5.6,7.6,8.2
1975,0.2278,0,NORMAL,19.7,5.3,5.3,5.5
1976,0.4746,0,NORMAL,19.5,5.8,6.2,7.0
1977,0.4668,0,NORMAL,19.7,5.8,6.0,6.5
1978,0.2372,0,NORMAL,19.7,5.0,6.0,6.0
1979,0.2084,0,NORMAL,19.7,5.2,6.7,7.9
1980,0.2224,0,NORMAL,19.5,4.9,6.0,6.5
1981,0.357,0,NORMAL,19.6,4.5,5.2,5.8
1982,0.2575,0,NORMAL,19.6,4.8,5.4,6.7
1983,0.4174,0,NORMAL,19.6,5.8,6.3,6.5
1984,0.5244,0,NORMAL,19.5,4.9,6.6,7.0
1985,0.2039,0,NORMAL,19.8,4.8,6.6,7.4
1986,0.2069,0,NORMAL,19.7,4.9,6.4,6.5
1987,0.2372,0,NORMAL,19.7,5.2,6.8,7.9
1988,0.2369,0,NORMAL,19.6,5.3,6.5,7.0
1989,0.178,0,NORMAL,19.7,5.7,6.2,6.3
1990,0.1958,0,NORMAL,19.5,3.7,4.5,5.1
1991,0.2607,0,NORMAL,19.5,4.9,5.1,5.4
1992,0.3545,0,NORMAL,19.8,5.2,5.4,6.0
1993,0.1863,0,NORMAL,19.7,5.2,5.3,5.4
1994,0.3505,0,NORMAL,19.4,4.5,4.9,5.5
1995,0.2788,0,NORMAL,19.7,5.6,6.4,7.1
1996,0.1633,0,NORMAL,19.6,4.4,4.8,5.2
1997,0.6942,0,WARNING,19.7,7.2,5.4,6.7
1998,0.3535,0,NORMAL,19.7,5.1,6.4,7.6
1999,0.1665,0,NORMAL,19.6,4.7,5.7,6.4
2000,0.4118,0,NORMAL,19.6,4.8,5.6,6.3
2001,0.1976,0,NORMAL,19.3,4.5,4.9,5.3
2002,0.2678,0,NORMAL,19.5,4.8,4.6,4.9
2003,0.5509,0,NORMAL,19.6,5.6,5.6,6.0
2004,0.2779,0,NORMAL,19.4,4.7,6.7,6.9
2005,0.1977,0,NORMAL,19.6,5.0,5.2,6.2
2006,0.3912,0,NORMAL,19.6,5.2,5.5,6.5
2007,0.471,0,NORMAL,19.6,6.2,5.2,5.9
2008,0.4835,0,NORMAL,19.6,4.2,4.7,5.3
2009,0.185,0,NORMAL,19.4,5.2,6.5,6.8
2010,0.1907,0,NORMAL,19.5,4.4,4.5,5.2
2011,0.2742,0,NORMAL,19.6,4.8,5.7,6.7
2012,0.3768,0,NORMAL,19.6,4.6,5.2,5.0
2013,0.3505,0,NORMAL,19.8,4.9,5.7,6.5
2014,0.3518,0,NORMAL,19.5,4.7,5.2,6.0
2015,0.3093,0,NORMAL,19.3,4.3,5.5,5.5
2016,0.1818,0,NORMAL,19.5,4.3,4.2,4.5
2017,0.172,0,NORMAL,19.5,4.4,4.9,7.1
2018,0.603,0,WARNING,19.3,4.2,4.5,6.5
2019,0.2853,0,NORMAL,19.6,4.3,4.5,7.4
2020,0.2143,0,NORMAL,19.7,5.1,4.5,5.5
2021,0.2863,0,NORMAL,19.4,4.6,4.4,6.9
2022,0.2044,0,NORMAL,19.4,5.3,5.0,7.3
2023,0.2881,0,NORMAL,19.3,4.4,4.1,5.4
2024,0.5644,0,NORMAL,18.7,4.7,4.4,7.4
2025,0.6194,0,WARNING,18.2,4.3,4.7,7.3
2026,0.3223,0,NORMAL,18.2,4.3,3.8,5.7
2027,0.483,0,NORMAL,18.4,5.4,4.6,6.6
2028,0.3597,0,NORMAL,18.2,3.8,5.4,7.3
2029,0.3316,0,NORMAL,18.4,4.6,3.7,4.9
2030,0.4102,0,NORMAL,18.1,4.3,5.1,7.8
2031,0.4737,0,NORMAL,18.2,5.1,4.4,6.9
2032,0.1713,0,NORMAL,18.4,4.1,4.6,6.8
2033,0.3342,0,NORMAL,18.1,4.2,4.7,7.5
2034,0.2524,0,NORMAL,18.3,5.2,5.1,6.0
2035,0.2444,0,NORMAL,18.1,4.3,4.4,4.6
2036,0.2553,0,NORMAL,18.3,4.8,4.9,6.2
2037,0.2498,0,NORMAL,18.3,4.8,4.6,6.8
2038,0.474,0,NORMAL,18.3,4.8,4.2,5.5
2039,0.2564,0,NORMAL,18.2,3.9,4.0,6.6
2040,0.2582,0,NORMAL,18.1,3.7,4.5,7.1
2041,0.2343,0,NORMAL,18.2,4.9,5.3,7.2
2042,0.2546,0,NORMAL,18.2,4.1,3.6,5.2
2043,0.4887,0,NORMAL,18.3,3.8,3.2,5.6
2044,0.1729,0,NORMAL,18.2,4.0,4.7,7.1
2045,0.1789,0,NORMAL,18.3,3.9,4.0,6.1
2046,0.3499,0,NORMAL,18.3,3.8,3.9,5.4
2047,0.3541,0,NORMAL,18.3,4.6,4.0,6.1
2048,0.4909,0,NORMAL,18.2,3.3,3.0,5.1
2049,0.3081,0,NORMAL,18.1,4.5,5.0,7.9
2050,0.262,0,NORMAL,18.0,3.8,3.7,5.9
2051,0.3045,0,NORMAL,18.3,4.3,3.8,6.3
2052,0.184,0,NORMAL,18.3,4.8,3.5,5.6
2053,0.1847,0,NORMAL,17.9,3.8,3.6,5.3
2054,0.2796,0,NORMAL,18.0,4.5,4.7,7.3
2055,0.2683,0,NORMAL,18.2,4.7,4.5,6.8
2056,0.0979,0,NORMAL,18.2,4.0,3.4,5.1
2057,0.6654,0,WARNING,18.4,6.8,5.1,7.1
2058,0.1639,0,NORMAL,18.4,4.4,4.1,5.9
2059,0.4191,0,NORMAL,18.1,3.1,3.2,5.6
2060,0.1846,0,NORMAL,18.1,4.0,3.4,4.7
2061,0.6034,0,WARNING,18.1,4.1,4.1,6.4
2062,0.2776,0,NORMAL,18.4,4.1,4.1,6.4
2063,0.1746,0,NORMAL,18.1,3.9,3.6,5.1
2064,0.3354,0,NORMAL,18.4,5.0,4.6,6.8
2065,0.163,0,NORMAL,18.1,4.0,3.8,5.4
2066,0.1567,0,NORMAL,18.3,4.1,3.6,5.5
2067,0.4008,0,NORMAL,18.4,5.6,4.3,6.6
2068,0.2631,0,NORMAL,18.2,3.9,3.9,6.3
2069,0.6827,0,WARNING,18.0,3.4,3.7,5.6
2070,0.1036,0,NORMAL,18.3,4.2,3.4,5.4
2071,0.497,0,NORMAL,18.2,3.3,4.0,5.9
2072,0.6028,0,WARNING,18.2,4.0,3.6,5.5
2073,0.3599,0,NORMAL,18.2,4.3,3.6,5.3
2074,0.1859,0,NORMAL,18.3,3.7,3.4,5.0
2075,0.361,0,NORMAL,18.2,3.9,2.7,3.7
2076,0.2,0,NORMAL,18.3,3.6,3.1,4.6
2077,0.2922,0,NORMAL,18.3,3.3,2.9,4.7
2078,0.2061,0,NORMAL,18.0,3.8,3.4,5.2
2079,0.4425,0,NORMAL,18.2,3.8,3.3,5.2
2080,0.3663,0,NORMAL,18.4,3.7,3.4,5.4
2081,0.2212,0,NORMAL,18.3,4.1,2.7,4.4
2082,0.3982,0,NORMAL,18.4,5.0,2.8,4.4
2083,0.3686,0,NORMAL,18.0,3.7,3.4,4.7
2084,0.199,0,NORMAL,18.2,3.8,2.6,4.6
2085,0.2887,0,NORMAL,18.1,3.6,3.7,5.8
2086,0.2867,0,NORMAL,18.0,4.2,3.4,4.2
2087,0.3694,0,NORMAL,18.2,3.3,2.9,3.9
2088,0.4437,0,NORMAL,18.3,4.5,3.7,5.8
2089,0.4384,0,NORMAL,18.3,3.1,3.5,5.2
2090,0.1968,0,NORMAL,18.0,4.1,2.8,4.4
2091,0.2904,0,NORMAL,18.1,3.4,3.1,4.3
2092,0.3732,0,NORMAL,18.3,3.7,2.5,3.9
2093,0.5078,0,NORMAL,18.0,3.5,3.0,5.1
2094,0.2971,0,NORMAL,18.2,4.2,3.3,4.9
2095,0.3722,0,NORMAL,18.3,3.0,3.3,4.9
2096,0.3657,0,NORMAL,18.3,4.1,3.1,4.4
2097,0.3714,0,NORMAL,18.4,5.0,3.3,5.2
2098,0.3637,0,NORMAL,18.4,3.7,2.8,4.5
2099,0.3702,0,NORMAL,18.1,3.4,2.6,4.1
2100,0.2094,0,NORMAL,18.3,3.8,2.6,3.5
2101,0.208,0,NORMAL,18.3,3.4,2.9,4.2
2102,0.2988,0,NORMAL,18.3,4.0,3.4,4.9
2103,0.5065,0,NORMAL,18.3,3.8,3.3,5.2
2104,0.2872,0,NORMAL,18.3,3.5,2.2,3.8
2105,0.3018,0,NORMAL,18.3,3.2,2.5,3.5
2106,0.4534,0,NORMAL,18.3,3.7,2.8,4.2
2107,0.3066,0,NORMAL,18.3,4.2,2.7,3.6
2108,0.2106,0,NORMAL,18.2,3.1,2.0,3.5
2109,0.4656,0,NORMAL,17.4,4.6,5.9,6.2
2110,0.8337,0,WARNING,16.4,5.7,10.0,8.6
2111,0.8105,0,WARNING,17.0,6.5,9.2,8.3
2112,0.8421,0,WARNING,17.6,7.6,10.5,10.1
2113,0.8836,0,WARNING,13.1,7.2,11.5,10.1
2114,0.8202,0,WARNING,9.8,7.2,9.8,8.6
2115,0.7838,0,WARNING,12.4,5.9,8.8,8.3
2116,0.8904,0,WARNING,11.9,8.4,11.8,9.4
2117,0.8901,0,WARNING,10.8,10.3,12.1,10.8
2118,0.8829,0,WARNING,12.0,6.8,10.6,8.9
2119,0.8593,0,WARNING,12.6,6.2,9.8,8.6
2120,0.8202,0,WARNING,13.2,6.0,8.8,8.2
2121,0.8682,0,WARNING,14.3,6.7,10.5,10.0
2122,0.8969,0,WARNING,15.1,7.4,11.2,10.6
2123,0.7699,0,WARNING,15.0,5.7,8.7,8.1
2124,0.8508,0,WARNING,15.0,6.3,10.3,9.1
2125,0.8903,0,WARNING,16.0,6.2,11.8,9.8
2126,0.8756,0,WARNING,17.0,7.2,11.2,9.5
2127,0.9086,0,WARNING,18.5,7.3,12.8,10.4
2128,0.8303,0,WARNING,18.1,6.9,9.8,8.0
2129,0.8084,0,WARNING,17.5,5.7,8.8,8.2
2130,0.8507,0,WARNING,17.3,6.2,9.9,9.2
2131,0.9089,0,WARNING,17.6,7.0,11.5,10.7
2132,0.8595,0,WARNING,17.8,6.0,9.6,8.3
2133,0.8596,0,WARNING,17.5,6.2,10.1,9.6
2134,0.4991,0,NORMAL,16.1,3.5,3.5,3.9
2135,0.2981,0,NORMAL,16.3,3.6,1.9,3.2
2136,0.25,0,NORMAL,16.5,4.1,2.7,4.0
2137,0.5159,0,NORMAL,16.8,3.4,2.0,3.0
2138,0.3221,0,NORMAL,17.1,3.7,2.2,4.3
2139,0.3993,0,NORMAL,17.1,3.1,2.0,2.8
2140,0.7121,0,WARNING,17.2,5.7,1.7,2.5
2141,0.2716,0,NORMAL,15.7,3.8,1.8,2.5
2142,0.4376,0,NORMAL,15.9,4.5,1.3,2.3
2143,0.4989,0,NORMAL,16.0,4.0,2.0,3.0
2144,0.2833,0,NORMAL,15.9,3.7,2.0,2.8
2145,0.2921,0,NORMAL,16.3,3.2,1.8,2.7
2146,0.2898,0,NORMAL,16.1,4.0,2.4,3.2
2147,0.4932,0,NORMAL,16.3,4.8,2.6,3.5
2148,0.2558,0,NORMAL,16.3,4.0,2.1,3.0
2149,0.2415,0,NORMAL,16.4,3.4,2.1,3.0
2150,0.4818,0,NORMAL,16.2,3.6,1.2,2.0
2151,0.3616,0,NORMAL,16.4,3.3,2.3,3.2
2152,0.5544,0,NORMAL,16.8,3.2,1.9,2.5
2153,0.2937,0,NORMAL,17.0,3.6,2.0,2.4
2154,0.5502,0,NORMAL,17.1,3.5,1.8,2.7
2155,0.429,0,NORMAL,17.2,3.9,2.0,3.0
2156,0.4833,0,NORMAL,17.0,3.4,1.8,2.5
2157,0.352,0,NORMAL,17.4,4.2,2.4,3.7
2158,0.4873,0,NORMAL,17.1,3.3,1.8,3.0
2159,0.2672,0,NORMAL,17.1,2.8,1.6,2.3
2160,0.4927,0,NORMAL,17.5,3.3,1.7,2.6
2161,0.2731,0,NORMAL,17.2,3.3,2.1,3.0
2162,0.3558,0,NORMAL,17.4,3.4,2.0,2.8
2163,0.2642,0,NORMAL,17.5,4.2,2.4,3.2
2164,0.4135,0,NORMAL,17.4,3.1,1.8,2.5
2165,0.5404,0,NORMAL,17.4,3.7,2.1,2.8
2166,0.4761,0,NORMAL,17.2,2.6,1.5,2.5
2167,0.2779,0,NORMAL,17.4,3.1,1.2,1.5
2168,0.4284,0,NORMAL,17.4,3.2,2.0,2.7
2169,0.3055,0,NORMAL,17.4,3.5,1.8,2.5
2170,0.3551,0,NORMAL,17.4,3.0,1.6,2.3
2171,0.5988,0,WARNING,17.2,3.1,1.5,2.2
2172,0.552,0,NORMAL,17.4,4.5,1.1,1.6
2173,0.4384,0,NORMAL,17.1,2.7,1.5,2.4
2174,0.312,0,NORMAL,17.4,3.0,1.8,2.5
2175,0.6016,0,WARNING,17.3,3.8,1.6,2.6
2176,0.4287,0,NORMAL,17.3,3.1,2.3,3.2
2177,0.7428,0,WARNING,17.4,6.0,1.1,1.8
2178,0.6444,0,WARNING,17.2,3.4,2.1,2.8
2179,0.4276,0,NORMAL,17.4,3.7,1.7,2.2
2180,0.2776,0,NORMAL,17.5,3.2,1.7,2.6
2181,0.6315,0,WARNING,17.4,4.1,2.0,2.8
2182,0.7774,0,WARNING,17.4,2.9,1.8,2.8
2183,0.2796,0,NORMAL,17.2,3.5,1.2,1.8
2184,0.298,0,NORMAL,17.5,3.7,1.5,2.2
2185,0.2998,0,NORMAL,17.4,4.0,2.1,3.0
2186,0.3741,0,NORMAL,17.3,3.9,1.8,2.7
2187,0.2773,0,NORMAL,17.3,2.8,1.9,3.4
2188,0.4312,0,NORMAL,17.3,4.3,2.0,3.0
2189,0.2533,0,NORMAL,17.0,3.4,2.0,3.0
2190,0.4951,0,NORMAL,17.2,3.5,2.0,3.2
2191,0.5478,0,NORMAL,17.1,3.6,1.8,2.6
2192,0.4933,0,NORMAL,17.3,3.1,1.7,2.5
2193,0.276,0,NORMAL,17.3,2.9,1.2,2.0
2194,0.3017,0,NORMAL,17.3,3.5,1.5,2.2
2195,0.6872,0,WARNING,17.3,3.2,1.5,2.5
2196,0.4961,0,NORMAL,17.3,3.0,1.6,2.7
2197,0.4321,0,NORMAL,17.3,3.5,1.6,2.3
2198,0.6855,0,WARNING,17.3,2.8,1.0,1.8
2199,0.3631,0,NORMAL,17.1,2.7,1.2,2.0
2200,0.3226,0,NORMAL,16.9,3.2,1.6,2.4
2201,0.3073,0,NORMAL,17.0,3.3,1.0,1.5
2202,0.4399,0,NORMAL,17.2,3.6,1.2,1.8
2203,0.499,0,NORMAL,17.1,4.3,1.4,2.1
2204,0.3634,0,NORMAL,17.1,2.8,0.9,1.3
2205,0.4392,0,NORMAL,17.1,2.6,1.1,1.5
2206,0.3685,0,NORMAL,17.0,3.3,1.2,1.8
2207,0.3425,0,NORMAL,17.2,3.3,1.7,2.3
2208,0.3195,0,NORMAL,17.3,3.0,1.1,1.8
2209,0.4395,0,NORMAL,17.0,3.4,1.6,2.4
2210,0.4984,0,NORMAL,16.9,2.9,1.1,1.6
2211,0.3391,0,NORMAL,16.9,3.3,1.5,2.0
2212,0.3388,0,NORMAL,16.9,2.6,1.4,1.9
2213,0.4467,0,NORMAL,17.2,3.0,1.2,1.6
2214,0.4467,0,NORMAL,17.2,3.3,0.9,1.3
2215,0.3609,0,NORMAL,17.1,3.2,0.8,1.3
2216,0.5061,0,NORMAL,17.1,3.5,1.0,1.5
2217,0.4435,0,NORMAL,17.2,4.1,1.0,1.7
2218,0.4413,0,NORMAL,17.2,3.4,1.9,2.7
2219,0.4334,0,NORMAL,16.9,2.7,0.8,1.2
2220,0.4419,0,NORMAL,17.2,3.1,0.7,1.0
2221,0.5057,0,NORMAL,16.9,2.7,0.8,1.1
2222,0.383,0,NORMAL,17.2,2.9,0.7,1.1
2223,0.4493,0,NORMAL,17.0,2.5,1.1,1.8
2224,0.4487,0,NORMAL,17.1,3.1,1.7,2.5
2225,0.4379,0,NORMAL,17.0,3.0,1.4,1.8
2226,0.4357,0,NORMAL,17.2,3.7,1.1,1.3
2227,0.6072,0,WARNING,17.2,3.3,0.7,1.1
2228,0.4326,0,NORMAL,17.0,2.8,0.9,1.2
2229,0.3552,0,NORMAL,17.0,2.4,1.3,1.6
2230,0.4431,0,NORMAL,17.2,3.5,1.2,1.8
2231,0.374,0,NORMAL,17.3,3.4,1.0,1.5
2232,0.4431,0,NORMAL,17.3,3.5,1.3,1.6
2233,0.4389,0,NORMAL,17.3,3.4,1.0,1.5
2234,0.3367,0,NORMAL,17.3,2.8,0.9,1.2
2235,0.3722,0,NORMAL,17.4,3.0,1.2,1.8
2236,0.3674,0,NORMAL,17.4,3.4,1.0,1.5
2237,0.7122,0,WARNING,17.3,5.5,1.2,1.6
2238,0.3071,0,NORMAL,17.3,3.5,1.0,1.5
2239,0.5043,0,NORMAL,17.1,2.6,1.2,1.6
2240,0.3462,0,NORMAL,17.3,3.2,1.3,1.8
2241,0.3457,0,NORMAL,17.3,3.1,1.2,1.5
2242,0.4395,0,NORMAL,17.3,3.6,0.9,1.3
2243,0.341,0,NORMAL,17.0,2.3,1.1,1.8
2244,0.3577,0,NORMAL,17.0,2.6,0.9,1.2
2245,0.3682,0,NORMAL,17.3,3.1,0.7,0.6
2246,0.3767,0,NORMAL,17.4,3.3,0.7,0.9
2247,0.379,0,NORMAL,17.2,3.2,1.1,1.8
2248,0.373,0,NORMAL,17.5,3.7,0.9,1.4
2249,0.5053,0,NORMAL,17.2,2.5,0.9,1.3
2250,0.3581,0,NORMAL,17.4,3.0,0.6,1.1
2251,0.3637,0,NORMAL,17.1,2.9,0.8,1.1
2252,0.4508,0,NORMAL,17.4,2.9,1.0,1.3
2253,0.3784,0,NORMAL,17.3,2.6,0.9,1.7
2254,0.5647,0,NORMAL,17.2,2.6,0.8,1.1
2255,0.3716,0,NORMAL,17.2,2.9,1.2,1.8
2256,0.3753,0,NORMAL,17.5,2.9,0.7,1.1
2257,0.5654,0,NORMAL,17.5,3.1,1.1,1.8
2258,0.3692,0,NORMAL,17.5,2.8,0.9,1.2
2259,0.4567,0,NORMAL,17.2,1.9,0.7,0.9
2260,0.4503,0,NORMAL,17.6,4.1,1.5,1.9
2261,0.3426,0,NORMAL,17.6,2.9,1.2,1.5
2262,0.3843,0,NORMAL,17.6,4.2,0.9,1.5
2263,0.3275,0,NORMAL,17.4,3.1,0.9,1.5
2264,0.371,0,NORMAL,17.4,2.5,0.7,0.9
2265,0.3646,0,NORMAL,17.5,2.8,0.9,1.2
2266,0.6125,0,WARNING,17.3,3.1,1.4,2.0
2267,0.3505,0,NORMAL,17.4,3.1,0.7,0.8
2268,0.3744,0,NORMAL,17.3,2.6,1.1,1.8
2269,0.6115,0,WARNING,17.5,2.6,0.7,1.1
2270,0.4473,0,NORMAL,17.5,3.2,1.0,1.5
2271,0.376,0,NORMAL,17.4,2.4,0.8,1.1
2272,0.8643,0,WARNING,17.7,3.3,0.7,0.8
2273,0.7264,0,WARNING,17.3,2.5,1.0,1.8
2274,0.5055,0,NORMAL,17.5,3.4,1.2,1.1
2275,0.4414,0,NORMAL,17.4,2.7,0.7,0.9
2276,0.3788,0,NORMAL,17.4,3.0,0.7,1.1
2277,0.4421,0,NORMAL,17.4,3.9,1.8,2.7
2278,0.4373,0,NORMAL,17.3,3.7,1.4,2.2
2279,0.3627,0,NORMAL,17.3,2.9,0.7,0.9
2280,0.3633,0,NORMAL,17.2,2.9,0.7,1.1
2281,0.3554,0,NORMAL,17.4,2.2,1.1,1.5
2282,0.3681,0,NORMAL,17.4,3.3,1.0,1.3
2283,0.441,0,NORMAL,17.2,3.1,1.0,1.5
2284,0.3636,0,NORMAL,17.0,2.2,0.7,0.9
2285,0.3846,0,NORMAL,17.2,2.8,0.8,0.9
2286,0.4214,0,NORMAL,17.4,3.9,0.8,1.0
2287,0.495,0,NORMAL,17.4,2.5,0.7,1.1
2288,0.3718,0,NORMAL,17.3,3.0,1.0,1.3
2289,0.4417,0,NORMAL,17.5,2.6,0.9,1.0
2290,0.3797,0,NORMAL,17.3,3.0,0.5,0.8
2291,0.3793,0,NORMAL,17.5,2.7,1.0,1.5
2292,0.367,0,NORMAL,17.4,3.6,0.6,0.8
2293,0.7275,0,WARNING,17.4,3.5,0.9,1.4
2294,0.3747,0,NORMAL,17.2,3.3,0.9,1.3
2295,0.3522,0,NORMAL,17.3,2.7,0.2,0.3
2296,0.6934,0,WARNING,17.2,2.5,0.1,0.1
2297,0.4041,0,NORMAL,17.3,2.7,0.1,0.0
2298,0.7323,0,WARNING,17.4,2.6,0.1,0.3
2299,0.5161,0,NORMAL,17.4,2.8,0.6,0.8
2300,0.512,0,NORMAL,17.4,3.1,1.0,1.3
2301,0.4482,0,NORMAL,17.4,3.2,0.9,1.0
2302,0.7143,0,WARNING,17.4,5.5,0.7,0.8
2303,0.445,0,NORMAL,17.2,2.5,0.7,0.9
2304,0.3745,0,NORMAL,17.3,3.0,0.6,0.8
2305,0.3793,0,NORMAL,17.2,2.6,0.9,1.0
2306,0.3875,0,NORMAL,17.3,2.7,0.8,0.9
2307,0.3853,0,NORMAL,17.6,4.2,1.1,1.8
2308,0.5587,0,NORMAL,17.5,3.5,1.2,2.3
2309,0.5019,0,NORMAL,17.3,2.6,0.9,1.1
2310,0.3503,0,NORMAL,17.3,3.1,1.1,1.5
2311,0.3537,0,NORMAL,17.4,3.2,0.9,1.5
2312,0.3496,0,NORMAL,17.4,3.1,0.9,0.9
2313,0.3679,0,NORMAL,17.4,3.2,1.1,1.5
2314,0.3578,0,NORMAL,17.3,3.4,0.8,1.0
2315,0.3595,0,NORMAL,17.1,3.0,0.6,0.8
2316,0.4409,0,NORMAL,17.3,2.7,1.0,1.3
2317,0.3682,0,NORMAL,17.1,2.4,0.9,1.5
2318,0.3715,0,NORMAL,17.1,2.9,0.8,1.1
2319,0.3725,0,NORMAL,17.1,3.4,0.7,0.9
2320,0.3629,0,NORMAL,17.1,2.7,0.6,0.8
2321,0.3798,0,NORMAL,17.3,2.5,0.8,0.9
2322,0.3891,0,NORMAL,17.1,3.9,0.9,1.0
2323,0.6153,0,WARNING,17.2,3.7,0.4,0.8
2324,0.385,0,NORMAL,17.0,2.4,0.7,0.8
2325,0.3915,0,NORMAL,17.0,2.5,0.4,0.6
2326,0.4014,0,NORMAL,17.2,2.5,0.6,0.6
2327,0.4523,0,NORMAL,17.2,2.9,0.8,0.9
2328,0.3989,0,NORMAL,17.3,2.6,0.6,1.3
2329,0.4521,0,NORMAL,17.1,2.3,0.6,0.8
2330,0.5139,0,NORMAL,17.2,3.2,0.7,1.3
2331,0.4498,0,NORMAL,17.4,2.6,0.7,0.8
2332,0.4943,0,NORMAL,17.5,4.5,0.7,1.1
2333,0.3423,0,NORMAL,17.4,2.4,0.6,0.8
2334,0.3734,0,NORMAL,17.0,2.9,0.7,0.9
2335,0.5098,0,NORMAL,17.1,2.7,0.7,0.9
2336,0.384,0,NORMAL,17.1,3.2,0.5,0.6
2337,0.445,0,NORMAL,17.4,3.1,1.0,1.7
2338,0.3768,0,NORMAL,17.2,4.0,0.9,1.4
2339,0.5611,0,NORMAL,17.2,2.5,0.8,1.3
2340,0.3581,0,NORMAL,17.5,3.3,0.8,1.1
2341,0.3788,0,NORMAL,17.5,2.9,0.8,0.9
2342,0.3731,0,NORMAL,17.4,3.1,1.0,1.2
2343,0.4458,0,NORMAL,17.4,2.6,0.8,1.1
2344,0.3787,0,NORMAL,17.1,2.2,0.7,0.6
2345,0.398,0,NORMAL,17.4,2.9,0.4,0.6
2346,0.4498,0,NORMAL,17.4,2.5,0.9,1.1
2347,0.4487,0,NORMAL,17.4,2.9,0.9,1.2
2348,0.3866,0,NORMAL,17.2,2.8,0.7,1.1
2349,0.5107,0,NORMAL,17.2,2.6,0.7,1.1
2350,0.378,0,NORMAL,17.4,3.0,0.8,1.1
2351,0.566,0,NORMAL,17.3,2.0,1.0,1.0
2352,0.3927,0,NORMAL,17.5,3.7,0.6,0.6
2353,0.5655,0,NORMAL,17.5,3.6,0.6,0.6
2354,0.8491,0,WARNING,17.4,6.4,0.6,0.8
2355,0.9987,0,ANOMALY,17.6,15.9,0.8,0.9
2356,0.3756,0,NORMAL,17.2,2.8,0.6,0.8
2357,0.73,0,WARNING,17.6,5.7,1.0,1.5
2358,0.3739,0,NORMAL,17.5,2.7,0.8,1.0
2359,0.5052,0,NORMAL,17.4,3.0,0.4,0.6
2360,0.3599,0,NORMAL,17.2,2.7,0.6,0.8
2361,0.4516,0,NORMAL,17.4,2.6,0.9,1.2
2362,0.3751,0,NORMAL,17.6,2.8,1.2,1.8
2363,0.3616,0,NORMAL,17.2,3.3,0.6,0.8
2364,0.3776,0,NORMAL,17.3,2.8,0.3,0.3
2365,0.3941,0,NORMAL,17.3,2.4,0.6,0.6
2366,0.4034,0,NORMAL,17.2,2.4,0.8,1.1
2367,0.3939,0,NORMAL,17.5,3.7,0.9,1.5
2368,0.5632,0,NORMAL,17.4,3.5,0.9,1.5
2369,0.3709,0,NORMAL,17.4,2.6,0.8,0.9
2370,0.3698,0,NORMAL,17.2,3.0,0.7,0.9
2371,0.3718,0,NORMAL,17.3,2.9,1.2,1.5
2372,0.3563,0,NORMAL,17.3,2.7,1.0,1.5
2373,0.6522,0,WARNING,17.3,3.0,1.1,1.3
2374,0.5603,0,NORMAL,17.2,2.7,0.5,0.6
2375,0.4445,0,NORMAL,17.4,3.0,0.8,1.3
2376,0.3691,0,NORMAL,17.4,3.3,0.6,0.6
2377,0.3762,0,NORMAL,17.3,2.5,0.6,0.6
2378,0.6147,0,WARNING,17.2,3.3,0.6,1.1
2379,0.6593,0,WARNING,17.1,2.1,0.9,1.3
2380,0.3908,0,NORMAL,17.3,3.0,0.8,1.1
2381,0.381,0,NORMAL,17.3,3.3,0.6,0.8
2382,0.45,0,NORMAL,17.6,3.7,0.8,1.1
2383,0.4461,0,NORMAL,17.4,2.8,0.9,1.2
2384,0.3668,0,NORMAL,17.2,2.7,0.8,0.9
2385,0.3796,0,NORMAL,17.2,2.7,0.3,0.6
2386,0.5101,0,NORMAL,17.5,2.8,0.9,1.0
2387,0.3905,0,NORMAL,17.5,3.5,0.7,0.6
2388,0.3827,0,NORMAL,17.4,3.2,1.5,2.0
2389,0.4331,0,NORMAL,17.1,3.0,0.7,0.6
2390,0.4991,0,NORMAL,17.3,3.1,0.7,0.9
2391,0.3672,0,NORMAL,17.4,3.1,0.8,1.1
2392,0.3647,0,NORMAL,17.1,2.7,0.4,0.6
2393,0.3908,0,NORMAL,17.4,3.3,0.8,1.2
2394,0.4448,0,NORMAL,17.4,2.9,0.8,1.1
2395,0.5597,0,NORMAL,17.4,3.0,0.7,1.1
2396,0.371,0,NORMAL,17.4,3.3,0.6,0.8
2397,0.5064,0,NORMAL,17.4,3.6,0.9,1.2
2398,0.4464,0,NORMAL,17.4,3.3,0.9,1.3
2399,0.5636,0,NORMAL,17.3,2.8,1.0,1.0
2400,0.4424,0,NORMAL,17.1,2.5,0.7,0.9
2401,0.4493,0,NORMAL,17.1,2.6,0.9,1.2
2402,0.3778,0,NORMAL,17.1,2.7,0.7,0.8
2403,0.4473,0,NORMAL,17.2,2.9,0.9,1.5
2404,0.3664,0,NORMAL,17.4,2.9,0.9,1.1
2405,0.557,0,NORMAL,17.4,3.0,1.0,1.5
2406,0.3599,0,NORMAL,17.4,2.9,0.8,1.1
2407,0.4374,0,NORMAL,17.4,3.4,1.4,1.9
2408,0.493,0,NORMAL,17.4,3.1,0.9,1.5
2409,0.4334,0,NORMAL,17.5,2.8,0.9,1.1
2410,0.3526,0,NORMAL,17.5,3.2,1.1,1.5
2411,0.3628,0,NORMAL,17.2,3.0,0.8,0.9
2412,0.3719,0,NORMAL,17.5,2.9,0.6,0.8
2413,0.4468,0,NORMAL,17.3,3.4,0.7,0.9
2414,0.3783,0,NORMAL,17.5,2.2,0.7,0.9
2415,0.5648,0,NORMAL,17.5,2.7,0.7,0.9
2416,0.3869,0,NORMAL,17.2,2.7,0.4,0.6
2417,0.8625,0,WARNING,17.7,3.4,1.2,1.3
2418,0.7116,0,WARNING,17.4,5.6,1.0,1.5
2419,0.3204,0,NORMAL,17.5,2.8,1.0,1.5
2420,0.437,0,NORMAL,17.3,2.3,0.8,1.4
2421,0.56,0,NORMAL,17.3,2.6,0.7,1.1
2422,0.3716,0,NORMAL,17.5,3.3,0.9,1.3
2423,0.3553,0,NORMAL,17.5,2.8,0.7,0.8
2424,0.3665,0,NORMAL,17.2,2.4,0.6,0.8
2425,0.3849,0,NORMAL,17.1,2.9,0.8,1.1
2426,0.4481,0,NORMAL,17.2,2.8,1.0,1.3
2427,0.3775,0,NORMAL,17.4,3.6,0.6,0.8
2428,0.3795,0,NORMAL,17.5,2.9,1.5,2.5
2429,0.3699,0,NORMAL,17.2,2.9,1.1,1.5
2430,0.4418,0,NORMAL,17.5,3.4,0.9,1.4
2431,0.6132,0,WARNING,17.6,4.6,1.0,1.1
2432,0.308,0,NORMAL,17.5,3.2,1.1,1.5
2433,0.348,0,NORMAL,17.4,2.8,0.8,1.4
2434,0.3526,0,NORMAL,17.5,3.1,1.1,1.5
2435,0.5536,0,NORMAL,17.3,3.8,1.6,2.0
2436,0.4303,0,NORMAL,17.3,2.9,1.3,1.8
2437,0.3626,0,NORMAL,17.4,2.5,0.6,0.8
2438,0.4386,0,NORMAL,17.4,3.0,1.0,1.5
2439,0.3501,0,NORMAL,17.6,3.1,1.2,1.8
2440,0.4375,0,NORMAL,17.5,3.1,1.4,1.7
2441,0.3403,0,NORMAL,17.3,3.6,1.4,2.0
2442,0.3587,0,NORMAL,17.6,3.9,1.0,1.3
2443,0.4371,0,NORMAL,17.6,3.0,0.7,1.1
2444,0.8598,0,WARNING,17.7,4.3,0.7,1.1
2445,0.3188,0,NORMAL,17.5,3.4,1.4,2.0
2446,0.4881,0,NORMAL,17.5,3.0,1.2,1.6
2447,0.3211,0,NORMAL,17.2,2.7,1.1,1.8
2448,0.4321,0,NORMAL,17.2,3.1,0.8,1.6
2449,0.7348,0,WARNING,17.4,5.9,1.2,1.8
2450,0.9875,0,WARNING,17.7,11.5,0.8,0.9
2451,0.9862,0,WARNING,17.7,11.3,0.8,1.3
2452,0.9845,0,WARNING,17.6,11.2,0.9,1.4
2453,0.987,0,WARNING,17.6,11.7,1.0,1.5
2454,0.9869,0,WARNING,17.6,11.9,1.2,1.5
2455,0.9889,0,WARNING,17.8,11.7,1.0,1.6
2456,0.9887,0,WARNING,17.5,12.0,1.8,2.5
2457,0.9922,0,ANOMALY,17.9,12.7,1.2,1.8
2458,0.9871,0,WARNING,17.6,11.5,1.4,2.5
2459,0.9875,0,WARNING,17.5,11.4,1.2,1.6
2460,0.9876,0,WARNING,17.7,11.7,1.1,1.8
2461,0.9879,0,WARNING,17.4,11.4,1.1,2.0
2462,0.9858,0,WARNING,17.8,11.7,1.1,1.3
2463,0.9901,0,WARNING,17.8,12.1,1.1,1.8
2464,0.9854,0,WARNING,17.7,11.0,1.0,1.5
2465,0.9905,0,ANOMALY,17.7,12.4,1.8,2.7
2466,0.9877,0,WARNING,17.5,11.7,1.7,2.5
2467,0.987,0,WARNING,17.7,11.8,1.7,2.5
2468,0.9898,0,WARNING,17.5,12.2,1.3,1.8
2469,0.989,0,WARNING,17.7,11.9,1.2,2.3
2470,0.9885,0,WARNING,17.5,11.3,1.5,2.3
2471,0.9902,0,WARNING,17.8,12.3,1.9,3.0
2472,0.994,0,ANOMALY,17.8,13.5,1.8,2.5
2473,0.9901,0,WARNING,17.7,12.4,1.6,2.7
2474,0.9882,0,WARNING,17.7,11.9,1.0,1.8
2475,0.9895,0,WARNING,17.5,11.9,1.1,2.0
2476,0.8156,0,WARNING,17.5,6.4,1.1,2.0
2477,0.3683,0,NORMAL,17.5,3.7,1.2,2.0
2478,0.7272,0,WARNING,17.5,6.2,1.5,2.5
2479,0.2782,0,NORMAL,17.5,4.0,1.6,2.3
2480,0.272,0,NORMAL,17.5,2.9,1.8,2.5
2481,0.2701,0,NORMAL,17.5,3.8,1.8,2.5
2482,0.2711,0,NORMAL,17.5,3.1,1.6,2.3
2483,0.3244,0,NORMAL,17.3,3.6,1.2,2.0
2484,0.4314,0,NORMAL,17.5,3.0,1.1,1.8
2485,0.3121,0,NORMAL,17.7,3.2,1.2,1.8
2486,0.6039,0,WARNING,17.7,3.6,2.2,3.7
2487,0.3502,0,NORMAL,17.6,4.1,1.9,2.5
2488,0.3447,0,NORMAL,17.6,4.6,2.1,3.7
2489,0.3589,0,NORMAL,17.2,3.1,1.5,2.1
2490,0.4881,0,NORMAL,17.5,3.8,1.9,3.0
2491,0.4857,0,NORMAL,17.5,4.3,2.0,2.8
2492,0.5356,0,NORMAL,17.3,2.8,1.2,1.8
2493,0.3262,0,NORMAL,17.5,3.7,1.6,2.4
2494,0.3521,0,NORMAL,17.6,4.3,2.1,3.2
2495,0.4135,0,NORMAL,17.5,3.7,1.8,2.9
2496,0.3413,0,NORMAL,17.6,2.8,1.2,2.2
2497,0.6847,0,WARNING,17.6,3.8,2.0,2.8
2498,0.2685,0,NORMAL,17.4,3.7,2.1,4.0
2499,0.5917,0,NORMAL,17.6,3.3,2.1,3.3
2500,0.2613,0,NORMAL,17.4,3.6,1.9,3.2
2501,0.2611,0,NORMAL,17.7,4.2,2.2,3.3
2502,0.5913,0,NORMAL,17.5,4.4,2.2,3.1
2503,0.3363,0,NORMAL,17.5,3.9,1.7,2.9
2504,0.3421,0,NORMAL,17.3,3.4,1.3,2.0
2505,0.2731,0,NORMAL,17.5,3.3,2.0,2.8
2506,0.4176,0,NORMAL,17.5,3.4,1.8,2.7
2507,0.4216,0,NORMAL,17.5,3.7,2.2,3.4
2508,0.3403,0,NORMAL,17.4,3.5,2.0,3.5
2509,0.2316,0,NORMAL,17.3,3.0,1.5,2.3
2510,0.3454,0,NORMAL,17.7,2.9,1.3,2.1
2511,0.2938,0,NORMAL,17.7,3.4,2.0,3.0
2512,0.3471,0,NORMAL,17.7,3.9,2.0,3.2
2513,0.4035,0,NORMAL,17.6,4.0,1.9,2.7
2514,0.4827,0,NORMAL,17.4,3.0,2.1,2.9
2515,0.415,0,NORMAL,17.7,4.5,2.2,3.3
2516,0.3304,0,NORMAL,17.6,3.9,1.8,2.6
2517,0.335,0,NORMAL,17.7,4.1,2.1,3.2
2518,0.2466,0,NORMAL,17.6,4.5,2.5,4.0
2519,0.2559,0,NORMAL,17.6,3.6,2.3,3.9
2520,0.2463,0,NORMAL,17.3,3.2,1.6,2.3
2521,0.243,0,NORMAL,17.3,3.9,2.5,3.3
2522,0.4788,0,NORMAL,17.7,3.6,2.3,3.5
2523,0.2974,0,NORMAL,17.4,3.2,2.0,3.0
2524,0.3429,0,NORMAL,17.6,3.8,2.1,3.3
2525,0.2601,0,NORMAL,17.5,3.7,2.1,3.0
2526,0.2582,0,NORMAL,17.7,3.7,1.8,3.2
2527,0.2383,0,NORMAL,17.7,2.8,2.0,3.2
2528,0.482,0,NORMAL,17.8,4.1,2.3,3.9
2529,0.412,0,NORMAL,17.5,3.5,2.1,3.5
2530,0.2581,0,NORMAL,17.5,3.6,2.3,3.4
2531,0.3429,0,NORMAL,17.6,3.0,1.4,2.3
2532,0.4044,0,NORMAL,17.6,5.1,2.6,3.9
2533,0.4107,0,NORMAL,17.5,4.1,2.1,3.0
2534,0.2665,0,NORMAL,17.7,4.1,2.5,3.7
2535,0.3363,0,NORMAL,17.8,3.5,2.1,3.0
2536,0.3341,0,NORMAL,17.7,3.0,2.0,3.2
2537,0.4125,0,NORMAL,17.7,4.0,1.8,3.0
2538,0.4788,0,NORMAL,17.6,3.9,1.9,3.0
2539,0.3537,0,NORMAL,17.7,3.6,3.3,4.9
2540,0.3953,0,NORMAL,17.7,4.3,3.0,4.6
2541,0.7273,0,WARNING,17.7,6.1,2.2,3.5
2542,0.3331,0,NORMAL,17.7,3.3,2.2,3.5
2543,0.2525,0,NORMAL,17.6,3.4,1.8,2.6
2544,0.5028,0,NORMAL,17.7,4.2,2.2,3.1
2545,0.3748,0,NORMAL,17.8,4.1,2.3,3.8
2546,0.4106,0,NORMAL,17.8,3.5,2.8,3.8
2547,0.5478,0,NORMAL,17.8,5.9,2.8,4.2
2548,0.4852,0,NORMAL,17.9,3.6,3.1,5.1
2549,0.3164,0,NORMAL,17.8,3.7,2.2,3.5
2550,0.3731,0,NORMAL,17.8,3.4,2.2,3.7
2551,0.3325,0,NORMAL,17.9,3.9,3.1,4.7
2552,0.3197,0,NORMAL,17.9,3.3,2.5,4.2
2553,0.3246,0,NORMAL,17.9,3.8,2.4,3.7
2554,0.3299,0,NORMAL,17.9,3.4,2.6,4.4
2555,0.3248,0,NORMAL,17.8,4.2,2.9,4.4
2556,0.3201,0,NORMAL,17.7,3.8,2.5,3.9
2557,0.526,0,NORMAL,17.8,3.9,2.3,3.6
2558,0.2662,0,NORMAL,17.7,3.5,2.0,3.5
2559,0.5323,0,NORMAL,17.8,4.8,3.4,5.4
2560,0.2573,0,NORMAL,17.8,4.1,2.9,4.2
2561,0.3191,0,NORMAL,17.8,4.6,2.5,3.9
2562,0.3264,0,NORMAL,17.9,3.5,2.9,4.2
2563,0.4429,0,NORMAL,17.7,3.9,2.5,3.9
2564,0.3307,0,NORMAL,17.5,4.0,2.6,4.4
2565,0.4059,0,NORMAL,17.6,3.4,2.0,3.5
2566,0.2491,0,NORMAL,17.7,3.7,2.7,4.0
2567,0.3311,0,NORMAL,17.7,4.6,3.4,4.7
2568,0.5712,0,NORMAL,17.5,4.4,3.2,4.9
2569,0.387,0,NORMAL,17.7,3.7,2.5,3.7
2570,0.1727,0,NORMAL,17.7,3.7,2.4,3.8
2571,0.4717,0,NORMAL,17.5,3.5,2.5,4.2
2572,0.2482,0,NORMAL,17.7,4.1,3.1,4.4
2573,0.2317,0,NORMAL,17.8,4.1,3.2,4.6
2574,0.3157,0,NORMAL,17.8,3.1,2.1,3.6
2575,0.242,0,NORMAL,17.9,3.8,2.7,4.2
2576,0.2435,0,NORMAL,17.9,3.9,2.4,3.5
2577,0.4038,0,NORMAL,17.9,5.1,2.5,4.0
2578,0.5086,0,NORMAL,18.0,5.0,3.5,5.2
2579,0.4628,0,NORMAL,17.7,3.5,3.3,5.2
2580,0.3113,0,NORMAL,17.8,4.5,2.9,4.7
2581,0.3886,0,NORMAL,17.8,3.4,2.8,4.2
2582,0.3132,0,NORMAL,17.8,3.9,2.4,3.9
2583,0.3421,0,NORMAL,17.7,4.1,3.0,4.2
2584,0.4197,0,NORMAL,17.9,4.8,3.0,4.3
2585,0.2968,0,NORMAL,17.7,3.8,2.2,3.5
2586,0.3904,0,NORMAL,17.5,3.4,2.6,4.0
2587,0.4663,0,NORMAL,17.7,4.2,3.1,4.7
2588,0.4644,0,NORMAL,17.7,4.1,2.7,4.2
2589,0.5181,0,NORMAL,17.7,3.8,3.3,4.7
2590,0.177,0,NORMAL,17.8,4.7,3.4,5.1
2591,0.3088,0,NORMAL,17.8,3.8,2.4,3.7
2592,0.5219,0,NORMAL,17.8,3.6,2.3,3.5
2593,0.249,0,NORMAL,17.8,4.7,3.1,4.4
2594,0.3978,0,NORMAL,17.8,3.7,2.5,3.7
2595,0.2613,0,NORMAL,17.7,4.3,2.9,4.5
2596,0.3971,0,NORMAL,17.9,3.1,2.8,4.5
2597,0.2405,0,NORMAL,18.0,4.2,2.9,4.5
2598,0.3966,0,NORMAL,18.0,3.7,3.2,5.4
2599,0.453,0,NORMAL,17.8,4.1,3.3,4.7
2600,0.1471,0,NORMAL,17.8,4.6,3.3,4.7
2601,0.6979,0,WARNING,17.7,6.4,3.5,5.5
2602,0.3047,0,NORMAL,17.9,4.6,3.7,5.5
2603,0.4894,0,NORMAL,17.8,4.7,3.1,4.9
2604,0.3825,0,NORMAL,17.6,3.1,3.1,4.7
2605,0.5202,0,NORMAL,17.9,4.0,2.7,4.0
2606,0.3533,0,NORMAL,17.6,4.6,2.8,4.0
2607,0.3931,0,NORMAL,17.8,4.3,2.4,3.9
2608,0.5166,0,NORMAL,17.9,4.6,3.3,5.3
2609,0.3909,0,NORMAL,17.9,3.4,2.8,4.5
2610,0.316,0,NORMAL,17.6,3.7,3.1,4.9
2611,0.3183,0,NORMAL,17.6,3.7,2.7,4.0
2612,0.3993,0,NORMAL,17.6,3.7,2.6,4.2
2613,0.241,0,NORMAL,17.8,4.2,2.5,4.2
2614,0.3987,0,NORMAL,17.8,3.6,2.8,4.9
2615,0.5224,0,NORMAL,17.8,4.3,2.6,4.0
2616,0.3964,0,NORMAL,17.6,3.4,3.0,4.3
2617,0.4624,0,NORMAL,17.8,3.8,3.0,4.8
2618,0.4013,0,NORMAL,17.6,4.1,3.3,4.5
2619,0.4594,0,NORMAL,17.8,3.8,2.6,4.2
2620,0.1633,0,NORMAL,17.9,4.7,3.6,4.9
2621,0.1329,0,NORMAL,17.9,4.0,3.2,5.1
2622,0.3007,0,NORMAL,17.7,4.2,2.3,3.9
2623,0.3159,0,NORMAL,17.9,4.4,2.7,4.4
2624,0.2281,0,NORMAL,17.9,4.6,3.9,5.9
2625,0.3747,0,NORMAL,17.8,4.1,3.0,4.3
2626,0.38,0,NORMAL,17.7,4.3,2.5,4.0
2627,0.2975,0,NORMAL,17.8,4.0,3.0,4.7
2628,0.2132,0,NORMAL,17.6,3.9,2.9,4.7
2629,0.5206,0,NORMAL,17.8,3.0,2.3,3.8
2630,0.2342,0,NORMAL,17.9,3.9,2.6,4.0
2631,0.2341,0,NORMAL,17.9,3.7,2.6,4.2
2632,0.2366,0,NORMAL,17.9,3.4,2.4,3.7
2633,0.5246,0,NORMAL,17.9,4.0,3.0,4.7
2634,0.226,0,NORMAL,17.7,3.6,2.4,3.9
2635,0.5947,0,WARNING,17.6,3.1,3.0,4.0
2636,0.5236,0,NORMAL,17.9,3.7,3.1,4.5
2637,0.4382,0,NORMAL,17.9,5.0,2.6,4.0
2638,0.1443,0,NORMAL,18.0,4.6,3.3,4.9
2639,0.3835,0,NORMAL,17.8,3.5,3.1,4.5
2640,0.302,0,NORMAL,18.0,4.8,4.4,6.4
2641,0.5586,0,NORMAL,18.2,3.7,3.7,5.5
2642,0.2856,0,NORMAL,18.0,4.0,2.3,3.5
2643,0.3751,0,NORMAL,18.0,5.0,3.5,4.7
2644,0.1927,0,NORMAL,18.0,3.7,3.5,5.7
2645,0.5035,0,NORMAL,17.9,4.3,3.4,4.9
2646,0.3723,0,NORMAL,17.8,3.6,3.3,5.1
2647,0.446,0,NORMAL,17.8,4.8,2.9,4.7
2648,0.1269,0,NORMAL,17.6,3.8,3.2,4.9
2649,0.2139,0,NORMAL,17.6,2.9,2.1,3.0
2650,0.3146,0,NORMAL,17.7,3.9,2.3,3.7
2651,0.3994,0,NORMAL,17.8,3.1,2.5,4.2
2652,0.3622,0,NORMAL,17.8,4.3,3.5,4.7
2653,0.4611,0,NORMAL,18.0,4.8,3.3,4.9
2654,0.1266,0,NORMAL,18.1,4.0,3.4,4.9
2655,0.3804,0,NORMAL,17.9,4.1,2.5,4.0
2656,0.3904,0,NORMAL,17.9,3.3,3.0,4.2
2657,0.2279,0,NORMAL,18.0,4.3,3.2,5.1
2658,0.3022,0,NORMAL,17.8,3.8,3.2,4.2
2659,0.3054,0,NORMAL,17.8,3.6,2.9,4.7
2660,0.1419,0,NORMAL,17.8,3.9,3.9,5.9
2661,0.7567,0,WARNING,17.9,6.3,2.2,3.9
2662,0.4609,0,NORMAL,17.9,3.7,2.3,3.9
2663,0.3939,0,NORMAL,18.0,4.1,3.0,4.5
2664,0.2232,0,NORMAL,18.0,4.1,3.3,4.9
2665,0.2142,0,NORMAL,18.0,3.5,2.1,3.8
2666,0.2293,0,NORMAL,18.0,4.2,3.4,5.2
2667,0.4562,0,NORMAL,18.0,4.7,2.5,4.0
2668,0.3602,0,NORMAL,17.8,4.4,4.2,7.1
2669,0.3774,0,NORMAL,17.9,3.6,2.9,4.9
2670,0.6985,0,WARNING,18.0,4.1,3.7,6.2
2671,0.2766,0,NORMAL,17.8,4.1,4.3,6.9
2672,0.4416,0,NORMAL,17.9,3.6,3.3,5.6
2673,0.305,0,NORMAL,18.0,4.3,4.0,6.2
2674,0.4433,0,NORMAL,18.0,4.4,4.1,6.6
2675,0.1547,0,NORMAL,17.7,4.2,3.6,5.2
2676,0.2028,0,NORMAL,17.8,3.9,3.9,6.1
2677,0.4379,0,NORMAL,18.1,4.1,4.1,6.8
2678,0.2863,0,NORMAL,17.9,3.9,3.3,5.4
2679,0.2913,0,NORMAL,17.9,4.5,3.5,5.7
2680,0.2067,0,NORMAL,17.9,3.6,3.6,5.9
2681,0.444,0,NORMAL,17.9,4.1,3.5,5.9
2682,0.295,0,NORMAL,17.7,3.8,3.7,5.6
2683,0.8425,0,WARNING,18.2,4.9,2.7,4.4
2684,0.3825,0,NORMAL,17.9,4.3,3.8,5.9
2685,0.4477,0,NORMAL,17.9,3.5,2.8,4.2
2686,0.3093,0,NORMAL,17.7,3.8,3.0,4.4
2687,0.7334,0,WARNING,17.9,3.5,2.7,4.3
2688,0.3838,0,NORMAL,18.0,3.9,3.5,5.2
2689,0.2168,0,NORMAL,17.9,4.1,4.0,6.1
2690,0.3203,0,NORMAL,18.0,4.3,2.6,3.7
2691,0.3095,0,NORMAL,17.8,3.6,3.5,5.2
2692,0.4166,0,NORMAL,18.1,3.9,2.6,4.6
2693,0.2211,0,NORMAL,17.9,3.2,3.0,4.2
2694,0.3094,0,NORMAL,18.0,4.5,3.1,4.7
2695,0.3057,0,NORMAL,18.0,3.9,3.3,5.1
2696,0.5076,0,NORMAL,17.9,4.1,3.3,5.4
2697,0.4474,0,NORMAL,18.1,4.4,3.7,5.4
2698,0.2942,0,NORMAL,18.2,4.9,3.8,5.5
2699,0.2033,0,NORMAL,18.2,4.0,3.1,4.7
2700,0.3742,0,NORMAL,18.0,3.8,3.4,4.7
2701,0.2973,0,NORMAL,17.9,4.1,4.1,6.1
2702,0.5033,0,NORMAL,18.1,3.8,3.0,4.7
2703,0.2948,0,NORMAL,17.9,4.0,3.0,4.5
2704,0.2983,0,NORMAL,18.0,4.8,3.8,5.3
2705,0.296,0,NORMAL,18.2,3.9,2.6,4.6
2706,0.2126,0,NORMAL,18.1,4.0,3.2,5.0
2707,0.3765,0,NORMAL,18.2,3.9,3.0,4.6
2708,0.6193,0,WARNING,18.1,4.6,3.7,5.6
2709,0.5614,0,NORMAL,18.1,4.2,3.5,5.5
2710,0.3705,0,NORMAL,18.2,4.4,3.4,5.3
2711,0.5617,0,NORMAL,18.2,4.3,2.6,3.9
2712,0.4528,0,NORMAL,18.1,4.1,2.9,4.9
2713,0.1506,0,NORMAL,18.0,3.8,2.5,3.9
2714,0.2221,0,NORMAL,18.2,4.2,3.5,4.7
2715,0.336,0,NORMAL,18.2,5.0,3.7,5.2
2716,0.2801,0,NORMAL,18.2,3.7,3.1,4.7
2717,0.5583,0,NORMAL,18.1,3.6,2.5,4.0
2718,0.3754,0,NORMAL,17.8,3.9,3.0,4.6
2719,0.1356,0,NORMAL,18.1,3.6,3.4,5.4
2720,0.3017,0,NORMAL,18.0,3.6,2.6,4.2
2721,0.1481,0,NORMAL,18.1,4.0,2.9,4.7
2722,0.7311,0,WARNING,18.1,6.6,3.5,5.2
2723,0.5633,0,NORMAL,18.0,3.6,3.7,5.9
2724,0.294,0,NORMAL,18.0,4.2,3.7,5.4
2725,0.194,0,NORMAL,17.9,3.7,3.3,5.2
2726,0.2902,0,NORMAL,17.9,4.4,3.4,4.9
2727,0.6547,0,WARNING,18.2,4.6,3.2,5.6
2728,0.3323,0,NORMAL,17.9,4.5,3.9,5.6
2729,0.4405,0,NORMAL,18.1,3.9,3.0,4.4
2730,0.3736,0,NORMAL,18.0,4.2,3.0,5.0
2731,0.2968,0,NORMAL,18.1,3.6,3.2,4.4
2732,0.3745,0,NORMAL,17.9,3.8,2.9,4.7
2733,0.3778,0,NORMAL,18.0,4.0,3.7,4.9
2734,0.2955,0,NORMAL,17.8,3.5,3.2,4.7
2735,0.2944,0,NORMAL,18.0,4.2,3.1,4.9
2736,0.3734,0,NORMAL,18.1,3.9,3.9,5.4
2737,0.5026,0,NORMAL,18.0,4.4,3.2,4.7
2738,0.8441,0,WARNING,18.3,4.7,3.5,5.2
2739,0.436,0,NORMAL,17.8,4.2,3.2,5.4
2740,0.4437,0,NORMAL,18.1,3.8,3.3,4.8
2741,0.29,0,NORMAL,18.2,4.2,3.0,4.9
2742,0.2624,0,NORMAL,18.2,4.3,2.9,4.2
2743,0.4503,0,NORMAL,18.3,4.4,4.1,6.3
2744,0.5597,0,NORMAL,18.1,4.3,3.3,5.2
2745,0.2902,0,NORMAL,18.1,4.1,3.3,5.4
2746,0.4373,0,NORMAL,17.8,3.3,3.1,5.1
2747,0.2952,0,NORMAL,18.0,3.7,2.9,4.9
2748,0.445,0,NORMAL,18.1,4.3,4.2,6.6
2749,0.5549,0,NORMAL,17.9,4.0,3.2,5.4
2750,0.2942,0,NORMAL,18.2,4.2,4.1,6.8
2751,0.4977,0,NORMAL,18.1,3.7,3.5,5.6
2752,0.3645,0,NORMAL,17.9,3.3,3.2,4.9
2753,0.2019,0,NORMAL,18.0,4.0,3.6,6.1
2754,0.5046,0,NORMAL,17.9,3.6,3.6,5.8
2755,0.4415,0,NORMAL,18.1,4.0,3.8,5.8
2756,0.1969,0,NORMAL,18.1,4.0,3.8,5.9
2757,0.2776,0,NORMAL,18.1,5.1,2.8,4.7
2758,0.4373,0,NORMAL,18.1,3.9,3.0,4.3
2759,0.1176,0,NORMAL,18.1,4.0,3.3,5.4
2760,0.3717,0,NORMAL,17.8,3.9,3.3,5.6
2761,0.2136,0,NORMAL,18.0,3.8,3.5,5.6
2762,0.1966,0,NORMAL,18.0,3.8,3.4,5.8
2763,0.2899,0,NORMAL,17.8,3.3,3.4,5.8
2764,0.4421,0,NORMAL,17.8,3.5,3.0,5.2
2765,0.1401,0,NORMAL,18.0,3.4,2.9,4.7
2766,0.2145,0,NORMAL,17.9,4.1,3.6,5.1
2767,0.5618,0,NORMAL,18.1,3.7,3.3,5.2
2768,0.3697,0,NORMAL,18.1,4.2,3.1,4.9
2769,0.136,0,NORMAL,17.8,3.7,2.9,4.9
2770,0.4501,0,NORMAL,18.2,3.8,3.6,5.9
2771,0.2858,0,NORMAL,18.1,4.1,3.7,5.5
2772,0.1958,0,NORMAL,18.2,4.7,3.6,5.4
2773,0.4349,0,NORMAL,18.2,4.0,2.8,4.7
2774,0.1996,0,NORMAL,18.2,3.6,3.5,5.4
2775,0.4407,0,NORMAL,18.2,4.1,3.9,6.1
2776,0.2801,0,NORMAL,17.9,3.6,4.0,6.5
2777,0.2794,0,NORMAL,18.1,3.5,3.2,4.7
2778,0.1963,0,NORMAL,17.9,4.4,3.9,5.9
2779,0.6068,0,WARNING,18.1,3.5,3.5,6.1
2780,0.287,0,NORMAL,18.1,3.5,3.3,5.2
2781,0.202,0,NORMAL,18.0,4.2,4.3,6.4
2782,0.7286,0,WARNING,18.1,6.5,3.3,5.1
2783,0.2901,0,NORMAL,17.9,4.2,3.4,5.0
2784,0.2095,0,NORMAL,18.3,3.8,4.0,6.6
2785,0.1875,0,NORMAL,18.1,4.1,3.4,5.1
2786,0.2857,0,NORMAL,18.4,4.7,3.9,5.6
2787,0.3437,0,NORMAL,18.6,4.1,3.5,5.2
2788,0.2301,0,NORMAL,18.4,5.0,4.1,6.6
2789,0.8362,0,WARNING,18.5,5.5,3.8,6.4
2790,0.3736,0,NORMAL,18.2,4.4,3.8,5.2
2791,0.2646,0,NORMAL,18.4,3.7,3.5,5.0
2792,0.4277,0,NORMAL,18.5,4.4,3.9,6.0
2793,0.2915,0,NORMAL,18.2,4.5,3.9,5.9
2794,0.4259,0,NORMAL,17.9,4.0,4.0,6.1
2795,0.271,0,NORMAL,18.1,4.3,3.9,5.7
2796,0.1553,0,NORMAL,18.0,5.1,4.6,6.2
2797,1.0,0,ANOMALY,22.5,10.0,3.4,5.4
2798,0.3998,0,NORMAL,18.0,4.3,4.1,6.8
2799,0.215,0,NORMAL,18.3,4.5,4.2,6.6
2800,0.3935,0,NORMAL,18.2,3.5,2.9,4.7
2801,0.346,0,NORMAL,18.3,4.4,4.1,6.0
2802,0.4198,0,NORMAL,18.2,4.5,3.7,5.6
2803,0.9958,0,ANOMALY,18.2,4.6,3.2,7.8
2804,0.6045,0,WARNING,18.2,4.3,4.6,6.8
2805,0.4355,0,NORMAL,18.1,4.6,3.5,5.4
2806,0.4321,0,NORMAL,17.9,3.9,3.2,5.1
2807,0.1942,0,NORMAL,18.3,5.2,4.6,6.3
2808,0.3461,0,NORMAL,18.5,4.0,3.5,5.9
2809,0.1739,0,NORMAL,18.2,3.5,3.6,6.1
2810,0.314,0,NORMAL,18.4,4.9,4.2,7.1
2811,0.2688,0,NORMAL,17.9,3.6,3.2,5.4
2812,0.2828,0,NORMAL,18.1,3.5,3.6,5.9
2813,0.3604,0,NORMAL,18.2,4.2,3.5,5.7
2814,0.4988,0,NORMAL,18.1,3.7,3.5,5.5
2815,0.1957,0,NORMAL,18.2,3.7,3.5,5.4
2816,0.2009,0,NORMAL,18.3,4.7,4.5,7.0
2817,0.426,0,NORMAL,18.3,4.7,4.0,6.3
2818,0.3179,0,NORMAL,18.1,4.5,4.1,6.6
2819,0.2749,0,NORMAL,18.4,4.5,5.7,7.4
2820,0.2206,0,NORMAL,18.3,4.4,3.4,2.8
2821,0.2676,0,NORMAL,18.3,4.2,4.6,6.5
2822,0.3422,0,NORMAL,18.3,4.7,4.9,7.6
2823,0.4833,0,NORMAL,17.9,3.2,4.2,5.7
2824,0.1887,0,NORMAL,18.3,3.9,4.2,6.6
2825,0.4214,0,NORMAL,18.2,4.2,3.8,6.0
2826,0.5963,0,WARNING,18.3,4.2,4.1,6.8
2827,0.2703,0,NORMAL,18.3,4.2,4.2,6.8
2828,0.172,0,NORMAL,18.4,4.3,4.0,6.6
2829,0.26,0,NORMAL,18.4,4.6,4.6,7.4
2830,0.1706,0,NORMAL,18.2,4.4,4.5,6.4
2831,0.3393,0,NORMAL,18.4,4.6,5.3,8.0
2832,0.4118,0,NORMAL,18.4,5.4,4.1,4.7
2833,0.4097,0,NORMAL,18.5,4.7,4.5,6.7
2834,0.2554,0,NORMAL,18.3,3.8,4.1,6.6
2835,0.3457,0,NORMAL,18.4,4.4,4.2,6.6
2836,0.2223,0,NORMAL,18.5,4.3,4.5,7.1
2837,0.2549,0,NORMAL,18.4,4.9,4.3,6.2
2838,0.2484,0,NORMAL,18.4,3.8,3.5,5.9
2839,0.3143,0,NORMAL,18.3,4.8,5.8,8.6
2840,0.171,0,NORMAL,18.6,5.2,5.8,4.2
2841,0.1716,0,NORMAL,18.4,4.5,5.3,4.1
2842,0.1717,0,NORMAL,18.4,4.3,4.1,6.6
2843,0.6574,0,WARNING,18.4,6.1,4.8,6.7
2844,0.3357,0,NORMAL,18.2,4.1,4.1,6.8
2845,0.3442,0,NORMAL,18.3,4.2,4.5,5.9
2846,0.4146,0,NORMAL,18.4,4.9,3.1,4.9
2847,0.5558,0,NORMAL,18.5,5.9,3.8,5.9
2848,0.3147,0,NORMAL,18.6,4.6,5.6,8.6
2849,0.3935,0,NORMAL,18.2,4.7,4.5,3.2
2850,0.3327,0,NORMAL,18.1,3.3,4.0,3.8
2851,0.3456,0,NORMAL,18.4,4.8,4.6,6.9
2852,0.2226,0,NORMAL,18.4,4.1,4.4,7.2
2853,0.3398,0,NORMAL,18.2,3.9,4.0,4.5
2854,0.1109,0,NORMAL,18.3,4.3,3.3,5.6
2855,0.5974,0,WARNING,18.4,4.7,4.0,6.1
2856,0.2231,0,NORMAL,18.3,4.4,4.6,7.3
2857,0.2524,0,NORMAL,18.6,4.9,4.8,6.9
2858,0.211,0,NORMAL,18.4,4.8,4.6,6.6
2859,0.2683,0,NORMAL,18.5,3.8,4.0,6.8
2860,0.1717,0,NORMAL,18.5,4.3,4.3,6.7
2861,0.4802,0,NORMAL,18.3,5.0,5.0,7.8
2862,0.3355,0,NORMAL,18.4,4.8,3.9,6.1
2863,0.1605,0,NORMAL,18.2,3.9,4.4,6.3
2864,0.2107,0,NORMAL,18.2,4.4,3.6,5.7
2865,0.2758,0,NORMAL,18.4,3.8,4.1,6.6
2866,0.1373,0,NORMAL,18.3,4.4,3.9,5.5
2867,0.3536,0,NORMAL,18.5,3.8,3.7,5.7
2868,0.5484,0,NORMAL,18.3,4.6,5.3,8.7
2869,0.2549,0,NORMAL,18.3,4.3,4.1,3.3
2870,0.4796,0,NORMAL,18.5,4.9,4.4,5.0
2871,0.2584,0,NORMAL,18.3,3.4,3.7,5.9
2872,0.2673,0,NORMAL,18.4,3.7,3.1,5.6
2873,0.5526,0,NORMAL,18.2,3.9,4.3,6.4
2874,0.2292,0,NORMAL,18.3,4.0,4.2,6.6
2875,0.2711,0,NORMAL,18.2,4.0,3.9,6.1
2876,0.353,0,NORMAL,18.2,4.5,4.0,5.9
2877,0.3536,0,NORMAL,18.4,5.3,4.3,6.4
2878,0.2531,0,NORMAL,18.3,4.0,3.7,6.6
2879,0.2639,0,NORMAL,18.4,4.2,3.8,6.9
2880,0.1719,0,NORMAL,18.3,4.3,3.6,5.5
2881,0.2231,0,NORMAL,18.4,4.6,4.8,7.4
2882,0.2584,0,NORMAL,18.3,3.4,3.1,5.0
2883,0.2745,0,NORMAL,18.4,4.6,4.9,7.6
2884,0.1318,0,NORMAL,18.3,4.2,2.9,4.2
2885,0.6844,0,WARNING,17.9,2.8,0.9,1.8
2886,0.3844,0,NORMAL,17.9,2.4,1.1,1.8
2887,0.2745,0,NORMAL,18.2,3.2,1.2,1.8
2888,0.3052,0,NORMAL,18.4,4.0,3.3,5.1
2889,0.2275,0,NORMAL,18.2,3.7,3.5,5.9
2890,0.2962,0,NORMAL,18.4,4.6,3.9,5.7
2891,0.2783,0,NORMAL,18.4,4.7,3.9,5.8
2892,0.3564,0,NORMAL,18.4,3.9,2.9,4.7
2893,0.409,0,NORMAL,18.2,4.6,4.3,6.2
2894,0.4941,0,NORMAL,18.4,4.7,3.6,5.7
2895,0.2753,0,NORMAL,18.4,4.0,3.7,5.8
2896,0.3742,0,NORMAL,18.2,4.5,3.5,5.8
2897,0.3608,0,NORMAL,18.5,4.2,3.8,5.8
2898,0.1306,0,NORMAL,18.4,4.0,4.0,6.3
2899,0.3431,0,NORMAL,18.4,4.6,3.7,6.0
2900,0.1113,0,NORMAL,18.4,3.3,3.2,4.9
2901,0.4498,0,NORMAL,18.4,4.9,3.8,5.8
2902,0.1825,0,NORMAL,18.3,3.8,3.6,5.6
2903,0.7562,0,WARNING,18.3,6.8,3.8,5.7
2904,0.2836,0,NORMAL,18.2,4.9,4.0,5.8
2905,0.3474,0,NORMAL,18.5,3.8,4.3,6.4
2906,0.1227,0,NORMAL,18.1,4.1,3.2,4.7
2907,0.3718,0,NORMAL,18.4,5.0,4.1,5.7
2908,0.1751,0,NORMAL,18.4,4.8,4.5,6.8
2909,0.3373,0,NORMAL,18.2,3.9,3.7,6.1
2910,0.2656,0,NORMAL,18.3,3.5,3.5,5.4
2911,0.492,0,NORMAL,18.3,4.0,3.4,5.2
2912,0.188,0,NORMAL,18.4,3.6,3.4,5.1
2913,0.4982,0,NORMAL,18.2,4.0,3.1,5.5
2914,0.3643,0,NORMAL,18.4,4.0,3.6,5.8
2915,0.2823,0,NORMAL,18.5,4.2,3.4,5.6
2916,0.188,0,NORMAL,18.4,4.4,4.7,6.8
2917,0.1738,0,NORMAL,18.6,4.1,3.3,5.6
2918,0.2685,0,NORMAL,18.7,4.0,4.0,6.1
2919,0.4869,0,NORMAL,18.5,3.9,3.0,4.7
2920,0.2732,0,NORMAL,18.3,3.7,2.7,4.2
2921,0.2836,0,NORMAL,18.6,4.5,3.8,5.4
2922,0.4286,0,NORMAL,18.6,5.0,3.6,5.2
2923,0.4931,0,NORMAL,18.6,4.4,3.7,6.1
2924,0.3575,0,NORMAL,18.4,3.6,2.4,4.1
2925,0.2927,0,NORMAL,18.6,3.8,3.1,4.7
2926,0.4409,0,NORMAL,18.6,3.7,3.1,4.6
2927,0.37,0,NORMAL,18.6,3.8,3.1,4.5
2928,0.1327,0,NORMAL,18.5,4.1,3.4,5.6
2929,0.4305,0,NORMAL,18.5,4.3,3.5,5.2
2930,0.2756,0,NORMAL,18.3,4.0,3.6,5.7
2931,0.6845,0,WARNING,18.6,3.9,3.6,5.9
2932,0.1095,0,NORMAL,18.4,4.1,3.6,5.2
2933,0.3513,0,NORMAL,18.1,3.5,3.1,5.1
2934,0.2784,0,NORMAL,18.4,3.9,2.7,4.0
2935,0.1327,0,NORMAL,18.5,4.5,4.0,5.7
2936,0.3515,0,NORMAL,18.3,3.4,2.8,4.5
2937,0.2984,0,NORMAL,18.4,4.7,3.3,5.1
2938,0.3588,0,NORMAL,18.4,4.1,2.9,4.5
2939,0.4953,0,NORMAL,18.3,4.3,4.6,6.8
2940,0.1687,0,NORMAL,18.4,4.3,3.7,5.2
2941,0.3497,0,NORMAL,18.2,3.7,3.3,5.2
2942,0.1796,0,NORMAL,18.4,4.3,2.9,4.2
2943,0.2773,0,NORMAL,18.4,3.5,3.4,4.7
2944,0.1311,0,NORMAL,18.2,4.5,3.6,5.8
2945,0.4247,0,NORMAL,18.3,3.8,2.3,3.9
2946,0.2156,0,NORMAL,18.2,3.4,3.1,4.7
2947,0.4392,0,NORMAL,18.4,3.8,2.9,4.7
2948,0.1942,0,NORMAL,18.2,3.9,3.4,5.0
2949,0.2005,0,NORMAL,18.4,4.0,3.2,4.7
2950,0.3657,0,NORMAL,18.3,3.5,2.3,3.6
2951,0.1751,0,NORMAL,18.4,3.9,2.7,4.2
2952,0.3709,0,NORMAL,18.5,4.9,3.6,5.1
2953,0.197,0,NORMAL,18.5,4.4,3.2,4.7
2954,0.4324,0,NORMAL,18.5,4.1,3.5,5.2
2955,0.2811,0,NORMAL,18.4,4.2,2.9,4.5
2956,0.2842,0,NORMAL,18.2,3.0,2.8,4.2
2957,0.1976,0,NORMAL,18.4,4.3,3.2,4.9
2958,0.7003,0,WARNING,18.2,6.3,3.4,4.7
2959,0.1959,0,NORMAL,18.4,3.7,3.3,5.4
2960,0.4384,0,NORMAL,18.3,4.5,3.1,4.5
2961,0.2093,0,NORMAL,18.5,3.8,3.3,4.9
2962,0.3693,0,NORMAL,18.4,3.6,2.4,3.9
2963,0.3739,0,NORMAL,18.3,3.6,2.7,4.4
2964,0.373,0,NORMAL,18.1,3.7,3.1,4.4
2965,0.204,0,NORMAL,18.3,3.7,3.3,4.7
2966,0.6897,0,WARNING,18.4,3.9,2.7,4.2
2967,0.3722,0,NORMAL,18.5,4.5,3.4,4.9
2968,0.1776,0,NORMAL,18.5,4.4,3.2,5.4
2969,0.7576,0,WARNING,18.5,7.7,4.5,6.4
2970,0.1708,0,NORMAL,18.2,3.9,3.1,4.9
2971,0.3432,0,NORMAL,18.5,3.4,3.0,4.5
2972,0.3616,0,NORMAL,18.4,4.2,3.1,4.5
2973,0.2342,0,NORMAL,18.6,3.3,3.2,4.7
2974,0.1849,0,NORMAL,18.4,4.1,3.7,6.0
2975,0.1715,0,NORMAL,18.6,4.3,3.9,5.6
2976,0.259,0,NORMAL,18.5,4.7,3.8,5.7
2977,0.1308,0,NORMAL,18.5,4.1,4.0,6.3
2978,0.334,0,NORMAL,18.2,3.7,3.2,6.1
2979,0.3495,0,NORMAL,18.3,3.4,3.4,4.9
2980,0.2702,0,NORMAL,18.6,4.2,3.2,5.1
2981,0.2776,0,NORMAL,18.6,3.8,3.3,5.1
2982,0.4337,0,NORMAL,18.6,4.3,2.7,4.4
2983,0.4109,0,NORMAL,18.4,4.9,1.9,2.9
2984,0.5565,0,NORMAL,18.3,3.2,3.3,4.7
2985,0.1936,0,NORMAL,18.5,4.3,3.6,5.6
2986,0.5501,0,NORMAL,18.2,3.2,3.0,4.5
2987,0.1942,0,NORMAL,18.4,4.3,2.9,4.5
2988,0.4347,0,NORMAL,18.4,3.3,3.0,5.0
2989,0.1896,0,NORMAL,18.5,4.0,2.8,5.2
2990,0.2821,0,NORMAL,18.2,3.8,3.3,5.1
2991,0.3601,0,NORMAL,18.5,4.5,3.4,4.9
2992,0.3573,0,NORMAL,18.5,3.9,4.0,5.7
2993,0.3308,0,NORMAL,18.4,3.8,2.9,4.7
2994,0.3581,0,NORMAL,18.5,4.0,3.6,5.4
2995,0.1822,0,NORMAL,18.6,4.0,3.6,5.3
2996,0.3546,0,NORMAL,18.3,3.9,3.9,5.7
2997,0.3522,0,NORMAL,18.5,4.5,3.3,4.9
2998,0.4205,0,NORMAL,18.3,4.0,3.0,4.4
2999,0.311,0,NORMAL,18.6,4.2,3.5,5.4
3000,0.2775,0,NORMAL,18.5,4.1,3.4,4.9
3001,0.429,0,NORMAL,18.6,3.7,3.4,5.2
3002,0.4313,0,NORMAL,18.4,3.3,2.9,4.2
3003,0.1346,0,NORMAL,18.4,4.1,3.3,6.4
3004,0.3168,0,NORMAL,18.2,4.1,3.5,4.9
3005,0.1935,0,NORMAL,18.2,3.5,2.8,4.2
3006,0.2017,0,NORMAL,18.2,3.9,3.1,4.6
3007,0.1956,0,NORMAL,18.4,4.0,3.2,4.5
3008,0.2808,0,NORMAL,18.6,3.9,3.3,6.1
3009,0.3359,0,NORMAL,18.7,5.3,3.6,5.4
3010,0.2772,0,NORMAL,18.7,4.0,2.8,4.4
3011,0.6067,0,WARNING,18.6,3.1,2.9,4.4
3012,0.5522,0,NORMAL,18.7,5.4,3.0,4.7
3013,0.3593,0,NORMAL,18.8,4.1,3.2,4.9
3014,0.4271,0,NORMAL,18.5,3.8,3.3,4.7
3015,0.5477,0,NORMAL,18.5,4.2,3.4,5.2
3016,0.2064,0,NORMAL,18.5,3.5,3.0,4.7
3017,0.2371,0,NORMAL,18.4,4.2,2.8,4.4
3018,0.6659,0,WARNING,18.4,6.3,4.1,6.2
3019,0.1863,0,NORMAL,18.1,4.0,3.8,5.4
3020,0.4315,0,NORMAL,17.6,4.7,3.5,5.2
3021,0.3692,0,NORMAL,17.5,4.2,3.3,5.0
3022,0.5603,0,NORMAL,17.7,4.2,3.9,5.9
3023,0.4974,0,NORMAL,18.0,4.1,3.0,4.7
3024,0.366,0,NORMAL,18.0,3.4,3.1,4.6
3025,0.5037,0,NORMAL,18.0,5.0,3.5,5.4
3026,0.1187,0,NORMAL,18.0,4.2,3.6,5.2
3027,0.1867,0,NORMAL,17.9,4.7,3.3,5.7
3028,0.3886,0,NORMAL,17.8,5.0,3.1,5.1
3029,0.1209,0,NORMAL,17.4,3.9,4.1,6.1
3030,0.2937,0,NORMAL,17.8,4.0,3.2,4.7
3031,0.3714,0,NORMAL,17.8,4.5,3.3,5.4
3032,0.2001,0,NORMAL,17.5,3.5,3.3,5.1
3033,0.5021,0,NORMAL,17.5,3.4,2.0,3.5
3034,0.3076,0,NORMAL,17.8,3.3,3.1,4.5
3035,0.303,0,NORMAL,18.3,4.6,4.0,6.1
3036,0.2527,0,NORMAL,18.0,3.4,2.8,4.2
3037,0.1784,0,NORMAL,18.1,4.9,3.8,5.6
3038,0.1847,0,NORMAL,17.9,3.3,3.3,6.6
3039,0.5543,0,NORMAL,18.2,4.1,2.8,4.9
3040,0.2764,0,NORMAL,18.1,4.8,3.8,5.4
3041,0.357,0,NORMAL,17.8,4.0,2.8,4.9
3042,0.366,0,NORMAL,18.1,5.5,3.8,5.2
3043,0.1859,0,NORMAL,18.3,4.0,3.3,4.9
3044,0.2796,0,NORMAL,18.3,4.0,3.6,5.4
3045,0.3554,0,NORMAL,18.4,3.7,3.3,5.6
3046,0.4242,0,NORMAL,18.4,3.9,3.0,4.4
3047,0.4963,0,NORMAL,18.5,4.3,4.0,5.9
3048,0.4185,0,NORMAL,18.4,3.6,3.8,5.8
3049,0.1308,0,NORMAL,18.3,4.1,4.0,5.9
3050,0.3368,0,NORMAL,18.1,4.3,3.1,5.7
3051,0.2034,0,NORMAL,18.2,3.6,3.3,4.7
3052,0.4261,0,NORMAL,18.4,3.8,4.2,5.9
3053,0.1486,0,NORMAL,18.3,4.4,3.9,6.2
3054,0.4207,0,NORMAL,18.3,3.6,3.2,5.1
3055,0.1833,0,NORMAL,18.4,3.9,3.3,4.9
3056,0.1796,0,NORMAL,18.6,4.3,3.7,5.5
3057,0.1807,0,NORMAL,18.6,4.3,4.1,5.9
3058,0.416,0,NORMAL,18.6,5.4,3.9,6.1
3059,0.2613,0,NORMAL,18.6,3.6,3.3,5.4
3060,0.1717,0,NORMAL,18.6,4.5,3.6,5.9
3061,0.1769,0,NORMAL,18.4,3.9,3.2,5.3
3062,0.1807,0,NORMAL,18.6,4.1,4.5,6.8
3063,0.25,0,NORMAL,18.5,4.5,3.3,4.9
3064,0.4855,0,NORMAL,18.3,3.3,3.5,5.5
3065,0.2159,0,NORMAL,18.6,4.4,4.0,6.1
3066,0.2654,0,NORMAL,18.5,3.2,4.0,6.5
3067,0.1281,0,NORMAL,18.7,4.3,4.1,6.3
3068,0.4176,0,NORMAL,18.3,4.0,3.6,7.4
3069,0.4051,0,NORMAL,18.3,3.8,3.7,5.2
3070,0.5457,0,NORMAL,18.6,4.3,3.6,5.6
3071,0.3356,0,NORMAL,18.8,4.4,4.0,6.1
3072,0.3432,0,NORMAL,18.8,5.3,4.3,5.9
3073,0.15,0,NORMAL,18.7,4.1,3.8,5.9
3074,0.3366,0,NORMAL,18.7,4.3,3.9,6.4
3075,0.3587,0,NORMAL,18.6,4.4,3.9,5.8
3076,0.252,0,NORMAL,18.6,3.8,3.6,5.2
3077,0.0832,0,NORMAL,18.5,3.6,3.8,5.6
3078,0.744,0,WARNING,18.7,7.1,3.8,5.9
3079,0.5399,0,NORMAL,18.7,4.3,4.3,6.9
3080,0.4724,0,NORMAL,18.8,5.3,4.8,7.2
3081,0.1378,0,NORMAL,18.5,3.7,4.1,5.7
3082,0.2428,0,NORMAL,18.7,4.0,3.7,5.9
3083,0.3329,0,NORMAL,18.7,4.3,4.0,5.7
3084,0.3322,0,NORMAL,18.8,4.4,4.4,6.6
3085,0.3279,0,NORMAL,18.8,4.0,4.3,6.7
3086,0.2446,0,NORMAL,18.7,4.8,5.9,6.9
3087,0.5235,0,NORMAL,18.7,5.7,4.1,4.9
3088,0.2559,0,NORMAL,18.8,4.4,5.4,5.5
3089,0.5207,0,NORMAL,18.8,4.5,5.3,7.1
3090,0.3472,0,NORMAL,18.7,4.8,4.2,4.6
3091,0.4659,0,NORMAL,18.7,4.1,4.3,4.8
3092,0.238,0,NORMAL,18.8,4.8,5.4,7.1
3093,0.308,0,NORMAL,18.7,5.1,5.5,5.3
3094,0.1975,0,NORMAL,18.8,4.3,5.9,5.5
3095,0.4008,0,NORMAL,18.9,5.3,5.0,5.5
3096,0.2212,0,NORMAL,18.5,3.9,4.0,5.9
3097,0.5804,0,NORMAL,18.6,4.0,5.1,8.2
3098,0.3195,0,NORMAL,18.7,4.5,4.8,5.8
3099,0.4585,0,NORMAL,18.8,4.1,5.1,4.5
3100,0.3491,0,NORMAL,18.6,5.2,4.4,6.2
3101,0.2697,0,NORMAL,18.7,3.9,5.3,8.0
3102,0.4715,0,NORMAL,18.8,5.5,4.0,2.9
3103,0.3213,0,NORMAL,18.7,4.7,5.6,4.5
3104,0.2719,0,NORMAL,18.8,4.5,5.4,7.6
3105,0.1265,0,NORMAL,18.9,4.7,4.9,6.6
3106,0.2369,0,NORMAL,18.7,4.8,4.1,3.6
3107,0.2227,0,NORMAL,18.6,4.1,5.3,7.5
3108,0.1288,0,NORMAL,18.7,4.6,5.3,6.6
3109,0.4591,0,NORMAL,18.6,4.8,5.3,3.8
3110,0.2175,0,NORMAL,18.5,3.8,4.4,4.8
3111,0.2572,0,NORMAL,18.5,4.2,4.2,6.4
3112,0.2345,0,NORMAL,18.9,4.5,5.4,6.2
3113,0.3915,0,NORMAL,18.8,4.0,4.0,3.4
3114,0.1729,0,NORMAL,18.8,3.5,4.1,6.8
3115,0.2566,0,NORMAL,18.6,4.7,4.7,7.1
3116,0.5257,0,NORMAL,18.8,4.5,3.8,4.1
3117,0.4013,0,NORMAL,18.9,5.2,4.8,7.8
3118,0.2342,0,NORMAL,18.9,4.9,5.4,6.6
3119,0.4535,0,NORMAL,18.7,3.9,4.8,3.4
3120,0.1448,0,NORMAL,18.9,4.7,5.4,6.9
3121,0.2216,0,NORMAL,18.6,4.1,4.7,7.3
3122,0.2192,0,NORMAL,18.6,4.5,4.7,4.1
3123,0.3153,0,NORMAL,18.6,4.4,3.9,3.2
3124,0.3196,0,NORMAL,18.9,5.0,5.3,7.3
3125,0.3865,0,NORMAL,18.6,4.5,4.5,6.4
3126,0.8646,0,WARNING,18.9,8.9,5.6,4.4
3127,0.0814,0,NORMAL,18.6,4.1,4.0,5.0
3128,0.284,0,NORMAL,18.9,4.4,4.8,9.2
3129,0.3901,0,NORMAL,18.7,4.2,5.2,5.3
3130,0.2765,0,NORMAL,19.0,5.1,5.0,3.7
3131,0.1723,0,NORMAL,19.0,4.3,4.2,6.6
3132,0.441,0,NORMAL,18.8,5.6,4.9,7.8
3133,0.2304,0,NORMAL,18.7,4.7,4.8,3.5
3134,0.1712,0,NORMAL,18.8,4.4,4.8,3.9
3135,0.5579,0,NORMAL,18.9,5.1,5.4,7.6
3136,0.1708,0,NORMAL,18.7,4.5,4.6,5.9
3137,0.3552,0,NORMAL,18.8,4.0,4.7,4.8
3138,0.715,0,WARNING,19.1,7.8,5.1,5.5
3139,0.3789,0,NORMAL,18.9,4.4,4.9,6.0
3140,0.788,0,WARNING,18.9,5.0,5.3,6.0
3141,0.21,0,NORMAL,19.0,4.8,5.9,5.1
3142,0.2527,0,NORMAL,19.0,4.4,5.2,6.4
3143,0.2463,0,NORMAL,18.8,4.9,5.4,6.4
3144,0.2115,0,NORMAL,18.8,5.0,5.5,5.3
3145,0.1091,0,NORMAL,19.0,4.5,5.5,6.2
3146,0.2431,0,NORMAL,19.1,5.0,5.8,7.4
3147,0.1892,0,NORMAL,18.9,4.8,4.7,4.6
3148,0.4477,0,NORMAL,19.0,5.6,5.4,5.6
3149,0.2931,0,NORMAL,18.7,4.3,5.1,5.5
3150,0.3772,0,NORMAL,18.9,5.0,5.7,6.5
3151,0.2946,0,NORMAL,18.6,5.0,5.7,5.7
3152,0.2058,0,NORMAL,18.8,4.7,6.0,6.5
3153,0.1541,0,NORMAL,18.5,3.8,4.0,5.2
3154,0.3071,0,NORMAL,18.7,3.9,4.4,6.6
3155,0.8428,0,WARNING,19.0,5.7,4.8,6.7
3156,0.1332,0,NORMAL,18.9,4.5,5.5,4.7
3157,0.4117,0,NORMAL,19.0,4.1,5.0,5.5
3158,0.3015,0,NORMAL,19.0,4.9,6.6,9.9
3159,0.1951,0,NORMAL,18.9,4.6,5.4,4.8
3160,0.5575,0,NORMAL,18.9,5.0,5.4,6.0
3161,0.1906,0,NORMAL,18.8,4.5,4.1,5.4
3162,0.3371,0,NORMAL,19.0,5.6,4.9,6.7
3163,0.4181,0,NORMAL,19.0,5.2,4.6,4.9
3164,0.2843,0,NORMAL,18.7,4.6,5.2,4.4
3165,0.461,0,NORMAL,18.9,4.9,5.1,6.4
3166,0.2092,0,NORMAL,19.0,4.6,4.8,6.1
3167,0.305,0,NORMAL,19.0,5.0,5.6,5.6
3168,0.3538,0,NORMAL,18.9,4.2,4.6,5.0
3169,0.2148,0,NORMAL,18.7,4.8,5.2,6.5
3170,0.5361,0,NORMAL,19.1,5.4,6.3,7.0
3171,0.5578,0,NORMAL,19.2,4.4,5.6,5.1
3172,0.1638,0,NORMAL,19.3,4.2,5.5,6.9
3173,0.2889,0,NORMAL,19.1,5.2,6.0,6.9
3174,0.1949,0,NORMAL,18.8,5.2,6.5,6.5
3175,0.2349,0,NORMAL,18.8,5.3,5.7,7.1
3176,0.3567,0,NORMAL,18.8,4.4,4.6,5.7
3177,0.6553,0,WARNING,19.0,5.3,6.3,6.3
3178,0.2249,0,NORMAL,19.1,6.0,6.1,8.4
3179,0.2688,0,NORMAL,18.7,4.1,5.5,6.9
3180,0.466,0,NORMAL,19.0,5.2,5.4,5.5
3181,0.2841,0,NORMAL,19.1,5.2,5.8,7.0
3182,0.154,0,NORMAL,18.9,4.8,5.2,6.7
3183,0.1927,0,NORMAL,19.1,4.5,6.3,6.4
3184,0.4174,0,NORMAL,19.0,5.4,5.7,6.7
3185,0.255,0,NORMAL,19.0,5.4,6.1,7.2
3186,0.2588,0,NORMAL,19.1,4.5,6.0,6.4
3187,0.2631,0,NORMAL,19.1,4.6,5.9,6.7
3188,0.1422,0,NORMAL,19.0,5.0,6.1,8.1
3189,0.1702,0,NORMAL,18.7,4.6,5.2,5.0
3190,0.4302,0,NORMAL,19.0,5.3,6.1,7.0
3191,0.426,0,NORMAL,18.9,4.4,6.0,6.9
3192,0.4048,0,NORMAL,19.1,5.9,6.0,6.2
3193,0.1207,0,NORMAL,19.0,4.4,5.6,6.5
3194,0.1701,0,NORMAL,19.1,5.6,6.4,7.5
3195,0.2635,0,NORMAL,19.0,5.1,5.8,6.2
3196,0.2786,0,NORMAL,18.9,4.6,6.1,6.8
3197,0.3514,0,NORMAL,19.0,5.0,6.5,7.1
3198,0.7878,0,WARNING,19.2,8.1,6.2,6.7
3199,0.4534,0,NORMAL,18.9,3.9,6.0,7.0
3200,0.2781,0,NORMAL,19.0,4.3,5.9,6.6
3201,0.2318,0,NORMAL,19.2,5.3,5.8,6.3
3202,0.183,0,NORMAL,19.1,4.5,6.4,7.3
3203,0.3216,0,NORMAL,18.8,4.9,6.3,6.9
3204,0.1769,0,NORMAL,19.1,4.6,6.0,6.7
3205,0.1755,0,NORMAL,19.0,4.5,5.2,5.9
3206,0.2206,0,NORMAL,19.0,5.0,7.1,8.4
3207,0.1688,0,NORMAL,19.2,4.7,6.0,6.7
3208,0.2578,0,NORMAL,19.1,5.8,5.7,6.1
3209,0.1806,0,NORMAL,19.1,4.9,6.2,7.7
3210,0.1827,0,NORMAL,19.0,4.5,5.4,6.0
3211,0.3566,0,NORMAL,19.2,5.4,6.6,7.7
3212,0.2669,0,NORMAL,19.1,5.4,6.3,7.2
3213,0.1685,0,NORMAL,19.0,4.1,5.4,6.2
3214,0.174,0,NORMAL,19.2,5.5,6.0,6.3
3215,0.3335,0,NORMAL,19.2,5.7,6.1,7.1
3216,0.2534,0,NORMAL,19.0,5.2,6.6,7.6
3217,0.1882,0,NORMAL,19.1,4.3,5.8,6.4
3218,0.4169,0,NORMAL,19.2,5.3,6.2,8.9
3219,0.1861,0,NORMAL,19.0,5.0,5.7,6.5
3220,0.4892,0,NORMAL,19.0,4.1,5.4,5.8
3221,0.2744,0,NORMAL,19.2,6.0,6.4,7.5
3222,0.1761,0,NORMAL,19.2,4.2,5.3,6.9
3223,0.3556,0,NORMAL,19.2,5.6,6.2,6.9
3224,0.2052,0,NORMAL,19.2,5.5,7.0,8.0
3225,0.214,0,NORMAL,19.1,5.7,6.2,7.2
3226,0.2245,0,NORMAL,19.0,5.1,7.4,8.0
3227,0.202,0,NORMAL,19.0,4.5,6.7,7.9
3228,0.2413,0,NORMAL,19.1,5.7,5.9,6.6
3229,0.331,0,NORMAL,19.2,4.7,6.3,7.0
3230,0.4819,0,NORMAL,19.2,7.0,6.8,7.7
3231,0.1927,0,NORMAL,19.2,4.9,6.5,7.2
3232,0.2171,0,NORMAL,19.3,5.1,7.5,8.0
3233,0.4164,0,NORMAL,19.2,6.2,5.8,6.5
3234,0.1646,0,NORMAL,19.0,4.1,6.0,6.7
3235,0.1154,0,NORMAL,19.2,4.8,5.9,6.6
3236,0.2973,0,NORMAL,19.3,5.3,6.5,7.6
3237,0.5189,0,NORMAL,19.1,6.1,6.3,7.0
3238,0.3787,0,NORMAL,19.2,4.9,6.2,6.8
3239,0.2196,0,NORMAL,19.3,5.4,6.7,8.1
3240,0.4508,0,NORMAL,19.3,5.9,6.8,7.4
3241,0.1674,0,NORMAL,19.3,5.0,7.1,7.5
3242,0.2044,0,NORMAL,19.2,5.3,6.2,7.6
3243,0.3533,0,NORMAL,19.4,4.8,6.7,7.1
3244,0.1685,0,NORMAL,19.3,4.8,5.8,7.4
3245,0.3804,0,NORMAL,19.4,5.5,6.6,7.7
3246,0.3299,0,NORMAL,19.1,5.4,7.6,8.2
3247,0.2389,0,NORMAL,19.3,5.1,7.0,7.9
3248,0.3255,0,NORMAL,19.3,4.7,6.7,8.4
3249,0.2367,0,NORMAL,19.3,6.0,7.3,8.4
3250,0.3106,0,NORMAL,19.2,5.2,6.8,7.7
3251,0.1882,0,NORMAL,19.3,4.9,6.6,7.5
3252,0.1791,0,NORMAL,19.3,5.6,5.9,7.0
3253,0.1677,0,NORMAL,19.4,5.2,6.6,7.4
3254,0.3268,0,NORMAL,19.1,4.6,6.2,7.9
3255,0.1686,0,NORMAL,19.3,5.4,7.0,7.9
3256,0.8298,0,WARNING,19.5,5.3,6.9,7.8
3257,0.4656,0,NORMAL,19.1,4.7,6.2,7.4
3258,0.238,0,NORMAL,19.2,5.3,7.0,7.7
3259,0.2368,0,NORMAL,19.3,5.7,6.3,7.0
3260,0.2888,0,NORMAL,19.3,5.3,7.2,8.0
3261,0.7803,0,WARNING,19.2,8.1,7.1,8.0
3262,0.3294,0,NORMAL,19.5,5.8,7.9,8.7
3263,0.2098,0,NORMAL,19.4,5.6,7.1,7.2
3264,0.3158,0,NORMAL,19.3,5.4,6.9,8.1
3265,0.8282,0,WARNING,19.6,5.0,6.3,7.4
3266,0.3063,0,NORMAL,19.5,5.3,6.0,6.9
3267,0.3615,0,NORMAL,19.5,6.3,7.1,8.2
3268,0.5263,0,NORMAL,19.6,5.9,7.5,8.2
3269,0.218,0,NORMAL,19.5,5.2,7.0,8.2
3270,0.3945,0,NORMAL,19.4,5.3,6.8,7.0
3271,0.2184,0,NORMAL,19.2,4.4,6.8,8.1
3272,0.2171,0,NORMAL,19.5,5.8,7.5,7.2
3273,0.3104,0,NORMAL,19.4,4.9,6.4,7.7
3274,0.3453,0,NORMAL,19.4,4.8,4.9,5.4
3275,0.1699,0,NORMAL,19.4,4.9,7.1,8.0
3276,0.2527,0,NORMAL,19.3,4.7,6.5,7.9
3277,0.2522,0,NORMAL,19.6,5.9,7.5,7.9
3278,0.1747,0,NORMAL,19.6,5.7,6.5,8.2
3279,0.2188,0,NORMAL,19.5,5.4,7.0,8.2
3280,0.233,0,NORMAL,19.6,6.1,7.6,7.9
3281,0.2226,0,NORMAL,19.6,4.8,7.8,8.7
3282,0.4824,0,NORMAL,19.5,6.6,7.2,7.8
3283,0.2363,0,NORMAL,19.2,5.6,7.9,8.5
3284,0.3041,0,NORMAL,19.4,5.3,7.0,8.1
3285,0.4198,0,NORMAL,19.4,5.5,6.3,7.0
3286,0.2185,0,NORMAL,19.2,4.6,7.0,8.2
3287,0.1723,0,NORMAL,19.4,5.1,6.6,7.4
3288,0.3948,0,NORMAL,19.3,5.3,6.7,7.3
3289,0.1938,0,NORMAL,19.2,4.9,6.8,7.6
3290,0.3974,0,NORMAL,19.2,5.5,7.1,8.0
3291,0.2165,0,NORMAL,19.5,4.9,7.1,7.8
3292,0.2302,0,NORMAL,19.6,5.5,6.7,7.8
3293,0.2199,0,NORMAL,19.5,5.7,7.1,7.5
3294,0.4612,0,NORMAL,19.5,5.9,8.4,9.7
3295,0.2131,0,NORMAL,19.6,4.3,6.4,7.4
3296,0.2205,0,NORMAL,19.5,4.7,6.7,9.3
3297,0.4906,0,NORMAL,19.6,7.4,6.5,7.4
3298,0.3036,0,NORMAL,19.6,5.9,8.1,9.0
3299,0.2175,0,NORMAL,19.6,5.5,7.4,8.4
3300,0.4299,0,NORMAL,19.3,5.1,7.1,7.6
3301,0.2652,0,NORMAL,19.6,5.7,7.4,8.9
3302,0.2054,0,NORMAL,19.2,4.4,6.8,7.8
3303,0.2293,0,NORMAL,19.3,4.9,6.5,7.2
3304,0.2635,0,NORMAL,19.4,6.3,8.1,8.5
3305,0.2399,0,NORMAL,19.3,4.2,6.3,6.9
3306,0.2243,0,NORMAL,19.4,4.8,5.9,6.7
3307,0.4081,0,NORMAL,19.5,6.0,8.3,9.2
3308,0.2357,0,NORMAL,19.5,5.1,6.7,8.9
3309,0.2188,0,NORMAL,19.2,4.7,6.2,7.2
3310,0.3988,0,NORMAL,19.6,5.7,7.3,8.0
3311,0.1869,0,NORMAL,19.3,3.9,5.0,6.1
3312,0.4269,0,NORMAL,19.5,6.7,7.2,8.2
3313,0.1673,0,NORMAL,19.5,5.5,6.9,7.5
3314,0.2338,0,NORMAL,19.3,5.5,7.2,8.0
3315,0.2164,0,NORMAL,19.6,5.6,7.4,7.7
3316,0.183,0,NORMAL,19.6,5.3,7.0,7.9
3317,0.2295,0,NORMAL,19.4,4.6,6.5,7.4
3318,0.2193,0,NORMAL,19.6,5.2,6.8,7.9
3319,0.2184,0,NORMAL,19.3,4.7,7.0,8.4
3320,0.83,0,WARNING,19.8,5.7,7.1,7.7
3321,0.4685,0,NORMAL,19.6,5.3,6.6,7.9
3322,0.7418,0,WARNING,19.6,7.7,6.6,7.6
3323,0.2228,0,NORMAL,19.6,5.9,7.3,8.4
3324,0.5715,0,NORMAL,19.7,5.9,8.2,9.3
3325,0.3103,0,NORMAL,19.3,4.8,6.7,8.1
3326,0.3972,0,NORMAL,19.5,5.9,7.8,8.0
3327,0.4923,0,NORMAL,19.6,6.3,7.4,7.8
3328,0.3404,0,NORMAL,19.6,5.6,6.9,9.6
3329,0.2569,0,NORMAL,19.6,5.8,7.5,8.2
3330,0.4375,0,NORMAL,19.4,5.9,6.7,7.4
3331,0.2094,0,NORMAL,19.6,4.3,6.0,7.0
3332,0.2173,0,NORMAL,19.7,5.0,7.1,8.1
3333,0.2368,0,NORMAL,19.7,5.9,7.0,8.1
3334,0.1997,0,NORMAL,19.4,4.8,7.2,7.5
3335,0.3113,0,NORMAL,19.7,5.5,7.2,8.4
3336,0.2311,0,NORMAL,19.7,5.4,6.9,7.6
3337,0.2181,0,NORMAL,19.8,5.8,7.5,8.4
3338,0.245,0,NORMAL,19.8,5.0,6.8,9.5
3339,0.4528,0,NORMAL,19.9,5.7,7.7,8.1
3340,0.4503,0,NORMAL,19.6,5.3,6.4,7.4
3341,0.2393,0,NORMAL,19.7,5.5,7.0,7.8
3342,0.4361,0,NORMAL,19.6,6.8,6.9,7.7
3343,0.1818,0,NORMAL,19.4,4.8,6.5,7.6
3344,0.2485,0,NORMAL,19.5,5.4,7.5,7.7
3345,0.2387,0,NORMAL,19.6,5.3,6.5,7.2
3346,0.8293,0,WARNING,19.8,5.7,6.8,8.6
3347,0.2802,0,NORMAL,19.7,5.8,7.8,8.2
3348,0.248,0,NORMAL,19.6,5.5,7.4,8.4
3349,0.2914,0,NORMAL,19.7,5.2,7.9,8.9
3350,0.2959,0,NORMAL,19.7,5.0,6.3,7.3
3351,0.2203,0,NORMAL,19.7,5.1,6.9,8.2
3352,0.2656,0,NORMAL,19.5,5.6,7.9,9.1
3353,0.3574,0,NORMAL,19.5,4.7,6.8,7.7
3354,0.362,0,NORMAL,19.7,6.2,7.2,8.7
3355,0.5702,0,NORMAL,19.8,5.4,7.4,8.2
3356,0.2651,0,NORMAL,19.9,5.7,8.1,9.4
3357,0.5024,0,NORMAL,19.8,5.6,6.7,7.5
3358,0.2976,0,NORMAL,19.8,6.2,6.9,8.7
3359,0.2245,0,NORMAL,19.7,5.0,7.6,9.4
3360,0.2608,0,NORMAL,19.9,5.2,7.1,7.9
3361,0.4163,0,NORMAL,19.9,6.8,9.0,10.5
3362,0.3429,0,NORMAL,19.8,6.0,7.4,8.4
3363,0.2778,0,NORMAL,19.5,4.4,7.1,8.3
3364,0.2151,0,NORMAL,19.7,5.3,6.8,7.3
3365,0.3758,0,NORMAL,19.9,5.6,7.7,9.4
3366,0.2603,0,NORMAL,19.6,5.5,7.1,7.9
3367,0.2549,0,NORMAL,19.7,5.2,7.4,9.2
3368,0.4426,0,NORMAL,19.7,5.9,7.8,9.9
3369,0.2659,0,NORMAL,19.6,4.5,6.1,7.2
3370,0.4819,0,NORMAL,19.9,7.0,7.2,8.1
3371,0.206,0,NORMAL,19.8,5.3,6.5,7.7
3372,0.2873,0,NORMAL,19.8,6.1,7.5,8.1
3373,0.2626,0,NORMAL,19.8,6.2,7.6,7.9
3374,0.2178,0,NORMAL,19.5,5.6,7.5,8.6
3375,0.8247,0,WARNING,19.9,5.4,6.3,6.5
3376,0.266,0,NORMAL,19.8,5.5,7.7,9.1
3377,0.2622,0,NORMAL,19.7,5.6,7.9,8.6
3378,0.2617,0,NORMAL,19.7,5.3,7.4,8.5
3379,0.2601,0,NORMAL,19.7,5.4,7.4,7.9
3380,0.4619,0,NORMAL,19.6,6.0,6.9,7.7
3381,0.2629,0,NORMAL,19.8,5.5,7.8,8.4
3382,0.2516,0,NORMAL,19.7,5.1,5.9,7.5
3383,0.6956,0,WARNING,19.8,7.4,6.4,7.8
3384,0.2636,0,NORMAL,19.9,5.8,8.0,8.4
3385,0.2972,0,NORMAL,19.9,5.7,7.8,9.2
3386,0.2284,0,NORMAL,19.6,5.1,6.6,7.4
3387,0.5004,0,NORMAL,19.6,6.0,7.1,6.8
3388,0.3127,0,NORMAL,19.8,5.2,7.2,8.6
3389,0.3023,0,NORMAL,19.7,5.1,6.5,7.0
3390,0.4571,0,NORMAL,19.5,6.1,7.7,8.3
3391,0.2178,0,NORMAL,19.7,5.0,6.9,7.5
3392,0.2412,0,NORMAL,19.6,5.2,6.9,7.9
3393,0.2164,0,NORMAL,19.8,5.3,7.2,8.1
3394,0.1868,0,NORMAL,19.6,5.3,6.8,7.2
3395,0.3037,0,NORMAL,19.8,5.1,6.1,7.3
3396,0.4699,0,NORMAL,19.8,5.3,5.9,6.8
3397,0.3276,0,NORMAL,19.6,4.9,6.1,7.4
3398,0.267,0,NORMAL,19.7,5.0,7.0,9.9
3399,0.2243,0,NORMAL,19.6,4.5,6.4,7.0
3400,0.2333,0,NORMAL,19.9,6.1,7.4,8.4
3401,0.3055,0,NORMAL,19.8,5.0,6.1,6.9
3402,0.4094,0,NORMAL,20.0,6.0,5.9,7.4
3403,0.2393,0,NORMAL,19.7,4.8,7.0,7.6
3404,0.2664,0,NORMAL,19.8,5.4,7.6,8.6
3405,0.5108,0,NORMAL,19.7,4.9,6.4,7.7
3406,0.829,0,WARNING,20.1,5.8,7.5,8.1
3407,0.262,0,NORMAL,19.7,5.1,7.1,8.3
3408,0.2672,0,NORMAL,19.8,6.4,7.9,8.9
3409,0.2834,0,NORMAL,19.8,4.8,7.3,8.1
3410,0.2629,0,NORMAL,19.5,4.9,7.1,8.1
3411,0.2548,0,NORMAL,19.7,6.0,6.5,6.9
3412,0.2628,0,NORMAL,19.7,5.2,7.7,8.6
3413,0.375,0,NORMAL,19.7,5.5,6.7,7.7
3414,0.2438,0,NORMAL,19.8,5.2,6.7,7.5
3415,0.171,0,NORMAL,19.6,4.3,5.6,6.7
3416,0.3941,0,NORMAL,19.9,6.1,7.4,7.9
3417,0.2323,0,NORMAL,19.9,5.9,7.0,7.7
3418,0.3254,0,NORMAL,19.6,5.2,5.7,6.6
3419,0.2352,0,NORMAL,19.8,5.0,6.0,6.7
3420,0.1489,0,NORMAL,19.8,5.2,6.3,7.0
3421,0.229,0,NORMAL,19.7,5.0,6.1,7.8
3422,0.4661,0,NORMAL,19.7,5.0,6.7,7.2
3423,0.2389,0,NORMAL,19.6,5.3,7.3,8.3
3424,0.2959,0,NORMAL,19.6,5.3,7.1,7.6
3425,0.39,0,NORMAL,19.7,4.8,5.2,6.0
3426,0.4045,0,NORMAL,19.7,4.5,5.9,7.5
3427,0.4758,0,NORMAL,19.6,4.9,7.1,8.4
3428,0.2218,0,NORMAL,19.8,5.2,7.0,9.1
3429,0.2357,0,NORMAL,19.6,5.2,5.7,6.8
3430,0.4671,0,NORMAL,19.6,4.9,5.8,6.2
3431,0.412,0,NORMAL,19.6,5.2,5.9,6.7
3432,0.3358,0,NORMAL,19.7,5.4,5.7,6.7
3433,0.2492,0,NORMAL,19.8,5.9,7.0,7.5
3434,0.1546,0,NORMAL,19.5,4.1,6.2,8.0
3435,0.3245,0,NORMAL,19.7,5.9,6.8,8.1
3436,0.2372,0,NORMAL,19.7,5.6,6.6,6.9
3437,0.309,0,NORMAL,19.9,5.1,7.5,8.2
3438,0.1586,0,NORMAL,19.8,4.9,6.1,7.1
3439,0.7576,0,WARNING,19.6,7.7,5.5,6.2
3440,0.2104,0,NORMAL,19.7,5.7,7.1,7.7
3441,0.3104,0,NORMAL,19.7,5.5,7.6,8.2
3442,0.1686,0,NORMAL,19.7,4.7,5.5,6.1
3443,0.2256,0,NORMAL,19.7,4.6,5.6,6.5
3444,0.1962,0,NORMAL,19.8,5.8,7.0,7.2
3445,0.8332,0,WARNING,20.1,6.6,6.1,6.7
3446,0.2587,0,NORMAL,19.5,4.1,5.7,6.8
3447,0.2679,0,NORMAL,19.7,5.7,6.4,7.0
3448,0.3081,0,NORMAL,19.6,5.6,5.5,6.2
3449,0.1548,0,NORMAL,19.7,4.9,6.1,6.7
3450,0.2334,0,NORMAL,19.7,6.1,7.0,7.5
3451,0.2322,0,NORMAL,19.7,4.5,5.8,6.7
3452,0.1666,0,NORMAL,19.6,4.5,5.3,5.9
3453,0.1973,0,NORMAL,19.7,5.1,6.5,7.4
3454,0.2464,0,NORMAL,19.6,4.4,5.8,6.5
3455,0.5345,0,NORMAL,19.6,5.1,5.3,6.0
3456,0.2739,0,NORMAL,19.4,4.8,5.6,6.0
3457,0.4182,0,NORMAL,19.6,5.0,6.6,7.5
3458,0.2022,0,NORMAL,19.9,5.9,6.7,7.5
3459,0.2388,0,NORMAL,19.9,5.2,6.2,6.7
3460,0.1466,0,NORMAL,19.7,4.5,5.7,6.4
3461,0.4303,0,NORMAL,19.5,5.1,5.5,6.3
3462,0.3872,0,NORMAL,19.5,5.6,5.2,6.2
3463,0.3709,0,NORMAL,19.6,5.0,6.3,7.0
3464,0.1829,0,NORMAL,19.3,4.5,5.3,5.5
3465,0.1868,0,NORMAL,19.6,4.8,5.2,6.4
3466,0.1322,0,NORMAL,19.5,4.1,5.4,6.2
3467,0.1838,0,NORMAL,19.5,4.8,5.1,5.5
3468,0.8401,0,WARNING,19.7,5.2,6.2,6.5
3469,0.1982,0,NORMAL,19.5,4.2,4.8,5.7
3470,0.1781,0,NORMAL,19.3,4.5,4.8,5.7
3471,0.1462,0,NORMAL,19.4,4.5,5.1,5.4
3472,0.4362,0,NORMAL,19.6,4.6,6.7,7.2
3473,0.1942,0,NORMAL,19.5,5.2,5.7,6.6
3474,0.5411,0,NORMAL,19.3,4.7,5.5,5.6
3475,0.2432,0,NORMAL,19.6,4.5,5.5,5.9
3476,0.2521,0,NORMAL,19.4,4.3,5.3,5.5
3477,0.4277,0,NORMAL,19.6,5.4,5.6,6.6
3478,0.2157,0,NORMAL,19.6,5.1,5.1,7.4
3479,0.2728,0,NORMAL,19.5,4.8,5.4,5.5
3480,0.1867,0,NORMAL,19.3,4.7,5.1,5.4
3481,0.1798,0,NORMAL,19.4,4.6,4.8,5.5
3482,0.383,0,NORMAL,19.5,4.9,4.6,5.9
3483,0.3533,0,NORMAL,19.7,4.5,5.1,7.8
3484,0.2121,0,NORMAL,19.7,4.8,5.1,5.0
3485,0.43,0,NORMAL,19.6,4.6,4.5,3.4
3486,0.4591,0,NORMAL,19.3,4.6,4.1,5.4
3487,0.2228,0,NORMAL,19.3,4.3,4.8,7.6
3488,0.2219,0,NORMAL,19.4,4.5,4.5,8.4
3489,0.2894,0,NORMAL,19.4,4.5,4.3,3.4
3490,0.1623,0,NORMAL,19.3,3.6,4.2,6.4
3491,0.5116,0,NORMAL,19.3,4.6,5.0,7.1
3492,0.8387,0,WARNING,19.7,6.4,6.7,6.9
3493,0.2495,0,NORMAL,19.3,4.1,3.9,6.3
3494,0.2689,0,NORMAL,19.6,4.7,5.2,7.9
3495,0.1439,0,NORMAL,19.5,4.2,4.4,6.5
3496,0.2316,0,NORMAL,19.6,4.9,4.1,6.1
3497,0.2221,0,NORMAL,19.3,4.0,4.2,7.1
3498,0.5097,0,NORMAL,19.3,4.1,4.4,6.9
3499,0.7296,0,WARNING,19.4,6.7,3.9,6.4
3500,0.3847,0,NORMAL,19.6,4.0,3.9,5.9
3501,0.3568,0,NORMAL,19.7,4.8,4.4,6.8
3502,0.6133,0,WARNING,19.5,4.8,4.3,6.7
3503,0.1891,0,NORMAL,19.5,4.3,4.3,7.0
3504,0.294,0,NORMAL,19.4,3.7,4.2,6.0
3505,0.3366,0,NORMAL,19.6,5.1,5.4,5.8
3506,0.359,0,NORMAL,19.4,4.8,4.2,3.0
3507,0.1927,0,NORMAL,19.5,4.2,3.9,5.4
3508,0.4418,0,NORMAL,19.6,5.5,4.4,6.8
3509,0.4876,0,NORMAL,19.3,3.7,4.0,5.9
3510,0.3034,0,NORMAL,19.5,4.4,3.7,5.4
3511,0.3085,0,NORMAL,19.3,3.5,3.2,5.4
3512,0.3201,0,NORMAL,19.5,4.7,4.2,5.9
3513,0.2864,0,NORMAL,19.5,4.3,3.9,7.3
3514,0.4556,0,NORMAL,19.3,3.9,3.4,5.7
3515,0.3672,0,NORMAL,19.6,5.1,4.2,6.6
3516,0.4201,0,NORMAL,19.5,3.9,3.7,6.1
3517,0.3866,0,NORMAL,19.5,3.8,3.4,5.3
3518,0.3149,0,NORMAL,19.5,4.2,3.9,6.7
3519,0.1474,0,NORMAL,19.6,3.7,3.5,6.7
3520,0.3138,0,NORMAL,19.6,4.0,3.4,5.0
3521,0.278,0,NORMAL,19.3,4.8,4.1,6.1
3522,0.315,0,NORMAL,19.4,3.8,3.8,5.7
3523,0.3911,0,NORMAL,19.4,5.0,4.2,5.7
3524,0.15,0,NORMAL,19.3,3.9,3.0,6.1
3525,0.174,0,NORMAL,19.5,3.2,3.0,4.6
3526,0.1431,0,NORMAL,19.4,3.5,2.8,4.2
3527,0.3109,0,NORMAL,19.2,3.6,3.4,5.8
3528,0.4017,0,NORMAL,19.4,4.3,3.3,4.7
3529,0.2434,0,NORMAL,19.3,3.0,2.9,4.7
3530,0.2493,0,NORMAL,19.4,3.3,2.8,4.9
3531,0.2529,0,NORMAL,19.3,4.3,3.6,5.2
3532,0.2847,0,NORMAL,19.4,3.7,4.6,6.1
3533,0.3162,0,NORMAL,19.2,4.1,3.8,5.4
3534,0.4624,0,NORMAL,19.4,3.9,3.3,5.4
3535,0.2385,0,NORMAL,19.4,4.4,4.0,5.9
3536,0.2128,0,NORMAL,19.4,3.9,3.5,5.6
3537,0.4037,0,NORMAL,19.4,5.2,3.6,5.1
3538,0.461,0,NORMAL,19.3,4.4,3.9,6.3
3539,0.419,0,NORMAL,19.4,4.3,2.7,4.9
3540,0.1616,0,NORMAL,19.1,3.9,2.6,4.2
3541,0.4179,0,NORMAL,19.4,3.9,3.4,6.0
3542,0.3249,0,NORMAL,19.5,4.1,3.8,6.3
3543,0.3457,0,NORMAL,19.3,3.7,3.2,4.4
3544,0.3933,0,NORMAL,19.1,3.0,2.2,3.7
3545,0.4198,0,NORMAL,19.3,4.3,2.9,4.5
3546,0.1558,0,NORMAL,19.0,4.2,3.1,5.6
3547,0.1299,0,NORMAL,19.1,3.8,3.5,5.3
3548,0.1454,0,NORMAL,19.2,3.9,3.4,6.4
3549,0.3992,0,NORMAL,19.4,3.5,2.9,4.3
3550,0.2451,0,NORMAL,19.4,3.7,3.0,4.6
3551,0.2188,0,NORMAL,19.4,4.1,3.5,5.6
3552,0.2659,0,NORMAL,19.5,4.9,3.8,5.2
3553,0.1389,0,NORMAL,19.4,4.0,3.1,4.4
3554,0.4663,0,NORMAL,19.5,4.0,2.9,4.7
3555,0.8438,0,WARNING,16.8,5.7,10.3,8.2
3556,0.9038,0,WARNING,13.9,7.4,11.2,9.4
3557,0.5487,0,NORMAL,14.3,4.2,6.1,7.6
3558,0.3069,0,NORMAL,15.9,4.5,3.4,4.7
3559,0.9093,0,WARNING,14.0,9.1,7.4,6.2
3560,0.8691,0,WARNING,11.7,6.5,10.7,8.9
3561,0.8837,0,WARNING,13.1,7.2,11.4,10.2
3562,0.8834,0,WARNING,15.1,7.3,12.7,11.2
3563,0.8965,0,WARNING,16.6,6.5,12.1,9.5
3564,0.919,0,WARNING,17.5,6.5,12.8,10.8
3565,0.8826,0,WARNING,17.1,6.5,10.6,9.3
3566,0.8828,0,WARNING,17.4,7.7,11.0,10.1
3567,0.914,0,WARNING,18.4,6.4,12.2,11.6
3568,0.85,0,WARNING,18.2,6.9,10.2,10.5
3569,0.9085,0,WARNING,17.8,6.0,11.1,10.1
3570,0.89,0,WARNING,17.7,6.8,11.5,10.6
3571,0.8966,0,WARNING,18.3,7.4,11.7,10.9
3572,0.8755,0,WARNING,18.1,6.3,10.3,9.4
3573,0.9141,0,WARNING,17.5,6.6,12.2,12.2
3574,0.8407,0,WARNING,17.6,6.3,9.7,10.5
3575,0.8086,0,WARNING,17.9,5.6,8.9,8.2
3576,0.8508,0,WARNING,18.3,6.5,9.7,8.9
3577,0.9243,0,WARNING,17.8,7.2,13.2,10.5
3578,0.9027,0,WARNING,16.0,6.1,11.7,11.2
3579,0.8406,0,WARNING,16.1,6.6,9.8,8.4
3580,0.7232,0,WARNING,17.0,5.5,2.2,3.2
3581,0.6266,0,WARNING,16.0,4.9,6.3,6.4
3582,0.8843,0,WARNING,16.2,7.8,10.2,9.0
3583,0.8515,0,WARNING,16.0,6.1,10.1,9.7
3584,0.7846,0,WARNING,16.2,6.1,8.5,8.0
3585,0.8417,0,WARNING,16.2,5.7,9.8,9.9
3586,0.8762,0,WARNING,16.0,6.5,11.4,10.7
3587,0.8679,0,WARNING,15.1,6.3,10.3,9.0
3588,0.8411,0,WARNING,15.6,6.8,9.4,8.7
3589,0.6873,0,WARNING,16.2,5.5,7.5,7.4
3590,0.4235,0,NORMAL,15.4,3.7,2.7,3.7
3591,0.2733,0,NORMAL,15.4,3.5,2.3,3.2
3592,0.3476,0,NORMAL,15.7,4.2,2.2,3.2
3593,0.3389,0,NORMAL,15.6,3.4,2.0,3.2
3594,0.318,0,NORMAL,15.6,3.2,2.6,3.9
3595,0.3072,0,NORMAL,15.9,3.2,2.1,3.2
3596,0.3217,0,NORMAL,16.0,3.3,1.7,2.5
3597,0.3348,0,NORMAL,16.2,4.4,2.3,3.7
3598,0.353,0,NORMAL,16.3,4.7,2.7,3.9
3599,0.2525,0,NORMAL,16.6,3.5,2.0,3.2
3600,0.5885,0,NORMAL,17.3,3.0,2.0,3.1
3601,0.477,0,NORMAL,17.1,3.2,2.2,3.4
3602,0.3331,0,NORMAL,17.5,3.4,2.3,3.5
3603,0.6708,0,WARNING,17.2,3.2,1.6,3.7
3604,0.2481,0,NORMAL,17.3,3.1,1.9,2.8
3605,0.4721,0,NORMAL,17.6,4.2,2.3,3.4
3606,0.3055,0,NORMAL,17.6,3.3,2.5,4.5
3607,0.3055,0,NORMAL,18.2,3.6,2.3,4.9
3608,0.2178,0,NORMAL,18.2,3.4,2.1,4.3
3609,0.2141,0,NORMAL,18.0,3.8,2.2,3.4
3610,0.3081,0,NORMAL,18.1,2.7,1.4,2.0
3611,0.3982,0,NORMAL,17.9,3.5,2.0,2.8
3612,0.4,0,NORMAL,18.1,4.2,1.4,2.3
3613,0.2676,0,NORMAL,18.0,3.4,1.1,1.6
3614,0.4723,0,NORMAL,17.9,3.6,2.0,2.9
3615,0.2892,0,NORMAL,17.9,3.2,1.7,2.6
3616,0.2829,0,NORMAL,18.0,3.0,2.1,3.3
3617,0.3167,0,NORMAL,18.0,3.8,1.6,2.7
3618,0.3195,0,NORMAL,18.2,3.5,2.5,3.5
3619,0.7443,0,WARNING,18.2,5.9,1.8,3.0
3620,0.3931,0,NORMAL,18.0,2.7,2.0,2.5
3621,0.3955,0,NORMAL,18.2,3.4,2.0,2.5
3622,0.3195,0,NORMAL,18.1,3.5,1.7,2.5
3623,0.282,0,NORMAL,18.0,2.9,1.9,3.0
3624,0.2729,0,NORMAL,18.2,3.8,2.0,3.0
3625,0.3154,0,NORMAL,18.3,3.0,2.1,3.6
3626,0.2646,0,NORMAL,18.1,3.6,1.3,1.8
3627,0.3953,0,NORMAL,17.8,3.7,1.6,2.2
3628,0.5282,0,NORMAL,18.1,3.4,1.8,3.0
3629,0.3966,0,NORMAL,17.8,3.0,1.6,2.3
3630,0.2891,0,NORMAL,17.8,3.0,1.5,2.1
3631,0.4026,0,NORMAL,17.9,3.0,1.8,2.5
3632,0.3375,0,NORMAL,18.2,4.0,1.8,2.7
3633,0.3842,0,NORMAL,17.9,2.7,1.5,2.3
3634,0.2774,0,NORMAL,17.9,2.9,1.3,1.8
3635,0.4657,0,NORMAL,18.1,3.9,2.1,2.9
3636,0.3153,0,NORMAL,18.0,3.1,1.9,2.5
3637,0.4603,0,NORMAL,18.3,3.2,1.8,2.7
3638,0.2812,0,NORMAL,18.2,3.4,1.4,3.0
3639,0.3955,0,NORMAL,18.2,3.2,1.5,2.3
3640,0.3192,0,NORMAL,18.1,3.1,1.7,2.5
3641,0.2838,0,NORMAL,18.3,2.7,1.9,2.3
3642,0.5515,0,NORMAL,18.3,5.1,1.6,2.3
3643,0.3198,0,NORMAL,18.1,2.4,1.1,1.8
3644,0.3081,0,NORMAL,18.3,3.3,1.7,2.2
3645,0.3272,0,NORMAL,18.4,3.2,1.7,2.0
3646,0.399,0,NORMAL,18.5,3.7,1.9,2.5
3647,0.3877,0,NORMAL,18.4,3.9,2.1,2.8
3648,0.2743,0,NORMAL,18.3,2.9,1.0,1.7
3649,0.4636,0,NORMAL,18.2,2.8,1.7,2.2
3650,0.3119,0,NORMAL,18.4,3.3,1.8,2.7
3651,0.3922,0,NORMAL,17.9,3.4,1.7,2.5
3652,0.2972,0,NORMAL,18.1,2.6,1.0,1.5
3653,0.4047,0,NORMAL,18.2,3.4,2.2,2.9
3654,0.3198,0,NORMAL,18.2,3.7,2.0,3.0
3655,0.2805,0,NORMAL,18.2,2.9,1.3,1.8
3656,0.3065,0,NORMAL,18.1,3.2,1.8,2.3
3657,0.3299,0,NORMAL,18.2,4.5,2.0,2.3
3658,0.3373,0,NORMAL,18.1,4.1,1.1,1.5
3659,0.2914,0,NORMAL,18.1,3.2,1.1,1.5
3660,0.3121,0,NORMAL,18.0,3.1,1.4,1.7
3661,0.3323,0,NORMAL,18.0,2.6,1.5,2.3
3662,0.4047,0,NORMAL,18.2,3.4,1.5,1.8
3663,0.3312,0,NORMAL,18.0,2.9,1.1,1.5
3664,0.3399,0,NORMAL,18.4,4.1,2.0,2.3
3665,0.3964,0,NORMAL,18.5,2.9,1.8,2.5
3666,0.3182,0,NORMAL,18.2,2.8,1.4,2.0
3667,0.4008,0,NORMAL,18.4,2.9,1.3,1.8
3668,0.3293,0,NORMAL,18.4,3.7,1.4,3.1
3669,0.3896,0,NORMAL,18.4,2.2,0.8,1.7
3670,0.3153,0,NORMAL,18.3,2.9,1.0,1.3
3671,0.4736,0,NORMAL,18.4,3.2,1.3,2.1
3672,0.4698,0,NORMAL,18.4,4.3,1.6,2.7
3673,0.2834,0,NORMAL,18.1,3.4,1.4,3.3
3674,0.2662,0,NORMAL,18.0,2.8,1.3,2.0
3675,0.4037,0,NORMAL,18.0,3.5,1.3,1.8
3676,0.3031,0,NORMAL,18.2,2.3,1.2,1.6
3677,0.4077,0,NORMAL,18.2,3.0,1.5,2.1
3678,0.3338,0,NORMAL,18.3,3.7,1.8,2.5
3679,0.3082,0,NORMAL,18.0,2.7,1.2,2.0
3680,0.3287,0,NORMAL,18.3,2.7,0.9,1.5
3681,0.3439,0,NORMAL,18.1,3.2,1.4,1.8
3682,0.7167,0,WARNING,18.4,6.2,1.3,1.8
3683,0.3264,0,NORMAL,18.4,3.1,1.5,2.1
3684,0.2965,0,NORMAL,18.2,3.0,2.2,3.2
3685,0.3391,0,NORMAL,18.4,3.2,1.3,1.8
3686,0.3186,0,NORMAL,18.3,3.8,1.6,2.0
3687,0.3023,0,NORMAL,18.4,3.6,1.6,2.7
3688,0.2902,0,NORMAL,18.4,3.1,1.1,1.5
3689,0.3242,0,NORMAL,18.4,3.4,1.4,1.8
3690,0.3977,0,NORMAL,18.1,2.8,0.8,1.2
3691,0.3349,0,NORMAL,18.4,2.8,1.9,2.5
3692,0.3941,0,NORMAL,18.4,3.0,1.3,1.8
3693,0.3994,0,NORMAL,18.4,3.6,1.8,2.3
3694,0.3145,0,NORMAL,18.4,3.3,1.4,2.0
3695,0.3189,0,NORMAL,18.4,2.9,1.4,2.3
3696,0.3091,0,NORMAL,18.2,3.0,1.4,2.0
3697,0.4008,0,NORMAL,18.2,3.2,1.4,2.0
3698,0.3225,0,NORMAL,18.3,3.0,1.2,2.8
3699,0.3287,0,NORMAL,18.1,2.7,0.9,1.3
3700,0.3386,0,NORMAL,18.4,3.8,1.2,2.0
3701,0.3303,0,NORMAL,18.4,3.7,1.3,2.8
3702,0.2995,0,NORMAL,18.4,3.5,1.1,2.8
3703,0.3291,0,NORMAL,18.4,3.3,1.0,2.5
3704,0.3103,0,NORMAL,18.4,3.1,2.1,2.4
3705,0.309,0,NORMAL,18.3,3.3,1.0,1.3
3706,0.3167,0,NORMAL,18.4,2.7,1.0,1.5
3707,0.3289,0,NORMAL,18.4,4.1,1.4,1.8
3708,0.3986,0,NORMAL,18.6,3.6,1.6,2.3
3709,0.3873,0,NORMAL,18.4,2.7,2.1,2.6
3710,0.3009,0,NORMAL,18.5,3.4,1.5,2.0
3711,0.3916,0,NORMAL,18.3,2.5,1.7,1.9
3712,0.3214,0,NORMAL,18.2,3.1,1.3,1.8
3713,0.3976,0,NORMAL,18.4,3.3,1.3,1.8
3714,0.421,0,NORMAL,18.3,3.9,1.7,2.6
3715,0.2715,0,NORMAL,18.3,2.9,1.7,2.6
3716,0.2762,0,NORMAL,18.1,3.1,1.7,2.0
3717,0.3922,0,NORMAL,18.1,2.9,1.1,1.6
3718,0.4132,0,NORMAL,18.4,4.6,0.9,1.5
3719,0.4712,0,NORMAL,18.0,2.5,1.0,1.3
3720,0.349,0,NORMAL,18.3,3.3,1.0,1.3
3721,0.3522,0,NORMAL,18.5,3.2,1.1,1.5
3722,0.3568,0,NORMAL,18.4,3.5,1.0,1.3
3723,0.3546,0,NORMAL,18.1,2.4,0.8,1.1
3724,0.4764,0,NORMAL,18.2,3.0,1.7,2.3
3725,0.3376,0,NORMAL,18.4,3.0,1.1,1.8
3726,0.3319,0,NORMAL,18.4,3.3,1.6,2.0
3727,0.3339,0,NORMAL,18.4,2.7,1.0,1.5
3728,0.4027,0,NORMAL,18.5,3.2,0.8,2.5
3729,0.5332,0,NORMAL,18.2,2.4,1.0,1.5
3730,0.338,0,NORMAL,18.2,3.0,0.7,1.1
3731,0.4787,0,NORMAL,18.2,3.4,0.9,1.3
3732,0.3484,0,NORMAL,18.5,3.0,1.1,1.8
3733,0.4744,0,NORMAL,18.5,3.6,1.5,2.0
3734,0.5283,0,NORMAL,18.6,3.4,1.3,1.8
3735,0.4049,0,NORMAL,18.4,3.2,1.5,2.3
3736,0.3884,0,NORMAL,18.0,2.7,0.3,0.1
3737,0.4159,0,NORMAL,18.3,2.2,0.1,0.1
3738,0.4163,0,NORMAL,18.6,2.4,0.1,1.3
3739,0.6859,0,WARNING,18.6,5.4,0.9,0.9
3740,0.3552,0,NORMAL,18.2,2.8,1.5,2.1
3741,0.4763,0,NORMAL,18.3,3.2,0.8,1.5
3742,0.4104,0,NORMAL,18.4,3.0,1.3,1.9
3743,0.3379,0,NORMAL,18.2,3.3,0.8,2.4
3744,0.5367,0,NORMAL,18.3,2.8,1.0,2.5
3745,0.5338,0,NORMAL,18.4,2.9,1.6,2.5
3746,0.4702,0,NORMAL,18.3,3.0,1.1,2.0
3747,0.4774,0,NORMAL,18.5,4.1,0.9,2.5
3748,0.365,0,NORMAL,18.4,4.3,1.8,3.5
3749,0.3972,0,NORMAL,18.4,2.5,1.1,1.3
3750,0.3228,0,NORMAL,18.4,3.4,1.2,1.8
3751,0.3175,0,NORMAL,18.4,2.9,1.5,2.1
3752,0.3186,0,NORMAL,18.4,3.0,0.8,1.3
3753,0.5331,0,NORMAL,18.1,2.8,0.9,1.1
3754,0.3573,0,NORMAL,18.2,3.1,1.0,1.5
3755,0.3531,0,NORMAL,18.4,2.9,1.1,1.5
3756,0.3545,0,NORMAL,18.4,2.2,1.0,1.5
3757,0.3661,0,NORMAL,18.4,3.6,1.7,2.0
3758,0.3378,0,NORMAL,18.5,3.2,1.4,3.3
3759,0.3164,0,NORMAL,18.5,2.6,1.4,1.7
3760,0.3233,0,NORMAL,18.2,3.2,1.3,1.8
3761,0.3213,0,NORMAL,18.3,3.0,1.4,1.8
3762,0.3276,0,NORMAL,18.5,4.0,0.8,1.0
3763,0.5425,0,NORMAL,18.2,2.2,0.9,1.1
3764,0.4132,0,NORMAL,18.2,3.0,1.1,1.8
3765,0.4781,0,NORMAL,18.4,2.3,1.0,1.3
3766,0.4114,0,NORMAL,18.4,3.3,1.3,1.4
3767,0.3862,0,NORMAL,18.4,2.2,0.9,1.5
3768,0.4069,0,NORMAL,18.5,3.6,1.3,1.6
3769,0.3457,0,NORMAL,18.3,2.2,0.9,1.5
3770,0.4696,0,NORMAL,18.2,3.0,0.9,1.3
3771,0.3592,0,NORMAL,18.4,3.1,1.0,1.5
3772,0.4071,0,NORMAL,18.4,2.8,0.8,0.9
3773,0.3685,0,NORMAL,18.4,2.6,0.6,0.6
3774,0.4214,0,NORMAL,18.4,4.2,1.1,1.8
3775,0.3302,0,NORMAL,18.5,3.0,1.4,2.0
3776,0.3207,0,NORMAL,18.5,2.7,0.8,1.4
3777,0.8617,0,WARNING,18.7,5.8,1.0,1.5
3778,0.3099,0,NORMAL,18.4,3.3,1.1,1.3
3779,0.3175,0,NORMAL,18.4,2.8,0.7,1.1
3780,0.3443,0,NORMAL,18.5,2.5,1.0,1.3
3781,0.3641,0,NORMAL,18.3,3.1,1.1,1.5
3782,0.3565,0,NORMAL,18.4,2.7,1.1,1.5
3783,0.3597,0,NORMAL,18.4,2.6,0.9,1.3
3784,0.3677,0,NORMAL,18.2,3.0,0.9,1.3
3785,0.411,0,NORMAL,18.4,3.1,1.2,1.8
3786,0.3512,0,NORMAL,18.3,2.9,1.1,1.5
3787,0.349,0,NORMAL,18.2,2.8,0.9,1.5
3788,0.3524,0,NORMAL,18.5,3.5,0.9,2.5
3789,0.3224,0,NORMAL,18.2,2.5,1.0,1.5
3790,0.41,0,NORMAL,18.5,3.0,1.0,1.5
3791,0.4749,0,NORMAL,18.4,4.2,1.2,1.8
3792,0.319,0,NORMAL,18.5,2.6,0.9,1.5
3793,0.3433,0,NORMAL,18.2,3.7,0.9,1.3
3794,0.3384,0,NORMAL,18.1,2.8,1.0,1.3
3795,0.3555,0,NORMAL,18.2,2.7,1.1,1.7
3796,0.8219,0,WARNING,18.4,6.5,0.9,1.1
3797,0.999,0,ANOMALY,18.5,16.4,1.0,1.5
3798,0.3041,0,NORMAL,18.3,3.5,1.0,1.5
3799,0.3309,0,NORMAL,18.1,2.9,1.5,2.1
3800,0.3093,0,NORMAL,18.1,1.9,1.1,1.3
3801,0.3352,0,NORMAL,18.1,3.0,1.6,2.0
3802,0.3308,0,NORMAL,18.4,3.1,1.4,1.8
3803,0.7969,0,WARNING,18.5,6.2,1.1,1.5
3804,0.3292,0,NORMAL,18.4,2.4,1.1,1.8
3805,0.5293,0,NORMAL,18.3,3.3,1.7,2.5
3806,0.4598,0,NORMAL,18.2,3.0,1.0,2.8
3807,0.4029,0,NORMAL,18.5,3.5,1.3,1.8
3808,0.2975,0,NORMAL,18.5,3.1,0.8,1.4
3809,0.4071,0,NORMAL,18.2,2.5,1.1,1.8
3810,0.33,0,NORMAL,18.1,2.7,0.9,1.2
3811,0.3501,0,NORMAL,18.1,3.2,0.7,1.1
3812,0.3518,0,NORMAL,18.2,2.9,1.2,1.8
3813,0.3487,0,NORMAL,18.5,2.4,1.0,1.5
3814,0.8627,0,WARNING,18.7,4.3,1.3,2.0
3815,0.3072,0,NORMAL,18.5,3.0,1.1,1.8
3816,0.4597,0,NORMAL,18.5,3.1,0.9,1.1
3817,0.335,0,NORMAL,18.3,2.7,1.0,1.2
3818,0.354,0,NORMAL,18.5,3.1,0.8,2.1
3819,0.4941,0,NORMAL,18.4,4.1,1.3,1.9
3820,0.4501,0,NORMAL,18.4,3.5,0.8,1.2
3821,0.3212,0,NORMAL,18.2,2.4,1.0,1.3
3822,0.5279,0,NORMAL,18.2,3.9,1.1,2.8
3823,0.3131,0,NORMAL,18.1,3.2,1.2,1.6
3824,0.4743,0,NORMAL,18.2,3.9,1.4,2.1
3825,0.3871,0,NORMAL,18.3,3.2,0.9,2.5
3826,0.3142,0,NORMAL,18.2,2.9,1.2,2.0
3827,0.3999,0,NORMAL,18.5,3.0,1.2,1.8
3828,0.3211,0,NORMAL,18.4,3.1,1.3,1.6
3829,0.3982,0,NORMAL,18.4,3.4,1.0,3.0
3830,0.4012,0,NORMAL,18.2,2.6,0.8,1.1
3831,0.336,0,NORMAL,18.3,2.4,0.9,1.1
3832,0.413,0,NORMAL,18.3,3.3,1.1,1.8
3833,0.4133,0,NORMAL,18.2,2.8,0.6,0.6
3834,0.4145,0,NORMAL,18.0,2.9,1.1,1.8
3835,0.3676,0,NORMAL,18.4,3.1,1.8,2.7
3836,0.3289,0,NORMAL,18.3,3.4,0.9,1.4
3837,0.4079,0,NORMAL,18.3,3.6,1.2,1.8
3838,0.3278,0,NORMAL,18.2,4.0,1.3,1.8
3839,0.3154,0,NORMAL,18.1,2.4,1.0,1.5
3840,0.3381,0,NORMAL,18.4,3.6,1.6,2.2
3841,0.4658,0,NORMAL,18.2,3.1,1.3,1.8
3842,0.4,0,NORMAL,18.4,3.1,1.2,1.6
3843,0.3958,0,NORMAL,18.4,3.2,0.9,1.5
3844,0.6273,0,WARNING,18.1,3.0,1.1,3.0
3845,0.3012,0,NORMAL,18.4,3.3,1.5,3.2
3846,0.629,0,WARNING,18.2,2.9,1.1,1.6
3847,0.3141,0,NORMAL,18.3,2.7,1.0,1.7
3848,0.4743,0,NORMAL,18.3,3.3,1.0,2.5
3849,0.3154,0,NORMAL,18.1,2.5,1.5,3.3
3850,0.4044,0,NORMAL,18.1,3.0,1.2,2.0
3851,0.331,0,NORMAL,18.1,2.4,1.2,1.8
3852,0.7106,0,WARNING,18.3,4.2,1.2,1.9
3853,0.4039,0,NORMAL,18.3,3.4,0.9,2.8
3854,0.4063,0,NORMAL,18.2,3.0,1.1,2.8
3855,0.2991,0,NORMAL,18.2,3.2,0.9,1.5
3856,0.4028,0,NORMAL,18.3,3.3,1.0,1.0
3857,0.3403,0,NORMAL,18.3,2.4,0.9,1.7
3858,0.4752,0,NORMAL,18.2,2.9,1.0,1.5
3859,0.3605,0,NORMAL,18.3,2.9,1.7,2.5
3860,0.3352,0,NORMAL,18.3,3.0,1.0,1.8
3861,0.4066,0,NORMAL,18.3,3.0,0.9,1.5
3862,0.6318,0,WARNING,18.2,2.3,1.0,1.8
3863,0.3537,0,NORMAL,18.4,3.2,1.3,2.0
3864,0.7596,0,WARNING,18.6,6.2,1.6,2.1
3865,0.2677,0,NORMAL,18.5,3.8,2.0,3.2
3866,0.2649,0,NORMAL,18.5,2.6,1.2,1.6
3867,0.2944,0,NORMAL,18.3,3.7,1.7,2.2
3868,0.315,0,NORMAL,18.5,3.9,1.2,1.8
3869,0.2971,0,NORMAL,18.2,2.4,1.1,1.8
3870,0.3229,0,NORMAL,18.2,3.0,1.0,1.7
3871,0.7043,0,WARNING,18.5,5.0,1.7,2.2
3872,0.308,0,NORMAL,18.4,3.4,1.2,1.3
3873,0.297,0,NORMAL,18.2,2.6,1.0,1.5
3874,0.3268,0,NORMAL,18.3,2.6,1.1,1.5
3875,0.3471,0,NORMAL,18.6,3.4,1.4,1.8
3876,0.3327,0,NORMAL,18.3,2.9,1.5,2.1
3877,0.3175,0,NORMAL,18.6,4.0,1.7,2.3
3878,0.3896,0,NORMAL,18.5,2.9,1.3,3.3
3879,0.3605,0,NORMAL,18.4,3.0,1.5,2.1
3880,0.3136,0,NORMAL,18.3,2.7,1.6,3.7
3881,0.26,0,NORMAL,18.3,3.1,1.7,2.4
3882,0.2733,0,NORMAL,18.5,4.4,2.1,3.3
3883,0.5148,0,NORMAL,18.3,3.5,1.3,2.1
3884,0.4612,0,NORMAL,18.2,3.4,2.2,3.3
3885,0.5156,0,NORMAL,18.4,3.0,1.9,2.8
3886,0.2646,0,NORMAL,18.4,2.8,1.4,1.8
3887,0.3924,0,NORMAL,18.6,3.4,1.6,1.9
3888,0.8584,0,WARNING,18.7,3.6,1.5,2.3
3889,0.3024,0,NORMAL,18.3,2.9,1.8,2.7
3890,0.3047,0,NORMAL,18.5,3.3,1.3,2.0
3891,0.7687,0,WARNING,18.3,6.1,1.8,3.2
3892,0.9864,0,WARNING,18.7,11.6,2.3,3.2
3893,0.9847,0,WARNING,18.8,11.2,1.7,2.7
3894,0.9875,0,WARNING,18.5,11.3,1.5,2.5
3895,0.9888,0,WARNING,18.8,11.9,2.4,3.5
3896,0.9843,0,WARNING,18.8,11.2,1.9,2.7
3897,0.9922,0,ANOMALY,18.6,12.4,1.5,2.1
3898,0.9888,0,WARNING,18.8,11.7,2.1,2.7
3899,0.987,0,WARNING,18.7,12.7,2.0,3.0
3900,0.9863,0,WARNING,18.8,11.5,1.7,2.7
3901,0.9906,0,ANOMALY,18.8,12.0,1.5,2.3
3902,0.9865,0,WARNING,18.8,11.9,1.7,2.4
3903,0.9872,0,WARNING,18.6,11.5,1.7,2.5
3904,0.9897,0,WARNING,18.7,12.1,1.5,2.8
3905,0.9887,0,WARNING,18.5,12.0,2.4,3.2
3906,0.9904,0,ANOMALY,18.5,11.9,1.7,2.6
3907,0.9884,0,WARNING,18.7,11.9,2.1,2.9
3908,0.989,0,WARNING,18.5,12.1,1.5,3.8
3909,0.9871,0,WARNING,18.5,11.6,2.4,3.5
3910,0.9901,0,WARNING,18.5,11.7,1.6,3.7
3911,0.9909,0,ANOMALY,18.6,11.9,1.4,3.5
3912,0.9916,0,ANOMALY,18.8,12.5,1.7,2.7
3913,0.9916,0,ANOMALY,18.6,12.7,2.3,3.5
3914,0.9912,0,ANOMALY,18.7,12.7,2.2,2.7
3915,0.9897,0,WARNING,18.7,12.5,2.2,3.3
3916,0.9887,0,WARNING,18.6,11.6,1.7,2.7
3917,0.9909,0,ANOMALY,18.8,12.5,2.2,4.7
3918,0.7752,0,WARNING,18.7,6.6,2.1,3.5
3919,0.7159,0,WARNING,18.4,5.9,2.3,3.7
3920,0.2055,0,NORMAL,18.5,3.8,2.5,4.1
3921,0.2219,0,NORMAL,18.5,3.1,2.8,3.9
3922,0.1959,0,NORMAL,18.5,3.5,2.1,3.3
3923,0.2057,0,NORMAL,18.6,3.2,1.9,3.0
3924,0.2229,0,NORMAL,18.5,3.1,1.8,2.9
3925,0.2462,0,NORMAL,18.6,3.7,2.9,4.7
3926,0.1977,0,NORMAL,18.7,3.8,2.6,3.5
3927,0.275,0,NORMAL,18.5,4.4,3.1,4.2
3928,0.2825,0,NORMAL,18.6,3.9,1.8,2.7
3929,0.2106,0,NORMAL,18.4,2.8,1.6,2.7
3930,0.2972,0,NORMAL,18.8,3.6,1.9,3.2
3931,0.445,0,NORMAL,18.6,3.1,1.9,3.2
3932,0.2336,0,NORMAL,18.7,3.5,2.4,3.7
3933,0.2949,0,NORMAL,18.5,3.2,1.8,3.2
3934,0.2253,0,NORMAL,18.5,3.6,2.5,4.1
3935,0.2031,0,NORMAL,18.7,3.4,2.4,3.5
3936,0.3699,0,NORMAL,18.5,2.9,2.0,3.2
3937,0.4518,0,NORMAL,18.6,2.9,1.5,2.6
3938,0.2624,0,NORMAL,18.5,3.7,2.6,4.7
3939,0.4491,0,NORMAL,18.4,3.1,2.2,3.5
3940,0.2158,0,NORMAL,18.5,3.9,2.9,4.2
3941,0.2888,0,NORMAL,18.4,3.6,2.1,3.0
3942,0.2093,0,NORMAL,18.6,3.7,2.3,3.4
3943,0.4052,0,NORMAL,18.4,4.4,2.4,3.6
3944,0.2946,0,NORMAL,18.6,3.5,2.7,4.1
3945,0.1908,0,NORMAL,18.6,4.0,2.1,3.4
3946,0.5071,0,NORMAL,18.4,2.7,2.1,3.8
3947,0.3787,0,NORMAL,18.5,3.8,2.5,3.6
3948,0.2027,0,NORMAL,18.7,3.4,3.1,4.7
3949,0.5541,0,NORMAL,18.8,3.4,2.2,3.8
3950,0.4401,0,NORMAL,18.7,3.2,2.9,4.6
3951,0.6299,0,WARNING,18.3,3.2,3.3,4.9
3952,0.3603,0,NORMAL,18.7,3.4,2.6,4.0
3953,0.3571,0,NORMAL,18.8,4.6,2.8,4.0
3954,0.1683,0,NORMAL,18.5,3.2,2.3,3.9
3955,0.4955,0,NORMAL,18.7,4.0,3.3,5.2
3956,0.217,0,NORMAL,18.5,3.8,2.7,4.4
3957,0.2346,0,NORMAL,18.8,3.4,3.2,4.9
3958,0.2691,0,NORMAL,18.8,4.7,3.6,5.7
3959,0.4902,0,NORMAL,18.6,3.7,2.6,4.6
3960,0.2751,0,NORMAL,18.5,3.9,2.9,4.7
3961,0.2281,0,NORMAL,18.6,2.8,2.9,4.6
3962,0.3594,0,NORMAL,18.5,3.6,2.9,4.2
3963,0.5529,0,NORMAL,18.5,3.8,2.4,4.0
3964,0.3678,0,NORMAL,18.6,3.5,3.0,4.7
3965,0.2783,0,NORMAL,18.7,3.7,3.0,4.8
3966,0.1921,0,NORMAL,18.7,4.0,3.5,4.6
3967,0.2662,0,NORMAL,18.7,3.7,3.4,5.2
3968,0.3086,0,NORMAL,18.7,4.8,3.7,6.4
3969,0.5359,0,NORMAL,18.4,3.5,3.2,4.2
3970,0.419,0,NORMAL,18.7,3.7,2.5,3.9
3971,0.2765,0,NORMAL,18.8,4.3,2.9,4.5
3972,0.275,0,NORMAL,18.7,4.2,2.9,4.5
3973,0.2734,0,NORMAL,18.8,4.5,2.9,4.5
3974,0.2758,0,NORMAL,18.7,4.1,2.8,4.2
3975,0.4869,0,NORMAL,18.6,3.5,2.2,3.5
3976,0.2778,0,NORMAL,18.5,3.2,2.3,3.7
3977,0.3679,0,NORMAL,18.8,4.3,3.7,5.6
3978,0.2688,0,NORMAL,18.9,3.9,3.8,5.9
3979,0.7425,0,WARNING,19.0,6.8,4.0,6.6
3980,0.1508,0,NORMAL,18.6,3.8,3.3,5.2
3981,0.5391,0,NORMAL,18.6,3.7,2.7,4.7
3982,0.2679,0,NORMAL,18.8,4.3,3.3,7.1
3983,0.1625,0,NORMAL,18.6,3.6,3.7,6.9
3984,0.3421,0,NORMAL,18.6,3.9,4.1,5.7
3985,0.4921,0,NORMAL,18.8,4.9,3.0,4.5
3986,0.3745,0,NORMAL,18.8,4.4,3.8,6.2
3987,0.1443,0,NORMAL,18.6,4.3,3.5,5.0
3988,0.2651,0,NORMAL,18.9,5.1,3.8,5.9
3989,0.1771,0,NORMAL,18.6,4.0,3.4,5.4
3990,0.4153,0,NORMAL,18.8,4.2,4.8,7.3
3991,0.242,0,NORMAL,18.9,4.4,4.6,6.8
3992,0.2393,0,NORMAL,18.9,4.4,3.3,5.4
3993,0.4624,0,NORMAL,18.8,4.6,3.4,5.4
3994,0.2426,0,NORMAL,18.7,3.5,3.2,4.2
3995,0.3358,0,NORMAL,18.9,4.2,2.9,4.0
3996,0.1957,0,NORMAL,18.7,3.7,2.8,4.9
3997,0.354,0,NORMAL,18.9,4.1,3.1,5.0
3998,0.1722,0,NORMAL,18.9,4.0,2.7,5.4
3999,0.2673,0,NORMAL,18.5,3.7,3.1,4.5
4000,0.1807,0,NORMAL,18.7,4.4,3.3,5.1
4001,0.4882,0,NORMAL,18.8,3.8,3.0,4.7
4002,0.3119,0,NORMAL,18.6,4.8,3.1,6.1
4003,0.4261,0,NORMAL,18.7,4.1,2.7,4.2
4004,0.2742,0,NORMAL,18.4,3.4,3.3,4.9
4005,0.4064,0,NORMAL,18.5,3.7,3.8,5.7
4006,0.3509,0,NORMAL,18.6,3.6,2.8,4.2
4007,0.4936,0,NORMAL,18.8,3.2,2.6,4.3
4008,0.4536,0,NORMAL,18.7,4.4,2.8,4.0
4009,0.4308,0,NORMAL,18.7,3.5,2.9,4.7
4010,0.2801,0,NORMAL,18.6,4.2,3.4,4.9
4011,0.4295,0,NORMAL,18.7,4.3,3.4,5.6
4012,0.4229,0,NORMAL,18.7,3.1,2.7,4.2
4013,0.2247,0,NORMAL,18.5,3.9,3.3,4.7
4014,0.2706,0,NORMAL,18.8,4.2,3.4,5.4
4015,0.268,0,NORMAL,18.9,3.6,2.4,3.5
4016,0.3613,0,NORMAL,18.9,5.1,3.4,5.4
4017,0.3509,0,NORMAL,19.1,5.0,3.9,5.5
4018,0.2601,0,NORMAL,19.2,4.1,3.4,5.6
4019,0.413,0,NORMAL,19.0,3.8,2.6,4.2
4020,0.1684,0,NORMAL,18.9,4.4,4.2,5.9
4021,0.1069,0,NORMAL,18.9,3.8,3.6,5.6
4022,0.1625,0,NORMAL,18.9,4.3,3.1,4.6
4023,0.2551,0,NORMAL,18.7,3.4,3.4,5.4
4024,0.2584,0,NORMAL,18.6,3.8,2.9,4.3
4025,0.1706,0,NORMAL,18.8,3.1,2.4,3.7
4026,0.358,0,NORMAL,18.9,3.3,2.5,4.0
4027,0.1787,0,NORMAL,18.9,4.0,2.9,4.0
4028,0.4331,0,NORMAL,18.7,3.5,3.4,6.6
4029,0.2745,0,NORMAL,18.5,3.8,3.7,5.1
4030,0.1739,0,NORMAL,18.8,4.3,3.2,4.8
4031,0.4851,0,NORMAL,18.7,3.4,3.1,4.4
4032,0.4416,0,NORMAL,18.9,5.2,2.5,4.0
4033,0.3594,0,NORMAL,18.6,4.0,2.8,4.4
4034,0.6003,0,WARNING,18.7,4.1,3.1,4.8
4035,0.2747,0,NORMAL,18.7,4.0,3.1,4.5
4036,0.2709,0,NORMAL,18.7,3.4,2.8,4.2
4037,0.4197,0,NORMAL,18.7,4.6,2.9,4.0
4038,0.413,0,NORMAL,18.8,3.6,3.2,5.1
4039,0.7431,0,WARNING,18.8,6.2,2.7,4.2
4040,0.2697,0,NORMAL,18.6,3.9,3.0,4.7
4041,0.4197,0,NORMAL,18.8,4.9,3.0,4.3
4042,0.4759,0,NORMAL,18.8,4.0,2.8,4.0
4043,0.8463,0,WARNING,19.1,3.6,2.7,4.4
4044,0.3364,0,NORMAL,18.9,5.0,4.0,5.8
4045,0.1216,0,NORMAL,18.8,3.8,3.0,4.2
4046,0.5363,0,NORMAL,18.8,4.2,3.5,5.9
4047,0.4269,0,NORMAL,18.8,5.1,2.8,4.2
4048,0.3449,0,NORMAL,18.8,4.0,2.9,4.6
4049,0.2133,0,NORMAL,18.7,3.9,2.4,3.7
4050,0.4019,0,NORMAL,18.9,4.1,3.1,5.2
4051,0.2689,0,NORMAL,18.5,3.6,2.7,3.8
4052,0.186,0,NORMAL,18.8,3.7,2.7,4.2
4053,0.1591,0,NORMAL,18.6,3.5,3.1,4.5
4054,0.4271,0,NORMAL,18.6,3.9,2.3,3.8
4055,0.1702,0,NORMAL,18.8,3.7,2.7,5.6
4056,0.4326,0,NORMAL,18.8,3.9,3.3,5.7
4057,0.351,0,NORMAL,18.9,4.1,3.9,5.7
4058,0.2607,0,NORMAL,18.8,4.3,2.9,5.7
4059,0.1269,0,NORMAL,18.8,4.2,3.1,4.6
4060,0.2568,0,NORMAL,18.9,4.1,3.6,5.1
4061,0.3358,0,NORMAL,19.0,4.0,3.2,5.1
4062,0.1667,0,NORMAL,18.9,4.1,3.2,4.2
4063,0.3548,0,NORMAL,19.0,5.1,3.6,4.9
4064,0.4135,0,NORMAL,18.7,4.0,3.6,5.5
4065,0.5388,0,NORMAL,18.9,3.8,2.2,3.5
4066,0.176,0,NORMAL,18.9,3.8,3.1,4.6
4067,0.1755,0,NORMAL,19.1,3.6,3.4,5.2
4068,0.4194,0,NORMAL,18.9,3.9,3.0,4.3
4069,0.1689,0,NORMAL,18.9,3.4,2.9,4.5
4070,0.2667,0,NORMAL,18.9,4.4,3.6,5.6
4071,0.4841,0,NORMAL,18.9,3.5,3.0,5.0
4072,0.418,0,NORMAL,18.9,4.1,3.3,5.2
4073,0.258,0,NORMAL,18.9,4.0,3.1,6.0
4074,0.4163,0,NORMAL,18.8,3.7,2.7,4.2
4075,0.2689,0,NORMAL,18.9,4.2,2.9,5.7
4076,0.2673,0,NORMAL,18.8,3.5,2.6,3.9
4077,0.1439,0,NORMAL,18.9,3.7,3.0,4.2
4078,0.4148,0,NORMAL,18.9,5.0,2.8,4.0
4079,0.2716,0,NORMAL,18.8,3.7,3.0,4.7
4080,0.3544,0,NORMAL,18.8,3.6,3.1,4.4
4081,0.4253,0,NORMAL,19.0,3.5,3.5,5.0
4082,0.6403,0,WARNING,18.9,3.6,2.8,5.5
4083,0.2909,0,NORMAL,18.9,4.1,3.1,6.0
4084,0.1792,0,NORMAL,18.9,3.7,3.5,6.7
4085,0.2604,0,NORMAL,18.9,4.4,3.0,4.7
4086,0.2614,0,NORMAL,18.9,3.8,2.8,4.4
4087,0.2682,0,NORMAL,19.0,3.9,3.3,4.9
4088,0.3494,0,NORMAL,18.8,3.3,2.6,5.6
4089,0.2683,0,NORMAL,18.6,4.3,3.3,4.9
4090,0.1752,0,NORMAL,18.8,4.1,3.1,4.5
4091,0.4206,0,NORMAL,18.8,4.0,3.0,4.2
4092,0.3474,0,NORMAL,18.8,4.6,3.5,4.7
4093,0.4159,0,NORMAL,18.6,4.4,2.9,4.9
4094,0.2631,0,NORMAL,18.7,3.6,3.4,5.4
4095,0.1642,0,NORMAL,18.9,4.5,3.3,4.9
4096,0.2571,0,NORMAL,18.9,3.7,3.3,4.9
4097,0.1599,0,NORMAL,19.0,3.2,2.6,4.4
4098,0.8536,0,WARNING,19.1,9.2,5.0,6.3
4099,0.7589,0,WARNING,19.1,6.9,3.4,5.4
4100,0.188,0,NORMAL,18.9,4.2,3.7,5.0
4101,0.1528,0,NORMAL,18.7,4.3,4.4,6.2
4102,0.2415,0,NORMAL,19.0,4.1,3.7,5.1
4103,0.4936,0,NORMAL,19.0,4.5,3.6,5.6
4104,0.3298,0,NORMAL,19.0,4.0,3.7,5.5
4105,0.2011,0,NORMAL,18.7,4.0,2.9,4.4
4106,0.1889,0,NORMAL,18.7,3.8,3.1,5.4
4107,0.2207,0,NORMAL,18.9,4.0,2.5,4.0
4108,0.8444,0,WARNING,19.1,4.5,3.0,4.7
4109,0.4188,0,NORMAL,18.8,3.1,2.8,4.0
4110,0.3497,0,NORMAL,18.9,3.9,2.9,4.0
4111,0.2125,0,NORMAL,18.9,3.3,2.9,4.4
4112,0.2394,0,NORMAL,19.1,4.3,4.1,6.3
4113,0.8448,0,WARNING,19.2,4.0,2.4,3.5
4114,0.3476,0,NORMAL,19.0,3.9,3.8,5.8
4115,0.1536,0,NORMAL,19.0,4.2,3.1,4.5
4116,0.2665,0,NORMAL,19.1,3.7,2.8,4.0
4117,0.2547,0,NORMAL,19.1,3.4,3.1,4.3
4118,0.2578,0,NORMAL,19.2,4.0,3.6,6.7
4119,0.1587,0,NORMAL,19.0,3.9,3.1,4.3
4120,0.3427,0,NORMAL,19.0,4.1,3.0,4.5
4121,0.2253,0,NORMAL,19.0,4.2,2.3,3.5
4122,0.2741,0,NORMAL,19.1,4.0,3.9,5.7
4123,0.3424,0,NORMAL,18.9,4.3,3.3,5.1
4124,0.3439,0,NORMAL,18.8,4.3,3.1,4.9
4125,0.1701,0,NORMAL,19.1,3.9,3.5,4.6
4126,0.4159,0,NORMAL,19.0,3.8,3.8,5.8
4127,0.1588,0,NORMAL,19.0,3.3,2.7,4.4
4128,0.4852,0,NORMAL,19.0,5.0,3.3,4.9
4129,0.408,0,NORMAL,19.0,3.8,3.7,5.9
4130,0.1089,0,NORMAL,19.1,3.8,3.8,5.7
4131,0.4063,0,NORMAL,18.8,3.8,3.1,4.5
4132,0.3364,0,NORMAL,19.0,3.6,2.2,3.3
4133,0.85,0,WARNING,19.3,4.2,2.3,3.5
4134,0.4289,0,NORMAL,19.1,3.8,3.1,5.1
4135,0.2663,0,NORMAL,19.0,4.0,2.5,5.0
4136,0.4199,0,NORMAL,19.1,4.6,4.0,6.1
4137,0.3932,0,NORMAL,19.1,3.4,2.7,4.2
4138,0.4753,0,NORMAL,19.1,5.5,3.4,5.2
4139,0.5816,0,NORMAL,18.9,3.3,4.1,6.1
4140,0.5838,0,NORMAL,19.2,3.9,3.1,5.2
4141,0.159,0,NORMAL,18.9,3.4,3.0,4.8
4142,0.3433,0,NORMAL,19.1,3.7,2.7,4.6
4143,0.1745,0,NORMAL,19.0,4.1,2.8,4.0
4144,0.421,0,NORMAL,19.0,3.4,2.6,4.4
4145,0.2629,0,NORMAL,18.9,4.4,3.5,5.4
4146,0.2757,0,NORMAL,18.9,4.0,3.7,5.4
4147,0.1264,0,NORMAL,18.9,4.0,4.3,5.9
4148,0.3271,0,NORMAL,19.0,4.1,2.8,5.7
4149,0.4081,0,NORMAL,19.0,4.0,2.9,4.9
4150,0.2674,0,NORMAL,19.1,4.1,3.0,4.1
4151,0.2604,0,NORMAL,18.9,3.6,3.0,4.6
4152,0.3463,0,NORMAL,18.9,4.0,3.3,5.1
4153,0.4409,0,NORMAL,19.0,5.3,3.7,5.4
4154,0.199,0,NORMAL,18.9,4.1,3.2,4.6
4155,0.4152,0,NORMAL,19.2,3.1,2.9,4.7
4156,0.1625,0,NORMAL,19.2,4.2,3.4,5.4
4157,0.4025,0,NORMAL,19.1,3.6,3.3,5.1
4158,0.3354,0,NORMAL,19.1,4.8,4.9,7.4
4159,0.7622,0,WARNING,19.0,6.9,3.4,4.9
4160,0.2388,0,NORMAL,19.0,3.7,2.8,4.0
4161,0.249,0,NORMAL,19.1,3.7,3.4,4.9
4162,0.2959,0,NORMAL,19.1,3.8,3.7,5.6
4163,0.5298,0,NORMAL,19.1,4.2,3.5,5.0
4164,0.2466,0,NORMAL,19.1,3.6,3.1,4.9
4165,0.3367,0,NORMAL,19.0,4.3,3.1,4.2
4166,0.341,0,NORMAL,18.8,3.3,3.0,4.7
4167,0.3418,0,NORMAL,18.8,5.1,4.0,5.7
4168,0.2527,0,NORMAL,18.9,4.6,3.1,4.4
4169,0.4122,0,NORMAL,18.5,4.0,3.5,5.2
4170,0.3416,0,NORMAL,18.8,4.0,3.1,4.9
4171,0.4193,0,NORMAL,18.8,4.2,2.2,3.3
4172,0.1523,0,NORMAL,19.0,3.8,3.2,4.9
4173,0.2529,0,NORMAL,19.0,3.8,3.0,5.0
4174,0.3295,0,NORMAL,19.1,4.1,2.8,4.2
4175,0.2626,0,NORMAL,19.2,4.4,3.9,5.6
4176,0.166,0,NORMAL,19.0,4.0,3.2,4.9
4177,0.4093,0,NORMAL,18.9,3.3,3.0,4.7
4178,0.1894,0,NORMAL,19.1,3.8,3.2,5.7
4179,0.1306,0,NORMAL,19.1,3.5,3.1,4.8
4180,0.1605,0,NORMAL,19.0,4.1,3.4,5.6
4181,0.3052,0,NORMAL,19.2,4.2,2.4,3.7
4182,0.2643,0,NORMAL,19.2,3.7,3.2,4.7
4183,0.2291,0,NORMAL,19.0,4.6,3.5,5.0
4184,0.2499,0,NORMAL,18.9,3.4,2.7,4.2
4185,0.1672,0,NORMAL,19.1,3.8,2.8,4.4
4186,0.1759,0,NORMAL,19.0,4.2,3.5,4.5
4187,0.3378,0,NORMAL,19.1,3.3,3.5,5.4
4188,0.136,0,NORMAL,19.2,3.9,2.8,4.6
4189,0.4107,0,NORMAL,19.1,3.9,3.9,5.8
4190,0.2872,0,NORMAL,19.2,4.4,3.4,5.1
4191,0.3303,0,NORMAL,19.2,3.9,3.7,5.1
4192,0.1436,0,NORMAL,19.2,3.3,2.9,4.4
4193,0.2488,0,NORMAL,19.0,3.8,2.6,3.9
4194,0.3422,0,NORMAL,19.2,4.3,3.2,4.7
4195,0.4122,0,NORMAL,19.2,4.6,3.8,5.6
4196,0.1543,0,NORMAL,19.2,3.8,3.7,5.9
4197,0.1422,0,NORMAL,19.1,3.8,3.4,5.2
4198,0.3175,0,NORMAL,19.1,5.2,3.7,5.0
4199,0.4053,0,NORMAL,19.2,4.0,3.4,4.9
4200,0.1288,0,NORMAL,19.1,3.7,3.0,5.0
4201,0.3365,0,NORMAL,19.1,4.1,3.2,5.1
4202,0.2482,0,NORMAL,19.1,3.7,3.2,5.1
4203,0.1313,0,NORMAL,18.8,4.1,3.0,4.7
4204,0.4754,0,NORMAL,18.9,3.5,3.1,4.7
4205,0.1565,0,NORMAL,19.1,4.0,3.0,4.6
4206,0.1619,0,NORMAL,19.1,3.7,2.8,4.2
4207,0.1849,0,NORMAL,19.2,3.7,3.5,5.6
4208,0.2602,0,NORMAL,19.3,4.9,3.9,6.9
4209,0.1237,0,NORMAL,19.2,3.7,3.5,6.4
4210,0.4774,0,NORMAL,19.2,4.1,3.6,5.9
4211,0.3305,0,NORMAL,19.2,4.8,3.4,5.2
4212,0.2924,0,NORMAL,19.3,3.7,3.4,5.7
4213,0.3284,0,NORMAL,19.1,4.9,3.7,6.2
4214,0.5085,0,NORMAL,19.2,4.6,3.2,4.8
4215,0.4766,0,NORMAL,19.2,4.2,3.5,5.5
4216,0.1527,0,NORMAL,19.1,4.7,4.7,6.0
4217,0.1525,0,NORMAL,19.1,3.6,4.1,6.3
4218,0.2285,0,NORMAL,19.3,4.1,3.2,4.7
4219,0.3224,0,NORMAL,19.3,3.6,3.3,5.6
4220,0.1736,0,NORMAL,19.3,5.1,5.0,7.1
4221,0.3167,0,NORMAL,19.0,3.4,2.8,4.4
4222,0.4922,0,NORMAL,19.2,5.6,4.6,6.8
4223,0.7426,0,WARNING,19.0,6.5,3.4,5.1
4224,0.1308,0,NORMAL,19.3,3.8,3.9,5.4
4225,0.3379,0,NORMAL,19.3,4.4,3.2,5.2
4226,0.314,0,NORMAL,19.1,4.8,4.4,6.2
4227,0.1791,0,NORMAL,19.0,4.2,3.3,4.9
4228,0.2378,0,NORMAL,19.3,4.6,3.5,5.0
4229,0.292,0,NORMAL,18.9,3.9,3.0,4.7
4230,0.4103,0,NORMAL,19.2,4.4,4.1,6.1
4231,0.3372,0,NORMAL,19.1,3.9,3.8,5.9
4232,0.1097,0,NORMAL,19.1,4.7,4.0,5.4
4233,0.3963,0,NORMAL,19.4,4.4,4.3,5.9
4234,0.3122,0,NORMAL,19.2,3.9,3.5,5.5
4235,0.4018,0,NORMAL,19.0,4.0,3.8,5.7
4236,0.2414,0,NORMAL,19.4,4.2,4.7,7.3
4237,0.3888,0,NORMAL,19.2,4.8,5.0,7.1
4238,0.1336,0,NORMAL,19.3,4.3,4.3,5.5
4239,0.407,0,NORMAL,19.3,4.1,4.0,6.1
4240,0.2235,0,NORMAL,19.1,4.2,3.8,5.6
4241,0.3162,0,NORMAL,19.1,4.4,3.2,4.7
4242,0.1778,0,NORMAL,19.2,4.6,3.5,5.2
4243,0.4698,0,NORMAL,19.0,4.8,3.7,5.9
4244,0.3074,0,NORMAL,19.4,4.8,4.7,6.8
4245,0.568,0,NORMAL,19.3,4.4,4.5,6.7
4246,0.1171,0,NORMAL,19.3,4.0,4.0,5.6
4247,0.5726,0,NORMAL,19.1,3.9,3.4,5.5
4248,0.2233,0,NORMAL,19.4,4.6,4.7,7.3
4249,0.2251,0,NORMAL,19.2,4.7,4.6,6.5
4250,0.2102,0,NORMAL,19.2,4.1,4.4,3.7
4251,0.3083,0,NORMAL,19.0,4.2,4.0,5.7
4252,0.1213,0,NORMAL,19.3,4.0,4.0,5.8
4253,0.226,0,NORMAL,19.1,4.5,4.3,6.2
4254,0.2263,0,NORMAL,19.3,4.5,4.6,6.7
4255,0.3086,0,NORMAL,19.3,4.4,4.2,6.2
4256,0.2224,0,NORMAL,19.2,4.7,4.7,7.2
4257,0.1266,0,NORMAL,19.2,4.7,4.3,6.4
4258,0.3052,0,NORMAL,19.3,5.6,4.5,6.4
4259,1.0,0,ANOMALY,24.0,10.3,4.5,6.2
4260,0.4339,0,NORMAL,19.3,4.6,4.6,7.1
4261,0.2428,0,NORMAL,19.3,4.7,3.5,5.2
4262,0.2872,0,NORMAL,19.2,4.8,4.6,6.2
4263,0.2855,0,NORMAL,19.3,4.5,5.2,7.4
4264,0.1476,0,NORMAL,19.3,5.3,4.6,6.5
4265,0.1985,0,NORMAL,19.3,4.3,5.2,6.5
4266,0.192,0,NORMAL,19.5,4.2,4.6,5.9
4267,0.1997,0,NORMAL,19.3,5.4,5.8,6.7
4268,0.1715,0,NORMAL,19.4,4.1,5.1,5.3
4269,0.1896,0,NORMAL,19.2,4.5,5.0,5.0
4270,0.2863,0,NORMAL,19.5,4.7,4.1,5.2
4271,0.2102,0,NORMAL,19.5,4.6,4.0,6.2
4272,0.2226,0,NORMAL,19.4,4.8,5.2,7.6
4273,0.165,0,NORMAL,19.1,4.8,4.3,6.4
4274,0.3014,0,NORMAL,19.3,4.6,4.8,5.5
4275,0.4492,0,NORMAL,19.4,4.7,5.2,6.7
4276,0.2053,0,NORMAL,19.5,4.8,4.9,6.9
4277,0.2903,0,NORMAL,19.3,4.1,5.0,5.8
4278,0.172,0,NORMAL,19.5,5.2,5.8,4.2
4279,0.3552,0,NORMAL,19.4,4.8,4.7,6.2
4280,0.1716,0,NORMAL,19.4,5.2,5.6,7.3
4281,0.1234,0,NORMAL,19.5,4.1,5.4,6.0
4282,0.2734,0,NORMAL,19.5,4.6,4.5,4.3
4283,0.3656,0,NORMAL,19.6,4.3,5.5,6.7
4284,0.7771,0,WARNING,19.4,7.9,5.6,6.3
4285,0.2487,0,NORMAL,19.6,3.8,4.0,4.2
4286,0.2286,0,NORMAL,19.6,5.1,6.2,6.5
4287,0.5279,0,NORMAL,19.6,5.9,4.6,5.7
4288,0.2052,0,NORMAL,19.5,4.2,4.5,5.0
4289,0.2481,0,NORMAL,19.5,4.3,3.9,5.4
4290,0.3824,0,NORMAL,19.4,5.0,5.1,7.4
4291,0.2916,0,NORMAL,19.2,4.1,4.4,6.0
4292,0.4183,0,NORMAL,19.4,5.5,4.4,6.2
4293,0.4336,0,NORMAL,19.2,4.5,5.4,7.1
4294,0.2761,0,NORMAL,19.3,4.3,4.9,3.9
4295,0.1353,0,NORMAL,19.6,5.6,5.7,4.9
4296,0.1793,0,NORMAL,19.5,4.3,5.5,6.5
4297,0.1845,0,NORMAL,19.7,5.1,5.3,6.1
4298,0.1292,0,NORMAL,19.4,4.6,5.1,5.9
4299,0.4933,0,NORMAL,19.2,4.2,4.4,5.3
4300,0.1498,0,NORMAL,19.5,4.8,5.1,7.9
4301,0.197,0,NORMAL,19.2,4.7,4.9,6.0
4302,0.1719,0,NORMAL,19.6,5.3,5.6,4.2
4303,0.1894,0,NORMAL,19.3,4.7,4.9,4.8
4304,0.4985,0,NORMAL,19.4,4.4,4.3,6.0
4305,0.1721,0,NORMAL,19.4,4.6,4.7,7.0
4306,0.2902,0,NORMAL,19.2,4.3,4.4,6.2
4307,0.1718,0,NORMAL,19.3,3.9,4.7,6.8
4308,0.377,0,NORMAL,19.5,3.9,4.2,6.4
4309,0.6965,0,WARNING,19.6,4.6,5.3,7.9
4310,0.3657,0,NORMAL,19.3,4.8,4.7,3.9
4311,0.2908,0,NORMAL,19.5,3.9,4.9,4.3
4312,0.1971,0,NORMAL,19.3,4.5,4.6,6.4
4313,0.2739,0,NORMAL,19.2,3.5,3.4,6.4
4314,0.3085,0,NORMAL,19.3,4.5,4.6,6.4
4315,0.1724,0,NORMAL,19.6,4.7,4.6,6.9
4316,0.2977,0,NORMAL,19.5,4.4,5.3,5.8
4317,0.149,0,NORMAL,19.5,4.6,4.1,6.3
4318,0.2036,0,NORMAL,19.5,4.9,4.2,6.4
4319,0.5022,0,NORMAL,19.5,5.3,4.8,6.2
4320,0.1577,0,NORMAL,19.7,3.6,3.6,5.6
4321,0.1725,0,NORMAL,19.8,4.4,4.9,8.1
4322,0.4401,0,NORMAL,19.5,4.0,4.2,6.4
4323,0.1812,0,NORMAL,19.3,4.2,3.7,5.9
4324,0.3795,0,NORMAL,19.4,4.2,3.8,5.5
4325,0.3524,0,NORMAL,19.5,4.2,4.2,5.9
4326,0.2664,0,NORMAL,19.3,4.3,3.4,5.2
4327,0.4727,0,NORMAL,19.4,3.9,5.0,6.9
4328,0.3028,0,NORMAL,19.6,4.4,4.9,8.2
4329,0.1464,0,NORMAL,19.7,4.8,4.3,5.9
4330,0.4444,0,NORMAL,19.6,4.5,4.2,5.7
4331,0.205,0,NORMAL,19.7,5.1,5.0,6.9
4332,0.1966,0,NORMAL,19.4,4.6,5.0,6.5
4333,0.2871,0,NORMAL,19.5,5.1,3.6,4.8
4334,0.3002,0,NORMAL,19.6,4.6,4.4,6.4
4335,0.2963,0,NORMAL,19.5,4.6,4.4,6.6
4336,0.172,0,NORMAL,19.5,4.6,5.0,6.9
4337,0.1975,0,NORMAL,19.5,4.4,5.1,7.2
4338,0.1959,0,NORMAL,19.6,5.0,5.0,6.4
4339,0.372,0,NORMAL,19.6,4.9,4.2,6.1
4340,0.5717,0,NORMAL,19.6,4.9,5.2,5.5
4341,0.4137,0,NORMAL,19.5,5.0,4.0,5.5
4342,0.2092,0,NORMAL,19.6,4.6,4.9,6.6
4343,0.1512,0,NORMAL,19.5,4.1,3.3,4.8
4344,0.7187,0,WARNING,19.5,6.9,4.4,5.9
4345,0.1553,0,NORMAL,19.7,4.4,3.8,5.7
4346,0.4546,0,NORMAL,19.6,4.2,4.7,6.9
4347,0.4497,0,NORMAL,19.4,5.8,4.8,6.6
4348,0.2076,0,NORMAL,19.5,4.7,4.1,6.4
4349,0.1441,0,NORMAL,19.5,4.9,4.2,6.2
4350,0.3758,0,NORMAL,19.6,4.0,4.0,5.7
4351,0.2671,0,NORMAL,19.6,4.5,3.8,5.5
4352,0.5151,0,NORMAL,19.7,4.4,4.6,7.3
4353,0.1469,0,NORMAL,19.3,4.0,3.8,5.8
4354,0.6585,0,WARNING,19.4,4.1,3.5,5.3
4355,0.2066,0,NORMAL,19.5,4.1,3.1,6.2
4356,0.2324,0,NORMAL,19.5,4.2,3.9,6.7
4357,0.1529,0,NORMAL,19.5,4.7,3.9,5.7
4358,0.4539,0,NORMAL,19.5,3.9,4.1,7.1
4359,0.3225,0,NORMAL,19.3,4.4,3.9,5.4
4360,0.2223,0,NORMAL,19.3,4.3,3.1,4.5
4361,0.3198,0,NORMAL,19.6,4.6,3.9,5.8
4362,0.2253,0,NORMAL,19.5,3.8,3.2,4.6
4363,0.2729,0,NORMAL,19.3,4.7,4.0,6.6
4364,0.2258,0,NORMAL,19.3,4.6,3.3,5.1
4365,0.1474,0,NORMAL,19.4,3.7,3.5,5.1
4366,0.2055,0,NORMAL,19.4,4.5,3.6,4.7
4367,0.3907,0,NORMAL,19.6,3.7,3.8,5.7
4368,0.3102,0,NORMAL,19.6,5.0,4.6,6.4
4369,0.4448,0,NORMAL,19.6,4.4,4.2,6.2
4370,0.2952,0,NORMAL,19.3,3.7,2.8,4.4
4371,0.1502,0,NORMAL,19.6,3.9,3.2,5.0
4372,0.3232,0,NORMAL,19.6,4.1,3.8,5.7
4373,0.2325,0,NORMAL,19.4,3.7,4.0,6.3
4374,0.1501,0,NORMAL,19.2,3.9,3.3,4.4
4375,0.2577,0,NORMAL,19.6,4.4,3.3,4.7
4376,0.2369,0,NORMAL,19.7,4.4,4.0,5.7
4377,0.3116,0,NORMAL,19.5,4.6,3.3,5.1
4378,0.3977,0,NORMAL,19.7,4.8,4.1,6.0
4379,0.3309,0,NORMAL,19.6,4.5,3.6,6.3
4380,0.1528,0,NORMAL,19.6,4.0,3.7,5.0
4381,0.227,0,NORMAL,19.5,4.3,3.6,4.5
4382,0.3169,0,NORMAL,19.6,3.9,3.7,5.7
4383,0.2256,0,NORMAL,19.6,4.2,4.4,6.1
4384,0.1443,0,NORMAL,19.5,4.5,3.8,5.9
4385,0.3815,0,NORMAL,19.5,3.8,3.7,5.5
4386,0.3058,0,NORMAL,19.3,4.0,3.5,5.0
4387,0.1539,0,NORMAL,19.5,4.6,4.2,5.9
4388,0.2178,0,NORMAL,19.4,3.8,3.6,6.7
4389,0.5193,0,NORMAL,19.4,4.7,3.0,3.8
4390,0.136,0,NORMAL,19.4,3.9,3.7,5.4
4391,0.3932,0,NORMAL,19.1,4.0,3.4,4.9
4392,0.3382,0,NORMAL,19.4,3.8,3.9,5.2
4393,0.4869,0,NORMAL,19.5,5.2,3.3,5.0
4394,0.2376,0,NORMAL,19.4,4.8,4.0,5.5
4395,0.1444,0,NORMAL,19.4,4.3,4.3,5.7
4396,0.1471,0,NORMAL,19.3,3.6,3.6,4.9
4397,0.2274,0,NORMAL,19.4,4.0,3.9,5.3
4398,0.1926,0,NORMAL,19.5,4.1,3.7,5.5
4399,0.3072,0,NORMAL,19.2,4.1,4.1,6.3
4400,0.8133,0,WARNING,19.5,7.8,4.2,6.2
4401,0.1385,0,NORMAL,19.5,3.9,4.7,6.6
4402,0.1442,0,NORMAL,19.5,4.3,3.5,5.2
4403,0.2098,0,NORMAL,19.3,3.9,2.7,4.2
4404,0.3207,0,NORMAL,19.7,4.0,3.7,5.0
4405,0.3206,0,NORMAL,19.6,4.3,2.5,3.5
4406,0.156,0,NORMAL,19.6,3.7,3.4,6.0
4407,0.4525,0,NORMAL,19.6,5.5,3.5,4.7
4408,0.3963,0,NORMAL,19.4,3.9,3.1,4.5
4409,0.2425,0,NORMAL,19.2,4.1,3.1,4.8
4410,0.531,0,NORMAL,19.2,3.5,3.0,4.3
4411,0.164,0,NORMAL,19.5,3.6,3.5,4.9
4412,0.4039,0,NORMAL,19.7,4.9,4.3,5.9
4413,0.2272,0,NORMAL,19.4,3.4,4.3,5.9
4414,0.2425,0,NORMAL,19.7,4.5,4.0,6.4
4415,0.2228,0,NORMAL,19.7,4.3,3.5,4.4
4416,0.2282,0,NORMAL,19.5,4.4,3.6,5.0
4417,0.3147,0,NORMAL,19.3,4.2,4.2,5.7
4418,0.1414,0,NORMAL,19.4,4.3,3.5,6.2
4419,0.3119,0,NORMAL,19.5,4.7,4.6,6.0
4420,0.3053,0,NORMAL,19.5,4.1,3.2,5.8
4421,0.1444,0,NORMAL,19.3,3.9,3.5,6.0
4422,0.2816,0,NORMAL,19.5,5.1,4.0,5.5
4423,0.4491,0,NORMAL,19.5,6.0,4.7,5.8
4424,0.3857,0,NORMAL,19.5,4.2,4.4,5.5
4425,0.1412,0,NORMAL,19.5,4.5,3.3,4.7
4426,0.4562,0,NORMAL,19.2,4.3,3.5,5.2
4427,0.4647,0,NORMAL,19.4,4.3,3.9,5.2
4428,0.2287,0,NORMAL,19.4,3.9,3.7,5.1
4429,0.5216,0,NORMAL,19.4,4.3,3.4,4.8
4430,0.148,0,NORMAL,19.2,4.1,2.8,4.4
4431,0.3332,0,NORMAL,19.6,3.6,3.5,4.6
4432,0.4054,0,NORMAL,19.6,4.5,4.0,4.8
4433,0.2315,0,NORMAL,19.7,4.4,4.5,6.5
4434,0.4545,0,NORMAL,19.4,4.1,3.9,5.4
4435,0.3352,0,NORMAL,19.6,5.3,3.7,4.8
4436,0.1656,0,NORMAL,19.6,4.1,4.4,5.9
4437,0.4979,0,NORMAL,19.8,5.4,4.0,2.7
4438,0.2672,0,NORMAL,19.5,4.1,2.7,2.3
4439,0.39,0,NORMAL,19.6,4.6,4.2,6.1
4440,0.2237,0,NORMAL,19.3,4.2,3.2,4.5
4441,0.2322,0,NORMAL,19.3,4.0,4.0,5.2
4442,0.1444,0,NORMAL,19.5,3.8,4.1,5.8
4443,0.4519,0,NORMAL,19.1,4.4,4.4,4.0
4444,0.2155,0,NORMAL,18.8,3.7,3.1,3.5
4445,0.3216,0,NORMAL,19.1,4.1,3.2,4.9
4446,0.1746,0,NORMAL,19.2,3.7,2.1,3.2
4447,0.4158,0,NORMAL,19.3,3.7,4.2,5.5
4448,0.2406,0,NORMAL,19.4,4.5,4.1,7.6
4449,0.24,0,NORMAL,19.4,5.0,4.6,6.6
4450,0.1567,0,NORMAL,19.3,4.7,3.4,4.5
4451,0.2162,0,NORMAL,19.5,4.8,4.3,6.4
4452,0.3795,0,NORMAL,19.5,5.2,4.0,5.9
4453,0.3791,0,NORMAL,19.5,4.1,3.4,5.2
4454,0.1926,0,NORMAL,19.6,4.4,4.2,5.8
4455,0.568,0,NORMAL,19.5,4.2,3.5,5.0
4456,0.3143,0,NORMAL,19.2,3.4,3.6,4.7
4457,0.3187,0,NORMAL,19.3,4.5,4.5,7.0
4458,0.307,0,NORMAL,19.4,4.0,3.4,5.0
4459,0.2225,0,NORMAL,19.4,3.8,2.9,4.0
4460,0.8304,0,WARNING,19.3,8.0,4.3,5.3
4461,0.3134,0,NORMAL,19.6,3.7,3.9,5.5
4462,0.2897,0,NORMAL,19.6,4.3,3.1,4.5
4463,0.2296,0,NORMAL,19.4,3.8,3.7,5.3
4464,0.312,0,NORMAL,19.6,4.7,3.7,4.7
4465,0.3144,0,NORMAL,19.6,3.6,2.7,3.8
4466,0.2781,0,NORMAL,19.5,4.3,2.9,4.2
4467,0.1531,0,NORMAL,19.6,4.2,3.2,4.7
4468,0.3302,0,NORMAL,19.6,4.5,3.4,4.7
4469,0.1447,0,NORMAL,19.4,3.3,2.9,4.2
4470,0.1448,0,NORMAL,19.4,4.4,2.9,3.5
4471,0.4713,0,NORMAL,19.3,3.9,3.0,4.7
4472,0.3334,0,NORMAL,19.5,4.0,3.6,5.5
4473,0.5305,0,NORMAL,19.4,3.8,3.7,5.0
4474,0.2332,0,NORMAL,19.5,3.8,4.0,6.9
4475,0.3904,0,NORMAL,19.6,4.7,4.0,5.7
4476,0.3864,0,NORMAL,19.6,4.6,3.4,4.9
4477,0.1445,0,NORMAL,19.5,3.8,3.4,4.9
4478,0.1473,0,NORMAL,19.7,4.2,3.7,6.2
4479,0.1472,0,NORMAL,19.6,3.6,2.8,4.2
4480,0.3278,0,NORMAL,19.3,4.9,4.4,5.7
4481,0.2264,0,NORMAL,19.2,4.4,4.4,5.3
4482,0.3114,0,NORMAL,19.4,4.9,3.7,6.6
4483,0.3071,0,NORMAL,19.4,4.2,3.7,5.2
4484,0.1291,0,NORMAL,19.3,4.2,3.4,5.6
4485,0.6235,0,WARNING,19.1,4.5,3.3,4.8
4486,0.1605,0,NORMAL,19.0,3.7,3.6,5.6
4487,0.2319,0,NORMAL,19.4,3.7,3.8,5.9
4488,0.3162,0,NORMAL,19.4,4.8,4.0,5.4
4489,0.4557,0,NORMAL,19.0,3.7,3.1,4.8
4490,0.2007,0,NORMAL,19.0,4.2,3.3,4.9
4491,0.2396,0,NORMAL,18.8,3.8,3.7,5.4
4492,0.1253,0,NORMAL,19.2,4.1,3.0,5.4
4493,0.4743,0,NORMAL,19.2,3.9,3.8,4.7
4494,0.2383,0,NORMAL,19.2,4.0,3.9,5.4
4495,0.4632,0,NORMAL,19.2,5.0,4.1,5.8
4496,0.5199,0,NORMAL,19.0,4.0,4.3,7.2
4497,0.2227,0,NORMAL,19.2,3.9,3.8,5.7
4498,0.5085,0,NORMAL,19.0,5.4,3.9,5.6
4499,0.1302,0,NORMAL,19.1,4.6,4.5,6.4
4500,0.2232,0,NORMAL,18.9,3.9,3.3,5.2
4501,0.1073,0,NORMAL,18.9,3.7,3.2,4.8
4502,0.4695,0,NORMAL,18.6,4.0,3.2,4.7
4503,0.3303,0,NORMAL,19.1,3.7,4.0,6.1
4504,0.4005,0,NORMAL,19.1,4.2,3.2,4.7
4505,0.3296,0,NORMAL,19.2,4.0,3.4,4.9
4506,0.4727,0,NORMAL,19.2,4.4,4.3,5.7
4507,0.2325,0,NORMAL,18.9,4.3,4.6,6.2
4508,0.1269,0,NORMAL,19.2,4.4,3.8,6.9
4509,0.3914,0,NORMAL,19.0,4.3,3.6,5.4
4510,0.5251,0,NORMAL,19.5,5.0,4.1,6.0
4511,0.1729,0,NORMAL,19.8,4.7,4.9,6.9
4512,0.1524,0,NORMAL,19.7,4.8,4.5,6.0
4513,0.3835,0,NORMAL,19.3,5.6,4.4,6.4
4514,0.3726,0,NORMAL,19.5,4.0,3.8,5.3
4515,0.5138,0,NORMAL,19.4,3.9,4.7,7.4
4516,0.1721,0,NORMAL,19.6,4.2,3.9,8.0
4517,0.2135,0,NORMAL,19.5,4.5,4.8,8.1
4518,0.262,0,NORMAL,19.6,5.5,5.1,6.2
4519,0.1924,0,NORMAL,19.6,4.0,4.3,5.9
4520,0.7831,0,WARNING,19.6,7.9,4.4,6.4
4521,0.1985,0,NORMAL,19.5,4.5,4.7,6.0
4522,0.1717,0,NORMAL,19.7,4.5,4.5,6.7
4523,0.1999,0,NORMAL,19.7,4.5,4.6,6.6
4524,0.373,0,NORMAL,19.7,4.4,5.6,6.0
4525,0.357,0,NORMAL,19.7,4.9,4.6,3.6
4526,0.3606,0,NORMAL,19.5,5.5,4.9,7.2
4527,0.2502,0,NORMAL,19.8,5.3,5.5,6.3
4528,0.3058,0,NORMAL,19.7,5.0,5.3,4.1
4529,0.2191,0,NORMAL,19.5,4.7,4.8,4.8
4530,0.2222,0,NORMAL,19.7,5.2,5.6,7.6
4531,0.4282,0,NORMAL,19.5,4.4,4.6,4.2
4532,0.1568,0,NORMAL,19.5,5.1,5.5,5.0
4533,0.1675,0,NORMAL,19.5,4.9,5.3,6.7
4534,0.2721,0,NORMAL,19.4,4.3,5.5,5.6
4535,0.2363,0,NORMAL,19.6,5.7,5.4,5.1
4536,0.1397,0,NORMAL,19.4,4.6,4.8,5.3
4537,0.3617,0,NORMAL,19.5,4.7,5.0,6.3
4538,0.279,0,NORMAL,19.4,4.5,4.9,6.1
4539,0.4331,0,NORMAL,19.2,4.3,5.0,4.6
4540,0.2203,0,NORMAL,19.5,5.0,5.0,5.5
4541,0.219,0,NORMAL,19.6,5.4,5.5,6.7
4542,0.2007,0,NORMAL,19.5,5.0,4.3,4.3
4543,0.157,0,NORMAL,19.6,4.8,4.8,5.0
4544,0.1886,0,NORMAL,19.5,4.8,4.7,6.7
4545,0.1902,0,NORMAL,19.6,5.1,5.0,6.9
4546,0.3632,0,NORMAL,19.4,3.7,3.5,5.7
4547,0.3015,0,NORMAL,19.4,4.6,5.3,8.8
4548,0.3345,0,NORMAL,19.7,5.6,5.5,6.3
4549,0.2561,0,NORMAL,19.5,4.7,5.9,4.0
4550,0.3415,0,NORMAL,19.5,4.9,4.3,5.7
4551,0.2748,0,NORMAL,19.3,4.3,4.9,6.9
4552,0.1588,0,NORMAL,19.2,4.1,3.7,5.6
4553,0.2226,0,NORMAL,19.4,4.6,5.2,7.6
4554,0.1989,0,NORMAL,19.4,3.7,3.9,5.9
4555,0.4487,0,NORMAL,19.7,5.0,5.2,6.5
4556,0.2206,0,NORMAL,19.8,4.9,5.3,3.7
4557,0.3677,0,NORMAL,19.6,5.6,5.3,5.5
4558,0.2603,0,NORMAL,19.7,4.5,4.6,6.5
4559,0.418,0,NORMAL,19.7,5.8,5.3,6.9
4560,0.4808,0,NORMAL,19.5,4.7,4.5,6.5
4561,0.1629,0,NORMAL,19.5,5.3,6.1,6.3
4562,0.4221,0,NORMAL,19.7,3.7,4.3,2.9
4563,0.1623,0,NORMAL,19.5,4.3,5.5,5.7
4564,0.1824,0,NORMAL,19.7,4.9,5.4,6.7
4565,0.218,0,NORMAL,19.6,4.7,4.9,5.5
4566,0.1713,0,NORMAL,19.6,4.6,4.5,3.9
4567,0.1933,0,NORMAL,19.4,3.7,4.4,5.7
4568,0.2943,0,NORMAL,19.7,4.3,4.1,7.6
4569,0.1606,0,NORMAL,19.4,4.4,4.7,6.5
4570,0.3741,0,NORMAL,19.5,4.0,4.2,6.4
4571,0.1525,0,NORMAL,19.6,4.7,4.4,5.9
4572,0.3639,0,NORMAL,19.7,5.9,5.5,7.4
4573,0.1851,0,NORMAL,19.4,4.6,4.3,5.0
4574,0.1718,0,NORMAL,19.6,4.6,4.7,7.1
4575,0.2693,0,NORMAL,19.6,4.5,4.6,6.7
4576,0.5023,0,NORMAL,19.7,6.0,4.7,6.4
4577,0.1741,0,NORMAL,19.5,3.5,4.4,6.8
4578,0.498,0,NORMAL,19.7,5.4,5.0,4.4
4579,0.2161,0,NORMAL,19.4,3.3,4.4,4.1
4580,0.3695,0,NORMAL,19.5,4.8,5.2,7.1
4581,0.1522,0,NORMAL,19.6,5.1,5.2,7.5
4582,0.5059,0,NORMAL,19.4,4.4,4.5,3.9
4583,0.7472,0,WARNING,19.7,7.3,4.8,7.4
4584,0.2388,0,NORMAL,19.4,4.4,4.1,7.4
4585,0.2951,0,NORMAL,19.7,4.9,5.1,7.6
4586,0.191,0,NORMAL,19.6,5.2,5.7,6.9
4587,0.4175,0,NORMAL,19.7,6.7,5.3,3.5
4588,0.3408,0,NORMAL,19.7,5.0,5.4,6.0
4589,0.2242,0,NORMAL,19.5,4.1,5.0,8.4
4590,0.2208,0,NORMAL,19.7,5.3,5.2,5.1
4591,0.2216,0,NORMAL,19.3,3.9,4.4,3.4
4592,0.191,0,NORMAL,19.7,5.4,6.2,7.4
4593,0.1732,0,NORMAL,19.4,4.1,4.8,6.7
4594,0.4244,0,NORMAL,19.6,5.7,5.2,4.6
4595,0.8421,0,WARNING,20.1,5.9,5.6,5.1
4596,0.2007,0,NORMAL,19.9,5.1,4.9,6.3
4597,0.1792,0,NORMAL,19.4,4.4,5.6,5.7
4598,0.3468,0,NORMAL,19.4,4.8,6.2,6.6
4599,0.4171,0,NORMAL,19.4,4.2,4.6,5.8
4600,0.2777,0,NORMAL,19.8,5.0,5.3,7.6
4601,0.4789,0,NORMAL,19.8,5.8,5.7,6.4
4602,0.3242,0,NORMAL,19.8,6.0,5.6,5.2
4603,0.1861,0,NORMAL,19.5,5.3,5.8,6.0
4604,0.1854,0,NORMAL,19.5,5.2,5.7,6.7
4605,0.3145,0,NORMAL,19.7,5.5,6.3,5.8
4606,0.38,0,NORMAL,19.6,5.6,6.7,6.6
4607,0.2068,0,NORMAL,19.4,5.2,5.9,6.3
4608,0.202,0,NORMAL,19.8,5.2,6.3,7.3
4609,0.211,0,NORMAL,19.8,5.0,5.6,7.2
4610,0.2003,0,NORMAL,19.5,5.2,6.2,6.5
4611,0.1997,0,NORMAL,19.7,4.7,5.5,5.5
4612,0.1866,0,NORMAL,19.6,5.4,5.8,6.0
4613,0.1906,0,NORMAL,19.6,4.7,5.5,5.8
4614,0.1791,0,NORMAL,19.5,5.0,5.5,4.9
4615,0.3691,0,NORMAL,19.7,7.7,7.7,6.2
4616,0.256,0,NORMAL,19.5,5.3,6.4,7.4
4617,0.4175,0,NORMAL,19.5,5.7,5.9,7.5
4618,0.1932,0,NORMAL,19.7,5.1,5.8,6.7
4619,0.201,0,NORMAL,19.8,5.3,6.4,6.6
4620,0.2507,0,NORMAL,19.9,5.5,6.4,7.0
4621,0.2137,0,NORMAL,19.6,5.6,6.7,7.3
4622,0.2194,0,NORMAL,19.9,5.7,7.5,9.3
4623,0.2196,0,NORMAL,19.7,5.1,6.8,8.1
4624,0.2241,0,NORMAL,19.7,6.1,7.9,6.8
4625,0.2893,0,NORMAL,19.7,6.2,8.7,8.0
4626,0.2258,0,NORMAL,19.7,6.0,7.8,7.3
4627,0.353,0,NORMAL,19.7,6.7,9.1,8.2
4628,0.226,0,NORMAL,19.9,5.9,7.2,7.8
4629,0.2106,0,NORMAL,19.8,5.6,6.6,6.6
4630,0.2812,0,NORMAL,19.8,5.4,6.9,7.6
4631,0.3572,0,NORMAL,19.9,6.6,7.1,6.6
4632,0.1952,0,NORMAL,19.9,6.0,7.4,6.9
4633,0.3731,0,NORMAL,20.0,7.7,9.9,9.4
4634,0.2698,0,NORMAL,19.6,5.7,7.5,7.1
4635,0.2344,0,NORMAL,19.8,5.7,7.1,6.9
4636,0.3027,0,NORMAL,19.9,6.9,9.1,8.4
4637,0.2693,0,NORMAL,19.8,5.8,8.3,7.8
4638,0.2517,0,NORMAL,19.8,5.6,7.0,6.5
4639,0.2295,0,NORMAL,19.9,6.6,7.5,8.7
4640,0.7353,0,WARNING,19.8,9.4,8.6,7.6
4641,0.266,0,NORMAL,19.9,6.6,8.6,7.9
4642,0.2706,0,NORMAL,19.9,6.3,8.0,7.9
4643,0.2791,0,NORMAL,19.7,6.0,7.0,6.2
4644,0.2898,0,NORMAL,19.5,5.4,7.1,7.0
4645,0.3797,0,NORMAL,20.0,7.8,10.2,9.6
4646,0.2588,0,NORMAL,19.9,6.5,7.8,8.3
4647,0.2939,0,NORMAL,20.0,6.8,9.0,8.2
4648,0.3511,0,NORMAL,20.0,6.7,8.1,7.8
4649,0.2862,0,NORMAL,19.6,6.8,8.6,7.9
4650,0.2724,0,NORMAL,19.9,6.5,7.9,7.4
4651,0.2626,0,NORMAL,19.8,6.1,8.3,7.6
4652,0.2631,0,NORMAL,19.8,6.8,7.7,6.7
4653,0.2591,0,NORMAL,19.8,5.9,8.6,7.6
4654,0.2641,0,NORMAL,19.9,6.2,8.3,7.8
4655,0.8263,0,WARNING,20.1,6.2,7.6,7.3
4656,0.2636,0,NORMAL,19.7,6.4,8.1,7.0
4657,0.2721,0,NORMAL,19.6,6.5,7.7,7.1
4658,0.3313,0,NORMAL,19.8,6.9,8.4,8.6
4659,0.2624,0,NORMAL,19.6,5.8,7.0,6.6
4660,0.2766,0,NORMAL,19.7,6.7,8.8,8.2
4661,0.2894,0,NORMAL,20.1,7.3,9.0,7.7
4662,0.2581,0,NORMAL,19.9,6.3,8.3,8.0
4663,0.4695,0,NORMAL,19.7,7.4,8.2,7.2
4664,0.3214,0,NORMAL,19.8,6.8,9.5,8.9
4665,0.3036,0,NORMAL,20.0,6.3,8.5,8.1
4666,0.3276,0,NORMAL,19.8,7.0,9.4,8.0
4667,0.2864,0,NORMAL,19.8,6.5,8.2,9.1
4668,0.2618,0,NORMAL,20.0,6.2,8.5,8.0
4669,0.2693,0,NORMAL,19.9,6.0,8.2,8.9
4670,0.3552,0,NORMAL,19.7,7.8,9.9,10.4
4671,0.3199,0,NORMAL,19.8,5.4,7.2,7.3
4672,0.3011,0,NORMAL,19.6,6.5,8.4,7.5
4673,0.27,0,NORMAL,19.5,6.3,7.9,7.6
4674,0.2866,0,NORMAL,19.7,6.2,8.8,7.9
4675,0.2703,0,NORMAL,19.9,6.7,8.7,9.0
4676,0.2579,0,NORMAL,20.0,7.3,8.6,8.1
4677,0.4574,0,NORMAL,20.1,8.3,8.7,8.5
4678,0.2842,0,NORMAL,19.9,6.4,8.5,7.4
4679,0.3083,0,NORMAL,19.7,6.6,9.0,8.1
4680,0.2881,0,NORMAL,19.9,6.9,9.0,8.1
4681,0.2882,0,NORMAL,19.8,6.6,9.1,8.8
4682,0.2916,0,NORMAL,19.9,5.3,7.1,6.6
4683,0.3371,0,NORMAL,19.7,6.6,9.6,9.8
4684,0.2738,0,NORMAL,19.8,6.5,8.9,8.1
4685,0.2543,0,NORMAL,19.9,5.9,7.7,7.4
4686,0.2695,0,NORMAL,19.6,5.9,7.6,7.6
4687,0.3172,0,NORMAL,19.7,6.2,9.3,9.1
4688,0.275,0,NORMAL,19.8,6.5,8.2,8.6
4689,0.3286,0,NORMAL,19.9,6.9,9.4,9.4
4690,0.28,0,NORMAL,19.7,6.3,8.7,7.9
4691,0.2953,0,NORMAL,19.9,6.6,9.3,9.3
4692,0.3376,0,NORMAL,20.2,7.8,9.7,8.1
4693,0.3562,0,NORMAL,19.9,7.7,9.7,9.7
4694,0.3992,0,NORMAL,20.1,7.3,10.3,7.7
4695,0.4137,0,NORMAL,20.1,7.3,8.5,7.4
4696,0.3399,0,NORMAL,19.8,7.1,9.6,9.1
4697,0.2826,0,NORMAL,19.8,6.2,9.1,8.1
4698,0.3272,0,NORMAL,19.9,7.3,9.6,8.9
4699,0.379,0,NORMAL,20.0,7.0,10.1,8.8
4700,0.2819,0,NORMAL,20.0,6.5,8.7,8.2
4701,0.2656,0,NORMAL,20.0,6.7,8.8,8.6
4702,0.3459,0,NORMAL,20.0,7.2,9.9,9.1
4703,0.4918,0,NORMAL,19.8,6.0,9.9,9.1
4704,0.7708,0,WARNING,19.9,9.9,9.9,9.1
4705,0.4055,0,NORMAL,19.9,5.8,7.2,7.5
4706,0.5196,0,NORMAL,20.0,7.1,8.8,7.3
4707,0.4876,0,NORMAL,19.8,7.9,9.1,8.8
4708,0.2912,0,NORMAL,19.7,6.9,9.0,8.8
4709,0.3628,0,NORMAL,19.9,7.6,9.7,8.2
4710,0.2815,0,NORMAL,19.9,6.1,8.8,8.4
4711,0.3833,0,NORMAL,20.0,8.0,10.1,9.2
4712,0.3037,0,NORMAL,20.0,6.6,8.9,8.3
4713,0.3147,0,NORMAL,19.9,7.0,9.4,8.8
4714,0.4919,0,NORMAL,19.8,6.1,9.3,8.8
4715,0.2987,0,NORMAL,20.1,6.8,8.6,8.3
4716,0.3189,0,NORMAL,20.0,7.2,9.3,8.8
4717,0.2633,0,NORMAL,19.7,5.3,7.2,7.0
4718,0.3452,0,NORMAL,20.1,7.4,9.7,10.6
4719,0.3268,0,NORMAL,19.7,6.7,9.5,8.4
4720,0.2687,0,NORMAL,20.1,6.8,8.3,7.9
4721,0.2622,0,NORMAL,20.1,6.5,8.6,8.0
4722,0.4358,0,NORMAL,20.0,7.2,8.2,8.5
4723,0.3037,0,NORMAL,19.7,7.1,9.3,10.1
4724,0.4147,0,NORMAL,19.9,6.2,7.2,7.3
4725,0.3705,0,NORMAL,19.8,7.0,9.7,8.8
4726,0.3502,0,NORMAL,19.9,6.2,8.6,8.5
4727,0.2834,0,NORMAL,19.8,6.4,8.9,8.1
4728,0.2872,0,NORMAL,20.1,6.2,9.1,9.1
4729,0.3236,0,NORMAL,20.1,6.8,9.3,8.6
4730,0.255,0,NORMAL,19.7,5.8,7.9,8.2
4731,0.3153,0,NORMAL,20.0,6.4,9.5,8.8
4732,0.2982,0,NORMAL,20.1,6.1,8.2,8.6
4733,0.2905,0,NORMAL,20.0,6.2,9.1,8.9
4734,0.3063,0,NORMAL,19.9,6.4,9.3,8.8
4735,0.3301,0,NORMAL,20.1,7.2,9.5,8.8
4736,0.3222,0,NORMAL,20.1,7.0,9.5,9.0
4737,0.268,0,NORMAL,20.1,6.6,8.9,7.9
4738,0.3622,0,NORMAL,20.0,7.9,9.8,7.8
4739,0.321,0,NORMAL,19.6,5.9,8.4,8.7
4740,0.4698,0,NORMAL,20.0,7.9,11.4,9.4
4741,0.3199,0,NORMAL,19.8,6.2,9.1,6.5
4742,0.3663,0,NORMAL,20.0,7.1,10.0,9.4
4743,0.2795,0,NORMAL,19.6,5.5,7.6,7.5
4744,0.2409,0,NORMAL,19.6,6.6,8.5,7.5
4745,0.2731,0,NORMAL,19.9,5.6,8.5,8.1
4746,0.275,0,NORMAL,20.0,6.3,8.0,8.2
4747,0.2711,0,NORMAL,19.7,6.8,8.8,8.8
4748,0.354,0,NORMAL,19.9,6.8,9.9,10.4
4749,0.2938,0,NORMAL,19.8,6.4,8.4,7.6
4750,0.2481,0,NORMAL,20.1,5.9,7.9,8.1
4751,0.3051,0,NORMAL,20.1,6.7,9.3,9.0
4752,0.3572,0,NORMAL,20.1,7.4,9.8,8.3
4753,0.3206,0,NORMAL,19.8,7.1,8.5,8.6
4754,0.333,0,NORMAL,20.0,6.9,8.4,7.2
4755,0.3155,0,NORMAL,20.0,6.4,9.1,8.8
4756,0.3055,0,NORMAL,19.8,6.5,9.1,8.2
4757,0.2598,0,NORMAL,19.7,5.9,8.8,8.8
4758,0.3457,0,NORMAL,19.8,6.8,9.5,7.8
4759,0.3324,0,NORMAL,19.6,6.7,9.6,8.8
4760,0.312,0,NORMAL,19.7,5.5,8.5,7.8
4761,0.3096,0,NORMAL,19.9,7.0,9.1,8.4
4762,0.2487,0,NORMAL,20.0,6.2,8.2,8.3
4763,0.3392,0,NORMAL,19.8,6.5,9.7,8.4
4764,0.2973,0,NORMAL,19.7,5.3,7.9,8.0
4765,0.7952,0,WARNING,19.8,9.3,8.5,8.3
4766,0.4385,0,NORMAL,20.1,7.5,10.9,9.1
4767,0.4884,0,NORMAL,19.9,7.5,8.6,8.6
4768,0.357,0,NORMAL,20.1,7.8,9.8,8.9
4769,0.3114,0,NORMAL,19.9,6.2,8.5,8.0
4770,0.3653,0,NORMAL,19.8,7.5,9.8,8.7
4771,0.2729,0,NORMAL,19.7,5.4,8.0,8.0
4772,0.3764,0,NORMAL,20.1,7.3,10.0,8.9
4773,0.2949,0,NORMAL,19.8,6.0,8.4,7.8
4774,0.3266,0,NORMAL,19.7,6.2,9.0,8.4
4775,0.2482,0,NORMAL,20.0,6.4,7.7,8.3
4776,0.3353,0,NORMAL,19.9,6.4,9.6,8.8
4777,0.2623,0,NORMAL,20.0,6.9,8.2,7.5
4778,0.2476,0,NORMAL,20.0,6.3,8.1,9.1
4779,0.4151,0,NORMAL,20.1,8.1,10.2,9.1
4780,0.271,0,NORMAL,20.0,6.7,7.7,7.5
4781,0.3591,0,NORMAL,20.0,6.4,9.8,8.9
4782,0.3571,0,NORMAL,20.0,7.3,8.3,7.4
4783,0.2916,0,NORMAL,19.9,7.3,8.8,8.8
4784,0.2533,0,NORMAL,19.6,6.5,8.5,8.4
4785,0.2497,0,NORMAL,19.9,6.6,8.6,7.9
4786,0.3411,0,NORMAL,20.0,6.6,9.5,8.8
4787,0.3307,0,NORMAL,19.9,7.3,9.6,8.8
4788,0.3036,0,NORMAL,20.0,6.3,8.9,8.7
4789,0.282,0,NORMAL,20.1,7.0,9.1,8.6
4790,0.2988,0,NORMAL,19.9,6.4,8.8,8.3
4791,0.2698,0,NORMAL,20.0,6.4,9.1,8.8
4792,0.2597,0,NORMAL,20.0,6.6,8.8,8.7
4793,0.2522,0,NORMAL,20.0,5.9,8.6,8.6
4794,0.2774,0,NORMAL,20.1,6.8,9.1,7.4
4795,0.2874,0,NORMAL,20.0,6.4,9.0,7.4
4796,0.3724,0,NORMAL,19.8,7.7,9.6,9.7
4797,0.3064,0,NORMAL,19.7,7.2,9.2,8.0
4798,0.4144,0,NORMAL,20.0,8.3,10.3,8.8
4799,0.3829,0,NORMAL,19.8,7.2,10.2,8.4
4800,0.322,0,NORMAL,19.7,6.2,9.0,8.4
4801,0.3382,0,NORMAL,20.0,6.6,9.4,8.6
4802,0.2825,0,NORMAL,19.9,6.2,8.4,7.6
4803,0.2999,0,NORMAL,20.0,6.9,9.2,8.6
4804,0.2442,0,NORMAL,20.0,6.0,8.2,7.5
4805,0.3164,0,NORMAL,20.0,7.3,9.3,8.4
4806,0.2942,0,NORMAL,19.9,6.2,8.7,8.7
4807,0.321,0,NORMAL,19.9,7.1,9.0,7.9
4808,0.2504,0,NORMAL,20.0,6.0,8.3,8.8
4809,0.2882,0,NORMAL,19.9,6.2,9.2,9.3
4810,0.2935,0,NORMAL,19.7,6.9,8.9,7.4
4811,0.3241,0,NORMAL,19.7,6.9,9.4,9.5
4812,0.3796,0,NORMAL,20.0,7.9,9.6,8.4
4813,0.289,0,NORMAL,20.0,6.7,8.6,8.7
4814,0.2946,0,NORMAL,19.9,6.6,9.2,8.4
4815,0.2556,0,NORMAL,19.9,5.5,7.5,7.5
4816,0.3122,0,NORMAL,19.8,6.8,9.2,7.9
4817,0.2845,0,NORMAL,19.9,5.8,7.5,7.5
4818,0.321,0,NORMAL,20.0,7.2,9.3,8.6
4819,0.2875,0,NORMAL,20.0,6.4,8.9,8.1
4820,0.7753,0,WARNING,20.1,9.4,9.1,9.7
4821,0.369,0,NORMAL,20.0,7.0,9.2,7.8
4822,0.4047,0,NORMAL,20.1,7.4,10.3,9.6
4823,0.2966,0,NORMAL,20.0,6.1,8.7,8.2
4824,0.3573,0,NORMAL,20.2,7.4,9.8,8.6
4825,0.2808,0,NORMAL,19.8,6.2,8.8,8.4
4826,0.2986,0,NORMAL,20.0,6.4,8.6,8.3
4827,0.479,0,NORMAL,20.0,7.4,8.5,8.7
4828,0.2601,0,NORMAL,19.9,7.0,8.4,7.8
4829,0.2732,0,NORMAL,19.7,6.2,8.4,7.8
4830,0.3664,0,NORMAL,19.9,7.4,9.9,8.9
4831,0.386,0,NORMAL,19.7,7.2,10.1,9.3
4832,0.3446,0,NORMAL,20.1,6.4,9.6,7.8
4833,0.3148,0,NORMAL,19.9,6.4,8.3,8.3
4834,0.2504,0,NORMAL,19.7,6.1,8.5,8.3
4835,0.2836,0,NORMAL,19.9,6.6,8.8,8.1
4836,0.3838,0,NORMAL,19.9,7.6,10.1,8.5
4837,0.3469,0,NORMAL,19.7,7.4,9.6,8.9
4838,0.3042,0,NORMAL,19.8,6.3,8.7,9.0
4839,0.3115,0,NORMAL,19.7,7.0,8.9,8.1
4840,0.2998,0,NORMAL,19.9,6.5,9.1,8.2
4841,0.308,0,NORMAL,19.9,7.4,9.4,8.8
4842,0.4127,0,NORMAL,19.9,7.5,10.2,8.9
4843,0.4436,0,NORMAL,19.9,7.8,9.6,9.0
4844,0.2956,0,NORMAL,19.7,6.0,8.6,7.2
4845,0.2594,0,NORMAL,19.6,5.8,7.0,6.8
4846,0.2594,0,NORMAL,19.7,6.2,8.5,8.1
4847,0.2302,0,NORMAL,19.6,5.6,7.0,6.6
4848,0.3303,0,NORMAL,19.8,7.1,9.5,9.0
4849,0.3481,0,NORMAL,19.9,6.6,9.5,8.0
4850,0.2838,0,NORMAL,19.7,6.2,8.2,7.8
4851,0.3063,0,NORMAL,20.1,6.5,9.3,9.1
4852,0.2876,0,NORMAL,19.9,5.8,7.9,7.1
4853,0.2967,0,NORMAL,19.4,5.7,6.9,6.7
4854,0.4173,0,NORMAL,19.7,7.7,10.6,9.0
4855,0.2837,0,NORMAL,19.9,6.2,7.9,8.0
4856,0.3021,0,NORMAL,19.6,6.4,7.5,7.3
4857,0.4317,0,NORMAL,19.7,7.3,9.2,8.7
4858,0.2628,0,NORMAL,19.6,6.0,7.7,7.1
4859,0.2469,0,NORMAL,19.5,5.4,7.9,7.1
4860,0.2338,0,NORMAL,19.6,6.7,8.4,8.0
4861,0.2581,0,NORMAL,19.9,6.2,8.1,7.1
4862,0.2449,0,NORMAL,19.8,6.5,8.0,8.1
4863,0.2019,0,NORMAL,19.6,5.3,7.3,6.6
4864,0.2822,0,NORMAL,19.9,6.9,8.9,8.5
4865,0.4205,0,NORMAL,19.6,7.1,10.0,8.9
4866,0.3742,0,NORMAL,19.9,6.5,9.3,7.4
4867,0.3444,0,NORMAL,20.0,7.3,9.7,9.3
4868,0.2721,0,NORMAL,20.3,6.3,8.7,9.1
4869,0.3081,0,NORMAL,20.3,6.3,9.1,8.2
4870,0.3049,0,NORMAL,19.7,6.0,7.5,6.4
4871,0.2771,0,NORMAL,20.1,6.5,8.8,8.3
4872,0.3763,0,NORMAL,20.0,7.7,9.6,8.6
4873,0.3088,0,NORMAL,19.8,6.8,8.1,7.9
4874,0.3114,0,NORMAL,19.9,6.5,9.0,8.0
4875,0.277,0,NORMAL,19.7,6.2,8.0,7.6
4876,0.2816,0,NORMAL,19.7,6.4,8.6,8.4
4877,0.3982,0,NORMAL,19.8,6.6,9.8,9.0
4878,0.2617,0,NORMAL,19.9,5.8,7.6,7.2
4879,0.3007,0,NORMAL,19.8,5.5,7.5,6.7
4880,0.7699,0,WARNING,19.9,7.9,6.2,6.3
4881,0.2726,0,NORMAL,19.6,6.5,8.9,8.1
4882,0.2624,0,NORMAL,19.8,5.7,7.7,7.4
4883,0.3588,0,NORMAL,19.6,6.6,9.5,8.3
4884,0.2422,0,NORMAL,19.6,5.9,7.8,7.1
4885,0.2686,0,NORMAL,19.7,6.4,7.6,7.3
4886,0.3005,0,NORMAL,19.7,7.0,9.2,7.8
4887,0.3093,0,NORMAL,19.7,6.6,8.6,7.9
4888,0.3006,0,NORMAL,19.8,6.8,8.1,7.1
4889,0.2673,0,NORMAL,19.6,6.7,8.4,7.2
4890,0.2326,0,NORMAL,19.9,5.7,7.5,6.7
4891,0.4459,0,NORMAL,19.6,4.9,6.5,6.1
4892,0.18,0,NORMAL,20.1,6.6,7.3,6.9
4893,0.2399,0,NORMAL,19.7,5.8,7.5,6.9
4894,0.2494,0,NORMAL,19.6,6.0,8.6,7.7
4895,0.2506,0,NORMAL,19.8,6.4,7.7,7.1
4896,0.249,0,NORMAL,19.8,5.9,7.7,6.7
4897,0.2383,0,NORMAL,19.9,6.0,7.7,6.9
4898,0.3464,0,NORMAL,19.8,6.6,8.7,9.1
4899,0.2211,0,NORMAL,19.4,6.0,7.0,6.4
4900,0.247,0,NORMAL,19.5,6.2,7.7,6.4
4901,0.5146,0,NORMAL,19.8,7.1,8.1,7.8
4902,0.3487,0,NORMAL,19.8,7.8,8.6,7.5
4903,0.3066,0,NORMAL,19.6,6.7,8.9,7.7
4904,0.2726,0,NORMAL,19.7,6.3,8.4,8.1
4905,0.3025,0,NORMAL,19.8,6.8,8.5,7.2
4906,0.2711,0,NORMAL,19.6,5.5,7.0,5.9
4907,0.2284,0,NORMAL,19.7,6.0,7.8,6.9
4908,0.2429,0,NORMAL,19.7,5.9,7.3,6.9
4909,0.3414,0,NORMAL,19.6,6.5,8.5,7.4
4910,0.2681,0,NORMAL,19.6,6.6,7.8,7.1
4911,0.2793,0,NORMAL,19.7,5.8,7.7,6.6
4912,0.3086,0,NORMAL,19.9,6.3,7.5,7.2
4913,0.256,0,NORMAL,19.6,5.5,7.1,6.4
4914,0.238,0,NORMAL,19.8,6.5,7.5,6.6
4915,0.2618,0,NORMAL,19.8,5.9,7.2,7.5
4916,0.2559,0,NORMAL,19.6,6.7,8.0,6.5
4917,0.353,0,NORMAL,19.9,7.3,7.9,6.5
4918,0.2321,0,NORMAL,19.8,6.3,6.6,6.0
4919,0.4159,0,NORMAL,19.7,6.7,5.7,5.3
4920,0.1935,0,NORMAL,19.7,5.4,6.1,5.9
4921,0.2217,0,NORMAL,20.0,6.6,7.6,6.1
4922,0.2263,0,NORMAL,20.0,6.6,7.0,6.3
4923,0.2706,0,NORMAL,19.7,6.5,7.4,6.1
4924,0.2011,0,NORMAL,19.8,5.4,5.7,5.2
4925,0.2749,0,NORMAL,19.7,5.7,7.9,7.0
4926,0.2216,0,NORMAL,19.7,6.4,7.1,5.7
4927,0.2113,0,NORMAL,19.6,5.1,5.7,5.3
4928,0.2091,0,NORMAL,19.6,6.0,7.0,7.0
4929,0.2139,0,NORMAL,19.5,5.5,6.6,5.2
4930,0.2092,0,NORMAL,19.7,5.6,6.6,6.1
4931,0.4472,0,NORMAL,19.6,7.0,7.0,5.7
4932,0.2191,0,NORMAL,19.9,6.2,7.3,6.4
4933,0.2383,0,NORMAL,19.7,5.9,6.9,6.6
4934,0.4162,0,NORMAL,19.6,6.0,5.7,5.0
4935,0.1525,0,NORMAL,19.4,5.5,5.8,5.3
4936,0.2393,0,NORMAL,19.5,5.5,7.0,5.7
4937,0.1793,0,NORMAL,19.6,5.6,6.6,5.8
4938,0.2366,0,NORMAL,19.6,6.3,7.0,6.0
4939,0.215,0,NORMAL,19.3,5.0,5.0,4.8
4940,0.8082,0,WARNING,19.5,8.1,5.8,5.2
4941,0.3233,0,NORMAL,19.4,6.3,8.3,6.5
4942,0.2636,0,NORMAL,19.8,6.5,7.8,6.7
4943,0.2855,0,NORMAL,19.8,6.0,7.4,6.2
4944,0.2409,0,NORMAL,19.5,5.6,6.9,6.0
4945,0.2335,0,NORMAL,19.8,5.5,5.6,5.2
4946,0.1842,0,NORMAL,19.7,4.7,4.8,5.0
4947,0.4514,0,NORMAL,19.6,5.8,5.3,6.4
4948,0.1819,0,NORMAL,19.6,5.4,5.6,5.6
4949,0.2113,0,NORMAL,19.6,5.7,6.6,4.7
4950,0.2673,0,NORMAL,19.8,6.4,7.5,5.9
4951,0.2814,0,NORMAL,19.7,5.8,6.9,6.2
4952,0.2235,0,NORMAL,19.7,5.1,5.8,5.1
4953,0.2099,0,NORMAL,19.5,4.5,4.5,4.8
4954,0.18,0,NORMAL,19.3,4.7,4.7,5.0
4955,0.3338,0,NORMAL,19.6,5.3,4.4,5.2
4956,0.1891,0,NORMAL,19.5,5.1,6.3,7.2
4957,0.1658,0,NORMAL,19.3,4.5,4.5,4.6
4958,0.2902,0,NORMAL,19.5,4.6,4.5,6.5
4959,0.1559,0,NORMAL,19.6,4.8,5.1,5.5
4960,0.1671,0,NORMAL,19.7,4.9,3.7,4.5
4961,0.144,0,NORMAL,19.6,4.7,5.0,6.2
4962,0.3334,0,NORMAL,19.6,6.4,5.8,6.0
4963,0.1681,0,NORMAL,19.3,4.6,4.5,5.0
4964,0.138,0,NORMAL,19.3,4.7,5.1,6.0
4965,0.2623,0,NORMAL,19.5,5.1,5.3,6.1
4966,0.2626,0,NORMAL,19.3,4.7,4.8,5.9
4967,0.1548,0,NORMAL,19.5,4.5,4.3,5.3
4968,0.1402,0,NORMAL,19.3,3.7,3.7,4.3
4969,0.1269,0,NORMAL,19.4,4.8,4.5,5.1
4970,0.1313,0,NORMAL,19.2,4.8,4.4,5.6
4971,0.1324,0,NORMAL,19.5,4.5,4.1,4.7
4972,0.1354,0,NORMAL,19.6,5.7,5.1,5.3
4973,0.2916,0,NORMAL,19.5,5.2,4.6,5.3
4974,0.141,0,NORMAL,19.6,4.0,3.4,3.8
4975,0.269,0,NORMAL,19.7,4.8,3.9,4.6
4976,0.9262,0,WARNING,15.6,10.8,14.1,10.8
4977,0.9244,0,WARNING,10.3,10.0,14.6,11.0
4978,0.9027,0,WARNING,12.0,8.7,13.7,11.7
4979,0.9366,0,WARNING,15.2,8.4,15.1,11.5
4980,0.9323,0,WARNING,17.6,8.1,15.6,11.7
4981,0.8489,0,WARNING,18.8,6.7,11.0,8.5
4982,0.9325,0,WARNING,19.8,7.9,14.4,11.5
4983,0.9402,0,WARNING,19.2,7.9,14.5,11.0
4984,0.8821,0,WARNING,18.4,7.1,11.4,9.9
4985,0.8586,0,WARNING,18.6,7.4,11.1,10.3
4986,0.8753,0,WARNING,18.6,8.0,12.7,10.8
4987,0.8404,0,WARNING,19.2,7.2,10.9,9.3
4988,0.8965,0,WARNING,18.5,7.8,12.8,12.0
4989,0.8964,0,WARNING,18.2,7.3,12.9,10.3
4990,0.5526,0,NORMAL,17.2,4.9,4.5,3.9
4991,0.3604,0,NORMAL,17.7,4.2,3.9,4.1
4992,0.485,0,NORMAL,18.4,6.2,4.4,4.6
4993,0.2501,0,NORMAL,18.7,5.3,4.2,4.8
4994,0.2616,0,NORMAL,18.8,4.8,5.1,5.8
4995,0.1556,0,NORMAL,19.0,4.1,4.4,4.6
4996,0.1441,0,NORMAL,19.1,5.0,4.5,5.0
4997,0.1705,0,NORMAL,19.3,3.8,2.9,3.3
4998,0.2194,0,NORMAL,19.5,4.5,3.1,2.9
4999,0.218,0,NORMAL,19.7,5.1,4.3,4.6
5000,0.7642,0,WARNING,19.8,7.8,4.2,4.2
5001,0.1553,0,NORMAL,19.6,4.8,4.3,4.3
5002,0.1552,0,NORMAL,19.6,4.0,3.5,4.1
5003,0.1582,0,NORMAL,19.7,4.5,3.8,3.9
5004,0.1581,0,NORMAL,19.6,4.3,3.4,3.6
5005,0.1702,0,NORMAL,19.5,4.9,4.7,4.1
5006,0.417,0,NORMAL,19.7,5.7,4.4,4.8
5007,0.2239,0,NORMAL,19.4,4.5,4.3,4.9
5008,0.169,0,NORMAL,19.6,5.3,4.2,5.0
5009,0.1468,0,NORMAL,19.6,3.6,4.0,4.2
5010,0.1705,0,NORMAL,19.4,3.7,2.7,3.0
5011,0.1927,0,NORMAL,19.5,4.0,3.3,3.7
5012,0.1918,0,NORMAL,19.6,3.9,2.9,3.1
5013,0.2146,0,NORMAL,19.4,4.6,3.7,3.8
5014,0.2118,0,NORMAL,19.5,3.5,2.8,3.1
5015,0.2245,0,NORMAL,19.6,4.6,2.6,3.0
5016,0.3269,0,NORMAL,19.6,4.4,3.9,4.1
5017,0.2113,0,NORMAL,19.4,4.0,2.8,3.1
5018,0.2182,0,NORMAL,19.5,4.3,3.2,4.8
5019,0.1785,0,NORMAL,19.5,4.2,3.3,3.3
5020,0.7747,0,WARNING,19.6,6.7,3.2,3.4
5021,0.2911,0,NORMAL,18.0,4.7,3.4,3.1
5022,0.3827,0,NORMAL,17.9,4.9,2.8,2.3
5023,0.2907,0,NORMAL,18.0,3.4,2.9,3.1
5024,0.2427,0,NORMAL,18.2,4.5,3.7,3.6
5025,0.2169,0,NORMAL,18.3,4.5,4.2,4.1
5026,0.1939,0,NORMAL,18.2,4.5,4.1,3.6
5027,0.2059,0,NORMAL,17.9,4.5,3.7,4.0
5028,0.187,0,NORMAL,18.2,4.6,4.3,4.5
5029,0.274,0,NORMAL,18.2,3.8,3.4,4.0
5030,0.1937,0,NORMAL,18.1,4.4,2.6,2.9
5031,0.1938,0,NORMAL,17.9,4.8,4.2,3.8
5032,0.1946,0,NORMAL,18.1,3.5,3.2,3.4
5033,0.2194,0,NORMAL,18.0,3.9,2.7,2.6
5034,0.2442,0,NORMAL,17.9,3.8,2.8,3.1
5035,0.2473,0,NORMAL,18.1,3.8,3.4,2.9
5036,0.2614,0,NORMAL,18.0,4.1,2.9,3.3
5037,0.3066,0,NORMAL,18.0,4.3,2.4,2.6
5038,0.24,0,NORMAL,18.0,4.3,3.5,3.8
5039,0.2048,0,NORMAL,18.0,4.4,3.2,3.5
5040,0.1983,0,NORMAL,18.0,4.1,3.3,3.3
5041,0.2094,0,NORMAL,18.2,4.0,3.5,3.8
5042,0.2048,0,NORMAL,18.2,3.6,2.9,3.2
5043,0.2257,0,NORMAL,17.8,3.5,2.3,2.6
5044,0.2498,0,NORMAL,17.8,3.8,2.1,2.3
5045,0.2601,0,NORMAL,17.9,4.3,2.7,2.6
5046,0.2626,0,NORMAL,18.0,4.0,2.9,2.6
5047,0.2677,0,NORMAL,17.8,3.8,2.6,2.4
5048,0.2738,0,NORMAL,18.0,3.2,3.0,4.3
5049,0.2369,0,NORMAL,18.0,4.8,3.5,3.3
5050,0.2651,0,NORMAL,17.8,3.4,2.9,2.9
5051,0.2389,0,NORMAL,18.0,4.1,2.7,2.6
5052,0.4921,0,NORMAL,18.1,5.1,2.5,2.5
5053,0.2388,0,NORMAL,17.8,3.0,2.2,2.5
5054,0.5566,0,NORMAL,17.9,4.9,1.6,1.6
5055,0.263,0,NORMAL,18.1,3.9,2.3,3.1
5056,0.2652,0,NORMAL,17.9,3.2,2.4,2.1
5057,0.2747,0,NORMAL,18.1,3.6,2.3,2.4
5058,0.309,0,NORMAL,18.0,3.7,1.7,1.4
5059,0.3075,0,NORMAL,18.0,4.4,2.2,2.1
5060,0.2843,0,NORMAL,18.0,3.3,1.9,1.9
5061,0.2965,0,NORMAL,18.0,4.2,3.2,2.9
5062,0.2779,0,NORMAL,17.9,4.5,2.9,2.6
5063,0.2679,0,NORMAL,17.8,4.0,2.7,2.8
5064,0.7796,0,WARNING,18.1,7.1,2.8,2.4
5065,0.2364,0,NORMAL,17.8,3.3,2.7,3.1
5066,0.266,0,NORMAL,18.0,4.1,1.9,2.0
5067,0.2722,0,NORMAL,18.2,4.3,2.9,2.1
5068,0.2812,0,NORMAL,18.4,4.1,1.9,2.4
5069,0.2663,0,NORMAL,18.1,3.3,2.2,2.6
5070,0.3709,0,NORMAL,18.4,4.4,2.8,2.6
5071,0.2657,0,NORMAL,18.3,3.3,2.3,1.9
5072,0.2854,0,NORMAL,17.9,3.9,2.6,2.3
5073,0.2807,0,NORMAL,18.0,3.6,2.2,2.1
5074,0.293,0,NORMAL,18.2,3.6,2.5,2.4
5075,0.2881,0,NORMAL,18.2,4.2,3.1,2.7
5076,0.2807,0,NORMAL,18.2,3.9,2.5,2.3
5077,0.2872,0,NORMAL,18.2,3.7,2.0,2.0
5078,0.4985,0,NORMAL,18.0,2.6,2.0,3.3
5079,0.2658,0,NORMAL,18.3,3.5,2.1,1.9
5080,0.3093,0,NORMAL,18.1,3.8,1.3,1.3
5081,0.2932,0,NORMAL,18.1,3.8,2.6,2.1
5082,0.4029,0,NORMAL,18.2,5.1,2.0,2.0
5083,0.3094,0,NORMAL,18.0,3.1,2.3,1.6
5084,0.3091,0,NORMAL,17.9,3.7,2.3,1.7
5085,0.3159,0,NORMAL,18.0,3.4,2.0,2.1
5086,0.318,0,NORMAL,17.9,3.7,2.0,1.6
5087,0.3239,0,NORMAL,17.9,3.7,1.4,1.8
5088,0.3162,0,NORMAL,17.8,3.3,2.2,2.1
5089,0.3166,0,NORMAL,18.0,4.0,2.2,2.1
5090,0.3027,0,NORMAL,17.8,3.8,2.7,2.6
5091,0.2934,0,NORMAL,17.8,3.4,1.8,1.6
5092,0.314,0,NORMAL,18.0,3.8,2.4,1.9
5093,0.4317,0,NORMAL,17.9,3.5,2.0,1.8
5094,0.3164,0,NORMAL,17.9,3.4,2.4,2.4
5095,0.3103,0,NORMAL,17.7,3.7,2.8,2.6
5096,0.3091,0,NORMAL,17.8,3.6,2.5,1.7
5097,0.4024,0,NORMAL,18.0,4.6,2.2,2.1
5098,0.296,0,NORMAL,17.8,3.8,2.7,3.3
5099,0.2662,0,NORMAL,18.0,3.2,2.1,1.9
5100,0.2999,0,NORMAL,17.9,4.0,3.2,2.3
5101,0.3035,0,NORMAL,18.0,3.6,3.2,2.5
5102,0.3096,0,NORMAL,18.1,3.6,1.5,1.5
5103,0.3222,0,NORMAL,18.2,3.4,2.1,1.6
5104,0.335,0,NORMAL,17.9,3.5,2.5,2.4
5105,0.3152,0,NORMAL,18.2,4.3,2.2,2.3
5106,0.2869,0,NORMAL,18.1,3.7,2.6,2.1
5107,0.2983,0,NORMAL,18.1,3.6,1.8,1.8
5108,0.3122,0,NORMAL,18.2,3.3,2.2,2.9
5109,0.3098,0,NORMAL,18.5,3.7,2.2,1.5
5110,0.4201,0,NORMAL,18.5,4.4,2.0,1.8
5111,0.3093,0,NORMAL,18.4,4.3,1.8,1.6
5112,0.3094,0,NORMAL,18.4,3.9,1.7,1.6
5113,0.3069,0,NORMAL,18.3,4.0,1.7,1.8
5114,0.3092,0,NORMAL,18.0,3.3,1.3,1.4
5115,0.3208,0,NORMAL,18.0,2.7,1.5,1.4
5116,0.3431,0,NORMAL,18.0,3.8,2.8,2.1
5117,0.3244,0,NORMAL,18.2,3.5,1.5,1.1
5118,0.3358,0,NORMAL,18.0,3.6,2.0,1.8
5119,0.8574,0,WARNING,18.4,4.9,1.6,1.4
5120,0.3088,0,NORMAL,18.2,2.9,1.3,1.3
5121,0.3498,0,NORMAL,17.9,3.0,0.7,0.6
5122,0.3503,0,NORMAL,18.3,3.4,2.2,1.6
5123,0.3431,0,NORMAL,18.1,3.1,1.5,1.2
5124,0.3545,0,NORMAL,18.1,4.1,2.4,1.9
5125,0.8043,0,WARNING,18.1,6.8,1.8,1.4
5126,0.3099,0,NORMAL,18.3,3.0,1.7,1.4
5127,0.4515,0,NORMAL,18.1,4.2,1.1,1.3
5128,0.3095,0,NORMAL,18.0,3.1,1.7,1.8
5129,0.3208,0,NORMAL,18.3,3.0,1.7,1.8
5130,0.3165,0,NORMAL,18.2,3.7,1.4,1.3
5131,0.3249,0,NORMAL,18.2,3.9,2.4,2.7
5132,0.3089,0,NORMAL,18.1,3.6,1.6,1.5
5133,0.3121,0,NORMAL,17.9,3.5,2.0,2.0
5134,0.3117,0,NORMAL,17.8,3.4,2.3,2.1
5135,0.3124,0,NORMAL,18.1,2.8,1.4,1.4
5136,0.5571,0,NORMAL,18.2,5.4,2.4,1.9
5137,0.3089,0,NORMAL,18.1,4.1,1.8,1.6
5138,0.2969,0,NORMAL,18.1,3.5,1.8,2.9
5139,0.2895,0,NORMAL,18.2,3.5,2.7,2.3
5140,0.3094,0,NORMAL,18.1,3.6,1.7,1.6
5141,0.3135,0,NORMAL,17.9,3.3,1.5,1.1
5142,0.5156,0,NORMAL,18.0,5.1,1.7,1.6
5143,0.314,0,NORMAL,17.7,4.3,2.8,2.6
5144,0.3093,0,NORMAL,17.9,3.3,1.5,1.4
5145,0.3128,0,NORMAL,17.9,3.7,1.3,1.1
5146,0.327,0,NORMAL,17.9,3.1,2.0,2.0
5147,0.3262,0,NORMAL,18.2,4.2,2.7,1.9
5148,0.3207,0,NORMAL,18.1,3.2,1.9,1.7
5149,0.3241,0,NORMAL,18.3,3.5,1.7,1.9
5150,0.3116,0,NORMAL,18.0,4.5,2.3,1.9
5151,0.3091,0,NORMAL,18.0,3.3,2.0,1.6
5152,0.3196,0,NORMAL,18.2,4.1,2.1,1.4
5153,0.3324,0,NORMAL,17.8,1.9,1.1,2.3
5154,0.3437,0,NORMAL,17.9,3.2,1.6,1.5
5155,0.3476,0,NORMAL,18.3,3.2,1.8,1.6
5156,0.3464,0,NORMAL,18.2,2.9,1.9,1.5
5157,0.3595,0,NORMAL,18.4,4.4,1.8,1.6
5158,0.3355,0,NORMAL,18.1,3.0,1.8,2.2
5159,0.3227,0,NORMAL,18.2,2.6,2.4,1.9
5160,0.3393,0,NORMAL,18.1,3.5,1.6,1.5
5161,0.3395,0,NORMAL,18.0,2.5,2.3,2.1
5162,0.3422,0,NORMAL,18.2,3.3,1.7,1.4
5163,0.3484,0,NORMAL,18.3,3.2,2.0,2.0
5164,0.3286,0,NORMAL,18.0,2.7,1.5,1.4
5165,0.3431,0,NORMAL,18.2,2.3,1.1,1.3
5166,0.3567,0,NORMAL,18.0,3.1,1.8,1.4
5167,0.3624,0,NORMAL,18.1,3.3,2.0,2.0
5168,0.3377,0,NORMAL,18.1,3.0,1.4,2.6
5169,0.3504,0,NORMAL,18.1,2.7,1.3,0.9
5170,0.355,0,NORMAL,17.9,2.3,1.1,1.1
5171,0.3734,0,NORMAL,17.9,2.1,1.1,0.8
5172,0.3939,0,NORMAL,18.1,4.0,1.3,1.3
5173,0.3625,0,NORMAL,17.9,3.1,1.8,1.6
5174,0.3615,0,NORMAL,18.1,3.5,2.1,2.1
5175,0.35,0,NORMAL,17.9,2.4,0.8,0.6
5176,0.3884,0,NORMAL,18.0,1.4,0.1,0.0
5177,0.418,0,NORMAL,18.0,2.1,0.1,0.0
5178,0.4328,0,NORMAL,18.0,2.4,0.1,0.0
5179,0.4361,0,NORMAL,18.1,2.2,1.0,1.2
5180,0.414,0,NORMAL,18.2,3.0,1.1,1.0
5181,0.709,0,WARNING,18.3,5.2,1.0,0.9
5182,0.3494,0,NORMAL,18.4,3.6,1.9,1.8
5183,0.3385,0,NORMAL,18.1,2.3,1.4,1.3
5184,0.3628,0,NORMAL,18.1,3.3,2.3,1.7
5185,0.3578,0,NORMAL,18.3,2.5,1.4,1.1
5186,0.3688,0,NORMAL,18.3,3.6,1.7,1.3
5187,0.3632,0,NORMAL,18.1,3.9,1.4,0.9
5188,0.3622,0,NORMAL,18.1,2.1,1.3,1.6
5189,0.367,0,NORMAL,18.3,3.2,1.3,1.6
5190,0.3608,0,NORMAL,18.3,3.5,1.5,1.4
5191,0.369,0,NORMAL,18.3,1.9,1.1,1.1
5192,0.3704,0,NORMAL,18.4,3.2,1.5,1.2
5193,0.3703,0,NORMAL,18.4,2.9,1.8,1.6
5194,0.3627,0,NORMAL,18.4,2.6,1.2,1.1
5195,0.3732,0,NORMAL,18.6,3.8,2.0,1.8
5196,0.3435,0,NORMAL,18.3,3.1,2.6,2.3
5197,0.3297,0,NORMAL,18.4,2.7,1.8,1.5
5198,0.3449,0,NORMAL,18.6,3.4,2.2,3.1
5199,0.3096,0,NORMAL,18.6,3.3,1.4,1.1
5200,0.3248,0,NORMAL,18.4,2.9,1.4,1.1
5201,0.3501,0,NORMAL,18.3,2.9,1.1,0.8
5202,0.3619,0,NORMAL,18.5,3.7,1.0,1.0
5203,0.3542,0,NORMAL,18.2,2.7,1.2,1.3
5204,0.3608,0,NORMAL,18.4,3.3,2.3,1.7
5205,0.3527,0,NORMAL,18.3,3.4,1.9,1.1
5206,0.3562,0,NORMAL,18.1,2.3,2.0,1.4
5207,0.3717,0,NORMAL,18.3,3.1,1.7,1.5
5208,0.365,0,NORMAL,18.3,3.0,1.9,1.4
5209,0.371,0,NORMAL,18.2,3.1,0.9,0.8
5210,0.3746,0,NORMAL,18.1,2.5,1.0,0.9
5211,0.3795,0,NORMAL,18.2,2.3,1.3,1.1
5212,0.3923,0,NORMAL,18.4,3.4,1.7,1.6
5213,0.3593,0,NORMAL,18.4,2.7,1.1,1.3
5214,0.357,0,NORMAL,18.5,2.9,1.2,1.1
5215,0.3637,0,NORMAL,18.6,3.0,1.3,0.9
5216,0.3684,0,NORMAL,18.6,3.4,0.9,0.7
5217,0.371,0,NORMAL,18.3,2.7,1.4,0.9
5218,0.3802,0,NORMAL,18.2,4.0,2.0,2.0
5219,0.3412,0,NORMAL,18.4,2.9,1.4,1.4
5220,0.3498,0,NORMAL,18.3,2.8,1.6,0.9
5221,0.3653,0,NORMAL,18.3,3.0,1.2,1.1
5222,0.3705,0,NORMAL,18.5,3.1,1.4,1.3
5223,0.3648,0,NORMAL,18.5,2.8,1.5,1.2
5224,0.3677,0,NORMAL,18.3,2.4,1.0,0.8
5225,0.3837,0,NORMAL,18.3,3.2,1.1,1.1
5226,0.374,0,NORMAL,18.2,2.5,1.8,1.6
5227,0.3724,0,NORMAL,18.4,2.9,1.3,1.1
5228,0.3719,0,NORMAL,18.4,3.0,1.0,2.3
5229,0.3337,0,NORMAL,18.4,2.7,1.1,1.1
5230,0.3581,0,NORMAL,18.3,3.1,1.2,1.1
5231,0.3641,0,NORMAL,18.1,2.3,1.3,1.1
5232,0.3767,0,NORMAL,18.4,3.6,1.6,1.4
5233,0.3614,0,NORMAL,18.2,3.8,1.6,1.5
5234,0.3424,0,NORMAL,18.2,3.2,1.5,1.4
5235,0.3474,0,NORMAL,17.9,2.7,1.7,1.4
5236,0.355,0,NORMAL,18.2,2.8,1.4,1.4
5237,0.9475,0,WARNING,18.0,8.9,0.9,1.0
5238,0.9955,0,ANOMALY,18.1,14.1,1.6,1.2
5239,0.3205,0,NORMAL,18.1,3.2,1.8,1.6
5240,0.3167,0,NORMAL,17.9,2.8,1.3,1.1
5241,0.6426,0,WARNING,18.2,5.6,1.7,1.4
5242,0.3156,0,NORMAL,18.3,2.7,1.5,1.2
5243,0.3502,0,NORMAL,18.0,2.9,1.1,0.8
5244,0.3529,0,NORMAL,18.2,2.3,1.6,1.5
5245,0.3644,0,NORMAL,18.4,3.2,1.2,1.1
5246,0.3656,0,NORMAL,18.2,2.8,2.0,1.4
5247,0.3732,0,NORMAL,18.2,3.9,1.6,1.2
5248,0.3627,0,NORMAL,18.2,3.2,1.8,2.1
5249,0.339,0,NORMAL,18.4,2.8,1.7,1.8
5250,0.3451,0,NORMAL,18.3,2.6,1.0,1.0
5251,0.3665,0,NORMAL,18.2,3.4,1.9,1.6
5252,0.5213,0,NORMAL,18.1,2.8,1.1,0.9
5253,0.3825,0,NORMAL,17.9,2.6,1.2,1.1
5254,0.3865,0,NORMAL,18.2,2.6,1.1,1.0
5255,0.3943,0,NORMAL,18.3,3.7,1.9,2.0
5256,0.3612,0,NORMAL,18.0,2.4,1.2,1.1
5257,0.3644,0,NORMAL,18.2,2.9,1.5,1.6
5258,0.3573,0,NORMAL,18.0,3.1,2.1,2.9
5259,0.322,0,NORMAL,18.2,3.1,1.3,1.1
5260,0.4401,0,NORMAL,18.3,3.3,1.4,1.3
5261,0.3499,0,NORMAL,18.0,2.3,1.1,0.8
5262,0.3704,0,NORMAL,18.3,2.8,1.4,1.4
5263,0.3689,0,NORMAL,18.1,3.9,1.6,1.4
5264,0.3505,0,NORMAL,18.0,3.0,1.6,1.2
5265,0.3583,0,NORMAL,18.0,2.9,1.4,1.4
5266,0.6776,0,WARNING,17.8,1.9,1.6,1.1
5267,0.3683,0,NORMAL,18.3,2.6,1.6,1.2
5268,0.3742,0,NORMAL,18.2,2.7,1.1,1.3
5269,0.3735,0,NORMAL,18.3,2.8,1.1,1.1
5270,0.3745,0,NORMAL,18.2,2.8,1.2,1.1
5271,0.3731,0,NORMAL,18.0,2.5,1.5,1.4
5272,0.3764,0,NORMAL,18.2,3.3,1.5,1.4
5273,0.3611,0,NORMAL,17.9,2.6,1.0,0.8
5274,0.3757,0,NORMAL,18.0,2.4,1.0,1.0
5275,0.3851,0,NORMAL,18.2,3.4,1.6,1.3
5276,0.3714,0,NORMAL,18.2,2.2,1.1,0.8
5277,0.3924,0,NORMAL,18.0,3.8,1.6,1.4
5278,0.3642,0,NORMAL,18.2,3.3,2.0,2.3
5279,0.3345,0,NORMAL,18.3,3.2,2.2,2.1
5280,0.3306,0,NORMAL,18.4,2.5,2.0,2.0
5281,0.3358,0,NORMAL,18.3,3.3,2.2,1.6
5282,0.3362,0,NORMAL,18.2,2.5,1.3,1.3
5283,0.3555,0,NORMAL,18.4,3.5,2.4,1.7
5284,0.3508,0,NORMAL,18.3,2.3,1.3,1.3
5285,0.365,0,NORMAL,18.4,3.2,1.7,1.8
5286,0.3456,0,NORMAL,18.4,3.3,2.1,2.1
5287,0.3286,0,NORMAL,18.2,2.3,1.4,1.1
5288,0.3527,0,NORMAL,18.4,3.4,2.0,2.8
5289,0.8567,0,WARNING,18.4,4.8,1.6,1.4
5290,0.3087,0,NORMAL,18.3,3.6,1.9,1.4
5291,0.46,0,NORMAL,18.2,2.3,1.4,1.3
5292,0.334,0,NORMAL,18.4,4.3,2.4,1.9
5293,0.3155,0,NORMAL,18.0,2.9,1.2,1.1
5294,0.3408,0,NORMAL,18.4,3.0,1.5,1.4
5295,0.3465,0,NORMAL,18.3,2.6,1.5,1.4
5296,0.4207,0,NORMAL,18.4,3.8,1.1,1.3
5297,0.3463,0,NORMAL,18.3,2.6,1.3,1.3
5298,0.3393,0,NORMAL,18.3,3.0,1.6,1.4
5299,0.3507,0,NORMAL,18.3,2.8,1.4,1.4
5300,0.3579,0,NORMAL,18.2,2.6,0.9,0.9
5301,0.663,0,WARNING,18.3,5.6,1.8,1.4
5302,0.3222,0,NORMAL,18.3,2.8,1.5,1.1
5303,0.3499,0,NORMAL,18.4,2.7,1.5,1.6
5304,0.3533,0,NORMAL,18.4,3.6,2.4,1.9
5305,0.3298,0,NORMAL,18.4,3.1,2.4,1.9
5306,0.332,0,NORMAL,18.2,3.3,1.9,1.6
5307,0.3399,0,NORMAL,18.4,3.4,1.5,1.4
5308,0.3461,0,NORMAL,18.4,3.7,1.9,1.7
5309,0.4934,0,NORMAL,18.3,3.6,1.3,1.8
5310,0.3084,0,NORMAL,18.3,3.2,1.5,1.4
5311,0.4935,0,NORMAL,18.3,4.1,1.9,1.6
5312,0.3084,0,NORMAL,18.3,3.2,2.1,1.6
5313,0.3176,0,NORMAL,18.3,3.7,2.6,2.1
5314,0.3178,0,NORMAL,18.3,2.8,1.5,1.4
5315,0.3348,0,NORMAL,18.3,3.0,2.3,2.4
5316,0.3281,0,NORMAL,18.1,3.8,2.3,2.1
5317,0.315,0,NORMAL,18.4,2.6,1.7,1.4
5318,0.4204,0,NORMAL,18.5,4.1,2.0,3.0
5319,0.2817,0,NORMAL,18.4,3.2,2.3,2.1
5320,0.4203,0,NORMAL,18.5,3.9,1.5,1.6
5321,0.3177,0,NORMAL,18.5,3.4,2.3,2.1
5322,0.3021,0,NORMAL,18.4,4.5,2.5,1.9
5323,0.3135,0,NORMAL,18.0,3.1,2.1,2.3
5324,0.2869,0,NORMAL,18.3,3.1,2.6,2.3
5325,0.2997,0,NORMAL,18.3,4.0,3.0,2.2
5326,0.3024,0,NORMAL,18.1,3.6,3.2,2.9
5327,0.283,0,NORMAL,18.3,3.1,2.5,1.9
5328,0.3091,0,NORMAL,18.2,3.6,1.3,1.3
5329,0.3162,0,NORMAL,18.2,3.2,2.4,2.1
5330,0.3223,0,NORMAL,18.3,4.5,2.6,2.5
5331,0.6901,0,WARNING,18.4,6.1,2.7,2.3
5332,0.9874,0,WARNING,18.5,12.0,1.9,1.7
5333,0.9851,0,WARNING,18.5,11.7,2.0,2.1
5334,0.9872,0,WARNING,18.5,12.1,2.5,1.7
5335,0.9905,0,ANOMALY,18.4,12.7,2.5,2.8
5336,0.9914,0,ANOMALY,18.3,12.4,2.0,2.0
5337,0.9878,0,WARNING,18.5,12.1,2.5,2.6
5338,0.9906,0,ANOMALY,18.6,13.0,2.7,2.5
5339,0.9895,0,WARNING,18.7,13.3,3.9,3.7
5340,0.9861,0,WARNING,18.2,11.9,2.4,1.9
5341,0.9896,0,WARNING,18.2,12.5,2.5,3.0
5342,0.9885,0,WARNING,18.4,12.7,3.1,2.9
5343,0.9877,0,WARNING,18.6,12.5,3.7,3.1
5344,0.9895,0,WARNING,18.4,12.8,3.1,2.9
5345,0.9884,0,WARNING,18.4,12.4,3.3,3.1
5346,0.99,0,WARNING,18.5,12.5,2.8,2.4
5347,0.9873,0,WARNING,18.8,11.7,2.1,1.8
5348,0.9897,0,WARNING,18.9,13.0,3.3,4.1
5349,0.99,0,WARNING,18.8,12.8,2.6,2.7
5350,0.9885,0,WARNING,18.5,12.7,2.8,2.8
5351,0.993,0,ANOMALY,18.7,13.3,2.8,2.6
5352,0.9919,0,ANOMALY,18.7,12.9,2.4,2.6
5353,0.9876,0,WARNING,18.5,12.9,2.3,1.9
5354,0.9892,0,WARNING,18.4,12.5,2.8,3.3
5355,0.9879,0,WARNING,18.6,12.5,3.0,2.9
5356,0.9906,0,ANOMALY,18.6,13.1,2.2,2.5
5357,0.9892,0,WARNING,18.7,12.9,3.5,3.4
5358,0.8373,0,WARNING,18.3,7.2,2.7,2.8
5359,0.2936,0,NORMAL,18.6,4.8,3.4,3.0
5360,0.2381,0,NORMAL,18.5,3.3,3.3,3.3
5361,0.7823,0,WARNING,18.4,6.8,3.2,3.3
5362,0.181,0,NORMAL,18.6,4.0,3.2,3.6
5363,0.2181,0,NORMAL,18.4,4.7,3.5,3.4
5364,0.1758,0,NORMAL,18.4,3.8,3.6,3.6
5365,0.1917,0,NORMAL,18.7,4.5,3.1,3.1
5366,1.0,0,ANOMALY,22.9,10.9,2.9,3.1
5367,0.4117,0,NORMAL,18.5,4.0,2.7,3.0
5368,0.2164,0,NORMAL,18.5,5.0,3.8,3.9
5369,0.3198,0,NORMAL,18.4,5.0,4.2,4.2
5370,0.1992,0,NORMAL,18.2,3.6,3.1,3.8
5371,0.1746,0,NORMAL,18.2,4.5,4.0,3.4
5372,0.9992,0,ANOMALY,19.3,8.0,2.8,2.7
5373,0.2069,0,NORMAL,18.3,4.3,3.0,3.3
5374,0.1902,0,NORMAL,18.3,4.2,3.7,3.2
5375,0.2137,0,NORMAL,18.8,4.5,3.3,3.3
5376,0.186,0,NORMAL,18.6,4.4,4.2,4.2
5377,0.1706,0,NORMAL,18.7,3.6,3.1,3.1
5378,0.2085,0,NORMAL,18.6,4.5,3.7,4.7
5379,0.1711,0,NORMAL,18.6,4.7,3.8,3.4
5380,0.1822,0,NORMAL,18.5,4.6,4.0,3.7
5381,0.3344,0,NORMAL,18.5,5.6,4.5,3.9
5382,0.1667,0,NORMAL,18.6,4.6,3.8,3.8
5383,0.2637,0,NORMAL,18.5,5.0,4.2,3.5
5384,0.2207,0,NORMAL,18.2,4.2,3.4,2.7
5385,0.2173,0,NORMAL,18.6,4.2,3.7,3.4
5386,0.2759,0,NORMAL,18.6,4.3,3.7,3.4
5387,0.2183,0,NORMAL,18.6,4.7,4.4,4.1
5388,0.3348,0,NORMAL,18.9,3.9,3.8,3.8
5389,0.1845,0,NORMAL,18.9,5.1,4.4,4.3
5390,0.2604,0,NORMAL,19.0,4.8,3.7,3.5
5391,0.1579,0,NORMAL,18.8,4.3,4.5,4.1
5392,0.171,0,NORMAL,18.9,5.0,4.5,3.8
5393,0.1712,0,NORMAL,18.8,4.0,3.3,3.4
5394,0.1903,0,NORMAL,18.7,4.5,3.3,3.4
5395,0.1933,0,NORMAL,18.5,4.7,4.1,3.7
5396,0.4918,0,NORMAL,18.8,5.3,3.7,4.0
5397,0.4051,0,NORMAL,18.7,5.6,5.0,4.9
5398,0.2515,0,NORMAL,19.0,6.1,7.1,6.2
5399,0.3006,0,NORMAL,18.8,5.9,4.9,5.6
5400,0.2161,0,NORMAL,18.4,4.3,4.8,4.9
5401,0.1191,0,NORMAL,18.7,5.4,5.4,4.6
5402,0.1631,0,NORMAL,18.4,4.2,4.3,4.6
5403,0.1627,0,NORMAL,18.5,4.7,4.7,4.8
5404,0.2434,0,NORMAL,18.5,5.1,5.0,4.9
5405,0.1715,0,NORMAL,18.6,4.7,3.9,3.6
5406,0.2302,0,NORMAL,18.4,4.0,4.3,4.8
5407,0.1167,0,NORMAL,18.7,4.3,4.0,4.3
5408,0.3833,0,NORMAL,18.6,5.5,6.4,6.9
5409,0.1122,0,NORMAL,18.8,4.8,3.7,4.9
5410,0.1584,0,NORMAL,18.8,4.5,4.8,5.3
5411,0.1121,0,NORMAL,18.8,4.9,4.7,4.6
5412,0.3348,0,NORMAL,18.7,6.1,5.5,4.9
5413,0.3395,0,NORMAL,18.6,5.5,3.5,3.4
5414,0.1488,0,NORMAL,18.5,5.1,5.9,5.5
5415,0.0979,0,NORMAL,18.5,5.0,4.5,4.4
5416,0.1236,0,NORMAL,18.4,5.4,4.7,4.4
5417,0.1202,0,NORMAL,18.5,4.4,4.1,4.4
5418,0.1294,0,NORMAL,18.6,5.3,5.2,5.2
5419,0.294,0,NORMAL,18.8,5.6,4.6,5.4
5420,0.1361,0,NORMAL,18.7,5.2,5.7,5.4
5421,0.7322,0,WARNING,18.7,7.1,4.4,4.2
5422,0.2797,0,NORMAL,18.7,5.1,5.3,5.0
5423,0.0975,0,NORMAL,18.6,5.2,5.2,5.6
5424,0.2567,0,NORMAL,18.7,6.0,6.0,5.4
5425,0.212,0,NORMAL,18.7,5.9,6.4,5.5
5426,0.1273,0,NORMAL,18.5,5.0,5.3,4.5
5427,0.3911,0,NORMAL,18.6,6.5,6.1,5.4
5428,0.3533,0,NORMAL,18.8,6.3,5.7,5.4
5429,0.1273,0,NORMAL,18.7,4.9,5.2,4.7
5430,0.1707,0,NORMAL,18.6,5.5,5.6,5.4
5431,0.154,0,NORMAL,19.0,6.0,6.6,5.7
5432,0.1919,0,NORMAL,19.2,7.0,7.1,4.7
5433,0.1539,0,NORMAL,18.8,5.3,5.1,4.4
5434,0.1333,0,NORMAL,18.8,5.5,5.7,5.2
5435,0.1294,0,NORMAL,18.8,4.9,5.9,5.4
5436,0.2237,0,NORMAL,18.6,5.4,5.7,5.2
5437,0.2181,0,NORMAL,18.6,5.2,5.1,5.2
5438,0.2287,0,NORMAL,18.8,5.6,7.0,7.4
5439,0.1736,0,NORMAL,18.9,5.8,5.7,4.3
5440,0.1759,0,NORMAL,18.7,5.4,5.7,4.3
5441,0.2346,0,NORMAL,19.0,5.3,4.1,3.9
5442,0.334,0,NORMAL,18.9,6.2,4.5,4.2
5443,0.1647,0,NORMAL,18.7,5.5,6.1,5.8
5444,0.2474,0,NORMAL,18.7,5.8,5.3,4.7
5445,0.1577,0,NORMAL,18.7,5.5,5.8,5.4
5446,0.1948,0,NORMAL,18.6,5.2,6.4,6.4
5447,0.1726,0,NORMAL,18.5,5.0,5.5,4.2
5448,0.1198,0,NORMAL,18.8,5.1,5.3,4.4
5449,0.1975,0,NORMAL,19.0,6.0,6.5,5.5
5450,0.1993,0,NORMAL,18.8,5.4,5.0,4.6
5451,0.1768,0,NORMAL,19.2,5.8,6.7,6.6
5452,0.3329,0,NORMAL,19.2,6.3,6.1,5.6
5453,0.1587,0,NORMAL,19.1,5.1,5.8,4.5
5454,0.4623,0,NORMAL,18.7,5.0,5.6,4.4
5455,0.17,0,NORMAL,18.9,5.5,5.6,5.2
5456,0.1652,0,NORMAL,19.0,5.5,5.1,5.3
5457,0.2555,0,NORMAL,19.1,6.2,6.6,5.7
5458,0.2781,0,NORMAL,18.8,6.3,6.7,5.2
5459,0.149,0,NORMAL,18.9,5.0,5.1,4.2
5460,0.3588,0,NORMAL,18.7,6.7,6.8,6.7
5461,0.2435,0,NORMAL,18.9,4.1,4.9,4.4
5462,0.1368,0,NORMAL,19.1,5.7,5.8,6.1
5463,0.1498,0,NORMAL,19.0,5.3,5.8,5.6
5464,0.1487,0,NORMAL,18.7,5.5,5.7,5.2
5465,0.0819,0,NORMAL,18.6,4.9,4.8,4.8
5466,0.0887,0,NORMAL,18.5,4.6,5.4,6.1
5467,0.2419,0,NORMAL,18.5,4.4,4.4,4.6
5468,0.0829,0,NORMAL,18.7,4.9,4.5,6.0
5469,0.0782,0,NORMAL,18.7,4.8,5.1,5.3
5470,0.1107,0,NORMAL,18.5,4.7,5.1,5.3
5471,0.3341,0,NORMAL,18.7,6.3,5.1,5.2
5472,0.211,0,NORMAL,18.8,5.8,5.1,5.3
5473,0.1822,0,NORMAL,18.9,6.1,5.7,5.7
5474,0.3337,0,NORMAL,18.7,6.9,7.3,5.6
5475,0.173,0,NORMAL,18.8,5.2,5.5,4.2
5476,0.1659,0,NORMAL,18.7,6.0,6.6,5.5
5477,0.4167,0,NORMAL,18.8,6.0,5.1,4.2
5478,0.3108,0,NORMAL,18.8,5.6,5.6,4.9
5479,0.1634,0,NORMAL,19.1,6.2,6.7,6.0
5480,0.173,0,NORMAL,18.9,5.3,5.6,4.0
5481,0.1285,0,NORMAL,19.0,4.7,6.1,5.2
5482,0.1361,0,NORMAL,19.1,5.5,5.7,5.2
5483,0.2655,0,NORMAL,18.8,5.2,5.8,5.4
5484,0.1759,0,NORMAL,19.0,5.2,5.4,4.2
5485,0.7707,0,WARNING,19.2,7.7,5.4,4.9
5486,0.2221,0,NORMAL,18.9,5.8,6.8,5.9
5487,0.4901,0,NORMAL,19.0,6.4,5.9,5.0
5488,0.3667,0,NORMAL,18.8,6.0,6.9,4.9
5489,0.9711,0,WARNING,19.3,7.7,6.0,4.3
5490,0.1947,0,NORMAL,19.0,6.2,7.1,6.5
5491,0.1698,0,NORMAL,18.7,4.6,5.4,4.9
5492,0.2436,0,NORMAL,18.8,6.0,6.7,5.5
5493,0.2301,0,NORMAL,18.6,5.1,5.4,4.4
5494,0.1049,0,NORMAL,18.7,4.9,5.6,5.4
5495,0.2369,0,NORMAL,18.9,6.5,7.2,6.0
5496,0.1731,0,NORMAL,18.7,4.7,5.1,4.1
5497,0.1761,0,NORMAL,18.9,5.6,5.1,5.2
5498,0.074,0,NORMAL,18.9,4.9,5.2,7.0
5499,0.1384,0,NORMAL,18.9,5.5,5.8,5.4
5500,0.1319,0,NORMAL,18.6,4.9,5.1,5.7
5501,0.3051,0,NORMAL,18.9,6.3,6.8,5.3
5502,0.1967,0,NORMAL,19.0,5.3,4.8,4.4
5503,0.12,0,NORMAL,19.0,5.7,6.1,6.2
5504,0.2088,0,NORMAL,18.9,6.1,6.3,5.3
5505,0.1729,0,NORMAL,19.0,5.2,5.7,4.0
5506,0.1743,0,NORMAL,19.0,4.9,5.1,5.3
5507,0.1244,0,NORMAL,18.9,4.3,3.9,4.8
5508,0.2778,0,NORMAL,18.6,5.3,4.7,5.5
5509,0.0864,0,NORMAL,18.8,4.7,5.1,5.9
5510,0.0872,0,NORMAL,18.7,4.4,4.2,4.8
5511,0.2371,0,NORMAL,18.6,5.0,4.5,5.3
5512,0.1382,0,NORMAL,18.7,3.8,3.5,4.7
5513,0.1178,0,NORMAL,18.6,4.1,3.1,3.8
5514,0.1492,0,NORMAL,18.4,3.4,4.5,5.5
5515,0.3019,0,NORMAL,18.5,5.0,4.6,5.7
5516,0.2832,0,NORMAL,18.7,4.7,5.0,6.2
5517,0.2548,0,NORMAL,18.5,5.1,4.3,5.0
5518,0.3803,0,NORMAL,18.6,6.3,5.0,6.1
5519,0.1325,0,NORMAL,18.6,4.8,5.0,6.3
5520,0.1249,0,NORMAL,18.6,4.2,3.3,4.5
5521,0.1555,0,NORMAL,18.4,4.2,4.2,5.0
5522,0.1714,0,NORMAL,18.7,4.6,3.7,5.0
5523,0.2319,0,NORMAL,18.6,5.1,5.1,6.7
5524,0.123,0,NORMAL,18.3,3.7,4.0,5.7
5525,0.1227,0,NORMAL,18.5,4.0,3.0,4.2
5526,0.2399,0,NORMAL,18.5,4.6,4.2,5.7
5527,0.1197,0,NORMAL,18.7,4.6,5.0,6.4
5528,0.1635,0,NORMAL,18.7,5.6,5.3,7.3
5529,0.093,0,NORMAL,18.7,4.4,4.3,5.0
5530,0.1682,0,NORMAL,18.7,4.8,4.2,4.8
5531,0.1077,0,NORMAL,18.7,3.8,3.3,4.3
5532,0.1346,0,NORMAL,18.8,4.7,4.5,6.2
5533,0.497,0,NORMAL,18.7,5.7,3.8,5.0
5534,0.1206,0,NORMAL,18.6,3.9,3.7,4.8
5535,0.0947,0,NORMAL,18.7,4.2,3.5,4.5
5536,0.1577,0,NORMAL,18.5,4.1,3.8,4.7
5537,0.4189,0,NORMAL,18.8,5.5,3.9,4.4
5538,0.2016,0,NORMAL,18.6,4.8,4.5,5.5
5539,0.1201,0,NORMAL,18.7,4.7,4.3,5.3
5540,0.0725,0,NORMAL,18.5,4.5,4.7,5.9
5541,0.2422,0,NORMAL,18.7,5.1,4.6,4.9
5542,0.1189,0,NORMAL,18.9,4.6,5.5,6.9
5543,0.1308,0,NORMAL,18.5,4.0,4.2,5.5
5544,0.198,0,NORMAL,18.3,3.9,3.1,3.4
5545,0.1485,0,NORMAL,18.6,4.8,4.9,6.6
5546,0.7468,0,WARNING,18.8,7.9,5.7,6.4
5547,0.2658,0,NORMAL,18.5,4.5,3.6,4.9
5548,0.139,0,NORMAL,18.5,4.9,4.7,5.8
5549,0.1223,0,NORMAL,18.6,4.0,3.4,4.7
5550,0.2354,0,NORMAL,18.7,5.1,4.4,5.7
5551,0.1296,0,NORMAL,18.5,4.3,3.7,4.8
5552,0.1197,0,NORMAL,18.7,3.8,3.6,4.9
5553,0.2243,0,NORMAL,18.8,4.6,3.7,4.5
5554,0.1334,0,NORMAL,18.8,3.7,3.1,4.0
5555,0.1309,0,NORMAL,18.7,4.3,3.8,4.8
5556,0.1222,0,NORMAL,18.6,3.8,3.2,4.0
5557,0.1459,0,NORMAL,18.7,4.4,3.7,4.0
5558,0.1671,0,NORMAL,18.7,4.5,4.3,6.4
5559,0.1449,0,NORMAL,18.7,4.7,3.7,4.3
5560,0.492,0,NORMAL,18.8,5.3,3.0,4.2
5561,0.1463,0,NORMAL,18.6,4.3,3.6,5.0
5562,0.4295,0,NORMAL,18.9,6.1,4.5,4.8
5563,0.083,0,NORMAL,18.8,4.2,3.8,4.5
5564,0.1029,0,NORMAL,18.8,4.8,3.9,4.9
5565,0.1146,0,NORMAL,18.7,4.0,3.6,5.0
5566,0.15,0,NORMAL,18.6,4.7,3.7,4.3
5567,0.2005,0,NORMAL,18.3,4.1,3.9,4.5
5568,0.1289,0,NORMAL,18.5,5.0,4.5,5.2
5569,0.2551,0,NORMAL,18.6,4.9,5.4,6.3
5570,0.3063,0,NORMAL,18.5,5.4,4.0,5.0
5571,0.148,0,NORMAL,18.3,3.5,3.8,5.0
5572,0.2359,0,NORMAL,18.6,5.0,4.2,6.1
5573,0.3752,0,NORMAL,18.4,4.8,4.8,5.3
5574,0.1585,0,NORMAL,18.4,4.4,3.9,5.0
5575,0.0846,0,NORMAL,18.6,4.6,4.3,5.9
5576,0.0769,0,NORMAL,18.6,4.9,4.4,5.5
5577,0.4896,0,NORMAL,18.3,5.8,4.4,5.3
5578,0.099,0,NORMAL,18.3,4.6,5.1,5.8
5579,0.1228,0,NORMAL,18.5,4.1,3.5,4.6
5580,0.1729,0,NORMAL,18.5,4.8,4.4,6.6
5581,0.1189,0,NORMAL,18.8,4.4,4.5,6.2
5582,0.0778,0,NORMAL,18.6,4.6,4.4,5.7
5583,0.1719,0,NORMAL,18.6,4.4,4.3,6.1
5584,0.2261,0,NORMAL,18.5,4.0,3.6,4.7
5585,0.1213,0,NORMAL,18.5,4.6,3.8,4.5
5586,0.1768,0,NORMAL,18.4,4.1,3.6,5.0
5587,0.3494,0,NORMAL,18.4,4.5,4.1,5.3
5588,0.8439,0,WARNING,18.7,6.0,4.2,6.9
5589,0.8386,0,WARNING,18.9,5.5,4.9,5.9
5590,0.3215,0,NORMAL,18.5,5.4,4.4,5.9
5591,0.1298,0,NORMAL,18.4,3.5,3.3,4.5
5592,0.2242,0,NORMAL,18.6,5.0,3.7,4.5
5593,0.4036,0,NORMAL,18.6,5.4,4.1,5.0
5594,0.1103,0,NORMAL,18.6,4.1,3.9,4.6
5595,0.1003,0,NORMAL,18.6,4.3,3.7,5.0
5596,0.0977,0,NORMAL,18.4,4.4,4.3,5.7
5597,0.1297,0,NORMAL,18.7,4.5,5.3,6.1
5598,0.8413,0,WARNING,18.7,4.5,3.4,4.6
5599,0.1229,0,NORMAL,18.6,5.1,4.6,6.0
5600,0.1478,0,NORMAL,18.7,5.0,4.3,5.5
5601,0.7687,0,WARNING,18.7,7.4,4.7,6.0
5602,0.1184,0,NORMAL,18.6,3.8,4.2,5.7
5603,0.233,0,NORMAL,18.3,4.6,3.8,5.0
5604,0.1207,0,NORMAL,18.5,4.0,4.5,6.2
5605,0.3571,0,NORMAL,18.5,4.9,4.1,5.9
5606,0.2341,0,NORMAL,18.3,4.8,3.8,5.0
5607,0.2272,0,NORMAL,18.3,3.7,3.8,5.2
5608,0.3782,0,NORMAL,18.4,5.1,4.0,5.7
5609,0.8365,0,WARNING,18.7,5.3,3.9,4.9
5610,0.1197,0,NORMAL,18.7,4.4,4.6,6.2
5611,0.1191,0,NORMAL,18.6,4.9,4.7,6.6
5612,0.1232,0,NORMAL,18.4,4.8,5.8,5.8
5613,0.2674,0,NORMAL,18.4,5.1,4.5,3.0
5614,0.1191,0,NORMAL,18.6,4.5,4.8,6.4
5615,0.1232,0,NORMAL,18.6,5.2,5.7,6.9
5616,0.1186,0,NORMAL,18.5,3.9,4.4,5.7
5617,0.1181,0,NORMAL,18.5,4.5,4.5,6.2
5618,0.0852,0,NORMAL,18.6,4.9,4.7,7.2
5619,0.2388,0,NORMAL,18.6,5.4,4.7,5.3
5620,0.2212,0,NORMAL,18.8,5.4,4.7,5.5
5621,0.0883,0,NORMAL,18.8,4.3,4.7,5.8
5622,0.839,0,WARNING,19.0,6.9,4.6,6.0
5623,0.165,0,NORMAL,18.7,4.4,3.6,5.0
5624,0.2503,0,NORMAL,18.6,4.2,4.0,5.0
5625,0.4321,0,NORMAL,18.4,4.8,4.3,5.4
5626,0.2766,0,NORMAL,18.6,4.4,4.3,5.4
5627,0.0765,0,NORMAL,18.6,4.7,4.3,5.1
5628,0.1299,0,NORMAL,18.6,4.5,4.1,5.0
5629,0.1299,0,NORMAL,18.7,5.3,4.7,6.0
5630,0.2349,0,NORMAL,18.7,5.1,5.4,5.8
5631,0.1631,0,NORMAL,18.8,6.1,6.7,6.0
5632,0.2217,0,NORMAL,18.7,4.5,5.2,3.7
5633,0.1875,0,NORMAL,18.7,6.1,6.5,5.9
5634,0.184,0,NORMAL,18.8,6.4,7.5,6.5
5635,0.2221,0,NORMAL,18.7,5.7,7.0,5.2
5636,0.1583,0,NORMAL,18.9,5.3,5.1,4.4
5637,0.1836,0,NORMAL,19.0,5.8,6.2,5.4
5638,0.2569,0,NORMAL,18.7,6.2,6.6,5.9
5639,0.1526,0,NORMAL,18.7,5.5,6.0,4.5
5640,0.2773,0,NORMAL,18.6,6.5,6.8,6.0
5641,0.1207,0,NORMAL,18.7,5.0,5.0,4.4
5642,0.471,0,NORMAL,18.7,4.9,6.6,5.5
5643,0.1776,0,NORMAL,18.7,5.4,6.4,5.6
5644,0.1419,0,NORMAL,19.0,5.4,6.2,4.9
5645,0.1804,0,NORMAL,18.8,5.3,5.2,5.3
5646,0.1692,0,NORMAL,19.1,5.7,6.3,5.6
5647,0.208,0,NORMAL,19.0,5.1,6.1,4.5
5648,0.229,0,NORMAL,19.0,5.1,5.4,6.4
5649,0.1812,0,NORMAL,19.0,5.9,6.3,6.1
5650,0.1488,0,NORMAL,19.0,6.0,6.5,4.8
5651,0.154,0,NORMAL,19.0,5.4,5.5,4.6
5652,0.1795,0,NORMAL,19.1,5.7,6.3,5.4
5653,0.4456,0,NORMAL,19.0,7.1,6.7,5.2
5654,0.1553,0,NORMAL,18.8,5.5,6.3,4.8
5655,0.2295,0,NORMAL,19.0,6.4,6.7,5.8
5656,0.385,0,NORMAL,18.8,6.2,6.6,5.5
5657,0.1475,0,NORMAL,18.8,4.5,5.3,4.6
5658,0.2281,0,NORMAL,18.9,6.0,5.6,4.9
5659,0.302,0,NORMAL,19.1,7.0,8.2,6.5
5660,0.1621,0,NORMAL,18.7,5.6,6.4,5.7
5661,0.7421,0,WARNING,18.7,8.0,5.9,4.7
5662,0.1248,0,NORMAL,18.9,5.7,6.2,5.4
5663,0.1499,0,NORMAL,18.9,5.5,5.9,5.8
5664,0.2515,0,NORMAL,18.6,5.2,5.5,4.7
5665,0.199,0,NORMAL,18.9,5.0,6.4,5.1
5666,0.305,0,NORMAL,18.7,5.9,5.8,5.0
5667,0.3336,0,NORMAL,19.0,6.3,6.5,5.6
5668,0.1466,0,NORMAL,18.8,5.2,6.3,5.5
5669,0.2142,0,NORMAL,18.9,6.3,6.8,5.9
5670,0.1493,0,NORMAL,18.8,5.9,6.8,6.4
5671,0.1892,0,NORMAL,18.9,5.0,5.5,4.8
5672,0.19,0,NORMAL,18.8,5.4,5.7,4.5
5673,0.1766,0,NORMAL,18.7,5.2,6.7,6.2
5674,0.2361,0,NORMAL,19.0,5.8,6.2,5.6
5675,0.0821,0,NORMAL,18.9,5.1,5.7,5.2
5676,0.1198,0,NORMAL,18.8,4.9,4.8,4.5
5677,0.2721,0,NORMAL,19.0,4.8,5.2,5.8
5678,0.1498,0,NORMAL,19.1,6.1,6.6,7.4
5679,0.1716,0,NORMAL,19.0,5.2,5.6,5.1
5680,0.2194,0,NORMAL,19.0,6.4,6.7,5.3
5681,0.1207,0,NORMAL,19.0,5.0,5.1,4.2
5682,0.4688,0,NORMAL,19.0,6.5,5.3,5.6
5683,0.0977,0,NORMAL,18.9,5.4,6.1,6.3
5684,0.2375,0,NORMAL,19.0,6.0,6.3,4.7
5685,0.2414,0,NORMAL,18.8,6.5,7.2,5.8
5686,0.1869,0,NORMAL,18.9,5.7,6.9,6.1
5687,0.1778,0,NORMAL,18.8,5.2,5.2,4.4
5688,0.1347,0,NORMAL,18.8,5.4,6.6,6.1
5689,0.1312,0,NORMAL,19.0,6.1,6.9,6.3
5690,0.1661,0,NORMAL,18.9,5.7,7.0,6.4
5691,0.1266,0,NORMAL,18.9,5.5,6.5,5.9
5692,0.3377,0,NORMAL,19.0,5.7,6.6,5.9
5693,0.2122,0,NORMAL,18.9,5.5,6.8,5.9
5694,0.2291,0,NORMAL,19.0,6.3,7.0,5.9
5695,0.2189,0,NORMAL,18.7,6.1,7.0,6.2
5696,0.2076,0,NORMAL,18.7,5.2,7.0,6.7
5697,0.2262,0,NORMAL,18.9,5.0,4.9,4.8
5698,0.3426,0,NORMAL,19.0,6.0,5.3,5.8
5699,0.8339,0,WARNING,19.2,6.6,7.6,6.9
5700,0.1737,0,NORMAL,19.0,6.5,7.2,5.7
5701,0.1498,0,NORMAL,19.0,5.9,6.9,7.0
5702,0.2902,0,NORMAL,19.0,6.1,8.2,6.9
5703,0.1855,0,NORMAL,19.1,6.1,6.8,5.4
5704,0.6536,0,WARNING,19.1,5.8,6.7,6.4
5705,0.1861,0,NORMAL,19.1,5.9,6.3,5.7
5706,0.2205,0,NORMAL,19.0,5.7,6.9,6.5
5707,0.2558,0,NORMAL,19.0,6.2,8.0,7.4
5708,0.2439,0,NORMAL,18.7,5.9,7.7,7.9
5709,0.8275,0,WARNING,19.2,6.5,6.8,6.3
5710,0.1923,0,NORMAL,18.9,5.9,7.0,6.8
5711,0.2273,0,NORMAL,19.1,6.6,7.7,6.3
5712,0.2161,0,NORMAL,19.0,6.2,7.5,7.5
5713,0.2793,0,NORMAL,19.0,6.7,7.7,6.9
5714,0.392,0,NORMAL,19.0,6.3,8.3,7.4
5715,0.2233,0,NORMAL,19.1,6.4,7.5,6.2
5716,0.2446,0,NORMAL,19.1,6.0,7.8,6.7
5717,0.1748,0,NORMAL,19.0,5.7,7.5,6.9
5718,0.1984,0,NORMAL,18.7,6.1,7.3,6.2
5719,0.2583,0,NORMAL,19.0,7.0,7.7,6.9
5720,0.334,0,NORMAL,19.0,7.1,9.4,8.0
5721,0.2164,0,NORMAL,19.1,5.9,7.9,7.3
5722,0.2495,0,NORMAL,18.8,6.2,8.0,6.5
5723,0.4152,0,NORMAL,19.1,7.2,8.3,7.2
5724,0.2251,0,NORMAL,18.8,6.0,7.3,6.2
5725,0.7787,0,WARNING,19.0,9.0,7.9,6.0
5726,0.4337,0,NORMAL,19.3,7.0,8.5,7.9
5727,0.6092,0,WARNING,19.3,8.6,8.6,7.0
5728,0.3307,0,NORMAL,19.4,7.0,9.1,8.3
5729,0.3306,1,NORMAL,19.1,6.8,7.2,6.6
5730,1.0,1,ANOMALY,36.6,17.4,9.1,7.8
5731,0.7844,1,WARNING,19.4,8.0,7.6,6.6
5732,0.4549,1,NORMAL,19.1,5.7,7.4,6.8
5733,0.5532,1,NORMAL,19.2,7.7,8.4,8.2
5734,0.4887,1,NORMAL,19.3,7.3,7.4,6.4
5735,0.2862,0,NORMAL,19.1,6.1,6.7,6.1
5736,0.2097,0,NORMAL,19.3,6.3,8.1,7.4
5737,0.2227,0,NORMAL,19.0,5.7,7.2,6.0
5738,0.2901,0,NORMAL,19.0,6.5,8.6,9.2
5739,0.8234,0,WARNING,19.3,6.2,6.0,5.4
5740,0.1582,0,NORMAL,19.1,5.7,6.1,5.2
5741,0.1834,0,NORMAL,19.3,6.1,7.1,6.1
5742,0.1724,0,NORMAL,19.2,5.9,6.0,5.2
5743,0.2554,0,NORMAL,19.3,6.3,6.9,6.5
5744,0.185,0,NORMAL,19.1,5.7,6.2,5.9
5745,0.1645,0,NORMAL,19.2,5.7,7.0,6.1
5746,0.2131,0,NORMAL,19.0,6.1,7.2,6.7
5747,0.1988,0,NORMAL,18.9,5.8,7.6,6.6
5748,0.2448,0,NORMAL,19.2,5.8,7.2,5.9
5749,0.2001,0,NORMAL,19.2,6.5,7.7,7.1
5750,0.2492,0,NORMAL,19.2,7.2,7.9,6.7
5751,0.1686,0,NORMAL,19.1,5.4,6.7,6.4
5752,0.3558,0,NORMAL,19.2,6.0,8.2,7.1
5753,0.2111,0,NORMAL,19.2,5.5,6.6,6.2
5754,0.2351,0,NORMAL,19.1,6.2,6.8,5.7
5755,0.1475,0,NORMAL,19.2,5.9,7.0,5.9
5756,0.2988,0,NORMAL,19.3,6.8,8.9,8.0
5757,0.5295,0,NORMAL,19.2,7.5,7.5,6.5
5758,0.2637,0,NORMAL,19.2,5.6,7.6,6.9
5759,0.2074,0,NORMAL,19.1,6.3,6.6,4.9
5760,0.1747,0,NORMAL,19.2,5.5,5.6,5.6
5761,0.254,0,NORMAL,18.9,5.0,5.7,5.6
5762,0.1763,0,NORMAL,19.1,5.4,5.9,5.1
5763,0.1538,0,NORMAL,19.1,5.1,6.2,5.4
5764,0.299,0,NORMAL,19.1,5.4,5.3,5.8
5765,0.1854,0,NORMAL,19.2,6.4,7.3,6.5
5766,0.169,0,NORMAL,19.1,5.5,6.1,5.6
5767,0.1923,0,NORMAL,19.1,5.4,6.3,5.9
5768,0.1673,0,NORMAL,18.8,5.0,4.9,5.8
5769,0.3223,0,NORMAL,19.0,4.7,4.7,5.5
5770,0.1944,0,NORMAL,19.1,6.2,6.8,7.3
5771,0.2354,0,NORMAL,19.0,6.0,6.4,4.8
5772,0.1716,0,NORMAL,19.2,6.1,6.6,5.4
5773,0.2492,0,NORMAL,19.2,6.0,5.4,5.6
5774,0.2316,0,NORMAL,19.1,7.0,8.2,6.5
5775,0.1947,0,NORMAL,19.3,5.7,7.5,7.0
5776,0.1939,0,NORMAL,18.9,6.2,6.9,6.6
5777,0.184,0,NORMAL,18.9,5.5,6.5,5.2
5778,0.2346,0,NORMAL,19.2,5.4,6.5,5.7
5779,0.1663,0,NORMAL,19.1,5.6,6.2,5.9
5780,0.2353,0,NORMAL,18.9,6.3,7.0,5.7
5781,0.7415,0,WARNING,19.0,8.1,7.0,6.4
5782,0.2228,0,NORMAL,19.1,5.7,6.8,5.7
5783,0.195,0,NORMAL,19.2,4.4,5.9,5.1
5784,0.2921,0,NORMAL,19.2,5.8,5.2,4.6
5785,0.1579,0,NORMAL,19.2,4.0,4.2,4.9
5786,0.2314,0,NORMAL,18.9,5.3,5.0,6.3
5787,0.1301,0,NORMAL,19.1,5.7,5.8,6.3
5788,0.2637,0,NORMAL,19.3,6.0,5.4,3.6
5789,0.1723,0,NORMAL,19.1,4.9,5.0,4.1
5790,0.2173,0,NORMAL,18.9,5.0,6.2,6.3
5791,0.1639,0,NORMAL,19.3,6.3,7.2,6.6
5792,0.1754,0,NORMAL,19.0,5.7,6.5,4.8
5793,0.2856,0,NORMAL,18.9,4.7,5.0,4.5
5794,0.178,0,NORMAL,19.0,6.1,6.8,6.6
5795,0.1828,0,NORMAL,19.1,5.1,6.3,5.7
5796,0.2965,0,NORMAL,18.8,6.1,5.7,4.7
5797,0.1379,0,NORMAL,19.2,6.0,6.3,5.4
5798,0.1754,0,NORMAL,19.2,5.6,6.5,7.0
5799,0.1835,0,NORMAL,19.4,5.7,6.4,5.6
5800,0.1805,0,NORMAL,19.4,5.1,5.3,5.1
5801,0.209,0,NORMAL,19.3,5.4,4.7,4.4
5802,0.1988,0,NORMAL,18.9,5.2,5.2,5.8
5803,0.2751,0,NORMAL,19.2,6.2,6.7,6.2
5804,0.1612,0,NORMAL,19.1,4.7,5.1,4.4
5805,0.1472,0,NORMAL,19.3,5.1,5.6,4.5
5806,0.1758,0,NORMAL,19.1,5.3,6.1,5.9
5807,0.1648,0,NORMAL,19.1,5.3,6.0,5.4
5808,0.2451,0,NORMAL,19.1,5.8,7.5,5.5
5809,0.3045,0,NORMAL,19.3,6.3,5.4,5.4
5810,0.2273,0,NORMAL,19.0,5.3,6.9,5.9
5811,0.1814,0,NORMAL,19.1,5.0,4.7,4.2
5812,0.1517,0,NORMAL,19.1,5.2,5.5,5.4
5813,0.2376,0,NORMAL,18.8,5.8,5.3,6.0
5814,0.2692,0,NORMAL,19.1,6.1,6.5,5.6
5815,0.1817,0,NORMAL,19.2,5.9,6.9,4.7
5816,0.1815,0,NORMAL,18.9,4.9,5.4,5.2
5817,0.2722,0,NORMAL,19.1,5.6,4.8,5.6
5818,0.4496,0,NORMAL,19.2,5.5,4.8,5.6
5819,0.4292,0,NORMAL,19.2,6.4,6.0,6.1
5820,0.191,0,NORMAL,19.2,5.1,4.9,5.8
5821,0.1432,0,NORMAL,18.9,5.0,5.5,6.7
5822,0.2125,0,NORMAL,19.0,5.1,6.6,4.9
5823,0.1723,0,NORMAL,18.9,5.3,5.5,4.4
5824,0.1768,0,NORMAL,19.1,5.3,6.2,5.4
5825,0.2033,0,NORMAL,19.2,6.1,6.5,6.0
5826,0.4827,0,NORMAL,19.0,5.5,5.6,4.4
5827,0.1534,0,NORMAL,18.9,5.1,5.9,5.0
5828,0.3167,0,NORMAL,19.0,4.5,5.0,6.6
5829,0.1823,0,NORMAL,19.0,5.7,5.3,5.8
5830,0.4906,0,NORMAL,19.0,5.4,5.8,6.0
5831,0.1796,0,NORMAL,19.2,5.2,6.4,4.5
5832,0.1733,0,NORMAL,18.9,5.0,4.5,4.1
5833,0.3986,0,NORMAL,18.9,6.1,5.9,5.9
5834,0.1431,0,NORMAL,19.2,5.4,6.1,6.1
5835,0.2006,0,NORMAL,18.9,5.3,5.7,4.4
5836,0.1497,0,NORMAL,19.1,4.4,4.9,4.6
5837,0.2626,0,NORMAL,19.1,4.8,5.0,5.6
5838,0.1742,0,NORMAL,19.2,4.9,4.5,4.9
5839,0.1203,0,NORMAL,19.1,4.5,4.5,5.7
5840,0.1212,0,NORMAL,19.1,5.3,5.4,5.6
5841,0.7159,0,WARNING,19.0,7.2,5.0,5.6
5842,0.1253,0,NORMAL,19.0,5.2,6.1,7.0
5843,0.2187,0,NORMAL,19.0,5.4,6.0,5.4
5844,0.1726,0,NORMAL,19.1,4.8,5.3,4.0
5845,0.1482,0,NORMAL,19.1,4.6,4.9,5.0
5846,0.1689,0,NORMAL,19.0,5.2,5.3,6.0
5847,0.2971,0,NORMAL,19.0,5.4,5.1,5.4
5848,0.1125,0,NORMAL,19.3,5.5,5.9,6.3
5849,0.3428,0,NORMAL,19.3,5.2,5.9,4.9
5850,0.23,0,NORMAL,19.3,5.4,5.1,3.9
5851,0.1704,0,NORMAL,19.1,4.8,5.4,6.3
5852,0.1639,0,NORMAL,19.3,4.8,4.9,4.9
5853,0.1369,0,NORMAL,18.9,3.7,3.5,4.5
5854,0.3586,0,NORMAL,19.3,4.9,5.4,5.6
5855,0.3123,0,NORMAL,19.1,5.2,4.6,5.7
5856,0.087,0,NORMAL,19.4,5.0,5.3,6.0
5857,0.1702,0,NORMAL,19.2,4.2,4.2,5.2
5858,0.0791,0,NORMAL,19.2,4.6,4.2,6.8
5859,0.8371,0,WARNING,19.3,5.3,4.5,6.0
5860,0.1533,0,NORMAL,19.1,5.1,5.4,6.0
5861,0.1826,0,NORMAL,19.2,4.9,4.3,4.3
5862,0.1816,0,NORMAL,19.1,5.1,4.0,4.6
5863,0.173,0,NORMAL,19.2,5.3,5.9,7.2
5864,0.1658,0,NORMAL,19.0,4.9,5.0,5.5
5865,0.3243,0,NORMAL,19.2,5.4,5.5,6.1
5866,0.3876,0,NORMAL,19.3,5.9,5.7,6.2
5867,0.1445,0,NORMAL,19.3,5.5,5.7,4.3
5868,0.2793,0,NORMAL,19.2,5.6,6.6,4.3
5869,0.1758,0,NORMAL,19.1,5.6,6.4,6.5
5870,0.3325,0,NORMAL,19.1,5.8,5.0,4.8
5871,0.1504,0,NORMAL,19.2,4.7,5.4,5.6
5872,0.1577,0,NORMAL,19.3,5.8,6.5,6.5
5873,0.3156,0,NORMAL,19.2,4.8,5.5,4.2
5874,0.1573,0,NORMAL,19.2,5.7,6.6,5.5
5875,0.237,0,NORMAL,19.4,6.1,6.0,5.9
5876,0.3109,0,NORMAL,19.1,5.8,5.3,4.4
5877,0.22,0,NORMAL,19.1,5.3,5.2,5.7
5878,0.2857,0,NORMAL,19.4,6.4,6.6,7.1
5879,0.173,0,NORMAL,19.6,6.0,6.5,4.7
5880,0.2042,0,NORMAL,19.1,4.5,4.6,4.2
5881,0.1718,0,NORMAL,19.0,4.8,4.9,5.6
5882,0.1398,0,NORMAL,18.9,4.5,4.5,5.3
5883,0.2222,0,NORMAL,19.2,5.3,6.1,7.7
5884,0.3512,0,NORMAL,19.0,4.5,4.9,5.7
5885,0.1364,0,NORMAL,19.2,4.0,4.1,5.4
5886,0.1993,0,NORMAL,19.3,5.9,5.2,5.4
5887,0.1317,0,NORMAL,19.3,4.5,4.5,6.1
5888,0.1205,0,NORMAL,19.3,5.0,5.8,8.0
5889,0.1726,0,NORMAL,19.4,5.0,5.0,4.1
5890,0.8386,0,WARNING,19.8,7.5,5.5,4.2
5891,0.1908,0,NORMAL,19.6,5.6,6.3,6.3
5892,0.2091,0,NORMAL,19.4,5.3,5.4,5.1
5893,0.243,0,NORMAL,19.4,5.6,5.0,4.2
5894,0.204,0,NORMAL,19.2,5.0,5.5,5.9
5895,0.1538,0,NORMAL,19.4,5.7,6.5,6.5
5896,0.1727,0,NORMAL,19.4,5.1,6.3,4.5
5897,0.176,0,NORMAL,19.4,5.2,5.3,4.4
5898,0.2472,0,NORMAL,19.3,5.1,5.9,6.5
5899,0.1277,0,NORMAL,19.4,5.5,7.0,6.8
5900,0.1889,0,NORMAL,19.3,5.7,6.0,4.6
5901,0.7476,0,WARNING,19.2,7.5,5.3,5.1
5902,0.176,0,NORMAL,19.2,5.1,6.3,5.7
5903,0.1819,0,NORMAL,19.4,5.2,6.3,5.1
5904,0.1317,0,NORMAL,19.4,5.3,5.5,4.7
5905,0.2254,0,NORMAL,19.3,5.1,5.4,4.8
5906,0.1578,0,NORMAL,19.5,4.4,3.8,4.5
5907,0.3027,0,NORMAL,19.4,5.6,5.5,5.9
5908,0.4177,0,NORMAL,19.5,6.8,5.5,6.1
5909,0.3378,0,NORMAL,19.3,5.2,5.0,4.3
5910,0.1503,0,NORMAL,19.1,5.0,5.1,5.7
5911,0.1667,0,NORMAL,19.2,4.4,4.5,4.8
5912,0.261,0,NORMAL,19.3,5.4,6.3,6.4
5913,0.145,0,NORMAL,19.5,5.5,6.3,5.0
5914,0.1765,0,NORMAL,19.3,4.8,5.1,3.9
5915,0.5527,0,NORMAL,19.4,5.7,5.8,5.8
5916,0.1555,0,NORMAL,19.5,5.1,5.6,5.9
5917,0.2137,0,NORMAL,19.3,5.4,5.5,4.6
5918,0.1646,0,NORMAL,19.2,3.8,3.5,5.7
5919,0.1038,0,NORMAL,19.4,5.0,5.4,6.2
5920,0.1497,0,NORMAL,19.4,5.0,4.9,5.6
5921,0.1979,0,NORMAL,19.3,5.0,4.5,4.8
5922,0.3524,0,NORMAL,19.2,6.1,6.1,7.2
5923,0.238,0,NORMAL,19.2,5.7,6.3,5.2
5924,0.1725,0,NORMAL,19.2,5.0,5.1,3.9
5925,0.1845,0,NORMAL,19.5,6.1,6.6,6.5
5926,0.2279,0,NORMAL,19.1,5.3,5.7,5.6
5927,0.1664,0,NORMAL,19.5,5.0,5.5,4.9
5928,0.1621,0,NORMAL,19.4,5.1,6.2,5.3
5929,0.1776,0,NORMAL,19.4,6.2,6.2,6.3
5930,0.2037,0,NORMAL,19.2,5.0,5.1,5.1
5931,0.2762,0,NORMAL,19.3,5.2,5.7,4.7
5932,0.1689,0,NORMAL,19.4,4.6,5.8,5.3
5933,0.1936,0,NORMAL,19.3,4.2,4.6,5.5
5934,0.3339,0,NORMAL,19.3,5.7,4.7,5.5
5935,0.157,0,NORMAL,19.1,4.8,5.4,6.3
5936,0.1668,0,NORMAL,19.2,4.9,5.4,6.3
5937,0.1531,0,NORMAL,19.2,5.6,6.5,5.6
5938,0.4278,0,NORMAL,19.2,5.9,5.4,4.0
5939,0.1645,0,NORMAL,19.4,5.0,4.7,4.8
5940,1.0,0,ANOMALY,21.9,8.7,4.4,5.0
5941,0.9722,0,WARNING,19.7,5.4,3.8,4.5
5942,0.179,0,NORMAL,19.4,5.2,4.9,5.8
5943,0.162,0,NORMAL,19.4,4.6,4.6,5.9
5944,0.2773,0,NORMAL,19.4,5.1,5.4,6.5
5945,0.3342,0,NORMAL,19.3,6.3,6.0,5.6
5946,0.1719,0,NORMAL,19.4,5.2,6.3,4.3
5947,0.1727,0,NORMAL,19.2,5.6,6.1,5.4
5948,0.1894,0,NORMAL,19.4,5.5,6.4,7.7
5949,0.1887,0,NORMAL,19.3,4.9,4.6,4.3
5950,0.244,0,NORMAL,19.1,4.9,4.7,5.3
5951,0.3101,0,NORMAL,19.4,5.6,5.1,6.0
5952,0.3556,0,NORMAL,19.2,6.1,6.0,6.1
5953,0.1577,0,NORMAL,19.5,4.5,5.0,5.5
5954,0.1562,0,NORMAL,19.3,4.9,5.1,6.1
5955,0.2429,0,NORMAL,19.6,6.3,6.3,5.2
5956,0.1725,0,NORMAL,19.3,5.0,5.5,4.3
5957,0.1725,0,NORMAL,19.1,4.8,5.7,5.4
5958,0.1794,0,NORMAL,19.4,5.3,5.7,6.3
5959,0.1683,0,NORMAL,19.6,5.5,6.4,5.2
5960,0.2002,0,NORMAL,19.4,5.7,5.6,4.5
5961,0.1761,0,NORMAL,19.6,4.9,5.3,4.9
5962,0.1582,0,NORMAL,19.3,4.4,4.8,5.1
5963,0.2522,0,NORMAL,19.6,5.1,5.4,5.8
5964,0.6431,0,WARNING,19.3,7.1,6.1,5.7
5965,0.3484,0,NORMAL,19.6,7.0,6.3,5.0
5966,0.2406,0,NORMAL,19.4,5.1,4.2,3.7
5967,0.256,0,NORMAL,19.5,5.9,5.2,6.2
5968,0.1658,0,NORMAL,19.5,4.6,4.3,5.8
5969,0.1341,0,NORMAL,19.5,5.1,4.7,6.5
5970,0.2388,0,NORMAL,19.3,4.5,4.7,6.8
5971,0.1385,0,NORMAL,19.1,5.0,5.2,5.1
5972,0.2209,0,NORMAL,19.1,4.6,5.0,3.5
5973,0.1827,0,NORMAL,18.9,3.6,3.0,3.8
5974,0.1494,0,NORMAL,19.0,3.6,2.8,4.0
5975,0.1638,0,NORMAL,19.0,4.5,3.7,4.5
5976,0.2047,0,NORMAL,19.4,3.9,4.5,6.6
5977,0.2233,0,NORMAL,19.3,4.8,5.2,7.6
5978,0.2203,0,NORMAL,19.1,4.5,4.3,4.6
5979,0.1645,0,NORMAL,19.3,4.4,4.1,5.6
5980,0.1677,0,NORMAL,19.3,4.7,4.3,5.9
5981,0.1996,0,NORMAL,19.2,4.3,4.0,5.7
5982,0.2305,0,NORMAL,19.4,4.9,5.2,7.1
5983,0.3892,0,NORMAL,19.5,5.5,4.7,6.6
5984,0.1717,0,NORMAL,19.6,4.8,5.4,4.1
5985,0.1718,0,NORMAL,19.5,4.6,5.3,4.1
5986,0.1617,0,NORMAL,19.5,4.7,4.6,5.5
5987,0.153,0,NORMAL,19.5,4.5,4.1,5.6
5988,0.4183,0,NORMAL,19.6,5.6,4.5,6.2
5989,0.1722,0,NORMAL,19.6,5.7,6.5,7.5
5990,0.2215,0,NORMAL,19.2,4.6,5.2,3.4
5991,0.1673,0,NORMAL,19.3,4.6,4.7,4.9
5992,0.172,0,NORMAL,19.4,4.5,4.6,6.8
5993,0.1947,0,NORMAL,19.5,4.5,5.0,5.9
5994,0.1714,0,NORMAL,19.5,5.0,5.2,3.9
5995,0.129,0,NORMAL,19.5,5.7,5.6,5.3
5996,0.5549,0,NORMAL,19.6,6.4,6.0,7.3
5997,0.3032,0,NORMAL,19.6,5.8,5.4,5.6
5998,1.0,1,ANOMALY,30.7,15.8,5.4,5.6
5999,0.8262,1,WARNING,19.8,7.9,4.5,5.1
6000,1.0,1,ANOMALY,24.1,17.5,5.8,6.3
6001,0.5168,1,NORMAL,19.1,4.6,5.3,4.6
6002,0.3,0,NORMAL,19.5,4.4,5.3,5.3
6003,0.1792,0,NORMAL,19.6,4.6,5.2,5.9
6004,0.1453,0,NORMAL,19.5,4.8,4.8,5.1
6005,0.218,0,NORMAL,19.5,5.0,5.0,5.0
6006,0.1352,0,NORMAL,19.6,4.7,5.3,6.6
6007,0.2447,0,NORMAL,19.6,4.5,5.5,6.0
6008,0.1835,0,NORMAL,19.4,5.3,5.7,6.8
6009,0.1951,0,NORMAL,19.6,4.6,5.5,5.5
6010,0.2532,0,NORMAL,19.7,5.7,5.8,6.2
6011,0.2441,0,NORMAL,19.4,5.4,5.2,5.5
6012,0.1804,0,NORMAL,19.5,4.0,4.4,4.6
6013,0.4021,0,NORMAL,19.5,5.6,5.0,7.3
6014,0.2975,0,NORMAL,19.7,5.3,7.5,7.8
6015,0.2289,0,NORMAL,19.5,5.3,6.5,5.3
6016,0.2199,0,NORMAL,19.4,5.3,5.9,7.7
6017,0.2713,0,NORMAL,19.3,4.7,4.8,4.8
6018,0.4961,0,NORMAL,19.4,4.2,5.5,4.5
6019,0.1615,0,NORMAL,19.6,4.8,5.5,6.9
6020,0.171,0,NORMAL,19.5,5.4,5.3,6.0
6021,0.1369,0,NORMAL,19.5,5.1,6.0,4.9
6022,0.4417,0,NORMAL,19.3,3.9,4.2,4.5
6023,0.2223,0,NORMAL,19.5,5.3,6.7,7.9
6024,0.1437,0,NORMAL,19.5,5.2,6.1,5.6
6025,0.229,0,NORMAL,19.7,5.3,5.9,5.3
6026,0.8191,0,WARNING,19.6,8.4,4.8,5.6
6027,0.2992,0,NORMAL,19.4,5.5,4.9,5.7
6028,0.1814,0,NORMAL,19.2,4.4,4.9,5.4
6029,0.1292,0,NORMAL,19.6,5.3,5.4,4.9
6030,0.1378,0,NORMAL,19.7,5.7,6.3,7.1
6031,0.1954,0,NORMAL,19.7,5.4,5.5,5.3
6032,0.159,0,NORMAL,19.4,4.8,5.8,5.3
6033,0.274,0,NORMAL,19.5,4.6,5.7,6.3
6034,0.2209,0,NORMAL,19.8,5.8,7.3,8.2
6035,0.212,0,NORMAL,19.5,5.1,5.7,4.9
6036,0.1665,0,NORMAL,19.6,4.9,6.4,7.2
6037,0.2414,0,NORMAL,19.4,5.0,5.8,6.2
6038,0.1836,0,NORMAL,19.4,4.9,5.8,6.6
6039,0.1584,0,NORMAL,19.7,5.5,6.1,6.2
6040,0.1694,0,NORMAL,19.7,4.4,4.1,5.4
6041,0.1517,0,NORMAL,19.5,4.8,4.7,5.1
6042,0.3634,0,NORMAL,19.6,4.9,4.8,5.9
6043,0.2935,0,NORMAL,19.4,5.4,5.4,5.3
6044,0.2049,0,NORMAL,19.6,5.4,6.1,5.4
6045,0.246,0,NORMAL,19.5,5.0,5.8,6.0
6046,0.2926,0,NORMAL,19.4,4.4,4.4,5.0
6047,0.1461,0,NORMAL,19.6,4.8,4.1,5.5
6048,0.1722,0,NORMAL,19.4,4.5,5.5,7.1
6049,0.418,0,NORMAL,19.7,6.0,6.0,4.7
6050,0.246,0,NORMAL,19.6,5.1,5.3,5.3
6051,0.1553,0,NORMAL,19.5,4.7,5.6,6.9
6052,0.158,0,NORMAL,19.5,4.8,5.8,5.8
6053,0.1347,0,NORMAL,19.3,4.0,5.2,5.1
6054,0.1478,0,NORMAL,19.4,5.0,5.9,6.7
6055,0.1474,0,NORMAL,19.8,5.5,7.1,6.4
6056,0.1488,0,NORMAL,19.8,5.1,5.8,5.6
6057,0.2787,0,NORMAL,19.6,4.5,4.7,5.4
6058,0.5231,0,NORMAL,19.6,6.4,5.8,6.5
6059,0.1665,0,NORMAL,19.5,4.1,4.3,4.1
6060,0.1672,0,NORMAL,19.5,5.3,6.7,6.4
6061,0.2002,0,NORMAL,19.5,5.6,6.4,6.8
6062,0.1489,0,NORMAL,19.6,4.6,5.7,6.2
6063,0.1644,0,NORMAL,19.5,3.9,4.7,4.8
6064,0.1454,0,NORMAL,19.4,4.7,4.7,6.0
6065,0.1435,0,NORMAL,19.7,4.6,5.4,6.7
6066,0.1437,0,NORMAL,19.8,5.4,5.9,4.9
6067,0.1319,0,NORMAL,19.6,5.8,6.2,5.8
6068,0.7137,0,WARNING,19.5,4.7,5.8,8.1
6069,0.1659,0,NORMAL,19.5,4.9,5.5,5.4
6070,0.1495,0,NORMAL,19.5,5.2,5.9,5.1
6071,0.2421,0,NORMAL,19.7,5.6,6.3,7.4
6072,0.1913,0,NORMAL,19.6,5.1,4.7,5.7
6073,0.1716,0,NORMAL,19.6,4.8,5.4,5.1
6074,0.1435,0,NORMAL,19.4,4.5,5.0,5.0
6075,0.1715,0,NORMAL,19.7,4.9,5.9,7.2
6076,0.1434,0,NORMAL,19.7,4.9,5.9,5.8
6077,0.4463,0,NORMAL,19.5,5.9,6.6,6.3
6078,0.1893,0,NORMAL,19.8,4.3,6.2,6.9
6079,0.1959,0,NORMAL,19.8,5.0,5.1,5.8
6080,0.2042,0,NORMAL,19.6,5.7,6.7,6.8
6081,0.2314,0,NORMAL,19.7,4.6,5.7,6.5
6082,0.7181,0,WARNING,19.5,7.5,5.6,5.4
6083,0.2259,0,NORMAL,19.6,5.7,6.3,6.1
6084,0.2041,0,NORMAL,19.7,5.0,6.3,6.5
6085,0.2258,0,NORMAL,19.5,5.1,5.4,6.2
6086,0.3272,0,NORMAL,19.7,5.6,6.0,6.5
6087,0.2671,0,NORMAL,19.6,5.6,6.7,6.7
6088,0.2313,0,NORMAL,19.8,5.5,7.0,7.7
6089,0.2368,0,NORMAL,20.0,6.0,6.6,6.8
6090,0.3257,0,NORMAL,19.8,5.6,5.1,5.5
6091,0.1948,0,NORMAL,19.7,5.5,6.9,7.0
6092,0.2562,0,NORMAL,19.6,5.1,6.0,6.3
6093,0.2765,0,NORMAL,19.7,5.8,6.8,7.3
6094,0.2102,0,NORMAL,19.9,5.3,6.0,6.3
6095,0.187,0,NORMAL,19.8,5.4,5.6,6.1
6096,0.2576,0,NORMAL,19.5,4.7,6.3,6.2
6097,0.1969,0,NORMAL,19.7,5.4,6.2,6.6
6098,0.2538,0,NORMAL,19.5,5.3,6.5,8.4
6099,0.2004,0,NORMAL,19.8,6.1,6.9,7.4
6100,0.2225,0,NORMAL,19.7,5.2,7.2,7.5
6101,0.3234,0,NORMAL,19.7,5.7,7.4,7.5
6102,0.3585,0,NORMAL,19.6,6.5,7.2,7.7
6103,0.2662,0,NORMAL,19.5,5.8,6.1,6.3
6104,0.2281,0,NORMAL,19.8,4.9,5.9,6.6
6105,0.2089,0,NORMAL,19.9,5.6,7.2,7.5
6106,0.5425,0,NORMAL,19.7,5.5,6.9,7.1
6107,0.2368,0,NORMAL,19.8,5.0,6.0,6.9
6108,0.2078,0,NORMAL,19.5,4.8,5.5,6.3
6109,0.2555,0,NORMAL,19.8,5.7,7.2,7.3
6110,0.1962,0,NORMAL,20.0,6.1,7.4,7.5
6111,0.2394,0,NORMAL,19.7,5.4,7.1,7.7
6112,0.2324,0,NORMAL,19.8,4.9,5.6,6.3
6113,0.2075,0,NORMAL,20.1,5.6,7.3,7.0
6114,0.2255,0,NORMAL,19.9,5.6,6.7,7.0
6115,0.2214,0,NORMAL,19.7,5.8,6.2,6.5
6116,0.2002,0,NORMAL,19.8,4.7,5.5,5.6
6117,0.2484,0,NORMAL,19.8,6.5,6.4,6.6
6118,0.2348,0,NORMAL,19.6,5.8,6.0,6.5
6119,0.1959,0,NORMAL,19.7,5.7,6.7,7.0
6120,0.2159,0,NORMAL,19.7,5.6,7.2,7.6
6121,0.2123,0,NORMAL,19.7,5.6,5.9,6.3
6122,0.2253,0,NORMAL,19.6,5.7,7.9,8.0
6123,0.2285,0,NORMAL,19.5,5.0,7.0,7.5
6124,0.2206,0,NORMAL,19.8,6.0,6.6,7.1
6125,0.2117,0,NORMAL,19.6,4.8,6.1,6.0
6126,0.2085,0,NORMAL,19.8,6.0,7.4,7.3
6127,0.2225,0,NORMAL,19.5,4.7,6.5,7.4
6128,0.2155,0,NORMAL,19.5,5.4,7.1,8.2
6129,0.2324,0,NORMAL,19.8,6.3,7.8,8.0
6130,0.2217,0,NORMAL,19.5,5.3,5.4,5.8
6131,0.2861,0,NORMAL,19.8,5.4,7.0,7.4
6132,0.4451,0,NORMAL,19.6,6.8,6.8,6.6
6133,0.1767,0,NORMAL,19.6,4.9,6.7,7.5
6134,0.2067,0,NORMAL,19.6,5.4,5.9,6.0
6135,0.2032,0,NORMAL,19.5,5.5,6.6,7.0
6136,0.2066,0,NORMAL,19.5,5.6,6.5,7.0
6137,0.1584,0,NORMAL,19.5,5.1,6.5,6.5
6138,0.2086,0,NORMAL,19.7,5.0,6.1,6.8
6139,0.1436,0,NORMAL,19.8,5.4,6.2,6.8
6140,0.2049,0,NORMAL,19.7,5.5,7.5,8.0
6141,0.1696,0,NORMAL,19.7,4.8,5.9,6.7
6142,0.7668,0,WARNING,19.9,8.6,7.2,7.5
6143,0.2271,0,NORMAL,19.8,5.1,6.6,7.5
6144,0.3327,0,NORMAL,19.9,6.3,6.7,6.8
6145,0.2268,0,NORMAL,20.0,5.8,7.0,7.6
6146,0.2166,0,NORMAL,19.7,4.9,6.1,6.4
6147,0.4055,0,NORMAL,19.9,5.8,5.4,5.6
6148,0.2104,0,NORMAL,19.9,5.0,5.5,6.2
6149,0.1479,0,NORMAL,19.8,5.5,6.1,6.7
6150,0.2722,0,NORMAL,19.6,5.9,6.8,7.3
6151,0.2018,0,NORMAL,19.7,4.7,6.7,6.8
6152,0.2102,0,NORMAL,19.6,5.3,6.7,7.2
6153,0.2137,0,NORMAL,19.5,4.3,5.4,6.1
6154,0.2509,0,NORMAL,19.7,5.5,5.6,6.5
6155,0.8326,0,WARNING,19.9,5.2,6.2,6.0
6156,0.1927,0,NORMAL,19.7,4.0,4.6,6.5
6157,0.3545,0,NORMAL,19.7,4.0,2.8,8.3
6158,0.3136,0,NORMAL,19.5,2.7,2.5,8.9
6159,0.395,0,NORMAL,19.7,3.7,2.7,8.8
6160,0.3559,0,NORMAL,19.8,3.3,2.5,8.2
6161,0.3952,0,NORMAL,19.5,3.6,2.7,8.8
6162,0.4319,0,NORMAL,19.8,3.7,3.2,9.3
6163,0.3556,0,NORMAL,19.7,3.2,2.5,8.4
6164,0.4317,0,NORMAL,19.5,3.0,2.7,9.3
6165,0.3949,0,NORMAL,19.8,3.4,2.9,8.8
6166,0.4316,0,NORMAL,19.9,3.5,2.7,9.2
6167,0.4985,0,NORMAL,19.9,3.2,3.6,10.6
6168,0.4655,0,NORMAL,19.8,3.3,3.3,9.9
6169,0.394,0,NORMAL,19.8,3.5,2.8,8.8
6170,0.4981,0,NORMAL,19.7,3.5,3.3,10.5
6171,0.4978,0,NORMAL,19.6,3.3,3.5,10.4
6172,0.3938,0,NORMAL,19.6,3.1,2.7,8.8
6173,0.3944,0,NORMAL,19.8,3.4,3.3,9.2
6174,0.431,0,NORMAL,19.8,3.4,3.2,9.5
6175,0.498,0,NORMAL,19.7,2.9,2.8,10.3
6176,0.3551,0,NORMAL,19.7,3.3,2.7,8.3
6177,0.3947,0,NORMAL,19.9,3.9,3.3,9.0
6178,0.4313,0,NORMAL,19.9,3.6,2.8,9.2
6179,0.4314,0,NORMAL,19.9,3.3,3.3,9.5
6180,0.3944,0,NORMAL,19.6,2.8,2.6,8.8
6181,0.5289,0,NORMAL,20.0,4.3,3.7,11.1
6182,0.3939,0,NORMAL,19.7,2.7,2.7,9.0
6183,0.4656,0,NORMAL,19.7,2.9,3.1,9.9
6184,0.4655,0,NORMAL,19.9,3.7,2.8,9.7
6185,0.4656,0,NORMAL,19.7,3.2,3.3,10.0
6186,0.4782,0,NORMAL,19.8,3.2,2.8,9.2
6187,0.3944,0,NORMAL,19.8,3.2,2.9,8.8
6188,0.4313,0,NORMAL,19.7,3.6,2.4,10.3
6189,0.4204,0,NORMAL,19.9,4.4,2.8,9.0
6190,0.3948,0,NORMAL,19.9,2.9,2.8,8.8
6191,0.4985,0,NORMAL,19.9,3.8,3.2,10.4
6192,0.5286,0,NORMAL,19.8,4.4,3.1,11.0
6193,0.4978,0,NORMAL,19.9,3.1,3.0,10.4
6194,0.4308,0,NORMAL,19.9,3.2,3.1,9.4
6195,0.4655,0,NORMAL,19.7,3.2,3.6,10.4
6196,0.3938,0,NORMAL,19.9,3.5,3.5,9.3
6197,0.3547,0,NORMAL,19.8,2.9,3.1,8.6
6198,0.3942,0,NORMAL,19.7,3.3,2.9,9.0
6199,0.4657,0,NORMAL,19.9,3.4,3.3,9.9
6200,0.5284,0,NORMAL,20.0,3.6,3.3,10.9
6201,0.4306,0,NORMAL,19.8,3.3,3.4,9.5
6202,0.6865,0,WARNING,19.7,5.2,2.9,9.0
6203,0.4201,0,NORMAL,19.8,4.3,2.3,8.1
6204,0.4662,0,NORMAL,19.9,2.8,3.0,10.0
6205,0.3554,0,NORMAL,19.9,4.2,3.4,8.8
6206,0.4657,0,NORMAL,19.8,2.9,3.4,10.0
6207,0.3941,0,NORMAL,20.0,3.7,3.6,9.1
6208,0.4309,0,NORMAL,19.9,4.0,3.1,9.3
6209,0.431,0,NORMAL,19.9,4.0,3.2,9.4
6210,0.4311,0,NORMAL,19.9,3.0,2.9,9.6
6211,0.4311,0,NORMAL,19.7,3.0,3.0,9.3
6212,0.3944,0,NORMAL,19.8,3.6,3.2,9.1
6213,0.4311,0,NORMAL,19.6,2.5,2.7,9.2
6214,0.4658,0,NORMAL,19.7,3.5,3.1,9.9
6215,0.4311,0,NORMAL,19.8,2.9,3.1,9.4
6216,0.4657,0,NORMAL,20.1,6.8,7.6,11.0
6217,0.4312,0,NORMAL,19.8,6.1,8.2,7.3
6218,0.296,0,NORMAL,19.7,5.5,7.2,9.0
6219,0.2266,0,NORMAL,19.9,5.4,6.9,7.9
6220,0.2032,0,NORMAL,19.7,5.5,6.9,6.3
6221,0.4608,0,NORMAL,19.9,5.9,7.1,8.4
6222,0.2641,0,NORMAL,19.8,6.1,7.7,7.5
6223,0.3002,0,NORMAL,19.6,6.1,6.6,6.6
6224,0.2186,0,NORMAL,19.9,5.4,7.0,8.4
6225,0.4163,0,NORMAL,19.8,5.6,5.9,6.5
6226,0.1432,0,NORMAL,19.8,5.5,6.7,7.0
6227,0.2191,0,NORMAL,19.8,5.2,6.9,8.1
6228,0.1672,0,NORMAL,19.7,4.7,6.5,6.2
6229,0.2171,0,NORMAL,19.9,6.0,7.0,6.9
6230,0.2665,0,NORMAL,20.1,5.9,8.1,9.0
6231,0.3689,0,NORMAL,19.9,5.7,6.8,6.8
6232,0.2198,0,NORMAL,20.0,5.7,7.4,7.9
6233,0.2161,0,NORMAL,19.8,5.3,7.5,7.4
6234,0.2158,0,NORMAL,19.7,5.1,7.7,8.2
6235,0.2265,0,NORMAL,19.9,5.7,7.4,7.6
6236,0.3342,0,NORMAL,20.2,6.8,8.2,8.9
6237,0.2399,0,NORMAL,19.8,6.2,8.1,8.5
6238,0.3258,0,NORMAL,19.8,7.1,9.3,9.0
6239,0.2498,0,NORMAL,19.9,5.9,7.4,7.3
6240,0.2367,0,NORMAL,20.0,5.9,7.8,8.3
6241,0.2217,0,NORMAL,20.0,6.2,8.0,7.8
6242,0.2644,0,NORMAL,20.1,5.8,8.8,9.2
6243,0.2284,0,NORMAL,20.0,5.9,7.7,7.8
6244,0.2045,0,NORMAL,19.9,5.4,6.9,7.2
6245,0.1828,0,NORMAL,19.9,5.1,7.3,7.1
6246,0.266,0,NORMAL,19.8,5.5,6.9,7.2
6247,0.309,0,NORMAL,19.7,5.5,7.2,7.4
6248,0.2184,0,NORMAL,19.6,4.7,6.1,7.3
6249,0.1681,0,NORMAL,19.9,5.6,7.0,7.4
6250,0.2769,0,NORMAL,19.9,5.7,7.7,7.2
6251,0.1812,0,NORMAL,20.0,5.4,7.2,7.7
6252,0.292,0,NORMAL,20.1,6.6,7.5,7.6
6253,0.233,0,NORMAL,19.9,6.0,7.0,6.8
6254,0.2221,0,NORMAL,19.7,5.4,7.4,7.9
6255,0.2283,0,NORMAL,19.7,5.9,7.2,7.1
6256,0.2297,0,NORMAL,19.8,5.7,8.0,8.0
6257,0.3142,0,NORMAL,19.8,5.7,8.0,8.5
6258,0.2103,0,NORMAL,19.7,5.3,6.9,7.2
6259,0.2454,0,NORMAL,19.8,6.0,7.1,7.7
6260,0.2161,0,NORMAL,20.0,6.3,8.1,7.8
6261,0.242,0,NORMAL,19.7,5.7,7.0,7.7
6262,0.8268,0,WARNING,20.1,5.9,6.4,6.7
6263,0.2593,0,NORMAL,19.7,4.9,6.8,7.0
6264,0.1766,0,NORMAL,19.7,5.5,6.8,7.6
6265,0.7912,0,WARNING,20.0,8.7,7.5,7.8
6266,0.2221,0,NORMAL,20.1,5.4,7.5,7.3
6267,0.515,0,NORMAL,19.9,6.7,6.6,7.5
6268,0.2582,0,NORMAL,19.7,5.5,7.4,7.0
6269,0.4674,0,NORMAL,19.9,5.4,7.0,7.4
6270,0.3324,0,NORMAL,19.8,5.8,6.2,6.8
6271,0.2063,0,NORMAL,19.8,5.8,6.9,7.1
6272,0.2418,0,NORMAL,19.6,5.7,7.2,7.0
6273,0.2632,0,NORMAL,19.6,5.4,7.3,7.9
6274,0.3316,0,NORMAL,20.0,5.8,7.3,6.8
6275,0.2263,0,NORMAL,20.0,6.3,7.4,7.9
6276,0.2322,0,NORMAL,20.0,5.8,7.8,8.0
6277,0.2918,0,NORMAL,20.0,5.5,8.3,8.0
6278,0.2647,0,NORMAL,19.8,6.0,7.8,10.1
6279,0.2382,0,NORMAL,20.0,4.8,6.1,6.4
6280,0.217,0,NORMAL,19.7,4.8,6.1,6.9
6281,0.2491,0,NORMAL,19.7,5.3,6.6,7.0
6282,0.4623,0,NORMAL,19.9,6.3,6.3,6.6
6283,0.2031,0,NORMAL,19.6,5.3,6.0,6.4
6284,0.1625,0,NORMAL,19.7,4.9,6.1,6.7
6285,0.2466,0,NORMAL,19.7,4.9,7.0,7.7
6286,0.1523,0,NORMAL,19.8,5.8,6.2,6.1
6287,0.1856,0,NORMAL,19.7,4.8,6.1,6.5
6288,0.3331,0,NORMAL,19.8,5.4,6.1,6.7
6289,0.417,0,NORMAL,19.9,6.3,6.6,6.8
6290,0.2669,0,NORMAL,20.1,5.8,7.9,8.9
6291,0.2316,0,NORMAL,19.9,4.8,6.6,6.2
6292,0.2188,0,NORMAL,19.8,5.7,7.9,8.3
6293,0.2078,0,NORMAL,19.6,4.7,5.7,6.2
6294,0.2066,0,NORMAL,19.7,5.3,6.9,6.5
6295,0.1709,0,NORMAL,19.7,5.1,6.1,6.3
6296,0.4167,0,NORMAL,19.9,6.8,7.6,7.6
6297,0.1979,0,NORMAL,19.8,5.6,6.8,6.9
6298,0.3847,0,NORMAL,19.7,6.2,6.1,6.7
6299,0.2371,0,NORMAL,19.8,6.0,7.8,7.1
6300,0.4054,0,NORMAL,19.8,5.2,6.6,6.5
6301,0.2352,0,NORMAL,19.7,5.0,5.9,6.5
6302,0.2248,0,NORMAL,19.6,4.9,6.8,7.0
6303,0.6102,0,WARNING,19.8,6.4,5.6,4.9
6304,0.485,0,NORMAL,19.9,5.6,7.2,8.2
6305,0.2368,0,NORMAL,19.8,4.4,5.3,6.0
6306,0.1847,0,NORMAL,19.6,4.1,5.4,5.5
6307,0.1524,0,NORMAL,19.6,5.3,6.3,6.4
6308,0.1701,0,NORMAL,19.7,5.4,7.2,8.9
6309,0.2157,0,NORMAL,19.8,5.2,6.6,6.6
6310,0.2845,0,NORMAL,20.0,6.0,7.3,7.6
6311,0.1897,0,NORMAL,19.9,6.0,6.8,6.1
6312,0.4371,0,NORMAL,19.8,6.1,5.9,6.3
6313,0.5541,0,NORMAL,19.8,6.5,6.1,6.2
6314,0.1953,0,NORMAL,19.9,5.2,6.7,6.6
6315,0.1843,0,NORMAL,19.9,5.7,6.4,6.3
6316,0.165,0,NORMAL,19.7,5.1,6.8,7.3
6317,0.2113,0,NORMAL,19.6,4.5,5.7,6.0
6318,0.1514,0,NORMAL,19.8,5.2,5.9,6.1
6319,0.2206,0,NORMAL,19.8,4.5,6.2,7.0
6320,0.1432,0,NORMAL,19.7,5.3,5.4,5.2
6321,0.1468,0,NORMAL,19.8,5.4,6.4,7.0
6322,0.1896,0,NORMAL,19.5,4.6,6.4,6.7
6323,0.1634,0,NORMAL,19.7,5.0,6.0,6.0
6324,0.1736,0,NORMAL,19.8,5.2,6.3,7.0
6325,0.1848,0,NORMAL,19.6,5.1,6.0,6.6
6326,0.7397,0,WARNING,19.7,7.8,6.0,5.8
6327,0.4367,0,NORMAL,19.9,6.4,6.3,6.1
6328,0.1618,0,NORMAL,19.8,4.7,5.4,5.6
6329,0.1501,0,NORMAL,19.8,5.4,5.6,5.8
6330,0.1709,0,NORMAL,19.9,5.2,5.9,6.0
6331,0.2018,0,NORMAL,19.7,4.7,6.6,7.0
6332,0.1704,0,NORMAL,19.7,5.4,5.5,5.3
6333,0.1698,0,NORMAL,19.8,4.8,6.1,5.5
6334,0.2001,0,NORMAL,19.6,4.7,5.8,5.8
6335,0.1572,0,NORMAL,20.0,5.0,6.4,7.2
6336,0.1541,0,NORMAL,19.6,4.5,5.3,5.3
6337,0.1776,0,NORMAL,19.5,4.5,5.6,5.8
6338,0.2085,0,NORMAL,19.5,4.7,5.8,7.5
6339,0.2519,0,NORMAL,19.8,5.7,5.8,6.0
6340,0.2709,0,NORMAL,19.5,5.0,5.9,6.0
6341,0.1673,0,NORMAL,19.9,5.5,6.3,6.5
6342,0.1481,0,NORMAL,19.6,5.0,5.6,5.5
6343,0.3876,0,NORMAL,19.5,5.7,5.5,5.5
6344,0.1742,0,NORMAL,19.7,4.5,5.5,5.5
6345,0.1798,0,NORMAL,19.6,4.5,5.7,6.0
6346,0.2016,0,NORMAL,19.7,4.6,5.3,5.5
6347,0.1702,0,NORMAL,19.6,4.7,5.7,5.5
6348,0.155,0,NORMAL,19.6,4.7,5.5,5.4
6349,0.1434,0,NORMAL,19.8,5.5,6.1,6.5
6350,0.2692,0,NORMAL,19.6,5.2,6.3,6.0
6351,0.4904,0,NORMAL,19.9,6.5,6.7,6.8
6352,0.3113,0,NORMAL,19.6,4.7,5.4,5.8
6353,0.3383,0,NORMAL,19.9,5.1,6.0,6.1
6354,0.2053,0,NORMAL,19.9,4.4,5.2,4.8
6355,0.1927,0,NORMAL,19.7,4.7,4.7,4.8
6356,0.2647,0,NORMAL,19.6,4.9,5.0,7.1
6357,0.2861,0,NORMAL,19.7,5.6,5.2,6.0
6358,0.172,0,NORMAL,19.4,5.1,5.0,3.9
6359,0.1378,0,NORMAL,19.6,5.5,5.0,6.2
6360,0.2175,0,NORMAL,19.4,4.9,6.0,7.2
6361,0.1741,0,NORMAL,19.5,4.7,5.2,4.1
6362,0.1372,0,NORMAL,19.3,4.4,4.7,5.6
6363,0.1234,0,NORMAL,19.3,4.2,4.0,5.6
6364,0.1723,0,NORMAL,19.2,4.6,5.0,7.0
6365,0.401,0,NORMAL,19.5,4.2,4.4,5.9
6366,0.1625,0,NORMAL,19.3,3.9,4.9,6.7
6367,0.2322,0,NORMAL,19.4,5.2,5.1,7.4
6368,0.2156,0,NORMAL,19.4,4.2,4.4,6.9
6369,0.1717,0,NORMAL,19.8,4.6,5.4,7.0
6370,0.1924,0,NORMAL,19.6,5.0,5.0,4.6
6371,0.8375,0,WARNING,19.9,5.0,4.1,4.7
6372,0.5687,0,NORMAL,19.8,5.1,4.5,6.4
6373,0.3403,0,NORMAL,19.8,5.5,4.3,6.1
6374,0.3206,0,NORMAL,19.7,4.9,4.8,6.4
6375,0.1719,0,NORMAL,19.5,4.9,4.2,6.8
6376,0.3226,0,NORMAL,19.6,4.9,5.3,7.1
6377,0.1494,0,NORMAL,19.8,4.2,5.1,6.4
6378,0.1551,0,NORMAL,19.7,4.0,4.2,6.3
6379,0.1881,0,NORMAL,19.7,4.9,4.5,6.2
6380,0.1999,0,NORMAL,19.5,4.2,4.8,6.4
6381,0.1917,0,NORMAL,19.8,5.4,5.1,7.2
6382,0.6707,0,WARNING,19.4,6.6,4.5,6.1
6383,0.2911,0,NORMAL,19.3,4.0,3.9,5.3
6384,0.4064,0,NORMAL,19.3,3.9,3.8,5.3
6385,0.1727,0,NORMAL,19.5,4.2,4.8,7.1
6386,0.2091,0,NORMAL,19.5,4.5,3.8,5.6
6387,0.2034,0,NORMAL,19.5,4.8,4.1,5.0
6388,0.2104,0,NORMAL,19.7,4.7,4.1,5.5
6389,0.1442,0,NORMAL,19.8,4.7,4.9,6.4
6390,0.2347,0,NORMAL,19.4,4.6,4.8,5.8
6391,0.1438,0,NORMAL,19.3,4.0,3.5,4.9
6392,0.1441,0,NORMAL,19.4,4.4,4.4,5.9
6393,0.2856,0,NORMAL,19.7,4.3,4.6,5.7
6394,0.4843,0,NORMAL,19.4,3.3,4.2,5.6
6395,0.2766,0,NORMAL,19.3,4.6,3.7,4.9
6396,0.2396,0,NORMAL,19.7,5.0,4.9,6.9
6397,0.3853,0,NORMAL,19.5,3.8,3.9,4.8
6398,0.1469,0,NORMAL,19.5,4.0,4.7,7.6
6399,0.1469,0,NORMAL,19.7,4.6,4.1,5.5
6400,0.1571,0,NORMAL,19.4,3.6,3.1,4.0
6401,0.5559,0,NORMAL,19.7,6.0,3.7,4.8
6402,0.2073,0,NORMAL,19.5,4.8,3.9,4.7
6403,0.1669,0,NORMAL,19.6,4.9,3.8,5.4
6404,0.1329,0,NORMAL,19.1,3.7,3.3,4.4
6405,0.2766,0,NORMAL,19.4,3.7,2.9,3.9
6406,0.1395,0,NORMAL,19.3,4.3,4.0,5.3
6407,0.2315,0,NORMAL,19.5,4.5,3.2,4.6
6408,0.1832,0,NORMAL,19.3,3.6,3.3,4.3
6409,0.1511,0,NORMAL,19.5,3.8,3.2,4.9
6410,0.1917,0,NORMAL,19.5,3.8,3.4,4.0
6411,0.179,0,NORMAL,19.5,3.6,3.0,4.7
6412,0.2729,0,NORMAL,19.5,3.6,3.0,4.0
6413,0.3362,0,NORMAL,19.5,4.5,3.6,4.9
6414,0.1447,0,NORMAL,19.6,4.2,3.2,4.1
6415,0.1447,0,NORMAL,19.3,3.2,3.0,4.4
6416,0.1994,0,NORMAL,19.7,4.3,3.8,4.9
6417,0.1531,0,NORMAL,19.6,4.0,2.7,3.5
6418,0.4809,0,NORMAL,19.6,5.6,3.4,4.5
6419,0.1558,0,NORMAL,19.8,3.9,3.0,4.2
6420,0.1746,0,NORMAL,19.7,4.1,4.3,5.5
6421,0.1359,0,NORMAL,19.4,3.8,3.9,5.4
6422,0.1285,0,NORMAL,19.2,4.0,3.6,5.1
6423,0.2419,0,NORMAL,19.3,3.9,3.4,4.5
6424,0.1227,0,NORMAL,19.2,4.0,2.9,3.9
6425,0.1562,0,NORMAL,19.1,3.2,2.5,3.7
6426,0.1732,0,NORMAL,19.0,3.6,2.4,3.4
6427,0.1909,0,NORMAL,19.3,3.5,2.6,3.5
6428,0.212,0,NORMAL,19.2,3.9,3.0,5.6
6429,0.1503,0,NORMAL,19.3,4.3,2.8,3.7
6430,0.2064,0,NORMAL,19.4,3.9,3.1,3.8
6431,0.1547,0,NORMAL,19.3,3.9,3.1,4.4
6432,0.1474,0,NORMAL,19.4,4.0,2.5,3.9
6433,0.2854,0,NORMAL,19.2,4.0,2.6,3.5
6434,0.1595,0,NORMAL,19.4,3.5,2.9,4.0
6435,0.3212,0,NORMAL,19.4,3.4,2.4,3.5
6436,0.2104,0,NORMAL,19.1,3.2,2.3,2.8
6437,0.775,0,WARNING,18.2,9.3,12.0,7.6
6438,0.5818,0,NORMAL,17.0,6.3,9.2,6.5
6439,0.3427,0,NORMAL,17.1,4.0,2.8,2.7
6440,0.2212,0,NORMAL,17.8,3.1,2.2,2.6
6441,0.236,0,NORMAL,18.6,5.0,4.2,5.0
6442,0.7679,0,WARNING,19.4,7.4,5.4,4.5
6443,0.1721,0,NORMAL,19.7,4.0,5.0,4.2
6444,0.136,0,NORMAL,19.6,4.9,4.9,4.9
6445,0.193,0,NORMAL,19.5,4.0,4.9,4.2
6446,0.4619,0,NORMAL,20.3,5.5,7.8,6.3
6447,0.3767,0,NORMAL,20.2,5.1,6.4,4.9
6448,0.3887,0,NORMAL,20.2,5.0,8.1,6.0
6449,0.2415,0,NORMAL,19.8,4.5,5.0,4.2
6450,0.1808,0,NORMAL,19.4,4.1,4.4,3.7
6451,0.6041,0,WARNING,20.3,6.6,11.6,7.7
6452,0.2611,0,NORMAL,19.3,4.1,5.9,4.7
6453,0.3193,0,NORMAL,18.7,3.4,2.7,3.0
6454,0.1995,0,NORMAL,19.0,4.3,4.0,4.9
6455,0.3124,0,NORMAL,19.8,4.2,6.1,6.1
6456,0.2531,0,NORMAL,19.3,3.5,3.5,2.9
6457,0.1663,0,NORMAL,19.7,4.2,4.4,4.4
6458,0.2689,0,NORMAL,19.8,4.2,5.9,6.2
6459,0.3112,0,NORMAL,20.1,5.2,6.4,5.7
6460,0.7899,0,WARNING,21.5,8.0,10.3,7.6
6461,0.6475,0,WARNING,19.9,4.3,10.3,6.8
6462,0.6674,0,WARNING,19.8,6.3,11.4,9.8
6463,0.5731,0,NORMAL,19.1,3.7,9.4,6.7
6464,0.9507,0,WARNING,22.5,5.8,22.8,13.2
6465,0.6206,0,WARNING,18.0,2.8,5.8,2.4
6466,0.2988,0,NORMAL,17.9,3.3,2.1,2.2
6467,0.2161,0,NORMAL,17.9,3.6,2.0,2.8
6468,0.2221,0,NORMAL,18.3,3.5,5.2,4.5
6469,0.2212,0,NORMAL,18.2,4.1,2.9,2.7
6470,0.4101,0,NORMAL,17.9,3.9,2.4,2.6
6471,0.6521,0,WARNING,19.6,5.0,10.6,8.5
6472,0.223,0,NORMAL,18.6,5.2,6.2,4.3
6473,0.3083,0,NORMAL,18.8,4.5,6.1,4.4
6474,0.5508,0,NORMAL,19.2,4.2,8.8,6.4
6475,0.2242,0,NORMAL,18.5,4.1,5.1,3.7
6476,0.425,0,NORMAL,19.1,4.8,7.8,5.4
6477,0.318,0,NORMAL,18.5,5.6,6.5,4.2
6478,0.2702,0,NORMAL,18.3,3.5,3.7,2.9
6479,0.1727,0,NORMAL,18.1,4.2,2.5,3.1
6480,0.2991,0,NORMAL,18.1,3.0,2.8,3.4
6481,0.2198,0,NORMAL,18.0,3.3,1.9,2.5
6482,0.2449,0,NORMAL,18.3,4.2,3.8,3.9
6483,0.6925,0,WARNING,19.8,4.5,10.7,7.6
6484,0.5504,0,NORMAL,19.1,5.2,9.9,6.5
6485,0.457,0,NORMAL,19.1,5.0,9.7,6.6
6486,0.4559,0,NORMAL,18.9,3.8,7.5,5.9
6487,0.2518,0,NORMAL,18.2,3.3,4.3,4.5
6488,0.2694,0,NORMAL,18.0,3.5,3.6,4.3
6489,0.3109,0,NORMAL,18.6,4.5,5.5,4.4
6490,0.4267,0,NORMAL,18.8,3.9,7.0,5.1
6491,0.4921,0,NORMAL,19.2,5.5,8.6,6.1
6492,0.6018,0,WARNING,19.4,5.1,9.5,7.0
6493,0.272,0,NORMAL,18.1,3.2,3.1,2.4
6494,0.2879,0,NORMAL,17.9,3.4,2.2,2.6
6495,0.7868,0,WARNING,20.1,4.8,12.6,8.8
6496,0.4223,0,NORMAL,19.0,5.0,8.7,5.7
6497,0.8315,0,WARNING,20.5,5.9,15.3,9.1
6498,0.3427,0,NORMAL,18.6,4.6,8.4,4.7
6499,0.4549,0,NORMAL,19.1,4.3,7.9,8.2
6500,0.2724,0,NORMAL,18.4,3.7,3.6,2.6
6501,0.4593,0,NORMAL,19.2,4.0,7.4,6.4
6502,0.1743,0,NORMAL,18.3,3.7,4.7,4.5
6503,0.4104,0,NORMAL,17.8,3.2,1.7,1.8
6504,0.267,0,NORMAL,18.1,2.9,1.5,1.6
6505,0.3562,0,NORMAL,18.8,4.8,5.3,4.1
6506,0.7472,0,WARNING,19.3,7.4,8.8,6.3
6507,0.4014,0,NORMAL,18.4,5.1,4.9,3.9
6508,0.4931,0,NORMAL,19.1,5.0,8.4,6.6
6509,0.1277,0,NORMAL,18.4,4.1,4.2,4.5
6510,0.3127,0,NORMAL,18.0,2.9,1.8,1.6
6511,0.2073,0,NORMAL,18.2,3.6,2.9,3.9
6512,0.2701,0,NORMAL,18.7,4.1,5.1,5.3
6513,0.2205,0,NORMAL,18.1,3.2,1.8,2.3
6514,0.266,0,NORMAL,17.8,2.7,1.1,1.8
6515,0.2785,0,NORMAL,18.2,3.7,3.7,5.5
6516,0.4141,0,NORMAL,18.4,3.2,4.6,4.5
6517,0.26,0,NORMAL,18.2,4.3,3.0,3.0
6518,0.4299,0,NORMAL,18.8,3.1,6.7,6.5
6519,0.4938,0,NORMAL,19.3,4.5,7.7,6.2
6520,0.4251,0,NORMAL,19.0,4.1,6.6,6.2
6521,0.4246,0,NORMAL,18.8,4.1,7.1,6.7
6522,0.8318,0,WARNING,19.8,6.1,10.0,7.2
6523,0.5478,0,NORMAL,19.3,5.6,8.9,5.5
6524,0.4883,0,NORMAL,19.2,4.3,7.9,4.7
6525,0.3463,0,NORMAL,18.9,5.0,7.2,5.0
6526,0.2714,0,NORMAL,18.4,3.4,4.9,3.5
6527,0.2697,0,NORMAL,18.1,3.6,1.9,2.0
6528,0.2674,0,NORMAL,18.2,3.4,1.6,1.8
6529,0.2495,0,NORMAL,18.6,4.0,4.7,4.3
6530,0.8572,0,WARNING,16.5,8.1,9.2,6.1
6531,0.4537,0,NORMAL,13.4,4.8,4.8,3.6
6532,0.4287,0,NORMAL,12.2,4.4,4.3,3.4
6533,0.3096,0,NORMAL,11.2,3.5,2.7,2.1
6534,0.6513,0,WARNING,14.4,4.7,7.1,5.2
6535,0.3582,0,NORMAL,14.9,3.6,2.9,2.5
6536,0.5536,0,NORMAL,14.7,4.1,4.9,3.7
6537,0.4118,0,NORMAL,15.0,4.4,2.1,2.0
6538,0.5035,0,NORMAL,16.3,5.6,5.4,3.2
6539,0.495,0,NORMAL,18.3,5.1,8.4,5.3
6540,0.578,0,NORMAL,19.4,5.0,9.0,5.9
6541,0.2713,0,NORMAL,18.4,3.1,3.9,3.1
6542,0.3095,0,NORMAL,18.7,5.1,7.4,4.7
6543,0.3543,0,NORMAL,17.9,3.3,1.1,0.8
6544,0.3109,0,NORMAL,18.3,3.8,4.5,3.0
6545,0.311,0,NORMAL,17.7,3.4,3.3,2.6
6546,0.6056,0,WARNING,17.8,4.1,6.4,5.1
6547,0.3113,0,NORMAL,16.7,3.6,2.4,2.0
6548,0.4636,0,NORMAL,16.8,3.8,5.2,4.8
6549,0.6287,0,WARNING,16.4,5.1,6.8,5.3
6550,0.6904,0,WARNING,17.4,4.8,7.8,5.7
6551,0.4913,0,NORMAL,16.8,4.0,5.2,3.9
6552,0.418,0,NORMAL,16.0,5.0,3.6,2.8
6553,0.3107,0,NORMAL,15.7,3.6,2.6,2.1
6554,0.3525,0,NORMAL,15.3,2.8,1.1,1.3
6555,0.3971,0,NORMAL,15.4,2.9,0.8,1.0
6556,0.4043,0,NORMAL,15.9,3.1,1.1,1.3
6557,0.4058,0,NORMAL,16.3,3.8,1.4,1.4
6558,0.3948,0,NORMAL,16.7,3.2,1.2,1.8
6559,0.3774,0,NORMAL,16.5,2.5,1.2,2.0
6560,0.3673,0,NORMAL,16.4,2.8,0.7,0.8
6561,0.3847,0,NORMAL,16.8,4.1,1.2,1.3
6562,0.3579,0,NORMAL,16.9,3.5,1.4,2.0
6563,0.471,0,NORMAL,16.7,2.3,0.8,1.1
6564,0.3705,0,NORMAL,16.9,2.8,1.5,1.5
6565,0.3857,0,NORMAL,16.9,3.7,1.3,1.6
6566,0.3631,0,NORMAL,16.7,3.1,0.6,0.6
6567,0.8235,0,WARNING,17.0,6.7,1.0,1.3
6568,0.3782,0,NORMAL,16.9,3.4,1.2,1.3
6569,0.3553,0,NORMAL,16.8,3.2,1.5,2.0
6570,0.3609,0,NORMAL,16.5,3.1,1.2,1.3
6571,0.3684,0,NORMAL,16.6,3.0,1.3,1.3
6572,0.3769,0,NORMAL,16.7,3.5,1.0,1.5
6573,0.3732,0,NORMAL,16.7,2.8,0.8,1.1
6574,0.3845,0,NORMAL,16.7,3.0,1.0,1.5
6575,0.3843,0,NORMAL,16.7,4.1,1.1,1.3
6576,0.3643,0,NORMAL,16.8,3.0,1.5,1.8
6577,0.3642,0,NORMAL,16.8,3.6,1.3,1.5
6578,0.3609,0,NORMAL,16.8,2.6,0.8,1.8
6579,0.3578,0,NORMAL,17.0,2.8,0.8,0.9
6580,0.3835,0,NORMAL,17.0,3.8,1.2,1.3
6581,0.3821,0,NORMAL,17.0,3.7,0.8,0.9
6582,0.4391,0,NORMAL,16.7,3.0,0.8,0.9
6583,0.3858,0,NORMAL,16.8,3.2,0.8,1.1
6584,0.3784,0,NORMAL,16.9,3.6,1.2,1.8
6585,0.3607,0,NORMAL,17.0,3.0,1.1,1.0
6586,0.3791,0,NORMAL,17.2,3.9,1.0,1.0
6587,0.41,0,NORMAL,17.3,3.2,1.2,1.1
6588,0.3898,0,NORMAL,17.3,2.9,0.9,0.9
6589,0.3878,0,NORMAL,17.6,3.0,1.2,1.3
6590,0.3783,0,NORMAL,17.4,3.3,0.8,0.6
6591,0.3797,0,NORMAL,17.6,2.9,1.2,1.3
6592,0.3773,0,NORMAL,17.6,3.5,1.3,1.8
6593,0.3498,0,NORMAL,17.5,3.1,0.9,1.0
6594,0.3659,0,NORMAL,17.4,2.7,1.0,1.2
6595,0.3694,0,NORMAL,17.7,3.3,0.7,0.8
6596,0.3664,0,NORMAL,17.7,3.0,1.0,1.1
6597,0.454,0,NORMAL,17.8,4.2,0.9,1.0
6598,0.3448,0,NORMAL,17.8,3.6,1.3,1.3
6599,0.344,0,NORMAL,17.9,3.2,1.0,1.5
6600,0.3301,0,NORMAL,17.6,2.9,0.8,0.9
6601,0.3484,0,NORMAL,17.9,2.7,0.6,0.8
6602,0.3619,0,NORMAL,17.6,3.2,1.4,1.4
6603,0.3587,0,NORMAL,17.5,2.2,1.0,1.0
6604,0.3781,0,NORMAL,17.6,3.5,1.6,2.0
6605,0.3494,0,NORMAL,17.8,2.6,0.8,1.0
6606,0.3682,0,NORMAL,17.7,2.6,0.9,1.1
6607,0.3667,0,NORMAL,17.7,3.5,1.3,1.3
6608,0.3622,0,NORMAL,17.9,3.2,1.0,2.5
6609,0.8566,0,WARNING,18.0,3.2,0.9,1.0
6610,0.3492,0,NORMAL,17.7,2.9,0.8,1.1
6611,0.356,0,NORMAL,17.9,3.0,1.2,1.3
6612,0.3963,0,NORMAL,17.6,3.8,0.9,1.0
6613,0.3541,0,NORMAL,17.8,2.9,1.1,1.3
6614,0.3528,0,NORMAL,17.7,2.8,1.0,1.1
6615,0.3585,0,NORMAL,17.9,2.9,1.0,1.0
6616,0.3883,0,NORMAL,17.7,2.8,0.1,0.0
6617,0.3925,0,NORMAL,17.9,2.4,0.1,0.0
6618,0.4122,0,NORMAL,17.7,2.4,0.1,0.0
6619,0.8652,0,WARNING,18.2,3.6,0.8,0.9
6620,0.3939,0,NORMAL,18.1,2.8,1.0,1.0
6621,0.3813,0,NORMAL,18.1,2.9,0.9,0.9
6622,0.3778,0,NORMAL,18.1,3.0,1.2,1.8
6623,0.3526,0,NORMAL,18.0,2.7,0.8,0.6
6624,0.3673,0,NORMAL,17.9,3.0,0.9,1.0
6625,0.3637,0,NORMAL,18.0,2.9,0.8,0.9
6626,0.3663,0,NORMAL,18.0,2.0,0.7,0.6
6627,0.5047,0,NORMAL,18.0,4.4,0.8,0.9
6628,0.7649,0,WARNING,17.8,5.6,0.9,1.1
6629,0.8457,0,WARNING,18.1,3.3,1.1,1.5
6630,0.3497,0,NORMAL,17.9,3.0,0.6,0.6
6631,0.3481,0,NORMAL,17.9,2.8,1.1,1.3
6632,0.3556,0,NORMAL,17.9,3.1,0.8,0.6
6633,0.3711,0,NORMAL,18.0,2.4,0.9,1.3
6634,0.3764,0,NORMAL,18.0,3.0,1.1,1.3
6635,0.3694,0,NORMAL,18.0,3.1,1.2,0.8
6636,0.3715,0,NORMAL,17.8,2.8,0.8,0.8
6637,0.8606,0,WARNING,18.2,3.1,0.8,0.8
6638,0.3733,0,NORMAL,17.8,2.7,0.7,2.1
6639,0.3417,0,NORMAL,18.0,3.0,1.0,1.0
6640,0.3534,0,NORMAL,18.0,3.0,1.1,1.3
6641,0.3685,0,NORMAL,18.1,2.8,1.0,0.8
6642,0.3715,0,NORMAL,17.9,3.6,1.2,1.5
6643,0.3498,0,NORMAL,17.9,3.0,0.7,0.6
6644,0.3636,0,NORMAL,17.9,2.5,0.5,0.3
6645,0.3833,0,NORMAL,17.8,3.1,1.0,1.5
6646,0.3611,0,NORMAL,18.1,2.1,1.0,1.3
6647,0.3705,0,NORMAL,18.3,2.9,1.2,1.3
6648,0.3632,0,NORMAL,17.7,2.3,0.6,0.6
6649,0.3867,0,NORMAL,18.0,2.9,1.1,1.5
6650,0.4066,0,NORMAL,18.0,3.0,0.9,1.1
6651,0.4315,0,NORMAL,17.8,2.7,1.0,1.1
6652,0.408,0,NORMAL,17.9,3.1,1.8,2.3
6653,0.3246,0,NORMAL,18.0,3.0,1.0,1.3
6654,0.3425,0,NORMAL,18.0,2.6,0.9,1.0
6655,0.3585,0,NORMAL,18.0,3.1,0.7,0.6
6656,0.368,0,NORMAL,17.9,3.0,0.3,0.3
6657,0.3823,0,NORMAL,17.9,3.0,0.9,1.2
6658,0.3746,0,NORMAL,18.0,3.0,1.0,1.2
6659,0.3634,0,NORMAL,17.9,3.3,0.7,0.6
6660,0.3703,0,NORMAL,18.0,3.0,0.9,1.2
6661,0.3635,0,NORMAL,18.1,2.4,0.7,0.6
6662,0.3782,0,NORMAL,18.1,3.2,0.8,0.6
6663,0.4156,0,NORMAL,17.7,2.4,0.5,0.6
6664,0.3894,0,NORMAL,17.8,2.3,0.9,1.0
6665,0.3932,0,NORMAL,18.0,3.1,1.0,1.3
6666,0.3696,0,NORMAL,17.9,2.8,1.0,1.3
6667,0.3614,0,NORMAL,17.7,2.7,1.0,0.9
6668,0.3708,0,NORMAL,17.7,3.0,1.1,2.5
6669,0.3301,0,NORMAL,18.0,2.9,1.0,1.0
6670,0.3501,0,NORMAL,18.1,3.2,1.3,1.3
6671,0.3533,0,NORMAL,17.8,2.9,0.8,0.7
6672,0.3715,0,NORMAL,17.7,3.3,0.8,0.9
6673,0.3691,0,NORMAL,17.9,3.1,0.8,0.6
6674,0.3753,0,NORMAL,17.8,3.0,1.0,1.0
6675,0.369,0,NORMAL,18.0,3.2,0.8,0.9
6676,0.37,0,NORMAL,17.9,2.0,0.8,0.6
6677,0.9902,0,WARNING,18.0,11.7,1.0,1.3
6678,0.9805,0,WARNING,17.8,10.7,1.0,0.7
6679,0.3373,0,NORMAL,17.9,3.3,1.0,1.3
6680,0.3441,0,NORMAL,17.9,3.2,1.0,1.2
6681,0.3282,0,NORMAL,17.9,2.8,1.2,1.5
6682,0.7085,0,WARNING,18.0,6.0,1.9,2.2
6683,0.3094,0,NORMAL,17.7,3.1,1.2,1.3
6684,0.3123,0,NORMAL,18.0,3.0,1.1,1.3
6685,0.3237,0,NORMAL,17.9,3.0,0.9,1.0
6686,0.3497,0,NORMAL,17.9,2.1,0.6,0.6
6687,0.3728,0,NORMAL,18.1,3.8,0.9,0.9
6688,0.3589,0,NORMAL,17.8,3.2,0.7,0.6
6689,0.4007,0,NORMAL,18.0,3.2,1.0,1.3
6690,0.3515,0,NORMAL,17.8,3.2,0.8,0.9
6691,0.3634,0,NORMAL,17.8,2.0,0.5,0.5
6692,0.384,0,NORMAL,17.9,2.6,0.8,0.9
6693,0.3826,0,NORMAL,18.0,2.8,0.7,0.6
6694,0.3902,0,NORMAL,18.0,3.1,0.9,0.8
6695,0.3877,0,NORMAL,18.0,3.6,1.1,1.2
6696,0.3797,0,NORMAL,17.7,2.5,0.8,0.9
6697,0.3701,0,NORMAL,17.7,2.9,1.0,1.2
6698,0.366,0,NORMAL,17.9,2.3,0.7,1.8
6699,0.3507,0,NORMAL,18.0,3.2,0.6,0.6
6700,0.3646,0,NORMAL,18.0,3.2,0.5,0.6
6701,0.3707,0,NORMAL,18.0,3.1,0.9,1.2
6702,0.3622,0,NORMAL,18.0,3.4,0.7,0.6
6703,0.4051,0,NORMAL,18.0,3.0,1.3,1.6
6704,0.3528,0,NORMAL,18.1,2.9,0.9,0.9
6705,0.5006,0,NORMAL,17.8,2.5,0.9,1.2
6706,0.5424,0,NORMAL,17.7,2.5,0.8,0.6
6707,0.3745,0,NORMAL,18.1,3.8,1.0,1.3
6708,0.354,0,NORMAL,17.9,2.4,1.1,1.0
6709,0.3725,0,NORMAL,18.0,3.8,1.2,1.5
6710,0.3426,0,NORMAL,18.0,2.9,1.1,1.3
6711,0.3514,0,NORMAL,17.9,3.2,1.1,1.5
6712,0.3413,0,NORMAL,18.0,2.9,1.4,1.8
6713,0.3321,0,NORMAL,17.9,3.0,1.0,1.1
6714,0.3494,0,NORMAL,17.7,2.8,1.0,0.8
6715,0.4006,0,NORMAL,18.0,3.1,1.2,1.1
6716,0.3647,0,NORMAL,17.8,3.4,1.4,1.4
6717,0.3578,0,NORMAL,18.1,4.1,1.4,1.3
6718,0.3414,0,NORMAL,17.8,3.1,0.6,0.8
6719,0.3473,0,NORMAL,18.0,2.8,0.9,1.0
6720,0.3613,0,NORMAL,17.9,2.6,1.3,1.8
6721,0.5275,0,NORMAL,17.6,2.6,0.7,0.6
6722,0.3707,0,NORMAL,17.7,2.9,0.9,1.1
6723,0.3707,0,NORMAL,17.7,3.1,1.2,1.3
6724,0.3963,0,NORMAL,17.7,2.3,0.9,1.1
6725,0.3689,0,NORMAL,17.7,2.5,1.1,1.3
6726,0.4882,0,NORMAL,17.7,2.4,0.9,1.1
6727,0.3652,0,NORMAL,17.7,3.1,1.1,1.5
6728,0.4573,0,NORMAL,18.0,2.5,1.0,2.0
6729,0.3365,0,NORMAL,18.0,3.0,1.1,1.5
6730,0.3349,0,NORMAL,17.8,2.8,1.0,1.2
6731,0.4213,0,NORMAL,18.0,3.3,1.0,1.2
6732,0.5383,0,NORMAL,17.8,4.2,1.0,1.2
6733,0.3184,0,NORMAL,17.7,2.9,1.4,1.8
6734,0.3262,0,NORMAL,17.9,2.6,1.0,1.7
6735,0.4625,0,NORMAL,17.7,2.6,1.1,1.2
6736,0.3479,0,NORMAL,17.7,3.0,0.9,1.1
6737,0.3471,0,NORMAL,17.7,2.3,1.0,1.2
6738,0.3639,0,NORMAL,17.7,3.2,1.2,1.3
6739,0.8606,0,WARNING,18.1,3.7,1.1,1.5
6740,0.4484,0,NORMAL,17.9,2.4,1.1,1.5
6741,0.3454,0,NORMAL,18.0,3.0,0.9,1.0
6742,0.3552,0,NORMAL,18.1,3.4,1.8,2.5
6743,0.3162,0,NORMAL,18.0,2.7,1.1,1.3
6744,0.3374,0,NORMAL,18.0,3.3,1.4,1.4
6745,0.3366,0,NORMAL,18.2,2.9,1.2,1.5
6746,0.8002,0,WARNING,18.0,6.2,1.0,1.3
6747,0.4318,0,NORMAL,17.7,4.1,0.9,1.2
6748,0.3131,0,NORMAL,17.7,2.7,1.4,1.6
6749,0.3248,0,NORMAL,17.9,3.0,1.6,2.1
6750,0.4388,0,NORMAL,17.7,3.2,1.2,1.3
6751,0.3273,0,NORMAL,17.9,3.4,0.8,0.9
6752,0.3354,0,NORMAL,18.1,3.1,1.9,2.2
6753,0.3126,0,NORMAL,18.1,3.3,1.2,1.5
6754,0.3148,0,NORMAL,17.8,2.4,0.9,1.7
6755,0.3287,0,NORMAL,17.8,3.3,1.1,1.5
6756,0.446,0,NORMAL,17.7,2.9,1.2,1.5
6757,0.3293,0,NORMAL,17.7,2.7,1.2,1.3
6758,0.3487,0,NORMAL,17.7,2.8,1.1,2.5
6759,0.3226,0,NORMAL,17.9,3.6,1.0,1.1
6760,0.3283,0,NORMAL,18.1,3.3,1.5,2.0
6761,0.3378,0,NORMAL,17.9,2.9,1.0,1.2
6762,0.3337,0,NORMAL,18.1,3.1,1.5,2.0
6763,0.3241,0,NORMAL,17.9,3.7,1.7,2.2
6764,0.2995,0,NORMAL,17.9,2.8,1.4,1.6
6765,0.3178,0,NORMAL,17.9,3.2,1.9,2.2
6766,0.3069,0,NORMAL,18.0,3.4,1.9,2.0
6767,0.2999,0,NORMAL,17.7,2.9,1.4,2.1
6768,0.3059,0,NORMAL,17.7,3.4,1.2,1.8
6769,0.3052,0,NORMAL,17.9,3.0,1.1,1.8
6770,0.6393,0,WARNING,17.6,2.2,1.0,1.5
6771,0.9633,0,WARNING,17.9,9.2,1.1,1.7
6772,0.9853,0,WARNING,18.0,11.4,1.9,2.0
6773,0.9869,0,WARNING,18.2,11.7,1.7,2.4
6774,0.9866,0,WARNING,17.9,11.1,1.1,1.5
6775,0.9859,0,WARNING,18.2,11.2,1.3,1.8
6776,0.9888,0,WARNING,18.2,11.6,1.3,1.5
6777,0.9911,0,ANOMALY,18.0,11.8,1.2,1.7
6778,0.991,0,ANOMALY,17.9,12.2,1.2,1.8
6779,0.9838,0,WARNING,18.0,11.4,1.6,1.8
6780,0.9887,0,WARNING,17.9,11.7,1.3,2.0
6781,0.9893,0,WARNING,18.1,12.1,2.1,2.3
6782,0.986,0,WARNING,17.9,11.4,1.9,2.3
6783,0.9879,0,WARNING,18.1,11.8,1.8,2.2
6784,0.9878,0,WARNING,18.1,11.4,1.4,1.6
6785,0.9865,0,WARNING,18.0,11.4,1.7,2.1
6786,0.9897,0,WARNING,18.2,12.5,1.6,2.3
6787,0.9892,0,WARNING,18.3,12.1,2.1,2.7
6788,0.9884,0,WARNING,18.2,11.6,1.3,2.8
6789,0.9887,0,WARNING,18.2,11.9,1.4,1.8
6790,0.99,0,WARNING,18.3,12.6,2.2,2.8
6791,0.9877,0,WARNING,18.2,11.9,2.1,2.5
6792,0.9922,0,ANOMALY,18.2,12.5,1.8,2.3
6793,0.9921,0,ANOMALY,18.1,12.9,1.6,2.0
6794,0.9908,0,ANOMALY,18.0,12.6,2.0,2.5
6795,0.988,0,WARNING,18.1,11.4,1.4,1.8
6796,0.9894,0,WARNING,18.0,11.8,1.2,1.8
6797,0.9894,0,WARNING,17.9,11.6,1.2,2.0
6798,0.2714,0,NORMAL,17.8,3.5,1.3,2.0
6799,0.2719,0,NORMAL,18.0,3.9,1.5,2.0
6800,0.3644,0,NORMAL,18.1,3.4,2.0,3.2
6801,0.2331,0,NORMAL,17.9,3.3,2.0,3.0
6802,0.2551,0,NORMAL,18.0,3.0,2.2,3.3
6803,0.226,0,NORMAL,18.0,3.5,2.2,3.0
6804,0.2434,0,NORMAL,17.9,3.5,2.4,3.2
6805,0.2329,0,NORMAL,18.1,3.2,1.9,2.5
6806,0.2526,0,NORMAL,18.0,3.3,1.6,2.1
6807,0.811,0,WARNING,18.3,7.2,2.3,3.0
6808,0.288,0,NORMAL,18.3,4.2,1.9,2.3
6809,0.2317,0,NORMAL,18.1,3.6,2.1,2.5
6810,0.2579,0,NORMAL,18.1,4.0,1.8,2.4
6811,0.2521,0,NORMAL,17.9,2.5,1.9,2.2
6812,0.3165,0,NORMAL,18.1,4.3,2.5,2.8
6813,0.3028,0,NORMAL,18.0,2.7,1.8,2.7
6814,0.2799,0,NORMAL,18.1,4.4,2.0,2.7
6815,0.2525,0,NORMAL,18.1,3.5,2.5,3.0
6816,0.3339,0,NORMAL,18.0,3.4,1.9,2.3
6817,0.2736,0,NORMAL,18.0,3.2,1.9,2.5
6818,0.2723,0,NORMAL,18.0,3.0,2.0,3.7
6819,0.2486,0,NORMAL,18.0,4.2,2.0,3.0
6820,0.2297,0,NORMAL,18.0,3.5,1.9,2.5
6821,0.2555,0,NORMAL,17.8,3.5,1.9,2.3
6822,0.2719,0,NORMAL,18.1,4.3,2.6,2.9
6823,0.2654,0,NORMAL,17.8,3.7,1.6,1.8
6824,0.2739,0,NORMAL,18.1,3.9,3.1,3.8
6825,0.2915,0,NORMAL,17.9,3.8,2.5,3.4
6826,0.2141,0,NORMAL,17.8,4.2,3.4,3.6
6827,0.2184,0,NORMAL,17.8,3.8,3.0,3.1
6828,0.2213,0,NORMAL,17.9,3.4,2.7,3.5
6829,0.4167,0,NORMAL,18.1,4.7,3.0,3.5
6830,0.1939,0,NORMAL,18.0,3.0,2.2,3.0
6831,0.2201,0,NORMAL,17.9,4.0,2.2,3.0
6832,0.2095,0,NORMAL,18.0,3.7,2.7,3.3
6833,0.2171,0,NORMAL,18.0,3.4,2.4,3.9
6834,0.2186,0,NORMAL,18.1,3.6,2.0,2.5
6835,0.2321,0,NORMAL,18.1,3.0,2.1,3.0
6836,0.3435,0,NORMAL,18.2,4.2,2.0,2.5
6837,0.2437,0,NORMAL,18.2,4.1,2.2,2.6
6838,0.3123,0,NORMAL,18.0,3.9,1.9,2.5
6839,0.2594,0,NORMAL,18.1,3.8,2.3,3.0
6840,0.2482,0,NORMAL,17.8,3.5,1.9,2.5
6841,0.2574,0,NORMAL,18.0,3.0,2.1,2.8
6842,0.2646,0,NORMAL,18.0,3.8,2.6,3.0
6843,0.2574,0,NORMAL,17.8,3.3,2.1,2.5
6844,0.2667,0,NORMAL,18.0,4.1,2.7,3.5
6845,0.2893,0,NORMAL,17.8,2.8,1.9,2.5
6846,0.3427,0,NORMAL,18.0,3.9,2.3,2.8
6847,0.2769,0,NORMAL,17.8,3.4,2.4,3.1
6848,0.2432,0,NORMAL,18.1,3.2,2.2,4.3
6849,0.2122,0,NORMAL,18.1,3.8,2.3,3.1
6850,0.22,0,NORMAL,18.0,3.9,2.4,3.3
6851,0.2095,0,NORMAL,17.9,3.7,2.3,2.9
6852,0.3034,0,NORMAL,18.1,4.7,2.6,2.9
6853,0.2171,0,NORMAL,17.9,3.2,2.2,3.3
6854,0.3024,0,NORMAL,18.0,3.9,3.1,4.2
6855,0.1815,0,NORMAL,18.0,3.3,2.3,3.5
6856,0.1876,0,NORMAL,18.0,4.1,3.0,4.0
6857,0.1752,0,NORMAL,18.0,3.3,2.4,3.3
6858,0.2949,0,NORMAL,18.2,3.4,2.5,3.4
6859,0.2066,0,NORMAL,18.2,4.1,2.6,3.7
6860,0.1926,0,NORMAL,18.0,4.2,3.1,3.8
6861,0.1756,0,NORMAL,18.1,3.9,4.0,5.2
6862,0.4193,0,NORMAL,18.1,4.5,2.5,3.2
6863,0.7107,0,WARNING,18.1,6.5,3.9,5.0
6864,0.2205,0,NORMAL,18.0,4.1,3.0,3.6
6865,0.4924,0,NORMAL,18.1,4.7,2.2,3.0
6866,0.3358,0,NORMAL,18.2,3.6,2.8,3.5
6867,0.2936,0,NORMAL,18.2,4.0,2.8,3.5
6868,0.3766,0,NORMAL,18.3,5.0,3.0,4.2
6869,0.4927,0,NORMAL,18.2,5.1,3.7,4.5
6870,0.1358,0,NORMAL,18.2,4.0,3.2,4.3
6871,0.1697,0,NORMAL,18.2,4.1,2.5,3.1
6872,0.2449,0,NORMAL,18.0,3.5,2.3,3.1
6873,0.1891,0,NORMAL,18.3,3.7,3.0,3.7
6874,0.1913,0,NORMAL,17.9,4.3,4.1,3.9
6875,0.2222,0,NORMAL,17.9,4.0,2.6,3.9
6876,0.482,0,NORMAL,17.9,3.2,2.6,3.4
6877,0.1972,0,NORMAL,18.1,5.0,4.2,5.0
6878,0.3001,0,NORMAL,18.3,3.8,3.9,6.0
6879,0.2028,0,NORMAL,18.4,5.2,3.9,5.4
6880,0.2567,0,NORMAL,18.3,3.2,2.4,3.5
6881,0.3016,0,NORMAL,18.2,3.4,2.9,4.2
6882,0.5188,0,NORMAL,18.2,5.3,2.4,3.0
6883,0.2217,0,NORMAL,18.3,4.2,3.2,4.8
6884,0.1553,0,NORMAL,18.1,4.0,2.9,3.7
6885,0.3121,0,NORMAL,18.1,3.7,2.7,4.0
6886,0.1722,0,NORMAL,18.0,3.3,2.1,2.8
6887,0.3572,0,NORMAL,18.1,3.1,2.6,3.5
6888,0.2151,0,NORMAL,18.3,4.6,4.2,5.4
6889,0.3381,0,NORMAL,18.2,4.1,3.2,4.5
6890,0.1459,0,NORMAL,18.0,4.7,4.1,5.5
6891,0.302,0,NORMAL,18.3,3.7,2.6,3.1
6892,0.3241,0,NORMAL,18.2,4.0,4.0,4.7
6893,0.3382,0,NORMAL,18.2,4.5,3.6,4.7
6894,0.1241,0,NORMAL,18.5,4.1,3.8,5.0
6895,0.2924,0,NORMAL,18.4,4.0,2.9,4.0
6896,0.194,0,NORMAL,18.3,3.6,3.3,4.0
6897,0.2379,0,NORMAL,18.2,4.3,3.1,4.3
6898,0.2352,0,NORMAL,18.2,4.2,3.4,4.2
6899,0.1377,0,NORMAL,18.4,4.4,3.2,4.7
6900,0.1173,0,NORMAL,18.1,4.2,3.5,4.0
6901,0.2128,0,NORMAL,18.1,3.3,3.0,4.2
6902,0.1977,0,NORMAL,18.1,5.1,4.5,5.7
6903,0.1213,0,NORMAL,18.1,3.8,3.0,4.2
6904,0.1172,0,NORMAL,17.9,3.8,3.3,4.4
6905,0.1326,0,NORMAL,17.9,4.0,3.4,4.4
6906,0.2342,0,NORMAL,18.2,4.3,4.5,5.7
6907,0.2867,0,NORMAL,18.3,5.0,4.9,6.4
6908,0.3601,0,NORMAL,18.1,4.0,4.4,7.3
6909,0.1954,0,NORMAL,18.2,4.6,3.4,4.7
6910,0.1856,0,NORMAL,18.1,3.5,2.3,3.0
6911,0.1932,0,NORMAL,18.1,3.7,3.1,4.0
6912,0.4058,0,NORMAL,18.3,5.4,3.6,5.2
6913,0.132,0,NORMAL,18.1,4.0,3.1,4.0
6914,0.1214,0,NORMAL,18.2,3.8,3.3,4.4
6915,0.1568,0,NORMAL,17.9,4.5,3.5,4.7
6916,0.2495,0,NORMAL,18.2,3.5,3.3,4.4
6917,0.2973,0,NORMAL,18.2,5.2,3.5,4.3
6918,0.164,0,NORMAL,18.2,4.3,3.3,4.9
6919,0.1923,0,NORMAL,18.2,4.7,3.1,4.5
6920,0.2233,0,NORMAL,18.0,4.6,3.6,4.5
6921,0.2895,0,NORMAL,18.3,3.2,2.9,3.9
6922,0.4934,0,NORMAL,18.2,3.2,2.9,3.9
6923,0.7701,0,WARNING,18.1,7.0,3.2,4.3
6924,0.1917,0,NORMAL,18.1,4.2,3.7,4.5
6925,0.4232,0,NORMAL,18.5,5.0,4.4,5.4
6926,0.1504,0,NORMAL,18.3,3.8,3.6,4.2
6927,0.4597,0,NORMAL,18.7,5.5,3.3,4.3
6928,0.2902,0,NORMAL,18.3,4.1,3.7,5.0
6929,0.2188,0,NORMAL,18.5,5.3,4.4,5.3
6930,0.1216,0,NORMAL,18.5,4.1,3.0,4.2
6931,0.147,0,NORMAL,18.2,3.4,3.0,3.7
6932,0.1441,0,NORMAL,18.5,4.3,3.3,3.8
6933,0.3145,0,NORMAL,18.3,4.8,4.0,5.0
6934,0.1766,0,NORMAL,18.4,4.1,3.9,4.8
6935,0.1735,0,NORMAL,18.4,4.9,4.5,5.1
6936,0.1528,0,NORMAL,18.2,3.5,3.2,4.1
6937,0.1338,0,NORMAL,18.4,4.5,4.3,5.4
6938,0.2291,0,NORMAL,18.3,4.5,3.4,6.1
6939,0.1259,0,NORMAL,18.3,3.8,2.9,4.2
6940,0.1955,0,NORMAL,18.1,4.4,3.7,5.0
6941,0.1191,0,NORMAL,18.3,4.2,3.7,4.8
6942,0.3355,0,NORMAL,18.3,5.4,3.5,4.5
6943,0.1191,0,NORMAL,18.4,4.3,3.3,4.9
6944,0.0983,0,NORMAL,18.2,4.3,3.6,5.0
6945,0.115,0,NORMAL,18.2,4.7,4.2,5.2
6946,0.0785,0,NORMAL,18.5,3.8,4.4,5.2
6947,0.1361,0,NORMAL,18.4,3.6,2.8,3.7
6948,0.1379,0,NORMAL,18.5,4.6,3.9,4.6
6949,0.1334,0,NORMAL,18.6,4.9,4.4,5.9
6950,0.2168,0,NORMAL,18.5,3.4,2.4,3.4
6951,0.1301,0,NORMAL,18.5,4.3,3.3,3.8
6952,0.2316,0,NORMAL,18.2,3.9,3.9,5.4
6953,0.293,0,NORMAL,18.5,4.1,4.2,6.8
6954,0.3206,0,NORMAL,18.4,4.2,4.3,5.7
6955,0.1032,0,NORMAL,18.4,4.5,4.3,5.7
6956,0.2301,0,NORMAL,18.5,3.9,3.6,4.2
6957,0.2766,0,NORMAL,18.4,4.8,3.7,4.9
6958,0.48,0,NORMAL,18.2,3.6,3.5,4.7
6959,0.1465,0,NORMAL,18.3,4.5,3.6,4.3
6960,0.1347,0,NORMAL,18.3,4.3,3.4,4.0
6961,0.1471,0,NORMAL,18.1,3.9,3.5,4.3
6962,0.1414,0,NORMAL,18.5,4.6,4.6,6.0
6963,0.1202,0,NORMAL,18.3,3.6,3.0,4.2
6964,0.1334,0,NORMAL,18.4,4.0,3.6,4.5
6965,0.4191,0,NORMAL,18.4,5.7,4.1,5.0
6966,0.2815,0,NORMAL,18.3,3.9,3.6,4.7
6967,0.1366,0,NORMAL,18.3,4.0,3.4,4.5
6968,0.2672,0,NORMAL,18.5,4.6,3.6,6.0
6969,0.122,0,NORMAL,18.3,3.6,3.2,3.8
6970,0.1602,0,NORMAL,18.4,4.8,3.8,5.0
6971,0.2459,0,NORMAL,18.2,3.8,3.7,5.3
6972,0.3259,0,NORMAL,18.5,5.2,3.8,5.4
6973,0.3039,0,NORMAL,18.2,4.3,3.5,4.5
6974,0.191,0,NORMAL,18.2,3.6,3.5,4.5
6975,0.1774,0,NORMAL,18.3,4.3,4.1,5.3
6976,0.1875,0,NORMAL,18.3,4.3,4.0,5.0
6977,0.4594,0,NORMAL,18.5,3.9,3.4,4.6
6978,0.2933,0,NORMAL,18.3,4.0,3.4,4.7
6979,0.3221,0,NORMAL,18.4,4.9,4.0,5.0
6980,0.2085,0,NORMAL,18.4,3.9,3.6,4.5
6981,0.2886,0,NORMAL,18.3,4.4,4.5,5.7
6982,0.1203,0,NORMAL,18.4,4.3,3.7,4.6
6983,0.1258,0,NORMAL,18.5,4.3,4.2,6.2
6984,0.2913,0,NORMAL,18.2,4.3,4.2,5.2
6985,0.1213,0,NORMAL,18.3,4.3,4.1,5.4
6986,0.7974,0,WARNING,18.6,7.8,5.3,5.8
6987,0.4088,0,NORMAL,18.7,5.8,4.8,5.7
6988,0.0809,0,NORMAL,18.4,4.8,5.0,5.7
6989,0.2448,0,NORMAL,18.5,3.7,3.2,4.2
6990,0.2518,0,NORMAL,18.4,4.1,3.4,4.2
6991,0.1321,0,NORMAL,18.4,3.3,2.9,3.7
6992,0.1636,0,NORMAL,18.4,3.7,3.0,4.7
6993,0.149,0,NORMAL,18.2,4.4,4.3,5.0
6994,0.1343,0,NORMAL,18.5,4.7,4.3,5.5
6995,0.1627,0,NORMAL,18.5,4.3,3.9,5.0
6996,0.2849,0,NORMAL,18.3,4.2,4.0,4.7
6997,0.2527,0,NORMAL,18.6,4.9,4.4,6.1
6998,0.239,0,NORMAL,18.6,4.0,3.9,6.0
6999,0.196,0,NORMAL,18.5,5.1,4.0,5.0
7000,0.1791,0,NORMAL,18.6,4.9,3.8,4.9
7001,0.2331,0,NORMAL,18.7,4.3,3.8,5.2
7002,0.4545,0,NORMAL,18.4,5.7,4.5,5.7
7003,0.2463,0,NORMAL,18.2,3.9,3.7,5.0
7004,0.2189,0,NORMAL,18.5,5.2,4.8,5.9
7005,0.1437,0,NORMAL,18.4,3.4,2.8,4.2
7006,0.2175,0,NORMAL,18.5,4.8,5.0,6.4
7007,0.2541,0,NORMAL,18.1,4.3,3.4,4.4
7008,0.1954,0,NORMAL,18.1,4.1,3.3,5.0
7009,0.1816,0,NORMAL,18.3,4.1,4.5,6.2
7010,0.1209,0,NORMAL,18.3,4.2,3.7,5.2
7011,0.1206,0,NORMAL,18.1,4.0,3.5,4.9
7012,0.1473,0,NORMAL,18.1,4.5,3.9,5.4
7013,0.1305,0,NORMAL,18.2,3.9,3.9,5.2
7014,0.1028,0,NORMAL,18.5,4.2,3.6,4.9
7015,0.1945,0,NORMAL,18.5,4.7,3.5,4.4
7016,0.1206,0,NORMAL,18.7,4.6,4.7,6.2
7017,0.3611,0,NORMAL,18.7,5.4,4.4,5.9
7018,0.1894,0,NORMAL,18.5,4.9,4.0,5.3
7019,0.1217,0,NORMAL,18.5,4.1,3.4,4.3
7020,0.1968,0,NORMAL,18.5,3.9,2.6,3.8
7021,0.2285,0,NORMAL,18.5,5.3,4.6,6.0
7022,0.1743,0,NORMAL,18.5,4.3,3.7,4.3
7023,0.1191,0,NORMAL,18.6,4.1,3.4,4.5
7024,0.2881,0,NORMAL,18.5,4.5,4.2,5.3
7025,0.2131,0,NORMAL,18.3,5.2,3.9,5.2
7026,0.1204,0,NORMAL,18.1,3.6,3.6,5.2
7027,0.2463,0,NORMAL,18.2,4.4,4.6,5.7
7028,0.2274,0,NORMAL,18.3,4.5,4.0,7.0
7029,0.1699,0,NORMAL,18.6,5.4,4.5,5.8
7030,0.2261,0,NORMAL,18.3,3.3,3.4,4.4
7031,0.1564,0,NORMAL,18.5,4.5,3.6,4.9
7032,0.2423,0,NORMAL,18.5,4.5,3.7,4.7
7033,0.237,0,NORMAL,18.5,4.8,3.4,4.9
7034,0.1061,0,NORMAL,18.5,4.8,3.9,4.6
7035,0.203,0,NORMAL,18.5,5.3,4.2,5.5
7036,0.1199,0,NORMAL,18.6,4.3,4.9,6.6
7037,0.123,0,NORMAL,18.4,3.6,3.3,4.3
7038,0.2271,0,NORMAL,18.4,4.5,4.8,6.2
7039,0.1649,0,NORMAL,18.7,4.9,3.9,5.0
7040,0.121,0,NORMAL,18.3,3.7,3.5,4.9
7041,0.1241,0,NORMAL,18.5,4.1,3.1,4.5
7042,0.2148,0,NORMAL,18.2,3.0,2.3,3.6
7043,0.2737,0,NORMAL,18.4,4.6,4.2,6.2
7044,0.1188,0,NORMAL,18.6,4.2,3.7,5.4
7045,0.297,0,NORMAL,18.5,5.0,4.0,4.6
7046,0.1441,0,NORMAL,18.8,4.0,4.3,5.9
7047,0.8457,0,WARNING,18.6,7.3,2.5,3.3
7048,0.2619,0,NORMAL,18.6,4.8,4.4,5.7
7049,0.1588,0,NORMAL,18.6,4.3,4.0,5.0
7050,0.1278,0,NORMAL,18.7,4.5,4.3,5.9
7051,0.2476,0,NORMAL,18.4,3.9,3.7,4.5
7052,0.1132,0,NORMAL,18.6,4.1,4.4,5.2
7053,0.2162,0,NORMAL,18.4,4.0,4.0,5.5
7054,0.123,0,NORMAL,18.6,4.4,4.4,5.7
7055,0.217,0,NORMAL,18.5,4.6,4.3,5.4
7056,0.1164,0,NORMAL,18.6,4.1,4.7,5.8
7057,0.0795,0,NORMAL,18.4,4.0,3.8,5.0
7058,0.1301,0,NORMAL,18.6,4.8,4.6,7.0
7059,0.0593,0,NORMAL,18.8,4.3,4.2,5.4
7060,0.2766,0,NORMAL,18.8,5.0,4.1,5.3
7061,0.1975,0,NORMAL,18.7,4.8,3.9,4.8
7062,0.3366,0,NORMAL,18.5,4.5,3.5,4.2
7063,0.3451,0,NORMAL,18.6,5.8,4.8,6.7
7064,0.3331,0,NORMAL,18.8,4.7,4.5,5.7
7065,0.0651,0,NORMAL,18.7,4.5,4.0,5.5
7066,0.1032,0,NORMAL,18.5,4.3,3.9,4.8
7067,0.2134,0,NORMAL,18.6,4.3,4.3,5.9
7068,0.13,0,NORMAL,18.8,5.0,5.2,6.5
7069,0.2554,0,NORMAL,18.8,5.3,4.5,5.7
7070,0.0754,0,NORMAL,18.6,4.1,3.9,5.2
7071,0.1305,0,NORMAL,18.4,4.0,3.5,4.5
7072,0.3008,0,NORMAL,18.5,4.0,3.8,5.0
7073,0.1736,0,NORMAL,18.4,4.4,4.4,6.6
7074,0.1215,0,NORMAL,18.5,4.3,3.4,4.9
7075,0.1507,0,NORMAL,18.4,4.2,4.2,5.6
7076,0.2589,0,NORMAL,18.7,4.7,3.6,4.7
7077,0.1907,0,NORMAL,18.5,4.4,3.9,5.0
7078,0.1103,0,NORMAL,18.5,4.3,4.0,5.7
7079,0.0771,0,NORMAL,18.7,4.8,4.5,5.7
7080,0.2605,0,NORMAL,18.7,4.2,3.9,5.1
7081,0.0928,0,NORMAL,18.6,4.7,4.2,5.7
7082,0.1193,0,NORMAL,18.4,4.3,4.6,6.3
7083,0.1188,0,NORMAL,18.6,4.3,4.8,6.5
7084,0.2101,0,NORMAL,18.3,4.9,4.8,5.8
7085,0.1439,0,NORMAL,18.4,4.3,3.8,5.5
7086,0.1286,0,NORMAL,18.3,3.8,4.4,5.9
7087,0.2291,0,NORMAL,18.8,5.1,5.2,6.6
7088,0.1093,0,NORMAL,18.9,4.7,4.2,7.0
7089,0.1279,0,NORMAL,18.6,4.7,3.7,5.2
7090,0.1981,0,NORMAL,18.3,4.3,3.4,5.2
7091,0.4919,0,NORMAL,18.6,5.6,4.8,6.1
7092,0.4508,0,NORMAL,18.6,4.4,3.2,4.0
7093,0.2574,0,NORMAL,18.6,4.9,4.2,5.9
7094,0.1213,0,NORMAL,18.5,4.0,3.7,5.5
7095,0.1204,0,NORMAL,18.5,3.8,3.7,5.4
7096,0.2328,0,NORMAL,18.6,4.3,3.8,4.7
7097,0.1035,0,NORMAL,18.5,3.6,3.6,5.2
7098,0.2664,0,NORMAL,18.6,5.1,5.5,6.4
7099,0.096,0,NORMAL,18.8,4.3,3.5,5.2
7100,0.403,0,NORMAL,18.6,3.7,4.5,6.1
7101,0.2973,0,NORMAL,18.5,4.8,4.5,6.1
7102,0.4777,0,NORMAL,18.4,4.1,4.2,5.5
7103,0.7518,0,WARNING,18.4,6.8,3.8,5.2
7104,0.1792,0,NORMAL,18.3,4.7,4.4,5.7
7105,0.1216,0,NORMAL,18.5,3.6,3.3,4.2
7106,0.3471,0,NORMAL,18.3,4.6,3.9,4.6
7107,0.2515,0,NORMAL,18.2,4.4,3.6,5.0
7108,0.0874,0,NORMAL,18.4,4.2,3.5,5.2
7109,0.5203,0,NORMAL,18.6,5.4,4.5,5.5
7110,0.0864,0,NORMAL,18.6,5.0,4.3,5.6
7111,0.2605,0,NORMAL,18.4,4.0,4.4,5.9
7112,0.119,0,NORMAL,18.5,4.2,4.6,6.2
7113,0.1813,0,NORMAL,18.5,5.1,4.2,6.1
7114,0.2199,0,NORMAL,18.4,4.1,4.3,5.4
7115,0.3565,0,NORMAL,18.5,5.5,4.6,6.4
7116,0.4251,0,NORMAL,18.7,3.8,4.4,5.9
7117,0.1385,0,NORMAL,18.7,4.9,4.3,5.7
7118,0.2225,0,NORMAL,18.8,4.7,5.7,8.9
7119,0.1094,0,NORMAL,18.8,4.5,4.3,5.9
7120,0.2515,0,NORMAL,18.9,5.3,4.6,6.7
7121,0.2028,0,NORMAL,18.6,4.7,5.1,6.5
7122,0.427,0,NORMAL,18.7,6.1,4.1,5.5
7123,0.1295,0,NORMAL,18.7,4.7,4.0,5.7
7124,0.4611,0,NORMAL,18.8,4.8,4.7,6.4
7125,0.1185,0,NORMAL,18.7,4.7,4.2,6.1
7126,0.193,0,NORMAL,18.7,5.0,4.2,6.3
7127,0.0616,0,NORMAL,18.7,4.2,4.4,5.9
7128,0.1721,0,NORMAL,18.6,5.2,5.6,7.2
7129,0.1187,0,NORMAL,18.9,5.4,5.7,4.8
7130,0.2213,0,NORMAL,18.8,4.5,3.9,3.3
7131,0.1575,0,NORMAL,18.8,4.1,4.2,5.9
7132,0.3326,0,NORMAL,18.6,4.2,4.3,5.9
7133,0.173,0,NORMAL,18.5,3.9,4.7,6.8
7134,0.1185,0,NORMAL,18.8,5.0,6.1,6.7
7135,0.2211,0,NORMAL,18.7,4.9,5.0,3.7
7136,0.1274,0,NORMAL,18.5,4.4,5.1,4.8
7137,0.5152,0,NORMAL,18.8,6.8,6.2,7.2
7138,0.1236,0,NORMAL,18.7,4.4,4.4,5.0
7139,0.1192,0,NORMAL,18.8,4.6,4.9,4.4
7140,0.1135,0,NORMAL,18.6,5.1,6.1,6.5
7141,0.1301,0,NORMAL,18.6,4.8,5.6,6.2
7142,0.1194,0,NORMAL,18.8,5.0,5.3,4.6
7143,0.1195,0,NORMAL,18.7,4.8,4.8,4.5
7144,0.1134,0,NORMAL,18.9,5.1,5.9,6.5
7145,0.0785,0,NORMAL,18.8,3.9,5.1,5.9
7146,0.4427,0,NORMAL,18.8,4.6,6.2,5.8
7147,0.1449,0,NORMAL,18.6,5.0,5.0,5.0
7148,0.0682,0,NORMAL,18.8,4.7,5.5,7.4
7149,0.1034,0,NORMAL,18.9,5.3,5.8,5.5
7150,0.2306,0,NORMAL,19.0,5.7,5.5,5.3
7151,0.1495,0,NORMAL,18.8,4.8,5.4,5.3
7152,0.3634,0,NORMAL,18.8,5.2,4.5,6.2
7153,0.1795,0,NORMAL,18.8,4.9,6.2,6.3
7154,0.2004,0,NORMAL,18.5,5.0,5.2,4.1
7155,0.4363,0,NORMAL,18.5,4.7,5.0,5.2
7156,0.2874,0,NORMAL,18.5,4.4,5.7,7.1
7157,0.0663,0,NORMAL,18.8,4.5,4.3,4.8
7158,0.1713,0,NORMAL,18.6,4.7,4.9,3.8
7159,0.1866,0,NORMAL,18.8,4.8,4.4,6.1
7160,0.2697,0,NORMAL,18.7,4.7,5.4,7.9
7161,0.1713,0,NORMAL,18.7,5.0,5.7,4.1
7162,0.1606,0,NORMAL,18.7,5.1,6.1,5.3
7163,0.7751,0,WARNING,19.0,8.6,6.8,9.2
7164,0.1877,0,NORMAL,18.9,4.9,5.1,4.5
7165,0.1248,0,NORMAL,18.7,4.7,5.8,4.6
7166,0.128,0,NORMAL,19.0,5.3,5.7,6.5
7167,0.1425,0,NORMAL,18.9,5.0,5.2,6.4
7168,0.3051,0,NORMAL,18.9,5.5,5.8,5.0
7169,0.1477,0,NORMAL,18.9,5.8,6.1,5.6
7170,0.1706,0,NORMAL,18.9,5.4,6.4,7.6
7171,0.1246,0,NORMAL,19.0,5.0,5.7,5.5
7172,0.156,0,NORMAL,18.7,5.1,6.1,5.6
7173,0.0979,0,NORMAL,18.9,4.8,4.9,5.7
7174,0.1133,0,NORMAL,19.0,4.4,5.2,5.8
7175,0.0691,0,NORMAL,18.9,4.2,4.0,4.4
7176,0.0753,0,NORMAL,18.9,4.1,4.0,5.7
7177,0.2149,0,NORMAL,18.8,4.8,5.3,7.1
7178,0.1291,0,NORMAL,18.6,4.7,4.6,6.2
7179,0.1831,0,NORMAL,18.9,4.7,4.9,4.1
7180,0.1503,0,NORMAL,18.5,4.6,4.2,5.2
7181,0.1727,0,NORMAL,18.9,5.5,5.9,7.4
7182,0.0542,0,NORMAL,19.0,4.6,4.5,5.0
7183,0.3783,0,NORMAL,18.7,5.9,5.3,4.3
7184,0.2867,0,NORMAL,18.9,5.3,5.6,5.9
7185,0.1793,0,NORMAL,18.9,4.5,5.2,6.2
7186,0.1194,0,NORMAL,19.1,5.2,6.1,5.5
7187,0.1195,0,NORMAL,19.0,4.6,4.9,4.4
7188,0.1401,0,NORMAL,19.0,5.6,6.1,6.8
7189,0.2911,0,NORMAL,18.8,4.7,4.8,5.2
7190,0.1183,0,NORMAL,18.7,5.4,6.2,5.5
7191,0.1238,0,NORMAL,19.0,4.8,5.4,5.1
7192,0.2296,0,NORMAL,18.8,5.0,5.7,6.3
7193,0.0955,0,NORMAL,18.9,4.6,5.1,5.5
7194,0.2128,0,NORMAL,18.9,5.2,5.6,5.8
7195,0.1192,0,NORMAL,19.0,4.8,5.5,5.3
7196,0.1353,0,NORMAL,18.7,3.8,4.1,4.8
7197,0.235,0,NORMAL,19.0,4.9,4.8,7.1
7198,0.1902,0,NORMAL,18.7,5.5,5.7,6.2
7199,0.363,0,NORMAL,18.9,5.7,5.4,3.6
7200,0.1455,0,NORMAL,18.7,4.9,5.2,4.6
7201,0.3055,0,NORMAL,19.0,5.1,4.9,6.0
7202,0.1227,0,NORMAL,18.8,4.6,4.3,5.9
7203,0.1356,0,NORMAL,18.6,3.5,4.3,6.4
7204,0.3699,0,NORMAL,18.9,5.1,4.9,7.1
7205,0.1713,0,NORMAL,18.9,4.1,4.7,6.8
7206,0.1367,0,NORMAL,18.8,4.5,4.1,5.4
7207,0.2222,0,NORMAL,18.6,4.5,4.4,6.2
7208,0.3206,0,NORMAL,18.7,4.0,4.6,7.7
7209,0.1717,0,NORMAL,19.0,4.8,4.9,6.9
7210,0.1178,0,NORMAL,18.9,4.7,4.3,6.1
7211,0.3585,0,NORMAL,19.0,5.3,4.4,5.9
7212,0.3378,0,NORMAL,18.7,5.2,4.2,5.7
7213,0.0619,0,NORMAL,18.9,4.1,4.2,5.5
7214,0.1827,0,NORMAL,18.6,4.7,4.4,6.4
7215,0.158,0,NORMAL,18.5,4.2,4.5,6.1
7216,0.1072,0,NORMAL,18.5,4.8,4.6,6.0
7217,0.23,0,NORMAL,18.7,4.9,5.5,7.1
7218,0.1671,0,NORMAL,18.8,3.8,4.9,6.0
7219,0.8391,0,WARNING,19.3,6.4,4.6,4.0
7220,0.1261,0,NORMAL,19.0,4.7,5.0,6.7
7221,0.2398,0,NORMAL,18.7,4.3,4.4,5.7
7222,0.2904,0,NORMAL,18.7,4.8,4.6,6.7
7223,0.1718,0,NORMAL,18.9,4.5,4.6,6.7
7224,0.1729,0,NORMAL,19.1,5.0,5.0,5.7
7225,0.2208,0,NORMAL,19.0,4.7,4.7,3.6
7226,0.1229,0,NORMAL,19.0,4.9,5.4,5.5
7227,0.8212,0,WARNING,19.1,7.8,4.1,6.0
7228,0.1973,0,NORMAL,19.1,5.1,4.6,6.8
7229,0.3865,0,NORMAL,19.0,4.8,4.1,5.9
7230,0.1623,0,NORMAL,19.0,4.2,4.2,6.1
7231,0.1232,0,NORMAL,18.6,3.8,3.5,5.2
7232,0.1194,0,NORMAL,18.9,5.1,5.2,6.5
7233,0.2194,0,NORMAL,18.7,4.0,5.2,6.2
7234,0.1021,0,NORMAL,19.0,5.1,4.7,5.5
7235,0.1972,0,NORMAL,18.7,4.7,3.9,5.2
7236,0.0763,0,NORMAL,18.7,4.1,3.9,5.4
7237,0.2528,0,NORMAL,18.6,4.3,4.1,5.2
7238,0.1801,0,NORMAL,18.6,4.4,4.3,6.9
7239,0.1192,0,NORMAL,18.9,4.5,4.3,6.4
7240,0.1723,0,NORMAL,19.1,4.4,4.9,6.9
7241,0.1119,0,NORMAL,19.0,4.7,5.2,5.0
7242,0.1904,0,NORMAL,18.8,4.4,3.6,5.2
7243,0.3604,0,NORMAL,19.0,5.4,5.1,6.5
7244,0.1046,0,NORMAL,18.8,4.4,4.2,5.2
7245,0.0843,0,NORMAL,19.0,3.7,3.8,5.7
7246,0.1638,0,NORMAL,19.0,4.8,4.4,6.0
7247,0.1968,0,NORMAL,18.8,4.1,4.1,5.5
7248,0.1753,0,NORMAL,19.0,4.2,4.2,5.9
7249,0.1392,0,NORMAL,19.1,5.8,5.7,6.9
7250,0.0927,0,NORMAL,18.9,4.5,3.8,5.4
7251,0.3182,0,NORMAL,19.1,4.6,4.1,6.0
7252,0.1229,0,NORMAL,18.7,3.8,3.8,5.9
7253,0.1855,0,NORMAL,18.6,4.1,3.6,5.0
7254,0.275,0,NORMAL,18.9,4.9,4.8,6.7
7255,0.1139,0,NORMAL,19.0,3.3,4.0,5.1
7256,0.3387,0,NORMAL,19.0,4.5,5.1,7.1
7257,0.5139,0,NORMAL,19.1,5.9,4.2,4.0
7258,0.1885,0,NORMAL,18.8,3.9,4.4,6.2
7259,0.8374,0,WARNING,19.2,4.6,3.9,5.4
7260,0.1573,0,NORMAL,18.8,4.1,4.3,6.0
7261,0.2212,0,NORMAL,18.7,3.7,3.5,4.7
7262,0.1567,0,NORMAL,18.7,4.6,4.7,5.9
7263,0.2072,0,NORMAL,18.6,4.2,4.1,5.5
7264,0.1764,0,NORMAL,18.7,4.6,4.1,5.2
7265,0.1205,0,NORMAL,18.8,4.0,3.9,5.4
7266,0.1365,0,NORMAL,18.8,3.9,2.9,4.2
7267,0.1181,0,NORMAL,18.8,4.5,3.7,5.2
7268,0.1187,0,NORMAL,18.6,3.8,3.8,6.9
7269,0.1236,0,NORMAL,18.8,4.3,4.1,5.6
7270,0.1782,0,NORMAL,18.7,4.3,3.6,4.7
7271,0.2385,0,NORMAL,18.6,3.9,3.9,5.4
7272,0.1206,0,NORMAL,18.6,4.1,3.4,4.9
7273,0.4979,0,NORMAL,18.7,5.6,4.3,5.9
7274,0.1531,0,NORMAL,18.6,3.2,3.2,4.9
7275,0.317,0,NORMAL,19.0,4.7,3.9,5.2
7276,0.1922,0,NORMAL,19.3,4.1,4.6,6.0
7277,0.1424,0,NORMAL,19.3,4.5,3.8,5.4
7278,0.1097,0,NORMAL,19.2,4.0,4.1,5.4
7279,0.071,0,NORMAL,19.1,4.7,3.9,5.0
7280,0.1731,0,NORMAL,19.1,4.2,3.2,4.4
7281,0.1994,0,NORMAL,18.8,3.4,3.9,5.2
7282,0.1877,0,NORMAL,19.0,4.2,3.8,5.2
7283,0.7396,0,WARNING,18.9,7.1,4.3,6.6
7284,0.2322,0,NORMAL,18.7,4.5,4.6,6.0
7285,0.3311,0,NORMAL,18.9,4.3,4.3,5.9
7286,0.2134,0,NORMAL,19.0,4.2,4.0,5.2
7287,0.1299,0,NORMAL,19.0,4.2,3.4,4.5
7288,0.2932,0,NORMAL,19.0,5.2,4.7,5.9
7289,0.3842,0,NORMAL,19.1,5.0,4.5,6.4
7290,0.1687,0,NORMAL,18.7,4.2,3.3,4.4
7291,0.2894,0,NORMAL,19.0,3.6,4.1,5.5
7292,0.1205,0,NORMAL,18.8,4.2,4.2,6.1
7293,0.1213,0,NORMAL,18.8,3.6,3.2,4.7
7294,0.2233,0,NORMAL,18.9,4.4,4.3,6.6
7295,0.1867,0,NORMAL,19.1,5.3,5.5,6.8
7296,0.3064,0,NORMAL,18.8,3.7,3.7,5.1
7297,0.1854,0,NORMAL,19.1,4.4,4.1,5.2
7298,0.335,0,NORMAL,19.1,4.8,4.0,6.7
7299,0.0699,0,NORMAL,19.1,3.9,4.0,5.4
7300,0.1957,0,NORMAL,19.0,4.8,3.6,5.4
7301,0.1773,0,NORMAL,19.0,4.4,4.1,5.7
7302,0.2681,0,NORMAL,19.3,5.3,3.9,5.2
7303,0.3846,0,NORMAL,19.3,5.7,4.5,6.2
7304,0.2245,0,NORMAL,19.0,4.2,4.5,5.7
7305,0.2886,0,NORMAL,19.0,3.4,3.6,5.1
7306,0.2046,0,NORMAL,19.0,4.5,3.7,5.0
7307,0.1985,0,NORMAL,19.1,4.2,4.2,6.1
7308,0.3074,0,NORMAL,18.9,4.3,3.7,5.4
7309,0.1549,0,NORMAL,19.0,4.4,3.9,5.9
7310,0.1496,0,NORMAL,18.7,4.4,4.3,6.2
7311,0.1834,0,NORMAL,18.8,4.5,4.4,6.4
7312,0.1722,0,NORMAL,18.8,4.9,5.1,6.9
7313,0.0995,0,NORMAL,19.1,4.8,5.2,5.6
7314,0.0851,0,NORMAL,18.9,4.2,4.0,5.5
7315,0.1612,0,NORMAL,19.1,4.4,3.8,5.9
7316,0.2759,0,NORMAL,19.0,4.9,5.8,7.9
7317,0.2476,0,NORMAL,18.9,4.8,4.2,3.3
7318,0.2533,0,NORMAL,19.0,4.0,3.6,4.9
7319,0.1605,0,NORMAL,19.0,4.7,3.4,4.3
7320,0.1321,0,NORMAL,19.2,3.9,2.9,4.2
7321,0.2907,0,NORMAL,18.9,5.1,4.3,5.6
7322,0.2323,0,NORMAL,19.0,3.8,3.3,4.9
7323,0.1348,0,NORMAL,18.8,5.0,4.2,5.7
7324,0.2205,0,NORMAL,19.1,4.1,3.9,5.4
7325,0.0912,0,NORMAL,18.9,4.3,3.9,5.2
7326,0.1758,0,NORMAL,19.1,4.4,4.6,5.8
7327,0.2974,0,NORMAL,18.9,4.0,3.9,5.4
7328,0.1194,0,NORMAL,19.2,4.6,4.9,7.7
7329,0.0714,0,NORMAL,19.1,4.9,4.4,5.7
7330,0.1179,0,NORMAL,19.2,4.1,3.6,5.0
7331,0.4286,0,NORMAL,19.3,5.0,5.0,7.1
7332,0.5547,0,NORMAL,18.9,5.5,3.0,4.7
7333,0.4651,0,NORMAL,19.0,3.5,3.4,4.5
7334,0.4623,0,NORMAL,18.7,3.3,3.7,5.9
7335,0.0968,0,NORMAL,18.9,3.9,3.8,5.6
7336,0.1239,0,NORMAL,19.0,3.8,4.0,5.8
7337,0.0912,0,NORMAL,19.1,4.4,4.0,5.6
7338,0.2152,0,NORMAL,19.1,4.3,4.3,6.2
7339,0.1303,0,NORMAL,19.2,4.3,3.7,5.4
7340,0.1195,0,NORMAL,19.4,4.5,4.7,6.5
7341,0.2603,0,NORMAL,19.3,4.4,4.1,5.7
7342,0.2672,0,NORMAL,19.2,3.8,3.6,4.7
7343,0.7133,0,WARNING,19.1,6.8,4.0,5.2
7344,0.2233,0,NORMAL,19.0,4.5,5.2,7.6
7345,0.1277,0,NORMAL,19.2,4.9,4.6,4.9
7346,0.3488,0,NORMAL,19.1,4.5,3.8,5.2
7347,0.1793,0,NORMAL,19.2,4.5,4.7,6.4
7348,0.2983,0,NORMAL,19.0,4.8,4.3,5.7
7349,0.1014,0,NORMAL,19.2,4.1,3.5,4.5
7350,0.1798,0,NORMAL,18.9,4.5,4.1,5.4
7351,0.1727,0,NORMAL,19.1,4.9,4.2,5.5
7352,0.2884,0,NORMAL,19.0,4.1,4.1,6.3
7353,0.3391,0,NORMAL,19.0,3.5,3.9,5.7
7354,0.2007,0,NORMAL,19.2,5.0,5.0,6.2
7355,0.2283,0,NORMAL,19.2,5.1,4.0,5.4
7356,0.1986,0,NORMAL,19.0,4.0,3.2,5.1
7357,0.1199,0,NORMAL,18.5,4.2,4.5,6.2
7358,0.2174,0,NORMAL,17.9,4.0,4.1,6.7
7359,0.0891,0,NORMAL,17.9,4.3,3.5,4.9
7360,0.1199,0,NORMAL,18.0,4.2,3.9,6.2
7361,0.1709,0,NORMAL,17.8,4.1,3.0,3.8
7362,0.3277,0,NORMAL,18.0,5.0,3.9,5.3
7363,0.231,0,NORMAL,17.6,3.7,3.3,4.3
7364,0.1084,0,NORMAL,17.5,4.0,4.0,5.5
7365,0.2569,0,NORMAL,17.7,4.7,4.7,6.7
7366,0.122,0,NORMAL,17.6,4.0,3.2,4.3
7367,0.1194,0,NORMAL,17.5,4.1,3.7,5.0
7368,0.1005,0,NORMAL,17.9,4.2,3.4,4.9
7369,0.1307,0,NORMAL,17.9,4.4,3.9,5.2
7370,0.2234,0,NORMAL,17.6,4.7,3.8,5.2
7371,0.1511,0,NORMAL,17.6,3.6,4.0,5.5
7372,0.1962,0,NORMAL,17.6,4.1,3.5,5.4
7373,0.1806,0,NORMAL,17.9,4.4,4.5,5.7
7374,0.1627,0,NORMAL,17.8,4.0,3.8,5.7
7375,0.1263,0,NORMAL,17.8,4.2,3.8,5.6
7376,0.1944,0,NORMAL,17.8,3.8,3.8,4.1
7377,0.3352,0,NORMAL,18.0,6.1,4.7,5.9
7378,0.2544,0,NORMAL,17.9,4.9,4.3,5.7
7379,0.0825,0,NORMAL,17.9,4.5,4.0,5.3
7380,0.1551,0,NORMAL,17.7,4.6,3.8,5.0
7381,0.2661,0,NORMAL,17.9,4.6,5.8,6.5
7382,0.0765,0,NORMAL,17.9,3.9,3.9,5.5
7383,0.3577,0,NORMAL,17.6,4.2,4.2,5.5
7384,0.1579,0,NORMAL,17.7,4.4,4.3,6.4
7385,0.0902,0,NORMAL,17.9,4.7,5.0,6.0
7386,0.1719,0,NORMAL,17.9,4.2,5.1,6.9
7387,0.1478,0,NORMAL,17.8,4.7,4.8,6.6
7388,0.1118,0,NORMAL,17.6,4.7,4.6,6.9
7389,0.1278,0,NORMAL,17.7,3.6,3.3,4.7
7390,0.259,0,NORMAL,17.9,5.3,5.0,6.4
7391,0.1808,0,NORMAL,18.0,4.4,4.3,6.3
7392,0.367,0,NORMAL,17.7,4.9,4.0,5.7
7393,0.2654,0,NORMAL,17.7,4.2,4.8,6.4
7394,0.2575,0,NORMAL,17.8,4.4,4.9,7.1
7395,0.1185,0,NORMAL,18.0,4.4,4.9,4.2
7396,0.2208,0,NORMAL,18.0,4.6,5.2,3.5
7397,0.1723,0,NORMAL,18.0,4.4,5.4,7.0
7398,0.3341,0,NORMAL,17.7,5.2,4.7,6.4
7399,0.272,0,NORMAL,17.9,4.7,4.8,4.0
7400,0.1393,0,NORMAL,17.7,4.6,4.6,6.0
7401,0.172,0,NORMAL,17.6,4.1,4.4,6.6
7402,0.1718,0,NORMAL,17.6,4.7,4.6,6.7
7403,0.2796,0,NORMAL,17.6,4.5,5.6,5.7
7404,0.2209,0,NORMAL,18.0,5.2,5.7,3.9
7405,0.1302,0,NORMAL,18.0,5.0,5.0,5.5
7406,0.7109,0,WARNING,18.1,7.0,4.9,6.4
7407,0.3834,0,NORMAL,18.0,6.1,5.3,5.1
7408,0.1198,0,NORMAL,17.9,4.8,4.5,4.1
7409,0.1368,0,NORMAL,17.9,5.2,4.8,6.6
7410,0.2963,0,NORMAL,17.8,4.7,4.8,6.8
7411,0.1187,0,NORMAL,17.9,4.6,5.6,4.8
7412,0.1715,0,NORMAL,17.9,4.9,4.9,3.9
7413,0.1424,0,NORMAL,17.7,4.2,4.4,5.3
7414,0.1724,0,NORMAL,17.7,3.9,4.5,6.7
7415,0.1638,0,NORMAL,18.0,5.0,4.5,5.7
7416,0.0652,0,NORMAL,18.0,4.7,4.9,6.0
7417,0.2006,0,NORMAL,17.8,4.8,4.7,6.5
7418,0.118,0,NORMAL,18.0,3.9,4.2,7.3
7419,0.1386,0,NORMAL,18.0,4.9,3.9,5.2
7420,0.119,0,NORMAL,18.0,4.5,4.5,6.2
7421,0.2172,0,NORMAL,17.9,4.4,4.9,7.1
7422,0.49,0,NORMAL,17.9,6.1,4.7,5.9
7423,0.1879,0,NORMAL,17.8,4.6,5.3,5.8
7424,0.1717,0,NORMAL,17.9,4.2,4.1,3.8
7425,0.2264,0,NORMAL,17.9,5.0,4.7,6.6
7426,0.0959,0,NORMAL,17.9,4.3,4.0,5.7
7427,0.1723,0,NORMAL,17.7,4.1,4.9,7.0
7428,0.118,0,NORMAL,17.7,4.3,4.2,6.1
7429,0.1719,0,NORMAL,18.0,5.1,5.0,6.9
7430,0.2014,0,NORMAL,17.8,4.7,5.3,6.2
7431,0.0626,0,NORMAL,18.0,4.4,4.7,4.6
7432,0.1605,0,NORMAL,18.1,5.0,4.8,6.5
7433,0.1892,0,NORMAL,18.0,3.8,4.4,6.9
7434,0.1716,0,NORMAL,17.9,4.6,4.4,6.4
7435,0.4677,0,NORMAL,18.1,5.9,5.8,6.7
7436,0.1716,0,NORMAL,18.1,4.0,4.5,3.9
7437,0.2038,0,NORMAL,17.9,4.9,4.4,4.1
7438,0.1727,0,NORMAL,18.1,5.3,5.4,6.9
7439,0.1291,0,NORMAL,18.1,4.7,4.6,5.4
7440,0.0657,0,NORMAL,18.0,4.3,4.6,5.9
7441,0.1185,0,NORMAL,18.1,4.2,4.5,6.4
7442,0.1718,0,NORMAL,18.0,4.4,4.6,7.0
7443,0.0933,0,NORMAL,17.9,4.5,4.6,5.1
7444,0.1184,0,NORMAL,18.0,4.8,5.1,4.4
7445,0.0844,0,NORMAL,17.8,4.4,4.4,5.7
7446,0.1722,0,NORMAL,18.1,4.4,4.8,6.7
7447,0.1717,0,NORMAL,18.0,4.4,4.7,6.8
7448,0.1864,0,NORMAL,17.8,4.8,4.8,6.7
7449,0.1423,0,NORMAL,17.9,4.3,4.4,5.5
7450,0.3079,0,NORMAL,18.0,5.6,5.2,7.2
7451,0.2383,0,NORMAL,17.7,4.6,5.2,5.5
7452,0.2211,0,NORMAL,17.9,5.1,4.7,3.2
7453,0.4368,0,NORMAL,17.8,5.3,5.4,5.9
7454,0.1181,0,NORMAL,17.9,4.4,5.2,6.4
7455,0.1404,0,NORMAL,17.9,4.8,4.6,5.1
7456,0.1726,0,NORMAL,17.8,4.4,4.8,6.6
7457,0.1914,0,NORMAL,18.0,5.1,6.0,5.8
7458,0.192,0,NORMAL,17.8,3.9,4.4,3.9
7459,0.1022,0,NORMAL,18.0,4.2,4.4,5.7
7460,0.1749,0,NORMAL,17.8,4.8,4.3,6.8
7461,0.2435,0,NORMAL,17.8,4.2,4.4,6.6
7462,0.1837,0,NORMAL,18.1,4.5,5.4,6.0
7463,0.4898,0,NORMAL,18.0,4.7,4.4,3.2
7464,0.3058,0,NORMAL,18.0,4.2,4.1,6.1
7465,0.27,0,NORMAL,18.2,4.6,6.1,8.1
7466,0.2209,0,NORMAL,18.3,5.2,5.1,3.3
7467,0.359,0,NORMAL,18.3,5.9,5.8,4.4
7468,0.7811,0,WARNING,18.2,8.0,5.6,7.9
7469,0.1385,0,NORMAL,18.1,4.6,4.8,5.2
7470,0.169,0,NORMAL,18.0,4.6,4.8,6.4
7471,0.1264,0,NORMAL,17.9,4.9,5.7,6.2
7472,0.172,0,NORMAL,18.0,4.7,5.1,4.2
7473,0.09,0,NORMAL,18.0,5.1,5.5,6.3
7474,0.2428,0,NORMAL,17.7,4.0,5.1,5.7
7475,0.3092,0,NORMAL,17.9,6.1,6.0,5.8
7476,0.134,0,NORMAL,17.9,4.7,5.7,6.1
7477,0.2102,0,NORMAL,18.0,4.6,5.6,6.7
7478,0.1705,0,NORMAL,18.0,4.8,5.9,7.1
7479,0.0737,0,NORMAL,18.1,5.2,5.0,4.8
7480,0.1004,0,NORMAL,18.1,4.9,5.3,5.7
7481,0.1703,0,NORMAL,18.3,5.5,6.7,7.1
7482,0.168,0,NORMAL,18.0,5.5,6.1,5.6
7483,0.3257,0,NORMAL,18.1,5.6,5.6,6.0
7484,0.1415,0,NORMAL,17.9,4.7,5.8,6.6
7485,0.2285,0,NORMAL,17.8,4.9,5.5,5.0
7486,0.2378,0,NORMAL,18.1,4.9,5.1,5.1
7487,0.1439,0,NORMAL,18.1,5.1,6.1,6.5
7488,0.132,0,NORMAL,17.9,4.9,4.9,5.2
7489,0.2381,0,NORMAL,18.1,5.3,4.5,4.8
7490,0.0799,0,NORMAL,18.2,5.1,5.7,6.3
7491,0.1224,0,NORMAL,18.0,4.7,5.6,5.5
7492,0.1388,0,NORMAL,17.9,5.4,5.7,6.7
7493,0.0674,0,NORMAL,18.0,4.4,5.2,6.0
7494,0.1286,0,NORMAL,18.3,4.9,5.3,4.7
7495,0.2902,0,NORMAL,18.2,5.4,6.0,7.0
7496,0.2644,0,NORMAL,18.3,6.2,7.4,7.4
7497,0.1402,0,NORMAL,18.1,4.0,4.5,4.6
7498,0.2952,0,NORMAL,18.3,5.7,4.9,5.2
7499,0.1157,0,NORMAL,18.3,5.1,5.3,6.0
7500,0.2021,0,NORMAL,18.4,6.1,6.4,6.2
7501,0.0999,0,NORMAL,18.0,4.2,4.8,5.1
7502,0.1709,0,NORMAL,18.1,4.9,6.1,6.9
7503,0.1282,0,NORMAL,18.3,5.3,5.8,5.8
7504,0.0718,0,NORMAL,18.1,4.7,5.3,5.7
7505,0.1991,0,NORMAL,18.2,4.7,5.9,6.5
7506,0.1944,0,NORMAL,17.9,5.8,6.3,5.8
7507,0.1166,0,NORMAL,18.0,4.9,6.2,6.5
7508,0.2582,0,NORMAL,18.0,5.4,6.4,8.5
7509,0.2373,0,NORMAL,18.2,5.3,5.4,5.6
7510,0.228,0,NORMAL,17.9,4.4,4.2,4.5
7511,0.1516,0,NORMAL,18.3,5.0,6.1,6.2
7512,0.2787,0,NORMAL,18.4,6.0,6.8,7.0
7513,0.1653,0,NORMAL,18.0,5.0,5.4,6.1
7514,0.1735,0,NORMAL,18.1,4.6,5.4,5.4
7515,0.3181,0,NORMAL,17.9,4.9,5.6,5.7
7516,0.1708,0,NORMAL,18.1,4.7,6.2,7.2
7517,0.1355,0,NORMAL,18.3,5.1,5.7,6.0
7518,0.5151,0,NORMAL,18.1,4.5,6.3,6.3
7519,0.3601,0,NORMAL,18.3,4.6,4.7,5.4
7520,0.2215,0,NORMAL,18.2,5.0,5.9,5.8
7521,0.1234,0,NORMAL,18.1,5.3,6.1,6.3
7522,0.5786,0,NORMAL,18.0,3.7,5.2,6.2
7523,0.1254,0,NORMAL,18.0,4.6,5.6,6.2
7524,0.8011,0,WARNING,18.1,7.6,4.9,4.9
7525,0.1713,0,NORMAL,18.4,5.4,7.2,7.9
7526,0.2263,0,NORMAL,18.0,4.8,6.3,6.2
7527,0.2844,0,NORMAL,18.4,5.1,5.5,6.0
7528,0.1052,0,NORMAL,18.2,4.7,5.5,6.2
7529,0.1281,0,NORMAL,18.2,5.7,5.8,6.0
7530,0.1561,0,NORMAL,18.2,4.5,5.5,5.7
7531,0.0988,0,NORMAL,18.1,4.9,5.2,6.0
7532,0.1187,0,NORMAL,18.2,5.3,6.5,6.8
7533,0.3428,0,NORMAL,18.3,4.6,6.6,6.1
7534,0.1371,0,NORMAL,18.4,5.0,5.8,6.9
7535,0.114,0,NORMAL,18.4,5.5,6.2,6.6
7536,0.1132,0,NORMAL,18.4,5.1,5.5,5.6
7537,0.1165,0,NORMAL,18.1,5.3,6.1,6.8
7538,0.1456,0,NORMAL,18.1,4.1,5.7,7.7
7539,0.128,0,NORMAL,18.4,5.2,5.4,5.7
7540,0.0705,0,NORMAL,18.3,4.9,5.9,6.3
7541,0.4173,0,NORMAL,18.3,6.3,6.2,6.7
7542,0.4451,0,NORMAL,18.3,6.4,6.7,6.3
7543,0.333,0,NORMAL,18.4,6.4,7.0,7.0
7544,0.3372,0,NORMAL,18.2,4.9,6.6,8.1
7545,0.1673,0,NORMAL,18.4,5.4,7.4,6.8
7546,0.1735,0,NORMAL,18.6,6.0,6.9,7.8
7547,0.1383,0,NORMAL,18.1,4.7,5.8,6.2
7548,0.2048,0,NORMAL,18.4,5.6,7.6,6.9
7549,0.1953,0,NORMAL,18.4,6.1,6.4,7.4
7550,0.2261,0,NORMAL,18.3,4.5,5.2,6.2
7551,0.2296,0,NORMAL,18.1,4.9,6.5,6.3
7552,0.1687,0,NORMAL,18.5,5.9,7.2,7.3
7553,0.145,0,NORMAL,18.4,5.0,6.2,6.8
7554,0.5037,0,NORMAL,18.2,5.5,6.7,6.0
7555,0.2196,0,NORMAL,18.5,4.7,6.7,7.8
7556,0.1193,0,NORMAL,18.2,5.4,6.4,6.5
7557,0.1879,0,NORMAL,18.3,5.8,7.5,7.8
7558,0.3675,0,NORMAL,18.5,6.4,7.0,7.2
7559,0.1724,0,NORMAL,18.5,5.7,7.0,7.0
7560,0.142,0,NORMAL,18.6,4.8,5.6,5.7
7561,0.1679,0,NORMAL,18.5,5.8,6.9,7.0
7562,0.2174,0,NORMAL,18.6,5.5,7.5,7.6
7563,0.1414,0,NORMAL,18.4,4.6,5.9,6.9
7564,0.3442,0,NORMAL,18.1,5.7,6.3,6.8
7565,0.1987,0,NORMAL,18.4,4.6,6.5,6.5
7566,0.1074,0,NORMAL,18.4,5.1,5.5,6.1
7567,0.1499,0,NORMAL,18.5,5.9,6.4,6.6
7568,0.1689,0,NORMAL,18.4,5.4,6.9,7.7
7569,0.1691,0,NORMAL,18.3,4.8,5.9,7.0
7570,0.1174,0,NORMAL,18.4,5.2,6.0,6.4
7571,0.2065,0,NORMAL,18.2,5.9,7.1,6.5
7572,0.492,0,NORMAL,18.3,6.1,5.4,6.5
7573,0.2918,0,NORMAL,18.4,5.3,7.1,7.7
7574,0.241,0,NORMAL,18.4,5.6,7.6,7.8
7575,0.168,0,NORMAL,18.3,5.5,7.1,7.9
7576,0.394,0,NORMAL,18.5,5.4,6.5,7.0
7577,0.145,0,NORMAL,18.3,4.6,6.5,6.5
7578,0.2146,0,NORMAL,18.3,5.0,6.3,6.9
7579,0.1369,0,NORMAL,18.5,5.4,6.5,6.8
7580,0.1361,0,NORMAL,18.5,5.1,6.2,6.9
7581,0.1473,0,NORMAL,18.6,5.4,6.5,6.7
7582,0.1348,0,NORMAL,18.4,4.5,5.8,6.3
7583,0.7727,0,WARNING,18.7,8.9,8.8,8.2
7584,0.2219,0,NORMAL,18.4,5.3,7.0,7.2
7585,0.2163,0,NORMAL,18.7,5.7,7.2,7.8
7586,0.1762,0,NORMAL,18.5,4.8,5.8,6.1
7587,0.4065,0,NORMAL,18.7,6.7,7.4,8.0
7588,0.2635,0,NORMAL,18.4,6.1,7.7,7.9
7589,0.2661,0,NORMAL,18.6,5.3,6.2,6.7
7590,0.2633,0,NORMAL,18.2,4.6,5.5,6.5
7591,0.1225,0,NORMAL,18.4,5.2,6.9,7.1
7592,0.2441,0,NORMAL,18.4,5.5,6.8,6.9
7593,0.1794,0,NORMAL,18.5,4.7,5.9,6.5
7594,0.1713,0,NORMAL,18.4,5.0,6.7,7.3
7595,0.2256,0,NORMAL,18.4,5.7,6.8,6.6
7596,0.2192,0,NORMAL,18.2,5.3,7.4,8.5
7597,0.1486,0,NORMAL,18.2,4.6,6.0,6.3
7598,0.2283,0,NORMAL,18.5,5.1,6.1,7.7
7599,0.1155,0,NORMAL,18.6,5.1,6.3,7.1
7600,0.1337,0,NORMAL,18.6,5.3,6.5,7.2
7601,0.3352,0,NORMAL,18.6,5.8,6.1,6.1
7602,0.2197,0,NORMAL,18.5,5.7,7.5,8.5
7603,0.1672,0,NORMAL,18.4,5.2,6.4,7.1
7604,0.1684,0,NORMAL,18.4,5.1,7.1,7.7
7605,0.2185,0,NORMAL,18.8,5.5,7.3,8.2
7606,0.2164,0,NORMAL,18.7,4.8,7.5,7.9
7607,0.2467,0,NORMAL,18.5,5.3,6.8,7.6
7608,0.3971,0,NORMAL,18.5,4.7,6.4,6.5
7609,0.1671,0,NORMAL,18.6,5.4,6.7,7.1
7610,0.1568,0,NORMAL,18.3,5.0,6.3,6.9
7611,0.1624,0,NORMAL,18.4,4.2,5.6,6.4
7612,0.1763,0,NORMAL,18.5,5.6,7.0,7.5
7613,0.2283,0,NORMAL,18.5,5.0,7.9,7.7
7614,0.1787,0,NORMAL,18.8,6.0,7.1,7.3
7615,0.1373,0,NORMAL,18.7,4.6,5.9,6.6
7616,0.3224,0,NORMAL,18.6,6.7,7.0,8.0
7617,0.1675,0,NORMAL,18.5,5.4,7.1,7.5
7618,0.2272,0,NORMAL,18.4,6.1,6.3,5.9
7619,0.2192,0,NORMAL,18.5,5.6,7.8,8.4
7620,0.2147,0,NORMAL,18.8,5.9,7.1,7.0
7621,0.2676,0,NORMAL,18.6,4.6,6.6,7.7
7622,0.2658,0,NORMAL,18.5,5.7,8.2,9.1
7623,0.4894,0,NORMAL,18.8,7.0,7.9,8.1
7624,0.1866,0,NORMAL,18.6,5.2,6.2,6.9
7625,0.178,0,NORMAL,18.8,5.9,6.9,6.8
7626,0.2198,0,NORMAL,18.7,5.3,6.9,7.1
7627,0.2187,0,NORMAL,18.7,6.1,7.7,8.3
7628,0.2208,0,NORMAL,18.5,4.7,6.4,7.5
7629,0.2187,0,NORMAL,18.6,5.2,7.1,8.2
7630,0.2417,0,NORMAL,18.5,6.3,7.8,8.0
7631,0.2229,0,NORMAL,18.6,4.5,6.6,6.8
7632,0.5092,0,NORMAL,18.7,6.8,6.7,7.7
7633,0.217,0,NORMAL,18.6,5.9,8.0,8.2
7634,0.2321,0,NORMAL,18.8,5.7,7.9,8.3
7635,0.2722,0,NORMAL,18.5,5.2,6.6,7.2
7636,0.2441,0,NORMAL,18.5,5.7,7.0,7.5
7637,0.3489,0,NORMAL,18.6,5.5,8.5,8.9
7638,0.2745,0,NORMAL,18.6,5.7,7.2,7.7
7639,0.2175,0,NORMAL,18.6,5.7,7.4,8.5
7640,0.2009,0,NORMAL,18.5,5.3,6.8,6.9
7641,0.2181,0,NORMAL,18.6,5.7,7.6,8.4
7642,0.2791,0,NORMAL,18.8,5.4,7.8,8.4
7643,0.74,0,WARNING,18.6,8.0,7.5,7.7
7644,0.2175,0,NORMAL,18.7,5.1,6.4,7.9
7645,0.1742,0,NORMAL,18.6,5.2,6.1,6.4
7646,0.2173,0,NORMAL,18.7,5.6,7.8,7.9
7647,0.5678,0,NORMAL,18.5,7.0,6.8,8.2
7648,0.1694,0,NORMAL,18.6,4.8,6.7,7.0
7649,0.1802,0,NORMAL,18.8,6.4,7.6,8.0
7650,0.1597,0,NORMAL,18.6,5.2,6.5,7.0
7651,0.2624,0,NORMAL,18.9,5.7,8.0,8.5
7652,0.179,0,NORMAL,18.6,5.3,6.3,6.9
7653,0.3253,0,NORMAL,18.5,5.7,7.6,7.5
7654,0.1676,0,NORMAL,18.7,4.7,6.8,7.8
7655,0.3387,0,NORMAL,18.6,5.4,6.6,6.5
7656,0.3326,0,NORMAL,18.7,6.9,8.0,8.0
7657,0.2131,0,NORMAL,18.7,5.1,6.9,7.6
7658,0.2162,0,NORMAL,18.9,5.5,7.3,9.1
7659,0.2724,0,NORMAL,18.8,5.5,6.7,6.8
7660,0.201,0,NORMAL,18.8,5.7,6.3,6.9
7661,0.2638,0,NORMAL,18.9,5.5,8.0,7.7
7662,0.4079,0,NORMAL,18.8,6.4,7.2,7.9
7663,0.2159,0,NORMAL,19.0,6.1,7.9,7.7
7664,0.1943,0,NORMAL,18.9,4.7,6.1,6.9
7665,0.174,0,NORMAL,18.6,5.2,6.5,7.2
7666,0.216,0,NORMAL,18.6,5.5,6.8,6.9
7667,0.2663,0,NORMAL,18.9,5.3,7.5,8.8
7668,0.18,0,NORMAL,18.7,5.1,6.6,7.4
7669,0.2185,0,NORMAL,18.8,6.0,7.3,7.8
7670,0.3103,0,NORMAL,18.6,5.7,7.7,8.0
7671,0.198,0,NORMAL,18.6,5.0,6.7,7.0
7672,0.1673,0,NORMAL,18.7,4.9,6.4,7.4
7673,0.2186,0,NORMAL,18.6,5.4,7.3,8.4
7674,0.218,0,NORMAL,18.7,5.2,7.2,8.2
7675,0.3074,0,NORMAL,18.7,6.3,9.1,8.5
7676,0.4047,0,NORMAL,18.8,5.9,6.7,8.2
7677,0.2472,0,NORMAL,18.9,6.5,7.6,7.9
7678,0.2688,0,NORMAL,18.8,5.7,8.1,8.4
7679,0.207,0,NORMAL,18.9,5.2,6.2,6.9
7680,0.1868,0,NORMAL,18.9,5.4,6.2,6.6
7681,0.2842,0,NORMAL,18.6,5.2,6.8,7.7
7682,0.3074,0,NORMAL,18.7,5.1,7.9,7.7
7683,0.1859,0,NORMAL,18.6,5.6,6.9,7.7
7684,0.1664,0,NORMAL,18.7,5.1,7.0,7.2
7685,0.1679,0,NORMAL,18.8,5.1,7.0,7.6
7686,0.429,0,NORMAL,19.0,5.4,7.2,8.9
7687,0.2163,0,NORMAL,19.0,5.8,7.8,7.8
7688,0.265,0,NORMAL,19.0,4.3,6.7,9.8
7689,0.2292,0,NORMAL,18.9,6.0,6.5,7.0
7690,0.1799,0,NORMAL,18.7,5.0,6.5,6.9
7691,0.1756,0,NORMAL,18.8,4.7,6.1,6.9
7692,0.4096,0,NORMAL,18.9,6.2,6.6,6.5
7693,0.2194,0,NORMAL,18.9,5.8,6.5,7.9
7694,0.4168,0,NORMAL,18.9,6.3,6.8,7.0
7695,0.2151,0,NORMAL,18.7,5.6,7.4,7.6
7696,0.2659,0,NORMAL,18.8,6.3,8.1,9.0
7697,0.2031,0,NORMAL,19.0,5.4,7.3,7.3
7698,0.2652,0,NORMAL,18.7,5.1,7.6,8.9
7699,0.1851,0,NORMAL,18.9,5.4,7.1,7.2
7700,0.1661,0,NORMAL,18.8,5.6,6.8,6.7
7701,0.2659,0,NORMAL,18.7,5.0,7.1,8.5
7702,0.2165,0,NORMAL,18.7,5.8,7.8,7.5
7703,0.3054,0,NORMAL,18.9,5.7,8.2,8.9
7704,0.2618,0,NORMAL,18.9,5.5,8.0,8.4
7705,0.2167,0,NORMAL,19.2,6.1,8.2,8.5
7706,0.2172,0,NORMAL,18.7,4.8,5.4,6.7
7707,0.8801,0,WARNING,18.8,9.6,6.9,6.5
7708,0.5061,0,NORMAL,18.6,5.0,6.5,6.7
7709,0.2189,0,NORMAL,18.8,5.5,6.7,7.9
7710,0.4876,0,NORMAL,18.7,4.7,7.4,7.2
7711,0.2442,0,NORMAL,18.9,5.3,6.1,7.0
7712,0.1148,0,NORMAL,18.9,5.5,6.3,6.9
7713,0.2037,0,NORMAL,18.9,5.0,6.6,6.6
7714,0.342,0,NORMAL,19.0,4.8,6.7,7.7
7715,0.3345,0,NORMAL,19.1,6.7,7.9,8.2
7716,0.218,0,NORMAL,18.8,5.4,7.2,8.2
7717,0.3518,0,NORMAL,19.0,5.4,7.2,7.3
7718,0.3072,0,NORMAL,19.1,6.3,9.1,9.9
7719,0.3518,0,NORMAL,19.1,5.3,6.6,6.7
7720,0.2466,0,NORMAL,19.1,6.4,7.1,7.8
7721,0.2647,0,NORMAL,19.0,5.6,5.5,5.8
7722,0.1215,0,NORMAL,18.8,4.9,5.6,6.0
7723,0.3893,0,NORMAL,19.0,6.7,7.1,7.7
7724,0.1701,0,NORMAL,19.0,5.3,7.1,7.0
7725,0.2543,0,NORMAL,19.2,5.8,7.9,8.0
7726,0.2002,0,NORMAL,19.0,5.2,6.3,6.9
7727,0.1205,0,NORMAL,18.9,5.0,5.9,6.2
7728,0.1891,0,NORMAL,19.0,5.8,7.8,7.8
7729,0.1199,0,NORMAL,19.3,5.2,6.5,7.0
7730,0.1667,0,NORMAL,19.2,5.7,7.0,7.3
7731,0.3276,0,NORMAL,18.9,5.8,6.7,7.2
7732,0.1632,0,NORMAL,18.9,4.7,6.0,6.5
7733,0.3112,0,NORMAL,19.2,5.4,7.7,9.2
7734,0.1937,0,NORMAL,18.9,5.3,6.6,6.7
7735,0.2187,0,NORMAL,18.9,5.2,7.1,8.2
7736,0.1854,0,NORMAL,19.1,4.8,6.0,6.2
7737,0.115,0,NORMAL,19.0,4.9,5.9,6.7
7738,0.4028,0,NORMAL,19.0,6.3,6.6,7.5
7739,0.8265,0,WARNING,19.2,5.6,6.7,7.1
7740,0.2192,0,NORMAL,18.8,5.1,6.2,7.9
7741,0.1286,0,NORMAL,18.9,4.6,6.6,6.8
7742,0.213,0,NORMAL,18.8,5.4,6.5,7.2
7743,0.2053,0,NORMAL,19.1,4.8,6.5,7.7
7744,0.1679,0,NORMAL,19.1,5.1,6.7,6.9
7745,0.1923,0,NORMAL,18.9,4.5,6.5,7.2
7746,0.1474,0,NORMAL,19.0,5.2,5.6,6.4
7747,0.1687,0,NORMAL,18.9,4.9,6.9,6.7
7748,0.1751,0,NORMAL,18.7,5.2,6.2,8.3
7749,0.1684,0,NORMAL,18.9,5.1,6.7,7.1
7750,0.2054,0,NORMAL,18.9,5.0,5.7,5.8
7751,0.2073,0,NORMAL,18.9,5.1,6.0,6.3
7752,0.2215,0,NORMAL,18.9,5.1,5.6,6.2
7753,0.1669,0,NORMAL,19.0,4.9,5.5,5.7
7754,0.1698,0,NORMAL,18.8,5.4,6.7,7.1
7755,0.1653,0,NORMAL,19.1,4.5,5.8,6.7
7756,0.1564,0,NORMAL,19.0,4.1,5.3,5.7
7757,0.1445,0,NORMAL,19.0,4.8,5.9,5.8
7758,0.1704,0,NORMAL,19.0,5.0,6.2,7.4
7759,0.2376,0,NORMAL,19.1,5.8,6.3,6.6
7760,0.2054,0,NORMAL,19.1,5.5,6.8,6.5
7761,0.1601,0,NORMAL,19.0,4.8,5.6,6.2
7762,0.1277,0,NORMAL,19.1,4.6,5.6,6.0
7763,0.333,0,NORMAL,18.9,5.1,6.6,6.5
7764,0.7413,0,WARNING,19.0,7.8,6.6,6.8
7765,0.1199,0,NORMAL,19.2,4.9,6.0,6.7
7766,0.2089,0,NORMAL,18.9,4.6,5.3,5.2
7767,0.2165,0,NORMAL,19.1,5.2,5.5,6.2
7768,0.3896,0,NORMAL,19.0,5.4,5.1,6.0
7769,0.1381,0,NORMAL,19.0,4.7,6.1,6.0
7770,0.3292,0,NORMAL,18.9,5.2,5.9,6.0
7771,0.1348,0,NORMAL,18.7,4.6,5.5,6.0
7772,0.0749,0,NORMAL,18.7,4.2,5.4,5.6
7773,0.2142,0,NORMAL,18.9,4.7,6.1,6.0
7774,0.1796,0,NORMAL,18.9,5.6,7.0,6.6
7775,0.2425,0,NORMAL,19.0,5.2,5.7,6.0
7776,0.0948,0,NORMAL,18.7,4.3,5.4,5.8
7777,0.2738,0,NORMAL,18.7,4.6,5.3,5.3
7778,0.0698,0,NORMAL,19.0,4.4,5.0,7.2
7779,0.1495,0,NORMAL,19.0,5.2,6.2,6.7
7780,0.4174,0,NORMAL,19.0,7.2,7.8,7.2
7781,0.3975,0,NORMAL,19.0,5.6,5.5,6.4
7782,0.1672,0,NORMAL,18.9,4.9,4.8,5.3
7783,0.1495,0,NORMAL,18.6,4.2,4.1,4.7
7784,0.172,0,NORMAL,18.9,4.2,5.1,7.1
7785,0.1255,0,NORMAL,18.9,4.9,5.6,6.0
7786,0.1291,0,NORMAL,19.0,4.6,6.0,5.1
7787,0.1453,0,NORMAL,18.8,4.7,4.8,5.9
7788,0.1583,0,NORMAL,19.1,4.9,5.7,6.5
7789,0.1718,0,NORMAL,19.2,5.5,5.2,4.3
7790,0.1479,0,NORMAL,19.1,4.3,5.1,4.8
7791,0.1378,0,NORMAL,18.9,5.4,5.8,6.7
7792,0.0983,0,NORMAL,19.1,4.8,5.3,5.8
7793,0.1361,0,NORMAL,19.1,4.6,5.0,4.3
7794,0.1292,0,NORMAL,18.9,4.0,3.7,4.3
7795,0.223,0,NORMAL,18.9,4.6,5.9,7.8
7796,0.2644,0,NORMAL,18.9,5.4,4.5,4.5
7797,0.1583,0,NORMAL,18.8,4.9,5.4,4.4
7798,0.1398,0,NORMAL,18.9,4.6,4.4,6.0
7799,0.2388,0,NORMAL,18.7,4.9,4.1,5.6
7800,0.1723,0,NORMAL,18.9,4.2,4.3,6.6
7801,0.1186,0,NORMAL,19.0,5.1,5.2,6.7
7802,0.1768,0,NORMAL,18.9,4.8,5.0,4.6
7803,0.2608,0,NORMAL,18.7,3.9,4.5,4.1
7804,0.1724,0,NORMAL,19.1,5.2,6.2,7.6
7805,0.1546,0,NORMAL,18.8,4.8,4.6,4.9
7806,0.2858,0,NORMAL,18.7,4.4,4.2,5.2
7807,0.1187,0,NORMAL,18.8,4.5,5.0,6.6
7808,0.1292,0,NORMAL,19.0,5.2,5.2,8.1
7809,0.2608,0,NORMAL,19.1,4.6,4.0,5.6
7810,0.0822,0,NORMAL,19.1,4.7,4.7,5.9
7811,0.2182,0,NORMAL,19.3,5.0,5.1,7.3
7812,0.3028,0,NORMAL,19.2,5.4,5.6,6.4
7813,0.2215,0,NORMAL,19.2,5.1,5.1,3.7
7814,0.1192,0,NORMAL,18.8,4.5,4.6,4.4
7815,0.2227,0,NORMAL,19.0,4.4,4.8,7.3
7816,0.1756,0,NORMAL,19.2,5.1,5.0,5.3
7817,0.1254,0,NORMAL,18.9,4.1,4.5,5.3
7818,0.1979,0,NORMAL,18.9,4.4,4.7,6.6
7819,0.837,0,WARNING,19.3,5.5,4.2,6.4
7820,0.2221,0,NORMAL,19.1,4.6,4.4,7.1
7821,0.1254,0,NORMAL,18.9,4.3,3.7,5.4
7822,0.2293,0,NORMAL,18.8,4.2,3.6,4.4
7823,0.3173,0,NORMAL,19.0,3.9,4.3,6.4
7824,0.765,0,WARNING,19.1,7.1,4.1,5.9
7825,0.2228,0,NORMAL,19.1,4.7,5.0,7.5
7826,0.118,0,NORMAL,19.1,4.1,4.7,6.4
7827,0.5418,0,NORMAL,18.8,5.5,4.0,5.7
7828,0.172,0,NORMAL,19.0,4.2,4.4,6.6
7829,0.1241,0,NORMAL,18.7,4.2,3.3,5.2
7830,0.1728,0,NORMAL,19.0,4.9,5.2,7.2
7831,0.1024,0,NORMAL,19.0,4.4,4.1,5.4
7832,0.101,0,NORMAL,18.8,4.0,3.9,5.5
7833,0.2629,0,NORMAL,19.2,4.2,4.2,5.9
7834,0.1686,0,NORMAL,19.0,3.1,3.2,4.6
7835,0.1906,0,NORMAL,19.1,5.0,4.2,6.1
7836,0.1546,0,NORMAL,18.8,4.2,4.0,5.8
7837,0.2433,0,NORMAL,19.1,3.6,4.0,6.1
7838,0.1958,0,NORMAL,18.9,3.8,3.3,6.2
7839,0.3432,0,NORMAL,19.1,3.6,3.7,6.1
7840,0.211,0,NORMAL,19.1,4.9,3.8,5.6
7841,0.0989,0,NORMAL,19.1,4.2,3.7,5.0
7842,0.3635,0,NORMAL,19.1,5.0,3.9,5.6
7843,0.2856,0,NORMAL,18.9,5.1,4.2,5.6
7844,0.2568,0,NORMAL,19.0,3.1,2.9,4.5
7845,0.1216,0,NORMAL,18.8,3.9,3.2,4.7
7846,0.2236,0,NORMAL,19.0,4.4,3.2,4.3
7847,0.2178,0,NORMAL,19.0,4.2,3.7,5.2
7848,0.11,0,NORMAL,18.6,4.1,3.3,4.6
7849,0.1118,0,NORMAL,18.9,3.8,4.1,5.6
7850,0.1247,0,NORMAL,18.7,4.3,4.1,5.9
7851,0.1005,0,NORMAL,18.7,4.1,3.8,5.3
7852,0.1857,0,NORMAL,18.9,3.7,3.0,4.0
7853,0.1708,0,NORMAL,19.1,4.1,3.0,4.5
7854,0.3749,0,NORMAL,18.9,3.4,4.5,5.9
7855,0.1624,0,NORMAL,19.1,4.1,3.4,5.1
7856,0.8425,0,WARNING,19.2,4.3,3.1,4.5
7857,0.3358,0,NORMAL,19.0,5.3,3.2,4.4
7858,0.2444,0,NORMAL,18.9,4.1,3.0,4.6
7859,0.1075,0,NORMAL,19.1,3.9,3.7,5.0
7860,0.1742,0,NORMAL,19.0,4.6,3.2,4.4
7861,0.1174,0,NORMAL,19.0,3.8,3.0,4.2
7862,0.132,0,NORMAL,19.1,3.5,3.0,4.5
7863,0.1327,0,NORMAL,18.8,3.6,3.1,4.2
7864,0.177,0,NORMAL,19.1,3.9,3.0,4.5
7865,0.325,0,NORMAL,18.8,2.7,2.2,3.0
7866,0.2009,0,NORMAL,18.8,3.9,2.9,4.2
7867,0.1813,0,NORMAL,18.8,3.1,2.0,3.0
7868,0.2149,0,NORMAL,18.9,3.4,3.4,6.3
7869,0.17,0,NORMAL,19.0,4.0,2.8,3.4
7870,0.1734,0,NORMAL,18.9,3.8,2.5,3.5
7871,0.1855,0,NORMAL,19.0,3.6,2.6,3.5
7872,0.3724,0,NORMAL,19.0,4.7,3.4,4.0
7873,0.1732,0,NORMAL,19.0,4.2,3.2,4.4
7874,0.2093,0,NORMAL,18.9,3.9,3.5,4.8
7875,0.2579,0,NORMAL,18.7,3.6,2.8,3.9
7876,0.2262,0,NORMAL,18.7,3.7,2.8,3.5
7877,0.1713,0,NORMAL,18.7,3.2,2.6,3.7
7878,0.1948,0,NORMAL,18.9,3.9,2.3,3.0
7879,0.223,0,NORMAL,18.8,3.8,2.4,3.5
7880,0.4798,0,NORMAL,18.7,3.5,2.6,3.9
7881,0.2327,0,NORMAL,18.8,4.0,3.8,4.7
7882,0.2116,0,NORMAL,18.7,3.3,2.0,2.8
7883,0.2164,0,NORMAL,19.0,3.8,2.9,3.8
7884,0.2058,0,NORMAL,18.8,3.7,3.0,4.3
7885,0.2112,0,NORMAL,18.8,3.6,2.5,3.7
7886,0.2103,0,NORMAL,19.0,4.1,2.6,3.4
7887,0.789,0,WARNING,19.1,6.7,2.5,3.7
7888,0.2035,0,NORMAL,18.9,3.9,2.6,3.7
7889,0.1718,0,NORMAL,19.0,4.1,2.4,3.7
7890,0.1722,0,NORMAL,18.8,3.3,2.1,3.0
7891,0.2024,0,NORMAL,18.8,3.3,2.6,3.7
7892,0.2028,0,NORMAL,18.8,3.5,2.4,3.2
7893,0.2197,0,NORMAL,18.9,3.5,2.1,2.8
7894,0.2492,0,NORMAL,18.8,3.0,2.2,3.0
7895,0.2572,0,NORMAL,19.0,4.0,2.4,2.7
7896,0.257,0,NORMAL,18.8,3.0,1.9,3.2
7897,0.3161,0,NORMAL,19.0,4.0,2.3,2.9
7898,0.6358,0,WARNING,18.6,1.9,1.6,3.9
7899,0.2314,0,NORMAL,19.0,4.3,1.9,2.7
7900,0.7152,1,WARNING,19.0,6.0,2.0,2.5
7901,0.2152,1,NORMAL,17.6,3.1,2.1,2.8
7902,0.2913,1,NORMAL,17.8,4.2,2.1,2.8
7903,0.2381,1,NORMAL,17.3,3.2,2.4,3.4
7904,0.9973,1,ANOMALY,8.4,13.7,13.0,9.3
7905,0.9645,1,WARNING,2.7,10.8,13.7,9.7
7906,0.5509,1,NORMAL,7.3,6.1,6.3,5.4
7907,0.3061,1,NORMAL,9.1,3.7,2.3,2.7
7908,0.7426,1,WARNING,11.8,5.3,8.3,7.0
7909,0.9095,1,WARNING,15.7,6.6,12.6,9.6
7910,0.8681,1,WARNING,17.7,6.4,11.1,8.5
7911,0.8758,1,WARNING,18.6,5.8,11.7,8.9
7912,0.8965,1,WARNING,17.7,6.4,11.2,8.8
7913,0.517,1,NORMAL,16.5,4.7,5.5,5.8
7914,0.707,1,WARNING,16.6,5.6,6.9,5.6
7915,0.798,1,WARNING,16.5,5.8,8.4,7.8
7916,0.6692,1,WARNING,16.4,5.2,7.0,6.8
7917,0.6774,1,WARNING,13.1,6.6,8.1,6.1
7918,0.918,1,WARNING,15.6,9.7,15.0,9.6
7919,0.453,1,NORMAL,18.4,5.2,8.7,5.9
7920,0.9193,1,WARNING,21.6,5.6,18.6,11.4
7921,0.9017,1,WARNING,21.8,5.5,19.1,11.4
7922,0.9945,1,ANOMALY,25.4,7.5,31.5,17.4
7923,0.8382,1,WARNING,19.6,3.9,10.9,4.9
7924,0.5584,1,NORMAL,18.7,4.2,6.6,4.9
7925,0.544,1,NORMAL,19.5,4.2,8.2,5.4
7926,0.5171,1,NORMAL,19.6,5.3,9.4,6.8
7927,0.7964,1,WARNING,21.1,5.3,13.0,8.1
7928,0.9662,1,WARNING,20.6,5.0,13.1,9.2
7929,0.9991,1,ANOMALY,28.4,7.8,32.9,19.5
7930,0.893,1,WARNING,18.8,6.3,13.5,8.5
7931,0.8274,1,WARNING,19.1,6.0,10.3,7.9
7932,0.7941,1,WARNING,18.4,6.5,8.2,7.1
7933,0.8673,1,WARNING,18.5,6.3,9.7,8.2
7934,1.0,1,ANOMALY,24.9,14.7,33.4,17.6
7935,1.0,1,ANOMALY,38.0,17.6,57.0,28.4
7936,1.0,1,ANOMALY,42.8,13.4,51.4,26.6
7937,1.0,1,ANOMALY,41.8,17.0,46.9,27.8
7938,0.9977,1,ANOMALY,26.9,6.3,17.6,10.2
7939,0.9846,1,WARNING,24.8,6.1,12.0,9.4
7940,0.9025,1,WARNING,23.3,5.9,10.6,8.1
7941,0.8994,1,WARNING,23.0,6.2,11.8,9.3
7942,0.9268,1,WARNING,22.6,6.5,13.2,10.2
7943,0.9961,1,ANOMALY,17.4,15.1,19.6,13.2
7944,0.9118,1,WARNING,10.6,7.3,13.2,9.5
7945,0.9316,1,WARNING,15.1,7.6,13.3,9.6
7946,0.895,1,WARNING,18.1,6.2,11.6,9.3
7947,1.0,1,ANOMALY,25.2,17.3,34.7,17.8
7948,1.0,1,ANOMALY,40.5,17.4,52.5,27.4
7949,1.0,1,ANOMALY,46.1,12.7,56.9,26.3
7950,1.0,1,ANOMALY,35.6,12.6,26.6,17.1
7951,1.0,1,ANOMALY,27.6,6.1,12.9,8.6
7952,1.0,1,ANOMALY,25.4,6.0,9.9,7.5
7953,1.0,1,ANOMALY,24.0,5.3,7.5,6.2
7954,1.0,1,ANOMALY,23.3,5.7,8.4,7.1
7955,0.9998,1,ANOMALY,22.2,5.3,6.4,5.5
7956,0.9973,1,ANOMALY,21.4,3.4,2.7,2.8
7957,0.9772,1,WARNING,20.8,4.1,4.1,3.9
7958,0.7593,1,WARNING,20.4,4.5,5.7,6.4
7959,0.7571,1,WARNING,20.1,6.6,7.9,6.4
7960,0.7849,1,WARNING,19.7,5.3,8.0,7.4
7961,0.9091,1,WARNING,19.8,7.1,11.2,9.5
7962,1.0,1,ANOMALY,22.7,10.0,10.0,8.6
7963,0.7032,1,WARNING,19.9,5.3,7.0,6.2
7964,0.9086,1,WARNING,19.7,6.0,11.0,8.7
7965,0.8965,1,WARNING,19.1,6.4,10.2,8.1
7966,0.5991,1,WARNING,19.0,4.5,5.5,4.7
7967,0.6014,1,WARNING,19.1,4.1,5.2,4.7
7968,0.7256,1,WARNING,19.0,4.8,6.9,6.0
7969,0.8325,1,WARNING,19.0,5.9,8.5,7.2
7970,0.8975,1,WARNING,18.9,5.7,9.8,8.2
7971,0.49,1,NORMAL,18.6,4.3,4.6,4.1
7972,0.7985,1,WARNING,18.4,5.3,7.8,6.7
7973,0.8976,1,WARNING,18.4,6.2,10.1,8.0
7974,0.8319,1,WARNING,18.6,5.3,8.3,6.7
7975,0.8319,1,WARNING,18.3,5.3,8.4,7.0
7976,0.9947,1,ANOMALY,13.8,13.7,15.7,11.0
7977,0.8825,1,WARNING,5.1,6.6,10.9,8.1
7978,0.9239,1,WARNING,9.6,9.1,12.9,9.6
7979,0.8402,1,WARNING,12.5,6.3,8.9,7.4
7980,0.7963,1,WARNING,12.9,5.6,7.8,6.3
7981,0.8314,1,WARNING,13.8,5.4,8.7,7.0
7982,0.86,1,WARNING,14.4,7.1,9.0,7.4
7983,0.8684,1,WARNING,15.2,5.6,9.9,8.3
7984,0.6468,1,WARNING,16.1,4.9,6.2,5.0
7985,0.8213,1,WARNING,17.2,4.7,8.7,6.5
7986,0.9197,1,WARNING,17.4,6.4,10.9,8.4
7987,0.851,1,WARNING,17.9,5.4,9.2,7.2
7988,0.8093,1,WARNING,17.2,5.0,7.8,7.4
7989,0.8907,1,WARNING,17.4,6.4,9.8,7.6
7990,0.8684,1,WARNING,17.9,6.4,9.3,7.6
7991,0.4927,0,NORMAL,17.9,3.8,1.6,1.5
7992,0.3082,0,NORMAL,18.1,4.1,3.2,3.5
7993,0.5803,0,NORMAL,18.3,4.3,5.2,4.4
7994,0.3108,0,NORMAL,18.2,3.1,1.6,1.7
7995,0.3555,0,NORMAL,18.3,4.0,3.7,3.2
7996,0.43,0,NORMAL,18.2,3.9,4.5,4.1
7997,0.7277,0,WARNING,18.6,4.6,6.6,5.7
7998,0.3111,0,NORMAL,18.6,3.3,1.6,1.7
7999,0.3317,0,NORMAL,18.6,3.7,2.6,2.4
8000,0.4968,0,NORMAL,18.5,4.6,4.8,4.4
8001,0.8852,0,WARNING,18.3,5.4,9.5,7.7
8002,0.8979,0,WARNING,19.0,6.5,11.0,8.7
8003,0.8685,0,WARNING,18.7,5.3,8.8,7.3
8004,0.8907,0,WARNING,18.7,8.4,9.8,7.8
8005,0.7242,0,WARNING,15.8,6.0,7.6,5.8
8006,0.933,0,WARNING,11.3,9.5,11.2,7.6
8007,0.5994,0,WARNING,8.2,5.2,5.6,4.6
8008,0.8603,0,WARNING,10.8,6.6,10.9,8.3
8009,0.8205,0,WARNING,14.7,6.1,10.0,7.6
8010,0.8412,0,WARNING,18.0,5.3,9.8,7.4
8011,0.9287,0,WARNING,18.1,5.8,11.8,9.0
8012,0.914,0,WARNING,15.9,6.3,11.0,8.4
8013,0.9328,0,WARNING,13.6,6.9,11.5,9.4
8014,0.8756,0,WARNING,13.6,5.6,9.7,8.1
8015,0.7058,0,WARNING,14.0,5.3,6.5,5.5
8016,0.5491,0,NORMAL,15.1,4.3,5.0,4.2
8017,0.3761,0,NORMAL,15.7,3.2,2.9,2.4
8018,0.4088,0,NORMAL,15.9,3.5,1.7,3.0
8019,0.4301,0,NORMAL,16.0,4.5,4.2,3.1
8020,0.8436,0,WARNING,16.6,5.0,9.6,7.0
8021,0.8912,0,WARNING,17.4,6.0,11.1,8.1
8022,0.5295,0,NORMAL,17.3,5.5,4.9,4.1
8023,0.9954,0,ANOMALY,12.3,13.4,14.7,10.1
8024,0.7546,0,WARNING,5.8,5.5,8.3,6.0
8025,0.7233,0,WARNING,8.9,5.6,7.6,6.0
8026,0.8683,0,WARNING,11.6,6.2,9.8,7.8
8027,0.8509,0,WARNING,12.4,5.8,8.8,6.8
8028,0.4236,0,NORMAL,12.3,3.6,1.7,1.6
8029,0.4934,0,NORMAL,13.1,4.0,4.7,3.9
8030,0.7094,0,WARNING,14.0,4.7,6.2,5.0
8031,0.7092,0,WARNING,15.0,5.0,6.7,5.4
8032,0.8221,0,WARNING,15.7,5.1,8.4,6.6
8033,0.7574,0,WARNING,16.2,5.0,7.0,6.0
8034,0.6489,0,WARNING,16.4,4.4,5.5,4.7
8035,0.4852,0,NORMAL,16.6,3.5,2.9,2.7
8036,0.3762,0,NORMAL,17.4,4.1,4.4,4.1
8037,0.5658,0,NORMAL,17.4,4.8,1.8,2.1
8038,0.327,0,NORMAL,17.4,2.9,1.6,2.1
8039,0.3955,0,NORMAL,18.1,4.1,3.9,2.9
8040,0.834,0,WARNING,18.5,5.6,9.2,7.2
8041,0.6039,0,WARNING,18.2,3.8,5.3,4.0
8042,0.65,0,WARNING,18.2,4.9,5.6,4.5
8043,0.4937,0,NORMAL,18.2,3.7,4.5,3.9
8044,0.8332,0,WARNING,18.5,5.5,8.6,6.6
8045,0.6493,0,WARNING,19.0,4.7,6.4,4.8
8046,0.5511,0,NORMAL,18.9,3.8,5.1,4.0
8047,0.6903,0,WARNING,19.2,4.2,6.5,5.2
8048,0.7425,0,WARNING,18.8,4.9,6.8,6.8
8049,0.999,0,ANOMALY,15.0,17.6,20.2,13.1
8050,0.9021,0,WARNING,6.0,6.9,11.8,8.3
8051,0.8826,0,WARNING,9.6,6.9,11.0,8.1
8052,0.8405,0,WARNING,12.9,7.1,9.6,6.9
8053,0.8504,0,WARNING,13.8,6.3,8.9,6.7
8054,0.74,0,WARNING,14.0,5.1,7.0,5.4
8055,0.8764,0,WARNING,14.6,5.3,9.4,7.3
8056,0.7564,0,WARNING,14.8,4.8,6.4,4.7
8057,0.8689,0,WARNING,14.7,5.3,8.4,6.3
8058,0.891,0,WARNING,14.7,5.8,9.0,6.7
8059,0.785,0,WARNING,14.9,5.8,7.3,6.0
8060,0.8516,0,WARNING,14.9,5.9,8.5,6.5
8061,0.7076,0,WARNING,15.5,4.9,6.2,5.0
8062,0.6699,0,WARNING,16.2,5.2,6.1,4.8
8063,0.5782,0,NORMAL,16.9,4.5,4.9,4.0
8064,0.7265,0,WARNING,16.9,4.9,6.7,5.2
8065,0.8914,0,WARNING,17.5,5.5,9.6,7.3
8066,0.6024,0,WARNING,17.3,5.0,5.1,3.9
8067,0.8108,0,WARNING,17.3,6.9,8.8,7.6
8068,0.891,0,WARNING,17.4,6.2,10.4,8.1
8069,0.8417,0,WARNING,17.5,8.6,8.4,6.6
8070,0.7409,0,WARNING,17.5,5.1,6.9,5.6
8071,0.4585,0,NORMAL,17.5,4.1,4.1,3.6
8072,0.5233,0,NORMAL,17.2,4.5,4.5,3.5
8073,0.6714,0,WARNING,17.6,4.2,5.9,4.9
8074,0.7992,0,WARNING,18.0,5.7,7.8,6.1
8075,0.8221,0,WARNING,18.5,6.4,8.3,6.6
8076,0.6029,0,WARNING,18.4,4.2,5.2,4.2
8077,0.7988,0,WARNING,18.5,5.3,7.6,6.2
8078,0.9366,0,WARNING,12.8,9.1,12.5,9.8
8079,0.986,0,WARNING,7.5,13.4,15.3,9.9
8080,0.9082,0,WARNING,7.7,7.3,11.9,8.7
8081,0.8672,0,WARNING,12.2,6.1,10.8,7.4
8082,0.9367,0,WARNING,17.5,7.1,13.8,9.7
8083,0.8495,0,WARNING,19.2,6.2,9.8,7.2
8084,0.7388,0,WARNING,18.6,4.8,6.6,5.1
8085,0.4388,0,NORMAL,18.2,2.9,1.5,1.3
8086,0.6487,0,WARNING,18.2,2.7,3.3,2.9
8087,0.4951,0,NORMAL,18.2,4.5,4.5,3.8
8088,0.6722,0,WARNING,17.9,4.4,6.1,4.5
8089,0.4623,0,NORMAL,17.7,4.4,4.4,3.3
8090,0.8917,0,WARNING,18.1,5.3,10.1,7.9
8091,0.6489,0,WARNING,17.8,4.2,5.6,4.5
8092,0.3443,0,NORMAL,17.9,3.9,3.1,2.6
8093,0.8333,0,WARNING,18.0,4.9,8.2,6.3
8094,0.9294,0,WARNING,18.5,6.6,11.6,8.8
8095,0.549,0,NORMAL,18.1,4.0,4.9,4.1
8096,0.649,0,WARNING,18.5,6.2,5.9,5.3
8097,0.8844,0,WARNING,18.5,6.0,9.6,7.7
8098,0.7571,0,WARNING,18.5,5.4,7.3,6.3
8099,0.9094,0,WARNING,18.8,6.5,10.1,8.0
8100,0.771,0,WARNING,18.8,5.3,7.4,5.7
8101,0.782,0,WARNING,15.4,5.9,6.2,4.5
8102,0.9671,0,WARNING,9.3,11.5,13.8,9.2
8103,0.5575,0,NORMAL,5.2,4.3,3.6,2.9
8104,0.6693,0,WARNING,7.5,5.3,6.6,5.2
8105,0.8606,0,WARNING,10.4,5.9,9.4,7.2
8106,0.8603,0,WARNING,15.0,6.0,10.3,7.2
8107,0.8207,0,WARNING,18.2,5.4,9.4,7.0
8108,0.8904,0,WARNING,18.7,6.2,10.2,9.3
8109,0.8508,0,WARNING,17.7,6.0,8.5,6.5
8110,0.6009,0,WARNING,17.5,4.0,5.1,4.2
8111,0.8518,0,WARNING,17.7,5.7,8.8,6.8
8112,0.9577,0,WARNING,12.8,10.0,12.9,8.8
8113,0.9954,0,ANOMALY,8.4,15.3,16.9,11.4
8114,0.8491,0,WARNING,9.2,5.5,10.2,7.2
8115,0.8751,0,WARNING,14.4,6.1,11.0,7.8
8116,0.8674,0,WARNING,18.2,5.3,10.4,7.6
8117,0.914,0,WARNING,19.5,6.0,11.8,8.5
8118,0.9949,0,ANOMALY,19.2,14.4,4.5,4.0
8119,0.9629,0,WARNING,19.0,11.2,6.0,4.8
8120,0.8689,0,WARNING,18.7,5.8,8.9,7.1
8121,0.5213,0,NORMAL,18.3,4.2,5.1,3.9
8122,0.315,0,NORMAL,17.9,2.9,1.1,1.3
8123,0.3292,0,NORMAL,17.7,3.4,1.1,1.3
8124,0.6766,0,WARNING,17.8,5.3,0.8,1.1
8125,0.3539,0,NORMAL,17.7,3.3,0.9,1.2
8126,0.3747,0,NORMAL,17.9,2.7,0.8,0.9
8127,0.3966,0,NORMAL,18.2,3.9,1.1,1.7
8128,0.3693,0,NORMAL,18.4,3.7,0.9,1.5
8129,0.3607,0,NORMAL,18.3,3.8,1.4,1.6
8130,0.3606,0,NORMAL,18.2,2.9,0.9,0.9
8131,0.3845,0,NORMAL,18.2,3.0,0.7,0.8
8132,0.397,0,NORMAL,18.5,3.3,0.5,0.8
8133,0.4013,0,NORMAL,18.2,2.2,0.9,1.2
8134,0.4076,0,NORMAL,18.3,3.5,0.9,1.2
8135,0.3927,0,NORMAL,18.4,2.7,0.9,1.2
8136,0.3944,0,NORMAL,18.6,2.9,0.7,0.8
8137,0.4005,0,NORMAL,18.5,2.7,1.1,1.5
8138,0.3966,0,NORMAL,18.4,2.8,0.8,2.3
8139,0.3677,0,NORMAL,18.7,3.3,0.7,0.8
8140,0.3836,0,NORMAL,18.4,3.0,1.1,1.3
8141,0.3874,0,NORMAL,18.5,2.8,0.6,0.6
8142,0.4018,0,NORMAL,18.8,4.0,0.7,0.9
8143,0.3892,0,NORMAL,18.5,2.6,0.5,0.8
8144,0.3996,0,NORMAL,18.4,3.2,0.8,0.9
8145,0.3985,0,NORMAL,18.6,2.3,0.7,0.6
8146,0.4189,0,NORMAL,18.4,3.4,0.8,0.9
8147,0.4088,0,NORMAL,18.6,3.0,0.7,1.1
8148,0.4091,0,NORMAL,18.4,2.8,0.7,0.8
8149,0.4121,0,NORMAL,18.5,3.6,0.9,1.2
8150,0.3948,0,NORMAL,18.4,2.8,0.7,0.8
8151,0.4064,0,NORMAL,18.5,3.0,1.2,1.5
8152,0.3911,0,NORMAL,18.2,3.0,1.0,1.2
8153,0.3908,0,NORMAL,18.3,2.8,0.8,1.1
8154,0.3953,0,NORMAL,18.5,2.4,0.5,0.8
8155,0.4086,0,NORMAL,18.4,3.0,0.7,0.9
8156,0.4104,0,NORMAL,18.7,3.6,1.4,1.8
8157,0.3766,0,NORMAL,18.6,3.4,1.0,1.0
8158,0.3819,0,NORMAL,18.4,3.2,0.7,1.1
8159,0.3814,0,NORMAL,18.6,3.4,1.0,1.5
8160,0.3733,0,NORMAL,18.8,3.1,1.0,1.2
8161,0.3763,0,NORMAL,18.8,3.1,0.9,1.4
8162,0.3725,0,NORMAL,18.9,3.1,1.0,1.5
8163,0.3697,0,NORMAL,18.6,2.3,0.8,1.2
8164,0.3889,0,NORMAL,18.8,3.4,1.0,1.0
8165,0.3838,0,NORMAL,19.0,2.9,0.9,1.0
8166,0.3904,0,NORMAL,19.2,3.1,1.0,1.3
8167,0.3759,0,NORMAL,18.9,2.6,1.0,1.5
8168,0.3748,0,NORMAL,19.2,3.3,1.2,3.0
8169,0.3196,0,NORMAL,19.2,2.8,1.0,1.0
8170,0.3491,0,NORMAL,19.1,3.4,0.8,0.9
8171,0.354,0,NORMAL,19.4,2.5,1.0,1.5
8172,0.3724,0,NORMAL,19.0,3.7,0.9,0.6
8173,0.3639,0,NORMAL,19.2,2.9,1.0,1.5
8174,0.3566,0,NORMAL,19.3,4.2,1.5,1.8
8175,0.3137,0,NORMAL,19.2,3.1,0.9,1.0
8176,0.3403,0,NORMAL,19.0,2.4,0.9,1.1
8177,0.4213,0,NORMAL,19.3,3.4,1.0,1.3
8178,0.3364,0,NORMAL,19.1,2.6,1.2,1.5
8179,0.3441,0,NORMAL,19.4,3.9,1.0,1.0
8180,0.3455,0,NORMAL,19.0,2.6,0.8,1.2
8181,0.3914,0,NORMAL,19.2,2.7,0.9,1.2
8182,0.3566,0,NORMAL,19.2,3.0,1.5,2.1
8183,0.3353,0,NORMAL,19.4,2.9,1.2,1.8
8184,0.3399,0,NORMAL,19.4,2.6,1.0,1.5
8185,0.3487,0,NORMAL,19.2,2.7,0.7,0.8
8186,0.4312,0,NORMAL,19.2,3.1,1.0,1.5
8187,0.3583,0,NORMAL,19.3,3.6,1.1,1.7
8188,0.7654,0,WARNING,19.1,5.5,0.8,1.1
8189,0.3124,0,NORMAL,19.2,3.3,0.8,1.4
8190,0.3207,0,NORMAL,19.4,2.6,0.8,1.2
8191,0.5577,0,NORMAL,19.4,4.6,1.2,1.8
8192,0.3056,0,NORMAL,19.2,2.5,1.1,1.5
8193,0.3178,0,NORMAL,19.4,3.4,1.2,1.8
8194,0.3264,0,NORMAL,19.1,3.3,1.0,1.5
8195,0.329,0,NORMAL,19.2,2.9,1.0,1.3
8196,0.3489,0,NORMAL,19.2,3.1,0.9,1.2
8197,0.3497,0,NORMAL,19.3,3.4,1.4,1.8
8198,0.3372,0,NORMAL,19.3,2.9,1.1,3.0
8199,0.3102,0,NORMAL,19.4,3.2,0.7,1.1
8200,0.3292,0,NORMAL,19.1,3.1,0.9,1.2
8201,0.3462,0,NORMAL,19.4,2.9,1.6,1.8
8202,0.5409,0,NORMAL,19.4,5.0,1.6,2.2
8203,0.4256,0,NORMAL,19.0,3.5,1.1,1.5
8204,0.3182,0,NORMAL,19.3,3.2,1.2,1.6
8205,0.3295,0,NORMAL,19.3,2.8,0.9,1.2
8206,0.3499,0,NORMAL,19.1,2.9,1.0,1.7
8207,0.3455,0,NORMAL,19.3,2.6,1.1,1.8
8208,0.3442,0,NORMAL,19.3,3.6,1.3,1.8
8209,0.3245,0,NORMAL,19.3,3.9,1.2,1.8
8210,0.3067,0,NORMAL,19.0,2.5,0.9,1.7
8211,0.7206,0,WARNING,19.0,5.6,1.2,1.5
8212,0.9869,0,WARNING,19.5,12.0,1.8,2.5
8213,0.9829,0,WARNING,19.2,11.2,1.4,1.8
8214,0.9877,0,WARNING,19.2,11.4,1.3,1.8
8215,0.9906,0,ANOMALY,19.2,11.9,0.8,1.1
8216,0.9875,0,WARNING,19.5,11.7,1.3,1.6
8217,0.9923,0,ANOMALY,19.3,12.9,1.8,2.9
8218,0.9891,0,WARNING,19.5,12.3,1.7,2.1
8219,0.9867,0,WARNING,19.5,11.3,1.3,1.8
8220,0.9898,0,WARNING,19.4,11.7,0.9,1.2
8221,0.9906,0,ANOMALY,19.6,11.9,1.0,1.7
8222,0.9864,0,WARNING,19.6,12.2,1.7,2.0
8223,0.9875,0,WARNING,19.6,11.7,1.5,2.0
8224,0.9906,0,ANOMALY,19.6,12.2,1.4,1.8
8225,0.9904,0,ANOMALY,19.5,12.4,1.5,2.0
8226,0.988,0,WARNING,19.6,11.7,1.8,2.3
8227,0.9899,0,WARNING,19.4,12.2,2.2,3.1
8228,0.9887,0,WARNING,19.5,11.8,1.8,3.4
8229,0.9909,0,ANOMALY,19.6,12.7,1.8,2.2
8230,0.9915,0,ANOMALY,19.6,12.7,1.9,2.1
8231,0.9877,0,WARNING,19.5,11.8,2.0,2.5
8232,0.9948,0,ANOMALY,19.7,13.5,1.6,2.1
8233,0.9917,0,ANOMALY,19.6,12.4,1.7,2.2
8234,0.9891,0,WARNING,19.6,13.1,1.9,2.7
8235,0.9902,0,WARNING,19.7,12.1,1.7,2.3
8236,0.99,0,WARNING,19.6,12.4,1.8,2.3
8237,0.9913,0,ANOMALY,19.4,12.4,1.9,2.2
8238,0.872,0,WARNING,19.5,7.1,1.3,1.8
8239,0.2601,0,NORMAL,19.3,3.9,2.3,3.4
8240,0.2318,0,NORMAL,19.2,3.1,2.0,2.5
8241,0.2339,0,NORMAL,19.2,3.3,2.1,2.5
8242,0.234,0,NORMAL,19.2,3.3,1.6,2.8
8243,0.2364,0,NORMAL,19.4,3.5,1.8,2.5
8244,0.2623,0,NORMAL,19.2,3.2,2.1,2.5
8245,0.2771,0,NORMAL,19.6,3.6,2.2,2.8
8246,0.2637,0,NORMAL,19.3,3.4,2.1,2.5
8247,0.3901,0,NORMAL,19.4,4.5,2.4,3.7
8248,0.288,0,NORMAL,19.2,2.7,1.5,2.0
8249,0.7509,0,WARNING,19.4,6.2,1.7,2.5
8250,0.2533,0,NORMAL,19.4,3.1,1.6,2.3
8251,0.2578,0,NORMAL,19.4,3.1,1.5,2.1
8252,0.2805,0,NORMAL,19.1,3.9,2.0,2.5
8253,0.2682,0,NORMAL,19.3,2.4,1.7,2.7
8254,0.2863,0,NORMAL,19.1,3.7,2.1,3.0
8255,0.2647,0,NORMAL,19.3,3.1,1.4,2.0
8256,0.2912,0,NORMAL,19.1,3.2,1.9,2.7
8257,0.3467,0,NORMAL,19.3,2.9,1.9,2.5
8258,0.3373,0,NORMAL,19.3,4.5,2.7,4.5
8259,0.2666,0,NORMAL,19.4,3.7,2.1,3.2
8260,0.4533,0,NORMAL,19.3,4.0,2.8,3.7
8261,0.3918,0,NORMAL,19.4,5.2,2.0,3.2
8262,0.2655,0,NORMAL,19.2,3.2,1.4,1.8
8263,0.2377,0,NORMAL,19.3,3.4,2.4,3.5
8264,0.2285,0,NORMAL,19.4,3.2,1.7,2.3
8265,0.2934,0,NORMAL,19.4,3.4,2.0,2.8
8266,0.3595,0,NORMAL,19.2,2.8,1.6,2.2
8267,0.2803,0,NORMAL,19.3,3.3,2.7,3.3
8268,0.264,0,NORMAL,19.4,3.3,2.1,3.0
8269,0.2584,0,NORMAL,19.5,4.1,2.7,3.7
8270,0.2196,0,NORMAL,19.4,3.4,1.9,2.7
8271,0.2833,0,NORMAL,19.1,3.4,3.0,3.9
8272,0.3177,0,NORMAL,19.3,3.2,1.7,2.3
8273,0.2971,0,NORMAL,19.1,3.8,2.3,3.5
8274,0.6276,0,WARNING,18.9,2.5,2.5,3.0
8275,0.2897,0,NORMAL,19.4,3.5,2.4,3.2
8276,0.2542,0,NORMAL,19.4,3.5,2.4,3.1
8277,0.2505,0,NORMAL,19.2,4.4,2.9,4.4
8278,0.2968,0,NORMAL,19.2,4.4,2.0,3.0
8279,0.2188,0,NORMAL,19.2,3.6,1.9,2.5
8280,0.2243,0,NORMAL,19.3,3.8,2.9,3.7
8281,0.2067,0,NORMAL,19.3,3.9,2.3,3.3
8282,0.1962,0,NORMAL,19.0,3.4,2.5,3.0
8283,0.2311,0,NORMAL,19.0,3.1,2.2,3.3
8284,0.2302,0,NORMAL,19.0,3.7,2.6,3.7
8285,0.217,0,NORMAL,19.2,3.7,1.9,2.7
8286,0.2304,0,NORMAL,19.0,3.2,2.4,3.7
8287,0.2283,0,NORMAL,19.0,3.8,2.6,3.7
8288,0.2137,0,NORMAL,19.2,2.9,2.5,4.8
8289,0.2235,0,NORMAL,19.0,4.1,2.7,3.7
8290,0.1815,0,NORMAL,19.2,3.6,2.9,4.0
8291,0.2269,0,NORMAL,19.2,4.0,2.7,3.4
8292,0.3244,0,NORMAL,19.2,4.7,3.5,5.1
8293,0.2948,0,NORMAL,19.2,4.4,2.1,3.2
8294,0.1778,0,NORMAL,19.0,2.6,2.0,3.2
8295,0.2083,0,NORMAL,19.0,4.1,3.1,3.8
8296,0.2101,0,NORMAL,18.9,3.2,2.2,3.0
8297,0.2598,0,NORMAL,19.0,3.4,2.5,3.7
8298,0.2207,0,NORMAL,19.3,4.1,3.3,4.3
8299,0.2376,0,NORMAL,19.3,4.2,3.0,4.0
8300,0.1816,0,NORMAL,19.2,4.5,3.8,5.0
8301,0.3037,0,NORMAL,19.0,3.1,2.7,3.9
8302,0.1533,0,NORMAL,19.0,3.7,2.9,4.2
8303,0.3858,0,NORMAL,19.2,4.2,2.4,3.5
8304,0.707,0,WARNING,19.1,6.2,2.9,4.2
8305,0.2162,0,NORMAL,19.0,4.3,3.2,4.5
8306,0.1974,0,NORMAL,19.0,3.1,2.6,3.7
8307,0.1641,0,NORMAL,19.2,3.8,3.1,4.3
8308,0.4252,0,NORMAL,19.3,5.2,3.8,5.7
8309,0.1312,0,NORMAL,19.2,3.9,3.4,4.9
8310,0.3099,0,NORMAL,19.2,4.7,3.0,4.2
8311,0.2251,0,NORMAL,19.1,3.1,3.3,4.7
8312,0.1534,0,NORMAL,19.5,4.1,3.7,5.4
8313,0.1493,0,NORMAL,19.3,4.5,3.5,4.7
8314,0.1156,0,NORMAL,19.1,3.5,3.4,5.4
8315,0.1686,0,NORMAL,19.1,4.1,2.8,4.2
8316,0.1778,0,NORMAL,19.3,3.7,2.5,4.0
8317,0.143,0,NORMAL,19.3,3.5,2.8,4.4
8318,0.1448,0,NORMAL,19.3,3.6,3.3,6.0
8319,0.2087,0,NORMAL,19.3,4.7,3.1,4.2
8320,0.1508,0,NORMAL,19.3,3.7,3.3,4.4
8321,0.1361,0,NORMAL,19.6,4.3,3.9,5.7
8322,0.4471,0,NORMAL,19.6,4.9,3.2,4.9
8323,0.1388,0,NORMAL,19.3,3.7,3.2,4.3
8324,0.1603,0,NORMAL,19.3,4.4,3.8,5.1
8325,0.1272,0,NORMAL,19.2,3.5,3.0,4.5
8326,0.2331,0,NORMAL,19.1,3.8,2.8,4.2
8327,0.1684,0,NORMAL,19.1,3.6,2.8,4.0
8328,0.1553,0,NORMAL,19.2,4.1,3.6,5.0
8329,0.1286,0,NORMAL,19.3,4.0,3.2,4.2
8330,0.1816,0,NORMAL,19.3,3.6,2.0,3.5
8331,0.1738,0,NORMAL,19.4,3.8,3.2,5.0
8332,0.2485,0,NORMAL,19.2,4.1,3.9,5.0
8333,0.1432,0,NORMAL,19.4,3.7,2.8,4.2
8334,0.1503,0,NORMAL,19.1,3.8,2.4,3.4
8335,0.164,0,NORMAL,19.3,3.9,3.2,4.8
8336,0.141,0,NORMAL,19.5,4.3,3.7,5.3
8337,0.2463,0,NORMAL,19.4,4.7,3.7,5.2
8338,0.1302,0,NORMAL,19.5,4.6,4.4,5.5
8339,0.1543,0,NORMAL,19.4,3.8,2.6,4.0
8340,0.1724,0,NORMAL,19.4,4.1,3.9,5.5
8341,0.1325,0,NORMAL,19.4,3.6,2.9,4.0
8342,0.1332,0,NORMAL,19.5,4.6,4.3,5.8
8343,0.2896,0,NORMAL,19.2,4.0,3.2,4.7
8344,0.2514,0,NORMAL,19.4,3.3,3.4,4.7
8345,0.2201,0,NORMAL,19.5,3.6,3.1,4.5
8346,0.1332,0,NORMAL,19.2,4.0,3.3,5.1
8347,0.1648,0,NORMAL,19.4,3.8,3.0,4.2
8348,0.2949,0,NORMAL,19.2,4.2,3.7,6.6
8349,0.1273,0,NORMAL,19.4,4.4,3.1,4.3
8350,0.1381,0,NORMAL,19.3,3.8,3.0,4.2
8351,0.4432,0,NORMAL,19.5,5.2,3.7,4.8
8352,0.1331,0,NORMAL,19.3,3.8,3.7,5.0
8353,0.1485,0,NORMAL,19.3,4.2,3.3,4.9
8354,0.2031,0,NORMAL,19.4,5.0,3.6,4.9
8355,0.1741,0,NORMAL,19.7,4.6,4.5,6.6
8356,0.2894,0,NORMAL,19.6,4.0,3.6,5.4
8357,0.215,0,NORMAL,19.4,3.3,2.7,3.9
8358,0.1332,0,NORMAL,19.2,4.3,3.9,5.3
8359,0.133,0,NORMAL,19.5,4.5,3.4,4.4
8360,0.2128,0,NORMAL,19.5,4.6,3.2,4.4
8361,0.136,0,NORMAL,19.3,3.3,3.4,4.7
8362,0.4503,0,NORMAL,19.4,3.8,2.9,4.2
8363,0.253,0,NORMAL,19.5,4.8,3.5,5.4
8364,0.7062,0,WARNING,19.4,6.6,3.4,4.7
8365,0.2847,0,NORMAL,19.4,4.3,3.5,4.2
8366,0.2497,0,NORMAL,19.4,4.6,3.0,4.2
8367,0.299,0,NORMAL,19.4,4.7,3.1,4.7
8368,0.1361,0,NORMAL,19.4,4.0,3.5,5.2
8369,0.1389,0,NORMAL,19.4,4.1,3.3,4.4
8370,0.2742,0,NORMAL,19.6,5.3,4.3,6.2
8371,0.1359,0,NORMAL,19.4,3.8,3.6,5.0
8372,0.1501,0,NORMAL,19.2,4.8,4.6,5.7
8373,0.1356,0,NORMAL,19.4,4.3,3.5,4.7
8374,0.3353,0,NORMAL,19.4,4.1,2.7,3.9
8375,0.1417,0,NORMAL,19.5,4.0,3.5,4.7
8376,0.2362,0,NORMAL,19.5,4.5,3.9,5.1
8377,0.3355,0,NORMAL,19.4,4.9,3.8,4.9
8378,0.2372,0,NORMAL,19.4,3.2,3.3,5.9
8379,0.1617,0,NORMAL,19.4,3.4,2.5,3.9
8380,0.2173,0,NORMAL,19.5,4.6,3.0,4.4
8381,0.2047,0,NORMAL,19.6,4.5,3.3,4.3
8382,0.1418,0,NORMAL,19.5,3.8,3.1,4.3
8383,0.1853,0,NORMAL,19.6,5.0,4.0,5.3
8384,0.5673,0,NORMAL,19.5,3.8,3.2,3.8
8385,0.1445,0,NORMAL,19.6,4.2,4.0,5.5
8386,0.2585,0,NORMAL,19.6,4.3,3.7,5.4
8387,0.2733,0,NORMAL,19.4,3.2,3.4,4.4
8388,0.2692,0,NORMAL,19.5,4.5,4.3,6.2
8389,0.1743,0,NORMAL,19.5,4.1,3.3,4.7
8390,0.1416,0,NORMAL,19.6,4.4,3.9,5.4
8391,0.1634,0,NORMAL,19.5,3.7,3.1,4.0
8392,0.2502,0,NORMAL,19.3,3.6,3.4,4.9
8393,0.148,0,NORMAL,19.5,3.8,3.2,4.2
8394,0.1449,0,NORMAL,19.5,4.0,2.9,4.0
8395,0.1608,0,NORMAL,19.5,4.2,3.6,4.7
8396,0.1474,0,NORMAL,19.4,4.3,3.4,4.9
8397,0.1474,0,NORMAL,19.6,4.2,4.6,6.3
8398,0.3989,0,NORMAL,19.6,5.2,3.8,5.6
8399,0.1867,0,NORMAL,19.4,4.5,3.3,4.7
8400,0.1445,0,NORMAL,19.5,4.0,3.2,4.5
8401,0.1871,0,NORMAL,19.2,3.9,3.1,3.8
8402,0.1445,0,NORMAL,19.5,3.8,3.3,4.4
8403,0.4882,0,NORMAL,19.4,4.3,3.4,5.4
8404,0.2997,0,NORMAL,19.5,4.9,4.0,5.5
8405,0.1471,0,NORMAL,19.3,3.7,3.4,4.9
8406,0.1472,0,NORMAL,19.6,4.4,4.2,5.9
8407,0.1869,0,NORMAL,19.7,3.3,3.3,5.0
8408,0.1671,0,NORMAL,19.7,4.6,3.5,6.6
8409,0.1473,0,NORMAL,19.5,4.2,3.5,4.4
8410,0.222,0,NORMAL,19.4,4.1,3.5,4.5
8411,0.1501,0,NORMAL,19.6,3.7,3.3,5.1
8412,0.2366,0,NORMAL,19.5,4.8,4.1,5.2
8413,0.2426,0,NORMAL,19.5,4.9,3.3,4.4
8414,0.4898,0,NORMAL,19.4,4.3,4.9,5.9
8415,0.147,0,NORMAL,19.6,3.9,3.1,4.0
8416,0.1445,0,NORMAL,19.4,4.6,3.9,5.1
8417,0.2018,0,NORMAL,19.4,3.8,3.2,4.6
8418,0.1812,0,NORMAL,19.6,5.2,4.8,6.2
8419,0.1442,0,NORMAL,19.6,3.9,4.0,5.4
8420,0.1673,0,NORMAL,19.7,4.6,3.8,5.1
8421,0.2497,0,NORMAL,19.4,3.1,3.3,4.9
8422,0.1415,0,NORMAL,19.3,3.9,3.5,4.5
8423,0.1764,0,NORMAL,19.3,4.5,3.2,4.3
8424,0.2129,0,NORMAL,19.2,3.7,4.2,6.1
8425,0.1415,0,NORMAL,19.5,4.8,4.6,6.2
8426,0.1441,0,NORMAL,19.2,3.9,2.9,4.2
8427,0.3688,0,NORMAL,19.2,4.5,3.1,4.5
8428,0.7755,0,WARNING,19.6,7.3,3.2,4.7
8429,0.1468,0,NORMAL,19.4,3.5,2.4,3.4
8430,0.1448,0,NORMAL,19.4,4.4,3.4,4.4
8431,0.1418,0,NORMAL,19.2,3.9,2.8,4.2
8432,0.1643,0,NORMAL,19.2,3.7,3.0,4.2
8433,0.1503,0,NORMAL,19.3,3.8,3.5,5.4
8434,0.4091,0,NORMAL,19.6,3.9,3.7,5.4
8435,0.2409,0,NORMAL,19.6,3.7,3.6,5.0
8436,0.1529,0,NORMAL,19.4,4.3,3.7,5.0
8437,0.1752,0,NORMAL,19.6,4.1,3.1,4.7
8438,0.1473,0,NORMAL,19.6,4.4,4.0,5.4
8439,0.207,0,NORMAL,19.5,4.0,3.0,4.0
8440,0.1502,0,NORMAL,19.6,4.3,4.1,5.7
8441,0.1861,0,NORMAL,19.7,3.9,3.4,4.4
8442,0.4882,0,NORMAL,19.5,5.3,3.8,5.0
8443,0.2181,0,NORMAL,19.4,4.3,3.9,5.9
8444,0.2485,0,NORMAL,19.2,3.8,3.1,4.3
8445,0.1415,0,NORMAL,19.4,3.9,3.3,4.9
8446,0.1416,0,NORMAL,19.4,4.1,3.2,4.6
8447,0.1445,0,NORMAL,19.5,3.4,3.0,4.8
8448,0.1703,0,NORMAL,19.3,4.7,3.9,5.4
8449,0.1417,0,NORMAL,19.5,4.7,4.5,6.3
8450,0.2675,0,NORMAL,19.3,4.1,3.8,5.3
8451,0.1462,0,NORMAL,19.3,3.5,3.3,4.7
8452,0.2092,0,NORMAL,19.5,4.3,3.9,5.5
8453,0.1415,0,NORMAL,19.4,4.2,3.7,5.0
8454,0.1555,0,NORMAL,19.5,4.2,3.5,5.1
8455,0.2584,0,NORMAL,19.4,3.9,4.8,6.8
8456,0.1441,0,NORMAL,19.5,4.1,4.0,5.1
8457,0.1488,0,NORMAL,19.5,5.2,4.3,5.5
8458,0.5187,0,NORMAL,19.6,6.0,4.6,6.1
8459,0.1496,0,NORMAL,19.5,3.7,3.4,4.9
8460,0.1498,0,NORMAL,19.3,3.7,2.8,4.4
8461,0.1501,0,NORMAL,19.3,3.9,4.2,5.5
8462,0.6314,0,WARNING,19.3,4.0,4.4,5.5
8463,0.433,0,NORMAL,19.5,3.8,3.5,5.4
8464,0.1471,0,NORMAL,19.6,4.5,4.5,5.8
8465,0.182,0,NORMAL,19.6,4.4,4.0,5.0
8466,0.335,0,NORMAL,19.7,5.0,3.8,5.5
8467,0.1597,0,NORMAL,19.7,4.8,4.1,5.9
8468,0.1497,0,NORMAL,19.6,4.6,4.9,6.6
8469,0.1495,0,NORMAL,19.6,3.8,3.6,5.0
8470,0.1665,0,NORMAL,19.9,4.3,4.0,5.7
8471,0.2954,0,NORMAL,19.6,4.1,3.3,4.9
8472,0.2137,0,NORMAL,19.2,4.5,3.9,5.6
8473,0.1732,0,NORMAL,19.4,4.7,3.7,5.6
8474,0.1415,0,NORMAL,19.4,3.5,3.7,5.5
8475,0.1542,0,NORMAL,19.4,4.4,3.4,4.7
8476,0.1417,0,NORMAL,19.4,3.8,3.6,5.2
8477,0.1416,0,NORMAL,19.5,4.4,3.6,4.9
8478,0.1415,0,NORMAL,19.5,4.8,4.5,5.7
8479,0.1413,0,NORMAL,19.5,5.0,4.8,6.5
8480,0.141,0,NORMAL,19.3,4.5,3.7,5.2
8481,0.2023,0,NORMAL,19.5,4.1,3.9,5.6
8482,0.164,0,NORMAL,19.5,4.3,4.3,5.7
8483,0.2451,0,NORMAL,19.4,4.0,4.0,5.8
8484,0.7099,0,WARNING,19.3,6.8,4.5,6.0
8485,0.1469,0,NORMAL,19.5,4.1,3.8,5.6
8486,0.147,0,NORMAL,19.4,4.0,3.5,5.1
8487,0.4461,0,NORMAL,19.5,4.7,3.7,5.2
8488,0.1734,0,NORMAL,19.5,4.6,4.7,7.1
8489,0.2908,0,NORMAL,19.6,4.1,3.3,5.5
8490,0.4969,0,NORMAL,19.6,4.2,3.6,4.9
8491,0.1472,0,NORMAL,19.4,4.6,3.9,5.4
8492,0.2632,0,NORMAL,19.6,3.7,3.9,5.8
8493,0.1527,0,NORMAL,19.6,4.1,3.4,4.9
8494,0.233,0,NORMAL,19.6,4.5,3.2,4.9
8495,0.1819,0,NORMAL,19.3,4.2,4.4,5.7
8496,0.19,0,NORMAL,19.5,5.0,4.2,5.7
8497,0.1554,0,NORMAL,19.6,3.2,3.1,4.2
8498,0.1529,0,NORMAL,19.7,4.3,3.8,5.4
8499,0.1386,0,NORMAL,19.4,4.6,3.6,4.9
8500,0.1719,0,NORMAL,19.5,4.8,3.8,5.0
8501,0.1414,0,NORMAL,19.4,4.4,4.1,5.6
8502,0.1414,0,NORMAL,19.4,4.5,4.2,5.7
8503,0.2309,0,NORMAL,19.6,5.2,4.8,6.5
8504,0.1468,0,NORMAL,19.4,4.4,4.2,6.1
8505,0.1497,0,NORMAL,19.5,3.7,3.8,5.5
8506,0.1498,0,NORMAL,19.6,4.5,4.2,5.9
8507,0.1469,0,NORMAL,19.6,3.6,3.7,4.9
8508,0.1414,0,NORMAL,19.4,3.8,3.0,4.7
8509,0.1359,0,NORMAL,19.4,4.7,4.3,6.1
8510,0.1518,0,NORMAL,19.5,4.2,4.1,6.1
8511,0.2693,0,NORMAL,19.4,4.8,3.5,4.9
8512,0.1451,0,NORMAL,19.2,3.9,3.8,5.6
8513,0.2433,0,NORMAL,19.4,4.3,3.8,5.5
8514,0.2842,0,NORMAL,19.4,4.4,3.3,5.6
8515,0.1762,0,NORMAL,19.2,3.7,3.7,5.7
8516,0.1733,0,NORMAL,19.7,4.9,4.8,6.7
8517,0.4226,0,NORMAL,19.4,5.3,4.1,6.9
8518,0.1469,0,NORMAL,19.4,4.4,4.4,5.5
8519,0.1468,0,NORMAL,19.5,4.2,3.9,5.6
8520,0.1441,0,NORMAL,19.4,4.5,3.6,5.0
8521,0.1413,0,NORMAL,19.4,4.0,3.8,5.9
8522,0.1441,0,NORMAL,19.2,4.2,3.8,5.5
8523,0.1732,0,NORMAL,19.6,4.3,4.3,6.6
8524,0.1441,0,NORMAL,19.5,4.2,4.0,6.1
8525,0.1803,0,NORMAL,19.4,3.9,3.6,5.2
8526,0.1471,0,NORMAL,19.7,4.4,4.0,5.9
8527,0.1913,0,NORMAL,19.5,4.5,3.7,5.2
8528,0.1784,0,NORMAL,19.3,3.4,3.7,5.0
8529,0.254,0,NORMAL,19.6,5.1,4.6,6.0
8530,0.1996,0,NORMAL,19.6,4.7,3.4,5.6
8531,0.492,0,NORMAL,19.6,6.6,4.5,5.4
8532,0.1499,0,NORMAL,19.6,4.1,3.5,4.9
8533,0.15,0,NORMAL,19.6,4.1,3.2,4.4
8534,0.1501,0,NORMAL,19.6,4.2,3.6,5.6
8535,0.1825,0,NORMAL,19.6,4.3,4.4,6.0
8536,0.4919,0,NORMAL,19.6,5.8,5.2,6.9
8537,0.1552,0,NORMAL,19.8,3.9,3.8,5.6
8538,0.1526,0,NORMAL,19.7,4.3,3.5,4.9
8539,0.8415,0,WARNING,19.7,4.3,2.8,4.2
8540,0.4892,0,NORMAL,19.7,4.8,3.7,5.5
8541,0.1975,0,NORMAL,19.6,3.8,3.1,4.8
8542,0.2594,0,NORMAL,19.6,4.3,2.8,4.4
8543,0.1475,0,NORMAL,19.5,4.3,4.6,6.2
8544,0.7536,0,WARNING,19.7,7.7,3.9,5.0
8545,0.2261,0,NORMAL,19.5,4.2,3.5,5.7
8546,0.2181,0,NORMAL,19.7,4.6,3.9,5.6
8547,0.3723,0,NORMAL,19.6,5.5,4.8,7.3
8548,0.1441,0,NORMAL,19.4,4.4,4.2,5.2
8549,0.2988,0,NORMAL,19.6,4.7,3.9,5.5
8550,0.3207,0,NORMAL,19.4,4.7,4.0,5.8
8551,0.1269,0,NORMAL,19.4,5.1,5.2,6.5
8552,0.1355,0,NORMAL,19.3,4.2,4.0,5.4
8553,0.3083,0,NORMAL,19.3,4.5,4.0,5.6
8554,0.3523,0,NORMAL,19.5,4.6,4.4,6.2
8555,0.191,0,NORMAL,19.5,4.5,3.6,5.2
8556,0.1386,0,NORMAL,19.3,4.1,3.8,5.5
8557,0.1385,0,NORMAL,19.2,4.2,3.6,4.9
8558,0.1386,0,NORMAL,19.2,4.3,4.3,5.6
8559,0.1864,0,NORMAL,19.4,4.6,3.6,5.4
8560,0.1733,0,NORMAL,19.6,4.6,4.7,6.8
8561,0.3552,0,NORMAL,19.4,4.5,3.8,5.4
8562,0.1728,0,NORMAL,19.5,5.0,5.2,7.2
8563,0.299,0,NORMAL,19.4,5.1,4.3,6.4
8564,0.3881,0,NORMAL,19.5,4.8,3.5,5.4
8565,0.3351,0,NORMAL,19.6,5.3,5.3,7.5
8566,0.1863,0,NORMAL,19.3,4.6,4.5,6.2
8567,0.1546,0,NORMAL,19.5,3.4,3.9,6.1
8568,0.1385,0,NORMAL,19.3,4.6,4.8,6.6
8569,0.1435,0,NORMAL,19.5,5.1,5.4,6.9
8570,0.1409,0,NORMAL,19.6,4.9,4.6,4.1
8571,0.3433,0,NORMAL,19.5,4.5,5.4,6.8
8572,0.1435,0,NORMAL,19.4,4.3,4.1,5.5
8573,0.2113,0,NORMAL,19.4,4.7,5.3,7.1
8574,0.1582,0,NORMAL,19.6,4.0,4.0,5.6
8575,0.1526,0,NORMAL,19.4,3.9,3.6,5.0
8576,0.4319,0,NORMAL,19.7,5.5,4.5,6.4
8577,0.1723,0,NORMAL,19.5,4.6,5.3,7.1
8578,0.2436,0,NORMAL,19.5,4.5,4.6,3.6
8579,0.292,0,NORMAL,19.7,4.9,5.1,4.8
8580,0.1572,0,NORMAL,19.7,5.1,4.9,6.4
8581,0.1615,0,NORMAL,19.7,4.9,5.3,5.5
8582,0.1653,0,NORMAL,19.6,4.5,4.4,4.1
8583,0.4093,0,NORMAL,19.4,5.0,4.5,6.2
8584,0.22,0,NORMAL,19.7,5.2,5.2,7.2
8585,0.1713,0,NORMAL,19.7,5.1,6.0,4.2
8586,0.1758,0,NORMAL,19.5,5.7,6.4,6.3
8587,0.1703,0,NORMAL,19.6,4.6,5.5,7.1
8588,0.1572,0,NORMAL,19.6,4.2,4.5,4.1
8589,0.1463,0,NORMAL,19.8,4.7,4.5,5.4
8590,0.1436,0,NORMAL,19.8,5.2,5.1,6.6
8591,0.1774,0,NORMAL,19.8,5.0,5.7,5.1
8592,0.2725,0,NORMAL,19.5,5.6,5.9,4.9
8593,0.1759,0,NORMAL,19.5,4.6,4.9,6.6
8594,0.3328,0,NORMAL,19.4,4.9,5.3,6.1
8595,0.1722,0,NORMAL,19.4,4.3,4.5,3.9
8596,0.418,0,NORMAL,19.4,5.3,4.4,4.3
8597,0.1495,0,NORMAL,19.6,5.5,6.4,7.0
8598,0.4175,0,NORMAL,19.8,5.2,5.2,5.4
8599,0.2525,0,NORMAL,19.8,5.7,7.1,6.8
8600,0.2028,0,NORMAL,19.6,4.5,5.6,6.6
8601,0.203,0,NORMAL,19.5,5.4,6.3,6.5
8602,0.2366,0,NORMAL,19.2,4.6,5.2,4.9
8603,0.1765,0,NORMAL,19.4,4.9,6.2,6.2
8604,0.1813,0,NORMAL,19.6,5.0,5.9,6.5
8605,0.761,0,WARNING,19.7,8.1,5.7,5.4
8606,0.1491,0,NORMAL,19.6,4.5,5.4,5.3
8607,0.1737,0,NORMAL,19.7,4.8,4.5,5.5
8608,0.3669,0,NORMAL,19.5,5.6,5.8,6.4
8609,0.186,0,NORMAL,19.6,4.7,5.0,4.9
8610,0.1578,0,NORMAL,19.6,4.7,4.4,5.2
8611,0.1641,0,NORMAL,19.7,4.5,5.2,6.0
8612,0.1465,0,NORMAL,19.4,4.5,4.6,5.4
8613,0.2731,0,NORMAL,19.5,4.2,5.2,4.9
8614,0.1636,0,NORMAL,19.7,5.0,5.6,5.2
8615,0.1943,0,NORMAL,19.4,4.7,4.0,4.3
8616,0.1645,0,NORMAL,19.5,4.4,5.1,6.0
8617,0.1531,0,NORMAL,19.6,4.5,4.5,5.5
8618,0.1478,0,NORMAL,19.5,4.1,5.1,5.1
8619,0.1437,0,NORMAL,19.6,4.2,3.8,5.2
8620,0.2228,0,NORMAL,19.8,5.6,5.7,7.9
8621,0.221,0,NORMAL,19.7,4.7,4.6,3.4
8622,0.1597,0,NORMAL,19.5,5.2,6.0,5.0
8623,0.364,0,NORMAL,19.5,5.4,4.5,6.2
8624,0.1653,0,NORMAL,19.7,5.4,5.1,5.8
8625,0.1436,0,NORMAL,19.5,4.5,4.7,5.2
8626,0.1682,0,NORMAL,19.5,4.4,5.3,6.0
8627,0.3341,0,NORMAL,19.6,5.4,5.0,5.1
8628,0.1465,0,NORMAL,19.6,3.9,3.7,4.5
8629,0.1511,0,NORMAL,19.6,5.1,4.9,6.5
8630,0.1877,0,NORMAL,19.6,5.0,4.8,6.6
8631,0.1712,0,NORMAL,19.4,4.2,4.8,4.1
8632,0.1933,0,NORMAL,19.4,4.6,4.8,4.4
8633,0.1637,0,NORMAL,19.6,4.0,4.2,5.2
8634,0.4183,0,NORMAL,19.7,4.8,5.1,7.4
8635,0.6111,0,WARNING,19.6,6.2,4.6,6.2
8636,0.1494,0,NORMAL,19.4,5.0,4.6,5.6
8637,0.1884,0,NORMAL,19.4,4.5,4.3,6.3
8638,0.2221,0,NORMAL,19.4,4.9,4.6,7.1
8639,0.1783,0,NORMAL,19.5,4.7,4.2,6.1
8640,0.1805,0,NORMAL,19.5,4.3,3.9,5.6
8641,0.2227,0,NORMAL,19.7,5.3,5.3,7.8
8642,0.159,0,NORMAL,19.6,4.2,4.2,4.7
8643,0.2784,0,NORMAL,19.5,4.6,5.3,6.7
8644,0.1602,0,NORMAL,19.4,4.2,4.4,5.7
8645,0.1411,0,NORMAL,19.4,3.8,3.6,5.9
8646,0.183,0,NORMAL,19.3,4.7,4.7,6.8
8647,0.172,0,NORMAL,19.6,4.6,5.7,7.2
8648,0.2207,0,NORMAL,19.5,4.7,4.5,3.2
8649,0.2206,0,NORMAL,19.4,4.2,4.1,3.5
8650,0.4532,0,NORMAL,19.4,4.0,4.6,6.8
8651,0.2405,0,NORMAL,19.7,6.1,6.3,6.9
8652,0.3251,0,NORMAL,19.5,5.3,4.5,3.3
8653,0.1351,0,NORMAL,19.4,4.6,4.7,4.6
8654,0.2698,0,NORMAL,19.4,4.5,5.4,7.9
8655,0.1521,0,NORMAL,19.3,4.5,4.4,5.7
8656,0.1536,0,NORMAL,19.3,4.6,5.0,6.6
8657,0.1323,0,NORMAL,19.4,4.7,5.4,5.6
8658,0.1714,0,NORMAL,19.4,4.1,3.7,3.5
8659,0.3147,0,NORMAL,19.5,3.8,4.2,6.1
8660,0.1405,0,NORMAL,19.3,4.8,4.3,5.7
8661,0.1726,0,NORMAL,19.6,4.1,4.0,6.5
8662,0.3353,0,NORMAL,19.6,4.5,4.1,6.6
8663,0.2199,0,NORMAL,19.3,4.1,4.3,6.6
8664,0.1356,0,NORMAL,19.5,4.1,4.5,6.4
8665,0.1383,0,NORMAL,19.5,5.0,4.6,6.2
8666,0.1411,0,NORMAL,19.3,3.9,4.3,5.9
8667,0.3298,0,NORMAL,19.4,3.8,3.5,5.2
8668,0.8271,0,WARNING,19.6,7.8,4.4,6.6
8669,0.3282,0,NORMAL,19.5,4.0,3.8,5.0
8670,0.1327,0,NORMAL,19.4,4.2,4.2,5.9
8671,0.2259,0,NORMAL,19.4,4.4,4.3,5.9
8672,0.1856,0,NORMAL,19.2,4.8,4.2,5.2
8673,0.132,0,NORMAL,19.4,3.5,4.2,5.5
8674,0.1356,0,NORMAL,19.5,4.7,4.1,5.9
8675,0.1385,0,NORMAL,19.5,4.1,3.7,5.0
8676,0.1415,0,NORMAL,19.6,4.9,4.4,5.5
8677,0.2694,0,NORMAL,19.4,3.4,3.3,5.0
8678,0.2006,0,NORMAL,19.3,4.5,3.6,5.0
8679,0.8412,0,WARNING,19.7,4.1,3.5,4.9
8680,0.1953,0,NORMAL,19.5,5.1,3.8,5.6
8681,0.1804,0,NORMAL,19.6,4.6,3.6,4.9
8682,0.2425,0,NORMAL,19.5,5.2,4.1,5.7
8683,0.1768,0,NORMAL,19.5,4.7,4.4,5.7
8684,0.2231,0,NORMAL,19.4,3.9,4.4,7.1
8685,0.1441,0,NORMAL,19.3,4.0,3.7,5.7
8686,0.1442,0,NORMAL,19.7,4.9,4.7,6.5
8687,0.2317,0,NORMAL,19.4,3.5,3.6,5.0
8688,0.1832,0,NORMAL,19.6,3.8,3.3,5.1
8689,0.1445,0,NORMAL,19.6,4.2,4.1,5.9
8690,0.1641,0,NORMAL,19.7,5.0,4.3,5.9
8691,0.2937,0,NORMAL,19.6,4.2,3.9,5.0
8692,0.1777,0,NORMAL,19.7,4.0,4.0,5.9
8693,0.1453,0,NORMAL,19.2,3.9,3.2,5.3
8694,0.1244,0,NORMAL,19.3,3.4,3.6,4.9
8695,0.1272,0,NORMAL,19.5,4.5,3.6,5.4
8696,0.2238,0,NORMAL,19.4,4.7,4.8,7.3
8697,0.1482,0,NORMAL,19.5,4.6,4.2,6.3
8698,0.2073,0,NORMAL,19.6,4.8,4.2,6.6
8699,0.4907,0,NORMAL,19.5,5.4,4.6,6.9
8700,0.196,0,NORMAL,19.4,4.3,3.8,5.7
8701,0.1328,0,NORMAL,19.1,4.1,3.3,5.2
8702,0.2352,0,NORMAL,19.2,4.1,4.7,6.0
8703,0.1466,0,NORMAL,19.3,4.2,4.4,5.7
8704,0.3841,0,NORMAL,19.1,4.0,3.4,5.4
8705,0.1241,0,NORMAL,19.3,4.3,3.4,4.7
8706,0.1243,0,NORMAL,19.3,4.0,3.8,5.3
8707,0.1272,0,NORMAL,19.4,4.5,4.3,5.9
8708,0.1294,0,NORMAL,19.4,4.4,3.6,5.4
8709,0.8402,0,WARNING,19.5,4.1,3.3,4.9
8710,0.1302,0,NORMAL,19.5,4.7,3.6,5.0
8711,0.133,0,NORMAL,19.4,3.7,3.1,4.3
8712,0.4624,0,NORMAL,19.4,5.9,5.2,7.2
8713,0.1269,0,NORMAL,19.4,4.2,3.6,4.9
8714,0.127,0,NORMAL,19.3,3.9,2.9,4.2
8715,0.1681,0,NORMAL,19.2,3.4,3.0,4.0
8716,0.2665,0,NORMAL,19.3,4.1,4.1,5.9
8717,0.1358,0,NORMAL,19.6,4.9,5.0,6.7
8718,0.1571,0,NORMAL,19.2,3.7,3.3,5.6
8719,0.1305,0,NORMAL,19.5,4.2,3.8,5.9
8720,0.222,0,NORMAL,19.3,4.6,3.8,5.6
8721,0.1329,0,NORMAL,19.5,3.4,3.8,5.4
8722,0.2503,0,NORMAL,19.5,4.3,3.9,5.6
8723,0.1329,0,NORMAL,19.5,4.4,3.7,5.0
8724,0.13,0,NORMAL,19.3,3.8,4.1,5.9
8725,0.2232,0,NORMAL,19.4,4.9,5.3,7.4
8726,0.1325,0,NORMAL,19.5,4.0,3.4,5.1
8727,0.3526,0,NORMAL,19.2,4.9,3.4,5.1
8728,0.13,0,NORMAL,19.2,3.9,3.8,6.2
8729,0.7687,0,WARNING,19.6,7.4,4.5,7.3
8730,0.1327,0,NORMAL,19.5,4.2,4.2,5.0
8731,0.1327,0,NORMAL,19.3,4.7,4.1,5.7
8732,0.1947,0,NORMAL,19.3,3.9,3.9,5.9
8733,0.4188,0,NORMAL,19.6,5.9,5.2,7.1
8734,0.395,0,NORMAL,19.4,4.3,4.1,5.2
8735,0.2812,0,NORMAL,19.4,4.4,4.1,6.2
8736,0.1372,0,NORMAL,19.6,4.6,4.6,6.2
8737,0.1365,0,NORMAL,19.2,4.0,4.8,6.6
8738,0.1889,0,NORMAL,19.4,4.7,3.6,4.5
8739,0.1299,0,NORMAL,19.4,4.7,4.5,6.0
8740,0.1831,0,NORMAL,19.4,4.8,4.1,5.3
8741,0.2725,0,NORMAL,19.7,5.3,4.8,6.7
8742,0.4182,0,NORMAL,19.6,6.1,3.7,5.2
8743,0.1537,0,NORMAL,19.4,3.7,4.2,6.4
8744,0.1362,0,NORMAL,19.4,4.0,3.7,5.8
8745,0.1357,0,NORMAL,19.5,4.5,4.2,6.1
8746,0.1356,0,NORMAL,19.5,4.1,3.1,4.7
8747,0.1359,0,NORMAL,19.5,4.4,4.3,5.7
8748,0.1917,0,NORMAL,19.3,4.9,4.4,6.4
8749,0.1412,0,NORMAL,19.6,4.3,4.2,5.9
8750,0.3059,0,NORMAL,19.6,5.3,4.8,6.6
8751,0.1397,0,NORMAL,19.3,3.6,3.2,5.2
8752,0.1357,0,NORMAL,19.5,4.3,4.7,6.3
8753,0.2914,0,NORMAL,19.5,3.3,3.6,5.4
8754,0.1442,0,NORMAL,19.6,4.7,3.8,4.5
8755,0.2641,0,NORMAL,19.4,5.3,4.0,4.8
8756,0.1524,0,NORMAL,19.7,4.1,4.0,6.0
8757,0.3342,0,NORMAL,19.8,5.7,4.3,5.7
8758,0.223,0,NORMAL,19.7,4.8,4.7,7.3
8759,0.1742,0,NORMAL,19.6,4.9,4.2,6.8
8760,0.2208,0,NORMAL,19.3,4.4,4.5,3.6
8761,0.143,0,NORMAL,19.2,3.9,4.0,4.7
8762,0.124,0,NORMAL,19.4,4.3,4.2,5.9
8763,0.1867,0,NORMAL,19.2,4.5,4.2,5.9
8764,0.2546,0,NORMAL,19.1,4.2,3.7,4.9
8765,0.127,0,NORMAL,19.4,3.8,3.4,5.1
8766,0.1608,0,NORMAL,19.4,3.8,3.8,5.4
8767,0.3072,0,NORMAL,19.3,3.5,2.7,4.6
8768,0.171,0,NORMAL,19.3,3.9,3.6,5.4
8769,0.1302,0,NORMAL,19.5,4.5,3.8,5.0
8770,0.1329,0,NORMAL,19.4,4.7,3.8,5.5
8771,0.13,0,NORMAL,19.5,4.3,3.6,5.0
8772,0.3059,0,NORMAL,19.0,4.6,3.7,5.5
8773,0.3414,0,NORMAL,19.3,5.3,3.8,5.3
8774,0.1213,0,NORMAL,19.4,4.0,4.0,5.9
8775,0.2174,0,NORMAL,19.5,4.3,4.6,6.3
8776,0.4186,0,NORMAL,19.5,5.2,3.7,5.7
8777,0.1782,0,NORMAL,19.3,3.9,3.8,5.9
8778,0.1728,0,NORMAL,19.5,4.9,4.8,6.9
8779,0.3349,0,NORMAL,19.6,4.7,4.1,5.7
8780,0.133,0,NORMAL,19.5,5.1,4.4,6.2
8781,0.2567,0,NORMAL,19.3,3.7,3.5,5.7
8782,0.1406,0,NORMAL,19.4,3.9,2.8,4.7
8783,0.1303,0,NORMAL,19.6,4.1,4.8,6.6
8784,0.229,0,NORMAL,19.4,4.6,4.5,5.7
8785,0.7367,0,WARNING,19.5,6.8,3.7,6.1
8786,0.223,0,NORMAL,19.3,4.7,4.6,6.3
8787,0.1778,0,NORMAL,19.2,4.3,3.7,4.9
8788,0.1792,0,NORMAL,19.3,4.5,4.4,6.4
8789,0.1615,0,NORMAL,19.4,3.9,3.9,6.0
8790,0.3377,0,NORMAL,19.4,4.6,4.3,6.4
8791,0.159,0,NORMAL,19.4,4.3,3.8,5.7
8792,0.1438,0,NORMAL,19.3,3.4,4.1,6.1
8793,0.3355,0,NORMAL,19.2,4.3,3.7,5.4
8794,0.2232,0,NORMAL,19.4,3.9,4.8,7.3
8795,0.2763,0,NORMAL,19.6,5.4,4.8,6.3
8796,0.1411,0,NORMAL,19.6,4.3,4.7,5.0
8797,0.1453,0,NORMAL,19.6,4.3,4.2,4.3
8798,0.1793,0,NORMAL,19.4,4.7,4.9,5.9
8799,0.1479,0,NORMAL,19.6,4.0,4.0,5.7
8800,0.1928,0,NORMAL,19.5,4.9,4.4,6.6
8801,0.3662,0,NORMAL,19.5,5.2,4.3,6.1
8802,0.209,0,NORMAL,19.3,4.4,3.8,5.9
8803,0.2589,0,NORMAL,19.5,3.8,3.8,5.4
8804,0.1357,0,NORMAL,19.4,4.7,4.9,6.3
8805,0.1447,0,NORMAL,19.6,4.0,3.3,4.9
8806,0.1386,0,NORMAL,19.7,4.6,4.5,6.3
8807,0.1725,0,NORMAL,19.5,4.9,5.0,7.1
8808,0.1531,0,NORMAL,19.4,4.2,3.7,5.0
8809,0.1727,0,NORMAL,19.6,4.6,4.1,5.4
8810,0.1412,0,NORMAL,19.6,4.5,3.6,5.7
8811,0.1856,0,NORMAL,19.5,3.9,3.8,5.4
8812,0.1442,0,NORMAL,19.4,4.7,4.7,6.6
8813,0.1412,0,NORMAL,19.5,3.9,3.5,5.0
8814,0.1731,0,NORMAL,19.4,4.7,4.4,6.6
8815,0.1675,0,NORMAL,19.6,3.8,3.8,5.4
8816,0.2596,0,NORMAL,19.4,4.2,4.2,5.7
8817,0.2919,0,NORMAL,19.4,5.1,4.8,6.8
8818,0.2491,0,NORMAL,19.6,5.2,4.6,7.3
8819,0.2582,0,NORMAL,19.2,4.4,3.4,5.4
8820,0.1414,0,NORMAL,19.6,4.6,5.3,6.7
8821,0.141,0,NORMAL,19.4,4.3,4.6,6.4
8822,0.1438,0,NORMAL,19.5,4.2,3.7,5.2
8823,0.1765,0,NORMAL,19.3,3.6,3.9,6.3
8824,0.4187,0,NORMAL,19.7,5.7,4.3,6.5
8825,0.1856,0,NORMAL,19.5,4.1,4.0,6.2
8826,0.147,0,NORMAL,19.4,4.8,4.6,6.3
8827,0.172,0,NORMAL,19.6,4.7,5.0,6.9
8828,0.1772,0,NORMAL,19.3,4.2,4.6,6.0
8829,0.237,0,NORMAL,19.6,5.3,4.7,6.1
8830,0.4049,0,NORMAL,19.7,4.4,4.6,6.6
8831,0.1504,0,NORMAL,19.7,4.7,4.7,6.2
8832,0.1649,0,NORMAL,19.5,4.5,3.4,4.7
8833,0.3151,0,NORMAL,19.6,4.6,3.6,5.9
8834,0.2082,0,NORMAL,19.3,4.0,4.5,6.3
8835,0.9952,0,ANOMALY,20.2,6.5,3.9,5.9
8836,0.2422,0,NORMAL,19.6,4.1,4.0,5.6
8837,0.2726,0,NORMAL,19.3,4.2,3.5,4.9
8838,0.4632,0,NORMAL,19.4,4.7,5.3,6.9
8839,0.2382,0,NORMAL,19.6,4.7,4.1,5.9
8840,0.2026,0,NORMAL,19.6,4.7,3.7,5.2
8841,0.2701,0,NORMAL,19.7,4.5,5.1,7.8
8842,0.1444,0,NORMAL,19.5,4.1,4.3,5.8
8843,0.1477,0,NORMAL,19.3,4.1,4.7,5.7
8844,0.1491,0,NORMAL,19.6,4.2,4.6,6.5
8845,0.7775,0,WARNING,19.6,7.0,3.3,4.9
8846,0.2231,0,NORMAL,19.8,4.2,4.5,7.4
8847,0.4234,0,NORMAL,19.5,5.8,5.2,5.7
8848,0.1866,0,NORMAL,19.5,4.0,4.5,6.1
8849,0.1588,0,NORMAL,19.7,4.8,4.8,5.3
8850,0.2209,0,NORMAL,19.6,4.5,3.7,3.1
8851,0.1468,0,NORMAL,19.3,3.6,3.5,5.4
8852,0.2397,0,NORMAL,19.3,4.1,3.1,4.8
8853,0.1741,0,NORMAL,19.6,4.9,4.9,6.8
8854,0.1727,0,NORMAL,19.4,4.5,5.1,6.9
8855,0.2206,0,NORMAL,19.5,5.4,5.6,3.8
8856,0.221,0,NORMAL,19.6,4.3,4.5,3.5
8857,0.1414,0,NORMAL,19.5,4.5,4.6,6.2
8858,0.1473,0,NORMAL,19.4,4.4,4.6,6.6
8859,0.141,0,NORMAL,19.4,4.8,5.2,5.3
8860,0.1437,0,NORMAL,19.7,5.4,5.3,5.8
8861,0.2929,0,NORMAL,19.6,5.4,5.2,4.8
8862,0.2047,0,NORMAL,19.6,4.8,4.0,4.8
8863,0.3138,0,NORMAL,19.4,4.8,4.6,7.2
8864,0.2536,0,NORMAL,19.3,4.0,4.6,6.8
8865,0.2859,0,NORMAL,19.3,4.5,4.5,4.0
8866,0.1709,0,NORMAL,19.3,4.9,5.3,4.2
8867,0.1669,0,NORMAL,19.6,4.1,4.7,6.0
8868,0.1515,0,NORMAL,19.4,4.3,4.5,6.5
8869,0.1438,0,NORMAL,19.7,5.4,5.9,5.4
8870,0.2198,0,NORMAL,19.4,5.1,5.1,4.0
8871,0.1674,0,NORMAL,19.4,4.3,4.6,5.8
8872,0.172,0,NORMAL,19.5,5.2,5.1,6.9
8873,0.199,0,NORMAL,19.4,4.1,4.3,4.3
8874,0.2057,0,NORMAL,19.5,4.7,5.0,6.9
8875,0.1545,0,NORMAL,19.7,4.4,5.3,6.7
8876,0.2523,0,NORMAL,19.7,4.9,4.7,3.7
8877,0.3651,0,NORMAL,19.7,5.8,4.9,4.8
8878,0.1593,0,NORMAL,19.4,4.6,5.3,6.7
8879,0.1464,0,NORMAL,19.8,4.8,6.4,6.1
8880,0.1809,0,NORMAL,19.7,5.8,6.1,5.5
8881,0.3759,0,NORMAL,19.4,4.0,4.7,5.7
8882,0.1642,0,NORMAL,19.4,4.9,5.2,5.8
8883,0.1463,0,NORMAL,19.6,4.7,5.6,6.4
8884,0.1584,0,NORMAL,19.6,5.2,5.1,4.8
8885,0.1765,0,NORMAL,19.6,4.9,4.6,4.3
8886,0.1463,0,NORMAL,19.5,5.0,5.6,6.4
8887,0.1627,0,NORMAL,19.8,5.1,5.7,6.1
8888,0.1679,0,NORMAL,19.5,4.4,5.0,4.9
8889,0.1549,0,NORMAL,19.7,5.9,6.2,6.9
8890,0.3171,0,NORMAL,19.7,5.0,5.5,5.8
8891,0.1962,0,NORMAL,19.7,5.1,5.3,5.2
8892,0.2022,0,NORMAL,19.4,5.1,4.9,5.8
8893,0.2098,0,NORMAL,19.7,5.1,5.0,6.0
8894,0.4908,0,NORMAL,19.5,4.9,5.8,5.4
8895,0.1547,0,NORMAL,19.5,4.7,5.4,5.6
8896,0.1551,0,NORMAL,19.5,5.0,5.5,6.6
8897,0.1563,0,NORMAL,19.5,4.1,4.7,4.8
8898,0.2178,0,NORMAL,19.5,5.4,6.3,5.3
8899,0.1639,0,NORMAL,19.4,4.9,4.7,4.4
8900,0.1622,0,NORMAL,19.5,4.7,5.2,6.4
8901,0.2211,0,NORMAL,19.4,5.3,5.4,5.5
8902,0.1712,0,NORMAL,19.7,5.0,5.0,4.6
8903,0.1434,0,NORMAL,19.4,4.3,4.5,5.5
8904,0.1973,0,NORMAL,19.5,4.2,4.5,6.4
8905,0.1719,0,NORMAL,19.7,4.6,5.5,7.0
8906,0.2208,0,NORMAL,19.5,5.1,4.7,3.4
8907,0.377,0,NORMAL,19.5,5.7,5.1,4.3
8908,0.314,0,NORMAL,19.6,5.3,6.6,9.0
8909,0.7526,0,WARNING,19.8,7.7,6.0,5.6
8910,0.2441,0,NORMAL,19.7,5.1,5.8,4.9
8911,0.2729,0,NORMAL,19.5,4.6,5.1,6.7
8912,0.1556,0,NORMAL,19.5,4.5,5.5,6.0
8913,0.2971,0,NORMAL,19.7,4.4,5.6,5.0
8914,0.171,0,NORMAL,19.6,5.2,6.8,7.4
8915,0.2186,0,NORMAL,19.5,5.7,6.2,6.8
8916,0.3989,0,NORMAL,19.5,4.5,5.1,4.7
8917,0.1574,0,NORMAL,19.7,5.1,5.9,5.8
8918,0.1482,0,NORMAL,19.6,4.6,5.2,6.0
8919,0.2199,0,NORMAL,19.7,5.1,5.1,4.9
8920,0.1491,0,NORMAL,19.8,5.4,5.8,5.1
8921,0.3336,0,NORMAL,19.8,5.9,5.2,6.2
8922,0.3706,0,NORMAL,19.8,6.0,5.7,6.1
8923,0.2021,0,NORMAL,19.6,4.4,4.3,4.1
8924,0.1833,0,NORMAL,19.6,5.3,6.3,6.0
8925,0.3556,0,NORMAL,19.7,5.0,5.3,6.0
8926,0.181,0,NORMAL,19.7,5.3,5.5,5.8
8927,0.1406,0,NORMAL,19.6,4.6,5.7,5.3
8928,0.1704,0,NORMAL,19.7,5.4,6.4,6.4
8929,0.1536,0,NORMAL,19.7,5.0,5.8,6.7
8930,0.154,0,NORMAL,19.8,6.2,6.5,6.3
8931,0.1851,0,NORMAL,19.7,4.4,5.5,5.9
8932,0.1541,0,NORMAL,19.6,4.7,4.8,5.3
8933,0.2898,0,NORMAL,19.6,5.0,5.1,5.5
8934,0.1944,0,NORMAL,19.5,4.7,6.3,6.2
8935,0.2187,0,NORMAL,19.7,5.7,5.6,6.2
8936,0.1829,0,NORMAL,19.6,4.1,4.9,5.8
8937,0.5115,0,NORMAL,19.7,6.8,6.1,6.0
8938,0.1835,0,NORMAL,19.5,5.1,5.8,5.8
8939,0.3749,0,NORMAL,19.7,5.4,6.1,7.9
8940,0.1862,0,NORMAL,19.7,5.2,6.6,6.4
8941,0.2011,0,NORMAL,19.8,5.6,6.5,6.5
8942,0.1906,0,NORMAL,19.7,5.0,5.4,6.4
8943,0.1957,0,NORMAL,19.8,4.6,6.2,6.7
8944,0.2052,0,NORMAL,19.8,5.4,6.1,5.9
8945,0.2038,0,NORMAL,19.6,5.2,6.0,6.8
8946,0.258,0,NORMAL,19.7,4.8,5.5,5.8
8947,0.1431,0,NORMAL,19.7,5.3,5.8,5.8
8948,0.1877,0,NORMAL,19.7,5.0,5.8,6.3
8949,0.1889,0,NORMAL,19.8,5.3,6.6,7.0
8950,0.2176,0,NORMAL,19.7,5.2,5.9,5.9
8951,0.2787,0,NORMAL,19.5,5.0,6.0,6.5
8952,0.4179,0,NORMAL,19.7,6.7,6.7,6.8
8953,0.1963,0,NORMAL,19.6,5.2,5.8,6.3
8954,0.3332,0,NORMAL,19.7,5.5,5.4,6.4
8955,0.1923,0,NORMAL,19.4,4.8,4.6,5.3
8956,0.1679,0,NORMAL,19.7,4.7,5.4,5.8
8957,0.1676,0,NORMAL,19.5,4.9,5.4,5.6
8958,0.1965,0,NORMAL,19.5,4.8,6.3,6.7
8959,0.1835,0,NORMAL,19.6,4.5,4.4,4.8
8960,0.1606,0,NORMAL,19.7,5.3,6.1,6.2
8961,0.19,0,NORMAL,19.8,5.8,6.9,7.5
8962,0.2018,0,NORMAL,19.6,5.1,6.1,6.7
8963,0.208,0,NORMAL,19.5,4.9,5.3,5.3
8964,0.2679,0,NORMAL,19.6,4.7,6.9,8.5
8965,0.7807,0,WARNING,19.7,8.0,6.5,6.9
8966,0.2411,0,NORMAL,19.5,5.7,6.0,6.4
8967,0.163,0,NORMAL,19.6,5.1,6.0,6.4
8968,0.2047,0,NORMAL,19.6,5.1,6.6,7.2
8969,0.1572,0,NORMAL,19.8,5.2,6.3,6.7
8970,0.1602,0,NORMAL,19.7,5.3,5.9,6.4
8971,0.2108,0,NORMAL,19.4,4.9,5.2,6.0
8972,0.2602,0,NORMAL,19.5,5.1,6.9,6.6
8973,0.2288,0,NORMAL,19.6,5.7,7.6,7.7
8974,0.2364,0,NORMAL,19.8,5.9,6.1,6.6
8975,0.2367,0,NORMAL,20.0,5.4,6.5,6.5
8976,0.1782,0,NORMAL,19.8,5.2,6.7,7.0
8977,0.2199,0,NORMAL,19.9,5.7,6.3,6.0
8978,0.2183,0,NORMAL,19.7,4.9,5.8,6.2
8979,0.2371,0,NORMAL,19.9,6.9,7.9,8.4
8980,0.2323,0,NORMAL,19.9,5.9,7.0,7.4
8981,0.1839,0,NORMAL,19.6,5.4,5.9,7.0
8982,0.5187,0,NORMAL,19.8,7.3,7.1,7.1
8983,0.3042,0,NORMAL,19.6,4.8,8.0,7.9
8984,0.239,0,NORMAL,19.6,5.1,6.2,7.8
8985,0.2259,0,NORMAL,19.7,4.6,5.6,6.2
8986,0.1645,0,NORMAL,19.7,5.4,6.1,6.3
8987,0.2015,0,NORMAL,19.6,5.4,7.2,8.0
8988,0.2178,0,NORMAL,19.6,5.5,7.7,7.5
8989,0.1678,0,NORMAL,19.8,5.6,6.6,7.5
8990,0.2261,0,NORMAL,19.8,6.0,7.7,8.3
8991,0.2353,0,NORMAL,19.6,5.3,7.2,7.4
8992,0.2407,0,NORMAL,19.6,5.0,6.2,6.9
8993,0.2269,0,NORMAL,19.8,5.4,7.7,7.9
8994,0.2405,0,NORMAL,19.6,5.0,6.5,7.4
8995,0.2644,0,NORMAL,19.6,5.2,6.8,7.2
8996,0.2274,0,NORMAL,19.9,5.8,6.7,6.5
8997,0.2383,0,NORMAL,19.8,5.5,6.3,7.4
8998,0.2182,0,NORMAL,19.8,5.0,5.9,6.7
8999,0.2183,0,NORMAL,19.8,6.1,8.0,8.0
9000,0.3777,0,NORMAL,19.9,6.2,7.3,8.2
9001,0.2392,0,NORMAL,19.7,4.9,6.1,6.7
9002,0.23,0,NORMAL,19.8,5.8,7.7,8.2
9003,0.2072,0,NORMAL,19.7,5.1,6.5,7.4
9004,0.1846,0,NORMAL,19.7,5.4,6.1,6.7
9005,0.2162,0,NORMAL,19.9,5.3,6.5,6.3
9006,0.4473,0,NORMAL,19.8,5.3,7.2,7.7
9007,0.2313,0,NORMAL,19.9,5.7,6.7,8.0
9008,0.2318,0,NORMAL,19.7,5.7,7.3,8.0
9009,0.2351,0,NORMAL,19.8,4.7,6.1,6.3
9010,0.2233,0,NORMAL,19.8,6.1,7.0,7.7
9011,0.2277,0,NORMAL,19.6,5.0,6.2,6.7
9012,0.2671,0,NORMAL,20.0,5.9,7.2,8.0
9013,0.1933,0,NORMAL,19.8,5.4,5.9,6.9
9014,0.2052,0,NORMAL,19.9,5.2,7.2,7.3
9015,0.2911,0,NORMAL,20.0,6.5,8.6,8.7
9016,0.2375,0,NORMAL,19.7,5.5,6.8,7.0
9017,0.2424,0,NORMAL,19.7,5.1,6.5,7.0
9018,0.2305,0,NORMAL,19.7,5.2,7.1,7.3
9019,0.2503,0,NORMAL,19.8,5.6,6.5,7.0
9020,0.2663,0,NORMAL,19.8,5.4,7.2,8.6
9021,0.2462,0,NORMAL,19.6,5.4,6.7,7.4
9022,0.1829,0,NORMAL,19.7,4.9,6.7,7.0
9023,0.2218,0,NORMAL,19.8,5.1,6.8,7.2
9024,0.2257,0,NORMAL,19.6,5.1,7.2,8.0
9025,0.8181,0,WARNING,19.9,9.3,7.2,7.5
9026,0.5572,0,NORMAL,19.6,4.5,6.9,7.1
9027,0.247,0,NORMAL,19.8,6.4,7.2,8.0
9028,0.2282,0,NORMAL,19.8,5.6,6.5,7.4
9029,0.3803,0,NORMAL,19.8,6.0,7.6,7.7
9030,0.3101,0,NORMAL,19.9,5.6,7.2,9.3
9031,0.2028,0,NORMAL,19.7,4.8,6.0,6.6
9032,0.2224,0,NORMAL,19.6,5.4,6.5,6.2
9033,0.2666,0,NORMAL,19.6,5.1,6.6,8.4
9034,0.2165,0,NORMAL,19.4,4.9,6.5,6.5
9035,0.1639,0,NORMAL,19.6,5.7,6.6,7.2
9036,0.1921,0,NORMAL,19.7,5.1,6.2,6.9
9037,0.2403,0,NORMAL,19.8,5.4,6.4,6.6
9038,0.2195,0,NORMAL,19.7,5.0,6.7,7.9
9039,0.2376,0,NORMAL,19.7,5.9,6.1,6.9
9040,0.2456,0,NORMAL,19.7,5.1,6.1,7.2
9041,0.1975,0,NORMAL,19.9,5.6,6.3,6.9
9042,0.3577,0,NORMAL,19.7,5.9,6.7,6.9
9043,0.2222,0,NORMAL,19.9,5.7,6.5,7.8
9044,0.1882,0,NORMAL,19.8,5.8,7.5,7.8
9045,0.2658,0,NORMAL,19.9,5.6,8.2,9.3
9046,0.2159,0,NORMAL,19.7,5.0,7.2,7.8
9047,0.2167,0,NORMAL,19.8,5.9,7.3,7.7
9048,0.2081,0,NORMAL,19.6,4.9,5.8,7.0
9049,0.2281,0,NORMAL,19.7,5.9,7.4,8.0
9050,0.1868,0,NORMAL,19.6,5.7,7.1,7.7
9051,0.2181,0,NORMAL,19.8,5.2,7.1,8.4
9052,0.1863,0,NORMAL,19.9,5.8,6.7,6.8
9053,0.2659,0,NORMAL,19.7,5.1,7.1,8.6
9054,0.2165,0,NORMAL,19.8,6.1,8.0,8.0
9055,0.2651,0,NORMAL,20.0,6.6,7.9,8.8
9056,0.2408,0,NORMAL,20.0,6.4,7.4,8.1
9057,0.4109,0,NORMAL,20.1,6.7,7.3,7.7
9058,0.2117,0,NORMAL,19.9,5.5,6.6,7.8
9059,0.2164,0,NORMAL,19.8,5.0,6.9,7.6
9060,0.2427,0,NORMAL,19.5,5.6,7.2,7.9
9061,0.2427,0,NORMAL,19.8,6.0,7.7,8.1
9062,0.2473,0,NORMAL,19.7,6.0,8.0,8.0
9063,0.2542,0,NORMAL,19.7,4.7,5.8,6.9
9064,0.2056,0,NORMAL,19.8,4.9,7.1,7.5
9065,0.2233,0,NORMAL,19.8,5.3,6.0,6.5
9066,0.2191,0,NORMAL,19.9,5.6,7.5,8.4
9067,0.2245,0,NORMAL,19.7,5.2,6.5,7.4
9068,0.4381,0,NORMAL,19.9,4.6,7.2,7.6
9069,0.2658,0,NORMAL,19.9,6.0,7.6,8.7
9070,0.252,0,NORMAL,19.8,5.5,6.6,7.1
9071,0.2394,0,NORMAL,19.9,6.3,7.7,8.4
9072,0.2484,0,NORMAL,19.9,5.7,7.8,8.4
9073,0.2525,0,NORMAL,19.9,6.0,7.7,8.7
9074,0.2329,0,NORMAL,19.8,5.7,6.8,7.4
9075,0.2362,0,NORMAL,19.8,5.7,6.8,7.6
9076,0.2165,0,NORMAL,19.8,5.0,6.5,7.4
9077,0.2185,0,NORMAL,19.9,5.8,7.6,8.3
9078,0.2179,0,NORMAL,19.9,5.4,7.7,8.7
9079,0.2504,0,NORMAL,19.9,5.9,6.8,7.4
9080,0.2483,0,NORMAL,19.9,5.9,7.2,8.0
9081,0.2025,0,NORMAL,19.6,4.8,6.5,6.9
9082,0.266,0,NORMAL,19.7,5.0,7.8,9.1
9083,0.2473,0,NORMAL,19.6,4.6,6.0,6.4
9084,0.3431,0,NORMAL,19.8,5.5,7.1,8.2
9085,0.7663,0,WARNING,20.0,8.4,7.3,7.2
9086,0.2184,0,NORMAL,20.0,5.9,7.7,8.4
9087,0.2553,0,NORMAL,20.0,6.1,7.4,8.1
9088,0.3895,0,NORMAL,19.9,6.6,7.4,7.9
9089,0.3097,0,NORMAL,19.7,5.2,7.3,9.2
9090,0.2465,0,NORMAL,19.8,5.8,6.7,7.2
9091,0.2655,0,NORMAL,19.7,5.3,7.6,8.8
9092,0.3322,0,NORMAL,19.8,5.6,5.9,6.6
9093,0.1682,0,NORMAL,19.7,5.5,7.0,7.9
9094,0.2636,0,NORMAL,19.8,5.4,7.6,8.6
9095,0.4642,0,NORMAL,19.3,4.4,5.3,6.0
9096,0.2646,0,NORMAL,19.9,6.0,8.1,8.4
9097,0.2661,0,NORMAL,20.0,5.3,7.0,7.7
9098,0.8281,0,WARNING,20.2,6.7,7.9,8.7
9099,0.2649,0,NORMAL,20.0,5.5,7.2,8.7
9100,0.2583,0,NORMAL,19.9,5.9,6.6,6.9
9101,0.2653,0,NORMAL,20.1,5.8,6.8,7.6
9102,0.3718,0,NORMAL,20.0,7.4,8.6,9.0
9103,0.2215,0,NORMAL,19.8,4.7,6.6,7.6
9104,0.1746,0,NORMAL,19.6,5.3,7.2,7.5
9105,0.4161,0,NORMAL,19.8,6.7,7.0,7.3
9106,0.2657,0,NORMAL,19.9,6.1,7.9,9.1
9107,0.1951,0,NORMAL,19.7,4.7,5.7,6.7
9108,0.2641,0,NORMAL,20.0,6.1,8.3,8.6
9109,0.2464,0,NORMAL,19.9,5.7,6.6,7.1
9110,0.2364,0,NORMAL,19.9,6.4,7.2,8.5
9111,0.2162,0,NORMAL,19.6,4.9,7.2,7.4
9112,0.352,0,NORMAL,20.1,6.2,8.6,10.1
9113,0.2331,0,NORMAL,19.7,5.3,7.1,6.7
9114,0.3516,0,NORMAL,19.8,5.4,8.8,10.2
9115,0.2322,0,NORMAL,19.8,5.7,7.0,7.6
9116,0.2606,0,NORMAL,20.0,5.8,7.6,8.4
9117,0.2851,0,NORMAL,20.0,6.2,7.2,8.1
9118,0.1981,0,NORMAL,19.9,5.2,7.1,7.9
9119,0.2656,0,NORMAL,19.9,5.2,6.8,7.9
9120,0.1862,0,NORMAL,19.9,5.6,7.1,7.4
9121,0.2409,0,NORMAL,19.6,5.1,6.8,7.3
9122,0.164,0,NORMAL,19.9,4.9,6.1,6.7
9123,0.2297,0,NORMAL,19.8,5.2,6.2,6.4
9124,0.2919,0,NORMAL,19.7,5.9,7.4,8.0
9125,0.2363,0,NORMAL,20.0,5.9,7.2,7.2
9126,0.3471,0,NORMAL,19.9,5.6,6.9,7.8
9127,0.2597,0,NORMAL,19.9,5.3,6.3,6.5
9128,0.2834,0,NORMAL,19.6,5.1,6.9,8.0
9129,0.264,0,NORMAL,19.9,5.4,7.6,8.5
9130,0.2363,0,NORMAL,19.9,6.4,7.3,7.5
9131,0.2655,0,NORMAL,20.0,5.5,7.2,8.6
9132,0.2502,0,NORMAL,19.8,5.9,8.2,8.7
9133,0.3169,0,NORMAL,19.8,6.0,7.1,8.3
9134,0.2157,0,NORMAL,19.7,5.2,7.2,7.6
9135,0.1901,0,NORMAL,20.0,5.8,7.0,7.9
9136,0.3408,0,NORMAL,20.0,5.7,7.8,8.7
9137,0.2173,0,NORMAL,19.8,5.2,7.3,8.2
9138,0.2513,0,NORMAL,19.8,5.8,7.5,8.4
9139,0.1992,0,NORMAL,19.8,5.8,7.0,7.5
9140,0.2192,0,NORMAL,20.0,6.3,7.4,8.4
9141,0.3063,0,NORMAL,19.8,6.3,8.8,8.2
9142,0.2772,0,NORMAL,20.0,5.8,7.7,8.9
9143,0.2274,0,NORMAL,19.8,5.1,6.3,7.4
9144,0.1831,0,NORMAL,19.7,5.0,6.9,7.9
9145,0.2171,0,NORMAL,19.8,4.8,6.8,7.7
9146,0.2642,0,NORMAL,19.8,5.6,7.2,8.0
9147,0.3765,0,NORMAL,20.0,6.4,7.5,8.9
9148,0.2928,0,NORMAL,19.9,6.1,8.2,7.8
9149,0.7433,0,WARNING,19.9,8.3,6.7,7.6
9150,0.3322,0,NORMAL,19.8,6.3,6.4,7.0
9151,0.2364,0,NORMAL,19.7,5.0,5.9,5.9
9152,0.257,0,NORMAL,19.9,4.7,6.4,7.2
9153,0.2174,0,NORMAL,19.9,5.5,7.2,7.8
9154,0.2166,0,NORMAL,19.7,5.2,6.9,7.7
9155,0.2356,0,NORMAL,19.8,5.2,6.4,6.7
9156,0.2234,0,NORMAL,19.9,5.4,7.7,8.3
9157,0.2164,0,NORMAL,19.8,5.2,7.7,7.9
9158,0.2689,0,NORMAL,19.8,5.5,7.2,8.2
9159,0.2427,0,NORMAL,19.6,5.1,6.4,6.9
9160,0.168,0,NORMAL,20.0,5.4,7.3,7.7
9161,0.3683,0,NORMAL,19.8,6.1,6.9,7.9
9162,0.2403,0,NORMAL,19.7,5.5,6.5,7.0
9163,0.1863,0,NORMAL,19.9,5.4,7.0,7.4
9164,0.2186,0,NORMAL,19.6,5.1,6.8,7.9
9165,0.3781,0,NORMAL,19.6,4.7,7.3,7.8
9166,0.2183,0,NORMAL,19.8,5.6,7.2,8.4
9167,0.1716,0,NORMAL,19.6,4.9,7.1,7.0
9168,0.2182,0,NORMAL,19.8,6.2,7.7,8.3
9169,0.2176,0,NORMAL,19.9,5.1,7.5,8.5
9170,0.4554,0,NORMAL,19.9,6.0,7.9,8.0
9171,0.2588,0,NORMAL,19.8,5.5,7.5,8.2
9172,0.2588,0,NORMAL,19.6,4.9,5.6,6.5
9173,0.1775,0,NORMAL,19.6,5.1,6.6,7.5
9174,0.2891,0,NORMAL,19.7,4.9,6.9,7.2
9175,0.219,0,NORMAL,19.8,5.2,6.9,7.7
9176,0.2637,0,NORMAL,20.0,6.2,8.6,8.5
9177,0.2583,0,NORMAL,19.9,5.8,7.0,7.7
9178,0.2645,0,NORMAL,19.8,5.8,6.4,7.7
9179,0.2365,0,NORMAL,19.8,5.3,7.2,7.3
9180,0.2741,0,NORMAL,19.9,6.3,7.6,8.2
9181,0.2436,0,NORMAL,19.7,4.7,6.7,7.0
9182,0.232,0,NORMAL,19.9,5.2,7.7,8.6
9183,0.2448,0,NORMAL,19.6,5.3,6.5,6.8
9184,0.2651,0,NORMAL,19.4,5.3,6.0,6.5
9185,0.1667,0,NORMAL,19.8,5.0,6.8,6.8
9186,0.2366,0,NORMAL,19.8,6.0,7.4,7.4
9187,0.2351,0,NORMAL,20.0,5.6,7.4,7.7
9188,0.2476,0,NORMAL,19.7,5.4,6.7,7.4
9189,0.2737,0,NORMAL,19.8,5.6,6.8,7.1
9190,0.2357,0,NORMAL,19.9,5.3,6.5,8.1
9191,0.2337,0,NORMAL,19.9,5.0,6.8,7.0
9192,0.3748,0,NORMAL,19.7,6.7,7.0,7.2
9193,0.274,0,NORMAL,19.7,5.9,6.7,7.2
9194,0.2323,0,NORMAL,19.6,4.5,6.1,6.2
9195,0.2207,0,NORMAL,19.7,5.0,5.9,7.4
9196,0.2126,0,NORMAL,19.7,4.5,5.6,6.0
9197,0.2004,0,NORMAL,19.8,5.6,6.7,7.2
9198,0.2197,0,NORMAL,19.9,5.3,7.1,8.4
9199,0.2217,0,NORMAL,19.9,5.6,6.1,6.5
9200,0.5607,0,NORMAL,20.0,7.3,9.2,8.6
9201,0.2299,0,NORMAL,19.7,4.8,5.4,5.9
9202,0.2384,0,NORMAL,19.6,4.7,6.5,7.2
9203,0.2278,0,NORMAL,19.7,5.6,5.5,6.3
9204,0.203,0,NORMAL,19.5,4.0,5.9,6.7
9205,0.7544,0,WARNING,19.9,8.1,6.2,6.5
9206,0.2669,0,NORMAL,19.6,5.6,5.7,6.5
9207,0.146,0,NORMAL,19.8,4.9,5.8,6.2
9208,0.3976,0,NORMAL,19.8,6.1,6.3,7.1
9209,0.143,0,NORMAL,19.7,5.0,5.3,5.7
9210,0.1432,0,NORMAL,19.7,5.3,5.7,6.2
9211,0.1923,0,NORMAL,19.7,5.5,6.8,6.5
9212,0.2082,0,NORMAL,19.8,4.4,5.6,5.5
9213,0.4172,0,NORMAL,19.7,5.4,5.2,6.0
9214,0.5031,0,NORMAL,19.5,5.0,6.6,7.0
9215,0.2758,0,NORMAL,19.6,5.4,5.8,5.8
9216,0.1688,0,NORMAL,19.9,4.6,5.9,7.1
9217,0.2075,0,NORMAL,19.7,4.7,6.0,6.8
9218,0.2042,0,NORMAL,19.7,4.6,5.7,5.5
9219,0.2058,0,NORMAL,19.8,5.0,6.0,7.1
9220,0.2092,0,NORMAL,19.7,4.9,4.9,5.9
9221,0.1909,0,NORMAL,19.7,4.8,5.2,5.3
9222,0.3016,0,NORMAL,19.6,5.7,5.2,5.3
9223,0.2366,0,NORMAL,19.4,5.3,5.5,6.5
9224,0.1479,0,NORMAL,19.6,5.3,6.1,6.0
9225,0.1843,0,NORMAL,19.6,4.0,5.0,5.0
9226,0.1321,0,NORMAL,19.5,4.6,4.7,5.4
9227,0.1293,0,NORMAL,19.6,4.9,5.8,6.3
9228,0.1709,0,NORMAL,19.4,5.2,6.1,6.2
9229,0.1836,0,NORMAL,19.6,4.7,5.5,5.7
9230,0.1347,0,NORMAL,19.6,5.0,4.8,5.4
9231,0.1693,0,NORMAL,19.4,4.5,4.7,5.1
9232,0.1554,0,NORMAL,19.4,4.9,5.6,6.0
9233,0.1626,0,NORMAL,19.7,5.3,5.8,5.5
9234,0.1741,0,NORMAL,19.5,4.6,4.8,5.5
9235,0.1649,0,NORMAL,19.4,4.8,6.1,6.4
9236,0.1802,0,NORMAL,19.6,5.3,5.5,5.3
9237,0.3597,0,NORMAL,19.4,5.6,5.5,5.7
9238,0.1605,0,NORMAL,19.4,4.6,5.4,5.7
9239,0.1808,0,NORMAL,19.7,5.0,4.8,5.0
9240,0.1769,0,NORMAL,19.8,5.4,6.1,6.7
9241,0.192,0,NORMAL,19.8,5.1,6.4,6.8
9242,0.2048,0,NORMAL,19.7,5.4,5.6,5.0
9243,0.1998,0,NORMAL,19.5,4.2,5.4,5.6
9244,0.2441,0,NORMAL,19.7,4.6,4.7,5.5
9245,0.1872,0,NORMAL,19.8,5.0,5.8,5.8
9246,0.1928,0,NORMAL,19.8,5.6,6.3,5.8
9247,0.1691,0,NORMAL,19.8,4.8,5.1,5.7
9248,0.1906,0,NORMAL,19.7,4.4,4.4,5.2
9249,0.1678,0,NORMAL,19.8,4.9,5.5,5.6
9250,0.4909,0,NORMAL,19.7,6.2,4.8,4.3
9251,0.1775,0,NORMAL,19.5,4.5,4.4,5.7
9252,0.2332,0,NORMAL,19.7,5.5,5.1,6.6
9253,0.3043,0,NORMAL,19.4,5.3,4.6,7.0
9254,0.2756,0,NORMAL,19.7,4.6,5.6,6.2
9255,0.2211,0,NORMAL,19.4,4.7,5.3,3.6
9256,0.4177,0,NORMAL,19.7,5.3,4.4,5.0
9257,0.1722,0,NORMAL,19.7,4.7,5.1,7.0
9258,0.1715,0,NORMAL,19.4,4.2,4.6,7.0
9259,0.164,0,NORMAL,19.7,5.4,5.3,6.6
9260,0.1753,0,NORMAL,19.4,4.4,4.5,6.2
9261,0.3344,0,NORMAL,19.7,4.9,4.5,6.4
9262,0.2332,0,NORMAL,19.5,4.4,4.9,7.3
9263,0.1711,0,NORMAL,19.6,3.8,4.0,6.4
9264,0.1717,0,NORMAL,19.6,4.6,4.7,6.8
9265,0.755,0,WARNING,19.5,7.2,5.2,5.7
9266,0.2635,0,NORMAL,19.8,4.3,4.2,6.1
9267,0.322,0,NORMAL,19.6,4.8,3.9,5.4
9268,0.2991,0,NORMAL,19.6,5.0,4.6,6.3
9269,0.1721,0,NORMAL,19.7,4.2,4.6,6.9
9270,0.1469,0,NORMAL,19.7,4.7,5.1,5.0
9271,0.1706,0,NORMAL,19.4,4.3,3.8,4.9
9272,0.1726,0,NORMAL,19.7,4.5,5.1,7.1
9273,0.1411,0,NORMAL,19.5,4.6,4.5,6.1
9274,0.3013,0,NORMAL,19.5,4.7,4.8,7.3
9275,0.1439,0,NORMAL,19.4,4.3,4.1,6.2
9276,0.1717,0,NORMAL,19.6,4.7,5.2,7.3
9277,0.141,0,NORMAL,19.2,4.5,4.0,5.4
9278,0.2755,0,NORMAL,19.2,4.4,3.6,5.2
9279,0.3302,0,NORMAL,19.5,4.4,4.2,5.7
9280,0.1875,0,NORMAL,19.4,3.5,3.5,5.4
9281,0.8424,0,WARNING,19.5,5.0,3.9,5.8
9282,0.2918,0,NORMAL,19.4,4.9,3.8,5.5
9283,0.2348,0,NORMAL,19.3,4.5,3.5,4.8
9284,0.4623,0,NORMAL,19.6,3.7,3.9,5.6
9285,0.1415,0,NORMAL,19.5,4.2,3.7,4.5
9286,0.1444,0,NORMAL,19.7,4.5,4.4,6.4
9287,0.1385,0,NORMAL,19.3,4.2,4.1,5.2
9288,0.2044,0,NORMAL,19.3,3.6,3.6,5.3
9289,0.1358,0,NORMAL,19.5,4.4,3.6,5.0
9290,0.4631,0,NORMAL,19.3,4.2,3.8,5.5
9291,0.3427,0,NORMAL,19.4,4.0,3.4,5.1
9292,0.1359,0,NORMAL,19.4,3.9,3.3,4.9
9293,0.2431,0,NORMAL,19.5,4.7,3.4,4.9
9294,0.1806,0,NORMAL,19.2,4.3,3.5,4.5
9295,0.1388,0,NORMAL,19.5,4.1,3.8,5.1
9296,0.1819,0,NORMAL,19.5,4.7,4.0,5.2
9297,0.3863,0,NORMAL,19.3,5.0,3.5,4.9
9298,0.1906,0,NORMAL,19.3,4.6,4.3,5.8
9299,0.1328,0,NORMAL,19.5,4.4,4.8,6.4
9300,0.1355,0,NORMAL,19.5,4.5,4.1,5.2
9301,0.1914,0,NORMAL,19.4,3.8,3.0,4.0
9302,0.1359,0,NORMAL,19.4,4.3,3.4,4.9
9303,0.1432,0,NORMAL,19.4,3.7,2.6,3.9
9304,0.2442,0,NORMAL,19.2,3.8,4.0,5.6
9305,0.163,0,NORMAL,19.4,4.7,3.2,4.5
9306,0.2112,0,NORMAL,19.2,3.9,4.0,5.2
9307,0.2032,0,NORMAL,19.3,3.6,2.7,3.7
9308,0.1478,0,NORMAL,19.4,3.7,3.0,4.3
9309,0.1537,0,NORMAL,19.4,3.9,2.5,3.5
9310,0.178,0,NORMAL,19.6,4.5,3.2,4.5
9311,0.3879,0,NORMAL,19.4,5.0,3.6,4.2
9312,0.1427,0,NORMAL,19.4,4.1,3.2,4.4
9313,0.9982,0,ANOMALY,13.8,16.2,17.2,12.2
9314,0.959,0,WARNING,8.3,11.4,18.0,12.5
9315,0.9235,0,WARNING,12.8,7.8,14.5,11.3
9316,0.8492,0,WARNING,16.2,6.5,11.7,9.1
9317,0.8298,0,WARNING,18.4,6.4,10.3,9.1
9318,0.8753,0,WARNING,18.8,5.7,11.1,9.4
9319,0.8828,0,WARNING,19.9,6.2,12.4,10.1
9320,0.8193,0,WARNING,19.5,6.3,9.8,9.0
9321,0.9085,0,WARNING,19.8,7.0,12.6,11.4
9322,0.9084,0,WARNING,18.4,7.2,13.0,10.8
9323,0.8672,0,WARNING,16.1,7.2,11.7,9.9
9324,0.8673,0,WARNING,15.2,7.0,11.4,9.8
9325,0.9084,0,WARNING,16.1,6.7,11.7,9.9
9326,0.859,0,WARNING,17.4,6.7,11.0,9.1
9327,0.859,0,WARNING,18.5,6.3,10.8,8.7
9328,0.8965,0,WARNING,18.7,7.2,11.5,9.3
9329,0.8899,0,WARNING,17.9,9.8,11.6,10.3
9330,0.9285,0,WARNING,18.4,7.0,13.1,12.2
9331,0.9138,0,WARNING,18.7,8.1,12.5,11.4
9332,0.8963,0,WARNING,18.7,6.9,11.7,10.3
9333,0.8828,0,WARNING,18.3,6.4,12.0,10.2
9334,0.9083,0,WARNING,18.4,5.8,12.3,9.8
9335,0.8962,0,WARNING,18.6,6.8,11.5,9.3
9336,0.8673,0,WARNING,19.0,6.6,10.8,9.0
9337,0.8082,0,WARNING,18.9,5.3,8.5,7.0
9338,0.8903,0,WARNING,19.6,6.1,11.7,10.2
9339,0.7964,0,WARNING,19.4,6.0,8.5,7.6
9340,0.8597,0,WARNING,19.8,7.2,10.0,9.1
9341,0.8759,0,WARNING,18.5,9.2,10.4,9.9
9342,0.9287,0,WARNING,15.6,7.9,11.8,10.0
9343,0.8201,0,WARNING,15.2,5.2,9.4,7.1
9344,0.5037,0,NORMAL,14.7,3.7,2.3,3.2
9345,0.2298,0,NORMAL,15.0,3.4,2.5,3.7
9346,0.2236,0,NORMAL,15.2,4.1,1.9,2.7
9347,0.2462,0,NORMAL,15.3,3.5,2.1,2.8
9348,0.2683,0,NORMAL,15.4,3.5,2.0,3.0
9349,0.2673,0,NORMAL,15.4,4.1,1.9,2.5
9350,0.2755,0,NORMAL,15.4,3.5,2.4,3.2
9351,0.2688,0,NORMAL,15.5,3.3,2.2,3.3
9352,0.2705,0,NORMAL,15.4,4.0,2.4,3.2
9353,0.2613,0,NORMAL,15.6,3.5,2.7,3.5
9354,0.2593,0,NORMAL,15.5,3.5,1.5,2.3
9355,0.2795,0,NORMAL,15.6,3.7,2.5,3.5
9356,0.2639,0,NORMAL,15.3,3.0,2.0,2.8
9357,0.5364,0,NORMAL,15.7,5.1,1.9,2.7
9358,0.2531,0,NORMAL,15.7,3.2,1.7,2.5
9359,0.2729,0,NORMAL,15.9,3.0,2.0,3.5
9360,0.2573,0,NORMAL,16.1,4.2,3.1,4.8
9361,0.2252,0,NORMAL,16.0,3.2,1.7,2.5
9362,0.278,0,NORMAL,16.0,4.0,2.4,3.6
9363,0.2182,0,NORMAL,16.3,3.5,2.1,2.5
9364,0.2508,0,NORMAL,16.0,2.9,1.8,2.7
9365,0.2677,0,NORMAL,16.2,3.3,2.1,2.5
9366,0.2785,0,NORMAL,16.0,4.0,2.1,3.1
9367,0.2547,0,NORMAL,16.1,3.5,2.3,3.2
9368,0.2525,0,NORMAL,16.3,3.2,2.3,3.1
9369,0.2527,0,NORMAL,16.3,3.4,1.7,2.7
9370,0.2586,0,NORMAL,16.3,4.1,2.1,2.8
9371,0.2493,0,NORMAL,16.1,3.8,2.2,2.7
9372,0.2649,0,NORMAL,16.2,3.8,1.2,1.5
9373,0.2917,0,NORMAL,15.8,3.6,1.4,2.1
9374,0.2942,0,NORMAL,16.1,3.6,2.5,3.4
9375,0.2714,0,NORMAL,16.2,3.3,1.5,1.8
9376,0.3032,0,NORMAL,16.2,3.7,1.8,2.7
9377,0.2847,0,NORMAL,16.0,3.3,1.7,2.3
9378,0.2871,0,NORMAL,16.1,3.4,1.7,2.4
9379,0.8579,0,WARNING,16.5,3.9,2.3,3.2
9380,0.2612,0,NORMAL,16.4,3.4,2.1,3.0
9381,0.2521,0,NORMAL,16.2,3.4,1.9,2.5
9382,0.2647,0,NORMAL,16.3,4.0,1.4,1.8
9383,0.2771,0,NORMAL,16.1,2.5,1.4,1.6
9384,0.3198,0,NORMAL,16.3,3.1,2.2,3.2
9385,0.3321,0,NORMAL,16.3,3.2,2.1,2.8
9386,0.2796,0,NORMAL,16.4,3.3,1.6,1.7
9387,0.3014,0,NORMAL,16.2,3.6,1.5,1.8
9388,0.3083,0,NORMAL,16.3,4.1,1.5,2.0
9389,0.298,0,NORMAL,16.3,3.6,1.8,2.5
9390,0.7902,0,WARNING,16.2,6.5,2.0,2.7
9391,0.2489,0,NORMAL,16.3,2.9,1.4,2.2
9392,0.2651,0,NORMAL,16.4,3.2,1.6,2.0
9393,0.2945,0,NORMAL,16.3,3.5,1.4,1.8
9394,0.2982,0,NORMAL,16.6,3.5,2.9,3.8
9395,0.2568,0,NORMAL,16.3,3.7,2.1,2.8
9396,0.2587,0,NORMAL,16.4,3.8,1.8,2.5
9397,0.2648,0,NORMAL,16.4,3.5,1.3,1.6
9398,0.2857,0,NORMAL,16.1,2.8,1.9,2.5
9399,0.2939,0,NORMAL,16.3,3.3,1.6,2.6
9400,0.3084,0,NORMAL,16.3,3.3,0.9,1.2
9401,0.3143,0,NORMAL,16.3,3.8,1.1,1.5
9402,0.3687,0,NORMAL,16.1,3.1,1.8,2.0
9403,0.3124,0,NORMAL,16.3,3.9,1.4,2.1
9404,0.3014,0,NORMAL,16.1,3.1,1.3,2.0
9405,0.3096,0,NORMAL,16.2,3.0,1.4,2.0
9406,0.3114,0,NORMAL,16.3,3.0,1.1,1.7
9407,0.3177,0,NORMAL,16.1,2.9,1.2,1.6
9408,0.3337,0,NORMAL,16.2,3.7,1.4,1.8
9409,0.323,0,NORMAL,16.4,3.7,1.5,2.1
9410,0.309,0,NORMAL,16.3,2.7,1.2,1.8
9411,0.3293,0,NORMAL,16.3,3.8,1.4,1.5
9412,0.3317,0,NORMAL,16.3,3.3,1.6,2.5
9413,0.3148,0,NORMAL,16.3,3.4,1.3,1.8
9414,0.3163,0,NORMAL,16.2,3.1,1.4,1.9
9415,0.3206,0,NORMAL,16.4,3.2,1.4,2.2
9416,0.3128,0,NORMAL,16.3,3.5,1.4,1.4
9417,0.3292,0,NORMAL,16.3,3.5,1.0,1.0
9418,0.3423,0,NORMAL,16.2,3.5,1.1,1.5
9419,0.3374,0,NORMAL,16.3,4.0,1.4,2.1
9420,0.3179,0,NORMAL,16.2,3.0,1.1,1.7
9421,0.3214,0,NORMAL,16.4,2.9,1.1,1.7
9422,0.325,0,NORMAL,16.4,3.6,0.9,1.3
9423,0.3284,0,NORMAL,16.1,2.7,1.1,1.3
9424,0.3523,0,NORMAL,16.2,3.4,1.5,2.2
9425,0.3313,0,NORMAL,16.3,3.6,0.9,1.1
9426,0.3388,0,NORMAL,16.3,2.8,0.7,1.1
9427,0.3541,0,NORMAL,16.1,3.9,1.7,2.5
9428,0.3177,0,NORMAL,16.3,3.3,1.3,1.8
9429,0.319,0,NORMAL,16.2,2.7,0.8,1.2
9430,0.3494,0,NORMAL,16.3,3.9,1.0,1.5
9431,0.3358,0,NORMAL,16.1,2.5,1.1,1.7
9432,0.3403,0,NORMAL,16.3,3.7,1.2,1.1
9433,0.3885,0,NORMAL,16.2,3.9,1.0,1.5
9434,0.3496,0,NORMAL,16.2,3.0,0.4,0.6
9435,0.366,0,NORMAL,16.0,2.9,1.1,1.3
9436,0.3722,0,NORMAL,16.2,3.0,1.0,1.3
9437,0.3686,0,NORMAL,16.3,3.4,1.3,1.5
9438,0.3536,0,NORMAL,16.3,3.3,1.5,2.2
9439,0.3363,0,NORMAL,16.1,2.7,1.0,1.5
9440,0.35,0,NORMAL,16.3,3.8,1.1,1.5
9441,0.3371,0,NORMAL,16.5,3.0,1.4,2.2
9442,0.3397,0,NORMAL,16.2,3.8,1.3,1.8
9443,0.3208,0,NORMAL,16.4,3.3,1.3,1.8
9444,0.3081,0,NORMAL,16.4,3.3,1.6,2.5
9445,0.7651,0,WARNING,16.2,6.0,1.0,1.5
9446,0.309,0,NORMAL,16.4,3.6,1.3,1.3
9447,0.3087,0,NORMAL,16.2,4.0,1.1,1.3
9448,0.3144,0,NORMAL,16.4,3.8,1.5,2.2
9449,0.3064,0,NORMAL,16.3,3.1,1.0,1.7
9450,0.3159,0,NORMAL,16.3,3.1,1.3,2.3
9451,0.3083,0,NORMAL,16.3,3.2,1.0,1.5
9452,0.3249,0,NORMAL,16.1,3.1,0.7,0.8
9453,0.348,0,NORMAL,16.2,2.9,1.1,1.1
9454,0.3698,0,NORMAL,16.2,3.0,1.1,1.5
9455,0.3625,0,NORMAL,16.2,3.0,0.7,0.8
9456,0.376,0,NORMAL,16.1,2.9,0.9,1.7
9457,0.3569,0,NORMAL,16.1,3.0,1.0,1.7
9458,0.3478,0,NORMAL,16.4,3.0,1.0,1.3
9459,0.3521,0,NORMAL,16.4,3.2,1.1,1.7
9460,0.342,0,NORMAL,16.4,4.0,0.8,1.2
9461,1.0,0,ANOMALY,19.2,16.5,1.0,1.2
9462,0.8499,0,WARNING,16.8,4.2,0.9,1.2
9463,0.853,0,WARNING,16.7,4.0,0.9,1.2
9464,0.8562,0,WARNING,16.5,3.6,1.1,1.5
9465,0.2974,0,NORMAL,16.3,3.1,1.1,1.5
9466,0.3127,0,NORMAL,16.4,3.9,1.0,1.2
9467,0.8583,0,WARNING,16.6,2.8,1.0,1.2
9468,0.3482,0,NORMAL,16.2,3.2,0.9,1.2
9469,0.3531,0,NORMAL,16.2,2.4,0.9,1.2
9470,0.3657,0,NORMAL,16.3,3.7,1.1,1.7
9471,0.3384,0,NORMAL,16.1,2.8,1.1,1.2
9472,0.3497,0,NORMAL,16.3,3.1,1.2,1.8
9473,0.3432,0,NORMAL,16.2,3.4,0.8,1.2
9474,0.3399,0,NORMAL,16.2,2.5,0.7,1.1
9475,0.3542,0,NORMAL,16.4,2.7,1.1,1.5
9476,0.3566,0,NORMAL,16.3,3.2,0.5,0.6
9477,0.367,0,NORMAL,16.3,4.1,0.9,1.0
9478,0.3529,0,NORMAL,16.2,3.0,1.1,1.5
9479,0.3474,0,NORMAL,16.4,3.7,1.3,1.8
9480,0.8597,0,WARNING,16.6,4.4,1.1,1.8
9481,0.308,0,NORMAL,16.4,3.4,1.1,1.3
9482,0.3146,0,NORMAL,16.5,2.7,0.7,0.9
9483,0.3423,0,NORMAL,16.7,2.6,0.8,1.2
9484,0.3516,0,NORMAL,16.4,2.8,0.9,1.2
9485,0.3533,0,NORMAL,16.5,3.1,0.9,1.5
9486,0.3456,0,NORMAL,16.5,3.1,1.0,1.2
9487,0.3433,0,NORMAL,16.4,3.6,1.2,1.5
9488,0.4537,0,NORMAL,16.4,2.7,0.7,0.8
9489,0.3501,0,NORMAL,16.5,2.9,0.9,1.3
9490,0.3459,0,NORMAL,16.7,3.0,0.9,1.2
9491,0.3492,0,NORMAL,16.7,2.9,0.8,0.9
9492,0.3675,0,NORMAL,16.4,4.2,1.2,1.3
9493,0.3382,0,NORMAL,16.6,3.5,1.2,1.5
9494,0.3322,0,NORMAL,16.6,2.9,1.0,1.5
9495,0.3495,0,NORMAL,16.5,2.8,0.2,0.3
9496,0.3881,0,NORMAL,16.5,2.4,0.1,0.0
9497,0.864,0,WARNING,16.7,3.6,0.1,0.0
9498,0.4087,0,NORMAL,16.5,2.6,0.1,0.0
9499,0.4126,0,NORMAL,16.5,3.3,0.7,0.8
9500,0.397,0,NORMAL,16.3,2.7,0.9,1.1
9501,0.3857,0,NORMAL,16.7,3.2,1.0,1.3
9502,0.3683,0,NORMAL,16.8,2.9,0.8,1.1
9503,0.3608,0,NORMAL,16.5,2.9,1.0,1.3
9504,0.3558,0,NORMAL,16.7,3.1,0.6,0.8
9505,0.3582,0,NORMAL,16.5,2.4,0.9,1.2
9506,0.7775,0,WARNING,16.4,5.7,1.0,1.0
9507,0.326,0,NORMAL,16.6,3.9,0.8,0.9
9508,0.3499,0,NORMAL,16.6,4.0,0.5,0.6
9509,0.3435,0,NORMAL,16.4,2.8,0.8,1.1
9510,0.347,0,NORMAL,16.6,3.3,1.2,2.2
9511,0.3147,0,NORMAL,16.6,3.3,0.9,1.0
9512,0.3339,0,NORMAL,16.5,3.5,1.1,1.0
9513,0.9958,0,ANOMALY,17.3,5.2,0.7,0.8
9514,0.8598,0,WARNING,16.9,3.0,0.8,1.1
9515,0.3347,0,NORMAL,16.5,3.3,0.9,0.9
9516,0.3414,0,NORMAL,16.6,2.8,0.7,0.8
9517,0.3584,0,NORMAL,16.4,2.6,0.6,0.6
9518,0.3737,0,NORMAL,16.7,3.0,0.7,0.6
9519,0.3716,0,NORMAL,16.9,3.0,1.1,1.7
9520,0.3448,0,NORMAL,16.7,3.1,0.9,1.0
9521,0.3702,0,NORMAL,16.5,3.9,1.1,1.3
9522,0.3318,0,NORMAL,16.6,2.9,0.7,0.8
9523,0.358,0,NORMAL,16.5,3.4,1.1,1.3
9524,0.3515,0,NORMAL,16.6,3.1,0.8,1.1
9525,0.3526,0,NORMAL,16.5,2.8,0.7,0.8
9526,0.3642,0,NORMAL,16.5,3.4,1.0,1.0
9527,0.3607,0,NORMAL,16.3,2.9,0.6,0.6
9528,0.3691,0,NORMAL,16.5,3.2,0.7,0.8
9529,0.3646,0,NORMAL,16.4,3.1,0.8,1.2
9530,0.9959,0,ANOMALY,17.0,13.8,0.8,0.9
9531,0.3511,0,NORMAL,16.4,2.8,0.8,0.6
9532,0.3089,0,NORMAL,16.3,2.6,0.7,0.8
9533,0.3496,0,NORMAL,16.3,4.0,0.8,0.6
9534,0.3496,0,NORMAL,16.3,1.9,0.3,0.5
9535,0.4045,0,NORMAL,16.3,2.6,0.8,0.6
9536,0.382,0,NORMAL,16.3,2.6,0.3,0.5
9537,0.3869,0,NORMAL,16.4,3.9,0.9,1.0
9538,0.3687,0,NORMAL,16.3,2.8,0.8,0.6
9539,0.3814,0,NORMAL,16.6,3.2,2.1,1.6
9540,0.3628,0,NORMAL,17.2,4.3,4.7,3.5
9541,0.31,0,NORMAL,16.7,2.7,0.6,1.1
9542,0.3295,0,NORMAL,16.4,2.4,1.0,1.3
9543,0.3519,0,NORMAL,16.3,2.9,1.0,0.8
9544,0.3652,0,NORMAL,16.6,2.7,1.0,1.3
9545,0.3822,0,NORMAL,16.5,3.3,0.7,0.6
9546,0.3626,0,NORMAL,16.6,3.3,0.9,1.2
9547,0.3555,0,NORMAL,16.6,2.4,0.9,1.0
9548,0.3769,0,NORMAL,16.4,2.7,0.8,0.9
9549,0.3808,0,NORMAL,16.7,3.0,1.0,1.3
9550,0.3682,0,NORMAL,16.6,3.4,0.5,0.6
9551,0.3673,0,NORMAL,16.6,3.3,0.7,0.8
9552,0.3616,0,NORMAL,16.7,3.9,0.8,0.8
9553,0.3637,0,NORMAL,16.7,2.5,0.7,0.8
9554,0.3759,0,NORMAL,16.5,3.0,0.8,0.9
9555,0.3727,0,NORMAL,16.7,2.6,1.1,1.8
9556,0.4391,0,NORMAL,16.7,3.4,1.2,2.0
9557,0.3494,0,NORMAL,16.7,2.8,0.8,0.6
9558,0.3569,0,NORMAL,16.7,3.4,1.1,1.3
9559,0.9982,0,ANOMALY,16.9,15.3,1.0,1.3
9560,0.8767,0,WARNING,16.7,7.3,1.1,1.3
9561,0.3189,0,NORMAL,16.5,3.1,1.1,1.3
9562,0.3206,0,NORMAL,16.8,2.9,0.9,1.2
9563,0.3661,0,NORMAL,16.5,2.6,0.9,1.2
9564,0.329,0,NORMAL,16.5,2.9,0.9,1.2
9565,0.3421,0,NORMAL,16.6,2.8,0.7,0.8
9566,0.362,0,NORMAL,16.8,3.4,0.6,0.6
9567,0.3674,0,NORMAL,16.6,3.6,0.8,0.9
9568,0.3636,0,NORMAL,16.6,2.5,0.9,0.9
9569,0.7691,0,WARNING,16.8,6.2,0.9,1.1
9570,0.324,0,NORMAL,16.7,3.0,0.8,1.1
9571,0.3285,0,NORMAL,16.5,3.1,1.3,1.8
9572,0.3498,0,NORMAL,16.5,2.6,0.4,0.6
9573,0.3691,0,NORMAL,16.5,2.3,0.6,0.8
9574,0.3766,0,NORMAL,16.7,2.9,0.7,0.8
9575,0.4215,0,NORMAL,16.7,4.1,1.2,1.0
9576,0.341,0,NORMAL,16.7,3.2,0.8,0.8
9577,0.3488,0,NORMAL,16.5,2.5,0.9,0.9
9578,0.3683,0,NORMAL,16.7,2.8,0.8,1.1
9579,0.3605,0,NORMAL,16.7,2.7,1.0,1.3
9580,0.3639,0,NORMAL,16.8,3.3,0.8,1.1
9581,0.3518,0,NORMAL,16.7,2.8,0.6,0.8
9582,0.4311,0,NORMAL,16.6,4.3,1.2,0.8
9583,0.347,0,NORMAL,16.7,3.0,0.6,0.8
9584,0.3587,0,NORMAL,16.6,3.1,0.8,0.9
9585,0.3654,0,NORMAL,16.5,3.1,1.0,1.0
9586,0.3622,0,NORMAL,16.7,2.4,0.6,0.8
9587,0.8618,0,WARNING,16.9,3.4,0.8,0.9
9588,0.3745,0,NORMAL,16.5,2.7,0.7,0.8
9589,0.4942,0,NORMAL,16.5,3.7,0.8,1.1
9590,0.3618,0,NORMAL,16.3,2.5,0.7,1.1
9591,0.3587,0,NORMAL,16.5,3.1,1.0,1.2
9592,0.3461,0,NORMAL,16.4,3.1,0.6,0.8
9593,0.359,0,NORMAL,16.4,2.5,1.0,1.0
9594,0.3801,0,NORMAL,16.5,2.9,0.3,0.5
9595,0.3905,0,NORMAL,16.4,2.9,0.9,1.0
9596,0.3896,0,NORMAL,16.5,3.0,1.0,1.0
9597,0.4865,0,NORMAL,16.2,4.3,0.9,0.9
9598,0.3633,0,NORMAL,16.5,2.9,0.9,1.2
9599,0.365,0,NORMAL,16.5,3.1,1.2,1.3
9600,0.3594,0,NORMAL,16.5,3.4,1.2,1.8
9601,0.3418,0,NORMAL,16.3,2.6,0.7,0.8
9602,0.3609,0,NORMAL,16.4,2.8,0.7,1.1
9603,0.3629,0,NORMAL,16.3,2.2,0.9,1.0
9604,0.3826,0,NORMAL,16.3,3.0,0.7,1.1
9605,0.3749,0,NORMAL,16.7,3.0,1.0,1.0
9606,0.3775,0,NORMAL,16.5,2.2,0.7,0.8
9607,0.5548,0,NORMAL,16.6,2.8,0.9,1.1
9608,0.3715,0,NORMAL,16.5,2.4,0.7,0.8
9609,0.3827,0,NORMAL,16.7,3.4,1.1,1.5
9610,0.3559,0,NORMAL,16.6,2.9,0.8,0.9
9611,0.3616,0,NORMAL,16.8,3.0,1.3,1.8
9612,0.3453,0,NORMAL,16.8,2.5,0.7,1.1
9613,0.429,0,NORMAL,16.7,4.7,0.8,0.9
9614,0.3247,0,NORMAL,16.6,3.2,0.7,1.1
9615,0.5282,0,NORMAL,16.5,2.0,0.6,0.8
9616,0.3611,0,NORMAL,16.8,3.6,1.1,1.7
9617,0.3303,0,NORMAL,16.5,2.2,0.9,1.0
9618,0.3627,0,NORMAL,16.4,2.9,1.2,1.3
9619,0.3635,0,NORMAL,16.6,3.1,1.0,1.2
9620,0.3585,0,NORMAL,16.6,3.1,1.1,1.3
9621,0.3539,0,NORMAL,16.3,2.9,0.9,1.0
9622,0.3599,0,NORMAL,16.5,3.1,1.0,1.3
9623,0.3549,0,NORMAL,16.5,2.8,0.6,0.8
9624,0.3717,0,NORMAL,16.4,2.5,1.1,1.5
9625,0.3684,0,NORMAL,16.8,3.2,0.8,0.6
9626,0.3696,0,NORMAL,16.8,2.8,1.0,1.2
9627,0.3656,0,NORMAL,16.5,3.7,1.2,1.5
9628,0.3437,0,NORMAL,16.4,3.2,0.7,0.8
9629,0.357,0,NORMAL,16.6,3.2,1.1,1.7
9630,0.752,0,WARNING,16.7,5.8,1.1,1.5
9631,0.3847,0,NORMAL,16.6,3.8,1.5,2.1
9632,0.3311,0,NORMAL,16.4,2.7,1.2,1.8
9633,0.2991,0,NORMAL,16.6,3.0,1.2,1.8
9634,0.3109,0,NORMAL,16.5,3.0,1.1,1.7
9635,0.3289,0,NORMAL,16.4,3.3,1.4,1.8
9636,0.3191,0,NORMAL,16.5,3.0,1.0,1.3
9637,0.3336,0,NORMAL,16.5,2.2,1.2,1.8
9638,0.3432,0,NORMAL,16.4,3.1,1.0,1.5
9639,0.3383,0,NORMAL,16.6,3.4,1.2,2.0
9640,0.3148,0,NORMAL,16.6,3.0,0.8,1.1
9641,0.3342,0,NORMAL,16.6,3.6,1.2,1.5
9642,0.3555,0,NORMAL,16.6,3.7,1.1,1.7
9643,0.313,0,NORMAL,16.6,3.3,1.3,1.8
9644,0.315,0,NORMAL,16.4,2.5,1.0,1.7
9645,0.3271,0,NORMAL,16.6,2.8,0.8,1.2
9646,0.3439,0,NORMAL,16.4,2.6,1.3,2.0
9647,0.3343,0,NORMAL,16.6,3.1,1.3,2.0
9648,0.3163,0,NORMAL,16.6,2.6,1.2,1.5
9649,0.3348,0,NORMAL,16.6,3.6,1.2,1.8
9650,0.4568,0,NORMAL,16.6,2.5,1.4,2.3
9651,0.3157,0,NORMAL,16.7,3.3,1.1,1.5
9652,0.3871,0,NORMAL,16.6,4.2,1.4,2.1
9653,0.9893,0,WARNING,16.7,11.5,1.4,1.9
9654,0.9851,0,WARNING,16.8,11.1,1.0,1.5
9655,0.9888,0,WARNING,16.7,11.7,1.4,2.0
9656,0.9838,0,WARNING,16.6,10.8,0.8,1.5
9657,0.9902,0,ANOMALY,16.9,12.2,2.0,2.5
9658,0.9935,0,ANOMALY,16.9,13.3,2.2,3.0
9659,0.9867,0,WARNING,16.8,11.7,1.3,1.8
9660,0.9866,0,WARNING,16.9,11.7,1.4,2.2
9661,0.9876,0,WARNING,16.9,11.5,1.3,2.3
9662,0.9914,0,ANOMALY,16.6,11.9,0.9,1.5
9663,0.9862,0,WARNING,16.9,11.8,1.8,2.5
9664,0.9857,0,WARNING,16.9,11.3,1.6,2.5
9665,0.9897,0,WARNING,16.9,12.1,1.8,2.5
9666,0.9871,0,WARNING,16.8,11.3,1.1,1.8
9667,0.9888,0,WARNING,16.8,12.7,0.9,1.6
9668,0.9899,0,WARNING,16.9,12.3,1.6,2.1
9669,0.9878,0,WARNING,16.9,11.7,1.1,2.0
9670,0.9912,0,ANOMALY,16.9,12.3,1.7,2.4
9671,0.9913,0,ANOMALY,16.9,12.3,1.4,2.1
9672,0.9917,0,ANOMALY,16.8,12.3,1.2,1.8
9673,0.9912,0,ANOMALY,16.7,12.2,1.1,1.5
9674,0.9883,0,WARNING,16.9,11.7,1.1,1.7
9675,0.9896,0,WARNING,16.7,11.7,1.2,1.8
9676,0.9893,0,WARNING,17.1,12.2,1.7,2.5
9677,0.9908,0,ANOMALY,16.9,12.3,2.2,3.4
9678,0.9876,0,WARNING,17.0,12.9,1.9,2.7
9679,0.9149,0,WARNING,17.0,8.1,1.6,2.5
9680,0.232,0,NORMAL,16.9,3.6,2.3,2.9
9681,0.4204,0,NORMAL,16.8,4.3,2.1,2.5
9682,0.2454,0,NORMAL,16.6,3.4,1.8,2.9
9683,0.2656,0,NORMAL,16.8,3.0,1.6,1.9
9684,0.2534,0,NORMAL,16.8,3.0,1.6,2.4
9685,0.275,0,NORMAL,16.7,3.6,2.1,2.8
9686,0.7406,0,WARNING,16.9,6.3,2.0,2.7
9687,0.2404,0,NORMAL,16.9,4.2,2.3,3.2
9688,0.3373,0,NORMAL,16.2,4.1,2.3,2.9
9689,0.2681,0,NORMAL,15.5,3.7,2.2,2.5
9690,0.2692,0,NORMAL,15.3,3.5,1.9,2.3
9691,0.2999,0,NORMAL,15.0,3.2,2.9,4.4
9692,0.2557,0,NORMAL,15.4,3.3,1.9,3.0
9693,0.268,0,NORMAL,15.7,3.4,1.6,2.3
9694,0.4388,0,NORMAL,15.9,3.3,2.2,3.3
9695,0.2751,0,NORMAL,15.8,3.3,1.5,2.1
9696,0.2999,0,NORMAL,15.4,3.5,2.0,2.5
9697,0.3046,0,NORMAL,14.8,3.1,1.7,2.7
9698,0.3194,0,NORMAL,14.6,3.4,2.3,3.2
9699,0.8641,0,WARNING,15.0,5.0,2.3,3.3
9700,0.2651,0,NORMAL,14.6,3.5,2.2,2.7
9701,0.2992,0,NORMAL,14.6,3.4,2.2,3.3
9702,0.2881,0,NORMAL,14.9,4.1,2.1,3.0
9703,0.4503,0,NORMAL,14.6,4.4,1.5,2.3
9704,0.3373,0,NORMAL,14.9,4.2,2.3,3.1
9705,0.2657,0,NORMAL,14.9,4.1,3.0,3.8
9706,0.2573,0,NORMAL,15.1,3.0,2.3,2.9
9707,0.2829,0,NORMAL,15.6,3.5,1.7,2.3
9708,0.2896,0,NORMAL,15.7,3.9,2.6,3.7
9709,0.2609,0,NORMAL,15.8,4.0,2.5,3.7
9710,0.3367,0,NORMAL,16.0,5.1,3.5,4.4
9711,0.1861,0,NORMAL,15.7,3.1,2.5,3.9
9712,0.2084,0,NORMAL,15.6,3.6,2.3,3.5
9713,0.215,0,NORMAL,16.0,3.8,2.6,3.7
9714,0.2213,0,NORMAL,16.1,3.8,2.9,4.2
9715,0.2054,0,NORMAL,16.0,3.5,2.5,3.9
9716,0.3882,0,NORMAL,16.4,4.5,3.2,4.4
9717,0.2116,0,NORMAL,16.5,3.8,2.3,3.6
9718,0.1992,0,NORMAL,16.7,3.9,3.3,4.2
9719,0.2116,0,NORMAL,16.7,4.3,2.1,3.7
9720,0.1864,0,NORMAL,16.8,3.5,3.4,4.7
9721,0.1498,0,NORMAL,16.9,4.1,3.1,4.7
9722,0.2383,0,NORMAL,16.5,3.5,2.3,3.7
9723,0.2872,0,NORMAL,16.5,3.9,2.5,3.7
9724,0.235,0,NORMAL,16.7,4.4,2.9,3.9
9725,0.1701,0,NORMAL,16.7,3.7,3.1,4.5
9726,0.1856,0,NORMAL,16.6,3.3,2.8,4.2
9727,0.16,0,NORMAL,16.5,3.6,2.4,3.9
9728,0.3248,0,NORMAL,16.6,4.4,3.3,4.8
9729,0.1427,0,NORMAL,16.5,3.6,3.3,4.4
9730,0.274,0,NORMAL,16.4,4.9,2.8,4.0
9731,0.1419,0,NORMAL,16.3,3.7,3.0,4.2
9732,0.1869,0,NORMAL,16.5,3.8,3.1,4.5
9733,0.3904,0,NORMAL,16.3,5.2,3.8,5.6
9734,0.1757,0,NORMAL,16.6,4.3,4.0,6.3
9735,0.2012,0,NORMAL,16.4,3.7,3.9,5.9
9736,0.2411,0,NORMAL,16.5,4.4,4.3,6.1
9737,0.0708,0,NORMAL,16.5,3.7,3.8,5.7
9738,0.1587,0,NORMAL,16.7,3.9,3.0,4.4
9739,0.1203,0,NORMAL,16.8,4.3,3.7,6.1
9740,0.1591,0,NORMAL,16.9,4.2,3.7,5.9
9741,0.1226,0,NORMAL,16.8,4.1,3.7,5.6
9742,0.2556,0,NORMAL,16.7,3.6,3.5,5.2
9743,0.2197,0,NORMAL,16.9,4.6,3.6,5.7
9744,0.1924,0,NORMAL,16.6,3.7,3.1,4.9
9745,0.2097,0,NORMAL,17.0,4.4,4.2,5.7
9746,0.7936,0,WARNING,17.0,7.2,3.7,4.8
9747,0.2417,0,NORMAL,17.1,3.8,2.8,4.4
9748,0.2941,0,NORMAL,17.1,4.7,4.0,5.7
9749,0.1201,0,NORMAL,17.0,4.1,4.2,6.1
9750,0.1688,0,NORMAL,17.1,4.7,4.2,6.3
9751,0.2227,0,NORMAL,16.8,4.8,4.5,7.3
9752,0.1184,0,NORMAL,16.8,3.8,4.0,6.3
9753,0.1367,0,NORMAL,17.0,4.2,3.8,5.9
9754,0.1967,0,NORMAL,17.0,4.4,4.3,6.1
9755,0.2033,0,NORMAL,17.1,4.2,4.1,6.3
9756,0.1237,0,NORMAL,16.7,4.1,3.3,5.0
9757,0.2963,0,NORMAL,16.8,3.9,3.1,5.0
9758,0.2359,0,NORMAL,16.9,4.2,4.4,7.1
9759,0.1699,0,NORMAL,17.2,4.8,4.5,6.4
9760,0.1595,0,NORMAL,17.4,4.7,4.0,5.1
9761,0.229,0,NORMAL,17.1,4.1,4.4,6.6
9762,0.4568,0,NORMAL,16.8,5.0,3.5,5.2
9763,0.1443,0,NORMAL,16.7,4.0,3.1,5.0
9764,0.1736,0,NORMAL,17.1,4.2,4.5,7.0
9765,0.1544,0,NORMAL,16.8,3.6,3.0,4.7
9766,0.1202,0,NORMAL,17.1,4.3,4.5,6.2
9767,0.1728,0,NORMAL,17.1,4.4,4.4,6.6
9768,0.0665,0,NORMAL,17.1,4.0,3.9,5.7
9769,0.1441,0,NORMAL,17.1,3.9,3.3,5.4
9770,0.264,0,NORMAL,17.1,4.8,3.6,5.4
9771,0.1535,0,NORMAL,16.8,4.4,4.6,6.4
9772,0.119,0,NORMAL,17.0,3.9,4.2,6.1
9773,0.1419,0,NORMAL,17.0,4.1,3.9,6.2
9774,0.1189,0,NORMAL,16.9,4.0,3.8,6.0
9775,0.153,0,NORMAL,16.9,4.5,4.0,5.6
9776,0.1393,0,NORMAL,16.8,4.7,4.3,6.1
9777,0.2561,0,NORMAL,17.2,4.8,4.6,7.4
9778,0.4342,0,NORMAL,16.9,4.1,4.4,6.4
9779,0.1502,0,NORMAL,17.1,4.8,4.3,6.4
9780,0.1809,0,NORMAL,17.0,4.1,3.5,5.4
9781,0.2531,0,NORMAL,17.1,4.6,5.2,7.5
9782,0.1333,0,NORMAL,17.0,4.4,4.3,5.9
9783,0.3766,0,NORMAL,17.1,4.8,4.5,6.6
9784,0.134,0,NORMAL,16.9,3.9,3.8,5.9
9785,0.1431,0,NORMAL,16.9,3.8,3.3,5.4
9786,0.2178,0,NORMAL,17.1,3.8,4.0,5.9
9787,0.1729,0,NORMAL,17.1,4.3,4.7,6.8
9788,0.1187,0,NORMAL,16.9,3.7,3.6,6.1
9789,0.1588,0,NORMAL,17.2,5.3,5.1,6.8
9790,0.1709,0,NORMAL,17.2,3.9,4.3,3.8
9791,0.1863,0,NORMAL,16.9,3.9,3.7,5.9
9792,0.2661,0,NORMAL,16.9,4.7,4.2,6.2
9793,0.4331,0,NORMAL,17.0,5.3,4.4,7.3
9794,0.1184,0,NORMAL,17.0,3.7,4.6,6.4
9795,0.202,0,NORMAL,17.2,4.9,4.3,6.4
9796,0.1718,0,NORMAL,17.1,4.4,4.7,6.9
9797,0.2931,0,NORMAL,17.1,4.6,5.1,6.6
9798,0.1118,0,NORMAL,17.1,4.0,3.2,4.8
9799,0.27,0,NORMAL,17.3,5.0,5.8,8.1
9800,0.1186,0,NORMAL,17.3,4.9,4.5,4.3
9801,0.1713,0,NORMAL,17.0,3.8,4.0,3.8
9802,0.1094,0,NORMAL,17.1,4.3,3.5,5.6
9803,0.1732,0,NORMAL,17.1,3.9,4.1,6.8
9804,0.1726,0,NORMAL,17.0,4.9,4.7,6.7
9805,0.1324,0,NORMAL,17.1,4.1,4.4,6.2
9806,0.2931,0,NORMAL,17.2,5.0,3.8,6.1
9807,0.1366,0,NORMAL,17.2,4.3,3.9,5.9
9808,0.1809,0,NORMAL,17.0,4.4,4.4,6.6
9809,0.1425,0,NORMAL,17.1,5.3,4.8,6.6
9810,0.7702,0,WARNING,17.3,7.9,5.1,5.6
9811,0.1074,0,NORMAL,17.1,4.5,4.7,5.3
9812,0.169,0,NORMAL,17.3,5.6,5.6,6.6
9813,0.171,0,NORMAL,17.4,4.7,4.6,6.7
9814,0.1718,0,NORMAL,17.2,5.0,5.4,4.3
9815,0.1192,0,NORMAL,17.1,5.0,5.2,4.5
9816,0.1718,0,NORMAL,17.3,4.6,5.5,7.3
9817,0.2404,0,NORMAL,17.2,4.9,4.4,5.2
9818,0.0991,0,NORMAL,17.2,3.9,4.2,5.4
9819,0.1722,0,NORMAL,17.2,4.7,4.5,6.6
9820,0.1184,0,NORMAL,17.1,4.5,4.3,6.4
9821,0.176,0,NORMAL,17.1,3.9,3.7,5.7
9822,0.487,0,NORMAL,17.2,5.6,4.2,6.3
9823,0.1723,0,NORMAL,17.1,4.8,5.1,6.8
9824,0.4182,0,NORMAL,17.0,4.6,3.6,5.9
9825,0.3239,0,NORMAL,16.8,4.5,5.2,6.9
9826,0.0813,0,NORMAL,17.2,5.5,5.9,6.5
9827,0.334,0,NORMAL,17.2,4.6,3.9,4.0
9828,0.1722,0,NORMAL,17.0,4.8,4.8,7.1
9829,0.3113,0,NORMAL,17.1,4.7,4.5,6.4
9830,0.1055,0,NORMAL,17.1,4.7,4.5,5.7
9831,0.1184,0,NORMAL,17.0,4.2,4.2,6.1
9832,0.1721,0,NORMAL,17.2,3.9,4.6,7.0
9833,0.2911,0,NORMAL,17.1,4.7,4.3,6.2
9834,0.2203,0,NORMAL,17.1,4.7,5.3,3.8
9835,0.0996,0,NORMAL,17.1,4.5,4.6,4.7
9836,0.14,0,NORMAL,16.9,4.9,4.8,6.4
9837,0.1633,0,NORMAL,17.1,4.5,3.9,6.1
9838,0.2631,0,NORMAL,17.1,5.3,4.9,6.9
9839,0.1244,0,NORMAL,17.0,3.6,3.9,6.0
9840,0.1236,0,NORMAL,17.0,4.4,3.5,5.8
9841,0.223,0,NORMAL,17.2,4.4,4.8,7.3
9842,0.2586,0,NORMAL,17.1,3.8,3.4,6.1
9843,0.1725,0,NORMAL,17.1,5.1,4.5,6.9
9844,0.1553,0,NORMAL,17.0,4.1,5.2,6.1
9845,0.4182,0,NORMAL,17.3,5.2,4.6,5.6
9846,0.1726,0,NORMAL,17.3,4.9,4.9,5.7
9847,0.0972,0,NORMAL,17.3,4.5,5.0,5.5
9848,0.3532,0,NORMAL,17.3,4.9,4.9,5.9
9849,0.0967,0,NORMAL,17.4,4.9,4.8,5.5
9850,0.2757,0,NORMAL,16.9,4.6,4.4,4.7
9851,0.139,0,NORMAL,17.3,4.3,4.8,5.5
9852,0.0858,0,NORMAL,17.3,4.9,4.5,5.5
9853,0.4654,0,NORMAL,17.3,6.0,4.8,7.0
9854,0.1586,0,NORMAL,17.2,3.9,4.4,6.4
9855,0.4183,0,NORMAL,17.2,5.5,4.4,7.1
9856,0.1535,0,NORMAL,17.0,4.2,5.0,6.4
9857,0.2137,0,NORMAL,17.2,4.2,4.4,6.3
9858,0.1181,0,NORMAL,17.3,4.4,4.7,6.6
9859,0.1715,0,NORMAL,17.3,4.6,4.2,6.6
9860,0.3135,0,NORMAL,17.3,4.5,5.4,7.3
9861,0.1537,0,NORMAL,17.0,4.1,3.6,4.0
9862,0.2228,0,NORMAL,17.2,4.9,5.0,7.4
9863,0.1781,0,NORMAL,17.2,4.4,4.1,6.0
9864,0.172,0,NORMAL,17.0,4.9,5.2,7.0
9865,0.4181,0,NORMAL,17.2,5.5,4.5,6.9
9866,0.7896,0,WARNING,17.1,7.5,4.2,6.1
9867,0.3741,0,NORMAL,17.2,5.0,4.4,6.9
9868,0.0792,0,NORMAL,17.3,4.7,4.9,5.7
9869,0.3345,0,NORMAL,17.4,5.3,4.8,3.6
9870,0.1189,0,NORMAL,17.0,4.6,4.2,6.1
9871,0.1724,0,NORMAL,17.1,4.7,4.7,6.9
9872,0.1869,0,NORMAL,17.1,3.8,4.4,6.4
9873,0.1683,0,NORMAL,16.9,4.3,3.9,6.1
9874,0.1187,0,NORMAL,17.3,4.7,5.7,6.7
9875,0.2673,0,NORMAL,17.2,4.6,4.2,2.8
9876,0.1804,0,NORMAL,16.9,4.5,4.2,5.2
9877,0.2702,0,NORMAL,17.1,4.3,5.1,7.8
9878,0.283,0,NORMAL,17.2,4.0,4.8,4.1
9879,0.2094,0,NORMAL,17.5,5.1,5.7,4.4
9880,0.1184,0,NORMAL,17.3,4.0,4.4,6.4
9881,0.1352,0,NORMAL,17.3,5.0,4.8,6.4
9882,0.2188,0,NORMAL,17.1,4.8,4.2,6.4
9883,0.2221,0,NORMAL,17.3,4.9,4.3,7.1
9884,0.1129,0,NORMAL,17.4,5.0,5.5,5.3
9885,0.2835,0,NORMAL,17.1,4.3,4.7,3.4
9886,0.1049,0,NORMAL,17.3,4.8,4.5,5.3
9887,0.1189,0,NORMAL,17.3,4.0,4.0,6.2
9888,0.4052,0,NORMAL,17.3,5.0,4.6,6.9
9889,0.4124,0,NORMAL,17.4,4.9,5.0,6.7
9890,0.2673,0,NORMAL,17.4,4.8,4.6,3.1
9891,0.1418,0,NORMAL,17.3,3.7,4.1,5.9
9892,0.1725,0,NORMAL,17.1,4.5,4.4,6.6
9893,0.1779,0,NORMAL,17.3,4.3,4.3,6.6
9894,0.251,0,NORMAL,17.2,4.4,4.5,6.6
9895,0.1719,0,NORMAL,17.4,5.1,4.9,6.9
9896,0.1914,0,NORMAL,17.4,4.7,4.4,6.4
9897,0.3006,0,NORMAL,17.5,5.5,4.6,7.1
9898,0.2849,0,NORMAL,17.3,4.3,4.5,6.8
9899,0.1436,0,NORMAL,17.3,4.8,4.0,6.1
9900,0.3128,0,NORMAL,17.3,3.9,4.7,7.3
9901,0.118,0,NORMAL,17.4,5.0,4.6,6.4
9902,0.1053,0,NORMAL,17.3,4.3,4.2,5.2
9903,0.0794,0,NORMAL,17.4,4.9,5.5,6.0
9904,0.1155,0,NORMAL,17.4,4.2,5.4,5.3
9905,0.1973,0,NORMAL,17.2,4.8,4.6,4.9
9906,0.1185,0,NORMAL,17.1,4.3,4.5,6.2
9907,0.2223,0,NORMAL,17.2,4.6,5.2,7.6
9908,0.1187,0,NORMAL,17.5,4.7,4.9,4.3
9909,0.1715,0,NORMAL,17.4,4.5,4.7,3.9
9910,0.3797,0,NORMAL,17.4,4.9,5.2,6.9
9911,0.1803,0,NORMAL,17.4,5.0,5.0,6.4
9912,0.2167,0,NORMAL,17.2,5.0,4.5,6.0
9913,0.0946,0,NORMAL,17.4,5.2,5.3,6.4
9914,0.1926,0,NORMAL,17.4,5.2,5.7,4.9
9915,0.0841,0,NORMAL,17.4,5.1,6.0,6.3
9916,0.1706,0,NORMAL,17.4,5.1,5.3,7.1
9917,0.2453,0,NORMAL,17.2,4.1,5.1,4.8
9918,0.1189,0,NORMAL,17.0,4.8,4.8,4.5
9919,0.2608,0,NORMAL,17.3,4.9,4.5,6.0
9920,0.1016,0,NORMAL,17.4,5.0,5.2,5.3
9921,0.1182,0,NORMAL,17.4,4.0,4.5,6.3
9922,0.2187,0,NORMAL,17.4,4.3,4.2,6.1
9923,0.2224,0,NORMAL,17.2,4.6,4.4,7.1
9924,0.2908,0,NORMAL,17.0,4.7,5.0,6.9
9925,0.2735,0,NORMAL,17.0,4.6,5.4,6.9
9926,0.1712,0,NORMAL,17.4,5.0,5.3,4.2
9927,0.0625,0,NORMAL,17.2,4.8,5.7,6.0
9928,0.4654,0,NORMAL,17.1,5.6,4.5,6.3
9929,0.0703,0,NORMAL,17.3,4.9,5.4,5.5
9930,0.728,0,WARNING,17.2,7.2,4.5,3.9
9931,0.141,0,NORMAL,17.2,4.1,4.7,6.4
9932,0.4181,0,NORMAL,17.3,5.3,4.4,5.4
9933,0.1891,0,NORMAL,17.3,5.4,5.7,5.0
9934,0.3331,0,NORMAL,17.6,5.1,4.8,4.5
9935,0.1722,0,NORMAL,17.5,4.7,4.5,6.9
9936,0.1718,0,NORMAL,17.4,5.0,5.6,7.3
9937,0.2213,0,NORMAL,17.3,3.9,4.3,3.2
9938,0.186,0,NORMAL,17.2,5.0,5.6,5.3
9939,0.1289,0,NORMAL,17.4,4.3,4.1,6.3
9940,0.2254,0,NORMAL,17.6,4.9,5.2,6.2
9941,0.2861,0,NORMAL,17.2,5.1,4.9,3.8
9942,0.369,0,NORMAL,17.1,5.0,4.1,4.6
9943,0.1201,0,NORMAL,17.2,4.4,4.0,6.1
9944,0.1192,0,NORMAL,17.3,4.8,4.6,6.6
9945,0.2224,0,NORMAL,17.4,5.0,5.2,7.4
9946,0.2208,0,NORMAL,17.1,4.2,5.1,3.8
9947,0.2561,0,NORMAL,17.1,4.6,5.3,4.8
9948,0.1651,0,NORMAL,17.3,5.0,4.5,5.9
9949,0.1292,0,NORMAL,17.4,5.2,4.5,6.2
9950,0.1719,0,NORMAL,17.3,4.3,4.3,6.6
9951,0.1719,0,NORMAL,17.3,4.3,4.4,6.9
9952,0.1716,0,NORMAL,17.0,4.1,4.4,7.0
9953,0.1715,0,NORMAL,17.2,4.6,4.3,6.6
9954,0.1717,0,NORMAL,17.3,4.6,4.5,6.9
9955,0.1009,0,NORMAL,17.4,5.1,6.2,6.5
9956,0.2678,0,NORMAL,17.3,4.5,4.8,3.2
9957,0.3116,0,NORMAL,17.4,5.1,4.4,6.0
9958,0.3001,0,NORMAL,17.2,5.0,4.3,6.4
9959,0.2474,0,NORMAL,17.4,4.8,4.4,6.8
9960,0.222,0,NORMAL,17.2,5.2,5.4,7.4
9961,0.2209,0,NORMAL,17.4,5.0,5.7,3.9
9962,0.0841,0,NORMAL,17.1,4.5,5.3,5.1
9963,0.2237,0,NORMAL,17.5,4.5,4.9,6.6
9964,0.1926,0,NORMAL,17.4,4.5,5.1,6.4
9965,0.1714,0,NORMAL,17.4,4.5,4.5,3.9
9966,0.4531,0,NORMAL,17.2,4.6,5.0,4.8
9967,0.249,0,NORMAL,17.3,4.5,4.7,6.4
9968,0.1227,0,NORMAL,17.1,4.0,3.6,5.8
9969,0.3156,0,NORMAL,17.3,5.3,4.8,7.3
9970,0.3347,0,NORMAL,17.3,4.7,3.9,6.0
9971,0.2301,0,NORMAL,17.2,5.3,5.3,7.5
9972,0.1378,0,NORMAL,17.3,5.0,5.1,5.6
9973,0.3883,0,NORMAL,17.2,5.2,4.9,3.6
9974,0.1723,0,NORMAL,17.3,4.5,4.5,6.6
9975,0.172,0,NORMAL,17.2,5.1,4.7,6.9
9976,0.2388,0,NORMAL,17.4,4.6,4.4,6.6
9977,0.3247,0,NORMAL,17.2,4.1,4.6,6.5
9978,0.1182,0,NORMAL,17.2,4.2,4.9,4.6
9979,0.2106,0,NORMAL,17.4,4.2,3.8,4.3
9980,0.2643,0,NORMAL,17.3,5.5,5.0,7.3
9981,0.1183,0,NORMAL,17.5,4.3,4.7,6.5
9982,0.2388,0,NORMAL,17.4,5.0,4.8,5.2
9983,0.1466,0,NORMAL,17.5,4.8,5.6,5.8
9984,0.0755,0,NORMAL,17.5,4.9,5.3,5.7
9985,0.1065,0,NORMAL,17.6,4.6,5.6,6.2
9986,0.7976,0,WARNING,17.4,7.7,5.0,5.9
9987,0.289,0,NORMAL,17.5,5.5,5.0,5.0
9988,0.5416,0,NORMAL,17.4,5.1,3.9,4.3
9989,0.4488,0,NORMAL,17.3,5.3,4.9,6.6
9990,0.2388,0,NORMAL,17.4,4.9,4.9,6.9
9991,0.1819,0,NORMAL,17.2,5.1,5.0,5.9
9992,0.1918,0,NORMAL,17.2,4.6,5.3,3.9
9993,0.1184,0,NORMAL,17.4,5.1,5.7,6.7
9994,0.2452,0,NORMAL,17.2,4.7,5.2,6.8
9995,0.125,0,NORMAL,17.5,5.2,5.9,5.2
9996,0.1767,0,NORMAL,17.4,5.0,5.7,5.5
9997,0.0729,0,NORMAL,17.3,4.7,4.9,6.2
9998,0.2183,0,NORMAL,17.3,3.9,5.3,5.7
9999,0.1736,0,NORMAL,17.6,5.5,6.1,5.4
10000,0.2481,0,NORMAL,17.2,5.4,5.5,6.9
10001,0.352,0,NORMAL,17.5,4.8,5.4,6.4
10002,0.1504,0,NORMAL,17.4,5.2,5.4,4.9
10003,0.2014,0,NORMAL,17.5,5.0,5.0,5.3
10004,0.2666,0,NORMAL,17.5,5.3,5.3,6.2
10005,0.1089,0,NORMAL,17.4,4.7,4.7,5.0
10006,0.0913,0,NORMAL,17.4,4.8,4.8,5.3
10007,0.1719,0,NORMAL,17.3,4.4,6.2,7.2
10008,0.1316,0,NORMAL,17.4,4.9,5.1,4.8
10009,0.0927,0,NORMAL,17.6,4.9,5.3,5.1
10010,0.2949,0,NORMAL,17.6,5.3,5.2,5.7
10011,0.0644,0,NORMAL,17.6,4.7,4.7,5.6
10012,0.1289,0,NORMAL,17.6,5.3,5.6,5.7
10013,0.1914,0,NORMAL,17.6,4.5,5.5,5.6
10014,0.1176,0,NORMAL,17.7,5.5,6.1,7.0
10015,0.0826,0,NORMAL,17.6,4.7,5.6,5.6
10016,0.3003,0,NORMAL,17.4,5.3,5.2,5.3
10017,0.2691,0,NORMAL,17.4,5.5,5.5,5.7
10018,0.0821,0,NORMAL,17.6,4.6,5.1,5.7
10019,0.1181,0,NORMAL,17.6,5.2,6.3,6.5
10020,0.1281,0,NORMAL,17.5,5.2,4.7,5.2
10021,0.0675,0,NORMAL,17.3,4.6,5.7,6.2
10022,0.1176,0,NORMAL,17.7,5.2,6.7,6.5
10023,0.1342,0,NORMAL,17.6,5.2,5.9,6.5
10024,0.193,0,NORMAL,17.4,5.1,5.2,6.2
10025,0.3579,0,NORMAL,17.4,3.8,5.1,5.3
10026,0.1178,0,NORMAL,17.6,4.9,6.4,6.7
10027,0.0547,0,NORMAL,17.5,4.6,5.1,5.5
10028,0.0783,0,NORMAL,17.9,5.0,5.8,6.3
10029,0.8368,0,WARNING,18.0,5.1,5.1,5.1
10030,0.1124,0,NORMAL,17.7,5.1,5.4,6.2
10031,0.145,0,NORMAL,17.5,5.3,5.4,6.2
10032,0.4126,0,NORMAL,17.6,5.8,5.6,6.2
10033,0.069,0,NORMAL,17.7,4.7,5.6,6.4
10034,0.282,0,NORMAL,17.5,5.1,5.8,6.2
10035,0.1196,0,NORMAL,17.5,4.0,3.8,4.1
10036,0.2387,0,NORMAL,17.5,5.3,5.0,5.9
10037,0.2222,0,NORMAL,17.3,3.9,4.3,7.1
10038,0.3348,0,NORMAL,17.3,4.0,4.3,6.7
10039,0.1575,0,NORMAL,17.5,5.0,4.6,6.2
10040,0.2988,0,NORMAL,17.4,5.3,6.5,4.7
10041,0.1177,0,NORMAL,17.6,4.6,5.5,6.7
10042,0.2212,0,NORMAL,17.6,5.0,5.4,7.8
10043,0.1192,0,NORMAL,17.3,4.6,5.2,4.7
10044,0.1374,0,NORMAL,17.6,4.8,5.7,5.0
10045,0.1771,0,NORMAL,17.7,5.0,5.5,7.3
10046,0.6815,0,WARNING,17.9,8.0,6.8,7.0
10047,0.2597,0,NORMAL,17.7,5.7,5.5,5.5
10048,0.2668,0,NORMAL,17.9,5.7,5.6,7.1
10049,0.1055,0,NORMAL,17.8,4.9,5.7,6.3
10050,0.0998,0,NORMAL,17.6,4.9,5.6,5.3
10051,0.117,0,NORMAL,17.3,4.3,5.2,6.4
10052,0.1708,0,NORMAL,17.5,4.7,6.4,7.4
10053,0.2503,0,NORMAL,17.5,5.0,5.4,5.0
10054,0.1917,0,NORMAL,17.7,4.8,6.0,6.3
10055,0.2182,0,NORMAL,17.4,5.4,6.5,7.6
10056,0.1558,0,NORMAL,17.4,4.6,5.8,5.3
10057,0.0889,0,NORMAL,17.6,4.7,5.3,6.0
10058,0.1169,0,NORMAL,17.5,4.6,5.6,6.7
10059,0.1483,0,NORMAL,17.7,5.4,6.0,6.2
10060,0.2247,0,NORMAL,17.6,5.4,5.1,4.8
10061,0.0937,0,NORMAL,17.6,4.9,4.8,5.4
10062,0.3277,0,NORMAL,17.8,5.7,5.8,6.2
10063,0.147,0,NORMAL,17.8,5.7,6.4,6.3
10064,0.6521,0,WARNING,17.7,5.7,4.8,5.2
10065,0.1032,0,NORMAL,17.7,5.0,5.5,6.0
10066,0.1468,0,NORMAL,17.5,4.5,5.1,5.5
10067,0.1855,0,NORMAL,17.6,4.5,6.5,7.1
10068,0.1446,0,NORMAL,17.4,4.8,5.9,6.4
10069,0.1246,0,NORMAL,17.6,5.0,5.4,6.2
10070,0.2097,0,NORMAL,17.7,5.0,5.7,6.2
10071,0.0984,0,NORMAL,17.8,4.7,5.6,6.0
10072,0.0525,0,NORMAL,17.7,5.0,5.2,5.5
10073,0.2327,0,NORMAL,17.4,3.9,4.6,5.0
10074,0.087,0,NORMAL,17.6,4.8,4.7,5.5
10075,0.1786,0,NORMAL,17.6,4.1,4.9,5.7
10076,0.1436,0,NORMAL,17.8,5.0,5.5,6.0
10077,0.2473,0,NORMAL,17.6,5.0,4.6,4.7
10078,0.142,0,NORMAL,17.8,4.7,5.0,5.2
10079,0.1595,0,NORMAL,17.8,5.3,5.6,6.6
10080,0.1287,0,NORMAL,17.8,4.5,4.5,4.7
10081,0.0878,0,NORMAL,17.6,4.4,4.8,5.2
10082,0.3803,0,NORMAL,17.9,4.9,5.6,7.1
10083,0.4033,0,NORMAL,17.6,4.4,5.2,4.8
10084,0.0684,0,NORMAL,17.9,4.8,4.9,5.0
10085,0.0903,0,NORMAL,18.0,4.9,5.8,6.5
10086,0.094,0,NORMAL,17.7,4.7,5.5,6.0
10087,0.1153,0,NORMAL,17.6,4.6,5.5,5.5
10088,0.2237,0,NORMAL,17.6,5.0,5.6,6.2
10089,0.1284,0,NORMAL,17.8,5.0,5.2,6.2
10090,0.1176,0,NORMAL,17.8,5.1,5.9,6.6
10091,0.1776,0,NORMAL,17.7,4.6,4.7,4.7
10092,0.4551,0,NORMAL,17.8,5.8,5.4,6.2
10093,0.1616,0,NORMAL,17.7,5.1,5.3,5.9
10094,0.4501,0,NORMAL,17.7,5.0,5.2,5.2
10095,0.0759,0,NORMAL,17.7,4.5,5.6,6.2
10096,0.1174,0,NORMAL,17.8,4.7,5.7,6.7
10097,0.2906,0,NORMAL,18.0,5.6,5.2,5.4
10098,0.0775,0,NORMAL,17.8,4.1,4.8,5.0
10099,0.12,0,NORMAL,17.8,5.0,5.2,6.2
10100,0.2474,0,NORMAL,17.8,4.3,4.6,5.4
10101,0.119,0,NORMAL,17.9,5.3,6.5,6.7
10102,0.0693,0,NORMAL,17.5,4.4,4.4,5.1
10103,0.1424,0,NORMAL,17.7,4.7,4.3,5.2
10104,0.2363,0,NORMAL,17.6,4.2,4.8,7.4
10105,0.1184,0,NORMAL,17.9,5.4,5.9,4.9
10106,0.3033,0,NORMAL,18.0,5.5,5.3,5.3
10107,0.2215,0,NORMAL,18.0,5.3,6.0,7.9
10108,0.0798,0,NORMAL,17.9,5.0,5.5,5.5
10109,0.1987,0,NORMAL,17.9,5.1,4.6,4.3
10110,0.7037,0,WARNING,18.0,7.7,5.9,7.3
10111,0.2641,0,NORMAL,17.6,4.3,5.0,6.4
10112,0.2871,0,NORMAL,17.7,5.1,6.5,6.0
10113,0.2365,0,NORMAL,17.8,4.6,5.7,6.4
10114,0.1531,0,NORMAL,17.5,4.8,5.0,6.5
10115,0.2225,0,NORMAL,17.6,5.3,5.6,5.4
10116,0.3745,0,NORMAL,17.5,4.3,5.1,5.1
10117,0.1966,0,NORMAL,17.5,4.9,5.3,6.5
10118,0.1634,0,NORMAL,17.6,4.1,4.8,5.5
10119,0.4054,0,NORMAL,17.8,4.9,4.8,4.8
10120,0.3344,0,NORMAL,17.9,6.4,5.7,6.0
10121,0.1829,0,NORMAL,17.9,5.3,5.4,6.2
10122,0.3014,0,NORMAL,17.7,4.4,4.6,5.3
10123,0.2763,0,NORMAL,17.9,5.7,6.1,6.2
10124,0.2909,0,NORMAL,17.6,4.6,5.5,5.8
10125,0.2222,0,NORMAL,17.6,4.1,5.7,6.0
10126,0.1998,0,NORMAL,17.6,4.6,5.3,5.5
10127,0.0628,0,NORMAL,17.6,3.9,4.8,5.0
10128,0.1042,0,NORMAL,17.8,4.8,5.2,5.9
10129,0.1288,0,NORMAL,17.9,4.5,5.9,6.4
10130,0.1284,0,NORMAL,17.8,4.4,5.3,6.2
10131,0.1233,0,NORMAL,17.6,3.9,4.6,5.5
10132,0.1148,0,NORMAL,17.8,3.8,4.7,5.3
10133,0.1878,0,NORMAL,17.9,4.0,4.8,5.0
10134,0.2167,0,NORMAL,17.7,4.5,5.5,6.2
10135,0.8441,0,WARNING,18.0,4.8,4.6,5.5
10136,0.118,0,NORMAL,17.9,4.1,4.4,4.4
10137,0.1816,0,NORMAL,17.9,4.7,5.3,6.7
10138,0.1418,0,NORMAL,17.6,4.5,4.5,5.4
10139,0.1294,0,NORMAL,17.9,4.7,5.4,5.3
10140,0.1404,0,NORMAL,17.9,4.7,5.4,5.5
10141,0.2208,0,NORMAL,17.7,4.0,4.9,5.9
10142,0.3808,0,NORMAL,17.7,4.1,6.0,6.2
10143,0.1231,0,NORMAL,17.7,3.8,4.7,5.0
10144,0.3566,0,NORMAL,17.9,4.1,5.1,5.7
10145,0.0987,0,NORMAL,17.9,4.5,5.1,5.1
10146,0.1157,0,NORMAL,17.7,4.8,5.3,5.3
10147,0.1321,0,NORMAL,17.8,4.1,5.7,5.8
10148,0.1929,0,NORMAL,17.8,3.9,4.3,5.2
10149,0.1719,0,NORMAL,17.8,4.6,4.6,7.0
10150,0.1547,0,NORMAL,17.7,4.1,3.6,5.9
10151,0.2225,0,NORMAL,18.0,5.1,6.4,7.9
10152,0.221,0,NORMAL,17.6,4.6,4.7,3.3
10153,0.4179,0,NORMAL,17.6,4.4,4.5,4.5
10154,0.5691,0,NORMAL,17.0,3.9,5.8,8.0
10155,0.08,0,NORMAL,17.4,4.1,4.4,4.9
10156,0.2306,0,NORMAL,17.3,4.2,4.4,5.0
10157,0.2221,0,NORMAL,17.4,3.6,4.3,6.6
10158,0.0995,0,NORMAL,17.6,4.1,5.0,5.8
10159,0.22,0,NORMAL,17.5,4.8,4.8,3.5
10160,0.8485,0,WARNING,17.8,5.0,4.8,5.5
10161,0.2225,0,NORMAL,17.6,4.4,5.5,7.5
10162,0.1181,0,NORMAL,17.8,4.4,5.0,4.3
10163,0.184,0,NORMAL,17.7,4.0,4.6,4.0
10164,0.1263,0,NORMAL,17.9,4.0,4.7,5.9
10165,0.2996,0,NORMAL,17.8,4.5,5.5,6.9
10166,0.1712,0,NORMAL,18.0,4.6,5.0,4.1
10167,0.1261,0,NORMAL,17.8,5.2,5.5,4.9
10168,0.1717,0,NORMAL,18.1,4.5,5.8,7.2
10169,0.4175,0,NORMAL,17.7,5.3,4.9,5.5
10170,0.1716,0,NORMAL,17.6,3.4,4.5,3.9
10171,0.678,0,WARNING,17.9,6.7,5.4,6.6
10172,0.1714,0,NORMAL,17.7,4.4,5.6,7.1
10173,0.1552,0,NORMAL,17.7,4.2,5.1,4.6
10174,0.0789,0,NORMAL,17.9,4.4,5.5,5.5
10175,0.1177,0,NORMAL,17.7,4.8,5.5,6.6
10176,0.1492,0,NORMAL,17.6,4.1,4.8,5.2
10177,0.0875,0,NORMAL,17.9,4.5,5.2,5.1
10178,0.1009,0,NORMAL,17.9,4.1,4.4,5.3
10179,0.1345,0,NORMAL,17.8,4.0,5.3,6.7
10180,0.1181,0,NORMAL,17.8,4.6,4.3,4.3
10181,0.1188,0,NORMAL,17.7,4.2,4.1,6.2
10182,0.2697,0,NORMAL,17.7,4.5,5.0,7.8
10183,0.2822,0,NORMAL,17.9,4.6,4.9,3.6
10184,0.2206,0,NORMAL,17.7,3.5,4.8,3.7
10185,0.1568,0,NORMAL,17.8,4.1,3.9,5.9
10186,0.2701,0,NORMAL,17.8,4.0,5.4,8.0
10187,0.118,0,NORMAL,18.0,4.0,5.5,4.8
10188,0.4903,0,NORMAL,17.8,4.3,5.6,4.0
10189,0.1726,0,NORMAL,18.0,4.6,4.9,7.1
10190,0.0898,0,NORMAL,17.8,4.1,4.4,5.9
10191,0.273,0,NORMAL,17.8,4.1,4.7,3.8
10192,0.1134,0,NORMAL,17.9,4.6,5.9,5.6
10193,0.1715,0,NORMAL,17.7,4.2,5.8,7.4
10194,0.3208,0,NORMAL,17.9,4.3,5.3,5.2
10195,0.1736,0,NORMAL,17.7,4.0,4.3,3.8
10196,0.1234,0,NORMAL,17.9,4.0,5.8,6.5
10197,0.193,0,NORMAL,17.9,5.3,5.4,6.6
10198,0.1732,0,NORMAL,17.9,4.4,4.2,4.3
10199,0.0984,0,NORMAL,18.0,3.9,4.7,4.7
10200,0.2384,0,NORMAL,17.7,4.6,5.5,6.2
10201,0.0959,0,NORMAL,18.0,4.2,5.9,6.3
10202,0.0945,0,NORMAL,18.0,4.4,4.8,4.8
10203,0.3717,0,NORMAL,18.1,5.3,6.7,7.4
10204,0.088,0,NORMAL,17.9,3.5,4.3,5.5
10205,0.089,0,NORMAL,17.9,3.8,4.5,4.7
10206,0.1458,0,NORMAL,18.0,4.3,4.4,6.4
10207,0.2221,0,NORMAL,18.1,3.9,5.3,7.4
10208,0.2221,0,NORMAL,17.8,4.2,5.3,3.9
10209,0.1366,0,NORMAL,17.9,3.8,4.4,4.5
10210,0.1724,0,NORMAL,18.1,5.4,5.5,7.4
10211,0.1028,0,NORMAL,17.9,3.6,4.9,5.7
10212,0.1757,0,NORMAL,18.1,4.4,3.8,5.7
10213,0.2224,0,NORMAL,18.0,4.5,4.6,7.5
10214,0.0812,0,NORMAL,17.9,4.3,4.6,5.2
10215,0.0693,0,NORMAL,18.0,3.7,3.8,5.7
10216,0.2226,0,NORMAL,18.1,4.6,4.5,7.1
10217,0.2444,0,NORMAL,17.9,3.2,4.5,6.0
10218,0.1705,0,NORMAL,18.1,4.0,4.7,4.1
10219,0.1611,0,NORMAL,18.1,4.1,4.1,4.2
10220,0.2565,0,NORMAL,18.1,4.9,5.5,7.7
10221,0.1303,0,NORMAL,18.0,4.2,5.1,5.3
10222,0.171,0,NORMAL,17.8,3.5,4.4,3.9
10223,0.1243,0,NORMAL,18.1,4.5,5.1,6.0
10224,0.2157,0,NORMAL,17.8,3.6,3.9,5.0
10225,0.2228,0,NORMAL,18.1,4.1,4.8,7.6
10226,0.7683,0,WARNING,18.1,7.8,5.2,6.2
10227,0.2217,0,NORMAL,18.0,4.3,3.9,3.1
10228,0.1978,0,NORMAL,17.9,4.4,4.4,5.6
10229,0.0623,0,NORMAL,18.0,3.6,4.4,5.9
10230,0.1724,0,NORMAL,18.1,4.7,4.7,6.8
10231,0.1719,0,NORMAL,18.1,4.1,4.7,6.7
10232,0.1708,0,NORMAL,18.1,3.5,5.0,4.1
10233,0.1461,0,NORMAL,18.1,4.4,5.1,4.6
10234,0.1216,0,NORMAL,18.1,4.1,4.3,6.4
10235,0.2137,0,NORMAL,17.8,4.1,4.6,5.5
10236,0.1443,0,NORMAL,18.0,4.5,4.7,5.2
10237,0.138,0,NORMAL,17.6,3.5,4.2,5.6
10238,0.3819,0,NORMAL,17.9,4.2,5.0,5.9
10239,0.1181,0,NORMAL,18.1,3.8,4.5,4.1
10240,0.5033,0,NORMAL,18.2,4.9,5.3,5.2
10241,0.1191,0,NORMAL,18.2,5.3,6.2,6.7
10242,0.1211,0,NORMAL,18.0,5.0,5.5,6.2
10243,0.0808,0,NORMAL,17.8,3.3,4.0,4.9
10244,0.2387,0,NORMAL,18.1,4.7,5.0,5.5
10245,0.1405,0,NORMAL,17.9,4.8,5.4,5.9
10246,0.1186,0,NORMAL,18.1,3.9,4.5,4.2
10247,0.2225,0,NORMAL,18.1,4.7,5.0,7.3
10248,0.2385,0,NORMAL,18.0,4.9,4.1,6.1
10249,0.1295,0,NORMAL,18.1,4.6,4.8,6.2
10250,0.8398,0,WARNING,18.3,6.6,5.3,5.3
10251,0.1713,0,NORMAL,18.0,4.4,4.8,3.9
10252,0.1187,0,NORMAL,18.1,5.1,6.1,6.8
10253,0.1174,0,NORMAL,17.9,4.6,4.9,6.4
10254,0.1717,0,NORMAL,18.1,4.1,4.5,4.0
10255,0.2386,0,NORMAL,18.2,5.8,5.7,6.0
10256,0.1189,0,NORMAL,18.2,4.4,4.2,4.5
10257,0.2195,0,NORMAL,18.3,5.7,5.3,6.2
10258,0.1241,0,NORMAL,18.2,4.7,5.4,5.9
10259,0.1191,0,NORMAL,18.3,4.8,4.9,4.6
10260,0.09,0,NORMAL,18.2,5.2,5.3,5.3
10261,0.4178,0,NORMAL,18.2,5.9,5.2,5.8
10262,0.1182,0,NORMAL,18.2,4.8,6.5,7.2
10263,0.0875,0,NORMAL,18.1,4.9,5.2,5.3
10264,0.233,0,NORMAL,18.2,4.7,5.7,6.2
10265,0.4871,0,NORMAL,18.2,5.9,5.9,6.7
10266,0.21,0,NORMAL,18.0,4.5,5.6,6.4
10267,0.1516,0,NORMAL,18.1,5.1,6.3,6.9
10268,0.0855,0,NORMAL,18.2,4.9,4.9,5.3
10269,0.1704,0,NORMAL,18.3,5.4,6.8,6.9
10270,0.1461,0,NORMAL,18.2,5.3,5.5,6.0
10271,0.1195,0,NORMAL,18.0,5.0,5.9,6.6
10272,0.3766,0,NORMAL,17.9,6.2,6.6,6.8
10273,0.417,0,NORMAL,18.0,5.5,4.8,5.0
10274,0.2428,0,NORMAL,18.2,5.4,5.8,6.6
10275,0.1501,0,NORMAL,18.2,4.9,5.6,5.9
10276,0.0821,0,NORMAL,18.1,4.0,4.9,5.0
10277,0.3553,0,NORMAL,18.4,5.5,7.3,7.8
10278,0.1171,0,NORMAL,18.1,4.3,4.0,5.1
10279,0.118,0,NORMAL,18.2,4.9,5.8,6.4
10280,0.0919,0,NORMAL,18.3,5.0,5.2,5.7
10281,0.0642,0,NORMAL,18.2,4.6,5.1,6.3
10282,0.085,0,NORMAL,18.2,4.3,4.8,5.2
10283,0.4194,0,NORMAL,18.2,4.7,5.7,6.0
10284,0.6598,0,WARNING,18.2,7.2,6.0,7.1
10285,0.2441,0,NORMAL,17.9,4.5,4.8,5.0
10286,0.777,0,WARNING,18.1,7.4,5.3,5.5
10287,0.3161,0,NORMAL,18.3,5.9,5.7,6.5
10288,0.1001,0,NORMAL,18.1,4.7,5.5,6.4
10289,0.1586,0,NORMAL,18.1,5.2,5.3,5.5
10290,0.2229,0,NORMAL,17.8,4.0,4.6,5.2
10291,0.2787,0,NORMAL,18.2,5.5,4.8,6.5
10292,0.0876,0,NORMAL,18.1,4.1,5.2,6.0
10293,0.073,0,NORMAL,18.3,4.7,6.1,5.4
10294,0.1709,0,NORMAL,18.3,5.3,5.9,7.3
10295,0.0958,0,NORMAL,18.3,5.2,5.9,6.5
10296,0.2635,0,NORMAL,18.4,5.0,6.8,6.5
10297,0.1337,0,NORMAL,18.3,5.0,5.7,6.4
10298,0.1697,0,NORMAL,18.2,5.1,6.2,7.3
10299,0.1089,0,NORMAL,18.3,4.5,4.5,4.6
10300,0.3121,0,NORMAL,18.4,5.2,5.6,5.8
10301,0.3968,0,NORMAL,18.2,6.3,6.2,6.5
10302,0.2087,0,NORMAL,17.9,4.7,4.6,5.3
10303,0.4909,0,NORMAL,18.4,6.2,6.9,6.9
10304,0.1062,0,NORMAL,18.3,4.9,4.8,5.0
10305,0.2773,0,NORMAL,18.4,5.4,5.6,6.9
10306,0.1382,0,NORMAL,18.4,4.6,6.3,6.5
10307,0.113,0,NORMAL,18.2,5.2,6.0,6.5
10308,0.1544,0,NORMAL,18.5,4.9,6.1,6.9
10309,0.1277,0,NORMAL,18.4,5.1,5.6,6.1
10310,0.2411,0,NORMAL,18.4,5.4,6.0,6.3
10311,0.128,0,NORMAL,18.3,5.5,5.7,6.5
10312,0.1133,0,NORMAL,18.3,4.4,5.6,6.2
10313,0.1015,0,NORMAL,18.3,4.9,5.5,5.7
10314,0.1551,0,NORMAL,18.1,4.5,5.9,6.2
10315,0.2508,0,NORMAL,18.1,5.6,5.7,6.2
10316,0.1172,0,NORMAL,18.4,5.1,6.5,7.2
10317,0.4902,0,NORMAL,18.3,6.7,6.6,6.8
10318,0.1408,0,NORMAL,17.9,4.2,4.8,5.2
10319,0.0886,0,NORMAL,18.2,4.5,5.5,6.2
10320,0.1925,0,NORMAL,18.2,6.0,5.8,5.5
10321,0.0885,0,NORMAL,18.2,4.3,4.5,5.5
10322,0.1495,0,NORMAL,18.1,4.8,5.9,6.4
10323,0.4175,0,NORMAL,18.2,5.9,5.6,5.7
10324,0.176,0,NORMAL,18.3,4.9,6.1,7.2
10325,0.1791,0,NORMAL,18.0,5.0,5.1,5.1
10326,0.1224,0,NORMAL,18.4,5.6,6.0,6.3
10327,0.2574,0,NORMAL,18.5,5.2,6.5,7.0
10328,0.1164,0,NORMAL,18.4,4.8,6.5,7.0
10329,0.0902,0,NORMAL,18.3,5.0,5.7,6.5
10330,0.2321,0,NORMAL,18.3,5.5,5.6,6.2
10331,0.2656,0,NORMAL,18.3,5.2,5.3,5.7
10332,0.3673,0,NORMAL,18.3,6.1,5.7,5.5
10333,0.1174,0,NORMAL,18.1,4.8,6.3,7.2
10334,0.0814,0,NORMAL,18.3,4.8,4.7,5.5
10335,0.2015,0,NORMAL,18.2,5.2,5.7,5.8
10336,0.0801,0,NORMAL,18.2,5.1,6.0,6.3
10337,0.4072,0,NORMAL,18.1,4.8,6.2,6.5
10338,0.1495,0,NORMAL,18.3,5.4,6.6,6.8
10339,0.0925,0,NORMAL,18.4,4.9,5.7,6.3
10340,0.1693,0,NORMAL,18.6,5.3,6.7,7.3
10341,0.1035,0,NORMAL,18.5,5.0,5.5,5.8
10342,0.4812,0,NORMAL,18.1,3.8,5.0,5.5
10343,0.1573,0,NORMAL,18.2,4.4,6.1,7.1
10344,0.1174,0,NORMAL,18.2,5.1,6.1,6.7
10345,0.1887,0,NORMAL,18.4,5.8,6.2,6.4
10346,0.2542,0,NORMAL,18.1,5.4,5.5,6.4
10347,0.4273,0,NORMAL,18.0,6.2,5.7,5.7
10348,0.0877,0,NORMAL,18.3,4.2,5.9,6.3
10349,0.3335,0,NORMAL,18.3,5.7,5.6,6.2
10350,0.349,0,NORMAL,18.2,5.5,6.6,7.0
10351,0.7805,0,WARNING,18.4,8.6,6.3,5.6
10352,0.1344,0,NORMAL,18.1,4.6,5.7,6.2
10353,0.1165,0,NORMAL,18.1,5.0,6.7,7.0
10354,0.1488,0,NORMAL,18.4,5.1,6.3,5.8
10355,0.3293,0,NORMAL,18.4,5.0,5.7,6.0
10356,0.116,0,NORMAL,18.5,5.4,5.8,6.1
10357,0.3021,0,NORMAL,18.3,4.7,6.2,6.4
10358,0.0801,0,NORMAL,18.6,5.0,5.8,6.0
10359,0.1162,0,NORMAL,18.5,4.9,5.2,6.0
10360,0.2921,0,NORMAL,18.3,4.8,5.0,5.3
10361,0.1201,0,NORMAL,18.3,5.1,5.7,6.2
10362,0.3071,0,NORMAL,18.3,5.8,5.6,6.3
10363,0.0758,0,NORMAL,18.5,5.1,6.0,6.5
10364,0.1444,0,NORMAL,18.6,6.0,7.0,6.8
10365,0.2082,0,NORMAL,18.3,4.5,5.4,5.8
10366,0.0987,0,NORMAL,18.5,4.9,5.3,6.0
10367,0.2008,0,NORMAL,18.1,4.3,5.3,5.4
10368,0.2001,0,NORMAL,18.3,5.5,6.7,7.5
10369,0.2563,0,NORMAL,18.5,5.8,6.7,7.7
10370,0.2407,0,NORMAL,18.3,5.2,6.6,6.9
10371,0.1688,0,NORMAL,18.4,5.5,7.0,7.5
10372,0.1893,0,NORMAL,18.3,5.0,6.6,7.5
10373,0.2368,0,NORMAL,18.3,5.5,5.7,6.0
10374,0.3331,0,NORMAL,18.4,5.8,6.3,7.4
10375,0.1049,0,NORMAL,18.6,5.0,5.7,6.3
10376,0.1543,0,NORMAL,18.5,5.8,6.0,6.3
10377,0.2151,0,NORMAL,18.6,4.7,6.2,6.8
10378,0.438,0,NORMAL,18.1,6.3,6.3,6.9
10379,0.1796,0,NORMAL,18.3,5.5,6.0,5.8
10380,0.1555,0,NORMAL,18.2,4.8,5.4,5.6
10381,0.0695,0,NORMAL,18.5,4.3,5.5,6.2
10382,0.1699,0,NORMAL,18.4,5.3,6.7,7.4
10383,0.1226,0,NORMAL,18.6,5.0,6.4,7.2
10384,0.1691,0,NORMAL,18.5,5.1,6.5,7.5
10385,0.1765,0,NORMAL,18.3,5.9,7.3,7.5
10386,0.1383,0,NORMAL,18.5,5.2,6.8,7.3
10387,0.133,0,NORMAL,18.6,4.7,6.1,7.0
10388,0.2351,0,NORMAL,18.5,5.4,6.7,7.3
10389,0.3775,0,NORMAL,18.5,4.8,5.7,6.2
10390,0.2183,0,NORMAL,18.4,6.3,7.7,8.2
10391,0.5077,0,NORMAL,18.3,5.0,6.3,6.9
10392,0.5277,0,NORMAL,18.5,6.9,6.9,6.6
10393,0.1384,0,NORMAL,18.1,4.9,5.6,6.7
10394,0.2497,0,NORMAL,18.1,5.0,7.1,7.1
10395,0.1151,0,NORMAL,18.2,5.7,6.5,6.5
10396,0.1866,0,NORMAL,18.2,5.2,6.1,6.8
10397,0.1319,0,NORMAL,18.4,4.8,5.5,6.4
10398,0.1697,0,NORMAL,18.6,5.7,7.4,7.8
10399,0.3811,0,NORMAL,18.5,5.7,6.6,6.8
10400,0.3536,0,NORMAL,18.5,5.8,6.4,6.7
10401,0.1272,0,NORMAL,18.4,4.7,4.7,5.5
10402,0.2166,0,NORMAL,18.2,5.6,6.3,7.1
10403,0.2189,0,NORMAL,18.4,6.0,7.6,7.5
10404,0.2144,0,NORMAL,18.2,4.5,5.8,7.2
10405,0.3849,0,NORMAL,18.6,4.6,5.8,6.7
10406,0.0976,0,NORMAL,18.6,4.6,5.4,5.5
10407,0.8857,0,WARNING,18.7,9.8,7.0,7.7
10408,0.218,0,NORMAL,18.4,5.0,7.3,7.4
10409,0.2172,0,NORMAL,18.6,5.9,7.7,7.9
10410,0.183,0,NORMAL,18.6,4.7,5.7,6.7
10411,0.189,0,NORMAL,18.4,5.7,6.8,6.8
10412,0.3407,0,NORMAL,18.2,4.5,5.8,6.5
10413,0.2898,0,NORMAL,18.3,5.1,6.4,6.8
10414,0.1686,0,NORMAL,18.4,4.9,6.7,7.4
10415,0.1338,0,NORMAL,18.5,5.5,6.4,6.3
10416,0.1691,0,NORMAL,18.4,5.3,6.0,7.2
10417,0.1584,0,NORMAL,18.3,4.9,6.3,6.7
10418,0.1527,0,NORMAL,18.4,5.6,6.9,6.6
10419,0.5786,0,NORMAL,18.7,5.2,6.2,6.7
10420,0.1693,0,NORMAL,18.8,5.8,7.1,7.5
10421,0.2404,0,NORMAL,18.8,5.6,7.3,7.9
10422,0.469,0,NORMAL,18.5,7.1,7.1,7.5
10423,0.2183,0,NORMAL,18.5,5.6,7.8,8.6
10424,0.2728,0,NORMAL,18.5,5.9,8.4,8.2
10425,0.2148,0,NORMAL,18.4,5.4,7.2,7.6
10426,0.2154,0,NORMAL,18.7,5.5,7.4,8.1
10427,0.1815,0,NORMAL,18.7,5.0,7.2,7.3
10428,0.2179,0,NORMAL,18.6,5.5,6.5,7.8
10429,0.2636,0,NORMAL,18.7,6.1,8.3,8.2
10430,0.2174,0,NORMAL,18.5,5.5,8.0,8.7
10431,0.2021,0,NORMAL,18.7,5.9,7.4,8.0
10432,0.1927,0,NORMAL,18.7,5.5,7.2,7.2
10433,0.2652,0,NORMAL,18.9,5.9,8.0,8.8
10434,0.1946,0,NORMAL,18.5,5.4,7.0,7.0
10435,0.2178,0,NORMAL,18.6,5.4,7.0,8.2
10436,0.2303,0,NORMAL,18.7,5.6,6.5,7.0
10437,0.1648,0,NORMAL,18.4,5.2,6.2,6.6
10438,0.3596,0,NORMAL,18.6,6.1,7.2,8.1
10439,0.2298,0,NORMAL,18.6,5.4,7.6,7.0
10440,0.3104,0,NORMAL,18.7,5.2,7.5,9.4
10441,0.2296,0,NORMAL,18.8,5.8,7.0,7.5
10442,0.1675,0,NORMAL,18.7,5.7,7.6,7.8
10443,0.3516,0,NORMAL,18.7,6.1,9.0,10.1
10444,0.2421,0,NORMAL,18.7,5.3,7.5,7.7
10445,0.3383,0,NORMAL,18.5,5.3,6.6,8.2
10446,0.8263,0,WARNING,18.9,6.5,7.4,7.2
10447,0.2177,0,NORMAL,18.8,5.8,7.5,8.3
10448,0.188,0,NORMAL,18.6,4.3,6.2,6.7
10449,0.2634,0,NORMAL,18.8,5.6,7.9,7.7
10450,0.3103,0,NORMAL,18.8,5.8,7.3,8.3
10451,0.2178,0,NORMAL,18.5,5.0,6.8,8.1
10452,0.3498,0,NORMAL,18.7,6.6,7.9,7.7
10453,0.2195,0,NORMAL,18.6,5.6,6.5,7.6
10454,0.3324,0,NORMAL,18.7,5.4,6.6,7.1
10455,0.1682,0,NORMAL,18.7,6.0,7.3,7.9
10456,0.1696,0,NORMAL,18.5,4.6,6.3,7.2
10457,0.1674,0,NORMAL,18.8,5.4,6.8,7.2
10458,0.1683,0,NORMAL,18.7,6.1,7.3,7.8
10459,0.1679,0,NORMAL,18.7,5.3,6.7,7.5
10460,0.2186,0,NORMAL,18.5,6.2,8.3,8.8
10461,0.2157,0,NORMAL,18.9,6.2,7.5,7.9
10462,0.2155,0,NORMAL,18.9,5.0,7.5,8.0
10463,0.2649,0,NORMAL,18.9,5.8,7.9,8.9
10464,0.2287,0,NORMAL,18.7,5.0,6.8,7.9
10465,0.2176,0,NORMAL,18.8,5.7,7.7,8.7
10466,0.2045,0,NORMAL,19.0,5.2,7.4,7.7
10467,0.8725,0,WARNING,18.9,9.9,7.9,8.7
10468,0.2469,0,NORMAL,18.7,6.0,7.6,8.4
10469,0.2152,0,NORMAL,18.6,5.3,7.5,7.8
10470,0.3101,0,NORMAL,18.8,6.0,6.8,8.4
10471,0.1945,0,NORMAL,18.6,4.7,7.2,7.0
10472,0.2654,0,NORMAL,18.6,5.8,7.9,8.9
10473,0.2625,0,NORMAL,18.8,6.0,8.2,7.7
10474,0.2171,0,NORMAL,18.8,5.6,7.3,8.2
10475,0.3203,0,NORMAL,18.8,6.2,7.7,7.9
10476,0.2623,0,NORMAL,18.9,4.8,7.9,8.8
10477,0.2669,0,NORMAL,18.7,5.7,8.2,8.2
10478,0.2168,0,NORMAL,18.7,5.0,7.4,8.4
10479,0.262,0,NORMAL,18.8,5.3,7.6,8.1
10480,0.306,0,NORMAL,18.7,6.3,8.3,9.0
10481,0.2166,0,NORMAL,18.9,5.3,7.3,8.2
10482,0.342,0,NORMAL,18.7,6.9,8.2,8.7
10483,0.3315,0,NORMAL,19.0,7.1,7.4,8.2
10484,0.221,0,NORMAL,18.8,4.6,6.7,7.6
10485,0.2177,0,NORMAL,18.7,5.7,7.0,8.0
10486,0.2634,0,NORMAL,18.9,6.0,8.2,8.2
10487,0.2648,0,NORMAL,18.7,5.5,8.5,9.1
10488,0.2265,0,NORMAL,18.9,6.0,8.1,8.5
10489,0.2203,0,NORMAL,18.8,5.7,7.6,8.0
10490,0.2149,0,NORMAL,18.6,6.0,8.0,8.2
10491,0.2617,0,NORMAL,18.9,6.0,8.2,8.9
10492,0.2513,0,NORMAL,18.5,5.2,7.8,8.2
10493,0.2616,0,NORMAL,18.9,5.7,7.9,8.8
10494,0.2094,0,NORMAL,18.6,5.2,6.5,6.8
10495,0.2178,0,NORMAL,18.6,5.6,7.3,8.3
10496,0.1701,0,NORMAL,18.9,5.2,6.7,7.0
10497,0.344,0,NORMAL,19.0,6.5,8.0,8.5
10498,0.3445,0,NORMAL,19.0,5.6,7.9,8.9
10499,0.2621,0,NORMAL,19.1,6.1,8.3,8.7
10500,0.4587,0,NORMAL,19.0,5.6,7.5,8.4
10501,0.217,0,NORMAL,19.2,5.9,7.8,8.7
10502,0.2617,0,NORMAL,18.9,5.7,8.2,8.9
10503,0.3267,0,NORMAL,19.0,5.2,7.5,8.7
10504,0.2241,0,NORMAL,18.8,5.3,6.7,7.6
10505,0.3516,0,NORMAL,18.8,5.8,8.1,10.0
10506,0.2465,0,NORMAL,18.9,5.8,7.6,7.7
10507,0.2023,0,NORMAL,18.7,5.2,7.3,8.0
10508,0.1915,0,NORMAL,18.8,5.5,6.7,7.4
10509,0.2895,0,NORMAL,18.9,5.9,8.1,8.2
10510,0.2878,0,NORMAL,19.0,6.1,8.1,8.9
10511,0.2614,0,NORMAL,19.1,6.6,7.7,8.5
10512,0.2068,0,NORMAL,19.0,5.8,7.2,7.7
10513,1.0,0,ANOMALY,23.5,12.3,8.2,8.9
10514,0.5062,0,NORMAL,18.9,5.1,6.5,7.9
10515,0.2695,0,NORMAL,18.9,5.1,7.3,8.3
10516,0.2651,0,NORMAL,19.1,6.2,7.8,9.1
10517,0.2251,0,NORMAL,18.9,5.3,7.1,7.7
10518,0.3059,0,NORMAL,19.2,6.1,9.0,9.6
10519,0.3048,0,NORMAL,19.0,6.0,9.0,9.6
10520,0.2617,0,NORMAL,19.0,6.0,7.6,7.9
10521,0.2225,0,NORMAL,19.1,4.8,6.5,7.8
10522,0.4161,0,NORMAL,19.2,7.4,8.8,9.1
10523,0.3087,0,NORMAL,19.2,5.7,8.8,9.8
10524,0.2511,0,NORMAL,19.1,6.3,8.2,8.5
10525,0.2411,0,NORMAL,19.1,5.6,6.8,7.5
10526,0.2646,0,NORMAL,19.2,6.4,8.5,9.1
10527,0.7938,0,WARNING,19.2,8.4,6.9,7.4
10528,0.4159,0,NORMAL,19.3,6.7,8.0,9.2
10529,0.2664,0,NORMAL,19.1,6.7,8.8,8.3
10530,0.5432,0,NORMAL,18.8,4.8,7.0,7.1
10531,0.3197,0,NORMAL,19.1,6.1,8.1,8.7
10532,0.2016,0,NORMAL,18.8,4.5,6.3,6.7
10533,0.3085,0,NORMAL,19.2,5.3,7.7,8.4
10534,0.2176,0,NORMAL,19.2,5.8,8.1,8.5
10535,0.4308,0,NORMAL,18.9,5.1,7.0,7.8
10536,0.3545,0,NORMAL,18.7,4.8,6.3,7.0
10537,0.2185,0,NORMAL,18.8,5.8,8.2,8.5
10538,0.2628,0,NORMAL,18.9,5.6,8.3,8.9
10539,0.211,0,NORMAL,19.0,5.4,6.6,7.0
10540,0.2178,0,NORMAL,19.0,5.8,7.7,8.4
10541,0.2158,0,NORMAL,19.2,5.9,7.6,8.1
10542,0.3051,0,NORMAL,18.9,6.0,6.7,8.0
10543,0.2801,0,NORMAL,19.0,6.5,7.5,7.9
10544,0.2158,0,NORMAL,18.8,6.0,7.8,7.9
10545,0.2057,0,NORMAL,19.0,5.1,6.0,6.7
10546,0.3573,0,NORMAL,19.0,5.7,8.3,8.2
10547,0.3933,0,NORMAL,18.8,5.0,7.3,8.2
10548,0.3298,0,NORMAL,19.2,6.5,7.8,7.7
10549,0.3071,0,NORMAL,19.2,5.4,7.4,8.7
10550,0.2297,0,NORMAL,18.9,6.6,8.4,8.3
10551,0.2099,0,NORMAL,19.0,5.1,6.5,7.4
10552,0.3992,0,NORMAL,19.1,5.2,7.9,9.1
10553,0.207,0,NORMAL,19.1,5.2,7.0,7.3
10554,0.2178,0,NORMAL,18.8,5.7,7.7,8.7
10555,0.2045,0,NORMAL,18.8,4.9,6.8,7.6
10556,0.2315,0,NORMAL,18.8,6.0,6.8,7.9
10557,0.3075,0,NORMAL,19.2,6.8,8.7,9.0
10558,0.4158,0,NORMAL,19.1,6.7,7.9,8.9
10559,0.2174,0,NORMAL,18.9,5.4,6.9,7.9
10560,0.2621,0,NORMAL,19.1,5.6,8.2,8.2
10561,0.2615,0,NORMAL,19.1,6.2,7.8,8.6
10562,0.2616,0,NORMAL,19.1,5.5,7.6,8.1
10563,0.3056,0,NORMAL,19.2,5.6,8.4,9.3
10564,0.2139,0,NORMAL,19.1,6.1,7.3,7.9
10565,0.2171,0,NORMAL,18.9,5.7,6.8,8.0
10566,0.3461,0,NORMAL,19.0,5.5,8.3,8.4
10567,0.2645,0,NORMAL,18.9,5.9,8.7,9.2
10568,0.261,0,NORMAL,19.1,5.3,7.7,7.4
10569,0.3172,0,NORMAL,19.0,5.9,7.7,9.3
10570,0.2187,0,NORMAL,19.1,5.5,6.9,7.0
10571,0.3479,0,NORMAL,19.3,6.5,8.9,9.6
10572,0.233,0,NORMAL,19.1,5.8,6.9,7.7
10573,0.2649,0,NORMAL,18.9,5.8,7.8,9.1
10574,0.2621,0,NORMAL,19.2,5.9,8.5,8.5
10575,0.2227,0,NORMAL,19.2,5.3,7.1,8.0
10576,0.2152,0,NORMAL,18.9,5.6,7.3,7.9
10577,0.4894,0,NORMAL,19.1,6.7,8.1,8.4
10578,0.3059,0,NORMAL,19.0,6.7,8.6,8.9
10579,0.3052,0,NORMAL,19.1,6.4,9.1,9.0
10580,0.3043,0,NORMAL,19.3,6.1,9.1,9.2
10581,0.2597,0,NORMAL,19.3,5.9,8.1,6.3
10582,0.2601,0,NORMAL,19.2,5.8,8.0,7.9
10583,0.2642,0,NORMAL,19.1,5.5,7.7,9.1
10584,0.261,0,NORMAL,19.1,5.7,8.0,8.4
10585,0.2611,0,NORMAL,19.2,5.8,8.4,8.7
10586,0.2148,0,NORMAL,19.1,5.8,7.6,7.9
10587,0.2644,0,NORMAL,19.0,6.2,7.6,8.9
10588,0.251,0,NORMAL,19.1,5.7,6.8,7.4
10589,0.3097,0,NORMAL,19.3,6.3,8.5,9.8
10590,0.6978,0,WARNING,19.2,8.5,8.3,8.7
10591,0.3053,0,NORMAL,19.2,6.3,8.8,9.4
10592,0.2605,0,NORMAL,19.2,6.6,8.3,8.4
10593,0.2432,0,NORMAL,19.2,5.4,7.2,8.4
10594,0.224,0,NORMAL,19.1,5.5,7.2,7.5
10595,0.2172,0,NORMAL,19.2,5.4,7.7,8.4
10596,0.2152,0,NORMAL,19.0,5.3,7.5,8.2
10597,0.2647,0,NORMAL,18.9,5.8,8.2,9.0
10598,0.2617,0,NORMAL,18.8,5.7,8.1,8.6
10599,0.211,0,NORMAL,19.2,6.0,7.4,7.8
10600,0.2343,0,NORMAL,19.0,5.8,8.3,8.8
10601,0.2614,0,NORMAL,19.2,6.8,8.3,8.4
10602,0.232,0,NORMAL,18.9,5.9,7.5,8.4
10603,0.3058,0,NORMAL,19.3,6.5,8.8,9.1
10604,0.2313,0,NORMAL,19.0,5.0,7.1,7.7
10605,0.2618,0,NORMAL,19.2,5.4,7.5,8.1
10606,0.2672,0,NORMAL,19.2,6.0,8.4,9.0
10607,0.2361,0,NORMAL,18.9,5.0,6.1,6.7
10608,0.216,0,NORMAL,19.2,5.7,7.8,8.0
10609,0.238,0,NORMAL,19.2,6.5,7.3,8.6
10610,0.1845,0,NORMAL,19.2,5.5,7.4,8.0
10611,0.2624,0,NORMAL,19.3,5.6,8.1,8.6
10612,0.2963,0,NORMAL,19.0,5.8,7.5,8.0
10613,0.2153,0,NORMAL,19.2,5.6,7.9,8.0
10614,0.2171,0,NORMAL,19.1,5.7,7.1,8.2
10615,0.2061,0,NORMAL,19.2,4.9,7.4,7.8
10616,0.2701,0,NORMAL,19.1,5.6,6.9,7.4
10617,0.3725,0,NORMAL,19.3,6.5,7.3,8.1
10618,0.1737,0,NORMAL,19.1,5.2,6.6,7.2
10619,0.2183,0,NORMAL,19.4,5.7,8.0,8.5
10620,0.2134,0,NORMAL,19.1,4.8,6.5,6.9
10621,0.2184,0,NORMAL,19.2,5.7,7.1,8.4
10622,0.2275,0,NORMAL,19.2,6.2,7.7,7.5
10623,0.2653,0,NORMAL,19.3,5.8,8.3,9.2
10624,0.2621,0,NORMAL,19.2,5.9,8.4,8.9
10625,0.2337,0,NORMAL,19.6,5.2,7.3,7.4
10626,0.3879,0,NORMAL,19.5,6.0,7.7,7.6
10627,0.1793,0,NORMAL,19.3,5.6,7.2,7.5
10628,0.2184,0,NORMAL,19.0,5.7,7.2,7.8
10629,0.2629,0,NORMAL,19.3,6.6,8.5,8.2
10630,0.2806,0,NORMAL,19.3,5.8,7.1,7.5
10631,0.1739,0,NORMAL,18.9,5.8,7.5,7.8
10632,0.5585,0,NORMAL,18.5,6.9,6.4,6.5
10633,0.2533,0,NORMAL,18.8,5.5,7.3,8.1
10634,0.1958,0,NORMAL,18.8,6.0,6.6,6.5
10635,0.2169,0,NORMAL,18.9,5.1,7.5,7.9
10636,1.0,0,ANOMALY,20.7,7.3,6.4,7.9
10637,0.2425,0,NORMAL,19.0,5.1,6.4,6.5
10638,0.2665,0,NORMAL,19.4,6.1,8.3,9.4
10639,0.2148,0,NORMAL,19.4,5.4,7.4,7.9
10640,0.2176,0,NORMAL,19.3,6.0,7.9,8.4
10641,0.1965,0,NORMAL,19.1,4.3,5.3,6.1
10642,0.264,0,NORMAL,19.2,5.8,7.7,7.9
10643,0.1678,0,NORMAL,19.2,5.8,7.5,8.0
10644,0.1653,0,NORMAL,19.2,5.0,6.2,6.2
10645,0.1477,0,NORMAL,19.2,5.1,6.3,7.2
10646,0.2173,0,NORMAL,19.2,5.7,7.5,7.7
10647,0.846,0,WARNING,19.3,8.8,6.4,6.5
10648,0.3059,0,NORMAL,19.0,5.4,6.8,7.4
10649,0.1483,0,NORMAL,19.2,5.9,6.5,7.0
10650,0.143,0,NORMAL,19.0,4.4,5.6,5.9
10651,0.3739,0,NORMAL,19.2,5.6,6.7,7.0
10652,0.1867,0,NORMAL,19.0,5.6,7.0,7.4
10653,0.2483,0,NORMAL,19.2,5.0,7.4,8.0
10654,0.1579,0,NORMAL,19.0,4.7,5.5,6.2
10655,0.223,0,NORMAL,19.3,5.9,6.6,7.7
10656,0.2179,0,NORMAL,19.3,6.0,7.4,7.4
10657,0.2168,0,NORMAL,19.1,5.2,7.3,7.1
10658,0.2171,0,NORMAL,19.0,6.0,7.3,7.8
10659,0.4235,0,NORMAL,19.1,5.0,6.6,6.8
10660,0.1941,0,NORMAL,19.2,5.9,7.3,7.3
10661,0.4389,0,NORMAL,19.3,7.0,8.0,8.8
10662,0.2624,0,NORMAL,19.3,6.1,8.0,7.7
10663,0.2185,0,NORMAL,19.4,5.5,7.2,8.1
10664,0.3107,0,NORMAL,19.2,5.3,7.4,7.4
10665,0.4159,0,NORMAL,19.3,6.7,7.0,7.2
10666,0.2321,0,NORMAL,18.9,4.9,6.2,6.7
10667,0.2578,0,NORMAL,19.1,5.3,7.7,7.7
10668,0.2019,0,NORMAL,19.1,5.1,6.9,7.4
10669,0.1821,0,NORMAL,19.2,5.1,5.6,5.9
10670,0.215,0,NORMAL,19.3,5.6,7.4,8.0
10671,0.1866,0,NORMAL,19.3,5.8,6.8,7.6
10672,0.1671,0,NORMAL,19.4,5.5,6.9,6.9
10673,0.217,0,NORMAL,19.4,5.6,7.9,8.2
10674,0.2219,0,NORMAL,19.4,5.2,7.0,7.3
10675,0.2189,0,NORMAL,19.3,5.7,6.7,6.7
10676,0.2661,0,NORMAL,19.4,6.1,7.7,8.7
10677,0.2411,0,NORMAL,19.1,5.3,6.6,5.8
10678,0.2321,0,NORMAL,19.1,6.0,7.2,7.3
10679,0.2092,0,NORMAL,19.3,5.3,5.6,6.4
10680,0.1894,0,NORMAL,19.1,5.2,5.7,5.4
10681,0.259,0,NORMAL,19.5,5.0,6.6,6.8
10682,0.2616,0,NORMAL,19.3,5.1,5.9,6.4
10683,0.0979,0,NORMAL,19.1,4.9,5.8,5.8
10684,0.1803,0,NORMAL,19.1,5.1,6.1,6.4
10685,0.2597,0,NORMAL,19.2,4.4,6.2,6.5
10686,0.1771,0,NORMAL,19.3,5.0,5.2,5.9
10687,0.1172,0,NORMAL,19.2,5.3,6.2,6.2
10688,0.2141,0,NORMAL,19.2,4.6,5.9,6.6
10689,0.1792,0,NORMAL,19.3,5.3,6.3,6.6
10690,0.1859,0,NORMAL,19.3,5.6,5.9,5.9
10691,0.2374,0,NORMAL,19.3,5.7,5.8,6.3
10692,0.2131,0,NORMAL,19.1,5.5,5.4,5.8
10693,0.1616,0,NORMAL,19.3,5.5,5.6,5.8
10694,0.1616,0,NORMAL,19.3,6.0,6.3,6.7
10695,0.1702,0,NORMAL,19.1,4.4,5.1,5.5
10696,0.2225,0,NORMAL,19.1,5.4,6.3,6.2
10697,0.1691,0,NORMAL,19.3,5.1,6.4,6.5
10698,0.1897,0,NORMAL,19.0,4.6,5.1,5.5
10699,0.1796,0,NORMAL,19.3,5.1,6.2,6.3
10700,0.2859,0,NORMAL,19.2,5.6,5.9,6.2
10701,0.1757,0,NORMAL,19.1,5.0,5.5,5.6
10702,0.2203,0,NORMAL,19.3,4.7,7.0,7.4
10703,0.1902,0,NORMAL,19.2,4.3,4.9,5.5
10704,0.1788,0,NORMAL,19.0,4.8,5.5,5.7
10705,0.1622,0,NORMAL,19.1,4.9,6.4,6.3
10706,0.203,0,NORMAL,19.1,5.4,5.4,5.3
10707,0.4481,0,NORMAL,19.1,5.8,5.3,5.5
10708,0.0663,0,NORMAL,19.1,4.2,4.8,5.5
10709,0.1607,0,NORMAL,19.2,5.1,6.0,5.9
10710,0.1854,0,NORMAL,19.1,4.3,5.4,5.3
10711,0.7253,0,WARNING,19.2,7.1,4.3,5.2
10712,0.1185,0,NORMAL,19.2,4.4,4.9,6.6
10713,0.1427,0,NORMAL,19.1,3.7,4.1,5.9
10714,0.1246,0,NORMAL,19.2,5.2,5.7,6.2
10715,0.1716,0,NORMAL,19.4,5.1,5.6,4.4
10716,0.1533,0,NORMAL,19.4,3.9,4.2,6.1
10717,0.1719,0,NORMAL,19.3,4.2,4.7,6.7
10718,0.5426,0,NORMAL,19.2,3.6,4.7,5.7
10719,0.3345,0,NORMAL,19.3,5.6,5.8,6.8
10720,0.1845,0,NORMAL,19.2,5.5,5.3,4.4
10721,0.139,0,NORMAL,19.2,4.4,4.5,4.6
10722,0.3019,0,NORMAL,19.0,5.1,4.2,5.6
10723,0.229,0,NORMAL,19.2,5.1,4.7,6.7
10724,0.2221,0,NORMAL,19.2,4.1,4.8,7.3
10725,0.1275,0,NORMAL,19.0,4.5,5.0,5.7
10726,0.2209,0,NORMAL,19.2,4.2,4.3,3.1
10727,0.1365,0,NORMAL,19.0,4.8,4.8,6.4
10728,0.1187,0,NORMAL,19.0,3.6,4.4,6.3
10729,0.1295,0,NORMAL,19.2,4.8,3.9,5.9
10730,0.2342,0,NORMAL,19.4,4.4,4.9,6.9
10731,0.1322,0,NORMAL,19.3,4.1,3.2,5.2
10732,0.2516,0,NORMAL,19.1,4.1,3.8,5.3
10733,0.153,0,NORMAL,19.2,4.4,3.1,4.7
10734,0.1204,0,NORMAL,19.2,4.2,4.6,6.6
10735,0.2571,0,NORMAL,19.2,4.7,4.1,5.4
10736,0.2075,0,NORMAL,19.0,3.1,3.3,4.9
10737,0.5141,0,NORMAL,19.1,5.5,4.1,5.9
10738,0.1196,0,NORMAL,19.3,3.9,4.2,6.1
10739,0.1302,0,NORMAL,19.2,4.8,3.7,5.6
10740,0.1384,0,NORMAL,19.0,4.1,3.5,4.9
10741,0.1197,0,NORMAL,19.2,3.8,3.5,5.0
10742,0.1008,0,NORMAL,19.3,4.6,3.9,5.6
10743,0.8231,0,WARNING,19.7,7.7,13.7,10.3
10744,0.8092,0,WARNING,19.8,6.2,14.9,10.9
10745,0.5974,0,WARNING,20.4,4.9,11.4,9.4
10746,0.3956,0,NORMAL,19.8,3.9,7.8,6.9
10747,0.2622,0,NORMAL,19.4,5.4,5.9,5.5
10748,0.2569,0,NORMAL,19.3,4.6,4.3,6.1
10749,0.426,0,NORMAL,20.2,4.8,7.6,8.2
10750,0.7417,0,WARNING,21.1,5.4,12.4,10.9
10751,0.5994,0,WARNING,20.6,5.4,10.6,8.2
10752,0.599,0,WARNING,20.6,4.7,10.6,8.4
10753,0.4869,0,NORMAL,20.3,5.1,9.3,7.6
10754,0.5473,0,NORMAL,20.0,5.0,10.5,9.3
10755,0.3179,0,NORMAL,19.2,3.7,4.3,3.5
10756,0.2564,0,NORMAL,19.3,3.9,3.4,4.3
10757,0.1828,0,NORMAL,19.4,4.3,3.5,5.6
10758,0.2501,0,NORMAL,19.1,3.9,3.8,5.1
10759,0.2436,0,NORMAL,19.2,4.4,3.9,4.7
10760,0.2346,0,NORMAL,19.3,3.6,3.9,5.5
10761,0.2993,0,NORMAL,19.2,4.9,4.0,5.2
10762,0.1967,0,NORMAL,19.2,3.4,2.8,4.2
10763,0.3343,0,NORMAL,19.1,3.7,3.7,5.0
10764,0.3535,0,NORMAL,19.1,2.9,2.4,3.7
10765,0.158,0,NORMAL,19.2,3.8,3.6,5.9
10766,0.4181,0,NORMAL,19.2,5.0,4.5,6.3
10767,0.748,0,WARNING,19.4,6.8,3.7,5.8
10768,0.3012,0,NORMAL,19.1,4.9,3.6,5.1
10769,0.1107,0,NORMAL,19.1,3.6,3.2,4.7
10770,0.177,0,NORMAL,19.2,4.1,3.0,4.2
10771,0.1176,0,NORMAL,19.1,3.3,3.1,4.6
10772,0.2239,0,NORMAL,19.1,4.5,3.6,5.0
10773,0.1071,0,NORMAL,19.1,3.8,3.8,5.1
10774,0.1945,0,NORMAL,19.1,4.3,3.9,5.6
10775,0.1454,0,NORMAL,19.3,4.0,3.1,4.4
10776,0.1936,0,NORMAL,19.2,4.3,3.7,4.6
10777,0.1593,0,NORMAL,19.3,3.3,3.3,4.4
10778,0.1411,0,NORMAL,19.2,4.3,3.0,4.2
10779,0.1808,0,NORMAL,19.1,3.9,3.8,5.2
10780,0.7781,0,WARNING,19.1,7.0,3.1,4.0
10781,0.2133,0,NORMAL,17.6,4.0,2.5,3.2
10782,0.3947,0,NORMAL,17.5,4.7,2.5,3.2
10783,0.2143,0,NORMAL,17.4,4.0,3.1,4.6
10784,0.2194,0,NORMAL,17.6,3.2,2.1,3.5
10785,0.1685,0,NORMAL,17.5,3.7,2.4,3.4
10786,0.2952,0,NORMAL,17.8,3.7,3.5,4.7
10787,0.1578,0,NORMAL,17.7,4.2,2.9,4.0
10788,0.1542,0,NORMAL,17.7,3.9,3.2,4.4
10789,0.1712,0,NORMAL,17.6,3.6,2.1,3.0
10790,0.2901,0,NORMAL,17.4,3.3,2.8,3.3
10791,0.2124,0,NORMAL,17.6,4.1,2.4,3.4
10792,0.2041,0,NORMAL,17.4,3.2,2.5,3.9
10793,0.211,0,NORMAL,17.3,3.4,2.5,3.2
10794,0.2164,0,NORMAL,17.4,3.8,3.1,4.2
10795,0.3472,0,NORMAL,17.3,3.9,3.4,4.4
10796,0.1692,0,NORMAL,17.3,4.0,2.8,3.3
10797,0.3388,0,NORMAL,17.4,4.3,2.3,3.2
10798,0.2093,0,NORMAL,17.5,3.6,2.3,3.3
10799,0.2103,0,NORMAL,17.5,4.1,2.4,3.7
10800,0.2094,0,NORMAL,17.3,3.7,2.6,3.2
10801,0.213,0,NORMAL,17.4,3.6,2.1,3.0
10802,0.2241,0,NORMAL,17.2,3.4,1.8,2.3
10803,0.2543,0,NORMAL,17.5,3.3,2.8,3.6
10804,0.248,0,NORMAL,17.6,4.6,3.8,5.1
10805,0.1693,0,NORMAL,17.5,3.9,2.3,3.2
10806,0.2637,0,NORMAL,17.1,3.1,2.3,2.9
10807,0.2239,0,NORMAL,17.4,3.7,1.7,2.6
10808,0.2719,0,NORMAL,17.4,3.7,2.4,3.0
10809,0.238,0,NORMAL,17.3,3.9,2.0,2.7
10810,0.2463,0,NORMAL,17.4,3.3,2.4,3.4
10811,0.2415,0,NORMAL,17.5,4.0,3.0,3.7
10812,0.8514,0,WARNING,17.6,4.6,2.2,3.0
10813,0.2205,0,NORMAL,17.1,4.0,2.2,3.0
10814,0.2416,0,NORMAL,17.2,3.1,2.2,2.7
10815,0.2523,0,NORMAL,17.4,2.9,2.1,2.9
10816,0.2637,0,NORMAL,17.2,3.0,1.8,2.3
10817,0.2812,0,NORMAL,17.4,3.8,2.0,2.5
10818,0.2877,0,NORMAL,17.1,2.5,1.8,2.4
10819,0.304,0,NORMAL,17.4,3.5,2.1,2.8
10820,0.2934,0,NORMAL,17.1,3.7,2.0,2.7
10821,0.2977,0,NORMAL,17.1,2.9,2.0,2.7
10822,0.2801,0,NORMAL,17.4,3.8,2.3,2.8
10823,0.2712,0,NORMAL,17.5,4.2,2.7,3.7
10824,0.2573,0,NORMAL,17.4,3.0,2.1,2.6
10825,0.2639,0,NORMAL,17.4,3.4,2.1,2.6
10826,0.369,0,NORMAL,17.6,3.2,2.6,3.5
10827,0.396,0,NORMAL,17.6,4.5,2.1,2.8
10828,0.2921,0,NORMAL,17.6,3.8,3.0,4.2
10829,0.2099,0,NORMAL,17.5,3.1,2.2,3.3
10830,0.7658,0,WARNING,17.6,6.1,2.1,3.0
10831,0.3234,0,NORMAL,17.7,4.0,2.2,3.1
10832,0.2007,0,NORMAL,17.7,3.5,2.6,3.2
10833,0.2779,0,NORMAL,17.3,2.8,2.0,2.7
10834,0.8525,0,WARNING,17.8,5.1,2.8,4.2
10835,0.2106,0,NORMAL,17.3,3.1,2.1,3.0
10836,0.2651,0,NORMAL,17.5,3.3,1.5,1.8
10837,0.2612,0,NORMAL,17.5,2.8,2.0,3.0
10838,0.2618,0,NORMAL,17.6,4.4,2.5,3.0
10839,0.2434,0,NORMAL,17.5,2.8,2.0,2.5
10840,0.2708,0,NORMAL,17.7,4.0,1.9,2.7
10841,0.256,0,NORMAL,17.7,3.5,1.5,2.2
10842,0.4734,0,NORMAL,17.6,4.9,2.0,2.8
10843,0.2498,0,NORMAL,17.5,3.3,1.9,2.5
10844,0.271,0,NORMAL,17.4,3.2,1.7,2.0
10845,0.3102,0,NORMAL,17.6,3.2,1.5,2.1
10846,0.2953,0,NORMAL,17.4,3.3,1.3,1.8
10847,0.3056,0,NORMAL,17.6,3.5,2.0,2.5
10848,0.3515,0,NORMAL,17.4,2.6,1.1,2.0
10849,0.3052,0,NORMAL,17.7,3.8,2.6,3.0
10850,0.2783,0,NORMAL,17.7,3.4,1.5,2.2
10851,0.2904,0,NORMAL,17.6,2.8,1.1,1.5
10852,0.3152,0,NORMAL,17.4,3.4,1.7,2.5
10853,0.2998,0,NORMAL,17.6,3.0,1.5,2.2
10854,0.3052,0,NORMAL,17.4,2.5,1.3,1.8
10855,0.3212,0,NORMAL,17.7,3.7,1.5,2.3
10856,0.294,0,NORMAL,17.7,2.8,1.4,1.7
10857,0.4526,0,NORMAL,17.7,4.1,1.4,1.7
10858,0.3168,0,NORMAL,17.4,3.7,1.6,2.2
10859,0.2991,0,NORMAL,17.6,2.8,1.8,2.5
10860,0.3041,0,NORMAL,17.3,3.5,2.0,2.5
10861,0.2939,0,NORMAL,17.3,2.9,1.4,2.0
10862,0.3081,0,NORMAL,17.4,3.2,1.2,1.8
10863,0.3193,0,NORMAL,17.1,2.8,1.2,1.6
10864,0.3367,0,NORMAL,17.3,3.7,2.2,3.5
10865,0.4206,0,NORMAL,17.4,4.0,1.3,1.6
10866,0.2736,0,NORMAL,17.5,3.0,1.1,1.7
10867,0.299,0,NORMAL,17.6,3.2,1.6,2.2
10868,0.308,0,NORMAL,17.6,3.1,1.3,1.6
10869,0.3212,0,NORMAL,17.7,3.2,1.4,2.3
10870,0.3045,0,NORMAL,17.5,3.7,1.7,2.2
10871,0.2957,0,NORMAL,17.7,3.5,1.3,1.8
10872,0.4373,0,NORMAL,17.8,4.5,1.5,2.1
10873,0.2833,0,NORMAL,17.8,3.4,2.1,2.7
10874,0.2766,0,NORMAL,17.6,2.6,1.0,1.7
10875,0.3064,0,NORMAL,17.2,3.0,1.4,2.1
10876,0.3072,0,NORMAL,17.5,3.4,1.6,1.6
10877,0.3258,0,NORMAL,17.4,3.7,1.3,2.1
10878,0.3099,0,NORMAL,17.2,3.1,1.0,1.7
10879,0.3232,0,NORMAL,17.4,3.0,1.4,2.2
10880,0.3225,0,NORMAL,17.4,3.0,1.1,1.7
10881,0.3219,0,NORMAL,17.5,2.7,1.1,1.8
10882,0.3265,0,NORMAL,17.5,2.6,1.0,1.5
10883,0.3404,0,NORMAL,17.7,2.9,1.0,1.5
10884,0.3459,0,NORMAL,17.6,3.3,1.3,1.6
10885,0.3411,0,NORMAL,17.6,2.1,0.8,0.9
10886,0.3713,0,NORMAL,17.4,3.3,1.0,1.5
10887,0.7417,0,WARNING,17.5,5.4,0.6,0.6
10888,0.4576,0,NORMAL,17.7,4.1,0.9,1.2
10889,0.3217,0,NORMAL,17.8,3.3,1.1,1.5
10890,0.3182,0,NORMAL,17.7,3.3,1.3,1.8
10891,0.3177,0,NORMAL,17.7,2.9,1.1,1.5
10892,0.3313,0,NORMAL,17.7,3.7,1.3,1.8
10893,0.327,0,NORMAL,17.6,3.0,1.5,2.2
10894,0.3209,0,NORMAL,17.5,3.0,1.2,2.2
10895,0.4002,0,NORMAL,17.3,2.9,1.6,2.0
10896,0.3121,0,NORMAL,17.6,3.8,1.3,1.6
10897,0.3125,0,NORMAL,17.3,2.4,1.0,1.5
10898,0.3372,0,NORMAL,17.5,3.0,0.9,1.5
10899,0.3392,0,NORMAL,17.3,2.8,1.4,1.8
10900,0.3407,0,NORMAL,17.6,3.3,0.8,1.1
10901,0.3402,0,NORMAL,17.6,3.1,1.1,1.3
10902,0.4364,0,NORMAL,17.7,4.2,0.9,1.5
10903,0.3282,0,NORMAL,17.5,3.3,1.2,1.5
10904,0.3279,0,NORMAL,17.3,2.3,1.2,1.6
10905,0.3623,0,NORMAL,17.6,3.5,1.3,1.6
10906,0.6578,0,WARNING,17.4,1.6,1.1,1.2
10907,0.3588,0,NORMAL,17.4,3.2,1.1,1.3
10908,0.3577,0,NORMAL,17.4,2.6,1.5,2.0
10909,0.359,0,NORMAL,17.7,3.6,1.1,1.5
10910,0.3293,0,NORMAL,17.5,3.1,1.1,1.5
10911,0.3555,0,NORMAL,17.7,3.3,1.4,1.6
10912,0.325,0,NORMAL,17.7,3.2,1.5,1.6
10913,0.337,0,NORMAL,17.5,3.6,1.2,1.5
10914,0.3348,0,NORMAL,17.5,2.2,1.2,1.7
10915,0.3426,0,NORMAL,17.8,3.5,1.3,1.8
10916,0.3256,0,NORMAL,17.8,3.5,1.0,1.0
10917,0.3351,0,NORMAL,17.7,3.1,1.0,1.5
10918,0.3409,0,NORMAL,17.5,3.3,1.3,1.3
10919,0.3426,0,NORMAL,17.7,2.8,1.0,1.5
10920,0.3436,0,NORMAL,17.5,2.9,1.2,1.3
10921,0.3508,0,NORMAL,17.7,2.8,0.8,0.9
10922,0.3645,0,NORMAL,17.5,3.2,1.2,1.5
10923,0.3548,0,NORMAL,17.5,3.1,1.2,1.3
10924,0.3572,0,NORMAL,17.6,3.0,1.9,2.9
10925,0.3239,0,NORMAL,17.7,3.3,1.4,2.1
10926,0.3144,0,NORMAL,17.7,3.0,1.1,1.3
10927,0.3382,0,NORMAL,17.4,2.3,0.8,0.9
10928,0.3646,0,NORMAL,17.7,3.4,1.0,1.5
10929,0.3515,0,NORMAL,17.6,3.0,1.5,1.8
10930,0.3427,0,NORMAL,17.6,4.2,1.4,1.7
10931,0.3495,0,NORMAL,17.4,3.4,0.6,0.6
10932,0.3397,0,NORMAL,17.7,4.0,1.5,2.0
10933,0.3173,0,NORMAL,17.4,3.0,0.7,1.1
10934,0.3308,0,NORMAL,17.7,2.6,1.0,1.5
10935,0.3493,0,NORMAL,17.7,3.0,0.7,0.6
10936,0.3882,0,NORMAL,17.6,2.5,0.2,0.0
10937,0.39,0,NORMAL,17.4,2.4,0.1,0.0
10938,0.4135,0,NORMAL,17.6,2.8,0.0,0.0
10939,0.4187,0,NORMAL,17.7,3.4,1.0,1.0
10940,0.3939,0,NORMAL,17.7,2.9,0.9,1.0
10941,0.3833,0,NORMAL,17.8,3.0,0.8,0.8
10942,0.3791,0,NORMAL,17.8,3.2,0.8,1.1
10943,0.369,1,NORMAL,17.7,2.9,0.9,1.3
10944,1.0,1,ANOMALY,27.4,23.0,1.0,1.3
10945,0.6005,1,WARNING,17.6,3.0,1.2,1.5
10946,0.3093,1,NORMAL,17.6,3.2,0.7,1.1
10947,0.79,0,WARNING,17.8,6.4,0.8,0.6
10948,0.3216,0,NORMAL,17.7,3.8,1.3,1.5
10949,0.3123,0,NORMAL,17.3,3.3,1.3,1.8
10950,0.3086,0,NORMAL,16.8,2.9,0.9,1.2
10951,0.3283,0,NORMAL,17.0,2.7,0.9,1.2
10952,0.3483,0,NORMAL,16.9,3.0,0.5,0.8
10953,0.3596,0,NORMAL,17.0,3.0,1.1,1.5
10954,0.3601,0,NORMAL,17.1,3.3,1.4,2.3
10955,0.3256,0,NORMAL,17.0,3.7,1.0,1.3
10956,0.328,0,NORMAL,17.0,2.9,1.0,1.3
10957,0.344,0,NORMAL,17.0,3.2,1.3,1.3
10958,0.3461,0,NORMAL,16.8,2.9,0.8,0.9
10959,0.3567,0,NORMAL,17.0,3.1,0.9,1.1
10960,0.3561,0,NORMAL,16.8,3.2,0.7,0.9
10961,0.367,0,NORMAL,17.1,3.2,1.2,1.3
10962,0.4301,0,NORMAL,17.1,4.6,1.1,1.3
10963,0.3497,0,NORMAL,17.0,3.1,0.8,0.6
10964,0.3577,0,NORMAL,16.7,2.8,0.8,1.1
10965,0.3646,0,NORMAL,16.7,3.3,0.4,0.6
10966,0.3762,0,NORMAL,16.7,2.9,0.7,0.8
10967,0.3841,0,NORMAL,17.0,2.9,0.7,0.8
10968,0.3903,0,NORMAL,16.7,3.2,0.7,0.6
10969,0.3911,0,NORMAL,17.1,3.4,0.9,1.1
10970,0.3719,0,NORMAL,16.7,3.0,1.0,1.3
10971,0.369,0,NORMAL,16.9,2.6,0.8,0.9
10972,0.3769,0,NORMAL,17.0,3.5,0.7,0.8
10973,0.3688,0,NORMAL,17.0,2.6,0.7,0.6
10974,0.3895,0,NORMAL,16.9,3.0,0.9,1.2
10975,0.374,0,NORMAL,17.1,3.5,0.8,0.9
10976,0.3664,0,NORMAL,17.1,3.1,0.8,0.9
10977,0.4606,0,NORMAL,16.9,3.7,1.1,1.7
10978,0.3364,0,NORMAL,16.9,2.8,1.2,1.8
10979,0.3336,0,NORMAL,17.0,3.9,1.1,1.5
10980,0.3497,0,NORMAL,17.0,2.6,0.4,0.6
10981,0.3626,0,NORMAL,17.1,3.2,1.1,1.3
10982,0.3602,0,NORMAL,16.9,3.0,1.0,1.3
10983,0.3641,0,NORMAL,17.1,3.2,0.8,1.2
10984,0.3625,0,NORMAL,17.1,2.8,1.3,2.3
10985,0.3345,0,NORMAL,16.9,3.4,1.0,1.3
10986,0.3351,0,NORMAL,17.0,2.7,0.9,1.2
10987,0.3503,0,NORMAL,17.1,3.2,0.9,1.2
10988,0.3595,0,NORMAL,17.0,3.0,1.0,1.7
10989,0.3486,0,NORMAL,17.2,3.2,1.0,1.7
10990,0.3425,0,NORMAL,16.9,3.2,0.8,1.2
10991,0.3494,0,NORMAL,17.1,3.4,0.5,0.6
10992,0.3639,0,NORMAL,16.8,3.6,0.6,0.6
10993,0.3627,0,NORMAL,17.0,2.9,0.4,0.6
10994,0.3804,0,NORMAL,17.1,2.8,0.9,0.8
10995,0.4215,0,NORMAL,17.0,4.0,0.9,1.1
10996,0.3563,0,NORMAL,16.9,2.7,0.9,0.9
10997,0.4321,0,NORMAL,17.1,5.7,1.4,1.3
10998,0.9995,0,ANOMALY,17.1,17.8,1.3,1.6
10999,0.3704,0,NORMAL,17.0,4.3,0.9,0.9
11000,0.3211,0,NORMAL,16.8,3.4,1.1,1.5
11001,0.3138,0,NORMAL,17.0,3.1,0.9,1.2
11002,0.3171,0,NORMAL,17.0,3.3,1.0,1.2
11003,0.3202,0,NORMAL,17.1,2.5,1.0,1.0
11004,0.3569,0,NORMAL,16.9,2.8,0.9,1.2
11005,0.3651,0,NORMAL,17.1,2.6,0.9,1.2
11006,0.3713,0,NORMAL,16.8,2.9,0.8,0.6
11007,0.3812,0,NORMAL,17.0,3.5,0.8,1.0
11008,0.3688,0,NORMAL,17.0,3.5,0.8,0.9
11009,0.3671,0,NORMAL,17.0,3.1,1.0,1.5
11010,0.3555,0,NORMAL,17.0,2.7,0.9,1.0
11011,0.7532,0,WARNING,17.0,5.8,1.1,1.5
11012,0.8485,0,WARNING,17.2,4.8,1.1,1.0
11013,0.4013,0,NORMAL,16.7,2.8,0.9,1.0
11014,0.3315,0,NORMAL,17.0,2.6,1.1,1.7
11015,0.3734,0,NORMAL,17.0,3.1,1.0,1.5
11016,0.3287,0,NORMAL,17.1,3.4,0.8,1.1
11017,0.3358,0,NORMAL,17.1,3.2,0.8,0.9
11018,0.3602,0,NORMAL,17.1,3.3,0.8,1.3
11019,0.3486,0,NORMAL,17.1,3.8,0.8,1.1
11020,0.3369,0,NORMAL,17.1,2.8,1.1,1.3
11021,0.3492,0,NORMAL,17.1,3.8,0.8,0.7
11022,0.3553,0,NORMAL,17.1,4.0,1.0,1.1
11023,0.3477,0,NORMAL,17.1,3.1,0.9,1.2
11024,0.3482,0,NORMAL,17.1,2.4,0.7,0.9
11025,0.3687,0,NORMAL,17.0,2.8,0.9,1.0
11026,0.3766,0,NORMAL,16.8,3.0,0.8,1.1
11027,0.8604,0,WARNING,17.3,3.1,1.1,1.5
11028,0.3605,0,NORMAL,16.7,2.9,0.9,0.9
11029,0.3681,0,NORMAL,16.9,3.3,0.9,1.2
11030,0.354,0,NORMAL,16.9,3.2,0.7,0.6
11031,0.3652,0,NORMAL,17.0,3.3,1.3,1.8
11032,0.3405,0,NORMAL,16.7,3.0,0.8,1.1
11033,0.3452,0,NORMAL,17.0,2.7,0.9,1.1
11034,0.3573,0,NORMAL,16.8,3.0,0.7,1.1
11035,0.3533,0,NORMAL,16.8,2.5,0.4,0.6
11036,0.4547,0,NORMAL,17.1,2.4,0.5,0.4
11037,0.4891,0,NORMAL,17.1,4.3,0.9,0.9
11038,0.3582,0,NORMAL,16.9,2.9,0.8,0.9
11039,0.361,0,NORMAL,17.1,3.7,1.3,1.8
11040,0.3284,0,NORMAL,16.9,2.4,0.8,0.9
11041,0.3698,0,NORMAL,16.9,2.6,0.6,0.8
11042,0.3656,0,NORMAL,17.0,2.7,0.8,1.1
11043,0.3686,0,NORMAL,17.2,3.1,0.9,1.5
11044,0.3587,0,NORMAL,17.2,2.8,0.9,0.9
11045,0.3681,0,NORMAL,17.2,2.8,1.2,2.0
11046,0.3442,0,NORMAL,17.2,3.3,0.7,0.8
11047,0.4214,0,NORMAL,17.1,3.7,0.9,1.2
11048,0.3281,0,NORMAL,16.8,2.8,0.9,1.5
11049,0.3336,0,NORMAL,17.1,3.2,1.1,1.5
11050,0.4213,0,NORMAL,17.1,3.5,0.6,0.8
11051,0.4556,0,NORMAL,17.1,4.6,1.1,1.5
11052,0.3145,0,NORMAL,17.1,3.0,0.7,1.1
11053,0.3325,0,NORMAL,17.0,3.1,1.0,1.2
11054,0.3389,0,NORMAL,17.1,3.0,0.9,1.7
11055,0.3303,0,NORMAL,17.1,3.0,0.9,1.2
11056,0.3376,0,NORMAL,16.9,2.7,0.9,1.2
11057,0.3877,0,NORMAL,16.9,2.6,0.8,1.0
11058,0.3621,0,NORMAL,17.1,2.8,1.2,1.3
11059,0.3613,0,NORMAL,17.1,3.0,1.1,1.8
11060,0.3488,0,NORMAL,16.8,2.4,0.9,1.3
11061,0.3663,0,NORMAL,17.1,3.8,0.9,1.4
11062,0.3452,0,NORMAL,16.8,2.8,1.0,1.5
11063,0.3521,0,NORMAL,17.1,2.9,1.6,2.2
11064,0.3375,0,NORMAL,16.8,3.1,1.1,1.5
11065,0.3381,0,NORMAL,17.2,4.1,1.5,1.6
11066,0.3257,0,NORMAL,17.0,2.6,0.9,1.5
11067,0.8187,0,WARNING,17.2,6.9,1.8,1.8
11068,0.3017,0,NORMAL,16.9,3.4,1.3,2.0
11069,0.2907,0,NORMAL,17.2,3.3,1.1,1.5
11070,0.3095,0,NORMAL,16.9,3.4,1.3,1.5
11071,0.3203,0,NORMAL,17.2,3.1,1.3,1.8
11072,0.3126,0,NORMAL,17.1,3.6,1.0,1.3
11073,0.3269,0,NORMAL,17.1,2.8,1.1,1.3
11074,0.3489,0,NORMAL,16.9,3.9,2.2,3.0
11075,0.2965,0,NORMAL,17.2,3.1,1.0,1.7
11076,0.3055,0,NORMAL,17.2,3.2,1.6,2.5
11077,0.3908,0,NORMAL,17.1,3.8,1.2,1.8
11078,0.3084,0,NORMAL,17.2,2.7,1.0,1.3
11079,0.3337,0,NORMAL,17.1,3.1,1.0,2.0
11080,0.324,0,NORMAL,17.1,3.5,1.0,1.5
11081,0.3212,0,NORMAL,17.2,2.9,1.2,1.5
11082,0.4911,0,NORMAL,17.0,4.9,1.4,1.8
11083,0.3004,0,NORMAL,16.9,2.9,1.3,2.1
11084,0.3024,0,NORMAL,17.2,3.2,1.4,1.8
11085,0.3015,0,NORMAL,17.0,3.2,1.1,1.8
11086,0.311,0,NORMAL,17.1,3.1,1.5,2.1
11087,0.3091,0,NORMAL,16.9,3.1,1.1,2.0
11088,0.3019,0,NORMAL,16.9,2.8,1.5,2.4
11089,0.2944,0,NORMAL,17.0,2.8,1.3,1.8
11090,0.3094,0,NORMAL,17.2,2.9,1.2,2.0
11091,0.9564,0,WARNING,17.2,9.4,1.7,2.3
11092,0.9875,0,WARNING,17.1,11.4,1.0,2.0
11093,0.9862,0,WARNING,17.0,11.1,1.1,1.8
11094,0.9858,0,WARNING,16.9,10.8,1.6,2.5
11095,0.9889,0,WARNING,17.2,11.8,1.9,3.0
11096,0.9886,0,WARNING,17.3,12.1,2.0,2.5
11097,0.9903,0,ANOMALY,17.0,11.6,1.1,1.5
11098,0.9918,0,ANOMALY,17.2,12.2,0.8,1.3
11099,0.9869,0,WARNING,17.4,11.6,1.3,1.8
11100,0.987,0,WARNING,17.3,11.4,1.4,2.3
11101,0.9894,0,WARNING,17.3,11.8,1.1,1.5
11102,0.988,0,WARNING,17.0,11.1,0.8,1.1
11103,0.9901,0,WARNING,17.3,12.1,1.3,2.0
11104,0.9883,0,WARNING,17.1,11.6,1.7,2.8
11105,0.9905,0,ANOMALY,17.4,12.4,1.5,2.3
11106,0.9892,0,WARNING,17.4,11.9,1.5,2.2
11107,0.9887,0,WARNING,17.2,11.6,1.1,2.0
11108,0.9917,0,ANOMALY,17.1,11.9,0.8,1.1
11109,0.9887,0,WARNING,17.5,12.3,1.9,3.2
11110,0.9893,0,WARNING,17.4,12.1,2.2,2.9
11111,0.9909,0,ANOMALY,17.4,12.8,1.8,2.5
11112,0.994,0,ANOMALY,17.5,13.5,2.2,3.2
11113,0.9907,0,ANOMALY,17.5,12.9,2.8,3.3
11114,0.9899,0,WARNING,17.5,12.4,2.1,3.0
11115,0.9893,0,WARNING,17.3,12.1,1.7,2.5
11116,0.9897,0,WARNING,17.3,12.1,2.0,2.7
11117,0.988,0,WARNING,17.6,11.8,1.5,2.0
11118,0.7476,0,WARNING,17.5,3.9,1.8,2.4
11119,0.2375,0,NORMAL,17.2,4.1,1.9,3.0
11120,0.236,0,NORMAL,17.2,2.5,1.6,2.7
11121,0.3627,0,NORMAL,17.2,3.1,1.8,2.9
11122,0.2251,0,NORMAL,16.9,3.3,1.7,2.3
11123,0.2495,0,NORMAL,17.3,3.2,2.5,3.7
11124,0.2558,0,NORMAL,17.3,3.9,2.5,3.4
11125,0.2186,0,NORMAL,17.3,3.4,2.2,3.0
11126,0.2321,0,NORMAL,17.2,3.1,1.9,2.9
11127,0.8699,0,WARNING,17.1,7.3,2.2,3.5
11128,0.2082,0,NORMAL,17.0,3.3,1.6,2.8
11129,0.2077,0,NORMAL,17.3,3.4,2.3,3.5
11130,0.2078,0,NORMAL,17.0,3.8,1.8,2.6
11131,0.3372,0,NORMAL,17.2,3.9,2.4,3.1
11132,0.2105,0,NORMAL,17.3,3.9,2.4,3.5
11133,0.2185,0,NORMAL,17.0,3.3,1.8,2.4
11134,0.2352,0,NORMAL,17.3,3.2,1.8,2.7
11135,0.2513,0,NORMAL,17.4,3.9,3.2,4.6
11136,0.2184,0,NORMAL,17.4,3.5,2.7,3.9
11137,0.2104,0,NORMAL,17.2,3.8,1.9,3.0
11138,0.2088,0,NORMAL,17.2,3.6,2.2,3.0
11139,0.2108,0,NORMAL,17.2,3.4,2.0,3.0
11140,0.224,0,NORMAL,17.2,3.6,1.9,2.7
11141,0.2335,0,NORMAL,17.3,3.3,2.1,3.0
11142,0.4535,0,NORMAL,17.3,4.6,2.0,3.4
11143,0.1997,0,NORMAL,17.2,3.6,2.3,3.5
11144,0.2009,0,NORMAL,17.2,3.6,2.4,3.7
11145,0.2042,0,NORMAL,17.1,3.8,2.7,3.7
11146,0.2181,0,NORMAL,17.2,3.6,2.5,3.7
11147,0.2204,0,NORMAL,17.2,3.5,2.6,3.9
11148,0.21,0,NORMAL,17.3,4.2,2.2,3.0
11149,0.2023,0,NORMAL,17.3,3.6,2.0,3.2
11150,0.231,0,NORMAL,17.3,3.5,2.8,4.0
11151,0.1922,0,NORMAL,17.2,3.8,2.4,3.7
11152,0.2169,0,NORMAL,17.0,3.0,2.0,3.2
11153,0.2116,0,NORMAL,17.2,4.3,2.7,4.2
11154,0.1743,0,NORMAL,17.2,3.7,2.3,3.3
11155,0.253,0,NORMAL,17.2,3.0,1.9,3.2
11156,0.2172,0,NORMAL,17.1,3.7,2.3,3.8
11157,0.3348,0,NORMAL,17.3,5.3,3.7,4.9
11158,0.3107,0,NORMAL,17.2,4.0,2.7,4.2
11159,0.2794,0,NORMAL,17.3,3.7,3.1,4.5
11160,0.1607,0,NORMAL,17.1,3.6,2.3,3.7
11161,0.1645,0,NORMAL,17.4,4.4,3.6,5.0
11162,0.1677,0,NORMAL,17.2,2.8,2.4,3.9
11163,0.1629,0,NORMAL,17.4,3.5,2.7,3.9
11164,0.1685,0,NORMAL,17.4,3.9,3.0,4.7
11165,0.1552,0,NORMAL,17.3,4.5,4.1,6.3
11166,0.3957,0,NORMAL,17.2,3.6,3.0,4.4
11167,0.2722,0,NORMAL,17.4,4.4,3.2,5.1
11168,0.1186,0,NORMAL,17.4,3.6,3.3,5.1
11169,0.2865,0,NORMAL,17.4,4.0,3.6,4.9
11170,0.2542,0,NORMAL,17.2,4.6,3.2,4.5
11171,0.1431,0,NORMAL,17.6,4.6,4.4,5.9
11172,0.3227,0,NORMAL,17.4,4.6,4.1,6.5
11173,0.3685,0,NORMAL,17.0,5.1,3.7,5.5
11174,0.4549,0,NORMAL,16.9,3.0,2.6,4.2
11175,0.2073,0,NORMAL,17.3,4.4,3.0,4.2
11176,0.1457,0,NORMAL,17.3,4.5,3.8,5.5
11177,0.2132,0,NORMAL,17.3,3.7,3.5,4.9
11178,0.1564,0,NORMAL,17.3,4.5,3.5,4.9
11179,0.1409,0,NORMAL,17.4,3.6,3.5,5.1
11180,0.1187,0,NORMAL,17.2,3.9,3.4,4.9
11181,0.1431,0,NORMAL,17.3,4.3,3.6,5.5
11182,0.2401,0,NORMAL,17.3,5.1,4.3,6.1
11183,0.121,0,NORMAL,17.1,3.9,3.9,5.0
11184,0.1492,0,NORMAL,17.5,3.8,3.9,5.5
11185,0.3226,0,NORMAL,17.6,5.3,4.5,6.3
11186,0.1814,0,NORMAL,17.3,4.5,5.2,6.9
11187,0.1629,0,NORMAL,17.2,4.9,4.3,6.0
11188,0.4465,0,NORMAL,17.1,5.6,4.1,5.7
11189,0.1132,0,NORMAL,17.3,3.8,3.9,5.9
11190,0.335,0,NORMAL,17.3,5.2,4.5,7.0
11191,0.7665,0,WARNING,17.3,7.7,4.0,5.6
11192,0.1724,0,NORMAL,17.2,4.1,4.1,6.5
11193,0.1723,0,NORMAL,17.0,4.6,4.5,6.6
11194,0.4185,0,NORMAL,17.3,4.7,3.6,5.7
11195,0.2228,0,NORMAL,17.1,4.7,4.4,7.1
11196,0.2223,0,NORMAL,17.4,4.6,4.3,7.1
11197,0.1718,0,NORMAL,17.4,4.3,4.7,7.0
11198,0.1655,0,NORMAL,17.3,5.1,4.7,6.6
11199,0.1296,0,NORMAL,17.1,3.7,3.5,5.7
11200,0.1981,0,NORMAL,17.3,4.7,3.9,6.0
11201,0.4046,0,NORMAL,17.4,5.9,4.6,6.7
11202,0.172,0,NORMAL,17.4,4.8,4.1,6.6
11203,0.2223,0,NORMAL,17.4,4.4,4.5,7.3
11204,0.2219,0,NORMAL,17.2,4.2,4.5,7.1
11205,0.3348,0,NORMAL,17.5,5.5,4.4,5.9
11206,0.2221,0,NORMAL,17.4,4.4,4.6,7.4
11207,0.5599,0,NORMAL,17.2,4.4,4.9,4.3
11208,0.0695,0,NORMAL,17.4,4.6,4.3,5.9
11209,0.2223,0,NORMAL,17.5,4.9,5.3,7.7
11210,0.1474,0,NORMAL,17.3,4.9,4.5,6.4
11211,0.1292,0,NORMAL,17.5,4.6,4.6,6.4
11212,0.1373,0,NORMAL,17.3,4.5,4.0,6.3
11213,0.1991,0,NORMAL,17.2,4.0,3.7,5.4
11214,0.1726,0,NORMAL,17.3,4.3,4.6,6.9
11215,0.2089,0,NORMAL,17.2,4.5,4.1,6.1
11216,0.1722,0,NORMAL,17.5,4.2,4.6,6.8
11217,0.5202,0,NORMAL,17.5,6.1,4.6,6.6
11218,0.83,0,WARNING,17.5,4.5,4.3,7.1
11219,0.3376,0,NORMAL,17.5,4.3,4.4,6.7
11220,0.1709,0,NORMAL,17.4,4.4,3.5,3.4
11221,0.2705,0,NORMAL,17.5,4.9,5.2,8.0
11222,0.3215,0,NORMAL,17.5,5.1,5.6,6.3
11223,0.1714,0,NORMAL,17.4,5.2,5.8,4.1
11224,0.3109,0,NORMAL,17.5,4.3,5.6,6.7
11225,0.27,0,NORMAL,17.4,4.2,5.5,7.3
11226,0.1192,0,NORMAL,17.6,4.4,5.2,4.6
11227,0.1899,0,NORMAL,17.3,4.3,4.4,3.6
11228,0.2226,0,NORMAL,17.3,4.9,5.1,7.6
11229,0.1178,0,NORMAL,17.6,3.8,4.6,6.2
11230,0.1893,0,NORMAL,17.3,4.6,4.1,3.8
11231,0.2229,0,NORMAL,17.6,5.1,5.3,7.4
11232,0.2659,0,NORMAL,17.5,5.4,5.0,6.4
11233,0.2435,0,NORMAL,17.4,5.3,5.9,3.7
11234,0.0766,0,NORMAL,17.5,5.2,5.3,5.3
11235,0.1179,0,NORMAL,17.6,4.2,4.2,6.4
11236,0.2219,0,NORMAL,17.3,4.9,5.2,7.4
11237,0.1961,0,NORMAL,17.6,4.5,5.6,4.1
11238,0.1955,0,NORMAL,17.5,5.2,5.4,5.2
11239,0.1714,0,NORMAL,17.5,4.6,5.2,7.3
11240,0.2397,0,NORMAL,17.5,5.1,4.3,5.2
11241,0.0589,0,NORMAL,17.6,4.2,4.8,5.2
11242,0.1184,0,NORMAL,17.7,4.5,5.7,6.7
11243,0.2975,0,NORMAL,17.3,4.8,5.1,5.0
11244,0.119,0,NORMAL,17.5,5.0,4.9,4.4
11245,0.1288,0,NORMAL,17.7,5.2,5.9,6.5
11246,0.1354,0,NORMAL,17.3,4.6,5.0,6.0
11247,0.8073,0,WARNING,17.6,7.9,4.8,4.8
11248,0.3509,0,NORMAL,17.5,5.6,4.9,5.0
11249,0.8289,0,WARNING,17.6,4.4,4.6,5.5
11250,0.1438,0,NORMAL,17.5,5.6,6.1,6.2
11251,0.0798,0,NORMAL,17.3,3.9,4.4,4.8
11252,0.2472,0,NORMAL,17.6,4.3,4.5,5.5
11253,0.0785,0,NORMAL,17.5,5.2,5.7,6.0
11254,0.0793,0,NORMAL,17.5,4.8,5.3,5.1
11255,0.2774,0,NORMAL,17.6,4.9,5.1,5.9
11256,0.1067,0,NORMAL,17.7,4.6,5.5,6.4
11257,0.5398,0,NORMAL,17.6,6.6,8.1,7.4
11258,0.1428,0,NORMAL,17.4,4.3,5.1,5.6
11259,0.2321,0,NORMAL,17.8,4.8,5.5,6.9
11260,0.1195,0,NORMAL,17.6,4.9,4.4,4.3
11261,0.2219,0,NORMAL,17.7,4.9,5.6,7.6
11262,0.3009,0,NORMAL,17.7,5.6,5.9,6.0
11263,0.2798,0,NORMAL,17.6,5.6,5.1,3.9
11264,0.4425,0,NORMAL,17.7,4.1,4.6,5.5
11265,0.0612,0,NORMAL,17.6,4.8,4.7,6.1
11266,0.1126,0,NORMAL,17.5,4.9,5.1,4.9
11267,0.1188,0,NORMAL,17.7,4.1,4.6,4.5
11268,0.1784,0,NORMAL,17.3,5.0,5.1,6.2
11269,0.5551,0,NORMAL,17.5,5.3,4.4,5.5
11270,0.231,0,NORMAL,17.7,5.8,5.4,6.7
11271,0.2224,0,NORMAL,17.6,4.0,4.5,5.7
11272,0.1417,0,NORMAL,17.7,5.1,6.1,5.1
11273,0.2706,0,NORMAL,17.7,5.1,4.5,4.1
11274,0.119,0,NORMAL,17.8,5.0,6.1,6.7
11275,0.0454,0,NORMAL,17.6,4.3,4.5,5.5
11276,0.1073,0,NORMAL,17.8,4.1,4.0,5.5
11277,0.549,0,NORMAL,17.8,6.5,5.5,7.0
11278,0.1195,0,NORMAL,17.7,4.8,5.5,4.4
11279,0.186,0,NORMAL,17.7,5.2,5.8,5.3
11280,0.2684,0,NORMAL,17.5,5.1,5.6,7.2
11281,0.1193,0,NORMAL,17.7,5.0,5.8,5.8
11282,0.5922,0,NORMAL,17.4,3.6,4.7,4.1
11283,0.236,0,NORMAL,17.7,4.2,5.1,5.9
11284,0.118,0,NORMAL,17.4,4.5,4.6,6.5
11285,0.4168,0,NORMAL,17.5,5.1,6.3,5.8
11286,0.2436,0,NORMAL,17.7,4.3,5.1,4.6
11287,0.2218,0,NORMAL,17.4,5.0,5.9,7.6
11288,0.0622,0,NORMAL,17.7,4.6,5.3,5.8
11289,0.1501,0,NORMAL,17.7,5.1,6.3,5.6
11290,0.1621,0,NORMAL,17.8,5.1,5.7,6.1
11291,0.1074,0,NORMAL,17.8,4.4,5.1,6.1
11292,0.223,0,NORMAL,17.8,5.4,4.9,6.1
11293,0.3413,0,NORMAL,17.9,6.3,6.5,6.1
11294,0.1537,0,NORMAL,17.6,4.6,5.3,5.2
11295,0.2183,0,NORMAL,17.7,5.4,5.0,5.5
11296,0.2733,0,NORMAL,17.9,4.8,6.0,6.7
11297,0.1675,0,NORMAL,17.5,5.2,5.3,5.3
11298,0.3769,0,NORMAL,17.4,4.5,5.5,5.7
11299,0.2275,0,NORMAL,17.7,5.2,6.2,6.9
11300,0.1397,0,NORMAL,17.7,3.8,4.3,4.8
11301,0.0799,0,NORMAL,17.7,4.8,5.6,5.7
11302,0.1863,0,NORMAL,17.7,4.5,4.5,4.8
11303,0.1665,0,NORMAL,17.9,4.6,4.7,6.6
11304,0.1182,0,NORMAL,17.9,5.5,5.9,7.0
11305,0.2214,0,NORMAL,17.9,4.5,4.9,3.6
11306,0.0904,0,NORMAL,17.7,4.7,4.8,5.0
11307,0.3711,0,NORMAL,17.8,5.5,5.0,7.1
11308,0.7476,0,WARNING,17.9,7.6,5.6,5.8
11309,0.173,0,NORMAL,17.7,5.1,5.0,4.1
11310,0.1719,0,NORMAL,17.5,4.8,5.8,7.2
11311,0.2366,0,NORMAL,17.9,5.8,6.0,6.9
11312,0.1229,0,NORMAL,17.8,5.2,6.3,5.1
11313,0.1157,0,NORMAL,17.5,4.8,5.4,6.2
11314,0.1169,0,NORMAL,17.8,4.6,5.7,6.9
11315,0.2859,0,NORMAL,17.8,5.9,5.8,5.6
11316,0.2596,0,NORMAL,17.8,4.3,4.8,5.2
11317,0.146,0,NORMAL,17.6,5.2,5.9,7.0
11318,0.081,0,NORMAL,17.5,4.6,5.4,5.7
11319,0.1192,0,NORMAL,17.7,5.2,5.0,4.6
11320,0.1018,0,NORMAL,17.6,4.8,5.6,6.3
11321,0.1235,0,NORMAL,17.9,5.1,5.4,6.0
11322,0.3632,0,NORMAL,17.9,5.3,4.7,4.6
11323,0.1041,0,NORMAL,17.8,5.5,6.2,6.1
11324,0.074,0,NORMAL,17.7,4.5,4.8,5.9
11325,0.1441,0,NORMAL,17.5,4.4,5.8,6.4
11326,0.1975,0,NORMAL,17.5,5.3,5.5,5.4
11327,0.2524,0,NORMAL,17.7,4.2,4.9,5.7
11328,0.2215,0,NORMAL,17.8,6.2,8.1,8.7
11329,0.1327,0,NORMAL,17.7,5.1,5.7,6.0
11330,0.0945,0,NORMAL,17.7,4.6,4.7,5.8
11331,0.1029,0,NORMAL,17.9,5.4,5.4,6.0
11332,0.1184,0,NORMAL,17.9,4.7,5.6,5.3
11333,0.1284,0,NORMAL,17.8,5.5,5.9,5.8
11334,0.1844,0,NORMAL,17.9,6.1,6.3,6.3
11335,0.2029,0,NORMAL,17.6,4.6,5.4,5.6
11336,0.1717,0,NORMAL,17.8,5.3,5.8,6.0
11337,0.0791,0,NORMAL,17.8,5.2,5.4,6.2
11338,0.2653,0,NORMAL,17.9,6.0,6.3,6.9
11339,0.1187,0,NORMAL,17.7,5.5,6.0,6.1
11340,0.1784,0,NORMAL,17.5,5.0,5.4,5.6
11341,0.1175,0,NORMAL,17.8,5.5,6.2,6.9
11342,0.1841,0,NORMAL,17.4,3.4,4.2,4.7
11343,0.1958,0,NORMAL,17.5,5.2,5.7,5.7
11344,0.1314,0,NORMAL,17.8,4.6,5.6,6.4
11345,0.4919,0,NORMAL,17.8,5.5,6.3,6.7
11346,0.1513,0,NORMAL,17.5,5.5,5.6,5.7
11347,0.342,0,NORMAL,17.1,4.2,5.6,6.0
11348,0.1682,0,NORMAL,17.1,5.2,5.5,5.6
11349,0.1171,0,NORMAL,17.1,5.6,6.0,6.8
11350,0.1252,0,NORMAL,16.9,4.9,5.9,6.2
11351,0.2807,0,NORMAL,17.3,5.9,5.9,6.3
11352,0.1793,0,NORMAL,17.2,5.6,5.8,6.0
11353,0.1526,0,NORMAL,17.2,5.4,5.8,6.2
11354,0.2516,0,NORMAL,17.4,4.7,5.0,5.5
11355,0.0839,0,NORMAL,17.6,4.9,5.3,6.0
11356,0.1472,0,NORMAL,17.5,4.9,5.5,5.7
11357,0.1408,0,NORMAL,17.8,4.2,5.6,6.2
11358,0.2073,0,NORMAL,17.9,5.9,6.4,6.8
11359,0.17,0,NORMAL,17.9,4.6,6.5,7.5
11360,0.3532,0,NORMAL,17.9,5.3,5.6,6.2
11361,0.0788,0,NORMAL,17.8,4.3,4.6,5.0
11362,0.1458,0,NORMAL,17.8,5.1,5.3,5.6
11363,0.1177,0,NORMAL,17.9,4.7,5.7,6.7
11364,0.0612,0,NORMAL,17.8,4.9,5.6,5.7
11365,0.123,0,NORMAL,17.9,4.8,6.1,6.2
11366,0.1266,0,NORMAL,17.9,5.1,5.6,6.0
11367,0.1765,0,NORMAL,17.9,5.1,5.9,6.3
11368,0.4681,0,NORMAL,17.8,6.0,5.7,6.0
11369,0.2757,0,NORMAL,17.9,5.6,6.5,6.8
11370,0.1035,0,NORMAL,18.0,5.1,5.9,6.0
11371,0.7569,0,WARNING,18.2,8.4,7.0,7.6
11372,0.1489,0,NORMAL,17.9,5.1,5.8,5.5
11373,0.0918,0,NORMAL,17.8,4.7,5.2,6.0
11374,0.3409,0,NORMAL,18.0,5.7,6.8,7.2
11375,0.1586,0,NORMAL,18.0,5.5,6.6,6.3
11376,0.218,0,NORMAL,18.0,5.5,7.2,7.8
11377,0.1423,0,NORMAL,17.7,5.1,6.2,6.7
11378,0.1004,0,NORMAL,17.9,4.6,5.6,6.2
11379,0.2135,0,NORMAL,18.0,5.8,7.2,7.5
11380,0.4166,0,NORMAL,17.9,6.9,6.2,6.3
11381,0.1272,0,NORMAL,18.1,5.1,5.8,6.5
11382,0.3863,0,NORMAL,18.0,6.1,5.9,5.6
11383,1.0,0,ANOMALY,20.6,9.4,5.8,6.0
11384,0.3499,0,NORMAL,17.9,5.2,5.6,6.3
11385,0.2163,0,NORMAL,17.7,4.6,5.8,5.8
11386,0.1296,0,NORMAL,18.1,4.9,5.9,5.8
11387,0.1062,0,NORMAL,18.0,4.7,5.1,5.7
11388,0.0788,0,NORMAL,17.9,4.8,5.2,5.7
11389,0.401,0,NORMAL,18.1,6.5,7.4,7.5
11390,0.1158,0,NORMAL,18.0,4.8,6.0,6.7
11391,0.0942,0,NORMAL,17.8,5.3,5.5,5.9
11392,0.1279,0,NORMAL,17.6,5.4,5.8,5.8
11393,0.2146,0,NORMAL,17.8,5.0,5.8,6.0
11394,0.1167,0,NORMAL,18.0,5.3,5.9,6.8
11395,0.0768,0,NORMAL,18.1,4.9,5.7,6.1
11396,0.3872,0,NORMAL,17.8,4.9,5.6,5.7
11397,0.2215,0,NORMAL,18.0,5.9,6.1,6.5
11398,0.1706,0,NORMAL,18.0,5.2,5.8,7.0
11399,0.2036,0,NORMAL,18.0,5.9,6.2,6.0
11400,0.1513,0,NORMAL,18.0,5.2,6.1,6.5
11401,0.1276,0,NORMAL,18.0,5.3,6.1,6.7
11402,0.4665,0,NORMAL,17.8,4.9,5.6,5.7
11403,0.5546,0,NORMAL,17.9,5.9,4.9,5.3
11404,0.1449,0,NORMAL,18.0,4.2,4.5,5.7
11405,0.1687,0,NORMAL,17.9,5.6,6.2,7.0
11406,0.1175,0,NORMAL,18.1,5.1,6.3,6.5
11407,0.1106,0,NORMAL,17.9,4.8,5.7,6.0
11408,0.0872,0,NORMAL,17.8,4.0,4.6,5.2
11409,0.1854,0,NORMAL,18.1,5.9,6.2,6.3
11410,0.0872,0,NORMAL,18.1,5.2,5.6,5.9
11411,0.1698,0,NORMAL,18.2,6.0,6.9,7.4
11412,0.3017,0,NORMAL,18.0,5.6,4.9,5.2
11413,0.0836,0,NORMAL,18.0,5.0,5.9,6.5
11414,0.0823,0,NORMAL,18.1,4.9,6.0,6.5
11415,0.1627,0,NORMAL,17.9,5.4,6.2,6.3
11416,0.1303,0,NORMAL,18.1,5.2,6.5,7.0
11417,0.2184,0,NORMAL,17.8,5.3,6.1,6.1
11418,0.2195,0,NORMAL,18.1,5.2,6.6,6.5
11419,0.1693,0,NORMAL,18.1,5.3,6.5,7.5
11420,0.1152,0,NORMAL,18.1,4.9,5.9,6.4
11421,0.164,0,NORMAL,18.2,5.9,6.2,6.3
11422,0.2199,0,NORMAL,18.4,5.7,7.2,8.2
11423,0.1326,0,NORMAL,18.1,4.8,5.4,5.6
11424,0.0668,0,NORMAL,18.1,4.4,5.3,5.7
11425,0.1458,0,NORMAL,17.9,4.6,4.3,4.3
11426,0.3028,0,NORMAL,17.9,4.2,5.2,6.2
11427,0.3731,0,NORMAL,18.2,6.6,6.6,6.6
11428,0.3639,0,NORMAL,17.9,4.6,5.6,5.7
11429,0.2194,0,NORMAL,18.3,6.6,7.7,8.2
11430,0.1858,0,NORMAL,18.0,5.3,6.1,6.2
11431,0.1349,0,NORMAL,17.9,5.1,6.2,6.7
11432,0.7185,0,WARNING,18.0,7.6,6.7,6.7
11433,0.1741,0,NORMAL,17.9,5.1,5.0,5.5
11434,0.1731,0,NORMAL,18.3,6.1,7.4,8.0
11435,0.413,0,NORMAL,18.0,4.7,5.6,5.8
11436,0.1044,0,NORMAL,18.1,4.5,5.5,6.4
11437,0.4172,0,NORMAL,18.0,5.9,4.9,5.5
11438,0.2601,0,NORMAL,18.0,4.6,5.4,5.7
11439,0.3084,0,NORMAL,18.1,5.8,6.7,6.9
11440,0.2025,0,NORMAL,17.9,4.3,5.5,5.9
11441,0.1467,0,NORMAL,18.1,5.0,4.9,5.5
11442,0.2103,0,NORMAL,18.1,5.5,6.2,6.7
11443,0.1375,0,NORMAL,18.1,5.3,5.5,6.2
11444,0.1843,0,NORMAL,18.1,5.6,6.1,6.5
11445,0.2872,0,NORMAL,17.9,4.6,6.0,6.7
11446,0.1165,0,NORMAL,18.2,5.5,6.6,6.7
11447,0.1457,0,NORMAL,18.1,4.9,5.1,5.5
11448,0.1695,0,NORMAL,18.2,5.5,6.6,7.4
11449,0.1195,0,NORMAL,18.1,4.9,5.5,5.7
11450,0.1164,0,NORMAL,18.2,4.8,5.7,6.6
11451,0.1281,0,NORMAL,18.3,5.5,5.8,6.3
11452,0.065,0,NORMAL,18.1,5.0,5.8,6.2
11453,0.0998,0,NORMAL,17.8,5.0,5.8,6.3
11454,0.3945,0,NORMAL,17.9,5.3,6.7,7.8
11455,0.147,0,NORMAL,18.1,5.5,6.8,7.0
11456,0.2297,0,NORMAL,17.8,5.4,5.8,5.5
11457,0.3669,0,NORMAL,17.8,6.1,6.6,7.6
11458,0.2061,0,NORMAL,18.0,5.4,6.3,6.8
11459,0.1264,0,NORMAL,18.1,4.8,5.8,5.8
11460,0.1454,0,NORMAL,17.8,5.2,6.0,5.7
11461,0.17,0,NORMAL,18.2,5.1,6.6,7.5
11462,0.1154,0,NORMAL,18.2,5.3,6.7,6.6
11463,0.1862,0,NORMAL,18.1,5.8,7.0,7.0
11464,0.1452,0,NORMAL,18.2,5.5,6.3,6.9
11465,0.1183,0,NORMAL,18.1,4.6,5.2,6.0
11466,0.1166,0,NORMAL,18.1,4.8,6.5,6.3
11467,0.1044,0,NORMAL,17.8,4.9,5.3,5.8
11468,0.0748,0,NORMAL,18.2,5.2,5.9,6.5
11469,0.2698,0,NORMAL,18.2,4.9,5.9,6.2
11470,0.4306,0,NORMAL,18.1,5.4,6.5,6.6
11471,0.1696,0,NORMAL,18.4,4.9,6.3,7.4
11472,0.3324,0,NORMAL,18.3,5.9,5.6,5.7
11473,0.4172,0,NORMAL,18.2,6.1,5.8,5.8
11474,0.1889,0,NORMAL,18.3,6.4,7.2,7.7
11475,0.1681,0,NORMAL,18.1,5.9,7.2,7.2
11476,0.1719,0,NORMAL,18.3,5.0,6.8,6.9
11477,0.2189,0,NORMAL,18.2,5.3,6.8,8.0
11478,0.1839,0,NORMAL,18.1,5.2,7.3,7.3
11479,0.2859,0,NORMAL,18.3,6.3,7.8,8.2
11480,0.1687,0,NORMAL,18.1,5.3,6.7,7.4
11481,0.1462,0,NORMAL,18.2,5.5,6.0,5.9
11482,0.1991,0,NORMAL,18.1,5.7,6.9,7.9
11483,0.1655,0,NORMAL,18.1,5.2,6.5,6.8
11484,0.1686,0,NORMAL,18.1,5.4,7.2,8.0
11485,0.1675,0,NORMAL,18.2,5.0,6.1,6.8
11486,0.2994,0,NORMAL,18.4,6.1,6.7,7.2
11487,0.165,0,NORMAL,18.3,5.8,6.9,7.1
11488,0.7998,0,WARNING,18.3,8.9,6.9,7.2
11489,0.4741,0,NORMAL,18.4,6.1,7.3,7.3
11490,0.1801,0,NORMAL,18.3,5.0,5.4,5.8
11491,0.1686,0,NORMAL,18.4,5.9,7.1,7.0
11492,0.1328,0,NORMAL,18.4,5.2,6.0,6.7
11493,0.1492,0,NORMAL,18.3,4.7,6.3,6.7
11494,0.4366,0,NORMAL,18.4,5.9,6.0,6.7
11495,0.1694,0,NORMAL,18.2,5.7,7.5,8.0
11496,0.1672,0,NORMAL,18.4,6.0,7.1,7.5
11497,0.2865,0,NORMAL,18.2,5.1,6.8,7.2
11498,0.3775,0,NORMAL,18.5,5.9,6.8,7.6
11499,0.1524,0,NORMAL,18.4,4.6,5.4,6.1
11500,0.1336,0,NORMAL,18.3,5.2,5.9,6.8
11501,0.2413,0,NORMAL,18.5,5.7,6.6,7.5
11502,0.322,0,NORMAL,18.5,6.3,6.4,6.8
11503,0.2145,0,NORMAL,18.4,5.2,6.2,6.7
11504,0.2802,0,NORMAL,18.2,5.1,6.5,7.5
11505,0.1681,0,NORMAL,18.4,5.6,6.6,7.4
11506,0.2376,0,NORMAL,18.2,6.0,7.3,7.5
11507,0.2034,0,NORMAL,18.0,5.2,7.3,7.5
11508,0.148,0,NORMAL,18.0,5.3,6.7,6.6
11509,0.1344,0,NORMAL,18.2,5.6,6.4,7.2
11510,0.1388,0,NORMAL,18.2,4.9,6.1,6.7
11511,0.1501,0,NORMAL,18.2,5.9,6.8,6.6
11512,0.1688,0,NORMAL,18.1,5.6,6.5,7.5
11513,0.2098,0,NORMAL,18.3,5.3,6.5,6.7
11514,0.5015,0,NORMAL,18.1,5.1,5.5,5.5
11515,0.1165,0,NORMAL,18.4,5.3,6.3,7.2
11516,0.1691,0,NORMAL,18.4,5.4,6.9,7.4
11517,0.3971,0,NORMAL,18.3,6.1,5.9,6.3
11518,0.1207,0,NORMAL,18.3,5.2,6.0,6.7
11519,0.1782,0,NORMAL,18.5,5.2,6.3,6.7
11520,0.2957,0,NORMAL,18.3,5.2,5.5,6.2
11521,0.1127,0,NORMAL,18.5,5.0,6.2,6.3
11522,0.2283,0,NORMAL,18.3,5.6,6.3,7.0
11523,0.1836,0,NORMAL,18.3,5.1,6.9,6.9
11524,0.3343,0,NORMAL,18.5,5.5,5.7,6.3
11525,0.0936,0,NORMAL,18.3,5.0,5.7,6.0
11526,0.1165,0,NORMAL,18.3,5.3,6.7,7.3
11527,0.1158,0,NORMAL,18.5,5.1,6.5,6.7
11528,0.2109,0,NORMAL,18.3,5.2,6.5,7.0
11529,0.5923,0,NORMAL,18.5,6.1,6.0,6.7
11530,0.3033,0,NORMAL,18.3,5.6,6.5,6.8
11531,0.1865,0,NORMAL,18.5,5.2,6.1,6.7
11532,0.3531,0,NORMAL,18.6,6.5,6.6,6.7
11533,0.3677,0,NORMAL,18.4,5.4,6.5,7.2
11534,0.2951,0,NORMAL,18.4,5.9,7.2,7.9
11535,0.2164,0,NORMAL,18.2,5.6,6.7,6.8
11536,0.1372,0,NORMAL,18.5,5.0,6.1,6.9
11537,0.1835,0,NORMAL,18.4,5.6,6.7,6.9
11538,0.1714,0,NORMAL,18.4,5.4,5.5,6.4
11539,0.5899,0,NORMAL,18.2,5.3,6.5,7.4
11540,0.4486,0,NORMAL,18.6,6.4,7.8,7.9
11541,0.1797,0,NORMAL,18.5,5.3,6.4,7.1
11542,0.1684,0,NORMAL,18.5,5.6,6.7,7.5
11543,0.1471,0,NORMAL,18.5,5.1,6.3,6.7
11544,0.1389,0,NORMAL,18.6,5.2,6.4,7.2
11545,0.1687,0,NORMAL,18.3,5.3,6.9,7.9
11546,0.1675,0,NORMAL,18.4,5.3,6.4,6.4
11547,0.3507,0,NORMAL,18.4,6.3,5.7,6.8
11548,0.7919,0,WARNING,18.4,8.6,7.1,7.5
11549,0.2047,0,NORMAL,18.4,5.0,6.2,6.5
11550,0.2571,0,NORMAL,18.4,5.5,5.5,6.4
11551,0.1174,0,NORMAL,18.5,5.3,6.4,7.2
11552,0.417,0,NORMAL,18.5,6.7,6.5,6.5
11553,0.1701,0,NORMAL,18.7,5.7,6.7,6.7
11554,0.4482,0,NORMAL,18.6,5.6,7.0,7.3
11555,0.1637,0,NORMAL,18.5,5.9,6.6,6.7
11556,0.1404,0,NORMAL,18.5,5.4,5.9,5.8
11557,0.1159,0,NORMAL,18.6,5.6,6.4,6.5
11558,0.1353,0,NORMAL,18.2,4.3,5.4,5.5
11559,0.351,0,NORMAL,18.4,6.7,8.9,9.3
11560,0.4045,0,NORMAL,18.1,6.3,6.1,6.7
11561,0.2367,0,NORMAL,18.3,5.8,6.6,7.0
11562,0.2596,0,NORMAL,18.2,5.9,6.5,6.7
11563,0.258,0,NORMAL,18.3,6.0,7.0,7.9
11564,0.1675,0,NORMAL,18.4,5.1,6.7,7.4
11565,0.2291,0,NORMAL,18.4,4.7,4.7,5.2
11566,0.1788,0,NORMAL,18.2,5.3,5.7,6.2
11567,0.1548,0,NORMAL,18.4,5.4,7.1,6.9
11568,0.1867,0,NORMAL,18.3,5.8,7.2,7.0
11569,0.1724,0,NORMAL,18.5,5.8,6.7,7.2
11570,0.1674,0,NORMAL,18.4,5.4,6.6,6.7
11571,0.8312,0,WARNING,18.6,5.5,6.0,6.0
11572,0.1067,0,NORMAL,18.5,4.8,5.6,6.4
11573,0.3908,0,NORMAL,18.3,5.3,6.8,7.2
11574,0.1356,0,NORMAL,18.5,4.6,5.5,6.2
11575,0.1302,0,NORMAL,18.5,5.0,5.0,5.7
11576,0.1038,0,NORMAL,18.5,5.1,5.8,5.8
11577,0.468,0,NORMAL,18.5,6.4,6.3,6.5
11578,0.1248,0,NORMAL,18.3,4.7,5.3,5.7
11579,0.1172,0,NORMAL,18.6,5.2,6.5,7.0
11580,0.1261,0,NORMAL,18.4,4.8,6.2,6.6
11581,0.1256,0,NORMAL,18.6,5.4,5.8,6.4
11582,0.1576,0,NORMAL,18.2,4.9,5.8,6.4
11583,0.2068,0,NORMAL,18.4,5.5,6.8,7.3
11584,0.1691,0,NORMAL,18.7,5.4,6.7,7.8
11585,0.144,0,NORMAL,18.3,4.7,6.0,6.0
11586,0.1374,0,NORMAL,18.6,5.1,5.7,6.3
11587,0.4755,0,NORMAL,18.5,4.3,5.1,5.5
11588,0.1233,0,NORMAL,18.5,5.1,5.8,6.3
11589,0.315,0,NORMAL,18.6,5.0,5.1,5.3
11590,0.1071,0,NORMAL,18.5,4.8,5.2,6.1
11591,0.163,0,NORMAL,18.5,5.5,5.6,6.0
11592,0.2214,0,NORMAL,18.6,5.4,5.5,6.1
11593,0.1489,0,NORMAL,18.4,5.4,6.5,7.2
11594,0.2968,0,NORMAL,18.3,5.0,5.5,6.2
11595,0.2408,0,NORMAL,18.4,4.5,5.6,5.7
11596,0.1128,0,NORMAL,18.7,4.5,4.9,5.5
11597,0.2552,0,NORMAL,18.6,5.2,5.5,5.8
11598,0.1285,0,NORMAL,18.6,5.0,5.5,5.8
11599,0.2879,0,NORMAL,18.6,5.7,5.6,6.0
11600,0.2687,0,NORMAL,18.5,5.1,6.3,6.7
11601,0.1332,0,NORMAL,18.6,5.0,5.9,6.0
11602,0.1441,0,NORMAL,18.6,5.1,5.8,5.9
11603,0.1704,0,NORMAL,18.5,4.7,6.1,7.5
11604,0.1692,0,NORMAL,18.6,4.8,6.4,6.4
11605,0.1413,0,NORMAL,18.6,4.7,5.1,5.4
11606,0.1171,0,NORMAL,18.7,4.9,6.1,6.9
11607,0.2259,0,NORMAL,18.3,5.6,5.7,5.8
11608,0.2539,0,NORMAL,18.5,5.1,5.4,6.4
11609,0.1168,0,NORMAL,18.5,5.3,5.6,6.7
11610,0.17,0,NORMAL,18.4,4.5,6.5,6.6
11611,0.1319,0,NORMAL,18.5,4.6,5.3,6.1
11612,0.7427,0,WARNING,18.3,6.9,4.5,5.4
11613,0.1612,0,NORMAL,18.4,4.1,4.8,5.0
11614,0.1394,0,NORMAL,18.6,4.6,5.8,6.0
11615,0.2504,0,NORMAL,18.6,5.8,6.1,6.6
11616,0.1203,0,NORMAL,18.6,4.7,6.1,6.4
11617,0.1658,0,NORMAL,18.6,5.6,6.1,6.9
11618,0.1313,0,NORMAL,18.6,5.0,6.6,7.2
11619,0.8336,0,WARNING,18.8,5.6,5.3,5.3
11620,0.2033,0,NORMAL,18.2,5.1,5.4,5.5
11621,0.182,0,NORMAL,18.4,5.3,4.9,5.7
11622,0.2482,0,NORMAL,18.8,5.9,6.2,6.2
11623,0.1246,0,NORMAL,18.7,5.5,6.2,6.5
11624,0.3332,0,NORMAL,18.8,5.8,6.1,6.5
11625,0.1414,0,NORMAL,19.0,5.7,5.7,6.1
11626,0.1317,0,NORMAL,18.8,4.6,5.9,6.4
11627,0.1017,0,NORMAL,18.5,4.1,4.5,4.6
11628,0.1719,0,NORMAL,18.4,4.7,5.8,6.3
11629,0.2338,0,NORMAL,18.6,5.2,5.0,5.5
11630,0.1861,0,NORMAL,18.7,4.6,6.2,6.0
11631,0.1223,0,NORMAL,18.7,4.8,4.6,5.3
11632,0.1214,0,NORMAL,18.6,5.0,5.6,5.7
11633,0.4751,0,NORMAL,18.3,4.9,5.5,6.2
11634,0.1122,0,NORMAL,18.4,4.2,5.3,5.7
11635,0.1288,0,NORMAL,18.7,4.9,5.3,5.7
11636,0.1141,0,NORMAL,18.4,4.8,5.8,5.8
11637,0.4423,0,NORMAL,18.5,6.2,5.7,6.0
11638,0.2306,0,NORMAL,18.8,5.6,6.8,7.2
11639,0.1481,0,NORMAL,18.6,5.1,5.7,6.0
11640,0.1811,0,NORMAL,18.4,4.5,5.1,5.7
11641,0.0648,0,NORMAL,18.7,4.7,5.6,5.7
11642,0.1283,0,NORMAL,18.9,5.2,6.7,6.6
11643,0.139,0,NORMAL,18.7,5.5,6.1,6.8
11644,0.1372,0,NORMAL,18.8,5.1,5.8,6.5
11645,0.2179,0,NORMAL,18.5,4.9,6.8,7.0
11646,0.1633,0,NORMAL,18.8,5.5,5.8,6.5
11647,0.2072,0,NORMAL,18.5,4.1,5.4,6.2
11648,0.2877,0,NORMAL,18.5,5.0,5.7,6.0
11649,0.1403,0,NORMAL,18.7,5.0,5.4,6.2
11650,0.1638,0,NORMAL,18.9,5.4,6.1,6.6
11651,0.2376,0,NORMAL,18.6,5.1,4.9,5.1
11652,0.289,0,NORMAL,18.4,4.8,4.1,4.9
11653,0.1951,0,NORMAL,18.3,4.8,4.7,6.4
11654,0.1118,0,NORMAL,18.4,4.4,5.6,6.2
11655,0.2045,0,NORMAL,18.3,4.9,4.7,3.8
11656,0.1604,0,NORMAL,18.3,3.8,4.5,6.4
11657,0.1719,0,NORMAL,18.5,5.2,5.8,7.2
11658,0.6231,0,WARNING,18.4,3.9,6.0,4.3
11659,0.0924,0,NORMAL,18.7,4.8,5.6,6.4
11660,0.221,0,NORMAL,18.7,5.7,6.6,8.1
11661,0.1345,0,NORMAL,18.9,5.3,6.1,4.7
11662,0.1378,0,NORMAL,18.7,4.3,5.4,5.4
11663,0.1668,0,NORMAL,18.8,4.0,4.6,6.1
11664,0.1175,0,NORMAL,18.9,4.4,4.8,6.5
11665,0.1837,0,NORMAL,18.8,4.4,4.5,4.8
11666,0.1505,0,NORMAL,18.7,5.3,6.1,5.1
11667,0.4928,0,NORMAL,18.5,6.3,5.6,6.9
11668,0.7217,0,WARNING,18.9,7.2,4.9,6.1
11669,0.1447,0,NORMAL,18.8,5.6,5.9,5.5
11670,0.1709,0,NORMAL,18.7,5.2,6.9,7.6
11671,0.1688,0,NORMAL,18.8,5.6,6.4,7.1
11672,0.1355,0,NORMAL,18.6,4.4,5.9,5.7
11673,0.1536,0,NORMAL,18.7,4.8,4.8,5.9
11674,0.3093,0,NORMAL,18.6,4.8,4.9,5.9
11675,0.334,0,NORMAL,18.7,6.1,5.7,5.6
11676,0.1213,0,NORMAL,18.9,4.7,5.4,5.5
11677,0.1806,0,NORMAL,18.8,5.2,6.3,7.6
11678,0.1395,0,NORMAL,18.6,4.6,5.1,5.3
11679,0.1284,0,NORMAL,18.7,5.1,5.5,5.7
11680,0.1237,0,NORMAL,18.5,4.7,4.9,6.2
11681,0.1808,0,NORMAL,18.8,5.1,5.6,6.2
11682,0.3744,0,NORMAL,18.6,5.7,5.2,5.0
11683,0.2926,0,NORMAL,18.7,5.0,5.8,6.9
11684,0.2243,0,NORMAL,18.7,4.3,4.5,5.5
11685,0.1027,0,NORMAL,18.7,4.3,3.9,4.6
11686,0.0849,0,NORMAL,18.4,4.5,5.3,6.2
11687,0.0925,0,NORMAL,18.8,4.9,6.0,6.3
11688,0.3908,0,NORMAL,18.7,4.9,5.4,6.2
11689,0.1285,0,NORMAL,18.7,4.8,4.5,5.1
11690,0.0665,0,NORMAL,18.7,4.4,4.7,6.1
11691,0.1292,0,NORMAL,18.8,5.3,5.7,6.4
11692,0.1725,0,NORMAL,18.5,5.0,5.6,5.5
11693,0.4,0,NORMAL,18.6,4.5,5.7,6.2
11694,0.1503,0,NORMAL,18.6,4.5,5.8,6.5
11695,0.2129,0,NORMAL,18.5,4.8,5.6,5.5
11696,0.2777,0,NORMAL,18.5,5.4,5.3,5.5
11697,0.3093,0,NORMAL,18.5,5.3,4.8,5.8
11698,0.2695,0,NORMAL,18.7,4.8,6.3,6.5
11699,0.1281,0,NORMAL,18.9,4.6,4.5,4.7
11700,0.3094,0,NORMAL,18.6,5.3,6.1,7.0
11701,0.3806,0,NORMAL,18.8,5.5,6.3,6.9
11702,0.1365,0,NORMAL,18.8,4.3,6.1,6.0
11703,0.1559,0,NORMAL,18.6,4.9,6.2,6.7
11704,0.115,0,NORMAL,18.8,4.7,5.7,6.2
11705,0.2042,0,NORMAL,18.6,5.1,5.8,6.3
11706,0.2271,0,NORMAL,18.7,4.4,5.5,6.4
11707,0.1807,0,NORMAL,18.6,4.3,4.6,5.5
11708,0.1368,0,NORMAL,18.9,4.7,5.6,5.7
11709,0.2208,0,NORMAL,19.0,4.8,6.2,6.3
11710,0.2953,0,NORMAL,18.7,5.0,5.2,6.1
11711,0.1324,0,NORMAL,18.9,4.9,5.0,5.3
11712,0.149,0,NORMAL,18.9,5.9,6.9,7.0
11713,0.2576,0,NORMAL,18.6,5.2,5.5,6.2
11714,0.1388,0,NORMAL,18.5,4.3,4.8,5.5
11715,0.1582,0,NORMAL,18.6,5.2,6.5,6.5
11716,0.1442,0,NORMAL,18.6,4.8,5.5,5.2
11717,0.1575,0,NORMAL,18.6,5.2,5.9,6.7
11718,0.0737,0,NORMAL,18.9,4.4,5.6,6.4
11719,0.159,0,NORMAL,18.9,5.7,5.6,5.8
11720,0.3548,0,NORMAL,18.6,4.9,5.7,7.2
11721,0.1701,0,NORMAL,18.9,5.2,6.8,7.6
11722,0.2185,0,NORMAL,19.0,6.0,7.4,7.0
11723,0.2033,0,NORMAL,18.9,4.7,5.9,7.1
11724,0.3354,0,NORMAL,18.6,4.0,5.0,5.8
11725,0.426,0,NORMAL,18.9,5.4,5.5,5.5
11726,0.1535,0,NORMAL,18.6,4.4,5.4,5.8
11727,0.4333,0,NORMAL,18.7,5.9,5.7,6.3
11728,0.7595,0,WARNING,19.0,8.1,7.0,6.7
11729,0.1666,0,NORMAL,18.8,4.9,5.8,6.3
11730,0.1865,0,NORMAL,18.8,5.5,5.5,5.9
11731,0.2238,0,NORMAL,18.8,5.3,6.9,6.8
11732,0.1142,0,NORMAL,18.7,4.6,5.8,6.5
11733,0.1261,0,NORMAL,18.8,4.8,6.3,7.2
11734,0.2165,0,NORMAL,18.8,4.9,6.5,6.4
11735,0.1679,0,NORMAL,18.7,5.2,6.2,6.5
11736,0.6533,0,WARNING,18.8,5.1,5.9,7.2
11737,0.1751,0,NORMAL,18.9,4.5,5.9,5.8
11738,0.2241,0,NORMAL,19.0,5.6,7.2,7.6
11739,0.1835,0,NORMAL,18.9,4.7,5.2,6.2
11740,0.2428,0,NORMAL,19.0,6.2,6.8,6.8
11741,0.3589,0,NORMAL,18.9,6.1,6.0,6.0
11742,0.1696,0,NORMAL,18.7,5.2,6.7,7.6
11743,0.1378,0,NORMAL,18.9,4.5,5.6,5.8
11744,0.3156,0,NORMAL,19.0,5.5,6.7,6.7
11745,0.1747,0,NORMAL,19.0,5.8,6.1,6.8
11746,0.1155,0,NORMAL,18.8,4.6,5.5,5.6
11747,0.197,0,NORMAL,19.2,5.3,5.8,6.0
11748,0.1702,0,NORMAL,19.0,5.1,6.6,7.4
11749,0.4169,0,NORMAL,18.9,6.5,6.9,6.9
11750,0.1151,0,NORMAL,18.7,4.7,6.1,6.8
11751,0.1591,0,NORMAL,19.0,4.7,5.7,6.5
11752,0.3137,0,NORMAL,18.8,5.6,6.8,7.1
11753,0.1054,0,NORMAL,18.7,4.4,5.5,5.7
11754,0.2203,0,NORMAL,19.1,6.0,7.8,8.3
11755,0.2739,0,NORMAL,19.0,5.7,6.0,6.3
11756,0.3086,0,NORMAL,19.0,5.6,8.3,8.6
11757,0.3666,0,NORMAL,19.1,6.1,6.5,7.2
11758,0.3098,0,NORMAL,19.1,4.8,6.1,7.0
11759,0.1147,0,NORMAL,19.0,5.3,6.0,6.4
11760,0.0984,0,NORMAL,18.8,5.1,5.8,6.2
11761,0.1586,0,NORMAL,19.1,5.0,5.7,6.5
11762,0.1548,0,NORMAL,19.0,4.8,5.6,6.0
11763,0.1695,0,NORMAL,18.9,5.2,7.0,7.2
11764,0.1157,0,NORMAL,19.0,4.8,6.0,7.1
11765,0.2962,0,NORMAL,19.1,5.9,7.6,7.7
11766,0.2672,0,NORMAL,19.1,5.3,6.5,7.0
11767,0.1685,0,NORMAL,19.0,4.8,6.6,7.4
11768,0.1763,0,NORMAL,19.2,5.7,7.2,7.5
11769,0.2558,0,NORMAL,19.2,5.7,6.9,7.7
11770,0.2477,0,NORMAL,19.2,5.2,5.6,6.0
11771,0.1157,0,NORMAL,19.2,5.7,6.7,7.2
11772,0.168,0,NORMAL,19.2,6.0,7.0,7.2
11773,0.1405,0,NORMAL,18.9,5.5,6.0,6.9
11774,0.2709,0,NORMAL,19.0,5.3,5.5,5.7
11775,0.2859,0,NORMAL,19.0,4.9,5.8,6.3
11776,0.1383,0,NORMAL,19.1,5.0,6.1,6.7
11777,0.1259,0,NORMAL,18.8,4.3,5.9,6.2
11778,0.1165,0,NORMAL,18.8,4.7,6.0,6.7
11779,0.1954,0,NORMAL,19.0,5.4,5.3,5.9
11780,0.1199,0,NORMAL,19.1,4.9,5.6,6.5
11781,0.1698,0,NORMAL,18.8,5.0,6.3,6.6
11782,0.1991,0,NORMAL,19.0,4.5,5.5,6.1
11783,0.1703,0,NORMAL,19.1,5.6,6.5,7.5
11784,0.116,0,NORMAL,19.0,4.9,6.4,6.8
11785,0.1734,0,NORMAL,18.9,5.5,6.9,7.7
11786,0.1324,0,NORMAL,18.9,4.8,4.8,5.3
11787,0.2996,0,NORMAL,19.0,5.7,6.0,6.3
11788,0.1701,0,NORMAL,19.1,5.1,6.0,7.2
11789,0.0766,0,NORMAL,18.9,4.4,4.4,5.5
11790,0.3005,0,NORMAL,18.8,4.8,5.6,5.5
11791,0.2101,0,NORMAL,19.1,5.4,5.5,5.1
11792,0.7138,0,WARNING,19.3,7.6,6.2,6.4
11793,0.1699,0,NORMAL,19.3,5.5,6.9,7.2
11794,0.1597,0,NORMAL,19.3,5.1,6.5,6.7
11795,0.2029,0,NORMAL,19.3,5.8,6.6,7.4
11796,0.1362,0,NORMAL,19.2,5.6,6.5,7.2
11797,0.2289,0,NORMAL,19.1,4.5,5.7,6.2
11798,0.1214,0,NORMAL,19.1,4.2,4.9,5.7
11799,0.1172,0,NORMAL,19.3,5.0,6.2,6.9
11800,0.2704,0,NORMAL,19.3,5.7,6.3,6.7
11801,0.2155,0,NORMAL,19.2,5.5,5.8,6.8
11802,0.3076,0,NORMAL,19.0,6.1,6.8,7.2
11803,0.1074,0,NORMAL,19.2,4.3,5.5,6.2
11804,0.387,0,NORMAL,19.1,5.5,6.0,7.0
11805,0.1551,0,NORMAL,19.0,4.5,5.0,5.5
11806,0.1737,0,NORMAL,18.9,5.6,6.8,6.9
11807,0.1696,0,NORMAL,18.9,5.4,6.9,7.5
11808,0.3443,0,NORMAL,19.0,5.0,7.2,8.2
11809,0.1662,0,NORMAL,19.1,5.6,6.0,5.6
11810,0.1585,0,NORMAL,19.1,4.8,5.8,6.5
11811,0.1361,0,NORMAL,19.2,5.0,6.2,7.1
11812,0.124,0,NORMAL,19.2,5.0,5.8,5.6
11813,0.1699,0,NORMAL,19.2,5.4,6.7,7.5
11814,0.2371,0,NORMAL,19.3,5.6,5.4,6.3
11815,0.1903,0,NORMAL,19.2,5.6,6.9,7.3
11816,0.1602,0,NORMAL,19.4,4.8,5.8,6.5
11817,0.5129,0,NORMAL,19.1,6.5,6.5,6.9
11818,0.2182,0,NORMAL,19.3,5.4,7.4,7.9
11819,0.2548,0,NORMAL,19.2,6.1,7.7,8.0
11820,0.2134,0,NORMAL,19.2,5.3,6.0,6.7
11821,0.1237,0,NORMAL,19.2,4.9,6.0,6.4
11822,0.235,0,NORMAL,18.9,5.6,7.4,8.4
11823,0.1376,0,NORMAL,18.8,4.8,5.8,6.7
11824,0.339,0,NORMAL,19.0,4.5,6.0,6.9
11825,0.516,0,NORMAL,19.3,5.6,6.4,7.4
11826,0.1246,0,NORMAL,19.3,5.5,6.1,6.5
11827,0.1753,0,NORMAL,19.0,5.1,7.2,7.5
11828,0.184,0,NORMAL,19.1,4.8,5.5,6.6
11829,0.2374,0,NORMAL,19.1,6.5,6.8,7.3
11830,0.1422,0,NORMAL,18.8,5.0,6.3,6.7
11831,0.1843,0,NORMAL,19.2,5.4,6.7,7.0
11832,0.3375,0,NORMAL,19.3,6.3,6.7,7.5
11833,0.3205,0,NORMAL,19.2,6.2,6.1,6.5
11834,0.2196,0,NORMAL,19.2,5.9,8.0,8.5
11835,0.4071,0,NORMAL,19.0,5.0,7.3,7.7
11836,0.2432,0,NORMAL,19.0,4.7,6.2,6.9
11837,0.1851,0,NORMAL,19.0,5.4,6.7,7.5
11838,0.2176,0,NORMAL,19.4,5.7,7.5,7.7
11839,0.4819,0,NORMAL,19.3,5.9,6.7,7.2
11840,0.285,0,NORMAL,19.1,5.1,6.7,7.7
11841,0.2175,0,NORMAL,19.3,5.3,7.3,7.6
11842,0.2657,0,NORMAL,19.3,5.8,7.6,8.7
11843,0.2014,0,NORMAL,19.0,5.1,6.9,7.2
11844,0.1676,0,NORMAL,19.0,5.6,6.6,7.5
11845,0.5683,0,NORMAL,19.4,5.7,6.9,7.3
11846,0.4671,0,NORMAL,19.3,5.8,7.5,7.9
11847,0.2637,0,NORMAL,19.2,6.4,8.1,7.7
11848,0.8149,0,WARNING,19.4,9.0,6.5,7.4
11849,0.2135,0,NORMAL,19.2,5.5,6.0,6.3
11850,0.1931,0,NORMAL,19.2,5.6,7.2,7.3
11851,0.2363,0,NORMAL,19.4,6.2,7.5,8.5
11852,0.1692,0,NORMAL,19.2,5.5,7.3,7.7
11853,0.2078,0,NORMAL,19.3,4.9,6.3,7.2
11854,0.168,0,NORMAL,19.3,5.5,6.9,7.6
11855,0.1408,0,NORMAL,19.2,4.7,5.7,6.2
11856,0.1809,0,NORMAL,19.3,5.0,6.7,7.6
11857,0.2192,0,NORMAL,19.4,5.7,7.5,8.4
11858,0.3325,0,NORMAL,19.2,5.3,5.8,6.7
11859,1.0,0,ANOMALY,23.9,11.2,5.9,7.0
11860,0.4855,0,NORMAL,19.3,5.4,6.5,6.8
11861,0.313,0,NORMAL,19.3,6.3,7.5,8.7
11862,0.6822,0,WARNING,19.2,6.9,7.4,7.5
11863,0.2075,0,NORMAL,19.4,6.0,7.4,8.0
11864,0.1776,0,NORMAL,19.4,4.7,6.4,7.2
11865,0.2658,0,NORMAL,19.4,6.4,7.9,9.2
11866,0.2432,0,NORMAL,19.3,5.7,7.2,7.4
11867,0.2962,0,NORMAL,19.2,5.7,7.8,8.4
11868,0.2649,0,NORMAL,19.3,6.2,7.9,8.8
11869,0.2155,0,NORMAL,19.5,5.6,7.7,8.2
11870,0.2083,0,NORMAL,19.2,5.1,6.0,7.4
11871,0.206,0,NORMAL,19.4,5.7,7.0,7.7
11872,0.2073,0,NORMAL,19.4,5.5,7.0,7.7
11873,0.1692,0,NORMAL,19.4,5.7,6.9,7.7
11874,0.2365,0,NORMAL,19.3,5.3,6.4,7.7
11875,0.2186,0,NORMAL,19.5,5.8,7.0,8.1
11876,0.3265,0,NORMAL,19.6,4.9,7.4,7.7
11877,0.2204,0,NORMAL,19.5,5.7,7.4,8.3
11878,0.4423,0,NORMAL,19.3,6.5,7.2,7.4
11879,0.218,0,NORMAL,19.3,5.6,7.2,8.3
11880,0.225,0,NORMAL,19.4,5.3,6.5,7.2
11881,0.2183,0,NORMAL,19.3,5.9,7.4,7.5
11882,0.2181,0,NORMAL,19.4,5.6,7.6,8.4
11883,0.2627,0,NORMAL,19.5,6.4,8.2,8.4
11884,0.195,0,NORMAL,19.3,5.0,6.6,7.7
11885,0.217,0,NORMAL,19.3,5.3,7.4,8.1
11886,0.1996,0,NORMAL,19.2,5.3,7.4,7.9
11887,0.236,0,NORMAL,19.5,6.3,7.7,8.4
11888,0.22,0,NORMAL,19.5,5.9,7.9,8.7
11889,0.2312,0,NORMAL,19.5,5.8,6.9,8.1
11890,0.2072,0,NORMAL,19.3,5.3,6.7,6.7
11891,0.1793,0,NORMAL,19.4,5.7,6.4,7.6
11892,0.3455,0,NORMAL,19.5,7.0,8.4,8.7
11893,0.2279,0,NORMAL,19.2,5.0,6.5,7.2
11894,0.2182,0,NORMAL,19.2,6.0,7.6,8.4
11895,0.1789,0,NORMAL,19.4,5.0,6.8,7.1
11896,0.3109,0,NORMAL,19.2,6.1,8.5,9.3
11897,0.2621,0,NORMAL,19.5,5.9,8.0,8.6
11898,0.2428,0,NORMAL,19.2,5.1,7.0,8.4
11899,0.2157,0,NORMAL,19.5,5.8,7.8,7.7
11900,0.2971,0,NORMAL,19.5,6.6,7.9,8.8
11901,0.2065,0,NORMAL,19.5,5.0,6.8,7.6
11902,0.1845,0,NORMAL,19.5,5.6,7.1,7.5
11903,1.0,0,ANOMALY,22.7,10.1,6.1,7.5
11904,0.3247,0,NORMAL,19.4,5.1,6.2,6.9
11905,0.3033,0,NORMAL,19.4,5.6,8.7,9.6
11906,0.3265,0,NORMAL,19.6,6.1,7.5,8.4
11907,0.3977,0,NORMAL,19.5,6.9,7.5,7.8
11908,0.2383,0,NORMAL,19.5,5.3,6.9,7.9
11909,0.2259,0,NORMAL,19.6,5.9,8.0,8.0
11910,0.1891,0,NORMAL,19.4,5.8,6.7,7.5
11911,0.31,0,NORMAL,19.3,5.6,7.7,9.3
11912,0.3483,0,NORMAL,19.5,6.2,9.3,9.3
11913,0.7426,0,WARNING,19.8,8.6,8.0,8.8
11914,0.2675,0,NORMAL,19.6,5.6,7.2,7.9
11915,0.2644,0,NORMAL,19.6,5.9,7.6,9.0
11916,0.2312,0,NORMAL,19.5,4.9,6.5,6.5
11917,0.1755,0,NORMAL,19.6,5.7,7.2,7.9
11918,0.263,0,NORMAL,19.6,6.3,8.1,8.6
11919,0.2155,0,NORMAL,19.6,5.4,7.2,7.6
11920,0.226,0,NORMAL,19.6,6.2,7.8,8.6
11921,0.2371,0,NORMAL,19.4,5.5,7.3,7.7
11922,0.4739,0,NORMAL,19.7,7.3,8.6,9.4
11923,0.2499,0,NORMAL,19.6,6.5,7.9,8.5
11924,0.2501,0,NORMAL,19.7,5.5,7.8,8.2
11925,0.2463,0,NORMAL,19.7,5.7,6.5,7.9
11926,0.1944,0,NORMAL,19.4,4.9,7.0,7.5
11927,0.2179,0,NORMAL,19.6,5.8,7.4,8.2
11928,0.1745,0,NORMAL,19.4,5.1,7.3,7.9
11929,0.2218,0,NORMAL,19.6,5.9,6.9,7.2
11930,0.2181,0,NORMAL,19.6,5.8,7.2,8.2
11931,0.2628,0,NORMAL,19.7,6.1,8.3,8.6
11932,0.3061,0,NORMAL,19.5,6.2,8.8,9.4
11933,0.259,0,NORMAL,19.7,6.1,8.1,8.2
11934,0.2611,0,NORMAL,19.5,5.1,7.6,8.3
11935,0.2642,0,NORMAL,19.7,5.4,8.0,8.9
11936,0.2545,0,NORMAL,19.8,5.9,7.7,8.4
11937,0.3297,0,NORMAL,19.8,6.5,7.8,7.9
11938,0.2644,0,NORMAL,19.8,5.7,7.7,8.9
11939,0.2217,0,NORMAL,19.6,4.9,6.7,6.5
11940,0.2655,0,NORMAL,19.6,6.5,8.0,9.0
11941,0.2623,0,NORMAL,19.6,6.0,8.0,8.2
11942,0.2313,0,NORMAL,19.5,5.8,7.1,7.7
11943,0.3208,0,NORMAL,19.5,5.4,7.9,8.4
11944,0.2619,0,NORMAL,19.5,6.3,8.0,7.9
11945,0.217,0,NORMAL,19.6,5.2,7.5,8.4
11946,0.2418,0,NORMAL,19.8,5.2,7.3,7.2
11947,0.2651,0,NORMAL,19.8,6.5,7.7,8.9
11948,0.237,0,NORMAL,19.6,5.0,7.0,7.2
11949,0.1681,0,NORMAL,19.6,6.2,7.0,7.7
11950,0.226,0,NORMAL,19.3,5.5,7.2,8.4
11951,0.2212,0,NORMAL,19.6,5.4,6.9,6.5
11952,0.5481,0,NORMAL,19.7,7.0,7.0,8.6
11953,0.218,0,NORMAL,19.5,5.0,7.9,8.7
11954,0.2157,0,NORMAL,19.7,6.3,8.1,7.8
11955,0.2646,0,NORMAL,19.7,5.4,7.7,9.0
11956,0.262,0,NORMAL,19.7,6.6,8.5,8.5
11957,0.2639,0,NORMAL,19.6,6.3,8.3,9.1
11958,0.2817,0,NORMAL,19.5,6.3,8.9,8.3
11959,0.2554,0,NORMAL,19.7,5.4,6.5,7.4
11960,0.1997,0,NORMAL,19.5,5.9,7.0,7.5
11961,0.1932,0,NORMAL,19.8,6.1,7.3,7.7
11962,0.2158,0,NORMAL,19.8,5.8,7.9,8.2
11963,0.2153,0,NORMAL,19.7,5.6,7.4,7.9
11964,0.2176,0,NORMAL,19.8,5.8,7.4,8.2
11965,0.2008,0,NORMAL,19.6,5.9,6.7,7.7
11966,0.2654,0,NORMAL,19.5,5.9,8.3,9.1
11967,0.2166,0,NORMAL,19.4,5.8,7.4,7.2
11968,0.871,0,WARNING,19.7,10.0,7.9,8.9
11969,0.2711,0,NORMAL,19.7,5.7,7.2,7.5
11970,0.2046,0,NORMAL,19.7,5.9,7.1,7.7
11971,0.3364,0,NORMAL,19.7,6.1,7.2,7.3
11972,0.2655,0,NORMAL,19.6,5.6,7.9,8.9
11973,0.227,0,NORMAL,19.7,6.1,7.5,7.3
11974,0.2175,0,NORMAL,19.6,4.9,6.6,8.1
11975,0.2472,0,NORMAL,19.7,5.8,6.8,7.2
11976,0.2321,0,NORMAL,19.6,5.3,6.5,7.6
11977,0.2187,0,NORMAL,19.5,4.4,6.1,7.7
11978,0.2477,0,NORMAL,19.6,5.3,7.3,7.5
11979,0.2194,0,NORMAL,19.8,5.0,7.0,7.9
11980,0.2022,0,NORMAL,19.8,5.8,7.1,7.3
11981,0.3522,0,NORMAL,19.9,7.0,9.0,10.3
11982,0.2961,0,NORMAL,19.8,6.2,7.4,7.9
11983,0.2619,0,NORMAL,19.8,5.5,7.7,8.6
11984,0.2097,0,NORMAL,19.5,5.5,7.1,7.2
11985,0.2177,0,NORMAL,19.8,5.2,7.1,8.1
11986,0.2474,0,NORMAL,20.0,6.6,8.0,7.3
11987,0.2438,0,NORMAL,19.8,5.7,7.7,8.1
11988,0.2648,0,NORMAL,19.8,5.5,7.9,9.0
11989,0.2573,0,NORMAL,19.6,5.3,6.3,7.2
11990,0.2654,0,NORMAL,19.8,5.6,7.3,8.6
11991,0.263,0,NORMAL,19.8,5.6,7.7,7.6
11992,0.2501,0,NORMAL,19.7,5.8,7.2,8.3
11993,0.2624,0,NORMAL,19.8,6.0,8.1,8.1
11994,0.2173,0,NORMAL,19.6,4.5,7.2,8.2
11995,0.2175,0,NORMAL,19.9,5.9,7.5,8.6
11996,0.4035,0,NORMAL,19.8,6.2,6.8,7.2
11997,0.2397,0,NORMAL,19.9,6.3,7.6,8.3
11998,0.3696,0,NORMAL,19.9,5.3,6.9,7.5
11999,0.1662,0,NORMAL,19.8,5.6,6.7,7.2
12000,0.2308,0,NORMAL,19.5,5.8,7.6,8.6
12001,0.2363,0,NORMAL,19.7,5.5,6.8,7.4
12002,0.2634,0,NORMAL,19.7,6.0,7.9,8.6
12003,0.2158,0,NORMAL,19.7,5.6,7.2,7.4
12004,0.2407,0,NORMAL,19.8,5.4,7.1,8.6
12005,0.4161,0,NORMAL,19.8,6.9,7.1,7.2
12006,0.174,0,NORMAL,19.8,4.9,6.9,7.9
12007,0.2269,0,NORMAL,19.8,6.1,7.6,7.9
12008,0.2629,0,NORMAL,20.0,5.1,7.6,8.1
12009,0.2543,0,NORMAL,19.9,6.2,7.4,8.4
12010,0.4017,0,NORMAL,19.7,4.9,7.0,7.5
12011,0.3865,0,NORMAL,19.9,7.0,7.5,8.2
12012,0.2369,0,NORMAL,19.7,6.3,7.3,7.7
12013,0.2178,0,NORMAL,19.7,5.8,7.2,8.2
12014,0.217,0,NORMAL,19.8,5.3,7.3,7.4
12015,0.2361,0,NORMAL,19.8,6.5,7.0,7.9
12016,0.2437,0,NORMAL,19.8,5.4,7.5,8.0
12017,0.2626,0,NORMAL,19.9,6.4,8.2,8.7
12018,0.3203,0,NORMAL,19.7,5.3,7.5,8.8
12019,0.2141,0,NORMAL,19.7,5.4,6.8,7.2
12020,0.2408,0,NORMAL,19.9,5.9,7.1,8.4
12021,0.1977,0,NORMAL,19.8,5.2,6.5,6.2
12022,0.3107,0,NORMAL,19.9,5.9,8.3,9.8
12023,0.2155,0,NORMAL,19.7,5.4,7.6,8.2
12024,0.2171,0,NORMAL,19.9,5.4,7.5,8.3
12025,0.2154,0,NORMAL,20.0,5.6,7.8,8.2
12026,0.2648,0,NORMAL,19.9,5.9,6.9,7.3
12027,0.3099,0,NORMAL,20.0,6.5,7.7,9.4
12028,0.7518,0,WARNING,19.7,8.1,7.2,7.2
12029,0.3199,0,NORMAL,19.9,5.6,7.2,8.1
12030,0.2505,0,NORMAL,19.9,5.6,7.3,7.6
12031,0.3826,0,NORMAL,20.0,6.7,8.2,8.1
12032,0.2595,0,NORMAL,19.7,5.0,7.4,8.1
12033,0.2808,0,NORMAL,19.9,6.4,8.4,7.7
12034,0.513,0,NORMAL,19.6,4.8,7.8,9.0
12035,0.2534,0,NORMAL,19.7,5.5,6.4,6.5
12036,0.2656,0,NORMAL,20.0,6.5,8.4,9.2
12037,0.4158,0,NORMAL,20.0,5.2,7.4,7.7
12038,0.2524,0,NORMAL,19.6,4.9,6.6,7.2
12039,0.2411,0,NORMAL,19.8,5.1,5.6,6.7
12040,0.1744,0,NORMAL,19.9,5.6,6.8,7.0
12041,0.4111,0,NORMAL,20.0,7.3,8.2,8.4
12042,0.2158,0,NORMAL,19.9,6.1,7.7,8.2
12043,0.3352,0,NORMAL,19.7,6.0,7.3,8.1
12044,0.2651,0,NORMAL,19.9,6.0,8.3,9.1
12045,0.306,0,NORMAL,19.8,6.2,9.1,9.0
12046,0.2378,0,NORMAL,19.8,5.5,7.0,8.3
12047,0.4157,0,NORMAL,20.0,6.9,8.2,7.9
12048,0.2643,0,NORMAL,19.8,5.2,8.1,9.1
12049,0.2373,0,NORMAL,19.8,6.2,7.0,7.6
12050,0.2423,0,NORMAL,19.8,5.8,7.8,8.2
12051,0.306,0,NORMAL,19.9,7.0,8.4,8.6
12052,0.2326,0,NORMAL,19.6,4.9,7.2,7.8
12053,0.3135,0,NORMAL,19.8,5.8,7.8,8.6
12054,0.262,0,NORMAL,19.9,6.3,8.2,8.0
12055,0.2232,0,NORMAL,19.6,5.1,7.8,8.4
12056,0.2578,0,NORMAL,19.6,6.3,7.2,7.9
12057,0.4361,0,NORMAL,19.7,6.7,8.4,9.4
12058,0.28,0,NORMAL,19.5,6.1,7.1,7.2
12059,0.2107,0,NORMAL,19.6,5.9,6.5,6.0
12060,0.3188,0,NORMAL,19.6,6.7,8.1,8.0
12061,0.27,0,NORMAL,19.8,6.0,7.5,7.9
12062,0.3925,0,NORMAL,19.6,5.4,7.5,7.9
12063,0.2325,0,NORMAL,19.6,5.9,7.0,7.5
12064,0.2241,0,NORMAL,19.7,5.2,7.3,7.9
12065,0.2464,0,NORMAL,19.7,6.3,7.8,8.0
12066,0.3317,0,NORMAL,19.8,6.5,7.4,7.7
12067,0.2145,0,NORMAL,19.7,5.5,7.1,7.5
12068,0.2066,0,NORMAL,19.4,5.6,6.6,7.0
12069,0.2166,0,NORMAL,19.8,5.7,7.5,7.7
12070,0.2007,0,NORMAL,19.7,5.0,5.8,6.3
12071,0.2307,0,NORMAL,19.8,5.6,7.0,7.6
12072,0.3091,0,NORMAL,19.7,6.3,7.2,7.3
12073,0.1908,0,NORMAL,19.9,5.2,6.4,7.4
12074,0.3119,0,NORMAL,19.6,5.0,6.7,7.2
12075,0.2639,0,NORMAL,19.7,5.4,7.8,7.9
12076,0.1673,0,NORMAL,19.9,5.5,7.0,7.5
12077,0.2396,0,NORMAL,19.6,5.3,6.6,7.0
12078,0.2255,0,NORMAL,19.7,5.5,7.9,8.0
12079,0.2422,0,NORMAL,19.9,5.7,7.1,7.2
12080,0.1683,0,NORMAL,19.9,6.0,7.1,7.7
12081,0.321,0,NORMAL,20.0,5.7,7.4,7.4
12082,0.2489,0,NORMAL,19.6,5.3,7.5,7.9
12083,0.1831,0,NORMAL,19.8,5.1,5.8,5.3
12084,0.2195,0,NORMAL,20.0,5.7,7.4,8.2
12085,0.2375,0,NORMAL,19.8,6.0,7.8,8.2
12086,0.3019,0,NORMAL,19.9,5.4,6.7,6.5
12087,0.2382,0,NORMAL,20.0,6.1,7.0,7.7
12088,0.3313,0,NORMAL,19.8,6.1,7.2,7.0
12089,0.2428,0,NORMAL,19.8,5.5,7.0,7.3
12090,0.1787,0,NORMAL,19.9,5.8,7.0,6.9
12091,0.2329,0,NORMAL,19.8,5.7,6.8,6.6
12092,0.3292,0,NORMAL,19.8,5.4,7.0,8.1
12093,0.7694,0,WARNING,19.6,8.4,7.5,7.2
12094,0.2574,0,NORMAL,19.8,6.4,7.8,8.0
12095,0.2561,0,NORMAL,19.8,5.2,6.7,7.3
12096,0.2162,0,NORMAL,19.8,6.5,7.6,7.0
12097,0.4767,0,NORMAL,19.6,5.0,6.7,8.1
12098,0.2263,0,NORMAL,19.6,5.4,7.4,6.8
12099,0.236,0,NORMAL,19.9,6.2,6.7,7.1
12100,0.2378,0,NORMAL,19.9,5.2,6.4,7.2
12101,0.229,0,NORMAL,19.8,4.7,5.4,5.7
12102,0.1625,0,NORMAL,19.7,5.9,6.6,7.0
12103,0.4154,0,NORMAL,20.0,7.1,7.5,7.0
12104,0.2094,0,NORMAL,19.9,5.1,7.2,6.8
12105,0.2339,0,NORMAL,19.5,5.0,5.6,5.8
12106,0.213,0,NORMAL,19.9,5.3,6.5,7.0
12107,0.2155,0,NORMAL,19.8,5.6,5.6,5.7
12108,0.2026,0,NORMAL,19.6,4.2,5.8,6.3
12109,0.1755,0,NORMAL,19.7,6.0,6.5,7.0
12110,0.1513,0,NORMAL,19.4,5.1,6.1,6.3
12111,0.2193,0,NORMAL,19.6,5.3,6.8,6.7
12112,0.2086,0,NORMAL,19.7,5.0,6.7,7.1
12113,0.2175,0,NORMAL,19.4,5.4,5.7,5.6
12114,0.231,0,NORMAL,19.4,5.1,6.9,6.6
12115,0.2122,0,NORMAL,19.4,5.1,6.3,6.5
12116,0.2083,0,NORMAL,19.7,5.1,6.3,6.7
12117,0.4391,0,NORMAL,19.5,6.2,5.8,6.2
12118,0.1983,0,NORMAL,19.5,4.9,5.9,6.2
12119,0.2571,0,NORMAL,19.7,5.6,5.6,6.0
12120,0.4116,0,NORMAL,19.6,4.7,5.5,5.7
12121,0.2951,0,NORMAL,19.6,5.6,6.1,6.0
12122,0.1935,0,NORMAL,19.4,5.2,6.1,6.4
12123,0.1934,0,NORMAL,19.4,4.5,4.7,4.8
12124,0.1974,0,NORMAL,19.5,5.5,6.4,6.6
12125,0.141,0,NORMAL,19.6,4.2,4.9,5.5
12126,0.1434,0,NORMAL,19.7,5.6,6.2,6.1
12127,0.1815,0,NORMAL,19.8,5.4,6.6,6.8
12128,0.1965,0,NORMAL,19.7,4.5,5.6,6.2
12129,0.4171,0,NORMAL,19.6,5.5,5.4,5.2
12130,0.1865,0,NORMAL,19.5,5.2,5.6,5.4
12131,0.2736,0,NORMAL,19.8,5.4,5.7,6.0
12132,0.1837,0,NORMAL,19.9,5.3,6.0,6.7
12133,0.1958,0,NORMAL,19.7,5.4,5.8,5.5
12134,0.1929,0,NORMAL,19.7,5.1,5.2,5.5
12135,0.1734,0,NORMAL,19.7,4.8,5.2,5.5
12136,0.2217,0,NORMAL,19.6,4.9,6.2,6.3
12137,0.1971,0,NORMAL,19.7,5.1,5.9,5.8
12138,0.1403,0,NORMAL,19.4,4.3,5.0,5.5
12139,0.1705,0,NORMAL,19.8,5.4,6.4,7.1
12140,0.1766,0,NORMAL,19.7,5.2,6.1,5.6
12141,0.2022,0,NORMAL,19.7,5.3,4.9,5.0
12142,0.189,0,NORMAL,19.7,4.8,5.4,6.1
12143,0.4907,0,NORMAL,19.7,5.7,4.9,4.8
12144,0.1916,0,NORMAL,19.7,5.7,5.5,6.0
12145,0.2581,0,NORMAL,19.7,5.2,6.4,6.8
12146,0.1956,0,NORMAL,19.8,4.7,4.8,4.1
12147,0.3797,0,NORMAL,19.6,5.6,4.9,5.2
12148,0.1751,0,NORMAL,19.5,5.3,6.0,7.5
12149,0.7544,0,WARNING,19.7,7.0,3.8,5.6
12150,0.1717,0,NORMAL,19.7,4.5,4.6,6.9
12151,0.1714,0,NORMAL,19.7,3.7,4.2,6.6
12152,0.2353,0,NORMAL,19.7,5.2,4.3,6.1
12153,0.2908,0,NORMAL,19.7,3.8,4.3,6.1
12154,0.1506,0,NORMAL,19.6,4.3,5.0,6.4
12155,0.2388,0,NORMAL,19.8,5.3,5.3,7.6
12156,0.1773,0,NORMAL,19.7,4.4,4.5,4.1
12157,0.4032,0,NORMAL,19.4,4.3,4.3,5.7
12158,0.314,0,NORMAL,19.7,4.2,5.6,8.5
12159,0.2648,0,NORMAL,19.6,4.5,4.5,3.8
12160,0.4573,0,NORMAL,19.5,4.3,4.4,5.6
12161,0.3065,0,NORMAL,19.7,5.3,4.2,5.8
12162,0.2263,0,NORMAL,19.5,5.2,5.1,7.3
12163,0.1662,0,NORMAL,19.5,4.6,5.6,6.2
12164,0.2212,0,NORMAL,19.4,4.8,4.7,3.4
12165,0.2026,0,NORMAL,19.6,3.8,4.8,4.8
12166,0.2225,0,NORMAL,19.4,4.7,5.6,7.6
12167,0.1995,0,NORMAL,19.6,4.3,4.3,6.4
12168,0.4484,0,NORMAL,19.6,4.0,3.9,5.4
12169,0.1537,0,NORMAL,19.6,5.0,4.2,5.9
12170,0.1512,0,NORMAL,19.6,4.1,4.5,6.3
12171,0.1529,0,NORMAL,19.6,5.0,4.1,5.9
12172,0.1499,0,NORMAL,19.6,4.1,4.0,5.9
12173,0.2413,0,NORMAL,19.3,4.5,4.1,5.4
12174,0.1456,0,NORMAL,19.4,3.8,4.8,6.5
12175,0.1528,0,NORMAL,19.7,4.0,4.0,5.7
12176,0.2511,0,NORMAL,19.6,4.1,3.6,4.7
12177,0.15,0,NORMAL,19.7,4.5,4.0,5.9
12178,0.2051,0,NORMAL,19.6,4.5,3.2,4.8
12179,0.1818,0,NORMAL,19.7,4.8,4.5,6.4
12180,0.2094,0,NORMAL,19.5,3.8,4.1,5.9
12181,0.1464,0,NORMAL,19.7,5.0,4.2,6.1
12182,0.1441,0,NORMAL,19.6,4.6,4.8,6.6
12183,0.1469,0,NORMAL,19.6,4.9,4.6,5.9
12184,0.1439,0,NORMAL,19.3,3.8,3.4,4.9
12185,0.1442,0,NORMAL,19.6,4.1,3.9,5.2
12186,0.1414,0,NORMAL,19.4,3.7,3.7,4.6
12187,0.1803,0,NORMAL,19.5,4.4,3.6,5.3
12188,0.1415,0,NORMAL,19.5,4.2,4.4,5.9
12189,0.1729,0,NORMAL,19.6,4.4,4.0,6.6
12190,0.147,1,NORMAL,19.6,4.0,3.6,5.4
12191,0.1527,1,NORMAL,19.7,4.7,3.8,5.9
12192,0.1684,1,NORMAL,19.6,4.1,2.5,3.7
12193,0.3014,1,NORMAL,19.7,5.8,4.6,6.2
12194,0.7693,1,WARNING,15.4,6.5,7.8,7.0
12195,0.8844,1,WARNING,13.6,8.1,13.9,9.9
12196,0.7554,1,WARNING,15.0,6.3,8.8,8.4
12197,0.9917,1,ANOMALY,11.7,14.3,19.9,14.5
12198,0.9418,1,WARNING,9.2,9.9,15.9,11.0
12199,0.9231,1,WARNING,16.9,8.4,17.1,12.6
12200,0.918,1,WARNING,17.7,7.3,13.8,10.6
12201,0.9997,1,ANOMALY,21.1,25.0,32.0,20.0
12202,0.992,1,ANOMALY,23.0,12.7,35.3,20.3
12203,0.9781,1,WARNING,25.5,8.4,30.2,16.9
12204,0.9752,1,WARNING,25.3,8.6,28.8,16.8
12205,0.9703,1,WARNING,24.9,9.4,28.4,16.1
12206,0.9964,1,ANOMALY,27.6,10.3,34.2,19.4
12207,0.988,1,WARNING,26.7,10.3,32.3,18.2
12208,0.9581,1,WARNING,24.8,9.5,26.1,15.0
12209,0.83,1,WARNING,19.6,6.8,5.5,4.0
12210,0.6297,1,WARNING,19.3,3.6,3.2,4.2
12211,0.4207,1,NORMAL,19.2,3.3,2.4,3.9
12212,0.4442,1,NORMAL,19.5,3.8,2.6,3.7
12213,0.2123,1,NORMAL,19.4,3.2,3.1,3.9
12214,0.1659,1,NORMAL,19.5,4.3,2.9,4.4
12215,0.1507,1,NORMAL,19.5,4.1,2.5,3.3
12216,0.211,0,NORMAL,19.4,3.7,2.2,2.8
12217,0.213,0,NORMAL,19.2,3.6,2.6,3.5
12218,0.2487,0,NORMAL,19.5,4.0,3.5,4.9
12219,0.1658,0,NORMAL,19.5,3.8,3.8,4.7
12220,0.7745,0,WARNING,19.5,6.9,2.9,4.0
12221,0.2033,0,NORMAL,18.2,4.0,2.5,3.1
12222,0.6211,0,WARNING,17.8,3.7,2.9,4.4
12223,0.2474,0,NORMAL,18.2,4.5,2.9,3.9
12224,0.2964,0,NORMAL,18.2,3.1,2.2,2.8
12225,0.1987,0,NORMAL,18.3,3.4,2.1,2.8
12226,0.2256,0,NORMAL,18.3,3.9,2.8,3.6
12227,0.2153,0,NORMAL,18.3,3.6,2.5,3.0
12228,0.2354,0,NORMAL,18.3,3.4,2.3,3.4
12229,0.2254,0,NORMAL,18.3,4.0,2.7,3.7
12230,0.2194,0,NORMAL,18.2,3.9,2.0,2.7
12231,0.6931,0,WARNING,20.4,5.1,10.6,8.5
12232,0.8374,0,WARNING,18.6,4.7,3.3,2.3
12233,0.1689,0,NORMAL,18.2,3.6,2.7,3.7
12234,0.1718,0,NORMAL,18.4,3.5,2.2,2.8
12235,0.2128,0,NORMAL,18.4,3.9,2.6,3.7
12236,0.4067,0,NORMAL,18.4,3.7,2.3,3.2
12237,0.2046,0,NORMAL,18.3,3.8,2.3,3.2
12238,0.297,0,NORMAL,18.3,4.1,2.4,3.0
12239,0.22,0,NORMAL,18.5,3.8,2.8,4.0
12240,0.3049,0,NORMAL,18.4,4.3,2.3,2.9
12241,0.3775,0,NORMAL,18.2,2.9,2.8,3.7
12242,0.2187,0,NORMAL,18.5,4.1,2.4,2.7
12243,0.267,0,NORMAL,18.4,3.4,2.2,2.6
12244,0.2541,0,NORMAL,18.4,2.9,1.3,2.0
12245,0.3885,0,NORMAL,18.3,3.0,1.8,2.5
12246,0.2774,0,NORMAL,18.4,3.7,2.3,3.0
12247,0.2567,0,NORMAL,18.3,4.0,2.1,2.8
12248,0.2453,0,NORMAL,18.3,3.1,2.6,3.9
12249,0.2183,0,NORMAL,18.3,3.6,2.0,3.0
12250,0.2293,0,NORMAL,18.4,4.0,2.6,3.7
12251,0.2955,0,NORMAL,18.3,3.2,2.1,3.0
12252,0.3399,0,NORMAL,18.3,4.5,1.8,2.3
12253,0.2464,0,NORMAL,18.0,3.7,1.5,2.2
12254,0.2629,0,NORMAL,18.1,3.3,1.4,2.2
12255,0.8529,0,WARNING,18.5,4.1,2.2,2.9
12256,0.269,0,NORMAL,18.0,2.7,1.6,2.2
12257,0.2938,0,NORMAL,18.3,4.1,2.2,2.8
12258,0.2749,0,NORMAL,18.0,3.1,2.0,2.7
12259,0.2749,0,NORMAL,18.2,2.8,1.7,2.5
12260,0.2945,0,NORMAL,18.1,3.4,2.0,2.9
12261,0.2679,0,NORMAL,18.2,4.0,2.6,3.5
12262,0.2769,0,NORMAL,18.3,3.3,1.9,2.3
12263,0.2648,0,NORMAL,18.2,3.0,1.6,2.0
12264,0.2976,0,NORMAL,18.2,3.2,1.8,2.5
12265,0.2957,0,NORMAL,18.2,3.5,1.1,1.5
12266,0.3041,0,NORMAL,18.1,2.8,1.5,2.2
12267,0.4011,0,NORMAL,18.3,4.3,1.3,1.8
12268,0.2989,0,NORMAL,18.3,3.2,2.0,2.5
12269,0.7699,0,WARNING,18.4,6.8,2.6,3.2
12270,0.2363,0,NORMAL,18.3,3.0,2.2,2.7
12271,0.2514,0,NORMAL,18.3,3.6,1.7,2.3
12272,0.2694,0,NORMAL,18.1,2.8,1.5,2.2
12273,0.2903,0,NORMAL,18.1,3.6,2.0,2.5
12274,0.2787,0,NORMAL,18.3,2.9,1.7,2.5
12275,0.3178,0,NORMAL,18.3,4.1,1.8,2.5
12276,0.2667,0,NORMAL,18.4,3.1,1.5,2.2
12277,0.2791,0,NORMAL,18.4,3.6,1.7,2.5
12278,0.2715,0,NORMAL,18.2,2.9,1.7,2.5
12279,0.2766,0,NORMAL,18.4,3.8,1.4,2.1
12280,0.2796,0,NORMAL,18.2,2.9,1.4,2.0
12281,0.296,0,NORMAL,18.3,4.1,1.5,2.1
12282,0.2822,0,NORMAL,18.2,4.0,1.6,2.2
12283,0.2752,0,NORMAL,18.1,3.2,1.3,1.8
12284,0.2902,0,NORMAL,18.3,3.1,1.3,2.0
12285,0.3059,0,NORMAL,18.0,3.3,1.3,1.6
12286,0.4209,0,NORMAL,18.3,4.1,1.7,2.0
12287,0.2901,0,NORMAL,18.1,2.8,1.5,2.0
12288,0.4305,0,NORMAL,18.3,3.0,1.4,1.8
12289,0.3111,0,NORMAL,18.3,3.6,2.1,3.1
12290,0.2688,0,NORMAL,18.2,3.5,1.4,2.0
12291,0.2743,0,NORMAL,18.2,3.2,1.4,2.0
12292,0.2782,0,NORMAL,18.4,3.9,2.4,2.7
12293,0.4205,0,NORMAL,18.3,3.9,1.4,1.9
12294,0.2688,0,NORMAL,18.1,3.5,1.6,2.0
12295,0.284,0,NORMAL,18.1,3.5,1.3,1.8
12296,0.4605,0,NORMAL,17.8,3.3,0.9,1.2
12297,0.3171,0,NORMAL,18.0,3.9,1.2,1.5
12298,0.3204,0,NORMAL,17.8,3.3,1.5,1.7
12299,0.328,0,NORMAL,18.1,3.3,1.0,1.7
12300,0.3222,0,NORMAL,18.0,3.5,1.3,1.8
12301,0.3554,0,NORMAL,18.1,3.2,0.9,1.5
12302,0.3271,0,NORMAL,18.0,3.0,1.2,1.5
12303,0.3381,0,NORMAL,18.1,3.5,1.0,1.3
12304,0.3426,0,NORMAL,18.1,3.0,1.1,1.7
12305,0.3323,0,NORMAL,18.1,2.8,1.3,1.8
12306,0.3329,0,NORMAL,18.0,3.4,1.2,1.8
12307,0.3255,0,NORMAL,17.7,3.2,1.6,1.9
12308,0.3301,0,NORMAL,17.7,3.3,1.2,1.8
12309,0.325,0,NORMAL,18.0,3.5,2.4,3.4
12310,0.2794,0,NORMAL,18.1,3.4,1.6,2.3
12311,0.2839,0,NORMAL,18.0,3.4,1.5,1.9
12312,0.2966,0,NORMAL,17.8,3.6,1.4,1.8
12313,0.3434,0,NORMAL,17.8,4.2,1.5,2.0
12314,0.3086,0,NORMAL,18.1,2.7,1.1,1.3
12315,0.3287,0,NORMAL,17.9,3.4,1.4,2.1
12316,0.3154,0,NORMAL,18.1,3.5,1.4,2.0
12317,0.2999,0,NORMAL,17.9,3.3,1.8,2.5
12318,0.4662,0,NORMAL,17.9,3.2,1.6,2.2
12319,0.3085,0,NORMAL,18.0,3.1,1.1,1.3
12320,0.3328,0,NORMAL,18.0,3.3,1.0,1.5
12321,0.4938,0,NORMAL,18.0,3.7,1.0,1.2
12322,0.315,0,NORMAL,17.9,3.0,1.2,1.8
12323,0.3282,0,NORMAL,18.1,3.3,1.1,1.3
12324,0.3418,0,NORMAL,17.9,2.8,1.3,1.8
12325,0.3428,0,NORMAL,18.0,3.6,2.0,1.6
12326,0.9972,0,ANOMALY,18.2,5.2,5.0,4.1
12327,0.3095,0,NORMAL,18.2,3.2,1.2,1.3
12328,0.4018,0,NORMAL,18.0,4.3,1.5,2.0
12329,0.309,0,NORMAL,18.2,3.4,1.1,1.3
12330,0.3309,0,NORMAL,18.3,3.2,1.4,1.8
12331,0.3332,0,NORMAL,18.1,3.5,1.1,1.5
12332,0.7422,0,WARNING,18.2,5.9,1.2,1.5
12333,0.309,0,NORMAL,18.0,3.2,1.1,1.3
12334,0.3266,0,NORMAL,18.2,3.3,1.1,1.7
12335,0.3185,0,NORMAL,18.2,4.0,1.0,1.0
12336,0.3252,0,NORMAL,18.1,2.7,1.1,1.3
12337,0.8597,0,WARNING,18.5,3.7,1.4,1.6
12338,0.3379,0,NORMAL,18.1,3.0,1.0,1.7
12339,0.3336,0,NORMAL,18.3,2.9,0.8,1.1
12340,0.3437,0,NORMAL,18.4,3.2,0.8,0.9
12341,0.3498,0,NORMAL,18.4,3.5,1.2,1.5
12342,0.3805,0,NORMAL,18.1,4.1,1.1,1.3
12343,0.3332,0,NORMAL,18.1,3.5,1.1,1.3
12344,0.3337,0,NORMAL,18.2,3.3,1.1,1.3
12345,0.3465,0,NORMAL,18.2,2.8,1.1,1.5
12346,0.3494,0,NORMAL,18.1,3.0,0.8,0.8
12347,0.3639,0,NORMAL,18.2,3.0,1.1,1.3
12348,0.3577,0,NORMAL,18.0,2.8,0.8,1.2
12349,0.3613,0,NORMAL,18.3,2.9,1.1,1.8
12350,0.3449,0,NORMAL,18.1,3.3,1.0,1.3
12351,0.3466,0,NORMAL,17.9,3.0,1.3,1.3
12352,0.355,0,NORMAL,18.2,3.5,1.6,2.0
12353,0.3414,0,NORMAL,18.1,3.0,1.1,1.5
12354,0.3436,0,NORMAL,18.1,3.5,1.4,1.6
12355,0.3346,0,NORMAL,18.0,3.5,1.0,1.3
12356,0.3383,0,NORMAL,18.1,2.9,1.5,1.7
12357,0.4309,0,NORMAL,18.3,4.3,1.2,1.3
12358,0.3333,0,NORMAL,18.0,3.2,1.3,1.6
12359,0.3374,0,NORMAL,18.2,2.4,0.9,1.2
12360,0.3554,0,NORMAL,18.0,2.9,0.8,0.9
12361,0.3646,0,NORMAL,18.1,2.8,1.0,1.3
12362,0.3686,0,NORMAL,18.0,3.1,1.1,1.3
12363,0.3704,0,NORMAL,18.1,3.4,1.3,1.8
12364,0.3486,0,NORMAL,17.7,3.0,1.0,1.3
12365,0.3502,0,NORMAL,18.0,3.3,1.0,1.5
12366,0.3493,0,NORMAL,17.9,2.9,0.9,0.8
12367,0.3645,0,NORMAL,18.1,2.7,0.9,1.3
12368,0.3604,0,NORMAL,17.9,2.7,1.0,1.2
12369,0.3667,0,NORMAL,18.1,3.4,1.4,1.8
12370,0.3493,0,NORMAL,18.0,2.5,0.4,0.6
12371,0.3701,0,NORMAL,18.1,3.6,1.0,0.8
12372,0.3705,0,NORMAL,18.2,4.5,1.5,1.7
12373,0.3401,0,NORMAL,17.8,3.1,1.0,1.3
12374,0.3499,0,NORMAL,18.0,3.3,1.0,1.3
12375,0.3502,0,NORMAL,17.8,2.4,0.7,0.6
12376,0.388,0,NORMAL,17.8,2.0,0.1,0.0
12377,0.4184,0,NORMAL,18.0,2.7,0.1,0.0
12378,0.4279,0,NORMAL,18.1,2.8,0.0,0.0
12379,0.4345,0,NORMAL,17.8,2.7,0.5,0.6
12380,0.4217,0,NORMAL,18.1,4.3,1.7,1.6
12381,0.486,0,NORMAL,17.8,2.7,0.9,1.2
12382,0.3559,0,NORMAL,17.9,3.2,1.0,1.5
12383,0.3461,0,NORMAL,18.1,3.9,1.7,2.0
12384,0.3268,0,NORMAL,18.1,2.9,1.3,1.7
12385,0.3374,0,NORMAL,18.0,3.1,1.0,1.2
12386,0.3408,0,NORMAL,18.3,3.1,1.1,1.3
12387,0.3456,0,NORMAL,18.3,3.7,0.8,0.9
12388,0.3525,0,NORMAL,18.3,3.7,0.9,1.2
12389,0.7119,0,WARNING,18.2,5.9,1.0,1.3
12390,0.3502,0,NORMAL,18.2,2.4,0.4,0.6
12391,0.3551,0,NORMAL,18.2,3.5,1.0,0.8
12392,0.36,0,NORMAL,18.2,3.3,1.1,1.3
12393,0.3618,0,NORMAL,18.2,3.1,1.5,2.1
12394,0.5334,0,NORMAL,18.2,3.3,1.2,0.7
12395,0.3608,0,NORMAL,18.6,3.6,1.3,1.5
12396,0.3442,0,NORMAL,18.7,2.5,0.8,0.9
12397,0.3632,0,NORMAL,18.5,2.9,0.8,1.1
12398,0.3638,0,NORMAL,18.7,3.0,1.0,1.5
12399,0.3502,0,NORMAL,18.6,3.1,1.1,1.5
12400,0.3404,0,NORMAL,18.4,2.8,0.9,1.2
12401,0.3414,0,NORMAL,18.6,3.2,0.8,1.0
12402,0.3441,0,NORMAL,18.5,3.3,0.9,1.0
12403,0.3491,0,NORMAL,18.7,3.7,0.8,1.1
12404,0.3411,0,NORMAL,18.4,2.4,0.9,1.2
12405,0.353,0,NORMAL,18.4,3.0,1.1,1.1
12406,0.357,0,NORMAL,18.3,2.6,0.4,0.6
12407,0.3756,0,NORMAL,18.4,3.1,0.9,1.2
12408,0.3635,0,NORMAL,18.1,3.1,0.7,0.9
12409,0.3632,0,NORMAL,18.2,2.8,0.9,1.0
12410,0.5881,0,NORMAL,17.9,2.5,1.2,1.3
12411,0.3607,0,NORMAL,18.2,2.6,0.7,0.8
12412,0.3714,0,NORMAL,18.0,3.1,0.5,0.6
12413,0.3757,0,NORMAL,18.1,3.0,0.3,0.3
12414,0.3884,0,NORMAL,18.2,2.9,0.7,0.8
12415,0.385,0,NORMAL,17.9,2.5,0.4,0.6
12416,0.3952,0,NORMAL,18.1,3.7,0.6,0.6
12417,0.3874,0,NORMAL,17.9,2.9,1.1,1.3
12418,0.378,0,NORMAL,18.2,4.0,1.2,1.5
12419,0.3529,0,NORMAL,18.2,2.4,0.8,1.0
12420,0.3778,0,NORMAL,18.4,2.8,0.8,0.8
12421,0.383,0,NORMAL,18.3,3.1,0.8,0.9
12422,0.3828,0,NORMAL,18.3,2.8,1.0,1.3
12423,0.3794,0,NORMAL,18.1,2.8,0.8,1.1
12424,0.3798,0,NORMAL,18.1,2.6,0.8,1.0
12425,0.3848,0,NORMAL,18.3,2.9,1.0,1.3
12426,0.3716,0,NORMAL,18.4,3.4,1.5,1.7
12427,0.3547,0,NORMAL,18.3,2.8,0.8,0.9
12428,0.3626,0,NORMAL,18.4,3.4,1.0,1.0
12429,0.3603,0,NORMAL,18.4,2.8,1.7,2.7
12430,0.3188,0,NORMAL,18.4,3.1,0.9,1.2
12431,0.3494,0,NORMAL,18.4,3.7,1.0,0.8
12432,0.4281,0,NORMAL,18.5,4.2,0.7,0.8
12433,0.3469,0,NORMAL,18.4,2.9,1.0,1.0
12434,0.3678,0,NORMAL,18.4,3.1,0.7,0.6
12435,0.3765,0,NORMAL,18.3,2.4,0.3,0.3
12436,0.4005,0,NORMAL,18.3,3.3,0.6,0.6
12437,0.3882,0,NORMAL,18.3,2.8,0.8,0.8
12438,0.999,0,ANOMALY,18.3,15.9,0.3,0.5
12439,0.8449,0,WARNING,18.4,6.7,0.8,0.9
12440,0.347,0,NORMAL,18.2,3.1,1.4,1.6
12441,0.3511,0,NORMAL,18.4,2.8,0.7,0.6
12442,0.4214,0,NORMAL,18.4,3.8,1.0,1.5
12443,0.43,0,NORMAL,18.2,2.3,0.9,1.0
12444,0.3437,0,NORMAL,18.2,3.0,0.8,1.1
12445,0.3531,0,NORMAL,18.3,3.2,0.7,0.8
12446,0.3615,0,NORMAL,18.2,3.1,0.9,0.9
12447,0.3649,0,NORMAL,18.2,3.6,0.9,1.4
12448,0.3432,0,NORMAL,18.3,3.3,1.0,1.3
12449,0.7992,0,WARNING,18.4,6.2,0.6,0.8
12450,0.3304,0,NORMAL,18.3,2.3,0.9,0.9
12451,0.3512,0,NORMAL,18.6,3.2,0.7,0.6
12452,0.3631,0,NORMAL,18.4,2.9,0.9,1.2
12453,0.3606,0,NORMAL,18.3,2.9,0.6,0.8
12454,0.3741,0,NORMAL,18.0,2.7,0.8,0.7
12455,0.3851,0,NORMAL,18.4,2.8,1.1,1.3
12456,0.3768,0,NORMAL,18.4,2.9,1.1,1.3
12457,0.3717,0,NORMAL,18.4,3.7,1.3,1.3
12458,0.3576,0,NORMAL,18.4,3.1,0.7,0.6
12459,0.3749,0,NORMAL,18.5,3.1,1.6,2.5
12460,0.3353,0,NORMAL,18.4,3.6,0.9,1.0
12461,0.3497,0,NORMAL,18.3,2.9,0.8,1.0
12462,0.4349,0,NORMAL,18.3,4.1,1.0,1.0
12463,0.3537,0,NORMAL,18.2,2.9,0.9,1.0
12464,0.37,0,NORMAL,18.2,3.7,0.5,0.6
12465,0.3748,0,NORMAL,18.3,2.2,1.1,1.3
12466,0.3885,0,NORMAL,18.2,3.1,0.9,0.9
12467,0.3839,0,NORMAL,18.2,3.2,1.4,1.4
12468,0.3744,0,NORMAL,18.0,3.1,0.9,0.9
12469,0.3796,0,NORMAL,18.1,2.9,0.8,0.9
12470,0.3818,0,NORMAL,18.3,3.1,1.0,1.2
12471,0.3685,0,NORMAL,18.2,3.3,0.8,1.1
12472,0.3521,0,NORMAL,18.2,3.4,1.1,1.3
12473,0.3493,0,NORMAL,18.0,2.7,0.7,0.6
12474,0.3733,0,NORMAL,18.0,2.7,0.8,1.2
12475,0.3691,0,NORMAL,18.0,2.9,0.8,1.1
12476,0.3663,0,NORMAL,18.2,3.7,0.6,0.8
12477,0.3569,0,NORMAL,18.3,3.4,1.1,1.3
12478,0.353,0,NORMAL,18.3,2.9,1.1,1.7
12479,0.3463,0,NORMAL,18.3,2.6,0.9,1.7
12480,0.8607,0,WARNING,18.5,4.1,1.1,1.3
12481,0.3255,0,NORMAL,18.0,2.9,0.8,0.9
12482,0.3503,0,NORMAL,18.3,2.6,0.8,0.8
12483,0.3714,0,NORMAL,18.1,2.7,0.9,1.1
12484,0.3744,0,NORMAL,18.4,3.1,0.8,1.1
12485,0.3682,0,NORMAL,18.4,2.8,1.1,1.3
12486,0.3689,0,NORMAL,18.3,3.3,1.1,1.5
12487,0.3548,0,NORMAL,18.2,2.8,1.1,1.5
12488,0.3532,0,NORMAL,18.4,3.3,0.9,1.5
12489,0.3463,0,NORMAL,18.3,3.0,0.9,1.1
12490,0.3523,0,NORMAL,18.5,3.8,2.0,3.0
12491,0.3083,0,NORMAL,18.6,3.3,1.0,1.3
12492,0.3113,0,NORMAL,18.4,3.7,1.0,1.3
12493,0.3216,0,NORMAL,18.2,3.3,1.0,1.5
12494,0.3244,0,NORMAL,18.2,3.4,1.0,1.5
12495,0.3275,0,NORMAL,18.4,2.5,0.8,1.1
12496,0.3489,0,NORMAL,18.3,2.6,0.9,1.2
12497,0.361,0,NORMAL,18.4,2.7,0.9,1.1
12498,0.3688,0,NORMAL,18.4,3.1,1.1,1.7
12499,0.3474,0,NORMAL,18.4,3.5,1.1,1.3
12500,0.348,0,NORMAL,18.4,3.5,1.1,1.5
12501,0.3363,0,NORMAL,18.4,3.4,1.2,1.5
12502,0.3338,0,NORMAL,18.2,3.0,1.1,1.3
12503,0.3443,0,NORMAL,18.2,2.7,1.2,1.6
12504,0.3532,0,NORMAL,18.4,3.0,1.0,1.7
12505,0.4939,0,NORMAL,18.4,4.4,1.0,1.3
12506,0.3095,0,NORMAL,18.5,3.5,1.0,1.3
12507,0.3754,0,NORMAL,18.5,3.4,0.8,1.1
12508,0.3291,0,NORMAL,18.4,3.3,1.2,1.8
12509,0.7258,0,WARNING,18.6,5.9,1.3,1.6
12510,0.3015,0,NORMAL,18.4,3.3,1.0,1.7
12511,0.3379,0,NORMAL,18.3,3.8,0.8,0.9
12512,0.3168,0,NORMAL,18.4,3.9,1.4,1.8
12513,0.3039,0,NORMAL,18.3,2.9,1.1,1.5
12514,0.3228,0,NORMAL,18.2,2.8,1.0,1.3
12515,0.3463,0,NORMAL,18.2,3.1,1.4,1.8
12516,0.3379,0,NORMAL,18.4,3.2,1.0,1.2
12517,0.3477,0,NORMAL,18.5,3.3,1.6,2.3
12518,0.3184,0,NORMAL,18.3,2.8,1.2,1.8
12519,0.3283,0,NORMAL,18.5,3.8,1.6,2.5
12520,0.2902,0,NORMAL,18.5,2.9,1.2,2.2
12521,0.3792,0,NORMAL,18.6,3.2,1.2,1.8
12522,0.399,0,NORMAL,18.6,4.4,1.5,2.1
12523,0.2831,0,NORMAL,18.5,3.7,1.3,1.8
12524,0.2908,0,NORMAL,18.2,3.2,1.4,1.8
12525,0.3379,0,NORMAL,18.2,3.0,1.5,2.2
12526,0.3018,0,NORMAL,18.5,3.0,1.7,2.5
12527,0.2969,0,NORMAL,18.3,3.5,1.2,1.8
12528,0.3,0,NORMAL,18.5,3.8,1.2,1.5
12529,0.3144,0,NORMAL,18.4,2.7,1.0,1.3
12530,0.3374,0,NORMAL,18.5,3.1,1.3,1.6
12531,0.3441,0,NORMAL,18.5,3.7,1.7,2.7
12532,0.5658,0,NORMAL,18.5,4.8,1.2,1.8
12533,0.986,0,WARNING,18.4,11.1,0.9,1.5
12534,0.9881,0,WARNING,18.6,11.6,1.1,1.5
12535,0.986,0,WARNING,18.6,11.8,1.7,2.5
12536,0.9859,0,WARNING,18.6,11.3,1.0,1.0
12537,0.9902,0,WARNING,18.6,12.0,1.1,1.3
12538,0.9925,0,ANOMALY,18.7,13.1,1.3,2.3
12539,0.9864,0,WARNING,18.7,11.7,1.9,2.7
12540,0.9894,0,WARNING,18.5,12.2,1.6,2.2
12541,0.9885,0,WARNING,18.7,12.1,1.6,2.0
12542,0.9853,0,WARNING,18.7,11.8,1.5,2.1
12543,0.99,0,WARNING,18.7,12.2,1.5,2.0
12544,0.9869,0,WARNING,18.5,11.5,1.3,1.8
12545,0.9904,0,ANOMALY,18.5,11.8,1.1,1.3
12546,0.9848,0,WARNING,18.7,11.2,1.5,2.3
12547,0.9885,0,WARNING,18.6,11.9,1.6,2.1
12548,0.9865,0,WARNING,18.6,12.1,1.9,2.2
12549,0.9909,0,ANOMALY,18.7,12.3,1.8,2.9
12550,0.9859,0,WARNING,18.6,11.5,1.9,2.7
12551,0.9912,0,ANOMALY,18.8,12.8,2.2,2.8
12552,0.9933,0,ANOMALY,18.8,13.2,1.4,2.0
12553,0.9883,0,WARNING,18.7,11.9,1.1,1.8
12554,0.9872,0,WARNING,18.8,11.5,1.4,2.3
12555,0.9886,0,WARNING,18.8,11.7,1.3,1.8
12556,0.9898,0,WARNING,18.5,12.1,1.5,2.1
12557,0.9877,0,WARNING,18.7,11.9,1.5,2.3
12558,0.9901,0,WARNING,18.7,12.4,2.4,3.2
12559,0.9236,0,WARNING,18.6,9.0,2.1,2.5
12560,0.2322,0,NORMAL,18.6,3.7,2.1,3.0
12561,0.3746,0,NORMAL,18.5,3.1,2.2,2.6
12562,0.2285,0,NORMAL,18.5,3.7,1.8,2.3
12563,0.2357,0,NORMAL,18.6,3.2,1.5,2.2
12564,0.2562,0,NORMAL,18.3,3.5,1.7,2.5
12565,0.2828,0,NORMAL,18.3,3.5,1.6,2.2
12566,0.3373,0,NORMAL,18.6,4.3,1.9,2.5
12567,0.4205,0,NORMAL,18.5,4.3,1.8,2.3
12568,0.2508,0,NORMAL,18.6,4.2,2.1,3.0
12569,0.2316,0,NORMAL,18.6,4.0,2.6,3.2
12570,0.2268,0,NORMAL,18.5,3.5,2.1,2.8
12571,0.2401,0,NORMAL,18.6,4.2,2.2,3.0
12572,0.229,0,NORMAL,18.5,3.6,2.6,3.7
12573,0.743,0,WARNING,18.3,6.5,2.0,2.5
12574,0.2229,0,NORMAL,18.3,3.5,1.4,2.0
12575,0.2651,0,NORMAL,18.4,3.2,1.4,1.8
12576,0.2807,0,NORMAL,18.2,3.5,2.1,3.2
12577,0.2512,0,NORMAL,18.4,3.5,1.9,2.7
12578,0.2616,0,NORMAL,18.4,4.0,2.0,2.5
12579,0.2608,0,NORMAL,18.5,3.5,2.2,3.5
12580,0.2349,0,NORMAL,18.2,3.8,1.7,2.3
12581,0.2572,0,NORMAL,18.3,3.4,1.9,2.5
12582,0.2682,0,NORMAL,18.4,4.4,2.4,3.3
12583,0.2359,0,NORMAL,18.6,4.2,2.3,3.0
12584,0.2258,0,NORMAL,18.5,3.5,2.2,3.7
12585,0.2034,0,NORMAL,18.7,3.9,2.2,3.7
12586,0.2241,0,NORMAL,18.4,2.8,1.5,2.4
12587,0.2383,0,NORMAL,18.6,3.7,2.2,3.0
12588,0.2659,0,NORMAL,18.5,3.8,2.4,2.9
12589,0.2451,0,NORMAL,18.5,3.5,1.9,2.7
12590,0.2538,0,NORMAL,18.6,4.2,2.5,3.5
12591,0.2231,0,NORMAL,18.6,3.8,2.0,2.7
12592,0.2297,0,NORMAL,18.6,3.5,2.5,3.2
12593,0.2422,0,NORMAL,18.7,4.7,3.6,4.0
12594,0.2119,0,NORMAL,18.8,3.8,2.4,3.4
12595,0.2059,0,NORMAL,18.9,4.6,2.8,3.8
12596,0.1727,0,NORMAL,18.6,3.2,2.4,3.3
12597,0.4257,0,NORMAL,18.6,5.0,2.0,2.7
12598,0.4189,0,NORMAL,18.3,3.7,2.6,3.7
12599,0.1863,0,NORMAL,18.5,3.4,2.5,3.7
12600,0.1995,0,NORMAL,18.3,4.4,3.0,3.8
12601,0.1808,0,NORMAL,18.5,4.0,2.5,3.4
12602,0.1889,0,NORMAL,18.6,3.9,3.4,4.7
12603,0.161,0,NORMAL,18.6,4.0,3.1,3.9
12604,0.8487,0,WARNING,18.8,4.0,2.3,3.0
12605,0.1943,0,NORMAL,18.7,3.6,2.7,3.5
12606,0.2063,0,NORMAL,18.7,4.1,2.6,3.9
12607,0.1802,0,NORMAL,18.7,3.9,3.3,4.4
12608,0.1604,0,NORMAL,18.5,4.1,3.4,4.2
12609,0.1637,0,NORMAL,18.6,4.2,3.0,3.9
12610,0.1659,0,NORMAL,18.8,4.8,3.6,5.4
12611,0.145,0,NORMAL,18.7,4.8,3.7,4.5
12612,0.3336,0,NORMAL,18.8,5.2,3.4,4.7
12613,0.1694,0,NORMAL,18.7,3.9,2.9,4.4
12614,0.1692,0,NORMAL,18.5,3.7,2.5,3.7
12615,0.2136,0,NORMAL,18.8,4.0,2.6,3.9
12616,0.1595,0,NORMAL,18.8,4.4,3.9,5.6
12617,0.1412,0,NORMAL,18.5,3.5,2.6,3.7
12618,0.4331,0,NORMAL,18.8,4.4,3.6,5.4
12619,0.2241,0,NORMAL,18.7,4.7,3.5,4.8
12620,0.1246,0,NORMAL,18.7,4.1,3.3,4.4
12621,0.2821,0,NORMAL,18.7,4.0,2.8,4.4
12622,0.126,0,NORMAL,18.7,4.0,3.7,5.0
12623,1.0,0,ANOMALY,21.2,7.3,3.0,4.2
12624,0.2174,0,NORMAL,18.8,4.5,3.7,5.2
12625,0.1559,0,NORMAL,18.9,4.1,3.6,4.9
12626,0.2605,0,NORMAL,18.9,3.8,3.2,4.6
12627,0.1874,0,NORMAL,18.8,4.6,2.8,3.5
12628,0.2323,0,NORMAL,18.7,4.7,3.4,4.7
12629,0.7963,0,WARNING,18.7,7.6,3.2,4.5
12630,0.112,0,NORMAL,18.5,4.0,3.2,4.5
12631,0.2404,0,NORMAL,18.6,4.6,3.3,5.0
12632,0.1377,0,NORMAL,18.7,3.3,2.6,3.7
12633,0.3463,0,NORMAL,18.4,3.8,2.5,3.4
12634,0.1719,0,NORMAL,18.6,4.0,3.2,4.3
12635,0.2576,0,NORMAL,18.6,5.1,3.8,5.0
12636,0.1166,0,NORMAL,18.7,3.7,3.2,4.3
12637,0.1272,0,NORMAL,18.5,3.8,3.0,4.2
12638,0.4284,0,NORMAL,18.5,4.6,3.4,4.9
12639,0.1393,0,NORMAL,18.8,3.6,2.6,4.2
12640,0.2256,0,NORMAL,18.8,4.4,3.4,5.1
12641,0.2494,0,NORMAL,19.0,4.6,3.1,4.3
12642,0.2275,0,NORMAL,18.6,4.9,4.1,5.2
12643,0.0963,0,NORMAL,18.9,4.4,3.9,5.5
12644,0.254,0,NORMAL,18.6,5.1,3.4,4.2
12645,0.1209,0,NORMAL,18.7,4.3,2.9,4.2
12646,0.2633,0,NORMAL,18.7,4.2,3.8,5.1
12647,0.1172,0,NORMAL,18.6,3.8,3.5,4.7
12648,0.1178,0,NORMAL,18.7,4.1,3.3,5.0
12649,0.2141,0,NORMAL,18.9,5.1,4.2,5.7
12650,0.0994,0,NORMAL,18.7,4.2,3.4,5.0
12651,0.1667,0,NORMAL,18.8,4.3,3.1,4.7
12652,0.1673,0,NORMAL,18.9,4.9,4.2,5.5
12653,0.601,0,WARNING,18.9,5.5,4.1,5.7
12654,0.2559,0,NORMAL,18.9,4.1,3.4,4.7
12655,0.313,0,NORMAL,18.8,4.0,3.2,5.0
12656,0.1892,0,NORMAL,18.8,4.7,3.6,4.7
12657,0.2199,0,NORMAL,18.8,5.0,3.6,4.7
12658,0.3849,0,NORMAL,18.5,5.5,4.2,5.8
12659,0.1201,0,NORMAL,18.6,4.6,3.7,5.2
12660,0.1203,0,NORMAL,18.6,3.8,3.1,4.3
12661,0.1182,0,NORMAL,18.7,4.3,3.4,4.9
12662,0.118,0,NORMAL,18.7,4.2,3.5,4.8
12663,0.3459,0,NORMAL,18.7,4.6,3.5,4.3
12664,0.1207,0,NORMAL,18.7,3.9,3.5,4.5
12665,0.1961,0,NORMAL,18.7,5.1,4.4,5.3
12666,0.2395,0,NORMAL,18.8,4.1,2.8,3.8
12667,0.1325,0,NORMAL,18.8,3.9,3.0,3.9
12668,0.6602,0,WARNING,18.9,5.4,4.2,5.7
12669,0.1735,0,NORMAL,18.8,4.8,3.6,5.2
12670,0.1203,0,NORMAL,18.9,5.2,4.8,6.4
12671,0.0865,0,NORMAL,19.1,4.4,3.9,5.4
12672,0.3058,0,NORMAL,19.0,5.1,3.6,5.0
12673,0.153,0,NORMAL,18.6,4.6,3.8,5.4
12674,0.0743,0,NORMAL,18.9,4.1,3.7,5.2
12675,0.4205,0,NORMAL,18.9,5.1,4.2,5.5
12676,0.2277,0,NORMAL,18.7,3.9,3.6,5.0
12677,0.2761,0,NORMAL,18.6,4.5,3.3,4.3
12678,0.5115,0,NORMAL,18.9,5.1,4.3,5.7
12679,0.1199,0,NORMAL,18.8,4.7,4.4,6.4
12680,0.0844,0,NORMAL,18.6,4.1,3.5,4.9
12681,0.1264,0,NORMAL,18.7,4.2,3.8,5.7
12682,0.1793,0,NORMAL,18.7,4.7,3.5,5.0
12683,0.1203,0,NORMAL,18.7,4.7,3.8,5.0
12684,0.1735,0,NORMAL,18.7,4.8,5.5,7.1
12685,0.0983,0,NORMAL,18.7,4.1,3.6,4.9
12686,0.2665,0,NORMAL,19.1,5.8,4.5,5.5
12687,0.2307,0,NORMAL,18.8,5.1,4.7,5.9
12688,0.3132,0,NORMAL,18.8,5.1,4.7,6.7
12689,0.776,0,WARNING,19.1,7.8,4.9,6.4
12690,0.1242,0,NORMAL,19.0,4.2,3.8,5.6
12691,0.0953,0,NORMAL,19.0,4.6,4.1,5.9
12692,0.0925,0,NORMAL,18.9,4.6,4.0,5.5
12693,0.1131,0,NORMAL,18.9,4.4,3.7,5.4
12694,0.1253,0,NORMAL,18.6,4.0,4.0,6.1
12695,0.3326,0,NORMAL,18.8,5.2,3.5,5.2
12696,0.0814,0,NORMAL,18.9,4.4,4.0,5.5
12697,0.1891,0,NORMAL,18.9,3.8,3.5,4.9
12698,0.1068,0,NORMAL,19.0,5.1,4.6,6.0
12699,0.3096,0,NORMAL,18.8,5.2,4.8,6.4
12700,0.1296,0,NORMAL,18.9,4.8,3.7,5.4
12701,0.3431,0,NORMAL,19.0,5.3,4.1,5.4
12702,0.2182,0,NORMAL,18.7,4.7,3.7,4.7
12703,0.1226,0,NORMAL,18.9,4.1,2.7,4.2
12704,0.1934,0,NORMAL,18.9,4.1,2.9,4.0
12705,0.1301,0,NORMAL,18.8,4.0,3.6,5.4
12706,0.1183,0,NORMAL,18.6,4.4,3.6,4.7
12707,0.1177,0,NORMAL,18.8,3.8,3.6,4.9
12708,0.2018,0,NORMAL,18.8,4.5,3.9,5.5
12709,0.1819,0,NORMAL,18.8,4.2,4.1,5.7
12710,0.1339,0,NORMAL,18.8,4.3,3.1,4.2
12711,0.2711,0,NORMAL,18.8,4.0,3.5,5.6
12712,0.1962,0,NORMAL,18.8,4.4,3.9,6.0
12713,0.1209,0,NORMAL,18.8,4.3,3.6,4.8
12714,0.202,0,NORMAL,18.8,4.3,3.6,4.7
12715,0.1192,0,NORMAL,18.8,4.2,4.3,5.7
12716,0.2166,0,NORMAL,18.7,3.3,2.5,3.9
12717,0.2915,0,NORMAL,18.8,4.7,3.4,4.4
12718,0.2648,0,NORMAL,18.8,5.3,4.2,5.9
12719,0.3102,0,NORMAL,18.8,4.2,3.8,4.8
12720,0.1605,0,NORMAL,18.9,4.3,4.0,5.6
12721,0.1203,0,NORMAL,18.9,4.5,4.2,5.7
12722,0.335,0,NORMAL,19.0,5.1,4.5,6.2
12723,0.1235,0,NORMAL,18.9,4.2,3.1,4.3
12724,0.3354,0,NORMAL,19.0,4.7,3.7,5.4
12725,0.1165,0,NORMAL,19.0,4.6,3.9,5.4
12726,0.6116,0,WARNING,19.0,6.0,4.0,5.6
12727,0.2618,0,NORMAL,18.8,4.3,4.6,5.9
12728,0.1568,0,NORMAL,18.8,4.5,4.6,5.8
12729,0.1219,0,NORMAL,18.8,3.8,3.2,4.6
12730,0.2068,0,NORMAL,18.8,4.3,4.2,6.3
12731,0.1192,0,NORMAL,19.0,4.8,4.8,6.3
12732,0.3656,0,NORMAL,19.0,5.1,4.1,5.4
12733,0.8339,0,WARNING,19.1,5.6,3.7,5.4
12734,0.1746,0,NORMAL,18.8,4.4,3.9,5.4
12735,0.1213,0,NORMAL,18.9,4.3,3.5,5.1
12736,0.1199,0,NORMAL,19.0,4.4,4.5,6.4
12737,0.3306,0,NORMAL,18.7,4.0,4.2,5.9
12738,0.1228,0,NORMAL,18.7,4.3,4.7,6.3
12739,0.1234,0,NORMAL,18.9,4.3,4.0,5.9
12740,0.5526,0,NORMAL,18.7,3.8,3.1,4.5
12741,0.1224,0,NORMAL,18.7,4.2,3.2,4.2
12742,0.4921,0,NORMAL,18.9,4.5,3.4,4.9
12743,0.1996,0,NORMAL,19.0,5.1,4.6,7.0
12744,0.122,0,NORMAL,18.7,3.5,3.2,4.7
12745,0.3263,0,NORMAL,19.0,4.6,4.1,5.6
12746,0.2609,0,NORMAL,18.9,5.3,5.3,7.1
12747,0.3025,0,NORMAL,18.8,4.7,3.7,4.7
12748,0.2176,0,NORMAL,18.6,4.1,3.3,4.4
12749,0.7132,0,WARNING,18.9,7.1,3.9,5.0
12750,0.2698,0,NORMAL,18.7,4.7,3.8,5.2
12751,0.1195,0,NORMAL,18.9,4.6,4.4,5.4
12752,0.1201,0,NORMAL,18.9,3.9,3.7,5.2
12753,0.2978,0,NORMAL,18.8,4.3,3.8,5.2
12754,0.1455,0,NORMAL,19.0,4.0,3.4,5.6
12755,0.1203,0,NORMAL,19.0,4.4,3.7,5.2
12756,0.3814,0,NORMAL,19.1,4.1,4.2,5.7
12757,0.5557,0,NORMAL,19.0,5.3,4.2,5.7
12758,0.1002,0,NORMAL,18.8,4.4,3.9,5.9
12759,0.1916,0,NORMAL,19.0,4.6,4.8,6.4
12760,0.8392,0,WARNING,19.4,6.0,4.8,6.9
12761,0.2711,0,NORMAL,19.1,4.4,4.0,5.6
12762,0.252,0,NORMAL,19.1,4.7,4.3,5.4
12763,0.336,0,NORMAL,19.0,5.4,4.4,5.9
12764,0.4069,0,NORMAL,18.9,3.7,3.1,4.2
12765,0.0901,0,NORMAL,19.0,3.9,4.0,5.2
12766,0.3368,0,NORMAL,19.0,4.6,4.2,5.0
12767,0.145,0,NORMAL,19.1,4.2,3.5,5.4
12768,0.0907,0,NORMAL,18.9,4.3,3.8,5.2
12769,0.2048,0,NORMAL,19.0,4.3,3.9,5.2
12770,0.1303,0,NORMAL,18.8,4.7,3.6,5.0
12771,0.1193,0,NORMAL,19.0,4.6,3.8,5.4
12772,0.12,0,NORMAL,18.8,4.5,3.8,5.8
12773,0.1732,0,NORMAL,19.1,4.3,5.0,6.9
12774,0.1163,0,NORMAL,19.1,4.1,3.7,5.1
12775,0.1285,0,NORMAL,18.9,4.3,3.3,5.1
12776,0.341,0,NORMAL,19.1,4.4,4.0,5.6
12777,0.1354,0,NORMAL,18.9,4.2,3.7,5.7
12778,0.3139,0,NORMAL,18.9,4.9,4.6,6.3
12779,0.1,0,NORMAL,19.0,4.2,3.9,5.6
12780,0.1796,0,NORMAL,18.8,4.5,3.6,5.4
12781,0.4647,0,NORMAL,19.0,3.4,2.6,3.9
12782,0.1223,0,NORMAL,19.1,4.3,3.8,5.4
12783,0.1308,0,NORMAL,19.1,4.2,3.2,4.7
12784,0.1493,0,NORMAL,18.8,4.2,3.6,5.0
12785,0.4212,0,NORMAL,19.1,4.4,4.7,5.9
12786,0.4857,0,NORMAL,18.9,3.9,4.4,5.5
12787,0.2674,0,NORMAL,18.9,4.2,3.5,5.4
12788,0.0891,0,NORMAL,19.0,3.8,4.1,5.6
12789,0.1204,0,NORMAL,19.0,4.1,3.3,4.4
12790,0.3256,0,NORMAL,18.8,4.3,4.5,6.6
12791,0.1887,0,NORMAL,19.0,4.9,4.4,5.9
12792,0.1355,0,NORMAL,18.8,4.6,4.2,5.7
12793,0.2506,0,NORMAL,19.1,4.6,4.1,5.9
12794,0.4917,0,NORMAL,19.0,5.6,3.9,5.2
12795,0.2291,0,NORMAL,19.1,4.2,4.3,5.4
12796,0.1209,0,NORMAL,19.1,4.0,3.3,4.6
12797,0.3077,0,NORMAL,19.1,3.8,3.7,5.4
12798,0.1985,0,NORMAL,19.1,4.5,3.6,5.4
12799,0.3354,0,NORMAL,19.0,4.9,3.8,5.0
12800,0.0995,0,NORMAL,18.9,4.2,3.8,5.4
12801,0.1224,0,NORMAL,19.0,4.5,3.8,5.7
12802,0.0975,0,NORMAL,19.0,4.1,3.8,5.1
12803,0.1831,0,NORMAL,19.0,4.4,3.6,4.9
12804,0.332,0,NORMAL,18.8,4.6,4.2,5.9
12805,0.0792,0,NORMAL,19.1,4.6,4.4,5.5
12806,0.1214,0,NORMAL,19.1,4.4,4.0,4.9
12807,0.2227,0,NORMAL,19.1,4.7,4.3,5.5
12808,0.1442,0,NORMAL,18.9,4.5,3.6,4.6
12809,0.1806,0,NORMAL,19.0,5.1,4.2,5.7
12810,0.2113,0,NORMAL,19.1,4.9,4.0,5.4
12811,0.1233,0,NORMAL,19.0,4.4,3.6,5.0
12812,0.1185,0,NORMAL,19.1,4.4,3.7,5.0
12813,0.7712,0,WARNING,18.9,7.1,4.4,5.7
12814,0.1539,0,NORMAL,18.9,4.2,4.4,5.7
12815,0.1928,0,NORMAL,19.0,4.6,3.8,5.2
12816,0.1952,0,NORMAL,19.1,4.4,3.4,4.4
12817,0.2727,0,NORMAL,19.1,3.8,4.0,4.8
12818,0.2013,0,NORMAL,19.0,4.3,3.7,5.0
12819,0.4644,0,NORMAL,19.1,5.3,4.5,5.7
12820,0.205,0,NORMAL,19.0,4.9,4.7,6.4
12821,0.274,0,NORMAL,19.1,5.0,4.7,6.4
12822,0.1628,0,NORMAL,19.3,5.2,4.6,5.5
12823,0.3197,0,NORMAL,18.9,4.6,3.5,5.4
12824,0.2665,0,NORMAL,18.8,4.7,5.1,6.9
12825,0.1991,0,NORMAL,18.8,4.2,3.9,5.2
12826,0.1333,0,NORMAL,18.8,4.1,3.5,4.2
12827,0.2321,0,NORMAL,18.9,3.8,3.6,5.2
12828,0.1997,0,NORMAL,18.8,3.7,3.5,5.0
12829,0.1306,0,NORMAL,19.1,4.7,3.5,4.7
12830,0.2117,0,NORMAL,18.9,4.4,4.5,6.4
12831,0.2767,0,NORMAL,19.1,3.9,3.5,4.9
12832,0.2115,0,NORMAL,19.1,4.0,3.7,4.9
12833,0.3545,0,NORMAL,19.1,3.7,3.6,5.2
12834,0.2399,0,NORMAL,19.1,5.1,3.4,4.7
12835,0.1189,0,NORMAL,19.1,3.9,3.6,5.1
12836,0.1946,0,NORMAL,19.2,3.9,3.3,5.1
12837,0.2169,0,NORMAL,19.2,4.1,3.5,5.2
12838,0.3057,0,NORMAL,19.2,4.6,3.3,4.7
12839,0.2162,0,NORMAL,19.1,4.0,3.1,4.3
12840,0.118,0,NORMAL,19.1,3.9,3.7,5.0
12841,0.1331,0,NORMAL,19.3,4.3,4.3,6.0
12842,0.1566,0,NORMAL,19.1,4.2,4.7,6.2
12843,0.2935,0,NORMAL,19.3,3.8,3.8,5.4
12844,0.1933,0,NORMAL,18.9,4.3,3.2,4.9
12845,0.1194,0,NORMAL,18.7,3.9,3.1,4.3
12846,0.4192,0,NORMAL,19.1,5.0,3.8,5.2
12847,0.2323,0,NORMAL,19.1,3.9,4.2,5.4
12848,0.2253,0,NORMAL,19.0,4.5,4.5,6.3
12849,0.1013,0,NORMAL,19.3,4.7,4.2,5.9
12850,0.1825,0,NORMAL,19.1,4.0,3.7,5.6
12851,0.2232,0,NORMAL,19.4,4.9,4.5,7.1
12852,0.3174,0,NORMAL,19.2,5.9,4.8,6.2
12853,0.1718,0,NORMAL,19.0,4.5,5.1,7.2
12854,0.2038,0,NORMAL,19.2,5.1,4.3,5.9
12855,0.1246,0,NORMAL,19.1,3.5,3.5,4.9
12856,0.2081,0,NORMAL,18.9,3.7,3.4,5.1
12857,0.4156,0,NORMAL,19.2,4.6,4.8,6.8
12858,0.1188,0,NORMAL,19.2,4.3,4.2,6.1
12859,0.1189,0,NORMAL,19.2,4.8,3.8,5.9
12860,0.1224,0,NORMAL,19.2,4.2,3.7,4.7
12861,0.1432,0,NORMAL,19.2,4.4,4.2,5.9
12862,0.1335,0,NORMAL,19.2,4.3,4.1,6.1
12863,0.1192,0,NORMAL,19.2,3.9,4.4,6.4
12864,0.1235,0,NORMAL,18.9,4.4,3.8,5.1
12865,0.1864,0,NORMAL,19.0,4.3,4.7,6.1
12866,0.347,0,NORMAL,19.3,5.0,4.0,5.9
12867,0.2948,0,NORMAL,19.2,4.6,3.3,4.9
12868,0.1532,0,NORMAL,19.1,4.9,5.4,6.4
12869,0.7569,0,WARNING,19.5,7.4,3.9,5.2
12870,0.1219,0,NORMAL,19.1,4.3,3.5,4.7
12871,0.2532,0,NORMAL,19.0,3.4,3.1,4.5
12872,0.2941,0,NORMAL,19.1,3.9,3.3,5.6
12873,0.1738,0,NORMAL,19.2,4.6,5.0,6.9
12874,0.106,0,NORMAL,19.2,4.3,3.6,4.9
12875,0.0986,0,NORMAL,19.3,4.2,4.2,5.9
12876,0.4191,0,NORMAL,19.1,4.2,4.3,5.9
12877,0.3167,0,NORMAL,19.0,4.0,4.5,6.6
12878,0.2624,0,NORMAL,19.2,3.6,3.5,5.4
12879,0.1703,0,NORMAL,19.1,4.5,3.6,5.4
12880,0.0966,0,NORMAL,19.2,4.6,4.2,5.5
12881,0.268,0,NORMAL,19.2,5.1,4.8,7.3
12882,0.1714,0,NORMAL,19.2,4.9,4.2,6.4
12883,0.2901,0,NORMAL,19.0,4.9,5.3,7.8
12884,0.1579,0,NORMAL,18.9,3.9,4.3,5.7
12885,0.1702,0,NORMAL,19.1,4.7,4.2,5.7
12886,0.2224,0,NORMAL,18.9,3.9,5.1,7.4
12887,0.1694,0,NORMAL,19.0,4.2,4.8,6.4
12888,0.1888,0,NORMAL,19.3,4.7,4.4,6.5
12889,0.8356,0,WARNING,19.4,5.4,4.6,6.8
12890,0.1715,0,NORMAL,19.1,4.8,4.4,6.6
12891,0.2935,0,NORMAL,18.9,4.4,5.2,6.9
12892,0.1176,0,NORMAL,19.2,4.6,4.9,6.4
12893,0.2215,0,NORMAL,19.1,4.5,5.0,7.4
12894,0.1349,0,NORMAL,19.1,4.0,4.0,4.1
12895,0.2038,0,NORMAL,18.9,5.1,5.0,6.1
12896,0.1719,0,NORMAL,19.3,4.3,5.6,7.3
12897,0.4209,0,NORMAL,19.5,6.4,6.6,5.1
12898,0.1412,0,NORMAL,19.4,5.1,5.8,5.5
12899,0.191,0,NORMAL,19.4,5.6,5.4,6.8
12900,0.1029,0,NORMAL,19.4,4.3,4.9,5.0
12901,0.1719,0,NORMAL,19.4,4.9,5.4,4.3
12902,0.1663,0,NORMAL,19.2,5.2,5.3,5.2
12903,0.1194,0,NORMAL,19.2,4.7,5.3,6.7
12904,0.1553,0,NORMAL,19.2,4.4,4.6,6.3
12905,0.1451,0,NORMAL,19.2,4.5,5.2,6.6
12906,0.2938,0,NORMAL,19.4,4.6,4.8,3.9
12907,0.3767,0,NORMAL,19.3,5.0,6.2,6.0
12908,0.1687,0,NORMAL,19.3,4.7,5.0,6.2
12909,0.1188,0,NORMAL,19.3,5.5,5.2,5.6
12910,0.1475,0,NORMAL,19.3,4.7,5.1,5.1
12911,0.1545,0,NORMAL,19.5,4.9,6.4,6.8
12912,0.2771,0,NORMAL,19.4,5.7,5.0,5.7
12913,0.1653,0,NORMAL,19.5,5.5,5.1,6.2
12914,0.1217,0,NORMAL,19.5,5.6,5.9,5.8
12915,0.1723,0,NORMAL,19.5,5.4,5.3,3.9
12916,0.1463,0,NORMAL,19.3,4.2,4.9,6.2
12917,0.2217,0,NORMAL,19.4,5.3,6.5,7.9
12918,0.2219,0,NORMAL,19.3,5.3,5.8,4.1
12919,0.174,0,NORMAL,19.6,5.3,6.0,6.1
12920,0.1703,0,NORMAL,19.3,5.4,6.1,7.4
12921,0.1445,0,NORMAL,19.3,4.4,5.8,5.3
12922,0.2193,0,NORMAL,19.8,6.0,7.6,6.7
12923,0.2098,0,NORMAL,19.8,5.3,6.1,7.2
12924,0.1764,0,NORMAL,19.6,5.7,5.8,5.4
12925,0.1691,0,NORMAL,19.4,5.5,6.6,6.0
12926,0.3915,0,NORMAL,19.0,5.9,6.0,7.2
12927,0.1353,0,NORMAL,19.0,4.5,5.7,6.0
12928,0.1721,0,NORMAL,19.4,5.6,5.9,5.3
12929,0.7587,0,WARNING,19.5,8.6,6.5,7.0
12930,0.1864,0,NORMAL,19.4,5.3,5.5,6.2
12931,0.1781,0,NORMAL,19.4,4.2,5.5,5.2
12932,0.221,0,NORMAL,19.5,6.0,6.4,5.7
12933,0.1141,0,NORMAL,19.5,4.5,5.2,5.7
12934,0.1921,0,NORMAL,19.6,6.2,6.3,6.5
12935,0.1471,0,NORMAL,19.4,4.7,5.7,5.5
12936,0.1817,0,NORMAL,19.4,4.7,5.9,6.1
12937,0.1788,0,NORMAL,19.4,4.6,4.9,5.5
12938,0.1398,0,NORMAL,19.5,4.6,5.8,5.8
12939,0.1761,0,NORMAL,19.5,5.5,6.1,5.5
12940,0.2497,0,NORMAL,19.6,5.5,5.0,5.5
12941,0.1781,0,NORMAL,19.6,4.8,6.8,7.4
12942,0.5638,0,NORMAL,19.6,6.6,4.8,4.8
12943,0.177,0,NORMAL,19.5,4.6,4.8,4.8
12944,0.1627,0,NORMAL,19.6,4.8,5.3,6.0
12945,0.1706,0,NORMAL,19.3,4.8,4.9,5.9
12946,0.1176,0,NORMAL,19.4,4.8,5.5,5.1
12947,0.1731,0,NORMAL,19.6,5.1,6.5,5.8
12948,0.2268,0,NORMAL,19.6,4.2,4.6,5.8
12949,0.1584,0,NORMAL,19.5,5.3,5.1,5.3
12950,0.2382,0,NORMAL,19.5,5.4,5.0,6.1
12951,0.4177,0,NORMAL,19.6,4.6,6.0,6.4
12952,0.1683,0,NORMAL,19.5,4.7,5.3,4.6
12953,0.3003,0,NORMAL,19.5,5.4,5.6,5.5
12954,0.1729,0,NORMAL,19.5,5.3,5.1,6.0
12955,0.1655,0,NORMAL,19.5,4.5,4.0,4.7
12956,0.1723,0,NORMAL,19.5,5.0,5.4,7.0
12957,0.4144,0,NORMAL,19.6,6.1,5.9,6.8
12958,0.5204,0,NORMAL,19.5,4.9,5.2,3.7
12959,0.1983,0,NORMAL,19.5,5.1,5.2,5.1
12960,0.168,0,NORMAL,19.3,4.0,4.4,5.4
12961,0.2223,0,NORMAL,19.5,4.8,5.1,7.4
12962,0.1416,0,NORMAL,19.5,4.5,4.8,5.2
12963,0.2704,0,NORMAL,19.2,4.4,4.6,3.2
12964,0.1708,0,NORMAL,19.1,4.3,4.4,5.9
12965,0.2659,0,NORMAL,19.5,4.6,4.4,6.2
12966,0.1898,0,NORMAL,19.5,5.4,5.3,6.5
12967,0.146,0,NORMAL,19.3,3.9,3.7,4.9
12968,0.2699,0,NORMAL,19.5,5.1,6.2,8.1
12969,0.1593,0,NORMAL,19.6,4.8,4.9,4.8
12970,0.1717,0,NORMAL,19.6,4.7,5.3,4.1
12971,0.1645,0,NORMAL,19.7,5.0,5.7,6.9
12972,0.2561,0,NORMAL,19.6,5.3,4.9,6.2
12973,0.1948,0,NORMAL,19.4,4.5,5.1,4.7
12974,0.4753,0,NORMAL,19.3,4.6,5.5,5.7
12975,0.1683,0,NORMAL,19.6,4.5,4.9,5.5
12976,0.1765,0,NORMAL,19.3,4.3,3.8,5.0
12977,0.1377,0,NORMAL,19.4,5.3,5.3,6.7
12978,0.1877,0,NORMAL,19.7,4.7,5.5,7.3
12979,0.1641,0,NORMAL,19.4,4.2,4.9,5.5
12980,0.1619,0,NORMAL,19.5,4.7,4.6,5.7
12981,0.3677,0,NORMAL,19.2,3.8,4.8,6.6
12982,0.1504,0,NORMAL,19.5,4.8,4.7,6.4
12983,0.144,0,NORMAL,19.4,4.9,4.5,5.9
12984,0.1776,0,NORMAL,19.4,3.9,4.1,6.4
12985,0.8374,0,WARNING,19.9,5.0,4.7,6.1
12986,0.1484,0,NORMAL,19.7,5.1,5.1,6.4
12987,0.4597,0,NORMAL,19.6,5.1,3.7,4.7
12988,0.1411,0,NORMAL,19.7,4.8,4.6,6.2
12989,0.1296,0,NORMAL,19.6,4.8,4.8,6.6
12990,0.147,0,NORMAL,19.3,4.9,4.5,6.0
12991,0.1396,0,NORMAL,19.5,3.9,4.5,5.8
12992,0.2911,0,NORMAL,19.6,4.4,4.4,5.9
12993,0.7107,0,WARNING,19.7,7.1,4.1,6.1
12994,0.1354,0,NORMAL,19.7,5.1,4.7,6.4
12995,0.1351,0,NORMAL,19.6,4.7,4.3,6.5
12996,0.1348,0,NORMAL,19.4,3.8,3.6,5.2
12997,0.1727,0,NORMAL,19.6,4.4,4.8,6.9
12998,0.1401,0,NORMAL,19.5,4.5,3.6,5.0
12999,0.2646,0,NORMAL,19.5,4.8,5.4,6.6
13000,0.1497,0,NORMAL,19.6,4.5,3.4,4.7
13001,0.2494,0,NORMAL,19.7,4.7,4.7,6.7
13002,0.1562,0,NORMAL,19.6,4.9,3.8,5.6
13003,0.2968,0,NORMAL,19.3,4.7,3.6,5.0
13004,0.1328,0,NORMAL,19.4,4.0,3.7,5.2
13005,0.304,0,NORMAL,19.2,4.4,4.7,6.1
13006,0.3877,0,NORMAL,19.5,4.3,4.9,6.4
13007,0.1391,0,NORMAL,19.5,4.8,4.5,6.0
13008,0.3762,0,NORMAL,19.4,4.3,5.0,6.7
13009,0.1714,0,NORMAL,19.6,5.3,5.3,7.2
13010,0.163,0,NORMAL,19.4,4.5,3.6,4.6
13011,0.1723,0,NORMAL,19.5,5.3,5.7,7.4
13012,0.1293,0,NORMAL,19.4,4.0,3.7,5.3
13013,0.1423,0,NORMAL,19.5,4.8,4.2,6.1
13014,0.1585,0,NORMAL,19.3,3.9,4.5,6.3
13015,0.2332,0,NORMAL,19.4,5.0,4.5,6.2
13016,0.1383,0,NORMAL,19.4,4.2,4.1,5.7
13017,0.3767,0,NORMAL,19.4,5.3,4.6,5.7
13018,0.1454,0,NORMAL,19.5,4.6,4.9,6.6
13019,0.1533,0,NORMAL,19.4,3.8,3.9,5.5
13020,0.2326,0,NORMAL,19.6,4.7,4.3,5.6
13021,0.2088,0,NORMAL,19.5,3.9,4.2,6.2
13022,0.13,0,NORMAL,19.3,4.8,5.8,6.2
13023,0.3357,0,NORMAL,18.8,3.9,3.8,3.1
13024,0.2448,0,NORMAL,18.7,5.3,4.8,4.5
13025,0.1728,0,NORMAL,18.5,5.1,5.4,7.1
13026,0.2141,0,NORMAL,18.3,4.7,3.5,4.2
13027,0.1046,0,NORMAL,18.7,4.1,4.1,5.0
13028,0.1198,0,NORMAL,19.0,4.7,4.5,6.0
13029,0.1475,0,NORMAL,18.9,4.5,4.1,5.9
13030,0.2981,0,NORMAL,18.8,5.3,4.4,5.9
13031,0.1188,0,NORMAL,18.8,4.2,4.4,6.2
13032,0.5155,0,NORMAL,18.9,5.9,3.9,5.4
13033,0.335,0,NORMAL,19.1,5.4,4.8,6.3
13034,0.1533,0,NORMAL,19.2,4.7,4.5,5.7
13035,0.1297,0,NORMAL,19.1,3.9,3.5,4.5
13036,0.1297,0,NORMAL,19.4,4.3,4.2,5.5
13037,0.1325,0,NORMAL,19.2,4.3,4.1,5.9
13038,0.2122,0,NORMAL,19.6,4.3,4.4,6.4
13039,0.1441,0,NORMAL,19.6,4.1,4.2,5.7
13040,0.1469,0,NORMAL,19.6,4.3,4.4,6.4
13041,0.3724,0,NORMAL,19.6,5.2,4.6,5.7
13042,0.1439,0,NORMAL,19.6,5.4,4.7,5.8
13043,0.2882,0,NORMAL,19.5,4.5,5.5,6.7
13044,0.2295,0,NORMAL,19.4,4.8,4.6,6.3
13045,0.4811,0,NORMAL,19.4,5.1,4.0,5.0
13046,0.1439,0,NORMAL,19.5,4.5,3.6,4.9
13047,0.1571,0,NORMAL,19.6,4.3,3.8,5.4
13048,0.4862,0,NORMAL,19.4,5.6,3.8,5.2
13049,0.1356,0,NORMAL,19.5,4.8,4.1,5.4
13050,0.1298,0,NORMAL,19.4,4.4,4.8,5.9
13051,0.1297,0,NORMAL,19.3,5.0,4.3,5.7
13052,0.2392,0,NORMAL,19.1,4.7,3.6,4.9
13053,0.2546,0,NORMAL,19.3,4.1,4.6,6.2
13054,0.7163,0,WARNING,19.2,7.2,4.8,5.9
13055,0.2804,0,NORMAL,19.2,5.0,4.6,6.4
13056,0.1641,0,NORMAL,19.3,4.7,4.7,6.2
13057,0.9951,0,ANOMALY,20.1,5.5,3.7,5.0
13058,0.1532,0,NORMAL,19.5,4.9,4.5,6.4
13059,0.3245,0,NORMAL,19.5,3.5,3.3,4.4
13060,0.1471,0,NORMAL,19.6,4.3,3.5,5.6
13061,0.2235,0,NORMAL,19.3,5.1,5.5,7.6
13062,0.3062,0,NORMAL,19.3,5.1,4.3,5.2
13063,0.2187,0,NORMAL,19.1,5.1,4.0,5.4
13064,0.1326,0,NORMAL,19.1,4.4,3.7,5.2
13065,0.2992,0,NORMAL,19.3,4.8,4.8,6.7
13066,0.2122,0,NORMAL,19.3,3.9,4.6,5.3
13067,0.2856,0,NORMAL,19.3,5.2,4.9,5.9
13068,0.4363,0,NORMAL,19.3,3.6,3.8,4.5
13069,0.1776,0,NORMAL,19.6,4.9,4.3,5.9
13070,0.1781,0,NORMAL,19.5,4.7,4.5,6.2
13071,0.1382,0,NORMAL,19.4,3.8,3.6,5.0
13072,0.1546,0,NORMAL,19.4,4.3,3.6,4.7
13073,0.147,0,NORMAL,19.7,4.3,4.3,5.7
13074,0.173,0,NORMAL,19.4,4.1,4.4,6.6
13075,0.1435,0,NORMAL,19.5,5.0,3.5,4.9
13076,0.1414,0,NORMAL,19.3,3.8,3.8,5.5
13077,0.4498,0,NORMAL,19.4,5.3,3.8,4.9
13078,0.1719,0,NORMAL,19.4,3.5,3.3,4.9
13079,0.2436,0,NORMAL,19.6,5.0,4.2,5.5
13080,0.1443,0,NORMAL,19.6,3.8,3.5,4.9
13081,0.2497,0,NORMAL,19.6,5.2,4.6,6.0
13082,0.1356,0,NORMAL,19.5,3.8,4.4,5.7
13083,0.1596,0,NORMAL,19.2,3.8,3.9,5.0
13084,0.1327,0,NORMAL,19.4,4.0,3.3,5.4
13085,0.1358,0,NORMAL,19.4,4.6,4.1,5.7
13086,0.1386,0,NORMAL,19.5,3.7,3.7,5.0
13087,0.1477,0,NORMAL,19.6,4.2,3.3,5.1
13088,0.2239,0,NORMAL,19.5,3.9,3.9,5.2
13089,0.4848,0,NORMAL,19.5,4.6,3.6,4.9
13090,0.4527,0,NORMAL,19.4,4.9,4.6,7.2
13091,0.2873,0,NORMAL,19.2,4.5,3.6,4.9
13092,0.1212,0,NORMAL,19.5,4.9,4.8,6.4
13093,0.2736,0,NORMAL,19.2,4.9,3.8,5.0
13094,0.1806,0,NORMAL,19.3,4.5,4.3,5.9
13095,0.1239,0,NORMAL,19.5,4.5,4.4,5.2
13096,0.1998,0,NORMAL,19.4,4.6,3.4,4.4
13097,0.2855,0,NORMAL,19.5,3.9,3.7,5.4
13098,0.2084,0,NORMAL,19.2,4.1,3.8,5.5
13099,0.2397,0,NORMAL,19.3,4.3,3.8,5.6
13100,0.3465,0,NORMAL,19.0,4.6,4.1,5.4
13101,0.1857,0,NORMAL,19.2,4.5,3.6,5.4
13102,0.2166,0,NORMAL,19.1,3.7,3.5,4.7
13103,0.1272,0,NORMAL,19.4,4.3,3.8,5.1
13104,0.2559,0,NORMAL,19.6,4.2,4.4,6.2
13105,0.13,0,NORMAL,19.5,4.4,4.0,5.2
13106,0.1739,0,NORMAL,19.7,4.8,4.9,6.6
13107,0.1326,0,NORMAL,19.6,4.0,3.4,4.7
13108,0.5164,0,NORMAL,19.5,5.6,3.5,4.7
13109,0.8356,0,WARNING,19.7,5.1,4.7,6.0
13110,0.696,0,WARNING,19.5,7.4,4.6,5.7
13111,0.2708,0,NORMAL,19.2,4.3,3.2,4.7
13112,0.1201,0,NORMAL,19.2,4.3,3.8,5.5
13113,0.3769,0,NORMAL,19.2,3.7,4.7,6.4
13114,0.306,0,NORMAL,19.5,4.3,4.3,5.7
13115,0.2132,0,NORMAL,19.4,4.5,3.5,4.3
13116,0.1328,0,NORMAL,19.3,4.5,3.6,4.9
13117,0.3535,0,NORMAL,19.3,3.9,3.9,5.8
13118,0.1766,0,NORMAL,19.3,4.1,4.3,5.5
13119,0.1841,0,NORMAL,19.5,4.6,3.8,5.5
13120,0.1328,0,NORMAL,19.5,4.6,4.4,6.4
13121,0.1725,0,NORMAL,19.5,5.1,5.0,6.8
13122,0.1352,0,NORMAL,19.6,4.5,3.9,5.4
13123,0.4106,0,NORMAL,19.3,5.2,3.8,5.0
13124,0.1542,0,NORMAL,19.3,3.8,3.2,5.0
13125,0.1735,0,NORMAL,19.3,4.6,5.0,6.9
13126,0.1723,0,NORMAL,19.4,4.8,5.3,7.1
13127,0.2177,0,NORMAL,19.3,3.9,3.8,4.8
13128,0.4121,0,NORMAL,19.5,4.2,4.0,5.4
13129,0.1704,0,NORMAL,19.4,4.6,3.7,4.5
13130,0.2092,0,NORMAL,19.5,5.1,5.1,6.4
13131,0.1525,0,NORMAL,19.2,3.6,3.6,4.7
13132,0.1356,0,NORMAL,19.6,4.6,4.6,6.2
13133,0.1432,0,NORMAL,19.5,4.7,4.3,5.7
13134,0.3609,0,NORMAL,19.2,4.1,4.2,6.1
13135,0.1521,0,NORMAL,19.2,4.4,4.9,6.4
13136,0.1353,0,NORMAL,19.5,4.2,4.4,6.0
13137,0.3917,0,NORMAL,19.2,5.6,4.2,5.4
13138,0.2032,0,NORMAL,19.6,5.0,4.0,5.5
13139,0.2889,0,NORMAL,19.5,3.6,3.5,4.9
13140,0.1357,0,NORMAL,19.4,5.1,4.0,4.7
13141,0.1712,0,NORMAL,19.2,4.0,3.7,5.2
13142,0.1669,0,NORMAL,19.6,5.0,4.1,6.0
13143,0.2232,0,NORMAL,19.7,5.0,5.6,7.6
13144,0.1381,0,NORMAL,19.5,3.8,3.6,5.2
13145,0.1412,0,NORMAL,19.6,4.4,3.9,5.5
13146,0.2204,0,NORMAL,19.4,4.7,4.2,5.7
13147,0.1412,0,NORMAL,19.4,4.2,4.4,6.2
13148,0.29,0,NORMAL,19.5,4.8,3.8,5.0
13149,0.1556,0,NORMAL,19.6,4.0,4.3,6.1
13150,0.1726,0,NORMAL,19.4,4.7,5.1,6.9
13151,0.4099,0,NORMAL,19.5,5.1,3.9,5.6
13152,0.1723,0,NORMAL,19.7,5.2,5.2,7.1
13153,0.2023,0,NORMAL,19.5,4.4,5.0,6.4
13154,0.1686,0,NORMAL,19.5,4.6,4.6,5.7
13155,0.1522,0,NORMAL,19.5,4.3,4.7,6.3
13156,0.2139,0,NORMAL,19.5,3.7,4.1,5.7
13157,0.2955,0,NORMAL,19.5,4.7,5.0,7.6
13158,0.1506,0,NORMAL,19.4,4.5,5.4,4.4
13159,0.2209,0,NORMAL,19.7,4.6,4.3,3.2
13160,0.2366,0,NORMAL,19.5,4.8,5.3,7.2
13161,0.4179,0,NORMAL,19.7,5.8,4.7,6.7
13162,0.5939,0,NORMAL,19.4,4.4,5.7,4.6
13163,0.4177,0,NORMAL,19.7,5.4,4.4,3.5
13164,0.1645,0,NORMAL,19.4,4.3,4.8,6.1
13165,0.2608,0,NORMAL,19.6,4.5,4.7,6.7
13166,0.2755,0,NORMAL,19.7,5.6,5.1,6.9
13167,0.3241,0,NORMAL,19.5,6.0,6.0,5.1
13168,0.1723,0,NORMAL,19.7,4.8,5.3,3.9
13169,0.1714,0,NORMAL,19.6,5.2,4.6,5.5
13170,0.1718,0,NORMAL,19.7,5.2,5.4,6.9
13171,0.2036,0,NORMAL,19.8,5.3,5.3,6.9
13172,0.1717,0,NORMAL,19.7,4.5,5.0,5.3
13173,0.2798,0,NORMAL,19.9,4.4,4.8,5.2
13174,0.1645,0,NORMAL,19.9,4.7,5.0,6.0
13175,0.1402,0,NORMAL,19.2,4.7,4.8,5.0
13176,0.172,0,NORMAL,19.4,4.7,4.8,6.8
13177,0.1556,0,NORMAL,19.6,4.1,4.6,6.2
13178,0.1664,0,NORMAL,19.4,4.4,4.8,4.1
13179,0.1722,0,NORMAL,19.5,5.2,5.4,7.2
13180,0.2101,0,NORMAL,19.4,5.5,5.7,6.0
13181,0.1902,0,NORMAL,19.4,5.5,5.4,4.1
13182,0.1524,0,NORMAL,19.4,4.0,4.6,6.1
13183,0.3764,0,NORMAL,19.3,5.8,5.0,6.0
13184,0.2438,0,NORMAL,19.3,4.7,4.5,4.9
13185,0.1473,0,NORMAL,19.4,4.7,4.8,6.5
13186,0.4366,0,NORMAL,19.3,5.8,6.1,7.4
13187,0.1719,0,NORMAL,19.4,4.3,5.5,4.1
13188,0.273,0,NORMAL,19.5,4.8,4.5,4.1
13189,0.172,0,NORMAL,19.4,4.8,6.0,7.5
13190,0.1581,0,NORMAL,19.2,5.5,6.2,6.2
13191,0.1723,0,NORMAL,19.4,5.1,6.1,4.5
13192,0.1658,0,NORMAL,19.4,5.5,5.5,6.9
13193,0.1406,0,NORMAL,19.4,4.6,4.9,5.7
13194,0.1725,0,NORMAL,19.4,5.2,4.9,4.6
13195,0.1538,0,NORMAL,19.1,4.3,4.5,4.1
13196,0.1189,0,NORMAL,19.2,5.1,5.5,6.7
13197,0.3079,0,NORMAL,19.5,5.7,4.7,6.2
13198,0.1739,0,NORMAL,19.5,5.5,5.8,7.2
13199,0.1344,0,NORMAL,19.4,4.7,4.8,4.6
13200,0.2385,0,NORMAL,19.4,5.5,6.2,4.9
13201,0.1496,0,NORMAL,19.3,5.2,5.6,6.1
13202,0.1592,0,NORMAL,19.5,4.2,4.3,5.9
13203,0.1906,0,NORMAL,19.3,4.8,5.9,5.8
13204,0.2213,0,NORMAL,19.3,4.8,4.4,3.1
13205,0.1138,0,NORMAL,19.2,4.3,4.6,5.3
13206,0.2226,0,NORMAL,19.4,4.1,4.8,7.2
13207,0.244,0,NORMAL,19.4,4.5,5.7,6.7
13208,0.2212,0,NORMAL,19.4,5.0,5.3,3.5
13209,0.1262,0,NORMAL,19.7,5.7,5.9,5.8
13210,0.2687,0,NORMAL,19.5,4.4,6.0,8.1
13211,0.2755,0,NORMAL,19.4,4.6,4.2,3.4
13212,0.3148,0,NORMAL,19.5,5.8,5.9,5.8
13213,0.1725,0,NORMAL,19.6,4.9,4.5,6.2
13214,0.1338,0,NORMAL,19.6,4.8,5.2,5.5
13215,0.1235,0,NORMAL,19.3,4.8,4.4,4.6
13216,0.2697,0,NORMAL,19.5,4.8,5.7,8.1
13217,0.1312,0,NORMAL,19.6,5.5,6.0,5.1
13218,0.2211,0,NORMAL,19.6,5.6,5.9,7.9
13219,0.1785,0,NORMAL,19.6,5.2,5.6,5.7
13220,0.1722,0,NORMAL,19.5,4.2,4.5,3.9
13221,0.3308,0,NORMAL,19.5,5.5,5.7,6.8
13222,0.4241,0,NORMAL,19.5,5.4,6.4,7.6
13223,0.2722,0,NORMAL,19.4,5.6,6.1,5.1
13224,0.2233,0,NORMAL,19.6,4.9,5.8,6.7
13225,0.138,0,NORMAL,19.4,5.2,5.3,6.4
13226,0.1561,0,NORMAL,19.6,5.2,5.2,5.2
13227,0.2233,0,NORMAL,19.6,5.3,5.0,4.4
13228,0.1548,0,NORMAL,19.6,4.4,5.0,6.4
13229,0.1448,0,NORMAL,19.6,5.4,5.5,6.3
13230,0.1782,0,NORMAL,19.6,4.8,4.9,4.1
13231,0.1712,0,NORMAL,19.7,6.0,5.9,6.7
13232,0.2298,0,NORMAL,19.6,4.8,5.8,6.0
13233,0.7329,0,WARNING,19.6,7.9,6.2,5.3
13234,0.2124,0,NORMAL,19.7,5.3,5.5,5.8
13235,0.1289,0,NORMAL,19.6,5.0,5.6,6.7
13236,0.1313,0,NORMAL,19.6,4.9,5.6,5.6
13237,0.1359,0,NORMAL,19.7,5.8,5.8,5.3
13238,0.1322,0,NORMAL,19.6,5.7,5.5,6.0
13239,0.2971,0,NORMAL,19.7,5.3,5.3,5.7
13240,0.3648,0,NORMAL,19.7,6.1,6.0,5.8
13241,0.1438,0,NORMAL,19.7,5.3,6.6,7.2
13242,0.3787,0,NORMAL,19.7,6.4,6.6,6.8
13243,0.1851,0,NORMAL,19.6,4.6,6.1,6.2
13244,0.1414,0,NORMAL,19.6,5.6,5.5,5.1
13245,0.1488,0,NORMAL,19.4,5.0,6.0,5.8
13246,0.2229,0,NORMAL,19.7,5.4,5.8,6.1
13247,0.155,0,NORMAL,19.6,4.3,5.1,5.8
13248,0.1287,0,NORMAL,19.6,5.1,6.1,6.6
13249,0.3384,0,NORMAL,19.4,6.2,6.4,5.9
13250,0.1437,0,NORMAL,19.7,4.8,5.6,5.9
13251,0.2375,0,NORMAL,19.8,6.2,7.3,7.2
13252,0.2017,0,NORMAL,19.7,4.7,6.2,6.9
13253,0.2908,0,NORMAL,19.8,6.3,6.4,6.2
13254,0.2132,0,NORMAL,19.5,4.1,5.6,5.7
13255,0.1973,0,NORMAL,19.6,4.9,6.0,6.1
13256,0.2627,0,NORMAL,19.8,5.7,5.9,6.1
13257,0.3172,0,NORMAL,19.8,6.0,6.3,6.5
13258,0.1947,0,NORMAL,19.7,6.2,7.2,7.0
13259,0.176,0,NORMAL,19.8,5.3,6.1,6.8
13260,0.1658,0,NORMAL,19.5,5.0,6.1,6.3
13261,0.182,0,NORMAL,19.6,5.9,6.6,7.0
13262,0.1721,0,NORMAL,19.5,5.3,5.7,6.1
13263,0.1462,0,NORMAL,19.8,4.8,5.6,6.2
13264,0.1549,0,NORMAL,19.7,4.8,6.0,6.3
13265,0.2004,0,NORMAL,19.8,6.3,7.4,7.3
13266,0.1857,0,NORMAL,19.7,5.1,5.4,5.8
13267,0.1984,0,NORMAL,19.5,4.9,6.5,6.7
13268,0.1854,0,NORMAL,19.7,5.9,6.3,6.5
13269,0.1483,0,NORMAL,19.7,5.0,5.8,5.8
13270,0.3331,0,NORMAL,19.6,5.3,5.3,5.6
13271,0.3411,0,NORMAL,19.7,5.9,6.4,6.5
13272,0.3149,0,NORMAL,19.5,5.2,4.9,5.5
13273,0.1405,0,NORMAL,19.7,5.2,6.1,6.5
13274,0.1464,0,NORMAL,19.5,5.1,6.0,6.6
13275,0.3334,0,NORMAL,19.7,5.6,5.7,6.2
13276,0.1431,0,NORMAL,19.8,4.8,5.8,5.9
13277,0.1703,0,NORMAL,19.7,5.7,7.1,7.7
13278,0.2056,0,NORMAL,19.8,4.7,5.6,6.0
13279,0.1458,0,NORMAL,19.8,5.4,6.2,6.6
13280,0.2292,0,NORMAL,19.6,5.0,5.8,5.8
13281,0.2039,0,NORMAL,19.5,5.6,5.5,5.7
13282,0.1459,0,NORMAL,19.8,4.8,5.8,6.2
13283,0.1648,0,NORMAL,19.8,5.6,6.2,6.6
13284,0.1915,0,NORMAL,19.8,5.4,5.7,6.4
13285,0.2585,0,NORMAL,19.6,6.1,6.5,6.5
13286,0.273,0,NORMAL,19.7,5.9,6.2,6.7
13287,0.1797,0,NORMAL,19.7,5.7,6.6,6.3
13288,0.2088,0,NORMAL,19.7,5.5,5.7,6.1
13289,0.204,0,NORMAL,19.5,5.5,5.7,6.0
13290,0.1899,0,NORMAL,19.3,4.9,6.3,6.3
13291,0.2191,0,NORMAL,19.7,5.8,7.4,7.6
13292,0.1643,0,NORMAL,19.4,5.0,6.6,6.3
13293,0.2235,0,NORMAL,19.6,5.9,6.9,7.2
13294,0.7048,0,WARNING,19.6,8.0,6.7,6.6
13295,0.2379,0,NORMAL,19.9,6.2,6.9,7.0
13296,0.1937,0,NORMAL,19.7,5.5,7.4,7.3
13297,0.1937,0,NORMAL,19.7,5.5,7.1,7.4
13298,0.2323,0,NORMAL,19.8,5.5,5.8,6.3
13299,0.2157,0,NORMAL,19.9,5.9,7.4,7.5
13300,0.2674,0,NORMAL,19.9,6.2,6.4,6.5
13301,0.224,0,NORMAL,19.9,6.0,6.6,7.5
13302,0.2449,0,NORMAL,19.6,5.7,6.5,6.8
13303,0.2163,0,NORMAL,19.4,5.1,6.3,6.7
13304,0.2213,0,NORMAL,19.7,6.5,8.2,8.5
13305,0.2433,0,NORMAL,19.6,5.6,7.2,7.3
13306,0.1907,0,NORMAL,19.5,4.6,5.6,6.3
13307,0.2994,0,NORMAL,20.0,6.4,8.7,8.5
13308,0.2448,0,NORMAL,19.9,5.6,6.9,7.2
13309,0.3107,0,NORMAL,20.0,5.4,7.0,7.9
13310,0.2413,0,NORMAL,19.9,5.8,6.9,7.1
13311,0.1881,0,NORMAL,19.9,5.8,7.2,7.7
13312,0.3132,0,NORMAL,19.6,5.5,6.6,7.0
13313,0.1956,0,NORMAL,19.9,6.0,6.8,6.8
13314,0.199,0,NORMAL,19.8,4.8,5.8,6.7
13315,0.2188,0,NORMAL,19.8,5.6,5.8,6.2
13316,0.2023,0,NORMAL,19.8,5.1,6.6,6.8
13317,0.4996,0,NORMAL,19.6,6.6,6.5,7.0
13318,0.1977,0,NORMAL,19.9,5.8,6.8,7.0
13319,0.3189,0,NORMAL,20.0,5.9,8.0,8.7
13320,0.2179,0,NORMAL,19.7,4.9,6.7,8.0
13321,0.1706,0,NORMAL,19.9,5.5,7.1,7.2
13322,0.2653,0,NORMAL,19.6,6.0,7.8,8.3
13323,0.423,0,NORMAL,19.7,5.4,6.8,6.8
13324,0.2244,0,NORMAL,19.7,5.6,6.6,6.5
13325,0.1829,0,NORMAL,19.7,5.6,6.7,7.5
13326,0.3509,0,NORMAL,19.8,5.7,7.2,7.1
13327,0.2143,0,NORMAL,19.6,5.0,6.7,6.7
13328,0.219,0,NORMAL,19.8,5.6,6.8,8.2
13329,0.2209,0,NORMAL,20.0,5.6,7.5,7.8
13330,0.2879,0,NORMAL,19.7,5.6,6.8,7.0
13331,0.2918,0,NORMAL,19.7,6.2,6.9,7.5
13332,0.2294,0,NORMAL,19.7,5.3,6.1,6.9
13333,0.2138,0,NORMAL,19.6,5.6,6.8,7.4
13334,0.2152,0,NORMAL,19.6,5.3,7.1,7.5
13335,0.1739,0,NORMAL,19.8,6.1,7.2,7.3
13336,0.1766,0,NORMAL,19.7,4.7,6.0,7.0
13337,0.2146,0,NORMAL,19.8,5.3,7.3,8.0
13338,0.2256,0,NORMAL,19.8,5.7,6.9,7.2
13339,0.3128,0,NORMAL,19.6,5.9,6.4,7.4
13340,0.2214,0,NORMAL,19.8,5.2,7.2,7.1
13341,0.2348,0,NORMAL,19.7,5.2,5.7,6.2
13342,0.2196,0,NORMAL,19.8,5.4,7.6,8.4
13343,0.1744,0,NORMAL,19.9,5.5,6.6,6.9
13344,0.2303,0,NORMAL,19.8,5.0,6.0,7.0
13345,0.4432,0,NORMAL,19.9,6.0,7.8,8.0
13346,0.2649,0,NORMAL,19.6,5.1,5.7,6.0
13347,0.2309,0,NORMAL,19.6,6.0,6.8,7.9
13348,0.3644,0,NORMAL,19.8,6.0,7.4,7.5
13349,0.7562,0,WARNING,19.5,8.6,8.3,8.3
13350,0.2183,0,NORMAL,19.8,4.8,5.8,6.3
13351,0.2234,0,NORMAL,19.9,5.6,6.8,7.1
13352,0.1963,0,NORMAL,19.9,4.9,6.3,7.4
13353,0.1485,0,NORMAL,19.9,5.0,5.8,6.4
13354,0.2914,0,NORMAL,19.9,5.5,7.9,8.1
13355,0.1987,0,NORMAL,19.8,5.5,6.2,6.9
13356,0.2277,0,NORMAL,19.9,5.8,6.3,6.3
13357,0.1935,0,NORMAL,19.7,4.9,6.2,6.5
13358,0.218,0,NORMAL,19.8,6.0,7.3,7.6
13359,0.3381,0,NORMAL,19.7,5.1,6.2,6.3
13360,0.188,0,NORMAL,19.9,5.9,6.9,7.7
13361,0.2201,0,NORMAL,19.8,5.9,6.8,6.8
13362,0.3462,0,NORMAL,19.7,7.4,8.1,8.4
13363,0.249,0,NORMAL,19.8,6.1,7.1,7.3
13364,0.2694,0,NORMAL,19.5,5.6,5.6,5.7
13365,0.2194,0,NORMAL,19.7,4.8,6.9,7.9
13366,0.3327,0,NORMAL,19.8,5.9,6.7,7.2
13367,0.2243,0,NORMAL,20.0,5.6,6.5,6.6
13368,0.3522,0,NORMAL,19.9,5.7,7.0,7.5
13369,0.1761,0,NORMAL,19.8,6.0,7.4,8.0
13370,0.2353,0,NORMAL,19.5,5.4,6.6,7.0
13371,0.217,0,NORMAL,19.8,5.9,7.3,7.9
13372,0.2351,0,NORMAL,19.6,5.4,7.0,6.8
13373,0.2362,0,NORMAL,19.9,6.0,7.0,7.5
13374,0.2107,0,NORMAL,19.7,5.3,6.2,7.1
13375,0.4166,0,NORMAL,19.9,7.3,6.5,6.1
13376,0.2582,0,NORMAL,19.7,6.2,7.5,7.5
13377,0.2395,0,NORMAL,19.7,6.3,7.4,8.0
13378,0.8257,0,WARNING,20.0,7.4,7.0,7.2
13379,0.2327,0,NORMAL,19.7,5.4,7.7,8.4
13380,0.206,0,NORMAL,19.8,5.8,6.6,7.2
13381,0.1944,0,NORMAL,19.5,4.9,6.1,6.5
13382,0.2268,0,NORMAL,19.7,5.3,6.9,7.7
13383,0.2464,0,NORMAL,19.9,6.6,8.0,8.3
13384,0.2083,0,NORMAL,19.6,5.7,6.8,7.0
13385,0.2723,0,NORMAL,19.8,6.7,8.5,8.0
13386,0.2225,0,NORMAL,19.8,5.2,6.8,7.5
13387,0.1815,0,NORMAL,19.9,5.3,6.6,7.7
13388,0.1964,0,NORMAL,19.8,5.7,7.3,7.7
13389,0.1885,0,NORMAL,19.9,5.8,6.7,7.3
13390,0.183,0,NORMAL,19.9,6.2,7.2,7.7
13391,0.4004,0,NORMAL,19.8,7.4,8.5,8.2
13392,0.2464,0,NORMAL,19.7,6.0,7.4,8.3
13393,0.2681,0,NORMAL,19.8,6.3,8.0,7.4
13394,0.3057,0,NORMAL,19.0,6.3,7.8,8.5
13395,0.2719,0,NORMAL,18.6,5.8,7.8,7.9
13396,0.2646,0,NORMAL,18.5,5.8,8.2,9.1
13397,0.2117,0,NORMAL,18.7,6.1,7.4,7.8
13398,0.1919,0,NORMAL,18.6,5.1,6.8,7.0
13399,0.2629,0,NORMAL,18.7,5.6,8.0,8.6
13400,0.3185,0,NORMAL,18.7,6.5,7.8,8.0
13401,0.1893,0,NORMAL,18.7,4.8,7.0,7.5
13402,0.2177,0,NORMAL,18.7,6.1,7.6,8.4
13403,0.2174,0,NORMAL,18.6,5.5,8.0,8.5
13404,0.267,0,NORMAL,18.8,6.7,7.5,7.3
13405,0.1817,0,NORMAL,18.5,5.4,7.4,8.0
13406,0.1782,0,NORMAL,18.4,5.8,6.9,6.8
13407,0.3615,0,NORMAL,18.5,6.1,6.5,7.4
13408,0.2185,0,NORMAL,18.6,6.6,7.9,8.4
13409,0.2162,0,NORMAL,18.7,6.4,8.1,8.2
13410,0.2252,0,NORMAL,18.4,6.0,7.2,7.2
13411,0.182,0,NORMAL,18.6,5.6,7.4,7.8
13412,0.7379,0,WARNING,18.7,8.0,6.9,7.0
13413,0.2156,0,NORMAL,18.6,4.8,6.8,7.6
13414,0.2708,0,NORMAL,18.8,6.6,7.8,8.1
13415,0.1808,0,NORMAL,18.7,5.5,6.7,7.7
13416,0.2167,0,NORMAL,18.7,6.1,7.7,7.7
13417,0.1853,0,NORMAL,18.5,6.0,7.8,8.1
13418,0.2182,0,NORMAL,18.6,5.6,7.5,8.2
13419,0.2625,0,NORMAL,18.8,6.9,8.3,8.2
13420,0.2021,0,NORMAL,18.6,5.4,6.9,7.4
13421,0.513,0,NORMAL,19.0,7.6,8.1,8.4
13422,0.2741,0,NORMAL,18.5,5.3,6.6,7.2
13423,0.2178,0,NORMAL,18.6,5.1,6.4,8.3
13424,0.1752,0,NORMAL,18.4,5.3,6.4,6.3
13425,0.1677,0,NORMAL,18.6,5.2,6.9,7.4
13426,0.2173,0,NORMAL,18.8,6.2,7.6,8.2
13427,0.2436,0,NORMAL,18.6,6.0,7.5,7.7
13428,0.2475,0,NORMAL,18.6,5.2,5.9,7.1
13429,0.2179,0,NORMAL,18.8,6.4,7.8,7.9
13430,0.5148,0,NORMAL,18.6,6.4,8.0,8.4
13431,0.2174,0,NORMAL,18.6,5.1,7.7,8.4
13432,0.2795,0,NORMAL,18.5,5.9,7.5,7.6
13433,0.2259,0,NORMAL,18.6,5.2,7.2,8.2
13434,0.263,0,NORMAL,18.7,6.2,8.1,8.1
13435,0.1966,0,NORMAL,18.8,5.3,6.7,7.0
13436,0.3296,0,NORMAL,18.9,7.3,8.3,8.7
13437,0.3527,0,NORMAL,18.9,6.6,8.0,8.1
13438,0.2499,0,NORMAL,18.9,5.3,7.5,8.0
13439,0.3224,0,NORMAL,18.8,6.6,7.3,8.0
13440,0.2629,0,NORMAL,18.7,5.8,8.4,8.4
13441,0.2643,0,NORMAL,18.8,5.8,7.3,8.7
13442,0.2937,0,NORMAL,18.6,6.1,8.2,8.5
13443,0.3169,0,NORMAL,18.5,5.1,8.1,8.4
13444,0.2298,0,NORMAL,18.6,6.0,8.2,8.5
13445,0.295,0,NORMAL,18.7,7.2,9.0,8.7
13446,0.2614,0,NORMAL,18.8,5.8,8.0,8.3
13447,0.2209,0,NORMAL,18.8,5.6,7.2,7.9
13448,0.2622,0,NORMAL,18.8,6.8,8.6,8.7
13449,0.2165,0,NORMAL,18.8,5.7,7.0,8.1
13450,0.2004,0,NORMAL,18.8,5.4,7.0,7.7
13451,0.4503,0,NORMAL,18.9,7.0,7.4,8.0
13452,0.263,0,NORMAL,18.7,6.2,7.8,8.3
13453,0.3065,0,NORMAL,18.8,5.0,8.4,8.8
13454,0.2621,0,NORMAL,18.7,6.1,6.9,7.4
13455,0.1943,0,NORMAL,18.7,5.3,7.4,8.0
13456,0.1733,0,NORMAL,18.7,5.1,7.1,7.3
13457,0.2654,0,NORMAL,18.7,6.0,8.1,9.3
13458,0.1978,0,NORMAL,18.8,5.8,6.1,6.3
13459,0.184,0,NORMAL,19.0,5.7,7.2,7.9
13460,0.1752,0,NORMAL,18.8,5.0,6.6,7.4
13461,0.2171,0,NORMAL,18.6,5.9,7.8,7.7
13462,0.1884,0,NORMAL,18.7,5.8,7.4,7.5
13463,0.2653,0,NORMAL,18.8,5.5,7.7,8.9
13464,0.27,0,NORMAL,18.6,5.3,6.1,6.3
13465,0.167,0,NORMAL,18.8,5.6,7.0,7.2
13466,0.2298,0,NORMAL,18.6,5.3,7.4,7.5
13467,0.4651,0,NORMAL,18.6,6.0,6.4,7.0
13468,0.2168,0,NORMAL,18.9,5.9,7.6,7.9
13469,0.7572,0,WARNING,18.9,7.9,6.3,6.8
13470,0.2828,0,NORMAL,18.8,5.4,6.5,7.0
13471,0.2493,0,NORMAL,18.9,6.4,7.6,8.0
13472,0.2633,0,NORMAL,18.9,6.4,8.4,8.7
13473,0.2714,0,NORMAL,19.0,6.4,8.7,8.3
13474,0.4153,0,NORMAL,19.1,6.8,7.7,8.4
13475,0.2979,0,NORMAL,18.9,5.5,6.6,6.9
13476,0.2157,0,NORMAL,18.6,5.9,7.6,8.2
13477,0.2176,0,NORMAL,18.8,5.4,6.9,8.0
13478,0.2161,0,NORMAL,18.9,5.8,7.4,7.2
13479,0.231,0,NORMAL,19.0,5.2,6.8,7.3
13480,0.2658,0,NORMAL,18.9,6.4,7.8,7.7
13481,0.3154,0,NORMAL,19.0,6.3,6.9,6.7
13482,0.2658,0,NORMAL,19.0,6.3,7.8,8.7
13483,0.2141,0,NORMAL,18.9,6.7,7.7,6.4
13484,0.2653,0,NORMAL,18.7,5.3,8.2,9.2
13485,0.2151,0,NORMAL,18.9,5.9,7.4,7.2
13486,0.1668,0,NORMAL,18.9,5.1,6.9,7.6
13487,0.2205,0,NORMAL,18.7,5.6,7.0,8.1
13488,0.2126,0,NORMAL,18.9,6.2,7.4,7.3
13489,0.1526,0,NORMAL,19.0,4.9,6.7,7.0
13490,0.1274,0,NORMAL,19.0,5.5,6.3,6.7
13491,0.2761,0,NORMAL,19.0,5.8,8.3,8.4
13492,0.1485,0,NORMAL,18.9,5.5,6.2,6.7
13493,0.1353,0,NORMAL,18.8,4.7,6.5,6.8
13494,0.3041,0,NORMAL,18.8,5.0,6.5,6.7
13495,0.1687,0,NORMAL,19.0,5.3,7.3,7.8
13496,0.3348,0,NORMAL,18.9,6.1,7.1,7.9
13497,0.2535,0,NORMAL,19.0,5.5,6.3,6.2
13498,0.1727,0,NORMAL,18.8,5.0,6.3,6.8
13499,0.2179,0,NORMAL,19.0,6.0,7.8,8.2
13500,0.3323,0,NORMAL,18.8,5.5,5.9,5.8
13501,0.2194,0,NORMAL,18.9,5.9,7.1,8.0
13502,0.1716,0,NORMAL,18.8,5.7,6.9,6.7
13503,0.3301,0,NORMAL,18.6,4.6,6.9,7.2
13504,0.1905,0,NORMAL,18.9,5.6,7.3,7.2
13505,0.7749,0,WARNING,19.0,5.2,6.4,6.8
13506,0.178,0,NORMAL,18.8,5.9,7.2,8.0
13507,0.1762,0,NORMAL,19.1,5.5,7.4,8.0
13508,0.1843,0,NORMAL,19.0,5.7,7.2,7.5
13509,0.254,0,NORMAL,18.9,6.5,8.4,8.6
13510,0.4156,0,NORMAL,19.0,6.7,6.6,6.8
13511,0.3723,0,NORMAL,19.0,5.5,6.3,6.7
13512,0.1917,0,NORMAL,18.7,6.1,7.4,8.0
13513,0.1824,0,NORMAL,18.9,5.4,6.3,6.3
13514,0.1685,0,NORMAL,18.7,5.2,6.5,7.7
13515,0.3396,0,NORMAL,19.1,5.6,7.1,7.2
13516,0.1763,0,NORMAL,19.0,4.8,5.7,5.8
13517,0.1761,0,NORMAL,19.1,6.0,6.9,7.4
13518,0.1828,0,NORMAL,19.0,6.2,7.5,7.6
13519,0.1669,0,NORMAL,18.9,5.1,6.8,6.9
13520,0.1141,0,NORMAL,18.9,5.6,6.2,6.7
13521,0.2174,0,NORMAL,19.0,5.7,7.7,7.5
13522,0.1758,0,NORMAL,19.0,5.6,7.2,7.8
13523,0.1918,0,NORMAL,19.0,5.8,6.7,7.0
13524,0.1899,0,NORMAL,19.0,5.5,6.6,6.3
13525,0.2831,0,NORMAL,18.9,5.7,6.8,7.2
13526,0.2146,0,NORMAL,18.8,5.7,6.8,7.0
13527,0.1754,0,NORMAL,18.8,5.3,5.6,5.8
13528,0.1558,0,NORMAL,18.9,4.9,5.1,6.1
13529,0.7617,0,WARNING,19.1,8.0,6.6,7.0
13530,0.1691,0,NORMAL,18.9,5.9,7.2,6.5
13531,0.1875,0,NORMAL,18.9,5.5,6.7,6.7
13532,0.1821,0,NORMAL,19.0,5.5,7.2,7.0
13533,0.189,0,NORMAL,18.8,5.5,7.1,7.5
13534,0.139,0,NORMAL,18.9,5.6,6.2,6.3
13535,0.1679,0,NORMAL,19.0,5.1,6.9,7.0
13536,0.1675,0,NORMAL,19.1,5.8,7.1,7.2
13537,0.5362,0,NORMAL,18.9,5.0,6.5,7.0
13538,0.1302,0,NORMAL,18.9,5.1,6.3,6.7
13539,0.1667,0,NORMAL,18.9,5.3,5.6,6.0
13540,0.1497,0,NORMAL,19.0,5.3,5.7,5.8
13541,0.145,0,NORMAL,19.0,5.7,6.2,6.4
13542,0.3286,0,NORMAL,19.0,5.6,5.8,6.3
13543,0.2144,0,NORMAL,18.7,5.2,6.4,7.2
13544,0.1864,0,NORMAL,18.6,5.4,6.4,6.3
13545,0.2372,0,NORMAL,18.6,4.8,6.3,6.3
13546,0.1507,0,NORMAL,18.6,4.7,5.5,6.0
13547,0.1776,0,NORMAL,18.9,5.1,5.9,6.3
13548,0.1176,0,NORMAL,18.9,5.5,5.7,5.8
13549,0.1908,0,NORMAL,18.9,5.5,7.1,7.5
13550,0.1608,0,NORMAL,19.2,5.4,6.3,6.5
13551,0.2778,0,NORMAL,19.3,5.9,6.9,7.2
13552,0.2079,0,NORMAL,18.9,5.4,6.5,6.8
13553,0.2104,0,NORMAL,19.1,5.5,7.4,7.3
13554,0.43,0,NORMAL,19.0,5.4,6.3,6.5
13555,0.1808,0,NORMAL,18.8,4.9,5.9,6.3
13556,0.3329,0,NORMAL,19.0,6.7,6.2,6.1
13557,0.319,0,NORMAL,19.1,5.8,6.0,6.0
13558,0.1596,0,NORMAL,19.1,5.3,6.0,6.8
13559,0.1805,0,NORMAL,18.8,4.8,5.0,5.0
13560,0.138,0,NORMAL,18.5,5.0,4.9,4.7
13561,0.1169,0,NORMAL,18.9,5.4,5.4,5.6
13562,0.2964,0,NORMAL,18.6,4.8,5.2,5.6
13563,0.238,0,NORMAL,18.7,5.5,5.0,5.0
13564,0.1524,0,NORMAL,18.8,4.9,5.7,6.3
13565,0.1296,0,NORMAL,18.8,5.0,5.2,5.3
13566,0.2762,0,NORMAL,18.9,5.2,4.3,4.0
13567,0.1085,0,NORMAL,19.0,4.2,4.9,5.8
13568,0.2926,0,NORMAL,18.8,5.1,4.6,6.4
13569,0.1048,0,NORMAL,19.0,4.8,5.8,6.3
13570,0.4817,0,NORMAL,19.0,5.4,4.8,3.6
13571,0.2218,0,NORMAL,18.9,4.9,4.1,4.3
13572,0.3437,0,NORMAL,18.7,5.8,5.6,7.0
13573,0.2435,0,NORMAL,18.7,4.8,6.7,6.2
13574,0.2219,0,NORMAL,18.7,4.4,4.6,3.4
13575,0.1196,0,NORMAL,18.9,4.8,5.2,6.7
13576,0.1194,0,NORMAL,19.0,4.8,5.1,6.4
13577,0.246,0,NORMAL,19.0,5.3,5.4,4.4
13578,0.4164,0,NORMAL,19.4,5.1,5.7,4.7
13579,0.2823,0,NORMAL,19.3,5.2,6.0,6.5
13580,0.1476,0,NORMAL,19.1,5.2,5.0,5.2
13581,0.445,0,NORMAL,19.0,5.4,4.6,4.7
13582,0.3369,0,NORMAL,18.8,4.3,3.6,5.2
13583,0.5287,0,NORMAL,18.7,4.3,4.4,5.7
13584,0.2208,0,NORMAL,18.9,5.7,5.6,6.6
13585,0.1802,0,NORMAL,18.6,4.9,5.6,6.6
13586,0.3202,0,NORMAL,18.8,5.8,4.9,6.2
13587,0.2166,0,NORMAL,18.6,4.9,5.3,7.1
13588,0.1171,0,NORMAL,18.9,4.5,4.9,6.6
13589,0.1708,0,NORMAL,18.6,4.5,4.6,6.7
13590,0.173,0,NORMAL,18.5,5.0,5.5,6.9
13591,0.2439,0,NORMAL,18.8,4.9,4.7,6.2
13592,0.2214,0,NORMAL,19.1,4.9,5.6,7.6
13593,0.2181,0,NORMAL,18.9,4.9,5.1,4.8
13594,0.7758,0,WARNING,18.9,7.4,4.9,3.2
13595,0.1788,0,NORMAL,18.9,4.3,5.5,6.9
13596,0.1448,0,NORMAL,18.8,4.8,5.2,6.4
13597,0.1591,0,NORMAL,19.1,5.5,5.5,5.7
13598,0.2623,0,NORMAL,19.1,4.6,4.6,6.1
13599,0.1382,0,NORMAL,18.9,4.4,3.8,6.0
13600,0.4046,0,NORMAL,19.0,4.2,4.8,6.4
13601,0.3475,0,NORMAL,19.1,5.8,4.2,5.7
13602,0.2304,0,NORMAL,19.0,5.1,4.4,5.8
13603,0.1801,0,NORMAL,19.0,4.7,4.3,5.9
13604,0.1064,0,NORMAL,19.1,4.7,4.6,5.7
13605,0.1863,0,NORMAL,18.8,3.7,4.1,5.7
13606,0.1609,0,NORMAL,19.0,4.6,3.9,5.1
13607,0.1203,0,NORMAL,18.7,4.6,4.1,5.6
13608,0.1207,0,NORMAL,18.8,4.3,3.8,5.1
13609,0.0877,0,NORMAL,18.7,3.9,3.5,4.9
13610,0.1202,0,NORMAL,18.7,4.5,4.8,6.4
13611,0.1318,0,NORMAL,19.0,4.5,4.2,5.7
13612,0.1544,0,NORMAL,18.9,3.8,3.7,5.1
13613,0.0994,0,NORMAL,19.0,5.1,4.5,6.1
13614,0.1007,0,NORMAL,19.0,3.9,3.7,5.3
13615,0.1208,0,NORMAL,18.9,4.2,3.6,4.0
13616,0.4706,0,NORMAL,18.7,5.5,3.4,4.4
13617,0.2649,0,NORMAL,18.7,4.2,3.8,4.5
13618,0.118,0,NORMAL,18.9,4.5,4.0,5.4
13619,0.1192,0,NORMAL,18.8,4.5,3.8,5.0
13620,0.1223,0,NORMAL,18.7,4.0,2.8,3.9
13621,0.2457,0,NORMAL,18.7,3.9,2.7,3.5
13622,0.1612,0,NORMAL,18.9,4.3,3.4,4.4
13623,0.1486,0,NORMAL,18.7,4.3,4.1,4.9
13624,0.1297,0,NORMAL,18.8,4.0,3.7,5.0
13625,0.1694,0,NORMAL,18.7,3.9,2.8,3.5
13626,0.2196,0,NORMAL,18.9,4.1,3.6,4.7
13627,0.1936,0,NORMAL,18.9,3.9,3.2,4.2
13628,0.137,0,NORMAL,19.1,4.9,4.3,5.5
13629,0.3353,0,NORMAL,19.1,5.4,3.7,4.7
13630,0.1368,0,NORMAL,18.9,4.2,3.2,3.9
13631,0.4103,0,NORMAL,19.1,5.5,3.2,4.3
13632,0.1203,0,NORMAL,18.9,3.7,2.8,3.8
13633,0.2001,0,NORMAL,19.0,4.3,3.5,4.9
13634,0.4923,0,NORMAL,19.0,5.2,3.8,4.6
13635,0.3031,0,NORMAL,18.8,3.7,2.8,3.5
13636,0.1398,0,NORMAL,18.9,4.0,2.6,3.9
13637,0.1506,0,NORMAL,19.1,3.8,3.5,4.7
13638,0.1367,0,NORMAL,19.0,4.2,2.9,4.0
13639,0.1479,0,NORMAL,18.9,3.9,2.5,3.4
13640,0.3473,0,NORMAL,18.7,4.4,3.7,4.5
13641,0.8474,0,WARNING,19.1,5.2,3.9,4.7
13642,0.1277,0,NORMAL,18.7,3.8,3.0,4.2
13643,0.1706,0,NORMAL,18.9,4.3,2.8,3.8
13644,0.2002,0,NORMAL,18.7,3.7,3.0,4.4
13645,0.1552,0,NORMAL,18.8,3.8,2.9,4.3
13646,0.3386,0,NORMAL,18.9,4.5,2.5,3.2
13647,0.295,0,NORMAL,18.6,5.0,2.9,4.0
13648,0.2105,0,NORMAL,18.8,3.3,1.8,3.2
13649,0.7553,0,WARNING,18.7,6.3,2.1,3.0
13650,0.2083,0,NORMAL,18.8,3.8,2.8,3.9
13651,0.209,0,NORMAL,18.8,4.7,3.0,3.9
13652,0.2099,0,NORMAL,18.9,3.9,3.3,4.2
13653,0.2113,0,NORMAL,18.8,3.4,2.4,3.7
13654,0.1819,0,NORMAL,18.9,4.4,3.8,4.6
13655,0.1558,0,NORMAL,18.9,3.9,3.3,4.4
13656,0.2128,0,NORMAL,18.8,3.4,2.5,3.4
13657,0.2113,0,NORMAL,18.8,3.8,2.6,3.9
13658,0.2465,0,NORMAL,18.6,3.1,2.4,3.6
13659,0.7371,0,WARNING,18.7,6.0,2.2,3.2
13660,0.2089,0,NORMAL,17.7,4.3,2.5,3.4
13661,0.2289,0,NORMAL,17.7,3.9,2.8,3.7
13662,0.1907,0,NORMAL,17.7,4.3,2.8,4.0
13663,0.1787,0,NORMAL,17.7,3.9,2.6,4.2
13664,0.2257,0,NORMAL,17.6,3.3,1.5,2.7
13665,0.2084,0,NORMAL,17.5,3.6,2.4,3.2
13666,0.2218,0,NORMAL,17.7,4.0,2.5,3.4
13667,0.2187,0,NORMAL,17.7,3.3,2.2,2.5
13668,0.2429,0,NORMAL,17.8,3.7,2.7,3.9
13669,0.2191,0,NORMAL,17.5,4.0,2.5,3.4
13670,0.205,0,NORMAL,17.7,3.9,3.0,3.7
13671,0.2011,0,NORMAL,17.5,3.9,2.5,3.2
13672,0.2053,0,NORMAL,17.7,4.3,3.0,3.9
13673,0.221,0,NORMAL,17.5,3.4,3.0,3.5
13674,0.2102,0,NORMAL,17.8,3.2,2.4,3.2
13675,0.23,0,NORMAL,17.8,4.4,2.6,3.2
13676,0.3177,0,NORMAL,17.6,4.4,2.4,3.2
13677,0.2118,0,NORMAL,17.8,4.2,2.7,3.3
13678,0.2024,0,NORMAL,18.0,4.1,3.1,3.9
13679,0.2565,0,NORMAL,17.9,3.9,3.0,4.1
13680,0.1705,0,NORMAL,17.9,3.4,2.2,3.2
13681,0.2724,0,NORMAL,17.6,4.3,2.9,3.7
13682,0.2253,0,NORMAL,17.3,3.8,2.0,2.6
13683,0.2275,0,NORMAL,17.6,3.7,2.4,3.0
13684,0.3498,0,NORMAL,17.4,3.1,1.6,2.2
13685,0.2676,0,NORMAL,17.6,4.1,2.7,3.5
13686,0.2663,0,NORMAL,17.6,3.4,2.2,2.9
13687,0.2487,0,NORMAL,17.3,3.2,2.0,2.5
13688,0.2693,0,NORMAL,17.6,3.7,2.4,3.2
13689,0.2525,0,NORMAL,17.6,4.0,2.5,3.2
13690,0.242,0,NORMAL,17.6,3.2,2.2,2.9
13691,0.3412,0,NORMAL,17.5,4.7,2.5,3.0
13692,0.236,0,NORMAL,17.2,4.0,2.1,2.8
13693,0.2717,0,NORMAL,17.4,3.2,2.3,3.5
13694,0.3011,0,NORMAL,17.4,3.8,2.1,2.8
13695,0.2653,0,NORMAL,17.5,3.3,1.5,1.8
13696,0.2699,0,NORMAL,17.5,3.2,1.7,2.2
13697,0.2891,0,NORMAL,17.4,3.3,2.4,2.7
13698,0.2887,0,NORMAL,17.5,3.7,1.5,2.2
13699,0.2866,0,NORMAL,17.6,3.8,1.8,2.7
13700,0.2679,0,NORMAL,17.7,3.1,2.3,3.0
13701,0.263,0,NORMAL,17.7,3.9,2.6,3.2
13702,0.3679,0,NORMAL,17.7,3.4,2.3,2.7
13703,0.265,0,NORMAL,17.6,3.1,1.3,1.8
13704,0.2851,0,NORMAL,17.5,3.6,2.0,3.0
13705,0.3087,0,NORMAL,17.4,3.0,1.2,1.3
13706,0.3061,0,NORMAL,17.7,4.1,1.7,2.5
13707,0.2993,0,NORMAL,17.5,4.3,2.3,2.8
13708,0.2652,0,NORMAL,17.4,3.4,1.2,1.5
13709,0.2856,0,NORMAL,17.5,3.9,2.2,2.6
13710,0.2702,0,NORMAL,17.4,3.3,2.1,2.5
13711,0.2761,0,NORMAL,17.6,3.9,2.2,2.7
13712,0.2719,0,NORMAL,17.4,3.2,1.7,2.2
13713,0.7432,0,WARNING,17.4,5.8,1.6,2.2
13714,0.2657,0,NORMAL,17.5,3.4,1.1,1.5
13715,0.2832,0,NORMAL,17.4,3.7,1.6,2.1
13716,0.2842,0,NORMAL,17.3,3.1,1.6,2.0
13717,0.3621,0,NORMAL,17.3,2.8,1.3,2.0
13718,0.302,0,NORMAL,17.5,3.6,1.3,2.0
13719,0.2964,0,NORMAL,17.6,3.2,1.5,1.6
13720,0.3174,0,NORMAL,17.5,3.8,1.4,1.8
13721,0.3005,0,NORMAL,17.5,3.8,1.7,2.2
13722,0.4383,0,NORMAL,17.2,4.3,1.4,1.7
13723,0.2895,0,NORMAL,17.4,2.6,1.8,2.7
13724,0.3085,0,NORMAL,17.3,3.0,0.9,1.2
13725,0.5337,0,NORMAL,17.2,3.1,2.4,2.6
13726,0.2996,0,NORMAL,17.5,2.9,1.6,2.0
13727,0.3913,0,NORMAL,17.2,3.1,1.8,2.3
13728,0.3017,0,NORMAL,17.3,3.0,0.9,1.3
13729,0.5154,0,NORMAL,17.1,3.0,2.0,2.7
13730,0.2973,0,NORMAL,17.1,3.7,1.9,2.3
13731,0.2918,0,NORMAL,17.0,3.2,2.1,2.1
13732,0.4014,0,NORMAL,17.1,3.2,1.2,1.3
13733,0.3336,0,NORMAL,17.2,3.1,1.4,1.6
13734,0.3265,0,NORMAL,17.0,3.2,1.2,1.8
13735,0.3156,0,NORMAL,17.1,2.6,1.4,1.6
13736,0.3327,0,NORMAL,17.2,4.1,1.7,2.0
13737,0.3149,0,NORMAL,17.1,3.3,1.2,1.5
13738,0.318,0,NORMAL,17.4,3.3,1.3,1.6
13739,0.5133,0,NORMAL,17.2,3.4,1.7,2.2
13740,0.3086,0,NORMAL,17.3,3.6,1.1,1.3
13741,0.3225,0,NORMAL,17.3,3.2,1.2,1.8
13742,0.308,0,NORMAL,17.3,3.4,1.8,2.5
13743,0.3377,0,NORMAL,17.4,2.4,1.1,1.7
13744,0.3113,0,NORMAL,17.4,3.8,1.4,1.8
13745,0.3019,0,NORMAL,17.2,3.1,1.6,2.1
13746,0.3084,0,NORMAL,17.4,3.2,1.1,1.3
13747,0.3177,0,NORMAL,17.2,3.1,1.7,2.5
13748,0.3062,0,NORMAL,17.4,3.5,1.0,1.7
13749,0.3066,0,NORMAL,17.2,2.7,1.1,2.0
13750,0.3126,0,NORMAL,17.4,2.9,1.3,1.8
13751,0.3191,0,NORMAL,17.3,3.6,1.1,1.5
13752,0.3306,0,NORMAL,17.0,3.6,1.2,1.5
13753,0.3213,0,NORMAL,17.1,3.3,2.3,3.1
13754,0.2966,0,NORMAL,17.0,3.6,1.5,2.2
13755,0.3341,0,NORMAL,17.0,3.2,2.0,2.7
13756,0.3086,0,NORMAL,17.1,2.7,1.1,1.3
13757,0.3287,0,NORMAL,17.1,3.2,1.3,1.8
13758,0.3234,0,NORMAL,17.3,3.7,1.8,2.1
13759,0.4139,0,NORMAL,17.0,2.6,1.0,1.2
13760,0.3436,0,NORMAL,17.2,3.2,1.4,1.8
13761,0.3296,0,NORMAL,17.2,3.4,0.8,1.0
13762,0.3454,0,NORMAL,17.3,2.1,0.9,1.2
13763,0.3656,0,NORMAL,17.3,3.2,1.1,1.3
13764,0.3564,0,NORMAL,17.4,2.7,0.9,1.0
13765,0.5092,0,NORMAL,17.2,2.9,1.3,1.6
13766,0.3757,0,NORMAL,17.3,3.8,0.4,0.8
13767,0.4941,0,NORMAL,17.4,4.0,0.7,0.8
13768,0.3348,0,NORMAL,17.4,3.3,1.4,1.5
13769,0.8141,0,WARNING,17.2,6.1,1.0,1.3
13770,0.5054,0,NORMAL,17.1,2.3,1.0,1.0
13771,0.4402,0,NORMAL,17.3,3.2,0.9,1.1
13772,0.3392,0,NORMAL,17.4,3.0,1.6,2.2
13773,0.3211,0,NORMAL,17.2,2.5,1.1,1.3
13774,0.3443,0,NORMAL,17.2,3.4,1.1,1.5
13775,0.3379,0,NORMAL,17.2,2.8,1.3,1.3
13776,0.3491,0,NORMAL,17.1,3.2,1.2,1.3
13777,0.3424,0,NORMAL,17.2,2.9,1.1,1.5
13778,0.3381,0,NORMAL,17.4,2.7,1.0,1.5
13779,0.3452,0,NORMAL,17.5,3.3,1.2,1.5
13780,0.4749,0,NORMAL,17.2,2.7,1.2,1.5
13781,0.3417,0,NORMAL,17.3,3.8,0.8,1.1
13782,0.403,0,NORMAL,17.0,3.6,0.8,1.1
13783,0.3382,0,NORMAL,17.1,3.2,1.3,2.0
13784,0.3497,0,NORMAL,17.2,2.5,0.6,0.6
13785,0.3691,0,NORMAL,17.2,3.1,1.2,1.3
13786,0.3636,0,NORMAL,17.2,3.0,0.9,1.0
13787,0.3727,0,NORMAL,17.0,2.8,1.4,1.8
13788,0.3586,0,NORMAL,17.2,2.9,1.2,1.3
13789,0.3603,0,NORMAL,17.2,3.2,0.8,1.2
13790,0.4054,0,NORMAL,17.0,2.4,1.3,1.5
13791,0.3627,0,NORMAL,17.1,3.3,1.3,1.3
13792,0.3603,0,NORMAL,17.2,2.9,1.0,1.0
13793,0.3694,0,NORMAL,17.2,2.9,1.3,1.3
13794,0.4181,0,NORMAL,17.4,2.9,0.9,1.0
13795,0.3669,0,NORMAL,17.3,3.4,0.8,0.8
13796,0.359,0,NORMAL,17.1,2.7,0.4,0.6
13797,0.3771,0,NORMAL,17.0,3.6,1.2,1.5
13798,0.3533,0,NORMAL,17.1,3.2,1.1,1.3
13799,0.3532,0,NORMAL,17.1,2.9,1.1,1.1
13800,0.4026,0,NORMAL,16.9,2.8,0.5,0.4
13801,0.3792,0,NORMAL,17.1,2.4,0.4,0.6
13802,0.3969,0,NORMAL,16.9,3.0,1.1,1.5
13803,0.4116,0,NORMAL,16.9,2.8,0.9,1.1
13804,0.3758,0,NORMAL,17.0,2.7,1.1,1.5
13805,0.3689,0,NORMAL,17.1,3.2,0.7,0.8
13806,0.3653,0,NORMAL,17.0,2.4,1.2,1.3
13807,0.3719,0,NORMAL,17.0,2.5,1.0,1.2
13808,0.3744,0,NORMAL,17.2,3.2,0.4,0.6
13809,0.3831,0,NORMAL,17.2,2.7,1.1,1.3
13810,0.3759,0,NORMAL,17.1,3.6,1.1,1.3
13811,0.358,0,NORMAL,17.3,3.9,0.9,0.9
13812,0.3802,0,NORMAL,17.1,3.2,1.3,1.3
13813,0.3493,0,NORMAL,17.3,2.5,1.5,1.8
13814,0.3496,0,NORMAL,17.3,3.2,0.6,0.6
13815,0.4031,0,NORMAL,17.2,2.3,0.1,0.0
13816,0.4001,0,NORMAL,17.2,2.5,0.1,0.0
13817,0.5684,0,NORMAL,17.0,1.7,0.0,0.0
13818,0.433,0,NORMAL,17.2,3.0,0.9,1.0
13819,0.4066,0,NORMAL,17.0,2.8,1.2,1.3
13820,0.3843,0,NORMAL,17.2,3.1,1.1,1.3
13821,0.3689,0,NORMAL,17.0,2.6,0.8,1.1
13822,0.3702,0,NORMAL,17.0,3.2,1.1,1.5
13823,0.3564,0,NORMAL,17.2,2.7,0.9,1.2
13824,0.3607,0,NORMAL,17.0,3.3,1.1,1.0
13825,0.3859,0,NORMAL,17.3,2.4,0.5,0.8
13826,0.4362,0,NORMAL,17.1,4.0,1.1,1.3
13827,0.3524,0,NORMAL,17.1,3.4,1.1,1.5
13828,0.3449,0,NORMAL,17.1,2.7,0.8,0.9
13829,0.7299,0,WARNING,17.3,5.7,1.0,1.2
13830,0.3527,0,NORMAL,17.2,3.4,0.7,1.1
13831,0.3235,0,NORMAL,17.4,2.8,1.1,1.3
13832,0.3496,0,NORMAL,17.4,2.3,0.4,0.6
13833,0.3761,0,NORMAL,17.2,2.7,0.6,1.1
13834,0.3735,0,NORMAL,17.2,2.9,0.4,0.6
13835,0.4943,0,NORMAL,17.4,3.6,1.1,1.1
13836,0.3502,0,NORMAL,17.1,2.5,0.4,0.6
13837,0.3753,0,NORMAL,17.2,3.0,1.1,1.0
13838,0.3739,0,NORMAL,17.4,2.7,1.0,1.3
13839,0.3726,0,NORMAL,17.2,3.2,0.7,0.8
13840,0.363,0,NORMAL,17.5,3.4,0.9,1.0
13841,0.3567,0,NORMAL,17.3,3.8,1.7,1.8
13842,0.3326,0,NORMAL,17.5,4.0,1.2,1.3
13843,0.3246,0,NORMAL,17.4,2.9,1.1,1.5
13844,0.337,0,NORMAL,17.6,3.8,1.1,1.8
13845,0.3218,0,NORMAL,17.6,2.9,1.2,1.1
13846,0.3441,0,NORMAL,17.4,2.8,1.0,1.2
13847,0.3525,0,NORMAL,17.4,3.2,1.4,1.6
13848,0.4315,0,NORMAL,17.5,3.3,0.9,1.4
13849,0.3336,0,NORMAL,17.3,2.8,0.9,0.9
13850,0.3591,0,NORMAL,17.5,3.2,0.9,1.2
13851,0.3642,0,NORMAL,17.5,3.5,1.4,1.6
13852,0.3851,0,NORMAL,17.1,2.8,0.5,0.6
13853,0.3698,0,NORMAL,17.3,2.9,1.0,1.3
13854,0.3716,0,NORMAL,17.2,2.5,0.3,0.6
13855,0.3861,0,NORMAL,17.1,2.9,0.8,0.9
13856,0.4437,0,NORMAL,17.1,3.9,0.7,0.8
13857,0.3667,0,NORMAL,17.0,3.5,1.2,1.8
13858,0.3483,0,NORMAL,17.2,3.7,1.3,1.8
13859,0.3315,0,NORMAL,17.0,2.8,0.9,1.1
13860,0.3495,0,NORMAL,17.2,2.7,0.8,1.0
13861,0.3626,0,NORMAL,17.3,3.3,1.2,1.3
13862,0.3615,0,NORMAL,17.4,3.3,0.9,1.1
13863,0.3535,0,NORMAL,17.3,3.4,1.2,1.0
13864,0.3642,0,NORMAL,17.3,2.5,0.6,0.6
13865,0.3831,0,NORMAL,17.3,3.0,0.9,1.0
13866,0.3759,0,NORMAL,17.3,2.9,0.5,0.6
13867,0.3811,0,NORMAL,17.3,2.9,1.0,1.5
13868,0.363,0,NORMAL,17.5,3.6,1.1,1.3
13869,0.3536,0,NORMAL,17.7,3.0,2.1,2.2
13870,0.342,0,NORMAL,17.6,3.2,0.5,0.8
13871,0.3508,0,NORMAL,17.7,3.4,0.9,1.2
13872,0.3517,0,NORMAL,17.3,3.4,0.7,0.8
13873,0.3531,0,NORMAL,17.3,2.6,0.7,0.8
13874,0.3652,0,NORMAL,17.3,3.1,1.7,2.7
13875,0.3251,0,NORMAL,17.6,2.6,0.9,1.0
13876,0.3535,0,NORMAL,17.4,3.7,1.0,1.3
13877,0.7982,0,WARNING,17.4,6.1,1.0,1.0
13878,0.999,0,ANOMALY,17.7,16.8,1.1,1.5
13879,0.3129,0,NORMAL,17.3,2.5,0.9,1.2
13880,0.4837,0,NORMAL,17.2,3.2,0.9,0.9
13881,0.325,0,NORMAL,17.5,2.9,1.3,1.6
13882,0.3561,0,NORMAL,17.6,3.0,1.0,1.3
13883,0.3264,0,NORMAL,17.3,3.3,1.2,1.3
13884,0.3314,0,NORMAL,17.5,2.6,1.1,1.3
13885,0.3495,0,NORMAL,17.6,2.9,1.0,1.0
13886,0.4959,0,NORMAL,17.5,4.1,0.6,0.6
13887,0.3552,0,NORMAL,17.2,2.8,1.0,1.7
13888,0.3475,0,NORMAL,17.6,3.1,1.7,2.5
13889,0.3175,0,NORMAL,17.2,3.4,1.1,1.3
13890,0.3566,0,NORMAL,17.2,3.0,0.6,0.6
13891,0.35,0,NORMAL,17.3,3.1,0.9,0.9
13892,0.3603,0,NORMAL,17.2,2.9,0.9,1.2
13893,0.8057,0,WARNING,17.3,6.0,1.0,1.0
13894,0.3316,0,NORMAL,17.2,3.0,1.5,1.3
13895,0.3318,0,NORMAL,17.3,3.0,1.0,1.3
13896,0.3392,0,NORMAL,17.3,3.0,0.8,0.9
13897,0.3502,0,NORMAL,17.2,2.8,0.8,1.1
13898,0.3566,0,NORMAL,17.4,3.0,0.9,1.2
13899,0.3579,0,NORMAL,17.3,3.2,1.2,1.5
13900,0.3454,0,NORMAL,17.3,3.0,1.0,1.0
13901,0.3529,0,NORMAL,17.6,3.7,1.3,1.6
13902,0.3395,0,NORMAL,17.3,3.4,0.8,0.8
13903,0.3496,0,NORMAL,17.3,2.8,0.7,0.8
13904,0.3604,0,NORMAL,17.6,3.2,1.3,2.0
13905,0.3496,0,NORMAL,17.4,2.7,0.3,0.6
13906,0.8601,0,WARNING,17.8,2.8,1.0,1.3
13907,0.3633,0,NORMAL,17.6,3.6,0.3,0.8
13908,0.3619,0,NORMAL,17.6,2.6,0.8,1.1
13909,0.3652,0,NORMAL,17.3,2.6,0.6,0.9
13910,0.3736,0,NORMAL,17.5,3.2,1.2,1.3
13911,0.3588,0,NORMAL,17.6,3.3,1.1,1.5
13912,0.347,0,NORMAL,17.3,2.3,0.9,1.2
13913,0.6797,0,WARNING,17.3,2.6,1.1,1.3
13914,0.3514,0,NORMAL,17.5,3.1,0.9,1.2
13915,0.3432,0,NORMAL,17.6,3.3,1.0,1.2
13916,0.342,0,NORMAL,17.6,3.7,1.1,1.5
13917,0.3314,0,NORMAL,17.6,3.1,1.1,1.7
13918,0.3328,0,NORMAL,17.5,3.1,1.0,1.3
13919,0.3471,0,NORMAL,17.6,3.5,1.1,1.5
13920,0.3332,0,NORMAL,17.4,2.7,0.9,1.0
13921,0.3554,0,NORMAL,17.6,3.0,0.7,0.9
13922,0.3663,0,NORMAL,17.6,3.2,1.2,1.5
13923,0.4687,0,NORMAL,17.5,2.5,0.8,1.1
13924,0.3738,0,NORMAL,17.5,4.2,1.2,1.3
13925,0.3497,0,NORMAL,17.4,3.0,1.2,1.3
13926,0.3519,0,NORMAL,17.4,2.7,1.0,1.3
13927,0.3631,0,NORMAL,17.5,2.9,0.9,1.1
13928,0.3629,0,NORMAL,17.5,3.5,0.9,1.2
13929,0.3522,0,NORMAL,17.5,3.5,0.9,1.2
13930,0.3497,0,NORMAL,17.6,3.0,0.9,1.3
13931,0.3496,0,NORMAL,17.3,3.5,1.1,1.0
13932,0.3511,0,NORMAL,17.5,3.3,0.9,1.7
13933,0.342,0,NORMAL,17.6,3.7,1.1,1.3
13934,0.3329,0,NORMAL,17.5,3.4,1.2,2.0
13935,0.4447,0,NORMAL,17.3,2.4,0.9,1.0
13936,0.3484,0,NORMAL,17.4,2.4,1.0,1.5
13937,0.3532,0,NORMAL,17.6,3.4,1.1,1.3
13938,0.3515,0,NORMAL,17.6,2.9,0.7,0.8
13939,0.3628,0,NORMAL,17.6,2.8,1.1,1.3
13940,0.3591,0,NORMAL,17.4,3.4,1.2,1.5
13941,0.3356,0,NORMAL,17.6,3.3,0.8,1.2
13942,0.3338,0,NORMAL,17.4,2.8,1.1,1.5
13943,0.3468,0,NORMAL,17.6,3.6,1.0,1.3
13944,0.3363,0,NORMAL,17.6,3.3,1.4,1.8
13945,0.3234,0,NORMAL,17.3,2.8,1.0,1.5
13946,0.3351,0,NORMAL,17.5,3.4,1.1,1.7
13947,0.3179,0,NORMAL,17.6,4.1,1.6,2.5
13948,0.2904,0,NORMAL,17.5,3.5,1.1,1.7
13949,0.3084,0,NORMAL,17.3,2.0,0.8,1.1
13950,0.3493,0,NORMAL,17.5,3.1,0.5,0.6
13951,0.3538,0,NORMAL,17.6,3.4,1.7,2.2
13952,0.329,0,NORMAL,17.5,3.2,1.1,1.5
13953,0.3316,0,NORMAL,17.3,2.6,1.1,1.3
13954,0.3485,0,NORMAL,17.4,3.1,1.0,1.1
13955,0.7454,0,WARNING,17.4,5.7,1.2,1.5
13956,0.3111,0,NORMAL,17.6,3.6,1.4,2.1
13957,0.2955,0,NORMAL,17.4,2.7,1.9,2.5
13958,0.2975,0,NORMAL,17.5,3.3,1.2,1.8
13959,0.308,0,NORMAL,17.6,3.8,1.8,2.5
13960,0.2823,0,NORMAL,17.8,3.1,0.9,1.5
13961,0.3087,0,NORMAL,17.8,3.9,1.5,2.0
13962,0.8536,0,WARNING,17.8,4.6,1.1,2.0
13963,0.2812,0,NORMAL,17.6,3.3,1.3,1.8
13964,0.2944,0,NORMAL,17.4,3.2,1.4,2.3
13965,0.294,0,NORMAL,17.4,3.0,1.2,1.8
13966,0.301,0,NORMAL,17.5,2.7,1.1,1.5
13967,0.3258,0,NORMAL,17.6,3.3,1.8,2.5
13968,0.3023,0,NORMAL,17.6,3.3,1.8,2.7
13969,0.2798,0,NORMAL,17.6,3.0,1.0,1.5
13970,0.7674,0,WARNING,17.4,5.9,1.3,2.0
13971,0.9881,0,WARNING,17.9,11.9,1.1,1.5
13972,0.983,0,WARNING,17.8,11.4,1.2,2.2
13973,0.9875,0,WARNING,17.6,11.5,1.3,2.0
13974,0.9879,0,WARNING,17.9,11.7,1.3,2.2
13975,0.9898,0,WARNING,17.6,11.9,1.1,1.5
13976,0.9894,0,WARNING,17.8,11.9,1.4,1.9
13977,0.9927,0,ANOMALY,17.6,12.7,1.1,1.5
13978,0.9872,0,WARNING,17.8,11.5,1.0,1.5
13979,0.9871,0,WARNING,17.8,11.5,1.3,1.5
13980,0.9907,0,ANOMALY,17.8,12.6,1.5,2.1
13981,0.9879,0,WARNING,17.7,11.9,1.1,1.3
13982,0.9887,0,WARNING,17.8,11.8,0.9,1.2
13983,0.988,0,WARNING,17.9,11.9,1.8,2.7
13984,0.9895,0,WARNING,17.8,12.0,1.6,2.5
13985,0.9922,0,ANOMALY,17.6,12.4,1.4,2.0
13986,0.9875,0,WARNING,17.7,11.9,1.7,2.0
13987,0.9896,0,WARNING,17.7,12.2,1.4,2.0
13988,0.9904,0,ANOMALY,17.9,12.5,1.5,2.3
13989,0.9896,0,WARNING,17.9,12.2,1.4,1.8
13990,0.9938,0,ANOMALY,17.9,13.4,1.5,2.2
13991,0.9929,0,ANOMALY,17.9,13.3,1.7,2.5
13992,0.9869,0,WARNING,17.8,12.1,1.5,2.3
13993,0.992,0,ANOMALY,18.0,13.0,1.8,2.3
13994,0.9876,0,WARNING,18.0,12.1,2.1,2.8
13995,0.992,0,ANOMALY,17.7,12.6,1.8,2.3
13996,0.9889,0,WARNING,17.7,12.0,1.5,2.3
13997,0.859,0,WARNING,17.7,7.3,2.3,2.6
13998,0.2406,0,NORMAL,17.7,3.3,1.8,2.5
13999,0.247,0,NORMAL,17.7,3.9,2.0,3.2
14000,0.2256,0,NORMAL,17.7,3.3,2.2,3.0
14001,0.2226,0,NORMAL,17.6,3.5,1.4,2.3
14002,0.2383,0,NORMAL,17.6,3.2,1.6,2.2
14003,0.278,0,NORMAL,17.3,3.9,2.3,2.7
14004,0.2731,0,NORMAL,17.6,3.7,1.7,2.5
14005,0.2693,0,NORMAL,17.6,3.4,1.6,2.2
14006,0.5159,0,NORMAL,17.6,4.7,1.5,2.4
14007,0.3439,0,NORMAL,17.6,2.9,1.3,2.3
14008,0.2808,0,NORMAL,17.7,3.6,2.4,3.2
14009,0.281,0,NORMAL,17.7,4.0,1.3,1.8
14010,0.6773,0,WARNING,17.7,5.6,1.4,2.3
14011,0.2617,0,NORMAL,17.7,3.6,2.0,2.5
14012,0.2529,0,NORMAL,17.8,3.6,1.8,2.5
14013,0.26,0,NORMAL,17.7,3.6,1.7,2.5
14014,0.2709,0,NORMAL,17.7,4.0,1.6,2.3
14015,0.27,0,NORMAL,17.7,3.2,1.6,2.5
14016,0.2798,0,NORMAL,17.7,3.4,2.2,2.8
14017,0.275,0,NORMAL,17.8,3.7,2.3,3.3
14018,0.2498,0,NORMAL,17.7,3.9,2.2,3.5
14019,0.4544,0,NORMAL,17.6,3.8,1.8,2.5
14020,0.2585,0,NORMAL,17.7,3.5,2.2,3.3
14021,0.471,0,NORMAL,17.8,6.2,2.5,3.2
14022,0.2073,0,NORMAL,17.9,3.9,2.5,3.7
14023,0.1934,0,NORMAL,17.7,3.3,2.1,3.5
14024,0.199,0,NORMAL,17.9,3.8,2.4,3.5
14025,0.1931,0,NORMAL,17.7,3.6,2.3,3.3
14026,0.2016,0,NORMAL,17.6,3.2,2.2,3.0
14027,0.2247,0,NORMAL,17.8,4.2,2.5,3.3
14028,0.42,0,NORMAL,17.7,4.3,2.0,2.8
14029,0.2772,0,NORMAL,17.8,4.2,2.5,3.7
14030,0.1919,0,NORMAL,17.8,3.4,2.5,4.2
14031,0.2222,0,NORMAL,17.8,4.6,3.2,4.2
14032,0.2114,0,NORMAL,17.7,3.4,2.3,2.8
14033,0.2423,0,NORMAL,17.7,3.8,2.0,2.5
14034,0.2329,0,NORMAL,17.7,3.8,2.3,3.2
14035,0.2312,0,NORMAL,17.8,4.1,2.2,3.2
14036,0.2624,0,NORMAL,17.8,4.3,2.1,3.0
14037,0.2095,0,NORMAL,17.8,4.3,2.5,3.4
14038,0.2445,0,NORMAL,17.8,4.3,2.2,2.6
14039,0.2201,0,NORMAL,17.8,3.3,2.1,3.2
14040,0.2231,0,NORMAL,17.9,3.9,2.7,3.5
14041,0.2255,0,NORMAL,17.8,3.5,2.1,3.0
14042,0.2312,0,NORMAL,17.7,3.4,2.1,3.0
14043,0.2386,0,NORMAL,17.7,3.7,2.4,3.4
14044,0.2414,0,NORMAL,17.7,4.2,2.0,2.5
14045,0.2288,0,NORMAL,17.9,4.3,3.1,4.0
14046,0.1928,0,NORMAL,17.9,3.5,2.5,3.5
14047,0.1986,0,NORMAL,17.9,4.4,3.2,4.2
14048,0.1717,0,NORMAL,17.8,3.5,2.1,3.0
14049,0.3022,0,NORMAL,17.9,4.2,2.2,3.3
14050,0.2004,0,NORMAL,17.8,4.3,2.6,3.2
14051,0.4722,0,NORMAL,17.7,4.9,3.0,3.4
14052,0.1881,0,NORMAL,17.9,4.1,2.7,3.5
14053,0.1934,0,NORMAL,17.6,3.0,2.5,3.4
14054,0.221,0,NORMAL,17.8,3.6,2.5,3.4
14055,0.222,0,NORMAL,17.8,4.0,2.8,4.2
14056,0.1853,0,NORMAL,17.8,4.0,2.9,3.3
14057,0.1966,0,NORMAL,17.8,4.0,3.5,4.9
14058,0.1846,0,NORMAL,17.8,3.8,2.5,4.0
14059,0.1692,0,NORMAL,17.9,3.8,2.2,2.8
14060,0.2114,0,NORMAL,17.9,3.7,2.3,3.5
14061,0.1911,0,NORMAL,17.8,3.8,2.4,4.0
14062,0.18,0,NORMAL,17.8,4.2,2.9,4.1
14063,0.1657,0,NORMAL,17.8,4.1,3.3,4.6
14064,0.1472,0,NORMAL,17.8,3.7,2.6,4.2
14065,0.2346,0,NORMAL,17.6,4.1,2.7,3.4
14066,0.1934,0,NORMAL,17.8,4.2,2.7,4.0
14067,0.2352,0,NORMAL,17.8,4.9,3.3,4.3
14068,0.1973,0,NORMAL,17.8,4.7,3.4,4.7
14069,0.1354,0,NORMAL,17.9,3.9,3.5,4.9
14070,0.1751,0,NORMAL,17.8,4.0,2.7,3.7
14071,0.4239,0,NORMAL,18.0,3.9,3.8,4.6
14072,0.2406,0,NORMAL,17.7,4.3,2.6,3.7
14073,0.643,0,WARNING,17.9,5.5,2.6,3.7
14074,0.2432,0,NORMAL,17.9,4.5,2.8,4.0
14075,0.1502,0,NORMAL,17.9,4.7,4.1,4.9
14076,0.1605,0,NORMAL,17.8,4.1,3.5,4.9
14077,0.1179,0,NORMAL,17.9,3.7,3.3,4.4
14078,0.1309,0,NORMAL,17.9,4.1,3.1,4.7
14079,0.1229,0,NORMAL,17.9,4.5,3.1,4.2
14080,0.2689,0,NORMAL,17.8,4.5,2.7,3.7
14081,0.1916,0,NORMAL,18.0,4.6,3.4,5.1
14082,0.1431,0,NORMAL,17.9,4.3,3.2,4.0
14083,0.1286,0,NORMAL,18.0,4.3,3.8,5.0
14084,0.3737,0,NORMAL,17.9,3.7,3.5,4.7
14085,0.2259,0,NORMAL,17.8,4.1,4.5,6.6
14086,0.2948,0,NORMAL,17.8,5.2,4.4,5.7
14087,0.1216,0,NORMAL,17.8,3.7,3.5,4.9
14088,0.2371,0,NORMAL,17.8,4.3,4.0,5.4
14089,0.1885,0,NORMAL,17.9,4.2,3.4,5.1
14090,0.1204,0,NORMAL,17.7,4.4,3.8,5.2
14091,0.1304,0,NORMAL,18.0,5.1,4.2,5.5
14092,0.1822,0,NORMAL,17.9,4.3,3.1,4.4
14093,0.0966,0,NORMAL,17.8,3.4,3.4,4.7
14094,0.2033,0,NORMAL,18.1,4.6,3.6,5.4
14095,0.1978,0,NORMAL,17.9,4.1,4.0,5.3
14096,0.4227,0,NORMAL,17.8,5.3,4.1,4.7
14097,0.248,0,NORMAL,18.0,4.7,3.2,4.2
14098,0.1136,0,NORMAL,18.0,3.4,3.4,4.4
14099,0.1677,0,NORMAL,17.7,4.3,4.7,6.1
14100,0.1001,0,NORMAL,17.9,4.3,3.6,4.5
14101,0.3751,0,NORMAL,17.6,3.5,3.0,4.4
14102,0.4954,0,NORMAL,18.0,4.5,4.2,5.9
14103,0.159,0,NORMAL,18.0,4.6,4.5,5.9
14104,1.0,0,ANOMALY,21.6,9.9,3.6,4.7
14105,0.3807,0,NORMAL,18.0,4.3,4.2,5.2
14106,0.3266,0,NORMAL,17.7,3.8,3.4,4.9
14107,0.191,0,NORMAL,17.9,4.4,3.4,4.4
14108,0.1553,0,NORMAL,18.1,4.3,3.4,4.8
14109,0.1208,0,NORMAL,18.1,5.1,4.3,5.2
14110,0.1834,0,NORMAL,18.0,4.4,3.9,5.2
14111,0.3899,0,NORMAL,18.2,5.3,3.2,4.7
14112,0.1218,0,NORMAL,18.1,4.2,2.8,4.0
14113,0.3682,0,NORMAL,18.2,4.7,4.6,5.8
14114,0.1201,0,NORMAL,18.1,4.8,4.6,6.5
14115,0.2039,0,NORMAL,18.1,3.7,3.2,5.6
14116,0.3531,0,NORMAL,17.9,4.4,3.8,5.4
14117,0.1727,0,NORMAL,18.1,4.7,4.4,5.9
14118,0.2253,0,NORMAL,18.1,4.4,3.8,5.5
14119,0.1493,0,NORMAL,17.9,4.6,3.5,4.9
14120,0.196,0,NORMAL,18.2,4.6,4.1,5.8
14121,0.4918,0,NORMAL,18.1,5.5,3.9,5.0
14122,0.2517,0,NORMAL,18.2,3.8,3.2,4.3
14123,0.1425,0,NORMAL,18.1,4.1,3.4,4.7
14124,0.3356,0,NORMAL,18.0,4.8,3.4,4.9
14125,0.1182,0,NORMAL,17.7,4.2,3.5,4.2
14126,0.381,0,NORMAL,17.9,5.2,3.6,4.9
14127,0.1178,0,NORMAL,17.8,4.2,3.8,4.7
14128,0.205,0,NORMAL,17.8,3.7,2.6,4.2
14129,0.1301,0,NORMAL,17.9,4.3,3.0,4.2
14130,0.2174,0,NORMAL,17.8,4.4,3.7,4.5
14131,0.122,0,NORMAL,18.0,4.0,3.1,4.7
14132,0.1229,0,NORMAL,18.0,4.1,3.2,4.4
14133,0.1207,0,NORMAL,17.9,4.2,3.2,4.7
14134,0.3359,0,NORMAL,18.1,5.6,3.2,4.2
14135,0.6505,0,WARNING,18.1,6.4,3.8,4.8
14136,0.3737,0,NORMAL,18.1,4.9,4.3,5.4
14137,0.2912,0,NORMAL,18.1,4.7,4.1,4.8
14138,0.3238,0,NORMAL,18.0,5.3,4.9,5.6
14139,0.1556,0,NORMAL,17.9,4.6,4.3,5.7
14140,0.1295,0,NORMAL,18.2,4.5,3.9,5.2
14141,0.3766,0,NORMAL,18.2,5.2,3.7,5.1
14142,0.1868,0,NORMAL,18.2,4.9,3.9,5.6
14143,0.1199,0,NORMAL,17.8,4.1,3.3,4.3
14144,0.208,0,NORMAL,18.0,3.6,2.4,3.4
14145,0.1354,0,NORMAL,18.0,4.2,3.8,5.5
14146,0.1173,0,NORMAL,18.0,3.8,3.2,4.5
14147,0.125,0,NORMAL,18.0,4.4,3.2,4.2
14148,0.2303,0,NORMAL,18.0,4.2,3.6,4.5
14149,0.6119,0,WARNING,18.0,6.5,4.0,5.2
14150,0.4277,0,NORMAL,17.8,3.6,3.7,4.9
14151,0.0953,0,NORMAL,18.1,4.5,4.4,5.6
14152,0.2048,0,NORMAL,17.8,4.1,3.3,4.5
14153,0.1185,0,NORMAL,18.0,4.1,3.5,4.5
14154,0.1794,0,NORMAL,18.1,5.2,4.7,5.7
14155,0.4134,0,NORMAL,17.8,3.9,3.5,4.4
14156,0.3113,0,NORMAL,18.0,4.9,3.5,4.9
14157,0.3505,0,NORMAL,17.8,4.6,3.4,4.3
14158,0.1673,0,NORMAL,18.0,4.1,4.0,5.4
14159,0.4189,0,NORMAL,18.1,5.5,4.4,6.1
14160,0.1567,0,NORMAL,18.2,5.3,4.8,6.3
14161,0.1297,0,NORMAL,18.1,4.5,3.5,5.2
14162,0.2253,0,NORMAL,18.3,5.5,4.9,5.9
14163,0.2074,0,NORMAL,18.2,4.2,4.1,5.4
14164,0.1248,0,NORMAL,18.1,4.3,3.0,3.9
14165,0.0951,0,NORMAL,17.9,4.0,3.4,4.9
14166,0.103,0,NORMAL,18.1,4.7,4.2,5.2
14167,0.0904,0,NORMAL,18.1,4.5,4.9,6.2
14168,0.1297,0,NORMAL,18.0,4.9,3.9,4.9
14169,0.1908,0,NORMAL,18.0,4.4,3.4,4.7
14170,0.1734,0,NORMAL,18.1,3.6,3.5,6.1
14171,0.4431,0,NORMAL,18.1,5.4,3.4,4.9
14172,0.1194,0,NORMAL,18.0,4.0,3.5,4.7
14173,0.2509,0,NORMAL,17.8,3.8,3.5,4.7
14174,0.2603,0,NORMAL,18.0,4.5,4.0,5.9
14175,0.1988,0,NORMAL,17.9,4.6,3.9,4.8
14176,0.1734,0,NORMAL,18.0,4.9,4.9,7.1
14177,0.1233,0,NORMAL,17.9,4.5,3.4,4.5
14178,0.1797,0,NORMAL,18.0,3.8,3.5,4.7
14179,0.2532,0,NORMAL,18.0,4.3,3.5,4.9
14180,0.1616,0,NORMAL,17.8,4.4,4.4,6.1
14181,0.1558,0,NORMAL,17.9,4.5,3.5,4.9
14182,0.1889,0,NORMAL,18.1,4.3,4.8,6.2
14183,0.1223,0,NORMAL,18.3,3.5,3.5,4.9
14184,0.1204,0,NORMAL,18.0,4.5,3.7,4.9
14185,0.1497,0,NORMAL,17.9,4.1,3.4,4.4
14186,0.4089,0,NORMAL,18.3,5.7,4.1,5.1
14187,0.2389,0,NORMAL,18.3,4.5,3.9,5.4
14188,0.2722,0,NORMAL,18.2,4.9,3.8,5.2
14189,0.1303,0,NORMAL,18.0,4.1,3.1,4.5
14190,0.2014,0,NORMAL,18.0,4.7,3.7,4.9
14191,0.1185,0,NORMAL,18.1,4.0,3.4,5.2
14192,0.1308,0,NORMAL,18.1,4.7,3.5,4.7
14193,0.3567,0,NORMAL,18.1,4.3,3.7,5.0
14194,0.146,0,NORMAL,18.1,4.0,2.7,4.0
14195,0.7617,0,WARNING,18.2,6.9,3.9,5.6
14196,0.1596,0,NORMAL,17.9,5.1,4.2,5.9
14197,0.1732,0,NORMAL,18.2,4.6,4.7,6.7
14198,0.1782,0,NORMAL,18.2,6.0,5.6,6.9
14199,0.0917,0,NORMAL,18.2,4.1,3.4,4.7
14200,0.2463,0,NORMAL,18.1,4.7,3.5,4.7
14201,0.374,0,NORMAL,18.1,5.7,4.4,5.9
14202,0.1192,0,NORMAL,18.1,4.6,4.6,6.3
14203,0.123,0,NORMAL,18.0,4.6,3.9,5.4
14204,0.1219,0,NORMAL,18.1,4.3,4.2,5.7
14205,0.119,0,NORMAL,18.0,4.3,4.5,6.2
14206,0.2128,0,NORMAL,18.1,4.3,4.4,6.2
14207,0.2075,0,NORMAL,17.9,4.6,4.0,5.8
14208,0.0619,0,NORMAL,18.2,4.1,4.3,5.9
14209,0.1722,0,NORMAL,18.1,4.7,5.1,6.9
14210,0.3199,0,NORMAL,18.3,4.9,4.7,5.8
14211,0.1181,0,NORMAL,18.3,5.1,4.7,6.2
14212,0.2108,0,NORMAL,18.1,4.3,4.0,5.9
14213,0.0962,0,NORMAL,18.2,4.0,3.4,5.4
14214,0.145,0,NORMAL,18.3,4.5,3.9,4.8
14215,0.0856,0,NORMAL,18.3,4.4,4.5,6.0
14216,0.2433,0,NORMAL,18.3,5.0,3.9,5.5
14217,0.3498,0,NORMAL,18.2,4.9,3.8,5.5
14218,0.1209,0,NORMAL,18.1,4.7,4.3,5.7
14219,0.1215,0,NORMAL,18.1,4.7,4.2,6.0
14220,0.122,0,NORMAL,18.1,4.4,4.1,4.5
14221,0.2239,0,NORMAL,18.2,4.4,4.0,5.3
14222,0.1375,0,NORMAL,18.3,4.7,3.8,5.0
14223,0.1202,0,NORMAL,18.3,4.6,3.7,5.2
14224,0.2162,0,NORMAL,18.2,4.1,4.0,5.4
14225,0.2079,0,NORMAL,18.1,4.7,3.6,5.2
14226,0.4189,0,NORMAL,18.1,5.4,4.3,5.7
14227,0.2965,0,NORMAL,17.9,4.3,4.5,5.7
14228,0.1603,0,NORMAL,18.2,4.7,3.3,4.3
14229,0.1196,0,NORMAL,18.0,4.3,3.5,5.4
14230,0.1724,0,NORMAL,18.0,4.6,4.4,5.3
14231,0.13,0,NORMAL,18.4,4.7,4.1,5.2
14232,0.8418,0,WARNING,18.4,6.5,3.6,5.2
14233,0.1567,0,NORMAL,18.0,4.5,3.4,4.9
14234,0.1192,0,NORMAL,18.0,4.0,3.8,5.2
14235,0.3532,0,NORMAL,18.1,4.3,4.7,6.6
14236,0.2099,0,NORMAL,18.3,4.5,4.8,6.4
14237,0.1103,0,NORMAL,18.5,4.3,3.7,5.0
14238,0.13,0,NORMAL,18.3,4.3,4.2,5.7
14239,0.0799,0,NORMAL,18.3,4.9,4.5,5.9
14240,0.3146,0,NORMAL,18.3,5.7,4.3,5.3
14241,0.4183,0,NORMAL,18.4,5.0,4.1,5.4
14242,0.3923,0,NORMAL,18.1,4.2,3.9,5.6
14243,0.1218,0,NORMAL,18.2,4.9,4.3,6.2
14244,0.2549,0,NORMAL,18.2,4.1,4.4,6.1
14245,0.1299,0,NORMAL,18.3,5.1,4.7,6.6
14246,0.1497,0,NORMAL,18.3,4.3,3.8,5.8
14247,0.2348,0,NORMAL,18.3,4.9,3.7,5.5
14248,0.1488,0,NORMAL,18.2,4.4,3.5,5.6
14249,0.0843,0,NORMAL,18.3,4.2,3.9,5.6
14250,0.806,0,WARNING,18.3,7.5,3.7,5.6
14251,0.1879,0,NORMAL,18.2,4.4,5.0,6.7
14252,0.1236,0,NORMAL,17.9,4.7,4.3,5.7
14253,0.1303,0,NORMAL,18.2,4.0,3.9,5.4
14254,0.3067,0,NORMAL,18.0,5.3,3.9,5.2
14255,0.2736,0,NORMAL,18.1,4.1,4.6,6.2
14256,0.2218,0,NORMAL,18.2,4.5,4.2,5.7
14257,0.119,0,NORMAL,18.3,4.5,4.8,6.4
14258,0.0644,0,NORMAL,18.2,4.5,3.9,5.4
14259,0.2636,0,NORMAL,18.1,4.6,3.6,5.0
14260,0.4119,0,NORMAL,18.2,3.8,4.3,6.2
14261,0.1731,0,NORMAL,18.1,5.5,4.8,6.0
14262,0.3059,0,NORMAL,18.4,5.3,4.5,6.4
14263,0.1297,0,NORMAL,18.1,4.7,3.5,5.2
14264,0.2082,0,NORMAL,18.2,3.9,3.5,4.5
14265,0.2286,0,NORMAL,18.1,4.3,4.2,5.8
14266,0.2406,0,NORMAL,18.2,4.0,4.5,6.4
14267,0.1565,0,NORMAL,18.2,4.9,4.6,6.2
14268,0.1185,0,NORMAL,18.2,4.3,4.1,6.1
14269,0.1363,0,NORMAL,18.2,5.1,4.4,6.2
14270,0.3384,0,NORMAL,18.0,4.1,3.8,5.6
14271,0.1191,0,NORMAL,18.3,4.4,4.3,6.4
14272,0.2375,0,NORMAL,18.4,4.9,5.4,6.6
14273,0.1275,0,NORMAL,18.2,4.9,4.2,5.2
14274,0.1229,0,NORMAL,18.4,4.7,4.0,5.2
14275,0.1994,0,NORMAL,18.5,4.2,4.5,5.7
14276,0.4456,0,NORMAL,18.6,6.0,4.8,5.7
14277,0.1228,0,NORMAL,18.4,4.8,4.1,5.3
14278,0.2461,0,NORMAL,18.5,5.7,5.1,6.2
14279,0.1531,0,NORMAL,18.5,4.8,4.2,5.3
14280,0.0746,0,NORMAL,18.3,3.9,3.8,5.2
14281,0.122,0,NORMAL,18.5,4.9,5.0,6.7
14282,0.2716,0,NORMAL,18.4,4.5,5.1,6.9
14283,0.1631,0,NORMAL,18.4,4.5,4.0,4.7
14284,0.122,0,NORMAL,18.4,4.3,3.9,5.0
14285,0.251,0,NORMAL,18.1,4.4,4.2,6.1
14286,0.0765,0,NORMAL,18.2,4.7,4.4,5.5
14287,0.0765,0,NORMAL,18.1,3.8,3.6,4.5
14288,0.1276,0,NORMAL,18.3,4.7,4.0,5.7
14289,0.4555,0,NORMAL,18.2,4.3,4.4,5.9
14290,0.3071,0,NORMAL,18.4,4.9,4.7,6.9
14291,0.4485,0,NORMAL,18.2,5.8,4.8,6.0
14292,0.1182,0,NORMAL,18.4,4.3,4.4,6.4
14293,0.1249,0,NORMAL,18.0,3.8,3.1,4.5
14294,0.0842,0,NORMAL,18.4,4.2,3.8,5.4
14295,0.1324,0,NORMAL,18.5,4.8,3.9,4.7
14296,0.2883,0,NORMAL,18.5,4.1,3.5,5.2
14297,0.095,0,NORMAL,18.4,4.3,4.0,5.5
14298,0.2056,0,NORMAL,18.3,5.3,4.3,6.6
14299,0.1919,0,NORMAL,18.3,4.2,4.4,6.2
14300,0.2625,0,NORMAL,18.3,4.4,5.1,6.6
14301,0.1715,0,NORMAL,18.5,4.7,4.5,6.7
14302,0.161,0,NORMAL,18.2,3.9,3.8,5.4
14303,0.1505,0,NORMAL,18.2,3.7,3.3,5.2
14304,0.3353,0,NORMAL,18.4,5.1,4.2,6.1
14305,0.1193,0,NORMAL,18.6,5.1,5.3,6.5
14306,0.3891,0,NORMAL,18.4,5.7,4.3,5.5
14307,0.3359,0,NORMAL,18.5,5.8,5.0,7.3
14308,0.829,0,WARNING,18.7,5.6,4.5,6.4
14309,0.0611,0,NORMAL,18.5,4.5,4.0,5.0
14310,0.2355,0,NORMAL,18.4,4.5,4.6,6.7
14311,0.1719,0,NORMAL,18.6,5.2,5.4,6.9
14312,0.333,0,NORMAL,18.7,4.1,3.6,5.4
14313,0.3437,0,NORMAL,18.5,4.8,4.6,5.9
14314,0.7955,0,WARNING,18.6,7.8,5.2,6.4
14315,0.2035,0,NORMAL,18.2,4.2,3.6,5.6
14316,0.2413,0,NORMAL,18.5,5.2,4.8,7.1
14317,0.1758,0,NORMAL,18.2,3.4,3.6,5.9
14318,0.1189,0,NORMAL,18.4,5.2,5.1,6.7
14319,0.293,0,NORMAL,18.5,4.6,4.0,5.7
14320,0.1955,0,NORMAL,18.6,4.9,4.5,6.9
14321,0.3376,0,NORMAL,18.5,5.4,4.6,6.4
14322,0.1578,0,NORMAL,18.5,5.8,6.0,5.6
14323,0.233,0,NORMAL,18.4,4.2,4.1,3.0
14324,0.1088,0,NORMAL,18.4,4.6,4.6,5.5
14325,0.2226,0,NORMAL,18.2,4.5,4.7,7.2
14326,0.4314,0,NORMAL,18.1,4.2,3.9,5.9
14327,0.2224,0,NORMAL,18.5,4.9,5.6,7.6
14328,0.0818,0,NORMAL,18.4,4.6,4.3,5.9
14329,0.1712,0,NORMAL,18.3,5.4,5.5,4.1
14330,0.1922,0,NORMAL,18.4,4.5,5.2,4.8
14331,0.0872,0,NORMAL,18.6,4.5,4.6,6.0
14332,0.1949,0,NORMAL,18.6,5.3,5.3,7.1
14333,0.0963,0,NORMAL,18.5,3.8,3.9,5.6
14334,0.2222,0,NORMAL,18.7,4.8,5.3,7.6
14335,0.3509,0,NORMAL,18.5,5.1,5.7,4.2
14336,0.3509,0,NORMAL,18.4,5.8,5.6,4.8
14337,0.1179,0,NORMAL,18.6,5.1,5.0,6.6
14338,0.1176,0,NORMAL,18.6,4.4,3.9,6.0
14339,0.1193,0,NORMAL,18.5,4.5,4.7,6.6
14340,0.1246,0,NORMAL,18.1,4.4,3.9,5.6
14341,0.2225,0,NORMAL,18.5,5.4,5.2,7.4
14342,0.2388,0,NORMAL,18.4,5.0,6.2,4.8
14343,0.1755,0,NORMAL,18.6,5.5,5.8,4.9
14344,0.2686,0,NORMAL,18.7,5.2,6.6,8.4
14345,0.211,0,NORMAL,18.5,5.1,5.3,5.2
14346,0.1527,0,NORMAL,18.6,4.8,5.6,4.6
14347,0.0666,0,NORMAL,18.5,4.7,5.3,5.6
14348,0.1943,0,NORMAL,18.5,5.3,5.3,6.7
14349,0.172,0,NORMAL,18.5,4.6,4.9,4.1
14350,0.1527,0,NORMAL,18.6,5.3,5.3,4.7
14351,0.3435,0,NORMAL,18.6,6.0,5.3,6.2
14352,0.1106,0,NORMAL,18.3,5.1,5.7,6.0
14353,0.2168,0,NORMAL,18.6,5.4,4.9,4.2
14354,0.4061,0,NORMAL,18.5,4.0,4.9,6.2
14355,0.2066,0,NORMAL,18.5,5.0,6.0,6.5
14356,0.2376,0,NORMAL,18.5,5.3,5.0,3.7
14357,0.1713,0,NORMAL,18.5,5.0,5.8,5.8
14358,0.1765,0,NORMAL,18.6,5.4,6.1,7.0
14359,0.0908,0,NORMAL,18.5,5.4,6.3,6.1
14360,0.1204,0,NORMAL,18.2,4.9,4.9,5.0
14361,0.2456,0,NORMAL,18.2,4.4,5.0,5.5
14362,0.1992,0,NORMAL,18.5,5.5,5.5,5.8
14363,0.2196,0,NORMAL,18.5,5.3,5.4,5.5
14364,0.1163,0,NORMAL,18.4,4.8,5.9,5.6
14365,0.2265,0,NORMAL,18.4,5.4,6.9,7.5
14366,0.274,0,NORMAL,18.5,5.6,5.4,5.0
14367,0.1558,0,NORMAL,18.4,5.1,4.7,4.6
14368,0.1284,0,NORMAL,18.5,5.3,5.5,6.7
14369,0.1476,0,NORMAL,18.3,4.3,4.8,5.1
14370,0.7484,0,WARNING,18.5,7.7,5.9,5.4
14371,0.3907,0,NORMAL,18.6,5.3,5.7,6.2
14372,0.1687,0,NORMAL,18.4,5.1,5.6,6.2
14373,0.1501,0,NORMAL,18.3,4.8,6.2,6.0
14374,0.2251,0,NORMAL,18.3,5.2,5.0,5.0
14375,0.0802,0,NORMAL,18.3,4.4,5.4,6.2
14376,0.1833,0,NORMAL,18.4,5.4,5.8,5.6
14377,0.1112,0,NORMAL,18.3,4.2,4.8,4.6
14378,0.2197,0,NORMAL,18.6,5.6,4.9,5.4
14379,0.1287,0,NORMAL,18.6,4.9,5.1,5.5
14380,0.1706,0,NORMAL,18.7,5.9,6.3,6.0
14381,0.4905,0,NORMAL,18.7,6.7,6.4,5.9
14382,0.1141,0,NORMAL,18.3,5.1,5.8,5.8
14383,0.2007,0,NORMAL,18.4,4.8,5.0,5.7
14384,0.2087,0,NORMAL,18.5,4.4,4.7,5.0
14385,0.1717,0,NORMAL,18.5,4.7,5.0,6.9
14386,0.2167,0,NORMAL,18.4,5.0,5.4,5.5
14387,0.2203,0,NORMAL,18.4,4.6,5.3,4.2
14388,0.8414,0,WARNING,18.8,5.9,6.5,7.0
14389,0.2575,0,NORMAL,18.5,5.7,5.7,6.4
14390,0.1724,0,NORMAL,18.4,4.4,4.6,4.0
14391,0.1444,0,NORMAL,18.6,5.6,5.5,5.2
14392,0.105,0,NORMAL,18.5,4.5,4.6,6.0
14393,0.142,0,NORMAL,18.7,5.8,6.1,5.9
14394,0.1195,0,NORMAL,18.7,4.8,4.9,4.2
14395,0.1471,0,NORMAL,18.8,4.9,5.2,5.1
14396,0.3607,0,NORMAL,18.8,5.7,4.7,6.2
14397,0.1717,0,NORMAL,18.8,5.0,4.7,6.7
14398,0.155,0,NORMAL,18.7,5.4,6.1,5.3
14399,0.2216,0,NORMAL,18.4,4.9,4.3,3.0
14400,0.1189,0,NORMAL,18.4,4.4,4.5,6.2
14401,0.2224,0,NORMAL,18.8,5.6,6.0,7.7
14402,0.2215,0,NORMAL,18.8,5.5,5.2,3.7
14403,0.1099,0,NORMAL,18.7,5.2,5.5,5.1
14404,0.1454,0,NORMAL,18.4,5.1,5.6,6.9
14405,0.2435,0,NORMAL,18.5,4.9,5.8,5.7
14406,0.2332,0,NORMAL,18.4,5.1,5.7,4.6
14407,0.15,0,NORMAL,18.5,4.0,4.0,4.8
14408,0.1186,0,NORMAL,18.6,5.1,4.7,6.4
14409,0.3008,0,NORMAL,18.5,4.0,4.0,5.9
14410,0.0847,0,NORMAL,18.4,4.2,4.0,5.2
14411,0.1727,0,NORMAL,18.6,5.3,5.5,7.1
14412,0.4518,0,NORMAL,18.6,6.2,5.2,6.5
14413,0.2598,0,NORMAL,18.5,5.0,5.2,6.0
14414,0.2948,0,NORMAL,18.5,5.0,3.8,4.9
14415,0.1188,0,NORMAL,18.6,4.3,5.0,6.7
14416,0.2387,0,NORMAL,18.5,5.2,4.5,5.9
14417,0.1861,0,NORMAL,18.6,4.5,4.9,6.0
14418,0.8375,0,WARNING,18.8,6.7,5.2,6.5
14419,0.104,0,NORMAL,18.4,4.4,4.5,5.5
14420,0.1593,0,NORMAL,18.4,4.2,4.1,6.1
14421,0.123,0,NORMAL,18.4,4.8,4.5,5.9
14422,0.172,0,NORMAL,18.6,4.8,5.1,6.9
14423,0.1178,0,NORMAL,18.7,5.2,5.0,6.3
14424,0.1177,0,NORMAL,18.7,4.2,4.3,6.3
14425,0.1655,0,NORMAL,18.6,4.3,4.5,6.2
14426,0.4066,0,NORMAL,18.4,5.2,3.7,4.7
14427,0.071,0,NORMAL,18.5,4.8,4.1,5.0
14428,0.0632,0,NORMAL,18.7,4.4,4.0,5.5
14429,0.1542,0,NORMAL,18.5,4.7,4.7,6.2
14430,0.776,0,WARNING,18.5,7.0,3.8,5.2
14431,0.0646,0,NORMAL,18.7,4.7,4.8,5.9
14432,0.3558,0,NORMAL,18.6,4.1,3.8,5.2
14433,0.1193,0,NORMAL,18.4,4.8,4.4,6.2
14434,0.1724,0,NORMAL,18.6,5.4,5.7,7.2
14435,0.1253,0,NORMAL,18.5,4.3,3.6,4.3
14436,0.2231,0,NORMAL,18.3,4.4,4.0,5.7
14437,0.1673,0,NORMAL,18.3,4.6,4.3,5.9
14438,0.1299,0,NORMAL,18.4,4.4,4.0,5.6
14439,0.1385,0,NORMAL,18.6,5.1,4.9,6.1
14440,0.4126,0,NORMAL,18.7,5.2,3.4,4.9
14441,0.1161,0,NORMAL,18.6,4.3,4.1,5.2
14442,0.3346,0,NORMAL,18.6,4.2,4.0,5.6
14443,0.0897,0,NORMAL,18.6,4.4,4.2,5.7
14444,0.2329,0,NORMAL,18.6,4.8,4.0,5.2
14445,0.1203,0,NORMAL,18.3,3.3,3.4,4.7
14446,0.4897,0,NORMAL,18.5,4.2,3.4,4.7
14447,0.1205,0,NORMAL,18.6,4.1,3.9,6.1
14448,0.2081,0,NORMAL,18.5,4.5,4.0,5.4
14449,0.1412,0,NORMAL,18.6,4.3,3.6,5.4
14450,0.1144,0,NORMAL,18.4,3.6,3.1,4.2
14451,0.1659,0,NORMAL,18.7,4.1,3.6,4.9
14452,0.2499,0,NORMAL,18.4,3.6,3.3,5.4
14453,0.1504,0,NORMAL,18.6,4.5,4.4,5.9
14454,0.4919,0,NORMAL,18.8,6.1,4.5,5.9
14455,0.0776,0,NORMAL,18.7,3.9,3.8,5.4
14456,0.4695,0,NORMAL,18.7,5.6,4.4,6.1
14457,0.1808,0,NORMAL,18.6,4.7,4.0,5.4
14458,0.1817,0,NORMAL,18.6,4.5,3.7,5.7
14459,0.347,0,NORMAL,18.5,4.1,4.0,5.0
14460,0.0828,0,NORMAL,18.8,4.2,3.9,5.6
14461,0.1423,0,NORMAL,18.7,4.5,3.9,5.4
14462,0.1832,0,NORMAL,18.5,4.3,4.4,6.1
14463,0.1219,0,NORMAL,18.5,4.3,3.2,5.3
14464,0.1868,0,NORMAL,18.6,4.2,3.7,5.6
14465,0.2023,0,NORMAL,18.6,3.9,3.7,5.3
14466,0.3273,0,NORMAL,18.4,4.0,3.8,5.5
14467,0.0916,0,NORMAL,18.4,4.1,4.0,5.5
14468,0.2107,0,NORMAL,18.6,5.0,3.8,5.3
14469,0.0909,0,NORMAL,18.6,4.0,3.5,5.2
14470,0.3059,0,NORMAL,18.5,4.3,3.3,4.7
14471,0.2469,0,NORMAL,18.8,5.5,5.1,6.6
14472,0.1724,0,NORMAL,18.8,4.8,5.0,6.9
14473,0.2109,0,NORMAL,18.4,4.3,3.9,4.5
14474,0.0957,0,NORMAL,18.5,3.9,3.4,5.4
14475,0.2379,0,NORMAL,18.7,4.8,4.1,5.4
14476,0.1195,0,NORMAL,18.5,4.0,4.2,6.1
14477,0.5273,0,NORMAL,18.3,4.3,4.7,6.4
14478,0.0732,0,NORMAL,18.6,4.3,3.7,5.2
14479,0.9725,0,WARNING,19.1,5.6,4.1,5.9
14480,0.8387,0,WARNING,18.8,5.3,3.0,4.0
14481,0.1368,0,NORMAL,18.7,4.0,3.8,5.5
14482,0.1201,0,NORMAL,18.6,4.2,3.7,5.0
14483,0.2507,0,NORMAL,18.7,4.8,3.7,5.2
14484,0.1227,0,NORMAL,18.6,3.8,3.0,4.0
14485,0.185,0,NORMAL,18.6,4.1,3.5,4.5
14486,0.8447,0,WARNING,19.0,5.7,4.2,5.7
14487,0.3782,0,NORMAL,18.7,4.4,3.1,4.7
14488,0.1178,0,NORMAL,18.6,4.5,3.8,5.4
14489,0.1142,0,NORMAL,18.7,3.9,3.1,4.7
14490,0.1179,0,NORMAL,18.6,4.1,3.1,4.3
14491,0.1213,0,NORMAL,18.6,4.5,3.6,5.2
14492,0.1775,0,NORMAL,18.4,3.7,3.5,4.4
14493,0.1309,0,NORMAL,18.6,4.7,3.3,5.0
14494,0.1634,0,NORMAL,18.6,4.9,3.9,5.2
14495,0.7188,0,WARNING,18.7,6.9,4.0,5.9
14496,0.0855,0,NORMAL,18.7,5.1,4.7,6.1
14497,0.1829,0,NORMAL,18.7,4.3,4.0,5.4
14498,0.1521,0,NORMAL,18.7,4.4,3.5,5.2
14499,0.2913,0,NORMAL,18.8,5.1,3.6,5.7
14500,0.8358,0,WARNING,18.9,5.7,3.4,4.9
14501,0.3407,0,NORMAL,18.4,4.7,3.5,4.9
14502,0.1308,0,NORMAL,18.6,4.4,3.6,5.0
14503,0.1627,0,NORMAL,18.5,5.1,4.9,6.6
14504,0.122,0,NORMAL,18.6,3.9,3.7,5.0
14505,0.1205,0,NORMAL,18.6,4.1,3.7,5.1
14506,0.2545,0,NORMAL,18.5,4.0,4.4,6.2
14507,0.1097,0,NORMAL,18.5,4.6,3.9,5.2
14508,0.8401,0,WARNING,18.9,5.0,4.3,5.2
14509,0.3017,0,NORMAL,18.6,5.1,4.8,6.4
14510,0.1069,0,NORMAL,18.7,4.0,3.5,4.9
14511,0.1645,0,NORMAL,18.8,5.0,4.3,6.0
14512,0.1365,0,NORMAL,18.7,4.3,3.8,5.2
14513,0.193,0,NORMAL,18.5,4.4,4.9,6.2
14514,0.1058,0,NORMAL,18.7,4.5,4.0,5.6
14515,0.3307,0,NORMAL,18.6,5.6,4.5,6.4
14516,0.402,0,NORMAL,18.5,4.8,4.4,6.1
14517,0.3348,0,NORMAL,18.7,4.7,2.8,4.1
14518,0.1032,0,NORMAL,18.7,4.1,3.4,5.1
14519,0.1208,0,NORMAL,18.5,4.8,4.8,6.2
14520,0.1274,0,NORMAL,18.4,4.3,3.8,5.0
14521,0.1302,0,NORMAL,18.4,4.6,4.6,5.6
14522,0.2668,0,NORMAL,17.7,4.2,3.3,2.6
14523,0.1628,0,NORMAL,17.9,4.7,4.1,4.0
14524,0.1698,0,NORMAL,18.0,4.5,3.9,5.4
14525,0.1243,0,NORMAL,18.3,4.2,3.2,4.7
14526,0.1129,0,NORMAL,18.2,4.4,4.2,5.4
14527,0.2048,0,NORMAL,18.2,4.6,3.8,5.2
14528,0.1303,0,NORMAL,18.4,4.6,3.9,5.8
14529,0.4155,0,NORMAL,18.3,4.6,2.3,4.0
14530,0.1819,0,NORMAL,18.2,4.8,5.0,6.6
14531,0.3027,0,NORMAL,18.6,6.5,5.2,5.7
14532,0.2907,0,NORMAL,18.6,5.3,4.6,5.8
14533,0.2694,0,NORMAL,18.5,4.3,4.8,6.1
14534,0.0839,0,NORMAL,18.7,4.4,4.4,6.0
14535,0.0835,0,NORMAL,18.8,4.6,4.4,5.4
14536,0.3345,0,NORMAL,18.8,5.2,4.5,6.0
14537,0.2059,0,NORMAL,18.9,5.1,4.6,6.5
14538,0.2721,0,NORMAL,18.7,3.5,3.7,5.2
14539,0.2994,0,NORMAL,18.8,4.7,4.1,5.9
14540,0.2043,0,NORMAL,18.8,5.0,5.5,6.8
14541,0.093,0,NORMAL,18.8,4.9,4.6,6.0
14542,0.2616,0,NORMAL,18.7,4.7,4.5,5.8
14543,0.1235,0,NORMAL,18.7,4.2,3.2,4.5
14544,0.1264,0,NORMAL,19.1,5.1,4.8,5.8
14545,0.3168,0,NORMAL,19.1,6.0,5.4,6.4
14546,0.124,0,NORMAL,18.9,4.2,3.5,4.5
14547,0.2914,0,NORMAL,18.9,5.0,3.3,4.9
14548,0.1214,0,NORMAL,18.8,3.9,3.0,4.5
14549,0.0998,0,NORMAL,18.9,4.8,4.3,5.5
14550,0.1764,0,NORMAL,18.9,4.9,5.1,6.5
14551,0.1296,0,NORMAL,19.1,5.2,4.9,6.1
14552,0.735,0,WARNING,19.0,7.0,4.6,6.8
14553,0.2121,0,NORMAL,18.9,4.0,3.8,5.0
14554,0.2797,0,NORMAL,19.0,4.6,3.7,5.6
14555,0.178,0,NORMAL,19.1,4.2,4.5,5.7
14556,0.13,0,NORMAL,19.1,4.6,3.8,4.6
14557,0.1428,0,NORMAL,19.2,4.3,3.1,4.5
14558,0.1707,0,NORMAL,19.3,4.5,4.2,5.6
14559,0.1426,0,NORMAL,19.0,4.4,4.1,5.3
14560,0.1271,0,NORMAL,19.1,5.1,4.7,6.3
14561,0.3975,0,NORMAL,19.3,6.5,5.5,6.5
14562,0.1838,0,NORMAL,18.9,4.8,4.2,4.3
14563,0.102,0,NORMAL,19.1,4.4,3.8,5.0
14564,0.2067,0,NORMAL,18.9,4.5,4.7,6.4
14565,0.1106,0,NORMAL,19.1,4.0,3.7,5.0
14566,0.1364,0,NORMAL,18.9,3.7,2.9,4.7
14567,0.1969,0,NORMAL,18.9,5.0,4.1,5.7
14568,0.142,0,NORMAL,19.1,4.4,4.1,5.5
14569,0.3039,0,NORMAL,19.3,5.0,5.0,6.3
14570,0.1094,0,NORMAL,18.9,4.6,4.7,6.0
14571,0.8356,0,WARNING,19.4,5.9,4.8,6.4
14572,0.105,0,NORMAL,19.1,4.6,4.7,5.9
14573,0.179,0,NORMAL,19.2,5.0,4.7,6.1
14574,0.2163,0,NORMAL,19.2,4.5,4.2,5.4
14575,0.2245,0,NORMAL,19.3,5.6,5.1,6.4
14576,0.3038,0,NORMAL,19.2,5.1,3.9,5.5
14577,0.2073,0,NORMAL,19.0,4.5,3.6,5.2
14578,0.1412,0,NORMAL,19.1,4.1,3.3,4.4
14579,0.1995,0,NORMAL,19.0,4.2,3.7,5.2
14580,0.1107,0,NORMAL,18.9,4.3,4.2,5.5
14581,0.1109,0,NORMAL,19.1,4.5,3.9,4.9
14582,0.1436,0,NORMAL,19.2,4.6,4.5,5.5
14583,0.1901,0,NORMAL,19.0,3.7,2.9,4.4
14584,0.2053,0,NORMAL,19.3,3.9,3.4,4.4
14585,0.1755,0,NORMAL,19.3,4.3,4.3,5.9
14586,0.1267,0,NORMAL,19.1,4.0,3.7,5.7
14587,0.1425,0,NORMAL,19.2,4.6,4.7,6.1
14588,0.1426,0,NORMAL,19.3,4.8,4.4,6.0
14589,0.1577,0,NORMAL,19.3,5.1,4.7,6.2
14590,0.195,0,NORMAL,19.3,4.8,3.7,5.2
14591,0.1565,0,NORMAL,19.3,4.8,3.5,4.8
14592,0.316,0,NORMAL,19.4,4.8,4.2,5.9
14593,0.1404,0,NORMAL,19.2,3.7,3.4,5.2
14594,0.1421,0,NORMAL,19.3,4.5,3.7,5.0
14595,0.2015,0,NORMAL,19.3,4.8,3.8,5.4
14596,0.1574,0,NORMAL,19.1,4.2,4.9,6.1
14597,0.5421,0,NORMAL,19.4,4.2,4.0,5.9
14598,0.1726,0,NORMAL,19.5,4.9,4.6,6.7
14599,0.1252,0,NORMAL,19.3,4.4,4.4,6.4
14600,0.1339,0,NORMAL,19.0,4.5,4.7,5.7
14601,0.1365,0,NORMAL,18.9,4.3,4.2,6.1
14602,0.1993,0,NORMAL,19.2,4.8,3.6,5.4
14603,0.1576,0,NORMAL,19.2,3.8,3.5,5.4
14604,0.213,0,NORMAL,19.3,5.1,3.7,5.1
14605,0.1737,0,NORMAL,19.3,3.8,2.9,4.5
14606,0.2439,0,NORMAL,19.1,5.0,4.4,6.5
14607,0.1568,0,NORMAL,19.1,4.4,4.0,5.7
14608,0.157,0,NORMAL,19.2,4.2,3.5,4.7
14609,0.1734,0,NORMAL,19.3,4.3,4.8,6.8
14610,0.7582,0,WARNING,19.1,7.4,4.5,6.6
14611,0.1355,0,NORMAL,19.3,5.1,4.7,6.4
14612,0.1716,0,NORMAL,19.3,4.8,4.2,6.5
14613,0.1549,0,NORMAL,19.3,4.6,5.4,5.5
14614,0.1578,0,NORMAL,19.4,5.0,5.0,6.0
14615,0.2154,0,NORMAL,19.4,5.5,4.9,6.3
14616,0.1872,0,NORMAL,19.2,4.0,4.6,5.5
14617,0.1741,0,NORMAL,19.4,4.7,4.4,5.9
14618,0.2492,0,NORMAL,19.4,4.5,4.3,5.6
14619,0.1893,0,NORMAL,19.4,4.5,3.6,5.2
14620,0.4535,0,NORMAL,19.3,6.2,5.1,7.4
14621,0.2309,0,NORMAL,19.4,5.8,5.4,6.9
14622,0.305,0,NORMAL,19.4,5.1,5.0,3.2
14623,0.2167,0,NORMAL,19.2,4.9,4.8,4.4
14624,0.1579,0,NORMAL,19.3,4.5,3.5,5.4
14625,0.2525,0,NORMAL,19.4,4.5,4.4,7.1
14626,0.1584,0,NORMAL,19.5,4.9,4.8,6.1
14627,0.1715,0,NORMAL,19.5,4.8,4.8,3.7
14628,0.1599,0,NORMAL,19.2,4.4,3.5,4.9
14629,0.2234,0,NORMAL,19.3,5.3,5.4,7.4
14630,0.1816,0,NORMAL,19.4,5.5,6.2,4.5
14631,0.1717,0,NORMAL,19.4,5.2,4.8,4.6
14632,0.1755,0,NORMAL,19.4,4.5,5.5,7.0
14633,0.2481,0,NORMAL,19.5,6.7,6.5,5.5
14634,0.2005,0,NORMAL,19.4,5.2,6.3,5.3
14635,0.2057,0,NORMAL,19.4,5.5,6.1,6.5
14636,0.4902,0,NORMAL,19.5,6.7,5.6,6.1
14637,0.1414,0,NORMAL,19.5,5.2,5.8,5.3
14638,0.2257,0,NORMAL,19.4,5.0,5.4,5.3
14639,0.1506,0,NORMAL,19.4,5.2,4.6,5.1
14640,0.2456,0,NORMAL,19.5,4.8,5.5,7.5
14641,0.2222,0,NORMAL,19.4,4.8,4.8,4.9
14642,0.246,0,NORMAL,19.6,5.9,5.5,4.0
14643,0.1906,0,NORMAL,19.3,4.9,4.8,4.9
14644,0.1781,0,NORMAL,19.4,5.3,4.7,5.8
14645,0.2223,0,NORMAL,19.3,5.5,5.6,7.6
14646,0.1577,0,NORMAL,19.4,5.2,4.9,5.1
14647,0.2509,0,NORMAL,19.2,4.5,4.8,6.6
14648,0.1746,0,NORMAL,19.6,4.9,5.9,6.8
14649,0.2222,0,NORMAL,19.5,4.8,4.5,3.9
14650,0.2095,0,NORMAL,19.6,5.4,5.4,5.4
14651,0.1745,0,NORMAL,19.6,5.5,5.7,6.5
14652,0.2012,0,NORMAL,19.5,5.0,5.3,5.7
14653,0.2339,0,NORMAL,19.6,5.4,5.3,4.9
14654,0.2182,0,NORMAL,19.7,4.5,5.3,5.2
14655,0.2051,0,NORMAL,19.4,4.1,4.5,5.3
14656,0.2056,0,NORMAL,19.7,4.8,5.9,6.2
14657,0.2562,0,NORMAL,19.6,5.5,5.6,5.4
14658,0.1741,0,NORMAL,19.5,5.1,5.8,5.4
14659,0.3168,0,NORMAL,19.5,5.5,6.3,6.8
14660,0.158,0,NORMAL,19.4,4.4,4.9,4.9
14661,0.1599,0,NORMAL,19.4,5.4,5.4,5.1
14662,0.2162,0,NORMAL,19.2,5.1,4.4,6.2
14663,0.189,0,NORMAL,19.6,5.4,6.4,7.5
14664,0.2658,0,NORMAL,19.4,5.3,5.9,3.7
14665,0.5069,0,NORMAL,19.4,4.5,5.5,5.6
14666,0.4162,0,NORMAL,19.5,5.1,5.2,6.7
14667,1.0,0,ANOMALY,22.9,9.3,4.8,4.8
14668,0.3191,0,NORMAL,19.7,5.4,5.1,4.9
14669,0.2086,0,NORMAL,19.5,4.6,4.7,5.7
14670,0.1562,0,NORMAL,19.3,4.7,4.9,5.4
14671,0.1575,0,NORMAL,19.3,4.4,5.1,5.1
14672,0.2193,0,NORMAL,19.5,4.2,4.8,5.0
14673,0.3514,0,NORMAL,19.3,4.7,5.8,5.3
14674,0.7602,0,WARNING,19.7,7.8,5.5,5.5
14675,0.2435,0,NORMAL,19.5,4.5,5.2,5.5
14676,0.2178,0,NORMAL,19.6,4.7,5.4,4.7
14677,0.1935,0,NORMAL,19.6,5.8,6.8,8.0
14678,0.1729,0,NORMAL,19.6,5.2,6.4,6.5
14679,0.2713,0,NORMAL,19.5,5.4,5.1,5.5
14680,0.2187,0,NORMAL,19.8,4.9,5.1,4.8
14681,0.2049,0,NORMAL,19.6,4.9,5.2,5.2
14682,0.4608,0,NORMAL,19.7,6.5,6.4,7.0
14683,0.1391,0,NORMAL,19.4,5.3,6.0,5.6
14684,0.1736,0,NORMAL,19.6,5.5,6.3,5.7
14685,0.2186,0,NORMAL,19.8,5.4,5.6,5.6
14686,0.1894,0,NORMAL,19.7,4.9,5.6,6.1
14687,0.2804,0,NORMAL,19.6,6.4,7.3,6.9
14688,0.1552,0,NORMAL,19.5,5.6,5.0,5.0
14689,0.417,0,NORMAL,19.5,5.3,5.1,5.3
14690,0.1964,0,NORMAL,19.2,5.5,5.8,6.1
14691,0.1115,0,NORMAL,19.2,4.9,5.9,5.6
14692,0.1563,0,NORMAL,19.4,4.5,5.5,5.6
14693,0.189,0,NORMAL,19.3,6.2,7.0,7.2
14694,0.1482,0,NORMAL,19.5,5.9,6.7,6.1
14695,0.1215,0,NORMAL,19.6,5.4,6.4,7.2
14696,0.4201,0,NORMAL,19.7,6.4,6.7,7.4
14697,0.153,0,NORMAL,19.6,5.5,6.5,6.6
14698,0.8273,0,WARNING,19.8,5.8,5.8,6.3
14699,0.1951,0,NORMAL,19.6,5.2,5.6,5.8
14700,0.1571,0,NORMAL,19.7,5.2,5.5,5.3
14701,0.4172,0,NORMAL,19.7,6.7,7.2,6.7
14702,0.3947,0,NORMAL,19.8,5.4,6.7,6.4
14703,0.2929,0,NORMAL,19.8,6.2,8.0,7.1
14704,0.2131,0,NORMAL,19.8,5.6,6.4,6.6
14705,0.2004,0,NORMAL,19.6,5.4,6.1,6.1
14706,0.1902,0,NORMAL,19.4,4.4,5.8,5.8
14707,0.333,0,NORMAL,19.8,6.3,7.0,7.8
14708,0.2236,0,NORMAL,19.6,6.1,6.9,6.5
14709,0.1735,0,NORMAL,19.5,5.7,7.1,7.1
14710,0.2008,0,NORMAL,19.6,5.4,6.1,5.9
14711,0.4127,0,NORMAL,19.8,6.7,6.9,6.6
14712,0.2015,0,NORMAL,19.7,5.3,6.3,6.3
14713,0.1993,0,NORMAL,19.5,5.3,6.2,6.5
14714,0.2198,0,NORMAL,19.6,5.8,7.1,8.0
14715,0.1669,0,NORMAL,19.7,5.0,6.2,6.5
14716,0.227,0,NORMAL,19.6,6.5,6.7,6.6
14717,0.1957,0,NORMAL,19.6,5.8,7.0,7.5
14718,0.1971,0,NORMAL,19.6,5.8,6.5,6.2
14719,0.1923,0,NORMAL,19.3,5.4,5.3,5.1
14720,0.2149,0,NORMAL,19.2,6.3,6.9,6.6
14721,0.1798,0,NORMAL,19.3,5.2,5.9,5.9
14722,0.1692,0,NORMAL,19.5,5.2,7.1,6.9
14723,0.1844,0,NORMAL,19.6,6.0,6.7,6.6
14724,0.2152,0,NORMAL,19.7,6.0,6.7,6.5
14725,0.2681,0,NORMAL,19.9,6.0,7.7,7.5
14726,0.2254,0,NORMAL,19.9,6.1,7.1,7.1
14727,0.3409,0,NORMAL,19.9,6.6,6.5,6.2
14728,0.2162,0,NORMAL,20.0,6.0,6.5,6.6
14729,0.233,0,NORMAL,19.6,5.8,6.3,6.4
14730,0.1993,0,NORMAL,19.8,5.5,6.8,7.0
14731,0.6966,0,WARNING,20.0,8.1,6.7,6.5
14732,0.209,0,NORMAL,19.9,5.6,7.1,6.9
14733,0.2129,0,NORMAL,20.0,6.0,7.1,7.5
14734,0.22,0,NORMAL,19.8,5.3,6.0,5.8
14735,0.1413,0,NORMAL,19.8,5.8,6.0,6.7
14736,0.1928,0,NORMAL,19.5,4.7,4.6,4.6
14737,0.3919,0,NORMAL,19.5,2.9,0.1,1.3
14738,0.3907,0,NORMAL,19.5,2.3,0.1,0.0
14739,0.3894,0,NORMAL,19.5,3.5,0.2,0.0
14740,0.3498,0,NORMAL,19.8,5.1,6.0,6.9
14741,0.3935,0,NORMAL,20.0,7.6,8.3,8.3
14742,0.3351,0,NORMAL,20.1,7.1,7.3,6.0
14743,0.3793,0,NORMAL,20.1,7.6,9.8,9.4
14744,0.2654,0,NORMAL,19.9,6.4,8.3,7.4
14745,0.2418,0,NORMAL,20.2,6.7,7.8,6.8
14746,0.2822,0,NORMAL,20.3,6.8,8.6,8.0
14747,0.3781,0,NORMAL,20.5,7.0,10.0,9.4
14748,0.2778,0,NORMAL,20.3,6.2,7.8,7.2
14749,0.2707,0,NORMAL,20.0,5.9,7.2,7.3
14750,0.2487,0,NORMAL,20.1,5.7,6.7,6.5
14751,0.2332,0,NORMAL,20.2,6.6,7.1,6.8
14752,0.2309,0,NORMAL,20.2,6.1,8.2,7.6
14753,0.2474,0,NORMAL,20.0,6.5,8.0,6.8
14754,0.3095,0,NORMAL,20.0,7.4,9.1,7.7
14755,0.4205,0,NORMAL,20.1,7.6,10.6,9.2
14756,0.2995,0,NORMAL,20.1,6.5,9.0,7.8
14757,0.42,0,NORMAL,20.3,7.7,8.9,8.0
14758,0.3123,0,NORMAL,20.2,7.2,9.1,7.7
14759,0.3626,0,NORMAL,20.1,7.5,9.7,8.5
14760,0.2914,0,NORMAL,20.4,6.7,8.7,8.1
14761,0.3657,0,NORMAL,20.2,7.2,9.6,8.0
14762,0.2897,0,NORMAL,20.3,7.1,8.5,7.7
14763,0.3128,0,NORMAL,20.5,7.4,8.9,7.2
14764,0.3095,0,NORMAL,20.2,6.9,9.3,9.3
14765,0.2784,0,NORMAL,20.2,6.9,8.8,7.7
14766,0.5203,0,NORMAL,20.4,8.5,11.7,9.8
14767,0.3308,0,NORMAL,20.1,6.9,8.8,8.7
14768,0.3027,0,NORMAL,20.2,7.0,8.8,8.1
14769,0.2916,0,NORMAL,20.3,6.7,9.0,8.6
14770,0.4412,0,NORMAL,20.3,8.2,10.8,9.2
14771,0.4224,0,NORMAL,20.4,8.6,9.5,8.5
14772,0.3897,0,NORMAL,20.3,8.2,10.0,8.2
14773,0.3426,0,NORMAL,20.2,7.0,9.5,8.9
14774,0.3223,0,NORMAL,20.3,6.7,8.6,7.9
14775,0.3941,0,NORMAL,20.2,8.0,10.0,8.4
14776,0.306,0,NORMAL,20.0,6.0,8.4,7.3
14777,0.3882,0,NORMAL,20.1,7.7,10.0,8.8
14778,0.3542,0,NORMAL,20.1,7.3,9.5,8.1
14779,0.4186,0,NORMAL,20.3,8.4,10.4,8.5
14780,0.3038,0,NORMAL,20.2,6.7,8.3,7.5
14781,0.4829,0,NORMAL,20.5,8.5,11.2,9.6
14782,0.447,0,NORMAL,20.5,8.0,10.7,8.3
14783,0.4005,0,NORMAL,20.3,8.0,10.2,7.6
14784,0.4152,0,NORMAL,20.3,7.5,10.4,9.6
14785,0.4136,0,NORMAL,20.4,7.6,10.4,8.5
14786,0.6004,0,WARNING,20.4,8.9,9.3,6.6
14787,0.3669,0,NORMAL,20.1,7.5,9.7,9.4
14788,0.4314,0,NORMAL,20.4,7.6,10.6,9.0
14789,0.3222,0,NORMAL,20.3,7.0,9.2,8.5
14790,0.8048,0,WARNING,20.6,11.7,10.8,8.7
14791,0.3869,0,NORMAL,20.6,7.1,9.6,8.7
14792,0.3494,0,NORMAL,20.4,7.7,9.6,8.4
14793,0.5277,0,NORMAL,20.4,8.8,12.0,9.8
14794,0.3597,0,NORMAL,20.1,6.3,8.4,7.0
14795,0.4321,0,NORMAL,20.2,7.8,10.7,9.2
14796,0.5246,0,NORMAL,20.5,9.1,12.1,8.6
14797,0.3454,0,NORMAL,20.2,7.0,9.2,8.9
14798,0.3352,0,NORMAL,20.4,7.3,9.6,8.2
14799,0.5028,0,NORMAL,20.4,8.6,11.8,9.6
14800,0.5071,0,NORMAL,20.5,8.6,11.8,8.0
14801,0.5663,0,NORMAL,20.2,8.0,7.8,6.3
14802,0.4169,0,NORMAL,20.4,7.4,10.6,9.8
14803,0.3458,0,NORMAL,20.4,7.1,9.4,7.0
14804,0.5123,0,NORMAL,20.6,8.9,12.0,10.5
14805,0.349,0,NORMAL,20.3,6.6,8.1,7.2
14806,0.3274,0,NORMAL,20.5,7.3,9.5,9.3
14807,0.4069,0,NORMAL,20.4,7.2,10.3,8.6
14808,0.3099,0,NORMAL,20.3,7.0,8.4,7.6
14809,0.4219,0,NORMAL,20.4,7.4,10.5,8.4
14810,0.4448,0,NORMAL,20.4,7.8,10.7,8.2
14811,0.3036,0,NORMAL,20.3,7.5,9.3,7.9
14812,0.3621,0,NORMAL,20.3,7.5,9.9,8.1
14813,0.4386,0,NORMAL,20.1,8.1,10.8,9.3
14814,0.4501,0,NORMAL,20.2,8.0,10.9,9.2
14815,0.4496,0,NORMAL,20.3,8.8,11.1,8.1
14816,0.4037,0,NORMAL,20.0,8.1,10.2,7.3
14817,0.3342,0,NORMAL,20.0,7.1,8.3,8.1
14818,0.3947,0,NORMAL,19.9,7.7,10.0,8.7
14819,0.9943,0,ANOMALY,20.1,7.2,10.5,9.0
14820,0.5197,0,NORMAL,20.5,8.8,11.7,8.3
14821,0.348,0,NORMAL,20.2,6.8,8.9,7.3
14822,0.3324,0,NORMAL,20.2,6.9,9.4,8.4
14823,0.304,0,NORMAL,20.3,7.0,9.1,8.3
14824,0.4914,0,NORMAL,20.4,8.5,11.6,9.6
14825,0.3487,0,NORMAL,20.4,7.4,9.5,6.6
14826,0.4159,0,NORMAL,20.3,7.4,10.4,9.0
14827,0.4541,0,NORMAL,20.3,7.9,11.1,11.0
14828,0.3318,0,NORMAL,20.2,7.5,9.3,7.3
14829,0.329,0,NORMAL,20.1,7.4,8.4,8.6
14830,0.4727,0,NORMAL,20.3,8.7,11.1,8.4
14831,0.3229,0,NORMAL,20.1,7.0,9.2,8.5
14832,0.3425,0,NORMAL,20.0,7.6,9.5,8.0
14833,0.4822,0,NORMAL,20.4,7.9,11.4,9.0
14834,0.44,0,NORMAL,20.1,6.3,8.9,6.5
14835,0.4167,0,NORMAL,20.1,8.0,10.4,9.2
14836,0.3871,0,NORMAL,20.4,7.5,10.0,8.0
14837,0.2939,0,NORMAL,20.3,6.4,8.8,8.2
14838,0.4733,0,NORMAL,20.4,7.4,11.3,9.9
14839,0.3304,0,NORMAL,20.3,7.2,8.6,6.2
14840,0.3635,0,NORMAL,20.2,7.2,9.8,8.5
14841,0.3949,0,NORMAL,20.2,6.7,10.3,9.4
14842,0.3921,0,NORMAL,20.1,7.1,9.5,7.7
14843,0.3944,0,NORMAL,20.2,7.3,10.1,7.6
14844,0.419,0,NORMAL,20.3,7.8,10.5,10.3
14845,0.4132,0,NORMAL,20.5,7.8,9.0,7.4
14846,0.3617,0,NORMAL,20.4,7.3,9.9,9.5
14847,0.464,0,NORMAL,20.3,7.9,9.9,7.5
14848,0.3691,0,NORMAL,20.3,7.1,9.9,7.5
14849,0.3512,0,NORMAL,20.2,7.4,9.7,8.9
14850,0.4137,0,NORMAL,20.3,8.5,9.3,7.9
14851,0.432,0,NORMAL,20.4,7.4,10.7,9.6
14852,0.4841,0,NORMAL,20.5,7.6,11.4,8.3
14853,0.7461,0,WARNING,19.9,5.8,9.4,7.4
14854,0.7789,0,WARNING,20.5,10.3,9.8,9.1
14855,0.4141,0,NORMAL,20.5,8.0,10.5,8.7
14856,0.3716,0,NORMAL,20.4,7.2,9.9,8.7
14857,0.3566,0,NORMAL,20.4,7.1,9.7,9.5
14858,0.3899,0,NORMAL,20.3,7.6,10.1,8.5
14859,0.3041,0,NORMAL,20.3,7.2,8.9,8.2
14860,0.392,0,NORMAL,20.3,7.8,9.5,8.3
14861,0.3833,0,NORMAL,20.4,7.0,10.1,8.3
14862,0.559,0,NORMAL,20.5,8.6,10.3,9.8
14863,0.4527,0,NORMAL,20.2,7.7,10.7,7.7
14864,0.5224,0,NORMAL,20.3,8.1,12.0,8.4
14865,0.3867,0,NORMAL,20.2,7.9,10.0,8.0
14866,0.517,0,NORMAL,20.4,8.8,11.9,8.6
14867,0.3866,0,NORMAL,20.4,7.1,9.9,7.6
14868,0.3769,0,NORMAL,20.4,7.6,9.8,8.5
14869,0.4638,0,NORMAL,20.6,8.5,11.0,9.0
14870,0.4905,0,NORMAL,20.4,7.9,11.6,7.9
14871,0.4636,0,NORMAL,20.7,8.1,11.0,8.4
14872,0.3465,0,NORMAL,20.4,7.4,9.6,8.4
14873,0.3233,0,NORMAL,20.4,7.0,9.3,7.2
14874,0.3918,0,NORMAL,20.5,7.7,10.2,10.1
14875,0.4594,0,NORMAL,20.7,7.8,10.9,7.7
14876,0.4729,0,NORMAL,20.4,8.4,11.1,8.5
14877,0.3797,0,NORMAL,20.5,8.0,9.9,8.6
14878,0.4246,0,NORMAL,20.4,7.5,10.4,8.0
14879,0.38,0,NORMAL,20.2,7.4,9.9,7.5
14880,0.4583,0,NORMAL,20.4,8.3,10.8,8.7
14881,0.3654,0,NORMAL,20.5,7.2,9.7,7.3
14882,0.4522,0,NORMAL,20.6,8.4,10.9,8.6
14883,0.3945,0,NORMAL,20.3,7.3,9.9,7.1
14884,0.4483,0,NORMAL,20.4,7.5,10.2,9.0
14885,0.4576,0,NORMAL,20.7,7.8,11.0,8.5
14886,0.4996,0,NORMAL,20.3,8.3,11.6,8.3
14887,0.5112,0,NORMAL,20.2,7.8,11.7,11.0
14888,0.4065,0,NORMAL,20.4,7.9,10.5,8.3
14889,0.4241,0,NORMAL,20.4,7.4,10.5,7.6
14890,0.4767,0,NORMAL,20.4,7.9,9.9,8.4
14891,0.4282,0,NORMAL,20.5,9.2,10.8,8.5
14892,0.3837,0,NORMAL,20.4,7.3,9.6,7.3
14893,0.4389,0,NORMAL,20.5,7.4,10.9,8.9
14894,0.4213,0,NORMAL,20.4,8.3,10.5,8.1
14895,0.494,0,NORMAL,20.5,8.0,11.7,9.0
14896,0.3663,0,NORMAL,20.4,7.1,9.7,7.5
14897,0.3908,0,NORMAL,20.2,7.3,10.1,8.0
14898,0.4516,0,NORMAL,20.4,8.3,10.8,8.5
14899,0.3264,0,NORMAL,20.2,6.3,8.8,7.8
14900,0.4915,0,NORMAL,20.2,8.2,11.4,8.1
14901,0.4153,0,NORMAL,20.3,7.5,10.5,9.0
14902,0.3683,0,NORMAL,20.3,7.6,9.8,7.1
14903,0.3986,0,NORMAL,20.5,7.3,10.2,7.2
14904,0.3632,0,NORMAL,20.4,7.6,9.8,8.9
14905,0.4251,0,NORMAL,20.5,7.8,10.8,8.5
14906,0.3829,0,NORMAL,20.5,8.3,10.2,7.3
14907,0.3696,0,NORMAL,20.1,7.9,9.8,8.2
14908,0.4419,0,NORMAL,20.5,8.3,11.0,9.1
14909,0.4037,0,NORMAL,20.6,7.6,10.3,7.1
14910,0.3697,0,NORMAL,20.4,7.3,9.8,8.0
14911,0.7622,0,WARNING,20.4,9.8,9.5,9.2
14912,0.3681,0,NORMAL,20.2,7.5,9.8,7.8
14913,0.5254,0,NORMAL,20.2,8.4,11.8,8.9
14914,0.4243,0,NORMAL,20.2,7.7,10.5,7.8
14915,0.3727,0,NORMAL,20.2,7.5,9.9,7.6
14916,0.4613,0,NORMAL,20.2,8.1,11.0,9.5
14917,0.4437,0,NORMAL,20.5,8.1,10.7,8.6
14918,0.6083,0,WARNING,20.8,9.6,13.7,10.4
14919,0.4323,0,NORMAL,20.5,7.8,11.0,8.7
14920,0.4294,0,NORMAL,20.5,8.4,10.7,7.6
14921,0.5275,0,NORMAL,20.6,9.4,12.1,8.2
14922,0.549,0,NORMAL,20.7,9.6,12.5,10.3
14923,0.4093,0,NORMAL,20.5,7.5,10.4,8.0
14924,0.4687,0,NORMAL,20.6,8.2,11.3,7.9
14925,0.4504,0,NORMAL,20.5,7.7,10.9,8.2
14926,0.4539,0,NORMAL,20.7,8.2,10.9,8.8
14927,0.5643,0,NORMAL,20.7,10.0,12.7,8.5
14928,0.4812,0,NORMAL,20.5,8.2,11.5,8.7
14929,0.4034,0,NORMAL,20.2,7.3,10.3,8.2
14930,0.4108,0,NORMAL,20.6,7.7,10.3,7.5
14931,0.4578,0,NORMAL,20.6,8.4,10.9,8.5
14932,0.4575,0,NORMAL,20.3,7.8,10.9,8.5
14933,0.5597,0,NORMAL,20.5,9.5,12.5,8.3
14934,0.3847,0,NORMAL,20.1,7.7,9.5,6.9
14935,0.4771,0,NORMAL,20.3,8.7,11.4,9.0
14936,0.4848,0,NORMAL,20.4,8.9,11.5,9.1
14937,0.4531,0,NORMAL,20.4,8.2,11.2,7.9
14938,0.3617,0,NORMAL,20.4,7.1,9.5,7.5
14939,0.3803,0,NORMAL,20.3,7.7,10.3,8.8
14940,0.3382,0,NORMAL,20.4,7.2,9.6,7.4
14941,0.3621,0,NORMAL,20.4,8.1,9.8,8.4
14942,0.325,0,NORMAL,20.4,7.0,9.4,7.6
14943,0.3386,0,NORMAL,20.4,7.6,8.7,7.1
14944,0.3381,0,NORMAL,20.4,7.0,9.2,7.8
14945,0.4023,0,NORMAL,20.4,7.9,10.5,8.4
14946,0.4701,0,NORMAL,20.2,7.8,11.3,9.4
14947,0.4593,0,NORMAL,20.3,8.4,11.0,8.5
14948,0.4451,0,NORMAL,20.5,7.7,10.8,8.3
14949,0.4577,0,NORMAL,20.5,8.5,11.0,9.0
14950,0.4115,0,NORMAL,20.2,8.4,9.3,7.3
14951,0.4454,0,NORMAL,20.3,8.6,10.8,8.4
14952,0.4415,0,NORMAL,20.3,7.9,10.6,7.6
14953,0.3879,0,NORMAL,20.4,7.4,10.0,8.5
14954,0.4318,0,NORMAL,20.5,8.5,10.5,7.7
14955,0.5258,0,NORMAL,20.7,8.5,11.8,7.6
14956,0.4647,0,NORMAL,20.6,8.2,10.9,8.6
14957,0.357,0,NORMAL,20.1,6.7,8.9,7.7
14958,0.3436,0,NORMAL,20.3,7.4,9.4,8.0
14959,0.3243,0,NORMAL,20.0,7.5,9.2,7.8
14960,0.4226,0,NORMAL,20.4,7.9,10.5,8.7
14961,0.608,0,WARNING,20.3,8.6,9.0,7.5
14962,0.4176,0,NORMAL,20.3,7.7,10.0,8.2
14963,0.4256,0,NORMAL,20.3,8.1,10.4,8.8
14964,0.3541,0,NORMAL,20.1,7.6,9.6,8.0
14965,0.4119,0,NORMAL,20.4,8.1,10.5,8.7
14966,0.4542,0,NORMAL,20.4,9.2,10.5,7.7
14967,0.362,0,NORMAL,20.1,7.7,9.6,9.2
14968,0.3496,0,NORMAL,20.3,7.1,9.5,7.5
14969,0.3318,0,NORMAL,20.3,7.3,9.2,7.9
14970,0.3322,0,NORMAL,20.3,7.1,9.2,7.3
14971,0.8008,0,WARNING,20.4,10.3,10.3,8.6
14972,0.3506,0,NORMAL,20.3,6.6,9.4,7.7
14973,0.373,0,NORMAL,20.0,7.7,9.4,8.0
14974,0.346,0,NORMAL,20.1,7.9,9.4,7.8
14975,0.3096,0,NORMAL,20.2,6.7,8.4,6.8
14976,0.4566,0,NORMAL,20.4,8.3,11.0,9.6
14977,0.4282,0,NORMAL,20.3,7.8,10.4,9.8
14978,0.3136,0,NORMAL,20.2,6.6,8.8,7.6
14979,0.351,0,NORMAL,20.1,7.9,9.4,7.4
14980,0.3509,0,NORMAL,20.1,7.3,9.4,7.5
14981,0.456,0,NORMAL,20.3,8.8,9.1,6.9
14982,0.3314,0,NORMAL,20.0,6.4,8.4,6.8
14983,0.4008,0,NORMAL,20.4,7.7,10.0,8.4
14984,0.338,0,NORMAL,20.2,6.9,8.0,7.1
14985,0.4186,0,NORMAL,20.1,7.2,8.7,7.6
14986,0.3059,0,NORMAL,20.1,7.5,9.0,6.8
14987,0.3572,0,NORMAL,20.2,7.6,9.6,7.8
14988,0.4898,0,NORMAL,20.4,8.3,11.4,9.3
14989,0.3287,0,NORMAL,20.1,7.8,8.6,7.4
14990,0.3027,0,NORMAL,20.1,6.7,8.4,7.1
14991,0.287,0,NORMAL,19.8,6.4,8.2,6.5
14992,0.3722,0,NORMAL,20.2,8.2,9.7,7.6
14993,0.3544,0,NORMAL,20.2,7.7,9.5,7.7
14994,0.4432,0,NORMAL,20.1,7.7,10.8,8.8
14995,0.3582,0,NORMAL,20.1,7.7,9.6,7.6
14996,0.4736,0,NORMAL,20.6,8.8,10.5,7.5
14997,0.3372,0,NORMAL,20.4,6.9,9.0,7.0
14998,0.3624,0,NORMAL,20.3,6.5,7.5,6.2
14999,0.4252,0,NORMAL,20.2,7.7,10.4,7.8
15000,0.3265,0,NORMAL,20.2,7.1,8.6,7.1
15001,0.2884,0,NORMAL,20.1,7.4,8.5,7.2
15002,0.3306,0,NORMAL,20.0,6.7,9.1,7.2
15003,0.3269,0,NORMAL,20.2,7.8,9.1,7.5
15004,0.3131,0,NORMAL,20.2,6.7,8.4,6.9
15005,0.327,0,NORMAL,20.3,6.5,7.7,5.6
15006,0.2972,0,NORMAL,20.3,7.4,9.0,8.2
15007,0.2732,0,NORMAL,20.2,6.5,7.5,7.2
15008,0.3008,0,NORMAL,20.2,6.6,7.8,6.5
15009,0.3515,0,NORMAL,20.3,6.3,6.9,5.5
15010,0.3666,0,NORMAL,20.5,7.8,8.9,7.1
15011,0.4548,0,NORMAL,20.3,8.5,8.8,7.0
15012,0.3728,0,NORMAL,20.4,6.2,7.8,6.1
15013,0.3747,0,NORMAL,20.2,6.7,8.5,6.6
15014,0.4098,0,NORMAL,20.3,7.6,8.5,6.4
15015,0.4207,0,NORMAL,20.3,6.8,8.6,6.6
15016,0.3991,0,NORMAL,20.4,7.5,8.7,6.4
15017,0.3517,0,NORMAL,20.0,6.9,8.7,7.0
15018,0.3018,0,NORMAL,19.9,6.9,8.3,6.3
15019,0.3025,0,NORMAL,20.1,6.7,7.0,5.8
15020,0.3085,0,NORMAL,19.8,7.5,8.4,6.4
15021,0.3788,0,NORMAL,20.0,7.8,9.5,7.6
15022,0.3145,0,NORMAL,20.1,7.6,8.6,6.6
15023,0.3388,0,NORMAL,20.1,6.3,7.6,6.6
15024,0.3515,0,NORMAL,20.0,5.7,6.4,5.4
15025,0.3274,0,NORMAL,20.0,7.0,7.5,5.4
15026,0.3737,0,NORMAL,19.7,7.2,7.9,6.6
15027,0.313,0,NORMAL,20.0,7.6,8.4,6.5
15028,0.3508,0,NORMAL,20.1,6.7,7.6,6.2
15029,0.3639,0,NORMAL,20.0,7.2,7.6,6.5
15030,0.3749,0,NORMAL,20.2,7.0,8.5,6.3
15031,0.3872,0,NORMAL,20.1,6.7,7.5,5.4
15032,0.3875,0,NORMAL,20.4,6.9,9.0,7.1
15033,0.3524,0,NORMAL,20.1,6.9,8.7,6.7
15034,0.3398,0,NORMAL,20.0,7.2,8.2,6.8
15035,0.7733,0,WARNING,20.1,8.9,7.0,5.3
15036,0.4168,0,NORMAL,20.4,6.2,6.5,5.0
15037,0.3854,0,NORMAL,20.2,5.6,6.9,6.6
15038,0.3636,0,NORMAL,20.2,6.9,7.5,5.8
15039,0.3758,0,NORMAL,20.2,6.8,6.7,5.5
15040,0.8244,0,WARNING,20.6,7.5,8.4,6.9
15041,0.5196,0,NORMAL,20.1,6.7,6.5,4.8
15042,0.4711,0,NORMAL,20.2,6.4,7.0,5.3
15043,0.5282,0,NORMAL,20.5,7.2,7.1,5.8
15044,0.5187,0,NORMAL,20.4,6.0,6.3,4.6
15045,0.4315,0,NORMAL,19.9,4.2,3.9,3.8
15046,0.3885,0,NORMAL,19.8,5.2,4.5,4.6
15047,0.4104,0,NORMAL,19.7,6.0,6.4,6.2
15048,0.3649,0,NORMAL,19.8,6.4,6.6,6.4
15049,0.4166,0,NORMAL,19.7,6.7,6.5,5.2
15050,0.289,0,NORMAL,19.6,6.1,6.0,4.1
15051,0.3156,0,NORMAL,19.7,6.1,6.6,5.9
15052,0.3402,0,NORMAL,19.7,5.4,5.8,4.7
15053,0.3389,0,NORMAL,19.1,6.5,6.8,5.1
15054,0.8326,0,WARNING,17.4,7.9,12.0,9.3
15055,0.7563,0,WARNING,17.4,7.4,10.3,9.2
15056,0.8904,0,WARNING,17.8,9.0,13.9,11.5
15057,0.9085,0,WARNING,18.6,10.1,14.6,10.2
15058,0.8961,0,WARNING,18.6,7.7,13.0,10.9
15059,0.8076,0,WARNING,19.0,8.7,12.4,9.7
15060,0.8078,1,WARNING,19.2,7.6,11.1,9.4
15061,0.8898,1,WARNING,19.5,8.7,13.3,11.4
15062,0.9658,1,WARNING,22.8,10.3,23.0,15.3
15063,0.9729,1,WARNING,24.0,10.0,28.2,17.2
15064,0.9648,1,WARNING,23.6,10.0,28.8,16.0
15065,0.9856,1,WARNING,25.5,11.0,33.6,19.0
15066,0.9218,1,WARNING,22.5,8.7,22.9,11.8
15067,0.9753,1,WARNING,25.4,11.7,30.0,18.4
15068,0.9977,1,ANOMALY,23.9,14.7,36.8,21.2
15069,0.9145,1,WARNING,13.3,10.3,18.5,11.2
15070,0.9051,1,WARNING,13.3,9.8,14.8,10.1
15071,0.912,1,WARNING,13.3,9.2,13.4,10.6
15072,0.9013,1,WARNING,14.8,9.6,13.8,11.2
15073,0.8578,1,WARNING,15.8,8.9,12.9,10.8
15074,0.9134,1,WARNING,15.9,8.5,14.1,10.7
15075,0.9234,1,WARNING,15.9,8.6,14.6,11.2
15076,0.8892,1,WARNING,17.4,8.3,13.0,10.6
15077,0.8669,1,WARNING,18.3,7.8,11.7,9.6
15078,0.9137,1,WARNING,18.7,8.8,14.1,10.7
15079,0.9187,1,WARNING,18.8,8.3,14.9,11.6
15080,0.8822,1,WARNING,18.9,7.7,12.4,9.0
15081,0.9236,1,WARNING,19.7,8.5,14.5,10.8
15082,0.9438,1,WARNING,20.3,8.2,16.1,11.6
15083,0.8956,1,WARNING,19.4,8.0,12.7,10.2
15084,0.8822,1,WARNING,19.0,8.7,13.7,10.9
15085,0.8494,1,WARNING,18.9,7.7,11.3,9.0
15086,0.8301,1,WARNING,19.1,8.5,10.3,8.5
15087,0.8676,1,WARNING,19.4,7.3,12.0,9.8
15088,0.8083,1,WARNING,19.2,8.0,12.3,8.9
15089,0.8828,1,WARNING,19.0,8.1,13.7,10.3
15090,0.8401,1,WARNING,18.7,7.3,11.6,9.2
15091,0.8827,1,WARNING,16.7,10.8,13.2,10.0
15092,0.8497,1,WARNING,14.0,7.6,11.8,9.3
15093,0.8404,1,WARNING,15.3,8.2,11.7,9.6
15094,0.8501,1,WARNING,16.5,9.0,12.5,9.9
15095,0.8753,1,WARNING,17.6,8.9,13.6,10.3
15096,0.8896,1,WARNING,18.0,8.3,12.9,10.6
15097,0.8826,1,WARNING,18.8,7.3,12.9,11.5
15098,0.8671,1,WARNING,17.9,8.1,11.9,8.9
15099,0.8672,1,WARNING,17.1,10.1,11.4,9.3
15100,0.8754,1,WARNING,17.0,8.0,12.0,10.2
15101,0.8828,1,WARNING,15.7,11.4,13.9,10.5
15102,0.8825,1,WARNING,13.0,8.0,12.8,10.7
15103,0.8895,1,WARNING,13.8,7.7,13.2,9.5
15104,0.8749,1,WARNING,15.3,7.5,12.0,8.7
15105,0.8825,1,WARNING,15.2,7.3,11.7,10.8
15106,0.8589,1,WARNING,16.4,8.0,12.0,10.2
15107,0.9601,1,WARNING,14.7,12.2,16.6,10.8
15108,0.8182,1,WARNING,10.8,7.0,10.7,7.6
15109,0.9325,1,WARNING,14.2,9.3,16.1,12.0
15110,0.9401,1,WARNING,17.4,7.7,15.5,11.3
15111,0.8393,1,WARNING,18.4,6.7,11.5,8.9
15112,0.896,1,WARNING,18.5,7.3,13.3,9.7
15113,0.9136,1,WARNING,18.5,7.6,13.7,10.4
15114,0.8823,1,WARNING,17.9,7.3,12.4,9.5
15115,0.84,1,WARNING,17.3,7.5,11.1,8.2
15116,0.8404,1,WARNING,17.8,8.4,11.5,8.2
15117,0.8196,1,WARNING,17.9,7.1,10.5,8.5
15118,0.9028,1,WARNING,18.5,8.3,13.3,9.8
15119,0.8674,1,WARNING,18.4,7.0,11.2,8.5
15120,0.8675,1,WARNING,18.4,6.7,10.5,8.3
15121,0.7395,1,WARNING,18.5,6.3,8.3,6.4
15122,0.7971,1,WARNING,17.9,6.8,10.1,7.3
15123,0.9243,1,WARNING,18.1,7.7,14.0,10.5
15124,0.8676,1,WARNING,17.9,6.8,11.0,8.2
15125,0.883,1,WARNING,18.0,7.4,11.5,9.5
15126,0.9192,1,WARNING,18.2,8.1,13.0,10.2
15127,0.9284,1,WARNING,17.5,7.2,12.8,10.8
15128,0.9238,1,WARNING,13.7,11.0,15.4,11.2
15129,0.8746,1,WARNING,9.8,8.2,12.0,9.0
15130,0.8494,1,WARNING,11.8,7.9,11.4,8.4
15131,0.8896,1,WARNING,15.4,8.0,13.0,9.9
15132,0.8299,1,WARNING,17.7,7.1,11.0,7.9
15133,0.8673,1,WARNING,18.0,7.5,11.2,8.5
15134,0.859,1,WARNING,17.6,6.2,10.2,7.9
15135,0.8757,1,WARNING,18.0,8.2,11.9,9.7
15136,0.8755,1,WARNING,17.8,6.9,11.3,9.3
15137,0.7052,1,WARNING,17.5,5.7,8.3,6.0
15138,0.4455,1,NORMAL,16.8,4.1,2.7,2.3
15139,0.2403,1,NORMAL,17.0,4.4,3.6,3.2
15140,0.2543,1,NORMAL,17.0,3.9,2.5,2.4
15141,0.2786,0,NORMAL,17.4,4.5,2.2,1.8
15142,0.4193,0,NORMAL,17.7,4.8,3.2,2.7
15143,0.2602,0,NORMAL,18.1,5.8,5.3,4.2
15144,0.2199,0,NORMAL,18.5,5.4,4.5,3.3
15145,0.2559,0,NORMAL,18.4,3.9,2.5,2.4
15146,0.3494,0,NORMAL,18.3,5.2,2.8,2.2
15147,0.3227,0,NORMAL,18.2,5.6,4.6,3.9
15148,0.1965,0,NORMAL,18.5,4.8,3.9,3.6
15149,0.2669,0,NORMAL,18.6,3.8,2.5,2.1
15150,0.3297,0,NORMAL,18.5,3.5,2.3,2.3
15151,0.7579,0,WARNING,18.7,7.2,3.1,2.2
15152,0.2752,0,NORMAL,18.8,4.0,2.9,2.6
15153,0.2496,0,NORMAL,18.7,4.1,3.1,2.9
15154,0.2781,0,NORMAL,19.1,5.3,4.3,3.2
15155,0.2774,0,NORMAL,19.0,4.0,2.1,1.8
15156,0.2645,0,NORMAL,18.7,3.3,2.1,2.3
15157,0.28,0,NORMAL,19.0,4.1,2.3,3.2
15158,0.2926,0,NORMAL,19.0,4.5,3.6,2.6
15159,0.3059,0,NORMAL,19.1,4.4,2.5,2.4
15160,0.2919,0,NORMAL,19.0,4.6,2.6,2.2
15161,0.3327,0,NORMAL,18.9,5.0,3.2,3.1
15162,0.3809,0,NORMAL,19.1,4.0,2.6,2.1
15163,0.33,0,NORMAL,18.9,4.2,2.5,2.2
15164,0.3309,0,NORMAL,19.1,3.2,2.3,2.1
15165,0.3563,0,NORMAL,19.2,4.8,2.8,2.1
15166,0.367,0,NORMAL,19.1,3.9,2.9,2.7
15167,0.3443,0,NORMAL,19.2,3.8,2.4,2.4
15168,0.3313,0,NORMAL,19.1,3.8,2.0,1.6
15169,0.3314,0,NORMAL,19.0,5.1,4.0,3.9
15170,0.3301,0,NORMAL,19.0,3.2,2.5,2.2
15171,0.3322,0,NORMAL,19.0,4.3,3.7,3.3
15172,0.3194,0,NORMAL,19.1,4.3,2.7,2.2
15173,0.3059,0,NORMAL,19.1,4.1,2.2,2.3
15174,0.3054,0,NORMAL,19.1,3.5,2.4,1.9
15175,0.3313,0,NORMAL,19.2,4.0,2.4,1.7
15176,0.8497,0,WARNING,19.3,4.7,2.6,1.9
15177,0.3615,0,NORMAL,18.9,4.6,2.8,2.7
15178,0.291,0,NORMAL,19.1,4.6,2.8,2.8
15179,0.3044,0,NORMAL,18.9,3.6,2.4,2.1
15180,0.3058,0,NORMAL,19.1,4.0,2.3,2.1
15181,0.2792,0,NORMAL,18.8,3.7,2.6,2.2
15182,0.2808,0,NORMAL,19.1,4.5,2.4,2.3
15183,0.3098,0,NORMAL,18.8,4.0,3.1,1.8
15184,0.3086,0,NORMAL,19.0,4.6,5.1,3.3
15185,0.3687,0,NORMAL,19.3,3.8,2.2,1.6
15186,0.403,0,NORMAL,19.2,4.1,2.9,2.6
15187,0.3913,0,NORMAL,19.4,4.4,3.4,3.7
15188,0.4026,0,NORMAL,19.4,4.5,2.9,2.4
15189,0.4244,0,NORMAL,19.5,3.8,1.5,1.4
15190,0.4239,0,NORMAL,19.5,4.3,2.7,2.4
15191,0.412,0,NORMAL,19.3,3.9,2.2,2.1
15192,0.4018,0,NORMAL,19.4,4.6,3.4,2.5
15193,0.3903,0,NORMAL,19.2,4.4,2.3,1.9
15194,0.3901,0,NORMAL,19.2,3.5,2.8,2.2
15195,0.4246,0,NORMAL,19.3,4.2,3.2,2.4
15196,0.4456,0,NORMAL,19.4,3.9,2.6,1.9
15197,0.4252,0,NORMAL,19.3,3.7,2.2,1.8
15198,0.4143,0,NORMAL,19.5,3.9,2.1,1.8
15199,0.4455,0,NORMAL,19.6,4.5,3.1,2.9
15200,0.4449,0,NORMAL,19.4,4.2,3.0,2.4
15201,0.4136,0,NORMAL,19.5,3.8,3.1,2.4
15202,0.4251,0,NORMAL,19.5,4.2,2.5,1.7
15203,0.4355,0,NORMAL,19.4,3.9,2.2,1.8
15204,0.4353,0,NORMAL,19.5,4.0,2.5,2.6
15205,0.4243,0,NORMAL,19.5,3.6,1.5,0.9
15206,0.4138,0,NORMAL,19.3,4.6,2.0,1.6
15207,0.4017,0,NORMAL,19.6,4.3,2.5,2.2
15208,0.4016,0,NORMAL,19.4,3.3,2.3,1.8
15209,0.3914,0,NORMAL,19.4,4.5,1.8,1.3
15210,0.3678,0,NORMAL,19.3,3.7,2.3,1.9
15211,0.3439,0,NORMAL,19.0,3.3,1.8,1.4
15212,0.3846,0,NORMAL,19.2,4.4,3.0,1.9
15213,0.3445,0,NORMAL,19.2,3.7,1.9,1.3
15214,0.8202,0,WARNING,19.3,7.3,1.4,1.1
15215,0.3386,0,NORMAL,19.3,2.7,1.4,1.1
15216,0.3424,0,NORMAL,19.3,4.1,1.5,1.6
15217,0.3304,0,NORMAL,19.2,4.3,2.5,3.2
15218,0.3304,0,NORMAL,19.2,4.6,3.2,1.9
15219,0.3561,0,NORMAL,19.3,4.5,2.8,1.8
15220,0.411,0,NORMAL,19.1,5.0,2.5,1.9
15221,0.3667,0,NORMAL,19.1,4.0,3.3,2.7
15222,0.4026,0,NORMAL,19.6,4.6,2.0,1.4
15223,0.4124,0,NORMAL,19.5,4.0,2.3,1.4
15224,0.4237,0,NORMAL,19.3,4.5,2.9,2.0
15225,0.4346,0,NORMAL,19.5,3.0,1.5,1.4
15226,0.4458,0,NORMAL,19.6,4.3,2.8,2.4
15227,0.4457,0,NORMAL,19.4,3.5,1.7,1.2
15228,0.4353,0,NORMAL,19.5,3.3,1.6,1.2
15229,0.6088,0,WARNING,19.3,3.5,2.1,2.0
15230,0.4025,0,NORMAL,19.4,3.0,2.0,2.0
15231,0.4032,0,NORMAL,19.5,4.5,2.6,2.2
15232,0.4243,0,NORMAL,19.6,3.9,2.2,2.1
15233,0.4246,0,NORMAL,19.6,2.9,1.6,1.2
15234,0.4251,0,NORMAL,19.6,4.2,2.3,1.4
15235,0.4245,0,NORMAL,19.6,4.1,1.7,1.2
15236,0.3904,0,NORMAL,19.4,4.4,1.7,1.4
15237,0.39,0,NORMAL,19.2,4.2,2.1,1.7
15238,0.3673,0,NORMAL,19.4,3.5,1.9,2.0
15239,0.344,0,NORMAL,19.2,3.9,2.6,2.2
15240,0.3561,0,NORMAL,19.3,3.7,2.7,1.7
15241,0.357,0,NORMAL,19.4,4.0,1.8,1.4
15242,0.3801,0,NORMAL,19.5,3.7,2.2,1.4
15243,0.3801,0,NORMAL,19.5,3.9,2.4,1.9
15244,0.3803,0,NORMAL,19.3,3.6,1.5,1.4
15245,0.3919,0,NORMAL,19.4,3.7,1.8,1.3
15246,0.4027,0,NORMAL,19.5,3.1,1.4,1.6
15247,0.4249,0,NORMAL,19.5,3.6,2.1,3.1
15248,0.446,0,NORMAL,19.7,4.0,2.8,2.3
15249,0.4563,0,NORMAL,19.8,4.0,1.8,1.2
15250,0.4561,0,NORMAL,19.6,3.9,1.6,1.6
15251,0.4556,0,NORMAL,19.6,3.8,2.1,1.7
15252,0.4661,0,NORMAL,19.7,5.0,1.6,1.2
15253,0.4545,0,NORMAL,19.5,3.1,1.7,1.2
15254,0.4354,0,NORMAL,19.4,2.9,1.2,1.1
15255,0.4148,0,NORMAL,19.5,3.9,1.9,1.2
15256,0.414,0,NORMAL,19.5,4.2,2.0,1.7
15257,0.4131,0,NORMAL,19.5,3.2,1.4,1.1
15258,0.4035,0,NORMAL,19.5,3.9,1.6,1.2
15259,0.3186,0,NORMAL,19.4,3.6,3.8,2.6
15260,0.2937,0,NORMAL,18.6,4.6,2.9,2.7
15261,0.3101,0,NORMAL,17.9,3.1,1.6,1.1
15262,0.3199,0,NORMAL,18.2,4.2,1.7,1.7
15263,0.3201,0,NORMAL,18.1,3.3,1.6,1.4
15264,0.4933,0,NORMAL,18.3,5.0,2.9,2.3
15265,0.28,0,NORMAL,18.2,4.7,3.2,2.4
15266,0.4794,0,NORMAL,18.6,5.1,2.8,2.3
15267,0.31,0,NORMAL,18.5,4.0,1.7,1.4
15268,0.3095,0,NORMAL,18.5,3.1,1.1,1.3
15269,0.3501,0,NORMAL,18.3,2.9,1.3,0.9
15270,0.3746,0,NORMAL,18.4,2.8,1.4,0.9
15271,0.359,0,NORMAL,18.6,3.6,1.2,1.3
15272,0.7845,0,WARNING,18.4,6.3,1.5,0.9
15273,0.3593,0,NORMAL,18.6,3.4,1.6,1.2
15274,0.3504,0,NORMAL,18.3,3.3,0.9,0.6
15275,0.3425,0,NORMAL,18.6,3.3,1.2,1.0
15276,0.3405,0,NORMAL,18.6,3.8,2.2,1.8
15277,0.3188,0,NORMAL,18.7,3.5,1.5,2.4
15278,0.3181,0,NORMAL,18.8,3.8,2.7,2.0
15279,0.3825,0,NORMAL,18.9,3.5,1.5,0.9
15280,0.3203,0,NORMAL,18.9,4.0,1.3,1.3
15281,0.3143,0,NORMAL,19.1,4.1,1.6,1.2
15282,0.3506,0,NORMAL,19.2,4.4,1.7,0.9
15283,0.3225,0,NORMAL,19.0,3.7,1.8,1.3
15284,0.3238,0,NORMAL,19.0,3.2,1.9,1.6
15285,0.3507,0,NORMAL,19.3,4.4,2.2,1.2
15286,0.3444,0,NORMAL,19.2,3.6,2.6,1.9
15287,0.3811,0,NORMAL,19.6,5.0,2.5,1.7
15288,0.3794,0,NORMAL,19.5,3.7,1.7,1.2
15289,0.4325,0,NORMAL,19.5,3.5,2.1,1.5
15290,0.4029,0,NORMAL,19.5,4.3,3.4,2.5
15291,0.4025,0,NORMAL,19.3,3.3,1.6,1.2
15292,0.4036,0,NORMAL,19.5,3.7,1.7,1.6
15293,0.3919,0,NORMAL,19.5,4.0,2.4,1.9
15294,0.403,0,NORMAL,19.5,3.7,1.8,1.2
15295,0.4244,0,NORMAL,19.5,3.7,1.6,1.4
15296,0.4249,0,NORMAL,19.6,4.4,1.4,1.3
15297,0.4125,0,NORMAL,19.4,4.9,3.2,2.0
15298,0.4126,0,NORMAL,19.6,3.5,2.3,1.9
15299,0.4452,0,NORMAL,19.5,3.3,1.8,1.0
15300,0.4567,0,NORMAL,19.5,3.2,1.6,1.4
15301,0.4668,0,NORMAL,19.6,3.9,2.7,2.0
15302,0.4667,0,NORMAL,19.8,3.8,1.6,1.4
15303,0.4855,0,NORMAL,19.9,3.2,1.4,0.9
15304,0.5053,0,NORMAL,19.9,3.4,1.2,0.8
15305,0.5145,0,NORMAL,20.0,3.3,0.9,0.4
15306,0.5049,0,NORMAL,19.9,3.2,1.3,1.1
15307,0.505,0,NORMAL,19.9,4.1,2.0,2.7
15308,0.8475,0,WARNING,20.2,5.2,2.9,1.9
15309,0.5045,0,NORMAL,19.8,3.4,1.4,1.1
15310,0.5045,0,NORMAL,20.0,3.3,1.3,1.3
15311,0.514,0,NORMAL,19.7,3.8,2.0,1.4
15312,0.514,0,NORMAL,20.0,5.3,1.3,1.1
15313,0.5216,0,NORMAL,19.8,3.9,1.8,1.5
15314,0.5307,0,NORMAL,19.9,3.3,1.6,1.4
15315,0.9679,0,WARNING,19.8,9.7,1.4,1.3
15316,0.9944,0,ANOMALY,20.1,13.6,1.5,1.3
15317,0.4956,0,NORMAL,19.9,3.6,1.4,0.9
15318,0.5045,0,NORMAL,20.0,3.9,1.8,1.2
15319,0.4897,0,NORMAL,19.9,2.9,1.3,1.1
15320,0.4735,0,NORMAL,19.8,3.8,1.9,1.8
15321,0.4743,0,NORMAL,19.8,3.5,1.5,1.1
15322,0.4849,0,NORMAL,19.9,3.5,2.0,1.6
15323,0.5042,0,NORMAL,20.0,4.4,2.6,1.7
15324,0.531,0,NORMAL,20.1,3.9,1.6,1.4
15325,0.5397,0,NORMAL,19.9,2.7,1.9,1.3
15326,0.5411,0,NORMAL,20.1,3.7,1.8,1.6
15327,0.5487,0,NORMAL,20.0,4.0,1.6,1.2
15328,0.5394,0,NORMAL,20.1,4.0,1.9,1.6
15329,0.5222,0,NORMAL,20.0,3.9,1.7,1.0
15330,0.523,0,NORMAL,19.9,4.1,2.5,1.7
15331,0.7473,0,WARNING,19.8,5.8,1.1,0.9
15332,0.5106,0,NORMAL,19.9,4.0,1.6,1.1
15333,0.5554,0,NORMAL,20.2,4.6,3.2,2.0
15334,0.5878,0,NORMAL,20.3,2.9,1.7,1.4
15335,0.5888,0,NORMAL,20.3,3.7,1.6,1.4
15336,0.5727,0,NORMAL,20.2,3.4,1.5,1.4
15337,0.581,0,NORMAL,20.3,4.0,2.2,2.8
15338,0.5965,0,WARNING,20.4,3.9,2.0,1.6
15339,0.5965,0,WARNING,20.2,3.6,1.9,1.6
15340,0.5815,0,NORMAL,20.3,4.7,1.7,1.4
15341,0.5645,0,NORMAL,20.2,3.5,1.7,1.2
15342,0.5651,0,NORMAL,20.3,3.8,1.2,0.8
15343,0.5648,0,NORMAL,20.3,3.6,1.2,0.8
15344,0.5484,0,NORMAL,20.0,3.6,2.6,2.0
15345,0.523,0,NORMAL,19.9,3.1,1.5,1.4
15346,0.505,0,NORMAL,20.0,3.8,1.5,1.4
15347,0.5046,0,NORMAL,19.8,3.4,1.9,1.5
15348,0.4772,0,NORMAL,19.9,3.4,1.1,1.0
15349,0.4251,0,NORMAL,19.5,3.0,1.2,1.3
15350,0.4039,0,NORMAL,19.5,4.0,2.9,2.5
15351,0.4251,0,NORMAL,19.8,3.7,2.3,1.9
15352,0.4354,0,NORMAL,19.6,4.8,2.9,1.6
15353,0.4457,0,NORMAL,19.5,3.2,1.7,1.2
15354,0.4766,0,NORMAL,19.9,3.4,1.6,1.4
15355,0.486,0,NORMAL,19.7,3.7,1.2,1.3
15356,0.4857,0,NORMAL,19.8,5.0,2.7,1.7
15357,0.4849,0,NORMAL,19.7,4.1,2.2,1.7
15358,0.4855,0,NORMAL,20.0,3.7,2.1,1.8
15359,0.466,0,NORMAL,19.6,3.3,1.3,1.1
15360,0.4459,0,NORMAL,19.5,2.7,1.6,1.4
15361,0.4469,0,NORMAL,19.5,3.6,2.0,1.9
15362,0.4566,0,NORMAL,19.8,3.3,1.8,1.5
15363,0.4669,0,NORMAL,19.8,3.5,1.7,1.2
15364,0.4565,0,NORMAL,19.8,3.5,1.8,1.5
15365,0.4461,0,NORMAL,19.8,3.7,1.5,1.1
15366,0.4352,0,NORMAL,19.7,4.2,2.7,2.4
15367,0.4555,0,NORMAL,19.5,3.1,1.5,2.6
15368,0.4667,0,NORMAL,19.9,4.0,2.0,1.8
15369,0.4455,0,NORMAL,19.5,3.4,1.6,1.1
15370,0.4565,0,NORMAL,19.6,3.8,2.4,2.1
15371,0.4562,0,NORMAL,19.8,4.4,2.6,2.0
15372,0.4656,0,NORMAL,20.0,4.3,2.3,2.1
15373,0.4442,0,NORMAL,19.7,3.9,2.3,1.6
15374,0.4345,0,NORMAL,19.8,3.5,1.6,1.2
15375,0.4451,0,NORMAL,19.7,3.3,2.3,1.6
15376,0.4666,0,NORMAL,19.8,3.6,2.6,2.2
15377,0.5052,0,NORMAL,19.9,3.9,2.8,2.0
15378,0.5232,0,NORMAL,20.1,3.6,1.6,1.4
15379,0.5045,0,NORMAL,20.0,3.6,1.4,1.6
15380,0.4755,0,NORMAL,19.7,3.4,2.2,1.9
15381,0.4664,0,NORMAL,19.9,3.9,1.7,1.4
15382,0.4761,0,NORMAL,19.9,4.3,2.4,1.6
15383,0.4563,0,NORMAL,19.9,4.5,2.8,2.3
15384,0.3913,0,NORMAL,19.6,4.2,2.4,2.1
15385,0.3793,0,NORMAL,19.4,3.9,1.7,1.4
15386,0.4027,0,NORMAL,19.5,4.8,2.5,2.1
15387,0.4125,0,NORMAL,19.8,4.0,2.0,1.9
15388,0.413,0,NORMAL,19.7,3.6,2.1,2.1
15389,0.3912,0,NORMAL,19.4,4.0,1.9,2.0
15390,0.3911,0,NORMAL,19.6,3.6,1.6,1.8
15391,0.7367,0,WARNING,19.9,6.4,1.7,1.4
15392,0.3984,0,NORMAL,19.7,4.3,2.2,1.8
15393,0.3887,0,NORMAL,19.8,4.0,2.8,2.2
15394,0.3785,0,NORMAL,19.5,4.7,2.9,1.9
15395,0.3669,0,NORMAL,19.4,4.2,2.8,2.0
15396,0.356,0,NORMAL,19.4,4.2,2.7,2.2
15397,0.3564,0,NORMAL,19.6,4.0,2.9,3.3
15398,0.3681,0,NORMAL,19.5,3.9,2.5,1.9
15399,0.38,0,NORMAL,19.6,4.4,2.3,1.9
15400,0.3791,0,NORMAL,19.4,4.2,2.2,1.7
15401,0.3786,0,NORMAL,19.4,4.3,2.8,2.6
15402,0.4013,0,NORMAL,19.7,4.2,1.9,1.7
15403,0.4015,0,NORMAL,19.4,3.4,2.3,2.3
15404,0.402,0,NORMAL,19.7,4.4,2.7,1.7
15405,0.435,0,NORMAL,19.9,4.3,2.9,2.0
15406,0.4346,0,NORMAL,19.9,4.1,3.0,2.3
15407,0.4349,0,NORMAL,19.8,4.5,3.2,2.4
15408,0.4759,0,NORMAL,20.1,4.7,3.6,2.4
15409,0.5132,0,NORMAL,20.3,4.7,3.1,2.7
15410,0.6902,0,WARNING,20.2,6.3,2.5,2.4
15411,0.989,0,WARNING,20.6,13.3,3.7,3.5
15412,0.986,0,WARNING,20.7,13.1,3.3,2.9
15413,0.9877,0,WARNING,20.6,12.6,3.0,2.3
15414,0.9879,0,WARNING,20.3,12.0,2.5,2.2
15415,0.9898,0,WARNING,20.6,12.6,2.6,1.7
15416,0.9912,0,ANOMALY,20.7,12.9,2.7,2.4
15417,0.9877,0,WARNING,20.3,12.8,3.5,2.7
15418,0.9895,0,WARNING,20.3,13.3,3.6,3.2
15419,0.9881,0,WARNING,19.9,11.9,2.2,2.3
15420,0.9878,0,WARNING,19.8,12.0,2.0,1.9
15421,0.9889,0,WARNING,20.2,12.9,2.3,1.9
15422,0.9901,0,WARNING,20.2,13.3,3.5,2.6
15423,0.9863,0,WARNING,20.1,12.0,2.3,2.8
15424,0.9894,0,WARNING,20.1,12.9,2.9,2.8
15425,0.9901,0,WARNING,20.0,13.0,2.8,2.8
15426,0.9896,0,WARNING,19.9,12.7,2.6,2.6
15427,0.9899,0,WARNING,19.7,13.3,3.8,4.8
15428,0.9913,0,ANOMALY,19.7,13.1,2.5,2.2
15429,0.9897,0,WARNING,19.7,13.0,3.0,2.4
15430,0.9933,0,ANOMALY,19.8,13.5,2.4,2.1
15431,0.9921,0,ANOMALY,19.8,13.4,2.7,2.2
15432,0.9917,0,ANOMALY,20.0,14.2,4.0,3.2
15433,0.9922,0,ANOMALY,19.8,13.7,3.6,2.9
15434,0.9918,0,ANOMALY,20.0,13.8,3.7,2.7
15435,0.9892,0,WARNING,19.7,12.6,3.2,3.1
15436,0.991,0,ANOMALY,19.8,13.8,4.0,3.4
15437,0.9036,0,WARNING,19.8,8.7,2.9,3.0
15438,0.2899,0,NORMAL,19.6,5.0,3.4,2.8
15439,0.2891,0,NORMAL,19.6,4.6,3.8,3.6
15440,0.309,0,NORMAL,19.5,4.1,3.3,2.9
15441,0.3391,0,NORMAL,19.5,5.3,5.5,4.5
15442,0.3527,0,NORMAL,19.7,5.1,4.3,3.2
15443,0.3658,0,NORMAL,19.7,4.5,3.2,2.7
15444,0.3897,0,NORMAL,19.7,4.7,3.2,3.1
15445,0.4007,0,NORMAL,19.8,5.0,3.1,3.1
15446,0.4215,0,NORMAL,19.8,6.7,5.0,4.2
15447,0.3519,0,NORMAL,19.6,5.4,3.3,2.7
15448,0.3402,0,NORMAL,19.6,4.9,3.8,3.8
15449,0.3538,0,NORMAL,19.5,4.7,3.6,3.4
15450,0.3775,0,NORMAL,19.7,3.5,2.8,3.6
15451,0.3785,0,NORMAL,19.7,5.0,3.6,3.2
15452,0.3658,0,NORMAL,19.7,4.7,4.0,4.0
15453,0.3783,0,NORMAL,19.5,4.5,3.3,3.3
15454,0.3898,0,NORMAL,19.6,3.7,2.6,2.9
15455,0.3901,0,NORMAL,19.7,5.6,4.7,3.6
15456,0.7558,0,WARNING,19.6,7.6,4.9,4.1
15457,0.3497,0,NORMAL,19.5,4.2,2.9,4.4
15458,0.3633,0,NORMAL,19.7,4.4,3.6,3.6
15459,0.377,0,NORMAL,19.7,4.7,4.0,4.3
15460,0.3768,0,NORMAL,19.7,4.9,4.2,4.1
15461,0.4629,0,NORMAL,19.7,5.7,3.6,3.6
15462,0.2879,0,NORMAL,19.5,4.5,2.9,3.3
15463,0.2893,0,NORMAL,19.3,4.8,3.3,2.9
15464,0.3168,0,NORMAL,19.6,5.4,4.7,3.6
15465,0.3293,0,NORMAL,19.7,4.4,3.8,3.7
15466,0.3172,0,NORMAL,19.6,4.9,3.7,3.7
15467,0.3287,0,NORMAL,19.4,4.1,3.1,2.9
15468,0.343,0,NORMAL,19.6,4.8,3.4,3.6
15469,0.3545,0,NORMAL,19.7,5.2,3.7,3.3
15470,0.3543,0,NORMAL,19.7,5.0,4.3,3.9
15471,0.3296,0,NORMAL,19.4,4.5,4.5,4.9
15472,0.8393,0,WARNING,19.7,5.7,5.1,4.9
15473,0.3524,0,NORMAL,19.7,4.7,4.6,4.4
15474,0.3651,0,NORMAL,19.9,5.3,4.5,4.1
15475,0.365,0,NORMAL,20.0,5.6,4.7,3.8
15476,0.3453,0,NORMAL,19.6,6.2,5.4,4.5
15477,0.3279,0,NORMAL,19.4,5.5,4.4,4.2
15478,0.3402,0,NORMAL,19.7,4.8,4.2,4.2
15479,0.3655,0,NORMAL,19.8,5.0,4.1,4.0
15480,0.3889,0,NORMAL,19.8,5.8,5.9,4.5
15481,0.4113,0,NORMAL,19.9,6.0,5.3,4.7
15482,0.8336,0,WARNING,20.1,5.9,4.9,4.1
15483,0.3764,0,NORMAL,19.7,5.8,5.3,4.9
15484,0.3765,0,NORMAL,19.9,4.9,4.9,5.3
15485,0.365,0,NORMAL,19.8,5.5,5.1,4.5
15486,0.3653,0,NORMAL,19.8,5.6,4.9,4.3
15487,0.3885,0,NORMAL,19.9,5.7,5.3,5.7
15488,0.4109,0,NORMAL,20.0,6.4,5.9,4.5
15489,0.4319,0,NORMAL,19.8,4.7,4.6,4.7
15490,0.4536,0,NORMAL,20.2,6.3,5.1,4.2
15491,0.4315,0,NORMAL,19.9,5.6,5.3,4.7
15492,0.4099,0,NORMAL,20.0,6.4,6.2,6.0
15493,0.4202,0,NORMAL,19.9,4.9,4.4,4.0
15494,0.4103,0,NORMAL,19.9,4.9,4.5,4.6
15495,0.3649,0,NORMAL,19.8,5.3,4.0,3.6
15496,0.3648,0,NORMAL,19.8,4.6,4.8,4.8
15497,0.3997,0,NORMAL,19.9,5.1,4.7,4.3
15498,0.3886,0,NORMAL,19.8,3.7,2.4,2.8
15499,0.366,0,NORMAL,19.7,5.2,5.4,5.0
15500,0.3415,0,NORMAL,19.7,4.7,4.0,4.5
15501,0.3159,0,NORMAL,19.7,4.5,4.2,4.6
15502,0.3166,0,NORMAL,19.7,5.6,4.5,4.7
15503,0.3154,0,NORMAL,19.6,4.9,4.6,4.1
15504,0.341,0,NORMAL,19.7,4.0,3.4,4.0
15505,0.3653,0,NORMAL,19.8,4.5,4.0,4.1
15506,0.5361,0,NORMAL,19.5,5.8,3.6,3.5
15507,0.3398,0,NORMAL,19.7,4.7,3.9,3.9
15508,0.3529,0,NORMAL,19.8,5.5,4.9,5.4
15509,0.3401,0,NORMAL,19.7,5.1,4.1,4.1
15510,0.3277,0,NORMAL,19.6,4.7,5.3,5.1
15511,0.7698,0,WARNING,19.8,7.3,4.0,3.9
15512,0.3468,0,NORMAL,19.8,4.5,3.6,4.7
15513,0.351,0,NORMAL,19.9,6.4,6.2,5.5
15514,0.3511,0,NORMAL,19.7,5.0,4.3,4.6
15515,0.3395,0,NORMAL,19.7,4.7,3.7,3.8
15516,0.3151,0,NORMAL,19.5,5.4,5.2,5.4
15517,0.4148,0,NORMAL,19.7,6.0,4.5,5.4
15518,0.303,0,NORMAL,19.6,5.3,5.0,4.4
15519,0.3032,0,NORMAL,19.7,5.3,4.8,5.1
15520,0.3277,0,NORMAL,19.6,5.1,4.7,5.3
15521,0.3982,0,NORMAL,19.7,5.7,3.7,4.1
15522,0.3388,0,NORMAL,19.7,5.1,4.4,5.0
15523,0.3394,0,NORMAL,19.8,5.5,5.1,5.6
15524,0.3512,0,NORMAL,20.0,5.7,6.2,6.0
15525,0.3515,0,NORMAL,19.7,4.8,5.1,4.9
15526,0.3159,0,NORMAL,19.7,5.9,5.6,6.3
15527,0.3015,0,NORMAL,19.7,5.5,5.6,5.8
15528,0.4811,0,NORMAL,19.7,5.8,5.6,5.3
15529,0.3494,0,NORMAL,19.5,5.8,5.2,5.4
15530,0.4906,0,NORMAL,19.7,6.2,4.9,4.9
15531,0.2756,0,NORMAL,19.4,4.9,5.4,5.6
15532,0.2766,0,NORMAL,19.6,5.6,5.0,4.9
15533,0.2764,0,NORMAL,19.4,5.2,5.2,5.8
15534,0.366,0,NORMAL,19.7,5.6,5.7,6.1
15535,0.4702,0,NORMAL,19.6,5.4,4.3,4.8
15536,0.5897,0,NORMAL,19.5,6.3,5.0,5.1
15537,0.5162,0,NORMAL,19.7,5.6,4.8,5.4
15538,0.2879,0,NORMAL,19.7,5.4,4.9,5.8
15539,0.2748,0,NORMAL,19.4,5.0,4.1,5.1
15540,0.2755,0,NORMAL,19.7,5.6,5.2,5.4
15541,0.3145,0,NORMAL,19.6,6.1,6.3,6.1
15542,0.3522,0,NORMAL,19.9,5.6,5.2,5.8
15543,0.3639,0,NORMAL,20.0,5.4,5.0,6.3
15544,0.3635,0,NORMAL,19.9,5.9,5.9,6.1
15545,0.3267,0,NORMAL,19.8,5.2,4.7,5.5
15546,0.2882,0,NORMAL,19.6,5.5,5.5,6.0
15547,0.2749,0,NORMAL,19.7,4.5,4.1,5.6
15548,0.2897,0,NORMAL,19.9,6.0,6.5,6.6
15549,0.3147,0,NORMAL,19.9,6.0,4.8,4.9
15550,0.3141,0,NORMAL,20.0,6.2,5.8,6.1
15551,0.2869,0,NORMAL,19.6,5.4,4.7,4.9
15552,0.2738,0,NORMAL,19.7,5.4,4.4,4.8
15553,0.301,0,NORMAL,19.9,4.7,5.0,5.3
15554,0.3405,0,NORMAL,19.9,5.3,5.1,6.4
15555,0.3517,0,NORMAL,19.7,5.0,3.9,4.2
15556,0.3875,0,NORMAL,20.1,5.0,4.5,4.9
15557,0.388,0,NORMAL,20.0,5.0,4.6,4.7
15558,0.3881,0,NORMAL,20.1,6.1,6.3,5.3
15559,0.4105,0,NORMAL,20.2,5.9,6.0,6.2
15560,0.352,0,NORMAL,20.0,5.4,6.0,5.7
15561,0.3467,0,NORMAL,19.9,5.9,6.1,5.5
15562,0.3151,0,NORMAL,19.8,5.5,4.9,4.9
15563,0.2893,0,NORMAL,19.8,5.1,4.1,4.9
15564,0.2884,0,NORMAL,19.8,5.6,4.7,4.4
15565,0.3147,0,NORMAL,19.6,4.7,4.6,4.2
15566,0.3032,0,NORMAL,19.7,4.8,3.8,3.9
15567,0.2809,0,NORMAL,19.7,5.9,5.0,5.8
15568,0.4117,0,NORMAL,19.8,5.0,4.1,4.4
15569,0.3151,0,NORMAL,19.9,6.6,7.2,6.3
15570,0.3521,0,NORMAL,19.9,5.9,6.2,5.0
15571,0.3649,0,NORMAL,19.8,4.7,5.1,4.9
15572,0.3706,0,NORMAL,19.9,6.6,5.4,5.1
15573,0.3147,0,NORMAL,19.9,5.2,6.2,5.9
15574,0.3024,0,NORMAL,19.9,6.0,5.0,4.7
15575,0.7614,0,WARNING,19.9,8.4,5.5,5.7
15576,0.2829,0,NORMAL,19.8,5.0,4.9,4.8
15577,0.3123,0,NORMAL,20.0,5.6,5.5,6.0
15578,0.3141,0,NORMAL,19.9,5.7,5.5,5.0
15579,0.3572,0,NORMAL,19.8,6.9,6.6,6.2
15580,0.3329,0,NORMAL,19.9,6.8,5.9,5.9
15581,0.3385,0,NORMAL,19.9,6.0,5.3,5.6
15582,0.5608,0,NORMAL,20.1,6.6,5.6,5.6
15583,0.5542,0,NORMAL,19.8,6.0,6.2,5.5
15584,0.4169,0,NORMAL,19.8,5.7,4.2,4.6
15585,0.2882,0,NORMAL,19.8,5.1,5.3,5.2
15586,0.289,0,NORMAL,19.8,5.7,5.9,5.4
15587,0.2894,0,NORMAL,19.8,5.1,3.9,4.6
15588,0.2616,0,NORMAL,19.7,5.4,4.2,4.6
15589,0.2479,0,NORMAL,19.4,5.0,4.2,4.6
15590,0.2627,0,NORMAL,19.7,5.2,5.4,5.2
15591,0.4683,0,NORMAL,19.8,5.4,5.1,5.6
15592,0.2891,0,NORMAL,19.8,5.3,5.1,5.6
15593,0.3022,0,NORMAL,19.8,5.4,5.2,5.2
15594,0.3017,0,NORMAL,19.5,5.6,5.4,4.7
15595,0.3026,0,NORMAL,19.8,5.5,5.5,5.9
15596,0.3418,0,NORMAL,19.8,6.2,4.9,5.1
15597,0.3172,0,NORMAL,19.9,6.3,5.3,4.7
15598,0.2877,0,NORMAL,19.7,5.6,5.1,4.9
15599,0.2748,0,NORMAL,19.7,5.2,4.3,4.8
15600,0.275,0,NORMAL,19.6,6.1,5.9,5.5
15601,0.8323,0,WARNING,19.9,5.7,3.9,4.5
15602,0.2621,0,NORMAL,19.7,5.5,4.8,5.8
15603,0.2748,0,NORMAL,19.8,4.7,4.4,4.9
15604,0.3026,0,NORMAL,19.9,6.1,5.9,6.1
15605,0.4549,0,NORMAL,19.7,4.8,5.3,5.4
15606,0.3149,0,NORMAL,19.9,6.0,6.4,5.4
15607,0.3282,0,NORMAL,19.8,5.6,5.4,6.2
15608,0.3648,0,NORMAL,20.1,5.8,5.4,4.8
15609,0.4325,0,NORMAL,20.4,5.6,5.5,5.9
15610,0.4423,0,NORMAL,20.4,6.7,5.7,5.3
15611,0.3974,0,NORMAL,20.1,4.7,4.8,4.5
15612,0.4745,0,NORMAL,20.2,7.4,6.1,6.1
15613,0.4189,0,NORMAL,20.2,5.9,5.7,5.8
15614,0.3865,0,NORMAL,20.1,5.3,5.2,5.2
15615,0.5022,0,NORMAL,20.0,5.8,4.2,4.1
15616,0.4894,0,NORMAL,20.0,5.2,5.0,5.1
15617,0.3524,0,NORMAL,19.9,6.1,5.6,5.0
15618,0.3521,0,NORMAL,19.9,6.2,5.9,5.5
15619,0.3148,0,NORMAL,19.8,6.1,5.8,5.9
15620,0.3139,0,NORMAL,19.8,5.1,5.7,5.6
15621,0.3407,0,NORMAL,19.7,5.5,5.5,5.4
15622,0.3284,0,NORMAL,19.8,5.4,4.4,4.2
15623,0.2899,0,NORMAL,19.5,6.0,5.4,5.4
15624,0.3152,0,NORMAL,19.8,6.1,6.2,5.7
15625,0.34,0,NORMAL,19.6,5.4,5.1,5.1
15626,0.3281,0,NORMAL,19.7,6.3,5.9,5.8
15627,0.3234,0,NORMAL,19.7,6.1,5.7,5.7
15628,0.3135,0,NORMAL,19.7,5.7,4.9,4.6
15629,0.2889,0,NORMAL,19.7,4.5,3.3,4.3
15630,0.2754,0,NORMAL,19.4,5.1,5.0,5.4
15631,0.7002,0,WARNING,19.5,7.6,5.3,5.4
15632,0.2717,0,NORMAL,19.6,5.8,5.2,5.2
15633,0.2864,0,NORMAL,19.7,5.7,5.3,5.7
15634,0.2873,0,NORMAL,19.5,5.9,5.3,5.6
15635,0.2738,0,NORMAL,19.3,4.3,4.1,4.6
15636,0.2924,0,NORMAL,19.6,5.9,5.1,5.9
15637,0.2181,0,NORMAL,19.6,4.2,4.8,6.3
15638,0.2625,0,NORMAL,19.8,5.7,5.6,6.1
15639,0.2889,0,NORMAL,19.6,5.9,6.0,5.7
15640,0.5093,0,NORMAL,20.0,7.6,6.2,4.5
15641,0.3627,0,NORMAL,19.8,5.9,5.7,5.6
15642,0.3505,0,NORMAL,19.8,3.8,3.6,4.5
15643,0.4215,0,NORMAL,20.3,5.6,5.5,6.1
15644,0.4317,0,NORMAL,20.2,4.9,5.5,6.5
15645,0.3646,0,NORMAL,19.9,5.8,5.6,5.4
15646,0.3643,0,NORMAL,19.6,4.9,4.3,4.7
15647,0.3411,0,NORMAL,19.7,5.7,5.6,6.1
15648,0.3403,0,NORMAL,19.8,4.4,4.2,5.0
15649,0.3158,0,NORMAL,19.6,5.9,5.7,5.7
15650,0.3277,0,NORMAL,19.6,5.2,5.5,5.8
15651,0.3406,0,NORMAL,19.8,6.3,6.8,6.2
15652,0.315,0,NORMAL,19.8,4.8,4.2,3.0
15653,0.3159,0,NORMAL,19.5,4.3,3.9,4.1
15654,0.3168,0,NORMAL,19.5,4.8,5.1,4.7
15655,0.3361,0,NORMAL,19.5,6.6,5.6,5.5
15656,0.3023,0,NORMAL,19.5,4.9,4.9,5.5
15657,0.3151,0,NORMAL,19.6,5.2,4.9,5.1
15658,0.3399,0,NORMAL,19.9,4.9,5.1,5.5
15659,0.3277,0,NORMAL,19.6,4.7,4.6,5.5
15660,0.3152,0,NORMAL,19.8,5.4,4.7,5.4
15661,0.2882,0,NORMAL,19.7,5.1,5.0,5.1
15662,0.2753,0,NORMAL,19.8,5.1,5.6,5.6
15663,0.2627,0,NORMAL,19.5,5.5,4.4,4.9
15664,0.2756,0,NORMAL,19.7,4.5,4.9,5.6
15665,0.2762,0,NORMAL,19.7,5.5,4.7,4.9
15666,0.2892,0,NORMAL,19.5,4.9,4.9,5.6
15667,0.3025,0,NORMAL,19.6,4.8,4.8,6.1
15668,0.2768,0,NORMAL,19.7,5.1,4.8,5.3
15669,0.2761,0,NORMAL,19.8,5.6,5.3,6.0
15670,0.2887,0,NORMAL,19.8,5.7,5.2,5.4
15671,0.3078,0,NORMAL,19.8,5.5,4.8,5.5
15672,0.3,0,NORMAL,19.5,4.3,3.4,4.1
15673,0.315,0,NORMAL,19.8,4.9,4.9,5.1
15674,0.3023,0,NORMAL,19.6,5.2,4.9,6.1
15675,0.3149,0,NORMAL,19.8,5.2,4.4,5.1
15676,0.3145,0,NORMAL,19.5,4.0,3.6,4.2
15677,0.2768,0,NORMAL,19.7,5.7,5.6,6.0
15678,0.2614,0,NORMAL,19.6,5.3,5.0,4.9
15679,0.3033,0,NORMAL,19.5,5.9,5.4,6.5
15680,0.2609,0,NORMAL,19.5,4.7,4.9,5.3
15681,0.2894,0,NORMAL,19.8,4.4,4.9,5.8
15682,0.3158,0,NORMAL,19.9,5.1,4.7,5.3
15683,0.3155,0,NORMAL,19.6,5.8,4.9,4.9
15684,0.3023,0,NORMAL,19.6,5.5,6.0,6.2
15685,0.3031,0,NORMAL,19.9,6.0,6.1,5.9
15686,0.3013,0,NORMAL,19.7,4.9,4.0,3.7
15687,0.3304,0,NORMAL,19.8,5.0,3.8,4.1
15688,0.2884,0,NORMAL,19.8,5.6,5.1,5.6
15689,0.2874,0,NORMAL,19.5,5.1,5.2,5.1
15690,0.4963,0,NORMAL,19.5,4.5,5.3,5.5
15691,0.7473,0,WARNING,19.7,7.6,4.5,4.9
15692,0.243,0,NORMAL,19.6,5.0,4.3,4.4
15693,0.2735,0,NORMAL,19.6,5.8,6.2,6.3
15694,0.2745,0,NORMAL,19.6,6.4,6.4,6.4
15695,0.3006,0,NORMAL,19.6,5.7,5.6,4.2
15696,0.3526,0,NORMAL,19.8,5.1,5.4,5.4
15697,0.3654,0,NORMAL,20.1,5.3,4.8,6.2
15698,0.8297,0,WARNING,20.2,7.2,5.7,5.8
15699,0.3518,0,NORMAL,20.1,6.4,6.3,6.3
15700,0.3861,0,NORMAL,20.1,4.9,4.7,4.9
15701,0.5343,0,NORMAL,20.0,6.6,5.2,5.9
15702,0.4077,0,NORMAL,20.2,5.6,5.6,6.3
15703,0.3971,0,NORMAL,20.2,5.2,4.8,5.5
15704,0.3751,0,NORMAL,19.9,6.0,5.3,5.9
15705,0.3749,0,NORMAL,19.9,5.2,5.4,5.6
15706,0.3877,0,NORMAL,19.8,4.9,4.8,5.1
15707,0.3411,0,NORMAL,20.0,5.5,5.4,5.2
15708,0.3151,0,NORMAL,19.9,6.3,5.6,5.4
15709,0.3145,0,NORMAL,19.8,5.5,6.1,5.7
15710,0.2894,0,NORMAL,19.9,5.5,6.0,4.8
15711,0.2758,0,NORMAL,19.9,5.9,5.8,4.5
15712,0.9999,0,ANOMALY,21.0,6.8,5.1,4.7
15713,0.3753,0,NORMAL,19.9,6.7,6.4,6.4
15714,0.3978,0,NORMAL,20.2,5.3,5.4,5.0
15715,0.3988,0,NORMAL,20.0,5.5,5.1,4.5
15716,0.4396,0,NORMAL,20.3,6.7,5.6,5.6
15717,0.3627,0,NORMAL,20.1,5.8,5.3,5.3
15718,0.3507,0,NORMAL,20.1,5.4,5.5,5.8
15719,0.3515,0,NORMAL,20.0,6.3,6.4,5.9
15720,0.3399,0,NORMAL,19.8,5.0,4.9,4.6
15721,0.3411,0,NORMAL,20.0,5.4,5.2,5.2
15722,0.3153,0,NORMAL,20.0,4.8,4.7,5.3
15723,0.2892,0,NORMAL,19.9,5.5,5.1,5.9
15724,0.2887,0,NORMAL,19.7,5.0,5.3,5.4
15725,0.2897,0,NORMAL,19.9,4.8,4.2,4.6
15726,0.3018,0,NORMAL,20.0,5.5,5.3,5.9
15727,0.2889,0,NORMAL,20.0,5.5,5.8,7.8
15728,0.3961,0,NORMAL,20.0,5.8,5.9,4.4
15729,0.2893,0,NORMAL,19.8,5.1,4.2,3.7
15730,0.3029,0,NORMAL,20.0,5.1,4.8,5.8
15731,0.4185,0,NORMAL,19.8,6.6,6.3,7.2
15732,0.2997,0,NORMAL,19.9,5.5,4.8,4.8
15733,0.3394,0,NORMAL,20.1,5.5,6.0,6.1
15734,0.3272,0,NORMAL,19.9,4.6,4.8,5.3
15735,0.328,0,NORMAL,20.1,6.7,6.6,6.2
15736,0.3139,0,NORMAL,20.1,5.3,5.6,5.6
15737,0.3005,0,NORMAL,20.0,5.0,5.4,5.0
15738,0.2899,0,NORMAL,20.0,5.2,4.8,5.2
15739,0.4174,0,NORMAL,20.2,8.0,7.6,7.0
15740,0.3262,0,NORMAL,19.8,4.6,5.1,3.5
15741,0.8351,0,WARNING,20.2,5.9,5.0,4.4
15742,0.3411,0,NORMAL,20.1,5.8,5.8,6.2
15743,0.3279,0,NORMAL,20.1,5.9,6.3,5.2
15744,0.3407,0,NORMAL,19.9,5.4,5.6,3.9
15745,0.3293,0,NORMAL,19.9,5.5,5.6,6.5
15746,0.2894,0,NORMAL,20.0,6.2,6.2,6.2
15747,0.334,0,NORMAL,20.0,5.8,5.1,3.8
15748,0.2748,0,NORMAL,19.9,5.4,5.0,5.6
15749,0.2747,0,NORMAL,19.8,5.5,6.2,7.2
15750,0.2745,0,NORMAL,19.8,5.7,6.3,4.0
15751,0.2895,0,NORMAL,19.8,5.8,6.5,4.8
15752,0.2908,0,NORMAL,20.0,6.3,6.9,6.2
15753,0.3161,0,NORMAL,19.9,6.6,7.1,6.0
15754,0.2976,0,NORMAL,19.8,4.9,5.5,4.6
15755,0.2905,0,NORMAL,20.0,6.1,5.9,5.4
15756,0.7727,0,WARNING,20.1,9.1,6.6,6.2
15757,0.2697,0,NORMAL,20.0,5.7,5.7,6.2
15758,0.2725,0,NORMAL,20.0,5.2,5.3,5.2
15759,0.2877,0,NORMAL,19.8,6.3,6.6,5.9
15760,0.3014,0,NORMAL,19.8,5.8,6.1,4.7
15761,0.5063,0,NORMAL,20.0,7.1,6.3,5.2
15762,0.2599,0,NORMAL,19.9,6.0,6.3,5.0
15763,0.2564,0,NORMAL,19.7,5.5,6.3,5.3
15764,0.2624,0,NORMAL,19.9,4.9,4.9,5.1
15765,0.2626,0,NORMAL,19.8,6.0,6.9,5.8
15766,0.2489,0,NORMAL,19.6,5.4,5.8,4.7
15767,0.264,0,NORMAL,20.1,6.4,7.4,6.5
15768,0.3873,0,NORMAL,19.8,7.2,8.5,6.8
15769,0.2756,0,NORMAL,19.8,5.2,6.0,5.4
15770,0.303,0,NORMAL,20.1,5.7,6.2,5.1
15771,0.831,0,WARNING,20.5,6.3,6.5,6.0
15772,0.3014,0,NORMAL,20.2,6.2,6.0,5.2
15773,0.3017,0,NORMAL,20.2,6.2,6.9,5.8
15774,0.3276,0,NORMAL,20.0,5.6,6.4,5.7
15775,0.3284,0,NORMAL,20.2,6.7,6.7,5.3
15776,0.3884,0,NORMAL,19.9,6.9,6.5,5.9
15777,0.3136,0,NORMAL,20.1,5.9,6.5,5.8
15778,0.3519,0,NORMAL,20.0,6.2,6.5,5.9
15779,0.352,0,NORMAL,20.3,5.7,6.3,5.6
15780,0.3147,0,NORMAL,20.2,6.2,6.7,6.0
15781,0.3015,0,NORMAL,20.2,6.1,7.2,5.8
15782,0.3149,0,NORMAL,20.2,6.7,8.3,6.7
15783,0.2928,0,NORMAL,20.0,5.6,6.0,6.1
15784,0.2615,0,NORMAL,20.1,5.9,6.8,6.8
15785,0.2751,0,NORMAL,20.1,6.5,7.2,5.7
15786,0.8293,0,WARNING,20.3,7.5,7.9,7.0
15787,0.2954,0,NORMAL,20.1,7.0,8.0,8.6
15788,0.3296,0,NORMAL,20.1,7.0,7.3,5.9
15789,0.3008,0,NORMAL,20.2,6.9,7.8,6.4
15790,0.3271,0,NORMAL,20.1,6.0,6.9,6.2
15791,0.3015,0,NORMAL,20.1,6.0,6.0,5.5
15792,0.3529,0,NORMAL,20.2,7.0,6.9,6.2
15793,0.4691,0,NORMAL,20.1,5.3,7.3,6.9
15794,0.3009,0,NORMAL,20.2,6.2,7.6,6.5
15795,0.2745,0,NORMAL,20.1,6.5,8.0,6.4
15796,0.2883,0,NORMAL,20.2,6.5,8.2,7.5
15797,0.3264,0,NORMAL,20.1,6.9,8.2,6.7
15798,0.3395,0,NORMAL,20.4,6.8,8.8,7.3
15799,0.3396,0,NORMAL,20.4,7.0,7.9,6.8
15800,0.3142,0,NORMAL,20.2,6.1,6.1,5.2
15801,0.827,0,WARNING,20.5,7.0,7.7,6.7
15802,0.3392,0,NORMAL,20.3,6.7,8.1,7.7
15803,0.3131,0,NORMAL,20.3,6.6,8.1,6.5
15804,0.3014,0,NORMAL,20.1,6.7,7.4,6.8
15805,0.2871,0,NORMAL,20.1,6.4,7.6,6.2
15806,0.4417,0,NORMAL,19.9,7.0,6.9,5.9
15807,0.3317,0,NORMAL,20.2,8.0,8.9,8.2
15808,0.2998,0,NORMAL,20.2,6.9,8.2,6.9
15809,0.3006,0,NORMAL,19.9,6.2,6.7,6.0
15810,0.301,0,NORMAL,20.1,5.1,6.0,5.4
15811,0.3025,0,NORMAL,20.0,6.1,6.5,5.2
15812,0.8125,0,WARNING,20.2,9.5,6.9,6.0
15813,0.2959,0,NORMAL,19.8,5.5,6.4,5.4
15814,0.3175,0,NORMAL,20.2,7.6,8.3,6.6
15815,0.2869,0,NORMAL,20.2,7.3,8.5,7.9
15816,0.8189,0,WARNING,20.3,6.0,6.5,6.0
15817,0.3209,0,NORMAL,20.2,7.1,9.0,8.3
15818,0.2879,0,NORMAL,20.2,6.1,6.4,5.9
15819,0.3635,0,NORMAL,20.3,7.6,9.5,8.0
15820,0.2874,0,NORMAL,20.2,5.9,7.0,5.8
15821,0.3893,0,NORMAL,20.1,7.2,6.8,6.0
15822,0.2868,0,NORMAL,20.1,6.4,6.7,6.2
15823,0.2867,0,NORMAL,20.1,6.5,6.4,4.8
15824,0.2742,0,NORMAL,19.9,5.5,6.5,6.1
15825,0.2615,0,NORMAL,20.0,5.8,7.2,6.6
15826,0.2884,0,NORMAL,19.9,5.9,7.0,5.7
15827,0.3154,0,NORMAL,20.2,6.6,7.8,6.1
15828,0.2891,0,NORMAL,20.1,6.0,7.0,6.7
15829,0.2753,0,NORMAL,20.1,6.7,7.4,6.7
15830,0.2743,0,NORMAL,20.1,6.0,7.3,6.4
15831,0.8276,0,WARNING,20.3,6.6,7.2,6.7
15832,0.2603,0,NORMAL,20.0,6.0,6.0,4.8
15833,0.2755,0,NORMAL,19.9,6.1,7.0,6.4
15834,0.3274,0,NORMAL,20.0,5.6,6.5,5.8
15835,0.5225,0,NORMAL,21.2,6.7,10.9,10.3
15836,0.2914,0,NORMAL,19.9,6.4,7.3,5.6
15837,0.3431,0,NORMAL,20.0,6.4,5.6,4.9
15838,0.2745,0,NORMAL,20.2,7.3,8.3,7.0
15839,0.2739,0,NORMAL,19.9,5.8,6.0,5.2
15840,0.2883,0,NORMAL,20.1,5.0,6.2,5.2
15841,0.2765,0,NORMAL,20.1,6.2,6.6,6.0
15842,0.2751,0,NORMAL,20.1,5.9,6.6,5.5
15843,0.3026,0,NORMAL,20.1,6.4,7.4,6.2
15844,0.3028,0,NORMAL,20.2,6.4,6.9,6.0
15845,0.3151,0,NORMAL,20.2,5.7,6.4,5.9
15846,0.8311,0,WARNING,20.4,6.4,7.0,6.7
15847,0.301,0,NORMAL,20.2,6.4,6.7,6.8
15848,0.2879,0,NORMAL,20.2,6.1,6.5,5.9
15849,0.288,0,NORMAL,20.2,6.4,6.7,6.1
15850,0.3141,0,NORMAL,20.2,5.5,5.9,4.7
15851,0.3027,0,NORMAL,20.2,5.9,6.1,5.7
15852,0.4861,0,NORMAL,20.1,7.1,6.2,5.5
15853,0.2998,0,NORMAL,20.2,6.9,6.9,5.7
15854,0.3861,0,NORMAL,20.3,7.6,8.7,7.5
15855,0.3753,0,NORMAL,20.1,5.7,6.8,5.9
15856,0.3277,0,NORMAL,19.9,5.9,6.3,5.6
15857,0.3397,0,NORMAL,19.8,5.0,5.3,4.7
15858,0.3287,0,NORMAL,20.0,6.0,5.8,5.8
15859,0.3329,0,NORMAL,20.1,6.1,5.9,5.7
15860,0.3284,0,NORMAL,20.0,6.2,6.4,4.8
15861,0.8324,0,WARNING,20.4,6.3,6.2,5.2
15862,0.353,0,NORMAL,20.1,6.8,6.7,5.9
15863,0.3396,0,NORMAL,20.1,5.8,6.8,5.5
15864,0.341,0,NORMAL,19.9,6.1,6.7,6.0
15865,0.3525,0,NORMAL,20.0,6.3,6.9,5.5
15866,0.4584,0,NORMAL,20.1,6.9,6.4,5.3
15867,0.3511,0,NORMAL,20.2,6.3,6.9,5.6
15868,0.3274,0,NORMAL,20.1,6.8,6.7,5.8
15869,0.3011,0,NORMAL,19.7,5.3,5.4,4.9
15870,0.3281,0,NORMAL,20.1,6.0,6.8,5.7
15871,0.3407,0,NORMAL,20.0,6.5,6.9,6.2
15872,0.8269,0,WARNING,20.3,6.9,6.0,5.0
15873,0.3326,0,NORMAL,20.0,5.8,5.4,4.7
15874,0.341,0,NORMAL,20.1,6.6,6.3,5.6
15875,0.7892,0,WARNING,19.9,8.6,4.5,4.7
15876,0.8183,0,WARNING,20.0,5.2,4.8,5.8
15877,0.2855,0,NORMAL,19.9,5.6,5.7,7.6
15878,0.2995,0,NORMAL,19.9,5.8,5.9,5.6
15879,0.3255,0,NORMAL,20.2,6.5,6.7,5.1
15880,0.3139,0,NORMAL,20.1,6.2,6.5,5.5
15881,0.2743,0,NORMAL,20.0,5.6,5.8,5.2
15882,0.2749,0,NORMAL,20.0,6.4,6.2,4.8
15883,0.2749,0,NORMAL,19.8,5.1,5.3,4.9
15884,0.2758,0,NORMAL,19.8,5.1,5.4,5.8
15885,0.2761,0,NORMAL,20.0,5.8,5.6,5.3
15886,0.2893,0,NORMAL,19.8,4.3,4.7,4.6
15887,0.2907,0,NORMAL,20.0,5.6,6.0,6.4
15888,0.2891,0,NORMAL,19.9,5.3,4.8,5.3
15889,0.2884,0,NORMAL,19.9,5.5,5.8,6.0
15890,0.2475,0,NORMAL,19.8,5.1,5.4,4.4
15891,0.8346,0,WARNING,19.8,5.2,3.8,4.3
15892,0.2192,0,NORMAL,19.7,5.3,4.6,4.9
15893,0.2478,0,NORMAL,19.6,5.2,4.7,5.4
15894,0.418,0,NORMAL,19.9,6.4,5.0,5.6
15895,0.3019,0,NORMAL,19.9,4.3,4.6,4.9
15896,0.4024,0,NORMAL,19.9,5.9,5.2,6.7
15897,0.2871,0,NORMAL,20.0,6.0,6.2,6.1
15898,0.2599,0,NORMAL,20.0,6.2,6.1,4.9
15899,0.2608,0,NORMAL,19.9,4.7,4.3,4.1
15900,0.2759,0,NORMAL,19.8,4.7,4.8,5.5
15901,0.2624,0,NORMAL,20.0,5.9,6.7,5.7
15902,0.2758,0,NORMAL,20.0,6.0,6.6,4.3
15903,0.2634,0,NORMAL,19.9,5.0,5.2,5.2
15904,0.2485,0,NORMAL,19.6,5.2,5.1,6.1
15905,0.2619,0,NORMAL,19.9,5.3,5.3,5.1
15906,0.8345,0,WARNING,20.1,6.1,5.7,4.9
15907,0.2762,0,NORMAL,19.7,5.6,6.1,7.0
15908,0.2627,0,NORMAL,20.0,5.6,5.2,4.7
15909,0.3469,0,NORMAL,20.0,5.9,5.0,4.9
15910,0.3024,0,NORMAL,20.0,5.8,5.9,6.3
15911,0.3142,0,NORMAL,19.9,5.9,5.3,6.2
15912,0.3134,0,NORMAL,20.1,5.8,5.2,5.4
15913,0.3007,0,NORMAL,20.0,4.9,4.8,5.1
15914,0.3199,0,NORMAL,20.1,5.7,4.8,5.6
15915,0.3003,0,NORMAL,20.1,5.2,5.7,6.1
15916,0.315,0,NORMAL,19.9,5.1,4.9,5.8
15917,0.2888,0,NORMAL,20.0,5.1,4.4,4.4
15918,0.2758,0,NORMAL,20.2,5.7,5.7,6.1
15919,0.2888,0,NORMAL,20.2,6.1,5.9,5.6
15920,0.3014,0,NORMAL,20.1,5.6,6.8,6.0
15921,0.8328,0,WARNING,20.3,6.2,5.2,4.7
15922,0.3143,0,NORMAL,20.1,4.9,5.3,4.4
15923,0.4172,0,NORMAL,20.1,5.6,5.0,5.8
15924,0.3337,0,NORMAL,20.0,6.2,5.5,6.1
15925,0.2887,0,NORMAL,20.1,5.4,5.9,6.8
15926,0.2741,0,NORMAL,20.0,5.5,5.1,3.8
15927,0.3402,0,NORMAL,20.1,6.7,6.2,5.8
15928,0.2599,0,NORMAL,19.9,6.5,6.3,5.8
15929,0.2739,0,NORMAL,19.8,5.3,6.5,4.8
15930,0.3029,0,NORMAL,20.1,5.9,6.8,5.3
15931,0.2898,0,NORMAL,20.0,5.9,5.5,4.5
15932,0.7227,0,WARNING,20.1,8.3,5.9,5.7
15933,0.3348,0,NORMAL,20.0,6.8,7.5,6.2
15934,0.3127,0,NORMAL,20.2,6.6,6.9,5.3
15935,0.3134,0,NORMAL,20.1,5.2,5.5,4.7
15936,0.3022,0,NORMAL,20.1,5.6,4.8,4.9
15937,0.3147,0,NORMAL,20.1,5.0,4.5,6.3
15938,0.3392,0,NORMAL,20.2,4.5,4.6,5.2
15939,0.3527,0,NORMAL,20.4,6.8,6.8,7.1
15940,0.3387,0,NORMAL,20.1,6.4,6.4,4.8
15941,0.3015,0,NORMAL,19.9,6.3,6.6,4.7
15942,0.3625,0,NORMAL,20.0,6.3,5.0,5.6
15943,0.2872,0,NORMAL,20.0,5.0,5.2,6.1
15944,0.3144,0,NORMAL,19.9,5.6,5.5,6.0
15945,0.3396,0,NORMAL,20.0,4.4,4.8,5.5
15946,0.3275,0,NORMAL,20.1,6.6,6.5,6.2
15947,0.3007,0,NORMAL,20.0,5.4,5.5,5.7
15948,0.3014,0,NORMAL,19.9,5.2,4.3,4.4
15949,0.2886,0,NORMAL,20.0,5.5,5.5,6.4
15950,0.2749,0,NORMAL,19.7,6.3,7.1,5.7
15951,0.8305,0,WARNING,20.1,6.2,5.7,3.8
15952,0.2903,0,NORMAL,19.9,5.7,5.1,4.8
15953,0.3333,0,NORMAL,20.0,6.4,5.3,5.6
15954,0.302,0,NORMAL,20.0,5.9,6.7,5.7
15955,0.3026,0,NORMAL,20.0,6.1,5.4,4.1
15956,0.2892,0,NORMAL,19.9,6.0,5.8,4.9
15957,0.306,0,NORMAL,20.0,6.1,5.4,6.0
15958,0.326,0,NORMAL,20.0,5.4,5.4,5.4
15959,0.3397,0,NORMAL,20.1,6.5,6.1,5.9
15960,0.3508,0,NORMAL,20.0,4.8,5.1,4.7
15961,0.3762,0,NORMAL,20.0,5.1,4.7,4.8
15962,0.3399,0,NORMAL,20.0,5.5,5.6,6.4
15963,0.3015,0,NORMAL,19.9,6.1,5.8,5.8
15964,0.2883,0,NORMAL,19.9,5.7,6.1,4.0
15965,0.2907,0,NORMAL,19.6,4.7,4.2,5.0
15966,0.8359,0,WARNING,20.1,6.2,4.9,5.3
15967,0.275,0,NORMAL,19.8,5.0,4.9,6.3
15968,0.276,0,NORMAL,19.9,5.8,6.5,6.4
15969,0.2822,0,NORMAL,19.9,6.5,6.3,4.9
15970,0.2885,0,NORMAL,19.6,5.0,5.2,5.9
15971,0.3209,0,NORMAL,19.7,6.8,6.9,7.1
15972,0.317,0,NORMAL,19.7,6.3,5.0,3.7
15973,0.2467,0,NORMAL,19.8,5.9,5.6,4.9
15974,0.2469,0,NORMAL,19.5,5.2,5.6,5.8
15975,0.2619,0,NORMAL,19.8,4.9,5.2,6.0
15976,0.2756,0,NORMAL,19.8,5.0,4.7,5.1
15977,0.2757,0,NORMAL,19.8,5.8,5.2,5.4
15978,0.2755,0,NORMAL,19.8,4.9,4.7,6.0
15979,0.275,0,NORMAL,19.9,5.1,5.2,6.6
15980,0.2746,0,NORMAL,19.9,5.1,4.9,5.8
15981,0.2876,0,NORMAL,20.1,5.5,4.8,5.1
15982,0.3015,0,NORMAL,20.0,5.7,5.8,6.5
15983,0.2879,0,NORMAL,20.0,5.7,5.9,6.1
15984,0.288,0,NORMAL,19.9,5.7,5.7,4.0
15985,0.3159,0,NORMAL,20.0,5.6,5.4,4.6
15986,0.4569,0,NORMAL,19.9,6.1,4.4,4.6
15987,0.274,0,NORMAL,19.9,5.8,6.1,6.9
15988,0.3004,0,NORMAL,19.8,5.0,4.8,5.8
15989,0.2745,0,NORMAL,19.9,7.2,6.5,4.9
15990,0.2753,0,NORMAL,20.0,6.7,6.9,6.0
15991,0.2467,0,NORMAL,19.7,5.2,5.2,4.9
15992,0.7713,0,WARNING,19.9,8.9,5.9,5.5
15993,0.2566,0,NORMAL,19.9,4.7,4.7,4.7
15994,0.3583,0,NORMAL,20.1,6.5,6.3,6.4
15995,0.2857,0,NORMAL,19.9,5.3,6.4,5.9
15996,0.8295,0,WARNING,20.2,6.7,6.5,4.4
15997,0.3274,0,NORMAL,20.1,6.3,5.9,6.7
15998,0.339,0,NORMAL,20.1,4.9,5.4,5.6
15999,0.3408,0,NORMAL,20.1,5.5,4.5,4.9
16000,0.3519,0,NORMAL,20.1,5.4,5.1,5.4
16001,0.5205,0,NORMAL,20.3,6.4,5.6,6.6
16002,0.361,0,NORMAL,19.9,5.2,5.2,5.6
16003,0.363,0,NORMAL,20.2,5.8,6.1,5.9
16004,0.3516,0,NORMAL,19.9,5.6,5.6,6.1
16005,0.3147,0,NORMAL,20.1,5.4,4.5,4.7
16006,0.3022,0,NORMAL,20.0,6.0,6.1,7.0
16007,0.2876,0,NORMAL,19.9,5.6,5.3,5.4
16008,0.2883,0,NORMAL,19.9,6.1,6.3,5.8
16009,0.2885,0,NORMAL,20.1,5.9,5.8,5.2
16010,0.3021,0,NORMAL,20.1,5.6,5.8,6.1
16011,0.3016,0,NORMAL,20.0,5.1,4.5,5.6
16012,0.2885,0,NORMAL,20.1,5.7,5.4,6.3
16013,0.3007,0,NORMAL,20.1,4.8,4.9,6.3
16014,0.3267,0,NORMAL,20.2,5.3,5.2,5.5
16015,0.327,0,NORMAL,20.2,6.0,5.5,6.0
16016,0.3004,0,NORMAL,20.0,6.0,5.3,5.4
16017,0.3002,0,NORMAL,20.1,5.7,5.9,6.6
16018,0.3001,0,NORMAL,20.0,5.6,5.5,4.2
16019,0.302,0,NORMAL,19.8,5.2,5.1,4.9
16020,0.2896,0,NORMAL,20.0,5.3,5.3,5.9
16021,0.2854,0,NORMAL,19.7,5.5,5.5,4.7
16022,0.2478,0,NORMAL,19.7,4.6,4.2,4.1
16023,0.2836,0,NORMAL,19.9,4.7,4.9,5.3
16024,0.2765,0,NORMAL,19.7,4.8,5.4,6.5
16025,0.2898,0,NORMAL,19.9,5.7,5.2,6.0
16026,0.971,0,WARNING,20.4,7.0,6.7,5.0
16027,0.2878,0,NORMAL,19.9,4.4,5.2,4.9
16028,0.2907,0,NORMAL,20.0,4.8,4.6,4.9
16029,0.3034,0,NORMAL,20.1,6.9,7.8,7.2
16030,0.3143,0,NORMAL,19.8,5.6,5.6,4.1
16031,0.4005,0,NORMAL,19.8,5.8,4.2,5.0
16032,0.2884,0,NORMAL,20.0,6.1,5.6,6.1
16033,0.2877,0,NORMAL,20.0,5.7,6.2,6.0
16034,0.2884,0,NORMAL,20.2,5.2,5.5,3.7
16035,0.2771,0,NORMAL,19.9,4.6,5.0,5.7
16036,0.2761,0,NORMAL,20.1,6.3,7.3,7.1
16037,0.49,0,NORMAL,19.9,6.5,5.5,3.8
16038,0.2768,0,NORMAL,20.0,6.1,5.4,5.0
16039,0.2894,0,NORMAL,19.9,5.2,5.6,6.3
16040,0.3025,0,NORMAL,20.1,5.6,6.0,6.4
16041,0.8305,0,WARNING,20.5,6.2,6.4,4.4
16042,0.3284,0,NORMAL,20.2,5.4,5.5,4.6
16043,0.3029,0,NORMAL,19.9,6.0,6.4,6.0
16044,0.3025,0,NORMAL,20.1,6.0,6.4,6.1
16045,0.3018,0,NORMAL,20.0,5.6,5.0,4.2
16046,0.4073,0,NORMAL,20.1,7.0,7.2,6.6
16047,0.2868,0,NORMAL,19.8,4.4,4.4,5.1
16048,0.2889,0,NORMAL,20.1,6.7,6.5,5.7
16049,0.2879,0,NORMAL,20.0,5.5,6.3,5.2
16050,0.276,0,NORMAL,20.1,6.7,7.5,6.2
16051,0.2615,0,NORMAL,19.9,5.3,5.2,5.1
16052,0.2888,0,NORMAL,20.3,7.1,8.3,6.6
16053,0.3019,0,NORMAL,20.2,5.6,6.3,6.1
16054,0.3015,0,NORMAL,20.1,5.4,5.1,4.9
16055,0.3332,0,NORMAL,19.9,5.9,5.9,5.2
16056,0.8304,0,WARNING,20.2,5.8,6.5,5.6
16057,0.7559,0,WARNING,20.1,8.7,7.0,7.7
16058,0.27,0,NORMAL,20.1,6.4,6.9,6.1
16059,0.3088,0,NORMAL,20.3,7.0,7.4,6.2
16060,0.5606,0,NORMAL,19.9,7.6,7.7,7.0
16061,0.2573,0,NORMAL,20.0,5.4,5.8,5.7
16062,0.2685,0,NORMAL,20.0,6.6,7.8,6.2
16063,0.2743,0,NORMAL,19.9,6.1,7.0,5.8
16064,0.2752,0,NORMAL,19.8,5.2,5.7,5.6
16065,0.2759,0,NORMAL,19.8,5.3,5.9,5.4
16066,0.2491,0,NORMAL,20.2,6.7,8.3,7.3
16067,0.2613,0,NORMAL,20.0,6.0,7.8,6.9
16068,0.2759,0,NORMAL,20.3,6.1,7.4,6.9
16069,0.3147,0,NORMAL,20.1,6.7,7.2,5.8
16070,0.3274,0,NORMAL,20.3,6.2,7.1,7.2
16071,0.8229,0,WARNING,20.4,6.1,6.7,5.8
16072,0.2879,0,NORMAL,20.2,6.4,7.2,6.3
16073,0.3011,0,NORMAL,20.0,7.2,8.3,6.4
16074,0.3145,0,NORMAL,20.1,6.4,8.0,6.6
16075,0.3277,0,NORMAL,20.3,7.1,7.7,6.7
16076,0.3136,0,NORMAL,20.1,7.0,8.0,6.4
16077,0.4399,0,NORMAL,20.1,7.6,7.9,6.6
16078,0.2866,0,NORMAL,20.2,6.1,7.2,6.3
16079,0.288,0,NORMAL,20.2,6.7,6.9,6.0
16080,0.2833,0,NORMAL,20.0,6.1,7.4,6.7
16081,0.2885,0,NORMAL,20.2,6.1,7.4,6.3
16082,0.3275,0,NORMAL,20.3,7.5,8.9,7.0
16083,0.3267,0,NORMAL,20.2,6.1,7.6,7.2
16084,0.3015,0,NORMAL,20.0,5.8,6.5,6.4
16085,0.3148,0,NORMAL,20.3,6.8,7.8,6.7
16086,0.8238,0,WARNING,20.5,6.2,6.5,6.3
16087,0.3003,0,NORMAL,20.1,5.6,6.4,6.6
16088,0.302,0,NORMAL,20.1,6.0,6.3,5.6
16089,0.3019,0,NORMAL,20.1,6.1,6.5,6.2
16090,0.3144,0,NORMAL,20.3,6.1,7.0,5.9
16091,0.3258,0,NORMAL,20.3,7.3,7.1,6.3
16092,0.4895,0,NORMAL,20.3,8.1,7.7,7.0
16093,0.3922,0,NORMAL,20.4,8.3,9.7,7.5
16094,0.3129,0,NORMAL,20.2,6.0,7.0,5.7
16095,0.3689,0,NORMAL,20.4,7.9,8.9,7.8
16096,0.3183,0,NORMAL,20.0,5.9,7.8,6.2
16097,0.3148,0,NORMAL,20.2,7.2,8.1,7.0
16098,0.3269,0,NORMAL,20.3,6.5,7.3,6.5
16099,0.3813,0,NORMAL,20.1,8.2,9.0,6.9
16100,0.3476,0,NORMAL,20.3,6.8,8.3,7.3
16101,0.8238,0,WARNING,20.7,7.5,7.5,6.5
16102,0.4014,0,NORMAL,20.4,8.1,9.8,7.6
16103,0.4631,0,NORMAL,20.1,8.6,10.6,8.1
16104,0.3548,0,NORMAL,20.3,8.0,8.9,6.6
16105,0.3857,0,NORMAL,20.3,7.9,9.4,7.7
16106,0.5412,0,NORMAL,20.4,9.2,9.3,7.2
16107,0.4405,0,NORMAL,20.3,9.0,10.4,8.1
16108,0.3742,0,NORMAL,20.2,7.3,7.9,5.9
16109,0.3507,0,NORMAL,20.2,6.7,6.9,6.0
16110,0.3627,0,NORMAL,20.4,8.0,8.9,7.2
16111,0.3507,0,NORMAL,20.3,7.8,8.7,6.8
16112,0.7155,0,WARNING,20.4,9.3,8.3,7.3
16113,0.3585,0,NORMAL,20.4,8.2,8.8,7.0
16114,0.3358,0,NORMAL,20.2,7.0,7.5,6.5
16115,0.3372,0,NORMAL,20.2,6.8,7.7,6.3
16116,0.8206,0,WARNING,20.5,7.7,8.4,6.7
16117,0.3249,0,NORMAL,20.2,5.7,6.9,7.8
16118,0.3433,0,NORMAL,20.2,8.0,8.6,6.9
16119,0.401,0,NORMAL,20.4,8.0,9.7,6.9
16120,0.3384,0,NORMAL,20.3,6.9,7.8,6.3
16121,0.3389,0,NORMAL,20.1,6.6,7.3,6.9
16122,0.4299,0,NORMAL,20.7,7.0,7.8,6.7
16123,0.4519,0,NORMAL,20.7,7.1,7.7,6.3
16124,0.3628,0,NORMAL,20.4,6.5,7.7,7.2
16125,0.3283,0,NORMAL,20.2,7.5,8.2,6.1
16126,0.2871,0,NORMAL,19.9,5.8,5.2,3.5
16127,0.3932,0,NORMAL,19.5,2.3,0.1,0.0
16128,0.3909,0,NORMAL,19.8,2.4,0.1,0.0
16129,0.3895,0,NORMAL,19.8,2.7,0.2,0.0
16130,0.367,0,NORMAL,19.8,5.5,5.6,5.7
16131,0.8468,0,WARNING,20.5,8.3,8.9,8.7
16132,0.3268,0,NORMAL,20.3,6.4,7.7,5.3
16133,0.3766,0,NORMAL,20.5,7.3,8.5,8.2
16134,0.3978,0,NORMAL,20.3,6.7,7.7,6.7
16135,0.3636,0,NORMAL,20.2,7.2,7.8,6.0
16136,0.339,0,NORMAL,20.0,7.3,8.4,7.7
16137,0.3256,0,NORMAL,20.2,7.2,8.7,7.4
16138,0.3251,0,NORMAL,20.2,7.7,8.6,7.3
16139,0.3255,0,NORMAL,20.2,7.0,8.3,7.4
16140,0.3508,0,NORMAL,20.3,6.8,7.6,6.3
16141,0.3628,0,NORMAL,20.3,7.3,7.9,6.7
16142,0.4303,0,NORMAL,20.5,8.4,9.7,7.7
16143,0.4086,0,NORMAL,20.5,6.9,8.0,6.9
16144,0.363,0,NORMAL,20.4,7.0,7.8,7.4
16145,0.4107,0,NORMAL,20.3,7.5,10.0,8.0
16146,0.8204,0,WARNING,20.4,8.1,8.5,7.7
16147,0.325,0,NORMAL,20.2,7.3,7.9,8.0
16148,0.338,0,NORMAL,20.3,7.0,8.4,7.0
16149,0.3511,0,NORMAL,20.3,6.4,7.4,7.1
16150,0.4179,0,NORMAL,20.3,8.1,10.3,8.3
16151,0.4986,0,NORMAL,20.3,7.9,6.3,5.7
16152,0.3538,0,NORMAL,20.4,7.4,9.4,8.2
16153,0.3257,0,NORMAL,20.0,6.7,8.0,7.4
16154,0.3388,0,NORMAL,20.1,7.2,8.2,6.8
16155,0.3632,0,NORMAL,20.1,7.2,8.5,7.2
16156,0.3749,0,NORMAL,20.2,6.3,7.5,7.2
16157,0.8202,0,WARNING,20.5,8.2,8.1,6.8
16158,0.3267,0,NORMAL,20.3,7.5,9.3,8.0
16159,0.313,0,NORMAL,20.2,6.6,7.2,6.8
16160,0.3382,0,NORMAL,20.3,6.4,7.9,6.5
16161,0.4057,0,NORMAL,20.4,8.8,10.1,8.4
16162,0.3501,0,NORMAL,20.3,7.2,8.8,7.5
16163,0.3386,0,NORMAL,20.2,5.6,6.8,6.3
16164,0.3636,0,NORMAL,20.2,7.4,8.0,7.2
16165,0.386,0,NORMAL,20.2,6.6,7.7,6.8
16166,0.3632,0,NORMAL,20.3,6.8,8.0,7.2
16167,0.3503,0,NORMAL,20.1,6.7,7.5,6.4
16168,0.3385,0,NORMAL,20.3,7.6,9.2,8.0
16169,0.5018,0,NORMAL,20.0,6.3,9.0,7.5
16170,0.9948,0,ANOMALY,20.3,8.9,11.0,8.9
16171,0.3378,0,NORMAL,20.3,5.9,7.6,7.4
16172,0.761,0,WARNING,20.3,9.9,8.7,7.5
16173,0.4492,0,NORMAL,20.3,8.6,10.5,8.2
16174,0.3536,0,NORMAL,20.1,7.6,9.0,7.5
16175,0.3404,0,NORMAL,20.3,6.5,7.7,7.6
16176,0.9683,0,WARNING,20.7,7.9,8.9,7.2
16177,0.3373,0,NORMAL,20.4,7.0,8.8,9.0
16178,0.3376,0,NORMAL,20.4,7.1,8.2,7.6
16179,0.3497,0,NORMAL,20.2,7.4,8.7,8.0
16180,0.3811,0,NORMAL,20.4,8.4,9.8,7.9
16181,0.4442,0,NORMAL,20.4,8.1,8.9,8.0
16182,0.3589,0,NORMAL,20.3,7.6,9.8,8.7
16183,0.3365,0,NORMAL,20.4,6.2,8.4,8.3
16184,0.3248,0,NORMAL,20.3,7.8,8.8,7.7
16185,0.4142,0,NORMAL,20.3,8.0,9.2,7.6
16186,0.3385,0,NORMAL,20.2,7.1,8.7,8.7
16187,0.338,0,NORMAL,20.4,7.2,8.3,7.4
16188,0.3255,0,NORMAL,20.3,6.8,7.9,7.6
16189,0.3703,0,NORMAL,20.4,7.7,9.7,8.0
16190,0.3506,0,NORMAL,20.4,7.1,7.8,7.4
16191,0.8183,0,WARNING,20.7,9.0,10.2,7.9
16192,0.3667,0,NORMAL,20.6,7.6,9.2,8.6
16193,0.3738,0,NORMAL,20.3,7.5,8.6,8.2
16194,0.3853,0,NORMAL,20.4,6.0,7.7,7.3
16195,0.3625,0,NORMAL,20.3,7.4,8.8,8.1
16196,0.3809,0,NORMAL,20.2,8.1,9.7,8.5
16197,0.3371,0,NORMAL,20.3,7.4,8.8,7.6
16198,0.4128,0,NORMAL,20.4,8.5,9.8,8.1
16199,0.3397,0,NORMAL,20.2,7.3,8.9,7.8
16200,0.3726,0,NORMAL,20.1,8.0,9.6,8.3
16201,0.3922,0,NORMAL,20.3,7.8,9.4,7.6
16202,0.3809,0,NORMAL,20.2,7.6,9.7,8.4
16203,0.3631,0,NORMAL,20.2,6.5,8.3,7.8
16204,0.3508,0,NORMAL,20.4,6.9,8.4,7.9
16205,0.3738,0,NORMAL,20.4,7.8,9.9,8.3
16206,0.3837,0,NORMAL,20.5,8.3,10.2,9.7
16207,0.3924,0,NORMAL,20.5,7.7,10.2,9.6
16208,0.3821,0,NORMAL,20.5,7.7,9.9,9.3
16209,0.3611,0,NORMAL,20.3,7.3,9.5,7.9
16210,0.4144,0,NORMAL,20.6,8.4,10.4,9.0
16211,0.3906,0,NORMAL,20.2,7.9,8.6,8.2
16212,0.3707,0,NORMAL,20.4,8.2,9.5,8.5
16213,0.4442,0,NORMAL,20.4,8.4,10.7,8.8
16214,0.372,0,NORMAL,20.5,7.5,9.2,8.4
16215,0.38,0,NORMAL,20.4,8.3,9.8,8.1
16216,0.3598,0,NORMAL,20.4,7.1,9.2,8.7
16217,0.4211,0,NORMAL,20.2,7.9,10.2,8.1
16218,0.3625,0,NORMAL,20.4,7.3,8.5,8.1
16219,0.4912,0,NORMAL,20.6,9.2,11.3,8.4
16220,0.3644,0,NORMAL,20.4,7.1,9.5,8.9
16221,0.8128,0,WARNING,20.6,8.6,9.8,8.5
16222,0.368,0,NORMAL,20.3,7.5,9.9,9.3
16223,0.4529,0,NORMAL,20.5,8.2,10.7,7.3
16224,0.3602,0,NORMAL,20.2,7.0,8.4,7.8
16225,0.3806,0,NORMAL,20.3,7.1,9.9,8.7
16226,0.4545,0,NORMAL,20.5,9.0,10.4,9.1
16227,0.3397,0,NORMAL,20.2,7.2,9.4,8.8
16228,0.3453,0,NORMAL,20.4,7.7,9.4,7.8
16229,0.3629,0,NORMAL,20.1,7.8,8.7,7.1
16230,0.3579,0,NORMAL,20.4,7.4,9.1,9.0
16231,0.3349,0,NORMAL,20.5,8.0,9.3,8.1
16232,0.4218,0,NORMAL,20.5,8.2,10.5,9.9
16233,0.3375,0,NORMAL,20.4,6.5,8.2,6.9
16234,0.3383,0,NORMAL,20.4,7.6,9.3,9.0
16235,0.3831,0,NORMAL,20.5,7.8,9.8,7.9
16236,0.4792,0,NORMAL,20.6,9.0,11.1,9.5
16237,0.7578,0,WARNING,20.6,10.7,10.2,9.4
16238,0.4108,0,NORMAL,20.2,7.5,8.7,7.5
16239,0.3647,0,NORMAL,20.5,7.0,8.3,7.2
16240,0.3654,0,NORMAL,20.3,7.9,8.9,7.7
16241,0.4429,0,NORMAL,20.5,9.0,10.1,8.3
16242,0.4389,0,NORMAL,20.7,9.3,10.5,8.5
16243,0.3995,0,NORMAL,20.4,7.4,10.1,9.2
16244,0.424,0,NORMAL,20.4,8.0,10.4,9.0
16245,0.3566,0,NORMAL,20.3,7.1,9.4,7.5
16246,0.4639,0,NORMAL,20.3,8.5,10.8,9.7
16247,0.3674,0,NORMAL,20.4,7.1,9.7,7.5
16248,0.3727,0,NORMAL,20.4,7.7,9.8,8.0
16249,0.4186,0,NORMAL,20.4,8.0,10.2,9.9
16250,0.3472,0,NORMAL,20.2,7.3,9.1,7.7
16251,0.814,0,WARNING,20.6,7.7,9.5,8.5
16252,0.4246,0,NORMAL,20.4,8.7,10.5,8.4
16253,0.441,0,NORMAL,20.4,8.3,10.5,9.0
16254,0.3843,0,NORMAL,20.5,7.8,9.4,7.4
16255,0.45,0,NORMAL,20.5,6.9,9.0,8.1
16256,0.4303,0,NORMAL,20.5,7.1,7.8,6.5
16257,0.5323,0,NORMAL,20.4,9.5,10.5,9.0
16258,0.3487,0,NORMAL,20.2,7.0,8.7,8.4
16259,0.3236,0,NORMAL,20.2,6.8,8.9,8.3
16260,0.3616,0,NORMAL,20.1,7.5,9.8,9.1
16261,0.3642,0,NORMAL,20.3,7.0,9.7,8.4
16262,0.3459,0,NORMAL,20.3,7.5,9.4,8.6
16263,0.3497,0,NORMAL,20.4,6.7,9.2,8.9
16264,0.3497,0,NORMAL,20.1,7.3,8.9,7.8
16265,0.4415,0,NORMAL,20.5,7.5,10.7,9.6
16266,0.8123,0,WARNING,20.6,7.6,9.3,7.2
16267,0.3627,0,NORMAL,20.3,7.1,9.0,8.5
16268,0.3384,0,NORMAL,20.3,7.4,9.2,9.7
16269,0.5079,0,NORMAL,20.4,9.2,11.7,8.0
16270,0.3683,0,NORMAL,20.3,8.0,9.4,6.0
16271,0.3609,0,NORMAL,20.4,7.9,9.4,10.4
16272,0.3376,0,NORMAL,20.3,7.6,9.5,7.2
16273,0.3355,0,NORMAL,20.2,7.2,9.4,9.4
16274,0.505,0,NORMAL,20.5,8.8,11.9,9.2
16275,0.3428,0,NORMAL,20.4,7.1,9.5,7.8
16276,0.9943,0,ANOMALY,20.5,9.3,12.9,10.4
16277,0.3698,0,NORMAL,20.4,7.7,9.8,7.4
16278,0.4144,0,NORMAL,20.5,7.4,10.4,8.3
16279,0.3902,0,NORMAL,20.4,8.1,10.1,8.2
16280,0.4283,0,NORMAL,20.5,7.5,10.5,8.2
16281,0.8142,0,WARNING,20.4,7.9,8.0,7.9
16282,0.3318,0,NORMAL,20.3,7.0,9.3,8.4
16283,0.3378,0,NORMAL,20.3,6.8,8.4,7.4
16284,0.3625,0,NORMAL,20.3,6.3,7.8,7.9
16285,0.3621,0,NORMAL,20.3,7.1,8.4,6.7
16286,0.471,0,NORMAL,20.6,9.6,10.6,9.3
16287,0.3908,0,NORMAL,20.3,8.1,10.0,8.3
16288,0.4183,0,NORMAL,20.4,8.3,10.3,8.8
16289,0.39,0,NORMAL,20.3,8.1,9.9,7.7
16290,0.461,0,NORMAL,20.5,8.1,10.9,10.2
16291,0.3612,0,NORMAL,20.3,7.1,9.5,7.3
16292,0.8377,0,WARNING,20.5,10.4,8.4,8.6
16293,0.3576,0,NORMAL,20.3,7.6,9.5,8.8
16294,0.3314,0,NORMAL,20.3,5.9,8.6,8.7
16295,0.3422,0,NORMAL,20.4,7.6,9.6,9.3
16296,0.3855,0,NORMAL,20.4,7.6,9.9,8.6
16297,0.4659,0,NORMAL,20.3,8.3,10.9,9.7
16298,0.4176,0,NORMAL,20.5,8.0,10.4,9.9
16299,0.3522,0,NORMAL,20.2,7.9,9.4,6.8
16300,0.4482,0,NORMAL,20.5,8.6,10.9,10.4
16301,0.4458,0,NORMAL,20.7,8.2,10.7,7.7
16302,0.5092,0,NORMAL,20.6,8.6,8.9,8.4
16303,0.4663,0,NORMAL,20.3,8.1,11.0,8.6
16304,0.3494,0,NORMAL,20.4,6.6,9.0,8.5
16305,0.4867,0,NORMAL,20.5,7.6,9.2,8.0
16306,0.3726,0,NORMAL,20.5,8.1,9.9,8.7
16307,0.349,0,NORMAL,20.5,6.8,9.3,8.8
16308,0.3616,0,NORMAL,20.5,7.8,9.7,7.7
16309,0.3497,0,NORMAL,20.5,7.3,9.7,8.9
16310,0.3498,0,NORMAL,20.5,6.7,8.8,7.8
16311,0.9684,0,WARNING,21.0,8.3,9.4,8.2
16312,0.5389,0,NORMAL,20.7,8.8,12.1,9.8
16313,0.3492,0,NORMAL,20.5,7.2,9.4,6.3
16314,0.3699,0,NORMAL,20.3,7.2,10.0,8.2
16315,0.3959,0,NORMAL,20.6,8.6,9.9,9.1
16316,0.4308,0,NORMAL,20.6,8.6,10.4,7.6
16317,0.4577,0,NORMAL,20.4,8.4,11.0,8.4
16318,0.3776,0,NORMAL,20.4,7.6,9.2,7.9
16319,0.352,0,NORMAL,20.4,7.4,8.9,8.2
16320,0.3737,0,NORMAL,20.4,7.5,9.8,8.2
16321,0.3271,0,NORMAL,20.1,7.5,9.0,7.8
16322,0.3656,0,NORMAL,20.5,8.1,9.8,8.4
16323,0.3689,0,NORMAL,20.3,7.4,9.8,8.8
16324,0.3379,0,NORMAL,20.4,5.9,7.6,7.1
16325,0.3775,0,NORMAL,20.5,8.0,9.9,8.5
16326,0.8157,0,WARNING,20.8,7.5,9.5,8.9
16327,0.4139,0,NORMAL,20.6,8.7,9.9,9.9
16328,0.4848,0,NORMAL,20.6,8.3,11.2,9.0
16329,0.3437,0,NORMAL,20.3,7.0,8.5,6.7
16330,0.4228,0,NORMAL,20.5,8.9,10.6,10.2
16331,0.3486,0,NORMAL,20.2,7.3,8.4,7.2
16332,0.3357,0,NORMAL,20.4,7.1,9.4,8.4
16333,0.3583,0,NORMAL,20.2,7.3,9.4,8.0
16334,0.3253,0,NORMAL,20.2,7.0,8.9,7.7
16335,0.8162,0,WARNING,20.7,9.6,10.7,9.6
16336,0.3455,0,NORMAL,20.2,6.4,8.6,7.4
16337,0.3805,0,NORMAL,20.4,8.2,9.6,8.5
16338,0.3805,0,NORMAL,20.5,7.4,9.9,9.0
16339,0.3618,0,NORMAL,20.4,6.6,8.1,6.9
16340,0.3992,0,NORMAL,20.4,8.3,9.9,8.9
16341,0.8135,0,WARNING,20.8,7.8,8.8,8.0
16342,0.3513,0,NORMAL,20.4,8.1,9.2,8.7
16343,0.3651,0,NORMAL,20.3,7.7,9.6,8.4
16344,0.4282,0,NORMAL,20.4,7.9,10.4,8.6
16345,0.3743,0,NORMAL,20.5,7.5,9.2,8.0
16346,0.3871,0,NORMAL,20.4,8.3,10.2,9.4
16347,0.4434,0,NORMAL,20.4,8.2,10.7,7.5
16348,0.3691,0,NORMAL,20.5,8.1,9.6,7.6
16349,0.3807,0,NORMAL,20.5,7.7,10.0,9.4
16350,0.3358,0,NORMAL,20.1,7.1,8.5,6.8
16351,0.5207,0,NORMAL,20.4,8.9,11.9,10.0
16352,0.3901,0,NORMAL,20.4,7.5,9.6,8.0
16353,0.3459,0,NORMAL,20.3,7.3,9.3,8.5
16354,0.446,0,NORMAL,20.3,9.0,10.5,8.0
16355,0.447,0,NORMAL,20.2,8.2,10.1,7.6
16356,0.9682,0,WARNING,20.8,11.1,9.3,8.5
16357,0.5742,0,NORMAL,20.0,7.5,10.0,9.4
16358,0.3691,0,NORMAL,20.3,6.4,8.0,6.7
16359,0.4899,0,NORMAL,20.4,8.8,11.7,10.3
16360,0.373,0,NORMAL,20.5,7.4,8.2,7.2
16361,0.4516,0,NORMAL,20.5,8.8,10.9,9.5
16362,0.3618,0,NORMAL,20.4,7.5,7.9,7.2
16363,0.4157,0,NORMAL,20.5,7.6,10.1,8.3
16364,0.3848,0,NORMAL,20.6,7.6,9.1,8.2
16365,0.4915,0,NORMAL,20.6,8.1,11.6,9.7
16366,0.3562,0,NORMAL,20.1,6.8,8.7,7.9
16367,0.4476,0,NORMAL,20.3,8.1,10.7,8.7
16368,0.4112,0,NORMAL,20.5,8.9,9.9,8.1
16369,0.3736,0,NORMAL,20.2,8.0,9.8,8.3
16370,0.3868,0,NORMAL,20.3,7.7,10.0,8.5
16371,0.4145,0,NORMAL,20.6,8.3,10.5,9.5
16372,0.45,0,NORMAL,20.5,8.6,10.5,8.4
16373,0.382,0,NORMAL,20.2,7.9,9.9,8.3
16374,0.3861,0,NORMAL,20.2,7.1,10.1,9.0
16375,0.4032,0,NORMAL,20.5,8.5,10.0,7.8
16376,0.3548,0,NORMAL,20.2,7.4,8.4,7.7
16377,0.4582,0,NORMAL,20.4,8.9,10.9,8.8
16378,0.365,0,NORMAL,20.4,7.9,9.7,7.7
16379,0.5421,0,NORMAL,20.4,9.9,12.0,9.4
16380,0.4404,0,NORMAL,20.2,8.1,10.6,8.6
16381,0.4173,0,NORMAL,20.2,7.8,10.4,8.6
16382,0.3593,0,NORMAL,20.3,7.5,9.0,7.3
16383,0.5233,0,NORMAL,20.5,9.1,11.6,8.7
16384,0.3831,0,NORMAL,20.2,6.7,7.8,7.4
16385,0.3859,0,NORMAL,20.4,7.4,8.7,6.8
16386,0.8173,0,WARNING,20.7,7.5,8.9,8.1
16387,0.373,0,NORMAL,20.4,7.6,9.6,9.3
16388,0.3425,0,NORMAL,20.3,7.1,8.4,6.5
16389,0.3505,0,NORMAL,20.3,7.1,8.7,7.9
16390,0.45,0,NORMAL,20.5,8.4,10.5,8.1
16391,0.4372,0,NORMAL,20.3,8.6,10.0,9.0
16392,0.388,0,NORMAL,20.4,8.6,9.8,7.8
16393,0.4254,0,NORMAL,20.4,8.4,10.3,8.1
16394,0.3595,0,NORMAL,20.1,6.5,8.3,6.9
16395,0.461,0,NORMAL,20.5,9.1,10.6,8.5
16396,0.3964,0,NORMAL,20.6,7.6,9.8,7.3
16397,0.5096,0,NORMAL,20.7,8.9,11.6,10.0
16398,0.4074,0,NORMAL,20.5,7.5,8.9,6.5
16399,0.374,0,NORMAL,20.2,8.0,9.3,8.1
16400,0.3802,0,NORMAL,20.3,7.8,9.5,7.1
16401,0.8154,0,WARNING,20.5,7.6,8.2,6.6
16402,0.3652,0,NORMAL,20.3,7.2,8.8,7.5
16403,0.4722,0,NORMAL,20.5,8.3,11.1,8.4
16404,0.3935,0,NORMAL,20.4,8.8,9.7,7.3
16405,0.4227,0,NORMAL,20.4,8.6,10.0,7.4
16406,0.3857,0,NORMAL,20.4,7.2,7.2,6.2
16407,0.386,0,NORMAL,20.1,8.2,8.4,6.2
16408,0.4157,0,NORMAL,20.4,8.0,9.4,6.6
16409,0.3513,0,NORMAL,20.2,6.6,8.3,7.9
16410,0.3501,0,NORMAL,20.2,6.7,7.3,5.8
16411,0.3982,0,NORMAL,20.4,8.1,9.8,7.6
16412,0.7452,0,WARNING,20.3,10.3,9.9,8.1
16413,0.363,0,NORMAL,20.3,7.6,8.2,7.0
16414,0.3924,0,NORMAL,20.3,8.8,9.7,7.7
16415,0.3916,0,NORMAL,20.0,7.9,9.6,7.6
16416,0.8141,0,WARNING,20.4,7.6,8.4,6.2
16417,0.3997,0,NORMAL,20.0,8.4,9.1,8.4
16418,0.3625,0,NORMAL,20.3,7.2,9.0,8.2
16419,0.3994,0,NORMAL,20.3,8.3,9.8,7.1
16420,0.386,0,NORMAL,20.3,7.7,8.4,7.2
16421,0.3771,0,NORMAL,20.1,8.1,8.5,6.9
16422,0.397,0,NORMAL,20.2,8.4,9.1,6.9
16423,0.3488,0,NORMAL,20.1,7.4,8.3,6.6
16424,0.3208,0,NORMAL,20.0,7.0,7.7,6.5
16425,0.3478,0,NORMAL,20.0,7.8,8.7,6.3
16426,0.3836,0,NORMAL,20.0,7.5,9.0,7.1
16427,0.3917,0,NORMAL,20.0,8.0,9.5,7.1
16428,0.4029,0,NORMAL,20.4,7.7,9.7,7.7
16429,0.4165,0,NORMAL,20.3,8.5,9.3,7.1
16430,0.3972,0,NORMAL,20.1,7.2,9.4,7.5
16431,0.8183,0,WARNING,20.7,8.6,8.8,6.7
16432,0.419,0,NORMAL,20.4,7.4,8.8,7.0
16433,0.4306,0,NORMAL,20.2,7.3,7.8,6.1
16434,0.4096,0,NORMAL,20.1,7.0,7.8,6.5
16435,0.3869,0,NORMAL,20.3,7.1,8.6,7.0
16436,0.4987,0,NORMAL,19.9,8.1,7.4,6.2
16437,0.3622,0,NORMAL,20.1,6.4,7.1,6.4
16438,0.3508,0,NORMAL,20.2,6.6,7.8,6.5
16439,0.3517,0,NORMAL,20.2,7.2,7.4,5.4
16440,0.4152,0,NORMAL,20.2,8.1,8.7,7.1
16441,0.3634,0,NORMAL,20.2,7.3,8.7,6.6
16442,0.3636,0,NORMAL,20.2,6.4,7.1,6.1
16443,0.3658,0,NORMAL,20.3,7.8,8.9,6.8
16444,0.3516,0,NORMAL,20.1,5.8,6.1,5.4
16445,0.3527,0,NORMAL,20.0,7.5,8.6,6.6
16446,0.8251,0,WARNING,20.4,7.6,7.2,5.4
16447,0.3397,0,NORMAL,20.2,7.0,7.9,7.1
16448,0.3873,0,NORMAL,20.3,6.9,7.7,7.0
16449,0.3983,0,NORMAL,20.4,7.7,8.6,6.1
16450,0.3978,0,NORMAL,20.2,7.2,8.8,6.6
16451,0.5256,0,NORMAL,20.1,8.3,7.8,6.3
16452,0.3857,0,NORMAL,20.3,8.1,8.9,6.9
16453,0.4083,0,NORMAL,20.3,6.2,6.4,5.7
16454,0.4199,0,NORMAL,20.5,7.1,8.8,7.1
16455,0.3865,0,NORMAL,20.3,7.0,8.2,5.7
16456,0.376,0,NORMAL,20.2,7.2,7.3,6.1
16457,0.3866,0,NORMAL,20.0,6.2,7.3,5.8
16458,0.3877,0,NORMAL,20.4,7.8,8.0,6.0
16459,0.3987,0,NORMAL,20.1,6.3,6.4,4.8
16460,0.3768,0,NORMAL,20.2,6.3,7.5,6.2
16461,0.8277,0,WARNING,20.3,8.1,8.2,6.3
16462,0.3144,0,NORMAL,20.0,5.9,6.4,5.3
16463,0.3319,0,NORMAL,20.1,7.4,8.7,7.3
16464,0.3392,0,NORMAL,20.1,6.7,7.4,5.7
16465,0.3872,0,NORMAL,20.0,5.9,6.5,4.6
16466,0.4001,0,NORMAL,20.3,7.4,7.6,5.9
16467,0.5442,0,NORMAL,20.4,8.1,7.1,6.0
16468,0.3967,0,NORMAL,20.4,7.1,7.9,5.9
16469,0.3754,0,NORMAL,20.3,7.2,8.0,6.8
16470,0.3388,0,NORMAL,20.1,5.8,6.1,4.8
16471,0.3526,0,NORMAL,20.3,7.4,7.5,5.6
16472,0.4363,0,NORMAL,20.0,6.8,8.0,6.1
16473,0.3766,0,NORMAL,20.0,6.7,6.1,4.1
16474,0.3996,0,NORMAL,20.1,6.8,7.1,4.9
16475,0.7886,0,WARNING,20.3,8.5,5.8,5.6
16476,0.3716,0,NORMAL,20.1,5.4,4.9,5.1
16477,0.374,0,NORMAL,20.1,5.5,5.6,7.2
16478,0.3509,0,NORMAL,20.2,6.8,6.0,6.0
16479,0.3507,0,NORMAL,20.2,6.5,6.5,4.5
16480,0.3643,0,NORMAL,20.2,6.4,5.7,3.7
16481,0.3767,0,NORMAL,20.1,5.9,5.4,5.4
16482,0.3875,0,NORMAL,20.2,6.8,6.4,6.7
16483,0.3974,0,NORMAL,20.0,5.9,5.4,4.5
16484,0.3757,0,NORMAL,20.1,6.3,6.4,5.1
16485,0.3757,0,NORMAL,20.1,5.4,6.0,5.6
16486,0.3995,0,NORMAL,20.2,6.5,5.6,5.2
16487,0.3637,0,NORMAL,20.2,6.0,6.2,6.6
16488,0.5265,0,NORMAL,20.0,6.1,6.6,5.6
16489,0.3275,0,NORMAL,20.1,6.5,6.7,4.8
16490,0.3409,0,NORMAL,20.0,6.2,5.4,4.9
16491,0.8309,0,WARNING,20.2,5.2,4.6,4.9
16492,0.3402,0,NORMAL,20.0,5.8,5.8,5.8
16493,0.3874,0,NORMAL,20.3,6.7,6.7,6.7
16494,0.4201,0,NORMAL,20.4,6.2,6.6,5.1
16495,0.4209,0,NORMAL,20.2,6.1,4.5,4.2
16496,0.5651,0,NORMAL,20.0,7.7,5.9,5.7
16497,0.3736,0,NORMAL,19.9,5.0,5.4,5.4
16498,0.3639,0,NORMAL,20.1,5.5,5.2,5.4
16499,0.3402,0,NORMAL,20.0,6.4,6.0,5.9
16500,0.3331,0,NORMAL,20.0,6.1,5.7,5.6
16501,0.3396,0,NORMAL,19.9,4.4,3.6,4.3
16502,0.3651,0,NORMAL,20.2,5.7,5.4,5.1
16503,0.3881,0,NORMAL,20.0,5.9,5.4,5.2
16504,0.4211,0,NORMAL,20.2,5.1,5.2,5.1
16505,0.4215,0,NORMAL,20.0,4.3,4.1,4.8
16506,0.8331,0,WARNING,20.4,5.8,4.2,4.2
16507,0.3763,0,NORMAL,20.2,4.9,5.2,6.8
16508,0.3646,0,NORMAL,20.0,5.5,4.5,5.0
16509,0.8776,0,WARNING,18.1,8.5,12.9,9.8
16510,0.7976,0,WARNING,15.4,7.9,11.4,9.2
16511,0.4579,0,NORMAL,15.6,6.2,5.6,5.3
16512,0.81,0,WARNING,16.3,8.7,11.6,9.7
16513,0.9331,0,WARNING,16.8,11.3,16.1,12.8
16514,0.9473,0,WARNING,14.7,10.2,16.2,11.2
16515,0.9323,0,WARNING,13.1,9.1,14.3,11.6
16516,0.8491,0,WARNING,15.0,8.5,11.9,9.3
16517,0.9081,0,WARNING,16.4,9.2,14.6,10.9
16518,0.6285,0,WARNING,16.8,4.7,3.8,4.1
16519,0.385,0,NORMAL,17.4,4.6,2.8,3.3
16520,0.8427,0,WARNING,17.7,7.1,11.5,9.5
16521,0.9717,0,WARNING,18.6,9.1,12.6,11.0
16522,0.8758,0,WARNING,18.8,8.3,12.2,10.0
16523,0.9141,0,WARNING,19.0,8.7,14.1,12.1
16524,0.9138,0,WARNING,19.0,7.9,12.3,10.2
16525,0.8195,0,WARNING,18.8,7.6,10.7,8.7
16526,0.5678,0,NORMAL,18.4,5.8,3.3,4.2
16527,0.334,0,NORMAL,18.8,4.8,3.3,3.6
16528,0.1667,0,NORMAL,19.1,4.5,3.9,4.1
16529,0.1756,0,NORMAL,19.3,5.2,4.1,4.1
16530,0.1349,0,NORMAL,19.1,5.0,4.5,3.9
16531,0.2208,0,NORMAL,19.4,4.5,3.2,2.8
16532,0.769,0,WARNING,19.9,8.2,4.8,4.4
16533,0.3244,0,NORMAL,20.0,5.1,4.4,3.7
16534,0.3517,0,NORMAL,19.8,5.4,4.9,4.4
16535,0.3523,0,NORMAL,19.9,4.5,3.3,3.6
16536,0.836,0,WARNING,20.1,6.2,4.4,4.3
16537,0.3405,0,NORMAL,19.7,3.5,3.4,4.6
16538,0.3553,0,NORMAL,20.0,4.4,2.8,3.0
16539,0.6441,0,WARNING,20.1,6.1,3.1,3.1
16540,0.4568,0,NORMAL,18.9,6.3,5.0,4.4
16541,0.398,0,NORMAL,18.0,5.0,3.2,3.3
16542,0.375,0,NORMAL,17.8,4.2,2.1,2.5
16543,0.3519,0,NORMAL,17.6,4.8,4.1,4.8
16544,0.328,0,NORMAL,17.7,4.1,3.7,4.2
16545,0.5571,0,NORMAL,17.3,4.0,3.9,3.8
16546,0.3298,0,NORMAL,17.7,5.4,4.4,3.5
16547,0.3421,0,NORMAL,17.5,4.1,3.0,2.7
16548,0.3553,0,NORMAL,17.7,4.9,4.0,3.5
16549,0.3554,0,NORMAL,17.7,5.5,4.2,3.4
16550,0.3543,0,NORMAL,17.7,4.8,4.0,3.6
16551,0.9728,0,WARNING,18.1,5.4,3.4,3.4
16552,0.3655,0,NORMAL,17.7,4.7,3.1,3.1
16553,0.3537,0,NORMAL,17.7,4.7,4.0,3.7
16554,0.3296,0,NORMAL,17.4,4.3,3.3,3.1
16555,0.3481,0,NORMAL,17.5,5.7,4.1,3.4
16556,0.3895,0,NORMAL,17.8,6.0,3.4,3.1
16557,0.3761,0,NORMAL,17.7,4.1,2.8,2.4
16558,0.3546,0,NORMAL,17.8,4.7,2.8,2.7
16559,0.3182,0,NORMAL,17.6,4.2,2.2,2.1
16560,0.2915,0,NORMAL,17.6,4.4,3.6,2.9
16561,0.3054,0,NORMAL,17.6,4.9,3.9,3.1
16562,0.331,0,NORMAL,17.7,4.6,3.0,3.3
16563,0.3427,0,NORMAL,17.7,3.8,2.6,3.0
16564,0.3552,0,NORMAL,17.8,4.8,3.3,3.1
16565,0.3539,0,NORMAL,17.8,4.5,3.4,3.1
16566,0.8451,0,WARNING,18.0,5.5,2.7,2.4
16567,0.3658,0,NORMAL,17.5,3.5,2.9,4.1
16568,0.3678,0,NORMAL,17.7,4.3,2.5,2.6
16569,0.3553,0,NORMAL,17.8,4.9,2.9,3.1
16570,0.3662,0,NORMAL,17.8,3.7,2.8,2.4
16571,0.5521,0,NORMAL,17.8,6.0,2.9,3.3
16572,0.3524,0,NORMAL,17.8,4.5,2.9,2.2
16573,0.3661,0,NORMAL,17.8,4.0,2.5,2.8
16574,0.3781,0,NORMAL,17.9,3.9,2.8,2.5
16575,0.367,0,NORMAL,17.7,4.4,2.7,2.9
16576,0.3546,0,NORMAL,17.8,4.9,3.5,2.7
16577,0.3671,0,NORMAL,17.8,3.9,2.9,2.8
16578,0.3676,0,NORMAL,17.8,4.2,2.0,1.9
16579,0.3675,0,NORMAL,17.8,4.4,2.7,3.0
16580,0.3782,0,NORMAL,17.7,3.2,1.6,1.9
16581,0.8489,0,WARNING,18.1,4.1,1.6,1.9
16582,0.3793,0,NORMAL,17.9,4.2,2.7,2.2
16583,0.3678,0,NORMAL,17.8,4.3,2.5,2.6
16584,0.3676,0,NORMAL,17.8,5.5,3.6,3.3
16585,0.3665,0,NORMAL,17.8,4.8,2.9,3.0
16586,0.366,0,NORMAL,17.8,4.4,2.7,2.6
16587,0.3542,0,NORMAL,17.6,5.1,2.8,2.4
16588,0.3294,0,NORMAL,17.7,3.9,2.3,2.6
16589,0.4235,0,NORMAL,17.7,3.4,2.2,2.1
16590,0.4133,0,NORMAL,17.8,3.0,1.5,1.8
16591,0.2665,0,NORMAL,17.3,4.0,2.4,2.1
16592,0.2795,0,NORMAL,16.9,3.2,1.7,1.8
16593,0.309,0,NORMAL,16.7,3.6,2.4,2.5
16594,0.3065,0,NORMAL,16.2,4.2,1.9,2.2
16595,0.2926,0,NORMAL,16.5,4.5,3.0,2.7
16596,0.2733,0,NORMAL,16.6,4.5,2.8,2.4
16597,0.764,0,WARNING,16.8,6.5,2.5,3.8
16598,0.2672,0,NORMAL,16.9,4.3,2.3,2.1
16599,0.2396,0,NORMAL,16.6,3.7,2.4,2.8
16600,0.2661,0,NORMAL,16.4,4.6,2.4,1.9
16601,0.3473,0,NORMAL,16.3,5.2,2.4,2.4
16602,0.2657,0,NORMAL,16.3,3.6,1.4,1.6
16603,0.2975,0,NORMAL,16.5,3.8,2.0,2.0
16604,0.3075,0,NORMAL,16.6,3.5,2.3,2.3
16605,0.3079,0,NORMAL,16.4,3.8,2.5,2.6
16606,0.2923,0,NORMAL,16.5,4.1,2.5,2.4
16607,0.2954,0,NORMAL,15.9,3.6,1.7,1.9
16608,0.3018,0,NORMAL,15.9,3.9,2.4,2.3
16609,0.3034,0,NORMAL,15.8,4.0,2.3,1.8
16610,0.3138,0,NORMAL,16.1,3.5,1.5,1.3
16611,0.9959,0,ANOMALY,16.7,5.0,1.8,1.6
16612,0.3423,0,NORMAL,16.1,3.4,1.3,1.1
16613,0.3615,0,NORMAL,16.3,4.7,3.7,3.7
16614,0.3092,0,NORMAL,16.8,4.4,1.7,1.4
16615,0.3091,0,NORMAL,16.9,3.8,1.6,1.4
16616,0.3146,0,NORMAL,17.0,4.4,2.1,2.0
16617,0.3008,0,NORMAL,16.8,4.8,3.4,2.5
16618,0.284,0,NORMAL,17.0,4.1,2.5,2.4
16619,0.2665,0,NORMAL,17.0,4.6,3.0,2.4
16620,0.266,0,NORMAL,16.9,3.2,1.2,1.5
16621,0.5073,0,NORMAL,17.1,3.8,1.9,1.9
16622,0.3032,0,NORMAL,17.3,4.2,2.4,1.9
16623,0.2987,0,NORMAL,17.2,3.8,1.6,1.6
16624,0.3091,0,NORMAL,17.4,4.2,1.8,1.4
16625,0.3092,0,NORMAL,17.2,3.5,1.7,1.2
16626,0.8547,0,WARNING,17.6,4.0,2.1,1.9
16627,0.337,0,NORMAL,17.4,5.3,2.7,3.2
16628,0.2748,0,NORMAL,17.4,4.3,2.6,1.9
16629,0.2722,0,NORMAL,17.4,3.6,1.8,2.4
16630,0.2658,0,NORMAL,17.2,3.8,2.0,1.9
16631,0.351,0,NORMAL,17.5,5.3,2.9,2.6
16632,0.3421,0,NORMAL,17.5,3.7,1.7,1.4
16633,0.3674,0,NORMAL,17.8,4.2,2.0,2.5
16634,0.3548,0,NORMAL,17.5,3.0,2.0,2.3
16635,0.3562,0,NORMAL,17.5,4.0,1.9,1.5
16636,0.3441,0,NORMAL,17.3,3.0,1.4,1.3
16637,0.308,0,NORMAL,17.2,3.9,2.1,1.8
16638,0.3001,0,NORMAL,17.4,4.1,2.4,2.3
16639,0.347,0,NORMAL,16.8,4.2,1.9,1.9
16640,0.2741,0,NORMAL,16.5,3.8,2.3,2.3
16641,0.8495,0,WARNING,16.6,4.2,2.2,1.7
16642,0.3093,0,NORMAL,16.1,3.6,1.2,1.3
16643,0.2997,0,NORMAL,16.2,3.8,2.2,2.3
16644,0.3092,0,NORMAL,16.3,3.3,1.3,1.3
16645,0.3554,0,NORMAL,16.2,3.2,1.5,1.4
16646,0.3324,0,NORMAL,16.1,4.0,1.1,1.0
16647,0.3199,0,NORMAL,16.4,3.8,0.9,1.2
16648,0.3225,0,NORMAL,16.5,3.5,1.3,1.3
16649,0.3206,0,NORMAL,16.5,3.6,2.2,2.1
16650,0.3053,0,NORMAL,16.5,3.8,1.9,1.9
16651,0.2929,0,NORMAL,16.1,4.2,2.4,2.1
16652,0.6624,0,WARNING,16.3,5.6,1.5,1.3
16653,0.3098,0,NORMAL,16.2,3.9,1.7,1.4
16654,0.2933,0,NORMAL,16.4,4.2,1.9,1.7
16655,0.3096,0,NORMAL,16.3,3.8,1.5,1.4
16656,0.8513,0,WARNING,16.7,3.7,1.5,1.4
16657,0.3129,0,NORMAL,16.6,3.2,1.0,2.3
16658,0.3125,0,NORMAL,16.6,3.5,1.7,1.6
16659,0.3093,0,NORMAL,16.7,4.0,1.6,1.4
16660,0.3038,0,NORMAL,16.7,4.3,2.2,2.1
16661,0.3173,0,NORMAL,16.5,4.2,1.3,1.3
16662,0.298,0,NORMAL,16.5,4.3,2.3,2.3
16663,0.3095,0,NORMAL,16.2,2.7,0.9,1.1
16664,0.3089,0,NORMAL,16.2,3.9,1.6,1.4
16665,0.3097,0,NORMAL,16.2,3.1,1.4,1.4
16666,0.3276,0,NORMAL,16.2,3.1,1.1,1.3
16667,0.3341,0,NORMAL,16.3,3.8,1.8,1.6
16668,0.3242,0,NORMAL,16.6,3.2,1.7,1.4
16669,0.3274,0,NORMAL,16.6,3.9,1.7,1.6
16670,0.3195,0,NORMAL,16.5,3.2,1.4,1.6
16671,0.8539,0,WARNING,17.0,4.1,1.7,1.8
16672,0.3442,0,NORMAL,16.6,3.5,1.3,1.3
16673,0.3321,0,NORMAL,16.6,2.9,1.5,1.8
16674,0.3448,0,NORMAL,16.8,3.0,0.9,1.0
16675,0.3507,0,NORMAL,16.6,4.1,1.4,1.3
16676,0.3312,0,NORMAL,16.8,4.5,1.7,1.6
16677,0.3304,0,NORMAL,16.8,3.5,1.7,1.4
16678,0.319,0,NORMAL,16.7,3.7,1.1,1.5
16679,0.3091,0,NORMAL,16.6,2.9,1.2,1.3
16680,1.0,0,ANOMALY,23.0,12.4,1.0,1.1
16681,0.4681,0,NORMAL,16.4,3.9,1.7,1.4
16682,0.3113,0,NORMAL,16.6,3.0,0.9,0.9
16683,0.3208,0,NORMAL,16.6,3.3,1.1,1.3
16684,0.3224,0,NORMAL,16.6,3.0,1.3,1.3
16685,0.3322,0,NORMAL,16.7,3.3,1.1,1.3
16686,0.8546,0,WARNING,16.9,3.1,0.9,1.2
16687,0.3342,0,NORMAL,16.4,3.2,1.4,2.6
16688,0.3167,0,NORMAL,16.7,4.0,1.0,0.9
16689,0.3206,0,NORMAL,16.4,3.2,1.0,0.9
16690,0.3326,0,NORMAL,16.7,3.3,1.0,0.9
16691,0.3381,0,NORMAL,16.7,4.0,1.2,0.9
16692,0.3317,0,NORMAL,16.7,3.2,1.5,1.4
16693,0.3318,0,NORMAL,16.8,4.1,1.7,1.4
16694,0.3313,0,NORMAL,16.8,2.8,1.3,1.3
16695,0.345,0,NORMAL,16.6,3.9,1.5,1.6
16696,0.3442,0,NORMAL,16.6,3.3,1.8,1.5
16697,0.3454,0,NORMAL,16.6,3.1,1.1,1.3
16698,0.3455,0,NORMAL,16.8,3.5,1.2,1.3
16699,0.3453,0,NORMAL,16.7,3.1,1.4,1.6
16700,0.3451,0,NORMAL,16.8,3.0,1.2,1.3
16701,0.8544,0,WARNING,17.0,4.2,1.3,1.3
16702,0.3319,0,NORMAL,16.8,3.5,1.4,1.6
16703,0.3317,0,NORMAL,16.6,2.9,0.8,1.1
16704,0.345,0,NORMAL,16.8,3.1,1.3,1.3
16705,0.3573,0,NORMAL,16.9,3.9,1.5,1.6
16706,0.356,0,NORMAL,16.9,4.6,1.6,1.4
16707,0.3506,0,NORMAL,16.8,3.4,0.9,0.6
16708,0.3312,0,NORMAL,16.8,4.0,1.5,1.4
16709,0.3434,0,NORMAL,16.6,2.7,1.2,1.1
16710,0.3286,0,NORMAL,16.8,3.3,1.3,1.3
16711,0.3502,0,NORMAL,16.5,2.9,1.0,0.6
16712,0.3514,0,NORMAL,16.7,3.5,1.5,1.1
16713,0.7494,0,WARNING,16.5,5.8,1.4,1.1
16714,0.327,0,NORMAL,16.7,4.1,1.4,1.3
16715,0.377,0,NORMAL,16.5,3.5,1.3,1.1
16716,0.3277,0,NORMAL,16.7,3.9,1.7,1.6
16717,0.3132,0,NORMAL,16.5,3.1,1.3,2.6
16718,0.313,0,NORMAL,16.7,3.4,1.2,1.0
16719,0.3325,0,NORMAL,16.8,4.1,1.7,1.4
16720,0.344,0,NORMAL,16.6,3.7,1.7,1.2
16721,0.3766,0,NORMAL,16.8,4.0,1.2,1.3
16722,0.3428,0,NORMAL,16.8,3.0,1.1,1.3
16723,0.3441,0,NORMAL,16.7,3.9,1.0,1.0
16724,0.3502,0,NORMAL,16.8,3.4,0.9,0.6
16725,0.3445,0,NORMAL,16.7,2.6,0.8,0.8
16726,0.494,0,NORMAL,17.0,4.3,1.2,1.5
16727,0.3325,0,NORMAL,16.7,4.0,1.5,1.1
16728,0.3503,0,NORMAL,16.9,2.9,0.8,0.6
16729,0.3454,0,NORMAL,16.8,3.9,1.6,1.1
16730,0.3689,0,NORMAL,16.9,3.4,1.5,1.6
16731,0.4505,0,NORMAL,16.9,3.7,1.0,1.3
16732,0.401,0,NORMAL,16.7,3.8,1.0,1.3
16733,0.4735,0,NORMAL,16.5,3.0,2.0,2.2
16734,0.3325,0,NORMAL,16.8,3.5,1.1,0.9
16735,0.3332,0,NORMAL,16.7,3.7,1.5,1.3
16736,0.3328,0,NORMAL,16.8,4.3,1.5,1.1
16737,0.3186,0,NORMAL,16.6,3.5,1.1,1.3
16738,0.3189,0,NORMAL,16.9,3.4,1.1,1.0
16739,0.3244,0,NORMAL,16.8,3.5,1.9,1.6
16740,0.3505,0,NORMAL,16.6,3.0,0.7,0.6
16741,0.3434,0,NORMAL,16.6,2.5,1.3,1.1
16742,0.3559,0,NORMAL,16.6,3.3,1.1,0.8
16743,0.3608,0,NORMAL,16.4,2.6,0.8,0.6
16744,0.3722,0,NORMAL,16.5,3.2,1.0,0.9
16745,0.3632,0,NORMAL,16.5,3.3,1.5,1.4
16746,0.8557,0,WARNING,16.9,3.4,1.1,1.0
16747,0.3427,0,NORMAL,17.0,3.1,1.0,2.1
16748,0.3325,0,NORMAL,17.1,3.3,1.1,1.1
16749,0.3448,0,NORMAL,17.0,3.3,1.4,1.3
16750,0.3566,0,NORMAL,17.0,4.5,1.4,1.3
16751,0.3437,0,NORMAL,16.8,4.0,1.4,1.6
16752,0.3429,0,NORMAL,17.0,3.3,1.3,1.1
16753,0.3438,0,NORMAL,16.8,3.0,1.3,1.2
16754,0.3571,0,NORMAL,16.9,3.4,0.9,0.7
16755,0.3565,0,NORMAL,16.6,2.9,0.9,0.6
16756,0.3693,0,NORMAL,17.0,2.9,1.2,1.3
16757,0.3695,0,NORMAL,17.0,4.1,2.5,2.1
16758,0.3325,0,NORMAL,16.9,4.4,1.6,1.4
16759,0.3093,0,NORMAL,16.6,2.5,1.6,1.6
16760,0.9358,0,WARNING,16.9,8.6,1.4,1.1
16761,0.9975,0,ANOMALY,17.1,14.8,1.1,0.8
16762,0.3181,0,NORMAL,16.9,3.8,1.3,1.8
16763,0.3305,0,NORMAL,16.9,3.6,2.2,2.1
16764,0.3612,0,NORMAL,17.0,3.4,0.9,0.6
16765,0.3644,0,NORMAL,17.0,3.4,0.9,0.6
16766,0.3662,0,NORMAL,17.0,4.1,1.0,0.9
16767,0.366,0,NORMAL,17.0,3.3,1.5,1.6
16768,0.3675,0,NORMAL,16.9,2.9,0.6,0.6
16769,0.3683,0,NORMAL,16.9,3.7,1.2,0.8
16770,0.3684,0,NORMAL,16.9,3.3,1.0,0.7
16771,0.3688,0,NORMAL,17.0,3.2,1.4,1.3
16772,0.3693,0,NORMAL,17.0,3.8,1.2,1.1
16773,0.3691,0,NORMAL,16.8,3.6,1.0,0.8
16774,0.357,0,NORMAL,16.7,2.6,1.1,1.1
16775,0.5575,0,NORMAL,17.0,4.8,1.1,1.0
16776,0.8534,0,WARNING,17.3,7.1,1.4,1.4
16777,0.3746,0,NORMAL,16.7,3.2,1.4,2.6
16778,0.3898,0,NORMAL,17.1,3.1,1.3,1.3
16779,0.4245,0,NORMAL,17.0,4.0,2.0,1.6
16780,0.4458,0,NORMAL,17.3,4.2,1.1,0.8
16781,0.4339,0,NORMAL,17.0,3.7,1.4,1.3
16782,0.4239,0,NORMAL,17.2,3.2,1.3,1.6
16783,0.4026,0,NORMAL,17.1,3.3,1.0,1.0
16784,0.4024,0,NORMAL,16.9,3.0,1.1,1.5
16785,0.403,0,NORMAL,16.9,2.5,0.7,0.6
16786,0.3925,0,NORMAL,17.1,3.5,1.5,1.1
16787,0.3808,0,NORMAL,16.9,3.6,1.2,1.1
16788,0.3804,0,NORMAL,17.0,2.6,1.0,0.9
16789,0.3811,0,NORMAL,17.0,3.6,1.4,1.3
16790,0.3691,0,NORMAL,17.0,3.2,1.3,1.3
16791,0.8546,0,WARNING,17.1,4.8,1.8,1.7
16792,0.3435,0,NORMAL,16.9,3.2,1.6,1.9
16793,0.3446,0,NORMAL,16.7,3.4,1.2,1.5
16794,0.3444,0,NORMAL,17.0,3.5,2.0,1.7
16795,0.3441,0,NORMAL,16.9,4.0,1.5,1.4
16796,0.3186,0,NORMAL,16.7,3.5,1.3,1.3
16797,0.319,0,NORMAL,16.8,3.8,1.3,1.1
16798,0.3505,0,NORMAL,16.8,3.3,0.9,0.6
16799,0.3501,0,NORMAL,16.6,2.6,0.8,0.4
16800,0.3618,0,NORMAL,16.6,3.8,1.6,1.4
16801,0.3365,0,NORMAL,16.7,3.0,1.0,1.1
16802,0.3319,0,NORMAL,16.7,3.6,1.1,1.2
16803,0.325,0,NORMAL,16.6,3.7,1.0,0.9
16804,0.35,0,NORMAL,16.7,2.3,0.7,0.6
16805,0.3587,0,NORMAL,16.9,3.7,1.6,1.4
16806,0.8556,0,WARNING,17.2,4.6,1.7,1.4
16807,0.3688,0,NORMAL,16.8,3.5,2.0,3.1
16808,0.4252,0,NORMAL,17.0,4.0,2.2,2.1
16809,0.4662,0,NORMAL,17.2,2.8,1.0,1.2
16810,0.4767,0,NORMAL,17.4,3.4,1.1,1.5
16811,0.4658,0,NORMAL,17.4,3.6,1.3,1.3
16812,0.4655,0,NORMAL,17.4,4.6,1.5,1.3
16813,0.4546,0,NORMAL,17.4,3.2,1.3,1.3
16814,0.4756,0,NORMAL,17.3,3.7,2.2,1.6
16815,0.4957,0,NORMAL,17.3,4.3,2.4,1.9
16816,0.4758,0,NORMAL,17.4,3.3,1.5,1.4
16817,0.4457,0,NORMAL,17.4,3.2,1.5,2.0
16818,0.4458,0,NORMAL,17.4,3.9,2.3,2.3
16819,0.4456,0,NORMAL,17.2,3.7,1.5,1.1
16820,0.7153,0,WARNING,17.1,5.7,1.4,1.6
16821,0.9952,0,ANOMALY,17.9,5.8,1.4,1.3
16822,0.4424,0,NORMAL,17.3,3.3,1.3,1.3
16823,0.4233,0,NORMAL,17.2,3.6,1.5,1.1
16824,0.3908,0,NORMAL,16.9,4.0,2.5,2.4
16825,0.3678,0,NORMAL,17.0,3.4,1.2,1.3
16826,0.3683,0,NORMAL,17.0,4.2,1.4,1.6
16827,0.3548,0,NORMAL,17.0,4.5,2.3,2.0
16828,0.3547,0,NORMAL,17.0,3.7,1.4,1.6
16829,0.3549,0,NORMAL,17.0,3.1,1.5,1.4
16830,0.3561,0,NORMAL,16.9,3.3,1.8,1.7
16831,0.3449,0,NORMAL,16.8,3.3,1.3,1.8
16832,0.3567,0,NORMAL,17.1,3.5,1.3,1.3
16833,0.3688,0,NORMAL,17.0,3.4,1.5,1.6
16834,0.3684,0,NORMAL,16.9,3.2,1.4,1.8
16835,0.3685,0,NORMAL,17.1,3.3,1.3,1.6
16836,0.851,0,WARNING,17.3,4.2,2.3,1.9
16837,0.3434,0,NORMAL,17.2,3.5,2.2,3.5
16838,0.3315,0,NORMAL,17.0,4.4,1.9,2.0
16839,0.343,0,NORMAL,16.9,3.0,1.6,1.8
16840,0.3565,0,NORMAL,17.2,4.0,1.9,1.7
16841,0.3558,0,NORMAL,17.1,4.3,1.7,1.9
16842,0.3544,0,NORMAL,16.9,4.0,1.8,2.2
16843,0.3422,0,NORMAL,17.1,3.4,1.6,1.8
16844,0.3434,0,NORMAL,17.0,4.1,2.4,2.1
16845,0.3559,0,NORMAL,17.1,3.4,1.7,1.5
16846,0.3568,0,NORMAL,16.9,3.6,2.1,2.3
16847,0.3684,0,NORMAL,17.1,3.8,2.1,1.9
16848,0.3688,0,NORMAL,17.2,3.2,1.5,1.3
16849,0.369,0,NORMAL,17.1,3.7,1.6,1.6
16850,0.3913,0,NORMAL,17.2,4.3,2.9,2.4
16851,0.8913,0,WARNING,17.3,8.4,1.9,2.1
16852,0.9849,0,WARNING,17.4,12.5,2.8,2.2
16853,0.9862,0,WARNING,17.3,12.1,2.6,2.0
16854,0.9877,0,WARNING,17.5,12.2,2.2,2.8
16855,0.9908,0,ANOMALY,17.5,12.9,2.2,1.8
16856,0.9921,0,ANOMALY,17.3,13.2,2.2,1.7
16857,0.9874,0,WARNING,17.4,12.5,2.7,2.5
16858,0.9865,0,WARNING,17.4,12.0,2.1,2.8
16859,0.9879,0,WARNING,17.2,12.0,1.9,2.1
16860,0.9889,0,WARNING,17.3,12.7,2.6,2.1
16861,0.9871,0,WARNING,17.1,12.5,2.7,2.4
16862,0.9891,0,WARNING,17.3,12.4,1.7,1.7
16863,0.9871,0,WARNING,17.1,12.0,2.0,1.7
16864,0.9907,0,ANOMALY,17.5,13.3,3.3,2.7
16865,0.9879,0,WARNING,17.5,12.4,2.3,2.3
16866,0.9872,0,WARNING,17.7,12.6,2.5,2.4
16867,0.9864,0,WARNING,17.3,11.9,2.0,3.3
16868,0.9908,0,ANOMALY,17.5,13.2,2.1,2.4
16869,0.9878,0,WARNING,17.5,12.4,2.8,2.2
16870,0.987,0,WARNING,17.4,12.2,2.8,3.0
16871,0.9948,0,ANOMALY,17.7,14.2,2.5,2.6
16872,0.9885,0,WARNING,17.6,13.0,3.3,3.2
16873,0.9881,0,WARNING,17.4,12.6,2.2,2.5
16874,0.9903,0,ANOMALY,17.5,12.7,2.3,2.3
16875,0.9899,0,WARNING,17.3,12.9,2.8,3.1
16876,0.987,0,WARNING,17.2,12.7,3.2,2.6
16877,0.9913,0,ANOMALY,17.4,13.0,2.4,2.6
16878,0.7141,0,WARNING,17.3,6.5,2.2,2.2
16879,0.8419,0,WARNING,17.2,9.2,3.9,3.7
16880,0.3258,0,NORMAL,17.1,4.1,3.2,2.9
16881,0.8199,0,WARNING,17.4,5.2,3.3,2.9
16882,0.3849,0,NORMAL,17.3,4.7,3.6,3.4
16883,0.3875,0,NORMAL,17.3,4.0,2.8,2.9
16884,0.3887,0,NORMAL,17.3,4.0,3.3,3.8
16885,0.389,0,NORMAL,17.2,5.6,3.1,2.3
16886,0.3885,0,NORMAL,17.2,5.1,3.2,2.7
16887,0.3883,0,NORMAL,17.2,4.7,3.2,2.9
16888,0.3897,0,NORMAL,17.3,4.8,3.7,3.4
16889,0.3783,0,NORMAL,17.0,5.1,3.2,3.0
16890,0.366,0,NORMAL,17.0,3.9,3.2,3.4
16891,0.3843,0,NORMAL,17.2,4.1,3.5,2.9
16892,0.402,0,NORMAL,17.3,5.8,4.5,4.4
16893,0.4113,0,NORMAL,17.3,4.7,3.4,2.7
16894,0.4339,0,NORMAL,17.1,5.2,3.5,3.6
16895,0.4438,0,NORMAL,17.3,4.0,2.8,3.3
16896,0.4123,0,NORMAL,17.3,5.1,3.7,3.4
16897,0.401,0,NORMAL,17.4,4.6,2.9,4.2
16898,0.4007,0,NORMAL,17.4,5.2,3.7,3.4
16899,0.3892,0,NORMAL,17.0,4.1,3.2,3.6
16900,0.4008,0,NORMAL,17.4,4.6,3.2,3.5
16901,0.4904,0,NORMAL,17.3,6.1,3.8,4.1
16902,0.3865,0,NORMAL,17.2,3.9,3.2,3.6
16903,0.3995,0,NORMAL,17.3,3.6,2.2,2.5
16904,0.4117,0,NORMAL,17.3,3.8,2.3,2.5
16905,0.412,0,NORMAL,17.3,4.0,2.8,2.2
16906,0.4016,0,NORMAL,17.3,4.1,2.7,2.7
16907,0.3788,0,NORMAL,17.3,4.9,4.3,4.6
16908,0.3543,0,NORMAL,17.1,4.6,2.7,2.4
16909,0.3422,0,NORMAL,16.9,4.4,3.5,3.2
16910,0.3429,0,NORMAL,17.0,5.1,4.7,4.0
16911,0.8429,0,WARNING,17.3,5.7,4.3,3.8
16912,0.3419,0,NORMAL,17.1,4.9,3.5,4.3
16913,0.3534,0,NORMAL,17.2,5.4,4.9,4.8
16914,0.3652,0,NORMAL,17.3,6.1,5.5,6.5
16915,0.3869,0,NORMAL,17.0,4.7,4.2,4.1
16916,0.496,0,NORMAL,17.1,5.8,3.8,3.9
16917,0.3987,0,NORMAL,17.4,5.6,3.8,3.5
16918,0.4211,0,NORMAL,17.5,5.6,5.0,4.9
16919,0.4107,0,NORMAL,17.4,5.2,4.2,4.5
16920,0.4104,0,NORMAL,17.4,5.2,4.9,4.2
16921,0.604,0,WARNING,17.2,4.5,4.3,3.9
16922,0.3888,0,NORMAL,17.4,5.2,3.8,3.9
16923,0.3999,0,NORMAL,17.5,5.2,5.7,5.0
16924,0.4224,0,NORMAL,17.5,5.2,4.3,4.4
16925,0.4219,0,NORMAL,17.2,4.4,3.4,3.6
16926,0.972,0,WARNING,17.8,6.2,4.3,4.1
16927,0.4213,0,NORMAL,17.5,5.6,4.6,6.3
16928,0.4212,0,NORMAL,17.5,5.1,4.1,4.6
16929,0.3988,0,NORMAL,17.2,4.6,4.9,5.2
16930,0.365,0,NORMAL,17.3,4.6,3.8,4.4
16931,0.3414,0,NORMAL,17.2,5.9,4.5,4.7
16932,0.3399,0,NORMAL,17.2,5.9,4.9,4.9
16933,0.3391,0,NORMAL,17.0,4.4,3.2,4.2
16934,0.3398,0,NORMAL,16.9,4.5,4.2,4.6
16935,0.4185,0,NORMAL,17.3,6.1,4.5,4.9
16936,0.3766,0,NORMAL,17.3,5.8,4.3,4.7
16937,0.3755,0,NORMAL,17.3,4.8,5.3,5.6
16938,0.7552,0,WARNING,17.6,7.7,4.5,5.0
16939,0.3834,0,NORMAL,17.5,7.1,6.3,6.0
16940,0.3836,0,NORMAL,17.5,5.2,5.6,5.4
16941,0.8288,0,WARNING,17.7,6.5,5.6,6.2
16942,0.3969,0,NORMAL,17.4,5.8,5.0,5.2
16943,0.4087,0,NORMAL,17.4,6.3,6.6,6.2
16944,0.4093,0,NORMAL,17.3,4.7,5.0,5.8
16945,0.3992,0,NORMAL,17.4,6.8,5.9,5.3
16946,0.3866,0,NORMAL,17.3,5.3,4.4,4.6
16947,0.387,0,NORMAL,17.4,6.7,5.8,6.4
16948,0.374,0,NORMAL,17.4,5.2,4.8,5.7
16949,0.363,0,NORMAL,17.3,5.7,4.7,4.7
16950,0.3513,0,NORMAL,17.4,5.4,5.2,5.1
16951,0.34,0,NORMAL,17.4,5.5,5.3,6.3
16952,0.3514,0,NORMAL,17.3,5.3,4.8,4.9
16953,0.3525,0,NORMAL,17.3,5.5,5.0,5.4
16954,0.3522,0,NORMAL,17.4,6.7,6.0,6.2
16955,0.3625,0,NORMAL,17.4,5.8,5.7,5.9
16956,0.8291,0,WARNING,17.6,5.6,5.4,5.6
16957,0.3637,0,NORMAL,17.5,7.5,7.6,6.8
16958,0.3513,0,NORMAL,17.3,5.0,4.8,4.8
16959,0.3522,0,NORMAL,17.4,5.6,5.3,5.4
16960,0.3147,0,NORMAL,17.2,5.7,5.0,5.3
16961,0.4155,0,NORMAL,16.9,6.4,5.0,5.5
16962,0.4704,0,NORMAL,17.1,6.5,5.7,5.4
16963,0.327,0,NORMAL,17.2,6.2,6.2,6.4
16964,0.3268,0,NORMAL,17.3,6.8,6.8,5.5
16965,0.3511,0,NORMAL,17.1,5.1,5.1,5.2
16966,0.3642,0,NORMAL,17.2,6.0,5.6,5.6
16967,0.3873,0,NORMAL,17.2,5.2,5.3,5.4
16968,0.3766,0,NORMAL,17.4,5.6,5.1,5.3
16969,0.3526,0,NORMAL,17.1,5.8,5.8,5.7
16970,0.3643,0,NORMAL,17.5,6.4,6.4,6.5
16971,0.9704,0,WARNING,17.9,6.1,4.8,5.3
16972,0.3745,0,NORMAL,17.4,5.4,4.7,5.8
16973,0.3628,0,NORMAL,17.4,5.5,5.0,5.8
16974,0.3866,0,NORMAL,17.4,6.6,5.9,5.7
16975,0.4195,0,NORMAL,17.4,5.6,5.9,6.3
16976,0.4089,0,NORMAL,17.2,5.4,4.3,4.6
16977,0.3756,0,NORMAL,17.2,5.7,5.0,5.5
16978,0.3396,0,NORMAL,17.3,6.0,5.4,6.1
16979,0.3393,0,NORMAL,17.1,5.9,5.9,6.1
16980,0.3395,0,NORMAL,17.4,6.0,5.7,6.5
16981,0.3507,0,NORMAL,17.4,5.8,6.2,5.0
16982,0.3763,0,NORMAL,17.4,6.2,5.8,4.7
16983,0.3875,0,NORMAL,17.4,5.8,6.7,6.3
16984,0.3647,0,NORMAL,17.5,6.8,5.9,4.6
16985,0.3352,0,NORMAL,17.2,5.7,6.9,6.2
16986,0.8318,0,WARNING,17.5,6.6,5.6,5.0
16987,0.3523,0,NORMAL,17.5,6.2,6.3,6.7
16988,0.3522,0,NORMAL,17.5,6.0,5.8,5.7
16989,0.3519,0,NORMAL,17.2,5.4,4.7,4.8
16990,0.3642,0,NORMAL,17.4,5.2,4.9,5.5
16991,0.352,0,NORMAL,17.3,5.9,5.9,5.9
16992,0.3754,0,NORMAL,17.5,6.8,6.6,6.4
16993,0.3628,0,NORMAL,17.3,6.6,7.0,4.7
16994,0.3758,0,NORMAL,17.2,6.3,5.9,4.4
16995,0.4106,0,NORMAL,17.5,5.6,6.0,6.1
16996,0.4109,0,NORMAL,17.4,5.0,5.0,5.8
16997,0.3996,0,NORMAL,17.4,5.9,5.8,6.1
16998,0.7601,0,WARNING,17.5,8.5,5.3,5.6
16999,0.3349,0,NORMAL,17.2,5.8,5.2,5.6
17000,0.4905,0,NORMAL,17.5,5.9,5.4,5.9
17001,0.8282,0,WARNING,17.8,7.2,6.4,6.4
17002,0.3859,0,NORMAL,17.7,6.6,5.9,5.4
17003,0.3743,0,NORMAL,17.6,5.0,4.6,5.4
17004,0.3635,0,NORMAL,17.5,5.4,4.9,6.0
17005,0.3506,0,NORMAL,17.2,5.4,4.5,4.9
17006,0.4057,0,NORMAL,17.1,6.2,5.4,5.4
17007,0.3507,0,NORMAL,17.2,5.3,5.5,5.6
17008,0.3639,0,NORMAL,17.4,5.9,5.3,5.2
17009,0.3633,0,NORMAL,17.4,4.7,4.0,4.4
17010,0.3646,0,NORMAL,17.4,5.1,4.7,5.4
17011,0.3761,0,NORMAL,17.5,5.5,5.7,5.4
17012,0.4104,0,NORMAL,17.7,6.4,6.6,6.4
17013,0.4201,0,NORMAL,17.4,4.9,4.7,4.9
17014,0.3877,0,NORMAL,17.4,4.7,4.5,4.6
17015,0.3529,0,NORMAL,17.5,6.6,7.1,6.7
17016,0.8292,0,WARNING,17.7,6.6,5.6,4.7
17017,0.3391,0,NORMAL,17.2,4.1,3.7,6.2
17018,0.3398,0,NORMAL,17.5,5.8,5.5,6.1
17019,0.3397,0,NORMAL,17.4,5.4,4.4,5.3
17020,0.3637,0,NORMAL,17.5,5.9,4.7,4.7
17021,0.4081,0,NORMAL,17.2,5.7,4.4,5.1
17022,0.3522,0,NORMAL,17.4,5.8,4.8,5.1
17023,0.3751,0,NORMAL,17.3,4.7,4.4,5.1
17024,0.4101,0,NORMAL,17.4,5.5,5.2,5.0
17025,0.3529,0,NORMAL,17.4,7.1,6.8,5.8
17026,0.3273,0,NORMAL,17.3,6.1,7.1,6.2
17027,0.3741,0,NORMAL,17.5,6.6,5.4,3.8
17028,0.3987,0,NORMAL,17.4,6.1,5.6,5.0
17029,0.3411,0,NORMAL,17.2,6.0,5.4,5.9
17030,0.3331,0,NORMAL,17.3,6.3,5.7,7.0
17031,0.8295,0,WARNING,17.5,5.9,5.2,5.6
17032,0.3269,0,NORMAL,17.4,5.2,4.6,5.6
17033,0.3265,0,NORMAL,17.1,5.3,4.9,5.7
17034,0.3873,0,NORMAL,17.6,5.3,5.2,6.3
17035,0.4095,0,NORMAL,17.7,6.1,5.9,6.8
17036,0.3622,0,NORMAL,17.5,5.2,5.2,5.3
17037,0.3706,0,NORMAL,17.4,6.2,4.5,4.4
17038,0.3505,0,NORMAL,17.5,5.0,4.8,5.4
17039,0.3515,0,NORMAL,17.5,5.2,4.3,5.1
17040,0.3514,0,NORMAL,17.6,6.6,6.5,6.2
17041,0.3513,0,NORMAL,17.5,4.8,3.7,4.9
17042,0.3394,0,NORMAL,17.3,4.7,3.7,4.6
17043,0.3268,0,NORMAL,17.4,5.8,5.6,5.4
17044,0.3404,0,NORMAL,17.5,6.4,6.3,6.4
17045,0.351,0,NORMAL,17.2,4.7,4.3,5.1
17046,0.8332,0,WARNING,17.6,6.1,5.5,5.4
17047,0.3401,0,NORMAL,17.4,5.6,5.7,6.6
17048,0.34,0,NORMAL,17.5,6.0,5.9,5.5
17049,0.3526,0,NORMAL,17.4,6.0,5.3,5.4
17050,0.3643,0,NORMAL,17.3,5.6,5.6,5.2
17051,0.3879,0,NORMAL,17.6,5.4,5.0,5.6
17052,0.4517,0,NORMAL,17.6,6.6,4.8,5.0
17053,0.5768,0,NORMAL,17.6,6.2,6.0,6.1
17054,0.3633,0,NORMAL,17.5,6.4,5.9,5.9
17055,0.3388,0,NORMAL,17.5,5.3,5.2,6.0
17056,0.3392,0,NORMAL,17.4,4.3,4.4,6.2
17057,0.3394,0,NORMAL,17.5,5.2,4.4,5.5
17058,0.7827,0,WARNING,17.5,8.8,5.8,6.7
17059,0.3209,0,NORMAL,17.4,4.6,4.4,5.1
17060,0.337,0,NORMAL,17.6,5.3,5.3,6.5
17061,0.3374,0,NORMAL,17.5,5.9,5.3,6.1
17062,0.35,0,NORMAL,17.5,4.9,4.9,6.0
17063,0.3624,0,NORMAL,17.4,4.9,4.9,5.8
17064,0.3757,0,NORMAL,17.6,5.1,4.5,4.6
17065,0.3761,0,NORMAL,17.7,6.6,6.1,5.5
17066,0.3633,0,NORMAL,17.4,5.8,5.6,6.4
17067,0.3633,0,NORMAL,17.3,5.6,4.4,4.8
17068,0.3632,0,NORMAL,17.6,6.4,5.9,5.7
17069,0.3514,0,NORMAL,17.5,5.6,4.3,4.8
17070,0.3509,0,NORMAL,17.5,5.5,5.6,6.1
17071,0.3636,0,NORMAL,17.4,5.0,5.2,5.3
17072,0.3641,0,NORMAL,17.6,5.7,5.4,5.7
17073,0.3642,0,NORMAL,17.6,5.7,5.5,5.9
17074,0.3397,0,NORMAL,17.5,6.3,5.7,6.1
17075,0.3382,0,NORMAL,17.5,5.8,5.7,5.4
17076,0.8294,0,WARNING,17.8,5.3,4.7,5.5
17077,0.3634,0,NORMAL,17.6,5.9,5.1,7.0
17078,0.3748,0,NORMAL,17.7,6.4,6.0,7.4
17079,0.3497,0,NORMAL,17.3,4.0,3.7,5.2
17080,0.3394,0,NORMAL,17.5,5.4,5.2,6.2
17081,0.4322,0,NORMAL,17.5,7.1,5.9,5.9
17082,0.3374,0,NORMAL,17.5,6.0,4.5,4.7
17083,0.3378,0,NORMAL,17.4,5.1,5.2,5.6
17084,0.3808,0,NORMAL,17.3,5.4,4.6,4.4
17085,0.3401,0,NORMAL,17.5,5.7,5.4,5.6
17086,0.3642,0,NORMAL,17.6,5.2,5.6,5.4
17087,0.3528,0,NORMAL,17.6,6.3,5.1,5.0
17088,0.3397,0,NORMAL,17.6,6.5,6.1,6.1
17089,0.3637,0,NORMAL,17.6,5.9,4.9,5.2
17090,0.4622,0,NORMAL,18.1,6.1,6.5,7.1
17091,0.827,0,WARNING,18.2,6.5,6.8,4.8
17092,0.3645,0,NORMAL,17.7,5.8,6.6,4.4
17093,0.4005,0,NORMAL,17.6,5.8,6.0,6.4
17094,0.3879,0,NORMAL,17.5,5.7,5.3,5.1
17095,0.3885,0,NORMAL,17.8,6.2,5.9,5.4
17096,0.3761,0,NORMAL,17.8,7.0,5.8,4.6
17097,0.3753,0,NORMAL,17.8,6.1,5.6,5.6
17098,0.3751,0,NORMAL,17.7,5.4,5.0,6.0
17099,0.3753,0,NORMAL,17.5,5.4,5.3,6.1
17100,0.3636,0,NORMAL,17.5,6.9,7.1,5.9
17101,0.3266,0,NORMAL,17.5,5.8,6.2,4.1
17102,0.3158,0,NORMAL,17.2,5.0,4.9,5.3
17103,0.3284,0,NORMAL,17.3,5.3,5.3,5.6
17104,0.3285,0,NORMAL,17.4,5.8,6.2,5.5
17105,0.316,0,NORMAL,17.6,5.4,5.3,5.4
17106,0.8318,0,WARNING,17.8,6.1,5.8,5.9
17107,0.3762,0,NORMAL,17.7,5.4,4.9,6.3
17108,0.8285,0,WARNING,17.8,6.7,6.4,6.6
17109,0.5359,0,NORMAL,17.1,5.5,5.9,6.1
17110,0.3273,0,NORMAL,17.5,5.4,5.1,4.8
17111,0.3282,0,NORMAL,17.6,5.9,5.4,5.7
17112,0.3522,0,NORMAL,17.6,7.0,5.7,5.7
17113,0.3255,0,NORMAL,17.6,6.2,5.8,6.2
17114,0.3257,0,NORMAL,17.6,7.0,5.9,5.0
17115,0.3381,0,NORMAL,17.5,5.0,5.4,5.0
17116,0.3527,0,NORMAL,17.7,5.5,5.8,6.1
17117,0.417,0,NORMAL,17.7,6.9,6.0,5.9
17118,0.3396,0,NORMAL,17.7,6.7,6.5,4.6
17119,0.3403,0,NORMAL,17.7,7.1,7.4,4.9
17120,0.3277,0,NORMAL,17.4,6.2,7.4,6.0
17121,0.971,0,WARNING,18.1,9.1,4.9,4.7
17122,0.3351,0,NORMAL,17.7,5.5,5.7,6.0
17123,0.3372,0,NORMAL,17.4,5.2,4.9,5.4
17124,0.3382,0,NORMAL,17.5,5.8,5.5,5.9
17125,0.3751,0,NORMAL,17.6,6.1,6.4,5.9
17126,0.4094,0,NORMAL,17.9,6.0,5.7,5.1
17127,0.3753,0,NORMAL,17.8,6.1,5.4,4.5
17128,0.3268,0,NORMAL,17.6,6.2,6.2,6.1
17129,0.3141,0,NORMAL,17.5,5.2,4.2,4.6
17130,0.327,0,NORMAL,17.7,5.8,6.0,6.6
17131,0.3629,0,NORMAL,17.7,5.8,5.4,6.1
17132,0.3861,0,NORMAL,17.8,5.4,5.9,4.9
17133,0.3763,0,NORMAL,17.7,6.1,5.5,5.7
17134,0.3636,0,NORMAL,17.5,6.1,5.6,5.9
17135,0.3632,0,NORMAL,17.7,4.6,3.7,5.2
17136,0.3388,0,NORMAL,17.6,4.8,4.8,5.3
17137,0.3342,0,NORMAL,17.7,6.4,5.7,6.9
17138,0.3402,0,NORMAL,17.8,7.3,8.2,6.2
17139,0.3399,0,NORMAL,17.6,6.2,5.3,3.8
17140,0.3643,0,NORMAL,17.7,5.5,5.0,5.6
17141,0.3756,0,NORMAL,17.5,5.4,4.9,6.0
17142,0.3748,0,NORMAL,17.7,5.6,4.5,5.0
17143,0.363,0,NORMAL,17.7,5.9,5.1,5.2
17144,0.3389,0,NORMAL,17.7,5.9,6.0,6.2
17145,0.3506,0,NORMAL,17.8,4.8,4.9,5.8
17146,0.3634,0,NORMAL,17.5,5.2,5.6,5.5
17147,0.3764,0,NORMAL,17.8,5.4,4.8,5.1
17148,0.3642,0,NORMAL,17.7,5.0,4.4,5.7
17149,0.3516,0,NORMAL,17.5,5.6,5.5,5.9
17150,0.3394,0,NORMAL,17.4,5.8,6.3,7.2
17151,0.8272,0,WARNING,17.9,6.8,6.3,4.4
17152,0.3524,0,NORMAL,17.8,6.0,6.4,5.3
17153,0.3406,0,NORMAL,17.6,5.9,5.0,5.1
17154,0.3404,0,NORMAL,17.5,4.7,4.8,5.5
17155,0.3534,0,NORMAL,17.8,5.9,6.2,6.6
17156,0.4735,0,NORMAL,17.6,6.9,4.9,5.5
17157,0.3251,0,NORMAL,17.6,5.0,5.1,6.3
17158,0.3383,0,NORMAL,17.7,6.7,6.2,5.9
17159,0.3502,0,NORMAL,17.5,4.7,5.0,3.7
17160,0.3412,0,NORMAL,17.5,5.7,5.3,5.8
17161,0.3525,0,NORMAL,17.7,5.3,5.5,6.0
17162,0.3763,0,NORMAL,17.9,5.8,6.3,6.6
17163,0.8293,0,WARNING,18.0,5.8,4.9,6.0
17164,0.3679,0,NORMAL,17.5,4.9,5.1,6.1
17165,0.3395,0,NORMAL,17.7,5.4,4.8,6.0
17166,0.8284,0,WARNING,17.9,6.6,5.8,5.7
17167,0.3506,0,NORMAL,17.8,6.8,8.0,8.1
17168,0.351,0,NORMAL,17.8,6.0,6.5,4.1
17169,0.3648,0,NORMAL,17.8,5.6,5.1,5.0
17170,0.3761,0,NORMAL,17.7,4.9,4.3,5.2
17171,0.3759,0,NORMAL,17.8,5.6,4.6,6.0
17172,0.374,0,NORMAL,17.6,7.5,6.9,7.3
17173,0.3121,0,NORMAL,17.7,6.4,6.3,4.2
17174,0.3513,0,NORMAL,17.8,5.9,6.3,5.4
17175,0.3758,0,NORMAL,17.9,5.3,4.8,5.7
17176,0.3754,0,NORMAL,17.7,6.0,6.5,6.0
17177,0.3761,0,NORMAL,17.9,5.7,5.3,3.8
17178,0.3767,0,NORMAL,17.9,5.6,5.5,5.4
17179,0.3879,0,NORMAL,17.8,7.0,7.8,7.1
17180,0.399,0,NORMAL,17.8,6.0,6.1,4.7
17181,0.8298,0,WARNING,18.1,6.3,4.8,5.1
17182,0.3764,0,NORMAL,17.7,5.6,5.4,7.0
17183,0.7118,0,WARNING,17.8,7.9,5.2,5.6
17184,0.3348,0,NORMAL,17.6,6.0,6.7,5.4
17185,0.3506,0,NORMAL,17.9,6.2,6.6,5.7
17186,0.3851,0,NORMAL,17.9,6.8,6.2,5.9
17187,0.3733,0,NORMAL,17.8,5.8,4.9,4.5
17188,0.3747,0,NORMAL,17.8,6.0,5.8,6.5
17189,0.4177,0,NORMAL,17.9,5.5,6.2,6.8
17190,0.3624,0,NORMAL,17.9,5.9,5.5,4.2
17191,0.352,0,NORMAL,17.6,5.2,5.0,4.4
17192,0.3286,0,NORMAL,17.7,5.3,5.9,7.0
17193,0.3401,0,NORMAL,17.8,6.6,7.2,6.5
17194,0.3518,0,NORMAL,17.9,6.0,6.2,4.0
17195,0.365,0,NORMAL,17.7,5.3,6.2,6.6
17196,0.8299,0,WARNING,18.1,6.3,6.0,6.2
17197,0.5023,0,NORMAL,18.1,6.4,7.5,6.6
17198,0.3986,0,NORMAL,18.1,5.8,5.9,5.1
17199,0.3758,0,NORMAL,18.0,6.3,6.5,6.9
17200,0.3862,0,NORMAL,17.9,6.4,6.3,5.1
17201,0.4204,0,NORMAL,18.0,5.7,5.1,4.3
17202,0.3864,0,NORMAL,18.0,6.5,6.7,6.5
17203,0.3623,0,NORMAL,17.9,5.6,5.9,5.6
17204,0.3868,0,NORMAL,18.0,5.9,6.2,5.0
17205,0.3646,0,NORMAL,18.0,6.8,7.9,6.5
17206,0.3551,0,NORMAL,17.8,7.7,8.7,7.6
17207,0.3883,0,NORMAL,17.6,6.7,7.5,6.1
17208,0.3018,0,NORMAL,17.6,6.0,5.7,4.9
17209,0.3524,0,NORMAL,17.7,6.6,6.8,5.5
17210,0.3759,0,NORMAL,18.0,5.8,6.7,6.4
17211,0.8284,0,WARNING,18.2,6.3,6.6,5.9
17212,0.3878,0,NORMAL,17.9,5.7,6.0,5.2
17213,0.3649,0,NORMAL,18.0,5.6,5.0,4.9
17214,0.397,0,NORMAL,17.7,4.4,5.6,5.8
17215,0.3408,0,NORMAL,17.9,6.8,7.0,6.4
17216,0.3932,0,NORMAL,17.8,6.7,6.8,6.2
17217,0.3384,0,NORMAL,17.7,6.1,6.6,6.4
17218,0.345,0,NORMAL,18.0,7.8,8.0,6.5
17219,0.35,0,NORMAL,17.8,5.8,7.4,7.1
17220,0.3636,0,NORMAL,17.8,5.7,6.9,7.1
17221,0.3752,0,NORMAL,18.1,6.1,5.8,5.1
17222,0.3645,0,NORMAL,18.2,6.1,7.3,6.0
17223,0.3402,0,NORMAL,18.1,7.0,7.4,7.1
17224,0.3511,0,NORMAL,18.1,6.0,7.0,6.8
17225,0.363,0,NORMAL,18.0,6.4,8.1,7.9
17226,0.8225,0,WARNING,18.4,8.0,8.0,6.1
17227,0.3624,0,NORMAL,18.1,5.9,7.0,7.7
17228,0.8214,0,WARNING,18.2,6.4,6.3,6.8
17229,0.362,0,NORMAL,17.9,6.2,7.9,7.0
17230,0.4301,0,NORMAL,18.1,7.5,7.9,6.3
17231,0.362,0,NORMAL,18.1,5.9,7.5,7.3
17232,0.3508,0,NORMAL,18.1,6.8,7.3,6.7
17233,0.3646,0,NORMAL,18.1,6.8,7.7,7.4
17234,0.3501,0,NORMAL,17.8,5.1,6.0,6.1
17235,0.3395,0,NORMAL,17.7,5.9,6.2,6.1
17236,0.4508,0,NORMAL,17.6,5.2,6.0,5.9
17237,0.3401,0,NORMAL,18.1,7.1,8.9,7.6
17238,0.7637,0,WARNING,18.1,10.2,8.2,7.2
17239,0.3466,0,NORMAL,17.9,7.1,8.0,7.2
17240,0.3361,0,NORMAL,18.1,7.0,8.4,7.5
17241,0.8154,0,WARNING,18.3,6.8,7.3,6.9
17242,0.3375,0,NORMAL,17.9,5.7,7.6,6.7
17243,0.3393,0,NORMAL,18.1,6.6,8.3,8.2
17244,0.3507,0,NORMAL,18.1,6.7,7.9,6.8
17245,0.4385,0,NORMAL,18.2,7.7,7.9,6.7
17246,0.345,0,NORMAL,18.1,7.3,7.4,6.7
17247,0.285,0,NORMAL,17.9,5.6,6.3,6.3
17248,0.3123,0,NORMAL,17.8,6.8,8.1,6.8
17249,0.3752,0,NORMAL,18.4,7.3,8.6,8.0
17250,0.397,0,NORMAL,18.4,6.5,8.3,7.6
17251,0.3744,0,NORMAL,18.0,6.4,8.0,6.8
17252,0.3395,0,NORMAL,18.0,6.6,7.7,6.5
17253,0.3269,0,NORMAL,17.7,7.2,7.9,6.8
17254,0.3269,0,NORMAL,18.1,6.5,7.7,7.3
17255,0.3383,0,NORMAL,18.0,6.7,7.6,6.7
17256,0.3627,0,NORMAL,18.1,7.6,8.2,6.9
17257,0.3863,0,NORMAL,18.2,6.0,6.6,7.0
17258,0.3757,0,NORMAL,18.1,6.6,6.7,6.7
17259,0.4159,0,NORMAL,18.3,8.5,8.6,7.2
17260,0.3624,0,NORMAL,18.2,6.5,7.6,7.1
17261,0.434,0,NORMAL,18.0,6.9,6.9,6.7
17262,0.3495,0,NORMAL,18.0,6.9,7.8,6.2
17263,0.3628,0,NORMAL,18.2,5.9,6.3,6.3
17264,0.3746,0,NORMAL,18.3,6.5,7.7,7.0
17265,0.3748,0,NORMAL,18.1,5.6,6.2,5.6
17266,0.3874,0,NORMAL,18.0,5.9,6.4,6.6
17267,0.3753,0,NORMAL,17.9,5.8,6.8,6.6
17268,0.352,0,NORMAL,18.1,6.3,6.2,5.3
17269,0.3522,0,NORMAL,17.9,6.2,7.0,6.2
17270,0.3399,0,NORMAL,18.1,6.0,7.0,6.9
17271,0.8262,0,WARNING,18.3,7.2,7.5,6.4
17272,0.3264,0,NORMAL,18.0,5.4,6.0,5.7
17273,0.3763,0,NORMAL,18.2,6.7,7.7,6.7
17274,0.3984,0,NORMAL,18.3,6.2,7.0,6.4
17275,0.3867,0,NORMAL,18.2,7.0,7.3,6.5
17276,0.3625,0,NORMAL,17.9,7.0,7.4,6.7
17277,0.3628,0,NORMAL,17.9,6.9,7.8,6.5
17278,0.3262,0,NORMAL,18.0,7.5,8.0,6.5
17279,0.3264,0,NORMAL,17.9,6.7,7.2,7.0
17280,0.3385,0,NORMAL,17.8,5.4,6.1,5.2
17281,0.3402,0,NORMAL,17.9,5.9,6.8,6.0
17282,0.3527,0,NORMAL,18.0,5.0,5.7,5.6
17283,0.3412,0,NORMAL,17.8,6.0,6.2,5.7
17284,0.3157,0,NORMAL,18.0,6.9,6.6,5.7
17285,0.3144,0,NORMAL,17.8,5.2,6.4,6.3
17286,0.8306,0,WARNING,18.3,7.9,8.1,6.6
17287,0.3269,0,NORMAL,18.1,6.3,7.1,7.9
17288,0.3266,0,NORMAL,18.1,6.2,6.4,5.7
17289,0.3397,0,NORMAL,18.1,6.2,5.1,4.9
17290,0.3635,0,NORMAL,18.0,5.5,6.2,5.4
17291,0.3808,0,NORMAL,18.3,6.7,6.4,5.7
17292,0.363,0,NORMAL,18.2,6.4,6.2,5.2
17293,0.3747,0,NORMAL,18.2,5.5,6.0,5.9
17294,0.3522,0,NORMAL,18.0,5.9,5.2,4.9
17295,0.352,0,NORMAL,17.9,6.3,7.6,6.1
17296,0.3139,0,NORMAL,17.7,6.2,6.8,6.0
17297,0.4829,0,NORMAL,17.3,6.2,8.1,7.1
17298,0.2193,0,NORMAL,17.7,6.1,6.7,5.9
17299,0.2395,0,NORMAL,17.6,6.5,6.8,6.2
17300,0.4294,0,NORMAL,17.9,8.3,9.4,7.6
17301,0.8244,0,WARNING,18.3,6.7,5.4,4.7
17302,0.8101,0,WARNING,18.0,8.8,6.0,5.6
17303,0.3091,0,NORMAL,17.9,5.9,6.4,6.4
17304,0.4788,0,NORMAL,18.1,6.4,6.6,5.7
17305,0.3509,0,NORMAL,18.1,6.9,7.1,5.7
17306,0.339,0,NORMAL,18.1,6.2,5.5,5.3
17307,0.4998,0,NORMAL,18.1,6.5,6.2,6.3
17308,0.3503,0,NORMAL,18.2,5.9,6.3,5.0
17309,0.376,0,NORMAL,18.4,7.2,7.1,5.7
17310,0.3639,0,NORMAL,18.3,6.3,6.7,6.3
17311,0.3395,0,NORMAL,18.1,6.1,6.9,6.2
17312,0.3882,0,NORMAL,18.2,6.8,6.5,5.9
17313,0.3635,0,NORMAL,18.2,5.5,6.2,6.0
17314,0.3754,0,NORMAL,18.2,6.1,5.9,5.4
17315,0.3751,0,NORMAL,17.8,4.7,4.7,4.7
17316,0.8318,0,WARNING,18.3,5.8,5.1,6.3
17317,0.3512,0,NORMAL,18.2,5.9,6.3,8.1
17318,0.3511,0,NORMAL,18.1,5.0,4.6,4.2
17319,0.3525,0,NORMAL,18.2,6.9,6.8,6.2
17320,0.3389,0,NORMAL,17.9,6.5,6.5,5.8
17321,0.3394,0,NORMAL,18.1,6.7,6.8,5.3
17322,0.3271,0,NORMAL,17.9,6.7,6.7,5.8
17323,0.3273,0,NORMAL,18.1,6.1,5.8,5.2
17324,0.3275,0,NORMAL,17.9,6.1,6.1,4.8
17325,0.341,0,NORMAL,18.1,6.0,6.8,6.1
17326,0.341,0,NORMAL,18.2,6.4,6.6,5.4
17327,0.3405,0,NORMAL,18.0,7.1,7.9,6.3
17328,0.3274,0,NORMAL,18.1,6.8,6.9,5.7
17329,0.3275,0,NORMAL,17.9,6.2,6.8,5.7
17330,0.3406,0,NORMAL,18.2,5.7,6.4,5.3
17331,0.3411,0,NORMAL,18.3,6.3,6.2,5.4
17332,0.3403,0,NORMAL,18.1,6.0,6.5,5.4
17333,0.3531,0,NORMAL,18.0,5.5,6.3,5.0
17334,0.3544,0,NORMAL,18.2,6.5,6.0,5.2
17335,0.3646,0,NORMAL,17.9,4.2,4.9,5.1
17336,0.5809,0,NORMAL,18.2,7.8,6.8,6.4
17337,0.3504,0,NORMAL,18.3,6.5,6.9,5.4
17338,0.3635,0,NORMAL,18.4,6.1,6.6,6.4
17339,0.3519,0,NORMAL,18.0,6.0,6.2,6.4
17340,0.3395,0,NORMAL,17.9,5.0,5.2,4.2
17341,0.3411,0,NORMAL,18.0,5.9,6.6,5.6
17342,0.3408,0,NORMAL,18.1,5.3,5.2,5.4
17343,0.3405,0,NORMAL,18.2,4.4,4.9,5.3
17344,0.3413,0,NORMAL,18.2,6.3,5.7,6.4
17345,0.3392,0,NORMAL,18.2,4.7,4.8,5.3
17346,0.3278,0,NORMAL,18.2,7.4,7.3,6.1
17347,0.3142,0,NORMAL,17.9,5.2,4.8,4.8
17348,0.3822,0,NORMAL,18.2,8.1,8.7,6.8
17349,0.3281,0,NORMAL,18.1,6.9,7.1,5.9
17350,0.3696,0,NORMAL,18.4,8.3,8.5,6.5
17351,0.5021,0,NORMAL,18.4,8.5,8.0,7.2
17352,0.3368,0,NORMAL,18.2,6.9,7.2,5.5
17353,0.3645,0,NORMAL,18.3,7.8,8.0,5.7
17354,0.3747,0,NORMAL,18.4,5.9,6.1,5.0
17355,0.399,0,NORMAL,18.4,7.3,7.9,5.7
17356,0.399,0,NORMAL,18.4,7.0,7.1,5.4
17357,0.3759,0,NORMAL,18.4,6.4,6.6,5.8
17358,0.8048,0,WARNING,18.5,10.2,7.5,5.8
17359,0.3705,0,NORMAL,18.4,6.3,6.6,5.4
17360,0.35,0,NORMAL,18.0,5.4,5.2,4.5
17361,0.3396,0,NORMAL,18.2,6.7,7.1,6.2
17362,0.3517,0,NORMAL,18.2,6.2,6.2,5.0
17363,0.3518,0,NORMAL,18.0,5.1,5.2,4.7
17364,0.3655,0,NORMAL,18.0,6.0,5.7,5.9
17365,0.4263,0,NORMAL,18.0,6.6,5.4,6.1
17366,0.354,0,NORMAL,18.0,6.3,5.5,5.6
17367,0.3507,0,NORMAL,18.2,5.3,5.1,5.4
17368,0.3271,0,NORMAL,18.2,5.9,6.2,5.7
17369,0.3275,0,NORMAL,18.0,5.2,5.6,4.9
17370,0.4166,0,NORMAL,18.2,6.2,6.3,5.2
17371,0.3647,0,NORMAL,18.0,6.4,6.3,5.5
17372,0.328,0,NORMAL,18.2,5.7,5.6,5.0
17373,0.3028,0,NORMAL,17.9,5.6,6.4,6.6
17374,0.3858,0,NORMAL,18.3,7.0,6.9,5.4
17375,0.3634,0,NORMAL,18.3,5.4,5.3,4.0
17376,0.8328,0,WARNING,18.6,6.5,6.9,6.0
17377,0.3407,0,NORMAL,18.3,6.2,6.1,6.9
17378,0.3398,0,NORMAL,18.3,6.5,7.0,6.0
17379,0.3403,0,NORMAL,18.1,6.6,6.3,5.2
17380,0.3398,0,NORMAL,18.0,5.4,5.5,5.4
17381,0.4227,0,NORMAL,18.1,6.9,6.8,6.2
17382,0.3264,0,NORMAL,18.0,5.6,4.8,4.6
17383,0.3629,0,NORMAL,18.4,5.8,6.8,6.5
17384,0.3635,0,NORMAL,18.4,6.5,7.2,6.2
17385,0.3515,0,NORMAL,18.2,6.2,6.6,5.2
17386,0.327,0,NORMAL,18.1,5.9,6.2,5.2
17387,0.3273,0,NORMAL,17.9,5.4,6.4,5.9
17388,0.341,0,NORMAL,18.1,5.1,4.5,4.5
17389,0.3407,0,NORMAL,18.3,6.7,6.9,6.4
17390,0.4326,0,NORMAL,18.2,5.9,5.9,4.3
17391,0.3533,0,NORMAL,18.2,5.1,5.1,5.2
17392,0.3653,0,NORMAL,18.4,6.6,7.1,6.9
17393,0.364,0,NORMAL,18.4,6.1,6.4,5.3
17394,0.3762,0,NORMAL,18.3,6.3,6.2,4.8
17395,0.5087,0,NORMAL,18.3,6.6,5.1,5.4
17396,0.3502,0,NORMAL,18.0,4.7,4.0,4.8
17397,0.3515,0,NORMAL,18.4,5.9,5.5,6.1
17398,0.339,0,NORMAL,18.2,5.2,5.3,6.2
17399,0.3269,0,NORMAL,18.1,6.6,6.8,5.5
17400,0.3271,0,NORMAL,18.2,6.5,6.9,4.6
17401,0.3285,0,NORMAL,18.2,5.2,5.4,5.2
17402,0.3286,0,NORMAL,18.3,6.0,6.2,6.1
17403,0.3274,0,NORMAL,18.3,6.2,6.6,5.9
17404,0.3396,0,NORMAL,18.3,5.6,5.8,4.7
17405,0.3528,0,NORMAL,18.4,5.6,6.3,5.9
17406,0.8326,0,WARNING,18.5,5.9,5.5,5.3
17407,0.34,0,NORMAL,18.0,5.5,4.7,6.4
17408,0.3636,0,NORMAL,18.4,5.8,6.9,6.2
17409,0.3647,0,NORMAL,18.2,6.7,6.4,4.8
17410,0.3649,0,NORMAL,18.2,6.2,7.2,5.1
17411,0.3776,0,NORMAL,18.4,5.4,4.9,4.6
17412,0.3896,0,NORMAL,18.4,6.2,5.3,5.9
17413,0.3507,0,NORMAL,18.4,6.0,6.8,7.1
17414,0.3505,0,NORMAL,18.1,5.6,5.6,4.0
17415,0.3401,0,NORMAL,18.1,4.2,3.8,3.8
17416,0.3411,0,NORMAL,18.0,5.5,5.8,6.8
17417,0.3402,0,NORMAL,18.2,5.9,5.5,5.9
17418,0.7607,0,WARNING,18.4,8.1,5.0,5.6
17419,0.347,0,NORMAL,18.2,6.7,6.8,7.0
17420,0.3361,0,NORMAL,18.3,6.1,5.5,4.3
17421,0.8265,0,WARNING,18.5,6.9,6.3,5.3
17422,0.3386,0,NORMAL,18.5,7.2,7.9,6.2
17423,0.3512,0,NORMAL,18.2,5.2,6.6,5.9
17424,0.3649,0,NORMAL,18.4,7.0,7.3,5.3
17425,0.3523,0,NORMAL,18.4,6.8,7.0,5.8
17426,0.3518,0,NORMAL,18.4,6.2,5.6,4.5
17427,0.3636,0,NORMAL,18.1,5.5,5.0,5.6
17428,0.3513,0,NORMAL,18.4,6.2,6.4,6.6
17429,0.3389,0,NORMAL,18.5,6.6,6.4,5.8
17430,0.3389,0,NORMAL,18.3,5.2,5.5,4.0
17431,0.3538,0,NORMAL,18.4,6.1,6.4,5.0
17432,0.353,0,NORMAL,18.4,5.5,5.4,5.4
17433,0.3408,0,NORMAL,18.3,6.1,5.7,6.5
17434,0.3396,0,NORMAL,18.4,5.8,5.4,6.5
17435,0.3502,0,NORMAL,18.4,4.8,5.2,5.6
17436,0.3521,0,NORMAL,18.5,7.0,6.5,4.6
17437,0.602,0,WARNING,18.6,7.8,5.8,6.2
17438,0.6633,0,WARNING,18.5,7.6,5.6,5.8
17439,0.3468,0,NORMAL,18.5,5.5,5.4,5.9
17440,0.3368,0,NORMAL,18.1,5.3,4.9,5.7
17441,0.3502,0,NORMAL,18.2,6.9,6.1,6.6
17442,0.3499,0,NORMAL,18.5,6.6,6.0,5.7
17443,0.3375,0,NORMAL,18.4,6.6,6.8,4.4
17444,0.3268,0,NORMAL,18.2,6.0,6.9,4.9
17445,0.316,0,NORMAL,18.2,5.4,5.7,5.6
17446,0.3159,0,NORMAL,18.1,6.1,7.1,5.7
17447,0.329,0,NORMAL,18.2,6.1,6.0,4.8
17448,0.3411,0,NORMAL,18.4,6.4,6.5,5.7
17449,0.377,0,NORMAL,18.6,6.6,7.1,6.8
17450,0.3866,0,NORMAL,18.7,6.3,7.5,5.9
17451,0.8267,0,WARNING,18.9,7.6,7.4,5.8
17452,0.3865,0,NORMAL,18.4,6.4,7.4,6.5
17453,0.3762,0,NORMAL,18.4,5.9,6.0,5.2
17454,0.3879,0,NORMAL,18.6,7.3,7.3,6.1
17455,0.3756,0,NORMAL,18.4,6.2,6.9,5.8
17456,0.4802,0,NORMAL,18.6,7.2,6.6,5.6
17457,0.3381,0,NORMAL,18.1,5.7,5.1,4.8
17458,0.3394,0,NORMAL,18.5,5.9,6.8,6.3
17459,0.3757,0,NORMAL,18.3,5.4,5.3,4.9
17460,0.3647,0,NORMAL,18.2,5.9,6.5,5.2
17461,0.3406,0,NORMAL,18.5,6.2,7.0,6.2
17462,0.3401,0,NORMAL,18.4,5.5,5.7,5.0
17463,0.3409,0,NORMAL,18.3,5.2,5.3,5.2
17464,0.3817,0,NORMAL,18.3,6.4,7.3,6.3
17465,0.341,0,NORMAL,18.6,7.4,8.0,6.1
17466,0.828,0,WARNING,18.7,6.8,6.7,6.4
17467,0.3261,0,NORMAL,18.4,5.3,6.0,6.9
17468,0.3401,0,NORMAL,18.5,6.7,6.8,5.5
17469,0.3528,0,NORMAL,18.6,7.1,6.6,5.4
17470,0.3638,0,NORMAL,18.6,6.1,6.6,6.7
17471,0.4126,0,NORMAL,18.3,6.4,5.9,5.1
17472,0.3508,0,NORMAL,18.5,5.8,5.3,4.7
17473,0.3757,0,NORMAL,18.6,6.3,5.5,4.9
17474,0.3523,0,NORMAL,18.5,7.4,7.2,6.9
17475,0.339,0,NORMAL,18.4,5.9,5.6,4.5
17476,0.3401,0,NORMAL,18.5,5.7,6.3,5.5
17477,0.3531,0,NORMAL,18.5,5.5,5.3,5.3
17478,0.3762,0,NORMAL,18.6,6.1,7.2,5.9
17479,0.3879,0,NORMAL,18.7,6.1,5.7,4.7
17480,0.3646,0,NORMAL,18.4,5.9,6.2,5.4
17481,0.8295,0,WARNING,18.7,6.4,6.4,5.9
17482,0.3401,0,NORMAL,18.5,5.8,6.8,6.8
17483,0.7895,0,WARNING,18.5,7.9,4.9,4.8
17484,0.3224,0,NORMAL,18.5,5.8,6.7,5.7
17485,0.5585,0,NORMAL,18.5,4.5,5.5,5.2
17486,0.5355,0,NORMAL,18.8,7.7,7.6,6.4
17487,0.3609,0,NORMAL,18.6,6.0,7.1,5.6
17488,0.3386,0,NORMAL,18.4,5.7,5.3,5.2
17489,0.3267,0,NORMAL,18.5,6.7,7.5,6.7
17490,0.351,0,NORMAL,18.6,6.7,7.8,5.8
17491,0.3645,0,NORMAL,18.4,7.2,8.3,6.8
17492,0.352,0,NORMAL,18.6,6.2,6.5,6.0
17493,0.3514,0,NORMAL,18.5,6.1,7.6,6.3
17494,0.3526,0,NORMAL,18.4,6.2,6.1,5.4
17495,0.352,0,NORMAL,18.7,6.8,8.3,6.8
17496,0.3398,0,NORMAL,18.7,7.0,7.4,6.2
17497,0.3275,0,NORMAL,18.5,6.0,6.1,7.1
17498,0.3495,0,NORMAL,18.6,6.7,6.9,6.2
17499,0.3389,0,NORMAL,18.5,6.4,7.5,6.1
17500,0.3748,0,NORMAL,18.7,8.3,9.8,8.2
17501,0.3622,0,NORMAL,18.8,8.2,8.5,6.8
17502,1.0,0,ANOMALY,22.1,11.6,8.5,7.5
17503,0.4859,0,NORMAL,18.8,7.4,8.1,7.0
17504,0.3634,0,NORMAL,18.7,7.4,7.8,6.5
17505,0.3359,0,NORMAL,18.5,6.6,7.5,6.9
17506,0.3375,0,NORMAL,18.5,6.8,8.6,6.5
17507,0.3681,0,NORMAL,18.8,8.1,9.1,7.8
17508,0.3534,0,NORMAL,18.6,7.9,8.9,6.9
17509,0.3383,0,NORMAL,18.7,7.1,7.7,5.9
17510,0.3268,0,NORMAL,18.7,6.7,7.9,7.2
17511,0.8233,0,WARNING,18.8,6.9,7.3,6.7
17512,0.3505,0,NORMAL,18.9,6.5,7.6,6.2
17513,0.3271,0,NORMAL,18.7,6.1,6.8,6.6
17514,0.3138,0,NORMAL,18.6,6.9,7.0,6.6
17515,0.3262,0,NORMAL,18.5,7.2,8.2,6.6
17516,0.4059,0,NORMAL,18.6,8.6,9.5,7.9
17517,0.3619,0,NORMAL,18.7,7.7,8.8,7.7
17518,0.3377,0,NORMAL,18.5,6.3,6.8,6.2
17519,0.3258,0,NORMAL,18.5,6.4,6.6,6.2
17520,0.3387,0,NORMAL,18.5,6.2,7.6,6.5
17521,0.3616,0,NORMAL,18.4,7.9,9.3,7.4
17522,0.3389,0,NORMAL,18.6,6.7,8.4,7.9
17523,0.3261,0,NORMAL,18.6,6.4,7.6,6.9
17524,0.326,0,NORMAL,18.3,6.2,6.4,6.1
17525,0.339,0,NORMAL,18.7,6.9,8.4,7.6
17526,0.8216,0,WARNING,18.8,6.6,7.3,6.2
17527,0.3513,0,NORMAL,18.7,7.2,8.3,8.5
17528,0.3627,0,NORMAL,18.6,6.5,7.6,6.2
17529,0.3637,0,NORMAL,18.8,7.8,8.6,7.5
17530,0.386,0,NORMAL,18.8,6.3,7.4,7.0
17531,0.4787,0,NORMAL,18.4,7.8,7.4,6.0
17532,0.3376,0,NORMAL,18.7,7.0,7.0,6.9
17533,0.3378,0,NORMAL,18.6,5.9,6.4,6.2
17534,0.3917,0,NORMAL,18.8,8.1,9.9,8.1
17535,0.2734,0,NORMAL,18.3,6.3,6.7,6.6
17536,0.2871,0,NORMAL,18.3,7.3,8.0,6.7
17537,0.3506,0,NORMAL,18.7,7.1,9.4,7.8
17538,0.6587,0,WARNING,18.8,7.8,6.2,6.4
17539,0.4362,0,NORMAL,18.8,7.5,7.2,6.7
17540,0.3473,0,NORMAL,18.6,5.5,6.4,5.7
17541,0.8207,0,WARNING,18.8,6.1,5.7,6.1
17542,0.3501,0,NORMAL,18.7,6.6,7.2,6.9
17543,0.3625,0,NORMAL,18.7,6.8,7.9,7.0
17544,0.3626,0,NORMAL,18.8,6.8,7.8,7.4
17545,0.386,0,NORMAL,18.7,6.8,7.2,7.5
17546,0.3902,0,NORMAL,18.8,7.0,7.1,6.0
17547,0.3492,0,NORMAL,18.9,6.4,8.2,8.2
17548,0.3254,0,NORMAL,18.7,6.8,7.6,6.3
17549,0.3594,0,NORMAL,18.7,7.5,9.3,7.8
17550,0.313,0,NORMAL,18.7,7.1,9.0,8.7
17551,0.4501,0,NORMAL,18.5,6.8,7.9,7.6
17552,0.2916,0,NORMAL,18.7,6.6,8.5,7.9
17553,0.2599,0,NORMAL,18.4,6.4,8.3,7.9
17554,0.2739,0,NORMAL,18.3,6.2,7.4,7.1
17555,0.3008,0,NORMAL,18.4,7.2,8.7,7.0
17556,0.3271,0,NORMAL,18.7,7.8,8.0,7.9
17557,0.3376,0,NORMAL,18.5,6.2,8.1,8.5
17558,0.3266,0,NORMAL,18.7,7.5,8.5,7.3
17559,0.441,0,NORMAL,19.0,6.0,7.1,6.7
17560,0.4718,0,NORMAL,19.2,6.4,7.7,7.0
17561,0.4304,0,NORMAL,18.9,7.4,7.8,7.5
17562,0.3488,0,NORMAL,18.8,5.8,7.2,7.4
17563,0.3251,0,NORMAL,18.7,7.1,7.6,6.3
17564,0.2997,0,NORMAL,18.6,6.9,7.4,7.0
17565,0.3249,0,NORMAL,18.5,6.3,8.3,7.2
17566,0.3634,0,NORMAL,18.4,4.5,4.9,4.2
17567,0.3929,0,NORMAL,18.3,1.9,0.1,0.0
17568,0.3905,0,NORMAL,18.4,2.8,0.1,0.0
17569,0.3894,0,NORMAL,18.1,1.9,0.1,0.0
17570,0.368,0,NORMAL,18.3,4.0,3.2,4.2
17571,0.8534,0,WARNING,19.0,7.2,9.0,9.8
17572,0.3408,0,NORMAL,18.8,5.5,7.4,5.3
17573,0.3305,0,NORMAL,18.5,6.7,8.6,8.4
17574,0.4157,0,NORMAL,18.8,7.2,8.4,7.9
17575,0.3648,0,NORMAL,18.9,6.3,8.7,7.6
17576,0.3648,0,NORMAL,18.9,7.8,9.4,8.7
17577,0.4085,0,NORMAL,18.7,7.7,10.3,8.5
17578,0.3671,0,NORMAL,18.9,7.1,9.5,8.2
17579,0.3753,0,NORMAL,18.8,6.2,8.7,8.5
17580,0.3759,0,NORMAL,19.1,6.3,8.5,7.7
17581,0.3755,0,NORMAL,18.8,7.5,9.1,8.0
17582,0.4287,0,NORMAL,19.0,7.7,10.3,7.9
17583,0.3403,0,NORMAL,18.9,6.2,8.0,8.0
17584,0.358,0,NORMAL,18.7,7.2,9.5,8.0
17585,0.3271,0,NORMAL,18.9,6.6,8.9,6.9
17586,0.8242,0,WARNING,19.1,5.6,6.7,7.1
17587,0.3644,0,NORMAL,19.0,6.7,8.6,9.2
17588,0.3638,0,NORMAL,18.9,6.6,8.4,7.4
17589,0.8231,0,WARNING,19.2,7.0,7.5,7.4
17590,0.3862,0,NORMAL,19.1,7.3,9.8,8.9
17591,0.3388,0,NORMAL,19.0,7.3,9.1,7.5
17592,0.3324,0,NORMAL,18.9,6.8,9.3,9.0
17593,0.3256,0,NORMAL,18.7,6.8,8.8,8.0
17594,0.3265,0,NORMAL,18.8,7.1,8.3,7.7
17595,0.3391,0,NORMAL,18.9,5.6,8.0,7.4
17596,0.3525,0,NORMAL,19.0,6.3,8.8,8.4
17597,0.4145,0,NORMAL,19.0,7.0,8.1,8.3
17598,0.314,0,NORMAL,18.9,6.7,8.7,8.0
17599,0.7037,0,WARNING,18.7,5.9,7.6,8.9
17600,0.3404,0,NORMAL,18.7,5.6,6.7,6.6
17601,0.8247,0,WARNING,19.2,7.7,10.0,9.3
17602,0.339,0,NORMAL,18.9,5.4,7.3,6.6
17603,0.3405,0,NORMAL,18.9,5.8,7.3,8.2
17604,0.7238,0,WARNING,19.0,9.2,8.5,7.8
17605,0.3466,0,NORMAL,19.1,6.6,9.3,8.7
17606,0.3487,0,NORMAL,19.0,7.4,8.9,8.3
17607,0.3851,0,NORMAL,19.2,7.5,9.6,8.4
17608,0.373,0,NORMAL,19.2,7.5,9.7,8.9
17609,0.3615,0,NORMAL,18.9,6.4,8.7,7.9
17610,0.3515,0,NORMAL,18.7,5.6,7.7,7.8
17611,0.3402,0,NORMAL,18.9,5.9,7.4,7.8
17612,0.3515,0,NORMAL,18.9,6.1,8.1,7.9
17613,0.3642,0,NORMAL,19.1,6.4,7.8,8.3
17614,0.3841,0,NORMAL,19.1,7.7,10.0,8.5
17615,0.3512,0,NORMAL,19.1,6.7,8.7,7.6
17616,0.8213,0,WARNING,19.2,7.3,9.1,8.9
17617,0.3974,0,NORMAL,19.0,7.3,10.2,9.9
17618,0.36,0,NORMAL,19.0,7.6,9.4,7.7
17619,0.3142,0,NORMAL,18.9,5.6,7.3,7.5
17620,0.3394,0,NORMAL,19.0,7.0,8.9,8.0
17621,0.5002,0,NORMAL,18.8,8.5,10.1,9.4
17622,0.2979,0,NORMAL,18.9,5.2,7.3,7.5
17623,0.3388,0,NORMAL,19.1,6.4,9.0,7.9
17624,0.3393,0,NORMAL,19.1,6.3,8.9,9.4
17625,0.3555,0,NORMAL,18.9,6.8,9.4,8.9
17626,0.3516,0,NORMAL,19.2,6.9,9.2,8.4
17627,0.3605,0,NORMAL,19.1,7.0,9.9,8.9
17628,0.3386,0,NORMAL,19.1,6.1,8.8,9.0
17629,0.3509,0,NORMAL,19.2,5.8,9.5,8.5
17630,0.3399,0,NORMAL,19.1,6.4,8.7,8.6
17631,0.8199,0,WARNING,19.2,6.7,8.0,7.9
17632,0.3651,0,NORMAL,19.1,6.9,9.6,7.9
17633,0.4418,0,NORMAL,19.2,7.6,10.9,10.6
17634,0.3384,0,NORMAL,19.1,7.0,9.3,6.6
17635,0.3516,0,NORMAL,19.1,6.1,8.3,8.0
17636,0.4579,0,NORMAL,19.3,8.0,11.0,9.8
17637,0.3599,0,NORMAL,19.3,7.5,9.6,7.4
17638,0.3382,0,NORMAL,19.1,6.5,8.6,8.5
17639,0.3387,0,NORMAL,19.2,6.4,9.0,8.6
17640,0.3386,0,NORMAL,19.0,5.8,8.6,8.1
17641,0.3643,0,NORMAL,18.9,6.1,7.9,7.7
17642,0.3735,0,NORMAL,19.3,7.3,9.8,8.0
17643,0.3523,0,NORMAL,19.2,6.3,8.9,9.3
17644,0.3391,0,NORMAL,18.9,6.2,8.5,8.3
17645,0.3465,0,NORMAL,19.1,6.5,9.5,8.7
17646,0.8215,0,WARNING,19.3,7.4,8.4,7.9
17647,0.3508,0,NORMAL,18.9,6.2,9.6,9.5
17648,0.354,0,NORMAL,19.1,7.6,9.6,9.1
17649,0.3512,0,NORMAL,19.2,6.5,9.1,8.2
17650,0.4481,0,NORMAL,19.3,8.1,10.5,9.0
17651,0.4034,0,NORMAL,19.1,8.0,10.2,8.5
17652,0.3507,0,NORMAL,19.3,6.7,9.0,6.7
17653,0.4362,0,NORMAL,19.4,7.5,10.5,8.7
17654,0.3837,0,NORMAL,19.2,7.8,9.8,8.6
17655,0.3137,0,NORMAL,19.1,6.2,9.1,8.1
17656,0.425,0,NORMAL,19.2,7.4,10.3,9.0
17657,0.3562,0,NORMAL,19.2,7.0,9.4,7.3
17658,0.412,0,NORMAL,19.2,7.1,10.3,8.7
17659,0.7583,0,WARNING,19.3,10.1,9.0,7.2
17660,0.3628,0,NORMAL,19.3,6.8,9.5,7.9
17661,0.8146,0,WARNING,19.6,9.2,11.4,8.6
17662,0.4114,0,NORMAL,19.3,7.0,10.3,9.1
17663,0.3394,0,NORMAL,18.9,6.9,9.2,6.8
17664,0.3916,0,NORMAL,19.3,7.4,10.1,9.8
17665,0.4033,0,NORMAL,19.5,7.6,10.3,8.5
17666,0.4207,0,NORMAL,19.4,7.9,10.4,8.5
17667,0.3509,0,NORMAL,19.2,7.0,8.7,7.5
17668,0.3428,0,NORMAL,19.2,6.7,9.5,7.9
17669,0.4152,0,NORMAL,19.1,7.6,10.3,7.7
17670,0.3762,0,NORMAL,19.4,7.2,9.6,7.9
17671,0.3808,0,NORMAL,19.4,7.1,9.9,8.4
17672,0.5145,0,NORMAL,19.5,8.5,11.7,8.6
17673,0.5418,0,NORMAL,19.2,7.1,10.8,9.3
17674,0.3819,0,NORMAL,19.2,6.8,10.0,7.9
17675,0.3526,0,NORMAL,19.1,6.5,9.4,7.9
17676,0.8197,0,WARNING,19.5,7.5,9.7,8.6
17677,0.3392,0,NORMAL,19.1,6.7,9.4,9.9
17678,0.4172,0,NORMAL,19.2,7.6,10.4,8.3
17679,0.3271,0,NORMAL,19.2,6.5,8.5,8.0
17680,0.4315,0,NORMAL,19.3,7.7,10.7,8.6
17681,0.4103,0,NORMAL,19.4,8.3,10.2,10.1
17682,0.4223,0,NORMAL,19.4,7.5,10.6,7.1
17683,0.4377,0,NORMAL,19.4,8.8,10.7,8.3
17684,0.3937,0,NORMAL,19.1,7.7,9.9,8.0
17685,0.5655,0,NORMAL,19.0,6.2,8.8,8.5
17686,0.3402,0,NORMAL,19.3,5.9,9.0,8.4
17687,0.4539,0,NORMAL,19.5,8.5,10.9,8.1
17688,0.5515,0,NORMAL,19.4,8.1,10.7,8.5
17689,0.3571,0,NORMAL,19.1,7.2,9.9,8.8
17690,0.3642,0,NORMAL,19.5,6.8,9.0,9.3
17691,0.3873,0,NORMAL,19.4,6.5,9.1,7.1
17692,0.4701,0,NORMAL,19.5,8.3,11.2,9.0
17693,0.5191,0,NORMAL,19.5,7.4,11.8,9.0
17694,0.3527,0,NORMAL,19.2,6.7,9.1,7.8
17695,0.3526,0,NORMAL,19.4,6.4,9.1,8.4
17696,0.3521,0,NORMAL,19.4,7.4,9.5,7.7
17697,0.4117,0,NORMAL,19.4,7.8,10.4,8.5
17698,0.4315,0,NORMAL,19.5,7.3,10.6,8.5
17699,0.3394,0,NORMAL,19.2,6.6,9.2,8.0
17700,0.3869,0,NORMAL,19.4,7.1,10.1,9.1
17701,0.3267,0,NORMAL,19.1,6.1,8.8,7.9
17702,0.4347,0,NORMAL,19.2,7.5,10.7,10.2
17703,0.3526,0,NORMAL,19.4,7.3,9.4,7.9
17704,0.3859,0,NORMAL,19.5,7.0,10.0,8.4
17705,0.3752,0,NORMAL,19.4,6.4,9.0,7.3
17706,0.8212,0,WARNING,19.6,7.7,9.3,8.6
17707,0.3576,0,NORMAL,19.5,7.1,9.6,10.1
17708,0.3532,0,NORMAL,19.4,7.5,9.7,8.5
17709,0.3134,0,NORMAL,19.5,6.8,9.2,6.7
17710,0.3277,0,NORMAL,19.3,7.1,9.3,9.4
17711,0.4275,0,NORMAL,19.2,7.9,10.6,8.7
17712,0.3604,0,NORMAL,19.5,6.9,9.8,7.4
17713,0.3389,0,NORMAL,19.4,6.8,9.3,8.4
17714,0.4666,0,NORMAL,19.3,7.2,11.2,8.9
17715,0.3749,0,NORMAL,19.1,5.6,8.8,7.4
17716,0.3411,0,NORMAL,19.2,5.8,8.8,8.5
17717,0.4041,0,NORMAL,19.2,7.5,10.4,7.8
17718,0.3904,0,NORMAL,19.4,6.9,10.2,8.0
17719,0.3285,0,NORMAL,19.2,6.5,9.0,8.1
17720,0.387,0,NORMAL,19.2,7.0,10.3,9.6
17721,0.8166,0,WARNING,19.8,7.0,10.1,6.7
17722,0.3823,0,NORMAL,19.3,7.5,9.8,8.5
17723,0.7351,0,WARNING,19.5,10.6,10.6,9.4
17724,0.3581,0,NORMAL,19.4,6.5,9.4,7.1
17725,0.362,0,NORMAL,19.3,6.3,9.3,9.9
17726,0.3939,0,NORMAL,19.3,7.7,9.1,7.7
17727,0.4212,0,NORMAL,19.3,7.7,10.6,9.9
17728,0.4711,0,NORMAL,19.6,7.4,11.2,7.4
17729,0.383,0,NORMAL,19.5,6.9,10.3,8.9
17730,0.3715,0,NORMAL,19.3,7.1,9.9,8.2
17731,0.3898,0,NORMAL,19.6,6.6,10.3,8.3
17732,0.4871,0,NORMAL,19.4,7.9,9.4,8.2
17733,0.3608,0,NORMAL,19.5,7.1,9.8,7.9
17734,0.387,0,NORMAL,19.5,6.8,10.2,8.6
17735,0.3935,0,NORMAL,19.5,7.3,10.6,8.6
17736,0.8179,0,WARNING,19.6,7.5,10.0,7.6
17737,0.4214,0,NORMAL,19.4,7.1,10.6,9.7
17738,0.361,0,NORMAL,19.4,7.5,10.0,8.9
17739,0.4467,0,NORMAL,19.3,7.2,11.0,8.8
17740,0.3742,0,NORMAL,19.5,7.1,9.5,7.8
17741,0.4443,0,NORMAL,19.4,8.2,10.1,8.9
17742,0.3822,0,NORMAL,19.5,7.0,10.1,7.9
17743,0.3132,0,NORMAL,19.2,5.8,9.2,7.7
17744,0.3942,0,NORMAL,19.3,7.4,10.2,8.8
17745,0.3275,0,NORMAL,19.5,6.3,8.8,7.3
17746,0.3434,0,NORMAL,19.5,6.1,9.6,9.2
17747,0.3152,0,NORMAL,19.2,6.9,9.2,8.8
17748,0.3269,0,NORMAL,19.5,6.4,9.1,6.6
17749,0.3988,0,NORMAL,19.6,7.3,10.2,8.0
17750,0.3437,0,NORMAL,19.4,6.6,9.5,8.8
17751,0.8195,0,WARNING,19.8,7.6,9.6,7.7
17752,0.3395,0,NORMAL,19.4,6.4,9.3,7.9
17753,0.3768,0,NORMAL,19.6,7.0,9.9,8.4
17754,0.3835,0,NORMAL,19.5,6.2,10.2,8.4
17755,0.5325,0,NORMAL,19.7,8.3,10.4,9.1
17756,0.5813,0,NORMAL,19.7,8.3,13.1,10.7
17757,0.4214,0,NORMAL,19.0,7.4,10.9,9.2
17758,0.3407,0,NORMAL,18.8,6.6,9.5,8.0
17759,0.3557,0,NORMAL,19.0,6.7,10.1,8.1
17760,0.3785,0,NORMAL,19.3,6.7,10.3,8.6
17761,0.352,0,NORMAL,19.6,6.4,9.3,8.5
17762,0.3564,0,NORMAL,19.4,6.5,9.8,8.2
17763,0.3522,0,NORMAL,19.6,6.6,9.5,7.7
17764,0.3978,0,NORMAL,19.5,7.1,10.3,8.4
17765,0.3401,0,NORMAL,19.4,6.4,9.2,7.7
17766,0.8208,0,WARNING,19.8,7.2,10.3,8.5
17767,0.451,0,NORMAL,19.7,7.4,10.8,9.5
17768,0.5495,0,NORMAL,19.8,8.8,12.4,10.5
17769,0.4612,0,NORMAL,19.7,7.6,11.3,9.2
17770,0.3911,0,NORMAL,19.6,6.7,10.6,8.2
17771,0.3643,0,NORMAL,19.5,7.2,9.9,8.1
17772,0.4718,0,NORMAL,19.6,7.7,11.6,9.2
17773,0.4193,0,NORMAL,19.6,7.3,10.9,8.2
17774,0.3146,0,NORMAL,19.6,6.3,9.6,7.9
17775,0.8185,0,WARNING,20.0,7.2,10.0,7.8
17776,0.4726,0,NORMAL,19.8,7.6,11.6,9.2
17777,0.3515,0,NORMAL,19.5,6.3,9.6,7.8
17778,0.3825,0,NORMAL,19.8,7.1,10.1,8.6
17779,0.6426,0,WARNING,19.7,8.9,9.9,8.2
17780,0.3968,0,NORMAL,19.8,7.8,10.4,8.3
17781,0.8102,0,WARNING,20.0,7.3,10.8,8.8
17782,0.4131,0,NORMAL,19.8,7.4,9.9,8.8
17783,0.43,0,NORMAL,19.7,6.8,10.6,9.3
17784,0.4195,0,NORMAL,19.7,7.3,10.7,8.5
17785,0.4027,0,NORMAL,19.8,7.3,10.4,8.2
17786,0.4238,0,NORMAL,19.9,7.5,10.6,8.7
17787,0.3893,0,NORMAL,19.8,7.3,10.4,9.1
17788,0.3254,0,NORMAL,19.7,6.6,9.5,8.4
17789,0.3856,0,NORMAL,19.9,6.1,10.0,8.7
17790,0.4136,0,NORMAL,19.7,7.4,10.7,8.7
17791,0.3264,0,NORMAL,19.7,5.6,9.2,7.7
17792,0.3527,0,NORMAL,19.5,6.4,9.7,8.2
17793,0.3527,0,NORMAL,19.7,6.6,9.2,7.4
17794,0.3587,0,NORMAL,19.4,6.6,9.7,8.2
17795,0.3405,0,NORMAL,19.7,6.1,8.6,9.2
17796,0.819,0,WARNING,19.9,7.3,10.0,8.1
17797,0.4141,0,NORMAL,19.9,7.8,10.1,10.0
17798,0.4935,0,NORMAL,20.0,7.4,11.4,9.9
17799,0.433,0,NORMAL,19.9,7.9,10.6,7.6
17800,0.3636,0,NORMAL,19.7,6.3,8.5,7.2
17801,0.4124,0,NORMAL,19.7,7.6,10.5,9.8
17802,0.3504,0,NORMAL,19.9,7.1,9.5,7.5
17803,0.3462,0,NORMAL,19.7,6.6,10.0,8.9
17804,0.3391,0,NORMAL,19.5,6.7,9.2,7.2
17805,0.4183,0,NORMAL,19.9,6.8,10.6,8.4
17806,0.4008,0,NORMAL,19.8,6.6,10.4,9.1
17807,0.4809,0,NORMAL,19.8,7.1,11.4,9.4
17808,0.3402,0,NORMAL,19.8,7.1,8.8,7.5
17809,0.3395,0,NORMAL,19.7,5.6,8.8,7.8
17810,0.3283,0,NORMAL,19.6,6.6,9.3,8.1
17811,0.8196,0,WARNING,20.0,6.6,10.0,8.4
17812,0.3872,0,NORMAL,19.8,7.2,10.0,8.6
17813,0.3576,0,NORMAL,19.9,7.0,9.8,8.0
17814,0.3394,0,NORMAL,19.6,5.7,9.3,8.7
17815,0.3647,0,NORMAL,20.0,6.6,9.7,8.5
17816,0.3643,0,NORMAL,19.7,6.4,8.2,6.8
17817,0.4261,0,NORMAL,19.7,7.7,10.6,9.1
17818,0.3263,0,NORMAL,19.8,6.4,8.9,8.0
17819,0.415,0,NORMAL,20.0,7.3,10.4,8.2
17820,0.8186,0,WARNING,20.2,7.1,10.0,8.1
17821,0.3521,0,NORMAL,19.8,6.5,9.3,8.7
17822,0.3938,0,NORMAL,19.9,6.3,10.2,8.4
17823,0.3519,0,NORMAL,19.9,6.2,8.9,8.0
17824,0.3799,0,NORMAL,19.6,6.9,9.9,8.4
17825,0.3522,0,NORMAL,19.7,6.0,9.2,7.9
17826,0.8216,0,WARNING,20.1,6.0,8.1,8.2
17827,0.3398,0,NORMAL,19.8,6.2,9.3,9.1
17828,0.4152,0,NORMAL,19.8,7.3,10.4,8.7
17829,0.3643,0,NORMAL,19.9,6.8,9.1,8.5
17830,0.8156,0,WARNING,20.2,7.9,9.4,7.7
17831,0.4142,0,NORMAL,19.7,7.5,8.1,8.0
17832,0.4083,0,NORMAL,19.8,6.9,10.5,9.4
17833,0.3784,0,NORMAL,19.9,7.4,9.9,7.1
17834,0.3394,0,NORMAL,19.7,5.6,8.3,8.5
17835,0.3394,0,NORMAL,19.7,6.5,8.8,9.0
17836,0.3511,0,NORMAL,19.7,6.2,9.4,8.7
17837,0.3637,0,NORMAL,19.7,6.1,8.7,8.8
17838,0.3638,0,NORMAL,19.8,6.9,9.0,7.7
17839,0.3759,0,NORMAL,19.6,5.6,7.2,8.8
17840,0.4307,0,NORMAL,19.8,6.9,9.8,8.0
17841,0.9691,0,WARNING,20.3,6.6,7.7,8.9
17842,0.3739,0,NORMAL,19.8,7.4,9.6,8.4
17843,0.6845,0,WARNING,19.9,9.3,9.5,9.4
17844,0.3926,0,NORMAL,19.6,5.9,8.9,8.6
17845,0.3493,0,NORMAL,19.7,6.4,8.9,8.0
17846,0.3386,0,NORMAL,19.6,6.7,7.7,8.4
17847,0.312,0,NORMAL,19.6,6.1,8.3,7.1
17848,0.3272,0,NORMAL,19.8,6.5,8.5,9.0
17849,0.3386,0,NORMAL,19.6,5.8,8.9,8.7
17850,0.3307,0,NORMAL,19.7,5.9,9.4,7.6
17851,0.3433,0,NORMAL,19.8,6.6,9.5,7.3
17852,0.3411,0,NORMAL,19.8,6.7,8.6,8.4
17853,0.3432,0,NORMAL,19.8,6.8,9.4,7.9
17854,0.3404,0,NORMAL,19.6,6.5,8.1,9.0
17855,0.3506,0,NORMAL,19.9,5.7,8.0,8.0
17856,0.8212,0,WARNING,20.0,5.9,7.6,7.1
17857,0.34,0,NORMAL,19.6,6.5,8.8,10.1
17858,0.339,0,NORMAL,19.9,6.1,8.9,8.6
17859,0.3894,0,NORMAL,19.9,7.2,9.2,8.8
17860,0.3259,0,NORMAL,19.6,6.0,8.3,8.0
17861,0.3819,0,NORMAL,19.5,6.2,7.8,7.3
17862,0.352,0,NORMAL,19.5,6.8,7.7,6.7
17863,0.3395,0,NORMAL,19.8,6.6,8.4,8.8
17864,0.3511,0,NORMAL,19.8,5.9,7.9,6.8
17865,0.3525,0,NORMAL,19.7,5.5,7.7,8.2
17866,0.3402,0,NORMAL,19.8,6.7,8.5,8.3
17867,0.3391,0,NORMAL,19.8,6.1,8.9,8.3
17868,0.3399,0,NORMAL,19.8,6.5,8.2,8.2
17869,0.3391,0,NORMAL,19.8,5.6,7.7,7.1
17870,0.3402,0,NORMAL,19.5,5.4,7.1,7.0
17871,0.8267,0,WARNING,20.0,6.7,7.3,8.1
17872,0.3142,0,NORMAL,19.8,5.7,8.3,7.5
17873,0.3314,0,NORMAL,19.7,7.2,8.7,8.7
17874,0.3393,0,NORMAL,19.5,5.9,7.7,7.7
17875,0.3396,0,NORMAL,19.5,5.9,8.0,7.4
17876,0.325,0,NORMAL,19.5,7.9,9.0,7.8
17877,0.3014,0,NORMAL,19.8,7.2,8.4,7.2
17878,0.3388,0,NORMAL,19.9,6.9,9.1,8.7
17879,0.4585,0,NORMAL,19.8,6.6,7.6,6.7
17880,0.3271,0,NORMAL,19.8,5.4,7.5,7.7
17881,0.3274,0,NORMAL,19.7,6.0,7.6,7.4
17882,0.315,0,NORMAL,19.6,5.6,6.3,5.4
17883,0.3286,0,NORMAL,19.7,5.7,7.5,7.2
17884,0.3411,0,NORMAL,19.6,6.2,7.0,6.8
17885,0.3402,0,NORMAL,19.8,5.7,7.4,6.7
17886,0.831,0,WARNING,19.9,6.1,6.4,7.0
17887,0.3278,0,NORMAL,19.5,5.7,7.6,8.1
17888,0.3417,0,NORMAL,19.8,6.9,7.8,7.1
17889,0.3528,0,NORMAL,19.6,5.3,6.8,7.4
17890,0.3656,0,NORMAL,19.8,6.1,6.4,5.9
17891,0.3648,0,NORMAL,19.9,7.2,8.8,7.3
17892,0.3396,0,NORMAL,19.7,5.7,6.0,6.4
17893,0.3142,0,NORMAL,19.4,5.1,6.3,6.1
17894,0.3559,0,NORMAL,19.8,6.9,9.3,7.5
17895,0.3284,0,NORMAL,19.5,5.9,7.2,7.2
17896,0.3405,0,NORMAL,19.5,5.1,6.7,6.6
17897,0.3413,0,NORMAL,19.7,5.7,7.2,6.4
17898,0.3414,0,NORMAL,19.7,6.5,7.3,6.0
17899,0.7059,0,WARNING,19.6,8.6,7.3,7.1
17900,0.3362,0,NORMAL,19.7,5.4,6.2,6.4
17901,0.8236,0,WARNING,20.1,7.2,7.9,6.4
17902,0.3513,0,NORMAL,19.7,5.0,5.9,5.6
17903,0.5365,0,NORMAL,19.9,6.1,7.0,7.5
17904,0.3521,0,NORMAL,19.5,5.3,5.9,5.2
17905,0.41,0,NORMAL,19.8,6.2,6.1,5.7
17906,0.3411,0,NORMAL,19.5,6.5,6.6,7.0
17907,0.3267,0,NORMAL,19.5,4.5,5.8,5.6
17908,0.3419,0,NORMAL,19.6,5.1,5.4,5.3
17909,0.3291,0,NORMAL,19.8,6.2,7.2,6.6
17910,0.3406,0,NORMAL,19.8,5.3,7.3,6.9
17911,0.3536,0,NORMAL,19.8,5.2,6.2,5.7
17912,0.3662,0,NORMAL,19.8,5.3,5.6,5.8
17913,0.3652,0,NORMAL,19.8,5.4,6.2,6.1
17914,0.3774,0,NORMAL,19.6,5.3,6.2,5.2
17915,0.3783,0,NORMAL,19.8,4.3,4.8,5.3
17916,0.8371,0,WARNING,20.0,5.9,5.9,5.7
17917,0.3769,0,NORMAL,19.9,4.3,5.5,6.8
17918,0.3545,0,NORMAL,19.8,5.2,5.9,6.5
17919,0.3542,0,NORMAL,19.5,5.0,5.7,5.5
17920,0.2773,0,NORMAL,19.5,5.5,4.8,4.6
17921,0.303,0,NORMAL,19.6,6.0,6.0,5.2
17922,0.3409,0,NORMAL,19.4,4.5,5.3,5.4
17923,0.342,0,NORMAL,19.6,4.9,4.9,5.1
17924,0.3416,0,NORMAL,19.6,4.8,5.2,6.8
17925,0.3406,0,NORMAL,19.7,4.3,5.8,5.8
17926,0.354,0,NORMAL,19.7,4.8,5.7,4.4
17927,0.3555,0,NORMAL,19.8,4.8,5.2,5.5
17928,0.3429,0,NORMAL,19.8,5.0,5.3,6.2
17929,0.3411,0,NORMAL,19.5,4.1,5.0,5.9
17930,0.3688,0,NORMAL,19.4,3.6,4.3,4.7
17931,0.3435,0,NORMAL,19.7,4.8,4.6,6.1
17932,0.3419,0,NORMAL,19.7,4.3,4.9,6.1
17933,0.3124,0,NORMAL,19.7,5.1,6.1,7.2
17934,0.3028,0,NORMAL,19.7,5.1,6.4,4.7
17935,0.3423,0,NORMAL,19.7,4.5,5.1,4.0
17936,0.3557,0,NORMAL,19.9,6.6,6.1,6.7
17937,0.3524,0,NORMAL,19.5,4.8,5.1,5.7
17938,0.3524,0,NORMAL,19.7,4.2,4.3,5.5
17939,0.3291,0,NORMAL,19.6,4.9,5.8,7.3
17940,0.3154,0,NORMAL,19.4,4.1,4.3,5.9
17941,0.3158,0,NORMAL,19.4,4.5,5.0,4.4
17942,0.3305,0,NORMAL,19.4,4.4,4.5,5.7
17943,0.3428,0,NORMAL,19.7,4.7,5.3,6.2
17944,0.3294,0,NORMAL,19.6,4.2,4.5,5.4
17945,0.3038,0,NORMAL,19.5,4.7,5.2,6.2
17946,0.9717,0,WARNING,20.1,5.4,5.2,6.5
17947,0.3405,0,NORMAL,19.5,4.4,4.6,6.6
17948,0.1288,0,NORMAL,19.1,5.1,5.0,5.4
17949,0.372,0,NORMAL,16.0,5.2,5.6,4.6
17950,0.1185,0,NORMAL,14.1,3.9,3.8,3.8
17951,0.7271,0,WARNING,15.1,8.2,7.5,7.0
17952,0.1321,0,NORMAL,13.9,5.0,5.6,5.1
17953,0.6276,0,WARNING,14.6,6.3,8.5,9.6
17954,0.6699,0,WARNING,16.2,6.8,9.9,7.4
17955,0.9197,0,WARNING,18.1,6.9,14.3,12.4
17956,0.9085,0,WARNING,18.4,8.0,14.3,11.8
17957,0.9137,0,WARNING,19.3,7.5,14.5,11.5
17958,0.8492,0,WARNING,19.7,6.3,11.7,9.4
17959,0.6847,0,WARNING,19.6,7.6,8.5,7.5
17960,0.4487,0,NORMAL,18.6,4.4,4.6,4.6
17961,0.8198,0,WARNING,17.9,5.6,8.2,7.5
17962,0.8211,0,WARNING,18.3,6.1,10.3,9.8
17963,0.8683,0,WARNING,18.6,5.9,10.7,8.7
17964,0.9443,0,WARNING,18.3,8.4,14.4,11.9
17965,0.7959,0,WARNING,18.6,5.6,9.5,8.7
17966,0.7698,0,WARNING,18.6,6.9,10.2,9.6
17967,0.8088,0,WARNING,18.7,7.9,10.5,11.6
17968,0.4707,0,NORMAL,18.4,5.1,6.7,5.8
17969,0.3579,0,NORMAL,17.9,4.4,3.8,4.5
17970,0.2588,0,NORMAL,18.2,3.5,3.5,4.4
17971,0.1419,0,NORMAL,18.6,4.2,4.3,6.9
17972,0.1344,0,NORMAL,19.0,3.2,3.0,3.8
17973,0.1426,0,NORMAL,19.3,4.7,4.6,5.2
17974,0.1294,0,NORMAL,19.3,4.1,3.8,5.0
17975,0.1133,0,NORMAL,19.2,4.4,4.0,5.0
17976,0.8436,0,WARNING,19.4,5.0,3.5,4.5
17977,0.1542,0,NORMAL,19.2,4.0,3.6,6.0
17978,0.1761,0,NORMAL,19.3,3.4,3.3,4.3
17979,0.7338,0,WARNING,19.4,6.3,3.2,3.8
17980,0.2872,0,NORMAL,18.1,4.0,4.0,4.5
17981,0.3157,0,NORMAL,18.2,5.0,3.4,4.3
17982,0.3488,0,NORMAL,18.2,4.8,3.6,4.1
17983,0.3396,0,NORMAL,18.3,3.6,3.7,4.7
17984,0.3535,0,NORMAL,18.3,3.6,3.2,3.5
17985,0.3427,0,NORMAL,18.3,3.9,2.1,2.7
17986,0.3312,0,NORMAL,18.2,4.1,3.3,4.3
17987,0.3849,0,NORMAL,18.2,3.8,3.3,4.1
17988,0.3308,0,NORMAL,18.2,3.8,3.0,3.6
17989,0.3186,0,NORMAL,18.1,3.4,2.8,3.8
17990,0.2661,0,NORMAL,17.9,3.6,2.9,2.8
17991,0.2674,0,NORMAL,18.2,3.9,3.3,3.8
17992,0.2666,0,NORMAL,18.1,4.2,2.9,3.5
17993,0.2921,0,NORMAL,18.1,4.2,3.8,3.7
17994,0.3309,0,NORMAL,18.0,2.8,2.1,2.8
17995,0.3449,0,NORMAL,18.1,4.2,3.4,3.8
17996,0.3318,0,NORMAL,18.2,4.0,3.3,3.5
17997,0.3858,0,NORMAL,18.2,4.9,3.4,4.3
17998,0.3297,0,NORMAL,18.3,3.1,2.0,2.6
17999,0.3314,0,NORMAL,18.3,3.7,2.8,3.7
18000,0.3311,0,NORMAL,18.3,3.2,2.3,2.8
18001,0.3562,0,NORMAL,18.3,4.1,3.9,3.8
18002,0.3686,0,NORMAL,18.5,3.8,3.6,3.8
18003,0.3315,0,NORMAL,18.4,3.9,3.7,3.8
18004,0.4189,0,NORMAL,18.3,4.9,2.8,3.3
18005,0.3463,0,NORMAL,18.0,2.1,2.0,2.9
18006,0.3331,0,NORMAL,18.3,3.9,2.5,2.8
18007,0.357,0,NORMAL,18.4,3.4,2.1,4.0
18008,0.3444,0,NORMAL,18.2,4.0,2.2,3.3
18009,0.3443,0,NORMAL,18.3,4.3,3.5,4.0
18010,0.3433,0,NORMAL,18.3,3.8,3.3,3.3
18011,0.3315,0,NORMAL,18.1,3.8,1.9,3.0
18012,0.3307,0,NORMAL,18.3,2.8,2.0,2.3
18013,0.3319,0,NORMAL,18.3,3.6,1.9,2.2
18014,0.319,0,NORMAL,18.0,2.7,1.8,2.3
18015,0.3326,0,NORMAL,18.3,3.4,2.8,2.9
18016,0.3572,0,NORMAL,18.4,3.4,2.4,2.6
18017,0.3576,0,NORMAL,18.2,3.6,2.5,2.4
18018,0.3572,0,NORMAL,18.4,3.4,3.0,2.6
18019,0.3581,0,NORMAL,18.4,3.9,2.7,2.9
18020,0.3686,0,NORMAL,18.5,3.4,2.7,3.0
18021,0.85,0,WARNING,18.7,4.2,3.1,3.4
18022,0.3682,0,NORMAL,18.3,3.2,2.4,2.3
18023,0.381,0,NORMAL,18.5,3.4,2.2,2.3
18024,0.7348,0,WARNING,18.3,6.2,2.3,2.8
18025,0.3638,0,NORMAL,18.2,2.9,2.3,2.6
18026,0.3554,0,NORMAL,18.3,4.3,2.0,2.5
18027,0.3545,0,NORMAL,18.2,3.6,2.7,3.1
18028,0.3559,0,NORMAL,18.4,3.6,2.4,2.6
18029,0.344,0,NORMAL,18.3,2.9,1.8,2.1
18030,0.343,0,NORMAL,18.1,3.3,2.6,2.6
18031,0.3199,0,NORMAL,18.3,3.4,2.3,2.8
18032,0.3466,0,NORMAL,18.2,2.2,1.3,1.5
18033,0.3581,0,NORMAL,18.2,3.1,1.7,2.1
18034,0.358,0,NORMAL,18.4,3.5,1.6,2.1
18035,0.3695,0,NORMAL,18.3,3.5,2.2,2.1
18036,0.9992,0,ANOMALY,19.3,5.2,3.3,3.4
18037,0.3676,0,NORMAL,18.1,3.1,1.7,3.2
18038,0.3687,0,NORMAL,18.4,3.2,2.3,2.8
18039,0.3919,0,NORMAL,18.3,3.6,2.4,2.3
18040,0.3688,0,NORMAL,18.4,3.0,2.0,2.0
18041,0.4349,0,NORMAL,18.5,5.8,2.0,1.9
18042,0.3428,0,NORMAL,18.3,3.3,2.2,2.1
18043,0.3321,0,NORMAL,18.2,3.1,1.6,1.8
18044,0.557,0,NORMAL,18.1,4.2,2.0,1.9
18045,0.2683,0,NORMAL,18.0,2.6,1.8,2.4
18046,0.2683,0,NORMAL,18.1,3.3,2.4,2.8
18047,0.2812,0,NORMAL,18.2,3.3,1.9,2.1
18048,0.3268,0,NORMAL,18.3,4.1,2.4,2.6
18049,0.5211,0,NORMAL,18.0,2.4,2.3,2.5
18050,0.3206,0,NORMAL,18.3,2.9,2.3,2.3
18051,0.8549,0,WARNING,18.6,3.5,1.8,2.4
18052,0.294,0,NORMAL,18.1,3.0,1.3,1.8
18053,0.2805,0,NORMAL,18.0,2.7,1.1,1.8
18054,0.297,0,NORMAL,18.1,2.7,1.8,1.9
18055,0.3125,0,NORMAL,18.2,3.1,2.3,2.3
18056,0.3018,0,NORMAL,18.1,4.3,2.0,2.0
18057,0.2826,0,NORMAL,18.1,3.1,2.0,2.3
18058,0.3092,0,NORMAL,17.9,2.4,0.9,1.1
18059,0.321,0,NORMAL,17.9,3.1,1.3,1.8
18060,0.337,0,NORMAL,18.0,3.5,2.5,2.1
18061,0.2943,0,NORMAL,18.0,3.0,1.4,1.6
18062,0.304,0,NORMAL,17.9,3.2,2.1,2.1
18063,0.3047,0,NORMAL,17.8,2.2,1.5,1.6
18064,0.4206,0,NORMAL,18.1,4.3,2.1,2.3
18065,0.3539,0,NORMAL,17.8,2.6,1.5,1.8
18066,0.8568,0,WARNING,18.3,3.3,1.3,1.8
18067,0.298,0,NORMAL,18.1,3.4,1.9,3.1
18068,0.2948,0,NORMAL,18.1,2.8,2.1,2.0
18069,0.309,0,NORMAL,18.1,3.3,2.0,2.3
18070,0.333,0,NORMAL,18.0,2.4,1.1,1.5
18071,0.334,0,NORMAL,18.3,3.6,1.5,1.8
18072,0.3205,0,NORMAL,18.0,3.0,1.0,1.5
18073,0.3326,0,NORMAL,18.2,2.7,1.5,1.6
18074,0.3459,0,NORMAL,18.3,3.6,1.4,1.8
18075,0.3837,0,NORMAL,18.1,2.7,2.0,2.1
18076,0.3214,0,NORMAL,18.3,3.6,1.7,1.6
18077,0.308,0,NORMAL,18.3,3.3,1.6,1.9
18078,0.8551,0,WARNING,18.5,3.2,1.6,1.9
18079,0.7444,0,WARNING,18.4,6.0,1.5,1.6
18080,0.2891,0,NORMAL,18.1,3.2,1.9,1.9
18081,0.2921,0,NORMAL,18.1,3.3,1.5,1.8
18082,0.2936,0,NORMAL,17.9,2.7,1.7,1.8
18083,0.306,0,NORMAL,18.1,2.8,1.3,1.8
18084,0.3211,0,NORMAL,18.2,3.0,1.8,1.7
18085,0.3333,0,NORMAL,18.2,3.4,1.2,1.3
18086,0.3331,0,NORMAL,18.3,3.1,1.8,1.8
18087,0.3334,0,NORMAL,18.4,4.3,2.0,1.7
18088,0.3189,0,NORMAL,18.2,3.2,1.5,1.6
18089,0.3204,0,NORMAL,18.3,3.1,1.4,1.3
18090,0.3204,0,NORMAL,18.2,2.7,1.8,2.1
18091,0.3209,0,NORMAL,18.2,3.1,1.6,1.4
18092,0.3247,0,NORMAL,18.0,2.7,1.8,2.0
18093,0.3221,0,NORMAL,18.2,3.3,1.4,1.3
18094,0.325,0,NORMAL,18.3,3.5,2.2,2.5
18095,0.3076,0,NORMAL,18.3,2.9,1.4,1.6
18096,0.8557,0,WARNING,18.3,3.8,1.8,1.6
18097,0.3089,0,NORMAL,17.9,2.7,1.1,2.5
18098,0.3005,0,NORMAL,18.2,3.1,1.3,1.8
18099,0.3082,0,NORMAL,18.1,2.4,1.4,1.8
18100,0.3216,0,NORMAL,18.2,4.0,1.6,1.6
18101,0.3908,0,NORMAL,17.9,4.0,2.0,1.8
18102,0.3072,0,NORMAL,18.0,3.1,1.8,1.9
18103,0.3205,0,NORMAL,18.2,3.2,1.6,1.4
18104,0.3211,0,NORMAL,18.1,2.4,1.3,1.6
18105,0.3329,0,NORMAL,18.1,3.1,1.2,1.3
18106,0.3339,0,NORMAL,18.4,2.9,1.3,1.6
18107,0.3462,0,NORMAL,18.3,3.4,1.4,1.6
18108,0.3457,0,NORMAL,18.5,2.1,1.2,1.3
18109,0.3475,0,NORMAL,18.3,3.3,1.2,1.3
18110,0.3332,0,NORMAL,18.4,2.5,1.4,1.4
18111,0.8595,0,WARNING,18.6,4.0,1.5,1.8
18112,0.3213,0,NORMAL,18.3,3.7,1.1,1.3
18113,0.3086,0,NORMAL,18.1,2.0,0.7,1.1
18114,0.3516,0,NORMAL,18.3,2.3,0.8,1.1
18115,0.3403,0,NORMAL,18.1,2.8,1.4,1.3
18116,0.347,0,NORMAL,18.2,3.5,1.0,1.1
18117,0.3332,0,NORMAL,18.3,3.6,1.4,1.6
18118,0.3326,0,NORMAL,18.3,3.4,1.6,1.6
18119,0.4088,0,NORMAL,18.0,2.3,1.3,1.5
18120,0.3533,0,NORMAL,18.3,3.6,1.5,1.3
18121,0.3453,0,NORMAL,18.4,2.5,1.6,1.4
18122,0.3468,0,NORMAL,18.1,2.8,1.5,1.4
18123,0.3438,0,NORMAL,18.3,2.8,1.2,1.5
18124,0.3391,0,NORMAL,18.1,3.0,1.4,1.6
18125,0.3402,0,NORMAL,17.8,2.5,0.8,0.9
18126,0.8597,0,WARNING,18.2,3.2,0.9,1.0
18127,0.3537,0,NORMAL,17.7,2.7,1.4,2.6
18128,0.3222,0,NORMAL,18.0,3.0,1.3,1.4
18129,0.3302,0,NORMAL,18.0,2.4,0.9,1.1
18130,0.3465,0,NORMAL,18.1,2.8,1.1,1.3
18131,0.3447,0,NORMAL,18.2,4.1,2.6,2.6
18132,0.3031,0,NORMAL,18.0,3.7,1.5,1.6
18133,0.3067,0,NORMAL,18.3,2.9,1.3,1.6
18134,0.3502,0,NORMAL,18.2,3.0,1.3,0.8
18135,0.3403,0,NORMAL,18.0,2.2,1.1,1.3
18136,0.3506,0,NORMAL,18.0,2.7,1.2,1.0
18137,0.3537,0,NORMAL,18.4,3.0,1.2,1.1
18138,0.3587,0,NORMAL,18.4,2.3,1.2,1.1
18139,0.7216,0,WARNING,18.3,5.3,1.0,1.3
18140,0.3663,0,NORMAL,18.4,2.7,1.1,1.3
18141,0.3679,0,NORMAL,18.5,3.4,2.1,2.1
18142,0.357,0,NORMAL,18.3,2.5,1.1,1.3
18143,0.3586,0,NORMAL,18.5,3.0,0.9,0.6
18144,0.3587,0,NORMAL,18.3,2.0,0.7,0.6
18145,0.3659,0,NORMAL,18.3,3.4,1.0,1.5
18146,0.3576,0,NORMAL,18.5,2.3,1.0,1.1
18147,0.3587,0,NORMAL,18.5,3.4,1.0,1.0
18148,0.3458,0,NORMAL,18.3,3.3,1.2,1.1
18149,0.3418,0,NORMAL,18.1,2.7,1.2,1.3
18150,0.3395,0,NORMAL,18.0,2.6,1.5,1.6
18151,0.3385,0,NORMAL,18.1,2.6,1.1,1.5
18152,0.3394,0,NORMAL,18.3,2.9,1.3,1.1
18153,0.3444,0,NORMAL,18.2,3.0,1.2,1.1
18154,0.3497,0,NORMAL,18.0,3.3,1.5,1.3
18155,0.3466,0,NORMAL,18.1,2.6,0.8,0.9
18156,0.8577,0,WARNING,17.5,3.8,2.2,1.7
18157,0.3442,0,NORMAL,15.6,2.4,1.2,2.8
18158,0.3441,0,NORMAL,15.5,3.1,1.0,0.9
18159,0.375,0,NORMAL,15.5,3.3,1.6,1.2
18160,0.3921,0,NORMAL,15.2,3.2,1.1,1.3
18161,0.4078,0,NORMAL,15.4,3.4,1.6,1.8
18162,0.3965,0,NORMAL,15.4,3.3,1.1,1.3
18163,0.4032,0,NORMAL,15.4,2.6,0.7,0.6
18164,0.42,0,NORMAL,15.3,2.9,1.2,1.3
18165,0.4185,0,NORMAL,15.8,2.5,1.1,1.5
18166,0.4138,0,NORMAL,15.7,2.5,0.9,1.1
18167,0.417,0,NORMAL,16.1,2.7,1.1,1.3
18168,0.4109,0,NORMAL,16.2,2.8,0.9,1.3
18169,0.3955,0,NORMAL,15.9,2.9,1.2,1.3
18170,0.3994,0,NORMAL,16.2,3.2,1.8,1.4
18171,0.9774,0,WARNING,16.8,3.5,1.7,1.8
18172,0.3749,0,NORMAL,16.4,3.1,1.4,1.8
18173,0.3697,0,NORMAL,16.7,3.1,1.2,1.5
18174,0.3662,0,NORMAL,16.9,2.8,1.6,1.6
18175,0.37,0,NORMAL,16.8,3.3,1.7,1.5
18176,0.3619,0,NORMAL,16.7,3.8,1.5,1.4
18177,0.3588,0,NORMAL,16.7,3.2,1.4,1.1
18178,0.3719,0,NORMAL,17.0,3.2,1.2,1.3
18179,0.364,0,NORMAL,16.8,2.3,1.0,1.3
18180,0.3728,0,NORMAL,17.0,3.4,1.5,1.6
18181,0.356,0,NORMAL,17.0,2.4,1.5,1.4
18182,0.3757,0,NORMAL,16.8,2.8,1.1,1.0
18183,0.3797,0,NORMAL,17.2,2.8,1.0,0.9
18184,0.3878,0,NORMAL,17.3,3.4,0.9,0.6
18185,0.3821,0,NORMAL,17.0,3.0,0.8,0.6
18186,0.8659,0,WARNING,17.4,2.9,1.0,0.9
18187,0.3868,0,NORMAL,17.2,3.3,1.0,2.3
18188,0.344,0,NORMAL,17.4,2.8,1.1,1.3
18189,0.3518,0,NORMAL,17.1,2.7,0.7,0.6
18190,0.3723,0,NORMAL,17.2,3.2,1.3,1.6
18191,0.3534,0,NORMAL,17.4,3.3,1.1,1.2
18192,0.3553,0,NORMAL,17.2,2.6,0.8,0.6
18193,0.3769,0,NORMAL,17.3,3.0,1.6,1.6
18194,0.3662,0,NORMAL,17.3,2.4,1.0,1.0
18195,0.3779,0,NORMAL,17.6,2.3,0.9,1.2
18196,0.3798,0,NORMAL,17.7,3.3,1.8,1.7
18197,0.3565,0,NORMAL,17.8,2.8,1.3,1.5
18198,0.3465,0,NORMAL,17.7,3.0,1.4,1.3
18199,0.3458,0,NORMAL,17.9,3.5,1.7,1.5
18200,0.7695,0,WARNING,18.0,6.0,0.9,0.9
18201,0.9986,0,ANOMALY,18.5,16.6,1.6,1.9
18202,0.3133,0,NORMAL,17.7,2.4,1.1,0.9
18203,0.311,0,NORMAL,17.9,2.8,1.3,1.6
18204,0.6945,0,WARNING,18.2,5.5,1.0,0.6
18205,0.3234,0,NORMAL,17.9,3.6,1.3,1.1
18206,0.3274,0,NORMAL,18.2,2.8,1.7,1.4
18207,0.3216,0,NORMAL,18.2,3.4,1.0,0.9
18208,0.3364,0,NORMAL,18.3,3.4,1.6,1.4
18209,0.3339,0,NORMAL,18.0,2.1,1.0,1.3
18210,0.4268,0,NORMAL,18.0,2.7,0.8,0.6
18211,0.3557,0,NORMAL,18.2,2.3,1.3,1.8
18212,0.3594,0,NORMAL,18.3,2.7,1.1,1.5
18213,0.3708,0,NORMAL,18.3,3.0,1.0,1.0
18214,0.3703,0,NORMAL,18.1,3.8,1.3,1.3
18215,0.3809,0,NORMAL,18.4,2.7,1.1,1.5
18216,0.8536,0,WARNING,18.6,3.8,1.2,1.3
18217,0.357,0,NORMAL,18.2,3.7,1.5,2.4
18218,0.3446,0,NORMAL,18.4,3.9,1.7,1.6
18219,0.3564,0,NORMAL,18.2,3.0,1.1,1.1
18220,0.381,0,NORMAL,18.3,3.0,0.7,0.8
18221,0.3806,0,NORMAL,18.4,3.4,1.5,1.4
18222,0.4472,0,NORMAL,18.4,4.6,1.1,1.3
18223,0.3548,0,NORMAL,18.5,3.0,0.9,1.0
18224,0.3557,0,NORMAL,18.2,2.9,0.8,1.1
18225,0.3568,0,NORMAL,18.2,3.3,1.5,1.6
18226,0.3804,0,NORMAL,18.1,2.4,1.0,0.9
18227,0.3385,0,NORMAL,18.3,3.4,1.1,1.3
18228,0.3501,0,NORMAL,18.3,3.2,1.2,0.8
18229,0.343,0,NORMAL,18.4,3.0,0.9,1.0
18230,0.3449,0,NORMAL,18.2,2.9,0.8,1.0
18231,0.3439,0,NORMAL,18.2,3.1,1.1,1.5
18232,0.3311,0,NORMAL,18.0,3.6,1.7,1.6
18233,0.3207,0,NORMAL,18.3,3.1,1.1,1.1
18234,0.3328,0,NORMAL,18.0,2.7,0.7,0.8
18235,0.3575,0,NORMAL,18.3,3.5,1.2,1.5
18236,0.3564,0,NORMAL,18.1,3.5,1.4,1.3
18237,0.4565,0,NORMAL,18.0,3.4,1.1,1.5
18238,0.3678,0,NORMAL,18.4,2.9,1.0,1.5
18239,0.3679,0,NORMAL,18.2,2.7,1.0,1.3
18240,0.3691,0,NORMAL,18.4,3.0,1.0,1.2
18241,0.3571,0,NORMAL,18.2,3.4,1.1,1.3
18242,0.3566,0,NORMAL,18.2,3.3,1.7,1.4
18243,0.3577,0,NORMAL,18.4,3.1,1.1,1.3
18244,0.3451,0,NORMAL,18.1,3.5,2.1,2.0
18245,0.3202,0,NORMAL,18.1,4.0,2.2,2.1
18246,0.8511,0,WARNING,18.5,3.6,1.6,1.4
18247,0.3446,0,NORMAL,18.1,3.4,1.4,2.6
18248,0.3577,0,NORMAL,18.4,3.3,0.9,1.2
18249,0.3688,0,NORMAL,18.2,3.2,1.0,1.5
18250,0.3688,0,NORMAL,18.2,3.4,1.1,1.3
18251,0.3686,0,NORMAL,18.5,4.2,1.5,1.3
18252,0.3552,0,NORMAL,18.4,3.0,1.5,1.8
18253,0.344,0,NORMAL,18.5,4.1,2.2,2.1
18254,0.3314,0,NORMAL,18.2,2.9,0.8,0.8
18255,0.332,0,NORMAL,18.4,3.4,1.3,1.3
18256,0.3446,0,NORMAL,18.2,3.3,1.7,1.4
18257,0.3454,0,NORMAL,18.5,3.5,1.7,1.4
18258,0.3451,0,NORMAL,18.5,3.7,1.4,1.6
18259,0.8277,0,WARNING,18.4,6.2,1.0,1.1
18260,0.3513,0,NORMAL,18.1,2.4,0.9,0.8
18261,0.85,0,WARNING,18.7,4.2,2.0,2.2
18262,0.3547,0,NORMAL,18.5,3.3,1.5,1.6
18263,0.3674,0,NORMAL,18.5,3.3,1.2,1.3
18264,0.3796,0,NORMAL,18.3,3.2,1.1,1.3
18265,0.3922,0,NORMAL,18.3,3.0,1.0,0.7
18266,0.4833,0,NORMAL,18.5,5.2,1.9,1.4
18267,0.367,0,NORMAL,18.6,4.2,1.6,1.6
18268,0.3552,0,NORMAL,18.5,3.9,1.5,1.8
18269,0.3675,0,NORMAL,18.6,3.1,1.0,1.1
18270,0.3797,0,NORMAL,18.5,4.5,2.0,1.7
18271,0.4022,0,NORMAL,18.5,3.2,1.9,1.7
18272,0.4358,0,NORMAL,18.9,4.5,2.9,2.9
18273,0.8478,0,WARNING,19.0,4.8,2.0,2.0
18274,0.4453,0,NORMAL,18.5,4.1,1.6,1.4
18275,0.4449,0,NORMAL,18.4,3.1,1.2,1.5
18276,0.8485,0,WARNING,18.9,3.9,1.9,2.2
18277,0.4241,0,NORMAL,18.7,4.0,2.2,3.3
18278,0.3911,0,NORMAL,18.5,3.9,1.5,1.8
18279,0.402,0,NORMAL,18.6,3.1,1.7,2.0
18280,0.4026,0,NORMAL,18.5,4.2,2.3,2.3
18281,0.3794,0,NORMAL,18.3,4.3,2.0,2.1
18282,0.3665,0,NORMAL,18.5,4.0,2.0,2.0
18283,0.3547,0,NORMAL,18.4,3.6,1.3,1.3
18284,0.3434,0,NORMAL,18.4,3.2,1.1,1.3
18285,0.344,0,NORMAL,18.4,3.1,1.8,1.9
18286,0.3322,0,NORMAL,18.2,4.1,2.5,2.6
18287,0.4164,0,NORMAL,18.1,3.9,2.0,2.1
18288,0.3318,0,NORMAL,18.5,4.1,2.6,2.6
18289,0.3187,0,NORMAL,18.4,4.2,2.6,2.5
18290,0.3306,0,NORMAL,18.3,3.5,2.4,2.1
18291,0.8497,0,WARNING,18.6,4.3,2.4,2.6
18292,0.7802,0,WARNING,18.5,6.7,2.4,3.1
18293,0.9898,0,WARNING,18.4,11.7,1.6,2.1
18294,0.9815,0,WARNING,18.4,11.1,2.1,2.1
18295,0.9897,0,WARNING,18.5,12.6,2.3,2.3
18296,0.992,0,ANOMALY,18.4,13.0,2.0,1.9
18297,0.9886,0,WARNING,18.6,12.3,2.2,2.1
18298,0.9884,0,WARNING,18.7,12.2,1.9,1.6
18299,0.9881,0,WARNING,18.8,12.7,2.2,2.2
18300,0.9859,0,WARNING,18.6,11.7,2.1,2.5
18301,0.9893,0,WARNING,18.5,12.1,1.8,2.3
18302,0.9888,0,WARNING,18.4,12.1,2.0,2.5
18303,0.9872,0,WARNING,18.7,12.2,2.4,2.6
18304,0.9882,0,WARNING,18.8,12.6,2.6,3.1
18305,0.9892,0,WARNING,18.7,12.2,1.8,2.3
18306,0.9888,0,WARNING,19.1,13.2,2.2,2.3
18307,0.9886,0,WARNING,18.7,13.1,2.9,4.3
18308,0.9877,0,WARNING,18.7,12.3,2.0,2.5
18309,0.9898,0,WARNING,18.8,12.8,2.4,2.6
18310,0.9898,0,WARNING,18.6,12.3,2.2,3.0
18311,0.9932,0,ANOMALY,18.8,13.9,3.2,3.1
18312,0.9898,0,WARNING,18.8,13.1,3.1,3.3
18313,0.9874,0,WARNING,18.5,12.2,2.3,2.2
18314,0.992,0,ANOMALY,18.7,12.8,2.0,2.3
18315,0.9883,0,WARNING,18.6,12.1,1.9,2.5
18316,0.9898,0,WARNING,18.4,12.5,2.3,2.1
18317,0.9893,0,WARNING,18.6,12.6,2.1,2.5
18318,0.988,0,WARNING,18.6,12.6,2.4,2.6
18319,0.9156,0,WARNING,18.5,8.5,2.3,2.3
18320,0.2905,0,NORMAL,18.3,3.6,2.3,2.3
18321,0.3042,0,NORMAL,18.5,4.2,2.3,2.3
18322,0.3237,0,NORMAL,18.2,3.5,1.8,1.9
18323,0.3278,0,NORMAL,18.5,3.7,2.5,2.4
18324,0.7762,0,WARNING,18.6,6.8,2.8,3.0
18325,0.337,0,NORMAL,18.5,4.1,2.2,3.0
18326,0.365,0,NORMAL,18.5,5.6,3.1,2.5
18327,0.3516,0,NORMAL,18.6,4.2,2.7,2.6
18328,0.3531,0,NORMAL,18.6,4.1,2.2,2.6
18329,0.3539,0,NORMAL,18.6,4.8,3.3,3.1
18330,0.3539,0,NORMAL,18.6,3.0,2.3,2.5
18331,0.3554,0,NORMAL,18.5,4.7,3.5,3.6
18332,0.3425,0,NORMAL,18.3,3.8,2.6,3.1
18333,0.8451,0,WARNING,18.7,5.8,2.5,2.6
18334,0.2913,0,NORMAL,18.2,4.3,3.3,3.6
18335,0.2913,0,NORMAL,18.4,3.9,2.9,3.3
18336,0.8463,0,WARNING,18.6,4.7,2.9,3.2
18337,0.2778,0,NORMAL,18.2,4.2,2.7,4.5
18338,0.2911,0,NORMAL,18.4,3.9,2.7,2.9
18339,0.3181,0,NORMAL,18.5,5.0,3.2,3.1
18340,0.3294,0,NORMAL,18.3,3.9,2.7,2.7
18341,0.6368,0,WARNING,18.6,6.5,4.0,4.2
18342,0.3262,0,NORMAL,18.5,3.9,3.4,3.6
18343,0.3409,0,NORMAL,18.6,4.4,2.7,3.1
18344,0.3535,0,NORMAL,18.4,3.8,3.1,3.1
18345,0.367,0,NORMAL,18.6,4.8,2.8,2.7
18346,0.3549,0,NORMAL,18.7,4.0,2.7,3.2
18347,0.336,0,NORMAL,18.5,4.7,3.8,5.0
18348,0.3301,0,NORMAL,18.6,4.6,2.9,3.2
18349,0.3298,0,NORMAL,18.4,4.0,2.7,2.6
18350,0.3305,0,NORMAL,18.3,4.1,3.9,4.3
18351,0.8424,0,WARNING,18.8,5.1,3.8,4.0
18352,0.342,0,NORMAL,18.6,4.9,3.6,4.3
18353,0.3409,0,NORMAL,18.6,4.9,3.9,3.8
18354,0.3534,0,NORMAL,18.4,4.2,3.1,3.3
18355,0.3778,0,NORMAL,18.7,4.5,3.7,3.9
18356,0.4369,0,NORMAL,18.7,5.7,4.6,5.2
18357,0.3985,0,NORMAL,18.6,4.5,3.8,4.0
18358,0.3886,0,NORMAL,18.7,5.4,4.0,4.1
18359,0.3885,0,NORMAL,18.7,4.2,3.4,3.8
18360,0.3889,0,NORMAL,18.6,5.0,4.1,4.0
18361,0.3655,0,NORMAL,18.7,4.5,4.1,4.3
18362,0.3295,0,NORMAL,18.6,5.7,5.4,5.0
18363,0.3294,0,NORMAL,18.4,4.7,4.0,4.6
18364,0.3416,0,NORMAL,18.6,4.7,3.6,3.4
18365,0.3413,0,NORMAL,18.4,4.6,3.8,3.7
18366,0.342,0,NORMAL,18.7,5.9,5.0,5.1
18367,0.3403,0,NORMAL,18.4,4.8,5.1,6.4
18368,0.3538,0,NORMAL,18.6,4.3,3.7,3.9
18369,0.3779,0,NORMAL,18.8,5.4,4.6,5.1
18370,0.376,0,NORMAL,18.5,4.9,4.3,4.6
18371,0.3765,0,NORMAL,18.7,5.6,4.3,4.2
18372,0.4142,0,NORMAL,18.7,6.0,4.3,4.4
18373,0.3267,0,NORMAL,18.7,4.6,3.6,4.7
18374,0.3273,0,NORMAL,18.6,4.2,3.2,3.1
18375,0.3408,0,NORMAL,18.5,4.0,3.3,4.0
18376,0.3656,0,NORMAL,18.8,4.5,4.0,3.9
18377,0.4004,0,NORMAL,18.9,5.9,5.7,4.8
18378,0.4,0,NORMAL,18.7,5.3,5.4,5.2
18379,0.389,0,NORMAL,18.6,5.5,4.5,4.2
18380,0.7885,0,WARNING,18.8,8.1,4.7,4.4
18381,0.8209,0,WARNING,19.0,6.2,5.5,5.2
18382,0.3495,0,NORMAL,18.8,4.4,4.7,4.9
18383,0.3394,0,NORMAL,18.9,5.5,4.3,4.6
18384,0.3515,0,NORMAL,18.6,4.7,4.0,4.2
18385,0.3762,0,NORMAL,19.0,5.6,5.9,6.0
18386,0.5263,0,NORMAL,18.8,7.3,4.1,4.3
18387,0.3504,0,NORMAL,18.8,5.6,4.7,4.8
18388,0.3512,0,NORMAL,18.6,5.2,5.7,5.1
18389,0.3533,0,NORMAL,18.5,4.3,3.2,3.5
18390,0.3416,0,NORMAL,18.6,5.3,3.5,3.8
18391,0.3154,0,NORMAL,18.5,5.5,5.8,6.3
18392,0.3159,0,NORMAL,18.6,5.2,4.2,4.4
18393,0.3405,0,NORMAL,18.8,5.4,5.1,5.7
18394,0.3995,0,NORMAL,18.9,6.1,4.9,4.7
18395,0.4098,0,NORMAL,19.0,5.2,4.6,5.0
18396,0.8327,0,WARNING,19.1,5.6,4.7,4.5
18397,0.3524,0,NORMAL,18.6,5.2,5.0,6.6
18398,0.3281,0,NORMAL,18.7,5.7,5.0,5.8
18399,0.3145,0,NORMAL,18.5,5.3,4.5,4.7
18400,0.3277,0,NORMAL,18.7,6.0,5.5,5.4
18401,0.4659,0,NORMAL,18.6,6.1,4.8,5.3
18402,0.3507,0,NORMAL,18.6,5.6,5.5,4.7
18403,0.3521,0,NORMAL,18.8,4.9,4.1,4.8
18404,0.3523,0,NORMAL,18.8,5.0,4.2,4.3
18405,0.3524,0,NORMAL,18.8,5.0,5.2,4.8
18406,0.3412,0,NORMAL,18.8,5.4,4.8,5.3
18407,0.34,0,NORMAL,18.7,5.9,6.1,6.1
18408,0.3278,0,NORMAL,18.6,5.0,4.9,5.1
18409,0.3161,0,NORMAL,18.5,6.1,5.5,5.6
18410,0.3016,0,NORMAL,18.7,5.0,5.4,5.6
18411,0.3141,0,NORMAL,18.7,4.6,4.7,5.6
18412,0.2892,0,NORMAL,18.6,6.4,6.2,6.6
18413,0.2874,0,NORMAL,18.6,4.8,5.1,6.0
18414,0.3272,0,NORMAL,18.7,5.9,5.3,5.2
18415,0.3633,0,NORMAL,18.8,5.2,5.8,5.5
18416,0.5939,0,NORMAL,19.0,8.0,6.1,5.3
18417,0.3733,0,NORMAL,18.7,4.4,4.1,5.0
18418,0.3516,0,NORMAL,19.0,6.0,5.8,5.8
18419,0.3142,0,NORMAL,18.5,4.7,4.6,5.4
18420,0.3272,0,NORMAL,18.6,5.8,6.1,5.6
18421,0.3283,0,NORMAL,18.9,5.9,6.1,5.9
18422,0.4388,0,NORMAL,18.9,7.5,6.7,5.3
18423,0.3274,0,NORMAL,18.8,5.7,5.6,4.8
18424,0.3282,0,NORMAL,18.8,5.6,5.0,6.0
18425,0.4742,0,NORMAL,18.6,5.4,5.7,5.8
18426,0.3142,0,NORMAL,18.7,5.4,5.7,6.3
18427,0.3271,0,NORMAL,18.6,6.3,6.6,7.9
18428,0.3273,0,NORMAL,18.7,5.9,5.1,4.5
18429,0.3274,0,NORMAL,18.6,5.2,4.7,5.1
18430,0.3647,0,NORMAL,18.9,6.0,5.4,5.5
18431,0.3871,0,NORMAL,18.7,5.0,4.3,4.4
18432,0.5545,0,NORMAL,18.9,6.9,4.4,4.1
18433,0.386,0,NORMAL,19.0,5.7,5.7,5.4
18434,0.3871,0,NORMAL,18.9,5.2,3.8,3.9
18435,0.3767,0,NORMAL,18.9,6.0,5.5,5.2
18436,0.3761,0,NORMAL,18.6,5.1,5.2,5.6
18437,0.3529,0,NORMAL,18.6,4.5,3.7,4.1
18438,0.3653,0,NORMAL,18.9,5.6,5.1,5.1
18439,0.3653,0,NORMAL,18.9,5.7,5.0,4.9
18440,0.3404,0,NORMAL,18.9,6.5,6.4,6.2
18441,0.8297,0,WARNING,19.0,5.8,4.3,4.8
18442,0.3268,0,NORMAL,18.6,5.2,4.8,5.1
18443,0.3276,0,NORMAL,18.8,4.6,4.8,5.5
18444,0.8056,0,WARNING,19.0,8.3,4.4,4.7
18445,0.3595,0,NORMAL,18.7,4.9,4.1,3.9
18446,0.3505,0,NORMAL,18.7,5.8,5.4,5.0
18447,0.3388,0,NORMAL,19.0,5.8,5.1,5.1
18448,0.3625,0,NORMAL,18.9,5.3,5.1,5.3
18449,0.363,0,NORMAL,18.7,5.4,4.6,5.6
18450,0.3635,0,NORMAL,18.7,4.8,5.4,5.5
18451,0.4529,0,NORMAL,19.3,5.2,5.0,5.1
18452,0.463,0,NORMAL,19.2,3.9,3.9,4.5
18453,0.3891,0,NORMAL,19.0,5.5,5.5,4.9
18454,0.3887,0,NORMAL,19.0,5.7,5.1,5.1
18455,0.376,0,NORMAL,19.0,5.2,4.9,4.7
18456,0.3646,0,NORMAL,18.9,5.7,5.4,5.4
18457,0.353,0,NORMAL,19.0,7.0,7.1,8.0
18458,0.3268,0,NORMAL,18.8,6.0,5.4,4.2
18459,0.3529,0,NORMAL,18.8,4.7,4.5,4.6
18460,0.4257,0,NORMAL,19.0,6.3,5.3,5.8
18461,0.3626,0,NORMAL,18.9,5.0,3.7,4.9
18462,0.3508,0,NORMAL,18.7,5.5,5.3,5.6
18463,0.3512,0,NORMAL,19.0,6.9,6.6,5.8
18464,0.3266,0,NORMAL,18.7,4.9,4.9,5.5
18465,0.3273,0,NORMAL,18.7,4.4,4.1,4.3
18466,0.3411,0,NORMAL,18.7,4.3,3.7,4.2
18467,0.3538,0,NORMAL,19.0,5.3,5.1,4.9
18468,0.3767,0,NORMAL,19.1,6.4,5.7,5.5
18469,0.3761,0,NORMAL,18.9,5.9,6.6,6.2
18470,0.3405,0,NORMAL,18.8,4.9,4.4,4.6
18471,0.8344,0,WARNING,19.1,5.2,4.2,5.7
18472,0.3392,0,NORMAL,18.7,4.4,4.3,5.4
18473,0.364,0,NORMAL,19.0,5.7,5.4,5.4
18474,0.3763,0,NORMAL,19.0,5.5,5.0,5.8
18475,0.3754,0,NORMAL,18.8,5.4,5.2,6.2
18476,0.4662,0,NORMAL,18.8,5.9,4.6,4.6
18477,0.4178,0,NORMAL,18.9,5.6,4.6,5.1
18478,0.3014,0,NORMAL,18.8,6.0,5.5,5.6
18479,0.3014,0,NORMAL,18.8,5.7,5.5,6.0
18480,0.3519,0,NORMAL,18.8,5.2,4.9,5.4
18481,0.3638,0,NORMAL,19.0,5.8,5.2,5.4
18482,0.3517,0,NORMAL,18.7,4.8,4.7,4.7
18483,0.3409,0,NORMAL,18.9,5.8,6.1,5.7
18484,0.3286,0,NORMAL,18.9,6.0,5.4,5.8
18485,0.3275,0,NORMAL,18.9,5.6,5.3,5.3
18486,0.8323,0,WARNING,18.9,5.4,4.1,4.8
18487,0.3146,0,NORMAL,18.6,6.7,7.1,8.2
18488,0.3513,0,NORMAL,19.0,6.3,6.1,4.8
18489,0.3765,0,NORMAL,19.0,4.8,4.2,4.4
18490,0.3768,0,NORMAL,18.8,5.3,4.2,4.6
18491,0.3646,0,NORMAL,19.0,6.4,6.0,5.8
18492,0.3752,0,NORMAL,18.8,5.6,4.4,4.9
18493,0.3632,0,NORMAL,18.9,6.0,6.1,6.6
18494,0.3865,0,NORMAL,18.9,4.7,4.3,5.0
18495,0.4215,0,NORMAL,19.2,4.9,4.3,4.6
18496,0.3994,0,NORMAL,18.9,4.9,4.2,4.4
18497,0.3768,0,NORMAL,18.8,5.1,4.5,4.9
18498,0.388,0,NORMAL,19.1,5.8,5.8,5.5
18499,0.3767,0,NORMAL,19.0,5.1,4.6,5.3
18500,0.7713,0,WARNING,19.0,8.2,5.2,5.9
18501,0.8178,0,WARNING,19.2,5.9,5.4,6.2
18502,0.3606,0,NORMAL,18.9,4.8,5.2,6.3
18503,0.3625,0,NORMAL,18.9,5.8,5.5,5.4
18504,0.3634,0,NORMAL,19.1,6.0,5.0,4.7
18505,0.3636,0,NORMAL,19.0,4.5,3.7,4.2
18506,0.3519,0,NORMAL,19.1,5.5,5.6,5.7
18507,0.3635,0,NORMAL,19.1,5.7,4.9,5.3
18508,0.3631,0,NORMAL,19.1,5.8,5.5,4.9
18509,0.3517,0,NORMAL,19.0,5.0,4.6,4.7
18510,0.3522,0,NORMAL,19.1,5.5,5.6,6.2
18511,0.3397,0,NORMAL,19.0,5.4,4.9,5.5
18512,0.3268,0,NORMAL,18.8,4.7,3.9,3.9
18513,0.3148,0,NORMAL,18.9,6.0,5.3,5.0
18514,0.302,0,NORMAL,18.9,5.7,5.2,5.3
18515,0.301,0,NORMAL,18.8,4.7,4.1,4.1
18516,0.8372,0,WARNING,19.1,4.8,4.4,4.4
18517,0.3533,0,NORMAL,18.8,5.3,5.4,7.1
18518,0.3407,0,NORMAL,19.0,6.0,4.9,5.5
18519,0.3513,0,NORMAL,19.0,4.9,4.7,5.1
18520,0.376,0,NORMAL,19.1,5.5,5.4,5.6
18521,0.3859,0,NORMAL,19.0,5.1,3.6,4.1
18522,0.3507,0,NORMAL,18.9,5.4,4.9,5.8
18523,0.4692,0,NORMAL,19.1,5.3,4.8,6.0
18524,0.3632,0,NORMAL,19.1,5.7,5.0,5.3
18525,0.351,0,NORMAL,18.7,4.7,4.9,5.8
18526,0.3637,0,NORMAL,18.9,5.0,4.9,5.8
18527,0.3643,0,NORMAL,19.0,5.5,4.8,5.3
18528,0.3642,0,NORMAL,19.1,6.0,5.9,6.1
18529,0.3524,0,NORMAL,18.9,4.5,4.5,5.9
18530,0.3521,0,NORMAL,18.9,5.4,5.2,5.3
18531,0.8327,0,WARNING,19.2,6.4,6.0,6.1
18532,0.3264,0,NORMAL,18.7,5.0,4.9,5.3
18533,0.3141,0,NORMAL,18.9,5.6,5.5,5.6
18534,0.3271,0,NORMAL,18.8,5.3,5.6,5.5
18535,0.3409,0,NORMAL,19.0,5.7,4.9,5.3
18536,0.3658,0,NORMAL,18.9,7.3,6.7,6.3
18537,0.3747,0,NORMAL,19.3,6.4,5.6,4.6
18538,0.3978,0,NORMAL,19.2,4.5,4.0,5.0
18539,0.3986,0,NORMAL,19.2,6.3,5.6,5.4
18540,0.4173,0,NORMAL,19.2,5.7,4.2,4.6
18541,0.3989,0,NORMAL,19.3,5.0,4.3,4.9
18542,0.3761,0,NORMAL,19.3,5.8,5.9,6.6
18543,0.3395,0,NORMAL,19.0,5.3,4.7,5.5
18544,0.327,0,NORMAL,19.0,4.9,4.7,5.7
18545,0.3395,0,NORMAL,18.8,5.7,5.9,5.5
18546,0.971,0,WARNING,19.5,7.4,6.3,6.5
18547,0.3385,0,NORMAL,18.9,6.2,6.4,6.7
18548,0.3394,0,NORMAL,19.1,5.7,5.3,3.8
18549,0.3532,0,NORMAL,19.2,5.9,5.6,4.8
18550,0.3644,0,NORMAL,19.2,6.0,5.9,5.5
18551,0.5775,0,NORMAL,18.9,6.7,4.9,5.3
18552,0.3378,0,NORMAL,19.0,5.9,6.4,6.6
18553,0.3391,0,NORMAL,19.2,6.1,5.7,5.3
18554,0.3394,0,NORMAL,18.9,6.5,6.9,4.6
18555,0.3655,0,NORMAL,18.9,5.5,5.4,4.0
18556,0.3779,0,NORMAL,19.0,5.0,4.2,4.8
18557,0.3536,0,NORMAL,19.1,5.2,5.3,5.6
18558,0.3412,0,NORMAL,19.1,6.6,6.1,5.7
18559,0.3758,0,NORMAL,19.0,5.3,5.5,6.3
18560,0.462,0,NORMAL,19.2,6.3,6.9,6.0
18561,0.8295,0,WARNING,19.6,7.0,6.1,4.2
18562,0.3642,0,NORMAL,19.3,5.5,6.1,5.1
18563,0.8331,0,WARNING,19.3,5.9,4.6,5.7
18564,0.7787,0,WARNING,18.9,9.3,6.7,6.5
18565,0.3091,0,NORMAL,18.9,5.8,5.9,4.3
18566,0.3726,0,NORMAL,19.2,6.3,5.4,5.4
18567,0.3497,0,NORMAL,19.3,5.8,5.5,6.3
18568,0.3374,0,NORMAL,19.2,5.8,6.4,5.0
18569,0.3518,0,NORMAL,19.1,4.8,4.1,4.7
18570,0.3397,0,NORMAL,18.9,5.2,5.3,6.1
18571,0.3396,0,NORMAL,18.9,4.8,4.8,5.7
18572,0.3402,0,NORMAL,18.9,5.2,5.0,5.8
18573,0.3526,0,NORMAL,19.1,5.4,4.9,5.5
18574,0.3641,0,NORMAL,19.1,5.9,5.5,6.1
18575,0.3632,0,NORMAL,19.1,5.0,5.3,5.6
18576,0.8289,0,WARNING,19.5,6.5,6.5,6.6
18577,0.3634,0,NORMAL,19.1,5.6,6.6,6.3
18578,0.353,0,NORMAL,19.3,5.8,5.5,4.2
18579,0.3652,0,NORMAL,19.3,5.5,5.2,4.9
18580,0.3768,0,NORMAL,19.2,5.9,5.5,6.5
18581,0.3515,0,NORMAL,19.3,6.8,6.3,5.2
18582,0.3138,0,NORMAL,18.9,5.5,5.1,4.5
18583,0.3833,0,NORMAL,19.3,6.4,6.0,6.6
18584,0.327,0,NORMAL,18.9,5.5,5.3,5.6
18585,0.3271,0,NORMAL,19.0,5.3,5.1,5.8
18586,0.3517,0,NORMAL,19.0,4.6,4.9,5.6
18587,0.3646,0,NORMAL,19.3,5.9,6.1,6.8
18588,0.3636,0,NORMAL,19.2,6.0,4.9,5.6
18589,0.4906,0,NORMAL,19.2,6.5,5.9,6.8
18590,0.3264,0,NORMAL,19.0,4.7,4.6,5.5
18591,0.8302,0,WARNING,19.3,5.9,5.9,6.8
18592,0.3383,0,NORMAL,18.9,4.6,4.7,5.8
18593,0.3518,0,NORMAL,19.3,6.3,6.0,5.9
18594,0.3508,0,NORMAL,19.2,4.7,4.6,5.1
18595,0.3397,0,NORMAL,19.2,4.8,5.0,6.4
18596,0.466,0,NORMAL,19.0,7.0,6.0,5.9
18597,0.3376,0,NORMAL,19.1,5.2,4.7,4.7
18598,0.3396,0,NORMAL,19.2,6.0,5.5,6.8
18599,0.3506,0,NORMAL,19.0,5.2,4.5,5.3
18600,0.3516,0,NORMAL,19.0,5.4,6.0,6.2
18601,0.3525,0,NORMAL,19.0,4.8,4.7,5.6
18602,0.3522,0,NORMAL,19.0,4.6,4.7,5.6
18603,0.353,0,NORMAL,19.2,5.6,5.7,5.5
18604,0.3525,0,NORMAL,19.0,5.7,5.3,6.1
18605,0.3401,0,NORMAL,19.1,5.6,5.6,6.4
18606,0.8291,0,WARNING,19.3,6.3,5.0,5.8
18607,0.3383,0,NORMAL,19.3,5.4,6.1,8.1
18608,0.3508,0,NORMAL,19.3,5.0,5.4,5.5
18609,0.3876,0,NORMAL,19.4,6.1,5.7,5.9
18610,0.4093,0,NORMAL,19.5,6.3,6.1,6.0
18611,0.4426,0,NORMAL,19.3,6.8,6.0,4.1
18612,0.3749,0,NORMAL,19.1,5.0,5.9,4.7
18613,0.4271,0,NORMAL,19.1,5.2,5.9,6.1
18614,0.3281,0,NORMAL,19.1,5.0,4.8,4.8
18615,0.3279,0,NORMAL,19.1,5.2,5.3,6.3
18616,0.3397,0,NORMAL,19.1,5.6,6.3,6.4
18617,0.3277,0,NORMAL,19.2,5.6,5.8,3.9
18618,0.3161,0,NORMAL,19.2,6.3,6.0,5.0
18619,0.3281,0,NORMAL,19.2,5.0,5.2,5.4
18620,0.7609,0,WARNING,19.2,8.5,5.4,5.9
18621,0.82,0,WARNING,19.4,7.2,6.9,6.0
18622,0.324,0,NORMAL,18.9,5.7,5.9,4.1
18623,0.4056,0,NORMAL,19.2,5.7,4.8,5.3
18624,0.3523,0,NORMAL,19.2,4.7,3.5,4.8
18625,0.4179,0,NORMAL,19.4,7.1,5.8,5.9
18626,0.4786,0,NORMAL,19.5,6.5,5.1,5.6
18627,0.3848,0,NORMAL,19.2,6.3,6.7,6.2
18628,0.3508,0,NORMAL,19.3,6.0,6.0,5.7
18629,0.3391,0,NORMAL,19.2,5.9,5.8,4.4
18630,0.3401,0,NORMAL,19.1,5.5,6.7,6.2
18631,0.3284,0,NORMAL,19.3,6.4,6.5,6.2
18632,0.3396,0,NORMAL,19.1,5.8,6.4,5.3
18633,0.3529,0,NORMAL,19.4,5.9,6.5,5.7
18634,0.3529,0,NORMAL,19.3,6.0,5.7,5.4
18635,0.3517,0,NORMAL,19.1,5.7,5.2,5.1
18636,0.8299,0,WARNING,19.4,6.6,5.0,5.8
18637,0.3271,0,NORMAL,19.1,5.4,5.8,8.2
18638,0.327,0,NORMAL,19.3,6.0,5.7,4.0
18639,0.3279,0,NORMAL,19.1,5.4,6.1,5.0
18640,0.329,0,NORMAL,19.2,6.3,6.5,6.0
18641,0.3522,0,NORMAL,19.5,6.6,5.9,5.4
18642,0.363,0,NORMAL,19.2,5.2,5.0,4.9
18643,0.3639,0,NORMAL,19.4,5.6,5.4,6.4
18644,0.3748,0,NORMAL,19.6,7.0,8.4,6.7
18645,0.363,0,NORMAL,19.3,5.7,6.0,3.8
18646,0.3411,0,NORMAL,19.3,6.0,6.2,5.6
18647,0.3527,0,NORMAL,19.5,6.4,7.1,6.7
18648,0.3642,0,NORMAL,19.6,6.6,6.6,5.7
18649,0.3755,0,NORMAL,19.3,5.5,6.3,5.5
18650,0.3764,0,NORMAL,19.4,5.8,5.2,5.2
18651,0.8299,0,WARNING,19.7,6.3,6.1,5.7
18652,0.3755,0,NORMAL,19.5,5.8,6.4,5.9
18653,0.3641,0,NORMAL,19.5,6.1,6.3,5.1
18654,0.3765,0,NORMAL,19.6,6.8,7.2,6.5
18655,0.387,0,NORMAL,19.5,5.0,5.7,5.6
18656,0.4251,0,NORMAL,19.7,6.6,5.7,5.2
18657,0.3629,0,NORMAL,19.5,7.5,7.5,6.1
18658,0.3381,0,NORMAL,19.4,6.0,6.3,6.0
18659,0.3138,0,NORMAL,19.2,6.2,6.4,5.5
18660,0.2882,0,NORMAL,19.2,5.9,7.0,6.4
18661,0.2757,0,NORMAL,19.3,5.9,6.7,6.6
18662,0.3143,0,NORMAL,19.4,6.5,7.8,7.2
18663,0.4024,0,NORMAL,19.4,6.2,6.4,6.1
18664,0.3263,0,NORMAL,19.2,6.1,6.6,5.8
18665,0.3398,0,NORMAL,19.2,5.7,6.6,5.9
18666,0.8286,0,WARNING,19.8,6.4,7.0,6.3
18667,0.4161,0,NORMAL,19.5,6.4,6.2,7.3
18668,0.8239,0,WARNING,19.9,8.1,8.5,7.8
18669,0.3851,0,NORMAL,19.6,6.1,7.0,5.5
18670,0.3751,0,NORMAL,19.5,6.2,6.3,5.7
18671,0.4412,0,NORMAL,19.3,6.7,6.2,6.6
18672,0.3123,0,NORMAL,19.4,6.4,8.1,7.1
18673,0.4787,0,NORMAL,19.4,7.0,7.7,6.8
18674,0.3007,0,NORMAL,19.2,6.3,7.0,6.6
18675,0.3269,0,NORMAL,19.5,6.6,8.3,6.3
18676,0.34,0,NORMAL,19.5,7.3,7.8,7.6
18677,0.3382,0,NORMAL,19.4,5.7,6.6,6.8
18678,0.3266,0,NORMAL,19.4,5.6,6.7,6.3
18679,0.3551,0,NORMAL,19.5,7.6,9.4,7.6
18680,0.3136,0,NORMAL,19.3,6.3,7.4,8.1
18681,0.8199,0,WARNING,19.7,8.0,8.4,6.4
18682,0.3384,0,NORMAL,19.5,6.8,8.0,6.8
18683,0.3391,0,NORMAL,19.7,7.0,8.1,7.9
18684,0.8042,0,WARNING,19.7,9.3,7.1,6.4
18685,0.3208,0,NORMAL,19.4,6.5,7.6,7.3
18686,0.4081,0,NORMAL,19.7,7.6,7.9,7.4
18687,0.3719,0,NORMAL,19.5,6.8,7.9,6.7
18688,0.3497,0,NORMAL,19.5,5.9,6.0,5.9
18689,0.3506,0,NORMAL,19.6,7.5,7.9,6.8
18690,0.3503,0,NORMAL,19.4,5.7,7.2,6.1
18691,0.3641,0,NORMAL,19.4,6.6,7.2,6.5
18692,0.3752,0,NORMAL,19.8,7.1,8.8,7.3
18693,0.3515,0,NORMAL,19.6,6.4,6.7,5.9
18694,0.3639,0,NORMAL,19.5,6.0,7.0,7.2
18695,0.3751,0,NORMAL,19.4,6.0,6.5,5.6
18696,0.8251,0,WARNING,19.7,6.8,6.4,6.0
18697,0.3265,0,NORMAL,19.6,6.1,7.2,8.2
18698,0.3268,0,NORMAL,19.7,6.9,8.1,7.0
18699,0.387,0,NORMAL,19.3,6.1,6.9,6.2
18700,0.3517,0,NORMAL,19.4,6.9,7.6,6.9
18701,0.3131,0,NORMAL,19.5,6.2,7.1,6.6
18702,0.3002,0,NORMAL,19.4,6.6,7.2,6.8
18703,0.3379,0,NORMAL,19.6,6.5,7.2,6.8
18704,0.3501,0,NORMAL,19.4,6.0,7.1,6.9
18705,0.3389,0,NORMAL,19.4,6.8,8.4,7.3
18706,0.3391,0,NORMAL,19.5,7.3,8.0,6.2
18707,0.3268,0,NORMAL,19.6,6.7,8.1,7.7
18708,0.3382,0,NORMAL,19.6,6.0,6.8,6.2
18709,0.3752,0,NORMAL,19.9,7.5,8.9,7.3
18710,0.3861,0,NORMAL,19.8,6.0,7.0,7.4
18711,0.3506,0,NORMAL,19.7,6.2,5.9,6.1
18712,0.3388,0,NORMAL,19.6,5.6,6.2,5.2
18713,0.3398,0,NORMAL,19.6,6.1,6.4,5.9
18714,0.3518,0,NORMAL,19.4,5.4,6.3,5.7
18715,0.3767,0,NORMAL,19.5,5.5,5.7,5.0
18716,0.4363,0,NORMAL,19.5,6.9,6.3,6.1
18717,0.3864,0,NORMAL,19.5,5.5,5.6,5.1
18718,0.3522,0,NORMAL,19.6,5.5,5.6,5.6
18719,0.3402,0,NORMAL,19.4,5.7,5.5,4.6
18720,0.3524,0,NORMAL,19.6,5.9,6.3,5.2
18721,0.3646,0,NORMAL,19.6,5.7,5.9,5.2
18722,0.3528,0,NORMAL,19.5,5.0,5.2,5.5
18723,0.341,0,NORMAL,19.5,5.2,5.1,6.3
18724,0.3522,0,NORMAL,19.5,4.8,5.0,5.8
18725,0.34,0,NORMAL,19.4,5.9,6.4,5.6
18726,0.8292,0,WARNING,19.7,6.8,6.6,4.5
18727,0.3157,0,NORMAL,19.5,5.7,6.2,7.4
18728,0.8276,0,WARNING,19.5,6.5,6.6,5.7
18729,0.3273,0,NORMAL,19.4,6.4,7.8,6.4
18730,0.3645,0,NORMAL,19.4,6.5,6.8,5.7
18731,0.3755,0,NORMAL,19.6,6.0,6.1,6.4
18732,0.3791,0,NORMAL,19.7,8.1,9.0,7.1
18733,0.3382,0,NORMAL,19.7,5.7,6.4,5.5
18734,0.3399,0,NORMAL,19.5,6.5,6.5,6.1
18735,0.416,0,NORMAL,19.6,7.2,7.1,6.4
18736,0.314,0,NORMAL,19.5,5.5,6.2,5.7
18737,0.3275,0,NORMAL,19.3,5.5,6.1,5.9
18738,0.3398,0,NORMAL,19.7,7.0,8.5,7.3
18739,0.3276,0,NORMAL,19.5,7.0,6.7,5.9
18740,0.8112,0,WARNING,19.4,8.7,5.9,5.6
18741,0.813,0,WARNING,19.8,6.3,6.7,6.2
18742,0.3367,0,NORMAL,19.6,6.0,6.4,5.4
18743,0.3262,0,NORMAL,19.7,6.5,7.3,7.1
18744,0.3135,0,NORMAL,19.6,6.4,6.9,6.9
18745,0.3131,0,NORMAL,19.6,6.6,7.2,6.6
18746,0.3256,0,NORMAL,19.6,6.9,6.9,5.9
18747,0.3378,0,NORMAL,19.5,7.0,7.6,7.2
18748,0.3249,0,NORMAL,19.5,5.3,5.3,4.9
18749,0.3143,0,NORMAL,19.5,6.5,7.6,6.5
18750,0.327,0,NORMAL,19.4,5.2,6.4,6.1
18751,0.3404,0,NORMAL,19.5,7.0,8.1,6.8
18752,0.3399,0,NORMAL,19.5,5.8,6.9,6.8
18753,0.3273,0,NORMAL,19.7,5.3,6.0,6.7
18754,0.3394,0,NORMAL,19.7,6.8,7.9,7.4
18755,0.3425,0,NORMAL,19.5,5.0,6.2,6.5
18756,0.351,0,NORMAL,19.8,6.2,7.5,7.3
18757,0.3514,0,NORMAL,19.5,5.2,5.5,6.3
18758,0.3404,0,NORMAL,19.5,4.8,4.2,4.2
18759,0.3529,0,NORMAL,19.7,6.1,6.1,7.5
18760,0.3382,0,NORMAL,19.5,5.6,5.6,5.2
18761,0.3262,0,NORMAL,19.4,5.2,5.4,4.0
18762,0.3405,0,NORMAL,19.7,7.3,7.9,6.7
18763,0.3509,0,NORMAL,19.7,6.4,6.9,6.7
18764,0.3513,0,NORMAL,19.8,7.5,7.9,6.4
18765,0.3626,0,NORMAL,19.5,5.2,6.1,5.9
18766,0.3757,0,NORMAL,19.7,4.8,4.9,5.7
18767,0.364,0,NORMAL,19.5,5.2,6.1,5.6
18768,0.3649,0,NORMAL,19.7,6.3,6.8,6.1
18769,0.3647,0,NORMAL,19.5,5.9,5.4,4.5
18770,0.3646,0,NORMAL,19.7,5.3,6.5,6.4
18771,0.8311,0,WARNING,19.8,6.2,5.2,5.6
18772,0.3394,0,NORMAL,19.6,5.4,6.0,5.4
18773,0.34,0,NORMAL,19.7,5.8,6.2,5.4
18774,0.4168,0,NORMAL,19.7,7.3,6.7,6.2
18775,0.3427,0,NORMAL,19.3,5.6,4.8,4.4
18776,0.4217,0,NORMAL,19.6,6.9,6.5,5.9
18777,0.3503,0,NORMAL,19.4,4.8,5.0,4.7
18778,0.3527,0,NORMAL,19.6,5.7,5.5,5.6
18779,0.3405,0,NORMAL,19.6,6.0,4.8,6.0
18780,0.339,0,NORMAL,19.7,6.0,6.7,6.3
18781,0.3393,0,NORMAL,19.5,5.5,5.4,4.0
18782,0.3156,0,NORMAL,19.3,5.8,6.5,6.1
18783,0.3281,0,NORMAL,19.6,6.0,6.4,6.6
18784,0.3519,0,NORMAL,19.6,5.6,5.0,4.6
18785,0.3757,0,NORMAL,19.6,5.4,5.5,5.7
18786,0.3642,0,NORMAL,19.7,6.2,6.0,5.5
18787,0.3522,0,NORMAL,19.6,6.0,6.4,6.2
18788,0.3644,0,NORMAL,19.7,6.1,6.2,5.2
18789,0.3765,0,NORMAL,19.7,6.2,6.3,6.0
18790,0.3872,0,NORMAL,19.7,4.5,4.1,4.7
18791,0.3768,0,NORMAL,19.6,5.9,4.8,6.4
18792,0.3504,0,NORMAL,19.4,7.0,6.8,6.7
18793,0.3377,0,NORMAL,19.5,5.1,4.9,3.2
18794,0.3274,0,NORMAL,19.5,6.5,7.3,6.2
18795,0.3278,0,NORMAL,19.7,5.9,6.4,7.1
18796,0.4165,0,NORMAL,19.6,6.7,6.4,4.8
18797,0.3404,0,NORMAL,19.6,5.2,5.4,4.4
18798,0.3413,0,NORMAL,19.6,6.6,7.0,6.9
18799,0.3397,0,NORMAL,19.6,5.9,5.2,4.7
18800,0.3518,0,NORMAL,19.7,4.7,5.3,4.7
18801,0.4976,0,NORMAL,19.6,5.5,5.4,6.3
18802,0.3396,0,NORMAL,19.5,5.0,4.7,5.6
18803,0.7288,0,WARNING,19.8,7.7,5.1,6.1
18804,0.3709,0,NORMAL,19.7,5.8,5.5,6.8
18805,0.3604,0,NORMAL,19.8,6.6,6.4,4.9
18806,0.3622,0,NORMAL,19.7,7.1,6.8,4.4
18807,0.3505,0,NORMAL,19.7,6.2,6.5,5.5
18808,0.3511,0,NORMAL,19.6,6.1,5.6,5.5
18809,0.3632,0,NORMAL,19.5,7.0,7.4,5.6
18810,0.3878,0,NORMAL,19.7,5.3,5.0,4.4
18811,0.3769,0,NORMAL,19.5,5.3,5.1,5.1
18812,0.4171,0,NORMAL,19.7,6.4,6.0,6.6
18813,0.3761,0,NORMAL,19.7,6.1,6.2,5.2
18814,0.3764,0,NORMAL,19.8,6.3,5.9,4.5
18815,0.3524,0,NORMAL,19.4,5.3,5.4,4.7
18816,0.8328,0,WARNING,19.9,7.4,7.2,6.9
18817,0.3513,0,NORMAL,19.7,4.9,5.8,6.4
18818,0.3528,0,NORMAL,19.7,6.9,7.2,6.0
18819,0.3641,0,NORMAL,19.8,5.8,5.8,6.1
18820,0.3753,0,NORMAL,19.8,6.2,6.7,5.9
18821,0.4765,0,NORMAL,19.7,6.2,5.6,5.1
18822,0.3379,0,NORMAL,19.5,5.9,5.8,5.7
18823,0.3389,0,NORMAL,19.7,5.2,5.5,5.2
18824,0.3644,0,NORMAL,19.8,5.8,5.8,5.5
18825,0.2334,0,NORMAL,19.5,6.6,7.5,6.1
18826,0.164,0,NORMAL,18.8,5.3,5.7,5.6
18827,0.49,0,NORMAL,19.0,7.4,6.1,6.1
18828,0.1763,0,NORMAL,19.0,4.9,5.2,5.4
18829,0.1466,0,NORMAL,18.8,4.8,4.5,5.3
18830,0.1782,0,NORMAL,19.0,5.7,6.2,7.1
18831,0.8335,0,WARNING,19.5,6.4,5.8,4.9
18832,0.2264,0,NORMAL,19.1,6.0,6.4,4.3
18833,0.2767,0,NORMAL,19.5,5.8,5.6,5.6
18834,0.3156,0,NORMAL,19.6,5.4,5.0,6.1
18835,0.3516,0,NORMAL,19.7,6.2,6.3,5.3
18836,0.4426,0,NORMAL,19.6,7.8,7.0,4.5
18837,0.3515,0,NORMAL,19.5,6.7,7.0,6.5
18838,0.3141,0,NORMAL,19.6,6.7,6.9,5.8
18839,0.3395,0,NORMAL,19.5,6.0,6.5,5.0
18840,0.3653,0,NORMAL,19.6,6.4,6.6,5.3
18841,0.365,0,NORMAL,19.8,5.6,6.3,5.5
18842,0.3651,0,NORMAL,19.8,5.9,6.4,6.0
18843,0.3524,0,NORMAL,19.8,6.4,6.2,5.0
18844,0.3397,0,NORMAL,19.7,6.1,6.9,5.5
18845,0.3531,0,NORMAL,19.7,6.8,7.5,6.1
18846,0.8295,0,WARNING,20.1,8.2,8.1,6.4
18847,0.3743,0,NORMAL,19.9,5.8,7.0,7.6
18848,0.4204,0,NORMAL,20.0,6.1,6.9,5.3
18849,0.4527,0,NORMAL,19.9,5.8,5.7,5.5
18850,0.4206,0,NORMAL,19.9,5.8,5.6,5.3
18851,0.3873,0,NORMAL,19.8,5.2,4.3,5.7
18852,0.3623,0,NORMAL,19.5,5.4,5.0,6.3
18853,0.3506,0,NORMAL,19.8,5.2,5.5,5.9
18854,0.3515,0,NORMAL,19.7,5.4,5.1,3.7
18855,0.3529,0,NORMAL,19.6,5.9,5.7,6.3
18856,0.3277,0,NORMAL,19.7,6.0,5.8,5.7
18857,0.3266,0,NORMAL,19.7,5.8,6.0,5.7
18858,0.3398,0,NORMAL,19.7,5.4,5.4,4.7
18859,0.3648,0,NORMAL,19.8,5.5,5.4,6.1
18860,0.7744,0,WARNING,19.9,8.4,5.6,5.8
18861,0.8156,0,WARNING,20.2,5.7,5.5,5.9
18862,0.3955,0,NORMAL,19.9,5.8,5.7,6.3
18863,0.396,0,NORMAL,20.0,5.8,6.4,4.8
18864,0.398,0,NORMAL,20.0,5.3,4.8,4.6
18865,0.3986,0,NORMAL,19.9,5.8,5.5,5.6
18866,0.3754,0,NORMAL,19.7,6.3,6.6,5.8
18867,0.8274,0,WARNING,19.3,7.2,5.2,3.9
18868,1.0,0,ANOMALY,20.0,10.8,7.2,6.5
18869,0.4742,0,NORMAL,18.3,5.8,5.2,5.2
18870,0.3257,0,NORMAL,18.2,5.9,5.7,4.8
18871,0.3519,0,NORMAL,18.5,5.2,5.1,5.3
18872,0.3641,0,NORMAL,18.6,7.2,7.4,6.4
18873,0.3515,0,NORMAL,18.6,7.2,6.8,4.8
18874,0.3516,0,NORMAL,18.7,7.1,7.3,5.9
18875,0.3394,0,NORMAL,18.3,5.6,6.1,6.3
18876,0.8279,0,WARNING,18.8,7.7,7.5,5.9
18877,0.3979,0,NORMAL,18.8,6.8,8.0,7.3
18878,0.3875,0,NORMAL,18.7,7.0,6.5,5.8
18879,0.3752,0,NORMAL,18.7,5.4,5.7,5.6
18880,0.376,0,NORMAL,18.7,6.7,6.4,5.5
18881,0.3635,0,NORMAL,18.6,7.3,7.0,4.9
18882,0.4594,0,NORMAL,18.5,7.8,7.7,6.7
18883,0.3499,0,NORMAL,18.6,5.5,6.4,5.9
18884,0.3642,0,NORMAL,18.7,6.6,6.1,5.1
18885,0.3758,0,NORMAL,18.7,5.6,5.0,4.5
18886,0.3877,0,NORMAL,18.7,6.5,6.9,5.9
18887,0.3756,0,NORMAL,18.7,6.2,6.3,4.8
18888,0.3643,0,NORMAL,18.6,5.5,6.2,5.5
18889,0.3548,0,NORMAL,18.4,5.9,5.1,4.9
18890,0.3278,0,NORMAL,18.3,5.8,5.9,6.4
18891,0.8304,0,WARNING,18.8,5.5,5.0,5.8
18892,0.3757,0,NORMAL,18.7,5.6,5.9,4.6
18893,0.3525,0,NORMAL,18.5,5.4,5.0,6.0
18894,0.3402,0,NORMAL,18.7,6.3,6.2,6.8
18895,0.3266,0,NORMAL,18.3,6.2,7.2,4.9
18896,0.4882,0,NORMAL,18.6,7.7,6.4,5.3
18897,0.3225,0,NORMAL,18.3,6.5,6.8,5.8
18898,0.3272,0,NORMAL,18.5,6.8,7.0,5.0
18899,0.3277,0,NORMAL,18.5,7.0,7.2,5.1
18900,0.3527,0,NORMAL,18.5,7.2,8.5,6.9
18901,0.3647,0,NORMAL,18.7,6.5,6.6,5.6
18902,0.3641,0,NORMAL,18.6,5.9,5.7,4.8
18903,0.3918,0,NORMAL,18.7,7.7,6.7,5.6
18904,0.3984,0,NORMAL,18.9,8.1,8.8,6.0
18905,0.3876,0,NORMAL,18.9,7.2,7.8,6.3
18906,0.8265,0,WARNING,19.0,7.4,7.5,6.5
18907,0.3631,0,NORMAL,18.5,6.4,6.5,7.0
18908,0.3633,0,NORMAL,18.7,6.2,6.9,6.0
18909,0.388,0,NORMAL,18.6,7.0,6.9,5.8
18910,0.8249,0,WARNING,19.1,9.0,7.4,6.1
18911,0.4198,0,NORMAL,18.9,7.1,7.8,5.8
18912,0.4324,0,NORMAL,18.6,7.5,7.3,6.3
18913,0.3381,0,NORMAL,18.6,5.8,6.0,5.7
18914,0.339,0,NORMAL,18.6,6.9,7.3,5.6
18915,0.3872,0,NORMAL,18.8,6.0,6.0,5.7
18916,0.4162,0,NORMAL,18.7,6.8,5.9,5.5
18917,0.3987,0,NORMAL,18.8,6.5,6.6,5.3
18918,0.3641,0,NORMAL,18.7,7.1,7.4,6.1
18919,0.3398,0,NORMAL,18.6,6.3,6.1,6.0
18920,0.7487,0,WARNING,18.7,8.7,6.1,5.0
18921,0.8185,0,WARNING,19.0,6.6,6.3,4.8
18922,0.3626,0,NORMAL,18.8,6.9,7.5,6.5
18923,0.8271,0,WARNING,18.9,7.9,6.4,5.5
18924,0.4234,0,NORMAL,18.7,6.5,6.3,5.4
18925,0.3749,0,NORMAL,18.6,5.1,5.6,5.6
18926,0.4167,0,NORMAL,18.7,7.3,5.1,4.9
18927,0.3635,0,NORMAL,18.6,6.6,6.3,6.6
18928,0.3507,0,NORMAL,18.7,5.6,5.8,4.7
18929,0.3643,0,NORMAL,18.9,7.1,6.9,5.4
18930,0.3519,0,NORMAL,18.6,6.6,7.3,7.1
18931,0.3514,0,NORMAL,18.5,6.2,6.9,5.6
18932,0.3523,0,NORMAL,18.5,6.1,7.1,6.0
18933,0.3532,0,NORMAL,18.7,6.7,6.6,5.4
18934,0.3526,0,NORMAL,18.5,6.5,6.5,6.2
18935,0.3519,0,NORMAL,18.8,5.5,6.2,5.7
18936,0.8294,0,WARNING,19.1,6.9,7.0,6.0
18937,0.366,0,NORMAL,18.6,7.7,8.6,7.8
18938,0.3394,0,NORMAL,18.9,7.0,8.6,6.9
18939,0.4473,0,NORMAL,18.8,7.4,6.8,6.0
18940,0.3865,0,NORMAL,18.7,6.8,6.3,5.7
18941,1.0,0,ANOMALY,20.4,10.5,7.8,5.6
18942,0.9948,0,ANOMALY,19.2,6.8,5.9,5.4
18943,0.3103,0,NORMAL,18.6,6.3,6.5,5.9
18944,0.3371,0,NORMAL,18.8,5.8,6.0,5.3
18945,0.363,0,NORMAL,18.9,7.2,7.7,6.7
18946,0.3749,0,NORMAL,18.7,5.1,4.5,4.2
18947,0.3757,0,NORMAL,18.9,6.4,7.0,6.0
18948,0.3641,0,NORMAL,18.8,6.3,6.6,6.2
18949,0.3637,0,NORMAL,18.9,7.4,8.0,6.8
18950,0.3752,0,NORMAL,18.6,5.2,5.6,5.3
18951,1.0,0,ANOMALY,23.1,17.0,7.4,6.4
18952,0.445,0,NORMAL,18.8,5.2,5.6,5.2
18953,0.3594,0,NORMAL,18.8,5.7,5.7,5.2
18954,0.3618,0,NORMAL,18.8,5.8,6.0,5.4
18955,0.4475,0,NORMAL,18.8,6.8,6.3,6.1
18956,0.3494,0,NORMAL,18.8,5.7,5.6,5.7
18957,0.3498,0,NORMAL,18.9,6.2,7.5,6.5
18958,0.3627,0,NORMAL,18.8,7.0,7.6,6.3
18959,0.363,0,NORMAL,18.8,6.1,6.2,5.5
18960,0.3634,0,NORMAL,18.9,6.8,8.0,7.0
18961,0.3393,0,NORMAL,18.6,6.0,6.6,6.4
18962,0.352,0,NORMAL,18.9,7.7,7.7,6.6
18963,0.3634,0,NORMAL,18.9,7.3,8.0,6.4
18964,0.339,0,NORMAL,18.9,6.7,7.0,6.5
18965,0.327,0,NORMAL,19.0,6.3,7.0,6.7
18966,0.3629,0,NORMAL,18.9,7.9,8.8,6.8
18967,0.3513,0,NORMAL,18.6,7.2,7.9,7.0
18968,0.3468,0,NORMAL,18.9,8.0,8.8,7.8
18969,0.3817,0,NORMAL,18.8,6.7,7.0,5.8
18970,0.3636,0,NORMAL,18.7,6.4,6.9,5.9
18971,0.364,0,NORMAL,18.9,7.5,7.3,6.1
18972,1.0,0,ANOMALY,20.7,10.8,8.0,6.6
18973,0.8199,0,WARNING,19.1,7.2,6.5,6.2
18974,0.3483,0,NORMAL,18.8,5.6,6.1,5.2
18975,0.3621,0,NORMAL,18.6,5.8,6.0,5.9
18976,0.3509,0,NORMAL,18.8,6.5,7.1,6.7
18977,0.3608,0,NORMAL,18.9,7.8,8.8,6.5
18978,0.3751,0,NORMAL,19.0,6.8,8.2,7.7
18979,0.3748,0,NORMAL,18.8,6.9,7.7,7.6
18980,0.363,0,NORMAL,19.0,7.3,8.4,7.0
18981,0.9691,0,WARNING,19.4,6.8,7.5,6.7
18982,0.3629,0,NORMAL,19.0,7.4,8.2,6.8
18983,0.3628,0,NORMAL,19.0,6.8,8.2,7.0
18984,0.3991,0,NORMAL,19.0,7.2,7.7,7.2
18985,0.8076,0,WARNING,19.1,9.9,7.6,6.6
18986,0.3609,0,NORMAL,19.0,7.9,9.4,7.5
18987,0.3474,0,NORMAL,18.8,7.0,8.1,7.4
18988,0.373,0,NORMAL,19.1,7.6,8.9,7.5
18989,0.4489,0,NORMAL,18.9,5.9,7.6,7.6
18990,0.3504,0,NORMAL,19.0,7.2,7.9,7.5
18991,0.3373,0,NORMAL,18.7,5.9,7.6,6.7
18992,0.3389,0,NORMAL,18.7,6.7,8.1,8.0
18993,0.351,0,NORMAL,19.1,7.1,8.8,7.2
18994,0.3634,0,NORMAL,19.1,7.5,8.2,7.6
18995,0.3618,0,NORMAL,18.8,6.6,7.9,7.0
18996,0.4071,0,NORMAL,19.1,8.4,10.2,8.6
18997,0.3383,0,NORMAL,18.7,7.1,8.2,9.1
18998,0.3382,0,NORMAL,19.1,7.6,8.8,8.1
18999,0.3371,0,NORMAL,18.8,6.8,8.8,7.9
19000,0.3622,0,NORMAL,19.0,5.6,6.5,7.3
19001,0.5217,0,NORMAL,19.1,8.5,9.1,8.0
19002,0.3517,0,NORMAL,19.0,7.1,9.7,8.6
19003,0.3618,0,NORMAL,18.8,7.0,8.0,8.1
19004,0.3496,0,NORMAL,18.8,5.8,7.6,8.3
19005,0.3497,0,NORMAL,19.1,5.5,7.1,7.8
19006,0.338,0,NORMAL,18.9,5.3,4.6,5.3
19007,0.3929,0,NORMAL,18.6,2.3,0.1,0.0
19008,0.3907,0,NORMAL,18.6,3.2,0.1,0.0
19009,0.3895,0,NORMAL,18.4,2.7,0.1,0.0
19010,0.5077,0,NORMAL,18.8,6.0,6.0,6.4
19011,0.8431,0,WARNING,19.2,6.8,8.5,9.2
19012,0.3266,0,NORMAL,19.0,6.8,7.7,6.0
19013,0.3396,0,NORMAL,19.0,5.9,6.2,7.2
19014,0.3388,0,NORMAL,18.9,6.0,7.3,7.1
19015,0.351,0,NORMAL,19.2,6.1,7.7,6.7
19016,0.439,0,NORMAL,19.2,7.5,7.5,8.5
19017,0.3364,0,NORMAL,19.1,6.5,7.2,6.5
19018,0.588,0,NORMAL,19.0,5.9,7.2,7.0
19019,0.3502,0,NORMAL,18.9,5.8,7.4,7.8
19020,0.3503,0,NORMAL,19.1,6.8,8.3,7.9
19021,0.3381,0,NORMAL,18.9,6.2,8.0,8.8
19022,0.3379,0,NORMAL,18.8,6.1,8.0,7.4
19023,0.4889,0,NORMAL,19.2,7.8,8.1,8.3
19024,0.3507,0,NORMAL,18.9,7.3,8.5,8.0
19025,0.3494,0,NORMAL,19.2,6.5,8.4,7.7
19026,0.8189,0,WARNING,19.4,7.3,8.8,8.9
19027,0.3492,0,NORMAL,18.8,5.9,6.9,7.8
19028,0.403,0,NORMAL,19.2,8.2,10.5,10.4
19029,0.3362,0,NORMAL,19.1,5.9,6.8,6.5
19030,0.3765,0,NORMAL,19.2,6.7,7.8,7.9
19031,0.3777,0,NORMAL,19.3,7.5,8.5,7.8
19032,0.3483,0,NORMAL,19.2,6.5,7.8,8.5
19033,0.3841,0,NORMAL,19.3,6.8,8.3,8.1
19034,0.3729,0,NORMAL,19.1,6.7,8.5,8.3
19035,0.3806,0,NORMAL,19.2,7.1,8.6,8.5
19036,0.3369,0,NORMAL,19.1,6.2,8.4,7.6
19037,0.3382,0,NORMAL,19.2,6.6,7.3,7.6
19038,0.4153,0,NORMAL,19.0,7.7,8.0,7.8
19039,0.3374,0,NORMAL,19.0,5.2,7.0,7.5
19040,0.3383,0,NORMAL,19.2,6.5,7.8,8.0
19041,0.8201,0,WARNING,19.4,8.1,9.4,8.4
19042,0.3372,0,NORMAL,19.2,6.1,7.6,7.8
19043,0.3248,0,NORMAL,19.1,7.6,9.0,7.9
19044,0.3525,0,NORMAL,19.2,7.2,9.0,8.5
19045,0.8408,0,WARNING,19.0,9.5,7.1,6.8
19046,0.3325,0,NORMAL,19.0,7.2,8.9,9.3
19047,0.3085,0,NORMAL,19.1,7.2,7.6,7.5
19048,0.2968,0,NORMAL,19.1,6.0,7.8,8.1
19049,0.3237,0,NORMAL,19.2,6.8,8.6,8.2
19050,0.349,0,NORMAL,19.2,6.3,8.1,8.6
19051,0.3493,0,NORMAL,19.0,6.4,8.2,7.6
19052,0.3505,0,NORMAL,19.2,7.2,8.3,7.7
19053,0.3492,0,NORMAL,19.2,6.9,9.0,7.5
19054,0.3508,0,NORMAL,19.4,7.7,8.9,8.1
19055,0.3494,0,NORMAL,19.3,7.0,8.5,8.4
19056,0.8142,0,WARNING,19.6,7.1,8.7,8.6
19057,0.3495,0,NORMAL,19.1,6.6,8.3,9.4
19058,0.3501,0,NORMAL,19.3,5.5,7.2,7.6
19059,0.3511,0,NORMAL,19.0,6.5,7.1,7.3
19060,0.3623,0,NORMAL,19.3,7.1,8.4,8.8
19061,0.3366,0,NORMAL,19.2,7.1,8.3,7.8
19062,0.3365,0,NORMAL,19.1,7.4,7.9,7.4
19063,0.3364,0,NORMAL,19.2,6.3,7.6,7.5
19064,0.3248,0,NORMAL,19.2,7.0,8.8,8.8
19065,0.3119,0,NORMAL,19.0,6.8,7.7,7.4
19066,0.3247,0,NORMAL,19.2,6.5,8.0,8.3
19067,0.3498,0,NORMAL,19.2,6.0,8.0,7.6
19068,0.3383,0,NORMAL,19.4,7.3,9.1,9.0
19069,0.3502,0,NORMAL,19.1,7.4,9.4,8.7
19070,0.3374,0,NORMAL,19.3,6.8,8.4,8.5
19071,0.8158,0,WARNING,19.5,7.7,8.8,8.6
19072,0.3489,0,NORMAL,19.1,7.4,8.5,7.5
19073,0.3378,0,NORMAL,19.3,6.6,8.3,8.2
19074,0.3499,0,NORMAL,19.3,7.0,9.2,8.1
19075,0.3505,0,NORMAL,19.3,7.0,8.4,8.1
19076,0.4385,0,NORMAL,19.3,8.0,8.7,8.6
19077,0.3598,0,NORMAL,19.3,6.9,8.7,7.7
19078,0.361,0,NORMAL,19.0,6.0,6.7,7.5
19079,0.3556,0,NORMAL,19.4,7.5,9.8,9.1
19080,0.4178,0,NORMAL,19.3,7.8,10.0,8.8
19081,0.3371,0,NORMAL,19.0,5.6,6.9,6.1
19082,0.3516,0,NORMAL,19.1,6.4,8.3,9.5
19083,0.3384,0,NORMAL,19.3,7.0,7.8,6.3
19084,0.3385,0,NORMAL,19.1,6.7,7.8,7.7
19085,0.3512,0,NORMAL,19.4,7.3,9.4,8.8
19086,0.8184,0,WARNING,19.5,7.5,8.6,7.6
19087,0.3737,0,NORMAL,19.2,7.2,10.0,11.1
19088,0.3564,0,NORMAL,19.4,7.8,9.7,8.3
19089,0.3378,0,NORMAL,19.3,7.6,8.4,6.2
19090,0.371,0,NORMAL,19.3,7.3,9.9,9.4
19091,0.4007,0,NORMAL,19.4,7.9,8.5,7.5
19092,0.3489,0,NORMAL,19.5,7.8,9.4,9.0
19093,0.3355,0,NORMAL,19.4,6.1,8.2,8.3
19094,0.3368,0,NORMAL,19.3,7.3,8.4,7.4
19095,0.3489,0,NORMAL,19.4,7.0,8.6,8.8
19096,0.3493,0,NORMAL,19.4,6.5,8.0,7.3
19097,0.3496,0,NORMAL,19.4,6.0,8.9,9.2
19098,0.3621,0,NORMAL,19.3,5.7,6.9,6.8
19099,0.3506,0,NORMAL,19.4,8.1,9.7,9.6
19100,0.701,0,WARNING,19.2,8.9,8.3,7.2
19101,0.8034,0,WARNING,19.5,7.4,8.2,7.6
19102,0.3472,0,NORMAL,19.4,6.6,8.6,9.3
19103,0.3479,0,NORMAL,19.4,6.5,8.4,7.8
19104,0.3611,0,NORMAL,19.3,6.6,8.3,8.1
19105,0.5265,0,NORMAL,19.1,7.7,7.7,7.9
19106,0.3472,0,NORMAL,19.4,6.4,8.6,8.6
19107,0.3608,0,NORMAL,19.4,6.3,7.6,7.8
19108,0.3614,0,NORMAL,19.4,6.6,8.7,8.8
19109,0.325,0,NORMAL,19.3,6.9,8.1,8.4
19110,0.3111,0,NORMAL,19.2,5.6,6.7,6.6
19111,0.338,0,NORMAL,19.4,6.0,6.8,7.1
19112,0.3256,0,NORMAL,19.3,7.1,7.9,7.2
19113,0.313,0,NORMAL,19.3,6.6,7.5,7.6
19114,0.3316,0,NORMAL,19.4,7.9,9.4,9.1
19115,0.3954,0,NORMAL,19.3,6.6,7.8,8.0
19116,0.8159,0,WARNING,19.6,7.6,9.4,8.2
19117,0.3373,0,NORMAL,19.2,6.7,8.5,9.8
19118,0.3377,0,NORMAL,19.5,6.6,8.8,8.5
19119,0.3503,0,NORMAL,19.7,7.7,9.6,9.0
19120,0.3607,0,NORMAL,19.5,7.0,8.5,8.7
19121,0.3607,0,NORMAL,19.4,7.6,9.1,7.9
19122,0.4143,0,NORMAL,19.5,9.1,9.3,8.7
19123,0.3831,0,NORMAL,19.7,6.5,9.4,8.8
19124,0.3494,0,NORMAL,19.2,7.1,8.1,7.9
19125,0.3493,0,NORMAL,19.5,6.8,8.5,7.9
19126,0.3502,0,NORMAL,19.3,6.9,8.3,7.6
19127,0.35,0,NORMAL,19.6,7.1,8.5,8.1
19128,0.3612,0,NORMAL,19.5,6.0,8.2,7.7
19129,0.363,0,NORMAL,19.3,7.3,8.5,8.5
19130,0.3374,0,NORMAL,19.6,7.4,9.6,8.6
19131,0.3374,0,NORMAL,19.5,7.4,9.1,8.6
19132,0.5491,0,NORMAL,19.7,9.1,12.3,8.4
19133,0.3386,0,NORMAL,19.5,7.2,8.8,6.8
19134,0.3515,0,NORMAL,19.4,7.2,9.2,8.7
19135,0.3628,0,NORMAL,19.4,7.2,9.7,9.8
19136,0.4948,0,NORMAL,19.7,10.0,10.5,7.4
19137,0.3976,0,NORMAL,19.6,7.8,10.2,8.2
19138,0.3871,0,NORMAL,19.6,8.4,10.0,9.0
19139,0.3489,0,NORMAL,19.5,5.7,7.1,6.8
19140,0.3256,0,NORMAL,19.4,6.8,9.2,9.7
19141,0.3679,0,NORMAL,19.5,7.7,9.8,8.7
19142,0.3492,0,NORMAL,19.4,6.5,9.5,7.7
19143,0.3508,0,NORMAL,19.6,8.1,9.6,9.2
19144,0.3528,0,NORMAL,19.6,7.8,9.7,7.2
19145,0.3504,0,NORMAL,19.6,6.8,9.5,7.4
19146,0.8174,0,WARNING,19.9,8.2,10.1,9.5
19147,0.3617,0,NORMAL,19.4,6.2,8.6,9.9
19148,0.3378,0,NORMAL,19.6,7.2,8.9,8.8
19149,0.3377,0,NORMAL,19.4,7.3,9.1,8.9
19150,0.3676,0,NORMAL,19.7,7.2,9.9,8.7
19151,0.3858,0,NORMAL,19.9,8.8,9.9,9.0
19152,0.3707,0,NORMAL,19.5,7.5,8.9,7.6
19153,0.3487,0,NORMAL,19.5,6.8,9.6,8.2
19154,0.3616,0,NORMAL,19.8,7.3,10.0,9.9
19155,0.3446,0,NORMAL,19.7,7.6,9.7,6.6
19156,0.3384,0,NORMAL,19.7,6.9,9.4,8.9
19157,0.361,0,NORMAL,19.8,8.3,9.8,9.6
19158,0.3362,0,NORMAL,19.6,7.0,9.0,6.9
19159,0.358,0,NORMAL,19.7,7.4,9.8,9.6
19160,0.3608,0,NORMAL,19.5,7.1,9.3,7.2
19161,0.8147,0,WARNING,20.0,8.6,10.5,9.9
19162,0.3605,0,NORMAL,19.8,6.8,9.5,7.1
19163,0.3862,0,NORMAL,19.7,6.4,7.4,7.5
19164,0.3622,0,NORMAL,19.7,7.5,9.4,8.9
19165,0.7324,0,WARNING,19.8,9.9,9.3,8.7
19166,0.4162,0,NORMAL,19.8,8.2,9.3,8.1
19167,0.3456,0,NORMAL,19.7,6.6,8.4,8.7
19168,0.4005,0,NORMAL,19.9,7.9,10.2,9.1
19169,0.3601,0,NORMAL,19.8,7.5,9.8,7.0
19170,0.3945,0,NORMAL,19.5,6.9,7.9,7.6
19171,0.3618,0,NORMAL,19.6,6.7,8.4,8.5
19172,0.3617,0,NORMAL,19.7,7.4,9.6,8.4
19173,0.3503,0,NORMAL,19.7,7.0,9.7,10.0
19174,0.3373,0,NORMAL,19.7,7.3,9.4,6.3
19175,0.3384,0,NORMAL,19.6,7.0,9.0,9.5
19176,0.3752,0,NORMAL,19.7,8.1,10.0,8.7
19177,0.5634,0,NORMAL,19.5,6.3,8.6,9.4
19178,0.4143,0,NORMAL,19.8,7.5,8.5,9.0
19179,0.3493,0,NORMAL,19.6,6.4,8.0,7.7
19180,0.3499,0,NORMAL,19.8,7.4,8.6,8.6
19181,0.3611,0,NORMAL,19.8,6.3,8.4,8.5
19182,0.4715,0,NORMAL,19.9,9.0,10.2,9.2
19183,0.3351,0,NORMAL,19.7,7.2,9.0,7.4
19184,0.3243,0,NORMAL,19.5,6.5,9.1,9.7
19185,0.3372,0,NORMAL,19.5,6.8,8.6,7.7
19186,0.3614,0,NORMAL,19.5,7.7,9.6,9.3
19187,0.3452,0,NORMAL,19.7,7.3,9.6,8.2
19188,0.3375,0,NORMAL,19.7,6.5,8.2,6.5
19189,0.3897,0,NORMAL,19.9,6.2,8.5,10.4
19190,0.3494,0,NORMAL,19.8,6.9,8.6,7.3
19191,0.8157,0,WARNING,19.9,7.5,8.7,9.2
19192,0.3364,0,NORMAL,19.4,6.5,7.8,7.2
19193,0.3615,0,NORMAL,19.7,6.9,9.4,9.7
19194,0.3731,0,NORMAL,19.8,6.3,8.0,7.5
19195,0.362,0,NORMAL,19.7,6.4,8.9,9.4
19196,0.4016,0,NORMAL,19.7,7.7,8.7,7.9
19197,0.3481,0,NORMAL,19.6,6.6,9.0,7.2
19198,0.3597,0,NORMAL,19.8,7.3,9.5,8.3
19199,0.3379,0,NORMAL,19.7,6.7,8.5,7.9
19200,0.3401,0,NORMAL,19.8,6.9,9.5,9.7
19201,0.3372,0,NORMAL,19.6,6.4,8.3,7.3
19202,0.3507,0,NORMAL,19.8,7.2,9.2,9.3
19203,0.3718,0,NORMAL,19.9,7.5,9.8,8.4
19204,0.325,0,NORMAL,19.7,7.0,9.1,8.8
19205,0.342,0,NORMAL,19.8,8.0,9.3,7.9
19206,0.8121,0,WARNING,19.9,6.8,8.9,8.8
19207,0.3498,0,NORMAL,19.7,6.7,8.2,9.3
19208,0.358,0,NORMAL,19.9,7.4,9.7,7.7
19209,0.3621,0,NORMAL,20.0,6.6,9.2,8.6
19210,0.3976,0,NORMAL,20.0,8.2,10.1,7.7
19211,0.4796,0,NORMAL,20.0,9.4,11.3,8.2
19212,0.4047,0,NORMAL,19.9,7.5,10.5,9.5
19213,0.4134,0,NORMAL,19.9,7.9,10.6,8.0
19214,0.3618,0,NORMAL,19.7,7.0,9.3,7.4
19215,0.445,0,NORMAL,19.9,8.5,10.9,9.1
19216,0.3764,0,NORMAL,19.7,6.6,9.1,7.4
19217,0.3766,0,NORMAL,19.9,7.4,10.1,8.0
19218,0.3509,0,NORMAL,19.9,6.6,9.3,7.9
19219,0.4084,0,NORMAL,19.7,7.8,10.6,8.9
19220,0.7771,0,WARNING,19.7,10.1,9.8,7.5
19221,0.8003,0,WARNING,20.1,8.6,8.7,7.4
19222,0.3164,0,NORMAL,19.8,6.8,9.4,8.0
19223,0.3126,0,NORMAL,19.8,7.4,9.3,8.8
19224,0.4313,0,NORMAL,19.9,7.4,10.6,8.0
19225,0.3625,0,NORMAL,19.8,7.4,9.5,7.7
19226,0.3506,0,NORMAL,19.6,6.7,8.4,8.0
19227,0.5562,0,NORMAL,19.9,8.2,8.6,7.5
19228,0.3502,0,NORMAL,19.8,5.9,8.4,9.9
19229,0.3608,0,NORMAL,19.7,7.0,9.5,8.0
19230,0.3739,0,NORMAL,19.9,6.7,8.0,8.3
19231,0.4878,0,NORMAL,20.0,8.5,11.4,9.9
19232,0.3811,0,NORMAL,19.7,7.6,10.0,6.8
19233,0.4805,0,NORMAL,19.9,8.2,11.0,8.7
19234,0.3632,0,NORMAL,20.0,7.0,8.2,8.5
19235,0.4249,0,NORMAL,19.8,6.8,9.0,8.5
19236,0.8126,0,WARNING,20.3,7.5,9.6,7.8
19237,0.4286,0,NORMAL,20.0,8.1,10.7,10.1
19238,0.3683,0,NORMAL,20.0,7.8,9.8,7.5
19239,0.3629,0,NORMAL,20.0,7.6,9.1,7.8
19240,0.3617,0,NORMAL,19.9,7.2,8.9,8.5
19241,0.3609,0,NORMAL,19.7,6.9,7.9,8.2
19242,0.349,0,NORMAL,19.9,7.4,9.1,9.0
19243,0.336,0,NORMAL,19.8,7.4,9.2,8.3
19244,0.3483,0,NORMAL,19.6,5.8,8.3,8.1
19245,0.3386,0,NORMAL,19.8,7.1,7.9,8.2
19246,0.3371,0,NORMAL,19.9,6.7,9.5,8.7
19247,0.346,0,NORMAL,19.6,6.2,8.2,8.7
19248,0.3376,0,NORMAL,20.0,6.6,8.1,7.1
19249,0.3259,0,NORMAL,19.6,7.1,9.0,8.6
19250,0.3546,0,NORMAL,19.8,7.0,9.5,7.9
19251,0.8178,0,WARNING,20.1,8.4,9.5,9.4
19252,0.3361,0,NORMAL,20.0,6.8,8.7,7.5
19253,0.3373,0,NORMAL,19.8,5.4,6.6,7.2
19254,0.3506,0,NORMAL,19.9,7.0,8.8,8.1
19255,0.3623,0,NORMAL,20.0,7.6,8.8,8.4
19256,0.3611,0,NORMAL,20.0,8.0,8.7,7.6
19257,0.3486,0,NORMAL,19.9,7.5,8.7,8.1
19258,0.3241,0,NORMAL,19.9,6.6,7.6,7.3
19259,0.3367,0,NORMAL,19.9,6.7,8.6,8.8
19260,0.3583,0,NORMAL,19.6,7.2,9.8,8.6
19261,0.3256,0,NORMAL,19.6,7.0,8.8,8.6
19262,0.3378,0,NORMAL,19.9,6.8,8.2,7.4
19263,0.3505,0,NORMAL,19.9,6.9,8.3,8.0
19264,0.3502,0,NORMAL,20.0,6.6,8.2,8.7
19265,0.3799,0,NORMAL,20.2,7.8,10.1,8.9
19266,0.8127,0,WARNING,20.1,7.0,7.6,7.3
19267,0.325,0,NORMAL,19.7,6.5,8.0,8.6
19268,0.326,0,NORMAL,19.8,8.0,9.0,8.7
19269,0.337,0,NORMAL,19.9,6.3,7.7,6.9
19270,0.3505,0,NORMAL,20.1,7.0,8.8,8.2
19271,0.3622,0,NORMAL,19.8,7.5,9.5,8.6
19272,0.356,0,NORMAL,19.9,7.7,8.9,8.1
19273,0.3239,0,NORMAL,19.9,6.6,8.0,8.0
19274,0.3445,0,NORMAL,19.8,7.3,8.7,7.3
19275,0.3501,0,NORMAL,19.9,7.5,9.2,8.4
19276,0.3495,0,NORMAL,19.8,7.8,9.3,7.9
19277,0.3493,0,NORMAL,20.1,6.8,9.0,8.3
19278,0.3502,0,NORMAL,20.0,7.8,8.7,8.0
19279,0.3373,0,NORMAL,19.7,6.9,9.3,8.0
19280,0.3382,0,NORMAL,19.9,6.6,8.1,7.9
19281,0.8182,0,WARNING,20.1,8.1,8.7,7.6
19282,0.3495,0,NORMAL,19.9,6.5,7.8,8.0
19283,0.3497,0,NORMAL,20.1,6.6,8.7,8.4
19284,0.3623,0,NORMAL,20.1,6.5,8.2,8.0
19285,0.3739,0,NORMAL,19.8,6.4,7.1,7.3
19286,0.7879,0,WARNING,19.9,10.0,8.9,7.7
19287,0.4198,0,NORMAL,19.8,7.7,8.5,8.5
19288,0.3461,0,NORMAL,20.0,6.5,8.5,8.4
19289,0.348,0,NORMAL,19.9,6.0,7.4,6.9
19290,0.4903,0,NORMAL,19.9,7.1,8.3,8.1
19291,0.3245,0,NORMAL,19.8,6.9,8.3,7.6
19292,0.3253,0,NORMAL,20.0,6.4,8.4,7.7
19293,0.3383,0,NORMAL,20.0,6.8,8.2,7.4
19294,0.3384,0,NORMAL,20.0,6.6,8.4,8.5
19295,0.3253,0,NORMAL,19.9,6.3,8.0,8.5
19296,0.8166,0,WARNING,20.1,6.8,7.6,8.0
19297,0.3245,0,NORMAL,19.9,7.7,8.8,9.0
19298,0.3661,0,NORMAL,20.0,7.2,9.8,9.1
19299,0.3375,0,NORMAL,20.0,7.0,8.2,7.9
19300,0.3492,0,NORMAL,20.0,6.6,7.7,7.8
19301,0.4549,0,NORMAL,20.0,8.6,8.4,7.2
19302,0.3357,0,NORMAL,20.0,8.1,9.1,8.6
19303,0.2972,0,NORMAL,19.9,6.4,7.8,7.5
19304,0.285,0,NORMAL,19.5,6.4,8.1,7.6
19305,0.3001,0,NORMAL,19.6,5.2,6.0,6.5
19306,0.3264,0,NORMAL,19.6,5.8,7.3,7.1
19307,0.3393,0,NORMAL,19.9,6.7,7.2,6.5
19308,0.3512,0,NORMAL,19.9,6.1,7.4,6.4
19309,0.3641,0,NORMAL,19.9,6.6,7.8,7.1
19310,0.3636,0,NORMAL,20.0,6.2,7.1,6.9
19311,0.8236,0,WARNING,20.2,6.4,6.6,6.8
19312,0.3628,0,NORMAL,19.9,6.4,6.6,5.9
19313,0.3508,0,NORMAL,20.0,6.0,7.8,7.5
19314,0.352,0,NORMAL,19.9,6.5,6.7,6.7
19315,0.3383,0,NORMAL,19.8,6.7,7.0,6.2
19316,0.3501,0,NORMAL,20.0,6.5,7.2,6.5
19317,0.3256,0,NORMAL,19.7,6.9,7.1,5.9
19318,0.3257,0,NORMAL,19.7,6.6,7.2,6.4
19319,0.3266,0,NORMAL,19.8,6.6,7.8,6.6
19320,0.4633,0,NORMAL,19.8,7.8,8.7,7.5
19321,0.3259,0,NORMAL,19.8,7.4,8.2,6.2
19322,0.3388,0,NORMAL,19.7,6.4,7.2,5.8
19323,0.3524,0,NORMAL,19.9,7.8,8.0,7.0
19324,0.3384,0,NORMAL,19.9,7.5,8.7,6.8
19325,0.3637,0,NORMAL,19.9,7.2,7.9,6.9
19326,0.8222,0,WARNING,20.3,7.4,7.5,6.7
19327,0.3628,0,NORMAL,19.8,6.7,7.9,8.6
19328,0.3263,0,NORMAL,19.8,5.8,6.8,6.7
19329,0.3673,0,NORMAL,19.8,7.3,7.1,6.3
19330,0.3501,0,NORMAL,19.6,6.2,6.9,6.0
19331,0.3737,0,NORMAL,19.8,6.9,6.8,5.6
19332,0.3796,0,NORMAL,19.8,5.6,5.5,5.8
19333,0.3392,0,NORMAL,19.7,6.9,7.1,6.8
19334,0.3385,0,NORMAL,19.9,6.4,7.2,6.4
19335,0.3389,0,NORMAL,19.9,6.0,6.4,6.4
19336,0.3268,0,NORMAL,19.6,6.5,7.4,6.2
19337,0.3403,0,NORMAL,19.7,5.8,6.7,5.7
19338,0.3528,0,NORMAL,19.8,5.2,5.5,5.6
19339,0.3526,0,NORMAL,19.7,6.9,7.4,6.7
19340,0.3638,0,NORMAL,19.9,6.2,6.2,5.3
19341,0.7741,0,WARNING,20.0,9.8,7.3,6.4
19342,0.359,0,NORMAL,19.9,4.8,4.8,5.1
19343,0.3624,0,NORMAL,20.0,6.2,6.6,6.0
19344,0.3628,0,NORMAL,19.6,5.8,5.6,5.1
19345,0.3521,0,NORMAL,19.7,5.0,4.5,5.3
19346,0.5244,0,NORMAL,19.9,8.5,8.0,7.6
19347,0.3366,0,NORMAL,19.7,6.6,7.3,4.7
19348,0.5302,0,NORMAL,19.7,6.5,7.7,6.9
19349,0.3396,0,NORMAL,19.6,5.4,4.9,5.3
19350,0.3521,0,NORMAL,19.7,6.6,7.2,5.6
19351,0.3529,0,NORMAL,19.6,5.7,6.2,5.3
19352,0.3537,0,NORMAL,19.9,6.9,7.1,6.3
19353,0.693,0,WARNING,19.9,8.6,10.6,7.2
19354,0.3764,0,NORMAL,19.7,6.9,7.3,5.7
19355,0.3879,0,NORMAL,19.7,5.5,5.7,5.6
19356,0.8262,0,WARNING,20.1,7.2,7.6,6.8
19357,0.3637,0,NORMAL,20.0,6.3,7.1,7.2
19358,0.352,0,NORMAL,19.9,6.3,7.0,6.1
19359,0.3638,0,NORMAL,19.9,5.7,6.0,6.0
19360,0.3756,0,NORMAL,19.8,6.2,5.8,4.7
19361,0.4917,0,NORMAL,19.8,6.5,5.1,4.6
19362,0.3507,0,NORMAL,19.5,6.0,6.3,7.0
19363,0.3255,0,NORMAL,19.7,4.5,4.5,5.0
19364,0.3147,0,NORMAL,19.6,6.0,5.6,5.2
19365,0.5792,1,NORMAL,19.5,3.6,4.1,4.8
19366,0.4106,1,NORMAL,19.8,5.5,5.1,5.8
19367,0.3993,1,NORMAL,19.7,4.1,4.0,5.2
19368,0.9976,1,ANOMALY,12.2,15.7,17.7,12.9
19369,0.9695,1,WARNING,6.8,13.2,17.7,11.9
19370,0.8491,1,WARNING,13.8,8.3,13.7,10.6
19371,0.8583,1,WARNING,18.5,8.9,14.5,10.2
19372,0.9323,1,WARNING,20.3,8.3,17.4,12.8
19373,0.8887,1,WARNING,19.9,8.2,14.8,11.0
19374,0.8743,1,WARNING,18.7,7.9,13.3,10.6
19375,0.928,1,WARNING,19.2,8.9,14.2,12.1
19376,0.9669,1,WARNING,17.5,14.9,22.1,16.3
19377,0.9995,1,ANOMALY,27.0,11.9,34.6,23.1
19378,0.9996,1,ANOMALY,33.0,9.3,39.6,27.7
19379,1.0,1,ANOMALY,35.6,9.4,41.9,32.9
19380,1.0,1,ANOMALY,39.5,13.8,50.9,36.5
19381,1.0,1,ANOMALY,44.8,14.3,64.6,39.5
19382,1.0,1,ANOMALY,48.5,12.4,62.3,35.7
19383,1.0,1,ANOMALY,50.7,10.0,45.0,29.9
19384,1.0,1,ANOMALY,52.3,15.0,54.8,43.3
19385,1.0,1,ANOMALY,54.3,16.4,62.2,40.5
19386,1.0,1,ANOMALY,56.2,13.3,64.5,39.0
19387,1.0,1,ANOMALY,57.1,13.0,76.0,53.7
19388,1.0,1,ANOMALY,57.9,16.7,95.6,66.6
19389,1.0,1,ANOMALY,58.4,13.9,79.2,57.0
19390,1.0,1,ANOMALY,59.0,12.8,51.7,34.8
19391,1.0,1,ANOMALY,53.9,14.0,36.6,32.9
19392,1.0,1,ANOMALY,39.0,5.1,7.0,3.3
19393,1.0,1,ANOMALY,35.4,3.9,3.4,3.1
19394,1.0,1,ANOMALY,32.9,5.6,5.5,5.6
19395,1.0,1,ANOMALY,31.5,4.8,4.7,5.7
19396,1.0,1,ANOMALY,29.8,5.0,4.6,5.1
19397,1.0,1,ANOMALY,28.9,4.7,3.6,4.3
19398,1.0,1,ANOMALY,28.0,5.1,3.5,5.2
19399,1.0,1,ANOMALY,27.1,5.0,4.8,4.8
19400,1.0,1,ANOMALY,26.6,4.6,3.9,4.5
19401,1.0,1,ANOMALY,26.1,5.5,3.4,3.8
19402,1.0,1,ANOMALY,25.1,4.1,3.8,4.6
19403,1.0,1,ANOMALY,24.9,6.0,5.6,5.7
19404,1.0,1,ANOMALY,24.5,4.3,4.0,4.5
19405,1.0,1,ANOMALY,24.2,4.9,3.4,4.1
19406,1.0,0,ANOMALY,23.7,6.9,3.2,3.8
19407,1.0,0,ANOMALY,23.4,5.2,4.0,5.5
19408,1.0,0,ANOMALY,23.0,5.4,3.3,3.8
19409,1.0,0,ANOMALY,22.7,4.8,3.9,3.9
19410,0.9999,0,ANOMALY,22.3,4.0,3.8,4.0
19411,0.9981,0,ANOMALY,22.2,5.1,3.6,3.6
19412,0.9747,0,WARNING,21.8,4.9,4.0,3.5
19413,0.7051,0,WARNING,21.8,4.5,4.2,4.6
19414,0.4275,0,NORMAL,21.7,5.4,3.8,4.0
19415,0.3146,0,NORMAL,21.4,3.7,2.3,3.5
19416,0.8409,0,WARNING,21.8,4.7,3.1,4.0
19417,0.4109,0,NORMAL,21.5,4.2,3.8,5.3
19418,0.3173,0,NORMAL,21.1,4.6,3.0,3.3
19419,0.7661,0,WARNING,20.9,6.5,2.5,3.2
19420,0.2998,0,NORMAL,19.4,4.6,3.4,3.8
19421,0.3141,0,NORMAL,19.4,4.9,2.8,3.5
19422,0.3269,0,NORMAL,19.3,4.8,2.6,3.5
19423,0.3839,0,NORMAL,19.2,4.8,3.6,4.5
19424,0.3531,0,NORMAL,19.2,4.9,3.7,4.8
19425,0.3522,0,NORMAL,19.2,4.3,3.2,4.2
19426,0.3644,0,NORMAL,19.1,4.4,3.8,5.0
19427,0.3526,0,NORMAL,18.7,3.7,2.8,3.3
19428,0.3293,0,NORMAL,18.8,3.8,3.1,3.8
19429,0.3172,0,NORMAL,18.8,4.2,2.6,3.9
19430,0.3295,0,NORMAL,18.8,4.3,3.2,3.8
19431,0.842,0,WARNING,18.9,5.0,3.5,4.2
19432,0.303,0,NORMAL,18.6,4.2,2.8,3.7
19433,0.3033,0,NORMAL,18.4,4.7,3.6,3.8
19434,0.3165,0,NORMAL,18.4,4.4,2.6,3.2
19435,0.329,0,NORMAL,18.2,4.8,2.9,3.5
19436,0.3411,0,NORMAL,18.3,5.6,3.0,3.3
19437,0.3286,0,NORMAL,18.3,4.6,3.2,3.8
19438,0.3162,0,NORMAL,18.3,5.2,3.7,3.9
19439,0.3165,0,NORMAL,18.3,4.2,3.1,4.5
19440,0.3157,0,NORMAL,18.0,3.5,2.4,3.2
19441,0.3172,0,NORMAL,18.0,4.0,2.3,2.1
19442,0.3053,0,NORMAL,18.1,3.7,2.5,3.3
19443,0.2923,0,NORMAL,18.1,3.7,2.3,2.4
19444,0.2924,0,NORMAL,18.0,5.6,4.1,4.2
19445,0.291,0,NORMAL,18.1,3.9,2.5,2.6
19446,0.8466,0,WARNING,18.2,4.5,2.4,2.6
19447,0.3303,0,NORMAL,17.9,4.0,3.2,4.9
19448,0.3306,0,NORMAL,18.0,4.1,2.4,2.6
19449,0.3432,0,NORMAL,18.1,4.7,3.2,3.1
19450,0.3297,0,NORMAL,17.9,4.3,2.4,2.6
19451,0.291,0,NORMAL,17.7,4.7,3.1,3.5
19452,0.3222,0,NORMAL,17.9,4.3,2.9,3.0
19453,0.2771,0,NORMAL,17.9,4.0,2.4,3.0
19454,0.4195,0,NORMAL,17.8,4.9,2.4,3.1
19455,0.3039,0,NORMAL,17.6,3.2,1.9,2.7
19456,0.3177,0,NORMAL,18.0,3.2,2.1,2.3
19457,0.3188,0,NORMAL,18.1,4.4,2.3,2.1
19458,0.3055,0,NORMAL,17.9,4.1,3.1,3.8
19459,0.3177,0,NORMAL,18.0,3.7,2.4,2.6
19460,0.3181,0,NORMAL,17.7,3.5,1.9,2.5
19461,0.8019,0,WARNING,17.9,7.2,2.1,2.8
19462,0.2991,0,NORMAL,17.9,3.5,2.5,2.8
19463,0.3153,0,NORMAL,17.9,4.6,2.0,2.0
19464,0.3162,0,NORMAL,17.7,3.1,2.1,2.8
19465,0.3428,0,NORMAL,18.0,3.2,2.2,2.5
19466,0.3889,0,NORMAL,18.0,4.7,2.1,2.8
19467,0.3162,0,NORMAL,17.9,4.3,2.1,2.5
19468,0.2903,0,NORMAL,17.8,4.3,2.4,2.6
19469,0.3172,0,NORMAL,17.7,4.3,2.9,2.3
19470,0.3307,0,NORMAL,17.6,3.7,2.5,2.6
19471,0.3055,0,NORMAL,17.7,3.4,2.7,3.0
19472,0.2802,0,NORMAL,17.6,4.0,2.5,2.4
19473,0.266,0,NORMAL,17.7,3.1,1.4,1.8
19474,0.3094,0,NORMAL,17.7,4.0,1.2,1.3
19475,0.2864,0,NORMAL,17.5,3.2,1.3,1.6
19476,0.8516,0,WARNING,18.0,4.1,2.4,2.8
19477,0.2795,0,NORMAL,17.6,4.3,2.9,4.1
19478,0.2791,0,NORMAL,17.8,4.3,2.4,2.8
19479,0.2917,0,NORMAL,17.8,3.7,2.0,2.3
19480,0.3053,0,NORMAL,17.7,3.5,1.4,2.1
19481,0.3832,0,NORMAL,17.7,4.3,1.8,2.4
19482,0.2901,0,NORMAL,17.5,3.6,2.0,1.9
19483,0.3178,0,NORMAL,17.7,3.9,2.5,2.9
19484,0.3304,0,NORMAL,17.8,3.8,1.9,2.7
19485,0.3302,0,NORMAL,17.7,3.3,1.8,2.1
19486,0.3181,0,NORMAL,17.9,3.9,2.2,3.0
19487,0.3176,0,NORMAL,17.6,2.9,1.8,2.1
19488,0.3191,0,NORMAL,17.9,4.2,2.6,2.8
19489,0.3184,0,NORMAL,17.6,3.7,2.2,2.5
19490,0.3096,0,NORMAL,17.5,2.7,1.0,1.2
19491,0.8517,0,WARNING,18.1,4.2,2.5,2.9
19492,0.3187,0,NORMAL,17.8,3.7,2.0,2.0
19493,0.3188,0,NORMAL,17.6,3.8,2.0,2.3
19494,0.3317,0,NORMAL,17.8,3.4,1.4,2.2
19495,0.3437,0,NORMAL,17.8,3.6,1.9,1.6
19496,0.3442,0,NORMAL,17.9,4.6,1.6,1.8
19497,0.3307,0,NORMAL,17.8,4.1,1.9,2.4
19498,0.3299,0,NORMAL,17.8,3.8,2.0,2.5
19499,0.3094,0,NORMAL,17.7,3.5,1.0,1.3
19500,0.2825,0,NORMAL,17.4,3.2,1.3,1.5
19501,0.2957,0,NORMAL,17.4,3.3,1.4,1.6
19502,0.3072,0,NORMAL,17.7,3.4,1.5,1.8
19503,0.3068,0,NORMAL,17.7,3.5,1.9,2.1
19504,0.2935,0,NORMAL,17.7,3.7,1.4,1.8
19505,0.2934,0,NORMAL,17.6,3.5,1.3,1.8
19506,0.9746,0,WARNING,18.1,4.9,1.1,1.5
19507,0.305,0,NORMAL,17.7,3.6,1.7,3.1
19508,0.3058,0,NORMAL,17.7,4.2,2.5,2.8
19509,0.2658,0,NORMAL,17.4,3.6,1.8,2.0
19510,0.2782,0,NORMAL,17.6,4.0,1.4,2.0
19511,0.2895,0,NORMAL,17.6,2.9,1.3,1.8
19512,0.3572,0,NORMAL,17.6,4.5,1.3,1.1
19513,0.3009,0,NORMAL,17.3,3.7,2.3,2.1
19514,0.3092,0,NORMAL,17.6,3.3,0.8,0.8
19515,0.3216,0,NORMAL,17.6,3.9,1.4,1.8
19516,0.3003,0,NORMAL,17.5,3.7,1.6,1.8
19517,0.2958,0,NORMAL,17.4,3.3,1.3,1.5
19518,0.3089,0,NORMAL,17.4,3.1,1.2,1.3
19519,0.3188,0,NORMAL,17.4,3.4,1.4,1.6
19520,0.3205,0,NORMAL,17.4,3.3,1.2,1.3
19521,0.8556,0,WARNING,17.7,4.0,1.1,1.7
19522,0.3087,0,NORMAL,17.6,3.1,1.4,1.6
19523,0.3165,0,NORMAL,17.7,4.3,1.4,1.8
19524,0.2924,0,NORMAL,17.8,3.5,2.1,1.7
19525,0.617,0,WARNING,17.9,6.3,1.5,1.4
19526,0.6668,0,WARNING,17.9,5.1,0.9,1.2
19527,0.3036,0,NORMAL,17.8,3.6,1.6,2.1
19528,0.3095,0,NORMAL,17.7,3.5,1.4,1.3
19529,0.2963,0,NORMAL,17.7,4.1,1.4,2.0
19530,0.3092,0,NORMAL,17.8,2.8,1.1,1.3
19531,0.3209,0,NORMAL,17.8,4.2,1.6,1.4
19532,0.309,0,NORMAL,17.5,2.6,1.0,0.9
19533,0.3321,0,NORMAL,17.7,3.5,1.2,1.1
19534,0.3358,0,NORMAL,17.8,3.9,1.7,1.4
19535,0.4138,1,NORMAL,17.8,3.2,1.4,1.8
19536,0.8536,1,WARNING,18.0,4.3,2.5,2.8
19537,0.3093,1,NORMAL,17.8,3.9,1.4,2.6
19538,0.2815,1,NORMAL,17.8,3.6,1.9,1.7
19539,0.3096,1,NORMAL,17.7,3.3,1.1,1.3
19540,1.0,1,ANOMALY,20.7,19.2,1.4,1.3
19541,0.841,1,WARNING,18.2,5.0,1.5,1.6
19542,0.3112,1,NORMAL,17.8,4.0,1.3,1.3
19543,0.3146,0,NORMAL,17.8,3.8,1.3,1.3
19544,0.3095,0,NORMAL,17.7,3.5,0.7,0.8
19545,0.3172,0,NORMAL,17.8,3.0,1.2,1.3
19546,0.319,0,NORMAL,17.8,3.5,1.8,1.9
19547,0.3063,0,NORMAL,17.6,4.0,1.9,1.9
19548,0.2935,0,NORMAL,17.7,3.1,1.1,1.7
19549,0.3197,0,NORMAL,17.8,4.0,1.5,1.4
19550,0.3442,0,NORMAL,17.9,3.3,1.0,1.2
19551,0.8545,0,WARNING,18.1,3.7,1.0,1.0
19552,0.3444,0,NORMAL,17.9,3.7,1.3,1.6
19553,0.348,0,NORMAL,17.8,3.1,1.2,1.5
19554,0.319,0,NORMAL,17.6,2.9,0.9,0.9
19555,0.3332,0,NORMAL,17.7,3.2,1.2,1.3
19556,0.3937,0,NORMAL,17.7,4.4,1.1,1.5
19557,0.3311,0,NORMAL,17.7,3.9,1.3,1.8
19558,0.8489,0,WARNING,17.8,6.3,1.3,1.6
19559,0.3089,0,NORMAL,17.7,3.2,0.7,1.1
19560,0.3113,0,NORMAL,17.7,3.8,1.0,1.1
19561,0.3499,0,NORMAL,17.7,2.8,0.9,0.6
19562,0.3291,0,NORMAL,17.7,3.5,1.1,1.3
19563,0.3239,0,NORMAL,17.8,4.1,1.5,1.1
19564,0.3216,0,NORMAL,17.8,3.9,1.4,1.3
19565,0.3154,0,NORMAL,17.9,3.1,1.5,1.6
19566,0.8549,0,WARNING,18.1,4.5,1.1,1.3
19567,0.309,0,NORMAL,17.9,3.4,1.3,2.3
19568,0.3144,0,NORMAL,18.0,4.2,2.4,2.6
19569,0.3098,0,NORMAL,17.8,3.5,1.2,1.3
19570,0.319,0,NORMAL,17.6,3.0,1.4,1.8
19571,0.3216,0,NORMAL,17.8,4.1,1.5,1.7
19572,0.4084,0,NORMAL,17.8,5.1,1.7,1.8
19573,0.3042,0,NORMAL,17.8,3.4,1.8,1.9
19574,0.3058,0,NORMAL,17.8,3.8,1.9,2.0
19575,0.9228,0,WARNING,18.1,8.0,1.5,1.4
19576,0.851,0,WARNING,18.1,3.9,1.8,1.6
19577,0.8527,0,WARNING,18.2,4.2,1.9,1.6
19578,0.3183,0,NORMAL,17.8,3.9,1.4,1.6
19579,0.3184,0,NORMAL,17.6,3.2,1.1,1.3
19580,0.319,0,NORMAL,17.8,3.5,1.1,1.0
19581,0.9747,0,WARNING,18.4,6.8,1.5,1.6
19582,0.3096,0,NORMAL,17.8,4.0,1.2,0.9
19583,0.3167,0,NORMAL,17.8,3.7,1.2,1.3
19584,0.318,0,NORMAL,17.8,3.7,0.9,0.9
19585,0.3243,0,NORMAL,17.6,3.2,1.4,1.4
19586,0.4476,0,NORMAL,17.7,4.5,1.2,1.1
19587,0.3209,0,NORMAL,17.8,3.2,1.2,1.3
19588,0.3192,0,NORMAL,17.8,3.2,1.0,0.9
19589,0.35,0,NORMAL,17.9,3.2,0.5,0.6
19590,0.3498,0,NORMAL,17.7,3.9,1.1,0.8
19591,0.3392,0,NORMAL,17.9,2.7,0.9,1.1
19592,0.9993,0,ANOMALY,18.7,7.5,1.3,1.3
19593,0.3306,0,NORMAL,17.9,3.0,1.1,1.5
19594,0.3438,0,NORMAL,17.9,4.2,1.4,1.1
19595,0.3431,0,NORMAL,17.9,3.6,1.2,1.7
19596,0.8523,0,WARNING,18.1,3.6,0.8,0.6
19597,0.3317,0,NORMAL,17.7,3.6,1.2,2.3
19598,0.3325,0,NORMAL,17.9,3.6,1.2,1.3
19599,0.3443,0,NORMAL,17.7,3.3,1.1,1.5
19600,0.3568,0,NORMAL,18.0,3.0,0.8,1.1
19601,0.357,0,NORMAL,18.1,4.0,1.3,1.3
19602,0.3558,0,NORMAL,18.1,3.5,0.8,0.8
19603,0.3432,0,NORMAL,18.1,3.9,1.1,1.3
19604,0.3434,0,NORMAL,17.7,2.8,0.9,1.1
19605,0.3325,0,NORMAL,18.0,3.8,1.0,0.9
19606,0.494,0,NORMAL,18.0,3.9,0.9,1.1
19607,0.3324,0,NORMAL,17.8,3.1,1.0,1.0
19608,0.35,0,NORMAL,17.9,3.0,0.7,0.6
19609,0.9993,0,ANOMALY,18.7,15.5,0.9,1.1
19610,0.326,0,NORMAL,17.9,2.4,0.9,1.2
19611,0.3298,0,NORMAL,18.0,3.9,1.3,1.1
19612,0.3306,0,NORMAL,17.9,4.0,1.1,1.3
19613,0.3185,0,NORMAL,17.7,2.6,0.7,0.8
19614,0.8548,0,WARNING,18.1,4.2,0.6,0.6
19615,0.3498,0,NORMAL,17.6,3.1,1.0,0.8
19616,0.345,0,NORMAL,18.0,3.6,1.1,1.3
19617,0.3311,0,NORMAL,17.6,3.4,1.0,0.9
19618,0.35,0,NORMAL,17.8,3.1,0.9,0.6
19619,0.3479,0,NORMAL,17.7,3.6,1.1,1.1
19620,0.3367,0,NORMAL,17.9,2.7,1.0,1.0
19621,0.3508,0,NORMAL,17.9,3.5,1.9,1.7
19622,0.3452,0,NORMAL,18.0,3.2,0.9,0.9
19623,0.3451,0,NORMAL,18.0,3.7,1.0,0.9
19624,0.4211,0,NORMAL,18.1,4.7,2.0,1.6
19625,0.3567,0,NORMAL,18.0,3.2,0.9,0.6
19626,0.8554,0,WARNING,18.1,3.5,0.9,0.9
19627,0.3568,0,NORMAL,17.9,3.1,0.7,2.1
19628,0.3565,0,NORMAL,18.0,3.6,1.6,2.0
19629,0.3682,0,NORMAL,18.0,3.4,1.2,1.2
19630,0.3683,0,NORMAL,17.7,3.5,0.9,1.0
19631,0.3559,0,NORMAL,17.8,3.1,1.0,1.0
19632,0.3565,0,NORMAL,17.8,3.9,1.3,1.1
19633,0.3442,0,NORMAL,17.7,3.5,1.2,1.8
19634,0.3318,0,NORMAL,17.7,3.1,1.3,1.6
19635,0.3327,0,NORMAL,17.7,3.0,1.0,1.0
19636,0.3453,0,NORMAL,18.0,3.2,1.4,1.1
19637,0.3454,0,NORMAL,18.0,3.7,1.3,1.3
19638,0.3569,0,NORMAL,18.0,2.8,1.0,1.2
19639,0.8115,0,WARNING,17.9,5.9,1.0,1.5
19640,0.9994,0,ANOMALY,18.0,17.0,1.0,1.3
19641,0.7691,0,WARNING,18.2,3.0,1.0,1.2
19642,0.343,0,NORMAL,18.0,3.0,1.0,1.2
19643,0.3494,0,NORMAL,18.0,3.0,0.8,1.1
19644,0.3646,0,NORMAL,18.1,3.0,0.7,0.8
19645,0.816,0,WARNING,18.2,6.3,1.0,1.5
19646,0.3492,0,NORMAL,18.0,3.8,1.1,1.3
19647,0.3398,0,NORMAL,18.0,3.5,1.9,2.1
19648,0.3414,0,NORMAL,18.0,4.3,1.6,1.9
19649,0.3507,0,NORMAL,17.8,2.7,0.7,0.6
19650,0.3501,0,NORMAL,18.0,3.1,0.7,0.6
19651,0.3447,0,NORMAL,18.0,3.5,1.3,1.3
19652,0.3501,0,NORMAL,17.7,2.6,0.6,0.6
19653,0.3523,0,NORMAL,17.9,3.8,0.8,0.9
19654,0.3401,0,NORMAL,17.7,3.6,1.2,1.5
19655,0.3319,0,NORMAL,17.7,2.4,1.1,1.5
19656,0.8547,0,WARNING,18.1,3.8,0.8,1.1
19657,0.3193,0,NORMAL,17.9,3.3,1.3,2.6
19658,0.32,0,NORMAL,17.9,3.6,1.1,1.5
19659,0.3504,0,NORMAL,17.7,2.7,0.5,0.6
19660,0.3452,0,NORMAL,17.8,3.5,1.2,1.1
19661,0.359,0,NORMAL,18.0,4.1,1.0,1.2
19662,0.3307,0,NORMAL,17.7,4.0,1.6,1.6
19663,0.3313,0,NORMAL,18.0,3.9,1.9,1.7
19664,0.3505,0,NORMAL,17.6,2.6,0.7,0.6
19665,0.3326,0,NORMAL,17.9,3.0,0.9,1.1
19666,0.3361,0,NORMAL,17.7,3.2,1.4,1.3
19667,0.3451,0,NORMAL,17.8,3.2,1.4,1.6
19668,0.3456,0,NORMAL,18.1,4.0,0.9,1.1
19669,0.3439,0,NORMAL,18.0,2.8,1.0,1.3
19670,0.345,0,NORMAL,17.9,3.0,0.9,1.2
19671,0.8541,0,WARNING,18.3,3.8,1.3,1.5
19672,0.3444,0,NORMAL,18.0,3.5,1.4,1.3
19673,0.3446,0,NORMAL,18.0,3.5,0.9,1.5
19674,0.4109,0,NORMAL,17.8,2.3,1.1,1.3
19675,0.4007,0,NORMAL,17.9,4.0,0.7,0.6
19676,0.3312,0,NORMAL,18.1,3.6,1.6,1.4
19677,0.3272,0,NORMAL,18.0,4.6,2.1,2.4
19678,0.3047,0,NORMAL,18.0,3.3,1.2,1.5
19679,0.3091,0,NORMAL,18.0,3.6,1.0,1.2
19680,0.309,0,NORMAL,18.0,3.3,1.2,1.0
19681,0.3173,0,NORMAL,17.9,3.1,1.5,1.6
19682,0.3168,0,NORMAL,17.7,3.5,1.2,1.1
19683,0.3232,0,NORMAL,18.0,3.9,1.5,1.4
19684,0.3182,0,NORMAL,18.0,3.2,1.3,1.5
19685,0.3236,0,NORMAL,18.0,3.2,1.0,1.0
19686,0.9751,0,WARNING,18.5,4.6,1.1,1.5
19687,0.3502,0,NORMAL,17.7,2.9,0.9,1.9
19688,0.324,0,NORMAL,18.0,4.2,2.1,1.9
19689,0.3188,0,NORMAL,17.7,3.4,1.1,1.1
19690,0.3325,0,NORMAL,17.8,3.3,0.8,0.9
19691,0.3338,0,NORMAL,17.9,3.7,0.7,0.8
19692,0.4154,0,NORMAL,17.7,3.9,1.4,1.3
19693,0.3198,0,NORMAL,17.9,4.0,1.7,1.6
19694,0.3096,0,NORMAL,17.9,3.3,1.0,1.3
19695,0.3137,0,NORMAL,17.7,2.6,0.9,0.9
19696,0.3384,0,NORMAL,17.9,3.0,1.0,0.9
19697,0.3427,0,NORMAL,18.0,3.6,1.1,1.0
19698,0.3333,0,NORMAL,18.0,4.1,1.2,1.3
19699,0.3321,0,NORMAL,18.0,4.1,1.2,1.3
19700,0.3318,0,NORMAL,17.7,2.9,1.0,1.5
19701,0.8542,0,WARNING,18.3,7.1,1.5,1.3
19702,0.3114,0,NORMAL,17.7,3.5,1.5,2.0
19703,0.291,0,NORMAL,17.9,3.7,1.4,1.8
19704,0.3617,0,NORMAL,17.9,4.0,1.4,1.6
19705,0.3053,0,NORMAL,17.9,4.2,1.7,2.1
19706,0.3042,0,NORMAL,17.6,3.3,1.3,1.6
19707,0.309,0,NORMAL,17.9,4.2,1.7,1.4
19708,0.305,0,NORMAL,17.9,4.0,1.4,2.1
19709,0.318,0,NORMAL,17.6,3.4,1.1,1.7
19710,0.3089,0,NORMAL,18.0,3.7,1.1,1.3
19711,0.3378,0,NORMAL,18.0,4.0,1.5,1.6
19712,0.3089,0,NORMAL,18.1,3.0,1.3,1.3
19713,0.5795,0,NORMAL,18.0,6.1,5.5,3.6
19714,0.3103,0,NORMAL,17.9,3.3,1.4,1.3
19715,0.35,0,NORMAL,17.8,3.7,1.8,1.8
19716,0.3727,0,NORMAL,18.0,3.5,1.2,1.8
19717,0.3067,0,NORMAL,17.9,4.5,2.2,3.3
19718,0.3189,0,NORMAL,18.1,3.6,1.3,1.8
19719,0.3313,0,NORMAL,17.9,3.2,1.0,1.3
19720,0.3445,0,NORMAL,18.1,3.5,1.2,1.3
19721,0.3445,0,NORMAL,18.1,3.8,1.3,1.8
19722,0.3307,0,NORMAL,17.9,4.5,2.3,2.6
19723,0.3302,0,NORMAL,18.1,4.2,2.3,2.3
19724,0.3047,0,NORMAL,18.0,3.3,1.3,1.5
19725,0.2925,0,NORMAL,17.8,3.4,1.9,1.9
19726,0.3068,0,NORMAL,17.8,4.0,1.9,2.1
19727,0.2926,0,NORMAL,17.8,3.7,1.6,1.9
19728,0.2935,0,NORMAL,18.0,3.9,1.9,1.9
19729,0.2933,0,NORMAL,18.0,3.5,1.9,2.3
19730,0.2931,0,NORMAL,17.8,3.4,1.8,2.1
19731,0.3193,0,NORMAL,18.0,3.6,1.1,1.5
19732,0.7707,0,WARNING,18.0,6.5,2.3,2.6
19733,0.9847,0,WARNING,18.3,11.5,1.7,2.1
19734,0.9888,0,WARNING,18.3,12.2,2.3,2.6
19735,0.9854,0,WARNING,18.1,11.7,1.9,2.2
19736,0.9912,0,ANOMALY,18.4,12.9,1.9,1.9
19737,0.9906,0,ANOMALY,18.3,13.0,2.3,2.3
19738,0.9899,0,WARNING,18.3,12.5,1.7,1.8
19739,0.9856,0,WARNING,18.2,11.7,1.2,1.3
19740,0.9877,0,WARNING,18.3,12.2,2.1,2.4
19741,0.9893,0,WARNING,18.0,11.8,1.5,1.3
19742,0.9874,0,WARNING,18.0,12.2,1.6,2.0
19743,0.9901,0,WARNING,18.3,12.3,1.8,1.9
19744,0.9858,0,WARNING,18.1,11.8,1.7,2.3
19745,0.9891,0,WARNING,18.4,12.5,2.0,1.9
19746,0.9858,0,WARNING,18.4,12.4,2.0,2.2
19747,0.9895,0,WARNING,18.3,12.6,1.9,3.1
19748,0.9871,0,WARNING,18.3,12.1,1.9,2.4
19749,0.9912,0,ANOMALY,18.4,13.1,2.4,3.0
19750,0.9911,0,ANOMALY,18.4,12.7,1.4,1.8
19751,0.9925,0,ANOMALY,18.3,13.4,2.4,3.3
19752,0.9925,0,ANOMALY,18.4,13.1,1.9,2.2
19753,0.9883,0,WARNING,18.4,12.2,1.8,2.7
19754,0.9894,0,WARNING,18.2,12.5,2.2,2.8
19755,0.9901,0,WARNING,18.2,12.4,1.8,2.0
19756,0.9914,0,ANOMALY,18.2,13.0,2.3,2.5
19757,0.9886,0,WARNING,18.2,12.2,2.4,3.1
19758,0.99,0,WARNING,18.4,13.3,2.2,2.5
19759,0.9087,0,WARNING,18.1,8.3,1.8,2.1
19760,0.304,0,NORMAL,18.3,3.8,3.0,3.5
19761,0.8088,0,WARNING,18.5,4.7,3.2,4.0
19762,0.8248,0,WARNING,18.4,4.1,2.3,2.8
19763,0.3251,0,NORMAL,18.2,4.4,2.5,2.6
19764,0.3868,0,NORMAL,18.0,3.7,2.3,2.6
19765,0.7232,0,WARNING,18.3,6.3,2.3,2.6
19766,0.3504,0,NORMAL,18.2,4.6,2.7,3.1
19767,0.339,0,NORMAL,18.0,4.6,2.0,2.4
19768,0.3276,0,NORMAL,18.2,4.2,2.8,3.5
19769,0.329,0,NORMAL,18.0,4.4,2.3,3.0
19770,0.3289,0,NORMAL,18.1,3.4,1.9,2.4
19771,0.3431,0,NORMAL,18.2,4.7,3.0,3.3
19772,0.3295,0,NORMAL,18.2,4.5,2.8,3.1
19773,0.3423,0,NORMAL,18.2,3.9,2.7,3.1
19774,0.3428,0,NORMAL,18.2,4.3,2.9,3.7
19775,0.342,0,NORMAL,18.2,4.5,3.2,4.0
19776,0.8418,0,WARNING,18.5,4.8,3.6,4.9
19777,0.3403,0,NORMAL,18.0,3.8,2.6,4.4
19778,0.342,0,NORMAL,18.2,4.6,3.0,3.2
19779,0.3547,0,NORMAL,18.3,4.3,3.1,3.7
19780,0.3658,0,NORMAL,18.4,5.2,3.9,4.1
19781,0.5329,0,NORMAL,18.3,4.4,3.1,3.7
19782,0.5663,0,NORMAL,18.1,5.8,3.2,4.2
19783,0.2877,0,NORMAL,18.1,4.3,3.3,4.1
19784,0.2892,0,NORMAL,17.9,4.7,4.1,3.9
19785,0.3037,0,NORMAL,18.0,5.1,4.1,4.8
19786,0.3156,0,NORMAL,18.3,4.1,3.3,4.7
19787,0.3493,0,NORMAL,18.0,4.4,3.6,4.0
19788,0.2912,0,NORMAL,18.1,4.6,2.8,3.8
19789,0.3159,0,NORMAL,18.3,4.5,3.9,4.8
19790,0.3284,0,NORMAL,18.3,4.9,4.1,5.0
19791,0.3279,0,NORMAL,18.2,4.5,3.3,4.4
19792,0.3283,0,NORMAL,18.2,5.0,3.6,3.9
19793,0.3533,0,NORMAL,18.4,5.1,4.7,5.3
19794,0.3514,0,NORMAL,18.4,6.4,4.8,5.5
19795,0.3267,0,NORMAL,18.3,5.2,4.3,5.0
19796,0.3145,0,NORMAL,18.1,5.5,4.9,5.5
19797,0.3268,0,NORMAL,18.4,6.2,5.5,6.5
19798,0.3257,0,NORMAL,18.2,3.9,2.9,4.2
19799,0.3396,0,NORMAL,18.5,4.3,4.3,5.7
19800,0.3402,0,NORMAL,18.4,5.3,4.7,5.3
19801,0.327,0,NORMAL,18.2,5.3,5.3,6.3
19802,0.3145,0,NORMAL,18.3,4.5,4.4,5.5
19803,0.3399,0,NORMAL,18.4,5.8,5.1,5.1
19804,0.3642,0,NORMAL,18.6,4.8,4.7,6.2
19805,0.352,0,NORMAL,18.6,5.1,3.7,5.0
19806,0.8327,0,WARNING,18.8,5.9,5.4,5.6
19807,0.8331,0,WARNING,18.6,5.4,3.6,5.7
19808,0.3267,0,NORMAL,18.4,5.0,4.4,5.4
19809,0.3394,0,NORMAL,18.4,5.2,5.3,7.2
19810,0.3414,0,NORMAL,18.2,5.5,4.7,6.2
19811,0.3312,0,NORMAL,18.3,5.8,4.5,5.7
19812,0.3248,0,NORMAL,18.4,4.9,4.8,6.7
19813,0.3256,0,NORMAL,18.4,6.1,6.3,6.5
19814,0.3384,0,NORMAL,18.3,4.9,5.2,3.5
19815,0.3288,0,NORMAL,18.4,4.8,4.6,4.8
19816,0.3288,0,NORMAL,18.3,6.0,5.9,6.5
19817,0.3274,0,NORMAL,18.3,5.2,5.2,5.1
19818,0.328,0,NORMAL,18.4,5.4,5.4,4.0
19819,0.3421,0,NORMAL,18.4,5.4,4.6,4.9
19820,0.3406,0,NORMAL,18.5,5.1,5.6,7.4
19821,0.8294,0,WARNING,18.8,8.6,5.8,5.6
19822,0.424,0,NORMAL,18.5,5.3,4.5,3.4
19823,0.3504,0,NORMAL,18.3,4.4,3.3,4.3
19824,0.3396,0,NORMAL,18.3,5.7,6.0,6.6
19825,0.3273,0,NORMAL,18.5,6.3,5.8,5.9
19826,0.3262,0,NORMAL,18.5,5.5,4.8,3.9
19827,0.3269,0,NORMAL,18.5,6.3,5.8,5.6
19828,0.3388,0,NORMAL,18.4,4.6,4.4,5.7
19829,0.3401,0,NORMAL,18.3,5.3,5.0,5.6
19830,0.3272,0,NORMAL,18.3,4.8,5.2,7.4
19831,0.3268,0,NORMAL,18.3,5.8,5.5,4.6
19832,0.3274,0,NORMAL,18.5,5.0,6.0,4.4
19833,0.3296,0,NORMAL,18.4,5.2,4.5,4.6
19834,0.3032,0,NORMAL,18.4,5.7,5.7,7.2
19835,0.3011,0,NORMAL,18.4,5.3,5.6,6.5
19836,0.8291,0,WARNING,18.7,6.2,6.1,4.1
19837,0.3153,0,NORMAL,18.5,5.5,5.6,5.5
19838,0.3284,0,NORMAL,18.5,5.5,5.5,6.5
19839,0.3395,0,NORMAL,18.6,6.2,6.2,5.8
19840,0.3519,0,NORMAL,18.5,6.0,6.9,5.6
19841,0.3524,0,NORMAL,18.7,6.5,6.0,5.9
19842,0.3384,0,NORMAL,18.4,5.3,5.2,5.8
19843,0.3265,0,NORMAL,18.5,5.1,5.4,5.3
19844,0.3272,0,NORMAL,18.6,5.8,5.9,5.3
19845,0.3272,0,NORMAL,18.3,5.1,5.0,5.5
19846,0.3273,0,NORMAL,18.3,4.6,4.9,5.3
19847,0.3406,0,NORMAL,18.4,4.5,5.2,5.3
19848,0.3416,0,NORMAL,18.6,5.1,4.6,4.8
19849,0.341,0,NORMAL,18.4,5.4,5.6,5.8
19850,0.3524,0,NORMAL,18.6,5.1,5.5,5.0
19851,0.8343,0,WARNING,18.7,4.9,4.7,4.8
19852,0.316,0,NORMAL,18.5,6.4,5.8,6.1
19853,0.301,0,NORMAL,18.5,5.1,5.2,5.3
19854,0.315,0,NORMAL,18.5,5.0,4.8,5.5
19855,0.4119,0,NORMAL,18.4,6.1,5.5,6.3
19856,0.3258,0,NORMAL,18.6,5.7,5.2,4.4
19857,0.3275,0,NORMAL,18.6,6.0,6.0,4.7
19858,0.3151,0,NORMAL,18.6,6.2,6.7,7.5
19859,0.3129,0,NORMAL,18.3,5.1,5.7,5.8
19860,0.3267,0,NORMAL,18.4,5.3,5.4,4.6
19861,0.3283,0,NORMAL,18.6,5.5,6.4,6.1
19862,0.3409,0,NORMAL,18.3,5.6,4.9,4.9
19863,0.3281,0,NORMAL,18.5,4.3,4.7,6.2
19864,0.3282,0,NORMAL,18.6,6.4,6.3,6.8
19865,0.3265,0,NORMAL,18.7,5.5,5.8,4.3
19866,0.8323,0,WARNING,18.9,5.5,5.1,5.1
19867,0.3521,0,NORMAL,18.8,4.9,5.3,6.8
19868,0.3283,0,NORMAL,18.6,4.8,4.2,5.8
19869,0.3275,0,NORMAL,18.7,5.5,5.8,6.8
19870,0.3137,0,NORMAL,18.6,6.1,6.5,4.5
19871,0.43,0,NORMAL,18.4,6.9,6.4,6.3
19872,0.3649,0,NORMAL,18.4,6.1,5.9,6.8
19873,0.2726,0,NORMAL,18.4,4.8,4.5,4.1
19874,0.3143,0,NORMAL,18.6,6.1,6.6,5.5
19875,0.3276,0,NORMAL,18.6,5.4,5.2,5.7
19876,0.3394,0,NORMAL,18.4,4.6,4.7,5.5
19877,0.34,0,NORMAL,18.7,5.3,5.4,6.0
19878,0.3273,0,NORMAL,18.7,6.2,7.1,5.0
19879,0.3159,0,NORMAL,18.6,5.6,5.2,5.8
19880,0.3274,0,NORMAL,18.6,5.2,6.2,6.9
19881,0.3273,0,NORMAL,18.6,5.8,5.2,4.8
19882,0.3276,0,NORMAL,18.6,5.2,4.7,4.6
19883,0.3149,0,NORMAL,18.6,5.0,5.9,6.1
19884,0.3026,0,NORMAL,18.3,5.2,4.9,5.6
19885,0.8172,0,WARNING,18.6,9.3,6.3,5.5
19886,0.3091,0,NORMAL,18.7,5.4,6.7,6.4
19887,0.5931,0,NORMAL,18.7,6.9,5.4,5.1
19888,0.3108,0,NORMAL,18.6,5.7,6.5,6.6
19889,0.3,0,NORMAL,18.3,5.7,6.1,5.4
19890,0.3143,0,NORMAL,18.6,5.0,5.2,4.8
19891,0.3275,0,NORMAL,18.7,5.9,6.4,6.1
19892,0.3274,0,NORMAL,18.6,6.4,6.7,6.4
19893,0.3395,0,NORMAL,18.6,5.3,5.0,5.0
19894,0.3399,0,NORMAL,18.4,4.8,4.4,4.8
19895,0.3404,0,NORMAL,18.6,5.4,4.6,6.2
19896,0.8297,0,WARNING,18.8,5.2,5.1,7.4
19897,0.338,0,NORMAL,18.6,5.5,6.3,5.9
19898,0.3408,0,NORMAL,18.8,7.0,8.0,8.0
19899,0.5812,0,NORMAL,18.8,6.2,7.2,9.0
19900,0.3618,0,NORMAL,18.9,6.0,7.6,5.8
19901,0.4244,0,NORMAL,18.6,7.4,7.9,8.0
19902,0.3373,0,NORMAL,18.8,5.1,6.6,6.8
19903,0.3264,0,NORMAL,18.9,7.1,8.3,7.5
19904,0.3259,0,NORMAL,18.7,5.4,6.3,6.9
19905,0.3266,0,NORMAL,18.6,6.7,7.9,7.9
19906,0.3261,0,NORMAL,18.9,7.0,8.5,7.4
19907,0.3416,0,NORMAL,18.9,7.4,8.4,8.3
19908,0.3367,0,NORMAL,19.0,7.7,9.3,8.2
19909,0.3378,0,NORMAL,18.9,5.7,7.5,6.9
19910,0.3392,0,NORMAL,18.7,6.6,7.9,7.6
19911,0.8194,0,WARNING,19.0,6.5,7.1,7.5
19912,0.4156,0,NORMAL,18.9,7.6,8.4,7.9
19913,0.3258,0,NORMAL,18.8,6.3,6.8,6.3
19914,0.3385,0,NORMAL,18.9,6.5,7.7,8.0
19915,0.3501,0,NORMAL,18.9,6.3,8.9,8.5
19916,0.4649,0,NORMAL,18.9,7.5,7.3,7.3
19917,0.3711,0,NORMAL,18.7,7.6,9.9,8.9
19918,0.3367,0,NORMAL,18.9,6.0,8.1,7.1
19919,0.3511,0,NORMAL,18.9,7.3,8.5,8.6
19920,0.3612,0,NORMAL,18.7,5.5,7.6,6.7
19921,0.3519,0,NORMAL,18.9,6.4,8.3,8.4
19922,0.3382,0,NORMAL,19.0,7.1,9.4,8.8
19923,0.8149,0,WARNING,19.2,6.6,7.7,8.0
19924,0.3368,0,NORMAL,19.0,5.8,7.3,7.5
19925,0.3621,0,NORMAL,18.8,6.5,7.6,6.7
19926,0.819,0,WARNING,19.1,5.7,7.6,8.5
19927,0.3131,0,NORMAL,18.8,6.1,7.6,8.1
19928,0.3136,0,NORMAL,18.8,6.4,7.3,7.7
19929,0.4871,0,NORMAL,18.7,6.0,8.5,7.9
19930,0.4286,0,NORMAL,18.7,6.4,8.0,7.3
19931,0.351,0,NORMAL,18.7,6.6,7.0,7.1
19932,0.3379,0,NORMAL,18.7,7.0,7.9,7.4
19933,0.3381,0,NORMAL,19.0,6.4,8.3,8.2
19934,0.3252,0,NORMAL,18.9,6.2,7.5,6.8
19935,0.3264,0,NORMAL,19.0,6.4,8.0,7.8
19936,0.3381,0,NORMAL,19.0,6.0,8.5,8.3
19937,0.3382,0,NORMAL,18.8,6.1,8.3,8.4
19938,0.3384,0,NORMAL,19.0,6.2,8.1,8.5
19939,0.3379,0,NORMAL,18.7,5.4,6.8,6.6
19940,0.3391,0,NORMAL,19.0,5.6,7.1,7.3
19941,0.8241,0,WARNING,19.4,9.9,8.6,8.7
19942,0.3202,0,NORMAL,18.7,5.8,7.9,8.2
19943,0.3502,0,NORMAL,18.8,6.0,7.6,8.4
19944,0.3241,0,NORMAL,18.9,6.3,7.7,7.6
19945,0.3243,0,NORMAL,18.9,6.6,8.6,8.3
19946,0.3384,0,NORMAL,18.9,7.2,8.2,8.2
19947,0.3237,0,NORMAL,18.8,6.4,7.5,8.0
19948,0.3912,0,NORMAL,18.9,6.2,7.0,7.7
19949,0.3242,0,NORMAL,19.0,6.2,8.6,8.3
19950,0.3252,0,NORMAL,19.0,6.3,8.5,8.7
19951,0.325,0,NORMAL,18.8,5.8,8.1,7.9
19952,0.3132,0,NORMAL,19.0,6.2,8.2,7.9
19953,0.818,0,WARNING,19.1,6.2,7.0,7.9
19954,0.3374,0,NORMAL,19.0,6.1,7.6,7.5
19955,0.3379,0,NORMAL,19.1,6.9,8.7,8.5
19956,0.8168,0,WARNING,19.3,7.4,8.0,7.4
19957,0.3375,0,NORMAL,18.9,7.0,8.7,9.1
19958,0.3131,0,NORMAL,19.0,7.0,8.4,8.3
19959,0.3373,0,NORMAL,19.1,6.3,7.9,7.8
19960,0.3377,0,NORMAL,19.1,6.8,8.2,8.2
19961,0.3622,0,NORMAL,18.9,7.5,9.5,9.2
19962,0.3489,0,NORMAL,19.1,5.8,6.0,6.1
19963,0.4785,0,NORMAL,19.1,6.1,7.8,8.2
19964,0.3381,0,NORMAL,19.1,6.9,8.9,8.3
19965,0.3377,0,NORMAL,19.0,6.9,8.7,8.3
19966,0.3497,0,NORMAL,18.9,5.6,7.5,7.3
19967,0.3513,0,NORMAL,18.9,6.5,7.9,7.2
19968,0.3509,0,NORMAL,19.1,6.1,7.4,7.5
19969,0.3387,0,NORMAL,18.8,5.8,7.4,6.8
19970,0.3517,0,NORMAL,19.0,6.7,8.7,7.8
19971,0.8203,0,WARNING,19.3,6.4,7.6,8.1
19972,0.9946,0,ANOMALY,19.1,6.0,7.5,7.2
19973,0.3572,0,NORMAL,19.2,7.8,9.5,8.4
19974,0.3121,0,NORMAL,18.9,6.0,8.4,8.1
19975,0.3136,0,NORMAL,18.8,6.5,8.5,8.3
19976,0.5151,0,NORMAL,19.0,7.4,7.6,7.8
19977,0.3105,0,NORMAL,18.9,6.7,9.1,8.8
19978,0.3253,0,NORMAL,19.0,6.2,7.2,7.3
19979,0.3382,0,NORMAL,19.1,6.2,7.4,8.0
19980,0.3373,0,NORMAL,19.2,6.3,9.0,8.1
19981,0.3255,0,NORMAL,19.0,6.1,7.4,7.7
19982,0.3253,0,NORMAL,18.8,5.7,7.4,7.4
19983,0.3137,0,NORMAL,18.9,6.2,6.4,6.6
19984,0.3128,0,NORMAL,19.0,5.3,6.9,6.6
19985,0.3391,0,NORMAL,18.8,5.2,6.6,6.8
19986,0.8264,0,WARNING,19.2,6.6,6.6,6.8
19987,0.3386,0,NORMAL,18.9,5.5,7.3,8.1
19988,0.34,0,NORMAL,19.1,5.7,5.9,6.5
19989,0.3633,0,NORMAL,19.3,8.0,8.9,8.3
19990,0.412,0,NORMAL,19.3,6.4,7.2,7.0
19991,0.4105,0,NORMAL,19.2,7.6,7.9,8.4
19992,0.3483,0,NORMAL,19.2,5.4,7.1,7.0
19993,0.3378,0,NORMAL,18.9,6.2,7.4,7.5
19994,0.3506,0,NORMAL,19.3,6.3,8.4,8.5
19995,0.3502,0,NORMAL,19.0,5.9,7.8,6.6
19996,0.3636,0,NORMAL,19.2,5.8,6.2,7.3
19997,0.3631,0,NORMAL,19.2,6.2,7.5,6.9
19998,0.3515,0,NORMAL,19.3,6.6,8.6,7.6
19999,0.3269,0,NORMAL,19.2,6.8,7.8,7.8
20000,0.3257,0,NORMAL,19.1,6.5,7.2,6.4
20001,0.8213,0,WARNING,19.4,6.4,7.7,7.3
20002,0.3389,0,NORMAL,19.2,7.2,8.7,8.4
20003,0.3249,0,NORMAL,19.1,6.9,7.3,7.7
20004,0.3496,0,NORMAL,19.3,6.3,8.7,8.0
20005,0.8001,0,WARNING,19.1,9.1,7.7,7.7
20006,0.5461,0,NORMAL,19.3,7.9,7.9,7.3
20007,0.3331,0,NORMAL,19.2,5.5,6.8,6.8
20008,0.3371,0,NORMAL,19.2,6.0,6.8,7.1
20009,0.35,0,NORMAL,19.2,6.2,7.2,6.9
20010,0.416,0,NORMAL,19.2,7.3,7.9,7.6
20011,0.3504,0,NORMAL,19.2,6.6,7.8,7.0
20012,0.3509,0,NORMAL,19.2,6.6,8.8,8.3
20013,0.3384,0,NORMAL,19.3,7.3,8.6,8.3
20014,0.3369,0,NORMAL,19.0,6.5,7.6,7.3
20015,0.3503,0,NORMAL,19.2,5.8,7.8,8.2
20016,0.3505,0,NORMAL,19.2,6.5,7.3,6.7
20017,0.351,0,NORMAL,19.2,6.4,6.7,7.8
20018,0.3137,0,NORMAL,19.1,7.2,8.7,8.3
20019,0.3129,0,NORMAL,19.0,6.4,8.6,8.0
20020,0.3512,0,NORMAL,19.3,6.6,7.3,7.7
20021,0.362,0,NORMAL,19.4,7.0,8.6,8.1
20022,0.4088,0,NORMAL,19.4,7.7,7.7,7.0
20023,0.3366,0,NORMAL,19.2,5.5,6.8,7.2
20024,0.3376,0,NORMAL,19.2,6.1,7.1,6.7
20025,0.326,0,NORMAL,19.2,6.3,7.8,7.1
20026,0.301,0,NORMAL,19.0,5.6,6.6,6.9
20027,0.3138,0,NORMAL,19.1,6.0,7.9,7.1
20028,0.3272,0,NORMAL,19.2,7.1,8.9,8.3
20029,0.3388,0,NORMAL,19.2,7.0,7.8,7.7
20030,0.3124,0,NORMAL,19.0,6.2,8.3,7.4
20031,0.8207,0,WARNING,19.3,6.5,7.1,7.5
20032,0.3252,0,NORMAL,19.2,5.1,7.1,7.2
20033,0.3392,0,NORMAL,19.3,6.9,7.8,7.2
20034,0.3507,0,NORMAL,19.3,5.0,6.2,6.6
20035,0.3632,0,NORMAL,19.4,6.9,8.1,8.8
20036,0.3491,0,NORMAL,19.3,6.4,7.5,5.8
20037,0.3502,0,NORMAL,19.2,6.3,7.2,7.5
20038,0.3497,0,NORMAL,19.3,6.6,7.2,7.1
20039,0.3626,0,NORMAL,19.3,7.2,9.0,7.3
20040,0.3866,0,NORMAL,19.1,5.5,6.4,6.7
20041,0.3751,0,NORMAL,19.3,6.1,6.9,7.1
20042,0.3507,0,NORMAL,19.1,5.5,7.4,7.1
20043,0.3522,0,NORMAL,19.3,6.5,7.1,7.2
20044,0.3509,0,NORMAL,19.3,5.8,7.1,6.8
20045,0.351,0,NORMAL,19.1,6.6,8.5,7.2
20046,0.9694,0,WARNING,19.8,6.5,7.7,8.0
20047,0.3384,0,NORMAL,19.2,5.6,6.9,8.3
20048,0.3263,0,NORMAL,19.4,6.5,8.2,7.6
20049,0.3513,0,NORMAL,19.4,6.2,6.9,7.9
20050,0.35,0,NORMAL,19.4,6.1,8.3,8.1
20051,0.3506,0,NORMAL,19.4,7.4,8.3,7.3
20052,0.3499,0,NORMAL,19.0,6.3,6.6,7.7
20053,0.3242,0,NORMAL,19.2,6.1,7.2,7.4
20054,0.3373,0,NORMAL,19.0,5.3,6.7,6.5
20055,0.3396,0,NORMAL,19.2,6.2,7.7,7.5
20056,0.3264,0,NORMAL,19.0,6.5,8.5,8.0
20057,0.3265,0,NORMAL,19.3,6.2,7.7,8.2
20058,0.3383,0,NORMAL,19.2,6.0,6.6,6.2
20059,0.3388,0,NORMAL,19.2,6.0,7.0,6.7
20060,0.3395,0,NORMAL,19.2,6.7,8.1,8.2
20061,0.8192,0,WARNING,19.6,9.2,8.0,7.7
20062,0.3451,0,NORMAL,19.2,6.6,8.7,8.5
20063,0.8093,0,WARNING,19.5,6.8,7.3,6.9
20064,0.3604,0,NORMAL,19.3,5.8,7.4,7.5
20065,0.362,0,NORMAL,19.1,6.0,7.3,7.0
20066,0.3621,0,NORMAL,19.4,6.9,7.8,7.6
20067,0.3496,0,NORMAL,19.1,6.4,6.7,6.6
20068,0.3496,0,NORMAL,19.4,6.0,7.5,7.7
20069,0.3534,0,NORMAL,19.5,6.9,9.8,9.0
20070,0.3503,0,NORMAL,19.4,5.6,7.0,7.2
20071,0.3315,0,NORMAL,19.3,6.9,7.2,7.3
20072,0.3254,0,NORMAL,19.0,5.6,7.9,7.8
20073,0.3694,0,NORMAL,19.3,6.2,7.8,7.5
20074,0.3394,0,NORMAL,19.4,7.0,8.4,8.2
20075,0.3377,0,NORMAL,19.1,5.9,7.8,7.1
20076,0.8209,0,WARNING,19.6,7.0,8.5,9.3
20077,0.3249,0,NORMAL,19.4,6.3,8.2,8.7
20078,0.3377,0,NORMAL,19.4,6.2,8.1,7.8
20079,0.3387,0,NORMAL,19.4,6.5,6.7,6.5
20080,0.346,0,NORMAL,19.2,6.8,8.6,7.8
20081,0.3573,0,NORMAL,19.2,6.9,8.3,8.0
20082,0.3501,0,NORMAL,19.5,7.5,9.4,8.4
20083,0.3369,0,NORMAL,19.3,5.8,7.4,7.7
20084,0.4617,0,NORMAL,19.4,6.9,8.3,8.7
20085,0.3247,0,NORMAL,19.2,6.3,7.3,6.8
20086,0.3506,0,NORMAL,19.3,5.7,7.1,7.7
20087,0.3509,0,NORMAL,19.4,5.0,6.6,6.6
20088,0.3519,0,NORMAL,19.4,6.2,7.5,7.4
20089,0.3394,0,NORMAL,19.2,6.3,8.0,8.7
20090,0.3503,0,NORMAL,19.5,6.2,8.8,7.7
20091,0.82,0,WARNING,19.7,7.7,8.0,7.6
20092,0.3503,0,NORMAL,19.4,7.1,8.5,7.6
20093,0.3627,0,NORMAL,19.2,6.1,8.1,7.8
20094,0.3634,0,NORMAL,19.3,6.9,7.8,7.8
20095,0.3504,0,NORMAL,19.5,5.9,7.4,7.2
20096,0.3508,0,NORMAL,19.5,5.9,6.8,7.7
20097,0.4665,0,NORMAL,19.3,7.5,7.9,7.5
20098,0.8136,0,WARNING,19.7,6.0,6.7,6.8
20099,0.3372,0,NORMAL,19.4,6.8,8.8,8.5
20100,0.3501,0,NORMAL,19.4,5.7,6.9,6.7
20101,0.3387,0,NORMAL,19.2,6.4,7.9,8.1
20102,0.3389,0,NORMAL,19.4,6.6,7.2,6.7
20103,0.4966,0,NORMAL,19.4,6.8,7.9,7.9
20104,0.4274,0,NORMAL,19.4,6.5,6.7,7.2
20105,0.3378,0,NORMAL,19.2,5.9,7.6,6.8
20106,0.8233,0,WARNING,19.5,6.3,6.4,7.1
20107,0.3003,0,NORMAL,19.2,6.1,8.4,9.5
20108,0.3264,0,NORMAL,19.5,5.8,7.8,7.3
20109,0.3602,0,NORMAL,19.5,7.4,8.0,7.5
20110,0.3618,0,NORMAL,19.5,6.4,9.3,8.1
20111,0.375,0,NORMAL,19.3,7.1,7.9,8.3
20112,0.3615,0,NORMAL,19.4,5.8,6.5,6.2
20113,0.3499,0,NORMAL,19.5,5.8,7.5,7.7
20114,0.3505,0,NORMAL,19.6,7.0,8.3,8.2
20115,0.3496,0,NORMAL,19.6,7.1,9.6,8.6
20116,0.3499,0,NORMAL,19.6,6.4,8.2,8.1
20117,0.5528,0,NORMAL,19.5,7.2,8.3,8.1
20118,0.3502,0,NORMAL,19.5,6.5,8.2,7.6
20119,0.3388,0,NORMAL,19.4,6.1,7.5,7.3
20120,0.3386,0,NORMAL,19.5,6.9,9.1,8.9
20121,0.8163,0,WARNING,19.7,7.2,8.2,8.0
20122,0.7527,0,WARNING,19.6,10.3,8.4,8.2
20123,0.3451,0,NORMAL,19.6,6.4,8.9,8.1
20124,0.3481,0,NORMAL,19.5,6.7,7.5,6.7
20125,0.349,0,NORMAL,19.5,7.2,8.3,7.7
20126,0.3362,0,NORMAL,19.5,6.4,7.9,7.6
20127,0.4258,0,NORMAL,19.5,7.8,8.4,8.1
20128,0.3482,0,NORMAL,19.6,6.4,8.3,8.1
20129,0.3493,0,NORMAL,19.3,5.4,7.0,7.2
20130,0.3508,0,NORMAL,19.5,5.9,7.1,7.7
20131,0.338,0,NORMAL,19.4,5.8,8.0,8.0
20132,0.3388,0,NORMAL,19.5,6.1,7.5,7.6
20133,0.3382,0,NORMAL,19.5,5.5,6.7,7.6
20134,0.3506,0,NORMAL,19.5,6.3,7.3,7.0
20135,0.3502,0,NORMAL,19.6,7.2,9.4,9.2
20136,0.8155,0,WARNING,19.9,7.7,9.3,8.4
20137,0.3498,0,NORMAL,19.6,6.8,8.0,9.2
20138,0.3472,0,NORMAL,19.6,8.1,9.5,8.0
20139,0.3501,0,NORMAL,19.5,6.9,7.6,7.2
20140,0.3624,0,NORMAL,19.6,7.9,8.4,8.7
20141,0.3606,0,NORMAL,19.7,7.8,9.4,8.6
20142,0.3359,0,NORMAL,19.6,5.6,7.8,8.7
20143,0.3368,0,NORMAL,19.5,5.7,6.9,7.1
20144,0.3378,0,NORMAL,19.5,6.9,8.5,7.8
20145,0.3381,0,NORMAL,19.3,6.9,8.7,8.1
20146,0.3385,0,NORMAL,19.5,5.9,7.2,7.7
20147,0.3381,0,NORMAL,19.4,6.0,8.4,7.3
20148,0.4152,0,NORMAL,19.6,8.0,8.5,9.0
20149,0.3374,0,NORMAL,19.4,6.1,7.9,7.1
20150,0.3513,0,NORMAL,19.7,6.1,8.3,8.7
20151,0.8177,0,WARNING,19.8,7.1,7.9,7.8
20152,0.3494,0,NORMAL,19.7,5.9,8.2,7.8
20153,0.3505,0,NORMAL,19.6,6.6,8.3,9.0
20154,0.3495,0,NORMAL,19.7,7.6,9.1,7.7
20155,0.3611,0,NORMAL,19.6,6.1,8.1,7.8
20156,0.3501,0,NORMAL,19.6,6.9,7.7,7.1
20157,0.3492,0,NORMAL,19.7,7.5,9.1,8.2
20158,0.3613,0,NORMAL,19.6,5.8,6.3,6.8
20159,0.3498,0,NORMAL,19.7,5.9,8.1,7.5
20160,0.3386,0,NORMAL,19.6,5.9,7.0,7.5
20161,0.3503,0,NORMAL,19.7,6.4,8.7,8.1
20162,0.3507,0,NORMAL,19.8,6.5,7.9,7.7
20163,0.3497,0,NORMAL,19.8,5.9,7.5,7.4
20164,0.3504,0,NORMAL,19.7,5.9,7.1,7.6
20165,0.3506,0,NORMAL,19.6,6.3,8.5,7.8
20166,0.8207,0,WARNING,19.8,5.9,6.3,7.2
20167,0.338,0,NORMAL,19.5,5.7,7.9,9.0
20168,0.3388,0,NORMAL,19.6,6.4,7.4,6.6
20169,0.3263,0,NORMAL,19.7,6.5,7.8,8.5
20170,0.3249,0,NORMAL,19.5,6.0,7.9,6.9
20171,0.355,0,NORMAL,19.7,8.0,8.6,8.6
20172,0.3244,0,NORMAL,19.6,7.0,7.8,7.6
20173,0.3237,0,NORMAL,19.6,6.1,8.0,8.5
20174,0.3373,0,NORMAL,19.6,6.7,7.1,7.1
20175,0.3497,0,NORMAL,19.8,5.6,8.0,8.2
20176,0.3477,0,NORMAL,19.2,7.0,9.4,9.1
20177,0.2635,0,NORMAL,19.0,6.6,8.4,9.0
20178,0.2382,0,NORMAL,19.2,6.5,7.7,7.1
20179,0.2035,0,NORMAL,19.2,6.2,7.5,7.3
20180,0.2255,0,NORMAL,19.0,6.5,8.0,8.1
20181,0.8203,0,WARNING,19.6,6.7,8.1,7.5
20182,0.8135,0,WARNING,19.7,9.3,7.2,7.2
20183,0.3451,0,NORMAL,19.7,5.4,7.4,8.2
20184,0.3482,0,NORMAL,19.5,7.3,8.4,7.6
20185,0.3489,0,NORMAL,19.7,6.8,7.1,7.1
20186,0.3488,0,NORMAL,19.5,6.3,8.1,7.8
20187,0.3505,0,NORMAL,19.8,6.5,7.2,6.9
20188,0.3499,0,NORMAL,19.8,6.0,7.6,8.7
20189,0.378,0,NORMAL,19.5,6.8,7.8,7.4
20190,0.3621,0,NORMAL,19.5,7.1,7.9,6.9
20191,0.3513,0,NORMAL,19.5,5.4,6.9,7.3
20192,0.3518,0,NORMAL,19.8,6.1,7.8,7.9
20193,0.3631,0,NORMAL,19.8,6.1,7.0,6.6
20194,0.3515,0,NORMAL,19.7,6.7,7.7,7.1
20195,0.3387,0,NORMAL,19.7,6.0,6.9,7.4
20196,0.8196,0,WARNING,19.9,6.4,7.4,7.7
20197,0.3418,0,NORMAL,19.5,6.7,8.0,9.3
20198,0.4892,0,NORMAL,19.6,6.7,7.7,7.7
20199,0.4542,0,NORMAL,19.7,6.5,7.0,7.0
20200,0.3503,0,NORMAL,19.5,6.7,8.1,6.9
20201,0.5225,0,NORMAL,19.7,7.5,7.3,7.5
20202,0.3235,0,NORMAL,19.6,6.4,7.5,7.2
20203,0.3247,0,NORMAL,19.7,7.1,8.8,7.4
20204,0.3379,0,NORMAL,19.7,6.0,7.4,7.6
20205,0.3257,0,NORMAL,19.7,5.1,6.4,6.0
20206,0.3271,0,NORMAL,19.7,6.8,8.0,7.2
20207,0.3388,0,NORMAL,19.7,6.2,8.1,7.6
20208,0.463,0,NORMAL,19.7,6.6,7.6,7.1
20209,0.3133,0,NORMAL,19.6,6.2,7.4,6.8
20210,0.3139,0,NORMAL,19.5,6.0,7.3,7.3
20211,0.8226,0,WARNING,19.9,5.7,6.4,6.5
20212,0.3394,0,NORMAL,19.8,6.5,7.4,6.8
20213,0.3134,0,NORMAL,19.6,6.2,7.6,7.1
20214,0.3322,0,NORMAL,19.7,6.0,7.3,7.5
20215,0.3514,0,NORMAL,19.7,5.9,6.7,6.3
20216,0.3511,0,NORMAL,19.5,5.3,6.0,7.0
20217,0.4449,0,NORMAL,19.5,7.0,7.2,6.4
20218,0.3376,0,NORMAL,19.7,6.2,7.1,6.1
20219,0.3392,0,NORMAL,19.8,6.6,8.2,7.9
20220,0.3385,0,NORMAL,19.7,6.5,7.6,7.1
20221,0.3382,0,NORMAL,19.7,6.0,7.1,6.6
20222,0.4415,0,NORMAL,19.5,5.7,7.2,7.5
20223,0.3394,0,NORMAL,19.7,6.5,7.4,7.1
20224,0.3388,0,NORMAL,19.7,5.0,6.0,5.9
20225,0.3521,0,NORMAL,19.8,6.0,7.0,6.6
20226,0.8263,0,WARNING,20.0,7.1,6.7,5.9
20227,0.3863,0,NORMAL,19.8,5.6,7.4,7.6
20228,0.53,0,NORMAL,19.8,6.9,7.6,8.9
20229,0.3903,0,NORMAL,19.8,6.0,7.4,7.1
20230,0.3964,0,NORMAL,19.7,6.3,6.1,7.8
20231,0.8208,0,WARNING,19.6,6.9,8.8,8.5
20232,0.52,0,NORMAL,19.6,6.7,7.0,8.7
20233,0.3249,0,NORMAL,19.5,6.3,8.0,7.1
20234,0.3515,0,NORMAL,19.8,6.0,7.1,6.7
20235,0.3516,0,NORMAL,19.7,6.6,7.1,6.3
20236,0.3515,0,NORMAL,19.6,5.7,6.7,6.3
20237,0.3403,0,NORMAL,19.6,6.1,7.2,7.0
20238,0.3271,0,NORMAL,19.7,5.2,5.3,5.1
20239,0.3279,0,NORMAL,19.7,5.3,5.6,5.7
20240,0.3399,0,NORMAL,19.7,5.0,5.7,5.8
20241,0.8294,0,WARNING,20.1,6.0,6.8,6.8
20242,0.7856,0,WARNING,19.8,8.4,6.0,5.5
20243,1.0,1,ANOMALY,19.8,3.9,3.8,12.5
20244,1.0,1,ANOMALY,19.9,4.6,3.8,11.7
20245,1.0,1,ANOMALY,19.6,3.4,3.4,13.3
20246,1.0,1,ANOMALY,19.9,5.2,4.7,14.4
20247,0.4015,1,NORMAL,19.6,6.4,6.8,6.1
20248,0.3235,0,NORMAL,19.5,5.6,7.0,6.8
20249,0.3257,0,NORMAL,19.7,7.0,8.4,7.8
20250,0.4157,0,NORMAL,19.7,6.2,6.4,5.6
20251,0.3396,0,NORMAL,19.7,5.6,5.2,6.0
20252,0.3385,0,NORMAL,19.7,4.7,5.7,6.0
20253,0.3394,0,NORMAL,19.8,5.9,7.7,6.9
20254,0.4023,0,NORMAL,19.6,6.0,6.2,6.3
20255,0.3393,0,NORMAL,19.9,5.7,6.6,7.0
20256,0.3637,0,NORMAL,19.9,6.8,7.6,6.5
20257,0.3637,0,NORMAL,19.9,5.5,6.8,7.8
20258,0.3398,0,NORMAL,19.7,5.3,6.0,6.3
20259,0.8254,0,WARNING,20.1,6.8,6.7,6.4
20260,0.3631,0,NORMAL,19.8,5.9,5.5,4.8
20261,0.3385,0,NORMAL,19.6,6.4,6.9,7.1
20262,0.3259,0,NORMAL,19.7,7.0,7.8,7.2
20263,0.3252,0,NORMAL,19.6,5.9,7.8,7.2
20264,0.3391,0,NORMAL,20.0,7.0,8.6,8.5
20265,0.3379,0,NORMAL,19.9,5.3,6.3,6.5
20266,0.3262,0,NORMAL,19.8,5.6,6.5,6.2
20267,0.3514,0,NORMAL,19.7,5.9,7.3,7.5
20268,0.3517,0,NORMAL,19.9,7.2,7.4,6.9
20269,0.3507,0,NORMAL,19.8,5.8,6.2,5.9
20270,0.3515,0,NORMAL,19.7,6.2,8.0,7.5
20271,0.8231,0,WARNING,20.0,6.9,7.3,6.2
20272,0.3389,0,NORMAL,19.7,5.9,7.2,7.1
20273,0.3468,0,NORMAL,20.0,6.5,6.7,6.8
20274,0.3388,0,NORMAL,19.9,5.7,6.8,6.3
20275,0.3274,0,NORMAL,19.7,5.9,6.1,6.4
20276,0.3393,0,NORMAL,19.9,6.2,6.4,6.7
20277,0.3382,0,NORMAL,19.7,6.0,6.5,5.9
20278,0.3514,0,NORMAL,19.8,5.9,7.3,6.8
20279,0.3522,0,NORMAL,19.8,6.0,7.3,6.8
20280,0.3524,0,NORMAL,20.0,5.9,6.9,6.8
20281,0.3394,0,NORMAL,19.7,6.7,7.6,7.4
20282,0.3389,0,NORMAL,19.8,6.1,7.4,6.8
20283,0.3396,0,NORMAL,19.7,5.4,6.8,6.6
20284,0.6295,0,WARNING,19.9,7.5,7.0,6.8
20285,0.3516,0,NORMAL,20.0,6.5,7.8,7.4
20286,0.8227,0,WARNING,20.3,7.6,8.9,7.7
20287,0.3623,0,NORMAL,19.8,5.5,7.3,8.5
20288,0.3516,0,NORMAL,20.0,7.1,8.2,7.6
20289,0.3511,0,NORMAL,19.8,6.8,8.0,7.3
20290,0.3633,0,NORMAL,20.0,6.0,6.5,6.8
20291,0.3628,0,NORMAL,20.0,5.2,6.2,6.0
20292,0.4207,0,NORMAL,20.1,7.8,8.2,7.3
20293,0.3373,0,NORMAL,19.7,6.3,7.8,7.4
20294,0.4153,0,NORMAL,19.9,5.7,6.7,7.0
20295,0.3263,0,NORMAL,19.8,5.7,6.0,5.6
20296,0.339,0,NORMAL,20.0,5.8,8.2,7.3
20297,0.3397,0,NORMAL,20.1,6.2,7.4,7.1
20298,0.3394,0,NORMAL,20.0,6.5,7.3,6.9
20299,0.4156,0,NORMAL,19.9,6.4,6.5,5.6
20300,0.3389,0,NORMAL,19.6,4.9,6.4,6.5
20301,0.8277,0,WARNING,20.2,6.2,6.9,6.8
20302,0.3389,0,NORMAL,19.7,4.8,5.9,5.9
20303,0.3528,0,NORMAL,20.0,7.1,7.9,7.5
20304,0.3507,0,NORMAL,19.8,6.3,7.2,6.4
20305,0.5336,0,NORMAL,19.7,4.7,5.8,6.0
20306,0.8684,0,WARNING,19.8,9.0,5.4,5.6
20307,0.4132,0,NORMAL,19.8,5.4,6.6,6.5
20308,0.35,0,NORMAL,19.8,5.9,7.0,7.7
20309,0.3379,0,NORMAL,19.7,5.1,5.7,5.7
20310,0.3516,0,NORMAL,20.0,6.2,7.5,6.8
20311,0.352,0,NORMAL,19.7,5.6,6.4,5.9
20312,0.3646,0,NORMAL,20.0,5.7,6.7,6.6
20313,0.3643,0,NORMAL,20.0,5.5,5.7,5.7
20314,0.352,0,NORMAL,19.9,5.9,5.9,5.8
20315,0.9954,0,ANOMALY,20.1,7.4,10.2,8.3
20316,0.6112,0,WARNING,20.1,7.5,9.3,8.1
20317,0.3511,0,NORMAL,20.0,5.3,5.9,7.3
20318,0.3515,0,NORMAL,20.0,5.6,6.3,5.7
20319,0.3522,0,NORMAL,20.1,6.3,6.6,6.8
20320,0.351,0,NORMAL,20.1,6.3,7.4,7.3
20321,0.3508,0,NORMAL,19.9,6.5,7.0,7.1
20322,0.3381,0,NORMAL,20.0,6.1,6.0,6.2
20323,0.3378,0,NORMAL,20.0,6.2,7.4,7.1
20324,0.3378,0,NORMAL,19.9,5.8,5.9,5.4
20325,0.3393,0,NORMAL,19.7,5.4,6.2,6.3
20326,0.352,0,NORMAL,19.8,5.8,7.5,6.8
20327,0.3524,0,NORMAL,20.1,6.4,8.0,7.0
20328,0.3521,0,NORMAL,20.1,5.7,7.1,7.0
20329,0.5673,0,NORMAL,20.1,6.7,7.5,7.1
20330,0.3514,0,NORMAL,20.2,6.9,8.5,8.1
20331,0.8205,0,WARNING,20.3,7.2,7.8,7.4
20332,0.3501,0,NORMAL,20.0,5.9,7.4,7.3
20333,0.3511,0,NORMAL,19.9,6.6,7.6,7.3
20334,0.8208,0,WARNING,20.4,6.9,7.6,7.1
20335,0.4277,0,NORMAL,20.1,6.7,5.7,6.1
20336,0.3732,0,NORMAL,20.1,5.2,6.1,6.1
20337,0.363,0,NORMAL,19.9,5.8,6.0,5.6
20338,0.3515,0,NORMAL,20.0,5.9,6.0,6.3
20339,0.3516,0,NORMAL,20.0,5.7,5.9,6.2
20340,0.3512,0,NORMAL,19.8,5.1,5.6,6.0
20341,0.3635,0,NORMAL,20.2,5.6,7.3,7.3
20342,0.3522,0,NORMAL,20.1,5.8,6.5,6.5
20343,0.9952,0,ANOMALY,20.2,6.8,8.2,8.0
20344,0.3379,0,NORMAL,20.1,5.6,7.1,7.3
20345,0.3389,0,NORMAL,19.8,5.3,5.9,6.3
20346,0.8259,0,WARNING,20.2,6.8,6.8,6.3
20347,0.3626,0,NORMAL,20.2,5.8,7.2,8.3
20348,0.3754,0,NORMAL,20.1,6.9,7.3,6.4
20349,0.3632,0,NORMAL,20.2,6.2,7.6,7.3
20350,0.363,0,NORMAL,20.1,6.3,6.6,6.3
20351,0.4303,0,NORMAL,20.2,6.1,6.5,5.9
20352,0.4091,0,NORMAL,20.4,7.0,8.6,7.7
20353,0.3036,0,NORMAL,19.8,7.1,8.1,7.0
20354,0.3015,0,NORMAL,20.0,7.0,8.3,7.6
20355,0.3792,0,NORMAL,20.0,7.9,9.9,8.7
20356,0.338,0,NORMAL,20.2,6.1,7.8,7.3
20357,0.3389,0,NORMAL,19.9,6.8,8.3,7.6
20358,0.3393,0,NORMAL,20.3,6.8,8.0,7.7
20359,0.3508,0,NORMAL,20.3,7.0,8.6,7.9
20360,0.3625,0,NORMAL,20.2,6.2,7.8,7.3
20361,0.8195,0,WARNING,20.5,8.1,9.7,8.2
20362,0.3498,0,NORMAL,20.3,6.6,8.5,8.5
20363,0.7657,0,WARNING,20.2,9.2,8.3,9.0
20364,0.3191,0,NORMAL,20.2,7.5,9.1,7.5
20365,0.3353,0,NORMAL,20.0,7.3,8.8,8.6
20366,0.3484,0,NORMAL,20.1,7.1,8.7,7.8
20367,0.3492,0,NORMAL,20.2,7.7,9.3,8.4
20368,0.3115,0,NORMAL,20.1,7.1,7.9,7.4
20369,0.4835,0,NORMAL,19.9,6.6,7.5,7.5
20370,0.3123,0,NORMAL,20.1,6.4,8.9,8.2
20371,0.3386,0,NORMAL,20.2,6.9,7.9,7.4
20372,0.3504,0,NORMAL,20.3,6.4,8.6,8.5
20373,0.3625,0,NORMAL,20.2,7.4,9.3,7.8
20374,0.505,0,NORMAL,20.3,7.7,8.7,8.5
20375,0.3369,0,NORMAL,20.4,6.5,9.4,9.1
20376,0.8137,0,WARNING,20.6,8.4,9.8,8.4
20377,0.3488,0,NORMAL,20.3,6.5,8.7,10.2
20378,0.3493,0,NORMAL,20.5,6.8,8.5,8.5
20379,0.3614,0,NORMAL,20.4,6.3,7.4,7.7
20380,0.3495,0,NORMAL,20.4,7.4,8.7,8.3
20381,0.3486,0,NORMAL,20.3,6.7,7.4,7.3
20382,0.4385,0,NORMAL,20.1,7.1,8.5,8.0
20383,0.3371,0,NORMAL,20.2,6.0,7.1,7.6
20384,0.5225,0,NORMAL,20.3,7.1,8.1,8.2
20385,0.3614,0,NORMAL,20.1,5.1,7.1,7.2
20386,0.3518,0,NORMAL,20.3,7.1,8.6,8.6
20387,0.3499,0,NORMAL,20.2,7.1,9.1,8.4
20388,0.3503,0,NORMAL,20.5,7.7,9.3,8.6
20389,0.3251,0,NORMAL,20.1,6.3,7.9,8.1
20390,0.3254,0,NORMAL,20.1,6.3,9.0,8.5
20391,0.8172,0,WARNING,20.6,7.2,8.2,7.9
20392,0.3661,0,NORMAL,20.4,6.9,8.4,7.8
20393,0.4223,0,NORMAL,20.4,8.8,10.5,9.9
20394,0.3123,0,NORMAL,20.2,6.6,8.8,7.9
20395,0.3374,0,NORMAL,20.4,6.7,8.8,8.1
20396,0.6086,0,WARNING,20.5,9.0,10.0,9.5
20397,0.4674,0,NORMAL,20.2,7.6,8.0,7.5
20398,0.336,0,NORMAL,20.4,6.2,8.1,8.5
20399,0.3366,0,NORMAL,20.5,7.0,9.2,8.4
20400,0.3494,0,NORMAL,20.4,7.0,8.9,7.6
20401,0.3505,0,NORMAL,20.2,7.3,8.7,7.4
20402,0.3502,0,NORMAL,20.4,6.5,9.1,8.6
20403,0.326,0,NORMAL,20.4,7.7,9.1,8.3
20404,0.3256,0,NORMAL,20.4,7.8,8.8,7.7
20405,0.3498,0,NORMAL,20.3,6.5,8.1,8.5
20406,0.8164,0,WARNING,20.6,7.9,9.0,7.7
20407,0.3498,0,NORMAL,20.4,6.6,8.3,9.3
20408,0.3497,0,NORMAL,20.4,6.0,7.6,7.8
20409,0.8165,0,WARNING,20.7,7.4,8.6,7.6
20410,0.3619,0,NORMAL,20.4,6.5,7.5,7.8
20411,0.3611,0,NORMAL,20.4,6.7,7.5,7.3
20412,0.3612,0,NORMAL,20.2,6.2,7.6,7.1
20413,0.3627,0,NORMAL,20.3,6.7,8.6,8.8
20414,0.3498,0,NORMAL,20.3,6.0,7.5,6.5
20415,0.3141,0,NORMAL,20.0,6.6,7.7,7.8
20416,0.326,0,NORMAL,20.3,7.0,9.4,8.1
20417,0.3262,0,NORMAL,20.1,6.6,8.5,7.6
20418,0.3392,0,NORMAL,20.4,7.3,8.4,8.5
20419,0.3371,0,NORMAL,20.3,6.0,7.9,7.4
20420,0.3512,0,NORMAL,20.3,5.5,6.7,7.5
20421,0.8218,0,WARNING,20.5,8.2,10.1,9.3
20422,0.8122,0,WARNING,20.4,10.3,9.2,8.1
20423,0.3522,0,NORMAL,20.3,6.4,8.4,9.1
20424,0.3464,0,NORMAL,20.4,6.0,7.4,6.8
20425,0.3495,0,NORMAL,20.4,7.2,8.3,7.9
20426,0.3363,0,NORMAL,20.3,6.2,7.3,7.1
20427,0.3648,0,NORMAL,20.2,7.6,8.7,8.1
20428,0.3487,0,NORMAL,20.3,6.1,7.8,7.5
20429,0.3503,0,NORMAL,20.4,7.4,8.7,7.7
20430,0.4398,0,NORMAL,20.5,7.5,10.7,10.1
20431,0.3615,0,NORMAL,20.4,6.7,8.1,7.6
20432,0.3497,0,NORMAL,20.1,6.2,7.2,7.6
20433,0.3502,0,NORMAL,20.2,5.2,7.1,7.9
20434,0.351,0,NORMAL,20.2,7.3,8.6,8.5
20435,0.3374,0,NORMAL,20.4,7.5,9.3,8.7
20436,0.8143,0,WARNING,20.6,6.7,7.9,8.0
20437,0.3653,0,NORMAL,20.5,7.2,10.0,10.8
20438,0.3494,0,NORMAL,20.4,7.0,8.7,8.7
20439,0.3734,0,NORMAL,20.4,6.2,8.0,8.0
20440,0.376,0,NORMAL,20.4,8.2,10.1,8.9
20441,0.4358,0,NORMAL,20.4,7.5,8.3,8.2
20442,0.3354,0,NORMAL,20.4,6.2,8.1,7.9
20443,0.3372,0,NORMAL,20.2,6.8,8.5,7.6
20444,0.3132,0,NORMAL,20.3,6.5,7.9,8.1
20445,0.2996,0,NORMAL,20.0,6.1,7.1,7.0
20446,0.3256,0,NORMAL,20.1,5.5,6.3,5.2
20447,0.3933,0,NORMAL,19.9,2.8,0.2,0.0
20448,0.391,0,NORMAL,19.8,2.9,0.2,0.1
20449,0.3897,0,NORMAL,19.5,2.8,0.1,0.0
20450,0.3643,0,NORMAL,19.8,5.8,6.0,7.2
20451,0.9726,0,WARNING,20.8,8.1,10.0,9.3
20452,0.3392,0,NORMAL,20.3,6.0,7.7,7.1
20453,0.3726,0,NORMAL,20.4,7.1,9.2,9.8
20454,0.3503,0,NORMAL,20.4,7.8,9.3,6.9
20455,0.3505,0,NORMAL,20.3,7.9,9.4,9.8
20456,0.3483,0,NORMAL,20.3,7.5,9.0,7.0
20457,0.3494,0,NORMAL,20.4,7.8,8.8,8.8
20458,0.348,0,NORMAL,20.3,5.7,8.0,8.5
20459,0.4003,0,NORMAL,20.5,7.2,8.7,7.8
20460,0.362,0,NORMAL,20.4,7.4,8.1,8.3
20461,0.3611,0,NORMAL,20.4,6.0,7.7,7.1
20462,0.3671,0,NORMAL,20.5,7.6,9.9,8.9
20463,0.3498,0,NORMAL,20.3,4.9,6.0,6.5
20464,0.3262,0,NORMAL,20.4,6.8,8.1,7.6
20465,0.3257,0,NORMAL,20.3,6.2,7.6,7.3
20466,0.8216,0,WARNING,20.5,6.9,7.2,7.5
20467,0.3375,0,NORMAL,20.1,6.4,8.4,9.0
20468,0.3379,0,NORMAL,20.4,6.6,9.1,8.9
20469,0.3802,0,NORMAL,20.4,8.2,10.0,8.9
20470,0.3368,0,NORMAL,20.2,6.1,8.2,8.4
20471,0.4914,0,NORMAL,20.1,7.5,7.9,8.0
20472,0.3359,0,NORMAL,20.5,6.7,9.6,9.0
20473,0.3375,0,NORMAL,20.3,5.8,7.1,6.8
20474,0.4416,0,NORMAL,20.5,7.5,9.5,9.4
20475,0.3495,0,NORMAL,20.5,6.6,8.1,7.5
20476,0.3495,0,NORMAL,20.5,6.8,8.7,9.0
20477,0.3495,0,NORMAL,20.3,6.2,8.0,7.8
20478,0.3382,0,NORMAL,20.4,7.0,7.8,7.6
20479,0.3497,0,NORMAL,20.3,6.6,9.4,8.8
20480,0.363,0,NORMAL,20.5,7.1,8.8,8.0
20481,0.8143,0,WARNING,20.7,7.2,8.9,8.7
20482,0.753,0,WARNING,20.4,8.9,7.3,7.5
20483,0.3477,0,NORMAL,20.4,7.0,9.8,9.1
20484,0.8067,0,WARNING,20.6,7.7,7.7,8.3
20485,0.3501,0,NORMAL,20.5,6.8,9.7,9.1
20486,0.4595,0,NORMAL,20.5,7.2,7.7,7.8
20487,0.3476,0,NORMAL,20.2,6.2,7.9,7.5
20488,0.3375,0,NORMAL,20.3,6.4,7.9,7.6
20489,0.3249,0,NORMAL,20.4,6.3,8.8,8.9
20490,0.3255,0,NORMAL,20.3,7.0,9.3,8.8
20491,0.35,0,NORMAL,20.1,7.6,9.5,8.6
20492,0.3124,0,NORMAL,20.4,6.0,7.6,7.2
20493,0.4669,0,NORMAL,20.3,6.0,9.4,9.5
20494,0.3303,0,NORMAL,20.5,7.7,9.8,9.5
20495,0.3114,0,NORMAL,20.2,6.3,7.4,7.5
20496,0.8155,0,WARNING,20.7,7.1,9.0,9.1
20497,0.3932,0,NORMAL,20.5,7.6,10.3,11.3
20498,0.3588,0,NORMAL,20.6,7.7,10.1,9.6
20499,0.3606,0,NORMAL,20.3,6.9,8.6,7.1
20500,0.362,0,NORMAL,20.5,6.7,8.0,9.4
20501,0.4929,0,NORMAL,20.3,8.6,11.7,9.7
20502,0.3727,0,NORMAL,20.3,7.3,9.0,7.9
20503,0.3614,0,NORMAL,20.6,7.1,8.4,7.7
20504,0.3614,0,NORMAL,20.3,6.5,9.2,9.3
20505,0.3499,0,NORMAL,20.5,7.3,8.9,7.8
20506,0.3497,0,NORMAL,20.2,7.0,9.1,9.6
20507,0.3564,0,NORMAL,20.5,6.9,9.9,8.8
20508,0.3601,0,NORMAL,20.5,7.5,9.7,9.0
20509,0.4368,0,NORMAL,20.4,8.2,10.8,8.3
20510,0.3621,0,NORMAL,20.6,7.1,9.4,8.1
20511,0.8129,0,WARNING,20.8,7.1,8.0,7.3
20512,0.362,0,NORMAL,20.5,6.8,9.0,9.1
20513,0.362,0,NORMAL,20.5,6.9,8.6,7.8
20514,0.3502,0,NORMAL,20.4,6.8,8.6,8.8
20515,0.815,0,WARNING,20.8,7.5,9.8,9.8
20516,0.4202,0,NORMAL,20.6,8.6,10.1,8.9
20517,0.3348,0,NORMAL,20.3,6.5,8.2,8.3
20518,0.4342,0,NORMAL,20.5,8.3,10.6,9.4
20519,0.3525,0,NORMAL,20.2,7.8,9.8,8.3
20520,0.4555,0,NORMAL,20.6,7.1,9.5,8.0
20521,0.3761,0,NORMAL,20.7,8.0,9.8,8.1
20522,0.3738,0,NORMAL,20.6,7.0,9.7,9.1
20523,0.3498,0,NORMAL,20.4,6.8,9.6,9.9
20524,0.3249,0,NORMAL,20.6,7.1,8.9,8.4
20525,0.3243,0,NORMAL,20.5,6.6,9.0,9.5
20526,0.8113,0,WARNING,20.7,8.0,9.5,8.9
20527,0.3609,0,NORMAL,20.7,7.3,9.7,11.2
20528,0.343,0,NORMAL,20.5,6.2,8.5,6.3
20529,0.3733,0,NORMAL,20.6,8.0,10.0,9.3
20530,0.373,0,NORMAL,20.4,6.9,9.3,8.9
20531,0.3616,0,NORMAL,20.6,7.3,9.7,9.0
20532,0.3493,0,NORMAL,20.4,7.4,9.2,8.8
20533,0.3676,0,NORMAL,20.7,7.9,9.9,9.1
20534,0.36,0,NORMAL,20.6,6.4,8.6,6.4
20535,0.3989,0,NORMAL,20.6,7.8,10.2,9.1
20536,0.35,0,NORMAL,20.4,7.1,9.5,8.2
20537,0.3131,0,NORMAL,20.3,6.6,9.1,8.4
20538,0.3256,0,NORMAL,20.4,6.8,8.6,8.4
20539,0.3974,0,NORMAL,20.6,7.7,10.2,8.9
20540,0.4513,0,NORMAL,20.5,7.1,9.5,8.2
20541,0.9682,0,WARNING,20.9,8.0,9.4,8.1
20542,0.3368,0,NORMAL,20.5,6.8,8.9,7.6
20543,0.7363,0,WARNING,20.6,10.3,10.7,8.9
20544,0.3648,0,NORMAL,20.6,7.1,9.8,8.1
20545,0.4564,0,NORMAL,20.6,7.1,8.9,9.3
20546,0.567,0,NORMAL,20.3,8.1,8.5,7.5
20547,0.5116,0,NORMAL,20.6,8.5,11.9,7.9
20548,0.4288,0,NORMAL,20.7,7.7,10.7,9.5
20549,0.3657,0,NORMAL,20.5,7.0,8.9,7.4
20550,0.3383,0,NORMAL,20.5,7.4,8.8,9.3
20551,0.4723,0,NORMAL,20.6,7.8,11.4,9.6
20552,0.3921,0,NORMAL,20.6,7.4,10.1,6.7
20553,0.3984,0,NORMAL,20.2,7.7,10.2,8.7
20554,0.3628,0,NORMAL,20.6,7.4,9.5,8.4
20555,0.3499,0,NORMAL,20.3,6.5,8.5,7.9
20556,0.8149,0,WARNING,20.8,8.6,9.9,9.3
20557,0.8086,0,WARNING,20.7,6.2,8.4,9.6
20558,0.3612,0,NORMAL,20.6,7.0,9.6,9.2
20559,0.3495,0,NORMAL,20.6,7.5,9.1,8.8
20560,0.3894,0,NORMAL,20.7,7.6,10.1,8.2
20561,0.3901,0,NORMAL,20.7,7.7,9.9,7.7
20562,0.4959,0,NORMAL,20.3,7.7,9.3,8.1
20563,0.3947,0,NORMAL,20.5,7.3,10.2,8.3
20564,0.4015,0,NORMAL,20.6,8.1,10.2,9.3
20565,0.8092,0,WARNING,20.8,7.7,10.3,9.8
20566,0.3814,0,NORMAL,20.6,7.5,10.0,6.9
20567,0.3507,0,NORMAL,20.6,7.0,9.4,9.5
20568,0.3967,0,NORMAL,20.5,7.9,10.2,8.7
20569,0.3679,0,NORMAL,20.3,7.0,9.8,7.6
20570,0.3266,0,NORMAL,20.4,6.6,8.4,8.0
20571,0.8144,0,WARNING,20.6,7.6,9.3,9.0
20572,0.4077,0,NORMAL,20.4,8.0,10.3,9.9
20573,0.4265,0,NORMAL,20.5,7.4,10.5,9.2
20574,0.3495,0,NORMAL,20.7,7.7,9.6,8.4
20575,0.3983,0,NORMAL,20.6,6.9,8.6,7.6
20576,0.3836,0,NORMAL,20.6,8.0,10.2,9.7
20577,0.4558,0,NORMAL,20.7,9.6,10.1,8.6
20578,0.4102,0,NORMAL,20.6,7.4,10.7,8.8
20579,0.3369,0,NORMAL,20.3,7.1,8.6,7.4
20580,0.3702,0,NORMAL,20.5,7.0,9.9,8.8
20581,0.3504,0,NORMAL,20.3,6.7,9.5,9.3
20582,0.3499,0,NORMAL,20.3,7.2,9.6,6.9
20583,0.4876,0,NORMAL,20.5,7.6,9.6,8.5
20584,0.3979,0,NORMAL,20.6,7.9,10.4,9.1
20585,0.3533,0,NORMAL,20.4,7.4,9.7,8.0
20586,0.8138,0,WARNING,20.8,8.6,10.8,8.7
20587,0.341,0,NORMAL,20.5,6.5,9.0,8.7
20588,0.3389,0,NORMAL,20.3,6.8,8.8,8.0
20589,0.3509,0,NORMAL,20.3,6.4,8.9,9.2
20590,0.4697,0,NORMAL,20.5,7.7,8.3,8.1
20591,0.5141,0,NORMAL,20.4,7.3,9.5,9.5
20592,0.4754,0,NORMAL,20.6,8.3,9.2,8.8
20593,0.5469,0,NORMAL,20.7,7.4,11.4,9.9
20594,0.3879,0,NORMAL,20.6,7.9,10.0,6.8
20595,0.3962,0,NORMAL,20.6,8.1,10.0,8.7
20596,0.4409,0,NORMAL,20.4,7.2,10.9,9.9
20597,0.3884,0,NORMAL,20.6,7.4,10.3,7.6
20598,0.4006,0,NORMAL,20.7,7.1,10.5,9.5
20599,0.487,0,NORMAL,20.6,8.3,9.6,8.6
20600,0.338,0,NORMAL,20.5,7.4,9.5,8.1
20601,0.8115,0,WARNING,20.7,7.5,9.2,9.2
20602,0.7749,0,WARNING,20.7,10.1,9.3,7.9
20603,0.3356,0,NORMAL,20.6,6.6,9.1,9.6
20604,0.3342,0,NORMAL,20.6,7.1,8.9,8.3
20605,0.3598,0,NORMAL,20.7,6.9,9.7,7.4
20606,0.4067,0,NORMAL,20.4,7.9,9.3,9.0
20607,0.3361,0,NORMAL,20.5,7.2,9.0,8.4
20608,0.5166,0,NORMAL,20.7,8.8,11.7,7.8
20609,0.3373,0,NORMAL,20.3,6.7,9.6,8.6
20610,0.3904,0,NORMAL,20.4,6.9,10.2,9.3
20611,0.4595,0,NORMAL,20.5,8.3,11.0,7.7
20612,0.3726,0,NORMAL,20.5,7.2,9.9,8.2
20613,0.3391,0,NORMAL,20.3,7.0,9.4,8.5
20614,0.3868,0,NORMAL,20.5,8.1,10.2,8.0
20615,0.4292,0,NORMAL,20.5,6.7,9.6,8.6
20616,0.8147,0,WARNING,20.8,6.9,8.9,7.3
20617,0.4421,0,NORMAL,20.7,7.6,10.9,10.3
20618,0.3503,0,NORMAL,20.6,7.1,9.6,8.7
20619,0.3504,0,NORMAL,20.6,6.9,8.9,7.8
20620,0.4474,0,NORMAL,20.4,7.6,9.8,8.1
20621,0.4285,0,NORMAL,20.7,7.5,10.7,9.2
20622,0.4107,0,NORMAL,20.7,8.1,10.6,8.4
20623,0.3491,0,NORMAL,20.6,6.7,8.9,7.3
20624,0.402,0,NORMAL,20.7,6.8,10.4,9.0
20625,0.4206,0,NORMAL,20.6,7.4,9.4,7.9
20626,0.3623,0,NORMAL,20.5,6.9,8.5,6.9
20627,0.3886,0,NORMAL,20.6,7.5,10.3,10.3
20628,0.3818,0,NORMAL,20.6,7.7,10.5,9.3
20629,0.4194,0,NORMAL,20.2,7.4,10.7,7.3
20630,0.3389,0,NORMAL,20.2,6.4,8.7,8.5
20631,0.9681,0,WARNING,20.9,7.3,9.1,9.3
20632,0.337,0,NORMAL,20.4,6.9,9.7,8.3
20633,0.5076,0,NORMAL,20.2,8.0,12.1,8.7
20634,0.4337,0,NORMAL,20.5,7.9,11.1,10.0
20635,0.3374,0,NORMAL,20.2,7.0,9.1,6.7
20636,0.3387,0,NORMAL,20.4,7.6,9.5,8.4
20637,0.3664,0,NORMAL,20.5,8.1,9.6,8.2
20638,0.4729,0,NORMAL,20.6,8.1,11.4,8.5
20639,0.3497,0,NORMAL,20.2,6.7,9.2,7.6
20640,0.3693,0,NORMAL,20.3,7.2,9.8,8.1
20641,0.3385,0,NORMAL,20.2,6.2,9.2,8.5
20642,0.4114,0,NORMAL,20.6,7.5,10.5,9.0
20643,0.4752,0,NORMAL,20.5,8.3,11.5,8.0
20644,0.4007,0,NORMAL,20.6,7.2,10.4,8.7
20645,0.3934,0,NORMAL,20.5,7.1,10.4,9.1
20646,0.8116,0,WARNING,20.7,8.7,10.6,7.7
20647,0.3833,0,NORMAL,20.4,7.9,10.2,10.1
20648,0.3492,0,NORMAL,20.5,7.0,9.5,8.1
20649,0.4666,0,NORMAL,20.6,8.5,11.3,8.8
20650,0.3932,0,NORMAL,20.6,7.5,10.4,9.0
20651,0.4171,0,NORMAL,20.5,8.2,10.4,8.9
20652,0.3827,0,NORMAL,20.4,6.7,10.2,8.5
20653,0.4036,0,NORMAL,20.6,7.7,10.5,9.1
20654,0.3614,0,NORMAL,20.4,6.5,9.3,7.9
20655,0.4137,0,NORMAL,20.5,8.8,10.1,8.9
20656,0.4139,0,NORMAL,20.2,7.7,10.7,8.4
20657,0.3753,0,NORMAL,20.4,6.7,10.0,8.3
20658,0.3971,0,NORMAL,20.6,7.9,10.2,8.5
20659,0.3383,0,NORMAL,20.5,7.1,9.8,8.3
20660,0.3757,0,NORMAL,20.4,7.1,10.0,8.1
20661,0.8128,0,WARNING,20.7,7.6,10.4,8.6
20662,0.3461,0,NORMAL,20.6,6.8,9.8,8.7
20663,0.3501,0,NORMAL,20.3,6.6,9.1,8.1
20664,0.3867,0,NORMAL,20.6,7.5,10.2,8.3
20665,0.4997,0,NORMAL,20.7,9.0,11.8,9.2
20666,0.4684,0,NORMAL,20.4,8.3,10.2,8.5
20667,0.7111,0,WARNING,20.4,10.1,10.6,8.6
20668,0.4106,0,NORMAL,20.7,7.8,10.6,9.3
20669,0.4526,0,NORMAL,20.5,8.2,11.2,8.3
20670,0.437,0,NORMAL,20.6,7.4,11.0,8.6
20671,0.4204,0,NORMAL,20.6,7.3,10.8,9.1
20672,0.3669,0,NORMAL,20.6,7.4,10.1,8.4
20673,0.3712,0,NORMAL,20.5,7.1,10.3,8.6
20674,0.374,0,NORMAL,20.6,8.0,9.9,7.6
20675,0.4636,0,NORMAL,20.7,7.8,11.3,9.0
20676,0.9671,0,WARNING,21.0,8.5,10.1,8.4
20677,0.4106,0,NORMAL,20.6,7.5,10.7,9.9
20678,0.3858,0,NORMAL,20.6,7.6,10.2,8.9
20679,0.3711,0,NORMAL,20.5,7.0,10.1,7.9
20680,0.3969,0,NORMAL,20.4,7.7,10.5,8.4
20681,0.5306,0,NORMAL,20.3,8.2,9.8,8.4
20682,0.3754,0,NORMAL,20.3,7.0,10.4,8.8
20683,0.3526,0,NORMAL,20.3,6.9,9.9,8.3
20684,0.3898,0,NORMAL,20.3,8.1,10.4,8.4
20685,0.325,0,NORMAL,20.4,7.1,9.3,8.8
20686,0.396,0,NORMAL,20.4,6.7,10.6,9.8
20687,0.3877,0,NORMAL,20.4,7.6,10.3,6.3
20688,0.3694,0,NORMAL,20.4,7.7,10.2,9.3
20689,0.4068,0,NORMAL,20.4,8.1,10.4,8.2
20690,0.4209,0,NORMAL,20.5,7.0,10.9,8.5
20691,0.9681,0,WARNING,20.9,7.5,9.4,8.3
20692,0.3498,0,NORMAL,20.5,7.9,9.4,8.1
20693,0.3537,0,NORMAL,20.4,7.0,9.9,8.5
20694,0.397,0,NORMAL,20.5,7.8,10.2,9.1
20695,0.3616,0,NORMAL,20.5,6.5,9.2,7.3
20696,0.4319,0,NORMAL,20.6,8.5,10.7,9.0
20697,0.4176,0,NORMAL,20.3,8.1,10.6,9.3
20698,0.527,0,NORMAL,20.5,7.7,9.9,7.5
20699,0.5416,0,NORMAL,20.5,7.9,10.6,9.6
20700,0.3889,0,NORMAL,20.5,8.1,10.0,7.9
20701,0.3491,0,NORMAL,20.5,6.4,9.3,8.7
20702,0.3254,0,NORMAL,20.1,6.6,9.2,7.6
20703,0.3271,0,NORMAL,20.2,6.8,9.2,8.7
20704,0.3388,0,NORMAL,20.1,6.9,8.5,8.6
20705,0.4145,0,NORMAL,20.6,8.4,10.1,9.3
20706,0.8119,0,WARNING,20.7,7.4,8.8,8.7
20707,0.4631,0,NORMAL,20.4,8.0,11.1,10.6
20708,0.4271,0,NORMAL,20.4,7.9,10.5,8.4
20709,0.3608,0,NORMAL,20.3,7.5,9.7,7.4
20710,0.3983,0,NORMAL,20.6,8.0,10.3,10.0
20711,0.4483,0,NORMAL,20.6,8.3,10.4,8.4
20712,0.4472,0,NORMAL,20.5,8.4,11.0,8.2
20713,0.5111,0,NORMAL,20.4,8.8,11.8,9.5
20714,0.389,0,NORMAL,20.6,7.7,9.9,8.2
20715,0.3859,0,NORMAL,20.5,7.2,9.9,8.2
20716,0.3745,0,NORMAL,20.4,7.5,9.6,8.9
20717,0.3621,0,NORMAL,20.5,6.4,8.7,8.5
20718,0.338,0,NORMAL,20.5,7.8,9.0,8.2
20719,0.3866,0,NORMAL,20.5,7.1,10.1,8.2
20720,0.3382,0,NORMAL,20.4,6.7,8.5,9.0
20721,0.9681,0,WARNING,20.9,9.2,11.4,9.6
20722,0.7407,0,WARNING,20.6,10.4,11.3,8.1
20723,0.4719,0,NORMAL,20.6,8.6,11.4,9.3
20724,0.4558,0,NORMAL,20.5,8.4,11.0,9.9
20725,0.4126,0,NORMAL,20.6,8.3,9.7,7.3
20726,0.3813,0,NORMAL,20.4,8.0,8.6,8.9
20727,0.3681,0,NORMAL,20.6,7.4,9.9,8.9
20728,0.469,0,NORMAL,20.6,8.4,11.2,7.9
20729,0.3541,0,NORMAL,20.4,7.9,9.7,8.9
20730,0.3968,0,NORMAL,20.1,7.8,10.3,8.9
20731,0.3603,0,NORMAL,20.4,7.7,10.0,9.3
20732,0.3815,0,NORMAL,20.4,7.4,10.1,8.4
20733,0.3377,0,NORMAL,20.2,7.3,9.2,9.1
20734,0.3375,0,NORMAL,20.4,7.3,9.4,8.6
20735,0.364,0,NORMAL,20.2,7.3,10.0,9.3
20736,0.8099,0,WARNING,20.6,7.4,8.7,7.7
20737,0.5196,0,NORMAL,20.2,8.5,12.0,11.7
20738,0.36,0,NORMAL,20.5,7.3,9.3,9.0
20739,0.399,0,NORMAL,20.5,7.7,10.4,7.7
20740,0.3451,0,NORMAL,20.2,7.0,8.5,8.1
20741,0.4539,0,NORMAL,20.5,8.9,10.3,9.6
20742,0.374,0,NORMAL,20.5,7.6,9.8,9.6
20743,0.3376,0,NORMAL,20.2,6.8,8.1,7.8
20744,0.349,0,NORMAL,20.5,6.3,9.0,8.0
20745,0.3507,0,NORMAL,20.2,6.7,8.8,8.6
20746,0.3506,0,NORMAL,20.3,7.3,8.3,7.2
20747,0.3552,0,NORMAL,20.3,7.9,8.5,7.8
20748,0.3499,0,NORMAL,20.3,6.8,7.7,8.1
20749,0.9944,0,ANOMALY,20.5,7.5,10.3,9.8
20750,0.3491,0,NORMAL,20.2,6.7,8.7,7.6
20751,0.8162,0,WARNING,20.7,7.8,9.0,8.8
20752,0.3619,0,NORMAL,20.4,6.4,6.7,6.3
20753,0.3505,0,NORMAL,20.4,6.6,8.1,7.8
20754,0.3499,0,NORMAL,20.2,6.5,8.5,8.1
20755,0.3512,0,NORMAL,20.4,7.3,8.2,8.1
20756,0.4759,0,NORMAL,20.3,7.0,7.8,7.5
20757,0.3493,0,NORMAL,20.1,6.8,8.1,7.6
20758,0.3502,0,NORMAL,20.3,6.0,7.3,6.6
20759,0.339,0,NORMAL,20.1,6.5,7.1,6.6
20760,0.3263,0,NORMAL,20.3,6.4,7.6,7.6
20761,0.3382,0,NORMAL,20.3,6.2,8.2,7.7
20762,0.5531,0,NORMAL,20.2,7.9,7.9,6.7
20763,0.3136,0,NORMAL,20.2,6.4,8.2,8.3
20764,0.338,0,NORMAL,20.3,5.8,7.4,7.3
20765,0.3514,0,NORMAL,20.3,5.9,7.6,6.6
20766,0.3812,0,NORMAL,20.4,7.9,9.3,8.0
20767,0.3388,0,NORMAL,20.1,5.9,6.8,8.3
20768,0.3512,0,NORMAL,20.3,6.2,7.3,6.9
20769,0.3634,0,NORMAL,20.4,6.7,7.6,6.8
20770,0.3629,0,NORMAL,20.4,6.5,7.5,7.5
20771,0.3655,0,NORMAL,20.4,7.0,7.2,6.7
20772,0.3733,0,NORMAL,20.2,6.0,6.4,6.6
20773,0.3738,0,NORMAL,20.4,6.3,7.8,7.4
20774,0.3623,0,NORMAL,20.3,6.6,8.2,7.2
20775,0.3391,0,NORMAL,20.3,6.1,7.2,6.4
20776,0.3393,0,NORMAL,20.1,6.8,7.9,7.2
20777,0.3508,0,NORMAL,20.1,5.5,7.4,7.3
20778,0.3522,0,NORMAL,20.4,6.7,7.6,6.7
20779,0.3516,0,NORMAL,20.1,5.3,6.0,5.8
20780,0.3642,0,NORMAL,20.3,6.4,7.7,6.9
20781,0.9948,0,ANOMALY,21.0,8.1,9.1,7.8
20782,0.3502,0,NORMAL,20.1,6.1,6.8,6.4
20783,0.351,0,NORMAL,20.0,5.5,6.3,6.6
20784,0.3516,0,NORMAL,20.2,6.5,6.9,5.9
20785,0.3517,0,NORMAL,20.0,5.7,7.2,6.8
20786,0.3522,0,NORMAL,20.0,6.3,6.7,6.5
20787,0.8058,0,WARNING,20.3,9.1,6.6,5.4
20788,0.4372,0,NORMAL,20.5,5.9,7.4,6.4
20789,0.4405,0,NORMAL,20.4,6.6,7.2,6.5
20790,0.3382,0,NORMAL,19.8,6.1,6.8,6.1
20791,0.3141,0,NORMAL,20.0,5.8,6.0,5.6
20792,0.3392,0,NORMAL,20.0,5.6,6.8,6.4
20793,0.3401,0,NORMAL,20.2,6.0,6.7,5.8
20794,0.3401,0,NORMAL,20.1,5.8,5.9,5.8
20795,0.3517,0,NORMAL,19.9,5.2,5.5,5.7
20796,0.9707,0,WARNING,20.5,6.5,6.2,5.4
20797,0.3522,0,NORMAL,20.1,6.0,6.3,7.0
20798,0.352,0,NORMAL,20.1,5.4,5.8,5.6
20799,0.3527,0,NORMAL,20.2,7.3,8.1,6.9
20800,0.3635,0,NORMAL,20.0,6.4,7.0,6.0
20801,0.3635,0,NORMAL,19.9,5.9,5.7,5.6
20802,0.3632,0,NORMAL,20.0,5.7,5.4,5.6
20803,0.3389,0,NORMAL,19.7,5.3,5.8,5.1
20804,0.3283,0,NORMAL,20.0,5.6,5.8,5.1
20805,0.4182,0,NORMAL,20.1,6.4,7.4,6.7
20806,0.3542,0,NORMAL,19.8,5.9,6.1,6.2
20807,0.3401,0,NORMAL,19.7,4.6,4.0,4.3
20808,0.3528,0,NORMAL,20.1,5.1,5.9,7.6
20809,0.4173,0,NORMAL,19.8,6.6,5.5,4.7
20810,0.3409,0,NORMAL,20.1,5.8,6.8,4.4
20811,0.8337,0,WARNING,20.2,7.0,6.8,6.1
20812,0.9079,0,WARNING,16.0,10.7,12.6,10.0
20813,0.9477,0,WARNING,11.4,11.2,17.9,13.0
20814,0.8669,0,WARNING,12.9,9.3,14.3,11.3
20815,0.8822,0,WARNING,15.2,8.3,13.4,10.8
20816,0.8959,0,WARNING,18.1,9.6,14.1,10.8
20817,0.908,0,WARNING,19.6,8.6,15.8,12.6
20818,0.8744,0,WARNING,20.5,7.8,13.7,10.6
20819,0.8395,0,WARNING,19.5,7.7,11.4,9.8
20820,0.8671,0,WARNING,19.3,7.8,12.4,11.3
20821,0.9283,0,WARNING,19.6,9.1,14.9,13.3
20822,0.9187,0,WARNING,19.9,8.6,13.7,12.0
20823,0.9187,0,WARNING,19.4,8.1,13.7,12.1
20824,0.9022,0,WARNING,18.8,7.8,13.4,10.3
20825,0.598,0,WARNING,18.0,5.0,5.3,5.6
20826,0.8199,0,WARNING,18.9,6.8,5.2,6.2
20827,0.2258,0,NORMAL,19.1,6.0,6.4,8.1
20828,0.1901,0,NORMAL,19.1,4.7,4.4,4.6
20829,0.3008,0,NORMAL,19.3,5.8,5.0,5.8
20830,0.3686,0,NORMAL,19.3,5.9,4.9,5.8
20831,0.2735,0,NORMAL,19.7,6.7,5.7,5.8
20832,0.2166,0,NORMAL,19.7,4.6,4.7,5.3
20833,0.3013,0,NORMAL,20.1,4.9,4.6,5.9
20834,0.3144,0,NORMAL,20.2,6.3,5.6,5.6
20835,0.3267,0,NORMAL,20.2,5.2,5.5,5.3
20836,0.3401,0,NORMAL,20.3,5.1,5.0,6.7
20837,0.3395,0,NORMAL,20.2,5.3,5.7,6.8
20838,0.3261,0,NORMAL,20.1,5.2,4.4,5.3
20839,0.314,0,NORMAL,20.0,5.4,5.4,5.9
20840,0.4176,0,NORMAL,19.9,4.9,3.5,4.5
20841,0.3523,0,NORMAL,20.2,5.6,4.9,5.8
20842,0.7808,0,WARNING,20.2,7.9,4.6,5.3
20843,0.3592,0,NORMAL,19.9,4.9,4.7,5.7
20844,0.3615,0,NORMAL,20.2,4.8,4.1,4.6
20845,0.3751,0,NORMAL,20.1,6.8,6.3,6.3
20846,0.3623,0,NORMAL,20.0,6.2,5.1,5.3
20847,0.3499,0,NORMAL,19.7,5.5,4.8,5.5
20848,0.3627,0,NORMAL,20.0,5.3,5.3,6.1
20849,0.3866,0,NORMAL,20.0,4.0,3.6,4.9
20850,0.3761,0,NORMAL,19.9,4.2,2.9,3.5
20851,0.3651,0,NORMAL,20.0,5.5,3.9,4.5
20852,0.3652,0,NORMAL,19.9,4.9,3.6,4.2
20853,0.3644,0,NORMAL,19.7,4.4,4.1,5.5
20854,0.365,0,NORMAL,20.0,4.8,3.8,5.0
20855,0.3525,0,NORMAL,19.7,5.1,4.3,4.6
20856,0.8353,0,WARNING,20.0,5.1,3.6,4.2
20857,0.3409,0,NORMAL,19.9,5.8,5.0,6.3
20858,0.3523,0,NORMAL,19.9,4.6,4.3,5.2
20859,0.7939,0,WARNING,20.2,7.1,3.7,5.5
20860,0.4169,0,NORMAL,18.3,4.5,4.0,4.4
20861,0.8275,0,WARNING,18.4,6.4,3.8,5.0
20862,0.3366,0,NORMAL,18.0,4.2,2.9,3.3
20863,0.3389,0,NORMAL,18.0,4.5,3.6,5.1
20864,0.3514,0,NORMAL,18.1,5.2,4.9,5.6
20865,0.3518,0,NORMAL,18.0,4.5,3.3,3.8
20866,0.3529,0,NORMAL,18.0,4.0,3.3,3.9
20867,0.3417,0,NORMAL,18.0,4.6,3.7,4.3
20868,0.3285,0,NORMAL,18.1,5.1,4.6,5.3
20869,0.4959,0,NORMAL,17.8,3.5,3.3,4.0
20870,0.3292,0,NORMAL,18.1,3.9,3.4,4.4
20871,0.3537,0,NORMAL,18.1,4.9,4.2,5.0
20872,0.3656,0,NORMAL,18.0,4.5,3.1,4.5
20873,0.3406,0,NORMAL,17.8,4.0,3.7,4.3
20874,0.3171,0,NORMAL,18.0,5.2,3.7,4.5
20875,0.303,0,NORMAL,17.8,5.1,3.7,4.5
20876,0.4201,0,NORMAL,17.7,4.9,3.0,3.5
20877,0.3281,0,NORMAL,17.7,3.7,2.6,4.0
20878,0.3288,0,NORMAL,18.0,4.7,3.1,3.4
20879,0.3295,0,NORMAL,17.8,3.9,2.1,2.4
20880,0.3177,0,NORMAL,17.7,3.9,2.5,3.2
20881,0.3182,0,NORMAL,17.9,4.1,2.8,3.3
20882,0.3179,0,NORMAL,17.7,4.3,3.1,4.0
20883,0.3815,0,NORMAL,18.0,5.0,3.9,4.8
20884,0.3164,0,NORMAL,18.0,4.7,3.5,4.0
20885,0.3164,0,NORMAL,17.9,3.7,2.4,3.1
20886,0.3397,0,NORMAL,17.9,5.4,3.7,4.0
20887,0.3295,0,NORMAL,18.0,3.7,3.0,5.3
20888,0.3418,0,NORMAL,18.0,4.5,2.8,3.5
20889,0.3537,0,NORMAL,17.8,4.8,4.2,4.3
20890,0.3662,0,NORMAL,17.9,5.0,4.1,3.9
20891,0.3662,0,NORMAL,18.1,5.1,3.4,3.4
20892,0.3778,0,NORMAL,18.0,5.1,3.0,3.3
20893,0.3656,0,NORMAL,18.2,4.1,3.2,4.4
20894,0.3655,0,NORMAL,18.1,4.9,3.4,4.1
20895,0.3648,0,NORMAL,18.1,3.9,3.2,3.9
20896,0.3535,0,NORMAL,18.1,4.4,2.9,3.5
20897,0.3537,0,NORMAL,18.1,5.2,4.0,4.6
20898,0.353,0,NORMAL,18.0,3.6,2.6,3.2
20899,0.3543,0,NORMAL,18.1,4.7,3.0,3.6
20900,0.3654,0,NORMAL,18.1,4.3,3.6,3.8
20901,0.8419,0,WARNING,18.3,4.5,2.4,3.0
20902,0.8435,0,WARNING,18.2,5.1,2.2,2.9
20903,0.3658,0,NORMAL,17.9,3.5,2.3,3.1
20904,0.3552,0,NORMAL,18.1,5.1,3.4,3.8
20905,0.3584,0,NORMAL,18.0,3.9,2.9,3.5
20906,0.4436,0,NORMAL,17.8,4.9,2.0,2.4
20907,0.7577,0,WARNING,18.1,6.9,2.3,2.7
20908,0.3371,0,NORMAL,18.1,4.3,2.7,3.3
20909,0.3393,0,NORMAL,18.1,4.5,2.6,3.2
20910,0.3398,0,NORMAL,18.1,3.6,2.2,2.7
20911,0.3415,0,NORMAL,18.0,3.9,2.5,3.0
20912,0.3546,0,NORMAL,17.9,3.4,2.8,3.5
20913,0.3674,0,NORMAL,18.1,4.4,2.4,2.6
20914,0.3783,0,NORMAL,18.2,4.0,2.6,2.8
20915,0.3784,0,NORMAL,18.2,3.4,2.6,3.0
20916,0.8458,0,WARNING,18.4,4.4,2.6,3.3
20917,0.3546,0,NORMAL,18.1,4.0,3.0,5.1
20918,0.3421,0,NORMAL,18.1,4.1,2.6,2.5
20919,1.0,0,ANOMALY,23.6,11.9,2.6,2.7
20920,0.3665,0,NORMAL,18.2,3.7,1.3,1.6
20921,0.3902,0,NORMAL,18.2,5.2,2.3,2.3
20922,0.3502,0,NORMAL,18.1,4.1,2.2,2.3
20923,0.3521,0,NORMAL,18.1,3.5,1.9,2.7
20924,0.3534,0,NORMAL,18.1,4.3,3.5,3.6
20925,0.3539,0,NORMAL,18.0,4.1,1.8,1.8
20926,0.3544,0,NORMAL,18.1,4.2,2.8,2.8
20927,0.3668,0,NORMAL,18.0,3.1,1.5,2.0
20928,0.3558,0,NORMAL,18.1,4.4,2.9,2.8
20929,0.3435,0,NORMAL,17.9,3.5,2.0,2.3
20930,0.3556,0,NORMAL,18.1,3.9,2.4,2.1
20931,0.8489,0,WARNING,18.3,4.8,2.8,2.8
20932,0.3428,0,NORMAL,18.0,4.6,2.7,2.3
20933,0.3182,0,NORMAL,17.8,4.1,3.1,3.4
20934,0.3056,0,NORMAL,17.9,3.8,2.1,2.3
20935,0.3054,0,NORMAL,17.9,4.1,2.3,2.4
20936,0.4068,0,NORMAL,17.9,5.2,2.6,2.7
20937,0.2662,0,NORMAL,17.7,3.3,1.3,1.6
20938,0.271,0,NORMAL,17.7,4.2,2.4,2.9
20939,0.2451,0,NORMAL,17.6,4.5,3.2,3.0
20940,0.3425,0,NORMAL,17.4,4.0,2.4,2.1
20941,0.247,0,NORMAL,17.6,3.1,2.0,2.3
20942,0.2733,0,NORMAL,17.3,3.7,1.7,1.8
20943,0.2863,0,NORMAL,17.5,3.4,2.0,2.0
20944,0.2932,0,NORMAL,17.4,4.0,2.0,2.1
20945,0.2851,0,NORMAL,17.6,4.0,2.4,2.8
20946,0.8489,0,WARNING,17.9,3.5,1.6,1.9
20947,0.3123,0,NORMAL,17.5,4.5,2.6,3.8
20948,0.2664,0,NORMAL,17.7,3.6,2.2,1.8
20949,0.4384,0,NORMAL,17.8,3.9,1.7,2.0
20950,0.3011,0,NORMAL,17.6,4.3,2.2,2.1
20951,0.2924,0,NORMAL,17.6,3.5,2.0,1.8
20952,0.3536,0,NORMAL,17.8,4.7,2.1,2.3
20953,0.2725,0,NORMAL,17.7,4.0,2.5,3.1
20954,0.2659,0,NORMAL,17.9,3.9,2.2,2.1
20955,0.2651,0,NORMAL,17.8,3.2,2.1,2.3
20956,0.2797,0,NORMAL,17.9,3.1,1.4,1.6
20957,0.2964,0,NORMAL,17.9,3.9,1.3,1.6
20958,0.3091,0,NORMAL,17.9,3.6,1.2,1.3
20959,0.3012,0,NORMAL,17.7,3.3,1.5,2.0
20960,0.309,0,NORMAL,17.9,3.8,2.5,1.8
20961,0.8532,0,WARNING,18.0,4.4,1.7,2.2
20962,0.7587,0,WARNING,17.6,5.9,1.3,1.8
20963,0.3099,0,NORMAL,17.8,3.8,1.6,1.4
20964,0.2942,0,NORMAL,18.0,3.9,2.1,2.5
20965,0.3095,0,NORMAL,18.0,3.6,1.5,1.3
20966,0.3178,0,NORMAL,18.0,3.2,2.1,2.4
20967,0.3521,0,NORMAL,18.1,4.1,1.3,1.8
20968,0.3421,0,NORMAL,18.1,3.4,1.5,2.0
20969,0.3431,0,NORMAL,17.8,3.4,1.4,1.6
20970,0.3435,0,NORMAL,18.0,3.8,2.3,2.3
20971,0.3433,0,NORMAL,18.0,3.4,1.2,1.5
20972,0.3558,0,NORMAL,18.1,3.6,1.7,2.0
20973,0.3559,0,NORMAL,17.9,3.4,1.4,1.8
20974,0.3565,0,NORMAL,18.1,4.1,1.8,1.8
20975,0.3677,0,NORMAL,18.1,2.8,1.0,1.5
20976,0.9956,0,ANOMALY,18.7,4.6,1.6,1.6
20977,0.3549,0,NORMAL,18.1,4.3,1.7,2.9
20978,0.3424,0,NORMAL,18.0,3.2,1.4,1.6
20979,0.3558,0,NORMAL,18.0,3.3,1.8,2.2
20980,0.3561,0,NORMAL,18.2,4.3,1.9,2.3
20981,0.3298,0,NORMAL,17.8,3.6,1.7,1.7
20982,0.3312,0,NORMAL,17.8,4.1,1.7,2.1
20983,0.3177,0,NORMAL,17.9,3.4,1.2,1.5
20984,0.3311,0,NORMAL,18.0,3.8,2.0,2.1
20985,0.3313,0,NORMAL,18.1,3.6,2.2,2.1
20986,0.3317,0,NORMAL,17.8,3.2,1.6,2.0
20987,0.3446,0,NORMAL,17.9,4.3,1.8,1.9
20988,0.3439,0,NORMAL,18.0,2.9,1.4,1.6
20989,0.3566,0,NORMAL,18.0,3.3,1.8,1.8
20990,0.3571,0,NORMAL,18.1,3.3,1.3,1.4
20991,0.8516,0,WARNING,18.2,3.9,1.7,1.8
20992,0.356,0,NORMAL,18.1,3.3,1.7,2.2
20993,0.3554,0,NORMAL,17.9,2.9,1.4,2.0
20994,0.3688,0,NORMAL,18.1,3.9,1.6,1.8
20995,0.38,0,NORMAL,18.2,4.2,1.9,1.6
20996,0.3793,0,NORMAL,18.0,3.9,1.9,2.0
20997,0.3673,0,NORMAL,18.2,4.1,1.9,2.5
20998,0.3422,0,NORMAL,18.1,3.8,1.3,1.8
20999,0.3547,0,NORMAL,18.1,2.4,0.9,1.2
21000,0.3568,0,NORMAL,18.1,3.4,1.3,1.8
21001,0.3439,0,NORMAL,18.2,3.7,1.7,2.1
21002,0.3437,0,NORMAL,18.1,4.1,2.5,2.3
21003,0.3507,0,NORMAL,17.9,2.6,1.1,0.8
21004,0.3455,0,NORMAL,17.7,3.9,1.5,2.1
21005,0.344,0,NORMAL,17.1,3.4,1.3,1.3
21006,0.8513,0,WARNING,17.5,3.9,1.1,1.0
21007,0.331,0,NORMAL,17.1,3.1,1.4,3.0
21008,0.9992,0,ANOMALY,18.3,13.7,1.5,1.6
21009,0.3505,0,NORMAL,17.4,3.5,1.4,1.4
21010,0.3533,0,NORMAL,17.4,3.7,2.3,2.6
21011,0.3541,0,NORMAL,17.1,3.5,1.3,1.8
21012,0.3549,0,NORMAL,17.4,4.0,2.2,2.1
21013,0.3547,0,NORMAL,17.2,3.8,1.7,1.6
21014,0.3553,0,NORMAL,17.5,3.7,2.3,2.8
21015,0.3554,0,NORMAL,17.2,3.6,1.9,2.0
21016,0.3557,0,NORMAL,17.4,3.4,1.4,1.3
21017,0.3682,0,NORMAL,17.2,2.9,1.2,1.6
21018,0.369,0,NORMAL,17.4,4.1,1.3,1.1
21019,0.368,0,NORMAL,17.4,3.4,1.5,1.6
21020,0.3683,0,NORMAL,17.2,4.1,1.7,1.5
21021,0.8507,0,WARNING,17.6,3.0,1.2,1.3
21022,0.369,0,NORMAL,17.5,3.5,1.3,1.8
21023,0.7308,0,WARNING,17.4,5.8,1.3,1.5
21024,0.3521,0,NORMAL,17.5,4.9,1.8,1.8
21025,0.3527,0,NORMAL,17.2,3.4,2.1,1.6
21026,0.3947,0,NORMAL,17.1,3.9,0.9,1.1
21027,0.3094,0,NORMAL,17.2,3.7,1.4,1.4
21028,0.3104,0,NORMAL,17.2,3.4,1.6,1.9
21029,0.3091,0,NORMAL,17.3,3.1,1.2,1.3
21030,0.311,0,NORMAL,17.2,3.9,1.2,1.5
21031,0.3089,0,NORMAL,16.9,2.8,1.3,1.3
21032,0.3187,0,NORMAL,17.2,4.1,1.2,1.1
21033,0.6617,0,WARNING,17.2,4.8,1.2,1.3
21034,0.3228,0,NORMAL,17.1,3.8,1.4,1.3
21035,0.3214,0,NORMAL,16.9,3.2,1.3,1.5
21036,0.8539,0,WARNING,17.4,4.4,1.4,1.4
21037,0.3312,0,NORMAL,17.2,3.3,1.1,2.8
21038,0.3315,0,NORMAL,17.2,3.3,1.0,1.0
21039,0.3446,0,NORMAL,17.2,3.7,2.0,2.1
21040,0.3566,0,NORMAL,17.2,3.6,1.6,1.9
21041,0.4529,0,NORMAL,17.1,4.5,1.9,2.2
21042,0.3041,0,NORMAL,17.3,3.3,1.8,1.9
21043,0.3056,0,NORMAL,17.2,3.6,1.6,2.0
21044,0.3093,0,NORMAL,17.3,4.0,1.6,1.5
21045,0.3188,0,NORMAL,17.1,3.4,2.1,1.8
21046,0.32,0,NORMAL,17.1,3.4,1.2,1.2
21047,0.3082,0,NORMAL,17.1,3.2,1.3,1.6
21048,0.3202,0,NORMAL,17.3,3.4,1.3,1.6
21049,0.3199,0,NORMAL,17.4,4.6,2.2,1.8
21050,0.3093,0,NORMAL,17.1,3.9,1.7,1.4
21051,0.8504,0,WARNING,17.4,3.4,1.6,1.4
21052,0.3135,0,NORMAL,16.9,3.3,1.1,1.5
21053,0.3132,0,NORMAL,16.9,3.2,1.3,1.8
21054,0.3094,0,NORMAL,17.2,3.7,1.6,1.4
21055,0.4936,0,NORMAL,17.1,4.8,1.1,1.3
21056,0.4251,0,NORMAL,17.1,4.3,1.9,1.6
21057,0.4604,0,NORMAL,16.9,3.2,1.2,1.8
21058,0.309,0,NORMAL,17.1,4.5,1.6,1.3
21059,0.3079,0,NORMAL,17.0,2.9,1.0,1.5
21060,0.3501,0,NORMAL,17.1,3.5,1.1,0.7
21061,0.337,0,NORMAL,17.0,2.7,1.3,1.3
21062,0.3432,0,NORMAL,17.3,3.2,1.2,1.3
21063,0.3416,0,NORMAL,17.0,3.0,1.3,1.1
21064,0.3472,0,NORMAL,17.3,3.6,1.6,1.7
21065,0.3262,0,NORMAL,17.1,3.8,1.7,1.5
21066,0.8529,0,WARNING,17.5,3.9,1.4,1.4
21067,0.3193,0,NORMAL,17.4,3.7,2.2,3.3
21068,0.3193,0,NORMAL,17.4,3.0,0.8,1.0
21069,0.3198,0,NORMAL,17.5,3.5,1.1,1.5
21070,0.3314,0,NORMAL,17.3,3.5,1.2,1.5
21071,0.344,0,NORMAL,17.3,3.2,1.0,1.0
21072,0.3444,0,NORMAL,17.4,4.1,1.6,1.9
21073,0.3308,0,NORMAL,17.2,3.2,1.3,1.6
21074,0.3316,0,NORMAL,17.5,4.1,2.4,2.1
21075,0.9292,0,WARNING,17.5,8.7,1.3,1.3
21076,0.9976,0,ANOMALY,17.6,14.8,1.0,1.0
21077,0.318,0,NORMAL,17.2,2.9,1.0,1.3
21078,0.332,0,NORMAL,17.4,3.7,1.4,1.4
21079,0.3373,0,NORMAL,17.4,3.4,1.5,1.6
21080,0.3281,0,NORMAL,17.2,3.1,1.0,1.5
21081,0.3168,0,NORMAL,17.4,3.3,1.5,1.6
21082,0.4345,0,NORMAL,17.5,4.7,1.5,1.4
21083,0.5735,0,NORMAL,17.3,5.0,2.1,2.1
21084,0.3279,0,NORMAL,17.5,4.6,2.2,2.1
21085,0.8434,0,WARNING,17.6,4.7,1.3,1.6
21086,0.3171,0,NORMAL,17.4,3.5,1.2,1.5
21087,0.3043,0,NORMAL,17.1,4.1,1.4,1.6
21088,0.3174,0,NORMAL,17.4,3.6,1.3,1.8
21089,0.3307,0,NORMAL,17.4,3.3,1.1,1.3
21090,0.3313,0,NORMAL,17.3,3.4,1.0,1.1
21091,0.3314,0,NORMAL,17.4,3.2,2.1,2.3
21092,0.3319,0,NORMAL,17.4,3.5,1.2,1.8
21093,0.3311,0,NORMAL,17.4,3.9,1.5,1.6
21094,0.3312,0,NORMAL,17.4,3.1,1.0,1.5
21095,0.3437,0,NORMAL,17.3,3.1,1.0,1.0
21096,0.8531,0,WARNING,17.7,4.2,1.2,1.5
21097,0.3308,0,NORMAL,17.4,3.2,1.3,3.1
21098,0.3436,0,NORMAL,17.5,2.8,1.3,1.6
21099,0.3566,0,NORMAL,17.6,4.0,2.0,2.7
21100,0.3554,0,NORMAL,17.3,3.5,1.4,1.3
21101,0.4708,0,NORMAL,17.5,4.6,1.2,1.5
21102,0.3418,0,NORMAL,17.3,3.7,1.6,1.6
21103,0.343,0,NORMAL,17.3,3.4,2.0,2.0
21104,0.3563,0,NORMAL,17.6,3.5,1.4,1.3
21105,0.3561,0,NORMAL,17.4,3.1,1.6,2.0
21106,0.3567,0,NORMAL,17.6,3.6,1.9,2.2
21107,0.356,0,NORMAL,17.5,3.0,1.3,1.6
21108,0.3561,0,NORMAL,17.6,4.1,1.8,1.8
21109,0.3556,0,NORMAL,17.5,3.6,1.4,1.6
21110,0.3561,0,NORMAL,17.6,3.4,1.8,2.0
21111,0.8512,0,WARNING,17.8,3.6,1.2,1.5
21112,0.356,0,NORMAL,17.3,3.2,1.2,1.8
21113,0.3562,0,NORMAL,17.5,3.7,1.0,1.3
21114,0.368,0,NORMAL,17.5,2.9,0.9,1.1
21115,0.369,0,NORMAL,17.3,3.9,1.7,2.0
21116,0.4198,0,NORMAL,17.5,4.4,1.3,1.6
21117,0.3542,0,NORMAL,17.5,3.7,1.2,1.8
21118,0.848,0,WARNING,17.8,3.0,1.0,1.5
21119,0.3557,0,NORMAL,17.3,3.8,1.4,1.6
21120,0.3433,0,NORMAL,17.3,2.7,2.0,2.3
21121,0.3323,0,NORMAL,17.5,3.9,2.2,1.8
21122,0.3192,0,NORMAL,17.2,2.8,1.1,1.3
21123,0.3214,0,NORMAL,17.2,3.3,1.3,1.3
21124,0.3205,0,NORMAL,17.4,3.9,1.2,1.3
21125,0.3194,0,NORMAL,17.5,3.4,1.8,1.4
21126,0.8531,0,WARNING,17.6,4.4,1.5,1.8
21127,0.3187,0,NORMAL,17.4,3.5,1.4,2.6
21128,0.3323,0,NORMAL,17.4,3.5,1.1,1.5
21129,0.3442,0,NORMAL,17.5,3.5,1.1,1.3
21130,0.3564,0,NORMAL,17.5,3.8,2.5,2.1
21131,0.3678,0,NORMAL,17.3,3.5,1.1,1.8
21132,0.3676,0,NORMAL,17.7,4.0,1.5,1.8
21133,0.3428,0,NORMAL,17.3,3.1,1.3,1.8
21134,0.3985,0,NORMAL,17.5,4.6,2.0,2.5
21135,0.3433,0,NORMAL,17.4,3.2,1.6,2.0
21136,0.3563,0,NORMAL,17.3,3.4,1.1,1.7
21137,0.3566,0,NORMAL,17.4,3.7,1.6,1.9
21138,0.3565,0,NORMAL,17.6,3.9,1.7,1.8
21139,0.3564,0,NORMAL,17.3,2.9,1.1,1.3
21140,0.3572,0,NORMAL,17.4,3.6,2.3,2.1
21141,0.8518,0,WARNING,17.8,4.2,1.6,2.1
21142,0.3674,0,NORMAL,17.7,3.8,2.3,2.6
21143,0.3678,0,NORMAL,17.6,3.4,1.4,1.6
21144,0.368,0,NORMAL,17.6,3.7,1.4,1.6
21145,0.3677,0,NORMAL,17.5,2.9,1.3,1.6
21146,0.4197,0,NORMAL,17.6,4.6,2.1,2.1
21147,0.7984,0,WARNING,17.6,6.8,2.1,2.8
21148,0.3367,0,NORMAL,17.5,3.9,1.1,1.3
21149,0.3527,0,NORMAL,17.6,3.8,1.8,2.1
21150,0.3537,0,NORMAL,17.6,3.3,1.5,1.8
21151,0.3374,0,NORMAL,17.6,4.9,2.3,2.3
21152,0.3424,0,NORMAL,17.3,2.9,1.3,1.8
21153,0.3444,0,NORMAL,17.4,3.9,2.0,2.3
21154,0.3562,0,NORMAL,17.7,3.9,1.9,2.3
21155,0.3755,0,NORMAL,17.7,3.9,1.6,2.0
21156,0.9738,0,WARNING,18.0,4.4,2.1,2.1
21157,0.3554,0,NORMAL,17.7,4.3,2.1,3.8
21158,0.3429,0,NORMAL,17.5,4.1,1.7,1.9
21159,0.3552,0,NORMAL,17.7,4.0,1.5,1.9
21160,0.3674,0,NORMAL,17.8,4.7,2.8,3.3
21161,0.3662,0,NORMAL,17.7,3.9,1.1,1.5
21162,0.3656,0,NORMAL,17.5,3.4,1.4,1.9
21163,0.3673,0,NORMAL,17.7,3.8,2.4,2.6
21164,0.3554,0,NORMAL,17.6,3.8,1.3,1.8
21165,0.3671,0,NORMAL,17.4,3.5,1.9,2.1
21166,0.3681,0,NORMAL,17.6,3.4,2.0,2.5
21167,0.368,0,NORMAL,17.6,4.0,1.7,1.8
21168,0.3554,0,NORMAL,17.7,3.1,2.1,2.5
21169,0.4204,0,NORMAL,17.7,5.2,2.8,2.8
21170,0.8286,0,WARNING,17.8,7.4,2.4,2.6
21171,0.9896,0,WARNING,18.1,13.2,2.3,2.8
21172,0.9861,0,WARNING,17.8,11.7,1.9,2.3
21173,0.984,0,WARNING,17.6,11.4,2.1,2.3
21174,0.9908,0,ANOMALY,17.9,12.9,1.9,2.0
21175,0.986,0,WARNING,17.9,11.8,1.4,1.6
21176,0.9929,0,ANOMALY,17.7,13.1,2.1,2.5
21177,0.9887,0,WARNING,17.8,12.6,2.1,2.3
21178,0.9862,0,WARNING,17.8,12.4,2.0,2.3
21179,0.9898,0,WARNING,17.6,12.3,2.0,2.3
21180,0.9889,0,WARNING,17.6,12.1,2.3,2.1
21181,0.987,0,WARNING,17.8,12.2,2.5,2.9
21182,0.9892,0,WARNING,17.8,12.2,2.3,2.6
21183,0.9881,0,WARNING,17.8,12.5,2.5,2.6
21184,0.9863,0,WARNING,17.8,12.5,2.7,2.8
21185,0.988,0,WARNING,17.5,12.3,1.9,2.1
21186,0.9896,0,WARNING,17.9,13.1,2.4,2.4
21187,0.988,0,WARNING,17.8,12.2,1.8,3.5
21188,0.9868,0,WARNING,17.9,11.9,1.9,2.2
21189,0.9895,0,WARNING,17.7,12.2,1.9,2.5
21190,0.9931,0,ANOMALY,17.9,13.3,2.5,3.0
21191,0.9901,0,WARNING,17.7,12.7,2.6,3.1
21192,0.99,0,WARNING,17.8,13.3,2.4,2.6
21193,0.9888,0,WARNING,17.9,12.7,3.0,3.7
21194,0.9897,0,WARNING,17.9,14.2,4.3,4.6
21195,0.9874,0,WARNING,17.8,12.4,2.6,3.0
21196,0.9923,0,ANOMALY,17.8,13.1,2.4,2.9
21197,0.803,0,WARNING,17.5,7.6,3.0,3.3
21198,0.4196,0,NORMAL,17.8,4.9,2.9,3.3
21199,0.3548,0,NORMAL,17.7,4.5,3.2,4.0
21200,0.3593,0,NORMAL,17.8,4.0,2.7,3.0
21201,0.9714,0,WARNING,18.3,4.7,2.7,3.5
21202,0.3749,0,NORMAL,17.9,4.0,2.6,3.7
21203,0.7525,0,WARNING,17.9,7.4,3.6,3.8
21204,0.3723,0,NORMAL,17.8,4.2,2.9,3.3
21205,0.3749,0,NORMAL,17.9,4.7,3.0,3.1
21206,0.3524,0,NORMAL,17.6,4.5,3.0,3.8
21207,0.3528,0,NORMAL,17.6,4.3,3.3,4.3
21208,0.3534,0,NORMAL,17.6,3.3,2.2,3.0
21209,0.3553,0,NORMAL,17.5,4.0,2.6,3.3
21210,0.3433,0,NORMAL,17.7,3.7,3.5,4.2
21211,0.3436,0,NORMAL,17.5,4.0,3.2,3.8
21212,0.3552,0,NORMAL,17.7,3.9,4.3,5.3
21213,0.3556,0,NORMAL,17.7,3.8,3.1,3.5
21214,0.331,0,NORMAL,17.7,4.5,3.4,4.1
21215,0.2782,0,NORMAL,17.5,4.4,4.0,4.8
21216,0.2362,0,NORMAL,17.3,4.4,3.4,3.8
21217,0.2651,0,NORMAL,17.5,4.1,3.7,5.6
21218,0.3054,0,NORMAL,17.5,3.5,2.6,3.5
21219,0.3312,0,NORMAL,17.6,4.3,3.9,4.2
21220,0.3557,0,NORMAL,17.5,4.7,3.5,3.6
21221,0.3425,0,NORMAL,17.5,3.6,3.8,4.8
21222,0.343,0,NORMAL,17.8,4.2,3.4,4.5
21223,0.3295,0,NORMAL,17.8,3.9,3.7,4.8
21224,0.3171,0,NORMAL,17.8,4.2,3.4,4.8
21225,0.3293,0,NORMAL,17.7,4.1,4.7,5.5
21226,0.3422,0,NORMAL,17.8,5.0,5.1,5.6
21227,0.3545,0,NORMAL,17.9,4.3,4.0,4.6
21228,0.3425,0,NORMAL,17.8,4.5,3.8,5.0
21229,0.3297,0,NORMAL,17.6,4.4,4.5,5.1
21230,0.3427,0,NORMAL,17.8,4.9,4.5,6.2
21231,0.8371,0,WARNING,18.0,4.5,4.0,4.7
21232,0.33,0,NORMAL,17.6,4.6,4.0,5.0
21233,0.3174,0,NORMAL,17.6,3.9,3.6,4.5
21234,0.3305,0,NORMAL,17.8,4.3,4.6,5.7
21235,0.355,0,NORMAL,17.9,4.3,3.9,4.5
21236,0.3426,0,NORMAL,18.0,5.4,4.3,5.3
21237,0.3279,0,NORMAL,17.8,4.3,3.7,4.3
21238,0.3411,0,NORMAL,17.8,4.8,5.1,5.8
21239,0.3535,0,NORMAL,17.9,4.9,5.1,5.7
21240,0.3653,0,NORMAL,18.0,4.9,5.2,6.2
21241,0.3533,0,NORMAL,17.7,4.4,5.2,5.4
21242,0.3421,0,NORMAL,17.8,3.9,4.3,5.5
21243,0.3298,0,NORMAL,17.6,4.5,3.9,5.0
21244,0.3421,0,NORMAL,17.7,3.4,3.9,5.9
21245,0.5137,0,NORMAL,17.5,3.9,4.8,5.8
21246,0.8372,0,WARNING,18.1,5.0,5.1,6.3
21247,0.3539,0,NORMAL,18.0,3.9,4.6,6.9
21248,0.4003,0,NORMAL,18.0,5.5,5.2,6.0
21249,0.3656,0,NORMAL,18.1,4.9,5.0,6.0
21250,0.353,0,NORMAL,17.8,5.0,5.6,6.4
21251,0.3529,0,NORMAL,18.0,5.3,5.4,5.5
21252,0.3526,0,NORMAL,18.0,4.9,4.9,5.6
21253,0.3401,0,NORMAL,17.8,4.9,6.3,6.6
21254,0.3413,0,NORMAL,18.0,5.7,6.1,4.5
21255,0.3421,0,NORMAL,17.8,4.7,6.2,5.2
21256,0.3548,0,NORMAL,18.0,4.2,5.5,6.1
21257,0.3556,0,NORMAL,17.8,4.8,5.3,5.6
21258,0.3426,0,NORMAL,18.0,4.9,5.4,4.4
21259,0.3553,0,NORMAL,18.0,4.7,5.7,5.1
21260,0.3557,0,NORMAL,17.9,4.9,5.5,5.8
21261,0.8384,0,WARNING,18.2,5.9,5.4,6.0
21262,0.3536,0,NORMAL,18.0,5.2,5.4,6.3
21263,0.4371,0,NORMAL,18.0,4.7,5.3,6.7
21264,0.3651,0,NORMAL,18.1,5.1,5.9,5.4
21265,0.3894,0,NORMAL,18.2,6.2,7.1,4.6
21266,0.3781,0,NORMAL,18.0,6.2,5.8,6.7
21267,0.6933,0,WARNING,18.1,7.7,6.3,6.9
21268,0.3921,0,NORMAL,18.3,6.6,7.1,5.1
21269,0.3634,0,NORMAL,18.0,5.9,5.4,4.4
21270,0.3409,0,NORMAL,17.8,5.0,5.4,5.8
21271,0.3159,0,NORMAL,18.0,4.9,6.1,7.5
21272,0.3156,0,NORMAL,17.7,3.9,4.7,6.0
21273,0.3415,0,NORMAL,18.0,4.7,6.4,5.8
21274,0.3545,0,NORMAL,18.0,6.5,7.2,5.2
21275,0.4862,0,NORMAL,18.1,5.3,5.2,5.6
21276,0.8348,0,WARNING,18.4,5.7,6.0,6.1
21277,0.3654,0,NORMAL,18.2,6.1,7.7,6.8
21278,0.354,0,NORMAL,18.2,5.8,7.2,7.1
21279,0.3655,0,NORMAL,18.1,5.9,6.3,6.6
21280,0.3647,0,NORMAL,17.8,5.3,6.0,4.7
21281,0.3661,0,NORMAL,18.1,5.7,7.0,6.8
21282,0.353,0,NORMAL,17.9,6.1,6.6,6.9
21283,0.3272,0,NORMAL,17.8,5.1,6.3,5.9
21284,0.3286,0,NORMAL,18.1,5.3,7.2,6.9
21285,0.3293,0,NORMAL,18.1,6.2,7.8,7.1
21286,0.3407,0,NORMAL,18.1,5.6,8.5,7.8
21287,0.3539,0,NORMAL,18.3,6.5,8.1,7.6
21288,0.3404,0,NORMAL,18.2,5.1,6.2,6.2
21289,0.354,0,NORMAL,18.2,5.9,7.4,7.3
21290,0.3409,0,NORMAL,17.9,4.9,6.4,5.9
21291,0.8315,0,WARNING,18.5,6.0,7.5,6.9
21292,0.3535,0,NORMAL,18.2,6.0,7.5,7.0
21293,0.3528,0,NORMAL,18.2,5.8,8.0,7.1
21294,0.3532,0,NORMAL,18.3,5.7,7.3,7.2
21295,0.365,0,NORMAL,18.2,6.3,6.8,6.6
21296,0.3393,0,NORMAL,18.1,5.3,6.2,6.0
21297,0.3404,0,NORMAL,18.2,5.9,7.0,7.0
21298,0.3515,0,NORMAL,18.2,5.5,6.7,6.1
21299,0.3529,0,NORMAL,18.3,5.5,6.5,6.1
21300,0.3535,0,NORMAL,18.0,5.6,7.5,7.2
21301,0.3294,0,NORMAL,17.9,5.6,6.9,6.8
21302,0.3161,0,NORMAL,18.0,5.1,6.5,6.6
21303,0.3163,0,NORMAL,18.2,6.3,8.8,7.5
21304,0.3167,0,NORMAL,18.0,5.7,6.4,6.5
21305,0.3158,0,NORMAL,18.1,5.8,7.1,7.1
21306,0.8295,0,WARNING,18.4,5.7,7.5,6.9
21307,0.3656,0,NORMAL,18.3,5.8,7.7,8.6
21308,0.3533,0,NORMAL,18.3,5.9,7.7,7.7
21309,0.8239,0,WARNING,18.4,5.8,5.3,5.1
21310,0.3651,0,NORMAL,18.3,4.9,6.0,6.3
21311,0.3797,0,NORMAL,18.4,7.4,6.8,6.9
21312,0.3629,0,NORMAL,18.2,6.2,8.5,7.4
21313,0.3646,0,NORMAL,18.3,6.1,7.4,7.3
21314,0.3403,0,NORMAL,18.3,6.9,8.7,8.5
21315,0.3516,0,NORMAL,18.1,5.6,7.9,7.6
21316,0.3523,0,NORMAL,18.2,5.8,6.5,7.0
21317,0.352,0,NORMAL,18.2,6.0,7.8,6.7
21318,0.353,0,NORMAL,18.2,6.5,7.7,7.3
21319,0.3526,0,NORMAL,18.2,5.5,7.1,7.2
21320,0.3528,0,NORMAL,18.0,5.6,6.5,6.6
21321,0.829,0,WARNING,18.4,6.5,7.0,6.7
21322,0.3522,0,NORMAL,18.2,6.1,8.3,8.0
21323,0.7226,0,WARNING,18.3,9.1,7.3,6.5
21324,0.3597,0,NORMAL,18.2,5.9,7.4,7.3
21325,0.3855,0,NORMAL,18.3,5.5,6.2,6.2
21326,0.3633,0,NORMAL,18.2,7.3,6.7,6.2
21327,0.3501,0,NORMAL,18.1,5.3,6.9,6.3
21328,0.4065,0,NORMAL,18.3,6.5,7.9,7.5
21329,0.3397,0,NORMAL,18.0,5.7,7.6,6.9
21330,0.3528,0,NORMAL,18.3,6.3,8.1,7.4
21331,0.3532,0,NORMAL,18.3,5.9,7.7,7.7
21332,0.3407,0,NORMAL,18.1,5.8,6.9,6.4
21333,0.3989,0,NORMAL,18.2,7.3,8.1,7.2
21334,0.353,0,NORMAL,18.3,6.2,7.5,7.4
21335,0.3879,0,NORMAL,18.4,5.9,6.6,5.7
21336,0.3651,0,NORMAL,18.2,5.8,6.7,5.7
21337,0.3413,0,NORMAL,18.2,5.4,6.7,8.9
21338,0.3547,0,NORMAL,18.2,5.4,6.7,6.6
21339,0.3767,0,NORMAL,18.1,5.4,6.2,5.1
21340,0.3896,0,NORMAL,18.4,6.3,7.4,7.8
21341,0.3637,0,NORMAL,18.2,5.7,6.0,5.7
21342,0.3527,0,NORMAL,18.2,6.7,7.5,7.0
21343,0.3516,0,NORMAL,18.3,6.2,8.3,7.8
21344,0.352,0,NORMAL,18.3,5.9,7.6,6.9
21345,0.3528,0,NORMAL,18.3,5.4,7.0,7.1
21346,0.3528,0,NORMAL,18.0,5.4,6.6,6.4
21347,0.3534,0,NORMAL,18.1,5.4,7.2,7.1
21348,0.3539,0,NORMAL,18.4,6.6,8.7,8.5
21349,0.3525,0,NORMAL,18.3,5.6,7.2,7.6
21350,0.3643,0,NORMAL,18.4,6.3,7.7,6.9
21351,0.8262,0,WARNING,18.6,6.1,7.2,6.5
21352,0.3408,0,NORMAL,18.3,5.5,7.3,7.6
21353,0.3408,0,NORMAL,18.2,5.3,6.3,5.4
21354,0.3741,0,NORMAL,18.1,6.3,7.6,6.4
21355,0.3657,0,NORMAL,18.4,5.5,6.8,7.6
21356,0.364,0,NORMAL,18.0,6.0,5.8,4.7
21357,0.3525,0,NORMAL,18.2,5.3,7.4,6.8
21358,0.3417,0,NORMAL,18.2,6.4,7.2,7.3
21359,0.3276,0,NORMAL,18.3,5.2,6.7,5.9
21360,0.4508,0,NORMAL,18.3,6.6,7.2,6.6
21361,0.3537,0,NORMAL,18.4,6.1,7.9,7.4
21362,0.3534,0,NORMAL,18.4,5.7,7.2,7.4
21363,0.3527,0,NORMAL,18.2,6.5,7.2,6.5
21364,0.3903,0,NORMAL,18.4,6.5,7.5,6.9
21365,0.3527,0,NORMAL,18.4,5.1,7.4,7.1
21366,0.8311,0,WARNING,18.5,5.9,6.4,6.2
21367,0.3886,0,NORMAL,18.5,5.6,7.0,7.8
21368,0.3887,0,NORMAL,18.5,6.2,7.1,7.3
21369,0.3157,0,NORMAL,18.3,6.2,7.5,7.2
21370,0.3405,0,NORMAL,18.1,6.0,7.3,6.9
21371,0.3651,0,NORMAL,18.5,7.5,8.4,7.7
21372,0.3384,0,NORMAL,18.5,6.5,8.9,8.1
21373,0.3396,0,NORMAL,18.2,5.0,6.3,7.0
21374,0.3278,0,NORMAL,18.4,6.3,7.9,7.4
21375,0.3276,0,NORMAL,18.3,6.3,7.0,6.5
21376,0.3524,0,NORMAL,18.2,5.2,7.5,7.4
21377,0.3592,0,NORMAL,18.5,7.0,9.5,8.3
21378,0.3526,0,NORMAL,18.4,7.1,8.3,7.4
21379,0.34,0,NORMAL,18.2,5.8,7.6,7.8
21380,0.3401,0,NORMAL,18.1,5.3,7.1,6.0
21381,0.354,0,NORMAL,18.4,6.5,8.0,7.4
21382,0.3536,0,NORMAL,18.4,6.2,7.6,7.8
21383,0.3523,0,NORMAL,18.3,5.7,7.6,6.7
21384,0.3656,0,NORMAL,18.5,6.8,8.8,7.9
21385,0.3645,0,NORMAL,18.4,5.5,6.5,6.8
21386,0.3647,0,NORMAL,18.4,5.7,6.0,6.1
21387,0.7517,0,WARNING,18.3,10.1,9.2,8.2
21388,0.4152,0,NORMAL,18.4,7.1,7.1,7.1
21389,0.3242,0,NORMAL,18.4,5.1,5.9,5.9
21390,0.3389,0,NORMAL,18.3,4.6,5.7,5.0
21391,0.3536,0,NORMAL,18.2,5.6,7.0,6.8
21392,0.4143,0,NORMAL,18.4,6.2,7.7,7.4
21393,0.519,0,NORMAL,18.6,6.5,7.4,6.1
21394,0.3535,0,NORMAL,18.5,6.3,8.4,7.9
21395,0.3527,0,NORMAL,18.3,5.9,6.9,7.4
21396,0.9701,0,WARNING,18.9,6.3,6.4,5.7
21397,0.3521,0,NORMAL,18.2,4.9,5.6,6.5
21398,0.4434,0,NORMAL,18.5,8.0,8.4,8.1
21399,0.3761,0,NORMAL,18.4,5.9,6.9,6.7
21400,0.388,0,NORMAL,18.4,5.7,7.2,6.9
21401,0.3654,0,NORMAL,18.3,5.8,5.9,5.7
21402,0.353,0,NORMAL,18.3,6.9,8.1,7.7
21403,0.352,0,NORMAL,18.3,5.5,7.3,6.9
21404,0.3533,0,NORMAL,18.5,6.2,7.9,7.6
21405,0.3406,0,NORMAL,18.5,6.1,8.2,7.2
21406,0.3405,0,NORMAL,18.4,5.2,6.6,7.0
21407,0.3404,0,NORMAL,18.3,5.0,6.8,6.8
21408,0.3412,0,NORMAL,18.3,6.2,7.1,6.3
21409,0.353,0,NORMAL,18.3,5.4,7.0,7.4
21410,0.3539,0,NORMAL,18.5,5.6,7.4,6.9
21411,0.8293,0,WARNING,18.7,6.2,7.0,7.3
21412,0.3403,0,NORMAL,18.2,5.0,6.4,6.6
21413,0.3411,0,NORMAL,18.2,5.7,7.0,6.8
21414,0.3536,0,NORMAL,18.5,5.5,7.4,6.6
21415,0.3659,0,NORMAL,18.6,6.2,7.4,7.1
21416,0.3647,0,NORMAL,18.3,5.8,6.6,5.9
21417,0.3533,0,NORMAL,18.5,7.1,7.7,7.0
21418,0.4893,0,NORMAL,18.5,5.8,7.6,7.7
21419,0.3402,0,NORMAL,18.5,6.6,8.0,7.4
21420,0.3715,0,NORMAL,18.6,6.2,8.1,8.1
21421,0.3396,0,NORMAL,18.5,4.8,6.0,6.0
21422,0.3402,0,NORMAL,18.3,5.4,8.0,7.2
21423,0.3539,0,NORMAL,18.5,6.6,8.1,7.6
21424,0.3526,0,NORMAL,18.5,6.0,7.8,7.6
21425,0.3404,0,NORMAL,18.5,5.5,6.9,6.4
21426,0.8295,0,WARNING,18.6,5.8,5.8,6.0
21427,0.3402,0,NORMAL,18.4,4.9,6.2,7.8
21428,0.8293,0,WARNING,18.8,6.5,6.7,6.3
21429,0.3277,0,NORMAL,18.5,6.3,7.9,6.7
21430,0.3288,0,NORMAL,18.6,6.7,8.0,7.4
21431,0.4015,0,NORMAL,18.7,6.6,8.4,7.7
21432,0.3395,0,NORMAL,18.4,6.1,7.2,6.8
21433,0.577,0,NORMAL,18.4,4.8,7.2,7.1
21434,0.3534,0,NORMAL,18.7,7.0,9.4,8.1
21435,0.3524,0,NORMAL,18.3,5.2,6.6,6.8
21436,0.3537,0,NORMAL,18.6,7.0,9.2,8.7
21437,0.3517,0,NORMAL,18.6,6.3,7.1,6.2
21438,0.3281,0,NORMAL,18.4,5.8,6.5,6.5
21439,0.3155,0,NORMAL,18.2,5.8,7.3,6.7
21440,0.3294,0,NORMAL,18.4,5.6,6.6,5.9
21441,0.8327,0,WARNING,18.8,7.1,7.9,7.5
21442,0.3529,0,NORMAL,18.3,5.4,5.8,6.5
21443,0.6266,0,WARNING,18.7,8.6,7.7,6.7
21444,0.3612,0,NORMAL,18.6,5.7,6.4,6.4
21445,0.3628,0,NORMAL,18.4,6.8,8.4,7.4
21446,0.3607,0,NORMAL,18.6,6.6,7.0,6.3
21447,0.3512,0,NORMAL,18.4,6.3,7.4,6.9
21448,0.3392,0,NORMAL,18.7,6.7,9.2,8.3
21449,0.3399,0,NORMAL,18.4,5.2,6.4,6.6
21450,0.3407,0,NORMAL,18.4,5.7,8.1,7.4
21451,0.3419,0,NORMAL,18.6,5.6,6.9,7.1
21452,0.3414,0,NORMAL,18.5,5.3,5.9,6.0
21453,0.3408,0,NORMAL,18.6,5.8,7.1,6.6
21454,0.3415,0,NORMAL,18.6,6.0,6.7,6.1
21455,0.3528,0,NORMAL,18.5,4.7,5.8,6.1
21456,0.8338,0,WARNING,18.9,6.2,7.3,6.9
21457,0.3648,0,NORMAL,18.6,5.7,7.0,7.5
21458,0.3457,0,NORMAL,18.8,7.1,9.1,8.2
21459,0.3524,0,NORMAL,18.8,5.8,7.3,7.1
21460,0.3522,0,NORMAL,18.4,4.9,5.8,6.3
21461,0.3534,0,NORMAL,18.4,4.8,5.8,6.1
21462,0.3894,0,NORMAL,18.4,6.8,6.6,5.9
21463,0.34,0,NORMAL,18.4,5.8,6.5,5.9
21464,0.3531,0,NORMAL,18.8,6.3,7.9,8.0
21465,0.3151,0,NORMAL,18.5,5.2,6.7,6.4
21466,0.2768,0,NORMAL,18.4,5.5,6.8,6.3
21467,0.3033,0,NORMAL,18.5,5.2,6.5,6.4
21468,0.3413,0,NORMAL,18.6,6.4,7.9,7.2
21469,0.3531,0,NORMAL,18.7,5.9,7.6,6.9
21470,0.3529,0,NORMAL,18.7,5.9,7.7,6.7
21471,0.8301,0,WARNING,18.9,5.5,6.2,6.1
21472,0.3408,0,NORMAL,18.4,5.5,7.0,6.6
21473,0.3417,0,NORMAL,18.8,6.5,8.4,8.4
21474,0.3281,0,NORMAL,18.6,5.4,6.5,6.6
21475,0.341,0,NORMAL,18.7,5.6,6.9,6.4
21476,0.3531,0,NORMAL,18.8,7.2,7.6,7.6
21477,0.3628,0,NORMAL,18.4,5.2,6.8,6.1
21478,0.3283,0,NORMAL,18.6,5.5,6.2,6.2
21479,0.3528,0,NORMAL,18.8,5.7,7.8,7.9
21480,0.3529,0,NORMAL,18.6,5.3,6.9,6.9
21481,0.341,0,NORMAL,18.5,5.5,6.0,6.0
21482,0.3284,0,NORMAL,18.5,5.0,7.2,7.3
21483,0.3291,0,NORMAL,18.3,5.4,7.2,6.6
21484,0.3426,0,NORMAL,18.7,5.9,6.5,6.8
21485,0.3411,0,NORMAL,18.5,5.5,7.8,7.4
21486,0.8303,0,WARNING,18.7,6.9,7.2,6.6
21487,0.2896,0,NORMAL,18.3,5.4,8.0,9.1
21488,0.4587,0,NORMAL,18.7,6.4,7.5,6.7
21489,0.3536,0,NORMAL,18.5,5.3,7.3,7.2
21490,0.4247,0,NORMAL,18.6,5.3,7.1,7.3
21491,0.3532,0,NORMAL,18.8,7.2,7.9,6.9
21492,0.3515,0,NORMAL,18.4,5.6,6.9,6.2
21493,0.3523,0,NORMAL,18.6,5.0,6.4,6.2
21494,0.3413,0,NORMAL,18.6,5.0,5.7,5.9
21495,0.3414,0,NORMAL,18.7,6.7,8.3,7.6
21496,0.3279,0,NORMAL,18.7,5.2,6.9,6.3
21497,0.3288,0,NORMAL,18.7,6.1,8.0,7.6
21498,0.332,0,NORMAL,18.7,6.6,7.1,7.1
21499,0.3401,0,NORMAL,18.7,5.2,5.8,5.6
21500,0.353,0,NORMAL,18.8,5.3,6.6,6.4
21501,0.8335,0,WARNING,19.1,6.9,7.7,7.4
21502,0.3525,0,NORMAL,18.6,5.7,7.0,7.0
21503,0.3529,0,NORMAL,18.6,5.2,7.3,7.1
21504,0.3659,0,NORMAL,18.8,7.0,8.2,7.7
21505,0.3524,0,NORMAL,18.8,5.7,7.3,7.1
21506,0.3524,0,NORMAL,18.8,7.3,8.3,7.5
21507,0.718,0,WARNING,18.8,9.2,8.8,8.5
21508,0.3431,0,NORMAL,18.9,7.5,9.3,8.0
21509,0.3469,0,NORMAL,18.7,6.6,7.6,6.4
21510,0.3627,0,NORMAL,18.8,4.8,6.9,7.5
21511,0.3522,0,NORMAL,18.8,6.1,7.5,6.9
21512,0.3402,0,NORMAL,18.6,6.4,7.7,7.3
21513,0.3739,0,NORMAL,18.7,5.9,7.0,7.0
21514,0.3407,0,NORMAL,18.9,6.7,7.9,7.0
21515,0.3526,0,NORMAL,18.6,6.2,7.8,7.6
21516,0.8251,0,WARNING,19.0,6.4,7.7,7.3
21517,0.3467,0,NORMAL,18.8,5.9,8.5,8.7
21518,0.3525,0,NORMAL,18.8,5.6,7.7,7.3
21519,0.3655,0,NORMAL,19.0,6.8,8.4,7.9
21520,0.3644,0,NORMAL,18.7,6.6,7.9,6.8
21521,0.3645,0,NORMAL,18.7,5.2,7.3,7.3
21522,0.4479,0,NORMAL,18.7,7.3,7.6,7.2
21523,0.3509,0,NORMAL,18.9,5.8,8.0,7.4
21524,0.3401,0,NORMAL,18.8,5.9,7.0,7.1
21525,0.3395,0,NORMAL,18.8,5.6,7.4,6.6
21526,0.3528,0,NORMAL,18.8,5.3,6.6,6.1
21527,0.3412,0,NORMAL,18.9,6.1,7.7,7.7
21528,0.4291,0,NORMAL,18.8,6.2,7.6,6.7
21529,0.3417,0,NORMAL,18.8,6.3,7.1,7.2
21530,0.3575,0,NORMAL,18.9,6.8,9.6,8.3
21531,0.8265,0,WARNING,19.1,6.9,7.9,6.6
21532,0.3407,0,NORMAL,18.8,6.4,7.8,7.4
21533,0.34,0,NORMAL,18.8,6.2,7.6,7.0
21534,0.8295,0,WARNING,19.3,7.7,9.3,8.4
21535,0.4092,0,NORMAL,19.1,6.9,8.9,8.0
21536,0.4095,0,NORMAL,19.2,8.0,9.7,8.4
21537,0.4194,0,NORMAL,19.0,7.7,9.0,8.4
21538,0.3963,0,NORMAL,19.0,5.4,7.3,7.0
21539,0.3757,0,NORMAL,19.0,6.8,8.6,7.9
21540,0.3707,0,NORMAL,18.9,6.8,10.0,9.1
21541,0.3522,0,NORMAL,18.7,6.2,7.5,7.2
21542,0.3399,0,NORMAL,18.9,6.1,8.4,7.4
21543,0.3529,0,NORMAL,19.0,6.2,8.7,8.8
21544,0.3524,0,NORMAL,19.0,7.6,9.3,8.7
21545,0.3682,0,NORMAL,18.9,5.6,7.3,7.2
21546,0.825,0,WARNING,19.3,7.2,9.0,8.2
21547,0.3754,0,NORMAL,18.8,5.7,8.0,8.9
21548,0.3402,0,NORMAL,18.9,6.2,8.1,8.1
21549,0.3521,0,NORMAL,18.9,6.8,8.6,7.9
21550,0.3638,0,NORMAL,19.0,6.6,8.7,7.4
21551,0.3524,0,NORMAL,19.0,6.9,8.4,7.7
21552,0.3392,0,NORMAL,18.8,6.5,7.7,7.6
21553,0.3782,0,NORMAL,18.9,7.2,9.9,8.7
21554,0.3517,0,NORMAL,19.1,7.0,8.5,7.9
21555,0.3514,0,NORMAL,19.1,6.7,8.7,7.7
21556,0.3517,0,NORMAL,19.1,6.1,8.7,7.9
21557,0.3646,0,NORMAL,19.0,6.1,7.8,7.6
21558,0.3641,0,NORMAL,18.9,5.9,8.2,7.8
21559,0.3523,0,NORMAL,18.7,5.3,6.7,6.7
21560,0.3536,0,NORMAL,19.0,5.1,6.9,7.3
21561,0.9949,0,ANOMALY,19.5,7.8,7.0,6.0
21562,0.3825,0,NORMAL,18.9,7.2,9.8,8.3
21563,0.65,0,WARNING,18.8,8.4,8.4,8.1
21564,0.3478,0,NORMAL,19.0,6.2,7.7,7.2
21565,0.3734,0,NORMAL,18.8,6.3,9.0,7.3
21566,0.376,0,NORMAL,19.0,7.6,8.1,7.9
21567,0.3499,0,NORMAL,19.0,5.9,7.8,7.3
21568,0.4375,0,NORMAL,19.0,7.5,9.6,8.7
21569,0.3508,0,NORMAL,19.0,6.4,8.1,7.4
21570,0.3401,0,NORMAL,18.7,6.8,9.1,8.0
21571,0.34,0,NORMAL,18.9,6.1,7.1,7.3
21572,0.3401,0,NORMAL,19.0,6.4,8.6,8.1
21573,0.3522,0,NORMAL,18.7,4.6,6.1,6.1
21574,0.3539,0,NORMAL,19.0,6.3,7.3,7.3
21575,0.3521,0,NORMAL,18.8,5.4,7.2,6.4
21576,0.8285,0,WARNING,19.2,6.5,7.7,6.9
21577,0.3528,0,NORMAL,19.0,6.4,8.3,9.1
21578,0.3524,0,NORMAL,19.0,6.7,8.2,7.3
21579,0.3526,0,NORMAL,18.9,6.4,8.5,8.5
21580,0.3941,0,NORMAL,18.9,5.8,8.1,7.2
21581,0.3651,0,NORMAL,19.0,6.5,7.2,7.2
21582,0.3514,0,NORMAL,19.0,7.1,7.9,7.5
21583,0.5128,0,NORMAL,18.9,5.9,7.4,7.1
21584,0.3273,0,NORMAL,19.0,6.7,8.6,7.5
21585,0.3275,0,NORMAL,18.8,6.3,7.8,7.2
21586,0.3529,0,NORMAL,18.7,6.0,7.8,7.3
21587,0.3534,0,NORMAL,19.0,6.1,7.6,7.4
21588,0.3524,0,NORMAL,19.1,6.5,8.6,8.0
21589,0.3403,0,NORMAL,18.8,6.2,7.7,7.7
21590,0.34,0,NORMAL,19.1,6.3,8.9,7.4
21591,0.8265,0,WARNING,19.3,7.0,8.8,8.7
21592,0.3518,0,NORMAL,19.2,6.8,8.9,7.7
21593,0.405,0,NORMAL,19.1,6.6,8.8,7.7
21594,0.3645,0,NORMAL,19.2,6.6,8.6,8.7
21595,0.3753,0,NORMAL,18.9,7.5,9.2,7.1
21596,0.3638,0,NORMAL,18.9,5.8,7.6,7.1
21597,0.3648,0,NORMAL,19.0,7.1,8.6,8.1
21598,0.3921,0,NORMAL,19.2,7.7,9.9,7.8
21599,0.352,0,NORMAL,19.1,6.1,7.2,7.7
21600,0.3511,0,NORMAL,18.9,6.0,8.0,6.9
21601,0.3651,0,NORMAL,19.1,6.3,7.8,7.7
21602,0.3528,0,NORMAL,19.2,6.2,7.7,7.4
21603,0.3908,0,NORMAL,19.2,6.6,8.9,8.2
21604,0.3408,0,NORMAL,19.1,6.7,7.5,7.1
21605,0.364,0,NORMAL,19.1,5.6,7.6,7.4
21606,0.9703,0,WARNING,19.6,7.2,7.5,7.1
21607,0.3387,0,NORMAL,19.1,6.1,8.6,8.9
21608,0.3525,0,NORMAL,19.0,5.1,6.3,5.9
21609,0.3657,0,NORMAL,19.3,6.8,8.9,8.0
21610,0.3646,0,NORMAL,19.1,5.6,6.6,6.6
21611,0.3641,0,NORMAL,19.2,6.3,7.5,7.1
21612,0.3639,0,NORMAL,19.2,7.0,7.2,6.2
21613,0.3514,0,NORMAL,19.3,6.4,9.1,8.9
21614,0.3635,0,NORMAL,19.2,6.1,7.4,7.1
21615,0.3754,0,NORMAL,19.2,6.1,7.6,6.6
21616,0.3766,0,NORMAL,19.1,6.4,9.0,8.7
21617,0.3648,0,NORMAL,19.1,6.5,8.1,7.2
21618,0.3528,0,NORMAL,19.0,5.7,7.0,7.0
21619,0.353,0,NORMAL,19.0,6.0,7.6,7.8
21620,0.353,0,NORMAL,18.9,5.3,7.0,6.6
21621,0.3539,0,NORMAL,19.2,6.5,7.8,7.4
21622,0.3282,0,NORMAL,19.2,6.0,8.6,7.7
21623,0.303,0,NORMAL,19.0,6.0,8.1,7.7
21624,0.3402,0,NORMAL,19.1,5.7,7.0,6.7
21625,0.3524,0,NORMAL,19.2,6.1,7.4,7.0
21626,0.3398,0,NORMAL,18.9,6.7,7.9,7.2
21627,0.3396,0,NORMAL,19.1,5.5,7.0,7.1
21628,0.7483,0,WARNING,19.3,9.2,7.8,7.6
21629,0.3343,0,NORMAL,19.0,6.1,8.7,7.6
21630,0.338,0,NORMAL,18.9,6.3,7.6,6.8
21631,0.3515,0,NORMAL,19.1,6.1,8.6,7.2
21632,0.3649,0,NORMAL,19.0,4.5,6.4,6.8
21633,0.3778,0,NORMAL,19.3,5.4,7.0,6.8
21634,0.3655,0,NORMAL,19.2,6.0,6.6,5.7
21635,0.3529,0,NORMAL,19.1,5.9,7.7,7.2
21636,0.8278,0,WARNING,19.4,5.6,6.6,6.6
21637,0.3534,0,NORMAL,19.0,6.3,7.2,8.0
21638,0.3524,0,NORMAL,19.3,5.7,8.4,8.6
21639,0.3996,0,NORMAL,19.1,6.3,6.6,6.4
21640,0.3402,0,NORMAL,18.8,6.0,7.0,6.4
21641,0.3287,0,NORMAL,19.1,7.5,8.4,7.6
21642,0.339,0,NORMAL,19.2,6.0,7.1,6.5
21643,0.3523,0,NORMAL,19.3,6.5,8.1,7.2
21644,0.3522,0,NORMAL,19.0,6.6,8.3,7.6
21645,0.3525,0,NORMAL,19.2,5.2,6.3,6.5
21646,0.3527,0,NORMAL,19.3,5.5,7.2,6.8
21647,0.3532,0,NORMAL,19.0,5.5,6.9,6.4
21648,0.3535,0,NORMAL,19.2,5.9,7.3,6.9
21649,0.3533,0,NORMAL,19.2,5.8,7.3,6.6
21650,0.3538,0,NORMAL,19.0,6.4,7.3,7.3
21651,0.826,0,WARNING,19.4,5.5,7.0,7.2
21652,0.3884,0,NORMAL,19.3,6.9,8.2,7.9
21653,0.3876,0,NORMAL,19.4,5.6,7.3,7.9
21654,0.3644,0,NORMAL,19.3,5.2,6.6,6.0
21655,0.3774,0,NORMAL,19.2,6.3,8.0,8.1
21656,0.376,0,NORMAL,19.4,6.5,7.2,7.2
21657,0.3629,0,NORMAL,19.1,5.4,6.3,6.2
21658,0.3397,0,NORMAL,19.2,6.1,7.6,7.6
21659,0.4147,0,NORMAL,18.9,5.9,6.1,5.7
21660,0.3411,0,NORMAL,19.0,5.7,7.1,7.1
21661,0.3532,0,NORMAL,19.1,4.5,6.1,6.3
21662,0.3543,0,NORMAL,19.0,5.7,7.2,7.3
21663,0.3534,0,NORMAL,18.9,4.6,6.0,5.8
21664,0.3548,0,NORMAL,19.2,5.8,7.1,6.8
21665,0.3418,0,NORMAL,19.0,5.3,6.8,7.0
21666,0.3418,0,NORMAL,19.1,5.3,6.5,6.0
21667,0.3422,0,NORMAL,19.1,5.4,6.3,7.1
21668,0.3658,0,NORMAL,19.2,5.0,6.0,6.4
21669,0.3891,0,NORMAL,19.3,6.5,7.7,6.7
21670,0.3888,0,NORMAL,19.3,5.9,7.5,6.0
21671,0.3839,0,NORMAL,19.3,7.4,8.8,8.7
21672,0.3513,0,NORMAL,19.1,7.0,8.1,6.9
21673,0.3636,0,NORMAL,19.3,5.1,7.4,7.5
21674,0.3677,0,NORMAL,19.4,5.8,7.2,7.3
21675,0.3404,0,NORMAL,19.4,6.4,8.4,7.6
21676,0.34,0,NORMAL,19.1,5.4,7.6,7.8
21677,0.341,0,NORMAL,19.3,6.6,7.8,7.2
21678,0.3278,0,NORMAL,19.3,5.9,7.3,6.6
21679,0.3409,0,NORMAL,19.3,6.0,7.1,6.4
21680,0.3414,0,NORMAL,19.0,5.0,6.0,6.5
21681,0.8302,0,WARNING,19.5,6.3,7.4,6.7
21682,0.3527,0,NORMAL,19.3,5.3,7.3,7.2
21683,0.7166,0,WARNING,19.3,8.6,7.3,7.5
21684,0.8427,0,WARNING,19.4,5.2,6.5,7.2
21685,0.7513,0,WARNING,19.2,5.8,7.3,8.4
21686,0.3825,0,NORMAL,19.3,6.7,7.3,7.1
21687,0.3514,0,NORMAL,19.3,6.3,7.6,7.2
21688,0.339,0,NORMAL,19.2,5.4,5.6,5.4
21689,0.3402,0,NORMAL,19.2,5.2,6.7,6.4
21690,0.3415,0,NORMAL,19.1,5.2,6.6,6.6
21691,0.3533,0,NORMAL,19.0,5.5,7.0,6.6
21692,0.3419,0,NORMAL,19.4,6.0,7.9,7.4
21693,0.3416,0,NORMAL,19.1,5.7,6.5,6.5
21694,0.3536,0,NORMAL,19.2,5.5,7.1,6.6
21695,0.4074,0,NORMAL,19.1,6.3,7.6,7.1
21696,0.3535,0,NORMAL,19.2,5.5,6.2,5.7
21697,0.3669,0,NORMAL,19.2,6.9,7.3,7.9
21698,0.3293,0,NORMAL,19.2,6.1,6.3,6.3
21699,0.5482,0,NORMAL,19.1,6.8,7.7,6.7
21700,0.329,0,NORMAL,18.9,5.4,5.9,5.6
21701,0.3589,0,NORMAL,19.1,6.6,6.7,7.2
21702,0.3398,0,NORMAL,19.3,6.5,8.1,7.1
21703,0.3523,0,NORMAL,19.2,5.6,7.8,7.6
21704,0.4911,0,NORMAL,19.5,6.4,7.9,7.9
21705,0.8246,0,WARNING,19.7,5.7,7.4,6.7
21706,0.3401,0,NORMAL,19.1,5.4,6.6,6.1
21707,0.3417,0,NORMAL,19.0,5.2,6.0,6.3
21708,0.3416,0,NORMAL,19.4,5.8,7.5,6.7
21709,0.3416,0,NORMAL,19.5,6.1,7.3,6.5
21710,0.3536,0,NORMAL,19.5,5.6,6.8,6.6
21711,0.8324,0,WARNING,19.6,5.5,5.5,5.8
21712,0.4166,0,NORMAL,19.4,5.7,6.6,5.9
21713,0.3544,0,NORMAL,19.4,5.6,6.4,6.1
21714,0.3413,0,NORMAL,19.2,6.0,7.7,8.1
21715,0.4549,0,NORMAL,19.0,5.1,5.9,5.3
21716,0.2906,0,NORMAL,19.0,6.2,7.3,7.4
21717,0.3027,0,NORMAL,19.1,6.0,7.1,7.4
21718,0.3022,0,NORMAL,19.2,5.1,5.7,5.3
21719,0.4166,0,NORMAL,19.3,7.0,7.1,6.7
21720,0.4163,0,NORMAL,19.4,6.6,7.6,6.7
21721,0.3412,0,NORMAL,19.3,5.3,6.0,6.3
21722,0.3415,0,NORMAL,19.4,5.8,7.6,7.6
21723,0.3409,0,NORMAL,19.4,6.6,8.6,7.5
21724,0.828,0,WARNING,19.6,6.6,7.2,6.4
21725,0.3402,0,NORMAL,19.4,5.3,7.2,7.5
21726,0.83,0,WARNING,19.7,6.6,7.0,6.5
21727,0.3522,0,NORMAL,19.5,5.1,6.6,7.1
21728,0.3415,0,NORMAL,19.4,6.0,6.2,5.1
21729,0.3538,0,NORMAL,19.5,5.0,5.9,5.7
21730,0.3662,0,NORMAL,19.5,6.8,7.0,6.1
21731,0.3533,0,NORMAL,19.4,6.0,5.6,5.3
21732,0.3521,0,NORMAL,19.2,4.9,6.5,7.0
21733,0.3532,0,NORMAL,19.5,5.6,7.1,6.6
21734,0.3411,0,NORMAL,19.4,6.0,7.4,6.6
21735,0.3292,0,NORMAL,19.5,6.1,6.9,7.1
21736,0.328,0,NORMAL,19.1,5.6,7.1,6.1
21737,0.3293,0,NORMAL,19.4,5.3,6.0,5.7
21738,0.342,0,NORMAL,19.5,5.7,7.0,6.6
21739,0.3538,0,NORMAL,19.5,6.6,7.8,6.5
21740,0.3532,0,NORMAL,19.4,4.9,5.9,5.7
21741,0.9714,0,WARNING,19.8,5.8,6.1,6.0
21742,0.4165,0,NORMAL,19.3,6.6,6.6,5.2
21743,0.3292,0,NORMAL,19.2,5.3,7.8,7.8
21744,0.3538,0,NORMAL,19.4,6.2,7.2,7.3
21745,0.365,0,NORMAL,19.5,6.6,8.0,6.6
21746,0.3648,0,NORMAL,19.2,5.7,6.2,7.0
21747,0.3641,0,NORMAL,19.6,6.2,6.9,7.3
21748,0.6584,0,WARNING,19.3,7.8,5.9,5.7
21749,0.3607,0,NORMAL,19.3,5.8,7.0,6.6
21750,0.3509,0,NORMAL,19.2,5.3,6.3,6.2
21751,0.3525,0,NORMAL,19.3,5.4,7.4,7.0
21752,0.3411,0,NORMAL,19.2,5.5,6.5,5.9
21753,0.3293,0,NORMAL,19.2,5.6,7.7,7.7
21754,0.342,0,NORMAL,19.6,5.8,6.7,6.1
21755,0.3412,0,NORMAL,19.5,5.0,6.0,5.7
21756,0.8333,0,WARNING,19.7,6.9,7.6,7.6
21757,0.3519,0,NORMAL,19.4,4.6,5.9,6.9
21758,0.354,0,NORMAL,19.4,6.0,6.5,6.1
21759,0.4486,0,NORMAL,19.5,5.7,7.1,6.6
21760,0.3653,0,NORMAL,19.6,6.4,7.5,7.1
21761,0.3642,0,NORMAL,19.6,5.5,6.3,6.3
21762,0.3405,0,NORMAL,19.5,6.7,7.5,7.2
21763,0.3144,0,NORMAL,19.2,5.9,7.3,6.9
21764,0.3292,0,NORMAL,19.5,6.1,7.5,7.5
21765,0.3278,0,NORMAL,19.5,5.1,6.4,6.6
21766,0.3154,0,NORMAL,19.4,5.2,6.1,6.3
21767,0.3282,0,NORMAL,19.3,5.2,7.0,5.9
21768,0.3427,0,NORMAL,19.5,6.3,6.9,7.3
21769,0.3406,0,NORMAL,19.3,5.3,7.8,7.3
21770,0.3419,0,NORMAL,19.4,5.9,6.8,6.2
21771,0.3166,0,NORMAL,19.3,5.3,6.1,6.5
21772,0.3034,0,NORMAL,19.3,5.8,6.3,5.7
21773,0.329,0,NORMAL,19.5,5.4,6.7,6.4
21774,0.3659,0,NORMAL,19.5,5.5,6.7,7.3
21775,0.3651,0,NORMAL,19.4,5.3,5.9,5.1
21776,0.3535,0,NORMAL,19.5,6.1,6.3,6.1
21777,0.3526,0,NORMAL,19.5,6.3,7.6,6.9
21778,0.3398,0,NORMAL,19.6,6.3,7.6,7.4
21779,0.3971,0,NORMAL,19.5,5.3,6.4,6.6
21780,0.3526,0,NORMAL,19.4,6.6,7.1,6.8
21781,0.3519,0,NORMAL,19.5,4.8,6.8,6.8
21782,0.3533,0,NORMAL,19.6,5.9,8.0,7.4
21783,0.3414,0,NORMAL,19.4,6.0,7.3,6.2
21784,0.3417,0,NORMAL,19.3,5.1,6.4,6.4
21785,0.3437,0,NORMAL,19.4,6.2,7.7,7.0
21786,0.3419,0,NORMAL,19.6,6.3,6.6,5.8
21787,0.3533,0,NORMAL,19.4,5.2,7.3,7.1
21788,0.3545,0,NORMAL,19.6,5.8,7.9,7.8
21789,0.3657,0,NORMAL,19.6,6.5,7.2,6.2
21790,0.353,0,NORMAL,19.5,4.6,5.5,6.0
21791,0.3538,0,NORMAL,19.7,6.9,8.2,7.7
21792,0.4803,0,NORMAL,19.7,7.2,8.1,8.0
21793,0.3508,0,NORMAL,19.6,5.7,7.0,6.4
21794,0.3402,0,NORMAL,19.7,6.7,8.2,8.1
21795,0.3512,0,NORMAL,19.4,4.9,6.5,7.1
21796,0.3642,0,NORMAL,19.8,5.8,7.9,7.4
21797,0.3407,0,NORMAL,19.3,5.7,6.4,5.7
21798,0.3414,0,NORMAL,19.6,5.8,7.4,7.4
21799,0.3407,0,NORMAL,19.3,6.0,7.2,6.0
21800,0.3421,0,NORMAL,19.4,5.6,7.5,7.1
21801,0.8309,0,WARNING,19.7,5.0,5.5,5.8
21802,0.3535,0,NORMAL,19.3,5.4,6.8,6.0
21803,0.7062,0,WARNING,19.8,9.4,8.2,7.4
21804,0.3489,0,NORMAL,19.7,7.0,7.9,7.3
21805,0.3619,0,NORMAL,19.7,5.8,8.3,7.3
21806,0.3642,0,NORMAL,19.5,6.9,8.3,7.4
21807,0.352,0,NORMAL,19.7,6.8,6.8,7.3
21808,0.35,0,NORMAL,19.6,4.9,6.2,5.5
21809,0.4359,0,NORMAL,19.5,5.2,6.8,6.4
21810,0.3531,0,NORMAL,19.6,5.7,7.1,6.9
21811,0.3409,0,NORMAL,19.7,6.3,7.2,6.7
21812,0.3403,0,NORMAL,19.3,5.0,6.4,5.4
21813,0.3301,0,NORMAL,19.4,5.4,7.1,7.0
21814,0.4161,0,NORMAL,19.7,8.9,10.1,8.5
21815,0.34,0,NORMAL,19.5,5.3,6.6,6.5
21816,0.8281,0,WARNING,19.8,6.4,7.1,7.5
21817,0.3275,0,NORMAL,19.4,5.9,7.8,7.2
21818,0.3157,0,NORMAL,19.7,6.3,8.2,8.6
21819,0.3405,0,NORMAL,19.6,6.3,8.5,8.4
21820,0.3522,0,NORMAL,19.8,7.3,7.6,7.2
21821,0.3395,0,NORMAL,19.6,7.1,8.6,8.3
21822,0.3383,0,NORMAL,19.8,5.5,7.0,7.5
21823,0.3511,0,NORMAL,19.6,6.6,8.7,8.4
21824,0.3394,0,NORMAL,19.7,5.6,7.2,7.5
21825,0.3397,0,NORMAL,19.5,5.7,7.4,6.7
21826,0.3537,0,NORMAL,19.7,6.2,7.6,7.6
21827,0.3525,0,NORMAL,19.8,5.8,8.3,8.3
21828,0.3526,0,NORMAL,19.8,6.6,8.0,7.6
21829,0.3519,0,NORMAL,19.8,6.0,7.8,8.4
21830,0.3388,0,NORMAL,19.6,5.8,8.4,7.5
21831,0.8253,0,WARNING,20.0,7.0,8.8,9.1
21832,0.3389,0,NORMAL,19.8,5.7,7.5,8.0
21833,0.3389,0,NORMAL,19.6,6.2,9.2,8.2
21834,0.3524,0,NORMAL,19.9,6.6,8.3,8.3
21835,0.3515,0,NORMAL,19.8,5.9,7.6,8.1
21836,0.3395,0,NORMAL,19.8,7.1,7.9,7.4
21837,0.3706,0,NORMAL,19.8,5.7,6.8,7.9
21838,0.3386,0,NORMAL,19.8,5.7,6.8,6.6
21839,0.3534,0,NORMAL,20.0,7.2,9.5,8.2
21840,0.3871,0,NORMAL,19.8,6.9,9.2,8.0
21841,0.3993,0,NORMAL,19.9,5.8,7.2,7.1
21842,0.3647,0,NORMAL,19.6,5.1,6.8,7.3
21843,0.3531,0,NORMAL,19.8,5.7,6.9,6.7
21844,0.3529,0,NORMAL,19.8,6.1,7.5,7.2
21845,0.4891,0,NORMAL,19.9,7.3,7.7,7.6
21846,0.8278,0,WARNING,20.1,6.5,7.5,7.9
21847,0.3395,0,NORMAL,19.9,7.1,9.3,8.1
21848,0.3394,0,NORMAL,19.9,6.4,7.9,8.3
21849,0.3515,0,NORMAL,19.9,6.5,8.2,7.7
21850,0.3513,0,NORMAL,19.7,5.1,6.8,5.9
21851,0.3415,0,NORMAL,19.9,6.8,8.0,8.3
21852,0.3268,0,NORMAL,19.8,7.0,8.4,7.7
21853,0.3386,0,NORMAL,19.9,7.0,8.9,8.1
21854,0.375,0,NORMAL,19.9,6.6,8.6,8.5
21855,0.4889,0,NORMAL,19.8,6.1,7.1,6.6
21856,0.3148,0,NORMAL,19.5,5.7,7.4,7.6
21857,0.3279,0,NORMAL,19.6,6.3,8.5,7.7
21858,0.3411,0,NORMAL,19.8,6.4,8.5,7.9
21859,0.3532,0,NORMAL,19.6,5.6,7.0,7.3
21860,0.3404,0,NORMAL,19.8,5.3,6.7,6.6
21861,0.8286,0,WARNING,20.2,8.3,9.7,8.3
21862,0.3393,0,NORMAL,19.7,5.5,7.1,6.5
21863,0.3408,0,NORMAL,19.6,5.1,7.1,7.4
21864,0.3536,0,NORMAL,19.9,6.2,7.4,7.0
21865,0.3527,0,NORMAL,19.9,6.5,7.5,7.4
21866,0.34,0,NORMAL,19.8,6.2,7.1,6.9
21867,0.4598,0,NORMAL,19.7,6.7,8.3,7.4
21868,0.7482,0,WARNING,19.9,9.3,8.5,8.3
21869,0.3339,0,NORMAL,19.7,6.4,8.2,7.0
21870,0.6218,0,WARNING,19.8,6.1,7.6,8.0
21871,0.3139,0,NORMAL,19.6,6.5,8.2,7.8
21872,0.3266,0,NORMAL,19.8,6.4,7.9,6.9
21873,0.3405,0,NORMAL,19.8,5.7,7.3,7.6
21874,0.3525,0,NORMAL,19.9,6.2,6.9,7.1
21875,0.3637,0,NORMAL,20.1,6.2,8.6,7.4
21876,0.8267,0,WARNING,20.2,7.4,8.0,8.6
21877,0.3505,0,NORMAL,20.0,6.9,8.6,7.4
21878,0.3516,0,NORMAL,20.0,6.4,9.2,8.2
21879,0.3647,0,NORMAL,19.9,5.8,6.8,7.3
21880,0.3926,0,NORMAL,20.0,6.8,9.0,7.8
21881,0.4039,0,NORMAL,20.0,6.5,8.2,8.6
21882,0.3955,0,NORMAL,19.9,7.2,9.3,8.4
21883,0.3632,0,NORMAL,20.1,6.8,8.5,7.9
21884,0.3747,0,NORMAL,20.0,6.3,8.5,8.1
21885,0.3751,0,NORMAL,20.0,6.1,7.3,7.1
21886,0.3518,0,NORMAL,19.5,3.4,3.9,4.3
21887,0.3924,0,NORMAL,19.2,2.2,0.1,0.0
21888,0.3903,0,NORMAL,19.2,2.2,0.1,0.0
21889,0.3891,0,NORMAL,19.2,2.6,0.1,0.0
21890,0.473,0,NORMAL,19.6,3.9,3.5,5.1
21891,0.8516,0,WARNING,20.1,7.1,8.1,9.3
21892,0.3538,0,NORMAL,19.6,5.7,6.9,4.6
21893,0.3431,0,NORMAL,19.9,5.9,7.8,8.7
21894,0.3533,0,NORMAL,20.0,6.5,8.2,7.6
21895,0.4194,0,NORMAL,20.1,6.9,8.4,8.2
21896,0.3515,0,NORMAL,20.1,6.9,8.9,9.7
21897,0.3497,0,NORMAL,19.9,6.1,7.9,6.9
21898,0.3521,0,NORMAL,20.0,7.0,7.4,8.3
21899,0.3382,0,NORMAL,19.9,5.2,6.5,6.8
21900,0.3553,0,NORMAL,19.9,5.8,7.6,7.0
21901,0.3648,0,NORMAL,19.9,6.2,7.7,8.0
21902,0.4065,0,NORMAL,20.2,7.3,10.4,9.0
21903,0.3643,0,NORMAL,20.0,6.2,7.2,6.7
21904,0.376,0,NORMAL,20.2,7.4,9.0,8.1
21905,0.3639,0,NORMAL,20.0,6.2,8.0,7.6
21906,0.8237,0,WARNING,20.2,5.9,7.1,6.8
21907,0.3929,0,NORMAL,20.0,7.1,8.6,8.3
21908,0.3269,0,NORMAL,20.0,6.2,8.5,8.4
21909,0.3521,0,NORMAL,20.1,6.4,7.8,7.3
21910,0.5894,0,NORMAL,20.2,8.6,10.2,9.4
21911,0.3501,0,NORMAL,19.9,6.4,8.8,8.1
21912,0.3515,0,NORMAL,20.0,7.2,8.8,9.1
21913,0.488,0,NORMAL,20.2,6.9,8.4,8.3
21914,0.3267,0,NORMAL,19.8,6.4,8.5,8.3
21915,0.4649,0,NORMAL,20.0,6.7,8.6,7.7
21916,0.3144,0,NORMAL,20.1,6.1,8.7,9.0
21917,0.3146,0,NORMAL,20.0,6.6,8.6,8.4
21918,0.3267,0,NORMAL,20.1,6.9,9.3,9.8
21919,0.5401,0,NORMAL,20.1,6.7,8.5,8.7
21920,0.4032,0,NORMAL,20.2,6.4,9.2,9.1
21921,0.8202,0,WARNING,20.3,7.1,8.3,7.9
21922,0.3385,0,NORMAL,19.9,7.0,9.4,8.5
21923,0.3143,0,NORMAL,19.9,6.1,8.9,8.9
21924,0.4274,0,NORMAL,20.1,7.9,10.6,9.4
21925,0.3993,0,NORMAL,20.0,7.6,10.1,9.0
21926,0.339,0,NORMAL,19.9,7.0,7.9,7.3
21927,0.3627,0,NORMAL,20.0,6.0,8.3,8.3
21928,0.3635,0,NORMAL,20.2,7.5,8.9,7.7
21929,0.7421,0,WARNING,20.0,8.8,8.3,8.5
21930,0.3343,0,NORMAL,20.1,6.0,7.5,7.4
21931,0.3364,0,NORMAL,20.2,6.7,9.3,9.3
21932,0.3774,0,NORMAL,20.1,7.4,9.5,8.0
21933,0.3389,0,NORMAL,19.9,6.0,8.1,8.6
21934,0.3393,0,NORMAL,20.1,7.2,7.9,7.2
21935,0.5238,0,NORMAL,20.1,6.2,8.3,9.2
21936,0.8207,0,WARNING,20.2,7.3,7.5,6.9
21937,0.3956,0,NORMAL,20.0,7.0,10.1,10.5
21938,0.3995,0,NORMAL,20.3,7.0,10.3,9.4
21939,0.3509,0,NORMAL,20.2,6.1,8.1,8.1
21940,0.3631,0,NORMAL,20.2,7.3,8.3,8.8
21941,0.3615,0,NORMAL,20.1,7.4,9.2,7.9
21942,0.3383,0,NORMAL,20.2,7.1,8.5,9.1
21943,0.347,0,NORMAL,20.2,6.7,9.5,8.3
21944,0.3631,0,NORMAL,20.2,7.0,9.3,9.4
21945,0.3625,0,NORMAL,19.9,6.9,8.9,7.9
21946,0.3513,0,NORMAL,20.1,5.6,8.2,8.4
21947,0.3394,0,NORMAL,20.2,6.5,9.6,9.8
21948,0.339,0,NORMAL,20.1,6.1,8.2,8.0
21949,0.3393,0,NORMAL,20.1,6.9,8.5,8.5
21950,0.4277,0,NORMAL,20.0,7.1,10.6,9.4
21951,0.8197,0,WARNING,20.4,7.8,9.8,8.9
21952,0.2876,0,NORMAL,20.0,5.8,7.8,7.6
21953,0.3312,0,NORMAL,19.9,7.1,9.6,10.0
21954,0.3381,0,NORMAL,20.1,5.7,7.5,6.7
21955,0.5253,0,NORMAL,20.0,7.1,10.0,10.3
21956,0.3516,0,NORMAL,19.9,6.8,7.9,7.7
21957,0.39,0,NORMAL,20.2,7.3,10.2,9.6
21958,0.3633,0,NORMAL,20.2,6.9,9.9,9.4
21959,0.3387,0,NORMAL,20.0,6.8,8.9,7.7
21960,0.3394,0,NORMAL,20.2,6.9,9.4,9.8
21961,0.3502,0,NORMAL,19.9,5.9,8.4,7.6
21962,0.3758,0,NORMAL,19.9,7.0,9.9,9.4
21963,0.3386,0,NORMAL,20.1,6.6,9.1,8.7
21964,0.3137,0,NORMAL,20.1,6.6,8.5,9.2
21965,0.4198,0,NORMAL,20.2,7.3,10.6,9.4
21966,0.8168,0,WARNING,20.4,6.6,8.6,8.8
21967,0.351,0,NORMAL,20.2,6.4,8.4,8.4
21968,0.3679,0,NORMAL,20.3,6.7,9.9,10.1
21969,0.4122,0,NORMAL,20.3,7.9,10.3,7.2
21970,0.3633,0,NORMAL,20.1,6.5,9.5,8.3
21971,0.3643,0,NORMAL,20.4,7.6,8.7,9.2
21972,0.3503,0,NORMAL,20.2,6.7,9.3,8.0
21973,0.3511,0,NORMAL,20.3,6.6,9.6,10.4
21974,0.3504,0,NORMAL,20.3,6.3,8.3,7.5
21975,0.3511,0,NORMAL,20.2,6.0,8.7,9.5
21976,0.3511,0,NORMAL,20.1,6.4,8.0,7.1
21977,0.352,0,NORMAL,20.2,6.3,9.2,9.8
21978,0.3631,0,NORMAL,20.4,6.9,9.4,9.0
21979,0.3626,0,NORMAL,20.3,6.4,8.6,8.7
21980,0.3386,0,NORMAL,20.2,6.2,8.4,8.5
21981,0.4503,0,NORMAL,20.4,7.8,10.9,9.9
21982,0.4229,0,NORMAL,20.4,7.8,10.3,7.6
21983,0.4102,0,NORMAL,20.0,6.2,9.1,8.2
21984,0.7508,0,WARNING,20.5,10.5,10.7,10.1
21985,0.4121,0,NORMAL,20.4,6.6,8.7,7.9
21986,0.3645,0,NORMAL,20.3,7.7,9.9,10.3
21987,0.3521,0,NORMAL,20.3,6.8,9.6,7.9
21988,0.3785,0,NORMAL,20.4,7.2,10.1,7.7
21989,0.3516,0,NORMAL,20.3,6.2,8.1,9.9
21990,0.35,0,NORMAL,20.3,5.5,7.9,6.9
21991,0.3403,0,NORMAL,20.1,6.2,8.2,9.0
21992,0.3865,0,NORMAL,20.2,6.7,10.3,9.2
21993,0.82,0,WARNING,20.6,7.9,8.8,8.6
21994,0.3386,0,NORMAL,20.1,6.5,9.4,9.1
21995,0.3564,0,NORMAL,20.4,7.7,9.9,9.1
21996,0.8147,0,WARNING,20.5,5.9,8.1,8.7
21997,0.5858,0,NORMAL,19.9,6.3,9.8,9.3
21998,0.3518,0,NORMAL,20.3,6.4,8.9,8.7
21999,0.4032,0,NORMAL,20.4,7.6,10.4,10.1
22000,0.3131,0,NORMAL,20.2,6.1,7.0,6.6
22001,0.301,0,NORMAL,20.3,7.1,8.5,8.7
22002,0.3249,0,NORMAL,20.1,6.5,7.7,6.7
22003,0.3384,0,NORMAL,20.3,6.3,8.5,8.4
22004,0.3384,0,NORMAL,20.3,6.4,9.2,8.9
22005,0.351,0,NORMAL,20.1,5.7,8.0,8.1
22006,0.352,0,NORMAL,20.2,6.7,8.7,7.9
22007,0.3766,0,NORMAL,20.4,6.9,10.1,9.1
22008,0.4209,0,NORMAL,20.5,7.4,10.5,9.6
22009,0.3778,0,NORMAL,20.2,7.5,10.0,7.7
22010,0.3612,0,NORMAL,20.4,7.1,9.6,9.3
22011,0.8177,0,WARNING,20.8,7.4,9.8,8.8
22012,0.3512,0,NORMAL,20.2,6.6,8.6,9.1
22013,0.351,0,NORMAL,20.4,5.9,7.8,7.8
22014,0.3704,0,NORMAL,20.3,7.1,9.8,9.7
22015,0.3632,0,NORMAL,20.4,6.4,9.1,8.3
22016,0.3757,0,NORMAL,20.6,7.4,8.8,8.4
22017,0.4506,0,NORMAL,20.6,8.1,10.9,9.9
22018,0.3249,0,NORMAL,20.3,6.8,8.6,8.1
22019,0.3383,0,NORMAL,20.3,6.3,8.6,8.8
22020,0.8171,0,WARNING,20.6,8.9,10.0,9.2
22021,0.3496,0,NORMAL,20.3,5.4,7.1,7.1
22022,0.4122,0,NORMAL,20.3,7.1,10.4,10.1
22023,0.4098,0,NORMAL,20.3,7.5,10.3,8.9
22024,0.3516,0,NORMAL,20.4,5.6,8.1,7.3
22025,0.4222,0,NORMAL,20.2,6.9,9.5,10.5
22026,0.815,0,WARNING,20.5,6.4,7.6,6.4
22027,0.3623,0,NORMAL,20.5,6.6,9.7,10.5
22028,0.3264,0,NORMAL,20.4,6.0,7.9,7.8
22029,0.3267,0,NORMAL,20.5,6.0,8.5,9.5
22030,0.351,0,NORMAL,20.4,7.9,9.4,8.6
22031,0.3624,0,NORMAL,20.3,6.3,7.7,8.5
22032,0.3501,0,NORMAL,20.4,6.8,8.5,7.8
22033,0.4083,0,NORMAL,20.4,6.8,10.5,10.0
22034,0.3625,0,NORMAL,20.6,6.3,9.1,8.8
22035,0.3751,0,NORMAL,20.5,6.4,8.4,8.3
22036,0.3748,0,NORMAL,20.5,6.2,8.7,8.3
22037,0.3637,0,NORMAL,20.4,6.6,9.7,9.6
22038,0.351,0,NORMAL,20.5,6.2,9.0,9.5
22039,0.3389,0,NORMAL,20.5,6.9,9.5,8.3
22040,0.371,0,NORMAL,20.4,6.9,10.1,10.7
22041,0.968,0,WARNING,20.8,6.6,8.1,7.4
22042,0.3505,0,NORMAL,20.4,6.9,9.3,9.1
22043,0.4988,0,NORMAL,20.6,8.3,11.8,9.9
22044,0.6987,0,WARNING,20.6,10.0,8.7,7.3
22045,0.3469,0,NORMAL,20.6,6.5,9.1,10.0
22046,0.3773,0,NORMAL,20.3,7.4,8.6,7.6
22047,0.3484,0,NORMAL,20.2,5.8,7.6,8.3
22048,0.35,0,NORMAL,20.4,6.4,8.2,7.2
22049,0.3514,0,NORMAL,20.2,6.1,7.6,7.8
22050,0.3396,0,NORMAL,20.4,6.1,8.4,8.3
22051,0.3147,0,NORMAL,20.3,6.4,8.7,7.9
22052,0.5163,0,NORMAL,20.4,7.6,9.1,8.6
22053,0.3512,0,NORMAL,20.3,5.6,7.7,7.9
22054,0.3697,0,NORMAL,20.4,8.1,10.0,9.1
22055,0.4177,0,NORMAL,20.5,6.9,10.2,9.6
22056,0.817,0,WARNING,20.6,6.7,8.1,7.2
22057,0.3396,0,NORMAL,20.2,6.1,8.1,8.9
22058,0.3514,0,NORMAL,20.5,6.8,8.6,7.6
22059,0.3522,0,NORMAL,20.3,5.9,8.3,9.0
22060,0.3641,0,NORMAL,20.4,7.0,9.6,8.6
22061,0.3639,0,NORMAL,20.5,6.8,8.7,9.4
22062,0.3498,0,NORMAL,20.5,7.5,9.1,7.9
22063,0.3497,0,NORMAL,20.5,5.8,8.8,8.8
22064,0.6578,0,WARNING,20.5,8.4,8.5,8.5
22065,0.4211,0,NORMAL,20.5,7.7,10.4,9.2
22066,0.3019,0,NORMAL,20.1,5.8,9.0,9.0
22067,0.3018,0,NORMAL,20.1,5.8,7.7,7.1
22068,0.4917,0,NORMAL,20.5,8.7,11.3,10.3
22069,0.367,0,NORMAL,20.4,7.1,9.9,8.1
22070,0.3643,0,NORMAL,20.5,6.3,8.1,7.8
22071,0.8193,0,WARNING,20.6,6.6,8.7,9.5
22072,0.3823,0,NORMAL,20.3,6.9,10.0,8.2
22073,0.3493,0,NORMAL,20.5,6.6,9.2,10.4
22074,0.3385,0,NORMAL,20.4,6.5,8.4,7.3
22075,0.3672,0,NORMAL,20.4,6.4,7.9,9.9
22076,0.3597,0,NORMAL,20.4,8.0,9.8,8.6
22077,0.3245,0,NORMAL,20.4,7.1,8.9,9.5
22078,0.3371,0,NORMAL,20.3,5.9,7.7,6.7
22079,0.3964,0,NORMAL,20.2,5.7,8.1,8.6
22080,0.5122,0,NORMAL,20.3,6.7,9.1,8.6
22081,0.3516,0,NORMAL,20.2,7.0,9.8,9.2
22082,0.4304,0,NORMAL,20.5,7.4,10.6,9.1
22083,0.37,0,NORMAL,20.2,7.5,9.5,9.2
22084,0.3511,0,NORMAL,20.4,5.6,8.2,8.0
22085,0.3402,0,NORMAL,20.4,6.9,9.2,9.2
22086,0.8192,0,WARNING,20.6,7.1,8.7,8.8
22087,0.4101,0,NORMAL,20.6,7.8,10.6,10.0
22088,0.366,0,NORMAL,20.4,7.6,9.8,7.1
22089,0.4728,0,NORMAL,20.6,7.5,11.3,11.0
22090,0.3803,0,NORMAL,20.6,7.6,10.2,8.4
22091,0.3508,0,NORMAL,20.5,6.9,9.8,9.7
22092,0.3398,0,NORMAL,20.5,7.6,9.5,8.6
22093,0.3959,0,NORMAL,20.4,6.8,10.2,9.2
22094,0.3378,0,NORMAL,20.5,7.1,9.4,8.8
22095,0.338,0,NORMAL,20.4,6.5,8.5,7.7
22096,0.3514,0,NORMAL,20.4,6.2,8.7,9.0
22097,0.4307,0,NORMAL,20.5,7.7,10.6,9.0
22098,0.4594,0,NORMAL,20.6,8.2,11.0,9.9
22099,0.3504,0,NORMAL,20.1,5.4,7.6,7.1
22100,0.352,0,NORMAL,20.2,6.4,9.1,9.0
22101,0.9689,0,WARNING,20.9,7.7,9.6,8.7
22102,0.3513,0,NORMAL,20.5,5.5,7.4,7.8
22103,0.4418,0,NORMAL,20.6,8.0,10.7,9.0
22104,0.6662,0,WARNING,20.5,8.5,7.6,7.7
22105,0.3983,0,NORMAL,20.5,7.8,10.3,9.6
22106,0.4239,0,NORMAL,20.4,7.8,10.5,9.2
22107,0.3491,0,NORMAL,20.3,6.7,7.7,6.9
22108,0.3501,0,NORMAL,20.4,6.6,9.2,9.7
22109,0.3503,0,NORMAL,20.2,6.4,8.5,7.2
22110,0.3274,0,NORMAL,20.4,6.5,8.4,8.5
22111,0.3395,0,NORMAL,20.4,6.8,8.4,8.5
22112,0.3391,0,NORMAL,20.4,5.7,8.5,9.0
22113,0.3572,0,NORMAL,20.3,7.1,9.8,9.0
22114,0.3388,0,NORMAL,20.4,6.3,8.3,7.9
22115,0.3576,0,NORMAL,20.4,7.1,9.6,9.0
22116,0.8179,0,WARNING,20.7,6.8,8.1,8.1
22117,0.3425,0,NORMAL,20.4,6.7,9.5,9.1
22118,0.3388,0,NORMAL,20.4,7.2,8.9,8.2
22119,0.428,0,NORMAL,20.3,7.3,10.4,9.6
22120,0.3635,0,NORMAL,20.3,7.8,9.6,8.6
22121,0.3869,0,NORMAL,20.5,7.8,10.0,9.5
22122,0.4065,0,NORMAL,20.7,7.3,10.4,9.6
22123,0.3774,0,NORMAL,20.5,7.5,9.8,8.5
22124,0.3383,0,NORMAL,20.4,6.5,8.6,8.4
22125,0.3384,0,NORMAL,20.2,6.1,8.3,8.3
22126,0.3191,0,NORMAL,20.3,6.3,9.3,8.2
22127,0.2806,0,NORMAL,19.9,6.2,7.3,8.0
22128,0.4102,0,NORMAL,20.4,7.0,9.3,8.8
22129,0.3518,0,NORMAL,20.5,7.0,9.5,8.4
22130,0.3514,0,NORMAL,20.1,5.4,7.4,7.1
22131,0.8246,0,WARNING,20.6,8.3,10.6,9.6
22132,0.3514,0,NORMAL,20.1,6.6,9.2,8.4
22133,0.3523,0,NORMAL,20.3,6.9,9.7,9.2
22134,0.3635,0,NORMAL,20.3,6.8,8.3,7.7
22135,0.3755,0,NORMAL,20.4,6.1,9.0,9.1
22136,0.4131,0,NORMAL,20.5,8.4,9.6,9.3
22137,0.3607,0,NORMAL,20.4,6.5,8.4,8.1
22138,0.3739,0,NORMAL,20.3,5.9,7.9,7.8
22139,0.3694,0,NORMAL,20.1,6.7,9.8,8.5
22140,0.3523,0,NORMAL,20.3,6.5,8.7,8.1
22141,0.3519,0,NORMAL,20.3,6.7,8.5,8.3
22142,0.339,0,NORMAL,20.1,6.0,8.1,7.5
22143,0.34,0,NORMAL,20.1,6.3,8.1,8.1
22144,0.3361,0,NORMAL,20.3,7.0,9.4,8.5
22145,0.4177,0,NORMAL,20.2,7.2,10.1,9.2
22146,0.969,0,WARNING,20.7,7.6,9.1,9.0
22147,0.3384,0,NORMAL,20.2,6.2,7.6,7.6
22148,0.3268,0,NORMAL,20.1,6.8,8.5,7.2
22149,0.3595,0,NORMAL,19.9,6.7,7.8,7.0
22150,0.3524,0,NORMAL,20.3,6.4,8.5,7.9
22151,0.3643,0,NORMAL,20.4,6.9,8.0,7.4
22152,0.3758,0,NORMAL,20.2,6.9,8.4,7.7
22153,0.3749,0,NORMAL,20.3,6.1,7.6,7.3
22154,0.3639,0,NORMAL,20.4,6.4,8.4,8.1
22155,0.3524,0,NORMAL,20.4,7.0,9.6,8.6
22156,0.3639,0,NORMAL,20.3,6.1,8.4,7.4
22157,0.3527,0,NORMAL,20.0,6.0,7.5,8.2
22158,0.3146,0,NORMAL,19.9,5.7,7.8,7.5
22159,0.4126,0,NORMAL,20.0,6.5,8.0,7.0
22160,0.4274,0,NORMAL,20.3,6.7,10.6,9.2
22161,0.8237,0,WARNING,20.6,6.9,8.0,7.6
22162,0.3399,0,NORMAL,20.2,5.9,7.3,6.5
22163,0.3406,0,NORMAL,20.0,5.7,7.7,6.9
22164,0.7015,0,WARNING,20.3,8.7,7.5,7.8
22165,0.3479,0,NORMAL,20.1,6.2,8.0,7.3
22166,0.3382,0,NORMAL,19.8,5.9,5.7,4.8
22167,0.3396,0,NORMAL,20.2,6.2,8.3,8.1
22168,0.3398,0,NORMAL,20.1,6.6,7.0,6.6
22169,0.3519,0,NORMAL,20.2,5.4,6.7,6.1
22170,0.3648,0,NORMAL,20.3,6.0,8.4,7.7
22171,0.3529,0,NORMAL,20.2,6.0,7.1,6.9
22172,0.3527,0,NORMAL,20.3,5.6,7.1,6.8
22173,0.3406,0,NORMAL,20.2,5.8,7.9,7.4
22174,0.3406,0,NORMAL,20.3,6.4,7.9,7.1
22175,0.4039,0,NORMAL,20.0,6.6,8.2,7.6
22176,0.8244,0,WARNING,20.3,6.6,8.5,7.6
22177,0.34,0,NORMAL,20.2,4.8,6.2,6.1
22178,0.3412,0,NORMAL,20.2,6.3,7.0,6.6
22179,0.3526,0,NORMAL,20.1,5.3,6.2,5.6
22180,0.3531,0,NORMAL,20.1,5.8,7.2,6.6
22181,0.3416,0,NORMAL,20.3,6.2,6.9,6.3
22182,0.3525,0,NORMAL,20.1,6.0,6.8,5.9
22183,0.3409,0,NORMAL,20.3,6.4,8.3,7.9
22184,0.3406,0,NORMAL,20.5,6.3,7.4,6.9
22185,0.5755,0,NORMAL,20.1,4.5,6.5,7.0
22186,0.3539,0,NORMAL,20.1,4.8,5.3,4.9
22187,0.3548,0,NORMAL,20.0,5.4,6.2,5.9
22188,0.3547,0,NORMAL,20.2,5.3,6.9,6.1
22189,0.3552,0,NORMAL,20.1,6.1,7.0,6.1
22190,0.3426,0,NORMAL,20.0,5.4,7.1,6.2
22191,0.8344,0,WARNING,20.3,4.7,4.4,4.6
22192,0.3302,0,NORMAL,20.0,5.6,6.5,6.8
22193,0.3299,0,NORMAL,20.1,5.7,6.7,5.9
22194,0.3543,0,NORMAL,20.3,6.1,8.1,6.7
22195,0.3542,0,NORMAL,20.0,6.2,6.6,6.8
22196,0.3276,0,NORMAL,19.9,6.5,6.7,5.9
22197,0.3407,0,NORMAL,20.2,5.7,5.8,4.7
22198,0.3602,0,NORMAL,20.4,6.6,7.8,6.7
22199,0.3657,0,NORMAL,20.2,5.5,7.4,6.7
22200,1.0,0,ANOMALY,26.1,13.0,6.3,5.9
22201,0.543,0,NORMAL,20.0,5.4,6.6,5.9
22202,0.4161,0,NORMAL,20.2,6.4,6.4,5.9
22203,0.4696,0,NORMAL,20.1,5.5,5.1,5.1
22204,0.3397,0,NORMAL,20.3,6.2,7.9,6.9
22205,0.3527,0,NORMAL,20.1,5.2,5.9,5.3
22206,0.3864,0,NORMAL,20.1,5.8,6.4,6.1
22207,0.3415,0,NORMAL,20.2,5.4,6.5,5.9
22208,0.3291,0,NORMAL,20.2,5.3,6.0,5.4
22209,0.3543,0,NORMAL,20.2,5.7,6.6,5.5
22210,0.3666,0,NORMAL,20.3,5.1,6.4,6.5
22211,0.3666,0,NORMAL,20.2,5.1,5.3,4.9
22212,0.3663,0,NORMAL,20.1,6.0,5.3,6.3
22213,0.3399,0,NORMAL,20.2,4.4,5.4,6.0
22214,0.3408,0,NORMAL,20.2,5.5,6.3,5.1
22215,0.3538,0,NORMAL,20.1,4.9,6.5,5.9
22216,0.3428,0,NORMAL,20.2,4.9,5.1,5.5
22217,0.3045,0,NORMAL,20.1,5.0,5.7,5.9
22218,0.291,0,NORMAL,20.0,5.1,5.6,5.6
22219,0.2916,0,NORMAL,19.8,5.7,5.1,6.0
22220,0.316,0,NORMAL,19.9,4.0,5.4,7.2
22221,0.3658,0,NORMAL,20.2,5.8,5.7,5.2
22222,0.3776,0,NORMAL,20.3,5.1,6.7,4.2
22223,0.3677,0,NORMAL,20.0,5.4,5.5,5.6
22224,0.6806,0,WARNING,20.2,8.3,5.1,5.7
22225,0.325,0,NORMAL,19.8,4.5,4.3,5.7
22226,0.3272,0,NORMAL,20.1,5.7,5.7,7.2
22227,0.3259,0,NORMAL,19.8,4.7,5.3,5.5
22228,0.3404,0,NORMAL,20.0,5.0,5.4,3.7
22229,0.3548,0,NORMAL,20.2,5.2,5.2,6.3
22230,0.3533,0,NORMAL,19.9,4.6,4.9,6.5
22231,0.353,0,NORMAL,20.1,4.2,4.8,6.1
22232,0.353,0,NORMAL,19.9,4.1,4.8,6.6
22233,0.3537,0,NORMAL,20.2,5.4,6.5,7.1
22234,0.3534,0,NORMAL,20.2,5.2,4.6,4.6
22235,0.3285,0,NORMAL,19.9,5.1,5.0,5.5
22236,0.8349,0,WARNING,20.3,5.1,4.6,5.7
22237,0.3413,0,NORMAL,20.2,5.8,5.9,7.0
22238,0.4877,0,NORMAL,20.1,5.1,4.9,6.0
22239,0.3533,0,NORMAL,20.1,5.9,5.5,6.1
22240,0.3875,0,NORMAL,20.2,5.4,5.9,6.1
22241,0.3883,0,NORMAL,20.2,6.7,6.1,6.2
22242,0.3637,0,NORMAL,19.9,5.3,5.3,5.8
22243,0.3524,0,NORMAL,20.0,3.9,3.6,4.2
22244,0.3541,0,NORMAL,20.1,5.4,5.5,6.0
22245,0.3537,0,NORMAL,20.1,5.5,5.6,5.4
22246,0.3656,0,NORMAL,20.1,5.7,5.3,5.8
22247,0.3655,0,NORMAL,20.0,4.4,4.3,5.0
22248,0.354,0,NORMAL,20.0,4.5,4.1,5.0
22249,0.3421,0,NORMAL,19.7,4.4,3.7,4.4
22250,0.3548,0,NORMAL,20.1,5.3,5.2,4.9
22251,0.8399,0,WARNING,20.2,5.3,5.7,5.8
22252,0.3422,0,NORMAL,19.9,4.8,4.3,5.1
22253,0.3295,0,NORMAL,19.8,4.6,5.0,5.6
22254,0.3544,0,NORMAL,20.1,4.4,4.2,5.7
22255,0.3655,0,NORMAL,20.1,4.6,4.9,6.2
22256,0.3649,0,NORMAL,20.1,4.5,4.7,4.8
22257,0.3759,0,NORMAL,20.0,6.0,4.8,5.7
22258,0.3522,0,NORMAL,20.1,4.3,4.7,6.0
22259,0.3531,0,NORMAL,19.8,4.0,3.3,4.5
22260,0.3536,0,NORMAL,19.9,4.2,4.3,4.6
22261,0.3422,0,NORMAL,19.7,4.0,3.5,4.1
22262,0.3433,0,NORMAL,19.9,4.3,4.6,5.7
22263,0.3435,0,NORMAL,19.7,3.6,3.1,4.3
22264,0.356,0,NORMAL,20.0,4.2,3.9,4.3
22265,0.3559,0,NORMAL,20.0,4.4,3.8,4.0
22266,0.3434,0,NORMAL,20.0,4.6,3.8,4.5
22267,0.3308,0,NORMAL,19.7,3.7,3.3,4.4
22268,0.3309,0,NORMAL,19.9,3.8,3.4,4.3
22269,0.3437,0,NORMAL,20.1,4.1,3.1,3.6
22270,0.3555,0,NORMAL,19.9,4.1,3.7,4.5
22271,0.3555,0,NORMAL,20.1,4.6,3.6,4.0
22272,0.3549,0,NORMAL,20.1,4.9,4.3,4.9
22273,0.3415,0,NORMAL,20.0,4.0,3.7,4.6
22274,0.3421,0,NORMAL,20.0,4.4,4.1,4.7
22275,0.3424,0,NORMAL,20.0,4.3,5.1,5.6
22276,0.3787,0,NORMAL,20.2,4.6,4.7,5.3
22277,0.4015,0,NORMAL,20.1,3.4,2.6,3.1
22278,0.3798,0,NORMAL,20.2,4.4,3.9,4.8
22279,0.367,0,NORMAL,20.1,4.7,4.6,4.5
22280,0.3548,0,NORMAL,20.0,3.5,3.3,4.0
22281,0.8435,0,WARNING,20.2,4.2,3.4,4.4
22282,0.3548,0,NORMAL,19.9,4.7,4.1,4.6
22283,0.3545,0,NORMAL,19.8,3.2,3.1,3.6
22284,0.6767,0,WARNING,19.9,6.5,3.2,3.8
22285,0.3639,0,NORMAL,20.0,4.9,3.0,3.3
22286,0.3639,0,NORMAL,20.0,4.2,2.9,3.5
22287,0.3654,0,NORMAL,20.2,4.0,3.5,3.9
22288,0.3664,0,NORMAL,20.0,3.3,2.1,3.0
22289,0.3792,0,NORMAL,19.9,3.3,2.2,2.5
22290,0.3801,0,NORMAL,20.1,3.4,2.8,3.5
22291,0.3686,0,NORMAL,20.0,3.6,2.6,2.7
22292,0.369,0,NORMAL,20.0,4.0,2.9,2.8
22293,0.3566,0,NORMAL,19.8,3.9,2.5,2.4
22294,0.3449,0,NORMAL,19.9,4.1,2.6,3.2
22295,0.319,0,NORMAL,19.9,3.0,2.3,3.0
22296,0.851,0,WARNING,20.0,4.1,2.5,2.8
22297,0.3064,0,NORMAL,19.6,3.2,2.2,2.6
22298,0.3073,0,NORMAL,19.8,3.7,2.8,3.5
22299,0.7176,0,WARNING,19.9,6.3,2.5,3.4
22300,0.3399,0,NORMAL,18.3,3.4,2.3,3.4
22301,0.3785,0,NORMAL,18.0,4.0,2.5,3.1
22302,0.3298,0,NORMAL,18.2,4.2,2.8,3.2
22303,0.3174,0,NORMAL,18.2,3.9,2.7,2.6
22304,0.3184,0,NORMAL,18.2,4.3,3.0,3.7
22305,0.343,0,NORMAL,18.2,2.9,2.7,3.0
22306,0.357,0,NORMAL,18.1,4.3,3.2,3.4
22307,0.3565,0,NORMAL,18.3,3.3,2.8,3.3
22308,0.3573,0,NORMAL,18.4,4.5,3.2,3.8
22309,0.3559,0,NORMAL,18.4,4.5,4.2,4.1
22310,0.4919,0,NORMAL,18.2,4.4,1.8,2.3
22311,0.8492,0,WARNING,18.5,4.2,2.6,3.1
22312,0.3683,0,NORMAL,18.2,3.5,2.6,2.9
22313,0.3692,0,NORMAL,18.5,3.9,2.8,3.3
22314,0.3566,0,NORMAL,18.5,4.0,2.3,2.8
22315,0.3679,0,NORMAL,18.3,3.8,2.1,2.3
22316,0.44,0,NORMAL,18.4,4.5,2.7,3.5
22317,0.3548,0,NORMAL,18.3,3.8,3.0,3.5
22318,0.3802,0,NORMAL,18.3,4.4,3.5,3.6
22319,0.3558,0,NORMAL,18.2,3.2,2.0,2.5
22320,0.3562,0,NORMAL,18.2,3.5,2.3,2.3
22321,0.3564,0,NORMAL,18.1,3.1,2.2,2.5
22322,0.3574,0,NORMAL,18.4,3.6,2.9,3.5
22323,0.3566,0,NORMAL,18.3,3.6,2.5,2.7
22324,0.3689,0,NORMAL,18.3,3.7,2.7,2.2
22325,0.3748,0,NORMAL,18.3,4.0,2.6,2.9
22326,0.8518,0,WARNING,18.6,4.6,2.2,2.3
22327,0.368,0,NORMAL,18.4,3.0,2.0,2.5
22328,0.3805,0,NORMAL,18.6,3.8,2.9,3.0
22329,0.3808,0,NORMAL,18.5,3.5,1.5,1.8
22330,0.3923,0,NORMAL,18.3,3.4,2.1,2.5
22331,0.4039,0,NORMAL,18.5,4.8,1.5,1.3
22332,0.3902,0,NORMAL,18.5,4.6,2.4,2.6
22333,0.3663,0,NORMAL,18.2,3.6,2.2,2.5
22334,0.3557,0,NORMAL,18.4,4.0,2.1,2.4
22335,0.3554,0,NORMAL,18.5,4.0,2.2,2.6
22336,0.3547,0,NORMAL,18.4,3.1,1.6,2.2
22337,0.3678,0,NORMAL,18.3,4.2,2.3,2.6
22338,0.3675,0,NORMAL,18.5,4.1,2.9,3.6
22339,0.355,0,NORMAL,18.2,3.6,1.9,2.3
22340,0.3557,0,NORMAL,18.3,3.6,1.7,2.1
22341,0.8473,0,WARNING,18.6,4.4,2.2,2.5
22342,0.3549,0,NORMAL,18.3,3.8,2.0,2.1
22343,0.3554,0,NORMAL,18.4,3.7,1.5,1.8
22344,0.746,0,WARNING,18.4,6.4,2.0,2.3
22345,0.3626,0,NORMAL,18.3,4.1,1.6,2.2
22346,0.3642,0,NORMAL,18.3,4.7,1.7,1.8
22347,0.3404,0,NORMAL,18.2,4.4,2.4,3.1
22348,0.3409,0,NORMAL,18.4,4.0,2.6,2.9
22349,0.3421,0,NORMAL,18.4,3.7,1.6,1.9
22350,0.3428,0,NORMAL,18.5,4.6,2.7,2.6
22351,0.3424,0,NORMAL,18.5,4.1,2.4,2.6
22352,0.355,0,NORMAL,18.4,3.4,1.6,2.0
22353,0.3558,0,NORMAL,18.3,3.6,1.3,1.8
22354,0.3556,0,NORMAL,18.4,3.4,1.5,1.8
22355,0.3557,0,NORMAL,18.5,3.5,2.1,2.1
22356,0.9743,0,WARNING,18.9,5.0,2.2,2.5
22357,0.3711,0,NORMAL,18.2,3.4,1.5,2.3
22358,0.3431,0,NORMAL,18.3,4.0,2.1,1.9
22359,0.3556,0,NORMAL,18.4,3.8,1.5,1.8
22360,0.3674,0,NORMAL,18.4,3.7,1.6,2.1
22361,0.3864,0,NORMAL,18.4,4.5,1.5,2.2
22362,0.3537,0,NORMAL,18.3,3.7,1.6,1.9
22363,0.354,0,NORMAL,18.3,3.7,1.3,1.8
22364,0.3547,0,NORMAL,18.4,3.8,2.7,2.7
22365,0.3436,0,NORMAL,18.3,4.2,2.2,2.3
22366,0.3432,0,NORMAL,18.0,3.8,1.9,2.1
22367,0.3434,0,NORMAL,18.3,3.0,1.3,1.8
22368,0.3444,0,NORMAL,18.3,4.0,1.8,2.2
22369,0.3435,0,NORMAL,18.3,3.5,1.4,2.0
22370,0.3437,0,NORMAL,18.3,3.7,1.3,1.3
22371,0.9743,0,WARNING,18.7,4.0,1.1,1.3
22372,0.344,0,NORMAL,18.3,3.4,1.3,1.8
22373,0.422,0,NORMAL,18.1,2.7,1.2,1.3
22374,0.3566,0,NORMAL,18.4,4.0,1.6,1.4
22375,0.3688,0,NORMAL,18.3,4.2,1.9,2.0
22376,0.3439,0,NORMAL,18.1,4.1,2.2,2.4
22377,0.3554,0,NORMAL,18.3,4.4,2.2,2.5
22378,0.3369,0,NORMAL,18.2,4.6,1.6,1.4
22379,0.3308,0,NORMAL,18.2,3.6,1.3,1.6
22380,0.3307,0,NORMAL,18.2,3.0,1.2,1.3
22381,0.3318,0,NORMAL,18.3,3.3,1.1,1.3
22382,0.3317,0,NORMAL,18.2,3.8,1.7,2.0
22383,0.319,0,NORMAL,18.2,4.0,1.7,1.4
22384,0.4935,0,NORMAL,18.2,4.2,1.2,1.3
22385,0.3325,0,NORMAL,18.0,3.5,1.9,1.8
22386,0.8536,0,WARNING,18.4,3.9,1.5,1.7
22387,0.3443,0,NORMAL,18.3,3.8,1.1,1.3
22388,0.344,0,NORMAL,18.3,3.3,1.2,1.3
22389,0.3569,0,NORMAL,18.0,3.7,1.4,1.1
22390,0.3571,0,NORMAL,18.3,4.1,2.1,2.3
22391,0.3559,0,NORMAL,18.3,3.7,1.4,1.4
22392,0.8499,0,WARNING,18.4,4.6,1.1,1.3
22393,0.3542,0,NORMAL,18.1,3.6,1.8,2.2
22394,0.3436,0,NORMAL,18.3,3.9,1.2,1.3
22395,0.3309,0,NORMAL,18.3,3.2,1.1,1.7
22396,0.3189,0,NORMAL,18.2,3.6,1.5,1.8
22397,0.3089,0,NORMAL,18.0,3.5,0.7,1.1
22398,0.3159,0,NORMAL,18.0,3.6,1.6,1.6
22399,0.3193,0,NORMAL,18.0,3.9,2.2,3.0
22400,0.3311,0,NORMAL,18.2,3.1,1.1,1.3
22401,0.9956,0,ANOMALY,18.9,4.3,0.8,0.8
22402,0.3436,0,NORMAL,18.4,3.9,1.4,1.6
22403,0.3429,0,NORMAL,18.1,3.2,1.3,1.3
22404,0.7662,0,WARNING,18.4,6.7,1.6,1.6
22405,0.3634,0,NORMAL,18.2,3.5,1.3,1.1
22406,0.3536,0,NORMAL,18.3,3.9,1.2,1.3
22407,0.3298,0,NORMAL,18.4,4.6,1.7,2.1
22408,0.3508,0,NORMAL,18.2,3.8,1.3,0.8
22409,0.3311,0,NORMAL,18.3,3.4,1.5,1.6
22410,0.3312,0,NORMAL,18.3,3.7,1.4,1.4
22411,0.3439,0,NORMAL,18.4,3.1,1.2,1.3
22412,0.3443,0,NORMAL,18.4,3.4,1.4,1.6
22413,0.3566,0,NORMAL,18.5,3.6,1.5,1.8
22414,0.356,0,NORMAL,18.4,4.4,1.3,1.3
22415,0.367,0,NORMAL,18.4,2.6,1.1,1.3
22416,0.3688,0,NORMAL,18.3,3.9,1.0,1.0
22417,0.3681,0,NORMAL,18.3,3.8,1.7,1.6
22418,0.3683,0,NORMAL,18.3,3.4,1.1,1.0
22419,0.3682,0,NORMAL,18.2,3.3,1.3,1.5
22420,0.369,0,NORMAL,18.3,4.2,1.0,1.2
22421,0.3675,0,NORMAL,18.2,3.9,1.2,1.5
22422,0.3553,0,NORMAL,18.3,2.9,1.0,1.2
22423,0.356,0,NORMAL,18.2,4.4,2.1,2.5
22424,0.3433,0,NORMAL,18.3,3.3,1.6,2.1
22425,0.3441,0,NORMAL,18.3,3.9,1.1,1.5
22426,0.3432,0,NORMAL,18.3,2.9,1.0,1.2
22427,0.3561,0,NORMAL,18.3,3.0,1.3,1.3
22428,0.3572,0,NORMAL,18.4,3.8,1.5,1.6
22429,0.4248,0,NORMAL,18.4,3.9,2.0,1.8
22430,0.4249,0,NORMAL,18.6,2.8,1.4,1.3
22431,0.854,0,WARNING,18.7,4.4,1.3,1.3
22432,0.3562,0,NORMAL,18.5,3.2,1.0,1.1
22433,0.3569,0,NORMAL,18.3,3.5,1.3,1.5
22434,0.3688,0,NORMAL,18.5,3.5,1.4,1.3
22435,0.4031,0,NORMAL,18.6,4.7,1.7,1.8
22436,0.4344,0,NORMAL,18.6,4.1,1.0,1.0
22437,0.4344,0,NORMAL,18.4,3.9,1.6,2.1
22438,0.4346,0,NORMAL,18.7,3.8,1.0,1.5
22439,0.4237,0,NORMAL,18.6,3.2,0.8,0.9
22440,0.4653,0,NORMAL,18.8,3.7,1.7,1.3
22441,0.495,0,NORMAL,18.9,3.3,1.0,1.0
22442,0.4952,0,NORMAL,18.7,3.1,0.7,0.8
22443,0.4955,0,NORMAL,18.9,3.3,1.1,1.1
22444,0.4953,0,NORMAL,18.9,3.3,0.8,0.7
22445,0.4861,0,NORMAL,18.8,3.3,1.5,1.4
22446,0.9956,0,ANOMALY,19.5,4.4,0.8,0.9
22447,0.4554,0,NORMAL,18.7,3.1,1.0,1.0
22448,0.446,0,NORMAL,18.7,3.8,0.7,0.6
22449,0.4455,0,NORMAL,18.7,3.5,0.9,0.8
22450,0.4565,0,NORMAL,18.5,3.9,0.8,0.9
22451,0.4449,0,NORMAL,18.7,3.0,1.2,1.3
22452,0.4458,0,NORMAL,18.7,3.3,0.9,1.0
22453,0.4457,0,NORMAL,18.7,3.9,1.4,1.4
22454,0.4353,0,NORMAL,18.7,3.6,1.1,1.3
22455,0.4136,0,NORMAL,18.7,3.7,1.3,1.3
22456,0.4134,0,NORMAL,18.6,2.6,0.9,0.9
22457,0.4251,0,NORMAL,18.4,3.0,1.0,1.0
22458,0.415,0,NORMAL,18.6,3.6,1.0,1.2
22459,0.3919,0,NORMAL,18.6,4.3,2.7,3.0
22460,0.3905,0,NORMAL,18.3,2.5,1.2,1.5
22461,0.8508,0,WARNING,18.7,3.7,1.1,1.5
22462,0.3912,0,NORMAL,18.5,3.3,1.2,1.7
22463,0.3681,0,NORMAL,18.4,3.0,1.0,1.1
22464,0.7613,0,WARNING,18.4,5.9,0.7,0.8
22465,0.3571,0,NORMAL,18.2,3.9,0.9,1.0
22466,0.353,0,NORMAL,18.3,3.2,0.9,0.9
22467,0.3549,0,NORMAL,18.2,3.8,1.4,1.8
22468,0.343,0,NORMAL,18.4,4.2,0.9,1.1
22469,0.3503,0,NORMAL,18.2,3.1,0.7,0.6
22470,0.3317,0,NORMAL,18.4,3.1,1.5,1.9
22471,0.3445,0,NORMAL,18.4,3.0,1.2,1.1
22472,0.3501,0,NORMAL,18.4,2.9,0.5,0.6
22473,0.3499,0,NORMAL,18.3,3.8,0.9,0.6
22474,0.3455,0,NORMAL,18.3,3.7,0.9,1.1
22475,0.4629,0,NORMAL,18.4,3.0,0.9,0.7
22476,0.8557,0,WARNING,18.7,4.1,1.5,1.6
22477,0.3558,0,NORMAL,18.4,3.2,1.1,1.3
22478,0.3567,0,NORMAL,18.5,3.3,1.1,1.3
22479,0.3686,0,NORMAL,18.5,4.0,1.4,1.1
22480,0.3795,0,NORMAL,18.3,3.2,1.1,1.0
22481,0.3927,0,NORMAL,18.3,4.2,0.9,1.0
22482,0.3792,0,NORMAL,18.3,3.7,1.0,1.0
22483,0.3796,0,NORMAL,18.3,3.1,1.0,1.0
22484,0.38,0,NORMAL,18.5,2.8,0.8,0.9
22485,0.3924,0,NORMAL,18.6,4.0,1.4,1.8
22486,0.3678,0,NORMAL,18.4,3.3,0.8,1.1
22487,0.3447,0,NORMAL,18.4,3.2,1.2,1.5
22488,0.3448,0,NORMAL,18.3,4.0,1.2,1.0
22489,0.3443,0,NORMAL,18.4,3.0,1.0,0.9
22490,0.3447,0,NORMAL,18.4,3.5,1.1,1.0
22491,0.8534,0,WARNING,18.5,4.3,2.4,1.7
22492,0.3229,0,NORMAL,18.4,3.5,2.4,2.3
22493,0.3227,0,NORMAL,18.2,3.3,0.8,1.1
22494,0.3252,0,NORMAL,18.3,3.4,0.9,1.1
22495,0.3567,0,NORMAL,18.3,2.8,0.7,0.8
22496,0.357,0,NORMAL,18.4,4.5,1.2,1.5
22497,0.3431,0,NORMAL,18.2,3.4,0.8,1.1
22498,0.3309,0,NORMAL,18.3,3.4,0.7,0.8
22499,0.35,0,NORMAL,18.1,3.0,0.7,0.6
22500,0.3498,0,NORMAL,18.1,3.1,0.8,0.6
22501,0.3524,0,NORMAL,18.4,3.6,0.8,0.9
22502,0.3498,0,NORMAL,18.5,3.3,0.4,0.6
22503,0.351,0,NORMAL,18.3,2.3,1.0,1.0
22504,0.3691,0,NORMAL,18.2,3.5,1.1,1.0
22505,0.3544,0,NORMAL,18.2,2.7,0.9,0.9
22506,0.9752,0,WARNING,18.9,4.4,1.2,1.3
22507,0.3444,0,NORMAL,18.2,3.4,0.9,1.1
22508,0.3565,0,NORMAL,18.4,2.7,0.3,0.6
22509,0.3692,0,NORMAL,18.6,3.4,0.8,0.6
22510,0.3807,0,NORMAL,18.5,3.0,0.4,0.6
22511,0.4156,0,NORMAL,18.5,4.2,0.9,1.1
22512,0.3557,0,NORMAL,18.4,3.8,1.4,1.3
22513,0.3556,0,NORMAL,18.3,3.0,1.2,1.3
22514,0.3688,0,NORMAL,18.5,3.5,1.0,1.2
22515,0.8749,0,WARNING,18.3,6.9,0.9,1.0
22516,0.9989,0,ANOMALY,18.7,16.6,0.9,0.6
22517,0.3297,0,NORMAL,18.3,2.4,0.8,0.9
22518,0.3439,0,NORMAL,18.3,3.7,1.5,1.7
22519,0.3494,0,NORMAL,18.2,3.5,1.7,1.9
22520,0.3527,0,NORMAL,18.2,2.8,1.0,1.2
22521,0.8481,0,WARNING,18.6,4.1,1.3,0.9
22522,0.3675,0,NORMAL,18.5,3.0,1.0,1.2
22523,0.3685,0,NORMAL,18.2,3.3,0.7,0.8
22524,0.3682,0,NORMAL,18.5,3.0,0.7,0.8
22525,0.3804,0,NORMAL,18.3,3.3,0.8,0.8
22526,0.4164,0,NORMAL,18.4,3.9,0.3,0.5
22527,0.3554,0,NORMAL,18.4,3.4,0.9,1.0
22528,0.3681,0,NORMAL,18.5,3.1,0.8,1.1
22529,0.8062,0,WARNING,18.5,6.3,0.8,1.2
22530,0.3511,0,NORMAL,18.3,2.8,0.8,0.6
22531,0.3543,0,NORMAL,18.2,2.8,0.9,0.9
22532,0.3681,0,NORMAL,18.4,3.3,1.2,1.1
22533,0.3684,0,NORMAL,18.2,2.9,0.7,0.6
22534,0.3573,0,NORMAL,18.5,3.6,1.0,0.9
22535,0.3565,0,NORMAL,18.3,3.6,0.8,0.6
22536,0.8544,0,WARNING,18.6,4.2,1.0,0.8
22537,0.3567,0,NORMAL,18.2,2.9,1.1,1.3
22538,0.3577,0,NORMAL,18.5,3.7,0.9,0.6
22539,0.369,0,NORMAL,18.3,3.1,0.9,0.9
22540,0.381,0,NORMAL,18.4,3.4,1.6,1.4
22541,0.4156,0,NORMAL,18.5,4.6,1.0,1.3
22542,0.3555,0,NORMAL,18.3,3.9,1.3,1.1
22543,0.3438,0,NORMAL,18.3,3.1,1.0,0.9
22544,0.3445,0,NORMAL,18.4,3.7,1.1,1.0
22545,0.3318,0,NORMAL,18.5,3.5,1.6,1.8
22546,0.6227,0,WARNING,17.2,4.6,0.7,0.8
22547,0.3203,0,NORMAL,16.0,2.6,1.4,1.3
22548,0.3323,0,NORMAL,16.1,3.3,0.9,1.5
22549,0.35,0,NORMAL,16.0,3.6,0.7,0.6
22550,0.3321,0,NORMAL,16.0,3.1,1.1,1.0
22551,0.8548,0,WARNING,16.3,3.7,0.8,0.9
22552,0.333,0,NORMAL,16.1,3.0,0.7,0.8
22553,0.3416,0,NORMAL,16.2,3.5,1.0,1.5
22554,0.3315,0,NORMAL,16.0,3.0,1.2,1.3
22555,0.3568,0,NORMAL,16.3,3.2,1.1,1.3
22556,0.3691,0,NORMAL,16.3,4.1,1.1,1.0
22557,0.4336,0,NORMAL,16.3,4.6,1.7,1.6
22558,0.3549,0,NORMAL,16.3,3.6,1.4,1.1
22559,0.3561,0,NORMAL,16.1,3.5,0.9,0.9
22560,0.3564,0,NORMAL,16.2,3.1,0.7,0.8
22561,0.5036,0,NORMAL,15.7,2.5,0.8,0.6
22562,0.3579,0,NORMAL,16.2,3.5,1.0,1.0
22563,0.3571,0,NORMAL,16.0,3.1,1.2,1.3
22564,0.3573,0,NORMAL,16.2,3.1,0.7,1.1
22565,0.3327,0,NORMAL,16.1,3.6,1.2,1.3
22566,0.8548,0,WARNING,16.5,3.4,1.2,1.3
22567,0.3451,0,NORMAL,15.9,3.9,1.2,0.9
22568,0.3443,0,NORMAL,16.1,2.8,0.9,1.2
22569,0.3573,0,NORMAL,16.2,3.6,1.1,1.0
22570,0.3565,0,NORMAL,16.2,3.5,0.9,1.1
22571,0.3564,0,NORMAL,16.1,3.8,1.2,1.3
22572,0.3559,0,NORMAL,16.3,3.7,0.9,1.1
22573,0.3561,0,NORMAL,16.2,3.4,1.2,1.3
22574,0.3565,0,NORMAL,16.2,3.8,1.1,1.3
22575,0.3561,0,NORMAL,16.0,2.9,1.1,1.3
22576,0.3574,0,NORMAL,16.2,2.8,0.9,1.1
22577,0.3574,0,NORMAL,16.2,4.0,1.5,1.8
22578,0.3561,0,NORMAL,16.2,3.6,1.5,1.8
22579,0.3684,0,NORMAL,16.2,3.6,1.0,1.1
22580,0.3683,0,NORMAL,16.1,4.0,1.4,1.6
22581,0.8535,0,WARNING,16.3,4.3,1.4,1.6
22582,0.3674,0,NORMAL,16.2,3.5,1.4,1.8
22583,0.3559,0,NORMAL,15.9,3.1,0.8,0.9
22584,0.7976,0,WARNING,16.3,6.7,1.4,1.6
22585,0.3136,0,NORMAL,16.1,3.9,1.3,1.5
22586,0.3155,0,NORMAL,15.9,3.9,1.8,2.1
22587,0.3039,0,NORMAL,15.8,4.1,1.8,1.9
22588,0.3051,0,NORMAL,16.0,4.2,1.3,1.5
22589,0.3094,0,NORMAL,16.0,2.9,0.8,0.9
22590,0.3131,0,NORMAL,16.0,3.4,1.1,1.3
22591,0.3378,0,NORMAL,16.0,4.2,1.1,1.3
22592,0.3145,0,NORMAL,16.0,3.5,1.1,1.3
22593,0.3659,0,NORMAL,16.0,3.7,1.0,1.2
22594,0.3443,0,NORMAL,16.2,3.9,1.6,1.6
22595,0.615,0,WARNING,16.2,3.8,1.2,1.3
22596,0.3802,0,NORMAL,16.1,3.4,0.8,0.6
22597,0.3805,0,NORMAL,16.2,4.0,1.4,1.3
22598,0.3801,0,NORMAL,16.2,4.1,2.0,1.8
22599,0.38,0,NORMAL,16.2,4.5,1.4,1.3
22600,0.3904,0,NORMAL,16.0,3.1,1.2,1.3
22601,0.4771,0,NORMAL,16.1,5.1,1.6,2.0
22602,0.3785,0,NORMAL,16.0,3.6,1.4,1.4
22603,0.3799,0,NORMAL,16.2,3.2,1.4,1.6
22604,0.3798,0,NORMAL,16.1,4.0,2.5,2.8
22605,0.3794,0,NORMAL,16.0,3.9,1.6,1.6
22606,0.3797,0,NORMAL,16.3,3.6,1.7,2.1
22607,0.3676,0,NORMAL,16.2,2.9,1.2,1.5
22608,0.3687,0,NORMAL,16.3,4.1,2.1,2.5
22609,0.3674,0,NORMAL,16.0,3.0,1.3,1.8
22610,0.3682,0,NORMAL,16.3,4.4,1.8,2.0
22611,0.9909,0,ANOMALY,16.6,13.5,1.9,1.8
22612,0.9847,0,WARNING,16.5,12.1,2.1,2.3
22613,0.9857,0,WARNING,16.4,12.2,1.6,2.1
22614,0.9902,0,ANOMALY,16.5,12.9,2.2,2.3
22615,0.9901,0,WARNING,16.5,12.6,1.5,1.8
22616,0.9895,0,WARNING,16.2,12.5,2.2,2.5
22617,0.9913,0,ANOMALY,16.2,12.5,1.6,1.8
22618,0.9894,0,WARNING,16.5,12.6,1.5,1.8
22619,0.989,0,WARNING,16.3,11.8,1.1,1.5
22620,0.9866,0,WARNING,16.5,11.9,1.5,1.6
22621,0.9888,0,WARNING,16.5,11.8,1.3,1.6
22622,0.9896,0,WARNING,16.4,12.2,1.2,1.5
22623,0.9869,0,WARNING,16.5,11.8,1.5,1.8
22624,0.988,0,WARNING,16.6,12.1,1.6,2.0
22625,0.9886,0,WARNING,16.5,12.8,2.0,1.8
22626,0.9913,0,ANOMALY,16.7,13.5,2.4,2.8
22627,0.9882,0,WARNING,16.4,12.0,1.9,2.0
22628,0.9897,0,WARNING,16.5,12.3,1.6,1.9
22629,0.9894,0,WARNING,16.3,11.7,1.1,1.7
22630,0.9887,0,WARNING,16.6,12.6,2.6,2.4
22631,0.9932,0,ANOMALY,16.6,13.5,1.7,2.0
22632,0.9885,0,WARNING,16.3,12.3,2.2,2.8
22633,0.9901,0,WARNING,16.4,13.2,2.0,2.4
22634,0.9884,0,WARNING,16.5,12.7,2.5,2.8
22635,0.9893,0,WARNING,16.5,13.0,2.7,3.2
22636,0.9919,0,ANOMALY,16.4,13.1,2.1,2.2
22637,0.9224,0,WARNING,16.3,8.6,1.6,2.1
22638,0.3279,0,NORMAL,16.2,4.0,2.2,2.5
22639,0.329,0,NORMAL,15.9,3.9,1.9,2.3
22640,0.3353,0,NORMAL,16.1,3.8,2.0,2.6
22641,0.3382,0,NORMAL,16.1,3.8,1.8,2.0
22642,0.3415,0,NORMAL,16.0,4.8,2.8,2.8
22643,0.3583,0,NORMAL,16.0,3.8,2.8,2.7
22644,0.356,0,NORMAL,16.0,4.2,2.4,2.6
22645,0.3671,0,NORMAL,16.0,3.7,2.4,2.6
22646,0.4547,0,NORMAL,16.1,5.1,2.4,2.8
22647,0.5378,0,NORMAL,16.3,4.5,2.3,2.6
22648,0.342,0,NORMAL,16.2,4.7,3.4,3.4
22649,0.7735,0,WARNING,16.0,6.5,2.3,2.8
22650,0.3378,0,NORMAL,16.0,3.7,1.9,2.5
22651,0.3409,0,NORMAL,16.0,3.3,2.1,2.8
22652,0.3548,0,NORMAL,16.1,4.3,2.5,2.3
22653,0.4143,0,NORMAL,16.1,4.3,2.7,3.0
22654,0.3428,0,NORMAL,16.4,4.3,2.3,2.6
22655,0.3299,0,NORMAL,16.0,3.9,2.5,3.1
22656,0.8457,0,WARNING,16.4,4.2,2.1,2.7
22657,0.355,0,NORMAL,16.3,4.1,2.5,3.8
22658,0.3541,0,NORMAL,16.3,4.1,1.7,2.5
22659,0.366,0,NORMAL,16.4,4.6,2.9,3.8
22660,0.3655,0,NORMAL,16.1,3.9,2.0,2.8
22661,0.354,0,NORMAL,16.1,5.3,3.7,3.3
22662,0.3415,0,NORMAL,16.2,5.3,3.7,3.6
22663,0.316,0,NORMAL,16.3,5.0,2.6,2.8
22664,0.3159,0,NORMAL,16.2,3.7,2.2,2.5
22665,0.3177,0,NORMAL,16.3,4.5,3.4,4.3
22666,0.3416,0,NORMAL,16.0,3.7,2.6,3.6
22667,0.435,0,NORMAL,16.4,4.8,2.5,2.9
22668,0.3542,0,NORMAL,16.3,4.0,2.7,3.0
22669,0.3431,0,NORMAL,16.4,5.0,3.7,3.9
22670,0.3422,0,NORMAL,16.3,4.2,2.4,2.6
22671,0.8439,0,WARNING,16.5,4.0,2.8,3.5
22672,0.3545,0,NORMAL,16.4,4.9,3.4,3.6
22673,0.3537,0,NORMAL,16.4,4.5,3.2,3.6
22674,0.3658,0,NORMAL,16.5,4.9,3.2,3.6
22675,0.3652,0,NORMAL,16.4,4.1,2.6,3.6
22676,0.366,0,NORMAL,16.4,4.8,2.8,3.2
22677,0.4354,0,NORMAL,16.4,5.8,3.4,3.8
22678,0.3638,0,NORMAL,16.4,3.7,2.6,3.1
22679,0.3659,0,NORMAL,16.2,4.7,3.1,3.8
22680,0.3657,0,NORMAL,16.4,4.6,3.5,3.4
22681,0.3665,0,NORMAL,16.4,4.3,2.8,2.9
22682,0.3666,0,NORMAL,16.4,4.7,2.7,3.4
22683,0.3539,0,NORMAL,16.3,4.7,3.2,3.4
22684,0.3417,0,NORMAL,16.4,4.3,2.7,3.1
22685,0.3423,0,NORMAL,16.4,4.3,3.0,3.8
22686,0.8438,0,WARNING,16.5,4.5,2.8,3.1
22687,0.3769,0,NORMAL,16.5,4.5,2.5,3.3
22688,0.3661,0,NORMAL,16.5,4.7,2.6,2.6
22689,0.4005,0,NORMAL,16.5,5.3,3.9,3.4
22690,0.444,0,NORMAL,16.8,4.7,2.9,3.7
22691,0.4433,0,NORMAL,16.8,5.1,2.5,3.1
22692,0.4208,0,NORMAL,16.7,4.4,3.6,4.3
22693,0.3768,0,NORMAL,16.4,4.7,3.5,4.1
22694,0.3532,0,NORMAL,16.3,4.5,2.9,3.7
22695,0.353,0,NORMAL,16.3,4.3,2.8,3.0
22696,0.3654,0,NORMAL,16.2,4.0,3.0,3.3
22697,0.51,0,NORMAL,16.3,4.2,2.5,3.0
22698,0.3547,0,NORMAL,16.4,5.4,4.2,4.3
22699,0.354,0,NORMAL,16.4,5.0,3.9,4.3
22700,0.3653,0,NORMAL,16.4,5.2,4.3,3.9
22701,0.8391,0,WARNING,16.6,4.7,3.2,3.9
22702,0.365,0,NORMAL,16.4,4.9,4.0,5.0
22703,0.3764,0,NORMAL,16.4,4.5,3.5,4.1
22704,0.8187,0,WARNING,16.5,7.9,3.2,4.4
22705,0.3827,0,NORMAL,16.5,4.3,3.4,3.7
22706,0.3747,0,NORMAL,16.4,5.6,3.4,3.8
22707,0.4144,0,NORMAL,16.4,5.5,3.8,4.7
22708,0.3745,0,NORMAL,16.4,5.0,4.5,5.1
22709,0.3872,0,NORMAL,16.5,4.1,2.8,3.7
22710,0.3763,0,NORMAL,16.5,4.6,3.9,4.7
22711,0.365,0,NORMAL,16.5,5.5,4.9,5.8
22712,0.3574,0,NORMAL,16.4,5.4,4.0,5.2
22713,0.3391,0,NORMAL,16.1,4.5,3.8,4.0
22714,0.3408,0,NORMAL,16.3,5.4,3.6,4.1
22715,0.34,0,NORMAL,16.1,4.3,4.4,4.8
22716,0.3661,0,NORMAL,16.4,5.0,3.2,3.8
22717,0.3889,0,NORMAL,16.6,5.0,4.3,5.1
22718,0.3999,0,NORMAL,16.5,5.0,3.5,4.7
22719,0.3993,0,NORMAL,16.4,4.9,3.6,4.9
22720,0.3644,0,NORMAL,16.5,5.4,4.3,5.1
22721,0.3409,0,NORMAL,16.4,5.3,3.6,4.4
22722,0.3551,0,NORMAL,16.7,5.7,7.1,5.7
22723,0.2674,0,NORMAL,15.4,6.6,7.0,5.5
22724,0.1703,0,NORMAL,14.5,5.3,4.0,4.2
22725,0.353,0,NORMAL,15.1,6.7,6.4,5.5
22726,0.3332,0,NORMAL,15.5,7.2,6.1,6.4
22727,0.4168,0,NORMAL,15.7,5.7,4.5,4.8
22728,0.1744,0,NORMAL,16.0,5.4,4.7,4.9
22729,0.2149,0,NORMAL,16.0,6.1,5.6,5.9
22730,0.2372,0,NORMAL,15.9,5.8,5.5,5.4
22731,0.8347,0,WARNING,16.5,5.5,4.2,4.6
22732,0.3144,0,NORMAL,16.4,5.4,4.9,4.8
22733,0.3408,0,NORMAL,16.5,5.9,5.2,5.4
22734,0.3526,0,NORMAL,16.3,5.8,5.6,5.7
22735,0.3641,0,NORMAL,16.6,6.4,5.6,5.5
22736,0.3755,0,NORMAL,16.4,6.0,4.5,5.7
22737,0.3629,0,NORMAL,16.6,6.0,4.5,4.6
22738,0.3509,0,NORMAL,16.5,5.2,5.5,6.5
22739,0.3518,0,NORMAL,16.5,5.5,4.9,5.8
22740,0.3509,0,NORMAL,16.3,5.0,4.9,5.8
22741,0.352,0,NORMAL,16.3,5.2,5.5,5.8
22742,0.3402,0,NORMAL,16.3,6.1,5.4,6.5
22743,0.3517,0,NORMAL,16.3,5.1,5.3,5.6
22744,0.365,0,NORMAL,16.6,6.6,5.8,5.9
22745,0.3516,0,NORMAL,16.5,5.7,5.5,6.0
22746,0.8299,0,WARNING,16.7,6.6,5.8,5.2
22747,0.327,0,NORMAL,16.5,5.7,5.2,5.4
22748,0.3396,0,NORMAL,16.6,7.1,7.2,7.0
22749,0.479,0,NORMAL,16.4,5.3,5.9,5.8
22750,0.3643,0,NORMAL,16.6,4.7,4.6,4.3
22751,0.376,0,NORMAL,16.6,5.9,4.5,5.4
22752,0.3743,0,NORMAL,16.6,6.1,4.5,5.1
22753,0.5473,0,NORMAL,16.7,6.2,5.5,5.9
22754,0.3744,0,NORMAL,16.6,4.9,4.1,4.8
22755,0.3756,0,NORMAL,16.6,5.2,4.2,5.1
22756,0.3636,0,NORMAL,16.6,5.0,5.0,4.9
22757,0.3531,0,NORMAL,16.6,5.2,3.7,4.8
22758,0.4858,0,NORMAL,16.6,5.7,5.5,6.0
22759,0.3524,0,NORMAL,16.4,6.0,4.9,5.3
22760,0.3516,0,NORMAL,16.6,5.5,5.8,6.4
22761,0.8307,0,WARNING,16.7,5.9,4.7,5.3
22762,0.3631,0,NORMAL,16.7,5.1,6.0,7.5
22763,0.3752,0,NORMAL,16.5,5.6,4.4,5.2
22764,0.375,0,NORMAL,16.7,5.8,5.6,6.0
22765,0.387,0,NORMAL,16.7,5.2,4.7,5.5
22766,0.3754,0,NORMAL,16.5,5.7,4.6,5.5
22767,0.3631,0,NORMAL,16.7,6.3,5.5,6.3
22768,0.7855,0,WARNING,16.8,9.3,6.8,6.3
22769,0.3335,0,NORMAL,16.5,5.8,4.9,4.2
22770,0.3368,0,NORMAL,16.3,5.6,5.7,5.8
22771,0.3506,0,NORMAL,16.6,5.5,5.2,5.8
22772,0.3638,0,NORMAL,16.5,6.0,4.8,4.4
22773,0.5196,0,NORMAL,16.5,5.3,4.8,5.3
22774,0.4322,0,NORMAL,16.9,4.8,4.0,4.6
22775,0.432,0,NORMAL,16.9,6.2,4.3,5.7
22776,0.3975,0,NORMAL,16.8,4.6,4.0,4.8
22777,0.3878,0,NORMAL,16.7,5.8,5.8,5.6
22778,0.3643,0,NORMAL,16.6,5.5,4.1,4.8
22779,0.3274,0,NORMAL,16.4,5.2,4.5,5.0
22780,0.3508,0,NORMAL,16.4,6.2,4.8,5.1
22781,0.3267,0,NORMAL,16.4,5.1,4.6,5.7
22782,0.3391,0,NORMAL,16.6,6.5,4.8,5.3
22783,0.3732,0,NORMAL,16.5,4.5,3.3,3.8
22784,0.3528,0,NORMAL,16.5,5.0,3.9,4.7
22785,0.3639,0,NORMAL,16.3,5.0,4.6,5.5
22786,0.3763,0,NORMAL,16.6,4.9,4.1,4.8
22787,0.4183,0,NORMAL,16.7,6.9,5.6,6.3
22788,0.3513,0,NORMAL,16.6,5.3,4.2,5.3
22789,0.3642,0,NORMAL,16.8,5.8,5.4,6.5
22790,0.3632,0,NORMAL,16.5,5.0,4.4,5.0
22791,0.3875,0,NORMAL,16.8,5.5,4.6,4.9
22792,0.3876,0,NORMAL,16.7,5.4,5.7,5.8
22793,0.3649,0,NORMAL,16.7,5.2,4.6,5.9
22794,0.4178,0,NORMAL,16.8,6.7,5.2,5.8
22795,0.3631,0,NORMAL,16.7,5.6,4.9,4.4
22796,0.4052,0,NORMAL,16.7,5.8,3.9,5.0
22797,0.3626,0,NORMAL,16.7,4.9,4.7,5.1
22798,0.3639,0,NORMAL,16.7,6.6,5.4,5.6
22799,0.3625,0,NORMAL,16.5,4.5,4.0,4.8
22800,0.3637,0,NORMAL,16.5,4.0,4.1,5.6
22801,0.3653,0,NORMAL,16.7,5.5,5.3,6.2
22802,0.3515,0,NORMAL,16.3,3.6,3.7,4.5
22803,0.8362,0,WARNING,16.9,5.8,4.8,6.3
22804,0.3511,0,NORMAL,16.7,4.2,4.4,5.9
22805,0.3394,0,NORMAL,16.7,6.0,6.4,7.7
22806,0.9703,0,WARNING,17.0,5.8,4.8,3.9
22807,0.3394,0,NORMAL,16.7,5.7,5.8,4.5
22808,0.34,0,NORMAL,16.7,5.3,4.6,5.9
22809,0.3516,0,NORMAL,16.7,4.4,4.2,5.4
22810,0.3523,0,NORMAL,16.8,5.4,5.4,6.0
22811,0.3519,0,NORMAL,16.8,6.3,5.4,6.0
22812,0.3504,0,NORMAL,16.5,5.9,5.1,5.8
22813,0.3382,0,NORMAL,16.4,4.8,4.4,5.2
22814,0.3395,0,NORMAL,16.4,4.7,4.7,5.5
22815,0.3279,0,NORMAL,16.4,4.4,3.7,4.6
22816,0.3407,0,NORMAL,16.5,4.7,4.2,5.1
22817,0.3531,0,NORMAL,16.5,5.5,5.0,6.0
22818,0.3523,0,NORMAL,16.7,5.6,5.0,5.8
22819,0.3635,0,NORMAL,16.7,5.4,5.3,6.1
22820,0.3516,0,NORMAL,16.7,5.2,5.4,6.7
22821,0.3509,0,NORMAL,16.7,5.2,4.6,5.7
22822,0.3634,0,NORMAL,16.5,5.3,5.0,6.3
22823,0.3638,0,NORMAL,16.7,5.5,5.3,6.5
22824,0.7125,0,WARNING,16.8,7.7,4.8,5.6
22825,0.3826,0,NORMAL,16.8,5.3,4.2,5.3
22826,0.9998,0,ANOMALY,17.9,7.3,5.3,6.3
22827,0.82,0,WARNING,16.9,6.4,4.3,5.2
22828,0.3605,0,NORMAL,16.8,5.4,4.3,5.2
22829,0.3497,0,NORMAL,16.6,5.0,5.1,5.5
22830,0.3637,0,NORMAL,16.6,4.6,3.6,4.5
22831,0.3523,0,NORMAL,16.5,4.5,3.7,4.7
22832,0.3283,0,NORMAL,16.4,5.0,4.6,5.4
22833,0.3407,0,NORMAL,16.4,4.6,3.6,4.3
22834,0.3657,0,NORMAL,16.8,5.6,4.3,5.3
22835,0.3639,0,NORMAL,16.8,4.3,3.6,5.0
22836,0.3642,0,NORMAL,16.9,6.4,6.6,7.3
22837,0.3513,0,NORMAL,16.7,5.2,5.4,5.5
22838,0.3519,0,NORMAL,16.7,5.2,4.1,4.6
22839,0.364,0,NORMAL,16.7,4.3,2.9,3.5
22840,0.3649,0,NORMAL,16.8,5.6,4.3,5.1
22841,0.364,0,NORMAL,16.8,6.2,5.0,4.9
22842,0.3638,0,NORMAL,16.6,5.1,3.8,5.2
22843,0.3513,0,NORMAL,16.8,5.7,5.9,7.6
22844,0.3621,0,NORMAL,16.7,4.5,3.9,5.5
22845,0.3633,0,NORMAL,16.6,5.3,4.5,5.7
22846,0.3635,0,NORMAL,16.6,4.7,4.7,5.1
22847,0.3765,0,NORMAL,16.7,5.5,5.5,6.2
22848,0.3644,0,NORMAL,16.9,5.6,4.2,4.9
22849,0.3393,0,NORMAL,16.5,4.2,3.6,4.7
22850,0.3018,0,NORMAL,16.4,4.6,4.2,5.1
22851,0.835,0,WARNING,16.8,5.6,4.4,4.8
22852,0.3276,0,NORMAL,16.6,5.0,5.0,5.8
22853,0.3152,0,NORMAL,16.6,5.3,4.7,5.7
22854,0.3274,0,NORMAL,16.4,4.9,4.1,5.6
22855,0.3402,0,NORMAL,16.7,4.7,4.1,5.3
22856,0.3644,0,NORMAL,16.8,5.7,3.8,4.7
22857,0.3977,0,NORMAL,16.7,5.3,4.5,5.4
22858,0.3865,0,NORMAL,16.9,5.4,4.2,5.0
22859,0.3866,0,NORMAL,16.9,4.9,3.6,4.8
22860,0.387,0,NORMAL,16.9,4.7,3.6,4.5
22861,0.3637,0,NORMAL,16.9,5.8,5.7,5.9
22862,0.3515,0,NORMAL,16.5,4.4,3.8,5.2
22863,0.3522,0,NORMAL,16.6,5.6,5.3,5.6
22864,0.3643,0,NORMAL,16.6,4.9,4.3,4.6
22865,0.3772,0,NORMAL,16.9,5.0,4.4,5.1
22866,0.8353,0,WARNING,17.2,5.8,4.9,5.3
22867,0.3988,0,NORMAL,17.0,4.7,3.6,4.9
22868,0.4101,0,NORMAL,17.0,5.1,3.4,4.3
22869,0.4209,0,NORMAL,16.8,4.2,3.4,4.5
22870,0.4107,0,NORMAL,16.7,5.4,5.0,6.0
22871,0.3985,0,NORMAL,16.9,5.1,4.4,5.3
22872,0.3752,0,NORMAL,16.5,4.6,3.6,4.7
22873,0.3871,0,NORMAL,16.9,5.0,4.7,6.2
22874,0.3871,0,NORMAL,16.9,6.0,4.7,4.9
22875,0.3869,0,NORMAL,16.9,4.9,4.3,5.2
22876,0.3755,0,NORMAL,16.8,4.2,3.3,4.3
22877,0.3764,0,NORMAL,16.5,4.4,3.5,4.3
22878,0.3772,0,NORMAL,16.9,5.6,4.3,5.3
22879,0.3988,0,NORMAL,16.8,5.9,5.9,6.1
22880,0.4212,0,NORMAL,16.9,4.8,4.3,5.2
22881,0.8326,0,WARNING,17.3,5.5,5.2,6.3
22882,0.4311,0,NORMAL,17.1,5.5,5.7,6.8
22883,0.4411,0,NORMAL,17.1,6.7,6.0,5.2
22884,0.4616,0,NORMAL,17.2,5.2,4.1,5.0
22885,0.6938,0,WARNING,17.2,7.2,4.8,5.7
22886,0.4587,0,NORMAL,17.2,5.4,4.9,5.1
22887,0.5218,0,NORMAL,17.0,5.9,3.9,4.5
22888,0.4387,0,NORMAL,17.1,4.2,3.7,4.3
22889,0.4311,0,NORMAL,16.9,5.4,4.1,4.6
22890,0.4092,0,NORMAL,17.0,4.6,4.7,4.8
22891,0.4182,0,NORMAL,17.0,5.9,3.6,4.5
22892,0.4208,0,NORMAL,17.0,4.5,4.2,5.2
22893,0.4214,0,NORMAL,17.2,4.9,4.2,4.9
22894,0.4102,0,NORMAL,17.1,5.2,4.4,5.5
22895,0.4203,0,NORMAL,17.1,5.1,3.8,4.7
22896,0.8345,0,WARNING,17.3,5.9,4.7,5.5
22897,0.42,0,NORMAL,17.2,5.5,5.7,7.0
22898,0.409,0,NORMAL,17.0,5.0,4.1,5.3
22899,0.4198,0,NORMAL,17.1,5.0,3.8,5.0
22900,0.4305,0,NORMAL,17.1,5.0,4.3,4.8
22901,0.5009,0,NORMAL,17.4,5.4,4.2,5.1
22902,0.5095,0,NORMAL,17.2,4.5,4.1,4.5
22903,0.4428,0,NORMAL,17.2,5.5,4.3,5.1
22904,0.4421,0,NORMAL,17.2,4.9,4.0,5.5
22905,0.4423,0,NORMAL,17.3,5.1,4.8,5.5
22906,0.4524,0,NORMAL,17.3,4.9,4.6,5.4
22907,0.4623,0,NORMAL,17.0,4.9,3.9,4.7
22908,0.4626,0,NORMAL,17.2,4.9,4.0,5.1
22909,0.4522,0,NORMAL,17.2,4.5,3.9,5.0
22910,0.4423,0,NORMAL,16.9,5.1,4.2,5.4
22911,0.8301,0,WARNING,17.3,4.8,3.9,4.6
22912,0.4526,0,NORMAL,17.0,4.8,4.0,4.8
22913,0.4731,0,NORMAL,17.3,5.3,4.4,5.9
22914,0.4818,0,NORMAL,17.2,4.5,3.5,4.6
22915,0.4824,0,NORMAL,17.3,5.1,4.6,5.3
22916,0.4822,0,NORMAL,17.2,5.4,3.6,4.7
22917,0.4614,0,NORMAL,16.9,4.9,3.8,4.5
22918,0.4718,0,NORMAL,17.3,5.4,5.1,6.0
22919,0.4813,0,NORMAL,17.0,4.3,3.1,3.5
22920,0.483,0,NORMAL,17.0,3.1,0.1,0.0
22921,0.4846,0,NORMAL,16.9,2.4,0.1,0.0
22922,0.4863,0,NORMAL,17.1,2.5,0.1,0.0
22923,0.4867,0,NORMAL,17.1,3.6,2.7,3.5
22924,0.4859,0,NORMAL,17.4,4.9,4.2,5.4
22925,0.4933,0,NORMAL,17.1,3.9,3.6,4.8
22926,0.838,0,WARNING,17.5,4.9,3.5,4.9
22927,0.4428,0,NORMAL,17.3,5.6,5.1,6.4
22928,0.4093,0,NORMAL,16.9,4.7,3.9,5.5
22929,0.4207,0,NORMAL,16.9,4.2,3.8,5.0
22930,0.4427,0,NORMAL,17.2,5.1,4.5,5.5
22931,0.8881,0,WARNING,12.2,8.1,8.5,7.4
22932,0.726,0,WARNING,8.8,8.3,10.9,8.3
22933,0.5759,0,NORMAL,11.4,7.0,8.5,7.2
22934,0.5199,0,NORMAL,11.9,5.6,7.3,6.6
22935,0.8797,0,WARNING,8.9,8.3,9.0,8.1
22936,0.7647,0,WARNING,7.7,7.5,9.1,7.4
22937,0.5282,0,NORMAL,10.5,5.7,5.6,5.2
22938,0.6511,0,WARNING,10.0,7.4,7.8,6.2
22939,0.584,0,NORMAL,10.3,6.9,7.4,6.4
22940,0.4587,0,NORMAL,13.4,6.9,7.5,7.2
22941,0.8495,0,WARNING,14.0,6.0,6.2,5.7
22942,0.7254,0,WARNING,14.1,6.1,9.2,7.9
22943,0.2471,0,NORMAL,14.4,4.5,4.5,5.5
22944,0.424,0,NORMAL,15.5,5.7,5.1,5.8
22945,0.7468,0,WARNING,16.4,8.7,8.0,7.0
22946,0.6031,0,WARNING,16.4,7.5,8.4,7.6
22947,0.3152,0,NORMAL,16.7,5.0,5.4,6.8
22948,0.6493,0,WARNING,16.8,6.3,8.3,9.3
22949,0.7253,0,WARNING,18.1,6.7,11.5,8.7
22950,0.7841,0,WARNING,19.2,6.9,14.3,9.8
22951,0.467,0,NORMAL,18.0,5.2,8.1,5.8
22952,0.4322,0,NORMAL,17.2,5.2,5.0,5.4
22953,0.4099,0,NORMAL,17.2,4.4,5.3,7.2
22954,0.4318,0,NORMAL,17.5,6.3,5.8,5.9
22955,0.4514,0,NORMAL,17.5,4.7,4.5,4.3
22956,0.8305,0,WARNING,17.8,5.3,4.3,5.7
22957,0.4411,0,NORMAL,17.4,5.3,5.5,7.2
22958,0.4514,0,NORMAL,17.7,5.2,5.7,6.8
22959,0.4614,0,NORMAL,17.7,5.5,5.1,3.3
22960,0.4627,0,NORMAL,17.6,5.2,5.5,4.9
22961,0.4629,0,NORMAL,17.6,6.0,5.7,7.0
22962,0.4614,0,NORMAL,17.4,5.8,4.2,4.8
22963,0.4405,0,NORMAL,17.3,4.2,4.0,5.4
22964,0.4416,0,NORMAL,17.6,5.1,5.3,7.1
22965,0.4413,0,NORMAL,17.6,4.6,4.8,6.6
22966,0.4306,0,NORMAL,17.5,4.5,3.9,5.5
22967,0.4414,0,NORMAL,17.4,5.0,5.5,7.1
22968,0.4415,0,NORMAL,17.6,6.2,6.3,5.5
22969,0.4419,0,NORMAL,17.5,5.5,4.7,3.4
22970,0.4426,0,NORMAL,17.6,6.2,6.1,7.3
22971,0.9704,0,WARNING,17.9,5.4,4.6,5.7
22972,0.42,0,NORMAL,17.3,6.1,6.0,4.3
22973,0.6522,0,WARNING,17.4,4.9,5.8,5.3
22974,0.6771,0,WARNING,17.5,7.0,9.1,8.1
22975,0.432,0,NORMAL,17.5,5.7,4.9,4.6
22976,0.4096,0,NORMAL,17.5,5.5,5.1,6.4
22977,0.4202,0,NORMAL,17.5,6.1,5.5,6.7
22978,0.4293,0,NORMAL,17.5,5.6,4.8,3.2
22979,0.6405,0,WARNING,17.5,6.0,5.4,4.6
22980,0.3991,0,NORMAL,17.4,5.7,6.2,7.6
22981,0.3871,0,NORMAL,17.4,5.2,4.6,4.8
22982,0.3986,0,NORMAL,17.3,4.9,5.4,4.1
22983,0.4005,0,NORMAL,17.5,5.0,5.2,5.6
22984,0.3773,0,NORMAL,17.4,5.6,5.7,6.9
22985,0.383,0,NORMAL,17.3,5.4,5.7,5.2
22986,0.83,0,WARNING,17.5,6.3,5.2,4.5
22987,0.3643,0,NORMAL,17.3,4.9,5.1,5.5
22988,0.3885,0,NORMAL,17.4,5.5,5.1,5.7
22989,0.4316,0,NORMAL,17.6,4.8,4.6,5.8
22990,0.4315,0,NORMAL,17.6,5.3,4.9,6.5
22991,0.4085,0,NORMAL,17.5,5.5,5.4,5.6
22992,0.4089,0,NORMAL,17.5,5.8,5.4,4.4
22993,0.4308,0,NORMAL,17.5,5.1,5.1,4.8
22994,0.4418,0,NORMAL,17.6,5.4,6.0,7.2
22995,0.5635,0,NORMAL,17.3,4.8,4.8,5.3
22996,0.4315,0,NORMAL,17.4,6.2,6.4,5.2
22997,0.4318,0,NORMAL,17.5,4.6,4.7,4.4
22998,0.443,0,NORMAL,17.7,5.2,6.0,7.0
22999,0.4423,0,NORMAL,17.7,5.8,5.8,5.1
23000,0.4424,0,NORMAL,17.7,6.3,5.8,4.8
23001,0.831,0,WARNING,17.9,5.7,5.8,6.1
23002,0.4418,0,NORMAL,17.7,5.2,5.3,5.6
23003,0.431,0,NORMAL,17.5,5.9,7.2,6.2
23004,0.4318,0,NORMAL,17.6,4.7,4.9,5.6
23005,0.8021,0,WARNING,17.8,8.6,6.0,6.5
23006,0.4475,0,NORMAL,17.5,6.0,5.8,5.4
23007,0.4494,0,NORMAL,17.5,5.5,5.5,5.4
23008,0.4402,0,NORMAL,17.7,5.1,5.4,5.5
23009,0.4617,0,NORMAL,17.5,6.2,5.9,5.4
23010,0.4814,0,NORMAL,17.7,4.6,5.0,5.3
23011,0.4829,0,NORMAL,17.8,5.6,6.1,5.9
23012,0.4724,0,NORMAL,17.7,5.1,5.4,5.7
23013,0.4725,0,NORMAL,17.8,6.5,6.7,5.9
23014,0.4525,0,NORMAL,17.7,6.9,6.5,5.7
23015,0.441,0,NORMAL,17.6,4.8,6.4,6.4
23016,0.8275,0,WARNING,17.8,6.0,5.9,6.2
23017,0.4205,0,NORMAL,17.4,5.4,5.7,5.4
23018,0.5544,0,NORMAL,17.6,6.8,6.2,6.1
23019,0.442,0,NORMAL,17.7,6.7,6.4,6.8
23020,0.4511,0,NORMAL,17.6,6.8,7.9,6.9
23021,0.4409,0,NORMAL,17.5,6.7,7.2,6.8
23022,0.4409,0,NORMAL,17.7,6.0,6.5,6.8
23023,0.4407,0,NORMAL,17.5,5.6,5.7,5.3
23024,0.4416,0,NORMAL,17.5,5.7,5.9,5.6
23025,0.4422,0,NORMAL,17.7,5.2,5.8,6.1
23026,0.4521,0,NORMAL,17.6,4.7,5.3,5.1
23027,0.4537,0,NORMAL,17.8,4.6,4.9,5.2
23028,0.4532,0,NORMAL,17.8,5.1,5.8,6.1
23029,0.4422,0,NORMAL,18.0,6.3,6.5,6.6
23030,0.4515,0,NORMAL,17.8,5.5,6.3,6.0
23031,0.9701,0,WARNING,18.1,4.9,4.3,4.3
23032,0.4527,0,NORMAL,17.5,4.7,4.3,6.1
23033,0.4519,0,NORMAL,17.8,5.4,6.3,7.9
23034,0.4617,0,NORMAL,17.8,6.1,5.6,3.7
23035,0.4727,0,NORMAL,17.9,5.1,4.8,4.1
23036,0.4828,0,NORMAL,17.9,5.5,5.4,7.3
23037,0.4409,0,NORMAL,17.4,5.6,4.5,5.5
23038,0.4085,0,NORMAL,17.6,4.8,4.9,5.9
23039,0.4094,0,NORMAL,17.5,5.3,4.6,6.3
23040,0.4193,0,NORMAL,17.5,6.1,6.6,5.8
23041,0.4415,0,NORMAL,17.5,4.3,4.1,3.0
23042,0.4538,0,NORMAL,17.5,4.7,4.6,6.7
23043,0.4425,0,NORMAL,17.4,4.6,5.4,7.0
23044,0.4215,0,NORMAL,17.6,5.7,4.9,6.2
23045,0.431,0,NORMAL,17.4,5.1,5.0,6.4
23046,0.8274,0,WARNING,17.9,5.7,5.1,6.2
23047,0.508,0,NORMAL,17.7,4.6,4.1,5.7
23048,0.4311,0,NORMAL,17.6,5.4,4.5,6.0
23049,0.4303,0,NORMAL,17.5,4.6,3.9,5.4
23050,0.4417,0,NORMAL,17.7,5.2,4.9,6.6
23051,0.4512,0,NORMAL,17.7,5.7,5.2,6.7
23052,0.461,0,NORMAL,17.7,5.2,4.4,6.2
23053,0.4604,0,NORMAL,17.7,5.9,6.3,7.7
23054,0.4503,0,NORMAL,17.7,4.9,5.0,3.3
23055,0.4527,0,NORMAL,17.7,6.0,5.9,4.4
23056,0.4532,0,NORMAL,17.7,5.2,5.3,6.3
23057,0.4528,0,NORMAL,17.8,6.2,5.0,6.0
23058,0.4517,0,NORMAL,17.8,5.1,5.6,5.1
23059,0.4529,0,NORMAL,17.8,6.0,5.2,4.2
23060,0.453,0,NORMAL,17.5,4.8,4.8,5.3
23061,0.971,0,WARNING,18.3,6.8,5.2,7.2
23062,0.4412,0,NORMAL,17.8,5.4,5.4,4.9
23063,0.442,0,NORMAL,17.8,5.5,5.7,3.9
23064,0.443,0,NORMAL,17.7,4.8,4.4,5.2
23065,0.7813,0,WARNING,17.8,8.3,4.7,6.1
23066,0.4682,0,NORMAL,17.7,6.1,6.0,7.4
23067,0.4484,0,NORMAL,17.6,5.5,5.3,3.8
23068,0.4411,0,NORMAL,17.7,5.3,4.6,4.8
23069,0.4413,0,NORMAL,17.8,5.5,5.2,6.8
23070,0.4508,0,NORMAL,17.7,5.4,4.5,5.6
23071,0.4521,0,NORMAL,17.7,4.0,4.6,6.8
23072,0.4818,0,NORMAL,17.7,5.2,5.3,6.5
23073,0.4915,0,NORMAL,18.0,5.5,5.6,6.8
23074,0.4614,0,NORMAL,17.8,6.6,4.8,5.3
23075,0.4405,0,NORMAL,17.8,5.0,4.8,6.5
23076,0.8257,0,WARNING,17.9,5.3,4.2,5.3
23077,0.4516,0,NORMAL,17.9,5.0,5.4,7.0
23078,0.4512,0,NORMAL,17.9,5.5,4.5,5.5
23079,0.4615,0,NORMAL,17.9,5.5,5.4,6.0
23080,0.4615,0,NORMAL,17.9,7.0,5.5,5.4
23081,0.4503,0,NORMAL,17.9,7.3,7.2,6.7
23082,0.4597,0,NORMAL,17.9,5.3,5.9,4.9
23083,0.452,0,NORMAL,17.9,6.9,6.0,6.0
23084,0.451,0,NORMAL,17.7,6.2,7.2,5.8
23085,0.4526,0,NORMAL,17.9,7.3,7.1,4.7
23086,0.4525,0,NORMAL,17.9,6.5,6.6,5.1
23087,0.453,0,NORMAL,17.9,7.8,8.1,6.1
23088,0.4421,0,NORMAL,17.9,6.9,7.4,6.1
23089,0.4625,0,NORMAL,17.6,5.9,5.3,4.0
23090,0.4535,0,NORMAL,17.8,5.8,5.4,6.4
23091,0.8269,0,WARNING,17.9,6.2,5.0,5.1
23092,0.431,0,NORMAL,17.8,6.7,7.7,6.7
23093,0.4417,0,NORMAL,18.0,5.9,5.9,4.3
23094,0.4634,0,NORMAL,18.0,5.3,4.5,5.3
23095,0.4723,0,NORMAL,17.8,6.2,7.0,7.3
23096,0.472,0,NORMAL,18.0,6.7,5.3,3.3
23097,0.4914,0,NORMAL,18.2,7.2,6.8,5.3
23098,0.5098,0,NORMAL,18.2,7.2,7.6,5.9
23099,0.5008,0,NORMAL,18.0,6.2,6.2,4.6
23100,0.4922,0,NORMAL,17.9,6.9,6.7,5.6
23101,0.4726,0,NORMAL,17.9,6.0,5.5,5.4
23102,0.4521,0,NORMAL,17.7,6.5,7.4,5.6
23103,0.4428,0,NORMAL,17.7,5.6,5.8,4.1
23104,0.4644,0,NORMAL,18.0,6.7,7.0,6.3
23105,0.4828,0,NORMAL,17.9,5.9,5.2,4.7
23106,0.8281,0,WARNING,18.1,6.4,5.9,6.7
23107,0.4815,0,NORMAL,17.8,6.7,6.2,6.2
23108,0.5003,0,NORMAL,18.0,5.4,6.1,4.4
23109,0.493,0,NORMAL,18.1,7.6,7.3,5.3
23110,0.4727,0,NORMAL,18.0,6.2,5.8,5.2
23111,0.4626,0,NORMAL,18.1,6.9,6.9,6.0
23112,0.4415,0,NORMAL,17.7,6.8,6.1,4.3
23113,0.4416,0,NORMAL,17.9,5.9,6.6,5.3
23114,0.4428,0,NORMAL,17.7,5.5,5.3,5.9
23115,0.4321,0,NORMAL,17.9,5.2,5.0,5.8
23116,0.4315,0,NORMAL,17.9,6.1,6.1,6.8
23117,0.441,0,NORMAL,17.6,5.0,4.9,3.7
23118,0.453,0,NORMAL,18.0,5.8,5.6,6.1
23119,0.4525,0,NORMAL,17.8,5.7,5.7,6.1
23120,0.4624,0,NORMAL,18.1,5.9,6.1,4.8
23121,0.4528,0,NORMAL,18.0,7.4,7.7,5.5
23122,0.432,0,NORMAL,17.8,5.3,6.0,5.9
23123,0.4322,0,NORMAL,17.8,6.0,5.6,4.9
23124,0.4528,0,NORMAL,17.9,6.7,6.3,5.5
23125,0.4819,0,NORMAL,17.8,5.6,5.9,5.9
23126,0.532,0,NORMAL,18.0,6.7,5.2,5.7
23127,0.4503,0,NORMAL,17.8,5.1,4.6,4.9
23128,0.4513,0,NORMAL,17.9,6.3,5.8,5.4
23129,0.7434,0,WARNING,17.9,7.6,4.7,5.0
23130,0.4482,0,NORMAL,17.9,6.6,5.4,5.7
23131,0.4392,0,NORMAL,17.8,6.0,5.8,5.4
23132,0.451,0,NORMAL,18.2,6.8,7.7,6.5
23133,0.4615,0,NORMAL,18.0,5.7,4.9,4.2
23134,0.4725,0,NORMAL,18.2,7.0,6.7,5.9
23135,0.4713,0,NORMAL,18.1,6.0,6.4,5.3
23136,0.8264,0,WARNING,18.3,6.4,5.9,5.2
23137,0.463,0,NORMAL,18.0,6.5,5.7,5.2
23138,0.4525,0,NORMAL,18.0,6.6,6.1,5.7
23139,0.4645,0,NORMAL,18.0,5.9,5.2,5.8
23140,0.4621,0,NORMAL,18.1,6.3,5.7,5.9
23141,0.4912,0,NORMAL,18.2,7.4,5.8,5.7
23142,0.4393,0,NORMAL,18.0,6.3,5.9,6.2
23143,0.4294,0,NORMAL,18.0,7.0,7.5,6.7
23144,0.4297,0,NORMAL,17.7,6.1,6.2,4.1
23145,0.4424,0,NORMAL,17.9,6.0,5.6,4.5
23146,0.463,0,NORMAL,18.0,5.9,5.8,5.4
23147,0.4634,0,NORMAL,18.1,6.5,6.8,6.4
23148,0.4723,0,NORMAL,18.1,6.4,6.2,5.2
23149,0.4823,0,NORMAL,18.2,6.1,6.4,4.4
23150,0.4734,0,NORMAL,17.9,6.0,5.8,5.4
23151,0.828,0,WARNING,18.3,7.4,7.1,6.5
23152,0.452,0,NORMAL,18.0,5.9,5.9,4.7
23153,0.4528,0,NORMAL,17.7,5.4,5.2,4.3
23154,0.4635,0,NORMAL,17.9,6.3,6.1,6.4
23155,0.4727,0,NORMAL,18.1,7.7,7.7,6.3
23156,0.4715,0,NORMAL,18.1,7.1,6.1,3.8
23157,0.4621,0,NORMAL,17.9,5.9,5.1,4.7
23158,0.4419,0,NORMAL,18.0,5.4,6.0,6.1
23159,0.4211,0,NORMAL,17.8,6.1,6.3,6.4
23160,0.431,0,NORMAL,18.0,6.3,6.5,4.8
23161,0.4422,0,NORMAL,18.0,6.7,7.6,5.1
23162,0.4631,0,NORMAL,17.9,7.3,8.4,6.4
23163,0.4926,0,NORMAL,18.2,6.6,6.6,5.3
23164,0.4822,0,NORMAL,18.2,5.5,6.1,4.8
23165,0.4634,0,NORMAL,18.0,5.6,4.7,4.7
23166,0.8304,0,WARNING,18.2,6.4,5.1,4.6
23167,0.452,0,NORMAL,17.9,5.7,7.1,7.2
23168,0.4424,0,NORMAL,17.9,6.8,6.3,4.3
23169,0.453,0,NORMAL,18.1,7.1,6.2,4.7
23170,0.4625,0,NORMAL,17.9,6.0,6.2,5.8
23171,0.4762,0,NORMAL,18.0,6.9,5.8,6.1
23172,0.4507,0,NORMAL,18.2,7.6,7.8,6.8
23173,0.4509,0,NORMAL,17.8,5.3,4.9,3.3
23174,0.4634,0,NORMAL,18.1,6.2,6.3,5.7
23175,0.4729,0,NORMAL,17.9,6.2,6.1,5.2
23176,0.4633,0,NORMAL,18.0,4.6,4.8,5.3
23177,0.4429,0,NORMAL,17.9,5.9,6.0,6.5
23178,0.4312,0,NORMAL,17.9,6.6,6.4,5.8
23179,0.4421,0,NORMAL,17.9,6.3,5.5,4.3
23180,0.4522,0,NORMAL,17.8,5.4,5.4,6.4
23181,0.4528,0,NORMAL,18.1,6.0,5.0,5.1
23182,0.4423,0,NORMAL,17.8,6.2,6.0,6.2
23183,0.4524,0,NORMAL,17.9,6.0,6.1,5.7
23184,0.453,0,NORMAL,18.0,5.5,4.0,4.3
23185,0.8147,0,WARNING,18.1,8.9,4.7,5.1
23186,0.4578,0,NORMAL,18.1,5.6,6.0,6.4
23187,0.4393,0,NORMAL,18.0,7.9,8.4,6.1
23188,0.4297,0,NORMAL,17.9,5.9,5.7,4.1
23189,0.4312,0,NORMAL,17.7,6.4,5.1,4.4
23190,0.4418,0,NORMAL,18.1,6.2,6.6,6.3
23191,0.4626,0,NORMAL,18.0,5.9,5.8,5.2
23192,0.4631,0,NORMAL,17.9,6.1,6.1,5.2
23193,0.4322,0,NORMAL,17.8,5.1,4.3,5.1
23194,0.4428,0,NORMAL,18.1,6.9,6.9,7.0
23195,0.4616,0,NORMAL,18.2,6.8,6.6,4.4
23196,0.9702,0,WARNING,18.5,7.6,4.3,3.5
23197,0.4819,0,NORMAL,18.2,5.0,5.2,5.2
23198,0.4923,0,NORMAL,18.3,6.5,6.2,6.7
23199,0.5006,0,NORMAL,18.4,6.2,6.4,6.1
23200,0.501,0,NORMAL,18.3,6.5,6.3,4.5
23201,0.5452,0,NORMAL,17.9,7.6,6.0,4.1
23202,0.4616,0,NORMAL,18.1,6.0,6.7,6.2
23203,0.4724,0,NORMAL,18.2,5.5,4.9,4.9
23204,0.4917,0,NORMAL,18.3,5.6,5.0,5.4
23205,0.4917,0,NORMAL,18.4,7.2,7.8,6.7
23206,0.4519,0,NORMAL,17.9,6.0,5.9,4.1
23207,0.4218,0,NORMAL,17.8,5.3,5.9,5.5
23208,0.4113,0,NORMAL,18.0,6.4,6.1,6.0
23209,0.4098,0,NORMAL,17.7,6.3,6.0,4.5
23210,0.4323,0,NORMAL,17.9,6.3,6.8,6.2
23211,0.826,0,WARNING,18.2,6.0,5.6,6.0
23212,0.4317,0,NORMAL,17.9,5.9,5.8,4.7
23213,0.4425,0,NORMAL,18.0,6.4,5.5,5.7
23214,0.4526,0,NORMAL,17.7,6.2,5.5,5.0
23215,0.4631,0,NORMAL,17.9,6.3,6.0,6.6
23216,0.4837,0,NORMAL,18.1,7.4,6.8,6.0
23217,0.4502,0,NORMAL,18.1,5.3,4.9,3.4
23218,0.4629,0,NORMAL,18.0,5.8,5.7,4.9
23219,0.4528,0,NORMAL,17.8,5.9,5.9,6.1
23220,0.4526,0,NORMAL,18.0,5.8,5.5,5.7
23221,0.4624,0,NORMAL,18.1,5.4,5.5,5.4
23222,0.4824,0,NORMAL,18.1,5.6,5.3,5.5
23223,0.472,0,NORMAL,18.2,6.2,5.8,6.1
23224,0.4715,0,NORMAL,18.2,5.6,5.5,5.4
23225,0.4726,0,NORMAL,18.0,5.7,5.1,5.1
23226,0.8275,0,WARNING,18.4,6.7,7.0,6.9
23227,0.472,0,NORMAL,18.2,7.8,7.5,5.0
23228,0.4817,0,NORMAL,18.3,7.3,7.5,5.2
23229,0.5012,0,NORMAL,18.3,7.0,7.2,6.5
23230,0.5004,0,NORMAL,18.2,5.6,6.0,5.0
23231,0.4729,0,NORMAL,18.1,6.3,5.0,5.2
23232,0.5212,0,NORMAL,18.1,6.8,6.7,6.2
23233,0.4505,0,NORMAL,17.9,6.0,6.8,5.1
23234,0.4529,0,NORMAL,18.2,6.1,6.8,5.1
23235,0.4529,0,NORMAL,18.2,8.8,9.8,7.7
23236,0.4513,0,NORMAL,17.9,6.7,7.7,6.1
23237,0.4529,0,NORMAL,18.0,6.6,7.2,6.0
23238,0.4527,0,NORMAL,18.2,7.5,8.6,6.5
23239,0.452,0,NORMAL,18.1,7.4,8.4,7.0
23240,0.4723,0,NORMAL,18.2,8.4,10.6,7.8
23241,0.8171,0,WARNING,18.7,8.9,9.7,7.5
23242,0.4809,0,NORMAL,18.4,7.5,8.0,6.2
23243,0.5001,0,NORMAL,18.4,7.6,8.3,6.4
23244,0.5187,0,NORMAL,18.3,9.0,10.9,8.5
23245,0.5363,0,NORMAL,18.6,8.7,10.0,7.4
23246,0.9945,0,ANOMALY,18.6,10.0,11.4,8.9
23247,0.4982,0,NORMAL,18.4,8.8,10.2,7.8
23248,0.508,0,NORMAL,18.5,8.2,9.1,7.1
23249,0.7919,0,WARNING,18.5,10.6,8.8,7.1
23250,0.4955,0,NORMAL,18.3,7.5,9.0,7.1
23251,0.4986,0,NORMAL,18.7,9.0,10.9,9.4
23252,0.4979,0,NORMAL,18.4,8.2,10.4,7.7
23253,0.4902,0,NORMAL,18.3,7.2,8.7,7.3
23254,0.4809,0,NORMAL,18.4,9.3,9.2,6.9
23255,0.4703,0,NORMAL,18.3,6.3,8.3,6.8
23256,0.4719,0,NORMAL,18.3,7.1,7.8,6.7
23257,0.4714,0,NORMAL,18.2,7.9,9.2,7.4
23258,0.4906,0,NORMAL,18.4,9.7,11.2,8.2
23259,0.4403,0,NORMAL,18.4,8.7,10.1,8.3
23260,0.4701,0,NORMAL,18.5,7.1,8.8,6.9
23261,0.4878,0,NORMAL,18.6,9.0,10.1,8.5
23262,0.5034,0,NORMAL,18.3,9.9,11.3,8.6
23263,0.3838,0,NORMAL,18.1,7.2,8.5,6.9
23264,0.5127,0,NORMAL,18.2,9.2,11.6,9.0
23265,0.4396,0,NORMAL,18.3,8.1,10.2,8.1
23266,0.4609,0,NORMAL,18.5,8.8,10.4,8.2
23267,0.4606,0,NORMAL,18.4,7.6,8.7,7.1
23268,0.4406,0,NORMAL,18.3,7.3,8.7,7.5
23269,0.4408,0,NORMAL,18.2,7.5,7.8,6.6
23270,0.4403,0,NORMAL,18.2,7.0,8.4,6.9
23271,0.9689,0,WARNING,18.7,7.8,8.0,7.2
23272,0.4609,0,NORMAL,18.4,7.5,8.8,7.6
23273,0.4612,0,NORMAL,18.2,7.2,7.9,6.5
23274,0.4714,0,NORMAL,18.3,7.6,9.7,8.0
23275,0.4716,0,NORMAL,18.5,8.0,10.0,8.0
23276,0.4701,0,NORMAL,18.2,8.2,8.3,6.4
23277,0.4704,0,NORMAL,18.2,8.6,9.5,7.9
23278,0.4702,0,NORMAL,18.6,8.3,10.2,8.4
23279,0.4605,0,NORMAL,18.3,7.4,8.7,7.3
23280,0.4403,0,NORMAL,18.2,6.8,8.6,8.2
23281,0.4511,0,NORMAL,18.2,8.2,10.2,7.2
23282,0.4518,0,NORMAL,18.5,7.5,9.5,8.8
23283,0.43,0,NORMAL,18.3,7.4,8.4,7.1
23284,0.4192,0,NORMAL,18.1,8.1,10.0,7.9
23285,0.4406,0,NORMAL,18.5,7.6,9.1,7.9
23286,0.9681,0,WARNING,18.9,9.5,8.5,6.6
23287,0.4501,0,NORMAL,18.3,7.7,9.6,8.8
23288,0.4405,0,NORMAL,18.5,6.9,8.2,6.8
23289,0.8167,0,WARNING,18.7,8.9,9.8,7.7
23290,0.4606,0,NORMAL,18.5,8.0,9.7,8.0
23291,0.578,0,NORMAL,18.7,9.9,9.9,7.5
23292,0.4787,0,NORMAL,18.5,6.9,8.3,7.3
23293,0.48,0,NORMAL,18.5,8.2,8.0,6.4
23294,0.4803,0,NORMAL,18.5,7.3,8.4,7.1
23295,0.4706,0,NORMAL,18.5,7.8,9.5,7.6
23296,0.4608,0,NORMAL,18.5,8.2,9.6,7.9
23297,0.4503,0,NORMAL,18.4,7.4,9.0,7.4
23298,0.4611,0,NORMAL,18.5,7.4,7.9,7.0
23299,0.4806,0,NORMAL,18.7,8.0,9.0,7.8
23300,0.4806,0,NORMAL,18.4,8.4,10.6,8.5
23301,0.813,0,WARNING,18.7,8.3,8.4,6.4
23302,0.4709,0,NORMAL,18.5,7.7,8.8,7.5
23303,0.4405,0,NORMAL,18.5,7.8,9.4,7.6
23304,0.4611,0,NORMAL,18.6,9.3,10.6,8.6
23305,0.7454,0,WARNING,18.6,9.9,8.7,7.1
23306,0.543,0,NORMAL,18.4,8.9,8.8,6.9
23307,0.4721,0,NORMAL,18.2,9.1,10.9,9.1
23308,0.3939,0,NORMAL,18.3,7.5,9.4,7.6
23309,0.429,0,NORMAL,18.3,8.8,9.5,8.3
23310,0.4186,0,NORMAL,18.3,7.9,9.2,7.1
23311,0.4195,0,NORMAL,18.2,8.4,9.5,7.8
23312,0.451,0,NORMAL,18.4,8.7,9.1,6.4
23313,0.4613,0,NORMAL,18.3,5.6,7.5,7.1
23314,0.4416,0,NORMAL,18.3,7.7,9.7,7.5
23315,0.4522,0,NORMAL,18.5,7.4,8.2,7.3
23316,0.9686,0,WARNING,19.0,9.9,10.6,8.0
23317,0.44,0,NORMAL,18.4,7.7,8.4,6.8
23318,0.4605,0,NORMAL,18.5,7.2,8.9,7.0
23319,0.4811,0,NORMAL,18.5,8.9,10.5,8.0
23320,0.4805,0,NORMAL,18.4,7.1,8.2,7.0
23321,0.4615,0,NORMAL,18.6,9.2,9.5,7.4
23322,0.4702,0,NORMAL,18.7,9.1,10.7,8.2
23323,0.4597,0,NORMAL,18.5,7.8,10.0,8.1
23324,0.451,0,NORMAL,18.6,8.2,9.3,7.2
23325,0.4651,0,NORMAL,18.5,8.9,10.6,7.8
23326,0.4404,0,NORMAL,18.2,7.8,8.7,7.3
23327,0.471,0,NORMAL,18.4,7.3,9.6,6.9
23328,0.4919,0,NORMAL,18.7,8.1,8.8,7.1
23329,0.4715,0,NORMAL,18.7,8.6,9.3,7.2
23330,0.4512,0,NORMAL,18.4,7.7,9.0,7.6
23331,0.9682,0,WARNING,18.9,8.3,8.7,6.9
23332,0.4711,0,NORMAL,18.6,8.0,9.3,7.9
23333,0.4806,0,NORMAL,18.7,7.4,8.1,7.0
23334,0.4707,0,NORMAL,18.7,7.9,9.0,7.3
23335,0.4802,0,NORMAL,18.9,7.8,10.2,8.1
23336,0.4714,0,NORMAL,18.5,8.1,8.6,6.8
23337,0.4609,0,NORMAL,18.7,9.4,10.1,7.6
23338,0.4698,0,NORMAL,18.7,8.8,10.6,8.0
23339,0.4901,0,NORMAL,18.6,8.8,10.1,8.2
23340,0.4802,0,NORMAL,18.7,6.8,8.0,6.8
23341,0.4614,0,NORMAL,18.6,6.7,7.1,6.4
23342,0.441,0,NORMAL,18.6,7.5,8.1,6.7
23343,0.43,0,NORMAL,18.4,6.4,8.5,8.3
23344,0.4413,0,NORMAL,18.2,5.8,6.2,5.6
23345,0.4627,0,NORMAL,18.6,5.9,6.5,6.7
23346,0.8223,0,WARNING,18.8,7.0,6.7,6.8
23347,0.4611,0,NORMAL,18.6,6.6,7.7,6.3
23348,0.528,0,NORMAL,18.9,6.4,6.5,6.4
23349,0.5278,0,NORMAL,18.7,5.7,7.2,7.3
23350,0.452,0,NORMAL,18.5,6.3,6.5,5.9
23351,0.4414,0,NORMAL,18.4,6.4,6.7,6.4
23352,0.4306,0,NORMAL,18.5,6.7,7.0,6.5
23353,0.4305,0,NORMAL,18.5,6.4,6.7,5.8
23354,0.4413,0,NORMAL,18.4,5.9,6.1,5.7
23355,0.431,0,NORMAL,18.6,6.3,7.2,7.5
23356,0.4414,0,NORMAL,18.3,5.9,7.0,6.8
23357,0.4519,0,NORMAL,18.6,6.3,7.3,7.3
23358,0.4616,0,NORMAL,18.6,6.5,6.6,6.4
23359,0.4813,0,NORMAL,18.7,6.8,7.8,7.4
23360,0.4713,0,NORMAL,18.6,6.8,7.7,8.0
23361,0.8149,0,WARNING,18.8,7.1,7.7,6.9
23362,0.4402,0,NORMAL,18.6,6.5,8.4,7.5
23363,0.4305,0,NORMAL,18.5,5.5,6.5,6.7
23364,0.4411,0,NORMAL,18.4,6.0,6.7,6.1
23365,0.8449,0,WARNING,18.7,10.1,7.7,7.8
23366,0.4356,0,NORMAL,18.4,6.2,7.5,6.9
23367,0.4281,0,NORMAL,18.5,6.5,6.2,6.3
23368,0.4389,0,NORMAL,18.7,6.7,7.8,8.1
23369,0.4397,0,NORMAL,18.4,6.8,6.9,6.3
23370,0.4501,0,NORMAL,18.3,5.1,6.2,6.1
23371,0.4524,0,NORMAL,18.3,6.3,6.5,6.6
23372,0.4414,0,NORMAL,18.6,6.3,8.1,7.4
23373,0.4414,0,NORMAL,18.5,6.2,6.6,6.4
23374,0.4518,0,NORMAL,18.4,6.5,7.4,7.4
23375,0.4411,0,NORMAL,18.6,7.1,8.0,7.4
23376,0.8198,0,WARNING,18.8,7.7,8.8,8.2
23377,0.4401,0,NORMAL,18.5,5.8,5.9,6.2
23378,0.4404,0,NORMAL,18.5,6.1,6.9,6.8
23379,0.4408,0,NORMAL,18.6,6.9,8.0,7.4
23380,0.4511,0,NORMAL,18.5,5.8,6.0,6.0
23381,0.4512,0,NORMAL,18.5,7.7,9.6,9.0
23382,0.4395,0,NORMAL,18.5,6.7,7.4,7.8
23383,0.4184,0,NORMAL,18.7,6.4,8.2,8.4
23384,0.4293,0,NORMAL,18.8,7.9,9.4,8.2
23385,0.4942,0,NORMAL,18.8,7.1,9.1,9.6
23386,0.4498,0,NORMAL,18.5,6.9,8.1,7.5
23387,0.4403,0,NORMAL,18.5,6.8,8.1,7.6
23388,0.4513,0,NORMAL,18.8,6.7,7.6,7.8
23389,0.4404,0,NORMAL,18.5,7.0,8.3,8.1
23390,0.44,0,NORMAL,18.7,7.5,7.5,6.5
23391,0.8174,0,WARNING,19.0,7.0,9.0,9.0
23392,0.4404,0,NORMAL,18.8,7.1,8.1,7.4
23393,0.4189,0,NORMAL,18.7,6.8,7.3,7.0
23394,0.4403,0,NORMAL,18.5,6.1,6.9,7.0
23395,0.565,0,NORMAL,18.8,7.3,9.3,8.6
23396,0.4681,0,NORMAL,18.8,7.5,7.3,7.6
23397,0.4282,0,NORMAL,18.7,8.1,8.1,7.0
23398,0.4397,0,NORMAL,18.8,5.8,7.2,6.9
23399,0.4507,0,NORMAL,18.5,6.9,8.4,7.7
23400,0.4509,0,NORMAL,18.7,6.8,8.3,7.9
23401,0.4505,0,NORMAL,18.5,6.2,7.6,7.1
23402,0.4413,0,NORMAL,18.6,7.2,9.1,8.4
23403,0.4512,0,NORMAL,18.7,6.0,7.5,7.6
23404,0.4514,0,NORMAL,18.5,5.7,6.6,6.5
23405,0.4519,0,NORMAL,18.8,7.0,8.7,8.8
23406,0.8156,0,WARNING,18.9,7.4,8.5,7.7
23407,0.4502,0,NORMAL,18.6,6.8,8.6,7.7
23408,0.451,0,NORMAL,18.8,6.8,8.1,7.8
23409,0.4608,0,NORMAL,18.6,6.7,7.7,7.8
23410,0.4804,0,NORMAL,19.0,7.7,9.0,8.1
23411,0.4802,0,NORMAL,18.9,6.2,7.4,7.7
23412,0.4605,0,NORMAL,18.8,6.2,6.6,6.6
23413,0.4603,0,NORMAL,18.6,5.1,6.5,6.3
23414,0.4518,0,NORMAL,18.8,6.9,7.4,7.2
23415,0.4299,0,NORMAL,18.7,6.0,7.0,6.9
23416,0.4411,0,NORMAL,18.8,7.0,8.9,7.9
23417,0.4411,0,NORMAL,18.7,7.3,8.0,8.2
23418,0.4398,0,NORMAL,18.7,6.7,8.3,7.7
23419,0.4508,0,NORMAL,18.7,6.4,8.5,8.3
23420,0.451,0,NORMAL,18.8,6.9,7.8,7.1
23421,0.8158,0,WARNING,19.0,6.8,8.2,8.3
23422,0.4505,0,NORMAL,18.6,6.5,7.6,7.4
23423,0.4406,0,NORMAL,18.7,6.9,8.6,8.6
23424,0.4294,0,NORMAL,18.5,5.7,6.9,7.0
23425,0.441,0,NORMAL,18.8,7.1,7.8,7.4
23426,0.4508,0,NORMAL,18.9,6.7,7.2,6.9
23427,0.4402,0,NORMAL,19.0,6.6,8.6,8.9
23428,0.4288,0,NORMAL,18.7,6.4,7.0,7.1
23429,0.45,0,NORMAL,18.7,6.5,8.5,8.5
23430,0.7959,0,WARNING,18.9,10.2,8.8,7.9
23431,0.4463,0,NORMAL,18.9,7.2,8.9,8.2
23432,0.4781,0,NORMAL,19.0,6.7,8.6,8.0
23433,0.4791,0,NORMAL,18.7,6.2,8.2,8.5
23434,0.4605,0,NORMAL,18.9,6.5,7.6,7.6
23435,0.4519,0,NORMAL,19.0,9.0,10.9,9.5
23436,0.8066,0,WARNING,19.0,7.5,7.6,7.8
23437,0.4499,0,NORMAL,18.9,7.2,8.2,8.3
23438,0.449,0,NORMAL,19.0,7.0,9.4,8.6
23439,0.4502,0,NORMAL,18.9,7.0,9.0,9.1
23440,0.4499,0,NORMAL,19.0,7.0,8.0,8.6
23441,0.4492,0,NORMAL,18.8,6.1,7.2,7.5
23442,0.4497,0,NORMAL,19.0,7.8,8.4,8.0
23443,0.4382,0,NORMAL,18.7,6.8,8.7,8.0
23444,0.4396,0,NORMAL,18.9,6.9,9.0,8.2
23445,0.429,0,NORMAL,18.9,6.9,9.1,8.6
23446,0.4186,0,NORMAL,18.9,6.8,7.7,7.8
23447,0.4399,0,NORMAL,18.6,6.3,7.7,7.4
23448,0.4408,0,NORMAL,19.0,6.7,8.5,8.2
23449,0.4507,0,NORMAL,18.9,6.0,7.4,7.1
23450,0.4512,0,NORMAL,18.9,6.8,8.1,7.4
23451,0.8181,0,WARNING,19.2,7.0,8.1,7.8
23452,0.4504,0,NORMAL,19.1,6.5,8.4,8.4
23453,0.4499,0,NORMAL,18.9,5.3,6.4,6.9
23454,0.4612,0,NORMAL,18.7,5.7,7.0,6.8
23455,0.4719,0,NORMAL,19.1,6.8,7.7,7.5
23456,0.4714,0,NORMAL,19.1,7.4,8.8,8.4
23457,0.549,0,NORMAL,19.0,8.1,8.2,8.2
23458,0.4482,0,NORMAL,19.0,7.3,7.2,7.6
23459,0.4594,0,NORMAL,18.9,6.8,6.8,6.4
23460,0.4507,0,NORMAL,19.0,6.4,8.0,8.3
23461,0.4608,0,NORMAL,18.9,8.2,9.5,8.0
23462,0.4803,0,NORMAL,19.0,6.1,7.2,7.1
23463,0.4513,0,NORMAL,19.0,6.9,7.9,7.9
23464,0.4187,0,NORMAL,19.0,6.3,9.0,8.9
23465,0.4406,0,NORMAL,19.0,7.4,7.6,7.8
23466,0.8141,0,WARNING,19.3,7.2,8.2,7.6
23467,0.4397,0,NORMAL,19.0,6.4,8.7,8.0
23468,0.4298,0,NORMAL,18.9,6.4,7.2,7.5
23469,0.4401,0,NORMAL,19.1,6.1,8.1,8.2
23470,0.4505,0,NORMAL,19.0,6.2,6.9,7.3
23471,0.4602,0,NORMAL,19.1,6.8,7.3,7.3
23472,0.4498,0,NORMAL,18.8,7.4,8.4,8.0
23473,0.4287,0,NORMAL,18.8,5.9,7.7,7.8
23474,0.4509,0,NORMAL,18.9,7.0,8.9,8.2
23475,0.4613,0,NORMAL,19.2,7.4,8.7,9.0
23476,0.4698,0,NORMAL,19.4,6.6,9.4,9.3
23477,0.4704,0,NORMAL,18.9,7.1,9.1,8.2
23478,0.4606,0,NORMAL,19.1,7.0,8.4,9.5
23479,0.4395,0,NORMAL,18.8,6.8,8.2,7.9
23480,0.4502,0,NORMAL,19.0,5.5,6.8,7.5
23481,0.4508,0,NORMAL,19.0,6.1,6.9,7.3
23482,0.4512,0,NORMAL,19.0,6.0,7.1,6.8
23483,0.4515,0,NORMAL,18.8,6.1,6.7,7.1
23484,0.4513,0,NORMAL,19.0,6.9,8.1,7.9
23485,0.8245,0,WARNING,19.2,10.4,7.9,7.0
23486,0.4763,0,NORMAL,19.2,7.1,8.4,8.5
23487,0.5041,0,NORMAL,18.9,8.0,8.4,8.1
23488,0.4479,0,NORMAL,19.0,6.4,7.0,6.8
23489,0.4501,0,NORMAL,18.9,6.3,6.8,7.3
23490,0.45,0,NORMAL,19.1,7.0,9.2,8.0
23491,0.4402,0,NORMAL,19.2,6.7,9.3,9.3
23492,0.4296,0,NORMAL,19.0,6.2,7.5,7.7
23493,0.4402,0,NORMAL,19.1,6.8,8.2,7.4
23494,0.4405,0,NORMAL,19.1,7.3,8.7,8.8
23495,0.4393,0,NORMAL,19.1,6.5,7.4,7.1
23496,0.8155,0,WARNING,19.3,7.5,8.6,8.1
23497,0.4398,0,NORMAL,18.9,6.5,8.4,9.0
23498,0.4399,0,NORMAL,19.1,7.3,8.8,7.7
23499,0.4292,0,NORMAL,19.1,6.9,8.1,8.3
23500,0.5409,0,NORMAL,19.1,6.5,8.3,8.0
23501,0.5277,0,NORMAL,18.9,6.8,7.9,7.4
23502,0.4501,0,NORMAL,18.9,7.1,8.2,8.5
23503,0.4497,0,NORMAL,19.0,6.8,8.9,8.8
23504,0.4399,0,NORMAL,19.1,6.3,7.1,8.3
23505,0.4287,0,NORMAL,19.1,6.5,8.0,7.3
23506,0.4504,0,NORMAL,19.3,8.3,10.8,10.1
23507,0.4496,0,NORMAL,18.9,7.0,8.7,8.1
23508,0.4505,0,NORMAL,18.8,6.4,7.7,7.4
23509,0.4405,0,NORMAL,18.9,6.5,8.6,8.9
23510,0.4409,0,NORMAL,19.0,7.1,9.4,8.8
23511,0.8121,0,WARNING,19.3,7.7,8.4,8.6
23512,0.4497,0,NORMAL,19.2,5.7,7.2,7.1
23513,0.4405,0,NORMAL,18.9,7.3,9.7,9.2
23514,0.4402,0,NORMAL,18.9,7.0,9.0,8.8
23515,0.4504,0,NORMAL,19.2,6.8,9.0,8.8
23516,0.4398,0,NORMAL,19.0,7.9,9.4,8.9
23517,0.4175,0,NORMAL,19.1,7.3,8.5,8.6
23518,0.4278,0,NORMAL,19.1,7.1,9.4,8.4
23519,0.4395,0,NORMAL,18.8,6.4,8.0,8.3
23520,0.4503,0,NORMAL,19.2,6.9,8.7,8.4
23521,0.4501,0,NORMAL,19.1,6.5,8.2,7.4
23522,0.4404,0,NORMAL,19.2,7.1,9.1,9.2
23523,0.4293,0,NORMAL,19.2,6.5,7.9,8.1
23524,0.4501,0,NORMAL,19.2,7.0,8.9,8.5
23525,0.536,0,NORMAL,19.1,9.4,11.8,8.8
23526,0.8079,0,WARNING,19.6,9.9,11.4,8.2
23527,0.4699,0,NORMAL,19.4,6.9,9.0,8.2
23528,0.4504,0,NORMAL,19.2,7.8,9.3,9.2
23529,0.4395,0,NORMAL,19.2,7.0,8.6,7.9
23530,0.45,0,NORMAL,19.0,7.8,9.3,9.3
23531,0.4491,0,NORMAL,19.0,8.3,10.0,8.3
23532,0.4598,0,NORMAL,19.3,8.0,9.5,8.7
23533,0.4596,0,NORMAL,19.3,8.5,9.9,8.1
23534,0.4596,0,NORMAL,19.3,7.7,9.6,8.5
23535,0.4604,0,NORMAL,19.3,7.6,9.0,7.7
23536,0.4401,0,NORMAL,19.2,7.7,8.9,7.7
23537,0.4502,0,NORMAL,19.2,7.0,8.6,8.6
23538,0.4879,0,NORMAL,19.3,9.9,11.2,9.6
23539,0.4284,0,NORMAL,19.3,7.0,9.1,8.7
23540,0.4499,0,NORMAL,19.3,8.8,10.7,8.6
23541,0.8081,0,WARNING,19.6,8.2,9.9,9.0
23542,0.4593,0,NORMAL,19.1,7.1,9.1,7.9
23543,0.4604,0,NORMAL,19.1,7.5,8.1,7.3
23544,0.4607,0,NORMAL,19.2,8.0,10.9,9.2
23545,0.8248,0,WARNING,19.4,11.3,9.9,8.4
23546,0.5198,0,NORMAL,19.4,9.4,10.4,8.6
23547,0.5543,0,NORMAL,19.2,9.0,12.2,9.2
23548,0.4382,0,NORMAL,19.4,8.2,9.6,8.7
23549,0.564,0,NORMAL,19.5,9.8,12.4,8.8
23550,0.47,0,NORMAL,19.3,8.0,9.9,9.7
23551,0.4694,0,NORMAL,19.3,7.4,10.1,8.0
23552,0.4709,0,NORMAL,19.4,7.8,10.0,9.6
23553,0.46,0,NORMAL,19.5,8.6,10.6,8.8
23554,0.4491,0,NORMAL,19.1,7.4,9.0,7.3
23555,0.4604,0,NORMAL,19.4,8.5,10.3,8.6
23556,0.5697,0,NORMAL,19.6,10.1,12.5,9.6
23557,0.4598,0,NORMAL,19.2,7.6,8.7,7.5
23558,0.4605,0,NORMAL,19.4,7.9,9.2,7.8
23559,0.4502,0,NORMAL,19.3,8.4,9.6,8.4
23560,0.4507,0,NORMAL,19.3,8.0,9.1,7.8
23561,0.4395,0,NORMAL,19.1,8.1,9.7,8.9
23562,0.4968,0,NORMAL,19.2,8.5,10.0,9.1
23563,0.4493,0,NORMAL,19.4,7.4,9.9,9.2
23564,0.4492,0,NORMAL,19.2,6.9,8.1,7.9
23565,0.4495,0,NORMAL,19.2,7.4,8.7,8.3
23566,0.4386,0,NORMAL,19.0,7.6,9.6,7.6
23567,0.4507,0,NORMAL,19.4,7.3,9.5,9.0
23568,0.4504,0,NORMAL,19.3,7.7,8.3,7.3
23569,0.4602,0,NORMAL,19.4,7.8,10.2,9.0
23570,0.4804,0,NORMAL,19.5,8.3,10.3,8.9
23571,0.8083,0,WARNING,19.7,8.2,8.9,8.6
23572,0.449,0,NORMAL,19.2,6.6,9.2,8.5
23573,0.4503,0,NORMAL,19.2,7.9,9.7,8.5
23574,0.4605,0,NORMAL,19.2,7.1,9.8,8.7
23575,0.4806,0,NORMAL,19.4,7.8,9.5,7.8
23576,0.4811,0,NORMAL,19.5,9.3,10.2,8.4
23577,0.4596,0,NORMAL,19.2,8.1,9.1,8.3
23578,0.4491,0,NORMAL,19.4,8.3,9.9,7.7
23579,0.4568,0,NORMAL,19.0,7.2,8.6,8.9
23580,0.4634,0,NORMAL,19.4,8.8,10.9,8.3
23581,0.4503,0,NORMAL,19.3,6.6,8.5,8.8
23582,0.4501,0,NORMAL,19.2,7.6,9.0,7.3
23583,0.4509,0,NORMAL,19.2,8.0,9.3,7.6
23584,0.4515,0,NORMAL,19.2,8.1,10.0,9.3
23585,0.4505,0,NORMAL,19.3,7.5,8.7,6.1
23586,0.9683,0,WARNING,19.8,9.3,9.7,8.1
23587,0.48,0,NORMAL,19.6,7.9,10.1,8.6
23588,0.4707,0,NORMAL,19.5,8.6,9.9,7.9
23589,0.4506,0,NORMAL,19.4,8.2,9.6,8.5
23590,0.4699,0,NORMAL,19.6,8.4,9.9,8.5
23591,0.4594,0,NORMAL,19.5,7.7,9.2,8.2
23592,0.439,0,NORMAL,19.2,8.2,9.7,8.2
23593,0.5027,0,NORMAL,19.5,8.6,11.7,10.1
23594,0.46,0,NORMAL,19.4,8.8,11.0,8.7
23595,0.4598,0,NORMAL,19.5,7.9,10.1,7.4
23596,0.4612,0,NORMAL,19.4,7.9,8.9,8.0
23597,0.4182,0,NORMAL,19.1,7.4,9.3,7.4
23598,0.3977,0,NORMAL,19.2,7.5,8.7,7.3
23599,0.4302,0,NORMAL,19.1,8.7,9.6,7.9
23600,0.4715,0,NORMAL,19.2,8.2,11.1,9.4
23601,0.8103,0,WARNING,19.6,7.8,8.0,6.8
23602,0.4807,0,NORMAL,19.5,8.1,9.6,7.7
23603,0.4712,0,NORMAL,19.4,7.2,8.0,7.3
23604,0.4708,0,NORMAL,19.5,7.4,8.8,7.3
23605,0.4902,0,NORMAL,19.6,9.0,10.4,8.3
23606,0.5897,0,NORMAL,19.6,10.3,10.5,8.1
23607,0.488,0,NORMAL,19.5,7.6,9.0,7.4
23608,0.4603,0,NORMAL,19.5,7.9,8.8,7.2
23609,0.8124,0,WARNING,19.6,11.4,10.1,7.8
23610,0.4459,0,NORMAL,19.2,7.2,8.1,6.4
23611,0.4848,0,NORMAL,19.3,9.4,11.1,8.6
23612,0.4794,0,NORMAL,19.5,8.7,10.7,8.4
23613,0.4994,0,NORMAL,19.6,8.8,10.4,8.7
23614,0.5085,0,NORMAL,19.5,8.3,10.2,8.4
23615,0.4994,0,NORMAL,19.6,7.6,8.8,6.8
23616,0.9674,0,WARNING,20.1,9.9,10.9,8.3
23617,0.5315,0,NORMAL,19.4,9.7,11.7,8.4
23618,0.4609,0,NORMAL,19.5,9.4,10.0,7.6
23619,0.4896,0,NORMAL,19.5,9.1,10.9,8.1
23620,0.4946,0,NORMAL,19.6,9.7,11.1,8.1
23621,0.6116,0,WARNING,19.4,10.5,10.2,7.4
23622,0.5505,0,NORMAL,19.7,9.4,12.0,8.8
23623,0.4893,0,NORMAL,19.6,8.6,9.2,7.4
23624,0.489,0,NORMAL,19.5,8.2,9.8,7.5
23625,0.5179,0,NORMAL,19.7,7.3,7.6,6.2
23626,0.4907,0,NORMAL,19.4,9.1,9.9,7.4
23627,0.4608,0,NORMAL,19.3,6.7,7.6,6.6
23628,0.5,0,NORMAL,19.7,9.0,11.2,8.9
23629,0.4716,0,NORMAL,19.7,9.5,10.9,8.5
23630,0.4501,0,NORMAL,19.1,5.7,6.2,5.3
23631,0.8189,0,WARNING,19.7,9.0,8.0,7.2
23632,0.5087,0,NORMAL,19.4,6.2,7.5,6.1
23633,0.5012,0,NORMAL,19.4,7.8,8.3,6.2
23634,0.4626,0,NORMAL,19.3,8.1,9.1,7.3
23635,0.4304,0,NORMAL,19.4,7.3,8.6,6.7
23636,0.4414,0,NORMAL,19.1,8.8,9.5,6.5
23637,0.4615,0,NORMAL,19.6,8.5,9.8,7.4
23638,0.4706,0,NORMAL,19.5,7.9,8.6,6.9
23639,0.4997,0,NORMAL,19.4,7.5,9.0,7.1
23640,0.5097,0,NORMAL,19.7,8.0,8.0,5.8
23641,0.4906,0,NORMAL,19.6,7.2,8.7,7.0
23642,0.4816,0,NORMAL,19.4,7.4,8.2,6.9
23643,0.4818,0,NORMAL,19.4,6.9,7.6,5.7
23644,0.4828,0,NORMAL,19.4,6.7,7.2,6.7
23645,0.4625,0,NORMAL,19.5,7.3,8.1,6.1
23646,0.8212,0,WARNING,19.7,9.0,9.3,6.7
23647,0.4815,0,NORMAL,19.6,7.7,8.4,6.7
23648,0.4907,0,NORMAL,19.7,8.4,9.4,6.4
23649,0.5003,0,NORMAL,19.6,8.0,9.1,7.0
23650,0.4912,0,NORMAL,19.7,9.3,10.0,7.2
23651,0.4805,0,NORMAL,19.7,9.9,10.2,8.2
23652,0.4981,0,NORMAL,19.7,8.7,9.5,6.8
23653,0.5082,0,NORMAL,19.7,7.3,7.7,5.9
23654,0.5361,0,NORMAL,19.7,7.1,7.3,5.9
23655,0.5363,0,NORMAL,19.7,7.5,8.6,6.4
23656,0.5459,0,NORMAL,19.8,7.8,7.0,5.4
23657,0.5453,0,NORMAL,19.8,6.3,6.4,5.0
23658,0.5106,0,NORMAL,19.7,7.8,7.9,6.2
23659,0.5011,0,NORMAL,19.6,7.8,7.6,5.5
23660,0.501,0,NORMAL,19.4,6.6,7.1,5.6
23661,0.8243,0,WARNING,19.7,7.7,6.8,5.7
23662,0.4518,0,NORMAL,19.2,6.3,6.4,4.8
23663,0.4432,0,NORMAL,19.2,7.2,7.6,5.6
23664,0.4535,0,NORMAL,19.4,6.7,7.0,5.8
23665,0.8668,0,WARNING,19.6,11.8,8.1,5.6
23666,0.4963,0,NORMAL,19.6,7.6,7.4,5.5
23667,0.5072,0,NORMAL,19.5,7.6,8.4,6.9
23668,0.5269,0,NORMAL,19.7,7.6,7.2,5.3
23669,0.5446,0,NORMAL,19.6,7.7,7.4,5.1
23670,0.5452,0,NORMAL,19.8,7.2,8.3,5.9
23671,0.5375,0,NORMAL,19.6,7.7,7.9,5.5
23672,0.5106,0,NORMAL,19.5,8.6,8.5,5.8
23673,0.5199,0,NORMAL,19.7,7.9,7.7,5.4
23674,0.5282,0,NORMAL,19.9,8.4,9.0,6.1
23675,0.5282,0,NORMAL,19.8,8.2,8.1,5.2
23676,0.537,0,NORMAL,19.8,7.8,7.2,5.5
23677,0.5537,0,NORMAL,19.7,8.2,8.9,6.1
23678,0.546,0,NORMAL,19.7,7.4,7.3,5.2
